省份,流域,断面名称,监测时间,水质类别,水温(℃),pH(无量纲),溶解氧(mg/L),电导率(μS/cm),浊度(NTU),高锰酸盐指数(mg/L),氨氮(mg/L),总磷(mg/L),总氮(mg/L),叶绿素α(mg/L),藻密度(cells/L),抓取时间
北京市,海河流域,鼓楼外大街,2026-07-26 00:00,2,23.81,7.71,7.4,480.01,15.439,2.82,0.032,0.021,3.868,,,2026-07-26 00:25:26
北京市,海河流域,广北滨河路,2026-07-26 00:00,2,24.32,7.98,8.37,445.67,12.97,2.4,0.016,0.025,3.643,,,2026-07-26 00:25:26
北京市,海河流域,沙窝,2026-07-26 00:00,3,27.68,7.31,14.49,843,6.028,5.19,0.167,0.091,6.013,,,2026-07-26 00:25:26
北京市,海河流域,新八里桥,2026-07-26 00:00,4,26.52,7.44,4.32,688.259,7.192,3.6,0.07,0.121,6.483,,,2026-07-26 00:25:26
北京市,海河流域,大红门闸上,2026-07-26 00:00,2,23.8,7.54,7.7,1043.9,16.262,2.62,,0.068,8.391,,,2026-07-26 00:25:26
北京市,海河流域,南大荒桥,2026-07-26 00:00,3,28.06,8.58,7.48,866.7,20.03,4.37,,0.049,2.288,,,2026-07-26 00:25:26
北京市,海河流域,清河闸,2026-07-26 00:00,2,23.83,7.68,6.73,800.41,6.374,2.42,,0.073,7.11,,,2026-07-26 00:25:26
北京市,海河流域,花园路,2026-07-26 00:00,2,22.99,7.45,6.69,791.026,22.954,2.48,0.012,0.087,8.089,,,2026-07-26 00:25:26
北京市,海河流域,白石桥,2026-07-26 00:00,1,22.58,7.89,8.73,435.83,3.294,1.62,0.033,0.014,3.009,,,2026-07-26 00:25:26
北京市,海河流域,八间房漫水桥,2026-07-26 00:00,3,29.2,7.71,5.75,947.01,12.4,2.88,,0.058,3.7333,,,2026-07-26 00:25:26
北京市,海河流域,码头,2026-07-26 00:00,3,28.28,7.27,5.51,964.92,20.557,2.86,,0.048,5.539,,,2026-07-26 00:25:26
北京市,海河流域,罗庄,2026-07-26 00:00,4,28.49,7.82,4.27,1114.728,8.507148,3.84,0.032,0.127,6.2931,,,2026-07-26 00:25:26
北京市,海河流域,小屯桥,2026-07-26 00:00,3,28.9,8.02,7.14,1193.439,17.81376,4.16,0.003,0.131,6.3031,,,2026-07-26 00:25:26
北京市,海河流域,东店,2026-07-26 00:00,2,23.31928,7.53,6.54,577.8766,25.29131,,0.031,,,,,2026-07-26 00:25:26
北京市,海河流域,密云水库,2026-07-26 00:00,2,28.4436,8.02,9.01,390.859,59.575,2.14,0.08,0.007,3.491554,,,2026-07-26 00:25:26
北京市,海河流域,大关桥,2026-07-26 00:00,3,28.81,8.35,14.8,435.62,38.51,4.25,0.237,0.065,5.3291,,,2026-07-26 00:25:26
北京市,海河流域,谷家营,2026-07-26 00:00,2,28.49,8.27,19.08,530.289,5.397,3.35,0.118,0.038,2.746,,,2026-07-26 00:25:26
天津市,海河流域,北洋桥,2026-07-26 00:00,6,27.67856,7.1,0.82,1225.744,23.78845,5.23,2.464,0.282,4.356376,,,2026-07-26 00:25:26
天津市,海河流域,大红桥,2026-07-26 00:00,6,28.42,7.39,1.89,1246.914,36.82872,5.05,1.371,0.126,3.7841,,,2026-07-26 00:25:26
天津市,海河流域,曹庄子泵站,2026-07-26 00:00,2,30.34,7.73,6.28,268.7,1.33,1.34,0.04,0.005,0.82,,,2026-07-26 00:25:26
天津市,海河流域,生产圈闸,2026-07-26 00:00,6,26.59531,7.47,0.35,985.3273,28.19275,4.11,1.66,0.191,2.721053,,,2026-07-26 00:25:26
天津市,海河流域,尔王庄泵站,2026-07-26 00:00,3,29.25,7.57,5.07,252.766,14.83815,2.09,,0.015,0.4181,,,2026-07-26 00:25:26
天津市,海河流域,海河大闸,2026-07-26 00:00,5,28.01,7.55,2,2760.876,6.5322,4.26,0.518,0.155,2.4504,,,2026-07-26 00:25:26
天津市,海河流域,北排水河防潮闸,2026-07-26 00:00,5,18.8,8.03,2.78,1838.7,39.773,3.99,0.009,0.066,0.8522,,,2026-07-26 00:25:26
天津市,海河流域,沧浪渠出境,2026-07-26 00:00,6,27.7,7.9,3.09,4648.7,107.348,9.3,1.564,0.409,5.1085,,,2026-07-26 00:25:26
天津市,海河流域,蓟运河防潮闸,2026-07-26 00:00,6,27.97514,7.18,1.92,744.6191,25.73355,5.81,0.743,0.243,2.767983,,,2026-07-26 00:25:26
天津市,海河流域,青静黄防潮闸,2026-07-26 00:00,6,26.56412,8.07,1.13,4996.132,11.41038,8.01,0.875,0.364,2.163082,,,2026-07-26 00:25:26
天津市,海河流域,马棚口防潮闸,2026-07-26 00:00,4,27.98,7.92,6.08,19051.8,42.9371,6.64,1.053,0.202,4.468,,,2026-07-26 00:25:26
天津市,海河流域,阎辛庄,2026-07-26 00:00,6,19.626,7.18,0.63,1336.604,36.6182,2.9,0.218,0.1,2.755769,,,2026-07-26 00:25:26
天津市,海河流域,于桥水库库中心,2026-07-26 00:00,4,28.01,,12.28,384.61,10.16,6.1,,0.034,3.145,0.03853,,2026-07-26 00:25:26
天津市,海河流域,黎河桥,2026-07-26 00:00,3,23.085,7.71,9.23,762.6,12.86,2.36,0.12,0.157,11.334,,,2026-07-26 00:25:26
天津市,海河流域,沙河桥,2026-07-26 00:00,2,22.38,7.72,6.34,598.67,25.777,1.7,0.185,0.085,9.453,,,2026-07-26 00:25:26
河北省,海河流域,下槐镇,2026-07-26 00:00,3,26.84,8.24,7.47,607.069,254.624,2.82,0.001,0.162,3.8803,,,2026-07-26 00:25:26
河北省,海河流域,地都,2026-07-26 00:00,2,22.62,7.94,6,1178.079,62.312,1.58,0.118,0.037,5.27,,,2026-07-26 00:25:26
河北省,海河流域,平山桥,2026-07-26 00:00,2,26.5,8,8.49,1165.51,21.446,1.42,0.014,0.032,5.987,,,2026-07-26 00:25:26
河北省,海河流域,兆通,2026-07-26 00:00,1,30.63,8.66,8.59,279.09,1.41,1.94,0.013,0.007,0.8301,,,2026-07-26 00:25:26
河北省,海河流域,大石桥,2026-07-26 00:00,4,27.68446,6.67,3.75,1034.698,26.63634,5.3,1.367,0.191,9.479697,,,2026-07-26 00:25:26
河北省,海河流域,涧河口,2026-07-26 00:00,4,26.91907,7.41,4.07,637.6121,22.5742,4.41,0.135,0.122,5.111244,,,2026-07-26 00:25:26
河北省,海河流域,丰北闸,2026-07-26 00:00,5,27.18162,7.48,7.83,722.6544,21.98822,6.44,0.483,0.361,5.727436,,,2026-07-26 00:25:26
河北省,海河流域,滦县大桥,2026-07-26 00:00,2,21.02,7.78,7.43,509.958,23.50317,2.69,0.07,0.066,5.1761,,,2026-07-26 00:25:26
河北省,海河流域,新开河口,2026-07-26 00:00,4,33.87719,6.91,4.97,45210.89,4.754852,2.06,0.167,0.044,1.235634,,,2026-07-26 00:25:26
河北省,海河流域,曲周,2026-07-26 00:00,4,31.13,7.41,3.61,861.406,32.219,4.09,1.25,0.141,3.659,,,2026-07-26 00:25:26
河北省,海河流域,沙阳,2026-07-26 00:00,4,31.37,8.1,19.49,1431.18,38.51,8.32,,0.095,2.1055,,,2026-07-26 00:25:26
河北省,海河流域,艾辛庄,2026-07-26 00:00,5,27.71105,7.43,5.87,793.4663,148.1046,7.65,0.484,0.333,6.094502,,,2026-07-26 00:25:26
河北省,海河流域,后西吴桥,2026-07-26 00:00,4,30.71,7.67,3.4,612.83,59.84,4.59,0.375,0.219,6.4778,,,2026-07-26 00:25:26
河北省,海河流域,白合,2026-07-26 00:00,3,24.39,8.15,7.89,488.88,382.06,4.58,,0.17,5.149,,,2026-07-26 00:25:26
河北省,海河流域,杜里村,2026-07-26 00:00,2,23.53,8.43,8.96,427.63,82.49,2.2,,0.087,2.3712,,,2026-07-26 00:25:26
河北省,海河流域,四道甸,2026-07-26 00:00,2,25.92,8.38,7.4,407.117,74.019,3.83,0.012,0.064,6.7581,,,2026-07-26 00:25:26
河北省,辽河流域,甸子,2026-07-26 00:00,2,20.05,7.84,7.17,361.46,33.33,2.77,0.003,0.08,4.579,,,2026-07-26 00:25:26
河北省,海河流域,何老营,2026-07-26 00:00,4,26.43315,7.79,3.99,3034.323,16.36078,5.32,,0.181,1.043378,,,2026-07-26 00:25:26
河北省,海河流域,大口河口,2026-07-26 00:00,5,27.49,7.8,4.75,9550.45,29.51,5.89,1.925,0.109,4.891,,,2026-07-26 00:25:26
河北省,海河流域,台头,2026-07-26 00:00,4,29.17797,7.46,4.54,919.2253,17.83923,3.66,0.094,0.052,0.6041,,,2026-07-26 00:25:26
河北省,海河流域,三小营,2026-07-26 00:00,5,28.39045,7.44,2.81,933.1462,12.2516,4.52,0.14,0.133,4.368561,,,2026-07-26 00:25:26
河北省,海河流域,南张村,2026-07-26 00:00,3,29.94,8.14,5.91,311.04,6.704,2.22,0.088,0.012,0.8112,,,2026-07-26 00:25:26
河北省,海河流域,膳马庙村北,2026-07-26 00:00,6,29.33,7.57,4.64,894.2653,35.0596,7.58,3.511,0.243,7.0057,,,2026-07-26 00:25:26
河北省,海河流域,烧车淀,2026-07-26 00:00,2,29.59,8.06,12.41,496.16,15.37,,,0.023,2.363,0.00156,4986604,2026-07-26 00:25:26
河北省,海河流域,圈头,2026-07-26 00:00,2,29.6,8,7.59,660.16,1.0392,2.99,0.074,0.023,0.949,0.00294,6884758,2026-07-26 00:25:26
河北省,海河流域,采蒲台,2026-07-26 00:00,2,29.27051,7.64,9.32,736.7665,0.100701,2.11,0.047,0.022,1.322989,0.001577,551817.8,2026-07-26 00:25:26
河北省,海河流域,光淀张庄,2026-07-26 00:00,3,29.55,7.67,6.04,554.31,6.28,3,0.029,0.026,1.901,0.00467,5671721,2026-07-26 00:25:26
山西省,黄河流域,韩武村,2026-07-26 00:00,5,28.6,8.48,8.57,1140.55,29.27,11.91,1.002,0.205,7.59,,,2026-07-26 00:25:26
山西省,黄河流域,上兰,2026-07-26 00:00,2,22.79,8.33,7.23,626.193,3.140296,1.41,0.015,,2.2331,,,2026-07-26 00:25:26
山西省,黄河流域,汾河水库出口,2026-07-26 00:00,1,25.04,8.26,7.93,729.973,6.679689,1.99,0.015,0.002,1.4851,0.0105169,299637,2026-07-26 00:25:26
山西省,海河流域,堡子湾,2026-07-26 00:00,3,22.28,8.1,5.52,785.586,29.64146,1.39,0.017,0.04,6.7001,,,2026-07-26 00:25:26
山西省,海河流域,册田水库出口,2026-07-26 00:00,3,23.99,8.25,6.61,1152.976,17.41316,4.33,0.109,0.088,0.7921,,,2026-07-26 00:25:26
山西省,海河流域,古家坡,2026-07-26 00:00,3,27.37,8.48,6.27,776.457,39.39314,6,0.013,0.11,1.4281,,,2026-07-26 00:25:26
山西省,海河流域,闫家庄大桥,2026-07-26 00:00,3,25.76,8.42,7.9,542.154,189.293,3.26,,0.127,1.7166,,,2026-07-26 00:25:26
山西省,海河流域,白羊墅,2026-07-26 00:00,3,25.79,7.73,5.62,2026.45,6.132,3.67,0.133,0.16,7.279,,,2026-07-26 00:25:26
山西省,海河流域,王家庄,2026-07-26 00:00,2,25.89,8.25,8.03,697.4,55.88,2.96,0.075,0.063,3.504,,,2026-07-26 00:25:26
山西省,海河流域,司徒桥,2026-07-26 00:00,4,26.99,7.66,4.99,491.1,35.3486,3.61,0.151,0.056,2.112,,,2026-07-26 00:25:26
山西省,海河流域,关河水库出口,2026-07-26 00:00,4,23.57,7.65,4.46,645.91,5.8,3.31,0.276,0.029,1.143,,,2026-07-26 00:25:26
山西省,海河流域,北寨,2026-07-26 00:00,4,24.99,7.55,3.84,715.3,46.81,4.58,0.167,0.134,5.1388,,,2026-07-26 00:25:26
山西省,黄河流域,龙头,2026-07-26 00:00,3,22.81,8.44,7.32,,107.53,4.21,,0.056,,,,2026-07-26 00:25:26
山西省,黄河流域,拴驴泉,2026-07-26 00:00,2,20.42,8.32,8.75,668.6401,39.0855,2.19,0.025,0.027,4.9716,,,2026-07-26 00:25:26
山西省,海河流域,东榆林水库出口,2026-07-26 00:00,2,25.08,8.28,11.49,697.456,15.44855,3.77,0.005,0.076,2.1391,,,2026-07-26 00:25:26
山西省,黄河流域,杀虎口,2026-07-26 00:00,3,21.43,8.28,7.12,494.327,45.19322,5.01,0.002,0.055,1.4141,,,2026-07-26 00:25:26
山西省,黄河流域,安固桥,2026-07-26 00:00,4,27.427,7.78,4.8,979.494,108.1395,3.72,0.03,0.126,6.4358,,,2026-07-26 00:25:26
山西省,黄河流域,郝村,2026-07-26 00:00,3,25.36,7.54,9.18,1409.009,24.0283,3.75,0.04,0.14,3.7963,,,2026-07-26 00:25:26
山西省,黄河流域,张留庄,2026-07-26 00:00,6,29.88,8.22,7.81,7895.475,227.971,9.64,3.636,0.349,12.589,,,2026-07-26 00:25:26
山西省,黄河流域,上亳城,2026-07-26 00:00,2,25.47,8.43,6.9,838.534,10.212,2.31,,0.064,4.3655,,,2026-07-26 00:25:26
山西省,黄河流域,小韩村,2026-07-26 00:00,6,25.45,7.36,1.01,1555.05,33.684,4.09,0.541,0.253,3.404,,,2026-07-26 00:25:26
山西省,海河流域,梵王寺,2026-07-26 00:00,2,20.08,7.89,6.21,1251.816,82.91692,2.89,0.185,0.059,4.9141,,,2026-07-26 00:25:26
山西省,海河流域,代县桥,2026-07-26 00:00,3,23.61,8.36,7.42,734.353,177.3325,2.18,0.012,0.121,4.3021,,,2026-07-26 00:25:26
山西省,海河流域,定襄桥,2026-07-26 00:00,4,28.13,8.49,5.39,736.895,1142.082,2.69,0.015,0.22,4.8891,,,2026-07-26 00:25:26
山西省,黄河流域,河西村,2026-07-26 00:00,4,24.79,8.42,6.85,613.6,480.48,7.06,,0.293,6.529,,,2026-07-26 00:25:26
山西省,黄河流域,上平望,2026-07-26 00:00,3,29.01,7.55,5.04,1140.8,300.14,5.03,0.088,0.048,6.733,,,2026-07-26 00:25:26
山西省,黄河流域,黑城村,2026-07-26 00:00,2,26.25,8.05,7.65,684.0598,4452.281,3.57,0.125,0.077,4.665,,,2026-07-26 00:25:26
山西省,黄河流域,南姚,2026-07-26 00:00,4,28.94,8.16,10.41,826.97,36.88,6.05,0.612,0.097,3.707,,,2026-07-26 00:25:26
内蒙古自治区,松花江流域,根河口内,2026-07-26 00:00,5,22.1,6.79,6.33,97.05,43.78,10.6,,0.059,0.428,,,2026-07-26 00:25:26
内蒙古自治区,松花江流域,成吉思汗,2026-07-26 00:00,3,22.76,7.02,7.89,125.04,37.42,4.25,,0.049,1.44,,,2026-07-26 00:25:26
内蒙古自治区,松花江流域,讷尔克气,2026-07-26 00:00,4,16.77,7.05,8.74,65.346,19.095,7.01,,0.026,0.246,,,2026-07-26 00:25:26
辽宁省,辽河流域,于台,2026-07-26 00:00,4,22.46,7.03,4.6,789.145,5.874,3.69,0.051,0.07,7.215,,,2026-07-26 00:25:26
辽宁省,辽河流域,巨流河大桥,2026-07-26 00:00,5,24.74,7.71,7.43,409.3,514.3,10.18,,0.275,5.988,,,2026-07-26 00:25:26
辽宁省,辽河流域,登化,2026-07-26 00:00,4,29.1817,8.47,19.26,581.692,35.1705,8.87,0.043,0.17,3.543,,,2026-07-26 00:25:26
辽宁省,辽河流域,关门山大桥,2026-07-26 00:00,2,22.39,7.93,7.32,371.395,5.308,1.14,,0.015,6.419,,,2026-07-26 00:25:26
辽宁省,辽河流域,凤鸣电站,2026-07-26 00:00,2,18.62,7.76,8.82,200.11,31.823,2.46,0.022,0.059,3.897,,,2026-07-26 00:25:26
辽宁省,辽河流域,王家沟,2026-07-26 00:00,2,24.91,8.12,8.19,741.72,18.31,2.19,,0.041,4.835,,,2026-07-26 00:25:26
辽宁省,辽河流域,张家堡,2026-07-26 00:00,2,27.54,8.25,7.52,690.33,28.06,3.97,0.003,0.075,5.548,,,2026-07-26 00:25:26
辽宁省,辽河流域,女儿河入河口,2026-07-26 00:00,2,27.7,7.98,10.26,790.11,17.02,2.66,,0.043,7.385,,,2026-07-26 00:25:26
辽宁省,辽河流域,何家信子,2026-07-26 00:00,2,23.49,8.02,7.43,468.4,8.59,3.02,0.06,0.071,2.238,,,2026-07-26 00:25:26
辽宁省,辽河流域,高台子,2026-07-26 00:00,6,18.91,7.58,0.65,867.871,221.407,9.87,0.036,0.293,5.654,,,2026-07-26 00:25:26
辽宁省,辽河流域,下口子,2026-07-26 00:00,3,21.76,7.83,8.25,379.3,1186.49,3.26,0.055,0.104,4.691,,,2026-07-26 00:25:26
辽宁省,辽河流域,二道河水库口,2026-07-26 00:00,2,22.4149,8.07,6.21,387.246,3.24077,1.2,0.001,0.009,4.536,,,2026-07-26 00:25:26
辽宁省,辽河流域,下王家,2026-07-26 00:00,2,21.126,7.68,8.65,338.003,31.4263,2.89,0.014,0.048,4.902,,,2026-07-26 00:25:26
辽宁省,辽河流域,汤河桥,2026-07-26 00:00,1,21.32,7.86,7.71,390.8,5.27453,1.12,0.017,0.019,2.356,,,2026-07-26 00:25:26
辽宁省,辽河流域,下达河入汤河水库口,2026-07-26 00:00,2,23.9283,8.06,6.83,442.141,5.634,1.93,0.008,0.021,6.302,,,2026-07-26 00:25:26
辽宁省,辽河流域,胜利塘,2026-07-26 00:00,6,28.52,7.73,1.76,659.8,74.8,7.66,,0.135,1.87,,,2026-07-26 00:25:26
辽宁省,辽河流域,鲜峰桥,2026-07-26 00:00,4,29.17,8.94,,550.473,11.001,9.38,0.021,0.141,9.116,,,2026-07-26 00:25:26
辽宁省,辽河流域,松树水文站,2026-07-26 00:00,2,26.73,7.61,7.06,394.98,23.26,2.75,,0.066,11.154,,,2026-07-26 00:25:26
辽宁省,辽河流域,亮子河入河口,2026-07-26 00:00,4,26.73,7.53,5.66,560.66,57.78,5.36,0.029,0.27,4.913,,,2026-07-26 00:25:26
辽宁省,辽河流域,大凌河西支入河口,2026-07-26 00:00,2,20.65,8.13,7.59,788.57,179.938,3.54,0.004,0.098,15.333,,,2026-07-26 00:25:26
辽宁省,辽河流域,李家湾大桥,2026-07-26 00:00,2,20.9,7.86,7.42,552.9,34.4,0.64,,0.029,4.727,,,2026-07-26 00:25:26
辽宁省,辽河流域,红石碑入海前,2026-07-26 00:00,2,27.7,8.46,20.9,921.977,13.743,3.64,0.018,0.076,7.539,,,2026-07-26 00:25:26
吉林省,松花江流域,镇江口,2026-07-26 00:00,4,23.69,6.9,6.6,210.6,215.84,5.69,,0.205,4.853,,,2026-07-26 00:25:26
吉林省,松花江流域,周家河口,2026-07-26 00:00,3,18.58,7.41,7.2,473.52,191.04,5.17,0.043,0.164,2.671,,,2026-07-26 00:25:26
吉林省,松花江流域,哨口,2026-07-26 00:00,3,20.0835,7.07,9.33,160.846,227.044,5.09,0.12,0.2,7.7159,,,2026-07-26 00:25:26
吉林省,松花江流域,烟筒山,2026-07-26 00:00,4,25.61,7.48,7.37,291.154,190.446,6.16,0.172,0.231,9.605,,,2026-07-26 00:25:26
吉林省,辽河流域,六家子,2026-07-26 00:00,5,23.7,7.59,6.45,605.7,227.4,6.33,,0.362,9.3885,,,2026-07-26 00:25:26
吉林省,辽河流域,林家,2026-07-26 00:00,4,25.64,7.97,10.01,1004.368,50.1939,8.16,,0.183,8.333,,,2026-07-26 00:25:26
吉林省,辽河流域,河清,2026-07-26 00:00,6,20.76,7.16,6.65,307.5,635.36,11.45,,0.44,7.135,,,2026-07-26 00:25:26
吉林省,辽河流域,老虎哨,2026-07-26 00:00,2,20.067,7.28,7.46,107.366,22.7683,2.08,0.015,0.021,2.429,,,2026-07-26 00:25:26
吉林省,辽河流域,鸠谷,2026-07-26 00:00,2,18,7.57,8.42,108.6,27.6,3.16,0.074,0.079,1.553,,,2026-07-26 00:25:26
吉林省,松花江流域,月亮湖下,2026-07-26 00:00,4,27.6,7.22,4.23,139.02,102.83,8.1,,0.196,2.039,,,2026-07-26 00:25:26
吉林省,松花江流域,建封路大桥,2026-07-26 00:00,2,14.41,7.64,9.08,210.192,25.563,1.46,0.032,0.07,0.772,,,2026-07-26 00:25:26
黑龙江省,松花江流域,查哈阳乡,2026-07-26 00:00,4,23.5,7.39,7.96,98.2,96.6,7.34,,0.077,0.889,,,2026-07-26 00:25:26
黑龙江省,松花江流域,江桥,2026-07-26 00:00,3,26.28,7.47,6.62,146.747,162.794,5.73,,0.091,3.346,,,2026-07-26 00:25:26
黑龙江省,松花江流域,富源村,2026-07-26 00:00,5,24.15,7.41,6.19,98.46,112.11,11.23,0.001,0.137,1.084,,,2026-07-26 00:25:26
黑龙江省,松花江流域,嫩江口内,2026-07-26 00:00,4,27.32,7.01,4.23,134.083,98.156,7.86,,0.134,1.975,,,2026-07-26 00:25:26
黑龙江省,松花江流域,友好,2026-07-26 00:00,5,22.74,7.21,7.97,99.253,19.329,10.69,0.022,0.058,0.987,,,2026-07-26 00:25:26
黑龙江省,松花江流域,嘉荫,2026-07-26 00:00,5,21.42,7.08,7.79,83.062,47.008,14.5,0.028,0.068,0.739,,,2026-07-26 00:25:26
黑龙江省,松花江流域,双河渠首,2026-07-26 00:00,5,22.28,6.94,7.53,110,579.1,11.88,0.037,0.299,3.354,,,2026-07-26 00:25:26
黑龙江省,松花江流域,海浪,2026-07-26 00:00,4,22.08,7.04,8.8,91.8,202.38,7.56,0.066,0.116,3.988,,,2026-07-26 00:25:26
黑龙江省,松花江流域,黑河下,2026-07-26 00:00,5,20.45,7.43,7.62,98.4457,45.4666,14.28,,0.06,0.5123,,,2026-07-26 00:25:26
黑龙江省,松花江流域,呼玛河口内,2026-07-26 00:00,4,19.16,7.28,8.25,64.616,5.68,7.44,0.021,0.029,0.325,,,2026-07-26 00:25:26
黑龙江省,松花江流域,加格达奇上,2026-07-26 00:00,4,15.74,6.94,8.78,60.803,17.4157,6.4,,0.021,0.257,,,2026-07-26 00:25:26
上海市,长江流域,富锦路桥,2026-07-26 00:00,4,33,7.7,4.08,424.4,80.4,3.2,0.017,0.164,2.171,,,2026-07-26 00:25:26
上海市,太湖流域,临江,2026-07-26 00:00,5,32.2,7.36,2.72,472.47,34.44,4.53,0.083,0.14,2.222,,,2026-07-26 00:25:26
上海市,太湖流域,闵行西界,2026-07-26 00:00,4,32.48,7.33,3,462.48,28.57,4.06,0.231,0.144,2.41,,,2026-07-26 00:25:26
上海市,太湖流域,吴淞口,2026-07-26 00:00,3,30.241,7.81,5.8,323.694,21.963,3.53,,0.134,2.017,,,2026-07-26 00:25:26
上海市,太湖流域,蕴川路桥,2026-07-26 00:00,3,31.07,7.73,5.37,320.54,47.66,2.59,,0.119,1.998,,,2026-07-26 00:25:26
上海市,太湖流域,三甲港,2026-07-26 00:00,3,30.69,7.84,6.6,330.4,76.19,2.69,0.134,0.122,1.555,,,2026-07-26 00:25:26
上海市,太湖流域,急水港桥,2026-07-26 00:00,4,32.27,7.33,4.02,491.6,12.9,3.97,,0.075,1.223,0.0071,6272518,2026-07-26 00:25:26
江苏省,长江流域,节制闸,2026-07-26 00:00,4,31.12,8.1,19.46,417.86,28.26,7.9,0.272,0.17,2.384,,,2026-07-26 00:25:26
江苏省,长江流域,钱家渡,2026-07-26 00:00,3,32.52,7.79,5.86,218.96,54.01,3.76,,0.083,1.54,,,2026-07-26 00:25:26
江苏省,太湖流域,锡东水厂,2026-07-26 00:00,3,33,8.42,6.82,448.93,25.81,2.4,0.003,0.029,0.497,0.00356,2902860,2026-07-26 00:25:26
江苏省,太湖流域,兰山嘴,2026-07-26 00:00,5,31.86,8.97,8.3,403.95,126.41,5,0.009,0.117,1.22,0.00969,2.115311,2026-07-26 00:25:26
江苏省,太湖流域,百渎港桥,2026-07-26 00:00,4,33.04,7.5,4.07,414.3,33.15,3.15,0.042,0.116,1.719,,,2026-07-26 00:25:26
江苏省,太湖流域,大浦港桥,2026-07-26 00:00,4,32.78,7.54,3.5,466.5,73.3,4.73,,0.117,1.795,,,2026-07-26 00:25:26
江苏省,太湖流域,拖山,2026-07-26 00:00,4,32.72,8.44,6.92,430.62,67.71,4.76,,0.055,0.724,0.00872,1.003801,2026-07-26 00:25:26
江苏省,太湖流域,五里湖心,2026-07-26 00:00,4,33.05,8.86,9.64,465.66,20.19576,5.23,,0.068,0.525,0.01433,2.12687,2026-07-26 00:25:26
江苏省,太湖流域,大港桥,2026-07-26 00:00,2,31.6,8.68,9.59,153.68,1.99,2.77,0.029,0.028,1.52,,,2026-07-26 00:25:26
江苏省,长江流域,小湾,2026-07-26 00:00,3,30,7.71,5.18,262.43,31.41,1.73,,0.073,1.618,,,2026-07-26 00:25:26
江苏省,淮河流域,港上桥,2026-07-26 00:00,6,31.1,7.06,0.5,539,2.62,4.51,0.15,0.108,2.667,,,2026-07-26 00:25:26
江苏省,淮河流域,沙庄桥,2026-07-26 00:00,4,31.33,7.95,7.38,1361.5,24.7,7.09,0.218,0.095,1.238,,,2026-07-26 00:25:26
江苏省,长江流域,魏村,2026-07-26 00:00,3,30.36,7.67,5.23,267.73,37.15,1.96,,0.082,1.645,,,2026-07-26 00:25:26
江苏省,太湖流域,姚巷桥,2026-07-26 00:00,3,33.26,7.58,7.14,417.72,13.72,4.8,0.082,0.101,2.586,,,2026-07-26 00:25:26
江苏省,太湖流域,胥湖心,2026-07-26 00:00,1,32.51,,8.8,351.86,8.77,1.92,,0.01,0.209,0.0005,422649.3,2026-07-26 00:25:26
江苏省,太湖流域,千灯浦口,2026-07-26 00:00,4,31.93,7.23,4.44,595.797,39.715,4.79,0.097,0.13,1.1795,,,2026-07-26 00:25:26
江苏省,太湖流域,朱厍港口,2026-07-26 00:00,5,31,7.14,2.62,579.4,49.5,4.38,,0.096,0.817,,,2026-07-26 00:25:26
江苏省,太湖流域,浏河闸,2026-07-26 00:00,4,30.63,7.89,4.98,322.818,54.787,4.54,0.003,0.142,2.3796,,,2026-07-26 00:25:26
江苏省,太湖流域,瓜泾口西,2026-07-26 00:00,2,33.05,8.74,8.16,394.6,5.49,3.1,,0.025,0.458,,,2026-07-26 00:25:26
江苏省,太湖流域,航管站,2026-07-26 00:00,2,33.83,8.39,6.41,444.58,28.2,2.5,,0.015,0.585,,,2026-07-26 00:25:26
江苏省,太湖流域,赵屯,2026-07-26 00:00,4,31.68,7.56,4.96,740.474,54.017,3.98,0.043,0.148,2.645,,,2026-07-26 00:25:26
江苏省,淮河流域,东安闸桥西,2026-07-26 00:00,6,32.09,7.32,3.22,993.6,42.34,7.98,1.682,0.416,3.761,,,2026-07-26 00:25:26
江苏省,长江流域,塘芦港闸,2026-07-26 00:00,4,32.621,7.74,4.94,1517.08,5.275,4.94,0.118,0.266,1.406,,,2026-07-26 00:25:26
江苏省,淮河流域,小洋口,2026-07-26 00:00,6,29.91,7.45,2.54,1028.6,22.68,7.69,1.771,0.43,3.74,,,2026-07-26 00:25:26
江苏省,淮河流域,总渠苏嘴,2026-07-26 00:00,6,26.87,7.18,1.71,532.83,26.78,3.78,0.178,0.14,1.892,,,2026-07-26 00:25:26
江苏省,淮河流域,槐泗河口,2026-07-26 00:00,4,31.04,7.76,6.64,420.4,161.48,6.44,0.132,0.119,0.002,,,2026-07-26 00:25:26
江苏省,淮河流域,大运河船闸,2026-07-26 00:00,4,32.75,7.33,3.32,457.1,51.2,6.85,0.991,0.163,3.786,,,2026-07-26 00:25:26
江苏省,淮河流域,曹庄桥,2026-07-26 00:00,6,29.84,7.12,1.78,581.5,27.5,8.06,1.784,0.274,4.155,,,2026-07-26 00:25:26
江苏省,太湖流域,辛丰镇,2026-07-26 00:00,4,30.7,7.8,4.72,280.9,26.88,2.34,0.057,0.083,1.507,,,2026-07-26 00:25:26
江苏省,太湖流域,林家闸,2026-07-26 00:00,3,30.19,7.69,5.98,259.4,30.2,1.92,,0.152,1.9167,,,2026-07-26 00:25:26
江苏省,太湖流域,新港桥,2026-07-26 00:00,2,31.95,7.55,6.14,283.3,4.4,2.19,0.024,0.038,0.968,,,2026-07-26 00:25:26
江苏省,太湖流域,吕城,2026-07-26 00:00,4,31.06,7.52,4.31,296.37,36.45,2.58,,0.12,1.64,,,2026-07-26 00:25:26
江苏省,淮河流域,海陵大桥,2026-07-26 00:00,6,30.78,7.29,1.65,528,21.97,6.25,0.827,0.166,3.122,,,2026-07-26 00:25:26
江苏省,长江流域,马甸闸西,2026-07-26 00:00,2,31.24,8.16,8.43,352.6,34.46,3.21,0.011,0.062,1.788,,,2026-07-26 00:25:26
江苏省,长江流域,祥和大桥,2026-07-26 00:00,5,31.1,7.36,2.46,432.2,7.23,3.3,0.893,0.175,2.287,,,2026-07-26 00:25:26
江苏省,淮河流域,临淮乡入湖口,2026-07-26 00:00,6,33.23,8.53,13.04,672.8,15.59,10.06,0.346,0.741,3.377,,,2026-07-26 00:25:26
浙江省,浙闽片河流,小金山,2026-07-26 00:00,2,32.34,,11.79,135.091,6.302,2.35,0.005,0.02,0.7116,,,2026-07-26 00:25:26
浙江省,浙闽片河流,三潭岛,2026-07-26 00:00,2,30.46,,12.08,127.592,3.595,2.12,,0.015,0.5682,,,2026-07-26 00:25:26
浙江省,浙闽片河流,千岛湖大坝前,2026-07-26 00:00,1,31.91,,9.32,126.851,2.076,1.3,0.021,0.008,0.5512,,,2026-07-26 00:25:26
浙江省,浙闽片河流,清林渡,2026-07-26 00:00,5,32.186,7.2,2.93,346.272,40.242,5.67,0.428,0.147,3.422,,,2026-07-26 00:25:26
浙江省,浙闽片河流,梁桥,2026-07-26 00:00,2,30.89,8.38,10.42,112.19,1.63,1.45,0.004,0.052,1.803,,,2026-07-26 00:25:26
浙江省,浙闽片河流,小旦,2026-07-26 00:00,2,27.93217,6.5,6.88,78.58404,22.88455,1.05,0.056,0.042,1.50176,,,2026-07-26 00:25:26
浙江省,浙闽片河流,蒲岐,2026-07-26 00:00,3,31.71,7.12,5.06,194,36.7,2.19,0.072,0.124,1.873005,,,2026-07-26 00:25:26
浙江省,浙闽片河流,沙头,2026-07-26 00:00,1,30.28,7.43,7.95,47.255,2.716,1.92,0.034,0.012,0.5924,,,2026-07-26 00:25:26
浙江省,太湖流域,杨家浦,2026-07-26 00:00,3,33.50608,7.66,5.41,405.6747,33.7439,3.51,0.008,0.082,2.132322,,,2026-07-26 00:25:26
浙江省,浙闽片河流,曹娥江大闸闸前,2026-07-26 00:00,6,31.672,9.68,12.46,291.95,21.102,4.33,0.012,0.066,1.944,,,2026-07-26 00:25:26
浙江省,浙闽片河流,塔下洲,2026-07-26 00:00,3,33.18,8.85,13.36,516.329,58.892,5.87,0.066,0.12,3.1152,,,2026-07-26 00:25:26
浙江省,浙闽片河流,费垅,2026-07-26 00:00,3,31.99,7.5,7.82,335.797,11.934,3.44,0.176,0.173,2.7801,,,2026-07-26 00:25:26
浙江省,浙闽片河流,台口,2026-07-26 00:00,2,29.54,7.77,6.81,129.629,11.712,1.66,0.029,0.057,1.4039,,,2026-07-26 00:25:26
浙江省,浙闽片河流,南江桥,2026-07-26 00:00,3,31.55,7.84,5.41,369.016,3.58,3.61,0.026,0.134,2.1898,,,2026-07-26 00:25:26
浙江省,浙闽片河流,横山,2026-07-26 00:00,2,30.96,7.56,7.71,173.279,4.432,1.47,0.016,0.027,1.217,,,2026-07-26 00:25:26
浙江省,浙闽片河流,章店,2026-07-26 00:00,6,32.47,9.1,7.02,266.525,5.766,5.3,0.037,0.164,1.9767,,,2026-07-26 00:25:26
浙江省,浙闽片河流,老鼠屿,2026-07-26 00:00,2,31.21,7.27,7.43,,,3.18,0.019,0.063,1.128,,,2026-07-26 00:25:26
浙江省,浙闽片河流,金清新闸,2026-07-26 00:00,4,30.01,7.35,4.32,1278.188,25.989,4.29,0.189,0.16,2.3342,,,2026-07-26 00:25:26
浙江省,浙闽片河流,里石门水库,2026-07-26 00:00,2,31.71,,10.81,73.291,2.338,3.1,0.0003,0.016,0.5687,0.00786,1456646,2026-07-26 00:25:26
浙江省,浙闽片河流,永宁江口,2026-07-26 00:00,6,32.21,9.15,10.23,137.381,42.83,3.28,0.058,0.1,1.5508,,,2026-07-26 00:25:26
浙江省,浙闽片河流,沙段,2026-07-26 00:00,2,31.2,7.18,6.68,120.28,4.873,2.99,0.034,0.055,1.6674,,,2026-07-26 00:25:26
浙江省,浙闽片河流,沙湾上,2026-07-26 00:00,1,25.13,7.34,8.66,29.939,4.603,1.31,0.091,0.011,0.2798,,,2026-07-26 00:25:26
浙江省,浙闽片河流,小溪口,2026-07-26 00:00,1,24.65,7.08,7.65,38.105,7.115,1.41,,0.013,0.4877,,,2026-07-26 00:25:26
安徽省,巢湖流域,兆河入湖口渡口,2026-07-26 00:00,4,33.14,7.44,9.8,289.907,18.8689,6.85,0.586,0.052,3.3863,,,2026-07-26 00:25:26
安徽省,巢湖流域,牛角大圩,2026-07-26 00:00,6,29.89,7.19,1.51,436.695,41.1171,5.71,0.092,0.132,2.397,,,2026-07-26 00:25:26
安徽省,巢湖流域,希望桥,2026-07-26 00:00,4,31.1,7.24,3.83,478.1,6.5,3.23,0.975,0.143,4.552,,,2026-07-26 00:25:26
安徽省,巢湖流域,湖滨,2026-07-26 00:00,5,31.13,,10.75,297.72,50.58,5.13,,0.112,0.999,0.00678,2.478524,2026-07-26 00:25:26
安徽省,巢湖流域,黄麓,2026-07-26 00:00,3,31.8,,12.05,392.31,11.066,5.94,,0.05,0.463,0.00622,2264584,2026-07-26 00:25:26
安徽省,巢湖流域,靠近大坝,2026-07-26 00:00,2,31.86,6.56,7.58,159.67,4.78,2.48,,0.015,0.622,0.01116,2907986,2026-07-26 00:25:26
安徽省,巢湖流域,新河入湖区,2026-07-26 00:00,4,29.73,7.21,8.22,179.43,12.34,5.49,0.331,0.073,2.086,0.01117,1.634759,2026-07-26 00:25:26
安徽省,巢湖流域,西半湖湖心,2026-07-26 00:00,5,32.34,,15.22,370.54,40.82,6.29,,0.105,0.901,0.00586,3.543042,2026-07-26 00:25:26
安徽省,巢湖流域,龟山,2026-07-26 00:00,3,32.5,8.78,11.38,408.4,14.44,3.76,,0.036,0.307,0.00478,5773680,2026-07-26 00:25:26
安徽省,巢湖流域,东半湖湖心,2026-07-26 00:00,3,32.053,,11.82,428.317,13.887,5.98,,0.042,0.627,0.0052,1.906825,2026-07-26 00:25:26
安徽省,巢湖流域,忠庙,2026-07-26 00:00,4,31.43,,15.12,260.91,61.85,5.58,,0.071,1.149,0.01122,2.309641,2026-07-26 00:25:26
安徽省,巢湖流域,兆河入湖区,2026-07-26 00:00,4,30.9,,16.29,327.31,100.15,8.41,,0.042,0.928,0.00497,3.356057,2026-07-26 00:25:26
安徽省,淮河流域,焦岗湖,2026-07-26 00:00,3,30.93,8.76,10.1,618.8,16.11,5.63,0.01,0.03,0.399,0.00794,7133874,2026-07-26 00:25:26
安徽省,淮河流域,小王桥,2026-07-26 00:00,3,31.24,8.13,14.66,1541.9,11.36,4.69,0.008,0.07,1.596,,,2026-07-26 00:25:26
安徽省,长江流域,太平湖湖心,2026-07-26 00:00,2,32.11,,12.06,99.62,3.84,2.71,,0.022,0.458,0.012,7529171,2026-07-26 00:25:26
安徽省,淮河流域,奎河苏皖省界,2026-07-26 00:00,4,30.22,7.2,4.93,849,28.9,6.84,0.524,0.227,4.631,,,2026-07-26 00:25:26
安徽省,长江流域,南漪湖西湖湖心,2026-07-26 00:00,4,32.69,,10.57,192.77,8.92,5.79,0.004,0.062,1.119,0.01087,8316437,2026-07-26 00:25:26
福建省,浙闽片河流,永泰横龙,2026-07-26 00:00,2,29.722,8.65,8.76,38.178,23.982,2.04,0.028,0.015,0.454,,,2026-07-26 00:25:26
福建省,浙闽片河流,闽清雄江,2026-07-26 00:00,2,31.68,8.42,7.53,107.754,2.9,2.33,0.02,0.018,1.083,,,2026-07-26 00:25:26
福建省,浙闽片河流,隘头潭,2026-07-26 00:00,2,29.79,6.28,6.22,184.276,2.067,1.9,0.059,0.059,0.304,,,2026-07-26 00:25:26
福建省,浙闽片河流,尤溪拥口大桥,2026-07-26 00:00,5,29.47,6.89,2.94,124.09,15.406,3.65,0.141,0.076,1.76,,,2026-07-26 00:25:26
福建省,浙闽片河流,南安康美桥,2026-07-26 00:00,3,28.74,7.23,6.71,138.147,5.908,2.2,0.705,0.094,2.1349,,,2026-07-26 00:25:26
福建省,浙闽片河流,永春东关桥,2026-07-26 00:00,3,29.75,6.73,5.28,149.0849,12.08283,1.52,0.054,0.067,2.209,,,2026-07-26 00:25:26
福建省,浙闽片河流,安溪罗内桥,2026-07-26 00:00,2,30.973,7.27,6.18,126.3,9.077,0.69,0.323,0.08,2.394,,,2026-07-26 00:25:26
福建省,浙闽片河流,南安霞东桥,2026-07-26 00:00,2,32.03,7.27,6.6,156.503,8.064,1.82,0.211,0.071,2.2473,,,2026-07-26 00:25:26
福建省,浙闽片河流,华安西陂,2026-07-26 00:00,3,28.63236,7.17,5.63,244.9779,19.6412,1.75,0.096,0.098,1.639,,,2026-07-26 00:25:26
福建省,浙闽片河流,南靖靖城桥,2026-07-26 00:00,2,29.52,6.58,6.38,145.3,8.717,1.82,0.095,0.054,4.077,,,2026-07-26 00:25:26
福建省,浙闽片河流,诏安澳子头,2026-07-26 00:00,3,29.11,6.95,5.5,104.155,5.744,2.73,0.179,0.172,1.8307,,,2026-07-26 00:25:26
福建省,浙闽片河流,南靖洪濑汤坑桥,2026-07-26 00:00,2,29.788,6.75,6.39,232.6,19.053,1.39,0.004,0.057,12.951,,,2026-07-26 00:25:26
福建省,浙闽片河流,浦南水文站,2026-07-26 00:00,2,29.27983,7.22,7.16,195.3,18.775,1.36,0.089,0.074,1.46,,,2026-07-26 00:25:26
福建省,浙闽片河流,南溪浮宫桥,2026-07-26 00:00,3,30.77,7.3,5.15,13292.33,19.829,3.4,0.198,0.115,3.4372,,,2026-07-26 00:25:26
福建省,浙闽片河流,上坂,2026-07-26 00:00,3,31.07,6.51,5,196.81,23.513,2.26,0.226,0.111,3.8225,,,2026-07-26 00:25:26
福建省,浙闽片河流,云霄高塘渡口,2026-07-26 00:00,3,28.94,6.75,5.19,154.6,10.035,1.56,0.112,0.096,5.6279,,,2026-07-26 00:25:26
福建省,浙闽片河流,水汾桥,2026-07-26 00:00,2,30.59,7.04,6.66,233.45,6.21,2.06,0.061,0.068,1.666,,,2026-07-26 00:25:26
福建省,浙闽片河流,建瓯蓬墩,2026-07-26 00:00,2,31.375,6.74,6.01,64.39,9.18,1.86,0.13,0.037,1.472,,,2026-07-26 00:25:26
福建省,浙闽片河流,将乐樟应,2026-07-26 00:00,2,30.92381,7.8,9.15,83.107,2.93548,2.5,0.007,0.016,0.801,,,2026-07-26 00:25:26
福建省,浙闽片河流,建阳坪州大桥,2026-07-26 00:00,2,31.16,7.13,7.4,89.99,6.777,2.11,0.015,0.052,1.421,,,2026-07-26 00:25:26
福建省,浙闽片河流,雁石桥,2026-07-26 00:00,2,27.9,7.51,7.53,296.481,25.984,1.46,0.045,0.078,1.691,,,2026-07-26 00:25:26
福建省,珠江流域,长汀美西桥,2026-07-26 00:00,3,28.53,7.11,7.25,136.111,9.833,1.71,0.116,0.101,1.3777,,,2026-07-26 00:25:26
福建省,浙闽片河流,八都,2026-07-26 00:00,3,30.25,7.12,5.51,57.475,2.198,1.94,0.019,0.066,1.235,,,2026-07-26 00:25:26
江西省,长江流域,大港,2026-07-26 00:00,4,31.13,6.66,4.69,173.85,25.92,2.2,0.088,0.071,1.531,,,2026-07-26 00:25:26
江西省,长江流域,昌邑,2026-07-26 00:00,2,29.25,7.91,6.09,173.87,19.54,2.64,0.022,0.074,1.791,,,2026-07-26 00:25:26
江西省,长江流域,八一桥,2026-07-26 00:00,2,31.88,7,6.61,153.333,18.816,3.21,0.242,0.081,1.4259,,,2026-07-26 00:25:26
江西省,长江流域,焦石坝,2026-07-26 00:00,2,30.83,7.38,9.06,107.15,18.4,3.09,,0.058,1.6136,,,2026-07-26 00:25:26
江西省,长江流域,戴村,2026-07-26 00:00,2,31.14,7.62,8.18,213.721,12.53,1.85,0.09,0.031,0.903,,,2026-07-26 00:25:26
江西省,长江流域,龙山口,2026-07-26 00:00,2,29.91,8.34,7.91,295.465,8.068,2.2,0.054,0.051,0.7734,,,2026-07-26 00:25:26
江西省,长江流域,桐车湾,2026-07-26 00:00,4,31.92,7.78,4.38,332.661,17.987,3.4,0.121,0.148,1.6675,,,2026-07-26 00:25:26
江西省,长江流域,金鱼石,2026-07-26 00:00,3,31.7,7.41,5.23,326.66,3.18,2.18,0.036,0.102,1.92,,,2026-07-26 00:25:26
江西省,长江流域,吴城修河,2026-07-26 00:00,2,28.112,7.01,7.43,100.31,17.06,1.89,0.013,0.032,1.1663,,,2026-07-26 00:25:26
江西省,长江流域,潦河河口,2026-07-26 00:00,2,30.28,6.71,7.18,86.89,37.066,2.33,0.05,0.067,1.4339,,,2026-07-26 00:25:26
江西省,长江流域,柘林湖坝上,2026-07-26 00:00,1,30.55,8.37,9.96,106.39,0.784,1.78,,0.008,0.793,,,2026-07-26 00:25:26
江西省,长江流域,共青城寨下,2026-07-26 00:00,2,30.3,7.5,7.42,292,22.4,3.02,0.078,0.073,1.831,,,2026-07-26 00:25:26
江西省,长江流域,罗坊,2026-07-26 00:00,3,31.82,7.82,6.57,233.063,30.885,3.49,0.228,0.114,1.2044,,,2026-07-26 00:25:26
江西省,长江流域,孔目江江口,2026-07-26 00:00,2,30.71,7.87,7.09,264.567,17.513,3.61,0.06,0.077,1.3547,,,2026-07-26 00:25:26
江西省,长江流域,浮桥,2026-07-26 00:00,3,31,7.58,5.78,215.006,11.941,3.65,0.123,0.077,1.2556,,,2026-07-26 00:25:26
江西省,长江流域,傣家村,2026-07-26 00:00,3,31.79,8.78,7.3,187.625,6.512,4.16,0.095,0.033,0.8775,0.00788,2.033928,2026-07-26 00:25:26
江西省,长江流域,白塔河河口,2026-07-26 00:00,2,30.8,6.64,6.18,80.525,7.596,2.75,0.127,0.054,1.0885,,,2026-07-26 00:25:26
江西省,长江流域,土桥,2026-07-26 00:00,2,30.46,7.25,6.34,143.744,5.775,2.63,0.048,0.073,1.267,,,2026-07-26 00:25:26
江西省,长江流域,流口村,2026-07-26 00:00,2,31.7,6.94,6.23,145.7552,6.705232,2.03,0.004,0.09,1.595458,,,2026-07-26 00:25:26
江西省,长江流域,市自来水厂,2026-07-26 00:00,2,30.15,7.29,7.29,102.144,7.239,1.76,0.072,0.034,0.9357,,,2026-07-26 00:25:26
江西省,长江流域,新庙前,2026-07-26 00:00,2,31.08,7.51,7.49,156.38,27.588,2.15,0.045,0.035,1.5922,,,2026-07-26 00:25:26
江西省,长江流域,赣县梅林,2026-07-26 00:00,2,24.37,6.22,7.77,,6.017,2.34,0.309,0.084,1.8861,,,2026-07-26 00:25:26
江西省,长江流域,梓坑,2026-07-26 00:00,2,30.89,7.29,6.07,132.058,10.102,3.57,0.085,0.088,1.6497,,,2026-07-26 00:25:26
江西省,长江流域,峡山,2026-07-26 00:00,3,31.05,7.14,5.02,122.099,2.101,2.02,0.083,0.104,1.5391,,,2026-07-26 00:25:26
江西省,长江流域,梅江江口,2026-07-26 00:00,2,32.52,8.05,7.88,109.215,10.026,2.66,0.072,0.081,1.0497,,,2026-07-26 00:25:26
江西省,长江流域,平江江口,2026-07-26 00:00,2,31.15,7.86,6.91,143.207,19.055,2.08,0.148,0.044,0.8837,,,2026-07-26 00:25:26
江西省,长江流域,上犹江江口,2026-07-26 00:00,2,28.24,7.09,7.4,77.874,8.883,1.67,0.06,0.016,0.599,,,2026-07-26 00:25:26
江西省,长江流域,龙南自来水厂,2026-07-26 00:00,2,30.2,7.66,6.97,155.048,24.714,0.59,0.039,0.031,0.6741,,,2026-07-26 00:25:26
江西省,长江流域,桃江江口,2026-07-26 00:00,3,31.09,7.4,5.22,238.073,12.535,1.69,0.102,0.064,1.8179,,,2026-07-26 00:25:26
江西省,长江流域,大余城郊,2026-07-26 00:00,2,28.47,7.18,7.1,79.858,11.259,1.61,0.03,0.038,0.8231,,,2026-07-26 00:25:26
江西省,珠江流域,兴宁电站,2026-07-26 00:00,2,31.92,8.98,17.38,110.805,2.665707,2.22,0.005,0.019,2.488419,,,2026-07-26 00:25:26
江西省,长江流域,通津,2026-07-26 00:00,2,30.48,7.41,7.04,136.606,12.651,1.01,0.076,0.052,1.1716,,,2026-07-26 00:25:26
江西省,长江流域,金滩,2026-07-26 00:00,2,32.29,7.72,7.84,143.306,12.701,2.43,0.126,0.053,1.5135,,,2026-07-26 00:25:26
江西省,长江流域,孤江江口,2026-07-26 00:00,2,33.11,7.35,6.68,95.813,5.934,2.55,0.006,0.03,0.4009,,,2026-07-26 00:25:26
江西省,长江流域,禾水河口,2026-07-26 00:00,2,31.25,7.65,7.31,157.014,4.344,2.45,0.03,0.042,0.8329,,,2026-07-26 00:25:26
江西省,长江流域,蜀水河口,2026-07-26 00:00,2,31.1,7.21,6.16,131.189,16.909,1.32,0.11,0.061,1.1193,,,2026-07-26 00:25:26
江西省,长江流域,遂川江江口,2026-07-26 00:00,2,32.76,8.16,8.17,126.007,10.456,1.38,0.074,0.048,0.9601,,,2026-07-26 00:25:26
江西省,长江流域,乌江江口,2026-07-26 00:00,2,32.98,7.74,8.98,174.977,12.463,3.41,0.122,0.045,2.0626,,,2026-07-26 00:25:26
江西省,长江流域,大洋洲,2026-07-26 00:00,2,31.56,7.44,7.4,148.578,16.36,1.44,0.111,0.063,1.2367,,,2026-07-26 00:25:26
江西省,长江流域,棚下,2026-07-26 00:00,3,30.68,7.4,5.85,256.5682,13.01,2.9,,0.107,1.477,,,2026-07-26 00:25:26
江西省,长江流域,丰城小港口,2026-07-26 00:00,2,31.234,7.22,6.18,161.1,14.8547,1.89,0.009,0.042,1.3188,,,2026-07-26 00:25:26
江西省,长江流域,修河港口,2026-07-26 00:00,1,26.51,7.05,8.04,36.75,10.03,0.56,,0.01,0.563,,,2026-07-26 00:25:26
江西省,长江流域,超坊,2026-07-26 00:00,2,31.67,8.01,6.47,121.693,10.025,2.81,0.122,0.086,0.9163,,,2026-07-26 00:25:26
江西省,长江流域,钟岭水厂,2026-07-26 00:00,2,32.09,7.25,7.93,89.63,27,2.74,0.021,0.055,1.5079,,,2026-07-26 00:25:26
江西省,长江流域,临水河口,2026-07-26 00:00,2,30.47,6.8,8.66,100.43,5.97,2.53,0.05,0.051,1.205,,,2026-07-26 00:25:26
江西省,长江流域,瑞洪大桥,2026-07-26 00:00,4,33.77,6.76,3.68,121.15,13.47,2.26,,0.055,1.044,,,2026-07-26 00:25:26
江西省,长江流域,旗山,2026-07-26 00:00,2,31.46,7.35,6.73,138.16,4.62,2.26,0.03,0.085,1.292,,,2026-07-26 00:25:26
山东省,淮河流域,峡山水库库中,2026-07-26 00:00,3,29.77,8.82,8.43,769.27,24.58,4.81,0.077,0.029,1.251,0.01006,1.81162,2026-07-26 00:25:26
山东省,淮河流域,牛庄闸,2026-07-26 00:00,3,31.592,7.65,5.15,882.126,38.949,3.98,0.281,0.026,4.166,,,2026-07-26 00:25:26
山东省,淮河流域,大古镇,2026-07-26 00:00,4,26.93,7.73,5.16,684.57,10.78,5.47,0.384,0.274,4.072,,,2026-07-26 00:25:26
山东省,淮河流域,临沭大兴桥,2026-07-26 00:00,5,30.338,8.12,9.56,474.61,7.531,6.32,,0.306,3.952,,,2026-07-26 00:25:26
山东省,淮河流域,云蒙湖湖心,2026-07-26 00:00,3,23.71,,14.17,395.1,4.51,3.78,,0.029,2.844,0.03703,2249880,2026-07-26 00:25:26
山东省,海河流域,北湖,2026-07-26 00:00,2,30.15,8.71,10.17,903.04,3.48,2.26,,0.01,2.505,0.00756,1952682,2026-07-26 00:25:26
河南省,黄河流域,七里铺,2026-07-26 00:00,4,29.9898,7.73,5.78,538.936,33.2781,2.67,0.37,0.211,3.217,,,2026-07-26 00:25:26
河南省,淮河流域,中牟陈桥,2026-07-26 00:00,4,30.73,8.4,9.23,626.76,47.82,8.72,0.437,0.084,3.7504,,,2026-07-26 00:25:26
河南省,黄河流域,高崖寨,2026-07-26 00:00,3,27.98,7.96,5.27,510.88,1.72,1.89,0.016,0.034,1.79,,,2026-07-26 00:25:26
河南省,黄河流域,白马寺,2026-07-26 00:00,3,29.51,7.61,5.94,670.7,20.2,2.21,0.106,0.154,2.944,,,2026-07-26 00:25:26
河南省,海河流域,彰武水库,2026-07-26 00:00,1,29.208,8.24,9.91,534.1,4.73,1.56,0.003,0.014,3.3677,,,2026-07-26 00:25:26
河南省,海河流域,五陵,2026-07-26 00:00,5,30.02,7.56,2.66,1212.2,105.3,3.77,0.616,0.244,7.096,,,2026-07-26 00:25:26
河南省,海河流域,前枋城,2026-07-26 00:00,2,29.517,7.92,6.07,443.36,5.288,1.38,,,3.3155,,,2026-07-26 00:25:26
河南省,海河流域,获嘉东碑村,2026-07-26 00:00,4,30.48,7.7,3.93,1692.36,,4.57,0.513,0.248,4.295,,,2026-07-26 00:25:26
河南省,黄河流域,封丘陶北,2026-07-26 00:00,6,27.58,7.42,3.04,537.9,108.19,9.08,0.672,0.451,2.81,,,2026-07-26 00:25:26
河南省,黄河流域,封丘王堤,2026-07-26 00:00,4,30.26,8.04,6.38,841.05,50.3,6.45,0.624,0.266,4.039,,,2026-07-26 00:25:26
河南省,海河流域,新乡贾太湖,2026-07-26 00:00,2,30.35,8.16,7.66,877.96,303.577,2.7,0.03,0.055,3.8581,,,2026-07-26 00:25:26
河南省,黄河流域,武陟渠首,2026-07-26 00:00,2,28.74,8.01,8.39,792.31,61.71,1.56,0.034,0.083,4.41,,,2026-07-26 00:25:26
河南省,海河流域,南乐元村集,2026-07-26 00:00,4,23.13,7.49,7.48,1227.36,123.61,3.34,0.23,0.238,6.871,,,2026-07-26 00:25:26
河南省,海河流域,濮阳西水坡,2026-07-26 00:00,2,31.26,8.5,8.61,928.02,6.83,2.3,0.158,0.014,1.107,,,2026-07-26 00:25:26
河南省,黄河流域,濮阳大韩桥,2026-07-26 00:00,5,28.96,7.67,3.79,922.62,57.06,7.21,1.676,0.308,2.429,,,2026-07-26 00:25:26
河南省,淮河流域,叶舞公路桥,2026-07-26 00:00,4,29.733,7.38,4.9,351.32,6.559,2.5,0.009,0.028,0.845,,,2026-07-26 00:25:26
河南省,黄河流域,洛河大桥,2026-07-26 00:00,2,28.56,8.14,6.15,457.974,44.444,1.55,,0.028,1.4251,,,2026-07-26 00:25:26
河南省,长江流域,淅川荆紫关,2026-07-26 00:00,2,29.39908,8.21,7.36,367.4073,3.867756,1.89,0.007,0.015,1.164,,,2026-07-26 00:25:26
河南省,长江流域,淅川史家湾,2026-07-26 00:00,2,30.57,8.06,6.73,375.166,9.036,1.18,,0.018,1.0679,0.00184,,2026-07-26 00:25:26
河南省,长江流域,淅川高湾,2026-07-26 00:00,2,30.71,7.88,6.87,354.054,8.389,2.43,,0.037,0.4604,0.0058,,2026-07-26 00:25:26
河南省,长江流域,淅川张营,2026-07-26 00:00,2,31.81,8.33,7.43,355.229,5.086,2.33,,0.016,0.8447,0.01077819,,2026-07-26 00:25:26
河南省,长江流域,陶岔,2026-07-26 00:00,1,31.07,8.49,7.8,254.34,5.692,1.51,,0.008,0.803,0.0017,788480,2026-07-26 00:25:26
河南省,淮河流域,吕楼桥,2026-07-26 00:00,6,30.83,7.49,1.56,1328.159,48.774,3.7,0.11,0.076,0.7242,,,2026-07-26 00:25:26
河南省,淮河流域,黄口,2026-07-26 00:00,3,28.25,8.08,12.37,1248.812,15.568,4.99,0.066,0.057,1.3375,,,2026-07-26 00:25:26
河南省,淮河流域,老沈丘泉河桥,2026-07-26 00:00,4,32.18,7.68,4.43,791.765,20.949,3.84,0.015,0.14,0.4305,,,2026-07-26 00:25:26
河南省,淮河流域,刘寨村后,2026-07-26 00:00,3,31.42,8.14,9.23,955.7,9.95,5.82,0.004,0.066,3.7689,,,2026-07-26 00:25:26
河南省,淮河流域,鹿邑付桥,2026-07-26 00:00,3,32.15,8.61,15.85,1022.587,8.223,4.8,0.046,0.038,0.5562,,,2026-07-26 00:25:26
河南省,黄河流域,小浪底水库,2026-07-26 00:00,3,29.74,7.92,5.59,1050.993,29.513,2.49,,0.044,3.1621,,,2026-07-26 00:25:26
湖北省,长江流域,牛山湖湖心,2026-07-26 00:00,3,31.78,8.97,9.07,185.42,18.442,4.03,,0.025,0.183,0.00466,7.629102,2026-07-26 00:25:26
湖北省,长江流域,西梁子湖湖北,2026-07-26 00:00,3,32.4299,,9.29,171.41,25.082,4.51,0.164,0.021,0.641,0.00786,1.324849,2026-07-26 00:25:26
湖北省,长江流域,杨泗港,2026-07-26 00:00,3,29,7.62,5.8,264.365,49.97,1.8,,0.055,1.59,,,2026-07-26 00:25:26
湖北省,长江流域,龙口,2026-07-26 00:00,6,31.63,9.57,17.08,175.03,10.19,7.35,0.01,0.065,1.19,,,2026-07-26 00:25:26
湖北省,长江流域,金水闸,2026-07-26 00:00,3,32.08,8.54,17.4,245.48,25.73,5.4,0.0003,0.045,0.976,,,2026-07-26 00:25:26
湖北省,长江流域,港洲村,2026-07-26 00:00,3,33.3,8.44,10.44,333,6.128,5.03,0.015,0.088,0.577,,,2026-07-26 00:25:26
湖北省,长江流域,白浒山,2026-07-26 00:00,2,28.77,7.72,6.19,296.9051,38.18208,1.37,0.02,0.082,1.601705,,,2026-07-26 00:25:26
湖北省,长江流域,富池闸,2026-07-26 00:00,6,30.91,9.23,14.05,220.4297,9.859863,3.09,0.008,0.078,1.393722,,,2026-07-26 00:25:26
湖北省,长江流域,丹江口水库坝上中,2026-07-26 00:00,1,31.48,8.48,9.05,247.761,0.812651,1.58,0.118,0.005,0.9228,0.0012331,2.0664,2026-07-26 00:25:26
湖北省,长江流域,潘口水库坝上,2026-07-26 00:00,1,31.96,8.73,9.95,176.1,1.6,1.44,,0.007,0.164,,,2026-07-26 00:25:26
湖北省,长江流域,玉皇滩,2026-07-26 00:00,1,30.71,8.32,8.22,341.2,6.474,1.48,0.011,0.013,1.161,,,2026-07-26 00:25:26
湖北省,长江流域,隔河岩水库坝上,2026-07-26 00:00,2,20.69,8.74,9.42,182.82,2.76,1.09,,0.012,1.711,0.03839,3947389,2026-07-26 00:25:26
湖北省,长江流域,长沙坝,2026-07-26 00:00,2,25.887,8.57,10.74,375.632,27.2,2.51,0.012,0.031,1.54,,,2026-07-26 00:25:26
湖北省,长江流域,清江大桥,2026-07-26 00:00,3,22.26,7.57,7.17,315.301,20.369,1.51,0.005,0.101,3.796,,,2026-07-26 00:25:26
湖北省,长江流域,马渡河,2026-07-26 00:00,2,28.85,7.64,11.82,338.54,16.84,2.1,0.007,0.014,1.89,,,2026-07-26 00:25:26
湖北省,长江流域,铁路大桥,2026-07-26 00:00,2,32.13,8.02,11.3,520,25.4,3.07,,0.072,1.269,,,2026-07-26 00:25:26
湖北省,长江流域,桅杆坪,2026-07-26 00:00,2,18.6,7.46,6.5,279.5,3.52,1.09,,0.036,2.85,,,2026-07-26 00:25:26
湖北省,长江流域,白石港,2026-07-26 00:00,2,31.25,8.34,7.02,305.859,2.733,2.1,0.007,0.007,1.099,,,2026-07-26 00:25:26
湖北省,长江流域,云池,2026-07-26 00:00,2,25.63,7.84,7.07,387.06,11.92,1.5,,0.037,1.648,,,2026-07-26 00:25:26
湖北省,长江流域,翟湾,2026-07-26 00:00,4,31.61,7.7,4.95,431.5373,23.55168,3.15,,0.046,1.2928,,,2026-07-26 00:25:26
湖北省,长江流域,沈湾,2026-07-26 00:00,2,15.78,7.76,7.27,344.7,3.7,1.66,0.023,0.006,1.343,,,2026-07-26 00:25:26
湖北省,长江流域,东梁子湖湖心,2026-07-26 00:00,3,32.06,,10.35,162.662,41.928,4.58,,0.049,2.129,,,2026-07-26 00:25:26
湖北省,长江流域,梁子湖七星站,2026-07-26 00:00,4,31.41,8.86,12.1,175.072,14.54659,6.75,0.117,0.009,1.068728,0.02701657,2.48765,2026-07-26 00:25:26
湖北省,长江流域,漳河水库库心,2026-07-26 00:00,1,32.61,8.21,7.73,307.2755,4.8946,1.67,,0.002,0.526,1,1.6611,2026-07-26 00:25:26
湖北省,长江流域,转斗,2026-07-26 00:00,2,31.39,8.21,6.65,374.932,11.0015,3.26,0.014,0.032,1.006,,,2026-07-26 00:25:26
湖北省,长江流域,罗汉闸,2026-07-26 00:00,2,32.08,7.93,7.97,374.49,45.5,2.83,0.03,0.044,1.135,,,2026-07-26 00:25:26
湖北省,长江流域,马良龚家湾,2026-07-26 00:00,4,33.438,7.41,4.53,1330.15,62.4998,5.36,0.509,0.251,3.3256,,,2026-07-26 00:25:26
湖北省,长江流域,应城公路桥,2026-07-26 00:00,2,33.4,8.05,8.03,487.14,20.1223,2.07,0.008,0.044,0.725,,,2026-07-26 00:25:26
湖北省,长江流域,田店泵站,2026-07-26 00:00,2,33.29,8.19,6.57,416.06,11.5322,2.84,0.02,0.029,0.83548,,,2026-07-26 00:25:26
湖北省,长江流域,孝昌王店,2026-07-26 00:00,3,33.32,6.87,8.27,319.75,10.0737,4.98,0.021,0.111,1.1465,,,2026-07-26 00:25:26
湖北省,长江流域,大悟河口,2026-07-26 00:00,2,32.56,8,6.12,222.2,6.89,2.73,0.04,0.058,0.7782,,,2026-07-26 00:25:26
湖北省,长江流域,安陆桑树,2026-07-26 00:00,2,34.04,7.86,9.76,465.67,13.7925,2.84,0.018,0.024,0.64836,,,2026-07-26 00:25:26
湖北省,长江流域,隔蒲桥,2026-07-26 00:00,4,33.54,7.8,7.51,361.34,42.927,6.96,0.033,0.141,1.0965,,,2026-07-26 00:25:26
湖北省,长江流域,汉川新堰,2026-07-26 00:00,5,32.91,7.18,2.89,453.24,29.762,2.94,0.106,0.153,1.631,,,2026-07-26 00:25:26
湖北省,长江流域,杨柴湖,2026-07-26 00:00,3,30,7.33,6.04,311.8,20.2,2.56,,0.028,0.877,0.00601,1.060465,2026-07-26 00:25:26
湖北省,长江流域,排水闸,2026-07-26 00:00,3,29.12,7.92,7.63,314.4481,51.9663,1.93,,0.048,1.566,0.00048,1.937285,2026-07-26 00:25:26
湖北省,长江流域,观音寺,2026-07-26 00:00,2,26.82,7.88,7.4,396.05,16.89,1.2,,0.044,2.085,,,2026-07-26 00:25:26
湖北省,长江流域,荆州河口,2026-07-26 00:00,3,31.54,7.9,12.02,501.7439,19.846,4.14,0.268,0.048,1.3568,,,2026-07-26 00:25:26
湖北省,长江流域,康家岗,2026-07-26 00:00,2,28.01,7.82,7.91,376.054,23.5172,1.13,0.0005,0.044,1.8661,,,2026-07-26 00:25:26
湖北省,长江流域,淤泥湖,2026-07-26 00:00,2,29.2,8.08,8.43,371.6,20.3,1.52,0.005,0.096,1.55,,,2026-07-26 00:25:26
湖北省,长江流域,杨家垱,2026-07-26 00:00,2,28.86,8.17,8.7,382.95,30.3,1.05,0.009,0.086,1.947,,,2026-07-26 00:25:26
湖北省,长江流域,调关,2026-07-26 00:00,2,27.39,7.82,7.95,378.6514,28.3133,1.11,0.002,0.042,1.8621,,,2026-07-26 00:25:26
湖北省,长江流域,砖瓦厂,2026-07-26 00:00,2,26.99,7.96,7.18,438.1281,17.5482,1.05,,0.049,2.1893,,,2026-07-26 00:25:26
湖北省,长江流域,东关桥,2026-07-26 00:00,3,32.3,7.49,5.07,460.5,40.8,2.98,0.071,0.094,2.8209,,,2026-07-26 00:25:26
湖北省,长江流域,姚集,2026-07-26 00:00,2,30.7,7.45,6.13,413.1,34.9,2.65,0.067,0.091,1.719,,,2026-07-26 00:25:26
湖北省,长江流域,乌溪沟,2026-07-26 00:00,3,25.12061,8.17,7.69,316.866,30.11557,1.92,0.05,0.148,2.559473,,,2026-07-26 00:25:26
湖北省,长江流域,咸宁湖心,2026-07-26 00:00,4,32.15,8.81,9.35,172.05,20.372,7.56,0.032,0.055,1.381,0.01685,2.949279,2026-07-26 00:25:26
湖北省,长江流域,陆溪口,2026-07-26 00:00,3,29.96,8.31,11.35,198,17.46,4.56,0.178,0.07,1.33,,,2026-07-26 00:25:26
湖北省,长江流域,洪下水文站,2026-07-26 00:00,2,30.1,8.64,10.22,166.3,5.51,1.86,0.002,0.072,1.12,,,2026-07-26 00:25:26
湖北省,长江流域,平林,2026-07-26 00:00,6,33.44,9.05,10.54,324.826,9.503,10.13,0.035,0.166,1.76,,,2026-07-26 00:25:26
湖北省,长江流域,江口村,2026-07-26 00:00,1,31.44,8.76,12.28,155.4,5.894,1.15,,0.015,1.004,,,2026-07-26 00:25:26
湖北省,长江流域,恩施大沙坝,2026-07-26 00:00,2,25.87,7.85,8.52,309.88,9.1,2.14,0.307,0.09,3.693,,,2026-07-26 00:25:26
湖北省,长江流域,雪照河,2026-07-26 00:00,2,23.35,8.34,8.28,332.56,18.096,1.42,,0.083,3.662,,,2026-07-26 00:25:26
湖北省,长江流域,周家坝,2026-07-26 00:00,2,22.08,7.85,7.96,240.32,14.735,1.43,,0.026,1.908,,,2026-07-26 00:25:26
湖北省,长江流域,拖市,2026-07-26 00:00,5,32.21,7.23,2.31,677.3,23.386,13.08,0.466,0.239,2.5911,,,2026-07-26 00:25:26
湖北省,长江流域,阳日湾,2026-07-26 00:00,2,23.921,8.05,7.66,327.457,20.904,0.84,0.039,0.054,0.9923,,,2026-07-26 00:25:26
湖南省,长江流域,昭山,2026-07-26 00:00,3,31.3,7.2,5.42,219.5,15.2,1.4,,0.057,1.382,,,2026-07-26 00:25:26
湖南省,长江流域,捞刀河口,2026-07-26 00:00,2,32.33,7.3,6.63,203.6,6.0572,1.47,0.033,0.072,1.459,,,2026-07-26 00:25:26
湖南省,长江流域,三角洲,2026-07-26 00:00,4,28.59,6.86,4.28,147.06,27.87,1.69,0.074,0.124,2.384,,,2026-07-26 00:25:26
湖南省,长江流域,胜利,2026-07-26 00:00,2,29.88,7.33,8.83,205.63,7.18,3.12,0.052,0.054,1.299,,,2026-07-26 00:25:26
湖南省,长江流域,西阳渡口,2026-07-26 00:00,2,30.34,8.48,13.73,267.62,14.418,2.69,,0.026,1.216,,,2026-07-26 00:25:26
湖南省,长江流域,舂陵水入湘江口,2026-07-26 00:00,2,32.1171,8.01,7.28,254.7681,6.5411,2.15,0.007,0.058,1.3243,,,2026-07-26 00:25:26
湖南省,长江流域,洣水入湘江口,2026-07-26 00:00,2,32.523,8.19,7.78,131.07,8.71,2.34,0.024,0.042,1.006,,,2026-07-26 00:25:26
湖南省,长江流域,塘渡口,2026-07-26 00:00,2,26.8,7.61,7.56,125.6977,11.9637,1.53,,0.042,1.406,,,2026-07-26 00:25:26
湖南省,长江流域,窑市,2026-07-26 00:00,2,25.87,7.41,8.32,40.3362,8.4962,1.08,,0.029,0.483,,,2026-07-26 00:25:26
湖南省,长江流域,渡头村,2026-07-26 00:00,2,28.04,7.41,7.7,189.044,10.1292,3.79,0.077,0.074,1.358,,,2026-07-26 00:25:26
湖南省,长江流域,邵水入河口,2026-07-26 00:00,3,29.73,7.88,5.36,348.815,6.021,2.6,0.079,0.09,2.051,,,2026-07-26 00:25:26
湖南省,长江流域,绥宁河口镇,2026-07-26 00:00,2,23.7582,8.47,8.72,88.1009,14.4503,0.95,0.009,0.031,0.7731,,,2026-07-26 00:25:26
湖南省,长江流域,岳阳楼,2026-07-26 00:00,4,31.32,7.46,5.44,228.2062,29.04806,1.86,0.012,0.063,1.3055,0.001125,200413,2026-07-26 00:25:26
湖南省,长江流域,城陵矶,2026-07-26 00:00,2,29.17,7.65,6.12,283.915,38.70219,1.3,0.008,0.046,1.607,,,2026-07-26 00:25:26
湖南省,长江流域,南渡,2026-07-26 00:00,3,29.7,6.82,6.26,99.59,10.96,1.64,0.1,0.118,1.612,,,2026-07-26 00:25:26
湖南省,长江流域,马坡湖,2026-07-26 00:00,2,28.77,8.16,8.35,372.077,33.7569,1.37,,0.057,1.952,,,2026-07-26 00:25:26
湖南省,长江流域,永定澄潭,2026-07-26 00:00,2,27.84,8.12,7.95,206.62,18.368,1.3,0.026,0.064,0.706,,,2026-07-26 00:25:26
湖南省,长江流域,万家嘴,2026-07-26 00:00,2,29.01,7.51,7.47,177.6082,19.40151,1.35,0.002,0.065,2.4931,0.0020044,193939.4,2026-07-26 00:25:26
湖南省,长江流域,南嘴,2026-07-26 00:00,4,32.19,7.92,8.51,200.6808,82.55641,1.72,,0.057,1.2611,0.0435,976000.8,2026-07-26 00:25:26
湖南省,长江流域,小河嘴,2026-07-26 00:00,2,30.11,8.08,8.18,197.506,14.6718,1.2,,0.025,1.095,0.0014557,5.62799,2026-07-26 00:25:26
湖南省,长江流域,坪口,2026-07-26 00:00,2,29.02,7.88,7.74,220.9,4.466,1.35,0.011,0.033,1.632,,,2026-07-26 00:25:26
湖南省,长江流域,桃谷山,2026-07-26 00:00,2,28.88,7.73,7.79,191.46,33.7196,1.53,,0.062,1.929,,,2026-07-26 00:25:26
湖南省,长江流域,五强溪,2026-07-26 00:00,2,30.34,8.4,10.04,173.107,1.9553,1.19,0.004,0.025,1.114,,,2026-07-26 00:25:26
湖南省,长江流域,地阳坪公路大桥,2026-07-26 00:00,2,27.25,7.13,7.94,76.1515,6.6416,1.11,,0.039,0.497,,,2026-07-26 00:25:26
湖南省,长江流域,舞水入河口,2026-07-26 00:00,3,29.56,7.74,5.64,251.2,2.107,1.45,0.022,0.056,1.628,,,2026-07-26 00:25:26
湖南省,长江流域,溪子口,2026-07-26 00:00,2,22.94,7.5,7.92,234.4,2.371,0.48,0.017,0.025,1.339,,,2026-07-26 00:25:26
湖南省,长江流域,球溪,2026-07-26 00:00,2,28.958,7.46,6.83,189.02,3.205,1.56,0.012,0.067,1.419,,,2026-07-26 00:25:26
湖南省,长江流域,街埠头,2026-07-26 00:00,2,32.79,8.18,10.54,368.42,4.2364,2.9,0.038,0.046,1.863,,,2026-07-26 00:25:26
湖南省,长江流域,浦市上游,2026-07-26 00:00,2,29.13,7.65,7.2,173.78,6.08,0.89,,0.053,1.341,,,2026-07-26 00:25:26
湖南省,长江流域,武水汇合口,2026-07-26 00:00,2,28.51,7.49,7.29,150.175,5.9727,1.05,,0.041,1.106,,,2026-07-26 00:25:26
广东省,珠江流域,珠海大桥,2026-07-26 00:00,2,27.97,7.77,7.03,269.918,99.997,1.61,,0.092,2.465,,,2026-07-26 00:25:26
广东省,珠江流域,石角咀水闸,2026-07-26 00:00,5,31.07,6.91,2.31,472.553,83.68,4.01,0.677,0.195,3.065,,,2026-07-26 00:25:26
广东省,珠江流域,鸡啼门大桥,2026-07-26 00:00,3,28.04,7.64,6.5,281.7,44.43,0.9,,0.117,2.505,,,2026-07-26 00:25:26
广东省,珠江流域,布洲,2026-07-26 00:00,4,26.81,7.63,7.87,225.051,160.337,9.94,0.061,0.118,2.773,,,2026-07-26 00:25:26
广东省,珠江流域,海门湾桥闸,2026-07-26 00:00,5,29.25,7.24,6.45,1256.97,18.93,5.21,1.59,0.172,4.004,,,2026-07-26 00:25:26
广东省,珠江流域,苍山渡口,2026-07-26 00:00,3,29.44,7.31,5.58,275.485,54.43,2.25,0.05,0.136,2.09,,,2026-07-26 00:25:26
广东省,珠江流域,牛湾,2026-07-26 00:00,4,29.59,6.67,3.29,123.5,41.01,5.31,0.233,0.214,2.277,,,2026-07-26 00:25:26
广东省,珠江流域,渠首,2026-07-26 00:00,3,31,8.85,8.2,120.99,12.54,5.64,0.005,0.026,0.903,0.01538,5450401,2026-07-26 00:25:26
广东省,珠江流域,黄坡,2026-07-26 00:00,4,32.45,7,4.73,148.49,22,3.99,0.001,0.102,1.956,,,2026-07-26 00:25:26
广东省,珠江流域,山角,2026-07-26 00:00,6,32.05,9.16,18.62,126.59,13.74,6.99,,0.128,2.389,,,2026-07-26 00:25:26
广东省,珠江流域,运河管理局,2026-07-26 00:00,3,32.07,8.59,9.14,132.21,37.9,5.65,,0.026,0.857,,,2026-07-26 00:25:26
广东省,珠江流域,排里,2026-07-26 00:00,4,31.77,7.01,7.67,146.48,19.72,7,0.024,0.243,2.685,,,2026-07-26 00:25:26
广东省,珠江流域,南渡河桥,2026-07-26 00:00,4,32.44,6.55,4.28,192.57,28.81,6.08,,0.076,3.008,,,2026-07-26 00:25:26
广东省,珠江流域,营仔,2026-07-26 00:00,4,30.2,6.76,4.15,175.56,19.83,6.27,0.153,0.165,2.634,,,2026-07-26 00:25:26
广东省,珠江流域,黄竹尾水闸,2026-07-26 00:00,4,30.92,7,4.45,124.06,45.51,3.84,0.126,0.151,2.531,,,2026-07-26 00:25:26
广东省,珠江流域,塘口,2026-07-26 00:00,3,30.78,7.02,6.96,101.94,47.2,3.35,0.054,0.167,2.357,,,2026-07-26 00:25:26
广东省,珠江流域,良德水库,2026-07-26 00:00,2,31.1,8.54,9.17,65.927,11.248,1.9,,0.013,0.365,0.00592,595892,2026-07-26 00:25:26
广东省,珠江流域,米急渡,2026-07-26 00:00,2,29.47,7.12,6.18,93.134,48.068,1.85,0.073,0.097,1.915,,,2026-07-26 00:25:26
广东省,珠江流域,五丰渡口,2026-07-26 00:00,2,28.86,6.88,6.49,94.8,38.71,1.92,0.344,0.055,4.4147,,,2026-07-26 00:25:26
广东省,珠江流域,新铺,2026-07-26 00:00,3,29.35,7.22,5.91,111.795,11.976,1.85,0.17,0.042,1.8525,,,2026-07-26 00:25:26
广东省,珠江流域,海丰西闸,2026-07-26 00:00,3,29.68,6.84,7.2,51.6,21.9,4.05,0.094,0.061,0.74,,,2026-07-26 00:25:26
广东省,珠江流域,东溪水闸,2026-07-26 00:00,4,30.22,7.14,6.89,387.767,81.14,6.02,0.167,0.083,1.156,,,2026-07-26 00:25:26
广东省,珠江流域,江城,2026-07-26 00:00,3,30.13,6.84,6.62,114.965,34.492,2.39,0.1,0.137,1.205,,,2026-07-26 00:25:26
广东省,珠江流域,尖山,2026-07-26 00:00,3,30.91,6.63,6.47,113.59,18.07,3.97,0.055,0.151,2.171,,,2026-07-26 00:25:26
广东省,珠江流域,埠场,2026-07-26 00:00,3,29.86,6.81,6.35,135.385,24.595,2.61,0.132,0.144,1.704,,,2026-07-26 00:25:26
广东省,珠江流域,大泉,2026-07-26 00:00,4,31.42,6.75,3.24,280.6,29,4.44,0.395,0.184,1.58,,,2026-07-26 00:25:26
广东省,珠江流域,樟村,2026-07-26 00:00,6,31.69,6.89,1.91,399.512,17.24,3.8,0.961,0.156,5.471,,,2026-07-26 00:25:26
广东省,珠江流域,旗岭,2026-07-26 00:00,6,29.87,7.1,1.52,320.709,163.71,2.85,0.221,0.231,5.232,,,2026-07-26 00:25:26
广东省,珠江流域,中山港码头,2026-07-26 00:00,2,27.9,7.66,7.26,242.17,92.205,2.42,0.181,0.097,3.159,,,2026-07-26 00:25:26
广东省,珠江流域,赤凤,2026-07-26 00:00,3,29.38,7.06,5.87,134.99,37.71,1.51,0.039,0.133,1.753,,,2026-07-26 00:25:26
广东省,珠江流域,龟山塔,2026-07-26 00:00,2,29.92,6.93,6.11,79.448,13.655,1.31,0.088,0.077,1.2865,,,2026-07-26 00:25:26
广西壮族自治区,珠江流域,老口,2026-07-26 00:00,2,28.95726,7.78,6.36,293.3964,24.04579,1.2,0.003,0.042,2.881867,,,2026-07-26 00:25:26
广西壮族自治区,珠江流域,叮当,2026-07-26 00:00,2,29.34,7.68,6.89,321.061,20.223,1.83,0.03,0.089,4.5693,,,2026-07-26 00:25:26
广西壮族自治区,珠江流域,六景,2026-07-26 00:00,2,28.95,7.74,6.46,305.36,21.01,1.65,,0.042,2.318,,,2026-07-26 00:25:26
广西壮族自治区,珠江流域,白马,2026-07-26 00:00,3,27.52,7.66,5.96,317.63,56.27,1.86,,0.048,2.75,,,2026-07-26 00:25:26
广西壮族自治区,珠江流域,东边埇,2026-07-26 00:00,3,28.17,6.38,7.05,71.2795,79.6036,2.06,0.052,0.129,2.371,,,2026-07-26 00:25:26
广西壮族自治区,珠江流域,西门江,2026-07-26 00:00,4,30.31,6.72,4.12,296.705,33.471,3.44,0.359,0.194,3.528,,,2026-07-26 00:25:26
广西壮族自治区,珠江流域,边贸码头,2026-07-26 00:00,2,28.34,6.63,7.97,55.24,17.99,1.5,0.141,0.07,1.32,,,2026-07-26 00:25:26
广西壮族自治区,珠江流域,高塘,2026-07-26 00:00,3,28.74,6.08,7.09,54.55,122.58,3.06,0.09,0.103,2.432,,,2026-07-26 00:25:26
广西壮族自治区,珠江流域,茅岭大桥,2026-07-26 00:00,6,28.2,5.95,7.09,49.3,53.36,2.47,0.047,0.067,1.19,,,2026-07-26 00:25:26
广西壮族自治区,珠江流域,高速公路西桥,2026-07-26 00:00,4,30.18,6.36,3.36,476.72,49.73,6.69,0.345,0.223,,,,2026-07-26 00:25:26
广西壮族自治区,珠江流域,公篓,2026-07-26 00:00,2,24.87,7.79,6.65,260.95,10.84,1.24,0.103,0.052,1.44,,,2026-07-26 00:25:26
广西壮族自治区,珠江流域,贺街,2026-07-26 00:00,2,27.66,7.65,7.71,155.22,22.97,0.9,0.04,0.048,1.068,,,2026-07-26 00:25:26
广西壮族自治区,珠江流域,上金,2026-07-26 00:00,3,30.1,6.82,5.09,132.515,51.3549,2.53,,0.027,2.3199,,,2026-07-26 00:25:26
广西壮族自治区,珠江流域,渠立,2026-07-26 00:00,2,28.83,7.89,8.37,314.368,15.543,1.49,,0.023,2.599,,,2026-07-26 00:25:26
广西壮族自治区,珠江流域,棉江,2026-07-26 00:00,2,29.01,7.46,6.73,248.39,17.553,1.41,0.007,0.024,2.0513,,,2026-07-26 00:25:26
海南省,珠江流域,儒房,2026-07-26 00:00,2,32.5,8.39,12.63,15604.9,7.3,2.73,0.14,0.038,0.801,,,2026-07-26 00:25:26
海南省,珠江流域,后黎村,2026-07-26 00:00,2,32.7,7.42,6.34,96.9,7.8,2.42,0.003,0.052,0.803,,,2026-07-26 00:25:26
海南省,珠江流域,林家村,2026-07-26 00:00,2,33.22,6.35,6.39,237.67,11.26,1.6,0.049,0.017,2.175,,,2026-07-26 00:25:26
海南省,珠江流域,崖城大桥,2026-07-26 00:00,2,30.1,6.71,7.41,96.01,42.5,1.75,0.002,0.031,2.246,,,2026-07-26 00:25:26
海南省,珠江流域,藤桥河大桥,2026-07-26 00:00,2,31.92,8.44,9.15,1433.68,3.77,2.29,,0.027,0.934,,,2026-07-26 00:25:26
海南省,珠江流域,上村桥,2026-07-26 00:00,4,32.2,7.19,4.35,618.7,28.3,3.57,0.028,0.078,1.139,,,2026-07-26 00:25:26
海南省,珠江流域,中和桥,2026-07-26 00:00,3,32,7.32,8.23,210,16.9,4.3,0.025,0.092,1.158,,,2026-07-26 00:25:26
海南省,珠江流域,溪仔村,2026-07-26 00:00,2,31.1,7.49,8.93,84.42,5.8,2.2,0.003,0.028,0.355,,,2026-07-26 00:25:26
海南省,珠江流域,羊头外村桥,2026-07-26 00:00,4,33.71,7.89,8.2,155.61,29.41,7.59,0.048,0.109,1.761,,,2026-07-26 00:25:26
海南省,珠江流域,农垦橡胶所一队,2026-07-26 00:00,2,30.8,6.95,7.13,78.6,5,1.35,,0.019,1.135,,,2026-07-26 00:25:26
海南省,珠江流域,水涯新区,2026-07-26 00:00,2,32.4,6.87,6.11,257.9,11.2,2.72,0.146,0.056,1.02,,,2026-07-26 00:25:26
海南省,珠江流域,分洪桥,2026-07-26 00:00,3,32.91,7.97,12.45,87.51,22.48,4.69,,0.031,0.469,,,2026-07-26 00:25:26
海南省,珠江流域,后山村,2026-07-26 00:00,4,32.89,6.71,3.44,136.949,29.4003,4.6,0.538,0.162,2.452,,,2026-07-26 00:25:26
海南省,珠江流域,罗带铁路桥,2026-07-26 00:00,3,32.2,8.92,19.27,28209.6,8.2,5.59,0.152,0.17,0.918,,,2026-07-26 00:25:26
海南省,珠江流域,山口,2026-07-26 00:00,2,33.04,7.54,7.78,107.69,15.22,2.44,0.002,0.021,0.315,,,2026-07-26 00:25:26
海南省,珠江流域,白仞滩电站,2026-07-26 00:00,3,32.4,7.43,5.59,169.1,7.2,3.56,0.043,0.081,1.544,,,2026-07-26 00:25:26
海南省,珠江流域,大风,2026-07-26 00:00,2,30.73914,7.02,6.42,102.6037,19.2534,3.18,0.004,0.041,1.086966,,,2026-07-26 00:25:26
海南省,珠江流域,叉河口,2026-07-26 00:00,3,31.3,7.65,8.06,120.7,22.1,2.67,0.008,0.17,2.752,,,2026-07-26 00:25:26
海南省,珠江流域,乐中,2026-07-26 00:00,2,31.6,8.09,9.47,100.8,17.6,1.53,,0.024,0.497,,,2026-07-26 00:25:26
海南省,珠江流域,跨界桥,2026-07-26 00:00,2,32.1,8.5,12.72,107.9,10.6,3.13,0.004,0.038,0.656,,,2026-07-26 00:25:26
海南省,珠江流域,群英大坝,2026-07-26 00:00,2,30.4,8.07,9.81,84.6,10,2.23,0.003,0.034,0.738,,,2026-07-26 00:25:26
海南省,珠江流域,大溪村,2026-07-26 00:00,2,30.9,7.15,6.07,526.4,8.3,3.1,0.072,0.079,0.728,,,2026-07-26 00:25:26
重庆市,长江流域,晒网坝,2026-07-26 00:00,2,26.47,7.88,6.48,341.7457,37.8497,1.35,,0.05,2.053,,,2026-07-26 00:25:26
重庆市,长江流域,向家,2026-07-26 00:00,2,26.36,7.71,8.68,194.835,24.838,3.41,,0.052,1.116,,,2026-07-26 00:25:26
重庆市,长江流域,清溪场,2026-07-26 00:00,2,26.2,8,7.16,396.7772,54.567,1.63,,0.059,1.613,,,2026-07-26 00:25:26
重庆市,长江流域,寸滩,2026-07-26 00:00,2,25.91,7.98,7.61,401.359,32.971,1.67,0.09,0.057,1.602,,,2026-07-26 00:25:26
重庆市,长江流域,和尚山,2026-07-26 00:00,2,26.43,7.97,7.07,384.51,50.11,2,0.042,0.03,1.021,,,2026-07-26 00:25:26
重庆市,长江流域,寨溪大桥,2026-07-26 00:00,2,31.7,8,15.16,1029.41,14.6376,2.23,,0.017,1.81,,,2026-07-26 00:25:26
重庆市,长江流域,石门坎,2026-07-26 00:00,1,26.92,8.09,7.69,466.08,7.03,0.7,,0.007,1.526,,,2026-07-26 00:25:26
重庆市,长江流域,御临镇,2026-07-26 00:00,3,34.78,8.68,13.23,318.614,4.7,4.79,0.006,0.041,1.024,,,2026-07-26 00:25:26
重庆市,长江流域,支坪街道,2026-07-26 00:00,2,32.08,8.17,6.95,545.7529,27.5508,1.29,,0.012,1.575,,,2026-07-26 00:25:26
重庆市,长江流域,江津大桥,2026-07-26 00:00,2,25.12,8.08,7.72,416.71,16.65,0.81,,0.042,1.321,,,2026-07-26 00:25:26
重庆市,长江流域,朱杨溪,2026-07-26 00:00,3,33.67,8.52,6.88,618.63,29.7,5.93,,0.096,2.399,,,2026-07-26 00:25:26
重庆市,长江流域,北渡,2026-07-26 00:00,2,29.43,8.31,9.01,497.9738,15.954,1.37,,0.024,2.099,,,2026-07-26 00:25:26
重庆市,长江流域,白杨溪,2026-07-26 00:00,2,32.59,8.03,7.32,120.31,19.016,3.54,,0.027,0.923,,,2026-07-26 00:25:26
重庆市,长江流域,太和,2026-07-26 00:00,2,33.04,8.5,7.64,333.84,15.4,2.7,,0.017,0.902,,,2026-07-26 00:25:26
重庆市,长江流域,官渡,2026-07-26 00:00,3,34.27,8.53,24.73,283.1339,10.93,4.16,0.002,0.044,0.977,,,2026-07-26 00:25:26
重庆市,长江流域,临渡,2026-07-26 00:00,2,34.39,8.29,10.91,375.9,17.348,1.69,,0.031,1.109,,,2026-07-26 00:25:26
重庆市,长江流域,渠江码头,2026-07-26 00:00,2,33.18,8.5,19,291.212,16.711,3.91,0.007,0.035,1.334,,,2026-07-26 00:25:26
重庆市,长江流域,四明水厂,2026-07-26 00:00,4,32.66,7.8,5.69,367.7,55,8.24,,0.102,1.169,,,2026-07-26 00:25:26
重庆市,长江流域,中和,2026-07-26 00:00,4,31.63,7.48,15.31,482.7,10.92,6.84,,0.049,0.956,,,2026-07-26 00:25:26
重庆市,长江流域,芙蓉洞码头,2026-07-26 00:00,1,29.86,8.88,17.42,171.08,12.02,1.86,0.002,0.018,1.048,,,2026-07-26 00:25:26
重庆市,长江流域,江口镇,2026-07-26 00:00,1,24.869,8.24,8.32,313.533,2.671,0.34,,0.01,1.772,,,2026-07-26 00:25:26
重庆市,长江流域,土堡寨,2026-07-26 00:00,1,21.17,8.25,8.77,433.097,5.384,0.32,0.01,0.008,0.95,,,2026-07-26 00:25:26
重庆市,长江流域,湖海场,2026-07-26 00:00,2,25.45,7.51,7.6,191.239,36.593,3.73,,0.082,1.633,,,2026-07-26 00:25:26
重庆市,长江流域,卫星桥,2026-07-26 00:00,3,31.99,8.22,6.42,288.6711,22.0723,5.21,,0.046,0.947,,,2026-07-26 00:25:26
重庆市,长江流域,高洞梁,2026-07-26 00:00,2,33.83,8,11.76,411.973,24.842,3.04,,0.038,0.496,,,2026-07-26 00:25:26
重庆市,长江流域,苏家,2026-07-26 00:00,2,26.74,7.83,6.72,386.2156,59.5837,1.43,0.012,0.063,2.423,,,2026-07-26 00:25:26
重庆市,长江流域,小江河口,2026-07-26 00:00,2,29.28,8.69,13.53,391.66,4.76,2.16,0.021,0.031,1.5839,,,2026-07-26 00:25:26
重庆市,长江流域,汤溪河江口,2026-07-26 00:00,1,26.31,7.89,8.64,305.085,9.175,0.78,0.006,0.008,0.723,,,2026-07-26 00:25:26
重庆市,长江流域,罗汉大桥,2026-07-26 00:00,2,25.1,7.64,9.53,287.18,11.16,1.08,0.032,0.029,1.946,,,2026-07-26 00:25:26
重庆市,长江流域,白帝城,2026-07-26 00:00,2,26.36,7.96,6.89,373.357,37.864,1.06,,0.048,2.107,,,2026-07-26 00:25:26
重庆市,长江流域,花台,2026-07-26 00:00,2,27.02,8.11,7,504.3843,16.1889,0.36,,0.02,1.276,,,2026-07-26 00:25:26
重庆市,长江流域,小河,2026-07-26 00:00,2,19.62,7.61,8,277.844,11.95,1.08,0.001,0.023,1.535,,,2026-07-26 00:25:26
重庆市,长江流域,红花村,2026-07-26 00:00,2,23.039,7.79,7.83,239.658,20.639,1.29,0.008,0.033,1.532,,,2026-07-26 00:25:26
重庆市,长江流域,郁江桥,2026-07-26 00:00,1,28.16,8.64,12.94,248.424,7.787,0.86,,0.014,1.117,,,2026-07-26 00:25:26
四川省,长江流域,二江寺,2026-07-26 00:00,2,25.25,7.78,7.86,360.4,45.3,1.72,0.068,0.068,1.446,,,2026-07-26 00:25:26
四川省,长江流域,三邑大桥,2026-07-26 00:00,2,24.21,7.63,6.87,262.5079,43.1649,1.37,0.021,0.038,1.7431,,,2026-07-26 00:25:26
四川省,长江流域,李家湾,2026-07-26 00:00,3,32.14,7.97,8.2,396.2,13.8,2.28,0.006,0.142,1.989,,,2026-07-26 00:25:26
四川省,长江流域,湾凼,2026-07-26 00:00,5,30.84576,7.34,2.09,405.2105,15.05889,5.54,0.006,0.044,0.644547,,,2026-07-26 00:25:26
四川省,长江流域,沱江大桥,2026-07-26 00:00,2,33.16,7.97,6.98,345.5541,13.06663,2.29,0.017,0.097,1.648558,,,2026-07-26 00:25:26
四川省,长江流域,醒觉溪,2026-07-26 00:00,1,30.32,8.26,8.56,402.1,0.13,1.34,0.015,0.017,3.5,,,2026-07-26 00:25:26
四川省,长江流域,胡市大桥,2026-07-26 00:00,3,33.97,8.38,19.85,439.0152,10.4919,5.21,0.041,0.082,1.4894,,,2026-07-26 00:25:26
四川省,长江流域,泸天化大桥,2026-07-26 00:00,2,31.68,7.94,7.7,348.953,11.1474,1.85,0.005,0.045,2.6013,,,2026-07-26 00:25:26
四川省,长江流域,纳溪大渡口,2026-07-26 00:00,2,24.27,7.88,7.21,387.548,30.083,0.97,,0.06,1.1964,,,2026-07-26 00:25:26
四川省,长江流域,两汇水,2026-07-26 00:00,2,30.57068,8.13,6.35,149.395,4.198682,1.35,0.052,0.018,0.678,,,2026-07-26 00:25:26
四川省,长江流域,太平渡,2026-07-26 00:00,2,29.93656,8.31,6.86,512.2245,11.39576,1.3,0.002,0.032,3.345,,,2026-07-26 00:25:26
四川省,长江流域,象山,2026-07-26 00:00,3,33,8.16,9.74,441.59,6.2,4.97,,0.111,0.461,,,2026-07-26 00:25:26
四川省,长江流域,双江桥,2026-07-26 00:00,2,29.4,8.19,6.14,752.44,24.49,1.88,,0.092,2.04,,,2026-07-26 00:25:26
四川省,长江流域,三川,2026-07-26 00:00,2,27.17,8.24,6.16,748.7,16.12,1.06,,0.099,2.263,,,2026-07-26 00:25:26
四川省,长江流域,西平镇,2026-07-26 00:00,2,31.81,8.05,10.45,508.08,17.84,2.38,,0.033,2.158,,,2026-07-26 00:25:26
四川省,长江流域,姚渡,2026-07-26 00:00,1,24.13295,8.25,7.76,359.7324,24.39948,0.77,0.038,0.002,1.586,,,2026-07-26 00:25:26
四川省,长江流域,清泉乡,2026-07-26 00:00,2,32.8,8.29,7.76,347.5,5.8319,2.07,,0.013,0.53,,,2026-07-26 00:25:26
四川省,长江流域,大安,2026-07-26 00:00,3,33.25,8.5,14.25,456.95,14.8,5.83,,0.08,0.96,,,2026-07-26 00:25:26
四川省,长江流域,梓江大桥,2026-07-26 00:00,2,31.16,8.49,8.11,434.8,5.6,3.24,,0.033,0.618,,,2026-07-26 00:25:26
四川省,长江流域,大埂,2026-07-26 00:00,3,34.37,8.15,7.32,426.6,5.98,4.8,0.258,0.065,0.362834,,,2026-07-26 00:25:26
四川省,长江流域,金溪电站,2026-07-26 00:00,2,30.48,8.03,7.26,409.355,9.6625,2.01,0.014,0.016,1.112,,,2026-07-26 00:25:26
四川省,长江流域,升钟水库铁炉寺,2026-07-26 00:00,2,32.89,8.51,10.22,376.49,2.12,2.94,,0.009,0.303,,,2026-07-26 00:25:26
四川省,长江流域,越溪河两河口,2026-07-26 00:00,4,32.68,8.38,8.95,550.7,21.6,6.2,,0.078,0.773,,,2026-07-26 00:25:26
四川省,长江流域,月波,2026-07-26 00:00,2,22.98,7.48,7.52,260,27.6,1.64,0.053,0.049,1.698,,,2026-07-26 00:25:26
四川省,长江流域,三块石,2026-07-26 00:00,1,23.34,8.14,7.98,500.4,3.88,0.59,0.012,0.01,0.844,,,2026-07-26 00:25:26
四川省,长江流域,洛亥,2026-07-26 00:00,2,22.8,8.14,7.76,326.4797,8.120687,1.23,0.003,0.075,2.648,,,2026-07-26 00:25:26
四川省,长江流域,幺滩,2026-07-26 00:00,2,33.92,8.56,8.5,488.98,17.45,2.84,,0.052,0.939,,,2026-07-26 00:25:26
四川省,长江流域,团堡岭,2026-07-26 00:00,2,32.84,8.56,12.86,280.49,6.108,3.47,,0.024,0.646,,,2026-07-26 00:25:26
四川省,长江流域,大蹬沟,2026-07-26 00:00,2,31.48,8.03,9,272.2,19.9,3.16,0.008,0.023,0.966,,,2026-07-26 00:25:26
四川省,长江流域,白兔乡,2026-07-26 00:00,3,34.5,8.56,20.81,325.8,19.9,5.26,,0.029,0.369,,,2026-07-26 00:25:26
四川省,长江流域,联盟桥,2026-07-26 00:00,4,32.18,7.68,4.72,390.63,13.74,4.53,,0.088,0.9714,,,2026-07-26 00:25:26
四川省,长江流域,舵石盘,2026-07-26 00:00,2,31.29,8.32,12.05,324.5,13.1,3.26,0.034,0.049,1.104,,,2026-07-26 00:25:26
四川省,长江流域,车家河,2026-07-26 00:00,2,33.05,8.46,24.1,290.5,6.12,3.22,,0.04,0.812,,,2026-07-26 00:25:26
四川省,长江流域,手傍岩,2026-07-26 00:00,2,33.91,8.2,14.26,452.9,11.3,3.35,,0.03,1.415,,,2026-07-26 00:25:26
四川省,长江流域,拱城铺渡口,2026-07-26 00:00,2,30.33,7.74,6.78,364.48,19.82,2.09,,0.1,2.241,,,2026-07-26 00:25:26
四川省,长江流域,竹巴龙村,2026-07-26 00:00,3,16.54,8.2,6.69,1051.7,307.7,2.16,0.214,0.114,1.151,,,2026-07-26 00:25:26
四川省,长江流域,昔街大桥,2026-07-26 00:00,2,24.23,7.7,7.12,237.76,283.8,2.47,0.1,0.099,1.679,,,2026-07-26 00:25:26
贵州省,长江流域,棉花渡,2026-07-26 00:00,2,23.766,7.95,7.07,441.73,1.2627,1.46,0.003,0.041,1.8308,,,2026-07-26 00:25:26
贵州省,长江流域,贵铝泵房,2026-07-26 00:00,3,27.666,,11.99,323.8136,9.2576,3.09,0.055,0.027,2.3115,0.03335,1856554,2026-07-26 00:25:26
贵州省,长江流域,花鱼洞,2026-07-26 00:00,6,23.3222,7.28,1.54,369.8174,2.7141,2.13,0.005,0.012,2.3892,0.00505,1580343,2026-07-26 00:25:26
贵州省,长江流域,麦穰,2026-07-26 00:00,3,24.48,8.07,6.35,627.79,7.05,2.26,0.064,0.174,5.191,,,2026-07-26 00:25:26
贵州省,珠江流域,青岩,2026-07-26 00:00,4,25.08,7.91,4.85,534.0623,2.9655,1.91,,0.042,3.4123,,,2026-07-26 00:25:26
贵州省,长江流域,龙场,2026-07-26 00:00,2,20.44,7.91,7.29,402.88,5.25,0.72,0.005,0.014,4.435,,,2026-07-26 00:25:26
贵州省,珠江流域,发耳,2026-07-26 00:00,5,21.83,8.04,7.48,323.676,100.746,11.81,,0.133,3.8,,,2026-07-26 00:25:26
贵州省,长江流域,打秋坪,2026-07-26 00:00,2,25.5,7.96,6.96,484.3,5.7,1.02,,0.052,3.305,,,2026-07-26 00:25:26
贵州省,长江流域,鱼塘大桥,2026-07-26 00:00,2,24.2,7.93,7.28,321.86,1.11,0.67,,0.007,1.715,,,2026-07-26 00:25:26
贵州省,长江流域,坡渡,2026-07-26 00:00,3,26.35,7.98,5.35,305.37,9.75,0.61,,0.007,0.644,,,2026-07-26 00:25:26
贵州省,长江流域,余庆河暗溪坪,2026-07-26 00:00,2,25.38,7.81,9.44,307.22,4.57,0.86,,0.036,1.769,,,2026-07-26 00:25:26
贵州省,长江流域,羊柱头渡口,2026-07-26 00:00,4,25.7,7.7,5.31,763.5,9.568,2.31,0.357,0.203,7.821,,,2026-07-26 00:25:26
贵州省,长江流域,茅台,2026-07-26 00:00,1,26.17,8.27,7.93,415.9,14.68,0.6,0.001,0.02,4.472,,,2026-07-26 00:25:26
贵州省,珠江流域,黄果树,2026-07-26 00:00,1,23.6217,8.25,10.03,609.3,23.64,1.07,,0.014,3.511,,,2026-07-26 00:25:26
贵州省,长江流域,斯拉河大桥,2026-07-26 00:00,2,22.12,7.82,6.98,421.84,3.05,1.12,,0.014,5.306,,,2026-07-26 00:25:26
贵州省,珠江流域,打邦,2026-07-26 00:00,2,29.74,8.44,13.39,364.7,6.81,2.09,0.027,0.021,3.141,,,2026-07-26 00:25:26
贵州省,长江流域,小屯,2026-07-26 00:00,3,27.4,8.84,12.55,345.2911,8.283,4.21,0.044,0.05,4.815,,,2026-07-26 00:25:26
贵州省,珠江流域,坝草,2026-07-26 00:00,1,26.7196,8.33,10.17,371.936,5.1482,1.1,0.005,0.009,3.283,,,2026-07-26 00:25:26
贵州省,珠江流域,万峰湖,2026-07-26 00:00,1,27.1125,8.47,10.1,347.2165,11.5618,0.59,0.008,0.007,2.257,0.0272,495005.6,2026-07-26 00:25:26
贵州省,珠江流域,岔河口,2026-07-26 00:00,2,27.077,8.81,11.68,249.5766,5.1881,3.61,,0.03,2.3571,,,2026-07-26 00:25:26
贵州省,珠江流域,蔗香北,2026-07-26 00:00,1,28.04,8.02,10.85,293.2355,5.2041,1.37,,0.012,1.8985,,,2026-07-26 00:25:26
贵州省,珠江流域,黄泥河,2026-07-26 00:00,2,19.4302,8.09,7.76,406.8441,34.6564,1.52,0.057,0.046,4.6286,,,2026-07-26 00:25:26
贵州省,珠江流域,赵家渡,2026-07-26 00:00,2,22.59,8.16,8.12,377.983,26.95,0.83,0.057,0.042,5.011,,,2026-07-26 00:25:26
贵州省,珠江流域,坡脚,2026-07-26 00:00,2,23.35,7.88,6.61,410.4922,20.5422,1,0.004,0.023,4.5251,,,2026-07-26 00:25:26
贵州省,珠江流域,蔗香南,2026-07-26 00:00,1,29.91,8.45,9.8,303.4,6.29,1.18,,0.009,2.1481,,,2026-07-26 00:25:26
贵州省,长江流域,平敏大桥,2026-07-26 00:00,2,26.23,7.68,7.45,113.05,9.18,0.87,,0.019,0.633,,,2026-07-26 00:25:26
贵州省,长江流域,甘溪高碑,2026-07-26 00:00,2,28.8,8.43,10.77,295.6,18.58,2.1,,0.036,0.7187,,,2026-07-26 00:25:26
贵州省,长江流域,跳鱼洞,2026-07-26 00:00,3,25.04,7.94,5.87,383.25,8.24,1.94,0.137,0.096,2.009,,,2026-07-26 00:25:26
贵州省,长江流域,凤山桥边,2026-07-26 00:00,3,24.6788,8.36,8.57,538.17,3.2776,1.02,0.031,0.102,3.047,,,2026-07-26 00:25:26
贵州省,珠江流域,边外河,2026-07-26 00:00,1,23.44,8.04,8.25,313.25,2.74,1.38,0.001,0.01,1.979,,,2026-07-26 00:25:26
贵州省,珠江流域,甲茶,2026-07-26 00:00,1,24.3306,8.11,8.54,307.6615,9.1018,0.9,0.011,0.013,1.1816,,,2026-07-26 00:25:26
云南省,长江流域,通仙桥,2026-07-26 00:00,6,20.77,7.77,5.56,404.01,473.782,2.54,0.05,0.517,5.878,,,2026-07-26 00:25:26
云南省,长江流域,普渡河桥,2026-07-26 00:00,3,24.74,8.08,7.1,483.4726,102.511,5.7,0.078,0.168,2.7513,,,2026-07-26 00:25:26
云南省,珠江流域,禄丰村,2026-07-26 00:00,4,24.32,8.19,7.09,471.9338,884.6378,3.55,0.008,0.208,7.706,,,2026-07-26 00:25:26
云南省,滇池流域,回龙村,2026-07-26 00:00,4,21.99,7.54,4.47,378.5689,88.5052,3.75,0.367,0.148,3.5524,,,2026-07-26 00:25:26
云南省,滇池流域,船房五社桥头,2026-07-26 00:00,3,23.56,7.85,8.56,536.855,6.3319,4.14,,0.078,4.6651,,,2026-07-26 00:25:26
云南省,滇池流域,王大桥,2026-07-26 00:00,3,21.66,6.88,5.46,564.1687,11.3201,3.21,0.048,0.176,5.6196,,,2026-07-26 00:25:26
云南省,滇池流域,大观河入湖口,2026-07-26 00:00,3,22.12,7.8,5.38,449.9428,22.6276,2.25,0.265,0.123,5.784,,,2026-07-26 00:25:26
云南省,滇池流域,大渔乡土罗村入湖口,2026-07-26 00:00,4,22.56,7.42,3.99,312.7198,52.4559,4.07,0.028,0.144,4.383,,,2026-07-26 00:25:26
云南省,滇池流域,新河村入湖口,2026-07-26 00:00,5,21.43,7.51,3.28,425.62,22.854,4.6,1.642,0.227,4.085,,,2026-07-26 00:25:26
云南省,珠江流域,阳宗海中,2026-07-26 00:00,3,25.62,,8.74,421.006,2.215,4.69,0.038,0.013,0.608,0.00712,1259831,2026-07-26 00:25:26
云南省,滇池流域,严家村桥,2026-07-26 00:00,3,22.11779,7.78,6.45,452.9176,20.59211,2.65,0.902,0.177,6.483562,,,2026-07-26 00:25:26
云南省,滇池流域,宝丰村入湖口,2026-07-26 00:00,5,20.3,7.82,5.56,535.66,129.77,4.17,0.348,0.307,4.237,,,2026-07-26 00:25:26
云南省,滇池流域,江尾下闸,2026-07-26 00:00,5,22.68,7.42,3.88,385.2857,50.1382,6.58,0.62,0.322,2.799,,,2026-07-26 00:25:26
云南省,滇池流域,茨巷河入湖口,2026-07-26 00:00,6,22.3,7.7,5.36,302.9227,655.7925,6.66,0.262,1.98,11.47,,,2026-07-26 00:25:26
云南省,滇池流域,东大河滇池入湖口,2026-07-26 00:00,6,20.63,7.38,5.01,359.6326,81.5846,6.45,0.528,0.45,6.761,,,2026-07-26 00:25:26
云南省,滇池流域,草海中心,2026-07-26 00:00,4,25.66,8.84,10.88,354.92,24.72,5.86,,0.057,2.954,0.01762,1.062523,2026-07-26 00:25:26
云南省,滇池流域,灰湾中,2026-07-26 00:00,4,24.46,9,6.73,391.522,47.324,5.29,0.082,0.065,0.716,0.01143,5.613542,2026-07-26 00:25:26
云南省,滇池流域,观音山西,2026-07-26 00:00,4,24.52,8.97,6.7,401.57,38.67,6.14,0.112,0.063,0.779,0.00563,6.755442,2026-07-26 00:25:26
云南省,滇池流域,海口西,2026-07-26 00:00,3,24.24,,6.96,412.84,15.93,5.07,,0.036,0.51,0.01047,6.11557,2026-07-26 00:25:26
云南省,滇池流域,滇池南,2026-07-26 00:00,4,23.41,,7.71,424.72,30.08,7.14,,0.045,0.606,0.03707,1.089353,2026-07-26 00:25:26
云南省,滇池流域,晋城小寨,2026-07-26 00:00,6,19.69,7.8,6.57,419.7518,1243.893,14.78,0.079,0.812,15.828,,,2026-07-26 00:25:26
云南省,长江流域,牛栏江河口,2026-07-26 00:00,3,22.29,7.96,5.58,494.319,71.778,2.34,0.067,0.159,6.543,,,2026-07-26 00:25:26
云南省,珠江流域,花山水库出水口,2026-07-26 00:00,1,23.74,8.5,8.48,330.8965,1.9338,1.19,,0.008,2.3021,,,2026-07-26 00:25:26
云南省,长江流域,以礼河水文站,2026-07-26 00:00,2,18.47,7.75,6.06,308.1187,30.6144,2.01,0.042,0.056,2.5107,,,2026-07-26 00:25:26
云南省,珠江流域,厂房大桥,2026-07-26 00:00,6,24.2,9.37,14,282.6022,21.3859,5.9,0.057,0.198,3.8129,,,2026-07-26 00:25:26
云南省,珠江流域,抚仙湖心,2026-07-26 00:00,2,24.52,8.75,8.52,294.64,2.399,1.17,,0.011,0.113,0.00477,2088720,2026-07-26 00:25:26
云南省,珠江流域,杞麓湖心,2026-07-26 00:00,3,24.45,,6.93,703.96,9.16,5.59,0.021,0.008,1.601,0.02529,7827145,2026-07-26 00:25:26
云南省,珠江流域,星云湖心,2026-07-26 00:00,3,25.04,,9.68,498.054,7.53,5.36,,0.013,0.708,0.00492,4.890048,2026-07-26 00:25:26
云南省,西南诸河,红旗桥,2026-07-26 00:00,1,21.70347,8.05,8.16,319.3826,358.549,1.15,,0.01,0.4577881,,,2026-07-26 00:25:26
云南省,长江流域,云贵桥,2026-07-26 00:00,2,17.88,8.25,7.9,390.693,49.408,1.86,0.034,0.028,3.729,,,2026-07-26 00:25:26
云南省,长江流域,江底桥,2026-07-26 00:00,2,22.2,8.27,6.37,364.4529,9.2684,1.37,,0.037,4,,,2026-07-26 00:25:26
云南省,长江流域,头屯河,2026-07-26 00:00,3,19.23,7.98,7.15,413.916,77.11,5.62,0.446,0.169,6.404,,,2026-07-26 00:25:26
云南省,西南诸河,土卡河水文站,2026-07-26 00:00,2,26.55943,8.33,7.61,,0.6382648,1.07,,0.021,1.0351,,,2026-07-26 00:25:26
云南省,西南诸河,那发出境,2026-07-26 00:00,2,25.29,7.89,7.9,132.1387,76.06,0.78,,0.058,0.9281,,,2026-07-26 00:25:26
云南省,西南诸河,中越桥,2026-07-26 00:00,3,25.3,8.03,8.69,310.475,406.0539,4.68,,0.179,3.2593,,,2026-07-26 00:25:26
云南省,西南诸河,蚂蟥堡桥,2026-07-26 00:00,3,24.83,8.09,8.73,286.7539,524.5127,3.09,,0.185,2.7442,,,2026-07-26 00:25:26
云南省,西南诸河,龙脖渡口,2026-07-26 00:00,2,27.47,7.75,6.69,280.8328,98.6687,2.39,,0.052,2.1165,,,2026-07-26 00:25:26
云南省,西南诸河,小河底河,2026-07-26 00:00,4,25.5,7.89,8.16,337.831,3562.087,4.42,,0.267,0.0371,,,2026-07-26 00:25:26
云南省,珠江流域,异龙湖中,2026-07-26 00:00,4,26.57,8.65,7.09,439.47,3.027,6.79,,0.014,0.365,0.0261,229514,2026-07-26 00:25:26
云南省,珠江流域,长虹桥,2026-07-26 00:00,5,24.32,8.02,7.32,489.7151,3324.679,0.3,0.001,0.382,6.0943,,,2026-07-26 00:25:26
云南省,西南诸河,天保农场,2026-07-26 00:00,2,23.88,8.27,8.96,349.8,40.12,1.58,,0.055,3.4607,,,2026-07-26 00:25:26
云南省,西南诸河,南利大桥,2026-07-26 00:00,2,23.3,8.23,7.99,300.66,95.47,0.94,,0.033,2.375,,,2026-07-26 00:25:26
云南省,西南诸河,洱海湖心,2026-07-26 00:00,3,24.7,8.72,6.86,288.63,3.49,4.84,0.01,0.025,0.505,0.01404,1.560612,2026-07-26 00:25:26
陕西省,黄河流域,灞河口,2026-07-26 00:00,3,30.01,7.91,6.98,267.211,198.6434,5.25,0.025,0.112,4.1782,,,2026-07-26 00:25:26
陕西省,黄河流域,三郎村,2026-07-26 00:00,3,30.28,7.86,6.52,420.193,63.63,4.72,0.104,0.147,3.2742,,,2026-07-26 00:25:26
陕西省,黄河流域,岔口,2026-07-26 00:00,3,25.44,7.69,7.24,1067.233,35.811,4.54,0.281,0.141,8.2006,,,2026-07-26 00:25:26
陕西省,长江流域,黄牛铺,2026-07-26 00:00,4,26.19,8.11,4.88,238.6934,4.4756,1.75,0.003,0.012,0.459,,,2026-07-26 00:25:26
陕西省,黄河流域,魏家堡,2026-07-26 00:00,3,28.54,8.15,7.68,751.6313,116.877,5.01,0.004,0.13,5.831,,,2026-07-26 00:25:26
陕西省,黄河流域,卧龙寺桥,2026-07-26 00:00,2,29.17,8.15,6.56,848.7472,155.1066,3.42,0.013,0.086,4.109,,,2026-07-26 00:25:26
陕西省,长江流域,灶火庵,2026-07-26 00:00,3,26.06,8.09,5.68,373.2415,22.2513,1.29,0.006,0.022,1.003,,,2026-07-26 00:25:26
陕西省,黄河流域,黑河张家桥,2026-07-26 00:00,3,27.49,8.15,5.21,737.0176,71.4557,2.89,0.075,0.06,0.4259,,,2026-07-26 00:25:26
陕西省,黄河流域,杨家畔村,2026-07-26 00:00,4,28.8,8.43,7.19,843.509,,4.08,,0.232,3.7111,,,2026-07-26 00:25:26
陕西省,黄河流域,昝家山,2026-07-26 00:00,3,26.4,8.36,7.57,441.43,3155.787,4.79,,0.162,3.0791,,,2026-07-26 00:25:26
陕西省,黄河流域,寺滩,2026-07-26 00:00,3,26.82,8.31,7.08,691.269,,3.48,,0.193,5.9401,,,2026-07-26 00:25:26
陕西省,长江流域,烈金坝,2026-07-26 00:00,2,24.79,8.05,7.4,332.34,1.423,0.49,,0.027,0.9429,,,2026-07-26 00:25:26
陕西省,长江流域,白水江,2026-07-26 00:00,2,28.97,8.12,6.19,311.612,10.493,0.73,,0.016,0.6193,,,2026-07-26 00:25:26
陕西省,黄河流域,温家川,2026-07-26 00:00,3,28.98,8.27,5.99,1273.97,213.7762,4.49,0.007,0.099,2.4071,,,2026-07-26 00:25:26
陕西省,黄河流域,高家川,2026-07-26 00:00,2,28.43,8.37,7.39,805.915,102.7632,1.38,0.002,0.05,2.9331,,,2026-07-26 00:25:26
陕西省,长江流域,小钢桥,2026-07-26 00:00,2,29.67,8.54,9.96,250.83,7.08,3.13,0.0005,0.019,0.846,,,2026-07-26 00:25:26
陕西省,长江流域,老君关,2026-07-26 00:00,2,28.28,8.39,11.21,257.6251,10.1195,2.77,0.012,0.03,1.112,,,2026-07-26 00:25:26
陕西省,长江流域,构峪口,2026-07-26 00:00,2,22.19,8.08,8.41,371.9244,24.8717,2.05,,0.016,1.34,,,2026-07-26 00:25:26
陕西省,长江流域,丹凤下,2026-07-26 00:00,2,27.25,8.19,6.6,398.7029,40.8023,2.17,,0.056,2.0645,,,2026-07-26 00:25:26
陕西省,黄河流域,灵口,2026-07-26 00:00,2,28.11,8.38,6.43,462.5725,21.702,0.93,,0.018,0.9094,,,2026-07-26 00:25:26
甘肃省,黄河流域,新城桥,2026-07-26 00:00,2,18.59,8.24,7.45,511.681,68.115,1.8,0.016,0.053,1.452,,,2026-07-26 00:25:26
甘肃省,黄河流域,湟水桥,2026-07-26 00:00,2,23.4,8.45,7.34,868.791,56.319,1.58,0.08,0.041,3.359,,,2026-07-26 00:25:26
甘肃省,黄河流域,五佛寺,2026-07-26 00:00,2,20.87475,8.3,6.79,621.7769,162.4936,1.94,0.083,0.023,2.312,,,2026-07-26 00:25:26
甘肃省,黄河流域,桦林,2026-07-26 00:00,-1,,,,,,,,,,,,2026-07-26 00:25:26
甘肃省,长江流域,固水子村,2026-07-26 00:00,2,23.66,8.31,7.13,389,114.6,0.88,,0.044,1.092,,,2026-07-26 00:25:26
宁夏回族自治区,黄河流域,平罗黄河大桥,2026-07-26 00:00,2,25.52,8.28,6.92,912.9,727.16,1.25,,0.069,2.721,,,2026-07-26 00:25:26
宁夏回族自治区,黄河流域,麻黄沟,2026-07-26 00:00,2,26.26,8.18,6.25,847.47,794.871,2.47,,0.05,3.1774,,,2026-07-26 00:25:26
宁夏回族自治区,黄河流域,沙湖,2026-07-26 00:00,4,26.82,8.58,8.41,1615.6,20.26,7.2,0.015,0.027,0.997,0.03614,4.7656,2026-07-26 00:25:26
宁夏回族自治区,黄河流域,中卫下河沿,2026-07-26 00:00,2,22.7,8.14,6.77,648.1,2032.4,2.14,,0.064,2.304,,,2026-07-26 00:25:26
北京市,海河流域,鼓楼外大街,2026-07-26 01:00,2,23.78,7.65,7.26,479.22,16.983,2.82,0.045,0.021,3.868,,,2026-07-26 01:27:20
北京市,海河流域,广北滨河路,2026-07-26 01:00,2,24.15,8.02,8.45,446.32,15.48,2.4,0.018,0.025,3.643,,,2026-07-26 01:27:20
北京市,海河流域,沙窝,2026-07-26 01:00,3,27.71,7.34,13.1,841.9,5.906,5.19,0.143,0.091,6.013,,,2026-07-26 01:27:20
北京市,海河流域,新八里桥,2026-07-26 01:00,4,26.4,7.4,4.07,691.889,7.452,3.6,0.058,0.121,6.483,,,2026-07-26 01:27:20
北京市,海河流域,大红门闸上,2026-07-26 01:00,2,23.67,7.52,7.14,1046.1,14.69,2.62,0.002,0.068,4.851,,,2026-07-26 01:27:20
北京市,海河流域,南大荒桥,2026-07-26 01:00,3,27.94,8.54,7.26,869,22.09,4.37,,0.049,2.288,,,2026-07-26 01:27:20
北京市,海河流域,清河闸,2026-07-26 01:00,2,23.58,7.65,6.34,804.14,6.523,2.42,,0.073,7.11,,,2026-07-26 01:27:20
北京市,海河流域,花园路,2026-07-26 01:00,3,22.76,7.41,5.93,791.265,21.1,2.48,0.031,0.087,8.089,,,2026-07-26 01:27:20
北京市,海河流域,白石桥,2026-07-26 01:00,1,22.7,7.94,9.08,436.28,3.808,1.62,0.057,0.014,3.009,,,2026-07-26 01:27:20
北京市,海河流域,八间房漫水桥,2026-07-26 01:00,3,29.2,7.71,5.75,947.01,12.4,2.88,,0.058,3.7333,,,2026-07-26 01:27:20
北京市,海河流域,码头,2026-07-26 01:00,3,28.4,7.27,5.58,965.61,20.111,2.86,,0.048,5.539,,,2026-07-26 01:27:20
北京市,海河流域,罗庄,2026-07-26 01:00,4,28.49,7.82,4.27,1114.728,8.507148,3.84,0.032,0.127,6.2931,,,2026-07-26 01:27:20
北京市,海河流域,小屯桥,2026-07-26 01:00,3,28.8,7.99,6.63,1197.619,17.79319,4.16,0.04,0.131,6.3031,,,2026-07-26 01:27:20
北京市,海河流域,密云水库,2026-07-26 01:00,2,28.28426,8.14,8.81,388.0907,41.19189,2.14,0.067,0.007,3.491554,,,2026-07-26 01:27:20
北京市,海河流域,大关桥,2026-07-26 01:00,3,28.81,8.39,16.05,428.84,31.87,4.25,0.141,0.065,5.3291,,,2026-07-26 01:27:20
北京市,海河流域,辛庄桥,2026-07-26 01:00,2,25.64,8.16,7.57,541.081,57.5478,2.36,,0.04,6.9701,,,2026-07-26 01:27:20
北京市,海河流域,谷家营,2026-07-26 01:00,2,28.47,8.24,17.7,529.297,4.999,3.35,0.105,0.038,2.746,,,2026-07-26 01:27:20
北京市,海河流域,后城,2026-07-26 01:00,3,21.81,8.28,8.44,522.436,127.4693,4.32,0.009,0.102,11.1481,,,2026-07-26 01:27:20
天津市,海河流域,三岔口,2026-07-26 00:00,6,28.31,7.54,1.39,1281.666,25.07504,4.56,1.566,0.14,2.313,,,2026-07-26 01:27:20
天津市,海河流域,北洋桥,2026-07-26 01:00,6,27.73076,7.09,0.75,1228.51,22.08565,5.23,2.464,0.282,4.356376,,,2026-07-26 01:27:20
天津市,海河流域,大红桥,2026-07-26 01:00,6,28.42,7.38,1.85,1243.544,36.17018,5.05,1.371,0.126,3.7841,,,2026-07-26 01:27:20
天津市,海河流域,曹庄子泵站,2026-07-26 01:00,2,30.34,7.72,6.11,268.74,1.47,1.34,0.042,0.005,0.82,,,2026-07-26 01:27:20
天津市,海河流域,生产圈闸,2026-07-26 01:00,6,26.32273,7.44,0.005,987.166,28.30144,4.11,1.66,0.191,2.721053,,,2026-07-26 01:27:20
天津市,海河流域,尔王庄泵站,2026-07-26 01:00,3,29.26,7.57,5.13,252.596,14.52933,2.09,,0.015,0.4181,,,2026-07-26 01:27:20
天津市,海河流域,塘汉公路桥,2026-07-26 01:00,6,24.85,7.41,0.79,976.949,36.80515,4.27,0.722,0.229,5.0541,,,2026-07-26 01:27:20
天津市,海河流域,海河大闸,2026-07-26 01:00,5,28.13,7.54,2.18,2741.544,6.013,4.26,0.545,0.155,2.4504,,,2026-07-26 01:27:20
天津市,海河流域,北排水河防潮闸,2026-07-26 01:00,5,19.04,8.1,2.84,1834,42.1724,3.99,0.003,0.066,0.8522,,,2026-07-26 01:27:20
天津市,海河流域,沧浪渠出境,2026-07-26 01:00,6,27.83,7.89,2.91,4399.8,74.079,9.3,1.378,0.409,5.1085,,,2026-07-26 01:27:20
天津市,海河流域,万家码头,2026-07-26 00:00,5,27.47,7.32,2.86,1085.37,27.46,4.21,1.894,0.167,3.62,,,2026-07-26 01:27:20
天津市,海河流域,蓟运河防潮闸,2026-07-26 01:00,5,27.89038,7.22,2.46,735.949,29.13155,5.81,0.743,0.243,2.767983,,,2026-07-26 01:27:20
天津市,海河流域,马棚口防潮闸,2026-07-26 01:00,4,27.98,7.94,5.95,20511.8,41.4618,6.64,0.568,0.202,4.468,,,2026-07-26 01:27:20
天津市,海河流域,阎辛庄,2026-07-26 01:00,6,19.62566,7.2,0.61,1346.189,35.16234,2.9,0.288,0.1,2.755769,,,2026-07-26 01:27:20
天津市,海河流域,于桥水库库中心,2026-07-26 01:00,3,28.01,,12.4,384.12,8.59,5.6,0.012,0.034,3.076,0.03615,,2026-07-26 01:27:20
天津市,海河流域,于桥水库出口,2026-07-26 00:00,3,26.94,8.72,10.52,362.042,12.71218,4.65,0.118,0.055,3.4621,,,2026-07-26 01:27:20
天津市,海河流域,黎河桥,2026-07-26 01:00,3,23.088,7.69,8.7,759.4,15.01,2.36,0.129,0.157,11.334,,,2026-07-26 01:27:20
天津市,海河流域,沙河桥,2026-07-26 01:00,2,22.47,7.73,6.23,599.06,25.362,1.7,0.195,0.085,9.453,,,2026-07-26 01:27:20
天津市,海河流域,果河桥,2026-07-26 00:00,2,26.56,8.54,12.94,510.2681,7.5285,2.7,,0.076,8.9047,,,2026-07-26 01:27:20
河北省,海河流域,下槐镇,2026-07-26 01:00,3,26.72,8.24,7.47,604.686,310.8171,2.82,0.01,0.162,3.8803,,,2026-07-26 01:27:20
河北省,海河流域,地都,2026-07-26 01:00,3,22.47,7.92,5.98,1170.805,60.483,1.58,0.126,0.035,4.976,,,2026-07-26 01:27:20
河北省,海河流域,平山桥,2026-07-26 01:00,2,26.42,7.96,7.61,1166.49,21.109,1.42,0.008,0.032,5.987,,,2026-07-26 01:27:20
河北省,海河流域,兆通,2026-07-26 01:00,1,30.39,8.64,8.28,280.46,1.14,1.94,0.012,0.007,0.8301,,,2026-07-26 01:27:20
河北省,海河流域,大石桥,2026-07-26 01:00,6,27.73125,6.86,3.91,1028.751,25.39499,5.3,2.434,0.191,9.479697,,,2026-07-26 01:27:20
河北省,海河流域,涧河口,2026-07-26 01:00,4,26.86154,7.37,3.95,636.9642,24.34313,4.41,0.125,0.122,5.111244,,,2026-07-26 01:27:20
河北省,海河流域,丰北闸,2026-07-26 01:00,5,27.05437,7.47,7.59,726.9429,20.54539,6.44,0.083,0.361,5.727436,,,2026-07-26 01:27:20
河北省,海河流域,滦县大桥,2026-07-26 01:00,2,21.06,7.78,7.45,508.471,23.68675,2.69,0.071,0.066,5.1761,,,2026-07-26 01:27:20
河北省,海河流域,新开河口,2026-07-26 01:00,4,34.33884,6.98,4.98,45390.73,4.325745,2.06,0.167,0.044,1.235634,,,2026-07-26 01:27:20
河北省,海河流域,曲周,2026-07-26 01:00,4,30.9,7.38,5.99,865.11,27.878,4.09,1.121,0.141,3.659,,,2026-07-26 01:27:20
河北省,海河流域,沙阳,2026-07-26 01:00,4,31.12,7.98,14,1423.57,38.98,8.32,,0.095,2.1055,,,2026-07-26 01:27:20
河北省,海河流域,后西吴桥,2026-07-26 01:00,4,30.29,7.62,3.91,611.86,68.88,4.59,0.171,0.219,6.4778,,,2026-07-26 01:27:20
河北省,海河流域,北河店,2026-07-26 00:00,5,27.46,7.61,2.93,524.6038,4.9253,1.94,,0.02,4.004,,,2026-07-26 01:27:20
河北省,海河流域,白合,2026-07-26 01:00,3,24.38,8.12,7.88,488.16,369.04,4.58,,0.17,5.149,,,2026-07-26 01:27:20
河北省,海河流域,杜里村,2026-07-26 01:00,2,23.05,8.43,8.97,430.74,138.9,2.2,,0.087,2.3712,,,2026-07-26 01:27:20
河北省,海河流域,温泉屯,2026-07-26 01:00,6,24.11,8.39,6.38,1125.618,1362.725,9.03,0.005,0.431,17.2521,,,2026-07-26 01:27:20
河北省,海河流域,左卫桥,2026-07-26 01:00,3,23.66,8.47,8.21,705.734,390.0397,3.08,0.003,0.164,8.9341,,,2026-07-26 01:27:20
河北省,海河流域,四道甸,2026-07-26 01:00,2,25.79,8.37,7.46,406.286,66.67382,3.83,0.012,0.064,6.7581,,,2026-07-26 01:27:20
河北省,辽河流域,甸子,2026-07-26 01:00,2,19.8,7.84,7.18,362.61,34.84,2.77,0.007,0.08,4.579,,,2026-07-26 01:27:20
河北省,海河流域,何老营,2026-07-26 01:00,4,26.40372,7.79,3.05,3041.344,19.15505,5.32,,0.181,1.043378,,,2026-07-26 01:27:20
河北省,海河流域,大口河口,2026-07-26 01:00,4,27.64,7.79,4.52,8798.41,28.09,5.89,1.276,0.109,4.891,,,2026-07-26 01:27:20
河北省,海河流域,四埝村桥,2026-07-26 01:00,6,26.33,7.51,1.14,4491.207,20.88,6.18,0.73,0.115,2.493,,,2026-07-26 01:27:20
河北省,海河流域,大王务,2026-07-26 00:00,5,26.93,7.4,2.78,608.223,23.59688,7.13,0.072,0.147,1.9451,,,2026-07-26 01:27:20
河北省,海河流域,台头,2026-07-26 01:00,4,29.37696,7.53,4.79,918.924,18.20695,3.66,0.094,0.052,0.6041,,,2026-07-26 01:27:20
河北省,海河流域,三小营,2026-07-26 01:00,5,28.26085,7.47,2.42,933.0114,10.50196,4.52,0.119,0.133,4.368561,,,2026-07-26 01:27:20
河北省,海河流域,小范桥,2026-07-26 00:00,3,29.96,8.6,9.33,828.174,1.614,4.62,0.006,0.062,0.5185,,,2026-07-26 01:27:20
河北省,海河流域,衡水湖大湖心,2026-07-26 00:00,3,29.09,8.23,5.5,1552.686,31.339,5.03,0.102,0.027,0.696,0.026366,1.647019,2026-07-26 01:27:20
河北省,海河流域,南张村,2026-07-26 01:00,3,29.82,8.03,5.93,324.18,5.573,2.22,0.112,0.012,0.8112,,,2026-07-26 01:27:20
河北省,海河流域,安州,2026-07-26 00:00,6,30.1,7.42,1.63,1022.521,61.9237,3.8,1.873,0.147,5.986,,,2026-07-26 01:27:20
河北省,海河流域,膳马庙村北,2026-07-26 01:00,6,29.33,7.52,3.67,894.1219,36.409,7.58,3.519,0.243,7.0057,,,2026-07-26 01:27:20
河北省,海河流域,烧车淀,2026-07-26 01:00,2,29.52,8.02,12,495.78,15.1,,,0.023,2.344,0.00156,4147831,2026-07-26 01:27:20
河北省,海河流域,圈头,2026-07-26 01:00,2,29.58,7.96,7.21,658.79,1.0754,2.99,0.093,0.023,0.949,0.00271,5641125,2026-07-26 01:27:20
河北省,海河流域,采蒲台,2026-07-26 01:00,2,29.33012,7.7,9.3,737.5582,0.405414,2.11,0.052,0.022,1.322989,0.003585,875559.7,2026-07-26 01:27:20
河北省,海河流域,光淀张庄,2026-07-26 01:00,3,29.52,7.62,5.65,556.64,5.78,3.06,0.023,0.029,1.645,0.00471,5665928,2026-07-26 01:27:20
山西省,黄河流域,上兰,2026-07-26 01:00,2,22.57,8.31,7.19,625.137,2.801912,1.41,0.015,,2.2331,,,2026-07-26 01:27:20
山西省,黄河流域,汾河水库出口,2026-07-26 01:00,1,24.92,8.25,7.83,730.228,6.683094,1.99,0.015,0.002,1.4851,0.010521,301330,2026-07-26 01:27:20
山西省,海河流域,堡子湾,2026-07-26 01:00,3,21.68,8.08,5.61,787.39,31.71209,1.39,0.017,0.04,6.7001,,,2026-07-26 01:27:20
山西省,海河流域,册田水库出口,2026-07-26 01:00,3,23.87,8.24,6.96,1153.377,17.68231,4.33,0.109,0.088,0.7921,,,2026-07-26 01:27:20
山西省,海河流域,古家坡,2026-07-26 01:00,3,26.65,8.45,5.92,784.55,35.89236,6,0.014,0.11,1.4281,,,2026-07-26 01:27:20
山西省,海河流域,闫家庄大桥,2026-07-26 01:00,3,25.49,8.43,7.91,543.217,181.378,3.26,,0.127,1.7166,,,2026-07-26 01:27:20
山西省,海河流域,白羊墅,2026-07-26 01:00,3,25.47,7.72,5.76,2044.27,5.989,3.67,0.249,0.16,7.279,,,2026-07-26 01:27:20
山西省,海河流域,王家庄,2026-07-26 01:00,2,25.9,8.25,7.97,697.07,49.62,2.96,0.054,0.063,3.504,,,2026-07-26 01:27:20
山西省,海河流域,司徒桥,2026-07-26 01:00,4,26.87,7.64,4.95,490.1579,36.489,3.61,0.183,0.056,2.112,,,2026-07-26 01:27:20
山西省,海河流域,关河水库出口,2026-07-26 01:00,4,23.57,7.65,4.52,647.2,5.904,3.31,0.255,0.03,1.143,,,2026-07-26 01:27:20
山西省,海河流域,北寨,2026-07-26 01:00,5,24.98,7.56,4.01,706.8,51.4,4.58,1.971,0.134,5.1388,,,2026-07-26 01:27:20
山西省,海河流域,后湾水库出口,2026-07-26 00:00,2,25.35,8.2,7.16,484.32,3.645,2.77,0.001,0.015,1.406,,,2026-07-26 01:27:20
山西省,黄河流域,龙头,2026-07-26 01:00,3,22.69,8.22,7.28,573.72,143.38,4.21,,0.056,,,,2026-07-26 01:27:20
山西省,黄河流域,拴驴泉,2026-07-26 01:00,2,20.28,8.31,8.75,668.614,36.0758,2.19,0.025,0.027,4.9716,,,2026-07-26 01:27:20
山西省,黄河流域,张峰水库出口,2026-07-26 01:00,1,26.3087,8.25,8.05,535.0714,12.1512,1.59,0.043,0.003,3.1816,,,2026-07-26 01:27:20
山西省,海河流域,东榆林水库出口,2026-07-26 01:00,2,25.21,8.29,12.29,695.851,14.40805,3.77,0.006,0.076,2.1391,,,2026-07-26 01:27:20
山西省,黄河流域,杀虎口,2026-07-26 01:00,3,21.47,8.28,7.16,494.836,40.02963,5.01,0.002,0.055,1.4141,,,2026-07-26 01:27:20
山西省,海河流域,王寨村,2026-07-26 00:00,2,25.31,8.17,7.46,608.864,47.766,1.18,,0.03,2.648,,,2026-07-26 01:27:20
山西省,黄河流域,安固桥,2026-07-26 01:00,4,27.252,7.78,4.72,977.151,114.2726,3.72,0.029,0.126,6.4358,,,2026-07-26 01:27:20
山西省,黄河流域,龙门,2026-07-26 00:00,2,27.35,8.39,7.5,1001.395,,2.27,,0.064,2.293,,,2026-07-26 01:27:20
山西省,黄河流域,张留庄,2026-07-26 01:00,5,29.76,8.28,7.89,7830.686,223.513,9.64,1.487,0.349,12.589,,,2026-07-26 01:27:20
山西省,黄河流域,上亳城,2026-07-26 01:00,2,25.32,8.44,6.94,836.496,9.835,2.31,,0.064,4.3655,,,2026-07-26 01:27:20
山西省,黄河流域,小韩村,2026-07-26 01:00,6,25.34,7.38,1.04,1570.29,40.58,4.09,0.674,0.253,3.404,,,2026-07-26 01:27:20
山西省,海河流域,梵王寺,2026-07-26 01:00,2,19.54,7.97,6.92,1278.895,65.70866,2.89,0.185,0.059,4.9141,,,2026-07-26 01:27:20
山西省,海河流域,代县桥,2026-07-26 01:00,3,23.06,8.34,7.48,747.44,149.1241,2.18,0.012,0.121,4.3021,,,2026-07-26 01:27:20
山西省,海河流域,定襄桥,2026-07-26 01:00,4,27.53,8.5,5.61,745.494,1280.37,2.69,0.015,0.22,4.8891,,,2026-07-26 01:27:20
山西省,海河流域,南庄,2026-07-26 01:00,3,24.91,8.33,7.19,576.57,239.6585,4.25,,0.093,6.8551,,,2026-07-26 01:27:20
山西省,海河流域,坪上桥,2026-07-26 01:00,2,17.83,8.09,7.34,457.147,59.82203,1.37,0.015,0.042,4.2791,,,2026-07-26 01:27:20
山西省,黄河流域,河西村,2026-07-26 01:00,4,24.45,8.42,6.89,613.3,449.71,7.06,0.012,0.293,6.529,,,2026-07-26 01:27:20
山西省,黄河流域,上平望,2026-07-26 01:00,4,28.96,7.54,4.9,1140.16,392.43,5.03,0.1,0.048,6.733,,,2026-07-26 01:27:20
山西省,黄河流域,黑城村,2026-07-26 01:00,2,26.02,8.05,7.59,685.7427,3868.737,3.57,0.255,0.077,4.665,,,2026-07-26 01:27:20
山西省,黄河流域,曲立,2026-07-26 01:00,3,22.17,8.06,6.21,597.353,142.7372,2.75,0.029,0.163,4.9551,,,2026-07-26 01:27:20
山西省,黄河流域,裴家川口,2026-07-26 01:00,4,26.96,8.21,8.31,440.713,104.2257,3.02,0.006,0.298,5.2291,,,2026-07-26 01:27:20
山西省,黄河流域,碛口,2026-07-26 01:00,3,28.59,8.55,7.15,917.894,142.3149,4.28,0.017,0.086,8.4811,,,2026-07-26 01:27:20
山西省,黄河流域,裴沟,2026-07-26 01:00,4,26.42,8.24,7.38,555.743,1699.568,4.34,0.001,0.269,4.2571,,,2026-07-26 01:27:20
山西省,黄河流域,三川河两河口桥,2026-07-26 01:00,3,28.38,8.42,6.81,722.133,23.9407,2.96,0.019,0.103,5.7021,,,2026-07-26 01:27:20
山西省,黄河流域,碧村,2026-07-26 01:00,2,28.19,8.48,8.94,618.78,59.28096,2.83,0.01,0.082,5.3091,,,2026-07-26 01:27:20
山西省,黄河流域,北峪口,2026-07-26 01:00,2,20.04843,8.1,7.11,489.984,12.72501,2.41,,0.003,2.3171,,,2026-07-26 01:27:20
山西省,黄河流域,南姚,2026-07-26 01:00,4,28.64,8.09,8.78,829.66,40.89,6.05,0.57,0.1,3.707,,,2026-07-26 01:27:20
内蒙古自治区,黄河流域,大黑河入黄口,2026-07-26 00:00,4,28.73,8.42,10.29,1103.109,162.5342,8.62,0.229,0.224,8.6053,,,2026-07-26 01:27:20
内蒙古自治区,黄河流域,磴口,2026-07-26 00:00,2,24.87,8.22,6.94,1060.212,129.3381,0.34,0.04,0.032,2.0187,,,2026-07-26 01:27:20
内蒙古自治区,松花江流域,成吉思汗,2026-07-26 01:00,3,22.52,7.02,7.93,124.7,42.96,4.25,0.012,0.049,1.44,,,2026-07-26 01:27:20
内蒙古自治区,松花江流域,讷尔克气,2026-07-26 01:00,4,17.01,7.06,8.73,65.413,18.953,7.01,,0.026,0.246,,,2026-07-26 01:27:20
内蒙古自治区,黄河流域,总排干入黄口,2026-07-26 01:00,4,26.164,8.68,6.63,2806.623,47.813,6.69,0.108,0.058,1.0968,,,2026-07-26 01:27:20
内蒙古自治区,黄河流域,三盛公,2026-07-26 00:00,2,29.5403,8.35,7.57,835.7267,367.9709,2.15,0.034,0.034,2.07981,,,2026-07-26 01:27:20
辽宁省,辽河流域,蒲河沿,2026-07-26 01:00,6,28.7,7.16,0.83,435.6,9.4,6.76,0.128,0.264,0.41,,,2026-07-26 01:27:20
辽宁省,辽河流域,于台,2026-07-26 01:00,4,23.22,7.06,4.56,666.918,9.892,3.69,0.654,0.07,7.215,,,2026-07-26 01:27:20
辽宁省,辽河流域,巨流河大桥,2026-07-26 01:00,5,24.73,7.71,7.34,410.8,531.6,10.18,,0.275,5.988,,,2026-07-26 01:27:20
辽宁省,辽河流域,城子坦,2026-07-26 00:00,2,28.04186,7.52,7.34,249.9277,14.04444,2.66,0.07,0.084,4.25042,,,2026-07-26 01:27:20
辽宁省,辽河流域,麦家,2026-07-26 00:00,4,29.7,7.78,3.81,386.2,17.76,4.24,0.191,0.173,1.437,,,2026-07-26 01:27:20
辽宁省,辽河流域,复州湾大桥,2026-07-26 01:00,3,27.7066,7.92,6.27,558.017,9.47394,3.76,0.017,0.101,4.637,,,2026-07-26 01:27:20
辽宁省,辽河流域,三台子,2026-07-26 00:00,3,29.05113,8.7,11.05,569.0209,7.80066,4.55,0.032,0.062,4.28045,,,2026-07-26 01:27:20
辽宁省,辽河流域,万泰,2026-07-26 01:00,2,28.16,8.52,9.31,145.502,4.86533,2.38,0.039,0.014,2.23533,,,2026-07-26 01:27:20
辽宁省,辽河流域,登化,2026-07-26 01:00,4,29.055,8.31,16.83,584.114,33.8722,8.87,0.043,0.17,3.543,,,2026-07-26 01:27:20
辽宁省,辽河流域,口子街,2026-07-26 01:00,3,24.14,7.69,5.8,279.7,8.50448,2.12,0.169,0.041,4.471,,,2026-07-26 01:27:20
辽宁省,辽河流域,关门山大桥,2026-07-26 01:00,2,22.26,7.88,7.08,372.031,5.66,1.14,,0.015,6.419,,,2026-07-26 01:27:20
辽宁省,辽河流域,大伙房水库,2026-07-26 01:00,4,21.36,6.82,8,193.95,78.98,5.55,0.167,0.288,3.971,0.07146,,2026-07-26 01:27:20
辽宁省,辽河流域,北太子河入观音阁水库口,2026-07-26 01:00,2,23.4575,7.75,7.78,262.1125,26.4638,2.03,0.019,0.036,8.631027,,,2026-07-26 01:27:20
辽宁省,辽河流域,老官砬子,2026-07-26 01:00,2,15.64,7.99,11.69,276.1,15.3,1.87,0.032,0.026,3.88,,,2026-07-26 01:27:20
辽宁省,辽河流域,兴安,2026-07-26 01:00,2,17.64,7.91,8.3,305.2,20.2,2.05,0.02,,3.838,,,2026-07-26 01:27:20
辽宁省,辽河流域,南太子河入库口,2026-07-26 00:00,2,22.75,7.45,7.21,180.4,2.24,0.9,0.004,0.007,6.702,,,2026-07-26 01:27:20
辽宁省,辽河流域,蒲石河大桥,2026-07-26 01:00,2,23.03,7.34,8.37,161.5,7.932,2.36,0.124,0.04,3.734,,,2026-07-26 01:27:20
辽宁省,辽河流域,王家沟,2026-07-26 01:00,2,24.56,8.1,8.29,742.02,17.47,2.19,,0.041,4.835,,,2026-07-26 01:27:20
辽宁省,辽河流域,西八千,2026-07-26 01:00,4,29.35,8.38,11.35,675.14,40.96,6.11,,0.079,5.054,,,2026-07-26 01:27:20
辽宁省,辽河流域,张家堡,2026-07-26 01:00,2,27.34,8.18,6.99,677.79,72.119,3.97,,0.075,5.548,,,2026-07-26 01:27:20
辽宁省,辽河流域,女儿河入河口,2026-07-26 01:00,2,27.59,7.92,9.3,790.68,16.68,2.66,,0.043,7.385,,,2026-07-26 01:27:20
辽宁省,辽河流域,何家信子,2026-07-26 01:00,2,23.37,8,7.16,468.6,7.31,3.02,0.06,0.071,2.238,,,2026-07-26 01:27:20
辽宁省,辽河流域,高台子,2026-07-26 01:00,6,18.91,7.58,0.53,867.871,115.237,9.87,0.021,0.293,5.654,,,2026-07-26 01:27:20
辽宁省,辽河流域,茧场,2026-07-26 00:00,1,28.68,8.49,8.03,273.9761,8.03285,1.39,0.008,0.015,5.00121,,,2026-07-26 01:27:20
辽宁省,辽河流域,大清河口,2026-07-26 00:00,3,29.62,8.71,21.88,582.16,6.776,5.2,0.041,0.065,6.168,,,2026-07-26 01:27:20
辽宁省,辽河流域,下口子,2026-07-26 01:00,3,21.76,7.83,8.25,379.3,1186.49,3.26,0.055,0.104,4.691,,,2026-07-26 01:27:20
辽宁省,辽河流域,汤河桥,2026-07-26 01:00,1,21.32,7.86,7.71,390.8,5.27453,1.12,0.017,0.019,2.356,,,2026-07-26 01:27:20
辽宁省,辽河流域,胜利塘,2026-07-26 01:00,6,28.51,7.73,1.76,658.77,74.98,7.66,,0.135,1.87,,,2026-07-26 01:27:20
辽宁省,辽河流域,鲜峰桥,2026-07-26 01:00,4,29.06,8.84,,557.034,14.294,9.38,0.024,0.141,9.116,,,2026-07-26 01:27:20
辽宁省,辽河流域,清辽,2026-07-26 01:00,5,21.347,7.5,7.71,256.3,211.3,10.06,,0.322,7.917,,,2026-07-26 01:27:20
辽宁省,辽河流域,松树水文站,2026-07-26 01:00,2,26.25,7.56,6.97,396.85,22.85,2.75,,0.066,11.154,,,2026-07-26 01:27:20
辽宁省,辽河流域,亮子河入河口,2026-07-26 01:00,4,26.49,7.53,5.59,563.17,54.54,5.36,0.022,0.27,4.913,,,2026-07-26 01:27:20
辽宁省,辽河流域,凌鸿大桥,2026-07-26 01:00,2,26.33,8.09,7.05,778.2,18.9,2.21,,0.036,10.975,,,2026-07-26 01:27:20
辽宁省,辽河流域,章吉营,2026-07-26 01:00,2,27.35,8.06,6.78,796.7,24.1,2.1,,0.042,9.827,,,2026-07-26 01:27:20
辽宁省,辽河流域,大凌河西支入河口,2026-07-26 01:00,2,20.65,8.13,7.61,792.83,116.765,3.54,0.004,0.098,15.333,,,2026-07-26 01:27:20
辽宁省,辽河流域,李家湾大桥,2026-07-26 01:00,2,20.6,7.86,7.45,555.8,30.2,0.64,,0.029,4.727,,,2026-07-26 01:27:20
辽宁省,辽河流域,王家窝棚,2026-07-26 01:00,3,23.47,7.51,5.76,586,8.2,2.23,0.004,0.094,7.916,,,2026-07-26 01:27:20
辽宁省,辽河流域,红石碑入海前,2026-07-26 01:00,2,27.55,8.48,18.93,915.089,11.182,3.64,0.015,0.076,7.539,,,2026-07-26 01:27:20
辽宁省,辽河流域,小渔场,2026-07-26 00:00,3,25.31,7.76,6.29,521.965,62.512,4.08,,0.112,3.23,,,2026-07-26 01:27:20
吉林省,松花江流域,新立城大坝,2026-07-26 01:00,5,23.5875,7.61,2.92,292.3,34.615,3.15,0.019,0.038,2.051,,,2026-07-26 01:27:20
吉林省,松花江流域,松花江村,2026-07-26 01:00,3,23.93,6.83,8.52,160,188.6,5.92,0.334,0.195,5.408,,,2026-07-26 01:27:20
吉林省,松花江流域,砖瓦窑桥,2026-07-26 00:00,6,18.96,7.26,1.47,307.48,497.1,11.72,0.491,0.589,4.622,,,2026-07-26 01:27:20
吉林省,松花江流域,镇江口,2026-07-26 01:00,4,23.57,6.9,6.7,210.8,213.73,5.69,,0.205,4.853,,,2026-07-26 01:27:20
吉林省,松花江流域,靠山大桥,2026-07-26 00:00,-1,,,,,,,,,,,,2026-07-26 01:27:20
吉林省,松花江流域,饮马河大桥,2026-07-26 00:00,3,21.97,7.16,7.21,203.23,118.41,4.6,,0.119,5.118,,,2026-07-26 01:27:20
吉林省,松花江流域,周家河口,2026-07-26 01:00,3,18.02,7.42,7.16,470.69,190.44,5.17,0.045,0.152,2.741,,,2026-07-26 01:27:20
吉林省,松花江流域,白旗,2026-07-26 00:00,4,19.8212,7.12,9.19,160.105,360.66,7.49,0.194,0.276,13.4839,,,2026-07-26 01:27:20
吉林省,松花江流域,白山大桥,2026-07-26 01:00,3,10.07,7.03,8.3,126.229,33.136,5,0.012,0.039,1.658,,,2026-07-26 01:27:20
吉林省,松花江流域,官厅桥,2026-07-26 00:00,4,24.21,7.02,6.15,178.9,151.2,7.2,0.173,0.234,5.135,,,2026-07-26 01:27:20
吉林省,松花江流域,肖家船口,2026-07-26 01:00,5,22.9,6.64,7.81,89.8716,288.083,12.86,0.19,0.34,2.3832,,,2026-07-26 01:27:20
吉林省,辽河流域,四双大桥,2026-07-26 00:00,4,26.39,7.8,6.96,458.57,352.61,5.92,,0.205,2.772,,,2026-07-26 01:27:20
吉林省,辽河流域,城子上,2026-07-26 00:00,3,25.93,7.86,7.36,406.42,83.15,4.47,0.015,0.092,1.503,,,2026-07-26 01:27:20
吉林省,辽河流域,六家子,2026-07-26 01:00,5,23.7,7.59,6.32,604.5,232.7,6.33,,0.362,9.3885,,,2026-07-26 01:27:20
吉林省,辽河流域,林家,2026-07-26 01:00,4,25.51,7.89,9.14,1005.651,51.872,8.16,,0.183,8.333,,,2026-07-26 01:27:20
吉林省,辽河流域,河清,2026-07-26 01:00,6,20.88,7.17,6.68,312.2,549.9,11.45,,0.44,7.135,,,2026-07-26 01:27:20
吉林省,松花江流域,高集岗桥,2026-07-26 00:00,4,24.25,7.69,7.89,250.4,227.126,7.17,0.246,0.291,12.421,,,2026-07-26 01:27:20
吉林省,辽河流域,云峰,2026-07-26 01:00,3,18.043,7.09,5.57,134.545,33.1786,2.19,0.017,0.024,2.443,,,2026-07-26 01:27:20
吉林省,辽河流域,老虎哨,2026-07-26 01:00,2,20.067,7.28,7.46,107.366,22.7683,2.08,0.015,0.021,2.429,,,2026-07-26 01:27:20
吉林省,辽河流域,鸠谷,2026-07-26 01:00,2,18,7.57,8.42,108.6,27.6,3.16,0.074,0.079,1.553,,,2026-07-26 01:27:20
吉林省,辽河流域,葫芦套,2026-07-26 00:00,2,24.32,8.08,8.55,122.494,31.401,2.72,0.014,0.048,1.672,,,2026-07-26 01:27:20
吉林省,辽河流域,大阳岔,2026-07-26 00:00,2,10.02,7.86,7.54,295.266,9.624,0.6,0.001,0.022,1.959,,,2026-07-26 01:27:20
吉林省,松花江流域,松林,2026-07-26 01:00,3,24.15,6.59,7.13,179.51,88.15,5.57,0.258,0.176,3.53,,,2026-07-26 01:27:20
吉林省,松花江流域,白沙滩,2026-07-26 01:00,4,25.59,7.38,6.99,134.24,46.24,8.36,0.207,0.115,1.856,,,2026-07-26 01:27:20
吉林省,松花江流域,月亮湖下,2026-07-26 01:00,4,27.6,7.21,4.29,138.91,102.39,8.1,,0.196,2.039,,,2026-07-26 01:27:20
吉林省,松花江流域,崇善,2026-07-26 00:00,4,17.26,7.45,9.98,84.899,46.661,8.9,0.036,,1.678,,,2026-07-26 01:27:20
吉林省,松花江流域,石井,2026-07-26 00:00,3,22.65,7.75,7.56,261.409,50.794,4.14,0.106,0.1,2.022,,,2026-07-26 01:27:20
吉林省,松花江流域,三家子,2026-07-26 00:00,4,19.84,7.33,8.62,98.598,61.255,6.76,0.024,0.089,1.65,,,2026-07-26 01:27:20
黑龙江省,松花江流域,摆渡镇,2026-07-26 01:00,5,26.353,7,2.23,194.634,196.032,5.88,0.196,0.171,3.136,,,2026-07-26 01:27:20
黑龙江省,松花江流域,苗家,2026-07-26 00:00,3,28,7.53,8.37,168.3,60.9,4.99,0.052,0.177,2.607,,,2026-07-26 01:27:20
黑龙江省,松花江流域,磨盘山水库出口,2026-07-26 00:00,4,25.84,8.83,10.77,65.61,6.458,6.04,0.044,0.03,1.93,0.00147,19328,2026-07-26 01:27:20
黑龙江省,松花江流域,朱顺屯,2026-07-26 00:00,4,27.3635,7.15,4.74,199.878,117.245,6.73,0.082,0.163,2.759,,,2026-07-26 01:27:20
黑龙江省,松花江流域,阿什河口内,2026-07-26 00:00,5,26.529,7.02,2.11,364.43,40.4,5.14,0.879,0.234,3.615,,,2026-07-26 01:27:20
黑龙江省,松花江流域,呼兰河口内,2026-07-26 01:00,4,26.5,7.49,6.4,440.91,75.77,7.28,0.108,0.187,1.978,,,2026-07-26 01:27:20
黑龙江省,松花江流域,大顶子山,2026-07-26 01:00,5,27.8977,7.07,2.67,203.907,137.879,6.55,0.174,0.097,7.796,,,2026-07-26 01:27:20
黑龙江省,松花江流域,拉哈,2026-07-26 00:00,4,23.16,7.14,5.08,115.068,161.31,8.62,,0.139,1.874,,,2026-07-26 01:27:20
黑龙江省,松花江流域,查哈阳乡,2026-07-26 01:00,4,23.2,7.43,7.94,99.2,97.3,7.34,0.008,0.077,0.889,,,2026-07-26 01:27:20
黑龙江省,松花江流域,音河水库,2026-07-26 01:00,4,24.76,7.17,5.75,183.63,379.12,9.42,,0.186,1.629,,,2026-07-26 01:27:20
黑龙江省,松花江流域,浏园,2026-07-26 00:00,4,24.12,7.21,6.48,130.4,165.2,7.75,,0.111,3.323,,,2026-07-26 01:27:20
黑龙江省,松花江流域,江桥,2026-07-26 01:00,3,26.27,7.53,6.6,147.578,170.027,5.73,,0.091,3.346,,,2026-07-26 01:27:20
黑龙江省,松花江流域,富源村,2026-07-26 01:00,5,24.15,7.42,6.28,98.45,115.72,11.23,0.004,0.137,1.084,,,2026-07-26 01:27:20
黑龙江省,松花江流域,泄洪1闸,2026-07-26 01:00,4,24.982,8.36,7.55,266.115,60.307,4.9,,0.068,2.264,0.034,17536,2026-07-26 01:27:20
黑龙江省,松花江流域,858九队,2026-07-26 00:00,4,27.8,6.94,4.46,206.8,174.341,8.42,0.132,0.133,2.1371,,,2026-07-26 01:27:20
黑龙江省,松花江流域,穆棱河口内,2026-07-26 01:00,3,23.44,7.34,5.46,283.878,9.6215,5.63,0.04,0.066,2.0149,,,2026-07-26 01:27:20
黑龙江省,松花江流域,名山,2026-07-26 01:00,6,21.488,7.26,7.74,86.412,76.001,15.84,0.094,0.054,0.669,,,2026-07-26 01:27:20
黑龙江省,松花江流域,饶河上,2026-07-26 00:00,4,23.37,7.18,6.05,71.4,32.2,8.48,0.032,0.059,1.401,,,2026-07-26 01:27:20
黑龙江省,松花江流域,挠力河口内,2026-07-26 01:00,4,26.354,7.48,5.62,238.779,84.142,6.43,0.158,0.224,0.805,,,2026-07-26 01:27:20
黑龙江省,松花江流域,嫩江口内,2026-07-26 01:00,4,27.19,7.02,4.17,134.824,93.414,7.86,,0.134,1.975,,,2026-07-26 01:27:20
黑龙江省,松花江流域,友好,2026-07-26 01:00,5,22.74,7.23,7.97,99.253,19.857,10.69,0.022,0.058,0.987,,,2026-07-26 01:27:20
黑龙江省,松花江流域,嘉荫,2026-07-26 01:00,5,21.3,7.08,7.81,83.269,44.625,14.5,0.019,0.067,0.739,,,2026-07-26 01:27:20
黑龙江省,松花江流域,双河渠首,2026-07-26 01:00,5,22.26,6.9,7.46,108.4,581.2,11.88,,0.299,3.354,,,2026-07-26 01:27:20
黑龙江省,松花江流域,佳木斯下,2026-07-26 00:00,3,25.4223,7.26,6.08,191.016,104.883,5.88,0.049,0.155,2.699,,,2026-07-26 01:27:20
黑龙江省,松花江流域,汤旺河口内,2026-07-26 01:00,4,24.781,7.02,7.38,93.221,28.976,8.02,0.023,0.071,2.349,,,2026-07-26 01:27:20
黑龙江省,松花江流域,宏克利,2026-07-26 00:00,4,26.54,6.7,5.4,156.4,53.88,6.02,0.043,0.167,3.037,,,2026-07-26 01:27:20
黑龙江省,松花江流域,同江,2026-07-26 01:00,3,24.44,6.83,5.34,174.95,44.64,5.72,0.077,0.063,2.023,,,2026-07-26 01:27:20
黑龙江省,松花江流域,海浪,2026-07-26 01:00,4,22.08,7.04,8.8,91.8,202.38,7.56,0.066,0.116,3.988,,,2026-07-26 01:27:20
黑龙江省,松花江流域,三道,2026-07-26 01:00,5,22.87,6.93,5.65,115.08,133.41,6.83,0.065,0.134,2.98,0.082519,35584,2026-07-26 01:27:20
黑龙江省,松花江流域,黑河下,2026-07-26 01:00,5,20.56,7.44,7.61,98.3794,45.0225,14.28,,0.063,0.4926,,,2026-07-26 01:27:20
黑龙江省,松花江流域,呼玛上,2026-07-26 01:00,3,27.673,8.1,7.46,,2.495,,0.055,0.102,1.157,,,2026-07-26 01:27:20
黑龙江省,松花江流域,呼玛河口内,2026-07-26 01:00,4,19.24,7.28,8.26,64.917,5.25,7.44,0.029,0.028,0.325,,,2026-07-26 01:27:20
黑龙江省,松花江流域,加格达奇上,2026-07-26 01:00,4,15.74,6.96,8.85,60.969,13.9775,6.4,,0.021,0.257,,,2026-07-26 01:27:20
上海市,长江流域,富锦路桥,2026-07-26 01:00,4,33.1,7.64,3.57,447.6,66.5,3.2,0.029,0.164,2.312,,,2026-07-26 01:27:20
上海市,太湖流域,明星路桥,2026-07-26 00:00,4,31.62,7.14,4.08,431.9836,38.92672,5.37,0.328,0.219,3.60856,,,2026-07-26 01:27:20
上海市,太湖流域,临江,2026-07-26 01:00,5,32.18,7.35,2.66,471.8,38.14,4.53,0.056,0.139,2.28,,,2026-07-26 01:27:20
上海市,太湖流域,浙江路桥,2026-07-26 01:00,6,32.691,7.26,1.93,502.382,92.936,4.11,0.465,0.241,3.235,,,2026-07-26 01:27:20
上海市,太湖流域,闵行西界,2026-07-26 01:00,5,32.53,7.32,2.93,461.81,31.52,4.06,0.138,0.13,2.317,,,2026-07-26 01:27:20
上海市,太湖流域,吴淞口,2026-07-26 01:00,3,30.181,7.79,5.69,330.74,20.751,3.53,,0.134,2.017,,,2026-07-26 01:27:20
上海市,太湖流域,蕴川路桥,2026-07-26 01:00,3,30.83,7.69,5.17,322.14,42.73,2.59,,0.086,1.764,,,2026-07-26 01:27:20
上海市,太湖流域,黄渡,2026-07-26 01:00,4,32.45,7.43,4.3,556.9,49.47,4.2,0.238,0.178,2.106,,,2026-07-26 01:27:20
上海市,太湖流域,三甲港,2026-07-26 01:00,3,30.54,7.83,6.6,330,63.17,2.69,0.134,0.122,1.555,,,2026-07-26 01:27:20
上海市,太湖流域,二团,2026-07-26 01:00,4,31.33,7.57,3.51,585.5,43.34,3.41,0.005,0.18,2.375,,,2026-07-26 01:27:20
上海市,太湖流域,横潦泾,2026-07-26 01:00,4,32.17,7.29,3.11,462.7,44.21,6.8,0.898,0.248,4.342,,,2026-07-26 01:27:20
上海市,太湖流域,斜塘口,2026-07-26 01:00,4,32.68,7.43,3.42,444.98,27.61,5.25,0.295,0.132,2.837,,,2026-07-26 01:27:20
上海市,太湖流域,急水港桥,2026-07-26 01:00,4,32.04,7.39,3.75,486.9,12.4,3.97,0.008,0.084,1.178,0.006,4883451,2026-07-26 01:27:20
上海市,太湖流域,淀峰,2026-07-26 01:00,3,32.23,8.49,6.6,500.77,35.19,4.39,,0.097,0.992,,,2026-07-26 01:27:20
上海市,太湖流域,太浦河桥,2026-07-26 01:00,5,32.25,7.22,2.62,393.09,24.74,4.58,0.081,0.1,1.842,,,2026-07-26 01:27:20
上海市,太湖流域,钱桥,2026-07-26 01:00,4,31.1,7.59,4.12,529.4,38.6,4.38,0.158,0.175,2.215,,,2026-07-26 01:27:20
上海市,长江流域,七效港西桥,2026-07-26 01:00,3,28.69,7.71,6.4,570.33,99.53,4.38,0.18,0.116,1.366,,,2026-07-26 01:27:20
上海市,长江流域,五效,2026-07-26 01:00,2,31.29,7.79,6.38,345.14,41.13,1.92,0.019,0.07,1.541,,,2026-07-26 01:27:20
江苏省,长江流域,七桥瓮,2026-07-26 01:00,3,31.79,7.37,6.78,448.55,21.28,5.34,0.601,0.149,2.467,,,2026-07-26 01:27:20
江苏省,长江流域,钱家渡,2026-07-26 01:00,3,32.52,7.79,5.86,218.96,54.01,3.76,,0.083,1.54,,,2026-07-26 01:27:20
江苏省,太湖流域,锡东水厂,2026-07-26 01:00,3,32.8,8.38,6.73,448.81,27.88,2.4,0.011,0.029,0.501,0.00338,2547470,2026-07-26 01:27:20
江苏省,太湖流域,兰山嘴,2026-07-26 01:00,5,31.79,,8.2,402.01,114.1,5.28,0.008,0.126,1.092,0.01006,2.240233,2026-07-26 01:27:20
江苏省,太湖流域,蠡桥,2026-07-26 00:00,2,33.45,7.92,6.11,503.94,52.45,3.05,0.183,0.077,1.053,,,2026-07-26 01:27:20
江苏省,太湖流域,百渎港桥,2026-07-26 01:00,4,32.5,7.48,4.07,413,33.15,3.15,0.033,0.116,1.719,,,2026-07-26 01:27:20
江苏省,太湖流域,殷村港桥,2026-07-26 01:00,3,32.45,7.76,5.88,401.17,111.88,5.54,0.103,0.161,1.657,,,2026-07-26 01:27:20
江苏省,太湖流域,大浦港桥,2026-07-26 01:00,4,32.68,7.52,3.26,465.6,66.2,4.73,,0.135,2.012,,,2026-07-26 01:27:20
江苏省,太湖流域,五牧,2026-07-26 00:00,3,33.64,7.09,5.12,361.62,30.38,2.62,0.092,0.138,3.219,,,2026-07-26 01:27:20
江苏省,太湖流域,拖山,2026-07-26 01:00,4,32.63,8.4,6.76,426.3,68.21,3.53,0.002,0.06,0.824,0.00826,9631776,2026-07-26 01:27:20
江苏省,太湖流域,五里湖心,2026-07-26 01:00,4,32.99,8.85,9.37,465.08,20.70721,4.76,,0.066,0.524,0.01448,2.306616,2026-07-26 01:27:20
江苏省,太湖流域,金潼桥,2026-07-26 01:00,3,30.71,7.71,5.48,273.7,51.44,2.35,0.021,0.066,1.638,,,2026-07-26 01:27:20
江苏省,太湖流域,大港桥,2026-07-26 01:00,2,31.5,8.31,8.81,155.52,2.03,2.77,0.028,0.028,1.52,,,2026-07-26 01:27:20
江苏省,太湖流域,潘家坝,2026-07-26 01:00,4,33.087,7.18,4.27,389.027,48.923,4.09,0.044,0.094,2.19,,,2026-07-26 01:27:20
江苏省,太湖流域,长济桥,2026-07-26 01:00,4,31.2,7.61,4.96,322.1,24.03,2.4,0.258,0.132,2.076,,,2026-07-26 01:27:20
江苏省,太湖流域,钓邾大桥,2026-07-26 00:00,4,32.03,7.77,5.03,540.44,25.93,4.66,0.284,0.225,1.345,,,2026-07-26 01:27:20
江苏省,长江流域,小湾,2026-07-26 01:00,3,29.99,7.71,5.14,262.88,24.56,1.73,,0.077,1.629,,,2026-07-26 01:27:20
江苏省,淮河流域,李庄,2026-07-26 01:00,4,30.05,8.43,9.76,627.7,9.8,4.04,0.022,0.252,6.833,,,2026-07-26 01:27:20
江苏省,淮河流域,李集桥,2026-07-26 00:00,3,30.15,8.79,10.28,1388.54,3.16,5.32,0.013,0.056,0.726,,,2026-07-26 01:27:20
江苏省,淮河流域,华山闸,2026-07-26 00:00,3,30.89,8.68,11.54,1159.4,7.07,4.88,0.013,0.044,0.649,,,2026-07-26 01:27:20
江苏省,淮河流域,沙庄桥,2026-07-26 01:00,4,31.42,7.92,7.19,1362.1,24.2,7.09,0.218,0.095,1.238,,,2026-07-26 01:27:20
江苏省,淮河流域,张楼,2026-07-26 00:00,4,29.696,7.5,4.07,1090.746,8.442,2.21,0.202,0.119,3.033,,,2026-07-26 01:27:20
江苏省,淮河流域,沙集西闸,2026-07-26 00:00,5,30.36,7.2,2.68,599.4,33.66,6.75,,0.279,3.098,,,2026-07-26 01:27:20
江苏省,淮河流域,艾山西大桥,2026-07-26 01:00,4,30.801,8.3,9.5,938.526,24.06,7.04,,0.195,7.24,,,2026-07-26 01:27:20
江苏省,淮河流域,下楼公路桥,2026-07-26 00:00,4,32.09,7.79,21.68,787.09,30.67,8.28,0.081,0.267,2.2145,,,2026-07-26 01:27:20
江苏省,长江流域,魏村,2026-07-26 01:00,3,30.34,7.66,5.21,267.65,30.51,1.96,,0.08,1.629,,,2026-07-26 01:27:20
江苏省,太湖流域,姚巷桥,2026-07-26 01:00,3,33.1,7.55,6.66,417.92,13.07,4.8,0.098,0.097,2.698,,,2026-07-26 01:27:20
江苏省,太湖流域,黄埝桥,2026-07-26 01:00,4,30.6,7.72,4.78,306.1,32.25,2.5,0.094,0.103,1.643,,,2026-07-26 01:27:20
江苏省,太湖流域,落蓬湾,2026-07-26 01:00,3,32.75,7.52,5.48,295.4,32.2,4.28,0.099,0.062,1.316,,,2026-07-26 01:27:20
江苏省,太湖流域,九号桥,2026-07-26 00:00,2,31.12,8.02,7.43,309.8,24.3,2.14,0.01,0.071,1.466,,,2026-07-26 01:27:20
江苏省,太湖流域,胥湖心,2026-07-26 01:00,1,32.33,,8.48,351.96,8.79,1.99,,0.01,0.193,0.0006,259184.4,2026-07-26 01:27:20
江苏省,太湖流域,望亭上游,2026-07-26 00:00,3,31.97,7.55,5.68,519.75,24.74,2.48,0.106,0.129,2.594,,,2026-07-26 01:27:20
江苏省,太湖流域,千灯浦口,2026-07-26 01:00,4,32.05,7.17,3.92,587.775,43.336,4.79,0.097,0.13,1.1795,,,2026-07-26 01:27:20
江苏省,太湖流域,朱厍港口,2026-07-26 01:00,5,31.1,7.15,2.74,580,50.8,4.38,,0.096,0.819,,,2026-07-26 01:27:20
江苏省,太湖流域,浏河闸,2026-07-26 01:00,4,31.12,7.74,4.43,395.941,58.068,4.54,0.003,0.142,2.3796,,,2026-07-26 01:27:20
江苏省,太湖流域,江边闸,2026-07-26 00:00,3,31.96,8.48,11.66,448.1,26.78,4.25,,0.103,1.947,,,2026-07-26 01:27:20
江苏省,太湖流域,瓜泾口西,2026-07-26 01:00,2,32.86,8.58,7.47,396.5,4.97,3.1,,0.025,0.458,,,2026-07-26 01:27:20
江苏省,太湖流域,航管站,2026-07-26 01:00,2,33.74,8.39,6.4,444.15,25.12,2.5,,0.016,0.605,,,2026-07-26 01:27:20
江苏省,太湖流域,越溪桥,2026-07-26 01:00,4,32.93,7.58,4.98,454.1,39.1,5.22,0.211,0.116,1.155,,,2026-07-26 01:27:20
江苏省,太湖流域,312国道桥,2026-07-26 00:00,2,35.14,8.77,9.68,408.43,19.17,3.87,,0.051,0.883,,,2026-07-26 01:27:20
江苏省,太湖流域,赵屯,2026-07-26 01:00,4,31.81,7.55,4.87,736.892,42.091,3.98,0.043,0.148,2.645,,,2026-07-26 01:27:20
江苏省,淮河流域,东安闸桥西,2026-07-26 01:00,6,31.99,7.32,3.11,980.9,46.36,7.98,1.682,0.416,3.761,,,2026-07-26 01:27:20
江苏省,长江流域,九圩港桥,2026-07-26 01:00,3,30.8,7.77,5.49,299,41.22,3.01,0.028,0.106,1.646,,,2026-07-26 01:27:20
江苏省,长江流域,碾砣港闸,2026-07-26 00:00,3,31.93,8.6,16.42,356.1,24.36,5.18,0.017,0.088,1.653,,,2026-07-26 01:27:20
江苏省,长江流域,聚南大桥,2026-07-26 00:00,3,33.1,7.76,6.29,1008.1,4.3,5.65,0.038,0.14,0.934,,,2026-07-26 01:27:20
江苏省,长江流域,大洋港桥,2026-07-26 00:00,3,31.79,8.04,5.88,424.1,15.37,2.85,,0.173,1.567,,,2026-07-26 01:27:20
江苏省,长江流域,塘芦港闸,2026-07-26 01:00,4,32.517,7.69,4.56,1520.94,5.544,4.94,0.118,0.266,1.406,,,2026-07-26 01:27:20
江苏省,淮河流域,环东闸口,2026-07-26 01:00,5,32.47,8.32,10,887.3,12.69,10.95,0.561,0.301,2.667,,,2026-07-26 01:27:20
江苏省,淮河流域,北凌新闸,2026-07-26 01:00,6,29.59,7.38,0.87,1077,37.25,8.58,1.28,0.546,4.852,,,2026-07-26 01:27:20
江苏省,淮河流域,新浦大桥,2026-07-26 01:00,4,30.594,7.68,8.13,713.166,14.253,7.02,0.581,0.151,5.822,,,2026-07-26 01:27:20
江苏省,淮河流域,柴米河桥,2026-07-26 01:00,5,28.55,7.29,2.24,729.54,58.65,5.64,0.694,0.202,3.1105,,,2026-07-26 01:27:20
江苏省,淮河流域,善后河闸,2026-07-26 01:00,4,31.027,7.61,4.57,957.372,13.401,6.5,0.088,0.244,5.585,,,2026-07-26 01:27:20
江苏省,淮河流域,新村桥,2026-07-26 01:00,4,27.907,7.24,5.77,838.84,9.02,7.73,0.38,0.151,5.256,,,2026-07-26 01:27:20
江苏省,淮河流域,沭南闸,2026-07-26 01:00,4,30.511,8.86,12.27,584.09,2.43,5.78,0.03,0.204,4.853,,,2026-07-26 01:27:20
江苏省,淮河流域,袁闸,2026-07-26 01:00,5,25.48,7.21,2.95,630.94,66.31,5.83,0.891,0.185,3.339,,,2026-07-26 01:27:20
江苏省,淮河流域,墩尚水漫桥,2026-07-26 01:00,4,27.431,8.1,3.9,631.492,4.997,4.49,0.015,0.197,4.76,,,2026-07-26 01:27:20
江苏省,淮河流域,大浦闸,2026-07-26 01:00,4,29.667,7.23,13.02,1313.3,35.96,8.04,0.193,0.144,6.324,,,2026-07-26 01:27:20
江苏省,淮河流域,大板跳闸,2026-07-26 01:00,4,29.245,8.26,10.06,4921.18,34.72,7.49,0.155,0.155,6.989,,,2026-07-26 01:27:20
江苏省,淮河流域,海头大桥,2026-07-26 01:00,4,28.56,8.62,9.62,581.72,11.35,6.04,0.015,0.279,5.303,,,2026-07-26 01:27:20
江苏省,淮河流域,坝头桥,2026-07-26 01:00,4,29.466,8.42,8.71,405.92,20.8,6.05,,0.057,1.251,,,2026-07-26 01:27:20
江苏省,淮河流域,郑园桥,2026-07-26 01:00,4,27.19,7.32,6.68,593.911,102.244,6.65,0.2,0.167,3.608,,,2026-07-26 01:27:20
江苏省,淮河流域,四队桥,2026-07-26 01:00,6,30.48,7.43,1.02,1019.56,25.66,6.29,0.682,0.212,3.567,,,2026-07-26 01:27:20
江苏省,淮河流域,新浦二桥,2026-07-26 01:00,3,28.96,7.41,7.22,705.657,20.46,5.38,0.017,0.193,5.152,,,2026-07-26 01:27:20
江苏省,淮河流域,淮河大桥,2026-07-26 00:00,3,31.255,7.91,6.81,439.18,53.1,4.6,0.114,0.094,2.057,,,2026-07-26 01:27:20
江苏省,淮河流域,五叉河口,2026-07-26 00:00,5,29.81,7.53,3.9,800.056,25.584,13.8,0.07,0.131,,,,2026-07-26 01:27:20
江苏省,淮河流域,戴楼衡阳,2026-07-26 00:00,5,29.22,7.23,2.34,391.83,53.16,6.73,0.151,0.132,2.501,,,2026-07-26 01:27:20
江苏省,淮河流域,总渠苏嘴,2026-07-26 01:00,6,26.79,7.18,1.64,540.99,29.86,3.78,0.178,0.14,1.892,,,2026-07-26 01:27:20
江苏省,淮河流域,唐曹,2026-07-26 01:00,6,28.96,7.08,1.66,503.8,74.47,6.83,,0.306,2.837,,,2026-07-26 01:27:20
江苏省,淮河流域,新洋港闸,2026-07-26 01:00,6,28.44,7.17,1.4,730.49,29.73,7.06,2.176,0.275,4.478,,,2026-07-26 01:27:20
江苏省,淮河流域,富民桥,2026-07-26 01:00,5,29.87,7.2,2.66,701.45,19.2,0.15,0.363,0.212,2.707,,,2026-07-26 01:27:20
江苏省,淮河流域,龙冈凤凰桥,2026-07-26 01:00,5,29.72,7.11,2,521.59,19.51,7.61,1.477,0.059,3.482,,,2026-07-26 01:27:20
江苏省,淮河流域,六垛闸,2026-07-26 01:00,6,28.453,7.11,1.22,642.54,46.71,6.2,0.56,0.202,4.015,,,2026-07-26 01:27:20
江苏省,淮河流域,泰东大桥,2026-07-26 01:00,6,30.1,7.17,1.87,577.04,5.55,6.41,0.502,0.221,2.548,,,2026-07-26 01:27:20
江苏省,淮河流域,城北大桥,2026-07-26 01:00,6,29.247,7.31,0.89,740.82,16.04,7.91,2.587,0.273,4.781,,,2026-07-26 01:27:20
江苏省,淮河流域,草堰大桥,2026-07-26 01:00,5,30.4,7.24,2.11,645.588,1.004,7.11,0.819,0.303,2.785,,,2026-07-26 01:27:20
江苏省,淮河流域,射阳河闸,2026-07-26 01:00,6,28.2,7.31,2.18,824.26,29.35,8.66,2.269,0.242,4.828,,,2026-07-26 01:27:20
江苏省,淮河流域,黄沙港闸,2026-07-26 01:00,6,28.09,7.18,1.63,598.1,22.75,8.63,2.045,0.309,3.958,,,2026-07-26 01:27:20
江苏省,淮河流域,斗龙港闸,2026-07-26 01:00,6,27.427,7.12,1.44,709.887,26.523,6.74,2.503,0.38,4.932,,,2026-07-26 01:27:20
江苏省,淮河流域,川东闸,2026-07-26 01:00,6,29.59,7.24,0.82,825.45,19.7,8.11,2.181,0.517,5.22,,,2026-07-26 01:27:20
江苏省,淮河流域,头罾闸,2026-07-26 01:00,4,29.27,7.77,3.37,736.16,18.54,4.84,1.145,0.146,3.79,,,2026-07-26 01:27:20
江苏省,淮河流域,王港闸,2026-07-26 01:00,6,29.54,7.25,1.03,1086.42,37.74,7.3,1.918,0.497,5.253,,,2026-07-26 01:27:20
江苏省,长江流域,三江营,2026-07-26 01:00,4,29.82,7.6,4.97,432.6,151.9,6.38,0.374,0.159,3.549,,,2026-07-26 01:27:20
江苏省,淮河流域,大运河船闸,2026-07-26 01:00,4,32.76,7.32,3.23,457.2,51.4,6.85,0.991,0.163,3.786,,,2026-07-26 01:27:20
江苏省,淮河流域,江都西闸,2026-07-26 01:00,6,30.17,6.99,1.16,579.9,26.5,7.86,1.297,0.208,3.992,,,2026-07-26 01:27:20
江苏省,长江流域,冻青桥,2026-07-26 01:00,4,30.32,7.58,4.02,494.9,30.74,6.16,0.457,0.175,2.407,,,2026-07-26 01:27:20
江苏省,长江流域,小河口上游,2026-07-26 00:00,4,30.17,7.62,4.97,259.5,45.76,2.57,0.066,0.079,1.306,,,2026-07-26 01:27:20
江苏省,淮河流域,曹庄桥,2026-07-26 01:00,6,29.83,7.12,1.68,580.5,26.44,8.06,1.784,0.274,4.155,,,2026-07-26 01:27:20
江苏省,太湖流域,辛丰镇,2026-07-26 01:00,4,30.78,7.8,4.8,280.9,26.65,2.34,0.057,0.083,1.507,,,2026-07-26 01:27:20
江苏省,太湖流域,林家闸,2026-07-26 01:00,3,30.07,7.7,6.03,258.9,21.4,1.92,,0.152,1.9151,,,2026-07-26 01:27:20
江苏省,长江流域,新河桥,2026-07-26 01:00,2,32.17,8.21,10.76,250.7,8.6,3.01,0.017,0.057,0.83,,,2026-07-26 01:27:20
江苏省,太湖流域,新港桥,2026-07-26 01:00,2,31.95,7.55,6.14,283.3,4.4,2.19,0.024,0.038,0.968,,,2026-07-26 01:27:20
江苏省,太湖流域,吕城,2026-07-26 01:00,4,31.01,7.52,4.33,294.42,34.29,2.58,0.005,0.12,1.715,,,2026-07-26 01:27:20
江苏省,淮河流域,海陵大桥,2026-07-26 01:00,6,30.77,7.29,1.74,528.9,21.56,6.25,0.827,0.166,3.122,,,2026-07-26 01:27:20
江苏省,长江流域,马甸闸西,2026-07-26 01:00,2,30.77,7.84,6.88,332,38.58,3.21,0.011,0.062,1.788,,,2026-07-26 01:27:20
江苏省,长江流域,祥和大桥,2026-07-26 01:00,5,31.11,7.36,2.53,433,6.77,3.3,0.893,0.175,2.287,,,2026-07-26 01:27:20
江苏省,长江流域,新十圩港大桥,2026-07-26 01:00,2,31.56,8.11,8.3,329.9,32.56,3.46,0.016,0.086,1.67,,,2026-07-26 01:27:20
江苏省,长江流域,夏仕港大桥,2026-07-26 01:00,2,32.25,8.42,10.65,346.69,18.9,2.97,0.033,0.057,1.406,,,2026-07-26 01:27:20
江苏省,淮河流域,马陵翻水站,2026-07-26 00:00,4,29.8,7.99,4.22,875.67,22.57,4.19,0.042,0.114,2.52,,,2026-07-26 01:27:20
江苏省,淮河流域,砖瓦厂,2026-07-26 01:00,6,30.02,7.19,1.05,675.6,20.37,7.59,0.775,0.268,6.058,,,2026-07-26 01:27:20
江苏省,淮河流域,顾勒大桥,2026-07-26 00:00,5,30.679,7.47,4.63,605.26,14.14,6.85,1.707,0.27,3.793,,,2026-07-26 01:27:20
江苏省,淮河流域,团结闸,2026-07-26 01:00,4,30.42,8.48,7.83,1171.6,15.21,7.53,0.128,0.086,2.117,,,2026-07-26 01:27:20
江苏省,淮河流域,大屈,2026-07-26 01:00,5,29.875,7.45,3.27,739.68,11.945,10.86,0.472,0.372,4.796,,,2026-07-26 01:27:20
浙江省,浙闽片河流,小金山,2026-07-26 01:00,2,32.33,,11.6,134.75,6.237,2.35,0.005,0.02,0.7116,,,2026-07-26 01:27:20
浙江省,浙闽片河流,千岛湖大坝前,2026-07-26 01:00,1,31.83,,9.51,126.936,2.146,1.3,0.021,0.008,0.5512,,,2026-07-26 01:27:20
浙江省,太湖流域,汪家埠,2026-07-26 01:00,3,31.32,8.66,5.88,225.46,20.91,3.41,0.038,0.061,2.427,,,2026-07-26 01:27:20
浙江省,太湖流域,奉口,2026-07-26 01:00,4,31.42,7.04,4.2,156,10.67,2.16,0.017,0.055,2.478,,,2026-07-26 01:27:20
浙江省,浙闽片河流,桐君山,2026-07-26 00:00,2,30.03,7.43,9.73,141.9,8,1.81,0.006,0.044,1.64,,,2026-07-26 01:27:20
浙江省,浙闽片河流,洋溪渡,2026-07-26 01:00,3,16.68,7.01,5.57,144.472,4.568,1,0.0004,0.013,0.8219,,,2026-07-26 01:27:20
浙江省,浙闽片河流,浦阳江出口,2026-07-26 01:00,2,28.05,8.75,10.68,175,20.16,3.14,0.02,0.039,1.432,,,2026-07-26 01:27:20
浙江省,太湖流域,五杭运河大桥,2026-07-26 01:00,5,32.77,7.16,2.61,345.1,20.84,3.69,0.264,0.127,2.154,,,2026-07-26 01:27:20
浙江省,浙闽片河流,桐庐,2026-07-26 00:00,2,25.27,7.71,9.15,165.1,15,1.96,,0.05,0.958,,,2026-07-26 01:27:20
浙江省,浙闽片河流,街口,2026-07-26 01:00,2,30.49,8.81,9.5,112.01,0.72,2.31,0.017,0.029,1.022,,,2026-07-26 01:27:20
浙江省,浙闽片河流,溪口,2026-07-26 01:00,2,30,7.68,9.43,142.53,3.66,1.2,0.039,0.025,3.409,,,2026-07-26 01:27:20
浙江省,浙闽片河流,清林渡,2026-07-26 01:00,4,32.004,7.17,3.31,347.813,41.001,5.67,0.428,0.147,3.422,,,2026-07-26 01:27:20
浙江省,浙闽片河流,水车,2026-07-26 01:00,4,31.165,7.27,4.83,234.945,10.996,2.39,0.006,0.03,1.143,,,2026-07-26 01:27:20
浙江省,浙闽片河流,大嵩,2026-07-26 01:00,4,33.06,7.66,4.63,249.96,31.2,2.9,0.031,0.073,1.907,,,2026-07-26 01:27:20
浙江省,浙闽片河流,长汀,2026-07-26 01:00,6,32.85,9.09,9.26,177,3.21,1.38,0.002,0.02,1.959,,,2026-07-26 01:27:20
浙江省,浙闽片河流,菁江渡,2026-07-26 01:00,4,33.17,7.14,3.32,231.8,33.6,4.42,0.112,0.106,2.614,,,2026-07-26 01:27:20
浙江省,浙闽片河流,梁桥,2026-07-26 01:00,2,30.53,7.83,9.4,112.55,1.57,1.45,0.004,0.052,1.803,,,2026-07-26 01:27:20
浙江省,浙闽片河流,四灶浦闸,2026-07-26 01:00,3,31.21,8.41,5.59,3879.54,5.77,5.65,0.006,0.04,0.812,,,2026-07-26 01:27:20
浙江省,浙闽片河流,赵山渡,2026-07-26 01:00,1,27.64,7.2,7.8,50.87,3.72,1.42,0.009,0.011,0.701,,,2026-07-26 01:27:20
浙江省,浙闽片河流,小旦,2026-07-26 01:00,2,27.93217,6.52,7.27,77.58434,18.9314,1.05,0.048,0.042,1.50176,,,2026-07-26 01:27:20
浙江省,浙闽片河流,龙湾,2026-07-26 01:00,4,29.54,8,5.82,21850,645.8,3.2,0.607,0.3,10.376,,,2026-07-26 01:27:20
浙江省,浙闽片河流,大荆,2026-07-26 01:00,2,30.5,6.86,7.26,62.76,13.69,0.75,0.016,0.017,0.573,,,2026-07-26 01:27:20
浙江省,浙闽片河流,蒲岐,2026-07-26 01:00,4,31.55,7.06,4.52,193.9,32.44,2.19,0.15,0.124,1.873005,,,2026-07-26 01:27:20
浙江省,浙闽片河流,沙头,2026-07-26 01:00,1,30.31,7.29,7.99,47.204,2.649,1.92,0.034,0.012,0.5924,,,2026-07-26 01:27:20
浙江省,浙闽片河流,清水埠,2026-07-26 01:00,4,31,8.43,4.53,197.75,1259.81,1.21,0.012,0.066,1.533,,,2026-07-26 01:27:20
浙江省,浙闽片河流,江口渡,2026-07-26 01:00,3,30.69,7.72,5.28,32980,472.9,1.65,,0.08,2.208,,,2026-07-26 01:27:20
浙江省,浙闽片河流,第三农业站,2026-07-26 01:00,5,34.54,7.9,3.84,25853.3,460.58,12.99,0.459,0.048,1.306,,,2026-07-26 01:27:20
浙江省,太湖流域,湘家荡,2026-07-26 01:00,3,31.53,7.71,6.24,609.17,16.02,2.84,0.054,0.109,0.721,,,2026-07-26 01:27:20
浙江省,太湖流域,池家浜水文站,2026-07-26 01:00,4,33.502,7.11,4.64,434.61,21.7799,5.48,0.051,0.101,1.851,,,2026-07-26 01:27:20
浙江省,太湖流域,长山闸一号桥,2026-07-26 01:00,5,32.9098,7.15,2.42,432.64,25.5758,5.9,0.177,0.174,3.25,,,2026-07-26 01:27:20
浙江省,太湖流域,南台头闸一号桥,2026-07-26 01:00,6,31.44,7.08,0.8,497.5,23.23,5.82,0.428,0.185,3.432,,,2026-07-26 01:27:20
浙江省,太湖流域,上塘河排涝闸,2026-07-26 01:00,5,31.09,6.96,2.22,449.39,32.52,5.48,0.591,0.236,2.552,,,2026-07-26 01:27:20
浙江省,太湖流域,盐官排涝枢纽,2026-07-26 01:00,4,29.84,7.18,3.2,421.8,17.82,3.8,0.334,0.171,3.172,,,2026-07-26 01:27:20
浙江省,太湖流域,卫八路桥,2026-07-26 00:00,4,32.1,7.32,3.57,519.532,42.642,6.02,0.403,0.155,4.308,,,2026-07-26 01:27:20
浙江省,太湖流域,漕廊公路桥,2026-07-26 00:00,5,32.38241,7.3,2.58,555.1947,26.08388,7.74,1.407,0.226,4.18923,,,2026-07-26 01:27:20
浙江省,太湖流域,朱枫公路桥,2026-07-26 01:00,5,32.07,7.15,2.7,478.57,48.28,4.8,0.259,0.119,2.414,,,2026-07-26 01:27:20
浙江省,太湖流域,红旗塘大坝,2026-07-26 01:00,4,31.46,7.15,3.49,447.6,47.79,4.42,0.095,0.124,2.721,,,2026-07-26 01:27:20
浙江省,太湖流域,枫南大桥,2026-07-26 01:00,5,32.8894,7.2,2.2,473.69,37.8354,5.5,0.301,0.214,2.551,,,2026-07-26 01:27:20
浙江省,太湖流域,青阳汇,2026-07-26 01:00,6,32.17,7.23,1.96,435.5,61.7,6.14,0.943,0.189,3.743,,,2026-07-26 01:27:20
浙江省,太湖流域,小新村,2026-07-26 01:00,5,32.17,7.21,2.85,462.2,34.63,6.44,0.538,0.202,3.427,,,2026-07-26 01:27:20
浙江省,太湖流域,乌镇北,2026-07-26 01:00,6,32.06,7.13,1.88,355.7,57.7,4.17,0.022,0.127,2.535,,,2026-07-26 01:27:20
浙江省,太湖流域,新港口,2026-07-26 00:00,2,32.99,8.15,6.67,287.43,80.63,3.94,0.108,0.072,1.48,0.04286,,2026-07-26 01:27:20
浙江省,太湖流域,大钱,2026-07-26 00:00,2,31.93,8.93,7.65,246.4329,65.17702,3.98,0.052,0.059,1.42243,,,2026-07-26 01:27:20
浙江省,太湖流域,南浔,2026-07-26 01:00,4,32.99,7.23,3.71,356.3,35.6,3.8,0.221,0.118,2.967,,,2026-07-26 01:27:20
浙江省,太湖流域,城西大桥,2026-07-26 01:00,4,31.3,6.96,4.96,195.34,18.29,1.89,0.033,0.036,2.42,,,2026-07-26 01:27:20
浙江省,太湖流域,汤溇,2026-07-26 00:00,2,32.42,8.85,7.31,260.0225,39.2336,3.58,0.07,0.048,1.4932,,,2026-07-26 01:27:20
浙江省,太湖流域,塘浦,2026-07-26 01:00,2,26.95,7.57,7.04,113.97,5.38,1.63,0.027,0.023,1.194,,,2026-07-26 01:27:20
浙江省,太湖流域,荆湾,2026-07-26 01:00,3,30.14,6.36,5.56,186.1,4.11,1.85,0.063,0.028,2.037,,,2026-07-26 01:27:20
浙江省,太湖流域,铁路桥,2026-07-26 01:00,4,32,6.38,4.51,186.57,,1.99,0.059,0.038,2.256,,,2026-07-26 01:27:20
浙江省,太湖流域,小梅口,2026-07-26 01:00,3,33.24,8.31,6.16,348.9,54.81,5.27,0.012,0.076,0.973,,,2026-07-26 01:27:20
浙江省,太湖流域,杨家浦,2026-07-26 01:00,3,33.15742,7.65,5.25,404.803,31.6453,3.51,0.009,0.082,2.132322,,,2026-07-26 01:27:20
浙江省,太湖流域,新塘,2026-07-26 01:00,4,33.01,7.55,4.84,419.5,39.79,3.97,0.026,0.069,1.639,,,2026-07-26 01:27:20
浙江省,太湖流域,合溪,2026-07-26 01:00,4,33.02,7.42,4.55,409.6,46.04,4,0.15,0.036,1.69,,,2026-07-26 01:27:20
浙江省,浙闽片河流,曹娥江大闸闸前,2026-07-26 01:00,6,31.157,9.58,11.67,291.983,19.917,4.33,0.012,0.066,1.944,,,2026-07-26 01:27:20
浙江省,浙闽片河流,屠家埠,2026-07-26 01:00,2,32.263,7.91,8.04,153.438,10.218,3.28,0.027,0.076,2.465,,,2026-07-26 01:27:20
浙江省,浙闽片河流,葛山头,2026-07-26 00:00,4,31.62,6.59,3.28,169.68,17.36,2.83,0.03,0.07,2.684,,,2026-07-26 01:27:20
浙江省,浙闽片河流,湄池,2026-07-26 01:00,4,33.64,7.11,4.11,318.18,37.51,3.85,0.041,0.129,2.65,,,2026-07-26 01:27:20
浙江省,浙闽片河流,王家泾,2026-07-26 01:00,4,33.16,6.95,4.14,258.29,18.44,6.44,0.312,0.077,1.191,,,2026-07-26 01:27:20
浙江省,浙闽片河流,汤曹汇合口,2026-07-26 01:00,2,31.42,7.28,6.39,189.14,13.14,2.4,0.043,0.063,2.852,,,2026-07-26 01:27:20
浙江省,浙闽片河流,义东桥,2026-07-26 01:00,3,31.817,7.34,6.9,447.858,25.853,4.63,0.019,0.146,3.421,,,2026-07-26 01:27:20
浙江省,浙闽片河流,塔下洲,2026-07-26 01:00,3,32.99,8.71,12.84,517.647,27.791,5.87,0.066,0.12,3.1152,,,2026-07-26 01:27:20
浙江省,浙闽片河流,东关桥,2026-07-26 01:00,4,33.106,7.32,4.6,453.129,10.634,3.77,0.056,0.161,2.861,,,2026-07-26 01:27:20
浙江省,浙闽片河流,费垅,2026-07-26 01:00,3,31.8,7.51,7.78,334.265,14.169,3.44,0.176,0.173,2.7801,,,2026-07-26 01:27:20
浙江省,浙闽片河流,台口,2026-07-26 01:00,2,29.38,7.74,6.66,129.66,10.982,1.66,0.029,0.057,1.4039,,,2026-07-26 01:27:20
浙江省,浙闽片河流,南江桥,2026-07-26 01:00,3,31.29,7.78,5.26,368.844,3.776,3.61,0.026,0.134,2.1898,,,2026-07-26 01:27:20
浙江省,浙闽片河流,横山,2026-07-26 01:00,2,30.86,7.51,7.39,172.561,4.647,1.47,0.016,0.027,1.217,,,2026-07-26 01:27:20
浙江省,浙闽片河流,洪坞桥,2026-07-26 01:00,3,31.77,7.31,5.71,269,10,3.8,0.063,0.16,3.502,,,2026-07-26 01:27:20
浙江省,浙闽片河流,章店,2026-07-26 01:00,3,32.22,8.98,6.31,267.346,6.228,5.3,0.037,0.164,1.9767,,,2026-07-26 01:27:20
浙江省,浙闽片河流,将军岩,2026-07-26 01:00,2,31.824,7.16,6.96,211.45,5.09,2.83,0.007,0.077,1.714,,,2026-07-26 01:27:20
浙江省,浙闽片河流,浮石渡,2026-07-26 01:00,2,31.97,8.12,6.91,188.98,5.12,1.48,0.02,0.045,1.616,,,2026-07-26 01:27:20
浙江省,浙闽片河流,双港口,2026-07-26 01:00,2,31.48,7.45,6.35,165.6,17.51,2.27,0.012,0.071,1.633,,,2026-07-26 01:27:20
浙江省,浙闽片河流,郑家,2026-07-26 01:00,2,27.36,6.59,7,73.72,22.83,1.72,0.029,0.043,1.41,,,2026-07-26 01:27:20
浙江省,浙闽片河流,下界首,2026-07-26 01:00,2,28.86,7.33,7.27,171.606,3.54,1.05,0.01,0.018,1.386,,,2026-07-26 01:27:20
浙江省,浙闽片河流,下童,2026-07-26 01:00,3,29.46,7.24,5.89,184.74,11.72,1.44,0.049,0.041,1.501,,,2026-07-26 01:27:20
浙江省,浙闽片河流,东迹渡,2026-07-26 01:00,3,25.18,6.6,5.47,46.06,8.27,0.82,0.022,0.024,1.091,,,2026-07-26 01:27:20
浙江省,长江流域,苏庄,2026-07-26 00:00,2,29.63661,7.17,7.21,56.39485,5.95829,1.29,0.012,0.029,0.60225,,,2026-07-26 01:27:20
浙江省,浙闽片河流,临城,2026-07-26 01:00,3,31.54,7.67,5.63,1200,14.43,3.53,0.061,0.091,1.099,,,2026-07-26 01:27:20
浙江省,浙闽片河流,长潭水库坝口,2026-07-26 01:00,2,31.553,,9.42,52.968,26.894,2.32,0.007,0.016,0.295,,,2026-07-26 01:27:20
浙江省,浙闽片河流,老鼠屿,2026-07-26 01:00,2,31.33,7.36,7.55,,,3.18,0.019,0.063,1.128,,,2026-07-26 01:27:20
浙江省,浙闽片河流,金清新闸,2026-07-26 01:00,4,30.02,7.35,4.35,1280.386,27.524,4.29,0.189,0.16,2.3342,,,2026-07-26 01:27:20
浙江省,浙闽片河流,里石门水库,2026-07-26 01:00,2,31.68,,10.89,73.445,2.414,3.1,0.0003,0.016,0.5687,0.00868,1572586,2026-07-26 01:27:20
浙江省,浙闽片河流,温峤,2026-07-26 01:00,3,31.142,7.81,6.35,342,24.88,3.68,0.154,0.139,2.851,,,2026-07-26 01:27:20
浙江省,浙闽片河流,永宁江口,2026-07-26 01:00,6,32.1,9.16,9.58,137.035,43.469,3.28,0.058,0.1,1.5508,,,2026-07-26 01:27:20
浙江省,浙闽片河流,沙段,2026-07-26 01:00,2,31.14,7.18,6.79,120.004,4.824,2.99,0.034,0.055,1.6674,,,2026-07-26 01:27:20
浙江省,浙闽片河流,柏枝岙,2026-07-26 01:00,2,30.593,6.98,7.44,104.461,10.44,1.15,0.009,0.038,1.685,,,2026-07-26 01:27:20
浙江省,浙闽片河流,均溪,2026-07-26 01:00,1,27.52,7.88,7.83,,4.57,1.7,0.014,0.012,0.612,,,2026-07-26 01:27:20
浙江省,浙闽片河流,风化,2026-07-26 01:00,2,30.33,7.55,7.34,104.9,7.8,1.7,0.053,0.06,1.534,,,2026-07-26 01:27:20
浙江省,浙闽片河流,堰后,2026-07-26 01:00,2,31.51,7.34,7.41,159.6,4.1,2.2,0.032,0.054,2.023,,,2026-07-26 01:27:20
浙江省,浙闽片河流,沙湾上,2026-07-26 01:00,1,24.92,7.29,8.7,29.364,3.663,1.31,0.091,0.011,0.2798,,,2026-07-26 01:27:20
浙江省,浙闽片河流,小溪口,2026-07-26 01:00,1,24.65,7.08,7.65,38.105,7.115,1.41,,0.013,0.4877,,,2026-07-26 01:27:20
安徽省,巢湖流域,三胜大队渡口,2026-07-26 00:00,3,31.46,8.65,11.36,372.823,30.2743,4.89,0.056,0.08,0.523,,,2026-07-26 01:27:20
安徽省,巢湖流域,兆河入湖口渡口,2026-07-26 01:00,4,33.02,7.49,10.38,290.334,19.2414,6.85,0.469,0.052,3.3863,,,2026-07-26 01:27:20
安徽省,巢湖流域,牛角大圩,2026-07-26 01:00,6,29.74,7.18,1.47,434.556,42.1677,5.71,0.128,0.132,2.397,,,2026-07-26 01:27:20
安徽省,巢湖流域,北闸渡口,2026-07-26 00:00,3,29.043,6.67,5.9,191.942,44.696,4.58,0.453,0.088,3.024,,,2026-07-26 01:27:20
安徽省,巢湖流域,希望桥,2026-07-26 01:00,4,30.9,7.24,3.44,490.1,7.4,3.23,1.001,0.143,4.552,,,2026-07-26 01:27:20
安徽省,巢湖流域,石堆渡口,2026-07-26 00:00,5,29.34,6.57,2.99,213.4756,20.7806,5.45,0.317,0.08,2.8523,,,2026-07-26 01:27:20
安徽省,巢湖流域,柘皋大桥,2026-07-26 00:00,4,32.68,7.55,8.32,325.4204,38.7339,6.37,0.07,0.083,1.9499,,,2026-07-26 01:27:20
安徽省,巢湖流域,湖滨,2026-07-26 01:00,5,31.17,,11.42,306.46,41.95,4.56,,0.11,0.942,0.00804,1.932418,2026-07-26 01:27:20
安徽省,巢湖流域,黄麓,2026-07-26 01:00,3,31.58,,11.81,391.38,11.313,4.93,,0.043,0.471,0.00622,3375038,2026-07-26 01:27:20
安徽省,巢湖流域,三河镇大桥,2026-07-26 00:00,6,29.66,6.57,1.04,323.198,40.69,6.3,0.778,0.174,3.401,,,2026-07-26 01:27:20
安徽省,巢湖流域,三河镇新大桥,2026-07-26 00:00,4,30.7,6.9,4.62,123.4,12.06,3.7,0.162,0.078,2.246,,,2026-07-26 01:27:20
安徽省,巢湖流域,施口,2026-07-26 00:00,6,29.5,7.02,1.17,404.9203,30.8214,5.7,1.456,0.209,5.002,,,2026-07-26 01:27:20
安徽省,巢湖流域,靠近大坝,2026-07-26 01:00,2,31.67,6.36,7.54,161.22,5.09,2.8,,0.016,0.588,0.01035,4936877,2026-07-26 01:27:20
安徽省,巢湖流域,新河入湖区,2026-07-26 01:00,4,29.42,6.99,7.65,176.76,12.09,5.01,0.398,0.065,1.998,0.0106,1.780074,2026-07-26 01:27:20
安徽省,巢湖流域,西半湖湖心,2026-07-26 01:00,5,32.15,,14.46,374.53,46.44,7.81,,0.104,0.875,0.00557,4.674318,2026-07-26 01:27:20
安徽省,巢湖流域,龟山,2026-07-26 01:00,3,32.36,8.7,10.77,415.45,29.47,3.45,,0.031,0.23,0.00439,7632470,2026-07-26 01:27:20
安徽省,巢湖流域,东半湖湖心,2026-07-26 01:00,3,32.036,,11.34,431.627,35.121,5.13,,0.038,0.554,0.00479,2.025247,2026-07-26 01:27:20
安徽省,巢湖流域,忠庙,2026-07-26 01:00,4,30.69,,13.92,262.08,46.37,6.84,,0.067,0.975,0.01508,1.944257,2026-07-26 01:27:20
安徽省,巢湖流域,兆河入湖区,2026-07-26 01:00,5,31,,16.12,328.2,41.08,10.92,,0.053,1.118,0.00556,2.764104,2026-07-26 01:27:20
安徽省,巢湖流域,双桥河入湖口,2026-07-26 00:00,3,32.27,7.96,17.84,416.5244,29.1839,4.18,0.04,0.06,1.506,,,2026-07-26 01:27:20
安徽省,巢湖流域,繁华大道桥,2026-07-26 00:00,5,29.49,7.11,3.12,345.369,109.3516,7.68,0.52,0.332,6.114,,,2026-07-26 01:27:20
安徽省,长江流域,东西梁山,2026-07-26 00:00,3,30.22,7.76,5.52,246.0313,44.1168,2.02,0.096,0.081,1.6224,,,2026-07-26 01:27:20
安徽省,长江流域,宝塔根,2026-07-26 00:00,3,28.78,7.22,5.98,152.597,29.3374,2.95,0.122,0.051,1.4866,,,2026-07-26 01:27:20
安徽省,巢湖流域,裕溪口,2026-07-26 00:00,3,30.34,7.59,5.67,381.9518,49.0019,4.64,0.15,0.078,1.1872,,,2026-07-26 01:27:20
安徽省,长江流域,荻港,2026-07-26 00:00,4,30.16,7.34,4.41,338.1,17.1436,3.78,0.096,0.081,1.8318,,,2026-07-26 01:27:20
安徽省,长江流域,澛港桥,2026-07-26 00:00,2,28.87,7.34,7.1,171.5182,18.2713,3.99,0.046,0.056,1.598,,,2026-07-26 01:27:20
安徽省,长江流域,西河入裕溪河口,2026-07-26 00:00,5,30.95,6.74,2.48,280.3761,26.8378,4.68,0.143,0.057,1.654,,,2026-07-26 01:27:20
安徽省,淮河流域,沫河口,2026-07-26 00:00,4,28.76,7.12,3.02,373.4024,20.08,4.32,0.054,0.141,1.645,,,2026-07-26 01:27:20
安徽省,淮河流域,五河,2026-07-26 00:00,4,30,8.11,6.72,884.8089,18.37535,6.62,0.042,0.112,2.13282,,,2026-07-26 01:27:20
安徽省,淮河流域,蚌埠闸上,2026-07-26 01:00,6,29.21,7.3,1.81,460.24,27.06,4.15,0.136,0.192,1.46,,,2026-07-26 01:27:20
安徽省,淮河流域,湖沟,2026-07-26 00:00,6,29.28397,7.87,0.25,1828.223,16.87422,4.8,0.095,0.091,0.66763,,,2026-07-26 01:27:20
安徽省,淮河流域,石头埠,2026-07-26 00:00,4,30.25,7.24,4.76,279.7731,23.71841,2.94,0.056,0.068,1.22629,,,2026-07-26 01:27:20
安徽省,淮河流域,鲁台孜,2026-07-26 00:00,3,29.74,7.35,5.69,268.9785,32.01143,2.81,0.042,0.073,1.21309,,,2026-07-26 01:27:20
安徽省,淮河流域,西淝河闸下,2026-07-26 00:00,3,30.33766,8.14,6.98,884.2764,12.13879,5.7,0.031,0.048,1.06554,,,2026-07-26 01:27:20
安徽省,淮河流域,新城口,2026-07-26 00:00,4,30.15019,7.49,3.87,418.0907,26.51415,3.26,0.003,0.068,1.69816,,,2026-07-26 01:27:20
安徽省,淮河流域,焦岗湖,2026-07-26 01:00,3,30.93,8.76,9.83,623.97,18.69,5.24,0.017,0.028,0.481,0.00816,7075943,2026-07-26 01:27:20
安徽省,淮河流域,大店岗,2026-07-26 00:00,2,29.37,6.56,7.14,130.4618,29.02173,2.86,0.03,0.056,2.07292,,,2026-07-26 01:27:20
安徽省,淮河流域,五里闸,2026-07-26 00:00,4,30.03,7.2,4.35,297.0623,48.58154,4.82,0.061,0.048,1.25685,,,2026-07-26 01:27:20
安徽省,淮河流域,白洋淀渡口,2026-07-26 00:00,5,29.9811,6.95,2.45,302.6221,52.48566,5.9,0.195,0.122,3.9934,,,2026-07-26 01:27:20
安徽省,长江流域,三兴村,2026-07-26 00:00,3,29.89,7.54,5.51,258.5446,53.95592,2.22,0.05,0.058,2.512,,,2026-07-26 01:27:20
安徽省,长江流域,姑溪河大桥,2026-07-26 00:00,2,31.454,7.48,7.01,242.7183,30.1584,3.99,,0.058,1.201,,,2026-07-26 01:27:20
安徽省,长江流域,当涂查湾,2026-07-26 00:00,3,31.82,7.01,6.43,215.8962,28.653,4.14,,0.078,1.487,,,2026-07-26 01:27:20
安徽省,长江流域,雨山河下游,2026-07-26 00:00,4,31.2947,7.39,4.4,654.4504,14.1536,3.52,0.652,0.181,5.7753,,,2026-07-26 01:27:20
安徽省,淮河流域,小王桥,2026-07-26 01:00,3,31.24,8.11,14.1,1542.09,11.13,4.69,0.006,0.063,1.446,,,2026-07-26 01:27:20
安徽省,淮河流域,后常桥,2026-07-26 00:00,4,30.94118,8.77,10.03,1444.477,27.24204,7.19,0.041,0.095,1.13272,,,2026-07-26 01:27:20
安徽省,淮河流域,李大桥闸,2026-07-26 00:00,4,30.83,8.58,4.85,1386.23,8.947,6.43,0.044,0.053,0.65,,,2026-07-26 01:27:20
安徽省,长江流域,顺安河入江口,2026-07-26 00:00,2,28.14785,7.33,7.64,412.5391,14.92518,3.84,0.017,0.041,1.50528,,,2026-07-26 01:27:20
安徽省,长江流域,陈家墩,2026-07-26 00:00,3,29.95,7.78,5.65,248.8074,37.66559,1.72,0.058,0.059,1.84493,,,2026-07-26 01:27:20
安徽省,长江流域,枞阳大闸,2026-07-26 00:00,3,30.16,7.44,7.04,150.2028,60.58425,4.3,0.004,0.052,1.4333,,,2026-07-26 01:27:20
安徽省,长江流域,武昌湖,2026-07-26 00:00,3,31.15,8.63,9.97,169.1379,3.64039,4.34,0.005,0.032,0.64626,0.01273,5671944,2026-07-26 01:27:20
安徽省,长江流域,前江口,2026-07-26 00:00,3,29.72016,7.36,5.75,246.4783,29.2437,2.1,0.055,0.05,2.21756,,,2026-07-26 01:27:20
安徽省,长江流域,花亭湖坝前,2026-07-26 00:00,2,31.62236,,9.57,89.15987,3.27338,2.44,0.009,0.017,0.66679,0.00648,591791.7,2026-07-26 01:27:20
安徽省,长江流域,华阳河入江口,2026-07-26 00:00,3,30.77,7.53,5.62,285.8777,18.04387,5.4,0.066,0.076,1.05443,,,2026-07-26 01:27:20
安徽省,浙闽片河流,篁墩,2026-07-26 00:00,4,27.28453,7.05,4.85,80.19868,11.97433,0.77,0.028,0.039,0.91362,,,2026-07-26 01:27:20
安徽省,浙闽片河流,率水大桥,2026-07-26 00:00,2,22.76498,7.37,9.56,,353.9784,1.15,0.005,0.026,,,,2026-07-26 01:27:20
安徽省,浙闽片河流,浦口,2026-07-26 00:00,3,31.95,8.7,5.19,246.3088,5.9121,2,0.009,0.05,1.2615,,,2026-07-26 01:27:20
安徽省,长江流域,太平湖湖心,2026-07-26 01:00,2,31.81,,11.94,99.28,5.63,3.07,,0.019,0.487,0.01097,1.083545,2026-07-26 01:27:20
安徽省,浙闽片河流,新管,2026-07-26 00:00,2,30.36482,8.86,9.07,207.6592,2.80718,2.74,0.005,0.03,1.17524,,,2026-07-26 01:27:20
安徽省,淮河流域,天长化工厂,2026-07-26 00:00,6,29.62,6.97,1.26,470.7057,120.63,7.87,0.254,0.15,2.7071,,,2026-07-26 01:27:20
安徽省,淮河流域,公路桥,2026-07-26 00:00,4,30.34,7.01,5.18,416.0529,59.9792,6.48,0.205,0.148,2.3569,,,2026-07-26 01:27:20
安徽省,淮河流域,小柳巷,2026-07-26 00:00,4,29.51,6.93,4.23,436.49,44.099,4.14,0.051,0.178,1.92,,,2026-07-26 01:27:20
安徽省,长江流域,水口,2026-07-26 00:00,6,29.35,7.3,5.71,377.4254,145.3245,12.97,1.796,1.859,11.0754,,,2026-07-26 01:27:20
安徽省,长江流域,乌衣下,2026-07-26 00:00,4,29.38,6.98,3.85,272.2709,68.6979,9.56,0.331,0.159,0.977,,,2026-07-26 01:27:20
安徽省,长江流域,襄河大桥,2026-07-26 00:00,4,30.47,7.3,3.68,487.9372,67.0817,7.57,0.663,0.181,,,,2026-07-26 01:27:20
安徽省,长江流域,清流河口,2026-07-26 00:00,6,29.69571,7.24,5.06,345.4663,147.2449,8.18,0.047,0.583,1.90055,,,2026-07-26 01:27:20
安徽省,淮河流域,阜阳段下,2026-07-26 00:00,3,31.2004,7.74,5.21,901.3625,8.68213,2.99,0.038,0.081,3.18592,,,2026-07-26 01:27:20
安徽省,淮河流域,杨湖,2026-07-26 00:00,3,30.9089,8.2,7.79,750.5587,13.58354,4.56,0.026,0.176,1.80759,,,2026-07-26 01:27:20
安徽省,淮河流域,张大桥,2026-07-26 00:00,4,34.42,8.57,9.74,1159.06,8.33,6.17,0.058,0.054,0.7965,,,2026-07-26 01:27:20
安徽省,淮河流域,王家坝,2026-07-26 00:00,4,31.616,8.21,4.83,262.8,20.995,5.23,0.099,0.104,1.69,,,2026-07-26 01:27:20
安徽省,淮河流域,界首七渡口,2026-07-26 00:00,4,32.21,7.42,4.81,760.2,15.22,2.81,0.077,0.12,1.946,,,2026-07-26 01:27:20
安徽省,淮河流域,阜南,2026-07-26 00:00,3,30.88,7.76,7.47,688.4334,2.75153,5.42,0.008,0.139,0.79412,,,2026-07-26 01:27:20
安徽省,淮河流域,阜阳段上游,2026-07-26 00:00,4,29.08234,7.59,3.51,832.1533,22.12393,2.42,0.016,0.091,2.74369,,,2026-07-26 01:27:20
安徽省,淮河流域,东坪集,2026-07-26 00:00,3,31.38,8.42,7.33,2094.141,20.85619,5.87,0.064,0.09,1.07831,,,2026-07-26 01:27:20
安徽省,淮河流域,符离闸,2026-07-26 00:00,4,30.78786,7.67,6.76,1025.308,14.05595,7.04,0.033,0.171,1.75013,,,2026-07-26 01:27:20
安徽省,淮河流域,芦岭桥,2026-07-26 00:00,3,31.32,8.24,9.4,1432.275,11.31,4.94,0.033,0.099,1.6142,,,2026-07-26 01:27:20
安徽省,淮河流域,工农兵大桥,2026-07-26 00:00,3,31.51511,8.24,8.9,292.3167,20.02217,4.93,0.029,0.063,0.958,,,2026-07-26 01:27:20
安徽省,淮河流域,陶洪集,2026-07-26 00:00,2,25.38918,7.4,8.44,86.76673,19.60786,2.22,0.038,0.041,1.9318,,,2026-07-26 01:27:20
安徽省,淮河流域,东湖闸,2026-07-26 00:00,6,31.04,9.3,6.61,266.3335,23.35424,4.97,0.026,0.041,0.74601,,,2026-07-26 01:27:20
安徽省,淮河流域,新安渡口,2026-07-26 00:00,2,26.85,7.48,8.48,107.4819,16.09792,2.56,0.05,0.048,1.47911,,,2026-07-26 01:27:20
安徽省,淮河流域,响洪甸水库出水口,2026-07-26 00:00,4,16.94,6.74,4.8,73.17145,1.48707,2.04,0.003,0.006,1.04307,,,2026-07-26 01:27:20
安徽省,淮河流域,丁埠大桥,2026-07-26 00:00,2,27.34576,7.41,8.23,78.37404,24.83872,3.16,0.009,0.071,0.818,,,2026-07-26 01:27:20
安徽省,巢湖流域,将军宕大桥,2026-07-26 00:00,3,28.98,6.53,5.2,108.769,20.318,2.92,0.054,0.053,1.386,,,2026-07-26 01:27:20
安徽省,淮河流域,固始李畈,2026-07-26 00:00,2,28.62,7.1,7.03,179.9508,5.76706,2.23,0.008,0.034,1.17823,,,2026-07-26 01:27:20
安徽省,淮河流域,涡阳义门大桥,2026-07-26 00:00,3,32.07,8.36,22.52,1394.958,16.0865,5.58,0.02,0.088,0.9286,,,2026-07-26 01:27:20
安徽省,淮河流域,利辛段,2026-07-26 00:00,3,32.47,8.82,11.89,682,6.72,5.12,0.045,0.051,0.725,,,2026-07-26 01:27:20
安徽省,长江流域,五步沟,2026-07-26 00:00,3,29.82,7.76,5.51,242.774,46.66644,1.84,0.045,0.046,2.02478,,,2026-07-26 01:27:20
安徽省,长江流域,张溪,2026-07-26 00:00,1,30.78,7.9,8.4,219.367,16.74914,1.02,0.001,0.016,1.16965,,,2026-07-26 01:27:20
安徽省,长江流域,青通河河口,2026-07-26 00:00,3,29.77272,8.53,8.16,197.3216,10.41317,4.37,0.027,0.073,1.45916,,,2026-07-26 01:27:20
安徽省,长江流域,秋浦河入江口,2026-07-26 00:00,2,30.39381,8.46,10.81,209.239,12.30225,2.68,0.009,0.04,1.52088,,,2026-07-26 01:27:20
安徽省,长江流域,东流,2026-07-26 00:00,2,31.57,8.96,11.2,119.1532,17.71744,3.2,0.034,0.039,1.25974,,,2026-07-26 01:27:20
安徽省,长江流域,南漪湖西湖湖心,2026-07-26 01:00,4,32.46,,10.3,192.19,8.99,5.57,0.008,0.06,1.082,0.01145,8613238,2026-07-26 01:27:20
安徽省,太湖流域,殷桥,2026-07-26 00:00,4,30.92694,7.19,3.78,259.3488,19.7193,7.11,0.004,0.096,2.31429,,,2026-07-26 01:27:20
安徽省,长江流域,汪溪,2026-07-26 00:00,2,30.12,7.93,8.41,202.025,9.2816,1.14,0.036,0.048,1.5144,,,2026-07-26 01:27:20
安徽省,长江流域,狮子口,2026-07-26 00:00,2,31.94,7.72,7.52,422.126,18.461,3.76,0.062,0.1,2.2791,,,2026-07-26 01:27:20
安徽省,长江流域,东村桥,2026-07-26 00:00,4,30.4916,7.46,3.69,490.0622,3.8024,3.93,0.152,0.09,3.04019,,,2026-07-26 01:27:20
安徽省,长江流域,水碧桥,2026-07-26 00:00,4,28.76,7.12,3.25,183.8325,21.93223,3.85,0.008,0.048,1.38942,,,2026-07-26 01:27:20
福建省,浙闽片河流,闽侯竹岐,2026-07-26 00:00,3,29.82,6.78,5.64,91.84,6.81,1.66,0.011,0.038,1.282,,,2026-07-26 01:27:20
福建省,浙闽片河流,闽安,2026-07-26 01:00,2,31.36,7.64,7.14,3155.08,59.2,1.97,0.062,0.038,1.682,,,2026-07-26 01:27:20
福建省,浙闽片河流,连江荷山渡口,2026-07-26 01:00,2,30.552,7.48,7.6,68.94,16.016,,0.004,0.058,0.957,,,2026-07-26 01:27:20
福建省,浙闽片河流,永泰横龙,2026-07-26 01:00,2,29.697,8.62,8.42,37.961,7.633,2.04,0.034,0.015,0.434,,,2026-07-26 01:27:20
福建省,浙闽片河流,闽清雄江,2026-07-26 01:00,2,31.68,8.32,7.44,107.649,2.58,2.33,0.029,0.016,1.126,,,2026-07-26 01:27:20
福建省,浙闽片河流,梅溪口,2026-07-26 01:00,2,30.11,7.3,6.68,123.27,7.37,2.49,0.02,0.092,1.18,,,2026-07-26 01:27:20
福建省,浙闽片河流,隘头潭,2026-07-26 01:00,3,29.65,6.31,5.55,181.371,2.299,1.9,0.059,0.059,0.304,,,2026-07-26 01:27:20
福建省,浙闽片河流,园头桥,2026-07-26 01:00,3,30.43,6.76,6.18,102.4,31.65,1.3,0.056,0.114,2.463,,,2026-07-26 01:27:20
福建省,浙闽片河流,江口桥,2026-07-26 01:00,3,30.9,7.52,5.6,2381.96,21.07,2,0.083,0.094,1.411,,,2026-07-26 01:27:20
福建省,浙闽片河流,将乐万全,2026-07-26 01:00,4,27.505,6.82,3.85,62.683,0.596,1.87,0.028,0.022,0.952,,,2026-07-26 01:27:20
福建省,浙闽片河流,永安安砂水库下游,2026-07-26 01:00,4,26.435,6.54,3.62,85.795,2.827,1.43,0.034,0.03,1.171,,,2026-07-26 01:27:20
福建省,浙闽片河流,斑竹溪渡口,2026-07-26 01:00,3,30.017,7,5.35,186.897,14.167,2.48,0.017,0.067,1.719,,,2026-07-26 01:27:20
福建省,浙闽片河流,建宁袁庄,2026-07-26 01:00,3,29.937,6.82,5.3,111.105,1.035,1.82,0.021,0.07,1.923,,,2026-07-26 01:27:20
福建省,浙闽片河流,大田高才,2026-07-26 01:00,6,30.696,9.91,16.12,116.191,5.236,2.2,0.048,0.033,0.663,,,2026-07-26 01:27:20
福建省,浙闽片河流,尤溪拥口大桥,2026-07-26 01:00,5,29.4,6.89,2.78,124.249,12.081,3.65,0.141,0.076,1.76,,,2026-07-26 01:27:20
福建省,浙闽片河流,南安康美桥,2026-07-26 01:00,3,28.79,7.22,6.68,138.457,5.904,2.2,0.705,0.094,2.1349,,,2026-07-26 01:27:20
福建省,浙闽片河流,永春东关桥,2026-07-26 01:00,4,29.82,6.73,4.95,151.529,13.33914,1.52,0.054,0.067,2.209,,,2026-07-26 01:27:20
福建省,浙闽片河流,安溪罗内桥,2026-07-26 01:00,2,30.807,7.17,6.08,126.6,7.404,0.69,0.323,0.08,2.394,,,2026-07-26 01:27:20
福建省,浙闽片河流,南安霞东桥,2026-07-26 01:00,2,31.95,7.18,6.12,157.05,8.627,1.82,0.211,0.071,2.2473,,,2026-07-26 01:27:20
福建省,浙闽片河流,华安西陂,2026-07-26 01:00,3,29.25404,6.97,5.38,235.5841,15.40912,1.75,0.096,0.098,1.639,,,2026-07-26 01:27:20
福建省,浙闽片河流,南靖靖城桥,2026-07-26 01:00,2,29.58,6.64,6.35,145.2,6.781,1.82,0.095,0.054,4.077,,,2026-07-26 01:27:20
福建省,浙闽片河流,诏安澳子头,2026-07-26 01:00,3,29.11,6.94,5.56,103.613,5.744,2.73,0.179,0.172,1.8307,,,2026-07-26 01:27:20
福建省,浙闽片河流,南靖洪濑汤坑桥,2026-07-26 01:00,2,29.711,6.73,6.39,231.5,18.01,1.39,0.004,0.057,12.951,,,2026-07-26 01:27:20
福建省,浙闽片河流,浦南水文站,2026-07-26 01:00,2,29.22394,7.21,7.12,196.8,21.199,1.36,0.089,0.074,1.46,,,2026-07-26 01:27:20
福建省,浙闽片河流,南溪浮宫桥,2026-07-26 01:00,4,30.91,7.2,4.49,9970.288,25.867,3.4,0.198,0.115,3.4372,,,2026-07-26 01:27:20
福建省,浙闽片河流,上坂,2026-07-26 01:00,4,31,6.53,4.86,191.84,23.128,2.26,0.226,0.111,3.8225,,,2026-07-26 01:27:20
福建省,浙闽片河流,云霄高塘渡口,2026-07-26 01:00,3,28.84,6.76,5.3,154.266,10.926,1.56,0.112,0.096,5.6279,,,2026-07-26 01:27:20
福建省,浙闽片河流,水汾桥,2026-07-26 01:00,2,30.44,7.16,6.48,236.1,5.31,2.06,0.066,0.068,1.675,,,2026-07-26 01:27:20
福建省,浙闽片河流,十里庵,2026-07-26 01:00,3,30.3,6.86,5.59,125.74,12.37,1.61,0.035,0.066,1.558,,,2026-07-26 01:27:20
福建省,浙闽片河流,邵武晒口桥,2026-07-26 01:00,2,29.26,7.18,7.56,77.13,11.94,1.84,0.016,0.047,1.274,,,2026-07-26 01:27:20
福建省,浙闽片河流,武夷山兴田,2026-07-26 00:00,2,30.19082,6.8,6.06,43.83815,10.39751,1.79,0.006,0.052,,,,2026-07-26 01:27:20
福建省,浙闽片河流,建瓯蓬墩,2026-07-26 01:00,3,31.192,6.82,5.9,64.34,8.82,1.86,0.117,0.037,1.443,,,2026-07-26 01:27:20
福建省,浙闽片河流,浪石,2026-07-26 01:00,2,30.693,6.82,6.7,114.767,3.242,1.78,0.075,0.053,1.412,,,2026-07-26 01:27:20
福建省,浙闽片河流,将乐樟应,2026-07-26 01:00,2,30.56567,7.64,8.46,83.425,45.72712,2.5,0.018,0.016,0.849,,,2026-07-26 01:27:20
福建省,浙闽片河流,建阳坪州大桥,2026-07-26 01:00,2,30.91,7.07,7.2,89.67,6.771,2.11,0.027,0.056,1.469,,,2026-07-26 01:27:20
福建省,浙闽片河流,雁石桥,2026-07-26 01:00,2,27.68,7.52,7.57,301.758,23.176,1.46,0.045,0.078,1.691,,,2026-07-26 01:27:20
福建省,珠江流域,长汀美西桥,2026-07-26 01:00,3,28.43,7.06,7.08,136.038,6.259,1.71,0.116,0.101,1.3777,,,2026-07-26 01:27:20
福建省,浙闽片河流,福安赛岐,2026-07-26 01:00,4,30.94,7.1,4.75,6090.15,9.42,3.25,0.023,0.054,2.2,,,2026-07-26 01:27:20
福建省,浙闽片河流,八都,2026-07-26 01:00,3,30.14,7.11,5.54,57.371,2.677,1.94,0.013,0.066,1.235,,,2026-07-26 01:27:20
福建省,浙闽片河流,福安白塔,2026-07-26 00:00,2,30.067,7.31,6.32,52.91,8.27,1.49,0.035,0.059,1.156,,,2026-07-26 01:27:20
福建省,浙闽片河流,福安洪口,2026-07-26 01:00,2,29.48,7.37,7.02,61.59,7.4,1.22,0.01,,1.354,,,2026-07-26 01:27:20
江西省,长江流域,周坊,2026-07-26 00:00,2,30.41,8.23,7.95,156.8835,7.59631,2.71,0.012,0.071,1.4279,,,2026-07-26 01:27:20
江西省,长江流域,大港,2026-07-26 01:00,4,31.12,6.67,4.88,173.6,28.55,2.2,0.082,0.07,1.531,,,2026-07-26 01:27:20
江西省,长江流域,新联,2026-07-26 01:00,3,31.24,6.5,5.62,181.46,21.25,4.29,0.054,0.055,1.9195,,,2026-07-26 01:27:20
江西省,长江流域,生米,2026-07-26 01:00,2,29.928,7.1,6.42,179.467,8.818,,0.025,0.06,1.329,,,2026-07-26 01:27:20
江西省,长江流域,滁槎,2026-07-26 00:00,4,30.8,6.47,3.7,178.9,19.15,2.26,0.128,0.098,1.794,,,2026-07-26 01:27:20
江西省,长江流域,塔城,2026-07-26 01:00,2,33.85,8.79,10.07,102.4,19.25,2.62,0.024,0.037,1.597,,,2026-07-26 01:27:20
江西省,长江流域,昌邑,2026-07-26 01:00,3,29.81,7.92,5.85,174.94,18.08,2.64,0.046,0.074,1.791,,,2026-07-26 01:27:20
江西省,长江流域,八一桥,2026-07-26 01:00,2,31.88,7,6.61,153.333,18.816,3.21,0.242,0.081,1.4259,,,2026-07-26 01:27:20
江西省,长江流域,焦石坝,2026-07-26 01:00,2,30.78,7.36,8.61,107.5,19.1,3.09,,0.058,1.6319,,,2026-07-26 01:27:20
江西省,长江流域,戴村,2026-07-26 01:00,2,31.09,7.6,8.07,219.442,11.99,1.85,0.022,0.031,0.903,,,2026-07-26 01:27:20
江西省,长江流域,南河河口,2026-07-26 01:00,2,30.33,6.93,7.03,148.75,13.11,0.94,,0.04,1.476,,,2026-07-26 01:27:20
江西省,长江流域,镇埠,2026-07-26 01:00,1,27.52,6.88,8.49,61.27,1.47,0.99,,0.015,0.719,,,2026-07-26 01:27:20
江西省,长江流域,龙山口,2026-07-26 01:00,2,29.87,8.38,7.14,295.139,6.8,2.22,0.052,0.051,0.7876,,,2026-07-26 01:27:20
江西省,长江流域,桐车湾,2026-07-26 01:00,4,31.59,7.75,4.35,335.392,19.164,3.4,0.121,0.148,1.6675,,,2026-07-26 01:27:20
江西省,长江流域,金鱼石,2026-07-26 01:00,3,31.58,7.4,5.19,326.89,3.12,2.18,0.033,0.102,1.946,,,2026-07-26 01:27:20
江西省,长江流域,邓家洲,2026-07-26 00:00,2,31.43,7.78,7.55,476.2889,8.23062,1.96,0.035,0.073,1.74618,,,2026-07-26 01:27:20
江西省,长江流域,吴城修河,2026-07-26 01:00,2,28.167,7,7.44,99.95,17.05,1.89,0.016,0.032,1.1663,,,2026-07-26 01:27:20
江西省,长江流域,姚港,2026-07-26 01:00,2,29.02,7.52,6.48,322.34,18.47,1.89,0.066,0.084,1.248,,,2026-07-26 01:27:20
江西省,长江流域,湖口,2026-07-26 01:00,2,28.5139,7.73,6.3,300.28,44.65,2.29,0.014,0.074,1.861,,,2026-07-26 01:27:20
江西省,长江流域,蛤蟆石,2026-07-26 01:00,3,30.6,6.74,6.96,122.96,10.87,3.1,0.005,0.034,1.281,0.00204,240411.3,2026-07-26 01:27:20
江西省,长江流域,都昌,2026-07-26 01:00,2,31.19,8.74,9.06,76.93,19.07,3.07,,0.021,0.707,0.08039,3.724,2026-07-26 01:27:20
江西省,长江流域,潦河河口,2026-07-26 01:00,2,30.35,6.78,7.25,87.32,26.971,2.33,0.041,0.056,1.4339,,,2026-07-26 01:27:20
江西省,长江流域,柘林湖坝上,2026-07-26 01:00,1,30.48,8.36,9.95,106.49,0.925,1.78,,0.008,0.793,,,2026-07-26 01:27:20
江西省,长江流域,洋港镇,2026-07-26 00:00,2,26.413,7.42,6.57,336.564,2.59,0.17,0.004,0.008,1.32699,,,2026-07-26 01:27:20
江西省,长江流域,修水界上桥,2026-07-26 00:00,3,31.83,8.87,5.47,122.0577,8.8587,2.74,0.008,0.129,2.21161,,,2026-07-26 01:27:20
江西省,长江流域,共青城寨下,2026-07-26 01:00,2,30.3,7.5,7.42,292,22.4,3.02,0.078,0.073,1.831,,,2026-07-26 01:27:20
江西省,长江流域,罗坊,2026-07-26 01:00,3,31.66,7.78,6.42,233.203,28.952,3.49,0.228,0.114,1.2044,,,2026-07-26 01:27:20
江西省,长江流域,孔目江江口,2026-07-26 01:00,2,30.46,7.8,7,260.827,19.025,3.61,0.06,0.077,1.3547,,,2026-07-26 01:27:20
江西省,长江流域,浮桥,2026-07-26 01:00,3,30.99,7.57,5.73,215.29,11.908,3.65,0.123,0.077,1.2556,,,2026-07-26 01:27:20
江西省,长江流域,傣家村,2026-07-26 01:00,3,31.62,8.76,7.27,186.499,6.452,4.16,0.095,0.033,0.8775,0.00821,2.238296,2026-07-26 01:27:20
江西省,长江流域,炭埠周家,2026-07-26 00:00,2,31.75,6.73,7.4,123.3,3.92,2.74,,0.056,2.156,,,2026-07-26 01:27:20
江西省,长江流域,白塔河河口,2026-07-26 01:00,3,30.62,6.61,5.82,80.56,7.689,2.75,0.127,0.054,1.0885,,,2026-07-26 01:27:20
江西省,长江流域,土桥,2026-07-26 01:00,2,30.39,7.26,6.36,144.204,5.591,2.63,0.048,0.073,1.267,,,2026-07-26 01:27:20
江西省,长江流域,流口村,2026-07-26 01:00,2,31.7,6.94,6.35,145.8809,7.416871,2.03,0.002,0.083,1.630948,,,2026-07-26 01:27:20
江西省,长江流域,市自来水厂,2026-07-26 01:00,2,29.93,7.22,7.17,100.628,6.426,1.76,0.072,0.034,0.9357,,,2026-07-26 01:27:20
江西省,长江流域,新庙前,2026-07-26 01:00,2,31.06,7.5,7.4,157.631,24.355,2.15,0.045,0.035,1.5922,,,2026-07-26 01:27:20
江西省,长江流域,赣县梅林,2026-07-26 01:00,2,24.46,6.25,7.73,,6.035,2.34,0.309,0.084,1.8861,,,2026-07-26 01:27:20
江西省,长江流域,梓坑,2026-07-26 01:00,3,30.82,7.3,5.53,132.266,10.075,3.57,0.085,0.088,1.6497,,,2026-07-26 01:27:20
江西省,长江流域,峡山,2026-07-26 01:00,3,30.95,7.12,5.01,122.375,2.22,2.02,0.083,0.104,1.5391,,,2026-07-26 01:27:20
江西省,长江流域,梅江江口,2026-07-26 01:00,2,32.48,8.02,7.6,109.417,11.47,2.66,0.072,0.081,1.0497,,,2026-07-26 01:27:20
江西省,长江流域,平江江口,2026-07-26 01:00,2,30.84,7.76,6.75,143.247,21.01,2.08,0.148,0.044,0.8837,,,2026-07-26 01:27:20
江西省,长江流域,上犹江江口,2026-07-26 01:00,2,27.99,7.11,7.19,77.008,8.534,1.67,0.06,0.016,0.599,,,2026-07-26 01:27:20
江西省,长江流域,龙南自来水厂,2026-07-26 01:00,2,30,7.52,6.65,145.244,25.131,0.59,0.039,0.031,0.6741,,,2026-07-26 01:27:20
江西省,长江流域,桃江江口,2026-07-26 01:00,3,31.09,7.39,5.19,238.064,12.086,1.69,0.102,0.064,1.8179,,,2026-07-26 01:27:20
江西省,长江流域,大余城郊,2026-07-26 01:00,2,28.26,7.23,7.33,77.144,13.596,1.61,0.03,0.038,0.8231,,,2026-07-26 01:27:20
江西省,长江流域,汝城多发电站,2026-07-26 01:00,2,25.75,7.15,6.72,78.88,5.22,1.27,0.02,0.023,0.694,,,2026-07-26 01:27:20
江西省,珠江流域,兴宁电站,2026-07-26 01:00,6,32.17,9.03,17.88,110.626,2.796154,2.22,0.005,0.019,2.488419,,,2026-07-26 01:27:20
江西省,长江流域,通津,2026-07-26 01:00,2,30.43,7.42,7.02,136.663,12.421,1.01,0.076,0.052,1.1716,,,2026-07-26 01:27:20
江西省,长江流域,金滩,2026-07-26 01:00,2,32.18,7.7,7.78,141.978,14.352,2.43,0.126,0.053,1.5135,,,2026-07-26 01:27:20
江西省,长江流域,孤江江口,2026-07-26 01:00,2,32.87,7.29,6.39,96.585,6.082,2.55,0.006,0.03,0.4009,,,2026-07-26 01:27:20
江西省,长江流域,禾水河口,2026-07-26 01:00,2,31.21,7.69,7.71,155.823,4.081,2.45,0.03,0.042,0.8329,,,2026-07-26 01:27:20
江西省,长江流域,蜀水河口,2026-07-26 01:00,2,30.93,7.2,6.04,131.437,19.613,1.32,0.11,0.061,1.1193,,,2026-07-26 01:27:20
江西省,长江流域,遂川江江口,2026-07-26 01:00,2,32.63,8.06,7.86,126.185,10.273,1.38,0.074,0.048,0.9601,,,2026-07-26 01:27:20
江西省,长江流域,乌江江口,2026-07-26 01:00,2,32.6,7.53,8.04,175.692,13.559,3.41,0.122,0.045,2.0626,,,2026-07-26 01:27:20
江西省,长江流域,大洋洲,2026-07-26 01:00,2,31.54,7.44,7.36,148.645,15.063,1.44,0.111,0.063,1.2367,,,2026-07-26 01:27:20
江西省,长江流域,棚下,2026-07-26 01:00,3,30.69,7.38,5.82,262.2652,13.49,2.9,,0.107,1.477,,,2026-07-26 01:27:20
江西省,长江流域,丰城小港口,2026-07-26 01:00,2,31.192,7.21,6.24,148.23,12.2835,1.89,0.008,0.043,1.3248,,,2026-07-26 01:27:20
江西省,长江流域,高安市青州村,2026-07-26 01:00,3,30.51,7.3,5.48,151.55,14.94,2.31,0.039,0.079,1.115,,,2026-07-26 01:27:20
江西省,长江流域,良田村,2026-07-26 01:00,3,30.26,7.15,5.33,144.17,8.14,2.76,0.098,0.158,1.694,,,2026-07-26 01:27:20
江西省,长江流域,三洪村,2026-07-26 01:00,2,30.25,6.94,7.22,67.95,14.94,1.42,0.032,0.059,1.015,,,2026-07-26 01:27:20
江西省,长江流域,肖江江口,2026-07-26 01:00,4,31.455,6.88,3.9,240.171,13.058,5.92,0.75,0.063,3.05,,,2026-07-26 01:27:20
江西省,长江流域,修河港口,2026-07-26 01:00,1,26.08,6.99,7.79,36.79,4.41,0.56,,0.01,0.563,,,2026-07-26 01:27:20
江西省,长江流域,超坊,2026-07-26 01:00,2,31.18,7.88,6.42,123.325,10.23,2.81,0.122,0.086,0.9163,,,2026-07-26 01:27:20
江西省,长江流域,钟岭水厂,2026-07-26 01:00,2,31.78,7.29,7.25,89.99,23.97,2.74,0.029,0.055,1.5471,,,2026-07-26 01:27:20
江西省,长江流域,临水河口,2026-07-26 01:00,2,30.23,6.83,8.33,100.36,5.61,2.53,0.075,0.051,1.205,,,2026-07-26 01:27:20
江西省,长江流域,赵家湾,2026-07-26 01:00,2,29.523,6.67,6.21,127.482,8.4286,1.29,0.09,0.031,1.11,,,2026-07-26 01:27:20
江西省,长江流域,康山,2026-07-26 00:00,4,32.19,6.57,5.49,109.96,20.9,4.06,0.087,0.093,1.119,0.0139,307000,2026-07-26 01:27:20
江西省,长江流域,野鸡山村,2026-07-26 01:00,2,31.18,7.14,8.63,271.22,24.21,1.77,,0.046,0.892,,,2026-07-26 01:27:20
江西省,长江流域,瑞洪大桥,2026-07-26 01:00,4,33.61,6.76,3.61,122.04,14.39,2.26,,0.055,1.044,,,2026-07-26 01:27:20
江西省,长江流域,弋阳,2026-07-26 01:00,2,31.26,7.4,6.73,149.48,4.19,2.47,0.003,0.089,1.23,,,2026-07-26 01:27:20
江西省,长江流域,鄱阳花园,2026-07-26 01:00,2,28.3,6.89,7.27,76.56,12.2,1.16,0.069,0.025,1.59,,,2026-07-26 01:27:20
江西省,长江流域,洎水河河口,2026-07-26 01:00,2,30.73,6.65,6.75,253.9,9.55,1.4,0.025,0.031,0.941,,,2026-07-26 01:27:20
江西省,长江流域,铅山,2026-07-26 01:00,2,31.35,7.46,7.98,150.55,7.88,2.52,0.016,0.089,0.678,,,2026-07-26 01:27:20
江西省,长江流域,旗山,2026-07-26 01:00,2,31.41,7.35,6.77,138.37,3.68,2.26,0.03,0.085,1.292,,,2026-07-26 01:27:20
江西省,长江流域,应家坊,2026-07-26 01:00,2,31.57,6.92,6.18,146.17,3.1,2.92,,0.085,1.354,,,2026-07-26 01:27:20
山东省,淮河流域,辛丰庄,2026-07-26 01:00,4,28.373,7.75,4.17,979.605,34.998,3.23,0.862,0.095,6.565,,,2026-07-26 01:27:20
山东省,黄河流域,泺口,2026-07-26 00:00,2,29.62,7.94,8.61,1040.73,1817.45,2.06,0.158,0.098,2.935,,,2026-07-26 01:27:20
山东省,淮河流域,睦里庄,2026-07-26 01:00,3,29.558,7.32,5.22,507.084,3.85,3.1,0.027,0.03,0.812,,,2026-07-26 01:27:20
山东省,黄河流域,卧虎山水库,2026-07-26 01:00,1,27.82,8.02,9.27,510.777,5.267,1.01,0.024,0.007,5.32,,,2026-07-26 01:27:20
山东省,淮河流域,斜拉桥,2026-07-26 01:00,4,27.575,8.3,7.12,797.53,7.986,7.01,0.227,0.04,1.005,,,2026-07-26 01:27:20
山东省,淮河流域,马连庄,2026-07-26 01:00,4,27.201,7.22,3.93,652.88,17.218,4.26,0.042,0.132,5.735,,,2026-07-26 01:27:20
山东省,淮河流域,吉利河水库出口,2026-07-26 01:00,3,28.067,8.63,7.66,346.499,10.229,5.86,0.008,0.042,0.978,,,2026-07-26 01:27:20
山东省,淮河流域,墨水河入海口,2026-07-26 01:00,4,30.46,7.66,4.75,1668,7.23,6.52,0.022,0.23,3.56,,,2026-07-26 01:27:20
山东省,淮河流域,韩旺大桥,2026-07-26 01:00,2,27.926,7.97,6.84,605.03,8.289,1.78,0.016,0.014,15.53,,,2026-07-26 01:27:20
山东省,淮河流域,台儿庄大桥,2026-07-26 00:00,2,29.74,7.91,7.16,1195.13,6.22,,0.081,,,,,2026-07-26 01:27:20
山东省,淮河流域,十字河大桥,2026-07-26 00:00,3,31.32,8.17,10.36,1274.54,4.498,4.57,0.006,0.048,2.055,,,2026-07-26 01:27:20
山东省,淮河流域,支脉河陈桥,2026-07-26 01:00,4,29.608,8.19,9.18,4747.539,38.696,6.74,0.18,0.062,3.847,,,2026-07-26 01:27:20
山东省,淮河流域,新夹河大桥,2026-07-26 00:00,4,29.21496,8.15,3.75,667.2252,39.25,8.36,0.025,0.113,0.94808,,,2026-07-26 01:27:20
山东省,淮河流域,桥头,2026-07-26 01:00,3,26.94,8.2,6.01,1198.398,20.74,5.29,0.148,0.098,4.526,,,2026-07-26 01:27:20
山东省,淮河流域,东村河入海口,2026-07-26 01:00,4,28.669,7.34,5.99,570.841,110.375,6.5,0.025,0.178,1.123,,,2026-07-26 01:27:20
山东省,淮河流域,羊口,2026-07-26 01:00,6,29.09,7.6,0.18,4043.47,49.069,4.08,0.451,0.197,4.424,,,2026-07-26 01:27:20
山东省,淮河流域,峡山水库库中,2026-07-26 01:00,3,29.7,8.83,8.26,769.17,19.85,4.84,0.061,0.032,1.174,0.01103,2.24157,2026-07-26 01:27:20
山东省,淮河流域,柳疃桥,2026-07-26 01:00,4,28.89,7.79,7.3,1336.257,12.087,6.35,0.049,0.11,6.457,,,2026-07-26 01:27:20
山东省,淮河流域,张建桥,2026-07-26 01:00,4,31.32,7.56,4.07,1529.641,14.995,3.26,0.117,0.041,9.694,,,2026-07-26 01:27:20
山东省,淮河流域,兖州南大桥,2026-07-26 00:00,3,30.814,7.8,5.27,670.201,27.956,4.61,0.029,0.068,1.4203,,,2026-07-26 01:27:20
山东省,淮河流域,105公路桥,2026-07-26 01:00,6,31.493,7.58,1.53,2205.94,70.456,5.72,0.452,0.223,3.636,,,2026-07-26 01:27:20
山东省,淮河流域,高河桥,2026-07-26 00:00,6,31.181,7.75,0.82,1798.74,33.778,4.35,0.445,0.149,4.121,,,2026-07-26 01:27:20
山东省,淮河流域,西石佛,2026-07-26 01:00,5,31.169,7.43,2.99,1252,6.382,4.57,0.341,0.145,2.131,,,2026-07-26 01:27:20
山东省,淮河流域,老运河微山段,2026-07-26 01:00,3,30.523,8.2,8.54,1407.23,12.995,5.13,0.015,0.054,1.685,,,2026-07-26 01:27:20
山东省,淮河流域,李集,2026-07-26 01:00,4,27.876,7.76,3.39,1063,22.44,4.22,0.011,0.108,2.278,,,2026-07-26 01:27:20
山东省,淮河流域,尹沟,2026-07-26 00:00,3,31.36,8.05,7.86,616.39,33.44,4.68,0.186,0.052,1.071,0.04,,2026-07-26 01:27:20
山东省,淮河流域,西支河入湖口,2026-07-26 00:00,4,31.953,8.7,13.01,1578.97,25.268,8.39,0.026,0.116,1.39,,,2026-07-26 01:27:20
山东省,淮河流域,东石佛,2026-07-26 01:00,2,30.945,7.81,9.46,1040.172,24.149,3.9,0.12,0.054,2.445,,,2026-07-26 01:27:20
山东省,淮河流域,鲁桥,2026-07-26 00:00,3,31.505,7.87,8.55,1534.42,44.016,5.35,0.018,0.092,2.887,,,2026-07-26 01:27:20
山东省,淮河流域,湘子庙,2026-07-26 01:00,6,30.29,7.71,0.38,1505.2,46.654,4.43,0.919,0.239,3.2549,,,2026-07-26 01:27:20
山东省,黄河流域,戴村坝,2026-07-26 00:00,2,31.04,7.54,8.14,740.46,3.22,3.48,0.064,0.026,2.079,,,2026-07-26 01:27:20
山东省,淮河流域,南桥,2026-07-26 01:00,4,30.517,8.63,9.82,1110.05,24.211,6.08,0.136,0.09,1.743,,,2026-07-26 01:27:20
山东省,淮河流域,大古镇,2026-07-26 01:00,4,26.43,7.64,3.84,656.03,11.18,5.47,0.384,0.274,4.072,,,2026-07-26 01:27:20
山东省,淮河流域,夏庄,2026-07-26 00:00,4,29.11,8.36,6.02,649.8,10.4,7.1,0.01,0.276,3.5698,,,2026-07-26 01:27:20
山东省,黄河流域,贺小庄,2026-07-26 01:00,3,29.484,7.58,5.65,690.77,14.28,3.66,0.14,0.051,2.192,,,2026-07-26 01:27:20
山东省,淮河流域,临沂北大桥,2026-07-26 00:00,5,29.13,8.93,14.37,443.43,9.832,7,0.04,0.323,6.883,,,2026-07-26 01:27:20
山东省,淮河流域,捷庄,2026-07-26 01:00,4,29.64,7.76,6.63,577.027,18.462,6.45,0.136,0.185,4.225,,,2026-07-26 01:27:20
山东省,淮河流域,310公路桥,2026-07-26 00:00,6,30.24,7.32,0.76,1124.84,1.4,3.2,0.04,0.111,2.836,,,2026-07-26 01:27:20
山东省,淮河流域,沙沟桥,2026-07-26 00:00,5,26.45,7.34,2.13,710.43,95.05,4.47,0.055,0.175,4.597,,,2026-07-26 01:27:20
山东省,淮河流域,云蒙湖湖心,2026-07-26 01:00,3,23.86,,12.47,394.2,5.51,3.78,,0.029,2.844,0.03326,1999230,2026-07-26 01:27:20
山东省,海河流域,第三店,2026-07-26 01:00,4,29.909,7.59,4.25,1484.003,86.729,3.09,0.581,0.091,4.536,,,2026-07-26 01:27:20
山东省,海河流域,董姑桥,2026-07-26 01:00,4,25.268,7.82,3.52,1461.5,92.42,6,,0.11,1.148,,,2026-07-26 01:27:20
山东省,海河流域,油坊桥,2026-07-26 00:00,3,30.968,7.69,7.02,947.599,111.643,2.38,0.19,0.122,3.999,,,2026-07-26 01:27:20
山东省,海河流域,秤勾湾,2026-07-26 00:00,3,30.11,7.75,5.24,1005.48,55.3,2.99,0.486,0.116,5.8281,,,2026-07-26 01:27:20
山东省,海河流域,北湖,2026-07-26 01:00,2,30.1,8.72,10.11,900.38,3.68,2.33,,0.01,2.455,0.00698,1124077,2026-07-26 01:27:20
山东省,海河流域,小泊头桥,2026-07-26 01:00,3,28.805,7.75,5.8,1089.305,76.617,3.09,0.1,0.141,4.285,,,2026-07-26 01:27:20
山东省,海河流域,芦家河子水库,2026-07-26 01:00,6,32.288,9.46,10.72,811.29,14.007,2.59,,0.02,1.106,,,2026-07-26 01:27:20
山东省,淮河流域,西闸,2026-07-26 01:00,6,29.276,7.74,4.39,1724.053,24.247,5.78,0.729,0.538,5.384,,,2026-07-26 01:27:20
山东省,淮河流域,范李,2026-07-26 01:00,6,30.172,7.6,0.55,1923.714,27.84,4.63,0.55,0.218,5.346,,,2026-07-26 01:27:20
山东省,海河流域,邵家,2026-07-26 01:00,6,28.427,7.47,1.72,8101.07,101.57,10.66,0.58,0.248,2.706,,,2026-07-26 01:27:20
山东省,淮河流域,于楼,2026-07-26 00:00,6,29.562,7.77,1.11,1071.58,83.343,8.2,0.251,0.193,3.286,,,2026-07-26 01:27:20
山东省,淮河流域,徐寨,2026-07-26 00:00,4,30.101,8.61,8.47,1241.06,54.47,6.52,0.005,0.204,1.86,,,2026-07-26 01:27:20
河南省,黄河流域,七里铺,2026-07-26 01:00,4,29.9282,7.7,5.2,537.409,28.433,2.67,0.37,0.211,3.217,,,2026-07-26 01:27:20
河南省,淮河流域,尖岗水库,2026-07-26 00:00,2,30.09,8.77,8.59,263.3482,1.8461,2.16,0.016,0.008,0.3281,,,2026-07-26 01:27:20
河南省,淮河流域,通许邸阁,2026-07-26 01:00,4,30.19,8.01,6.44,954.67,117.32,3.56,0.103,0.21,2.669,,,2026-07-26 01:27:20
河南省,淮河流域,中牟陈桥,2026-07-26 01:00,4,30.46,8.16,8.55,610.63,49.79,8.72,0.437,0.084,3.7504,,,2026-07-26 01:27:20
河南省,黄河流域,龙门大桥,2026-07-26 01:00,2,26.487,8.18,7.17,527.329,29.795,2.56,0.056,0.056,3.091,,,2026-07-26 01:27:20
河南省,淮河流域,紫罗山,2026-07-26 00:00,2,23.54902,7.88,7.13,297.0299,12.67867,3.22,0.013,0.035,2.71879,,,2026-07-26 01:27:20
河南省,黄河流域,潭头,2026-07-26 01:00,2,27.138,7.98,6.35,572.9,30.5675,1.24,0.004,0.026,1.861,,,2026-07-26 01:27:20
河南省,淮河流域,大陈闸,2026-07-26 00:00,2,32.30945,7.82,6.11,589.803,3.21816,2.89,0.03,0.023,2.59468,,,2026-07-26 01:27:20
河南省,淮河流域,白龟山水库,2026-07-26 01:00,2,29.95,8.18,6.94,523.01,2.69,2.67,0.007,0.016,0.48,0.03658,3026000,2026-07-26 01:27:20
河南省,淮河流域,杨寨中村,2026-07-26 01:00,4,28.8,7.59,4.93,442.32,9.56,3.06,0.016,0.053,2.816,,,2026-07-26 01:27:20
河南省,海河流域,彰武水库,2026-07-26 01:00,1,29.021,8.06,8.85,542.1,5.32,1.56,0.003,0.014,3.3677,,,2026-07-26 01:27:20
河南省,海河流域,冯宿桥,2026-07-26 00:00,3,29.36,7.86,6.44,691.779,34.607,1.9,0.182,0.112,4.8907,,,2026-07-26 01:27:20
河南省,海河流域,五陵,2026-07-26 01:00,5,29.86,7.56,2.99,1228.4,97.9,3.77,0.47,0.244,7.096,,,2026-07-26 01:27:20
河南省,海河流域,石辛庄,2026-07-26 00:00,3,30.42,7.87,6.24,946.3924,26.959,4.44,0.623,0.185,7.5454,,,2026-07-26 01:27:20
河南省,海河流域,黄花营,2026-07-26 00:00,1,29.13,8.32,10.56,454.6568,3.4197,0.72,,0.006,5.7038,,,2026-07-26 01:27:20
河南省,海河流域,前枋城,2026-07-26 01:00,3,29.453,7.88,5.61,442.68,4.977,1.38,0.004,,3.3155,,,2026-07-26 01:27:20
河南省,海河流域,卫河小河口,2026-07-26 00:00,4,28.92,7.73,3.64,1204.769,93.13,3.72,0.969,0.219,6.1447,,,2026-07-26 01:27:20
河南省,海河流域,修武水文站,2026-07-26 00:00,4,29.03,7.86,6.03,2104.315,45.6,4.63,0.516,0.237,8.1639,,,2026-07-26 01:27:20
河南省,海河流域,获嘉东碑村,2026-07-26 01:00,4,30.24,7.7,4.03,1679.54,,4.57,0.513,0.248,4.295,,,2026-07-26 01:27:20
河南省,黄河流域,封丘陶北,2026-07-26 01:00,6,27.46,7.38,5.84,526.88,94.74,9.08,0.847,0.451,2.81,,,2026-07-26 01:27:20
河南省,黄河流域,封丘王堤,2026-07-26 01:00,4,30.148,7.88,5.69,817.21,51.91,6.45,0.553,0.266,4.039,,,2026-07-26 01:27:20
河南省,海河流域,新乡贾太湖,2026-07-26 01:00,2,29.99,8.15,7.45,889.867,489.201,2.7,0.003,0.055,3.8581,,,2026-07-26 01:27:20
河南省,黄河流域,武陟渠首,2026-07-26 01:00,2,28.42,8.02,8.38,769.13,58.65,1.56,0.034,0.083,4.41,,,2026-07-26 01:27:20
河南省,黄河流域,孟州还封村,2026-07-26 00:00,4,28.05335,7.24,3.05,913.3976,71.29759,3.81,0.952,0.228,7.78218,,,2026-07-26 01:27:20
河南省,海河流域,濮阳西水坡,2026-07-26 01:00,2,31.15,8.47,8.35,926.95,6.05,2.3,0.166,0.014,1.107,,,2026-07-26 01:27:20
河南省,黄河流域,濮阳大韩桥,2026-07-26 01:00,5,28.67,7.65,4.1,897.41,64.3,7.21,1.876,0.308,2.429,,,2026-07-26 01:27:20
河南省,淮河流域,临颍吴刘闸,2026-07-26 01:00,3,30.7,7.68,5.02,886.31,16.97,2.94,0.044,0.046,3.262,,,2026-07-26 01:27:20
河南省,淮河流域,召陵武湾,2026-07-26 00:00,2,31.44,7.74,6.08,575.6,15.17,2.52,,0.04,0.733,,,2026-07-26 01:27:20
河南省,淮河流域,叶舞公路桥,2026-07-26 01:00,4,29.711,7.36,4.75,351.57,6.277,2.5,0.009,0.028,0.845,,,2026-07-26 01:27:20
河南省,淮河流域,临颍高村桥,2026-07-26 00:00,5,30.05,7.31,5.66,673.71,73.44,8.1,1.038,0.362,7.175,,,2026-07-26 01:27:20
河南省,淮河流域,舞阳马湾,2026-07-26 01:00,2,31.91,7.89,6.24,538.625,9.353,2.87,0.047,0.036,1.165,,,2026-07-26 01:27:20
河南省,黄河流域,洛河大桥,2026-07-26 01:00,2,28.8,8.17,6.32,456.901,44.207,1.55,,0.036,1.5413,,,2026-07-26 01:27:20
河南省,长江流域,淅川荆紫关,2026-07-26 01:00,2,29.34645,8.14,6.85,368.3875,4.221194,1.89,0.007,0.015,1.164,,,2026-07-26 01:27:20
河南省,长江流域,淅川史家湾,2026-07-26 01:00,2,30.57,8.04,6.59,375.343,8.671,1.18,,0.018,1.0176,0.00182,,2026-07-26 01:27:20
河南省,长江流域,淅川高湾,2026-07-26 01:00,2,30.71,7.89,6.85,353.705,7.962,2.43,,0.037,0.347,0.0058,,2026-07-26 01:27:20
河南省,长江流域,淅川张营,2026-07-26 01:00,2,31.69,8.32,7.53,356.395,4.395,2.33,,0.016,0.8447,0.01048808,,2026-07-26 01:27:20
河南省,长江流域,五龙泉,2026-07-26 00:00,2,30.22,8.49,7.4,266.49,4.3,1.9,0.005,0.009,0.749,0.0015,705359.3,2026-07-26 01:27:20
河南省,长江流域,宋岗,2026-07-26 01:00,2,29.666,8.55,7.81,260.5,9.9545,1.54,0.0001,0.014,0.741,0.003323,1239821,2026-07-26 01:27:20
河南省,长江流域,陶岔,2026-07-26 01:00,1,30.98,8.5,7.73,255.254,5.117,1.51,,0.008,0.803,0.0014,787025,2026-07-26 01:27:20
河南省,长江流域,三道河,2026-07-26 01:00,2,27.562,7.67,7.04,902.979,3.127,,,0.003,1.616,,,2026-07-26 01:27:20
河南省,长江流域,上河,2026-07-26 00:00,2,28.97,8.08,6.79,218.9655,6.02339,2.65,0.004,0.011,0.18793,,,2026-07-26 01:27:20
河南省,长江流域,方城夏河,2026-07-26 01:00,4,28.85,7.77,4.13,606.113,11.216,5.38,0.03,0.13,3.311,,,2026-07-26 01:27:20
河南省,长江流域,内乡怀乡桥,2026-07-26 00:00,2,31.67871,8.27,14.21,422.3011,11.47291,2.83,0.003,0.031,1.69192,,,2026-07-26 01:27:20
河南省,淮河流域,新野溧河桥,2026-07-26 00:00,2,32.89202,7.8,6.47,370.9277,36.07493,3.85,0.002,0.054,1.03013,,,2026-07-26 01:27:20
河南省,淮河流域,吕楼桥,2026-07-26 01:00,6,30.34,7.47,1.45,1423.359,43.082,3.7,0.165,0.081,0.7848,,,2026-07-26 01:27:20
河南省,淮河流域,黄口,2026-07-26 01:00,3,28.15,8.08,11.99,1266.843,17.732,4.99,0.075,0.064,1.6758,,,2026-07-26 01:27:20
河南省,淮河流域,睢县板桥,2026-07-26 01:00,6,30.72,7.47,2.92,954.83,83.11,5.77,2.232,0.202,6.619,,,2026-07-26 01:27:20
河南省,淮河流域,永城张板桥,2026-07-26 01:00,4,31.52,8.25,13.84,1098.12,7.37,6.83,0.002,0.094,1.202,,,2026-07-26 01:27:20
河南省,淮河流域,长台关甘岸桥,2026-07-26 00:00,4,30.77,7.59,4.3,372.27,10.18,3.45,0.02,0.044,0.474,,,2026-07-26 01:27:20
河南省,淮河流域,息县大埠口,2026-07-26 00:00,4,29.91067,7.99,4.06,301.1763,7.82928,4.52,0.015,0.055,0.98096,,,2026-07-26 01:27:20
河南省,淮河流域,潢川水文站,2026-07-26 00:00,3,29.3138,7.22,6.85,195.089,40.1667,4.28,0.067,0.145,0.728,,,2026-07-26 01:27:20
河南省,淮河流域,淮滨北庙,2026-07-26 00:00,2,32.3,7.51,6.39,201.3771,39.8295,2.83,0.01,0.093,1.43339,,,2026-07-26 01:27:20
河南省,淮河流域,饮用水源地取水口,2026-07-26 01:00,4,32.2,,10.81,174.57,13.03,4.06,0.007,0.059,0.337,0.027,147000,2026-07-26 01:27:20
河南省,淮河流域,竹竿铺,2026-07-26 00:00,4,28.62,7.23,4.27,147.72,31.08,3.05,0.047,0.109,1.353,,,2026-07-26 01:27:20
河南省,淮河流域,固始马罡,2026-07-26 00:00,2,28.8305,8.37,9.6,118.519,15.5254,2.28,0.017,0.057,0.8596,,,2026-07-26 01:27:20
河南省,淮河流域,老沈丘泉河桥,2026-07-26 01:00,4,32.17,7.64,3.8,794.177,20.09,3.84,0.024,0.14,0.4305,,,2026-07-26 01:27:20
河南省,淮河流域,刘寨村后,2026-07-26 01:00,3,31.26,7.99,8.36,962.6,8.37,5.82,0.004,0.066,3.7689,,,2026-07-26 01:27:20
河南省,淮河流域,西华大王庄,2026-07-26 01:00,4,30.2934,7.88,5.82,658.5,78.2366,4.5,0.4,0.246,2.959,,,2026-07-26 01:27:20
河南省,淮河流域,周口康店,2026-07-26 00:00,4,31.71,7.33,4.38,730.087,41.92,4.34,0.366,0.123,2.0633,,,2026-07-26 01:27:20
河南省,淮河流域,商水双桥,2026-07-26 00:00,2,31.69,7.79,6.1,609.9237,11.7424,3.15,0.01,0.042,1.345,,,2026-07-26 01:27:20
河南省,淮河流域,鄢陵陶城闸,2026-07-26 00:00,6,28.9,7.43,0.2,620.4,228.87,4.1,2.304,0.255,3.8573,,,2026-07-26 01:27:20
河南省,淮河流域,鹿邑付桥,2026-07-26 01:00,3,31.92,8.6,15.2,1047.853,8.076,4.8,0.034,0.038,0.5562,,,2026-07-26 01:27:20
河南省,淮河流域,西华址坊,2026-07-26 01:00,3,30.86,7.92,6.33,813.14,9.97,4.4,0.007,0.054,2.069,,,2026-07-26 01:27:20
河南省,淮河流域,冯塘邱屯,2026-07-26 00:00,5,30.15,7.33,2.57,740.4496,56.641,4.34,0.134,0.11,2.69666,,,2026-07-26 01:27:20
河南省,淮河流域,鹿邑宋河桥,2026-07-26 01:00,4,30.07,7.4,6.56,1347.82,22.55,7.93,0.024,0.163,3.009,,,2026-07-26 01:27:20
河南省,淮河流域,新蔡班台,2026-07-26 01:00,3,32.005,7.69,5.11,699.007,11.931,3.5,0.048,0.12,1.537,,,2026-07-26 01:27:20
河南省,淮河流域,西平杨庄,2026-07-26 00:00,4,31.28791,7.92,4.9,1148.957,38.96637,4.28,0.069,0.176,3.45778,,,2026-07-26 01:27:20
河南省,淮河流域,板桥水库,2026-07-26 00:00,4,28.18,8.26,4.08,277.6687,6.22,3.54,0.012,0.023,0.266,,,2026-07-26 01:27:20
河南省,淮河流域,西平王孟寺,2026-07-26 00:00,5,28.61567,7.11,2.18,670.4744,20.56616,2.91,0.161,0.251,5.48739,,,2026-07-26 01:27:20
河南省,淮河流域,新蔡李桥,2026-07-26 01:00,3,32.454,8,5.42,714.307,23.962,2.78,0.093,0.162,1.581,,,2026-07-26 01:27:20
河南省,黄河流域,小浪底水库,2026-07-26 01:00,3,29.73,7.92,5.43,1052.134,36.842,2.49,,0.042,3.1362,,,2026-07-26 01:27:20
湖北省,长江流域,沐家泾,2026-07-26 01:00,4,28.78,6.75,4.4,145.508,159.334,5.29,0.077,0.169,2.397,,,2026-07-26 01:27:20
湖北省,长江流域,牛山湖湖心,2026-07-26 01:00,3,31.68,8.94,8.98,185.999,17.159,4.05,,0.024,0.056,0.00443,8.027669,2026-07-26 01:27:20
湖北省,长江流域,西梁子湖湖北,2026-07-26 01:00,3,32.2062,,8.96,171.25,24.873,4.89,0.166,0.024,0.702,0.00819,1.413173,2026-07-26 01:27:20
湖北省,长江流域,宗关,2026-07-26 01:00,3,31.151,7.53,5.22,396.9,30.42,2.48,0.006,0.072,1.639,0.002385,,2026-07-26 01:27:20
湖北省,长江流域,杨泗港,2026-07-26 01:00,3,28.99,7.63,5.92,267.651,47.01,1.8,,0.053,1.59,,,2026-07-26 01:27:20
湖北省,长江流域,冯集,2026-07-26 01:00,3,32.66,7.65,7.24,174.775,20.734,4.29,0.104,0.136,1.139,,,2026-07-26 01:27:20
湖北省,长江流域,龙口,2026-07-26 01:00,6,32.72,9.57,16.41,176.08,10.19,7.35,0.01,0.065,1.19,,,2026-07-26 01:27:20
湖北省,长江流域,金水闸,2026-07-26 01:00,3,32.04,8.66,22.71,242.41,23.76,5.4,0.0003,0.038,0.976,,,2026-07-26 01:27:20
湖北省,长江流域,郭玉,2026-07-26 01:00,3,31.27,7.29,6.85,141.3,52.89,4.91,,0.171,2.807,,,2026-07-26 01:27:20
湖北省,长江流域,滠口,2026-07-26 00:00,3,31.84,7.33,7.01,144.7302,21.31,5.14,0.424,0.066,1.0007,,,2026-07-26 01:27:20
湖北省,长江流域,港洲村,2026-07-26 01:00,3,33.17,8.38,10.39,386.45,95.04,5.03,0.012,0.075,0.577,,,2026-07-26 01:27:20
湖北省,长江流域,黄陵大桥,2026-07-26 01:00,4,31.625,7.23,3.57,373.147,82.996,5.44,0.121,0.108,0.931,,,2026-07-26 01:27:20
湖北省,长江流域,太平沙,2026-07-26 01:00,6,31.53,7.19,0.56,416.9,80.34,5.36,0.003,0.151,2.105,,,2026-07-26 01:27:20
湖北省,长江流域,白浒山,2026-07-26 01:00,2,28.77,7.72,6.22,297.4059,46.73071,1.47,0.017,0.082,1.601705,,,2026-07-26 01:27:20
湖北省,长江流域,富池闸,2026-07-26 01:00,6,30.79,9.12,13.09,220.9669,10.58329,3.09,0.001,0.078,1.393722,,,2026-07-26 01:27:20
湖北省,长江流域,大冶湖闸,2026-07-26 00:00,2,33.79,8.01,8.63,336.26,14.38,4,0.074,0.057,0.714,,,2026-07-26 01:27:20
湖北省,长江流域,夹河口,2026-07-26 00:00,3,27.42,7.66,5.35,321.0681,2.72,0.87,0.0005,,1.131,,,2026-07-26 01:27:20
湖北省,长江流域,天河口,2026-07-26 00:00,2,31.48,8.03,6.53,375.3,3.1,2.71,0.037,0.031,0.821,,,2026-07-26 01:27:20
湖北省,长江流域,焦家院,2026-07-26 01:00,2,21.29,7.64,7.84,234.455,6.002,2.01,0.032,0.037,0.8967,,,2026-07-26 01:27:20
湖北省,长江流域,孙家湾,2026-07-26 00:00,2,32.91,8.53,16.43,454,17.39,2.25,0.01,0.067,1.801,,,2026-07-26 01:27:20
湖北省,长江流域,浪河口,2026-07-26 00:00,2,32.98,8.73,10.44,184.2144,2.5,2.04,0.019,0.022,1.049,,,2026-07-26 01:27:20
湖北省,长江流域,丹江口水库坝上中,2026-07-26 01:00,1,31.48,8.5,8.99,247.926,0.799482,1.58,0.063,0.005,0.9228,0.0013379,1.6819,2026-07-26 01:27:20
湖北省,长江流域,陈家坡,2026-07-26 00:00,1,30.91,8.61,8.99,237.47,5.17,1.54,0.052,0.014,0.8535,,,2026-07-26 01:27:20
湖北省,长江流域,潘口水库坝上,2026-07-26 01:00,1,31.77,8.74,10.07,175.7,1.6,1.44,,0.007,0.169,,,2026-07-26 01:27:20
湖北省,长江流域,剑河口,2026-07-26 00:00,1,32.95,8.72,10.84,202.95,2.04,1.82,0.005,0.019,0.725,,,2026-07-26 01:27:20
湖北省,长江流域,东湾桥,2026-07-26 00:00,3,30.27,7.78,5.6,491.6304,3.92,4.63,0.034,0.049,2.2932,,,2026-07-26 01:27:20
湖北省,长江流域,玉皇滩,2026-07-26 01:00,1,30.7,8.3,8.17,342,5.03,1.48,0.011,0.013,1.161,,,2026-07-26 01:27:20
湖北省,长江流域,神定河口,2026-07-26 01:00,3,31,7.94,5.54,602.403,10.741,3.29,0.056,0.158,9.626,,,2026-07-26 01:27:20
湖北省,长江流域,泗河口,2026-07-26 01:00,2,30.6,7.99,6.48,624.308,10.816,3.86,0.023,0.09,3.361,,,2026-07-26 01:27:20
湖北省,长江流域,王河电站,2026-07-26 00:00,2,30.21,8.17,6.96,401.7841,8.54,1.22,0.046,0.076,1.3624,,,2026-07-26 01:27:20
湖北省,长江流域,隔河岩水库坝上,2026-07-26 01:00,2,21,8.76,9.21,179.14,2.84,1.09,,0.012,1.711,0.03855,3892493,2026-07-26 01:27:20
湖北省,长江流域,长沙坝,2026-07-26 01:00,2,25.83,8.41,11.32,383.009,4.091,2.51,0.012,0.031,1.54,,,2026-07-26 01:27:20
湖北省,长江流域,清江大桥,2026-07-26 01:00,2,22.26,7.56,7.02,313.298,19.659,1.51,,0.067,3.796,,,2026-07-26 01:27:20
湖北省,长江流域,南津关,2026-07-26 01:00,2,26.12,7.87,7.27,477.362,9.443581,1.92,0.015,0.036,1.7067,0.0173413,,2026-07-26 01:27:20
湖北省,长江流域,马渡河,2026-07-26 01:00,2,28.81,7.46,10.93,343.33,14.61,2.1,0.007,0.014,1.89,,,2026-07-26 01:27:20
湖北省,长江流域,铁路大桥,2026-07-26 01:00,2,31.75,7.84,8.3,521.7,16.2,3.07,,0.067,1.269,,,2026-07-26 01:27:20
湖北省,长江流域,两河口,2026-07-26 00:00,3,32.825,7.69,10.29,511.1477,24.6824,4.58,0.042,0.064,1.7738,,,2026-07-26 01:27:20
湖北省,长江流域,桅杆坪,2026-07-26 01:00,2,18.5,7.49,6.6,278.92,3.53,1.09,,0.031,2.85,,,2026-07-26 01:27:20
湖北省,长江流域,白石港,2026-07-26 01:00,2,31.16,8.32,6.86,306.472,2.755,2.1,0.007,0.007,1.099,,,2026-07-26 01:27:20
湖北省,长江流域,云池,2026-07-26 01:00,2,25.97,7.83,7.08,383.88,12.89,1.5,,0.037,1.648,,,2026-07-26 01:27:20
湖北省,长江流域,翟湾,2026-07-26 01:00,4,31.24,7.7,4.93,436.5067,24.06281,3.15,,0.046,1.2928,,,2026-07-26 01:27:20
湖北省,长江流域,埠口,2026-07-26 00:00,3,33.58347,8.13,5.54,484.1183,14.78352,3.89,0.036,0.112,0.6325,,,2026-07-26 01:27:20
湖北省,长江流域,张湾,2026-07-26 00:00,3,33.02,8.33,10.03,383.7527,27.76,4.2,0.059,0.076,1.275,,,2026-07-26 01:27:20
湖北省,长江流域,余家湖,2026-07-26 00:00,3,30.74,7.84,5.5,309.7399,13.02,2.39,0.005,0.032,1.218,,,2026-07-26 01:27:20
湖北省,长江流域,聂家滩,2026-07-26 00:00,2,29.69,8,6.82,319.4028,24.45,1.86,0.0001,0.057,0.662,,,2026-07-26 01:27:20
湖北省,长江流域,汤店,2026-07-26 00:00,3,33.33,7.48,5.96,646.374,9.27,5.61,0.019,0.037,1.139,,,2026-07-26 01:27:20
湖北省,长江流域,沈湾,2026-07-26 01:00,2,15.78,7.76,7.21,344.9,1.78,1.66,0.024,0.006,1.343,,,2026-07-26 01:27:20
湖北省,长江流域,朱市,2026-07-26 00:00,2,32.15,7.87,6.68,505.199,29.51,2.26,0.079,0.1,0.885,,,2026-07-26 01:27:20
湖北省,长江流域,茶庵,2026-07-26 00:00,2,28.26,7.85,7.37,310.1156,23.74,2.89,0.033,0.043,1.131,,,2026-07-26 01:27:20
湖北省,长江流域,马兰河口,2026-07-26 00:00,3,31.89,7.75,5.79,347.2,40.59,2.17,0.017,0.047,2.137,,,2026-07-26 01:27:20
湖北省,长江流域,燕矶,2026-07-26 00:00,2,28.89,7.72,6.04,291.72,37.42,1.63,0.088,0.067,1.795,,,2026-07-26 01:27:20
湖北省,长江流域,东梁子湖湖心,2026-07-26 01:00,4,32.03,,9.54,162.876,42.108,4.58,,0.053,0.425,,,2026-07-26 01:27:20
湖北省,长江流域,梁子湖七星站,2026-07-26 01:00,4,31.29,8.8,11.02,174.8423,11.70519,6.75,0.092,0.008,1.068728,0.02780522,2.49016,2026-07-26 01:27:20
湖北省,长江流域,漳河水库库心,2026-07-26 01:00,1,32.57,8.21,7.66,307.3088,4.9569,1.67,,0.002,0.526,0.00013,1.6185,2026-07-26 01:27:20
湖北省,长江流域,转斗,2026-07-26 01:00,2,31.39,8.13,6.36,379.58,10.8014,3.26,0.02,0.032,1.006,,,2026-07-26 01:27:20
湖北省,长江流域,罗汉闸,2026-07-26 01:00,2,31.94,7.85,7.99,365.69,190.98,2.83,0.033,0.044,1.135,,,2026-07-26 01:27:20
湖北省,长江流域,京山河邓李港,2026-07-26 00:00,-1,,,,,,,,,,,,2026-07-26 01:27:20
湖北省,长江流域,马良龚家湾,2026-07-26 01:00,4,33.386,7.39,4.46,1295.56,75.7005,5.36,0.509,0.251,3.3256,,,2026-07-26 01:27:20
湖北省,长江流域,应城公路桥,2026-07-26 01:00,2,33.16,8.04,7.66,488.8,18.9094,2.07,0.014,0.044,0.725,,,2026-07-26 01:27:20
湖北省,长江流域,田店泵站,2026-07-26 01:00,2,33.33,8.13,6.54,404.44,6.5631,2.84,0.031,0.026,0.83548,,,2026-07-26 01:27:20
湖北省,长江流域,垌冢桥,2026-07-26 01:00,5,31.814,7.08,2.27,386.268,17.359,2.78,0.091,0.145,1.998,,,2026-07-26 01:27:20
湖北省,长江流域,新沟闸,2026-07-26 01:00,3,32.52,7.32,5.09,380.68,21.5,,0.922,,,,,2026-07-26 01:27:20
湖北省,长江流域,孝昌王店,2026-07-26 01:00,3,33.27,6.82,7.69,320.29,17.4427,4.98,0.021,0.111,1.1465,,,2026-07-26 01:27:20
湖北省,长江流域,大悟河口,2026-07-26 01:00,3,32.11,7.82,5.72,223.8,7.02,2.73,0.075,0.053,0.7782,,,2026-07-26 01:27:20
湖北省,长江流域,安陆桑树,2026-07-26 01:00,2,33.79,7.84,10.44,467.4,15.4374,2.84,0.027,0.024,0.64836,,,2026-07-26 01:27:20
湖北省,长江流域,隔蒲桥,2026-07-26 01:00,4,33.52,7.8,7.37,361.85,42.07,6.96,0.013,0.148,1.1808,,,2026-07-26 01:27:20
湖北省,长江流域,汉川新堰,2026-07-26 01:00,4,32.8,7.18,3.12,452.28,29.242,2.94,0.118,0.155,1.631,,,2026-07-26 01:27:20
湖北省,长江流域,杨柴湖,2026-07-26 01:00,3,29.6,7.27,5.47,312.3,22.5,2.56,,0.027,0.877,0.00531,9613873,2026-07-26 01:27:20
湖北省,长江流域,排水闸,2026-07-26 01:00,4,28.88,7.94,7.7,315.0982,46.7422,1.93,,0.055,1.566,0.00046,2.011542,2026-07-26 01:27:20
湖北省,长江流域,洪湖湖心,2026-07-26 01:00,3,31.9,8.19,8.16,296.579,56.917,2.75,0.033,0.033,1.577,0.0005,43957.4,2026-07-26 01:27:20
湖北省,长江流域,观音寺,2026-07-26 01:00,2,26.82,7.9,7.36,396.38,17.22,1.2,,0.044,2.085,,,2026-07-26 01:27:20
湖北省,长江流域,新刘家台,2026-07-26 01:00,5,33.275,7.51,2.76,372.456,22.435,3.54,0.075,0.067,1.935,,,2026-07-26 01:27:20
湖北省,长江流域,荆州河口,2026-07-26 01:00,3,31.05,7.85,11.25,495.2162,19.0127,4.14,0.029,0.048,1.3568,,,2026-07-26 01:27:20
湖北省,长江流域,康家岗,2026-07-26 01:00,2,27.99,7.79,7.82,376.612,24.981,1.13,0.004,0.044,1.8661,,,2026-07-26 01:27:20
湖北省,长江流域,新河村,2026-07-26 01:00,5,32.3887,7.1,2.39,390.2657,18.8093,4.6,0.406,0.116,1.943,,,2026-07-26 01:27:20
湖北省,长江流域,新滩,2026-07-26 01:00,6,31.572,7.13,0.38,356.146,46.899,4.66,0.278,0.068,2.49,,,2026-07-26 01:27:20
湖北省,长江流域,淤泥湖,2026-07-26 01:00,3,29.2,8.07,8.35,371.8,20.3,1.51,0.005,0.126,1.553,,,2026-07-26 01:27:20
湖北省,长江流域,杨家垱,2026-07-26 01:00,2,28.8,8.14,8.78,382.72,30.3,1.05,0.01,0.086,1.947,,,2026-07-26 01:27:20
湖北省,长江流域,调关,2026-07-26 01:00,2,27.47,7.84,7.96,378.0222,28.0086,1.11,0.002,0.042,1.9538,,,2026-07-26 01:27:20
湖北省,长江流域,三兴公,2026-07-26 00:00,3,33.162,7.63,6.77,513.441,25.137,4.74,0.027,0.086,0.911,,,2026-07-26 01:27:20
湖北省,长江流域,姚集,2026-07-26 01:00,2,30.7,7.44,6.35,412.5,33.7,2.65,0.061,0.082,1.738,,,2026-07-26 01:27:20
湖北省,长江流域,乌溪沟,2026-07-26 01:00,3,24.72353,8.15,7.69,311.8618,32.73421,1.92,0.05,0.148,2.559473,,,2026-07-26 01:27:20
湖北省,长江流域,白莲河水库坝上,2026-07-26 01:00,3,29.331,,8.5,121.3,4.77,2.99,0.002,0.034,0.5482,0.031725,35607,2026-07-26 01:27:20
湖北省,长江流域,巴河镇河口,2026-07-26 01:00,2,29.341,7.51,6.47,136.113,9.323,3.57,,0.074,1.138,,,2026-07-26 01:27:20
湖北省,长江流域,兰溪大桥,2026-07-26 01:00,3,29.525,7.84,8.59,146.073,11.791,4.42,0.048,0.064,1.142,,,2026-07-26 01:27:20
湖北省,长江流域,蕲春县八里湖,2026-07-26 00:00,4,29.69,7.02,5.97,138.4212,99.01,3.92,0.341,0.203,2.765,,,2026-07-26 01:27:20
湖北省,长江流域,咸宁湖心,2026-07-26 01:00,4,32.06,8.77,8.87,172.612,20.109,6.28,0.038,0.059,1.283,0.01676,3.93011,2026-07-26 01:27:20
湖北省,长江流域,富水水库,2026-07-26 00:00,3,31.86,,11.02,205.1934,13.92,4.27,0.034,0.033,0.949,0.01,2.9671,2026-07-26 01:27:20
湖北省,长江流域,窑嘴大桥,2026-07-26 00:00,4,29.14,7.23,4.52,258.5529,29.03,2.75,0.2,0.098,2.111,,,2026-07-26 01:27:20
湖北省,长江流域,陆溪口,2026-07-26 01:00,3,29.96,8.28,10.94,198.94,16.94,4.56,0.16,0.062,1.33,,,2026-07-26 01:27:20
湖北省,长江流域,洪下水文站,2026-07-26 01:00,2,29.5,8.37,9.54,168,5.84,1.86,0.002,0.072,1.12,,,2026-07-26 01:27:20
湖北省,长江流域,厉山,2026-07-26 00:00,3,30.25,7.64,5.43,501.3051,25.73,4.1,0.036,0.077,3.2582,,,2026-07-26 01:27:20
湖北省,长江流域,平林,2026-07-26 01:00,6,33.59,9.09,9.36,325.587,9.931,10.13,0.035,0.166,1.76,,,2026-07-26 01:27:20
湖北省,长江流域,涢水大桥,2026-07-26 00:00,3,33.21,8.36,10.56,393.4786,17.27,4.7,0.003,0.088,0.6728,,,2026-07-26 01:27:20
湖北省,长江流域,江口村,2026-07-26 01:00,1,31.32,8.73,11.87,155.57,5.893,1.15,0.001,0.015,1.004,,,2026-07-26 01:27:20
湖北省,长江流域,恩施大沙坝,2026-07-26 01:00,2,26.11,7.85,8.54,314.39,9.3,2.14,0.349,0.09,3.693,,,2026-07-26 01:27:20
湖北省,长江流域,雪照河,2026-07-26 01:00,2,23.34,8.34,8.17,329.14,15.893,1.42,,0.083,3.662,,,2026-07-26 01:27:20
湖北省,长江流域,周家坝,2026-07-26 01:00,2,22.2,7.85,7.97,240.76,12.759,1.43,,0.028,1.908,,,2026-07-26 01:27:20
湖北省,长江流域,百福司镇,2026-07-26 01:00,2,23.572,7.66,8.68,218.83,2.888,0.78,0.015,0.028,1.4,,,2026-07-26 01:27:20
湖北省,长江流域,长顺乡,2026-07-26 01:00,1,22.249,7.63,9.39,215.217,8.6858,0.89,0.015,0.016,1.386,,,2026-07-26 01:27:20
湖北省,长江流域,乐坪桥,2026-07-26 01:00,2,22.844,7.84,8.39,225.527,9.439,1.09,0.002,0.022,1.214,,,2026-07-26 01:27:20
湖北省,长江流域,积玉口荷花村,2026-07-26 00:00,4,33.74,7.32,3.56,379.9713,41.2331,3.61,0.085,0.131,1.343,,,2026-07-26 01:27:20
湖北省,长江流域,潜江大桥,2026-07-26 00:00,3,33.16,7.53,5.82,538.6683,16.92,1.96,0.211,0.04,1.132,,,2026-07-26 01:27:20
湖北省,长江流域,运粮湖同心队,2026-07-26 01:00,6,32.272,7.39,1.96,386.35,32.105,3.69,0.068,0.112,1.303,,,2026-07-26 01:27:20
湖北省,长江流域,岳口,2026-07-26 00:00,2,29.8,7.97,7.06,358.8,27.76,2.42,0.053,0.056,1.456,,,2026-07-26 01:27:20
湖北省,长江流域,拖市,2026-07-26 01:00,5,32.11,7.23,2.07,676.2,23.752,13.08,0.594,0.239,2.5911,,,2026-07-26 01:27:20
湖北省,长江流域,阳日湾,2026-07-26 01:00,2,23.877,8.02,7.6,329.21,27.559,0.84,0.045,0.054,0.9923,,,2026-07-26 01:27:20
湖南省,长江流域,昭山,2026-07-26 01:00,3,31.3,7.21,5.41,219.6,17.7,1.4,,0.057,1.382,,,2026-07-26 01:27:20
湖南省,长江流域,捞刀河口,2026-07-26 01:00,2,32.18,7.39,6.44,202.7,5.4089,1.47,0.033,0.072,1.459,,,2026-07-26 01:27:20
湖南省,长江流域,三角洲,2026-07-26 01:00,4,28.61,6.88,4.42,146.85,31.69,1.69,0.096,0.124,2.384,,,2026-07-26 01:27:20
湖南省,长江流域,胜利,2026-07-26 01:00,2,30.21,7.31,8.32,206.03,8.04,3.12,0.052,0.054,1.299,,,2026-07-26 01:27:20
湖南省,长江流域,桔子洲,2026-07-26 00:00,3,31.55,7.62,5.5,244.0861,11.11,1.05,0.046,0.066,1.494,,,2026-07-26 01:27:20
湖南省,长江流域,湘东沿塘,2026-07-26 00:00,4,29.545,6.76,4.84,97.453,6.933,2.45,0.084,0.083,1.82,,,2026-07-26 01:27:20
湖南省,长江流域,马家河,2026-07-26 01:00,3,31.83,7.62,5.71,217.98,6.22,2.1,0.025,0.063,1.493,,,2026-07-26 01:27:20
湖南省,长江流域,西阳渡口,2026-07-26 01:00,2,31.77,8.55,12.73,250.41,86.236,2.69,,0.026,1.216,,,2026-07-26 01:27:20
湖南省,长江流域,舂陵水入湘江口,2026-07-26 01:00,2,31.5483,7.88,7,254.8872,6.6579,2.15,0.007,0.058,1.3243,,,2026-07-26 01:27:20
湖南省,长江流域,耒水入湘江口,2026-07-26 01:00,4,31.0812,7.39,4.37,266.0592,8.1586,2.05,0.012,0.083,1.623,,,2026-07-26 01:27:20
湖南省,长江流域,大河滩,2026-07-26 01:00,3,26.29,7.03,6.74,244.43,34.4,2.86,0.084,0.142,2.433,,,2026-07-26 01:27:20
湖南省,长江流域,草市镇,2026-07-26 01:00,2,30.6985,6.69,6.52,128.963,13.4038,2.08,0.039,0.054,0.962,,,2026-07-26 01:27:20
湖南省,长江流域,洣水入湘江口,2026-07-26 01:00,2,32.013,7.93,7.29,132.19,9.97,2.34,0.024,0.042,1.006,,,2026-07-26 01:27:20
湖南省,长江流域,城北水厂,2026-07-26 00:00,2,30.41,7.86,6.67,192.88,9.91,1.34,0.05,0.058,1.2828,,,2026-07-26 01:27:20
湖南省,长江流域,蒸水入湘江口,2026-07-26 01:00,4,33.8529,7.54,4.18,266.3667,14.1784,3.7,0.012,0.152,1.918,,,2026-07-26 01:27:20
湖南省,长江流域,塘渡口,2026-07-26 01:00,2,26.76,7.65,7.51,126.0375,12.6045,1.53,,0.042,1.406,,,2026-07-26 01:27:20
湖南省,长江流域,窑市,2026-07-26 01:00,2,25.87,7.39,8.26,40.4091,5.8594,1.08,,0.027,0.485,,,2026-07-26 01:27:20
湖南省,长江流域,渡头村,2026-07-26 01:00,2,28.04,7.42,7.68,189.328,9.907,3.79,0.065,0.074,1.397,,,2026-07-26 01:27:20
湖南省,长江流域,邵水入河口,2026-07-26 01:00,3,29.77,7.88,5.38,348.626,6.072,2.6,0.151,0.09,2.051,,,2026-07-26 01:27:20
湖南省,长江流域,绥宁河口镇,2026-07-26 01:00,2,23.7403,8.43,8.64,87.9472,14.8941,0.95,0.012,0.031,0.7731,,,2026-07-26 01:27:20
湖南省,长江流域,藕池河东支入境,2026-07-26 00:00,2,28.86,8.32,8.8,369.705,11.086,0.9,0.018,0.035,1.852,,,2026-07-26 01:27:20
湖南省,长江流域,岳阳楼,2026-07-26 01:00,4,31.22,7.47,5.37,228.8635,34.24945,1.86,0.001,0.063,1.3055,0.0010156,200493,2026-07-26 01:27:20
湖南省,长江流域,樟树港,2026-07-26 00:00,3,24.986,7.3,6.12,278.366,11.799,1.17,0.017,0.115,1.355,,,2026-07-26 01:27:20
湖南省,长江流域,城陵矶,2026-07-26 01:00,2,29.18,7.64,6.18,284.874,46.18309,1.3,0.001,0.046,1.607,,,2026-07-26 01:27:20
湖南省,长江流域,荆江口,2026-07-26 00:00,2,31.04,7.71,7.05,385.8512,16.5921,0.98,0.077,0.051,1.9021,,,2026-07-26 01:27:20
湖南省,长江流域,六门闸,2026-07-26 00:00,2,33.14,7.79,13.68,326.4711,7.67,1.59,0.018,0.064,1.35,,,2026-07-26 01:27:20
湖南省,长江流域,南渡,2026-07-26 01:00,3,29.64,6.84,6.24,99.46,12.15,1.64,0.1,0.118,1.612,,,2026-07-26 01:27:20
湖南省,长江流域,八仙桥,2026-07-26 00:00,3,32.52,8.65,15.21,110.7065,5.8331,4.22,0.048,0.076,1.3691,,,2026-07-26 01:27:20
湖南省,长江流域,坡头,2026-07-26 01:00,2,29.93,8.25,9.93,153.031,19.88896,0.8,,0.032,1.4421,0.0011077,,2026-07-26 01:27:20
湖南省,长江流域,蒋家嘴,2026-07-26 00:00,2,29.84,7.73,7.14,176.55,20.384,1.36,0.052,0.023,1.0201,0.00244,2.3651,2026-07-26 01:27:20
湖南省,长江流域,澧水三江口,2026-07-26 00:00,2,31.24996,8.62,7.72,224.7769,14.09431,0.14,0.004,0.021,0.84301,,,2026-07-26 01:27:20
湖南省,长江流域,窑坡渡,2026-07-26 00:00,3,30.94,7.92,5.5,281.278,12.785,2.41,0.354,0.037,1.099,,,2026-07-26 01:27:20
湖南省,长江流域,马坡湖,2026-07-26 01:00,2,28.77,8.17,8.27,372.492,31.7365,1.37,,0.08,1.952,,,2026-07-26 01:27:20
湖南省,长江流域,陈家河,2026-07-26 01:00,2,28.539,7.87,8.36,182.197,2.191,1.19,0.079,0.033,1.144,,,2026-07-26 01:27:20
湖南省,长江流域,永定澄潭,2026-07-26 01:00,2,27.45,8.07,7.81,206.53,17.117,1.3,0.027,0.064,0.706,,,2026-07-26 01:27:20
湖南省,长江流域,万家嘴,2026-07-26 01:00,2,29.01,7.5,7.73,178.1814,27.30684,1.35,0.015,0.065,2.4931,0.0020011,199645.7,2026-07-26 01:27:20
湖南省,长江流域,南嘴,2026-07-26 01:00,4,32.09,7.97,8.95,200.5723,77.89059,1.72,,0.057,1.2611,0.042,932000.8,2026-07-26 01:27:20
湖南省,长江流域,小河嘴,2026-07-26 01:00,2,29.86,7.97,8.04,197.423,15.0536,1.2,,0.022,1.105,0.00232117,5.63863,2026-07-26 01:27:20
湖南省,长江流域,坪口,2026-07-26 01:00,2,29,7.9,7.82,221.4,5.501,1.35,0.011,0.033,1.632,,,2026-07-26 01:27:20
湖南省,长江流域,桃谷山,2026-07-26 01:00,2,28.97,7.73,6.85,192.579,17.9596,1.53,,0.056,1.928,,,2026-07-26 01:27:20
湖南省,长江流域,头山,2026-07-26 00:00,1,29.82,8.72,9.15,121.08,7.42,0.52,,0.009,0.573,0.0144,2233000,2026-07-26 01:27:20
湖南省,长江流域,渡口大桥,2026-07-26 00:00,4,31.17,6.87,4.62,185.71,226.94,3.79,0.07,0.088,1.5857,,,2026-07-26 01:27:20
湖南省,长江流域,绿埠头,2026-07-26 01:00,2,27.23,7.68,8.02,169.45,5.18,0.73,0.007,0.036,1.237,,,2026-07-26 01:27:20
湖南省,长江流域,诸葛庙,2026-07-26 01:00,2,30.15,7.5,6.48,161.76,13.73,1.28,0.014,0.031,0.7,,,2026-07-26 01:27:20
湖南省,长江流域,五强溪,2026-07-26 01:00,2,30.25,8.35,9.62,173.3,3.6917,1.19,0.008,0.026,1.127,,,2026-07-26 01:27:20
湖南省,长江流域,铜信溪电站,2026-07-26 00:00,1,28.33,8.07,8,250.31,4.74,0.81,0.036,0.015,1.498,,,2026-07-26 01:27:20
湖南省,长江流域,地阳坪公路大桥,2026-07-26 01:00,2,27.1,7.15,7.92,76.0405,6.7461,1.11,,0.039,0.497,,,2026-07-26 01:27:20
湖南省,长江流域,托口渠水,2026-07-26 01:00,2,28.53,7.99,8.11,70.4,4.943,1.72,0.001,0.034,0.777,,,2026-07-26 01:27:20
湖南省,长江流域,舞水入河口,2026-07-26 01:00,3,29.54,7.71,5.34,251.6,1.921,1.45,0.022,0.056,1.628,,,2026-07-26 01:27:20
湖南省,长江流域,溪子口,2026-07-26 01:00,2,22.97,7.52,7.89,235.2,2.086,0.45,0.012,0.025,1.373,,,2026-07-26 01:27:20
湖南省,长江流域,球溪,2026-07-26 01:00,2,28.843,7.55,6.78,189.56,2.954,1.56,0.012,0.067,1.419,,,2026-07-26 01:27:20
湖南省,长江流域,街埠头,2026-07-26 01:00,2,32.54,8.09,11.5,370.014,4.6004,2.9,0.048,0.045,1.863,,,2026-07-26 01:27:20
湖南省,长江流域,浦市上游,2026-07-26 01:00,2,29.13,7.66,7.17,173.4,13.44,0.89,,0.053,1.341,,,2026-07-26 01:27:20
湖南省,长江流域,里耶镇,2026-07-26 01:00,2,24.7,7.87,7.48,230.15,2.75,1.17,,0.019,1.304,,,2026-07-26 01:27:20
湖南省,长江流域,江口,2026-07-26 00:00,1,27.3,7.89,7.77,252.6099,2.9753,1.11,,0.017,1.307,,,2026-07-26 01:27:20
湖南省,长江流域,武水汇合口,2026-07-26 01:00,2,28.51,7.49,7.3,149.623,6.3947,1.05,,0.041,1.106,,,2026-07-26 01:27:20
广东省,珠江流域,蕉门,2026-07-26 01:00,2,28.64,7.65,6.8,251.209,263.424,3.12,0.003,0.055,2.525,,,2026-07-26 01:27:20
广东省,珠江流域,洪奇沥,2026-07-26 01:00,3,27.356,7.73,7.49,247.113,178.486,4.92,0.002,0.093,2.158,,,2026-07-26 01:27:20
广东省,珠江流域,莲花山,2026-07-26 01:00,3,29.702,6.75,5.22,279.77,73.684,3.32,0.002,0.06,2.52,,,2026-07-26 01:27:20
广东省,珠江流域,流溪河山庄,2026-07-26 01:00,2,29.472,7.04,6.14,84.623,8.921,1.55,0.01,0.038,1.104,,,2026-07-26 01:27:20
广东省,珠江流域,官坦,2026-07-26 01:00,2,28.715,7.71,6.36,227.387,60.91,2.4,0.002,0.075,2.352,,,2026-07-26 01:27:20
广东省,珠江流域,大龙涌口,2026-07-26 01:00,3,28.115,7.38,5.78,198.931,58.116,3.18,,0.081,3.24,,,2026-07-26 01:27:20
广东省,珠江流域,九龙潭,2026-07-26 01:00,2,28.534,6.39,7.53,67.198,74.308,0.88,0.029,0.059,1.654,,,2026-07-26 01:27:20
广东省,珠江流域,增江口,2026-07-26 01:00,2,29.908,6.9,7.27,69.06,34.053,1.66,0.06,0.045,1.438,,,2026-07-26 01:27:20
广东省,珠江流域,鸦岗,2026-07-26 01:00,4,30.79,7.12,3.6,268,37.26,2.86,0.332,0.125,2.526,,,2026-07-26 01:27:20
广东省,珠江流域,大墩,2026-07-26 00:00,3,30.916,6.92,5.38,124.387,41.779,1.72,0.059,0.084,1.804,,,2026-07-26 01:27:20
广东省,珠江流域,十里亭,2026-07-26 01:00,2,28.738,7.84,6.73,215.196,15.884,1.37,0.007,0.044,1.193,,,2026-07-26 01:27:20
广东省,珠江流域,长坝,2026-07-26 01:00,2,30.106,6.92,6.39,91.091,13.415,1.86,0.026,0.025,1.081,,,2026-07-26 01:27:20
广东省,珠江流域,高桥,2026-07-26 00:00,3,28.16945,7.47,5.91,130.3922,24.15767,1.95,0.032,0.057,1.02949,,,2026-07-26 01:27:20
广东省,珠江流域,深圳河口,2026-07-26 00:00,5,30.35933,6.86,2.99,434.3821,50.65818,4.72,0.292,0.179,4.29036,,,2026-07-26 01:27:20
广东省,珠江流域,小漠桥,2026-07-26 01:00,2,27.508,8.06,7.58,21748.53,17.973,2.54,0.013,0.02,0.756,,,2026-07-26 01:27:20
广东省,珠江流域,共和村,2026-07-26 01:00,4,30.439,7.34,4.76,684.098,17.505,4.33,0.248,0.154,6.032,,,2026-07-26 01:27:20
广东省,珠江流域,珠海大桥,2026-07-26 01:00,2,27.95,7.78,6.98,267.653,100.168,1.61,,0.092,2.465,,,2026-07-26 01:27:20
广东省,珠江流域,石角咀水闸,2026-07-26 01:00,5,30.84,6.91,2.24,469.58,90.771,4.01,0.951,0.195,3.065,,,2026-07-26 01:27:20
广东省,珠江流域,鸡啼门大桥,2026-07-26 01:00,2,28.13,7.65,6.62,271,58.24,0.9,,0.083,2.505,,,2026-07-26 01:27:20
广东省,珠江流域,布洲,2026-07-26 01:00,4,26.8,7.64,7.51,222.807,152.792,9.94,0.063,0.118,2.773,,,2026-07-26 01:27:20
广东省,珠江流域,隆都,2026-07-26 01:00,2,29.241,7.16,6.17,120.446,13.119,1.03,0.003,0.026,1.445,,,2026-07-26 01:27:20
广东省,珠江流域,海门湾桥闸,2026-07-26 01:00,4,27.43,7.25,6.97,1131.92,19.37,5.21,1.379,0.172,3.771,,,2026-07-26 01:27:20
广东省,珠江流域,外砂,2026-07-26 01:00,2,29.686,7.19,6.47,117.388,12.7,1.72,0.046,0.042,1.505,,,2026-07-26 01:27:20
广东省,珠江流域,莲阳桥闸,2026-07-26 01:00,2,24.587,7.2,8.45,116.378,12.712,1.6,0.005,0.047,1.47,,,2026-07-26 01:27:20
广东省,珠江流域,大衙,2026-07-26 00:00,3,33.203,6.93,5.84,134.107,11.295,1.38,0.001,0.065,1.49162,,,2026-07-26 01:27:20
广东省,珠江流域,平洲,2026-07-26 01:00,2,28.432,7.59,6.91,188.907,77.671,2.34,0.002,0.026,3.03,,,2026-07-26 01:27:20
广东省,珠江流域,乌洲,2026-07-26 01:00,2,27.512,7.77,6.69,203.205,26.837,1.41,0.003,0.056,2.68,,,2026-07-26 01:27:20
广东省,珠江流域,古劳,2026-07-26 00:00,2,27.71546,7.26,6.65,227.6833,93.98721,1.63,0.094,0.061,2.05482,,,2026-07-26 01:27:20
广东省,珠江流域,苍山渡口,2026-07-26 01:00,3,29.44,7.31,5.58,275.485,54.43,2.25,0.05,0.136,2.09,,,2026-07-26 01:27:20
广东省,珠江流域,牛湾,2026-07-26 01:00,4,29.59,6.66,3.19,122.41,37.86,5.31,0.221,0.214,2.277,,,2026-07-26 01:27:20
广东省,珠江流域,渠首,2026-07-26 01:00,3,30.66,8.81,8.17,120.93,17.35,5.64,0.011,0.026,0.903,0.01538,5450401,2026-07-26 01:27:20
广东省,珠江流域,黄坡,2026-07-26 01:00,4,32.45,7,4.73,148.49,22,3.99,,0.102,1.956,,,2026-07-26 01:27:20
广东省,珠江流域,山角,2026-07-26 01:00,6,32.01,9.14,17.48,127.08,14.18,6.99,,0.128,2.389,,,2026-07-26 01:27:20
广东省,珠江流域,运河管理局,2026-07-26 01:00,3,31.88,8.48,8.6,131.84,43.94,5.65,,0.026,0.857,,,2026-07-26 01:27:20
广东省,珠江流域,排里,2026-07-26 01:00,4,31.77,7.01,7.67,152.92,19.72,7,0.099,0.243,2.685,,,2026-07-26 01:27:20
广东省,珠江流域,南渡河桥,2026-07-26 01:00,4,32.56,6.51,4.06,194.18,28.76,6.08,,0.076,3.008,,,2026-07-26 01:27:20
广东省,珠江流域,营仔,2026-07-26 01:00,4,30.16,6.77,4.31,176.65,16.68,6.27,0.188,0.165,2.634,,,2026-07-26 01:27:20
广东省,珠江流域,黄竹尾水闸,2026-07-26 01:00,4,30.69,6.99,4.14,125.32,44.89,3.84,0.128,0.151,2.531,,,2026-07-26 01:27:20
广东省,珠江流域,塘口,2026-07-26 01:00,3,30.36,6.9,6.23,101.84,47.4,3.35,0.093,0.167,2.357,,,2026-07-26 01:27:20
广东省,珠江流域,石碧,2026-07-26 00:00,4,31.689,6.36,5.32,276.382,41.645,5.49,0.425,0.224,3.357,,,2026-07-26 01:27:20
广东省,珠江流域,石骨水库,2026-07-26 00:00,-1,,,,,,,,,,,,2026-07-26 01:27:20
广东省,珠江流域,良德水库,2026-07-26 01:00,2,31.1,8.52,9.15,65.59,11.413,1.9,,0.013,0.365,0.00541,521406,2026-07-26 01:27:20
广东省,珠江流域,米急渡,2026-07-26 01:00,3,29.47,7.09,5.99,92.879,42.94,1.85,0.078,0.097,1.915,,,2026-07-26 01:27:20
广东省,珠江流域,梁村,2026-07-26 01:00,2,28.9768,7.54,7.09,155.9025,49.19696,1.84,0.005,0.075,2.336,,,2026-07-26 01:27:20
广东省,珠江流域,封开城上,2026-07-26 01:00,2,27.448,7.52,7.22,238.475,162.062,3.75,0.01,0.08,4.56,,,2026-07-26 01:27:20
广东省,珠江流域,白沙街,2026-07-26 00:00,2,28.216,7.44,7.43,146.805,22.17,1.28,0.032,0.054,1.414,,,2026-07-26 01:27:20
广东省,珠江流域,黄岗,2026-07-26 01:00,2,27.495,7.46,6.79,214.871,121.913,3.07,0.02,0.032,3.941,,,2026-07-26 01:27:20
广东省,珠江流域,永安,2026-07-26 01:00,2,27.599,7.59,7.08,207.727,117.712,3.28,0.0002,0.071,3.94,,,2026-07-26 01:27:20
广东省,珠江流域,东江江口,2026-07-26 01:00,2,25.29,7.05,6.91,90.00654,47.68113,1.63,0.016,0.042,1.82,,,2026-07-26 01:27:20
广东省,珠江流域,博罗城下,2026-07-26 01:00,3,29.361,6.87,5.27,118.106,31.406,2.13,0.062,0.086,2.197,,,2026-07-26 01:27:20
广东省,珠江流域,惠州汝湖,2026-07-26 01:00,2,26.598,7.44,7.57,92.977,17.584,1.27,0.005,0.056,1.551,,,2026-07-26 01:27:20
广东省,珠江流域,沙河河口,2026-07-26 01:00,3,30.104,6.93,5.27,167.129,46.151,2.53,0.139,0.116,2.025,,,2026-07-26 01:27:20
广东省,珠江流域,马安大桥下,2026-07-26 01:00,3,29.041,6.65,5.61,70.658,19.369,2.56,0.07,0.083,1.724,,,2026-07-26 01:27:20
广东省,珠江流域,虎爪断桥,2026-07-26 01:00,6,28.145,7.2,5.63,531.078,147.043,7,1.025,0.563,3.29,,,2026-07-26 01:27:20
广东省,珠江流域,公庄河口,2026-07-26 00:00,3,30.1,7.14,6.59,137,51.1,2.88,,0.132,1.502,,,2026-07-26 01:27:20
广东省,珠江流域,青溪,2026-07-26 00:00,5,27.34872,6.82,2.99,114.3764,5.60886,1.39,0.018,0.055,1.37679,,,2026-07-26 01:27:20
广东省,珠江流域,大麻,2026-07-26 01:00,3,29.371,6.81,5.14,135.647,36.556,1.82,0.002,0.059,1.988,,,2026-07-26 01:27:20
广东省,珠江流域,西阳电站,2026-07-26 01:00,3,30.564,6.97,5.83,130.437,11.934,2.66,0.057,0.05,1.735,,,2026-07-26 01:27:20
广东省,珠江流域,五丰渡口,2026-07-26 01:00,2,28.86,6.88,6.49,94.8,38.71,1.92,0.344,0.055,4.4147,,,2026-07-26 01:27:20
广东省,珠江流域,新铺,2026-07-26 01:00,3,29.35,7.22,5.91,111.795,11.976,1.85,0.17,0.042,1.8525,,,2026-07-26 01:27:20
广东省,珠江流域,海丰西闸,2026-07-26 01:00,2,29.67,6.8,7.15,51.5,22.2,3.33,0.086,0.043,0.319,,,2026-07-26 01:27:20
广东省,珠江流域,陆丰半湾水闸,2026-07-26 01:00,4,25.917,7.29,8.17,,7.688,1.62,1.291,,1.72,,,2026-07-26 01:27:20
广东省,珠江流域,东溪水闸,2026-07-26 01:00,4,29.93,7.18,6.91,385.839,76.423,7.73,0.184,0.111,1.505,,,2026-07-26 01:27:20
广东省,珠江流域,庙咀里,2026-07-26 01:00,2,29.55,6.89,6.01,135.37,12.913,2.03,0.048,0.035,1.415,,,2026-07-26 01:27:20
广东省,珠江流域,龙川城铁路桥,2026-07-26 01:00,4,27.51,6.51,4.45,102.282,65.003,4.38,0.002,0.088,2.257,,,2026-07-26 01:27:20
广东省,珠江流域,江城,2026-07-26 01:00,3,30.13,6.84,6.62,114.965,34.492,2.39,0.1,0.137,1.205,,,2026-07-26 01:27:20
广东省,珠江流域,尖山,2026-07-26 01:00,3,30.91,6.63,6.47,113.59,18.07,3.97,0.058,0.151,2.171,,,2026-07-26 01:27:20
广东省,珠江流域,埠场,2026-07-26 01:00,3,29.86,6.83,6.39,137.618,24.285,2.61,0.12,0.144,1.704,,,2026-07-26 01:27:20
广东省,珠江流域,大泉,2026-07-26 01:00,4,31.3,6.77,3.56,268.3,24.1,4.44,0.385,0.184,1.58,,,2026-07-26 01:27:20
广东省,珠江流域,石角,2026-07-26 01:00,2,28.8983,7.78,8.36,179.8073,28.42241,1.56,0.002,0.045,1.63,,,2026-07-26 01:27:20
广东省,珠江流域,连江西牛,2026-07-26 01:00,2,27.229,7.81,7.79,193.094,16.962,1.36,0.009,0.046,1.467,,,2026-07-26 01:27:20
广东省,珠江流域,樟村,2026-07-26 01:00,6,31.7,6.91,0.93,398.077,24.32,3.8,0.859,0.156,5.471,,,2026-07-26 01:27:20
广东省,珠江流域,沙田泗盛,2026-07-26 00:00,5,30.58,6.48,2.77,236.51,38.36,3.62,0.147,0.091,2.895,,,2026-07-26 01:27:20
广东省,珠江流域,旗岭,2026-07-26 01:00,6,29.75,7.09,1.38,344.936,146.15,2.85,0.56,0.231,5.232,,,2026-07-26 01:27:20
广东省,珠江流域,石龙南河,2026-07-26 00:00,3,30.24,6.87,5.12,135.925,22.467,2.16,0.014,0.084,1.534,,,2026-07-26 01:27:20
广东省,珠江流域,中山港码头,2026-07-26 01:00,2,27.81,7.67,7.24,242.71,81.871,2.42,0.181,0.097,3.159,,,2026-07-26 01:27:20
广东省,珠江流域,赤凤,2026-07-26 01:00,3,29.33,7.07,5.89,133.78,38.96,1.51,0.032,0.133,1.757,,,2026-07-26 01:27:20
广东省,珠江流域,凤江桥,2026-07-26 01:00,2,28.926,7.12,6.86,114.875,58.802,3.06,0.057,0.09,1.952,,,2026-07-26 01:27:20
广东省,珠江流域,隆溪大道桥,2026-07-26 01:00,3,28.474,6.59,5.72,70.891,28.683,1.85,0.086,0.048,1.425,,,2026-07-26 01:27:20
广东省,珠江流域,龙石,2026-07-26 01:00,5,30.613,6.78,2.73,141.801,45.315,3.5,0.555,0.117,3.323,,,2026-07-26 01:27:20
广东省,珠江流域,龟山塔,2026-07-26 01:00,2,29.84,6.95,6.18,79.061,16.55,1.31,0.088,0.077,1.2865,,,2026-07-26 01:27:20
广东省,珠江流域,古封,2026-07-26 00:00,2,27.59,7.64,7.26,226.18,88.38,2.21,0.071,0.056,2.792,,,2026-07-26 01:27:20
广东省,珠江流域,都骑,2026-07-26 01:00,2,26.967,7.53,8.22,226.445,94.379,2.77,0.006,0.065,3.402,,,2026-07-26 01:27:20
广西壮族自治区,珠江流域,老口,2026-07-26 01:00,2,28.94674,7.76,6.38,293.3335,24.9751,1.2,,0.042,2.881867,,,2026-07-26 01:27:20
广西壮族自治区,珠江流域,叮当,2026-07-26 01:00,2,29.29,7.68,6.83,320.77,19.19,1.83,0.042,0.089,4.5693,,,2026-07-26 01:27:20
广西壮族自治区,珠江流域,六景,2026-07-26 01:00,2,28.95,7.74,6.46,305.36,21.01,1.65,,0.042,2.318,,,2026-07-26 01:27:20
广西壮族自治区,珠江流域,雁江,2026-07-26 00:00,3,27.89488,8.04,5.83,318.0517,20.02452,1.26,0.025,0.023,2.31303,,,2026-07-26 01:27:20
广西壮族自治区,珠江流域,上中,2026-07-26 00:00,2,29.77,7.75,6.91,341.5853,10.59157,1.31,0.032,0.028,3.01861,,,2026-07-26 01:27:20
广西壮族自治区,珠江流域,白马,2026-07-26 01:00,3,27.52,7.66,5.96,317.63,56.27,1.86,,0.048,2.75,,,2026-07-26 01:27:20
广西壮族自治区,珠江流域,露塘,2026-07-26 00:00,2,25.21,7.61,9.32,146.3412,142.2114,1.43,0.122,0.035,2.41502,,,2026-07-26 01:27:20
广西壮族自治区,珠江流域,龙溪,2026-07-26 01:00,2,26.087,7.41,7.93,114.105,9.344,0.13,0.003,0.025,1.435,,,2026-07-26 01:27:20
广西壮族自治区,珠江流域,阳朔,2026-07-26 00:00,2,26.84,7.61,7.29,162.525,7.67,1.27,0.002,0.043,1.5421,,,2026-07-26 01:27:20
广西壮族自治区,珠江流域,交州,2026-07-26 01:00,1,23.794,7.14,9.14,47.968,33.737,0.28,0.002,0.015,0.787,,,2026-07-26 01:27:20
广西壮族自治区,珠江流域,京南,2026-07-26 00:00,2,26.73528,7.38,9.93,178.1901,21.17686,1.38,0.036,0.062,1.63487,,,2026-07-26 01:27:20
广西壮族自治区,珠江流域,亚桥,2026-07-26 00:00,4,27.71,6.97,,143.584,37.116,3.59,0.05,0.224,2.32,,,2026-07-26 01:27:20
广西壮族自治区,珠江流域,东边埇,2026-07-26 01:00,3,28.17,6.45,7.07,71.6186,77.3007,2.06,0.048,0.129,2.371,,,2026-07-26 01:27:20
广西壮族自治区,珠江流域,南域,2026-07-26 00:00,3,28.91,6.7,6.7,104.1931,36.35531,4.47,0.116,0.101,2.56155,,,2026-07-26 01:27:20
广西壮族自治区,珠江流域,西门江,2026-07-26 01:00,4,30.31,6.71,4.28,271.014,33.13,3.44,0.297,0.194,3.528,,,2026-07-26 01:27:20
广西壮族自治区,珠江流域,高速公路桥,2026-07-26 01:00,3,29.8,6.85,6.73,123.82,24.68,4.38,0.1,0.171,2.2929,,,2026-07-26 01:27:20
广西壮族自治区,珠江流域,三滩,2026-07-26 01:00,-1,,,,,,,,,,,,2026-07-26 01:27:20
广西壮族自治区,珠江流域,边贸码头,2026-07-26 01:00,2,28.32,6.61,7.84,54.79,18.24,1.5,0.122,0.07,1.32,,,2026-07-26 01:27:20
广西壮族自治区,珠江流域,高塘,2026-07-26 01:00,3,28.75,6.12,7,55.49,125.11,3.06,0.083,0.103,2.432,,,2026-07-26 01:27:20
广西壮族自治区,珠江流域,茅岭大桥,2026-07-26 01:00,6,28.2,5.95,7.09,49.3,53.36,2.47,0.04,0.067,1.19,,,2026-07-26 01:27:20
广西壮族自治区,珠江流域,钦江东,2026-07-26 00:00,3,27.99373,7.21,6.35,163.4145,201.7405,4.07,0.24,0.082,1.32375,,,2026-07-26 01:27:20
广西壮族自治区,珠江流域,高速公路西桥,2026-07-26 01:00,4,30.01,6.45,3.17,559.37,94.08,6.69,0.384,0.223,,,,2026-07-26 01:27:20
广西壮族自治区,珠江流域,武林渡口,2026-07-26 01:00,2,27.581,7.3,7.57,246.688,116.47,2.83,0.063,0.062,3.81,,,2026-07-26 01:27:20
广西壮族自治区,珠江流域,火电厂,2026-07-26 01:00,3,29.2,7.46,5.45,281.313,29.765,2.57,0.007,0.072,2.451,,,2026-07-26 01:27:20
广西壮族自治区,珠江流域,自良渡口,2026-07-26 00:00,3,28.39,6.98,5.85,121.2625,33.51998,2.06,0.048,0.088,1.97378,,,2026-07-26 01:27:20
广西壮族自治区,珠江流域,横塘,2026-07-26 00:00,4,29.45,7.04,6.67,154.7329,37.66402,3.82,0.001,0.219,3.33127,,,2026-07-26 01:27:20
广西壮族自治区,珠江流域,隘屯,2026-07-26 01:00,2,25.72602,8.08,9.27,362.8362,16.14386,0.56,0.019,0.027,1.919646,,,2026-07-26 01:27:20
广西壮族自治区,珠江流域,公篓,2026-07-26 01:00,2,24.83,7.83,6.61,260.79,7.24,1.24,0.103,0.052,1.44,,,2026-07-26 01:27:20
广西壮族自治区,珠江流域,桂花,2026-07-26 00:00,2,25.7,7.39,8,160.0728,10.64095,,0.022,0.049,1.58023,,,2026-07-26 01:27:20
广西壮族自治区,珠江流域,贺街,2026-07-26 01:00,2,27.63,7.63,7.61,155.5,23.171,0.9,0.04,0.048,1.068,,,2026-07-26 01:27:20
广西壮族自治区,珠江流域,杨民,2026-07-26 01:00,1,26.14,7.8,7.89,300.188,5.908,1.69,0.006,0.017,1.909,,,2026-07-26 01:27:20
广西壮族自治区,珠江流域,岩滩水库,2026-07-26 01:00,2,24.994,8,7.48,323.332,8.057,0.3,0.029,0.004,2.143,0.004098,523793.1,2026-07-26 01:27:20
广西壮族自治区,珠江流域,垒亭,2026-07-26 00:00,1,24.72371,7.76,8.07,345.4213,53.53851,0.95,0.009,0.016,1.92168,,,2026-07-26 01:27:20
广西壮族自治区,珠江流域,象州运江老街,2026-07-26 01:00,2,26.617,7.67,8.3,164.603,45.765,0.93,0.006,0.032,1.746,,,2026-07-26 01:27:20
广西壮族自治区,珠江流域,勒马,2026-07-26 01:00,1,26.297,7.81,7.52,244.648,46.952,1.09,0.003,0.016,3.08,,,2026-07-26 01:27:20
广西壮族自治区,珠江流域,上金,2026-07-26 01:00,3,30.05,6.84,5.03,132.8107,48.0741,2.53,,0.027,2.3199,,,2026-07-26 01:27:20
广西壮族自治区,珠江流域,渠立,2026-07-26 01:00,2,28.84,7.86,8.58,314.267,15.813,1.49,,0.023,2.599,,,2026-07-26 01:27:20
广西壮族自治区,珠江流域,棉江,2026-07-26 01:00,2,28.89,7.46,6.71,249.531,17.265,1.41,0.006,0.024,2.0513,,,2026-07-26 01:27:20
海南省,珠江流域,龙塘,2026-07-26 00:00,2,31.8,7.19,6.23,113.9,12.7,3.74,0.032,0.091,1.206,,,2026-07-26 01:27:20
海南省,珠江流域,儒房,2026-07-26 01:00,2,32.3,8.3,10.95,14030.3,5.3,2.73,0.065,0.038,0.801,,,2026-07-26 01:27:20
海南省,珠江流域,后黎村,2026-07-26 01:00,2,32.7,7.54,6.34,96.9,7.4,2.42,,0.052,0.803,,,2026-07-26 01:27:20
海南省,珠江流域,林家村,2026-07-26 01:00,2,32.97,6.34,6.3,245.57,11.09,1.6,0.068,0.017,2.175,,,2026-07-26 01:27:20
海南省,珠江流域,崖城大桥,2026-07-26 01:00,2,30.1,6.71,7.41,96.01,42.5,1.75,0.004,0.031,2.246,,,2026-07-26 01:27:20
海南省,珠江流域,藤桥河大桥,2026-07-26 01:00,2,31.79,8.36,8.97,1384.56,3.68,2.29,,0.027,0.934,,,2026-07-26 01:27:20
海南省,珠江流域,松涛水库南丰库心,2026-07-26 00:00,2,31.73642,7.71,6.81,77.68928,0.3834767,0.8,0.001,0.005,0.1579784,0.01388986,936710.8,2026-07-26 01:27:20
海南省,珠江流域,上村桥,2026-07-26 01:00,4,32.1,7.19,4.66,574,30.4,3.57,0.024,0.078,1.139,,,2026-07-26 01:27:20
海南省,珠江流域,中和桥,2026-07-26 01:00,3,32,7.28,7.96,207.5,15.9,4.3,0.035,0.091,1.158,,,2026-07-26 01:27:20
海南省,珠江流域,汀洲,2026-07-26 00:00,2,30.98,6.62,6.29,77.24,7.28,1.81,0.009,0.039,0.651,,,2026-07-26 01:27:20
海南省,珠江流域,龙江,2026-07-26 00:00,2,29.94,6.74,7.21,72.29,3.02,2.05,0.007,0.029,0.562,,,2026-07-26 01:27:20
海南省,珠江流域,溪仔村,2026-07-26 01:00,2,30.6,7.41,9.04,85.07,5.24,2.2,0.002,0.028,0.355,,,2026-07-26 01:27:20
海南省,珠江流域,羊头外村桥,2026-07-26 01:00,4,33.71,7.81,8.08,156.19,28.01,7.59,0.049,0.109,1.761,,,2026-07-26 01:27:20
海南省,珠江流域,农垦橡胶所一队,2026-07-26 01:00,2,30.7,6.95,6.99,78.8,5.2,1.35,0.003,0.019,1.135,,,2026-07-26 01:27:20
海南省,珠江流域,水涯新区,2026-07-26 01:00,2,32.5,6.87,6.16,458.6,11.4,2.72,0.089,0.056,1.02,,,2026-07-26 01:27:20
海南省,珠江流域,分洪桥,2026-07-26 01:00,3,32.78,7.96,12.39,86.23,22.57,4.69,,0.031,0.469,,,2026-07-26 01:27:20
海南省,珠江流域,后山村,2026-07-26 01:00,4,32.89,6.71,3.44,136.949,29.4003,4.6,0.566,0.162,2.452,,,2026-07-26 01:27:20
海南省,珠江流域,大广坝水库出口,2026-07-26 01:00,4,28.426,7.15,3.78,91.958,21.87,2.21,,0.023,1.058,0.005717,1520800,2026-07-26 01:27:20
海南省,珠江流域,罗带铁路桥,2026-07-26 01:00,3,32,8.89,17.58,26579.7,5,5.59,0.208,0.17,0.918,,,2026-07-26 01:27:20
海南省,珠江流域,山口,2026-07-26 01:00,2,33.02,7.53,7.52,107.75,14.75,2.44,0.004,0.021,0.315,,,2026-07-26 01:27:20
海南省,珠江流域,白仞滩电站,2026-07-26 01:00,3,32.4,7.43,5.59,169.1,7.2,3.56,0.053,0.081,1.544,,,2026-07-26 01:27:20
海南省,珠江流域,大风,2026-07-26 01:00,2,30.67546,6.8,6.24,104.0835,18.81431,3.18,0.004,0.041,1.086966,,,2026-07-26 01:27:20
海南省,珠江流域,叉河口,2026-07-26 01:00,2,31.4,7.63,8.01,126,20.8,2.67,0.008,0.061,2.752,,,2026-07-26 01:27:20
海南省,珠江流域,乐中,2026-07-26 01:00,2,31.3,8.08,8.79,102.2,17.6,1.53,,0.024,0.497,,,2026-07-26 01:27:20
海南省,珠江流域,跨界桥,2026-07-26 01:00,2,32,8.42,11.86,107.8,11,3.13,0.005,0.038,0.656,,,2026-07-26 01:27:20
海南省,珠江流域,群英大坝,2026-07-26 01:00,2,30.4,8.14,10.7,84.8,9.5,2.23,0.003,0.037,0.738,,,2026-07-26 01:27:20
海南省,珠江流域,大溪村,2026-07-26 01:00,2,31.2,7.27,6.48,526.4,16.3,3.1,0.104,0.079,0.728,,,2026-07-26 01:27:20
重庆市,长江流域,晒网坝,2026-07-26 01:00,2,26.48,7.89,6.46,342.0027,40.3599,1.35,,0.05,2.053,,,2026-07-26 01:27:20
重庆市,长江流域,向家,2026-07-26 01:00,2,26.35,7.69,8.68,194.848,24.838,3.41,,0.052,1.116,,,2026-07-26 01:27:20
重庆市,长江流域,磨刀溪长滩,2026-07-26 01:00,6,27.06,9.17,24.35,180.061,13.843,4.78,0.075,0.048,1.104,,,2026-07-26 01:27:20
重庆市,长江流域,木瓜洞,2026-07-26 00:00,3,33.94,8.48,13.5,362.393,17.4347,5.69,0.004,0.061,0.873,,,2026-07-26 01:27:20
重庆市,长江流域,寸滩,2026-07-26 01:00,2,25.91,7.98,7.58,401.734,29.611,1.67,0.11,0.057,1.602,,,2026-07-26 01:27:20
重庆市,长江流域,和尚山,2026-07-26 01:00,2,26.68,7.97,7.07,384.58,50.86,2,0.042,0.03,1.021,,,2026-07-26 01:27:20
重庆市,长江流域,北温泉,2026-07-26 01:00,2,31.4,7.87,7.91,427.079,5.49573,2.09,0.017,0.014,1.394,,,2026-07-26 01:27:20
重庆市,长江流域,寨溪大桥,2026-07-26 01:00,2,31.7,8,15.6,1029.41,14.6376,2.23,,0.017,1.81,,,2026-07-26 01:27:20
重庆市,长江流域,石门坎,2026-07-26 01:00,1,26.92,8.09,7.75,466.08,7.03,0.7,,0.007,1.526,,,2026-07-26 01:27:20
重庆市,长江流域,玉滩水库,2026-07-26 00:00,2,31.07,7.75,6.75,410.9088,12.51288,3.73,0.012,0.012,0.53406,0.0417721,4382318,2026-07-26 01:27:20
重庆市,长江流域,御临镇,2026-07-26 01:00,3,34.51,8.62,14.24,319.089,4.126,4.79,0.012,0.041,1.024,,,2026-07-26 01:27:20
重庆市,长江流域,黎家乡崔家岩村,2026-07-26 00:00,6,32.85,9.03,25.87,221.45,9.06,4.67,0.005,0.036,0.674,,,2026-07-26 01:27:20
重庆市,长江流域,运输桥,2026-07-26 00:00,4,26,7.56,4.34,380.2946,6.4872,4.38,0.045,0.083,2.251,,,2026-07-26 01:27:20
重庆市,长江流域,六剑滩,2026-07-26 01:00,4,32.27,8.46,10.73,290.6,27.27,6.39,0.019,0.12,1.891,,,2026-07-26 01:27:20
重庆市,长江流域,支坪街道,2026-07-26 01:00,2,32.08,8.17,7.11,545.7529,27.9915,1.29,,0.012,1.575,,,2026-07-26 01:27:20
重庆市,长江流域,江津大桥,2026-07-26 01:00,2,25.12,8.08,7.72,415.98,16.65,0.81,0.004,0.042,1.321,,,2026-07-26 01:27:20
重庆市,长江流域,朱杨溪,2026-07-26 01:00,3,33.67,8.52,7.16,618.63,30.14,5.93,,0.096,2.399,,,2026-07-26 01:27:20
重庆市,长江流域,北渡,2026-07-26 01:00,2,29.43,8.3,8.96,496.1805,15.61,1.37,,0.024,2.099,,,2026-07-26 01:27:20
重庆市,长江流域,白杨溪,2026-07-26 01:00,2,32.59,8.03,7.32,120.31,19.016,3.54,,0.027,0.923,,,2026-07-26 01:27:20
重庆市,长江流域,太和,2026-07-26 01:00,2,32.78,8.39,9.66,337.01,15.4,2.7,,0.017,0.902,,,2026-07-26 01:27:20
重庆市,长江流域,官渡,2026-07-26 01:00,3,34.15,8.51,24.73,279.9528,10.93,4.16,0.004,0.044,0.977,,,2026-07-26 01:27:20
重庆市,长江流域,临渡,2026-07-26 01:00,2,34.14,8.15,9.43,377.1,17.348,1.69,,0.031,1.109,,,2026-07-26 01:27:20
重庆市,长江流域,渠江码头,2026-07-26 01:00,2,32.94,8.32,14.66,294.98,17.644,3.91,0.003,0.035,1.334,,,2026-07-26 01:27:20
重庆市,长江流域,黄桷,2026-07-26 01:00,4,32.39,7.88,4.84,634.847,1.39,2.26,0.009,0.029,0.317,,,2026-07-26 01:27:20
重庆市,长江流域,朱沱,2026-07-26 01:00,2,25.12,8.08,7.24,407,21.23,0.95,0.009,0.055,1.498,,,2026-07-26 01:27:20
重庆市,长江流域,四明水厂,2026-07-26 01:00,4,32.66,7.8,5.69,367.7,55,8.24,,0.102,1.169,,,2026-07-26 01:27:20
重庆市,长江流域,金狮桥,2026-07-26 01:00,1,18.8,8.13,8.99,219.713,11.28,1.04,0.022,0.009,0.831,,,2026-07-26 01:27:20
重庆市,长江流域,璧南河两河口,2026-07-26 00:00,4,33.01,8.51,11.55,618.354,14.192,7.7,,0.089,1.183,,,2026-07-26 01:27:20
重庆市,长江流域,中和,2026-07-26 01:00,4,31.51,7.54,15.29,478.9,10.92,6.84,,0.049,0.956,,,2026-07-26 01:27:20
重庆市,长江流域,玉溪,2026-07-26 00:00,2,28.78,7.91,8.37,383.92,27.2565,2.4,0.028,0.068,1.686,,,2026-07-26 01:27:20
重庆市,长江流域,高洞电站,2026-07-26 00:00,3,34.43,8.32,17.68,517.937,12.333,5.68,0.001,0.031,1.897,,,2026-07-26 01:27:20
重庆市,长江流域,巫山乡,2026-07-26 01:00,3,29.02,8.5,7.54,243.243,14.268,4.32,,0.063,0.884,,,2026-07-26 01:27:20
重庆市,长江流域,上河坝,2026-07-26 01:00,3,31.34,8.5,6.91,,0.35,4.84,0.028,0.081,0.261,,,2026-07-26 01:27:20
重庆市,长江流域,芙蓉洞码头,2026-07-26 01:00,1,29.61,8.62,17.01,192.98,11.53,1.86,0.001,0.017,1.005,,,2026-07-26 01:27:20
重庆市,长江流域,江口镇,2026-07-26 01:00,1,24.852,8.23,8.31,313.718,2.563,0.34,,0.01,1.772,,,2026-07-26 01:27:20
重庆市,长江流域,土堡寨,2026-07-26 01:00,1,20.93,8.26,8.77,439.785,5.367,0.32,0.017,0.008,0.95,,,2026-07-26 01:27:20
重庆市,长江流域,湖海场,2026-07-26 01:00,2,25.69,7.55,7.75,191.763,30.585,3.73,,0.082,1.633,,,2026-07-26 01:27:20
重庆市,长江流域,卫星桥,2026-07-26 01:00,3,31.99,8.22,6.42,288.6711,22.0723,5.21,0.008,0.046,0.947,,,2026-07-26 01:27:20
重庆市,长江流域,高洞梁,2026-07-26 01:00,2,33.83,8,11.76,411.973,24.842,3.04,,0.038,0.496,,,2026-07-26 01:27:20
重庆市,长江流域,苏家,2026-07-26 01:00,2,26.74,7.83,6.72,386.2156,59.5837,1.43,0.013,0.063,2.423,,,2026-07-26 01:27:20
重庆市,长江流域,清水湖渡口,2026-07-26 01:00,6,30.8,9.05,16.8,180.508,4.4039,0.64,0.012,0.024,0.8238,,,2026-07-26 01:27:20
重庆市,长江流域,小江河口,2026-07-26 01:00,2,29.28,8.69,13.53,391.66,4.76,2.16,0.019,0.031,1.5839,,,2026-07-26 01:27:20
重庆市,长江流域,汤溪河江口,2026-07-26 01:00,1,26.17,7.89,8.17,305.527,9.52,0.78,0.006,0.008,0.723,,,2026-07-26 01:27:20
重庆市,长江流域,罗汉大桥,2026-07-26 01:00,2,27.27,7.81,9.01,291.5,13.34,1.08,0.031,0.031,1.726,,,2026-07-26 01:27:20
重庆市,长江流域,白帝城,2026-07-26 01:00,2,26.36,7.96,6.88,373.479,38.811,1.06,,0.048,2.107,,,2026-07-26 01:27:20
重庆市,长江流域,培石,2026-07-26 00:00,2,26.8686,7.72,6.95,379.2355,32.9327,1.49,0.21,0.055,1.5089,,,2026-07-26 01:27:20
重庆市,长江流域,花台,2026-07-26 01:00,2,26.9,8.08,6.4,509.7297,15.7302,0.36,,0.02,1.276,,,2026-07-26 01:27:20
重庆市,长江流域,化杠,2026-07-26 00:00,2,23.17,7.73,7.75,114.78,9.82,2.32,0.01,0.053,1.4484,,,2026-07-26 01:27:20
重庆市,长江流域,小河,2026-07-26 01:00,2,19.62,7.61,8,277.844,11.95,1.08,0.001,0.023,1.535,,,2026-07-26 01:27:20
重庆市,长江流域,万木,2026-07-26 00:00,2,25.5,7.68,6.72,360.52,12.5,1.12,0.007,0.036,2.637,,,2026-07-26 01:27:20
重庆市,长江流域,红花村,2026-07-26 01:00,2,23.039,7.79,7.83,239.658,20.639,1.29,0.009,0.033,1.532,,,2026-07-26 01:27:20
重庆市,长江流域,南洞沟,2026-07-26 01:00,2,25.75,8.16,6.54,315.933,6.118,0.58,,0.022,1.086,,,2026-07-26 01:27:20
重庆市,长江流域,郁江桥,2026-07-26 01:00,1,28.16,8.64,12.94,248.424,7.787,0.86,,0.014,1.117,,,2026-07-26 01:27:20
四川省,长江流域,二江寺,2026-07-26 01:00,2,25.16,7.79,7.75,361.1,45.1,1.72,0.066,0.068,1.446,,,2026-07-26 01:27:20
四川省,长江流域,岳店子下,2026-07-26 00:00,3,29.29626,7.87,5.53,427.6245,6.52181,1.72,0.019,0.083,5.25696,,,2026-07-26 01:27:20
四川省,长江流域,三邑大桥,2026-07-26 01:00,2,24.22,7.6,6.78,263.3829,37.557,1.37,0.018,0.036,1.7431,,,2026-07-26 01:27:20
四川省,长江流域,宏缘,2026-07-26 01:00,2,29.05,7.75,6.35,421.52,7.51,1.91,0.026,0.091,2.18,,,2026-07-26 01:27:20
四川省,长江流域,李家湾,2026-07-26 01:00,3,32.02,7.93,7.79,396,11.4,2.28,0.004,0.142,1.989,,,2026-07-26 01:27:20
四川省,长江流域,廖家堰,2026-07-26 01:00,4,32.613,7.35,3.94,1172.91,13.389,4.81,0.189,0.105,1.112,,,2026-07-26 01:27:20
四川省,长江流域,脚仙村,2026-07-26 01:00,2,31.22,7.73,6.87,351.4,12.9,1.54,0.016,0.091,1.968,,,2026-07-26 01:27:20
四川省,长江流域,龙洞,2026-07-26 00:00,1,20.8,8.24,7.96,699,20.008,1.65,0.019,0.013,0.77594,,,2026-07-26 01:27:20
四川省,长江流域,倮果,2026-07-26 00:00,2,22.08,8.22,7.46,692.4431,15.66734,1.14,0.007,0.019,1.34258,,,2026-07-26 01:27:20
四川省,长江流域,雅砻江口,2026-07-26 00:00,1,19.373,7.7,9.24,224.9487,28.6801,1.2,0.019,0.017,0.53986,,,2026-07-26 01:27:20
四川省,长江流域,柏枝,2026-07-26 00:00,1,19.7,7.99,8.26,206.7439,12.79586,0.36,0.007,0.011,0.75769,,,2026-07-26 01:27:20
四川省,长江流域,湾凼,2026-07-26 01:00,5,30.84576,7.34,2.09,405.2105,15.05889,5.54,0.006,0.044,0.644547,,,2026-07-26 01:27:20
四川省,长江流域,沱江大桥,2026-07-26 01:00,2,33.15,7.94,6.75,344.8087,12.73944,2.29,0.006,0.099,1.648558,,,2026-07-26 01:27:20
四川省,长江流域,醒觉溪,2026-07-26 01:00,1,30.32,8.26,8.56,402.1,0.13,1.34,0.015,0.017,3.5,,,2026-07-26 01:27:20
四川省,长江流域,胡市大桥,2026-07-26 01:00,3,33.63,8.23,16.41,441.5977,11.6278,5.21,0.037,0.079,1.559,,,2026-07-26 01:27:20
四川省,长江流域,大磨子,2026-07-26 01:00,2,32.845,7.6,7.36,359.425,14.855,1.94,0.022,0.097,2.208,,,2026-07-26 01:27:20
四川省,长江流域,泸天化大桥,2026-07-26 01:00,2,31.67,8,8.02,349.202,10.921,1.85,0.005,0.045,2.6013,,,2026-07-26 01:27:20
四川省,长江流域,纳溪大渡口,2026-07-26 01:00,2,24.26,7.88,7.19,387.753,21.14,0.97,0.01,0.06,1.1964,,,2026-07-26 01:27:20
四川省,长江流域,两汇水,2026-07-26 01:00,2,30.4102,8.05,6.36,149.6951,3.60575,1.35,0.052,0.018,0.678,,,2026-07-26 01:27:20
四川省,长江流域,太平渡,2026-07-26 01:00,2,29.75934,8.27,6.94,511.8725,12.03121,1.3,0.002,0.032,3.345,,,2026-07-26 01:27:20
四川省,长江流域,象山,2026-07-26 01:00,3,32.74,7.97,9.74,443.29,6.2,4.97,,0.111,0.461,,,2026-07-26 01:27:20
四川省,长江流域,双江桥,2026-07-26 01:00,2,29.4,8.19,6.14,752.44,24.49,1.88,,0.092,2.04,,,2026-07-26 01:27:20
四川省,长江流域,三川,2026-07-26 01:00,2,27,8.24,6.04,760,14.18,1.06,,0.099,2.263,,,2026-07-26 01:27:20
四川省,长江流域,西平镇,2026-07-26 01:00,2,31.67,8.01,9.65,509.43,17.1,2.38,,0.033,2.18,,,2026-07-26 01:27:20
四川省,长江流域,平武水文站,2026-07-26 00:00,1,16.68,8.45,9.11,300.4514,26.28622,0.73,0.008,0.009,0.64589,,,2026-07-26 01:27:20
四川省,长江流域,丰谷,2026-07-26 00:00,2,26.70939,7.96,7.25,289.7585,31.81068,0.97,0.001,0.012,1.35077,,,2026-07-26 01:27:20
四川省,长江流域,鲁班岛,2026-07-26 00:00,2,29.83557,8.74,8.3,247.7677,27.88992,1.77,0.009,0.012,0.16018,0.00144,4221866,2026-07-26 01:27:20
四川省,长江流域,北川通口,2026-07-26 00:00,1,21.82032,8.47,8.21,294.7364,25.46584,0.54,0.003,0.013,1.14195,,,2026-07-26 01:27:20
四川省,长江流域,八庙沟,2026-07-26 00:00,1,29.43,7.96,7.6,356.5193,11.74683,1.5,0.001,0.012,0.82171,,,2026-07-26 01:27:20
四川省,长江流域,姚渡,2026-07-26 01:00,1,24.15746,8.25,7.72,359.1983,19.5215,0.77,0.038,0.002,1.586,,,2026-07-26 01:27:20
四川省,长江流域,苴国村,2026-07-26 00:00,2,23.87,7.97,7.21,346.5342,13.41229,0.84,0.01,0.011,1.03415,,,2026-07-26 01:27:20
四川省,长江流域,上石盘,2026-07-26 00:00,2,29.35,8.08,6.55,375.7367,7.8385,1.4,0.008,0.015,1.09655,,,2026-07-26 01:27:20
四川省,长江流域,清泉乡,2026-07-26 01:00,2,32.69,8.3,7.85,346.2,5.9218,2.07,,0.013,0.53,,,2026-07-26 01:27:20
四川省,长江流域,大安,2026-07-26 01:00,3,33.11,8.53,13.4,451.75,14.8,5.83,,0.08,0.96,,,2026-07-26 01:27:20
四川省,长江流域,百顷,2026-07-26 01:00,2,27.37,7.86,6.63,303.76,19.6,1.44,0.052,0.043,1.949,,,2026-07-26 01:27:20
四川省,长江流域,梓江大桥,2026-07-26 01:00,2,31.1,8.44,7.82,436.3,5.6,3.24,,0.033,0.618,,,2026-07-26 01:27:20
四川省,长江流域,大埂,2026-07-26 01:00,3,34.31,8.07,6.96,429.5,6.42,4.8,0.258,0.065,0.362834,,,2026-07-26 01:27:20
四川省,长江流域,球溪河口,2026-07-26 01:00,3,32.39,7.63,6.46,525.66,15.5,4.89,0.036,0.128,1.807,,,2026-07-26 01:27:20
四川省,长江流域,李码头,2026-07-26 00:00,2,25.09242,8.11,7.62,263.7098,32.11884,0.93,0.007,0.039,1.74505,,,2026-07-26 01:27:20
四川省,长江流域,马边河河口,2026-07-26 00:00,2,23.52431,7.64,6.79,217.355,29.91726,1.76,0.001,0.062,4.02028,,,2026-07-26 01:27:20
四川省,长江流域,悦来渡口,2026-07-26 01:00,2,28.912,7.67,7.06,350.247,7.41,2.56,0.004,0.08,3.144,,,2026-07-26 01:27:20
四川省,长江流域,金溪电站,2026-07-26 01:00,2,30.22,7.96,6.72,409.316,10.7712,2.01,0.015,0.016,1.112,,,2026-07-26 01:27:20
四川省,长江流域,升钟水库铁炉寺,2026-07-26 01:00,2,32.88,8.55,10.36,375.6,2.37,2.94,,0.009,0.303,,,2026-07-26 01:27:20
四川省,长江流域,沙溪,2026-07-26 01:00,2,24.56,7.8,6.59,354.16,2.59,1.45,,0.006,1.124,,,2026-07-26 01:27:20
四川省,长江流域,黄龙溪,2026-07-26 01:00,3,28.407,7.85,6.42,376.837,16.31,1.9,,0.106,1.984,,,2026-07-26 01:27:20
四川省,长江流域,彭山岷江大桥,2026-07-26 00:00,2,27.51,8.05,7,376.006,20.42805,0.01,0.005,0.056,2.11979,,,2026-07-26 01:27:20
四川省,长江流域,龟都府,2026-07-26 01:00,2,21.36,8.08,8.52,223.8485,33.86448,0.8,0.006,0.038,1.196285,,,2026-07-26 01:27:20
四川省,长江流域,越溪河两河口,2026-07-26 01:00,4,32.56,8.37,8.53,552.9,20.1,6.2,,0.078,0.773,,,2026-07-26 01:27:20
四川省,长江流域,月波,2026-07-26 01:00,2,22.98,7.48,7.52,260,27.6,1.64,0.053,0.049,1.698,,,2026-07-26 01:27:20
四川省,长江流域,凉姜沟,2026-07-26 01:00,2,24.07,7.98,7.66,248.7548,19.58371,1.62,0.007,0.055,1.406719,,,2026-07-26 01:27:20
四川省,长江流域,挂弓山,2026-07-26 00:00,2,23.67878,8.09,7.65,428.2578,7.57956,1.12,0.002,0.022,1.08568,,,2026-07-26 01:27:20
四川省,长江流域,蔡家渡口,2026-07-26 00:00,2,33.83833,7.74,10.66,711.3301,13.99251,2.27,0.001,0.052,1.65384,,,2026-07-26 01:27:20
四川省,长江流域,三块石,2026-07-26 01:00,1,23.35,8.14,8.05,501.05,3.85,0.59,0.013,0.011,0.821,,,2026-07-26 01:27:20
四川省,长江流域,洛亥,2026-07-26 01:00,2,22.8,8.14,7.76,326.4797,8.120687,1.23,0.003,0.075,2.648,,,2026-07-26 01:27:20
四川省,长江流域,溪口镇平桥村,2026-07-26 01:00,4,29.53,7.46,3.42,532.49,3.71,3.04,0.029,0.06,0.38,,,2026-07-26 01:27:20
四川省,长江流域,摇金,2026-07-26 01:00,3,34.72,8.57,9.33,415.14,15.44,4.32,0.011,0.152,0.355,,,2026-07-26 01:27:20
四川省,长江流域,金子,2026-07-26 01:00,1,31.7,8.06,7.8,367.97,3.25,1.8,0.011,0.02,1.0977,,,2026-07-26 01:27:20
四川省,长江流域,烈面,2026-07-26 01:00,2,31.9,7.8,6.16,359.9,22.1,1.27,0.021,0.034,1.235,,,2026-07-26 01:27:20
四川省,长江流域,幺滩,2026-07-26 01:00,2,33.79,8.53,8.27,489.71,16.74,2.84,,0.048,0.941,,,2026-07-26 01:27:20
四川省,长江流域,团堡岭,2026-07-26 01:00,2,32.77,8.47,11.1,282.97,5.14,3.47,,0.024,0.646,,,2026-07-26 01:27:20
四川省,长江流域,江陵,2026-07-26 01:00,2,31.58,8.59,9.11,244.74,25.59,3.28,0.003,0.039,0.845,,,2026-07-26 01:27:20
四川省,长江流域,大蹬沟,2026-07-26 01:00,2,31.36,8.07,9.27,272.4,19.4,3.16,0.01,0.023,0.966,,,2026-07-26 01:27:20
四川省,长江流域,白兔乡,2026-07-26 01:00,3,34.2,8.53,18.87,328,20.8,5.26,,0.029,0.369,,,2026-07-26 01:27:20
四川省,长江流域,联盟桥,2026-07-26 01:00,4,31.93,7.64,4.08,390.72,13.74,4.53,,0.088,0.9714,,,2026-07-26 01:27:20
四川省,长江流域,舵石盘,2026-07-26 01:00,2,31.28,8.32,11.44,324.6,12.9,3.26,0.033,0.049,1.104,,,2026-07-26 01:27:20
四川省,长江流域,车家河,2026-07-26 01:00,2,33.04,8.41,21.7,,17.09,3.22,,0.04,0.812,,,2026-07-26 01:27:20
四川省,长江流域,三谷庄,2026-07-26 00:00,2,20.56,8.43,8.61,204.3219,19.44611,2.68,0.007,0.012,0.79259,,,2026-07-26 01:27:20
四川省,长江流域,大岗山,2026-07-26 00:00,1,17.25,8.15,8.21,197.9936,29.84343,1.37,0.008,0.017,1.11314,,,2026-07-26 01:27:20
四川省,长江流域,手傍岩,2026-07-26 01:00,2,33.66,8.11,12.54,448.4,10.9,3.35,,0.03,1.415,,,2026-07-26 01:27:20
四川省,长江流域,幸福村,2026-07-26 01:00,2,29.91,7.9,6.7,327,15.6,1.64,0.018,0.1,2.406,,,2026-07-26 01:27:20
四川省,长江流域,拱城铺渡口,2026-07-26 01:00,2,30.33,7.75,6.64,366.49,15.71,2.09,,0.094,2.241,,,2026-07-26 01:27:20
四川省,长江流域,红光村,2026-07-26 01:00,4,31.97,7.76,4.33,562.61,48.81,5.27,0.23,0.19,0.611,,,2026-07-26 01:27:20
四川省,长江流域,两河,2026-07-26 01:00,3,34.12,7.9,7.58,435.92,9.07,5.81,0.004,0.085,0.293,,,2026-07-26 01:27:20
四川省,长江流域,县城马踏石点,2026-07-26 00:00,1,19.4886,8.43,8.86,363.2104,46.43465,0.68,0.01,0.009,0.45472,,,2026-07-26 01:27:20
四川省,长江流域,渭门桥,2026-07-26 00:00,1,15.37,8.25,7.95,218.9369,38.95472,1.1,0.006,0.008,0.40508,,,2026-07-26 01:27:20
四川省,长江流域,小水沟,2026-07-26 00:00,2,14.37143,8.43,6.69,263.3888,7.69038,0.5,0.007,0.007,0.3155,,,2026-07-26 01:27:20
四川省,长江流域,竹巴龙村,2026-07-26 01:00,3,16.54,8.2,6.69,1051.7,307.7,2.16,0.214,0.114,1.151,,,2026-07-26 01:27:20
四川省,长江流域,金沙江岗托桥,2026-07-26 01:00,3,17,8.38,8.84,1008.8,367.8,3.18,0.42,0.192,1.126,,,2026-07-26 01:27:20
四川省,长江流域,昔街大桥,2026-07-26 01:00,2,24.22,7.7,7.11,238.83,293.94,2.47,0.094,0.099,1.679,,,2026-07-26 01:27:20
四川省,长江流域,阿七大桥,2026-07-26 00:00,2,24.01,7.73,6.65,193.9456,122.6752,2.11,0.186,0.076,2.8083,,,2026-07-26 01:27:20
四川省,长江流域,邛海湖心,2026-07-26 00:00,2,27.07,8.36,6.53,319.7872,5.40534,2.38,0.008,0.02,0.30846,0.00204,62789.81,2026-07-26 01:27:20
贵州省,长江流域,棉花渡,2026-07-26 01:00,2,23.886,7.95,7.03,441.58,1.2043,1.46,0.005,0.041,1.8308,,,2026-07-26 01:27:20
贵州省,长江流域,贵铝泵房,2026-07-26 01:00,3,27.585,9,11.66,325.1832,10.5459,3.09,0.055,0.027,2.3115,0.03335,1856554,2026-07-26 01:27:20
贵州省,长江流域,花鱼洞,2026-07-26 01:00,6,23.181,7.33,1.45,370.015,2.1761,2.13,0.005,0.012,2.3892,0.00562,1608226,2026-07-26 01:27:20
贵州省,长江流域,麦穰,2026-07-26 01:00,3,24.45,8.07,6.45,628.02,7.05,2.26,0.068,0.174,5.4,,,2026-07-26 01:27:20
贵州省,珠江流域,青岩,2026-07-26 01:00,4,25.08,7.91,4.78,534.0623,3.4337,1.91,,0.042,3.4123,,,2026-07-26 01:27:20
贵州省,长江流域,龙场,2026-07-26 01:00,2,20.43,7.93,7.08,401.29,4.8,0.72,0.006,0.014,4.435,,,2026-07-26 01:27:20
贵州省,珠江流域,发耳,2026-07-26 01:00,5,22.12,8.04,7.48,326.009,98.174,11.81,0.043,0.133,3.8,,,2026-07-26 01:27:20
贵州省,长江流域,打秋坪,2026-07-26 01:00,2,25.38,7.94,6.94,484.3,5.7,1.02,,0.052,3.305,,,2026-07-26 01:27:20
贵州省,长江流域,鱼塘大桥,2026-07-26 01:00,2,24.2,7.93,7.28,321.11,1.073,0.67,,0.007,1.715,,,2026-07-26 01:27:20
贵州省,长江流域,沿江渡,2026-07-26 00:00,3,29.89,8.89,9.6,292.87,5.91,4.17,0.006,0.031,2.324,,,2026-07-26 01:27:20
贵州省,长江流域,鲤鱼塘,2026-07-26 00:00,3,26.83,7.58,5.02,448.67,3.289,1.47,0.006,0.053,3.684,,,2026-07-26 01:27:20
贵州省,长江流域,坡渡,2026-07-26 01:00,3,26.35,7.98,5.35,305.37,9.75,0.61,0.005,0.007,0.644,,,2026-07-26 01:27:20
贵州省,长江流域,余庆河暗溪坪,2026-07-26 01:00,2,25.38,7.81,9.44,307.22,4.57,0.86,,0.036,1.769,,,2026-07-26 01:27:20
贵州省,长江流域,羊柱头渡口,2026-07-26 01:00,4,25.67,7.67,5.13,764.29,6.728,2.31,0.343,0.203,7.821,,,2026-07-26 01:27:20
贵州省,长江流域,鲢鱼溪,2026-07-26 01:00,1,26.737,7.98,8.39,,500,,,,0.765,,,2026-07-26 01:27:20
贵州省,长江流域,长沙,2026-07-26 00:00,2,31.5225,8.29,6.21,258.9056,2.3171,0.81,0.018,0.006,1.5809,,,2026-07-26 01:27:20
贵州省,长江流域,茅台,2026-07-26 01:00,1,26.17,8.27,7.93,415.9,14.68,0.6,0.004,0.019,4.503,,,2026-07-26 01:27:20
贵州省,珠江流域,黄果树,2026-07-26 01:00,1,23.5648,8.23,9.88,612.5,23.64,1.07,,0.014,3.511,,,2026-07-26 01:27:20
贵州省,长江流域,斯拉河大桥,2026-07-26 01:00,2,22.13,7.83,6.98,421.61,3.06,1.12,,0.014,5.306,,,2026-07-26 01:27:20
贵州省,珠江流域,打邦,2026-07-26 01:00,2,29.62,8.37,11.79,366.76,7.11,2.09,0.023,0.021,3.141,,,2026-07-26 01:27:20
贵州省,长江流域,小屯,2026-07-26 01:00,3,27.4,8.74,11.38,345.6178,7.3,4.21,0.054,0.05,4.815,,,2026-07-26 01:27:20
贵州省,长江流域,清水铺,2026-07-26 00:00,2,24.855,8.35,7.7,444.659,12.865,0.89,0.003,0.028,5.015,,,2026-07-26 01:27:20
贵州省,长江流域,大桥边,2026-07-26 01:00,1,19.011,8.22,8.34,356.337,8.647,1.31,0.005,0.02,4.026,,,2026-07-26 01:27:20
贵州省,长江流域,下干溪,2026-07-26 00:00,2,27.68,7.9,6.19,324.25,9.58,0.64,0.053,0.028,2.102,,,2026-07-26 01:27:20
贵州省,珠江流域,坝草,2026-07-26 01:00,1,26.6533,8.29,10.17,372.709,5.1482,1.1,0.002,0.009,3.283,,,2026-07-26 01:27:20
贵州省,珠江流域,南盘江三江口,2026-07-26 01:00,2,26.47,7.95,11.77,419.38,13.39,2.48,0.014,0.028,5.085,0.00348,,2026-07-26 01:27:20
贵州省,珠江流域,万峰湖,2026-07-26 01:00,1,27.1746,8.47,10.71,347.7401,13.1035,0.59,0.008,0.007,2.257,0.027,481110.8,2026-07-26 01:27:20
贵州省,珠江流域,岔河口,2026-07-26 01:00,2,26.8697,8.81,11.68,252.5979,5.127,3.61,,0.03,2.3571,,,2026-07-26 01:27:20
贵州省,珠江流域,蔗香北,2026-07-26 01:00,1,26.52,7.92,10.85,286.8248,5.2041,1.37,,0.012,1.8985,,,2026-07-26 01:27:20
贵州省,珠江流域,黄泥河,2026-07-26 01:00,2,19.3197,8.09,7.78,406.8441,34.6564,1.52,0.042,0.036,4.6286,,,2026-07-26 01:27:20
贵州省,珠江流域,赵家渡,2026-07-26 01:00,2,22.59,8.15,7.98,378.127,26.95,0.83,0.05,0.042,5.011,,,2026-07-26 01:27:20
贵州省,珠江流域,坡脚,2026-07-26 01:00,2,23.36,7.87,6.5,410.7819,20.5422,1,0.003,0.023,4.5251,,,2026-07-26 01:27:20
贵州省,珠江流域,蔗香南,2026-07-26 01:00,1,29.76,8.42,9.8,301.3,6.29,1.18,,0.009,2.1481,,,2026-07-26 01:27:20
贵州省,长江流域,金紫,2026-07-26 00:00,2,29.18,8.88,11.15,141.614,4.02,0.66,0.018,0.021,1.043,,,2026-07-26 01:27:20
贵州省,珠江流域,从江大桥,2026-07-26 01:00,2,25.666,7.49,8.47,81.475,20.926,0.94,0.027,0.025,0.944,,,2026-07-26 01:27:20
贵州省,长江流域,平敏大桥,2026-07-26 01:00,2,26.12,7.61,7.27,113.36,9.35,0.87,,0.019,0.633,,,2026-07-26 01:27:20
贵州省,长江流域,旁海,2026-07-26 00:00,2,27.45,8.73,7.49,433.42,24.55,0.92,,0.035,1.75,,,2026-07-26 01:27:20
贵州省,长江流域,重安江大桥,2026-07-26 01:00,2,25.308,8.24,7.14,497.792,2.73,0.47,0.013,0.086,2.237,,,2026-07-26 01:27:20
贵州省,珠江流域,榕江,2026-07-26 01:00,2,28.27,7.64,7.9,109.25,21.39,0.58,,0.032,1.086,,,2026-07-26 01:27:20
贵州省,珠江流域,新华,2026-07-26 01:00,2,26.744,8.1,7.92,193.245,27.311,1.1,0.122,0.051,1.647,,,2026-07-26 01:27:20
贵州省,长江流域,甘溪高碑,2026-07-26 01:00,2,28.8,8.43,10.77,295.6,18.58,2.1,,0.036,0.7187,,,2026-07-26 01:27:20
贵州省,长江流域,跳鱼洞,2026-07-26 01:00,3,25.14,7.94,5.87,384.12,7.78,1.94,0.125,0.096,2.009,,,2026-07-26 01:27:20
贵州省,长江流域,凤山桥边,2026-07-26 01:00,3,24.3532,8.31,8.06,538.17,2.586,1.02,0.031,0.102,3.047,,,2026-07-26 01:27:20
贵州省,珠江流域,边外河,2026-07-26 01:00,1,23.43,8.02,8.12,313.78,2.83,1.38,,0.01,2.033,,,2026-07-26 01:27:20
贵州省,珠江流域,界牌,2026-07-26 01:00,1,26.355,8.3,7.73,295.253,5.923,1.02,0.008,0.013,0.878,,,2026-07-26 01:27:20
贵州省,珠江流域,甲茶,2026-07-26 01:00,1,24.3306,8.11,8.54,307.6615,9.1018,0.9,0.011,0.013,1.1816,,,2026-07-26 01:27:20
云南省,长江流域,普渡河桥,2026-07-26 01:00,3,24.61,8.06,7.1,483.4726,102.511,5.7,0.072,0.168,2.7513,,,2026-07-26 01:27:20
云南省,珠江流域,禄丰村,2026-07-26 01:00,4,24.43,8.16,6.99,469.07,656.5831,3.55,,0.208,7.706,,,2026-07-26 01:27:20
云南省,滇池流域,回龙村,2026-07-26 01:00,4,22.18,7.55,4.43,425.3188,57.5123,3.75,0.768,0.148,3.5524,,,2026-07-26 01:27:20
云南省,滇池流域,船房五社桥头,2026-07-26 01:00,3,23.45,7.78,8.28,535.8754,6.4983,4.14,,0.078,4.6651,,,2026-07-26 01:27:20
云南省,滇池流域,王大桥,2026-07-26 01:00,3,21.65,6.88,5.13,568.5145,10.2007,3.21,0.068,0.176,5.6196,,,2026-07-26 01:27:20
云南省,滇池流域,大观河入湖口,2026-07-26 01:00,3,22.2,7.85,5.36,448.5886,27.6455,2.25,0.176,0.123,5.784,,,2026-07-26 01:27:20
云南省,滇池流域,大渔乡土罗村入湖口,2026-07-26 01:00,4,22.44,7.43,4,322.7324,54.5754,4.07,0.017,0.144,4.383,,,2026-07-26 01:27:20
云南省,滇池流域,新河村入湖口,2026-07-26 01:00,4,21.46,7.54,3.74,417.39,23.814,4.6,0.441,0.227,4.085,,,2026-07-26 01:27:20
云南省,珠江流域,阳宗海中,2026-07-26 01:00,3,25.55,,8.72,420.656,2.214,4.56,0.037,0.014,0.58,0.0074,1234394,2026-07-26 01:27:20
云南省,长江流域,富民大桥,2026-07-26 01:00,6,24.71,7.82,6.15,434.9859,127.8216,7.21,0.161,0.685,2.7428,,,2026-07-26 01:27:20
云南省,滇池流域,严家村桥,2026-07-26 01:00,3,22.12333,7.87,6.54,456.9604,21.54352,2.65,0.902,0.177,6.483562,,,2026-07-26 01:27:20
云南省,滇池流域,宝丰村入湖口,2026-07-26 01:00,5,20.18,7.8,5.4,563.87,126.19,4.17,0.507,0.307,4.237,,,2026-07-26 01:27:20
云南省,滇池流域,江尾下闸,2026-07-26 01:00,5,22.68,7.45,4.21,378.8173,67.7847,6.58,0.54,0.322,2.799,,,2026-07-26 01:27:20
云南省,滇池流域,茨巷河入湖口,2026-07-26 01:00,6,22.3,7.73,5.48,302.9647,459.1898,6.66,0.086,1.98,11.47,,,2026-07-26 01:27:20
云南省,滇池流域,东大河滇池入湖口,2026-07-26 01:00,6,20.55,7.41,5.1,366.2247,69.8958,6.45,0.601,0.45,6.761,,,2026-07-26 01:27:20
云南省,滇池流域,草海中心,2026-07-26 01:00,4,25.6,8.82,10.65,357.38,17.84,5.23,,0.053,2.957,0.01908,9.899387,2026-07-26 01:27:20
云南省,滇池流域,灰湾中,2026-07-26 01:00,4,24.4,,6.8,391.186,52.377,4.98,0.107,0.066,0.669,0.01159,5.598588,2026-07-26 01:27:20
云南省,滇池流域,观音山中,2026-07-26 01:00,4,23.86,,6.18,328.211,24.548,8.44,,0.064,1.311,0.00616,1.82609,2026-07-26 01:27:20
云南省,滇池流域,观音山西,2026-07-26 01:00,4,24.46,8.92,6.32,402.31,36.71,6.24,0.126,0.064,0.695,0.00565,6.618163,2026-07-26 01:27:20
云南省,滇池流域,海口西,2026-07-26 01:00,3,24.17,,6.88,412.76,14,5,,0.04,0.521,0.01117,5.97739,2026-07-26 01:27:20
云南省,滇池流域,滇池南,2026-07-26 01:00,4,23.38,,7.63,424.62,30.35,6.86,,0.043,0.581,0.03705,1.108506,2026-07-26 01:27:20
云南省,滇池流域,晋城小寨,2026-07-26 01:00,6,19.57,7.84,6.32,441.5564,801.7081,14.78,0.083,0.812,15.828,,,2026-07-26 01:27:20
云南省,长江流域,牛栏江河口,2026-07-26 01:00,3,22.28,7.95,5.46,504.73,45.28,2.34,0.054,0.159,6.543,,,2026-07-26 01:27:20
云南省,珠江流域,狗街,2026-07-26 01:00,3,23.34,7.7,5.63,489.037,53.41779,3.98,0.157,0.197,7.486863,,,2026-07-26 01:27:20
云南省,珠江流域,花山水库出水口,2026-07-26 01:00,1,23.72,8.5,8.27,330.3138,1.8764,1.19,,0.008,2.3021,,,2026-07-26 01:27:20
云南省,长江流域,以礼河水文站,2026-07-26 01:00,3,18.47,7.74,5.97,307.7096,30.6144,2.01,0.021,0.056,2.5107,,,2026-07-26 01:27:20
云南省,珠江流域,厂房大桥,2026-07-26 01:00,6,24.2,9.36,13.39,281.9561,21.3859,5.9,0.085,0.198,3.8129,,,2026-07-26 01:27:20
云南省,长江流域,牛栏江大桥,2026-07-26 01:00,3,21.16,7.96,8.12,374.872,63.814,1.95,0.055,0.103,4.987,,,2026-07-26 01:27:20
云南省,珠江流域,盘溪大桥,2026-07-26 00:00,1,22.76,7.95,7.88,522.0139,244.8883,,,,,,,2026-07-26 01:27:20
云南省,珠江流域,九甸大桥,2026-07-26 00:00,3,24.37771,8.18,7.16,518.6147,764.1047,3.53,0.004,0.11,5.58163,,,2026-07-26 01:27:20
云南省,西南诸河,坝洪村,2026-07-26 00:00,2,26.21,8.16,6.71,335.0943,2223.473,1.56,0.001,0.029,1.97455,,,2026-07-26 01:27:20
云南省,珠江流域,抚仙湖心,2026-07-26 01:00,2,24.64,8.76,8.39,294.27,2.378,1.24,,0.011,0.118,0.00439,2714714,2026-07-26 01:27:20
云南省,西南诸河,绿汁江大桥,2026-07-26 00:00,2,24.06997,8.12,6.61,398.7935,1615.558,2.41,0.005,0.057,2.04707,,,2026-07-26 01:27:20
云南省,珠江流域,杞麓湖心,2026-07-26 01:00,3,24.35,,6.64,705.1,8.62,5.62,0.027,0.008,1.534,0.02524,8002514,2026-07-26 01:27:20
云南省,珠江流域,永昌桥,2026-07-26 00:00,4,22.11156,7.46,4.72,471.9675,311.1553,3.28,0.027,0.225,5.83848,,,2026-07-26 01:27:20
云南省,珠江流域,星云湖心,2026-07-26 01:00,4,24.83,,9.48,500.683,4.54,6.25,,0.005,0.676,0.00485,4.458626,2026-07-26 01:27:20
云南省,西南诸河,红旗桥,2026-07-26 01:00,1,21.70347,8.05,8.16,319.3826,358.549,1.15,,0.01,0.4577881,,,2026-07-26 01:27:20
云南省,西南诸河,湾甸,2026-07-26 00:00,2,26.02321,8.35,7.65,410.8926,399.4338,1.15,0.001,0.092,3.03962,,,2026-07-26 01:27:20
云南省,西南诸河,永保桥,2026-07-26 00:00,1,20.97408,8.25,8.08,386.113,128.2001,1.78,0.009,0.007,1.58201,,,2026-07-26 01:27:20
云南省,西南诸河,龙江桥,2026-07-26 00:00,1,20.81025,7.53,7.77,91.45185,17.48145,1.11,0.007,0.02,0.82499,,,2026-07-26 01:27:20
云南省,长江流域,云贵桥,2026-07-26 01:00,2,17.88,8.25,7.9,390.693,49.408,1.86,0.034,0.028,3.729,,,2026-07-26 01:27:20
云南省,长江流域,江底桥,2026-07-26 01:00,2,22.44,8.28,6.44,363.4909,7.7367,1.37,,0.037,4,,,2026-07-26 01:27:20
云南省,长江流域,头屯河,2026-07-26 01:00,3,19.13,8,7.22,407.83,58.4,5.62,0.054,0.169,6.404,,,2026-07-26 01:27:20
云南省,长江流域,邓家河,2026-07-26 01:00,2,23.89,7.91,7.38,368.166,30.54,0.85,0.003,0.09,2.936,,,2026-07-26 01:27:20
云南省,长江流域,横江桥,2026-07-26 00:00,2,25.58,8.16,7.88,308.37,25.71,0.37,,0.031,2.599,,,2026-07-26 01:27:20
云南省,长江流域,程海湖中,2026-07-26 00:00,3,25.65939,,7.67,1424.151,10.00279,5.66,0.011,0.023,0.95247,0.00954,9882.311,2026-07-26 01:27:20
云南省,长江流域,新华,2026-07-26 00:00,2,19.52899,8.41,7.69,760.3221,79.84528,0.94,0.081,0.022,0.68173,,,2026-07-26 01:27:20
云南省,长江流域,金江桥,2026-07-26 00:00,1,21.85,8.11,8.04,694.4053,25.46055,1.89,0.046,0.019,1.43819,,,2026-07-26 01:27:20
云南省,长江流域,龙兴村,2026-07-26 00:00,4,20.88,7.75,3.47,521.259,21.85351,3.1,0.6,0.249,3.91295,,,2026-07-26 01:27:20
云南省,西南诸河,土卡河水文站,2026-07-26 01:00,1,26.56086,8.22,7.68,,0.6945453,,,,1.0351,,,2026-07-26 01:27:20
云南省,西南诸河,思茅港,2026-07-26 00:00,2,22.76001,7.4,6.22,359.7423,20.56328,1.09,0.008,0.013,0.96765,,,2026-07-26 01:27:20
云南省,西南诸河,孟拉桥,2026-07-26 00:00,1,23.91,7.55,8.87,101.9507,,0.86,0.014,0.014,1.12725,,,2026-07-26 01:27:20
云南省,西南诸河,莲花乡,2026-07-26 00:00,4,24.08407,7.43,5.66,270.4763,124.1611,5.45,1.257,0.165,4.56675,,,2026-07-26 01:27:20
云南省,西南诸河,储木场,2026-07-26 00:00,2,24.88,7.21,6.28,321.7448,158.1154,1.56,0.003,0.015,1.39157,,,2026-07-26 01:27:20
云南省,西南诸河,嘎旧,2026-07-26 00:00,2,20.82,7.92,6.93,442.343,25.24122,1.5,0.028,0.012,0.48755,,,2026-07-26 01:27:20
云南省,西南诸河,景临桥,2026-07-26 00:00,2,22.1,7.85,7.06,411.5957,31.30032,1.05,0.033,0.019,0.78589,,,2026-07-26 01:27:20
云南省,西南诸河,孟定大桥,2026-07-26 00:00,1,23.38,7.75,7.77,233.8752,547.8124,1.21,0.009,0.017,1.67544,,,2026-07-26 01:27:20
云南省,西南诸河,黑箐,2026-07-26 00:00,2,23.06,7.66,7.33,134.3509,138.5065,1.21,0.024,0.023,1.9503,,,2026-07-26 01:27:20
云南省,西南诸河,小黑江检查站,2026-07-26 00:00,1,22.84253,7.72,7.63,149.8592,407.6174,1.16,0.045,0.013,1.2243,,,2026-07-26 01:27:20
云南省,西南诸河,水文站,2026-07-26 00:00,3,24.18,8.2,6.03,364.9965,212.4741,2.68,0.739,0.103,3.33155,,,2026-07-26 01:27:20
云南省,长江流域,西观桥,2026-07-26 00:00,3,23.51,7.61,5.05,377.5091,275.7096,3.3,0.011,0.039,2.8411,,,2026-07-26 01:27:20
云南省,西南诸河,那发出境,2026-07-26 01:00,2,25.38,7.92,7.85,132.3298,86.88,0.78,,0.058,0.9281,,,2026-07-26 01:27:20
云南省,西南诸河,中越桥,2026-07-26 01:00,3,25.22,8.04,8.76,311.5488,377.9915,4.68,,0.169,3.3455,,,2026-07-26 01:27:20
云南省,西南诸河,蚂蟥堡桥,2026-07-26 01:00,3,24.83,8.08,8.61,287.6531,490.7897,3.09,,0.185,2.7442,,,2026-07-26 01:27:20
云南省,西南诸河,龙脖渡口,2026-07-26 01:00,2,27.46,7.75,6.7,281.4084,87.8993,2.39,,0.052,2.1165,,,2026-07-26 01:27:20
云南省,西南诸河,小河底河,2026-07-26 01:00,4,25.31,7.9,8.17,352.3835,3445.907,4.42,,0.267,0.0371,,,2026-07-26 01:27:20
云南省,珠江流域,异龙湖中,2026-07-26 01:00,4,26.5,8.64,6.94,439.71,3.517,6.46,,0.011,0.381,0.02633,240201,2026-07-26 01:27:20
云南省,珠江流域,长虹桥,2026-07-26 01:00,5,24.32,8.03,7.24,489.9007,2999.32,0.3,0.001,0.382,6.0943,,,2026-07-26 01:27:20
云南省,西南诸河,天保农场,2026-07-26 01:00,2,23.87,8.26,9.31,350.5,48.43,1.58,,0.055,3.5795,,,2026-07-26 01:27:20
云南省,西南诸河,南利大桥,2026-07-26 01:00,2,23.3,8.24,7.81,301.32,87.47,0.94,,0.033,2.375,,,2026-07-26 01:27:20
云南省,珠江流域,谷拉河大桥,2026-07-26 00:00,1,31.72,8.59,11.48,194.64,2.716,1.45,0.007,0.009,0.424,,,2026-07-26 01:27:20
云南省,西南诸河,关累码头,2026-07-26 00:00,1,22.86305,7.97,7.51,322.1371,131.1342,0.58,0.001,0.018,0.80311,,,2026-07-26 01:27:20
云南省,西南诸河,勐仑大桥,2026-07-26 00:00,2,23.63,7.87,7.77,184.9456,1076.825,1.74,0.001,0.037,1.26632,,,2026-07-26 01:27:20
云南省,西南诸河,风情园大桥,2026-07-26 00:00,2,22.61642,7.75,8.15,107.396,752.5233,2.51,0.003,0.024,2.53693,,,2026-07-26 01:27:20
云南省,西南诸河,打洛江大桥,2026-07-26 00:00,1,25.56795,7.96,7.76,149.768,921.6987,1.3,0.003,0.02,0.8463,,,2026-07-26 01:27:20
云南省,西南诸河,洱海湖心,2026-07-26 01:00,3,24.67,8.7,6.81,288.91,3.29,4.32,0.01,0.026,0.49,0.01336,1.583627,2026-07-26 01:27:20
云南省,西南诸河,交汇口,2026-07-26 00:00,2,20.55554,8.38,7.87,285.1202,1487.116,1.7,0.008,0.025,1.18388,,,2026-07-26 01:27:20
云南省,西南诸河,江尾,2026-07-26 00:00,2,23.9292,7.81,6.04,268.8017,96.66709,2.27,0.005,0.065,1.37263,,,2026-07-26 01:27:20
云南省,西南诸河,四级坝,2026-07-26 00:00,1,21.32,7.88,7.52,206.4068,333.5983,,0.091,0.015,4.00903,,,2026-07-26 01:27:20
云南省,西南诸河,汇流电站,2026-07-26 00:00,2,25.10024,6.42,8.11,69.59467,131.2391,1.46,0.006,0.06,2.16227,,,2026-07-26 01:27:20
云南省,西南诸河,迭撒大桥,2026-07-26 00:00,2,26.17345,6.62,6.25,90.26084,260.0382,1.14,0.018,0.018,2.37723,,,2026-07-26 01:27:20
云南省,西南诸河,风平,2026-07-26 00:00,2,23.09,7.83,7.98,178.8465,489.8607,1.73,0.029,0.086,1.21537,,,2026-07-26 01:27:20
云南省,西南诸河,拉甲木底桥,2026-07-26 00:00,1,21.40553,8.2,9.05,327.1542,267.7083,1.11,0.001,0.004,0.19521,,,2026-07-26 01:27:20
云南省,西南诸河,丙舍桥,2026-07-26 00:00,1,21.28801,8.25,9.22,326.232,567.1601,0.91,0.005,0.003,0.35586,,,2026-07-26 01:27:20
云南省,长江流域,贺龙桥,2026-07-26 00:00,1,19.76935,8.37,8.36,865.4698,126.9662,0.98,0.122,0.014,1.30753,,,2026-07-26 01:27:20
云南省,西南诸河,中路村,2026-07-26 00:00,2,18.78,8.34,7.09,435.2694,22.87649,1.11,0.023,0.004,0.60928,,,2026-07-26 01:27:20
西藏自治区,西南诸河,米瑞,2026-07-26 01:00,2,16.746,8.1,6.87,149.753,115.367,1.49,0.079,0.056,0.215,,,2026-07-26 01:27:20
陕西省,黄河流域,灞河口,2026-07-26 01:00,3,29.89,7.93,7.23,265.7808,173.8144,5.25,0.028,0.112,4.1782,,,2026-07-26 01:27:20
陕西省,黄河流域,三郎村,2026-07-26 01:00,3,30.16,7.85,6.39,427.25,60.343,4.72,0.081,0.147,3.2742,,,2026-07-26 01:27:20
陕西省,黄河流域,岔口,2026-07-26 01:00,3,25.22,7.67,7.14,1085.015,28.746,4.54,0.304,0.141,8.2006,,,2026-07-26 01:27:20
陕西省,黄河流域,下桃水电站,2026-07-26 01:00,3,26.042,8.31,7.3,1214.8,1139.95,3.91,0.022,0.146,4.496,,,2026-07-26 01:27:20
陕西省,长江流域,黄牛铺,2026-07-26 01:00,4,25.78,8,4.75,240.2166,4.9376,1.75,0.013,0.012,0.459,,,2026-07-26 01:27:20
陕西省,黄河流域,魏家堡,2026-07-26 01:00,3,28.44,8.16,7.44,752.7962,112.7212,5.01,,0.13,5.831,,,2026-07-26 01:27:20
陕西省,黄河流域,卧龙寺桥,2026-07-26 01:00,2,28.83,8.23,6.19,848.7472,134.1281,3.42,0.014,0.078,4.077,,,2026-07-26 01:27:20
陕西省,长江流域,灶火庵,2026-07-26 01:00,3,25.71,8.09,5.65,375.0777,24.9608,1.29,0.02,0.022,1.003,,,2026-07-26 01:27:20
陕西省,黄河流域,咸阳铁桥,2026-07-26 00:00,2,30.21,7.9,7.96,868.1581,7.489,2.54,0.012,0.018,7.1381,,,2026-07-26 01:27:20
陕西省,黄河流域,兴平,2026-07-26 00:00,2,29.57,8.18,6.36,775.0692,23.0399,2.68,,0.03,8.3167,,,2026-07-26 01:27:20
陕西省,黄河流域,泾河桥,2026-07-26 00:00,2,29.28,8.39,6.24,1485.54,6.4861,2,0.027,0.017,3.8016,,,2026-07-26 01:27:20
陕西省,黄河流域,黑河张家桥,2026-07-26 01:00,3,26.89,8.08,5.07,736.5341,72.9809,2.89,0.118,0.06,0.4259,,,2026-07-26 01:27:20
陕西省,黄河流域,王谦村,2026-07-26 01:00,3,29.001,8.4,6.27,2141.5,839.95,5.77,0.199,0.122,3.681,,,2026-07-26 01:27:20
陕西省,黄河流域,杨家畔村,2026-07-26 01:00,4,28.71,8.45,7.25,857.834,,4.08,,0.232,3.7111,,,2026-07-26 01:27:20
陕西省,黄河流域,昝家山,2026-07-26 01:00,3,26.29,8.36,7.66,444.42,2873.679,4.79,,0.162,3.0791,,,2026-07-26 01:27:20
陕西省,黄河流域,寺滩,2026-07-26 01:00,3,26.7,8.35,7.17,681.423,,3.48,,0.193,5.9401,,,2026-07-26 01:27:20
陕西省,长江流域,烈金坝,2026-07-26 01:00,2,24.57,8.06,7.45,333.82,1.382,0.49,,0.027,0.9429,,,2026-07-26 01:27:20
陕西省,长江流域,南柳渡,2026-07-26 00:00,2,31.41,8.23,11.65,289.1353,8.5293,3.94,,0.062,1.226,,,2026-07-26 01:27:20
陕西省,长江流域,白水江,2026-07-26 01:00,2,28.86,8.08,6,312.2678,10.488,0.73,,0.016,0.6193,,,2026-07-26 01:27:20
陕西省,黄河流域,柏树坪,2026-07-26 01:00,2,28.72998,8.3,7.63,1041.987,81.97499,2.11,0.017,0.051,2.4171,,,2026-07-26 01:27:20
陕西省,黄河流域,温家川,2026-07-26 01:00,3,28.64,8.28,6.21,1269.633,234.5495,4.49,0.006,0.099,2.4071,,,2026-07-26 01:27:20
陕西省,黄河流域,碛塄,2026-07-26 01:00,2,26.23,8.42,8.59,1003.7,12.33623,2.38,0.025,0.018,1.8281,,,2026-07-26 01:27:20
陕西省,黄河流域,高家川,2026-07-26 01:00,2,27.89,8.38,7.36,808.84,109.8826,1.38,0.001,0.05,2.9331,,,2026-07-26 01:27:20
陕西省,黄河流域,鱼河,2026-07-26 01:00,3,26.55,8.32,6.62,841.611,60.85216,3.58,0.033,0.115,4.5951,,,2026-07-26 01:27:20
陕西省,长江流域,白河城关,2026-07-26 00:00,2,28.72,7.84,6.58,264.3814,4.57,2.03,0.016,0.018,0.934,0.001059,,2026-07-26 01:27:20
陕西省,长江流域,南江河出陕界,2026-07-26 00:00,1,24.63,7.8,7.84,180.2119,16.354,0.93,0.008,0.013,0.6123,,,2026-07-26 01:27:20
陕西省,长江流域,小钢桥,2026-07-26 01:00,2,29.71,8.57,10.13,249.37,6.92,3.13,0.007,0.019,0.846,,,2026-07-26 01:27:20
陕西省,长江流域,老君关,2026-07-26 01:00,2,28.52,8.46,10.61,256.7115,9.7676,2.77,0.017,0.03,1.112,,,2026-07-26 01:27:20
陕西省,长江流域,瀛湖坝前,2026-07-26 00:00,2,31.52,8.73,9.35,191.7026,10.0463,1.85,0.005,0.017,0.64,0.03924,2075565,2026-07-26 01:27:20
陕西省,长江流域,构峪口,2026-07-26 01:00,2,22.31,8.11,8.39,372.481,23.9551,2.05,,0.016,1.34,,,2026-07-26 01:27:20
陕西省,长江流域,丹凤下,2026-07-26 01:00,2,27.13,8.2,6.74,399.7021,40.3629,2.17,,0.056,2.0645,,,2026-07-26 01:27:20
陕西省,黄河流域,灵口,2026-07-26 01:00,2,27.75,8.35,6.52,466.8693,21.5883,0.93,,0.018,0.9094,,,2026-07-26 01:27:20
甘肃省,黄河流域,扶和桥,2026-07-26 00:00,2,16.71,8.29,8.36,508.6748,41.89072,1.46,0.055,0.021,1.27829,,,2026-07-26 01:27:20
甘肃省,黄河流域,新城桥,2026-07-26 01:00,2,18.47,8.21,7.41,548.42,89.989,1.8,0.011,0.053,1.5173,,,2026-07-26 01:27:20
甘肃省,黄河流域,湟水桥,2026-07-26 01:00,2,23.24,8.45,7.27,854.806,54.006,1.58,0.083,0.041,3.359,,,2026-07-26 01:27:20
甘肃省,西北诸河,迎山坡,2026-07-26 00:00,2,21.29918,8.33,7.76,698.8139,12.28165,1.42,0.005,0.021,1.6063,,,2026-07-26 01:27:20
甘肃省,黄河流域,青城桥,2026-07-26 00:00,2,19.46147,8.23,6.85,554.7373,66.25372,1.39,0.009,0.023,1.90523,,,2026-07-26 01:27:20
甘肃省,黄河流域,五佛寺,2026-07-26 01:00,2,20.79555,8.29,6.79,615.3822,156.7733,1.94,0.083,0.023,2.312,,,2026-07-26 01:27:20
甘肃省,黄河流域,靖远桥,2026-07-26 00:00,2,19.05865,8.3,6.74,568.4246,85.27798,1.35,0.111,0.025,1.77854,,,2026-07-26 01:27:20
甘肃省,黄河流域,桦林,2026-07-26 01:00,-1,,,,,,,,,,,,2026-07-26 01:27:20
甘肃省,黄河流域,葡萄园,2026-07-26 01:00,2,28.27,8.29,6.54,1111.827,551.0165,3.65,0.052,0.084,7.971,,,2026-07-26 01:27:20
甘肃省,黄河流域,先明峡桥,2026-07-26 00:00,2,17.46778,8.44,7.82,501.006,188.8044,2.71,0.135,0.028,2.406,,,2026-07-26 01:27:20
甘肃省,西北诸河,莺落峡,2026-07-26 00:00,1,16.09,8.48,8.34,625.263,8.32075,0.28,0.02,0.007,1.21842,,,2026-07-26 01:27:20
甘肃省,西北诸河,皇城水库,2026-07-26 00:00,1,13.73282,8,7.66,479.8844,14.99358,0.47,0.003,0.0003,1.45093,,,2026-07-26 01:27:20
甘肃省,西北诸河,六坝桥,2026-07-26 00:00,1,23.30274,8.38,7.97,1229.358,3.15294,0.65,0.008,0.003,2.59497,,,2026-07-26 01:27:20
甘肃省,黄河流域,长庆桥,2026-07-26 01:00,3,28.56,8.39,5.64,912.992,104.4989,3.16,0.01,0.128,3.0391,,,2026-07-26 01:27:20
甘肃省,黄河流域,洮园桥,2026-07-26 00:00,2,21.12,8.28,6.87,357.4469,66.6608,2.57,,,,,,2026-07-26 01:27:20
甘肃省,长江流域,固水子村,2026-07-26 01:00,2,,,,,,0.88,,0.044,1.092,,,2026-07-26 01:27:20
甘肃省,长江流域,两水桥,2026-07-26 01:00,1,24.23,8.18,7.58,395.762,76.98909,0.93,0.019,0.002,1.1431,,,2026-07-26 01:27:20
甘肃省,黄河流域,玛曲,2026-07-26 00:00,3,18.22692,8.28,5.66,425.0706,127.4941,3.87,0.157,0.049,2.60602,,,2026-07-26 01:27:20
青海省,黄河流域,小峡桥,2026-07-26 00:00,3,22.25567,8.26,5.79,1002.625,15.40431,2.6,0.1,0.069,4.10467,,,2026-07-26 01:27:20
青海省,黄河流域,润泽桥,2026-07-26 00:00,5,19.37039,8.11,6.63,592.8964,103.004,10.54,0.397,0.143,3.81534,,,2026-07-26 01:27:20
青海省,黄河流域,大河家,2026-07-26 00:00,1,13.56555,8.3,8.18,489.2078,14.40604,1.33,0.007,0.003,0.69359,,,2026-07-26 01:27:20
青海省,黄河流域,边墙村,2026-07-26 00:00,2,23.23226,8.5,6.73,1001.157,50.5713,1.78,0.056,0.042,2.98145,,,2026-07-26 01:27:20
青海省,黄河流域,峡塘,2026-07-26 00:00,1,18.50613,8.51,7.58,522.5475,11.749,0.74,0.009,0.007,0.92879,,,2026-07-26 01:27:20
青海省,黄河流域,唐乃亥,2026-07-26 00:00,2,16.23289,8.35,6.96,417.2737,292.7456,3.6,0.003,0.039,1.26461,,,2026-07-26 01:27:20
青海省,黄河流域,龙羊峡库区出水口,2026-07-26 00:00,1,10.27845,8.35,8.1,467.2591,6.10388,1.42,0.004,0.008,0.75241,0.00748,274584.8,2026-07-26 01:27:20
青海省,西北诸河,总场水闸,2026-07-26 00:00,2,16.5,8.52,6.9,897.8046,60.77891,0.57,0.0005,0.008,1.36072,,,2026-07-26 01:27:20
青海省,西北诸河,纳赤台,2026-07-26 00:00,6,12.394,8.36,6.53,698.2,880.4,1.96,0.278,0.734,0.007,,,2026-07-26 01:27:20
青海省,西北诸河,德令哈市水厂旁,2026-07-26 00:00,4,15.20675,7.97,4.56,691.8568,1.94138,0.72,0.001,0.008,1.12316,,,2026-07-26 01:27:20
宁夏回族自治区,黄河流域,叶盛公路桥,2026-07-26 00:00,2,22.74,8.22,6.95,835.5,788.83,1.89,,0.054,2.488,,,2026-07-26 01:27:20
宁夏回族自治区,黄河流域,银古公路桥,2026-07-26 00:00,2,24.34948,8.28,6.1,791.1003,623.4172,0.04,0.286,0.078,2.56109,,,2026-07-26 01:27:20
宁夏回族自治区,黄河流域,平罗黄河大桥,2026-07-26 01:00,2,25.43,8.29,6.85,911.08,707.13,1.25,,0.069,2.721,,,2026-07-26 01:27:20
宁夏回族自治区,黄河流域,麻黄沟,2026-07-26 01:00,2,26.1,8.17,6.3,852.603,729.986,2.47,,0.05,3.1774,,,2026-07-26 01:27:20
宁夏回族自治区,黄河流域,沙湖,2026-07-26 01:00,4,26.95,8.54,8.97,1618.5,14.92,7.2,0.015,0.027,0.997,0.03516,4.3226,2026-07-26 01:27:20
宁夏回族自治区,黄河流域,金沙湾,2026-07-26 01:00,3,22.584,8.33,7.06,730.32,344.35,2.04,,0.116,2.992,,,2026-07-26 01:27:20
宁夏回族自治区,黄河流域,弹筝峡,2026-07-26 01:00,2,21.07,8.28,6.3,675.25,13.432,1.16,0.004,0.031,2.883,,,2026-07-26 01:27:20
宁夏回族自治区,黄河流域,沟圈,2026-07-26 01:00,2,26.68,8.56,6.03,1688.72,64.86095,3.36,0.045,0.041,1.1301,,,2026-07-26 01:27:20
宁夏回族自治区,黄河流域,中卫下河沿,2026-07-26 01:00,2,22.4,8.16,7.25,647.9,2009.5,2.14,,0.064,2.304,,,2026-07-26 01:27:20
宁夏回族自治区,黄河流域,泉眼山,2026-07-26 01:00,2,24.7,8.17,7.91,7225.049,137.5013,2.98,0.194,0.037,22.1501,,,2026-07-26 01:27:20
新疆维吾尔自治区,西北诸河,青年渠,2026-07-26 00:00,1,16.73,8.17,8.96,296.4482,27.79718,0.31,0.004,0.007,0.85056,,,2026-07-26 01:27:20
新疆维吾尔自治区,西北诸河,七纺桥,2026-07-26 00:00,2,13.83,8.54,7.88,2261.38,21.58129,0.54,0.01,0.023,10.30888,,,2026-07-26 01:27:20
新疆维吾尔自治区,西北诸河,赛湖2,2026-07-26 00:00,4,20.54951,8.9,4.51,3288.758,4.7466,0.48,0.296,0.009,0.56346,0.01001,31600,2026-07-26 01:27:20
新疆维吾尔自治区,西北诸河,哈尔莫墩,2026-07-26 00:00,1,19.16,8.16,7.72,309.6782,15.15769,0.32,0.008,0.01,0.54458,,,2026-07-26 01:27:20
新疆维吾尔自治区,西北诸河,汇合口,2026-07-26 00:00,2,27.61,8.34,6.48,853.518,15.22722,2.41,0.003,0.01,0.41035,,,2026-07-26 01:27:20
新疆维吾尔自治区,西北诸河,兰干,2026-07-26 00:00,2,27.23172,8.52,6.91,951.7188,8.15893,2.05,0.009,0.009,0.59021,,,2026-07-26 01:27:20
新疆维吾尔自治区,西北诸河,塔提让,2026-07-26 00:00,2,23.99,8.26,7.37,817.9692,4099.999,0.18,0.002,0.003,0.67445,,,2026-07-26 01:27:20
新疆维吾尔自治区,西北诸河,塔里木拦河闸,2026-07-26 00:00,1,17.92158,8,8.22,346.4306,1290.885,,0.008,,,,,2026-07-26 01:27:20
新疆维吾尔自治区,西北诸河,十二医院,2026-07-26 00:00,2,24.23063,8.02,7.04,1122.707,4099.993,0.21,0.006,0.001,0.525,,,2026-07-26 01:27:20
新疆维吾尔自治区,西北诸河,依干其渡口,2026-07-26 00:00,5,21.7,8.31,7.63,410.6162,145.9026,0.02,0.009,0.394,1.43765,,,2026-07-26 01:27:20
新疆维吾尔自治区,西北诸河,龙口大桥,2026-07-26 00:00,1,18.39935,7.68,7.91,249.4376,9.28144,0.49,0.005,0.006,0.64319,,,2026-07-26 01:27:20
新疆维吾尔自治区,西北诸河,羊场大桥,2026-07-26 00:00,4,23.47,7.78,4.68,459.3233,1087.915,1.1,,0.021,0.83994,,,2026-07-26 01:27:20
新疆维吾尔自治区,西北诸河,喀什河大桥,2026-07-26 00:00,1,18.13,7.9,8.55,235.4412,11.31822,1.04,0.001,0.012,,,,2026-07-26 01:27:20
新疆维吾尔自治区,西北诸河,英牙尔乡,2026-07-26 00:00,2,25.07008,8.46,7.56,436.6429,32.8466,2.97,0.01,0.062,1.69257,,,2026-07-26 01:27:20
新疆维吾尔自治区,西北诸河,雅马渡大桥,2026-07-26 00:00,3,22.377,7.79,5.65,344.036,15.859,1.04,0.032,0.014,1.689,,,2026-07-26 01:27:20
新疆维吾尔自治区,西北诸河,布尔津河大桥,2026-07-26 00:00,1,23.15,7.37,7.91,61.81921,8.31679,0.94,0.001,0.005,0.18844,,,2026-07-26 01:27:20
新疆维吾尔自治区,西北诸河,乌伦古湖码头,2026-07-26 00:00,2,24.06629,8.8,12.69,3767.737,10.04678,3.46,0.003,0.013,0.59254,0.01436,567380.1,2026-07-26 01:27:20
新疆维吾尔自治区,西北诸河,布尔津水文站,2026-07-26 00:00,2,25.28,8.54,9.14,151.8222,11.46484,1.74,0.026,0.022,0.75907,,,2026-07-26 01:27:20
北京市,海河流域,新八里桥,2026-07-26 02:00,4,26.4,7.4,4.07,691.889,7.452,3.8,0.058,0.115,7.529,,,2026-07-26 02:25:24
北京市,海河流域,大红门闸上,2026-07-26 02:00,2,23.54,7.51,6.76,1045.6,14.492,2.54,0.002,0.062,4.851,,,2026-07-26 02:25:24
北京市,海河流域,清河闸,2026-07-26 02:00,2,23.35,7.63,6.33,797.75,9.087,2.43,,0.069,6.725,,,2026-07-26 02:25:24
北京市,海河流域,花园路,2026-07-26 02:00,3,22.74,7.4,5.68,791.787,20.72,2.34,0.031,0.079,8.006,,,2026-07-26 02:25:24
北京市,海河流域,白石桥,2026-07-26 02:00,2,22.7,7.98,9.27,434.27,3.275,2.45,0.057,0.012,2.897,,,2026-07-26 02:25:24
北京市,海河流域,码头,2026-07-26 02:00,3,28.38,7.28,5.72,966.28,19.863,2.77,,0.042,5.664,,,2026-07-26 02:25:24
北京市,海河流域,罗庄,2026-07-26 02:00,4,28.47,7.79,3.84,1114.887,8.243019,3.84,0.031,0.127,6.2931,,,2026-07-26 02:25:24
北京市,海河流域,小屯桥,2026-07-26 02:00,3,28.62,7.95,6.07,1202.153,18.08168,4.14,0.04,0.131,6.2021,,,2026-07-26 02:25:24
北京市,海河流域,东店,2026-07-26 02:00,2,22.93752,7.57,6.36,578.6388,23.41307,2.59,0.038,0.072,9.156969,,,2026-07-26 02:25:24
北京市,海河流域,密云水库,2026-07-26 02:00,2,28.1873,8.05,8.72,390.3867,56.69853,2.09,0.067,0.007,3.553183,,,2026-07-26 02:25:24
北京市,海河流域,大关桥,2026-07-26 02:00,2,28.69,8.29,14.16,430.17,32.52,3.9,0.141,0.054,4.7171,,,2026-07-26 02:25:24
北京市,海河流域,辛庄桥,2026-07-26 02:00,2,25.4,8.15,7.87,542.974,63.708,2.31,,0.037,7.1311,,,2026-07-26 02:25:24
北京市,海河流域,谷家营,2026-07-26 02:00,2,28.37,8.19,15.6,530.923,5.521,3.12,0.105,0.033,2.74,,,2026-07-26 02:25:24
北京市,海河流域,后城,2026-07-26 02:00,3,21.7,8.28,8.43,522.399,139.7911,4.85,0.008,0.11,10.7001,,,2026-07-26 02:25:24
天津市,海河流域,三岔口,2026-07-26 01:00,6,28.25,7.54,1.3,1278.635,25.93766,4.15,1.423,0.121,2.47268,,,2026-07-26 02:25:24
天津市,海河流域,北洋桥,2026-07-26 02:00,6,27.72731,7.09,0.68,1231.845,25.86309,5.32,2.45,0.29,4.396167,,,2026-07-26 02:25:24
天津市,海河流域,大红桥,2026-07-26 02:00,6,28.42,7.39,1.91,1238.784,35.94527,4.72,1.043,0.114,3.6721,,,2026-07-26 02:25:24
天津市,海河流域,曹庄子泵站,2026-07-26 02:00,2,30.22,7.7,6.06,269.48,1.85,1.27,0.042,0.002,0.865,,,2026-07-26 02:25:24
天津市,海河流域,生产圈闸,2026-07-26 02:00,6,26.3066,7.45,0.004,984.2147,27.75956,4.06,1.778,0.193,2.811522,,,2026-07-26 02:25:24
天津市,海河流域,北排水河防潮闸,2026-07-26 02:00,5,18.8,8.07,2.37,1846.6,40.5584,4.17,0.003,0.064,0.8231,,,2026-07-26 02:25:24
天津市,海河流域,沧浪渠出境,2026-07-26 02:00,4,27.75,7.89,3.38,4342.7,106.852,7.02,1.378,0.258,4.4837,,,2026-07-26 02:25:24
天津市,海河流域,万家码头,2026-07-26 01:00,5,27.44,7.31,2.6,1066.06,25.65,4.21,1.894,0.163,3.594,,,2026-07-26 02:25:24
天津市,海河流域,蓟运河防潮闸,2026-07-26 02:00,6,27.97841,7.19,1.95,744.4184,38.97024,5.07,0.731,0.219,2.790062,,,2026-07-26 02:25:24
天津市,海河流域,青静黄防潮闸,2026-07-26 02:00,6,26.55218,8.04,0.96,4982.905,0.390608,6.93,1.097,0.288,2.254065,,,2026-07-26 02:25:24
天津市,海河流域,阎辛庄,2026-07-26 02:00,6,19.6972,7.19,0.65,1351.464,33.71575,2.54,0.288,0.102,2.687266,,,2026-07-26 02:25:24
天津市,海河流域,于桥水库库中心,2026-07-26 02:00,3,28.01,,12.1,383.44,7.12,5.6,0.012,0.034,3.076,0.04626,,2026-07-26 02:25:24
天津市,海河流域,于桥水库出口,2026-07-26 01:00,3,27.06,8.74,11.32,361.966,11.29477,4.92,0.099,0.043,3.4361,,,2026-07-26 02:25:24
天津市,海河流域,黎河桥,2026-07-26 02:00,3,23.069,7.68,8.67,757.6,14.92,2.35,0.129,0.16,11.333,,,2026-07-26 02:25:24
天津市,海河流域,果河桥,2026-07-26 01:00,2,26.5,8.48,12.57,516.8316,7.0827,2.49,,0.055,8.8559,,,2026-07-26 02:25:24
河北省,海河流域,地都,2026-07-26 02:00,3,22.35,7.91,5.97,1167.768,59.328,1.35,0.126,0.035,4.976,,,2026-07-26 02:25:24
河北省,海河流域,平山桥,2026-07-26 02:00,2,26.29,7.93,7.78,1166.64,21.576,1.24,0.008,0.03,5.862,,,2026-07-26 02:25:24
河北省,海河流域,大石桥,2026-07-26 02:00,6,27.8292,6.74,3.93,1033.818,26.62464,5.58,2.434,0.184,10.887,,,2026-07-26 02:25:24
河北省,海河流域,涧河口,2026-07-26 02:00,4,26.81297,7.39,3.89,635.5312,22.76222,4.28,0.125,0.113,5.034753,,,2026-07-26 02:25:24
河北省,海河流域,丰北闸,2026-07-26 02:00,4,27.06593,7.47,7.75,732.7965,20.34683,5,0.083,0.243,6.072876,,,2026-07-26 02:25:24
河北省,海河流域,新开河口,2026-07-26 02:00,3,34.41526,7.04,5.03,45386.63,4.95326,2.1,0.27,0.041,1.243414,,,2026-07-26 02:25:24
河北省,海河流域,艾辛庄,2026-07-26 01:00,5,27.8374,7.57,5.76,815.4224,138.499,7.78,0.391,0.338,6.10375,,,2026-07-26 02:25:24
河北省,海河流域,北河店,2026-07-26 01:00,5,27.34,7.6,2.72,525.8508,4.3223,1.94,,0.018,4.347,,,2026-07-26 02:25:24
河北省,海河流域,八号桥,2026-07-26 00:00,6,28.5,8.34,9.16,1066.996,755.95,7.63,0.857,0.415,3.980432,,,2026-07-26 02:25:24
河北省,海河流域,四道甸,2026-07-26 02:00,2,25.79,8.37,7.46,406.286,66.67382,3.83,0.012,0.064,6.7581,,,2026-07-26 02:25:24
河北省,辽河流域,甸子,2026-07-26 02:00,2,19.71,7.84,7.19,363.6,36.04,2.72,0.007,0.078,4.478,,,2026-07-26 02:25:24
河北省,海河流域,何老营,2026-07-26 02:00,4,26.40487,7.74,3.36,3062.688,19.58132,4.78,,0.172,0.911707,,,2026-07-26 02:25:24
河北省,海河流域,大口河口,2026-07-26 02:00,4,27.48,7.79,4.65,9106.64,24.07,4.48,1.276,0.096,4.714,,,2026-07-26 02:25:24
河北省,海河流域,大王务,2026-07-26 01:00,5,26.92,7.4,2.36,611.564,22.84974,7.13,0.141,0.153,1.9451,,,2026-07-26 02:25:24
河北省,海河流域,吴村,2026-07-26 01:00,2,27.26,7.99,6.77,522.54,13.25,2.58,0.074,0.081,4.265,,,2026-07-26 02:25:24
河北省,海河流域,台头,2026-07-26 02:00,4,29.34813,7.52,4.66,911.6866,16.40747,4.21,0.291,0.07,0.8341,,,2026-07-26 02:25:24
河北省,海河流域,三小营,2026-07-26 02:00,5,28.18409,7.42,2.38,932.9922,10.82567,4.31,0.119,0.115,4.224703,,,2026-07-26 02:25:24
河北省,海河流域,小范桥,2026-07-26 01:00,3,29.87,8.54,8.72,828.619,1.654,4.62,0.006,0.06,0.4961,,,2026-07-26 02:25:24
河北省,海河流域,衡水湖大湖心,2026-07-26 01:00,4,29.01,8.16,4.65,1553.513,31.779,5.03,0.102,0.029,0.754,0.023947,1.488277,2026-07-26 02:25:24
河北省,海河流域,南张村,2026-07-26 02:00,3,29.82,8.03,5.93,324.18,5.573,2.07,0.112,0.012,0.8123,,,2026-07-26 02:25:24
河北省,海河流域,安州,2026-07-26 01:00,5,29.97,7.41,2.48,1023.238,105.2273,4,1.873,0.163,5.531,,,2026-07-26 02:25:24
河北省,海河流域,南刘庄,2026-07-26 02:00,4,29.76,7.48,3.39,738.17,6.14,4.62,,0.03,0.705,0.00855,2182511,2026-07-26 02:25:24
河北省,海河流域,烧车淀,2026-07-26 02:00,2,29.48,7.93,11.32,497.1,4.45,,,0.023,2.344,0.00156,3179864,2026-07-26 02:25:24
河北省,海河流域,圈头,2026-07-26 02:00,2,29.53,7.94,6.88,658.56,0.9841,2.99,0.093,0.023,0.949,0.00261,6635620,2026-07-26 02:25:24
河北省,海河流域,采蒲台,2026-07-26 02:00,2,29.17763,7.57,8.73,738.5279,0.464177,2.67,0.052,0.021,1.359183,0.002141,427163,2026-07-26 02:25:24
河北省,海河流域,光淀张庄,2026-07-26 02:00,3,29.5,7.59,5.43,553.2,5.86,3.06,0.023,0.029,1.645,0.00455,5658617,2026-07-26 02:25:24
山西省,黄河流域,上兰,2026-07-26 02:00,2,22.43,8.28,7.16,625.43,3.475031,1.4,0.006,,2.1411,,,2026-07-26 02:25:24
山西省,黄河流域,汾河水库出口,2026-07-26 02:00,2,24.92,8.24,7.7,729.142,6.515515,2.07,0.018,0.002,1.5171,0.010521,301289,2026-07-26 02:25:24
山西省,海河流域,堡子湾,2026-07-26 02:00,3,21.08,8.09,5.68,789.628,26.48766,1.39,0.012,0.043,6.7631,,,2026-07-26 02:25:24
山西省,海河流域,册田水库出口,2026-07-26 02:00,3,23.86,8.23,6.94,1153.127,18.18935,4.32,0.118,0.093,0.7921,,,2026-07-26 02:25:24
山西省,海河流域,古家坡,2026-07-26 02:00,4,27.01,8.17,6.54,,9.832504,6.04,0.014,0.114,1.3881,,,2026-07-26 02:25:24
山西省,海河流域,后湾水库出口,2026-07-26 01:00,2,25.31,8.16,6.9,485.66,3.878,2.73,0.001,0.016,1.448,,,2026-07-26 02:25:24
山西省,黄河流域,拴驴泉,2026-07-26 02:00,2,20.06,8.31,8.75,666.9026,39.1163,2.27,0.025,0.027,4.9216,,,2026-07-26 02:25:24
山西省,黄河流域,张峰水库出口,2026-07-26 02:00,1,26.2321,8.24,8.04,534.4966,10.4769,1.55,0.042,0.003,3.1836,,,2026-07-26 02:25:24
山西省,海河流域,东榆林水库出口,2026-07-26 02:00,2,25.57,8.4,14.85,689.991,14.06062,3.62,0.006,0.085,2.2571,,,2026-07-26 02:25:24
山西省,黄河流域,杀虎口,2026-07-26 02:00,3,21.42,8.27,7.14,493.802,45.1983,4.92,0.008,0.051,1.4801,,,2026-07-26 02:25:24
山西省,海河流域,王寨村,2026-07-26 01:00,2,25.32,8.17,7.22,603.377,48.239,1.18,,0.028,2.414,,,2026-07-26 02:25:24
山西省,黄河流域,龙门,2026-07-26 01:00,2,27.33,8.4,7.51,1003.435,,2.27,,0.064,2.629,,,2026-07-26 02:25:24
山西省,黄河流域,张留庄,2026-07-26 02:00,4,29.75,8.32,7.84,7865.542,241.225,8.98,1.487,0.299,8.76,,,2026-07-26 02:25:24
山西省,黄河流域,上亳城,2026-07-26 02:00,2,25.09,8.44,7.01,838.325,9.863,2.3,,0.069,4.2311,,,2026-07-26 02:25:24
山西省,海河流域,代县桥,2026-07-26 02:00,2,22.46,8.35,7.58,736.102,171.1645,2.15,0.003,0.1,4.2961,,,2026-07-26 02:25:24
山西省,海河流域,坪上桥,2026-07-26 02:00,2,17.57,8.07,7.37,457.498,89.05137,1.21,0.001,0.037,4.2391,,,2026-07-26 02:25:24
山西省,黄河流域,河西村,2026-07-26 02:00,4,24.2,8.4,6.95,610.8,398.04,6.5,0.012,0.267,5.838,,,2026-07-26 02:25:24
山西省,黄河流域,黑城村,2026-07-26 02:00,3,25.77,8.04,7.56,673.2845,3441.544,4.24,0.255,0.083,4.851,,,2026-07-26 02:25:24
山西省,黄河流域,曲立,2026-07-26 02:00,3,21.7,8.05,6.18,605.899,115.0688,2.18,0.016,0.117,4.7051,,,2026-07-26 02:25:24
山西省,黄河流域,裴家川口,2026-07-26 02:00,2,26.41,8.21,8.35,443.107,97.05707,2.18,0.025,0.066,4.5641,,,2026-07-26 02:25:24
山西省,黄河流域,碛口,2026-07-26 02:00,2,28.22,8.55,7.19,891.301,106.8318,3.45,0.01,0.08,8.8511,,,2026-07-26 02:25:24
山西省,黄河流域,裴沟,2026-07-26 02:00,4,26.17,8.25,7.47,558.685,1584.56,4.77,0.026,0.273,4.3511,,,2026-07-26 02:25:24
山西省,黄河流域,三川河两河口桥,2026-07-26 02:00,3,28.16,8.4,6.99,719.737,23.55076,3.21,0.021,0.117,6.0981,,,2026-07-26 02:25:24
山西省,黄河流域,碧村,2026-07-26 02:00,2,27.47,8.41,8.86,633.745,62.24288,2.73,0.029,0.07,5.4541,,,2026-07-26 02:25:24
山西省,黄河流域,北峪口,2026-07-26 02:00,2,19.89183,8.1,7.1,490.634,15.23693,1.92,0.084,0.003,2.1681,,,2026-07-26 02:25:24
内蒙古自治区,黄河流域,大黑河入黄口,2026-07-26 01:00,4,28.32,8.38,9.51,1110.667,162.4701,8.83,0.174,0.198,8.49561,,,2026-07-26 02:25:24
内蒙古自治区,黄河流域,磴口,2026-07-26 01:00,2,24.75,8.21,6.9,1062.73,122.2568,0.36,0.033,0.031,2.16328,,,2026-07-26 02:25:24
内蒙古自治区,松花江流域,成吉思汗,2026-07-26 02:00,3,22.35,7.01,7.91,124.35,38.2,4.19,0.012,0.05,1.472,,,2026-07-26 02:25:24
内蒙古自治区,黄河流域,总排干入黄口,2026-07-26 02:00,4,25.942,8.66,6.54,2817.355,42.474,6.73,0.101,0.056,1.1021,,,2026-07-26 02:25:24
内蒙古自治区,黄河流域,三盛公,2026-07-26 01:00,2,29.4303,8.34,7.56,833.0842,371.1859,2.23,0.032,0.03,2.06375,,,2026-07-26 02:25:24
内蒙古自治区,松花江流域,斯力很,2026-07-26 00:00,5,23.1,7.37,7.97,223.7,1318.4,13.17,,0.362,6.37,,,2026-07-26 02:25:24
辽宁省,辽河流域,蒲河沿,2026-07-26 02:00,6,28.48,7.16,0.9,434.3,8.7,6.85,0.114,0.268,,,,2026-07-26 02:25:24
辽宁省,辽河流域,于台,2026-07-26 02:00,4,23.63,7.06,4.17,655.466,5.012,3.46,0.654,0.096,7.741,,,2026-07-26 02:25:24
辽宁省,辽河流域,巨流河大桥,2026-07-26 02:00,4,24.65,7.7,7.32,413.2,552.3,9.92,,0.293,5.875,,,2026-07-26 02:25:24
辽宁省,辽河流域,城子坦,2026-07-26 01:00,2,27.8251,7.49,7.1,251.1925,17.11909,2.27,0.026,0.062,4.39064,,,2026-07-26 02:25:24
辽宁省,辽河流域,麦家,2026-07-26 01:00,4,29.68,7.77,3.76,387.5,17.99,4.24,0.191,0.173,1.437,,,2026-07-26 02:25:24
辽宁省,辽河流域,三台子,2026-07-26 01:00,3,29.00091,8.61,10.56,569.6722,7.42211,4.57,0.008,0.06,4.31066,,,2026-07-26 02:25:24
辽宁省,辽河流域,关门山大桥,2026-07-26 02:00,2,22.2,7.84,6.98,370.038,5.37,1.2,,0.015,6.358,,,2026-07-26 02:25:24
辽宁省,辽河流域,大伙房水库,2026-07-26 02:00,4,21.22,6.81,8,192.44,82.2,5.13,0.14,0.241,3.976,0.0703,,2026-07-26 02:25:24
辽宁省,辽河流域,北太子河入观音阁水库口,2026-07-26 02:00,2,23.4575,7.75,7.78,262.1125,26.4638,2.03,0.019,0.036,8.631027,,,2026-07-26 02:25:24
辽宁省,辽河流域,老官砬子,2026-07-26 02:00,2,15.44,7.95,11.6,277,13,1.87,0.031,0.026,3.9331,,,2026-07-26 02:25:24
辽宁省,辽河流域,凤鸣电站,2026-07-26 01:00,2,18.54,7.73,8.77,202.23,30.078,2.46,0.022,0.059,3.897,,,2026-07-26 02:25:24
辽宁省,辽河流域,南太子河入库口,2026-07-26 01:00,2,22.67,7.43,7.26,180.1,2.12,0.9,0.004,0.007,6.702,,,2026-07-26 02:25:24
辽宁省,辽河流域,张家堡,2026-07-26 02:00,2,27.34,8.18,6.99,677.79,72.119,3.97,,0.075,5.548,,,2026-07-26 02:25:24
辽宁省,辽河流域,西树林,2026-07-26 01:00,2,26.39,8.45,10.63,622.3,45.1,2.83,,0.077,4.3044,,,2026-07-26 02:25:24
辽宁省,辽河流域,茧场,2026-07-26 01:00,1,28.68,8.49,8.03,273.9761,8.03285,1.39,0.008,0.015,5.00121,,,2026-07-26 02:25:24
辽宁省,辽河流域,大清河口,2026-07-26 01:00,3,29.57,8.63,20.4,583.03,6.743,5.2,0.041,0.065,6.168,,,2026-07-26 02:25:24
辽宁省,辽河流域,二道河水库口,2026-07-26 01:00,2,22.0065,8.01,6.31,393.821,3.26328,1.2,0.001,0.009,4.536,,,2026-07-26 02:25:24
辽宁省,辽河流域,下王家,2026-07-26 01:00,2,21.1308,7.68,8.66,338.36,30.8804,2.89,0.014,0.048,4.902,,,2026-07-26 02:25:24
辽宁省,辽河流域,汤河桥,2026-07-26 02:00,2,21.16,7.83,7.46,391.3,5.42219,1.12,0.017,0.019,2.356,,,2026-07-26 02:25:24
辽宁省,辽河流域,下达河入汤河水库口,2026-07-26 01:00,2,23.7921,8.03,6.76,443.013,5.507,1.93,0.008,0.021,6.302,,,2026-07-26 02:25:24
辽宁省,辽河流域,鲜峰桥,2026-07-26 02:00,4,29.06,8.84,,557.034,14.294,9.38,0.024,0.141,9.116,,,2026-07-26 02:25:24
辽宁省,辽河流域,清辽,2026-07-26 02:00,5,21.347,7.5,7.71,256.3,211.3,10.06,,0.322,7.917,,,2026-07-26 02:25:24
辽宁省,辽河流域,章吉营,2026-07-26 02:00,2,27.35,8.06,6.78,796.7,24.1,2.1,,0.042,9.827,,,2026-07-26 02:25:24
辽宁省,辽河流域,大凌河西支入河口,2026-07-26 02:00,3,20.65,8.13,7.61,792.83,116.765,3.54,0.004,0.128,15.333,,,2026-07-26 02:25:24
辽宁省,辽河流域,王家窝棚,2026-07-26 02:00,3,23.47,7.51,5.76,586,8.2,2.23,0.004,0.094,7.916,,,2026-07-26 02:25:24
辽宁省,辽河流域,小渔场,2026-07-26 01:00,3,25.3,7.76,6.09,522.565,61,4.08,,0.088,3.702,,,2026-07-26 02:25:24
吉林省,松花江流域,新立城大坝,2026-07-26 02:00,5,23.5875,7.61,2.92,292.3,34.615,3.15,0.019,0.038,2.051,,,2026-07-26 02:25:24
吉林省,松花江流域,松花江村,2026-07-26 02:00,3,23.93,6.83,8.52,160,188.6,5.92,0.334,0.195,5.408,,,2026-07-26 02:25:24
吉林省,松花江流域,砖瓦窑桥,2026-07-26 01:00,6,19.2,7.26,1.56,307.37,459.65,11.72,0.669,0.488,4.785,,,2026-07-26 02:25:24
吉林省,松花江流域,靠山大桥,2026-07-26 01:00,-1,,,,,,,,,,,,2026-07-26 02:25:24
吉林省,松花江流域,饮马河大桥,2026-07-26 01:00,3,22.05,7.17,7.17,203.31,117.04,4.6,,0.118,4.985,,,2026-07-26 02:25:24
吉林省,松花江流域,周家河口,2026-07-26 02:00,3,18.26,7.42,7.22,471.07,192.51,5.13,0.045,0.152,2.741,,,2026-07-26 02:25:24
吉林省,松花江流域,白旗,2026-07-26 01:00,4,19.78,7.11,9.25,160.495,323.485,7.49,0.194,0.276,13.4839,,,2026-07-26 02:25:24
吉林省,松花江流域,白山大桥,2026-07-26 02:00,3,10.07,7.03,8.3,126.229,33.136,5,0.012,0.039,1.658,,,2026-07-26 02:25:24
吉林省,松花江流域,官厅桥,2026-07-26 01:00,4,24.37,7.02,6.15,177.5,147.046,7.2,0.173,0.234,5.135,,,2026-07-26 02:25:24
吉林省,松花江流域,哨口,2026-07-26 01:00,3,19.9539,7.05,9.27,161.018,230.228,5.09,0.12,0.2,7.7159,,,2026-07-26 02:25:24
吉林省,松花江流域,烟筒山,2026-07-26 01:00,4,25.65,7.47,7.32,291.969,173.961,6.16,0.172,0.231,9.605,,,2026-07-26 02:25:24
吉林省,辽河流域,四双大桥,2026-07-26 01:00,4,26.27,7.82,6.96,457.39,323.85,5.92,,0.23,2.83,,,2026-07-26 02:25:24
吉林省,辽河流域,城子上,2026-07-26 01:00,3,25.93,7.85,7.35,406.18,80.76,4.47,0.013,0.088,1.834,,,2026-07-26 02:25:24
吉林省,辽河流域,六家子,2026-07-26 02:00,5,23.7,7.59,6.32,604.5,232.7,6.33,,0.362,9.3885,,,2026-07-26 02:25:24
吉林省,辽河流域,林家,2026-07-26 02:00,4,25.51,7.89,9.14,1005.651,51.872,8.16,,0.183,8.333,,,2026-07-26 02:25:24
吉林省,辽河流域,河清,2026-07-26 02:00,6,20.88,7.17,6.68,312.2,549.9,11.45,,0.44,7.135,,,2026-07-26 02:25:24
吉林省,松花江流域,高集岗桥,2026-07-26 01:00,4,24.23,7.68,7.88,252.3,213.579,7.17,0.246,0.291,12.421,,,2026-07-26 02:25:24
吉林省,辽河流域,云峰,2026-07-26 02:00,3,18.043,7.09,5.57,134.545,33.1786,2.19,0.017,0.024,2.443,,,2026-07-26 02:25:24
吉林省,辽河流域,老虎哨,2026-07-26 02:00,2,20.078,7.28,7.46,107.454,22.5581,2.08,0.015,0.021,2.429,,,2026-07-26 02:25:24
吉林省,辽河流域,鸠谷,2026-07-26 02:00,2,18,7.53,8.37,108.1,27.9,3.16,0.074,0.079,1.553,,,2026-07-26 02:25:24
吉林省,辽河流域,葫芦套,2026-07-26 01:00,2,24.17,8.04,8.48,122.744,31.738,2.72,0.014,0.048,1.672,,,2026-07-26 02:25:24
吉林省,辽河流域,大阳岔,2026-07-26 01:00,2,10.03,7.85,7.55,296.08,9.965,0.6,0.001,0.022,1.959,,,2026-07-26 02:25:24
吉林省,松花江流域,松林,2026-07-26 02:00,3,24.15,6.59,7.13,179.51,88.15,5.57,0.258,0.176,3.53,,,2026-07-26 02:25:24
吉林省,松花江流域,白沙滩,2026-07-26 02:00,4,25.59,7.38,6.99,134.24,46.24,8.36,0.207,0.115,1.856,,,2026-07-26 02:25:24
吉林省,松花江流域,月亮湖下,2026-07-26 02:00,4,27.6,7.21,4.29,138.91,102.39,8.1,,0.196,2.039,,,2026-07-26 02:25:24
吉林省,松花江流域,崇善,2026-07-26 01:00,4,17.06,7.44,10.05,84.938,44.393,8.9,0.036,,1.678,,,2026-07-26 02:25:24
吉林省,松花江流域,石井,2026-07-26 01:00,3,22.36,7.71,7.56,260.383,42.495,4.14,0.106,0.1,2.022,,,2026-07-26 02:25:24
吉林省,松花江流域,三家子,2026-07-26 01:00,4,19.95,7.35,8.63,97.774,61.657,6.76,0.024,0.089,1.65,,,2026-07-26 02:25:24
吉林省,松花江流域,建封路大桥,2026-07-26 01:00,2,14.2,7.69,9.22,206.831,22.506,1.46,0.032,0.07,0.772,,,2026-07-26 02:25:24
黑龙江省,松花江流域,苗家,2026-07-26 01:00,3,28,7.5,8.26,168.3,59,4.99,0.052,0.177,2.607,,,2026-07-26 02:25:24
黑龙江省,松花江流域,朱顺屯,2026-07-26 01:00,4,27.2461,7.02,3.13,199.158,128.357,6.73,0.082,0.163,2.759,,,2026-07-26 02:25:24
黑龙江省,松花江流域,阿什河口内,2026-07-26 01:00,6,26.42,7.01,1.93,365.25,36.3,5.14,0.879,0.234,3.615,,,2026-07-26 02:25:24
黑龙江省,松花江流域,呼兰河口内,2026-07-26 02:00,4,26.5,7.49,6.4,440.91,75.77,7.28,0.108,0.187,1.978,,,2026-07-26 02:25:24
黑龙江省,松花江流域,拉哈,2026-07-26 01:00,4,23.04,7.16,5.1,115.866,150.96,8.62,,0.131,1.781,,,2026-07-26 02:25:24
黑龙江省,松花江流域,查哈阳乡,2026-07-26 02:00,4,23.2,7.43,7.94,99.2,97.3,7.34,0.008,0.077,0.889,,,2026-07-26 02:25:24
黑龙江省,松花江流域,音河水库,2026-07-26 02:00,4,24.76,7.17,5.75,183.63,379.12,9.42,,0.186,1.629,,,2026-07-26 02:25:24
黑龙江省,松花江流域,浏园,2026-07-26 01:00,4,24.12,7.21,6.48,130.4,163.6,7.75,,0.117,3.356,,,2026-07-26 02:25:24
黑龙江省,松花江流域,江桥,2026-07-26 02:00,3,26.27,7.53,6.6,147.578,170.027,5.73,,0.091,3.346,,,2026-07-26 02:25:24
黑龙江省,松花江流域,富源村,2026-07-26 02:00,5,24.15,7.42,6.28,98.45,115.72,11.23,0.004,0.137,1.084,,,2026-07-26 02:25:24
黑龙江省,松花江流域,泄洪1闸,2026-07-26 02:00,4,24.779,8.4,7.68,266.574,68.389,4.9,,0.068,2.264,0.034,17536,2026-07-26 02:25:24
黑龙江省,松花江流域,858九队,2026-07-26 01:00,4,27.79,6.96,4.46,207.1,174.549,8.42,0.132,0.133,2.1371,,,2026-07-26 02:25:24
黑龙江省,松花江流域,饶河上,2026-07-26 01:00,4,23.25,7.19,6.06,71.5,32.248,8.48,0.032,0.059,1.401,,,2026-07-26 02:25:24
黑龙江省,松花江流域,挠力河口内,2026-07-26 02:00,4,26.354,7.48,5.62,238.779,84.142,6.43,0.158,0.224,0.805,,,2026-07-26 02:25:24
黑龙江省,松花江流域,嫩江口内,2026-07-26 02:00,4,27.19,7.02,4.17,134.824,93.414,7.86,,0.132,1.975,,,2026-07-26 02:25:24
黑龙江省,松花江流域,嘉荫,2026-07-26 02:00,5,21.3,7.08,7.81,83.269,44.625,14.5,0.019,0.067,0.739,,,2026-07-26 02:25:24
黑龙江省,松花江流域,双河渠首,2026-07-26 02:00,5,22.26,6.9,7.46,108.4,581.2,11.88,,0.299,3.354,,,2026-07-26 02:25:24
黑龙江省,松花江流域,佳木斯下,2026-07-26 01:00,3,25.4255,7.26,6.05,191.128,107.086,5.88,0.049,0.155,2.699,,,2026-07-26 02:25:24
黑龙江省,松花江流域,宏克利,2026-07-26 01:00,4,26.6,6.7,5.34,156,53.96,6.02,0.043,0.167,3.037,,,2026-07-26 02:25:24
黑龙江省,松花江流域,海浪,2026-07-26 02:00,4,22.13,7.02,8.7,96.3,482.76,7.56,0.066,0.116,3.988,,,2026-07-26 02:25:24
黑龙江省,松花江流域,黑河下,2026-07-26 02:00,5,20.56,7.44,7.61,98.3794,45.0225,14.28,,0.063,0.4926,,,2026-07-26 02:25:24
黑龙江省,松花江流域,呼玛上,2026-07-26 02:00,3,27.673,8.1,7.46,,2.495,,0.055,0.102,1.157,,,2026-07-26 02:25:24
黑龙江省,松花江流域,加格达奇上,2026-07-26 02:00,4,15.74,6.96,8.85,60.969,13.9775,6.4,,0.02,0.257,,,2026-07-26 02:25:24
上海市,长江流域,富锦路桥,2026-07-26 02:00,4,33.1,7.64,3.57,447.6,66.5,3.2,0.029,0.164,2.312,,,2026-07-26 02:25:24
上海市,太湖流域,明星路桥,2026-07-26 01:00,4,31.62,7.15,4,431.5994,47.3249,5.19,0.293,0.218,3.46723,,,2026-07-26 02:25:24
上海市,太湖流域,临江,2026-07-26 02:00,5,32.18,7.35,2.66,471.8,38.14,4.53,0.056,0.139,2.28,,,2026-07-26 02:25:24
上海市,太湖流域,闵行西界,2026-07-26 02:00,5,32.53,7.32,2.93,461.81,31.52,4.06,0.138,0.13,2.317,,,2026-07-26 02:25:24
上海市,太湖流域,吴淞口,2026-07-26 02:00,3,30.181,7.79,5.69,330.74,20.751,3.53,,0.134,2.017,,,2026-07-26 02:25:24
上海市,太湖流域,蕴川路桥,2026-07-26 02:00,3,30.83,7.69,5.17,322.14,42.73,2.59,,0.086,1.764,,,2026-07-26 02:25:24
上海市,太湖流域,黄渡,2026-07-26 02:00,4,32.45,7.43,4.3,556.9,49.47,4.2,0.238,0.178,2.106,,,2026-07-26 02:25:24
上海市,太湖流域,三甲港,2026-07-26 02:00,3,30.54,7.83,6.6,330,63.17,2.69,0.134,0.122,1.555,,,2026-07-26 02:25:24
上海市,太湖流域,二团,2026-07-26 02:00,4,31.33,7.57,3.51,585.5,43.34,3.41,0.005,0.18,2.375,,,2026-07-26 02:25:24
上海市,太湖流域,横潦泾,2026-07-26 02:00,4,32.17,7.29,3.11,462.7,44.21,6.8,0.898,0.248,4.342,,,2026-07-26 02:25:24
上海市,太湖流域,斜塘口,2026-07-26 02:00,4,32.68,7.43,3.42,444.98,27.61,5.25,0.295,0.132,2.837,,,2026-07-26 02:25:24
上海市,太湖流域,急水港桥,2026-07-26 02:00,4,32.04,7.39,3.75,486.9,12.4,3.97,0.008,0.084,1.178,0.006,4883451,2026-07-26 02:25:24
上海市,太湖流域,淀峰,2026-07-26 02:00,3,32.23,8.49,6.6,500.77,35.19,4.39,,0.097,0.992,,,2026-07-26 02:25:24
上海市,太湖流域,太浦河桥,2026-07-26 02:00,5,32.25,7.22,2.62,393.09,24.74,4.58,0.081,0.1,1.842,,,2026-07-26 02:25:24
上海市,太湖流域,钱桥,2026-07-26 02:00,4,31.1,7.59,4.12,529.4,38.6,4.38,0.158,0.175,2.215,,,2026-07-26 02:25:24
上海市,长江流域,七效港西桥,2026-07-26 02:00,3,28.69,7.71,6.4,570.33,99.53,4.38,0.18,0.116,1.366,,,2026-07-26 02:25:24
上海市,长江流域,五效,2026-07-26 02:00,2,31.29,7.79,6.38,345.14,41.13,1.92,0.019,0.07,1.541,,,2026-07-26 02:25:24
江苏省,长江流域,节制闸,2026-07-26 01:00,4,31.59,8.14,21.18,424.69,27.73,7.9,0.272,0.17,2.384,,,2026-07-26 02:25:24
江苏省,太湖流域,锡东水厂,2026-07-26 02:00,3,32.8,8.38,6.73,448.81,27.88,2.4,0.011,0.029,0.501,0.00338,2547470,2026-07-26 02:25:24
江苏省,太湖流域,兰山嘴,2026-07-26 02:00,5,31.79,,8.2,402.01,114.1,5.28,0.008,0.126,1.092,0.01006,2.240233,2026-07-26 02:25:24
江苏省,太湖流域,蠡桥,2026-07-26 01:00,2,33.4,7.93,6.01,503.53,51.5,3.12,0.171,0.074,1.046,,,2026-07-26 02:25:24
江苏省,太湖流域,殷村港桥,2026-07-26 02:00,3,32.45,7.76,5.88,401.17,111.88,5.54,0.103,0.161,1.657,,,2026-07-26 02:25:24
江苏省,太湖流域,大浦港桥,2026-07-26 02:00,4,32.68,7.52,3.26,465.6,66.2,4.73,,0.135,2.012,,,2026-07-26 02:25:24
江苏省,太湖流域,五牧,2026-07-26 01:00,3,33.54,7.09,5.09,362.27,25.79,2.37,0.104,0.159,2.407,,,2026-07-26 02:25:24
江苏省,太湖流域,拖山,2026-07-26 02:00,4,32.63,8.4,6.76,426.3,68.21,3.53,0.002,0.06,0.824,0.00826,9631776,2026-07-26 02:25:24
江苏省,太湖流域,五里湖心,2026-07-26 02:00,4,32.99,8.85,9.37,465.08,20.70721,4.76,,0.066,0.524,0.01448,2.306616,2026-07-26 02:25:24
江苏省,太湖流域,大港桥,2026-07-26 02:00,2,31.5,8.31,8.81,155.52,2.03,2.77,0.028,0.028,1.52,,,2026-07-26 02:25:24
江苏省,太湖流域,长济桥,2026-07-26 02:00,4,31.2,7.61,4.96,322.1,24.03,2.4,0.258,0.132,2.076,,,2026-07-26 02:25:24
江苏省,太湖流域,钓邾大桥,2026-07-26 01:00,4,31.98,7.7,5.17,539.8,28.75,3.92,0.362,0.265,1.358,,,2026-07-26 02:25:24
江苏省,长江流域,小湾,2026-07-26 02:00,3,29.99,7.71,5.14,262.88,24.56,1.73,,0.077,1.629,,,2026-07-26 02:25:24
江苏省,淮河流域,港上桥,2026-07-26 01:00,6,30.85,7.06,0.22,555.6,2.51,4.51,0.15,0.108,2.667,,,2026-07-26 02:25:24
江苏省,淮河流域,蔺家坝,2026-07-26 01:00,5,30.4,7.69,2.36,1423.7,41.8,5.25,0.036,0.094,1.124,,,2026-07-26 02:25:24
江苏省,淮河流域,李集桥,2026-07-26 01:00,3,30.15,8.79,10.28,1388.54,3.16,5.32,0.013,0.056,0.726,,,2026-07-26 02:25:24
江苏省,淮河流域,华山闸,2026-07-26 01:00,3,30.78,8.65,10.82,1160.2,7.49,4.88,0.013,0.044,0.649,,,2026-07-26 02:25:24
江苏省,淮河流域,沙庄桥,2026-07-26 02:00,4,31.42,7.92,7.19,1362.1,24.2,7.09,0.218,0.095,1.238,,,2026-07-26 02:25:24
江苏省,淮河流域,张楼,2026-07-26 01:00,4,29.696,7.5,4.07,1090.746,8.442,2.21,0.202,0.119,3.033,,,2026-07-26 02:25:24
江苏省,淮河流域,沙集西闸,2026-07-26 01:00,5,30.36,7.2,2.68,599.4,33.66,6.75,,0.279,3.098,,,2026-07-26 02:25:24
江苏省,淮河流域,下楼公路桥,2026-07-26 01:00,4,31.84,7.62,20.58,787.04,32.19,8.28,0.081,0.242,1.9949,,,2026-07-26 02:25:24
江苏省,长江流域,魏村,2026-07-26 02:00,3,30.34,7.66,5.21,267.65,30.51,1.96,,0.08,1.629,,,2026-07-26 02:25:24
江苏省,太湖流域,姚巷桥,2026-07-26 02:00,3,33.1,7.55,6.66,417.92,13.07,4.8,0.098,0.097,2.698,,,2026-07-26 02:25:24
江苏省,太湖流域,九号桥,2026-07-26 01:00,2,31.2,7.99,7.36,304.3,21.8,2.14,0.01,0.071,1.466,,,2026-07-26 02:25:24
江苏省,太湖流域,胥湖心,2026-07-26 02:00,1,32.33,,8.48,351.96,8.79,1.99,,0.01,0.193,0.0006,259184.4,2026-07-26 02:25:24
江苏省,太湖流域,望亭上游,2026-07-26 01:00,3,31.91,7.54,5.55,520.87,17.27,2.48,0.109,0.129,2.461,,,2026-07-26 02:25:24
江苏省,太湖流域,千灯浦口,2026-07-26 02:00,4,32.05,7.17,3.92,587.775,43.336,4.79,0.097,0.13,1.1795,,,2026-07-26 02:25:24
江苏省,太湖流域,朱厍港口,2026-07-26 02:00,5,31.1,7.15,2.74,580,50.8,4.38,,0.096,0.819,,,2026-07-26 02:25:24
江苏省,太湖流域,浏河闸,2026-07-26 02:00,4,31.12,7.74,4.43,395.941,58.068,4.54,0.003,0.142,2.3796,,,2026-07-26 02:25:24
江苏省,太湖流域,江边闸,2026-07-26 01:00,3,31.71,8.42,10.97,443.3,19.37,4.25,,0.103,1.947,,,2026-07-26 02:25:24
江苏省,太湖流域,航管站,2026-07-26 02:00,2,33.58,8.34,6.29,444.9,26.17,2.44,,0.016,0.605,,,2026-07-26 02:25:24
江苏省,太湖流域,越溪桥,2026-07-26 02:00,4,32.68,7.56,4.56,459.5,42.5,4.92,0.248,0.113,1.22,,,2026-07-26 02:25:24
江苏省,太湖流域,312国道桥,2026-07-26 01:00,2,34.79,8.72,9.24,412.39,16.25,3.64,,0.046,0.736,,,2026-07-26 02:25:24
江苏省,太湖流域,赵屯,2026-07-26 02:00,4,31.44,7.56,4.79,743.365,41.777,3.92,0.027,0.149,2.716,,,2026-07-26 02:25:24
江苏省,淮河流域,东安闸桥西,2026-07-26 02:00,4,31.89,7.32,3.04,977,43.74,,,,,,,2026-07-26 02:25:24
江苏省,长江流域,九圩港桥,2026-07-26 02:00,3,30.58,7.78,5.49,302.3,42.38,2.2,0.017,0.078,1.369,,,2026-07-26 02:25:24
江苏省,长江流域,碾砣港闸,2026-07-26 01:00,3,31.18,8,6.66,325.2,42.4,5.18,0.017,0.088,1.653,,,2026-07-26 02:25:24
江苏省,长江流域,聚南大桥,2026-07-26 01:00,3,32.96,7.7,5.24,1011.9,3.83,5.65,0.038,0.14,0.934,,,2026-07-26 02:25:24
江苏省,长江流域,大洋港桥,2026-07-26 01:00,3,31.73,7.97,5.61,424.8,14.45,2.85,,0.173,1.567,,,2026-07-26 02:25:24
江苏省,长江流域,塘芦港闸,2026-07-26 02:00,4,32.422,7.71,4.79,1531.67,5.731,4.81,0.141,0.264,1.401,,,2026-07-26 02:25:24
江苏省,淮河流域,小洋口,2026-07-26 01:00,6,29.98,7.43,2.3,1027.7,20.48,7.69,1.771,0.43,3.74,,,2026-07-26 02:25:24
江苏省,淮河流域,北凌新闸,2026-07-26 02:00,6,29.39,7.38,0.89,1078.2,38.65,8.35,1.342,0.535,4.911,,,2026-07-26 02:25:24
江苏省,淮河流域,新浦大桥,2026-07-26 02:00,4,30.563,7.66,8.09,713.096,13.715,6.7,0.652,0.147,5.725,,,2026-07-26 02:25:24
江苏省,淮河流域,柴米河桥,2026-07-26 02:00,5,28.56,7.27,2.19,727.85,59.27,6.03,0.589,0.187,3.0362,,,2026-07-26 02:25:24
江苏省,淮河流域,善后河闸,2026-07-26 02:00,4,30.857,7.59,4.5,960.542,12.992,6.38,0.074,0.248,5.632,,,2026-07-26 02:25:24
江苏省,淮河流域,新村桥,2026-07-26 02:00,4,28.071,7.4,8.35,836.68,9,7.67,0.593,0.151,5.285,,,2026-07-26 02:25:24
江苏省,淮河流域,沭南闸,2026-07-26 02:00,3,30.326,8.82,11.73,584.32,2.21,5.53,0.04,0.194,4.829,,,2026-07-26 02:25:24
江苏省,淮河流域,墩尚水漫桥,2026-07-26 02:00,4,27.479,8.26,3.78,633.21,4.436,4.57,0.008,0.183,4.859,,,2026-07-26 02:25:24
江苏省,淮河流域,大浦闸,2026-07-26 02:00,4,29.475,7.31,10.44,1301.53,27.55,6.4,0.174,0.24,6.324,,,2026-07-26 02:25:24
江苏省,淮河流域,海头大桥,2026-07-26 02:00,4,28.44,8.54,9.34,582.46,13.59,5.63,0.016,0.269,5.172,,,2026-07-26 02:25:24
江苏省,淮河流域,坝头桥,2026-07-26 02:00,3,29.283,8.38,8.48,404.4,20.02,5.66,0.011,0.07,1.426,,,2026-07-26 02:25:24
江苏省,淮河流域,郑园桥,2026-07-26 02:00,4,27.2,7.29,5.66,577.425,94.618,5.78,0.297,0.293,3.117,,,2026-07-26 02:25:24
江苏省,淮河流域,四队桥,2026-07-26 02:00,6,30.17,7.43,0.81,1018.07,23.59,6.28,0.734,0.221,3.502,,,2026-07-26 02:25:24
江苏省,淮河流域,新浦二桥,2026-07-26 02:00,3,28.797,7.37,6.91,701.88,18.76,5.38,0.017,0.193,5.152,,,2026-07-26 02:25:24
江苏省,淮河流域,淮河大桥,2026-07-26 01:00,3,31.173,7.85,6.62,440.22,48.79,4.6,0.126,0.095,2.121,,,2026-07-26 02:25:24
江苏省,淮河流域,五叉河口,2026-07-26 01:00,4,29.84,7.54,3.97,801.629,22.798,7.27,0.051,0.128,3.075,,,2026-07-26 02:25:24
江苏省,淮河流域,戴楼衡阳,2026-07-26 01:00,5,29.31,7.24,2.01,391.09,54.89,6.01,0.091,0.124,2.299,0.02536,,2026-07-26 02:25:24
江苏省,淮河流域,总渠苏嘴,2026-07-26 02:00,6,26.74,7.19,1.58,541.72,31.54,3.78,0.118,0.14,1.945,,,2026-07-26 02:25:24
江苏省,淮河流域,新洋港闸,2026-07-26 02:00,6,28.46,7.16,1.69,739.34,32.03,7.21,2.101,0.275,4.296,,,2026-07-26 02:25:24
江苏省,淮河流域,富民桥,2026-07-26 02:00,5,29.65,7.19,2.33,704.54,19.53,0.15,0.374,0.208,2.659,,,2026-07-26 02:25:24
江苏省,淮河流域,龙冈凤凰桥,2026-07-26 02:00,6,29.72,7.05,1.97,521.08,19.01,7.12,1.34,0.059,3.56,,,2026-07-26 02:25:24
江苏省,淮河流域,六垛闸,2026-07-26 02:00,6,28.38,7.12,1.28,642.32,46.83,6.31,0.922,0.212,4.323,,,2026-07-26 02:25:24
江苏省,淮河流域,泰东大桥,2026-07-26 02:00,5,30.1,7.2,2.07,573.41,5.78,6.3,0.456,0.215,2.44,,,2026-07-26 02:25:24
江苏省,淮河流域,城北大桥,2026-07-26 02:00,6,29.191,7.32,1,741.44,16.72,7.9,2.69,0.27,4.739,,,2026-07-26 02:25:24
江苏省,淮河流域,草堰大桥,2026-07-26 02:00,6,30.326,7.24,1.96,647.232,0.02,6.93,0.774,0.288,2.694,,,2026-07-26 02:25:24
江苏省,淮河流域,射阳河闸,2026-07-26 02:00,6,28.02,7.29,2.61,825.98,29.14,9,2.18,0.243,4.834,,,2026-07-26 02:25:24
江苏省,淮河流域,黄沙港闸,2026-07-26 02:00,6,28.14,7.19,1.76,590.74,23.25,8.84,2.055,0.312,3.777,,,2026-07-26 02:25:24
江苏省,淮河流域,斗龙港闸,2026-07-26 02:00,6,27.461,7.11,1.34,710.982,28.03,6.97,2.512,0.376,4.888,,,2026-07-26 02:25:24
江苏省,淮河流域,川东闸,2026-07-26 02:00,6,29.48,7.2,1.3,831.46,20.49,7.64,2.01,0.489,4.996,,,2026-07-26 02:25:24
江苏省,淮河流域,头罾闸,2026-07-26 02:00,4,29.41,7.78,3.7,735.25,17.83,4.82,1.17,0.137,3.561,,,2026-07-26 02:25:24
江苏省,淮河流域,王港闸,2026-07-26 02:00,6,29.44,7.25,0.92,1094.27,41.8,7.19,2.071,0.522,5.101,,,2026-07-26 02:25:24
江苏省,长江流域,三江营,2026-07-26 02:00,3,29.7,7.6,5.04,431.9,128.4,5.8,0.231,0.143,3.163,,,2026-07-26 02:25:24
江苏省,淮河流域,槐泗河口,2026-07-26 01:00,4,31.17,7.78,6.8,417.3,146.73,6.44,0.132,0.119,0.002,,,2026-07-26 02:25:24
江苏省,淮河流域,大运河船闸,2026-07-26 02:00,4,32.76,7.32,3.94,457.5,50.2,6.94,0.987,0.16,3.743,,,2026-07-26 02:25:24
江苏省,淮河流域,三垛西大桥,2026-07-26 01:00,5,30.24,6.96,2.42,637.7,18.6,7.79,1.523,0.227,3.864,,,2026-07-26 02:25:24
江苏省,淮河流域,江都西闸,2026-07-26 02:00,6,30.15,6.98,1.02,579.7,27.1,7.86,1.275,0.205,4.1,,,2026-07-26 02:25:24
江苏省,长江流域,冻青桥,2026-07-26 02:00,4,30.07,7.53,3.34,497.5,30.98,5.18,0.594,0.156,2.391,,,2026-07-26 02:25:24
江苏省,长江流域,小河口上游,2026-07-26 01:00,4,30.2,7.61,4.92,265.3,47.68,2.57,0.066,0.079,1.306,,,2026-07-26 02:25:24
江苏省,淮河流域,曹庄桥,2026-07-26 02:00,6,29.83,7.11,1.68,582.6,26.02,7.86,0.702,0.264,3.779,,,2026-07-26 02:25:24
江苏省,太湖流域,辛丰镇,2026-07-26 02:00,4,30.66,7.82,4.73,284.9,27.77,2.22,0.038,0.074,1.419,,,2026-07-26 02:25:24
江苏省,太湖流域,新港桥,2026-07-26 02:00,2,31.86,7.54,6.26,283.8,4.5,2.19,0.024,0.038,0.968,,,2026-07-26 02:25:24
江苏省,太湖流域,吕城,2026-07-26 02:00,4,30.96,7.53,4.39,291.86,33.91,2.66,0.005,0.118,1.715,,,2026-07-26 02:25:24
江苏省,淮河流域,海陵大桥,2026-07-26 02:00,6,30.75,7.29,1.66,528.9,19.91,6.17,0.812,0.162,3.171,,,2026-07-26 02:25:24
江苏省,长江流域,马甸闸西,2026-07-26 02:00,2,30.8,7.75,6.11,321,40.96,3.19,0.007,0.06,1.73,,,2026-07-26 02:25:24
江苏省,长江流域,祥和大桥,2026-07-26 02:00,5,31.1,7.35,2.43,432.4,6.52,3.35,1.169,0.179,2.498,,,2026-07-26 02:25:24
江苏省,长江流域,夏仕港大桥,2026-07-26 02:00,4,30.31,7.44,4.38,320.8,37.97,2.97,0.033,0.057,1.406,,,2026-07-26 02:25:24
江苏省,淮河流域,马陵翻水站,2026-07-26 01:00,4,29.8,7.97,4.04,875.57,23.7,4.13,0.069,0.117,2.538,,,2026-07-26 02:25:24
江苏省,淮河流域,临淮乡入湖口,2026-07-26 01:00,6,33.32,8.5,12.71,672.8,14.83,10.06,0.346,0.741,3.377,,,2026-07-26 02:25:24
江苏省,淮河流域,顾勒大桥,2026-07-26 01:00,5,30.557,7.48,4.53,604.27,14.45,6.5,1.575,0.259,3.769,,,2026-07-26 02:25:24
浙江省,浙闽片河流,小金山,2026-07-26 02:00,2,32.25,,11.57,113.433,6.183,2.27,,0.019,0.7053,,,2026-07-26 02:25:24
浙江省,浙闽片河流,三潭岛,2026-07-26 02:00,2,30.44,,11.66,127.474,3.465,2.09,,0.016,0.5565,,,2026-07-26 02:25:24
浙江省,浙闽片河流,千岛湖大坝前,2026-07-26 02:00,1,31.72,,9.48,126.853,2.053,1.32,0.022,0.009,0.5727,,,2026-07-26 02:25:24
浙江省,太湖流域,汪家埠,2026-07-26 02:00,3,31.21,8.57,5.42,226.51,20.58,3.16,0.066,0.057,2.536,,,2026-07-26 02:25:24
浙江省,太湖流域,奉口,2026-07-26 02:00,4,31.29,7.05,3.97,157.2,9.66,2,0.029,0.055,2.4,,,2026-07-26 02:25:24
浙江省,浙闽片河流,桐君山,2026-07-26 02:00,2,29.95,7.42,9.85,142.9,8.6,1.78,0.019,0.041,1.625,,,2026-07-26 02:25:24
浙江省,浙闽片河流,洋溪渡,2026-07-26 02:00,3,16.79,7.07,5.41,144.023,4.57,1.01,,0.014,0.8309,,,2026-07-26 02:25:24
浙江省,太湖流域,五杭运河大桥,2026-07-26 02:00,5,32.61,7.16,2.6,345.7,27.17,3.28,0.299,0.119,2.079,,,2026-07-26 02:25:24
浙江省,浙闽片河流,桐庐,2026-07-26 01:00,2,25.19,7.46,8.6,169.6,25.1,1.96,,0.05,0.958,,,2026-07-26 02:25:24
浙江省,浙闽片河流,街口,2026-07-26 02:00,2,30.41,8.78,9.28,111.82,0.68,1.5,0.016,0.027,1.06,,,2026-07-26 02:25:24
浙江省,浙闽片河流,溪口,2026-07-26 02:00,2,29.74,7.3,8.4,144.81,3.64,1.03,0.006,0.026,3.369,,,2026-07-26 02:25:24
浙江省,浙闽片河流,清林渡,2026-07-26 02:00,4,31.939,7.16,3.15,346.519,42.173,5.3,0.416,0.142,3.261,,,2026-07-26 02:25:24
浙江省,浙闽片河流,水车,2026-07-26 02:00,4,30.929,7.29,4.45,235.314,11.769,2.25,0.022,0.029,1.194,,,2026-07-26 02:25:24
浙江省,浙闽片河流,北湖中心,2026-07-26 01:00,6,31.66,7.38,1.82,130.31,19.81,6.29,0.034,0.057,1.089,0.00869,319365.1,2026-07-26 02:25:24
浙江省,浙闽片河流,长汀,2026-07-26 02:00,6,32.79,9.03,8.93,177.63,3.15,1.36,0.01,0.021,1.994,,,2026-07-26 02:25:24
浙江省,浙闽片河流,菁江渡,2026-07-26 02:00,4,33.12,7.15,3.22,232.04,33.28,4.88,0.162,0.105,2.775,,,2026-07-26 02:25:24
浙江省,浙闽片河流,梁桥,2026-07-26 02:00,2,30.54,7.61,8.86,112.93,1.46,1.32,0.007,0.046,1.807,,,2026-07-26 02:25:24
浙江省,浙闽片河流,四灶浦闸,2026-07-26 02:00,3,31.22,8.36,5.3,3876.23,5.73,5.63,0.014,0.046,0.838,,,2026-07-26 02:25:24
浙江省,浙闽片河流,小旦,2026-07-26 02:00,2,27.8735,6.49,7.05,77.48361,25.86684,1.09,0.048,0.042,1.447225,,,2026-07-26 02:25:24
浙江省,浙闽片河流,龙湾,2026-07-26 02:00,5,29.53,8.01,5.86,20910,315.6,2.88,0.588,0.381,9.542,,,2026-07-26 02:25:24
浙江省,浙闽片河流,大荆,2026-07-26 02:00,2,30.37,6.77,6.96,63.42,12.88,0.58,0.018,0.015,0.689,,,2026-07-26 02:25:24
浙江省,浙闽片河流,蒲岐,2026-07-26 02:00,4,31.47,7.04,4.24,196.3,36.65,2.22,0.15,0.13,2.00966,,,2026-07-26 02:25:24
浙江省,浙闽片河流,沙头,2026-07-26 02:00,1,30.09,7.42,8.06,47.447,2.989,1.61,0.042,0.012,0.627,,,2026-07-26 02:25:24
浙江省,浙闽片河流,清水埠,2026-07-26 02:00,4,31.01,8.42,4.64,157.63,848.38,1.36,0.016,0.08,1.532,,,2026-07-26 02:25:24
浙江省,浙闽片河流,江口渡,2026-07-26 02:00,3,30.56,7.7,5.13,30140,269.3,1.41,0.128,0.078,2.298,,,2026-07-26 02:25:24
浙江省,浙闽片河流,第三农业站,2026-07-26 02:00,5,34.54,7.89,3.81,24860.2,221.15,13.02,0.222,0.056,1.512,,,2026-07-26 02:25:24
浙江省,太湖流域,王江泾,2026-07-26 02:00,4,32.93,7.36,4.53,503.85,24.68,4.65,0.093,0.111,2.516,,,2026-07-26 02:25:24
浙江省,太湖流域,湘家荡,2026-07-26 02:00,3,31.48,7.71,6.29,610.63,16.57,2.74,0.05,0.112,0.687,,,2026-07-26 02:25:24
浙江省,太湖流域,池家浜水文站,2026-07-26 02:00,4,33.4432,7.12,4.49,431.02,23.1184,5.02,0.056,0.098,1.865,,,2026-07-26 02:25:24
浙江省,太湖流域,长山闸一号桥,2026-07-26 02:00,5,32.6858,7.16,2.43,433.78,24.1405,5.23,0.33,0.18,3.321,,,2026-07-26 02:25:24
浙江省,太湖流域,南台头闸一号桥,2026-07-26 02:00,6,31.31,7.08,0.85,519.6,22.01,5.7,0.469,0.185,3.432,,,2026-07-26 02:25:24
浙江省,太湖流域,上塘河排涝闸,2026-07-26 02:00,5,30.75,6.87,2.52,450.16,31.27,5.24,0.216,0.218,2.36,,,2026-07-26 02:25:24
浙江省,太湖流域,盐官排涝枢纽,2026-07-26 02:00,4,29.75,7.17,3.11,421.1,17.91,3.84,0.361,0.173,3.237,,,2026-07-26 02:25:24
浙江省,太湖流域,卫八路桥,2026-07-26 01:00,4,31.99,7.26,3.56,515.578,41.226,6.02,0.403,0.155,4.308,,,2026-07-26 02:25:24
浙江省,太湖流域,漕廊公路桥,2026-07-26 01:00,5,31.95337,7.27,2.53,546.5499,27.81592,7.74,1.407,0.226,4.18923,,,2026-07-26 02:25:24
浙江省,太湖流域,朱枫公路桥,2026-07-26 02:00,5,32.07,7.15,2.7,478.57,48.28,4.8,0.259,0.119,2.414,,,2026-07-26 02:25:24
浙江省,太湖流域,枫南大桥,2026-07-26 02:00,5,32.5807,7.22,2.49,488.55,39.6358,5.54,0.278,0.212,2.552,,,2026-07-26 02:25:24
浙江省,太湖流域,青阳汇,2026-07-26 02:00,6,32.09,7.23,1.86,434.5,59.46,6.04,0.92,0.181,3.676,,,2026-07-26 02:25:24
浙江省,太湖流域,小新村,2026-07-26 02:00,5,32.09,7.2,2.7,466.1,31.29,6.16,0.504,0.195,3.361,,,2026-07-26 02:25:24
浙江省,太湖流域,新港口,2026-07-26 01:00,2,32.88,8.07,6.44,287.71,71.69,3.89,0.095,0.068,1.32,0.0633,,2026-07-26 02:25:24
浙江省,太湖流域,大钱,2026-07-26 01:00,2,31.79,8.86,7.29,247.6217,64.0451,3.93,0.084,0.058,1.55718,,,2026-07-26 02:25:24
浙江省,太湖流域,南浔,2026-07-26 02:00,4,32.97,7.23,3.63,354.8,36.4,3.93,0.177,0.117,2.903,,,2026-07-26 02:25:24
浙江省,太湖流域,城西大桥,2026-07-26 02:00,4,31.2,6.9,4.66,204.24,17.82,2.03,0.044,0.039,2.643,,,2026-07-26 02:25:24
浙江省,太湖流域,汤溇,2026-07-26 01:00,2,32.21,8.79,6.83,259.3201,31.8684,3.59,0.075,0.042,1.453,,,2026-07-26 02:25:24
浙江省,太湖流域,塘浦,2026-07-26 02:00,2,27.15,7.45,6.73,113.16,5.56,1.59,0.03,0.025,1.205,,,2026-07-26 02:25:24
浙江省,太湖流域,荆湾,2026-07-26 02:00,4,29.74,6.38,4.78,186.75,5.12,1.85,0.057,0.026,2.097,,,2026-07-26 02:25:24
浙江省,太湖流域,铁路桥,2026-07-26 02:00,4,31.85,6.38,4.44,186.87,0.5,2.06,0.059,0.039,2.248,,,2026-07-26 02:25:24
浙江省,太湖流域,小梅口,2026-07-26 02:00,3,33.17,8.21,5.63,346.2,54.81,4.73,0.024,0.071,0.994,,,2026-07-26 02:25:24
浙江省,太湖流域,杨家浦,2026-07-26 02:00,3,32.96776,7.67,5.22,405.8492,34.71969,3.72,0.009,0.079,1.917038,,,2026-07-26 02:25:24
浙江省,太湖流域,新塘,2026-07-26 02:00,4,32.89,7.52,4.64,419.6,40.19,3.72,0.078,0.068,1.719,,,2026-07-26 02:25:24
浙江省,太湖流域,合溪,2026-07-26 02:00,4,32.88,7.4,4.62,405,39.41,4.02,0.193,0.036,1.724,,,2026-07-26 02:25:24
浙江省,浙闽片河流,曹娥江大闸闸前,2026-07-26 02:00,6,30.887,9.6,11.75,290.116,22.568,5.9,0.041,0.088,1.994,,,2026-07-26 02:25:24
浙江省,浙闽片河流,屠家埠,2026-07-26 02:00,2,32.135,7.79,7.98,153.197,10.059,3.18,0.052,0.078,2.629,,,2026-07-26 02:25:24
浙江省,浙闽片河流,葛山头,2026-07-26 01:00,4,31.45,6.66,3.09,170.33,16.67,2.83,0.03,0.07,2.684,,,2026-07-26 02:25:24
浙江省,浙闽片河流,湄池,2026-07-26 02:00,4,33.33,7.18,4.13,318.4,41.37,4.21,0.05,0.136,2.673,,,2026-07-26 02:25:24
浙江省,浙闽片河流,王家泾,2026-07-26 02:00,4,33.06,6.93,4.05,258.91,18.99,6.01,0.283,0.076,1.222,,,2026-07-26 02:25:24
浙江省,浙闽片河流,汤曹汇合口,2026-07-26 02:00,2,31.34,7.23,6.38,189.53,15.69,2.36,0.053,0.062,2.892,,,2026-07-26 02:25:24
浙江省,浙闽片河流,义东桥,2026-07-26 02:00,3,31.123,7.2,6.33,450.215,31.262,4.32,0.056,0.152,3.707,,,2026-07-26 02:25:24
浙江省,浙闽片河流,塔下洲,2026-07-26 02:00,3,32.92,8.57,12,519.66,45.875,5.9,0.09,0.126,3.077,,,2026-07-26 02:25:24
浙江省,浙闽片河流,东关桥,2026-07-26 02:00,4,32.896,7.29,4.57,452.687,30.609,3.84,0.066,0.162,2.832,,,2026-07-26 02:25:24
浙江省,浙闽片河流,费垅,2026-07-26 02:00,3,31.73,7.47,7.58,332.762,17.437,3.37,0.166,0.161,2.7743,,,2026-07-26 02:25:24
浙江省,浙闽片河流,台口,2026-07-26 02:00,2,29.37,7.68,6.52,129.089,11.207,1.66,0.028,0.054,1.3413,,,2026-07-26 02:25:24
浙江省,浙闽片河流,南江桥,2026-07-26 02:00,3,31,7.71,5,368.662,5.511,3.25,0.027,0.115,2.1567,,,2026-07-26 02:25:24
浙江省,浙闽片河流,横山,2026-07-26 02:00,2,30.84,7.47,7.22,171.802,3.835,1.45,0.02,0.023,1.2285,,,2026-07-26 02:25:24
浙江省,浙闽片河流,章店,2026-07-26 02:00,3,31.69,8.82,5.64,268.858,6.276,4.87,0.071,0.162,2.0631,,,2026-07-26 02:25:24
浙江省,浙闽片河流,浮石渡,2026-07-26 02:00,2,31.88,8.04,6.79,189.07,5.53,1.49,0.018,0.038,1.382,,,2026-07-26 02:25:24
浙江省,浙闽片河流,双港口,2026-07-26 02:00,3,31.48,7.36,5.99,165.62,14.78,2.54,0.017,0.078,1.64,,,2026-07-26 02:25:24
浙江省,浙闽片河流,郑家,2026-07-26 02:00,2,27.28,6.59,7.04,75.67,22.98,1.68,0.035,0.045,1.461,,,2026-07-26 02:25:24
浙江省,浙闽片河流,下界首,2026-07-26 02:00,2,28.77,7.33,6.99,171.789,3.09,0.96,0.014,0.019,1.384,,,2026-07-26 02:25:24
浙江省,浙闽片河流,下童,2026-07-26 02:00,3,29.42,7.23,5.88,184.79,11.33,1.5,0.05,0.041,1.524,,,2026-07-26 02:25:24
浙江省,浙闽片河流,东迹渡,2026-07-26 02:00,3,25.2,6.64,5.5,46.51,8.61,0.78,0.019,0.024,1.139,,,2026-07-26 02:25:24
浙江省,长江流域,苏庄,2026-07-26 01:00,2,29.57298,7.16,7.09,56.59656,3.75879,1.29,0.012,0.029,0.60225,,,2026-07-26 02:25:24
浙江省,浙闽片河流,老鼠屿,2026-07-26 02:00,2,31.45,7.44,7.55,,,2.65,0.016,0.063,1.184,,,2026-07-26 02:25:24
浙江省,浙闽片河流,金清新闸,2026-07-26 02:00,4,29.99,7.37,4.52,1259.39,27.163,4.46,0.171,0.152,2.3626,,,2026-07-26 02:25:24
浙江省,浙闽片河流,里石门水库,2026-07-26 02:00,2,31.61,,11.02,73.607,3.015,3,0.004,0.015,0.5769,0.00888,1679761,2026-07-26 02:25:24
浙江省,浙闽片河流,温峤,2026-07-26 02:00,3,31.057,7.75,6.26,338.698,24.652,3.58,0.143,0.141,2.558,,,2026-07-26 02:25:24
浙江省,浙闽片河流,永宁江口,2026-07-26 02:00,6,31.95,9.11,9.64,136.701,40.399,3.37,0.053,0.099,1.5198,,,2026-07-26 02:25:24
浙江省,浙闽片河流,沙段,2026-07-26 02:00,2,31.08,7.14,6.75,119.911,5.591,3,0.043,0.056,1.6743,,,2026-07-26 02:25:24
浙江省,浙闽片河流,柏枝岙,2026-07-26 02:00,2,30.501,6.93,7.39,105.44,9.883,1.13,0.015,0.037,1.729,,,2026-07-26 02:25:24
浙江省,浙闽片河流,均溪,2026-07-26 02:00,1,27.12,7.95,7.83,,1.78,1.63,0.027,0.012,0.635,,,2026-07-26 02:25:24
浙江省,浙闽片河流,风化,2026-07-26 02:00,2,30.26,7.49,7.21,105.2,8.39,1.69,0.058,0.058,1.536,,,2026-07-26 02:25:24
浙江省,浙闽片河流,堰后,2026-07-26 02:00,2,31.44,7.29,7.28,158.5,3.4,2.14,0.034,0.056,2.108,,,2026-07-26 02:25:24
浙江省,浙闽片河流,沙湾上,2026-07-26 02:00,1,24.81,7.24,8.65,28.94,3.104,1.31,0.093,0.011,0.353,,,2026-07-26 02:25:24
浙江省,浙闽片河流,小溪口,2026-07-26 02:00,1,24.62,7.08,7.63,38.133,7.364,1.41,,0.013,0.4877,,,2026-07-26 02:25:24
安徽省,巢湖流域,三胜大队渡口,2026-07-26 01:00,3,31.45,8.62,10.94,373.853,28.9006,4.68,0.056,0.076,0.5139,,,2026-07-26 02:25:24
安徽省,巢湖流域,兆河入湖口渡口,2026-07-26 02:00,4,32.9,7.48,10.28,288.239,19.2414,6.63,0.469,0.047,3.1165,,,2026-07-26 02:25:24
安徽省,巢湖流域,牛角大圩,2026-07-26 02:00,6,29.74,7.18,1.47,434.556,42.1677,4.98,0.128,0.131,2.434,,,2026-07-26 02:25:24
安徽省,巢湖流域,北闸渡口,2026-07-26 01:00,3,29.075,6.66,6.12,192.374,46.749,4.82,0.648,0.097,3.323,,,2026-07-26 02:25:24
安徽省,巢湖流域,希望桥,2026-07-26 02:00,4,30.7,7.24,3.16,507.2,7.3,3.37,1.001,0.142,4.377,,,2026-07-26 02:25:24
安徽省,巢湖流域,石堆渡口,2026-07-26 01:00,5,29.46,6.57,2.71,213.9648,23.5755,5.38,0.396,0.074,2.7958,,,2026-07-26 02:25:24
安徽省,巢湖流域,柘皋大桥,2026-07-26 01:00,4,32.55,7.5,7.71,326.712,39.8852,6.32,0.053,0.076,1.9499,,,2026-07-26 02:25:24
安徽省,巢湖流域,湖滨,2026-07-26 02:00,5,31.17,,11.33,308.26,40.05,4.56,,0.11,0.942,0.0101,1.806801,2026-07-26 02:25:24
安徽省,巢湖流域,黄麓,2026-07-26 02:00,3,31.4,,11.73,390.34,11.954,4.93,,0.043,0.471,0.00625,4195014,2026-07-26 02:25:24
安徽省,巢湖流域,三河镇大桥,2026-07-26 01:00,6,29.64,6.57,1.22,319.6382,41.17,6.3,0.778,0.19,3.401,,,2026-07-26 02:25:24
安徽省,巢湖流域,三河镇新大桥,2026-07-26 01:00,4,30.64,6.93,4.75,123.3,10.76,3.51,0.162,0.076,2.191,,,2026-07-26 02:25:24
安徽省,巢湖流域,施口,2026-07-26 01:00,6,29.5,7.03,1.13,401.8067,34.7128,5.92,1.456,0.199,4.865,,,2026-07-26 02:25:24
安徽省,巢湖流域,靠近大坝,2026-07-26 02:00,2,31.57,6.35,7.58,162.01,5.33,2.8,,0.016,0.588,0.00939,4359300,2026-07-26 02:25:24
安徽省,巢湖流域,新河入湖区,2026-07-26 02:00,4,29.23,6.83,7.05,172.89,12.61,5.01,0.398,0.065,1.998,0.01066,1.733038,2026-07-26 02:25:24
安徽省,巢湖流域,西半湖湖心,2026-07-26 02:00,5,31.85,,13.75,377.09,39.18,7.81,,0.104,0.875,0.00669,4.329818,2026-07-26 02:25:24
安徽省,巢湖流域,龟山,2026-07-26 02:00,3,32.12,8.58,10.2,428.6,14.66,3.45,,0.031,0.23,0.00519,5946530,2026-07-26 02:25:24
安徽省,巢湖流域,东半湖湖心,2026-07-26 02:00,3,31.712,,10.94,429.721,12.592,5.13,,0.038,0.554,0.0047,1.679884,2026-07-26 02:25:24
安徽省,巢湖流域,忠庙,2026-07-26 02:00,4,30.32,,13.14,263.16,56.45,6.84,,0.067,0.975,0.01162,2.44382,2026-07-26 02:25:24
安徽省,巢湖流域,兆河入湖区,2026-07-26 02:00,5,30.98,,15.56,328.89,50.07,10.92,,0.053,1.118,0.00692,2.932276,2026-07-26 02:25:24
安徽省,巢湖流域,双桥河入湖口,2026-07-26 01:00,2,31.95,7.92,14.29,416.3142,29.5941,3.82,0.04,0.054,1.4661,,,2026-07-26 02:25:24
安徽省,长江流域,东西梁山,2026-07-26 01:00,3,30.23,7.76,5.55,246.1296,43.9989,2,0.096,0.081,1.6224,,,2026-07-26 02:25:24
安徽省,长江流域,宝塔根,2026-07-26 01:00,3,28.79,7.21,5.98,152.5122,30.1142,2.95,0.122,0.055,1.5386,,,2026-07-26 02:25:24
安徽省,巢湖流域,裕溪口,2026-07-26 01:00,3,30.47,7.6,5.58,379.9348,44.6747,4.49,0.128,0.077,1.1872,,,2026-07-26 02:25:24
安徽省,长江流域,荻港,2026-07-26 01:00,4,30.11,7.33,4.23,330.5,16.3416,3.78,0.096,0.081,1.8318,,,2026-07-26 02:25:24
安徽省,长江流域,澛港桥,2026-07-26 01:00,2,28.99,7.41,7.7,173.7273,17.4041,3.9,0.041,0.051,1.764,,,2026-07-26 02:25:24
安徽省,长江流域,西河入裕溪河口,2026-07-26 01:00,5,31.2,6.74,2.35,275.04,26.2515,4.68,0.143,0.056,1.6506,,,2026-07-26 02:25:24
安徽省,淮河流域,沫河口,2026-07-26 01:00,4,28.73,7.1,3.86,373.3063,27.31,4.44,0.044,0.132,1.688,,,2026-07-26 02:25:24
安徽省,淮河流域,五河,2026-07-26 01:00,4,29.79,8.27,7.62,953.4658,19.88795,6.05,0.039,0.099,1.81268,,,2026-07-26 02:25:24
安徽省,淮河流域,湖沟,2026-07-26 01:00,6,29.39272,7.89,0.19,1861.162,17.38115,4.75,0.098,0.092,0.69636,,,2026-07-26 02:25:24
安徽省,淮河流域,石头埠,2026-07-26 01:00,4,30.32,7.22,4.85,257.3046,23.49103,2.84,0.054,0.066,1.18969,,,2026-07-26 02:25:24
安徽省,淮河流域,鲁台孜,2026-07-26 01:00,3,29.5,7.27,5.43,255.8403,32.47768,2.83,0.044,0.07,1.2029,,,2026-07-26 02:25:24
安徽省,淮河流域,西淝河闸下,2026-07-26 01:00,3,30.52258,8.34,8.14,880.9659,9.21105,5.5,0.032,0.041,1.1178,,,2026-07-26 02:25:24
安徽省,淮河流域,新城口,2026-07-26 01:00,4,30.57044,7.4,3.23,405.3852,23.41405,3.67,0.003,0.07,1.82723,,,2026-07-26 02:25:24
安徽省,淮河流域,焦岗湖,2026-07-26 02:00,3,30.75,8.72,9.73,626.44,22.31,5.24,0.017,0.028,0.481,0.00772,6928156,2026-07-26 02:25:24
安徽省,淮河流域,大店岗,2026-07-26 01:00,2,29.34,6.53,6.99,130.776,24.46569,2.94,0.04,0.057,2.01705,,,2026-07-26 02:25:24
安徽省,淮河流域,五里闸,2026-07-26 01:00,4,30.03,7.22,4.37,297.4546,48.89799,4.76,0.057,0.046,1.27067,,,2026-07-26 02:25:24
安徽省,淮河流域,白洋淀渡口,2026-07-26 01:00,5,29.92427,6.93,2.28,306.7462,52.57641,6.05,0.267,0.125,3.89739,,,2026-07-26 02:25:24
安徽省,长江流域,三兴村,2026-07-26 01:00,3,29.89,7.53,5.52,258.9338,50.80606,2.1,0.049,0.057,2.344,,,2026-07-26 02:25:24
安徽省,长江流域,姑溪河大桥,2026-07-26 01:00,3,31.454,7.49,6.71,244.0797,29.1961,4.08,,0.064,1.088,,,2026-07-26 02:25:24
安徽省,长江流域,当涂查湾,2026-07-26 01:00,4,31.7,7,4.68,214.1065,24.6488,3.75,,0.075,1.449,,,2026-07-26 02:25:24
安徽省,长江流域,雨山河下游,2026-07-26 01:00,4,30.9407,7.35,4.14,659.3257,15.0807,3.4,0.609,0.172,5.6759,,,2026-07-26 02:25:24
安徽省,淮河流域,小王桥,2026-07-26 02:00,3,31.12,8.07,11.86,1541.68,11.29,4.57,0.006,0.063,1.446,,,2026-07-26 02:25:24
安徽省,淮河流域,后常桥,2026-07-26 01:00,4,31.34667,8.82,11.22,1438.24,33.31424,6.96,0.043,0.095,1.13482,,,2026-07-26 02:25:24
安徽省,淮河流域,李大桥闸,2026-07-26 01:00,4,30.95,8.61,5.32,1391.23,6.41,6.4,0.044,0.053,0.6288,,,2026-07-26 02:25:24
安徽省,长江流域,顺安河入江口,2026-07-26 01:00,2,28.04116,7.3,8,417.6692,14.10862,3.8,0.022,0.038,1.5242,,,2026-07-26 02:25:24
安徽省,长江流域,陈家墩,2026-07-26 01:00,3,29.95,7.76,5.66,248.6144,37.1722,1.7,0.057,0.06,1.79424,,,2026-07-26 02:25:24
安徽省,长江流域,枞阳大闸,2026-07-26 01:00,3,30.05,7.42,6.78,151.1617,57.67278,4.13,0.003,0.051,1.32567,,,2026-07-26 02:25:24
安徽省,长江流域,武昌湖,2026-07-26 01:00,3,31.1,8.57,9.64,172.0543,3.62027,4.19,0.002,0.032,0.59687,0.01211,5715013,2026-07-26 02:25:24
安徽省,长江流域,前江口,2026-07-26 01:00,3,29.72975,7.36,5.75,246.4165,27.6268,1.98,0.051,0.048,2.06605,,,2026-07-26 02:25:24
安徽省,长江流域,花亭湖坝前,2026-07-26 01:00,2,31.46663,,9.47,89.0942,3.68954,2.45,0.009,0.017,0.62132,0.00685,582697.4,2026-07-26 02:25:24
安徽省,长江流域,华阳河入江口,2026-07-26 01:00,3,30.9,7.5,5.08,283.7213,17.34775,4.85,0.081,0.065,0.90532,,,2026-07-26 02:25:24
安徽省,浙闽片河流,篁墩,2026-07-26 01:00,4,27.21593,7.01,4.61,86.5218,9.35615,,0.067,0.044,1.1146,,,2026-07-26 02:25:24
安徽省,浙闽片河流,率水大桥,2026-07-26 01:00,2,22.74821,7.43,9.58,,337.6775,1.17,0.006,0.032,,,,2026-07-26 02:25:24
安徽省,浙闽片河流,浦口,2026-07-26 01:00,3,31.84,8.61,5.15,248.2764,5.83531,1.88,0.002,0.048,1.14635,,,2026-07-26 02:25:24
安徽省,长江流域,太平湖湖心,2026-07-26 02:00,2,31.76,,11.72,98.91,5.22,3.07,,0.019,0.487,0.01045,8299638,2026-07-26 02:25:24
安徽省,浙闽片河流,新管,2026-07-26 01:00,2,30.35777,8.84,8.76,210.0572,2.85153,2.14,0.006,0.028,1.09144,,,2026-07-26 02:25:24
安徽省,淮河流域,天长化工厂,2026-07-26 01:00,6,29.73,6.97,1.2,464.8774,111.52,7.98,0.242,0.145,2.7071,,,2026-07-26 02:25:24
安徽省,淮河流域,公路桥,2026-07-26 01:00,4,30.22,6.99,4.06,407.1955,67.2984,6.62,0.205,0.149,2.3569,,,2026-07-26 02:25:24
安徽省,淮河流域,小柳巷,2026-07-26 01:00,4,29.51,6.96,4.44,441.96,44.271,3.76,0.008,0.138,1.963,,,2026-07-26 02:25:24
安徽省,长江流域,水口,2026-07-26 01:00,6,29.48,7.3,5.62,384.2324,147.9359,14.62,1.758,2.227,11.0754,,,2026-07-26 02:25:24
安徽省,长江流域,乌衣下,2026-07-26 01:00,4,29.38,6.95,3.68,270.5159,63.4226,9.67,0.331,0.146,1.014,,,2026-07-26 02:25:24
安徽省,长江流域,襄河大桥,2026-07-26 01:00,4,30.46,7.29,3.62,488.4677,65.7049,7.62,0.663,0.176,,,,2026-07-26 02:25:24
安徽省,长江流域,清流河口,2026-07-26 01:00,6,29.69571,7.24,4.95,347.994,149.5836,7.85,0.042,0.503,1.67209,,,2026-07-26 02:25:24
安徽省,淮河流域,阜阳段下,2026-07-26 01:00,4,31.20112,7.74,4.99,899.715,8.48512,2.96,0.038,0.08,2.62821,,,2026-07-26 02:25:24
安徽省,淮河流域,杨湖,2026-07-26 01:00,3,30.97677,8.22,8.06,758.1336,11.16737,3.75,0.026,0.166,1.9043,,,2026-07-26 02:25:24
安徽省,淮河流域,张大桥,2026-07-26 01:00,3,34.32,8.53,9.52,1157.65,12.23,5.92,0.058,0.052,0.7935,,,2026-07-26 02:25:24
安徽省,淮河流域,王家坝,2026-07-26 01:00,4,31.392,8.02,4.28,262.2,20.03,4.19,0.099,0.087,1.704,,,2026-07-26 02:25:24
安徽省,淮河流域,界首七渡口,2026-07-26 01:00,4,32.06,7.38,4.78,763.1,17.06,2.82,0.074,0.12,1.945,,,2026-07-26 02:25:24
安徽省,淮河流域,阜南,2026-07-26 01:00,3,30.81,7.72,7.14,688.2331,2.7481,5.32,0.008,0.138,0.77627,,,2026-07-26 02:25:24
安徽省,淮河流域,阜阳段上游,2026-07-26 01:00,4,29.11268,7.6,4.68,833.2922,29.98601,2.49,0.017,0.09,2.66063,,,2026-07-26 02:25:24
安徽省,淮河流域,奎河苏皖省界,2026-07-26 01:00,4,30.36,7.22,5.11,854.8,29.6,6.84,0.524,0.227,4.631,,,2026-07-26 02:25:24
安徽省,淮河流域,东坪集,2026-07-26 01:00,3,31.27,8.4,6.85,2095.393,20.50352,5.62,0.064,0.086,0.98371,,,2026-07-26 02:25:24
安徽省,淮河流域,符离闸,2026-07-26 01:00,4,30.86456,7.68,6.64,1023.411,13.00826,6.71,0.044,0.163,1.76863,,,2026-07-26 02:25:24
安徽省,淮河流域,芦岭桥,2026-07-26 01:00,3,31.31,8.2,8.28,1434.692,12.42,4.69,0.033,0.097,1.6931,,,2026-07-26 02:25:24
安徽省,淮河流域,工农兵大桥,2026-07-26 01:00,3,31.52446,8.17,8.53,290.951,19.62794,4.71,0.021,0.057,0.85,,,2026-07-26 02:25:24
安徽省,淮河流域,陶洪集,2026-07-26 01:00,2,25.23939,7.41,8.37,86.24985,22.41789,2.3,0.041,0.04,1.91901,,,2026-07-26 02:25:24
安徽省,淮河流域,东湖闸,2026-07-26 01:00,6,31.24,9.28,6.39,265.8828,22.97268,4.7,0.025,0.038,0.71987,,,2026-07-26 02:25:24
安徽省,淮河流域,新安渡口,2026-07-26 01:00,2,26.85,7.49,8.45,108.2902,15.67566,2.55,0.049,0.046,1.48927,,,2026-07-26 02:25:24
安徽省,淮河流域,响洪甸水库出水口,2026-07-26 01:00,4,17.17,6.75,4.79,73.32439,1.52424,1.69,0.004,0.007,1.06772,,,2026-07-26 02:25:24
安徽省,淮河流域,丁埠大桥,2026-07-26 01:00,2,27.35838,7.39,8.21,78.39523,25.05863,3.02,0.002,0.065,1.142,,,2026-07-26 02:25:24
安徽省,巢湖流域,将军宕大桥,2026-07-26 01:00,3,28.98,6.53,5.2,108.769,20.318,2.92,0.054,0.053,1.386,,,2026-07-26 02:25:24
安徽省,淮河流域,固始李畈,2026-07-26 01:00,2,28.62,7.1,7.03,179.9508,5.76706,2.23,0.008,0.034,1.17823,,,2026-07-26 02:25:24
安徽省,淮河流域,龙亢,2026-07-26 00:00,5,29.32,7.83,2.83,1518.99,29.79,3.86,0.027,0.098,1.2448,,,2026-07-26 02:25:24
安徽省,淮河流域,涡阳义门大桥,2026-07-26 01:00,3,31.93,8.26,18.4,1397.153,15.607,5.18,0.02,0.074,0.8984,,,2026-07-26 02:25:24
安徽省,淮河流域,利辛段,2026-07-26 01:00,3,32.33,8.79,11.22,689.51,7.53,5.03,0.045,0.049,0.68,,,2026-07-26 02:25:24
安徽省,长江流域,五步沟,2026-07-26 01:00,3,29.79,7.78,5.43,243.0576,48.85853,1.77,0.047,0.047,2.07381,,,2026-07-26 02:25:24
安徽省,长江流域,张溪,2026-07-26 01:00,1,30.34,7.83,8.39,221.5496,13.98114,1.23,0.005,0.019,1.30071,,,2026-07-26 02:25:24
安徽省,长江流域,青通河河口,2026-07-26 01:00,3,29.83143,8.51,8.46,197.5003,8.3291,4.28,0.023,0.072,1.45925,,,2026-07-26 02:25:24
安徽省,长江流域,秋浦河入江口,2026-07-26 01:00,2,30.61636,8.4,10.72,204.7896,13.3725,2.62,0.006,0.039,0.9865,,,2026-07-26 02:25:24
安徽省,长江流域,东流,2026-07-26 01:00,2,31.38,8.74,10.55,115.2421,16.85711,2.98,0.023,0.034,1.19796,,,2026-07-26 02:25:24
安徽省,长江流域,南漪湖西湖湖心,2026-07-26 02:00,4,32.48,,10,192.03,8.81,5.57,0.008,0.06,1.082,0.01177,8656882,2026-07-26 02:25:24
安徽省,太湖流域,殷桥,2026-07-26 01:00,4,30.9754,7.2,3.91,257.2173,20.57546,7.35,0.001,0.093,2.11499,,,2026-07-26 02:25:24
安徽省,长江流域,汪溪,2026-07-26 01:00,2,30.1,7.99,8.71,199.3834,11.7515,1.19,0.034,0.048,1.4917,,,2026-07-26 02:25:24
安徽省,长江流域,狮子口,2026-07-26 01:00,2,32.32,7.62,7.3,411.651,18.506,3.54,0.062,0.094,2.2521,,,2026-07-26 02:25:24
安徽省,长江流域,东村桥,2026-07-26 01:00,4,30.34001,7.46,3.66,489.9903,3.79952,3.99,0.133,0.089,2.99593,,,2026-07-26 02:25:24
安徽省,长江流域,水碧桥,2026-07-26 01:00,4,28.76,7.12,3.25,183.8325,21.93223,3.85,0.008,0.048,1.38942,,,2026-07-26 02:25:24
福建省,浙闽片河流,闽侯竹岐,2026-07-26 01:00,3,29.72,6.78,5.57,91.76,7.26,1.7,0.011,0.029,1.315,,,2026-07-26 02:25:24
福建省,浙闽片河流,闽安,2026-07-26 02:00,2,31.38,7.62,7.36,3119.06,108,2.27,0.069,0.049,1.751,,,2026-07-26 02:25:24
福建省,浙闽片河流,连江荷山渡口,2026-07-26 02:00,2,30.128,7.12,6.5,66.52,13.269,,0.017,0.058,0.855,,,2026-07-26 02:25:24
福建省,浙闽片河流,永泰横龙,2026-07-26 02:00,2,29.63,8.62,8.42,37.57,16.957,2.01,0.034,0.015,0.434,,,2026-07-26 02:25:24
福建省,浙闽片河流,闽清雄江,2026-07-26 02:00,2,31.67,8.27,7.36,107.611,2.53,2.08,0.029,0.016,1.126,,,2026-07-26 02:25:24
福建省,浙闽片河流,梅溪口,2026-07-26 02:00,2,29.73,7.32,6.93,124.16,8.11,2.49,0.02,0.092,1.18,,,2026-07-26 02:25:24
福建省,浙闽片河流,隘头潭,2026-07-26 02:00,2,29.44,6.31,6.36,181.435,1.756,1.82,0.05,0.057,0.3377,,,2026-07-26 02:25:24
福建省,浙闽片河流,园头桥,2026-07-26 02:00,3,30.34,6.74,6.21,101.81,30.42,1.93,0.086,0.142,3.554,,,2026-07-26 02:25:24
福建省,浙闽片河流,江口桥,2026-07-26 02:00,3,30.67,7.47,5.6,1805.46,19.16,1.89,0.065,0.098,1.31,,,2026-07-26 02:25:24
福建省,浙闽片河流,将乐万全,2026-07-26 02:00,4,27.464,6.81,3.75,62.698,0.535,1.87,0.029,0.021,0.954,,,2026-07-26 02:25:24
福建省,浙闽片河流,永安安砂水库下游,2026-07-26 02:00,4,26.413,6.58,3.79,85.73,2.572,1.56,0.036,0.03,1.167,,,2026-07-26 02:25:24
福建省,浙闽片河流,斑竹溪渡口,2026-07-26 02:00,3,29.921,7,5.36,186.344,13.071,2.7,0.011,0.078,1.895,,,2026-07-26 02:25:24
福建省,浙闽片河流,建宁袁庄,2026-07-26 02:00,3,29.695,6.81,5.33,114.019,0.84,1.84,0.034,0.057,2.167,,,2026-07-26 02:25:24
福建省,浙闽片河流,大田高才,2026-07-26 02:00,6,30.541,9.87,16.19,115.069,6.49,2.18,0.044,0.031,0.648,,,2026-07-26 02:25:24
福建省,浙闽片河流,尤溪拥口大桥,2026-07-26 02:00,5,29.37,6.88,2.68,124.497,11.485,2.81,0.236,0.03,1.4877,,,2026-07-26 02:25:24
福建省,浙闽片河流,南安康美桥,2026-07-26 02:00,2,28.84,7.16,6.67,138.553,6.251,2.11,0.163,0.094,2.1644,,,2026-07-26 02:25:24
福建省,浙闽片河流,永春东关桥,2026-07-26 02:00,4,29.78,6.71,4.72,150.9843,11.45529,1.73,0.076,0.077,2.496,,,2026-07-26 02:25:24
福建省,浙闽片河流,安溪罗内桥,2026-07-26 02:00,2,30.784,7.18,6.11,126.4,6.305,0.93,0.327,0.073,2.259,,,2026-07-26 02:25:24
福建省,浙闽片河流,南安霞东桥,2026-07-26 02:00,2,31.95,7.17,6,157.27,8.65,1.65,0.122,0.07,2.3321,,,2026-07-26 02:25:24
福建省,浙闽片河流,华安西陂,2026-07-26 02:00,3,29.19329,7.01,5.41,234.8248,15.48184,1.56,0.113,0.095,1.696,,,2026-07-26 02:25:24
福建省,浙闽片河流,南靖靖城桥,2026-07-26 02:00,2,29.34,6.62,6.35,146.1,9.07,1.72,0.077,0.053,4.542,,,2026-07-26 02:25:24
福建省,浙闽片河流,诏安澳子头,2026-07-26 02:00,3,29,6.93,5.57,104.803,5.926,2.62,0.162,0.173,1.7599,,,2026-07-26 02:25:24
福建省,浙闽片河流,浦南水文站,2026-07-26 02:00,2,29.22156,7.21,7.1,199.5,24.4,1.42,0.077,0.074,1.478,,,2026-07-26 02:25:24
福建省,浙闽片河流,南溪浮宫桥,2026-07-26 02:00,4,31.06,7.1,4.05,6243.479,41.634,2.78,0.171,0.091,3.0077,,,2026-07-26 02:25:24
福建省,浙闽片河流,上坂,2026-07-26 02:00,4,30.93,6.49,4.75,187.296,21.456,1.91,0.273,0.12,3.8409,,,2026-07-26 02:25:24
福建省,浙闽片河流,云霄高塘渡口,2026-07-26 02:00,3,28.6,6.76,5.18,154.913,9.543,1.63,0.113,0.097,5.7485,,,2026-07-26 02:25:24
福建省,浙闽片河流,水汾桥,2026-07-26 02:00,2,30.46,7.1,6.43,237.33,5.86,2.12,0.066,0.058,1.675,,,2026-07-26 02:25:24
福建省,浙闽片河流,十里庵,2026-07-26 02:00,3,30.27,6.75,5.75,119.55,11.05,1.6,0.046,0.067,1.569,,,2026-07-26 02:25:24
福建省,浙闽片河流,邵武晒口桥,2026-07-26 02:00,2,29.41,7.12,7.45,82.22,11.29,1.74,0.01,0.048,1.192,,,2026-07-26 02:25:24
福建省,浙闽片河流,武夷山兴田,2026-07-26 01:00,2,30.12179,6.73,6.11,44.16029,9.45681,1.57,0.014,0.031,0.70591,,,2026-07-26 02:25:24
福建省,浙闽片河流,建瓯蓬墩,2026-07-26 02:00,3,31.18,6.81,5.82,64.46,8.32,1.83,0.117,0.038,1.443,,,2026-07-26 02:25:24
福建省,浙闽片河流,浪石,2026-07-26 02:00,2,30.655,6.84,6.62,114.874,2.99,1.78,0.075,0.053,1.412,,,2026-07-26 02:25:24
福建省,浙闽片河流,将乐樟应,2026-07-26 02:00,2,30.48053,7.46,8.14,83.142,3.17284,2.49,0.018,0.016,0.849,,,2026-07-26 02:25:24
福建省,浙闽片河流,政和西津,2026-07-26 01:00,2,30.568,7.16,6.31,90.592,39.308,2.75,0.086,0.09,1.674,,,2026-07-26 02:25:24
福建省,浙闽片河流,雁石桥,2026-07-26 02:00,2,27.54,7.52,7.57,307.371,37.129,1.48,0.031,0.073,1.642,,,2026-07-26 02:25:24
福建省,珠江流域,长汀美西桥,2026-07-26 02:00,2,28.22,7.04,6.95,135.686,6.245,1.74,0.118,0.098,1.3036,,,2026-07-26 02:25:24
福建省,浙闽片河流,福安赛岐,2026-07-26 02:00,4,30.84,7.07,4.81,4483.57,8.24,2.82,0.031,0.07,1.912,,,2026-07-26 02:25:24
福建省,浙闽片河流,福安白塔,2026-07-26 01:00,2,29.762,7.33,6.31,51.11,8.6,1.59,0.035,0.07,1.234,,,2026-07-26 02:25:24
福建省,浙闽片河流,福安洪口,2026-07-26 02:00,2,29.2,7.37,7,62.45,7.26,1.19,0.022,,1.399,,,2026-07-26 02:25:24
江西省,长江流域,周坊,2026-07-26 01:00,2,30.04,7.86,6.21,160.4844,10.56914,1.96,0.007,0.048,1.43198,,,2026-07-26 02:25:24
江西省,长江流域,大港,2026-07-26 02:00,4,31,6.68,4.86,173.6,27.31,2.29,0.082,0.07,1.427,,,2026-07-26 02:25:24
江西省,长江流域,新联,2026-07-26 02:00,3,31.24,6.55,5.71,180.21,16.44,4.52,0.051,0.052,1.8094,,,2026-07-26 02:25:24
江西省,长江流域,滁槎,2026-07-26 01:00,4,30.78,6.48,3.96,178.99,19.99,2.34,0.141,0.104,1.803,,,2026-07-26 02:25:24
江西省,长江流域,塔城,2026-07-26 02:00,2,33.7,8.67,9.52,102.47,18.12,2.59,0.024,0.042,1.606,,,2026-07-26 02:25:24
江西省,长江流域,昌邑,2026-07-26 02:00,3,29.95,7.87,5.63,173.72,18.44,2.54,0.046,0.072,1.826,,,2026-07-26 02:25:24
江西省,长江流域,八一桥,2026-07-26 02:00,2,31.88,7,6.86,153.12,16.581,3.21,0.242,0.081,1.4259,,,2026-07-26 02:25:24
江西省,长江流域,焦石坝,2026-07-26 02:00,2,30.76,7.36,8.41,108.23,19.1,2.91,,0.052,1.6319,,,2026-07-26 02:25:24
江西省,长江流域,戴村,2026-07-26 02:00,2,31.008,7.58,7.96,224.659,22.87,1.45,0.022,0.029,0.734,,,2026-07-26 02:25:24
江西省,长江流域,南河河口,2026-07-26 02:00,2,30.15,6.87,6.62,149.09,13.18,1.27,,0.047,1.608,,,2026-07-26 02:25:24
江西省,长江流域,镇埠,2026-07-26 02:00,1,27.52,6.88,8.48,61.4,1.46,0.96,,0.015,0.709,,,2026-07-26 02:25:24
江西省,长江流域,龙山口,2026-07-26 02:00,2,29.83,8.38,7.32,294.823,7.478,2.22,0.052,0.051,0.7876,,,2026-07-26 02:25:24
江西省,长江流域,桐车湾,2026-07-26 02:00,4,31.22,7.73,4.38,338.521,15.184,4.08,0.166,0.163,1.8899,,,2026-07-26 02:25:24
江西省,长江流域,金鱼石,2026-07-26 02:00,3,31.33,7.39,5.15,327.64,3.18,2.17,0.033,0.104,1.946,,,2026-07-26 02:25:24
江西省,长江流域,邓家洲,2026-07-26 01:00,2,31.36,7.81,7.54,475.78,8.02458,1.91,0.067,0.079,1.6421,,,2026-07-26 02:25:24
江西省,长江流域,吴城修河,2026-07-26 02:00,2,28.202,7,7.37,100,16.03,1.96,0.016,0.03,1.0985,,,2026-07-26 02:25:24
江西省,长江流域,姚港,2026-07-26 02:00,2,29.08,7.53,6.47,322.91,17.14,1.85,0.066,0.074,1.336,,,2026-07-26 02:25:24
江西省,长江流域,湖口,2026-07-26 02:00,2,28.5086,7.72,6.29,299.71,47.24,1.81,0.007,0.077,1.938,,,2026-07-26 02:25:24
江西省,长江流域,蛤蟆石,2026-07-26 02:00,3,30.54,6.76,6.92,123.19,10.7,2.94,0.008,0.038,1.324,0.00213,223010.6,2026-07-26 02:25:24
江西省,长江流域,都昌,2026-07-26 02:00,2,31.18,8.7,8.98,77.78,23.39,3.14,,0.021,0.684,0.07833,3.282,2026-07-26 02:25:24
江西省,长江流域,潦河河口,2026-07-26 02:00,2,30.4,6.78,7.19,86.16,34.638,2.17,0.041,0.056,1.4245,,,2026-07-26 02:25:24
江西省,长江流域,三都,2026-07-26 01:00,2,28.27,6.73,6.44,100.16,5.5,1.24,0.008,0.029,0.916,,,2026-07-26 02:25:24
江西省,长江流域,柘林湖坝上,2026-07-26 02:00,1,30.203,8.34,9.86,106.5,0.782,1.86,,0.009,0.778,,,2026-07-26 02:25:24
江西省,长江流域,洋港镇,2026-07-26 01:00,2,26.413,7.42,6.57,336.564,2.59,0.17,0.004,0.008,1.32699,,,2026-07-26 02:25:24
江西省,长江流域,修水界上桥,2026-07-26 01:00,3,31.83,8.87,5.47,122.0577,8.8587,2.74,0.008,0.129,2.21161,,,2026-07-26 02:25:24
江西省,长江流域,共青城寨下,2026-07-26 02:00,2,30.2,7.5,7.23,289.2,22.6,3.02,0.073,0.071,1.831,,,2026-07-26 02:25:24
江西省,长江流域,罗坊,2026-07-26 02:00,3,31.47,7.78,6.32,233.341,29.096,3.59,0.23,0.112,1.1412,,,2026-07-26 02:25:24
江西省,长江流域,孔目江江口,2026-07-26 02:00,2,30.25,7.73,6.58,259.581,19.249,3.5,0.08,0.07,1.3454,,,2026-07-26 02:25:24
江西省,长江流域,浮桥,2026-07-26 02:00,3,30.98,7.58,5.75,215.323,11.999,3.57,0.124,0.078,1.3086,,,2026-07-26 02:25:24
江西省,长江流域,傣家村,2026-07-26 02:00,3,31.41,8.72,7.29,186.281,6.8,4.03,0.092,0.032,1.0102,0.008,2.303968,2026-07-26 02:25:24
江西省,长江流域,炭埠周家,2026-07-26 01:00,2,31.5,6.77,6.71,123.55,4.03,2.74,,0.055,2.085,,,2026-07-26 02:25:24
江西省,长江流域,白塔河河口,2026-07-26 02:00,3,30.44,6.58,5.43,80.792,8.011,2.49,0.127,0.05,1.1525,,,2026-07-26 02:25:24
江西省,长江流域,土桥,2026-07-26 02:00,2,30.45,7.24,6.32,144.797,6.064,2.62,0.05,0.075,1.2847,,,2026-07-26 02:25:24
江西省,长江流域,流口村,2026-07-26 02:00,2,31.7,6.96,6.4,145.6611,6.832559,1.64,0.002,0.083,1.630948,,,2026-07-26 02:25:24
江西省,长江流域,市自来水厂,2026-07-26 02:00,2,29.81,7.2,7.02,99.957,6.097,1.64,0.072,0.032,0.9168,,,2026-07-26 02:25:24
江西省,长江流域,新庙前,2026-07-26 02:00,2,31,7.48,7.3,159.774,25.857,2,0.042,0.034,1.5845,,,2026-07-26 02:25:24
江西省,长江流域,赣县梅林,2026-07-26 02:00,2,24.56,6.24,7.68,,6.05,2.34,,,,,,2026-07-26 02:25:24
江西省,长江流域,梓坑,2026-07-26 02:00,2,30.78,7.27,6.17,132.958,9.905,3.65,0.103,0.093,1.6635,,,2026-07-26 02:25:24
江西省,长江流域,峡山,2026-07-26 02:00,3,31.04,7.25,5.9,122.045,3.182,2,0.073,0.097,1.4665,,,2026-07-26 02:25:24
江西省,长江流域,梅江江口,2026-07-26 02:00,2,32.48,8.2,8.2,108.922,10.831,2.61,0.069,0.078,0.9501,,,2026-07-26 02:25:24
江西省,长江流域,平江江口,2026-07-26 02:00,2,30.63,7.65,6.51,143.515,20.074,2.19,0.161,0.047,0.8521,,,2026-07-26 02:25:24
江西省,长江流域,上犹江江口,2026-07-26 02:00,2,27.78,7.08,6.98,76.38,7.855,1.53,0.061,0.016,0.5109,,,2026-07-26 02:25:24
江西省,长江流域,龙南自来水厂,2026-07-26 02:00,2,29.97,7.46,6.55,136.038,25.468,0.55,0.053,0.031,0.7354,,,2026-07-26 02:25:24
江西省,长江流域,桃江江口,2026-07-26 02:00,3,31.08,7.39,5.18,238.021,11.57,1.64,0.094,0.059,1.8221,,,2026-07-26 02:25:24
江西省,长江流域,大余城郊,2026-07-26 02:00,2,28.18,7.22,7.13,75.928,10.036,1.78,0.014,0.031,0.7166,,,2026-07-26 02:25:24
江西省,长江流域,汝城多发电站,2026-07-26 02:00,2,25.75,7.15,6.72,78.88,5.22,1.27,0.02,0.023,0.694,,,2026-07-26 02:25:24
江西省,珠江流域,兴宁电站,2026-07-26 02:00,6,32.17,9.03,17.88,110.626,2.796154,2.22,0.005,0.019,2.488419,,,2026-07-26 02:25:24
江西省,长江流域,通津,2026-07-26 02:00,2,30.31,7.41,6.96,136.686,12.47,1.21,0.077,0.057,1.1471,,,2026-07-26 02:25:24
江西省,长江流域,金滩,2026-07-26 02:00,2,32.18,7.65,7.66,140.163,14.714,2.26,0.109,0.05,1.414,,,2026-07-26 02:25:24
江西省,长江流域,孤江江口,2026-07-26 02:00,2,32.76,7.29,6.23,96.554,5.983,2.44,0.013,0.029,0.4062,,,2026-07-26 02:25:24
江西省,长江流域,禾水河口,2026-07-26 02:00,2,31.17,7.67,7.61,155.779,4.437,2.21,0.023,0.036,0.853,,,2026-07-26 02:25:24
江西省,长江流域,蜀水河口,2026-07-26 02:00,2,30.84,7.2,6.02,131.016,17.266,1.11,0.121,0.061,1.1977,,,2026-07-26 02:25:24
江西省,长江流域,遂川江江口,2026-07-26 02:00,2,32.54,7.98,7.75,126.214,10.747,1.3,0.063,0.043,0.8302,,,2026-07-26 02:25:24
江西省,长江流域,乌江江口,2026-07-26 02:00,2,32.48,7.46,7.55,174.628,12.586,3.15,0.134,0.042,2.1069,,,2026-07-26 02:25:24
江西省,长江流域,大洋洲,2026-07-26 02:00,2,31.5,7.44,7.33,148.835,13.684,1.4,0.096,0.058,1.2078,,,2026-07-26 02:25:24
江西省,长江流域,棚下,2026-07-26 02:00,3,30.56,7.41,5.82,266.6126,13.13,2.68,,0.108,1.553,,,2026-07-26 02:25:24
江西省,长江流域,丰城小港口,2026-07-26 02:00,2,31.093,7.2,6.2,146.12,17.8378,1.91,0.008,0.043,1.3248,,,2026-07-26 02:25:24
江西省,长江流域,高安市青州村,2026-07-26 02:00,3,30.43,7.3,5.5,151.59,20.51,2.44,0.033,0.078,1.295,,,2026-07-26 02:25:24
江西省,长江流域,良田村,2026-07-26 02:00,3,30.15,7.18,5.27,145.13,8.37,3.13,0.056,0.103,1.705,,,2026-07-26 02:25:24
江西省,长江流域,三洪村,2026-07-26 02:00,2,30.18,6.93,7.16,68.08,14.48,1.42,0.031,0.06,1.013,,,2026-07-26 02:25:24
江西省,长江流域,肖江江口,2026-07-26 02:00,4,31.363,6.86,3.55,240.405,15.886,5.51,0.773,0.06,3.068,,,2026-07-26 02:25:24
江西省,长江流域,修河港口,2026-07-26 02:00,1,25.9,6.93,7.62,36.79,4.71,0.6,0.001,0.015,0.563,,,2026-07-26 02:25:24
江西省,长江流域,超坊,2026-07-26 02:00,2,31.07,7.77,7.02,123.726,10.114,2.57,0.115,0.077,0.8568,,,2026-07-26 02:25:24
江西省,长江流域,钟岭水厂,2026-07-26 02:00,2,31.63,7.24,6.61,90.41,21.84,2.88,0.029,0.071,1.5471,,,2026-07-26 02:25:24
江西省,长江流域,临水河口,2026-07-26 02:00,2,29.87,6.78,8.09,101.26,5.22,2.5,0.075,0.052,1.254,,,2026-07-26 02:25:24
江西省,长江流域,赵家湾,2026-07-26 02:00,2,29.527,6.69,6.26,126.749,7.4321,1.4,0.099,0.031,1.126,,,2026-07-26 02:25:24
江西省,长江流域,康山,2026-07-26 01:00,4,32.16,6.59,5.43,110.44,23.66,4.06,0.056,0.092,1.114,0.0146,414000,2026-07-26 02:25:24
江西省,长江流域,野鸡山村,2026-07-26 02:00,2,31.05,7.09,8.06,271.7,24.11,1.72,,0.041,0.959,,,2026-07-26 02:25:24
江西省,长江流域,弋阳,2026-07-26 02:00,2,31.2,7.38,6.61,149.51,4.4,2.59,0.009,0.094,1.297,,,2026-07-26 02:25:24
江西省,长江流域,鄱阳花园,2026-07-26 02:00,2,28.14,6.85,7.01,76.92,14.97,1,0.003,0.024,1.39,,,2026-07-26 02:25:24
江西省,长江流域,洎水河河口,2026-07-26 02:00,2,30.59,6.63,6.63,253.04,9.36,1.4,0.035,0.03,0.932,,,2026-07-26 02:25:24
江西省,长江流域,铅山,2026-07-26 02:00,2,31.19,7.43,7.9,150.87,8.13,2.52,0.016,0.1,0.796,,,2026-07-26 02:25:24
江西省,长江流域,旗山,2026-07-26 02:00,2,31.39,7.37,6.81,139.48,4.39,2.2,0.034,0.081,1.204,,,2026-07-26 02:25:24
江西省,长江流域,应家坊,2026-07-26 02:00,3,31.54,6.82,5.78,146.02,2.37,2.58,,0.082,1.331,,,2026-07-26 02:25:24
山东省,淮河流域,辛丰庄,2026-07-26 02:00,4,28.23,7.73,3.9,973.228,35.387,3.41,1.016,0.112,6.814,,,2026-07-26 02:25:24
山东省,黄河流域,泺口,2026-07-26 01:00,2,29.27,7.93,9.05,1046.78,1918.41,2.06,0.158,0.098,2.935,,,2026-07-26 02:25:24
山东省,淮河流域,睦里庄,2026-07-26 02:00,3,29.49,7.32,5.11,507.178,2.879,3.23,0.031,0.029,0.789,,,2026-07-26 02:25:24
山东省,黄河流域,卧虎山水库,2026-07-26 02:00,1,27.78,8.12,9.19,510.846,7.021,1.31,0.025,0.007,5.339,,,2026-07-26 02:25:24
山东省,淮河流域,马连庄,2026-07-26 02:00,4,27.149,7.22,3.84,659.85,14.614,4.68,0.089,0.181,6.11,,,2026-07-26 02:25:24
山东省,淮河流域,吉利河水库出口,2026-07-26 02:00,3,28.147,8.74,8.16,340.903,10.775,5.76,0.008,0.04,0.906,,,2026-07-26 02:25:24
山东省,淮河流域,墨水河入海口,2026-07-26 02:00,4,30.423,7.63,4.11,1630.21,7.85,6.04,0.177,0.25,3.994,,,2026-07-26 02:25:24
山东省,淮河流域,韩旺大桥,2026-07-26 02:00,2,27.708,7.94,6.62,609.645,8.293,1.68,0.015,0.014,15.36,,,2026-07-26 02:25:24
山东省,淮河流域,台儿庄大桥,2026-07-26 01:00,2,29.8,7.82,7.22,1193.93,8.04,,0.081,,,,,2026-07-26 02:25:24
山东省,淮河流域,十字河大桥,2026-07-26 01:00,3,31.175,8.12,10.1,1270.74,4.543,4.57,0.006,0.048,2.055,,,2026-07-26 02:25:24
山东省,淮河流域,支脉河陈桥,2026-07-26 02:00,4,29.545,8.16,9.12,4915.964,38.72,6.26,0.194,0.059,3.657,,,2026-07-26 02:25:24
山东省,淮河流域,新夹河大桥,2026-07-26 01:00,4,28.98328,7.98,3.03,665.3813,44,7.65,0.043,0.104,0.87891,,,2026-07-26 02:25:24
山东省,淮河流域,桥头,2026-07-26 02:00,3,26.46,8.2,6.07,1194.203,11.86,5.32,0.134,0.096,4.337,,,2026-07-26 02:25:24
山东省,淮河流域,东村河入海口,2026-07-26 02:00,4,28.396,7.3,4.4,572.61,114.865,5.93,0.11,0.182,1.187,,,2026-07-26 02:25:24
山东省,淮河流域,羊口,2026-07-26 02:00,6,29.005,7.6,0.21,4032.803,49.618,4.5,0.674,0.2,4.267,,,2026-07-26 02:25:24
山东省,淮河流域,峡山水库库中,2026-07-26 02:00,3,29.65,8.8,7.97,769.46,22.25,4.84,0.061,0.032,1.174,0.00975,1.76354,2026-07-26 02:25:24
山东省,淮河流域,柳疃桥,2026-07-26 02:00,4,28.601,7.73,6.78,1342.582,12.806,6.1,0.046,0.113,6.447,,,2026-07-26 02:25:24
山东省,淮河流域,张建桥,2026-07-26 02:00,4,31.345,7.57,4,1522.144,15.305,3.18,0.117,0.04,9.612,,,2026-07-26 02:25:24
山东省,淮河流域,兖州南大桥,2026-07-26 01:00,4,30.686,7.76,4.9,668.851,27.865,4.61,0.029,0.068,1.4203,,,2026-07-26 02:25:24
山东省,淮河流域,高河桥,2026-07-26 01:00,6,31.107,7.76,0.82,1804.25,33.35,4.35,0.445,0.149,4.121,,,2026-07-26 02:25:24
山东省,淮河流域,西石佛,2026-07-26 02:00,4,31.093,7.44,3.13,1240,7.4,4.41,0.006,0.142,2.342,,,2026-07-26 02:25:24
山东省,淮河流域,尹沟,2026-07-26 01:00,3,31.35,8.07,7.62,616.25,34.83,4.59,0.245,0.056,1.226,0.04,,2026-07-26 02:25:24
山东省,淮河流域,西支河入湖口,2026-07-26 01:00,4,31.812,8.65,12.76,1588.23,24.171,8.39,0.026,0.116,1.39,,,2026-07-26 02:25:24
山东省,淮河流域,东石佛,2026-07-26 02:00,3,30.863,7.79,9.29,1041.193,20.775,4.83,0.211,0.059,2.528,,,2026-07-26 02:25:24
山东省,淮河流域,西姚,2026-07-26 01:00,4,30.659,8.41,3.72,1112.5,13.777,4.01,0.036,0.181,1.387,,,2026-07-26 02:25:24
山东省,淮河流域,鲁桥,2026-07-26 01:00,3,31.439,7.89,8.61,1534.69,41.274,5.35,0.018,0.092,2.887,,,2026-07-26 02:25:24
山东省,淮河流域,牛庄闸,2026-07-26 01:00,4,31.459,7.65,4.96,881.892,40.145,3.98,0.281,0.026,4.166,,,2026-07-26 02:25:24
山东省,淮河流域,湘子庙,2026-07-26 02:00,6,30.17,7.72,0.45,1521.29,49.676,4.66,0.777,0.231,3.12425,,,2026-07-26 02:25:24
山东省,黄河流域,戴村坝,2026-07-26 01:00,2,31.14,7.56,7.56,739.01,13.41,3.5,0.07,0.026,2.152,,,2026-07-26 02:25:24
山东省,淮河流域,南桥,2026-07-26 02:00,4,30.52,8.54,8.94,1098.668,25.567,6.14,0.14,0.085,1.826,,,2026-07-26 02:25:24
山东省,淮河流域,大古镇,2026-07-26 02:00,5,26.17,7.6,2.9,658.54,12.01,5.41,0.347,0.278,4.005,,,2026-07-26 02:25:24
山东省,淮河流域,夏庄,2026-07-26 01:00,4,28.96,8.27,5.47,652.2,10.3,7.1,0.01,0.276,3.5698,,,2026-07-26 02:25:24
山东省,黄河流域,贺小庄,2026-07-26 02:00,3,29.374,7.56,5.71,691.928,9.285,3.68,0.177,0.056,2.21,,,2026-07-26 02:25:24
山东省,淮河流域,临沂北大桥,2026-07-26 01:00,5,29.18,8.81,12.19,444.11,8.349,7,0.04,0.323,6.883,,,2026-07-26 02:25:24
山东省,淮河流域,捷庄,2026-07-26 02:00,4,29.62,7.73,6.5,578.4,19.581,6.25,0.127,0.181,3.989,,,2026-07-26 02:25:24
山东省,淮河流域,临沭大兴桥,2026-07-26 01:00,5,31.257,8.06,9.06,472.657,7.375,6.32,,0.306,3.952,,,2026-07-26 02:25:24
山东省,淮河流域,310公路桥,2026-07-26 01:00,6,30.18,7.3,0.7,1125.13,1.22,3.2,0.04,0.111,2.836,,,2026-07-26 02:25:24
山东省,淮河流域,沙沟桥,2026-07-26 01:00,6,26.61,7.34,1.91,710.96,97.85,4.34,0.045,0.171,4.626,,,2026-07-26 02:25:24
山东省,海河流域,第三店,2026-07-26 02:00,4,29.776,7.59,4.03,1588.763,87.124,0.28,0.525,0.1,4.281,,,2026-07-26 02:25:24
山东省,海河流域,董姑桥,2026-07-26 02:00,4,25.309,7.8,3.54,1388.5,92.27,6.34,,0.117,1.692,,,2026-07-26 02:25:24
山东省,海河流域,油坊桥,2026-07-26 02:00,3,30.945,7.77,6.44,993.852,106.4,2.54,0.174,0.126,4.013,,,2026-07-26 02:25:24
山东省,海河流域,秤勾湾,2026-07-26 01:00,3,30.02,7.74,5.23,1009.87,52.76,2.99,0.519,0.114,,,,2026-07-26 02:25:24
山东省,海河流域,北湖,2026-07-26 02:00,2,30.06,8.71,10.16,902.27,4.01,2.33,,0.01,2.455,0.00756,1152158,2026-07-26 02:25:24
山东省,海河流域,小泊头桥,2026-07-26 02:00,3,28.919,7.73,5.71,1085.004,68.02,2.53,0.095,0.157,4.323,,,2026-07-26 02:25:24
山东省,海河流域,胜利桥,2026-07-26 01:00,4,28.817,7.98,6.58,2753.301,22.469,7.12,0.113,0.152,3.562,,,2026-07-26 02:25:24
山东省,海河流域,富国,2026-07-26 01:00,5,26.885,7.7,2.01,2003.89,72.61,3.95,0.053,0.109,1.782,,,2026-07-26 02:25:24
山东省,海河流域,芦家河子水库,2026-07-26 02:00,6,32.232,9.46,10.59,811.256,14.212,2.53,0.0002,0.02,1.118,,,2026-07-26 02:25:24
山东省,海河流域,三角洼水库,2026-07-26 01:00,2,24.322,8.36,9.56,1095.745,12.641,1.34,0.037,0.027,1.052,,,2026-07-26 02:25:24
山东省,淮河流域,西闸,2026-07-26 02:00,6,29.232,7.73,4.36,1735.3,25.883,5.78,0.729,0.538,5.384,,,2026-07-26 02:25:24
山东省,淮河流域,范李,2026-07-26 02:00,6,30.08,7.61,0.38,1848.691,30.136,4.63,0.55,0.218,5.346,,,2026-07-26 02:25:24
山东省,海河流域,大山,2026-07-26 01:00,4,28.127,7.78,8.44,2571.494,12.621,6.01,0.099,0.058,1.736,,,2026-07-26 02:25:24
山东省,海河流域,邵家,2026-07-26 02:00,6,28.362,7.43,0.51,8048.79,61.93,10.39,0.433,0.267,4.081,,,2026-07-26 02:25:24
山东省,淮河流域,于楼,2026-07-26 01:00,6,29.366,7.74,0.89,1068.15,72.305,8.2,0.251,0.193,3.286,,,2026-07-26 02:25:24
山东省,淮河流域,徐寨,2026-07-26 01:00,4,30.044,8.35,5.42,1299.33,51.104,6.52,0.005,0.204,1.86,,,2026-07-26 02:25:24
河南省,淮河流域,尖岗水库,2026-07-26 01:00,2,29.98,8.78,8.79,262.7999,1.7788,2.19,0.016,0.009,0.3198,,,2026-07-26 02:25:24
河南省,淮河流域,通许邸阁,2026-07-26 02:00,3,30.08,8.01,6.38,957.36,107.41,2.95,0.091,0.174,2.691,,,2026-07-26 02:25:24
河南省,淮河流域,中牟陈桥,2026-07-26 02:00,4,30.1,7.97,7.7,611.97,59.82,8.63,1.453,0.114,4.7178,,,2026-07-26 02:25:24
河南省,黄河流域,高崖寨,2026-07-26 01:00,3,28.46,8,5.04,507.26,2.11,1.89,0.016,0.034,1.79,,,2026-07-26 02:25:24
河南省,淮河流域,紫罗山,2026-07-26 01:00,2,23.51853,7.85,7.05,296.8193,12.82382,3.11,0.006,0.029,2.65038,,,2026-07-26 02:25:24
河南省,黄河流域,白马寺,2026-07-26 01:00,3,29.71,7.6,5.79,669,19.8,2.21,0.106,0.154,2.944,,,2026-07-26 02:25:24
河南省,淮河流域,大陈闸,2026-07-26 01:00,2,32.11456,7.84,6.26,590.1755,3.16527,2.65,0.029,0.022,2.50484,,,2026-07-26 02:25:24
河南省,淮河流域,白龟山水库,2026-07-26 02:00,2,29.96,8.17,6.79,523.01,2.75,2.66,0.007,0.014,0.586,0.0362,2953000,2026-07-26 02:25:24
河南省,淮河流域,杨寨中村,2026-07-26 02:00,3,28.64,7.58,5.23,443.31,9.88,2.88,0.016,0.051,2.789,,,2026-07-26 02:25:24
河南省,海河流域,冯宿桥,2026-07-26 01:00,3,29.36,7.86,6.3,687.9407,30.774,1.9,0.182,0.112,4.899,,,2026-07-26 02:25:24
河南省,海河流域,石辛庄,2026-07-26 01:00,3,30.18,7.85,5.53,951.6847,28.542,4.44,0.623,0.173,7.8076,,,2026-07-26 02:25:24
河南省,海河流域,黄花营,2026-07-26 01:00,1,29.01,8.32,10.45,455.3892,2.7082,0.72,,0.011,5.6897,,,2026-07-26 02:25:24
河南省,海河流域,卫河小河口,2026-07-26 01:00,4,28.91,7.73,3.51,1221.221,93.02,3.75,0.969,0.216,6.7629,,,2026-07-26 02:25:24
河南省,海河流域,修武水文站,2026-07-26 01:00,4,29.03,7.84,5.46,2104.711,47.23,4.27,0.516,0.215,8.1639,,,2026-07-26 02:25:24
河南省,海河流域,获嘉东碑村,2026-07-26 02:00,4,29.99,7.7,3.8,1673.84,,4.05,0.354,0.207,4.27,,,2026-07-26 02:25:24
河南省,黄河流域,封丘陶北,2026-07-26 02:00,6,27.46,7.38,5.84,526.88,94.74,9.08,0.847,0.451,2.81,,,2026-07-26 02:25:24
河南省,黄河流域,封丘王堤,2026-07-26 02:00,4,30.148,7.88,5.69,817.21,51.91,6.45,0.553,0.266,4.039,,,2026-07-26 02:25:24
河南省,黄河流域,武陟渠首,2026-07-26 02:00,3,28.35,8.02,8.23,786.79,162.4,1.34,0.027,0.132,4.185,,,2026-07-26 02:25:24
河南省,黄河流域,孟州还封村,2026-07-26 01:00,4,27.86014,7.26,3.16,928.3095,68.21413,3.53,1.266,0.233,8.36893,,,2026-07-26 02:25:24
河南省,海河流域,南乐元村集,2026-07-26 01:00,4,,,,,,3.67,0.328,0.232,6.493,,,2026-07-26 02:25:24
河南省,海河流域,濮阳西水坡,2026-07-26 02:00,2,31.14,8.43,7.98,927.48,6.66,2.66,0.166,0.014,1.053,,,2026-07-26 02:25:24
河南省,黄河流域,濮阳大韩桥,2026-07-26 02:00,5,28.42,7.63,3.9,856.55,59.17,7.57,1.876,0.278,2.68,,,2026-07-26 02:25:24
河南省,淮河流域,临颍吴刘闸,2026-07-26 02:00,4,30.96,7.63,4.82,885.82,16.94,2.87,0.051,0.048,3.479,,,2026-07-26 02:25:24
河南省,淮河流域,召陵武湾,2026-07-26 01:00,3,31.35,7.7,5.93,575.9,14.34,2.27,,0.039,0.838,,,2026-07-26 02:25:24
河南省,淮河流域,叶舞公路桥,2026-07-26 02:00,4,29.705,7.34,4.71,351.41,6.108,2.46,0.008,0.026,0.808,,,2026-07-26 02:25:24
河南省,淮河流域,临颍高村桥,2026-07-26 01:00,4,29.87,7.32,5.66,664.21,69.24,7.02,1.105,0.271,5.826,,,2026-07-26 02:25:24
河南省,淮河流域,舞阳马湾,2026-07-26 02:00,2,31.873,7.87,6.15,538.99,11.18,2.71,0.047,0.036,1.367,,,2026-07-26 02:25:24
河南省,黄河流域,洛河大桥,2026-07-26 02:00,2,28.9,8.18,6.25,454.483,51.852,1.68,,0.036,1.5413,,,2026-07-26 02:25:24
河南省,长江流域,淅川荆紫关,2026-07-26 02:00,2,29.27131,8.07,6.46,369.5664,3.446068,1.89,0.007,0.015,1.135,,,2026-07-26 02:25:24
河南省,长江流域,淅川史家湾,2026-07-26 02:00,2,30.46,8.03,6.51,375.8,9.238,1.41,,0.018,1.0176,0.00181,,2026-07-26 02:25:24
河南省,长江流域,淅川高湾,2026-07-26 02:00,2,30.71,7.89,6.85,353.724,7.732,2.04,,0.026,0.347,0.0059,,2026-07-26 02:25:24
河南省,长江流域,淅川张营,2026-07-26 02:00,2,31.79,8.29,7.67,354.617,4.837,2.31,,0.015,0.8341,0.01072964,,2026-07-26 02:25:24
河南省,长江流域,五龙泉,2026-07-26 01:00,2,30.22,8.48,7.47,266.55,2.77,1.9,0.005,0.009,0.757,0.0015,705028.4,2026-07-26 02:25:24
河南省,长江流域,宋岗,2026-07-26 02:00,1,29.654,8.54,7.77,261.9,9.023,1.59,0.0001,0.009,0.72,0.003355,1240456,2026-07-26 02:25:24
河南省,长江流域,陶岔,2026-07-26 02:00,1,30.95,8.49,7.76,255.588,5.753,1.07,,0.007,0.8316,0.0016,789262,2026-07-26 02:25:24
河南省,长江流域,三道河,2026-07-26 02:00,2,27.555,7.69,7.07,831.469,3.572,,,0.002,1.655,,,2026-07-26 02:25:24
河南省,长江流域,上河,2026-07-26 01:00,2,28.76,8.04,6.76,219.4586,5.56717,2.56,0.005,0.01,0.21354,,,2026-07-26 02:25:24
河南省,长江流域,方城夏河,2026-07-26 02:00,4,28.72,7.72,3.82,610.8809,10.878,4.8,0.06,0.126,3.405,,,2026-07-26 02:25:24
河南省,长江流域,内乡怀乡桥,2026-07-26 01:00,2,31.5717,8.26,14.28,420.8423,14.78205,2.69,0.01,0.031,1.56949,,,2026-07-26 02:25:24
河南省,淮河流域,新野溧河桥,2026-07-26 01:00,2,32.81835,7.8,6.47,371.2722,35.0659,3.6,0.01,0.05,1.01724,,,2026-07-26 02:25:24
河南省,淮河流域,吕楼桥,2026-07-26 02:00,6,29.86,7.48,1.46,1320.309,39.133,3.82,0.165,0.081,0.7848,,,2026-07-26 02:25:24
河南省,淮河流域,黄口,2026-07-26 02:00,3,28.01,8.03,10.83,1237.952,16.294,5.06,0.075,0.064,1.6758,,,2026-07-26 02:25:24
河南省,淮河流域,睢县板桥,2026-07-26 02:00,6,30.84,7.46,2.85,953.32,83.27,5.72,2.127,0.206,7.233,,,2026-07-26 02:25:24
河南省,淮河流域,永城张板桥,2026-07-26 02:00,4,31.34,8.18,13.26,1097.19,6.43,6.16,0.002,0.082,1.413,,,2026-07-26 02:25:24
河南省,淮河流域,长台关甘岸桥,2026-07-26 01:00,4,30.52,7.57,3.49,373.37,8.93,3.45,0.02,0.044,0.474,,,2026-07-26 02:25:24
河南省,淮河流域,息县大埠口,2026-07-26 01:00,4,29.89895,8.03,3.81,302.093,5.16656,4.17,0.016,0.053,0.96491,,,2026-07-26 02:25:24
河南省,淮河流域,潢川水文站,2026-07-26 01:00,3,29.0747,7.18,6.35,190.704,37.2944,4.27,0.067,0.164,0.6988,,,2026-07-26 02:25:24
河南省,淮河流域,淮滨北庙,2026-07-26 01:00,2,32.3,7.48,6.3,201.9555,40.66829,2.75,0.003,0.091,1.38493,,,2026-07-26 02:25:24
河南省,淮河流域,饮用水源地取水口,2026-07-26 02:00,3,31.11,,10.59,183.99,11.94,4.09,0.001,0.036,0.344,0.029,160000,2026-07-26 02:25:24
河南省,淮河流域,竹竿铺,2026-07-26 01:00,4,28.53,7.19,4.2,147.15,31.93,3.05,0.047,0.141,1.546,,,2026-07-26 02:25:24
河南省,淮河流域,固始马罡,2026-07-26 01:00,2,28.6006,8.21,9.32,119.482,16.4017,2.28,0.017,0.057,0.8596,,,2026-07-26 02:25:24
河南省,淮河流域,老沈丘泉河桥,2026-07-26 02:00,4,32.13,7.63,3.4,799.377,22.761,3.46,0.024,0.172,0.4682,,,2026-07-26 02:25:24
河南省,淮河流域,刘寨村后,2026-07-26 02:00,3,31.16,7.81,7.25,964.1,8.61,5.21,0.026,0.058,3.6971,,,2026-07-26 02:25:24
河南省,淮河流域,西华大王庄,2026-07-26 02:00,3,30.1107,7.89,5.76,666.67,75.1267,3.76,0.31,0.174,3.592,,,2026-07-26 02:25:24
河南省,淮河流域,周口康店,2026-07-26 01:00,4,31.71,7.31,4.18,738.5466,40.63,3.81,0.366,0.123,1.8263,,,2026-07-26 02:25:24
河南省,淮河流域,商水双桥,2026-07-26 01:00,3,31.69,7.76,5.97,606.5675,11.5909,3.15,0.01,0.042,1.345,,,2026-07-26 02:25:24
河南省,淮河流域,鄢陵陶城闸,2026-07-26 01:00,6,28.8,7.44,0.08,616.5,207.49,8.54,2.304,0.651,4.4896,,,2026-07-26 02:25:24
河南省,淮河流域,鹿邑付桥,2026-07-26 02:00,3,31.9,8.57,14.85,977.065,8.104,4.69,0.034,0.036,0.5699,,,2026-07-26 02:25:24
河南省,淮河流域,西华址坊,2026-07-26 02:00,3,30.73,7.8,5.14,807.37,9.44,4.3,0.305,0.067,2.393,,,2026-07-26 02:25:24
河南省,淮河流域,冯塘邱屯,2026-07-26 01:00,5,30.12,7.33,2.62,732.201,39.91256,4.22,0.566,0.116,3.15831,,,2026-07-26 02:25:24
河南省,淮河流域,鹿邑宋河桥,2026-07-26 02:00,4,29.99,7.53,5.99,1325.4,21.96,6.55,0.12,0.13,2.928,,,2026-07-26 02:25:24
河南省,淮河流域,新蔡班台,2026-07-26 02:00,4,31.929,7.69,4.99,696.806,11.79,3.61,0.051,0.136,1.559,,,2026-07-26 02:25:24
河南省,淮河流域,西平杨庄,2026-07-26 01:00,4,31.21988,7.89,4.67,1147.199,38.5013,4.14,0.083,0.163,3.37809,,,2026-07-26 02:25:24
河南省,淮河流域,板桥水库,2026-07-26 01:00,4,28.17,8.26,4.26,277.2118,5.42,3.54,0.012,0.023,0.266,,,2026-07-26 02:25:24
河南省,淮河流域,西平王孟寺,2026-07-26 01:00,6,28.6709,7.11,1.01,660.0329,18.21305,3.59,0.719,0.376,4.92746,,,2026-07-26 02:25:24
河南省,淮河流域,新蔡李桥,2026-07-26 02:00,3,32.336,7.97,5.23,714.607,22.097,2.82,0.097,0.157,1.664,,,2026-07-26 02:25:24
河南省,黄河流域,小浪底水库,2026-07-26 02:00,3,29.74,7.92,5.47,1047.43,36.083,2.41,,0.042,3.1362,,,2026-07-26 02:25:24
湖北省,长江流域,朱家河口,2026-07-26 01:00,6,31.728,7.24,1.84,412.275,55.59,3.95,0.094,0.107,2.188,,,2026-07-26 02:25:24
湖北省,长江流域,沐家泾,2026-07-26 02:00,3,28.77,6.75,5.23,144.967,192.095,5.07,0.072,0.154,2.252,,,2026-07-26 02:25:24
湖北省,长江流域,牛山湖湖心,2026-07-26 02:00,3,31.53,8.93,8.79,186.366,16.712,4.05,,0.024,0.056,0.00471,8.157636,2026-07-26 02:25:24
湖北省,长江流域,西梁子湖湖北,2026-07-26 02:00,3,32.017,,8.59,171.15,24.688,4.89,0.166,0.024,0.702,0.00854,1.472921,2026-07-26 02:25:24
湖北省,长江流域,宗关,2026-07-26 02:00,3,31.181,7.57,5.15,397.9,28.86,2.51,0.006,0.07,1.609,0.002481,,2026-07-26 02:25:24
湖北省,长江流域,杨泗港,2026-07-26 02:00,3,29,7.63,5.92,277.957,49.44,1.7,,0.053,1.677,,,2026-07-26 02:25:24
湖北省,长江流域,冯集,2026-07-26 02:00,3,32.78,7.86,8.06,173.902,20.219,4.12,0.122,0.125,1.075,,,2026-07-26 02:25:24
湖北省,长江流域,龙口,2026-07-26 02:00,6,32.6,9.53,15.92,177.91,11.6,7.16,0.008,0.065,1.157,,,2026-07-26 02:25:24
湖北省,长江流域,金水闸,2026-07-26 02:00,3,31.84,8.58,17.66,242.83,24.03,4.68,0.005,0.038,0.679,,,2026-07-26 02:25:24
湖北省,长江流域,郭玉,2026-07-26 02:00,3,31.365,7.3,6.87,142.75,49.19,4.66,,0.167,2.573,,,2026-07-26 02:25:24
湖北省,长江流域,滠口,2026-07-26 01:00,4,31.72,7.15,6.03,144.5572,24.04,6.09,0.017,0.063,0.9287,,,2026-07-26 02:25:24
湖北省,长江流域,港洲村,2026-07-26 02:00,3,33.01,8.29,9.98,380.35,5.9315,4.78,0.012,0.075,0.55,,,2026-07-26 02:25:24
湖北省,长江流域,黄陵大桥,2026-07-26 02:00,4,31.47,7.19,3.88,372.561,83.632,5.27,0.104,0.099,0.874,,,2026-07-26 02:25:24
湖北省,长江流域,太平沙,2026-07-26 02:00,6,31.51,7.2,0.63,415.8,66.93,5.27,0.006,0.146,2.219,,,2026-07-26 02:25:24
湖北省,长江流域,白浒山,2026-07-26 02:00,2,28.78,7.72,6.21,297.1538,41.20636,1.47,0.017,0.078,1.598497,,,2026-07-26 02:25:24
湖北省,长江流域,富池闸,2026-07-26 02:00,2,30.66,8.97,11.7,221.8862,9.77943,2.85,0.001,0.071,1.242154,,,2026-07-26 02:25:24
湖北省,长江流域,大冶湖闸,2026-07-26 01:00,2,33.67,8,8.67,332.96,14.66,3.72,0.074,0.057,0.642,,,2026-07-26 02:25:24
湖北省,长江流域,夹河口,2026-07-26 01:00,3,27.55,7.65,5.45,320.397,2.59,0.87,0.0005,,1.131,,,2026-07-26 02:25:24
湖北省,长江流域,天河口,2026-07-26 01:00,2,31.43,8,6.55,372.75,3.27,2.7,0.044,0.029,0.772,,,2026-07-26 02:25:24
湖北省,长江流域,焦家院,2026-07-26 02:00,2,21.33,7.59,7.63,236.537,12.096,2.41,0.03,0.045,0.8886,,,2026-07-26 02:25:24
湖北省,长江流域,孙家湾,2026-07-26 01:00,2,32.42,8.4,14.59,492.47,18.6,2.25,0.01,0.067,1.801,,,2026-07-26 02:25:24
湖北省,长江流域,浪河口,2026-07-26 01:00,2,32.98,8.76,10.44,184.6296,2.09,2.04,0.019,0.025,1.061,,,2026-07-26 02:25:24
湖北省,长江流域,丹江口水库坝上中,2026-07-26 02:00,1,31.39,8.5,9.15,247.879,0.803683,1.38,0.063,0.003,0.9269,0.0015205,2.1528,2026-07-26 02:25:24
湖北省,长江流域,陈家坡,2026-07-26 01:00,1,30.92,8.6,8.75,237.43,5.23,1.54,0.09,0.014,0.8196,,,2026-07-26 02:25:24
湖北省,长江流域,潘口水库坝上,2026-07-26 02:00,1,31.64,8.73,9.88,176,1.6,1.42,,0.007,0.169,,,2026-07-26 02:25:24
湖北省,长江流域,剑河口,2026-07-26 01:00,1,32.71,8.65,11.5,202.66,3.05,1.82,0.005,0.019,0.715,,,2026-07-26 02:25:24
湖北省,长江流域,东湾桥,2026-07-26 01:00,3,29.67,7.72,5.88,492.0891,3.92,4.81,0.024,0.048,2.6419,,,2026-07-26 02:25:24
湖北省,长江流域,玉皇滩,2026-07-26 02:00,1,30.656,8.28,8.04,342.7,4.225,1.41,0.025,0.016,1.148,,,2026-07-26 02:25:24
湖北省,长江流域,神定河口,2026-07-26 02:00,3,30.7,7.94,5.59,599.571,10.719,3.25,0.086,0.166,10.6,,,2026-07-26 02:25:24
湖北省,长江流域,泗河口,2026-07-26 02:00,3,30.45,7.88,5.94,629.692,11.976,3.7,0.043,0.092,3.749,,,2026-07-26 02:25:24
湖北省,长江流域,王河电站,2026-07-26 01:00,2,30.34,8.23,7.37,400.689,9.86,1.15,0.031,0.03,0.846,,,2026-07-26 02:25:24
湖北省,长江流域,隔河岩水库坝上,2026-07-26 02:00,2,20.61,8.72,9.19,180.67,2.87,1.14,,0.012,1.741,0.03855,3784138,2026-07-26 02:25:24
湖北省,长江流域,长沙坝,2026-07-26 02:00,2,25.701,8.46,10.88,381.517,14.625,2.18,0.012,0.026,1.565,,,2026-07-26 02:25:24
湖北省,长江流域,清江大桥,2026-07-26 02:00,2,22.26,7.59,7.5,320.509,21.118,1.28,,0.067,3.345,,,2026-07-26 02:25:24
湖北省,长江流域,南津关,2026-07-26 02:00,2,26.12,7.87,7.65,477.277,8.53853,1.83,0.02,0.034,1.6987,0.0172804,,2026-07-26 02:25:24
湖北省,长江流域,马渡河,2026-07-26 02:00,2,28.58,7.37,9.14,348.32,16.84,2.52,0.007,0.019,1.763,,,2026-07-26 02:25:24
湖北省,长江流域,铁路大桥,2026-07-26 02:00,2,31.27,7.71,6.42,522.4,16.7,2.48,,0.067,1.19,,,2026-07-26 02:25:24
湖北省,长江流域,两河口,2026-07-26 01:00,3,32.825,7.69,10.29,511.1477,24.1865,4.63,0.042,0.064,1.7903,,,2026-07-26 02:25:24
湖北省,长江流域,桅杆坪,2026-07-26 02:00,2,18.6,7.51,6.81,282.24,3.51,1.1,,0.031,2.886,,,2026-07-26 02:25:24
湖北省,长江流域,白石港,2026-07-26 02:00,2,31.01,8.28,6.73,306.653,1.699,2.04,0.004,0.007,1.107,,,2026-07-26 02:25:24
湖北省,长江流域,云池,2026-07-26 02:00,2,26.21,7.85,7.16,389,10.5,1.52,,0.042,1.941,,,2026-07-26 02:25:24
湖北省,长江流域,翟湾,2026-07-26 02:00,4,31.12,7.63,4.84,435.802,24.58366,3.15,,0.042,1.315,,,2026-07-26 02:25:24
湖北省,长江流域,埠口,2026-07-26 01:00,3,33.51358,8.08,5.26,483.5747,14.91105,3.94,0.034,0.111,0.74912,,,2026-07-26 02:25:24
湖北省,长江流域,张湾,2026-07-26 01:00,3,32.17,8.1,8.66,391.2339,26.91,4.12,0.059,0.072,1.25,,,2026-07-26 02:25:24
湖北省,长江流域,余家湖,2026-07-26 01:00,3,30.53,7.83,5.3,309.332,13.02,2.39,0.005,0.032,1.249,,,2026-07-26 02:25:24
湖北省,长江流域,聂家滩,2026-07-26 01:00,2,29.33,7.9,6.09,321.0302,25.59,1.86,0.0001,0.053,0.684,,,2026-07-26 02:25:24
湖北省,长江流域,汤店,2026-07-26 01:00,3,33.13,7.46,5.6,647.1366,8.18,5.61,0.019,0.04,1.19,,,2026-07-26 02:25:24
湖北省,长江流域,沈湾,2026-07-26 02:00,2,15.65,7.75,7.12,345.8,1.93,1.29,0.024,0.006,1.313,,,2026-07-26 02:25:24
湖北省,长江流域,朱市,2026-07-26 01:00,2,32.03,7.83,6.1,505.8004,29.63,2.26,0.079,0.097,0.89,,,2026-07-26 02:25:24
湖北省,长江流域,茶庵,2026-07-26 01:00,2,28.13,7.82,7.06,310.5134,23.11,2.89,0.033,0.041,1.16,,,2026-07-26 02:25:24
湖北省,长江流域,马兰河口,2026-07-26 01:00,3,31.63,7.7,5.59,336.7,40.16,2.17,0.017,0.049,2.119,,,2026-07-26 02:25:24
湖北省,长江流域,燕矶,2026-07-26 01:00,2,28.89,7.71,6.09,291.95,45.74,1.59,0.084,0.061,1.768,,,2026-07-26 02:25:24
湖北省,长江流域,东梁子湖湖心,2026-07-26 02:00,4,31.67,,8.73,163.432,41.197,4.58,,0.053,0.425,,,2026-07-26 02:25:24
湖北省,长江流域,梁子湖七星站,2026-07-26 02:00,4,31.02,8.66,9.33,175.6418,12.14981,6.74,0.092,0.008,0.9313125,0.0271426,2.45128,2026-07-26 02:25:24
湖北省,长江流域,漳河水库库心,2026-07-26 02:00,1,32.56,8.2,7.68,307.4459,4.8746,1.81,,0.002,0.461,0.00023,1.7679,2026-07-26 02:25:24
湖北省,长江流域,转斗,2026-07-26 02:00,2,31.27,8.17,6.44,373.06,10.3854,3.36,0.02,0.033,1.014,,,2026-07-26 02:25:24
湖北省,长江流域,罗汉闸,2026-07-26 02:00,2,31.81,7.81,7.94,359.37,25.17,2.49,0.033,0.04,1.1288,,,2026-07-26 02:25:24
湖北省,长江流域,京山河邓李港,2026-07-26 01:00,-1,,,,,,,,,,,,2026-07-26 02:25:24
湖北省,长江流域,应城公路桥,2026-07-26 02:00,2,33.02,8.02,7.57,489.46,18.4051,2.66,0.014,0.043,0.6422,,,2026-07-26 02:25:24
湖北省,长江流域,田店泵站,2026-07-26 02:00,2,33.26,8.14,6.53,409.85,5.1814,2.65,0.031,0.026,0.80866,,,2026-07-26 02:25:24
湖北省,长江流域,垌冢桥,2026-07-26 02:00,5,31.021,7.09,2.3,384.971,18.605,2.67,0.088,0.144,1.921,,,2026-07-26 02:25:24
湖北省,长江流域,新沟闸,2026-07-26 02:00,3,32.39,7.32,5.23,382.32,23.68,5.02,0.922,0.106,2.715,,,2026-07-26 02:25:24
湖北省,长江流域,孝昌王店,2026-07-26 02:00,3,33.22,6.78,7.23,321.04,13.6557,4.22,0.027,0.1,1.1907,,,2026-07-26 02:25:24
湖北省,长江流域,大悟河口,2026-07-26 02:00,3,31.72,7.69,5.47,224,6.67,2.58,0.075,0.053,0.8194,,,2026-07-26 02:25:24
湖北省,长江流域,安陆桑树,2026-07-26 02:00,2,33.67,7.81,10.03,468.37,14.8201,2.56,0.027,0.024,0.64332,,,2026-07-26 02:25:24
湖北省,长江流域,隔蒲桥,2026-07-26 02:00,4,33.41,7.82,7.46,363.96,41.343,7.53,0.013,0.148,1.1808,,,2026-07-26 02:25:24
湖北省,长江流域,汉川新堰,2026-07-26 02:00,4,32.67,7.17,3.42,450.85,27.138,2.84,0.118,0.155,1.658,,,2026-07-26 02:25:24
湖北省,长江流域,杨柴湖,2026-07-26 02:00,3,29.5,7.27,5.36,311.8,24.3,2.55,,0.027,0.735,0.00414,8413698,2026-07-26 02:25:24
湖北省,长江流域,排水闸,2026-07-26 02:00,4,28.7,7.87,7.52,314.9928,45.5791,1.95,,0.055,1.915,0.00046,2.117857,2026-07-26 02:25:24
湖北省,长江流域,洪湖湖心,2026-07-26 02:00,3,31.9,8.24,8.63,291.469,54.595,2.45,0.035,0.036,1.517,0.0005,43229.2,2026-07-26 02:25:24
湖北省,长江流域,观音寺,2026-07-26 02:00,2,26.71,7.9,7.35,396.67,18.33,1.24,,0.041,1.966,,,2026-07-26 02:25:24
湖北省,长江流域,新刘家台,2026-07-26 02:00,5,33.031,7.49,2.57,371.645,19.146,3.56,0.075,0.065,1.799,,,2026-07-26 02:25:24
湖北省,长江流域,荆州河口,2026-07-26 02:00,2,29.83,7.74,9.47,482.983,19.7296,3.59,0.029,0.042,1.283,,,2026-07-26 02:25:24
湖北省,长江流域,康家岗,2026-07-26 02:00,2,27.88,7.79,7.77,376.476,23.2193,1.14,0.004,0.044,1.8838,,,2026-07-26 02:25:24
湖北省,长江流域,新河村,2026-07-26 02:00,5,32.2656,7.1,2.71,391.1953,22.179,4.29,0.489,0.12,1.964,,,2026-07-26 02:25:24
湖北省,长江流域,新滩,2026-07-26 02:00,6,31.387,7.13,0.43,355.045,30.828,4.57,0.295,0.05,2.426,,,2026-07-26 02:25:24
湖北省,长江流域,淤泥湖,2026-07-26 02:00,3,29.1,8.07,8.27,371,21.6,1.51,0.005,0.126,1.553,,,2026-07-26 02:25:24
湖北省,长江流域,杨家垱,2026-07-26 02:00,3,28.62,8.1,8.54,382.62,29.19,1.17,0.01,0.116,2.025,,,2026-07-26 02:25:24
湖北省,长江流域,调关,2026-07-26 02:00,2,27.37,7.84,7.9,377.8978,27.8984,1.19,0.002,0.045,1.9538,,,2026-07-26 02:25:24
湖北省,长江流域,砖瓦厂,2026-07-26 02:00,2,26.99,7.96,7.3,437.6178,14.7908,1.15,,0.046,2.2235,,,2026-07-26 02:25:24
湖北省,长江流域,三兴公,2026-07-26 01:00,3,33.05,7.6,5.96,511.758,23.073,4.51,0.028,0.087,0.945,,,2026-07-26 02:25:24
湖北省,长江流域,姚集,2026-07-26 02:00,3,30.6,7.44,5.61,412.2,40.8,2.48,0.061,0.082,1.738,,,2026-07-26 02:25:24
湖北省,长江流域,乌溪沟,2026-07-26 02:00,3,24.25846,8.12,7.57,310.374,33.75058,1.81,0.043,0.13,2.766164,,,2026-07-26 02:25:24
湖北省,长江流域,白莲河水库坝上,2026-07-26 02:00,3,28.99,,7.74,120.4,3.108,2.81,0.002,0.033,0.5165,0.022602,26583,2026-07-26 02:25:24
湖北省,长江流域,巴河镇河口,2026-07-26 02:00,2,29.334,7.62,6.97,135.328,9.484,3.58,,0.072,1.096,,,2026-07-26 02:25:24
湖北省,长江流域,兰溪大桥,2026-07-26 02:00,3,29.605,7.91,9.07,146.473,11.857,4.61,0.044,0.073,1.071,,,2026-07-26 02:25:24
湖北省,长江流域,蕲春县八里湖,2026-07-26 01:00,4,29.79,6.97,5.86,137.1893,105.78,3.92,0.341,0.203,2.765,,,2026-07-26 02:25:24
湖北省,长江流域,咸宁湖心,2026-07-26 02:00,4,32.02,8.68,8.34,173.878,20.307,6.28,0.038,0.059,1.283,0.01266,3.720179,2026-07-26 02:25:24
湖北省,长江流域,富水水库,2026-07-26 01:00,3,31.12,,10.56,206.9051,13.96,4.2,0.034,0.034,0.967,0.01,1.22267,2026-07-26 02:25:24
湖北省,长江流域,窑嘴大桥,2026-07-26 01:00,4,29.24,7.25,4.17,256.8808,31.41,2.75,0.2,0.101,1.942,,,2026-07-26 02:25:24
湖北省,长江流域,陆溪口,2026-07-26 02:00,2,29.84,8.16,10.08,199.29,16.85,4,0.16,0.062,1.521,,,2026-07-26 02:25:24
湖北省,长江流域,洪下水文站,2026-07-26 02:00,2,29,8.07,8.72,168.7,5.66,1.6,,0.059,1.057,,,2026-07-26 02:25:24
湖北省,长江流域,厉山,2026-07-26 01:00,4,30.36,7.62,4.26,462.4925,28.64,4.31,0.036,0.077,3.2502,,,2026-07-26 02:25:24
湖北省,长江流域,涢水大桥,2026-07-26 01:00,2,33.1,8.26,10.1,395.1404,17.34,3.97,0.003,0.075,0.6548,,,2026-07-26 02:25:24
湖北省,长江流域,江口村,2026-07-26 02:00,1,31.37,8.7,11.17,156.18,5.134,1,0.001,0.016,1.086,,,2026-07-26 02:25:24
湖北省,长江流域,恩施大沙坝,2026-07-26 02:00,2,26.11,7.92,8.47,322.61,11.2,1.83,0.349,0.085,3.859,,,2026-07-26 02:25:24
湖北省,长江流域,雪照河,2026-07-26 02:00,2,22.86,8.32,8.16,323.6,14.757,1.36,,0.068,3.367,,,2026-07-26 02:25:24
湖北省,长江流域,周家坝,2026-07-26 02:00,2,22.2,7.85,7.94,241.05,12.179,1.37,,0.028,1.875,,,2026-07-26 02:25:24
湖北省,长江流域,百福司镇,2026-07-26 02:00,2,24.017,7.82,8.47,218.553,2.491,0.82,0.023,0.026,1.31,,,2026-07-26 02:25:24
湖北省,长江流域,长顺乡,2026-07-26 02:00,1,22.164,7.58,9.39,216.091,8.818,0.7,0.012,0.013,1.358,,,2026-07-26 02:25:24
湖北省,长江流域,黄腊石,2026-07-26 01:00,2,26.518,7.58,7.04,331.063,24.173,1.65,0.01,0.041,1.798,,,2026-07-26 02:25:24
湖北省,长江流域,乐坪桥,2026-07-26 02:00,2,22.872,7.84,8.35,224.363,9.668,0.5,0.005,0.023,1.202,,,2026-07-26 02:25:24
湖北省,长江流域,积玉口荷花村,2026-07-26 01:00,4,33.61,7.31,3.35,378.7967,38.7138,3.48,0.085,0.123,1.19,,,2026-07-26 02:25:24
湖北省,长江流域,潜江大桥,2026-07-26 01:00,3,33.15,7.51,5.22,535.0814,13.12,1.96,0.211,0.043,1.236,,,2026-07-26 02:25:24
湖北省,长江流域,运粮湖同心队,2026-07-26 02:00,6,32.283,7.38,1.92,391.15,28.23,3.57,0.098,0.113,1.501,,,2026-07-26 02:25:24
湖北省,长江流域,岳口,2026-07-26 01:00,2,29.7,7.96,6.98,359.3,28.62,2.34,0.046,0.057,1.456,,,2026-07-26 02:25:24
湖北省,长江流域,拖市,2026-07-26 02:00,6,32.09,7.22,1.86,673.4,23.767,11.5,0.594,0.239,2.6112,,,2026-07-26 02:25:24
湖北省,长江流域,阳日湾,2026-07-26 02:00,2,23.695,8.01,7.62,328.44,27.559,0.81,0.045,0.059,0.9943,,,2026-07-26 02:25:24
湖南省,长江流域,昭山,2026-07-26 02:00,3,31.3,7.21,5.38,219.6,17,1.5,,0.057,1.409,,,2026-07-26 02:25:24
湖南省,长江流域,捞刀河口,2026-07-26 02:00,2,32.1,7.23,6.27,202.3,6.508,1.43,0.039,0.066,1.473,,,2026-07-26 02:25:24
湖南省,长江流域,三角洲,2026-07-26 02:00,4,28.65,6.9,4.47,146.66,30.83,1.97,0.096,0.136,2.344,,,2026-07-26 02:25:24
湖南省,长江流域,胜利,2026-07-26 02:00,2,29.85,7.33,8.06,206.3,8.19,3.2,0.052,0.048,1.27,,,2026-07-26 02:25:24
湖南省,长江流域,桔子洲,2026-07-26 01:00,3,31.49,7.6,5.43,243.1051,11.09,1.02,0.046,0.066,1.507,,,2026-07-26 02:25:24
湖南省,长江流域,湘东沿塘,2026-07-26 01:00,4,29.369,6.71,4.33,98.105,5.169,2.56,0.084,0.082,1.843,,,2026-07-26 02:25:24
湖南省,长江流域,马家河,2026-07-26 02:00,3,31.85,7.6,5.76,214.16,6.15,2.24,0.022,0.063,1.457,,,2026-07-26 02:25:24
湖南省,长江流域,西阳渡口,2026-07-26 02:00,2,30.67,8.41,12.38,274.94,187.27,2.56,,0.026,1.268,,,2026-07-26 02:25:24
湖南省,长江流域,舂陵水入湘江口,2026-07-26 02:00,2,31.3603,7.83,6.44,253.412,6.5087,1.9,0.019,0.06,1.2834,,,2026-07-26 02:25:24
湖南省,长江流域,耒水入湘江口,2026-07-26 02:00,4,30.9871,7.4,4.33,265.5485,7.8975,2.03,0.02,0.082,1.69,,,2026-07-26 02:25:24
湖南省,长江流域,大河滩,2026-07-26 02:00,3,26.37,7.04,6.72,248.07,26.1,2.86,0.097,0.161,2.666,,,2026-07-26 02:25:24
湖南省,长江流域,草市镇,2026-07-26 02:00,2,30.7518,6.7,6.68,129.7428,12.9043,2,0.046,0.052,1.014,,,2026-07-26 02:25:24
湖南省,长江流域,洣水入湘江口,2026-07-26 02:00,2,31.839,7.77,6.86,132.67,9.46,2.53,0.034,0.042,0.991,,,2026-07-26 02:25:24
湖南省,长江流域,城北水厂,2026-07-26 01:00,2,30.53,7.86,6.64,191.95,8.91,1.38,0.05,0.063,1.2717,,,2026-07-26 02:25:24
湖南省,长江流域,蒸水入湘江口,2026-07-26 02:00,4,33.7717,7.55,4.26,265.7252,12.6405,3.55,0.012,0.142,1.834,,,2026-07-26 02:25:24
湖南省,长江流域,塘渡口,2026-07-26 02:00,2,26.72,7.64,7.43,126.348,11.8467,1.35,,0.042,1.384,,,2026-07-26 02:25:24
湖南省,长江流域,窑市,2026-07-26 02:00,2,25.87,7.4,8.24,40.3277,5.4065,0.95,,0.027,0.485,,,2026-07-26 02:25:24
湖南省,长江流域,渡头村,2026-07-26 02:00,2,28.04,7.43,7.54,189.491,10.1827,3.14,0.065,0.07,1.397,,,2026-07-26 02:25:24
湖南省,长江流域,邵水入河口,2026-07-26 02:00,3,29.8,7.88,5.42,348.504,6.072,2.64,0.151,0.098,2.193,,,2026-07-26 02:25:24
湖南省,长江流域,绥宁河口镇,2026-07-26 02:00,2,23.7041,8.39,8.55,87.8696,13.8643,0.94,0.012,0.03,0.7686,,,2026-07-26 02:25:24
湖南省,长江流域,藕池河东支入境,2026-07-26 01:00,2,28.753,8.29,8.64,370.397,28.178,0.76,0.019,0.034,1.84,,,2026-07-26 02:25:24
湖南省,长江流域,岳阳楼,2026-07-26 02:00,4,31.2,7.47,5.48,229.0014,36.72273,1.71,0.001,0.064,1.3741,0.0010859,203651,2026-07-26 02:25:24
湖南省,长江流域,樟树港,2026-07-26 01:00,3,25.133,7.39,6.03,277.54,10.274,1.17,0.015,0.117,1.391,,,2026-07-26 02:25:24
湖南省,长江流域,城陵矶,2026-07-26 02:00,2,29.18,7.64,6.19,285.646,46.9434,1.21,0.001,0.046,1.6444,,,2026-07-26 02:25:24
湖南省,长江流域,荆江口,2026-07-26 01:00,2,30.94,7.69,6.94,384.3634,7.503,0.72,0.066,0.047,1.932,,,2026-07-26 02:25:24
湖南省,长江流域,六门闸,2026-07-26 01:00,2,32.78,7.74,12.46,327.994,6.77,1.59,0.018,0.061,1.357,,,2026-07-26 02:25:24
湖南省,长江流域,南渡,2026-07-26 02:00,3,29.55,6.81,6.07,100.16,14.53,1.52,0.113,0.115,1.592,,,2026-07-26 02:25:24
湖南省,长江流域,八仙桥,2026-07-26 01:00,2,32.18,8.38,13.52,113.5962,5.9076,3.77,0.048,0.065,1.3137,,,2026-07-26 02:25:24
湖南省,长江流域,坡头,2026-07-26 02:00,2,29.82,8.25,9.7,152.9698,19.76449,1.09,,0.032,1.4191,0.0010639,,2026-07-26 02:25:24
湖南省,长江流域,蒋家嘴,2026-07-26 01:00,2,29.59,7.73,7.07,175.9247,20.145,1.31,0.052,0.023,1.0371,0.00247,5.2268,2026-07-26 02:25:24
湖南省,长江流域,澧水三江口,2026-07-26 01:00,2,31.06376,8.65,7.85,224.9131,16.33715,0.09,0.001,0.021,0.84255,,,2026-07-26 02:25:24
湖南省,长江流域,窑坡渡,2026-07-26 01:00,3,30.7,7.87,5.3,280.1939,11.699,2.41,0.117,0.041,1.1664,,,2026-07-26 02:25:24
湖南省,长江流域,马坡湖,2026-07-26 02:00,2,28.77,8.17,8.3,373.084,30.531,1.4,,0.08,1.952,,,2026-07-26 02:25:24
湖南省,长江流域,陈家河,2026-07-26 02:00,2,28.577,7.9,8.45,182.538,2.146,0.89,0.081,0.033,1.135,,,2026-07-26 02:25:24
湖南省,长江流域,永定澄潭,2026-07-26 02:00,2,27.37,7.98,7.64,206.45,16.154,1.35,0.027,0.056,0.756,,,2026-07-26 02:25:24
湖南省,长江流域,万家嘴,2026-07-26 02:00,2,29.01,7.5,7.75,178.0081,15.84313,1.39,0.015,0.052,2.1831,0.0020142,193482.9,2026-07-26 02:25:24
湖南省,长江流域,南嘴,2026-07-26 02:00,4,31.85,7.93,8.65,201.844,71.81516,2.27,,0.053,1.2511,0.03775,856000.8,2026-07-26 02:25:24
湖南省,长江流域,小河嘴,2026-07-26 02:00,2,29.86,7.94,7.93,197.499,15.0363,1.16,,0.022,1.105,0.00252732,5.62992,2026-07-26 02:25:24
湖南省,长江流域,坪口,2026-07-26 02:00,2,28.95,7.83,7.51,221.3,5.137,1.43,0.011,0.029,1.609,,,2026-07-26 02:25:24
湖南省,长江流域,桃谷山,2026-07-26 02:00,2,28.88,7.72,7.42,191.779,27.8328,1.51,,0.056,1.928,,,2026-07-26 02:25:24
湖南省,长江流域,头山,2026-07-26 01:00,1,29.92,8.72,9.14,121.23,7.31,0.53,,0.009,0.6028,0.0146,2100000,2026-07-26 02:25:24
湖南省,长江流域,渡口大桥,2026-07-26 01:00,4,31.04,6.81,4.02,185.89,171.53,3.79,0.152,0.088,1.5715,,,2026-07-26 02:25:24
湖南省,长江流域,绿埠头,2026-07-26 02:00,2,27.33,7.7,8.05,168.9,4.97,0.78,0.006,0.035,1.225,,,2026-07-26 02:25:24
湖南省,长江流域,诸葛庙,2026-07-26 02:00,2,30.15,7.48,6.49,161.64,14.96,1.15,0.015,0.034,0.658,,,2026-07-26 02:25:24
湖南省,长江流域,五强溪,2026-07-26 02:00,2,30.21,8.32,9.26,173.018,3.8849,1.18,0.008,0.026,1.127,,,2026-07-26 02:25:24
湖南省,长江流域,铜信溪电站,2026-07-26 01:00,1,28.26,8.06,7.93,250.47,5.23,0.75,0.036,0.015,1.498,,,2026-07-26 02:25:24
湖南省,长江流域,地阳坪公路大桥,2026-07-26 02:00,2,27.22,7.12,7.82,74.8668,6.682,0.97,,0.038,0.473,,,2026-07-26 02:25:24
湖南省,长江流域,托口渠水,2026-07-26 02:00,2,28.4,7.82,7.76,70.5,5.672,1.78,0.008,0.031,0.75,,,2026-07-26 02:25:24
湖南省,长江流域,舞水入河口,2026-07-26 02:00,3,29.48,7.71,5.3,251.5,1.548,1.37,0.035,0.057,1.692,,,2026-07-26 02:25:24
湖南省,长江流域,溪子口,2026-07-26 02:00,2,23.12,7.52,8.31,235.7,1.952,0.45,0.012,0.025,1.373,,,2026-07-26 02:25:24
湖南省,长江流域,球溪,2026-07-26 02:00,2,28.908,7.53,6.72,189.73,2.664,1.55,0.014,0.066,1.398,,,2026-07-26 02:25:24
湖南省,长江流域,街埠头,2026-07-26 02:00,2,32.42,8.04,11.15,370.773,5.1318,2.88,0.048,0.045,1.879,,,2026-07-26 02:25:24
湖南省,长江流域,浦市上游,2026-07-26 02:00,2,29.11,7.6,6.92,175.97,11.26,0.95,,0.054,1.364,,,2026-07-26 02:25:24
湖南省,长江流域,里耶镇,2026-07-26 02:00,1,24.6,7.84,7.63,230.44,2.68,1.17,,0.019,1.374,,,2026-07-26 02:25:24
湖南省,长江流域,江口,2026-07-26 01:00,1,27.3,7.9,7.52,254.5055,2.7482,1.11,,0.016,1.343,,,2026-07-26 02:25:24
湖南省,长江流域,武水汇合口,2026-07-26 02:00,2,28.51,7.5,7.29,149.292,5.9724,1.19,,0.039,1.113,,,2026-07-26 02:25:24
广东省,珠江流域,蕉门,2026-07-26 02:00,2,28.47,7.7,6.86,249.091,140.861,2.7,0.007,0.053,2.368,,,2026-07-26 02:25:24
广东省,珠江流域,洪奇沥,2026-07-26 02:00,2,27.34,7.72,7.5,248.4,385.33,3.99,0.005,0.075,2.221,,,2026-07-26 02:25:24
广东省,珠江流域,莲花山,2026-07-26 02:00,3,29.675,6.78,5.36,285.473,45.65,3.63,,0.079,3.06,,,2026-07-26 02:25:24
广东省,珠江流域,流溪河山庄,2026-07-26 02:00,2,29.315,7.03,6.05,83.992,9.148,1.43,0.06,0.042,1.185,,,2026-07-26 02:25:24
广东省,珠江流域,官坦,2026-07-26 02:00,2,28.644,7.65,6.53,221.339,66.589,2.05,0.002,0.063,2.259,,,2026-07-26 02:25:24
广东省,珠江流域,大龙涌口,2026-07-26 02:00,3,28.009,7.39,5.84,198.752,60.342,2.1,0.006,0.068,3.21,,,2026-07-26 02:25:24
广东省,珠江流域,九龙潭,2026-07-26 02:00,2,28.474,6.45,7.49,66.84,71.356,0.93,0.031,0.053,1.568,,,2026-07-26 02:25:24
广东省,珠江流域,增江口,2026-07-26 02:00,2,29.685,6.85,7.36,68.527,70.773,1.54,0.058,0.046,1.475,,,2026-07-26 02:25:24
广东省,珠江流域,鸦岗,2026-07-26 02:00,4,30.74,7.12,3.6,267.3,35,2.87,0.28,0.125,2.649,,,2026-07-26 02:25:24
广东省,珠江流域,大墩,2026-07-26 01:00,3,30.932,6.86,5.29,124.3,38.143,1.48,0.044,0.074,1.745,,,2026-07-26 02:25:24
广东省,珠江流域,十里亭,2026-07-26 02:00,2,28.818,7.86,6.77,216.073,15.016,0.94,0.017,0.043,1.216,,,2026-07-26 02:25:24
广东省,珠江流域,长坝,2026-07-26 02:00,2,29.859,6.88,6.44,90.186,22.617,1.66,0.016,0.04,1.097,,,2026-07-26 02:25:24
广东省,珠江流域,高桥,2026-07-26 01:00,2,27.90888,7.46,6.01,125.4555,29.34421,2.03,0.045,0.068,1.16332,,,2026-07-26 02:25:24
广东省,珠江流域,深圳河口,2026-07-26 01:00,4,30.23708,6.87,3.37,428.1998,42.97582,4.22,0.294,0.156,4.47176,,,2026-07-26 02:25:24
广东省,珠江流域,小漠桥,2026-07-26 02:00,1,26.705,8.06,7.62,34791.64,158.266,1.18,0.032,0.019,0.653,,,2026-07-26 02:25:24
广东省,珠江流域,共和村,2026-07-26 02:00,4,30.249,7.29,4.55,662.976,17.119,4.44,0.904,0.176,6.832,,,2026-07-26 02:25:24
广东省,珠江流域,珠海大桥,2026-07-26 02:00,2,27.7,7.77,7.01,268.086,182.66,1.83,,0.074,2.466,,,2026-07-26 02:25:24
广东省,珠江流域,石角咀水闸,2026-07-26 02:00,5,30.71,6.92,2.58,463.39,75.16,4.06,0.951,0.194,3.301,,,2026-07-26 02:25:24
广东省,珠江流域,鸡啼门大桥,2026-07-26 02:00,2,28.15,7.65,6.55,276.4,71.45,1.19,,0.083,2.526,,,2026-07-26 02:25:24
广东省,珠江流域,布洲,2026-07-26 02:00,4,26.8,7.63,7.28,226.321,143.629,9.44,0.063,0.118,3.112,,,2026-07-26 02:25:24
广东省,珠江流域,海门湾桥闸,2026-07-26 02:00,4,28.81,7.23,6.76,892.33,23.31,4.49,1.379,0.152,3.771,,,2026-07-26 02:25:24
广东省,珠江流域,升平,2026-07-26 01:00,2,28.731,7.57,6.2,16512.94,22.022,2.06,0.022,0.072,1.866,,,2026-07-26 02:25:24
广东省,珠江流域,外砂,2026-07-26 02:00,2,29.575,7.18,6.55,117.504,13.268,1.74,0.04,0.046,1.514,,,2026-07-26 02:25:24
广东省,珠江流域,大衙,2026-07-26 01:00,3,33.138,6.96,5.84,134.546,9.689,1.39,0.003,0.062,1.47104,,,2026-07-26 02:25:24
广东省,珠江流域,平洲,2026-07-26 02:00,2,28.404,7.6,6.94,188.194,90.993,2.6,0.013,0.026,2.82,,,2026-07-26 02:25:24
广东省,珠江流域,乌洲,2026-07-26 02:00,2,27.412,7.78,6.9,198.455,28.81,1.55,0.008,0.055,2.6,,,2026-07-26 02:25:24
广东省,珠江流域,古劳,2026-07-26 01:00,2,27.70489,7.26,6.66,229.5067,96.45538,1.9,0.088,0.065,2.0692,,,2026-07-26 02:25:24
广东省,珠江流域,苍山渡口,2026-07-26 02:00,3,29.1,7.37,5.9,358.469,30.422,2.04,0.036,0.121,2.12,,,2026-07-26 02:25:24
广东省,珠江流域,牛湾,2026-07-26 02:00,4,29.83,6.63,3.15,121.08,29.21,4.32,0.221,0.178,2.075,,,2026-07-26 02:25:24
广东省,珠江流域,渠首,2026-07-26 02:00,3,30.66,8.7,7.86,120.47,17.37,5.22,0.011,0.026,0.894,0.01521,5712570,2026-07-26 02:25:24
广东省,珠江流域,黄坡,2026-07-26 02:00,4,32.08,6.98,4.26,151.81,21.09,3.99,,0.098,1.939,,,2026-07-26 02:25:24
广东省,珠江流域,山角,2026-07-26 02:00,6,31.89,9.08,17.12,125.51,13.85,5.97,,0.107,2.279,,,2026-07-26 02:25:24
广东省,珠江流域,运河管理局,2026-07-26 02:00,3,31.69,8.35,8.21,131.57,40.97,5.21,,0.029,0.846,,,2026-07-26 02:25:24
广东省,珠江流域,排里,2026-07-26 02:00,4,31.4,6.88,6.45,145.39,19.86,6.57,0.099,0.218,2.574,,,2026-07-26 02:25:24
广东省,珠江流域,南渡河桥,2026-07-26 02:00,4,32.44,6.51,3.81,194.06,28.52,6,,0.08,2.962,,,2026-07-26 02:25:24
广东省,珠江流域,营仔,2026-07-26 02:00,4,30.19,6.77,4.51,176.61,16.54,6.07,0.188,0.159,2.751,,,2026-07-26 02:25:24
广东省,珠江流域,黄竹尾水闸,2026-07-26 02:00,4,30.68,6.98,4.27,125.62,43.07,3.62,0.128,0.15,2.478,,,2026-07-26 02:25:24
广东省,珠江流域,石碧,2026-07-26 01:00,4,31.558,6.35,5.11,278.014,40.058,4.92,0.336,0.202,3.167,,,2026-07-26 02:25:24
广东省,珠江流域,石骨水库,2026-07-26 01:00,-1,,,,,,,,,,,,2026-07-26 02:25:24
广东省,珠江流域,良德水库,2026-07-26 02:00,2,31.1,8.51,9.09,65.485,10.822,1.95,,0.012,0.329,0.00552,521406,2026-07-26 02:25:24
广东省,珠江流域,江口门,2026-07-26 00:00,3,29.3,6.75,6.27,111.63,50.79,3.65,0.172,0.177,2.388,,,2026-07-26 02:25:24
广东省,珠江流域,米急渡,2026-07-26 02:00,3,29.36,7.08,5.95,92.861,40.71,1.81,0.078,0.099,1.911,,,2026-07-26 02:25:24
广东省,珠江流域,梁村,2026-07-26 02:00,2,28.9053,7.53,7.02,153.375,48.85858,1.75,0.01,0.076,2.209,,,2026-07-26 02:25:24
广东省,珠江流域,封开城上,2026-07-26 02:00,2,27.372,7.53,7.17,239.115,178.013,3.51,0.009,0.08,4.47,,,2026-07-26 02:25:24
广东省,珠江流域,白沙街,2026-07-26 01:00,2,28.198,7.43,7.4,146.674,34.292,1.2,0.047,0.053,1.435,,,2026-07-26 02:25:24
广东省,珠江流域,黄岗,2026-07-26 02:00,2,27.49,7.46,6.78,214.1,117.427,2.86,0.016,0.032,3.7,,,2026-07-26 02:25:24
广东省,珠江流域,永安,2026-07-26 02:00,2,27.508,7.54,7.18,205.537,131.178,3.12,0.009,0.065,3.71,,,2026-07-26 02:25:24
广东省,珠江流域,东江江口,2026-07-26 02:00,2,25.43,6.97,6.78,90.23132,58.7271,1.82,0.017,0.048,1.947,,,2026-07-26 02:25:24
广东省,珠江流域,博罗城下,2026-07-26 02:00,3,29.008,6.89,5.43,119.059,26.474,1.77,0.048,0.075,1.955,,,2026-07-26 02:25:24
广东省,珠江流域,惠州汝湖,2026-07-26 02:00,2,26.119,7.44,7.57,92.808,17.776,1.48,0.002,0.053,1.503,,,2026-07-26 02:25:24
广东省,珠江流域,沙河河口,2026-07-26 02:00,4,30.049,6.94,4.93,173.731,26.278,2.46,0.188,0.104,2.339,,,2026-07-26 02:25:24
广东省,珠江流域,马安大桥下,2026-07-26 02:00,4,29.35,6.6,4.94,70.895,21.195,2.79,0.076,0.081,1.719,,,2026-07-26 02:25:24
广东省,珠江流域,虎爪断桥,2026-07-26 02:00,5,27.673,7.27,5.77,372.732,159.392,6.55,1.715,0.318,6.424,,,2026-07-26 02:25:24
广东省,珠江流域,公庄河口,2026-07-26 01:00,3,30.1,7.15,6.59,136.3,47,2.79,0.004,0.121,1.537,,,2026-07-26 02:25:24
广东省,珠江流域,青溪,2026-07-26 01:00,4,27.35579,6.83,3.03,114.9738,5.15757,1.15,0.018,0.055,1.38952,,,2026-07-26 02:25:24
广东省,珠江流域,大麻,2026-07-26 02:00,3,29.17,6.79,5.06,135.128,37.319,1.78,0.009,0.06,1.989,,,2026-07-26 02:25:24
广东省,珠江流域,西阳电站,2026-07-26 02:00,3,30.418,6.97,5.85,132.687,13.451,2.63,0.059,0.051,1.688,,,2026-07-26 02:25:24
广东省,珠江流域,五丰渡口,2026-07-26 02:00,2,28.87,6.9,6.42,95.1,40.52,1.9,0.31,0.056,4.3242,,,2026-07-26 02:25:24
广东省,珠江流域,新铺,2026-07-26 02:00,3,29.26,7.22,5.85,112.592,14.421,1.59,0.146,0.041,1.7127,,,2026-07-26 02:25:24
广东省,珠江流域,海丰西闸,2026-07-26 02:00,2,29.57,6.85,7.19,51.5,23.3,3.33,0.086,0.043,0.319,,,2026-07-26 02:25:24
广东省,珠江流域,陆丰半湾水闸,2026-07-26 02:00,4,27.542,6.98,7.37,55.774,78.193,1.62,1.067,,1.72,,,2026-07-26 02:25:24
广东省,珠江流域,东溪水闸,2026-07-26 02:00,4,29.45,7.26,7.15,379.447,89.538,7.73,0.184,0.111,1.505,,,2026-07-26 02:25:24
广东省,珠江流域,庙咀里,2026-07-26 02:00,3,29.502,6.87,5.86,124.452,13.567,2,0.045,0.034,1.379,,,2026-07-26 02:25:24
广东省,珠江流域,龙川城铁路桥,2026-07-26 02:00,4,27.351,6.46,4.61,103.409,37.156,2.58,0.002,0.046,1.926,,,2026-07-26 02:25:24
广东省,珠江流域,江城,2026-07-26 02:00,3,30.01,6.83,6.57,113.937,33.023,2.66,0.1,0.137,1.205,,,2026-07-26 02:25:24
广东省,珠江流域,尖山,2026-07-26 02:00,3,30.85,6.61,6.55,110.98,9.35,3.54,0.058,0.151,2.07,,,2026-07-26 02:25:24
广东省,珠江流域,埠场,2026-07-26 02:00,3,29.74,6.8,6.17,134.65,22.987,2.36,0.12,0.128,1.746,,,2026-07-26 02:25:24
广东省,珠江流域,大泉,2026-07-26 02:00,4,31.18,6.77,3.63,237.1,22.7,4.87,0.385,0.192,1.441,,,2026-07-26 02:25:24
广东省,珠江流域,北江石尾,2026-07-26 01:00,1,27.084,8.14,7.85,180.485,15.245,0.89,,,1.063,,,2026-07-26 02:25:24
广东省,珠江流域,石角,2026-07-26 02:00,2,28.8132,7.73,8.27,180.9013,29.56461,1.49,0.005,0.044,1.636,,,2026-07-26 02:25:24
广东省,珠江流域,连江西牛,2026-07-26 02:00,2,27.14,7.76,7.76,197.176,18.222,1.37,0.008,0.045,1.463,,,2026-07-26 02:25:24
广东省,珠江流域,樟村,2026-07-26 02:00,6,31.62,6.91,1.91,398.077,26.7,3.82,0.859,0.16,5.058,,,2026-07-26 02:25:24
广东省,珠江流域,沙田泗盛,2026-07-26 01:00,5,30.43,6.46,2.5,263.37,60.01,3.35,0.099,0.088,2.895,,,2026-07-26 02:25:24
广东省,珠江流域,旗岭,2026-07-26 02:00,6,29.63,7.04,1.13,364.612,150.56,3.99,0.56,0.37,4.979,,,2026-07-26 02:25:24
广东省,珠江流域,石龙南河,2026-07-26 01:00,3,30.22,6.88,5.16,136.496,22.802,2,0.016,0.078,1.528,,,2026-07-26 02:25:24
广东省,珠江流域,中山港码头,2026-07-26 02:00,3,27.69,7.66,7.19,241.85,95.636,2.51,0.139,0.103,3.046,,,2026-07-26 02:25:24
广东省,珠江流域,赤凤,2026-07-26 02:00,2,29.12,7.08,6.03,131.96,31.32,1.57,0.032,0.1,1.757,,,2026-07-26 02:25:24
广东省,珠江流域,凤江桥,2026-07-26 02:00,2,28.64,7.07,6.47,117.33,62.496,2.83,0.092,0.097,1.952,,,2026-07-26 02:25:24
广东省,珠江流域,隆溪大道桥,2026-07-26 02:00,2,27.56,7.34,7.86,,98.87,1.63,0.092,0.03,1.425,,,2026-07-26 02:25:24
广东省,珠江流域,龙石,2026-07-26 02:00,5,30.624,6.84,2.24,206.248,34.06,3.41,0.954,0.123,3.243,,,2026-07-26 02:25:24
广东省,珠江流域,龟山塔,2026-07-26 02:00,2,29.73,6.98,6.24,78.175,15.269,1.23,0.089,0.079,1.2357,,,2026-07-26 02:25:24
广东省,珠江流域,古封,2026-07-26 01:00,2,27.53,7.63,7.28,228.5,89.95,2.17,0.071,0.054,2.714,,,2026-07-26 02:25:24
广东省,珠江流域,都骑,2026-07-26 02:00,2,26.985,7.53,8.28,225.469,97.917,2.82,0.002,0.072,3.401,,,2026-07-26 02:25:24
广西壮族自治区,珠江流域,老口,2026-07-26 02:00,2,28.90466,7.76,6.43,293.1725,26.49614,1.22,,0.042,2.99905,,,2026-07-26 02:25:24
广西壮族自治区,珠江流域,叮当,2026-07-26 02:00,2,29.3,7.68,6.88,319.945,18.473,1.87,0.042,0.085,4.5966,,,2026-07-26 02:25:24
广西壮族自治区,珠江流域,六景,2026-07-26 02:00,2,28.95,7.75,6.66,305.41,20.72,1.68,,0.042,2.448,,,2026-07-26 02:25:24
广西壮族自治区,珠江流域,雁江,2026-07-26 01:00,3,27.84681,8.04,5.81,317.9177,20.66899,1.22,0.02,0.022,2.23396,,,2026-07-26 02:25:24
广西壮族自治区,珠江流域,上中,2026-07-26 01:00,2,29.73,7.75,6.89,342.0719,9.45182,1.34,0.022,0.029,2.99576,,,2026-07-26 02:25:24
广西壮族自治区,珠江流域,白马,2026-07-26 02:00,2,27.41,7.67,6.01,318.18,51.58,2.06,,0.048,2.705,,,2026-07-26 02:25:24
广西壮族自治区,珠江流域,露塘,2026-07-26 01:00,2,25.18,7.64,9.32,147.6832,142.249,1.35,0.226,0.033,2.28671,,,2026-07-26 02:25:24
广西壮族自治区,珠江流域,龙溪,2026-07-26 02:00,2,26.082,7.4,7.77,113.591,9.439,0.66,0.004,0.026,1.403,,,2026-07-26 02:25:24
广西壮族自治区,珠江流域,阳朔,2026-07-26 01:00,2,26.82,7.61,7.25,162.92,7.14,1.24,0.003,0.041,1.5481,,,2026-07-26 02:25:24
广西壮族自治区,珠江流域,交州,2026-07-26 02:00,1,23.718,7.12,9.2,48.022,129.128,0.28,0.01,0.012,0.765,,,2026-07-26 02:25:24
广西壮族自治区,珠江流域,京南,2026-07-26 01:00,2,26.74219,7.35,9.9,177.9194,19.03089,0.99,0.025,0.056,1.5786,,,2026-07-26 02:25:24
广西壮族自治区,珠江流域,亚桥,2026-07-26 01:00,4,27.75,6.88,,144.551,38.365,3.71,0.049,0.233,2.393,,,2026-07-26 02:25:24
广西壮族自治区,珠江流域,东边埇,2026-07-26 02:00,3,28.16,6.46,7.05,71.5373,78.426,1.82,0.048,0.124,2.302,,,2026-07-26 02:25:24
广西壮族自治区,珠江流域,南域,2026-07-26 01:00,3,28.87,6.66,6.6,112.5817,35.01677,4.26,0.103,0.098,2.67921,,,2026-07-26 02:25:24
广西壮族自治区,珠江流域,西门江,2026-07-26 02:00,4,30.3,6.72,3.93,252.95,31.514,3.58,0.297,0.188,3.0846,,,2026-07-26 02:25:24
广西壮族自治区,珠江流域,高速公路桥,2026-07-26 02:00,3,29.8,6.85,6.7,126.73,22.75,4.25,0.095,0.171,2.2565,,,2026-07-26 02:25:24
广西壮族自治区,珠江流域,三滩,2026-07-26 02:00,-1,,,,,,,,,,,,2026-07-26 02:25:24
广西壮族自治区,珠江流域,边贸码头,2026-07-26 02:00,2,28.23,6.62,7.84,54.68,16.93,1.45,0.122,0.068,1.347,,,2026-07-26 02:25:24
广西壮族自治区,珠江流域,高塘,2026-07-26 02:00,3,28.72,6.11,6.99,55.99,121.99,3.23,0.083,0.118,2.408,,,2026-07-26 02:25:24
广西壮族自治区,珠江流域,茅岭大桥,2026-07-26 02:00,6,28.47,5.98,6.9,53.31,41.67,2.31,0.04,0.062,1.111,,,2026-07-26 02:25:24
广西壮族自治区,珠江流域,钦江东,2026-07-26 01:00,2,27.86347,7.2,6.36,167.7972,177.7216,3.96,0.195,0.078,1.6557,,,2026-07-26 02:25:24
广西壮族自治区,珠江流域,高速公路西桥,2026-07-26 02:00,5,29.88,6.43,2.67,491.26,229.48,5.31,0.384,0.192,2.521,,,2026-07-26 02:25:24
广西壮族自治区,珠江流域,武林渡口,2026-07-26 02:00,2,27.58,7.31,7.55,247.476,111.073,2.3,0.051,0.064,3.87,,,2026-07-26 02:25:24
广西壮族自治区,珠江流域,火电厂,2026-07-26 02:00,3,29.175,7.48,5.48,281.37,29.533,2.22,0.001,0.069,2.494,,,2026-07-26 02:25:24
广西壮族自治区,珠江流域,自良渡口,2026-07-26 01:00,3,28.42,6.98,5.89,121.1867,32.98336,2.08,0.046,0.089,2.02593,,,2026-07-26 02:25:24
广西壮族自治区,珠江流域,横塘,2026-07-26 01:00,4,29.45,7.02,6.63,158.0523,41.91472,3.69,0.007,0.212,3.24744,,,2026-07-26 02:25:24
广西壮族自治区,珠江流域,隘屯,2026-07-26 02:00,2,25.6617,8.09,9.27,362.4627,15.04678,0.54,0.012,0.027,1.973346,,,2026-07-26 02:25:24
广西壮族自治区,珠江流域,公篓,2026-07-26 02:00,2,24.82,7.83,6.61,260.69,6.83,1.26,0.081,0.031,1.428,,,2026-07-26 02:25:24
广西壮族自治区,珠江流域,桂花,2026-07-26 01:00,2,25.64,7.42,7.96,159.9692,11.20144,0.88,0.018,0.048,1.54696,,,2026-07-26 02:25:24
广西壮族自治区,珠江流域,贺街,2026-07-26 02:00,2,27.53,7.61,7.59,156.19,23.017,0.81,0.037,0.048,1.106,,,2026-07-26 02:25:24
广西壮族自治区,珠江流域,杨民,2026-07-26 02:00,1,26.034,7.81,7.84,304.296,5.497,1.6,0.021,0.017,1.895,,,2026-07-26 02:25:24
广西壮族自治区,珠江流域,岩滩水库,2026-07-26 02:00,1,24.586,8.06,7.5,327.211,2.44,0.41,0.03,0.005,2.035,0.003527,675856.3,2026-07-26 02:25:24
广西壮族自治区,珠江流域,垒亭,2026-07-26 01:00,1,24.70655,7.77,8.05,345.7231,15.66507,1.01,0.011,0.015,1.86559,,,2026-07-26 02:25:24
广西壮族自治区,珠江流域,象州运江老街,2026-07-26 02:00,2,26.479,7.67,8.33,164.084,45.395,0.94,0.002,0.033,1.652,,,2026-07-26 02:25:24
广西壮族自治区,珠江流域,勒马,2026-07-26 02:00,2,26.213,7.79,7.51,246.425,37.634,0.92,0.01,0.032,2.98,,,2026-07-26 02:25:24
广西壮族自治区,珠江流域,上金,2026-07-26 02:00,3,29.93,6.83,5.03,132.7607,49.7738,2.22,,0.028,2.2971,,,2026-07-26 02:25:24
广西壮族自治区,珠江流域,渠立,2026-07-26 02:00,2,28.82,7.87,8.68,315.107,14.244,1.27,,0.03,2.131,,,2026-07-26 02:25:24
广西壮族自治区,珠江流域,棉江,2026-07-26 02:00,2,28.89,7.47,6.71,250.428,17.025,1.42,0.006,0.023,2.0367,,,2026-07-26 02:25:24
海南省,珠江流域,龙塘,2026-07-26 01:00,3,31.8,7.04,5.69,114.3,13.6,3.73,0.021,0.088,1.177,,,2026-07-26 02:25:24
海南省,珠江流域,儒房,2026-07-26 02:00,2,31.9,8.21,10.25,14725.2,5.5,2.81,0.065,0.043,1.029,,,2026-07-26 02:25:24
海南省,珠江流域,后黎村,2026-07-26 02:00,3,32.4,7.37,5.67,99,7.6,2.39,,0.041,0.768,,,2026-07-26 02:25:24
海南省,珠江流域,林家村,2026-07-26 02:00,3,32.84,6.33,5.84,246.02,11.04,1.45,0.068,0.019,2.249,,,2026-07-26 02:25:24
海南省,珠江流域,崖城大桥,2026-07-26 02:00,2,29.5,6.69,7.46,96.27,41.5,1.98,0.004,0.03,2.193,,,2026-07-26 02:25:24
海南省,珠江流域,藤桥河大桥,2026-07-26 02:00,2,31.68,8.31,8.53,1384.39,3.07,2.28,,0.028,1.057,,,2026-07-26 02:25:24
海南省,珠江流域,松涛水库南丰库心,2026-07-26 01:00,2,31.6511,7.68,6.64,77.79492,1.093588,0.8,0.001,0.005,0.1653638,0.01391991,1039761,2026-07-26 02:25:24
海南省,珠江流域,上村桥,2026-07-26 02:00,3,32.1,7.16,5.11,540.9,30.8,3.47,0.024,0.076,1.174,,,2026-07-26 02:25:24
海南省,珠江流域,中和桥,2026-07-26 02:00,3,31.8,7.25,7.67,207.6,16.5,4.01,0.035,0.091,0.703,,,2026-07-26 02:25:24
海南省,珠江流域,汀洲,2026-07-26 01:00,2,30.93,6.61,6.17,75.82,6.42,1.56,0.01,0.032,0.669,,,2026-07-26 02:25:24
海南省,珠江流域,龙江,2026-07-26 01:00,2,29.82,6.73,7.12,73.12,3.21,2.05,0.007,0.029,0.562,,,2026-07-26 02:25:24
海南省,珠江流域,溪仔村,2026-07-26 02:00,2,30.4,7.41,9.07,85.97,5.86,2.11,0.002,0.026,0.42,,,2026-07-26 02:25:24
海南省,珠江流域,羊头外村桥,2026-07-26 02:00,4,33.58,7.71,7.84,160.25,28.01,7.8,0.049,0.105,1.779,,,2026-07-26 02:25:24
海南省,珠江流域,农垦橡胶所一队,2026-07-26 02:00,2,30.7,6.95,6.9,78.9,4.8,1.37,0.003,0.021,1.155,,,2026-07-26 02:25:24
海南省,珠江流域,分洪桥,2026-07-26 02:00,3,32.66,7.81,11.93,86.83,22.42,4.16,,0.03,0.449,,,2026-07-26 02:25:24
海南省,珠江流域,后山村,2026-07-26 02:00,5,32.65,6.7,2.89,136.376,27.7775,4.39,0.566,0.169,2.542,,,2026-07-26 02:25:24
海南省,珠江流域,大广坝水库出口,2026-07-26 02:00,4,28.368,7.19,3.91,92.153,22.769,2.06,,0.021,0.915,0.005681,1508780,2026-07-26 02:25:24
海南省,珠江流域,罗带铁路桥,2026-07-26 02:00,3,31.6,8.83,13.1,23567.8,4,5.16,0.208,0.168,0.862,,,2026-07-26 02:25:24
海南省,珠江流域,山口,2026-07-26 02:00,2,32.9,7.47,7.25,107.69,14.96,2.23,0.004,0.02,0.335,,,2026-07-26 02:25:24
海南省,珠江流域,白仞滩电站,2026-07-26 02:00,4,31.8,7.33,4.53,168.6,7.3,3.63,0.053,0.078,1.586,,,2026-07-26 02:25:24
海南省,珠江流域,大风,2026-07-26 02:00,2,30.38113,6.91,6.2,105.7456,17.56156,2.62,0.004,0.041,1.172893,,,2026-07-26 02:25:24
海南省,珠江流域,叉河口,2026-07-26 02:00,2,31.4,7.66,8.01,144.8,17.7,2.82,0.008,0.061,1.542,,,2026-07-26 02:25:24
海南省,珠江流域,乐中,2026-07-26 02:00,2,31.2,8.05,8.48,103,18,1.58,,0.022,0.476,,,2026-07-26 02:25:24
海南省,珠江流域,跨界桥,2026-07-26 02:00,2,32,8.42,12.76,107.8,10.9,2.91,0.005,0.035,0.674,,,2026-07-26 02:25:24
海南省,珠江流域,群英大坝,2026-07-26 02:00,2,30.4,8.09,10.11,85,9.4,2.22,0.003,0.037,0.724,,,2026-07-26 02:25:24
海南省,珠江流域,大溪村,2026-07-26 02:00,2,31,7.25,6.31,459,10.4,2.82,0.104,0.057,0.852,,,2026-07-26 02:25:24
重庆市,长江流域,晒网坝,2026-07-26 02:00,2,26.5,7.89,6.46,342.1586,38.8943,1.4,,0.054,2.106,,,2026-07-26 02:25:24
重庆市,长江流域,向家,2026-07-26 02:00,2,26.26,7.67,8.52,194.924,22.695,3.45,,0.049,1.113,,,2026-07-26 02:25:24
重庆市,长江流域,磨刀溪长滩,2026-07-26 02:00,6,26.57,9.19,24.74,178.026,13.949,4.59,0.075,0.046,1.067,,,2026-07-26 02:25:24
重庆市,长江流域,清溪场,2026-07-26 01:00,2,,,,,,1.82,,0.056,1.54,,,2026-07-26 02:25:24
重庆市,长江流域,木瓜洞,2026-07-26 01:00,3,33.33,8.38,10.96,361.8616,17.3201,4.7,0.004,0.058,0.895,,,2026-07-26 02:25:24
重庆市,长江流域,寸滩,2026-07-26 02:00,2,25.82,7.98,7.54,401.144,31.895,1.86,0.11,0.054,1.58,,,2026-07-26 02:25:24
重庆市,长江流域,和尚山,2026-07-26 02:00,2,26.74,7.97,7.02,385.53,49.49,2.2,0.022,0.029,1.06,,,2026-07-26 02:25:24
重庆市,长江流域,北温泉,2026-07-26 02:00,2,30.44,7.85,7.09,433.331,14.8516,2.03,0.016,0.016,1.314,,,2026-07-26 02:25:24
重庆市,长江流域,寨溪大桥,2026-07-26 02:00,2,31.33,7.91,14.66,1029.921,15.9796,2.14,,0.018,1.671,,,2026-07-26 02:25:24
重庆市,长江流域,石门坎,2026-07-26 02:00,1,26.54,8.08,7.71,468.76,4.45,0.7,,0.007,1.507,,,2026-07-26 02:25:24
重庆市,长江流域,玉滩水库,2026-07-26 01:00,2,30.95,7.74,6.71,411.5653,12.3312,3.76,0.012,0.012,0.50476,0.04187749,4549185,2026-07-26 02:25:24
重庆市,长江流域,御临镇,2026-07-26 02:00,3,34.18,8.55,14.44,319.564,5.727,4.44,0.012,0.035,0.963,,,2026-07-26 02:25:24
重庆市,长江流域,黎家乡崔家岩村,2026-07-26 01:00,3,32.73,8.95,22.56,223.25,8.27,4.67,0.006,0.033,0.676,,,2026-07-26 02:25:24
重庆市,长江流域,运输桥,2026-07-26 01:00,4,26.01,7.56,3.99,379.8978,6.2482,4.38,0.045,0.082,2.241,,,2026-07-26 02:25:24
重庆市,长江流域,六剑滩,2026-07-26 02:00,3,32.27,8.39,10.17,292.1,25.57,5.82,0.02,0.087,1.626,,,2026-07-26 02:25:24
重庆市,长江流域,支坪街道,2026-07-26 02:00,2,31.96,8.18,7.01,542.4455,27.9941,1.11,,0.013,1.613,,,2026-07-26 02:25:24
重庆市,长江流域,江津大桥,2026-07-26 02:00,2,25.04,8.08,7.72,415.19,17.28,0.88,0.004,0.038,0.963,,,2026-07-26 02:25:24
重庆市,长江流域,朱杨溪,2026-07-26 02:00,3,33.04,8.4,6.37,614.84,28,5.6,,0.09,2.421,,,2026-07-26 02:25:24
重庆市,长江流域,北渡,2026-07-26 02:00,2,29.44,8.29,8.85,495.6019,15.531,1.36,,0.023,2.129,,,2026-07-26 02:25:24
重庆市,长江流域,白杨溪,2026-07-26 02:00,2,32.34,8.02,7.29,120.25,10.133,3.44,,0.025,0.85,,,2026-07-26 02:25:24
重庆市,长江流域,太和,2026-07-26 02:00,2,32.5,8.34,9.17,338.02,15.6,2.87,,0.02,0.906,,,2026-07-26 02:25:24
重庆市,长江流域,官渡,2026-07-26 02:00,2,33.78,8.28,20.65,288.6594,10.95,3.86,0.004,0.042,0.987,,,2026-07-26 02:25:24
重庆市,长江流域,临渡,2026-07-26 02:00,2,33.91,8.16,9.55,378.3,14.792,1.35,,0.03,1.071,,,2026-07-26 02:25:24
重庆市,长江流域,渠江码头,2026-07-26 02:00,2,32.81,8.1,11.48,299.106,15.966,3.57,0.003,0.031,1.272,,,2026-07-26 02:25:24
重庆市,长江流域,黄桷,2026-07-26 02:00,4,31.28,7.78,4.12,621.455,1.317,2.26,0.016,0.029,0.36,,,2026-07-26 02:25:24
重庆市,长江流域,朱沱,2026-07-26 02:00,2,25.06,8.08,7.25,407.4,19.76,0.88,0.009,0.055,1.462,,,2026-07-26 02:25:24
重庆市,长江流域,四明水厂,2026-07-26 02:00,4,32.29,8.1,7.87,358.2,36.2,7.78,,0.107,1.192,,,2026-07-26 02:25:24
重庆市,长江流域,金狮桥,2026-07-26 02:00,1,19.04,8.13,8.98,218.069,10.902,1.15,0.025,0.009,0.827,,,2026-07-26 02:25:24
重庆市,长江流域,璧南河两河口,2026-07-26 01:00,4,32.89,8.46,10.63,617.222,13.161,7.7,,0.091,1.212,,,2026-07-26 02:25:24
重庆市,长江流域,中和,2026-07-26 02:00,4,31.39,7.4,12.42,483.5,11.09,6.65,,0.045,0.919,,,2026-07-26 02:25:24
重庆市,长江流域,玉溪,2026-07-26 01:00,2,28.65,7.91,8.21,384.3312,26.6228,2.24,0.02,0.063,1.606,,,2026-07-26 02:25:24
重庆市,长江流域,高洞电站,2026-07-26 01:00,3,34.19,8.3,16.85,518.01,11.452,5.66,0.001,0.03,1.893,,,2026-07-26 02:25:24
重庆市,长江流域,巫山乡,2026-07-26 02:00,3,28.53,8.4,7.48,245.605,13.669,4.11,,0.061,0.94,,,2026-07-26 02:25:24
重庆市,长江流域,上河坝,2026-07-26 02:00,3,27.22,8.58,7.86,,0.35,4.76,0.022,0.08,,,,2026-07-26 02:25:24
重庆市,长江流域,芙蓉洞码头,2026-07-26 02:00,1,29.63,8.79,17.28,179.33,11.07,1.73,0.001,0.017,1.005,,,2026-07-26 02:25:24
重庆市,长江流域,江口镇,2026-07-26 02:00,1,24.838,8.23,8.24,313.783,2.527,0.38,,0.01,1.709,,,2026-07-26 02:25:24
重庆市,长江流域,土堡寨,2026-07-26 02:00,1,20.56,8.25,8.85,443.591,5.383,0.22,0.017,0.007,1.015,,,2026-07-26 02:25:24
重庆市,长江流域,湖海场,2026-07-26 02:00,2,25.72,7.59,7.92,191.646,32.493,3.6,,0.075,1.585,,,2026-07-26 02:25:24
重庆市,长江流域,卫星桥,2026-07-26 02:00,3,31.71,8.13,5.65,290.7405,22.2433,4.91,0.008,0.043,1.034,,,2026-07-26 02:25:24
重庆市,长江流域,高洞梁,2026-07-26 02:00,2,33.19,7.92,9.64,416.375,27.461,2.95,,0.041,0.374,,,2026-07-26 02:25:24
重庆市,长江流域,苏家,2026-07-26 02:00,2,26.63,7.84,6.72,386.8025,59.5388,1.69,0.013,0.063,2.448,,,2026-07-26 02:25:24
重庆市,长江流域,清水湖渡口,2026-07-26 02:00,6,29.97,9.02,16.75,182.393,3.4071,0.62,0.013,0.023,0.8354,,,2026-07-26 02:25:24
重庆市,长江流域,小江河口,2026-07-26 02:00,2,29.4,8.79,14.86,390.58,4.54,2.29,0.019,0.027,1.3952,,,2026-07-26 02:25:24
重庆市,长江流域,汤溪河江口,2026-07-26 02:00,1,25.96,7.88,8.13,305.95,9.67,0.73,0.006,0.008,0.753,,,2026-07-26 02:25:24
重庆市,长江流域,罗汉大桥,2026-07-26 02:00,2,28.97,8.04,8.77,289,14.35,1.18,0.031,0.031,1.726,,,2026-07-26 02:25:24
重庆市,长江流域,白帝城,2026-07-26 02:00,2,26.33,7.96,6.86,372.705,38.383,1.23,,0.051,2.04,,,2026-07-26 02:25:24
重庆市,长江流域,培石,2026-07-26 01:00,2,26.7571,7.72,7.21,381.1784,31.5328,1.49,0.21,0.055,1.5089,,,2026-07-26 02:25:24
重庆市,长江流域,化杠,2026-07-26 01:00,2,22.67,7.72,7.86,117.26,9.45,2.22,0.008,0.051,1.4587,,,2026-07-26 02:25:24
重庆市,长江流域,小河,2026-07-26 02:00,2,19.72,7.61,7.95,278.453,11.491,1.05,0.001,0.023,1.68,,,2026-07-26 02:25:24
重庆市,长江流域,万木,2026-07-26 01:00,2,25.28,7.69,6.79,359.69,12.8,1,0.007,0.036,2.665,,,2026-07-26 02:25:24
重庆市,长江流域,红花村,2026-07-26 02:00,2,23.362,7.8,7.63,241.202,21.565,1.33,0.009,0.034,1.537,,,2026-07-26 02:25:24
重庆市,长江流域,南洞沟,2026-07-26 02:00,2,25.63,8.12,6.42,317.046,6.389,0.48,0.001,0.023,1.452,,,2026-07-26 02:25:24
重庆市,长江流域,郁江桥,2026-07-26 02:00,1,27.41,8.58,11.72,246.182,7.897,0.58,,0.014,1.153,,,2026-07-26 02:25:24
四川省,长江流域,二江寺,2026-07-26 02:00,2,25.2,7.78,7.75,368.4,36,1.8,0.066,0.063,1.601,,,2026-07-26 02:25:24
四川省,长江流域,岳店子下,2026-07-26 01:00,3,29.12967,7.82,5.38,428.321,6.03633,1.63,0.009,0.075,4.59677,,,2026-07-26 02:25:24
四川省,长江流域,三邑大桥,2026-07-26 02:00,2,24.19,7.58,6.74,263.8554,43.6677,1.07,0.018,0.036,1.6603,,,2026-07-26 02:25:24
四川省,长江流域,宏缘,2026-07-26 02:00,2,28.9,7.74,6.3,421.46,7.69,1.99,0.028,0.088,2.351,,,2026-07-26 02:25:24
四川省,长江流域,李家湾,2026-07-26 02:00,3,31.95,7.91,7.52,395.3,10.4,1.65,0.004,0.136,1.982,,,2026-07-26 02:25:24
四川省,长江流域,廖家堰,2026-07-26 02:00,4,32.479,7.32,3.72,1175.53,10.631,4.83,0.142,0.105,1.043,,,2026-07-26 02:25:24
四川省,长江流域,脚仙村,2026-07-26 02:00,2,31.09,7.69,6.85,351.5,12.2,1.63,0.019,0.091,1.945,,,2026-07-26 02:25:24
四川省,长江流域,龙洞,2026-07-26 01:00,1,20.78,8.25,7.76,699,20.432,1.55,0.019,0.013,0.75504,,,2026-07-26 02:25:24
四川省,长江流域,倮果,2026-07-26 01:00,2,22.07,8.23,7.42,692.7814,15.77171,1.34,0.004,0.018,1.17536,,,2026-07-26 02:25:24
四川省,长江流域,雅砻江口,2026-07-26 01:00,1,19.325,7.69,8.83,225.2575,27.9517,1.16,0.022,0.018,0.60155,,,2026-07-26 02:25:24
四川省,长江流域,柏枝,2026-07-26 01:00,1,19.68,7.99,8.27,206.691,13.27116,0.48,0.005,0.011,0.73297,,,2026-07-26 02:25:24
四川省,长江流域,湾凼,2026-07-26 02:00,5,31.23281,7.29,2.06,412.3815,13.63909,5.21,0.008,0.04,0.63709,,,2026-07-26 02:25:24
四川省,长江流域,沱江大桥,2026-07-26 02:00,2,33.03,7.93,6.67,344.811,15.38179,2.12,0.006,0.099,1.642128,,,2026-07-26 02:25:24
四川省,长江流域,醒觉溪,2026-07-26 02:00,1,30.19,8.22,8.39,403,1.93,1.51,0.015,0.016,3.466,,,2026-07-26 02:25:24
四川省,长江流域,胡市大桥,2026-07-26 02:00,3,33.51,8.15,14.42,442.063,12.1649,5.35,0.037,0.079,1.559,,,2026-07-26 02:25:24
四川省,长江流域,大磨子,2026-07-26 02:00,2,32.837,7.61,7.31,360.115,8.259,2,0.021,0.094,2.205,,,2026-07-26 02:25:24
四川省,长江流域,泸天化大桥,2026-07-26 02:00,2,31.68,8.04,8.36,348.723,11.2482,1.59,0.005,0.04,2.6479,,,2026-07-26 02:25:24
四川省,长江流域,纳溪大渡口,2026-07-26 02:00,2,24.23,7.88,7.22,388.019,21.892,1.06,0.01,0.062,1.2391,,,2026-07-26 02:25:24
四川省,长江流域,两汇水,2026-07-26 02:00,2,30.31766,7.98,6.34,149.9053,4.101558,1.33,0.064,0.017,0.709,,,2026-07-26 02:25:24
四川省,长江流域,太平渡,2026-07-26 02:00,2,29.5756,8.25,7.01,512.615,11.99767,1.3,0.002,0.032,3.345,,,2026-07-26 02:25:24
四川省,长江流域,八角,2026-07-26 01:00,3,29.91,7.72,5.54,523.3,5.01,1.94,0.018,0.057,3.027,,,2026-07-26 02:25:24
四川省,长江流域,双江桥,2026-07-26 02:00,3,28.31,8.15,5.76,763.96,23.29,1.76,,0.092,2.173,,,2026-07-26 02:25:24
四川省,长江流域,三川,2026-07-26 02:00,3,26.89,8.23,5.9,776.9,13.1,1.01,,0.095,2.393,,,2026-07-26 02:25:24
四川省,长江流域,西平镇,2026-07-26 02:00,2,31.56,7.98,9.14,509.49,15.05,2.4,,0.03,2.18,,,2026-07-26 02:25:24
四川省,长江流域,平武水文站,2026-07-26 01:00,1,17.01,8.43,9.04,300.9721,34.56356,0.67,0.001,0.008,0.59871,,,2026-07-26 02:25:24
四川省,长江流域,丰谷,2026-07-26 01:00,2,26.55297,7.96,7.26,288.2832,33.96579,1.19,0.008,0.005,1.38968,,,2026-07-26 02:25:24
四川省,长江流域,鲁班岛,2026-07-26 01:00,1,29.78127,8.72,8.35,247.5278,14.6966,1.77,0.004,0.01,0.1451,0.00061,4821742,2026-07-26 02:25:24
四川省,长江流域,北川通口,2026-07-26 01:00,1,21.83156,8.47,8.2,295.3419,26.08696,0.51,0.01,0.013,1.18038,,,2026-07-26 02:25:24
四川省,长江流域,八庙沟,2026-07-26 01:00,1,29.39,7.94,7.52,356.3925,11.74607,1.69,0.002,0.011,0.81464,,,2026-07-26 02:25:24
四川省,长江流域,姚渡,2026-07-26 02:00,1,24.16154,8.24,7.69,359.1252,27.10131,0.82,0.028,0.003,1.449,,,2026-07-26 02:25:24
四川省,长江流域,苴国村,2026-07-26 01:00,1,24.19,8.02,7.56,345.4552,10.67891,1.03,0.003,0.013,1.07584,,,2026-07-26 02:25:24
四川省,长江流域,上石盘,2026-07-26 01:00,2,29.14,8.07,6.37,372.8391,7.50028,1.28,0.005,0.015,0.91293,,,2026-07-26 02:25:24
四川省,长江流域,清泉乡,2026-07-26 02:00,2,32.56,8.27,7.61,346.4,6.0934,2.06,,0.014,0.541,,,2026-07-26 02:25:24
四川省,长江流域,大安,2026-07-26 02:00,4,32.98,8.46,12.97,452.889,15.5,6.27,,0.076,0.9752,,,2026-07-26 02:25:24
四川省,长江流域,百顷,2026-07-26 02:00,2,27.1,7.82,6.61,303.85,21.03,1.6,0.044,0.042,1.924,,,2026-07-26 02:25:24
四川省,长江流域,梓江大桥,2026-07-26 02:00,2,31.29,8.45,7.79,447.1,4.7,3.1,,0.033,0.589,,,2026-07-26 02:25:24
四川省,长江流域,大埂,2026-07-26 02:00,2,34.17,8.04,6.72,428.8,7.54,3.46,0.212,0.066,0.360439,,,2026-07-26 02:25:24
四川省,长江流域,球溪河口,2026-07-26 02:00,3,31.83,7.54,5.84,527.11,17.6,4.78,0.084,0.114,1.686,,,2026-07-26 02:25:24
四川省,长江流域,李码头,2026-07-26 01:00,2,25.07145,8.05,7.54,265.371,34.77494,1.07,0.003,0.04,1.72934,,,2026-07-26 02:25:24
四川省,长江流域,马边河河口,2026-07-26 01:00,2,23.4415,7.65,6.76,218.3986,33.64687,2.63,0.01,0.06,3.29869,,,2026-07-26 02:25:24
四川省,长江流域,悦来渡口,2026-07-26 02:00,2,28.9,7.67,7.03,350.785,6.97,2.22,0.008,0.073,3.02,,,2026-07-26 02:25:24
四川省,长江流域,金溪电站,2026-07-26 02:00,2,30.22,7.97,6.82,410.58,8.9694,1.74,0.015,0.013,1.195,,,2026-07-26 02:25:24
四川省,长江流域,升钟水库铁炉寺,2026-07-26 02:00,2,32.79,8.55,9.85,375.43,2.17,2.91,,0.009,0.35,,,2026-07-26 02:25:24
四川省,长江流域,沙溪,2026-07-26 02:00,2,24.53,7.79,6.48,354.41,2.28,1.4,,0.005,1.133,,,2026-07-26 02:25:24
四川省,长江流域,黄龙溪,2026-07-26 02:00,3,28.181,7.89,6.48,376.407,15.455,1.98,,0.104,1.989,,,2026-07-26 02:25:24
四川省,长江流域,彭山岷江大桥,2026-07-26 01:00,2,27.51,8.05,7.04,372.8918,21.20133,0.17,0.001,0.055,2.09599,,,2026-07-26 02:25:24
四川省,长江流域,龟都府,2026-07-26 02:00,2,21.48,8.07,8.5,222.7238,44.40096,0.82,0.005,0.039,1.167197,,,2026-07-26 02:25:24
四川省,长江流域,越溪河两河口,2026-07-26 02:00,4,32.56,8.35,8.36,551.9,20.7,6.36,,0.08,0.738,,,2026-07-26 02:25:24
四川省,长江流域,月波,2026-07-26 02:00,2,22.86,7.46,7.26,260.7,30,1.66,0.075,0.046,1.77,,,2026-07-26 02:25:24
四川省,长江流域,凉姜沟,2026-07-26 02:00,2,24.08,7.98,7.66,248.8425,20.1413,1.5,0.019,0.052,1.730805,,,2026-07-26 02:25:24
四川省,长江流域,挂弓山,2026-07-26 01:00,1,23.93634,8.11,7.61,429.9518,6.87965,0.84,0.003,0.02,1.0147,,,2026-07-26 02:25:24
四川省,长江流域,蔡家渡口,2026-07-26 01:00,2,33.92115,7.72,11.1,706.451,11.20863,2.06,0.001,0.046,1.73642,,,2026-07-26 02:25:24
四川省,长江流域,三块石,2026-07-26 02:00,1,23.35,8.15,8.06,501.03,3.88,0.6,0.013,0.011,0.821,,,2026-07-26 02:25:24
四川省,长江流域,洛亥,2026-07-26 02:00,2,22.2,8.11,7.85,327.7064,7.369748,1.11,0.003,0.072,2.713,,,2026-07-26 02:25:24
四川省,长江流域,溪口镇平桥村,2026-07-26 02:00,4,29.35,7.46,3.35,532.25,6.76,2.94,0.032,0.063,0.379,,,2026-07-26 02:25:24
四川省,长江流域,摇金,2026-07-26 02:00,3,34.48,8.5,8.52,416.81,17.36,4.18,0.005,0.146,0.325,,,2026-07-26 02:25:24
四川省,长江流域,金子,2026-07-26 02:00,2,31.6,8.06,7.81,367.86,3.79,1.94,0.015,0.022,1.1093,,,2026-07-26 02:25:24
四川省,长江流域,烈面,2026-07-26 02:00,2,32,7.84,6.68,359,22.1,1.32,0.021,0.031,1.197,,,2026-07-26 02:25:24
四川省,长江流域,幺滩,2026-07-26 02:00,2,33.55,8.51,8.02,492.83,15.86,3.19,,0.048,0.941,,,2026-07-26 02:25:24
四川省,长江流域,团堡岭,2026-07-26 02:00,2,32.62,8.36,10.88,285.12,5.114,3.71,,0.025,0.628,,,2026-07-26 02:25:24
四川省,长江流域,江陵,2026-07-26 02:00,2,31.08,8.43,8.36,247.14,11.27,3.37,0.002,0.038,0.857,,,2026-07-26 02:25:24
四川省,长江流域,大蹬沟,2026-07-26 02:00,2,31.25,8.05,8.92,271.2,18.4,3.04,0.01,0.024,0.921,,,2026-07-26 02:25:24
四川省,长江流域,白兔乡,2026-07-26 02:00,3,34,8.5,18.13,327.5,19.09,4.99,,0.03,0.374,,,2026-07-26 02:25:24
四川省,长江流域,联盟桥,2026-07-26 02:00,4,31.57,7.58,3.86,390.17,12.59,4.48,,0.093,1.0331,,,2026-07-26 02:25:24
四川省,长江流域,舵石盘,2026-07-26 02:00,2,31.16,8.2,9.71,304.4,12.1,3.03,0.033,0.039,1.085,,,2026-07-26 02:25:24
四川省,长江流域,车家河,2026-07-26 02:00,2,32.88,8.33,21.62,,6.4,2.94,,0.04,0.572,,,2026-07-26 02:25:24
四川省,长江流域,三谷庄,2026-07-26 01:00,2,20.5,8.41,8.59,205.0289,18.59121,2.58,0.005,0.013,0.82872,,,2026-07-26 02:25:24
四川省,长江流域,大岗山,2026-07-26 01:00,1,17.2,8.14,8.2,198.0563,24.63408,1.41,0.001,0.017,0.95206,,,2026-07-26 02:25:24
四川省,长江流域,手傍岩,2026-07-26 02:00,2,33.52,8.09,12.95,450.1,10.2,3.05,,0.028,1.422,,,2026-07-26 02:25:24
四川省,长江流域,幸福村,2026-07-26 02:00,2,29.89,7.91,6.65,327.6,18.3,1.59,0.019,0.1,2.405,,,2026-07-26 02:25:24
四川省,长江流域,拱城铺渡口,2026-07-26 02:00,2,30.33,7.74,6.76,367.37,15.47,1.86,,0.094,2.26,,,2026-07-26 02:25:24
四川省,长江流域,红光村,2026-07-26 02:00,4,31.2,7.72,3.82,564.3,73.82,5.33,0.243,0.19,0.603,,,2026-07-26 02:25:24
四川省,长江流域,两河,2026-07-26 02:00,3,33.71,7.7,6.31,440.72,9.47,5.57,0.001,0.083,0.287,,,2026-07-26 02:25:24
四川省,长江流域,县城马踏石点,2026-07-26 01:00,1,19.62223,8.42,8.59,365.6424,45.10524,0.58,0.008,0.009,0.45096,,,2026-07-26 02:25:24
四川省,长江流域,渭门桥,2026-07-26 01:00,1,15.35,8.24,7.92,218.882,62.16971,0.08,0.008,0.013,0.40845,,,2026-07-26 02:25:24
四川省,长江流域,小水沟,2026-07-26 01:00,2,14.16105,8.43,6.73,263.4266,7.18478,0.45,0.011,0.007,0.3222,,,2026-07-26 02:25:24
四川省,长江流域,竹巴龙村,2026-07-26 02:00,3,16.24,8.2,6.66,1068.1,291.1,1.97,0.21,0.113,1.116,,,2026-07-26 02:25:24
四川省,长江流域,金沙江岗托桥,2026-07-26 02:00,3,17.1,8.38,8.79,1010.7,402.2,2.85,0.402,0.162,1.08,,,2026-07-26 02:25:24
四川省,长江流域,昔街大桥,2026-07-26 02:00,3,24.18,7.69,7.04,238.49,258.29,2.73,0.094,0.114,1.689,,,2026-07-26 02:25:24
四川省,长江流域,阿七大桥,2026-07-26 01:00,2,23.9,7.73,6.6,195.2678,131.3987,2.35,0.147,0.078,2.78502,,,2026-07-26 02:25:24
四川省,长江流域,邛海湖心,2026-07-26 01:00,2,27.02,8.37,6.46,319.9699,5.51085,2.34,0.008,0.019,0.34364,0.00199,62756.56,2026-07-26 02:25:24
贵州省,长江流域,棉花渡,2026-07-26 02:00,2,23.66,7.95,7.14,442.08,1.4087,1.46,0.005,0.042,1.8578,,,2026-07-26 02:25:24
贵州省,长江流域,贵铝泵房,2026-07-26 02:00,2,27.366,8.95,11.64,325.9739,6.7774,2.97,0.057,0.022,2.3196,0.02853,1847510,2026-07-26 02:25:24
贵州省,长江流域,花鱼洞,2026-07-26 02:00,6,23.1365,7.33,1.75,369.8297,2.6489,2.09,0.007,0.013,2.2801,0.00526,1481511,2026-07-26 02:25:24
贵州省,长江流域,麦穰,2026-07-26 02:00,3,24.33,8.05,6.32,627.94,8.38,2.19,0.068,0.188,5.4,,,2026-07-26 02:25:24
贵州省,珠江流域,青岩,2026-07-26 02:00,4,24.9,7.88,4.77,536.2454,2.6106,1.82,,0.045,3.484,,,2026-07-26 02:25:24
贵州省,长江流域,龙场,2026-07-26 02:00,2,20.42,7.92,7.05,402.73,4.78,0.35,0.006,0.014,4.411,,,2026-07-26 02:25:24
贵州省,珠江流域,发耳,2026-07-26 02:00,5,22.18,8.04,7.35,323.734,97.673,11.81,0.043,0.131,3.848,,,2026-07-26 02:25:24
贵州省,长江流域,打秋坪,2026-07-26 02:00,2,25.26,7.93,6.87,505.5,5,1.05,,0.045,3.005,,,2026-07-26 02:25:24
贵州省,长江流域,鱼塘大桥,2026-07-26 02:00,2,23.83,7.92,6.95,321.3,0.91,0.6,,0.008,1.642,,,2026-07-26 02:25:24
贵州省,长江流域,沿江渡,2026-07-26 01:00,3,29.77,8.87,10.23,292.86,8.23,4.17,0.008,0.029,2.463,,,2026-07-26 02:25:24
贵州省,长江流域,鲤鱼塘,2026-07-26 01:00,3,26.82,7.58,5.02,449.18,2.906,1.47,0.007,0.053,3.684,,,2026-07-26 02:25:24
贵州省,长江流域,坡渡,2026-07-26 02:00,3,26.35,7.98,5.48,307.16,8.85,0.62,0.005,0.007,0.71,,,2026-07-26 02:25:24
贵州省,长江流域,余庆河暗溪坪,2026-07-26 02:00,2,25.14,7.82,9.86,307.12,5.18,0.81,,0.037,1.748,,,2026-07-26 02:25:24
贵州省,长江流域,羊柱头渡口,2026-07-26 02:00,4,25.66,7.64,5.03,763.09,8.328,2.37,0.343,0.201,7.744,,,2026-07-26 02:25:24
贵州省,长江流域,鲢鱼溪,2026-07-26 02:00,1,26.568,7.96,8.45,,500,,,,,,,2026-07-26 02:25:24
贵州省,长江流域,长沙,2026-07-26 01:00,2,31.521,8.25,6.12,258.8617,2.358,0.94,0.056,0.007,1.5684,,,2026-07-26 02:25:24
贵州省,长江流域,茅台,2026-07-26 02:00,1,26.2,8.25,7.86,416.35,13.49,0.64,0.004,0.019,4.503,,,2026-07-26 02:25:24
贵州省,珠江流域,黄果树,2026-07-26 02:00,1,23.4482,8.23,10.12,618.3,21.97,1.32,,0.017,3.392,,,2026-07-26 02:25:24
贵州省,长江流域,斯拉河大桥,2026-07-26 02:00,2,22.12,7.83,6.95,421.91,2.96,1.29,,0.013,5.197,,,2026-07-26 02:25:24
贵州省,珠江流域,打邦,2026-07-26 02:00,1,29.5,8.36,12.09,366.84,5.855,1.93,0.023,0.017,3.141,,,2026-07-26 02:25:24
贵州省,长江流域,小屯,2026-07-26 02:00,2,27.2,8.67,10.84,346.449,9.253,3.61,0.054,0.051,4.732,,,2026-07-26 02:25:24
贵州省,长江流域,清水铺,2026-07-26 01:00,2,24.699,8.32,7.71,444.421,12.472,0.87,0.003,0.027,5.124,,,2026-07-26 02:25:24
贵州省,长江流域,大桥边,2026-07-26 02:00,2,19.066,8.22,8.31,357.023,7.139,1.45,0.006,0.021,3.767,,,2026-07-26 02:25:24
贵州省,长江流域,下干溪,2026-07-26 01:00,2,27.64,7.89,6.14,324.54,9.13,0.73,0.048,0.028,2.102,,,2026-07-26 02:25:24
贵州省,珠江流域,坝草,2026-07-26 02:00,1,26.5032,8.28,9.06,373.794,4.0338,1.23,0.002,0.009,3.284,,,2026-07-26 02:25:24
贵州省,珠江流域,南盘江三江口,2026-07-26 02:00,2,26.43,7.93,11.44,419.64,13.61,2.44,0.013,0.028,5.084,0.00378,,2026-07-26 02:25:24
贵州省,珠江流域,万峰湖,2026-07-26 02:00,1,27.1139,8.46,10.74,347.7296,12.8387,0.52,0.006,0.007,2.273,0.027,497274.1,2026-07-26 02:25:24
贵州省,珠江流域,岔河口,2026-07-26 02:00,2,26.8865,8.69,10.71,252.5979,5.066,3.34,,0.031,2.3443,,,2026-07-26 02:25:24
贵州省,珠江流域,蔗香北,2026-07-26 02:00,1,26.23,7.91,9.85,286.4391,5.4543,1.28,,0.012,1.9667,,,2026-07-26 02:25:24
贵州省,珠江流域,黄泥河,2026-07-26 02:00,2,19.1968,8.1,7.82,396.607,26.7836,1.6,0.042,0.036,4.056,,,2026-07-26 02:25:24
贵州省,珠江流域,赵家渡,2026-07-26 02:00,2,22.59,8.15,7.96,378.436,27.52,0.74,0.05,0.033,4.879,,,2026-07-26 02:25:24
贵州省,珠江流域,坡脚,2026-07-26 02:00,2,23.35,7.88,6.51,410.7338,20.9937,0.83,0.003,0.031,4.4941,,,2026-07-26 02:25:24
贵州省,珠江流域,蔗香南,2026-07-26 02:00,1,29.66,8.4,9.32,309.2,4.41,1.27,,0.012,2.0356,,,2026-07-26 02:25:24
贵州省,长江流域,金紫,2026-07-26 01:00,2,28.69,8.72,9.98,145.9408,4.11,0.85,0.02,0.025,1.313,,,2026-07-26 02:25:24
贵州省,珠江流域,从江大桥,2026-07-26 02:00,2,25.628,7.5,8.51,81.432,27.698,0.91,0.022,0.023,0.972,,,2026-07-26 02:25:24
贵州省,长江流域,平敏大桥,2026-07-26 02:00,2,26,7.53,7.07,114.71,8.86,0.89,,0.014,0.677,,,2026-07-26 02:25:24
贵州省,长江流域,旁海,2026-07-26 01:00,2,27.21,8.71,7.27,434.34,25.12,0.93,,0.037,1.789,,,2026-07-26 02:25:24
贵州省,长江流域,重安江大桥,2026-07-26 02:00,2,25.153,8.23,7.12,486.635,2.947,0.34,0.014,0.088,2.279,,,2026-07-26 02:25:24
贵州省,珠江流域,榕江,2026-07-26 02:00,2,28.09,7.6,8,107.82,22.2,0.61,,0.031,1.049,,,2026-07-26 02:25:24
贵州省,珠江流域,新华,2026-07-26 02:00,2,26.746,8.12,7.91,196.879,30.997,0.85,0.071,0.037,1.477,,,2026-07-26 02:25:24
贵州省,长江流域,甘溪高碑,2026-07-26 02:00,2,28.29,8.29,9.42,301.5,16.81,1.89,,0.035,0.7082,,,2026-07-26 02:25:24
贵州省,长江流域,跳鱼洞,2026-07-26 02:00,3,25.1,7.94,5.95,385.31,2.53,2.25,0.125,0.096,2.051,,,2026-07-26 02:25:24
贵州省,长江流域,凤山桥边,2026-07-26 02:00,2,24.3229,8.28,7.64,544.2,2.178,1.08,0.04,0.091,3.265,,,2026-07-26 02:25:24
贵州省,珠江流域,边外河,2026-07-26 02:00,1,23.31,8.01,8.05,312.93,3,1.26,,0.01,2.033,,,2026-07-26 02:25:24
贵州省,珠江流域,界牌,2026-07-26 02:00,1,26.27,8.25,7.71,296.07,5.654,1,0.005,0.013,0.89,,,2026-07-26 02:25:24
贵州省,珠江流域,甲茶,2026-07-26 02:00,1,24.0741,8.09,8.54,308.7528,5.9865,0.99,0.015,0.013,1.2435,,,2026-07-26 02:25:24
云南省,长江流域,通仙桥,2026-07-26 02:00,6,20.77,7.75,5.59,409.631,275.031,4.75,0.069,1.202,6.678,,,2026-07-26 02:25:24
云南省,长江流域,普渡河桥,2026-07-26 02:00,3,24.61,8.06,6.96,485.1611,101.1981,5.66,0.072,0.177,2.7879,,,2026-07-26 02:25:24
云南省,珠江流域,禄丰村,2026-07-26 02:00,5,24.18,8.15,7,463.7218,459.4959,5.51,,0.339,7.45,,,2026-07-26 02:25:24
云南省,滇池流域,回龙村,2026-07-26 02:00,4,22.24,7.56,4.51,457.1559,46.4104,4.82,0.768,0.264,4.677,,,2026-07-26 02:25:24
云南省,滇池流域,船房五社桥头,2026-07-26 02:00,2,23.33,7.74,8.13,534.5948,6.1523,3.93,,0.078,3.7459,,,2026-07-26 02:25:24
云南省,滇池流域,王大桥,2026-07-26 02:00,3,21.66,6.88,6.2,571.2354,10.0992,3.33,0.068,0.17,7.5275,,,2026-07-26 02:25:24
云南省,滇池流域,大观河入湖口,2026-07-26 02:00,3,22.2,7.85,5.33,447.8701,25.3356,1.93,0.176,0.118,5.6675,,,2026-07-26 02:25:24
云南省,滇池流域,大渔乡土罗村入湖口,2026-07-26 02:00,4,22.21,7.43,4,318.6384,58.2685,3.67,0.017,0.121,3.146,,,2026-07-26 02:25:24
云南省,滇池流域,新河村入湖口,2026-07-26 02:00,5,21.68,7.49,2.77,417.64,23.738,2.86,0.441,0.149,5.007,,,2026-07-26 02:25:24
云南省,珠江流域,阳宗海中,2026-07-26 02:00,3,25.46,,8.69,420.934,2.908,4.56,0.037,0.014,0.58,0.00696,1260709,2026-07-26 02:25:24
云南省,长江流域,富民大桥,2026-07-26 02:00,6,24.71,7.81,5.55,445.8176,106.9554,7.11,0.161,0.514,2.9967,,,2026-07-26 02:25:24
云南省,滇池流域,严家村桥,2026-07-26 02:00,3,22.14544,7.96,6.63,458.5601,21.33253,1.96,0.122,0.113,5.745809,,,2026-07-26 02:25:24
云南省,滇池流域,宝丰村入湖口,2026-07-26 02:00,4,20.05,7.78,5.38,538.85,124.16,4.01,0.507,0.243,3.993,,,2026-07-26 02:25:24
云南省,滇池流域,江尾下闸,2026-07-26 02:00,4,22.32,7.48,4.5,384.1185,78.0795,3.88,0.54,0.146,3.784,,,2026-07-26 02:25:24
云南省,滇池流域,茨巷河入湖口,2026-07-26 02:00,6,22.3,7.74,5.59,304.4531,375.5329,6.89,0.086,0.859,4.772,,,2026-07-26 02:25:24
云南省,滇池流域,东大河滇池入湖口,2026-07-26 02:00,5,20.43,7.42,5.06,370.4058,59.9183,5.78,0.601,0.378,6.761,,,2026-07-26 02:25:24
云南省,滇池流域,草海中心,2026-07-26 02:00,4,25.57,8.76,10.37,355.7,21,5.23,,0.053,2.957,0.01956,9.192405,2026-07-26 02:25:24
云南省,滇池流域,灰湾中,2026-07-26 02:00,4,24.31,9,6.86,390.935,50.848,4.98,0.107,0.066,0.669,0.01189,5.598588,2026-07-26 02:25:24
云南省,滇池流域,观音山东,2026-07-26 00:00,3,24,,7.18,414.91,27.64,5.3,0.031,0.048,0.767,0.01507,1.003374,2026-07-26 02:25:24
云南省,滇池流域,观音山西,2026-07-26 02:00,4,24.43,8.89,6.13,402.39,37.28,6.24,0.126,0.064,0.695,0.0057,6.644704,2026-07-26 02:25:24
云南省,滇池流域,海口西,2026-07-26 02:00,3,24.13,,6.57,413.57,15.98,5,,0.04,0.521,0.01286,5.88046,2026-07-26 02:25:24
云南省,滇池流域,滇池南,2026-07-26 02:00,4,23.46,,7.5,424.62,32.11,6.86,,0.043,0.581,0.03722,1.077194,2026-07-26 02:25:24
云南省,滇池流域,晋城小寨,2026-07-26 02:00,6,19.41,7.87,6.36,450.5393,594.968,10.76,0.083,0.536,20.403,,,2026-07-26 02:25:24
云南省,长江流域,牛栏江河口,2026-07-26 02:00,3,22.18,7.94,5.38,513.459,46.4,2.94,0.054,0.152,6.229,,,2026-07-26 02:25:24
云南省,珠江流域,狗街,2026-07-26 02:00,3,23.34,7.73,5.74,490.8683,45.05853,3.71,0.128,0.182,7.471931,,,2026-07-26 02:25:24
云南省,珠江流域,花山水库出水口,2026-07-26 02:00,1,23.72,8.48,8.22,330.0315,1.8857,1.27,,0.006,2.2859,,,2026-07-26 02:25:24
云南省,长江流域,以礼河水文站,2026-07-26 02:00,3,18.35,7.74,5.98,307.0788,29.841,1.96,0.021,0.057,2.2246,,,2026-07-26 02:25:24
云南省,珠江流域,厂房大桥,2026-07-26 02:00,6,24.21,9.4,13.06,277.8374,11.3934,5.06,0.085,0.184,3.7173,,,2026-07-26 02:25:24
云南省,长江流域,牛栏江大桥,2026-07-26 02:00,2,21.15,7.96,8.08,376.014,60.608,1.96,0.057,0.099,4.863,,,2026-07-26 02:25:24
云南省,珠江流域,盘溪大桥,2026-07-26 01:00,2,22.7,7.95,7.77,518.5444,265.8918,1.77,0.007,0.077,6.8629,,,2026-07-26 02:25:24
云南省,珠江流域,九甸大桥,2026-07-26 01:00,3,24.17412,8.16,6.95,520.9436,745.206,3.09,0.004,0.104,5.54059,,,2026-07-26 02:25:24
云南省,西南诸河,坝洪村,2026-07-26 01:00,2,28.51,8.74,7.11,,3.66381,,,,,,,2026-07-26 02:25:24
云南省,珠江流域,抚仙湖心,2026-07-26 02:00,2,24.7,8.75,8.3,294.99,2.368,1.24,,0.011,0.118,0.00447,5015224,2026-07-26 02:25:24
云南省,西南诸河,绿汁江大桥,2026-07-26 01:00,2,24.06158,8.1,6.6,386.9102,1616.531,2.13,0.004,0.06,2.11339,,,2026-07-26 02:25:24
云南省,珠江流域,杞麓湖心,2026-07-26 02:00,3,24.28,,6.33,705.82,9.09,5.62,0.027,0.008,1.534,0.02574,7869184,2026-07-26 02:25:24
云南省,珠江流域,永昌桥,2026-07-26 01:00,4,22.12955,7.42,4.47,475.4798,276.3777,3.1,0.028,0.213,5.30575,,,2026-07-26 02:25:24
云南省,珠江流域,星云湖心,2026-07-26 02:00,4,24.73,,9.16,503.467,3.68,6.25,,0.005,0.676,0.00462,3.919222,2026-07-26 02:25:24
云南省,西南诸河,红旗桥,2026-07-26 02:00,1,21.67488,8.09,8.16,320.8159,426.6577,1.14,0.0004,0.011,0.4704973,,,2026-07-26 02:25:24
云南省,西南诸河,湾甸,2026-07-26 01:00,2,25.93923,8.34,7.7,408.9105,246.6552,1.24,0.009,0.091,2.9953,,,2026-07-26 02:25:24
云南省,西南诸河,永保桥,2026-07-26 01:00,1,20.95222,8.26,8.09,388.4308,96.20676,1.76,0.004,0.007,1.39995,,,2026-07-26 02:25:24
云南省,西南诸河,龙江桥,2026-07-26 01:00,2,20.79787,7.55,7.77,91.44172,16.61533,0.76,0.007,0.021,0.82679,,,2026-07-26 02:25:24
云南省,长江流域,云贵桥,2026-07-26 02:00,2,18,8.25,7.84,391.205,45.767,1.54,0.033,0.026,3.722,,,2026-07-26 02:25:24
云南省,长江流域,江底桥,2026-07-26 02:00,2,22.33,8.28,6.48,363.7785,8.2847,1.06,,0.038,3.8519,,,2026-07-26 02:25:24
云南省,长江流域,头屯河,2026-07-26 02:00,2,18.99,8.01,7.26,402.891,55.8,2.03,0.054,0.086,5.772,,,2026-07-26 02:25:24
云南省,长江流域,邓家河,2026-07-26 02:00,2,24,7.92,7.41,367.287,25.792,0.58,0.003,0.079,3.075,,,2026-07-26 02:25:24
云南省,长江流域,横江桥,2026-07-26 01:00,2,25.47,8.15,7.83,308.64,22.81,0.37,,0.03,2.684,,,2026-07-26 02:25:24
云南省,长江流域,程海湖中,2026-07-26 01:00,3,25.90363,,8.24,1427.959,9.91623,5.66,0.011,0.022,0.92383,0.01199,9546.751,2026-07-26 02:25:24
云南省,长江流域,金江桥,2026-07-26 01:00,1,21.45,8.04,7.94,693.7916,26.39096,1.89,0.047,0.019,1.45316,,,2026-07-26 02:25:24
云南省,长江流域,龙兴村,2026-07-26 01:00,4,20.62,7.74,3.47,524.3375,21.35502,3.18,1.41,0.288,4.46702,,,2026-07-26 02:25:24
云南省,西南诸河,土卡河水文站,2026-07-26 02:00,2,26.62203,7.84,6.75,216.6622,106.659,,,,1.0351,,,2026-07-26 02:25:24
云南省,西南诸河,思茅港,2026-07-26 01:00,2,22.63968,7.4,6.24,356.8951,22.85921,1.13,0.009,0.013,1.01248,,,2026-07-26 02:25:24
云南省,西南诸河,孟拉桥,2026-07-26 01:00,4,23.73,7.41,8.79,100.5447,,8.03,0.825,0.009,5.9885,,,2026-07-26 02:25:24
云南省,西南诸河,莲花乡,2026-07-26 01:00,3,24.00801,7.45,5.43,280.5288,101.0806,3.09,0.811,0.129,4.01952,,,2026-07-26 02:25:24
云南省,西南诸河,储木场,2026-07-26 01:00,2,24.84,7.22,6.21,321.7896,165.7424,1.62,0.01,0.014,1.44906,,,2026-07-26 02:25:24
云南省,西南诸河,嘎旧,2026-07-26 01:00,2,20.78,7.92,6.95,442.0836,21.3776,1.5,0.029,0.012,0.51442,,,2026-07-26 02:25:24
云南省,西南诸河,景临桥,2026-07-26 01:00,2,22.09,7.83,7.03,410.589,35.01233,1.09,0.037,0.019,0.79739,,,2026-07-26 02:25:24
云南省,西南诸河,孟定大桥,2026-07-26 01:00,1,23.29,7.75,7.75,229.9691,624.9346,1.11,0.005,0.017,1.58637,,,2026-07-26 02:25:24
云南省,西南诸河,黑箐,2026-07-26 01:00,2,23.12,7.7,7.54,134.2401,129.0086,1.09,0.021,0.022,1.86582,,,2026-07-26 02:25:24
云南省,西南诸河,小黑江检查站,2026-07-26 01:00,1,22.83003,7.57,7.63,146.6556,274.2726,1.17,0.044,0.012,1.2167,,,2026-07-26 02:25:24
云南省,西南诸河,水文站,2026-07-26 01:00,2,23.72,8.13,6.06,343.4009,404.6731,2.53,0.075,0.074,2.58948,,,2026-07-26 02:25:24
云南省,长江流域,西观桥,2026-07-26 01:00,4,23.29,7.5,4.23,386.6056,450.3281,2.86,0.055,0.038,3.00392,,,2026-07-26 02:25:24
云南省,西南诸河,那发出境,2026-07-26 02:00,2,25.28,7.88,7.86,131.396,85.78,0.11,,0.058,0.9555,,,2026-07-26 02:25:24
云南省,西南诸河,中越桥,2026-07-26 02:00,3,25.19,8.03,8.78,310.8485,415.5873,4.13,,0.169,3.3455,,,2026-07-26 02:25:24
云南省,西南诸河,蚂蟥堡桥,2026-07-26 02:00,3,24.78,8.09,8.67,288.1145,442.9506,2.8,,0.195,2.7678,,,2026-07-26 02:25:24
云南省,西南诸河,龙脖渡口,2026-07-26 02:00,2,27.4,7.75,6.61,280.4808,91.6351,2.45,,0.056,2.0458,,,2026-07-26 02:25:24
云南省,西南诸河,小河底河,2026-07-26 02:00,5,25.26,7.9,8.16,357.8297,,7.58,,0.336,33.5753,,,2026-07-26 02:25:24
云南省,珠江流域,异龙湖中,2026-07-26 02:00,4,26.44,8.64,6.89,439.62,3.502,6.46,,0.011,0.381,0.026,246590,2026-07-26 02:25:24
云南省,珠江流域,长虹桥,2026-07-26 02:00,6,24.32,8.04,7.23,492.4246,2142.142,4.24,,0.436,5.9764,,,2026-07-26 02:25:24
云南省,西南诸河,天保农场,2026-07-26 02:00,2,23.82,8.26,9.32,350.6,39.14,1.55,,0.055,3.5795,,,2026-07-26 02:25:24
云南省,西南诸河,南利大桥,2026-07-26 02:00,2,23.29,8.24,7.88,301.48,87.2,0.84,,0.034,2.491,,,2026-07-26 02:25:24
云南省,珠江流域,谷拉河大桥,2026-07-26 01:00,1,31.59,8.58,10.97,194.52,2.943,1.45,0.007,0.01,0.458,,,2026-07-26 02:25:24
云南省,西南诸河,关累码头,2026-07-26 01:00,1,22.32395,8.48,8.97,,11.0843,,0.001,,,,,2026-07-26 02:25:24
云南省,西南诸河,勐仑大桥,2026-07-26 01:00,2,23.57,7.87,7.79,185.6777,904.8182,1.27,0.006,0.037,1.18956,,,2026-07-26 02:25:24
云南省,西南诸河,风情园大桥,2026-07-26 01:00,2,22.54961,7.75,8.28,106.4158,887.0958,2.51,0.206,0.022,2.81199,,,2026-07-26 02:25:24
云南省,西南诸河,打洛江大桥,2026-07-26 01:00,1,25.4942,7.97,7.76,147.1217,932.9409,1.31,0.008,0.019,0.85063,,,2026-07-26 02:25:24
云南省,西南诸河,洱海湖心,2026-07-26 02:00,3,24.64,8.7,6.69,289.05,3.22,4.32,0.01,0.026,0.49,0.01331,1.330085,2026-07-26 02:25:24
云南省,西南诸河,交汇口,2026-07-26 01:00,2,20.411,8.38,7.95,286.4812,1484.462,1.73,0.007,0.026,1.18431,,,2026-07-26 02:25:24
云南省,西南诸河,江尾,2026-07-26 01:00,2,23.9138,7.83,6.02,268.2554,92.05313,2.23,0.009,0.066,1.39727,,,2026-07-26 02:25:24
云南省,西南诸河,四级坝,2026-07-26 01:00,2,22.26,7.87,6.82,294.7149,34.95154,,0.268,0.006,3.31309,,,2026-07-26 02:25:24
云南省,西南诸河,汇流电站,2026-07-26 01:00,2,24.92934,6.44,8.12,69.27834,146.0849,1.46,0.006,0.059,2.14714,,,2026-07-26 02:25:24
云南省,西南诸河,迭撒大桥,2026-07-26 01:00,2,25.76612,6.61,6.33,91.3158,249.7754,1.08,0.016,0.017,2.17656,,,2026-07-26 02:25:24
云南省,西南诸河,风平,2026-07-26 01:00,3,22.88,7.87,7.94,177.9907,567.6863,4.84,0.008,0.115,1.47701,,,2026-07-26 02:25:24
云南省,西南诸河,拉甲木底桥,2026-07-26 01:00,1,21.40829,8.27,9.16,326.6404,305.6057,0.89,0.006,0.004,0.21552,,,2026-07-26 02:25:24
云南省,西南诸河,丙舍桥,2026-07-26 01:00,1,21.24732,8.25,9.14,326.1314,449.9064,0.91,0.008,0.003,0.33608,,,2026-07-26 02:25:24
云南省,长江流域,贺龙桥,2026-07-26 01:00,1,19.63537,8.37,8.38,861.7782,104.6509,1.11,0.125,0.013,1.26607,,,2026-07-26 02:25:24
云南省,西南诸河,中路村,2026-07-26 01:00,2,18.81,8.34,7.07,435.1437,23.16337,1.17,0.024,0.004,0.60568,,,2026-07-26 02:25:24
西藏自治区,西南诸河,才纳,2026-07-26 01:00,2,17.48,8.08,6.23,204.524,60.184,1.32,0.068,0.037,0.519,,,2026-07-26 02:25:24
西藏自治区,西南诸河,米瑞,2026-07-26 02:00,2,16.571,8.06,6.85,150.592,103.469,1.53,0.07,0.054,0.197,,,2026-07-26 02:25:24
陕西省,黄河流域,灞河口,2026-07-26 02:00,3,29.77,7.95,6.73,266.2213,180.8739,5.23,0.028,0.111,4.3669,,,2026-07-26 02:25:24
陕西省,黄河流域,三郎村,2026-07-26 02:00,3,30.04,7.78,5.95,428.526,63.027,4.75,0.081,0.149,3.126,,,2026-07-26 02:25:24
陕西省,黄河流域,沙王渡,2026-07-26 00:00,3,28.63,8.18,6.57,899.4775,45.3168,5.8,,0.081,5.2497,,,2026-07-26 02:25:24
陕西省,黄河流域,岔口,2026-07-26 02:00,3,25.1,7.66,7.18,1085.903,29.317,4.51,0.304,0.145,8.136,,,2026-07-26 02:25:24
陕西省,黄河流域,下桃水电站,2026-07-26 02:00,3,25.635,8.27,7.32,1234,1113,3.3,,0.101,4.829,,,2026-07-26 02:25:24
陕西省,长江流域,黄牛铺,2026-07-26 02:00,4,25.42,7.88,4.54,242.0533,4.8358,1.81,0.013,0.013,0.468,,,2026-07-26 02:25:24
陕西省,黄河流域,魏家堡,2026-07-26 02:00,3,28.3,8.15,6.98,757.9494,131.2805,4.99,,0.14,6.221,,,2026-07-26 02:25:24
陕西省,黄河流域,卧龙寺桥,2026-07-26 02:00,2,28.56,8.2,6.19,865.996,145.852,3.38,0.014,0.078,4.077,,,2026-07-26 02:25:24
陕西省,长江流域,灶火庵,2026-07-26 02:00,3,25.47,8.07,5.68,375.4983,23.4471,1.31,0.02,0.024,1.0302,,,2026-07-26 02:25:24
陕西省,黄河流域,咸阳铁桥,2026-07-26 01:00,2,30.02,7.88,7.05,870.4608,8.0231,2.54,0.012,0.019,7.03,,,2026-07-26 02:25:24
陕西省,黄河流域,兴平,2026-07-26 01:00,3,29.33,8.16,5.94,778.1237,22.4697,2.68,,0.03,7.9635,,,2026-07-26 02:25:24
陕西省,黄河流域,泾河桥,2026-07-26 01:00,2,28.92,8.37,6.09,1485.86,6.2325,2.02,0.027,0.017,3.6168,,,2026-07-26 02:25:24
陕西省,黄河流域,黑河张家桥,2026-07-26 02:00,3,26.4,8.05,5.13,736.5544,88.384,2.75,0.118,0.059,0.4128,,,2026-07-26 02:25:24
陕西省,黄河流域,潼关吊桥,2026-07-26 00:00,3,29.98,8.51,6.67,1287.229,149.0446,4.28,0.046,0.095,5.355,,,2026-07-26 02:25:24
陕西省,黄河流域,王谦村,2026-07-26 02:00,3,28.913,8.4,6.41,2161.5,712.85,5.98,0.208,0.127,3.783,,,2026-07-26 02:25:24
陕西省,黄河流域,张家庄,2026-07-26 00:00,3,27.5,8.09,6.62,353.9061,136.5206,5.59,0.002,0.09,3.5234,,,2026-07-26 02:25:24
陕西省,黄河流域,杨家畔村,2026-07-26 02:00,3,28.47,8.45,7.26,867.27,,3.96,,0.178,4.3181,,,2026-07-26 02:25:24
陕西省,黄河流域,昝家山,2026-07-26 02:00,4,26.28,8.37,7.64,447.642,2314.825,5.27,,0.265,2.9541,,,2026-07-26 02:25:24
陕西省,黄河流域,寺滩,2026-07-26 02:00,4,26.52,8.32,7.14,674.215,2540.212,4,,0.204,5.4571,,,2026-07-26 02:25:24
陕西省,长江流域,烈金坝,2026-07-26 02:00,2,24.53,8.05,7.43,335.19,1.347,0.39,,0.027,1.0111,,,2026-07-26 02:25:24
陕西省,长江流域,南柳渡,2026-07-26 01:00,2,31.4,8.15,8.83,290.6591,8.0729,3.94,,0.058,1.131,,,2026-07-26 02:25:24
陕西省,长江流域,白水江,2026-07-26 02:00,3,28.73,8.05,5.9,312.7602,10.664,0.94,,0.018,0.6305,,,2026-07-26 02:25:24
陕西省,黄河流域,柏树坪,2026-07-26 02:00,2,28.64998,8.3,7.57,1048.674,93.99201,2.09,0.011,0.046,2.2901,,,2026-07-26 02:25:24
陕西省,黄河流域,温家川,2026-07-26 02:00,3,28.24,8.28,6.29,1268.046,243.4791,4.24,0.006,0.068,2.2091,,,2026-07-26 02:25:24
陕西省,黄河流域,碛塄,2026-07-26 02:00,2,26.2,8.42,8.42,1003.097,11.91822,2.19,0.023,0.017,1.8091,,,2026-07-26 02:25:24
陕西省,黄河流域,高家川,2026-07-26 02:00,2,27.31,8.38,7.42,810.68,113.2185,1.19,0.001,0.049,3.0181,,,2026-07-26 02:25:24
陕西省,黄河流域,鱼河,2026-07-26 02:00,3,26.1,8.29,6.68,844.941,72.75606,3.23,0.039,0.106,4.5021,,,2026-07-26 02:25:24
陕西省,长江流域,白河城关,2026-07-26 01:00,2,28.72,7.83,6.49,265.8367,4.31,1.95,0.022,0.016,0.922,0.000897,,2026-07-26 02:25:24
陕西省,长江流域,南江河出陕界,2026-07-26 01:00,1,24.63,7.81,7.85,180.2511,16.4823,0.85,0.008,0.012,0.6056,,,2026-07-26 02:25:24
陕西省,长江流域,小钢桥,2026-07-26 02:00,2,29.67,8.52,9.74,250,7.36,3.04,0.007,0.018,0.82,,,2026-07-26 02:25:24
陕西省,长江流域,老君关,2026-07-26 02:00,2,28.65,8.45,11.44,257.7532,8.6347,2.38,0.017,0.027,1.032,,,2026-07-26 02:25:24
陕西省,长江流域,瀛湖坝前,2026-07-26 01:00,2,31.4,8.72,9.14,190.2633,11.2599,1.97,0.005,0.017,0.661,0.03922,2204086,2026-07-26 02:25:24
陕西省,长江流域,构峪口,2026-07-26 02:00,2,22.3,8.11,8.38,371.3506,23.7002,2.34,,0.018,1.39,,,2026-07-26 02:25:24
陕西省,长江流域,丹凤下,2026-07-26 02:00,2,27.01,8.18,6.54,399.3619,36.6378,2.28,,0.054,2.0444,,,2026-07-26 02:25:24
陕西省,黄河流域,灵口,2026-07-26 02:00,2,27.51,8.31,6.38,470.0792,20.1785,1.27,,0.019,0.9437,,,2026-07-26 02:25:24
甘肃省,黄河流域,扶和桥,2026-07-26 01:00,2,16.59,8.3,8.37,511.1985,53.66716,1.38,0.062,0.021,1.2813,,,2026-07-26 02:25:24
甘肃省,黄河流域,新城桥,2026-07-26 02:00,2,17.85,8.2,7.49,511.671,89.667,1.57,0.011,0.041,1.5173,,,2026-07-26 02:25:24
甘肃省,黄河流域,湟水桥,2026-07-26 02:00,2,23.12,8.45,7.24,832.328,60.779,1.58,0.083,0.039,3.464,,,2026-07-26 02:25:24
甘肃省,西北诸河,迎山坡,2026-07-26 01:00,2,20.7242,8.29,7.45,698.9566,13.68704,1.34,0.004,0.02,1.62342,,,2026-07-26 02:25:24
甘肃省,黄河流域,青城桥,2026-07-26 01:00,2,19.38441,8.23,6.85,554.6716,65.21043,1.43,,0.022,2.09417,,,2026-07-26 02:25:24
甘肃省,黄河流域,五佛寺,2026-07-26 02:00,2,20.67843,8.29,6.79,608.6658,153.7294,2.07,0.08,0.024,2.395,,,2026-07-26 02:25:24
甘肃省,黄河流域,靖远桥,2026-07-26 01:00,2,19.09854,8.29,6.73,569.5953,87.28214,1.43,0.105,0.023,1.81237,,,2026-07-26 02:25:24
甘肃省,黄河流域,桦林,2026-07-26 02:00,-1,,,,,,,,,,,,2026-07-26 02:25:24
甘肃省,黄河流域,葡萄园,2026-07-26 02:00,3,28.15,8.3,6.53,1115.441,542.0356,4.1,0.052,0.092,8.114,,,2026-07-26 02:25:24
甘肃省,黄河流域,先明峡桥,2026-07-26 01:00,2,17.38572,8.43,7.78,500.8065,303.0972,3.28,0.106,0.031,2.56577,,,2026-07-26 02:25:24
甘肃省,西北诸河,莺落峡,2026-07-26 01:00,1,16.04,8.49,8.34,625.0538,8.46031,0.23,0.019,0.007,1.22428,,,2026-07-26 02:25:24
甘肃省,西北诸河,皇城水库,2026-07-26 01:00,1,13.71318,8.02,7.71,479.6692,14.51911,0.44,0.003,0.004,1.41657,,,2026-07-26 02:25:24
甘肃省,西北诸河,六坝桥,2026-07-26 01:00,1,23.24934,8.38,7.96,1230.078,3.35249,0.54,0.008,0.003,2.59758,,,2026-07-26 02:25:24
甘肃省,黄河流域,长庆桥,2026-07-26 02:00,3,28.22,8.36,5.57,915.346,111.8068,3.25,0.014,0.137,3.0551,,,2026-07-26 02:25:24
甘肃省,黄河流域,洮园桥,2026-07-26 01:00,2,20.95,8.26,6.91,355.9177,61.21601,2.7,,,3.28043,,,2026-07-26 02:25:24
甘肃省,长江流域,固水子村,2026-07-26 02:00,2,,,,,,0.91,,0.045,1.086,,,2026-07-26 02:25:24
甘肃省,长江流域,两水桥,2026-07-26 02:00,2,24.11,8.15,7.29,403.903,78.47368,0.93,0.019,0.002,1.1431,,,2026-07-26 02:25:24
甘肃省,黄河流域,玛曲,2026-07-26 01:00,3,18.01238,8.28,5.67,425.4131,129.6426,3.56,0.141,0.043,2.39524,,,2026-07-26 02:25:24
青海省,黄河流域,小峡桥,2026-07-26 01:00,3,22.03192,8.27,5.84,979.9357,21.89888,2.5,0.128,0.068,4.20621,,,2026-07-26 02:25:24
青海省,黄河流域,润泽桥,2026-07-26 01:00,4,19.13844,8.11,6.71,593.1957,99.98766,6.22,0.242,0.105,3.43267,,,2026-07-26 02:25:24
青海省,黄河流域,大河家,2026-07-26 01:00,1,13.53407,8.3,8.17,489.92,15.19216,1.23,0.009,0.003,0.68601,,,2026-07-26 02:25:24
青海省,黄河流域,边墙村,2026-07-26 01:00,2,22.95112,8.5,6.92,963.9338,52.4668,,,,,,,2026-07-26 02:25:24
青海省,黄河流域,峡塘,2026-07-26 01:00,1,18.32132,8.51,7.62,522.8455,11.28171,0.82,0.009,0.007,0.89405,,,2026-07-26 02:25:24
青海省,黄河流域,唐乃亥,2026-07-26 01:00,2,16.18443,8.37,6.95,417.9862,195.1492,3.74,0.003,0.045,1.34921,,,2026-07-26 02:25:24
青海省,黄河流域,龙羊峡库区出水口,2026-07-26 01:00,1,10.06014,8.35,8.14,466.5582,6.18032,1.1,0.009,0.008,0.63745,0.00743,272590.1,2026-07-26 02:25:24
青海省,西北诸河,总场水闸,2026-07-26 01:00,2,16.43,8.53,6.9,896.2701,65.95348,0.52,0.01,0.012,1.26257,,,2026-07-26 02:25:24
青海省,西北诸河,纳赤台,2026-07-26 01:00,6,12.37,8.36,6.5,661.8,495.8,4.91,0.351,0.955,0.003,,,2026-07-26 02:25:24
青海省,西北诸河,德令哈市水厂旁,2026-07-26 01:00,4,14.56216,8,4.99,706.1095,1.52057,0.66,0.009,0.007,1.227,,,2026-07-26 02:25:24
宁夏回族自治区,黄河流域,叶盛公路桥,2026-07-26 01:00,2,22.52,8.21,6.97,840.7,843.97,1.89,,0.054,2.488,,,2026-07-26 02:25:24
宁夏回族自治区,黄河流域,银古公路桥,2026-07-26 01:00,2,24.3898,8.29,6.11,788.9354,583.7479,0.23,0.273,0.077,2.61821,,,2026-07-26 02:25:24
宁夏回族自治区,黄河流域,平罗黄河大桥,2026-07-26 02:00,2,25.44,8.28,6.8,909.66,791.15,1.25,,0.069,2.721,,,2026-07-26 02:25:24
宁夏回族自治区,黄河流域,麻黄沟,2026-07-26 02:00,2,26.19,8.19,6.22,848.528,641.531,2.47,,0.05,3.1774,,,2026-07-26 02:25:24
宁夏回族自治区,黄河流域,沙湖,2026-07-26 02:00,4,26.86,8.53,8.33,1621.1,14.13,8.02,0.02,0.032,1.004,0.03441,4.2357,2026-07-26 02:25:24
宁夏回族自治区,黄河流域,金沙湾,2026-07-26 02:00,2,22.64,8.33,7.01,723.78,335.35,1.92,,0.089,2.807,,,2026-07-26 02:25:24
宁夏回族自治区,黄河流域,弹筝峡,2026-07-26 02:00,2,20.62,8.29,6.43,685.6,18.867,1.03,0.009,0.031,3.02,,,2026-07-26 02:25:24
宁夏回族自治区,黄河流域,沟圈,2026-07-26 02:00,2,26.7,8.56,6.05,1688.111,71.94381,3.33,0.047,0.039,1.2091,,,2026-07-26 02:25:24
宁夏回族自治区,黄河流域,中卫下河沿,2026-07-26 02:00,2,22.7,8.11,6.62,654,1679.5,2.12,0.001,0.064,2.287,,,2026-07-26 02:25:24
宁夏回族自治区,黄河流域,泉眼山,2026-07-26 02:00,2,24.24,8.16,7.72,6977.831,144.3462,3.05,0.165,0.048,21.4331,,,2026-07-26 02:25:24
新疆维吾尔自治区,西北诸河,青年渠,2026-07-26 01:00,1,16.39,8.17,9.06,296.8007,24.00204,0.23,0.001,0.007,0.87478,,,2026-07-26 02:25:24
新疆维吾尔自治区,西北诸河,七纺桥,2026-07-26 01:00,2,13.74,8.54,7.92,2265.09,20.66434,0.71,0.012,0.025,10.40909,,,2026-07-26 02:25:24
新疆维吾尔自治区,西北诸河,赛湖2,2026-07-26 01:00,4,20.38396,8.91,4.39,3276.37,4.73121,0.42,0.269,0.0002,0.58904,0.00995,31450,2026-07-26 02:25:24
新疆维吾尔自治区,西北诸河,哈尔莫墩,2026-07-26 01:00,1,18.92,8.14,7.76,309.3484,10.10975,0.49,0.003,0.012,0.42606,,,2026-07-26 02:25:24
新疆维吾尔自治区,西北诸河,汇合口,2026-07-26 01:00,2,27.57,8.33,6.41,851.8326,15.10778,2.34,0.009,0.01,0.41386,,,2026-07-26 02:25:24
新疆维吾尔自治区,西北诸河,兰干,2026-07-26 01:00,2,26.98721,8.45,6.56,956.9748,7.05838,2.08,0.006,0.009,0.58748,,,2026-07-26 02:25:24
新疆维吾尔自治区,西北诸河,塔提让,2026-07-26 01:00,2,23.61,8.26,7.4,815.1792,4099.993,0.06,0.001,0.002,0.66535,,,2026-07-26 02:25:24
新疆维吾尔自治区,西北诸河,塔里木拦河闸,2026-07-26 01:00,1,17.82761,8.01,8.22,346.3444,1271.02,0.58,0.009,0.011,0.43205,,,2026-07-26 02:25:24
新疆维吾尔自治区,西北诸河,十二医院,2026-07-26 01:00,2,23.56993,8.03,7.15,1110.832,4099.992,0.33,0.007,0.002,0.592,,,2026-07-26 02:25:24
新疆维吾尔自治区,西北诸河,依干其渡口,2026-07-26 01:00,2,21.31275,8.28,7.77,410.2387,203.0884,0.4,0.01,0.039,2.35008,,,2026-07-26 02:25:24
新疆维吾尔自治区,西北诸河,龙口大桥,2026-07-26 01:00,1,18.37708,7.67,7.84,249.7547,9.36309,0.44,0.007,0.006,0.65727,,,2026-07-26 02:25:24
新疆维吾尔自治区,西北诸河,羊场大桥,2026-07-26 01:00,4,20.27,7.8,4.64,1023.664,1.93725,0.94,0.025,0.019,0.82219,,,2026-07-26 02:25:24
新疆维吾尔自治区,西北诸河,喀什河大桥,2026-07-26 01:00,1,18.05,7.88,8.56,235.2575,11.58908,0.97,0.005,0.012,1.10361,,,2026-07-26 02:25:24
新疆维吾尔自治区,西北诸河,英牙尔乡,2026-07-26 01:00,2,24.81146,8.38,7.33,446.501,35.55961,3.1,0.006,0.069,1.70307,,,2026-07-26 02:25:24
新疆维吾尔自治区,西北诸河,雅马渡大桥,2026-07-26 01:00,3,22.026,7.69,5.54,342.622,8.222,1.04,0.032,0.014,1.689,,,2026-07-26 02:25:24
新疆维吾尔自治区,西北诸河,布尔津河大桥,2026-07-26 01:00,1,22.89,7.29,7.83,61.49293,6.18354,1.02,0.001,0.005,0.21243,,,2026-07-26 02:25:24
新疆维吾尔自治区,西北诸河,乌伦古湖码头,2026-07-26 01:00,2,24.29785,8.8,14.71,3769.566,10.58476,3.35,0.006,0.013,0.51945,0.01442,583963.4,2026-07-26 02:25:24
新疆维吾尔自治区,西北诸河,布尔津水文站,2026-07-26 01:00,2,25.05,8.56,9.02,150.7486,9.64446,1.69,0.024,0.022,0.76211,,,2026-07-26 02:25:24
新疆维吾尔自治区,西北诸河,额河南湾,2026-07-26 01:00,1,23.772,7.99,10.65,198.892,5.7417,0.62,0.002,0.017,0.64153,,,2026-07-26 02:25:24
北京市,海河流域,鼓楼外大街,2026-07-26 03:00,2,23.64,7.55,6.79,479.12,15.568,2.61,0.045,0.022,3.79,,,2026-07-26 03:39:54
北京市,海河流域,广北滨河路,2026-07-26 03:00,2,23.94,8.01,8.35,449.35,20.16,2.52,0.018,0.029,3.815,,,2026-07-26 03:39:54
北京市,海河流域,沙窝,2026-07-26 03:00,3,27.81,7.38,16.07,846.8,5.496,5.03,0.143,0.087,5.572,,,2026-07-26 03:39:54
北京市,海河流域,新八里桥,2026-07-26 03:00,4,26.17,7.37,4,693.319,8.916,3.8,0.058,0.115,7.529,,,2026-07-26 03:39:54
北京市,海河流域,大红门闸上,2026-07-26 03:00,2,23.43,7.51,6.47,1047.1,13.789,2.54,0.002,0.062,4.851,,,2026-07-26 03:39:54
北京市,海河流域,南大荒桥,2026-07-26 03:00,3,27.81,8.51,7.19,870.6,19.14,4.18,,0.046,2.338,,,2026-07-26 03:39:54
北京市,海河流域,清河闸,2026-07-26 03:00,2,23.11,7.61,6.26,794.93,7.402,2.43,,0.069,6.725,,,2026-07-26 03:39:54
北京市,海河流域,花园路,2026-07-26 03:00,3,22.62,7.4,5.53,792.39,21.168,2.34,0.031,0.079,8.006,,,2026-07-26 03:39:54
北京市,海河流域,白石桥,2026-07-26 03:00,2,22.7,8.02,9.45,433.74,4.332,2.45,0.057,0.012,2.897,,,2026-07-26 03:39:54
北京市,海河流域,八间房漫水桥,2026-07-26 03:00,4,28.9,7.64,4.5,943.24,10.82,2.84,0.003,0.055,3.8204,,,2026-07-26 03:39:54
北京市,海河流域,码头,2026-07-26 03:00,2,28.4,7.3,6.31,968.3,20.284,2.77,,0.042,5.664,,,2026-07-26 03:39:54
北京市,海河流域,罗庄,2026-07-26 03:00,4,28.27,7.73,3.11,1121.215,7.000009,3.82,0.031,0.12,6.3491,,,2026-07-26 03:39:54
北京市,海河流域,小屯桥,2026-07-26 03:00,3,28.46,7.92,5.58,1209.134,17.22128,4.14,0.04,0.131,6.2021,,,2026-07-26 03:39:54
北京市,海河流域,东店,2026-07-26 03:00,2,22.80333,7.58,6.26,579.0519,22.66961,2.59,0.038,0.072,9.156969,,,2026-07-26 03:39:54
北京市,海河流域,密云水库,2026-07-26 03:00,2,28.06457,8.02,8.67,391.203,89.98226,2.09,0.067,0.007,3.553183,,,2026-07-26 03:39:54
北京市,海河流域,大关桥,2026-07-26 03:00,2,28.6,8.2,11.3,448.22,55.36,3.9,0.141,0.054,4.7171,,,2026-07-26 03:39:54
北京市,海河流域,辛庄桥,2026-07-26 03:00,2,25.16,8.15,7.88,545.054,68.73013,2.31,,0.037,7.1311,,,2026-07-26 03:39:54
北京市,海河流域,谷家营,2026-07-26 03:00,2,28.24,8.15,14.55,532.004,5.161,3.12,0.105,0.033,2.74,,,2026-07-26 03:39:54
北京市,海河流域,后城,2026-07-26 03:00,3,21.57,8.28,8.48,522.641,123.2629,4.85,0.008,0.11,10.7001,,,2026-07-26 03:39:54
天津市,海河流域,三岔口,2026-07-26 02:00,6,28.25,7.55,1.35,1278.567,23.27025,4.15,1.423,0.121,2.47268,,,2026-07-26 03:39:54
天津市,海河流域,北洋桥,2026-07-26 03:00,6,27.77326,7.09,0.68,1235.463,24.25664,5.32,2.45,0.29,4.396167,,,2026-07-26 03:39:54
天津市,海河流域,大红桥,2026-07-26 03:00,6,28.42,7.39,1.96,1235.135,38.42472,4.72,1.043,0.114,3.6721,,,2026-07-26 03:39:54
天津市,海河流域,曹庄子泵站,2026-07-26 03:00,2,30.22,7.69,6.05,269.61,1.46,1.27,0.042,0.002,0.865,,,2026-07-26 03:39:54
天津市,海河流域,生产圈闸,2026-07-26 03:00,6,26.54111,7.52,1.45,963.8141,27.27641,4.06,1.778,0.193,2.811522,,,2026-07-26 03:39:54
天津市,海河流域,尔王庄泵站,2026-07-26 03:00,3,29.37,7.61,5.42,253.504,14.68877,2.04,,0.013,0.8541,,,2026-07-26 03:39:54
天津市,海河流域,塘汉公路桥,2026-07-26 03:00,6,24.62,7.42,0.52,1114.85,37.73978,4.27,0.667,0.197,4.8591,,,2026-07-26 03:39:54
天津市,海河流域,海河大闸,2026-07-26 03:00,5,27.88,7.55,2.43,2682.66,5.7183,4.1,0.545,0.156,2.4896,,,2026-07-26 03:39:54
天津市,海河流域,北排水河防潮闸,2026-07-26 03:00,5,18.8,8.03,2.16,1823.6,42.6788,4.17,0.003,0.064,0.8231,,,2026-07-26 03:39:54
天津市,海河流域,沧浪渠出境,2026-07-26 03:00,5,27.71,7.9,2.92,4202.6,134.363,7.02,1.378,0.258,4.4837,,,2026-07-26 03:39:54
天津市,海河流域,万家码头,2026-07-26 02:00,5,27.37,7.3,2.04,1049.75,24.56,4.14,1.894,0.163,3.594,,,2026-07-26 03:39:54
天津市,海河流域,蓟运河防潮闸,2026-07-26 03:00,6,27.8731,7.18,1.73,751.6666,55.89756,5.07,0.731,0.219,2.790062,,,2026-07-26 03:39:54
天津市,海河流域,青静黄防潮闸,2026-07-26 03:00,6,26.42821,8.05,0.93,4982.873,0.194262,6.93,1.097,0.288,2.254065,,,2026-07-26 03:39:54
天津市,海河流域,马棚口防潮闸,2026-07-26 03:00,4,27.86,7.71,4.34,12991,61.5447,7.12,0.568,0.108,2.699,,,2026-07-26 03:39:54
天津市,海河流域,阎辛庄,2026-07-26 03:00,6,19.60286,7.19,0.68,1360.947,32.89983,2.54,0.288,0.102,2.687266,,,2026-07-26 03:39:54
天津市,海河流域,于桥水库库中心,2026-07-26 03:00,3,27.94,8.98,12.29,384.19,7.17,5.6,0.012,0.034,3.076,0.04579,,2026-07-26 03:39:54
天津市,海河流域,于桥水库出口,2026-07-26 02:00,3,27.06,8.71,11.11,363.809,12.3193,4.92,0.099,0.043,3.4361,,,2026-07-26 03:39:54
天津市,海河流域,黎河桥,2026-07-26 03:00,3,23.035,7.67,8.49,756.3,15.01,2.35,0.129,0.16,11.333,,,2026-07-26 03:39:54
天津市,海河流域,沙河桥,2026-07-26 03:00,2,22.4,7.7,6.27,599.26,24.79,1.31,0.195,0.086,9.455,,,2026-07-26 03:39:54
天津市,海河流域,果河桥,2026-07-26 02:00,2,26.37,8.45,12.58,516.1871,7.7203,2.49,,0.055,8.8559,,,2026-07-26 03:39:54
河北省,海河流域,下槐镇,2026-07-26 03:00,3,26.36,8.23,7.52,587.677,245.2533,3.17,0.01,0.157,3.8103,,,2026-07-26 03:39:54
河北省,海河流域,地都,2026-07-26 03:00,3,22.17,7.92,5.99,1165.132,57.864,1.35,0.126,0.035,4.976,,,2026-07-26 03:39:54
河北省,海河流域,平山桥,2026-07-26 03:00,2,26.15,7.89,8.19,1167.32,21.151,1.24,0.008,0.03,5.862,,,2026-07-26 03:39:54
河北省,海河流域,兆通,2026-07-26 03:00,2,30.14,8.57,8.15,285.04,1.32,2.08,0.012,0.008,0.8008,,,2026-07-26 03:39:54
河北省,海河流域,大石桥,2026-07-26 03:00,6,27.67502,6.71,3.19,1031.936,26.53791,5.58,2.434,0.184,10.887,,,2026-07-26 03:39:54
河北省,海河流域,涧河口,2026-07-26 03:00,4,26.74866,7.36,3.62,634.009,51.05025,4.28,0.125,0.113,5.034753,,,2026-07-26 03:39:54
河北省,海河流域,丰北闸,2026-07-26 03:00,4,26.95107,7.46,7.8,739.2867,20.5036,5,0.083,0.243,6.072876,,,2026-07-26 03:39:54
河北省,海河流域,滦县大桥,2026-07-26 03:00,2,21.13,7.78,7.37,506.826,23.00707,2.52,0.071,0.06,5.1181,,,2026-07-26 03:39:54
河北省,海河流域,新开河口,2026-07-26 03:00,3,34.14883,7.05,5.08,45050.58,4.601413,2.1,0.27,0.041,1.243414,,,2026-07-26 03:39:54
河北省,海河流域,曲周,2026-07-26 03:00,4,30.78,7.34,3.16,865.606,19.177,3.64,1.121,0.145,3.611,,,2026-07-26 03:39:54
河北省,海河流域,沙阳,2026-07-26 03:00,4,31.12,7.72,9,1403.77,36.63,8.01,,0.096,2.1432,,,2026-07-26 03:39:54
河北省,海河流域,艾辛庄,2026-07-26 02:00,5,27.75431,7.52,5.58,846.677,134.8218,7.78,0.391,0.338,6.10375,,,2026-07-26 03:39:54
河北省,海河流域,后西吴桥,2026-07-26 03:00,4,29.85,7.64,4.09,619.4,80.56,4.34,0.171,0.215,6.0435,,,2026-07-26 03:39:54
河北省,海河流域,北河店,2026-07-26 02:00,5,27.22,7.57,2.46,527.7639,3.1126,1.27,,0.018,4.347,,,2026-07-26 03:39:54
河北省,海河流域,白合,2026-07-26 03:00,3,24.15,8.1,7.87,487.98,356.73,3.64,,0.187,5.284,,,2026-07-26 03:39:54
河北省,海河流域,杜里村,2026-07-26 03:00,2,22.2,8.42,9.08,433.34,59.29,2.85,,0.09,2.1202,,,2026-07-26 03:39:54
河北省,海河流域,温泉屯,2026-07-26 03:00,6,23.79,8.37,6.38,1125.342,1089.382,10.33,0.009,0.494,18.9321,,,2026-07-26 03:39:54
河北省,海河流域,八号桥,2026-07-26 03:00,6,27.4,8.35,9,1049.62,623.0875,7.63,0.857,0.415,3.980432,,,2026-07-26 03:39:54
河北省,海河流域,左卫桥,2026-07-26 03:00,3,22.99,8.46,8.34,704.125,426.0532,3.18,0.011,0.174,9.6271,,,2026-07-26 03:39:54
河北省,海河流域,四道甸,2026-07-26 03:00,2,25.34,8.34,7.52,407.267,89.4493,3.41,0.012,0.053,6.7521,,,2026-07-26 03:39:54
河北省,辽河流域,甸子,2026-07-26 03:00,2,19.61,7.84,7.2,364.59,33.98,2.72,0.007,0.078,4.478,,,2026-07-26 03:39:54
河北省,海河流域,何老营,2026-07-26 03:00,4,26.40673,7.76,3.83,3092.423,20.81231,4.78,,0.172,0.911707,,,2026-07-26 03:39:54
河北省,海河流域,大口河口,2026-07-26 03:00,4,27.36,7.73,4.5,14499.77,61.78,4.48,1.276,0.096,4.714,,,2026-07-26 03:39:54
河北省,海河流域,四埝村桥,2026-07-26 03:00,6,26.23,7.5,0.99,4487.548,20.432,6.1,0.73,0.119,2.588,,,2026-07-26 03:39:54
河北省,海河流域,大王务,2026-07-26 02:00,5,26.8,7.39,2.13,614.571,24.88741,8.07,0.141,0.153,2.3291,,,2026-07-26 03:39:54
河北省,海河流域,吴村,2026-07-26 02:00,2,27.22,7.98,6.58,523.04,17.58,2.38,0.098,0.077,4.248,,,2026-07-26 03:39:54
河北省,海河流域,台头,2026-07-26 03:00,4,29.29999,7.54,4.51,905.451,15.92961,4.21,0.291,0.07,0.8341,,,2026-07-26 03:39:54
河北省,海河流域,三小营,2026-07-26 03:00,5,28.11615,7.4,2.23,933.2117,12.53071,4.31,0.119,0.115,4.224703,,,2026-07-26 03:39:54
河北省,海河流域,小范桥,2026-07-26 02:00,3,29.83,8.51,8.22,828.521,1.473,4.55,0.006,0.06,0.4961,,,2026-07-26 03:39:54
河北省,海河流域,衡水湖大湖心,2026-07-26 02:00,4,28.97,8.11,4.27,1554.455,32.933,4.93,0.102,0.029,0.754,0.025376,1.405986,2026-07-26 03:39:54
河北省,海河流域,南张村,2026-07-26 03:00,3,29.71,7.96,5.81,325.97,4.885,2.07,0.112,0.012,0.8123,,,2026-07-26 03:39:54
河北省,海河流域,安州,2026-07-26 02:00,6,29.87,7.4,1.38,1023.523,100.1834,4,1.873,0.163,5.531,,,2026-07-26 03:39:54
河北省,海河流域,膳马庙村北,2026-07-26 03:00,6,29.19,7.44,2.34,896.1197,41.2644,6.63,3.519,0.24,6.9597,,,2026-07-26 03:39:54
河北省,海河流域,烧车淀,2026-07-26 03:00,2,29.38,7.91,10.87,497.99,4.27,,,0.023,2.344,0.00156,3387317,2026-07-26 03:39:54
河北省,海河流域,圈头,2026-07-26 03:00,2,29.51,7.93,6.77,658.83,0.9655,2.99,0.093,0.023,0.949,0.00263,5832409,2026-07-26 03:39:54
河北省,海河流域,采蒲台,2026-07-26 03:00,2,29.17558,7.53,8.43,738.962,0.351778,2.67,0.052,0.021,1.359183,0.002018,592927.4,2026-07-26 03:39:54
河北省,海河流域,光淀张庄,2026-07-26 03:00,3,29.48,7.58,5.38,551.3,5.99,3.06,0.023,0.029,1.645,0.00473,6321388,2026-07-26 03:39:54
山西省,黄河流域,上兰,2026-07-26 03:00,2,22.19,8.26,7.2,620.833,2.98194,1.4,0.006,,2.1411,,,2026-07-26 03:39:54
山西省,黄河流域,汾河水库出口,2026-07-26 03:00,2,24.92,8.24,7.61,728.783,6.727605,2.07,0.018,0.002,1.5171,0.0105179,301295,2026-07-26 03:39:54
山西省,海河流域,堡子湾,2026-07-26 03:00,3,20.56,8.1,5.76,790.345,34.4276,1.39,0.012,0.043,6.7631,,,2026-07-26 03:39:54
山西省,海河流域,册田水库出口,2026-07-26 03:00,3,23.76,8.23,6.96,1153.76,18.2349,4.32,0.118,0.093,0.7921,,,2026-07-26 03:39:54
山西省,海河流域,古家坡,2026-07-26 03:00,4,27.25,8.12,6.56,,9.931132,6.04,0.014,0.114,1.3881,,,2026-07-26 03:39:54
山西省,海河流域,闫家庄大桥,2026-07-26 03:00,3,25.07,8.42,7.95,546.27,197.66,3.03,,0.126,1.9263,,,2026-07-26 03:39:54
山西省,海河流域,白羊墅,2026-07-26 03:00,3,24.98,7.76,6.11,2071.7,7.488,3.72,0.249,0.161,7.162,,,2026-07-26 03:39:54
山西省,海河流域,王家庄,2026-07-26 03:00,2,25.9,8.23,7.98,695.95,52.53,2.9,0.054,0.062,3.565,,,2026-07-26 03:39:54
山西省,海河流域,司徒桥,2026-07-26 03:00,4,26.52,7.57,4.1,489.4549,33.4209,3.81,0.183,0.057,2.09,,,2026-07-26 03:39:54
山西省,海河流域,关河水库出口,2026-07-26 03:00,4,23.33,7.65,3.45,652.17,7.479,3.33,0.255,0.03,1.1868,,,2026-07-26 03:39:54
山西省,海河流域,北寨,2026-07-26 03:00,5,24.86,7.56,3.65,704.55,47.07,5.88,1.971,0.239,6.306,,,2026-07-26 03:39:54
山西省,海河流域,后湾水库出口,2026-07-26 02:00,2,25.23,8.16,6.79,485.46,3.477,2.73,0.001,0.016,1.448,,,2026-07-26 03:39:54
山西省,黄河流域,龙头,2026-07-26 03:00,3,22.21,8.18,7.32,572.41,141.91,4.04,,0.053,,,,2026-07-26 03:39:54
山西省,黄河流域,拴驴泉,2026-07-26 03:00,2,19.81,8.3,8.77,665.8726,39.7631,2.27,0.025,0.027,4.9216,,,2026-07-26 03:39:54
山西省,黄河流域,张峰水库出口,2026-07-26 03:00,1,26.2229,8.24,7.98,535.097,12.3363,1.55,0.042,0.003,3.1836,,,2026-07-26 03:39:54
山西省,海河流域,东榆林水库出口,2026-07-26 03:00,2,26.65,8.61,18.66,678.247,14.66841,3.62,0.006,0.085,2.2571,,,2026-07-26 03:39:54
山西省,黄河流域,杀虎口,2026-07-26 03:00,3,21.4,8.26,7.13,493.161,40.23546,4.92,0.008,0.051,1.4801,,,2026-07-26 03:39:54
山西省,海河流域,王寨村,2026-07-26 02:00,2,25.32,8.15,7.09,607.068,45.159,1.1,,0.028,2.414,,,2026-07-26 03:39:54
山西省,黄河流域,安固桥,2026-07-26 03:00,4,26.769,7.76,4.58,1007.32,103.4483,3.9,0.029,0.122,6.3999,,,2026-07-26 03:39:54
山西省,黄河流域,龙门,2026-07-26 02:00,2,27.23,8.41,7.48,1005.427,,2.29,,0.064,2.629,,,2026-07-26 03:39:54
山西省,黄河流域,张留庄,2026-07-26 03:00,4,29.69,8.35,7.56,7845.283,215.604,8.98,1.487,0.299,8.76,,,2026-07-26 03:39:54
山西省,黄河流域,上亳城,2026-07-26 03:00,2,24.96,8.45,7.01,840.191,9.839,2.3,,0.069,4.2311,,,2026-07-26 03:39:54
山西省,黄河流域,小韩村,2026-07-26 03:00,6,24.97,7.41,0.96,1633.73,39.215,4.26,0.674,0.264,3.156,,,2026-07-26 03:39:54
山西省,海河流域,梵王寺,2026-07-26 03:00,2,18.86,7.96,6.86,1228.685,46.94527,3.1,0.34,0.059,5.2721,,,2026-07-26 03:39:54
山西省,海河流域,代县桥,2026-07-26 03:00,2,22.1,8.36,7.66,738.555,154.9456,2.15,0.003,0.1,4.2961,,,2026-07-26 03:39:54
山西省,海河流域,定襄桥,2026-07-26 03:00,4,26.32,8.5,5.85,752.163,1197.959,8.33,0.001,0.225,3.7281,,,2026-07-26 03:39:54
山西省,海河流域,南庄,2026-07-26 03:00,3,24.56,8.32,7.25,580.884,223.7646,4.04,,0.098,6.6891,,,2026-07-26 03:39:54
山西省,海河流域,坪上桥,2026-07-26 03:00,2,17.33,8.09,7.52,456.176,85.27454,1.21,0.001,0.037,4.2391,,,2026-07-26 03:39:54
山西省,黄河流域,河西村,2026-07-26 03:00,4,23.71,8.4,7,612.4,356.84,6.5,0.012,0.267,5.838,,,2026-07-26 03:39:54
山西省,黄河流域,上平望,2026-07-26 03:00,3,28.75,7.57,5.06,1150.16,323.07,4.73,0.1,0.051,6.967,,,2026-07-26 03:39:54
山西省,黄河流域,黑城村,2026-07-26 03:00,3,25.66,8.04,7.64,678.1709,2779.262,4.24,0.255,0.083,4.851,,,2026-07-26 03:39:54
山西省,黄河流域,曲立,2026-07-26 03:00,3,21.44,8.05,6.23,603.304,151.7186,2.18,0.016,0.117,4.7051,,,2026-07-26 03:39:54
山西省,黄河流域,裴家川口,2026-07-26 03:00,2,25.87,8.22,8.48,449.591,83.94478,2.18,0.025,0.066,4.5641,,,2026-07-26 03:39:54
山西省,黄河流域,碛口,2026-07-26 03:00,2,27.69,8.56,7.29,915.044,141.3386,3.45,0.01,0.08,8.8511,,,2026-07-26 03:39:54
山西省,黄河流域,裴沟,2026-07-26 03:00,4,25.93,8.26,7.38,561.669,1382.136,4.77,0.026,0.273,4.3511,,,2026-07-26 03:39:54
山西省,黄河流域,三川河两河口桥,2026-07-26 03:00,3,28,8.4,7.13,715.342,24.2851,3.21,0.021,0.117,6.0981,,,2026-07-26 03:39:54
山西省,黄河流域,碧村,2026-07-26 03:00,2,26.86,8.37,9.1,623.421,65.09213,2.73,0.029,0.07,5.4541,,,2026-07-26 03:39:54
山西省,黄河流域,北峪口,2026-07-26 03:00,2,19.74528,8.09,7.1,491.294,16.19652,1.92,0.084,0.003,2.1681,,,2026-07-26 03:39:54
山西省,黄河流域,南姚,2026-07-26 03:00,3,28.21,8.03,7.73,828.48,38.63,5.95,0.57,0.1,3.626,,,2026-07-26 03:39:54
内蒙古自治区,黄河流域,大黑河入黄口,2026-07-26 02:00,4,27.98,8.38,8.89,1133.768,159.0155,8.83,0.174,0.198,8.49561,,,2026-07-26 03:39:54
内蒙古自治区,黄河流域,磴口,2026-07-26 02:00,2,24.66,8.21,6.87,1067.785,132.463,0.36,0.033,0.031,2.16328,,,2026-07-26 03:39:54
内蒙古自治区,松花江流域,根河口内,2026-07-26 02:00,5,21.86,6.79,6.12,96.04,43.33,10.73,,0.059,0.431,,,2026-07-26 03:39:54
内蒙古自治区,松花江流域,成吉思汗,2026-07-26 03:00,3,22.16,7.01,7.93,125.1,40.1,4.19,0.012,0.05,1.472,,,2026-07-26 03:39:54
内蒙古自治区,松花江流域,讷尔克气,2026-07-26 03:00,4,16.99,7.05,8.65,65.4,18.854,7.02,,0.027,0.274,,,2026-07-26 03:39:54
内蒙古自治区,黄河流域,总排干入黄口,2026-07-26 03:00,4,25.75,8.65,6.45,2829.802,44.623,6.73,0.101,0.056,1.1021,,,2026-07-26 03:39:54
内蒙古自治区,黄河流域,三盛公,2026-07-26 02:00,2,29.3593,8.36,7.58,830.8428,367.3701,2.23,0.032,0.03,2.06375,,,2026-07-26 03:39:54
内蒙古自治区,松花江流域,斯力很,2026-07-26 01:00,5,23.1,7.37,7.94,224,1345.4,13.17,,0.362,6.37,,,2026-07-26 03:39:54
辽宁省,辽河流域,蒲河沿,2026-07-26 03:00,6,28.49,7.16,0.8,432.8,9,6.85,0.114,0.268,,,,2026-07-26 03:39:54
辽宁省,辽河流域,于台,2026-07-26 03:00,4,23.23,7.04,3.82,676.325,4.21,3.46,0.654,0.096,7.741,,,2026-07-26 03:39:54
辽宁省,辽河流域,巨流河大桥,2026-07-26 03:00,4,24.61,7.7,7.2,413.5,522.8,9.92,,0.293,5.875,,,2026-07-26 03:39:54
辽宁省,辽河流域,城子坦,2026-07-26 02:00,2,27.57721,7.43,6.79,249.8868,17.5683,2.27,0.026,0.062,4.39064,,,2026-07-26 03:39:54
辽宁省,辽河流域,麦家,2026-07-26 02:00,4,29.63,7.72,3.45,389.2,18.1,4.1,0.22,0.172,1.54,,,2026-07-26 03:39:54
辽宁省,辽河流域,复州湾大桥,2026-07-26 03:00,3,27.5767,7.93,6.38,560.618,9.51672,3.68,0.034,0.104,4.439,,,2026-07-26 03:39:54
辽宁省,辽河流域,三台子,2026-07-26 02:00,3,28.93249,8.51,9.81,572.2633,7.8576,4.57,0.008,0.06,4.31066,,,2026-07-26 03:39:54
辽宁省,辽河流域,万泰,2026-07-26 03:00,2,28.15,8.51,9.25,145.646,4.91963,2.39,0.042,0.017,2.34357,,,2026-07-26 03:39:54
辽宁省,辽河流域,登化,2026-07-26 03:00,4,28.8121,7.96,13.11,586.838,34.0889,8.07,0.045,0.173,3.604,,,2026-07-26 03:39:54
辽宁省,辽河流域,口子街,2026-07-26 02:00,3,24.03,7.63,5.66,279.7,7.96444,1.99,0.086,0.03,4.443,,,2026-07-26 03:39:54
辽宁省,辽河流域,关门山大桥,2026-07-26 03:00,2,22.15,7.81,6.84,372.642,5.298,1.2,,0.015,6.358,,,2026-07-26 03:39:54
辽宁省,辽河流域,大伙房水库,2026-07-26 03:00,4,21.41,6.84,7.96,192.78,82.15,5.13,0.14,0.241,3.976,0.07074,,2026-07-26 03:39:54
辽宁省,辽河流域,北太子河入观音阁水库口,2026-07-26 03:00,2,23.22,7.67,7.72,261.5,24.5213,1.89,0.017,0.031,8.524227,,,2026-07-26 03:39:54
辽宁省,辽河流域,老官砬子,2026-07-26 03:00,2,15.1,7.9,11.72,278.6,14.2,1.87,0.031,0.026,3.9331,,,2026-07-26 03:39:54
辽宁省,辽河流域,兴安,2026-07-26 03:00,2,17.56,7.92,8.3,306.3,17,1.84,0.01,0.062,3.723,,,2026-07-26 03:39:54
辽宁省,辽河流域,凤鸣电站,2026-07-26 02:00,2,18.62,7.74,8.7,202.59,30.696,2.39,,0.049,3.835,,,2026-07-26 03:39:54
辽宁省,辽河流域,南太子河入库口,2026-07-26 02:00,2,22.56,7.4,7.22,179.9,2.19,0.93,0.004,0.006,6.675,,,2026-07-26 03:39:54
辽宁省,辽河流域,蒲石河大桥,2026-07-26 02:00,2,22.91,7.38,8.24,162.15,6.424,1.46,0.082,0.024,3.969,,,2026-07-26 03:39:54
辽宁省,辽河流域,王家沟,2026-07-26 03:00,2,23.82,8.06,8.38,741.74,17.85,2.33,,0.04,4.62,,,2026-07-26 03:39:54
辽宁省,辽河流域,西八千,2026-07-26 03:00,3,28.39,8.25,8.97,680.07,46.35,5.73,,0.086,5.149,,,2026-07-26 03:39:54
辽宁省,辽河流域,张家堡,2026-07-26 03:00,2,26.8,8.12,6.66,679.33,80.818,3.62,,0.076,5.498,,,2026-07-26 03:39:54
辽宁省,辽河流域,女儿河入河口,2026-07-26 03:00,2,27.47,7.87,8.36,788.96,19.66,2.36,,0.042,7.406,,,2026-07-26 03:39:54
辽宁省,辽河流域,何家信子,2026-07-26 03:00,2,23.01,7.92,6.62,470.6,8.21,2.76,0.06,0.07,2.227,,,2026-07-26 03:39:54
辽宁省,辽河流域,西树林,2026-07-26 02:00,2,26.45,8.44,10.44,629.6,40,2.94,,0.077,4.33,,,2026-07-26 03:39:54
辽宁省,辽河流域,高台子,2026-07-26 03:00,6,18.9,7.58,0.5,896.181,77.762,5.29,0.021,0.135,6.179,,,2026-07-26 03:39:54
辽宁省,辽河流域,茧场,2026-07-26 02:00,2,28.3,8.09,6.82,275.3719,8.2062,1.32,0.01,0.014,4.96273,,,2026-07-26 03:39:54
辽宁省,辽河流域,大清河口,2026-07-26 02:00,3,29.51,8.58,18.7,584.94,6.791,4.99,0.04,0.059,6.179,,,2026-07-26 03:39:54
辽宁省,辽河流域,下口子,2026-07-26 03:00,2,21.65,7.82,8.08,376.4,291.92,2.84,0.043,0.084,4.721,,,2026-07-26 03:39:54
辽宁省,辽河流域,二道河水库口,2026-07-26 02:00,2,21.6406,7.98,6.18,398.424,3.26453,1.3,0.001,0.009,4.676,,,2026-07-26 03:39:54
辽宁省,辽河流域,下王家,2026-07-26 02:00,2,21.1493,7.69,8.6,337.423,29.979,2.77,0.01,0.047,4.715,,,2026-07-26 03:39:54
辽宁省,辽河流域,汤河桥,2026-07-26 03:00,2,20.89,7.79,7.21,393.3,4.88441,0.34,0.018,0.019,2.452,,,2026-07-26 03:39:54
辽宁省,辽河流域,下达河入汤河水库口,2026-07-26 02:00,2,23.6992,8.02,6.73,442.946,5.4,1.93,0.008,0.023,6.403,,,2026-07-26 03:39:54
辽宁省,辽河流域,胜利塘,2026-07-26 03:00,6,28.38,7.71,1.42,658.73,64.26,7.37,,0.139,1.854,,,2026-07-26 03:39:54
辽宁省,辽河流域,鲜峰桥,2026-07-26 03:00,4,28.75,8.53,,563.745,12.458,8.26,0.024,0.093,8.415,,,2026-07-26 03:39:54
辽宁省,辽河流域,清辽,2026-07-26 03:00,5,21.219,7.48,7.79,257,211.7,10.45,,0.337,8.001,,,2026-07-26 03:39:54
辽宁省,辽河流域,松树水文站,2026-07-26 03:00,2,25.43,7.54,6.98,395.18,23.7,2.65,,0.065,11.086,,,2026-07-26 03:39:54
辽宁省,辽河流域,亮子河入河口,2026-07-26 03:00,4,26.15,7.52,5.48,567.45,48.94,5.13,0.022,0.261,4.8,,,2026-07-26 03:39:54
辽宁省,辽河流域,凌鸿大桥,2026-07-26 03:00,2,25.84,8.05,6.92,764.9,18.7,2.19,,0.038,10.836,,,2026-07-26 03:39:54
辽宁省,辽河流域,章吉营,2026-07-26 03:00,2,26.91,8.06,6.66,804.2,21.4,2.03,0.005,0.044,9.62,,,2026-07-26 03:39:54
辽宁省,辽河流域,大凌河西支入河口,2026-07-26 03:00,3,20.36,8.09,7.5,791.82,153.839,3.9,0.004,0.128,13.941,,,2026-07-26 03:39:54
辽宁省,辽河流域,李家湾大桥,2026-07-26 03:00,2,19.7,7.86,7.6,558.9,32.8,0.6,,0.028,4.437,,,2026-07-26 03:39:54
辽宁省,辽河流域,王家窝棚,2026-07-26 03:00,3,23.06,7.48,5.49,585,6.5,2.27,0.057,0.104,7.832,,,2026-07-26 03:39:54
辽宁省,辽河流域,红石碑入海前,2026-07-26 03:00,2,27.43,8.37,18.33,924.487,10.081,3.18,0.015,0.07,7.457,,,2026-07-26 03:39:54
辽宁省,辽河流域,小渔场,2026-07-26 02:00,2,25.21,7.75,6.06,527.92,53.092,3.65,,0.088,3.702,,,2026-07-26 03:39:54
吉林省,松花江流域,新立城大坝,2026-07-26 03:00,4,23.5625,7.61,3,291.3,37.1,3.25,0.017,0.04,2.035,,,2026-07-26 03:39:54
吉林省,松花江流域,松花江村,2026-07-26 03:00,4,23.05,6.84,8.65,159.76,189.58,6.09,0.33,0.192,5.324,,,2026-07-26 03:39:54
吉林省,松花江流域,砖瓦窑桥,2026-07-26 02:00,6,19.05,7.26,1.62,305.59,459.63,10.98,0.669,0.488,4.785,,,2026-07-26 03:39:54
吉林省,松花江流域,镇江口,2026-07-26 03:00,4,23.46,6.91,6.68,212,222.34,5.66,,0.206,4.889,,,2026-07-26 03:39:54
吉林省,松花江流域,靠山大桥,2026-07-26 02:00,-1,,,,,,,,,,,,2026-07-26 03:39:54
吉林省,松花江流域,饮马河大桥,2026-07-26 02:00,3,21.94,7.16,7.21,203.35,116.53,4.52,,0.118,4.985,,,2026-07-26 03:39:54
吉林省,松花江流域,周家河口,2026-07-26 03:00,3,17.96,7.43,7.34,468.96,194.1,5.13,0.045,0.152,2.741,,,2026-07-26 03:39:54
吉林省,松花江流域,白旗,2026-07-26 02:00,4,19.747,7.12,9.24,160.677,300.066,6.21,0.16,0.248,12.145,,,2026-07-26 03:39:54
吉林省,松花江流域,白山大桥,2026-07-26 03:00,3,10.23,7.06,8.23,123.67,35.547,4.96,0.011,0.036,1.648,,,2026-07-26 03:39:54
吉林省,松花江流域,官厅桥,2026-07-26 02:00,4,24.4,7.03,6.18,175,140.769,7.2,0.173,0.234,5.135,,,2026-07-26 03:39:54
吉林省,松花江流域,哨口,2026-07-26 02:00,3,19.8575,7.05,9.41,160.5,230.181,4.85,0.116,0.196,7.6821,,,2026-07-26 03:39:54
吉林省,松花江流域,肖家船口,2026-07-26 02:00,5,22.5469,6.65,7.9,91.0879,247.606,12.66,0.144,0.298,2.5164,,,2026-07-26 03:39:54
吉林省,松花江流域,烟筒山,2026-07-26 02:00,3,25.51,7.49,7.31,290.569,182.458,5.88,0.128,0.194,8.2,,,2026-07-26 03:39:54
吉林省,辽河流域,四双大桥,2026-07-26 02:00,4,26.12,7.81,6.93,455.66,335.22,6.06,,0.23,2.83,,,2026-07-26 03:39:54
吉林省,辽河流域,城子上,2026-07-26 02:00,3,25.87,7.84,7.35,406.5,76.64,4.51,0.013,0.088,1.834,,,2026-07-26 03:39:54
吉林省,辽河流域,六家子,2026-07-26 03:00,5,23.7,7.58,6.41,618.5,216.5,6.38,,0.362,8.9386,,,2026-07-26 03:39:54
吉林省,辽河流域,林家,2026-07-26 03:00,4,25.27,7.75,7.97,1002.743,51.7247,8,,0.189,8.321,,,2026-07-26 03:39:54
吉林省,辽河流域,河清,2026-07-26 03:00,5,20.76,7.17,6.43,320.2,534.41,9.62,,0.398,6.841,,,2026-07-26 03:39:54
吉林省,松花江流域,高集岗桥,2026-07-26 02:00,4,24.25,7.7,7.83,253.5,205.672,5.74,0.146,0.203,8.305,,,2026-07-26 03:39:54
吉林省,辽河流域,云峰,2026-07-26 03:00,3,18.023,7.08,5.41,133.2,35.1696,2.2,0.016,0.025,2.449,,,2026-07-26 03:39:54
吉林省,辽河流域,老虎哨,2026-07-26 03:00,2,20.069,7.29,7.42,107.724,22.485,2.13,0.016,0.02,2.451,,,2026-07-26 03:39:54
吉林省,辽河流域,鸠谷,2026-07-26 03:00,2,17.9,7.52,8.42,109.6,26.7,3.44,0.089,0.089,1.84,,,2026-07-26 03:39:54
吉林省,辽河流域,葫芦套,2026-07-26 02:00,2,24.04,8.01,8.42,122.663,32,2.73,0.017,0.049,1.813,,,2026-07-26 03:39:54
吉林省,辽河流域,大阳岔,2026-07-26 03:00,2,10.01,7.85,7.54,295.169,9.633,0.53,0.002,0.022,1.974,,,2026-07-26 03:39:54
吉林省,松花江流域,松林,2026-07-26 03:00,3,23.92,6.59,7.15,179.07,87.93,5.48,0.26,0.173,3.533,,,2026-07-26 03:39:54
吉林省,松花江流域,白沙滩,2026-07-26 03:00,4,25.55,7.38,6.89,134.23,47.97,8.26,0.205,0.117,1.856,,,2026-07-26 03:39:54
吉林省,松花江流域,月亮湖下,2026-07-26 03:00,4,27.73,7.21,4.26,137.75,92.79,8.05,,0.181,1.868,,,2026-07-26 03:39:54
吉林省,松花江流域,崇善,2026-07-26 02:00,4,16.86,7.47,10.09,84.332,43.892,9.02,0.022,0.156,1.357,,,2026-07-26 03:39:54
吉林省,松花江流域,石井,2026-07-26 02:00,3,22.06,7.72,7.58,259.199,37.98,4.31,0.016,0.108,1.745,,,2026-07-26 03:39:54
吉林省,松花江流域,三家子,2026-07-26 02:00,4,19.96,7.35,8.64,98.56,62.568,6.95,0.014,0.129,1.65,,,2026-07-26 03:39:54
吉林省,松花江流域,建封路大桥,2026-07-26 02:00,2,14.18,7.68,9.22,206.182,21.634,1.62,0.045,0.072,0.81,,,2026-07-26 03:39:54
黑龙江省,松花江流域,摆渡镇,2026-07-26 02:00,5,26.256,7,2.11,194.691,163.874,6.53,,0.19,3.265,,,2026-07-26 03:39:54
黑龙江省,松花江流域,苗家,2026-07-26 02:00,3,28,7.51,8.2,168.4,59.4,4.92,0.051,0.179,2.429,,,2026-07-26 03:39:54
黑龙江省,松花江流域,朱顺屯,2026-07-26 02:00,4,30.3661,7.55,8.72,199.241,13.9309,6.65,0.08,0.163,2.722,,,2026-07-26 03:39:54
黑龙江省,松花江流域,阿什河口内,2026-07-26 02:00,6,26.298,7.01,1.72,366.29,36.58,5.4,0.723,0.226,3.304,,,2026-07-26 03:39:54
黑龙江省,松花江流域,呼兰河口内,2026-07-26 03:00,4,26.34,7.46,6.29,351,160.52,7.56,0.114,0.187,1.95,,,2026-07-26 03:39:54
黑龙江省,松花江流域,大顶子山,2026-07-26 03:00,5,27.8785,7.07,2.64,203.893,126.007,6.63,0.156,0.103,7.985,,,2026-07-26 03:39:54
黑龙江省,松花江流域,拉哈,2026-07-26 02:00,4,22.92,7.16,5.24,115.433,147.54,8.56,,0.131,1.781,,,2026-07-26 03:39:54
黑龙江省,松花江流域,查哈阳乡,2026-07-26 03:00,4,22.9,7.43,7.96,98.8,92.8,7.06,0.008,0.074,0.92,,,2026-07-26 03:39:54
黑龙江省,松花江流域,音河水库,2026-07-26 03:00,4,23.8,6.86,3.3,172.58,547.74,9.51,,0.181,1.595,,,2026-07-26 03:39:54
黑龙江省,松花江流域,浏园,2026-07-26 02:00,4,24.13,7.21,6.48,130.3,164.4,7.7,,0.117,3.356,,,2026-07-26 03:39:54
黑龙江省,松花江流域,江桥,2026-07-26 03:00,4,26.04,7.52,6.61,147.888,145.791,6.33,,0.093,3.174,,,2026-07-26 03:39:54
黑龙江省,松花江流域,富源村,2026-07-26 03:00,5,24.04,7.42,6.28,98.37,112.44,11.18,0.004,0.137,1.027,,,2026-07-26 03:39:54
黑龙江省,松花江流域,泄洪1闸,2026-07-26 03:00,4,24.453,8.39,7.8,266.306,76.454,4.84,,0.067,2.106,0.034,17536,2026-07-26 03:39:54
黑龙江省,松花江流域,858九队,2026-07-26 02:00,4,27.69,6.94,4.48,206.9,170.982,8.55,0.136,0.131,1.7712,,,2026-07-26 03:39:54
黑龙江省,松花江流域,穆棱河口内,2026-07-26 03:00,3,22.62,7.32,5.06,284.128,13.0184,5.58,0.04,0.064,2.1144,,,2026-07-26 03:39:54
黑龙江省,松花江流域,名山,2026-07-26 02:00,6,21.42,7.26,7.72,86.277,74.183,15.96,0.094,0.058,0.593,,,2026-07-26 03:39:54
黑龙江省,松花江流域,饶河上,2026-07-26 02:00,4,23.24,7.18,6.02,71.5,32.753,8.48,0.031,0.059,1.431,,,2026-07-26 03:39:54
黑龙江省,松花江流域,挠力河口内,2026-07-26 03:00,4,26.011,7.48,5.66,237.319,81.697,6.4,0.173,0.24,0.763,,,2026-07-26 03:39:54
黑龙江省,松花江流域,嫩江口内,2026-07-26 03:00,4,27.1,7.05,4.35,133.929,94.096,8.26,,0.132,1.951,,,2026-07-26 03:39:54
黑龙江省,松花江流域,友好,2026-07-26 03:00,5,22.5,7.21,7.85,99.459,17.652,10.8,0.022,0.066,1.552,,,2026-07-26 03:39:54
黑龙江省,松花江流域,嘉荫,2026-07-26 03:00,5,21.3,7.08,7.78,83.313,46.186,14.54,0.019,0.067,0.667,,,2026-07-26 03:39:54
黑龙江省,松花江流域,双河渠首,2026-07-26 03:00,6,22.26,6.88,7.44,106,589.3,15.61,,0.386,3.488,,,2026-07-26 03:39:54
黑龙江省,松花江流域,佳木斯下,2026-07-26 02:00,3,25.3658,7.26,6.01,191.117,318.938,5.65,0.049,0.149,2.705,,,2026-07-26 03:39:54
黑龙江省,松花江流域,汤旺河口内,2026-07-26 03:00,4,24.453,7,7.43,92.59,34.909,7.82,0.024,0.066,2.244,,,2026-07-26 03:39:54
黑龙江省,松花江流域,宏克利,2026-07-26 02:00,3,26.52,6.7,5.33,156.5,54.33,5.98,0.042,0.155,2.958,,,2026-07-26 03:39:54
黑龙江省,松花江流域,同江,2026-07-26 03:00,3,24.17,6.84,5.16,174.15,42.56,5.57,0.078,0.061,2.023,,,2026-07-26 03:39:54
黑龙江省,松花江流域,海浪,2026-07-26 03:00,4,21.96,6.88,8.67,90.1,1143.76,7.88,0.078,0.116,3.888,,,2026-07-26 03:39:54
黑龙江省,松花江流域,三道,2026-07-26 02:00,5,22.75,6.9,5.62,114.4,143.12,6.65,0.067,0.135,3.039,0.080566,35584,2026-07-26 03:39:54
黑龙江省,松花江流域,黑河下,2026-07-26 03:00,5,20.51,7.44,7.63,98.655,43.6357,13.75,,0.063,0.4926,,,2026-07-26 03:39:54
黑龙江省,松花江流域,呼玛上,2026-07-26 03:00,3,27.773,8.25,7.29,,1.937,,0.055,0.102,1.157,,,2026-07-26 03:39:54
黑龙江省,松花江流域,呼玛河口内,2026-07-26 03:00,4,19.13,7.26,8.25,64.913,5.4,7.3,0.029,0.028,0.312,,,2026-07-26 03:39:54
黑龙江省,松花江流域,加格达奇上,2026-07-26 03:00,4,15.48,6.94,8.79,61.459,14.4767,6.59,,0.02,0.249,,,2026-07-26 03:39:54
上海市,长江流域,富锦路桥,2026-07-26 03:00,4,33,7.61,3.32,480.2,59.9,3.76,0.029,0.184,2.312,,,2026-07-26 03:39:54
上海市,太湖流域,明星路桥,2026-07-26 02:00,4,31.55,7.17,4.14,432.0374,44.79572,5.19,0.293,0.218,3.46723,,,2026-07-26 03:39:54
上海市,太湖流域,临江,2026-07-26 03:00,5,32.21,7.35,2.6,470.63,39.04,4.63,0.056,0.139,2.28,,,2026-07-26 03:39:54
上海市,太湖流域,浙江路桥,2026-07-26 03:00,6,32.568,7.27,1.86,504.878,94.136,3.64,0.401,0.222,3.266,,,2026-07-26 03:39:54
上海市,太湖流域,闵行西界,2026-07-26 03:00,5,32.52,7.23,2.65,463.09,26.77,3.98,0.138,0.13,2.317,,,2026-07-26 03:39:54
上海市,太湖流域,吴淞口,2026-07-26 03:00,3,29.677,7.79,5.8,365.559,25.327,2.04,,0.079,1.815,,,2026-07-26 03:39:54
上海市,太湖流域,蕴川路桥,2026-07-26 03:00,3,31.08,7.72,5.2,332.97,50.48,2.13,,0.086,1.764,,,2026-07-26 03:39:54
上海市,太湖流域,黄渡,2026-07-26 03:00,4,32.38,7.41,4.19,557.1,47.99,4.17,0.225,0.178,2.086,,,2026-07-26 03:39:54
上海市,太湖流域,三甲港,2026-07-26 03:00,3,30.54,7.78,6.59,330.2,62.31,2.53,0.136,0.106,1.672,,,2026-07-26 03:39:54
上海市,太湖流域,二团,2026-07-26 03:00,4,31.52,7.58,3.94,596.68,44.54,3.73,0.186,0.198,2.528,,,2026-07-26 03:39:54
上海市,太湖流域,横潦泾,2026-07-26 03:00,5,32.12,7.27,2.97,464.03,43.13,5.4,0.362,0.175,2.992,,,2026-07-26 03:39:54
上海市,太湖流域,斜塘口,2026-07-26 03:00,4,32.6,7.4,3.16,447.02,25.11,3.94,0.041,0.085,1.724,,,2026-07-26 03:39:54
上海市,太湖流域,急水港桥,2026-07-26 03:00,4,31.88,7.42,3.89,473.4,11.3,3.91,0.008,0.084,1.178,0.0061,4342513,2026-07-26 03:39:54
上海市,太湖流域,淀峰,2026-07-26 03:00,3,32.14,8.21,5.61,501.43,32.53,4.27,,0.104,1.171,,,2026-07-26 03:39:54
上海市,太湖流域,太浦河桥,2026-07-26 03:00,5,32.2,7.22,2.5,393.7,24.7,4.31,0.086,0.088,1.815,,,2026-07-26 03:39:54
上海市,太湖流域,钱桥,2026-07-26 03:00,4,31,7.56,3.91,525.2,42.5,4.38,0.169,0.177,2.242,,,2026-07-26 03:39:54
上海市,长江流域,七效港西桥,2026-07-26 03:00,3,28.51,7.66,5.91,558.87,92.56,4.75,0.225,0.134,1.983,,,2026-07-26 03:39:54
上海市,长江流域,五效,2026-07-26 03:00,2,31.1,7.79,6.36,341.8,41,1.93,0.011,0.077,1.172,,,2026-07-26 03:39:54
江苏省,长江流域,七桥瓮,2026-07-26 03:00,4,31.11,7.14,3.07,459.17,23.92,4.96,0.599,0.14,2.396,,,2026-07-26 03:39:54
江苏省,长江流域,节制闸,2026-07-26 02:00,4,31.49,8.09,20.93,429.27,23.64,8.15,0.072,0.162,2.146,,,2026-07-26 03:39:54
江苏省,长江流域,钱家渡,2026-07-26 03:00,3,32.25,7.69,5.63,219.17,53.87,3.42,0.022,0.076,1.54,,,2026-07-26 03:39:54
江苏省,太湖流域,锡东水厂,2026-07-26 03:00,3,32.53,8.35,6.61,448.85,29.41,2.3,0.011,0.029,0.501,0.00347,2940920,2026-07-26 03:39:54
江苏省,太湖流域,兰山嘴,2026-07-26 03:00,5,31.63,,7.87,405.33,126.91,5.28,0.008,0.126,1.092,0.01005,2.151756,2026-07-26 03:39:54
江苏省,太湖流域,蠡桥,2026-07-26 02:00,3,33.33,7.9,5.91,502.99,54.59,3.12,0.171,0.074,1.046,,,2026-07-26 03:39:54
江苏省,太湖流域,百渎港桥,2026-07-26 03:00,3,32.32,7.79,5.02,408.3,56.47,3.06,0.033,0.114,1.738,,,2026-07-26 03:39:54
江苏省,太湖流域,殷村港桥,2026-07-26 03:00,5,31.94,7.68,5.56,401.77,170.62,11.08,0.104,0.24,2.513,,,2026-07-26 03:39:54
江苏省,太湖流域,大浦港桥,2026-07-26 03:00,6,32.55,7.35,1.79,471.5,60.1,5.42,,0.135,2.012,,,2026-07-26 03:39:54
江苏省,太湖流域,五牧,2026-07-26 02:00,3,33.6,7.08,5.04,365.86,25.45,2.37,0.104,0.159,2.407,,,2026-07-26 03:39:54
江苏省,太湖流域,拖山,2026-07-26 03:00,4,32.39,8.43,6.67,435.33,58.66,3.53,0.002,0.06,0.824,0.0092,1.115959,2026-07-26 03:39:54
江苏省,太湖流域,五里湖心,2026-07-26 03:00,4,32.72,8.77,8.83,465.5,21.43715,4.76,,0.066,0.524,0.01407,2.080109,2026-07-26 03:39:54
江苏省,太湖流域,金潼桥,2026-07-26 03:00,3,30.58,7.71,5.27,268.9,39.77,2.54,0.019,0.067,1.65,,,2026-07-26 03:39:54
江苏省,太湖流域,大港桥,2026-07-26 03:00,2,31.1,8.45,8.85,152.6,1.84,2.69,0.028,0.028,1.546,,,2026-07-26 03:39:54
江苏省,太湖流域,潘家坝,2026-07-26 03:00,4,32.895,7.16,4.06,378.531,45.794,3.78,0.049,0.087,2.158,,,2026-07-26 03:39:54
江苏省,太湖流域,长济桥,2026-07-26 03:00,4,31.07,7.61,4.91,323.1,22.11,2.23,0.272,0.131,2.412,,,2026-07-26 03:39:54
江苏省,太湖流域,钓邾大桥,2026-07-26 02:00,4,32.39,7.89,6.78,528.03,33.01,3.92,0.362,0.265,1.358,,,2026-07-26 03:39:54
江苏省,长江流域,小湾,2026-07-26 03:00,3,29.91,7.71,5.08,265.18,32.03,2.01,,0.077,1.629,,,2026-07-26 03:39:54
江苏省,淮河流域,港上桥,2026-07-26 02:00,6,30.49,7.07,0.16,572,2.57,5.1,0.409,0.21,2.722,,,2026-07-26 03:39:54
江苏省,淮河流域,李庄,2026-07-26 02:00,4,29.57,8.07,7.65,629.6,9.5,3.9,0.024,0.246,6.868,,,2026-07-26 03:39:54
江苏省,淮河流域,蔺家坝,2026-07-26 02:00,5,30.37,7.68,2.38,1423.9,40,5.19,0.038,0.095,1.155,,,2026-07-26 03:39:54
江苏省,淮河流域,李集桥,2026-07-26 02:00,3,29.87,8.78,10.22,1389.42,3.78,5.27,0.007,0.051,0.703,,,2026-07-26 03:39:54
江苏省,淮河流域,华山闸,2026-07-26 02:00,3,30.71,8.62,10.32,1162.9,7.55,4.78,0.012,0.044,0.731,,,2026-07-26 03:39:54
江苏省,淮河流域,沙庄桥,2026-07-26 03:00,4,31.27,7.81,6.15,1360.4,23.2,6.93,0.244,0.092,1.257,,,2026-07-26 03:39:54
江苏省,淮河流域,张楼,2026-07-26 02:00,4,29.696,7.48,4.03,1089.18,7.324,2.08,0.173,0.117,3.055,,,2026-07-26 03:39:54
江苏省,淮河流域,沙集西闸,2026-07-26 02:00,5,30.36,7.24,2.52,606.84,28.4,6.22,1.096,0.261,3.885,,,2026-07-26 03:39:54
江苏省,淮河流域,艾山西大桥,2026-07-26 02:00,4,30.341,8.16,7.19,942.018,24.691,6.6,,0.22,7.211,,,2026-07-26 03:39:54
江苏省,淮河流域,下楼公路桥,2026-07-26 02:00,4,31.6,7.53,18.4,785.75,29.59,8.28,0.081,0.242,1.9949,,,2026-07-26 03:39:54
江苏省,长江流域,魏村,2026-07-26 03:00,3,30.31,7.66,5.22,267.69,25.44,1.83,,0.08,1.629,,,2026-07-26 03:39:54
江苏省,太湖流域,姚巷桥,2026-07-26 03:00,3,32.82,7.38,5.64,418.22,12.48,4.62,0.098,0.097,2.698,,,2026-07-26 03:39:54
江苏省,太湖流域,黄埝桥,2026-07-26 03:00,4,30.5,7.7,4.54,308,25.16,2.27,0.046,0.095,1.536,,,2026-07-26 03:39:54
江苏省,太湖流域,落蓬湾,2026-07-26 03:00,3,32.58,7.48,5.16,295.3,29.1,4.15,0.102,0.06,1.309,,,2026-07-26 03:39:54
江苏省,太湖流域,九号桥,2026-07-26 02:00,2,30.88,7.86,6.18,303.7,24,2.1,0.011,0.07,1.42,,,2026-07-26 03:39:54
江苏省,太湖流域,胥湖心,2026-07-26 03:00,1,31.95,,8.02,351.26,8.76,1.99,,0.01,0.193,0.0005,400605.8,2026-07-26 03:39:54
江苏省,太湖流域,望亭上游,2026-07-26 02:00,3,31.8,7.54,5.55,522.88,20.85,2.48,0.109,0.129,2.461,,,2026-07-26 03:39:54
江苏省,太湖流域,千灯浦口,2026-07-26 03:00,5,31.68,7.07,2.88,593.126,31.909,4.8,0.103,0.13,1.1273,,,2026-07-26 03:39:54
江苏省,太湖流域,朱厍港口,2026-07-26 03:00,4,30.8,7.24,3.91,566.1,54.5,4.4,,0.092,0.819,,,2026-07-26 03:39:54
江苏省,太湖流域,浏河闸,2026-07-26 03:00,4,31,7.7,4.3,433.039,36.113,2.57,,0.103,1.7128,,,2026-07-26 03:39:54
江苏省,太湖流域,江边闸,2026-07-26 02:00,2,31.59,8.34,9.68,440.6,19.79,3.58,,0.086,1.544,,,2026-07-26 03:39:54
江苏省,太湖流域,瓜泾口西,2026-07-26 03:00,2,32.76,8.74,7.89,394.7,5.12,3.02,,0.025,0.444,,,2026-07-26 03:39:54
江苏省,太湖流域,航管站,2026-07-26 03:00,2,33.41,8.33,6.25,444.46,26.87,2.44,,0.016,0.605,,,2026-07-26 03:39:54
江苏省,太湖流域,越溪桥,2026-07-26 03:00,4,32.55,7.54,4.1,460.3,42.1,4.92,0.248,0.113,1.22,,,2026-07-26 03:39:54
江苏省,太湖流域,312国道桥,2026-07-26 02:00,2,34.72,8.69,8.78,414.37,18.34,3.64,,0.046,0.736,,,2026-07-26 03:39:54
江苏省,太湖流域,赵屯,2026-07-26 03:00,4,31.33,7.56,4.72,744.63,53.898,3.92,0.027,0.149,2.716,,,2026-07-26 03:39:54
江苏省,淮河流域,东安闸桥西,2026-07-26 03:00,5,31.84,7.31,2.94,970,43.29,,,,,,,2026-07-26 03:39:54
江苏省,长江流域,九圩港桥,2026-07-26 03:00,4,30.44,7.67,4.78,291.6,45.02,2.2,0.017,0.078,1.369,,,2026-07-26 03:39:54
江苏省,长江流域,碾砣港闸,2026-07-26 02:00,3,30.78,7.89,5.78,311.2,47.53,4.25,0.044,0.074,1.741,,,2026-07-26 03:39:54
江苏省,长江流域,聚南大桥,2026-07-26 02:00,3,32.83,7.71,5.1,1012.3,3.77,5.58,0.083,0.139,1.059,,,2026-07-26 03:39:54
江苏省,长江流域,大洋港桥,2026-07-26 02:00,3,31.55,7.96,5.52,425.2,14.55,2.94,,0.168,1.562,,,2026-07-26 03:39:54
江苏省,长江流域,塘芦港闸,2026-07-26 03:00,4,32.368,7.71,4.64,1540.99,5.158,4.81,0.141,0.264,1.401,,,2026-07-26 03:39:54
江苏省,淮河流域,小洋口,2026-07-26 02:00,6,29.82,7.41,2.13,1031.2,22.34,7.6,1.775,0.408,3.778,,,2026-07-26 03:39:54
江苏省,淮河流域,环东闸口,2026-07-26 03:00,5,32.01,8.09,8.24,889.3,16.28,9.45,0.855,0.32,2.861,,,2026-07-26 03:39:54
江苏省,淮河流域,北凌新闸,2026-07-26 03:00,6,29.38,7.38,0.96,1085,35.64,8.35,1.342,0.535,4.911,,,2026-07-26 03:39:54
江苏省,淮河流域,新浦大桥,2026-07-26 03:00,4,30.486,7.64,7.89,712.979,14.238,6.7,0.652,0.147,5.725,,,2026-07-26 03:39:54
江苏省,淮河流域,柴米河桥,2026-07-26 03:00,5,28.51,7.26,2.12,727.02,60.27,6.03,0.589,0.187,3.0362,,,2026-07-26 03:39:54
江苏省,淮河流域,善后河闸,2026-07-26 03:00,4,30.735,7.6,4.24,962.294,12.527,6.38,0.074,0.248,5.632,,,2026-07-26 03:39:54
江苏省,淮河流域,新村桥,2026-07-26 03:00,4,28.032,7.44,8.54,837.54,9.23,7.67,0.593,0.151,5.285,,,2026-07-26 03:39:54
江苏省,淮河流域,沭南闸,2026-07-26 03:00,3,30.325,8.8,11.56,586.34,2.51,5.53,0.04,0.194,4.829,,,2026-07-26 03:39:54
江苏省,淮河流域,袁闸,2026-07-26 03:00,5,25.47,7.18,2.92,630.19,66.3,5.82,0.781,0.166,3.564,,,2026-07-26 03:39:54
江苏省,淮河流域,墩尚水漫桥,2026-07-26 03:00,5,27.379,8.19,2.25,638.622,4.332,4.57,0.008,0.183,4.859,,,2026-07-26 03:39:54
江苏省,淮河流域,大浦闸,2026-07-26 03:00,4,29.554,7.42,8.42,1386.13,17.46,6.4,0.174,0.24,6.324,,,2026-07-26 03:39:54
江苏省,淮河流域,大板跳闸,2026-07-26 03:00,4,29.097,8.23,9.4,4382.26,38.69,7.12,0.132,0.124,6.95,,,2026-07-26 03:39:54
江苏省,淮河流域,海头大桥,2026-07-26 03:00,4,28.23,8.38,8.54,585.41,11.56,5.63,0.016,0.269,5.172,,,2026-07-26 03:39:54
江苏省,淮河流域,坝头桥,2026-07-26 03:00,3,29.205,8.34,8.29,404.65,19.87,5.66,0.011,0.07,1.426,,,2026-07-26 03:39:54
江苏省,淮河流域,郑园桥,2026-07-26 03:00,4,26.97,7.19,4.68,580.229,94.003,5.78,,0.293,3.117,,,2026-07-26 03:39:54
江苏省,淮河流域,四队桥,2026-07-26 03:00,6,30.08,7.42,0.61,1018.65,27.23,6.28,0.734,0.221,3.502,,,2026-07-26 03:39:54
江苏省,淮河流域,新浦二桥,2026-07-26 03:00,3,28.534,7.3,6.3,706.806,17.46,5.38,0.015,0.186,5.001,,,2026-07-26 03:39:54
江苏省,淮河流域,淮河大桥,2026-07-26 02:00,3,31.214,7.8,6.42,440.49,46.33,4.6,0.126,0.095,2.121,,,2026-07-26 03:39:54
江苏省,淮河流域,五叉河口,2026-07-26 02:00,4,29.84,7.54,3.89,803.974,24.206,7.27,0.051,0.128,,,,2026-07-26 03:39:54
江苏省,淮河流域,戴楼衡阳,2026-07-26 02:00,5,29.43,7.24,2.22,390.61,46.82,6.01,0.091,0.124,2.299,0.02526,,2026-07-26 03:39:54
江苏省,淮河流域,总渠苏嘴,2026-07-26 03:00,6,26.66,7.17,1.61,541.68,26.48,3.78,,0.14,1.945,,,2026-07-26 03:39:54
江苏省,淮河流域,唐曹,2026-07-26 03:00,6,28.62,7.07,1.79,511.4,73.83,6.57,,0.293,2.919,,,2026-07-26 03:39:54
江苏省,淮河流域,新洋港闸,2026-07-26 03:00,6,28.49,7.16,1.49,738.89,33.79,7.21,2.101,0.275,4.296,,,2026-07-26 03:39:54
江苏省,淮河流域,富民桥,2026-07-26 03:00,5,29.58,7.18,2.47,709.2,19.03,0.15,0.374,0.208,2.659,,,2026-07-26 03:39:54
江苏省,淮河流域,龙冈凤凰桥,2026-07-26 03:00,6,29.65,7.1,1.91,524.09,18.94,7.12,1.34,0.059,3.56,,,2026-07-26 03:39:54
江苏省,淮河流域,六垛闸,2026-07-26 03:00,6,28.362,7.12,1.31,640.55,49.85,6.31,0.922,0.212,4.323,,,2026-07-26 03:39:54
江苏省,淮河流域,泰东大桥,2026-07-26 03:00,6,30.1,7.18,1.76,571.8,5.18,6.3,0.456,0.215,2.44,,,2026-07-26 03:39:54
江苏省,淮河流域,城北大桥,2026-07-26 03:00,6,29.196,7.32,0.99,746.56,16.72,7.9,2.69,0.27,4.739,,,2026-07-26 03:39:54
江苏省,淮河流域,草堰大桥,2026-07-26 03:00,6,30.31,7.23,1.84,642.194,0.011,6.93,0.774,0.288,2.694,,,2026-07-26 03:39:54
江苏省,淮河流域,射阳河闸,2026-07-26 03:00,6,28.12,7.27,1.92,822.82,29.27,9,2.18,0.243,4.834,,,2026-07-26 03:39:54
江苏省,淮河流域,黄沙港闸,2026-07-26 03:00,6,28.16,7.2,1.72,590.36,23.46,8.84,2.055,0.312,3.777,,,2026-07-26 03:39:54
江苏省,淮河流域,斗龙港闸,2026-07-26 03:00,6,27.376,7.1,1.24,707.215,28.486,6.97,2.512,0.376,4.888,,,2026-07-26 03:39:54
江苏省,淮河流域,川东闸,2026-07-26 03:00,6,29.45,7.19,0.7,858.65,20.88,7.64,2.01,0.489,4.996,,,2026-07-26 03:39:54
江苏省,淮河流域,头罾闸,2026-07-26 03:00,4,29.28,7.76,3.22,734.48,16.54,4.82,1.17,0.137,3.561,,,2026-07-26 03:39:54
江苏省,淮河流域,王港闸,2026-07-26 03:00,6,29.39,7.26,0.89,1134.01,43.19,7.19,2.071,0.522,5.101,,,2026-07-26 03:39:54
江苏省,长江流域,三江营,2026-07-26 03:00,3,29.7,7.6,5.03,432.2,115.6,5.8,0.231,0.143,3.163,,,2026-07-26 03:39:54
江苏省,淮河流域,槐泗河口,2026-07-26 02:00,4,31.03,7.79,6.74,417.5,145.13,6.45,0.1,0.116,0.002,,,2026-07-26 03:39:54
江苏省,淮河流域,大运河船闸,2026-07-26 03:00,4,32.73,7.32,3.22,459.4,52.3,6.94,0.987,0.16,3.743,,,2026-07-26 03:39:54
江苏省,淮河流域,三垛西大桥,2026-07-26 02:00,5,30.12,6.96,2.52,642.4,23.1,7.83,0.812,0.215,4.008,,,2026-07-26 03:39:54
江苏省,淮河流域,江都西闸,2026-07-26 03:00,6,30.11,6.98,1.05,580.7,25.6,7.86,1.275,0.205,4.1,,,2026-07-26 03:39:54
江苏省,长江流域,冻青桥,2026-07-26 03:00,5,29.97,7.5,2.98,494.9,30.01,5.18,0.594,0.156,2.391,,,2026-07-26 03:39:54
江苏省,长江流域,小河口上游,2026-07-26 02:00,4,30.17,7.61,4.91,264.3,51.24,2.43,0.053,0.084,1.327,,,2026-07-26 03:39:54
江苏省,淮河流域,曹庄桥,2026-07-26 03:00,6,29.82,7.12,1.63,582.9,26.26,7.86,0.693,0.264,3.779,,,2026-07-26 03:39:54
江苏省,太湖流域,辛丰镇,2026-07-26 03:00,4,30.58,7.8,4.7,283.6,27.72,2.22,0.038,0.074,1.419,,,2026-07-26 03:39:54
江苏省,太湖流域,林家闸,2026-07-26 03:00,3,30.03,7.69,5.97,258.8,16.94,2,,0.149,1.9151,,,2026-07-26 03:39:54
江苏省,长江流域,新河桥,2026-07-26 03:00,2,32.03,8.01,9.8,252.3,9.04,3.18,0.038,0.05,0.958,,,2026-07-26 03:39:54
江苏省,太湖流域,新港桥,2026-07-26 03:00,3,31.51,7.44,5.16,285.9,5,2.13,0.029,0.038,0.936,,,2026-07-26 03:39:54
江苏省,太湖流域,吕城,2026-07-26 03:00,4,30.9,7.53,4.4,289.54,31.2,2.66,0.005,0.118,1.715,,,2026-07-26 03:39:54
江苏省,淮河流域,海陵大桥,2026-07-26 03:00,6,30.75,7.28,1.59,529.1,18.68,6.17,0.812,0.162,3.171,,,2026-07-26 03:39:54
江苏省,长江流域,马甸闸西,2026-07-26 03:00,3,30.62,7.64,5.42,317.7,44.84,3.19,0.007,0.06,1.73,,,2026-07-26 03:39:54
江苏省,长江流域,祥和大桥,2026-07-26 03:00,5,31.09,7.35,2.18,431.4,6.02,3.35,1.169,0.179,2.498,,,2026-07-26 03:39:54
江苏省,长江流域,新十圩港大桥,2026-07-26 03:00,2,31.74,8.27,9.47,335.3,25.16,3.22,0.029,0.085,1.773,,,2026-07-26 03:39:54
江苏省,长江流域,夏仕港大桥,2026-07-26 03:00,4,29.95,7.46,4.61,303.07,30.5,2.51,0.062,0.08,1.927,,,2026-07-26 03:39:54
江苏省,淮河流域,马陵翻水站,2026-07-26 02:00,4,29.74,7.96,3.99,875.51,24.05,4.13,0.069,0.117,2.538,,,2026-07-26 03:39:54
江苏省,淮河流域,临淮乡入湖口,2026-07-26 02:00,6,32.92,8.42,12.16,675.6,14.72,9.85,0.331,0.887,3.085,,,2026-07-26 03:39:54
江苏省,淮河流域,顾勒大桥,2026-07-26 02:00,5,30.598,7.47,4.53,603.72,12.18,6.5,1.575,0.259,3.769,,,2026-07-26 03:39:54
江苏省,淮河流域,团结闸,2026-07-26 03:00,4,30.09,8.44,7.15,1180.5,12.95,7.38,0.295,0.088,2.172,,,2026-07-26 03:39:54
江苏省,淮河流域,大屈,2026-07-26 02:00,5,29.75,7.43,3.19,740.64,12.275,10.4,0.43,0.361,4.646,,,2026-07-26 03:39:54
浙江省,浙闽片河流,小金山,2026-07-26 03:00,2,32.18,,11.47,134.223,6.037,2.27,,0.019,0.7053,,,2026-07-26 03:39:54
浙江省,浙闽片河流,三潭岛,2026-07-26 03:00,2,30.45,,11.52,127.197,3.307,2.09,,0.016,0.5565,,,2026-07-26 03:39:54
浙江省,浙闽片河流,千岛湖大坝前,2026-07-26 03:00,1,31.58,,9.56,126.909,2.056,1.32,0.022,0.009,0.5727,,,2026-07-26 03:39:54
浙江省,太湖流域,汪家埠,2026-07-26 03:00,3,31.1,8.44,5.08,227.89,20.27,3.16,0.066,0.057,2.536,,,2026-07-26 03:39:54
浙江省,太湖流域,奉口,2026-07-26 03:00,4,31.13,7.05,3.93,159.9,9.96,2,0.029,0.055,2.4,,,2026-07-26 03:39:54
浙江省,浙闽片河流,桐君山,2026-07-26 03:00,2,29.92,7.4,9.55,143,8.3,1.78,0.019,0.041,1.625,,,2026-07-26 03:39:54
浙江省,浙闽片河流,洋溪渡,2026-07-26 03:00,3,16.86,7.07,5.39,143.988,3.98,1.01,,0.014,0.8309,,,2026-07-26 03:39:54
浙江省,浙闽片河流,浦阳江出口,2026-07-26 03:00,2,27.88,8.44,9.33,173.9,16.62,2.87,0.058,0.033,1.402,,,2026-07-26 03:39:54
浙江省,太湖流域,五杭运河大桥,2026-07-26 03:00,5,32.62,7.15,2.41,345.2,25.22,3.28,0.299,0.119,2.079,,,2026-07-26 03:39:54
浙江省,浙闽片河流,桐庐,2026-07-26 03:00,2,24.57,7.05,7.48,183.9,19.3,1.5,,0.044,1.063,,,2026-07-26 03:39:54
浙江省,浙闽片河流,街口,2026-07-26 03:00,2,30.35,8.71,9.22,111.7,0.68,1.5,0.016,0.027,1.06,,,2026-07-26 03:39:54
浙江省,浙闽片河流,溪口,2026-07-26 03:00,2,29.46,6.98,7.79,145.34,3.66,1.03,0.006,0.026,3.369,,,2026-07-26 03:39:54
浙江省,浙闽片河流,清林渡,2026-07-26 03:00,5,31.896,7.17,2.96,346.593,40.297,5.3,0.416,0.142,3.261,,,2026-07-26 03:39:54
浙江省,浙闽片河流,水车,2026-07-26 03:00,4,30.882,7.29,4.37,243.29,13.623,2.25,0.022,0.029,1.194,,,2026-07-26 03:39:54
浙江省,浙闽片河流,大嵩,2026-07-26 03:00,4,32.84,7.51,4.23,250.89,32.25,2.74,0.033,0.066,1.939,,,2026-07-26 03:39:54
浙江省,浙闽片河流,北湖中心,2026-07-26 02:00,6,31.54,7.31,1.99,130.8,19.45,6.06,0.029,0.056,1.022,0.00884,315995.2,2026-07-26 03:39:54
浙江省,浙闽片河流,长汀,2026-07-26 03:00,6,32.8,9.08,9.25,177.51,4.44,1.36,0.01,0.021,1.994,,,2026-07-26 03:39:54
浙江省,浙闽片河流,菁江渡,2026-07-26 03:00,4,33.06,7.14,3.1,232.74,32.43,4.88,0.162,0.105,2.775,,,2026-07-26 03:39:54
浙江省,浙闽片河流,梁桥,2026-07-26 03:00,2,30.5,7.44,8.42,113.25,1.46,1.32,0.007,0.046,1.807,,,2026-07-26 03:39:54
浙江省,浙闽片河流,四灶浦闸,2026-07-26 03:00,4,31.1,8.34,4.95,3876.93,5.77,5.63,0.014,0.046,0.838,,,2026-07-26 03:39:54
浙江省,浙闽片河流,赵山渡,2026-07-26 03:00,1,27.87,7.24,7.74,50.82,3.54,1.18,0.013,0.011,0.707,,,2026-07-26 03:39:54
浙江省,浙闽片河流,小旦,2026-07-26 03:00,2,27.75652,6.49,6.99,76.2201,22.18738,1.09,0.048,0.042,1.447225,,,2026-07-26 03:39:54
浙江省,浙闽片河流,龙湾,2026-07-26 03:00,5,29.45,8.01,5.81,21240,220.9,2.88,0.588,0.381,9.542,,,2026-07-26 03:39:54
浙江省,浙闽片河流,大荆,2026-07-26 03:00,2,30.24,6.67,6.89,64.07,12.9,0.58,0.018,0.015,0.689,,,2026-07-26 03:39:54
浙江省,浙闽片河流,蒲岐,2026-07-26 03:00,4,31.39,7.05,4.11,196.3,32.99,2.22,0.15,0.13,2.00966,,,2026-07-26 03:39:54
浙江省,浙闽片河流,沙头,2026-07-26 03:00,1,29.95,7.36,7.94,47.584,146.499,1.61,0.042,0.012,0.627,,,2026-07-26 03:39:54
浙江省,浙闽片河流,清水埠,2026-07-26 03:00,4,30.92,8.46,4.59,183.78,951.85,1.36,0.016,0.08,1.532,,,2026-07-26 03:39:54
浙江省,浙闽片河流,江口渡,2026-07-26 03:00,3,30.75,7.71,5.29,31590,199.2,1.41,0.128,0.078,2.298,,,2026-07-26 03:39:54
浙江省,浙闽片河流,第三农业站,2026-07-26 03:00,5,34.74,7.9,3.65,26836,312,13.02,0.222,0.056,1.512,,,2026-07-26 03:39:54
浙江省,太湖流域,王江泾,2026-07-26 03:00,4,32.81,7.3,4.06,507.31,25.49,4.65,0.093,0.111,2.516,,,2026-07-26 03:39:54
浙江省,太湖流域,湘家荡,2026-07-26 03:00,3,31.35,7.7,6.17,610.25,15.93,2.74,0.05,0.112,0.687,,,2026-07-26 03:39:54
浙江省,太湖流域,池家浜水文站,2026-07-26 03:00,4,33.3693,7.08,4.22,429.1,20.0021,5.02,0.056,0.098,1.865,,,2026-07-26 03:39:54
浙江省,太湖流域,长山闸一号桥,2026-07-26 03:00,5,32.5283,7.15,2.36,433.86,22.0418,5.23,0.33,0.18,3.321,,,2026-07-26 03:39:54
浙江省,太湖流域,南台头闸一号桥,2026-07-26 03:00,6,31.37,7.07,0.78,577,22.1,5.7,0.469,0.185,3.432,,,2026-07-26 03:39:54
浙江省,太湖流域,上塘河排涝闸,2026-07-26 03:00,6,30.56,6.84,1.82,451.59,29.48,5.24,0.216,0.218,2.36,,,2026-07-26 03:39:54
浙江省,太湖流域,盐官排涝枢纽,2026-07-26 03:00,4,29.71,7.17,3.19,421.4,18.7,3.84,0.361,0.173,3.237,,,2026-07-26 03:39:54
浙江省,太湖流域,卫八路桥,2026-07-26 02:00,4,31.77,7.3,3.45,514.202,48.931,5.72,0.322,0.152,4.172,,,2026-07-26 03:39:54
浙江省,太湖流域,漕廊公路桥,2026-07-26 02:00,6,32.17991,7.25,1.75,513.5638,28.61769,7.84,1.588,0.229,4.33959,,,2026-07-26 03:39:54
浙江省,太湖流域,朱枫公路桥,2026-07-26 03:00,5,31.91,7.09,2.47,477.21,42.28,4.71,0.251,0.123,2.469,,,2026-07-26 03:39:54
浙江省,太湖流域,红旗塘大坝,2026-07-26 03:00,4,31.3,7.14,3.28,445.8,45.26,4.36,0.081,0.122,2.673,,,2026-07-26 03:39:54
浙江省,太湖流域,枫南大桥,2026-07-26 03:00,5,32.5512,7.23,2.37,500.06,33.6763,5.54,0.278,0.212,2.552,,,2026-07-26 03:39:54
浙江省,太湖流域,青阳汇,2026-07-26 03:00,6,32.03,7.23,1.86,435.8,61.23,6.04,0.92,0.181,3.676,,,2026-07-26 03:39:54
浙江省,太湖流域,小新村,2026-07-26 03:00,5,32.06,7.19,2.65,466.9,30.62,6.16,0.504,0.195,3.361,,,2026-07-26 03:39:54
浙江省,太湖流域,乌镇北,2026-07-26 03:00,6,31.92,7.03,1.78,354.7,64.32,4.2,0.022,0.124,2.514,,,2026-07-26 03:39:54
浙江省,太湖流域,新港口,2026-07-26 02:00,2,32.77,7.99,6.29,287.13,77.96,3.89,0.095,0.068,1.32,0.04338,,2026-07-26 03:39:54
浙江省,太湖流域,大钱,2026-07-26 02:00,2,31.72,8.9,7.44,253.4599,49.49586,3.93,0.084,0.058,1.55718,,,2026-07-26 03:39:54
浙江省,太湖流域,南浔,2026-07-26 03:00,4,32.87,7.23,3.6,353.2,36.4,3.93,0.177,0.117,2.903,,,2026-07-26 03:39:54
浙江省,太湖流域,城西大桥,2026-07-26 03:00,4,31.11,6.91,4.67,206.08,14.35,2.03,0.044,0.039,2.643,,,2026-07-26 03:39:54
浙江省,太湖流域,汤溇,2026-07-26 02:00,2,32.06,8.78,6.73,259.0301,34.7256,3.59,0.075,0.042,1.453,,,2026-07-26 03:39:54
浙江省,太湖流域,塘浦,2026-07-26 03:00,2,26.96,7.3,6.66,112.13,5.32,1.59,0.03,0.025,1.205,,,2026-07-26 03:39:54
浙江省,太湖流域,荆湾,2026-07-26 03:00,3,30.18,6.39,5.01,186.3,5.49,1.85,0.057,0.026,2.097,,,2026-07-26 03:39:54
浙江省,太湖流域,铁路桥,2026-07-26 03:00,4,31.84,6.39,4.28,187.68,0.33,2.06,0.059,0.039,2.248,,,2026-07-26 03:39:54
浙江省,太湖流域,小梅口,2026-07-26 03:00,3,33.04,8.17,5.65,348.5,55.34,4.73,0.024,0.071,0.994,,,2026-07-26 03:39:54
浙江省,太湖流域,杨家浦,2026-07-26 03:00,3,32.83524,7.63,5.16,406.7722,34.37277,3.72,0.009,0.079,1.917038,,,2026-07-26 03:39:54
浙江省,太湖流域,新塘,2026-07-26 03:00,3,32.89,7.59,5.13,419.9,45.76,3.72,0.078,0.068,1.719,,,2026-07-26 03:39:54
浙江省,太湖流域,合溪,2026-07-26 03:00,4,32.82,7.38,4.15,402.1,42.43,4.02,0.193,0.036,1.724,,,2026-07-26 03:39:54
浙江省,浙闽片河流,曹娥江大闸闸前,2026-07-26 03:00,6,30.717,9.44,10.34,293.85,12.183,5.9,0.041,0.088,1.994,,,2026-07-26 03:39:54
浙江省,浙闽片河流,屠家埠,2026-07-26 03:00,2,32.013,7.62,7.64,152.798,11.242,3.18,0.052,0.078,2.629,,,2026-07-26 03:39:54
浙江省,浙闽片河流,葛山头,2026-07-26 02:00,5,31.3,6.55,2.77,169.84,15.87,2.72,0.044,0.069,2.699,,,2026-07-26 03:39:54
浙江省,浙闽片河流,湄池,2026-07-26 03:00,4,33.15,7.15,3.64,321.83,39.51,4.21,0.05,0.136,2.673,,,2026-07-26 03:39:54
浙江省,浙闽片河流,王家泾,2026-07-26 03:00,4,32.91,6.92,3.74,260.85,18.72,6.01,0.283,0.076,1.222,,,2026-07-26 03:39:54
浙江省,浙闽片河流,汤曹汇合口,2026-07-26 03:00,2,31.34,7.23,6.24,189.67,12.4,2.36,0.053,0.062,2.892,,,2026-07-26 03:39:54
浙江省,浙闽片河流,义东桥,2026-07-26 03:00,3,30.843,7.15,5.87,450.912,27.619,4.32,0.056,0.152,3.707,,,2026-07-26 03:39:54
浙江省,浙闽片河流,塔下洲,2026-07-26 03:00,3,32.8,8.53,11.24,521.715,8.981,5.9,0.09,0.126,3.077,,,2026-07-26 03:39:54
浙江省,浙闽片河流,东关桥,2026-07-26 03:00,4,32.744,7.3,4.68,450.161,17.262,3.84,0.066,0.162,2.832,,,2026-07-26 03:39:54
浙江省,浙闽片河流,费垅,2026-07-26 03:00,3,31.61,7.44,7.46,336.376,12.276,3.37,0.166,0.161,2.7743,,,2026-07-26 03:39:54
浙江省,浙闽片河流,台口,2026-07-26 03:00,2,29.22,7.59,6.38,130.038,12.852,1.66,0.028,0.054,1.3413,,,2026-07-26 03:39:54
浙江省,浙闽片河流,南江桥,2026-07-26 03:00,3,30.75,7.69,5.16,368.625,3.439,3.25,0.027,0.115,2.1567,,,2026-07-26 03:39:54
浙江省,浙闽片河流,横山,2026-07-26 03:00,2,30.81,7.49,7.47,171.79,3.405,1.45,0.02,0.023,1.2285,,,2026-07-26 03:39:54
浙江省,浙闽片河流,洪坞桥,2026-07-26 03:00,3,31.08,7.2,5.22,276.3,5.82,3.69,0.051,0.153,3.537,,,2026-07-26 03:39:54
浙江省,浙闽片河流,章店,2026-07-26 03:00,3,31.41,8.62,5.14,270.134,5.381,4.87,0.071,0.162,2.0631,,,2026-07-26 03:39:54
浙江省,浙闽片河流,将军岩,2026-07-26 03:00,2,31.718,7.14,6.97,211.85,4.68,2.3,0.009,0.072,1.771,,,2026-07-26 03:39:54
浙江省,浙闽片河流,浮石渡,2026-07-26 03:00,2,31.84,8,6.74,189.45,6.66,1.49,0.018,0.038,1.382,,,2026-07-26 03:39:54
浙江省,浙闽片河流,双港口,2026-07-26 03:00,3,31.48,7.28,5.76,167.13,11.26,2.54,0.017,0.078,1.64,,,2026-07-26 03:39:54
浙江省,浙闽片河流,郑家,2026-07-26 03:00,2,27.28,6.57,6.94,78.45,22.51,1.68,0.035,0.045,1.461,,,2026-07-26 03:39:54
浙江省,浙闽片河流,下界首,2026-07-26 03:00,2,28.74,7.43,6.95,169.766,3.47,0.96,0.014,0.019,1.384,,,2026-07-26 03:39:54
浙江省,浙闽片河流,下童,2026-07-26 03:00,3,29.38,7.21,5.87,184.9,10.59,1.5,0.05,0.041,1.524,,,2026-07-26 03:39:54
浙江省,浙闽片河流,东迹渡,2026-07-26 03:00,3,25.2,6.63,5.52,46.59,8.43,0.78,0.019,0.024,1.139,,,2026-07-26 03:39:54
浙江省,长江流域,苏庄,2026-07-26 02:00,2,29.45161,7.16,6.84,56.72775,4.49893,1.12,0.012,0.03,0.61362,,,2026-07-26 03:39:54
浙江省,浙闽片河流,临城,2026-07-26 03:00,4,31.28,7.48,4.05,1149,14.82,3.49,0.081,0.09,1.13,,,2026-07-26 03:39:54
浙江省,浙闽片河流,长潭水库坝口,2026-07-26 03:00,2,31.479,,8.9,52.765,7.378,2.1,0.008,0.015,0.297,,,2026-07-26 03:39:54
浙江省,浙闽片河流,老鼠屿,2026-07-26 03:00,2,31.45,7.47,7.56,,,2.65,0.016,0.063,1.184,,,2026-07-26 03:39:54
浙江省,浙闽片河流,金清新闸,2026-07-26 03:00,5,29.87,7.27,2.33,1249.912,31.01,4.46,0.171,0.152,2.3626,,,2026-07-26 03:39:54
浙江省,浙闽片河流,里石门水库,2026-07-26 03:00,2,31.53,,10.65,73.121,2.487,3,0.004,0.015,0.5769,0.00841,1504852,2026-07-26 03:39:54
浙江省,浙闽片河流,温峤,2026-07-26 03:00,3,30.988,7.73,5.98,340.512,25.136,3.58,0.143,0.141,2.558,,,2026-07-26 03:39:54
浙江省,浙闽片河流,永宁江口,2026-07-26 03:00,2,31.84,8.98,9.25,136.757,36.764,3.37,0.053,0.099,1.5198,,,2026-07-26 03:39:54
浙江省,浙闽片河流,沙段,2026-07-26 03:00,2,30.96,7.16,6.69,119.891,7.56,3,0.043,0.056,1.6743,,,2026-07-26 03:39:54
浙江省,浙闽片河流,柏枝岙,2026-07-26 03:00,2,30.453,6.9,7.37,106.148,10.37,1.13,0.015,0.037,1.729,,,2026-07-26 03:39:54
浙江省,浙闽片河流,均溪,2026-07-26 03:00,1,27.48,7.91,7.81,,22,1.63,0.027,0.012,0.635,,,2026-07-26 03:39:54
浙江省,浙闽片河流,风化,2026-07-26 03:00,2,30.26,7.45,7.06,105.1,8.35,1.69,0.058,0.058,1.536,,,2026-07-26 03:39:54
浙江省,浙闽片河流,堰后,2026-07-26 03:00,2,31.37,7.27,7.23,158.6,3.77,2.14,0.034,0.056,2.108,,,2026-07-26 03:39:54
浙江省,浙闽片河流,沙湾上,2026-07-26 03:00,1,24.95,7.25,8.6,29.535,2.767,1.31,0.093,0.011,0.353,,,2026-07-26 03:39:54
浙江省,浙闽片河流,小溪口,2026-07-26 03:00,1,24.62,7.07,7.57,38.082,6.502,1.28,,0.013,0.4808,,,2026-07-26 03:39:54
安徽省,巢湖流域,三胜大队渡口,2026-07-26 02:00,3,31.33,8.57,10.56,375.774,33.6106,4.68,0.056,0.076,0.5139,,,2026-07-26 03:39:54
安徽省,巢湖流域,兆河入湖口渡口,2026-07-26 03:00,4,32.9,7.53,10.4,280.709,17.2089,6.63,0.469,0.047,3.1165,,,2026-07-26 03:39:54
安徽省,巢湖流域,牛角大圩,2026-07-26 03:00,6,29.62,7.18,1.21,434.763,43.5165,4.98,0.128,0.131,2.434,,,2026-07-26 03:39:54
安徽省,巢湖流域,北闸渡口,2026-07-26 02:00,3,28.987,6.66,5.84,192.498,41.929,4.82,0.648,0.097,3.323,,,2026-07-26 03:39:54
安徽省,巢湖流域,希望桥,2026-07-26 03:00,4,30.5,7.24,3.01,491.7,6.9,3.37,1.001,0.142,4.377,,,2026-07-26 03:39:54
安徽省,巢湖流域,石堆渡口,2026-07-26 02:00,4,29.46,6.58,3.54,213.4929,22.7338,5.38,0.396,0.074,2.7958,,,2026-07-26 03:39:54
安徽省,巢湖流域,柘皋大桥,2026-07-26 02:00,4,32.42,7.44,7.02,327.2141,37.927,6.32,0.053,0.076,1.8876,,,2026-07-26 03:39:54
安徽省,巢湖流域,湖滨,2026-07-26 03:00,5,31.17,,10.8,311.28,42.12,4.56,,0.11,0.942,0.00873,1.725338,2026-07-26 03:39:54
安徽省,巢湖流域,黄麓,2026-07-26 03:00,3,31.24,,11.5,390.96,13.083,4.93,,0.043,0.471,0.00594,4097352,2026-07-26 03:39:54
安徽省,巢湖流域,三河镇大桥,2026-07-26 02:00,6,29.63,6.59,1.5,318.071,41.42,6.3,0.778,0.19,3.503,,,2026-07-26 03:39:54
安徽省,巢湖流域,三河镇新大桥,2026-07-26 02:00,4,30.57,6.94,4.68,122.5,13.42,3.51,0.162,0.076,2.191,,,2026-07-26 03:39:54
安徽省,巢湖流域,施口,2026-07-26 02:00,6,29.62,7.04,1.45,410.9454,30.796,5.92,1.456,0.199,4.865,,,2026-07-26 03:39:54
安徽省,巢湖流域,靠近大坝,2026-07-26 03:00,2,31.46,6.39,7.61,163.67,5.79,2.8,,0.016,0.588,0.01039,4466059,2026-07-26 03:39:54
安徽省,巢湖流域,新河入湖区,2026-07-26 03:00,4,28.94,6.74,6.68,173.37,13.15,5.01,0.398,0.065,1.998,0.00973,1.646981,2026-07-26 03:39:54
安徽省,巢湖流域,西半湖湖心,2026-07-26 03:00,5,31.61,,13.3,382.59,29.98,7.81,,0.104,0.875,0.00551,2.658645,2026-07-26 03:39:54
安徽省,巢湖流域,龟山,2026-07-26 03:00,3,31.93,8.52,9.93,433.23,17.5,3.45,,0.031,0.23,0.00545,7552310,2026-07-26 03:39:54
安徽省,巢湖流域,东半湖湖心,2026-07-26 03:00,3,31.673,,10.54,429.824,13.539,5.13,,0.038,0.554,0.00477,1.928146,2026-07-26 03:39:54
安徽省,巢湖流域,忠庙,2026-07-26 03:00,4,29.94,,12.5,265,48.24,6.84,,0.067,0.975,0.01292,4.148433,2026-07-26 03:39:54
安徽省,巢湖流域,兆河入湖区,2026-07-26 03:00,5,30.77,,15.07,329.67,36.38,10.92,,0.053,1.118,0.00678,2.949525,2026-07-26 03:39:54
安徽省,巢湖流域,双桥河入湖口,2026-07-26 02:00,2,32.29,8.08,15.29,407.8474,30.275,3.82,0.04,0.054,1.4661,,,2026-07-26 03:39:54
安徽省,巢湖流域,繁华大道桥,2026-07-26 02:00,5,29.18,7.09,3.01,343.5445,115.6687,7.68,0.512,0.316,5.546,,,2026-07-26 03:39:54
安徽省,长江流域,东西梁山,2026-07-26 02:00,3,30.35,7.76,5.56,246.4429,47.9762,2,0.096,0.081,1.561,,,2026-07-26 03:39:54
安徽省,长江流域,宝塔根,2026-07-26 02:00,3,28.88,7.24,5.96,161.079,27.1479,2.95,0.122,0.055,1.5386,,,2026-07-26 03:39:54
安徽省,巢湖流域,裕溪口,2026-07-26 02:00,3,30.35,7.6,5.57,382.8794,47.5731,4.49,0.128,0.077,1.1152,,,2026-07-26 03:39:54
安徽省,长江流域,荻港,2026-07-26 02:00,4,29.83,7.34,4.26,324.8,15.4393,3.55,0.107,0.08,1.8318,,,2026-07-26 03:39:54
安徽省,长江流域,澛港桥,2026-07-26 02:00,2,29.11,7.46,7.79,170.4731,15.8323,3.9,0.041,0.051,1.764,,,2026-07-26 03:39:54
安徽省,长江流域,西河入裕溪河口,2026-07-26 02:00,5,30.83,6.75,2.42,279.2846,26.9235,4.68,0.143,0.056,1.6506,,,2026-07-26 03:39:54
安徽省,淮河流域,沫河口,2026-07-26 02:00,4,28.76,7.14,4.04,372.6825,24.75,4.44,0.044,0.132,1.688,,,2026-07-26 03:39:54
安徽省,淮河流域,五河,2026-07-26 02:00,4,30,8.33,7.81,973.765,18.87955,6.05,0.039,0.099,1.81268,,,2026-07-26 03:39:54
安徽省,淮河流域,蚌埠闸上,2026-07-26 03:00,6,29.21,7.29,1.78,460.46,20.88,4.4,0.155,0.204,1.291,,,2026-07-26 03:39:54
安徽省,淮河流域,湖沟,2026-07-26 02:00,6,29.27416,7.87,0.06,1856.407,17.20876,4.75,0.098,0.092,0.69636,,,2026-07-26 03:39:54
安徽省,淮河流域,石头埠,2026-07-26 02:00,4,30.11,7.2,4.64,255.557,24.91383,2.84,0.054,0.066,1.18969,,,2026-07-26 03:39:54
安徽省,淮河流域,鲁台孜,2026-07-26 02:00,3,29.39,7.29,5.4,254.6833,29.80186,2.83,0.044,0.07,1.2029,,,2026-07-26 03:39:54
安徽省,淮河流域,西淝河闸下,2026-07-26 02:00,3,30.36062,8.2,7.23,882.4771,9.75222,5.5,0.032,0.041,1.1178,,,2026-07-26 03:39:54
安徽省,淮河流域,新城口,2026-07-26 02:00,4,30.56061,7.38,3.19,402.4048,23.04881,3.67,0.003,0.07,1.82723,,,2026-07-26 03:39:54
安徽省,淮河流域,焦岗湖,2026-07-26 03:00,3,30.64,8.72,9.43,587.42,15.98,5.24,0.017,0.028,0.481,0.00847,7792998,2026-07-26 03:39:54
安徽省,淮河流域,大店岗,2026-07-26 02:00,2,29.3,6.51,6.83,131.6361,26.29301,2.94,0.04,0.057,2.01705,,,2026-07-26 03:39:54
安徽省,淮河流域,五里闸,2026-07-26 02:00,4,30.03,7.2,4.35,297.7312,48.96128,4.76,0.057,0.046,1.27067,,,2026-07-26 03:39:54
安徽省,淮河流域,白洋淀渡口,2026-07-26 02:00,5,29.85896,6.93,2.25,307.2449,55.27134,6.05,0.267,0.125,3.89739,,,2026-07-26 03:39:54
安徽省,长江流域,三兴村,2026-07-26 02:00,3,29.86,7.54,5.52,258.8475,58.96249,2.1,0.049,0.057,2.344,,,2026-07-26 03:39:54
安徽省,长江流域,姑溪河大桥,2026-07-26 02:00,3,31.385,7.46,6.95,242.7366,32.0981,4.08,,0.064,1.088,,,2026-07-26 03:39:54
安徽省,长江流域,当涂查湾,2026-07-26 02:00,4,31.57,6.99,4.66,213.0415,28.4206,3.75,,0.075,1.449,,,2026-07-26 03:39:54
安徽省,长江流域,雨山河下游,2026-07-26 02:00,4,30.9872,7.35,4,656.3716,14.4078,3.4,0.609,0.172,5.6759,,,2026-07-26 03:39:54
安徽省,淮河流域,小王桥,2026-07-26 03:00,3,31.04,8.05,9.61,1536.08,11.41,4.57,0.006,0.063,1.446,,,2026-07-26 03:39:54
安徽省,淮河流域,后常桥,2026-07-26 02:00,4,31.82443,8.84,12.01,1431.917,180.6682,6.96,0.043,0.095,1.13482,,,2026-07-26 03:39:54
安徽省,淮河流域,李大桥闸,2026-07-26 02:00,4,30.95,8.6,5.47,1390.72,6.666,6.4,0.044,0.053,0.6288,,,2026-07-26 03:39:54
安徽省,长江流域,顺安河入江口,2026-07-26 02:00,2,28.03582,7.32,7.92,419.8218,14.61683,3.8,0.022,0.038,1.5242,,,2026-07-26 03:39:54
安徽省,长江流域,陈家墩,2026-07-26 02:00,3,29.88,7.77,5.64,248.8901,36.87171,1.7,0.057,0.06,1.79424,,,2026-07-26 03:39:54
安徽省,长江流域,枞阳大闸,2026-07-26 02:00,3,29.95,7.41,6.59,151.8879,55.9043,4.13,0.003,0.051,1.32567,,,2026-07-26 03:39:54
安徽省,长江流域,武昌湖,2026-07-26 02:00,3,31.02,8.42,9.13,172.4838,3.6605,4.19,0.002,0.032,0.59687,0.01203,5700971,2026-07-26 03:39:54
安徽省,长江流域,前江口,2026-07-26 02:00,3,29.72975,7.38,5.71,246.3909,27.82901,1.98,0.051,0.048,2.06605,,,2026-07-26 03:39:54
安徽省,长江流域,花亭湖坝前,2026-07-26 02:00,2,31.34374,,9.43,89.06152,3.56359,2.45,0.009,0.017,0.62132,0.00708,574997.9,2026-07-26 03:39:54
安徽省,长江流域,华阳河入江口,2026-07-26 02:00,3,30.78,7.53,5.33,282.411,17.71305,4.85,0.081,0.065,0.90532,,,2026-07-26 03:39:54
安徽省,浙闽片河流,篁墩,2026-07-26 02:00,4,27.12992,7,4.33,87.6498,8.13186,,0.067,0.044,1.1146,,,2026-07-26 03:39:54
安徽省,浙闽片河流,率水大桥,2026-07-26 02:00,2,22.70217,7.44,9.62,,381.7043,1.17,0.006,0.032,,,,2026-07-26 03:39:54
安徽省,浙闽片河流,浦口,2026-07-26 02:00,3,31.71,8.53,5.1,248.798,5.87505,1.88,0.002,0.048,1.14635,,,2026-07-26 03:39:54
安徽省,长江流域,太平湖湖心,2026-07-26 03:00,2,31.66,,11.74,98.87,7.2,3.07,,0.019,0.487,0.01064,9390374,2026-07-26 03:39:54
安徽省,浙闽片河流,新管,2026-07-26 02:00,2,30.26461,8.82,8.27,212.423,3.05902,2.14,0.006,0.028,1.09144,,,2026-07-26 03:39:54
安徽省,淮河流域,天长化工厂,2026-07-26 02:00,6,29.73,6.97,1.33,468.2483,95.76,7.98,0.242,0.145,2.6507,,,2026-07-26 03:39:54
安徽省,淮河流域,公路桥,2026-07-26 02:00,4,30.11,6.98,4.03,397.0817,62.2641,6.62,0.205,0.149,2.3569,,,2026-07-26 03:39:54
安徽省,淮河流域,小柳巷,2026-07-26 02:00,4,29.49,6.94,4.16,442.94,45.098,3.76,0.008,0.138,1.963,,,2026-07-26 03:39:54
安徽省,长江流域,水口,2026-07-26 02:00,6,29.6,7.32,5.95,383.7048,186.1344,14.62,1.758,2.227,11.5599,,,2026-07-26 03:39:54
安徽省,长江流域,乌衣下,2026-07-26 02:00,4,29.38,6.97,3.83,277.8123,62.8216,9.67,0.331,0.146,1.014,,,2026-07-26 03:39:54
安徽省,长江流域,襄河大桥,2026-07-26 02:00,4,30.58,7.32,3.86,490.1111,62.9224,7.62,0.663,0.176,,,,2026-07-26 03:39:54
安徽省,长江流域,清流河口,2026-07-26 02:00,6,29.685,7.22,4.79,358.9922,141.0299,7.85,0.042,0.503,1.67209,,,2026-07-26 03:39:54
安徽省,淮河流域,阜阳段下,2026-07-26 02:00,4,31.11941,7.74,4.86,898.2767,20.80296,2.96,0.038,0.08,2.62821,,,2026-07-26 03:39:54
安徽省,淮河流域,杨湖,2026-07-26 02:00,3,31.02864,8.17,7.9,768.6079,13.13011,3.75,0.026,0.166,1.9043,,,2026-07-26 03:39:54
安徽省,淮河流域,张大桥,2026-07-26 02:00,3,34.19,8.51,9.32,1152.48,12.3,5.92,0.058,0.052,0.7935,,,2026-07-26 03:39:54
安徽省,淮河流域,王家坝,2026-07-26 02:00,4,31.392,8.07,4.2,262.7,21.357,4.19,0.099,0.087,1.704,,,2026-07-26 03:39:54
安徽省,淮河流域,界首七渡口,2026-07-26 02:00,4,32.02,7.46,4.76,766.9,13.74,2.82,0.074,0.12,1.945,,,2026-07-26 03:39:54
安徽省,淮河流域,阜南,2026-07-26 02:00,3,30.72,7.7,6.98,687.1606,2.71682,5.32,0.008,0.138,0.77627,,,2026-07-26 03:39:54
安徽省,淮河流域,阜阳段上游,2026-07-26 02:00,4,29.02957,7.59,3.74,834.2808,24.45942,2.49,0.017,0.09,2.66063,,,2026-07-26 03:39:54
安徽省,淮河流域,奎河苏皖省界,2026-07-26 03:00,4,29.99,7.12,4.96,867.6,25.4,7.34,0.495,0.272,4.115,,,2026-07-26 03:39:54
安徽省,淮河流域,东坪集,2026-07-26 02:00,3,31.11,8.41,6.99,2096.126,19.71361,5.62,0.064,0.086,0.98371,,,2026-07-26 03:39:54
安徽省,淮河流域,符离闸,2026-07-26 02:00,4,30.77811,7.77,5.98,1022.531,13.06666,6.71,0.044,0.163,1.76863,,,2026-07-26 03:39:54
安徽省,淮河流域,芦岭桥,2026-07-26 02:00,3,31.31,8.2,8.28,1434.692,12.42,4.69,0.033,0.097,1.6931,,,2026-07-26 03:39:54
安徽省,淮河流域,工农兵大桥,2026-07-26 02:00,3,31.44754,8.03,8.04,290.7582,20.94492,4.71,0.021,0.057,0.85,,,2026-07-26 03:39:54
安徽省,淮河流域,陶洪集,2026-07-26 02:00,2,25.193,7.4,8.28,85.74585,18.46754,2.3,0.041,0.04,1.91901,,,2026-07-26 03:39:54
安徽省,淮河流域,东湖闸,2026-07-26 02:00,6,30.88,9.14,5.26,266.081,22.06482,4.7,0.025,0.038,0.71987,,,2026-07-26 03:39:54
安徽省,淮河流域,新安渡口,2026-07-26 02:00,2,26.88,7.46,8.42,108.7239,14.8446,2.55,0.049,0.046,1.48927,,,2026-07-26 03:39:54
安徽省,淮河流域,响洪甸水库出水口,2026-07-26 02:00,4,17.35,6.74,4.8,73.40853,1.54018,1.69,0.004,0.007,1.06772,,,2026-07-26 03:39:54
安徽省,淮河流域,丁埠大桥,2026-07-26 02:00,2,27.32967,7.41,8.2,78.44549,24.36248,3.02,0.002,0.065,1.142,,,2026-07-26 03:39:54
安徽省,巢湖流域,将军宕大桥,2026-07-26 02:00,3,29.11,6.5,5.34,108.409,18.91,2.97,0.057,0.055,1.474,,,2026-07-26 03:39:54
安徽省,淮河流域,固始李畈,2026-07-26 02:00,2,28.82,7.18,7.36,177.9354,4.07099,2.23,0.001,0.034,1.17035,,,2026-07-26 03:39:54
安徽省,淮河流域,龙亢,2026-07-26 01:00,4,29.36,7.92,4.43,1511.53,27.7,3.86,0.027,0.098,1.2448,,,2026-07-26 03:39:54
安徽省,淮河流域,涡阳义门大桥,2026-07-26 02:00,3,31.81,8.2,15.16,1397.387,16.8207,5.18,0.02,0.074,0.8984,,,2026-07-26 03:39:54
安徽省,淮河流域,利辛段,2026-07-26 02:00,3,32.2,8.74,10.79,688,6.66,5.03,0.045,0.049,0.68,,,2026-07-26 03:39:54
安徽省,长江流域,五步沟,2026-07-26 02:00,3,29.74,7.77,5.4,243.6013,48.556,1.77,0.047,0.047,2.07381,,,2026-07-26 03:39:54
安徽省,长江流域,张溪,2026-07-26 02:00,1,30.06,7.79,8.03,222.6755,12.03946,1.23,0.005,0.019,1.30071,,,2026-07-26 03:39:54
安徽省,长江流域,青通河河口,2026-07-26 02:00,3,29.89906,8.4,8.09,198.4394,7.80132,4.28,0.023,0.072,1.45925,,,2026-07-26 03:39:54
安徽省,长江流域,秋浦河入江口,2026-07-26 02:00,2,30.50605,8.48,10.98,203.519,14.36817,2.62,0.006,0.039,0.9865,,,2026-07-26 03:39:54
安徽省,长江流域,东流,2026-07-26 02:00,2,31.15,8.78,10.78,110.1316,20.80925,2.98,0.023,0.034,1.19796,,,2026-07-26 03:39:54
安徽省,长江流域,南漪湖西湖湖心,2026-07-26 03:00,4,32.43,,9.64,191.92,8.92,5.57,0.008,0.06,1.082,0.01148,8635662,2026-07-26 03:39:54
安徽省,太湖流域,殷桥,2026-07-26 02:00,4,30.87913,7.19,3.7,258.0429,20.48002,7.35,0.001,0.093,2.11499,,,2026-07-26 03:39:54
安徽省,长江流域,泾南交界,2026-07-26 03:00,2,27.36,7.84,7.58,147.5456,9.7467,1.96,0.007,0.049,1.0192,,,2026-07-26 03:39:54
安徽省,长江流域,汪溪,2026-07-26 02:00,2,30.1,7.99,8.65,198.8483,8.9981,1.19,0.034,0.045,1.4917,,,2026-07-26 03:39:54
安徽省,长江流域,狮子口,2026-07-26 02:00,2,31.82,7.65,7.29,429.967,17.762,3.54,0.062,0.094,2.2521,,,2026-07-26 03:39:54
安徽省,长江流域,东村桥,2026-07-26 02:00,4,30.1534,7.45,3.69,489.7344,4.24643,3.99,0.133,0.089,2.99593,,,2026-07-26 03:39:54
安徽省,长江流域,水碧桥,2026-07-26 02:00,4,28.66,7.17,3.01,184.0363,22.01337,3.67,0.01,0.042,1.29125,,,2026-07-26 03:39:54
福建省,浙闽片河流,闽侯竹岐,2026-07-26 02:00,3,29.76,6.78,5.58,91.81,7.22,1.7,0.011,0.029,1.315,,,2026-07-26 03:39:54
福建省,浙闽片河流,闽安,2026-07-26 03:00,2,31.48,7.67,7.61,1766.06,111.42,2.27,0.069,0.049,1.751,,,2026-07-26 03:39:54
福建省,浙闽片河流,连江荷山渡口,2026-07-26 03:00,2,29.886,7.02,6.06,65.02,12.617,,0.017,0.058,0.855,,,2026-07-26 03:39:54
福建省,浙闽片河流,永泰横龙,2026-07-26 03:00,2,29.595,8.58,8.21,37.391,6.837,2.01,0.034,0.015,0.434,,,2026-07-26 03:39:54
福建省,浙闽片河流,闽清雄江,2026-07-26 03:00,2,31.65,8.3,7.5,107.676,2.42,2.08,0.029,0.016,1.126,,,2026-07-26 03:39:54
福建省,浙闽片河流,梅溪口,2026-07-26 03:00,2,29.12,7.32,7.13,121.73,13.45,2.48,0.02,0.083,1.121,,,2026-07-26 03:39:54
福建省,浙闽片河流,隘头潭,2026-07-26 03:00,3,29.29,6.32,5.6,181.422,1.944,1.82,0.05,0.057,0.3377,,,2026-07-26 03:39:54
福建省,浙闽片河流,园头桥,2026-07-26 03:00,3,30.11,6.75,6.26,99.48,26.49,1.93,0.086,0.142,3.554,,,2026-07-26 03:39:54
福建省,浙闽片河流,江口桥,2026-07-26 03:00,3,30.51,7.4,5.51,1500.3,18.01,1.89,0.065,0.098,1.31,,,2026-07-26 03:39:54
福建省,浙闽片河流,将乐万全,2026-07-26 03:00,4,27.413,6.8,3.64,62.685,0.564,1.87,0.029,0.021,0.954,,,2026-07-26 03:39:54
福建省,浙闽片河流,永安安砂水库下游,2026-07-26 03:00,4,26.423,6.56,3.76,85.831,2.857,1.56,0.036,0.03,1.167,,,2026-07-26 03:39:54
福建省,浙闽片河流,斑竹溪渡口,2026-07-26 03:00,3,29.879,7,5.34,186.51,13.16,2.7,0.011,0.078,1.895,,,2026-07-26 03:39:54
福建省,浙闽片河流,建宁袁庄,2026-07-26 03:00,3,29.703,6.79,5.21,114.086,0.94,1.84,0.034,0.057,2.167,,,2026-07-26 03:39:54
福建省,浙闽片河流,大田高才,2026-07-26 03:00,6,29.936,9.84,15.69,116.243,4.761,2.18,0.044,0.031,0.648,,,2026-07-26 03:39:54
福建省,浙闽片河流,尤溪拥口大桥,2026-07-26 03:00,5,29.44,6.89,2.76,125.115,9.976,2.81,0.236,0.03,1.4877,,,2026-07-26 03:39:54
福建省,浙闽片河流,南安康美桥,2026-07-26 03:00,2,28.79,7.17,6.66,138.052,6.236,2.11,0.163,0.094,2.1644,,,2026-07-26 03:39:54
福建省,浙闽片河流,永春东关桥,2026-07-26 03:00,4,29.71,6.67,4.37,150.0724,10.25253,1.73,0.076,0.077,2.496,,,2026-07-26 03:39:54
福建省,浙闽片河流,安溪罗内桥,2026-07-26 03:00,2,30.763,7.16,6.02,126.5,6.795,0.93,0.327,0.073,2.259,,,2026-07-26 03:39:54
福建省,浙闽片河流,南安霞东桥,2026-07-26 03:00,3,31.88,7.16,5.87,157.413,9.534,1.65,0.122,0.07,2.3321,,,2026-07-26 03:39:54
福建省,浙闽片河流,华安西陂,2026-07-26 03:00,3,29.02841,7.09,5.45,230.9469,16.67898,1.56,0.113,0.095,1.696,,,2026-07-26 03:39:54
福建省,浙闽片河流,南靖靖城桥,2026-07-26 03:00,2,29.28,6.57,6.3,146.9,8.447,1.72,0.077,0.053,4.542,,,2026-07-26 03:39:54
福建省,浙闽片河流,诏安澳子头,2026-07-26 03:00,3,28.77,6.96,5.7,103.708,5.087,2.62,0.162,0.173,1.7599,,,2026-07-26 03:39:54
福建省,浙闽片河流,南靖洪濑汤坑桥,2026-07-26 03:00,2,29.213,6.74,6.44,223.2,17.198,1.39,0.004,0.055,12.747,,,2026-07-26 03:39:54
福建省,浙闽片河流,浦南水文站,2026-07-26 03:00,2,29.2168,7.22,7.05,201.8,25.183,1.42,0.077,0.074,1.478,,,2026-07-26 03:39:54
福建省,浙闽片河流,南溪浮宫桥,2026-07-26 03:00,4,31.17,7.06,3.78,5350.696,42.986,2.78,0.171,0.091,3.0077,,,2026-07-26 03:39:54
福建省,浙闽片河流,上坂,2026-07-26 03:00,4,30.89,6.6,4.72,184.175,20.864,1.91,0.273,0.12,3.8409,,,2026-07-26 03:39:54
福建省,浙闽片河流,云霄高塘渡口,2026-07-26 03:00,3,28.58,6.76,5.08,155.77,9.972,1.63,0.113,0.097,5.7485,,,2026-07-26 03:39:54
福建省,浙闽片河流,水汾桥,2026-07-26 03:00,2,30.36,7.06,6,238.49,7.46,2.12,0.066,0.058,1.675,,,2026-07-26 03:39:54
福建省,浙闽片河流,十里庵,2026-07-26 03:00,3,30.26,6.72,5.72,118.46,10.92,1.6,0.046,0.067,1.569,,,2026-07-26 03:39:54
福建省,浙闽片河流,邵武晒口桥,2026-07-26 03:00,2,29.33,7.15,7.54,75.46,11.36,1.74,0.01,0.048,1.192,,,2026-07-26 03:39:54
福建省,浙闽片河流,武夷山兴田,2026-07-26 02:00,3,29.98537,6.75,5.96,46.26808,10.04156,1.57,0.014,0.031,0.70591,,,2026-07-26 03:39:54
福建省,浙闽片河流,建瓯蓬墩,2026-07-26 03:00,3,31.17,6.79,5.73,64.58,8.54,1.83,0.117,0.038,1.443,,,2026-07-26 03:39:54
福建省,浙闽片河流,浪石,2026-07-26 03:00,2,30.473,6.86,6.6,114.79,2.639,1.78,0.075,0.053,1.412,,,2026-07-26 03:39:54
福建省,浙闽片河流,将乐樟应,2026-07-26 03:00,2,30.37741,7.32,7.64,83.649,2.92686,2.49,0.018,0.016,0.849,,,2026-07-26 03:39:54
福建省,浙闽片河流,建阳坪州大桥,2026-07-26 03:00,2,30.44,6.98,6.92,90.96,6.697,2.11,0.027,0.056,1.469,,,2026-07-26 03:39:54
福建省,浙闽片河流,政和西津,2026-07-26 02:00,2,30.371,7.1,6.27,85.444,14.436,2.66,0.088,0.082,1.804,,,2026-07-26 03:39:54
福建省,浙闽片河流,雁石桥,2026-07-26 03:00,2,27.45,7.55,7.61,305.512,20.028,1.48,0.031,0.073,1.642,,,2026-07-26 03:39:54
福建省,珠江流域,长汀美西桥,2026-07-26 03:00,2,28.08,7.02,6.55,136.134,4.488,1.74,0.118,0.098,1.3036,,,2026-07-26 03:39:54
福建省,浙闽片河流,福安赛岐,2026-07-26 03:00,4,30.75,7.05,4.84,3343.67,7.5,2.82,0.031,0.07,1.912,,,2026-07-26 03:39:54
福建省,浙闽片河流,八都,2026-07-26 03:00,3,30.04,7.09,5.56,57.118,2.064,1.93,0.013,0.066,1.22,,,2026-07-26 03:39:54
福建省,浙闽片河流,福安白塔,2026-07-26 02:00,2,29.528,7.27,6.28,48.77,8.64,1.59,0.035,0.07,1.234,,,2026-07-26 03:39:54
福建省,浙闽片河流,福安洪口,2026-07-26 03:00,2,29.08,7.34,6.91,63.04,7.26,1.19,0.022,,1.399,,,2026-07-26 03:39:54
江西省,长江流域,周坊,2026-07-26 02:00,3,29.6,7.46,5.05,159.7692,12.85807,1.96,0.007,0.048,1.43198,,,2026-07-26 03:39:54
江西省,长江流域,大港,2026-07-26 03:00,4,31,6.68,4.8,173.11,25.16,2.29,0.082,0.07,1.427,,,2026-07-26 03:39:54
江西省,长江流域,新联,2026-07-26 03:00,3,31.13,6.53,5.6,181.28,19.67,4.52,0.051,0.052,1.8094,,,2026-07-26 03:39:54
江西省,长江流域,生米,2026-07-26 03:00,2,29.998,7.08,6.72,181.01,6.849,1.83,0.027,0.058,1.345,,,2026-07-26 03:39:54
江西省,长江流域,滁槎,2026-07-26 02:00,4,30.68,6.47,3.73,177.75,20.88,2.34,0.141,0.104,1.803,,,2026-07-26 03:39:54
江西省,长江流域,塔城,2026-07-26 03:00,2,33.43,8.53,9.1,102.27,16.86,2.59,,0.042,1.606,,,2026-07-26 03:39:54
江西省,长江流域,昌邑,2026-07-26 03:00,3,29.94,7.89,5.59,173.69,17.25,2.54,0.046,0.072,1.826,,,2026-07-26 03:39:54
江西省,长江流域,八一桥,2026-07-26 03:00,2,31.87,7,6.19,153.205,15.066,3.08,0.228,0.077,1.3981,,,2026-07-26 03:39:54
江西省,长江流域,焦石坝,2026-07-26 03:00,2,30.69,7.35,8.42,108.5,18.1,2.91,,0.052,1.6319,,,2026-07-26 03:39:54
江西省,长江流域,戴村,2026-07-26 03:00,2,30.884,7.52,7.83,229.115,11.35,1.45,0.022,0.029,0.734,,,2026-07-26 03:39:54
江西省,长江流域,南河河口,2026-07-26 03:00,2,30.05,6.84,6.3,149.59,13.58,1.27,,0.047,1.608,,,2026-07-26 03:39:54
江西省,长江流域,镇埠,2026-07-26 03:00,1,27.52,6.89,8.48,61.01,1.42,0.96,,0.015,0.709,,,2026-07-26 03:39:54
江西省,长江流域,龙山口,2026-07-26 03:00,2,29.78,8.38,7.12,294.878,7.317,2.22,0.052,0.051,0.7876,,,2026-07-26 03:39:54
江西省,长江流域,桐车湾,2026-07-26 03:00,4,31,7.71,4.3,338.587,13.103,4.08,0.166,0.163,1.8899,,,2026-07-26 03:39:54
江西省,长江流域,金鱼石,2026-07-26 03:00,3,31.25,7.39,5.1,328.4,3.2,2.17,0.033,0.104,1.946,,,2026-07-26 03:39:54
江西省,长江流域,邓家洲,2026-07-26 02:00,2,31.29,7.84,7.42,474.8523,7.76204,1.91,0.067,0.079,1.6421,,,2026-07-26 03:39:54
江西省,长江流域,吴城修河,2026-07-26 03:00,2,28.204,7.02,7.37,99.69,17.12,1.96,0.016,0.03,1.0985,,,2026-07-26 03:39:54
江西省,长江流域,姚港,2026-07-26 03:00,2,28.97,7.52,6.43,323.24,21.95,1.85,0.066,0.074,1.336,,,2026-07-26 03:39:54
江西省,长江流域,湖口,2026-07-26 03:00,2,28.5051,7.72,6.26,299.2,41.09,1.81,0.007,0.077,1.938,,,2026-07-26 03:39:54
江西省,长江流域,蛤蟆石,2026-07-26 03:00,3,30.67,6.76,6.92,123.34,10.53,2.94,0.008,0.038,1.324,0.00181,224927.3,2026-07-26 03:39:54
江西省,长江流域,都昌,2026-07-26 03:00,2,31.23,8.63,8.83,78.76,20.62,3.14,,0.021,0.684,0.08142,3.37,2026-07-26 03:39:54
江西省,长江流域,潦河河口,2026-07-26 03:00,2,30.35,6.77,7.07,86.44,35.082,2.17,0.041,0.056,1.4245,,,2026-07-26 03:39:54
江西省,长江流域,三都,2026-07-26 02:00,2,28.16,6.72,6.24,100.62,4.62,1.26,0.012,0.034,0.834,,,2026-07-26 03:39:54
江西省,长江流域,柘林湖坝上,2026-07-26 03:00,1,30.199,8.33,9.81,106.55,0.853,1.86,,0.009,0.778,,,2026-07-26 03:39:54
江西省,长江流域,洋港镇,2026-07-26 02:00,2,26.032,7.38,6.56,335.088,2.532,0.09,0.007,0.007,1.23207,,,2026-07-26 03:39:54
江西省,长江流域,修水界上桥,2026-07-26 02:00,3,30.99,8.12,5.08,123.4887,7.36874,3.5,0.008,0.117,2.08631,,,2026-07-26 03:39:54
江西省,长江流域,共青城寨下,2026-07-26 03:00,2,30.2,7.48,6.86,291.1,21.8,2.8,0.073,0.071,1.824,,,2026-07-26 03:39:54
江西省,长江流域,罗坊,2026-07-26 03:00,3,31.32,7.74,6.15,233.155,28.216,3.59,0.23,0.112,1.1412,,,2026-07-26 03:39:54
江西省,长江流域,孔目江江口,2026-07-26 03:00,3,30.14,7.71,5.11,259.051,20.801,3.5,0.08,0.07,1.3454,,,2026-07-26 03:39:54
江西省,长江流域,浮桥,2026-07-26 03:00,3,30.99,7.55,5.65,215.747,11.27,3.57,0.124,0.078,1.3086,,,2026-07-26 03:39:54
江西省,长江流域,傣家村,2026-07-26 03:00,3,31.3,8.66,7.25,188.985,6.266,4.03,0.092,0.032,1.0102,0.00855,2.379245,2026-07-26 03:39:54
江西省,长江流域,炭埠周家,2026-07-26 02:00,2,31.38,6.75,6.27,123.86,4.06,2.62,,0.055,2.085,,,2026-07-26 03:39:54
江西省,长江流域,白塔河河口,2026-07-26 03:00,3,30.08,6.57,5.17,80.832,8.677,2.49,0.127,0.05,1.1525,,,2026-07-26 03:39:54
江西省,长江流域,土桥,2026-07-26 03:00,2,30.33,7.23,6.25,144.541,5.659,2.62,0.05,0.075,1.2847,,,2026-07-26 03:39:54
江西省,长江流域,流口村,2026-07-26 03:00,2,31.7,6.98,6.48,145.8361,7.169638,1.64,0.002,0.083,1.630948,,,2026-07-26 03:39:54
江西省,长江流域,市自来水厂,2026-07-26 03:00,2,29.58,7.16,6.94,99.554,7.53,1.64,0.072,0.032,0.9168,,,2026-07-26 03:39:54
江西省,长江流域,新庙前,2026-07-26 03:00,2,30.99,7.45,7.24,160.35,22.979,2,0.042,0.034,1.5845,,,2026-07-26 03:39:54
江西省,长江流域,赣县梅林,2026-07-26 03:00,2,24.69,6.24,8.34,,6.098,2.34,,,,,,2026-07-26 03:39:54
江西省,长江流域,梓坑,2026-07-26 03:00,3,30.82,7.26,5.17,133.34,9.905,3.65,0.103,0.093,1.6635,,,2026-07-26 03:39:54
江西省,长江流域,峡山,2026-07-26 03:00,2,31.5,7.7,8.91,120.807,7.944,2,0.073,0.097,1.4665,,,2026-07-26 03:39:54
江西省,长江流域,梅江江口,2026-07-26 03:00,2,32.37,8.05,7.94,109.454,11.981,2.61,0.069,0.078,0.9501,,,2026-07-26 03:39:54
江西省,长江流域,平江江口,2026-07-26 03:00,2,30.45,7.6,6.35,144.244,18.378,2.19,0.161,0.047,0.8521,,,2026-07-26 03:39:54
江西省,长江流域,上犹江江口,2026-07-26 03:00,2,27.53,7.06,6.79,75.866,8.978,1.53,0.061,0.016,0.5109,,,2026-07-26 03:39:54
江西省,长江流域,龙南自来水厂,2026-07-26 03:00,2,29.83,7.44,6.55,127.941,25.108,0.55,0.053,0.031,0.7354,,,2026-07-26 03:39:54
江西省,长江流域,桃江江口,2026-07-26 03:00,3,31.08,7.39,5.19,237.878,11.825,1.64,0.094,0.059,1.8221,,,2026-07-26 03:39:54
江西省,长江流域,大余城郊,2026-07-26 03:00,2,27.97,7.18,7.1,75.139,11.065,1.78,0.014,0.031,0.7166,,,2026-07-26 03:39:54
江西省,长江流域,汝城多发电站,2026-07-26 03:00,2,25.65,7.15,6.72,76.79,5.73,1.54,0.029,0.023,0.668,,,2026-07-26 03:39:54
江西省,珠江流域,兴宁电站,2026-07-26 03:00,2,31.8,8.97,17,110.47,2.662191,2.19,0.005,0.02,2.474811,,,2026-07-26 03:39:54
江西省,长江流域,通津,2026-07-26 03:00,2,30.22,7.39,6.97,136.651,12.347,1.21,0.077,0.057,1.1471,,,2026-07-26 03:39:54
江西省,长江流域,金滩,2026-07-26 03:00,2,32.14,7.59,7.51,139.534,13.939,2.26,0.109,0.05,1.414,,,2026-07-26 03:39:54
江西省,长江流域,孤江江口,2026-07-26 03:00,2,32.6,7.27,6.1,97.144,5.584,2.44,0.013,0.029,0.4062,,,2026-07-26 03:39:54
江西省,长江流域,禾水河口,2026-07-26 03:00,2,31.14,7.68,7.7,154.767,4.305,2.21,0.023,0.036,0.853,,,2026-07-26 03:39:54
江西省,长江流域,蜀水河口,2026-07-26 03:00,2,30.66,7.2,6.04,129.804,16.794,1.11,0.121,0.061,1.1977,,,2026-07-26 03:39:54
江西省,长江流域,遂川江江口,2026-07-26 03:00,2,32.47,7.9,7.63,126.024,10.624,1.3,0.063,0.043,0.8302,,,2026-07-26 03:39:54
江西省,长江流域,乌江江口,2026-07-26 03:00,2,32.34,7.4,7.12,174.4,11.752,3.15,0.134,0.042,2.1069,,,2026-07-26 03:39:54
江西省,长江流域,大洋洲,2026-07-26 03:00,2,31.44,7.39,7.3,148.817,12.942,1.4,0.096,0.058,1.2078,,,2026-07-26 03:39:54
江西省,长江流域,棚下,2026-07-26 03:00,3,30.55,7.42,5.88,271.7619,13.08,2.68,,0.108,1.553,,,2026-07-26 03:39:54
江西省,长江流域,丰城小港口,2026-07-26 03:00,2,30.974,7.2,6.21,173.34,15.3811,1.91,0.008,0.043,1.3248,,,2026-07-26 03:39:54
江西省,长江流域,高安市青州村,2026-07-26 03:00,3,30.33,7.29,5.47,152,7.94,2.44,0.033,0.078,1.295,,,2026-07-26 03:39:54
江西省,长江流域,良田村,2026-07-26 03:00,3,30.03,7.17,5.28,145.22,8.49,3.13,0.056,0.103,1.705,,,2026-07-26 03:39:54
江西省,长江流域,三洪村,2026-07-26 03:00,2,30.12,6.92,7.11,67.68,15.33,1.42,0.031,0.06,1.013,,,2026-07-26 03:39:54
江西省,长江流域,肖江江口,2026-07-26 03:00,4,31.325,6.89,3.46,240.502,14.603,5.51,0.773,0.06,3.068,,,2026-07-26 03:39:54
江西省,长江流域,修河港口,2026-07-26 03:00,2,25.8,6.9,7.48,36.86,4.82,0.6,0.001,0.015,0.563,,,2026-07-26 03:39:54
江西省,长江流域,超坊,2026-07-26 03:00,2,30.59,7.72,6.33,123.863,8.559,2.57,0.115,0.077,0.8568,,,2026-07-26 03:39:54
江西省,长江流域,钟岭水厂,2026-07-26 03:00,2,31.5,7.22,6.56,90.11,21.08,2.88,0.029,0.071,1.5471,,,2026-07-26 03:39:54
江西省,长江流域,临水河口,2026-07-26 03:00,2,29.71,6.77,7.57,101.27,5.05,2.5,0.075,0.052,1.254,,,2026-07-26 03:39:54
江西省,长江流域,赵家湾,2026-07-26 03:00,2,29.577,6.7,6.18,126.637,7.4896,1.4,0.099,0.031,1.126,,,2026-07-26 03:39:54
江西省,长江流域,康山,2026-07-26 02:00,4,32.1,6.53,5.33,110.48,22.79,3.83,0.056,0.092,1.114,0.014,353000,2026-07-26 03:39:54
江西省,长江流域,野鸡山村,2026-07-26 03:00,2,30.93,7.04,7.79,271.43,23.27,1.72,,0.041,0.959,,,2026-07-26 03:39:54
江西省,长江流域,瑞洪大桥,2026-07-26 03:00,4,33.22,6.75,3.5,121.7,13,2.26,,0.054,1.053,,,2026-07-26 03:39:54
江西省,长江流域,弋阳,2026-07-26 03:00,2,31.18,7.36,6.51,149.55,4.06,2.59,0.009,0.094,1.297,,,2026-07-26 03:39:54
江西省,长江流域,鄱阳花园,2026-07-26 03:00,2,28.12,6.84,7.06,76.59,11.44,1,0.003,0.024,1.39,,,2026-07-26 03:39:54
江西省,长江流域,洎水河河口,2026-07-26 03:00,2,30.45,6.61,6.1,253.9,9.76,1.4,0.035,0.03,0.932,,,2026-07-26 03:39:54
江西省,长江流域,铅山,2026-07-26 03:00,2,31.01,7.41,7.96,150.08,7.98,2.52,,0.1,0.796,,,2026-07-26 03:39:54
江西省,长江流域,旗山,2026-07-26 03:00,2,31.38,7.37,6.82,140.75,4.59,2.2,0.034,0.081,1.204,,,2026-07-26 03:39:54
江西省,长江流域,应家坊,2026-07-26 03:00,2,31.55,6.98,6.94,145.83,3.32,2.58,,0.082,1.331,,,2026-07-26 03:39:54
山东省,淮河流域,辛丰庄,2026-07-26 03:00,4,28.166,7.71,3.77,971.33,36.31,3.41,1.016,0.112,6.814,,,2026-07-26 03:39:54
山东省,黄河流域,泺口,2026-07-26 02:00,2,29.02,7.94,9.06,1133.58,2077.76,2.06,0.165,0.094,3.023,,,2026-07-26 03:39:54
山东省,淮河流域,睦里庄,2026-07-26 03:00,3,29.425,7.31,5,507.561,2.117,3.23,0.031,0.029,0.789,,,2026-07-26 03:39:54
山东省,黄河流域,卧虎山水库,2026-07-26 03:00,1,27.74,7.89,9.14,511.094,6.113,1.31,0.025,0.007,5.339,,,2026-07-26 03:39:54
山东省,淮河流域,斜拉桥,2026-07-26 03:00,4,27.528,8.13,6.22,798.593,8.738,6.32,0.253,0.041,1.005,,,2026-07-26 03:39:54
山东省,淮河流域,马连庄,2026-07-26 03:00,4,27.202,7.22,3.8,663.98,13.003,4.68,0.089,0.181,6.11,,,2026-07-26 03:39:54
山东省,淮河流域,吉利河水库出口,2026-07-26 03:00,3,28.12,8.73,7.94,338.911,10.492,5.76,0.008,0.04,0.906,,,2026-07-26 03:39:54
山东省,淮河流域,墨水河入海口,2026-07-26 03:00,4,30.275,7.59,3.45,1559.77,7.98,6.04,0.177,0.25,3.994,,,2026-07-26 03:39:54
山东省,淮河流域,韩旺大桥,2026-07-26 03:00,2,27.486,7.92,6.61,611.856,12.017,1.68,0.015,0.014,15.36,,,2026-07-26 03:39:54
山东省,淮河流域,台儿庄大桥,2026-07-26 02:00,2,29.6,7.85,7.06,1195.89,6.68,,0.081,,,,,2026-07-26 03:39:54
山东省,淮河流域,十字河大桥,2026-07-26 02:00,3,31.055,8.08,9.77,1273,4.509,4.24,0.006,0.045,2.077,,,2026-07-26 03:39:54
山东省,淮河流域,支脉河陈桥,2026-07-26 03:00,4,29.564,8.1,9.75,5116.898,55.117,6.26,0.194,0.059,3.657,,,2026-07-26 03:39:54
山东省,淮河流域,新夹河大桥,2026-07-26 02:00,5,28.51292,7.93,2.69,669.6815,47.25,7.65,0.043,0.104,0.87891,,,2026-07-26 03:39:54
山东省,淮河流域,桥头,2026-07-26 03:00,3,26.36,8.16,5.73,1196.739,14.24,5.32,0.134,0.096,4.337,,,2026-07-26 03:39:54
山东省,淮河流域,东村河入海口,2026-07-26 03:00,4,28.054,7.26,3.53,575.438,116.087,5.93,0.11,0.182,1.187,,,2026-07-26 03:39:54
山东省,淮河流域,羊口,2026-07-26 03:00,6,28.915,7.59,0.17,3989.396,49.26,4.5,0.674,0.2,4.267,,,2026-07-26 03:39:54
山东省,淮河流域,峡山水库库中,2026-07-26 03:00,3,29.61,8.78,7.77,768.59,24.74,4.84,0.061,0.032,1.174,0.01021,1.75532,2026-07-26 03:39:54
山东省,淮河流域,柳疃桥,2026-07-26 03:00,4,28.326,7.67,6.37,1343.382,13.048,6.1,0.046,0.113,6.447,,,2026-07-26 03:39:54
山东省,淮河流域,张建桥,2026-07-26 03:00,4,31.306,7.58,3.87,1521.612,14.743,3.18,0.117,0.04,9.612,,,2026-07-26 03:39:54
山东省,淮河流域,兖州南大桥,2026-07-26 02:00,4,30.622,7.72,4.61,666.642,27.195,4.56,0.04,0.068,1.5551,,,2026-07-26 03:39:54
山东省,淮河流域,105公路桥,2026-07-26 02:00,6,31.457,7.57,1.44,2208.51,55.849,5.61,0.581,0.233,4.068,,,2026-07-26 03:39:54
山东省,淮河流域,高河桥,2026-07-26 02:00,6,31.049,7.76,0.86,1809.11,31.452,4.29,0.549,0.147,3.908,,,2026-07-26 03:39:54
山东省,淮河流域,西石佛,2026-07-26 03:00,5,31.076,7.42,2.84,1256,7.463,4.41,0.006,0.142,2.342,,,2026-07-26 03:39:54
山东省,淮河流域,老运河微山段,2026-07-26 02:00,3,30.485,8.2,8.17,1417.12,14.132,5.1,0.019,0.055,1.587,,,2026-07-26 03:39:54
山东省,淮河流域,李集,2026-07-26 03:00,4,27.866,7.74,3.11,1062,22.665,4.15,0.012,0.102,2.339,,,2026-07-26 03:39:54
山东省,淮河流域,尹沟,2026-07-26 02:00,3,31.25,7.98,7.37,616.07,40.77,4.59,0.245,0.056,1.226,0.04,,2026-07-26 03:39:54
山东省,淮河流域,西支河入湖口,2026-07-26 02:00,4,31.68,8.58,11.96,1591.87,23.52,7.82,0.022,0.117,1.453,,,2026-07-26 03:39:54
山东省,淮河流域,东石佛,2026-07-26 03:00,3,30.804,7.79,9.16,1041.257,21.273,4.83,0.211,0.059,2.528,,,2026-07-26 03:39:54
山东省,淮河流域,西姚,2026-07-26 02:00,5,30.558,8.31,2.62,1139.5,17.98,4.12,0.035,0.179,1.469,,,2026-07-26 03:39:54
山东省,淮河流域,鲁桥,2026-07-26 02:00,3,31.399,7.88,8.5,1535.31,41.638,5.38,0.048,0.095,3.007,,,2026-07-26 03:39:54
山东省,淮河流域,牛庄闸,2026-07-26 03:00,4,31.063,7.59,4.51,880.847,29.536,4.11,0.114,0.018,3.865,,,2026-07-26 03:39:54
山东省,淮河流域,湘子庙,2026-07-26 03:00,6,30.17,7.72,0.51,1523.59,51.665,4.66,0.777,0.231,3.12425,,,2026-07-26 03:39:54
山东省,黄河流域,戴村坝,2026-07-26 02:00,2,31.09,7.59,7.57,739.87,4.28,3.5,0.07,0.026,2.152,,,2026-07-26 03:39:54
山东省,淮河流域,南桥,2026-07-26 03:00,4,30.403,8.46,8.23,1095.283,25.283,6.14,0.14,0.085,1.826,,,2026-07-26 03:39:54
山东省,淮河流域,大古镇,2026-07-26 03:00,5,26.08,7.57,2.15,677.94,11.05,5.41,0.347,0.278,4.005,,,2026-07-26 03:39:54
山东省,淮河流域,夏庄,2026-07-26 02:00,4,28.74,8.17,5.06,656.2,9.9,6.67,0.009,0.266,3.49693,,,2026-07-26 03:39:54
山东省,黄河流域,贺小庄,2026-07-26 03:00,3,29.28,7.54,5.46,693.892,11.223,3.68,0.177,0.056,2.21,,,2026-07-26 03:39:54
山东省,淮河流域,临沂北大桥,2026-07-26 02:00,5,28.94,8.81,11.99,447.64,7.756,6.86,0.042,0.345,6.846,,,2026-07-26 03:39:54
山东省,淮河流域,捷庄,2026-07-26 03:00,4,29.5,7.71,6.49,576.683,19.89,6.25,0.127,0.181,3.989,,,2026-07-26 03:39:54
山东省,淮河流域,临沭大兴桥,2026-07-26 03:00,4,29.975,7.97,8.75,468.751,7.469,6.07,,0.256,3.296,,,2026-07-26 03:39:54
山东省,淮河流域,310公路桥,2026-07-26 02:00,6,30.01,7.31,0.67,1124.31,1.07,3.12,0.042,0.108,2.834,,,2026-07-26 03:39:54
山东省,淮河流域,沙沟桥,2026-07-26 02:00,6,26.39,7.33,1.29,709.6,98.74,4.34,0.045,0.171,4.626,,,2026-07-26 03:39:54
山东省,淮河流域,云蒙湖湖心,2026-07-26 02:00,3,23.74,,13.18,398.7,5.52,3.72,,0.028,3.085,0.03199,1913510,2026-07-26 03:39:54
山东省,海河流域,第三店,2026-07-26 03:00,4,29.612,7.57,3.83,1675.355,83.996,0.28,0.525,0.1,4.281,,,2026-07-26 03:39:54
山东省,海河流域,董姑桥,2026-07-26 03:00,4,25.486,7.77,3.4,1323.5,91.25,6.34,,0.117,1.692,,,2026-07-26 03:39:54
山东省,海河流域,油坊桥,2026-07-26 03:00,3,30.869,7.76,6.31,992.25,79.784,2.54,0.174,0.126,4.013,,,2026-07-26 03:39:54
山东省,海河流域,秤勾湾,2026-07-26 02:00,3,29.92,7.75,5.21,1012.53,60.14,2.99,0.519,0.114,,,,2026-07-26 03:39:54
山东省,海河流域,北湖,2026-07-26 03:00,2,30.06,8.7,10.09,898.32,4.03,2.33,,0.01,2.455,0.00777,2038169,2026-07-26 03:39:54
山东省,海河流域,小泊头桥,2026-07-26 03:00,3,28.93,7.73,5.56,1083.988,56.516,2.53,0.095,0.157,4.323,,,2026-07-26 03:39:54
山东省,海河流域,胜利桥,2026-07-26 02:00,4,28.798,7.99,6.53,2700.488,21.216,6.72,0.124,0.157,3.255,,,2026-07-26 03:39:54
山东省,海河流域,富国,2026-07-26 02:00,5,26.906,7.7,2.06,1989.91,77.83,3.88,0.056,0.109,1.617,,,2026-07-26 03:39:54
山东省,海河流域,芦家河子水库,2026-07-26 03:00,6,32.18,9.44,10.55,811.116,13.619,2.53,0.0002,0.02,1.118,,,2026-07-26 03:39:54
山东省,海河流域,三角洼水库,2026-07-26 02:00,2,24.326,8.36,9.51,1095.168,13.798,1.38,0.034,0.032,0.995,,,2026-07-26 03:39:54
山东省,淮河流域,西闸,2026-07-26 03:00,5,29.255,7.72,4.44,1723.972,30.378,4.83,0.713,0.349,5.295,,,2026-07-26 03:39:54
山东省,淮河流域,范李,2026-07-26 03:00,6,30.014,7.61,0.1,1805.21,32.831,5.51,0.425,0.179,4.802,,,2026-07-26 03:39:54
山东省,海河流域,大山,2026-07-26 02:00,3,28.062,7.76,7.65,2591.8,11.6,5.57,0.094,0.056,1.964,,,2026-07-26 03:39:54
山东省,海河流域,邵家,2026-07-26 03:00,6,28.332,7.43,0.23,7779.42,44.82,10.39,0.433,0.267,4.081,,,2026-07-26 03:39:54
山东省,淮河流域,于楼,2026-07-26 02:00,6,29.223,7.73,0.72,1046.81,64.651,7.68,0.321,0.186,3.14,,,2026-07-26 03:39:54
山东省,淮河流域,徐寨,2026-07-26 02:00,4,29.774,8.23,3.43,1324.47,46.479,7.04,0.072,0.294,2.29,,,2026-07-26 03:39:54
河南省,黄河流域,七里铺,2026-07-26 03:00,4,29.6164,7.74,5.47,536.236,30.9511,2.91,0.443,0.21,3.283,,,2026-07-26 03:39:54
河南省,淮河流域,尖岗水库,2026-07-26 02:00,2,29.98,8.78,8.79,262.7999,1.7788,2.19,0.016,0.009,0.3198,,,2026-07-26 03:39:54
河南省,淮河流域,通许邸阁,2026-07-26 03:00,3,29.96,8.01,6.36,958.65,104.98,2.95,0.091,0.174,2.691,,,2026-07-26 03:39:54
河南省,淮河流域,中牟陈桥,2026-07-26 03:00,4,29.99,7.93,7.28,615.67,77.67,8.63,1.453,0.114,4.7178,,,2026-07-26 03:39:54
河南省,黄河流域,高崖寨,2026-07-26 03:00,4,28.1,7.9,4.69,511.31,2.13,1.73,0.014,0.033,1.829,,,2026-07-26 03:39:54
河南省,黄河流域,龙门大桥,2026-07-26 03:00,2,26.392,8.13,7,530.792,21.855,2.56,0.024,0.053,3.024,,,2026-07-26 03:39:54
河南省,淮河流域,紫罗山,2026-07-26 02:00,2,23.22209,7.86,7.04,296.8161,12.7963,3.11,0.006,0.029,2.65038,,,2026-07-26 03:39:54
河南省,黄河流域,白马寺,2026-07-26 03:00,3,29.36,7.6,5.56,665,20.4,2.18,0.115,0.152,2.801,,,2026-07-26 03:39:54
河南省,黄河流域,潭头,2026-07-26 03:00,2,27.173,7.92,6.51,576.9,30.4525,1.35,0.035,0.028,2.053,,,2026-07-26 03:39:54
河南省,淮河流域,大陈闸,2026-07-26 02:00,2,31.97408,7.85,6.2,590.4638,3.36966,2.65,0.029,0.022,2.50484,,,2026-07-26 03:39:54
河南省,淮河流域,白龟山水库,2026-07-26 03:00,2,30.01,8.16,6.74,523.14,2.79,2.66,0.007,0.014,0.586,0.03573,2992000,2026-07-26 03:39:54
河南省,淮河流域,杨寨中村,2026-07-26 03:00,4,28.7,7.53,4.15,444.32,9.68,2.88,0.016,0.051,2.789,,,2026-07-26 03:39:54
河南省,海河流域,彰武水库,2026-07-26 03:00,1,28.848,8.02,8.72,541.4,5.24,1.12,0.004,0.01,3.1348,,,2026-07-26 03:39:54
河南省,海河流域,冯宿桥,2026-07-26 02:00,3,29.07,7.85,6.14,690.2285,35.57,1.9,0.182,0.112,4.899,,,2026-07-26 03:39:54
河南省,海河流域,五陵,2026-07-26 03:00,4,29.76,7.56,3.01,1271.4,97.3,3.69,0.47,0.236,7.516,,,2026-07-26 03:39:54
河南省,海河流域,石辛庄,2026-07-26 02:00,3,29.93,7.81,5.18,959.236,29.789,4.44,0.623,0.173,7.8076,,,2026-07-26 03:39:54
河南省,海河流域,黄花营,2026-07-26 02:00,1,29.01,8.36,11.42,455.5298,4.2849,0.72,,0.011,5.6897,,,2026-07-26 03:39:54
河南省,海河流域,前枋城,2026-07-26 03:00,3,29.365,7.86,5.26,439.55,4.883,1.43,0.004,,3.278,,,2026-07-26 03:39:54
河南省,海河流域,卫河小河口,2026-07-26 02:00,4,28.79,7.73,3.47,1231.976,88.83,3.75,0.969,0.216,6.7629,,,2026-07-26 03:39:54
河南省,海河流域,修武水文站,2026-07-26 02:00,4,28.9,7.85,5.72,2131.569,50.49,4.27,0.516,0.215,8.1639,,,2026-07-26 03:39:54
河南省,海河流域,获嘉东碑村,2026-07-26 03:00,4,29.75,7.7,4.06,1681.44,,4.05,0.354,0.207,4.27,,,2026-07-26 03:39:54
河南省,黄河流域,封丘陶北,2026-07-26 03:00,6,27.21,7.35,2.68,509.07,89.83,9.7,0.847,0.429,2.815,,,2026-07-26 03:39:54
河南省,黄河流域,封丘王堤,2026-07-26 03:00,4,29.897,7.68,5.04,798.6,50.35,6.81,0.553,0.265,3.5384,,,2026-07-26 03:39:54
河南省,海河流域,新乡贾太湖,2026-07-26 03:00,2,29.37,8.08,7.04,910.182,868.357,2.76,0.003,0.091,3.7382,,,2026-07-26 03:39:54
河南省,黄河流域,武陟渠首,2026-07-26 03:00,3,28.23,8.02,8.11,782.67,69.04,1.34,0.027,0.132,4.185,,,2026-07-26 03:39:54
河南省,黄河流域,孟州还封村,2026-07-26 02:00,4,27.60727,7.26,3.22,942.5315,65.46819,3.53,1.266,0.233,8.36893,,,2026-07-26 03:39:54
河南省,海河流域,南乐元村集,2026-07-26 02:00,4,,,,,,3.67,0.328,0.232,6.493,,,2026-07-26 03:39:54
河南省,海河流域,濮阳西水坡,2026-07-26 03:00,2,31.14,8.43,7.98,927.48,6.66,2.66,0.166,0.014,1.053,,,2026-07-26 03:39:54
河南省,黄河流域,濮阳大韩桥,2026-07-26 03:00,5,28.37,7.6,3.96,821.86,57.24,7.57,1.876,0.278,2.68,,,2026-07-26 03:39:54
河南省,淮河流域,临颍吴刘闸,2026-07-26 03:00,4,30.89,7.61,4.69,885.21,15.46,2.87,0.051,0.048,3.479,,,2026-07-26 03:39:54
河南省,淮河流域,召陵武湾,2026-07-26 02:00,3,31.31,7.71,5.9,577.1,14.68,2.27,,0.039,0.838,,,2026-07-26 03:39:54
河南省,淮河流域,叶舞公路桥,2026-07-26 03:00,4,29.696,7.36,4.7,351.84,6.09,2.46,0.008,0.026,0.808,,,2026-07-26 03:39:54
河南省,淮河流域,临颍高村桥,2026-07-26 02:00,4,29.54,7.31,5.68,630.45,64.72,7.02,1.105,0.271,5.826,,,2026-07-26 03:39:54
河南省,淮河流域,舞阳马湾,2026-07-26 03:00,2,31.832,7.85,6.04,539.36,10.197,2.71,0.047,0.036,1.367,,,2026-07-26 03:39:54
河南省,黄河流域,洛河大桥,2026-07-26 03:00,2,28.93,8.18,6.1,452.55,48.73,1.68,,0.036,1.5413,,,2026-07-26 03:39:54
河南省,长江流域,淅川荆紫关,2026-07-26 03:00,2,29.20319,8.01,6.12,370.4821,3.678371,1.89,0.007,0.015,1.135,,,2026-07-26 03:39:54
河南省,长江流域,淅川史家湾,2026-07-26 03:00,2,30.45,8.01,6.42,376.169,8.741,1.41,,0.018,1.0176,0.00186,,2026-07-26 03:39:54
河南省,长江流域,淅川高湾,2026-07-26 03:00,2,30.59,7.91,6.93,352.627,7.844,2.04,,0.026,0.347,0.006,,2026-07-26 03:39:54
河南省,长江流域,淅川张营,2026-07-26 03:00,2,31.81,8.27,7.58,356.941,5.541,2.31,,0.015,0.8341,0.01141316,,2026-07-26 03:39:54
河南省,长江流域,五龙泉,2026-07-26 02:00,2,30.15,8.48,7.45,266.63,3.85,1.79,0.005,0.009,0.757,0.0015,707484.3,2026-07-26 03:39:54
河南省,长江流域,宋岗,2026-07-26 03:00,1,29.594,8.56,7.85,258.05,8.698,1.59,0.0001,0.009,0.72,0.003564,1243850,2026-07-26 03:39:54
河南省,长江流域,陶岔,2026-07-26 03:00,1,30.9,8.5,7.81,254.911,5.136,1.07,,0.007,0.8316,0.0015,790369,2026-07-26 03:39:54
河南省,长江流域,三道河,2026-07-26 03:00,2,27.556,7.64,7.04,818.205,3.032,,,0.002,1.655,,,2026-07-26 03:39:54
河南省,长江流域,上河,2026-07-26 02:00,2,28.63,7.98,6.98,220.0638,6.40395,2.56,0.005,0.01,0.21354,,,2026-07-26 03:39:54
河南省,长江流域,方城夏河,2026-07-26 03:00,4,28.59,7.69,3.59,612.9267,10.966,4.8,0.06,0.126,3.405,,,2026-07-26 03:39:54
河南省,长江流域,内乡怀乡桥,2026-07-26 02:00,2,31.49266,8.22,13.9,422.1794,11.91968,2.69,0.01,0.031,1.56949,,,2026-07-26 03:39:54
河南省,淮河流域,新野溧河桥,2026-07-26 02:00,2,32.74007,7.78,6.45,371.63,34.4967,3.6,0.01,0.05,1.01724,,,2026-07-26 03:39:54
河南省,淮河流域,吕楼桥,2026-07-26 03:00,6,29.49,7.5,1.59,1345.148,36.798,3.82,0.165,0.081,0.7848,,,2026-07-26 03:39:54
河南省,淮河流域,黄口,2026-07-26 03:00,3,27.89,7.95,9.19,1250.893,16.122,5.06,0.075,0.064,1.6758,,,2026-07-26 03:39:54
河南省,淮河流域,睢县板桥,2026-07-26 03:00,6,30.93,7.46,2.82,953.35,175.56,5.72,2.127,0.206,7.233,,,2026-07-26 03:39:54
河南省,淮河流域,永城张板桥,2026-07-26 03:00,4,31.19,8.1,12.51,1098.13,5.87,6.16,0.002,0.082,1.413,,,2026-07-26 03:39:54
河南省,淮河流域,长台关甘岸桥,2026-07-26 02:00,4,30.12,7.54,3.93,371.52,9.92,3.61,0.016,0.042,0.481,,,2026-07-26 03:39:54
河南省,淮河流域,息县大埠口,2026-07-26 02:00,4,29.47345,7.78,3.71,304.5307,6.44643,4.17,0.016,0.053,0.96491,,,2026-07-26 03:39:54
河南省,淮河流域,潢川水文站,2026-07-26 02:00,3,28.9501,7.15,6.22,195.274,36.3985,4.27,0.067,0.164,0.6988,,,2026-07-26 03:39:54
河南省,淮河流域,淮滨北庙,2026-07-26 02:00,2,32.34,7.49,6.31,202.2619,39.44756,2.75,0.003,0.091,,,,2026-07-26 03:39:54
河南省,淮河流域,饮用水源地取水口,2026-07-26 03:00,3,31.06,,10.63,182.63,11.53,4.09,0.001,0.036,0.344,0.028,160000,2026-07-26 03:39:54
河南省,淮河流域,竹竿铺,2026-07-26 02:00,4,28.26,7.19,4.81,146.08,33.1,3.05,0.047,0.141,1.546,,,2026-07-26 03:39:54
河南省,淮河流域,固始马罡,2026-07-26 02:00,2,28.1761,8.2,9.41,119.893,15.6333,2.44,0.015,0.053,0.8632,,,2026-07-26 03:39:54
河南省,淮河流域,老沈丘泉河桥,2026-07-26 03:00,4,32.06,7.6,3.14,800.332,23.629,3.46,0.024,0.172,0.4682,,,2026-07-26 03:39:54
河南省,淮河流域,刘寨村后,2026-07-26 03:00,3,30.99,7.69,6.09,968.4,8.82,5.21,0.026,0.058,3.6971,,,2026-07-26 03:39:54
河南省,淮河流域,西华大王庄,2026-07-26 03:00,3,29.9185,7.9,5.72,670.71,73.2927,3.76,0.31,0.174,3.592,,,2026-07-26 03:39:54
河南省,淮河流域,周口康店,2026-07-26 02:00,4,31.83,7.31,3.85,741.0833,51.97,3.81,0.366,0.123,1.8263,,,2026-07-26 03:39:54
河南省,淮河流域,商水双桥,2026-07-26 02:00,2,31.57,7.81,6.03,611.1104,14.2924,2.94,0.012,0.04,1.285,,,2026-07-26 03:39:54
河南省,淮河流域,鄢陵陶城闸,2026-07-26 02:00,6,28.7,7.44,0.1,624.8,200.2,8.54,2.304,0.651,4.4896,,,2026-07-26 03:39:54
河南省,淮河流域,鹿邑付桥,2026-07-26 03:00,3,31.78,8.52,14.18,1005.239,8.219,4.69,0.034,0.036,0.5699,,,2026-07-26 03:39:54
河南省,淮河流域,西华址坊,2026-07-26 03:00,4,30.66,7.7,4.13,802.14,8.96,4.3,0.305,0.067,2.393,,,2026-07-26 03:39:54
河南省,淮河流域,冯塘邱屯,2026-07-26 02:00,5,30.01,7.32,2.22,720.712,20.39173,4.22,0.566,0.116,3.15831,,,2026-07-26 03:39:54
河南省,淮河流域,鹿邑宋河桥,2026-07-26 03:00,4,29.91,7.55,5.35,1317.26,21.92,6.55,0.12,0.13,2.928,,,2026-07-26 03:39:54
河南省,淮河流域,新蔡班台,2026-07-26 03:00,4,31.788,7.7,4.91,695.525,11.565,3.61,0.051,0.136,1.559,,,2026-07-26 03:39:54
河南省,淮河流域,西平杨庄,2026-07-26 02:00,4,31.13135,7.88,4.5,1146.104,38.35884,4.14,0.083,0.163,3.37809,,,2026-07-26 03:39:54
河南省,淮河流域,板桥水库,2026-07-26 02:00,3,28.62,8.32,5.04,276.4887,8.99,3.54,0.012,0.023,0.266,,,2026-07-26 03:39:54
河南省,淮河流域,西平王孟寺,2026-07-26 02:00,6,28.65864,7.13,1.74,665.7811,17.54477,3.59,0.719,0.376,4.92746,,,2026-07-26 03:39:54
河南省,淮河流域,新蔡李桥,2026-07-26 03:00,3,32.274,7.95,5.03,714.935,22.016,2.82,0.097,0.157,1.664,,,2026-07-26 03:39:54
河南省,黄河流域,小浪底水库,2026-07-26 03:00,3,29.62,7.92,5.54,1054.019,29.677,2.41,,0.042,3.1362,,,2026-07-26 03:39:54
湖北省,长江流域,朱家河口,2026-07-26 02:00,6,31.78,7.24,1.94,431.025,59.654,3.94,0.078,0.112,2.343,,,2026-07-26 03:39:54
湖北省,长江流域,沐家泾,2026-07-26 03:00,4,28.64,6.74,4.51,144.081,140.761,5.07,0.072,0.154,2.252,,,2026-07-26 03:39:54
湖北省,长江流域,牛山湖湖心,2026-07-26 03:00,3,31.43,8.9,8.52,187.024,16.118,4.05,,0.024,0.056,0.00452,9.301352,2026-07-26 03:39:54
湖北省,长江流域,西梁子湖湖北,2026-07-26 03:00,2,31.8645,8.98,8.05,171.56,24.518,,0.166,0.024,0.702,0.00867,1.620992,2026-07-26 03:39:54
湖北省,长江流域,宗关,2026-07-26 03:00,3,31.197,7.5,5.08,398.4,28.87,2.51,0.006,0.07,1.609,0.002522,,2026-07-26 03:39:54
湖北省,长江流域,杨泗港,2026-07-26 03:00,3,29,7.63,5.92,268.078,44.41,1.7,,0.053,1.677,,,2026-07-26 03:39:54
湖北省,长江流域,冯集,2026-07-26 03:00,3,32.7,7.99,8.16,174.06,18.785,4.12,0.122,0.125,1.075,,,2026-07-26 03:39:54
湖北省,长江流域,龙口,2026-07-26 03:00,6,32.59,9.48,15.21,184.18,10.57,7.16,0.008,0.065,1.157,,,2026-07-26 03:39:54
湖北省,长江流域,金水闸,2026-07-26 03:00,3,31.81,8.47,17.85,244.4,25.69,4.68,0.005,0.038,0.679,,,2026-07-26 03:39:54
湖北省,长江流域,郭玉,2026-07-26 03:00,3,31.428,7.3,6.83,143,48.17,4.66,,0.167,2.573,,,2026-07-26 03:39:54
湖北省,长江流域,滠口,2026-07-26 02:00,4,31.59,7.05,5.82,144.2494,25.42,6.09,0.017,0.063,0.9287,,,2026-07-26 03:39:54
湖北省,长江流域,港洲村,2026-07-26 03:00,3,32.86,8.19,10.04,366.85,740.4,4.78,0.012,0.075,0.55,,,2026-07-26 03:39:54
湖北省,长江流域,黄陵大桥,2026-07-26 03:00,5,31.28,7.17,2.55,373.191,82.882,5.27,0.104,0.099,0.874,,,2026-07-26 03:39:54
湖北省,长江流域,太平沙,2026-07-26 03:00,6,31.46,7.18,0.49,414.6,66.09,5.27,0.006,0.146,2.219,,,2026-07-26 03:39:54
湖北省,长江流域,白浒山,2026-07-26 03:00,2,28.79,7.72,6.19,297.3549,44.75061,1.47,0.017,0.078,1.598497,,,2026-07-26 03:39:54
湖北省,长江流域,富池闸,2026-07-26 03:00,6,30.54,9.05,12.52,221.644,9.994149,2.85,0.001,0.071,1.242154,,,2026-07-26 03:39:54
湖北省,长江流域,大冶湖闸,2026-07-26 02:00,2,33.42,8,8.88,333.84,12.64,3.72,0.074,0.057,0.642,,,2026-07-26 03:39:54
湖北省,长江流域,夹河口,2026-07-26 02:00,3,27.68,7.68,5.51,320.9532,2.42,0.9,,,1.192,,,2026-07-26 03:39:54
湖北省,长江流域,天河口,2026-07-26 02:00,2,31.41,7.96,6.73,371.16,2.37,2.7,0.044,0.029,0.772,,,2026-07-26 03:39:54
湖北省,长江流域,焦家院,2026-07-26 03:00,2,21.19,7.56,7.49,235.274,24.426,2.41,0.03,0.045,0.8886,,,2026-07-26 03:39:54
湖北省,长江流域,孙家湾,2026-07-26 02:00,2,31.8,8.1,10.15,520.43,17.32,2.37,0.009,0.068,1.929,,,2026-07-26 03:39:54
湖北省,长江流域,浪河口,2026-07-26 02:00,2,32.86,8.74,10.26,184.5169,1.97,2.04,0.019,0.025,1.061,,,2026-07-26 03:39:54
湖北省,长江流域,丹江口水库坝上中,2026-07-26 03:00,1,31.46,8.49,9.06,247.938,0.681668,1.38,0.063,0.003,0.9269,0.0013368,2.1608,2026-07-26 03:39:54
湖北省,长江流域,陈家坡,2026-07-26 02:00,1,30.79,8.57,8.64,237.74,4.91,1.54,0.09,0.014,0.8196,,,2026-07-26 03:39:54
湖北省,长江流域,潘口水库坝上,2026-07-26 03:00,1,31.52,8.72,9.76,176,1.5,1.42,,0.007,0.169,,,2026-07-26 03:39:54
湖北省,长江流域,剑河口,2026-07-26 02:00,1,32.74,8.68,9.9,202.92,3.15,1.82,0.005,0.019,0.715,,,2026-07-26 03:39:54
湖北省,长江流域,东湾桥,2026-07-26 02:00,3,29.29,7.77,6.17,490.215,4.49,4.81,0.024,0.048,2.6419,,,2026-07-26 03:39:54
湖北省,长江流域,玉皇滩,2026-07-26 03:00,1,30.557,8.27,8.05,342.6,5.925,1.41,0.025,0.016,1.148,,,2026-07-26 03:39:54
湖北省,长江流域,神定河口,2026-07-26 03:00,3,30.5,7.91,5.6,600.763,16.261,3.25,0.086,0.166,10.6,,,2026-07-26 03:39:54
湖北省,长江流域,泗河口,2026-07-26 03:00,3,30.3,7.8,5.59,632.703,13.372,3.7,0.043,0.092,3.749,,,2026-07-26 03:39:54
湖北省,长江流域,王河电站,2026-07-26 02:00,2,30.42,8.23,7.47,400.6394,10.78,1.15,0.031,0.03,0.846,,,2026-07-26 03:39:54
湖北省,长江流域,隔河岩水库坝上,2026-07-26 03:00,2,20.51,8.66,8.82,181.34,2.77,1.14,,0.012,1.741,0.03806,3898914,2026-07-26 03:39:54
湖北省,长江流域,长沙坝,2026-07-26 03:00,2,25.643,8.45,10.81,380.327,49.119,2.18,0.012,0.026,1.565,,,2026-07-26 03:39:54
湖北省,长江流域,清江大桥,2026-07-26 03:00,2,22.14,7.49,6.52,308.847,14.774,1.28,,0.067,3.345,,,2026-07-26 03:39:54
湖北省,长江流域,南津关,2026-07-26 03:00,2,26.12,7.87,7.52,477.331,9.394419,1.83,0.02,0.034,1.6987,0.017208,,2026-07-26 03:39:54
湖北省,长江流域,马渡河,2026-07-26 03:00,2,28.43,7.3,7.5,353.55,18.26,2.52,0.007,0.019,1.763,,,2026-07-26 03:39:54
湖北省,长江流域,铁路大桥,2026-07-26 03:00,2,31.13,7.7,6.09,521.1,19.8,2.48,,0.067,1.19,,,2026-07-26 03:39:54
湖北省,长江流域,两河口,2026-07-26 02:00,3,32.616,7.68,9.91,510.6737,23.0814,4.63,0.042,0.064,1.7903,,,2026-07-26 03:39:54
湖北省,长江流域,桅杆坪,2026-07-26 03:00,2,18.6,7.53,7.06,287.02,3.49,1.1,,0.031,2.886,,,2026-07-26 03:39:54
湖北省,长江流域,白石港,2026-07-26 03:00,2,30.89,8.26,6.66,307.395,2.813,2.04,0.004,0.007,1.107,,,2026-07-26 03:39:54
湖北省,长江流域,云池,2026-07-26 03:00,2,26.22,7.86,7.14,391.41,10.08,1.52,,0.042,1.941,,,2026-07-26 03:39:54
湖北省,长江流域,翟湾,2026-07-26 03:00,4,30.99,7.61,4.79,436.0459,23.43633,3.15,,0.042,1.315,,,2026-07-26 03:39:54
湖北省,长江流域,埠口,2026-07-26 02:00,3,33.43186,8.04,5.07,483.4633,14.54947,3.94,0.034,0.111,0.74912,,,2026-07-26 03:39:54
湖北省,长江流域,张湾,2026-07-26 02:00,3,32.54,8.04,8.35,392.167,25.26,4.12,0.059,0.072,1.25,,,2026-07-26 03:39:54
湖北省,长江流域,余家湖,2026-07-26 02:00,3,30.49,7.84,5.32,310.3088,13.34,2.39,0.005,0.032,1.249,,,2026-07-26 03:39:54
湖北省,长江流域,聂家滩,2026-07-26 02:00,2,29.34,7.91,6.34,322.1085,26.71,1.86,0.0001,0.053,0.684,,,2026-07-26 03:39:54
湖北省,长江流域,汤店,2026-07-26 02:00,3,33.08,7.5,6.08,625.5721,6.69,5.61,0.019,0.04,1.19,,,2026-07-26 03:39:54
湖北省,长江流域,沈湾,2026-07-26 03:00,2,15.65,7.73,7.06,346.4,1.93,1.29,0.024,0.006,1.313,,,2026-07-26 03:39:54
湖北省,长江流域,朱市,2026-07-26 02:00,3,31.99,7.81,5.7,506.2035,26.26,2.26,0.079,0.097,0.89,,,2026-07-26 03:39:54
湖北省,长江流域,茶庵,2026-07-26 02:00,2,28.01,7.79,7.02,310.5026,24.44,2.89,0.033,0.041,1.16,,,2026-07-26 03:39:54
湖北省,长江流域,马兰河口,2026-07-26 02:00,3,31.69,7.72,5.61,319.5,41.62,2.17,0.017,0.049,2.119,,,2026-07-26 03:39:54
湖北省,长江流域,燕矶,2026-07-26 02:00,3,28.89,7.74,5.96,291.94,38.54,1.59,0.084,0.061,1.768,,,2026-07-26 03:39:54
湖北省,长江流域,东梁子湖湖心,2026-07-26 03:00,4,31.66,,8.41,163.919,41.705,,,0.053,,,,2026-07-26 03:39:54
湖北省,长江流域,梁子湖七星站,2026-07-26 03:00,4,30.8,8.38,7.38,174.9791,16.96397,6.74,0.092,0.008,0.9313125,0.02923747,2.41837,2026-07-26 03:39:54
湖北省,长江流域,漳河水库库心,2026-07-26 03:00,1,32.49,8.2,7.63,307.4466,4.7874,1.81,,0.002,0.461,0.00034,1.9035,2026-07-26 03:39:54
湖北省,长江流域,转斗,2026-07-26 03:00,2,31.28,8.2,6.54,367.966,9.8734,3.36,0.02,0.033,1.014,,,2026-07-26 03:39:54
湖北省,长江流域,罗汉闸,2026-07-26 03:00,2,31.71,7.8,7.87,357.32,30.29,2.49,0.033,0.04,1.1288,,,2026-07-26 03:39:54
湖北省,长江流域,京山河邓李港,2026-07-26 02:00,-1,,,,,,,,,,,,2026-07-26 03:39:54
湖北省,长江流域,马良龚家湾,2026-07-26 03:00,4,33.282,7.37,4.36,1210.01,66.0482,5.37,0.704,0.241,3.343,,,2026-07-26 03:39:54
湖北省,长江流域,应城公路桥,2026-07-26 03:00,2,32.9,7.99,7.36,492.26,17.4973,2.66,0.014,0.043,0.6422,,,2026-07-26 03:39:54
湖北省,长江流域,田店泵站,2026-07-26 03:00,2,33.17,8.11,6.47,405.79,6.3508,2.65,0.031,0.026,0.80866,,,2026-07-26 03:39:54
湖北省,长江流域,垌冢桥,2026-07-26 03:00,5,30.898,7.08,2.32,382.866,19.768,2.67,0.088,0.144,1.921,,,2026-07-26 03:39:54
湖北省,长江流域,新沟闸,2026-07-26 03:00,3,32.39,7.32,5.02,380.78,23.57,5.02,0.922,0.106,2.715,,,2026-07-26 03:39:54
湖北省,长江流域,孝昌王店,2026-07-26 03:00,3,33.1,6.76,6.97,321.5,12.6184,4.22,0.027,0.1,1.1907,,,2026-07-26 03:39:54
湖北省,长江流域,大悟河口,2026-07-26 03:00,3,31.46,7.62,5.3,224,6.44,2.58,0.075,0.053,0.8194,,,2026-07-26 03:39:54
湖北省,长江流域,安陆桑树,2026-07-26 03:00,2,33.54,7.78,8.86,467.72,16.3837,2.56,0.027,0.024,0.64332,,,2026-07-26 03:39:54
湖北省,长江流域,隔蒲桥,2026-07-26 03:00,4,33.41,7.84,7.65,367.63,38.727,7.53,0.013,0.148,1.1808,,,2026-07-26 03:39:54
湖北省,长江流域,汉川新堰,2026-07-26 03:00,5,32.67,7.17,2.99,450.11,29.827,2.84,0.118,0.155,1.658,,,2026-07-26 03:39:54
湖北省,长江流域,杨柴湖,2026-07-26 03:00,3,29.4,7.23,5.18,311.3,20,2.55,,0.027,0.735,0.00429,8244628,2026-07-26 03:39:54
湖北省,长江流域,排水闸,2026-07-26 03:00,4,28.64,7.87,7.44,315.2031,46.2341,1.95,,0.055,1.915,0.00053,2.238504,2026-07-26 03:39:54
湖北省,长江流域,洪湖湖心,2026-07-26 03:00,3,31.9,8.26,8.69,290.276,51.995,2.45,0.035,0.036,1.517,0.0004,41328.1,2026-07-26 03:39:54
湖北省,长江流域,观音寺,2026-07-26 03:00,2,26.7,7.9,7.31,396.36,17.15,1.24,,0.041,1.966,,,2026-07-26 03:39:54
湖北省,长江流域,新刘家台,2026-07-26 03:00,5,32.821,7.48,2.54,372.86,22.267,3.56,0.075,0.065,1.799,,,2026-07-26 03:39:54
湖北省,长江流域,荆州河口,2026-07-26 03:00,2,29.71,7.73,9.19,483.6215,21.0692,3.59,0.029,0.042,1.283,,,2026-07-26 03:39:54
湖北省,长江流域,康家岗,2026-07-26 03:00,2,27.87,7.79,7.77,376.727,22.4793,1.14,0.004,0.044,1.8838,,,2026-07-26 03:39:54
湖北省,长江流域,新河村,2026-07-26 03:00,5,32.1094,7.1,2.66,391.5294,24.1192,4.29,0.489,0.12,1.964,,,2026-07-26 03:39:54
湖北省,长江流域,新滩,2026-07-26 03:00,6,31.355,7.12,0.53,354.535,33.543,4.57,0.295,0.05,2.426,,,2026-07-26 03:39:54
湖北省,长江流域,淤泥湖,2026-07-26 03:00,3,29,8.05,8.15,369.8,20.8,1.51,0.005,0.126,1.553,,,2026-07-26 03:39:54
湖北省,长江流域,杨家垱,2026-07-26 03:00,3,28.49,8.07,8.3,381.71,29.24,1.17,0.01,0.116,2.025,,,2026-07-26 03:39:54
湖北省,长江流域,调关,2026-07-26 03:00,2,27.37,7.83,7.88,377.862,29.4075,1.19,0.002,0.045,1.9538,,,2026-07-26 03:39:54
湖北省,长江流域,砖瓦厂,2026-07-26 03:00,2,26.88,7.96,7.28,437.9613,15.3017,1.15,,0.046,2.2235,,,2026-07-26 03:39:54
湖北省,长江流域,三兴公,2026-07-26 02:00,3,32.698,7.59,5.85,510.357,31.261,4.51,0.028,0.087,0.945,,,2026-07-26 03:39:54
湖北省,长江流域,姚集,2026-07-26 03:00,3,30.5,7.44,5.81,411.4,35.5,2.48,0.061,0.082,1.738,,,2026-07-26 03:39:54
湖北省,长江流域,乌溪沟,2026-07-26 03:00,3,23.81759,8.09,7.64,310.3561,35.20607,1.81,0.043,0.13,2.766164,,,2026-07-26 03:39:54
湖北省,长江流域,白莲河水库坝上,2026-07-26 03:00,3,29.021,8.93,8.05,120.1,5.049,2.81,0.002,0.033,0.5165,0.031338,34454,2026-07-26 03:39:54
湖北省,长江流域,巴河镇河口,2026-07-26 03:00,2,29.324,7.92,7.62,135.109,7.898,3.58,,0.072,1.096,,,2026-07-26 03:39:54
湖北省,长江流域,兰溪大桥,2026-07-26 03:00,3,29.619,7.92,9,146.785,12.285,4.61,0.044,0.073,1.071,,,2026-07-26 03:39:54
湖北省,长江流域,蕲春县八里湖,2026-07-26 02:00,3,29.61,7,6.04,137.5824,119.35,3.88,0.334,0.194,2.594,,,2026-07-26 03:39:54
湖北省,长江流域,咸宁湖心,2026-07-26 03:00,4,31.95,8.58,8.14,173.986,19.878,6.28,0.038,0.059,1.283,0.01253,4.05686,2026-07-26 03:39:54
湖北省,长江流域,富水水库,2026-07-26 02:00,3,31,,10.05,207.6064,13.41,4.2,0.034,0.034,0.967,0.01,1.22052,2026-07-26 03:39:54
湖北省,长江流域,窑嘴大桥,2026-07-26 02:00,4,29.02,7.21,4.14,260.3598,33.36,2.75,0.2,0.101,1.942,,,2026-07-26 03:39:54
湖北省,长江流域,陆溪口,2026-07-26 03:00,2,29.6,7.91,8.61,200.82,16.08,4,0.16,0.062,1.521,,,2026-07-26 03:39:54
湖北省,长江流域,洪下水文站,2026-07-26 03:00,2,29,8.13,8.86,167.2,5.17,1.6,,0.059,1.057,,,2026-07-26 03:39:54
湖北省,长江流域,厉山,2026-07-26 02:00,4,30.24,7.61,4.32,447.643,30.87,4.31,0.036,0.077,3.2502,,,2026-07-26 03:39:54
湖北省,长江流域,平林,2026-07-26 03:00,4,33.35,8.91,8.88,327.308,9.661,9.23,0.031,0.154,1.645,,,2026-07-26 03:39:54
湖北省,长江流域,涢水大桥,2026-07-26 02:00,2,32.96,8.08,8.66,397.218,17.61,3.97,0.003,0.075,0.6548,,,2026-07-26 03:39:54
湖北省,长江流域,江口村,2026-07-26 03:00,1,31.2,8.69,11.21,156.35,5.134,1,0.001,0.016,1.086,,,2026-07-26 03:39:54
湖北省,长江流域,恩施大沙坝,2026-07-26 03:00,2,25.87,7.92,8.47,327.54,10.1,1.83,0.349,0.085,3.859,,,2026-07-26 03:39:54
湖北省,长江流域,雪照河,2026-07-26 03:00,2,22.5,8.3,8.14,320.97,14.698,1.36,,0.068,3.367,,,2026-07-26 03:39:54
湖北省,长江流域,周家坝,2026-07-26 03:00,2,22.17,7.86,7.95,240.9,12.594,1.37,,0.028,1.875,,,2026-07-26 03:39:54
湖北省,长江流域,百福司镇,2026-07-26 03:00,2,23.92,7.85,8.5,218.465,2.799,0.82,0.023,0.026,1.31,,,2026-07-26 03:39:54
湖北省,长江流域,长顺乡,2026-07-26 03:00,1,22.044,7.57,9.55,215.325,7.5581,0.7,0.012,0.013,1.358,,,2026-07-26 03:39:54
湖北省,长江流域,黄腊石,2026-07-26 02:00,2,26.456,7.58,7.03,331.639,20.358,1.65,0.01,0.041,1.798,,,2026-07-26 03:39:54
湖北省,长江流域,乐坪桥,2026-07-26 03:00,2,22.918,7.85,8.32,224.012,11.827,0.5,0.005,0.023,1.202,,,2026-07-26 03:39:54
湖北省,长江流域,积玉口荷花村,2026-07-26 02:00,4,33.5,7.3,3.22,376.7651,36.8444,3.48,0.085,0.123,1.19,,,2026-07-26 03:39:54
湖北省,长江流域,潜江大桥,2026-07-26 02:00,3,32.65,7.51,5.28,537.5792,20.75,1.96,0.211,0.043,1.236,,,2026-07-26 03:39:54
湖北省,长江流域,运粮湖同心队,2026-07-26 03:00,6,32.334,7.38,1.8,401.05,45.325,3.57,0.098,0.113,1.501,,,2026-07-26 03:39:54
湖北省,长江流域,岳口,2026-07-26 02:00,2,29.7,7.95,6.93,359.4,27.47,2.34,0.046,0.057,1.498,,,2026-07-26 03:39:54
湖北省,长江流域,拖市,2026-07-26 03:00,6,31.97,7.22,1.8,671,23.357,11.5,0.594,0.239,2.6112,,,2026-07-26 03:39:54
湖北省,长江流域,阳日湾,2026-07-26 03:00,2,23.541,8,7.63,328.139,27.256,0.81,0.045,0.059,0.9943,,,2026-07-26 03:39:54
湖南省,长江流域,昭山,2026-07-26 03:00,3,31.2,7.2,5.3,219.4,14,1.5,,0.057,1.409,,,2026-07-26 03:39:54
湖南省,长江流域,捞刀河口,2026-07-26 03:00,2,31.87,7.3,6.31,201.8,12.8607,1.43,0.039,0.066,1.473,,,2026-07-26 03:39:54
湖南省,长江流域,三角洲,2026-07-26 03:00,4,28.66,6.89,4.5,145.28,28.1,1.97,0.096,0.136,2.344,,,2026-07-26 03:39:54
湖南省,长江流域,胜利,2026-07-26 03:00,2,29.87,7.29,7.84,207.07,7.02,3.2,0.052,0.048,1.27,,,2026-07-26 03:39:54
湖南省,长江流域,桔子洲,2026-07-26 02:00,3,31.53,7.62,5.5,245.3655,11.73,1.02,0.046,0.066,1.507,,,2026-07-26 03:39:54
湖南省,长江流域,湘东沿塘,2026-07-26 02:00,4,29.308,6.68,4.21,98.335,5.528,2.56,0.084,0.082,1.843,,,2026-07-26 03:39:54
湖南省,长江流域,马家河,2026-07-26 03:00,2,31.9,7.58,6.55,212.79,6.54,2.24,0.022,0.063,1.457,,,2026-07-26 03:39:54
湖南省,长江流域,西阳渡口,2026-07-26 03:00,2,30.73,8.45,12.57,257.06,272.528,2.56,,0.026,1.268,,,2026-07-26 03:39:54
湖南省,长江流域,舂陵水入湘江口,2026-07-26 03:00,2,31.2061,7.78,6.12,254.0054,6.6838,1.9,0.019,0.06,1.2834,,,2026-07-26 03:39:54
湖南省,长江流域,耒水入湘江口,2026-07-26 03:00,4,30.8914,7.39,4.35,265.0869,7.8105,2.03,0.02,0.082,1.69,,,2026-07-26 03:39:54
湖南省,长江流域,大河滩,2026-07-26 03:00,3,26.35,7.06,6.76,249.07,17.36,2.86,0.097,0.161,2.666,,,2026-07-26 03:39:54
湖南省,长江流域,草市镇,2026-07-26 03:00,2,30.8504,6.72,6.86,129.4005,11.0085,2,0.046,0.052,1.014,,,2026-07-26 03:39:54
湖南省,长江流域,洣水入湘江口,2026-07-26 03:00,2,31.635,7.75,6.94,132.74,9.29,2.53,0.034,0.042,0.991,,,2026-07-26 03:39:54
湖南省,长江流域,城北水厂,2026-07-26 02:00,2,30.4,7.87,6.62,193.3,8.22,1.38,0.05,0.063,1.2717,,,2026-07-26 03:39:54
湖南省,长江流域,蒸水入湘江口,2026-07-26 03:00,4,33.7469,7.54,4.29,264.9371,11.9224,3.55,0.012,0.142,1.834,,,2026-07-26 03:39:54
湖南省,长江流域,塘渡口,2026-07-26 03:00,2,26.65,7.64,7.48,126.9791,11.8122,1.35,,0.042,1.384,,,2026-07-26 03:39:54
湖南省,长江流域,窑市,2026-07-26 03:00,2,25.75,7.4,8.2,40.4047,7.0926,0.95,,0.027,0.485,,,2026-07-26 03:39:54
湖南省,长江流域,渡头村,2026-07-26 03:00,2,28.04,7.42,7.54,189.702,10.2426,3.14,0.065,0.07,1.397,,,2026-07-26 03:39:54
湖南省,长江流域,邵水入河口,2026-07-26 03:00,3,29.85,7.88,5.41,347.556,5.959,2.64,0.151,0.098,2.193,,,2026-07-26 03:39:54
湖南省,长江流域,绥宁河口镇,2026-07-26 03:00,2,23.6848,8.37,8.58,87.8614,13.1129,0.94,0.012,0.03,0.7686,,,2026-07-26 03:39:54
湖南省,长江流域,藕池河东支入境,2026-07-26 02:00,2,28.584,8.28,8.42,370.699,13.961,0.76,0.019,0.034,1.84,,,2026-07-26 03:39:54
湖南省,长江流域,岳阳楼,2026-07-26 03:00,4,31.21,7.47,5.41,229.3247,34.9509,1.71,0.001,0.064,1.3741,0.0010156,202184,2026-07-26 03:39:54
湖南省,长江流域,樟树港,2026-07-26 02:00,3,25.058,7.38,5.99,277.355,10.498,1.17,0.015,0.117,1.391,,,2026-07-26 03:39:54
湖南省,长江流域,城陵矶,2026-07-26 03:00,2,29.06,7.64,6.22,287.164,46.18475,1.21,0.001,0.046,1.6444,,,2026-07-26 03:39:54
湖南省,长江流域,荆江口,2026-07-26 02:00,2,30.7,7.69,7.02,383.5696,9.2635,0.72,0.066,0.047,1.932,,,2026-07-26 03:39:54
湖南省,长江流域,六门闸,2026-07-26 02:00,2,32.77,7.72,12.46,329.7115,7.24,1.59,0.018,0.061,1.357,,,2026-07-26 03:39:54
湖南省,长江流域,南渡,2026-07-26 03:00,3,29.55,6.82,6.09,100.38,12.79,1.52,0.113,0.115,1.592,,,2026-07-26 03:39:54
湖南省,长江流域,八仙桥,2026-07-26 02:00,2,32.04,8.01,12.15,116.0498,5.1454,3.77,0.048,0.065,1.3137,,,2026-07-26 03:39:54
湖南省,长江流域,坡头,2026-07-26 03:00,2,29.81,8.23,9.53,153.0388,18.60319,1.09,,0.032,1.4191,0.000937,,2026-07-26 03:39:54
湖南省,长江流域,蒋家嘴,2026-07-26 02:00,2,29.46,7.72,7.19,175.8302,20.234,1.31,0.052,0.023,1.0371,0.00257,2.3855,2026-07-26 03:39:54
湖南省,长江流域,澧水三江口,2026-07-26 02:00,2,30.99069,8.59,7.53,225.5178,6.53581,0.09,0.001,0.021,0.84255,,,2026-07-26 03:39:54
湖南省,长江流域,窑坡渡,2026-07-26 02:00,3,30.33,7.9,5.43,279.8281,12.521,2.41,0.117,0.041,1.1664,,,2026-07-26 03:39:54
湖南省,长江流域,马坡湖,2026-07-26 03:00,2,28.76,8.17,8.33,373.465,31.8278,1.4,,0.08,1.952,,,2026-07-26 03:39:54
湖南省,长江流域,陈家河,2026-07-26 03:00,2,28.573,7.92,8.46,182.753,1.893,0.89,0.081,0.033,1.135,,,2026-07-26 03:39:54
湖南省,长江流域,永定澄潭,2026-07-26 03:00,2,27,7.94,7.59,205.38,16.061,1.35,0.027,0.056,0.756,,,2026-07-26 03:39:54
湖南省,长江流域,万家嘴,2026-07-26 03:00,2,29.01,7.5,7.72,177.8554,21.79903,1.39,0.015,0.052,2.1831,0.001975,205512.8,2026-07-26 03:39:54
湖南省,长江流域,南嘴,2026-07-26 03:00,4,31.72,7.94,8.79,182.2603,80.81245,2.27,,0.053,1.2511,0.0375,780000.8,2026-07-26 03:39:54
湖南省,长江流域,小河嘴,2026-07-26 03:00,2,29.87,7.9,7.96,197.364,13.3969,1.16,,0.022,1.105,0.00271715,5.65272,2026-07-26 03:39:54
湖南省,长江流域,坪口,2026-07-26 03:00,2,28.9,7.74,7,221.1,6.019,1.43,0.011,0.029,1.609,,,2026-07-26 03:39:54
湖南省,长江流域,桃谷山,2026-07-26 03:00,2,28.78,7.72,7.05,192.248,18.0139,1.51,,0.056,1.928,,,2026-07-26 03:39:54
湖南省,长江流域,头山,2026-07-26 02:00,1,29.81,8.72,9.12,121.36,7.22,0.53,,0.009,0.6028,0.0145,3359000,2026-07-26 03:39:54
湖南省,长江流域,渡口大桥,2026-07-26 02:00,4,31.07,6.72,3.71,179.96,143.21,3.79,0.152,0.088,1.5715,,,2026-07-26 03:39:54
湖南省,长江流域,绿埠头,2026-07-26 03:00,2,27.33,7.72,8.07,169.31,5.3,0.78,0.006,0.035,1.225,,,2026-07-26 03:39:54
湖南省,长江流域,诸葛庙,2026-07-26 03:00,2,30.1,7.49,6.57,161.5,13.2,1.15,0.015,0.034,0.658,,,2026-07-26 03:39:54
湖南省,长江流域,五强溪,2026-07-26 03:00,2,30.03,8.23,8.89,172.912,2.541,1.18,0.008,0.026,1.127,,,2026-07-26 03:39:54
湖南省,长江流域,铜信溪电站,2026-07-26 02:00,1,28.27,8.03,7.82,250.48,5.24,0.75,0.036,0.015,1.498,,,2026-07-26 03:39:54
湖南省,长江流域,地阳坪公路大桥,2026-07-26 03:00,2,27.1,7.09,7.81,73.9759,6.5269,0.97,,0.038,0.473,,,2026-07-26 03:39:54
湖南省,长江流域,托口渠水,2026-07-26 03:00,2,28.22,7.73,7.58,70.9,5.362,1.78,0.008,0.031,0.75,,,2026-07-26 03:39:54
湖南省,长江流域,舞水入河口,2026-07-26 03:00,3,29.47,7.71,5.4,251.3,1.722,1.37,0.035,0.057,1.692,,,2026-07-26 03:39:54
湖南省,长江流域,溪子口,2026-07-26 03:00,2,23,7.51,8.12,235.4,1.764,0.45,0.012,0.025,1.373,,,2026-07-26 03:39:54
湖南省,长江流域,球溪,2026-07-26 03:00,2,28.768,7.52,6.71,190.24,2.809,1.55,0.014,0.066,1.398,,,2026-07-26 03:39:54
湖南省,长江流域,街埠头,2026-07-26 03:00,2,32.55,8.11,10.97,369.762,4.6629,2.88,0.048,0.045,1.879,,,2026-07-26 03:39:54
湖南省,长江流域,浦市上游,2026-07-26 03:00,2,29.01,7.41,6.65,189.27,6.46,0.95,,0.054,1.364,,,2026-07-26 03:39:54
湖南省,长江流域,里耶镇,2026-07-26 03:00,1,24.51,7.86,7.61,230.44,2.59,1.17,,0.019,1.374,,,2026-07-26 03:39:54
湖南省,长江流域,江口,2026-07-26 02:00,2,27.18,7.88,7.48,254.2302,2.7084,1.27,,0.016,1.343,,,2026-07-26 03:39:54
湖南省,长江流域,武水汇合口,2026-07-26 03:00,2,28.51,7.51,7.32,149.377,8.2829,1.19,,0.039,1.113,,,2026-07-26 03:39:54
广东省,珠江流域,蕉门,2026-07-26 03:00,2,28.497,7.72,6.82,257.139,100.666,2.7,0.007,0.053,2.368,,,2026-07-26 03:39:54
广东省,珠江流域,洪奇沥,2026-07-26 03:00,2,27.257,7.72,7.49,248.6,204.092,3.99,0.005,0.075,2.221,,,2026-07-26 03:39:54
广东省,珠江流域,莲花山,2026-07-26 03:00,3,29.525,6.82,5.44,285.668,63.256,3.63,,0.079,3.06,,,2026-07-26 03:39:54
广东省,珠江流域,流溪河山庄,2026-07-26 03:00,2,29.019,7.03,6.06,83.401,12.38,1.43,0.06,0.042,1.185,,,2026-07-26 03:39:54
广东省,珠江流域,官坦,2026-07-26 03:00,2,28.483,7.69,6.56,220.141,80.842,2.05,0.002,0.063,2.259,,,2026-07-26 03:39:54
广东省,珠江流域,大龙涌口,2026-07-26 03:00,3,27.692,7.39,5.68,198.169,88.633,2.1,0.006,0.068,3.21,,,2026-07-26 03:39:54
广东省,珠江流域,九龙潭,2026-07-26 03:00,2,28.366,6.3,7.53,65.991,62.9,0.93,0.031,0.053,1.568,,,2026-07-26 03:39:54
广东省,珠江流域,增江口,2026-07-26 03:00,2,29.504,6.97,7.64,68.537,105.186,1.54,0.058,0.046,1.475,,,2026-07-26 03:39:54
广东省,珠江流域,鸦岗,2026-07-26 03:00,4,30.66,7.13,3.8,256.6,43.47,2.87,0.28,0.125,2.649,,,2026-07-26 03:39:54
广东省,珠江流域,大墩,2026-07-26 02:00,3,30.558,7,5.21,,23.238,1.48,0.044,0.074,1.745,,,2026-07-26 03:39:54
广东省,珠江流域,十里亭,2026-07-26 03:00,2,28.933,7.85,6.88,216.926,15.772,0.94,0.017,0.043,1.216,,,2026-07-26 03:39:54
广东省,珠江流域,长坝,2026-07-26 03:00,2,29.407,7.06,6.46,91.243,17.913,1.66,0.016,0.04,1.097,,,2026-07-26 03:39:54
广东省,珠江流域,高桥,2026-07-26 02:00,2,27.92516,7.49,6.19,,27.14555,2.03,0.045,0.068,1.16332,,,2026-07-26 03:39:54
广东省,珠江流域,深圳河口,2026-07-26 02:00,4,30.11481,6.9,3.38,436.1203,36.10695,4.22,0.294,0.156,4.47176,,,2026-07-26 03:39:54
广东省,珠江流域,小漠桥,2026-07-26 03:00,1,25.628,8.01,7.84,47157.44,1085.323,1.18,0.032,0.019,0.653,,,2026-07-26 03:39:54
广东省,珠江流域,共和村,2026-07-26 03:00,4,29.878,7.33,4.83,650.702,18.514,4.44,0.904,0.176,6.832,,,2026-07-26 03:39:54
广东省,珠江流域,珠海大桥,2026-07-26 03:00,2,27.7,7.79,6.93,263.569,95.685,1.83,,0.074,2.466,,,2026-07-26 03:39:54
广东省,珠江流域,石角咀水闸,2026-07-26 03:00,5,30.69,6.93,2.44,461.428,81.22,4.06,0.951,0.194,3.301,,,2026-07-26 03:39:54
广东省,珠江流域,鸡啼门大桥,2026-07-26 03:00,2,28.06,7.64,6.46,271.4,52.44,1.19,,0.083,2.526,,,2026-07-26 03:39:54
广东省,珠江流域,布洲,2026-07-26 03:00,4,26.8,7.64,7.23,224.787,140.923,9.44,,,3.112,,,2026-07-26 03:39:54
广东省,珠江流域,隆都,2026-07-26 03:00,2,28.754,7.21,6.29,119.952,18.821,1.23,0.004,0.026,1.484,,,2026-07-26 03:39:54
广东省,珠江流域,海门湾桥闸,2026-07-26 03:00,4,28.88,7.26,7.08,1012.09,21.18,4.49,1.379,0.152,3.771,,,2026-07-26 03:39:54
广东省,珠江流域,升平,2026-07-26 02:00,2,28.351,7.67,6.58,19798.48,23.888,2.43,0.003,0.054,1.728,,,2026-07-26 03:39:54
广东省,珠江流域,外砂,2026-07-26 03:00,2,29.518,7.18,6.44,117.544,10.591,1.74,0.04,0.046,1.514,,,2026-07-26 03:39:54
广东省,珠江流域,莲阳桥闸,2026-07-26 03:00,2,23.046,7.48,8.45,117.491,9.414,1.34,0.007,0.043,1.433,,,2026-07-26 03:39:54
广东省,珠江流域,大衙,2026-07-26 02:00,3,33.074,6.91,5.84,134.398,9.505,1.39,0.003,0.062,1.47104,,,2026-07-26 03:39:54
广东省,珠江流域,平洲,2026-07-26 03:00,2,28.376,7.56,6.84,188.502,90.192,2.6,0.013,0.026,2.82,,,2026-07-26 03:39:54
广东省,珠江流域,乌洲,2026-07-26 03:00,2,27.634,7.71,6.62,197.502,26.268,1.55,0.008,0.055,2.6,,,2026-07-26 03:39:54
广东省,珠江流域,古劳,2026-07-26 02:00,2,27.54052,7.27,6.66,229.9136,88.2962,1.9,,0.065,2.0692,,,2026-07-26 03:39:54
广东省,珠江流域,苍山渡口,2026-07-26 03:00,3,28.95,7.41,6.14,482.104,31.479,2.04,0.036,0.121,2.12,,,2026-07-26 03:39:54
广东省,珠江流域,牛湾,2026-07-26 03:00,4,29.72,6.64,3.12,120.23,33.52,4.32,0.221,0.178,2.075,,,2026-07-26 03:39:54
广东省,珠江流域,渠首,2026-07-26 03:00,3,30.43,8.59,7.49,120.92,16.75,5.22,0.011,0.026,0.894,0.01548,5630986,2026-07-26 03:39:54
广东省,珠江流域,黄坡,2026-07-26 03:00,4,31.96,6.97,4.18,151.02,23.1,3.99,,0.098,1.939,,,2026-07-26 03:39:54
广东省,珠江流域,山角,2026-07-26 03:00,6,31.66,9.06,15.98,125.24,13.5,5.97,,0.107,2.279,,,2026-07-26 03:39:54
广东省,珠江流域,运河管理局,2026-07-26 03:00,3,31.45,8.21,7.89,131.31,39.09,5.21,,0.029,0.846,,,2026-07-26 03:39:54
广东省,珠江流域,排里,2026-07-26 03:00,4,31.28,6.86,6.35,146.52,18.79,6.57,0.099,0.218,2.574,,,2026-07-26 03:39:54
广东省,珠江流域,南渡河桥,2026-07-26 03:00,4,32.31,6.48,3.49,195.05,28.47,6,,0.08,2.962,,,2026-07-26 03:39:54
广东省,珠江流域,营仔,2026-07-26 03:00,4,30.2,6.78,4.66,177.16,15.7,6.07,0.188,0.159,2.751,,,2026-07-26 03:39:54
广东省,珠江流域,黄竹尾水闸,2026-07-26 03:00,4,30.67,6.98,4.36,125.33,39.71,3.62,0.128,0.15,2.478,,,2026-07-26 03:39:54
广东省,珠江流域,塘口,2026-07-26 03:00,3,29.72,6.82,5.2,102.3,50.5,3.05,0.093,0.166,2.384,,,2026-07-26 03:39:54
广东省,珠江流域,石碧,2026-07-26 02:00,4,31.548,6.3,4.99,280.38,40.866,4.92,0.336,0.202,3.167,,,2026-07-26 03:39:54
广东省,珠江流域,石骨水库,2026-07-26 02:00,-1,,,,,,,,,,,,2026-07-26 03:39:54
广东省,珠江流域,良德水库,2026-07-26 03:00,2,30.98,8.53,9.29,65.646,10.948,1.95,,0.012,0.329,0.00522,782108,2026-07-26 03:39:54
广东省,珠江流域,江口门,2026-07-26 01:00,3,29.29,6.76,6.29,111.75,50.84,3.65,0.172,0.177,2.388,,,2026-07-26 03:39:54
广东省,珠江流域,米急渡,2026-07-26 03:00,3,29.35,7.06,5.9,92.938,44.841,1.81,0.078,0.099,1.911,,,2026-07-26 03:39:54
广东省,珠江流域,梁村,2026-07-26 03:00,2,28.8563,7.52,7.01,151.7065,51.26263,1.75,0.01,0.076,2.209,,,2026-07-26 03:39:54
广东省,珠江流域,封开城上,2026-07-26 03:00,2,27.369,7.52,7.17,239.361,156.482,3.51,0.009,0.08,4.47,,,2026-07-26 03:39:54
广东省,珠江流域,白沙街,2026-07-26 02:00,2,28.144,7.42,7.39,146.403,33.205,1.2,0.047,0.053,1.435,,,2026-07-26 03:39:54
广东省,珠江流域,黄岗,2026-07-26 03:00,2,27.486,7.45,6.7,214.122,103.591,2.86,0.016,0.032,3.7,,,2026-07-26 03:39:54
广东省,珠江流域,永安,2026-07-26 03:00,2,27.483,7.55,7.16,204.711,124.056,3.12,0.009,0.065,3.71,,,2026-07-26 03:39:54
广东省,珠江流域,东江江口,2026-07-26 03:00,2,25.59,7.06,6.82,90.21426,57.95414,1.82,0.017,0.048,1.947,,,2026-07-26 03:39:54
广东省,珠江流域,博罗城下,2026-07-26 03:00,3,28.868,6.89,5.51,118.77,27.295,1.77,0.048,0.075,1.955,,,2026-07-26 03:39:54
广东省,珠江流域,惠州汝湖,2026-07-26 03:00,2,25.914,7.45,7.58,92.798,20.68,1.48,0.002,0.053,1.503,,,2026-07-26 03:39:54
广东省,珠江流域,沙河河口,2026-07-26 03:00,3,29.624,6.89,5.57,169.389,38.007,2.46,0.188,0.104,2.339,,,2026-07-26 03:39:54
广东省,珠江流域,马安大桥下,2026-07-26 03:00,3,28.87,6.65,5.54,71.322,22.519,2.79,0.076,0.081,1.719,,,2026-07-26 03:39:54
广东省,珠江流域,虎爪断桥,2026-07-26 03:00,5,27.345,7.32,5.96,333.889,239.876,6.55,1.715,0.318,6.424,,,2026-07-26 03:39:54
广东省,珠江流域,公庄河口,2026-07-26 02:00,3,30,7.15,6.56,135.3,47.7,2.79,0.004,0.121,1.537,,,2026-07-26 03:39:54
广东省,珠江流域,青溪,2026-07-26 02:00,4,27.39685,6.83,3.05,114.5131,5.09211,1.15,0.018,0.055,1.38952,,,2026-07-26 03:39:54
广东省,珠江流域,大麻,2026-07-26 03:00,3,29.081,6.78,5.12,134.817,41.645,1.78,0.009,0.06,1.989,,,2026-07-26 03:39:54
广东省,珠江流域,西阳电站,2026-07-26 03:00,3,30.172,7,5.94,133.493,16.583,2.63,0.059,0.051,1.688,,,2026-07-26 03:39:54
广东省,珠江流域,五丰渡口,2026-07-26 03:00,2,28.83,6.88,6.39,95.2,37.77,1.9,0.31,0.056,4.3242,,,2026-07-26 03:39:54
广东省,珠江流域,新铺,2026-07-26 03:00,3,29.18,7.22,5.76,113.473,13.981,1.59,0.146,0.041,1.7127,,,2026-07-26 03:39:54
广东省,珠江流域,海丰西闸,2026-07-26 03:00,2,29.28,6.94,7.28,51.5,23.3,3.33,0.086,0.043,0.319,,,2026-07-26 03:39:54
广东省,珠江流域,陆丰半湾水闸,2026-07-26 03:00,4,27.518,6.98,7.52,55.928,63.1,1.62,1.067,,1.72,,,2026-07-26 03:39:54
广东省,珠江流域,东溪水闸,2026-07-26 03:00,4,29.35,7.26,7.12,387.17,69.958,7.73,0.184,0.111,1.505,,,2026-07-26 03:39:54
广东省,珠江流域,庙咀里,2026-07-26 03:00,3,29.531,6.86,5.8,119.46,13.973,2,0.045,0.034,1.379,,,2026-07-26 03:39:54
广东省,珠江流域,龙川城铁路桥,2026-07-26 03:00,4,27.418,6.57,4.77,103.042,32.358,2.58,0.002,0.046,1.926,,,2026-07-26 03:39:54
广东省,珠江流域,江城,2026-07-26 03:00,3,29.89,6.83,6.57,115.9,28.886,2.66,0.1,0.137,1.205,,,2026-07-26 03:39:54
广东省,珠江流域,尖山,2026-07-26 03:00,3,30.85,6.6,6.48,113.91,10.58,3.54,0.058,0.151,2.07,,,2026-07-26 03:39:54
广东省,珠江流域,埠场,2026-07-26 03:00,3,29.63,6.81,6.18,134.478,17.975,2.36,0.12,0.128,1.746,,,2026-07-26 03:39:54
广东省,珠江流域,大泉,2026-07-26 03:00,4,31.06,6.78,3.48,265.1,22.2,4.87,0.385,0.192,1.441,,,2026-07-26 03:39:54
广东省,珠江流域,北江石尾,2026-07-26 02:00,1,26.758,8.1,7.92,180.862,19.085,0.89,,,1.063,,,2026-07-26 03:39:54
广东省,珠江流域,石角,2026-07-26 03:00,2,28.7181,7.75,8.22,181.1515,30.44196,1.49,0.005,0.044,1.636,,,2026-07-26 03:39:54
广东省,珠江流域,连江西牛,2026-07-26 03:00,2,27.139,7.78,7.68,199.372,15.574,1.37,0.008,0.045,1.463,,,2026-07-26 03:39:54
广东省,珠江流域,樟村,2026-07-26 03:00,5,31.25,6.93,2.73,399.084,22.37,3.82,0.859,0.16,5.058,,,2026-07-26 03:39:54
广东省,珠江流域,沙田泗盛,2026-07-26 02:00,4,30.25,6.46,3.12,225.99,48.71,3.35,0.099,0.088,2.599,,,2026-07-26 03:39:54
广东省,珠江流域,旗岭,2026-07-26 03:00,6,29.38,7.03,0.96,353.11,129.11,3.99,0.56,0.37,4.979,,,2026-07-26 03:39:54
广东省,珠江流域,石龙南河,2026-07-26 02:00,3,30.22,6.9,5.17,136.442,22.854,2,0.016,0.078,1.528,,,2026-07-26 03:39:54
广东省,珠江流域,中山港码头,2026-07-26 03:00,3,27.68,7.65,7.08,239.17,91.62,2.51,0.139,0.103,3.046,,,2026-07-26 03:39:54
广东省,珠江流域,赤凤,2026-07-26 03:00,2,29.01,7.08,6.13,131.03,38.09,1.57,0.032,0.1,1.757,,,2026-07-26 03:39:54
广东省,珠江流域,凤江桥,2026-07-26 03:00,2,28.511,7.1,6.46,117.239,62.223,2.83,0.092,0.097,1.952,,,2026-07-26 03:39:54
广东省,珠江流域,隆溪大道桥,2026-07-26 03:00,3,28.187,6.63,5.84,67.7,48.78,1.63,0.092,0.03,1.425,,,2026-07-26 03:39:54
广东省,珠江流域,龙石,2026-07-26 03:00,5,30.518,6.86,2.11,204.103,29.044,3.41,0.954,0.123,3.243,,,2026-07-26 03:39:54
广东省,珠江流域,龟山塔,2026-07-26 03:00,2,29.6,7.02,6.3,77.901,15.533,1.23,0.089,0.079,1.2357,,,2026-07-26 03:39:54
广东省,珠江流域,古封,2026-07-26 02:00,2,27.41,7.63,7.36,226.14,91.84,2.17,0.071,0.054,2.714,,,2026-07-26 03:39:54
广东省,珠江流域,都骑,2026-07-26 03:00,2,26.983,7.53,8.36,224.972,84.164,2.82,0.002,0.072,3.401,,,2026-07-26 03:39:54
广西壮族自治区,珠江流域,老口,2026-07-26 03:00,2,28.87129,7.78,6.44,292.8866,24.46112,1.22,,0.042,2.99905,,,2026-07-26 03:39:54
广西壮族自治区,珠江流域,叮当,2026-07-26 03:00,2,29.17,7.66,6.72,320.242,18.574,1.87,0.042,0.085,4.5966,,,2026-07-26 03:39:54
广西壮族自治区,珠江流域,六景,2026-07-26 03:00,2,28.88,7.76,6.63,305.67,16.92,1.68,,0.042,2.448,,,2026-07-26 03:39:54
广西壮族自治区,珠江流域,雁江,2026-07-26 02:00,3,27.83856,8.04,5.8,318.0309,19.39618,1.22,0.02,0.022,2.23396,,,2026-07-26 03:39:54
广西壮族自治区,珠江流域,上中,2026-07-26 02:00,2,29.63,7.75,6.87,341.8987,10.01717,1.34,0.022,0.029,2.99576,,,2026-07-26 03:39:54
广西壮族自治区,珠江流域,白马,2026-07-26 03:00,2,27.29,7.67,6.02,318.62,53.72,2.06,,0.048,2.705,,,2026-07-26 03:39:54
广西壮族自治区,珠江流域,露塘,2026-07-26 02:00,2,25.21,7.64,9.31,149.0864,137.9089,1.35,0.226,0.033,2.28671,,,2026-07-26 03:39:54
广西壮族自治区,珠江流域,龙溪,2026-07-26 03:00,2,26.086,7.38,7.66,113.532,7.669,0.66,0.004,0.026,1.403,,,2026-07-26 03:39:54
广西壮族自治区,珠江流域,阳朔,2026-07-26 02:00,2,26.8,7.6,7.21,163.425,7.1,1.24,0.003,0.041,1.5481,,,2026-07-26 03:39:54
广西壮族自治区,珠江流域,交州,2026-07-26 03:00,1,23.704,7.15,9.3,47.978,18.633,0.28,0.01,0.012,0.765,,,2026-07-26 03:39:54
广西壮族自治区,珠江流域,京南,2026-07-26 02:00,2,26.74219,7.31,9.93,177.587,19.57064,0.99,0.025,0.056,1.5786,,,2026-07-26 03:39:54
广西壮族自治区,珠江流域,亚桥,2026-07-26 02:00,4,27.71,6.9,,145.529,43.085,3.71,0.049,0.233,2.393,,,2026-07-26 03:39:54
广西壮族自治区,珠江流域,东边埇,2026-07-26 03:00,3,28.05,6.47,7.14,71.6179,77.4955,1.82,0.048,0.124,2.302,,,2026-07-26 03:39:54
广西壮族自治区,珠江流域,南域,2026-07-26 02:00,3,28.84,6.7,6.68,107.9031,34.96429,4.26,0.103,0.098,2.67921,,,2026-07-26 03:39:54
广西壮族自治区,珠江流域,西门江,2026-07-26 03:00,4,30.19,6.72,3.98,245.488,37.559,3.58,0.297,0.188,3.0846,,,2026-07-26 03:39:54
广西壮族自治区,珠江流域,边贸码头,2026-07-26 03:00,2,28.16,6.61,7.77,54.37,17.01,1.45,0.122,0.068,1.347,,,2026-07-26 03:39:54
广西壮族自治区,珠江流域,高塘,2026-07-26 03:00,3,28.75,6.1,6.91,56.22,122.03,3.23,0.083,0.118,2.408,,,2026-07-26 03:39:54
广西壮族自治区,珠江流域,茅岭大桥,2026-07-26 03:00,2,28.44,6.01,7.03,52.94,42.27,2.31,0.04,0.062,1.111,,,2026-07-26 03:39:54
广西壮族自治区,珠江流域,钦江东,2026-07-26 02:00,2,27.71694,7.17,6.18,174.664,209.81,3.96,0.195,0.078,1.6557,,,2026-07-26 03:39:54
广西壮族自治区,珠江流域,高速公路西桥,2026-07-26 03:00,4,29.72,6.46,3.05,543.11,81.23,5.31,0.384,0.192,2.521,,,2026-07-26 03:39:54
广西壮族自治区,珠江流域,武林渡口,2026-07-26 03:00,2,27.516,7.31,7.57,248.409,121.337,2.3,0.051,0.064,3.87,,,2026-07-26 03:39:54
广西壮族自治区,珠江流域,火电厂,2026-07-26 03:00,3,29.139,7.5,5.52,281.676,25.334,2.22,0.001,0.069,2.494,,,2026-07-26 03:39:54
广西壮族自治区,珠江流域,自良渡口,2026-07-26 02:00,2,28.46,6.95,6.21,121.1507,33.01161,2.08,0.046,0.089,2.02593,,,2026-07-26 03:39:54
广西壮族自治区,珠江流域,横塘,2026-07-26 02:00,4,29.38,7.01,6.7,169.2003,36.18387,3.69,0.007,0.212,3.24744,,,2026-07-26 03:39:54
广西壮族自治区,珠江流域,隘屯,2026-07-26 03:00,2,25.62245,8.09,9.27,361.9427,12.07256,0.54,0.012,0.027,1.973346,,,2026-07-26 03:39:54
广西壮族自治区,珠江流域,公篓,2026-07-26 03:00,2,24.81,7.82,6.58,260.57,6.6,1.26,0.081,0.031,1.428,,,2026-07-26 03:39:54
广西壮族自治区,珠江流域,桂花,2026-07-26 02:00,2,25.6,7.38,8.01,159.6414,10.4282,0.88,0.018,0.048,1.54696,,,2026-07-26 03:39:54
广西壮族自治区,珠江流域,贺街,2026-07-26 03:00,2,27.32,7.64,7.48,156.57,23.397,0.81,0.037,0.048,1.106,,,2026-07-26 03:39:54
广西壮族自治区,珠江流域,杨民,2026-07-26 03:00,1,26.018,7.8,7.79,306.257,5.144,1.6,0.021,0.017,1.895,,,2026-07-26 03:39:54
广西壮族自治区,珠江流域,岩滩水库,2026-07-26 03:00,2,24.786,8.02,7.39,326.218,4.239,0.41,0.03,0.005,2.035,0.00404,666304.2,2026-07-26 03:39:54
广西壮族自治区,珠江流域,垒亭,2026-07-26 02:00,1,24.70655,7.75,8.05,346.1844,51.65315,1.01,0.011,0.015,1.86559,,,2026-07-26 03:39:54
广西壮族自治区,珠江流域,象州运江老街,2026-07-26 03:00,2,26.401,7.67,8.27,164.016,47.626,0.94,0.002,0.033,1.652,,,2026-07-26 03:39:54
广西壮族自治区,珠江流域,勒马,2026-07-26 03:00,2,26.166,7.81,7.49,247.17,47.093,0.92,0.01,0.032,2.98,,,2026-07-26 03:39:54
广西壮族自治区,珠江流域,上金,2026-07-26 03:00,4,29.92,6.83,4.98,132.6583,49.0102,2.22,,0.028,2.2971,,,2026-07-26 03:39:54
广西壮族自治区,珠江流域,渠立,2026-07-26 03:00,2,28.75,7.87,8.6,315.124,15.545,1.27,,0.03,2.131,,,2026-07-26 03:39:54
广西壮族自治区,珠江流域,棉江,2026-07-26 03:00,2,28.77,7.47,6.73,251.526,17.529,1.42,0.006,0.023,2.0367,,,2026-07-26 03:39:54
海南省,珠江流域,龙塘,2026-07-26 02:00,3,31.8,6.93,5.38,114.1,13.3,3.73,0.021,0.088,1.177,,,2026-07-26 03:39:54
海南省,珠江流域,儒房,2026-07-26 03:00,2,31.8,8.18,9.96,15459,5.5,2.81,0.065,0.043,1.029,,,2026-07-26 03:39:54
海南省,珠江流域,后黎村,2026-07-26 03:00,3,32.3,7.3,5.26,99.3,7.7,2.39,,0.041,0.768,,,2026-07-26 03:39:54
海南省,珠江流域,林家村,2026-07-26 03:00,3,32.6,6.3,5.24,260.78,11.11,1.45,0.068,0.019,2.249,,,2026-07-26 03:39:54
海南省,珠江流域,崖城大桥,2026-07-26 03:00,2,29.1,6.68,7.47,96.65,42.1,1.98,0.004,0.03,2.193,,,2026-07-26 03:39:54
海南省,珠江流域,藤桥河大桥,2026-07-26 03:00,2,31.56,8.28,8.48,1397.71,2.95,2.28,,0.028,1.057,,,2026-07-26 03:39:54
海南省,珠江流域,松涛水库南丰库心,2026-07-26 02:00,2,31.73642,7.7,6.76,77.72551,0.5424097,0.74,0.001,0.005,0.1653638,0.01366618,865022.5,2026-07-26 03:39:54
海南省,珠江流域,上村桥,2026-07-26 03:00,4,31.9,7.14,4.47,520.4,30.1,3.47,0.024,0.076,1.174,,,2026-07-26 03:39:54
海南省,珠江流域,中和桥,2026-07-26 03:00,3,31.8,7.21,7.38,207.5,17,4.01,0.035,0.091,0.703,,,2026-07-26 03:39:54
海南省,珠江流域,汀洲,2026-07-26 02:00,2,30.82,6.62,6.42,73.46,6.89,1.56,0.01,0.032,0.669,,,2026-07-26 03:39:54
海南省,珠江流域,龙江,2026-07-26 02:00,2,29.71,6.74,7.16,74.06,3.87,1.8,0.011,0.027,0.567,,,2026-07-26 03:39:54
海南省,珠江流域,溪仔村,2026-07-26 03:00,2,30.2,7.38,9.04,86.1,5.18,2.11,0.002,0.026,0.42,,,2026-07-26 03:39:54
海南省,珠江流域,羊头外村桥,2026-07-26 03:00,4,33.46,7.6,7.64,157.2,29.04,7.8,0.049,0.105,1.779,,,2026-07-26 03:39:54
海南省,珠江流域,农垦橡胶所一队,2026-07-26 03:00,2,30.6,6.93,6.77,78.9,5.1,1.37,0.003,0.021,1.155,,,2026-07-26 03:39:54
海南省,珠江流域,水涯新区,2026-07-26 03:00,2,32.5,6.89,6.41,1413.3,9.4,3.22,0.089,0.052,0.948,,,2026-07-26 03:39:54
海南省,珠江流域,分洪桥,2026-07-26 03:00,3,32.55,7.7,11.95,86.03,22.18,4.16,,0.03,0.449,,,2026-07-26 03:39:54
海南省,珠江流域,后山村,2026-07-26 03:00,4,32.4,6.69,3.1,136.143,28.0346,4.39,0.566,0.169,2.542,,,2026-07-26 03:39:54
海南省,珠江流域,大广坝水库出口,2026-07-26 03:00,4,28.317,7.16,3.84,92.06,35.457,2.06,,0.021,0.915,0.005586,1424890,2026-07-26 03:39:54
海南省,珠江流域,罗带铁路桥,2026-07-26 03:00,3,31.9,8.87,16.2,27295.5,4.6,5.16,0.208,0.168,0.862,,,2026-07-26 03:39:54
海南省,珠江流域,山口,2026-07-26 03:00,2,32.78,7.41,7.27,107.7,14.5,2.23,0.004,0.02,0.335,,,2026-07-26 03:39:54
海南省,珠江流域,白仞滩电站,2026-07-26 03:00,4,31.7,7.29,4.11,168.8,7.2,3.63,0.053,0.078,1.586,,,2026-07-26 03:39:54
海南省,珠江流域,大风,2026-07-26 03:00,2,30.34008,6.82,6.05,107.658,17.75137,2.62,0.004,0.041,1.172893,,,2026-07-26 03:39:54
海南省,珠江流域,叉河口,2026-07-26 03:00,2,31.2,7.61,7.98,153,17.2,2.82,0.008,0.061,1.542,,,2026-07-26 03:39:54
海南省,珠江流域,乐中,2026-07-26 03:00,2,31.1,7.98,8.16,103.5,18.1,1.58,,0.022,0.476,,,2026-07-26 03:39:54
海南省,珠江流域,跨界桥,2026-07-26 03:00,2,31.8,8.34,11.71,107.5,10.6,2.91,0.005,0.035,0.674,,,2026-07-26 03:39:54
海南省,珠江流域,群英大坝,2026-07-26 03:00,2,30.5,8.31,10.87,84.9,10,2.22,0.003,0.037,0.724,,,2026-07-26 03:39:54
海南省,珠江流域,大溪村,2026-07-26 03:00,2,31,7.36,6.21,286.2,11,2.82,0.104,0.057,0.852,,,2026-07-26 03:39:54
重庆市,长江流域,晒网坝,2026-07-26 03:00,2,26.49,7.88,6.44,342.1934,40.3909,1.4,,0.054,2.106,,,2026-07-26 03:39:54
重庆市,长江流域,向家,2026-07-26 03:00,2,26.23,7.67,8.49,194.981,22.291,3.45,,0.049,1.113,,,2026-07-26 03:39:54
重庆市,长江流域,磨刀溪长滩,2026-07-26 03:00,6,26.58,9.21,25.03,176.012,13.768,4.59,0.075,0.046,1.067,,,2026-07-26 03:39:54
重庆市,长江流域,清溪场,2026-07-26 02:00,2,,,,,,1.82,,0.056,1.54,,,2026-07-26 03:39:54
重庆市,长江流域,木瓜洞,2026-07-26 02:00,3,32.99,8.23,9.09,362.7757,17.0369,4.7,0.004,0.058,0.895,,,2026-07-26 03:39:54
重庆市,长江流域,寸滩,2026-07-26 03:00,2,25.78,7.97,7.48,403.952,30.155,1.86,0.11,0.054,1.58,,,2026-07-26 03:39:54
重庆市,长江流域,和尚山,2026-07-26 03:00,2,26.47,7.97,6.9,386.37,48.3,2.2,0.022,0.029,1.06,,,2026-07-26 03:39:54
重庆市,长江流域,北温泉,2026-07-26 03:00,2,30.32,7.83,7.05,432.197,7.69903,2.03,0.016,0.016,1.314,,,2026-07-26 03:39:54
重庆市,长江流域,寨溪大桥,2026-07-26 03:00,2,31.21,7.87,13.95,1032.351,15.2747,2.14,,0.018,1.671,,,2026-07-26 03:39:54
重庆市,长江流域,石门坎,2026-07-26 03:00,1,26.43,8.07,7.75,470.64,3.8,0.7,,0.007,1.507,,,2026-07-26 03:39:54
重庆市,长江流域,玉滩水库,2026-07-26 02:00,2,30.81,7.74,6.66,411.544,12.33902,3.76,0.012,0.012,0.50476,0.04163146,4437940,2026-07-26 03:39:54
重庆市,长江流域,御临镇,2026-07-26 03:00,3,34.08,8.54,14.26,318.002,4.815,4.44,0.012,0.035,0.963,,,2026-07-26 03:39:54
重庆市,长江流域,黎家乡崔家岩村,2026-07-26 02:00,3,32.36,8.91,19.17,223.48,9.27,4.52,0.006,0.033,0.676,,,2026-07-26 03:39:54
重庆市,长江流域,运输桥,2026-07-26 02:00,4,26.01,7.56,4.21,379.6091,5.7828,4.4,0.045,0.082,2.241,,,2026-07-26 03:39:54
重庆市,长江流域,六剑滩,2026-07-26 03:00,3,32.14,8.27,8.76,296.5,20.66,5.82,0.02,0.087,1.626,,,2026-07-26 03:39:54
重庆市,长江流域,支坪街道,2026-07-26 03:00,2,31.95,8.18,6.99,541.8332,26.9439,1.11,,0.013,1.613,,,2026-07-26 03:39:54
重庆市,长江流域,江津大桥,2026-07-26 03:00,2,25,8.08,7.71,413.87,15.38,0.88,0.004,0.038,0.963,,,2026-07-26 03:39:54
重庆市,长江流域,朱杨溪,2026-07-26 03:00,3,32.67,8.33,6.12,610.04,29.59,5.6,,0.09,2.421,,,2026-07-26 03:39:54
重庆市,长江流域,北渡,2026-07-26 03:00,2,29.31,8.28,8.71,496.1323,15.61,1.36,,0.023,2.129,,,2026-07-26 03:39:54
重庆市,长江流域,白杨溪,2026-07-26 03:00,2,32.28,7.99,7.11,120.402,7.858,3.44,,0.025,0.85,,,2026-07-26 03:39:54
重庆市,长江流域,太和,2026-07-26 03:00,2,32.55,8.46,10.57,334.86,12.5,2.87,,0.02,0.906,,,2026-07-26 03:39:54
重庆市,长江流域,官渡,2026-07-26 03:00,2,33.91,8.35,23.19,282.0751,16.47,3.86,0.004,0.042,0.987,,,2026-07-26 03:39:54
重庆市,长江流域,临渡,2026-07-26 03:00,2,33.82,8,8.18,376.1,16.244,1.35,,0.03,1.071,,,2026-07-26 03:39:54
重庆市,长江流域,渠江码头,2026-07-26 03:00,2,32.81,8.15,12.1,297.46,15.905,3.57,0.003,0.031,1.272,,,2026-07-26 03:39:54
重庆市,长江流域,黄桷,2026-07-26 03:00,4,30.78,7.73,3.93,616.111,1.547,2.26,0.016,0.029,0.36,,,2026-07-26 03:39:54
重庆市,长江流域,朱沱,2026-07-26 03:00,2,24.96,8.06,7.29,407.2,19.68,0.88,0.009,0.055,1.462,,,2026-07-26 03:39:54
重庆市,长江流域,四明水厂,2026-07-26 03:00,4,32.01,8.04,6.94,360.2,39.1,7.78,,0.107,1.192,,,2026-07-26 03:39:54
重庆市,长江流域,金狮桥,2026-07-26 03:00,1,18.91,8.13,8.98,218.467,11.091,1.15,0.025,0.009,0.827,,,2026-07-26 03:39:54
重庆市,长江流域,璧南河两河口,2026-07-26 02:00,4,32.76,8.39,9.69,625.28,11.894,6.98,,0.091,1.212,,,2026-07-26 03:39:54
重庆市,长江流域,中和,2026-07-26 03:00,4,31.39,7.34,10.64,484.6,10.75,6.65,,0.045,0.919,,,2026-07-26 03:39:54
重庆市,长江流域,玉溪,2026-07-26 02:00,2,28.54,7.89,7.92,384.4929,24.598,2.24,0.02,0.063,1.606,,,2026-07-26 03:39:54
重庆市,长江流域,高洞电站,2026-07-26 02:00,3,34.08,8.2,14.07,522.393,13.342,5.66,0.001,0.03,1.893,,,2026-07-26 03:39:54
重庆市,长江流域,巫山乡,2026-07-26 03:00,3,28.29,8.34,7.46,247.055,14.761,4.11,,0.061,0.94,,,2026-07-26 03:39:54
重庆市,长江流域,上河坝,2026-07-26 03:00,3,26.79,8.24,7.95,,0.38,4.76,0.022,0.08,,,,2026-07-26 03:39:54
重庆市,长江流域,芙蓉洞码头,2026-07-26 03:00,1,29.61,8.82,16.2,171.14,11.08,1.73,0.001,0.017,1.005,,,2026-07-26 03:39:54
重庆市,长江流域,江口镇,2026-07-26 03:00,1,24.812,8.23,8.2,313.779,2.464,0.38,,0.01,1.709,,,2026-07-26 03:39:54
重庆市,长江流域,土堡寨,2026-07-26 03:00,1,20.32,8.25,8.88,444.739,5.814,0.22,0.017,0.007,1.015,,,2026-07-26 03:39:54
重庆市,长江流域,湖海场,2026-07-26 03:00,2,25.81,7.61,7.92,191.65,28.691,3.6,,0.075,1.585,,,2026-07-26 03:39:54
重庆市,长江流域,卫星桥,2026-07-26 03:00,3,31.58,8.09,5.55,291.2462,20.9748,4.91,0.008,0.043,1.034,,,2026-07-26 03:39:54
重庆市,长江流域,高洞梁,2026-07-26 03:00,2,32.94,7.88,9.12,419.005,24.372,2.95,,0.041,0.374,,,2026-07-26 03:39:54
重庆市,长江流域,苏家,2026-07-26 03:00,2,26.62,7.84,6.69,387.187,64.4315,1.69,0.013,0.063,2.448,,,2026-07-26 03:39:54
重庆市,长江流域,清水湖渡口,2026-07-26 03:00,6,29.74,9.02,15,178.501,4.3645,0.62,0.013,0.023,0.8354,,,2026-07-26 03:39:54
重庆市,长江流域,小江河口,2026-07-26 03:00,2,29.28,8.73,13.63,391.11,4.08,2.29,0.019,0.027,1.3952,,,2026-07-26 03:39:54
重庆市,长江流域,汤溪河江口,2026-07-26 03:00,1,25.83,7.87,7.99,306.363,10.112,0.73,0.006,0.008,0.753,,,2026-07-26 03:39:54
重庆市,长江流域,罗汉大桥,2026-07-26 03:00,2,29.44,8.08,8.53,288.87,13.18,1.18,0.031,0.031,1.726,,,2026-07-26 03:39:54
重庆市,长江流域,白帝城,2026-07-26 03:00,2,26.27,7.96,6.9,373.506,37.001,1.23,,0.051,2.04,,,2026-07-26 03:39:54
重庆市,长江流域,培石,2026-07-26 02:00,2,26.7458,7.85,7.42,381.0053,32.5341,1.49,0.21,0.057,1.9725,,,2026-07-26 03:39:54
重庆市,长江流域,花台,2026-07-26 02:00,2,26.58,8.06,6.3,510.1952,13.8108,0.61,,0.02,1.293,,,2026-07-26 03:39:54
重庆市,长江流域,化杠,2026-07-26 02:00,2,22.5,7.72,7.86,120.19,9.49,2.22,0.008,0.051,1.4587,,,2026-07-26 03:39:54
重庆市,长江流域,小河,2026-07-26 03:00,2,19.73,7.61,7.95,278.553,11.646,1.05,0.001,0.023,1.68,,,2026-07-26 03:39:54
重庆市,长江流域,万木,2026-07-26 02:00,2,25.03,7.69,6.68,357.96,12.4,1,0.007,0.036,2.665,,,2026-07-26 03:39:54
重庆市,长江流域,红花村,2026-07-26 03:00,2,23.34,7.8,7.6,241.369,21.08,1.33,0.009,0.034,1.537,,,2026-07-26 03:39:54
重庆市,长江流域,南洞沟,2026-07-26 03:00,2,25.51,8.11,6.42,316.788,6.186,0.48,0.001,0.023,1.452,,,2026-07-26 03:39:54
重庆市,长江流域,郁江桥,2026-07-26 03:00,1,26.95,8.53,11.1,247.467,7.34,0.58,,0.014,1.153,,,2026-07-26 03:39:54
四川省,长江流域,二江寺,2026-07-26 03:00,2,25.27,7.76,7.71,378.5,31.4,1.8,0.066,0.063,1.601,,,2026-07-26 03:39:54
四川省,长江流域,岳店子下,2026-07-26 02:00,3,28.87193,7.8,5.34,426.5195,5.92232,1.63,0.009,0.075,4.59677,,,2026-07-26 03:39:54
四川省,长江流域,三邑大桥,2026-07-26 03:00,2,24.15,7.57,6.73,264.9614,39.0085,1.07,0.018,0.036,1.6603,,,2026-07-26 03:39:54
四川省,长江流域,宏缘,2026-07-26 03:00,2,28.78,7.73,6.22,421.56,6.64,1.99,0.028,0.088,2.351,,,2026-07-26 03:39:54
四川省,长江流域,李家湾,2026-07-26 03:00,3,31.9,7.91,7.58,395.8,11.4,1.65,0.004,0.136,1.982,,,2026-07-26 03:39:54
四川省,长江流域,廖家堰,2026-07-26 03:00,4,32.413,7.3,3.66,1174.87,10.469,4.83,0.142,0.105,1.043,,,2026-07-26 03:39:54
四川省,长江流域,脚仙村,2026-07-26 03:00,2,31.01,7.69,6.8,351.2,13.6,1.63,0.019,0.091,1.945,,,2026-07-26 03:39:54
四川省,长江流域,龙洞,2026-07-26 02:00,1,20.79,8.25,7.77,700,22.081,1.55,0.019,0.013,0.75504,,,2026-07-26 03:39:54
四川省,长江流域,倮果,2026-07-26 02:00,2,22.02,8.22,7.49,692.233,15.98045,1.34,0.004,0.018,1.17536,,,2026-07-26 03:39:54
四川省,长江流域,雅砻江口,2026-07-26 02:00,1,19.259,7.69,8.22,225.0352,26.6048,1.16,0.022,0.018,0.60155,,,2026-07-26 03:39:54
四川省,长江流域,柏枝,2026-07-26 02:00,1,19.69,8.01,8.21,206.7672,13.05007,0.48,0.005,0.011,0.73297,,,2026-07-26 03:39:54
四川省,长江流域,湾凼,2026-07-26 03:00,6,31.05601,7.31,1.8,410.0291,35.56699,5.21,0.008,0.04,0.63709,,,2026-07-26 03:39:54
四川省,长江流域,沱江大桥,2026-07-26 03:00,2,33.03,7.93,6.53,344.8515,13.99593,2.12,0.006,0.099,1.642128,,,2026-07-26 03:39:54
四川省,长江流域,醒觉溪,2026-07-26 03:00,1,30.13,8.22,8.34,403.5,2.31,1.51,0.015,0.016,3.466,,,2026-07-26 03:39:54
四川省,长江流域,胡市大桥,2026-07-26 03:00,3,33.45,8.1,13.51,442.4154,14.0532,5.35,0.037,0.079,1.559,,,2026-07-26 03:39:54
四川省,长江流域,大磨子,2026-07-26 03:00,2,32.809,7.61,7.24,360.997,10.537,2,0.021,0.094,2.205,,,2026-07-26 03:39:54
四川省,长江流域,泸天化大桥,2026-07-26 03:00,2,31.68,8.08,8.66,350.71,10.2771,1.59,0.005,0.04,2.6479,,,2026-07-26 03:39:54
四川省,长江流域,纳溪大渡口,2026-07-26 03:00,2,24.18,7.88,7.23,389.591,24.799,1.06,0.01,0.062,1.2391,,,2026-07-26 03:39:54
四川省,长江流域,两汇水,2026-07-26 03:00,2,30.18998,7.93,6.39,150.0884,3.894371,1.33,0.064,0.017,0.709,,,2026-07-26 03:39:54
四川省,长江流域,太平渡,2026-07-26 03:00,2,29.4084,8.23,7.05,511.7951,12.1894,1.3,0.002,0.032,3.345,,,2026-07-26 03:39:54
四川省,长江流域,八角,2026-07-26 02:00,3,29.54,7.7,5.37,523.9,5.01,1.73,0.017,0.053,3.086,,,2026-07-26 03:39:54
四川省,长江流域,双江桥,2026-07-26 03:00,3,28.09,8.14,5.86,755.18,21.23,1.76,,0.092,2.173,,,2026-07-26 03:39:54
四川省,长江流域,三川,2026-07-26 03:00,3,26.83,8.21,5.84,782.3,16.78,1.01,,0.095,2.393,,,2026-07-26 03:39:54
四川省,长江流域,西平镇,2026-07-26 03:00,2,31.44,7.95,8.55,510.44,17.07,2.4,,0.03,2.18,,,2026-07-26 03:39:54
四川省,长江流域,平武水文站,2026-07-26 02:00,1,17.08,8.42,9.02,299.4568,37.85403,0.67,0.001,0.008,0.59871,,,2026-07-26 03:39:54
四川省,长江流域,丰谷,2026-07-26 02:00,2,26.39729,7.96,7.2,287.8328,48.43843,1.19,0.008,0.005,1.38968,,,2026-07-26 03:39:54
四川省,长江流域,鲁班岛,2026-07-26 02:00,1,29.61897,8.72,8.31,247.6969,36.2072,1.77,0.004,0.01,0.1451,0.00063,5401339,2026-07-26 03:39:54
四川省,长江流域,北川通口,2026-07-26 02:00,1,21.8498,8.47,8.19,295.7524,23.69122,0.51,0.01,0.013,1.18038,,,2026-07-26 03:39:54
四川省,长江流域,八庙沟,2026-07-26 02:00,2,29.36,7.95,7.43,356.3144,11.81652,1.69,0.002,0.011,0.81464,,,2026-07-26 03:39:54
四川省,长江流域,姚渡,2026-07-26 03:00,1,24.16154,8.24,7.66,359.1695,27.28587,0.82,0.028,0.003,1.449,,,2026-07-26 03:39:54
四川省,长江流域,苴国村,2026-07-26 02:00,1,24.37,8.02,7.53,343.7073,10.66108,1.03,0.003,0.013,1.07584,,,2026-07-26 03:39:54
四川省,长江流域,上石盘,2026-07-26 02:00,2,28.97,8.05,6.29,372.9665,7.84911,1.28,0.005,0.015,0.91293,,,2026-07-26 03:39:54
四川省,长江流域,清泉乡,2026-07-26 03:00,2,32.43,8.29,7.77,345.1,6.6773,2.06,,0.014,0.541,,,2026-07-26 03:39:54
四川省,长江流域,大安,2026-07-26 03:00,4,32.86,8.4,12.35,454.312,14,6.27,,0.076,0.9752,,,2026-07-26 03:39:54
四川省,长江流域,百顷,2026-07-26 03:00,2,27.38,7.85,6.56,304.4,17.6,1.6,0.044,0.042,1.924,,,2026-07-26 03:39:54
四川省,长江流域,梓江大桥,2026-07-26 03:00,2,31.16,8.44,7.78,444.9,5.4,3.1,,0.033,0.589,,,2026-07-26 03:39:54
四川省,长江流域,大埂,2026-07-26 03:00,2,34.03,8.01,6.49,430.2,7.78,3.46,0.212,0.066,0.360439,,,2026-07-26 03:39:54
四川省,长江流域,球溪河口,2026-07-26 03:00,3,31.73,7.55,5.86,528,15.5,4.78,0.084,0.114,1.686,,,2026-07-26 03:39:54
四川省,长江流域,李码头,2026-07-26 02:00,2,24.7335,8.07,7.59,264.2776,37.1685,1.07,0.003,0.04,1.72934,,,2026-07-26 03:39:54
四川省,长江流域,马边河河口,2026-07-26 02:00,2,23.33775,7.63,6.87,218.2649,34.51103,2.63,0.01,0.06,3.29869,,,2026-07-26 03:39:54
四川省,长江流域,悦来渡口,2026-07-26 03:00,2,28.912,7.66,6.99,350.958,6.925,2.22,0.008,0.073,3.02,,,2026-07-26 03:39:54
四川省,长江流域,金溪电站,2026-07-26 03:00,2,30.22,7.97,6.74,410.943,8.2388,1.74,0.015,0.013,1.195,,,2026-07-26 03:39:54
四川省,长江流域,升钟水库铁炉寺,2026-07-26 03:00,2,32.69,8.55,9.99,375.1,2.51,2.91,,0.009,0.35,,,2026-07-26 03:39:54
四川省,长江流域,沙溪,2026-07-26 03:00,2,24.59,7.79,6.61,354.32,2.18,1.4,,0.005,1.133,,,2026-07-26 03:39:54
四川省,长江流域,黄龙溪,2026-07-26 03:00,3,27.973,7.89,6.42,376.029,18.094,1.98,,0.104,1.989,,,2026-07-26 03:39:54
四川省,长江流域,彭山岷江大桥,2026-07-26 02:00,2,27.53,8.09,7.15,369.2925,21.16619,0.17,0.001,0.055,2.09599,,,2026-07-26 03:39:54
四川省,长江流域,龟都府,2026-07-26 03:00,2,21.35,8.07,8.53,222.1969,33.76991,0.82,0.005,0.039,1.167197,,,2026-07-26 03:39:54
四川省,长江流域,越溪河两河口,2026-07-26 03:00,4,32.44,8.31,8.16,551.6,19.3,6.36,,0.08,0.738,,,2026-07-26 03:39:54
四川省,长江流域,月波,2026-07-26 03:00,2,22.79,7.43,7.19,261.2,31.9,1.66,0.075,0.046,1.77,,,2026-07-26 03:39:54
四川省,长江流域,凉姜沟,2026-07-26 03:00,2,24.02,7.99,7.7,248.836,19.06026,1.5,0.019,0.052,1.730805,,,2026-07-26 03:39:54
四川省,长江流域,挂弓山,2026-07-26 02:00,2,24.0654,8,6.71,430.1477,6.41388,0.84,0.003,0.02,1.0147,,,2026-07-26 03:39:54
四川省,长江流域,蔡家渡口,2026-07-26 02:00,2,33.83079,7.66,10.22,708.582,11.26091,2.06,0.001,0.046,1.73642,,,2026-07-26 03:39:54
四川省,长江流域,三块石,2026-07-26 03:00,1,23.35,8.15,8.01,501.6,4.1,0.6,0.013,0.011,0.821,,,2026-07-26 03:39:54
四川省,长江流域,洛亥,2026-07-26 03:00,2,21.89,8.11,7.9,327.8027,7.689546,1.11,0.003,0.072,2.713,,,2026-07-26 03:39:54
四川省,长江流域,溪口镇平桥村,2026-07-26 03:00,4,29.22,7.42,3.26,532.12,5.41,2.94,0.032,0.063,0.379,,,2026-07-26 03:39:54
四川省,长江流域,摇金,2026-07-26 03:00,3,34.3,8.28,7.57,418.6,20.27,4.18,0.005,0.146,0.325,,,2026-07-26 03:39:54
四川省,长江流域,金子,2026-07-26 03:00,2,31.5,8.05,7.66,367.76,4.19,1.94,0.015,0.022,1.1093,,,2026-07-26 03:39:54
四川省,长江流域,烈面,2026-07-26 03:00,2,32,7.89,6.63,359.4,20.4,1.32,0.021,0.031,1.197,,,2026-07-26 03:39:54
四川省,长江流域,幺滩,2026-07-26 03:00,2,33.42,8.48,7.68,494.89,16.28,3.19,,0.048,0.941,,,2026-07-26 03:39:54
四川省,长江流域,团堡岭,2026-07-26 03:00,2,32.67,8.36,10.67,286.06,4.941,3.71,,0.025,0.628,,,2026-07-26 03:39:54
四川省,长江流域,江陵,2026-07-26 03:00,2,30.86,8.39,8.13,247.76,11.2,3.37,0.002,0.038,0.857,,,2026-07-26 03:39:54
四川省,长江流域,大蹬沟,2026-07-26 03:00,2,31.24,8.05,9.25,270.7,18.9,3.04,0.01,0.024,0.921,,,2026-07-26 03:39:54
四川省,长江流域,白兔乡,2026-07-26 03:00,3,33.8,8.46,17.29,328.5,18.53,4.99,,0.03,0.374,,,2026-07-26 03:39:54
四川省,长江流域,联盟桥,2026-07-26 03:00,4,31.21,7.55,3.83,389.94,12.97,4.48,,0.093,1.0331,,,2026-07-26 03:39:54
四川省,长江流域,舵石盘,2026-07-26 03:00,2,31.04,8.16,9.39,303.3,11.8,3.03,0.033,0.039,1.085,,,2026-07-26 03:39:54
四川省,长江流域,车家河,2026-07-26 03:00,2,32.72,8.34,19.87,,6.84,2.94,,0.04,0.572,,,2026-07-26 03:39:54
四川省,长江流域,三谷庄,2026-07-26 02:00,2,20.33,8.36,8.49,205.4155,18.66207,2.58,0.005,0.013,0.82872,,,2026-07-26 03:39:54
四川省,长江流域,大岗山,2026-07-26 02:00,1,17.27,8.13,8.21,198.08,27.26815,1.41,0.001,0.017,0.95206,,,2026-07-26 03:39:54
四川省,长江流域,手傍岩,2026-07-26 03:00,2,33.42,8.07,13.31,442.9,11.5,3.05,,0.028,1.422,,,2026-07-26 03:39:54
四川省,长江流域,幸福村,2026-07-26 03:00,2,29.86,7.9,6.59,328.3,15.7,1.59,0.019,0.1,2.405,,,2026-07-26 03:39:54
四川省,长江流域,拱城铺渡口,2026-07-26 03:00,2,30.32,7.74,6.66,367.65,15.37,1.86,,0.094,2.26,,,2026-07-26 03:39:54
四川省,长江流域,红光村,2026-07-26 03:00,4,30.95,7.72,3.78,564.63,61.96,5.33,0.243,0.19,0.603,,,2026-07-26 03:39:54
四川省,长江流域,两河,2026-07-26 03:00,3,33.63,7.7,6.16,440.41,9.33,5.57,0.001,0.083,0.287,,,2026-07-26 03:39:54
四川省,长江流域,县城马踏石点,2026-07-26 02:00,1,19.36382,8.41,8.37,366.6506,52.78963,0.58,0.008,0.009,0.45096,,,2026-07-26 03:39:54
四川省,长江流域,渭门桥,2026-07-26 02:00,1,15.35,8.23,7.92,218.2335,44.8423,0.08,0.008,0.013,0.40845,,,2026-07-26 03:39:54
四川省,长江流域,小水沟,2026-07-26 02:00,2,13.91343,8.42,6.75,262.9194,7.86367,0.45,0.011,0.007,0.3222,,,2026-07-26 03:39:54
四川省,长江流域,竹巴龙村,2026-07-26 03:00,3,16.34,8.21,6.68,1071.2,300.3,1.97,0.21,0.113,1.116,,,2026-07-26 03:39:54
四川省,长江流域,金沙江岗托桥,2026-07-26 03:00,3,17.1,8.38,8.78,1012.3,374.1,2.85,0.402,0.162,1.08,,,2026-07-26 03:39:54
四川省,长江流域,昔街大桥,2026-07-26 03:00,3,24.09,7.68,7,238.98,276.68,2.73,0.094,0.114,1.689,,,2026-07-26 03:39:54
四川省,长江流域,阿七大桥,2026-07-26 02:00,2,23.81,7.75,6.59,197.7547,131.1338,2.35,0.147,0.078,2.78502,,,2026-07-26 03:39:54
四川省,长江流域,邛海湖心,2026-07-26 02:00,2,27.1,8.41,6.72,319.3481,5.18085,2.34,0.008,0.019,0.34364,0.00224,301124,2026-07-26 03:39:54
贵州省,长江流域,棉花渡,2026-07-26 03:00,2,23.591,7.95,7.1,441.79,1.2322,1.46,0.005,0.042,1.8578,,,2026-07-26 03:39:54
贵州省,长江流域,贵铝泵房,2026-07-26 03:00,2,27.3236,8.92,11.45,326.8792,9.7225,2.97,0.057,0.022,2.3196,0.0289,1847510,2026-07-26 03:39:54
贵州省,长江流域,花鱼洞,2026-07-26 03:00,6,23.0138,7.32,1.07,369.9887,1.3127,2.09,0.007,0.013,2.2801,0.00565,1594469,2026-07-26 03:39:54
贵州省,长江流域,麦穰,2026-07-26 03:00,3,24.22,8.05,6.48,629.14,6.18,2.19,0.068,0.188,5.4,,,2026-07-26 03:39:54
贵州省,珠江流域,青岩,2026-07-26 03:00,4,24.83,7.87,4.72,535.9252,2.8979,1.82,,0.045,3.484,,,2026-07-26 03:39:54
贵州省,长江流域,龙场,2026-07-26 03:00,2,20.4,7.93,7.08,401.4,5,0.35,0.006,0.014,4.411,,,2026-07-26 03:39:54
贵州省,珠江流域,发耳,2026-07-26 03:00,5,22.18,8.03,7.34,325.545,94.974,11.81,0.043,0.131,3.848,,,2026-07-26 03:39:54
贵州省,长江流域,打秋坪,2026-07-26 03:00,2,25.14,7.94,6.93,490.7,4.9,1.05,,0.045,3.005,,,2026-07-26 03:39:54
贵州省,长江流域,鱼塘大桥,2026-07-26 03:00,2,23.57,7.92,7.01,319.99,0.798,0.6,,0.008,1.642,,,2026-07-26 03:39:54
贵州省,长江流域,沿江渡,2026-07-26 02:00,3,29.77,8.87,9.48,293.34,7.17,4.23,0.008,0.029,2.463,,,2026-07-26 03:39:54
贵州省,长江流域,鲤鱼塘,2026-07-26 02:00,3,26.71,7.57,5.01,449.38,2.966,1.46,0.007,0.053,3.694,,,2026-07-26 03:39:54
贵州省,长江流域,坡渡,2026-07-26 03:00,3,26.34,7.99,5.43,307.53,8.86,0.62,0.005,0.007,0.71,,,2026-07-26 03:39:54
贵州省,长江流域,余庆河暗溪坪,2026-07-26 03:00,2,25.14,7.82,9.86,307.12,5.18,0.81,,0.037,1.748,,,2026-07-26 03:39:54
贵州省,长江流域,羊柱头渡口,2026-07-26 03:00,4,25.55,7.64,5.01,761.6,7.839,2.37,0.343,0.201,7.744,,,2026-07-26 03:39:54
贵州省,长江流域,鲢鱼溪,2026-07-26 03:00,1,26.458,7.95,8.54,,500,,,,,,,2026-07-26 03:39:54
贵州省,长江流域,长沙,2026-07-26 02:00,2,30.9782,8.21,6.05,259.3036,2.7736,0.94,0.056,0.007,1.5684,,,2026-07-26 03:39:54
贵州省,长江流域,茅台,2026-07-26 03:00,1,26.09,8.24,7.76,416.36,13.32,0.64,0.004,0.019,4.503,,,2026-07-26 03:39:54
贵州省,珠江流域,黄果树,2026-07-26 03:00,1,23.3473,8.23,9.87,625.8,23.18,1.32,,0.017,3.392,,,2026-07-26 03:39:54
贵州省,长江流域,斯拉河大桥,2026-07-26 03:00,2,22.12,7.82,6.96,421.95,2.99,1.29,,0.013,5.197,,,2026-07-26 03:39:54
贵州省,珠江流域,打邦,2026-07-26 03:00,1,29.38,8.3,11.83,368.63,5.641,1.93,0.023,0.017,3.141,,,2026-07-26 03:39:54
贵州省,长江流域,小屯,2026-07-26 03:00,2,27.2,8.64,10.83,346.8436,8.233,3.61,0.054,0.051,4.732,,,2026-07-26 03:39:54
贵州省,长江流域,清水铺,2026-07-26 02:00,2,24.514,8.28,7.75,443.973,17.425,0.87,0.003,0.027,5.124,,,2026-07-26 03:39:54
贵州省,长江流域,大桥边,2026-07-26 03:00,2,19.155,8.24,8.28,356.823,11.139,1.45,0.006,0.021,3.767,,,2026-07-26 03:39:54
贵州省,长江流域,下干溪,2026-07-26 02:00,2,27.57,7.88,6.22,325.35,8.86,0.73,0.048,0.028,2.102,,,2026-07-26 03:39:54
贵州省,珠江流域,坝草,2026-07-26 03:00,1,26.4547,8.27,9.58,372.075,3.7949,1.23,0.002,0.009,3.284,,,2026-07-26 03:39:54
贵州省,珠江流域,南盘江三江口,2026-07-26 03:00,2,26.35,7.93,11.52,420.06,13.37,2.44,0.013,0.028,5.084,0.0034,,2026-07-26 03:39:54
贵州省,珠江流域,万峰湖,2026-07-26 03:00,1,27.1097,8.46,10.73,347.7739,12.3091,0.52,0.006,0.007,2.273,0.027,493050.3,2026-07-26 03:39:54
贵州省,珠江流域,岔河口,2026-07-26 03:00,2,26.8667,8.65,10.69,252.079,4.9439,3.34,,0.031,2.3443,,,2026-07-26 03:39:54
贵州省,珠江流域,蔗香北,2026-07-26 03:00,1,26.23,7.87,9.59,286.3824,5.0266,1.28,,0.012,1.9667,,,2026-07-26 03:39:54
贵州省,珠江流域,黄泥河,2026-07-26 03:00,2,19.1232,8.08,7.83,397.7435,24.8335,1.6,0.042,0.036,4.056,,,2026-07-26 03:39:54
贵州省,珠江流域,赵家渡,2026-07-26 03:00,2,22.59,8.16,7.93,378.645,26.45,0.74,0.05,0.033,4.879,,,2026-07-26 03:39:54
贵州省,珠江流域,坡脚,2026-07-26 03:00,2,23.35,7.88,6.5,410.9855,20.7409,0.83,0.003,0.031,4.4941,,,2026-07-26 03:39:54
贵州省,珠江流域,蔗香南,2026-07-26 03:00,1,29.57,8.4,9.35,314.2,5.31,1.27,,0.012,2.0356,,,2026-07-26 03:39:54
贵州省,长江流域,金紫,2026-07-26 02:00,2,28.07,8.35,8.81,153.4744,4.55,0.85,0.02,0.025,1.313,,,2026-07-26 03:39:54
贵州省,珠江流域,从江大桥,2026-07-26 03:00,2,25.593,7.49,8.53,81.573,18.983,0.91,0.022,0.023,0.972,,,2026-07-26 03:39:54
贵州省,长江流域,平敏大桥,2026-07-26 03:00,2,25.74,7.43,6.91,116.3,9.03,0.89,,0.014,0.677,,,2026-07-26 03:39:54
贵州省,长江流域,旁海,2026-07-26 02:00,2,27.09,8.68,6.89,435.45,24.79,0.93,,0.037,1.789,,,2026-07-26 03:39:54
贵州省,长江流域,重安江大桥,2026-07-26 03:00,2,25.134,8.22,7.09,483.299,2.691,0.34,0.014,0.088,2.279,,,2026-07-26 03:39:54
贵州省,珠江流域,榕江,2026-07-26 03:00,2,28.07,7.56,7.82,107.02,21.51,0.61,,0.031,1.049,,,2026-07-26 03:39:54
贵州省,珠江流域,新华,2026-07-26 03:00,2,26.744,8.11,7.9,189.996,36.639,0.85,0.071,0.037,1.477,,,2026-07-26 03:39:54
贵州省,长江流域,甘溪高碑,2026-07-26 03:00,2,26.35,8.05,8.42,331.3,12.03,1.89,,0.035,0.7082,,,2026-07-26 03:39:54
贵州省,长江流域,跳鱼洞,2026-07-26 03:00,3,25.11,7.95,5.95,386.43,2.53,2.25,0.125,0.096,2.051,,,2026-07-26 03:39:54
贵州省,长江流域,凤山桥边,2026-07-26 03:00,2,24.2527,8.3,7.41,544.57,2.4136,1.08,0.04,0.091,3.265,,,2026-07-26 03:39:54
贵州省,珠江流域,边外河,2026-07-26 03:00,1,23.19,8.01,7.96,315.15,3.16,1.26,,0.01,2.033,,,2026-07-26 03:39:54
贵州省,珠江流域,界牌,2026-07-26 03:00,1,26.262,8.22,7.62,296.414,5.385,1,0.005,0.013,0.89,,,2026-07-26 03:39:54
贵州省,珠江流域,甲茶,2026-07-26 03:00,1,23.7323,7.95,7.83,311.0028,5.9718,0.99,0.015,0.013,1.2435,,,2026-07-26 03:39:54
云南省,长江流域,通仙桥,2026-07-26 03:00,6,20.89,7.77,5.62,427.259,211.625,4.75,0.069,1.202,6.678,,,2026-07-26 03:39:54
云南省,长江流域,普渡河桥,2026-07-26 03:00,3,24.49,8.04,7.02,486.905,103.4648,5.66,0.072,0.177,2.7879,,,2026-07-26 03:39:54
云南省,珠江流域,禄丰村,2026-07-26 03:00,5,23.83,8.19,6.98,459.0674,569.594,5.51,,0.339,7.45,,,2026-07-26 03:39:54
云南省,滇池流域,回龙村,2026-07-26 03:00,4,22.3,7.57,4.49,476.6485,36.5911,4.82,0.768,0.264,4.677,,,2026-07-26 03:39:54
云南省,滇池流域,船房五社桥头,2026-07-26 03:00,2,23.08,7.67,7.67,525.126,9.8786,3.93,,0.078,3.7459,,,2026-07-26 03:39:54
云南省,滇池流域,王大桥,2026-07-26 03:00,4,21.65,6.89,4.87,574.0258,10.0974,3.33,0.068,0.17,7.5275,,,2026-07-26 03:39:54
云南省,滇池流域,大观河入湖口,2026-07-26 03:00,3,22.07,7.83,5.31,442.2451,25.3396,1.93,0.176,0.118,5.6675,,,2026-07-26 03:39:54
云南省,滇池流域,大渔乡土罗村入湖口,2026-07-26 03:00,4,22.08,7.41,3.9,312.7676,69.1074,3.67,0.017,0.121,3.146,,,2026-07-26 03:39:54
云南省,滇池流域,新河村入湖口,2026-07-26 03:00,3,21.09,7.6,5.01,307.27,45.067,2.86,0.441,0.149,5.007,,,2026-07-26 03:39:54
云南省,珠江流域,阳宗海中,2026-07-26 03:00,3,25.52,,8.58,421.614,2.191,4.56,0.037,0.014,0.58,0.0067,1302901,2026-07-26 03:39:54
云南省,滇池流域,严家村桥,2026-07-26 03:00,3,22.21717,8,6.6,457.011,21.62871,1.96,0.122,0.113,5.745809,,,2026-07-26 03:39:54
云南省,滇池流域,宝丰村入湖口,2026-07-26 03:00,4,20.05,7.79,5.37,566.53,103.25,4.01,0.507,0.243,3.993,,,2026-07-26 03:39:54
云南省,滇池流域,江尾下闸,2026-07-26 03:00,4,22.31,7.47,4.19,410.2968,296.2596,3.88,0.54,0.146,3.784,,,2026-07-26 03:39:54
云南省,滇池流域,茨巷河入湖口,2026-07-26 03:00,6,22.39,7.77,5.61,304.1248,326.0114,6.89,0.086,0.859,4.772,,,2026-07-26 03:39:54
云南省,滇池流域,东大河滇池入湖口,2026-07-26 03:00,5,20.35,7.45,5.28,372.9902,55.0467,5.78,0.601,0.378,6.761,,,2026-07-26 03:39:54
云南省,滇池流域,草海中心,2026-07-26 03:00,4,25.51,8.75,10.29,354.84,20.85,5.23,,0.053,2.957,0.01779,9.304689,2026-07-26 03:39:54
云南省,滇池流域,灰湾中,2026-07-26 03:00,4,24.28,9,6.86,390.828,52.361,4.98,0.107,0.066,0.669,0.01164,5.457308,2026-07-26 03:39:54
云南省,滇池流域,观音山东,2026-07-26 01:00,3,24,,7.09,414.93,28.38,5.3,0.031,0.048,0.767,0.01475,9.489147,2026-07-26 03:39:54
云南省,滇池流域,观音山中,2026-07-26 03:00,4,23.83,,5.79,328.328,25.086,8.44,,0.064,1.311,0.00637,1.8369,2026-07-26 03:39:54
云南省,滇池流域,观音山西,2026-07-26 03:00,4,24.38,8.86,5.91,402.49,37.45,6.24,0.126,0.064,0.695,0.00581,6.475175,2026-07-26 03:39:54
云南省,滇池流域,海口西,2026-07-26 03:00,3,24.06,,6.5,412.55,15.13,5,,0.04,0.521,0.01186,5.40351,2026-07-26 03:39:54
云南省,滇池流域,滇池南,2026-07-26 03:00,4,23.46,,7.37,424.99,36.82,6.86,,0.043,0.581,0.03761,1.069727,2026-07-26 03:39:54
云南省,滇池流域,晋城小寨,2026-07-26 03:00,6,19.24,7.88,6.48,458.9637,564.9213,10.76,0.083,0.536,20.403,,,2026-07-26 03:39:54
云南省,长江流域,牛栏江河口,2026-07-26 03:00,3,22.17,7.93,5.24,516.923,57.33,2.94,0.054,0.152,6.229,,,2026-07-26 03:39:54
云南省,珠江流域,狗街,2026-07-26 03:00,3,23.45,7.76,5.83,492.3328,39.99849,3.71,0.128,0.182,7.471931,,,2026-07-26 03:39:54
云南省,珠江流域,花山水库出水口,2026-07-26 03:00,1,23.6,8.49,8.23,329.6558,1.777,1.27,,0.006,2.2859,,,2026-07-26 03:39:54
云南省,长江流域,以礼河水文站,2026-07-26 03:00,3,18.35,7.73,5.86,315.1007,27.373,1.96,0.021,0.057,2.2246,,,2026-07-26 03:39:54
云南省,珠江流域,厂房大桥,2026-07-26 03:00,6,24.21,9.41,13.67,276.4955,12.8301,5.06,0.085,0.184,3.7173,,,2026-07-26 03:39:54
云南省,长江流域,牛栏江大桥,2026-07-26 03:00,2,21.1,7.97,8.1,376.883,60.37,1.96,0.057,0.099,4.863,,,2026-07-26 03:39:54
云南省,珠江流域,盘溪大桥,2026-07-26 02:00,2,22.73,7.95,7.66,514.4763,400.6583,1.77,0.007,0.077,6.8629,,,2026-07-26 03:39:54
云南省,珠江流域,九甸大桥,2026-07-26 02:00,3,24.13166,8.14,6.93,519.8027,855.4222,3.09,0.004,0.104,5.54059,,,2026-07-26 03:39:54
云南省,珠江流域,抚仙湖心,2026-07-26 03:00,2,24.67,8.75,8.28,295.5,2.345,1.24,,0.011,0.118,0.00469,4798009,2026-07-26 03:39:54
云南省,西南诸河,绿汁江大桥,2026-07-26 02:00,2,23.84393,8.09,6.65,376.8282,1617.455,2.13,0.004,0.06,2.11339,,,2026-07-26 03:39:54
云南省,珠江流域,杞麓湖心,2026-07-26 03:00,3,24.21,8.99,6.14,706.62,9.81,5.62,0.027,0.008,1.534,0.02578,8080362,2026-07-26 03:39:54
云南省,珠江流域,永昌桥,2026-07-26 02:00,4,22.20428,7.37,3.87,470.577,300.5883,3.1,0.028,0.213,5.30575,,,2026-07-26 03:39:54
云南省,珠江流域,星云湖心,2026-07-26 03:00,4,24.64,,8.66,504.007,4.96,6.25,,0.005,0.676,0.00481,3.504363,2026-07-26 03:39:54
云南省,西南诸河,红旗桥,2026-07-26 03:00,1,21.69258,8.08,8.14,321.0811,410.6031,1.14,0.0004,0.011,0.4704973,,,2026-07-26 03:39:54
云南省,西南诸河,湾甸,2026-07-26 02:00,2,25.82536,8.34,7.74,407.506,182.828,1.24,0.009,0.091,2.9953,,,2026-07-26 03:39:54
云南省,西南诸河,永保桥,2026-07-26 02:00,1,20.91802,8.27,8.1,388.5193,79.5919,1.76,0.004,0.007,1.39995,,,2026-07-26 03:39:54
云南省,西南诸河,龙江桥,2026-07-26 02:00,2,20.79539,7.54,7.77,91.48264,16.03201,0.76,0.007,0.021,0.82679,,,2026-07-26 03:39:54
云南省,长江流域,云贵桥,2026-07-26 03:00,2,18,8.25,7.85,391.798,42.75,1.54,0.033,0.026,3.722,,,2026-07-26 03:39:54
云南省,长江流域,江底桥,2026-07-26 03:00,2,22.31,8.28,6.45,363.8496,8.2994,1.06,,0.038,3.8519,,,2026-07-26 03:39:54
云南省,长江流域,头屯河,2026-07-26 03:00,2,18.88,8.02,7.31,402.151,56.86,2.03,0.054,0.086,5.772,,,2026-07-26 03:39:54
云南省,长江流域,邓家河,2026-07-26 03:00,2,23.85,7.79,6.85,375.287,25.804,0.58,0.003,0.079,3.075,,,2026-07-26 03:39:54
云南省,长江流域,横江桥,2026-07-26 02:00,2,25.38,8.15,7.83,308.72,22.69,0.42,,0.03,2.684,,,2026-07-26 03:39:54
云南省,长江流域,程海湖中,2026-07-26 02:00,3,25.80813,,7.77,1425.617,10.1479,5.66,0.011,0.022,0.92383,0.00926,9589.024,2026-07-26 03:39:54
云南省,长江流域,金江桥,2026-07-26 02:00,1,21.48,8.04,7.9,692.7368,25.96803,1.89,0.047,0.019,1.45316,,,2026-07-26 03:39:54
云南省,长江流域,龙兴村,2026-07-26 02:00,4,20.38,7.74,3.5,524.1357,21.32586,3.18,1.41,0.288,4.46702,,,2026-07-26 03:39:54
云南省,西南诸河,土卡河水文站,2026-07-26 03:00,2,26.54233,7.85,6.68,215.1866,52.42449,,,,1.0351,,,2026-07-26 03:39:54
云南省,西南诸河,思茅港,2026-07-26 02:00,2,22.64139,7.39,6.21,355.663,21.89528,1.13,0.009,0.013,1.01248,,,2026-07-26 03:39:54
云南省,西南诸河,孟拉桥,2026-07-26 02:00,4,23.57,7.44,8.73,98.26846,,8.03,0.825,0.009,5.9885,,,2026-07-26 03:39:54
云南省,西南诸河,莲花乡,2026-07-26 02:00,3,23.96364,7.46,5.36,287.3546,86.35636,3.09,0.811,0.129,4.01952,,,2026-07-26 03:39:54
云南省,西南诸河,储木场,2026-07-26 02:00,3,24.82,7.21,5.96,322.3183,159.8033,1.62,0.01,0.014,1.44906,,,2026-07-26 03:39:54
云南省,西南诸河,嘎旧,2026-07-26 02:00,2,20.78,7.91,6.89,441.7609,21.14576,1.5,0.029,0.012,0.51442,,,2026-07-26 03:39:54
云南省,西南诸河,景临桥,2026-07-26 02:00,2,22.06,7.85,7.03,409.8177,37.95197,1.09,0.037,0.019,0.79739,,,2026-07-26 03:39:54
云南省,西南诸河,孟定大桥,2026-07-26 02:00,1,23.14,7.75,7.78,229.9466,527.2624,1.11,0.005,0.017,1.58637,,,2026-07-26 03:39:54
云南省,西南诸河,黑箐,2026-07-26 02:00,2,23.15,7.74,7.59,134.7996,131.002,1.09,0.021,0.022,1.86582,,,2026-07-26 03:39:54
云南省,西南诸河,小黑江检查站,2026-07-26 02:00,1,22.78721,7.62,7.65,145.7167,278.2696,1.17,0.044,0.012,1.2167,,,2026-07-26 03:39:54
云南省,西南诸河,水文站,2026-07-26 02:00,2,23.29,8,6.03,320.6505,631.2538,2.53,0.075,0.074,2.58948,,,2026-07-26 03:39:54
云南省,长江流域,西观桥,2026-07-26 02:00,4,23.09,7.51,4.79,382.9513,356.0816,2.86,0.055,0.038,3.00392,,,2026-07-26 03:39:54
云南省,西南诸河,那发出境,2026-07-26 03:00,2,25.27,7.9,7.83,131.8252,86.19,0.11,,0.058,0.9555,,,2026-07-26 03:39:54
云南省,西南诸河,中越桥,2026-07-26 03:00,3,25.19,8.04,8.86,309.6698,457.2918,4.13,,0.169,3.3455,,,2026-07-26 03:39:54
云南省,西南诸河,蚂蟥堡桥,2026-07-26 03:00,3,24.71,8.08,8.71,287.6831,349.5608,2.8,,0.195,2.7678,,,2026-07-26 03:39:54
云南省,西南诸河,龙脖渡口,2026-07-26 03:00,2,27.34,7.75,6.49,280.0431,91.6333,2.45,,0.056,2.0458,,,2026-07-26 03:39:54
云南省,珠江流域,异龙湖中,2026-07-26 03:00,4,26.41,8.63,6.74,439.88,3.495,6.46,,0.011,0.381,0.02633,243501,2026-07-26 03:39:54
云南省,珠江流域,长虹桥,2026-07-26 03:00,6,24.44,8.05,7.19,492.45,1686.924,4.24,,0.436,5.9764,,,2026-07-26 03:39:54
云南省,西南诸河,天保农场,2026-07-26 03:00,2,23.78,8.27,8.95,351.2,40.4,1.55,,0.055,3.5795,,,2026-07-26 03:39:54
云南省,西南诸河,南利大桥,2026-07-26 03:00,2,23.18,8.24,7.88,301.98,87.95,0.84,,0.034,2.491,,,2026-07-26 03:39:54
云南省,珠江流域,谷拉河大桥,2026-07-26 02:00,1,31.47,8.58,11.53,193.94,2.991,1.4,0.007,0.01,0.458,,,2026-07-26 03:39:54
云南省,西南诸河,关累码头,2026-07-26 02:00,1,22.35441,8.43,8.93,,11.68588,,0.001,,,,,2026-07-26 03:39:54
云南省,西南诸河,勐仑大桥,2026-07-26 02:00,2,23.54,7.88,7.8,186.9715,992.8697,1.27,0.006,0.037,1.18956,,,2026-07-26 03:39:54
云南省,西南诸河,风情园大桥,2026-07-26 02:00,2,22.51623,7.78,8.23,104.6897,657.1927,2.51,0.206,0.022,2.81199,,,2026-07-26 03:39:54
云南省,西南诸河,打洛江大桥,2026-07-26 02:00,1,25.35799,7.95,7.81,144.1499,1513.376,1.31,0.008,0.019,0.85063,,,2026-07-26 03:39:54
云南省,西南诸河,洱海湖心,2026-07-26 03:00,3,24.63,8.7,6.74,289.06,3.49,4.32,0.01,0.026,0.49,0.01247,1.616053,2026-07-26 03:39:54
云南省,西南诸河,交汇口,2026-07-26 02:00,2,20.35567,8.38,7.93,285.9372,1468.739,1.73,0.007,0.026,1.18431,,,2026-07-26 03:39:54
云南省,西南诸河,江尾,2026-07-26 02:00,2,23.9082,7.82,6.02,266.7922,93.68881,2.23,0.009,0.066,1.39727,,,2026-07-26 03:39:54
云南省,西南诸河,四级坝,2026-07-26 02:00,2,22.23,7.88,6.82,294.1688,39.29117,,0.268,0.006,3.31309,,,2026-07-26 03:39:54
云南省,西南诸河,汇流电站,2026-07-26 02:00,2,24.74576,6.4,8.09,67.28923,107.9613,1.46,0.006,0.059,2.14714,,,2026-07-26 03:39:54
云南省,西南诸河,迭撒大桥,2026-07-26 02:00,2,25.30927,6.63,6.41,92.66788,272.9919,1.08,0.016,0.017,2.17656,,,2026-07-26 03:39:54
云南省,西南诸河,风平,2026-07-26 02:00,3,22.7,7.83,7.98,181.1986,320.8622,4.84,0.008,0.115,1.47701,,,2026-07-26 03:39:54
云南省,西南诸河,拉甲木底桥,2026-07-26 02:00,1,19.68727,8.22,9.99,318.0371,408.5159,0.89,0.006,0.004,0.21552,,,2026-07-26 03:39:54
云南省,西南诸河,丙舍桥,2026-07-26 02:00,1,21.20665,8.25,9.16,326.6494,561.824,0.91,0.008,0.003,0.33608,,,2026-07-26 03:39:54
云南省,长江流域,贺龙桥,2026-07-26 02:00,1,19.63268,8.36,8.36,862.9261,110.7232,1.11,0.125,0.013,1.26607,,,2026-07-26 03:39:54
云南省,西南诸河,中路村,2026-07-26 02:00,2,18.73,8.34,7.07,435.3888,22.89498,1.17,0.024,0.004,0.60568,,,2026-07-26 03:39:54
西藏自治区,西南诸河,才纳,2026-07-26 02:00,2,17.187,8.06,6.19,204.807,58.687,1.32,0.068,0.037,0.519,,,2026-07-26 03:39:54
西藏自治区,西南诸河,米瑞,2026-07-26 03:00,2,16.398,8.09,6.84,151.911,114.01,1.53,0.07,0.054,0.197,,,2026-07-26 03:39:54
陕西省,黄河流域,灞河口,2026-07-26 03:00,3,29.66,7.91,7.22,266.5843,178.8422,5.23,0.028,0.111,4.3669,,,2026-07-26 03:39:54
陕西省,黄河流域,三郎村,2026-07-26 03:00,3,29.91,7.73,5.65,432.554,62.866,4.75,0.081,0.149,3.126,,,2026-07-26 03:39:54
陕西省,黄河流域,沙王渡,2026-07-26 01:00,3,28.51,8.12,5.81,899.4273,43.6777,5.8,,0.081,5.2497,,,2026-07-26 03:39:54
陕西省,黄河流域,岔口,2026-07-26 03:00,3,24.98,7.66,7.22,1088.653,27.824,4.51,0.304,0.145,8.136,,,2026-07-26 03:39:54
陕西省,黄河流域,下桃水电站,2026-07-26 03:00,3,25.093,8.28,7.52,1258,1117.2,3.3,,0.101,4.829,,,2026-07-26 03:39:54
陕西省,长江流域,黄牛铺,2026-07-26 03:00,4,25.08,7.77,4.35,244.7147,4.8781,1.81,0.013,0.013,0.468,,,2026-07-26 03:39:54
陕西省,黄河流域,魏家堡,2026-07-26 03:00,3,28.18,8.13,6.49,759.533,113.8133,4.99,,0.14,6.221,,,2026-07-26 03:39:54
陕西省,黄河流域,卧龙寺桥,2026-07-26 03:00,2,28.21,8.18,6.23,867.1996,150.3399,3.38,0.014,0.078,4.077,,,2026-07-26 03:39:54
陕西省,长江流域,灶火庵,2026-07-26 03:00,3,25.35,8.07,5.7,375.2257,22.9597,1.31,0.02,0.024,1.0302,,,2026-07-26 03:39:54
陕西省,黄河流域,咸阳铁桥,2026-07-26 02:00,2,29.71,7.87,6.75,872.3726,7.8828,2.63,0.012,0.019,7.03,,,2026-07-26 03:39:54
陕西省,黄河流域,兴平,2026-07-26 02:00,2,29.09,8.13,6.27,779.8633,22.9646,3.16,,0.03,7.9635,,,2026-07-26 03:39:54
陕西省,黄河流域,泾河桥,2026-07-26 02:00,2,28.56,8.35,6,1490.5,6.0788,2.02,0.027,0.017,3.6168,,,2026-07-26 03:39:54
陕西省,黄河流域,黑河张家桥,2026-07-26 03:00,3,26.04,8.02,5.16,736.715,86.9604,2.75,0.118,0.059,0.4128,,,2026-07-26 03:39:54
陕西省,黄河流域,潼关吊桥,2026-07-26 01:00,3,29.86,8.51,6.6,1269.809,162.2853,4.28,0.046,0.095,5.355,,,2026-07-26 03:39:54
陕西省,黄河流域,王谦村,2026-07-26 03:00,3,28.73,8.4,6.47,2168.5,790.05,5.98,0.208,0.127,3.783,,,2026-07-26 03:39:54
陕西省,黄河流域,张家庄,2026-07-26 01:00,3,27.38,8.06,6.32,344.3169,144.8109,5.59,0.002,0.09,3.5234,,,2026-07-26 03:39:54
陕西省,黄河流域,杨家畔村,2026-07-26 03:00,3,28.24,8.46,7.26,886.166,,3.96,,0.178,4.3181,,,2026-07-26 03:39:54
陕西省,黄河流域,昝家山,2026-07-26 03:00,4,26.27,8.37,7.61,451.677,2270.809,5.27,,0.265,2.9541,,,2026-07-26 03:39:54
陕西省,黄河流域,寺滩,2026-07-26 03:00,4,26.4,8.33,7.12,669.594,2551.342,4,,0.204,5.4571,,,2026-07-26 03:39:54
陕西省,长江流域,烈金坝,2026-07-26 03:00,2,24.55,8.05,7.37,336.26,0.784,0.39,,0.027,1.0111,,,2026-07-26 03:39:54
陕西省,长江流域,南柳渡,2026-07-26 02:00,2,31.28,8.04,8,294.0082,8.2782,3.57,,0.058,1.131,,,2026-07-26 03:39:54
陕西省,长江流域,白水江,2026-07-26 03:00,3,28.49,8.02,5.83,313.2776,10.633,0.94,,0.018,0.6305,,,2026-07-26 03:39:54
陕西省,黄河流域,柏树坪,2026-07-26 03:00,2,28.54218,8.3,7.51,1045.076,85.54987,2.09,0.011,0.046,2.2901,,,2026-07-26 03:39:54
陕西省,黄河流域,温家川,2026-07-26 03:00,3,27.85,8.28,6.34,1265.136,240.9183,4.24,0.006,0.068,2.2091,,,2026-07-26 03:39:54
陕西省,黄河流域,碛塄,2026-07-26 03:00,2,26.14,8.43,8.37,1003.788,12.0134,2.19,0.023,0.017,1.8091,,,2026-07-26 03:39:54
陕西省,黄河流域,高家川,2026-07-26 03:00,2,26.75,8.39,7.49,812.821,112.8501,1.19,0.001,0.049,3.0181,,,2026-07-26 03:39:54
陕西省,黄河流域,鱼河,2026-07-26 03:00,3,25.65,8.27,6.71,847.508,86.34825,3.23,0.039,0.106,4.5021,,,2026-07-26 03:39:54
陕西省,长江流域,白河城关,2026-07-26 02:00,2,28.36,7.8,6.35,266.6389,4.41,1.95,0.022,0.016,0.922,0.00081,,2026-07-26 03:39:54
陕西省,长江流域,南江河出陕界,2026-07-26 02:00,1,24.63,7.81,7.83,180.2529,16.3583,0.85,0.008,0.012,0.6056,,,2026-07-26 03:39:54
陕西省,长江流域,小钢桥,2026-07-26 03:00,2,29.44,8.48,9.41,250.59,7.41,3.04,0.007,0.018,0.82,,,2026-07-26 03:39:54
陕西省,长江流域,老君关,2026-07-26 03:00,2,28.57,8.46,12.7,265.7418,8.1444,2.38,0.017,0.027,1.032,,,2026-07-26 03:39:54
陕西省,长江流域,瀛湖坝前,2026-07-26 02:00,2,31.24,8.69,10.67,191.5594,11.2084,1.97,0.005,0.017,0.661,0.03915,2190943,2026-07-26 03:39:54
陕西省,长江流域,构峪口,2026-07-26 03:00,2,22.3,8.1,8.37,371.1994,22.5078,2.34,,0.018,1.39,,,2026-07-26 03:39:54
陕西省,长江流域,丹凤下,2026-07-26 03:00,2,26.89,8.16,6.22,399.6568,38.8807,2.28,,0.054,2.0444,,,2026-07-26 03:39:54
陕西省,黄河流域,灵口,2026-07-26 03:00,2,27.26,8.29,6.76,474.1725,18.6915,1.27,,0.019,0.9437,,,2026-07-26 03:39:54
甘肃省,黄河流域,扶和桥,2026-07-26 02:00,2,16.34,8.29,8.44,515.8433,49.97924,1.38,0.062,0.021,1.2813,,,2026-07-26 03:39:54
甘肃省,黄河流域,新城桥,2026-07-26 03:00,2,17.72,8.19,7.55,507.343,74.253,1.57,0.011,0.041,1.5173,,,2026-07-26 03:39:54
甘肃省,黄河流域,湟水桥,2026-07-26 03:00,2,23.12,8.47,7.26,790.837,65.262,1.58,0.083,0.039,3.464,,,2026-07-26 03:39:54
甘肃省,西北诸河,迎山坡,2026-07-26 02:00,2,20.22494,8.26,7.36,676.9944,12.42693,1.34,0.004,0.02,1.62342,,,2026-07-26 03:39:54
甘肃省,黄河流域,青城桥,2026-07-26 02:00,2,19.39588,8.24,6.85,534.9551,68.64623,1.43,,0.022,2.09417,,,2026-07-26 03:39:54
甘肃省,黄河流域,五佛寺,2026-07-26 03:00,2,20.56938,8.29,6.79,603.6956,133.3425,2.07,0.08,0.024,2.395,,,2026-07-26 03:39:54
甘肃省,黄河流域,靖远桥,2026-07-26 02:00,2,19.13892,8.29,6.71,570.6392,89.86326,1.43,0.105,0.023,1.81237,,,2026-07-26 03:39:54
甘肃省,黄河流域,桦林,2026-07-26 03:00,-1,,,,,,,,,,,,2026-07-26 03:39:54
甘肃省,黄河流域,葡萄园,2026-07-26 03:00,3,28.15,8.3,6.51,1113.354,523.5349,4.1,0.052,0.092,8.114,,,2026-07-26 03:39:54
甘肃省,黄河流域,先明峡桥,2026-07-26 02:00,2,17.25638,8.42,7.78,498.0738,484.4905,3.28,0.106,0.031,2.56577,,,2026-07-26 03:39:54
甘肃省,西北诸河,莺落峡,2026-07-26 02:00,1,16.08,8.47,8.33,625.3992,8.46147,0.23,0.019,0.007,1.22428,,,2026-07-26 03:39:54
甘肃省,西北诸河,皇城水库,2026-07-26 02:00,1,13.71458,8.02,7.7,480.8265,14.93031,0.44,0.003,0.004,1.41657,,,2026-07-26 03:39:54
甘肃省,西北诸河,六坝桥,2026-07-26 02:00,1,22.92501,8.38,7.99,1230.69,3.24163,0.54,0.008,0.003,2.59758,,,2026-07-26 03:39:54
甘肃省,黄河流域,长庆桥,2026-07-26 03:00,3,27.97,8.34,5.59,919.759,113.4378,3.25,0.014,0.137,3.0551,,,2026-07-26 03:39:54
甘肃省,黄河流域,洮园桥,2026-07-26 02:00,2,20.79,8.25,6.91,353.7984,59.91907,2.7,,,3.28043,,,2026-07-26 03:39:54
甘肃省,长江流域,固水子村,2026-07-26 03:00,2,,,,,,0.91,,0.045,1.086,,,2026-07-26 03:39:54
甘肃省,长江流域,两水桥,2026-07-26 03:00,2,23.99,8.16,7.12,408.383,93.86246,0.93,0.019,0.002,1.1431,,,2026-07-26 03:39:54
甘肃省,黄河流域,玛曲,2026-07-26 02:00,3,17.82393,8.3,5.67,425.6648,128.0516,3.56,0.141,0.043,2.39524,,,2026-07-26 03:39:54
青海省,黄河流域,小峡桥,2026-07-26 02:00,3,21.74677,8.23,5.9,994.8527,25.21573,2.5,0.128,0.068,4.20621,,,2026-07-26 03:39:54
青海省,黄河流域,润泽桥,2026-07-26 02:00,4,18.8315,8.13,6.76,593.5726,68.07879,6.22,0.242,0.105,3.43267,,,2026-07-26 03:39:54
青海省,黄河流域,大河家,2026-07-26 02:00,1,13.54667,8.31,8.18,489.908,15.02293,1.23,0.009,0.003,0.68601,,,2026-07-26 03:39:54
青海省,黄河流域,边墙村,2026-07-26 02:00,2,22.37441,8.51,7.01,878.4009,42.27855,,,,,,,2026-07-26 03:39:54
青海省,黄河流域,峡塘,2026-07-26 02:00,1,18.1425,8.5,7.68,522.8983,12.61682,0.82,0.009,0.007,0.89405,,,2026-07-26 03:39:54
青海省,黄河流域,唐乃亥,2026-07-26 02:00,2,16.20426,8.36,6.95,416.2954,158.7484,3.74,0.003,0.045,1.34921,,,2026-07-26 03:39:54
青海省,黄河流域,龙羊峡库区出水口,2026-07-26 02:00,1,10.14724,8.35,8.1,466.3085,6.19051,1.1,0.009,0.008,0.63745,0.00747,276292,2026-07-26 03:39:54
青海省,西北诸河,总场水闸,2026-07-26 02:00,2,16.52,8.52,6.9,895.7072,57.25499,0.52,0.01,0.012,1.26257,,,2026-07-26 03:39:54
青海省,西北诸河,纳赤台,2026-07-26 02:00,6,12.202,8.37,6.27,664.3,563.6,4.91,0.351,0.955,0.003,,,2026-07-26 03:39:54
青海省,西北诸河,德令哈市水厂旁,2026-07-26 02:00,3,14.2534,8,5.21,711.8901,1.33623,0.66,0.009,0.007,1.227,,,2026-07-26 03:39:54
宁夏回族自治区,黄河流域,叶盛公路桥,2026-07-26 02:00,2,22.64,8.21,7,825,868.03,1.6,,0.054,2.535,,,2026-07-26 03:39:54
宁夏回族自治区,黄河流域,银古公路桥,2026-07-26 02:00,2,24.42873,8.29,6.1,785.1021,556.0626,0.23,0.273,0.077,2.61821,,,2026-07-26 03:39:54
宁夏回族自治区,黄河流域,平罗黄河大桥,2026-07-26 03:00,2,25.43,8.29,6.76,911.05,719.65,1.19,,0.072,2.754,,,2026-07-26 03:39:54
宁夏回族自治区,黄河流域,麻黄沟,2026-07-26 03:00,2,25.98,8.19,6.22,854.882,652.811,2.59,,0.047,2.5573,,,2026-07-26 03:39:54
宁夏回族自治区,黄河流域,沙湖,2026-07-26 03:00,4,26.72,8.52,8.1,1622.9,19.82,8.02,0.02,0.032,1.004,0.03574,4.4368,2026-07-26 03:39:54
宁夏回族自治区,黄河流域,金沙湾,2026-07-26 03:00,2,22.586,8.34,7.06,714.23,327.85,1.92,,0.089,2.807,,,2026-07-26 03:39:54
宁夏回族自治区,黄河流域,弹筝峡,2026-07-26 03:00,2,20.1,8.28,6.52,692.25,17.275,1.03,0.009,0.031,3.02,,,2026-07-26 03:39:54
宁夏回族自治区,黄河流域,沟圈,2026-07-26 03:00,2,26.51,8.56,6.08,1686.782,60.14142,3.33,0.047,0.039,1.2091,,,2026-07-26 03:39:54
宁夏回族自治区,黄河流域,中卫下河沿,2026-07-26 03:00,2,22.6,8.07,6.41,657.6,1667,2.12,0.001,0.061,2.287,,,2026-07-26 03:39:54
宁夏回族自治区,黄河流域,泉眼山,2026-07-26 03:00,2,23.86,8.16,8.01,6369.512,204.2444,3.05,0.165,0.048,21.4331,,,2026-07-26 03:39:54
新疆维吾尔自治区,西北诸河,青年渠,2026-07-26 02:00,1,16.46,8.17,9.04,296.1439,26.57438,0.23,0.001,0.007,0.87478,,,2026-07-26 03:39:54
新疆维吾尔自治区,西北诸河,七纺桥,2026-07-26 02:00,2,13.76,8.55,7.91,2271.511,20.41155,0.71,0.012,0.025,10.40909,,,2026-07-26 03:39:54
新疆维吾尔自治区,西北诸河,赛湖2,2026-07-26 02:00,4,20.25179,8.91,4.61,3268.031,4.73887,0.42,0.269,0.0002,0.58904,0.0099,31320,2026-07-26 03:39:54
新疆维吾尔自治区,西北诸河,哈尔莫墩,2026-07-26 02:00,1,18.69,8.13,7.78,309.5954,9.14127,0.49,0.003,0.012,0.42606,,,2026-07-26 03:39:54
新疆维吾尔自治区,西北诸河,汇合口,2026-07-26 02:00,2,27.54,8.33,6.38,849.3824,14.31361,2.34,0.009,0.01,0.41386,,,2026-07-26 03:39:54
新疆维吾尔自治区,西北诸河,兰干,2026-07-26 02:00,2,26.78906,8.38,6.37,968.0282,6.18555,2.08,0.006,0.009,0.58748,,,2026-07-26 03:39:54
新疆维吾尔自治区,西北诸河,塔提让,2026-07-26 02:00,2,23.38,8.27,7.45,811.4896,4100,0.06,0.001,0.002,0.66535,,,2026-07-26 03:39:54
新疆维吾尔自治区,西北诸河,塔里木拦河闸,2026-07-26 02:00,1,18.00961,8.01,8.15,345.9997,1308.455,0.58,0.009,0.011,0.43205,,,2026-07-26 03:39:54
新疆维吾尔自治区,西北诸河,十二医院,2026-07-26 02:00,2,22.92253,8.05,7.26,1101.784,3245.847,0.33,0.007,0.002,0.592,,,2026-07-26 03:39:54
新疆维吾尔自治区,西北诸河,依干其渡口,2026-07-26 02:00,2,21.062,8.27,7.81,409.8307,176.2035,0.4,0.01,0.039,2.35008,,,2026-07-26 03:39:54
新疆维吾尔自治区,西北诸河,龙口大桥,2026-07-26 02:00,1,18.37429,7.66,7.78,249.958,9.28144,0.44,0.007,0.006,0.65727,,,2026-07-26 03:39:54
新疆维吾尔自治区,西北诸河,羊场大桥,2026-07-26 02:00,4,20.52,7.79,4.93,1017.42,1.37675,0.94,0.025,0.019,0.82219,,,2026-07-26 03:39:54
新疆维吾尔自治区,西北诸河,喀什河大桥,2026-07-26 02:00,1,18.15,7.88,8.53,235.1748,11.4304,0.97,0.005,0.012,1.10361,,,2026-07-26 03:39:54
新疆维吾尔自治区,西北诸河,英牙尔乡,2026-07-26 02:00,2,24.71527,8.31,7.15,453.6494,35.70895,3.1,0.006,0.069,1.70307,,,2026-07-26 03:39:54
新疆维吾尔自治区,西北诸河,雅马渡大桥,2026-07-26 02:00,3,21.73,7.61,5.42,344.187,7.043,1.04,0.032,0.014,1.689,,,2026-07-26 03:39:54
新疆维吾尔自治区,西北诸河,布尔津河大桥,2026-07-26 02:00,1,22.63,7.25,7.79,61.2469,6.027,1.02,0.001,0.005,0.21243,,,2026-07-26 03:39:54
新疆维吾尔自治区,西北诸河,乌伦古湖码头,2026-07-26 02:00,2,23.79083,8.81,13.39,3760.746,10.63154,3.35,0.006,0.013,0.51945,0.01464,567379.9,2026-07-26 03:39:54
新疆维吾尔自治区,西北诸河,布尔津水文站,2026-07-26 02:00,2,24.83,8.52,9.1,149.9536,10.27877,1.69,0.024,0.022,0.76211,,,2026-07-26 03:39:54
新疆维吾尔自治区,西北诸河,额河南湾,2026-07-26 02:00,1,23.571,7.96,10.62,200.3955,6.0719,0.84,0.001,0.016,0.56461,,,2026-07-26 03:39:54
