省份,流域,断面名称,监测时间,水质类别,水温(℃),pH(无量纲),溶解氧(mg/L),电导率(μS/cm),浊度(NTU),高锰酸盐指数(mg/L),氨氮(mg/L),总磷(mg/L),总氮(mg/L),叶绿素α(mg/L),藻密度(cells/L),抓取时间
北京市,海河流域,鼓楼外大街,2026-09-30 00:00,4,23.11,7.36,4.58,412.61,7.85,1.77,0.059,0.034,2.453,,,2026-09-30 02:26:03
北京市,海河流域,广北滨河路,2026-09-30 00:00,2,23.53,7.71,7.29,353.59,12.05,2.05,0.004,0.023,1.914,,,2026-09-30 02:26:03
北京市,海河流域,沙窝,2026-09-30 00:00,4,24.23,7.14,3.68,734.17,8.577,4.4,1.09,0.129,5.822,,,2026-09-30 02:26:03
北京市,海河流域,新八里桥,2026-09-30 00:00,4,24.32,7.21,3.69,609.254,3.598,4.31,0.172,0.151,3.958,,,2026-09-30 02:26:03
北京市,海河流域,大红门闸上,2026-09-30 00:00,2,21.86,7.6,7.21,929.7,9.343,0.04,,0.081,7.771,,,2026-09-30 02:26:03
北京市,海河流域,南大荒桥,2026-09-30 00:00,2,22.53,8.64,9.72,948.7,42.03,2.57,0.002,0.022,1.85,,,2026-09-30 02:26:03
北京市,海河流域,清河闸,2026-09-30 00:00,2,21.75,7.76,7.22,752.71,20.134,2.18,,0.085,5.891,,,2026-09-30 02:26:03
北京市,海河流域,花园路,2026-09-30 00:00,3,21.25,7.51,5.5,700.39,6.277,1.17,0.191,0.047,6.094,,,2026-09-30 02:26:03
北京市,海河流域,白石桥,2026-09-30 00:00,2,24.4,7.75,6.88,302.56,4.357,1.76,0.063,0.016,1.739,,,2026-09-30 02:26:03
北京市,海河流域,八间房漫水桥,2026-09-30 00:00,3,23.2,7.7,5.86,833.6,12.41,3.99,,0.072,4.5109,,,2026-09-30 02:26:03
北京市,海河流域,码头,2026-09-30 00:00,2,23.03,7.76,6.13,1075.37,18.155,2.95,0.158,0.07,7.014,,,2026-09-30 02:26:03
北京市,海河流域,罗庄,2026-09-30 00:00,2,23.39,7.87,6.68,1273.212,6.710834,3.45,0.034,0.08,5.5641,,,2026-09-30 02:26:03
北京市,海河流域,小屯桥,2026-09-30 00:00,3,23.89,7.95,6.5,1413.023,6.63445,4.49,0.573,0.095,6.3481,,,2026-09-30 02:26:03
北京市,海河流域,东店,2026-09-30 00:00,2,21.19902,7.9,8.71,710.4802,27.79874,3.45,0.033,0.068,11.6686,,,2026-09-30 02:26:03
北京市,海河流域,密云水库,2026-09-30 00:00,1,23.15695,8.29,8.59,420.3719,9.023413,1.37,0.018,0.007,3.163947,,,2026-09-30 02:26:03
北京市,海河流域,大关桥,2026-09-30 00:00,1,23.29,8.35,8.25,433.5,11.69,1.86,0.044,0.006,3.5891,,,2026-09-30 02:26:03
北京市,海河流域,辛庄桥,2026-09-30 00:00,2,19.54,8.05,8.14,579.05,42.1804,1.56,,0.023,7.4131,,,2026-09-30 02:26:03
北京市,海河流域,谷家营,2026-09-30 00:00,2,21.18,8.05,8.11,552.918,13.206,3.39,0.308,0.071,3.57,,,2026-09-30 02:26:03
北京市,海河流域,后城,2026-09-30 00:00,2,14.15,8.21,8.31,580.31,35.2207,1.97,0.03,0.036,11.0501,,,2026-09-30 02:26:03
天津市,海河流域,三岔口,2026-09-30 00:00,3,24.85,7.8,5.66,759.3576,28.79414,5,0.212,0.121,1.38659,,,2026-09-30 02:26:03
天津市,海河流域,北洋桥,2026-09-30 00:00,3,24.68512,7.77,5.68,1075.503,37.89055,4.81,0.355,0.184,1.365006,,,2026-09-30 02:26:03
天津市,海河流域,井冈山桥,2026-09-30 00:00,5,24.01,7.6,2.85,879.706,39.29235,7.53,0.888,0.193,2.7431,,,2026-09-30 02:26:03
天津市,海河流域,大红桥,2026-09-30 01:00,4,24.68,7.51,3.5,905.546,26.03423,4.15,0.436,0.115,2.4891,,,2026-09-30 02:26:03
天津市,海河流域,曹庄子泵站,2026-09-30 00:00,2,25.16,7.6,6.56,272.18,1.43,1.44,0.052,0.003,0.975,,,2026-09-30 02:26:03
天津市,海河流域,生产圈闸,2026-09-30 00:00,5,23.55304,7.33,2.14,876.5686,8.663184,5.83,0.326,0.143,2.150307,,,2026-09-30 02:26:03
天津市,海河流域,尔王庄泵站,2026-09-30 00:00,4,25.38,7.29,4.27,294.886,13.82567,1.82,0.014,0.001,0.5831,,,2026-09-30 02:26:03
天津市,海河流域,塘汉公路桥,2026-09-30 00:00,6,22.56,7.53,0.95,1158.598,34.10224,4.77,0.011,0.132,3.5721,,,2026-09-30 02:26:03
天津市,海河流域,海河大闸,2026-09-30 00:00,5,24.78,7.89,2.5,4349.045,19.6615,3.51,0.313,0.14,1.9669,,,2026-09-30 02:26:03
天津市,海河流域,北排水河防潮闸,2026-09-30 00:00,5,20.18,7.88,2.23,1783.2,43.6555,4.7,,0.09,0.8133,,,2026-09-30 02:26:03
天津市,海河流域,沧浪渠出境,2026-09-30 00:00,4,24.22,7.9,3.23,6494,1383.896,8.17,0.438,0.248,,,,2026-09-30 02:26:03
天津市,海河流域,万家码头,2026-09-30 00:00,4,24.69,8.23,6.29,2210.51,42.17,6.88,0.015,0.107,1.037,,,2026-09-30 02:26:03
天津市,海河流域,蓟运河防潮闸,2026-09-30 00:00,4,21.07603,7.8,6.3,1193.867,27.40655,6.52,0.357,0.188,2.598683,,,2026-09-30 02:26:03
天津市,海河流域,青静黄防潮闸,2026-09-30 00:00,4,25.5778,8.26,7.51,5528.473,35.11467,8.7,0.049,0.168,0.839966,,,2026-09-30 02:26:03
天津市,海河流域,马棚口防潮闸,2026-09-30 00:00,4,24.37,8.14,4.72,2870.7,196.6008,9.01,0.559,0.093,2.737,,,2026-09-30 02:26:03
天津市,海河流域,阎辛庄,2026-09-30 00:00,6,19.64715,7.33,1.86,2660.421,22.51148,5.07,0.528,0.165,2.58273,,,2026-09-30 02:26:03
天津市,海河流域,于桥水库库中心,2026-09-30 01:00,4,23.54,8.22,6.28,432.81,9.58,6.19,0.256,0.047,1.99,0.02534,2.095193,2026-09-30 02:26:03
天津市,海河流域,于桥水库出口,2026-09-30 00:00,4,23.57,8.02,4.48,392.782,19.62245,4.77,0.228,0.053,2.1331,,,2026-09-30 02:26:03
天津市,海河流域,黎河桥,2026-09-30 00:00,3,21.411,7.44,7.76,744.7,14.83,1.91,,0.139,11.054,,,2026-09-30 02:26:03
天津市,海河流域,沙河桥,2026-09-30 00:00,2,22.37,7.55,7.14,624.24,11.863,1.42,0.153,0.046,9.963,,,2026-09-30 02:26:03
天津市,海河流域,果河桥,2026-09-30 00:00,2,24.07,8.71,9.62,641.7654,4.0735,2.43,0.075,0.077,9.8286,,,2026-09-30 02:26:03
天津市,海河流域,西屯桥,2026-09-30 00:00,4,23.47,7.7,3.73,526.85,15.5252,3.97,0.871,0.085,3.336,,,2026-09-30 02:26:03
河北省,海河流域,下槐镇,2026-09-30 00:00,2,21.06,8.5,8.38,639.328,62.6628,1.54,,0.039,2.3509,,,2026-09-30 02:26:03
河北省,海河流域,地都,2026-09-30 00:00,2,20.41,8.16,6.97,1161.927,53.786,1.26,0.312,0.087,6.384,,,2026-09-30 02:26:03
河北省,海河流域,平山桥,2026-09-30 00:00,1,21.81,8.19,8.57,1046.24,24.699,1.06,,0.008,5.285,,,2026-09-30 02:26:03
河北省,海河流域,兆通,2026-09-30 00:00,1,24.23,8.57,9.07,289.7,3.63,1.97,0.003,0.006,0.639,,,2026-09-30 02:26:03
河北省,海河流域,大石桥,2026-09-30 00:00,4,25.06818,7.55,6.22,1262.197,18.63836,6.33,0.745,0.278,13.67733,,,2026-09-30 02:26:03
河北省,海河流域,涧河口,2026-09-30 00:00,4,23.06778,7.3,3.14,1106.622,32.63719,6.27,0.115,0.126,2.047864,,,2026-09-30 02:26:03
河北省,海河流域,丰北闸,2026-09-30 00:00,4,26.11685,7.57,6.49,1417.797,28.85905,6.05,0.028,0.135,0.670504,,,2026-09-30 02:26:03
河北省,海河流域,滦县大桥,2026-09-30 00:00,2,22.52,7.78,7.58,664.454,7.664082,2.16,0.001,0.038,4.7841,,,2026-09-30 02:26:03
河北省,海河流域,刘家庄,2026-09-30 00:00,2,19.36,7.99,6.73,590.2637,14.32,0.66,0.023,0.012,4.674,,,2026-09-30 02:26:03
河北省,海河流域,岳城水库出口,2026-09-30 00:00,1,24.48,8.57,9.91,556.992,12.70312,1.95,0.028,0.002,2.5731,,,2026-09-30 02:26:03
河北省,海河流域,曲周,2026-09-30 00:00,3,23.99,7.92,5.03,1025.718,23.186,2.47,0.138,0.097,3.44,,,2026-09-30 02:26:03
河北省,海河流域,沙阳,2026-09-30 00:00,2,23.98,8.03,6.3,1707.04,100.23,2.68,0.056,0.07,3.4227,,,2026-09-30 02:26:03
河北省,海河流域,艾辛庄,2026-09-30 00:00,4,22.71886,7.58,6.17,1374.115,8.1046,6.28,0.549,0.167,17.25222,,,2026-09-30 02:26:03
河北省,海河流域,后西吴桥,2026-09-30 00:00,3,24.79,8.33,5.64,983.73,61.3,3.62,0.132,0.171,12.6853,,,2026-09-30 02:26:03
河北省,海河流域,北河店,2026-09-30 00:00,2,23.37,7.83,6.66,549.8339,2.8173,1.58,0.004,0.019,4.862,,,2026-09-30 02:26:03
河北省,海河流域,白合,2026-09-30 00:00,6,20.16,8.11,8.4,512.16,1655.33,7.97,,0.931,6.008,,,2026-09-30 02:26:03
河北省,海河流域,杜里村,2026-09-30 00:00,2,17.32,8.45,9.54,415.86,62.72,2.22,,0.062,2.9369,,,2026-09-30 02:26:03
河北省,海河流域,温泉屯,2026-09-30 00:00,3,17.5,8.13,7.17,1099.491,63.7065,5.04,0.018,0.112,6.5791,,,2026-09-30 02:26:03
河北省,海河流域,左卫桥,2026-09-30 00:00,5,12.81,8.43,9.81,846.329,968.1489,6.47,0.016,0.396,16.0031,,,2026-09-30 02:26:03
河北省,海河流域,四道甸,2026-09-30 00:00,1,16.29,8.32,8.74,450.816,22.46577,1.69,0.015,0.016,5.9121,,,2026-09-30 02:26:03
河北省,海河流域,上二道河子,2026-09-30 00:00,2,19.59,7.95,7,493.118,6.19487,2.57,0.018,,7.0481,,,2026-09-30 02:26:03
河北省,辽河流域,甸子,2026-09-30 00:00,2,15.22,7.77,6.94,450.74,15.91,1.79,0.027,0.028,7.087,,,2026-09-30 02:26:03
河北省,海河流域,何老营,2026-09-30 00:00,2,23.20483,7.97,6.78,3452.225,11.55715,,0.027,,,,,2026-09-30 02:26:03
河北省,海河流域,大口河口,2026-09-30 00:00,4,23.22,7.76,5.78,18864.71,903.79,3.7,,0.244,5.46,,,2026-09-30 02:26:03
河北省,海河流域,四埝村桥,2026-09-30 00:00,4,24.21,8.71,4.31,4576.195,25.721,6.5,0.083,0.154,1.175,,,2026-09-30 02:26:03
河北省,海河流域,大王务,2026-09-30 00:00,4,23.31,7.76,4.29,842.442,15.77191,4.47,,0.057,0.6701,,,2026-09-30 02:26:03
河北省,海河流域,台头,2026-09-30 00:00,3,24.5289,8.11,8.8,1529.614,15.92472,5.72,0.108,0.106,1.4771,,,2026-09-30 02:26:03
河北省,海河流域,桑梓红旗闸,2026-09-30 00:00,3,22.78686,8.05,7.52,733.14,78.97844,4.59,0.085,0.137,10.5421,,,2026-09-30 02:26:03
河北省,海河流域,三小营,2026-09-30 00:00,4,21.22796,7.42,4.44,1055.62,6.976228,4.25,0.176,0.102,1.902208,,,2026-09-30 02:26:03
河北省,海河流域,小范桥,2026-09-30 00:00,5,24.99,7.9,5.53,927.053,2.185,12.6,0.008,0.049,0.5859,,,2026-09-30 02:26:03
河北省,海河流域,衡水湖大湖心,2026-09-30 00:00,3,24.42,8.6,7.74,1298.228,16.63,5.78,0.017,0.029,0.874,0.046384,1.600596,2026-09-30 02:26:03
河北省,海河流域,南张村,2026-09-30 00:00,1,25.47,8.48,8.26,251.24,5.665,1.77,0.024,0.008,0.6877,,,2026-09-30 02:26:03
河北省,海河流域,安州,2026-09-30 00:00,3,25.29,7.63,5.64,1218.505,33.1139,3.88,0.118,,7.071,,,2026-09-30 02:26:03
河北省,海河流域,膳马庙村北,2026-09-30 00:00,3,24.65,7.65,5.07,1147.398,52.6907,4.04,0.211,0.071,6.8588,,,2026-09-30 02:26:03
河北省,海河流域,南刘庄,2026-09-30 01:00,3,24.19,7.61,5.57,705.51,7.37,5.2,0.02,0.044,0.688,0.00994,4172334,2026-09-30 02:26:03
河北省,海河流域,烧车淀,2026-09-30 01:00,2,23.97,7.73,8.78,567.02,0.44,2.76,,0.017,3.056,0.0041,2919414,2026-09-30 02:26:03
河北省,海河流域,圈头,2026-09-30 01:00,3,24.43,8.23,8.3,769.87,1.3575,4.59,,0.022,0.438,0.00295,2056918,2026-09-30 02:26:03
河北省,海河流域,光淀张庄,2026-09-30 01:00,4,24.27,7.49,3.38,759.12,6.15,2.56,,0.018,1.542,,819342.4,2026-09-30 02:26:03
山西省,黄河流域,韩武村,2026-09-30 00:00,3,22.53,7.94,7.07,1304.09,11.74,5.64,0.21,0.168,6.601,,,2026-09-30 02:26:03
山西省,黄河流域,上兰,2026-09-30 00:00,2,19.04,8.34,7.13,642.682,10.08968,1.72,0.013,,1.3831,,,2026-09-30 02:26:03
山西省,黄河流域,汾河水库出口,2026-09-30 00:00,2,21.05,8.37,7.46,581.293,2.512341,1.56,0.003,0.003,1.3031,0.0104688,287065,2026-09-30 02:26:03
山西省,海河流域,堡子湾,2026-09-30 00:00,2,9.57,8.3,9.06,774.486,111.4349,3.85,0.008,0.098,5.7281,,,2026-09-30 02:26:03
山西省,海河流域,册田水库出口,2026-09-30 00:00,3,19.51,8.71,7.72,1074.711,14.56292,4.96,0.008,0.088,0.9761,,,2026-09-30 02:26:03
山西省,海河流域,古家坡,2026-09-30 00:00,6,18.79,8.05,4.63,1128.184,42.74441,7.5,2.104,0.307,4.4031,,,2026-09-30 02:26:03
山西省,海河流域,利仁皂,2026-09-30 00:00,3,16.05,7.87,6.33,1198.917,25.71311,3.74,0.817,0.137,4.7581,,,2026-09-30 02:26:03
山西省,海河流域,白羊墅,2026-09-30 00:00,3,20.88,7.96,7.28,1430.71,73.407,2.49,0.72,0.105,8.229,,,2026-09-30 02:26:03
山西省,海河流域,王家庄,2026-09-30 00:00,1,20.35,8.2,8.62,651.25,23.21,1.74,,0.018,4.383,,,2026-09-30 02:26:03
山西省,海河流域,司徒桥,2026-09-30 00:00,3,21.21,8.1,8.54,666.5459,22.1434,4.9,,0.05,1.742,,,2026-09-30 02:26:03
山西省,海河流域,关河水库出口,2026-09-30 00:00,2,20.13,7.92,7.93,531.32,7.462,3.77,,0.022,1.6175,,,2026-09-30 02:26:03
山西省,海河流域,北寨,2026-09-30 00:00,4,20.88,7.73,4.79,952.23,43.58,5.21,0.772,0.148,5.6736,,,2026-09-30 02:26:03
山西省,海河流域,后湾水库出口,2026-09-30 00:00,2,20.76,8.28,7.1,477.9,3.637,3.1,,0.017,0.457,,,2026-09-30 02:26:03
山西省,黄河流域,龙头,2026-09-30 00:00,2,19.17,8.14,7.12,628.5,53.86,1.95,,0.02,3.3722,,,2026-09-30 02:26:03
山西省,黄河流域,拴驴泉,2026-09-30 00:00,1,21.64,8.16,8.79,800.246,12.0575,1.01,,0.015,4.0012,,,2026-09-30 02:26:03
山西省,海河流域,东榆林水库出口,2026-09-30 00:00,2,19.67,8.05,7.25,705.825,33.57225,2.94,0.191,0.064,2.7311,,,2026-09-30 02:26:03
山西省,黄河流域,杀虎口,2026-09-30 00:00,2,14.41,8.1,7.85,618.361,63.76283,3.09,0.017,0.044,2.4881,,,2026-09-30 02:26:03
山西省,海河流域,王寨村,2026-09-30 00:00,2,20.39,8.22,8.05,630.516,63.491,1.07,,0.031,3.676,,,2026-09-30 02:26:03
山西省,黄河流域,安固桥,2026-09-30 00:00,4,19.636,7.69,3.22,3015.344,37.8982,6.01,0.211,0.147,20.515,,,2026-09-30 02:26:03
山西省,黄河流域,王庄桥南,2026-09-30 00:00,5,22.21,8.24,6.95,1530.958,39.64,11.38,0.026,0.12,8.031,,,2026-09-30 02:26:03
山西省,黄河流域,郝村,2026-09-30 00:00,4,21.74,8.09,4.5,1048.866,55.1199,5.51,0.046,0.083,2.5236,,,2026-09-30 02:26:03
山西省,黄河流域,张留庄,2026-09-30 00:00,4,23.61,8.37,7.97,4605.358,58.173,6.58,0.162,0.135,9.16,,,2026-09-30 02:26:03
山西省,黄河流域,上亳城,2026-09-30 00:00,2,22.31,8.12,7.05,937.538,40.263,1.69,0.04,0.043,5.524,,,2026-09-30 02:26:03
山西省,黄河流域,小韩村,2026-09-30 00:00,4,21.47,7.49,3.45,1499.26,31.859,4.98,0.312,0.145,2.943,,,2026-09-30 02:26:03
山西省,海河流域,梵王寺,2026-09-30 00:00,2,13.62,8.08,8.24,1157.93,7.892875,1.95,0.105,0.048,5.1671,,,2026-09-30 02:26:03
山西省,海河流域,代县桥,2026-09-30 00:00,2,16.81,8.21,8.49,699.698,112.0139,1.48,0.018,0.056,7.9391,,,2026-09-30 02:26:03
山西省,海河流域,定襄桥,2026-09-30 00:00,4,20.06,7.55,5.44,699.848,479.15,6.14,0.018,0.138,4.5111,,,2026-09-30 02:26:03
山西省,海河流域,南庄,2026-09-30 00:00,2,19.23,8.33,8.28,536.101,102.3195,2.71,,0.057,5.0581,,,2026-09-30 02:26:03
山西省,海河流域,坪上桥,2026-09-30 00:00,2,16.69,8.25,8.77,429.598,48.37467,2.56,0.014,0.03,4.1781,,,2026-09-30 02:26:03
山西省,黄河流域,河西村,2026-09-30 00:00,1,16.26,8.18,7.86,554.2,17.68,0.91,0.017,0.02,3.03,,,2026-09-30 02:26:03
山西省,黄河流域,上平望,2026-09-30 00:00,3,22.37,7.63,5.71,1323.26,138.98,5.01,0.234,0.101,9.301,,,2026-09-30 02:26:03
山西省,黄河流域,黑城村,2026-09-30 00:00,2,19.98,8.26,7.56,823.7305,742.5414,3.26,0.25,0.056,5.503,,,2026-09-30 02:26:03
山西省,黄河流域,曲立,2026-09-30 00:00,2,15.67,7.99,7.23,624.115,47.70965,1.64,0.037,0.072,5.3101,,,2026-09-30 02:26:03
山西省,黄河流域,裴家川口,2026-09-30 00:00,3,17.8,8.3,7.79,525.368,73.80548,3.17,,0.169,5.6991,,,2026-09-30 02:26:03
山西省,黄河流域,碛口,2026-09-30 00:00,2,21.18,8.4,7.01,937.578,5.965444,3.87,0.07,0.017,6.1301,,,2026-09-30 02:26:03
山西省,黄河流域,裴沟,2026-09-30 00:00,2,19.78,8.67,7.27,888.76,41.91826,2,0.02,0.019,5.0371,,,2026-09-30 02:26:03
山西省,黄河流域,三川河两河口桥,2026-09-30 00:00,3,21.25,8.54,6.81,841.282,14.02491,3.23,0.037,0.151,6.7701,,,2026-09-30 02:26:03
山西省,黄河流域,碧村,2026-09-30 00:00,2,19.18,8.4,7.89,786.29,27.64953,2.5,0.038,0.032,6.0791,,,2026-09-30 02:26:03
山西省,黄河流域,北峪口,2026-09-30 00:00,3,19.49846,8,5.99,565.641,32.63921,1.56,0.021,0.023,2.9351,,,2026-09-30 02:26:03
山西省,黄河流域,南姚,2026-09-30 00:00,3,21.1,7.96,5.48,1138.35,37.37,3.49,0.187,0.12,4.516,,,2026-09-30 02:26:03
内蒙古自治区,黄河流域,大黑河入黄口,2026-09-30 00:00,3,16.58,8.24,7.7,978.2775,303.5909,,0.187,0.134,6.28425,,,2026-09-30 02:26:03
内蒙古自治区,黄河流域,磴口,2026-09-30 00:00,2,16.74,8.54,8.77,782.2479,790.3507,2.88,0.241,0.066,1.38693,,,2026-09-30 02:26:03
内蒙古自治区,松花江流域,根河口内,2026-09-30 00:00,2,11.96,6.14,9.82,89.08,4.97,3.33,,0.015,0.134,,,2026-09-30 02:26:03
内蒙古自治区,松花江流域,李屯,2026-09-30 00:00,3,9.86,7.32,9.9,103.786,17.9273,4.47,,0.027,0.584,,,2026-09-30 02:26:03
内蒙古自治区,松花江流域,陶海,2026-09-30 00:00,3,9.6,7.72,10.76,184,15.5,4.31,,0.057,0.351,,,2026-09-30 02:26:03
内蒙古自治区,松花江流域,嵯岗,2026-09-30 01:00,4,10.38,8.09,8.8,215.314,50.827,7.32,0.005,0.083,0.51,,,2026-09-30 02:26:03
内蒙古自治区,松花江流域,成吉思汗,2026-09-30 00:00,1,12.46,7.22,9.64,153.28,9.13,1.58,,0.018,1.275,,,2026-09-30 02:26:03
内蒙古自治区,松花江流域,讷尔克气,2026-09-30 00:00,2,9.2,7.29,10.7,76.176,5.072,3.52,,0.013,0.378,,,2026-09-30 02:26:03
内蒙古自治区,黄河流域,三盛公,2026-09-30 00:00,2,18.56061,8.3,9.11,847.2787,424.1796,1.73,0.104,0.028,2.4827,,,2026-09-30 02:26:03
内蒙古自治区,松花江流域,大山矿,2026-09-30 00:00,2,8.27,7.8,10.51,168.28,2.94,2.29,,0.022,0.218,,,2026-09-30 02:26:03
内蒙古自治区,松花江流域,察尔森水库西入口,2026-09-30 00:00,2,15.97,7.72,7.86,167.61,41.27,3.02,,,1.353,0.00574,1307460,2026-09-30 02:26:03
内蒙古自治区,西北诸河,哨马营,2026-09-30 00:00,1,13.64609,8.56,9.26,709.4109,29.29283,1.14,0.034,0.008,1.93594,,,2026-09-30 02:26:03
辽宁省,辽河流域,于台,2026-09-30 00:00,6,19.23,7.33,4.77,805.58,18.252,6.26,2.445,0.237,8.883,,,2026-09-30 02:26:03
辽宁省,辽河流域,砂山,2026-09-30 00:00,2,18.7,7.8,6.92,758.569,13.918,2.78,0.098,0.048,5.485,,,2026-09-30 02:26:03
辽宁省,辽河流域,巨流河大桥,2026-09-30 00:00,3,18.42,8.1,8.83,640.3,78.2,5.94,0.004,0.094,2.518,,,2026-09-30 02:26:03
辽宁省,辽河流域,兴国桥,2026-09-30 00:00,2,15.48,7.49,6.53,578.903,9.901,2.3,,0.015,0.725,,,2026-09-30 02:26:03
辽宁省,辽河流域,城子坦,2026-09-30 00:00,2,20.83407,8.35,9.12,250.5638,9.56841,1.32,0.002,0.03,1.50166,,,2026-09-30 02:26:03
辽宁省,辽河流域,麦家,2026-09-30 00:00,4,21.98,7.41,4.29,504.4,22.47,4.19,0.406,0.101,2.136,,,2026-09-30 02:26:03
辽宁省,辽河流域,复州湾大桥,2026-09-30 00:00,3,19.9435,7.75,5.83,553.692,16.3296,5.3,0.248,0.131,4.741,,,2026-09-30 02:26:03
辽宁省,辽河流域,三台子,2026-09-30 00:00,4,21.62834,7.48,4.41,752.0149,11.72946,2.99,0.385,0.055,2.88176,,,2026-09-30 02:26:03
辽宁省,辽河流域,万泰,2026-09-30 00:00,2,22.34,7.51,7.43,144.419,7.3261,2.59,0.013,0.014,2.50883,,,2026-09-30 02:26:03
辽宁省,辽河流域,登化,2026-09-30 00:00,4,21.4148,8.94,14.94,693.903,16.6264,6.71,0.008,0.123,4.234,,,2026-09-30 02:26:03
辽宁省,辽河流域,小姐庙,2026-09-30 00:00,4,19.69,7.6,4.34,763.8,4.48,2.79,0.344,0.074,5.191,,,2026-09-30 02:26:03
辽宁省,辽河流域,口子街,2026-09-30 00:00,1,19.28,8.29,8.32,308.1,3.63019,1.67,0.006,0.013,3.138,,,2026-09-30 02:26:03
辽宁省,辽河流域,牛庄,2026-09-30 00:00,4,19.4783,7.83,4.78,586.911,13.7984,5.15,0.241,0.104,3.328,,,2026-09-30 02:26:03
辽宁省,辽河流域,关门山大桥,2026-09-30 00:00,2,17.36,7.73,7.47,334.928,215.922,1.04,0.008,0.008,4.519,,,2026-09-30 02:26:03
辽宁省,辽河流域,刘家台,2026-09-30 00:00,2,18.515,7.75,6.64,727.458,14.242,3.39,0.168,0.074,5.209,,,2026-09-30 02:26:03
辽宁省,辽河流域,戈布桥,2026-09-30 01:00,3,16.01,7,5.31,567.37,37.69,5.25,0.397,0.085,2.672,,,2026-09-30 02:26:03
辽宁省,辽河流域,凤鸣电站,2026-09-30 00:00,2,19.36,7.82,7.96,202.44,5.308,2.46,0.005,0.018,3.208,,,2026-09-30 02:26:03
辽宁省,辽河流域,南太子河入库口,2026-09-30 00:00,1,17.4,7.4,7.7,182.9,2.16,0.52,0.023,0.006,4.538,,,2026-09-30 02:26:03
辽宁省,辽河流域,江桥,2026-09-30 00:00,3,21.55,7.23,5.22,156.3,4.66,1.1,0.014,0.015,2.475,,,2026-09-30 02:26:03
辽宁省,辽河流域,爱河大桥,2026-09-30 00:00,2,20.8321,7.01,6.6,224.231,5.20812,1.35,0.042,0.022,3.583,,,2026-09-30 02:26:03
辽宁省,辽河流域,蒲石河大桥,2026-09-30 00:00,1,20.15,7.84,8.15,225.25,3.949,1.69,0.005,0.016,2.585,,,2026-09-30 02:26:03
辽宁省,辽河流域,王家沟,2026-09-30 00:00,2,20.19,8.15,8.02,663.17,10.03,1.86,,0.022,4.901,,,2026-09-30 02:26:03
辽宁省,辽河流域,张家堡,2026-09-30 00:00,2,18.83,7.9,7.02,645.73,326.908,2.07,0.033,0.038,5.276,,,2026-09-30 02:26:03
辽宁省,辽河流域,女儿河入河口,2026-09-30 00:00,2,20.42,7.9,10.56,877.9,12.58,0.78,0.012,0.033,18.732,,,2026-09-30 02:26:03
辽宁省,辽河流域,何家信子,2026-09-30 00:00,2,19.98,8.18,8.1,464.7,5.88,2.6,0.009,0.018,1.101,,,2026-09-30 02:26:03
辽宁省,辽河流域,西树林,2026-09-30 00:00,3,20.06,8.5,9.56,944.97,22.25,4.15,0.065,0.088,4.013,,,2026-09-30 02:26:03
辽宁省,辽河流域,高台子,2026-09-30 00:00,6,19.03,7.48,0.42,1180.51,54.525,3.76,0.347,0.099,7.679,,,2026-09-30 02:26:03
辽宁省,辽河流域,茧场,2026-09-30 00:00,1,19.02,8.24,9.4,330.8069,12.38503,1.86,0.008,0.009,6.69592,,,2026-09-30 02:26:03
辽宁省,辽河流域,大清河口,2026-09-30 00:00,4,21.18,7.8,4.79,506.12,23.994,5.43,0.68,0.083,5.046,,,2026-09-30 02:26:03
辽宁省,辽河流域,东羊角,2026-09-30 00:00,3,17.94,7.69,7.48,739.4,24.7,2.42,0.871,0.131,6.606,,,2026-09-30 02:26:03
辽宁省,辽河流域,下口子,2026-09-30 00:00,2,20.08,7.66,6.29,630.1,226.65,1.91,0.009,0.039,4.427,,,2026-09-30 02:26:03
辽宁省,辽河流域,河洪桥,2026-09-30 00:00,3,17.49,7.66,7.96,722.899,22.2161,3.29,0.312,0.132,7.277,,,2026-09-30 02:26:03
辽宁省,辽河流域,二道河水库口,2026-09-30 00:00,2,16.1897,7.92,6.97,414.382,2.23749,0.84,0.019,0.005,3.001,,,2026-09-30 02:26:03
辽宁省,辽河流域,下王家,2026-09-30 00:00,2,18.5536,7.4,6.19,597.979,5.37902,1.61,0.002,0.021,4.766,,,2026-09-30 02:26:03
辽宁省,辽河流域,汤河桥,2026-09-30 00:00,2,18.94,7.62,7.64,550.5,15.369,1.65,0.031,0.03,4.457,,,2026-09-30 02:26:03
辽宁省,辽河流域,下达河入汤河水库口,2026-09-30 00:00,2,15.8064,7.87,7.2,418.747,3.897,1.85,0.027,0.016,3.54,,,2026-09-30 02:26:03
辽宁省,辽河流域,丁家柳河桥,2026-09-30 00:00,4,18.38,7.58,5.2,1300.48,88.196,9.26,0.386,0.197,1.949,,,2026-09-30 02:26:03
辽宁省,辽河流域,盘锦兴安,2026-09-30 00:00,4,19.37,7.54,4.06,572.22,38.46,5.95,0.038,0.08,1.407,,,2026-09-30 02:26:03
辽宁省,辽河流域,曙光大桥,2026-09-30 00:00,3,19.93,7.49,5.16,920.56,40.89,5.16,0.385,0.138,1.689,,,2026-09-30 02:26:03
辽宁省,辽河流域,胜利塘,2026-09-30 00:00,-1,,,,,,,,,,,,2026-09-30 02:26:03
辽宁省,辽河流域,鲜峰桥,2026-09-30 00:00,3,18.72,7.69,7.1,1243.32,35.533,4.05,0.026,0.097,6.677,,,2026-09-30 02:26:03
辽宁省,辽河流域,清辽,2026-09-30 00:00,3,17.86,7.27,8.23,522.46,20.92,2.37,0.064,0.101,7.313,,,2026-09-30 02:26:03
辽宁省,辽河流域,通江口,2026-09-30 00:00,3,17.17,8.31,9.83,752.92,45.73,4.38,,0.061,3.473,,,2026-09-30 02:26:03
辽宁省,辽河流域,珠尔山,2026-09-30 01:00,3,17.04,7.66,8.12,593.3,21.22,4.46,0.069,0.088,3.241,,,2026-09-30 02:26:03
辽宁省,辽河流域,凡河一号桥,2026-09-30 01:00,2,19.44,8.48,7.88,330.4,34.6,2.79,,0.049,3.6367,,,2026-09-30 02:26:03
辽宁省,辽河流域,松树水文站,2026-09-30 00:00,3,15.78,7.79,8.09,405.85,106.26,5.58,0.138,0.144,6.909,,,2026-09-30 02:26:03
辽宁省,辽河流域,亮子河入河口,2026-09-30 00:00,3,15.27,7.81,7.36,618.84,23.8,5,0.141,0.15,3.405,,,2026-09-30 02:26:03
辽宁省,辽河流域,大凌河西支入河口,2026-09-30 00:00,3,16.23,7.93,6.3,857.15,10.065,2.73,0.834,0.135,20.839,,,2026-09-30 02:26:03
辽宁省,辽河流域,李家湾大桥,2026-09-30 00:00,2,15.4,7.95,8.76,498.3,81.5,1.45,,0.047,5.4,,,2026-09-30 02:26:03
辽宁省,辽河流域,红石碑入海前,2026-09-30 00:00,3,21.17,8.54,13.36,1029.409,22.218,4.46,,0.062,4.084,,,2026-09-30 02:26:03
辽宁省,辽河流域,小渔场,2026-09-30 00:00,4,22.17,7.5,4.71,27666.88,1.835,1.46,0.215,0.048,4.95,,,2026-09-30 02:26:03
吉林省,松花江流域,砖瓦窑桥,2026-09-30 00:00,3,14.48,7.68,6.25,778.29,22.96,4.05,0.253,0.123,9.383,,,2026-09-30 02:26:03
吉林省,松花江流域,镇江口,2026-09-30 00:00,3,16.63,7.85,9.35,236.2,35.28,4.31,0.064,0.087,3.811,,,2026-09-30 02:26:03
吉林省,松花江流域,靠山大桥,2026-09-30 00:00,4,15.88,8.1,9.56,730.36,68,5.91,0.035,0.22,5.462,,,2026-09-30 02:26:03
吉林省,松花江流域,饮马河大桥,2026-09-30 00:00,2,16.93,7.72,7.92,243.84,31.31,3.43,,0.063,2.767,,,2026-09-30 02:26:03
吉林省,松花江流域,刘珍屯,2026-09-30 00:00,3,16.37,7.54,9.37,503.61,36.21,4.08,0.08,0.106,3.663,,,2026-09-30 02:26:03
吉林省,松花江流域,周家河口,2026-09-30 01:00,2,13.67,7.48,9.1,518.71,38.97,3.32,0.056,0.051,2.483,,,2026-09-30 02:26:03
吉林省,松花江流域,白旗,2026-09-30 00:00,2,17.849,7.39,9.05,244.399,22.9962,3.48,0.036,0.06,3.8173,,,2026-09-30 02:26:03
吉林省,松花江流域,白山大桥,2026-09-30 00:00,4,13.93,6.81,5.72,122.764,29.528,6.19,0.012,0.043,1.903,,,2026-09-30 02:26:03
吉林省,松花江流域,福兴,2026-09-30 00:00,3,15.53,7.48,6.42,303.032,58.47,4.37,0.118,0.096,1.955,,,2026-09-30 02:26:03
吉林省,松花江流域,桦树林,2026-09-30 00:00,4,17.33,7.72,6.66,294.694,35.804,6.19,0.045,0.051,2.638,0.00644,663552,2026-09-30 02:26:03
吉林省,松花江流域,官厅桥,2026-09-30 00:00,4,16.32,7.19,3.47,411,3.384,2.4,0.188,0.053,1.293,,,2026-09-30 02:26:03
吉林省,松花江流域,蛟河口,2026-09-30 00:00,2,16.071,7.27,7.78,321.838,46.914,4,0.131,0.091,5.098,,,2026-09-30 02:26:03
吉林省,松花江流域,哨口,2026-09-30 00:00,2,19.1933,7.36,8.45,224.171,8.2394,3.41,0.058,0.042,3.6263,,,2026-09-30 02:26:03
吉林省,松花江流域,肖家船口,2026-09-30 00:00,2,14.7606,7.11,7.82,200.011,27.4102,2.26,0.124,0.048,3.1127,,,2026-09-30 02:26:03
吉林省,松花江流域,烟筒山,2026-09-30 00:00,2,16.72,7.65,8.34,358.476,43.287,3.54,0.105,0.097,3.877,,,2026-09-30 02:26:03
吉林省,辽河流域,四双大桥,2026-09-30 00:00,2,15.43,8.08,9.37,681.25,17.83,3.1,0.003,0.05,1.665,,,2026-09-30 02:26:03
吉林省,辽河流域,城子上,2026-09-30 00:00,2,16.56,7.8,7.42,521.16,8.47,3.4,0.175,0.065,3.089,,,2026-09-30 02:26:03
吉林省,辽河流域,六家子,2026-09-30 00:00,2,15.51,7.96,10.05,733,7.1,2.78,0.001,0.073,8.0286,,,2026-09-30 02:26:03
吉林省,辽河流域,林家,2026-09-30 00:00,3,16.1,7.98,8.95,787.2,16.4,4.68,0.041,0.132,7.135,,,2026-09-30 02:26:03
吉林省,辽河流域,河清,2026-09-30 00:00,3,16.47,7.56,5.66,767.4,18.95,3.76,0.018,0.041,5.347,,,2026-09-30 02:26:03
吉林省,辽河流域,民主,2026-09-30 00:00,2,17.94,8.39,9.96,399.1,17.433,3.36,0.01,0.026,3.253,,,2026-09-30 02:26:03
吉林省,松花江流域,高集岗桥,2026-09-30 00:00,3,16.95,7.71,8.64,307.7,36.518,4.13,0.178,0.09,4.124,,,2026-09-30 02:26:03
吉林省,辽河流域,云峰,2026-09-30 00:00,3,20.462,7.13,5.3,128.604,3.2544,2.01,0.021,0.018,1.471,,,2026-09-30 02:26:03
吉林省,辽河流域,老虎哨,2026-09-30 00:00,2,20.734,7.39,7.42,116.453,5.034,2.01,0.027,0.014,1.962,,,2026-09-30 02:26:03
吉林省,辽河流域,鸠谷,2026-09-30 00:00,2,12.1,7.45,9.98,140.2,11.3,2.53,0.097,0.071,1.457,,,2026-09-30 02:26:03
吉林省,辽河流域,葫芦套,2026-09-30 00:00,2,17.08,7.92,9.12,145.174,19.799,2.12,0.014,0.033,1.264,,,2026-09-30 02:26:03
吉林省,辽河流域,大阳岔,2026-09-30 00:00,2,10.54,8.02,7.38,277.763,3.902,0.41,,0.014,1.391,,,2026-09-30 02:26:03
吉林省,松花江流域,松林,2026-09-30 01:00,2,15.78,7.33,8.82,299,21.79,3.98,0.092,0.086,3.627,,,2026-09-30 02:26:03
吉林省,松花江流域,白沙滩,2026-09-30 01:00,3,14.89,7.75,9.39,166.21,54.81,4.51,0.102,0.084,1.375,,,2026-09-30 02:26:03
吉林省,松花江流域,月亮湖下,2026-09-30 00:00,3,15.74,8.53,7.87,458.16,90.15,5.43,,0.066,1.391,,,2026-09-30 02:26:03
吉林省,松花江流域,圈河,2026-09-30 00:00,2,16.932,7.94,9.45,200.172,60.181,3.07,0.063,0.046,1.671,,,2026-09-30 02:26:03
吉林省,松花江流域,大山,2026-09-30 00:00,3,16.11,7.98,10.57,163.65,11.257,5.48,0.079,0.07,1.831,,,2026-09-30 02:26:03
吉林省,松花江流域,崇善,2026-09-30 00:00,3,9.98,7.52,10.4,95.761,6.233,4.37,0.088,0.155,1.151,,,2026-09-30 02:26:03
吉林省,松花江流域,榆树川,2026-09-30 00:00,2,14.95,7.52,8.93,240.573,14.711,3.69,0.009,0.048,2.23,,,2026-09-30 02:26:03
吉林省,松花江流域,磨盘大桥,2026-09-30 00:00,3,17.54,7.85,7.42,300.35,36.13,4.33,0.613,0.146,3.75,,,2026-09-30 02:26:03
吉林省,松花江流域,西崴子,2026-09-30 00:00,3,15.48,8.11,8.79,200.909,35.1668,4.14,0.019,0.046,1.324,,,2026-09-30 02:26:03
吉林省,松花江流域,石井,2026-09-30 00:00,2,15.95,8.04,8.94,285.473,57.383,3.48,0.027,0.086,2.383,,,2026-09-30 02:26:03
吉林省,松花江流域,三家子,2026-09-30 00:00,2,17.18,7.44,8.65,162.21,8.81,2.76,0.268,0.056,1.636,,,2026-09-30 02:26:03
吉林省,松花江流域,建封路大桥,2026-09-30 00:00,2,10.11,7.57,10.15,201.381,16.709,1.61,0.019,0.066,0.743,,,2026-09-30 02:26:03
黑龙江省,松花江流域,摆渡镇,2026-09-30 00:00,3,16.256,7.93,8.63,232.921,45.148,5.43,0.048,0.121,1.876,,,2026-09-30 02:26:03
黑龙江省,松花江流域,苗家,2026-09-30 00:00,3,16.4,8.73,10.58,277,17.5,5.26,0.035,0.13,1.156,,,2026-09-30 02:26:03
黑龙江省,松花江流域,朱顺屯,2026-09-30 00:00,4,17.4838,7.79,7.17,217.859,69.1105,6.77,0.056,0.125,1.572,,,2026-09-30 02:26:03
黑龙江省,松花江流域,阿什河口内,2026-09-30 00:00,4,16.059,7.17,4.4,591.4,23.99,3.12,0.881,0.162,5.198,,,2026-09-30 02:26:03
黑龙江省,松花江流域,大顶子山,2026-09-30 00:00,3,17.7975,7.67,7.69,225.374,37.4782,5.25,0.052,0.092,2.625,,,2026-09-30 02:26:03
黑龙江省,松花江流域,拉哈,2026-09-30 00:00,4,16.01,7.58,8.06,114.266,30.68,7.76,,0.08,1.201,,,2026-09-30 02:26:03
黑龙江省,松花江流域,查哈阳乡,2026-09-30 00:00,2,12.5,7.6,10.57,101.2,16.7,3.13,0.003,0.026,0.421,,,2026-09-30 02:26:03
黑龙江省,松花江流域,音河水库,2026-09-30 00:00,2,15.86,7.84,8.55,234.33,70.63,3.63,,0.066,3.908,,,2026-09-30 02:26:03
黑龙江省,松花江流域,浏园,2026-09-30 00:00,3,14.93,7.37,9.07,161.6,38,5.12,,0.06,1.796,,,2026-09-30 02:26:03
黑龙江省,松花江流域,富源村,2026-09-30 00:00,4,15.81,7.74,8.97,104.82,16.93,8.83,0.02,0.061,0.779,,,2026-09-30 02:26:03
黑龙江省,松花江流域,858九队,2026-09-30 00:00,3,20.44,6.96,8.97,144,55.8243,5.83,0.543,0.154,1.8437,,,2026-09-30 02:26:03
黑龙江省,松花江流域,名山,2026-09-30 00:00,4,13.173,7.75,10.96,129.839,25.88,7.74,0.019,0.017,0.42,,,2026-09-30 02:26:03
黑龙江省,松花江流域,挠力河口内,2026-09-30 00:00,3,14.225,7.29,8.07,172.625,39.673,5.39,0.015,0.069,0.623,,,2026-09-30 02:26:03
黑龙江省,松花江流域,肇源,2026-09-30 01:00,4,16.24,7.8,9.52,266.16,41.87,7.21,0.117,0.117,1.4,,,2026-09-30 02:26:03
黑龙江省,松花江流域,嫩江口内,2026-09-30 00:00,4,16.12,7.71,9.07,172.52,66.754,6.69,0.002,0.099,1.453,,,2026-09-30 02:26:03
黑龙江省,松花江流域,友好,2026-09-30 00:00,5,11.81,7.31,10.26,105.467,9.828,12.49,0.015,0.05,1.086,,,2026-09-30 02:26:03
黑龙江省,松花江流域,嘉荫,2026-09-30 00:00,4,13.58,7.66,10.55,123.799,4.478,8.84,0.037,0.029,0.34,,,2026-09-30 02:26:03
黑龙江省,松花江流域,双河渠首,2026-09-30 00:00,2,14.49,7.3,9.48,141.5,10.9,3.59,,0.03,2.815,,,2026-09-30 02:26:03
黑龙江省,松花江流域,海浪,2026-09-30 00:00,2,15.82,7.33,10.31,142.9,46.56,3.89,0.043,0.076,2.935,,,2026-09-30 02:26:03
黑龙江省,松花江流域,三道,2026-09-30 00:00,5,20.15,7.12,7.14,119.07,79.59,4.85,0.046,0.114,3.135,0.052002,28288,2026-09-30 02:26:03
黑龙江省,松花江流域,电视塔,2026-09-30 00:00,5,19.44,6.8,5.2,97.5,86.072,7.87,0.066,0.13,2.722,0.00259,15744,2026-09-30 02:26:03
黑龙江省,松花江流域,海浪河口内,2026-09-30 00:00,2,14.97,6.88,9.04,117.2,43.23,3.64,0.042,0.011,2.121,,,2026-09-30 02:26:03
黑龙江省,松花江流域,黑河下,2026-09-30 00:00,4,10.77,7.68,9.88,158.7443,11.8623,6.49,0.016,0.035,0.4478,,,2026-09-30 02:26:03
黑龙江省,松花江流域,呼玛河口内,2026-09-30 00:00,3,10.9,7.37,10.1,71.496,0.89,5.25,0.029,0.02,0.214,,,2026-09-30 02:26:03
黑龙江省,松花江流域,加格达奇上,2026-09-30 00:00,2,9.26,7.08,10.12,65.882,11.3143,3.33,,0.008,0.183,,,2026-09-30 02:26:03
上海市,长江流域,富锦路桥,2026-09-30 01:00,4,26.7,7.61,3.4,489.3,105.5,3.54,0.018,0.165,3.472,,,2026-09-30 02:26:03
上海市,太湖流域,明星路桥,2026-09-30 00:00,4,26.04,7.2,3.6,425.1651,28.48624,,0.1,0.118,1.25295,,,2026-09-30 02:26:03
上海市,太湖流域,临江,2026-09-30 01:00,4,26.1,7.64,4.84,467.14,112.48,4.24,0.013,0.175,2.058,,,2026-09-30 02:26:03
上海市,太湖流域,闵行西界,2026-09-30 01:00,4,27.26,7.33,3.6,523.17,52.25,3.08,0.055,0.073,1.644,,,2026-09-30 02:26:03
上海市,太湖流域,吴淞口,2026-09-30 00:00,3,27.049,7.7,5.06,404.256,124.062,3.34,0.148,0.16,2.656,,,2026-09-30 02:26:03
上海市,太湖流域,蕴川路桥,2026-09-30 01:00,3,25.54,7.89,6.74,344.36,89.11,2.03,,0.11,1.926,,,2026-09-30 02:26:03
上海市,太湖流域,三甲港,2026-09-30 00:00,3,26.2,7.93,7.26,1138.3,87.8,2.46,0.191,0.114,1.806,,,2026-09-30 02:26:03
上海市,太湖流域,急水港桥,2026-09-30 00:00,5,25.55,7.23,2.42,511.5,25.8,2.81,0.074,0.088,1.679,0.0163,1839607,2026-09-30 02:26:03
上海市,太湖流域,太浦河桥,2026-09-30 01:00,4,26.85,7.27,3.38,371.68,38.53,3.35,,0.074,1.339,,,2026-09-30 02:26:03
江苏省,长江流域,陈浅,2026-09-30 00:00,6,22.86,7.09,1.09,318.5,40.63,5.92,0.419,0.217,2.126,,,2026-09-30 02:26:03
江苏省,长江流域,七桥瓮,2026-09-30 00:00,6,24.25,7.25,1.68,369.55,28.21,5.06,0.595,0.126,1.851,,,2026-09-30 02:26:03
江苏省,长江流域,节制闸,2026-09-30 00:00,5,23.35,7.16,2.97,353.88,24.64,5.22,0.824,0.16,2.517,,,2026-09-30 02:26:03
江苏省,长江流域,钱家渡,2026-09-30 00:00,4,25.66,7.58,4.9,273.14,31.02,2.9,0.01,0.058,0.788,,,2026-09-30 02:26:03
江苏省,太湖流域,锡东水厂,2026-09-30 01:00,3,24.33,8.47,7.28,373.93,16.04,3.02,0.045,0.045,0.265,0.01053,4886690,2026-09-30 02:26:03
江苏省,太湖流域,兰山嘴,2026-09-30 01:00,5,24.61,8.39,7.56,339.82,107.79,4.77,0.005,0.125,1.124,0.0052,1.689963,2026-09-30 02:26:03
江苏省,太湖流域,蠡桥,2026-09-30 00:00,5,25.16,7.33,2.48,444.5,10.67,2.7,0.662,0.092,1.626,,,2026-09-30 02:26:03
江苏省,太湖流域,百渎港桥,2026-09-30 00:00,4,25.64,7.27,3.13,446.1,40.24,2.63,0.11,0.123,2.411,,,2026-09-30 02:26:03
江苏省,太湖流域,殷村港桥,2026-09-30 01:00,5,24.78,7.26,2.85,420.02,43.52,3.75,0.193,0.107,1.891,,,2026-09-30 02:26:03
江苏省,太湖流域,大浦港桥,2026-09-30 00:00,5,25.29,7.36,2.93,415.5,53,3.73,0.214,0.097,1.829,,,2026-09-30 02:26:03
江苏省,太湖流域,五牧,2026-09-30 00:00,4,24.51,6.92,4.19,316.24,27.19,2.77,0.353,0.165,2.729,,,2026-09-30 02:26:03
江苏省,太湖流域,拖山,2026-09-30 01:00,4,24.71,8.63,7.55,330.59,45.28,3.94,0.037,0.085,1.122,0.00426,7073979,2026-09-30 02:26:03
江苏省,太湖流域,五里湖心,2026-09-30 01:00,4,24.97,7.73,6.53,405.56,21.82226,2.59,,0.066,0.419,0.00246,4394808,2026-09-30 02:26:03
江苏省,太湖流域,金潼桥,2026-09-30 00:00,2,26.23,7.75,6.02,306.9,19.94,2.08,0.034,0.069,1.562,,,2026-09-30 02:26:03
江苏省,太湖流域,大港桥,2026-09-30 00:00,4,23.6,6.61,4.82,155.14,6.82,2.84,0.129,0.059,1.583,,,2026-09-30 02:26:03
江苏省,太湖流域,潘家坝,2026-09-30 01:00,4,25.05,7.36,3.79,403.72,36.27,3.47,0.197,0.126,1.991,,,2026-09-30 02:26:03
江苏省,太湖流域,长济桥,2026-09-30 00:00,2,25.77,7.72,6.29,310.1,19.92,1.93,0.027,0.075,1.677,,,2026-09-30 02:26:03
江苏省,太湖流域,钓邾大桥,2026-09-30 00:00,3,25.7,7.57,5.38,491.68,33.26,2.47,0.228,0.11,1.627,,,2026-09-30 02:26:03
江苏省,长江流域,小湾,2026-09-30 00:00,2,25.73,7.77,6.27,302.8,19.74,1.71,,0.056,1.484,,,2026-09-30 02:26:03
江苏省,淮河流域,李庄,2026-09-30 00:00,3,24.91,8.31,5.79,617.2,7.6,4.18,0.108,0.104,3.759,,,2026-09-30 02:26:03
江苏省,淮河流域,李集桥,2026-09-30 00:00,4,24.82,7.84,4.56,1341.52,4.59,4.2,0.064,0.06,0.946,,,2026-09-30 02:26:03
江苏省,淮河流域,华山闸,2026-09-30 00:00,4,24.37,8.13,3.95,1256.5,9.24,5.6,0.027,0.066,0.889,,,2026-09-30 02:26:03
江苏省,淮河流域,沙庄桥,2026-09-30 00:00,4,25.15,7.92,6.83,1266.8,16.3,6.75,0.129,0.138,1.262,,,2026-09-30 02:26:03
江苏省,淮河流域,张楼,2026-09-30 00:00,2,25.272,7.8,6.09,1240.161,15.193,3.69,0.114,0.093,0.923,,,2026-09-30 02:26:03
江苏省,淮河流域,沙集西闸,2026-09-30 00:00,4,23.89,7.51,3.28,784.05,30.81,3.26,0.124,0.101,0.931,,,2026-09-30 02:26:03
江苏省,淮河流域,艾山西大桥,2026-09-30 00:00,4,25.288,8.44,9.48,930.902,21.061,7.61,0.217,0.198,6.257,,,2026-09-30 02:26:03
江苏省,淮河流域,下楼公路桥,2026-09-30 00:00,3,23.05,7.34,7.97,1061.18,9.4,4.37,0.13,0.072,0.854,,,2026-09-30 02:26:03
江苏省,长江流域,魏村,2026-09-30 00:00,2,25.37,7.61,6,306.08,16.4,1.52,,0.065,1.564,,,2026-09-30 02:26:03
江苏省,太湖流域,姚巷桥,2026-09-30 01:00,4,25.88,7.76,4.03,391.91,12.93,2.86,0.165,0.083,1.907,,,2026-09-30 02:26:03
江苏省,太湖流域,黄埝桥,2026-09-30 00:00,5,23.22,6.99,2.44,352.3,22.85,6.57,0.621,0.284,2.754,,,2026-09-30 02:26:03
江苏省,太湖流域,落蓬湾,2026-09-30 00:00,3,25.96,7.32,5.06,287.6,168.6,3.71,0.16,0.098,1.399,,,2026-09-30 02:26:03
江苏省,太湖流域,九号桥,2026-09-30 00:00,4,24.07,7.37,3.35,383.1,21.3,2.67,0.493,0.131,3.178,,,2026-09-30 02:26:03
江苏省,太湖流域,胥湖心,2026-09-30 01:00,2,24.93,8,6.4,344.23,8.04,2.43,0.012,0.007,0.151,0.0011,313536.1,2026-09-30 02:26:03
江苏省,太湖流域,乌龟山南,2026-09-30 01:00,3,24.76,8.19,7.55,363.847,26.021,3.1,0.033,0.044,0.488,0.00131,7108737,2026-09-30 02:26:03
江苏省,太湖流域,望亭上游,2026-09-30 00:00,3,25.67,7.52,5.74,524.8,26.85,2.78,0.286,0.139,3.051,,,2026-09-30 02:26:03
江苏省,太湖流域,千灯浦口,2026-09-30 00:00,4,25.88,7.39,4.07,530.936,34.089,3.36,0.046,0.103,1.0835,,,2026-09-30 02:26:03
江苏省,太湖流域,朱厍港口,2026-09-30 00:00,4,25.1,7.34,4.04,521.9,27.9,3.29,0.082,0.09,1.319,,,2026-09-30 02:26:03
江苏省,太湖流域,浏河闸,2026-09-30 00:00,4,25.79,7.37,4.15,587.9,40.633,3.37,0.16,0.135,2.0647,,,2026-09-30 02:26:03
江苏省,太湖流域,江边闸,2026-09-30 00:00,4,25.05,7.46,4.46,597.1,30.98,2.65,,0.097,2.256,,,2026-09-30 02:26:03
江苏省,太湖流域,瓜泾口西,2026-09-30 00:00,6,26.37,7.32,1.84,342.2,6.48,4.37,0.191,0.05,0.872,,,2026-09-30 02:26:03
江苏省,太湖流域,航管站,2026-09-30 00:00,2,26.69,8.35,6.52,377.16,15.55,2.44,0.035,0.02,0.239,,,2026-09-30 02:26:03
江苏省,太湖流域,越溪桥,2026-09-30 00:00,6,25.93,7.27,1.21,410.8,31.4,4.22,0.658,0.116,1.677,,,2026-09-30 02:26:03
江苏省,太湖流域,312国道桥,2026-09-30 00:00,3,25.23,8.37,5.41,358.39,12.21,3.01,0.024,0.034,0.296,,,2026-09-30 02:26:03
江苏省,太湖流域,赵屯,2026-09-30 00:00,4,26.28,7.42,4.64,762.072,51.723,3.48,0.332,0.132,2.3526,,,2026-09-30 02:26:03
江苏省,淮河流域,东安闸桥西,2026-09-30 00:00,6,23.66,7.2,1.98,825.6,15.19,6.33,0.677,0.332,3.112,,,2026-09-30 02:26:03
江苏省,长江流域,九圩港桥,2026-09-30 00:00,4,25.06,7.64,4.35,331.5,38.44,2.31,0.069,0.105,1.394,,,2026-09-30 02:26:03
江苏省,长江流域,碾砣港闸,2026-09-30 01:00,6,23.34,7.31,1.51,487.4,171.29,4.63,0.454,0.302,1.943,,,2026-09-30 02:26:03
江苏省,长江流域,聚南大桥,2026-09-30 00:00,6,25.35,7.18,0.73,787.8,4.29,4.28,0.245,0.114,1.689,,,2026-09-30 02:26:03
江苏省,长江流域,大洋港桥,2026-09-30 00:00,5,24.2,7.28,2.27,530.3,41.73,5.27,0.357,0.342,2.309,,,2026-09-30 02:26:03
江苏省,长江流域,塘芦港闸,2026-09-30 00:00,6,25.097,7.33,1.87,1461.78,15.887,5.54,0.408,0.184,1.655,,,2026-09-30 02:26:03
江苏省,淮河流域,小洋口,2026-09-30 00:00,6,22.94,7.38,1.86,1216.2,16.13,5.72,0.56,0.354,1.25,,,2026-09-30 02:26:03
江苏省,淮河流域,环东闸口,2026-09-30 00:00,6,24.14,7.25,1.31,813.9,16.86,6.2,0.672,0.044,3.086,,,2026-09-30 02:26:03
江苏省,淮河流域,北凌新闸,2026-09-30 00:00,5,22.37,8.36,8.74,,13.36,6.06,0.755,0.4,3.105,,,2026-09-30 02:26:03
江苏省,淮河流域,四队桥,2026-09-30 01:00,5,24.32,7.52,2.68,789.33,41.65,3.83,0.041,0.148,2.324,,,2026-09-30 02:26:03
江苏省,淮河流域,淮河大桥,2026-09-30 00:00,3,24.27,7.74,6.96,575.11,33.41,2.74,0.086,0.102,2.609,,,2026-09-30 02:26:03
江苏省,淮河流域,五叉河口,2026-09-30 00:00,3,23.47,7.85,5.62,470.138,37.726,3.06,0.11,0.073,1.567,,,2026-09-30 02:26:03
江苏省,淮河流域,戴楼衡阳,2026-09-30 00:00,3,24,7.74,5.58,425.09,24.78,3.62,0.136,0.063,1.503,0.01765,,2026-09-30 02:26:03
江苏省,淮河流域,总渠苏嘴,2026-09-30 01:00,2,24.746,7.69,6.32,361.52,30.92,2.64,0.027,0.067,2.781,,,2026-09-30 02:26:03
江苏省,淮河流域,唐曹,2026-09-30 00:00,4,21.97,7.54,3.59,464,76.58,3.97,0.548,0.163,1.227,,,2026-09-30 02:26:03
江苏省,淮河流域,新洋港闸,2026-09-30 01:00,6,24.51,7.45,0.66,956.39,19.8,4.84,0.264,0.15,1.768,,,2026-09-30 02:26:03
江苏省,淮河流域,富民桥,2026-09-30 01:00,5,23.96,7.35,2.81,713.85,23.53,3.13,0.03,0.125,1.238,,,2026-09-30 02:26:03
江苏省,淮河流域,泰东大桥,2026-09-30 01:00,4,23.84,7.56,3.32,402.22,10.43,3.09,0.289,0.122,1.878,,,2026-09-30 02:26:03
江苏省,淮河流域,草堰大桥,2026-09-30 01:00,5,24.407,7.35,2.27,554.899,40.701,3.69,0.313,0.14,2.109,,,2026-09-30 02:26:03
江苏省,淮河流域,射阳河闸,2026-09-30 01:00,4,24.67,7.36,3.62,824.88,27.39,5.2,0.039,0.113,1.307,,,2026-09-30 02:26:03
江苏省,淮河流域,黄沙港闸,2026-09-30 01:00,6,24.42,7.4,1.91,831.21,24.67,7.02,0.385,0.236,1.065,,,2026-09-30 02:26:03
江苏省,淮河流域,川东闸,2026-09-30 01:00,4,24.23,7.27,3.21,970.8,24.96,4.32,0.256,0.297,2.155,,,2026-09-30 02:26:03
江苏省,淮河流域,头罾闸,2026-09-30 01:00,6,24.41,7.83,1.72,753.51,20.91,3.86,0.031,0.105,1.393,,,2026-09-30 02:26:03
江苏省,长江流域,三江营,2026-09-30 00:00,3,25.4,7.68,5.94,301.8,50.6,2.22,,0.077,1.588,,,2026-09-30 02:26:03
江苏省,淮河流域,槐泗河口,2026-09-30 00:00,2,24.63,7.79,6.42,421.1,51.59,2.99,0.038,0.087,1.724,,,2026-09-30 02:26:03
江苏省,淮河流域,大运河船闸,2026-09-30 00:00,2,24.75,7.69,6.29,283.9,65.5,2.03,0.017,0.094,2.002,,,2026-09-30 02:26:03
江苏省,淮河流域,三垛西大桥,2026-09-30 01:00,6,23.23,6.95,1.03,513.15,32.1,6.04,0.781,0.212,2.689,,,2026-09-30 02:26:03
江苏省,淮河流域,江都西闸,2026-09-30 00:00,3,24.45,7.4,5.59,342.44,73.47,2.7,,0.094,1.603,,,2026-09-30 02:26:03
江苏省,长江流域,冻青桥,2026-09-30 00:00,6,23.2,7.22,2.17,339.7,24.17,4.02,2.112,0.318,3.24,,,2026-09-30 02:26:03
江苏省,长江流域,小河口上游,2026-09-30 00:00,2,25.92,7.67,6.05,317.8,28.06,2.06,0.068,0.078,1.648,,,2026-09-30 02:26:03
江苏省,淮河流域,曹庄桥,2026-09-30 00:00,5,23.09,7.07,2.26,364,15.58,5,0.308,0.241,1.784,,,2026-09-30 02:26:03
江苏省,太湖流域,辛丰镇,2026-09-30 00:00,4,23.97,7.14,4.03,342.8,38.3,5.7,0.502,0.214,2.931,,,2026-09-30 02:26:03
江苏省,太湖流域,林家闸,2026-09-30 00:00,2,25.58,7.68,6.17,307.4,19.35,2.28,,0.1,1.9025,,,2026-09-30 02:26:03
江苏省,长江流域,新河桥,2026-09-30 00:00,4,23.79,7.31,3.78,309.8,8.64,2.37,0.798,0.123,2.462,,,2026-09-30 02:26:03
江苏省,太湖流域,新港桥,2026-09-30 00:00,4,23.16,7.26,4.1,324.5,29.4,2.66,0.082,0.098,1.878,,,2026-09-30 02:26:03
江苏省,太湖流域,吕城,2026-09-30 00:00,4,23.55,7.15,3.08,320.04,23.57,5.77,0.318,0.269,2.644,,,2026-09-30 02:26:03
江苏省,淮河流域,海陵大桥,2026-09-30 00:00,2,25.14,7.8,6.47,292.5,16.2,1.41,0.005,0.06,1.416,,,2026-09-30 02:26:03
江苏省,长江流域,马甸闸西,2026-09-30 00:00,5,22.93,7.3,2.85,434.5,18.76,4.46,0.631,0.266,2.201,,,2026-09-30 02:26:03
江苏省,长江流域,祥和大桥,2026-09-30 01:00,6,23.77,7.27,1.67,449.9,6.63,3.41,1.6,0.208,2.431,,,2026-09-30 02:26:03
江苏省,长江流域,新十圩港大桥,2026-09-30 00:00,4,24.68,7.46,3.1,339.1,177.66,3.06,0.338,0.13,2.317,,,2026-09-30 02:26:03
江苏省,淮河流域,马陵翻水站,2026-09-30 00:00,2,24.19,7.83,6.22,539.55,43.64,3.35,0.076,0.065,2.317,,,2026-09-30 02:26:03
江苏省,淮河流域,临淮乡入湖口,2026-09-30 00:00,4,24.21,7.52,3.33,733.7,22.9,6.06,0.32,0.076,1.25,,,2026-09-30 02:26:03
江苏省,淮河流域,砖瓦厂,2026-09-30 00:00,4,24.07,8.11,4.31,869.4,21.16,5.04,0.184,0.124,1.08,,,2026-09-30 02:26:03
江苏省,淮河流域,顾勒大桥,2026-09-30 00:00,4,24.37,7.7,4.41,832.5,24.31,4.61,0.161,0.112,0.848,,,2026-09-30 02:26:03
江苏省,淮河流域,团结闸,2026-09-30 00:00,4,23.62,8.54,5.73,1374,11.6,6.9,0.216,0.056,1.282,,,2026-09-30 02:26:03
江苏省,淮河流域,大屈,2026-09-30 00:00,4,22.6,7.7,5.35,917.7,12.7,6.16,0.175,0.158,1.242,,,2026-09-30 02:26:03
浙江省,浙闽片河流,小金山,2026-09-30 00:00,2,29.38,,11.1,145.581,3.145,2.3,0.005,0.015,0.6132,,,2026-09-30 02:26:03
浙江省,浙闽片河流,三潭岛,2026-09-30 00:00,1,28.88,,9.71,123.259,2.363,1.45,0.002,0.01,0.4763,,,2026-09-30 02:26:03
浙江省,浙闽片河流,千岛湖大坝前,2026-09-30 00:00,1,30.29,8.96,8.71,129.977,1.958,1.49,0.022,0.008,0.6492,,,2026-09-30 02:26:03
浙江省,浙闽片河流,洋溪渡,2026-09-30 00:00,3,20.58,7.02,5.47,162.942,5.015,1.02,0.008,0.01,0.8751,,,2026-09-30 02:26:03
浙江省,浙闽片河流,桐庐,2026-09-30 00:00,2,26.37,7.4,6.87,209.1,11.1,1.66,0.004,0.049,1.372,,,2026-09-30 02:26:03
浙江省,浙闽片河流,溪口,2026-09-30 01:00,3,26.08,6.39,6.4,96.77,22.18,2.57,0.03,0.109,2.703,,,2026-09-30 02:26:03
浙江省,浙闽片河流,清林渡,2026-09-30 01:00,5,28.694,7.02,2.98,321.107,33.321,3.68,0.06,0.129,1.826,,,2026-09-30 02:26:03
浙江省,浙闽片河流,水车,2026-09-30 00:00,2,28.773,8.74,7.45,2101.35,8.897,3.59,0.131,0.051,1.158,,,2026-09-30 02:26:03
浙江省,浙闽片河流,长汀,2026-09-30 01:00,3,26.25,6.94,5.98,102.86,15.1,1.93,0.057,0.07,1.558,,,2026-09-30 02:26:03
浙江省,浙闽片河流,梁桥,2026-09-30 01:00,2,25.53,6.64,6.37,65.88,6.45,1.34,0.022,0.051,1.534,,,2026-09-30 02:26:03
浙江省,太湖流域,卫八路桥,2026-09-30 00:00,4,26.06,7.48,4.07,473.363,63.232,2.93,0.079,0.107,1.756,,,2026-09-30 02:26:03
浙江省,太湖流域,漕廊公路桥,2026-09-30 00:00,5,26.56664,7.28,2.6,455.4983,37.38512,3.37,0.099,0.123,1.66096,,,2026-09-30 02:26:03
浙江省,太湖流域,枫南大桥,2026-09-30 01:00,5,26.8758,7.32,2.84,421.84,43.065,3.64,0.058,0.117,1.735,,,2026-09-30 02:26:03
浙江省,太湖流域,新港口,2026-09-30 00:00,4,26.92,7.32,4.57,289.92,45.61,2.73,0.164,0.059,2.296,,,2026-09-30 02:26:03
浙江省,太湖流域,大钱,2026-09-30 00:00,3,25.77,8.16,5.84,287.2829,58.88213,3.86,0.162,0.084,1.25107,,,2026-09-30 02:26:03
浙江省,太湖流域,城西大桥,2026-09-30 01:00,4,26.67,7.29,3.59,224.04,32.48,2.93,0.053,0.044,1.815,,,2026-09-30 02:26:03
浙江省,太湖流域,汤溇,2026-09-30 00:00,2,25.58,8.36,6.89,300.9608,43.2395,3.35,0.07,0.058,0.9638,,,2026-09-30 02:26:03
浙江省,太湖流域,塘浦,2026-09-30 01:00,2,24.98,6.71,6.43,141.97,20,2.66,0.091,0.062,1.937,,,2026-09-30 02:26:03
浙江省,太湖流域,荆湾,2026-09-30 01:00,3,26.85,6.44,5.05,173.71,8.6,2.01,0.101,0.032,1.516,,,2026-09-30 02:26:03
浙江省,太湖流域,铁路桥,2026-09-30 01:00,4,27.17,6.51,3.25,227.41,9.29,2.56,0.098,0.043,1.731,,,2026-09-30 02:26:03
浙江省,太湖流域,杨家浦,2026-09-30 01:00,4,25.54962,7.48,3.46,375.8156,31.74417,3.31,0.504,0.092,2.406634,,,2026-09-30 02:26:03
浙江省,太湖流域,合溪,2026-09-30 01:00,5,25.58,7.09,2.55,278.6,36.5,3.78,0.344,0.046,1.706,,,2026-09-30 02:26:03
浙江省,浙闽片河流,屠家埠,2026-09-30 00:00,4,29.069,7.03,4.98,160.599,12.662,1.86,0.224,0.068,1.706,,,2026-09-30 02:26:03
浙江省,浙闽片河流,葛山头,2026-09-30 01:00,4,28.48,6.92,3.51,213.86,11.14,3.06,0.226,0.062,1.941,,,2026-09-30 02:26:03
浙江省,浙闽片河流,义东桥,2026-09-30 00:00,4,29.676,7.25,4.4,476.964,17.802,4.95,1.289,0.217,3.734,,,2026-09-30 02:26:03
浙江省,浙闽片河流,塔下洲,2026-09-30 00:00,4,29.7,7.63,5.35,588.256,9.055,6.61,0.222,0.109,3.4726,,,2026-09-30 02:26:03
浙江省,浙闽片河流,东关桥,2026-09-30 00:00,3,30.658,7.6,5.48,717.058,21.063,4.03,0.063,0.134,2.844,,,2026-09-30 02:26:03
浙江省,浙闽片河流,费垅,2026-09-30 00:00,3,29.5,7.67,7.6,519.268,16.309,3.67,0.307,0.113,2.6584,,,2026-09-30 02:26:03
浙江省,浙闽片河流,台口,2026-09-30 00:00,2,28.83,8.09,6.6,262.761,26.299,2.15,0.053,0.072,1.5926,,,2026-09-30 02:26:03
浙江省,浙闽片河流,南江桥,2026-09-30 01:00,3,30.9,7.95,7.55,512.586,8.768,3.83,0.083,0.111,2.1425,,,2026-09-30 02:26:03
浙江省,浙闽片河流,横山,2026-09-30 01:00,2,29.8,7.54,6.53,302.809,2.869,2.15,0.039,0.04,1.1109,,,2026-09-30 02:26:03
浙江省,浙闽片河流,章店,2026-09-30 01:00,4,29.98,7.56,4.3,316.869,7.524,4.8,0.252,0.182,2.2562,,,2026-09-30 02:26:03
浙江省,长江流域,苏庄,2026-09-30 00:00,3,29.6887,6.98,5,78.43597,2.24812,1.17,0.02,0.019,0.27834,,,2026-09-30 02:26:03
浙江省,浙闽片河流,长潭水库坝口,2026-09-30 00:00,2,29.166,,10.12,47.147,3.587,2.22,0.003,0.013,0.25,,,2026-09-30 02:26:03
浙江省,浙闽片河流,老鼠屿,2026-09-30 00:00,2,29.24,7.76,6.35,35063.9,2230.24,2.59,0.028,0.063,2.067,,,2026-09-30 02:26:03
浙江省,浙闽片河流,金清新闸,2026-09-30 01:00,4,28.28,7.54,4.92,1093.993,87.626,2.93,0.101,0.166,2.5755,,,2026-09-30 02:26:03
浙江省,浙闽片河流,里石门水库,2026-09-30 00:00,2,29.23,,9.36,64.321,1.707,2.67,0.024,0.01,0.2495,0.00275,585036.6,2026-09-30 02:26:03
浙江省,浙闽片河流,温峤,2026-09-30 00:00,6,29.934,9.16,16,561.574,14.536,3.44,0.016,0.044,0.955,,,2026-09-30 02:26:03
浙江省,浙闽片河流,永宁江口,2026-09-30 00:00,2,28.43,7.33,6.4,102.734,15.235,1.71,0.049,0.057,0.7715,,,2026-09-30 02:26:03
浙江省,浙闽片河流,沙段,2026-09-30 00:00,2,29.47,7.29,6.8,183.193,3.825,2.93,0.025,0.033,1.2523,,,2026-09-30 02:26:03
浙江省,浙闽片河流,柏枝岙,2026-09-30 00:00,2,29.57,7.19,7.55,175.866,36.147,1.25,0.026,0.098,1.214,,,2026-09-30 02:26:03
浙江省,浙闽片河流,均溪,2026-09-30 01:00,2,26.76,6.51,6.69,46.09,3.98,1.41,0.031,0.012,0.605,,,2026-09-30 02:26:03
浙江省,浙闽片河流,风化,2026-09-30 01:00,2,28.01,7.11,8.08,72.87,6.86,1.52,0.02,0.024,0.677,,,2026-09-30 02:26:03
浙江省,浙闽片河流,沙湾上,2026-09-30 01:00,1,25.16,7.54,7.59,35.074,1.068,0.86,0.107,0.01,0.1785,,,2026-09-30 02:26:03
浙江省,浙闽片河流,小溪口,2026-09-30 00:00,2,25.4,6.67,6.05,35.447,14.92,1.36,,0.011,0.4858,,,2026-09-30 02:26:03
安徽省,巢湖流域,三胜大队渡口,2026-09-30 00:00,4,24.56,7.51,4.82,319.214,18.7535,5.58,0.151,0.111,0.8451,,,2026-09-30 02:26:03
安徽省,巢湖流域,兆河入湖口渡口,2026-09-30 00:00,4,25,7.05,4.34,317.299,7.5194,3.87,0.188,0.041,0.9391,,,2026-09-30 02:26:03
安徽省,巢湖流域,牛角大圩,2026-09-30 00:00,5,24.8,7.22,2.54,312.2,32.424,3.43,0.894,0.124,2.846,,,2026-09-30 02:26:03
安徽省,巢湖流域,北闸渡口,2026-09-30 00:00,4,23.32,6.56,3.79,205.856,35.813,7.28,0.244,0.14,2.337,,,2026-09-30 02:26:03
安徽省,巢湖流域,希望桥,2026-09-30 00:00,6,23.8,7.07,1.94,346.9,18.1,3.57,2.344,0.225,5.351,,,2026-09-30 02:26:03
安徽省,巢湖流域,石堆渡口,2026-09-30 00:00,4,24.15,6.75,3.79,238.6508,23.4435,3.84,0.181,0.084,1.4199,,,2026-09-30 02:26:03
安徽省,巢湖流域,柘皋大桥,2026-09-30 00:00,5,23.69,7.18,2.83,345.8639,34.5352,6.85,0.238,0.11,1.031,,,2026-09-30 02:26:03
安徽省,巢湖流域,湖滨,2026-09-30 01:00,4,23.91,8.65,6.88,285.04,26.62,3.67,0.037,0.095,1.103,0.00206,3987468,2026-09-30 02:26:03
安徽省,巢湖流域,黄麓,2026-09-30 01:00,4,25.49,8.78,7.05,286.91,27.507,5.5,,0.077,0.54,0.00935,9476691,2026-09-30 02:26:03
安徽省,巢湖流域,三河镇大桥,2026-09-30 00:00,5,22.61,6.99,4.47,223.2,163.32,11.83,0.301,0.252,3.014,,,2026-09-30 02:26:03
安徽省,巢湖流域,三河镇新大桥,2026-09-30 00:00,4,24.06,6.85,4.78,157.1,18.11,4.84,0.183,0.126,2.238,,,2026-09-30 02:26:03
安徽省,巢湖流域,施口,2026-09-30 00:00,6,24.21,6.94,2.28,476.518,24.3698,4.62,2.476,0.21,6.445,,,2026-09-30 02:26:03
安徽省,巢湖流域,靠近大坝,2026-09-30 01:00,2,24.32,7.38,6.25,117.98,6.23,3.01,0.054,0.023,0.476,0.00981,6215502,2026-09-30 02:26:03
安徽省,巢湖流域,新河入湖区,2026-09-30 01:00,5,24.13,6.89,4.11,210.53,54.89,6.07,0.236,0.133,1.862,0.00266,9854107,2026-09-30 02:26:03
安徽省,巢湖流域,西半湖湖心,2026-09-30 01:00,4,23.91,7.66,6.05,525.99,23.28,3.61,0.075,0.09,2.05,0.00286,2706209,2026-09-30 02:26:03
安徽省,巢湖流域,龟山,2026-09-30 01:00,4,23.31,8.68,7.12,311.57,22.57,4.27,,0.067,0.52,0.00785,1.874837,2026-09-30 02:26:03
安徽省,巢湖流域,东半湖湖心,2026-09-30 01:00,4,23.916,8.42,7.02,277.08,22.284,4.86,0.057,0.073,0.763,0.00335,1.842542,2026-09-30 02:26:03
安徽省,巢湖流域,忠庙,2026-09-30 01:00,4,23.88,8.07,6.7,240.32,48.52,4.91,0.053,0.095,1.032,0.01085,1978477,2026-09-30 02:26:03
安徽省,巢湖流域,兆河入湖区,2026-09-30 00:00,4,23.83,8.33,7.25,293.24,80.87,5.27,0.006,0.072,0.089,0.00259,8549906,2026-09-30 02:26:03
安徽省,巢湖流域,双桥河入湖口,2026-09-30 00:00,5,24.66,7.35,2.14,387.5341,24.4359,3.71,0.202,0.075,0.7784,,,2026-09-30 02:26:03
安徽省,巢湖流域,繁华大道桥,2026-09-30 00:00,4,23.35,7.09,4.14,450.7305,49.1621,6.13,0.734,0.219,4.208,,,2026-09-30 02:26:03
安徽省,长江流域,东西梁山,2026-09-30 00:00,2,26.12,7.83,6.34,312.9861,15.569,1.26,0.057,0.062,2.0758,,,2026-09-30 02:26:03
安徽省,长江流域,宝塔根,2026-09-30 00:00,3,26.11,7.31,5.74,222.3594,17.5782,2.48,0.247,0.042,1.6536,,,2026-09-30 02:26:03
安徽省,巢湖流域,裕溪口,2026-09-30 00:00,3,24.66,7.51,5.74,318.9748,53.306,4.21,0.255,0.094,1.3993,,,2026-09-30 02:26:03
安徽省,长江流域,荻港,2026-09-30 00:00,4,24.58,7.53,4.78,466.4,32.0543,2.62,0.174,0.098,1.7151,,,2026-09-30 02:26:03
安徽省,长江流域,澛港桥,2026-09-30 00:00,4,24.54,7.25,4.59,288.3936,15.7661,2.76,0.064,0.057,2.71,,,2026-09-30 02:26:03
安徽省,长江流域,西河入裕溪河口,2026-09-30 00:00,4,25.15,7.01,3.89,353.5319,48.1031,3.66,0.274,0.07,1.2216,,,2026-09-30 02:26:03
安徽省,淮河流域,沫河口,2026-09-30 00:00,3,24.33,7.68,5.41,586.823,35.58,4.4,0.092,0.179,2.238,,,2026-09-30 02:26:03
安徽省,淮河流域,关咀,2026-09-30 00:00,3,23.49602,7.61,6.12,935.6444,7.67389,,0.063,0.131,0.73445,,,2026-09-30 02:26:03
安徽省,淮河流域,五河,2026-09-30 00:00,4,22.02,7.87,3.82,963.5446,38.16588,4.43,0.136,0.09,2.33092,,,2026-09-30 02:26:03
安徽省,淮河流域,蚌埠固镇,2026-09-30 00:00,4,23.95,7.74,4.04,1208.976,18.74,4.28,0.101,0.137,4.2129,,,2026-09-30 02:26:03
安徽省,淮河流域,湖沟,2026-09-30 00:00,6,23.66121,7.79,1.17,1289.464,27.53803,3.7,0.099,0.084,3.08998,,,2026-09-30 02:26:03
安徽省,淮河流域,石头埠,2026-09-30 00:00,3,24.03,7.58,5.39,536.1274,51.03709,3.58,0.091,0.117,3.39001,,,2026-09-30 02:26:03
安徽省,淮河流域,鲁台孜,2026-09-30 00:00,3,23.27,7.42,5.85,423.755,47.97933,3.88,0.111,0.108,2.28879,,,2026-09-30 02:26:03
安徽省,淮河流域,西淝河闸下,2026-09-30 00:00,4,23.58888,7.39,3.39,799.9166,12.61007,4.6,0.137,0.073,1.45721,,,2026-09-30 02:26:03
安徽省,淮河流域,新城口,2026-09-30 00:00,4,23.99348,7.68,4.67,621.2467,42.05295,3.15,0.009,0.118,3.90075,,,2026-09-30 02:26:03
安徽省,淮河流域,焦岗湖,2026-09-30 01:00,3,22.65,7.67,5.13,667.97,30.23,4.25,0.028,0.038,0.83,0.00497,3168492,2026-09-30 02:26:03
安徽省,淮河流域,大店岗,2026-09-30 00:00,3,23.02,6.85,6.34,181.8873,45.42862,4.77,0.106,0.135,3.32806,,,2026-09-30 02:26:03
安徽省,淮河流域,五里闸,2026-09-30 00:00,4,22.76,7.09,4.74,254.6871,54.10207,4.06,0.087,0.063,1.12636,,,2026-09-30 02:26:03
安徽省,淮河流域,白洋淀渡口,2026-09-30 00:00,2,22.43966,6.4,7.32,,147.2226,,,,,,,2026-09-30 02:26:03
安徽省,长江流域,三兴村,2026-09-30 00:00,2,25.75,7.62,6.11,335.7971,15.72179,2.5,0.043,0.054,2.115,,,2026-09-30 02:26:03
安徽省,长江流域,得胜河入江口,2026-09-30 00:00,4,23.7251,7.18,3.85,361.4,20.8946,5.57,0.008,0.182,1.4277,,,2026-09-30 02:26:03
安徽省,长江流域,姑溪河大桥,2026-09-30 00:00,3,24.919,7.14,5.56,271.84,31.439,4.49,0.058,0.068,1.877,,,2026-09-30 02:26:03
安徽省,长江流域,当涂查湾,2026-09-30 00:00,5,25.57,7.32,2.96,235.2623,26.1334,2.56,,0.031,2.265,,,2026-09-30 02:26:03
安徽省,长江流域,乌江,2026-09-30 00:00,2,23.29137,7.62,7.15,349.4842,64.33147,2.5,0.046,0.059,1.485445,,,2026-09-30 02:26:03
安徽省,长江流域,雨山河下游,2026-09-30 00:00,4,24.7708,7.38,3.63,607.5205,19.5016,3.32,0.518,0.18,5.145,,,2026-09-30 02:26:03
安徽省,淮河流域,小王桥,2026-09-30 00:00,6,24.6,7.51,0.61,1392.54,7.68,4.3,0.39,0.106,2.037,,,2026-09-30 02:26:03
安徽省,淮河流域,后常桥,2026-09-30 00:00,3,24.38339,8.4,5.23,1122.122,3.2464,4.94,0.041,0.094,0.97978,,,2026-09-30 02:26:03
安徽省,淮河流域,李大桥闸,2026-09-30 00:00,6,22.92,7.81,1.23,1419.94,6.541,9.61,0.203,0.068,0.8605,,,2026-09-30 02:26:03
安徽省,长江流域,顺安河入江口,2026-09-30 00:00,2,25.27036,7.52,8.96,362.118,32.09116,1.77,0.023,0.049,2.04449,,,2026-09-30 02:26:03
安徽省,长江流域,陈家墩,2026-09-30 00:00,2,25.97,7.77,7.69,319.4767,28.89006,1.62,0.043,0.056,2.38115,,,2026-09-30 02:26:03
安徽省,长江流域,枞阳大闸,2026-09-30 00:00,3,25.53,7.34,5.94,163.5542,35.28876,3.77,0.087,0.053,0.86669,,,2026-09-30 02:26:03
安徽省,长江流域,武昌湖,2026-09-30 00:00,3,26.32,7.29,5.03,198.189,12.32636,3.02,0.001,0.031,0.85874,0.00766,5159108,2026-09-30 02:26:03
安徽省,长江流域,前江口,2026-09-30 00:00,2,26.22692,7.73,6.89,335.3,27.48289,1.91,0.058,0.054,2.97567,,,2026-09-30 02:26:03
安徽省,长江流域,花亭湖坝前,2026-09-30 00:00,3,26.9,7.35,5.84,82.52237,1.83021,2.1,0.033,0.012,0.49985,0.00409,528358.3,2026-09-30 02:26:03
安徽省,长江流域,华阳河入江口,2026-09-30 00:00,2,27.29,8.05,7.84,376.7156,13.67876,3.23,,0.042,0.913,,,2026-09-30 02:26:03
安徽省,长江流域,水厂取水口,2026-09-30 00:00,2,25.32642,8,6.65,134.8323,3.96546,1.88,0.009,0.027,0.74641,,,2026-09-30 02:26:03
安徽省,长江流域,车轴寺大桥,2026-09-30 00:00,2,25.98,8.09,8,123.1662,4.53209,2.23,0.014,0.037,0.90666,,,2026-09-30 02:26:03
安徽省,浙闽片河流,篁墩,2026-09-30 00:00,4,28.38002,7.38,4.87,182.5686,4.1534,2.96,0.143,0.08,1.58002,,,2026-09-30 02:26:03
安徽省,浙闽片河流,率水大桥,2026-09-30 00:00,2,30.07546,8.23,9.49,78.00641,5.96437,1.59,0.06,0.036,0.64334,,,2026-09-30 02:26:03
安徽省,浙闽片河流,横江大桥,2026-09-30 00:00,2,30.6863,8.81,11.94,288.9308,8.79733,3.28,0.003,0.025,0.66337,,,2026-09-30 02:26:03
安徽省,浙闽片河流,浦口,2026-09-30 00:00,4,29.02,7.81,4.52,503.3064,25.89566,2.98,0.092,0.069,1.45362,,,2026-09-30 02:26:03
安徽省,长江流域,太平湖湖心,2026-09-30 01:00,2,26.96,8.38,7.59,100.36,2.28,2.06,0.058,0.009,0.395,0.00313,1471536,2026-09-30 02:26:03
安徽省,浙闽片河流,新管,2026-09-30 00:00,2,32.48773,8.02,6.43,294.6076,3.07086,3.17,0.004,0.042,1.22627,,,2026-09-30 02:26:03
安徽省,淮河流域,天长化工厂,2026-09-30 00:00,5,22.61,7,2.58,422.6263,34.29,5.89,0.28,0.192,2.1021,,,2026-09-30 02:26:03
安徽省,淮河流域,公路桥,2026-09-30 00:00,4,23.55,7.16,6.82,370.7484,41.6458,8.85,0.373,0.122,0.841,,,2026-09-30 02:26:03
安徽省,淮河流域,小柳巷,2026-09-30 00:00,3,24.32,7.49,6.16,660.66,65.882,3.68,0.232,0.162,3.373,,,2026-09-30 02:26:03
安徽省,长江流域,水口,2026-09-30 00:00,4,21.88,7.19,6.3,526.5386,42.1432,7.3,0.438,0.255,3.6425,,,2026-09-30 02:26:03
安徽省,长江流域,乌衣下,2026-09-30 00:00,5,23.46,7.04,2.75,437.37,32.28,4.86,1.026,0.173,2.173,,,2026-09-30 02:26:03
安徽省,长江流域,襄河大桥,2026-09-30 00:00,4,22.72,7.03,4.44,353.8817,58.5143,5.81,0.468,0.245,1.322,,,2026-09-30 02:26:03
安徽省,长江流域,清流河口,2026-09-30 00:00,4,22.61785,7.06,6.14,482.2514,46.52104,6.24,0.504,0.263,1.77381,,,2026-09-30 02:26:03
安徽省,淮河流域,阜阳段下,2026-09-30 00:00,3,23.75407,7.68,7,873.694,23.92285,3.53,0.116,0.106,4.75273,,,2026-09-30 02:26:03
安徽省,淮河流域,杨湖,2026-09-30 00:00,3,24.13781,7.73,6.28,931.645,19.5211,2.35,0.074,0.127,4.74658,,,2026-09-30 02:26:03
安徽省,淮河流域,张大桥,2026-09-30 00:00,2,23.772,7.89,7.56,1407.99,28.7,3.74,0.17,0.09,9.3895,,,2026-09-30 02:26:03
安徽省,淮河流域,王家坝,2026-09-30 00:00,3,23.235,7.55,5.25,380.6,21.315,3.49,0.21,0.111,2.952,,,2026-09-30 02:26:03
安徽省,淮河流域,界首七渡口,2026-09-30 00:00,3,23.15,7.63,8.06,810.5,20.51,3.29,0.118,0.114,5.277,,,2026-09-30 02:26:03
安徽省,淮河流域,阜南,2026-09-30 00:00,4,23.21,7.26,3.77,626.1429,3.28622,4.36,0.088,0.103,0.80773,,,2026-09-30 02:26:03
安徽省,淮河流域,阜阳段上游,2026-09-30 00:00,4,23.44714,7.67,4.7,821.6898,13.72916,2.62,0.02,0.095,4.94452,,,2026-09-30 02:26:03
安徽省,淮河流域,奎河苏皖省界,2026-09-30 00:00,4,24.19,7.41,3.66,969.7,24.3,5.37,1.353,0.186,3.806,,,2026-09-30 02:26:03
安徽省,淮河流域,东坪集,2026-09-30 00:00,4,23.62,7.8,4.04,1320.318,32.87934,3.49,0.118,0.085,2.60225,,,2026-09-30 02:26:03
安徽省,淮河流域,符离闸,2026-09-30 00:00,4,23.71553,7.82,4.02,935.7556,34.46181,7.14,0.046,0.109,1.02986,,,2026-09-30 02:26:03
安徽省,淮河流域,芦岭桥,2026-09-30 00:00,6,23.76,7.72,1.45,1154.195,9.6,4.64,0.34,0.061,0.988,,,2026-09-30 02:26:03
安徽省,淮河流域,工农兵大桥,2026-09-30 00:00,6,22.02399,6.93,1.53,268.2196,6.64605,5.45,0.106,0.079,1.139,,,2026-09-30 02:26:03
安徽省,淮河流域,陶洪集,2026-09-30 00:00,2,22.84365,7.11,6.29,105.8522,25.038,3.37,0.085,0.075,2.29292,,,2026-09-30 02:26:03
安徽省,淮河流域,东湖闸,2026-09-30 00:00,3,22.5,7.45,7.71,206.0054,128.3879,2.76,0.068,0.12,1.3692,,,2026-09-30 02:26:03
安徽省,淮河流域,新安渡口,2026-09-30 00:00,2,24.13,7.33,7.64,166.0192,10.57004,3.27,0.168,0.055,1.84341,,,2026-09-30 02:26:03
安徽省,淮河流域,响洪甸水库出水口,2026-09-30 00:00,4,19.93,6.86,4.64,79.98018,1.92543,2.07,0.016,0.008,1.12094,,,2026-09-30 02:26:03
安徽省,淮河流域,丁埠大桥,2026-09-30 00:00,2,21.56365,7.39,9.04,106.6283,31.11935,2.76,0.005,0.058,1.906,,,2026-09-30 02:26:03
安徽省,巢湖流域,将军宕大桥,2026-09-30 00:00,3,23.37,6.64,5.52,151.203,24.377,4.22,0.085,0.12,2.339,,,2026-09-30 02:26:03
安徽省,淮河流域,固始李畈,2026-09-30 00:00,3,21.89,6.7,6.88,101.9827,35.53398,3.87,0.007,0.154,3.61914,,,2026-09-30 02:26:03
安徽省,淮河流域,涡阳义门大桥,2026-09-30 00:00,5,24.38,7.46,2.86,1108.825,41.4682,5.23,0.192,0.142,2.9651,,,2026-09-30 02:26:03
安徽省,淮河流域,利辛段,2026-09-30 00:00,5,24.36,7.56,2.22,811.84,4.35,4.74,0.105,0.14,1.901,,,2026-09-30 02:26:03
安徽省,长江流域,五步沟,2026-09-30 00:00,2,26.38914,7.71,6.93,327.7811,21.03524,1.62,0.03,0.053,2.49385,,,2026-09-30 02:26:03
安徽省,长江流域,张溪,2026-09-30 00:00,2,26.78,7.7,6.99,273.8706,8.44008,1.22,0.008,0.009,0.56905,,,2026-09-30 02:26:03
安徽省,长江流域,青通河河口,2026-09-30 00:00,4,26.6815,7.37,3.49,251.277,43.73564,3.15,0.061,0.072,2.28804,,,2026-09-30 02:26:03
安徽省,长江流域,秋浦河入江口,2026-09-30 00:00,4,26.21122,7.59,4.87,258.4503,29.29425,1.42,0.032,0.039,1.33698,,,2026-09-30 02:26:03
安徽省,长江流域,东流,2026-09-30 00:00,4,25.02,7.79,4.74,266.4404,141.6588,3.24,0.096,0.053,1.48999,,,2026-09-30 02:26:03
安徽省,长江流域,南漪湖西湖湖心,2026-09-30 01:00,4,24.87,7.52,7.18,177.1,154.38,3.35,,0.067,,0.0027,1068905,2026-09-30 02:26:03
安徽省,太湖流域,殷桥,2026-09-30 00:00,4,25.56397,7.13,3.19,310.5091,28.9455,5.78,0.037,0.072,2.44015,,,2026-09-30 02:26:03
安徽省,长江流域,泾南交界,2026-09-30 00:00,2,25.42,7.43,6.09,132.0815,10.6763,1.71,0.002,0.032,0.8188,,,2026-09-30 02:26:03
安徽省,长江流域,汪溪,2026-09-30 00:00,2,24.31,7.41,7.04,156.9405,15.637,1.57,0.071,0.058,1.4279,,,2026-09-30 02:26:03
安徽省,长江流域,狮子口,2026-09-30 00:00,4,25.15,7.15,5.91,525.755,21.264,4.55,1.126,0.125,3.6335,,,2026-09-30 02:26:03
安徽省,长江流域,东村桥,2026-09-30 00:00,2,24.24889,7.78,6.43,442.2306,10.23576,3.67,0.018,0.088,0.91562,,,2026-09-30 02:26:03
安徽省,长江流域,旌泾交界,2026-09-30 00:00,3,25.68991,7.24,6.82,170.9977,21.68571,4.41,0.022,0.138,1.31053,,,2026-09-30 02:26:03
安徽省,长江流域,水碧桥,2026-09-30 00:00,3,25.29,7.19,5.25,237.1777,9.28859,1.26,0.004,0.038,1.54276,,,2026-09-30 02:26:03
福建省,浙闽片河流,闽侯竹岐,2026-09-30 00:00,2,28.17,6.81,6.68,92.92,4.41,1.75,0.009,0.031,1.024,,,2026-09-30 02:26:03
福建省,浙闽片河流,闽安,2026-09-30 01:00,3,29.51,7.11,5.22,3748.1,200.82,3.19,0.115,0.157,2.367,,,2026-09-30 02:26:03
福建省,浙闽片河流,连江荷山渡口,2026-09-30 01:00,2,28.337,7.02,7.79,48.33,14.933,1.44,0.032,0.048,0.584,,,2026-09-30 02:26:03
福建省,浙闽片河流,永泰横龙,2026-09-30 00:00,2,30.292,8.63,8.27,46.197,1.052,0.88,0.006,0.037,0.085,,,2026-09-30 02:26:03
福建省,浙闽片河流,闽清雄江,2026-09-30 00:00,6,31.32,9.51,11.09,111.077,6.29,2.25,0.034,0.031,0.849,,,2026-09-30 02:26:03
福建省,浙闽片河流,梅溪口,2026-09-30 01:00,2,28.08,7.35,7.16,100.23,15.58,2.07,0.027,0.059,0.872,,,2026-09-30 02:26:03
福建省,浙闽片河流,隘头潭,2026-09-30 00:00,3,30.3,6.53,5.3,163.71,2.06,0.28,0.01,0.011,0.833,,,2026-09-30 02:26:03
福建省,浙闽片河流,江口桥,2026-09-30 01:00,2,29.63,7.4,6.53,758.49,9.14,1.53,0.01,0.056,1.196,,,2026-09-30 02:26:03
福建省,浙闽片河流,大田高才,2026-09-30 01:00,6,30.634,9.11,8.62,91.203,2.411,2.35,0.052,0.021,0.42,,,2026-09-30 02:26:03
福建省,浙闽片河流,尤溪拥口大桥,2026-09-30 00:00,2,24.56,7.23,6.84,111.65,35.636,1.53,0.051,0.043,1.1212,,,2026-09-30 02:26:03
福建省,浙闽片河流,南安康美桥,2026-09-30 00:00,3,28.71,7.17,7.22,98.197,66.225,1.85,0.08,0.157,1.6985,,,2026-09-30 02:26:03
福建省,浙闽片河流,永春东关桥,2026-09-30 00:00,2,29.05,7.14,7.08,145.5217,6.720668,1.92,0.263,0.044,3.479,,,2026-09-30 02:26:03
福建省,浙闽片河流,安溪罗内桥,2026-09-30 00:00,2,28.723,7.18,6.9,89.37,16.847,0.99,0.163,0.043,2.214,,,2026-09-30 02:26:03
福建省,浙闽片河流,南安霞东桥,2026-09-30 00:00,2,30.23,7.2,7.09,130.176,8.05,1.31,0.154,0.074,2.281,,,2026-09-30 02:26:03
福建省,浙闽片河流,华安西陂,2026-09-30 01:00,2,27.22282,7.03,7.79,181.7406,19.47792,1.68,0.011,0.05,1.405,,,2026-09-30 02:26:03
福建省,浙闽片河流,南靖靖城桥,2026-09-30 01:00,2,29.1,6.73,6.74,198.7,,1.44,0.129,0.044,6.484,,,2026-09-30 02:26:03
福建省,浙闽片河流,诏安澳子头,2026-09-30 01:00,3,29.21,7.35,6.46,109.058,3.923,2.18,0.084,0.114,1.8102,,,2026-09-30 02:26:03
福建省,浙闽片河流,南靖洪濑汤坑桥,2026-09-30 00:00,2,29.066,6.61,7.89,242.1,17.801,0.8,0.042,0.045,15.473,,,2026-09-30 02:26:03
福建省,浙闽片河流,浦南水文站,2026-09-30 01:00,2,28.26154,7.23,6.44,167.6,22.124,0.96,0.153,0.073,1.486,,,2026-09-30 02:26:03
福建省,浙闽片河流,南溪浮宫桥,2026-09-30 01:00,3,29.79,7.26,5.13,10542.05,150.828,1.95,0.048,0.086,2.5781,,,2026-09-30 02:26:03
福建省,浙闽片河流,上坂,2026-09-30 01:00,3,29.82,6.37,5.47,164.617,13.582,2.01,0.257,0.101,4.816,,,2026-09-30 02:26:03
福建省,浙闽片河流,云霄高塘渡口,2026-09-30 01:00,2,28.97,6.76,6,123.614,12.051,0.89,0.1,0.1,5.2677,,,2026-09-30 02:26:03
福建省,浙闽片河流,水汾桥,2026-09-30 00:00,3,29.51,6.98,5.9,185.69,8.69,1.66,0.038,0.054,1.177,,,2026-09-30 02:26:03
福建省,浙闽片河流,武夷山兴田,2026-09-30 00:00,2,28.99861,6.9,6.42,54.26848,37.91111,1.39,0.009,0.021,0.62647,,,2026-09-30 02:26:03
福建省,浙闽片河流,建瓯蓬墩,2026-09-30 00:00,3,31.019,6.79,5.32,69.9,8.72,1.44,0.171,0.045,1.124,,,2026-09-30 02:26:03
福建省,浙闽片河流,将乐樟应,2026-09-30 00:00,2,30.12074,7.02,6.69,75.001,7.08183,1.71,0.007,0.017,0.657,,,2026-09-30 02:26:03
福建省,浙闽片河流,建阳坪州大桥,2026-09-30 00:00,2,30.8,7.39,7.33,171.5,7.146,2.06,0.019,0.044,1.018,,,2026-09-30 02:26:03
福建省,浙闽片河流,雁石桥,2026-09-30 01:00,2,27.45,7.47,7.8,286.005,22.906,1.41,0.052,0.045,1.63,,,2026-09-30 02:26:03
福建省,珠江流域,长汀美西桥,2026-09-30 01:00,2,27.38,7.02,6.49,161.375,3.661,2.14,0.085,0.082,1.09,,,2026-09-30 02:26:03
福建省,浙闽片河流,八都,2026-09-30 00:00,2,27.36,6.89,7.68,43.628,78.171,1.46,,0.05,0.973,,,2026-09-30 02:26:03
福建省,浙闽片河流,福安白塔,2026-09-30 00:00,2,28.218,7.51,6.77,48.4,18.22,1.15,0.017,0.037,1.028,,,2026-09-30 02:26:03
福建省,浙闽片河流,福安洪口,2026-09-30 01:00,2,26.56,7.18,8.04,40.88,8.23,0.94,0.008,0.043,0.967,,,2026-09-30 02:26:03
江西省,长江流域,周坊,2026-09-30 00:00,2,28.7,7.64,8.19,135.7833,6.56335,1.64,0.002,0.032,1.07164,,,2026-09-30 02:26:03
江西省,长江流域,大港,2026-09-30 00:00,2,28.45,7.46,7.72,137.19,67.63,1.63,0.084,0.048,1.511,,,2026-09-30 02:26:03
江西省,长江流域,新联,2026-09-30 01:00,3,27.35,6.97,7.56,169.09,119.73,4.92,0.053,0.074,1.8587,,,2026-09-30 02:26:03
江西省,长江流域,生米,2026-09-30 01:00,2,27.344,6.95,8.03,134.077,3.913,1.61,0.026,0.043,0.92,,,2026-09-30 02:26:03
江西省,长江流域,滁槎,2026-09-30 00:00,3,28.53,6.57,5.47,155.71,6.57,1.69,0.011,0.054,1.716,,,2026-09-30 02:26:03
江西省,长江流域,塔城,2026-09-30 01:00,2,29.16,7.77,6.51,101.95,16.74,2.5,0.035,0.035,1.015,,,2026-09-30 02:26:03
江西省,长江流域,昌邑,2026-09-30 00:00,2,28.13,7.64,7.47,142.3,29.35,1.83,0.012,0.057,1.2,,,2026-09-30 02:26:03
江西省,长江流域,八一桥,2026-09-30 01:00,2,29.89,7.67,7.83,124.577,13.26,2.08,0.203,0.047,0.9762,,,2026-09-30 02:26:03
江西省,长江流域,焦石坝,2026-09-30 00:00,2,29.69,7.68,7.38,110.11,11.2,2.59,0.07,0.042,0.9587,,,2026-09-30 02:26:03
江西省,长江流域,戴村,2026-09-30 00:00,2,31.055,7.59,7.06,562.13,14.42,2.21,0.045,0.034,0.908,,,2026-09-30 02:26:03
江西省,长江流域,镇埠,2026-09-30 01:00,2,27.94,6.69,6.29,98.61,0.13,1.28,,0.033,0.174,,,2026-09-30 02:26:03
江西省,长江流域,龙山口,2026-09-30 01:00,2,28.41,8.14,6.7,306.311,3.548,1.68,,0.023,0.5789,,,2026-09-30 02:26:03
江西省,长江流域,桐车湾,2026-09-30 01:00,3,27.94,7.84,5.19,404.539,1.288,2.58,0.043,0.129,3.1463,,,2026-09-30 02:26:03
江西省,长江流域,金鱼石,2026-09-30 00:00,3,29.02,7.63,5.92,322.33,5.58,0.97,0.016,0.066,1.94,,,2026-09-30 02:26:03
江西省,长江流域,邓家洲,2026-09-30 00:00,3,28.58,7.59,5.91,618.0212,2.49843,2.49,0.205,0.086,2.06903,,,2026-09-30 02:26:03
江西省,长江流域,吴城修河,2026-09-30 00:00,2,27.252,7.07,6.43,132.5,34.99,2.23,0.1,0.052,1.0655,,,2026-09-30 02:26:03
江西省,长江流域,姚港,2026-09-30 00:00,2,26.07,7.51,7.51,377.92,19.41,1.48,0.042,0.065,1.631,,,2026-09-30 02:26:03
江西省,长江流域,湖口,2026-09-30 01:00,2,25.8578,7.97,7.3,354.45,20.43,1.88,0.011,0.062,2.456,,,2026-09-30 02:26:03
江西省,长江流域,蛤蟆石,2026-09-30 01:00,3,27.91,6.83,6.5,134.51,28.72,2.25,,0.043,1.898,0.00103,267038.2,2026-09-30 02:26:03
江西省,长江流域,潦河河口,2026-09-30 00:00,2,28.49,6.91,6.47,174.16,25.253,1.86,0.019,0.049,0.8629,,,2026-09-30 02:26:03
江西省,长江流域,柘林湖坝上,2026-09-30 00:00,2,27.808,8.56,10.8,100.5,1.809,2.14,0.001,0.009,0.452,,,2026-09-30 02:26:03
江西省,长江流域,洋港镇,2026-09-30 00:00,3,24.695,7.21,5.79,315.441,1.856,0.85,0.001,0.002,0.81037,,,2026-09-30 02:26:03
江西省,长江流域,修水界上桥,2026-09-30 00:00,3,27.98,7.49,5.51,165.578,6.121,2.67,0.001,0.088,0.98134,,,2026-09-30 02:26:03
江西省,长江流域,共青城寨下,2026-09-30 00:00,3,28.5,7.66,5.02,468.7,27.2,3.61,0.064,0.058,1.486,,,2026-09-30 02:26:03
江西省,长江流域,罗坊,2026-09-30 01:00,2,30.96,7.35,6.4,301.394,26.062,3.45,0.106,0.069,1.5084,,,2026-09-30 02:26:03
江西省,长江流域,孔目江江口,2026-09-30 01:00,3,29.61,7.51,5.55,334.858,24.78,2.47,0.086,0.071,0.7418,,,2026-09-30 02:26:03
江西省,长江流域,浮桥,2026-09-30 01:00,3,29.34,7.52,5.73,277.386,9.176,3.24,0.084,0.041,1.4202,,,2026-09-30 02:26:03
江西省,长江流域,傣家村,2026-09-30 01:00,3,30.56,,7.29,171.045,6.46,4.64,0.097,0.04,0.554,0.00672,1.898771,2026-09-30 02:26:03
江西省,长江流域,炭埠周家,2026-09-30 00:00,2,28.89,7.04,8.74,152.75,2.84,1.24,,0.038,0.917,,,2026-09-30 02:26:03
江西省,长江流域,白塔河河口,2026-09-30 00:00,4,29.77,6.75,4.71,99.354,5.883,1.53,0.084,0.04,0.5589,,,2026-09-30 02:26:03
江西省,长江流域,土桥,2026-09-30 01:00,2,30.07,7.32,6.79,181.364,5.093,2.1,0.029,0.046,1.0953,,,2026-09-30 02:26:03
江西省,长江流域,流口村,2026-09-30 00:00,2,30.96,7.15,7.44,160.4704,7.277526,1.88,,0.049,1.132008,,,2026-09-30 02:26:03
江西省,长江流域,市自来水厂,2026-09-30 00:00,2,29.38,7.26,8.18,110.569,6.659,1.08,0.106,0.022,0.4821,,,2026-09-30 02:26:03
江西省,长江流域,梓坑,2026-09-30 00:00,2,30.11,7.37,6.41,112.405,7.286,2.08,0.058,0.06,1.231,,,2026-09-30 02:26:03
江西省,长江流域,峡山,2026-09-30 01:00,2,31.26,7.69,8.22,122.25,2.538,1.21,0.059,0.072,0.9061,,,2026-09-30 02:26:03
江西省,长江流域,梅江江口,2026-09-30 00:00,2,31.93,8.62,8.96,105.23,8.745,1.87,0.044,0.063,0.4986,,,2026-09-30 02:26:03
江西省,长江流域,平江江口,2026-09-30 01:00,2,29.8,7.3,6.9,123.91,22.325,1.71,0.109,0.042,0.6359,,,2026-09-30 02:26:03
江西省,长江流域,上犹江江口,2026-09-30 01:00,1,27.98,7.23,8.18,75.061,10.493,1.52,0.054,0.013,,,,2026-09-30 02:26:03
江西省,长江流域,龙南自来水厂,2026-09-30 01:00,2,30.34,8.08,7.33,104.013,2.389,1.25,0.035,0.032,0.6747,,,2026-09-30 02:26:03
江西省,长江流域,桃江江口,2026-09-30 00:00,3,30.77,7.32,5.72,198.276,3.093,0.9,0.058,0.031,2.0654,,,2026-09-30 02:26:03
江西省,长江流域,大余城郊,2026-09-30 00:00,2,27.83,7.15,6.46,88.063,7.238,0.35,0.053,0.024,0.7922,,,2026-09-30 02:26:03
江西省,珠江流域,兴宁电站,2026-09-30 00:00,1,30.22,8.45,11.25,71.1086,2.221411,1.67,0.018,0.019,2.371212,,,2026-09-30 02:26:03
江西省,长江流域,通津,2026-09-30 01:00,2,28.95,8.4,8.86,108.024,20.035,1.8,0.153,0.044,1.1,,,2026-09-30 02:26:03
江西省,长江流域,金滩,2026-09-30 01:00,2,30.61,7.73,8.86,115.718,8.987,1.49,0.079,0.042,0.9346,,,2026-09-30 02:26:03
江西省,长江流域,孤江江口,2026-09-30 00:00,2,32.09,7.41,6.34,96.595,7.664,2.35,0.023,0.049,0.5307,,,2026-09-30 02:26:03
江西省,长江流域,禾水河口,2026-09-30 00:00,2,30.47,7.61,7.57,131.412,8.985,2.01,0.111,0.07,0.2948,,,2026-09-30 02:26:03
江西省,长江流域,蜀水河口,2026-09-30 00:00,2,30.24,7.38,8.01,61.098,10.967,1.7,0.1,0.045,0.5869,,,2026-09-30 02:26:03
江西省,长江流域,遂川江江口,2026-09-30 00:00,2,28.84,7.63,7.51,88.984,39.368,1.82,0.271,0.08,1.147,,,2026-09-30 02:26:03
江西省,长江流域,乌江江口,2026-09-30 01:00,2,31.38,7.99,7.75,146.686,7.354,2.18,0.101,0.041,0.4749,,,2026-09-30 02:26:03
江西省,长江流域,大洋洲,2026-09-30 01:00,2,29.41,7.65,7.68,111.892,6.405,1.07,0.067,0.04,1.0771,,,2026-09-30 02:26:03
江西省,长江流域,棚下,2026-09-30 00:00,2,28.26,7.31,6.4,187.001,5.24,1.6,0.06,0.073,1.067,,,2026-09-30 02:26:03
江西省,长江流域,丰城小港口,2026-09-30 00:00,2,30.152,7.32,8.07,114.12,5.0076,1.29,0.019,0.032,1.0275,,,2026-09-30 02:26:03
江西省,长江流域,肖江江口,2026-09-30 01:00,3,30.802,7.28,5.01,329.861,12.38,3.6,0.057,0.049,0.875,,,2026-09-30 02:26:03
江西省,长江流域,修河港口,2026-09-30 01:00,3,27.36,6.74,5.84,43.97,1.3,0.46,0.041,0.005,0.227,,,2026-09-30 02:26:03
江西省,长江流域,超坊,2026-09-30 01:00,2,28.54,7.89,6.97,97.587,35.514,2.76,0.19,0.071,1.0576,,,2026-09-30 02:26:03
江西省,长江流域,钟岭水厂,2026-09-30 00:00,2,30.04,7.73,6.59,88.9,30.31,3.79,0.015,0.089,0.744,,,2026-09-30 02:26:03
江西省,长江流域,临水河口,2026-09-30 00:00,2,29.16,7.08,7.68,93.7,9.34,2.46,0.07,0.048,0.555,,,2026-09-30 02:26:03
江西省,长江流域,康山,2026-09-30 00:00,5,25.79,6.75,6.57,137.11,60.89,3.32,0.222,0.11,1.476,0.0117,768000,2026-09-30 02:26:03
江西省,长江流域,野鸡山村,2026-09-30 01:00,2,30.3,7.44,7.69,1310.17,12.84,1.67,0.051,0.025,0.982,,,2026-09-30 02:26:03
江西省,长江流域,瑞洪大桥,2026-09-30 00:00,4,31.31,6.79,4.76,138.42,12.9,1.05,,0.036,0.75,,,2026-09-30 02:26:03
江西省,长江流域,鄱阳花园,2026-09-30 01:00,2,29.39,7.71,8.02,202.71,6.63,2.19,0.041,0.025,1.343,,,2026-09-30 02:26:03
江西省,长江流域,旗山,2026-09-30 00:00,2,31.2,7.31,6.82,180.2,12.04,1.84,0.056,0.067,1.08,,,2026-09-30 02:26:03
山东省,黄河流域,泺口,2026-09-30 00:00,2,24.31,8.34,8.36,749.18,495.77,1.66,0.145,0.061,2.895,,,2026-09-30 02:26:03
山东省,淮河流域,韩旺大桥,2026-09-30 01:00,2,23.327,7.92,9.98,848.915,7.169,2.14,0.014,0.004,25.7,,,2026-09-30 02:26:03
山东省,淮河流域,台儿庄大桥,2026-09-30 00:00,2,24.89,7.9,6.82,1245.28,22.91,3.39,0.149,0.074,2.45,,,2026-09-30 02:26:03
山东省,淮河流域,群乐桥,2026-09-30 00:00,3,20.48,7.87,6.35,2259.28,13.864,4.77,0.021,0.091,3.121,,,2026-09-30 02:26:03
山东省,淮河流域,王晁桥,2026-09-30 00:00,5,23.831,7.73,3.48,1450.55,22.689,5.45,0.265,0.309,5.859,,,2026-09-30 02:26:03
山东省,淮河流域,十字河大桥,2026-09-30 00:00,3,24.827,7.91,8.4,1339.75,4.31,4.13,0.005,0.042,0.494,,,2026-09-30 02:26:03
山东省,淮河流域,贾庄闸,2026-09-30 00:00,3,24.31,7.68,6.72,1413.6,10.771,4.56,0.145,0.124,5.844,,,2026-09-30 02:26:03
山东省,淮河流域,新夹河大桥,2026-09-30 00:00,4,22.20986,7.8,5.76,1167.18,31.25,7.02,0.06,0.072,0.69107,,,2026-09-30 02:26:03
山东省,淮河流域,峡山水库库中,2026-09-30 01:00,3,23.86,8.58,6.43,733.56,9.48,5,0.007,0.029,0.356,0.01657,1.669526,2026-09-30 02:26:03
山东省,淮河流域,兖州南大桥,2026-09-30 00:00,3,24.787,7.9,7.85,1241.52,8.159,4.18,0.002,0.054,1.6475,,,2026-09-30 02:26:03
山东省,淮河流域,105公路桥,2026-09-30 00:00,4,25.064,7.64,3.35,1531.31,53.85,4.9,0.074,0.15,2.362,,,2026-09-30 02:26:03
山东省,淮河流域,高河桥,2026-09-30 00:00,4,25.588,7.91,3.6,1443.04,27.569,6.05,0.064,0.114,1.77,,,2026-09-30 02:26:03
山东省,淮河流域,老运河微山段,2026-09-30 00:00,4,25.551,7.8,4.2,1298.51,14.148,3.76,0.057,0.038,1.019,,,2026-09-30 02:26:03
山东省,淮河流域,尹沟,2026-09-30 00:00,2,24.95,8.22,8.22,1079.45,29.4,0.23,0.113,0.032,0.829,0.04,,2026-09-30 02:26:03
山东省,淮河流域,西支河入湖口,2026-09-30 00:00,4,25.323,8.14,4.26,1342.74,15.886,0.002,0.023,0.053,0.958,,,2026-09-30 02:26:03
山东省,淮河流域,鲁桥,2026-09-30 00:00,3,25.372,7.83,5.07,1783.02,26.607,4.51,0.122,0.072,0.882,,,2026-09-30 02:26:03
山东省,淮河流域,湘子庙,2026-09-30 00:00,5,24.49,8.2,2.61,2128.37,59.177,4.78,0.079,0.243,2.94823,,,2026-09-30 02:26:03
山东省,黄河流域,戴村坝,2026-09-30 00:00,3,26.04,7.56,5.21,947.44,3.01,2.38,0.085,0.027,2.788,,,2026-09-30 02:26:03
山东省,黄河流域,徐家汶,2026-09-30 00:00,2,22.91055,7.96,9.31,1399.36,2.479,2.01,0.057,0.075,38.31924,,,2026-09-30 02:26:03
山东省,淮河流域,南桥,2026-09-30 01:00,4,23.183,8.2,8.34,1971.251,35.633,8.72,0.171,0.135,1.533,,,2026-09-30 02:26:03
山东省,淮河流域,大古镇,2026-09-30 00:00,3,24.86,7.07,7.16,756.98,21.74,4.39,0.415,0.135,5.194,,,2026-09-30 02:26:03
山东省,淮河流域,夏庄,2026-09-30 00:00,5,23.91,8.96,12.26,1439.3,16.8,11.54,0.023,0.232,3.59937,,,2026-09-30 02:26:03
山东省,黄河流域,贺小庄,2026-09-30 01:00,3,24.399,7.95,7.15,844.659,16.749,4.11,0.047,0.016,0.863,,,2026-09-30 02:26:03
山东省,淮河流域,临沂北大桥,2026-09-30 00:00,4,23.51,8.6,6.78,427.47,21.406,7.67,0.061,0.08,1.361,,,2026-09-30 02:26:03
山东省,淮河流域,捷庄,2026-09-30 00:00,4,24.34,7.92,9.11,686.501,9.449,6.43,0.183,0.098,1.28,,,2026-09-30 02:26:03
山东省,淮河流域,临沭大兴桥,2026-09-30 00:00,4,24.039,7.94,9.38,640.626,11.562,6.97,,0.128,1.23,,,2026-09-30 02:26:03
山东省,淮河流域,310公路桥,2026-09-30 00:00,6,24.02,7.27,0.77,720.17,1.37,3.84,0.025,0.102,0.419,,,2026-09-30 02:26:03
山东省,淮河流域,沙沟桥,2026-09-30 00:00,4,22.31,7.41,4.37,744.51,12.41,4.02,0.123,0.103,2.944,,,2026-09-30 02:26:03
山东省,淮河流域,云蒙湖湖心,2026-09-30 00:00,3,21.51,8.93,11.06,415.2,1.78,5.12,0.092,0.019,2.824,0.01151,9960700,2026-09-30 02:26:03
山东省,海河流域,董姑桥,2026-09-30 01:00,4,23.322,7.97,4.77,1262,34.995,3.82,0.015,0.044,0.697,,,2026-09-30 02:26:03
山东省,海河流域,油坊桥,2026-09-30 01:00,3,24.139,8.12,6.61,1110.932,90.831,2.48,0.11,0.118,4.693,,,2026-09-30 02:26:03
山东省,海河流域,秤勾湾,2026-09-30 00:00,3,24.11,8.1,6.89,1060.53,95.34,2.41,0.721,0.122,6.7829,,,2026-09-30 02:26:03
山东省,海河流域,北湖,2026-09-30 01:00,2,24.51,8.65,8.28,927.21,2.53,2.71,0.168,0.013,1.6,0.01377,6198027,2026-09-30 02:26:03
山东省,淮河流域,于楼,2026-09-30 00:00,6,23.839,8.16,1.41,2455.64,21.233,4.22,0.156,0.155,0.869,,,2026-09-30 02:26:03
山东省,淮河流域,徐寨,2026-09-30 00:00,3,24.308,8.3,7.85,2276.98,21.734,4.2,0.198,0.138,1.719,,,2026-09-30 02:26:03
河南省,黄河流域,花园口,2026-09-30 00:00,2,23.04292,7.99,7.7,985.8695,455.6737,2.66,0.199,0.089,2.75278,,,2026-09-30 02:26:03
河南省,黄河流域,七里铺,2026-09-30 00:00,3,24.6859,7.92,7.6,756.51,17.8439,2.38,0.235,0.15,5.246,,,2026-09-30 02:26:03
河南省,淮河流域,尖岗水库,2026-09-30 00:00,2,24.77,8.74,9.73,257.7085,5.4942,2.01,0.017,0.01,0.4323,,,2026-09-30 02:26:03
河南省,淮河流域,新郑黄甫寨,2026-09-30 00:00,2,24.05,7.94,7.97,1058.12,14.65,3.22,0.259,0.052,3.8236,,,2026-09-30 02:26:03
河南省,淮河流域,中牟陈桥,2026-09-30 00:00,3,24.93,8.23,8.75,792.48,60.14,5.96,0.06,0.103,4.845,,,2026-09-30 02:26:03
河南省,黄河流域,高崖寨,2026-09-30 00:00,2,23.83,8.23,7.33,487.09,7.75,2.96,0.056,0.053,3.615,,,2026-09-30 02:26:03
河南省,淮河流域,紫罗山,2026-09-30 00:00,2,21.96895,7.88,7.85,278.1546,50.59975,3.92,0.1,0.076,4.27324,,,2026-09-30 02:26:03
河南省,黄河流域,白马寺,2026-09-30 00:00,3,23.7,7.68,6.42,694.2,17.7,1.94,0.174,0.143,4.743,,,2026-09-30 02:26:03
河南省,淮河流域,大陈闸,2026-09-30 00:00,2,24.00835,8.01,8.18,809.722,4.27735,1.98,0.027,0.049,7.09379,,,2026-09-30 02:26:03
河南省,淮河流域,舞钢石庄桥,2026-09-30 00:00,4,22.52022,7.14,5.64,610.8535,12.78211,3.87,1.081,0.295,5.98837,,,2026-09-30 02:26:03
河南省,海河流域,彰武水库,2026-09-30 00:00,1,24.542,8.14,9.63,578.7,3.76,1.78,,0.011,2.3226,,,2026-09-30 02:26:03
河南省,海河流域,五陵,2026-09-30 00:00,3,23.78,7.87,6.7,1410.7,95.8,3.12,0.015,0.196,7.198,,,2026-09-30 02:26:03
河南省,海河流域,石辛庄,2026-09-30 00:00,3,25.23,8.26,8.57,1521.294,40.743,4.47,0.412,0.164,9.7375,,,2026-09-30 02:26:03
河南省,海河流域,黄花营,2026-09-30 00:00,1,25.02,8.31,8.65,498.2128,3.1702,0.76,0.008,0.012,4.7127,,,2026-09-30 02:26:03
河南省,海河流域,前枋城,2026-09-30 00:00,1,23.016,7.56,7.74,605.69,8.705,1.34,0.014,,5.3897,,,2026-09-30 02:26:03
河南省,海河流域,卫河小河口,2026-09-30 00:00,3,23.61,7.94,7.08,1260.399,128.55,3.09,0.39,0.17,7.1058,,,2026-09-30 02:26:03
河南省,海河流域,修武水文站,2026-09-30 00:00,4,24.19,7.84,7.12,2439.466,62.89,4.18,0.654,0.226,8.5876,,,2026-09-30 02:26:03
河南省,海河流域,获嘉东碑村,2026-09-30 00:00,3,24.82,8.07,6.62,1956.95,64.79,3.69,0.404,0.123,6.679,,,2026-09-30 02:26:03
河南省,黄河流域,封丘陶北,2026-09-30 00:00,2,25.17,8.38,11.39,1017.15,25.07,2.68,0.008,0.057,2.726,,,2026-09-30 02:26:03
河南省,黄河流域,封丘王堤,2026-09-30 00:00,2,23.737,8.01,8.52,1031.65,30.59,3.86,0.066,0.087,3.6073,,,2026-09-30 02:26:03
河南省,海河流域,新乡贾太湖,2026-09-30 00:00,3,23.69,8.18,8.71,994.22,751.921,2.88,,0.151,3.5977,,,2026-09-30 02:26:03
河南省,黄河流域,武陟渠首,2026-09-30 00:00,2,24,7.96,8.48,904.91,26.71,1.31,0.023,0.054,4.692,,,2026-09-30 02:26:03
河南省,黄河流域,孟州石井,2026-09-30 00:00,4,25.73909,8.11,6.65,2905.435,30.87502,7.77,0.008,0.21,8.3082,,,2026-09-30 02:26:03
河南省,黄河流域,孟州还封村,2026-09-30 00:00,3,23.54365,7.87,6.27,1557.453,9.06398,1.54,0.147,0.13,11.4054,,,2026-09-30 02:26:03
河南省,海河流域,南乐元村集,2026-09-30 00:00,3,22.03,7.97,8.96,1274.95,139.82,2.22,0.076,0.164,7.033,,,2026-09-30 02:26:03
河南省,海河流域,南乐水文站,2026-09-30 00:00,4,25.02,7.89,5.46,875.9183,156.02,6.39,0.493,0.292,3.4143,,,2026-09-30 02:26:03
河南省,海河流域,濮阳西水坡,2026-09-30 00:00,4,24.84,8.26,3.93,792.94,5.7,2.85,0.046,0.013,1.192,,,2026-09-30 02:26:03
河南省,黄河流域,濮阳大韩桥,2026-09-30 00:00,4,23.72,7.44,3.05,931.38,75.22,3.45,0.07,0.134,1.927,,,2026-09-30 02:26:03
河南省,淮河流域,白沙水库,2026-09-30 00:00,4,23.8004,7.75,4.08,731.888,4.5979,3.11,0.008,0.017,3.5554,,,2026-09-30 02:26:03
河南省,淮河流域,召陵武湾,2026-09-30 00:00,3,23.45,7.87,8.44,628,47.37,3.53,0.098,0.111,4.304,,,2026-09-30 02:26:03
河南省,淮河流域,郾城漯邓桥,2026-09-30 00:00,3,24.4,7.55,5.47,1549.8,22.08,3.5,0.041,0.2,4.168,,,2026-09-30 02:26:03
河南省,淮河流域,叶舞公路桥,2026-09-30 00:00,2,22.734,7.41,7.06,332.16,13.342,3.25,0.003,0.079,2.564,,,2026-09-30 02:26:03
河南省,淮河流域,临颍高村桥,2026-09-30 00:00,3,24.2,7.52,5.92,1057.87,13.11,2.75,0.732,0.182,10.167,,,2026-09-30 02:26:03
河南省,黄河流域,洛河大桥,2026-09-30 00:00,1,21.09,8.29,8.47,448.16,12.901,1.05,0.074,0.015,1.7623,,,2026-09-30 02:26:03
河南省,黄河流域,三门峡水库,2026-09-30 00:00,2,22.32,8.15,7.55,1063.049,33.27861,1.49,0.003,0.016,4.13697,0.0019,741150.6,2026-09-30 02:26:03
河南省,长江流域,淅川荆紫关,2026-09-30 00:00,1,23.34134,8.22,7.93,390.9656,7.078366,1.46,,0.019,1.726,,,2026-09-30 02:26:03
河南省,长江流域,淅川史家湾,2026-09-30 00:00,2,22.94,7.93,7.88,410.589,8.482,1.39,0.004,0.027,1.759,0.00155,,2026-09-30 02:26:03
河南省,长江流域,淅川高湾,2026-09-30 00:00,2,21.67,7.92,8.12,359.345,42.161,2.87,,0.056,2.508,0.0056,,2026-09-30 02:26:03
河南省,长江流域,淅川张营,2026-09-30 00:00,3,24.91,7.66,5.23,329.788,5.196,2.84,0.044,0.022,1.4091,0.00258083,,2026-09-30 02:26:03
河南省,长江流域,五龙泉,2026-09-30 00:00,3,23.97,7.7,5.4,260.49,4.06,1.83,0.007,0.013,0.838,0.0016,713673.3,2026-09-30 02:26:03
河南省,长江流域,陶岔,2026-09-30 00:00,3,24.53,7.98,5.88,259.449,3.701,1.5,,0.013,0.8441,0.0025,750488,2026-09-30 02:26:03
河南省,长江流域,上河,2026-09-30 00:00,1,21.28,8.21,8.79,191.0548,14.01844,1.96,0.006,0.002,1.47996,,,2026-09-30 02:26:03
河南省,淮河流域,新野溧河桥,2026-09-30 00:00,2,22.32634,7.67,7.48,442.4431,34.417,3.22,0.001,0.089,3.45575,,,2026-09-30 02:26:03
河南省,淮河流域,吕楼桥,2026-09-30 00:00,4,23.71,7.6,4.36,1628.728,70.133,3.29,0.086,0.103,0.9943,,,2026-09-30 02:26:03
河南省,淮河流域,黄口,2026-09-30 01:00,2,23.58,8.24,7.6,1927.122,13.967,3.95,0.124,0.064,3.0317,,,2026-09-30 02:26:03
河南省,淮河流域,长台关甘岸桥,2026-09-30 00:00,3,22.55,7.42,6.53,331.18,33.91,4.25,0.058,0.119,1.744,,,2026-09-30 02:26:03
河南省,淮河流域,息县大埠口,2026-09-30 00:00,4,22.78026,7.2,3.55,305.045,11.55738,3.02,0.021,0.056,0.95899,,,2026-09-30 02:26:03
河南省,淮河流域,潢川水文站,2026-09-30 00:00,6,23.11,6.8,4.76,238.647,93.1897,5.37,0.136,0.459,2.2561,,,2026-09-30 02:26:03
河南省,淮河流域,淮滨北庙,2026-09-30 00:00,2,22.75,7.16,6.64,245.3413,105.8095,2.91,0.073,0.088,1.23712,,,2026-09-30 02:26:03
河南省,淮河流域,饮用水源地取水口,2026-09-30 01:00,3,23.36,7.08,5.72,165.34,2.33,3.55,0.057,0.014,0.707,0.03,45000,2026-09-30 02:26:03
河南省,淮河流域,竹竿铺,2026-09-30 00:00,2,21.92,7.56,7.36,209.08,13.6,2.48,0.04,0.076,0.535,,,2026-09-30 02:26:03
河南省,淮河流域,固始马罡,2026-09-30 00:00,4,23.4835,7.23,3.88,211.814,5.2065,2.8,0.011,0.029,0.7281,,,2026-09-30 02:26:03
河南省,淮河流域,老沈丘泉河桥,2026-09-30 00:00,5,23.95,7.54,2.98,932.614,33.524,3.22,0.056,0.12,3.1808,,,2026-09-30 02:26:03
河南省,淮河流域,刘寨村后,2026-09-30 00:00,5,24.3,7.73,2.83,1405,34.88,4.15,0.307,0.126,3.4777,,,2026-09-30 02:26:03
河南省,淮河流域,西华大王庄,2026-09-30 01:00,4,23.7346,8.07,7.72,804.46,84.8241,4.6,0.345,0.229,4.104,,,2026-09-30 02:26:03
河南省,淮河流域,周口康店,2026-09-30 00:00,3,24.14,7.66,5.19,743.0417,15,3,0.265,0.098,5.0585,,,2026-09-30 02:26:03
河南省,淮河流域,商水双桥,2026-09-30 00:00,4,23.59,7.56,4,752.2103,20.576,3.1,0.206,0.136,4.338,,,2026-09-30 02:26:03
河南省,淮河流域,鄢陵陶城闸,2026-09-30 00:00,4,23.1,7.62,3.84,1076.9,36.2,4.78,0.881,0.144,8.6025,,,2026-09-30 02:26:03
河南省,淮河流域,鹿邑付桥,2026-09-30 00:00,5,24.27,7.68,2.62,1004.466,19.908,5.08,0.183,0.097,2.0868,,,2026-09-30 02:26:03
河南省,淮河流域,西华址坊,2026-09-30 01:00,6,22.72,8.01,7.24,932.61,110.06,6.22,1.299,0.487,6.029,,,2026-09-30 02:26:03
河南省,淮河流域,冯塘邱屯,2026-09-30 00:00,5,23.16,7.46,2.69,1058.826,16.67019,4.38,1.698,0.234,6.39799,,,2026-09-30 02:26:03
河南省,淮河流域,鹿邑宋河桥,2026-09-30 01:00,4,24.23,7.63,6.43,1178.08,14.05,7.7,0.005,0.151,2.575,,,2026-09-30 02:26:03
河南省,淮河流域,西平杨庄,2026-09-30 00:00,4,21.62,7.4,3.84,844.9,17.66691,4.34,1.466,0.214,6.12088,,,2026-09-30 02:26:03
河南省,淮河流域,西平王孟寺,2026-09-30 00:00,4,22.75853,7.28,5.48,858.0288,40.74776,2.65,0.082,0.205,3.64528,,,2026-09-30 02:26:03
河南省,黄河流域,小浪底水库,2026-09-30 00:00,2,23.58,8.05,7.19,1005.497,709.846,,,0.079,19.3758,,,2026-09-30 02:26:03
河南省,黄河流域,南山,2026-09-30 00:00,2,23.78931,8.05,8.26,1048.832,10.77595,1.63,0.008,0.017,3.29205,0.01312,2813966,2026-09-30 02:26:03
湖北省,长江流域,西梁子湖湖北,2026-09-30 01:00,3,25.3775,7.48,5.31,186.4,29.705,3.07,,0.035,0.523,,6728155,2026-09-30 02:26:03
湖北省,长江流域,杨泗港,2026-09-30 00:00,2,25.86,7.65,7.46,300.184,22.54,1.38,,0.032,1.88,,,2026-09-30 02:26:03
湖北省,长江流域,龙口,2026-09-30 00:00,3,25.04,7.08,5.26,218.36,22.75,4.97,0.11,0.062,0.932,,,2026-09-30 02:26:03
湖北省,长江流域,金水闸,2026-09-30 01:00,6,25.72,7.07,1.82,298.95,24,5.46,0.285,0.039,0.911,,,2026-09-30 02:26:03
湖北省,长江流域,滠口,2026-09-30 00:00,5,24.81,6.88,2.17,239.4519,44.09,3.17,0.142,0.087,0.9945,,,2026-09-30 02:26:03
湖北省,长江流域,港洲村,2026-09-30 00:00,2,23.17,7.81,8.28,32.84,3.1995,3.88,0.405,,1.389,,,2026-09-30 02:26:03
湖北省,长江流域,白浒山,2026-09-30 00:00,2,25.87,7.76,6.45,355.884,30.10429,1.32,0.002,0.079,2.076402,,,2026-09-30 02:26:03
湖北省,长江流域,挖沟泵站,2026-09-30 00:00,4,25.12962,7.13,3.51,1628.403,64.23879,5.27,0.478,0.182,2.426811,,,2026-09-30 02:26:03
湖北省,长江流域,富池闸,2026-09-30 00:00,3,27.27,7.32,5.24,233.4124,18.31537,2.18,0.039,0.052,1.224442,,,2026-09-30 02:26:03
湖北省,长江流域,大冶湖闸,2026-09-30 00:00,4,27.81,7.33,4.09,337.09,34.97,5.13,0.201,0.106,1.003,,,2026-09-30 02:26:03
湖北省,长江流域,夹河口,2026-09-30 00:00,4,22.86,7.67,3.93,317.0115,13.44,1.29,0.045,0.016,1.39,,,2026-09-30 02:26:03
湖北省,长江流域,天河口,2026-09-30 00:00,4,22.036,7.79,8.66,322.528,34.677,6.27,0.129,0.119,2.6833,,,2026-09-30 02:26:03
湖北省,长江流域,孙家湾,2026-09-30 00:00,4,20.1,7.16,8.69,128.74,78.67,6.89,0.109,0.096,2.559,,,2026-09-30 02:26:03
湖北省,长江流域,浪河口,2026-09-30 00:00,3,20.69,7.45,8.36,115.9186,31.48,4.29,0.069,0.04,,,,2026-09-30 02:26:03
湖北省,长江流域,丹江口水库坝上中,2026-09-30 00:00,3,25.08,7.62,5.01,249.133,1.113637,2.19,0.1,0.008,1.1512,0.0015628,4410000,2026-09-30 02:26:03
湖北省,长江流域,陈家坡,2026-09-30 00:00,2,23.55,7.71,6.78,287.49,8.97,1.57,0.027,0.026,1.1918,,,2026-09-30 02:26:03
湖北省,长江流域,潘口水库坝上,2026-09-30 00:00,2,23.18,7.88,6.62,193.3,2.7,1.7,,0.011,0.853,,,2026-09-30 02:26:03
湖北省,长江流域,剑河口,2026-09-30 00:00,2,24.4,7.2,7.49,230.8,0.16,2.42,0.017,0.03,1.684,,,2026-09-30 02:26:03
湖北省,长江流域,东湾桥,2026-09-30 00:00,6,20.13,7.48,9.43,201.1807,73.41,16.96,0.33,0.227,5.0727,,,2026-09-30 02:26:03
湖北省,长江流域,玉皇滩,2026-09-30 00:00,2,21.629,8.24,8.57,378.2,10.376,0.52,0.027,0.036,1.306,,,2026-09-30 02:26:03
湖北省,长江流域,王河电站,2026-09-30 00:00,2,22.12,8.04,7.34,402.5301,12.37,2.53,0.068,0.035,1.448,,,2026-09-30 02:26:03
湖北省,长江流域,隔河岩水库坝上,2026-09-30 00:00,2,20.03,7.8,6.93,228.78,1.6,1.3,0.011,0.009,1.681,0.03321,2052165,2026-09-30 02:26:03
湖北省,长江流域,长沙坝,2026-09-30 00:00,2,25.249,7.42,6.14,427.813,15.041,1.3,0.009,0.043,2.296,,,2026-09-30 02:26:03
湖北省,长江流域,清江大桥,2026-09-30 00:00,2,21.03,7.6,7.4,363.363,11.392,1.31,,0.031,3.155,,,2026-09-30 02:26:03
湖北省,长江流域,南津关,2026-09-30 01:00,2,26.09,7.76,6.32,406.385,4.714958,2.03,0.008,0.045,2.2362,0.0881802,,2026-09-30 02:26:03
湖北省,长江流域,马渡河,2026-09-30 00:00,2,21.42,7.69,7.12,383.64,3.37,2.01,0.011,0.033,2.507,,,2026-09-30 02:26:03
湖北省,长江流域,铁路大桥,2026-09-30 00:00,2,21.7,7.9,7.92,463.1,21.1,2.22,0.033,0.065,2.416,,,2026-09-30 02:26:03
湖北省,长江流域,两河口,2026-09-30 00:00,2,22.557,7.64,7.41,570.6437,14.6196,3.13,0.047,0.055,2.4894,,,2026-09-30 02:26:03
湖北省,长江流域,白石港,2026-09-30 00:00,2,23.4,8.11,7.87,319.8,2.124,2.21,0.001,0.005,1.218,,,2026-09-30 02:26:03
湖北省,长江流域,云池,2026-09-30 00:00,2,25.15,7.79,6.48,403.87,15.64,1.1,0.005,0.043,2.035,,,2026-09-30 02:26:03
湖北省,长江流域,翟湾,2026-09-30 00:00,4,22.29,7.52,4.78,544.4698,77.48421,4.12,0.135,0.189,3.4045,,,2026-09-30 02:26:03
湖北省,长江流域,埠口,2026-09-30 00:00,4,22.45768,7.78,5.16,605.9346,57.72791,3.13,0.299,0.242,3.58111,,,2026-09-30 02:26:03
湖北省,长江流域,张湾,2026-09-30 00:00,3,22.37,7.47,6.76,506.9876,27.21,3.98,0.139,0.191,3.593,,,2026-09-30 02:26:03
湖北省,长江流域,余家湖,2026-09-30 00:00,2,22.78,7.7,6.36,321.3914,8.53,2.24,0.055,0.036,1.286,,,2026-09-30 02:26:03
湖北省,长江流域,聂家滩,2026-09-30 00:00,2,22.33,7.76,8.03,216.8583,40.51,3.84,0.162,0.082,2.494,,,2026-09-30 02:26:03
湖北省,长江流域,汤店,2026-09-30 00:00,4,22.33,7.38,4.86,666.7903,14.11,5.38,0.217,0.128,1.59,,,2026-09-30 02:26:03
湖北省,长江流域,沈湾,2026-09-30 00:00,3,19.36,7.63,5.48,347.1,10.09,2.3,0.088,0.035,1.633,,,2026-09-30 02:26:03
湖北省,长江流域,朱市,2026-09-30 00:00,4,21.86,7.85,7.78,513.2771,39.35,5.23,0.814,0.246,3.544,,,2026-09-30 02:26:03
湖北省,长江流域,燕矶,2026-09-30 00:00,2,25.99,7.71,7.22,340.52,23.81,1.29,0.051,0.054,1.953,,,2026-09-30 02:26:03
湖北省,长江流域,东梁子湖湖心,2026-09-30 01:00,3,25.52,7.48,5.1,200.85,37.351,2.95,0.166,0.038,1.082,,,2026-09-30 02:26:03
湖北省,长江流域,梁子湖七星站,2026-09-30 00:00,3,25.71,7.37,5.41,203.7271,28.1462,3.38,0.12,0.022,1.335417,0.0366056,,2026-09-30 02:26:03
湖北省,长江流域,漳河水库库心,2026-09-30 00:00,1,23.65,8.36,9.2,307.4962,10.7611,1.74,,0.004,0.42,0.00018,1.0536,2026-09-30 02:26:03
湖北省,长江流域,转斗,2026-09-30 00:00,-1,,,,,,,,,,,,2026-09-30 02:26:03
湖北省,长江流域,罗汉闸,2026-09-30 00:00,2,22.77,7.69,8.84,345.2,22.86,1.49,0.019,0.061,1.5938,,,2026-09-30 02:26:03
湖北省,长江流域,京山河邓李港,2026-09-30 00:00,3,24.87,7.75,7.74,458.7802,10.1375,3.23,0.038,0.133,2.329,,,2026-09-30 02:26:03
湖北省,长江流域,马良龚家湾,2026-09-30 00:00,4,23.618,7.37,4.81,1273.26,46.4332,3.57,0.115,0.129,3.5492,,,2026-09-30 02:26:03
湖北省,长江流域,应城公路桥,2026-09-30 00:00,2,23.94,8.13,8.47,530.89,9.8179,2.11,0.003,0.032,0.4696,,,2026-09-30 02:26:03
湖北省,长江流域,田店泵站,2026-09-30 00:00,2,24.44,7.9,7.68,511.2,24.371,1.93,,0.039,0.83547,,,2026-09-30 02:26:03
湖北省,长江流域,新沟闸,2026-09-30 00:00,4,25.15,7.68,3.91,458.29,17.86,3.14,0.016,0.074,1.272,,,2026-09-30 02:26:03
湖北省,长江流域,小河,2026-09-30 00:00,2,24.91,7.96,7.16,399.41,36.64,2.54,0.044,0.071,1.934,,,2026-09-30 02:26:03
湖北省,长江流域,孝昌王店,2026-09-30 00:00,3,23.37,7.36,7.32,371.08,16.845,4.32,0.042,0.083,2.1107,,,2026-09-30 02:26:03
湖北省,长江流域,孝感河口大桥,2026-09-30 00:00,4,24.79,7.37,3.96,374.616,22.055,3.93,0.035,0.077,1.2987,,,2026-09-30 02:26:03
湖北省,长江流域,大悟河口,2026-09-30 00:00,2,23.36,7.62,7.4,267.2,7.78,3.52,0.02,0.037,0.5928,,,2026-09-30 02:26:03
湖北省,长江流域,安陆桑树,2026-09-30 00:00,3,24.08,7.81,5.89,548.97,14.7079,1.97,0.007,0.029,0.6076,,,2026-09-30 02:26:03
湖北省,长江流域,隔蒲桥,2026-09-30 00:00,4,24.91,7.08,4.17,392.27,13.654,4.34,0.267,0.063,1.4105,,,2026-09-30 02:26:03
湖北省,长江流域,汉川新堰,2026-09-30 00:00,4,24.78,7.35,3.54,515.5,49.828,2.78,0.168,0.139,2.513,,,2026-09-30 02:26:03
湖北省,长江流域,杨柴湖,2026-09-30 00:00,5,23.7,6.65,3.37,335.8,11.8,5.55,0.011,0.137,0.701,0.0014,805680.8,2026-09-30 02:26:03
湖北省,长江流域,排水闸,2026-09-30 00:00,3,24.72,7.61,5.45,395.1658,42.7619,2.96,0.006,0.048,1.19,0.00074,7509172,2026-09-30 02:26:03
湖北省,长江流域,洪湖湖心,2026-09-30 00:00,3,24.1,8.09,7.24,368.531,81.128,2.82,0.076,0.047,1.196,0.0013,40847.2,2026-09-30 02:26:03
湖北省,长江流域,观音寺,2026-09-30 00:00,2,25.27,7.82,6.68,388.3,6.14,1.18,,0.06,2.431,,,2026-09-30 02:26:03
湖北省,长江流域,荆州河口,2026-09-30 00:00,2,23.45,7.72,7.02,519.559,28.2021,3,,0.064,2.7309,,,2026-09-30 02:26:03
湖北省,长江流域,康家岗,2026-09-30 00:00,2,24.39,8.01,10.17,484.969,27.1725,1.66,0.001,0.027,1.5752,,,2026-09-30 02:26:03
湖北省,长江流域,淤泥湖,2026-09-30 01:00,2,24,7.74,7.98,399.9,41.4,1.55,0.025,0.07,2.071,,,2026-09-30 02:26:03
湖北省,长江流域,杨家垱,2026-09-30 00:00,2,23.92,7.97,7.8,414.49,23.64,1.5,0.027,0.076,1.986,,,2026-09-30 02:26:03
湖北省,长江流域,调关,2026-09-30 00:00,2,24.96,7.76,7.74,378.0705,25.3066,1.09,,0.048,2.0584,,,2026-09-30 02:26:03
湖北省,长江流域,三兴公,2026-09-30 00:00,3,23.918,7.74,5.09,564.834,43.366,3.8,0.091,0.056,1.1,,,2026-09-30 02:26:03
湖北省,长江流域,姚集,2026-09-30 00:00,3,24.5,7.73,5.86,444.7,38.2,2.14,0.072,0.094,1.973,,,2026-09-30 02:26:03
湖北省,长江流域,乌溪沟,2026-09-30 01:00,3,20.30932,8.13,8.98,388.433,8.913392,1.03,0.028,0.117,3.63253,,,2026-09-30 02:26:03
湖北省,长江流域,巴河镇河口,2026-09-30 01:00,6,24.821,6.87,6.01,197.958,10.641,18.17,,0.065,1.017,,,2026-09-30 02:26:03
湖北省,长江流域,兰溪大桥,2026-09-30 01:00,4,27.417,6.81,4.13,174.672,6.085,4.13,0.136,0.078,1.531,,,2026-09-30 02:26:03
湖北省,长江流域,蕲春县八里湖,2026-09-30 00:00,3,27.07,7.13,5.36,236.1669,93.01,2.66,0.236,0.135,2.283,,,2026-09-30 02:26:03
湖北省,长江流域,咸宁湖心,2026-09-30 01:00,5,25.95,7.57,2.72,246.315,21.936,3.53,0.38,0.064,0.948,0.00326,1751244,2026-09-30 02:26:03
湖北省,长江流域,富水水库,2026-09-30 00:00,3,27.36,8.75,9.66,207.6772,11.51,2.6,0.013,0.031,0.696,0.01,2.0805,2026-09-30 02:26:03
湖北省,长江流域,窑嘴大桥,2026-09-30 00:00,6,25.89,7.29,1.38,399.9484,20.15,2.14,0.267,0.088,3.014,,,2026-09-30 02:26:03
湖北省,长江流域,陆溪口,2026-09-30 00:00,4,26.21,7.21,3.7,240.51,13.22,3.01,0.204,0.075,1.224,,,2026-09-30 02:26:03
湖北省,长江流域,洪下水文站,2026-09-30 00:00,2,26.2,7.59,8.26,164.7,5.09,2.02,0.067,0.062,1.011,,,2026-09-30 02:26:03
湖北省,长江流域,厉山,2026-09-30 00:00,4,23.79,7.52,5.49,369.8213,21.87,6.84,1.333,0.172,3.0574,,,2026-09-30 02:26:03
湖北省,长江流域,平林,2026-09-30 00:00,3,24.33,7.68,6.77,384.773,26.037,5.29,0.123,0.073,1.463,,,2026-09-30 02:26:03
湖北省,长江流域,涢水大桥,2026-09-30 00:00,4,23.15,7.32,3.62,420.2232,17.75,3.78,0.066,0.078,1.0516,,,2026-09-30 02:26:03
湖北省,长江流域,江口村,2026-09-30 00:00,1,19.46,7.74,8.48,227.45,4.522,0.86,0.018,0.01,1.355,,,2026-09-30 02:26:03
湖北省,长江流域,恩施大沙坝,2026-09-30 00:00,2,20.07,8.06,7.81,313.76,16.9,1.99,0.048,0.089,3.481,,,2026-09-30 02:26:03
湖北省,长江流域,雪照河,2026-09-30 00:00,2,18.24,8.22,9.39,322.73,22.664,1.37,,0.059,2.991,,,2026-09-30 02:26:03
湖北省,长江流域,周家坝,2026-09-30 00:00,2,20.99,7.81,8.27,201.58,36.416,1.12,,0.03,2.454,,,2026-09-30 02:26:03
湖北省,长江流域,积玉口荷花村,2026-09-30 00:00,3,22.92,7.62,5.18,423.8318,36.3224,3.91,0.127,0.112,1.697,,,2026-09-30 02:26:03
湖北省,长江流域,潜江大桥,2026-09-30 00:00,2,22.79,7.79,8.03,347.7759,17.51,2.15,,0.051,1.578,,,2026-09-30 02:26:03
湖北省,长江流域,岳口,2026-09-30 00:00,2,24.5,8.02,6.86,366.6,24.26,2.88,0.024,0.06,1.844,,,2026-09-30 02:26:03
湖北省,长江流域,拖市,2026-09-30 00:00,4,22.98,7.33,3.86,946.7,34.194,4.09,0.099,0.117,2.1448,,,2026-09-30 02:26:03
湖北省,长江流域,阳日湾,2026-09-30 00:00,3,16.032,8.16,9.93,268.225,96.225,2.2,0.124,0.173,1.3052,,,2026-09-30 02:26:03
湖南省,长江流域,捞刀河口,2026-09-30 00:00,4,27.55,6.97,4.08,283.7,6.2843,2.34,0.029,0.074,2.405,,,2026-09-30 02:26:03
湖南省,长江流域,三角洲,2026-09-30 00:00,3,27.98,7.24,7.33,272.94,8.53,1.57,0.052,0.12,3.554,,,2026-09-30 02:26:03
湖南省,长江流域,胜利,2026-09-30 00:00,4,26.67,7.1,4.91,419.14,5.87,2.91,0.051,0.05,1.366,,,2026-09-30 02:26:03
湖南省,长江流域,桔子洲,2026-09-30 00:00,2,27.45,7.9,7.54,217.3323,6.98,0.71,0.033,0.07,1.237,,,2026-09-30 02:26:03
湖南省,长江流域,湘东沿塘,2026-09-30 00:00,2,27.717,7.52,7.18,85.902,3.245,1.06,0.02,0.032,0.67,,,2026-09-30 02:26:03
湖南省,长江流域,马家河,2026-09-30 01:00,2,27.98,7.71,7.44,213.27,3.36,1.42,0.029,0.048,1.363,,,2026-09-30 02:26:03
湖南省,长江流域,渌水入河口,2026-09-30 01:00,2,28.2375,7.91,7.46,286.6237,6.7738,1.75,0.021,0.065,1.46,,,2026-09-30 02:26:03
湖南省,长江流域,涟水入河口,2026-09-30 01:00,2,29.52,7.85,6.83,346.68,22.99,2.51,0.03,0.042,1.0565,,,2026-09-30 02:26:03
湖南省,长江流域,西阳渡口,2026-09-30 00:00,1,26.23,7.82,9.16,393.79,8.487,1.66,0.124,0.019,1.837,,,2026-09-30 02:26:03
湖南省,长江流域,舂陵水入湘江口,2026-09-30 01:00,2,29.1665,7.97,7.86,265.7039,6.2049,1.45,0.023,0.06,1.1252,,,2026-09-30 02:26:03
湖南省,长江流域,熬洲,2026-09-30 00:00,2,26.95,7.62,8.37,194.1833,4.453,0.89,0.005,0.045,1.1317,,,2026-09-30 02:26:03
湖南省,长江流域,洣水入湘江口,2026-09-30 01:00,2,28.34,8.06,7.56,123.1,10.22,1.28,0.022,0.036,0.923,,,2026-09-30 02:26:03
湖南省,长江流域,城北水厂,2026-09-30 00:00,2,27.74,8.06,8.31,203.23,4.02,1.51,0.002,0.044,1.252,,,2026-09-30 02:26:03
湖南省,长江流域,塘渡口,2026-09-30 00:00,2,29.1,8.23,7.7,149.2727,1.2751,1.05,0.053,0.026,1.075,,,2026-09-30 02:26:03
湖南省,长江流域,窑市,2026-09-30 00:00,2,27.56,7.56,8.1,60.4907,3.7533,0.73,0.018,0.025,0.644,,,2026-09-30 02:26:03
湖南省,长江流域,渡头村,2026-09-30 00:00,2,29.33,8.03,7.79,217.199,5.097,1.27,0.02,0.035,0.869,,,2026-09-30 02:26:03
湖南省,长江流域,邵水入河口,2026-09-30 00:00,2,29.6,7.76,7.52,428.735,8.628,2.45,0.016,0.061,2.252,,,2026-09-30 02:26:03
湖南省,长江流域,岳阳楼,2026-09-30 00:00,3,26.36,7.75,6.91,234.7146,42.42039,1.4,0.012,0.034,1.3579,0.0002539,226079,2026-09-30 02:26:03
湖南省,长江流域,城陵矶,2026-09-30 01:00,2,25.68,7.68,6.7,243.613,54.84229,2.07,0.008,0.038,1.4857,,,2026-09-30 02:26:03
湖南省,长江流域,荆江口,2026-09-30 00:00,2,24.9,7.66,7.54,392.1863,20.4907,0.93,0.057,0.046,2.0974,,,2026-09-30 02:26:03
湖南省,长江流域,六门闸,2026-09-30 00:00,4,24.89,7.83,4.41,462.8271,35.73,2.34,0.065,0.12,0.737,,,2026-09-30 02:26:03
湖南省,长江流域,南渡,2026-09-30 00:00,2,25.06,7.13,6.86,124.88,15.1,2.3,0.038,0.078,1.214,,,2026-09-30 02:26:03
湖南省,长江流域,八仙桥,2026-09-30 00:00,3,24.97,6.91,5.29,282.5346,38.994,3.93,0.154,0.098,1.4138,,,2026-09-30 02:26:03
湖南省,长江流域,坡头,2026-09-30 00:00,2,25.51,7.91,7.38,207.3063,26.09057,1.35,0.001,0.035,1.3951,0.000806,,2026-09-30 02:26:03
湖南省,长江流域,蒋家嘴,2026-09-30 00:00,3,23.44,7.5,6.09,195.2429,25.78,1.42,0.067,0.04,1.0543,0.00213,1.4638,2026-09-30 02:26:03
湖南省,长江流域,澧水三江口,2026-09-30 00:00,2,24.62703,7.77,7.82,247.6866,5.64675,0.81,0.007,0.024,1.06828,,,2026-09-30 02:26:03
湖南省,长江流域,窑坡渡,2026-09-30 00:00,2,23.92,8.09,6.57,278.6188,15.022,1.87,0.16,0.056,1.089,,,2026-09-30 02:26:03
湖南省,长江流域,马坡湖,2026-09-30 00:00,2,24.79,8.03,7.22,400.682,24.2937,2.18,0.03,0.073,1.902,,,2026-09-30 02:26:03
湖南省,长江流域,永定澄潭,2026-09-30 00:00,1,24.58,7.29,8.22,237.18,4.073,1.4,0.008,0.018,0.603,,,2026-09-30 02:26:03
湖南省,长江流域,藕池河中支入境,2026-09-30 00:00,3,24.775,7.8,5.52,475.848,14.78,3.69,0.002,0.045,0.617,,,2026-09-30 02:26:03
湖南省,长江流域,万家嘴,2026-09-30 00:00,2,27.18,7.63,6.71,193.3545,17.08746,1.22,0.057,0.048,2.0311,0.0020268,204143.9,2026-09-30 02:26:03
湖南省,长江流域,南嘴,2026-09-30 00:00,3,25.69,8.07,6.7,225.6822,56.16088,0.95,,0.047,1.4181,0.0091875,380000.4,2026-09-30 02:26:03
湖南省,长江流域,小河嘴,2026-09-30 00:00,3,25.16,7.79,6.77,221.486,37.933,1.27,,0.046,1.184,0.00217661,5.51324,2026-09-30 02:26:03
湖南省,长江流域,坪口,2026-09-30 00:00,2,27.68,8.84,13.83,188.1,8.615,2.32,0.036,0.037,1.545,,,2026-09-30 02:26:03
湖南省,长江流域,桃谷山,2026-09-30 00:00,2,24.67,7.75,6.28,208.731,7.3544,1.41,0.005,0.059,1.677,,,2026-09-30 02:26:03
湖南省,长江流域,头山,2026-09-30 00:00,1,29.32,8.58,9.52,129.74,1.83,0.57,0.004,0.004,0.4075,0.0026,4771000,2026-09-30 02:26:03
湖南省,长江流域,渡口大桥,2026-09-30 00:00,2,29.58,7.27,6.95,147.32,13.8,1.44,0.043,0.068,0.8928,,,2026-09-30 02:26:03
湖南省,长江流域,绿埠头,2026-09-30 01:00,1,29.02,7.97,8,185.65,1.83,0.76,0.006,0.013,0.759,,,2026-09-30 02:26:03
湖南省,长江流域,五强溪,2026-09-30 00:00,3,26.47,7.59,5.74,183.373,1.392,0.87,0.02,0.045,1.07,,,2026-09-30 02:26:03
湖南省,长江流域,铜信溪电站,2026-09-30 00:00,1,26.45,7.97,7.86,324.22,1.13,0.72,,0.014,1.405,,,2026-09-30 02:26:03
湖南省,长江流域,地阳坪公路大桥,2026-09-30 00:00,2,27.49,7.05,6.24,107.868,4.0552,1.1,,0.035,0.366,,,2026-09-30 02:26:03
湖南省,长江流域,托口渠水,2026-09-30 00:00,2,27.71,8.37,8.43,105,1.472,1.18,0.006,0.024,0.599,,,2026-09-30 02:26:03
湖南省,长江流域,舞水入河口,2026-09-30 00:00,3,26.55,8.01,5.47,359.5,0.742,,0.002,0.048,,,,2026-09-30 02:26:03
湖南省,长江流域,溪子口,2026-09-30 00:00,4,25.1,7.31,4.28,268.3,1.139,0.6,0.003,0.018,1.318,,,2026-09-30 02:26:03
湖南省,长江流域,球溪,2026-09-30 00:00,2,27.654,7.66,7.32,210.6,5.073,1.57,0.009,0.035,1.581,,,2026-09-30 02:26:03
湖南省,长江流域,街埠头,2026-09-30 00:00,2,29.25,8.28,12.66,372.381,5.6331,2.56,,0.019,1.226,,,2026-09-30 02:26:03
湖南省,长江流域,浦市上游,2026-09-30 00:00,2,26.95,8.01,7.94,184.28,9.7,0.83,,0.034,1.075,,,2026-09-30 02:26:03
湖南省,长江流域,里耶镇,2026-09-30 01:00,2,22.94,7.74,6.12,244.65,5.61,0.82,,0.021,1.196,,,2026-09-30 02:26:03
湖南省,长江流域,江口,2026-09-30 00:00,3,25.49,7.81,5.27,287.7008,5.0137,0.69,,0.013,1.292,,,2026-09-30 02:26:03
湖南省,长江流域,武水汇合口,2026-09-30 00:00,2,27.18,8.1,8.24,186.783,6.8216,0.98,0.002,0.028,0.851,,,2026-09-30 02:26:03
广东省,珠江流域,大墩,2026-09-30 00:00,3,31.982,6.96,5.58,139.767,33.27,1.25,0.037,0.069,1.926,,,2026-09-30 02:26:03
广东省,珠江流域,高桥,2026-09-30 00:00,2,30.23198,7.41,6.91,181.7098,8.99702,1.19,0.021,0.043,0.9648,,,2026-09-30 02:26:03
广东省,珠江流域,深圳河口,2026-09-30 00:00,4,31.09279,7.21,4.33,16692.42,61.98432,5,0.294,0.203,4.63499,,,2026-09-30 02:26:03
广东省,珠江流域,珠海大桥,2026-09-30 00:00,2,30.49,7.81,6.7,823.898,48.408,1.47,0.075,0.064,2.567,,,2026-09-30 02:26:03
广东省,珠江流域,石角咀水闸,2026-09-30 00:00,4,31.57,7.51,4.94,451.163,96.087,2.49,0.078,0.138,2.819,,,2026-09-30 02:26:03
广东省,珠江流域,鸡啼门大桥,2026-09-30 00:00,2,30.36,7.86,6.31,5993,41.53,2.14,0.183,0.094,2.807,,,2026-09-30 02:26:03
广东省,珠江流域,布洲,2026-09-30 00:00,2,29.91,8.04,7.74,268.995,43.894,1.56,,0.047,2.058,,,2026-09-30 02:26:03
广东省,珠江流域,海门湾桥闸,2026-09-30 00:00,5,31.43,7.16,2.1,428.47,48.97,4.6,0.381,0.115,3.496,,,2026-09-30 02:26:03
广东省,珠江流域,大衙,2026-09-30 00:00,2,32.713,6.92,6.18,108.53,33.919,1.32,0.009,0.033,1.51934,,,2026-09-30 02:26:03
广东省,珠江流域,古劳,2026-09-30 00:00,2,29.94028,7.51,6.66,245.5151,25.93843,1.45,0.0004,0.035,1.97565,,,2026-09-30 02:26:03
广东省,珠江流域,苍山渡口,2026-09-30 00:00,3,30.83,7.69,5.51,7870.14,69.146,1.56,0.176,0.103,2.406,,,2026-09-30 02:26:03
广东省,珠江流域,牛湾,2026-09-30 00:00,4,31.43,6.69,3.48,229.77,45.86,3.51,0.057,0.093,2.414,,,2026-09-30 02:26:03
广东省,珠江流域,渠首,2026-09-30 00:00,4,30.42,7.22,3.8,126.89,16.01,4.32,0.192,0.024,0.936,0.01274,3394930,2026-09-30 02:26:03
广东省,珠江流域,黄坡,2026-09-30 00:00,3,31.96,7.11,5.72,130.45,22.57,3.27,0.036,0.076,1.376,,,2026-09-30 02:26:03
广东省,珠江流域,山角,2026-09-30 00:00,2,32.38,8.88,9.51,151.94,5.35,3.89,0.008,0.03,1.679,,,2026-09-30 02:26:03
广东省,珠江流域,运河管理局,2026-09-30 00:00,3,31.56,7.65,6.64,126.73,22.33,4.3,0.025,0.025,0.865,,,2026-09-30 02:26:03
广东省,珠江流域,排里,2026-09-30 00:00,3,32.01,7.42,7.06,180.2,12.47,5.61,0.024,0.07,1.08,,,2026-09-30 02:26:03
广东省,珠江流域,南渡河桥,2026-09-30 00:00,3,32.68,6.46,5.18,162.7,12.86,3.91,0.131,0.042,2.646,,,2026-09-30 02:26:03
广东省,珠江流域,营仔,2026-09-30 00:00,4,30.93,6.9,3.82,171.34,17.2,5.04,0.105,0.064,1.722,,,2026-09-30 02:26:03
广东省,珠江流域,黄竹尾水闸,2026-09-30 00:00,4,32.4,7.04,4.43,143.98,16.36,3.81,0.012,0.059,1.716,,,2026-09-30 02:26:03
广东省,珠江流域,塘口,2026-09-30 00:00,6,32.03,9.47,12.34,137.61,10.2,4.26,0.021,0.074,1.798,,,2026-09-30 02:26:03
广东省,珠江流域,石碧,2026-09-30 00:00,4,30.749,6.54,4.02,276.698,9.485,,,,,,,2026-09-30 02:26:03
广东省,珠江流域,石骨水库,2026-09-30 00:00,2,31.082,,8.59,70.66,5.7941,2.04,0.018,0.018,0.414,,,2026-09-30 02:26:03
广东省,珠江流域,良德水库,2026-09-30 00:00,1,32.08,8.47,8.69,63.273,13.365,1.67,0.002,0.003,0.152,0.00527,1340760,2026-09-30 02:26:03
广东省,珠江流域,米急渡,2026-09-30 00:00,3,30.56,6.97,5.5,128.143,16.145,1.91,0.248,0.089,1.762,,,2026-09-30 02:26:03
广东省,珠江流域,白沙街,2026-09-30 00:00,2,30.691,7.95,7.71,223.827,5.972,1.2,0.005,0.029,1.35,,,2026-09-30 02:26:03
广东省,珠江流域,公庄河口,2026-09-30 00:00,2,31.3,7.21,8.46,212.2,29.6,2.82,0.04,0.084,1.923,,,2026-09-30 02:26:03
广东省,珠江流域,青溪,2026-09-30 00:00,4,27.5782,6.89,3.7,109.6079,3.85306,0.87,0.013,0.036,1.18272,,,2026-09-30 02:26:03
广东省,珠江流域,五丰渡口,2026-09-30 00:00,2,28.5,6.82,6.06,99,31.63,1.47,0.265,0.042,4.5172,,,2026-09-30 02:26:03
广东省,珠江流域,新铺,2026-09-30 00:00,2,29.84,7.58,7.36,109.08,45.794,1.54,0.098,0.029,1.2587,,,2026-09-30 02:26:03
广东省,珠江流域,海丰西闸,2026-09-30 01:00,2,32.43,7.98,7.38,336.8,7.9,2.87,0.044,0.02,0.288,,,2026-09-30 02:26:03
广东省,珠江流域,东溪水闸,2026-09-30 01:00,4,31.9,6.57,3.38,159.1,110.333,4.7,0.154,0.058,0.824,,,2026-09-30 02:26:03
广东省,珠江流域,江城,2026-09-30 00:00,4,31.89,6.9,4.73,183.111,29.323,2.03,0.199,0.102,1.621,,,2026-09-30 02:26:03
广东省,珠江流域,尖山,2026-09-30 00:00,4,31.88,6.77,3.79,958.71,110.06,4.03,0.188,0.162,2.285,,,2026-09-30 02:26:03
广东省,珠江流域,埠场,2026-09-30 00:00,4,31.82,6.99,4.47,640.076,37.547,2.95,0.153,0.1,1.331,,,2026-09-30 02:26:03
广东省,珠江流域,大泉,2026-09-30 00:00,4,31.63,7.05,4.76,10494.4,29.9,2.53,0.318,0.081,1.747,,,2026-09-30 02:26:03
广东省,珠江流域,樟村,2026-09-30 00:00,4,31.42,7.1,4.26,559.487,14.63,3.52,0.748,0.158,7.282,,,2026-09-30 02:26:03
广东省,珠江流域,沙田泗盛,2026-09-30 00:00,4,30.96,7.04,3.68,3101.4,78,2.58,0.01,0.074,1.947,,,2026-09-30 02:26:03
广东省,珠江流域,旗岭,2026-09-30 00:00,3,31.7,7.32,6.31,522.787,30.84,3.55,0.111,0.19,6.687,,,2026-09-30 02:26:03
广东省,珠江流域,石龙南河,2026-09-30 00:00,2,30.8,6.96,6.18,129.33,19.187,1.44,0.013,0.049,1.568,,,2026-09-30 02:26:03
广东省,珠江流域,中山港码头,2026-09-30 00:00,2,30.37,8.02,7.06,276.88,29.891,1.35,0.05,0.056,2.603,,,2026-09-30 02:26:03
广东省,珠江流域,赤凤,2026-09-30 01:00,2,29.73,7.27,8.79,106.72,16.91,1.34,0.009,0.095,1.358,,,2026-09-30 02:26:03
广东省,珠江流域,龟山塔,2026-09-30 00:00,2,30.81,7.32,7.2,83.022,4.572,1.2,0.127,0.057,0.9874,,,2026-09-30 02:26:03
广东省,珠江流域,古封,2026-09-30 00:00,2,30.06,7.93,7.1,283.3,12.21,1.18,0.013,0.022,2.181,,,2026-09-30 02:26:03
广西壮族自治区,珠江流域,老口,2026-09-30 00:00,1,29.52674,7.86,9.28,279.3174,9.74986,0.86,0.001,0.018,2.228592,,,2026-09-30 02:26:03
广西壮族自治区,珠江流域,叮当,2026-09-30 00:00,2,30.87,7.96,11.26,317.941,10.271,1.35,0.045,0.058,3.4606,,,2026-09-30 02:26:03
广西壮族自治区,珠江流域,六景,2026-09-30 00:00,2,29.77,7.98,6.58,307.69,4.36,1.37,,0.025,2.409,,,2026-09-30 02:26:03
广西壮族自治区,珠江流域,上中,2026-09-30 00:00,2,29.95,7.89,6.92,296.7548,7.09731,1.59,0.022,0.023,2.02652,,,2026-09-30 02:26:03
广西壮族自治区,珠江流域,白马,2026-09-30 00:00,2,29.46,7.93,6.87,389.75,6.54,1.19,0.001,0.018,2.259,,,2026-09-30 02:26:03
广西壮族自治区,珠江流域,露塘,2026-09-30 00:00,1,29.84,7.92,7.86,193.3198,1.899,0.75,0.007,0.01,1.08264,,,2026-09-30 02:26:03
广西壮族自治区,珠江流域,阳朔,2026-09-30 00:00,2,29.87,8.01,7.06,227.287,2.09,1.4,0.019,0.043,1.5858,,,2026-09-30 02:26:03
广西壮族自治区,珠江流域,京南,2026-09-30 00:00,2,30.69408,7.81,7.59,186.0878,3.87705,1.23,0.009,0.031,1.17103,,,2026-09-30 02:26:03
广西壮族自治区,珠江流域,亚桥,2026-09-30 00:00,3,29.77,7.23,7.77,256.951,20.99,1.72,0.02,0.102,2.37,,,2026-09-30 02:26:03
广西壮族自治区,珠江流域,东边埇,2026-09-30 00:00,2,28.66,6.82,6.09,70.8052,22.068,2.24,0.018,0.08,1.909,,,2026-09-30 02:26:03
广西壮族自治区,珠江流域,南域,2026-09-30 00:00,3,30.76,7.08,6.79,258.8213,10.48359,4.39,0.019,0.094,2.87221,,,2026-09-30 02:26:03
广西壮族自治区,珠江流域,西门江,2026-09-30 00:00,4,30.55,6.76,4.97,368.213,27.521,3.04,0.141,0.15,2.8647,,,2026-09-30 02:26:03
广西壮族自治区,珠江流域,三滩,2026-09-30 00:00,2,30.99,7.54,9.33,7097.42,7.2,2.19,0.059,0.05,0.921,,,2026-09-30 02:26:03
广西壮族自治区,珠江流域,边贸码头,2026-09-30 00:00,3,29.8,6.8,6.16,102.71,10.61,1.43,0.257,0.131,1.794,,,2026-09-30 02:26:03
广西壮族自治区,珠江流域,高塘,2026-09-30 00:00,2,30.07,6.64,6.98,68.93,14.54,2.75,0.06,0.056,1.704,,,2026-09-30 02:26:03
广西壮族自治区,珠江流域,茅岭大桥,2026-09-30 00:00,2,30.95,7.46,6.74,1305.99,11.19,2.03,,0.048,0.743,,,2026-09-30 02:26:03
广西壮族自治区,珠江流域,钦江东,2026-09-30 00:00,4,29.7957,7.31,4.83,5193.11,23.59883,3.04,0.252,0.057,2.39388,,,2026-09-30 02:26:03
广西壮族自治区,珠江流域,高速公路西桥,2026-09-30 00:00,5,31.47,7.43,6.14,2086.23,46.79,5.41,1.958,0.258,5.051,,,2026-09-30 02:26:03
广西壮族自治区,珠江流域,自良渡口,2026-09-30 00:00,2,30.64,7.13,6.23,126.2462,15.88751,1.63,0.004,0.061,1.6896,,,2026-09-30 02:26:03
广西壮族自治区,珠江流域,横塘,2026-09-30 00:00,3,30.71,7.3,6.55,423.4965,8.05964,2.21,0.001,0.154,3.11863,,,2026-09-30 02:26:03
广西壮族自治区,珠江流域,隘屯,2026-09-30 00:00,2,25.32603,8.25,8.89,353.0943,4.889254,0.13,,0.023,1.707138,,,2026-09-30 02:26:03
广西壮族自治区,珠江流域,公篓,2026-09-30 00:00,2,29.95,8.19,7.01,268.83,9.27,1.21,0.051,0.02,1.164,,,2026-09-30 02:26:03
广西壮族自治区,珠江流域,桂花,2026-09-30 00:00,2,28.87,7.28,6.24,196.0816,6.12387,1,0.004,0.034,1.33629,,,2026-09-30 02:26:03
广西壮族自治区,珠江流域,贺街,2026-09-30 00:00,2,29.45,7.84,7.63,241.66,10.014,1.05,0.008,0.038,1.296,,,2026-09-30 02:26:03
广西壮族自治区,珠江流域,垒亭,2026-09-30 00:00,2,27.18549,7.65,6.48,372.696,0.62489,0.61,0.007,0.018,2.06528,,,2026-09-30 02:26:03
广西壮族自治区,珠江流域,上金,2026-09-30 00:00,2,30.54,6.88,6.51,133.0384,45.4881,1.63,,0.023,1.8143,,,2026-09-30 02:26:03
广西壮族自治区,珠江流域,渠立,2026-09-30 00:00,1,28.73,7.78,9.65,335.45,7.386,1.07,0.042,0.01,1.894,,,2026-09-30 02:26:03
广西壮族自治区,珠江流域,棉江,2026-09-30 00:00,2,29.43,7.53,6.77,226.156,10.06,1.34,0.01,0.016,1.3852,,,2026-09-30 02:26:03
海南省,珠江流域,龙塘,2026-09-30 00:00,2,30.6,7.52,6.98,104.7,4.5,1.96,0.022,0.057,1.515,,,2026-09-30 02:26:03
海南省,珠江流域,儒房,2026-09-30 00:00,2,31.2,7.77,6.83,13308.4,18.9,2.55,0.13,0.045,1.378,,,2026-09-30 02:26:03
海南省,珠江流域,后黎村,2026-09-30 00:00,2,31.3,7.71,9.17,85.2,27.3,3.06,,0.065,1.164,,,2026-09-30 02:26:03
海南省,珠江流域,林家村,2026-09-30 00:00,2,31.32,7.24,8.24,133.37,32.13,1.28,0.011,0.031,2.715,,,2026-09-30 02:26:03
海南省,珠江流域,崖城大桥,2026-09-30 00:00,2,28.8,6.66,7.61,109.22,72.9,1.66,,0.042,3.85,,,2026-09-30 02:26:03
海南省,珠江流域,藤桥河大桥,2026-09-30 00:00,2,29.85,7.37,8.32,162.91,73.33,2.58,,0.06,1.629,,,2026-09-30 02:26:03
海南省,珠江流域,松涛水库南丰库心,2026-09-30 00:00,2,31.86257,7.97,6.82,73.86216,0.904197,1.04,0.006,0.005,0.1983753,0.01831761,3638009,2026-09-30 02:26:03
海南省,珠江流域,上村桥,2026-09-30 00:00,2,29.9,7.14,6.58,129.6,49.8,3.68,0.011,0.073,1.702,,,2026-09-30 02:26:03
海南省,珠江流域,中和桥,2026-09-30 00:00,3,30.7,7.12,5.88,141.1,35.7,4.21,0.023,0.114,1.242,,,2026-09-30 02:26:03
海南省,珠江流域,汀洲,2026-09-30 00:00,3,28.86,6.27,6.86,58.13,38.54,2.19,0.08,0.113,0.685,,,2026-09-30 02:26:03
海南省,珠江流域,龙江,2026-09-30 00:00,3,27.37,6.53,7.78,55.86,36.55,3.5,0.061,0.115,1.026,,,2026-09-30 02:26:03
海南省,珠江流域,溪仔村,2026-09-30 00:00,2,27.7,6.66,8.06,63.22,14.5,1.92,,0.04,1.155,,,2026-09-30 02:26:03
海南省,珠江流域,羊头外村桥,2026-09-30 00:00,3,32.3,6.94,7.24,118.91,20.43,5.23,0.006,0.122,1.694,,,2026-09-30 02:26:03
海南省,珠江流域,农垦橡胶所一队,2026-09-30 00:00,2,30.2,6.83,7.03,68.8,9.5,0.79,0.008,0.012,1.518,,,2026-09-30 02:26:03
海南省,珠江流域,水涯新区,2026-09-30 00:00,3,31.1,6.82,5.71,510.8,10.2,2.03,0.658,0.068,2.333,,,2026-09-30 02:26:03
海南省,珠江流域,分洪桥,2026-09-30 00:00,2,32.29,7.29,11.19,81.29,3.5,2.47,0.002,0.034,0.712,,,2026-09-30 02:26:03
海南省,珠江流域,后山村,2026-09-30 00:00,6,32.46,6.61,1.19,135.264,29.3662,4.23,0.199,0.189,2.859,,,2026-09-30 02:26:03
海南省,珠江流域,大广坝水库出口,2026-09-30 00:00,5,25.454,6.83,5.3,53.753,347.496,1.41,0.193,0.115,3.659,0.00964,1.77038,2026-09-30 02:26:03
海南省,珠江流域,罗带铁路桥,2026-09-30 00:00,5,30.5,7.57,6.45,412,60.2,5,0.026,0.325,3.664,,,2026-09-30 02:26:03
海南省,珠江流域,山口,2026-09-30 00:00,2,30.74,6.77,7.86,86.93,17.44,2.66,0.014,0.031,1.096,,,2026-09-30 02:26:03
海南省,珠江流域,白仞滩电站,2026-09-30 00:00,3,31.3,7.14,5.77,139.3,41.7,3.3,0.032,0.148,1.911,,,2026-09-30 02:26:03
海南省,珠江流域,大风,2026-09-30 00:00,3,27.84655,6.55,6.74,88.46705,360.7962,3.99,,0.146,0.3322299,,,2026-09-30 02:26:03
海南省,珠江流域,叉河口,2026-09-30 00:00,2,28.8,7.12,7.22,122.9,29.4,1.57,,0.039,1.397,,,2026-09-30 02:26:03
海南省,珠江流域,乐中,2026-09-30 00:00,2,27.7,7.29,7.63,77.3,157.5,2.85,,0.072,0.617,,,2026-09-30 02:26:03
海南省,珠江流域,跨界桥,2026-09-30 00:00,2,30.6,8.65,11.17,90.4,25.6,2.45,0.003,0.048,1.296,,,2026-09-30 02:26:03
海南省,珠江流域,群英大坝,2026-09-30 00:00,2,27.9,7.02,7.42,68.5,73.8,3.59,0.019,0.081,1.37,,,2026-09-30 02:26:03
海南省,珠江流域,大溪村,2026-09-30 00:00,2,29.3,7.02,7.33,122.5,18.6,1.81,0.187,0.07,1.867,,,2026-09-30 02:26:03
重庆市,长江流域,晒网坝,2026-09-30 00:00,2,24.55,7.93,6.57,399.5337,6.729,1.54,,0.05,2.029,,,2026-09-30 02:26:03
重庆市,长江流域,向家,2026-09-30 00:00,2,23.35,7.69,9.16,209.888,26.546,3.39,,0.062,1.321,,,2026-09-30 02:26:03
重庆市,长江流域,磨刀溪长滩,2026-09-30 00:00,2,24.17,8.69,15.58,203.093,17.266,3.98,0.041,0.049,1.175,,,2026-09-30 02:26:03
重庆市,长江流域,清溪场,2026-09-30 00:00,2,25.05,7.89,7.58,360.2028,18.4756,1.83,,0.071,1.399,,,2026-09-30 02:26:03
重庆市,长江流域,木瓜洞,2026-09-30 00:00,5,25.31,7.37,2.74,465.8341,9.1491,2.4,,0.094,2.151,,,2026-09-30 02:26:03
重庆市,长江流域,寸滩,2026-09-30 00:00,2,23.98,7.85,7.89,370.351,30.402,1.76,,0.073,1.708,,,2026-09-30 02:26:03
重庆市,长江流域,和尚山,2026-09-30 00:00,2,23.34,7.97,7.49,385.16,30.38,1.41,0.112,0.091,1.584,,,2026-09-30 02:26:03
重庆市,长江流域,北温泉,2026-09-30 01:00,3,23.4903,7.76,9.09,312.459,61.6699,3.52,0.061,0.107,2.482,,,2026-09-30 02:26:03
重庆市,长江流域,寨溪大桥,2026-09-30 00:00,2,26.6,7.92,6.91,799.2213,24.3474,2.92,0.041,0.076,2.33,,,2026-09-30 02:26:03
重庆市,长江流域,石门坎,2026-09-30 00:00,1,25.35,8.05,7.55,511.65,4.06,1.41,0.004,0.015,1.711,,,2026-09-30 02:26:03
重庆市,长江流域,玉滩水库,2026-09-30 00:00,3,27.2,,11.32,410.8251,14.44561,5.14,0.007,0.007,0.62799,0.0435425,1.767602,2026-09-30 02:26:03
重庆市,长江流域,御临镇,2026-09-30 00:00,3,25.66,7.76,6.37,676.381,33.66,2.74,0.001,0.102,2.497,,,2026-09-30 02:26:03
重庆市,长江流域,黎家乡崔家岩村,2026-09-30 00:00,3,25.56,7.76,5.79,463.49,7.22,4.01,0.138,0.038,1.465,,,2026-09-30 02:26:03
重庆市,长江流域,运输桥,2026-09-30 00:00,3,26,7.35,7.83,344.0059,8.4238,4.96,0.033,0.09,0.776,,,2026-09-30 02:26:03
重庆市,长江流域,支坪街道,2026-09-30 00:00,2,26.77,7.88,6.87,465.8144,29.3915,2.38,,0.088,2.027,,,2026-09-30 02:26:03
重庆市,长江流域,江津大桥,2026-09-30 00:00,2,23.15,8.07,7.76,379.35,28.74,2,,0.055,1.457,,,2026-09-30 02:26:03
重庆市,长江流域,朱杨溪,2026-09-30 00:00,3,26.96,7.86,7.41,756.51,16.66,4.02,0.014,0.138,6.558,,,2026-09-30 02:26:03
重庆市,长江流域,北渡,2026-09-30 00:00,2,26.51,7.93,7.11,535.3503,17.656,1.79,0.108,0.056,1.939,,,2026-09-30 02:26:03
重庆市,长江流域,白杨溪,2026-09-30 00:00,2,26.28,7.84,7.3,185.404,11.735,2.47,0.007,0.055,1.463,,,2026-09-30 02:26:03
重庆市,长江流域,太和,2026-09-30 00:00,2,25.14,7.86,7.31,417.53,14.2,2.39,0.011,0.071,2.687,,,2026-09-30 02:26:03
重庆市,长江流域,官渡,2026-09-30 00:00,4,22.63,7.42,8.33,271.5888,444.92,5.33,,0.203,2.975,,,2026-09-30 02:26:03
重庆市,长江流域,临渡,2026-09-30 00:00,6,26.72,7.19,1.2,820,7.982,3.75,0.284,0.145,2.762,,,2026-09-30 02:26:03
重庆市,长江流域,渠江码头,2026-09-30 01:00,4,22.75,7.52,9.01,271.452,727.049,7.8,,0.268,6.106,,,2026-09-30 02:26:03
重庆市,长江流域,黄桷,2026-09-30 00:00,3,23.76,7.55,5.67,508.913,12.495,2.97,0.019,0.073,2.379,,,2026-09-30 02:26:03
重庆市,长江流域,四明水厂,2026-09-30 00:00,3,27.1,8.03,6.96,404.8,8.9,5.14,0.009,0.059,0.972,,,2026-09-30 02:26:03
重庆市,长江流域,金狮桥,2026-09-30 00:00,1,21.22,8.15,8.47,225.596,5.482,0.84,,0.007,0.671,,,2026-09-30 02:26:03
重庆市,长江流域,璧南河两河口,2026-09-30 00:00,3,26.47,7.68,5.83,727.523,13.048,5.2,0.065,0.143,2.659,,,2026-09-30 02:26:03
重庆市,长江流域,中和,2026-09-30 00:00,3,25.81,7.81,9.31,599.4,6.39,5.25,0.026,0.116,3.086,,,2026-09-30 02:26:03
重庆市,长江流域,玉溪,2026-09-30 00:00,2,24.2,7.84,8.07,517.8584,14.9726,2.14,0.041,0.093,2.972,,,2026-09-30 02:26:03
重庆市,长江流域,高洞电站,2026-09-30 00:00,3,26.784,7.55,5.21,635.758,3.847,4.98,0.021,0.135,2.286,,,2026-09-30 02:26:03
重庆市,长江流域,巫山乡,2026-09-30 00:00,3,23.23,7.8,9.42,233.99,28.108,5.38,0.045,0.113,2.327,,,2026-09-30 02:26:03
重庆市,长江流域,上河坝,2026-09-30 01:00,4,24.62,7.66,6.6,321.38,20.09,6.4,0.105,0.158,1.427,,,2026-09-30 02:26:03
重庆市,长江流域,芙蓉洞码头,2026-09-30 00:00,1,26.95,8.31,8.86,309.64,26.26,0.92,,0.012,1.436,,,2026-09-30 02:26:03
重庆市,长江流域,鸭江镇,2026-09-30 00:00,2,23.99,7.78,8.2,453.942,19.836,2.67,,0.072,2.564,,,2026-09-30 02:26:03
重庆市,长江流域,江口镇,2026-09-30 00:00,4,25.305,7.83,4.83,326.599,1.808,0.66,0.001,0.013,1.579,,,2026-09-30 02:26:03
重庆市,长江流域,湖海场,2026-09-30 00:00,4,22.69,7.64,8.23,214.985,256.575,7.43,0.102,0.236,2.938,,,2026-09-30 02:26:03
重庆市,长江流域,卫星桥,2026-09-30 00:00,2,24.79,8.1,8.27,399.3331,19.7416,3.4,0.017,0.071,1.758,,,2026-09-30 02:26:03
重庆市,长江流域,高洞梁,2026-09-30 00:00,2,23.96,7.98,7.53,421.62,29.098,2.43,0.01,0.083,1.289,,,2026-09-30 02:26:03
重庆市,长江流域,苏家,2026-09-30 00:00,2,24.51,7.82,6.86,383.7247,18.2388,1.84,,0.056,1.862,,,2026-09-30 02:26:03
重庆市,长江流域,清水湖渡口,2026-09-30 00:00,2,23.92,8.78,13.56,207.674,3.3001,1.77,0.009,0.025,1.2144,,,2026-09-30 02:26:03
重庆市,长江流域,小江河口,2026-09-30 00:00,4,25.29,7.46,4.3,394.19,4.38,2.46,,0.058,1.4315,,,2026-09-30 02:26:03
重庆市,长江流域,罗汉大桥,2026-09-30 00:00,2,19.09,8.11,9.66,243.13,82.93,3.14,,0.087,2.377,,,2026-09-30 02:26:03
重庆市,长江流域,白帝城,2026-09-30 00:00,2,25.04,7.88,6.56,387.433,11.046,1.49,,0.038,1.314,,,2026-09-30 02:26:03
重庆市,长江流域,培石,2026-09-30 00:00,2,25.091,7.64,7.36,397.1057,6.2063,1.03,0.06,0.046,1.5358,,,2026-09-30 02:26:03
重庆市,长江流域,化杠,2026-09-30 00:00,2,19.5,7.6,8.6,87.75,13.04,2.98,0.017,0.049,0.7188,,,2026-09-30 02:26:03
重庆市,长江流域,万木,2026-09-30 00:00,2,24.55,7.67,6.48,431.25,2.7,0.88,0.001,0.028,3.752,,,2026-09-30 02:26:03
重庆市,长江流域,红花村,2026-09-30 00:00,2,22.659,7.55,7.34,251.733,8.435,1.4,,0.032,1.886,,,2026-09-30 02:26:03
重庆市,长江流域,南洞沟,2026-09-30 00:00,1,25.51,8.27,9.55,344.573,2.75,0.6,,0.015,0.62,,,2026-09-30 02:26:03
重庆市,长江流域,郁江桥,2026-09-30 00:00,2,20.89,7.88,9.24,272.625,78.493,2.51,,0.076,2.032,,,2026-09-30 02:26:03
四川省,长江流域,二江寺,2026-09-30 00:00,2,20.54,7.95,8.1,376.6,23.7,0.67,0.046,0.057,1.695,,,2026-09-30 02:26:03
四川省,长江流域,岳店子下,2026-09-30 00:00,3,23.5783,7.95,6.65,421.5768,6.65412,1.47,0.049,0.114,2.65519,,,2026-09-30 02:26:03
四川省,长江流域,李家湾,2026-09-30 00:00,3,25.23,7.89,7.96,478.3,10.6,2.36,0.005,0.161,3.243,,,2026-09-30 02:26:03
四川省,长江流域,廖家堰,2026-09-30 00:00,3,26.27,7.9,7.26,980.677,24.956,3.82,0.099,0.161,2.37,,,2026-09-30 02:26:03
四川省,长江流域,脚仙村,2026-09-30 00:00,3,24.89,7.89,7.9,475.5,27.5,1.51,0.03,0.149,3.081,,,2026-09-30 02:26:03
四川省,长江流域,龙洞,2026-09-30 00:00,1,20.67,8.27,8.14,694,11.615,1.3,0.007,0.007,0.49605,,,2026-09-30 02:26:03
四川省,长江流域,倮果,2026-09-30 00:00,1,21.55,8.32,9.23,722.6199,16.34716,1.12,0.007,0.013,0.66731,,,2026-09-30 02:26:03
四川省,长江流域,雅砻江口,2026-09-30 00:00,1,19.633,7.71,9.53,227.4485,22.5634,1.8,0.014,0.016,0.69865,,,2026-09-30 02:26:03
四川省,长江流域,柏枝,2026-09-30 00:00,1,20,7.97,7.66,204.0106,30.43592,1.24,0.005,0.01,1.19237,,,2026-09-30 02:26:03
四川省,长江流域,湾凼,2026-09-30 00:00,4,26.42895,7.48,4.81,612.3643,8.188812,3.94,0.001,0.032,0.345348,,,2026-09-30 02:26:03
四川省,长江流域,手爬岩,2026-09-30 00:00,2,23.5,7.93,7.32,403.557,15.4284,1.22,,0.064,1.3299,,,2026-09-30 02:26:03
四川省,长江流域,沱江大桥,2026-09-30 01:00,3,25.86,7.95,6.9,506.9196,30.22729,2.23,0.007,0.171,3.026228,,,2026-09-30 02:26:03
四川省,长江流域,醒觉溪,2026-09-30 00:00,2,26.35,8.05,6.93,402.7,12.66,1.47,0.025,0.037,2.325,,,2026-09-30 02:26:03
四川省,长江流域,胡市大桥,2026-09-30 00:00,5,27.67,7.35,2.59,472.7483,6.5739,4.56,0.032,0.133,1.1169,,,2026-09-30 02:26:03
四川省,长江流域,泸天化大桥,2026-09-30 00:00,2,26.35,7.91,7.13,470.246,9.1012,1.87,,0.039,2.2758,,,2026-09-30 02:26:03
四川省,长江流域,纳溪大渡口,2026-09-30 00:00,2,23.1,7.83,7.56,376.884,12.396,0.86,,0.064,1.3326,,,2026-09-30 02:26:03
四川省,长江流域,两汇水,2026-09-30 00:00,3,23.38455,7.52,8.45,113.4737,69.8458,2.62,0.096,0.149,1.037,,,2026-09-30 02:26:03
四川省,长江流域,太平渡,2026-09-30 01:00,2,27.33567,8.2,6.9,533.4874,11.50941,1.73,0.004,0.051,3.44,,,2026-09-30 02:26:03
四川省,长江流域,象山,2026-09-30 00:00,2,26.37,7.88,6.68,565.9,5.5,3.83,,0.091,3.328,,,2026-09-30 02:26:03
四川省,长江流域,双江桥,2026-09-30 00:00,3,24.1,8.02,7.27,641.5,25.27,1.72,0.031,0.125,3.077,,,2026-09-30 02:26:03
四川省,长江流域,三川,2026-09-30 00:00,3,23.53,8.13,7.38,635.8,20.4,1.25,0.04,0.138,3.454,,,2026-09-30 02:26:03
四川省,长江流域,西平镇,2026-09-30 00:00,2,23.45,8.15,7.98,534.06,20.61,1.06,,0.094,3.079,,,2026-09-30 02:26:03
四川省,长江流域,平武水文站,2026-09-30 00:00,1,15.67,8.39,8.89,240.873,118.7832,0.83,0.002,0.019,0.91919,,,2026-09-30 02:26:03
四川省,长江流域,丰谷,2026-09-30 00:00,2,21.3454,8.05,8.76,281.7027,23.1086,1.09,0.007,0.031,0.48878,,,2026-09-30 02:26:03
四川省,长江流域,鲁班岛,2026-09-30 00:00,2,24.99742,8.82,10.4,248.0021,3.02658,1.62,0.007,0.015,0.22519,0.00302,1.129609,2026-09-30 02:26:03
四川省,长江流域,北川通口,2026-09-30 00:00,1,18.70553,8.31,9.32,242.6044,45.44798,0.41,0.001,0.02,1.12195,,,2026-09-30 02:26:03
四川省,长江流域,八庙沟,2026-09-30 00:00,1,23.19,8.4,8.37,348.1017,8.93651,0.5,0.003,0.01,1.35577,,,2026-09-30 02:26:03
四川省,长江流域,姚渡,2026-09-30 00:00,1,18.37686,8.24,8.64,324.8298,37.12091,1.56,0.023,,1.646,,,2026-09-30 02:26:03
四川省,长江流域,苴国村,2026-09-30 00:00,1,22.42,7.98,7.72,304.4732,4.79542,1.18,0.005,0.009,0.95437,,,2026-09-30 02:26:03
四川省,长江流域,上石盘,2026-09-30 00:00,1,23.07,8.2,7.81,355.1829,7.24384,1.49,0.001,0.015,1.49093,,,2026-09-30 02:26:03
四川省,长江流域,清泉乡,2026-09-30 00:00,2,25.4,7.82,8.12,323.3,6.3085,1.97,0.016,0.025,0.93,,,2026-09-30 02:26:03
四川省,长江流域,大安,2026-09-30 00:00,3,25.28,7.69,7.13,513.313,12.7,4.83,0.064,0.195,2.1105,,,2026-09-30 02:26:03
四川省,长江流域,梓江大桥,2026-09-30 00:00,2,25.96,7.98,6.63,489.1,8.3,3.27,0.0001,0.08,3.132,,,2026-09-30 02:26:03
四川省,长江流域,大埂,2026-09-30 00:00,3,26.07,7.81,6.46,576.4,11.4,5.19,0.177,0.099,1.879373,,,2026-09-30 02:26:03
四川省,长江流域,球溪河口,2026-09-30 01:00,4,25.78,7.71,5.98,601.3,20.2,5.28,0.028,0.206,5.459,,,2026-09-30 02:26:03
四川省,长江流域,李码头,2026-09-30 00:00,2,20.50147,8.07,8.53,257.3646,24.89376,0.44,0.003,0.033,1.39991,,,2026-09-30 02:26:03
四川省,长江流域,马边河河口,2026-09-30 00:00,2,20.6084,7.91,8.37,265.2513,11.32307,0.81,0.003,0.039,1.66353,,,2026-09-30 02:26:03
四川省,长江流域,金溪电站,2026-09-30 00:00,3,25.03,7.61,5.34,325.814,10.0089,2.2,0.014,0.04,1.671,,,2026-09-30 02:26:03
四川省,长江流域,升钟水库铁炉寺,2026-09-30 00:00,3,25.99,8.62,9.97,341.07,4.41,5.21,,0.017,2.71,,,2026-09-30 02:26:03
四川省,长江流域,彭山岷江大桥,2026-09-30 00:00,2,22.5,8.11,9.67,348.8388,13.99404,1.41,0.001,0.05,1.5655,,,2026-09-30 02:26:03
四川省,长江流域,龟都府,2026-09-30 00:00,2,18.92,8.07,7.9,237.8789,12.51976,0.54,0.034,0.047,1.118837,,,2026-09-30 02:26:03
四川省,长江流域,越溪河两河口,2026-09-30 00:00,3,25.28,7.73,5.41,527.5,17.6,4.33,0.019,0.094,3.008,,,2026-09-30 02:26:03
四川省,长江流域,月波,2026-09-30 00:00,2,20.7,7.44,8.26,294.4,25,0.93,0.054,0.056,1.54,,,2026-09-30 02:26:03
四川省,长江流域,凉姜沟,2026-09-30 00:00,2,21.84,7.95,7.9,292.411,15.21781,1.26,0.019,0.067,2.634793,,,2026-09-30 02:26:03
四川省,长江流域,挂弓山,2026-09-30 00:00,2,22.91619,7.94,6.94,398.935,4.25225,0.96,0.002,0.043,1.44939,,,2026-09-30 02:26:03
四川省,长江流域,蔡家渡口,2026-09-30 00:00,3,25.97541,7.78,5.99,898.9806,8.26352,1.51,0.003,0.061,2.57641,,,2026-09-30 02:26:03
四川省,长江流域,三块石,2026-09-30 01:00,1,23.14,7.98,7.6,468.19,6.47,0.93,,0.018,1.077,,,2026-09-30 02:26:03
四川省,长江流域,洛亥,2026-09-30 00:00,2,20.19,8.13,8.24,301.0264,5.142808,1.11,0.007,0.079,3.567,,,2026-09-30 02:26:03
四川省,长江流域,溪口镇平桥村,2026-09-30 01:00,3,24.05,7.52,7.39,300.87,22.25,4.96,0.04,0.075,1.282,,,2026-09-30 02:26:03
四川省,长江流域,烈面,2026-09-30 01:00,2,26.6,7.51,6.27,302.1,5.5,1.43,0.016,0.05,1.66,,,2026-09-30 02:26:03
四川省,长江流域,幺滩,2026-09-30 00:00,3,25.15,8.18,8.25,476.79,24.85,3.65,0.011,0.125,2.232,,,2026-09-30 02:26:03
四川省,长江流域,大蹬沟,2026-09-30 00:00,3,23.02,7.73,8.28,278.7,60,3.74,0.001,0.107,2.204,,,2026-09-30 02:26:03
四川省,长江流域,白兔乡,2026-09-30 00:00,3,23.7,8.03,8.22,437.4,12.73,4.71,0.079,0.148,2.111,,,2026-09-30 02:26:03
四川省,长江流域,联盟桥,2026-09-30 00:00,4,22.905,7.54,6.17,280.56,17.33,7.96,0.049,0.137,1.6274,,,2026-09-30 02:26:03
四川省,长江流域,舵石盘,2026-09-30 00:00,6,20.05,8.07,10.83,224.5,3655.1,14.27,,2.173,1.412,,,2026-09-30 02:26:03
四川省,长江流域,车家河,2026-09-30 00:00,6,19.52,8.08,9.86,205.6,2649.04,13.76,,1.208,1.778,,,2026-09-30 02:26:03
四川省,长江流域,三谷庄,2026-09-30 00:00,2,20.44557,8.26,7.35,235.6914,7.13384,1.93,0.008,0.01,0.56734,,,2026-09-30 02:26:03
四川省,长江流域,大岗山,2026-09-30 00:00,1,16.91,8.03,7.84,214.8357,15.41756,1.08,0.007,0.011,0.62058,,,2026-09-30 02:26:03
四川省,长江流域,手傍岩,2026-09-30 00:00,2,23.47,7.87,6.9,380.6,20.6,2.06,0.132,0.068,1.538,,,2026-09-30 02:26:03
四川省,长江流域,幸福村,2026-09-30 00:00,3,24.28,7.92,8.14,455.6,19,1.22,0.04,0.11,2.753,,,2026-09-30 02:26:03
四川省,长江流域,拱城铺渡口,2026-09-30 00:00,3,24.06,7.98,8.26,473.24,23.33,1,0.02,0.126,2.915,,,2026-09-30 02:26:03
四川省,长江流域,红光村,2026-09-30 01:00,3,24.32,7.54,5.47,663.67,45.55,5.19,0.033,0.142,2.13,,,2026-09-30 02:26:03
四川省,长江流域,两河,2026-09-30 01:00,4,26.35,7.88,7.34,585.12,12.33,6.07,0.032,0.098,2.957,,,2026-09-30 02:26:03
四川省,长江流域,县城马踏石点,2026-09-30 00:00,1,15.01963,8.4,9.74,334.0865,363.3069,1.09,0.066,0.016,0.76505,,,2026-09-30 02:26:03
四川省,长江流域,渭门桥,2026-09-30 00:00,1,15.23,8.33,8.55,227.0833,55.38778,1.49,0.009,0.016,0.3979,,,2026-09-30 02:26:03
四川省,长江流域,小水沟,2026-09-30 00:00,2,13.52734,8.32,7.28,225.5499,56.55347,1.1,0.06,0.02,1.04004,,,2026-09-30 02:26:03
四川省,长江流域,竹巴龙村,2026-09-30 00:00,2,11.82,8.3,6.66,1739,221.4,1.9,0.2,0.089,1.911,,,2026-09-30 02:26:03
四川省,长江流域,昔街大桥,2026-09-30 00:00,2,23.34,7.79,7.3,212.64,56.44,1.08,0.099,0.086,2.96,,,2026-09-30 02:26:03
四川省,长江流域,阿七大桥,2026-09-30 00:00,3,23.25,7.74,5.82,232.9664,68.4768,1.24,0.056,0.071,2.73904,,,2026-09-30 02:26:03
四川省,长江流域,邛海湖心,2026-09-30 00:00,2,26.15,8.62,8.08,301.3716,3.99265,2.29,0.002,0.017,0.13529,0.00259,62434.51,2026-09-30 02:26:03
贵州省,长江流域,棉花渡,2026-09-30 00:00,2,24.444,7.87,7.5,470.43,0.8501,1.54,,0.057,2.9928,,,2026-09-30 02:26:03
贵州省,长江流域,贵铝泵房,2026-09-30 00:00,2,25.3942,8.64,10.97,348.364,6.0026,2.76,0.021,0.023,1.3323,0.02322,1999039,2026-09-30 02:26:03
贵州省,长江流域,花鱼洞,2026-09-30 00:00,5,24.7369,7.59,2.68,325.9274,3.0916,,,,,0.0065,3622089,2026-09-30 02:26:03
贵州省,长江流域,麦穰,2026-09-30 00:00,6,25.88,8.23,6.57,679.79,24.32,2.64,0.207,0.497,5.635,,,2026-09-30 02:26:03
贵州省,珠江流域,青岩,2026-09-30 00:00,4,24.96,7.87,4.55,561.5034,3.6689,1.43,0.025,0.041,2.7319,,,2026-09-30 02:26:03
贵州省,长江流域,龙场,2026-09-30 00:00,2,21.61,7.96,6.48,415.66,3.1,0.77,0.022,0.012,3.677,,,2026-09-30 02:26:03
贵州省,珠江流域,发耳,2026-09-30 00:00,2,23.36,8.43,8.23,346.018,36.24,1.31,0.031,0.076,3.166,,,2026-09-30 02:26:03
贵州省,长江流域,打秋坪,2026-09-30 00:00,2,26.46,8.06,7.34,563.9,3.6,1.38,0.08,0.077,3.974,,,2026-09-30 02:26:03
贵州省,长江流域,鱼塘大桥,2026-09-30 00:00,2,25.67,7.86,7.28,341.21,1.602,0.74,,0.007,1.292,,,2026-09-30 02:26:03
贵州省,长江流域,沿江渡,2026-09-30 00:00,2,28.07,8.91,10.94,318.04,7.06,3.24,0.004,0.013,1.724,,,2026-09-30 02:26:03
贵州省,长江流域,鲤鱼塘,2026-09-30 00:00,4,26.59,7.64,4.58,532.93,0.041,1.65,0.018,0.049,3.194,,,2026-09-30 02:26:03
贵州省,长江流域,坡渡,2026-09-30 00:00,1,24.07,7.98,8.11,321.25,28.91,0.81,0.027,0.017,0.458,,,2026-09-30 02:26:03
贵州省,长江流域,余庆河暗溪坪,2026-09-30 00:00,2,25.86,7.59,7.93,330.66,1.73,0.87,,0.033,1.414,,,2026-09-30 02:26:03
贵州省,长江流域,羊柱头渡口,2026-09-30 00:00,5,25.78,7.6,6.78,688.85,6.749,4.28,1.432,0.315,8.36,,,2026-09-30 02:26:03
贵州省,长江流域,长沙,2026-09-30 00:00,2,25.5426,8.26,7.81,267.8081,52.413,2.04,0.022,0.03,1.3982,,,2026-09-30 02:26:03
贵州省,长江流域,茅台,2026-09-30 00:00,2,26.34,8.13,6.7,419.36,9.32,0.51,,0.006,3.803,,,2026-09-30 02:26:03
贵州省,珠江流域,黄果树,2026-09-30 00:00,2,24.8107,8.17,8.16,523.9,14.81,1.09,,0.062,1.941,,,2026-09-30 02:26:03
贵州省,长江流域,斯拉河大桥,2026-09-30 00:00,2,26.69,8.72,10.64,358.47,8.04,2.53,0.021,0.012,3.138,,,2026-09-30 02:26:03
贵州省,珠江流域,打邦,2026-09-30 00:00,2,30.13,8.23,7.39,434.04,7.765,1.19,,0.009,2.776,,,2026-09-30 02:26:03
贵州省,长江流域,小屯,2026-09-30 00:00,2,26.1,8.53,10.42,361.4753,5.513,2.56,,0.031,4.174,,,2026-09-30 02:26:03
贵州省,长江流域,清水铺,2026-09-30 00:00,2,23.924,8.2,7.15,412.768,21.526,0.85,0.012,0.014,4.277,,,2026-09-30 02:26:03
贵州省,长江流域,鱼市,2026-09-30 00:00,2,27.68,7.97,6.81,440.548,3.228743,1.11,0.004,0.02,0.900906,,,2026-09-30 02:26:03
贵州省,长江流域,下干溪,2026-09-30 00:00,2,25.34,7.86,6,374.1,6.83,0.65,0.042,0.02,2.478,,,2026-09-30 02:26:03
贵州省,珠江流域,坝草,2026-09-30 00:00,1,27.5673,8.25,8.67,397.311,3.5809,1.16,0.002,0.007,2.993,,,2026-09-30 02:26:03
贵州省,珠江流域,南盘江三江口,2026-09-30 00:00,1,28.26,8.6,13.98,254.47,10.57,1.5,0.005,0.014,2.376,0.00246,,2026-09-30 02:26:03
贵州省,珠江流域,万峰湖,2026-09-30 00:00,2,27.24,8.36,7.63,314.77,2.75,0.79,,0.023,2.931,0.027,1057211,2026-09-30 02:26:03
贵州省,珠江流域,岔河口,2026-09-30 00:00,6,27.6096,9.04,10.88,255.1614,15.6252,3.69,,0.012,1.455,,,2026-09-30 02:26:03
贵州省,珠江流域,蔗香北,2026-09-30 00:00,1,28.65,8.28,10.77,267.7625,4.152,1.08,0.007,0.009,2.419,,,2026-09-30 02:26:03
贵州省,珠江流域,黄泥河,2026-09-30 00:00,2,21.6046,8.11,6.81,490.0762,46.1042,1.07,,0.048,3.7404,,,2026-09-30 02:26:03
贵州省,珠江流域,赵家渡,2026-09-30 00:00,2,23.92,8.24,7.48,459.327,4.06,0.69,0.017,0.046,5.168,,,2026-09-30 02:26:03
贵州省,珠江流域,坡脚,2026-09-30 00:00,2,29.02,8.29,10.94,373.1118,21.2914,1.73,,0.024,4.0035,,,2026-09-30 02:26:03
贵州省,珠江流域,蔗香南,2026-09-30 00:00,1,30.03,8.7,9.68,260.3,7.15,1.39,,0.014,2.3981,,,2026-09-30 02:26:03
贵州省,长江流域,金紫,2026-09-30 00:00,2,25.1,7.84,6.98,175.7918,5.87,0.6,,0.019,1.152,,,2026-09-30 02:26:03
贵州省,长江流域,平敏大桥,2026-09-30 00:00,2,27.32,7.88,6.66,176.31,6.74,0.81,,0.014,0.51,,,2026-09-30 02:26:03
贵州省,长江流域,旁海,2026-09-30 00:00,2,26.85,8.18,6.98,499.8,9.91,1.12,0.023,0.051,2.074,,,2026-09-30 02:26:03
贵州省,珠江流域,榕江,2026-09-30 00:00,2,28.67,7.75,7.45,130.44,4.28,0.83,0.071,0.033,0.518,,,2026-09-30 02:26:03
贵州省,长江流域,甘溪高碑,2026-09-30 00:00,2,27.68,8.22,9.29,358.8,12.05,1.38,,0.022,0.41,,,2026-09-30 02:26:03
贵州省,长江流域,跳鱼洞,2026-09-30 00:00,3,24.39,7.98,5.73,488.53,3.96,1.75,0.079,0.103,1.887,,,2026-09-30 02:26:03
贵州省,长江流域,凤山桥边,2026-09-30 00:00,3,25.1572,8.29,7.76,733,2.2394,1.72,0.001,0.107,4.484,,,2026-09-30 02:26:03
贵州省,珠江流域,边外河,2026-09-30 01:00,2,25.47,7.74,7.19,347.8,4.08,0.7,,0.004,1.75,,,2026-09-30 02:26:03
贵州省,珠江流域,甲茶,2026-09-30 00:00,2,24.482,7.74,7.23,325.3041,0.4241,0.8,0.002,0.005,0.9625,,,2026-09-30 02:26:03
云南省,长江流域,通仙桥,2026-09-30 00:00,3,21.5,7.78,5.38,551.501,14.343,1.62,,0.149,8.396,,,2026-09-30 02:26:03
云南省,长江流域,普渡河桥,2026-09-30 00:00,3,23.53,7.83,5.49,576.1904,6.1725,2.88,0.126,0.065,2.8466,,,2026-09-30 02:26:03
云南省,珠江流域,禄丰村,2026-09-30 00:00,2,23.47,8.04,6.47,480.3066,11.6704,1.57,0.017,0.036,5.089,,,2026-09-30 02:26:03
云南省,滇池流域,回龙村,2026-09-30 00:00,4,23.27,7.92,4.65,629.5958,8.6459,3,,0.032,2.6551,,,2026-09-30 02:26:03
云南省,滇池流域,船房五社桥头,2026-09-30 00:00,3,23.21,7.83,7.05,565.4437,3.8134,4.36,,0.052,5.0815,,,2026-09-30 02:26:03
云南省,滇池流域,王大桥,2026-09-30 00:00,3,22.14,7.43,5.45,606.9385,10.0262,3.52,0.007,0.178,7.0783,,,2026-09-30 02:26:03
云南省,滇池流域,大观河入湖口,2026-09-30 00:00,2,21.63,8.26,6.98,438.9839,19.664,1.5,0.008,0.076,4.5746,,,2026-09-30 02:26:03
云南省,滇池流域,大渔乡土罗村入湖口,2026-09-30 00:00,5,21.82,7.48,2.21,527.1025,32.2926,3.6,0.058,0.119,4.838,,,2026-09-30 02:26:03
云南省,滇池流域,新河村入湖口,2026-09-30 00:00,2,21.19,8.12,6.36,409.61,21.014,1.66,0.002,0.1,3.9021,,,2026-09-30 02:26:03
云南省,珠江流域,阳宗海中,2026-09-30 01:00,2,23.57,9,7.37,413.781,2.974,3.98,0.029,0.015,0.469,0.00835,2197916,2026-09-30 02:26:03
云南省,长江流域,富民大桥,2026-09-30 00:00,4,23.4,8.29,4.83,555.793,71.8161,6.93,0.03,0.172,2.5783,,,2026-09-30 02:26:03
云南省,滇池流域,严家村桥,2026-09-30 00:00,2,21.78478,8.23,6.92,433.3113,14.24894,1.35,0.027,0.079,4.738558,,,2026-09-30 02:26:03
云南省,滇池流域,宝丰村入湖口,2026-09-30 00:00,4,21.04,7.82,4.42,606.75,9.41,1.7,,0.035,3.684,,,2026-09-30 02:26:03
云南省,滇池流域,江尾下闸,2026-09-30 00:00,4,22.91,7.65,4.67,361.0693,12.7659,0.97,0.069,0.03,1.974,,,2026-09-30 02:26:03
云南省,滇池流域,茨巷河入湖口,2026-09-30 00:00,3,22.3,7.73,5.54,265.3138,7.928,3.15,,0.01,1.383,,,2026-09-30 02:26:03
云南省,滇池流域,东大河滇池入湖口,2026-09-30 00:00,6,23.33,9.09,6.59,286.2579,15.1681,3.34,,0.056,1.183,,,2026-09-30 02:26:03
云南省,滇池流域,草海中心,2026-09-30 01:00,4,23.14,8.56,11.51,375.59,66.82,4.11,,0.071,3.463,0.02372,7.141349,2026-09-30 02:26:03
云南省,滇池流域,灰湾中,2026-09-30 01:00,4,22.37,8.92,7.25,395.075,168.704,6.33,0.047,0.075,1.604,0.03713,4.606924,2026-09-30 02:26:03
云南省,滇池流域,观音山中,2026-09-30 01:00,4,22.21,8.87,7.52,356.602,52.016,5.96,,0.066,1.14,0.00637,1.68976,2026-09-30 02:26:03
云南省,滇池流域,观音山西,2026-09-30 01:00,4,22.58,8.85,6.28,392.34,58.43,7.77,0.049,0.071,0.967,0.00941,9.89389,2026-09-30 02:26:03
云南省,滇池流域,海口西,2026-09-30 01:00,3,22.91,,9.3,357.41,26.85,5.93,0.028,0.046,0.523,0.01061,7.4374,2026-09-30 02:26:03
云南省,滇池流域,滇池南,2026-09-30 01:00,4,21.41,,8.19,396.42,40.27,9.23,,0.063,0.863,0.0518,1.649898,2026-09-30 02:26:03
云南省,滇池流域,晋城小寨,2026-09-30 00:00,3,21.03,8.24,5.21,532.5238,9.8568,2.48,,0.071,8.078,,,2026-09-30 02:26:03
云南省,长江流域,牛栏江河口,2026-09-30 00:00,3,22.29,8.08,5.18,539.855,13.835,2.01,0.035,0.032,4.899,,,2026-09-30 02:26:03
云南省,珠江流域,狗街,2026-09-30 00:00,4,24.05,7.72,4.96,592.0179,10.43567,2.72,0.063,0.144,5.787477,,,2026-09-30 02:26:03
云南省,珠江流域,花山水库出水口,2026-09-30 00:00,2,22.36,8.38,7.09,332.0352,2.7132,0.98,0.008,0.005,2.8749,,,2026-09-30 02:26:03
云南省,长江流域,以礼河水文站,2026-09-30 00:00,2,20.9,7.93,6.13,275.2805,10.815,2.13,0.011,0.048,2.1118,,,2026-09-30 02:26:03
云南省,珠江流域,厂房大桥,2026-09-30 00:00,3,24.77,8.68,9.79,290.9241,9.431,4.07,,0.066,2.7818,,,2026-09-30 02:26:03
云南省,珠江流域,天生桥,2026-09-30 00:00,2,21.641,7.77,6.31,584.44,17.44,3.24,0.368,0.095,5.7756,,,2026-09-30 02:26:03
云南省,长江流域,牛栏江大桥,2026-09-30 00:00,2,21.73,8.06,7.18,404.731,20.004,1.03,0.017,0.044,2.41,,,2026-09-30 02:26:03
云南省,珠江流域,盘溪大桥,2026-09-30 00:00,2,24.62,8.29,7.62,515.8644,9.0124,1.98,0.009,0.043,5.22764,,,2026-09-30 02:26:03
云南省,珠江流域,九甸大桥,2026-09-30 00:00,2,25.26109,8.3,6.98,541.9064,24.19588,1.12,0.005,0.084,4.62938,,,2026-09-30 02:26:03
云南省,西南诸河,坝洪村,2026-09-30 00:00,1,28.41,8.18,7.62,356.6486,76.53823,0.8,0.004,0.02,1.06251,,,2026-09-30 02:26:03
云南省,珠江流域,抚仙湖心,2026-09-30 01:00,2,22.62,8.85,7.19,276.82,2.693,1.96,,0.01,0.095,0.00255,2.011469,2026-09-30 02:26:03
云南省,西南诸河,绿汁江大桥,2026-09-30 00:00,3,24.44402,8.18,5.99,630.5023,63.60833,1.5,0.032,0.011,1.12847,,,2026-09-30 02:26:03
云南省,珠江流域,杞麓湖心,2026-09-30 01:00,4,23.03,8.73,7.02,797.35,4.86,7.11,0.074,0.023,1.47,0.04873,8345810,2026-09-30 02:26:03
云南省,珠江流域,永昌桥,2026-09-30 00:00,3,22.17522,7.99,5.43,536.6495,2.95115,2.14,0.056,0.129,3.57133,,,2026-09-30 02:26:03
云南省,珠江流域,星云湖心,2026-09-30 01:00,3,23.35,,5.6,549.945,38.22,5.79,,0.01,0.608,0.00617,3.930265,2026-09-30 02:26:03
云南省,西南诸河,红旗桥,2026-09-30 00:00,1,18.74679,8.14,9.4,405.2036,497.0975,1.32,,0.007,0.5000997,,,2026-09-30 02:26:03
云南省,西南诸河,湾甸,2026-09-30 00:00,2,26.42915,8.38,7.74,429.2657,149.4423,0.84,0.001,0.068,2.08666,,,2026-09-30 02:26:03
云南省,西南诸河,永保桥,2026-09-30 00:00,2,20.84297,8.23,6.9,439.4738,16.04858,0.98,0.005,0.003,0.40206,,,2026-09-30 02:26:03
云南省,西南诸河,龙江桥,2026-09-30 00:00,2,21.75548,7.15,7.2,105.5541,22.41115,0.93,0.004,0.02,0.67513,,,2026-09-30 02:26:03
云南省,长江流域,云贵桥,2026-09-30 00:00,1,19.18,8.16,8.04,391.127,6.637,0.99,,0.015,2.767,,,2026-09-30 02:26:03
云南省,长江流域,头屯河,2026-09-30 00:00,2,18.77,8.03,7.2,422.968,3.72,0.38,,0.023,5.056,,,2026-09-30 02:26:03
云南省,长江流域,邓家河,2026-09-30 00:00,2,22.3,7.75,7.53,406.753,14.266,1.17,0.102,0.062,2.741,,,2026-09-30 02:26:03
云南省,长江流域,横江桥,2026-09-30 00:00,2,21.97,8.08,8.27,293.71,21.19,0.75,,0.03,2.052,,,2026-09-30 02:26:03
云南省,长江流域,程海湖中,2026-09-30 00:00,2,25.56226,,6.81,1317.61,3.7443,,0.015,0.016,0.82093,0.00539,7912.994,2026-09-30 02:26:03
云南省,长江流域,新华,2026-09-30 00:00,1,16.73666,8.45,8.29,985.7273,50.70394,1.52,0.081,,0.72347,,,2026-09-30 02:26:03
云南省,长江流域,金江桥,2026-09-30 00:00,1,20.73,8.11,8.96,867.5065,12.95954,0.96,0.018,0.012,0.61864,,,2026-09-30 02:26:03
云南省,长江流域,龙兴村,2026-09-30 00:00,4,20.38221,7.76,4.89,454.8571,12.51585,2.25,0.494,0.296,3.29733,,,2026-09-30 02:26:03
云南省,西南诸河,土卡河水文站,2026-09-30 00:00,2,26.7439,7.8,6.37,216.6331,28.76427,1.35,,0.021,0.9398288,,,2026-09-30 02:26:03
云南省,西南诸河,莲花乡,2026-09-30 00:00,3,24.57416,7.67,5.4,339.4935,9.96262,2.79,0.147,0.181,5.68868,,,2026-09-30 02:26:03
云南省,西南诸河,嘎旧,2026-09-30 00:00,2,22.79,8.03,6.81,395.3422,12.9327,1.34,0.021,0.012,0.61371,,,2026-09-30 02:26:03
云南省,西南诸河,景临桥,2026-09-30 00:00,6,28,9.49,11.57,201.4104,16.92666,4.64,0.026,0.058,0.91969,,,2026-09-30 02:26:03
云南省,西南诸河,孟定大桥,2026-09-30 00:00,2,24.61,7.84,8.03,252.9171,719.5151,0.87,0.002,0.022,1.37417,,,2026-09-30 02:26:03
云南省,西南诸河,黑箐,2026-09-30 00:00,2,24.73,7.71,6.35,151.2799,91.43751,1.29,0.002,0.034,1.92982,,,2026-09-30 02:26:03
云南省,西南诸河,小黑江检查站,2026-09-30 00:00,2,23.17129,7.57,7.31,179.2663,165.8379,3.1,0.443,0.013,,,,2026-09-30 02:26:03
云南省,西南诸河,水文站,2026-09-30 00:00,4,23.63,7.99,4.93,442.1969,14.73078,1.09,0.007,0.046,1.32387,,,2026-09-30 02:26:03
云南省,长江流域,西观桥,2026-09-30 00:00,3,22.67,7.72,5.01,646.7804,18.00576,1.68,0.005,0.027,5.81263,,,2026-09-30 02:26:03
云南省,西南诸河,那发出境,2026-09-30 00:00,3,27.44,7.49,5.79,142.67,170.67,1.32,,0.067,0.6,,,2026-09-30 02:26:03
云南省,西南诸河,中越桥,2026-09-30 00:00,2,26.41,7.98,8.26,287.9229,23.8051,0.74,0.122,0.048,2.2738,,,2026-09-30 02:26:03
云南省,西南诸河,龙脖渡口,2026-09-30 00:00,2,27.58,8.12,6.64,327.425,28.351,0.63,,0.044,1.153,,,2026-09-30 02:26:03
云南省,西南诸河,河口县医院,2026-09-30 00:00,2,27.64349,8.1,6.04,316.8358,17.72473,0.91,,0.047,1.790292,,,2026-09-30 02:26:03
云南省,西南诸河,小河底河,2026-09-30 00:00,2,25.26,8.14,8.05,450.974,41.9693,1.01,,0.021,1.3395,,,2026-09-30 02:26:03
云南省,珠江流域,异龙湖中,2026-09-30 01:00,4,25.52,8.38,5.59,473.27,3.448,7.76,0.027,0.013,0.549,0.01551,102884,2026-09-30 02:26:03
云南省,珠江流域,长虹桥,2026-09-30 00:00,6,24.22,8.14,7.41,478.0125,80.3677,20.37,,0.119,4.6706,,,2026-09-30 02:26:03
云南省,珠江流域,江边桥,2026-09-30 00:00,2,25.16,7.78,7.78,512.1,54.09,0.99,,0.076,3.74,,,2026-09-30 02:26:03
云南省,西南诸河,天保农场,2026-09-30 00:00,2,23.82,7.96,9.09,376.4,6.43,0.43,,0.028,3.095,,,2026-09-30 02:26:03
云南省,西南诸河,南利大桥,2026-09-30 00:00,2,24.62,7.95,6.09,298.56,17.8,0.95,0.03,0.012,1.34,,,2026-09-30 02:26:03
云南省,珠江流域,谷拉河大桥,2026-09-30 00:00,2,30.75,8.52,10.91,206.69,3.236,2.26,0.001,0.006,0.531,,,2026-09-30 02:26:03
云南省,西南诸河,关累码头,2026-09-30 00:00,2,23.57333,7.62,6.47,296.7398,20.57894,0.52,0.01,0.012,0.97219,,,2026-09-30 02:26:03
云南省,西南诸河,勐仑大桥,2026-09-30 00:00,2,25.03,8.22,7.73,268.4478,23.43961,,0.008,0.024,0.61568,,,2026-09-30 02:26:03
云南省,西南诸河,风情园大桥,2026-09-30 00:00,2,22.61689,7.83,8.46,100.6778,94.23677,0.91,0.007,0.045,,,,2026-09-30 02:26:03
云南省,西南诸河,勐捧岔河,2026-09-30 00:00,2,24.76,7.98,7.32,288.402,36.34767,1.17,0.001,0.052,0.71879,,,2026-09-30 02:26:03
云南省,西南诸河,打洛江大桥,2026-09-30 00:00,1,25.25508,7.88,7.7,142.8915,59.08809,0.23,0.005,0.016,0.51727,,,2026-09-30 02:26:03
云南省,西南诸河,洱海湖心,2026-09-30 01:00,3,23.25,8.81,6.49,289.2,4.73,4.02,0.01,0.021,0.495,0.0195,12700,2026-09-30 02:26:03
云南省,西南诸河,交汇口,2026-09-30 00:00,2,22.28998,8.36,7.58,325.3677,144.7523,1.41,0.003,0.038,0.76088,,,2026-09-30 02:26:03
云南省,西南诸河,徐村桥,2026-09-30 00:00,2,22.33,7.8,7.03,265.3797,33.29546,1.32,0.004,0.038,1.25122,,,2026-09-30 02:26:03
云南省,西南诸河,江尾,2026-09-30 00:00,2,24.24181,8.83,9.72,321.8786,14.15158,1.75,0.006,0.033,1.32141,,,2026-09-30 02:26:03
云南省,西南诸河,四级坝,2026-09-30 00:00,3,21.74,7.6,6.97,317.2936,4.92182,2.94,0.091,0.154,1.70195,,,2026-09-30 02:26:03
云南省,西南诸河,汇流电站,2026-09-30 00:00,2,25.46187,7.08,7.63,85.14847,28.57166,1.05,0.006,0.022,0.81107,,,2026-09-30 02:26:03
云南省,西南诸河,姐告大桥,2026-09-30 00:00,2,24.47754,7.62,6.72,142.5015,84.63786,1.45,0.01,0.037,2.73129,,,2026-09-30 02:26:03
云南省,西南诸河,迭撒大桥,2026-09-30 00:00,3,25.04267,6.83,5.84,128.6952,337.5524,1.22,0.017,0.02,1.7225,,,2026-09-30 02:26:03
云南省,西南诸河,风平,2026-09-30 00:00,3,23.16,7.92,7.03,181.735,111.3269,3.78,0.268,0.16,1.71441,,,2026-09-30 02:26:03
云南省,西南诸河,丙舍桥,2026-09-30 00:00,1,17.53013,8.34,10.12,424.0341,1095.116,1.3,0.006,0.006,0.39733,,,2026-09-30 02:26:03
云南省,长江流域,贺龙桥,2026-09-30 00:00,1,16.99585,8.39,8.65,1032.757,62.35026,1.2,0.074,0.015,0.93412,,,2026-09-30 02:26:03
云南省,西南诸河,中路村,2026-09-30 00:00,1,16.46,8.46,9.06,473.1185,16.2564,1.07,0.011,0.004,0.63056,,,2026-09-30 02:26:03
陕西省,黄河流域,灞河口,2026-09-30 00:00,3,22.39,8.33,8.5,415.8714,25.1436,2.52,0.036,0.153,4.4396,,,2026-09-30 02:26:03
陕西省,黄河流域,三郎村,2026-09-30 00:00,2,23.06,7.63,7.07,474.302,37.837,3.33,0.12,0.076,4.8868,,,2026-09-30 02:26:03
陕西省,黄河流域,岔口,2026-09-30 00:00,2,21,7.78,8.28,849.195,5.038,3.76,0.072,0.072,7.7589,,,2026-09-30 02:26:03
陕西省,长江流域,黄牛铺,2026-09-30 00:00,3,15.54,7.52,8.4,104.2609,5.8892,4.47,0.007,0.014,1.344,,,2026-09-30 02:26:03
陕西省,黄河流域,魏家堡,2026-09-30 00:00,2,20.66,7.91,7.63,471.1897,114.9652,3.69,0.015,0.067,3.834,,,2026-09-30 02:26:03
陕西省,黄河流域,卧龙寺桥,2026-09-30 00:00,2,20.38,8.34,7.91,552.1246,56.0347,3.33,,0.026,3.625,,,2026-09-30 02:26:03
陕西省,长江流域,灶火庵,2026-09-30 00:00,2,20.89,8,7.65,223.6375,57.5588,3.05,0.015,0.038,1.669,,,2026-09-30 02:26:03
陕西省,黄河流域,咸阳铁桥,2026-09-30 00:00,2,22.32,8.04,7.33,652.8775,54.679,2.66,0.038,0.04,6.7208,,,2026-09-30 02:26:03
陕西省,黄河流域,兴平,2026-09-30 00:00,2,21.5,8.04,6.89,665.3643,179.36,3.17,0.015,0.092,5.6681,,,2026-09-30 02:26:03
陕西省,黄河流域,泾河桥,2026-09-30 00:00,2,22.71,8.38,7.84,1529.77,327.6078,2.63,0.011,0.096,3.2041,,,2026-09-30 02:26:03
陕西省,黄河流域,黑河张家桥,2026-09-30 00:00,2,20.49,8.15,7.31,668.541,61.7316,1.6,0.029,0.032,2.2397,,,2026-09-30 02:26:03
陕西省,黄河流域,杨家畔村,2026-09-30 00:00,2,20.68,8.8,7.75,1507.117,30.44061,3.19,0.026,0.028,7.4901,,,2026-09-30 02:26:03
陕西省,黄河流域,昝家山,2026-09-30 00:00,2,20.35,8.37,8.53,594.466,61.949,2.01,,0.03,4.5701,,,2026-09-30 02:26:03
陕西省,黄河流域,寺滩,2026-09-30 00:00,2,21.37,8.65,7.8,1296.615,25.44187,1.63,0.032,0.047,4.8821,,,2026-09-30 02:26:03
陕西省,黄河流域,朱家沟,2026-09-30 00:00,3,20.15,8.12,7.42,1016.508,12.65089,2.82,0.169,0.103,5.2611,,,2026-09-30 02:26:03
陕西省,长江流域,烈金坝,2026-09-30 00:00,2,19,8.29,7.69,335.39,5.984,0.34,,0.022,1.4484,,,2026-09-30 02:26:03
陕西省,长江流域,南柳渡,2026-09-30 00:00,2,21.01,7.89,7.36,264.1689,19.3081,1.67,0.032,0.044,1.284,,,2026-09-30 02:26:03
陕西省,长江流域,白水江,2026-09-30 00:00,2,20.16,8.23,7.8,317.8354,20.687,1,0.003,0.022,1.0968,,,2026-09-30 02:26:03
陕西省,黄河流域,柏树坪,2026-09-30 00:00,4,20.92993,8.22,8.61,864.05,748.2375,4.9,,0.204,10.6421,,,2026-09-30 02:26:03
陕西省,黄河流域,温家川,2026-09-30 00:00,2,20.47,8.37,6.99,1349.944,15.1373,1.78,0.034,0.027,3.3271,,,2026-09-30 02:26:03
陕西省,黄河流域,碛塄,2026-09-30 00:00,2,18.99,8.2,7.98,814.45,216.7775,2.09,,0.041,3.1311,,,2026-09-30 02:26:03
陕西省,黄河流域,高家川,2026-09-30 00:00,2,18.73,8.4,8.37,861.72,146.6535,2.48,,0.071,3.4061,,,2026-09-30 02:26:03
陕西省,黄河流域,鱼河,2026-09-30 00:00,3,18.38,8.28,7,841.112,191.504,3.65,0.101,0.179,4.0201,,,2026-09-30 02:26:03
陕西省,长江流域,白河城关,2026-09-30 00:00,2,22.33,7.65,8.8,252.1642,33.26,2.28,0.025,0.068,1.976,0.012007,,2026-09-30 02:26:03
陕西省,长江流域,小钢桥,2026-09-30 00:00,2,21.87,7.77,7.03,306.71,4.36,1.54,,0.034,1.439,,,2026-09-30 02:26:03
陕西省,长江流域,老君关,2026-09-30 00:00,2,21.04,7.61,6.28,253.1566,46.4608,2.56,0.033,0.069,1.795,,,2026-09-30 02:26:03
陕西省,长江流域,瀛湖坝前,2026-09-30 00:00,3,23.21,7.82,5.97,240.2063,5.3206,1.92,,0.024,1.109,0.0021,2058536,2026-09-30 02:26:03
陕西省,长江流域,构峪口,2026-09-30 00:00,1,21.17,8.18,8.31,412.5731,8.4743,1.49,,0.005,1.927,,,2026-09-30 02:26:03
陕西省,长江流域,丹凤下,2026-09-30 00:00,2,19.66,8.08,8,434.244,12.3665,1.74,0.006,0.049,2.86,,,2026-09-30 02:26:03
陕西省,黄河流域,灵口,2026-09-30 00:00,1,20.75,8.34,8.41,463.0162,7.8038,0.97,0.026,0.008,1.3801,,,2026-09-30 02:26:03
甘肃省,黄河流域,新城桥,2026-09-30 00:00,2,15.99,8.24,7.62,590.681,88.615,1.55,0.082,0.04,1.7907,,,2026-09-30 02:26:03
甘肃省,黄河流域,湟水桥,2026-09-30 00:00,2,15.52,8.47,7.55,632.07,124.279,2.14,0.141,0.086,3.566,,,2026-09-30 02:26:03
甘肃省,西北诸河,迎山坡,2026-09-30 00:00,1,12.84954,8.08,7.5,568.2734,10.0254,0.47,0.0004,0.005,1.53338,,,2026-09-30 02:26:03
甘肃省,黄河流域,青城桥,2026-09-30 00:00,2,16.67104,8.25,6.87,628.8051,21.52575,1.5,0.039,0.019,2.89656,,,2026-09-30 02:26:03
甘肃省,黄河流域,五佛寺,2026-09-30 00:00,2,17.5037,8.37,7.39,718.2064,80.97742,1.36,0.057,0.031,2.66,,,2026-09-30 02:26:03
甘肃省,黄河流域,靖远桥,2026-09-30 00:00,2,16.79042,8.32,7.16,629.8167,35.22998,1.18,0.035,0.02,2.30902,,,2026-09-30 02:26:03
甘肃省,黄河流域,桦林,2026-09-30 00:00,3,17.5,8.44,8.36,793.3,717,4.04,0.019,0.108,5.518,,,2026-09-30 02:26:03
甘肃省,黄河流域,葡萄园,2026-09-30 00:00,2,20.55,8.28,7.63,1000.06,1199.785,3.29,0.009,0.088,7.675,,,2026-09-30 02:26:03
甘肃省,西北诸河,红崖山水库,2026-09-30 00:00,2,17.23488,8.43,7.54,517.439,26.5455,1.95,0.06,0.025,0.47518,0.00651,2210212,2026-09-30 02:26:03
甘肃省,黄河流域,先明峡桥,2026-09-30 00:00,1,11.66685,8.49,8.42,480.443,2.83596,1.09,0.003,0.002,1.40414,,,2026-09-30 02:26:03
甘肃省,西北诸河,莺落峡,2026-09-30 00:00,1,12.65,8.06,8.75,695.6674,6.90804,0.41,0.019,0.004,1.33877,,,2026-09-30 02:26:03
甘肃省,西北诸河,皇城水库,2026-09-30 00:00,1,10.0568,8.24,8.81,558.2075,8.33703,0.97,0.01,0.008,1.51532,,,2026-09-30 02:26:03
甘肃省,西北诸河,六坝桥,2026-09-30 00:00,1,14.97446,8.41,8.4,682.6213,9.16049,0.44,0.019,0.008,2.19751,,,2026-09-30 02:26:03
甘肃省,黄河流域,长庆桥,2026-09-30 00:00,2,19.04,8.36,7.36,868.698,128.4141,1.29,0.012,0.051,4.8651,,,2026-09-30 02:26:03
甘肃省,黄河流域,洮园桥,2026-09-30 00:00,2,15.99,8.37,7.59,415.2291,33.31244,2.19,0.061,0.033,2.47748,,,2026-09-30 02:26:03
甘肃省,长江流域,固水子村,2026-09-30 00:00,3,16.57,8.27,8.98,334.1,417.3,2.71,,0.107,1.04,,,2026-09-30 02:26:03
甘肃省,长江流域,两水桥,2026-09-30 00:00,2,16.3,8.45,8.47,338.477,280.3002,3.6,,,1.7351,,,2026-09-30 02:26:03
甘肃省,黄河流域,扶和桥,2026-09-30 00:00,2,15.32,8.21,7.67,519.4426,32.63497,1.52,0.067,0.021,1.9473,,,2026-09-30 02:26:03
甘肃省,黄河流域,折桥,2026-09-30 00:00,2,14.28,8.47,8.69,504.7125,73.74821,1.46,0.058,0.021,2.34757,,,2026-09-30 02:26:03
甘肃省,黄河流域,地沟桥,2026-09-30 00:00,1,13.15,8.57,8.17,516.4155,47.7049,1.69,0.062,0.019,2.54336,,,2026-09-30 02:26:03
甘肃省,黄河流域,玛曲,2026-09-30 00:00,4,12.17419,8.22,6.42,310.6017,163.47,6.87,0.151,0.048,3.29182,,,2026-09-30 02:26:03
青海省,黄河流域,小峡桥,2026-09-30 00:00,2,14.06817,8.36,7.92,636.5229,61.85534,,,0.069,3.37922,,,2026-09-30 02:26:03
青海省,黄河流域,润泽桥,2026-09-30 00:00,2,13.78238,8.19,7.86,455.993,62.68777,1.91,0.056,0.037,2.00296,,,2026-09-30 02:26:03
青海省,黄河流域,大河家,2026-09-30 00:00,1,12.91011,8.32,7.97,506.6817,9.13412,1.06,0.008,0.002,0.89818,,,2026-09-30 02:26:03
青海省,黄河流域,边墙村,2026-09-30 00:00,2,15.1609,8.42,8,708.0492,103.8961,3.77,0.18,0.094,3.9185,,,2026-09-30 02:26:03
青海省,黄河流域,峡塘,2026-09-30 00:00,1,11.14424,8.47,8.68,530.3704,23.01255,1.07,0.006,0.005,1.01763,,,2026-09-30 02:26:03
青海省,黄河流域,金滩,2026-09-30 00:00,2,11.37,8.42,7.81,452.9,5.02,2.02,0.023,0.015,1.087,,,2026-09-30 02:26:03
青海省,西北诸河,布哈河入青海湖口,2026-09-30 00:00,1,10.71275,8.4,7.65,571.1708,27.58142,1.05,0.005,0.007,0.87,,,2026-09-30 02:26:03
青海省,黄河流域,唐乃亥,2026-09-30 00:00,2,13.65116,8.47,7.19,439.5127,67.73413,3.59,0.164,0.061,1.85026,,,2026-09-30 02:26:03
青海省,黄河流域,龙羊峡库区出水口,2026-09-30 00:00,2,14.93602,8.03,7,436.4464,7.10191,1.45,0.008,0.007,0.76143,0.00336,291272.3,2026-09-30 02:26:03
青海省,西北诸河,总场水闸,2026-09-30 00:00,1,9.47,8.48,8.07,846.2153,21.21643,0.35,0.01,0.005,0.73876,,,2026-09-30 02:26:03
青海省,西北诸河,纳赤台,2026-09-30 00:00,2,6.972,8.41,7.74,900.8,37.88,0.7,0.023,0.032,0.704,,,2026-09-30 02:26:03
青海省,西北诸河,德令哈市水厂旁,2026-09-30 00:00,1,10.08617,8.12,10.07,759.1674,4.64025,0.25,0.009,0.003,1.20802,,,2026-09-30 02:26:03
宁夏回族自治区,黄河流域,银古公路桥,2026-09-30 00:00,2,18.46982,8.34,7.49,889.336,364.5955,2.05,0.061,0.038,3.51743,,,2026-09-30 02:26:03
宁夏回族自治区,黄河流域,平罗黄河大桥,2026-09-30 00:00,2,18.66,8.36,7.23,937.64,409.19,2.3,,0.081,3.775,,,2026-09-30 02:26:03
宁夏回族自治区,黄河流域,麻黄沟,2026-09-30 00:00,2,18.1,8.35,7.56,952.086,588.861,2.07,,0.059,3.2141,,,2026-09-30 02:26:03
宁夏回族自治区,黄河流域,沙湖,2026-09-30 00:00,4,17.1,8.81,7.92,1408.8,52.05,6.3,0.02,0.033,0.654,0.01784,2.6258,2026-09-30 02:26:03
宁夏回族自治区,黄河流域,沟圈,2026-09-30 00:00,2,18.07,8.56,7.62,1952.906,98.31519,2.55,0.018,0.038,1.4141,,,2026-09-30 02:26:03
宁夏回族自治区,黄河流域,中卫下河沿,2026-09-30 00:00,-1,,,,,,,,,,,,2026-09-30 02:26:03
宁夏回族自治区,黄河流域,泉眼山,2026-09-30 00:00,2,18.39,8.24,8.95,7778.417,260.1865,3.03,0.197,0.08,24.9271,,,2026-09-30 02:26:03
新疆维吾尔自治区,西北诸河,青年渠,2026-09-30 00:00,1,14.04,8.21,9.89,464.5949,23.93682,0.67,0.005,0.002,1.2566,,,2026-09-30 02:26:03
新疆维吾尔自治区,西北诸河,七纺桥,2026-09-30 00:00,1,12.55,8.54,8.6,2252.021,14.24419,0.45,0.009,0.019,10.8149,,,2026-09-30 02:26:03
新疆维吾尔自治区,西北诸河,赛湖2,2026-09-30 00:00,3,14.87333,,5.72,3187.029,9.50843,0.79,0.154,0.001,0.47039,0.00963,21620,2026-09-30 02:26:03
新疆维吾尔自治区,西北诸河,哈尔莫墩,2026-09-30 00:00,1,15.22,8.21,9.09,399.2675,0.016,0.85,0.01,0.008,0.68378,,,2026-09-30 02:26:03
新疆维吾尔自治区,西北诸河,汇合口,2026-09-30 00:00,1,19.35,7.96,8.86,448.7508,5.12164,1.73,0.003,0.006,0.28942,,,2026-09-30 02:26:03
新疆维吾尔自治区,西北诸河,兰干,2026-09-30 00:00,2,20.98306,8.08,6.41,782.8892,3.06049,0.99,0.038,0.006,0.28173,,,2026-09-30 02:26:03
新疆维吾尔自治区,西北诸河,塔提让,2026-09-30 00:00,1,14.79,8.53,8.16,1188.028,862.8278,,0.003,0.001,0.89175,,,2026-09-30 02:26:03
新疆维吾尔自治区,西北诸河,塔里木拦河闸,2026-09-30 00:00,1,18.13479,8.17,8.24,607.4142,122.2003,1.04,0.004,0.002,0.84506,,,2026-09-30 02:26:03
新疆维吾尔自治区,西北诸河,十二医院,2026-09-30 00:00,1,16.15306,7.75,7.77,1256.557,21.65658,0.36,0.052,0.005,0.96069,,,2026-09-30 02:26:03
新疆维吾尔自治区,西北诸河,依干其渡口,2026-09-30 00:00,1,18.25669,8.37,7.77,490.6083,81.00934,1,0.01,0.003,1.54898,,,2026-09-30 02:26:03
新疆维吾尔自治区,西北诸河,喀河大桥,2026-09-30 00:00,2,17.8428,7.95,6.47,1473.224,4.03063,0.81,0.002,0.002,1.69706,,,2026-09-30 02:26:03
新疆维吾尔自治区,西北诸河,科布大桥,2026-09-30 00:00,1,13.23874,8.07,7.86,362.7809,50.70109,0.75,0.002,0.009,1.02905,,,2026-09-30 02:26:03
新疆维吾尔自治区,西北诸河,龙口大桥,2026-09-30 00:00,1,16.93193,7.61,8.42,308.7003,3.54655,0.49,0.001,0.004,0.62498,,,2026-09-30 02:26:03
新疆维吾尔自治区,西北诸河,羊场大桥,2026-09-30 00:00,1,17.41,8.1,8.2,492.3992,45.67369,1.27,0.004,0.013,1.62804,,,2026-09-30 02:26:03
新疆维吾尔自治区,西北诸河,喀什河大桥,2026-09-30 00:00,1,16.2,8.12,10.12,256.4529,10.55429,0.49,0.006,0.006,1.00171,,,2026-09-30 02:26:03
新疆维吾尔自治区,西北诸河,英牙尔乡,2026-09-30 00:00,2,19.19065,8.43,9,353.8994,40.25639,1.23,0.006,0.03,1.22854,,,2026-09-30 02:26:03
新疆维吾尔自治区,西北诸河,布尔津河大桥,2026-09-30 00:00,1,14.31,8.18,9.61,62.02529,6.42403,1.64,0.003,0.004,0.17786,,,2026-09-30 02:26:03
新疆维吾尔自治区,西北诸河,乌伦古湖码头,2026-09-30 00:00,3,18.1043,8.57,7.79,3720.789,12.38582,4.53,0.094,0.044,0.81274,0.01343,374213.9,2026-09-30 02:26:03
新疆维吾尔自治区,西北诸河,北屯大桥,2026-09-30 00:00,1,15.32522,7.88,8.81,88.60391,17.00007,1.45,0.004,0.006,0.58611,,,2026-09-30 02:26:03
新疆维吾尔自治区,西北诸河,布尔津水文站,2026-09-30 00:00,1,13.41,8.47,12.14,213.9014,52.87466,1.79,0.024,0.018,1.35081,,,2026-09-30 02:26:03
新疆维吾尔自治区,西北诸河,额河南湾,2026-09-30 01:00,1,15.702,7.35,7.58,208.222,0.0706,0.52,0.0003,0.005,0.36662,,,2026-09-30 02:26:03
北京市,海河流域,鼓楼外大街,2026-09-30 02:00,3,22.82,7.42,5.06,416.97,7.495,1.72,0.059,0.032,2.523,,,2026-09-30 06:27:13
北京市,海河流域,广北滨河路,2026-09-30 02:00,2,23.05,7.73,7.29,348.92,14.27,2.15,0.004,0.028,1.984,,,2026-09-30 06:27:13
北京市,海河流域,沙窝,2026-09-30 02:00,4,24.23,7.14,3.6,734.04,8.849,4.13,1.023,0.124,5.939,,,2026-09-30 06:27:13
北京市,海河流域,新八里桥,2026-09-30 02:00,4,23.87,7.19,3.45,601.789,3.533,3.96,0.11,0.141,4.72,,,2026-09-30 06:27:13
北京市,海河流域,大红门闸上,2026-09-30 02:00,2,21.13,7.56,6.3,933.5,14.201,2.47,,0.074,8.033,,,2026-09-30 06:27:13
北京市,海河流域,南大荒桥,2026-09-30 02:00,2,21.92,8.62,9.01,950,44.69,2.6,0.002,0.025,1.826,,,2026-09-30 06:27:13
北京市,海河流域,清河闸,2026-09-30 02:00,2,20.91,7.68,6.74,753.51,21.512,2.21,,0.088,6.642,,,2026-09-30 06:27:13
北京市,海河流域,花园路,2026-09-30 02:00,3,20.74,7.49,5.14,699.825,4.316,1.52,0.191,0.048,7.719,,,2026-09-30 06:27:13
北京市,海河流域,白石桥,2026-09-30 02:00,2,24.37,7.78,6.98,303.17,4.108,1.54,0.063,0.014,1.711,,,2026-09-30 06:27:13
北京市,海河流域,八间房漫水桥,2026-09-30 02:00,3,22.8,7.7,5.57,828.95,11.6,3.87,,0.071,4.4748,,,2026-09-30 06:27:13
北京市,海河流域,码头,2026-09-30 02:00,2,22.7,7.75,6.02,1075.22,20.858,2.58,0.158,0.071,7.098,,,2026-09-30 06:27:13
北京市,海河流域,罗庄,2026-09-30 02:00,2,22.85,7.85,6.27,1321.266,6.712372,3.39,0.037,0.094,5.4181,,,2026-09-30 06:27:13
北京市,海河流域,小屯桥,2026-09-30 02:00,3,23.62,7.95,6.3,1390.724,6.956532,4.5,0.482,0.096,6.5041,,,2026-09-30 06:27:13
北京市,海河流域,东店,2026-09-30 02:00,2,20.65953,7.88,8.63,711.0383,29.70714,3.31,0.048,0.069,11.25356,,,2026-09-30 06:27:13
北京市,海河流域,密云水库,2026-09-30 02:00,2,22.75992,8.3,8.57,420.4187,6.192414,2.24,0.015,0.006,3.196888,,,2026-09-30 06:27:13
北京市,海河流域,辛庄桥,2026-09-30 02:00,2,18.75,8.06,8.23,578.909,43.88619,1.56,,0.028,7.3261,,,2026-09-30 06:27:13
北京市,海河流域,谷家营,2026-09-30 02:00,2,21.01,8.02,7.95,554.59,17.467,3.29,0.308,0.068,3.592,,,2026-09-30 06:27:13
北京市,海河流域,后城,2026-09-30 02:00,2,13.3,8.15,8.3,588.044,24.1601,1.7,0.025,0.031,10.9171,,,2026-09-30 06:27:13
天津市,海河流域,三岔口,2026-09-30 02:00,4,24.18,7.88,4.17,810.0876,28.81312,4.21,0.179,0.107,1.42051,,,2026-09-30 06:27:13
天津市,海河流域,北洋桥,2026-09-30 02:00,3,24.57384,7.77,5.74,1084.856,36.69789,4.67,0.468,0.182,1.508117,,,2026-09-30 06:27:13
天津市,海河流域,井冈山桥,2026-09-30 02:00,4,24.01,7.63,3.37,832.161,42.67973,,0.888,0.174,2.3831,,,2026-09-30 06:27:13
天津市,海河流域,大红桥,2026-09-30 03:00,5,24.4,7.41,2.34,906.264,27.41694,4,0.455,0.095,2.2241,,,2026-09-30 06:27:13
天津市,海河流域,曹庄子泵站,2026-09-30 02:00,2,25.03,7.65,6.59,271.05,2.49,1.23,0.052,0.002,0.944,,,2026-09-30 06:27:13
天津市,海河流域,生产圈闸,2026-09-30 02:00,6,23.44651,7.31,1.55,878.3292,10.42225,5.82,0.294,0.142,2.133906,,,2026-09-30 06:27:13
天津市,海河流域,土门楼,2026-09-30 02:00,3,22.98,7.77,8.68,937.13,15.83,5.04,0.471,0.115,5.744,,,2026-09-30 06:27:13
天津市,海河流域,尔王庄泵站,2026-09-30 02:00,4,25.39,7.32,4.55,295.254,13.70686,1.82,,0.002,0.5771,,,2026-09-30 06:27:13
天津市,海河流域,塘汉公路桥,2026-09-30 02:00,6,22.55,7.55,0.98,1206.189,35.6719,4.91,0.116,0.128,3.6541,,,2026-09-30 06:27:13
天津市,海河流域,海河大闸,2026-09-30 02:00,4,24.75,7.93,3.81,4325.418,20.2429,4.08,0.313,0.145,1.9296,,,2026-09-30 06:27:13
天津市,海河流域,北排水河防潮闸,2026-09-30 02:00,5,20.09,7.86,2.07,1802.3,40.94,4.75,,0.094,0.8219,,,2026-09-30 06:27:13
天津市,海河流域,沧浪渠出境,2026-09-30 02:00,5,23.86,7.92,3.25,6306.5,1615.832,10.76,0.589,0.269,,,,2026-09-30 06:27:13
天津市,海河流域,万家码头,2026-09-30 02:00,4,24.46,8.27,6.77,2133.31,42.78,6.62,0.015,0.101,0.977,,,2026-09-30 06:27:13
天津市,海河流域,蓟运河防潮闸,2026-09-30 02:00,4,21.07183,7.79,6,1201.236,26.01028,6.07,0.386,0.183,2.599337,,,2026-09-30 06:27:13
天津市,海河流域,青静黄防潮闸,2026-09-30 02:00,5,25.45351,8.26,7.41,5533.315,43.49571,10.06,0.049,0.165,0.807886,,,2026-09-30 06:27:13
天津市,海河流域,马棚口防潮闸,2026-09-30 02:00,4,24.27,8.1,4.39,2861.2,326.6141,9.34,0.559,0.127,2.486,,,2026-09-30 06:27:13
天津市,海河流域,阎辛庄,2026-09-30 02:00,6,19.54455,7.34,1.93,2664.174,31.00376,5.24,0.528,0.167,2.586367,,,2026-09-30 06:27:13
天津市,海河流域,于桥水库库中心,2026-09-30 03:00,4,23.46,8.09,5.48,440.45,10.63,6.19,0.256,0.047,1.99,0.02524,2.051247,2026-09-30 06:27:13
天津市,海河流域,于桥水库出口,2026-09-30 02:00,4,23.45,8.06,4.93,392.131,15.37424,4.89,0.208,0.053,2.0911,,,2026-09-30 06:27:13
天津市,海河流域,黎河桥,2026-09-30 02:00,3,21.153,7.39,7.21,743.3,12.73,1.78,,0.136,11.032,,,2026-09-30 06:27:13
天津市,海河流域,沙河桥,2026-09-30 02:00,2,22.19,7.56,7.12,629.2,10.882,1.07,0.153,0.043,9.887,,,2026-09-30 06:27:13
天津市,海河流域,果河桥,2026-09-30 02:00,2,23.79,8.57,10.14,646.2492,3.9735,1.98,0.042,0.059,9.8968,,,2026-09-30 06:27:13
天津市,海河流域,西屯桥,2026-09-30 02:00,4,23.34,7.66,3.11,529.11,13.7212,3.53,0.871,0.074,3.279,,,2026-09-30 06:27:13
河北省,海河流域,下槐镇,2026-09-30 02:00,2,20.81,8.48,8.15,650.461,56.8968,1.53,,0.04,2.4897,,,2026-09-30 06:27:13
河北省,海河流域,地都,2026-09-30 02:00,2,20.21,8.17,6.95,1169.75,45.696,1.08,0.083,0.077,6.129,,,2026-09-30 06:27:13
河北省,海河流域,平山桥,2026-09-30 02:00,1,21.68,8.15,8.05,1050.79,24.539,1.33,,0.009,5.391,,,2026-09-30 06:27:13
河北省,海河流域,兆通,2026-09-30 02:00,1,24.23,8.5,8.69,294.45,2.96,2,0.003,0.006,0.642,,,2026-09-30 06:27:13
河北省,海河流域,大石桥,2026-09-30 02:00,4,25.0678,7.53,5.91,1287.168,18.7073,5.39,0.745,0.225,11.33379,,,2026-09-30 06:27:13
河北省,海河流域,涧河口,2026-09-30 02:00,4,22.82225,7.32,3.12,1107.835,16.85498,6.41,0.116,0.122,1.983008,,,2026-09-30 06:27:13
河北省,海河流域,丰北闸,2026-09-30 02:00,4,26.02229,7.55,6.42,1455.69,12.2782,6.09,0.028,0.144,0.615604,,,2026-09-30 06:27:13
河北省,海河流域,滦县大桥,2026-09-30 02:00,2,22.35,7.66,6.19,663.695,11.44133,1.97,0.016,0.035,4.7931,,,2026-09-30 06:27:13
河北省,海河流域,刘家庄,2026-09-30 02:00,2,18.86,8,6.8,596.6113,14.07,0.46,0.023,0.013,4.797,,,2026-09-30 06:27:13
河北省,海河流域,岳城水库出口,2026-09-30 02:00,1,24.36,8.56,9.84,556.453,14.50657,1.88,0.013,,2.5941,,,2026-09-30 06:27:13
河北省,海河流域,曲周,2026-09-30 02:00,3,23.88,7.92,5.17,1027.413,23.056,2.43,0.13,0.103,3.47,,,2026-09-30 06:27:13
河北省,海河流域,沙阳,2026-09-30 02:00,3,23.62,7.96,5.73,1706.25,83.99,2.5,0.064,0.061,3.3365,,,2026-09-30 06:27:13
河北省,海河流域,艾辛庄,2026-09-30 02:00,3,22.47755,7.51,5.3,1401.131,8.319732,5.25,0.549,0.136,12.55396,,,2026-09-30 06:27:13
河北省,海河流域,后西吴桥,2026-09-30 02:00,3,24.66,8.36,6.4,981.21,67.63,3.65,0.132,0.168,12.3354,,,2026-09-30 06:27:13
河北省,海河流域,北河店,2026-09-30 02:00,2,23.25,7.83,6.64,550.0337,2.6951,1.55,0.019,0.018,4.791,,,2026-09-30 06:27:13
河北省,海河流域,白合,2026-09-30 02:00,6,20.04,8.11,8.39,514.95,1523.67,7.93,,0.875,5.806,,,2026-09-30 06:27:13
河北省,海河流域,杜里村,2026-09-30 02:00,2,16.33,8.46,9.75,421.48,55.8,1.8,,0.06,3.3372,,,2026-09-30 06:27:13
河北省,海河流域,温泉屯,2026-09-30 02:00,3,17.22,8.33,7.98,1110.219,71.01146,4.76,0.001,0.103,6.5911,,,2026-09-30 06:27:13
河北省,海河流域,八号桥,2026-09-30 02:00,3,17.5,8.53,8.48,1055.621,92.3875,3.58,0.202,0.119,3.795657,,,2026-09-30 06:27:13
河北省,海河流域,左卫桥,2026-09-30 02:00,5,11.75,8.45,9.9,848.106,1024.157,6.86,0.017,0.386,16.2391,,,2026-09-30 06:27:13
河北省,海河流域,四道甸,2026-09-30 02:00,1,15.73,8.29,8.93,450.174,25.94074,1.58,0.014,0.017,5.9481,,,2026-09-30 06:27:13
河北省,海河流域,上二道河子,2026-09-30 02:00,2,19.14,7.9,6.83,495.168,6.438546,2.85,0.014,,7.0441,,,2026-09-30 06:27:13
河北省,辽河流域,甸子,2026-09-30 02:00,2,14.75,7.7,6.89,450.92,14.35,1.85,0.027,0.026,7.334,,,2026-09-30 06:27:13
河北省,海河流域,何老营,2026-09-30 02:00,4,22.92839,7.96,6.71,3451.389,10.49359,7.24,0.027,0.096,0.862548,,,2026-09-30 06:27:13
河北省,海河流域,大口河口,2026-09-30 02:00,5,23.11,7.66,4.78,19583.46,2153.81,,,0.304,4.86,,,2026-09-30 06:27:13
河北省,海河流域,四埝村桥,2026-09-30 02:00,4,24.07,8.18,3.81,4552.617,23.565,,0.091,0.149,1.217,,,2026-09-30 06:27:13
河北省,海河流域,大王务,2026-09-30 02:00,4,23.17,7.74,4,842.433,15.73032,4.52,0.004,0.052,0.6541,,,2026-09-30 06:27:13
河北省,海河流域,杨洼闸,2026-09-30 02:00,6,23.56,7.22,0.33,861.8,20.8,3.91,0.209,0.101,4.539,,,2026-09-30 06:27:13
河北省,海河流域,吴村,2026-09-30 02:00,4,23.69,7.52,3.74,798.15,20.07,3.81,0.467,0.129,5.259,,,2026-09-30 06:27:13
河北省,海河流域,台头,2026-09-30 02:00,3,24.05574,7.93,7.1,1543.625,14.70309,5.22,0.19,0.094,1.4131,,,2026-09-30 06:27:13
河北省,海河流域,桑梓红旗闸,2026-09-30 02:00,3,22.55073,8.05,7.72,732.402,79.24118,4.44,0.096,0.137,11.1431,,,2026-09-30 06:27:13
河北省,海河流域,三小营,2026-09-30 02:00,4,20.46641,7.43,4.5,1052.684,9.056253,4.05,0.176,0.094,2.066177,,,2026-09-30 06:27:13
河北省,海河流域,小范桥,2026-09-30 02:00,3,24.88,7.84,5.06,931.21,2.082,5,0.007,0.048,0.5785,,,2026-09-30 06:27:13
河北省,海河流域,衡水湖大湖心,2026-09-30 02:00,3,24.39,8.54,7.19,1315.475,21.315,5.93,0.017,0.03,0.849,0.036595,1.461356,2026-09-30 06:27:13
河北省,海河流域,南张村,2026-09-30 02:00,1,25.84,8.43,7.96,261.15,3.628,1.28,0.024,0.007,0.6876,,,2026-09-30 06:27:13
河北省,海河流域,安州,2026-09-30 02:00,3,25.22,7.63,5.73,1229.822,28.6213,3.96,0.118,0.061,4.859,,,2026-09-30 06:27:13
河北省,海河流域,膳马庙村北,2026-09-30 02:00,4,24.5,7.62,4.58,1145.882,53.7651,3.89,0.211,0.08,6.7709,,,2026-09-30 06:27:13
河北省,海河流域,南刘庄,2026-09-30 03:00,4,23.9,7.54,4.36,706.54,6.93,5.2,0.02,0.044,0.688,0.0103,3740150,2026-09-30 06:27:13
河北省,海河流域,烧车淀,2026-09-30 03:00,2,23.6,7.72,7.96,568.28,0.44,2.76,,0.017,3.056,0.0041,2919414,2026-09-30 06:27:13
河北省,海河流域,圈头,2026-09-30 03:00,3,24.13,8.14,7.43,770.74,1.1767,4.59,,0.022,0.438,0.0026,1427634,2026-09-30 06:27:13
河北省,海河流域,光淀张庄,2026-09-30 03:00,5,23.93,7.46,2.83,757.58,6.27,2.56,,0.018,1.542,,783174.8,2026-09-30 06:27:13
山西省,黄河流域,韩武村,2026-09-30 02:00,3,22.21,7.88,6.59,1296.65,12.55,5.21,0.21,0.166,6.569,,,2026-09-30 06:27:13
山西省,黄河流域,上兰,2026-09-30 02:00,2,18.91,8.29,6.87,641.649,11.38057,1.67,0.005,,1.3401,,,2026-09-30 06:27:13
山西省,黄河流域,汾河水库出口,2026-09-30 02:00,1,20.93,8.39,7.62,580.741,2.27354,1.81,0.009,0.002,1.2731,0.0104787,288181,2026-09-30 06:27:13
山西省,海河流域,堡子湾,2026-09-30 02:00,3,8.349999,8.3,9.32,781.04,81.2784,4.12,0.01,0.075,5.9301,,,2026-09-30 06:27:13
山西省,海河流域,册田水库出口,2026-09-30 02:00,3,19.26,8.7,7.85,1076.27,10.19349,4.92,0.014,0.086,0.9871,,,2026-09-30 06:27:13
山西省,海河流域,古家坡,2026-09-30 02:00,5,18.17,8.01,4.18,1137.93,50.10058,7.32,1.546,0.284,3.8721,,,2026-09-30 06:27:13
山西省,海河流域,利仁皂,2026-09-30 02:00,3,14.02,7.88,6.93,1216.951,29.65451,3.51,0.652,0.144,4.6491,,,2026-09-30 06:27:13
山西省,海河流域,白羊墅,2026-09-30 02:00,3,20.26,7.95,7.4,1462.37,53.929,3.09,0.72,0.144,8.852,,,2026-09-30 06:27:13
山西省,海河流域,王家庄,2026-09-30 02:00,1,20.47,8.18,8.53,649.3,22.43,1.71,,0.018,4.533,,,2026-09-30 06:27:13
山西省,海河流域,司徒桥,2026-09-30 02:00,3,21.08,8.08,8.23,666.4266,22.2835,4.94,,0.055,1.814,,,2026-09-30 06:27:13
山西省,海河流域,关河水库出口,2026-09-30 02:00,2,20.24,7.93,7.96,532.14,6.984,3.66,,0.023,1.699,,,2026-09-30 06:27:13
山西省,海河流域,北寨,2026-09-30 02:00,4,20.4,7.73,4.37,954.97,46.43,4.41,0.409,0.115,5.4054,,,2026-09-30 06:27:13
山西省,海河流域,后湾水库出口,2026-09-30 02:00,2,20.76,8.2,6.86,480.32,4.292,2.9,,0.017,0.515,,,2026-09-30 06:27:13
山西省,黄河流域,龙头,2026-09-30 02:00,2,18.82,8.17,7.15,620.92,48.98,2.03,,0.023,3.4849,,,2026-09-30 06:27:13
山西省,黄河流域,拴驴泉,2026-09-30 02:00,1,21.64,8.17,8.63,799.9841,12.0044,1.08,,0.016,3.9972,,,2026-09-30 06:27:13
山西省,黄河流域,张峰水库出口,2026-09-30 02:00,2,23.3987,7.84,6.67,533.0826,10.5901,,0.004,0.005,2.760198,,,2026-09-30 06:27:13
山西省,海河流域,东榆林水库出口,2026-09-30 02:00,2,19.53,8.06,7.24,704.956,31.65995,2.83,0.208,0.063,2.7291,,,2026-09-30 06:27:13
山西省,黄河流域,杀虎口,2026-09-30 02:00,2,13.9,8.09,8,617.948,71.42557,3.08,0.013,0.049,2.5411,,,2026-09-30 06:27:13
山西省,海河流域,王寨村,2026-09-30 02:00,2,20.39,8.22,7.91,628.917,64.353,0.86,,0.03,3.475,,,2026-09-30 06:27:13
山西省,黄河流域,安固桥,2026-09-30 02:00,4,19.526,7.7,3.26,3045.707,37.127,6.2,0.233,0.152,19.5823,,,2026-09-30 06:27:13
山西省,黄河流域,王庄桥南,2026-09-30 02:00,4,21.72,8.16,6.92,1535.159,38.74,9.97,0.026,0.098,7.045,,,2026-09-30 06:27:13
山西省,黄河流域,郝村,2026-09-30 02:00,4,21.5,7.98,4.05,1052.558,48.9661,5.16,0.046,0.086,2.4991,,,2026-09-30 06:27:13
山西省,黄河流域,张留庄,2026-09-30 02:00,4,23.48,8.42,8.68,4605.256,55.776,6.64,0.223,0.132,8.699,,,2026-09-30 06:27:13
山西省,黄河流域,上亳城,2026-09-30 02:00,2,21.59,8.1,7.1,952.886,38.779,1.72,0.04,0.044,6.7609,,,2026-09-30 06:27:13
山西省,黄河流域,小韩村,2026-09-30 02:00,4,21.35,7.47,3.27,1499.32,25.048,4.33,0.592,0.151,3.358,,,2026-09-30 06:27:13
山西省,海河流域,梵王寺,2026-09-30 02:00,2,12.06,8.14,8.77,1075.798,9.914783,,0.123,0.044,4.7771,,,2026-09-30 06:27:13
山西省,海河流域,代县桥,2026-09-30 02:00,2,15.98,8.24,8.4,705.706,75.5435,1.23,0.005,0.052,3.8201,,,2026-09-30 06:27:13
山西省,海河流域,定襄桥,2026-09-30 02:00,4,19.36,7.54,5.56,705.932,521.9409,7.88,0.019,0.229,4.5611,,,2026-09-30 06:27:13
山西省,海河流域,南庄,2026-09-30 02:00,2,18.93,8.3,8.26,536.903,110.3988,2.73,,0.052,5.0801,,,2026-09-30 06:27:13
山西省,海河流域,坪上桥,2026-09-30 02:00,2,16.18,8.25,8.88,427.275,55.1199,2.31,0.011,0.048,4.2231,,,2026-09-30 06:27:13
山西省,黄河流域,河西村,2026-09-30 02:00,1,15.78,8.15,7.97,557.7,16.21,0.89,0.017,0.016,3.021,,,2026-09-30 06:27:13
山西省,黄河流域,上平望,2026-09-30 02:00,3,22.25,7.64,5.78,1322.18,144.2,5.37,0.194,0.098,6.617,,,2026-09-30 06:27:13
山西省,黄河流域,黑城村,2026-09-30 02:00,2,19.5,8.26,7.67,870.7079,705.5303,2.99,,0.061,5.765,,,2026-09-30 06:27:13
山西省,黄河流域,曲立,2026-09-30 02:00,2,15.05,7.98,7.31,621.601,51.62241,1.84,0.182,0.077,5.5601,,,2026-09-30 06:27:13
山西省,黄河流域,裴家川口,2026-09-30 02:00,2,16.41,8.33,8.11,526.713,65.45288,2.14,0.019,0.073,5.0901,,,2026-09-30 06:27:13
山西省,黄河流域,碛口,2026-09-30 02:00,2,20.45,8.38,7.15,935.004,6.61019,3.99,0.07,0.017,6.5121,,,2026-09-30 06:27:13
山西省,黄河流域,裴沟,2026-09-30 02:00,2,19.17,8.64,7.42,887.962,44.3888,1.98,0.022,0.021,4.9871,,,2026-09-30 06:27:13
山西省,黄河流域,三川河两河口桥,2026-09-30 02:00,3,21.56,8.13,7.75,,0.232297,3.27,0.063,0.152,7.0051,,,2026-09-30 06:27:13
山西省,黄河流域,碧村,2026-09-30 02:00,2,17.9,8.36,7.87,872.73,79.1015,2.86,0.041,0.04,6.5081,,,2026-09-30 06:27:13
山西省,黄河流域,北峪口,2026-09-30 02:00,2,19.18688,8,6.01,565.125,29.2606,1.55,0.015,0.022,2.6921,,,2026-09-30 06:27:13
山西省,黄河流域,南姚,2026-09-30 02:00,4,20.72,7.92,4.95,1136.42,41.77,3.38,0.189,0.124,4.5,,,2026-09-30 06:27:13
内蒙古自治区,黄河流域,大黑河入黄口,2026-09-30 02:00,3,15.9,8.23,7.69,1001.331,275.5789,,,0.122,6.25613,,,2026-09-30 06:27:13
内蒙古自治区,黄河流域,磴口,2026-09-30 02:00,2,16.42,8.54,8.8,784.7062,784.7026,2.5,0.265,0.067,1.65287,,,2026-09-30 06:27:13
内蒙古自治区,松花江流域,根河口内,2026-09-30 02:00,2,12.49,6.16,9.73,89.21,5.46,3.84,,0.014,0.133,,,2026-09-30 06:27:13
内蒙古自治区,松花江流域,李屯,2026-09-30 02:00,3,9.59,7.33,9.87,103.861,18.0376,4.62,,0.028,0.535,,,2026-09-30 06:27:13
内蒙古自治区,松花江流域,陶海,2026-09-30 02:00,3,9.6,7.71,10.69,185.1,15.8,4.28,,0.052,0.356,,,2026-09-30 06:27:13
内蒙古自治区,松花江流域,嵯岗,2026-09-30 03:00,4,9.34,8.08,9.09,225.626,50.888,7.41,0.005,0.076,0.507,,,2026-09-30 06:27:13
内蒙古自治区,松花江流域,成吉思汗,2026-09-30 02:00,1,12.1,7.17,9.52,153.17,8.98,1.58,,0.017,1.314,,,2026-09-30 06:27:13
内蒙古自治区,松花江流域,讷尔克气,2026-09-30 02:00,2,9.08,7.3,10.56,76.399,5.055,3.63,,0.014,0.379,,,2026-09-30 06:27:13
内蒙古自治区,黄河流域,总排干入黄口,2026-09-30 02:00,4,15.259,8.86,8.31,3914.344,429.125,8.26,0.848,0.178,2.6774,,,2026-09-30 06:27:13
内蒙古自治区,黄河流域,三盛公,2026-09-30 02:00,2,18.29184,8.3,9.12,844.0629,410.6381,1.62,0.089,0.025,2.43717,,,2026-09-30 06:27:13
内蒙古自治区,松花江流域,大山矿,2026-09-30 02:00,2,7.85,7.79,10.52,168.76,2.84,2.2,,0.022,0.228,,,2026-09-30 06:27:13
内蒙古自治区,松花江流域,斯力很,2026-09-30 01:00,2,13,8.04,9.17,250.7,21.7,2.18,,0.033,2.58,,,2026-09-30 06:27:13
内蒙古自治区,松花江流域,察尔森水库西入口,2026-09-30 02:00,2,15.85,7.75,7.94,167.66,41.82,3.24,,,1.323,0.00662,1305000,2026-09-30 06:27:13
内蒙古自治区,西北诸河,哨马营,2026-09-30 02:00,1,12.67623,8.54,9.5,692.8098,28.91348,1.09,0.035,0.008,1.95297,,,2026-09-30 06:27:13
辽宁省,辽河流域,蒲河沿,2026-09-30 02:00,4,17.45,7.39,,885.1,35.3,8.51,0.148,0.123,4.618,,,2026-09-30 06:27:13
辽宁省,辽河流域,于台,2026-09-30 02:00,6,19.35,7.42,5.95,851.999,11.626,5.63,2.209,0.198,8.673,,,2026-09-30 06:27:13
辽宁省,辽河流域,砂山,2026-09-30 02:00,2,18.59,7.8,7.14,760.299,13.297,2.91,0.097,0.052,5.34,,,2026-09-30 06:27:13
辽宁省,辽河流域,巨流河大桥,2026-09-30 02:00,3,18.1,8.06,8.62,640.2,88.5,5.77,0.004,0.095,2.538,,,2026-09-30 06:27:13
辽宁省,辽河流域,兴国桥,2026-09-30 02:00,2,14.91,7.45,6.5,593.868,7.733,2.05,,0.02,0.715,,,2026-09-30 06:27:13
辽宁省,辽河流域,城子坦,2026-09-30 02:00,2,20.84712,8.4,9.19,249.7686,9.51897,1.24,0.011,0.031,1.54002,,,2026-09-30 06:27:13
辽宁省,辽河流域,麦家,2026-09-30 02:00,4,21.88,7.41,4.23,504,19.17,4.03,0.409,0.102,2.092,,,2026-09-30 06:27:13
辽宁省,辽河流域,复州湾大桥,2026-09-30 02:00,3,19.6932,7.7,5.75,546.648,20.4501,5.33,0.314,0.14,4.808,,,2026-09-30 06:27:13
辽宁省,辽河流域,三台子,2026-09-30 02:00,4,21.5237,7.5,4.6,744.1438,12.51843,2.98,0.394,0.056,2.98277,,,2026-09-30 06:27:13
辽宁省,辽河流域,万泰,2026-09-30 02:00,2,22.23,7.42,7.02,144.37,6.92453,2.78,0.016,0.015,2.49202,,,2026-09-30 06:27:13
辽宁省,辽河流域,登化,2026-09-30 02:00,4,21.203,8.78,12.74,695.324,17.5494,6.35,0.008,0.127,4.162,,,2026-09-30 06:27:13
辽宁省,辽河流域,小姐庙,2026-09-30 02:00,4,19.54,7.59,4.12,765.3,4.07,2.88,0.267,0.075,5.131,,,2026-09-30 06:27:13
辽宁省,辽河流域,口子街,2026-09-30 02:00,2,19.27,8.05,7.16,318.7,4.21771,1.73,0.037,0.014,3.168,,,2026-09-30 06:27:13
辽宁省,辽河流域,牛庄,2026-09-30 02:00,3,19.1892,8.01,6.22,575.077,36.371,4.08,0.226,0.072,3.452,,,2026-09-30 06:27:13
辽宁省,辽河流域,关门山大桥,2026-09-30 02:00,4,17.46,7.72,7.01,351.456,83.708,6.3,0.24,0.108,4.128,,,2026-09-30 06:27:13
辽宁省,辽河流域,刘家台,2026-09-30 02:00,2,18.371,7.78,6.97,702.355,20.013,3.29,0.196,0.078,5.151,,,2026-09-30 06:27:13
辽宁省,辽河流域,大伙房水库,2026-09-30 02:00,2,19.53,6.97,8.51,222.99,9.21,3.12,0.043,0.03,4.131,0.03532,,2026-09-30 06:27:13
辽宁省,辽河流域,戈布桥,2026-09-30 03:00,3,15.73,7.13,5.95,606.45,41,3.65,0.22,0.078,4.081,,,2026-09-30 06:27:13
辽宁省,辽河流域,台沟,2026-09-30 02:00,2,16.17,7.76,8.59,257.25,40.63,2.09,0.016,0.058,3.168,,,2026-09-30 06:27:13
辽宁省,辽河流域,北太子河入观音阁水库口,2026-09-30 02:00,1,17.4413,7.7,7.5,254.1,16.2775,1.4,0.017,0.011,4.166694,,,2026-09-30 06:27:13
辽宁省,辽河流域,老官砬子,2026-09-30 02:00,1,17.57,8.03,8.7,313.8,4.4,1.3,0.033,0.013,2.81,,,2026-09-30 06:27:13
辽宁省,辽河流域,兴安,2026-09-30 02:00,3,19.42,7.56,5.24,527.5,5.6,2.08,0.216,0.029,3.761,,,2026-09-30 06:27:13
辽宁省,辽河流域,凤鸣电站,2026-09-30 02:00,2,19.24,7.76,7.54,201.9,12.23,2.46,0.006,0.024,3.266,,,2026-09-30 06:27:13
辽宁省,辽河流域,南太子河入库口,2026-09-30 02:00,2,17.27,7.28,7.18,183.1,2.18,0.51,0.021,0.006,4.555,,,2026-09-30 06:27:13
辽宁省,辽河流域,江桥,2026-09-30 02:00,4,21.44,7.17,4.61,156,2.82,1.27,0.081,0.02,2.635,,,2026-09-30 06:27:13
辽宁省,辽河流域,爱河大桥,2026-09-30 02:00,2,20.656,6.98,6.46,224.067,5.21319,1.37,0.056,0.021,3.564,,,2026-09-30 06:27:13
辽宁省,辽河流域,蒲石河大桥,2026-09-30 02:00,1,19.9,7.78,7.59,226.47,3.691,1.55,0.023,0.016,2.545,,,2026-09-30 06:27:13
辽宁省,辽河流域,王家沟,2026-09-30 02:00,1,19.95,8.12,7.82,663.92,14.09,1.85,,0.02,4.766,,,2026-09-30 06:27:13
辽宁省,辽河流域,西八千,2026-09-30 02:00,2,18.52,8.51,8.51,769.22,10.49,2.21,0.003,0.032,4.823,,,2026-09-30 06:27:13
辽宁省,辽河流域,张家堡,2026-09-30 02:00,5,18.72,7.88,6.03,698.86,206.167,8.87,0.234,0.321,6.404,,,2026-09-30 06:27:13
辽宁省,辽河流域,女儿河入河口,2026-09-30 02:00,2,20.35,7.84,9.43,878.42,13.66,1.02,0.019,0.032,18.521,,,2026-09-30 06:27:13
辽宁省,辽河流域,何家信子,2026-09-30 02:00,2,19.49,8.07,7.44,466.8,5.17,2.76,0.016,0.019,1.168,,,2026-09-30 06:27:13
辽宁省,辽河流域,西树林,2026-09-30 02:00,3,20,8.47,9.23,944.73,21.32,4.14,0.07,,,,,2026-09-30 06:27:13
辽宁省,辽河流域,高台子,2026-09-30 02:00,6,19.02,7.51,0.84,1257.96,32.02,5.26,0.384,0.142,7.35,,,2026-09-30 06:27:13
辽宁省,辽河流域,茧场,2026-09-30 02:00,1,18.89,8.07,8.72,332.1153,12.54895,1.87,0.012,0.01,6.6618,,,2026-09-30 06:27:13
辽宁省,辽河流域,大清河口,2026-09-30 02:00,4,21.12,7.74,4.41,506.2,26.211,5.34,0.742,0.104,5.11,,,2026-09-30 06:27:13
辽宁省,辽河流域,东羊角,2026-09-30 02:00,3,18.04,7.66,7.46,750.6,25.8,3.11,0.871,0.179,7.311,,,2026-09-30 06:27:13
辽宁省,辽河流域,下口子,2026-09-30 02:00,2,20.15,7.63,6.03,629.5,92.87,1.96,0.017,0.043,4.414,,,2026-09-30 06:27:13
辽宁省,辽河流域,河洪桥,2026-09-30 02:00,3,17.3589,7.66,7.84,719.513,23.7543,3.26,0.275,0.134,7.307,,,2026-09-30 06:27:13
辽宁省,辽河流域,二道河水库口,2026-09-30 02:00,2,16.0506,7.83,6.57,420.423,2.24502,0.86,0.006,0.005,3.043,,,2026-09-30 06:27:13
辽宁省,辽河流域,下王家,2026-09-30 02:00,2,18.4062,7.38,6.03,600.73,6.15813,1.61,,0.021,4.766,,,2026-09-30 06:27:13
辽宁省,辽河流域,汤河桥,2026-09-30 02:00,2,18.65,7.54,6.69,555.7,15.0161,1.76,0.04,0.03,4.7,,,2026-09-30 06:27:13
辽宁省,辽河流域,下达河入汤河水库口,2026-09-30 02:00,2,15.7345,7.86,7.22,423.268,3.703,1.82,0.013,0.014,3.636,,,2026-09-30 06:27:13
辽宁省,辽河流域,丁家柳河桥,2026-09-30 02:00,4,18.14,7.55,4.67,1260.96,94.613,9.18,0.513,0.213,2.588,,,2026-09-30 06:27:13
辽宁省,辽河流域,盘锦兴安,2026-09-30 03:00,4,19.35,7.52,3.91,571.15,40.15,6.03,0.03,0.079,1.369,,,2026-09-30 06:27:13
辽宁省,辽河流域,曙光大桥,2026-09-30 02:00,3,19.71,7.5,5.15,908.73,41.95,5.29,0.362,0.13,1.582,,,2026-09-30 06:27:13
辽宁省,辽河流域,胜利塘,2026-09-30 02:00,-1,,,,,,,,,,,,2026-09-30 06:27:13
辽宁省,辽河流域,鲜峰桥,2026-09-30 02:00,3,18.41,7.69,6.82,1275.77,32.053,4.39,0.022,0.091,4.905,,,2026-09-30 06:27:13
辽宁省,辽河流域,清辽,2026-09-30 02:00,3,17.84,7.26,8.09,526.12,21.68,2.45,0.074,0.103,7.349,,,2026-09-30 06:27:13
辽宁省,辽河流域,通江口,2026-09-30 02:00,3,16.92,8.27,9.4,752.02,48.14,4.24,,0.064,4.06,,,2026-09-30 06:27:13
辽宁省,辽河流域,珠尔山,2026-09-30 03:00,3,16.86,7.66,7.88,592.67,20.84,4.04,0.087,0.079,3.211,,,2026-09-30 06:27:13
辽宁省,辽河流域,凡河一号桥,2026-09-30 03:00,2,19.25,8.42,7.61,331.6,36.1,2.69,,0.052,3.598,,,2026-09-30 06:27:13
辽宁省,辽河流域,松树水文站,2026-09-30 02:00,3,15.48,7.76,8.03,404.81,105.04,5.72,0.127,0.148,6.817,,,2026-09-30 06:27:13
辽宁省,辽河流域,亮子河入河口,2026-09-30 02:00,3,14.89,7.74,6.7,612.87,24.55,4.71,0.104,0.142,3.329,,,2026-09-30 06:27:13
辽宁省,辽河流域,凌鸿大桥,2026-09-30 02:00,2,19.57,8.22,8.61,765.1,11.5,1.65,0.006,0.03,10.874,,,2026-09-30 06:27:13
辽宁省,辽河流域,大凌河西支入河口,2026-09-30 02:00,3,15.98,7.91,6.16,859.09,7.569,2.57,0.754,0.129,21.048,,,2026-09-30 06:27:13
辽宁省,辽河流域,李家湾大桥,2026-09-30 02:00,2,14.8,7.96,8.94,503.3,76.3,1.51,,0.061,5.137,,,2026-09-30 06:27:13
辽宁省,辽河流域,红石碑入海前,2026-09-30 02:00,3,21.05,8.45,12.02,1031.37,21.621,4.25,0.027,0.064,3.983,,,2026-09-30 06:27:13
辽宁省,辽河流域,小渔场,2026-09-30 02:00,4,22.25,7.44,3.98,28412.11,1.539,1.39,0.24,0.05,4.897,,,2026-09-30 06:27:13
吉林省,松花江流域,新立城大坝,2026-09-30 02:00,3,18.0713,8.7,5.85,295.9875,22.8925,4.33,0.118,0.052,0.701,,,2026-09-30 06:27:13
吉林省,松花江流域,松花江村,2026-09-30 02:00,3,17.44,7,8.95,238.2,28.42,3.54,0.045,0.11,3.709,,,2026-09-30 06:27:13
吉林省,松花江流域,靠山南楼,2026-09-30 02:00,3,15.71,8,8.61,612.75,40.17,5.01,0.156,0.158,5.869,,,2026-09-30 06:27:13
吉林省,松花江流域,砖瓦窑桥,2026-09-30 02:00,3,14.31,7.65,6.13,773.41,26.08,3.91,0.255,0.128,9.069,,,2026-09-30 06:27:13
吉林省,松花江流域,镇江口,2026-09-30 02:00,3,16.39,7.84,9.25,235.8,34.84,4.19,0.07,0.083,3.804,,,2026-09-30 06:27:13
吉林省,松花江流域,靠山大桥,2026-09-30 02:00,4,15.53,8.09,9.33,730.65,57.2,6.5,0.041,0.242,5.574,,,2026-09-30 06:27:13
吉林省,松花江流域,饮马河大桥,2026-09-30 02:00,2,16.81,7.69,7.96,244.08,31.78,3.12,,0.06,2.739,,,2026-09-30 06:27:13
吉林省,松花江流域,刘珍屯,2026-09-30 02:00,3,16.25,7.52,9.21,501.31,36.94,4.58,0.037,0.107,3.343,,,2026-09-30 06:27:13
吉林省,松花江流域,周家河口,2026-09-30 03:00,2,13.55,7.5,9.15,518.91,36.85,3.32,0.056,0.051,2.475,,,2026-09-30 06:27:13
吉林省,松花江流域,白旗,2026-09-30 02:00,2,17.7667,7.38,9.01,243.759,23.4047,3.72,0.04,0.055,3.8859,,,2026-09-30 06:27:13
吉林省,松花江流域,白山大桥,2026-09-30 02:00,3,15.45,6.79,5.72,118.137,31.128,5.48,0.011,0.04,1.999,,,2026-09-30 06:27:13
吉林省,松花江流域,福兴,2026-09-30 02:00,3,15.53,7.46,6.32,300.84,60.705,4.48,0.136,0.103,1.959,,,2026-09-30 06:27:13
吉林省,松花江流域,桦树林,2026-09-30 02:00,2,17.15,7.72,6.88,283.579,34.155,,0.05,0.056,2.625,0.00662,663552,2026-09-30 06:27:13
吉林省,松花江流域,官厅桥,2026-09-30 02:00,4,16.27,7.2,3.45,406.5,3.798,2.06,0.219,0.052,1.241,,,2026-09-30 06:27:13
吉林省,松花江流域,蛟河口,2026-09-30 02:00,2,15.618,7.24,7.75,319.635,44.451,3.56,0.147,0.076,4.756,,,2026-09-30 06:27:13
吉林省,松花江流域,哨口,2026-09-30 02:00,2,19.0514,7.35,8.44,220.867,7.9924,,0.046,0.043,3.598,,,2026-09-30 06:27:13
吉林省,松花江流域,肖家船口,2026-09-30 02:00,2,14.0172,6.97,7.2,189.804,29.1815,2.6,0.052,0.05,2.946,,,2026-09-30 06:27:13
吉林省,松花江流域,烟筒山,2026-09-30 02:00,2,16.5,7.62,8.16,358.675,46.951,3.06,0.125,0.086,3.736,,,2026-09-30 06:27:13
吉林省,辽河流域,四双大桥,2026-09-30 02:00,2,15.18,8.06,9.13,688.72,16.64,2.56,,0.047,1.638,,,2026-09-30 06:27:13
吉林省,辽河流域,城子上,2026-09-30 02:00,2,16.19,7.73,7.31,526.28,8.44,3,0.135,0.056,3.081,,,2026-09-30 06:27:13
吉林省,辽河流域,六家子,2026-09-30 02:00,2,15.1,7.9,9.59,734.7,7.3,2.85,0.006,0.073,8.1103,,,2026-09-30 06:27:13
吉林省,辽河流域,林家,2026-09-30 02:00,3,15.9,7.94,8.78,784,17.6,4.67,0.042,0.134,7.338,,,2026-09-30 06:27:13
吉林省,辽河流域,河清,2026-09-30 02:00,3,16.23,7.55,5.57,740.6,19.2,3.6,0.019,0.044,5.272,,,2026-09-30 06:27:13
吉林省,辽河流域,民主,2026-09-30 02:00,2,17.48,8.17,8.83,394.1,12.411,3.39,0.011,0.029,3.063,,,2026-09-30 06:27:13
吉林省,松花江流域,高集岗桥,2026-09-30 02:00,2,16.69,7.67,8.38,310.4,32.68,3.95,0.291,0.087,4.22,,,2026-09-30 06:27:13
吉林省,辽河流域,云峰,2026-09-30 02:00,3,20.281,7.13,5.22,134.185,2.5945,2.13,0.024,0.02,1.485,,,2026-09-30 06:27:13
吉林省,辽河流域,老虎哨,2026-09-30 02:00,2,20.717,7.38,7.39,116.776,4.9898,1.97,0.027,0.015,1.892,,,2026-09-30 06:27:13
吉林省,辽河流域,鸠谷,2026-09-30 02:00,2,11.9,7.43,9.99,139.9,11,2.46,0.125,0.069,1.624,,,2026-09-30 06:27:13
吉林省,辽河流域,葫芦套,2026-09-30 02:00,2,17.01,7.86,8.95,144.15,19.285,2.12,0.015,0.032,1.279,,,2026-09-30 06:27:13
吉林省,辽河流域,大阳岔,2026-09-30 02:00,2,10.53,8.01,7.33,277.829,3.936,0.43,,0.015,1.501,,,2026-09-30 06:27:13
吉林省,松花江流域,松林,2026-09-30 03:00,2,18.76,7.82,8.47,,0.93,3.69,0.1,0.079,3.646,,,2026-09-30 06:27:13
吉林省,松花江流域,白沙滩,2026-09-30 03:00,3,14.38,7.75,9.38,168.36,53.1,4.42,0.109,0.083,1.383,,,2026-09-30 06:27:13
吉林省,松花江流域,月亮湖下,2026-09-30 02:00,4,15.48,8.57,7.89,460.57,107.88,6.41,,0.065,1.532,,,2026-09-30 06:27:13
吉林省,松花江流域,圈河,2026-09-30 02:00,2,16.81,7.93,9.39,201.372,48.218,3.06,0.065,0.044,1.694,,,2026-09-30 06:27:13
吉林省,松花江流域,大山,2026-09-30 02:00,3,16.01,7.88,10.11,161.434,10.287,5.28,0.067,0.067,1.622,,,2026-09-30 06:27:13
吉林省,松花江流域,崇善,2026-09-30 02:00,3,9.92,7.52,10.36,95.921,6.275,4.19,0.09,0.154,1.119,,,2026-09-30 06:27:13
吉林省,松花江流域,榆树川,2026-09-30 02:00,2,14.93,7.47,8.68,240.149,16.414,3.02,0.012,0.04,2.136,,,2026-09-30 06:27:13
吉林省,松花江流域,磨盘大桥,2026-09-30 02:00,3,17.27,7.79,7.44,297.876,33.899,4.13,0.616,0.152,3.332,,,2026-09-30 06:27:13
吉林省,松花江流域,西崴子,2026-09-30 02:00,3,15.24,7.99,8.67,201.512,29.0274,4.1,0.019,0.044,1.348,,,2026-09-30 06:27:13
吉林省,松花江流域,石井,2026-09-30 02:00,2,15.64,7.87,8.62,285.251,60.755,3.58,0.032,0.084,1.883,,,2026-09-30 06:27:13
吉林省,松花江流域,三家子,2026-09-30 02:00,2,17.25,7.43,8.6,156.916,9.029,2.96,0.082,0.045,1.403,,,2026-09-30 06:27:13
吉林省,松花江流域,建封路大桥,2026-09-30 02:00,2,10.13,7.55,10.08,202.767,14.591,1.53,0.017,0.065,0.749,,,2026-09-30 06:27:13
黑龙江省,松花江流域,摆渡镇,2026-09-30 02:00,3,16.149,7.93,8.68,232.901,44.087,5.31,0.05,0.122,1.914,,,2026-09-30 06:27:13
黑龙江省,松花江流域,苗家,2026-09-30 02:00,3,16.1,8.61,9.99,279.3,17.3,4.91,0.033,0.129,1.176,,,2026-09-30 06:27:13
黑龙江省,松花江流域,朱顺屯,2026-09-30 02:00,4,17.5297,7.78,7.22,219.64,65.3364,6.93,0.056,0.118,1.605,,,2026-09-30 06:27:13
黑龙江省,松花江流域,阿什河口内,2026-09-30 02:00,4,15.966,7.18,4.49,571.36,22.75,3.25,0.92,0.157,4.95,,,2026-09-30 06:27:13
黑龙江省,松花江流域,呼兰河口内,2026-09-30 02:00,4,14.11,7.41,9.25,307.36,94.67,6.32,0.117,0.134,2.128,,,2026-09-30 06:27:13
黑龙江省,松花江流域,大顶子山,2026-09-30 02:00,3,17.7301,7.67,7.69,225.026,38.1704,5.41,0.054,0.09,2.639,,,2026-09-30 06:27:13
黑龙江省,松花江流域,拉哈,2026-09-30 02:00,4,15.83,7.59,8.03,114.341,30.26,7.83,,0.078,1.245,,,2026-09-30 06:27:13
黑龙江省,松花江流域,查哈阳乡,2026-09-30 02:00,2,12.2,7.6,10.45,101.2,17,3.12,,0.027,0.418,,,2026-09-30 06:27:13
黑龙江省,松花江流域,音河水库,2026-09-30 02:00,2,15.86,7.84,8.62,234.32,70.05,3.54,,0.065,3.935,,,2026-09-30 06:27:13
黑龙江省,松花江流域,浏园,2026-09-30 02:00,3,14.69,7.38,9.07,161.9,37.3,4.94,,0.06,1.809,,,2026-09-30 06:27:13
黑龙江省,松花江流域,富源村,2026-09-30 02:00,4,15.8,7.68,8.97,104.64,16.72,8.54,0.024,0.06,0.733,,,2026-09-30 06:27:13
黑龙江省,松花江流域,858九队,2026-09-30 02:00,4,20.33,6.97,9.02,144,55.3387,6.03,0.521,0.154,1.8104,,,2026-09-30 06:27:13
黑龙江省,松花江流域,名山,2026-09-30 02:00,4,12.944,7.72,10.82,129.641,23.593,8.14,0.023,0.024,0.437,,,2026-09-30 06:27:13
黑龙江省,松花江流域,饶河上,2026-09-30 01:00,3,15.18,7.22,8.16,98.2,24.027,5.18,0.011,0.054,0.669,,,2026-09-30 06:27:13
黑龙江省,松花江流域,挠力河口内,2026-09-30 02:00,3,14.026,7.27,7.82,172.779,39.789,5.34,0.015,0.067,0.638,,,2026-09-30 06:27:13
黑龙江省,松花江流域,肇源,2026-09-30 03:00,4,15.83,7.8,9.58,265.45,41.25,7.12,0.116,0.114,1.371,,,2026-09-30 06:27:13
黑龙江省,松花江流域,嫩江口内,2026-09-30 02:00,4,15.99,7.74,9.07,173.012,70.643,6.92,0.003,0.099,1.417,,,2026-09-30 06:27:13
黑龙江省,松花江流域,友好,2026-09-30 02:00,5,11.76,7.32,10.16,105.417,10.17,11.48,0.018,0.05,1.687,,,2026-09-30 06:27:13
黑龙江省,松花江流域,嘉荫,2026-09-30 02:00,4,12.97,7.64,10.5,124.382,4.609,8.79,0.036,0.028,0.281,,,2026-09-30 06:27:13
黑龙江省,松花江流域,双河渠首,2026-09-30 02:00,2,14.11,7.28,9.3,139.9,12,2.95,,0.031,2.955,,,2026-09-30 06:27:13
黑龙江省,松花江流域,海浪,2026-09-30 02:00,2,15.84,7.36,10.12,145.2,46.59,3.92,0.043,0.075,3.035,,,2026-09-30 06:27:13
黑龙江省,松花江流域,三道,2026-09-30 02:00,5,20.08,7.13,7.13,119.19,80.08,4.74,0.046,0.114,3.124,0.052002,28288,2026-09-30 06:27:13
黑龙江省,松花江流域,电视塔,2026-09-30 02:00,5,19.39,6.8,5.06,97.5,86.018,7.64,0.065,0.129,2.631,0.00259,15744,2026-09-30 06:27:13
黑龙江省,松花江流域,海浪河口内,2026-09-30 02:00,2,14.8,6.86,8.91,125.9,47.19,3.74,0.047,0.014,2.174,,,2026-09-30 06:27:13
黑龙江省,松花江流域,黑河下,2026-09-30 02:00,4,10.49,7.65,9.76,159.5303,11.9981,6.8,0.029,0.035,0.4559,,,2026-09-30 06:27:13
黑龙江省,松花江流域,呼玛上,2026-09-30 02:00,4,10.475,7.47,11.29,164.407,7.957,6.71,0.036,0.037,0.749,,,2026-09-30 06:27:13
黑龙江省,松花江流域,呼玛河口内,2026-09-30 02:00,3,10.9,7.35,10.02,71.575,0.99,5.51,0.033,0.021,0.202,,,2026-09-30 06:27:13
黑龙江省,松花江流域,加格达奇上,2026-09-30 02:00,2,8.99,7.05,10.07,65.984,12.2077,3.44,,0.008,0.165,,,2026-09-30 06:27:13
上海市,长江流域,富锦路桥,2026-09-30 02:00,4,26.7,7.6,3.47,479.3,93.6,3.26,,0.152,3.16,,,2026-09-30 06:27:13
上海市,太湖流域,明星路桥,2026-09-30 02:00,4,25.89,7.17,3.27,422.347,25.84098,,0.083,0.12,1.17154,,,2026-09-30 06:27:13
上海市,太湖流域,临江,2026-09-30 03:00,5,27.44,7.58,3.96,460.2,55.71,6.01,0.061,0.309,2.534,,,2026-09-30 06:27:13
上海市,太湖流域,浙江路桥,2026-09-30 02:00,4,26.872,7.56,4.02,450.787,68.766,3.09,,0.137,2.047,,,2026-09-30 06:27:13
上海市,太湖流域,闵行西界,2026-09-30 03:00,4,27.51,7.33,3.89,468.34,43.33,3.56,0.151,0.093,2.152,,,2026-09-30 06:27:13
上海市,太湖流域,吴淞口,2026-09-30 02:00,3,26.703,7.82,6.38,339.976,152.486,3.25,,0.146,2.217,,,2026-09-30 06:27:13
上海市,太湖流域,蕴川路桥,2026-09-30 03:00,3,25.53,7.88,6.67,345.87,89.55,2.17,,0.103,1.87,,,2026-09-30 06:27:13
上海市,太湖流域,黄渡,2026-09-30 02:00,4,26.36,7.52,4.1,651,43.64,3.26,0.137,0.12,2.179,,,2026-09-30 06:27:13
上海市,太湖流域,三甲港,2026-09-30 02:00,2,26,7.91,7.26,1010.6,95.7,2.24,0.183,0.097,1.803,,,2026-09-30 06:27:13
上海市,太湖流域,二团,2026-09-30 02:00,3,25.82,7.6,5.23,451.73,31.12,3.38,0.023,0.119,1.773,,,2026-09-30 06:27:13
上海市,太湖流域,横潦泾,2026-09-30 02:00,4,26.74,7.33,4.8,435.47,58.08,3.39,,0.114,1.897,,,2026-09-30 06:27:13
上海市,太湖流域,斜塘口,2026-09-30 02:00,4,27.28,7.25,4.1,422.99,55.23,3.34,,0.058,1.628,,,2026-09-30 06:27:13
上海市,太湖流域,急水港桥,2026-09-30 02:00,5,25.33,7.26,2.73,511.6,26.7,3.05,0.059,0.076,1.83,0.0162,1732787,2026-09-30 06:27:13
上海市,太湖流域,淀峰,2026-09-30 02:00,3,26,7.85,6.24,446.08,39.97,3.63,0.032,0.103,1.229,,,2026-09-30 06:27:13
上海市,太湖流域,太浦河桥,2026-09-30 03:00,4,26.8,7.26,3.31,373.06,33.38,3.38,,0.074,1.344,,,2026-09-30 06:27:13
上海市,太湖流域,钱桥,2026-09-30 02:00,4,26.1,7.61,4.25,450,45.9,2.94,0.039,0.116,1.711,,,2026-09-30 06:27:13
上海市,长江流域,七效港西桥,2026-09-30 02:00,3,25.27,7.6,6.15,324.03,46.78,2.61,0.087,0.11,2.189,,,2026-09-30 06:27:13
上海市,长江流域,五效,2026-09-30 02:00,2,25.53,7.67,7.05,293.84,44.27,2.25,,0.087,1.81,,,2026-09-30 06:27:13
江苏省,长江流域,陈浅,2026-09-30 02:00,6,22.74,7.08,0.44,316.8,39.63,5.84,0.325,0.203,2.122,,,2026-09-30 06:27:13
江苏省,长江流域,七桥瓮,2026-09-30 02:00,6,24.18,7.25,1.58,374.04,27.68,4.97,0.638,0.128,2.134,,,2026-09-30 06:27:13
江苏省,长江流域,节制闸,2026-09-30 02:00,4,23.3,7.18,3,364.19,24.05,5.13,0.72,0.144,2.307,,,2026-09-30 06:27:13
江苏省,长江流域,钱家渡,2026-09-30 02:00,4,25.5,7.58,4.99,272.97,26.06,3.03,0.003,0.058,0.749,,,2026-09-30 06:27:13
江苏省,太湖流域,锡东水厂,2026-09-30 03:00,3,24.2,8.43,7.16,373.59,16.36,2.91,0.054,0.043,0.261,0.01138,5493560,2026-09-30 06:27:13
江苏省,太湖流域,兰山嘴,2026-09-30 03:00,5,24.53,8.38,7.49,338.96,100.01,5.01,0.005,0.125,1.124,0.00535,1.094669,2026-09-30 06:27:13
江苏省,太湖流域,蠡桥,2026-09-30 02:00,5,25.07,7.32,2.44,441.48,10.35,2.87,0.702,0.099,1.729,,,2026-09-30 06:27:13
江苏省,太湖流域,百渎港桥,2026-09-30 02:00,4,25.52,7.28,3.36,456.7,43.42,2.99,0.08,0.126,2.405,,,2026-09-30 06:27:13
江苏省,太湖流域,殷村港桥,2026-09-30 03:00,5,24.6,7.12,2.69,405.76,42.85,3.55,0.214,0.113,2.131,,,2026-09-30 06:27:13
江苏省,太湖流域,大浦港桥,2026-09-30 02:00,5,25.19,7.35,2.84,415.6,47.6,3.8,0.241,0.102,1.831,,,2026-09-30 06:27:13
江苏省,太湖流域,五牧,2026-09-30 02:00,4,24.44,6.91,4.42,322.35,22.11,2.86,0.463,0.167,2.766,,,2026-09-30 06:27:13
江苏省,太湖流域,拖山,2026-09-30 03:00,4,24.63,8.65,7.46,337.03,42.3,3.96,0.037,0.078,1.122,0.00394,7917264,2026-09-30 06:27:13
江苏省,太湖流域,五里湖心,2026-09-30 03:00,4,24.91,7.71,6.45,405.75,23.68327,2.6,,0.066,0.419,0.00247,3999276,2026-09-30 06:27:13
江苏省,太湖流域,金潼桥,2026-09-30 02:00,3,26.23,7.73,5.98,313.3,18.95,2.05,0.037,0.065,1.638,,,2026-09-30 06:27:13
江苏省,太湖流域,大港桥,2026-09-30 02:00,3,23.4,6.6,5.15,153.84,6.91,2.37,0.106,0.041,1.48,,,2026-09-30 06:27:13
江苏省,太湖流域,潘家坝,2026-09-30 03:00,4,24.92,7.36,3.86,394.77,128.58,3.53,0.227,0.132,2.091,,,2026-09-30 06:27:13
江苏省,太湖流域,长济桥,2026-09-30 02:00,2,25.75,7.72,6.28,310.2,20.23,1.89,0.022,0.071,1.679,,,2026-09-30 06:27:13
江苏省,太湖流域,钓邾大桥,2026-09-30 02:00,3,25.61,7.58,5.46,491.78,28.16,2.47,0.246,0.11,1.66,,,2026-09-30 06:27:13
江苏省,长江流域,小湾,2026-09-30 02:00,2,25.74,7.76,6.25,303.31,18.79,1.68,,0.057,1.468,,,2026-09-30 06:27:13
江苏省,淮河流域,李庄,2026-09-30 02:00,3,24.95,8.4,6.63,617.3,7.7,4.16,0.105,0.095,3.779,,,2026-09-30 06:27:13
江苏省,淮河流域,李集桥,2026-09-30 02:00,4,24.6,7.81,4.23,1339.94,4.11,4.19,0.056,0.058,0.934,,,2026-09-30 06:27:13
江苏省,淮河流域,华山闸,2026-09-30 02:00,4,24.3,8.18,4.5,1263.4,9.83,5.46,0.048,0.069,0.899,,,2026-09-30 06:27:13
江苏省,淮河流域,沙庄桥,2026-09-30 02:00,4,25,7.85,5.89,1268.4,15.6,6.49,0.126,0.132,1.239,,,2026-09-30 06:27:13
江苏省,淮河流域,张楼,2026-09-30 02:00,3,25.19,7.74,5.72,1240.923,16.85,3.76,0.118,0.091,0.916,,,2026-09-30 06:27:13
江苏省,淮河流域,沙集西闸,2026-09-30 02:00,4,23.77,7.49,3.02,784.41,39.28,3.31,0.132,0.103,0.94,,,2026-09-30 06:27:13
江苏省,淮河流域,艾山西大桥,2026-09-30 02:00,4,25.034,8.34,8.63,963.35,17.474,7.23,0.118,0.199,6.138,,,2026-09-30 06:27:13
江苏省,淮河流域,下楼公路桥,2026-09-30 02:00,3,23.01,7.32,7.68,1068.21,9.63,4.37,0.122,0.078,0.858,,,2026-09-30 06:27:13
江苏省,长江流域,魏村,2026-09-30 02:00,3,25.33,7.6,5.94,307.31,18.06,1.47,,0.07,1.663,,,2026-09-30 06:27:13
江苏省,太湖流域,姚巷桥,2026-09-30 03:00,4,25.84,7.71,3.83,392.49,12.79,3.01,0.196,0.112,2.084,,,2026-09-30 06:27:13
江苏省,太湖流域,黄埝桥,2026-09-30 02:00,5,23.23,7.01,2.61,348.8,26.3,6.63,0.582,0.302,2.743,,,2026-09-30 06:27:13
江苏省,太湖流域,落蓬湾,2026-09-30 02:00,4,25.72,7.3,4.89,288.2,151,3.67,0.139,0.085,1.385,,,2026-09-30 06:27:13
江苏省,太湖流域,九号桥,2026-09-30 02:00,4,24.06,7.37,3.29,385.4,20.9,2.64,0.496,0.131,3.196,,,2026-09-30 06:27:13
江苏省,太湖流域,胥湖心,2026-09-30 03:00,2,24.78,7.96,6.18,343.44,8.13,2.59,0.012,0.006,0.151,0.0088,306098.9,2026-09-30 06:27:13
江苏省,太湖流域,乌龟山南,2026-09-30 03:00,3,24.64,8.19,7.58,364.394,22.269,3.1,0.033,0.041,0.488,0.0011,6860380,2026-09-30 06:27:13
江苏省,太湖流域,望亭上游,2026-09-30 02:00,3,25.61,7.5,5.68,550.46,22.8,2.54,0.293,0.126,3.009,,,2026-09-30 06:27:13
江苏省,太湖流域,千灯浦口,2026-09-30 03:00,4,25.76,7.41,4.03,531.234,43.06,2.95,0.052,0.103,1.0777,,,2026-09-30 06:27:13
江苏省,太湖流域,朱厍港口,2026-09-30 02:00,4,24.9,7.33,3.97,522.2,26.7,3.24,0.065,0.092,1.276,,,2026-09-30 06:27:13
江苏省,太湖流域,浏河闸,2026-09-30 02:00,4,25.79,7.37,4.08,588.323,40.895,3.36,0.151,0.13,2.0498,,,2026-09-30 06:27:13
江苏省,太湖流域,江边闸,2026-09-30 02:00,4,25.14,7.45,4.45,597.1,29.76,2.69,,0.096,2.241,,,2026-09-30 06:27:13
江苏省,太湖流域,瓜泾口西,2026-09-30 02:00,6,26.3,7.31,1.81,342.9,6.52,4.3,0.191,0.052,0.914,,,2026-09-30 06:27:13
江苏省,太湖流域,航管站,2026-09-30 02:00,2,26.56,8.32,6.5,377.78,14.72,2.27,0.035,0.021,0.237,,,2026-09-30 06:27:13
江苏省,太湖流域,越溪桥,2026-09-30 02:00,6,25.76,7.25,1.04,417.9,25.1,4.28,0.639,0.132,1.72,,,2026-09-30 06:27:13
江苏省,太湖流域,312国道桥,2026-09-30 02:00,3,25.17,8.32,5.28,358.69,12.98,3.02,0.027,0.031,0.294,,,2026-09-30 06:27:13
江苏省,太湖流域,赵屯,2026-09-30 02:00,4,26.16,7.42,4.72,762.248,47.099,3.26,0.208,0.13,2.3049,,,2026-09-30 06:27:13
江苏省,淮河流域,东安闸桥西,2026-09-30 02:00,5,23.6,7.21,2.04,823,14.66,6.15,0.734,0.343,2.884,,,2026-09-30 06:27:13
江苏省,长江流域,九圩港桥,2026-09-30 02:00,4,24.89,7.62,4.4,333.2,40.98,2.22,0.052,0.1,1.49,,,2026-09-30 06:27:13
江苏省,长江流域,碾砣港闸,2026-09-30 03:00,6,23.26,7.32,1.46,530.2,56.13,5.65,0.604,0.406,2.376,,,2026-09-30 06:27:13
江苏省,长江流域,聚南大桥,2026-09-30 02:00,6,25.25,7.18,0.71,783,4.31,4.32,0.265,0.12,1.426,,,2026-09-30 06:27:13
江苏省,长江流域,大洋港桥,2026-09-30 02:00,5,24.21,7.3,2.48,504.6,43.38,5.08,0.3,0.333,2.375,,,2026-09-30 06:27:13
江苏省,长江流域,塘芦港闸,2026-09-30 02:00,6,25.045,7.34,1.98,1470.29,14.898,5.49,0.402,0.189,1.684,,,2026-09-30 06:27:13
江苏省,淮河流域,小洋口,2026-09-30 02:00,6,22.89,7.38,1.81,1218.4,15.89,5.77,0.582,0.364,1.239,,,2026-09-30 06:27:13
江苏省,淮河流域,环东闸口,2026-09-30 02:00,6,24.1,7.25,1.32,813.4,16.35,6.18,0.66,0.509,2.566,,,2026-09-30 06:27:13
江苏省,淮河流域,北凌新闸,2026-09-30 02:00,5,22.4,8.37,8.74,,14.24,,0.755,0.374,3.105,,,2026-09-30 06:27:13
江苏省,淮河流域,新浦大桥,2026-09-30 02:00,4,24.341,6.57,3.47,675.283,14.253,3.4,0.005,0.09,1.096,,,2026-09-30 06:27:13
江苏省,淮河流域,柴米河桥,2026-09-30 02:00,6,22.74,7.37,1.74,716.65,16.79,4.91,0.632,0.166,1.824,,,2026-09-30 06:27:13
江苏省,淮河流域,善后河闸,2026-09-30 02:00,5,23.974,7.1,2.59,843.164,41.72,5.38,0.035,0.277,1.694,,,2026-09-30 06:27:13
江苏省,淮河流域,灌河大桥,2026-09-30 02:00,5,24.15,7.36,2.26,742.7,234.7,6.81,0.145,0.213,2.346,,,2026-09-30 06:27:13
江苏省,淮河流域,新村桥,2026-09-30 02:00,4,24.015,7.42,4.3,754.2,13.55,4.83,0.053,0.117,1.859,,,2026-09-30 06:27:13
江苏省,淮河流域,沭南闸,2026-09-30 02:00,3,24.414,8.36,10.55,757.28,16.91,5.37,0.015,0.077,0.465,,,2026-09-30 06:27:13
江苏省,淮河流域,墩尚水漫桥,2026-09-30 02:00,4,23.973,7.95,3.25,696.591,17.128,6.3,0.006,0.081,1.299,,,2026-09-30 06:27:13
江苏省,淮河流域,烧香北闸,2026-09-30 02:00,3,24.694,7.87,8.25,3944.31,20.3,5.39,0.141,0.132,,,,2026-09-30 06:27:13
江苏省,淮河流域,大浦闸,2026-09-30 02:00,3,25.162,8.09,12.47,1248.17,60.73,4.44,0.028,0.117,5.882,,,2026-09-30 06:27:13
江苏省,淮河流域,大板跳闸,2026-09-30 00:00,2,23.875,7.67,6.54,1526.46,32.11,3.85,0.108,0.053,1.9,,,2026-09-30 06:27:13
江苏省,淮河流域,海头大桥,2026-09-30 02:00,3,23.78,8.06,7.65,666.88,22.61,5.95,0.067,0.108,1.142,,,2026-09-30 06:27:13
江苏省,淮河流域,坝头桥,2026-09-30 02:00,3,24.233,8.78,10.41,482.56,12.2,5.45,0.013,0.065,1.225,,,2026-09-30 06:27:13
江苏省,淮河流域,郑园桥,2026-09-30 02:00,3,23.467,7.63,7.79,840.048,11.744,5.14,0.204,0.135,1.694,,,2026-09-30 06:27:13
江苏省,淮河流域,四队桥,2026-09-30 03:00,5,24.15,7.5,2.72,791.1,44.47,3.83,0.046,0.149,2.31,,,2026-09-30 06:27:13
江苏省,淮河流域,新浦二桥,2026-09-30 02:00,4,24.235,7.25,3.2,824.77,14.14,4.14,0.012,0.098,1.322,,,2026-09-30 06:27:13
江苏省,淮河流域,淮河大桥,2026-09-30 02:00,3,24.27,7.74,6.82,577.84,30.56,2.7,0.076,0.103,2.631,,,2026-09-30 06:27:13
江苏省,淮河流域,五叉河口,2026-09-30 02:00,3,23.5,7.85,5.59,467.198,37.501,2.92,0.101,0.072,1.518,,,2026-09-30 06:27:13
江苏省,淮河流域,戴楼衡阳,2026-09-30 02:00,3,24,7.75,5.67,426.37,20.01,3.51,0.128,0.064,1.426,0.01832,,2026-09-30 06:27:13
江苏省,淮河流域,总渠苏嘴,2026-09-30 03:00,2,24.687,7.69,6.35,361.36,29.83,2.57,0.025,0.065,2.65,,,2026-09-30 06:27:13
江苏省,淮河流域,唐曹,2026-09-30 02:00,4,21.97,7.53,3.62,462.6,76.66,4.3,0.479,0.164,1.427,,,2026-09-30 06:27:13
江苏省,淮河流域,新洋港闸,2026-09-30 03:00,6,24.51,7.45,0.63,951.18,18.06,4.79,0.232,0.142,1.72,,,2026-09-30 06:27:13
江苏省,淮河流域,富民桥,2026-09-30 03:00,5,23.95,7.33,2.67,716.84,23.95,3.11,0.028,0.126,1.23,,,2026-09-30 06:27:13
江苏省,淮河流域,龙冈凤凰桥,2026-09-30 02:00,5,24.25,7.34,2.37,588.51,24.11,4.29,0.298,0.123,1.597,,,2026-09-30 06:27:13
江苏省,淮河流域,六垛闸,2026-09-30 02:00,6,24.324,7.24,0.88,829.05,8.39,4.75,0.061,0.138,1.383,,,2026-09-30 06:27:13
江苏省,淮河流域,泰东大桥,2026-09-30 03:00,4,23.84,7.56,3.25,402.78,9.39,3.05,0.33,0.13,1.883,,,2026-09-30 06:27:13
江苏省,淮河流域,城北大桥,2026-09-30 02:00,6,24.206,7.31,1.37,733.03,11.75,5.94,0.337,0.163,1.536,,,2026-09-30 06:27:13
江苏省,淮河流域,草堰大桥,2026-09-30 03:00,5,24.359,7.34,2.12,558.373,43.863,3.7,0.318,0.141,2.096,,,2026-09-30 06:27:13
江苏省,淮河流域,射阳河闸,2026-09-30 03:00,4,24.62,7.35,3.5,837.73,27.79,5.21,0.082,0.114,1.494,,,2026-09-30 06:27:13
江苏省,淮河流域,黄沙港闸,2026-09-30 03:00,6,24.33,7.39,1.85,831.86,24.77,5.72,0.316,0.173,1.49,,,2026-09-30 06:27:13
江苏省,淮河流域,斗龙港闸,2026-09-30 02:00,6,23.008,7.3,0.96,935.894,26.319,4.27,0.173,0.129,1.901,,,2026-09-30 06:27:13
江苏省,淮河流域,川东闸,2026-09-30 03:00,4,24.2,7.26,3.44,934.53,22.06,3.64,0.229,0.238,2.244,,,2026-09-30 06:27:13
江苏省,淮河流域,头罾闸,2026-09-30 03:00,6,24.36,7.82,1.52,754.19,22.44,4.13,0.028,0.107,1.462,,,2026-09-30 06:27:13
江苏省,淮河流域,王港闸,2026-09-30 02:00,6,23.79,7.5,1.74,2485.72,23.37,5.16,0.724,0.371,2.044,,,2026-09-30 06:27:13
江苏省,长江流域,三江营,2026-09-30 02:00,3,25.25,7.69,5.96,301,53.6,2.24,,0.073,1.486,,,2026-09-30 06:27:13
江苏省,淮河流域,槐泗河口,2026-09-30 02:00,2,24.59,7.78,6.36,418.2,50.54,2.99,0.03,0.088,1.8,,,2026-09-30 06:27:13
江苏省,淮河流域,大运河船闸,2026-09-30 02:00,2,24.7,7.69,6.3,284.1,57.9,2.1,0.016,0.086,2.049,,,2026-09-30 06:27:13
江苏省,淮河流域,三垛西大桥,2026-09-30 02:00,6,23.23,6.95,0.98,509.46,36.73,5.95,0.781,,2.678,,,2026-09-30 06:27:13
江苏省,淮河流域,江都西闸,2026-09-30 02:00,3,24.43,7.4,5.56,345.03,72.75,2.69,,0.098,1.591,,,2026-09-30 06:27:13
江苏省,长江流域,冻青桥,2026-09-30 02:00,6,23.17,7.24,2.4,343.1,23.41,3.38,2.084,0.284,3.097,,,2026-09-30 06:27:13
江苏省,长江流域,小河口上游,2026-09-30 02:00,2,25.86,7.68,6.13,317.5,28.71,1.94,0.065,0.079,1.661,,,2026-09-30 06:27:13
江苏省,淮河流域,曹庄桥,2026-09-30 02:00,5,23,7.06,2.16,363.7,14.55,5.31,0.275,0.222,1.579,,,2026-09-30 06:27:13
江苏省,太湖流域,辛丰镇,2026-09-30 02:00,4,23.88,7.13,3.95,343,36.32,5.71,0.477,0.212,2.916,,,2026-09-30 06:27:13
江苏省,太湖流域,林家闸,2026-09-30 02:00,3,25.53,7.67,6.16,309.3,17.68,2.46,,0.11,1.9884,,,2026-09-30 06:27:13
江苏省,长江流域,新河桥,2026-09-30 02:00,4,23.71,7.3,3.65,308.2,8.59,2.37,0.795,,2.472,,,2026-09-30 06:27:13
江苏省,太湖流域,新港桥,2026-09-30 02:00,3,22.45,7.26,5,325.4,37.2,2.63,0.116,0.092,1.902,,,2026-09-30 06:27:13
江苏省,太湖流域,吕城,2026-09-30 02:00,4,23.48,7.15,3.03,320.48,25.24,5.7,0.318,0.273,2.712,,,2026-09-30 06:27:13
江苏省,淮河流域,海陵大桥,2026-09-30 02:00,2,25.07,7.8,6.47,293.2,14.05,1.5,0.005,0.061,1.41,,,2026-09-30 06:27:13
江苏省,长江流域,马甸闸西,2026-09-30 03:00,4,22.89,7.33,3.26,442.4,17.58,4.42,0.63,0.256,2.131,,,2026-09-30 06:27:13
江苏省,长江流域,祥和大桥,2026-09-30 02:00,6,23.71,7.27,1.56,447.6,11.32,3.4,1.473,0.192,2.332,,,2026-09-30 06:27:13
江苏省,长江流域,新十圩港大桥,2026-09-30 02:00,5,24.46,7.45,2.48,341.7,97.69,4.31,0.399,0.225,2.275,,,2026-09-30 06:27:13
江苏省,淮河流域,马陵翻水站,2026-09-30 02:00,2,24.14,7.82,6.16,538.39,46.74,3.15,0.076,0.062,0.922,,,2026-09-30 06:27:13
江苏省,淮河流域,临淮乡入湖口,2026-09-30 02:00,4,24.15,7.52,3.36,734.1,23.62,5.83,0.323,0.074,1.311,,,2026-09-30 06:27:13
江苏省,淮河流域,砖瓦厂,2026-09-30 02:00,4,23.97,8.09,3.95,864.2,21.99,4.99,0.206,0.124,1.07,,,2026-09-30 06:27:13
江苏省,淮河流域,顾勒大桥,2026-09-30 02:00,4,24.34,7.69,4.22,833.3,26.7,4.33,0.168,0.111,0.866,,,2026-09-30 06:27:13
江苏省,淮河流域,团结闸,2026-09-30 02:00,4,23.58,8.52,5.55,1375.3,11.08,6.72,0.212,0.054,1.295,,,2026-09-30 06:27:13
江苏省,淮河流域,大屈,2026-09-30 02:00,4,22.5,7.67,5.11,919.4,14.2,6.13,0.173,0.151,1.169,,,2026-09-30 06:27:13
浙江省,浙闽片河流,小金山,2026-09-30 02:00,2,29.28,,10.63,142.362,3.257,2.3,0.005,0.015,0.6132,,,2026-09-30 06:27:13
浙江省,浙闽片河流,三潭岛,2026-09-30 02:00,1,28.8,8.81,9.52,123.351,2.483,1.42,,0.008,0.4787,,,2026-09-30 06:27:13
浙江省,浙闽片河流,千岛湖大坝前,2026-09-30 02:00,1,30.16,8.93,8.76,130.096,1.953,1.48,0.023,0.008,0.6544,,,2026-09-30 06:27:13
浙江省,太湖流域,汪家埠,2026-09-30 02:00,4,26.38,7.5,4.74,245.4,5.1,2.74,0.059,0.039,1.791,,,2026-09-30 06:27:13
浙江省,太湖流域,奉口,2026-09-30 02:00,5,26.54,6.94,2.61,214.6,14.91,3.33,0.217,0.079,2.02,,,2026-09-30 06:27:13
浙江省,浙闽片河流,桐君山,2026-09-30 02:00,2,28.64,7.61,7.69,166.93,4.97,1.53,0.023,0.048,1.32,,,2026-09-30 06:27:13
浙江省,浙闽片河流,洋溪渡,2026-09-30 02:00,3,20.41,7.01,5.35,162.687,5.805,1.17,0.012,0.013,0.8448,,,2026-09-30 06:27:13
浙江省,浙闽片河流,浦阳江出口,2026-09-30 02:00,3,27.83,7.6,5.57,211.4,26.03,1.84,0.076,0.071,1.749,,,2026-09-30 06:27:13
浙江省,太湖流域,五杭运河大桥,2026-09-30 02:00,5,27.68,7.12,2.94,330.4,7.94,3.17,0.801,0.097,2.543,,,2026-09-30 06:27:13
浙江省,浙闽片河流,桐庐,2026-09-30 02:00,2,26.21,7.31,6.67,207.5,10.7,1.45,0.007,0.045,1.364,,,2026-09-30 06:27:13
浙江省,浙闽片河流,溪口,2026-09-30 03:00,2,26.01,6.37,6.29,97.64,21.17,2.07,0.024,0.093,2.627,,,2026-09-30 06:27:13
浙江省,浙闽片河流,清林渡,2026-09-30 03:00,4,28.635,7.04,3,320.882,34.377,4.02,0.057,0.129,1.727,,,2026-09-30 06:27:13
浙江省,浙闽片河流,水车,2026-09-30 02:00,2,28.661,8.64,6.56,1192.38,5.384,3.29,0.15,0.05,1.13,,,2026-09-30 06:27:13
浙江省,浙闽片河流,大嵩,2026-09-30 02:00,5,28.83,6.62,2.5,385.05,8.27,2.44,0.089,0.076,0.941,,,2026-09-30 06:27:13
浙江省,浙闽片河流,北湖中心,2026-09-30 02:00,4,28.3,6.44,3.4,96.25,18.18,2.46,0.029,0.034,0.732,0.04042,278395.8,2026-09-30 06:27:13
浙江省,浙闽片河流,长汀,2026-09-30 03:00,3,26.12,6.86,5.56,103.21,15.25,2.43,0.067,0.083,1.556,,,2026-09-30 06:27:13
浙江省,浙闽片河流,菁江渡,2026-09-30 02:00,4,28.4,6.92,4.03,161.93,22.62,2.98,0.143,0.097,1.646,,,2026-09-30 06:27:13
浙江省,浙闽片河流,梁桥,2026-09-30 03:00,2,25.69,6.59,6.16,64.14,5.55,,0.026,0.045,1.398,,,2026-09-30 06:27:13
浙江省,浙闽片河流,四灶浦闸,2026-09-30 02:00,3,26.11,8.24,5.33,4112.17,10.44,3.31,0.02,0.052,0.903,,,2026-09-30 06:27:13
浙江省,浙闽片河流,赵山渡,2026-09-30 02:00,1,26.72,7.1,8.13,41.74,4.61,1.07,0.002,0.006,0.461,,,2026-09-30 06:27:13
浙江省,浙闽片河流,小旦,2026-09-30 02:00,2,27.07,7.1,6.43,66.76,46.49,1.35,0.025,0.056,0.806,,,2026-09-30 06:27:13
浙江省,浙闽片河流,龙湾,2026-09-30 02:00,3,28.62,7.89,5.9,30600,1946,1.4,0.189,0.064,1.244,,,2026-09-30 06:27:13
浙江省,浙闽片河流,大荆,2026-09-30 02:00,2,29.61,7.15,7.46,314.5,3.33,0.84,0.017,0.012,0.655,,,2026-09-30 06:27:13
浙江省,浙闽片河流,蒲岐,2026-09-30 02:00,2,29.9,7.3,6.01,380,12.93,2.59,0.04,0.044,1.075,,,2026-09-30 06:27:13
浙江省,浙闽片河流,沙头,2026-09-30 02:00,1,29.84,7.21,7.68,51.99,0.84,0.59,0.014,0.009,0.588,,,2026-09-30 06:27:13
浙江省,浙闽片河流,清水埠,2026-09-30 02:00,4,28.16,8.26,4.96,1845.68,3038.58,0.95,0.023,0.053,1.332,,,2026-09-30 06:27:13
浙江省,浙闽片河流,江口渡,2026-09-30 02:00,2,28.49,7.89,6.66,38160,1583,1.69,0.292,0.076,2.192,,,2026-09-30 06:27:13
浙江省,浙闽片河流,第三农业站,2026-09-30 02:00,3,27.64,7.88,5.81,30491.1,1634.58,0.95,,0.058,1.095,,,2026-09-30 06:27:13
浙江省,太湖流域,王江泾,2026-09-30 02:00,6,27.06,7,1.61,443.96,39.01,3.2,0.181,0.081,2.441,,,2026-09-30 06:27:13
浙江省,太湖流域,湘家荡,2026-09-30 02:00,4,26.56,7.77,4.92,471.29,32.57,2.9,0.04,0.119,0.401,,,2026-09-30 06:27:13
浙江省,太湖流域,池家浜水文站,2026-09-30 02:00,4,27.198,7.3,3.72,413.42,32.8559,3.06,0.09,0.084,1.395,,,2026-09-30 06:27:13
浙江省,太湖流域,长山闸一号桥,2026-09-30 02:00,3,26.0909,7.28,10.06,417.6,35.5588,4.16,0.092,0.144,2.614,,,2026-09-30 06:27:13
浙江省,太湖流域,南台头闸一号桥,2026-09-30 02:00,5,27.66,7.29,2.78,428.6,62.63,3.66,0.036,0.125,2.565,,,2026-09-30 06:27:13
浙江省,太湖流域,上塘河排涝闸,2026-09-30 02:00,5,26.61,7.46,2.78,435.27,22.67,3.12,0.035,0.056,1.621,,,2026-09-30 06:27:13
浙江省,太湖流域,盐官排涝枢纽,2026-09-30 02:00,3,26.9,7.52,5.35,458.5,22.75,2.79,0.071,0.087,2.389,,,2026-09-30 06:27:13
浙江省,太湖流域,卫八路桥,2026-09-30 02:00,4,25.93,7.45,4.05,473.951,66.708,2.87,0.071,0.108,1.803,,,2026-09-30 06:27:13
浙江省,太湖流域,漕廊公路桥,2026-09-30 02:00,5,26.4,7.22,2.22,462.0437,34.299,3.72,0.144,0.122,1.64886,,,2026-09-30 06:27:13
浙江省,太湖流域,朱枫公路桥,2026-09-30 02:00,4,26.59,7.11,3.48,434.29,185.16,3.12,0.104,0.076,1.768,,,2026-09-30 06:27:13
浙江省,太湖流域,红旗塘大坝,2026-09-30 02:00,4,26.8,7.34,4.77,433.2,56.16,3.58,0.016,0.087,1.954,,,2026-09-30 06:27:13
浙江省,太湖流域,枫南大桥,2026-09-30 03:00,5,26.8661,7.29,2.61,414.25,44.6204,3.6,0.077,0.123,1.814,,,2026-09-30 06:27:13
浙江省,太湖流域,青阳汇,2026-09-30 02:00,4,26.64,7.27,3.28,407.4,71.9,3.92,0.012,0.151,2.068,,,2026-09-30 06:27:13
浙江省,太湖流域,小新村,2026-09-30 02:00,4,26.03,7.26,3.48,425.5,62.88,4.18,0.019,0.133,2.145,,,2026-09-30 06:27:13
浙江省,太湖流域,乌镇北,2026-09-30 02:00,5,26.38,7.05,2.2,332.6,58.54,3.55,0.02,0.084,2.345,,,2026-09-30 06:27:13
浙江省,太湖流域,新港口,2026-09-30 02:00,4,26.95,7.3,4.36,289.34,43.07,2.68,0.205,0.061,2.408,,,2026-09-30 06:27:13
浙江省,太湖流域,大钱,2026-09-30 02:00,3,25.66,8.09,5.87,287.573,64.42712,3.91,0.152,0.08,1.22001,,,2026-09-30 06:27:13
浙江省,太湖流域,南浔,2026-09-30 02:00,4,26.98,7.23,3.58,371,38.9,3.03,0.226,0.09,2.547,,,2026-09-30 06:27:13
浙江省,太湖流域,城西大桥,2026-09-30 03:00,4,26.51,7.3,3.6,222.91,32.3,2.36,0.058,0.039,1.988,,,2026-09-30 06:27:13
浙江省,太湖流域,汤溇,2026-09-30 02:00,2,25.35,7.92,6.22,312.901,48.9728,3.46,0.055,0.059,0.9509,,,2026-09-30 06:27:13
浙江省,太湖流域,塘浦,2026-09-30 03:00,2,24.93,6.72,6.32,141.05,18.39,2.56,0.086,0.062,1.926,,,2026-09-30 06:27:13
浙江省,太湖流域,荆湾,2026-09-30 03:00,3,26.82,6.47,5.16,173.48,7.97,1.95,0.121,0.032,1.46,,,2026-09-30 06:27:13
浙江省,太湖流域,铁路桥,2026-09-30 03:00,4,27.13,6.5,3.07,230.51,8.34,2.66,0.139,0.046,1.888,,,2026-09-30 06:27:13
浙江省,太湖流域,小梅口,2026-09-30 02:00,4,26.05,7.08,3.28,297,27.89,3.9,0.297,0.072,1.599,,,2026-09-30 06:27:13
浙江省,太湖流域,杨家浦,2026-09-30 03:00,4,25.43247,7.46,3.35,374.3714,30.51936,3.44,0.504,0.089,2.342593,,,2026-09-30 06:27:13
浙江省,太湖流域,新塘,2026-09-30 02:00,5,25.78,7.18,2.45,397.2,37.44,3.67,1.118,0.119,2.906,,,2026-09-30 06:27:13
浙江省,太湖流域,合溪,2026-09-30 03:00,5,25.49,7.07,2.34,275.8,37.16,3.42,0.42,0.051,1.866,,,2026-09-30 06:27:13
浙江省,浙闽片河流,屠家埠,2026-09-30 02:00,3,29.031,7,5.15,161.897,13.172,1.82,0.262,0.074,1.767,,,2026-09-30 06:27:13
浙江省,浙闽片河流,葛山头,2026-09-30 02:00,4,28.4,6.99,3.5,215.54,11.31,3.21,0.259,0.064,1.851,,,2026-09-30 06:27:13
浙江省,浙闽片河流,湄池,2026-09-30 02:00,4,29.37,7.24,4.71,615.79,31.24,3.56,0.117,0.097,2.667,,,2026-09-30 06:27:13
浙江省,浙闽片河流,王家泾,2026-09-30 02:00,6,28.73,6.67,1.48,227.96,9.78,5.12,0.247,0.08,1.175,,,2026-09-30 06:27:13
浙江省,浙闽片河流,汤曹汇合口,2026-09-30 02:00,3,28.92,7.2,5.91,259.08,20.52,2.45,0.043,0.033,2.043,,,2026-09-30 06:27:13
浙江省,浙闽片河流,义东桥,2026-09-30 02:00,4,29.299,7.19,4.5,483.322,16.515,4.51,0.846,0.18,3.356,,,2026-09-30 06:27:13
浙江省,浙闽片河流,塔下洲,2026-09-30 02:00,5,29.61,7.38,2.23,546.682,10.113,6.2,0.242,0.111,3.5661,,,2026-09-30 06:27:13
浙江省,浙闽片河流,东关桥,2026-09-30 02:00,3,30.379,7.55,5.16,747.229,6.493,4.06,0.061,0.153,2.907,,,2026-09-30 06:27:13
浙江省,浙闽片河流,费垅,2026-09-30 02:00,3,29.33,7.48,6.84,530.666,14.027,3.54,0.305,0.134,2.5992,,,2026-09-30 06:27:13
浙江省,浙闽片河流,台口,2026-09-30 02:00,2,28.79,8.17,6.62,236.801,23.907,2.09,0.066,0.073,1.5452,,,2026-09-30 06:27:13
浙江省,浙闽片河流,南江桥,2026-09-30 03:00,3,31.04,7.86,7.54,523.115,7.633,3.67,0.086,0.126,2.02,,,2026-09-30 06:27:13
浙江省,浙闽片河流,横山,2026-09-30 03:00,2,29.78,7.54,6.52,303.771,2.742,2.03,0.045,0.04,1.1447,,,2026-09-30 06:27:13
浙江省,浙闽片河流,洪坞桥,2026-09-30 02:00,4,29.83,7.32,4.34,562.9,8.39,3.53,0.1,0.123,2.613,,,2026-09-30 06:27:13
浙江省,浙闽片河流,章店,2026-09-30 03:00,4,29.66,7.46,3.87,323.762,6.556,4.61,0.262,0.175,2.2899,,,2026-09-30 06:27:13
浙江省,浙闽片河流,将军岩,2026-09-30 02:00,2,30.187,7.18,8.29,354.86,4.95,2.18,0.023,0.072,1.54,,,2026-09-30 06:27:13
浙江省,浙闽片河流,浮石渡,2026-09-30 02:00,2,30.28,7.43,6.13,232.74,2.82,1.46,0.077,0.048,1.338,,,2026-09-30 06:27:13
浙江省,浙闽片河流,双港口,2026-09-30 02:00,3,29.23,7.03,5.24,177.46,6.78,2.04,0.027,0.064,1.045,,,2026-09-30 06:27:13
浙江省,浙闽片河流,郑家,2026-09-30 02:00,1,26.47,6.41,7.64,76.48,14.17,0.83,0.008,0.013,0.911,,,2026-09-30 06:27:13
浙江省,浙闽片河流,下界首,2026-09-30 02:00,1,29.94,8.25,9.13,211.562,7.73,1.55,0.022,0.02,0.627,,,2026-09-30 06:27:13
浙江省,浙闽片河流,下童,2026-09-30 02:00,3,27.77,6.81,5.16,292.25,11.59,1.85,0.078,0.04,1.29,,,2026-09-30 06:27:13
浙江省,浙闽片河流,东迹渡,2026-09-30 02:00,2,24.71,6.74,7.52,39.65,2.08,0.64,0.016,0.03,0.845,,,2026-09-30 06:27:13
浙江省,长江流域,苏庄,2026-09-30 02:00,4,29.55563,7.01,4.95,78.59821,2.1119,1.26,0.019,0.021,0.35172,,,2026-09-30 06:27:13
浙江省,浙闽片河流,临城,2026-09-30 02:00,4,27.97,7.41,3.75,2562,3.35,3.34,0.233,0.068,1.092,,,2026-09-30 06:27:13
浙江省,浙闽片河流,长潭水库坝口,2026-09-30 02:00,2,28.912,,10.37,46.945,2.208,2.16,0.003,0.013,0.238,,,2026-09-30 06:27:13
浙江省,浙闽片河流,老鼠屿,2026-09-30 02:00,4,29.25,7.63,4.82,28662.4,940.86,2.17,0.009,0.062,2.129,,,2026-09-30 06:27:13
浙江省,浙闽片河流,金清新闸,2026-09-30 03:00,4,28.33,7.54,4.68,1091.614,82.387,2.93,0.064,0.124,2.7026,,,2026-09-30 06:27:13
浙江省,浙闽片河流,里石门水库,2026-09-30 02:00,2,29.14,,9.35,64.198,1.564,2.69,0.027,0.011,0.2448,0.00257,635748.2,2026-09-30 06:27:13
浙江省,浙闽片河流,温峤,2026-09-30 02:00,2,28.628,7.88,6.45,895.771,36.511,3.42,0.009,0.049,0.95,,,2026-09-30 06:27:13
浙江省,浙闽片河流,永宁江口,2026-09-30 02:00,3,28.09,7.16,5.38,114.899,17.522,1.76,0.033,0.056,0.7466,,,2026-09-30 06:27:13
浙江省,浙闽片河流,沙段,2026-09-30 02:00,2,29.45,7.28,6.68,183.261,3.842,2.91,0.024,0.033,1.2488,,,2026-09-30 06:27:13
浙江省,浙闽片河流,柏枝岙,2026-09-30 02:00,2,29.514,7.21,7.46,176.42,27.442,1.19,0.029,0.082,1.214,,,2026-09-30 06:27:13
浙江省,浙闽片河流,均溪,2026-09-30 03:00,2,26.71,6.52,6.53,46.09,3.53,1.3,0.032,0.011,0.606,,,2026-09-30 06:27:13
浙江省,浙闽片河流,风化,2026-09-30 03:00,2,27.95,7.1,8.03,71.54,6.54,1.44,0.023,0.023,0.67,,,2026-09-30 06:27:13
浙江省,浙闽片河流,临江,2026-09-30 02:00,2,28.42,7.26,6.53,104.7,7.89,1.41,0.046,0.029,0.617,,,2026-09-30 06:27:13
浙江省,浙闽片河流,堰后,2026-09-30 02:00,2,30.17,7.38,7.86,197.2,2.89,1.59,0.036,0.034,2.051,,,2026-09-30 06:27:13
浙江省,浙闽片河流,沙湾上,2026-09-30 03:00,1,25.15,7.46,7.5,35.273,0.823,0.87,0.081,0.014,0.1946,,,2026-09-30 06:27:13
浙江省,浙闽片河流,小溪口,2026-09-30 02:00,2,25.68,6.84,6.22,39.046,13.935,1.34,,0.01,0.4749,,,2026-09-30 06:27:13
安徽省,巢湖流域,三胜大队渡口,2026-09-30 02:00,4,24.44,7.43,4.73,320.114,17.9574,4.92,0.131,0.093,0.7362,,,2026-09-30 06:27:13
安徽省,巢湖流域,兆河入湖口渡口,2026-09-30 02:00,4,24.99,7.05,4.27,317.097,7.8155,3.94,0.188,0.042,0.9292,,,2026-09-30 06:27:13
安徽省,巢湖流域,牛角大圩,2026-09-30 02:00,5,24.67,7.21,2.69,309.7,32.9784,3.81,0.894,0.12,2.767,,,2026-09-30 06:27:13
安徽省,巢湖流域,北闸渡口,2026-09-30 02:00,4,23.263,6.56,3.86,204.892,32.167,7.04,0.212,0.135,2.263,,,2026-09-30 06:27:13
安徽省,巢湖流域,希望桥,2026-09-30 02:00,6,23.8,7.12,1.86,345.6,19,3.67,2.344,0.238,5.71,,,2026-09-30 06:27:13
安徽省,巢湖流域,石堆渡口,2026-09-30 02:00,4,24.15,6.75,3.87,243.275,21.1939,3.87,0.198,0.083,1.3807,,,2026-09-30 06:27:13
安徽省,巢湖流域,柘皋大桥,2026-09-30 02:00,5,23.68,7.18,2.97,347.5644,33.5762,6.76,0.251,0.11,1.0727,,,2026-09-30 06:27:13
安徽省,巢湖流域,湖滨,2026-09-30 03:00,4,23.88,8.61,6.88,285.03,24.88,3.67,0.037,0.095,1.103,0.00199,5305594,2026-09-30 06:27:13
安徽省,巢湖流域,黄麓,2026-09-30 03:00,4,25.46,8.72,6.88,287.84,26.404,5.5,,0.077,0.54,0.00909,9203151,2026-09-30 06:27:13
安徽省,巢湖流域,三河镇大桥,2026-09-30 02:00,4,22.67,7.02,4.89,220.8,160.01,8.9,,0.281,2.925,,,2026-09-30 06:27:13
安徽省,巢湖流域,三河镇新大桥,2026-09-30 02:00,4,24,6.85,4.82,156.6,17.53,4.78,0.184,0.126,2.343,,,2026-09-30 06:27:13
安徽省,巢湖流域,施口,2026-09-30 02:00,6,24.19,6.94,2.72,502.4866,27.1682,4.59,2.455,0.214,5.959,,,2026-09-30 06:27:13
安徽省,巢湖流域,靠近大坝,2026-09-30 03:00,2,24.3,7.37,6.17,118.15,6.55,3.01,0.054,0.023,0.476,0.01001,7241198,2026-09-30 06:27:13
安徽省,巢湖流域,新河入湖区,2026-09-30 03:00,5,24.12,6.91,4.08,217.35,61.52,6.07,0.236,0.133,1.862,0.00288,8727744,2026-09-30 06:27:13
安徽省,巢湖流域,西半湖湖心,2026-09-30 03:00,4,23.89,7.59,5.92,570.42,25.79,3.61,0.075,0.09,2.05,0.00264,2426452,2026-09-30 06:27:13
安徽省,巢湖流域,龟山,2026-09-30 03:00,4,23.24,8.7,7.04,311.6,22.05,4.27,,0.067,0.52,0.00801,1.8387,2026-09-30 06:27:13
安徽省,巢湖流域,东半湖湖心,2026-09-30 03:00,4,23.912,8.39,6.9,277.229,21.749,4.86,0.057,0.073,0.763,0.00304,1.650424,2026-09-30 06:27:13
安徽省,巢湖流域,忠庙,2026-09-30 03:00,4,23.87,7.9,6.55,231.5,60.38,4.91,0.053,0.095,1.032,0.01083,2840615,2026-09-30 06:27:13
安徽省,巢湖流域,双桥河入湖口,2026-09-30 02:00,5,24.55,7.36,2.22,392.2573,22.9723,3.85,0.213,0.071,0.7825,,,2026-09-30 06:27:13
安徽省,巢湖流域,繁华大道桥,2026-09-30 02:00,4,23.34,7.1,4.21,457.6917,46.0586,6.49,0.573,0.219,4.064,,,2026-09-30 06:27:13
安徽省,长江流域,东西梁山,2026-09-30 02:00,2,26.12,7.81,6.4,314.7427,19.4606,1.04,0.046,0.059,1.9136,,,2026-09-30 06:27:13
安徽省,长江流域,宝塔根,2026-09-30 02:00,2,26.34,7.72,6.31,315.4302,18.3664,1.99,0.06,0.036,1.4217,,,2026-09-30 06:27:13
安徽省,巢湖流域,裕溪口,2026-09-30 02:00,3,24.66,7.52,5.83,321.9614,88.1548,3.92,0.219,0.083,1.3199,,,2026-09-30 06:27:13
安徽省,长江流域,荻港,2026-09-30 02:00,4,24.44,7.52,4.7,457.4,33.8598,2.63,0.123,0.07,1.5475,,,2026-09-30 06:27:13
安徽省,长江流域,澛港桥,2026-09-30 02:00,3,24.54,7.3,5.07,286.2183,16.5246,2.86,0.06,0.054,2.627,,,2026-09-30 06:27:13
安徽省,长江流域,西河入裕溪河口,2026-09-30 02:00,4,25.03,7.02,3.9,350.6645,48.8526,3.66,0.268,0.071,1.1692,,,2026-09-30 06:27:13
安徽省,淮河流域,沫河口,2026-09-30 02:00,3,24.31,7.72,5.03,592.93,39.96,4.44,0.091,0.185,2.264,,,2026-09-30 06:27:13
安徽省,淮河流域,关咀,2026-09-30 02:00,3,23.45844,7.62,6.65,935.8407,8.38273,4.99,0.066,0.13,0.72271,,,2026-09-30 06:27:13
安徽省,淮河流域,五河,2026-09-30 02:00,4,21.96,7.86,3.76,964.6646,37.22185,4.49,0.168,0.089,2.37889,,,2026-09-30 06:27:13
安徽省,淮河流域,蚌埠固镇,2026-09-30 02:00,4,23.95,7.74,4.26,1208.508,19.48,4.28,0.082,0.134,4.0464,,,2026-09-30 06:27:13
安徽省,淮河流域,蚌埠闸上,2026-09-30 02:00,3,23.42,7.6,5.36,598.14,36.94,3.62,0.106,0.198,2.156,,,2026-09-30 06:27:13
安徽省,淮河流域,湖沟,2026-09-30 02:00,6,23.65571,7.79,1.07,1189.194,29.70406,3.62,0.104,0.086,3.11821,,,2026-09-30 06:27:13
安徽省,淮河流域,石头埠,2026-09-30 02:00,3,23.95,7.58,5.3,506.7678,55.08224,3.57,0.09,0.118,3.4177,,,2026-09-30 06:27:13
安徽省,淮河流域,鲁台孜,2026-09-30 02:00,3,23.24,7.46,5.86,426.7899,62.41695,3.9,0.106,0.108,2.34045,,,2026-09-30 06:27:13
安徽省,淮河流域,西淝河闸下,2026-09-30 02:00,4,23.56082,7.4,3.27,799.4579,12.19637,4.56,0.144,0.075,1.47758,,,2026-09-30 06:27:13
安徽省,淮河流域,新城口,2026-09-30 02:00,4,23.95746,7.68,4.69,651.8145,46.72316,3.04,0.002,0.117,4.36721,,,2026-09-30 06:27:13
安徽省,淮河流域,焦岗湖,2026-09-30 03:00,3,22.65,7.65,5.12,667.75,28.4,4.25,0.028,0.038,0.83,0.00498,3111211,2026-09-30 06:27:13
安徽省,淮河流域,大店岗,2026-09-30 02:00,3,23.2,6.86,6.3,181.8969,44.12471,4.68,0.094,0.129,3.18277,,,2026-09-30 06:27:13
安徽省,淮河流域,五里闸,2026-09-30 02:00,4,22.73,7.08,4.67,254.1811,52.21295,3.92,0.072,0.059,1.15912,,,2026-09-30 06:27:13
安徽省,淮河流域,白洋淀渡口,2026-09-30 02:00,2,22.76538,6.31,7.25,,147.5654,,,,,,,2026-09-30 06:27:13
安徽省,长江流域,三兴村,2026-09-30 02:00,2,25.62,7.63,6.21,337.3989,20.02225,2.19,0.031,0.05,1.903,,,2026-09-30 06:27:13
安徽省,长江流域,得胜河入江口,2026-09-30 02:00,4,23.7092,7.21,3.92,362.8,22.906,5.74,0.008,0.17,1.3713,,,2026-09-30 06:27:13
安徽省,长江流域,姑溪河大桥,2026-09-30 02:00,3,24.704,7.13,5.88,271.91,31.7591,4.33,0.038,0.07,1.965,,,2026-09-30 06:27:13
安徽省,长江流域,当涂查湾,2026-09-30 02:00,2,26.01,7.32,13.9,245.1807,25.1297,1.87,,0.032,1.747,,,2026-09-30 06:27:13
安徽省,长江流域,乌江,2026-09-30 02:00,3,24.78343,7.84,6.52,325.8477,35.01359,4.55,0.154,0.086,1.248788,,,2026-09-30 06:27:13
安徽省,长江流域,雨山河下游,2026-09-30 02:00,4,24.7712,7.36,3.53,602.778,18.5005,3.72,0.667,0.198,5.57,,,2026-09-30 06:27:13
安徽省,淮河流域,小王桥,2026-09-30 02:00,6,24.59,7.5,0.17,1396.72,7.87,4.38,0.39,0.112,2.27,,,2026-09-30 06:27:13
安徽省,淮河流域,后常桥,2026-09-30 02:00,3,24.35505,8.39,5.17,1124.712,3.71606,4.98,0.04,0.093,1.0035,,,2026-09-30 06:27:13
安徽省,淮河流域,李大桥闸,2026-09-30 02:00,6,23.02,7.81,1.26,1419.38,7.337,9.69,0.21,0.072,0.8518,,,2026-09-30 06:27:13
安徽省,长江流域,顺安河入江口,2026-09-30 02:00,2,25.27872,7.66,9.72,322.0334,28.48601,1.37,0.016,0.048,2.13525,,,2026-09-30 06:27:13
安徽省,长江流域,陈家墩,2026-09-30 02:00,2,25.91,7.79,7.68,319.9004,28.67153,1.59,0.045,0.056,2.37371,,,2026-09-30 06:27:13
安徽省,长江流域,枞阳大闸,2026-09-30 02:00,3,25.47,7.31,5.9,163.9567,36.44953,3.53,0.095,0.051,0.89723,,,2026-09-30 06:27:13
安徽省,长江流域,武昌湖,2026-09-30 02:00,4,26.17,7.23,4.67,196.3504,13.53306,3,0.009,0.032,0.77059,0.00735,4927644,2026-09-30 06:27:13
安徽省,长江流域,前江口,2026-09-30 02:00,2,26.24116,7.71,6.87,335.3042,23.47352,1.96,0.065,0.055,2.86999,,,2026-09-30 06:27:13
安徽省,长江流域,花亭湖坝前,2026-09-30 02:00,3,26.88,7.28,5.71,82.50684,4.9492,1.99,0.034,0.013,0.43956,0.00398,523175.7,2026-09-30 06:27:13
安徽省,长江流域,华阳河入江口,2026-09-30 02:00,1,27.15,8.07,7.79,374.2184,13.23578,,,,,,,2026-09-30 06:27:13
安徽省,长江流域,水厂取水口,2026-09-30 02:00,3,25.06944,7.56,5.27,134.539,3.42764,1.8,0.008,0.029,0.80571,,,2026-09-30 06:27:13
安徽省,长江流域,车轴寺大桥,2026-09-30 02:00,2,25.99,8.03,7.97,123.9082,4.49805,2.08,0.007,0.032,0.74851,,,2026-09-30 06:27:13
安徽省,浙闽片河流,篁墩,2026-09-30 02:00,4,28.34144,7.36,4.75,181.0283,4.1262,2.62,0.039,0.042,1.23078,,,2026-09-30 06:27:13
安徽省,浙闽片河流,率水大桥,2026-09-30 02:00,2,29.91092,7.8,8.68,78.59364,6.04691,1.84,0.051,0.035,0.5797,,,2026-09-30 06:27:13
安徽省,浙闽片河流,横江大桥,2026-09-30 02:00,2,30.59279,8.77,11.62,288.7142,7.98161,3.43,0.002,0.029,0.81617,,,2026-09-30 06:27:13
安徽省,浙闽片河流,浦口,2026-09-30 02:00,4,28.77,7.7,4.16,513.2101,25.77662,2.8,0.139,0.073,1.47736,,,2026-09-30 06:27:13
安徽省,长江流域,太平湖湖心,2026-09-30 03:00,2,27.03,8.3,7.35,100.68,2.42,2.06,0.058,0.009,0.395,0.00319,1426480,2026-09-30 06:27:13
安徽省,浙闽片河流,新管,2026-09-30 02:00,2,32.46934,8.16,7.03,268.6288,2.65735,2.89,0.005,0.04,1.11576,,,2026-09-30 06:27:13
安徽省,淮河流域,天长化工厂,2026-09-30 02:00,5,22.49,7,2.57,429.3062,35.48,5.86,0.297,0.194,2.1192,,,2026-09-30 06:27:13
安徽省,淮河流域,公路桥,2026-09-30 02:00,3,23.45,7.15,6.58,377.4953,40.546,5.41,0.363,0.125,0.921,,,2026-09-30 06:27:13
安徽省,淮河流域,小柳巷,2026-09-30 02:00,3,24.3,7.51,6.22,663.93,64.646,3.75,0.223,0.148,3.352,,,2026-09-30 06:27:13
安徽省,长江流域,水口,2026-09-30 02:00,4,21.87,7.19,6.43,526.2045,42.3708,6.73,0.378,0.257,3.5867,,,2026-09-30 06:27:13
安徽省,长江流域,乌衣下,2026-09-30 02:00,5,23.4,7.01,2.93,452.77,32.22,9.64,1.063,0.173,2.235,,,2026-09-30 06:27:13
安徽省,长江流域,襄河大桥,2026-09-30 02:00,4,22.62,7.05,4.94,352.9131,68.6861,5.7,0.465,0.239,1.277,,,2026-09-30 06:27:13
安徽省,长江流域,清流河口,2026-09-30 02:00,4,22.54321,7.05,6.16,484.4292,50.79216,6.08,0.51,0.29,2.28398,,,2026-09-30 06:27:13
安徽省,淮河流域,阜阳段下,2026-09-30 02:00,2,23.73427,7.68,7.05,865.3515,23.11761,3.44,0.091,0.099,4.69903,,,2026-09-30 06:27:13
安徽省,淮河流域,杨湖,2026-09-30 02:00,3,24.11053,7.73,6.32,928.1432,19.16343,2.7,0.077,0.133,4.80735,,,2026-09-30 06:27:13
安徽省,淮河流域,张大桥,2026-09-30 02:00,2,23.74,7.88,7.57,1408.14,30.23,3.49,0.16,0.092,9.6862,,,2026-09-30 06:27:13
安徽省,淮河流域,王家坝,2026-09-30 02:00,3,23.299,7.54,5.38,356.7,21.691,3.48,0.291,0.115,2.844,,,2026-09-30 06:27:13
安徽省,淮河流域,界首七渡口,2026-09-30 02:00,3,23.15,7.68,8.09,807,21.72,3.28,0.123,0.145,5.257,,,2026-09-30 06:27:13
安徽省,淮河流域,阜南,2026-09-30 02:00,4,23.19,7.25,3.68,624.6043,3.37394,4.43,0.086,0.101,0.76297,,,2026-09-30 06:27:13
安徽省,淮河流域,阜阳段上游,2026-09-30 02:00,4,23.44708,7.68,4.79,825.4657,5.75635,2.71,0.02,0.095,5.01864,,,2026-09-30 06:27:13
安徽省,淮河流域,奎河苏皖省界,2026-09-30 02:00,6,24.18,7.39,3.54,974.1,23.7,4.84,2.447,0.242,5.324,,,2026-09-30 06:27:13
安徽省,淮河流域,东坪集,2026-09-30 02:00,4,23.61,7.79,3.92,1322.287,32.4591,3.47,0.117,0.076,2.62683,,,2026-09-30 06:27:13
安徽省,淮河流域,符离闸,2026-09-30 02:00,4,23.71036,7.82,3.49,937.7565,33.93332,7.16,0.049,0.111,1.0433,,,2026-09-30 06:27:13
安徽省,淮河流域,芦岭桥,2026-09-30 02:00,5,23.76,7.72,2.01,1156.071,9.86,4.62,0.558,0.066,1.1056,,,2026-09-30 06:27:13
安徽省,淮河流域,工农兵大桥,2026-09-30 02:00,6,22.03685,6.96,1.2,278.3136,8.5753,5.61,0.161,0.086,1.142,,,2026-09-30 06:27:13
安徽省,淮河流域,陶洪集,2026-09-30 02:00,2,22.79686,7.11,6.23,106.5531,25.08521,3.13,0.085,0.074,2.16973,,,2026-09-30 06:27:13
安徽省,淮河流域,东湖闸,2026-09-30 02:00,3,22.46,7.45,7.7,205.7631,87.44159,2.8,0.064,0.118,1.37059,,,2026-09-30 06:27:13
安徽省,淮河流域,新安渡口,2026-09-30 02:00,2,24.19,7.33,7.66,165.6645,10.20049,3.33,0.15,0.054,1.83645,,,2026-09-30 06:27:13
安徽省,淮河流域,响洪甸水库出水口,2026-09-30 02:00,4,19.93,6.85,4.63,79.97914,1.89487,2.06,0.015,0.008,1.1291,,,2026-09-30 06:27:13
安徽省,淮河流域,丁埠大桥,2026-09-30 02:00,2,21.53364,7.41,9.1,105.7723,30.61599,2.92,0.005,0.057,1.82,,,2026-09-30 06:27:13
安徽省,巢湖流域,将军宕大桥,2026-09-30 02:00,3,23.31,6.67,5.48,150.956,23.233,4.1,0.08,0.112,2.158,,,2026-09-30 06:27:13
安徽省,淮河流域,固始李畈,2026-09-30 02:00,3,21.75,6.77,6.92,102.0922,35.05303,3.88,0.008,0.149,3.62292,,,2026-09-30 06:27:13
安徽省,淮河流域,龙亢,2026-09-30 01:00,4,23.94,7.58,3.2,1080.07,39.27,4.14,0.054,,,,,2026-09-30 06:27:13
安徽省,淮河流域,涡阳义门大桥,2026-09-30 02:00,5,24.38,7.46,2.93,1109.118,42.0164,5.05,0.183,0.139,3.008,,,2026-09-30 06:27:13
安徽省,淮河流域,利辛段,2026-09-30 02:00,5,24.36,7.56,2.14,812.66,4.3,4.68,0.139,0.146,1.878,,,2026-09-30 06:27:13
安徽省,长江流域,五步沟,2026-09-30 02:00,2,26.36803,7.71,6.91,327.7384,19.9814,1.54,0.025,0.052,2.49926,,,2026-09-30 06:27:13
安徽省,长江流域,张溪,2026-09-30 02:00,2,26.68,7.73,6.83,274.0633,6.90075,1.17,0.014,0.01,0.54598,,,2026-09-30 06:27:13
安徽省,长江流域,青通河河口,2026-09-30 02:00,4,26.73377,7.36,3.31,251.5668,44.50158,3,0.057,0.071,2.33979,,,2026-09-30 06:27:13
安徽省,长江流域,秋浦河入江口,2026-09-30 02:00,4,26.22645,7.58,4.86,257.1623,29.51154,1.33,0.027,0.037,1.23352,,,2026-09-30 06:27:13
安徽省,长江流域,东流,2026-09-30 02:00,4,24.82,7.68,3.87,266.8513,150.7998,2.9,0.116,0.049,1.44142,,,2026-09-30 06:27:13
安徽省,长江流域,南漪湖西湖湖心,2026-09-30 03:00,4,24.79,7.54,7.23,177.02,121.31,3.35,,0.067,,0.00291,909505.6,2026-09-30 06:27:13
安徽省,太湖流域,殷桥,2026-09-30 02:00,4,25.53213,7.13,3.15,310.7465,27.27004,5.6,0.045,0.071,2.34883,,,2026-09-30 06:27:13
安徽省,长江流域,泾南交界,2026-09-30 02:00,2,25.07,7.44,6.18,131.0424,14.2114,1.77,0.003,0.033,0.7926,,,2026-09-30 06:27:13
安徽省,长江流域,汪溪,2026-09-30 02:00,2,24.31,7.38,6.92,156.098,15.1339,1.5,0.064,0.051,1.3882,,,2026-09-30 06:27:13
安徽省,长江流域,狮子口,2026-09-30 02:00,3,25.03,7.15,5.71,501.46,19.399,4.4,0.868,0.114,3.0442,,,2026-09-30 06:27:13
安徽省,长江流域,东村桥,2026-09-30 02:00,2,24.13314,7.76,6.33,444.0382,8.58791,3.57,0.021,0.085,0.9141,,,2026-09-30 06:27:13
安徽省,长江流域,旌泾交界,2026-09-30 02:00,3,25.46745,7.23,6.66,170.7103,22.78508,4.34,0.022,0.138,1.34014,,,2026-09-30 06:27:13
安徽省,长江流域,水碧桥,2026-09-30 02:00,3,25.05,7.12,5.08,235.3758,9.33236,1.24,0.014,0.038,1.57622,,,2026-09-30 06:27:13
福建省,浙闽片河流,闽侯竹岐,2026-09-30 02:00,2,28.14,6.82,6.69,93.06,3.74,1.66,0.01,0.029,1.019,,,2026-09-30 06:27:13
福建省,浙闽片河流,闽安,2026-09-30 03:00,5,29.49,7.08,5.25,2881.15,223.46,7.09,0.448,0.38,4.942,,,2026-09-30 06:27:13
福建省,浙闽片河流,连江荷山渡口,2026-09-30 03:00,2,27.793,6.89,7.36,52.7,14.102,1.34,0.033,0.047,0.594,,,2026-09-30 06:27:13
福建省,浙闽片河流,永泰横龙,2026-09-30 02:00,2,30.002,8.64,8.38,45.739,0.608,0.8,0.001,0.037,0.079,,,2026-09-30 06:27:13
福建省,浙闽片河流,闽清雄江,2026-09-30 02:00,6,31.05,9.49,10.32,109.387,4.52,2.33,0.034,0.033,0.778,,,2026-09-30 06:27:13
福建省,浙闽片河流,梅溪口,2026-09-30 03:00,3,27.8,7.24,7.24,103.6,7.64,1.99,0.025,0.104,0.86,,,2026-09-30 06:27:13
福建省,浙闽片河流,隘头潭,2026-09-30 02:00,3,29.84,6.38,5,164.708,2.105,0.35,0.013,0.011,0.7793,,,2026-09-30 06:27:13
福建省,浙闽片河流,园头桥,2026-09-30 02:00,3,29.62,7.09,6.52,113.34,17.97,1.4,0.122,0.105,3.269,,,2026-09-30 06:27:13
福建省,浙闽片河流,江口桥,2026-09-30 03:00,2,29.85,7.38,6.67,77.55,4.37,1.42,0.071,0.058,1.421,,,2026-09-30 06:27:13
福建省,浙闽片河流,将乐万全,2026-09-30 02:00,4,26.183,6.88,4.02,62.178,1.471,1.84,0.03,0.031,0.949,,,2026-09-30 06:27:13
福建省,浙闽片河流,宁化肖家,2026-09-30 02:00,2,27.619,6.99,7.17,86.349,2.207,1.64,0.016,0.067,0.973,,,2026-09-30 06:27:13
福建省,浙闽片河流,永安安砂水库下游,2026-09-30 02:00,4,26.073,6.48,3.89,76.464,4.807,1.7,0.032,0.029,0.879,,,2026-09-30 06:27:13
福建省,浙闽片河流,永安贡川桥,2026-09-30 01:00,3,26.91,7.07,5.09,122.15,29.77,1.55,0.08,0.046,1.111,,,2026-09-30 06:27:13
福建省,浙闽片河流,斑竹溪渡口,2026-09-30 02:00,2,27.936,6.88,6.36,126.715,5.181,1.36,0.023,0.047,1.183,,,2026-09-30 06:27:13
福建省,浙闽片河流,建宁袁庄,2026-09-30 02:00,2,28.348,7.16,11.65,85.289,22.606,1.58,0.009,0.067,1.295,,,2026-09-30 06:27:13
福建省,浙闽片河流,大田高才,2026-09-30 03:00,6,29.863,9.04,8.38,91.145,2.319,2.17,0.053,0.02,0.427,,,2026-09-30 06:27:13
福建省,浙闽片河流,尤溪拥口大桥,2026-09-30 01:00,2,24.65,7.22,6.84,111.616,34.544,1.53,0.051,0.043,1.1212,,,2026-09-30 06:27:13
福建省,浙闽片河流,南安康美桥,2026-09-30 02:00,3,28.19,7.11,7.16,96.165,67.591,1.32,0.08,0.168,1.5798,,,2026-09-30 06:27:13
福建省,浙闽片河流,永春东关桥,2026-09-30 02:00,2,28.9,7.1,7.1,144.0131,6.878173,1.84,0.22,0.041,3.191,,,2026-09-30 06:27:13
福建省,浙闽片河流,安溪罗内桥,2026-09-30 02:00,2,28.516,7.09,7.01,89.61,15.61,0.9,0.175,0.043,1.899,,,2026-09-30 06:27:13
福建省,浙闽片河流,南安霞东桥,2026-09-30 02:00,2,30.16,7.19,6.92,130.005,7.901,1.16,0.154,0.077,2.1384,,,2026-09-30 06:27:13
福建省,浙闽片河流,华安西陂,2026-09-30 03:00,2,27.02982,7.07,7.81,185.5864,18.30766,1.5,0.014,0.052,1.396,,,2026-09-30 06:27:13
福建省,浙闽片河流,南靖靖城桥,2026-09-30 03:00,2,29.28,6.58,6.68,194,,1.27,0.128,0.044,7.545,,,2026-09-30 06:27:13
福建省,浙闽片河流,诏安澳子头,2026-09-30 03:00,3,29.1,7.3,6.21,107.574,4.231,2.15,0.062,0.12,1.9272,,,2026-09-30 06:27:13
福建省,浙闽片河流,南靖洪濑汤坑桥,2026-09-30 02:00,2,29.079,6.58,6.89,239.5,8.85,0.63,0.032,0.045,15.649,,,2026-09-30 06:27:13
福建省,浙闽片河流,浦南水文站,2026-09-30 03:00,2,28.19551,7.22,6.41,166.8,21.263,1.13,0.123,0.078,1.449,,,2026-09-30 06:27:13
福建省,浙闽片河流,南溪浮宫桥,2026-09-30 03:00,3,29.65,7.4,5.32,13287.65,28.357,1.95,,,,,,2026-09-30 06:27:13
福建省,浙闽片河流,上坂,2026-09-30 03:00,3,29.69,6.34,5.16,166.942,13.848,1.6,0.272,0.098,5.0027,,,2026-09-30 06:27:13
福建省,浙闽片河流,云霄高塘渡口,2026-09-30 03:00,2,28.95,6.76,6.1,122.824,10.428,1.56,0.123,0.097,5.467,,,2026-09-30 06:27:13
福建省,浙闽片河流,水汾桥,2026-09-30 02:00,3,28.85,6.94,5.07,187.2,10.47,1.62,0.022,0.058,1.113,,,2026-09-30 06:27:13
福建省,浙闽片河流,十里庵,2026-09-30 02:00,3,30.12,6.77,5.61,132.13,6.47,1.61,0.039,0.048,1.313,,,2026-09-30 06:27:13
福建省,浙闽片河流,邵武晒口桥,2026-09-30 03:00,2,29.2,7.14,7.2,122.62,4.78,1.32,0.042,,1.069,,,2026-09-30 06:27:13
福建省,浙闽片河流,武夷山兴田,2026-09-30 02:00,2,28.77678,6.87,6.35,52.95682,15.76732,1.37,0.034,0.018,0.67569,,,2026-09-30 06:27:13
福建省,浙闽片河流,建瓯蓬墩,2026-09-30 02:00,3,31,6.84,5.22,69.68,7.9,1.44,0.144,0.04,1.07,,,2026-09-30 06:27:13
福建省,浙闽片河流,浪石,2026-09-30 02:00,3,30.465,6.76,5.4,116.183,1.857,1.48,0.058,0.054,1.057,,,2026-09-30 06:27:13
福建省,浙闽片河流,将乐樟应,2026-09-30 02:00,2,29.90143,7,6.42,74.715,5.53824,1.71,0.007,0.018,0.718,,,2026-09-30 06:27:13
福建省,浙闽片河流,建阳坪州大桥,2026-09-30 02:00,2,30.65,7.53,7.83,172.13,6.689,2.03,0.019,0.043,1.013,,,2026-09-30 06:27:13
福建省,浙闽片河流,政和西津,2026-09-30 02:00,2,30.547,7.37,7.32,97.798,9.19,2.02,0.107,0.031,0.915,,,2026-09-30 06:27:13
福建省,浙闽片河流,雁石桥,2026-09-30 03:00,2,27.1,7.54,8.34,280.769,22.341,1.23,0.077,0.046,1.308,,,2026-09-30 06:27:13
福建省,珠江流域,长汀美西桥,2026-09-30 03:00,2,27.31,6.97,6.07,160.396,3.145,2.12,0.036,0.073,0.9751,,,2026-09-30 06:27:13
福建省,浙闽片河流,八都,2026-09-30 02:00,2,27.41,6.9,7.41,44.367,5.23,1.71,,0.051,0.979,,,2026-09-30 06:27:13
福建省,浙闽片河流,福安白塔,2026-09-30 02:00,2,27.665,7.36,6.63,46.11,10.39,1.33,0.032,0.039,0.975,,,2026-09-30 06:27:13
福建省,浙闽片河流,古田黄田,2026-09-30 02:00,2,30.583,8.49,8.78,124.095,6.22,2.25,0.054,0.045,1.129,,,2026-09-30 06:27:13
福建省,浙闽片河流,福安洪口,2026-09-30 03:00,2,26.31,7.37,7.82,45.15,28.94,0.92,0.012,0.043,0.968,,,2026-09-30 06:27:13
江西省,长江流域,周坊,2026-09-30 02:00,2,28.42,7.49,7.99,136.1027,6.88293,1.6,0.003,0.03,1.11124,,,2026-09-30 06:27:13
江西省,长江流域,大港,2026-09-30 02:00,2,28.33,7.47,7.74,137.79,62.59,1.17,0.084,0.04,1.259,,,2026-09-30 06:27:13
江西省,长江流域,新联,2026-09-30 03:00,3,27.25,6.95,7.47,168.7,66.16,4.66,0.066,0.072,1.8253,,,2026-09-30 06:27:13
江西省,长江流域,生米,2026-09-30 03:00,2,28.215,6.88,7.4,134.263,4.57,1.55,0.023,0.042,1.037,,,2026-09-30 06:27:13
江西省,长江流域,滁槎,2026-09-30 02:00,3,28.37,6.58,5.48,155.28,7.01,1.71,0.01,0.052,1.697,,,2026-09-30 06:27:13
江西省,长江流域,塔城,2026-09-30 03:00,2,29.02,7.75,6.42,101.26,16.4,2.38,0.031,0.035,0.926,,,2026-09-30 06:27:13
江西省,长江流域,昌邑,2026-09-30 02:00,2,28.01,7.61,7.48,141.97,25.28,1.67,0.012,0.047,1.168,,,2026-09-30 06:27:13
江西省,长江流域,八一桥,2026-09-30 03:00,2,29.77,7.67,7.66,124.451,13.239,1.92,0.209,0.048,0.9275,,,2026-09-30 06:27:13
江西省,长江流域,焦石坝,2026-09-30 02:00,2,29.57,7.57,6.68,110.41,12.7,2.79,0.07,0.036,0.9738,,,2026-09-30 06:27:13
江西省,长江流域,鲇鱼山,2026-09-30 02:00,2,30.68,7.12,7.04,212.13,7.72,1.43,0.089,0.032,1.278,,,2026-09-30 06:27:13
江西省,长江流域,戴村,2026-09-30 02:00,2,30.962,7.44,6.67,660.11,11.85,1.94,0.045,0.032,0.879,,,2026-09-30 06:27:13
江西省,长江流域,南河河口,2026-09-30 02:00,5,29.51,6.81,2.88,229.89,7.69,1.8,0.085,0.127,2.163,,,2026-09-30 06:27:13
江西省,长江流域,镇埠,2026-09-30 03:00,3,27.69,6.69,5.78,98.69,0.03,1.3,,0.032,0.162,,,2026-09-30 06:27:13
江西省,长江流域,龙山口,2026-09-30 03:00,2,28.43,8.26,6.83,299.496,3.209,3.24,0.024,0.022,0.9289,,,2026-09-30 06:27:13
江西省,长江流域,桐车湾,2026-09-30 03:00,4,27.57,7.78,4.96,408.857,0.644,2.48,0.039,0.116,2.83,,,2026-09-30 06:27:13
江西省,长江流域,金鱼石,2026-09-30 02:00,3,28.87,7.6,5.68,324.83,11.27,1.08,0.016,0.064,1.89,,,2026-09-30 06:27:13
江西省,长江流域,邓家洲,2026-09-30 02:00,3,28.42,7.59,5.79,616.8483,2.33857,2.19,0.253,0.094,2.17875,,,2026-09-30 06:27:13
江西省,长江流域,吴城修河,2026-09-30 02:00,2,27.113,7.08,6.44,129.74,35.08,2.05,0.1,0.048,1.0326,,,2026-09-30 06:27:13
江西省,长江流域,姚港,2026-09-30 02:00,2,26.02,7.52,7.47,379.5,20.96,1.49,0.054,0.067,1.594,,,2026-09-30 06:27:13
江西省,长江流域,湖口,2026-09-30 03:00,2,25.8163,7.97,7.27,355.08,21.18,1.66,0.011,0.064,2.465,,,2026-09-30 06:27:13
江西省,长江流域,蛤蟆石,2026-09-30 03:00,3,27.85,6.81,6.47,135.16,30.97,2.2,,0.038,1.795,0.00102,260270.7,2026-09-30 06:27:13
江西省,长江流域,都昌,2026-09-30 01:00,4,28.34,6.67,4.95,158.32,38.61,2.7,,0.068,1.398,0.02911,1.114,2026-09-30 06:27:13
江西省,长江流域,潦河河口,2026-09-30 02:00,2,28.58,6.91,6.33,173.94,20.394,2.03,0.019,0.049,0.8366,,,2026-09-30 06:27:13
江西省,长江流域,三都,2026-09-30 02:00,3,27.37,6.73,5.95,104.37,2.33,0.77,0.006,0.023,0.69,,,2026-09-30 06:27:13
江西省,长江流域,柘林湖坝上,2026-09-30 02:00,2,27.702,8.59,10.75,100.37,2.086,2.08,0.001,0.009,0.463,,,2026-09-30 06:27:13
江西省,长江流域,洋港镇,2026-09-30 02:00,3,24.442,7.16,5.54,316.829,1.806,0.8,0.01,0.006,0.77844,,,2026-09-30 06:27:13
江西省,长江流域,修水界上桥,2026-09-30 02:00,3,27.81,7.37,5.27,157.239,5.435,2.34,0.007,0.086,1.13551,,,2026-09-30 06:27:13
江西省,长江流域,共青城寨下,2026-09-30 02:00,4,28.4,7.62,4.79,467.6,31.3,3.64,0.104,0.061,1.458,,,2026-09-30 06:27:13
江西省,长江流域,罗坊,2026-09-30 03:00,3,30.58,7.36,5.72,309.325,27.829,3.47,,0.071,1.4883,,,2026-09-30 06:27:13
江西省,长江流域,孔目江江口,2026-09-30 03:00,2,29.44,7.56,6.62,330.944,20.152,2.3,0.1,0.071,0.7,,,2026-09-30 06:27:13
江西省,长江流域,浮桥,2026-09-30 03:00,3,29.2,7.58,5.61,299.414,9.197,3.13,0.088,0.044,1.4182,,,2026-09-30 06:27:13
江西省,长江流域,傣家村,2026-09-30 03:00,3,30.33,,7.23,171.653,6.803,4.31,0.087,0.037,0.5658,0.00563,1.858357,2026-09-30 06:27:13
江西省,长江流域,炭埠周家,2026-09-30 02:00,2,28.65,7.09,8.72,152.23,2.02,1.3,,0.039,1.084,,,2026-09-30 06:27:13
江西省,长江流域,白塔河河口,2026-09-30 02:00,4,29.6,6.72,4.86,100.203,5.384,1.45,0.08,0.038,0.6043,,,2026-09-30 06:27:13
江西省,长江流域,土桥,2026-09-30 03:00,2,30.06,7.25,6.41,181.399,4.954,2.02,0.03,0.045,1.0923,,,2026-09-30 06:27:13
江西省,长江流域,流口村,2026-09-30 02:00,2,30.84,7.13,7.37,160.4287,7.025963,1.86,,0.047,1.027893,,,2026-09-30 06:27:13
江西省,长江流域,市自来水厂,2026-09-30 02:00,2,29.24,7.23,8.11,108.618,6.316,0.99,0.109,0.022,0.4864,,,2026-09-30 06:27:13
江西省,长江流域,新庙前,2026-09-30 01:00,2,30.23,7.72,7.14,136.065,27.29,0.82,0.018,0.033,1.1857,,,2026-09-30 06:27:13
江西省,长江流域,梓坑,2026-09-30 02:00,2,30.01,7.34,6.49,112.667,8.174,2.07,0.055,0.059,1.1914,,,2026-09-30 06:27:13
江西省,长江流域,峡山,2026-09-30 03:00,2,31.1,7.68,8.09,122.532,2.333,1.32,0.059,0.07,0.8527,,,2026-09-30 06:27:13
江西省,长江流域,梅江江口,2026-09-30 02:00,2,31.74,8.48,8.44,105.724,8.5,1.95,0.05,0.059,0.4779,,,2026-09-30 06:27:13
江西省,长江流域,平江江口,2026-09-30 03:00,2,29.59,7.21,6.76,122.302,21.157,1.69,0.132,0.045,0.6726,,,2026-09-30 06:27:13
江西省,长江流域,上犹江江口,2026-09-30 03:00,1,27.33,7.14,7.59,68.476,10.956,1.51,0.052,0.015,0.5892,,,2026-09-30 06:27:13
江西省,长江流域,龙南自来水厂,2026-09-30 03:00,2,29.46,7.77,6.78,105.36,2.37,1.3,0.03,0.032,0.7081,,,2026-09-30 06:27:13
江西省,长江流域,桃江江口,2026-09-30 02:00,3,30.62,7.31,5.68,198.581,2.842,1.01,0.065,0.032,2.0732,,,2026-09-30 06:27:13
江西省,长江流域,大余城郊,2026-09-30 01:00,2,27.34,7.15,6.58,89.978,4.962,0.35,0.053,0.024,0.7922,,,2026-09-30 06:27:13
江西省,长江流域,汝城多发电站,2026-09-30 02:00,2,24.11,7.13,7.38,76.4,4.62,0.96,0.004,0.026,0.524,,,2026-09-30 06:27:13
江西省,珠江流域,兴宁电站,2026-09-30 02:00,1,30.22,8.4,11.12,72.3751,2.277112,1.68,0.019,0.016,2.341553,,,2026-09-30 06:27:13
江西省,长江流域,通津,2026-09-30 03:00,2,28.92,8.25,8.62,108.405,20.416,1.65,0.132,0.04,1.1063,,,2026-09-30 06:27:13
江西省,长江流域,金滩,2026-09-30 03:00,2,30.43,7.5,8.22,116.11,10.25,1.55,0.08,0.041,0.9856,,,2026-09-30 06:27:13
江西省,长江流域,孤江江口,2026-09-30 02:00,2,31.57,7.41,6.64,95.519,8.953,2.37,0.028,0.063,0.443,,,2026-09-30 06:27:13
江西省,长江流域,禾水河口,2026-09-30 02:00,2,30.39,7.6,7.41,131.796,10.449,1.51,0.134,0.036,0.5789,,,2026-09-30 06:27:13
江西省,长江流域,蜀水河口,2026-09-30 02:00,2,29.27,7.56,8.96,76.896,12.501,1.37,0.08,0.037,0.3962,,,2026-09-30 06:27:13
江西省,长江流域,遂川江江口,2026-09-30 02:00,2,29.16,7.67,7.7,99.361,29.217,1.61,0.03,0.085,1.0662,,,2026-09-30 06:27:13
江西省,长江流域,乌江江口,2026-09-30 03:00,2,31.07,7.63,6.38,146.589,12.163,1.98,0.11,0.036,0.5727,,,2026-09-30 06:27:13
江西省,长江流域,大洋洲,2026-09-30 03:00,2,29.41,7.58,7.47,112.232,7.245,0.98,0.058,0.038,1.0833,,,2026-09-30 06:27:13
江西省,长江流域,棚下,2026-09-30 02:00,2,28.13,7.3,6.1,188.6362,5.45,1.68,0.06,0.073,1.089,,,2026-09-30 06:27:13
江西省,长江流域,丰城小港口,2026-09-30 02:00,2,29.94,7.29,8.12,113.84,4.2062,1.28,0.021,0.033,0.9745,,,2026-09-30 06:27:13
江西省,长江流域,高安市青州村,2026-09-30 02:00,2,30.31,8.05,7.41,215.06,2.74,1.49,0.009,0.04,0.784,,,2026-09-30 06:27:13
江西省,长江流域,良田村,2026-09-30 02:00,2,26.95,7.8,6.73,220.69,7.36,2.2,0.006,0.044,1.169,,,2026-09-30 06:27:13
江西省,长江流域,三洪村,2026-09-30 02:00,2,29.4,6.91,6.56,127.68,20.09,1.6,0.012,0.04,0.877,,,2026-09-30 06:27:13
江西省,长江流域,肖江江口,2026-09-30 02:00,4,30.687,7.26,4.59,331.032,11.73,3.04,0.062,0.046,0.879,,,2026-09-30 06:27:13
江西省,长江流域,修河港口,2026-09-30 03:00,3,27.11,6.7,5.65,44.21,1.45,0.44,0.042,0.006,0.218,,,2026-09-30 06:27:13
江西省,长江流域,超坊,2026-09-30 03:00,2,28.31,7.7,6.66,97.744,28.747,2.82,0.207,0.066,1.0812,,,2026-09-30 06:27:13
江西省,长江流域,钟岭水厂,2026-09-30 02:00,2,29.91,7.72,6.33,86.67,28.32,3.51,0.015,0.084,0.7564,,,2026-09-30 06:27:13
江西省,长江流域,临水河口,2026-09-30 02:00,2,28.62,7.06,7.38,94.27,9.27,2.33,0.07,0.048,0.626,,,2026-09-30 06:27:13
江西省,长江流域,赵家湾,2026-09-30 02:00,3,29.288,7.02,5.59,253.284,27.0427,1.04,0.06,0.032,1.041,,,2026-09-30 06:27:13
江西省,长江流域,康山,2026-09-30 02:00,5,25.66,6.71,6.51,137.24,56.37,3.35,0.261,0.116,1.465,0.0118,880000,2026-09-30 06:27:13
江西省,长江流域,野鸡山村,2026-09-30 02:00,2,30.3,7.42,7.57,1307.66,13.64,1.69,0.048,0.024,1.087,,,2026-09-30 06:27:13
江西省,长江流域,瑞洪大桥,2026-09-30 02:00,4,30.87,6.8,4.69,138.36,14.76,1.93,,0.037,0.773,,,2026-09-30 06:27:13
江西省,长江流域,弋阳,2026-09-30 02:00,2,31.15,7.55,7.27,179.2,6.8,1.74,,0.06,1.139,,,2026-09-30 06:27:13
江西省,长江流域,鄱阳花园,2026-09-30 03:00,2,29.31,7.56,7.83,203.19,8.06,2.06,0.035,0.022,1.323,,,2026-09-30 06:27:13
江西省,长江流域,洎水河河口,2026-09-30 02:00,3,29.9,6.81,5.07,415.42,8.15,2.2,0.082,0.059,1.656,,,2026-09-30 06:27:13
江西省,长江流域,铅山,2026-09-30 02:00,2,30.81,7.61,8.19,192.64,6.85,2.58,,0.098,0.716,,,2026-09-30 06:27:13
江西省,长江流域,旗山,2026-09-30 02:00,2,30.95,7.25,6.48,178.26,10.27,1.85,0.06,0.067,1.051,,,2026-09-30 06:27:13
江西省,长江流域,应家坊,2026-09-30 02:00,1,23.7,8.44,8.3,,49.13,,,,1.51,,,2026-09-30 06:27:13
山东省,淮河流域,辛丰庄,2026-09-30 02:00,2,24.841,7.82,7.09,1204.35,40.106,3.1,0.187,0.094,6.9,,,2026-09-30 06:27:13
山东省,黄河流域,泺口,2026-09-30 02:00,2,24.2,8.35,8.58,748.06,495.46,1.84,0.144,0.087,2.939,,,2026-09-30 06:27:13
山东省,淮河流域,睦里庄,2026-09-30 02:00,3,22.385,7.34,5.33,797.829,17.22,2.17,0.03,0.038,0.99,,,2026-09-30 06:27:13
山东省,黄河流域,卧虎山水库,2026-09-30 02:00,1,22.2,8.09,8.76,497.913,7.158,1.31,0.0004,0.011,3.626,,,2026-09-30 06:27:13
山东省,淮河流域,斜拉桥,2026-09-30 02:00,4,22.474,7.55,3.09,974.657,,5.75,0.327,0.058,1.12,,,2026-09-30 06:27:13
山东省,淮河流域,马连庄,2026-09-30 02:00,2,22.516,7.72,9.46,1029.28,4.409,2.03,,0.012,20.395,,,2026-09-30 06:27:13
山东省,淮河流域,吉利河水库出口,2026-09-30 02:00,4,22.008,7.79,4.84,335.234,11.773,5,0.013,0.044,0.881,,,2026-09-30 06:27:13
山东省,淮河流域,墨水河入海口,2026-09-30 02:00,4,24.652,7.93,8.03,1914.97,7.16,6.25,0.109,0.198,7.341,,,2026-09-30 06:27:13
山东省,淮河流域,韩旺大桥,2026-09-30 02:00,2,23.084,7.9,9.49,851.827,3.018,2.11,0.016,0.005,25.8,,,2026-09-30 06:27:13
山东省,淮河流域,台儿庄大桥,2026-09-30 02:00,2,24.84,7.94,6.85,1246.67,27.08,3.4,0.174,0.072,2.467,,,2026-09-30 06:27:13
山东省,淮河流域,群乐桥,2026-09-30 02:00,3,20.6,7.93,6.63,2242.68,17.907,4.87,0.022,0.089,3.069,,,2026-09-30 06:27:13
山东省,淮河流域,王晁桥,2026-09-30 02:00,4,23.617,7.72,3.37,1479.99,21.562,4.77,0.168,0.279,5.932,,,2026-09-30 06:27:13
山东省,淮河流域,十字河大桥,2026-09-30 02:00,2,24.581,7.85,7.84,1340.36,4.569,3.78,0.001,0.039,0.509,,,2026-09-30 06:27:13
山东省,淮河流域,贾庄闸,2026-09-30 02:00,3,24.07,7.66,6.42,1414.52,11.46,4.56,0.14,0.123,5.968,,,2026-09-30 06:27:13
山东省,淮河流域,支脉河陈桥,2026-09-30 02:00,4,23.918,8.34,12.85,6155.844,51.177,7.14,0.025,0.079,1.588,,,2026-09-30 06:27:13
山东省,淮河流域,新夹河大桥,2026-09-30 02:00,4,21.97053,7.71,4.5,1165.379,33.5,7.06,0.053,0.074,0.65571,,,2026-09-30 06:27:13
山东省,淮河流域,桥头,2026-09-30 02:00,5,21.21,7.58,2.74,795.201,11.44,7.53,0.055,0.202,2.669,,,2026-09-30 06:27:13
山东省,淮河流域,东村河入海口,2026-09-30 02:00,2,20.594,7.24,6.04,739.638,109.472,3.87,,0.075,2.029,,,2026-09-30 06:27:13
山东省,淮河流域,羊口,2026-09-30 02:00,6,24.104,7.81,1.48,5265.925,66.438,5.52,0.229,0.157,4.5,,,2026-09-30 06:27:13
山东省,淮河流域,峡山水库库中,2026-09-30 03:00,3,23.84,8.59,6.48,732.91,9.39,5,0.007,0.029,0.356,0.0175,1.720607,2026-09-30 06:27:13
山东省,淮河流域,柳疃桥,2026-09-30 02:00,4,24.197,7.83,12.29,1531.101,24.651,6.8,0.017,0.087,6.445,,,2026-09-30 06:27:13
山东省,淮河流域,张建桥,2026-09-30 02:00,2,23.229,7.95,6.68,2702.471,8.942,4,0.117,0.055,13.807,,,2026-09-30 06:27:13
山东省,淮河流域,兖州南大桥,2026-09-30 02:00,3,24.632,7.83,6.94,1248.63,9.018,4.03,0.002,0.055,1.6925,,,2026-09-30 06:27:13
山东省,淮河流域,105公路桥,2026-09-30 02:00,4,25.01,7.64,3.33,1529.93,47.465,5.02,0.071,0.158,2.622,,,2026-09-30 06:27:13
山东省,淮河流域,高河桥,2026-09-30 02:00,4,25.432,7.89,3.28,1436.53,26.997,5.96,0.071,0.113,1.849,,,2026-09-30 06:27:13
山东省,淮河流域,西石佛,2026-09-30 02:00,4,24.837,7.54,4.19,1292,15.298,3.79,0.569,0.069,,,,2026-09-30 06:27:13
山东省,淮河流域,老运河微山段,2026-09-30 02:00,4,25.474,7.79,4.13,1296.88,14.304,3.78,0.063,0.038,0.971,,,2026-09-30 06:27:13
山东省,淮河流域,李集,2026-09-30 02:00,4,24.4,7.98,4.21,1262,17.438,3.88,0.071,0.08,1.425,,,2026-09-30 06:27:13
山东省,淮河流域,尹沟,2026-09-30 02:00,2,24.93,8.24,8.31,1083.88,27.7,3.98,0.145,0.034,0.803,0.04,,2026-09-30 06:27:13
山东省,淮河流域,西支河入湖口,2026-09-30 02:00,5,25.169,8.03,2.8,1345.05,11.177,5.86,0.027,0.06,0.965,,,2026-09-30 06:27:13
山东省,淮河流域,东石佛,2026-09-30 02:00,3,24.588,7.85,5.42,1230.89,18.195,4.17,0.006,0.031,1.008,,,2026-09-30 06:27:13
山东省,淮河流域,西姚,2026-09-30 02:00,4,24.852,7.97,3.79,1196,26.885,3.16,0.04,0.127,1.272,,,2026-09-30 06:27:13
山东省,淮河流域,鲁桥,2026-09-30 02:00,4,25.291,7.82,4.99,1783.7,26.684,4.38,0.107,0.064,0.818,,,2026-09-30 06:27:13
山东省,淮河流域,湘子庙,2026-09-30 02:00,5,24.37,8.21,2.63,2130.29,56.632,4.54,0.088,0.236,2.92024,,,2026-09-30 06:27:13
山东省,黄河流域,戴村坝,2026-09-30 02:00,3,25.61,7.55,5.84,947.84,23.84,2.32,0.077,0.027,2.807,,,2026-09-30 06:27:13
山东省,黄河流域,徐家汶,2026-09-30 02:00,2,22.26727,7.79,7.76,1414.42,2.01,2.16,0.052,0.068,38.48012,,,2026-09-30 06:27:13
山东省,淮河流域,南桥,2026-09-30 03:00,4,22.938,8.15,7.59,1985.529,36.329,8.8,0.139,0.131,1.455,,,2026-09-30 06:27:13
山东省,淮河流域,大古镇,2026-09-30 02:00,3,24.52,7.02,6.49,782.29,21.59,3.98,0.393,0.131,5.287,,,2026-09-30 06:27:13
山东省,淮河流域,夏庄,2026-09-30 02:00,5,23.19,8.79,9.7,1495.1,16.5,10.09,0.024,0.233,3.66944,,,2026-09-30 06:27:13
山东省,黄河流域,贺小庄,2026-09-30 03:00,3,24.314,7.85,6.25,845.994,22.542,4.06,0.047,0.025,0.925,,,2026-09-30 06:27:13
山东省,淮河流域,临沂北大桥,2026-09-30 02:00,4,23.45,8.58,6.86,426.91,22.311,7.25,0.089,0.08,1.488,,,2026-09-30 06:27:13
山东省,淮河流域,捷庄,2026-09-30 02:00,4,24.18,7.66,7.34,690.911,10.829,6.38,0.209,0.103,1.279,,,2026-09-30 06:27:13
山东省,淮河流域,临沭大兴桥,2026-09-30 02:00,4,23.782,7.88,8.81,648.439,11.375,6.69,,0.126,1.27,,,2026-09-30 06:27:13
山东省,淮河流域,310公路桥,2026-09-30 02:00,6,23.77,7.26,0.72,720.5,1.15,3.7,0.021,0.097,0.339,,,2026-09-30 06:27:13
山东省,淮河流域,沙沟桥,2026-09-30 02:00,4,22.12,7.4,3.95,748.75,12.28,3.76,0.123,0.1,3.091,,,2026-09-30 06:27:13
山东省,淮河流域,云蒙湖湖心,2026-09-30 02:00,3,21.24,8.98,11.03,414.4,0.96,4.89,0.09,0.019,2.789,0.01297,1.11221,2026-09-30 06:27:13
山东省,海河流域,第三店,2026-09-30 02:00,3,24.403,7.75,5.56,992.628,13.437,2.76,0.042,0.035,1.88,,,2026-09-30 06:27:13
山东省,海河流域,董姑桥,2026-09-30 03:00,4,23.341,7.97,4.84,1258,33.745,3.94,,0.049,0.711,,,2026-09-30 06:27:13
山东省,海河流域,油坊桥,2026-09-30 03:00,3,23.993,8.18,6.66,1115.901,92.897,2.38,0.114,0.124,4.693,,,2026-09-30 06:27:13
山东省,海河流域,秤勾湾,2026-09-30 02:00,3,24,8.11,6.98,1064.94,97.7,2.41,0.762,0.122,6.591,,,2026-09-30 06:27:13
山东省,海河流域,北湖,2026-09-30 03:00,2,24.47,8.65,8.22,948.67,2.91,2.71,0.168,0.013,1.6,0.01326,1.021967,2026-09-30 06:27:13
山东省,海河流域,小泊头桥,2026-09-30 02:00,3,23.661,8.07,7.04,1260.922,14.901,2.18,0.028,0.104,5.676,,,2026-09-30 06:27:13
山东省,海河流域,胜利桥,2026-09-30 02:00,3,24.191,8.18,7.08,2491.403,44.025,5.91,0.104,0.131,1.653,,,2026-09-30 06:27:13
山东省,海河流域,富国,2026-09-30 02:00,4,23.892,8.2,4.89,2646.61,34.73,5.39,0.048,0.099,1.335,,,2026-09-30 06:27:13
山东省,海河流域,芦家河子水库,2026-09-30 02:00,3,22.555,8.98,6.64,846.939,31.378,4.16,0.026,0.047,1.165,,,2026-09-30 06:27:13
山东省,海河流域,三角洼水库,2026-09-30 02:00,2,25.303,8.82,9.58,1001.786,35.457,2.06,0.024,0.033,0.671,,,2026-09-30 06:27:13
山东省,淮河流域,西闸,2026-09-30 02:00,3,24.156,7.7,7.12,1879.417,6.948,3.68,0.195,0.117,5.798,,,2026-09-30 06:27:13
山东省,淮河流域,范李,2026-09-30 02:00,3,24.551,7.89,5.58,2142.97,24.165,3.27,0.368,0.166,5.632,,,2026-09-30 06:27:13
山东省,海河流域,邵家,2026-09-30 02:00,5,24.92,7.44,17.68,15235.72,92.93,13.97,0.001,,,,,2026-09-30 06:27:13
山东省,淮河流域,于楼,2026-09-30 02:00,6,23.783,8.15,1.12,2456.27,19.513,4.32,0.17,0.161,0.852,,,2026-09-30 06:27:13
山东省,淮河流域,徐寨,2026-09-30 02:00,3,24.265,8.24,6.84,2292.9,22.601,4.56,0.125,0.143,1.838,,,2026-09-30 06:27:13
河南省,黄河流域,花园口,2026-09-30 02:00,2,22.7832,7.94,7.63,989.9165,,2.74,0.22,0.092,2.647114,,,2026-09-30 06:27:13
河南省,黄河流域,七里铺,2026-09-30 02:00,3,24.4962,7.9,7.38,752.373,17.6615,2.29,0.208,0.148,5.201,,,2026-09-30 06:27:13
河南省,淮河流域,尖岗水库,2026-09-30 02:00,1,24.66,8.74,9.89,257.6092,6.2218,,0.017,0.008,0.4283,,,2026-09-30 06:27:13
河南省,淮河流域,新郑黄甫寨,2026-09-30 02:00,2,23.72,7.85,7.33,1061.21,14.87,2.86,0.281,0.045,3.9034,,,2026-09-30 06:27:13
河南省,淮河流域,通许邸阁,2026-09-30 02:00,3,23.68,7.98,6.46,950.7,85.88,3.6,0.112,0.112,1.694,,,2026-09-30 06:27:13
河南省,淮河流域,中牟陈桥,2026-09-30 02:00,3,24.68,8.16,8.09,794.82,55.01,5.49,0.038,0.097,4.9336,,,2026-09-30 06:27:13
河南省,黄河流域,高崖寨,2026-09-30 02:00,2,23.71,8.2,6.99,482.36,7.64,2.9,0.03,0.052,3.382,,,2026-09-30 06:27:13
河南省,黄河流域,龙门大桥,2026-09-30 02:00,2,23.124,8.21,7.85,646.124,34,3.54,0.062,0.1,4.843,,,2026-09-30 06:27:13
河南省,淮河流域,紫罗山,2026-09-30 02:00,2,21.78557,7.86,7.86,275.0963,51.13639,3.72,0.093,0.076,4.31868,,,2026-09-30 06:27:13
河南省,黄河流域,白马寺,2026-09-30 02:00,3,23.7,7.69,6.44,693.1,18.6,1.91,0.171,0.144,4.708,,,2026-09-30 06:27:13
河南省,黄河流域,潭头,2026-09-30 02:00,2,21.095,8.07,8.06,511,7.3658,1.47,0.04,0.029,3.076,,,2026-09-30 06:27:13
河南省,淮河流域,大陈闸,2026-09-30 02:00,2,23.99038,8.03,8.4,810.4652,4.08983,1.73,0.02,0.047,6.46258,,,2026-09-30 06:27:13
河南省,淮河流域,白龟山水库,2026-09-30 02:00,2,23.56,8.07,7.03,364.23,4.51,3.09,0.002,0.022,1.073,0.02625,2369000,2026-09-30 06:27:13
河南省,淮河流域,杨寨中村,2026-09-30 02:00,3,21.55,7.81,7.71,687.62,40.33,2.85,0.05,0.12,8.277,,,2026-09-30 06:27:13
河南省,淮河流域,舞钢石庄桥,2026-09-30 02:00,3,22.52022,7.14,5.51,627.3024,9.9904,3.06,0.893,0.152,5.5429,,,2026-09-30 06:27:13
河南省,海河流域,彰武水库,2026-09-30 02:00,1,24.253,8.04,9.32,581.5,3.83,1.69,,0.009,2.4172,,,2026-09-30 06:27:13
河南省,海河流域,五陵,2026-09-30 02:00,3,23.65,7.88,6.92,1413.3,90.8,3.11,0.015,0.193,7.107,,,2026-09-30 06:27:13
河南省,海河流域,石辛庄,2026-09-30 02:00,3,25.23,8.24,7.55,1525.976,46.442,4.7,0.284,0.181,10.0703,,,2026-09-30 06:27:13
河南省,海河流域,黄花营,2026-09-30 02:00,1,24.79,8.34,8.78,498.2743,4.7343,0.8,0.01,0.013,4.7486,,,2026-09-30 06:27:13
河南省,海河流域,前枋城,2026-09-30 02:00,2,22.999,7.58,7.39,605.99,8.43,1.28,0.014,,5.386,,,2026-09-30 06:27:13
河南省,海河流域,卫河小河口,2026-09-30 02:00,3,23.48,7.93,6.81,1286.025,131.79,3.34,0.581,0.166,7.4335,,,2026-09-30 06:27:13
河南省,海河流域,修武水文站,2026-09-30 02:00,4,24.32,7.86,7.42,2571.722,64.36,4.26,0.803,0.241,8.5801,,,2026-09-30 06:27:13
河南省,海河流域,获嘉东碑村,2026-09-30 02:00,3,24.51,7.81,6.4,1870.62,54.99,3.76,0.385,0.126,6.734,,,2026-09-30 06:27:13
河南省,黄河流域,封丘陶北,2026-09-30 02:00,2,24.81,8.41,12,1011.93,19.7,2.5,0.008,0.058,2.753,,,2026-09-30 06:27:13
河南省,黄河流域,封丘王堤,2026-09-30 02:00,2,23.632,7.98,8.39,1032.33,29.11,3.99,0.062,0.087,3.6917,,,2026-09-30 06:27:13
河南省,海河流域,新乡贾太湖,2026-09-30 02:00,3,23.58,8.16,8.68,995.946,737.199,2.88,,0.168,3.5815,,,2026-09-30 06:27:13
河南省,黄河流域,武陟渠首,2026-09-30 02:00,2,23.9,7.96,8.45,904.28,28.97,1.29,0.035,0.092,4.499,,,2026-09-30 06:27:13
河南省,黄河流域,孟州石井,2026-09-30 02:00,4,24.78324,7.82,4.62,2991.513,28.15865,7.12,0.002,0.196,8.124,,,2026-09-30 06:27:13
河南省,黄河流域,孟州还封村,2026-09-30 02:00,3,23.87648,7.85,5.56,1508.87,7.82609,3.92,0.081,0.16,11.39217,,,2026-09-30 06:27:13
河南省,海河流域,南乐元村集,2026-09-30 02:00,3,21.95,7.98,9.05,1276.11,174.79,2.23,0.079,0.158,7.078,,,2026-09-30 06:27:13
河南省,海河流域,南乐水文站,2026-09-30 02:00,4,24.66,7.86,5.45,869.3216,162.23,6.39,0.579,0.264,3.5421,,,2026-09-30 06:27:13
河南省,海河流域,濮阳西水坡,2026-09-30 02:00,4,24.72,8.24,4.92,796.62,5.48,2.56,0.039,0.012,1.104,,,2026-09-30 06:27:13
河南省,黄河流域,濮阳大韩桥,2026-09-30 02:00,4,23.44,7.43,3.23,935.93,80.43,3.08,0.076,0.144,1.822,,,2026-09-30 06:27:13
河南省,淮河流域,白沙水库,2026-09-30 02:00,4,23.7334,7.75,4.47,726.173,3.8851,2.85,0.008,0.018,3.6753,,,2026-09-30 06:27:13
河南省,淮河流域,召陵武湾,2026-09-30 02:00,3,23.34,7.86,8.43,626.2,45.22,3.53,0.058,0.108,4.174,,,2026-09-30 06:27:13
河南省,淮河流域,郾城漯邓桥,2026-09-30 02:00,3,24.5,7.58,5.36,1531,22.74,3.25,0.044,0.196,4.197,,,2026-09-30 06:27:13
河南省,淮河流域,叶舞公路桥,2026-09-30 02:00,2,22.687,7.4,6.96,330.69,13.475,3.41,0.003,0.077,2.698,,,2026-09-30 06:27:13
河南省,淮河流域,临颍高村桥,2026-09-30 02:00,3,24.15,7.53,5.88,1061.75,26,2.98,0.711,0.169,9.899,,,2026-09-30 06:27:13
河南省,淮河流域,舞阳马湾,2026-09-30 02:00,2,23.389,7.74,6.07,576.4,21.62,2.57,0.052,0.055,4.14,,,2026-09-30 06:27:13
河南省,黄河流域,洛河大桥,2026-09-30 02:00,1,21.24,8.3,8.42,444.682,31.82,1.09,0.074,0.019,1.7484,,,2026-09-30 06:27:13
河南省,黄河流域,三门峡水库,2026-09-30 02:00,2,22.18,8.15,7.43,1063.289,34.12149,1.28,0.008,0.016,4.16911,0.00183,722213.6,2026-09-30 06:27:13
河南省,长江流域,淅川荆紫关,2026-09-30 02:00,1,23.26922,8.14,7.52,392.2083,7.835205,1.49,0.007,0.018,1.721,,,2026-09-30 06:27:13
河南省,长江流域,淅川史家湾,2026-09-30 02:00,2,22.9,7.93,7.85,411.148,11.196,1.64,0.027,0.032,1.8346,0.00157,,2026-09-30 06:27:13
河南省,长江流域,淅川高湾,2026-09-30 02:00,3,21.76,7.94,8.12,351.668,43.618,4.04,,0.057,2.739,0.0061,,2026-09-30 06:27:13
河南省,长江流域,淅川张营,2026-09-30 02:00,3,24.91,7.67,5.23,330.534,5.375,2.52,0.044,0.021,1.4003,0.0021056,,2026-09-30 06:27:13
河南省,长江流域,五龙泉,2026-09-30 02:00,3,23.99,7.74,5.29,260.79,3.5,1.9,0.009,0.013,0.87,0.0016,707268.4,2026-09-30 06:27:13
河南省,长江流域,宋岗,2026-09-30 02:00,2,24.508,8.01,6.87,268.3,4.784,1.2,,0.009,0.809,0.003226,998324.4,2026-09-30 06:27:13
河南省,长江流域,陶岔,2026-09-30 02:00,3,24.55,7.98,5.95,259.496,4.658,1.41,,0.014,0.8313,0.0026,752367,2026-09-30 06:27:13
河南省,长江流域,三道河,2026-09-30 03:00,1,20.57,7.1,8.6,535.8,30.108,0.7,0.076,0.004,4.914,,,2026-09-30 06:27:13
河南省,长江流域,上河,2026-09-30 02:00,1,21,8.03,8.83,193.5187,7.73734,1.84,0.002,0.002,1.48293,,,2026-09-30 06:27:13
河南省,长江流域,方城夏河,2026-09-30 02:00,4,21.71,7.52,4.67,730.7691,29.163,3.29,0.84,0.178,7.649,,,2026-09-30 06:27:13
河南省,长江流域,内乡怀乡桥,2026-09-30 01:00,1,23.03439,8.17,10.51,501.481,6.08847,1.94,0.005,0.017,3.37645,,,2026-09-30 06:27:13
河南省,淮河流域,新野溧河桥,2026-09-30 02:00,2,22.55553,7.7,8.04,441.7401,35.69459,3.24,0.003,0.083,3.50189,,,2026-09-30 06:27:13
河南省,淮河流域,吕楼桥,2026-09-30 02:00,4,23.29,7.57,3.46,1648.823,62.759,2.98,0.086,0.109,0.8841,,,2026-09-30 06:27:13
河南省,淮河流域,黄口,2026-09-30 03:00,3,23.56,8.22,7.22,1926.935,14.05,4.13,0.124,0.064,3.0737,,,2026-09-30 06:27:13
河南省,淮河流域,睢县板桥,2026-09-30 02:00,5,23.15,7.88,6.16,1314.17,126.37,6.31,0.812,0.312,9.319,,,2026-09-30 06:27:13
河南省,淮河流域,永城张板桥,2026-09-30 02:00,4,22.93,7.4,4.81,1458.16,129.78,3.03,0.373,0.055,2.025,,,2026-09-30 06:27:13
河南省,淮河流域,长台关甘岸桥,2026-09-30 02:00,3,22.5,7.42,6.03,332.34,33.1,4.29,0.048,0.117,1.73,,,2026-09-30 06:27:13
河南省,淮河流域,息县大埠口,2026-09-30 02:00,4,22.78026,7.23,3.55,305.0886,11.26501,3.19,0.024,,0.96857,,,2026-09-30 06:27:13
河南省,淮河流域,潢川水文站,2026-09-30 02:00,5,23.0803,6.82,4.21,248.638,69.268,5.28,0.121,0.348,2.5337,,,2026-09-30 06:27:13
河南省,淮河流域,淮滨北庙,2026-09-30 02:00,3,22.63,7.12,6.43,246.8847,116.2147,3.69,0.26,0.11,1.29731,,,2026-09-30 06:27:13
河南省,淮河流域,饮用水源地取水口,2026-09-30 03:00,4,23.36,7.04,4.98,166.9,3.48,3.22,0.049,0.016,0.621,0.036,55000,2026-09-30 06:27:13
河南省,淮河流域,竹竿铺,2026-09-30 02:00,2,21.76,7.56,7.51,209.45,14.87,2.35,0.032,0.071,0.748,,,2026-09-30 06:27:13
河南省,淮河流域,固始马罡,2026-09-30 02:00,4,23.3684,7.23,4.38,212.329,5.4964,2.89,0.012,0.031,0.7247,,,2026-09-30 06:27:13
河南省,淮河流域,老沈丘泉河桥,2026-09-30 02:00,5,23.95,7.54,2.96,936.223,34.12,3.37,0.056,0.121,3.1705,,,2026-09-30 06:27:13
河南省,淮河流域,刘寨村后,2026-09-30 02:00,5,24.2,7.71,2.45,1405,40.26,4.04,0.296,0.124,3.3463,,,2026-09-30 06:27:13
河南省,淮河流域,西华大王庄,2026-09-30 03:00,4,23.4929,8.02,7.44,795.49,80.222,4.44,0.29,0.234,3.944,,,2026-09-30 06:27:13
河南省,淮河流域,周口康店,2026-09-30 02:00,3,24.09,7.67,5.2,742.5001,14.18,2.96,0.265,0.096,5.0795,,,2026-09-30 06:27:13
河南省,淮河流域,商水双桥,2026-09-30 02:00,4,23.5,7.62,4.2,776.3833,22.2589,2.97,0.174,0.144,4.625,,,2026-09-30 06:27:13
河南省,淮河流域,鄢陵陶城闸,2026-09-30 02:00,4,23.1,7.61,3.66,1073.3,34.33,4.92,0.544,0.131,8.6932,,,2026-09-30 06:27:13
河南省,淮河流域,鹿邑付桥,2026-09-30 02:00,5,24.27,7.64,2.1,1013.174,21.352,5.05,0.183,0.095,2.0158,,,2026-09-30 06:27:13
河南省,淮河流域,西华址坊,2026-09-30 03:00,4,22.57,7.99,7.12,942.35,78.57,5.26,0.314,0.289,7.609,,,2026-09-30 06:27:13
河南省,淮河流域,冯塘邱屯,2026-09-30 02:00,5,23.19,7.44,2.76,1060.272,14.41412,4.39,1.402,0.222,6.19398,,,2026-09-30 06:27:13
河南省,淮河流域,鹿邑宋河桥,2026-09-30 03:00,4,24.16,7.61,5.88,1178.54,13.8,7.4,,0.148,2.552,,,2026-09-30 06:27:13
河南省,淮河流域,西平杨庄,2026-09-30 02:00,6,21.6,7.39,3.73,803.9866,19.4708,4.74,3.385,0.294,8.14955,,,2026-09-30 06:27:13
河南省,淮河流域,板桥水库,2026-09-30 02:00,4,22.73,7.34,3.35,236.8559,4.42,3.25,0.01,0.019,0.625,,,2026-09-30 06:27:13
河南省,淮河流域,西平王孟寺,2026-09-30 02:00,4,22.48183,7.27,5.41,865.7147,41.69563,2.53,0.087,0.219,3.82141,,,2026-09-30 06:27:13
河南省,淮河流域,新蔡李桥,2026-09-30 02:00,4,22.97,7.97,5.96,882.126,30.151,3.18,0.268,0.279,3.668,,,2026-09-30 06:27:13
河南省,黄河流域,小浪底水库,2026-09-30 02:00,2,23.58,8.06,7.07,997.879,971.985,,,0.079,13.525,,,2026-09-30 06:27:13
河南省,黄河流域,南山,2026-09-30 02:00,2,23.64233,8.1,8.74,1046.707,10.68782,1.67,0.002,0.018,3.28472,0.01529,3138953,2026-09-30 06:27:13
湖北省,长江流域,朱家河口,2026-09-30 02:00,4,24.677,7.34,3.67,510.387,95.85,4.88,0.11,0.127,3.067,,,2026-09-30 06:27:13
湖北省,长江流域,沐家泾,2026-09-30 02:00,3,24.07,6.94,5.6,205.07,236.525,4.47,0.21,0.139,2.067,,,2026-09-30 06:27:13
湖北省,长江流域,西梁子湖湖北,2026-09-30 03:00,3,25.3733,7.47,5.22,186.47,29.09,3.07,,0.035,0.523,,6650224,2026-09-30 06:27:13
湖北省,长江流域,宗关,2026-09-30 03:00,2,24,7.77,7.77,409.1,25.18,2.22,0.044,0.074,1.408,0.001026,,2026-09-30 06:27:13
湖北省,长江流域,杨泗港,2026-09-30 02:00,2,25.74,7.66,7.57,304.516,22.45,1.42,,0.029,1.903,,,2026-09-30 06:27:13
湖北省,长江流域,冯集,2026-09-30 02:00,3,24.77,7.12,5.76,232.778,15.991,3.14,0.28,0.084,1.246,,,2026-09-30 06:27:13
湖北省,长江流域,龙口,2026-09-30 02:00,3,24.96,7.06,5.15,218.16,18.39,4.74,0.114,0.058,0.908,,,2026-09-30 06:27:13
湖北省,长江流域,金水闸,2026-09-30 03:00,6,25.66,7.07,1.96,297.45,21.91,5.4,0.285,0.038,0.913,,,2026-09-30 06:27:13
湖北省,长江流域,郭玉,2026-09-30 02:00,2,24.264,7.3,6.01,234.3,19.83,2.03,0.069,0.088,2.467,,,2026-09-30 06:27:13
湖北省,长江流域,滠口,2026-09-30 02:00,5,24.7,6.86,2.17,239.5644,44.04,3.09,0.173,0.088,0.9869,,,2026-09-30 06:27:13
湖北省,长江流域,港洲村,2026-09-30 02:00,2,23.17,7.6,8.33,26.31,3.237,3.88,0.405,,1.389,,,2026-09-30 06:27:13
湖北省,长江流域,黄陵大桥,2026-09-30 02:00,3,25.454,7.29,5.64,559.411,49.116,4.23,0.17,0.114,1.293,,,2026-09-30 06:27:13
湖北省,长江流域,太平沙,2026-09-30 02:00,5,22.86,7.28,2.37,501.6,46.62,4.97,0.036,0.131,2.579,,,2026-09-30 06:27:13
湖北省,长江流域,白浒山,2026-09-30 02:00,2,25.87,7.76,6.44,355.3501,27.851,1.5,0.001,0.077,2.092249,,,2026-09-30 06:27:13
湖北省,长江流域,挖沟泵站,2026-09-30 02:00,4,25.02576,7.13,3.37,1666.139,70.77051,4.82,0.473,0.185,2.538448,,,2026-09-30 06:27:13
湖北省,长江流域,富池闸,2026-09-30 02:00,3,27.15,7.31,5.19,232.4983,20.20733,2.27,0.042,0.047,1.197187,,,2026-09-30 06:27:13
湖北省,长江流域,大冶湖闸,2026-09-30 02:00,4,27.8,7.3,3.85,336.86,36.36,4.74,0.241,0.101,0.963,,,2026-09-30 06:27:13
湖北省,长江流域,夹河口,2026-09-30 02:00,4,22.87,7.67,3.93,316.7426,15.35,1.3,0.046,0.018,1.376,,,2026-09-30 06:27:13
湖北省,长江流域,天河口,2026-09-30 02:00,4,21.988,7.79,8.68,321.365,34.955,6.23,0.149,0.115,2.6833,,,2026-09-30 06:27:13
湖北省,长江流域,焦家院,2026-09-30 02:00,2,22.12,7.87,6.72,229.589,20.769,2.78,0.03,0.043,1.5236,,,2026-09-30 06:27:13
湖北省,长江流域,孙家湾,2026-09-30 02:00,4,20.08,7.16,8.59,132.44,78.38,6.84,0.116,0.101,2.497,,,2026-09-30 06:27:13
湖北省,长江流域,浪河口,2026-09-30 02:00,3,20.65,7.45,8.28,115.8073,30.82,4.32,0.073,0.04,,,,2026-09-30 06:27:13
湖北省,长江流域,丹江口水库坝上中,2026-09-30 02:00,3,24.99,7.65,5.31,248.905,1.147724,1.82,0.119,0.008,1.1728,0.0017695,4535000,2026-09-30 06:27:13
湖北省,长江流域,陈家坡,2026-09-30 02:00,2,23.55,7.71,6.77,287.91,9.57,1.8,0.024,0.025,1.177,,,2026-09-30 06:27:13
湖北省,长江流域,潘口水库坝上,2026-09-30 02:00,2,23.18,7.82,6.35,193.7,2.4,1.39,,0.011,0.855,,,2026-09-30 06:27:13
湖北省,长江流域,剑河口,2026-09-30 02:00,2,24.27,7.24,6.89,229.55,0.17,,0.013,0.027,1.481,,,2026-09-30 06:27:13
湖北省,长江流域,东湾桥,2026-09-30 02:00,5,20.13,7.5,9.26,201.4848,51.22,10.12,0.346,0.244,5.2142,,,2026-09-30 06:27:13
湖北省,长江流域,玉皇滩,2026-09-30 02:00,2,21.635,8.22,8.49,379.3,8.131,0.54,0.006,0.025,1.409,,,2026-09-30 06:27:13
湖北省,长江流域,王河电站,2026-09-30 02:00,2,22.01,8.03,7.32,402.8329,13.16,2.54,0.073,0.034,1.4367,,,2026-09-30 06:27:13
湖北省,长江流域,隔河岩水库坝上,2026-09-30 02:00,2,20.1,7.79,6.82,229.36,1.61,1.23,0.011,0.009,1.791,0.03338,2108987,2026-09-30 06:27:13
湖北省,长江流域,长沙坝,2026-09-30 02:00,2,25.253,7.42,6.12,428.83,6.533,0.8,0.01,0.043,2.3,,,2026-09-30 06:27:13
湖北省,长江流域,清江大桥,2026-09-30 02:00,2,20.95,7.63,7.65,367.73,12.877,1.13,,0.03,3.239,,,2026-09-30 06:27:13
湖北省,长江流域,南津关,2026-09-30 03:00,2,26.04,7.76,6.2,406.806,4.744373,2.12,0.006,0.045,2.2222,0.0658683,,2026-09-30 06:27:13
湖北省,长江流域,马渡河,2026-09-30 02:00,2,21.31,7.64,7.16,383.37,3.85,1.78,0.011,0.033,2.508,,,2026-09-30 06:27:13
湖北省,长江流域,铁路大桥,2026-09-30 02:00,2,21.58,7.89,7.76,468.8,25.7,2,0.033,0.062,2.415,,,2026-09-30 06:27:13
湖北省,长江流域,两河口,2026-09-30 02:00,2,22.498,7.63,7.37,570.0308,17.1685,2.88,0.044,0.052,2.4817,,,2026-09-30 06:27:13
湖北省,长江流域,白石港,2026-09-30 02:00,2,23.35,8.1,7.69,319.898,1.093,2.58,0.004,0.004,1.217,,,2026-09-30 06:27:13
湖北省,长江流域,云池,2026-09-30 02:00,2,24.42,7.75,6.4,377.87,10.79,1.18,0.005,0.059,2.271,,,2026-09-30 06:27:13
湖北省,长江流域,翟湾,2026-09-30 02:00,3,22.28,7.55,5.25,552.6675,83.29038,4.55,0.239,0.193,3.6026,,,2026-09-30 06:27:13
湖北省,长江流域,埠口,2026-09-30 02:00,4,22.49899,7.78,5.13,606.1128,58.71041,3.22,0.354,0.246,3.75829,,,2026-09-30 06:27:13
湖北省,长江流域,张湾,2026-09-30 02:00,3,22.27,7.46,6.58,504.7188,27.84,3.77,0.135,0.188,3.527,,,2026-09-30 06:27:13
湖北省,长江流域,余家湖,2026-09-30 02:00,2,22.56,7.7,6.29,328.4515,7.84,2.02,0.046,0.034,1.319,,,2026-09-30 06:27:13
湖北省,长江流域,聂家滩,2026-09-30 02:00,2,22.45,7.75,7.72,221.8796,41.17,3.63,0.12,0.078,2.515,,,2026-09-30 06:27:13
湖北省,长江流域,汤店,2026-09-30 02:00,3,22.43,7.41,5.36,665.9306,16.13,5.83,0.51,0.139,2.024,,,2026-09-30 06:27:13
湖北省,长江流域,沈湾,2026-09-30 02:00,3,19.47,7.63,5.51,351.2,10.46,2.39,0.091,0.035,1.72,,,2026-09-30 06:27:13
湖北省,长江流域,朱市,2026-09-30 02:00,4,21.74,7.86,7.57,503.3022,39.46,5.04,0.545,0.216,3.286,,,2026-09-30 06:27:13
湖北省,长江流域,燕矶,2026-09-30 02:00,2,26,7.7,7.16,340.59,23.35,1.31,0.044,0.051,1.954,,,2026-09-30 06:27:13
湖北省,长江流域,东梁子湖湖心,2026-09-30 03:00,4,25.47,7.48,4.99,200.684,37.887,2.95,0.166,0.038,1.082,,,2026-09-30 06:27:13
湖北省,长江流域,梁子湖七星站,2026-09-30 02:00,3,25.6,7.34,5.19,204.2554,30.16152,3.4,0.119,0.023,1.382207,0.04158199,,2026-09-30 06:27:13
湖北省,长江流域,漳河水库库心,2026-09-30 02:00,1,23.52,8.34,9.13,307.1664,10.9509,1.69,,0.004,0.378,2,9570000,2026-09-30 06:27:13
湖北省,长江流域,转斗,2026-09-30 02:00,2,21.95,7.63,6.35,447.795,9.5108,,,,,,,2026-09-30 06:27:13
湖北省,长江流域,罗汉闸,2026-09-30 02:00,2,22.7,7.68,8.94,344.64,112.61,1.22,0.019,0.062,1.6222,,,2026-09-30 06:27:13
湖北省,长江流域,京山河邓李港,2026-09-30 02:00,3,24.87,7.74,7.8,458.9655,9.6249,3.36,0.038,0.129,2.325,,,2026-09-30 06:27:13
湖北省,长江流域,马良龚家湾,2026-09-30 02:00,4,23.619,7.36,4.85,1296.23,44.9161,3.81,0.093,0.133,3.5141,,,2026-09-30 06:27:13
湖北省,长江流域,应城公路桥,2026-09-30 02:00,2,23.93,8.09,7.9,530.89,9.04,2,0.003,0.031,0.4692,,,2026-09-30 06:27:13
湖北省,长江流域,田店泵站,2026-09-30 02:00,2,24.53,7.9,7.67,508.31,17.7271,1.99,,0.038,0.81803,,,2026-09-30 06:27:13
湖北省,长江流域,垌冢桥,2026-09-30 02:00,4,23.941,7.24,4.32,459.16,18.314,2.32,0.121,0.122,2.333,,,2026-09-30 06:27:13
湖北省,长江流域,新沟闸,2026-09-30 02:00,4,25.02,7.69,3.9,461.12,16.98,3.18,0.016,0.074,1.306,,,2026-09-30 06:27:13
湖北省,长江流域,小河,2026-09-30 02:00,2,24.91,7.96,7.18,395.8,37.05,2.71,0.044,0.068,1.875,,,2026-09-30 06:27:13
湖北省,长江流域,孝昌王店,2026-09-30 02:00,3,23.51,7.31,7.14,372.41,9.6299,4.03,0.05,0.088,2.1151,,,2026-09-30 06:27:13
湖北省,长江流域,孝感河口大桥,2026-09-30 02:00,4,24.78,7.35,3.91,374.658,21.23,3.99,0.035,0.076,1.2974,,,2026-09-30 06:27:13
湖北省,长江流域,大悟河口,2026-09-30 02:00,2,23.24,7.61,7.43,266.1,8.04,3.12,0.02,0.037,0.603,,,2026-09-30 06:27:13
湖北省,长江流域,安陆桑树,2026-09-30 02:00,3,24.07,7.8,5.83,550.04,14.2288,2.46,0.007,0.029,0.58157,,,2026-09-30 06:27:13
湖北省,长江流域,隔蒲桥,2026-09-30 02:00,4,24.67,7.03,4.11,390.12,13.355,4.22,0.267,0.061,1.4078,,,2026-09-30 06:27:13
湖北省,长江流域,汉川新堰,2026-09-30 02:00,4,24.69,7.34,3.81,513.44,45.28,3.21,0.168,0.143,2.507,,,2026-09-30 06:27:13
湖北省,长江流域,杨柴湖,2026-09-30 02:00,5,23.7,6.68,3.59,345.7,11.6,5.41,0.011,0.136,0.627,0.00124,123664.8,2026-09-30 06:27:13
湖北省,长江流域,排水闸,2026-09-30 02:00,3,24.65,7.54,5.16,394.6146,48.7266,2.96,0.006,0.048,1.1,0.00077,7218256,2026-09-30 06:27:13
湖北省,长江流域,洪湖湖心,2026-09-30 02:00,3,23.9,8.04,6.97,368.328,86.962,2.45,0.069,0.042,1.123,0.0012,43769.1,2026-09-30 06:27:13
湖北省,长江流域,观音寺,2026-09-30 02:00,2,25.15,7.83,6.71,387.36,6.29,1.18,,0.049,2.396,,,2026-09-30 06:27:13
湖北省,长江流域,新刘家台,2026-09-30 02:00,2,24.635,7.91,6.04,423.9,12.805,2.01,0.06,0.055,1.704,,,2026-09-30 06:27:13
湖北省,长江流域,荆州河口,2026-09-30 01:00,2,23.45,7.71,6.97,520.6615,28.3176,3,,0.062,2.7707,,,2026-09-30 06:27:13
湖北省,长江流域,康家岗,2026-09-30 02:00,2,23.92,8,11.11,482.735,32.2138,1.69,0.001,0.028,1.587,,,2026-09-30 06:27:13
湖北省,长江流域,新河村,2026-09-30 02:00,4,24.272,7.45,3.75,469.2,23.81,3.45,0.253,0.132,2.267,,,2026-09-30 06:27:13
湖北省,长江流域,新滩,2026-09-30 02:00,4,25.265,7.49,4.43,455.95,87.305,3.39,0.033,0.059,2.479,,,2026-09-30 06:27:13
湖北省,长江流域,淤泥湖,2026-09-30 03:00,2,24,7.73,8,398.7,40.9,1.55,0.025,0.07,2.071,,,2026-09-30 06:27:13
湖北省,长江流域,杨家垱,2026-09-30 02:00,2,23.93,7.97,7.82,415.09,23.9,1.35,0.027,0.07,1.966,,,2026-09-30 06:27:13
湖北省,长江流域,调关,2026-09-30 02:00,2,24.72,7.75,7.61,377.8238,25.5746,1.22,,0.048,2.0543,,,2026-09-30 06:27:13
湖北省,长江流域,三兴公,2026-09-30 02:00,3,23.719,7.81,5.42,562.212,48.538,3.67,0.091,0.052,1.074,,,2026-09-30 06:27:13
湖北省,长江流域,东关桥,2026-09-30 01:00,3,23.4,7.75,5.73,486,51.2,2.67,0.173,0.131,3.2575,,,2026-09-30 06:27:13
湖北省,长江流域,姚集,2026-09-30 02:00,3,24.5,7.7,5.9,447.9,47.6,2.26,0.071,0.095,2.042,,,2026-09-30 06:27:13
湖北省,长江流域,乌溪沟,2026-09-30 03:00,3,19.9104,8.06,8.74,383.5668,9.661023,1.01,0.026,0.11,3.408127,,,2026-09-30 06:27:13
湖北省,长江流域,白莲河水库坝上,2026-09-30 02:00,6,26.326,6.81,0.27,108.7,1.984,2.42,0.036,0.043,0.506,0.006601,2268,2026-09-30 06:27:13
湖北省,长江流域,巴河镇河口,2026-09-30 03:00,3,24.741,6.83,5.86,198.457,10.012,,0.002,0.068,1.015,,,2026-09-30 06:27:13
湖北省,长江流域,兰溪大桥,2026-09-30 03:00,4,27.369,6.75,3.79,173.972,6.539,4.03,0.213,0.079,1.528,,,2026-09-30 06:27:13
湖北省,长江流域,中官铺,2026-09-30 02:00,2,26.447,7.68,6.45,348.678,41.43,1.92,0.017,0.059,1.742,,,2026-09-30 06:27:13
湖北省,长江流域,蕲春县八里湖,2026-09-30 02:00,3,26.95,7.12,5.43,235.5293,93.36,2.68,0.253,0.153,2.4,,,2026-09-30 06:27:13
湖北省,长江流域,咸宁湖心,2026-09-30 03:00,5,25.86,7.58,2.54,246.251,19.767,3.53,0.38,0.064,0.948,0.00291,1716362,2026-09-30 06:27:13
湖北省,长江流域,富水水库,2026-09-30 02:00,3,27.36,8.66,8.99,208.367,14.62,2.54,0.01,0.028,0.679,0.01,2.1702,2026-09-30 06:27:13
湖北省,长江流域,窑嘴大桥,2026-09-30 02:00,6,25.76,7.3,1.29,399.589,21.15,2.01,0.309,0.087,3.231,,,2026-09-30 06:27:13
湖北省,长江流域,陆溪口,2026-09-30 02:00,4,26.09,7.23,3.5,240.96,16.94,3.07,0.217,0.074,1.745,,,2026-09-30 06:27:13
湖北省,长江流域,洪下水文站,2026-09-30 02:00,2,26.2,7.58,7.99,164.7,4.68,1.92,0.068,0.062,1.032,,,2026-09-30 06:27:13
湖北省,长江流域,厉山,2026-09-30 02:00,4,23.72,7.5,5.57,358.7666,21.63,6.29,0.842,0.145,2.3573,,,2026-09-30 06:27:13
湖北省,长江流域,平林,2026-09-30 02:00,3,24.25,7.57,6.69,384.456,10.427,5.18,0.116,0.074,1.434,,,2026-09-30 06:27:13
湖北省,长江流域,涢水大桥,2026-09-30 02:00,4,23.15,7.34,3.75,426.562,19.63,4.05,0.059,0.077,1.1145,,,2026-09-30 06:27:13
湖北省,长江流域,江口村,2026-09-30 02:00,1,19.34,7.68,8.35,220.66,5.368,0.82,0.018,0.013,1.539,,,2026-09-30 06:27:13
湖北省,长江流域,恩施大沙坝,2026-09-30 02:00,2,20.8,8,7.4,316.57,17.7,1.88,0.048,0.083,3.563,,,2026-09-30 06:27:13
湖北省,长江流域,雪照河,2026-09-30 02:00,2,18.37,8.24,9.32,325.59,20.186,1.39,,0.062,3.074,,,2026-09-30 06:27:13
湖北省,长江流域,周家坝,2026-09-30 02:00,2,21,7.83,8.11,201.42,37.639,1.05,,0.029,2.466,,,2026-09-30 06:27:13
湖北省,长江流域,百福司镇,2026-09-30 02:00,1,21.779,7.58,7.78,230.545,3.479,1.4,0.036,0.02,1.428,,,2026-09-30 06:27:13
湖北省,长江流域,长顺乡,2026-09-30 02:00,2,19.911,7.7,8.81,200.802,49.6993,2.06,0.038,0.036,1.795,,,2026-09-30 06:27:13
湖北省,长江流域,黄腊石,2026-09-30 02:00,2,25.7,7.68,7.02,395.918,2.985,1.82,0.006,0.033,1.782,,,2026-09-30 06:27:13
湖北省,长江流域,乐坪桥,2026-09-30 02:00,2,18.647,7.85,9.42,222.389,10.148,0.96,0.007,0.023,1.29,,,2026-09-30 06:27:13
湖北省,长江流域,积玉口荷花村,2026-09-30 02:00,3,22.87,7.61,5.06,423.1736,37.5097,3.68,0.149,0.111,1.755,,,2026-09-30 06:27:13
湖北省,长江流域,潜江大桥,2026-09-30 02:00,2,22.7,7.78,8.06,347.0189,16.85,2.14,,0.054,1.597,,,2026-09-30 06:27:13
湖北省,长江流域,运粮湖同心队,2026-09-30 02:00,4,23.46,7.54,3.57,500.9,49.35,3.35,0.202,0.149,2.947,,,2026-09-30 06:27:13
湖北省,长江流域,岳口,2026-09-30 02:00,2,24.5,8.01,6.86,365.8,26.17,2.77,0.028,0.06,1.824,,,2026-09-30 06:27:13
湖北省,长江流域,拖市,2026-09-30 02:00,4,22.89,7.33,4.12,1030.1,33.843,4.56,0.099,0.119,2.0849,,,2026-09-30 06:27:13
湖北省,长江流域,阳日湾,2026-09-30 02:00,3,16.099,8.15,9.85,272.658,94.211,2.33,0.117,0.162,1.307,,,2026-09-30 06:27:13
湖南省,长江流域,昭山,2026-09-30 02:00,2,29.9,8.65,7.87,,1.8,1.53,,0.047,1.402,,,2026-09-30 06:27:13
湖南省,长江流域,捞刀河口,2026-09-30 02:00,4,27.5,7.03,4.82,265.8,6.2636,2.44,0.032,0.072,2.405,,,2026-09-30 06:27:13
湖南省,长江流域,三角洲,2026-09-30 02:00,3,27.94,7.31,7.5,271.9,9.11,1.54,0.048,0.125,3.614,,,2026-09-30 06:27:13
湖南省,长江流域,胜利,2026-09-30 02:00,4,26.56,7.13,4.74,420.56,7.96,2.89,0.056,0.055,1.372,,,2026-09-30 06:27:13
湖南省,长江流域,桔子洲,2026-09-30 02:00,2,27.43,7.91,7.59,218.234,6.12,0.68,0.066,0.073,1.295,,,2026-09-30 06:27:13
湖南省,长江流域,湘东沿塘,2026-09-30 02:00,2,27.263,7.4,6.2,84.063,3.3,1.08,0.023,0.033,0.673,,,2026-09-30 06:27:13
湖南省,长江流域,马家河,2026-09-30 03:00,2,27.92,7.7,7.33,218.34,4.1,1.38,0.036,0.044,1.354,,,2026-09-30 06:27:13
湖南省,长江流域,渌水入河口,2026-09-30 03:00,2,28.3401,7.93,7.62,287.1018,9.4783,1.6,0.026,0.065,1.667,,,2026-09-30 06:27:13
湖南省,长江流域,涟水入河口,2026-09-30 03:00,2,29.46,7.82,6.73,345.79,22.9,2.35,0.028,0.044,1.1486,,,2026-09-30 06:27:13
湖南省,长江流域,西阳渡口,2026-09-30 02:00,2,26.28,7.89,9.34,386.07,7.338,1.76,0.094,0.03,1.662,,,2026-09-30 06:27:13
湖南省,长江流域,归阳镇,2026-09-30 02:00,2,29.16,7.82,7.43,187.25,6.45,1.61,0.014,0.023,1.071,,,2026-09-30 06:27:13
湖南省,长江流域,舂陵水入湘江口,2026-09-30 03:00,2,29.04,7.92,7.58,266.5669,6.0255,1.23,0.024,0.049,1.1055,,,2026-09-30 06:27:13
湖南省,长江流域,耒水入湘江口,2026-09-30 02:00,2,26.0951,7.59,6.24,220.2289,8.7368,1.41,0.006,0.058,1.346,,,2026-09-30 06:27:13
湖南省,长江流域,熬洲,2026-09-30 02:00,2,26.84,7.6,8.27,193.5054,3.9532,0.82,0.006,0.042,1.1195,,,2026-09-30 06:27:13
湖南省,长江流域,大河滩,2026-09-30 02:00,2,22.27,6.93,6.53,186.59,4.18,0.99,0.011,0.042,1.048,,,2026-09-30 06:27:13
湖南省,长江流域,草市镇,2026-09-30 02:00,2,28.2227,6.62,6.5,100.0453,15.8087,1.08,0.033,0.041,0.813,,,2026-09-30 06:27:13
湖南省,长江流域,洣水入湘江口,2026-09-30 03:00,2,28.117,8.02,7.29,124.62,15.71,1.06,0.022,0.035,0.93,,,2026-09-30 06:27:13
湖南省,长江流域,城北水厂,2026-09-30 02:00,2,27.73,8.02,8.13,203.86,4.13,1.38,0.006,0.043,1.2829,,,2026-09-30 06:27:13
湖南省,长江流域,蒸水入湘江口,2026-09-30 02:00,2,30.4218,8.03,7.06,289.5215,6.5001,3.58,0.058,0.095,1.695,,,2026-09-30 06:27:13
湖南省,长江流域,塘渡口,2026-09-30 02:00,2,28.85,8.17,7.43,149.2112,1.2118,1.04,0.053,0.026,1.111,,,2026-09-30 06:27:13
湖南省,长江流域,窑市,2026-09-30 02:00,2,27.32,7.46,7.69,60.5453,3.8098,0.93,0.018,0.024,0.609,,,2026-09-30 06:27:13
湖南省,长江流域,渡头村,2026-09-30 02:00,2,29.06,7.9,7.27,216.962,6.6473,1.48,0.02,0.036,1.18,,,2026-09-30 06:27:13
湖南省,长江流域,邵水入河口,2026-09-30 02:00,2,29.46,7.76,7.24,429.255,8.796,2.6,0.016,0.061,2.076,,,2026-09-30 06:27:13
湖南省,长江流域,岳阳楼,2026-09-30 02:00,3,26.36,7.72,6.99,234.8855,45.18457,1.28,0.005,0.033,1.3376,0.0002637,230446,2026-09-30 06:27:13
湖南省,长江流域,城陵矶,2026-09-30 03:00,2,25.68,7.67,6.73,243.075,59.15265,2.04,0.008,0.037,1.4921,,,2026-09-30 06:27:13
湖南省,长江流域,荆江口,2026-09-30 02:00,2,24.88,7.65,7.55,391.9681,19.8336,0.94,0.048,0.04,2.1056,,,2026-09-30 06:27:13
湖南省,长江流域,六门闸,2026-09-30 02:00,4,25.01,7.82,4.39,463.1688,30.29,2.47,0.079,0.122,0.751,,,2026-09-30 06:27:13
湖南省,长江流域,南渡,2026-09-30 02:00,2,25.04,7.15,6.65,125.34,15.17,2.34,0.037,0.08,1.219,,,2026-09-30 06:27:13
湖南省,长江流域,八仙桥,2026-09-30 02:00,4,24.88,6.89,4.91,285.1005,49.1682,3.75,0.17,0.1,1.3138,,,2026-09-30 06:27:13
湖南省,长江流域,坡头,2026-09-30 02:00,2,25.59,7.89,7.77,207.4476,24.56302,1.35,0.009,0.037,1.3931,0.000775,,2026-09-30 06:27:13
湖南省,长江流域,蒋家嘴,2026-09-30 02:00,3,23.43,7.51,6.19,194.8595,34.815,1.4,0.071,0.041,1.0221,0.00219,1.4682,2026-09-30 06:27:13
湖南省,长江流域,澧水三江口,2026-09-30 02:00,2,24.57884,7.74,7.54,247.8378,3.84019,0.85,0.009,0.025,1.04493,,,2026-09-30 06:27:13
湖南省,长江流域,窑坡渡,2026-09-30 02:00,2,23.92,8.1,6.63,276.3028,16.878,1.52,0.11,0.034,1.1031,,,2026-09-30 06:27:13
湖南省,长江流域,马坡湖,2026-09-30 02:00,2,24.74,8.02,7.12,400.796,22.5455,2.17,0.03,0.069,1.935,,,2026-09-30 06:27:13
湖南省,长江流域,陈家河,2026-09-30 02:00,2,25.686,7.88,6.66,195.709,2.942,1.25,0.006,0.034,0.982,,,2026-09-30 06:27:13
湖南省,长江流域,永定澄潭,2026-09-30 02:00,1,24.29,7.26,8.08,237.43,2.904,1.4,0.007,0.02,0.579,,,2026-09-30 06:27:13
湖南省,长江流域,藕池河中支入境,2026-09-30 02:00,3,24.596,7.78,5.29,474.245,14.472,4.07,0.009,0.049,0.606,,,2026-09-30 06:27:13
湖南省,长江流域,万家嘴,2026-09-30 02:00,2,27.08,7.64,6.77,193.1001,16.99589,1.28,,0.052,1.9931,0.0020454,209440.5,2026-09-30 06:27:13
湖南省,长江流域,南嘴,2026-09-30 02:00,3,25.59,8.08,6.76,241.28,54.08691,0.79,,0.044,1.406,0.018625,396000.4,2026-09-30 06:27:13
湖南省,长江流域,小河嘴,2026-09-30 02:00,3,25.29,7.72,6.67,223.485,38.0546,1.35,,0.039,1.203,0.00210216,5.59112,2026-09-30 06:27:13
湖南省,长江流域,坪口,2026-09-30 02:00,2,27.64,8.73,13.43,191.2,7.372,2.12,0.046,0.04,1.599,,,2026-09-30 06:27:13
湖南省,长江流域,桃谷山,2026-09-30 02:00,3,24.19,7.71,5.08,208.662,5.0285,1.35,0.005,0.062,1.734,,,2026-09-30 06:27:13
湖南省,长江流域,头山,2026-09-30 02:00,1,29.19,8.55,9.37,129.7,2.17,0.68,0.003,0.004,0.42,0.0027,4510000,2026-09-30 06:27:13
湖南省,长江流域,渡口大桥,2026-09-30 02:00,2,29.27,7.27,6.86,147.5,17,1.44,0.047,0.071,0.9042,,,2026-09-30 06:27:13
湖南省,长江流域,绿埠头,2026-09-30 03:00,1,28.79,7.93,7.8,186.05,1.84,0.73,0.007,0.013,0.752,,,2026-09-30 06:27:13
湖南省,长江流域,诸葛庙,2026-09-30 02:00,2,28.71,7.58,7.47,178.21,8.51,1.51,,0.026,0.82,,,2026-09-30 06:27:13
湖南省,长江流域,五强溪,2026-09-30 02:00,2,26.49,7.6,6.04,183.089,1.355,0.87,0.02,0.045,1.07,,,2026-09-30 06:27:13
湖南省,长江流域,铜信溪电站,2026-09-30 02:00,1,26.33,7.9,7.65,326.27,1.22,0.73,0.021,0.015,1.444,,,2026-09-30 06:27:13
湖南省,长江流域,地阳坪公路大桥,2026-09-30 02:00,3,27.35,6.96,5.3,115.141,4.5535,1.14,,0.034,0.382,,,2026-09-30 06:27:13
湖南省,长江流域,托口渠水,2026-09-30 02:00,2,27.57,8.33,8.35,104.7,1.801,1.12,0.006,0.023,0.557,,,2026-09-30 06:27:13
湖南省,长江流域,舞水入河口,2026-09-30 02:00,3,26.54,8.02,5.5,360.2,0.534,0.63,0.004,0.051,1.414,,,2026-09-30 06:27:13
湖南省,长江流域,溪子口,2026-09-30 02:00,4,25.12,7.32,4.32,269.5,1.315,0.49,0.003,0.018,1.33,,,2026-09-30 06:27:13
湖南省,长江流域,球溪,2026-09-30 02:00,2,27.656,7.75,7.12,210.61,4.866,1.71,0.01,0.036,1.632,,,2026-09-30 06:27:13
湖南省,长江流域,街埠头,2026-09-30 02:00,2,29.25,8.27,12.05,371.972,4.5282,2.62,,0.019,1.202,,,2026-09-30 06:27:13
湖南省,长江流域,浦市上游,2026-09-30 02:00,2,26.83,8,7.87,184.4,6.83,1.1,,0.031,1.051,,,2026-09-30 06:27:13
湖南省,长江流域,里耶镇,2026-09-30 03:00,2,22.89,7.74,6.14,244.82,5.25,0.8,,0.021,1.179,,,2026-09-30 06:27:13
湖南省,长江流域,江口,2026-09-30 02:00,3,25.25,7.83,5.5,288.7388,5.2492,0.67,,0.012,1.269,,,2026-09-30 06:27:13
湖南省,长江流域,武水汇合口,2026-09-30 02:00,2,27.06,8.05,7.97,186.753,7.2219,1.1,0.002,0.027,0.851,,,2026-09-30 06:27:13
广东省,珠江流域,蕉门,2026-09-30 02:00,3,30.957,7.7,5.57,12382.76,204.864,4.21,0.173,0.064,2.311,,,2026-09-30 06:27:13
广东省,珠江流域,洪奇沥,2026-09-30 02:00,3,30.147,7.72,5.82,4069.703,84.857,4.52,0.008,0.074,2.476,,,2026-09-30 06:27:13
广东省,珠江流域,莲花山,2026-09-30 02:00,4,31.207,7.33,4.14,830.537,84.142,5.74,0.002,0.13,4.67,,,2026-09-30 06:27:13
广东省,珠江流域,流溪河山庄,2026-09-30 02:00,2,31.135,7.11,6.97,104.585,7.498,0.82,0.003,0.025,0.992,,,2026-09-30 06:27:13
广东省,珠江流域,官坦,2026-09-30 02:00,4,31.732,7.37,4.42,3764.937,44.467,5.49,0.008,0.172,2.345,,,2026-09-30 06:27:13
广东省,珠江流域,大龙涌口,2026-09-30 02:00,3,31.277,7.33,5.82,231.027,24.955,1.5,0.001,0.044,2.1,,,2026-09-30 06:27:13
广东省,珠江流域,九龙潭,2026-09-30 02:00,2,30.37,6.76,7.96,83.933,11.008,0.71,0.004,0.021,0.862,,,2026-09-30 06:27:13
广东省,珠江流域,增江口,2026-09-30 02:00,4,30.948,6.84,4.68,124.518,23.714,1.57,0.007,0.051,1.81,,,2026-09-30 06:27:13
广东省,珠江流域,鸦岗,2026-09-30 02:00,5,31.57,7.11,2.55,371.7,63.25,3.52,0.119,0.089,3.789,,,2026-09-30 06:27:13
广东省,珠江流域,墩头基,2026-09-30 02:00,4,31.43,7.34,4.46,527.041,109.6114,5.49,0.217,0.118,4.88,,,2026-09-30 06:27:13
广东省,珠江流域,大墩,2026-09-30 02:00,3,32.016,6.97,5.5,141.684,41.753,1.5,0.062,0.085,2.02,,,2026-09-30 06:27:13
广东省,珠江流域,十里亭,2026-09-30 02:00,2,29.784,8.03,7.65,241.221,10.996,1.04,0.018,0.027,1.02,,,2026-09-30 06:27:13
广东省,珠江流域,长坝,2026-09-30 02:00,2,30.054,7.27,7.79,88.988,14.173,1.17,0.002,0.026,0.762,,,2026-09-30 06:27:13
广东省,珠江流域,三溪桥,2026-09-30 02:00,2,29.6,8.19,8.63,384.15,3.19,1.28,0.002,0.033,0.805,,,2026-09-30 06:27:13
广东省,珠江流域,高桥,2026-09-30 02:00,2,29.88965,7.25,6.5,184.3076,8.38609,1.18,0.029,0.042,0.99232,,,2026-09-30 06:27:13
广东省,珠江流域,深圳河口,2026-09-30 02:00,4,31.01125,7.09,3.25,14590.31,117.3952,5.97,0.326,0.265,3.21099,,,2026-09-30 06:27:13
广东省,珠江流域,小漠桥,2026-09-30 02:00,3,31.153,7.95,5.87,29831.1,38.611,2.2,,0.017,1.06,,,2026-09-30 06:27:13
广东省,珠江流域,共和村,2026-09-30 02:00,4,29.826,7.41,4.5,5089.199,23.635,4.88,0.293,0.146,6.896,,,2026-09-30 06:27:13
广东省,珠江流域,珠海大桥,2026-09-30 02:00,2,30.37,7.83,6.73,593.769,47.776,1.53,0.075,0.056,2.588,,,2026-09-30 06:27:13
广东省,珠江流域,石角咀水闸,2026-09-30 02:00,3,31.32,7.49,5.08,450.888,94.499,2.42,0.078,0.131,2.724,,,2026-09-30 06:27:13
广东省,珠江流域,鸡啼门大桥,2026-09-30 02:00,2,30.26,7.84,6.23,4874,51.59,1.96,0.183,0.069,2.278,,,2026-09-30 06:27:13
广东省,珠江流域,布洲,2026-09-30 02:00,2,29.78,8.05,7.72,266.713,36.261,1.56,,0.047,2.085,,,2026-09-30 06:27:13
广东省,珠江流域,隆都,2026-09-30 02:00,2,28.823,7.08,7.35,102.995,9.875,1.44,0.007,0.036,1.712,,,2026-09-30 06:27:13
广东省,珠江流域,海门湾桥闸,2026-09-30 02:00,6,31.31,7.1,1.74,436.22,49.54,4.38,0.424,0.112,3.459,,,2026-09-30 06:27:13
广东省,珠江流域,外砂,2026-09-30 02:00,2,29.958,7.37,7.11,101.097,4.552,1.38,0.01,0.018,1.297,,,2026-09-30 06:27:13
广东省,珠江流域,莲阳桥闸,2026-09-30 02:00,2,29.287,7.27,7.35,98.66,6.422,1.29,0.004,0.022,1.311,,,2026-09-30 06:27:13
广东省,珠江流域,大衙,2026-09-30 02:00,3,32.539,6.84,5.92,108.971,20.776,1.98,0.007,0.03,1.52541,,,2026-09-30 06:27:13
广东省,珠江流域,平洲,2026-09-30 02:00,4,31.18,7.38,4.15,227.489,43.96,2.45,0.014,0.068,2.066,,,2026-09-30 06:27:13
广东省,珠江流域,乌洲,2026-09-30 02:00,4,30.837,7.51,4.91,219.139,19.909,0.97,0.009,0.058,1.83,,,2026-09-30 06:27:13
广东省,珠江流域,古劳,2026-09-30 02:00,2,29.7703,7.52,6.42,246.0066,26.81584,1.42,0.003,0.032,1.99688,,,2026-09-30 06:27:13
广东省,珠江流域,苍山渡口,2026-09-30 02:00,3,30.65,7.69,5.4,9300.49,48.635,1.73,0.146,0.107,2.41,,,2026-09-30 06:27:13
广东省,珠江流域,牛湾,2026-09-30 02:00,4,31.42,6.68,3.43,224.69,40.36,3.61,0.064,0.097,2.448,,,2026-09-30 06:27:13
广东省,珠江流域,渠首,2026-09-30 02:00,4,30.42,7.24,3.82,126.73,19.86,4.39,0.192,0.024,0.975,0.0109,3409649,2026-09-30 06:27:13
广东省,珠江流域,黄坡,2026-09-30 02:00,3,31.83,7.05,5.19,134.3,20.95,3.09,0.036,0.081,1.371,,,2026-09-30 06:27:13
广东省,珠江流域,山角,2026-09-30 02:00,2,32.19,8.81,9.33,151.7,5.49,3.67,0.008,0.027,1.631,,,2026-09-30 06:27:13
广东省,珠江流域,运河管理局,2026-09-30 02:00,3,31.22,7.38,6.26,126.62,22.41,4.05,0.023,0.024,0.859,,,2026-09-30 06:27:13
广东省,珠江流域,排里,2026-09-30 02:00,3,31.91,7.41,6.94,182.15,9.56,4.91,0.049,0.063,1.052,,,2026-09-30 06:27:13
广东省,珠江流域,南渡河桥,2026-09-30 02:00,4,32.45,6.41,4.65,164.54,12.32,3.94,0.144,0.041,2.729,,,2026-09-30 06:27:13
广东省,珠江流域,营仔,2026-09-30 02:00,4,30.96,6.94,4.05,171.78,14.89,4.86,0.116,0.063,1.701,,,2026-09-30 06:27:13
广东省,珠江流域,黄竹尾水闸,2026-09-30 02:00,3,32.27,7.29,5.38,143.23,18.8,3.69,0.012,0.06,1.656,,,2026-09-30 06:27:13
广东省,珠江流域,塘口,2026-09-30 02:00,6,31.86,9.31,11.57,134.56,8.2,3.76,0.016,0.069,1.814,,,2026-09-30 06:27:13
广东省,珠江流域,石碧,2026-09-30 02:00,4,29.911,6.55,3.23,276.233,7.168,,,,,,,2026-09-30 06:27:13
广东省,珠江流域,石骨水库,2026-09-30 02:00,2,30.92,,8.86,70.8,5.4864,1.92,0.017,0.019,0.412,,,2026-09-30 06:27:13
广东省,珠江流域,良德水库,2026-09-30 02:00,1,31.84,8.43,8.36,62.947,12.522,1.55,0.002,0.004,0.163,0.00524,968325,2026-09-30 06:27:13
广东省,珠江流域,江口门,2026-09-30 01:00,3,31.38,6.88,5.5,139.15,10.06,2.57,0.069,0.076,1.987,,,2026-09-30 06:27:13
广东省,珠江流域,米急渡,2026-09-30 02:00,3,30.65,7,5.33,128.326,16.232,1.77,0.248,0.084,1.887,,,2026-09-30 06:27:13
广东省,珠江流域,梁村,2026-09-30 02:00,3,30.8982,7.4,5.98,176.7682,22.42816,1.49,0.047,0.06,1.742,,,2026-09-30 06:27:13
广东省,珠江流域,封开城上,2026-09-30 02:00,2,29.617,7.75,7.65,302.651,20.352,1.64,0.007,0.022,2.465,,,2026-09-30 06:27:13
广东省,珠江流域,白沙街,2026-09-30 02:00,2,30.392,7.8,7.12,225.39,6.703,1.13,0.019,0.028,1.447,,,2026-09-30 06:27:13
广东省,珠江流域,黄岗,2026-09-30 02:00,2,30.57,8.07,7.56,246.248,10.567,,0.014,0.022,2.014,,,2026-09-30 06:27:13
广东省,珠江流域,永安,2026-09-30 02:00,2,30.438,7.81,7.4,261.53,19.73,1.58,0.004,0.033,2.2,,,2026-09-30 06:27:13
广东省,珠江流域,紫溪,2026-09-30 02:00,3,31.011,7.13,5.22,520.205,25.656,2.99,0.146,0.062,6.76,,,2026-09-30 06:27:13
广东省,珠江流域,东江江口,2026-09-30 02:00,2,28.36,6.94,6.73,90.69743,6.870344,1.32,0.0001,0.02,1.376,,,2026-09-30 06:27:13
广东省,珠江流域,博罗城下,2026-09-30 02:00,2,29.272,7.12,6.35,120.742,48.21,1.68,0.032,0.043,1.837,,,2026-09-30 06:27:13
广东省,珠江流域,惠州汝湖,2026-09-30 02:00,2,29.614,7.13,7.78,89.273,7.193,1.58,0.008,0.029,1.258,,,2026-09-30 06:27:13
广东省,珠江流域,沙河河口,2026-09-30 02:00,4,30.072,6.92,4.82,363.514,29.755,2.52,0.573,0.076,3.32,,,2026-09-30 06:27:13
广东省,珠江流域,马安大桥下,2026-09-30 02:00,4,30.603,6.55,3.6,81.793,18.445,1.81,0.253,0.063,1.913,,,2026-09-30 06:27:13
广东省,珠江流域,虎爪断桥,2026-09-30 02:00,5,30.152,7.03,2.62,3262.843,14.187,4.61,1.4,0.157,9.018,,,2026-09-30 06:27:13
广东省,珠江流域,公庄河口,2026-09-30 02:00,2,30.9,7.18,7.52,211.7,28.5,2.62,0.05,0.093,1.934,,,2026-09-30 06:27:13
广东省,珠江流域,青溪,2026-09-30 02:00,4,27.55409,6.84,3.5,108.4996,3.26131,0.99,0.001,0.042,1.06652,,,2026-09-30 06:27:13
广东省,珠江流域,大麻,2026-09-30 02:00,2,29.193,6.95,6.22,118.989,18.299,1.42,,0.04,1.96,,,2026-09-30 06:27:13
广东省,珠江流域,西阳电站,2026-09-30 02:00,3,30.532,7.13,5.2,118.549,20.186,1.49,0.099,0.061,1.697,,,2026-09-30 06:27:13
广东省,珠江流域,五丰渡口,2026-09-30 02:00,3,28.29,6.76,5.71,99.4,34.8,1.5,0.288,0.044,4.657,,,2026-09-30 06:27:13
广东省,珠江流域,新铺,2026-09-30 02:00,2,29.5,7.55,7.09,109.754,46.967,1.48,0.095,0.029,1.2909,,,2026-09-30 06:27:13
广东省,珠江流域,海丰西闸,2026-09-30 03:00,2,31.71,7.68,6.98,370.9,7.3,2.91,0.044,0.024,0.298,,,2026-09-30 06:27:13
广东省,珠江流域,陆丰半湾水闸,2026-09-30 02:00,1,30.84,7.81,7.9,59.491,5.727,1.33,0.002,0.016,0.765,,,2026-09-30 06:27:13
广东省,珠江流域,东溪水闸,2026-09-30 03:00,5,31.79,6.5,2.8,158.079,114.919,4.24,0.154,0.053,0.72,,,2026-09-30 06:27:13
广东省,珠江流域,庙咀里,2026-09-30 02:00,2,28.184,7.3,6.39,173.81,16.683,1.24,0.061,0.035,1.484,,,2026-09-30 06:27:13
广东省,珠江流域,龙川城铁路桥,2026-09-30 02:00,2,28.75,6.74,6.32,79.688,7.531,1.55,0.011,0.029,1.564,,,2026-09-30 06:27:13
广东省,珠江流域,江城,2026-09-30 02:00,4,32,6.91,4.55,455.247,21.236,2.3,0.199,0.102,1.621,,,2026-09-30 06:27:13
广东省,珠江流域,尖山,2026-09-30 02:00,4,31.59,6.79,3.68,1288.73,84.75,4.9,0.158,0.214,2.409,,,2026-09-30 06:27:13
广东省,珠江流域,埠场,2026-09-30 02:00,4,31.7,7.02,4.37,1045.91,42.252,3.57,0.124,0.153,1.883,,,2026-09-30 06:27:13
广东省,珠江流域,大泉,2026-09-30 02:00,4,31.44,7.03,4.57,9680.1,18,3.63,0.315,0.097,1.317,,,2026-09-30 06:27:13
广东省,珠江流域,北江石尾,2026-09-30 02:00,4,30.889,7.33,4.86,220.73,6.828,1.24,0.05,0.039,1.595,,,2026-09-30 06:27:13
广东省,珠江流域,石角,2026-09-30 02:00,2,30.8197,7.89,7.31,181.0816,7.18335,1.4,0.001,0.02,1.357,,,2026-09-30 06:27:13
广东省,珠江流域,连江西牛,2026-09-30 02:00,2,30.5,8.12,6.78,221.788,9.929,1.25,0.008,0.02,0.884,,,2026-09-30 06:27:13
广东省,珠江流域,樟村,2026-09-30 02:00,4,31.41,7.1,4.21,557.565,19.38,3.49,0.685,0.153,7.264,,,2026-09-30 06:27:13
广东省,珠江流域,沙田泗盛,2026-09-30 02:00,4,30.8,7.06,3.67,3416.65,44.54,2.24,0.054,0.066,2.323,,,2026-09-30 06:27:13
广东省,珠江流域,旗岭,2026-09-30 02:00,3,31.49,7.28,6.09,528.716,28.96,3.54,0.14,0.175,7.243,,,2026-09-30 06:27:13
广东省,珠江流域,石龙南河,2026-09-30 02:00,2,30.81,6.97,6.04,134.145,23.504,1.39,0.006,0.051,1.598,,,2026-09-30 06:27:13
广东省,珠江流域,中山港码头,2026-09-30 02:00,2,30.19,7.98,6.92,282.12,18.997,1.46,0.041,0.067,2.498,,,2026-09-30 06:27:13
广东省,珠江流域,赤凤,2026-09-30 03:00,2,29.49,7,7.49,110.47,25.6,1.08,0.014,0.079,1.337,,,2026-09-30 06:27:13
广东省,珠江流域,凤江桥,2026-09-30 02:00,2,28.868,7,7.27,98.556,4.882,1.87,0.037,0.077,2.009,,,2026-09-30 06:27:13
广东省,珠江流域,隆溪大道桥,2026-09-30 02:00,4,30.331,6.58,3.84,858.946,11.438,1.51,0.114,0.028,1.54,,,2026-09-30 06:27:13
广东省,珠江流域,龙石,2026-09-30 02:00,6,26.776,5.96,7.91,,5.35,2.22,0.327,0.034,1.626,,,2026-09-30 06:27:13
广东省,珠江流域,龟山塔,2026-09-30 02:00,2,30.48,7.2,6.66,83.241,4.656,1.22,0.136,0.058,1.1102,,,2026-09-30 06:27:13
广东省,珠江流域,古封,2026-09-30 02:00,2,29.81,7.92,7.09,284.8,12.36,1.11,0.015,0.023,2.215,,,2026-09-30 06:27:13
广东省,珠江流域,都骑,2026-09-30 02:00,6,24.449,5.52,9.38,,9.636,1.75,0.009,,,,,2026-09-30 06:27:13
广西壮族自治区,珠江流域,老口,2026-09-30 02:00,1,29.62303,7.86,9.33,279.0043,9.130395,0.9,,0.017,2.221784,,,2026-09-30 06:27:13
广西壮族自治区,珠江流域,叮当,2026-09-30 02:00,2,30.75,7.99,11.38,317.664,6.961,1.37,0.048,0.055,3.4109,,,2026-09-30 06:27:13
广西壮族自治区,珠江流域,六景,2026-09-30 02:00,2,29.68,7.99,6.57,308.8,3.53,1.23,,0.026,2.383,,,2026-09-30 06:27:13
广西壮族自治区,珠江流域,雁江,2026-09-30 01:00,3,30.51345,7.8,5.53,365.8324,4.58578,1.26,0.021,0.018,1.72785,,,2026-09-30 06:27:13
广西壮族自治区,珠江流域,上中,2026-09-30 02:00,2,29.87,7.85,6.57,296.4396,5.21114,1.4,0.022,0.019,1.95093,,,2026-09-30 06:27:13
广西壮族自治区,珠江流域,白马,2026-09-30 02:00,2,29.34,7.92,6.77,389,6.5,1.17,0.015,0.02,2.206,,,2026-09-30 06:27:13
广西壮族自治区,珠江流域,露塘,2026-09-30 02:00,1,29.62,7.87,7.65,193.3369,1.23681,0.59,0.006,0.007,1.09269,,,2026-09-30 06:27:13
广西壮族自治区,珠江流域,渔村,2026-09-30 02:00,2,31.342,7.89,6.65,247.011,2.397,0.93,0.004,0.018,1.266,,,2026-09-30 06:27:13
广西壮族自治区,珠江流域,木洞,2026-09-30 02:00,2,30.238,7.48,7.12,87.561,0.423,0.08,0.018,0.003,0.531,,,2026-09-30 06:27:13
广西壮族自治区,珠江流域,龙溪,2026-09-30 02:00,2,30.101,7.61,6.3,169.556,3.391,0.9,0.046,0.021,1.281,,,2026-09-30 06:27:13
广西壮族自治区,珠江流域,阳朔,2026-09-30 02:00,2,29.9,8.03,7.16,226.57,1.83,1.28,0.021,0.044,1.5701,,,2026-09-30 06:27:13
广西壮族自治区,珠江流域,交州,2026-09-30 02:00,2,27.81,7.18,7.28,61.189,0.589,0.73,0.002,0.009,0.546,,,2026-09-30 06:27:13
广西壮族自治区,珠江流域,京南,2026-09-30 02:00,2,30.67818,7.74,7.35,186.1145,2.39739,1.14,0.009,0.031,1.20689,,,2026-09-30 06:27:13
广西壮族自治区,珠江流域,亚桥,2026-09-30 02:00,2,29.16,7.1,7.3,259.34,18.783,1.72,0.019,0.1,2.356,,,2026-09-30 06:27:13
广西壮族自治区,珠江流域,东边埇,2026-09-30 02:00,3,28.33,6.82,5.91,71.2889,24.4933,2.18,0.025,0.08,1.945,,,2026-09-30 06:27:13
广西壮族自治区,珠江流域,南域,2026-09-30 02:00,2,30.8,7.09,6.79,257.9669,9.11135,4,0.019,0.091,2.77169,,,2026-09-30 06:27:13
广西壮族自治区,珠江流域,西门江,2026-09-30 02:00,4,30.67,6.78,4.94,296.702,26.516,3.17,0.173,0.155,2.9119,,,2026-09-30 06:27:13
广西壮族自治区,珠江流域,高速公路桥,2026-09-30 02:00,2,31.02,7.49,6.01,203.75,8.39,3.44,0.081,0.074,2.0482,,,2026-09-30 06:27:13
广西壮族自治区,珠江流域,三滩,2026-09-30 02:00,2,30.75,7.19,8.39,5096.49,8.04,2.42,0.185,0.046,0.894,,,2026-09-30 06:27:13
广西壮族自治区,珠江流域,边贸码头,2026-09-30 02:00,3,29.69,6.78,5.56,112.85,9.18,1.62,0.34,0.126,1.797,,,2026-09-30 06:27:13
广西壮族自治区,珠江流域,高塘,2026-09-30 02:00,2,29.96,6.57,6.53,68.89,14.77,2.71,0.055,0.056,1.741,,,2026-09-30 06:27:13
广西壮族自治区,珠江流域,茅岭大桥,2026-09-30 02:00,2,30.65,7.43,6.78,1223.31,12.12,2.18,,0.044,0.768,,,2026-09-30 06:27:13
广西壮族自治区,珠江流域,钦江东,2026-09-30 02:00,3,29.52823,7.35,5.2,3831.494,27.75209,2.93,0.307,0.056,2.23179,,,2026-09-30 06:27:13
广西壮族自治区,珠江流域,高速公路西桥,2026-09-30 02:00,6,30.96,7.15,4.41,1587.85,33.81,17.07,0.717,0.217,3.59,,,2026-09-30 06:27:13
广西壮族自治区,珠江流域,武林渡口,2026-09-30 02:00,2,29.94,7.84,6.59,319.169,4.256,1.22,0.026,0.022,2.528,,,2026-09-30 06:27:13
广西壮族自治区,珠江流域,火电厂,2026-09-30 02:00,2,30.776,7.88,6.7,304.461,4.212,1.52,0.005,0.023,2.475,,,2026-09-30 06:27:13
广西壮族自治区,珠江流域,自良渡口,2026-09-30 02:00,3,30.39,7.07,5.81,125.5566,15.89193,1.61,0.009,0.06,1.58385,,,2026-09-30 06:27:13
广西壮族自治区,珠江流域,横塘,2026-09-30 02:00,3,30.27,7.27,6.39,421.6826,8.73125,2.14,0.009,0.152,3.05882,,,2026-09-30 06:27:13
广西壮族自治区,珠江流域,隘屯,2026-09-30 02:00,2,25.32603,8.25,8.91,353.6596,3.149822,0.12,,0.023,1.738833,,,2026-09-30 06:27:13
广西壮族自治区,珠江流域,公篓,2026-09-30 02:00,2,29.73,8.1,6.79,268.97,3.71,0.97,0.038,0.016,1.115,,,2026-09-30 06:27:13
广西壮族自治区,珠江流域,桂花,2026-09-30 02:00,2,28.65,7.3,6.11,196.1386,6.05507,0.97,0.006,0.034,1.2508,,,2026-09-30 06:27:13
广西壮族自治区,珠江流域,贺街,2026-09-30 02:00,2,29.39,7.76,7.21,241.87,10.335,0.93,0.007,0.037,1.318,,,2026-09-30 06:27:13
广西壮族自治区,珠江流域,杨民,2026-09-30 02:00,2,28.653,7.64,6.05,357.111,1.598,1.26,0.025,0.015,1.893,,,2026-09-30 06:27:13
广西壮族自治区,珠江流域,岩滩水库,2026-09-30 02:00,2,29.447,8.37,12.04,288.794,6.007,2.13,,0.018,1.938,0.010343,6668565,2026-09-30 06:27:13
广西壮族自治区,珠江流域,车渡,2026-09-30 02:00,2,27.819,7.83,7.06,377.377,4.028,0.98,0.01,0.012,2.585,,,2026-09-30 06:27:13
广西壮族自治区,珠江流域,垒亭,2026-09-30 02:00,2,27.12177,7.65,6.52,372.2629,0.50917,0.67,0.006,0.016,2.02203,,,2026-09-30 06:27:13
广西壮族自治区,珠江流域,象州运江老街,2026-09-30 02:00,2,29.866,7.95,7.15,209.906,5.377,0.8,0.006,0.016,1.504,,,2026-09-30 06:27:13
广西壮族自治区,珠江流域,勒马,2026-09-30 02:00,2,28.736,7.86,6.59,319.217,3.75,0.9,0.005,0.017,2.291,,,2026-09-30 06:27:13
广西壮族自治区,珠江流域,上金,2026-09-30 02:00,2,30.19,6.86,6.06,132.9453,44.6085,1.55,,0.021,1.793,,,2026-09-30 06:27:13
广西壮族自治区,珠江流域,渠立,2026-09-30 02:00,1,28.71,7.78,9.49,333.705,8.167,0.99,0.042,0.009,1.863,,,2026-09-30 06:27:13
广西壮族自治区,珠江流域,棉江,2026-09-30 02:00,2,29.43,7.53,6.73,223.868,10.2,1.25,0.01,0.014,1.4136,,,2026-09-30 06:27:13
海南省,珠江流域,龙塘,2026-09-30 02:00,2,30.7,7.45,6.8,108.3,4.2,2,0.022,0.055,1.46,,,2026-09-30 06:27:13
海南省,珠江流域,儒房,2026-09-30 02:00,2,31,7.66,6.56,9507.23,17.8,2.37,0.085,0.044,1.417,,,2026-09-30 06:27:13
海南省,珠江流域,后黎村,2026-09-30 02:00,2,31.1,7.5,8.58,85.3,26.9,2.83,,0.061,1.151,,,2026-09-30 06:27:13
海南省,珠江流域,林家村,2026-09-30 02:00,2,31,7.22,7.92,133.22,31.19,1.08,0.014,0.032,2.715,,,2026-09-30 06:27:13
海南省,珠江流域,崖城大桥,2026-09-30 02:00,2,28.5,6.57,7.65,117.07,75.2,1.84,,0.037,3.756,,,2026-09-30 06:27:13
海南省,珠江流域,藤桥河大桥,2026-09-30 02:00,2,29.72,7.28,7.92,183.11,75.76,2.18,,0.057,1.615,,,2026-09-30 06:27:13
海南省,珠江流域,松涛水库南丰库心,2026-09-30 01:00,2,31.82389,7.88,6.78,73.88651,0.8867619,1.04,0.006,0.005,0.1983753,0.0179492,3516919,2026-09-30 06:27:13
海南省,珠江流域,上村桥,2026-09-30 02:00,2,29.9,7.14,6.58,129.3,49.7,3.51,0.014,0.072,1.721,,,2026-09-30 06:27:13
海南省,珠江流域,中和桥,2026-09-30 02:00,3,30.3,7.09,5.84,142.7,34.3,4.02,0.033,0.111,1.223,,,2026-09-30 06:27:13
海南省,珠江流域,汀洲,2026-09-30 02:00,2,28.82,6.29,6.75,59.92,41.56,1.95,0.067,0.098,0.633,,,2026-09-30 06:27:13
海南省,珠江流域,龙江,2026-09-30 02:00,3,27.2,6.51,7.8,52.76,41.08,3,0.053,0.107,1.05,,,2026-09-30 06:27:13
海南省,珠江流域,溪仔村,2026-09-30 02:00,2,27.3,6.71,7.94,63.21,15.57,1.94,0.008,0.041,1.195,,,2026-09-30 06:27:13
海南省,珠江流域,羊头外村桥,2026-09-30 02:00,3,32.35,6.91,6.85,117.48,21.23,4.85,0.011,0.116,1.737,,,2026-09-30 06:27:13
海南省,珠江流域,农垦橡胶所一队,2026-09-30 02:00,2,30,6.83,6.86,68.4,10,0.65,0.009,0.012,1.5,,,2026-09-30 06:27:13
海南省,珠江流域,水涯新区,2026-09-30 02:00,4,30.7,6.75,4.47,162.2,10.2,2.58,0.14,0.049,1.684,,,2026-09-30 06:27:13
海南省,珠江流域,分洪桥,2026-09-30 02:00,2,32.06,6.99,10.12,81.92,3.5,2.56,0.002,0.033,0.761,,,2026-09-30 06:27:13
海南省,珠江流域,后山村,2026-09-30 02:00,6,32.26,6.6,1.03,136.409,22.2747,4.05,0.169,0.186,2.791,,,2026-09-30 06:27:13
海南省,珠江流域,大广坝水库出口,2026-09-30 02:00,5,25.477,6.84,5.3,54.413,328.779,1.84,0.161,0.102,2.927,0.009165,1.61636,2026-09-30 06:27:13
海南省,珠江流域,罗带铁路桥,2026-09-30 02:00,5,30.1,7.25,6.39,12492,45.8,4.77,0.048,0.313,3.695,,,2026-09-30 06:27:13
海南省,珠江流域,山口,2026-09-30 02:00,2,30.49,6.72,7.42,87.54,17.33,2.7,0.012,0.031,1.065,,,2026-09-30 06:27:13
海南省,珠江流域,白仞滩电站,2026-09-30 02:00,3,31,7.15,5.84,138.4,44.4,3.48,0.033,0.154,1.915,,,2026-09-30 06:27:13
海南省,珠江流域,大风,2026-09-30 02:00,3,27.82566,6.57,6.61,93.07359,346.1205,3.52,,0.133,0.4343809,,,2026-09-30 06:27:13
海南省,珠江流域,叉河口,2026-09-30 02:00,2,28.7,7.12,7.1,124.6,26.6,1.59,,0.037,1.377,,,2026-09-30 06:27:13
海南省,珠江流域,乐中,2026-09-30 02:00,2,27.6,7.32,7.58,77.7,143.9,2.51,,0.065,0.636,,,2026-09-30 06:27:13
海南省,珠江流域,跨界桥,2026-09-30 02:00,2,30.2,8.54,9.99,90.3,24.8,2.09,0.003,0.04,1.304,,,2026-09-30 06:27:13
海南省,珠江流域,群英大坝,2026-09-30 02:00,2,27.8,7.07,7.41,70.5,63.4,2.84,0.012,0.064,1.351,,,2026-09-30 06:27:13
海南省,珠江流域,大溪村,2026-09-30 02:00,2,29.1,7.13,7.63,89.6,19.9,1.43,0.092,0.06,1.686,,,2026-09-30 06:27:13
重庆市,长江流域,晒网坝,2026-09-30 02:00,2,24.55,7.94,6.64,398.8501,6.8367,1.49,,0.049,1.991,,,2026-09-30 06:27:13
重庆市,长江流域,向家,2026-09-30 02:00,2,23.41,7.68,9.25,210.643,25.301,3.43,,0.064,1.316,,,2026-09-30 06:27:13
重庆市,长江流域,磨刀溪长滩,2026-09-30 02:00,3,24.04,8.55,12.97,194.922,17.426,4.28,0.039,0.047,1.173,,,2026-09-30 06:27:13
重庆市,长江流域,清溪场,2026-09-30 02:00,2,25.06,7.89,7.52,361.5978,18.999,1.76,,0.068,1.405,,,2026-09-30 06:27:13
重庆市,长江流域,木瓜洞,2026-09-30 02:00,5,25.08,7.36,2.59,472.2341,9.3843,2.09,0.0002,0.095,2.176,,,2026-09-30 06:27:13
重庆市,长江流域,寸滩,2026-09-30 02:00,2,23.75,7.87,7.9,365.95,30.358,1.84,,0.073,1.681,,,2026-09-30 06:27:13
重庆市,长江流域,和尚山,2026-09-30 02:00,2,23.47,7.96,7.32,386.28,25.44,1.24,0.115,0.086,1.605,,,2026-09-30 06:27:13
重庆市,长江流域,北温泉,2026-09-30 03:00,3,23.3337,7.74,8.81,305.257,78.4382,3.6,0.082,0.108,2.538,,,2026-09-30 06:27:13
重庆市,长江流域,寨溪大桥,2026-09-30 02:00,2,26.48,7.93,7.08,828.895,20.2396,2.9,0.051,0.076,2.281,,,2026-09-30 06:27:13
重庆市,长江流域,石门坎,2026-09-30 02:00,2,25.35,8,6.49,514.67,3.1,1.17,,0.013,1.536,,,2026-09-30 06:27:13
重庆市,长江流域,玉滩水库,2026-09-30 02:00,3,27.19,8.94,9.68,412.1414,15.06001,5.51,0.006,0.011,0.61269,0.04263781,1.550675,2026-09-30 06:27:13
重庆市,长江流域,御临镇,2026-09-30 02:00,3,25.63,7.75,6.27,674.527,33.668,2.83,,0.104,2.542,,,2026-09-30 06:27:13
重庆市,长江流域,黎家乡崔家岩村,2026-09-30 02:00,4,25.53,7.66,4.7,464.7,5.96,4.11,0.124,0.036,1.434,,,2026-09-30 06:27:13
重庆市,长江流域,运输桥,2026-09-30 02:00,3,26.01,7.34,7.51,343.8773,8.1184,4.43,0.047,0.094,0.751,,,2026-09-30 06:27:13
重庆市,长江流域,六剑滩,2026-09-30 02:00,3,25.45,7.66,6.78,432.8,15.42,5.86,0.019,0.137,,,,2026-09-30 06:27:13
重庆市,长江流域,支坪街道,2026-09-30 02:00,2,26.64,7.9,6.97,463.4567,26.2488,2.38,,0.075,1.966,,,2026-09-30 06:27:13
重庆市,长江流域,江津大桥,2026-09-30 02:00,2,23.15,8.07,7.69,377.86,30.42,2.18,,0.056,1.431,,,2026-09-30 06:27:13
重庆市,长江流域,朱杨溪,2026-09-30 02:00,3,26.5,7.87,7.53,735.91,33.7,4.1,0.014,0.139,6.59,,,2026-09-30 06:27:13
重庆市,长江流域,北渡,2026-09-30 02:00,2,26.41,7.95,7.08,529.8148,19.472,1.5,0.103,0.052,1.827,,,2026-09-30 06:27:13
重庆市,长江流域,白杨溪,2026-09-30 02:00,2,26.28,7.8,7.08,185.802,11.804,2.47,0.007,0.055,1.463,,,2026-09-30 06:27:13
重庆市,长江流域,太和,2026-09-30 02:00,2,24.91,7.84,7.2,418.38,16.3,2.44,0.008,0.068,2.646,,,2026-09-30 06:27:13
重庆市,长江流域,官渡,2026-09-30 02:00,4,22.84,7.43,8.35,271.627,477.07,5.38,,0.207,2.874,,,2026-09-30 06:27:13
重庆市,长江流域,临渡,2026-09-30 02:00,6,26.59,7.19,1.2,798.5,7.424,3.84,0.384,0.158,2.882,,,2026-09-30 06:27:13
重庆市,长江流域,渠江码头,2026-09-30 03:00,5,22.86,7.52,8.94,269.357,751.554,9.42,,0.313,6.478,,,2026-09-30 06:27:13
重庆市,长江流域,黄桷,2026-09-30 02:00,3,23.88,7.54,5.55,509.02,12.329,2.99,0.016,0.075,2.395,,,2026-09-30 06:27:13
重庆市,长江流域,朱沱,2026-09-30 02:00,2,23.09,8.08,7.61,389.3,13.8,1.68,0.001,0.083,1.671,,,2026-09-30 06:27:13
重庆市,长江流域,四明水厂,2026-09-30 02:00,3,26.73,8,6.62,404.9,7.9,4.53,0.014,0.059,0.924,,,2026-09-30 06:27:13
重庆市,长江流域,金狮桥,2026-09-30 02:00,1,21.47,8.14,8.38,225.226,5.431,0.77,,0.008,0.652,,,2026-09-30 06:27:13
重庆市,长江流域,璧南河两河口,2026-09-30 02:00,3,26.31,7.67,5.4,761.695,13.272,4.83,0.143,0.145,3.615,,,2026-09-30 06:27:13
重庆市,长江流域,中和,2026-09-30 02:00,3,25.69,7.68,7.98,599.5,6.36,5.09,0.025,0.119,3.184,,,2026-09-30 06:27:13
重庆市,长江流域,玉溪,2026-09-30 02:00,2,24.08,7.83,8.12,516.8768,17.5691,2.15,0.04,0.09,3.018,,,2026-09-30 06:27:13
重庆市,长江流域,高洞电站,2026-09-30 02:00,4,26.643,7.55,4.67,635.966,4.264,5.35,0.035,0.136,2.372,,,2026-09-30 06:27:13
重庆市,长江流域,巫山乡,2026-09-30 02:00,3,23.23,7.79,9.4,233.413,27.292,5.51,0.043,0.115,2.342,,,2026-09-30 06:27:13
重庆市,长江流域,上河坝,2026-09-30 03:00,4,24.48,7.65,6.53,320.46,19.03,6.31,0.094,0.15,1.357,,,2026-09-30 06:27:13
重庆市,长江流域,芙蓉洞码头,2026-09-30 02:00,1,26.91,8.34,8.94,307.83,24.79,0.55,,0.011,1.428,,,2026-09-30 06:27:13
重庆市,长江流域,鸭江镇,2026-09-30 02:00,2,23.96,7.79,8.08,452.227,20.679,2.66,,0.072,2.524,,,2026-09-30 06:27:13
重庆市,长江流域,江口镇,2026-09-30 02:00,4,25.371,7.87,4.95,327.401,1.61,0.31,,0.014,1.613,,,2026-09-30 06:27:13
重庆市,长江流域,湖海场,2026-09-30 02:00,4,22.67,7.66,8.2,212.359,202.877,7.29,0.03,0.215,2.64,,,2026-09-30 06:27:13
重庆市,长江流域,卫星桥,2026-09-30 02:00,2,24.69,8.09,8.39,401.2423,18.518,3.33,0.017,0.071,1.682,,,2026-09-30 06:27:13
重庆市,长江流域,高洞梁,2026-09-30 02:00,2,23.95,7.98,7.34,423.311,28.725,2.46,0.006,0.084,1.311,,,2026-09-30 06:27:13
重庆市,长江流域,苏家,2026-09-30 02:00,2,24.57,7.83,6.87,383.9688,17.4774,1.87,,0.057,1.84,,,2026-09-30 06:27:13
重庆市,长江流域,清水湖渡口,2026-09-30 02:00,2,21.96,8.47,9.23,210.972,2.572,1.94,0.008,0.027,1.1537,,,2026-09-30 06:27:13
重庆市,长江流域,小江河口,2026-09-30 02:00,3,25.18,7.45,5.42,393.87,4.44,2.46,,0.059,1.432,,,2026-09-30 06:27:13
重庆市,长江流域,罗汉大桥,2026-09-30 02:00,2,19.06,8.1,9.63,243.37,74.92,2.65,,0.075,2.368,,,2026-09-30 06:27:13
重庆市,长江流域,白帝城,2026-09-30 02:00,2,24.92,7.87,6.48,387.342,11.666,1.13,,0.038,1.297,,,2026-09-30 06:27:13
重庆市,长江流域,培石,2026-09-30 02:00,2,25.0467,7.64,7.06,396.7766,6.1779,1.2,0.058,0.046,1.5316,,,2026-09-30 06:27:13
重庆市,长江流域,化杠,2026-09-30 02:00,2,19.37,7.59,8.63,82.8,10.78,2.94,0.016,0.049,0.6247,,,2026-09-30 06:27:13
重庆市,长江流域,万木,2026-09-30 02:00,2,24.43,7.68,6.45,430.38,3.3,0.73,0.0002,0.029,3.722,,,2026-09-30 06:27:13
重庆市,长江流域,红花村,2026-09-30 02:00,2,22.846,7.73,7.26,251.522,11.04,1.3,,0.032,1.851,,,2026-09-30 06:27:13
重庆市,长江流域,南洞沟,2026-09-30 02:00,1,25.27,8.21,8.2,346.121,3.702,0.63,0.004,0.014,0.626,,,2026-09-30 06:27:13
重庆市,长江流域,郁江桥,2026-09-30 02:00,2,21.29,7.85,8.63,264.402,128.081,1.77,,0.059,1.832,,,2026-09-30 06:27:13
四川省,长江流域,二江寺,2026-09-30 02:00,2,20.69,7.9,7.9,377.9,25.1,1,0.041,0.061,1.746,,,2026-09-30 06:27:13
四川省,长江流域,岳店子下,2026-09-30 02:00,3,23.52659,7.93,6.57,418.4571,6.42197,1.33,0.045,0.112,2.68649,,,2026-09-30 06:27:13
四川省,长江流域,三邑大桥,2026-09-30 01:00,2,21.62,7.85,6.91,278.73,21.83,1.17,0.001,0.033,1.4809,,,2026-09-30 06:27:13
四川省,长江流域,宏缘,2026-09-30 02:00,2,22.42,8,7.68,474.69,6.71,1.36,0.032,0.096,2.908,,,2026-09-30 06:27:13
四川省,长江流域,李家湾,2026-09-30 02:00,3,25.35,7.9,8.14,478.8,8.6,2.22,0.003,0.156,3.354,,,2026-09-30 06:27:13
四川省,长江流域,廖家堰,2026-09-30 02:00,3,26.164,7.94,7.18,983.583,25.419,3.77,0.097,0.172,2.364,,,2026-09-30 06:27:13
四川省,长江流域,脚仙村,2026-09-30 02:00,3,24.88,7.94,7.81,475.1,28.7,1.93,0.029,0.148,3.118,,,2026-09-30 06:27:13
四川省,长江流域,龙洞,2026-09-30 02:00,1,20.63,8.27,8.15,696,8.39,1.28,0.007,0.007,0.49784,,,2026-09-30 06:27:13
四川省,长江流域,倮果,2026-09-30 02:00,1,21.44,8.32,8.34,723.3242,27.97021,1.03,0.006,0.013,0.62049,,,2026-09-30 06:27:13
四川省,长江流域,雅砻江口,2026-09-30 02:00,1,19.299,7.73,8.35,226.1922,13.9053,1.7,0.015,0.013,0.60819,,,2026-09-30 06:27:13
四川省,长江流域,柏枝,2026-09-30 02:00,1,20,7.98,7.64,203.7694,32.88913,1.24,0.002,0.01,1.19525,,,2026-09-30 06:27:13
四川省,长江流域,湾凼,2026-09-30 02:00,4,26.14666,7.45,4.94,612.1356,5.705853,3.74,0.006,0.03,0.349322,,,2026-09-30 06:27:13
四川省,长江流域,手爬岩,2026-09-30 02:00,2,23.38,7.95,7.36,416.413,16.8376,1.33,,0.06,1.3355,,,2026-09-30 06:27:13
四川省,长江流域,沱江大桥,2026-09-30 03:00,3,25.74,7.94,6.74,507.6105,29.7039,2.4,0.015,0.169,3.084229,,,2026-09-30 06:27:13
四川省,长江流域,醒觉溪,2026-09-30 02:00,2,26.24,8.01,6.84,402,13.96,1.43,0.031,0.038,2.308,,,2026-09-30 06:27:13
四川省,长江流域,胡市大桥,2026-09-30 02:00,5,27.58,7.33,2.43,473.12,6.1504,4.26,0.036,0.135,1.0749,,,2026-09-30 06:27:13
四川省,长江流域,大磨子,2026-09-30 02:00,3,25.704,7.72,7.51,501.375,17.16,2.22,0.065,0.139,3.678,,,2026-09-30 06:27:13
四川省,长江流域,泸天化大桥,2026-09-30 02:00,2,26.32,7.9,7.09,471.666,9.7588,1.86,,0.041,2.2367,,,2026-09-30 06:27:13
四川省,长江流域,纳溪大渡口,2026-09-30 02:00,2,23.1,7.82,7.53,372.991,10.323,0.82,,0.067,1.2971,,,2026-09-30 06:27:13
四川省,长江流域,两汇水,2026-09-30 02:00,3,23.23114,7.61,8.5,110.0049,70.88831,2.55,0.089,0.131,1.184,,,2026-09-30 06:27:13
四川省,长江流域,太平渡,2026-09-30 03:00,2,26.71744,8.15,7.09,549.3815,11.68931,1.73,0.004,0.051,3.44,,,2026-09-30 06:27:13
四川省,长江流域,八角,2026-09-30 02:00,3,23.06,8.07,7.25,532.3,22.11,0.92,0.031,0.135,2.669,,,2026-09-30 06:27:13
四川省,长江流域,象山,2026-09-30 02:00,2,26,7.83,6.04,566.2,6.2,3.67,,0.092,3.287,,,2026-09-30 06:27:13
四川省,长江流域,双江桥,2026-09-30 02:00,3,23.74,8.05,7.38,629.94,25.73,1.59,0.031,0.116,3.065,,,2026-09-30 06:27:13
四川省,长江流域,三川,2026-09-30 02:00,3,23.27,7.38,6.48,666.9,30.1,1.09,0.038,0.152,3.235,,,2026-09-30 06:27:13
四川省,长江流域,西平镇,2026-09-30 02:00,3,22.97,8.12,7.61,534.43,20.55,1.12,,0.103,3.037,,,2026-09-30 06:27:13
四川省,长江流域,平武水文站,2026-09-30 02:00,1,15.43,8.39,8.92,243.6723,118.4508,0.99,0.01,0.02,0.92686,,,2026-09-30 06:27:13
四川省,长江流域,丰谷,2026-09-30 02:00,2,20.98349,7.99,8.75,282.2849,21.98956,1.09,0.008,0.027,0.37424,,,2026-09-30 06:27:13
四川省,长江流域,鲁班岛,2026-09-30 02:00,2,24.79935,8.82,10.42,247.2035,3.63271,1.72,0.002,0.015,0.21612,0.00314,1.200032,2026-09-30 06:27:13
四川省,长江流域,北川通口,2026-09-30 02:00,1,18.6055,8.32,9.35,240.9265,46.96532,0.48,0.004,0.019,1.02258,,,2026-09-30 06:27:13
四川省,长江流域,八庙沟,2026-09-30 02:00,1,23.13,8.38,8.09,345.9827,8.03881,0.65,0.008,0.01,1.31108,,,2026-09-30 06:27:13
四川省,长江流域,姚渡,2026-09-30 02:00,1,18.28691,8.24,8.68,324.582,26.11526,1.61,0.017,0.001,1.372,,,2026-09-30 06:27:13
四川省,长江流域,苴国村,2026-09-30 02:00,1,22.28,8.01,8.21,305.0486,5.29216,1.26,0.002,0.009,0.94688,,,2026-09-30 06:27:13
四川省,长江流域,上石盘,2026-09-30 02:00,1,22.87,8.21,7.55,355.8268,7.19673,1.41,0.001,0.015,1.49294,,,2026-09-30 06:27:13
四川省,长江流域,清泉乡,2026-09-30 02:00,2,25.28,7.72,7.44,323.3,7.5023,2.16,0.018,0.023,0.952,,,2026-09-30 06:27:13
四川省,长江流域,大安,2026-09-30 02:00,3,25.33,7.67,6.94,513.472,12.3,4.64,0.062,0.19,2.0644,,,2026-09-30 06:27:13
四川省,长江流域,百顷,2026-09-30 02:00,2,22.73,7.79,7.45,341.03,16.26,1.05,0.052,0.051,1.959,,,2026-09-30 06:27:13
四川省,长江流域,梓江大桥,2026-09-30 02:00,2,26.12,7.96,6.48,491.1,7.9,3.1,0.003,0.076,3.141,,,2026-09-30 06:27:13
四川省,长江流域,大埂,2026-09-30 02:00,3,25.96,7.82,6.59,569.9,4.92,5.4,0.15,0.097,1.868521,,,2026-09-30 06:27:13
四川省,长江流域,球溪河口,2026-09-30 03:00,4,26.05,7.65,5.8,602.78,21.2,5.12,0.03,0.211,5.58,,,2026-09-30 06:27:13
四川省,长江流域,李码头,2026-09-30 02:00,2,20.32735,7.99,8.33,258.2972,25.69205,0.31,0.007,0.032,1.44903,,,2026-09-30 06:27:13
四川省,长江流域,马边河河口,2026-09-30 02:00,2,20.22433,7.87,8.1,261.6803,11.2028,0.96,0.01,0.037,1.77068,,,2026-09-30 06:27:13
四川省,长江流域,金溪电站,2026-09-30 02:00,4,25.02,7.55,4.89,326.036,9.569,2.03,0.013,0.038,1.67,,,2026-09-30 06:27:13
四川省,长江流域,升钟水库铁炉寺,2026-09-30 02:00,3,25.74,8.61,9.57,338.43,3.87,5.13,,0.02,2.746,,,2026-09-30 06:27:13
四川省,长江流域,沙溪,2026-09-30 02:00,2,24.55,7.55,6.24,293.05,4.23,2.04,0.007,0.011,1.421,,,2026-09-30 06:27:13
四川省,长江流域,黄龙溪,2026-09-30 02:00,2,22.852,7.91,7.24,398.123,8.341,1.54,,0.072,2.329,,,2026-09-30 06:27:13
四川省,长江流域,彭山岷江大桥,2026-09-30 02:00,2,22.51,8.13,9.44,343.5114,13.16782,0.7,0.007,0.051,1.65477,,,2026-09-30 06:27:13
四川省,长江流域,龟都府,2026-09-30 02:00,2,18.92,7.98,8.18,238.6549,15.74327,0.53,0.034,0.047,1.133329,,,2026-09-30 06:27:13
四川省,长江流域,越溪河两河口,2026-09-30 02:00,3,25.28,7.73,5.41,526.7,18.1,4.3,0.02,0.095,3.018,,,2026-09-30 06:27:13
四川省,长江流域,月波,2026-09-30 02:00,2,20.72,7.31,8.13,310.5,13.7,1.24,0.164,0.057,1.743,,,2026-09-30 06:27:13
四川省,长江流域,凉姜沟,2026-09-30 02:00,2,21.83,7.94,8.41,291.8662,10.34129,1.43,0.018,0.068,1.575306,,,2026-09-30 06:27:13
四川省,长江流域,挂弓山,2026-09-30 02:00,2,22.87637,7.93,6.98,400.0858,4.33677,0.94,0.005,0.04,1.41128,,,2026-09-30 06:27:13
四川省,长江流域,蔡家渡口,2026-09-30 02:00,3,25.92117,7.78,5.94,895.292,11.67281,1.39,0.002,0.058,2.50569,,,2026-09-30 06:27:13
四川省,长江流域,三块石,2026-09-30 03:00,1,23.11,7.97,7.51,469.87,6.23,0.78,,0.02,1.029,,,2026-09-30 06:27:13
四川省,长江流域,洛亥,2026-09-30 02:00,2,19.93,8.12,8.27,303.2948,5.460943,0.99,0.004,0.086,3.542,,,2026-09-30 06:27:13
四川省,长江流域,溪口镇平桥村,2026-09-30 03:00,3,23.91,7.49,7.36,303.22,24.8,5.01,0.037,0.073,1.208,,,2026-09-30 06:27:13
四川省,长江流域,摇金,2026-09-30 02:00,3,25.79,7.78,6.77,501.87,23.84,,0.096,0.166,1.565,,,2026-09-30 06:27:13
四川省,长江流域,金子,2026-09-30 02:00,2,25.5,7.77,6.15,292.64,16.68,2.42,0.045,0.051,1.7292,,,2026-09-30 06:27:13
四川省,长江流域,烈面,2026-09-30 03:00,3,26.3,7.46,5.97,304.5,4.6,1.52,0.011,0.05,1.643,,,2026-09-30 06:27:13
四川省,长江流域,幺滩,2026-09-30 02:00,3,25.15,8.17,8.21,471.93,24.5,3.83,0.009,0.128,2.281,,,2026-09-30 06:27:13
四川省,长江流域,江陵,2026-09-30 02:00,3,21.33,8.4,8.44,,46.46,4.52,0.047,0.122,1.847,,,2026-09-30 06:27:13
四川省,长江流域,大蹬沟,2026-09-30 02:00,3,23.02,7.74,8.2,277.3,56.9,3.54,0.007,0.102,2.184,,,2026-09-30 06:27:13
四川省,长江流域,白兔乡,2026-09-30 02:00,3,23.7,8.02,8.08,437.3,11.56,4.75,0.06,0.139,2.104,,,2026-09-30 06:27:13
四川省,长江流域,联盟桥,2026-09-30 02:00,4,22.907,7.55,6.24,280.47,19.07,7.87,0.044,0.136,1.1846,,,2026-09-30 06:27:13
四川省,长江流域,舵石盘,2026-09-30 02:00,6,20.05,8.1,10.66,223.4,,14.27,,2.005,1.14,,,2026-09-30 06:27:13
四川省,长江流域,车家河,2026-09-30 02:00,6,19.52,8.09,9.84,206.3,2129.29,11.43,,1.048,1.386,,,2026-09-30 06:27:13
四川省,长江流域,三谷庄,2026-09-30 02:00,2,20.37903,8.26,7.35,235.8968,7.26355,1.11,0.01,0.01,0.58706,,,2026-09-30 06:27:13
四川省,长江流域,大岗山,2026-09-30 02:00,1,16.88,8.05,7.76,215.1735,16.66667,1.02,0.002,0.012,0.68361,,,2026-09-30 06:27:13
四川省,长江流域,手傍岩,2026-09-30 02:00,2,23.58,7.91,7.23,377.8,19.1,2.04,0.05,0.061,1.543,,,2026-09-30 06:27:13
四川省,长江流域,幸福村,2026-09-30 02:00,3,24.3,7.95,8.03,455,19,1.17,0.039,0.109,2.806,,,2026-09-30 06:27:13
四川省,长江流域,拱城铺渡口,2026-09-30 02:00,3,24.06,7.99,8.14,473.7,18.2,1.13,0.026,0.123,2.834,,,2026-09-30 06:27:13
四川省,长江流域,红光村,2026-09-30 03:00,3,24.16,7.57,5.83,661.03,41.23,5.41,0.027,0.138,2.11,,,2026-09-30 06:27:13
四川省,长江流域,两河,2026-09-30 03:00,3,26.26,7.86,7.12,588.01,11.66,5.97,0.037,0.096,3.024,,,2026-09-30 06:27:13
四川省,长江流域,县城马踏石点,2026-09-30 02:00,2,14.85766,8.39,9.7,336.1422,121.972,1.31,0.079,0.025,0.80624,,,2026-09-30 06:27:13
四川省,长江流域,渭门桥,2026-09-30 02:00,1,15.18,8.33,8.54,227.7944,45.70411,1.34,0.006,0.015,0.40427,,,2026-09-30 06:27:13
四川省,长江流域,小水沟,2026-09-30 02:00,2,13.09776,8.34,7.38,226.1335,52.3802,1.2,0.052,0.018,0.99162,,,2026-09-30 06:27:13
四川省,长江流域,竹巴龙村,2026-09-30 02:00,2,11.83,8.29,6.67,1759.1,234.4,1.84,0.213,0.085,1.914,,,2026-09-30 06:27:13
四川省,长江流域,金沙江岗托桥,2026-09-30 02:00,4,11.9,8.4,7.28,1662.7,302.5,3.16,0.306,0.201,0.981,,,2026-09-30 06:27:13
四川省,长江流域,昔街大桥,2026-09-30 02:00,2,23.29,7.79,7.22,215.15,54.81,1.08,0.101,0.09,13.241,,,2026-09-30 06:27:13
四川省,长江流域,阿七大桥,2026-09-30 02:00,3,22.99,7.74,5.87,230.2773,86.63666,1.36,0.024,0.074,2.84769,,,2026-09-30 06:27:13
四川省,长江流域,邛海湖心,2026-09-30 02:00,2,26.01,8.62,7.97,300.8904,3.69293,2.29,0.004,0.017,0.14669,0.00253,58388.41,2026-09-30 06:27:13
贵州省,长江流域,棉花渡,2026-09-30 02:00,2,24.344,7.87,7.55,470.46,1.3533,1.54,,0.058,3.0123,,,2026-09-30 06:27:13
贵州省,长江流域,贵铝泵房,2026-09-30 02:00,2,25.2205,8.57,10.4,349.5704,5.0443,2.73,0.019,0.02,1.292,0.01904,1999161,2026-09-30 06:27:13
贵州省,长江流域,花鱼洞,2026-09-30 02:00,5,24.7269,7.61,2.55,325.963,3.1939,2.51,0.209,0.032,0.9173,0.00723,3704923,2026-09-30 06:27:13
贵州省,长江流域,麦穰,2026-09-30 02:00,4,25.43,8.15,6.41,674.78,22.91,3.18,0.07,0.254,5.412,,,2026-09-30 06:27:13
贵州省,珠江流域,青岩,2026-09-30 02:00,4,24.84,7.86,4.43,554.2136,4.9419,1.62,0.02,0.039,2.8577,,,2026-09-30 06:27:13
贵州省,长江流域,龙场,2026-09-30 02:00,2,21.52,7.97,6.25,415.43,3.27,0.77,0.021,0.012,3.654,,,2026-09-30 06:27:13
贵州省,珠江流域,发耳,2026-09-30 02:00,2,23,8.33,7.65,351.732,34.603,1.43,0.025,0.07,3.149,,,2026-09-30 06:27:13
贵州省,长江流域,打秋坪,2026-09-30 02:00,2,26.22,8.04,7.14,557.8,3.1,1.43,0.088,0.078,3.986,,,2026-09-30 06:27:13
贵州省,长江流域,鱼塘大桥,2026-09-30 02:00,2,25.64,7.87,7.28,341.93,1.664,0.66,,0.008,1.251,,,2026-09-30 06:27:13
贵州省,长江流域,沿江渡,2026-09-30 02:00,2,28.07,8.91,10.99,316.76,5.56,2.85,,0.012,1.845,,,2026-09-30 06:27:13
贵州省,长江流域,鲤鱼塘,2026-09-30 02:00,4,26.59,7.64,4.53,535.37,,1.61,0.011,0.051,3.201,,,2026-09-30 06:27:13
贵州省,长江流域,坡渡,2026-09-30 02:00,1,24.07,7.99,8.08,320.53,27.65,0.98,0.023,0.016,0.732,,,2026-09-30 06:27:13
贵州省,长江流域,余庆河暗溪坪,2026-09-30 02:00,2,25.75,7.68,8.41,329.07,2.28,0.94,,0.033,1.664,,,2026-09-30 06:27:13
贵州省,长江流域,羊柱头渡口,2026-09-30 02:00,4,25.67,7.56,6.92,681.38,4.844,3.99,0.703,0.284,7.226,,,2026-09-30 06:27:13
贵州省,长江流域,鲢鱼溪,2026-09-30 02:00,1,26.003,8.17,7.7,365.835,18.14,1.24,0.022,0.016,2.536,,,2026-09-30 06:27:13
贵州省,长江流域,长沙,2026-09-30 02:00,2,25.4375,8.24,7.77,267.8496,43.0386,2.18,0.044,0.029,1.3849,,,2026-09-30 06:27:13
贵州省,长江流域,茅台,2026-09-30 02:00,2,26.45,8.12,6.73,420.66,5.75,0.41,,0.005,3.828,,,2026-09-30 06:27:13
贵州省,珠江流域,黄果树,2026-09-30 02:00,2,24.6048,8.13,8.12,518,13.56,1.1,,0.053,2.31,,,2026-09-30 06:27:13
贵州省,长江流域,斯拉河大桥,2026-09-30 02:00,2,26.69,8.67,10.16,359.3,9.45,2.3,0.023,0.017,3.136,,,2026-09-30 06:27:13
贵州省,珠江流域,打邦,2026-09-30 02:00,2,30.04,8.21,7.26,434.11,7.38,1.18,,0.009,2.818,,,2026-09-30 06:27:13
贵州省,长江流域,大关桥,2026-09-30 02:00,2,20.011,8.01,6.99,436.695,4.176,0.005,0.084,0.012,4.596,,,2026-09-30 06:27:13
贵州省,长江流域,小屯,2026-09-30 02:00,2,26,8.4,9.93,362.2784,5.237,2.17,,0.026,4.221,,,2026-09-30 06:27:13
贵州省,长江流域,清水铺,2026-09-30 02:00,2,23.761,8.18,7.18,412.445,6.898,0.85,0.012,0.015,4.318,,,2026-09-30 06:27:13
贵州省,长江流域,大桥边,2026-09-30 02:00,2,20.601,7.93,7.64,322.603,50.134,1.1,0.029,0.029,4.027,,,2026-09-30 06:27:13
贵州省,长江流域,鱼市,2026-09-30 02:00,2,27.8,8.03,7.9,432.079,2.86731,0.99,0.098,0.022,1.082556,,,2026-09-30 06:27:13
贵州省,长江流域,下干溪,2026-09-30 02:00,3,25.01,7.94,5.82,383.48,6.76,0.68,0.036,0.016,2.27,,,2026-09-30 06:27:13
贵州省,珠江流域,坝草,2026-09-30 02:00,1,27.4273,8.22,8.17,396.761,3.1997,1.14,0.014,0.006,2.989,,,2026-09-30 06:27:13
贵州省,珠江流域,南盘江三江口,2026-09-30 02:00,1,28.35,8.58,13.62,253.99,10.5,1.5,0.009,0.013,2.37,0.00257,,2026-09-30 06:27:13
贵州省,珠江流域,万峰湖,2026-09-30 02:00,3,27.13,8.34,7.7,314.12,2.31,0.79,0.006,0.027,2.914,0.027,1057407,2026-09-30 06:27:13
贵州省,珠江流域,岔河口,2026-09-30 02:00,2,27.5233,8.96,10.5,256.6567,21.6678,3.74,,0.013,1.4314,,,2026-09-30 06:27:13
贵州省,珠江流域,蔗香北,2026-09-30 02:00,1,27.08,8.1,9.53,264.0657,5.0625,0.9,0.008,0.008,2.3925,,,2026-09-30 06:27:13
贵州省,珠江流域,黄泥河,2026-09-30 02:00,2,21.6276,8.15,6.86,490.3878,36.209,1.2,,0.041,3.6271,,,2026-09-30 06:27:13
贵州省,珠江流域,赵家渡,2026-09-30 02:00,2,23.8,8.24,7.5,461.602,3.83,0.71,0.015,0.046,5.134,,,2026-09-30 06:27:13
贵州省,珠江流域,坡脚,2026-09-30 02:00,2,28.89,8.29,10.93,372.6847,22.2793,1.67,,0.024,4.0117,,,2026-09-30 06:27:13
贵州省,珠江流域,蔗香南,2026-09-30 02:00,1,29.9,8.6,9.33,262.5,4.21,1.42,0.002,0.014,2.3607,,,2026-09-30 06:27:13
贵州省,长江流域,金紫,2026-09-30 02:00,2,25.08,7.8,6.64,178.3314,13.01,0.56,,0.02,1.091,,,2026-09-30 06:27:13
贵州省,珠江流域,从江大桥,2026-09-30 02:00,1,27.442,7.37,7.56,87.086,0.837,0.72,0.01,0.014,0.485,,,2026-09-30 06:27:13
贵州省,长江流域,平敏大桥,2026-09-30 02:00,2,27.2,7.83,6.61,175.4,7.07,1.12,,0.014,0.565,,,2026-09-30 06:27:13
贵州省,长江流域,旁海,2026-09-30 02:00,2,26.61,8.17,6.89,498.46,11.93,1.09,0.022,0.05,2.061,,,2026-09-30 06:27:13
贵州省,长江流域,重安江大桥,2026-09-30 02:00,3,25.847,8.39,7.29,565.388,4.168,0.81,0.006,0.119,2.865,,,2026-09-30 06:27:13
贵州省,珠江流域,榕江,2026-09-30 02:00,2,28.55,7.72,7.62,134.52,4.27,0.82,0.053,0.029,0.485,,,2026-09-30 06:27:13
贵州省,珠江流域,新华,2026-09-30 02:00,1,26.934,8.3,8.24,217.357,2.422,0.67,0.013,0.011,0.551,,,2026-09-30 06:27:13
贵州省,长江流域,甘溪高碑,2026-09-30 02:00,1,27.32,8.18,9.07,360.8,11.15,1.3,,0.02,0.3952,,,2026-09-30 06:27:13
贵州省,长江流域,跳鱼洞,2026-09-30 02:00,3,24.37,7.97,5.67,489.1,3.73,1.67,0.109,0.111,2.126,,,2026-09-30 06:27:13
贵州省,长江流域,凤山桥边,2026-09-30 02:00,3,25.004,8.27,7.66,734.81,1.7684,1.53,0.023,0.112,4.367,,,2026-09-30 06:27:13
贵州省,珠江流域,边外河,2026-09-30 03:00,2,25.76,7.84,7.34,341.82,5.46,0.83,,0.004,1.704,,,2026-09-30 06:27:13
贵州省,珠江流域,界牌,2026-09-30 02:00,1,25.955,8.06,8.22,293.452,3.986,1.27,0.02,0.009,0.602,,,2026-09-30 06:27:13
贵州省,珠江流域,甲茶,2026-09-30 02:00,2,24.3714,7.73,7.03,325.6232,0.3109,0.76,0.006,0.005,1.0087,,,2026-09-30 06:27:13
云南省,长江流域,通仙桥,2026-09-30 02:00,3,21.13,7.78,5.13,541.553,14.372,1.72,,0.157,7.311,,,2026-09-30 06:27:13
云南省,长江流域,普渡河桥,2026-09-30 02:00,3,23.29,7.78,5.49,575.7821,8.1243,2.73,0.14,0.065,2.8375,,,2026-09-30 06:27:13
云南省,珠江流域,禄丰村,2026-09-30 02:00,2,23.06,8.04,6.5,489.8315,9.5553,1.58,,0.042,5.007,,,2026-09-30 06:27:13
云南省,滇池流域,回龙村,2026-09-30 02:00,4,22.48,7.81,4.35,645.3643,7.4535,2.82,,0.028,2.5997,,,2026-09-30 06:27:13
云南省,滇池流域,船房五社桥头,2026-09-30 02:00,3,23.1,7.74,6.48,565.2896,4.6252,4.17,,0.054,4.9621,,,2026-09-30 06:27:13
云南省,滇池流域,王大桥,2026-09-30 02:00,3,21.9,7.34,5.07,614.0294,8.071,3.54,0.034,0.188,7.331,,,2026-09-30 06:27:13
云南省,滇池流域,大观河入湖口,2026-09-30 02:00,2,21.35,8.16,6.46,441.325,21.6073,1.54,0.024,0.077,4.4831,,,2026-09-30 06:27:13
云南省,滇池流域,大渔乡土罗村入湖口,2026-09-30 02:00,6,21.17,7.37,1.39,532.8038,24.8716,3.24,0.05,0.093,4.688,,,2026-09-30 06:27:13
云南省,滇池流域,新河村入湖口,2026-09-30 02:00,2,21.45,8.16,6.43,414.23,17.345,1.73,,0.098,3.8769,,,2026-09-30 06:27:13
云南省,珠江流域,阳宗海中,2026-09-30 03:00,2,23.63,9,7.11,414.388,3.154,3.71,0.029,0.014,0.439,0.00754,15100,2026-09-30 06:27:13
云南省,长江流域,富民大桥,2026-09-30 02:00,4,23.26,8.25,4.8,551.7497,41.8955,6.64,0.064,0.16,2.5019,,,2026-09-30 06:27:13
云南省,滇池流域,严家村桥,2026-09-30 02:00,2,21.27728,8.09,6.64,436.3554,13.35072,1.37,0.037,0.078,4.77323,,,2026-09-30 06:27:13
云南省,滇池流域,宝丰村入湖口,2026-09-30 02:00,4,20.82,7.82,4.54,618.71,9.59,1.7,,0.036,3.509,,,2026-09-30 06:27:13
云南省,滇池流域,江尾下闸,2026-09-30 02:00,4,22.92,7.62,4.66,360.0932,11.3221,0.96,0.063,0.027,1.992,,,2026-09-30 06:27:13
云南省,滇池流域,茨巷河入湖口,2026-09-30 02:00,4,21.34,7.62,4.44,282.8727,8.1797,2.92,,0.013,1.355,,,2026-09-30 06:27:13
云南省,滇池流域,东大河滇池入湖口,2026-09-30 02:00,6,22.73,9.02,5.47,272.885,14.3141,3.42,,0.065,1.138,,,2026-09-30 06:27:13
云南省,滇池流域,草海中心,2026-09-30 03:00,4,22.88,8.53,10.11,379.5,70.35,4.6,,0.071,3.706,0.01816,6.06439,2026-09-30 06:27:13
云南省,滇池流域,灰湾中,2026-09-30 03:00,4,22.23,8.84,6.68,395.174,162.501,6.65,0.047,0.075,1.604,0.03476,4.490998,2026-09-30 06:27:13
云南省,滇池流域,观音山东,2026-09-30 01:00,4,22.57,,7.91,388.85,45.22,8.68,,0.068,0.863,0.02479,8.403126,2026-09-30 06:27:13
云南省,滇池流域,观音山中,2026-09-30 03:00,4,22.15,8.83,7.19,357.016,53.091,5.56,,0.066,1.14,0.00625,1.70779,2026-09-30 06:27:13
云南省,滇池流域,观音山西,2026-09-30 03:00,4,22.72,8.91,6.65,391.64,59.52,7.62,0.049,0.07,1.205,0.01046,9.901406,2026-09-30 06:27:13
云南省,滇池流域,海口西,2026-09-30 03:00,4,21.79,,6.09,360.23,27.65,6.05,0.028,0.046,0.523,0.01092,6.63897,2026-09-30 06:27:13
云南省,滇池流域,滇池南,2026-09-30 03:00,4,21.32,,7.61,396.9,41.89,9.59,,0.063,0.766,0.05327,1.663563,2026-09-30 06:27:13
云南省,滇池流域,晋城小寨,2026-09-30 02:00,3,20.66,8.03,5.36,550.4503,9.2183,2.42,0.01,0.069,7.685,,,2026-09-30 06:27:13
云南省,长江流域,牛栏江河口,2026-09-30 02:00,3,22.04,8.02,5.1,539.858,14.565,2.16,0.035,0.044,4.69,,,2026-09-30 06:27:13
云南省,珠江流域,狗街,2026-09-30 02:00,4,24.06,7.71,4.92,591.4912,10.90402,2.69,0.055,0.149,5.810977,,,2026-09-30 06:27:13
云南省,珠江流域,花山水库出水口,2026-09-30 02:00,2,22.35,8.37,6.96,331.3727,2.444,1,0.009,0.004,2.8708,,,2026-09-30 06:27:13
云南省,长江流域,以礼河水文站,2026-09-30 02:00,3,20.62,7.89,5.7,282.4624,10.6046,2.15,,0.046,2.1065,,,2026-09-30 06:27:13
云南省,珠江流域,厂房大桥,2026-09-30 02:00,2,24.7,8.62,9.19,288.8344,8.6998,3.98,0.003,0.061,2.7351,,,2026-09-30 06:27:13
云南省,珠江流域,天生桥,2026-09-30 02:00,2,21.37,7.78,6.27,581.16,12.541,3.03,0.472,0.1,5.7613,,,2026-09-30 06:27:13
云南省,长江流域,牛栏江大桥,2026-09-30 02:00,2,21.3,8.01,7.06,405.097,20.64,1.01,0.017,0.044,2.447,,,2026-09-30 06:27:13
云南省,珠江流域,盘溪大桥,2026-09-30 02:00,2,23.57,8.13,7.07,525.5309,8.1728,1.52,0.009,0.042,5.18275,,,2026-09-30 06:27:13
云南省,珠江流域,九甸大桥,2026-09-30 02:00,2,24.43279,8.24,7.03,542.689,23.41626,1.23,0.005,0.081,4.84138,,,2026-09-30 06:27:13
云南省,西南诸河,坝洪村,2026-09-30 02:00,1,27.95,8.14,7.58,357.7542,88.756,0.82,0.006,0.019,1.06303,,,2026-09-30 06:27:13
云南省,珠江流域,抚仙湖心,2026-09-30 03:00,2,22.53,8.84,7,276.77,2.561,2.58,,0.01,0.095,0.00255,2.082715,2026-09-30 06:27:13
云南省,西南诸河,绿汁江大桥,2026-09-30 02:00,3,23.76903,8.15,5.98,634.2062,78.3175,1.48,0.031,0.011,1.22805,,,2026-09-30 06:27:13
云南省,珠江流域,杞麓湖心,2026-09-30 03:00,4,22.93,8.68,6.46,798.88,4.86,6.91,0.074,0.023,1.423,0.04855,8300050,2026-09-30 06:27:13
云南省,珠江流域,永昌桥,2026-09-30 02:00,3,21.67465,7.95,5.44,505.7681,3.30143,1.89,0.081,0.108,3.62508,,,2026-09-30 06:27:13
云南省,珠江流域,星云湖心,2026-09-30 03:00,3,23.41,,5.24,553.689,38.03,5.78,,0.01,0.494,0.00608,4.278007,2026-09-30 06:27:13
云南省,西南诸河,红旗桥,2026-09-30 02:00,1,18.64325,8.15,9.4,403.1229,494.8414,1.3,,0.007,0.5302644,,,2026-09-30 06:27:13
云南省,西南诸河,湾甸,2026-09-30 02:00,2,26.44436,8.37,7.75,431.1554,167.6657,0.83,0.005,0.064,2.03182,,,2026-09-30 06:27:13
云南省,西南诸河,永保桥,2026-09-30 02:00,2,20.81705,8.22,6.84,439.6575,15.34292,0.99,0.001,0.002,0.39422,,,2026-09-30 06:27:13
云南省,西南诸河,龙江桥,2026-09-30 02:00,2,21.73245,7.13,7.19,106.05,19.08622,0.99,0.004,0.021,0.68259,,,2026-09-30 06:27:13
云南省,长江流域,云贵桥,2026-09-30 02:00,1,19.18,8.16,8.03,391.527,7.2,1.37,,0.018,2.85,,,2026-09-30 06:27:13
云南省,长江流域,头屯河,2026-09-30 02:00,2,18.53,8.02,7.3,422.918,3.4,0.3,,0.022,5.029,,,2026-09-30 06:27:13
云南省,长江流域,邓家河,2026-09-30 02:00,2,22.28,7.76,7.41,400.447,11.89,1.06,0.121,0.053,2.831,,,2026-09-30 06:27:13
云南省,长江流域,横江桥,2026-09-30 02:00,2,22.06,8.1,8.25,293.67,21.84,0.68,,0.031,2.074,,,2026-09-30 06:27:13
云南省,长江流域,程海湖中,2026-09-30 02:00,2,25.44629,,6.82,1318.374,3.89186,,0.016,0.015,0.8063,0.00495,7912.994,2026-09-30 06:27:13
云南省,长江流域,金江桥,2026-09-30 02:00,1,20.7,8.09,8.89,870.0051,12.93238,0.92,0.022,0.01,0.6474,,,2026-09-30 06:27:13
云南省,长江流域,龙兴村,2026-09-30 02:00,4,20.04399,7.67,4.88,463.5643,12.13962,2.33,0.373,0.276,3.18835,,,2026-09-30 06:27:13
云南省,西南诸河,土卡河水文站,2026-09-30 02:00,2,26.78485,7.8,6.36,216.7355,28.40258,1.31,,0.02,0.8838145,,,2026-09-30 06:27:13
云南省,西南诸河,莲花乡,2026-09-30 02:00,3,24.32705,7.66,5.36,337.1407,9.865,2.86,0.045,0.161,5.10118,,,2026-09-30 06:27:13
云南省,西南诸河,嘎旧,2026-09-30 02:00,2,22.7,7.97,6.79,395.692,13.10921,1.39,0.02,0.012,,,,2026-09-30 06:27:13
云南省,西南诸河,景临桥,2026-09-30 02:00,6,27.71,9.48,11.19,201.0773,16.424,3.77,0.016,0.049,0.79077,,,2026-09-30 06:27:13
云南省,西南诸河,孟定大桥,2026-09-30 02:00,2,24.33,7.9,8.06,248.2968,462.4451,0.79,0.005,0.023,1.43822,,,2026-09-30 06:27:13
云南省,西南诸河,黑箐,2026-09-30 02:00,2,24.73,7.71,6.29,152.2699,85.42007,1.29,0.006,0.033,1.85938,,,2026-09-30 06:27:13
云南省,西南诸河,小黑江检查站,2026-09-30 02:00,2,23.10232,7.58,7.31,181.4901,134.6616,1.3,0.103,0.019,0.6748,,,2026-09-30 06:27:13
云南省,西南诸河,水文站,2026-09-30 02:00,4,23.03,7.88,4.69,443.8379,15.10785,1.04,0.038,0.041,1.55255,,,2026-09-30 06:27:13
云南省,长江流域,西观桥,2026-09-30 02:00,4,22.27,7.65,4.85,649.2627,18.12387,1.72,0.002,0.029,5.43257,,,2026-09-30 06:27:13
云南省,西南诸河,那发出境,2026-09-30 02:00,3,27.6,7.49,5.8,142.4222,210.07,1.29,,0.079,0.6006,,,2026-09-30 06:27:13
云南省,西南诸河,中越桥,2026-09-30 02:00,2,26.38,7.96,8.55,288.5168,33.6306,0.77,0.122,0.05,2.2738,,,2026-09-30 06:27:13
云南省,西南诸河,龙脖渡口,2026-09-30 02:00,2,27.46,8.11,6.54,327.1568,27.2907,0.57,,0.048,1.1346,,,2026-09-30 06:27:13
云南省,西南诸河,河口县医院,2026-09-30 02:00,3,27.58695,8.09,5.99,316.3736,17.16756,0.94,,0.046,1.735901,,,2026-09-30 06:27:13
云南省,西南诸河,小河底河,2026-09-30 02:00,1,24.9,8.14,8.07,452.353,42.9315,0.74,,0.018,1.293,,,2026-09-30 06:27:13
云南省,珠江流域,异龙湖中,2026-09-30 03:00,4,25.42,8.5,7.08,471.09,3.947,7.76,0.027,0.013,0.549,0.01921,107446.3,2026-09-30 06:27:13
云南省,珠江流域,长虹桥,2026-09-30 02:00,6,24.08,8.17,7.36,477.3716,69.3709,20.87,,0.143,4.6245,,,2026-09-30 06:27:13
云南省,珠江流域,江边桥,2026-09-30 02:00,2,25.02,7.77,9,513.67,55.34,1.06,,0.071,3.6935,,,2026-09-30 06:27:13
云南省,西南诸河,天保农场,2026-09-30 02:00,2,23.82,7.97,9.03,369.7,11.62,0.46,,0.028,3.0979,,,2026-09-30 06:27:13
云南省,西南诸河,南利大桥,2026-09-30 02:00,2,24.51,7.96,6.01,298.22,15.84,0.76,0.03,0.014,1.253,,,2026-09-30 06:27:13
云南省,珠江流域,谷拉河大桥,2026-09-30 02:00,1,30.49,8.51,10.52,206.57,3.016,1.93,0.001,0.006,0.537,,,2026-09-30 06:27:13
云南省,西南诸河,关累码头,2026-09-30 02:00,2,23.60806,7.64,6.51,300.678,17.37129,0.49,0.005,0.011,1.01365,,,2026-09-30 06:27:13
云南省,西南诸河,勐仑大桥,2026-09-30 02:00,2,24.87,8.21,7.57,267.6896,26.0792,,0.003,0.023,0.6169,,,2026-09-30 06:27:13
云南省,西南诸河,风情园大桥,2026-09-30 02:00,2,22.53358,7.7,8.53,99.51358,90.00483,,0.002,0.042,1.8187,,,2026-09-30 06:27:13
云南省,西南诸河,勐捧岔河,2026-09-30 02:00,2,24.46,7.98,7.35,287.4893,30.77458,1.1,0.005,0.049,0.67726,,,2026-09-30 06:27:13
云南省,西南诸河,打洛江大桥,2026-09-30 02:00,1,25.20367,7.88,7.7,143.2129,61.55698,0.24,0.004,0.016,0.48662,,,2026-09-30 06:27:13
云南省,西南诸河,洱海湖心,2026-09-30 03:00,3,23.15,8.81,6.37,288.76,4.76,4.02,0.01,0.021,0.495,0.01802,16400,2026-09-30 06:27:13
云南省,西南诸河,交汇口,2026-09-30 02:00,2,21.66308,8.32,7.59,334.7834,82.17901,1.45,0.007,0.037,0.74021,,,2026-09-30 06:27:13
云南省,西南诸河,徐村桥,2026-09-30 02:00,2,22.08,7.77,7.05,264.9933,41.12142,1.23,0.001,0.038,1.22433,,,2026-09-30 06:27:13
云南省,西南诸河,江尾,2026-09-30 02:00,2,23.9306,8.68,8.17,315.45,14.81189,1.76,0.006,0.033,1.2445,,,2026-09-30 06:27:13
云南省,西南诸河,四级坝,2026-09-30 02:00,3,21.63,7.61,7.01,317.3621,4.622,2.86,0.098,0.137,2.15626,,,2026-09-30 06:27:13
云南省,西南诸河,汇流电站,2026-09-30 02:00,2,24.72575,6.98,7.78,82.18138,27.02303,0.91,0.01,0.023,0.79612,,,2026-09-30 06:27:13
云南省,西南诸河,姐告大桥,2026-09-30 02:00,2,24.15147,7.67,6.79,133.4813,90.10454,1.29,0.009,0.038,2.77752,,,2026-09-30 06:27:13
云南省,西南诸河,迭撒大桥,2026-09-30 02:00,3,24.72138,6.82,5.89,131.2195,295.1384,1.16,0.013,0.019,1.82497,,,2026-09-30 06:27:13
云南省,西南诸河,风平,2026-09-30 02:00,2,22.75,7.93,7.06,179.2061,106.6081,2.58,0.051,0.098,1.15691,,,2026-09-30 06:27:13
云南省,西南诸河,丙舍桥,2026-09-30 02:00,1,17.40605,8.33,10.16,422.7802,1040.487,1.38,0.006,0.002,0.41571,,,2026-09-30 06:27:13
云南省,长江流域,贺龙桥,2026-09-30 02:00,1,16.8424,8.39,8.68,1033.415,62.23315,1.33,0.075,0.014,0.89026,,,2026-09-30 06:27:13
云南省,西南诸河,中路村,2026-09-30 02:00,1,16.46,8.45,8.8,473.843,16.098,1.01,0.011,,0.55226,,,2026-09-30 06:27:13
西藏自治区,西南诸河,才纳,2026-09-30 02:00,2,12.931,7.98,6.85,217.188,29.501,1.29,0.027,0.015,0.628,,,2026-09-30 06:27:13
西藏自治区,西南诸河,米瑞,2026-09-30 02:00,2,14.139,7.85,7.21,193.003,47.244,1.09,0.019,0.028,0.387,,,2026-09-30 06:27:13
陕西省,黄河流域,灞河口,2026-09-30 02:00,3,22.27,8.3,8.23,419.0291,26.3521,2.74,0.036,0.151,4.4006,,,2026-09-30 06:27:13
陕西省,黄河流域,三郎村,2026-09-30 02:00,2,22.95,7.61,6.82,472.501,39.72,3.39,0.12,0.076,4.6784,,,2026-09-30 06:27:13
陕西省,黄河流域,沙王渡,2026-09-30 01:00,4,23.09,7.91,4.15,779.8223,108.8172,4.13,0.479,0.134,6.2186,,,2026-09-30 06:27:13
陕西省,黄河流域,岔口,2026-09-30 02:00,3,20.88,7.74,8.23,863.693,5.332,4.84,0.072,0.073,6.2977,,,2026-09-30 06:27:13
陕西省,黄河流域,下桃水电站,2026-09-30 02:00,2,19.813,8.4,8.12,1226.8,515.45,3.64,,0.036,4.62,,,2026-09-30 06:27:13
陕西省,长江流域,黄牛铺,2026-09-30 02:00,3,15.28,7.58,8.42,105.2222,5.4872,4.42,0.007,0.013,1.251,,,2026-09-30 06:27:13
陕西省,黄河流域,魏家堡,2026-09-30 02:00,2,20.59,7.9,7.64,475.4601,78.9189,3.47,0.024,0.065,4.087,,,2026-09-30 06:27:13
陕西省,黄河流域,卧龙寺桥,2026-09-30 02:00,2,19.87,8.26,8.02,566.3263,42.4789,2.91,,0.023,3.881,,,2026-09-30 06:27:13
陕西省,长江流域,灶火庵,2026-09-30 02:00,2,20.52,7.96,7.25,236.472,35.8371,3.21,0.015,0.034,1.7454,,,2026-09-30 06:27:13
陕西省,黄河流域,咸阳铁桥,2026-09-30 02:00,2,22.43,8.06,7.39,653.0297,59.8146,2.69,0.023,0.053,6.7165,,,2026-09-30 06:27:13
陕西省,黄河流域,兴平,2026-09-30 02:00,2,21.25,8.01,6.76,658.9562,125.7857,3.09,0.076,0.099,6.8837,,,2026-09-30 06:27:13
陕西省,黄河流域,泾河桥,2026-09-30 02:00,2,22.36,8.37,7.85,1529.86,321.7733,2.62,0.013,0.092,3.302,,,2026-09-30 06:27:13
陕西省,黄河流域,黑河张家桥,2026-09-30 02:00,2,20.5,8.16,7.32,664.0659,61.4062,1.62,0.029,0.03,2.2075,,,2026-09-30 06:27:13
陕西省,黄河流域,潼关吊桥,2026-09-30 01:00,3,23.34,8.48,8.65,1037.634,316.0341,4.38,0.008,0.115,6.7815,,,2026-09-30 06:27:13
陕西省,黄河流域,王谦村,2026-09-30 02:00,3,22.34,8.3,7.85,1460,623.25,3.66,0.12,0.115,3.805,,,2026-09-30 06:27:13
陕西省,黄河流域,张家庄,2026-09-30 01:00,2,22.84,8.16,7.7,454.4977,19.3285,3.09,0.05,0.023,3.3165,,,2026-09-30 06:27:13
陕西省,黄河流域,杨家畔村,2026-09-30 02:00,2,20.8,8.8,7.8,1487.668,36.86198,2.88,0.026,0.027,6.9191,,,2026-09-30 06:27:13
陕西省,黄河流域,昝家山,2026-09-30 02:00,2,19.88,8.37,8.62,595.568,55.68743,1.86,0.002,0.022,4.6041,,,2026-09-30 06:27:13
陕西省,黄河流域,寺滩,2026-09-30 02:00,2,20.8,8.62,7.93,1305.387,32.34742,1.27,0.04,0.046,4.8991,,,2026-09-30 06:27:13
陕西省,黄河流域,朱家沟,2026-09-30 02:00,3,19.76,8.09,7.26,1024.936,16.98131,2.88,0.195,0.116,5.3971,,,2026-09-30 06:27:13
陕西省,长江流域,烈金坝,2026-09-30 02:00,2,18.98,8.3,7.69,336.07,5.208,,,0.021,1.4366,,,2026-09-30 06:27:13
陕西省,长江流域,南柳渡,2026-09-30 02:00,2,20.91,7.87,7.24,262.4866,19.3834,1.77,0.028,0.056,1.247,,,2026-09-30 06:27:13
陕西省,长江流域,白水江,2026-09-30 02:00,2,20.06,8.2,7.72,318.2971,20.789,1.12,0.003,0.021,1.0991,,,2026-09-30 06:27:13
陕西省,黄河流域,柏树坪,2026-09-30 02:00,3,20.77187,8.24,8.69,864.213,740.6694,5.09,,0.185,10.2351,,,2026-09-30 06:27:13
陕西省,黄河流域,温家川,2026-09-30 02:00,2,19.22,8.34,7.26,1376.164,15.0193,1.82,0.029,0.026,2.9051,,,2026-09-30 06:27:13
陕西省,黄河流域,碛塄,2026-09-30 02:00,2,18.79,8.21,8.25,813.835,219.2084,2.17,,0.051,3.4271,,,2026-09-30 06:27:13
陕西省,黄河流域,高家川,2026-09-30 02:00,2,17.5,8.4,8.61,850.855,148.3091,2.28,,0.068,3.3161,,,2026-09-30 06:27:13
陕西省,黄河流域,鱼河,2026-09-30 02:00,4,17.36,8.31,7.49,842.117,131.4683,4.23,0.202,0.22,4.5091,,,2026-09-30 06:27:13
陕西省,长江流域,白河城关,2026-09-30 02:00,2,22.09,7.66,8.84,252.4948,31.77,2.23,0.017,0.067,1.946,0.013007,,2026-09-30 06:27:13
陕西省,长江流域,小钢桥,2026-09-30 02:00,2,21.86,7.76,6.98,306.78,4.18,1.48,,0.033,1.412,,,2026-09-30 06:27:13
陕西省,长江流域,老君关,2026-09-30 02:00,2,21,7.63,6.27,253.1959,48.8946,2.31,0.03,0.054,1.332,,,2026-09-30 06:27:13
陕西省,长江流域,瀛湖坝前,2026-09-30 02:00,2,23.1,7.86,6.65,240.3732,5.2299,1.73,,0.024,1.079,0.04196,1967823,2026-09-30 06:27:13
陕西省,长江流域,构峪口,2026-09-30 02:00,1,21.18,8.19,8.28,412.626,6.8191,1.55,,,1.918,,,2026-09-30 06:27:13
陕西省,长江流域,丹凤下,2026-09-30 02:00,2,19.54,8.07,8,436.5406,9.9571,1.81,0.006,0.048,2.8717,,,2026-09-30 06:27:13
陕西省,黄河流域,灵口,2026-09-30 02:00,1,20.45,8.28,7.58,468.0775,8.1887,1,0.025,0.008,1.4352,,,2026-09-30 06:27:13
甘肃省,黄河流域,新城桥,2026-09-30 02:00,2,16,8.2,7.41,584.777,105.833,1.79,0.082,0.05,2.0813,,,2026-09-30 06:27:13
甘肃省,黄河流域,湟水桥,2026-09-30 02:00,2,15.28,8.46,7.49,633.164,116.645,2.49,0.141,0.095,3.503,,,2026-09-30 06:27:13
甘肃省,西北诸河,迎山坡,2026-09-30 02:00,1,13.14911,8.13,7.68,567.473,6.05009,0.29,0.013,0.007,1.65394,,,2026-09-30 06:27:13
甘肃省,黄河流域,青城桥,2026-09-30 02:00,2,16.7949,8.25,6.9,610.1357,21.12923,1.38,0.033,0.018,2.56655,,,2026-09-30 06:27:13
甘肃省,黄河流域,五佛寺,2026-09-30 02:00,2,17.32497,8.35,7.37,705.4042,74.10078,1.6,0.046,0.024,2.719,,,2026-09-30 06:27:13
甘肃省,黄河流域,靖远桥,2026-09-30 02:00,2,16.77918,8.31,7.14,639.1329,31.25813,1.29,0.035,0.019,2.37471,,,2026-09-30 06:27:13
甘肃省,黄河流域,桦林,2026-09-30 02:00,2,17.2,8.44,8.31,819.2,735.2,3.61,,0.099,4.971,,,2026-09-30 06:27:13
甘肃省,黄河流域,葡萄园,2026-09-30 02:00,2,20.31,8.28,7.62,1028.838,1507.883,3.48,0.011,0.089,7.813,,,2026-09-30 06:27:13
甘肃省,西北诸河,红崖山水库,2026-09-30 02:00,2,17.14297,8.42,7.52,516.9353,28.2394,1.72,0.042,0.022,0.65444,0.00633,2203131,2026-09-30 06:27:13
甘肃省,黄河流域,先明峡桥,2026-09-30 02:00,1,12.48352,8.5,8.33,491.8906,44.47047,1.06,0.003,0.001,1.41257,,,2026-09-30 06:27:13
甘肃省,西北诸河,莺落峡,2026-09-30 02:00,1,12.61,8.23,8.76,695.5922,6.34968,0.42,0.018,0.003,1.37249,,,2026-09-30 06:27:13
甘肃省,西北诸河,皇城水库,2026-09-30 02:00,1,10.14274,8.23,8.8,555.418,8.53918,0.96,0.002,0.001,1.4875,,,2026-09-30 06:27:13
甘肃省,西北诸河,六坝桥,2026-09-30 02:00,1,14.13837,8.43,8.54,683.3861,8.65652,0.37,0.019,0.008,2.20942,,,2026-09-30 06:27:13
甘肃省,黄河流域,长庆桥,2026-09-30 02:00,2,18.79,8.35,7.39,877.468,136.7424,1.32,0.004,0.069,5.1441,,,2026-09-30 06:27:13
甘肃省,黄河流域,洮园桥,2026-09-30 02:00,2,15.9,8.35,7.56,429.8956,36.57619,2.15,0.077,0.033,3.02241,,,2026-09-30 06:27:13
甘肃省,长江流域,固水子村,2026-09-30 02:00,2,16.45,8.3,8.98,331.6,363.9,2.59,,0.096,1.11,,,2026-09-30 06:27:13
甘肃省,长江流域,两水桥,2026-09-30 02:00,2,16.17,8.45,8.52,339.242,301.9421,3.34,0.002,0.031,1.6151,,,2026-09-30 06:27:13
甘肃省,黄河流域,扶和桥,2026-09-30 02:00,2,15.3,8.2,7.63,523.9605,28.32408,1.65,0.074,0.026,2.06499,,,2026-09-30 06:27:13
甘肃省,黄河流域,折桥,2026-09-30 02:00,1,13.65,8.47,8.88,485.6754,155.8358,1.45,0.054,0.02,2.2986,,,2026-09-30 06:27:13
甘肃省,黄河流域,地沟桥,2026-09-30 02:00,1,13.02,8.58,8.21,516.2766,45.66639,1.66,0.045,0.018,2.29279,,,2026-09-30 06:27:13
甘肃省,黄河流域,玛曲,2026-09-30 02:00,4,11.97611,8.2,6.28,310.7039,170.8412,7.31,0.146,0.059,3.38129,,,2026-09-30 06:27:13
青海省,黄河流域,小峡桥,2026-09-30 02:00,2,13.77129,8.36,7.97,628.9528,56.2506,2.87,0.103,0.065,3.42429,,,2026-09-30 06:27:13
青海省,黄河流域,润泽桥,2026-09-30 02:00,2,13.06804,8.17,8,457.8072,64.9289,2.18,0.072,0.05,2.1427,,,2026-09-30 06:27:13
青海省,黄河流域,大河家,2026-09-30 02:00,1,12.86718,8.31,7.98,506.9053,8.71486,1.19,0.009,0.002,41.91258,,,2026-09-30 06:27:13
青海省,黄河流域,边墙村,2026-09-30 02:00,2,15.051,8.42,8.02,711.4988,96.81618,3.15,0.101,0.078,3.72373,,,2026-09-30 06:27:13
青海省,黄河流域,峡塘,2026-09-30 02:00,1,10.86569,8.47,8.92,532.1287,40.04782,1.18,0.002,0.007,1.06605,,,2026-09-30 06:27:13
青海省,黄河流域,金滩,2026-09-30 02:00,2,11.33,8.41,7.48,451.6,5.596,1.86,0.023,0.02,0.992,,,2026-09-30 06:27:13
青海省,西北诸河,布哈河入青海湖口,2026-09-30 02:00,1,10.3437,8.39,7.63,570.5877,27.28644,1.15,0.003,0.004,0.647,,,2026-09-30 06:27:13
青海省,黄河流域,唐乃亥,2026-09-30 02:00,2,13.65761,8.48,7.2,439.6394,62.82871,1.63,0.083,0.045,1.20518,,,2026-09-30 06:27:13
青海省,黄河流域,龙羊峡库区出水口,2026-09-30 02:00,2,14.84433,8.04,6.96,436.5572,7.09332,1.53,0.003,0.007,0.79475,0.00335,290579.2,2026-09-30 06:27:13
青海省,长江流域,直门达,2026-09-30 02:00,3,11.4275,8.38,7.86,1903.75,435.975,1.78,0.594,0.131,1.105836,,,2026-09-30 06:27:13
青海省,西北诸河,总场水闸,2026-09-30 02:00,1,9.38,8.48,8.06,848.3593,21.64805,0.25,0.001,0.004,0.71884,,,2026-09-30 06:27:13
青海省,西北诸河,纳赤台,2026-09-30 02:00,2,6.335,8.43,7.87,884,40.05,0.98,0.027,0.047,0.704,,,2026-09-30 06:27:13
青海省,西北诸河,德令哈市水厂旁,2026-09-30 02:00,1,9.82668,8.12,10.19,758.511,4.42632,0.19,0.003,0.002,1.19264,,,2026-09-30 06:27:13
宁夏回族自治区,黄河流域,银古公路桥,2026-09-30 02:00,2,18.13274,8.33,7.46,872.6876,394.4972,2.39,0.066,0.037,3.62657,,,2026-09-30 06:27:13
宁夏回族自治区,黄河流域,平罗黄河大桥,2026-09-30 02:00,2,18.29,8.37,7.27,923.26,406.04,2.19,,0.084,3.647,,,2026-09-30 06:27:13
宁夏回族自治区,黄河流域,麻黄沟,2026-09-30 02:00,2,17.81,8.35,7.55,935.584,573.607,2.21,,0.059,3.249,,,2026-09-30 06:27:13
宁夏回族自治区,黄河流域,沙湖,2026-09-30 02:00,4,16.96,8.81,7.87,1407,33.75,6.47,0.033,0.035,0.694,0.018,2.554,2026-09-30 06:27:13
宁夏回族自治区,黄河流域,金沙湾,2026-09-30 02:00,2,18.239,8.38,7.95,783.64,123.33,1.68,,0.062,3.031,,,2026-09-30 06:27:13
宁夏回族自治区,黄河流域,弹筝峡,2026-09-30 02:00,1,14.13,8.3,7.71,677.05,8.828,1.38,,0.017,3.177,,,2026-09-30 06:27:13
宁夏回族自治区,黄河流域,沟圈,2026-09-30 02:00,2,17.44,8.51,7.81,1954.603,100.7868,2.41,0.024,0.032,1.7741,,,2026-09-30 06:27:13
宁夏回族自治区,黄河流域,中卫下河沿,2026-09-30 03:00,-1,,,,,,,,,,,,2026-09-30 06:27:13
宁夏回族自治区,黄河流域,泉眼山,2026-09-30 02:00,2,18.16,8.21,9.04,7544.503,276.866,3.24,0.186,0.088,25.0301,,,2026-09-30 06:27:13
新疆维吾尔自治区,西北诸河,青年渠,2026-09-30 02:00,1,14.39,8.22,9.87,465.4153,22.10168,0.71,0.001,0.003,1.24625,,,2026-09-30 06:27:13
新疆维吾尔自治区,西北诸河,七纺桥,2026-09-30 02:00,1,12.43,8.54,8.48,2254.222,13.67993,0.53,0.001,0.019,10.84861,,,2026-09-30 06:27:13
新疆维吾尔自治区,西北诸河,赛湖2,2026-09-30 02:00,3,14.88285,,5.5,3196.212,9.48755,0.72,0.174,0.001,0.50458,0.00963,21580,2026-09-30 06:27:13
新疆维吾尔自治区,西北诸河,哈尔莫墩,2026-09-30 02:00,1,14.93,8.19,9.15,401.5624,0.0118,0.85,0.009,0.008,0.67503,,,2026-09-30 06:27:13
新疆维吾尔自治区,西北诸河,汇合口,2026-09-30 02:00,1,19.43,7.92,8.7,448.3929,5.92407,1.62,0.005,0.006,0.29192,,,2026-09-30 06:27:13
新疆维吾尔自治区,西北诸河,兰干,2026-09-30 02:00,2,20.46689,8.05,6.01,784.9196,2.70081,1.2,0.047,0.006,0.30964,,,2026-09-30 06:27:13
新疆维吾尔自治区,西北诸河,塔提让,2026-09-30 02:00,5,13.8,8.52,8.35,1186.829,825.509,13.61,0.001,0.001,0.88299,,,2026-09-30 06:27:13
新疆维吾尔自治区,西北诸河,塔里木拦河闸,2026-09-30 02:00,1,17.69404,8.16,8.24,606.8926,150.461,0.64,0.009,0.002,0.82335,,,2026-09-30 06:27:13
新疆维吾尔自治区,西北诸河,十二医院,2026-09-30 02:00,1,17.24896,8.22,8.72,,1.47437,0.24,0.06,0.004,0.91919,,,2026-09-30 06:27:13
新疆维吾尔自治区,西北诸河,依干其渡口,2026-09-30 02:00,1,18.15562,8.37,7.81,498.8538,71.18186,1.35,0.005,0.002,1.31427,,,2026-09-30 06:27:13
新疆维吾尔自治区,西北诸河,喀河大桥,2026-09-30 02:00,2,16.85388,8,6.9,1431.638,1.95479,0.73,0.003,0.002,1.57536,,,2026-09-30 06:27:13
新疆维吾尔自治区,西北诸河,科布大桥,2026-09-30 02:00,1,12.37214,8.08,8.01,351.0598,36.3102,0.92,0.007,0.013,1.05248,,,2026-09-30 06:27:13
新疆维吾尔自治区,西北诸河,龙口大桥,2026-09-30 02:00,1,16.9115,7.61,8.42,309.7365,3.92654,0.43,0.006,0.004,0.6237,,,2026-09-30 06:27:13
新疆维吾尔自治区,西北诸河,羊场大桥,2026-09-30 02:00,1,17.16,8.1,8.2,494.4228,47.90498,1.17,0.004,0.012,1.66023,,,2026-09-30 06:27:13
新疆维吾尔自治区,西北诸河,喀什河大桥,2026-09-30 02:00,1,16.2,8.13,10.2,257.0631,11.94656,0.53,0.001,0.006,0.9326,,,2026-09-30 06:27:13
新疆维吾尔自治区,西北诸河,霍城63团伊犁河大桥,2026-09-30 02:00,2,16.53,7.92,8.33,384.047,136.027,0.93,0.03,0.027,0.87,,,2026-09-30 06:27:13
新疆维吾尔自治区,西北诸河,英牙尔乡,2026-09-30 02:00,2,18.88438,8.37,8.84,354.9904,26.84971,0.93,0.002,0.029,1.24988,,,2026-09-30 06:27:13
新疆维吾尔自治区,西北诸河,雅马渡大桥,2026-09-30 02:00,2,16.916,7.76,7.17,290.428,13.445,0.38,0.012,0.008,1.042,,,2026-09-30 06:27:13
新疆维吾尔自治区,西北诸河,布尔津河大桥,2026-09-30 02:00,1,13.95,7.87,9.38,61.74308,6.44833,1.65,0.006,0.004,0.1743,,,2026-09-30 06:27:13
新疆维吾尔自治区,西北诸河,乌伦古湖码头,2026-09-30 02:00,3,18.03723,8.57,7.78,3718.697,12.1753,4.3,0.082,0.044,0.7877,0.01087,376476.5,2026-09-30 06:27:13
新疆维吾尔自治区,西北诸河,北屯大桥,2026-09-30 02:00,1,14.88424,7.66,8.83,86.69331,18.43167,1.39,0.002,0.006,0.79132,,,2026-09-30 06:27:13
新疆维吾尔自治区,西北诸河,布尔津水文站,2026-09-30 02:00,1,13.75,8.39,12,210.7311,87.14098,1.57,0.02,0.014,1.22459,,,2026-09-30 06:27:13
新疆维吾尔自治区,西北诸河,额河南湾,2026-09-30 03:00,2,14.941,7.4,7.37,208.9102,0.6536,0.53,0.0004,0.005,0.29265,,,2026-09-30 06:27:13
