省份,流域,断面名称,监测时间,水质类别,水温(℃),pH(无量纲),溶解氧(mg/L),电导率(μS/cm),浊度(NTU),高锰酸盐指数(mg/L),氨氮(mg/L),总磷(mg/L),总氮(mg/L),叶绿素α(mg/L),藻密度(cells/L),抓取时间
北京市,海河流域,鼓楼外大街,2026-09-08 01:00,2,26.26,7.51,6.48,377.64,19.689,1.76,0.081,0.028,1.973,,,2026-09-08 02:25:50
北京市,海河流域,广北滨河路,2026-09-08 02:00,3,25.78,7.75,5.99,391.58,13.12,1.52,0.04,0.028,1.886,,,2026-09-08 02:25:50
北京市,海河流域,沙窝,2026-09-08 02:00,2,26.76,7.3,8.73,849,9.607,3.98,0.081,0.072,5.62,,,2026-09-08 02:25:50
北京市,海河流域,新八里桥,2026-09-08 02:00,2,25.67,7.38,7.94,705.021,1.98,2.95,0.046,0.089,5.637,,,2026-09-08 02:25:50
北京市,海河流域,大红门闸上,2026-09-08 02:00,2,22.85,7.61,6.31,999.1,14.124,2.36,0.013,0.07,8.737,,,2026-09-08 02:25:50
北京市,海河流域,南大荒桥,2026-09-08 02:00,2,25.3,8.45,8.51,884.6,27.07,2.81,0.01,0.026,1.693,,,2026-09-08 02:25:50
北京市,海河流域,清河闸,2026-09-08 02:00,3,22.07,7.63,5.88,815.17,8.835,2.62,,0.086,7.392,,,2026-09-08 02:25:50
北京市,海河流域,花园路,2026-09-08 01:00,-1,,,,,,,,,,,,2026-09-08 02:25:50
北京市,海河流域,白石桥,2026-09-08 02:00,2,27.04,7.85,6.86,312.07,6.38,2.18,0.003,0.013,2.031,,,2026-09-08 02:25:50
北京市,海河流域,八间房漫水桥,2026-09-08 02:00,4,25.3,7.71,4.62,866.59,8.69,3.05,0.034,0.056,3.8834,,,2026-09-08 02:25:50
北京市,海河流域,码头,2026-09-08 02:00,2,25.16,7.39,7.41,1048.2,21.628,2.67,0.11,0.058,7.16,,,2026-09-08 02:25:50
北京市,海河流域,罗庄,2026-09-08 02:00,2,26.56,7.95,6.32,1101.246,12.87808,2.95,0.058,0.093,6.3391,,,2026-09-08 02:25:50
北京市,海河流域,小屯桥,2026-09-08 02:00,2,26.96,8.03,6.88,1228.855,10.07226,3.35,,0.085,6.0981,,,2026-09-08 02:25:50
北京市,海河流域,东店,2026-09-08 01:00,2,22.32004,7.97,8.7,741.8318,92.26202,2.14,0.05,0.092,12.87923,,,2026-09-08 02:25:50
北京市,海河流域,密云水库,2026-09-08 02:00,2,25.95654,8.37,9.05,413.3631,4.986953,2.04,,0.009,3.542391,,,2026-09-08 02:25:50
北京市,海河流域,大关桥,2026-09-08 02:00,2,24.97,8.17,8.52,434.62,25.53,2.45,0.103,0.028,3.9741,,,2026-09-08 02:25:50
北京市,海河流域,辛庄桥,2026-09-08 02:00,2,21.23,8,8.13,566.779,59.69461,2.15,,0.031,7.8361,,,2026-09-08 02:25:50
北京市,海河流域,谷家营,2026-09-08 02:00,2,24.99,7.75,10.35,530.469,8.604,3.77,0.171,0.096,2.198,,,2026-09-08 02:25:50
北京市,海河流域,后城,2026-09-08 02:00,2,16.26,8.31,8.46,577.61,46.14345,2.15,0.018,0.058,10.9571,,,2026-09-08 02:25:50
天津市,海河流域,三岔口,2026-09-08 01:00,4,27.64,7.85,3.47,1289.207,25.09985,3.86,0.15,0.068,0.89101,,,2026-09-08 02:25:50
天津市,海河流域,北洋桥,2026-09-08 02:00,3,27.26686,7.69,6.13,1161.263,41.65805,3.99,0.2,0.105,1.469028,,,2026-09-08 02:25:50
天津市,海河流域,井冈山桥,2026-09-08 02:00,6,26.84,7.51,1.62,1190.726,37.82029,5.15,2.113,0.237,3.5331,,,2026-09-08 02:25:50
天津市,海河流域,大红桥,2026-09-08 02:00,6,27.09,7.6,1.13,1285.313,41.72481,4.31,0.537,0.095,2.5441,,,2026-09-08 02:25:50
天津市,海河流域,曹庄子泵站,2026-09-08 02:00,2,27.67,7.65,6.16,275,1.32,1.45,0.052,0.006,0.77,,,2026-09-08 02:25:50
天津市,海河流域,生产圈闸,2026-09-08 02:00,4,25.76662,7.62,3.34,1323.76,16.6493,4.57,0.125,0.076,1.872961,,,2026-09-08 02:25:50
天津市,海河流域,尔王庄泵站,2026-09-08 02:00,4,28.04,7.5,4.64,279.691,5.819076,2.01,,,0.6381,,,2026-09-08 02:25:50
天津市,海河流域,塘汉公路桥,2026-09-08 01:00,3,24.37,8.5,5.91,,,4.66,0.18,0.159,3.6281,,,2026-09-08 02:25:50
天津市,海河流域,海河大闸,2026-09-08 02:00,5,26.68,7.98,4.83,3418.232,22.3376,14.54,0.052,0.122,1.6534,,,2026-09-08 02:25:50
天津市,海河流域,北排水河防潮闸,2026-09-08 02:00,6,19.69,7.52,0.93,1378.9,36.9016,3.78,,0.086,1.3936,,,2026-09-08 02:25:50
天津市,海河流域,沧浪渠出境,2026-09-08 02:00,4,26.38,7.7,3.97,4487.7,339.374,5.95,0.051,0.191,1.3328,,,2026-09-08 02:25:50
天津市,海河流域,万家码头,2026-09-08 01:00,4,26.74,7.73,4.04,1500.84,34.99,6.37,0.05,0.108,1.467,,,2026-09-08 02:25:50
天津市,海河流域,蓟运河防潮闸,2026-09-08 01:00,4,27.27399,7.76,4.36,1075.817,22.74804,4.68,0.073,0.198,2.009954,,,2026-09-08 02:25:50
天津市,海河流域,青静黄防潮闸,2026-09-08 02:00,4,26.5745,8.4,3.44,6408.442,67.09901,7.44,0.472,0.179,1.205975,,,2026-09-08 02:25:50
天津市,海河流域,马棚口防潮闸,2026-09-08 02:00,4,26.66,7.92,7.4,2790.6,60.8372,8,1.257,0.116,5.002,,,2026-09-08 02:25:50
天津市,海河流域,阎辛庄,2026-09-08 02:00,4,20.68184,7.06,4.39,1985.518,48.7065,5.27,0.118,0.133,4.49223,,,2026-09-08 02:25:50
天津市,海河流域,于桥水库库中心,2026-09-08 02:00,4,25.9,8.26,6.49,384.96,13.69,6.15,0.185,0.04,2.192,0.01899,2.70075,2026-09-08 02:25:50
天津市,海河流域,于桥水库出口,2026-09-08 01:00,3,26.64,8.93,13.28,390.066,13.65275,5.21,0.01,0.044,2.1341,,,2026-09-08 02:25:50
天津市,海河流域,黎河桥,2026-09-08 02:00,3,24.012,7.55,8.77,758,9.8,1.46,,0.128,11.69,,,2026-09-08 02:25:50
天津市,海河流域,沙河桥,2026-09-08 01:00,2,24.43,7.57,6.42,673.08,16.492,1.51,0.07,0.065,10.181,,,2026-09-08 02:25:50
天津市,海河流域,果河桥,2026-09-08 01:00,2,26.28,8.15,8.32,603.5706,4.8465,1.7,0.038,0.063,10.1206,,,2026-09-08 02:25:50
天津市,海河流域,西屯桥,2026-09-08 01:00,3,26.71,7.64,5.89,516.88,46.5909,4.65,0.401,0.107,3.205,,,2026-09-08 02:25:50
河北省,海河流域,下槐镇,2026-09-08 01:00,2,21.8,8.53,8.51,582.671,170.1958,2.33,0.001,0.068,1.5436,,,2026-09-08 02:25:50
河北省,海河流域,地都,2026-09-08 02:00,2,20.73,8.17,7.16,1114.143,19.183,1.24,0.304,0.048,6.034,,,2026-09-08 02:25:50
河北省,海河流域,平山桥,2026-09-08 02:00,2,23.13,7.91,7.35,1279.12,44.608,1.16,0.04,0.015,5.239,,,2026-09-08 02:25:50
河北省,海河流域,兆通,2026-09-08 02:00,1,27.36,8.46,8.14,277.58,2.14,1.65,0.014,0.008,0.7617,,,2026-09-08 02:25:50
河北省,海河流域,大石桥,2026-09-08 02:00,5,25.84664,7.64,5.72,1276.634,85.29102,8.47,,0.375,23.90942,,,2026-09-08 02:25:50
河北省,海河流域,涧河口,2026-09-08 02:00,4,26.45715,7.82,7.28,1648.565,23.61248,6.47,0.12,0.105,0.929016,,,2026-09-08 02:25:50
河北省,海河流域,丰北闸,2026-09-08 02:00,3,29.06391,8.23,9.14,832.8139,17.1579,5.63,,0.192,0.677524,,,2026-09-08 02:25:50
河北省,海河流域,滦县大桥,2026-09-08 02:00,2,25.4,7.91,6.78,598.333,30.60845,2.21,0.075,0.038,4.8121,,,2026-09-08 02:25:50
河北省,海河流域,刘家庄,2026-09-08 02:00,2,21.08,8.1,7.36,564.3738,22.95,0.81,0.023,0.015,,,,2026-09-08 02:25:50
河北省,海河流域,岳城水库出口,2026-09-08 02:00,1,26.44,8.32,8.68,572.138,2.386117,1.75,0.02,,2.6301,,,2026-09-08 02:25:50
河北省,海河流域,沙阳,2026-09-08 01:00,2,27.47,7.95,8.54,1501.79,67,3.42,0.066,0.073,2.7865,,,2026-09-08 02:25:50
河北省,海河流域,艾辛庄,2026-09-08 02:00,3,26.42024,7.96,7.84,1326.325,5.777395,4.24,0.049,0.12,9.500982,,,2026-09-08 02:25:50
河北省,海河流域,后西吴桥,2026-09-08 01:00,3,27.43,8.19,5.48,944.11,85.28,3.42,0.062,0.152,10.1963,,,2026-09-08 02:25:50
河北省,海河流域,北河店,2026-09-08 01:00,3,25.65,7.86,5.74,587.5204,3.4708,1.14,,0.02,5.813,,,2026-09-08 02:25:50
河北省,海河流域,白合,2026-09-08 02:00,2,21.98,8.28,8.6,514.64,58.13,1.17,,0.057,4.61,,,2026-09-08 02:25:50
河北省,海河流域,杜里村,2026-09-08 02:00,2,17.83,8.53,9.78,416.57,61.34,1.57,,0.069,3.1316,,,2026-09-08 02:25:50
河北省,海河流域,温泉屯,2026-09-08 02:00,5,20.12,8.15,7.06,1097.226,859.2872,8.61,0.01,0.347,12.0901,,,2026-09-08 02:25:50
河北省,海河流域,八号桥,2026-09-08 01:00,3,21.1,8.42,7.26,1091.62,399.7875,5.73,0.546,0.158,3.897328,,,2026-09-08 02:25:50
河北省,海河流域,左卫桥,2026-09-08 02:00,5,16.2,8.56,8.94,778.217,921.816,5.74,0.003,0.361,14.7111,,,2026-09-08 02:25:50
河北省,海河流域,四道甸,2026-09-08 02:00,1,19.07,8.32,8.37,443.71,24.22465,1.86,0.011,0.017,6.4981,,,2026-09-08 02:25:50
河北省,海河流域,上二道河子,2026-09-08 02:00,2,21.84,7.91,6.43,482.93,5.965345,2.76,0.006,,7.1501,,,2026-09-08 02:25:50
河北省,辽河流域,甸子,2026-09-08 02:00,2,15.53,7.77,7.08,447.21,23.4,1.75,0.053,0.032,7.472,,,2026-09-08 02:25:50
河北省,海河流域,何老营,2026-09-08 02:00,3,25.24789,8.42,7.26,3214.124,24.04531,5.65,,0.142,0.897725,,,2026-09-08 02:25:50
河北省,海河流域,大口河口,2026-09-08 02:00,3,24.45,7.87,5.6,7535.81,112.57,3.01,0.056,0.129,3.588,,,2026-09-08 02:25:50
河北省,海河流域,四埝村桥,2026-09-08 01:00,4,26.23,8.04,5.39,3897.992,39.102,6.25,0.062,0.092,0.928,,,2026-09-08 02:25:50
河北省,海河流域,大王务,2026-09-08 01:00,4,25.59,7.74,3.57,846.725,24.03095,5.04,0.033,0.061,1.0141,,,2026-09-08 02:25:50
河北省,海河流域,杨洼闸,2026-09-08 01:00,6,27.09,7.52,1.65,866,16.41,3.49,0.006,0.098,5.516,,,2026-09-08 02:25:50
河北省,海河流域,吴村,2026-09-08 01:00,3,27.37,7.74,5.85,728.78,7.92,4.03,,0.113,4.758,,,2026-09-08 02:25:50
河北省,海河流域,台头,2026-09-08 02:00,2,27.33481,8,7.02,750.8405,26.70814,2.32,,0.03,0.7311,,,2026-09-08 02:25:50
河北省,海河流域,桑梓红旗闸,2026-09-08 01:00,2,25.24795,8,7.25,727.294,24.69761,2.55,0.074,0.086,12.3091,,,2026-09-08 02:25:50
河北省,海河流域,三小营,2026-09-08 02:00,4,24.68448,7.36,4.76,949.4702,26.27014,4.19,0.076,0.099,3.524597,,,2026-09-08 02:25:50
河北省,海河流域,小范桥,2026-09-08 01:00,3,27.78,8.16,8.15,918.077,3.41,4.97,0.017,0.038,0.7291,,,2026-09-08 02:25:50
河北省,海河流域,衡水湖大湖心,2026-09-08 01:00,3,26.79,8.85,9.19,1417.567,13.582,3.87,,0.026,0.709,0.024331,8472722,2026-09-08 02:25:50
河北省,海河流域,南张村,2026-09-08 01:00,1,29.21,8.27,7.54,248.68,2.495,1.67,0.034,0.008,0.7361,,,2026-09-08 02:25:50
河北省,海河流域,膳马庙村北,2026-09-08 01:00,4,27.29,7.52,3.29,1197.356,42.0228,5.48,0.12,0.093,3.9223,,,2026-09-08 02:25:50
河北省,海河流域,南刘庄,2026-09-08 02:00,4,26.47,7.49,4.47,670.23,7.28,4.51,0.068,0.034,0.91,0.01128,2208860,2026-09-08 02:25:50
河北省,海河流域,烧车淀,2026-09-08 02:00,2,25.99,7.77,7.71,536.91,0.5,2.37,,,3.032,0.01125,,2026-09-08 02:25:50
河北省,海河流域,圈头,2026-09-08 02:00,3,26.79,8.3,7.27,791.08,1.8041,4.2,,0.025,0.551,0.0025,2671926,2026-09-08 02:25:50
河北省,海河流域,采蒲台,2026-09-08 02:00,2,27.05732,7.51,6.66,723.3932,1.614253,3.78,,0.024,0.379274,0.002055,753803.8,2026-09-08 02:25:50
河北省,海河流域,光淀张庄,2026-09-08 02:00,4,26.84,7.5,3.45,723.63,5.4,2.86,0.04,0.022,1.052,0.0014,1070878,2026-09-08 02:25:50
山西省,黄河流域,韩武村,2026-09-08 02:00,3,23.42,7.78,5.81,1186.3,18.77,5.33,0.122,0.157,7.379,,,2026-09-08 02:25:50
山西省,黄河流域,上兰,2026-09-08 02:00,2,21.6,8.12,7.14,633.56,9.50883,1.55,0.013,0.003,1.9141,,,2026-09-08 02:25:50
山西省,黄河流域,汾河水库出口,2026-09-08 02:00,3,23.11,8.18,5.83,628.713,2.745385,1.93,0.008,,1.3831,0.0106779,298949,2026-09-08 02:25:50
山西省,海河流域,堡子湾,2026-09-08 02:00,2,12.86,8.41,7.61,799.912,13.10118,1.39,0.004,0.032,6.5261,,,2026-09-08 02:25:50
山西省,海河流域,册田水库出口,2026-09-08 02:00,3,22.3,8.42,7.55,1084.32,17.93241,4.46,0.183,0.064,0.9061,,,2026-09-08 02:25:50
山西省,海河流域,古家坡,2026-09-08 02:00,4,19.8,8.12,4.69,1148.078,54.29679,7.49,0.004,0.166,1.8121,,,2026-09-08 02:25:50
山西省,海河流域,白羊墅,2026-09-08 01:00,6,21.73,7.94,6.6,691.32,691.439,1.5,2.709,0.055,7.014,,,2026-09-08 02:25:50
山西省,海河流域,王家庄,2026-09-08 02:00,2,23.13,8.31,8.14,594.38,39.5,2.76,0.029,0.04,2.569,,,2026-09-08 02:25:50
山西省,海河流域,司徒桥,2026-09-08 02:00,3,23.91,7.78,5.99,585.5392,41.126,4.57,0.006,0.069,1.204,,,2026-09-08 02:25:50
山西省,海河流域,关河水库出口,2026-09-08 02:00,4,22.4,7.71,4.55,457.25,7.864,4.74,,0.031,1.301,,,2026-09-08 02:25:50
山西省,海河流域,北寨,2026-09-08 01:00,2,23.51,7.7,6.45,927.15,29.91,3.89,0.025,0.087,6.4819,,,2026-09-08 02:25:50
山西省,海河流域,后湾水库出口,2026-09-08 01:00,3,23.66,7.95,5.55,466.64,6.191,3.14,,0.018,0.55,,,2026-09-08 02:25:50
山西省,黄河流域,龙头,2026-09-08 02:00,2,20.99,8.23,6.49,577.71,62.2,2.32,,0.023,3.2041,,,2026-09-08 02:25:50
山西省,黄河流域,拴驴泉,2026-09-08 02:00,1,23.45,8.15,8.47,751.1864,16.5228,0.9,,0.014,3.7604,,,2026-09-08 02:25:50
山西省,黄河流域,张峰水库出口,2026-09-08 02:00,2,25.4553,7.91,6.24,515.8955,10.6963,1.39,0.005,0.004,2.564904,,,2026-09-08 02:25:50
山西省,海河流域,东榆林水库出口,2026-09-08 02:00,3,21.35,7.66,5.02,733.456,14.14911,2.6,0.564,0.056,2.8281,,,2026-09-08 02:25:50
山西省,黄河流域,杀虎口,2026-09-08 02:00,3,18.44,8.28,7.62,578.986,47.8716,5.17,0.002,0.056,1.5691,,,2026-09-08 02:25:50
山西省,海河流域,王寨村,2026-09-08 01:00,2,22.09,8.22,7.49,604.927,84.745,1.1,0.027,0.033,3.257,,,2026-09-08 02:25:50
山西省,黄河流域,安固桥,2026-09-08 01:00,4,22.439,7.74,5.54,1340.309,56.8841,4.3,0.11,0.21,8.9053,,,2026-09-08 02:25:50
山西省,黄河流域,王庄桥南,2026-09-08 01:00,5,23.93,8.2,6.93,1170.082,40.95,11.12,0.002,0.1,4.987,,,2026-09-08 02:25:50
山西省,黄河流域,郝村,2026-09-08 01:00,3,22.49,7.93,5.44,971.6076,94.1725,4.72,0.035,0.134,3.2049,,,2026-09-08 02:25:50
山西省,黄河流域,张留庄,2026-09-08 02:00,4,26.12,8.91,3.75,5359.191,169.373,6.6,0.073,0.148,7.816,,,2026-09-08 02:25:50
山西省,黄河流域,上亳城,2026-09-08 02:00,2,23.42,7.97,7.29,908.771,33.684,1.66,0.005,0.031,5.018,,,2026-09-08 02:25:50
山西省,黄河流域,小韩村,2026-09-08 01:00,3,24.37,7.65,5.6,2024.21,28.022,3.05,0.122,0.128,8.742,,,2026-09-08 02:25:50
山西省,海河流域,梵王寺,2026-09-08 02:00,5,13.91,8.12,8.82,939.332,515.7438,8.56,1.584,0.251,6.5701,,,2026-09-08 02:25:50
山西省,海河流域,代县桥,2026-09-08 02:00,2,18.32,8.6,8.27,638.97,240.5703,2.37,0.013,0.092,4.3741,,,2026-09-08 02:25:50
山西省,海河流域,定襄桥,2026-09-08 02:00,4,20.08,8.07,4.4,614.419,522.533,5.96,0.009,0.138,5.1461,,,2026-09-08 02:25:50
山西省,海河流域,南庄,2026-09-08 01:00,2,20.33,8.32,8.24,513.548,194.9782,3.43,,0.082,5.9731,,,2026-09-08 02:25:50
山西省,海河流域,坪上桥,2026-09-08 02:00,4,16.82,8.57,8.91,417.765,31.49177,6.93,0.004,0.019,4.1001,,,2026-09-08 02:25:50
山西省,黄河流域,河西村,2026-09-08 02:00,2,16.03,8.29,7.83,526.7,125.68,1.86,0.294,0.098,3.795,,,2026-09-08 02:25:50
山西省,黄河流域,上平望,2026-09-08 02:00,3,25.73,7.82,6.13,1148.99,159.82,5.47,0.116,0.103,5.471,,,2026-09-08 02:25:50
山西省,黄河流域,黑城村,2026-09-08 02:00,2,22.17,8.28,7.33,906.16,49.4744,1.87,0.05,0.046,4.619,,,2026-09-08 02:25:50
山西省,黄河流域,曲立,2026-09-08 02:00,4,16.67,8.02,4.17,514.572,308.5807,6.17,0.111,0.179,5.0091,,,2026-09-08 02:25:50
山西省,黄河流域,裴家川口,2026-09-08 02:00,4,17.77,8.34,8.04,520.228,731.6783,7.93,0.344,0.22,6.2221,,,2026-09-08 02:25:50
山西省,黄河流域,碛口,2026-09-08 02:00,2,21.24,8.39,7.37,928.365,46.08457,3.86,0.461,0.051,7.6621,,,2026-09-08 02:25:50
山西省,黄河流域,裴沟,2026-09-08 02:00,2,21.23,8.61,7.36,890.897,48.32759,2.27,0.044,0.021,5.4861,,,2026-09-08 02:25:50
山西省,黄河流域,三川河两河口桥,2026-09-08 02:00,3,22.8,8.21,7.42,821.48,9.777793,2.53,0.13,0.167,6.9821,,,2026-09-08 02:25:50
山西省,黄河流域,碧村,2026-09-08 02:00,6,19.01,8.24,9.79,470.731,1392.468,8.69,2.109,0.601,7.0431,,,2026-09-08 02:25:50
山西省,黄河流域,北峪口,2026-09-08 02:00,2,20.63192,7.97,6.28,512.033,31.37674,1.75,0.057,0.023,2.5421,,,2026-09-08 02:25:50
山西省,黄河流域,南姚,2026-09-08 02:00,4,23.03,7.72,3.66,1170.24,52.01,5.44,0.768,0.112,5.3,,,2026-09-08 02:25:50
内蒙古自治区,黄河流域,磴口,2026-09-08 01:00,2,19.05,8.26,7.55,1053.924,384.7144,2.18,0.198,,2.53362,,,2026-09-08 02:25:50
内蒙古自治区,松花江流域,根河口内,2026-09-08 02:00,4,13.67,6.79,8.26,79.07,30.07,7.99,,0.032,0.275,,,2026-09-08 02:25:50
内蒙古自治区,松花江流域,李屯,2026-09-08 02:00,5,16.14,7.09,8.49,80.661,49.499,10.02,,0.072,0.881,,,2026-09-08 02:25:50
内蒙古自治区,松花江流域,陶海,2026-09-08 01:00,4,15.3,7.52,9.54,148.6,24.4,6.93,,0.066,0.421,,,2026-09-08 02:25:50
内蒙古自治区,松花江流域,嵯岗,2026-09-08 02:00,4,15.21,7.93,8.8,231.747,56.07,9.08,,0.105,0.556,,,2026-09-08 02:25:50
内蒙古自治区,松花江流域,成吉思汗,2026-09-08 02:00,2,16.36,7.12,8.86,138.04,20.87,2.47,,0.03,1.166,,,2026-09-08 02:25:50
内蒙古自治区,松花江流域,讷尔克气,2026-09-08 01:00,4,13.33,7.14,9.33,68.872,14.271,6.94,0.012,0.025,0.248,,,2026-09-08 02:25:50
内蒙古自治区,黄河流域,总排干入黄口,2026-09-08 02:00,4,18.922,8.81,7.51,3667.987,91.452,9.76,0.522,0.161,2.3986,,,2026-09-08 02:25:50
内蒙古自治区,黄河流域,三盛公,2026-09-08 01:00,1,28.44754,8.34,7.9,922.896,6.15795,,,,,,,2026-09-08 02:25:50
内蒙古自治区,黄河流域,卧佛下,2026-09-08 01:00,2,12.88,8.39,10.87,763.0513,22.60112,2.54,0.033,0.017,7.51559,,,2026-09-08 02:25:50
内蒙古自治区,松花江流域,大山矿,2026-09-08 02:00,2,12.29,7.98,9.94,221.9,12.16,3.31,,0.027,0.251,,,2026-09-08 02:25:50
内蒙古自治区,松花江流域,斯力很,2026-09-08 00:00,2,17.9,7.53,8.35,232.2,88.9,3.72,,0.059,2.241,,,2026-09-08 02:25:50
内蒙古自治区,松花江流域,察尔森水库西入口,2026-09-08 01:00,3,20.04,7.66,7.06,169.81,33.48,3.44,,0.028,1.454,0.01476,3122880,2026-09-08 02:25:50
辽宁省,辽河流域,蒲河沿,2026-09-08 02:00,6,21.08,7.39,1.04,657.2,26.3,6.06,,0.117,3.238,,,2026-09-08 02:25:50
辽宁省,辽河流域,于台,2026-09-08 02:00,3,21.18,7.3,5.6,922.7,11.08,3.78,0.431,0.069,6.866,,,2026-09-08 02:25:50
辽宁省,辽河流域,巨流河大桥,2026-09-08 02:00,4,21.23,8.18,7.77,593.1,55.4,6.31,,0.104,1.664,,,2026-09-08 02:25:50
辽宁省,辽河流域,兴国桥,2026-09-08 00:00,2,17.71,7.1,6.04,652.324,8.512,1.85,,0.022,1.423,,,2026-09-08 02:25:50
辽宁省,辽河流域,城子坦,2026-09-08 01:00,2,24.10881,7.89,8.05,270.0305,13.76415,2.02,0.03,0.057,3.32978,,,2026-09-08 02:25:50
辽宁省,辽河流域,麦家,2026-09-08 01:00,3,25.29,8.25,8,460.2,17.67,4.84,0.064,0.092,2.417,,,2026-09-08 02:25:50
辽宁省,辽河流域,复州湾大桥,2026-09-08 02:00,2,22.6575,7.97,6.77,570.189,6.19558,3.78,0.03,0.07,4.927,,,2026-09-08 02:25:50
辽宁省,辽河流域,三台子,2026-09-08 01:00,3,25.16636,8.78,10.85,707.5768,20.57908,5.66,0.012,0.098,3.77122,,,2026-09-08 02:25:50
辽宁省,辽河流域,万泰,2026-09-08 01:00,6,25.83,9.01,11.15,143.091,8.46959,3.32,0.021,0.02,2.44747,,,2026-09-08 02:25:50
辽宁省,辽河流域,登化,2026-09-08 02:00,3,24.4902,8.45,11.69,598.236,15.1031,5.95,0.025,0.14,4.464,,,2026-09-08 02:25:50
辽宁省,辽河流域,小姐庙,2026-09-08 02:00,4,23.45,7.72,4.37,725.9,12.64,2.01,0.088,0.09,3.611,,,2026-09-08 02:25:50
辽宁省,辽河流域,口子街,2026-09-08 01:00,2,22.86,8.12,6.42,285.8,4.73963,2.09,0.025,0.03,3.526,,,2026-09-08 02:25:50
辽宁省,辽河流域,牛庄,2026-09-08 02:00,3,22.2707,8.1,5.79,641.918,72.8902,4.44,0.118,0.096,3.113,,,2026-09-08 02:25:50
辽宁省,辽河流域,关门山大桥,2026-09-08 02:00,2,21.53,7.87,6.15,375.978,3.329,2.09,,0.01,4.572,,,2026-09-08 02:25:50
辽宁省,辽河流域,刘家台,2026-09-08 02:00,2,21.858,8.04,7.58,670.624,28.946,2.98,0.044,0.085,3.498,,,2026-09-08 02:25:50
辽宁省,辽河流域,大伙房水库,2026-09-08 02:00,2,23.47,7.18,8.32,216.68,16.73,3.5,0.055,0.046,4.25,0.07838,,2026-09-08 02:25:50
辽宁省,辽河流域,戈布桥,2026-09-08 01:00,2,19.84,7.69,7.2,639.31,13.53,2.77,0.06,0.049,4.7354,,,2026-09-08 02:25:50
辽宁省,辽河流域,北杂木,2026-09-08 02:00,2,19.73,7.43,9.48,331.9,4.11,1.55,,0.023,5.549,,,2026-09-08 02:25:50
辽宁省,辽河流域,北太子河入观音阁水库口,2026-09-08 02:00,2,22.0325,7.67,8.01,263.2,37.745,1.69,0.026,0.025,4.972451,,,2026-09-08 02:25:50
辽宁省,辽河流域,老官砬子,2026-09-08 02:00,1,20.35,7.78,7.78,338.1,2.8,1.75,0.025,0.018,2.912,,,2026-09-08 02:25:50
辽宁省,辽河流域,兴安,2026-09-08 02:00,3,22.39,7.63,5.45,434.9,13.5,1.79,0.014,0.028,2.901,,,2026-09-08 02:25:50
辽宁省,辽河流域,凤鸣电站,2026-09-08 01:00,2,22.6,8.13,8.74,223.27,8.734,2.42,0.004,0.024,3.311,,,2026-09-08 02:25:50
辽宁省,辽河流域,南太子河入库口,2026-09-08 01:00,2,21.66,7.49,7.28,192.5,2.42,0.34,0.004,0.008,4.731,,,2026-09-08 02:25:50
辽宁省,辽河流域,江桥,2026-09-08 01:00,3,23.3,7.17,5.72,155.7,12.28,1.25,,0.016,2.61,,,2026-09-08 02:25:50
辽宁省,辽河流域,蒲石河大桥,2026-09-08 01:00,2,23.94,7.5,7.37,213.95,5.541,1.59,0.042,0.018,2.584,,,2026-09-08 02:25:50
辽宁省,辽河流域,王家沟,2026-09-08 01:00,2,20.81,8.1,7.37,740.01,7.93,1.8,0.025,0.025,4.912,,,2026-09-08 02:25:50
辽宁省,辽河流域,西八千,2026-09-08 01:00,2,19.98,8.51,8.61,654.9,25.79,3.92,0.031,0.04,4.867,,,2026-09-08 02:25:50
辽宁省,辽河流域,张家堡,2026-09-08 01:00,2,20.29,8.04,6.32,711.18,7.996,2.34,0.253,0.057,6.308,,,2026-09-08 02:25:50
辽宁省,辽河流域,女儿河入河口,2026-09-08 02:00,2,24.09,7.82,7.35,976.96,17.93,1.4,0.069,0.034,12.991,,,2026-09-08 02:25:50
辽宁省,辽河流域,何家信子,2026-09-08 02:00,3,19.13,7.88,5.11,484.1,5.16,3.09,0.03,0.027,1.151,,,2026-09-08 02:25:50
辽宁省,辽河流域,西树林,2026-09-08 01:00,3,23.21,8,5.87,869.7,32.3,4.13,0.283,0.144,5.169,,,2026-09-08 02:25:50
辽宁省,辽河流域,高台子,2026-09-08 01:00,5,20.25,7.67,2.5,1098.88,20.271,3.98,,0.106,5.854,,,2026-09-08 02:25:50
辽宁省,辽河流域,茧场,2026-09-08 01:00,1,22.83,8.8,8.35,301.9775,7.65796,1.93,0.009,0.012,6.04391,,,2026-09-08 02:25:50
辽宁省,辽河流域,大清河口,2026-09-08 01:00,3,25.34,8.35,8.67,526.05,23.865,5.79,0.064,0.054,4.38,,,2026-09-08 02:25:50
辽宁省,辽河流域,东羊角,2026-09-08 02:00,3,20.66,7.4,5.79,783,20.5,3.52,0.832,0.182,7.128,,,2026-09-08 02:25:50
辽宁省,辽河流域,下口子,2026-09-08 01:00,4,22.25,7.62,4.98,612.6,13.33,2.36,0.013,0.055,3.206,,,2026-09-08 02:25:50
辽宁省,辽河流域,河洪桥,2026-09-08 01:00,3,21.8276,7.58,6.21,785.449,16.8786,3.66,0.334,0.126,7.229,,,2026-09-08 02:25:50
辽宁省,辽河流域,二道河水库口,2026-09-08 01:00,2,19.177,7.81,6.15,424.234,1.83878,1.03,0.001,0.006,2.974,,,2026-09-08 02:25:50
辽宁省,辽河流域,下王家,2026-09-08 01:00,2,21.3444,7.45,6.57,612.689,5.30643,1.5,0.0002,0.026,4.967,,,2026-09-08 02:25:50
辽宁省,辽河流域,汤河桥,2026-09-08 02:00,2,21.29,7.61,6.45,527.4,5.99946,0.3,0.001,0.034,3.347,,,2026-09-08 02:25:50
辽宁省,辽河流域,下达河入汤河水库口,2026-09-08 01:00,2,19.1877,7.87,6.47,422.686,3.167,1.64,0.002,0.013,3.451,,,2026-09-08 02:25:50
辽宁省,辽河流域,丁家柳河桥,2026-09-08 01:00,4,23.35,7.75,5.16,572.091,33.689,7.27,0.176,0.138,1.502,,,2026-09-08 02:25:50
辽宁省,辽河流域,盘锦兴安,2026-09-08 02:00,6,22.39,7.59,1.6,509.93,13.74,6.59,0.008,0.09,1.577,,,2026-09-08 02:25:50
辽宁省,辽河流域,胜利塘,2026-09-08 01:00,4,22.36,7.71,3.24,1005.74,80.74,5.77,0.119,0.135,1.957,,,2026-09-08 02:25:50
辽宁省,辽河流域,鲜峰桥,2026-09-08 02:00,4,22.18,7.59,3.71,843.439,19.594,6.98,0.266,0.149,1.333,,,2026-09-08 02:25:50
辽宁省,辽河流域,清辽,2026-09-08 02:00,2,21.378,7.69,6.3,428.6,23.6,3.36,0.001,0.079,5.33,,,2026-09-08 02:25:50
辽宁省,辽河流域,通江口,2026-09-08 02:00,5,20.14,8.01,8.15,612.85,66.37,10.27,,0.148,3.447,,,2026-09-08 02:25:50
辽宁省,辽河流域,珠尔山,2026-09-08 02:00,4,20.8,8,7.95,525.69,50.64,6.52,,0.008,1.698,,,2026-09-08 02:25:50
辽宁省,辽河流域,柴河水库入库口,2026-09-08 02:00,4,19.17,7.85,8.33,456.97,102.8,7.02,,0.13,5.971,,,2026-09-08 02:25:50
辽宁省,辽河流域,松树水文站,2026-09-08 02:00,3,17.9,7.8,7.63,450.18,61.06,4.44,0.005,0.091,8.258,,,2026-09-08 02:25:50
辽宁省,辽河流域,亮子河入河口,2026-09-08 02:00,4,18.99,7.5,5.73,503.97,27.11,4.3,0.088,0.283,4.445,,,2026-09-08 02:25:50
辽宁省,辽河流域,清河水库入库口,2026-09-08 01:00,2,16.49,7.61,8.25,333.63,16.96,1.44,0.032,0.076,7.134,,,2026-09-08 02:25:50
辽宁省,辽河流域,凌鸿大桥,2026-09-08 02:00,2,21.74,8.1,7.21,769.5,18.4,1.39,0.017,0.048,10.864,,,2026-09-08 02:25:50
辽宁省,辽河流域,章吉营,2026-09-08 02:00,2,21.1,8.15,8.27,811.6,10,1.77,0.014,0.04,10.061,,,2026-09-08 02:25:50
辽宁省,辽河流域,大凌河西支入河口,2026-09-08 02:00,2,17.22,8,7.18,945.63,8.23,1.48,0.007,0.05,21.165,,,2026-09-08 02:25:50
辽宁省,辽河流域,李家湾大桥,2026-09-08 01:00,2,16.1,7.88,8.57,522.3,34.4,1.13,,0.029,4.882,,,2026-09-08 02:25:50
辽宁省,辽河流域,王家窝棚,2026-09-08 02:00,3,19.64,7.46,6.66,511.1,2.3,1.82,0.024,0.137,4.207,,,2026-09-08 02:25:50
辽宁省,辽河流域,红石碑入海前,2026-09-08 02:00,2,23.94,7.91,11.23,1115.577,25.989,3.8,0.073,0.079,2.96,,,2026-09-08 02:25:50
辽宁省,辽河流域,小渔场,2026-09-08 01:00,6,24.91,7.29,1.13,27639.25,2.289,1.83,0.232,0.048,3.749,,,2026-09-08 02:25:50
吉林省,松花江流域,新立城大坝,2026-09-08 01:00,3,23.0763,8.91,7.86,275.6375,14.7663,4.99,0.028,0.039,1.066,,,2026-09-08 02:25:50
吉林省,松花江流域,松花江村,2026-09-08 02:00,4,19.18,7.03,7.97,243.84,76.38,3.81,0.093,0.208,3.992,,,2026-09-08 02:25:50
吉林省,松花江流域,靠山南楼,2026-09-08 02:00,4,20.16,8.09,8.37,684.01,41.62,6.48,0.192,0.209,3.526,,,2026-09-08 02:25:50
吉林省,松花江流域,砖瓦窑桥,2026-09-08 01:00,3,17.3,7.62,5.62,516.35,53.04,4.09,0.022,0.148,1.612,,,2026-09-08 02:25:50
吉林省,松花江流域,镇江口,2026-09-08 01:00,3,20.43,7.8,8.21,307.5,71.02,4.54,,0.137,3.924,,,2026-09-08 02:25:50
吉林省,松花江流域,靠山大桥,2026-09-08 01:00,5,20.17,8.21,8.39,750.03,78.9,9.03,0.096,0.311,3.268,,,2026-09-08 02:25:50
吉林省,松花江流域,饮马河大桥,2026-09-08 01:00,3,19.49,7.17,5.57,237.85,35.89,3.07,0.003,0.061,2.407,,,2026-09-08 02:25:50
吉林省,松花江流域,刘珍屯,2026-09-08 01:00,3,20.32,7.53,7.64,500.3,56.8,4.76,0.079,0.195,2.837,,,2026-09-08 02:25:50
吉林省,松花江流域,周家河口,2026-09-08 02:00,3,18.52,7.77,6.35,593.93,47.05,4.61,,0.089,2.4,,,2026-09-08 02:25:50
吉林省,松花江流域,白旗,2026-09-08 01:00,3,19.6252,7.23,7.68,264.128,51.243,4.14,0.041,0.113,5.0046,,,2026-09-08 02:25:50
吉林省,松花江流域,白山大桥,2026-09-08 02:00,3,16.49,6.82,5.25,114.527,34.73,5.85,,0.049,2.176,,,2026-09-08 02:25:50
吉林省,松花江流域,福兴,2026-09-08 01:00,2,21.6,8.85,15.71,327.987,28.603,3.92,0.03,0.067,3.875,,,2026-09-08 02:25:50
吉林省,松花江流域,桦树林,2026-09-08 02:00,3,19.38,7.65,8.08,181.755,33.325,5.89,0.021,0.059,2.743,0.00781,679936,2026-09-08 02:25:50
吉林省,松花江流域,官厅桥,2026-09-08 01:00,2,20.77,7.43,6.02,363.6,22.442,2.75,0.073,0.068,1.798,,,2026-09-08 02:25:50
吉林省,松花江流域,蛟河口,2026-09-08 01:00,3,18.047,7.66,7.54,287.904,47.211,4.98,0.08,0.074,4.12,,,2026-09-08 02:25:50
吉林省,松花江流域,哨口,2026-09-08 01:00,3,21.084,7.04,7.65,254.766,53.1378,4.19,0.119,0.093,4.1588,,,2026-09-08 02:25:50
吉林省,松花江流域,肖家船口,2026-09-08 01:00,2,16.4837,7.29,7.92,204.441,2.9101,2.6,0.096,0.054,2.824,,,2026-09-08 02:25:50
吉林省,松花江流域,烟筒山,2026-09-08 01:00,2,19.32,8.02,8,342.694,51.755,3.06,0.063,0.057,3.735,,,2026-09-08 02:25:50
吉林省,辽河流域,四双大桥,2026-09-08 00:00,3,18.8,8.34,8.28,634.08,38.12,5.84,,0.084,1.162,,,2026-09-08 02:25:50
吉林省,辽河流域,城子上,2026-09-08 01:00,2,18.41,7.84,7.91,557.54,10,3.19,0.091,0.076,3.619,,,2026-09-08 02:25:50
吉林省,辽河流域,六家子,2026-09-08 02:00,3,16.46,7.85,8.47,807.6,18.6,2.39,0.042,0.118,8.9155,,,2026-09-08 02:25:50
吉林省,辽河流域,林家,2026-09-08 02:00,3,17.9,7.77,8.17,799.9,41.2,4.92,0.051,,7.502,,,2026-09-08 02:25:50
吉林省,辽河流域,河清,2026-09-08 02:00,3,17.36,7.72,5.45,941.7,12.8,3.76,0.013,0.042,5.013,,,2026-09-08 02:25:50
吉林省,辽河流域,民主,2026-09-08 01:00,2,22.526,8.88,11.62,323.3,21.194,3.57,0.01,0.027,3.213,,,2026-09-08 02:25:50
吉林省,松花江流域,高集岗桥,2026-09-08 01:00,2,21.07,7.84,8.31,275.2,29.187,2.98,0.021,0.048,3.862,,,2026-09-08 02:25:50
吉林省,辽河流域,云峰,2026-09-08 02:00,4,20.492,7.06,3.96,144.573,19.1385,2.37,0.008,0.02,1.783,,,2026-09-08 02:25:50
吉林省,辽河流域,老虎哨,2026-09-08 02:00,2,22,7.24,6.24,116.532,18.0743,2.99,0.07,0.013,2.112,,,2026-09-08 02:25:50
吉林省,辽河流域,鸠谷,2026-09-08 02:00,2,14.5,7.54,9.21,124.1,22.3,2.68,0.144,0.06,1.315,,,2026-09-08 02:25:50
吉林省,辽河流域,葫芦套,2026-09-08 01:00,2,21.44,7.87,8.39,119.299,34.774,2.56,0.016,0.043,1.28,,,2026-09-08 02:25:50
吉林省,辽河流域,大阳岔,2026-09-08 01:00,2,10.72,7.99,6.08,289.559,8.201,0.66,,0.016,1.52,,,2026-09-08 02:25:50
吉林省,松花江流域,松林,2026-09-08 02:00,3,18.79,7.34,8.09,309.07,22.56,4.46,0.064,0.079,3.232,,,2026-09-08 02:25:50
吉林省,松花江流域,白沙滩,2026-09-08 02:00,4,19.4,7.7,8.37,134.69,44.76,6.64,0.155,0.12,1.724,,,2026-09-08 02:25:50
吉林省,松花江流域,月亮湖下,2026-09-08 02:00,3,20.27,8.66,7.94,455.95,77.65,5.65,,0.056,0.926,,,2026-09-08 02:25:50
吉林省,松花江流域,圈河,2026-09-08 02:00,3,21.308,7.54,8.35,113.201,87.372,4.35,0.092,0.09,1.546,,,2026-09-08 02:25:50
吉林省,松花江流域,大山,2026-09-08 02:00,3,21.1,7.98,8.9,155.731,40.837,5.67,0.142,0.11,2.269,,,2026-09-08 02:25:50
吉林省,松花江流域,崇善,2026-09-08 01:00,4,14.71,7.24,10.68,86.047,32.863,7.26,0.063,0.123,1.231,,,2026-09-08 02:25:50
吉林省,松花江流域,榆树川,2026-09-08 01:00,2,20.49,7.91,7.9,203.641,24.356,2.95,0.023,0.045,2.004,,,2026-09-08 02:25:50
吉林省,松花江流域,石井,2026-09-08 01:00,3,19.43,7.72,8.37,246.491,78.053,4.18,0.094,0.124,2.09,,,2026-09-08 02:25:50
吉林省,松花江流域,三家子,2026-09-08 01:00,3,20.57,7.37,8.73,101.656,47.63,4.24,0.022,0.045,1.282,,,2026-09-08 02:25:50
吉林省,松花江流域,建封路大桥,2026-09-08 01:00,2,12.41,7.66,9.87,206.253,15.455,1.39,0.006,0.071,0.727,,,2026-09-08 02:25:50
黑龙江省,松花江流域,苗家,2026-09-08 01:00,3,20.3,7.72,8.46,203.2,57.7,4.74,0.043,0.158,2.253,,,2026-09-08 02:25:50
黑龙江省,松花江流域,磨盘山水库出口,2026-09-08 02:00,3,22.416,6.9,7.53,71.198,2.486,5.11,0.021,0.019,1.967,0.0035,19968,2026-09-08 02:25:50
黑龙江省,松花江流域,朱顺屯,2026-09-08 01:00,4,22.6134,7.73,6.33,241.82,82.4273,6.86,0.051,0.144,1.688,,,2026-09-08 02:25:50
黑龙江省,松花江流域,阿什河口内,2026-09-08 01:00,4,20.484,7.03,3.05,612.73,27.93,4.4,0.952,0.135,4.637,,,2026-09-08 02:25:50
黑龙江省,松花江流域,呼兰河口内,2026-09-08 02:00,5,16.87,7.24,9.18,173.71,450.18,14.06,0.514,0.376,3.768,,,2026-09-08 02:25:50
黑龙江省,松花江流域,大顶子山,2026-09-08 01:00,3,22.7561,7.5,6.62,247.871,49.7603,5.18,0.048,0.114,3.723,,,2026-09-08 02:25:50
黑龙江省,松花江流域,拉哈,2026-09-08 01:00,4,19.47,7.69,7.52,110.775,50.54,8.36,,0.097,1.396,,,2026-09-08 02:25:50
黑龙江省,松花江流域,查哈阳乡,2026-09-08 02:00,4,16.3,7.52,9.22,87.2,48.1,6.29,,0.048,0.44,,,2026-09-08 02:25:50
黑龙江省,松花江流域,音河水库,2026-09-08 02:00,3,19.64,7.7,8.02,221.79,159.25,5.64,,0.115,3.09,,,2026-09-08 02:25:50
黑龙江省,松花江流域,浏园,2026-09-08 01:00,4,19.25,7.38,7.97,116.1,95.2,8.65,,0.095,2.42,,,2026-09-08 02:25:50
黑龙江省,松花江流域,江桥,2026-09-08 02:00,3,20.5,7.75,8.18,143.136,78.523,5.64,,0.078,2.853,,,2026-09-08 02:25:50
黑龙江省,松花江流域,富源村,2026-09-08 02:00,4,18.29,7.6,7.91,114.57,44.25,7.63,0.037,0.08,0.806,,,2026-09-08 02:25:50
黑龙江省,松花江流域,名山,2026-09-08 01:00,5,17.267,7.54,8.71,112.882,40.067,11.23,0.063,0.042,0.747,,,2026-09-08 02:25:50
黑龙江省,松花江流域,饶河上,2026-09-08 01:00,5,19.99,6.75,5.8,65.7,21.157,11.13,0.039,0.06,0.998,,,2026-09-08 02:25:50
黑龙江省,松花江流域,肇源,2026-09-08 02:00,4,21.02,8,7.69,309.77,44.84,7.65,0.169,0.158,1.314,,,2026-09-08 02:25:50
黑龙江省,松花江流域,嫩江口内,2026-09-08 02:00,4,20.93,7.86,8.2,197.218,114.623,6.64,,0.113,1.812,,,2026-09-08 02:25:50
黑龙江省,松花江流域,友好,2026-09-08 01:00,6,14.2,6.69,8.94,64.637,24.912,25.98,0.022,0.066,1.714,,,2026-09-08 02:25:50
黑龙江省,松花江流域,嘉荫,2026-09-08 02:00,5,17.13,7.21,9.62,100.945,28.221,13.11,0.035,0.062,0.917,,,2026-09-08 02:25:50
黑龙江省,松花江流域,双河渠首,2026-09-08 02:00,3,16.14,7.02,9.32,133.2,19.8,4.48,0.013,0.054,3.154,,,2026-09-08 02:25:50
黑龙江省,松花江流域,三岔口,2026-09-08 02:00,5,19.18,7.28,8.47,116.733,75.062,10.62,0.148,0.112,1.56,,,2026-09-08 02:25:50
黑龙江省,松花江流域,海浪,2026-09-08 02:00,4,20.14,7.4,9.01,120,78.1,6.26,0.042,0.109,3.098,,,2026-09-08 02:25:50
黑龙江省,松花江流域,三道,2026-09-08 01:00,5,23.13,7.2,5.71,119.33,120.03,5.65,0.058,0.13,3.134,0.057129,30080,2026-09-08 02:25:50
黑龙江省,松花江流域,电视塔,2026-09-08 02:00,5,23.33,7.15,6.12,103.6,53.324,7.61,0.032,0.105,2.428,0.00282,15744,2026-09-08 02:25:50
黑龙江省,松花江流域,海浪河口内,2026-09-08 01:00,3,19.08,6.77,8.81,105.9,48.54,4.26,0.04,0.023,2.345,,,2026-09-08 02:25:50
黑龙江省,松花江流域,黑河下,2026-09-08 02:00,5,15.77,7.69,8.74,140.8082,23.2431,10.61,0.006,0.054,0.5486,,,2026-09-08 02:25:50
黑龙江省,松花江流域,呼玛上,2026-09-08 02:00,4,15.307,7.4,9.52,138.566,18.662,8.83,0.046,0.076,1.04,,,2026-09-08 02:25:50
黑龙江省,松花江流域,呼玛河口内,2026-09-08 01:00,4,15.79,7.42,9.82,73.281,1.66,6.67,,0.026,0.194,,,2026-09-08 02:25:50
黑龙江省,松花江流域,加格达奇上,2026-09-08 02:00,4,12.17,6.96,9.44,65.345,10.1803,6.31,0.004,0.016,0.324,,,2026-09-08 02:25:50
上海市,长江流域,富锦路桥,2026-09-08 02:00,3,29.4,7.97,5.03,469.5,83,3.6,,0.167,2.118,,,2026-09-08 02:25:50
上海市,太湖流域,明星路桥,2026-09-08 01:00,3,27.92,7.25,5.2,401.6111,68.14985,3.95,0.116,0.129,1.26185,,,2026-09-08 02:25:50
上海市,太湖流域,临江,2026-09-08 02:00,4,29.1,7.59,4.32,357.6,35.94,2.76,0.004,0.091,1.365,,,2026-09-08 02:25:50
上海市,太湖流域,浙江路桥,2026-09-08 01:00,4,29.69,7.38,3.34,445.708,28.336,3.47,0.036,0.196,2.397,,,2026-09-08 02:25:50
上海市,太湖流域,闵行西界,2026-09-08 02:00,4,29.14,7.31,3.57,348.12,32.82,3.12,,0.092,1.455,,,2026-09-08 02:25:50
上海市,太湖流域,吴淞口,2026-09-08 02:00,3,28.846,7.78,5.55,421.777,46.693,2.09,0.011,0.101,1.879,,,2026-09-08 02:25:50
上海市,太湖流域,蕴川路桥,2026-09-08 02:00,3,27.52,7.87,6.06,440.97,72.74,2.47,,0.132,2.043,,,2026-09-08 02:25:50
上海市,太湖流域,黄渡,2026-09-08 02:00,4,28.25,7.54,4.8,493.9,37.17,3.4,0.136,0.133,1.371,,,2026-09-08 02:25:50
上海市,太湖流域,三甲港,2026-09-08 02:00,2,29.19,7.93,7.13,445,50.05,2.39,0.075,0.094,1.951,,,2026-09-08 02:25:50
上海市,太湖流域,二团,2026-09-08 02:00,3,28.7,7.66,5.1,479.92,29.24,2.78,0.02,0.122,1.75,,,2026-09-08 02:25:50
上海市,太湖流域,横潦泾,2026-09-08 02:00,4,28.32,7.36,3.7,366.36,51.88,3.51,0.001,0.106,1.595,,,2026-09-08 02:25:50
上海市,太湖流域,斜塘口,2026-09-08 02:00,4,28.86,7.31,4.07,361.27,36.67,3.1,0.032,0.053,1.262,,,2026-09-08 02:25:50
上海市,太湖流域,急水港桥,2026-09-08 02:00,5,27.98,7.45,2.89,398.9,23.3,3.33,0.013,0.088,0.901,0.0095,4922188,2026-09-08 02:25:50
上海市,太湖流域,淀峰,2026-09-08 02:00,3,28.36,8.23,7.28,390.17,73.72,5.01,,0.141,1.312,,,2026-09-08 02:25:50
上海市,太湖流域,太浦河桥,2026-09-08 02:00,4,27.82,7.47,4.07,342.58,41.52,3.21,0.043,0.065,1.288,,,2026-09-08 02:25:50
上海市,太湖流域,钱桥,2026-09-08 02:00,4,28.1,7.64,4.44,431.5,38.2,2.71,0.089,0.132,1.602,,,2026-09-08 02:25:50
上海市,长江流域,七效港西桥,2026-09-08 02:00,2,27.95,7.99,6.31,440.12,41.62,1.94,,0.089,1.964,,,2026-09-08 02:25:50
上海市,长江流域,五效,2026-09-08 02:00,2,28.65,7.97,6.96,346.46,42.56,1.48,,0.043,1.298,,,2026-09-08 02:25:50
江苏省,长江流域,陈浅,2026-09-08 02:00,4,26.61,7.37,3.11,429.7,20.22,3.21,0.036,0.064,1.517,,,2026-09-08 02:25:50
江苏省,长江流域,七桥瓮,2026-09-08 02:00,4,28.35,7.71,4.53,345.82,41.28,1.9,0.106,0.1,1.789,,,2026-09-08 02:25:50
江苏省,长江流域,节制闸,2026-09-08 01:00,2,27.62,7.73,6.5,301.54,21.29,2.3,0.035,0.088,1.662,,,2026-09-08 02:25:50
江苏省,长江流域,钱家渡,2026-09-08 02:00,2,29.13,7.84,6.36,272.69,30.43,3.18,,0.06,0.738,,,2026-09-08 02:25:50
江苏省,太湖流域,锡东水厂,2026-09-08 02:00,3,27.82,8.64,8.41,370.77,28.49,2.52,0.058,0.041,1.071,0.01562,1.485166,2026-09-08 02:25:50
江苏省,太湖流域,蠡桥,2026-09-08 01:00,3,27.83,7.79,5.91,386.44,44.18,2.75,0.191,0.067,0.816,,,2026-09-08 02:25:50
江苏省,太湖流域,百渎港桥,2026-09-08 01:00,4,28.56,7.33,4.09,478.8,31,3.84,0.011,0.112,1.763,,,2026-09-08 02:25:50
江苏省,太湖流域,殷村港桥,2026-09-08 02:00,4,28.11,7.26,3.7,409.35,36.77,3.7,0.039,0.093,1.066,,,2026-09-08 02:25:50
江苏省,太湖流域,大浦港桥,2026-09-08 02:00,4,28.64,7.44,4.66,340.3,56.5,3.72,0.07,0.118,1.72,,,2026-09-08 02:25:50
江苏省,太湖流域,五牧,2026-09-08 01:00,3,28.36,7.08,5.31,379.28,26.26,2.57,0.052,0.135,2.624,,,2026-09-08 02:25:50
江苏省,太湖流域,拖山,2026-09-08 02:00,4,28.36,,10.76,361.17,60.49,5.31,,0.064,1.022,0.00669,3.156478,2026-09-08 02:25:50
江苏省,太湖流域,五里湖心,2026-09-08 02:00,5,28.35,8.39,6.73,388.73,96.15369,3.86,,0.105,0.398,0.00417,5070189,2026-09-08 02:25:50
江苏省,太湖流域,金潼桥,2026-09-08 01:00,2,29.36,7.89,7.79,327.4,47.42,1.78,0.024,0.067,1.88,,,2026-09-08 02:25:50
江苏省,太湖流域,大港桥,2026-09-08 02:00,3,26.1,6.58,5.94,140.34,3.99,2.53,0.046,0.03,2.319,,,2026-09-08 02:25:50
江苏省,太湖流域,潘家坝,2026-09-08 02:00,4,28.79,7.25,3.53,376.4,57.42,4.21,0.021,0.122,2.331,,,2026-09-08 02:25:50
江苏省,太湖流域,长济桥,2026-09-08 02:00,3,28.89,7.7,5.68,358.4,18.82,2.01,0.133,0.1,2.12,,,2026-09-08 02:25:50
江苏省,太湖流域,钓邾大桥,2026-09-08 01:00,2,28.76,7.99,6.7,392.77,34.15,2.97,0.108,0.079,1.174,,,2026-09-08 02:25:50
江苏省,长江流域,小湾,2026-09-08 02:00,2,28.27,7.93,6.77,308.55,16.84,1.47,,0.058,1.793,,,2026-09-08 02:25:50
江苏省,淮河流域,李庄,2026-09-08 01:00,3,28.72,8.46,9.15,597,15.5,4.97,0.112,0.137,2.509,,,2026-09-08 02:25:50
江苏省,淮河流域,蔺家坝,2026-09-08 01:00,4,28.27,7.8,4.13,1432.9,34.3,5.64,0.019,0.105,1.033,,,2026-09-08 02:25:50
江苏省,淮河流域,李集桥,2026-09-08 01:00,4,28.18,8.25,4,1332.64,16.81,4.76,0.063,0.057,0.819,,,2026-09-08 02:25:50
江苏省,淮河流域,华山闸,2026-09-08 01:00,3,28.08,8.86,11.96,1166.8,8.69,5.69,0.004,0.054,0.833,,,2026-09-08 02:25:50
江苏省,淮河流域,沙庄桥,2026-09-08 02:00,4,29.35,8.21,8.1,1144.8,16.8,7.65,0.06,0.101,1.882,,,2026-09-08 02:25:50
江苏省,淮河流域,沙集西闸,2026-09-08 01:00,4,28.6,7.52,3.33,716.78,31.85,3.47,0.103,0.122,0.883,,,2026-09-08 02:25:50
江苏省,淮河流域,艾山西大桥,2026-09-08 01:00,4,26.975,7.92,10.9,903.207,23.258,6.7,0.054,0.076,4.605,,,2026-09-08 02:25:50
江苏省,淮河流域,下楼公路桥,2026-09-08 01:00,3,27.46,7.78,13.64,1086.69,9.7,5.07,0.065,0.077,0.8644,,,2026-09-08 02:25:50
江苏省,长江流域,魏村,2026-09-08 02:00,2,28.39,7.81,6.27,307.93,19.32,1.28,,0.072,1.943,,,2026-09-08 02:25:50
江苏省,太湖流域,姚巷桥,2026-09-08 02:00,3,29.82,8.99,9.17,337.93,12.56,4.31,,0.097,2.06,,,2026-09-08 02:25:50
江苏省,太湖流域,黄埝桥,2026-09-08 01:00,3,28.68,7.79,5.91,363.7,38.3,1.98,0.037,0.102,1.768,,,2026-09-08 02:25:50
江苏省,太湖流域,落蓬湾,2026-09-08 02:00,3,29.38,7.36,5.24,245.6,38.5,4.06,0.032,0.068,1.551,,,2026-09-08 02:25:50
江苏省,太湖流域,九号桥,2026-09-08 01:00,2,28.16,7.91,6.9,326.2,43.2,1.76,0.075,0.083,1.879,,,2026-09-08 02:25:50
江苏省,太湖流域,胥湖心,2026-09-08 02:00,2,27.71,8.99,8.09,334.84,7.98,1.7,,0.011,0.137,0.0008,497136.2,2026-09-08 02:25:50
江苏省,太湖流域,乌龟山南,2026-09-08 02:00,4,27.63,8.68,8.45,371.279,35.933,3.12,,0.055,0.795,0.00449,1.448943,2026-09-08 02:25:50
江苏省,太湖流域,望亭上游,2026-09-08 01:00,3,28.52,7.55,6.07,495.28,28.25,2.99,0.083,0.142,2.866,,,2026-09-08 02:25:50
江苏省,太湖流域,千灯浦口,2026-09-08 02:00,4,27.46,7.32,3.87,487.138,36.321,3.63,0.024,0.131,0.7533,,,2026-09-08 02:25:50
江苏省,太湖流域,朱厍港口,2026-09-08 02:00,3,27.2,7.49,5.4,437.8,28.2,3.41,,0.112,0.909,,,2026-09-08 02:25:50
江苏省,太湖流域,浏河闸,2026-09-08 02:00,4,28.82,7.59,3.04,546.413,36.159,3.24,0.015,0.14,1.9418,,,2026-09-08 02:25:50
江苏省,太湖流域,江边闸,2026-09-08 01:00,2,28.18,8.09,6.53,422.6,34.9,3.27,,0.093,1.195,,,2026-09-08 02:25:50
江苏省,太湖流域,瓜泾口西,2026-09-08 01:00,3,29.11,8.51,5.72,348.4,10.49,4.86,,0.045,0.672,,,2026-09-08 02:25:50
江苏省,太湖流域,航管站,2026-09-08 02:00,2,28.86,8.9,7.56,365.84,9.93,2.96,,0.03,0.437,,,2026-09-08 02:25:50
江苏省,太湖流域,越溪桥,2026-09-08 02:00,4,28.05,7.31,3.08,477,44.7,3.74,0.422,0.104,2.41,,,2026-09-08 02:25:50
江苏省,太湖流域,312国道桥,2026-09-08 01:00,2,27.55,8.85,7.82,358.59,34.06,3.28,0.014,0.037,0.463,,,2026-09-08 02:25:50
江苏省,太湖流域,赵屯,2026-09-08 02:00,3,28.21,7.58,5.28,638.179,44.387,3.54,,0.133,2.2303,,,2026-09-08 02:25:50
江苏省,淮河流域,东安闸桥西,2026-09-08 02:00,4,28.69,7.44,3.33,825.6,41.31,4.88,,0.247,1.952,,,2026-09-08 02:25:50
江苏省,长江流域,九圩港桥,2026-09-08 02:00,2,28.22,7.82,6.17,327.7,35.33,1.59,0.012,0.076,1.34,,,2026-09-08 02:25:50
江苏省,长江流域,碾砣港闸,2026-09-08 01:00,2,28.29,7.96,6.66,330.4,37.84,1.62,0.006,0.079,1.633,,,2026-09-08 02:25:50
江苏省,长江流域,聚南大桥,2026-09-08 02:00,3,29.61,7.67,5.05,934.7,9.44,3.58,0.002,0.127,1.173,,,2026-09-08 02:25:50
江苏省,长江流域,大洋港桥,2026-09-08 01:00,4,28.87,7.66,4.69,652.6,26.97,2.89,0.061,0.184,2.188,,,2026-09-08 02:25:50
江苏省,长江流域,塘芦港闸,2026-09-08 02:00,4,29.433,8.09,8.41,5017.74,6.945,6.64,0.082,0.16,1.154,,,2026-09-08 02:25:50
江苏省,淮河流域,小洋口,2026-09-08 01:00,4,27.17,8.06,11.92,994.3,25.19,6.58,,0.277,1.021,,,2026-09-08 02:25:50
江苏省,淮河流域,环东闸口,2026-09-08 02:00,5,28.64,7.5,2.84,968.3,45.58,4.84,0.254,0.275,2.257,,,2026-09-08 02:25:50
江苏省,淮河流域,北凌新闸,2026-09-08 02:00,5,26.88,7.78,5.23,1404.8,23.61,6.26,0.36,0.369,2.216,,,2026-09-08 02:25:50
江苏省,淮河流域,新浦大桥,2026-09-08 02:00,3,27.634,8.45,9.46,726.862,12.332,4.06,0.006,0.105,0.951,,,2026-09-08 02:25:50
江苏省,淮河流域,柴米河桥,2026-09-08 02:00,3,27,7.95,13.44,701.05,2.63,5.19,0.033,0.117,1.478,,,2026-09-08 02:25:50
江苏省,淮河流域,善后河闸,2026-09-08 02:00,4,27.785,7.7,4.46,759.955,37.913,3.5,0.05,0.216,1.717,,,2026-09-08 02:25:50
江苏省,淮河流域,灌河大桥,2026-09-08 02:00,4,27.97,7.67,4.95,698.5,104.9,5.27,0.094,0.232,2.355,,,2026-09-08 02:25:50
江苏省,淮河流域,新村桥,2026-09-08 02:00,3,27.931,7.83,7.22,674.08,24.23,4.73,0.049,0.124,2.475,,,2026-09-08 02:25:50
江苏省,淮河流域,沭南闸,2026-09-08 02:00,4,27.207,8.22,9.8,760.95,21.2,6.46,0.034,0.085,1.875,,,2026-09-08 02:25:50
江苏省,淮河流域,袁闸,2026-09-08 02:00,4,25.43,7.5,4.98,522,70.65,4,0.055,0.095,1.607,,,2026-09-08 02:25:50
江苏省,淮河流域,墩尚水漫桥,2026-09-08 02:00,4,27.769,8.28,3.68,592.778,10.363,7.67,0.044,0.072,1.48,,,2026-09-08 02:25:50
江苏省,淮河流域,烧香北闸,2026-09-08 02:00,3,26.463,8.68,10.09,5687.07,38.15,3.84,0.023,0.118,2.444,,,2026-09-08 02:25:50
江苏省,淮河流域,大浦闸,2026-09-08 02:00,2,28.23,7.38,10.82,1086.92,96.17,3.87,0.085,0.096,6.209,,,2026-09-08 02:25:50
江苏省,淮河流域,大板跳闸,2026-09-08 02:00,3,26.494,8.02,9.74,3502.58,35.49,5.01,0.011,0.035,5.965,,,2026-09-08 02:25:50
江苏省,淮河流域,海头大桥,2026-09-08 02:00,6,26.2,9.09,10.52,604.12,42.81,7.65,0.028,0.191,1.128,,,2026-09-08 02:25:50
江苏省,淮河流域,坝头桥,2026-09-08 02:00,4,27.545,8.75,9.79,458.95,13.18,6.32,,0.057,1.21,,,2026-09-08 02:25:50
江苏省,淮河流域,郑园桥,2026-09-08 02:00,4,27.852,8.11,13.33,810.303,20.117,6.15,0.023,0.097,1.045,,,2026-09-08 02:25:50
江苏省,淮河流域,四队桥,2026-09-08 02:00,4,27.94,7.53,4.09,768.18,46.13,5.34,0.052,0.125,2.452,,,2026-09-08 02:25:50
江苏省,淮河流域,新浦二桥,2026-09-08 02:00,2,27.716,7.85,7.45,830.507,15.7,3.91,0.008,0.1,1.94,,,2026-09-08 02:25:50
江苏省,淮河流域,淮河大桥,2026-09-08 01:00,3,28.88,8.08,8.72,438.04,27.48,4.53,0.064,0.095,1.873,,,2026-09-08 02:25:50
江苏省,淮河流域,五叉河口,2026-09-08 01:00,2,26.77,8.36,7.06,501.09,70.28,3.75,0.131,0.068,2.485,,,2026-09-08 02:25:50
江苏省,淮河流域,戴楼衡阳,2026-09-08 01:00,3,28.51,8.47,8.03,417.33,3.12,4.1,0.056,0.064,1.529,0.02374,,2026-09-08 02:25:50
江苏省,淮河流域,总渠苏嘴,2026-09-08 02:00,3,23.55,7.7,6.07,422.05,106.33,3.2,0.069,0.106,1.641,,,2026-09-08 02:25:50
江苏省,淮河流域,唐曹,2026-09-08 01:00,4,25.7,7.39,4.74,462.2,69.94,4.77,0.237,0.149,1.115,,,2026-09-08 02:25:50
江苏省,淮河流域,新洋港闸,2026-09-08 02:00,4,27.57,7.63,3.75,822.26,21.37,4.9,0.024,0.16,2.538,,,2026-09-08 02:25:50
江苏省,淮河流域,富民桥,2026-09-08 02:00,5,26.93,7.18,2.31,825.87,25.09,0.18,0.018,,,,,2026-09-08 02:25:50
江苏省,淮河流域,龙冈凤凰桥,2026-09-08 02:00,4,28.08,7.35,3.31,595.26,21.63,5.18,0.138,0.094,1.516,,,2026-09-08 02:25:50
江苏省,淮河流域,六垛闸,2026-09-08 02:00,2,28.136,8.4,9.06,465.44,23.18,3.4,0.012,0.072,1.997,,,2026-09-08 02:25:50
江苏省,淮河流域,泰东大桥,2026-09-08 02:00,3,27.59,7.65,5.05,453.61,10.32,4.52,0.09,0.18,1.383,,,2026-09-08 02:25:50
江苏省,淮河流域,城北大桥,2026-09-08 02:00,5,27.59,7.35,2.86,602.04,26.67,5.81,0.18,0.161,1.706,,,2026-09-08 02:25:50
江苏省,淮河流域,草堰大桥,2026-09-08 02:00,5,27.846,7.37,2.31,647.542,42.682,5.06,0.095,0.183,2.177,,,2026-09-08 02:25:50
江苏省,淮河流域,射阳河闸,2026-09-08 02:00,4,27.67,7.55,4.54,795.99,28.98,5.74,0.046,0.144,1.853,,,2026-09-08 02:25:50
江苏省,淮河流域,黄沙港闸,2026-09-08 02:00,6,27.26,7.39,1.87,777.71,22.81,5.72,0.033,0.162,1.99,,,2026-09-08 02:25:50
江苏省,淮河流域,斗龙港闸,2026-09-08 02:00,4,26.043,7.24,,940.611,26.663,5.8,0.065,0.211,2.973,,,2026-09-08 02:25:50
江苏省,淮河流域,川东闸,2026-09-08 02:00,5,27.55,8.23,5.53,1968.01,18.5,6.86,0.259,0.307,3.08,,,2026-09-08 02:25:50
江苏省,淮河流域,头罾闸,2026-09-08 02:00,3,27.13,8.22,5.97,555.55,18.29,3.32,0.025,0.07,1.503,,,2026-09-08 02:25:50
江苏省,淮河流域,王港闸,2026-09-08 02:00,5,26.65,7.23,2.96,1294.1,21.59,5.55,0.196,0.311,2.519,,,2026-09-08 02:25:50
江苏省,淮河流域,槐泗河口,2026-09-08 01:00,2,27.21,8.03,6.51,447,49.55,3.44,0.028,0.094,1.763,,,2026-09-08 02:25:50
江苏省,淮河流域,大运河船闸,2026-09-08 01:00,3,26.39,7.88,6,433.4,114.8,4.51,0.093,0.131,2.313,,,2026-09-08 02:25:50
江苏省,淮河流域,三垛西大桥,2026-09-08 02:00,4,27.8,7.14,3.75,598.2,47.9,5.63,0.102,0.133,1.916,,,2026-09-08 02:25:50
江苏省,长江流域,冻青桥,2026-09-08 02:00,4,27.43,7.8,5.35,453.2,140.86,5.3,0.15,0.227,1.874,,,2026-09-08 02:25:50
江苏省,长江流域,小河口上游,2026-09-08 01:00,2,28.33,7.9,6.7,295.9,63.85,1.67,0.054,0.078,1.717,,,2026-09-08 02:25:50
江苏省,淮河流域,曹庄桥,2026-09-08 01:00,4,27.88,7.63,4.72,535.3,40.98,3.77,,0.103,1.372,,,2026-09-08 02:25:50
江苏省,太湖流域,辛丰镇,2026-09-08 02:00,2,28.69,7.87,6.42,315.1,35.65,1.86,0.022,0.076,1.808,,,2026-09-08 02:25:50
江苏省,太湖流域,林家闸,2026-09-08 02:00,2,28.31,7.94,6.76,304.3,18.6,2.22,,0.085,2.0473,,,2026-09-08 02:25:50
江苏省,长江流域,新河桥,2026-09-08 02:00,2,30.19,7.99,10.91,288.2,12.54,2.64,0.049,0.049,0.675,,,2026-09-08 02:25:50
江苏省,太湖流域,新港桥,2026-09-08 02:00,2,28.06,8.48,13.75,307.1,23.2,2.1,0.023,0.088,1.498,,,2026-09-08 02:25:50
江苏省,太湖流域,吕城,2026-09-08 02:00,3,28.82,7.69,5.47,344.82,28.61,2.4,,0.112,2.065,,,2026-09-08 02:25:50
江苏省,淮河流域,海陵大桥,2026-09-08 02:00,2,28.2,7.9,6.51,314.2,25.8,1.71,0.013,0.07,1.762,,,2026-09-08 02:25:50
江苏省,长江流域,马甸闸西,2026-09-08 02:00,2,28.66,7.87,6.95,316.7,40.95,1.59,0.009,0.06,1.911,,,2026-09-08 02:25:50
江苏省,长江流域,新十圩港大桥,2026-09-08 02:00,3,27.97,7.76,5.9,361.4,44.25,2.83,0.029,0.128,1.939,,,2026-09-08 02:25:50
江苏省,长江流域,夏仕港大桥,2026-09-08 02:00,2,28.09,7.78,6.31,302.98,25.51,1.7,0.027,0.071,1.852,,,2026-09-08 02:25:50
江苏省,淮河流域,马陵翻水站,2026-09-08 01:00,3,28.1,7.96,5.86,551.38,50.97,2.82,0.058,0.059,1.531,,,2026-09-08 02:25:50
江苏省,淮河流域,临淮乡入湖口,2026-09-08 01:00,4,28.86,8.71,11.14,716.7,16.18,6.53,0.039,0.051,0.834,,,2026-09-08 02:25:50
江苏省,淮河流域,砖瓦厂,2026-09-08 01:00,4,28.04,8.52,10.15,752.4,50.14,6.17,0.019,0.184,0.791,,,2026-09-08 02:25:50
江苏省,淮河流域,顾勒大桥,2026-09-08 01:00,3,29.18,8.96,10.1,644.32,38.11,4.58,0.054,0.079,0.713,,,2026-09-08 02:25:50
江苏省,淮河流域,团结闸,2026-09-08 01:00,4,28.2,8.84,11.49,1473.6,12.37,8.38,0.09,0.056,1.242,,,2026-09-08 02:25:50
江苏省,淮河流域,大屈,2026-09-08 01:00,4,28.625,8.21,8.94,874.08,11.355,6.81,0.083,0.128,1.209,,,2026-09-08 02:25:50
浙江省,浙闽片河流,小金山,2026-09-08 02:00,2,29.92,8.96,8.37,135.797,2.452,1.92,0.006,0.013,0.741,,,2026-09-08 02:25:50
浙江省,浙闽片河流,三潭岛,2026-09-08 02:00,1,29.11,,8.41,118.477,2.501,1.41,,0.01,0.541,,,2026-09-08 02:25:50
浙江省,浙闽片河流,千岛湖大坝前,2026-09-08 02:00,1,30.47,,8.77,127.362,2.033,1.6,0.01,0.009,0.6275,,,2026-09-08 02:25:50
浙江省,太湖流域,汪家埠,2026-09-08 02:00,2,26.48,7.75,7.68,230.65,9.68,3.28,0.075,0.067,2.426,,,2026-09-08 02:25:50
浙江省,太湖流域,奉口,2026-09-08 02:00,3,27.11,7.21,5.31,201.6,12.53,1.96,0.057,0.05,2.562,,,2026-09-08 02:25:50
浙江省,浙闽片河流,桐君山,2026-09-08 02:00,2,27.25,7.52,8.42,145.51,39.04,1.14,0.028,0.068,1.76,,,2026-09-08 02:25:50
浙江省,浙闽片河流,洋溪渡,2026-09-08 02:00,2,21.39,7.27,6.52,166.945,10.361,1.03,0.009,0.022,1.0084,,,2026-09-08 02:25:50
浙江省,浙闽片河流,浦阳江出口,2026-09-08 02:00,3,27.09,7.3,5.46,207.4,10.06,3.57,0.205,0.105,2.324,,,2026-09-08 02:25:50
浙江省,太湖流域,五杭运河大桥,2026-09-08 02:00,4,28.39,7.19,4.16,282.7,21.71,2.95,0.106,0.086,2.365,,,2026-09-08 02:25:50
浙江省,浙闽片河流,桐庐,2026-09-08 01:00,2,25.81,7.28,7.4,207.8,10.4,1.59,0.003,0.075,1.86,,,2026-09-08 02:25:50
浙江省,浙闽片河流,街口,2026-09-08 02:00,2,30.05,8.43,9.09,171.02,1.41,3.29,0.006,0.04,0.855,,,2026-09-08 02:25:50
浙江省,浙闽片河流,溪口,2026-09-08 02:00,2,25.33,6.35,7.09,82.67,6.39,0.88,0.007,0.021,2.043,,,2026-09-08 02:25:50
浙江省,浙闽片河流,清林渡,2026-09-08 02:00,5,28.818,6.99,2.68,302.388,39.204,3.9,0.152,0.164,2.755,,,2026-09-08 02:25:50
浙江省,浙闽片河流,水车,2026-09-08 02:00,2,26.37,6.98,7.05,83.314,6.959,1.68,0.021,0.03,1.021,,,2026-09-08 02:25:50
浙江省,浙闽片河流,大嵩,2026-09-08 01:00,2,28.74,7.14,6.64,122.36,10.38,1.56,0.017,0.059,1.583,,,2026-09-08 02:25:50
浙江省,浙闽片河流,北湖中心,2026-09-08 01:00,4,27.62,6.62,4.38,90.82,40.39,2.99,0.068,0.044,0.945,0.00527,543981.7,2026-09-08 02:25:50
浙江省,浙闽片河流,长汀,2026-09-08 02:00,2,27.2,7.71,10.38,120.04,8.85,1.11,,0.063,1.67,,,2026-09-08 02:25:50
浙江省,浙闽片河流,菁江渡,2026-09-08 02:00,4,28.93,6.83,4.35,183.69,29,4.92,0.235,0.097,2.579,,,2026-09-08 02:25:50
浙江省,浙闽片河流,梁桥,2026-09-08 02:00,2,25.93,6.96,6.66,64.15,8.28,1.11,0.011,0.036,1.515,,,2026-09-08 02:25:50
浙江省,浙闽片河流,赵山渡,2026-09-08 01:00,1,23.47,6.66,7.62,39.05,17.32,1.19,0.012,0.016,0.609,,,2026-09-08 02:25:50
浙江省,浙闽片河流,小旦,2026-09-08 02:00,2,24.19,6.91,6.68,53.51,7.2,1.52,0.019,0.057,1.077,,,2026-09-08 02:25:50
浙江省,浙闽片河流,龙湾,2026-09-08 02:00,2,26.26,7.77,7.15,6461,49.33,1.25,0.162,0.043,1.149,,,2026-09-08 02:25:50
浙江省,浙闽片河流,大荆,2026-09-08 02:00,2,26.83,7.26,8.17,63.15,4.61,0.76,0.016,0.025,0.829,,,2026-09-08 02:25:50
浙江省,浙闽片河流,清水埠,2026-09-08 02:00,2,26.26,7.24,7.13,60.05,44.22,1.22,0.001,0.017,0.858,,,2026-09-08 02:25:50
浙江省,浙闽片河流,江口渡,2026-09-08 01:00,3,25.18,7.88,8.5,14380,109.8,1.43,0.123,0.106,1.352,,,2026-09-08 02:25:50
浙江省,太湖流域,王江泾,2026-09-08 02:00,4,29.23,7.16,4.83,409.47,36.72,3.48,0.022,0.076,1.62,,,2026-09-08 02:25:50
浙江省,太湖流域,湘家荡,2026-09-08 02:00,3,28.43,7.71,6.72,474.5,30.23,2.71,0.033,0.117,0.703,,,2026-09-08 02:25:50
浙江省,太湖流域,池家浜水文站,2026-09-08 02:00,6,29.2279,6.97,4.67,344.39,28.9464,27.45,0.059,0.073,1.059,,,2026-09-08 02:25:50
浙江省,太湖流域,长山闸一号桥,2026-09-08 02:00,5,28.6188,7.12,2.94,378.02,52.1115,3.92,0.04,0.12,2.283,,,2026-09-08 02:25:50
浙江省,太湖流域,南台头闸一号桥,2026-09-08 02:00,3,27.6,7.9,7.68,,2.35,3.84,0.013,0.127,2.285,,,2026-09-08 02:25:50
浙江省,太湖流域,上塘河排涝闸,2026-09-08 02:00,3,27.93,7.5,5.43,447.16,9.14,3.7,0.028,0.12,1.065,,,2026-09-08 02:25:50
浙江省,太湖流域,盐官排涝枢纽,2026-09-08 02:00,3,28.98,7.37,5.93,373.7,23.65,4.48,0.009,0.124,2.355,,,2026-09-08 02:25:50
浙江省,太湖流域,卫八路桥,2026-09-08 01:00,5,28.28,7.28,2.99,513.219,26.697,3.93,0.09,0.132,1.599,,,2026-09-08 02:25:50
浙江省,太湖流域,漕廊公路桥,2026-09-08 01:00,4,28.62113,7.21,3.12,416.2434,41.33491,4.09,0.127,0.165,1.49675,,,2026-09-08 02:25:50
浙江省,太湖流域,朱枫公路桥,2026-09-08 02:00,4,28.7,6.92,3.7,406.69,47.95,3.79,0.032,0.089,1.532,,,2026-09-08 02:25:50
浙江省,太湖流域,红旗塘大坝,2026-09-08 02:00,4,28.92,7.17,4.78,373.1,48,3.54,0.02,0.085,1.731,,,2026-09-08 02:25:50
浙江省,太湖流域,枫南大桥,2026-09-08 02:00,4,28.9533,7.34,3.14,418.45,50.3256,4.07,0.048,0.147,1.429,,,2026-09-08 02:25:50
浙江省,太湖流域,青阳汇,2026-09-08 01:00,4,28.13,7.17,3.55,392.5,79.57,4.58,0.029,0.16,1.658,,,2026-09-08 02:25:50
浙江省,太湖流域,小新村,2026-09-08 02:00,5,27.99,7.22,2.74,396.7,59.76,4.4,0.03,0.153,1.826,,,2026-09-08 02:25:50
浙江省,太湖流域,乌镇北,2026-09-08 01:00,5,28.16,7.06,2.67,297.9,41.02,3.56,0.036,0.092,2.313,,,2026-09-08 02:25:50
浙江省,太湖流域,新港口,2026-09-08 01:00,3,27.32,7.2,5.45,144.57,29.37,1.8,0.096,0.054,2.173,0.07934,,2026-09-08 02:25:50
浙江省,太湖流域,大钱,2026-09-08 01:00,2,27.86,7.71,7.09,170.9618,68.98162,2.43,0.084,0.066,2.43546,,,2026-09-08 02:25:50
浙江省,太湖流域,南浔,2026-09-08 02:00,4,29.1,7.11,3.89,313.8,39.4,3.1,0.131,0.09,2.979,,,2026-09-08 02:25:50
浙江省,太湖流域,城西大桥,2026-09-08 02:00,4,27.04,7.31,5.62,139.68,28.27,7.33,0.058,0.058,2.081,,,2026-09-08 02:25:50
浙江省,太湖流域,汤溇,2026-09-08 01:00,3,28.11,8.73,6.86,285.9293,95.2342,4.08,0.089,0.074,1.2948,,,2026-09-08 02:25:50
浙江省,太湖流域,塘浦,2026-09-08 02:00,2,24.98,6.81,6.58,117.02,15.08,1.88,0.01,0.03,1.318,,,2026-09-08 02:25:50
浙江省,太湖流域,荆湾,2026-09-08 02:00,4,26.83,6.41,4.65,138.97,19.15,1.61,0.086,0.045,1.573,,,2026-09-08 02:25:50
浙江省,太湖流域,铁路桥,2026-09-08 02:00,3,27.68,6.49,5.03,135.87,12.52,1.89,0.076,0.062,2.246,,,2026-09-08 02:25:50
浙江省,太湖流域,小梅口,2026-09-08 02:00,3,27.71,6.98,5.72,207.6,24.84,2.92,0.027,0.056,1.776,,,2026-09-08 02:25:50
浙江省,太湖流域,杨家浦,2026-09-08 02:00,3,27.85509,7.48,5.22,224.6441,40.4528,2.43,0.014,0.083,2.231715,,,2026-09-08 02:25:50
浙江省,太湖流域,新塘,2026-09-08 02:00,3,28.35,7.2,5.23,240.6,29.2,3.18,0.085,0.074,2.318,,,2026-09-08 02:25:50
浙江省,太湖流域,合溪,2026-09-08 02:00,2,28.33,7.49,6.61,206.4,28.4,1.73,0.032,0.026,1.804,,,2026-09-08 02:25:50
浙江省,浙闽片河流,曹娥江大闸闸前,2026-09-08 02:00,2,27.981,7.39,7.44,202.231,16.886,2.83,0.091,0.072,2.167,,,2026-09-08 02:25:50
浙江省,浙闽片河流,屠家埠,2026-09-08 01:00,2,27.809,7.23,7.46,126.378,14.772,1.95,0.047,0.068,2.283,,,2026-09-08 02:25:50
浙江省,浙闽片河流,湄池,2026-09-08 02:00,4,28.85,7.16,4.34,290.63,19.01,3.26,0.19,0.107,2.669,,,2026-09-08 02:25:50
浙江省,浙闽片河流,王家泾,2026-09-08 02:00,4,29.13,6.79,3.53,226.71,14.28,5.47,0.135,0.077,2.076,,,2026-09-08 02:25:50
浙江省,浙闽片河流,汤曹汇合口,2026-09-08 02:00,2,28.18,7.13,7.3,142.37,26.31,2.14,0.034,0.051,2.121,,,2026-09-08 02:25:50
浙江省,浙闽片河流,义东桥,2026-09-08 02:00,3,26.344,7.13,5.72,198.158,15.081,2.52,0.074,0.117,2.232,,,2026-09-08 02:25:50
浙江省,浙闽片河流,塔下洲,2026-09-08 02:00,3,26.92,7.19,5.97,265.028,14.693,4.09,0.1,0.111,2.1996,,,2026-09-08 02:25:50
浙江省,浙闽片河流,东关桥,2026-09-08 02:00,3,29.755,7.31,6.06,367.903,7.464,3.19,0.04,0.135,2.949,,,2026-09-08 02:25:50
浙江省,浙闽片河流,费垅,2026-09-08 02:00,3,27.82,7.2,6.3,254.776,19.005,2.96,0.328,0.157,2.8066,,,2026-09-08 02:25:50
浙江省,浙闽片河流,南江桥,2026-09-08 02:00,3,26.49,7.77,6.71,366.572,4.136,3.04,0.044,0.113,2.423,,,2026-09-08 02:25:50
浙江省,浙闽片河流,横山,2026-09-08 02:00,3,27.65,7.37,5.73,179.357,4.98,1.92,0.029,0.072,1.3894,,,2026-09-08 02:25:50
浙江省,浙闽片河流,洪坞桥,2026-09-08 01:00,3,28.55,7.27,6.35,200.1,7.38,2.34,0.023,0.128,2.589,,,2026-09-08 02:25:50
浙江省,浙闽片河流,章店,2026-09-08 02:00,3,27.23,7.44,6.33,222.099,4.484,3.54,0.027,0.164,2.2223,,,2026-09-08 02:25:50
浙江省,浙闽片河流,将军岩,2026-09-08 01:00,3,28.466,6.97,7.1,195.95,13.91,2.43,0.045,0.132,2.073,,,2026-09-08 02:25:50
浙江省,浙闽片河流,浮石渡,2026-09-08 02:00,2,29.23,7.47,7.1,192.48,8.11,1.8,0.032,0.056,1.781,,,2026-09-08 02:25:50
浙江省,浙闽片河流,双港口,2026-09-08 02:00,2,28.55,7.35,6.02,129.3,4.73,2.57,0.011,0.08,1.649,,,2026-09-08 02:25:50
浙江省,浙闽片河流,郑家,2026-09-08 02:00,2,25.06,6.16,7.9,69.96,24.7,0.62,0.011,0.034,1.068,,,2026-09-08 02:25:50
浙江省,浙闽片河流,下界首,2026-09-08 02:00,1,28.7,8.29,9.48,160.094,6.67,0.92,0.013,0.018,0.635,,,2026-09-08 02:25:50
浙江省,浙闽片河流,下童,2026-09-08 02:00,3,26.39,6.87,5.56,178.69,17.98,1.73,0.086,0.068,1.607,,,2026-09-08 02:25:50
浙江省,浙闽片河流,东迹渡,2026-09-08 02:00,1,19.31,7.58,9.25,,0.32,0.56,0.02,0.013,0.879,,,2026-09-08 02:25:50
浙江省,长江流域,苏庄,2026-09-08 01:00,1,29.00778,7.62,7.53,71.29707,8.14989,1.67,0.008,0.02,0.28449,,,2026-09-08 02:25:50
浙江省,浙闽片河流,临城,2026-09-08 01:00,2,28.87,8.07,9.02,2777,8.45,3.73,0.061,0.047,1.327,,,2026-09-08 02:25:50
浙江省,浙闽片河流,长潭水库坝口,2026-09-08 01:00,2,27.118,8.27,10.74,44.046,1.211,1.59,0.002,0.011,0.322,,,2026-09-08 02:25:50
浙江省,浙闽片河流,老鼠屿,2026-09-08 02:00,3,27.31,7.97,5.63,18011.8,647.89,2.57,0.056,0.063,1.84,,,2026-09-08 02:25:50
浙江省,浙闽片河流,金清新闸,2026-09-08 02:00,4,27.67,7.33,4.1,714.428,60.124,4.31,0.78,0.227,2.7187,,,2026-09-08 02:25:50
浙江省,浙闽片河流,里石门水库,2026-09-08 02:00,2,27.67,,12.16,60.081,1.956,3.22,,0.013,0.4234,0.00822,1523647,2026-09-08 02:25:50
浙江省,浙闽片河流,温峤,2026-09-08 02:00,3,27.788,7.16,6.46,229.622,25.156,2.15,0.314,0.122,2.282,,,2026-09-08 02:25:50
浙江省,浙闽片河流,永宁江口,2026-09-08 02:00,2,27,7.6,8.33,69.15,13.427,1.39,0.034,0.047,0.8288,,,2026-09-08 02:25:50
浙江省,浙闽片河流,沙段,2026-09-08 02:00,2,26.69,7.16,7.51,94.332,12.116,2.44,0.033,0.051,1.1652,,,2026-09-08 02:25:50
浙江省,浙闽片河流,柏枝岙,2026-09-08 02:00,2,26.821,6.74,7.56,83.96,9.063,0.48,0.015,0.038,1.307,,,2026-09-08 02:25:50
浙江省,浙闽片河流,均溪,2026-09-08 02:00,2,24.76,6.4,6.54,46.25,22.03,1.43,0.049,0.03,0.855,,,2026-09-08 02:25:50
浙江省,浙闽片河流,风化,2026-09-08 02:00,2,25.33,6.98,7.6,76.9,41.98,1.38,0.031,0.057,1.227,,,2026-09-08 02:25:50
浙江省,浙闽片河流,堰后,2026-09-08 02:00,2,26.12,7.15,7.93,86,9.58,1.26,0.034,0.042,1.498,,,2026-09-08 02:25:50
浙江省,浙闽片河流,沙湾上,2026-09-08 02:00,2,21.32,7.04,8.61,,5.985,1.15,0.156,0.011,0.2711,,,2026-09-08 02:25:50
浙江省,浙闽片河流,小溪口,2026-09-08 02:00,3,23.86,6.74,5.78,31.605,25.387,1.38,,0.01,0.5553,,,2026-09-08 02:25:50
安徽省,巢湖流域,三胜大队渡口,2026-09-08 01:00,6,28.53,9.02,9.28,270.253,48.4287,5.89,0.101,0.125,0.7152,,,2026-09-08 02:25:50
安徽省,巢湖流域,兆河入湖口渡口,2026-09-08 02:00,6,29.35,9.41,15.73,308.395,52.2726,9.03,,0.076,1.4029,,,2026-09-08 02:25:50
安徽省,巢湖流域,牛角大圩,2026-09-08 01:00,4,28.4,7.45,3.91,358.721,54.5389,4.74,,0.13,2.211,,,2026-09-08 02:25:50
安徽省,巢湖流域,北闸渡口,2026-09-08 01:00,2,26.976,7.14,7.3,130.212,23.438,3.26,0.021,0.055,1.261,,,2026-09-08 02:25:50
安徽省,巢湖流域,希望桥,2026-09-08 02:00,2,28.4,7.51,6.44,505.1,20.5,3.33,0.191,0.084,5.371,,,2026-09-08 02:25:50
安徽省,巢湖流域,石堆渡口,2026-09-08 01:00,4,27.77,7.1,4.46,200.0983,28.2499,3.61,0.106,0.097,1.4382,,,2026-09-08 02:25:50
安徽省,巢湖流域,柘皋大桥,2026-09-08 01:00,6,28.75,9.48,11.36,288.6267,24.6749,5.4,0.036,0.07,0.4882,,,2026-09-08 02:25:50
安徽省,巢湖流域,湖滨,2026-09-08 02:00,4,27,,10.76,269.81,29.9,4.84,,0.082,1.162,0.00578,1.597303,2026-09-08 02:25:50
安徽省,巢湖流域,黄麓,2026-09-08 02:00,4,28.72,,8.75,273.05,23.763,5.53,,0.069,0.402,0.00976,5900926,2026-09-08 02:25:50
安徽省,巢湖流域,三河镇大桥,2026-09-08 01:00,2,27.5,7.27,7.77,166.5,10.81,3.66,0.057,0.083,1.299,,,2026-09-08 02:25:50
安徽省,巢湖流域,三河镇新大桥,2026-09-08 01:00,2,27.58,7.23,7.56,92.99,19.21,3.1,0.09,0.064,1.45,,,2026-09-08 02:25:50
安徽省,巢湖流域,施口,2026-09-08 01:00,4,28.31,7.35,3.66,758.7108,57.8587,5.49,0.235,0.156,5.885,,,2026-09-08 02:25:50
安徽省,巢湖流域,靠近大坝,2026-09-08 02:00,3,28.98,,9.71,164.14,109.86,4.58,,0.025,0.281,0.01199,1.27851,2026-09-08 02:25:50
安徽省,巢湖流域,新河入湖区,2026-09-08 02:00,4,27.92,,11.06,281.3,37.72,6.6,,0.093,0.866,0.00609,6.585864,2026-09-08 02:25:50
安徽省,巢湖流域,西半湖湖心,2026-09-08 02:00,4,27.32,,11.2,299.76,19.51,4.68,,0.068,0.318,0.01187,8286153,2026-09-08 02:25:50
安徽省,巢湖流域,龟山,2026-09-08 02:00,4,27.98,,10.77,303.5,22.9,5.46,,0.062,0.292,0.00994,2.352427,2026-09-08 02:25:50
安徽省,巢湖流域,东半湖湖心,2026-09-08 02:00,4,27.174,,9.79,256.566,20.788,5.25,,0.066,0.384,0.00428,1.019472,2026-09-08 02:25:50
安徽省,巢湖流域,忠庙,2026-09-08 02:00,4,33.29,,7.95,286.02,32.7,5.31,,0.08,0.438,0.02217,7152759,2026-09-08 02:25:50
安徽省,巢湖流域,兆河入湖区,2026-09-08 02:00,4,27.24,,10.34,300.19,23.45,5.56,,0.072,0.569,0.00757,1.214776,2026-09-08 02:25:50
安徽省,巢湖流域,双桥河入湖口,2026-09-08 01:00,2,28.42,7.77,6.02,412.3326,45.1132,3.97,0.068,0.057,0.6742,,,2026-09-08 02:25:50
安徽省,巢湖流域,繁华大道桥,2026-09-08 01:00,4,28.4,7.36,4.91,550.9921,38.3547,5.54,0.123,0.144,4.081,,,2026-09-08 02:25:50
安徽省,长江流域,东西梁山,2026-09-08 01:00,2,27.81,7.92,6.93,292.5062,43.9506,1.42,0.351,0.079,2.0108,,,2026-09-08 02:25:50
安徽省,长江流域,宝塔根,2026-09-08 01:00,2,27.38,7.16,6.55,125.604,33.7572,2.41,0.062,0.047,1.3959,,,2026-09-08 02:25:50
安徽省,巢湖流域,裕溪口,2026-09-08 01:00,3,28.14,7.64,5.38,330.4009,40.019,2.78,0.14,0.068,1.3216,,,2026-09-08 02:25:50
安徽省,长江流域,荻港,2026-09-08 01:00,3,27.2,7.55,5.74,379.7,18.3928,2.85,0.095,0.083,1.4124,,,2026-09-08 02:25:50
安徽省,长江流域,澛港桥,2026-09-08 01:00,2,28.04,8.66,11.56,232.9451,22.2527,3.41,0.052,0.08,1.676,,,2026-09-08 02:25:50
安徽省,长江流域,西河入裕溪河口,2026-09-08 01:00,4,28.65,7.54,4.29,284.564,55.1593,3.54,0.143,0.095,0.8439,,,2026-09-08 02:25:50
安徽省,淮河流域,沫河口,2026-09-08 01:00,3,27.68,7.66,6.19,482.5999,49.58,4.96,0.047,0.157,2.241,,,2026-09-08 02:25:50
安徽省,淮河流域,五河,2026-09-08 01:00,4,27.78,7.97,4.12,885.4826,16.84211,5.43,0.095,0.115,2.26209,,,2026-09-08 02:25:50
安徽省,淮河流域,蚌埠固镇,2026-09-08 01:00,3,28.645,7.95,6.76,1071.365,31.37,4.39,0.036,0.106,4.3912,,,2026-09-08 02:25:50
安徽省,淮河流域,蚌埠闸上,2026-09-08 02:00,4,27.71,7.57,4.81,513.18,17.19,3.9,0.061,0.151,2.521,,,2026-09-08 02:25:50
安徽省,淮河流域,湖沟,2026-09-08 01:00,4,27.74047,8.09,3.56,1178.109,24.15771,4.07,0.065,0.083,4.25964,,,2026-09-08 02:25:50
安徽省,淮河流域,石头埠,2026-09-08 01:00,3,28.36,8.03,5.46,416.9795,23.47587,3.56,0.053,0.104,2.57206,,,2026-09-08 02:25:50
安徽省,淮河流域,鲁台孜,2026-09-08 01:00,3,28.21,7.56,6.63,584.1273,28.68249,3.32,0.033,0.11,3.41002,,,2026-09-08 02:25:50
安徽省,淮河流域,西淝河闸下,2026-09-08 01:00,3,28.88183,8.11,7.3,735.6373,11.78211,5.53,0.036,0.048,,,,2026-09-08 02:25:50
安徽省,淮河流域,新城口,2026-09-08 01:00,4,28.65925,7.57,4.19,431.6669,25.0844,3,0.004,0.102,2.86806,,,2026-09-08 02:25:50
安徽省,淮河流域,焦岗湖,2026-09-08 02:00,3,27.84,8.51,8.77,674.71,729.99,4.34,,0.028,0.457,0.00538,9463932,2026-09-08 02:25:50
安徽省,淮河流域,大店岗,2026-09-08 01:00,2,28.41,6.54,7.61,117.8938,12.83536,2.42,0.018,0.036,1.33347,,,2026-09-08 02:25:50
安徽省,淮河流域,五里闸,2026-09-08 01:00,3,28.74,7.39,6.75,262.5737,33.98294,4.14,0.033,0.061,0.90324,,,2026-09-08 02:25:50
安徽省,淮河流域,白洋淀渡口,2026-09-08 01:00,4,27.88614,6.97,4.07,183.8052,49.17633,3.68,0.083,0.092,3.27343,,,2026-09-08 02:25:50
安徽省,长江流域,三兴村,2026-09-08 01:00,2,27.59,7.78,7.15,305.7652,27.13339,2.03,0.049,0.056,2.468,,,2026-09-08 02:25:50
安徽省,长江流域,得胜河入江口,2026-09-08 01:00,3,28.5801,7.96,7,352.3,34.2754,3.56,0.108,0.117,1.8487,,,2026-09-08 02:25:50
安徽省,长江流域,姑溪河大桥,2026-09-08 01:00,2,27.568,7.06,6.98,213.2038,72.3604,3.38,0.194,0.09,1.547,,,2026-09-08 02:25:50
安徽省,长江流域,当涂查湾,2026-09-08 01:00,4,28.3,7.24,4.86,222.866,54.3981,3.66,0.066,0.049,2.684,,,2026-09-08 02:25:50
安徽省,长江流域,乌江,2026-09-08 01:00,3,27.22968,7.86,5.85,321.9128,50.56429,1.5,0.036,0.061,1.452314,,,2026-09-08 02:25:50
安徽省,长江流域,雨山河下游,2026-09-08 01:00,3,28.9932,7.45,6.48,895.27,5.9813,4.54,0.317,0.121,7.832,,,2026-09-08 02:25:50
安徽省,淮河流域,小王桥,2026-09-08 02:00,3,30.14,8.38,15.68,1411.27,12.79,5.63,,0.068,1.03,,,2026-09-08 02:25:50
安徽省,淮河流域,后常桥,2026-09-08 01:00,3,29.40516,8.99,13.01,1159.321,42.86068,5.31,0.018,0.084,0.8858,,,2026-09-08 02:25:50
安徽省,淮河流域,李大桥闸,2026-09-08 01:00,4,28.53,8.25,3.6,1360.94,4.106,7.56,0.066,0.053,0.7115,,,2026-09-08 02:25:50
安徽省,长江流域,顺安河入江口,2026-09-08 01:00,2,26.67855,7.54,9.75,306.7008,30.40134,1.59,0.033,0.048,1.82578,,,2026-09-08 02:25:50
安徽省,长江流域,陈家墩,2026-09-08 01:00,2,27.63,7.8,6.78,277.5182,29.53975,1.57,0.048,0.054,2.10519,,,2026-09-08 02:25:50
安徽省,长江流域,枞阳大闸,2026-09-08 01:00,3,27.35,8.06,7.41,158.5323,50.63109,4.45,0.008,0.061,0.96974,,,2026-09-08 02:25:50
安徽省,长江流域,武昌湖,2026-09-08 01:00,4,26.32,7.54,5.4,172.173,22.37603,4.64,0.009,0.053,0.96745,0.01322,9717391,2026-09-08 02:25:50
安徽省,长江流域,前江口,2026-09-08 01:00,2,27.36741,7.82,6.61,266.0411,44.96537,2.12,0.08,0.058,2.83721,,,2026-09-08 02:25:50
安徽省,长江流域,花亭湖坝前,2026-09-08 01:00,2,29.35,8.85,8.37,86.09787,2.43058,2.42,0.004,0.013,0.59434,0.00548,783560.4,2026-09-08 02:25:50
安徽省,长江流域,华阳河入江口,2026-09-08 01:00,4,28.5,8.33,15.23,303.1042,17.83706,6.25,0.0001,0.084,0.76763,,,2026-09-08 02:25:50
安徽省,长江流域,水厂取水口,2026-09-08 01:00,2,28.25,8.79,9.24,113.2957,2.31091,1.28,0.001,0.024,0.81583,,,2026-09-08 02:25:50
安徽省,长江流域,车轴寺大桥,2026-09-08 01:00,2,28.53,8.84,10.43,87.0089,3.3918,1.75,0.009,0.027,0.9304,,,2026-09-08 02:25:50
安徽省,浙闽片河流,篁墩,2026-09-08 01:00,2,27.14157,7.38,6.74,119.826,4.97927,2.88,0.068,0.048,1.50535,,,2026-09-08 02:25:50
安徽省,浙闽片河流,率水大桥,2026-09-08 01:00,2,28.3863,8.71,8.97,68.77268,2.38818,1.31,0.014,0.025,0.62867,,,2026-09-08 02:25:50
安徽省,浙闽片河流,横江大桥,2026-09-08 01:00,6,29.66096,9.26,12.02,195.8833,19.31973,4.42,0.015,0.045,0.86556,,,2026-09-08 02:25:50
安徽省,浙闽片河流,浦口,2026-09-08 01:00,3,28.18,7.88,5.68,246.7968,16.50057,,0.032,,1.16373,,,2026-09-08 02:25:50
安徽省,长江流域,太平湖湖心,2026-09-08 02:00,2,27.83,8.38,7.9,99.42,2.3,2.08,,0.01,0.452,0.00259,6573044,2026-09-08 02:25:50
安徽省,浙闽片河流,新管,2026-09-08 01:00,6,27.9954,9.09,9.89,165.5006,3.44707,1.61,0.003,0.04,1.23485,,,2026-09-08 02:25:50
安徽省,淮河流域,天长化工厂,2026-09-08 01:00,4,28.16,7.26,4.45,422.816,37.07,4.3,0.105,0.115,2.0757,,,2026-09-08 02:25:50
安徽省,淮河流域,公路桥,2026-09-08 01:00,3,28.3,7.78,7.66,374.6076,32.0612,5.51,0.159,0.116,0.903,,,2026-09-08 02:25:50
安徽省,淮河流域,小柳巷,2026-09-08 01:00,3,27.71,7.33,5.58,421.01,21.983,4.16,0.011,0.118,2.026,,,2026-09-08 02:25:50
安徽省,长江流域,水口,2026-09-08 01:00,3,28.02,7.78,5.92,626.291,45.5891,4.86,0.128,0.182,2.497,,,2026-09-08 02:25:50
安徽省,长江流域,乌衣下,2026-09-08 01:00,4,29.62,8.27,18.04,562.32,21.86,7.74,0.034,0.07,2.185,,,2026-09-08 02:25:50
安徽省,长江流域,襄河大桥,2026-09-08 01:00,6,27.8,7.1,1.68,699.0836,39.8929,4.4,0.276,0.113,0.791,,,2026-09-08 02:25:50
安徽省,长江流域,清流河口,2026-09-08 01:00,3,27.79367,8.36,9.89,377.4049,30.7677,3.91,0.046,0.122,0.81138,,,2026-09-08 02:25:50
安徽省,淮河流域,阜阳段下,2026-09-08 01:00,2,27.64293,7.94,6.21,768.2953,9.32663,3.27,0.022,0.082,4.47225,,,2026-09-08 02:25:50
安徽省,淮河流域,杨湖,2026-09-08 01:00,3,28.72369,7.82,6.85,771.2424,20.54538,3.31,0.079,0.165,3.87307,,,2026-09-08 02:25:50
安徽省,淮河流域,张大桥,2026-09-08 01:00,3,27.92,7.91,8.94,1290.84,71.93,4.3,0.242,0.085,11.4348,,,2026-09-08 02:25:50
安徽省,淮河流域,王家坝,2026-09-08 01:00,3,27.389,7.92,7.7,464.1,19.553,3.89,0.08,0.185,2.945,,,2026-09-08 02:25:50
安徽省,淮河流域,界首七渡口,2026-09-08 01:00,3,28.62,7.9,7.66,862,16.05,3.47,0.051,0.128,4.847,,,2026-09-08 02:25:50
安徽省,淮河流域,阜南,2026-09-08 01:00,3,27.57,7.81,7.55,612.8062,2.71605,4.69,0.011,0.08,0.76257,,,2026-09-08 02:25:50
安徽省,淮河流域,奎河苏皖省界,2026-09-08 01:00,4,28.04,7.86,11.64,1137.2,34.6,6.79,0.04,0.122,3.961,,,2026-09-08 02:25:50
安徽省,淮河流域,东坪集,2026-09-08 01:00,3,28.28,8.15,11.21,1064.645,16.3333,4.57,0.039,0.068,4.01927,,,2026-09-08 02:25:50
安徽省,淮河流域,符离闸,2026-09-08 01:00,4,29.03873,8.4,7.63,920.6558,13.52984,8.05,0.031,0.105,1.30537,,,2026-09-08 02:25:50
安徽省,淮河流域,芦岭桥,2026-09-08 01:00,3,28.28,8.58,8.91,1107.325,11.09,4.88,0.052,0.048,1.0572,,,2026-09-08 02:25:50
安徽省,淮河流域,工农兵大桥,2026-09-08 01:00,3,29.05235,8.69,12.54,294.5312,8.46315,4.42,0.027,0.047,0.636,,,2026-09-08 02:25:50
安徽省,淮河流域,陶洪集,2026-09-08 01:00,2,25.90681,7.28,9.09,78.17394,31.35564,2.4,0.034,0.05,1.71036,,,2026-09-08 02:25:50
安徽省,淮河流域,东湖闸,2026-09-08 01:00,3,27.06,7.3,6.23,217.6866,60.09655,3.26,0.118,0.172,1.34268,,,2026-09-08 02:25:50
安徽省,淮河流域,新安渡口,2026-09-08 01:00,2,26.68,7.13,7.24,129.0464,8.39928,2.92,0.017,0.036,1.41904,,,2026-09-08 02:25:50
安徽省,淮河流域,响洪甸水库出水口,2026-09-08 01:00,4,20.16,6.87,3.94,94.20541,2.54188,1.81,0.001,0.01,1.22793,,,2026-09-08 02:25:50
安徽省,淮河流域,丁埠大桥,2026-09-08 01:00,6,27.91167,9.2,11.13,128.5529,6.83758,2.36,0.009,0.034,0.146,,,2026-09-08 02:25:50
安徽省,巢湖流域,将军宕大桥,2026-09-08 01:00,2,27.26,6.93,7.6,87.761,28.309,2.17,0.014,0.035,1.147,,,2026-09-08 02:25:50
安徽省,淮河流域,固始李畈,2026-09-08 01:00,2,27.27,7.55,9.6,152.0428,4.10523,1.86,0.002,0.033,1.44065,,,2026-09-08 02:25:50
安徽省,淮河流域,龙亢,2026-09-08 00:00,2,25.37,7.74,8.14,943.11,15.94,3.23,,0.077,5.0406,,,2026-09-08 02:25:50
安徽省,淮河流域,涡阳义门大桥,2026-09-08 01:00,4,29.37,7.91,21.3,1072.994,15.6887,7.03,0.037,0.066,6.1328,,,2026-09-08 02:25:50
安徽省,淮河流域,利辛段,2026-09-08 01:00,3,28.29,8.36,18.53,923.94,3.6,5.88,0.028,0.141,4.115,,,2026-09-08 02:25:50
安徽省,长江流域,五步沟,2026-09-08 01:00,2,27.61,7.95,7.1,272.9295,35.52599,1.88,0.052,0.052,2.26412,,,2026-09-08 02:25:50
安徽省,长江流域,张溪,2026-09-08 01:00,1,27.33,7.99,8.88,235.6103,5.39194,1.06,0.009,0.009,0.66996,,,2026-09-08 02:25:50
安徽省,长江流域,青通河河口,2026-09-08 01:00,2,27.75863,8.29,9.51,234.3944,22.30927,2.87,0.033,0.05,1.73369,,,2026-09-08 02:25:50
安徽省,长江流域,秋浦河入江口,2026-09-08 01:00,2,27.78098,7.86,6.55,229.4317,25.51636,1.83,0.011,0.029,1.14866,,,2026-09-08 02:25:50
安徽省,长江流域,东流,2026-09-08 01:00,4,27.23,7.21,3.34,177.3391,14.32988,1.92,0.029,0.034,1.28844,,,2026-09-08 02:25:50
安徽省,长江流域,南漪湖西湖湖心,2026-09-08 02:00,3,28.7,,10.81,156.72,20.76,4.38,,0.045,0.627,0.01605,5167260,2026-09-08 02:25:50
安徽省,太湖流域,殷桥,2026-09-08 01:00,4,28.26651,7.13,4.05,262.7365,32.29084,7.05,0.048,0.088,2.28296,,,2026-09-08 02:25:50
安徽省,长江流域,泾南交界,2026-09-08 01:00,2,25.59,7.87,7.24,190.001,9.1548,1.65,0.002,0.04,1.014,,,2026-09-08 02:25:50
安徽省,长江流域,汪溪,2026-09-08 01:00,2,26.24,7.83,7.95,200.6387,8.8842,0.87,0.049,0.053,1.5752,,,2026-09-08 02:25:50
安徽省,长江流域,狮子口,2026-09-08 01:00,2,27.61,7.29,6.31,413.22,16.781,3.45,0.036,0.093,2.3213,,,2026-09-08 02:25:50
安徽省,长江流域,东村桥,2026-09-08 01:00,2,26.5951,7.68,6.31,421.4357,9.12473,2.28,0.007,0.051,0.91871,,,2026-09-08 02:25:50
安徽省,长江流域,旌泾交界,2026-09-08 01:00,2,25.996,7.62,7.02,151.251,9.195,1.77,0.008,0.084,1.194,,,2026-09-08 02:25:50
安徽省,长江流域,水碧桥,2026-09-08 01:00,3,26.04,7.05,5.32,173.796,76.40459,2.79,0.005,0.049,1.32273,,,2026-09-08 02:25:50
福建省,浙闽片河流,闽侯竹岐,2026-09-08 01:00,2,28.02,6.86,7.05,87.11,12.5,1.98,0.026,0.041,1.189,,,2026-09-08 02:25:50
福建省,浙闽片河流,闽安,2026-09-08 02:00,3,28.25,6.84,6.36,124.61,134.35,4.04,0.133,0.15,2.034,,,2026-09-08 02:25:50
福建省,浙闽片河流,连江荷山渡口,2026-09-08 02:00,2,28.485,6.64,7.56,,0.462,1.78,0.042,0.058,0.727,,,2026-09-08 02:25:50
福建省,浙闽片河流,永泰横龙,2026-09-08 02:00,2,26.063,7.22,8.06,41.001,70.122,1.12,0.063,0.039,1.027,,,2026-09-08 02:25:50
福建省,浙闽片河流,闽清雄江,2026-09-08 02:00,2,30.08,8.68,9.51,117.033,6.82,2.68,0.007,0.048,1.207,,,2026-09-08 02:25:50
福建省,浙闽片河流,隘头潭,2026-09-08 02:00,3,28,6.32,5.92,97.343,3.46,0.41,0.017,0.01,0.8273,,,2026-09-08 02:25:50
福建省,浙闽片河流,将乐万全,2026-09-08 02:00,4,26.21,6.87,4.12,61.6,5.528,1.6,0.038,0.04,1.101,,,2026-09-08 02:25:50
福建省,浙闽片河流,宁化肖家,2026-09-08 02:00,2,25.983,6.98,7.48,70.679,12.288,1.63,0.035,0.088,0.964,,,2026-09-08 02:25:50
福建省,浙闽片河流,永安安砂水库下游,2026-09-08 02:00,3,25.149,6.55,5.7,63.609,15.39,2.11,0.023,0.053,1.103,,,2026-09-08 02:25:50
福建省,浙闽片河流,永安贡川桥,2026-09-08 00:00,2,25.6,6.96,7.99,88.31,26.53,1.98,0.031,0.056,1.4,,,2026-09-08 02:25:50
福建省,浙闽片河流,斑竹溪渡口,2026-09-08 02:00,2,26.102,6.96,8.21,91.391,19.262,1.59,0.01,0.055,1.457,,,2026-09-08 02:25:50
福建省,浙闽片河流,建宁袁庄,2026-09-08 02:00,2,25.147,7.02,10.33,67.378,12.025,1.29,0.023,0.083,1.274,,,2026-09-08 02:25:50
福建省,浙闽片河流,大田高才,2026-09-08 02:00,2,29.046,8.71,9.52,90.308,4.117,1.76,0.048,0.021,0.593,,,2026-09-08 02:25:50
福建省,浙闽片河流,尤溪拥口大桥,2026-09-08 02:00,2,24.44,7.05,7.24,76.484,182.63,2.42,0.21,0.086,1.8687,,,2026-09-08 02:25:50
福建省,浙闽片河流,永春东关桥,2026-09-08 02:00,2,24.91,6.14,7.04,75.7398,132.2442,1.62,0.181,0.07,2.822,,,2026-09-08 02:25:50
福建省,浙闽片河流,安溪罗内桥,2026-09-08 02:00,2,25.466,7.15,8.17,61.35,86.8,1.22,0.16,0.046,4.649,,,2026-09-08 02:25:50
福建省,浙闽片河流,南安霞东桥,2026-09-08 02:00,2,26.59,7.06,7.69,92.706,76.602,0.39,0.218,0.082,1.6898,,,2026-09-08 02:25:50
福建省,浙闽片河流,华安西陂,2026-09-08 02:00,2,24.60649,7.05,10.04,113.7824,56.30068,1.36,0.028,0.062,1.143,,,2026-09-08 02:25:50
福建省,浙闽片河流,南靖靖城桥,2026-09-08 02:00,2,26.12,6.52,7.64,129.3,73.53,1.08,0.106,0.034,5.8,,,2026-09-08 02:25:50
福建省,浙闽片河流,南靖洪濑汤坑桥,2026-09-08 02:00,2,26.295,6.26,7.6,184.3,60.87,0.85,0.042,0.089,12.902,,,2026-09-08 02:25:50
福建省,浙闽片河流,南溪浮宫桥,2026-09-08 02:00,3,27.82,6.71,6.47,222.646,97.931,1.76,0.213,0.128,3.7769,,,2026-09-08 02:25:50
福建省,浙闽片河流,上坂,2026-09-08 02:00,3,26.83,6.36,7.02,134.481,62.691,0.64,0.198,0.179,4.4117,,,2026-09-08 02:25:50
福建省,浙闽片河流,云霄高塘渡口,2026-09-08 02:00,3,26.99,6.63,6.76,112.685,24.068,0.57,0.308,0.149,4.676,,,2026-09-08 02:25:50
福建省,浙闽片河流,水汾桥,2026-09-08 02:00,2,26.29,6.94,7.52,111,25.59,1.67,0.06,0.041,1.401,,,2026-09-08 02:25:50
福建省,浙闽片河流,十里庵,2026-09-08 02:00,2,27.37,6.59,6.92,78.98,35.8,1.42,0.042,0.059,1.5,,,2026-09-08 02:25:50
福建省,浙闽片河流,邵武晒口桥,2026-09-08 02:00,2,27.59,7.16,7.58,95.44,12.18,1.02,0.03,0.039,0.929,,,2026-09-08 02:25:50
福建省,浙闽片河流,武夷山兴田,2026-09-08 01:00,2,26.39941,6.7,6.74,35.66121,9.4651,1.64,0.006,0.025,0.61854,,,2026-09-08 02:25:50
福建省,浙闽片河流,建瓯蓬墩,2026-09-08 02:00,3,27.793,6.8,5.76,54.43,8.15,1.49,0.154,0.064,1.127,,,2026-09-08 02:25:50
福建省,浙闽片河流,浪石,2026-09-08 02:00,2,27.592,6.66,6.34,72.891,4.593,1.65,0.068,0.055,1.089,,,2026-09-08 02:25:50
福建省,浙闽片河流,将乐樟应,2026-09-08 02:00,3,26.85876,6.87,5.87,61.746,6.36924,1.84,0.022,0.024,0.75,,,2026-09-08 02:25:50
福建省,浙闽片河流,建阳坪州大桥,2026-09-08 01:00,2,28.42,7.53,8.65,111.54,6.272,1.74,0.012,0.051,1.014,,,2026-09-08 02:25:50
福建省,浙闽片河流,政和西津,2026-09-08 01:00,2,27.92,7.16,7.37,79.568,15.183,2.02,0.057,0.037,1.203,,,2026-09-08 02:25:50
福建省,浙闽片河流,雁石桥,2026-09-08 02:00,2,25.09,7.62,9.41,246.217,30.341,0.97,0.073,0.092,1.172,,,2026-09-08 02:25:50
福建省,珠江流域,长汀美西桥,2026-09-08 02:00,3,24.52,6.84,7.17,87.271,11.746,1.67,0.116,0.112,0.932,,,2026-09-08 02:25:50
福建省,浙闽片河流,八都,2026-09-08 01:00,2,24.63,6.76,8.33,35.706,12.193,2.01,0.012,0.05,0.858,,,2026-09-08 02:25:50
福建省,浙闽片河流,古田黄田,2026-09-08 01:00,2,29.289,7.15,7.34,93.109,17.04,2.2,0.079,0.056,1.389,,,2026-09-08 02:25:50
江西省,长江流域,生米,2026-09-08 02:00,3,30.944,7.26,7.24,,3.195,2.5,0.128,0.151,0.687,,,2026-09-08 02:25:50
江西省,长江流域,滁槎,2026-09-08 01:00,3,25.57,6.16,6.05,97.24,107.99,2.47,0.283,0.124,3.801,,,2026-09-08 02:25:50
江西省,长江流域,塔城,2026-09-08 02:00,2,27.83,7.17,8.07,80.59,18.62,2.62,0.018,0.074,1.682,,,2026-09-08 02:25:50
江西省,长江流域,八一桥,2026-09-08 02:00,3,26.06,7.13,6.4,92.709,132.009,1.37,0.208,0.153,0.9239,,,2026-09-08 02:25:50
江西省,长江流域,焦石坝,2026-09-08 02:00,2,26.88,7.46,8.51,84.9,25.4,2.79,0.086,0.065,1.4187,,,2026-09-08 02:25:50
江西省,长江流域,鲇鱼山,2026-09-08 01:00,2,30.32,7.98,7.36,188.87,7.39,2.31,0.038,0.05,1.308,,,2026-09-08 02:25:50
江西省,长江流域,戴村,2026-09-08 02:00,2,29.987,7.28,6.68,529.04,15.58,2.25,0.144,0.031,0.987,,,2026-09-08 02:25:50
江西省,长江流域,南河河口,2026-09-08 02:00,4,28.4,6.9,4.9,237.48,7.16,2.12,0.036,0.115,2.212,,,2026-09-08 02:25:50
江西省,长江流域,镇埠,2026-09-08 02:00,2,28.59,7,6.16,90.23,1.17,1.8,0.022,0.041,0.88,,,2026-09-08 02:25:50
江西省,长江流域,龙山口,2026-09-08 02:00,2,25.35,7.94,7.31,214.258,10.934,2.12,0.086,0.05,0.7971,,,2026-09-08 02:25:50
江西省,长江流域,桐车湾,2026-09-08 02:00,2,26.12,7.87,6.88,304.33,9.805,1.65,0.133,0.098,1.6517,,,2026-09-08 02:25:50
江西省,长江流域,金鱼石,2026-09-08 02:00,2,26.21,7.62,7,260.12,7.35,1.35,0.02,0.076,1.658,,,2026-09-08 02:25:50
江西省,长江流域,邓家洲,2026-09-08 01:00,2,25.9,7.79,6.04,447.0812,6.08011,1.74,0.008,0.078,1.79239,,,2026-09-08 02:25:50
江西省,长江流域,吴城修河,2026-09-08 02:00,1,27.342,7.21,7.92,105.37,14.15,1.79,0.001,0.018,0.9173,,,2026-09-08 02:25:50
江西省,长江流域,姚港,2026-09-08 02:00,2,27.08,7.87,7.21,350.6,24.87,1.94,0.076,0.089,1.462,,,2026-09-08 02:25:50
江西省,长江流域,湖口,2026-09-08 02:00,2,26.9339,7.85,7.12,320.02,30.08,2.13,0.013,0.074,2.234,,,2026-09-08 02:25:50
江西省,长江流域,蛤蟆石,2026-09-08 02:00,4,26.22,6.81,6.63,112.38,78.55,2.8,,0.089,2.244,0.00519,286080,2026-09-08 02:25:50
江西省,长江流域,都昌,2026-09-08 02:00,3,26.81,7.09,6.98,127.76,117.87,2.83,,0.043,1.454,0.02871,1.352,2026-09-08 02:25:50
江西省,长江流域,潦河河口,2026-09-08 02:00,2,27.5,6.89,7.86,110.73,7.308,1.81,,0.05,1.1077,,,2026-09-08 02:25:50
江西省,长江流域,三都,2026-09-08 01:00,3,25.14,6.69,5.55,98.84,4.7,1.18,0.015,0.044,1.028,,,2026-09-08 02:25:50
江西省,长江流域,柘林湖坝上,2026-09-08 02:00,1,28.801,8.04,8.93,101.7,1.402,1.98,,0.009,0.589,,,2026-09-08 02:25:50
江西省,长江流域,洋港镇,2026-09-08 01:00,2,24.492,7.56,6.62,308.465,2.531,0.15,0.002,0.01,1.28794,,,2026-09-08 02:25:50
江西省,长江流域,共青城寨下,2026-09-08 02:00,2,27.4,7.87,9.52,385.8,12.9,3.38,0.038,0.049,1.579,,,2026-09-08 02:25:50
江西省,长江流域,罗坊,2026-09-08 02:00,2,27.56,7.5,7.12,209.912,28.132,3.12,0.11,0.098,1.2876,,,2026-09-08 02:25:50
江西省,长江流域,孔目江江口,2026-09-08 02:00,3,27.56,7.22,5.82,318.67,29.424,4.08,0.326,0.124,1.7402,,,2026-09-08 02:25:50
江西省,长江流域,傣家村,2026-09-08 02:00,3,27.76,,8.94,191.054,6.97,4.33,0.085,0.04,0.5775,0.01633,2.072856,2026-09-08 02:25:50
江西省,长江流域,白塔河河口,2026-09-08 02:00,3,26.8,6.66,5.57,70.126,5.24,1.58,0.092,0.047,0.7391,,,2026-09-08 02:25:50
江西省,长江流域,土桥,2026-09-08 02:00,2,27.54,7.27,6.91,112.238,5.014,2.74,0.052,0.063,1.0763,,,2026-09-08 02:25:50
江西省,长江流域,流口村,2026-09-08 02:00,2,28.91,6.95,6.84,112.834,7.961277,1.66,,0.068,1.132049,,,2026-09-08 02:25:50
江西省,长江流域,市自来水厂,2026-09-08 02:00,2,26.29,7.13,8.03,81.129,30.972,0.84,0.27,0.064,0.4906,,,2026-09-08 02:25:50
江西省,长江流域,新庙前,2026-09-08 02:00,2,26.66,6.94,6.96,93.131,28.487,2.13,0.229,0.066,1.5158,,,2026-09-08 02:25:50
江西省,长江流域,峡山,2026-09-08 02:00,3,26.76,7.28,7.76,84.49,27.781,2.1,0.124,0.153,0.5267,,,2026-09-08 02:25:50
江西省,长江流域,梅江江口,2026-09-08 02:00,3,27.76,7.12,6.43,83.859,22.833,2.51,0.22,0.113,0.9657,,,2026-09-08 02:25:50
江西省,长江流域,平江江口,2026-09-08 02:00,2,26.99,7.34,7.15,107.267,37.576,1.95,0.255,0.086,0.7414,,,2026-09-08 02:25:50
江西省,长江流域,上犹江江口,2026-09-08 02:00,2,25.9,7.21,7.83,68.321,24.991,1.68,0.218,0.039,0.383,,,2026-09-08 02:25:50
江西省,长江流域,龙南自来水厂,2026-09-08 02:00,2,25.07,7.31,7.88,87.105,12.636,1.32,0.129,0.043,0.9232,,,2026-09-08 02:25:50
江西省,长江流域,桃江江口,2026-09-08 02:00,3,25.09,7.03,6.94,109.901,35.269,2,0.272,0.12,1.2678,,,2026-09-08 02:25:50
江西省,长江流域,大余城郊,2026-09-08 02:00,2,24.38,7.25,8.8,66.433,20.467,0.76,0.247,0.046,0.8634,,,2026-09-08 02:25:50
江西省,长江流域,汝城多发电站,2026-09-08 02:00,4,22.74,6.65,3.8,78.32,5.85,1.24,0.087,0.023,0.767,,,2026-09-08 02:25:50
江西省,长江流域,金滩,2026-09-08 02:00,2,26.17,7.01,6.66,94.453,45.164,2.01,0.048,0.081,0.7803,,,2026-09-08 02:25:50
江西省,长江流域,孤江江口,2026-09-08 02:00,2,26.56,7.06,7.11,54.531,18.494,2.46,0.057,0.078,0.7249,,,2026-09-08 02:25:50
江西省,长江流域,禾水河口,2026-09-08 02:00,2,26.88,7.16,6.8,103.774,35.311,2.22,0.063,0.073,0.6967,,,2026-09-08 02:25:50
江西省,长江流域,遂川江江口,2026-09-08 02:00,2,24.84,7.17,7.58,63.568,163.002,0.85,0.177,,1.5492,,,2026-09-08 02:25:50
江西省,长江流域,乌江江口,2026-09-08 02:00,2,27.56,7.24,6.58,112.61,16.763,1.86,0.198,0.077,1.015,,,2026-09-08 02:25:50
江西省,长江流域,大洋洲,2026-09-08 02:00,1,25.06,7.11,8.36,85.327,66.883,,,,,,,2026-09-08 02:25:50
江西省,长江流域,高安市青州村,2026-09-08 02:00,2,28.19,7.73,6.68,193.6,6.3,2.08,0.01,0.074,1.414,,,2026-09-08 02:25:50
江西省,长江流域,良田村,2026-09-08 02:00,2,24.77,7.61,6.76,191.48,9.44,2.16,0.006,0.074,1.529,,,2026-09-08 02:25:50
江西省,长江流域,三洪村,2026-09-08 02:00,2,28.35,6.89,6.96,89.19,19.69,1.43,0.012,0.055,1.032,,,2026-09-08 02:25:50
江西省,长江流域,肖江江口,2026-09-08 02:00,3,28.151,7.18,7.51,238.179,13.067,4.26,0.039,0.062,1.45,,,2026-09-08 02:25:50
江西省,长江流域,修河港口,2026-09-08 02:00,1,24.91,6.97,7.72,39.74,2.52,0.48,0.011,0.01,0.558,,,2026-09-08 02:25:50
江西省,长江流域,超坊,2026-09-08 02:00,2,27.1,7.76,7.68,83.324,29.991,2.16,0.279,0.087,1.0131,,,2026-09-08 02:25:50
江西省,长江流域,钟岭水厂,2026-09-08 02:00,2,27.84,7.37,6.79,82.18,18.07,3.09,,0.07,1.3094,,,2026-09-08 02:25:50
江西省,长江流域,临水河口,2026-09-08 02:00,2,27.1,6.56,6.5,75.51,14.56,2.85,0.129,0.098,1.524,,,2026-09-08 02:25:50
江西省,长江流域,赵家湾,2026-09-08 02:00,2,29.497,7.21,6.71,160.546,10.5393,1.31,0.023,0.034,1.136,,,2026-09-08 02:25:50
江西省,长江流域,康山,2026-09-08 01:00,5,27.17,6.59,6.79,94.5,75.37,3.44,0.27,0.108,1.352,0.013,968000,2026-09-08 02:25:50
江西省,长江流域,野鸡山村,2026-09-08 02:00,2,30.06,8.1,8.71,719.57,11.56,1.89,0.024,0.022,0.698,,,2026-09-08 02:25:50
江西省,长江流域,瑞洪大桥,2026-09-08 02:00,3,30.63,7.06,5.53,134.65,19.2,1.82,,0.049,1.093,,,2026-09-08 02:25:50
江西省,长江流域,弋阳,2026-09-08 02:00,2,28.18,7.43,7.42,109.65,4.89,1.74,,0.06,0.889,,,2026-09-08 02:25:50
江西省,长江流域,鄱阳花园,2026-09-08 02:00,2,28.88,7.68,7.68,149.88,6.87,2.54,0.263,0.034,1.884,,,2026-09-08 02:25:50
江西省,长江流域,洎水河河口,2026-09-08 02:00,2,29.45,6.87,6.21,650.12,9.23,2.48,0.121,0.037,1.188,,,2026-09-08 02:25:50
江西省,长江流域,铅山,2026-09-08 02:00,2,29.65,7.62,8.47,142.75,6.34,2.33,0.045,0.083,0.553,,,2026-09-08 02:25:50
江西省,长江流域,旗山,2026-09-08 02:00,2,28.76,7.32,7.44,102.2,4.29,1.5,0.016,0.06,0.774,,,2026-09-08 02:25:50
江西省,长江流域,应家坊,2026-09-08 02:00,2,28.66,7.07,6.78,134.34,5.17,1.65,0.05,0.082,0.842,,,2026-09-08 02:25:50
山东省,淮河流域,辛丰庄,2026-09-08 02:00,2,26.524,7.56,9.44,1146.59,23.777,3.36,0.21,0.033,7.44,,,2026-09-08 02:25:50
山东省,黄河流域,泺口,2026-09-08 01:00,2,26.5,8.35,8.36,645.3,336.9,2.26,0.133,0.068,2.915,,,2026-09-08 02:25:50
山东省,淮河流域,睦里庄,2026-09-08 02:00,4,25.013,7.34,4.72,743.863,11.905,3.02,0.034,0.044,1.175,,,2026-09-08 02:25:50
山东省,黄河流域,卧虎山水库,2026-09-08 02:00,1,25.07,8.28,9.34,519.402,12.548,1.5,,0.013,3.996,,,2026-09-08 02:25:50
山东省,淮河流域,斜拉桥,2026-09-08 02:00,4,27.18,8.74,8.4,836.787,65.745,6.44,0.097,0.051,1.206,,,2026-09-08 02:25:50
山东省,淮河流域,马连庄,2026-09-08 02:00,2,25.083,7.63,8.55,915.31,4.494,2.58,,0.014,10.791,,,2026-09-08 02:25:50
山东省,淮河流域,墨水河入海口,2026-09-08 02:00,4,27.914,7.39,9.87,2214.61,21.38,8.77,0.686,0.3,7.46,,,2026-09-08 02:25:50
山东省,淮河流域,韩旺大桥,2026-09-08 02:00,2,26.234,7.76,6.58,854.088,5.081,2.19,0.014,0.014,21.27,,,2026-09-08 02:25:50
山东省,淮河流域,台儿庄大桥,2026-09-08 01:00,3,26.83,7.7,5.49,1221.23,12.52,3.16,0.155,0.056,2.823,,,2026-09-08 02:25:50
山东省,淮河流域,群乐桥,2026-09-08 01:00,5,20.63,7.77,5.39,2128.76,278.236,7.23,0.124,0.309,3.652,,,2026-09-08 02:25:50
山东省,淮河流域,王晁桥,2026-09-08 01:00,4,27.363,7.65,3.25,1186.52,20.359,3.35,0.058,0.118,5.568,,,2026-09-08 02:25:50
山东省,淮河流域,十字河大桥,2026-09-08 01:00,4,28.787,8.24,9.27,1241.14,4.015,6.09,0.005,0.046,0.458,,,2026-09-08 02:25:50
山东省,淮河流域,贾庄闸,2026-09-08 01:00,3,27.56,7.56,7.36,1140.99,16.124,4.19,,0.104,5.529,,,2026-09-08 02:25:50
山东省,淮河流域,支脉河陈桥,2026-09-08 02:00,2,23.446,7.24,7.3,30.405,16.64,,0.076,,2.912,,,2026-09-08 02:25:50
山东省,淮河流域,新夹河大桥,2026-09-08 01:00,3,23.99651,8.55,5.66,742.9426,2.0625,3.49,0.041,0.011,1.22411,,,2026-09-08 02:25:50
山东省,淮河流域,桥头,2026-09-08 02:00,6,24.28,9.42,13.92,821.534,49.17,10.69,0.039,0.216,5.027,,,2026-09-08 02:25:50
山东省,淮河流域,东村河入海口,2026-09-08 02:00,4,23.833,7.41,11.85,656.057,26.137,7.22,0.043,0.11,2.181,,,2026-09-08 02:25:50
山东省,淮河流域,羊口,2026-09-08 02:00,6,27.653,7.86,0.95,13390.14,58.227,6.87,0.594,0.164,3.843,,,2026-09-08 02:25:50
山东省,淮河流域,峡山水库库中,2026-09-08 02:00,3,26.86,8.8,9.47,744.81,48.06,5.34,,0.026,0.404,0.01468,1.733079,2026-09-08 02:25:50
山东省,淮河流域,柳疃桥,2026-09-08 02:00,3,27.13,7.59,8.78,1410.218,26.787,4.31,0.035,0.065,7.643,,,2026-09-08 02:25:50
山东省,淮河流域,张建桥,2026-09-08 02:00,3,26.184,7.78,11.82,2269.939,6.419,4.02,0.049,0.054,12.512,,,2026-09-08 02:25:50
山东省,淮河流域,兖州南大桥,2026-09-08 01:00,3,28.101,7.6,5.7,1056.97,13.476,4.19,0.027,0.072,0.8641,,,2026-09-08 02:25:50
山东省,淮河流域,105公路桥,2026-09-08 01:00,5,28.949,7.66,2.84,1704.56,54.893,5.26,0.156,0.172,3.566,,,2026-09-08 02:25:50
山东省,淮河流域,高河桥,2026-09-08 01:00,4,29.306,8.44,8.21,1389.68,22.691,7.98,0.011,0.093,1.493,,,2026-09-08 02:25:50
山东省,淮河流域,西石佛,2026-09-08 02:00,3,28.352,7.95,15.04,1131,9.82,4.11,0.05,0.05,3.438,,,2026-09-08 02:25:50
山东省,淮河流域,老运河微山段,2026-09-08 01:00,3,29.199,8.05,7.21,1344.56,13.823,4.16,0.018,0.031,1.199,,,2026-09-08 02:25:50
山东省,淮河流域,李集,2026-09-08 02:00,2,26.575,8.47,7.1,1034,25.955,3.9,0.005,0.061,1.714,,,2026-09-08 02:25:50
山东省,淮河流域,尹沟,2026-09-08 01:00,2,28.88,8.25,7.93,947.25,13.4,3.58,0.135,0.029,0.781,0.03,,2026-09-08 02:25:50
山东省,淮河流域,西支河入湖口,2026-09-08 01:00,4,29.607,8.53,12.33,1376.76,17.659,6.36,0.004,0.027,1.149,,,2026-09-08 02:25:50
山东省,淮河流域,东石佛,2026-09-08 01:00,3,28.315,8.01,8.86,1083.597,8.196,4.58,0.016,0.036,1.152,,,2026-09-08 02:25:50
山东省,淮河流域,西姚,2026-09-08 02:00,3,28.858,8.08,5.52,1294.5,31.405,4.1,0.051,0.167,2.619,,,2026-09-08 02:25:50
山东省,淮河流域,鲁桥,2026-09-08 01:00,3,28.679,8.05,5.71,1460.35,28.008,5.78,0.016,0.078,0.864,,,2026-09-08 02:25:50
山东省,淮河流域,牛庄闸,2026-09-08 01:00,2,29.163,8.27,11.43,963.902,21.039,3.42,0.024,0.001,0.923,,,2026-09-08 02:25:50
山东省,淮河流域,湘子庙,2026-09-08 02:00,6,27.5,8.08,0.58,1660.59,93.853,5.44,0.493,0.313,3.41044,,,2026-09-08 02:25:50
山东省,黄河流域,戴村坝,2026-09-08 01:00,2,28.61,7.79,7.44,826.27,2.33,2.52,0.061,0.016,2.502,,,2026-09-08 02:25:50
山东省,黄河流域,徐家汶,2026-09-08 02:00,3,24.06778,7.6,5.75,1335.788,1.839,1.77,0.139,0.053,36.1464,,,2026-09-08 02:25:50
山东省,淮河流域,南桥,2026-09-08 02:00,3,25.974,7.96,5.04,774.472,28.99,2.94,0.141,0.071,2.589,,,2026-09-08 02:25:50
山东省,淮河流域,大古镇,2026-09-08 02:00,3,27.54,7.15,8.92,871.98,20.18,4.8,0.003,0.134,4.5,,,2026-09-08 02:25:50
山东省,淮河流域,夏庄,2026-09-08 01:00,6,27.29,9.01,3.03,514.6,38,11.7,0.007,0.208,1.37628,,,2026-09-08 02:25:50
山东省,黄河流域,贺小庄,2026-09-08 02:00,2,27.333,7.68,7.94,816.544,12.051,3.57,0.104,,2.277,,,2026-09-08 02:25:50
山东省,淮河流域,临沂北大桥,2026-09-08 01:00,4,26.14,8.78,10.55,434.98,20.237,7.95,0.019,0.083,2.47,,,2026-09-08 02:25:50
山东省,淮河流域,捷庄,2026-09-08 02:00,4,27.95,8.01,27.6,647.795,17.084,8.89,0.049,0.102,1.377,,,2026-09-08 02:25:50
山东省,淮河流域,临沭大兴桥,2026-09-08 01:00,3,28.386,8.5,16.25,812.501,13,5.72,0.001,0.098,0.8,,,2026-09-08 02:25:50
山东省,淮河流域,310公路桥,2026-09-08 01:00,6,26.48,7.16,0.78,861.41,3.99,3.29,0.052,0.11,0.323,,,2026-09-08 02:25:50
山东省,淮河流域,沙沟桥,2026-09-08 01:00,4,24.42,7.43,4.39,784.78,5.56,3.46,0.105,0.057,3.314,,,2026-09-08 02:25:50
山东省,淮河流域,云蒙湖湖心,2026-09-08 01:00,3,23.19,8.9,9.94,416.3,9.1,4.65,0.054,0.023,3.011,0.01594,5066640,2026-09-08 02:25:50
山东省,海河流域,第三店,2026-09-08 02:00,2,27.526,8.25,7.09,797.645,32.118,2.67,0.041,0.092,4.125,,,2026-09-08 02:25:50
山东省,海河流域,董姑桥,2026-09-08 02:00,3,24.468,8.15,5.4,1142,35.115,3.66,0.046,0.001,0.877,,,2026-09-08 02:25:50
山东省,海河流域,油坊桥,2026-09-08 02:00,3,27.11,8.45,6.43,916.171,95.726,2.35,0.135,0.111,4.837,,,2026-09-08 02:25:50
山东省,海河流域,秤勾湾,2026-09-08 01:00,3,26.96,8.06,6.83,957.72,84.9,2.4,0.612,0.116,6.5401,,,2026-09-08 02:25:50
山东省,海河流域,北湖,2026-09-08 02:00,2,27.63,8.9,10.68,922.75,5.95,2.66,,0.012,1.399,0.00849,3123130,2026-09-08 02:25:50
山东省,海河流域,小泊头桥,2026-09-08 02:00,2,26.286,8.27,8.28,1077.973,29.947,2.17,0.036,0.067,3.8,,,2026-09-08 02:25:50
山东省,海河流域,胜利桥,2026-09-08 01:00,3,26.788,8.04,7.96,2037.338,19.773,5.6,0.042,0.103,2.623,,,2026-09-08 02:25:50
山东省,海河流域,富国,2026-09-08 01:00,4,26.211,8.25,6.99,1998.15,31.65,6.15,0.03,0.084,0.995,,,2026-09-08 02:25:50
山东省,海河流域,芦家河子水库,2026-09-08 02:00,6,26.497,9.22,10.37,817.825,23.408,4.25,0.016,0.036,1.013,,,2026-09-08 02:25:50
山东省,海河流域,三角洼水库,2026-09-08 02:00,2,25.672,8.42,9.61,1005.388,31.285,2.23,0.04,0.028,1.048,,,2026-09-08 02:25:50
山东省,淮河流域,西闸,2026-09-08 02:00,3,26.966,7.83,7,1730.095,15.16,4.12,0.47,0.122,5.392,,,2026-09-08 02:25:50
山东省,淮河流域,范李,2026-09-08 02:00,3,27.637,8.07,5.05,2007.68,26.268,5.09,0.292,0.184,5.606,,,2026-09-08 02:25:50
山东省,海河流域,大山,2026-09-08 01:00,4,26.663,8.09,6.06,2835.949,14.288,6.28,0.032,0.076,1.066,,,2026-09-08 02:25:50
山东省,海河流域,邵家,2026-09-08 02:00,5,27.939,7.62,13.44,6516.56,32.12,11.18,0.067,0.068,1.739,,,2026-09-08 02:25:50
山东省,淮河流域,于楼,2026-09-08 01:00,4,28.805,8.78,12.45,1770.11,32.061,6.2,0.007,0.122,1.095,,,2026-09-08 02:25:50
山东省,淮河流域,徐寨,2026-09-08 01:00,3,27.439,8.56,10.94,1667.77,35.907,5.7,,0.135,1.587,,,2026-09-08 02:25:50
河南省,黄河流域,七里铺,2026-09-08 01:00,3,27.6621,7.95,6.79,599.187,21.4939,2.83,0.06,0.131,4.032,,,2026-09-08 02:25:50
河南省,淮河流域,尖岗水库,2026-09-08 01:00,2,28.14,8.89,11.61,252.819,2.5197,2.54,,0.012,0.2739,,,2026-09-08 02:25:50
河南省,淮河流域,新郑黄甫寨,2026-09-08 02:00,2,28.16,7.94,12.17,813.53,17.24,3.39,0.002,0.024,3.1394,,,2026-09-08 02:25:50
河南省,淮河流域,通许邸阁,2026-09-08 02:00,3,27.82,7.81,5.96,917.67,76.51,4.34,0.047,0.101,0.842,,,2026-09-08 02:25:50
河南省,淮河流域,中牟陈桥,2026-09-08 02:00,4,28.81,8.39,8.26,721,49.75,6.51,,0.105,4.1683,,,2026-09-08 02:25:50
河南省,黄河流域,高崖寨,2026-09-08 01:00,2,27.66,8.3,7.34,516.19,4.84,1.82,0.027,0.037,2.362,,,2026-09-08 02:25:50
河南省,黄河流域,龙门大桥,2026-09-08 01:00,2,26.085,8.37,7.71,485.214,48.982,2.93,0.008,0.035,3.347,,,2026-09-08 02:25:50
河南省,淮河流域,紫罗山,2026-09-08 01:00,3,23.98192,7.97,7.09,249.287,88.82446,4.53,0.15,0.07,4.85001,,,2026-09-08 02:25:50
河南省,黄河流域,白马寺,2026-09-08 01:00,3,27.67,7.86,7.68,642.7,19.8,2.87,0.06,0.173,4.096,,,2026-09-08 02:25:50
河南省,黄河流域,潭头,2026-09-08 01:00,2,25.115,7.99,7.01,573.3,7.119,1.37,,0.011,2.546,,,2026-09-08 02:25:50
河南省,淮河流域,大陈闸,2026-09-08 01:00,2,29.16441,8.01,10.06,833.1857,7.46253,1.57,0.008,0.022,8.37936,,,2026-09-08 02:25:50
河南省,淮河流域,白龟山水库,2026-09-08 02:00,3,27.87,8.71,10.99,340.94,6.2,4.74,0.005,0.027,1.093,0.04011,2821000,2026-09-08 02:25:50
河南省,淮河流域,杨寨中村,2026-09-08 02:00,2,25.56,8.06,7.96,659.02,25.66,3.12,0.03,0.063,7.2,,,2026-09-08 02:25:50
河南省,淮河流域,舞钢石庄桥,2026-09-08 01:00,4,26.75185,7.56,4.81,872.5269,13.91144,2.48,0.075,0.179,6.41258,,,2026-09-08 02:25:50
河南省,海河流域,彰武水库,2026-09-08 01:00,2,27.832,8.21,8.83,568.9,4.37,2.13,,0.01,2.777,,,2026-09-08 02:25:50
河南省,海河流域,冯宿桥,2026-09-08 01:00,4,29.24,7.68,4.14,648.1452,11.13,3.29,0.12,0.057,4.253,,,2026-09-08 02:25:50
河南省,海河流域,五陵,2026-09-08 02:00,3,26.54,7.9,6.76,1176.6,70.2,2.41,0.025,0.149,7.065,,,2026-09-08 02:25:50
河南省,海河流域,石辛庄,2026-09-08 01:00,3,28.72,7.8,16.13,1189.47,7.217,4.55,0.097,0.079,7.3456,,,2026-09-08 02:25:50
河南省,海河流域,黄花营,2026-09-08 01:00,1,26.89,8.25,11.57,479.1415,2.852,0.98,,0.016,4.9429,,,2026-09-08 02:25:50
河南省,海河流域,前枋城,2026-09-08 02:00,2,23.638,7.92,7.17,549.88,6.158,1.16,0.004,,5.2685,,,2026-09-08 02:25:50
河南省,海河流域,卫河小河口,2026-09-08 01:00,3,26.34,7.93,8.3,1424.311,120.02,2.72,0.643,0.134,7.3223,,,2026-09-08 02:25:50
河南省,海河流域,修武水文站,2026-09-08 01:00,3,28.78,8.2,14.7,2905.087,56.76,5.41,0.45,0.187,7.8577,,,2026-09-08 02:25:50
河南省,海河流域,获嘉东碑村,2026-09-08 02:00,3,28.67,7.8,5.49,1559.85,73.04,5.31,0.063,0.145,4.339,,,2026-09-08 02:25:50
河南省,黄河流域,封丘陶北,2026-09-08 02:00,3,28.67,8.33,12.99,910.22,13.39,4.43,0.037,0.065,2.048,,,2026-09-08 02:25:50
河南省,黄河流域,封丘王堤,2026-09-08 02:00,3,28.5,7.66,6.42,861.45,97.62,3.37,0.104,0.115,2.6338,,,2026-09-08 02:25:50
河南省,海河流域,新乡贾太湖,2026-09-08 02:00,3,27.67,8.24,6.62,705.935,410.593,2.96,0.029,0.103,3.3246,,,2026-09-08 02:25:50
河南省,黄河流域,武陟渠首,2026-09-08 01:00,2,28.21,7.94,8.9,840.28,33.4,1.2,0.019,0.05,4.407,,,2026-09-08 02:25:50
河南省,黄河流域,孟州石井,2026-09-08 01:00,2,27.58258,8.06,7.34,56.14276,7.81949,,,,,,,2026-09-08 02:25:50
河南省,黄河流域,孟州还封村,2026-09-08 01:00,4,26.77526,7.71,4.65,1475.415,11.57695,2.48,0.867,0.16,12.13094,,,2026-09-08 02:25:50
河南省,海河流域,南乐元村集,2026-09-08 02:00,3,23.4,7.9,8.7,1113.04,121.06,2.79,0.049,0.147,6.602,,,2026-09-08 02:25:50
河南省,海河流域,南乐水文站,2026-09-08 01:00,4,26.84,8.01,4.41,683.3974,11.8,5.73,0.227,0.17,2.7655,,,2026-09-08 02:25:50
河南省,海河流域,濮阳西水坡,2026-09-08 01:00,2,28.83,8.85,6.67,833.28,3.13,2.81,0.079,0.01,0.707,,,2026-09-08 02:25:50
河南省,黄河流域,濮阳大韩桥,2026-09-08 02:00,5,26.26,7.36,2.68,808.38,70.96,4.6,0.244,0.151,1.083,,,2026-09-08 02:25:50
河南省,淮河流域,白沙水库,2026-09-08 02:00,3,27.3954,8.55,8.54,715.982,8.1874,4.21,0.017,0.021,3.4878,,,2026-09-08 02:25:50
河南省,淮河流域,召陵武湾,2026-09-08 01:00,2,28.34,8.26,7.9,618.9,28.33,3.79,0.029,0.069,4.078,,,2026-09-08 02:25:50
河南省,淮河流域,郾城漯邓桥,2026-09-08 01:00,3,27.6,7.79,6.22,1763.4,25.48,3.09,0.059,0.195,4,,,2026-09-08 02:25:50
河南省,淮河流域,叶舞公路桥,2026-09-08 02:00,2,26.972,7.49,7.05,286.79,26.691,4,0.007,0.096,2.335,,,2026-09-08 02:25:50
河南省,淮河流域,临颍高村桥,2026-09-08 01:00,3,28.21,7.79,7.32,1161.52,18.74,2.98,0.374,0.111,9.922,,,2026-09-08 02:25:50
河南省,淮河流域,舞阳马湾,2026-09-08 01:00,2,28.782,8.17,11.16,653.376,36.328,2.96,0.034,0.045,5.853,,,2026-09-08 02:25:50
河南省,黄河流域,洛河大桥,2026-09-08 02:00,2,,,,,,1.19,0.09,0.024,1.615,,,2026-09-08 02:25:50
河南省,长江流域,淅川荆紫关,2026-09-08 02:00,1,27.46153,8.37,7.76,326.8513,2.135406,1.64,0.004,0.016,1.01,,,2026-09-08 02:25:50
河南省,长江流域,淅川史家湾,2026-09-08 02:00,2,27.68,8.06,7.1,381.373,6.741,1.84,,0.016,1.3426,0.00177,,2026-09-08 02:25:50
河南省,长江流域,淅川高湾,2026-09-08 02:00,1,27.44,7.97,7.84,381.409,12.264,1.68,0.009,0.02,1.2756,0.0046,,2026-09-08 02:25:50
河南省,长江流域,淅川张营,2026-09-08 02:00,3,29.28,8.41,7.44,308.514,6.626,4.26,,0.026,1.3511,0.00555808,,2026-09-08 02:25:50
河南省,长江流域,五龙泉,2026-09-08 01:00,2,28.36,8.5,7.66,253.45,6.41,2.1,0.005,0.01,0.611,0.0019,705857.8,2026-09-08 02:25:50
河南省,长江流域,宋岗,2026-09-08 01:00,2,28.716,8.49,7.35,258.25,5.8025,1.45,0.008,0.008,0.651,0.002047,1088364,2026-09-08 02:25:50
河南省,长江流域,陶岔,2026-09-08 02:00,2,29.66,8.51,8.29,253.62,4.329,1.39,,0.013,0.7438,0.0016,760220,2026-09-08 02:25:50
河南省,长江流域,三道河,2026-09-08 02:00,1,23.802,8.19,8.07,596.632,,0.91,0.002,0.005,2.187,,,2026-09-08 02:25:50
河南省,长江流域,上河,2026-09-08 01:00,2,25.09,7.94,7.44,203.8168,5.12324,2.16,0.007,0.007,0.26705,,,2026-09-08 02:25:50
河南省,长江流域,方城夏河,2026-09-08 01:00,3,26.41,7.72,5.04,666.4941,41.426,2.46,0.04,0.089,5.202,,,2026-09-08 02:25:50
河南省,长江流域,内乡怀乡桥,2026-09-08 01:00,2,28.33251,7.66,11.49,391.5453,7.36967,2.15,0.01,0.02,1.89733,,,2026-09-08 02:25:50
河南省,淮河流域,新野溧河桥,2026-09-08 01:00,3,28.57881,7.61,6,383.1401,27.23092,4.3,0.003,0.104,1.25124,,,2026-09-08 02:25:50
河南省,淮河流域,吕楼桥,2026-09-08 02:00,6,26.62,7.67,1.55,1554.36,29.216,3.74,0.136,0.097,1.5603,,,2026-09-08 02:25:50
河南省,淮河流域,黄口,2026-09-08 02:00,3,28.25,8.14,19,1337.465,35.521,5.06,0.1,0.102,4.7122,,,2026-09-08 02:25:50
河南省,淮河流域,睢县板桥,2026-09-08 02:00,4,27.23,7.85,6.2,1297.84,80.91,6.78,0.179,0.115,4.986,,,2026-09-08 02:25:50
河南省,淮河流域,永城张板桥,2026-09-08 02:00,4,28.29,8.55,14.2,1276.74,96.83,6.5,0.012,0.162,1.543,,,2026-09-08 02:25:50
河南省,淮河流域,长台关甘岸桥,2026-09-08 01:00,2,27.38,7.52,6.03,308.13,19.85,3.97,,0.079,1.197,,,2026-09-08 02:25:50
河南省,淮河流域,息县大埠口,2026-09-08 01:00,2,26.74599,7.74,7.29,291.9997,19.48024,3.5,0.028,0.06,0.94924,,,2026-09-08 02:25:50
河南省,淮河流域,潢川水文站,2026-09-08 01:00,3,27.2553,6.92,6.38,184.856,53.1949,3.5,0.084,0.172,1.397,,,2026-09-08 02:25:50
河南省,淮河流域,淮滨北庙,2026-09-08 01:00,2,29,8.31,8.77,217.4748,29.80772,2.51,0.005,0.058,0.77041,,,2026-09-08 02:25:50
河南省,淮河流域,饮用水源地取水口,2026-09-08 02:00,3,27.69,8.8,11.04,170.85,6.4,4.13,0.002,0.022,0.575,0.062,30000,2026-09-08 02:25:50
河南省,淮河流域,竹竿铺,2026-09-08 01:00,2,27.59,9,10.12,179.52,18.33,3.12,0.033,0.059,0.62,,,2026-09-08 02:25:50
河南省,淮河流域,固始马罡,2026-09-08 01:00,6,27.5214,9.32,11.61,187.668,8.3741,4.96,0.032,0.058,0.6408,,,2026-09-08 02:25:50
河南省,淮河流域,老沈丘泉河桥,2026-09-08 02:00,2,29.01,7.93,10.22,1121.134,16.06,3.47,0.011,0.085,2.5695,,,2026-09-08 02:25:50
河南省,淮河流域,刘寨村后,2026-09-08 02:00,4,29.83,8.16,19.56,1241,14.14,6.36,0.041,0.058,2.1692,,,2026-09-08 02:25:50
河南省,淮河流域,西华大王庄,2026-09-08 02:00,3,26.9754,8.49,11.98,751.76,38.5931,5.15,0.086,0.111,3.625,,,2026-09-08 02:25:50
河南省,淮河流域,周口康店,2026-09-08 01:00,4,28.54,7.37,3.96,820.5022,17.13,3.61,0.248,0.088,4.6804,,,2026-09-08 02:25:50
河南省,淮河流域,商水双桥,2026-09-08 01:00,2,27.56,7.89,10.22,925.6963,18.4755,3.83,0.103,0.078,6.193,,,2026-09-08 02:25:50
河南省,淮河流域,鄢陵陶城闸,2026-09-08 01:00,3,27.3,7.82,5.95,1291.4,21.59,3.06,0.39,0.166,8.3709,,,2026-09-08 02:25:50
河南省,淮河流域,鹿邑付桥,2026-09-08 02:00,3,28.62,8.58,8.26,528.796,28.963,4.86,0.063,0.063,2.0008,,,2026-09-08 02:25:50
河南省,淮河流域,西华址坊,2026-09-08 02:00,3,27.54,8.02,7.38,968.91,27.61,3.14,0.02,0.127,4.795,,,2026-09-08 02:25:50
河南省,淮河流域,冯塘邱屯,2026-09-08 01:00,4,27.89,7.61,4.68,1004.855,22.68772,5.62,0.034,0.131,4.92132,,,2026-09-08 02:25:50
河南省,淮河流域,鹿邑宋河桥,2026-09-08 02:00,3,27.78,7.76,6.32,1498.63,46.2,5.82,0.146,0.105,4.442,,,2026-09-08 02:25:50
河南省,淮河流域,西平杨庄,2026-09-08 01:00,3,26.20626,7.84,6.67,1554.716,16.04261,2.78,0.053,0.139,5.09547,,,2026-09-08 02:25:50
河南省,淮河流域,板桥水库,2026-09-08 01:00,6,25.38,9.01,10.17,192.4953,6.88,5.13,0.012,0.029,0.506,,,2026-09-08 02:25:50
河南省,淮河流域,西平王孟寺,2026-09-08 01:00,4,26.1515,7.5,4.26,879.457,29.97144,,0.066,0.189,4.39505,,,2026-09-08 02:25:50
河南省,淮河流域,新蔡李桥,2026-09-08 01:00,4,28.494,8.02,6.44,952.495,29.695,2.5,0.104,0.25,3.171,,,2026-09-08 02:25:50
河南省,黄河流域,小浪底水库,2026-09-08 02:00,2,28.31,8.04,6.03,947.215,8.448,2.09,0.054,0.027,2.9754,,,2026-09-08 02:25:50
河南省,黄河流域,南山,2026-09-08 01:00,2,26.75766,8.38,9.46,804.3893,12.64766,2.14,0.006,0.018,2.97003,0.01357,5860906,2026-09-08 02:25:50
湖北省,长江流域,朱家河口,2026-09-08 01:00,3,28.673,7.38,5.26,516.438,41.495,4.24,0.023,0.124,4.025,,,2026-09-08 02:25:50
湖北省,长江流域,沐家泾,2026-09-08 02:00,6,28.96,9.32,14.54,196.089,200.471,4.72,0.004,0.069,0.423,,,2026-09-08 02:25:50
湖北省,长江流域,牛山湖湖心,2026-09-08 02:00,4,28,,12.42,186.753,16.067,6.16,,0.026,,0.00417,2.811633,2026-09-08 02:25:50
湖北省,长江流域,西梁子湖湖北,2026-09-08 02:00,3,27.6711,8.76,9.44,191.35,21.426,4.88,,0.035,0.323,0.00452,2.005458,2026-09-08 02:25:50
湖北省,长江流域,宗关,2026-09-08 02:00,2,26.937,8.4,8.69,346.9,9.571,2.21,0.002,0.057,1.388,0.010216,,2026-09-08 02:25:50
湖北省,长江流域,杨泗港,2026-09-08 02:00,2,27.23,7.7,7.46,250.896,51.27,1.24,,0.062,2.634,,,2026-09-08 02:25:50
湖北省,长江流域,冯集,2026-09-08 02:00,3,28.64,7.91,8.52,230.298,15.029,4.3,0.143,0.131,1.374,,,2026-09-08 02:25:50
湖北省,长江流域,龙口,2026-09-08 02:00,6,28.2,9.38,12.25,206.31,8.24,7.03,0.042,0.044,0.94,,,2026-09-08 02:25:50
湖北省,长江流域,金水闸,2026-09-08 02:00,3,28.7,8.43,25.4,281.98,14.6,5.62,0.043,0.046,0.923,,,2026-09-08 02:25:50
湖北省,长江流域,郭玉,2026-09-08 02:00,6,27.652,9.6,14.87,193.5,8.687,3.93,0.004,0.066,1.119,,,2026-09-08 02:25:50
湖北省,长江流域,滠口,2026-09-08 01:00,6,29.15,9.19,20.21,219.2042,37,4.25,0.09,0.093,1.3186,,,2026-09-08 02:25:50
湖北省,长江流域,港洲村,2026-09-08 02:00,2,27.72,7.54,6.46,426.15,26.255,3.67,0.032,0.098,1.334,,,2026-09-08 02:25:50
湖北省,长江流域,黄陵大桥,2026-09-08 02:00,3,27.945,8,7.83,409.015,14.769,4.54,0.01,0.071,1.793,,,2026-09-08 02:25:50
湖北省,长江流域,太平沙,2026-09-08 02:00,4,28.03,7.5,4.81,430,17.55,4.17,0.004,0.092,1.957,,,2026-09-08 02:25:50
湖北省,长江流域,白浒山,2026-09-08 02:00,2,26.72,7.77,6.7,295.6172,32.78803,2.21,0.025,0.099,1.642567,,,2026-09-08 02:25:50
湖北省,长江流域,挖沟泵站,2026-09-08 02:00,3,29.22206,7.42,7.66,1281.254,22.90139,4.4,0.023,0.109,1.919548,,,2026-09-08 02:25:50
湖北省,长江流域,富池闸,2026-09-08 02:00,2,28.48,8.03,10.49,226.4596,10.5732,2.71,0.014,0.044,1.031702,,,2026-09-08 02:25:50
湖北省,长江流域,大冶湖闸,2026-09-08 01:00,3,30.35,7.85,7.16,428.72,9.52,4.22,0.054,0.051,0.551,,,2026-09-08 02:25:50
湖北省,长江流域,夹河口,2026-09-08 01:00,3,23.96,7.65,5.27,286.3859,6.27,2.34,0.01,0.012,1.529,,,2026-09-08 02:25:50
湖北省,长江流域,天河口,2026-09-08 01:00,3,27.28,7.85,5.52,369.78,4.24,1.73,0.056,0.036,0.502,,,2026-09-08 02:25:50
湖北省,长江流域,焦家院,2026-09-08 02:00,3,23.49,7.63,5.99,238.05,8.202,1.62,0.019,0.019,0.9452,,,2026-09-08 02:25:50
湖北省,长江流域,孙家湾,2026-09-08 01:00,6,30.07,9.01,11.77,235.72,12.91,3.61,0.04,0.049,1.175,,,2026-09-08 02:25:50
湖北省,长江流域,浪河口,2026-09-08 01:00,2,29.81,8.4,7.98,179.6644,3.79,3.29,0.016,0.03,0.678,,,2026-09-08 02:25:50
湖北省,长江流域,丹江口水库坝上中,2026-09-08 02:00,1,30.02,8.54,9.96,229.351,5.270096,1.8,0.099,0.005,0.673,0.0184469,540000,2026-09-08 02:25:50
湖北省,长江流域,陈家坡,2026-09-08 01:00,2,27.76,8.81,10.57,218.04,6.6,3.06,0.026,0.019,0.9204,,,2026-09-08 02:25:50
湖北省,长江流域,潘口水库坝上,2026-09-08 02:00,6,28.48,9.06,13.31,170.8,6.7,2.81,,0.013,0.36,,,2026-09-08 02:25:50
湖北省,长江流域,剑河口,2026-09-08 01:00,2,29.66,8.87,11.02,203.24,2.27,2.54,0.013,0.029,0.971,,,2026-09-08 02:25:50
湖北省,长江流域,东湾桥,2026-09-08 01:00,3,26.04,7.96,7.25,468.9487,11.39,4.15,0.05,0.064,2.8544,,,2026-09-08 02:25:50
湖北省,长江流域,玉皇滩,2026-09-08 01:00,1,27.692,8.41,8.36,362.6,3.335,1.62,0.024,0.005,1.213,,,2026-09-08 02:25:50
湖北省,长江流域,神定河口,2026-09-08 01:00,3,29.3,7.82,6.36,631.205,18.929,2.74,0.053,0.162,10.41,,,2026-09-08 02:25:50
湖北省,长江流域,泗河口,2026-09-08 02:00,2,26.54,7.83,6.52,757.115,5.203,3.66,0.078,0.088,5.745,,,2026-09-08 02:25:50
湖北省,长江流域,王河电站,2026-09-08 01:00,1,27.66,8.18,7.69,386.6034,10.85,1.95,0.03,0.014,0.9481,,,2026-09-08 02:25:50
湖北省,长江流域,隔河岩水库坝上,2026-09-08 02:00,2,20.97,8.51,7.48,234.27,2.09,1.23,0.004,0.009,1.835,0.04033,2173268,2026-09-08 02:25:50
湖北省,长江流域,长沙坝,2026-09-08 02:00,2,28.038,8.36,8.25,470.925,2.966,2.27,0.012,0.025,1.888,,,2026-09-08 02:25:50
湖北省,长江流域,清江大桥,2026-09-08 02:00,3,21.5,7.47,5.86,325.324,6.25,1.31,,0.012,2.54,,,2026-09-08 02:25:50
湖北省,长江流域,南津关,2026-09-08 02:00,2,27.54,7.84,6.61,439.415,5.120726,1.67,0.002,0.039,1.9476,0.0178337,,2026-09-08 02:25:50
湖北省,长江流域,马渡河,2026-09-08 01:00,2,24.91,7.61,10.02,320.55,3.68,2.55,0.006,0.014,2.235,,,2026-09-08 02:25:50
湖北省,长江流域,铁路大桥,2026-09-08 02:00,2,26.39,7.78,8.39,536.5,10.2,1.76,0.056,0.032,1.697,,,2026-09-08 02:25:50
湖北省,长江流域,两河口,2026-09-08 01:00,2,28.59,7.61,7.74,575.7874,12.9531,2.53,0.015,0.043,3.2338,,,2026-09-08 02:25:50
湖北省,长江流域,桅杆坪,2026-09-08 02:00,3,19.83,7.39,5.72,281,1.11,1.11,0.002,0.03,2.892,,,2026-09-08 02:25:50
湖北省,长江流域,白石港,2026-09-08 02:00,2,27.85,8.1,7.28,318.865,2.704,1.98,0.001,0.006,1.211,,,2026-09-08 02:25:50
湖北省,长江流域,云池,2026-09-08 01:00,2,27.9,7.88,7.49,430.2,6.97,1.85,,0.036,1.757,,,2026-09-08 02:25:50
湖北省,长江流域,翟湾,2026-09-08 02:00,2,27.59,7.88,6.76,471.1375,28.75611,3.22,0.013,0.084,1.5893,,,2026-09-08 02:25:50
湖北省,长江流域,张湾,2026-09-08 01:00,2,28.23,7.86,14.09,404.2072,22.91,2.74,,0.061,1.559,,,2026-09-08 02:25:50
湖北省,长江流域,余家湖,2026-09-08 01:00,2,27.52,8.08,8.6,313.5804,22.82,2.33,0.036,0.018,1.128,,,2026-09-08 02:25:50
湖北省,长江流域,聂家滩,2026-09-08 01:00,2,27.46,8.3,8.01,296.454,33.38,2.34,0.043,0.035,1.412,,,2026-09-08 02:25:50
湖北省,长江流域,汤店,2026-09-08 01:00,3,29.41,7.45,7.35,638.7026,8.38,4.58,0.063,0.051,1.893,,,2026-09-08 02:25:50
湖北省,长江流域,沈湾,2026-09-08 02:00,2,17.89,7.67,6.05,329.4,5.8,1.84,0.016,0.012,1.334,,,2026-09-08 02:25:50
湖北省,长江流域,朱市,2026-09-08 01:00,2,27.95,7.84,6.88,518.8423,34.32,2.64,0.053,0.1,1.494,,,2026-09-08 02:25:50
湖北省,长江流域,茶庵,2026-09-08 01:00,1,28.26,8.47,8.89,338.4736,21.51,1.73,0.027,0.017,1.744,,,2026-09-08 02:25:50
湖北省,长江流域,马兰河口,2026-09-08 01:00,2,27.45,7.91,6.86,337,5.2,1.43,,0.037,1.756,,,2026-09-08 02:25:50
湖北省,长江流域,燕矶,2026-09-08 01:00,2,26.96,7.66,7.2,316.26,41.53,1.48,0.095,0.064,1.932,,,2026-09-08 02:25:50
湖北省,长江流域,东梁子湖湖心,2026-09-08 02:00,3,28.75,8.81,13.53,183.072,15.741,4.08,,0.047,0.266,,,2026-09-08 02:25:50
湖北省,长江流域,梁子湖七星站,2026-09-08 02:00,3,28.05,8.4,9.49,195.2424,23.38679,4.72,0.052,0.014,1.16954,0.03079568,,2026-09-08 02:25:50
湖北省,长江流域,漳河水库库心,2026-09-08 02:00,1,27.37,8.37,8.44,318.7725,1.3374,1.51,,0.0005,0.424,0.00027,9707000,2026-09-08 02:25:50
湖北省,长江流域,转斗,2026-09-08 02:00,2,26.78,8.45,10.54,396.32,11.9619,3.19,0.008,0.028,1.269,,,2026-09-08 02:25:50
湖北省,长江流域,罗汉闸,2026-09-08 02:00,2,26.99,7.98,8.23,376.39,25.22,0.89,0.023,0.059,1.4566,,,2026-09-08 02:25:50
湖北省,长江流域,京山河邓李港,2026-09-08 02:00,2,28.49,7.81,8.04,467.9204,18.8452,3.02,,0.096,1.572,,,2026-09-08 02:25:50
湖北省,长江流域,马良龚家湾,2026-09-08 01:00,4,27.832,7.35,3.41,2240.64,67.198,6.15,1.203,0.225,6.0283,,,2026-09-08 02:25:50
湖北省,长江流域,应城公路桥,2026-09-08 01:00,2,28.63,8.22,11.43,563.3,13.5252,2.16,0.0004,0.021,0.2321,,,2026-09-08 02:25:50
湖北省,长江流域,田店泵站,2026-09-08 02:00,2,28.44,7.91,8.24,512.74,5.3405,2.16,,0.026,0.32378,,,2026-09-08 02:25:50
湖北省,长江流域,垌冢桥,2026-09-08 02:00,3,27.432,7.48,5.58,388.446,8.671,2.72,0.03,0.108,1.719,,,2026-09-08 02:25:50
湖北省,长江流域,新沟闸,2026-09-08 02:00,2,28.86,8.75,14.17,381.73,9,3.28,,0.083,1.18,,,2026-09-08 02:25:50
湖北省,长江流域,小河,2026-09-08 02:00,2,27.56,8.33,9.83,363.49,23.54,2.93,0.041,0.052,1.853,,,2026-09-08 02:25:50
湖北省,长江流域,孝昌王店,2026-09-08 02:00,4,28.33,7.86,7.23,363,16.6725,6.74,0.088,0.143,1.5949,,,2026-09-08 02:25:50
湖北省,长江流域,孝感河口大桥,2026-09-08 02:00,3,27.79,8.06,8.2,282.272,15.608,4.71,0.011,0.072,1.3733,,,2026-09-08 02:25:50
湖北省,长江流域,大悟河口,2026-09-08 02:00,3,28.78,7.84,5.98,240.6,6.15,3.25,,0.026,0.2756,,,2026-09-08 02:25:50
湖北省,长江流域,安陆桑树,2026-09-08 02:00,2,28.3,8.01,8.64,491.51,8.4393,2.25,,0.019,0.38616,,,2026-09-08 02:25:50
湖北省,长江流域,隔蒲桥,2026-09-08 02:00,3,27.2,7.47,9.01,372.33,12.032,5.88,0.043,0.047,1.1393,,,2026-09-08 02:25:50
湖北省,长江流域,汉川新堰,2026-09-08 02:00,4,28.04,7.36,4.63,432.5,42.292,3.23,0.289,0.133,2.506,,,2026-09-08 02:25:50
湖北省,长江流域,杨柴湖,2026-09-08 02:00,3,25.5,7,5.19,354.4,20.7,3.68,,0.04,0.15,0.00316,2902300,2026-09-08 02:25:50
湖北省,长江流域,排水闸,2026-09-08 02:00,4,26.58,7.85,7.34,395.0255,29.3097,1.72,,0.061,1.695,0.00065,1.347821,2026-09-08 02:25:50
湖北省,长江流域,洪湖湖心,2026-09-08 02:00,2,28.3,8.37,11.21,362.876,27.152,2.61,0.009,0.023,1.371,0.0023,14270.5,2026-09-08 02:25:50
湖北省,长江流域,观音寺,2026-09-08 02:00,2,27.56,7.94,7.5,419.21,9.67,1.3,,0.04,2,,,2026-09-08 02:25:50
湖北省,长江流域,新刘家台,2026-09-08 02:00,2,29.054,7.77,6.66,397.8,6.715,2.05,0.016,0.036,1.8,,,2026-09-08 02:25:50
湖北省,长江流域,荆州河口,2026-09-08 01:00,2,29.1,7.9,14.46,528.0557,26.3372,3.4,,0.044,2.0261,,,2026-09-08 02:25:50
湖北省,长江流域,康家岗,2026-09-08 02:00,2,27.03,8.15,11.04,376.61,38.8112,1.71,,0.024,1.4546,,,2026-09-08 02:25:50
湖北省,长江流域,新河村,2026-09-08 02:00,4,28.189,7.44,3.25,423.75,17.1425,3.33,0.17,0.114,2.11,,,2026-09-08 02:25:50
湖北省,长江流域,新滩,2026-09-08 02:00,3,27.038,7.54,5.1,369.4,48.81,3.35,0.003,,1.48,,,2026-09-08 02:25:50
湖北省,长江流域,淤泥湖,2026-09-08 02:00,2,29.8,8.58,10.1,405.6,17.3,1.46,0.007,0.077,1.643,,,2026-09-08 02:25:50
湖北省,长江流域,杨家垱,2026-09-08 02:00,2,28.13,8.66,11.97,409.3,22.36,1.51,0.01,0.05,1.691,,,2026-09-08 02:25:50
湖北省,长江流域,调关,2026-09-08 02:00,2,27.37,7.93,7.61,396.9941,11.9567,1.29,,0.04,1.8367,,,2026-09-08 02:25:50
湖北省,长江流域,砖瓦厂,2026-09-08 02:00,2,28.08,7.99,7.27,490.5871,12.8948,1.33,0.023,0.042,2.1713,,,2026-09-08 02:25:50
湖北省,长江流域,三兴公,2026-09-08 01:00,2,26.206,7.66,11.7,603.221,6.89,2.48,0.072,0.04,0.715,,,2026-09-08 02:25:50
湖北省,长江流域,姚集,2026-09-08 02:00,2,28.5,7.7,6.73,447.6,8.1,2.14,0.021,0.053,1.634,,,2026-09-08 02:25:50
湖北省,长江流域,乌溪沟,2026-09-08 02:00,2,25.89482,7.99,8.31,345.5348,6.623224,1.32,0.02,0.037,1.71593,,,2026-09-08 02:25:50
湖北省,长江流域,白莲河水库坝上,2026-09-08 02:00,3,27.819,8.03,6.25,109,3.932,3.2,0.002,0.026,0.5401,0.010924,60384,2026-09-08 02:25:50
湖北省,长江流域,巴河镇河口,2026-09-08 02:00,2,28.676,8.1,8.21,190.434,6.175,3.08,,0.065,0.85,,,2026-09-08 02:25:50
湖北省,长江流域,兰溪大桥,2026-09-08 02:00,2,29.491,7.95,8.14,172.179,4.762,3.63,0.027,0.038,0.894,,,2026-09-08 02:25:50
湖北省,长江流域,中官铺,2026-09-08 02:00,2,27.244,6.83,7.19,298.628,38.82,1.92,,0.056,1.69,,,2026-09-08 02:25:50
湖北省,长江流域,蕲春县八里湖,2026-09-08 01:00,4,28.52,7.21,4.89,197.2192,57.05,2.84,0.176,0.163,1.7,,,2026-09-08 02:25:50
湖北省,长江流域,咸宁湖心,2026-09-08 02:00,4,27.96,8.8,11.06,211.046,15.278,6.46,0.046,0.049,0.918,0.01304,1.161176,2026-09-08 02:25:50
湖北省,长江流域,富水水库,2026-09-08 01:00,2,29.17,9,9.14,238.9569,11.66,2.73,0.022,0.025,0.548,0.01,2.3028,2026-09-08 02:25:50
湖北省,长江流域,窑嘴大桥,2026-09-08 01:00,3,28.69,7.47,5.97,394.7403,17.14,1.47,0.015,0.062,3.12,,,2026-09-08 02:25:50
湖北省,长江流域,陆溪口,2026-09-08 02:00,2,28.89,7.7,7.59,233.77,12.61,3.24,0.191,0.059,1.629,,,2026-09-08 02:25:50
湖北省,长江流域,洪下水文站,2026-09-08 02:00,2,26.8,8.95,13.32,143.6,7.22,1.87,0.001,0.056,1.08,,,2026-09-08 02:25:50
湖北省,长江流域,厉山,2026-09-08 01:00,4,27.86,7.58,4.75,543.9666,13.9,4.05,0.019,0.072,2.0458,,,2026-09-08 02:25:50
湖北省,长江流域,平林,2026-09-08 01:00,3,28.73,8.78,10.78,301.546,3.744,4.37,0.017,0.051,0.808,,,2026-09-08 02:25:50
湖北省,长江流域,涢水大桥,2026-09-08 01:00,3,28.99,8.5,12.48,409.8217,12.97,4.08,0.012,0.045,0.4251,,,2026-09-08 02:25:50
湖北省,长江流域,江口村,2026-09-08 01:00,1,28.16,8.63,10.78,182.56,5.577,0.77,,0.012,0.869,,,2026-09-08 02:25:50
湖北省,长江流域,恩施大沙坝,2026-09-08 01:00,3,23.34,7.54,6.86,340.71,5.4,1.98,0.164,0.105,3.627,,,2026-09-08 02:25:50
湖北省,长江流域,雪照河,2026-09-08 02:00,2,21.29,8.25,7.5,349.32,14.158,0.75,,0.03,2.794,,,2026-09-08 02:25:50
湖北省,长江流域,周家坝,2026-09-08 02:00,2,23.17,7.75,6.37,231.46,7.994,0.58,,0.005,2.084,,,2026-09-08 02:25:50
湖北省,长江流域,百福司镇,2026-09-08 02:00,1,25.295,7.55,7.82,233.348,0.947,0.97,0.011,0.017,1.215,,,2026-09-08 02:25:50
湖北省,长江流域,长顺乡,2026-09-08 02:00,1,21.85,7.54,8.41,226.332,2.863,0.8,0.008,0.009,1.344,,,2026-09-08 02:25:50
湖北省,长江流域,黄腊石,2026-09-08 01:00,2,27.141,7.4,6.94,366.484,13.247,1.39,0.005,0.053,2.925,,,2026-09-08 02:25:50
湖北省,长江流域,乐坪桥,2026-09-08 01:00,1,23.874,7.86,8.23,232.048,10.352,0.27,0.005,0.006,0.893,,,2026-09-08 02:25:50
湖北省,长江流域,积玉口荷花村,2026-09-08 01:00,5,28.23,7.43,2.25,410.2424,27.0405,4.33,0.067,0.072,1.464,,,2026-09-08 02:25:50
湖北省,长江流域,潜江大桥,2026-09-08 01:00,2,26.22,8.49,10.84,373.2795,18.43,2.97,,0.046,1.46,,,2026-09-08 02:25:50
湖北省,长江流域,运粮湖同心队,2026-09-08 01:00,4,28.343,7.44,3.6,458.75,28.465,3.14,0.043,0.089,2.181,,,2026-09-08 02:25:50
湖北省,长江流域,岳口,2026-09-08 01:00,2,27.5,8.3,7.75,371.8,14.74,1.62,0.036,0.052,1.674,,,2026-09-08 02:25:50
湖北省,长江流域,拖市,2026-09-08 01:00,3,28.07,7.44,5.09,448.2,45.91,3.92,0.001,0.088,1.1366,,,2026-09-08 02:25:50
湖北省,长江流域,阳日湾,2026-09-08 02:00,2,21.325,7.82,7.74,341.993,5.574,0.58,0.027,0.026,0.9317,,,2026-09-08 02:25:50
湖南省,长江流域,昭山,2026-09-08 01:00,2,25.1,7.06,6.77,181.9,164,2.24,,0.069,1.481,,,2026-09-08 02:25:50
湖南省,长江流域,捞刀河口,2026-09-08 01:00,2,27.35,7.01,8.16,231.5,4.891,2.75,0.044,0.076,1.777,,,2026-09-08 02:25:50
湖南省,长江流域,三角洲,2026-09-08 02:00,3,26.9,7.04,5.8,167.5,13.17,2.01,0.029,0.111,2.851,,,2026-09-08 02:25:50
湖南省,长江流域,胜利,2026-09-08 02:00,2,26.18,7.22,7.48,194.24,5.05,3.2,0.035,0.071,1.615,,,2026-09-08 02:25:50
湖南省,长江流域,桔子洲,2026-09-08 01:00,3,24.37,7.47,6.52,180.1399,118.3,2.56,0.157,0.122,2.4,,,2026-09-08 02:25:50
湖南省,长江流域,马家河,2026-09-08 02:00,3,24.9,7.48,8.01,179.17,80.81,2.63,,0.109,1.606,,,2026-09-08 02:25:50
湖南省,长江流域,渌水入河口,2026-09-08 02:00,2,25.9299,7.17,7.12,199.1152,7.3301,2.25,0.042,0.099,1.7,,,2026-09-08 02:25:50
湖南省,长江流域,涟水入河口,2026-09-08 02:00,2,27.62,7.62,6.62,322.13,23.61,3.48,0.021,0.07,1.4155,,,2026-09-08 02:25:50
湖南省,长江流域,西阳渡口,2026-09-08 02:00,2,24.03,7.76,8.27,318.35,6.037,1.74,0.024,0.035,0.749,,,2026-09-08 02:25:50
湖南省,长江流域,舂陵水入湘江口,2026-09-08 02:00,2,23.7921,7.83,8.7,257.3531,28.1341,1.32,0.036,0.061,1.3804,,,2026-09-08 02:25:50
湖南省,长江流域,耒水入湘江口,2026-09-08 02:00,3,24.8273,7.33,5.98,233.5391,15.4885,1.81,0.006,0.087,1.789,,,2026-09-08 02:25:50
湖南省,长江流域,熬洲,2026-09-08 01:00,3,24.31,7.1,8.23,127.0474,47.7964,2.07,0.128,0.123,1.1873,,,2026-09-08 02:25:50
湖南省,长江流域,大河滩,2026-09-08 02:00,2,23.1,7.24,7,215.84,10.61,1.58,0.043,0.084,2.057,,,2026-09-08 02:25:50
湖南省,长江流域,草市镇,2026-09-08 02:00,2,24.1225,6.32,8.74,60.4856,56.4748,2.18,0.044,0.068,0.958,,,2026-09-08 02:25:50
湖南省,长江流域,洣水入湘江口,2026-09-08 02:00,3,24.52,7.22,5.2,98.09,20.45,3.22,0.203,0.087,1.244,,,2026-09-08 02:25:50
湖南省,长江流域,城北水厂,2026-09-08 01:00,2,24,7.63,8.39,199.49,39.68,2.15,0.083,0.097,1.4828,,,2026-09-08 02:25:50
湖南省,长江流域,蒸水入湘江口,2026-09-08 02:00,4,26.268,7.35,4.35,269.2718,15.238,3.68,0.076,0.134,2.264,,,2026-09-08 02:25:50
湖南省,长江流域,塘渡口,2026-09-08 01:00,2,22.13,7.86,8.67,169.0546,35.0047,1.47,0.014,0.042,1.617,,,2026-09-08 02:25:50
湖南省,长江流域,窑市,2026-09-08 02:00,2,23.22,7.35,8.35,39.1446,6.9309,0.82,0.021,0.022,0.589,,,2026-09-08 02:25:50
湖南省,长江流域,渡头村,2026-09-08 02:00,2,23.65,7.73,7.75,191.351,16.7525,1.8,0.065,0.068,1.26,,,2026-09-08 02:25:50
湖南省,长江流域,邵水入河口,2026-09-08 02:00,3,25.43,7.49,7.08,353.698,18.502,2.63,0.37,0.101,2.308,,,2026-09-08 02:25:50
湖南省,长江流域,绥宁河口镇,2026-09-08 01:00,2,22.6412,7.66,9.27,90.7791,23.6211,1.14,0.016,0.032,0.8618,,,2026-09-08 02:25:50
湖南省,长江流域,藕池河东支入境,2026-09-08 01:00,1,29.341,7.51,7.86,,977.27,,,,,,,2026-09-08 02:25:50
湖南省,长江流域,岳阳楼,2026-09-08 02:00,4,26.45,7.41,6.56,183.4267,77.83188,2.16,0.004,0.055,1.1856,0.0008867,224587,2026-09-08 02:25:50
湖南省,长江流域,樟树港,2026-09-08 01:00,4,20.962,7.64,8.65,195.401,63.991,2.47,0.091,0.274,0.008,,,2026-09-08 02:25:50
湖南省,长江流域,城陵矶,2026-09-08 02:00,2,26.05,7.21,6.17,176.483,122.7929,2.89,0.011,0.059,0.6548,,,2026-09-08 02:25:50
湖南省,长江流域,荆江口,2026-09-08 01:00,2,27.78,7.83,6.76,418.8356,10.9219,0.73,0.05,0.036,1.9236,,,2026-09-08 02:25:50
湖南省,长江流域,六门闸,2026-09-08 01:00,2,27.17,8.6,10.83,423.7523,7.83,1.67,0.006,0.043,0.725,,,2026-09-08 02:25:50
湖南省,长江流域,南渡,2026-09-08 02:00,3,25.93,6.88,7.31,93.28,17.94,2.25,0.083,0.138,1.419,,,2026-09-08 02:25:50
湖南省,长江流域,八仙桥,2026-09-08 01:00,2,27.4,7.32,7.58,207.9714,4.6103,3.54,0.075,0.051,1.2497,,,2026-09-08 02:25:50
湖南省,长江流域,坡头,2026-09-08 02:00,2,28.25,7.97,9.03,211.1233,24.2263,0.77,,0.04,1.6331,0.0008124,,2026-09-08 02:25:50
湖南省,长江流域,蒋家嘴,2026-09-08 01:00,3,25.12,7.65,6.03,208.5757,23.794,1.41,0.06,0.033,1.3093,0.00206,3.2873,2026-09-08 02:25:50
湖南省,长江流域,澧水三江口,2026-09-08 01:00,2,27.30575,7.99,8.22,234.4251,6.01451,1.13,0.007,0.022,1.32824,,,2026-09-08 02:25:50
湖南省,长江流域,窑坡渡,2026-09-08 01:00,3,26.93,7.97,5.92,265.8276,20.577,1.33,0.065,0.03,1.5704,,,2026-09-08 02:25:50
湖南省,长江流域,马坡湖,2026-09-08 02:00,2,28.65,8.44,9.77,411.776,21.3028,2.08,,0.072,1.602,,,2026-09-08 02:25:50
湖南省,长江流域,陈家河,2026-09-08 02:00,2,27.759,7.99,7.18,201.51,4.374,1.2,,0.032,1.16,,,2026-09-08 02:25:50
湖南省,长江流域,永定澄潭,2026-09-08 02:00,2,27.44,8.01,6.31,219.73,3.383,0.97,0.009,0.023,0.528,,,2026-09-08 02:25:50
湖南省,长江流域,藕池河中支入境,2026-09-08 01:00,2,29.05,8.17,9.65,399.822,19.928,3.84,0.005,0.042,1.051,,,2026-09-08 02:25:50
湖南省,长江流域,万家嘴,2026-09-08 02:00,2,25.98,7.49,6.97,151.9106,18.67833,0.98,0.044,0.057,2.1431,0.0020148,201196.6,2026-09-08 02:25:50
湖南省,长江流域,南嘴,2026-09-08 02:00,3,28.09,7.87,6.89,285.957,81.87194,1.32,,0.05,1.6931,0.018625,596000.8,2026-09-08 02:25:50
湖南省,长江流域,小河嘴,2026-09-08 01:00,3,27.8,8.22,9.48,229.628,17.3637,1.44,,0.027,1.151,0.00605974,5.62967,2026-09-08 02:25:50
湖南省,长江流域,坪口,2026-09-08 02:00,2,26.11,7.95,9.06,217.4,17.558,1.3,0.023,0.028,1.472,,,2026-09-08 02:25:50
湖南省,长江流域,桃谷山,2026-09-08 02:00,2,25.39,7.69,6.4,175.547,20.663,1.06,,0.062,1.508,,,2026-09-08 02:25:50
湖南省,长江流域,头山,2026-09-08 01:00,1,26.78,8.19,8.02,126.32,2.75,0.54,,,0.4985,0.0051,7912000,2026-09-08 02:25:50
湖南省,长江流域,渡口大桥,2026-09-08 01:00,3,25.36,7.08,6.99,131.1,22.83,2.64,,0.11,1.4379,,,2026-09-08 02:25:50
湖南省,长江流域,绿埠头,2026-09-08 02:00,2,23.24,7.54,8.74,164.2,13.86,0.78,0.019,0.035,1.293,,,2026-09-08 02:25:50
湖南省,长江流域,诸葛庙,2026-09-08 02:00,2,24.5,7.23,8.09,146.84,33.11,1.53,0.02,0.056,1.002,,,2026-09-08 02:25:50
湖南省,长江流域,五强溪,2026-09-08 02:00,2,29.26,7.72,6.16,194.972,1.6874,0.93,,0.03,1.064,,,2026-09-08 02:25:50
湖南省,长江流域,铜信溪电站,2026-09-08 01:00,2,27.55,7.98,6.86,271.52,3.34,1.26,0.097,0.019,1.34,,,2026-09-08 02:25:50
湖南省,长江流域,地阳坪公路大桥,2026-09-08 01:00,2,24.81,7.12,7.66,96.0001,5.9371,1.4,,0.035,0.559,,,2026-09-08 02:25:50
湖南省,长江流域,托口渠水,2026-09-08 02:00,1,27.86,8.37,8.93,98.8,2.158,1.4,0.007,0.014,0.532,,,2026-09-08 02:25:50
湖南省,长江流域,舞水入河口,2026-09-08 02:00,2,27.89,7.87,6.18,324.2,1.288,1.39,0.048,0.068,1.644,,,2026-09-08 02:25:50
湖南省,长江流域,溪子口,2026-09-08 02:00,3,25.45,7.48,5.84,236.5,1.209,0.68,0.004,0.018,1.276,,,2026-09-08 02:25:50
湖南省,长江流域,球溪,2026-09-08 02:00,2,23.493,7.73,9.75,200.82,19.491,1.6,0.011,0.092,1.791,,,2026-09-08 02:25:50
湖南省,长江流域,街埠头,2026-09-08 02:00,2,25.99,7.7,7.79,344.314,6.6842,3.45,,0.074,2.143,,,2026-09-08 02:25:50
湖南省,长江流域,浦市上游,2026-09-08 01:00,2,27.85,7.8,7.28,177.34,4.23,0.91,0.009,0.034,1.025,,,2026-09-08 02:25:50
湖南省,长江流域,里耶镇,2026-09-08 02:00,2,24.84,7.96,6.99,229.96,4.33,0.84,0.027,0.017,1.24,,,2026-09-08 02:25:50
湖南省,长江流域,江口,2026-09-08 01:00,2,26.7,7.94,7.13,275.2015,1.9805,0.66,0.014,0.01,1.229,,,2026-09-08 02:25:50
湖南省,长江流域,武水汇合口,2026-09-08 01:00,2,28.04,7.71,7.23,183.676,5.1397,0.92,0.002,0.031,0.906,,,2026-09-08 02:25:50
广东省,珠江流域,蕉门,2026-09-08 02:00,3,29.145,7.55,5.11,5858.783,75.804,3.57,0.008,0.042,2.374,,,2026-09-08 02:25:50
广东省,珠江流域,洪奇沥,2026-09-08 02:00,4,27.598,7.6,5.17,243.791,237.82,6.08,0.005,0.059,1.844,,,2026-09-08 02:25:50
广东省,珠江流域,莲花山,2026-09-08 01:00,3,28.905,7.23,5.46,248.295,69.894,3.61,0.002,0.088,2.4,,,2026-09-08 02:25:50
广东省,珠江流域,流溪河山庄,2026-09-08 01:00,2,28.78,6.92,6.24,87.78,9.492,1.46,0.044,0.043,1.416,,,2026-09-08 02:25:50
广东省,珠江流域,官坦,2026-09-08 02:00,3,28.481,7.39,5.79,205.411,15.718,2.48,0.004,0.063,2.055,,,2026-09-08 02:25:50
广东省,珠江流域,大龙涌口,2026-09-08 02:00,4,28.408,7.03,4.58,227.034,14.496,1.64,0.123,0.066,2.26,,,2026-09-08 02:25:50
广东省,珠江流域,九龙潭,2026-09-08 01:00,2,27.857,6.69,7.7,73.592,,0.83,0.024,0.032,1.036,,,2026-09-08 02:25:50
广东省,珠江流域,增江口,2026-09-08 01:00,2,28.568,6.87,6.32,92.343,18.201,1.41,0.006,0.044,1.498,,,2026-09-08 02:25:50
广东省,珠江流域,鸦岗,2026-09-08 01:00,5,29.42,7,2.81,276.1,55.21,2.6,0.457,0.099,3.015,,,2026-09-08 02:25:50
广东省,珠江流域,大墩,2026-09-08 01:00,2,29.001,6.96,6.24,105.894,14.168,1.52,0.058,0.073,1.667,,,2026-09-08 02:25:50
广东省,珠江流域,十里亭,2026-09-08 02:00,2,25.037,8,8.22,229.136,21.918,0.93,0.052,0.052,1.544,,,2026-09-08 02:25:50
广东省,珠江流域,长坝,2026-09-08 02:00,2,26.158,7,7.71,77.121,24.237,1.89,0.005,0.053,1.081,,,2026-09-08 02:25:50
广东省,珠江流域,三溪桥,2026-09-08 02:00,2,25.7,8.04,8.12,365.65,13.63,1.12,,0.057,1.399,,,2026-09-08 02:25:50
广东省,珠江流域,高桥,2026-09-08 01:00,2,25.64563,7.39,7.2,151.3076,21.98367,1.27,0.022,0.078,1.36904,,,2026-09-08 02:25:50
广东省,珠江流域,深圳河口,2026-09-08 01:00,5,29.62586,6.73,2.97,1143.132,22.52434,1.2,0.602,0.139,2.70177,,,2026-09-08 02:25:50
广东省,珠江流域,小漠桥,2026-09-08 02:00,2,29.285,8.33,7.12,33280.98,5.572,2.27,0.046,0.019,1.06,,,2026-09-08 02:25:50
广东省,珠江流域,共和村,2026-09-08 01:00,5,28.47,7.1,2.25,627.748,10.192,4.26,1.975,0.191,5.669,,,2026-09-08 02:25:50
广东省,珠江流域,珠海大桥,2026-09-08 01:00,3,28.18,7.64,5.76,226.626,191.657,1.76,,0.092,2.066,,,2026-09-08 02:25:50
广东省,珠江流域,石角咀水闸,2026-09-08 01:00,4,30.5,7.24,3.39,424.722,139.456,2.54,0.156,0.15,2.988,,,2026-09-08 02:25:50
广东省,珠江流域,鸡啼门大桥,2026-09-08 02:00,3,28.84,7.56,5.14,324.9,228.6,2.24,,0.132,2.045,,,2026-09-08 02:25:50
广东省,珠江流域,布洲,2026-09-08 01:00,2,27.29,7.76,6.33,230.922,221.719,2.64,,0.075,3.22,,,2026-09-08 02:25:50
广东省,珠江流域,隆都,2026-09-08 01:00,2,26.589,6.87,7.48,94.713,122.461,2.95,0.008,0.071,4.173,,,2026-09-08 02:25:50
广东省,珠江流域,海门湾桥闸,2026-09-08 02:00,5,29,7.09,2.9,436.54,32.84,4.07,0.628,0.136,2.756,,,2026-09-08 02:25:50
广东省,珠江流域,升平,2026-09-08 02:00,2,27.095,7.41,8.42,550.566,265.305,2.41,0.112,,,,,2026-09-08 02:25:50
广东省,珠江流域,外砂,2026-09-08 01:00,2,27.401,6.98,7.54,98.425,134.81,2.81,0.024,0.051,1.477,,,2026-09-08 02:25:50
广东省,珠江流域,莲阳桥闸,2026-09-08 01:00,2,27.182,6.8,7.62,92.308,166.829,1.92,0.003,0.051,2.988,,,2026-09-08 02:25:50
广东省,珠江流域,大衙,2026-09-08 01:00,2,30.006,6.66,7.05,98.712,135.091,2.06,0.104,0.071,1.65633,,,2026-09-08 02:25:50
广东省,珠江流域,平洲,2026-09-08 02:00,3,27.952,7.45,5.73,183.39,17.609,2.09,0.085,0.047,2.143,,,2026-09-08 02:25:50
广东省,珠江流域,乌洲,2026-09-08 02:00,3,27.824,7.38,5.2,192.919,17.556,1.13,0.009,0.061,1.94,,,2026-09-08 02:25:50
广东省,珠江流域,苍山渡口,2026-09-08 02:00,4,29.16,7.53,4.37,4650.4,33.159,1.8,0.106,0.119,2.357,,,2026-09-08 02:25:50
广东省,珠江流域,牛湾,2026-09-08 02:00,6,28.87,6.48,1.69,114.94,16.55,3.67,0.029,0.145,2.704,,,2026-09-08 02:25:50
广东省,珠江流域,渠首,2026-09-08 02:00,3,30.68,8.71,7.58,120.73,21.17,5.72,,0.023,0.796,0.01967,7302555,2026-09-08 02:25:50
广东省,珠江流域,黄坡,2026-09-08 01:00,-1,,,,,,,,,,,,2026-09-08 02:25:50
广东省,珠江流域,山角,2026-09-08 02:00,2,30.54,8.49,10.54,135.26,6.04,3.88,0.015,0.031,2.154,,,2026-09-08 02:25:50
广东省,珠江流域,运河管理局,2026-09-08 02:00,4,30.71,8.57,8.14,120.16,38.94,6.49,,0.015,0.835,,,2026-09-08 02:25:50
广东省,珠江流域,排里,2026-09-08 01:00,3,31.18,8.39,12.33,168.03,13.38,5.72,0.014,0.09,1.812,,,2026-09-08 02:25:50
广东省,珠江流域,南渡河桥,2026-09-08 02:00,4,31.1,6.62,4.81,170.99,19.1,4.75,0.712,0.065,3.676,,,2026-09-08 02:25:50
广东省,珠江流域,营仔,2026-09-08 02:00,4,30.32,7.34,7.68,169.26,13.59,6.09,0.032,0.077,1.697,,,2026-09-08 02:25:50
广东省,珠江流域,黄竹尾水闸,2026-09-08 01:00,3,31.3,7.34,5.72,140.52,25.76,4.48,,0.088,1.891,,,2026-09-08 02:25:50
广东省,珠江流域,塘口,2026-09-08 02:00,2,30.2,8.7,10.2,115.93,6.8,2.8,,0.087,1.835,,,2026-09-08 02:25:50
广东省,珠江流域,石碧,2026-09-08 01:00,3,30.069,6.36,5.58,320.849,44.586,3.97,0.372,0.159,3.919,,,2026-09-08 02:25:50
广东省,珠江流域,石骨水库,2026-09-08 02:00,3,30.445,,9.36,68.4,3.731,2.42,0.02,0.028,0.427,,,2026-09-08 02:25:50
广东省,珠江流域,良德水库,2026-09-08 02:00,1,30.2,7.91,8.42,62.786,14.129,1.71,,0.004,0.082,0.00709,2756000,2026-09-08 02:25:50
广东省,珠江流域,江口门,2026-09-08 00:00,3,29.42,6.83,6.28,116.93,44.58,3.02,0.015,0.116,2.179,,,2026-09-08 02:25:50
广东省,珠江流域,米急渡,2026-09-08 02:00,3,28.62,6.91,5.4,110.713,40.395,2.12,0.183,0.104,2.187,,,2026-09-08 02:25:50
广东省,珠江流域,梁村,2026-09-08 01:00,2,27.4768,7.35,6.73,162.2058,36.75735,1.64,0.012,0.089,2.152,,,2026-09-08 02:25:50
广东省,珠江流域,封开城上,2026-09-08 02:00,2,27.792,7.68,6.77,267.879,123.566,1.37,0.002,0.053,4.98,,,2026-09-08 02:25:50
广东省,珠江流域,白沙街,2026-09-08 01:00,2,28.264,7.69,7.29,200.644,5.354,1.69,0.014,0.048,1.485,,,2026-09-08 02:25:50
广东省,珠江流域,黄岗,2026-09-08 01:00,3,27.911,7.54,5.33,207.501,182.795,3.97,0.005,0.107,5.493,,,2026-09-08 02:25:50
广东省,珠江流域,永安,2026-09-08 02:00,3,27.716,7.31,5.52,220.726,159.186,3.09,0.002,0.041,5.12,,,2026-09-08 02:25:50
广东省,珠江流域,紫溪,2026-09-08 02:00,5,27.693,7.24,6.43,391.784,12.637,3.02,1.69,0.153,5.77,,,2026-09-08 02:25:50
广东省,珠江流域,东江江口,2026-09-08 02:00,2,26.61,6.91,7.42,88.54565,32.48513,1.08,0.007,0.031,1.818,,,2026-09-08 02:25:50
广东省,珠江流域,博罗城下,2026-09-08 02:00,2,27.155,6.95,6.33,107.664,20.46,1.8,0.022,0.059,2.012,,,2026-09-08 02:25:50
广东省,珠江流域,惠州汝湖,2026-09-08 01:00,2,27.349,6.8,6.63,90.167,20.2,1.4,0.009,0.046,1.695,,,2026-09-08 02:25:50
广东省,珠江流域,沙河河口,2026-09-08 02:00,4,29.157,6.77,4.47,239.354,23.494,1.84,0.376,0.101,2.005,,,2026-09-08 02:25:50
广东省,珠江流域,马安大桥下,2026-09-08 02:00,2,27.898,6.56,6.19,58.567,29.48,2.45,0.174,0.076,1.849,,,2026-09-08 02:25:50
广东省,珠江流域,虎爪断桥,2026-09-08 02:00,4,30.126,7.27,4.05,4845.686,94.698,3.94,1.338,0.2,6.327,,,2026-09-08 02:25:50
广东省,珠江流域,公庄河口,2026-09-08 01:00,3,28.9,7,7.06,154.6,93.1,2.61,0.039,0.15,1.814,,,2026-09-08 02:25:50
广东省,珠江流域,青溪,2026-09-08 01:00,3,27.22705,6.94,5.24,109.6952,17.69916,,0.052,0.06,1.05733,,,2026-09-08 02:25:50
广东省,珠江流域,大麻,2026-09-08 02:00,2,26.855,7.02,7.08,101.749,141.957,2.61,0.001,0.071,4.072,,,2026-09-08 02:25:50
广东省,珠江流域,西阳电站,2026-09-08 02:00,3,27.384,7,5.86,110.539,37.472,2.36,0.05,0.09,2.194,,,2026-09-08 02:25:50
广东省,珠江流域,五丰渡口,2026-09-08 02:00,4,25.73,6.7,7.74,60.5,406.2,6.02,0.282,0.071,4.6549,,,2026-09-08 02:25:50
广东省,珠江流域,海丰西闸,2026-09-08 02:00,4,29.67,6.84,4.55,59.9,4.1,2.89,0.116,0.04,0.594,,,2026-09-08 02:25:50
广东省,珠江流域,陆丰半湾水闸,2026-09-08 01:00,2,28.056,7.13,8.36,57.075,12.413,1.16,0.028,0.04,1.273,,,2026-09-08 02:25:50
广东省,珠江流域,东溪水闸,2026-09-08 02:00,5,30.58,6.63,2.64,164.365,68.512,4.24,0.409,0.054,1.294,,,2026-09-08 02:25:50
广东省,珠江流域,庙咀里,2026-09-08 02:00,2,25.038,6.78,8.46,79.11,41.507,1.54,0.046,0.044,1.972,,,2026-09-08 02:25:50
广东省,珠江流域,龙川城铁路桥,2026-09-08 01:00,2,28.411,6.98,7.71,90.782,16.499,2.05,0.014,0.036,1.421,,,2026-09-08 02:25:50
广东省,珠江流域,江城,2026-09-08 00:00,3,29.29,6.84,6.1,113.273,11.174,3.04,0.173,0.113,1.374,,,2026-09-08 02:25:50
广东省,珠江流域,尖山,2026-09-08 01:00,4,29.88,6.6,4.32,147.98,31.33,4.48,0.33,0.164,2.31,,,2026-09-08 02:25:50
广东省,珠江流域,埠场,2026-09-08 02:00,3,29.5,6.68,5.26,186.598,34.676,3.91,0.17,0.153,1.845,,,2026-09-08 02:25:50
广东省,珠江流域,大泉,2026-09-08 01:00,4,30.56,6.63,3.92,1137.9,13.3,3.3,0.49,0.109,2.115,,,2026-09-08 02:25:50
广东省,珠江流域,北江石尾,2026-09-08 02:00,2,26.302,7.48,7.64,162.332,22.455,1.34,0.019,0.062,1.368,,,2026-09-08 02:25:50
广东省,珠江流域,石角,2026-09-08 02:00,2,27.3125,7.56,8.12,161.9198,24.95273,1.39,0.005,0.05,1.808,,,2026-09-08 02:25:50
广东省,珠江流域,连江西牛,2026-09-08 01:00,2,25.793,7.98,8.15,220.773,11.618,1.25,0.009,0.039,1.202,,,2026-09-08 02:25:50
广东省,珠江流域,樟村,2026-09-08 02:00,5,30.16,6.98,2.48,360.052,6.03,2.94,1.322,0.15,5.37,,,2026-09-08 02:25:50
广东省,珠江流域,沙田泗盛,2026-09-08 01:00,4,28.36,6.42,3.11,206.76,72.56,2.66,0.012,0.087,2.253,,,2026-09-08 02:25:50
广东省,珠江流域,旗岭,2026-09-08 02:00,4,29.51,6.94,3.61,336.82,29.31,2.66,0.854,0.206,4.511,,,2026-09-08 02:25:50
广东省,珠江流域,石龙南河,2026-09-08 01:00,2,27.92,6.8,6.28,126.51,25.843,1.64,0.04,0.083,2.143,,,2026-09-08 02:25:50
广东省,珠江流域,中山港码头,2026-09-08 02:00,3,28.19,7.58,6.2,240.46,179.263,1.56,0.24,0.121,2.925,,,2026-09-08 02:25:50
广东省,珠江流域,赤凤,2026-09-08 01:00,-1,,,,,,,,,,,,2026-09-08 02:25:50
广东省,珠江流域,凤江桥,2026-09-08 01:00,3,27.472,6.84,6.91,101.937,56.287,2.48,0.136,0.145,2.798,,,2026-09-08 02:25:50
广东省,珠江流域,隆溪大道桥,2026-09-08 01:00,2,27.562,6.38,6.66,89.328,16.92,1.56,0.114,0.064,1.606,,,2026-09-08 02:25:50
广东省,珠江流域,龙石,2026-09-08 02:00,5,28.374,6.79,2.1,188.428,23.856,2.93,0.848,0.142,3.41,,,2026-09-08 02:25:50
广东省,珠江流域,龟山塔,2026-09-08 02:00,2,27.73,6.93,6.6,77.737,13.461,1.04,0.143,0.085,1.3085,,,2026-09-08 02:25:50
广东省,珠江流域,古封,2026-09-08 01:00,2,27.94,7.7,6.22,236.3,102.52,1.82,0.087,0.048,2.964,,,2026-09-08 02:25:50
广东省,珠江流域,都骑,2026-09-08 01:00,2,27.612,7.58,7.08,230.457,91.268,3.36,0.007,0.04,4.035,,,2026-09-08 02:25:50
广西壮族自治区,珠江流域,老口,2026-09-08 02:00,2,27.30434,7.71,7.25,295.0269,53.8034,1.15,,0.036,3.42482,,,2026-09-08 02:25:50
广西壮族自治区,珠江流域,叮当,2026-09-08 02:00,2,27.72,7.56,8.12,299.776,12.76,1.5,0.026,0.076,3.9308,,,2026-09-08 02:25:50
广西壮族自治区,珠江流域,六景,2026-09-08 01:00,2,27.27,7.71,6.44,291.69,76.74,1.95,,0.044,2.776,,,2026-09-08 02:25:50
广西壮族自治区,珠江流域,雁江,2026-09-08 01:00,3,27.78318,7.85,5.85,358.7024,5.87679,1.31,0.009,0.025,2.04344,,,2026-09-08 02:25:50
广西壮族自治区,珠江流域,白马,2026-09-08 02:00,2,26.79,7.82,6.53,382.93,9.6,1.54,0.012,0.041,2.631,,,2026-09-08 02:25:50
广西壮族自治区,珠江流域,渔村,2026-09-08 01:00,2,29.273,8.02,7.89,210.329,3.407,1.52,0.004,0.031,1.54,,,2026-09-08 02:25:50
广西壮族自治区,珠江流域,木洞,2026-09-08 02:00,1,28.286,7.63,7.54,87.011,0.016,0.36,0.041,0.004,0.624,,,2026-09-08 02:25:50
广西壮族自治区,珠江流域,龙溪,2026-09-08 02:00,2,27.12,7.59,7.17,103.717,0.89,1.2,0.009,0.045,1.546,,,2026-09-08 02:25:50
广西壮族自治区,珠江流域,阳朔,2026-09-08 01:00,2,26.32,8.16,8.4,229.042,4.06,1.39,0.019,0.051,1.951,,,2026-09-08 02:25:50
广西壮族自治区,珠江流域,交州,2026-09-08 01:00,1,23.984,7.06,7.58,65.048,4.111,1.31,0.018,0.016,0.622,,,2026-09-08 02:25:50
广西壮族自治区,珠江流域,京南,2026-09-08 01:00,2,28.67642,7.54,6.73,181.7456,4.13638,1.09,0.01,0.049,1.42636,,,2026-09-08 02:25:50
广西壮族自治区,珠江流域,亚桥,2026-09-08 01:00,3,27.71,7.27,8.63,186.602,85.958,2.09,0.015,0.122,2.788,,,2026-09-08 02:25:50
广西壮族自治区,珠江流域,东边埇,2026-09-08 02:00,2,26.96,6.63,6.86,69.5456,19.9458,1.88,0.018,0.07,1.581,,,2026-09-08 02:25:50
广西壮族自治区,珠江流域,南域,2026-09-08 01:00,3,28.87,7.03,6.65,378.0788,10.84897,4.09,0.025,0.112,3.4697,,,2026-09-08 02:25:50
广西壮族自治区,珠江流域,西门江,2026-09-08 02:00,3,28.61,6.8,5.59,266.474,31.369,3.26,0.132,0.156,3.2177,,,2026-09-08 02:25:50
广西壮族自治区,珠江流域,高速公路桥,2026-09-08 02:00,2,28.94,7.18,6.95,134.07,11.32,3.66,0.044,0.094,1.8529,,,2026-09-08 02:25:50
广西壮族自治区,珠江流域,三滩,2026-09-08 01:00,-1,,,,,,,,,,,,2026-09-08 02:25:50
广西壮族自治区,珠江流域,边贸码头,2026-09-08 01:00,2,28.35,6.93,7.61,67.24,6.34,1.48,0.332,0.086,1.568,,,2026-09-08 02:25:50
广西壮族自治区,珠江流域,高塘,2026-09-08 02:00,2,27.54,6.48,7.44,60.39,19.91,1.91,0.033,0.064,1.807,,,2026-09-08 02:25:50
广西壮族自治区,珠江流域,茅岭大桥,2026-09-08 02:00,2,28.1,6.57,7.11,105.58,16.69,1.95,,0.062,1.046,,,2026-09-08 02:25:50
广西壮族自治区,珠江流域,钦江东,2026-09-08 01:00,2,27.73324,7.47,7,674.0247,169.5403,2.82,0.121,0.049,2.77694,,,2026-09-08 02:25:50
广西壮族自治区,珠江流域,高速公路西桥,2026-09-08 02:00,4,29.09,6.95,4.19,986.17,65.59,3.92,0.201,0.146,3.379,,,2026-09-08 02:25:50
广西壮族自治区,珠江流域,武林渡口,2026-09-08 02:00,2,27.687,7.77,6.72,291.781,94.07,2.68,0.117,0.048,4.49,,,2026-09-08 02:25:50
广西壮族自治区,珠江流域,火电厂,2026-09-08 02:00,2,27.519,7.63,6.29,252.746,115.687,2.93,0.006,0.048,2.958,,,2026-09-08 02:25:50
广西壮族自治区,珠江流域,自良渡口,2026-09-08 01:00,2,27.08,7.09,6.67,120.3612,26.36782,1.4,0.002,0.069,2.23912,,,2026-09-08 02:25:50
广西壮族自治区,珠江流域,横塘,2026-09-08 01:00,3,28.68,7.27,7.09,342.4567,12.85025,2.55,0.002,0.142,3.17098,,,2026-09-08 02:25:50
广西壮族自治区,珠江流域,隘屯,2026-09-08 02:00,2,23.72899,7.97,9.85,351.2854,7.03812,2.39,,0.016,1.715892,,,2026-09-08 02:25:50
广西壮族自治区,珠江流域,公篓,2026-09-08 02:00,1,27.51,8.25,8.38,286.97,5.75,0.96,0.03,0.016,1.268,,,2026-09-08 02:25:50
广西壮族自治区,珠江流域,桂花,2026-09-08 01:00,2,25.64,7.05,6.3,160.3304,5.28292,1.46,0.014,0.066,1.52227,,,2026-09-08 02:25:50
广西壮族自治区,珠江流域,贺街,2026-09-08 02:00,2,26.3,7.77,7.63,228.38,14.257,0.74,0.042,0.049,1.532,,,2026-09-08 02:25:50
广西壮族自治区,珠江流域,杨民,2026-09-08 02:00,2,27.219,7.87,6.87,357.368,1.337,1.12,0.035,0.021,1.988,,,2026-09-08 02:25:50
广西壮族自治区,珠江流域,岩滩水库,2026-09-08 01:00,1,27.707,8.07,10.03,322.388,6.172,1.42,0.01,0.007,2.012,0.034674,2764069,2026-09-08 02:25:50
广西壮族自治区,珠江流域,车渡,2026-09-08 02:00,2,26.162,7.75,6.64,381.232,17.129,0.77,0.009,0.025,2.76,,,2026-09-08 02:25:50
广西壮族自治区,珠江流域,垒亭,2026-09-08 01:00,2,25.78489,7.68,6.58,374.9273,6.71842,0.67,0.01,0.017,2.01365,,,2026-09-08 02:25:50
广西壮族自治区,珠江流域,象州运江老街,2026-09-08 02:00,2,28.429,7.84,6.76,211.896,8.978,0.91,0.003,0.022,1.468,,,2026-09-08 02:25:50
广西壮族自治区,珠江流域,勒马,2026-09-08 02:00,2,27.571,7.79,6.14,309.592,3.613,0.92,0.004,0.03,2.55,,,2026-09-08 02:25:50
广西壮族自治区,珠江流域,渠立,2026-09-08 02:00,1,26.92,7.68,8.5,265.161,69.849,1.51,,0.02,2.574,,,2026-09-08 02:25:50
广西壮族自治区,珠江流域,棉江,2026-09-08 02:00,2,27.67,7.7,6.62,218.199,62.242,1.36,,0.022,2.2724,,,2026-09-08 02:25:50
海南省,珠江流域,龙塘,2026-09-08 01:00,3,34.5,6.64,5.99,,0.4,2.79,0.024,0.1,1.735,,,2026-09-08 02:25:50
海南省,珠江流域,儒房,2026-09-08 02:00,2,29.7,7.47,6.51,6326.59,12.6,3.45,0.16,0.08,1.309,,,2026-09-08 02:25:50
海南省,珠江流域,后黎村,2026-09-08 02:00,2,29.7,7.03,6.12,90.6,29.6,2.71,0.021,0.068,1.124,,,2026-09-08 02:25:50
海南省,珠江流域,林家村,2026-09-08 02:00,2,30.39,7.17,7.44,145.09,14.99,1.19,0.046,0.032,2.143,,,2026-09-08 02:25:50
海南省,珠江流域,崖城大桥,2026-09-08 01:00,2,28.3,6.58,7.27,148.94,36.1,1.64,0.008,0.073,3.341,,,2026-09-08 02:25:50
海南省,珠江流域,藤桥河大桥,2026-09-08 02:00,2,29.72,7.48,7.54,765.28,12.63,2.01,0.013,0.059,1.294,,,2026-09-08 02:25:50
海南省,珠江流域,松涛水库南丰库心,2026-09-08 01:00,2,30.33791,7.69,6.88,76.98061,1.059423,0.67,0.0003,0.006,0.2007005,0.01835339,2791397,2026-09-08 02:25:50
海南省,珠江流域,上村桥,2026-09-08 02:00,2,29.1,6.94,7.19,139.2,41.2,3.55,0.011,0.079,2.057,,,2026-09-08 02:25:50
海南省,珠江流域,中和桥,2026-09-08 02:00,3,29.4,7.06,5.61,137.6,36.5,4.32,0.041,0.116,1.624,,,2026-09-08 02:25:50
海南省,珠江流域,汀洲,2026-09-08 01:00,2,29.38,6.65,6.02,94.09,5.07,0.97,0.028,0.061,0.94,,,2026-09-08 02:25:50
海南省,珠江流域,龙江,2026-09-08 01:00,2,28.51,7.21,7.09,82.07,13.38,2.91,0.031,0.059,0.867,,,2026-09-08 02:25:50
海南省,珠江流域,溪仔村,2026-09-08 02:00,2,28.9,6.72,6.57,92.5,3.37,2.1,0.006,0.031,0.817,,,2026-09-08 02:25:50
海南省,珠江流域,羊头外村桥,2026-09-08 01:00,4,31.74,7.13,6.18,257.19,41.18,6.08,0.031,0.109,1.462,,,2026-09-08 02:25:50
海南省,珠江流域,农垦橡胶所一队,2026-09-08 02:00,2,28.6,6.92,7.23,68.6,7.2,0.4,0.013,0.014,1.396,,,2026-09-08 02:25:50
海南省,珠江流域,水涯新区,2026-09-08 01:00,5,29,6.76,2.95,139.9,18.1,3.55,0.914,0.085,2.219,,,2026-09-08 02:25:50
海南省,珠江流域,分洪桥,2026-09-08 02:00,2,31.58,7.66,10.65,87.7,15.5,3.05,0.004,0.028,0.486,,,2026-09-08 02:25:50
海南省,珠江流域,后山村,2026-09-08 01:00,6,31.72,6.89,0.89,132.186,24.0112,3.88,0.397,0.16,2.339,,,2026-09-08 02:25:50
海南省,珠江流域,大广坝水库出口,2026-09-08 02:00,4,26.025,7.05,6.99,64.243,72.958,2.04,0.058,0.056,1.289,0.005405,4650820,2026-09-08 02:25:50
海南省,珠江流域,罗带铁路桥,2026-09-08 02:00,6,29,7.24,5.41,2468.1,43.4,5.99,0.217,0.44,3.372,,,2026-09-08 02:25:50
海南省,珠江流域,山口,2026-09-08 02:00,2,29.99,6.99,6.19,90.47,18.47,2.2,0.021,0.03,0.838,,,2026-09-08 02:25:50
海南省,珠江流域,白仞滩电站,2026-09-08 02:00,3,29.5,7.22,6.08,134.2,29.3,3.5,0.039,0.162,1.956,,,2026-09-08 02:25:50
海南省,珠江流域,大风,2026-09-08 02:00,2,27.4707,6.48,6.52,96.10757,57.28177,1.93,,0.063,1.212358,,,2026-09-08 02:25:50
海南省,珠江流域,叉河口,2026-09-08 02:00,2,28.2,7.14,7.01,189.6,91.8,2.32,0.014,0.053,2.649,,,2026-09-08 02:25:50
海南省,珠江流域,乐中,2026-09-08 02:00,2,27.6,7.2,7.44,85.8,26,1.38,,0.031,0.826,,,2026-09-08 02:25:50
海南省,珠江流域,跨界桥,2026-09-08 02:00,2,28.4,8.17,9.62,86.7,21.9,2.89,,0.058,1.703,,,2026-09-08 02:25:50
海南省,珠江流域,群英大坝,2026-09-08 02:00,2,29.4,7.45,8.01,90.6,9.5,1.8,,0.038,0.971,,,2026-09-08 02:25:50
海南省,珠江流域,大溪村,2026-09-08 02:00,2,29.6,7.15,7.34,170.8,13.1,1.86,0.031,0.056,1.114,,,2026-09-08 02:25:50
重庆市,长江流域,晒网坝,2026-09-08 02:00,2,26.72,7.91,6.67,389.0957,17.243,1.6,0.023,0.046,1.814,,,2026-09-08 02:25:50
重庆市,长江流域,向家,2026-09-08 01:00,2,26.84,8.02,8.2,183.563,15.265,3.26,,0.04,1.198,,,2026-09-08 02:25:50
重庆市,长江流域,磨刀溪长滩,2026-09-08 02:00,3,26.46,8.99,17.79,163.409,13.682,4.02,0.001,0.036,0.699,,,2026-09-08 02:25:50
重庆市,长江流域,清溪场,2026-09-08 01:00,2,26.45,8.03,7.47,428.4723,18.959,0.98,,0.042,1.346,,,2026-09-08 02:25:50
重庆市,长江流域,木瓜洞,2026-09-08 01:00,3,29.66,7.71,6.94,284.5208,81.7137,5.22,,0.134,2.319,,,2026-09-08 02:25:50
重庆市,长江流域,寸滩,2026-09-08 01:00,2,26.27,8.02,7.94,444.115,23.034,1.56,0.091,0.064,1.718,,,2026-09-08 02:25:50
重庆市,长江流域,和尚山,2026-09-08 02:00,2,26.95,7.95,7.29,398.4,21.75,1.22,0.182,0.073,1.505,,,2026-09-08 02:25:50
重庆市,长江流域,北温泉,2026-09-08 02:00,1,28.791,8.04,8.14,339.251,15.4771,1.62,,0.011,1.78,,,2026-09-08 02:25:50
重庆市,长江流域,寨溪大桥,2026-09-08 01:00,2,29.14,8.05,7.51,1064.701,15.5075,2.69,0.067,0.051,2.202,,,2026-09-08 02:25:50
重庆市,长江流域,石门坎,2026-09-08 01:00,3,27.28,8.05,5.97,496.02,0.62,3.18,,0.018,1.108,,,2026-09-08 02:25:50
重庆市,长江流域,玉滩水库,2026-09-08 01:00,3,30.7,8.35,11.98,351.3036,18.32595,5.82,0.019,0.008,0.8685,0.04563202,1.367122,2026-09-08 02:25:50
重庆市,长江流域,御临镇,2026-09-08 02:00,2,31.69,8.51,19.66,377.034,11.223,3.94,,0.028,1.192,,,2026-09-08 02:25:50
重庆市,长江流域,黎家乡崔家岩村,2026-09-08 01:00,3,30.88,8.11,6.35,342.8,11.13,4.42,0.057,0.038,0.845,,,2026-09-08 02:25:50
重庆市,长江流域,运输桥,2026-09-08 01:00,4,28.04,7.41,3.22,344.4232,8.0514,4.82,0.024,0.101,0.75,,,2026-09-08 02:25:50
重庆市,长江流域,六剑滩,2026-09-08 02:00,3,29.99,8.77,10.84,306.9,22.38,5.42,0.017,0.079,1.226,,,2026-09-08 02:25:50
重庆市,长江流域,支坪街道,2026-09-08 01:00,2,30.15,8.12,6.42,409.403,37.5611,2.92,0.06,0.058,2.312,,,2026-09-08 02:25:50
重庆市,长江流域,江津大桥,2026-09-08 02:00,2,25.44,8.11,7.77,401.09,32.82,1.03,,0.043,1.689,,,2026-09-08 02:25:50
重庆市,长江流域,朱杨溪,2026-09-08 01:00,3,31.45,7.91,6.33,672.09,12.45,4.48,0.007,0.141,4.323,,,2026-09-08 02:25:50
重庆市,长江流域,北渡,2026-09-08 02:00,2,29.19,7.97,6.6,576.6122,20.847,1.74,0.126,0.055,2.086,,,2026-09-08 02:25:50
重庆市,长江流域,白杨溪,2026-09-08 02:00,2,28.84,7.87,8.02,120.8,9.226,3.37,,0.039,1.226,,,2026-09-08 02:25:50
重庆市,长江流域,太和,2026-09-08 02:00,2,30.34,8.15,8.71,375.18,13.3,2.14,0.002,0.023,1.783,,,2026-09-08 02:25:50
重庆市,长江流域,官渡,2026-09-08 02:00,6,32.29,9.04,24.48,296.8457,8.96,3.91,0.004,0.04,1.507,,,2026-09-08 02:25:50
重庆市,长江流域,临渡,2026-09-08 02:00,2,31.81,8.58,15.17,348.3,9.082,2.2,0.007,0.019,1.797,,,2026-09-08 02:25:50
重庆市,长江流域,渠江码头,2026-09-08 02:00,3,32,8.9,20.4,263.682,14.842,4.24,,0.037,1.472,,,2026-09-08 02:25:50
重庆市,长江流域,黄桷,2026-09-08 02:00,3,28.22,7.77,5.78,626.278,6.949,2.57,0.008,0.053,1.733,,,2026-09-08 02:25:50
重庆市,长江流域,朱沱,2026-09-08 02:00,2,25.22,8.1,7.47,403,12.86,1.32,0.005,0.053,1.093,,,2026-09-08 02:25:50
重庆市,长江流域,四明水厂,2026-09-08 02:00,4,30.48,8.03,8.1,389.1,22,6.78,,0.086,1.026,,,2026-09-08 02:25:50
重庆市,长江流域,金狮桥,2026-09-08 02:00,1,20.51,8.22,8.71,214.718,4.245,1.21,,0.006,0.826,,,2026-09-08 02:25:50
重庆市,长江流域,璧南河两河口,2026-09-08 01:00,4,30.55,7.31,8.04,720.852,14.692,6.21,0.008,0.08,2.375,,,2026-09-08 02:25:50
重庆市,长江流域,中和,2026-09-08 02:00,4,30.41,8.63,22.7,559.6,14.2,7.15,0.031,0.101,0.975,,,2026-09-08 02:25:50
重庆市,长江流域,玉溪,2026-09-08 01:00,2,27.56,7.73,7.49,416.7745,8.3976,1.77,0.025,0.028,1.906,,,2026-09-08 02:25:50
重庆市,长江流域,高洞电站,2026-09-08 01:00,4,31.297,8.52,13.28,674.783,6.736,6.51,,0.049,2.05,,,2026-09-08 02:25:50
重庆市,长江流域,巫山乡,2026-09-08 02:00,2,26.84,7.82,7,259.142,15.572,3.6,0.02,0.096,1.358,,,2026-09-08 02:25:50
重庆市,长江流域,上河坝,2026-09-08 02:00,3,31.14,8.05,6.88,610.62,5.35,5.18,0.057,0.079,0.523,,,2026-09-08 02:25:50
重庆市,长江流域,芙蓉洞码头,2026-09-08 02:00,1,29.86,8.44,10.31,216.13,9.47,0.72,,0.009,1.111,,,2026-09-08 02:25:50
重庆市,长江流域,鸭江镇,2026-09-08 02:00,2,28.28,7.85,7.47,501.668,5.475,2.54,0.001,0.067,2.836,,,2026-09-08 02:25:50
重庆市,长江流域,江口镇,2026-09-08 02:00,2,26.634,7.96,6.54,324.51,1.709,0.74,,0.012,1.572,,,2026-09-08 02:25:50
重庆市,长江流域,白马,2026-09-08 01:00,2,25.22,7.84,8.17,398.947,7.967,0.57,0.001,0.03,3.015,,,2026-09-08 02:25:50
重庆市,长江流域,土堡寨,2026-09-08 01:00,1,20.05,8.23,9.02,467.961,1.866,0.38,,0.003,0.871,,,2026-09-08 02:25:50
重庆市,长江流域,水寨子,2026-09-08 01:00,2,22.64,7.9,6.55,243.339,6.304,1.39,,0.012,0.412,,,2026-09-08 02:25:50
重庆市,长江流域,湖海场,2026-09-08 02:00,2,26.79,7.99,7.54,237.15,16.954,3.03,,0.061,1.359,,,2026-09-08 02:25:50
重庆市,长江流域,卫星桥,2026-09-08 01:00,2,29.75,8,6.73,339.1499,13.089,3.1,0.007,0.038,,,,2026-09-08 02:25:50
重庆市,长江流域,高洞梁,2026-09-08 01:00,2,30.61,8.08,9.77,417.692,29.484,2.88,0.017,0.036,0.258,,,2026-09-08 02:25:50
重庆市,长江流域,苏家,2026-09-08 01:00,2,25.89,7.85,6.65,407.4926,43.0344,1.7,,0.053,2.205,,,2026-09-08 02:25:50
重庆市,长江流域,清水湖渡口,2026-09-08 02:00,6,27.02,9.13,23.9,188.312,4.9424,1.23,0.004,0.022,1.0136,,,2026-09-08 02:25:50
重庆市,长江流域,小江河口,2026-09-08 01:00,2,28.8,8.76,12.89,353.87,5.8,3.97,0.007,0.031,1.4993,,,2026-09-08 02:25:50
重庆市,长江流域,汤溪河江口,2026-09-08 01:00,1,23.54,8.02,7.9,300.424,17.371,0.54,,0.007,0.688,,,2026-09-08 02:25:50
重庆市,长江流域,罗汉大桥,2026-09-08 02:00,2,28.37,8.28,8.44,294.61,9.38,0.94,0.004,0.021,1.219,,,2026-09-08 02:25:50
重庆市,长江流域,白帝城,2026-09-08 02:00,2,26.85,7.92,7.14,360.534,29.34,1.49,,0.048,2.137,,,2026-09-08 02:25:50
重庆市,长江流域,培石,2026-09-08 01:00,2,26.9262,7.73,6.87,405.6107,14.6902,1.24,0.096,0.058,2.5264,,,2026-09-08 02:25:50
重庆市,长江流域,化杠,2026-09-08 01:00,2,21.62,7.74,7.58,177.85,10.28,2.44,,0.075,2.4356,,,2026-09-08 02:25:50
重庆市,长江流域,万木,2026-09-08 01:00,3,24.3,7.73,5.93,426.44,1.9,0.77,0.0005,0.034,3.423,,,2026-09-08 02:25:50
重庆市,长江流域,红花村,2026-09-08 01:00,1,25.579,8.51,13.41,203.161,3.806,1.49,,0.012,1.579,,,2026-09-08 02:25:50
重庆市,长江流域,南洞沟,2026-09-08 01:00,1,25.87,8.34,7.91,317.712,5.042,0.61,,0.016,0.709,,,2026-09-08 02:25:50
重庆市,长江流域,郁江桥,2026-09-08 01:00,2,27.5,7.82,7.13,352.832,7.067,1.13,0.01,0.022,1.159,,,2026-09-08 02:25:50
四川省,长江流域,二江寺,2026-09-08 02:00,2,22.65,7.87,6.25,418.8,39.7,1.46,0.069,0.064,2.061,,,2026-09-08 02:25:50
四川省,长江流域,岳店子下,2026-09-08 01:00,3,27.48973,7.94,5.58,467.0496,5.15027,1.52,0.023,0.093,2.7112,,,2026-09-08 02:25:50
四川省,长江流域,三邑大桥,2026-09-08 00:00,2,23.32,8.1,6.78,307.33,16.49,1.19,,0.022,1.5471,,,2026-09-08 02:25:50
四川省,长江流域,宏缘,2026-09-08 02:00,2,27.3,8.21,6.81,512.98,7.42,1.6,0.029,0.068,2.577,,,2026-09-08 02:25:50
四川省,长江流域,李家湾,2026-09-08 02:00,3,30.55,8.12,7.63,457.8,7.3,2.44,0.003,0.119,3.028,,,2026-09-08 02:25:50
四川省,长江流域,廖家堰,2026-09-08 02:00,3,31.078,7.84,7.41,749.306,17.515,5.2,0.052,0.12,2.509,,,2026-09-08 02:25:50
四川省,长江流域,脚仙村,2026-09-08 02:00,3,30.38,8.05,7.45,484.3,15.8,1.61,0.009,0.105,3.279,,,2026-09-08 02:25:50
四川省,长江流域,龙洞,2026-09-08 01:00,1,21.39,8.19,8.01,642,14.081,1.1,0.004,0.014,0.84153,,,2026-09-08 02:25:50
四川省,长江流域,倮果,2026-09-08 01:00,1,22.63,8.19,7.62,634.5019,21.54105,,0.007,0.018,1.05516,,,2026-09-08 02:25:50
四川省,长江流域,雅砻江口,2026-09-08 01:00,1,19.408,7.6,8.51,258.6331,7.2704,1.52,0.0004,0.008,0.5163,,,2026-09-08 02:25:50
四川省,长江流域,柏枝,2026-09-08 01:00,1,19.87,8.1,7.8,200.5534,5.86956,1.49,0.006,0.007,0.40268,,,2026-09-08 02:25:50
四川省,长江流域,湾凼,2026-09-08 02:00,2,29.39042,7.68,7.49,773.1865,13.34217,3.35,0.005,0.04,0.302791,,,2026-09-08 02:25:50
四川省,长江流域,手爬岩,2026-09-08 02:00,2,24.82,7.97,7.62,408.749,20.7173,1.23,,0.045,1.3601,,,2026-09-08 02:25:50
四川省,长江流域,沱江大桥,2026-09-08 02:00,3,31.31,8.09,6.93,435.3198,24.16742,2.81,0.01,0.147,3.200478,,,2026-09-08 02:25:50
四川省,长江流域,醒觉溪,2026-09-08 01:00,2,28.3,8.18,7.12,411.6,20.48,1.55,0.033,0.054,4.059,,,2026-09-08 02:25:50
四川省,长江流域,胡市大桥,2026-09-08 02:00,3,31.78,8.61,11.84,423.7222,23.8712,5.47,0.002,0.097,0.924,,,2026-09-08 02:25:50
四川省,长江流域,大磨子,2026-09-08 02:00,2,31.501,7.86,7.66,446.862,10.52,2.65,0.04,0.098,3.004,,,2026-09-08 02:25:50
四川省,长江流域,泸天化大桥,2026-09-08 02:00,2,29.52,8.05,8.42,373.158,13.2862,1.54,,0.046,3.0459,,,2026-09-08 02:25:50
四川省,长江流域,纳溪大渡口,2026-09-08 02:00,2,24.54,7.82,7.4,379.067,13.452,1.17,0.003,0.061,1.465,,,2026-09-08 02:25:50
四川省,长江流域,两汇水,2026-09-08 02:00,2,27.81281,7.89,7.08,140.734,6.454757,1.54,0.171,0.03,0.809,,,2026-09-08 02:25:50
四川省,长江流域,太平渡,2026-09-08 02:00,2,27.93,8.36,7.3,484.2141,16.72462,1.16,0.037,0.052,3.941,,,2026-09-08 02:25:50
四川省,长江流域,八角,2026-09-08 01:00,4,27.87,7.66,4.49,539.9,7.85,1.71,0.029,0.061,2.44,,,2026-09-08 02:25:50
四川省,长江流域,象山,2026-09-08 02:00,3,29.37,8.59,14.12,440.65,6.6,4.87,0.021,0.101,1.124,,,2026-09-08 02:25:50
四川省,长江流域,双江桥,2026-09-08 02:00,2,26.02,8.29,7.43,643.13,27.64,1.58,,0.086,2.356,,,2026-09-08 02:25:50
四川省,长江流域,三川,2026-09-08 02:00,2,25.26,8.07,6.96,652.6,23.16,1,,0.092,2.675,,,2026-09-08 02:25:50
四川省,长江流域,西平镇,2026-09-08 01:00,2,28.15,8.23,8.07,528.54,20.3,1.74,,0.057,1.961,,,2026-09-08 02:25:50
四川省,长江流域,平武水文站,2026-09-08 01:00,1,16.29,8.43,8.78,283.1703,25.36882,0.2,0.009,0.01,0.62215,,,2026-09-08 02:25:50
四川省,长江流域,丰谷,2026-09-08 01:00,2,26.62621,8.18,7.44,313.5199,11.69836,0.53,0.007,0.013,0.65944,,,2026-09-08 02:25:50
四川省,长江流域,鲁班岛,2026-09-08 01:00,2,28.83823,8.74,7.49,241.6881,1.92093,1.6,0.007,0.012,0.2299,0.00171,4622455,2026-09-08 02:25:50
四川省,长江流域,北川通口,2026-09-08 01:00,1,22.41468,8.52,8.39,281.4906,10.79585,0.39,0.005,0.014,0.78065,,,2026-09-08 02:25:50
四川省,长江流域,八庙沟,2026-09-08 01:00,1,26.64,8.3,8.15,352.2087,3.99076,0.23,0.001,0.009,1.00872,,,2026-09-08 02:25:50
四川省,长江流域,姚渡,2026-09-08 02:00,1,22.20061,8.25,7.87,372.5117,16.74226,1.02,0.014,0.004,1.089,,,2026-09-08 02:25:50
四川省,长江流域,苴国村,2026-09-08 01:00,2,25.35,7.94,6.99,292.3053,3.89567,1.47,0.004,0.008,1.13714,,,2026-09-08 02:25:50
四川省,长江流域,上石盘,2026-09-08 01:00,3,27.16,7.85,5.5,376.8663,8.52386,1.26,0.007,0.014,1.36466,,,2026-09-08 02:25:50
四川省,长江流域,南渡,2026-09-08 01:00,3,24.08,7.83,6.46,309.9945,96.89989,4.97,0.001,0.023,1.00387,,,2026-09-08 02:25:50
四川省,长江流域,清泉乡,2026-09-08 02:00,2,29.61,8.16,10,299.6,6.9569,2.12,0.03,0.013,0.872,,,2026-09-08 02:25:50
四川省,长江流域,大安,2026-09-08 02:00,3,30.79,8.81,13.32,524.287,9.4,5.73,,0.163,0.5876,,,2026-09-08 02:25:50
四川省,长江流域,百顷,2026-09-08 02:00,2,28.27,7.99,7.31,362.77,5.26,1.17,0.025,0.016,1.948,,,2026-09-08 02:25:50
四川省,长江流域,梓江大桥,2026-09-08 02:00,2,29.57,8.48,10.12,390.6,15.6,3.61,,0.019,1.666,,,2026-09-08 02:25:50
四川省,长江流域,大埂,2026-09-08 02:00,3,31.65,8.18,8.4,476.2,3.59,5.07,0.219,0.043,0.513781,,,2026-09-08 02:25:50
四川省,长江流域,球溪河口,2026-09-08 02:00,3,29.51,7.8,7.05,534.06,19,5.01,0.036,0.123,5.45,,,2026-09-08 02:25:50
四川省,长江流域,李码头,2026-09-08 01:00,2,23.35272,8.11,7.38,256.7478,887.3124,0.6,0.001,0.022,1.21737,,,2026-09-08 02:25:50
四川省,长江流域,马边河河口,2026-09-08 01:00,2,22.07655,7.88,8.14,223.1842,27.66405,1.04,0.003,0.043,1.92457,,,2026-09-08 02:25:50
四川省,长江流域,悦来渡口,2026-09-08 01:00,2,27.248,7.85,7.27,395.013,38.122,1.8,0.015,0.059,2.459,,,2026-09-08 02:25:50
四川省,长江流域,金溪电站,2026-09-08 02:00,2,29.86,8.35,9.8,336.37,17.5686,2.2,0.015,0.036,1.471,,,2026-09-08 02:25:50
四川省,长江流域,升钟水库铁炉寺,2026-09-08 01:00,3,30.29,9,14.42,279.41,14.94,5.7,,0.021,2.118,,,2026-09-08 02:25:50
四川省,长江流域,沙溪,2026-09-08 02:00,2,25.57,7.65,6.28,274.29,12.69,2.84,0.012,0.02,1.423,,,2026-09-08 02:25:50
四川省,长江流域,黄龙溪,2026-09-08 01:00,2,25.962,8.04,6.08,418.016,68.642,1.77,0.01,0.075,2.198,,,2026-09-08 02:25:50
四川省,长江流域,彭山岷江大桥,2026-09-08 01:00,2,25.1,8.18,8.57,375.7657,14.2588,1.66,0.01,0.036,1.39787,,,2026-09-08 02:25:50
四川省,长江流域,龟都府,2026-09-08 02:00,2,20.03,8.03,9,207.7601,18.48384,0.41,,0.029,2.273335,,,2026-09-08 02:25:50
四川省,长江流域,越溪河两河口,2026-09-08 02:00,3,29.5,7.69,5.08,545.1,12,5.95,0.043,0.087,4.172,,,2026-09-08 02:25:50
四川省,长江流域,月波,2026-09-08 02:00,2,22.8,7.6,8.83,282.7,24.6,1.21,0.134,0.04,1.337,,,2026-09-08 02:25:50
四川省,长江流域,凉姜沟,2026-09-08 02:00,2,24.12,8.1,8.99,259.5508,13.22376,1.2,0.015,0.045,1.606731,,,2026-09-08 02:25:50
四川省,长江流域,挂弓山,2026-09-08 01:00,2,24.08475,7.93,7.35,419.629,8.92498,0.68,0.005,0.024,1.27151,,,2026-09-08 02:25:50
四川省,长江流域,蔡家渡口,2026-09-08 01:00,2,29.51846,7.93,7.98,527.6449,16.91031,2.06,0.008,0.056,3.41367,,,2026-09-08 02:25:50
四川省,长江流域,三块石,2026-09-08 02:00,2,23.59,7.99,7.4,498.48,3.91,0.91,0.001,0.014,1.016,,,2026-09-08 02:25:50
四川省,长江流域,洛亥,2026-09-08 02:00,2,22,8.19,7.97,324.0686,8.296993,1.41,0.148,0.069,2.885,,,2026-09-08 02:25:50
四川省,长江流域,溪口镇平桥村,2026-09-08 02:00,3,26.24,7.34,5.44,303.06,15.07,4.59,0.006,0.068,0.893,,,2026-09-08 02:25:50
四川省,长江流域,摇金,2026-09-08 02:00,3,32.24,8.47,10.11,412.81,16.73,3.7,0.023,0.116,0.503,,,2026-09-08 02:25:50
四川省,长江流域,金子,2026-09-08 02:00,1,29.9,8.14,7.95,316.54,11.26,1.38,0.053,0.018,1.3134,,,2026-09-08 02:25:50
四川省,长江流域,烈面,2026-09-08 02:00,2,30,7.48,6.17,286.7,14.9,1.35,0.048,0.036,1.434,,,2026-09-08 02:25:50
四川省,长江流域,幺滩,2026-09-08 02:00,2,30.96,8.3,8.01,485.85,10.31,2.75,0.039,0.065,1.66,,,2026-09-08 02:25:50
四川省,长江流域,团堡岭,2026-09-08 02:00,2,30.48,8.54,7.91,248.4,17.068,2.74,0.015,0.028,1.1,,,2026-09-08 02:25:50
四川省,长江流域,江陵,2026-09-08 02:00,2,29.93,8.12,6.59,236.99,6.11,2.59,0.004,0.025,1.083,,,2026-09-08 02:25:50
四川省,长江流域,大蹬沟,2026-09-08 02:00,2,30.64,8.74,10.62,237,18.5,3.15,0.053,0.022,0.949,,,2026-09-08 02:25:50
四川省,长江流域,白兔乡,2026-09-08 02:00,3,31.2,8.88,26.5,340.4,6.31,4.08,,0.04,0.5,,,2026-09-08 02:25:50
四川省,长江流域,联盟桥,2026-09-08 02:00,3,30.22,7.65,8.29,399.3,9.28,4.04,,0.074,2.0629,,,2026-09-08 02:25:50
四川省,长江流域,舵石盘,2026-09-08 02:00,2,28.85,8.29,10.74,291,30.8,3.13,,0.04,1.333,,,2026-09-08 02:25:50
四川省,长江流域,车家河,2026-09-08 02:00,2,29.98,8.21,16.22,274.2,18.44,2.55,0.003,0.02,1.097,,,2026-09-08 02:25:50
四川省,长江流域,三谷庄,2026-09-08 01:00,1,21.73,8.35,7.95,218.7724,11.39101,1.06,0.005,0.011,0.76714,,,2026-09-08 02:25:50
四川省,长江流域,大岗山,2026-09-08 01:00,1,17.43,7.95,7.95,214.3205,20.25024,0.81,0.009,0.015,0.58611,,,2026-09-08 02:25:50
四川省,长江流域,手傍岩,2026-09-08 01:00,2,30.72,8.7,12.95,357.4,9.9,2.54,,0.018,1.245,,,2026-09-08 02:25:50
四川省,长江流域,幸福村,2026-09-08 02:00,2,29.39,8.23,7.84,448.6,11.7,2.46,0.013,0.076,2.756,,,2026-09-08 02:25:50
四川省,长江流域,拱城铺渡口,2026-09-08 02:00,2,29.72,8.31,9.92,492.9,11.1,1.31,0.001,0.077,2.492,,,2026-09-08 02:25:50
四川省,长江流域,红光村,2026-09-08 02:00,4,28.61,7.57,4.86,569.32,61,6.08,0.03,0.114,0.93,,,2026-09-08 02:25:50
四川省,长江流域,两河,2026-09-08 02:00,3,30.73,7.94,7.4,418.38,14.7,5.44,0.024,0.099,0.271,,,2026-09-08 02:25:50
四川省,长江流域,县城马踏石点,2026-09-08 01:00,1,17.22197,8.51,10,372.4493,10.0515,0.47,0.005,0.008,0.58967,,,2026-09-08 02:25:50
四川省,长江流域,渭门桥,2026-09-08 01:00,1,16.5,8.3,8.13,235.5311,42.60376,0.78,0.005,0.017,0.39306,,,2026-09-08 02:25:50
四川省,长江流域,小水沟,2026-09-08 01:00,2,15.23345,8.4,6.83,268.8783,22.39009,0.41,0.019,0.01,0.62033,,,2026-09-08 02:25:50
四川省,长江流域,竹巴龙村,2026-09-08 02:00,2,14.49,8.3,6.25,1586.7,198.6,1.42,0.156,0.068,1.654,,,2026-09-08 02:25:50
四川省,长江流域,金沙江岗托桥,2026-09-08 02:00,3,15.4,8.34,6.5,1380.1,233.7,2.27,0.303,0.153,0.961,,,2026-09-08 02:25:50
四川省,长江流域,昔街大桥,2026-09-08 02:00,2,24.52,7.88,7.24,238.18,46.94,1.08,0.086,0.074,3.695,,,2026-09-08 02:25:50
四川省,长江流域,阿七大桥,2026-09-08 01:00,2,23.67,7.77,6.39,244.0308,38.72656,1.91,0.067,0.074,2.03133,,,2026-09-08 02:25:50
四川省,长江流域,邛海湖心,2026-09-08 01:00,2,27.51,8.77,8.54,308.7742,5.23028,2.44,0.003,0.018,0.25976,0.00474,57304.62,2026-09-08 02:25:50
贵州省,长江流域,棉花渡,2026-09-08 02:00,2,24.051,7.86,8.9,459.04,1.0356,1.84,,0.056,2.6642,,,2026-09-08 02:25:50
贵州省,长江流域,贵铝泵房,2026-09-08 02:00,2,25.3495,8.77,10.13,357.3316,3.1157,2.82,0.014,0.007,1.7229,0.0154,1791851,2026-09-08 02:25:50
贵州省,长江流域,花鱼洞,2026-09-08 02:00,4,23.7264,7.73,4.32,323.2646,3.1486,2.04,0.094,0.019,0.9513,0.00318,4701691,2026-09-08 02:25:50
贵州省,长江流域,麦穰,2026-09-08 02:00,4,24.04,7.99,6.38,654.64,8.61,2.9,0.088,0.208,6.025,,,2026-09-08 02:25:50
贵州省,珠江流域,青岩,2026-09-08 01:00,3,23.51,7.92,5.15,547.2756,7.5307,1.16,,0.051,3.7491,,,2026-09-08 02:25:50
贵州省,长江流域,龙场,2026-09-08 02:00,2,21.1,7.88,6.32,389.64,7.3,0.97,,0.013,3.635,,,2026-09-08 02:25:50
贵州省,珠江流域,发耳,2026-09-08 02:00,3,23.02,8.22,5.82,279.803,22.419,1.12,,0.077,3.38,,,2026-09-08 02:25:50
贵州省,长江流域,打秋坪,2026-09-08 01:00,2,25.26,7.8,6.59,558.8,4.6,1.24,0.105,0.1,4.313,,,2026-09-08 02:25:50
贵州省,长江流域,鱼塘大桥,2026-09-08 01:00,2,25.64,7.84,6.43,328.73,1.785,0.86,,0.009,1.377,,,2026-09-08 02:25:50
贵州省,长江流域,沿江渡,2026-09-08 01:00,2,27.1,8.86,7.66,334.65,4.48,2.82,0.014,0.016,1.958,,,2026-09-08 02:25:50
贵州省,长江流域,鲤鱼塘,2026-09-08 01:00,3,26.41,7.5,5.03,491.67,0.969,1.22,,0.056,3.033,,,2026-09-08 02:25:50
贵州省,长江流域,坡渡,2026-09-08 01:00,1,25.27,8.08,7.76,327.44,3.77,0.43,0.002,0.006,0.586,,,2026-09-08 02:25:50
贵州省,长江流域,余庆河暗溪坪,2026-09-08 01:00,2,25.27,7.72,9.52,317.21,6.84,1.09,0.026,0.042,1.708,,,2026-09-08 02:25:50
贵州省,长江流域,羊柱头渡口,2026-09-08 02:00,4,24.83,7.78,5.44,727.94,4.243,2.67,0.211,0.206,6.835,,,2026-09-08 02:25:50
贵州省,长江流域,鲢鱼溪,2026-09-08 02:00,3,27.831,8.3,8.18,425.835,24.67,5.72,0.043,0.11,3.63,,,2026-09-08 02:25:50
贵州省,长江流域,长沙,2026-09-08 01:00,2,29.1285,8.43,7.42,257.6309,,1.26,0.008,0.015,1.2754,,,2026-09-08 02:25:50
贵州省,长江流域,茅台,2026-09-08 01:00,2,24.79,8.2,7.42,386.54,16.42,1.03,,0.032,4.429,,,2026-09-08 02:25:50
贵州省,珠江流域,黄果树,2026-09-08 02:00,1,23.1685,8.27,8.58,584.9,16.97,0.98,,0.019,3.396,,,2026-09-08 02:25:50
贵州省,长江流域,斯拉河大桥,2026-09-08 01:00,2,25.53,8.82,10.19,353.18,22.76,2.93,0.026,0.018,3.679,,,2026-09-08 02:25:50
贵州省,珠江流域,打邦,2026-09-08 02:00,1,27.69,8.3,9.23,443.73,4.449,1.62,0.006,0.012,3.014,,,2026-09-08 02:25:50
贵州省,长江流域,小屯,2026-09-08 02:00,2,25.9,8.54,10.26,371.2802,4.863,2.41,,0.035,4.384,,,2026-09-08 02:25:50
贵州省,长江流域,清水铺,2026-09-08 01:00,2,24.756,8.29,7.41,452.749,6.053,0.63,0.003,0.027,5.486,,,2026-09-08 02:25:50
贵州省,长江流域,大桥边,2026-09-08 02:00,2,19.862,7.99,7.48,340.718,7.755,0.71,,0.02,4.027,,,2026-09-08 02:25:50
贵州省,长江流域,鱼市,2026-09-08 02:00,2,26.47,8.02,7.55,414.665,4.410532,0.92,0.005,0.033,1.020048,,,2026-09-08 02:25:50
贵州省,长江流域,下干溪,2026-09-08 01:00,2,24.92,7.82,6.12,348.76,3.33,0.37,0.048,0.018,1.972,,,2026-09-08 02:25:50
贵州省,珠江流域,坝草,2026-09-08 02:00,1,26.8819,8.25,10.12,383.31,3.8986,1.3,0.029,0.007,3.0297,,,2026-09-08 02:25:50
贵州省,珠江流域,万峰湖,2026-09-08 01:00,2,27.87,8.56,7.64,312.72,13.77,1.28,0.006,0.021,2.679,0.029,1058980,2026-09-08 02:25:50
贵州省,珠江流域,岔河口,2026-09-08 01:00,2,26.0455,8.82,9.36,268.4977,14.1604,3.74,,0.018,1.7415,,,2026-09-08 02:25:50
贵州省,珠江流域,蔗香北,2026-09-08 01:00,1,26.58,8.03,10,286.2902,5.053,0.85,0.005,0.01,2.362,,,2026-09-08 02:25:50
贵州省,珠江流域,黄泥河,2026-09-08 01:00,2,20.7279,8.17,7.37,405.1737,12.6613,0.37,,0.026,3.0892,,,2026-09-08 02:25:50
贵州省,珠江流域,赵家渡,2026-09-08 01:00,2,22.59,8.15,7.66,414.544,6.41,0.62,0.001,0.029,4.596,,,2026-09-08 02:25:50
贵州省,珠江流域,坡脚,2026-09-08 01:00,2,24.07,7.94,6.36,420.7158,20.1985,0.92,,0.029,4.5699,,,2026-09-08 02:25:50
贵州省,珠江流域,蔗香南,2026-09-08 01:00,1,28.99,8.54,9.53,287.7,3.3,1.13,0.002,0.01,2.4739,,,2026-09-08 02:25:50
贵州省,长江流域,金紫,2026-09-08 01:00,2,25.08,8.42,7.39,159.7524,14.07,0.6,0.022,0.021,1.069,,,2026-09-08 02:25:50
贵州省,珠江流域,从江大桥,2026-09-08 02:00,1,26.535,7.5,8.43,100.558,4.141,0.87,0.023,0.015,0.664,,,2026-09-08 02:25:50
贵州省,长江流域,平敏大桥,2026-09-08 01:00,2,25.67,7.65,7.21,129.13,7.88,1.31,,0.026,0.799,,,2026-09-08 02:25:50
贵州省,长江流域,旁海,2026-09-08 01:00,3,24.68,8.3,7.21,451.19,11.06,0.57,0.032,0.136,2.218,,,2026-09-08 02:25:50
贵州省,长江流域,重安江大桥,2026-09-08 02:00,4,23.84,8.41,7.68,534.52,2.143,0.56,0.012,0.215,2.873,,,2026-09-08 02:25:50
贵州省,珠江流域,榕江,2026-09-08 01:00,2,26.71,8.15,8.08,114.55,7,0.84,0.006,0.022,0.642,,,2026-09-08 02:25:50
贵州省,珠江流域,新华,2026-09-08 02:00,1,25.934,8.21,8.5,216.765,9.51,0.67,0.017,0.015,0.9,,,2026-09-08 02:25:50
贵州省,长江流域,甘溪高碑,2026-09-08 01:00,2,27.32,8.23,10.32,363.2,10.99,1.79,0.001,0.023,0.5442,,,2026-09-08 02:25:50
贵州省,长江流域,跳鱼洞,2026-09-08 01:00,3,22.9,7.76,5.19,386.44,6.32,2.02,0.123,0.115,2.184,,,2026-09-08 02:25:50
贵州省,长江流域,凤山桥边,2026-09-08 01:00,2,24.2265,8.21,8.87,635.14,2.4281,1.14,0.077,0.092,4.393,,,2026-09-08 02:25:50
贵州省,珠江流域,边外河,2026-09-08 02:00,2,24.52,7.8,7.19,338.07,3.43,0.79,,0.005,1.884,,,2026-09-08 02:25:50
贵州省,珠江流域,界牌,2026-09-08 02:00,1,24.419,8.28,9.61,316.424,6.385,0.62,0.018,0.01,0.768,,,2026-09-08 02:25:50
贵州省,珠江流域,甲茶,2026-09-08 01:00,2,24.5091,7.66,6.99,323.6201,0.4901,0.69,0.001,0.009,1.0476,,,2026-09-08 02:25:50
云南省,长江流域,通仙桥,2026-09-08 01:00,4,22.18,7.72,4.4,482.898,21.763,,0.45,0.168,5.441,,,2026-09-08 02:25:50
云南省,长江流域,普渡河桥,2026-09-08 01:00,3,23.89,7.96,5.82,518.5378,28.2407,4.04,0.039,0.114,2.9237,,,2026-09-08 02:25:50
云南省,珠江流域,禄丰村,2026-09-08 02:00,3,24.8,8.15,7,478.3146,39.2584,2.03,0.005,0.133,4.947,,,2026-09-08 02:25:50
云南省,滇池流域,回龙村,2026-09-08 01:00,4,23.51,7.85,4.97,573.2573,18.0785,3.01,,0.036,2.5337,,,2026-09-08 02:25:50
云南省,滇池流域,船房五社桥头,2026-09-08 01:00,3,24.65,7.71,7.14,575.0347,10.9729,5.86,0.36,0.092,7.8329,,,2026-09-08 02:25:50
云南省,滇池流域,王大桥,2026-09-08 02:00,4,21.78,6.92,4.74,610.0723,5.4274,3.68,0.116,0.272,8.5581,,,2026-09-08 02:25:50
云南省,滇池流域,大观河入湖口,2026-09-08 02:00,3,21.63,7.98,5.69,418.2212,30.9048,2.72,0.086,0.134,5.0236,,,2026-09-08 02:25:50
云南省,滇池流域,大渔乡土罗村入湖口,2026-09-08 02:00,5,21.72,7.47,2.34,473.046,26.9502,2.83,0.04,0.081,6.966,,,2026-09-08 02:25:50
云南省,滇池流域,新河村入湖口,2026-09-08 01:00,3,22.4,7.84,5.57,410.7,26.779,2.22,0.039,0.114,4.3777,,,2026-09-08 02:25:50
云南省,珠江流域,阳宗海中,2026-09-08 02:00,2,25.71,,7.7,399.008,1.181,3.88,,0.014,0.688,0.00922,10000,2026-09-08 02:25:50
云南省,长江流域,富民大桥,2026-09-08 01:00,4,24.71,8.25,4.41,493.9532,59.5995,8.16,0.032,0.234,3.1697,,,2026-09-08 02:25:50
云南省,滇池流域,严家村桥,2026-09-08 02:00,2,21.44691,7.98,6.32,408.0605,17.49741,1.72,0.059,0.09,4.97984,,,2026-09-08 02:25:50
云南省,滇池流域,宝丰村入湖口,2026-09-08 02:00,3,21.14,7.98,5.72,511.95,18.82,1.9,0.012,0.073,3.287,,,2026-09-08 02:25:50
云南省,滇池流域,江尾下闸,2026-09-08 02:00,4,23.74,7.72,4.3,330.8627,11.794,1.37,0.039,0.054,2.77,,,2026-09-08 02:25:50
云南省,滇池流域,茨巷河入湖口,2026-09-08 02:00,4,22.3,7.54,4.23,375.5139,12.0948,3.58,0.204,0.163,4.199,,,2026-09-08 02:25:50
云南省,滇池流域,东大河滇池入湖口,2026-09-08 01:00,6,24.36,9.52,4.19,318.4791,12.7293,3.65,0.024,0.101,1.969,,,2026-09-08 02:25:50
云南省,滇池流域,草海中心,2026-09-08 02:00,4,24.17,8.66,11.1,358.06,34.59,4.78,,0.056,2.458,0.01952,6.762038,2026-09-08 02:25:50
云南省,滇池流域,灰湾中,2026-09-08 02:00,3,23.35,8.77,10.89,385.205,50.548,6,0.008,0.04,1.724,0.01554,3.622808,2026-09-08 02:25:50
云南省,滇池流域,观音山东,2026-09-08 00:00,4,23.89,,9.41,380.79,37.92,6.32,,0.033,0.892,0.0168,7.418936,2026-09-08 02:25:50
云南省,滇池流域,观音山中,2026-09-08 00:00,3,22.52,,8.03,318.21,16.468,5.55,,0.049,0.936,0.00702,1.57408,2026-09-08 02:25:50
云南省,滇池流域,观音山西,2026-09-08 02:00,4,22.64,8.78,7.57,372.68,54.72,7.52,0.047,0.057,1.231,0.01085,6.844298,2026-09-08 02:25:50
云南省,滇池流域,海口西,2026-09-08 02:00,4,23.75,,9.46,308.27,32.08,6.49,,0.05,0.791,0.01695,3.77599,2026-09-08 02:25:50
云南省,滇池流域,滇池南,2026-09-08 02:00,4,22.64,,9.91,377.6,36.2,6.99,,0.055,1.109,0.04473,1.735532,2026-09-08 02:25:50
云南省,滇池流域,晋城小寨,2026-09-08 01:00,3,20.74,8.06,6.4,547.0834,32.1646,2.38,,0.111,9.375,,,2026-09-08 02:25:50
云南省,长江流域,牛栏江河口,2026-09-08 02:00,3,23.37,8.1,5.47,492.147,23.505,2.26,0.005,0.093,4.971,,,2026-09-08 02:25:50
云南省,珠江流域,狗街,2026-09-08 02:00,3,24.65,7.86,5.45,526.68,22.8315,2.63,0.076,0.125,5.618138,,,2026-09-08 02:25:50
云南省,长江流域,以礼河水文站,2026-09-08 01:00,3,19.2,7.73,5.88,270.5399,24.7043,1.23,0.036,0.051,2.1194,,,2026-09-08 02:25:50
云南省,珠江流域,厂房大桥,2026-09-08 02:00,3,20.96,8.17,8.3,383.8064,25.3735,1.46,0.021,0.13,3.2846,,,2026-09-08 02:25:50
云南省,长江流域,牛栏江大桥,2026-09-08 02:00,2,21.56,8.01,6.84,384.202,44.446,0.55,0.006,0.059,2.688,,,2026-09-08 02:25:50
云南省,珠江流域,盘溪大桥,2026-09-08 01:00,2,23.16,7.86,7.47,497.9599,27.89553,1.27,0.006,0.042,5.74332,,,2026-09-08 02:25:50
云南省,珠江流域,九甸大桥,2026-09-08 01:00,2,24.79081,8.35,6.2,495.0224,64.30547,,0.003,0.073,4.40011,,,2026-09-08 02:25:50
云南省,西南诸河,坝洪村,2026-09-08 01:00,2,28.61,8.15,7.73,349.5771,528.5262,1.49,0.007,0.039,1.9825,,,2026-09-08 02:25:50
云南省,珠江流域,抚仙湖心,2026-09-08 02:00,1,24.49,8.85,8.07,283.02,2.957,1.41,0.004,0.008,0.106,0.00135,1251511,2026-09-08 02:25:50
云南省,西南诸河,绿汁江大桥,2026-09-08 01:00,2,24.7708,8.21,6.72,673.509,59.46488,0.67,0.031,0.042,2.55524,,,2026-09-08 02:25:50
云南省,珠江流域,杞麓湖心,2026-09-08 02:00,2,23.77,8.92,7.83,742.2,14.61,,0.216,0.021,1.471,0.02977,9126263,2026-09-08 02:25:50
云南省,珠江流域,永昌桥,2026-09-08 01:00,3,22.80569,7.89,5.82,412.4268,36.59348,1.72,0.006,0.099,2.99145,,,2026-09-08 02:25:50
云南省,珠江流域,星云湖心,2026-09-08 02:00,3,23.83,,6.84,519.273,24.52,5.85,,0.014,0.715,0.00547,4.774742,2026-09-08 02:25:50
云南省,西南诸河,红旗桥,2026-09-08 02:00,1,21.33353,8.03,8.32,338.0818,264.4394,1.04,,0.007,0.385089,,,2026-09-08 02:25:50
云南省,西南诸河,湾甸,2026-09-08 01:00,3,26.50649,8.41,7.82,442.7657,51.22477,1.11,0.003,0.109,2.8864,,,2026-09-08 02:25:50
云南省,西南诸河,永保桥,2026-09-08 01:00,2,22.0841,8.1,7.43,413.5986,64.18183,0.91,0.007,0.014,0.71158,,,2026-09-08 02:25:50
云南省,西南诸河,龙江桥,2026-09-08 01:00,2,21.91909,7.23,7.35,99.3494,30.00115,1.22,0.005,0.021,0.72382,,,2026-09-08 02:25:50
云南省,长江流域,云贵桥,2026-09-08 02:00,1,19.05,8.15,8.44,386.464,10.84,1.38,0.019,0.013,3.373,,,2026-09-08 02:25:50
云南省,长江流域,头屯河,2026-09-08 01:00,2,19,8.13,7.3,426.857,5.72,0.64,0.026,0.025,4.42,,,2026-09-08 02:25:50
云南省,长江流域,邓家河,2026-09-08 02:00,2,23.17,7.89,7.45,366.07,21.392,0.38,,0.058,3.246,,,2026-09-08 02:25:50
云南省,长江流域,横江桥,2026-09-08 01:00,2,23.3,8.14,8.05,279.6,30.31,0.9,,0.034,2.856,,,2026-09-08 02:25:50
云南省,长江流域,程海湖中,2026-09-08 01:00,3,27.6009,,12.28,1383.995,4.86516,5.92,0.013,0.016,0.84812,0.01163,5979.677,2026-09-08 02:25:50
云南省,长江流域,新华,2026-09-08 01:00,1,18.82791,8.41,7.87,871.3294,49.60597,1.42,0.053,0.02,0.68718,,,2026-09-08 02:25:50
云南省,长江流域,金江桥,2026-09-08 01:00,1,22.41,8.03,8.07,707.5746,14.03342,1.38,0.015,0.013,0.66136,,,2026-09-08 02:25:50
云南省,长江流域,龙兴村,2026-09-08 01:00,4,20.38,7.68,4.97,428.0921,25.84432,2.96,0.76,0.292,3.36704,,,2026-09-08 02:25:50
云南省,西南诸河,土卡河水文站,2026-09-08 02:00,2,26.54518,7.93,6.9,203.8958,39.87455,1.1,,0.018,1.092807,,,2026-09-08 02:25:50
云南省,西南诸河,思茅港,2026-09-08 01:00,3,22.89197,7.35,5.26,304.6649,32.42268,1.38,0.053,0.013,1.80758,,,2026-09-08 02:25:50
云南省,西南诸河,孟拉桥,2026-09-08 01:00,5,24.7,7.49,7.05,77.52521,801.1949,14.39,1.094,0.009,25.7421,,,2026-09-08 02:25:50
云南省,西南诸河,莲花乡,2026-09-08 01:00,4,24.81819,7.42,4.84,250.6971,104.4974,2.67,1.019,0.104,2.88334,,,2026-09-08 02:25:50
云南省,西南诸河,嘎旧,2026-09-08 01:00,2,22.45,7.96,6.81,401.9477,18.83166,1.32,0.031,0.014,0.64848,,,2026-09-08 02:25:50
云南省,西南诸河,景临桥,2026-09-08 01:00,2,23.91,7.8,6.59,324.2841,33.08137,1.56,0.046,0.028,1.07517,,,2026-09-08 02:25:50
云南省,西南诸河,孟定大桥,2026-09-08 01:00,1,25.1,7.68,7.83,238.3397,393.9361,1,0.006,0.016,1.57536,,,2026-09-08 02:25:50
云南省,西南诸河,小黑江检查站,2026-09-08 01:00,1,23.83859,7.68,7.74,161.2253,193.6704,1.55,0.009,0.01,1.08177,,,2026-09-08 02:25:50
云南省,西南诸河,水文站,2026-09-08 01:00,3,24.27,8.17,5.87,379.5204,52.09123,1.52,0.012,0.036,1.45732,,,2026-09-08 02:25:50
云南省,长江流域,西观桥,2026-09-08 01:00,3,25.01,7.53,5.45,377.4778,98.15723,2.1,0.023,0.064,2.16665,,,2026-09-08 02:25:50
云南省,西南诸河,那发出境,2026-09-08 02:00,2,26.84,7.78,7.73,138.4796,37.78,0.65,,0.042,0.7623,,,2026-09-08 02:25:50
云南省,西南诸河,中越桥,2026-09-08 02:00,2,25.78,8.09,8.5,279.8938,52.8763,0.66,,0.039,2.7837,,,2026-09-08 02:25:50
云南省,西南诸河,龙脖渡口,2026-09-08 02:00,2,27.09,7.87,7.8,276.8891,64.5434,1.04,,0.054,1.751,,,2026-09-08 02:25:50
云南省,西南诸河,河口县医院,2026-09-08 02:00,2,27.71819,7.55,7.04,276.2198,84.24032,1.83,,0.06,1.829711,,,2026-09-08 02:25:50
云南省,珠江流域,异龙湖中,2026-09-08 02:00,4,26.2,8.62,7.99,418.48,4.318,7.1,0.018,0.014,0.699,0.02666,220199.4,2026-09-08 02:25:50
云南省,珠江流域,长虹桥,2026-09-08 01:00,-1,,,,,,,,,,,,2026-09-08 02:25:50
云南省,珠江流域,江边桥,2026-09-08 01:00,3,25,7.75,7.1,483.46,150.74,2.78,,0.139,4.9704,,,2026-09-08 02:25:50
云南省,西南诸河,天保农场,2026-09-08 02:00,2,23.54,8.07,9.73,386,9.08,0.39,0.003,0.029,3.0456,,,2026-09-08 02:25:50
云南省,西南诸河,南利大桥,2026-09-08 01:00,2,24.02,8.26,8.7,299.82,16.38,0.55,0.025,0.023,1.453,,,2026-09-08 02:25:50
云南省,珠江流域,谷拉河大桥,2026-09-08 01:00,1,29.53,8.6,10.12,198.53,4.922,1.58,0.012,0.003,0.563,,,2026-09-08 02:25:50
云南省,西南诸河,关累码头,2026-09-08 01:00,2,22.85333,7.63,6.63,278.2784,650.1252,0.88,0.004,0.017,1.02607,,,2026-09-08 02:25:50
云南省,西南诸河,勐仑大桥,2026-09-08 01:00,2,23.56,7.88,7.94,191.0083,1664.633,0.95,0.005,0.034,1.04105,,,2026-09-08 02:25:50
云南省,西南诸河,风情园大桥,2026-09-08 01:00,2,23.68177,7.63,7.91,111.8783,493.1486,1.59,0.001,0.027,3.90539,,,2026-09-08 02:25:50
云南省,西南诸河,打洛江大桥,2026-09-08 01:00,1,24.97667,7.27,7.7,84.58472,4099.996,0.79,0.003,0.012,0.56667,,,2026-09-08 02:25:50
云南省,西南诸河,洱海湖心,2026-09-08 02:00,3,24.4,8.71,6.38,285.38,10.91,4.02,0.026,0.026,0.585,0.01297,11300,2026-09-08 02:25:50
云南省,西南诸河,交汇口,2026-09-08 01:00,2,21.75884,8.19,7.59,262.066,1857.991,1.71,0.004,0.03,0.75762,,,2026-09-08 02:25:50
云南省,西南诸河,徐村桥,2026-09-08 01:00,2,22.99,7.86,7.14,245.5523,396.7549,,,,,,,2026-09-08 02:25:50
云南省,西南诸河,江尾,2026-09-08 01:00,3,24.72514,8.08,5.75,315.7931,96.40046,1.99,0.006,0.032,0.46907,,,2026-09-08 02:25:50
云南省,西南诸河,四级坝,2026-09-08 01:00,3,23.03,8.04,6.78,315.245,10.81292,2.94,0.194,0.108,1.03418,,,2026-09-08 02:25:50
云南省,西南诸河,汇流电站,2026-09-08 01:00,2,25.28525,7.13,7.78,86.2388,46.99942,1.1,0.003,0.024,0.95188,,,2026-09-08 02:25:50
云南省,西南诸河,迭撒大桥,2026-09-08 01:00,2,25.9733,6.83,6.34,105.0454,113.2315,1.96,0.081,0.037,3.05699,,,2026-09-08 02:25:50
云南省,西南诸河,风平,2026-09-08 01:00,2,23.66,8.03,7.37,215.577,52.17264,0.95,0.001,0.059,,,,2026-09-08 02:25:50
云南省,西南诸河,拉甲木底桥,2026-09-08 01:00,1,20.56023,8.13,10.11,327.3565,489.0526,,,,,,,2026-09-08 02:25:50
云南省,西南诸河,丙舍桥,2026-09-08 01:00,1,20.60178,8.24,9.08,362.0512,381.0513,0.93,0.003,0.01,0.30816,,,2026-09-08 02:25:50
云南省,长江流域,贺龙桥,2026-09-08 01:00,1,18.99417,8.41,8.23,942.8886,51.10225,0.82,0.088,0.011,0.69558,,,2026-09-08 02:25:50
云南省,西南诸河,中路村,2026-09-08 01:00,1,18.33,8.42,8.11,479.1427,30.24571,,,,,,,2026-09-08 02:25:50
西藏自治区,西南诸河,才纳,2026-09-08 02:00,2,14.352,7.94,6.65,205.72,78.446,1.44,0.068,0.04,0.54,,,2026-09-08 02:25:50
西藏自治区,西南诸河,米瑞,2026-09-08 01:00,2,13.897,8.19,7.31,172.483,188.947,1.99,0.016,0.061,0.242,,,2026-09-08 02:25:50
陕西省,黄河流域,灞河口,2026-09-08 02:00,2,26.84,8.56,9.52,452.3318,16.1636,2.66,0.01,0.028,3.4761,,,2026-09-08 02:25:50
陕西省,黄河流域,三郎村,2026-09-08 02:00,2,26.8,7.99,7.11,554.706,49.261,3.88,0.048,0.07,4.177,,,2026-09-08 02:25:50
陕西省,黄河流域,沙王渡,2026-09-08 00:00,3,26.35,8.4,9.4,844.4024,32.2487,4.24,0.006,0.052,5.4471,,,2026-09-08 02:25:50
陕西省,黄河流域,岔口,2026-09-08 02:00,2,23.82,7.84,7.68,843.409,19.108,3.25,0.108,0.078,7.7239,,,2026-09-08 02:25:50
陕西省,黄河流域,下桃水电站,2026-09-08 02:00,2,22.292,8.4,8.34,1216.6,1013.25,2.61,,,4.871,,,2026-09-08 02:25:50
陕西省,长江流域,黄牛铺,2026-09-08 02:00,2,19.86,7.88,6.5,222.929,2.2665,1.85,0.005,0.009,0.832,,,2026-09-08 02:25:50
陕西省,黄河流域,魏家堡,2026-09-08 02:00,2,24.09,8.21,7.23,854.4224,21.3635,2.55,0.021,0.026,5.786,,,2026-09-08 02:25:50
陕西省,黄河流域,卧龙寺桥,2026-09-08 02:00,2,23.5,8.19,6.83,987.592,26.3613,2.32,,0.022,5.09,,,2026-09-08 02:25:50
陕西省,长江流域,灶火庵,2026-09-08 02:00,2,22.46,8.17,6.72,368.4748,25.4019,1.19,,0.02,1.481,,,2026-09-08 02:25:50
陕西省,黄河流域,咸阳铁桥,2026-09-08 01:00,2,27,8.28,7.4,683.571,18.6313,2.47,0.021,0.026,5.8401,,,2026-09-08 02:25:50
陕西省,黄河流域,兴平,2026-09-08 01:00,2,25.83,8.26,6.3,682.9595,39.2427,3.19,,0.037,5.2009,,,2026-09-08 02:25:50
陕西省,黄河流域,泾河桥,2026-09-08 01:00,2,25.98,8.32,7.02,1325.15,74.9014,2.01,0.003,0.051,3.6797,,,2026-09-08 02:25:50
陕西省,黄河流域,黑河张家桥,2026-09-08 02:00,2,24.72,8.36,7.3,619.5843,96.931,2.62,0.081,0.045,1.5042,,,2026-09-08 02:25:50
陕西省,黄河流域,潼关吊桥,2026-09-08 00:00,3,26.59,8.55,9.51,1054.194,276.4686,4.27,,0.11,6.9347,,,2026-09-08 02:25:50
陕西省,黄河流域,王谦村,2026-09-08 02:00,3,25.327,8.18,7.08,1434,1045.5,3.79,0.328,0.104,3.516,,,2026-09-08 02:25:50
陕西省,黄河流域,张家庄,2026-09-08 00:00,2,26.4,8.27,7.85,362.9414,19.2849,3.57,,0.032,2.4082,,,2026-09-08 02:25:50
陕西省,黄河流域,杨家畔村,2026-09-08 02:00,3,22.61,8.88,7.68,1432.526,108.8874,5.74,0.007,0.082,7.8881,,,2026-09-08 02:25:50
陕西省,黄河流域,昝家山,2026-09-08 02:00,2,22.2,8.38,8.4,582.143,53.44978,1.93,0.02,0.034,4.2091,,,2026-09-08 02:25:50
陕西省,黄河流域,寺滩,2026-09-08 02:00,3,22.9,8.8,7.69,1223.292,176.3837,2.52,0.005,0.198,7.3081,,,2026-09-08 02:25:50
陕西省,黄河流域,朱家沟,2026-09-08 02:00,6,21.83,7.71,3.27,997.824,661.1932,7.08,2.928,0.644,8.9491,,,2026-09-08 02:25:50
陕西省,长江流域,烈金坝,2026-09-08 02:00,1,22.15,8.22,7.51,333.71,4.954,0.68,0.009,0.019,1.0178,,,2026-09-08 02:25:50
陕西省,长江流域,南柳渡,2026-09-08 01:00,2,26.91,8.17,6.67,309.7456,2.8885,2.23,0.011,0.033,1.634,,,2026-09-08 02:25:50
陕西省,长江流域,白水江,2026-09-08 02:00,2,25.23,8.14,6.63,317.247,9.577,0.84,,0.019,0.777,,,2026-09-08 02:25:50
陕西省,黄河流域,柏树坪,2026-09-08 02:00,3,23.70998,8.21,7.57,964.157,940.1066,3.59,,0.181,6.2801,,,2026-09-08 02:25:50
陕西省,黄河流域,温家川,2026-09-08 02:00,2,20.89,8.32,7.9,1252.095,486.6216,3.96,,0.082,3.1961,,,2026-09-08 02:25:50
陕西省,黄河流域,碛塄,2026-09-08 02:00,2,22.7,8.26,7.66,971.069,32.14869,1.99,0.244,0.023,3.0441,,,2026-09-08 02:25:50
陕西省,黄河流域,高家川,2026-09-08 02:00,4,19.21,8.43,8.15,634.294,523.2753,7.19,,0.177,2.3781,,,2026-09-08 02:25:50
陕西省,黄河流域,鱼河,2026-09-08 02:00,6,19.83,7.91,6.35,606.01,252.5014,6.97,2.193,0.391,5.6071,,,2026-09-08 02:25:50
陕西省,长江流域,白河城关,2026-09-08 01:00,2,27.19,7.75,7.1,234.1784,10.96,2.71,0.003,0.032,1.323,0.020568,,2026-09-08 02:25:50
陕西省,长江流域,南江河出陕界,2026-09-08 01:00,1,23.57,7.96,8.18,208.113,18.0406,0.64,,0.008,0.5162,,,2026-09-08 02:25:50
陕西省,长江流域,小钢桥,2026-09-08 02:00,3,28.1,7.83,5.96,306.2,6.8,2.39,,0.024,1.261,,,2026-09-08 02:25:50
陕西省,长江流域,老君关,2026-09-08 02:00,3,26.05,7.61,5.24,253.1476,14.7825,2.7,,0.023,1.564,,,2026-09-08 02:25:50
陕西省,长江流域,瀛湖坝前,2026-09-08 01:00,2,28.87,8.99,14.29,197.0644,23.3495,2.75,0.004,0.02,0.533,0.04042,4086404,2026-09-08 02:25:50
陕西省,长江流域,构峪口,2026-09-08 02:00,2,22.14,8.2,7.99,385.938,3.0937,2.14,,0.009,2.16,,,2026-09-08 02:25:50
陕西省,黄河流域,灵口,2026-09-08 01:00,2,24.62,8.24,6.86,475.9515,5.2896,0.75,0.006,0.009,1.463,,,2026-09-08 02:25:50
甘肃省,黄河流域,扶和桥,2026-09-08 01:00,2,17.11,8.24,8.22,511.7633,34.99164,2.04,0.068,0.016,1.71482,,,2026-09-08 02:25:50
甘肃省,黄河流域,新城桥,2026-09-08 02:00,2,18.35,8.26,7.02,579.87,138.851,1.94,0.028,0.047,2.1129,,,2026-09-08 02:25:50
甘肃省,黄河流域,湟水桥,2026-09-08 02:00,2,18.23,8.39,6.82,698.816,151.353,1.95,0.083,0.078,3.475,,,2026-09-08 02:25:50
甘肃省,西北诸河,迎山坡,2026-09-08 01:00,2,15.46525,8.22,6.56,507.7913,7.39877,,0.018,0.008,1.65349,,,2026-09-08 02:25:50
甘肃省,黄河流域,青城桥,2026-09-08 01:00,2,19.21083,8.25,6.7,640.5049,11.71739,1.34,0.045,0.02,2.44863,,,2026-09-08 02:25:50
甘肃省,黄河流域,五佛寺,2026-09-08 02:00,2,19.21007,8.34,7.16,732.597,57.00475,1.1,0.005,0.007,2.436,,,2026-09-08 02:25:50
甘肃省,黄河流域,靖远桥,2026-09-08 01:00,2,19.29139,8.39,6.73,649.4267,34.90751,1.33,0.08,0.026,2.40656,,,2026-09-08 02:25:50
甘肃省,黄河流域,桦林,2026-09-08 02:00,2,18,8.26,7.47,891.8,1148.7,2.68,0.389,0.061,4.452,,,2026-09-08 02:25:50
甘肃省,黄河流域,葡萄园,2026-09-08 02:00,2,21.52,8.33,7.58,1253.662,473.0789,2.91,,0.085,8.312,,,2026-09-08 02:25:50
甘肃省,黄河流域,先明峡桥,2026-09-08 01:00,1,14.77482,8.59,8.14,426.2297,17.66039,0.17,0.013,0.003,1.51646,,,2026-09-08 02:25:50
甘肃省,西北诸河,莺落峡,2026-09-08 01:00,1,14.62,8.36,9.34,681.9258,27.23448,1.03,0.068,0.018,1.72858,,,2026-09-08 02:25:50
甘肃省,西北诸河,皇城水库,2026-09-08 01:00,1,11.75982,8.14,8.23,489.2941,11.2031,0.71,0.009,0.001,1.41599,,,2026-09-08 02:25:50
甘肃省,西北诸河,六坝桥,2026-09-08 01:00,2,14.78352,8.47,9.09,639.5554,206.7464,3.88,0.272,0.053,4.74658,,,2026-09-08 02:25:50
甘肃省,黄河流域,长庆桥,2026-09-08 02:00,2,22.19,8.49,6.65,1009.667,77.07629,2.16,0.01,0.049,3.9841,,,2026-09-08 02:25:50
甘肃省,黄河流域,洮园桥,2026-09-08 01:00,2,18.58,8.32,7.55,410.6914,79.96125,2.01,0.078,0.053,3.14619,,,2026-09-08 02:25:50
甘肃省,长江流域,固水子村,2026-09-08 02:00,2,20.63,8.34,7.59,385.5,111.7,0.94,,0.084,1.039,,,2026-09-08 02:25:50
甘肃省,长江流域,两水桥,2026-09-08 01:00,1,,8.44,,391.579,79.47162,0.97,0.019,0.001,1.2531,,,2026-09-08 02:25:50
甘肃省,黄河流域,折桥,2026-09-08 01:00,2,16.2,8.46,9.07,468.9418,7.96252,2.08,0.107,0.037,3.04375,,,2026-09-08 02:25:50
甘肃省,黄河流域,玛曲,2026-09-08 01:00,3,14.83937,8.4,5.87,411.0796,40.51613,1.67,0.034,0.021,1.16655,,,2026-09-08 02:25:50
青海省,黄河流域,小峡桥,2026-09-08 01:00,4,15.12578,8.31,7.99,707.8655,184.9754,7.2,0.524,0.183,4.21879,,,2026-09-08 02:25:50
青海省,黄河流域,润泽桥,2026-09-08 01:00,2,14.54687,8.17,7.88,518.5612,66.69806,2.72,0.1,0.062,3.27127,,,2026-09-08 02:25:50
青海省,黄河流域,大河家,2026-09-08 01:00,1,14.11401,8.33,7.76,499.6181,39.81014,0.97,0.069,0.009,0.82425,,,2026-09-08 02:25:50
青海省,黄河流域,边墙村,2026-09-08 01:00,4,16.81649,8.38,7.49,857.4299,365.7448,4.9,0.866,0.209,6.5745,,,2026-09-08 02:25:50
青海省,黄河流域,峡塘,2026-09-08 01:00,2,14.90386,8.45,7.43,525.7659,38.81386,1.31,0.003,0.015,0.89723,,,2026-09-08 02:25:50
青海省,西北诸河,布哈河入青海湖口,2026-09-08 01:00,2,13.51576,8.41,7.09,525.9976,451.528,0.71,0.003,0.004,0.678,,,2026-09-08 02:25:50
青海省,黄河流域,唐乃亥,2026-09-08 01:00,4,16.75966,8.46,6.69,441.6506,113.0019,2.33,1.115,0.036,1.57814,,,2026-09-08 02:25:50
青海省,黄河流域,龙羊峡库区出水口,2026-09-08 01:00,2,14.73717,8.08,6.65,442.0818,6.14993,1.14,0.004,0.007,0.75886,0.00138,301164.7,2026-09-08 02:25:50
青海省,长江流域,直门达,2026-09-08 02:00,2,14.9813,8.38,6.72,1739.125,314.9375,1.26,0.422,0.086,1.045064,,,2026-09-08 02:25:50
青海省,西北诸河,总场水闸,2026-09-08 01:00,2,12.89,8.53,7.19,840.9554,105.1762,,,,,,,2026-09-08 02:25:50
青海省,西北诸河,纳赤台,2026-09-08 01:00,6,10.262,8.45,6.97,606.5,1225.6,4.31,0.639,1.463,0.007,,,2026-09-08 02:25:50
青海省,西北诸河,德令哈市水厂旁,2026-09-08 01:00,1,11.52967,8.18,9.16,788.4768,6.15796,0.17,0.01,0.004,1.16936,,,2026-09-08 02:25:50
宁夏回族自治区,黄河流域,叶盛公路桥,2026-09-08 01:00,2,20.61,8.2,7.27,921.3,274.79,1.44,,0.046,3.195,,,2026-09-08 02:25:50
宁夏回族自治区,黄河流域,银古公路桥,2026-09-08 01:00,2,25.36119,8.48,6.51,,5.77801,,,,,,,2026-09-08 02:25:50
宁夏回族自治区,黄河流域,平罗黄河大桥,2026-09-08 02:00,2,20.73,8.34,6.93,910.48,618.47,2.08,,0.083,3.644,,,2026-09-08 02:25:50
宁夏回族自治区,黄河流域,麻黄沟,2026-09-08 02:00,2,20.16,8.29,7.09,891.318,859.538,2.79,,0.074,3.3932,,,2026-09-08 02:25:50
宁夏回族自治区,黄河流域,沙湖,2026-09-08 01:00,3,19.83,8.7,7.15,1451.8,13.5,5.77,0.008,0.03,0.725,0.01362,2396000,2026-09-08 02:25:50
宁夏回族自治区,黄河流域,金沙湾,2026-09-08 01:00,2,20.078,8.38,7.41,920.16,206.3,1.98,0.004,0.067,3.353,,,2026-09-08 02:25:50
宁夏回族自治区,黄河流域,弹筝峡,2026-09-08 01:00,3,15.27,8.34,7.88,576.4,40.095,4.58,0.422,0.13,3.277,,,2026-09-08 02:25:50
宁夏回族自治区,黄河流域,沟圈,2026-09-08 02:00,4,19.3,8.57,7.51,1810.466,255.7632,7.04,0.004,0.105,4.9981,,,2026-09-08 02:25:50
宁夏回族自治区,黄河流域,泉眼山,2026-09-08 02:00,3,17.91,8.19,8.82,8421.564,2558.865,3.22,0.289,0.15,24.7011,,,2026-09-08 02:25:50
新疆维吾尔自治区,西北诸河,青年渠,2026-09-08 01:00,1,13.9,8.16,10.93,388.3845,32.82496,0.25,0.005,0.01,1.13623,,,2026-09-08 02:25:50
新疆维吾尔自治区,西北诸河,七纺桥,2026-09-08 01:00,1,12.96,8.48,7.93,2272.218,17.98525,0.68,0.014,0.017,10.50992,,,2026-09-08 02:25:50
新疆维吾尔自治区,西北诸河,赛湖2,2026-09-08 01:00,3,16.24719,,5.27,3042.28,6.85276,0.57,0.2,0.001,0.60483,0.00945,28950,2026-09-08 02:25:50
新疆维吾尔自治区,西北诸河,哈尔莫墩,2026-09-08 01:00,1,16.63,8.17,9.17,329.7971,10.41727,0.65,0.004,0.008,0.3711,,,2026-09-08 02:25:50
新疆维吾尔自治区,西北诸河,汇合口,2026-09-08 01:00,4,21.85,7.38,4.5,557.7054,7.3587,3.11,0.012,0.01,0.17908,,,2026-09-08 02:25:50
新疆维吾尔自治区,西北诸河,兰干,2026-09-08 01:00,2,23.93893,8.38,6.82,719.332,4.10359,2.78,0.004,0.011,0.53299,,,2026-09-08 02:25:50
新疆维吾尔自治区,西北诸河,塔提让,2026-09-08 01:00,1,21.2,8.39,8.49,1151.214,1444.003,0.22,0.005,0.002,,,,2026-09-08 02:25:50
新疆维吾尔自治区,西北诸河,龙口,2026-09-08 01:00,1,19.56049,8.25,8.75,639.6188,20.30403,0.08,0.007,0.008,1.07991,,,2026-09-08 02:25:50
新疆维吾尔自治区,西北诸河,塔里木拦河闸,2026-09-08 01:00,1,17.83128,8.11,8.2,527.7798,1417.301,0.26,0.001,0.006,0.84347,,,2026-09-08 02:25:50
新疆维吾尔自治区,西北诸河,十二医院,2026-09-08 01:00,1,17.1344,7.8,7.81,1086.586,37.91519,0.91,0.037,0.009,0.6456,,,2026-09-08 02:25:50
新疆维吾尔自治区,西北诸河,依干其渡口,2026-09-08 01:00,1,19.4687,8.37,7.63,396.4455,25.36581,0.24,0.002,0.01,0.73231,,,2026-09-08 02:25:50
新疆维吾尔自治区,西北诸河,喀河大桥,2026-09-08 01:00,2,20.20938,8,7.46,791.5092,21.36415,0.13,0.007,0.001,1.17343,,,2026-09-08 02:25:50
新疆维吾尔自治区,西北诸河,科布大桥,2026-09-08 01:00,1,14.66585,8.19,8.36,303.9056,119.5931,0.05,0.01,0.004,0.67151,,,2026-09-08 02:25:50
新疆维吾尔自治区,西北诸河,龙口大桥,2026-09-08 01:00,1,17.49327,7.73,8.61,276.7816,6.96643,0.55,0.008,0.007,0.54593,,,2026-09-08 02:25:50
新疆维吾尔自治区,西北诸河,羊场大桥,2026-09-08 01:00,2,19.65,8,7.31,565.9185,102.3661,1.23,0.018,0.018,1.82562,,,2026-09-08 02:25:50
新疆维吾尔自治区,西北诸河,喀什河大桥,2026-09-08 01:00,1,16.5,8.11,10.55,241.5742,56.85012,0.52,0.004,0.008,0.86589,,,2026-09-08 02:25:50
新疆维吾尔自治区,西北诸河,霍城63团伊犁河大桥,2026-09-08 01:00,2,18.937,7.68,6.82,359.021,828.749,1.35,0.037,0.041,1.499,,,2026-09-08 02:25:50
新疆维吾尔自治区,西北诸河,英牙尔乡,2026-09-08 01:00,2,20.93227,8.17,8.42,348.4668,76.37333,,0.001,0.071,1.40448,,,2026-09-08 02:25:50
新疆维吾尔自治区,西北诸河,雅马渡大桥,2026-09-08 01:00,3,18.969,7.56,5.8,277.364,30.284,0.87,0.008,0.021,0.731,,,2026-09-08 02:25:50
新疆维吾尔自治区,西北诸河,布尔津河大桥,2026-09-08 01:00,1,18.49,7.35,8.33,58.17761,12.10801,1.48,0.006,0.004,0.22128,,,2026-09-08 02:25:50
新疆维吾尔自治区,西北诸河,乌伦古湖码头,2026-09-08 01:00,3,22.56394,8.73,8.16,3766.924,10.65493,4.08,0.002,0.017,0.70469,0.01831,643563.7,2026-09-08 02:25:50
新疆维吾尔自治区,西北诸河,北屯大桥,2026-09-08 01:00,1,20.02991,8.05,7.68,83.40314,14.50891,0.61,0.005,0.008,,,,2026-09-08 02:25:50
新疆维吾尔自治区,西北诸河,布尔津水文站,2026-09-08 01:00,1,18.74,8.2,9.32,222.4491,11.63112,1.46,0.017,0.017,1.32569,,,2026-09-08 02:25:50
新疆维吾尔自治区,西北诸河,额河南湾,2026-09-08 02:00,1,18.538,7.51,8.55,166.1791,9.0967,0.01,0.01,0.011,0.86686,,,2026-09-08 02:25:50
北京市,海河流域,鼓楼外大街,2026-09-08 02:00,2,26.15,7.5,6.42,378.01,21.715,1.94,0.081,0.029,1.865,,,2026-09-08 02:47:01
北京市,海河流域,东店,2026-09-08 02:00,2,22.2194,7.97,8.71,742.5967,82.10321,2.14,0.05,0.092,12.87923,,,2026-09-08 02:47:01
天津市,海河流域,塘汉公路桥,2026-09-08 02:00,3,23.55,8.53,6.91,,,4.71,0.18,0.158,3.5821,,,2026-09-08 02:47:01
天津市,海河流域,蓟运河防潮闸,2026-09-08 02:00,4,27.14505,7.8,4.88,1063.977,20.87465,4.64,0.075,0.199,2.118603,,,2026-09-08 02:47:01
天津市,海河流域,于桥水库出口,2026-09-08 02:00,3,26.58,8.93,12.82,390.467,14.1833,5.25,0.016,0.034,2.1181,,,2026-09-08 02:47:01
天津市,海河流域,沙河桥,2026-09-08 02:00,2,24.34,7.56,6.42,675.29,18.32,1.32,0.07,0.065,10.326,,,2026-09-08 02:47:01
天津市,海河流域,西屯桥,2026-09-08 02:00,3,26.6,7.63,5.69,526.9,46.6375,4.68,0.401,0.107,3.205,,,2026-09-08 02:47:01
河北省,海河流域,下槐镇,2026-09-08 02:00,2,21.66,8.53,8.52,581.749,222.478,2.18,0.001,0.068,1.2754,,,2026-09-08 02:47:01
河北省,海河流域,沙阳,2026-09-08 02:00,2,27.35,7.92,8.39,1499.62,63.37,3.27,0.066,0.062,2.8325,,,2026-09-08 02:47:01
河北省,海河流域,后西吴桥,2026-09-08 02:00,3,27.07,8.16,5.65,956.87,80.55,3.72,0.062,0.152,9.7083,,,2026-09-08 02:47:01
河北省,海河流域,八号桥,2026-09-08 02:00,3,20.9,8.38,7.23,1088.996,395.9,5.7,0.524,0.157,3.578082,,,2026-09-08 02:47:01
河北省,海河流域,四埝村桥,2026-09-08 02:00,4,26.11,8,4.94,3925.826,47.592,5.79,0.062,0.106,0.941,,,2026-09-08 02:47:01
河北省,海河流域,吴村,2026-09-08 02:00,3,27.34,7.73,5.72,730.7,7.84,3.72,0.064,0.11,4.824,,,2026-09-08 02:47:01
河北省,海河流域,南张村,2026-09-08 02:00,2,29.22,8.19,6.96,245.19,2.465,1.67,0.034,0.008,0.7361,,,2026-09-08 02:47:01
河北省,海河流域,膳马庙村北,2026-09-08 02:00,5,27.06,7.44,2.24,1198.962,41.6816,5.23,0.12,0.093,3.8066,,,2026-09-08 02:47:01
山西省,海河流域,白羊墅,2026-09-08 02:00,6,21.73,7.94,7.12,842.75,661.973,12.17,2.709,0.548,7.442,,,2026-09-08 02:47:01
山西省,海河流域,北寨,2026-09-08 02:00,2,23.4,7.68,6.34,927.47,30.55,3.89,0.025,0.087,6.4819,,,2026-09-08 02:47:01
山西省,海河流域,后湾水库出口,2026-09-08 02:00,3,23.66,7.94,5.53,466.41,3.996,3.15,,0.021,0.585,,,2026-09-08 02:47:01
山西省,黄河流域,安固桥,2026-09-08 02:00,3,22.334,7.74,5.57,1325.043,61.4875,3.49,0.11,0.198,10.0126,,,2026-09-08 02:47:01
山西省,黄河流域,王庄桥南,2026-09-08 02:00,4,23.78,8.17,6.9,1161.97,37.98,9.72,0.002,0.1,4.987,,,2026-09-08 02:47:01
山西省,黄河流域,郝村,2026-09-08 02:00,3,22.36,7.94,5.48,965.554,85.369,4.54,0.035,0.134,2.7882,,,2026-09-08 02:47:01
山西省,黄河流域,小韩村,2026-09-08 02:00,3,24.25,7.65,5.4,2017.9,27.414,3.09,0.122,0.121,9.526,,,2026-09-08 02:47:01
山西省,海河流域,南庄,2026-09-08 02:00,3,20.32,8.32,8.24,514.11,214.8431,3.67,,0.101,6.2521,,,2026-09-08 02:47:01
内蒙古自治区,松花江流域,陶海,2026-09-08 02:00,4,15,7.51,9.52,149.6,24,6.86,,0.066,0.421,,,2026-09-08 02:47:01
内蒙古自治区,松花江流域,讷尔克气,2026-09-08 02:00,4,13.2,7.13,9.36,69.005,15.88,6.52,0.012,0.025,0.248,,,2026-09-08 02:47:01
内蒙古自治区,松花江流域,察尔森水库西入口,2026-09-08 02:00,3,19.83,7.69,7.22,169.71,33.67,3.44,,0.028,1.454,0.01572,3104440,2026-09-08 02:47:01
辽宁省,辽河流域,麦家,2026-09-08 02:00,3,25.06,8.22,7.68,461.3,17.43,4.7,0.052,0.09,2.442,,,2026-09-08 02:47:01
辽宁省,辽河流域,万泰,2026-09-08 02:00,2,25.81,8.94,10.57,142.984,8.25746,3.2,0.024,0.02,2.42692,,,2026-09-08 02:47:01
辽宁省,辽河流域,口子街,2026-09-08 02:00,2,22.56,7.98,6.17,285.8,4.40829,1.94,0.026,0.025,3.657,,,2026-09-08 02:47:01
辽宁省,辽河流域,凤鸣电站,2026-09-08 02:00,2,22.51,8.13,8.76,225.97,9.154,2.47,,0.021,3.268,,,2026-09-08 02:47:01
辽宁省,辽河流域,南太子河入库口,2026-09-08 02:00,2,21.35,7.48,7.25,192.6,2.43,0.19,0.004,0.008,4.76,,,2026-09-08 02:47:01
辽宁省,辽河流域,蒲石河大桥,2026-09-08 02:00,2,23.89,7.54,7.46,212.76,4.554,1.42,0.034,0.019,2.522,,,2026-09-08 02:47:01
辽宁省,辽河流域,王家沟,2026-09-08 02:00,2,20.68,8.09,7.33,740.19,8.37,1.79,0.025,0.025,5.122,,,2026-09-08 02:47:01
辽宁省,辽河流域,西八千,2026-09-08 02:00,2,19.6,8.51,8.6,655.98,26.47,3.59,0.021,0.038,4.968,,,2026-09-08 02:47:01
辽宁省,辽河流域,张家堡,2026-09-08 02:00,2,20.17,8.02,6.1,714.88,8.181,2.34,0.253,0.057,6.308,,,2026-09-08 02:47:01
辽宁省,辽河流域,西树林,2026-09-08 02:00,3,23.11,7.99,5.81,872.2,29.1,4.22,0.286,0.146,5.009,,,2026-09-08 02:47:01
辽宁省,辽河流域,高台子,2026-09-08 02:00,5,20.25,7.65,2.52,1090.82,22.324,4.2,,0.109,6.014,,,2026-09-08 02:47:01
辽宁省,辽河流域,下口子,2026-09-08 02:00,4,22.17,7.62,4.83,612.4,12.95,2.59,0.022,0.062,3.153,,,2026-09-08 02:47:01
辽宁省,辽河流域,河洪桥,2026-09-08 02:00,3,21.6786,7.56,6.02,789.837,18.1215,3.61,0.488,0.131,7.721,,,2026-09-08 02:47:01
辽宁省,辽河流域,二道河水库口,2026-09-08 02:00,2,18.9519,7.8,6,426.014,1.80493,1.17,0.001,0.006,3.009,,,2026-09-08 02:47:01
辽宁省,辽河流域,下王家,2026-09-08 02:00,2,21.2353,7.44,6.47,612.323,5.00317,1.54,0.008,0.028,4.993,,,2026-09-08 02:47:01
辽宁省,辽河流域,下达河入汤河水库口,2026-09-08 02:00,2,19.0489,7.88,6.52,422.227,3.488,1.68,0.001,0.014,3.603,,,2026-09-08 02:47:01
辽宁省,辽河流域,胜利塘,2026-09-08 02:00,4,22.24,7.7,3.22,1025.98,73.93,6.3,0.119,0.135,1.403,,,2026-09-08 02:47:01
辽宁省,辽河流域,清河水库入库口,2026-09-08 02:00,2,16.18,7.61,8.4,333.45,17.18,1.84,0.032,0.076,7.134,,,2026-09-08 02:47:01
辽宁省,辽河流域,李家湾大桥,2026-09-08 02:00,2,16,7.89,8.66,527.7,32.5,1.13,,0.029,4.882,,,2026-09-08 02:47:01
吉林省,松花江流域,新立城大坝,2026-09-08 02:00,3,23.0563,8.89,7.77,275.825,13.8738,4.99,0.03,0.039,0.927,,,2026-09-08 02:47:01
吉林省,松花江流域,镇江口,2026-09-08 02:00,3,20.31,7.8,8.18,307.1,70.5,4.53,,0.134,3.943,,,2026-09-08 02:47:01
吉林省,松花江流域,白旗,2026-09-08 02:00,3,19.6281,7.28,7.73,261.568,50.4762,3.87,0.036,0.102,4.7638,,,2026-09-08 02:47:01
吉林省,松花江流域,福兴,2026-09-08 02:00,3,21.6,8.88,15.84,328.55,28.604,4.03,0.016,0.069,3.822,,,2026-09-08 02:47:01
吉林省,松花江流域,蛟河口,2026-09-08 02:00,3,17.615,7.65,7.58,284.773,45.81,4.97,0.104,0.079,4.29,,,2026-09-08 02:47:01
吉林省,松花江流域,哨口,2026-09-08 02:00,3,21.0125,7.05,7.62,254.716,53.5542,4.05,0.1,0.095,4.2318,,,2026-09-08 02:47:01
吉林省,松花江流域,肖家船口,2026-09-08 02:00,2,15.9519,7.24,7.91,204.088,2.4834,2.6,0.06,0.056,3.3178,,,2026-09-08 02:47:01
吉林省,松花江流域,烟筒山,2026-09-08 02:00,2,19.22,8.01,7.92,342.729,57.684,2.74,0.067,0.058,3.68,,,2026-09-08 02:47:01
吉林省,辽河流域,民主,2026-09-08 02:00,2,22.311,8.84,10.84,324.6,21.216,3.24,0.01,0.026,3.224,,,2026-09-08 02:47:01
吉林省,松花江流域,高集岗桥,2026-09-08 02:00,2,20.85,7.83,8.15,275.9,33.184,3.09,0.021,0.049,4.125,,,2026-09-08 02:47:01
吉林省,辽河流域,葫芦套,2026-09-08 02:00,2,21.31,7.86,8.35,120.567,34.844,2.5,0.017,0.042,1.24,,,2026-09-08 02:47:01
吉林省,辽河流域,大阳岔,2026-09-08 02:00,2,10.67,7.99,6.09,289.062,8.207,0.59,,0.016,1.387,,,2026-09-08 02:47:01
吉林省,松花江流域,崇善,2026-09-08 02:00,4,14.57,7.25,10.37,87.761,33.038,6.74,0.035,0.105,1.073,,,2026-09-08 02:47:01
吉林省,松花江流域,榆树川,2026-09-08 02:00,2,20.22,7.86,7.79,204.026,24.358,2.89,0.021,0.043,1.973,,,2026-09-08 02:47:01
吉林省,松花江流域,三家子,2026-09-08 02:00,3,20.44,7.36,8.68,103.227,48.268,4.36,0.022,0.044,1.28,,,2026-09-08 02:47:01
吉林省,松花江流域,建封路大桥,2026-09-08 02:00,2,12.44,7.66,9.91,205.897,15.451,1.41,0.012,0.071,0.756,,,2026-09-08 02:47:01
黑龙江省,松花江流域,苗家,2026-09-08 02:00,3,20,7.71,8.43,203,57.2,4.44,0.046,0.155,2.152,,,2026-09-08 02:47:01
黑龙江省,松花江流域,朱顺屯,2026-09-08 02:00,4,22.5475,7.73,6.36,241.995,80.4499,6.71,0.05,0.146,1.647,,,2026-09-08 02:47:01
黑龙江省,松花江流域,阿什河口内,2026-09-08 02:00,4,20.374,7.04,3.04,617.66,28.22,4.75,1.054,0.141,4.652,,,2026-09-08 02:47:01
黑龙江省,松花江流域,大顶子山,2026-09-08 02:00,3,22.6528,7.5,6.62,247.556,50.2078,5.14,0.049,0.116,3.573,,,2026-09-08 02:47:01
黑龙江省,松花江流域,名山,2026-09-08 02:00,5,17.163,7.53,8.78,112.854,42.335,11.64,0.058,0.045,0.827,,,2026-09-08 02:47:01
黑龙江省,松花江流域,饶河上,2026-09-08 02:00,5,19.86,6.72,5.74,65.2,26.15,11.15,0.039,0.059,0.985,,,2026-09-08 02:47:01
黑龙江省,松花江流域,友好,2026-09-08 02:00,6,13.97,6.7,9,65.108,23.366,25.01,0.022,0.066,1.714,,,2026-09-08 02:47:01
黑龙江省,松花江流域,三道,2026-09-08 02:00,5,23.12,7.2,5.82,119.34,118.52,5.54,0.059,0.131,3.217,0.057861,30080,2026-09-08 02:47:01
黑龙江省,松花江流域,呼玛河口内,2026-09-08 02:00,4,15.79,7.4,9.76,73.22,1.58,6.69,,0.026,0.194,,,2026-09-08 02:47:01
上海市,太湖流域,浙江路桥,2026-09-08 02:00,4,29.662,7.38,3.44,441.855,34.852,3.11,0.014,0.174,2.218,,,2026-09-08 02:47:01
江苏省,长江流域,节制闸,2026-09-08 02:00,2,27.57,7.74,6.52,301.32,22.12,2.19,0.035,0.059,1.656,,,2026-09-08 02:47:01
江苏省,太湖流域,百渎港桥,2026-09-08 02:00,4,28.29,7.34,3.96,480.3,35.12,3.8,0.011,0.112,1.763,,,2026-09-08 02:47:01
江苏省,淮河流域,李庄,2026-09-08 02:00,3,28.7,8.4,8.79,597.8,15.1,4.97,0.126,0.129,2.355,,,2026-09-08 02:47:01
江苏省,淮河流域,蔺家坝,2026-09-08 02:00,4,27.98,7.72,3.7,1434,36.3,5.7,0.016,0.099,1.024,,,2026-09-08 02:47:01
江苏省,淮河流域,华山闸,2026-09-08 02:00,3,28.02,8.83,11.55,1166.5,9.08,5.57,0.004,0.054,0.813,,,2026-09-08 02:47:01
江苏省,淮河流域,艾山西大桥,2026-09-08 02:00,4,26.66,7.92,11.35,898.138,22.359,7.04,0.077,0.106,4.821,,,2026-09-08 02:47:01
江苏省,太湖流域,黄埝桥,2026-09-08 02:00,3,28.45,7.78,5.89,363.9,35.21,2.07,0.039,0.098,1.795,,,2026-09-08 02:47:01
江苏省,太湖流域,九号桥,2026-09-08 02:00,2,27.92,7.89,6.81,323.1,37.9,1.86,0.026,0.079,2.147,,,2026-09-08 02:47:01
江苏省,太湖流域,江边闸,2026-09-08 02:00,2,28.18,8.1,6.48,423.4,36.24,2.84,,0.078,1.057,,,2026-09-08 02:47:01
江苏省,太湖流域,瓜泾口西,2026-09-08 02:00,3,29.05,8.29,5.21,348.8,12.33,4.69,,0.045,0.672,,,2026-09-08 02:47:01
江苏省,长江流域,碾砣港闸,2026-09-08 02:00,2,28.25,7.96,6.69,330.3,31.85,1.66,0.012,0.086,1.76,,,2026-09-08 02:47:01
江苏省,长江流域,大洋港桥,2026-09-08 02:00,4,28.82,7.66,4.69,649.1,27.66,2.85,0.091,0.187,2.131,,,2026-09-08 02:47:01
江苏省,淮河流域,小洋口,2026-09-08 02:00,4,26.95,7.97,10.58,993.7,24.71,6.12,0.047,0.291,1.058,,,2026-09-08 02:47:01
江苏省,淮河流域,唐曹,2026-09-08 02:00,4,25.58,7.46,4.87,463.8,69.6,4.81,0.26,0.148,1.009,,,2026-09-08 02:47:01
江苏省,淮河流域,槐泗河口,2026-09-08 02:00,2,27.13,8.03,6.54,447.7,50.81,3.45,0.03,0.094,1.793,,,2026-09-08 02:47:01
江苏省,淮河流域,大运河船闸,2026-09-08 02:00,3,26.36,7.88,5.94,432.2,119.1,4.47,0.086,0.137,2.187,,,2026-09-08 02:47:01
江苏省,长江流域,小河口上游,2026-09-08 02:00,2,28.29,7.89,6.71,295.8,56.34,1.85,0.054,0.081,1.732,,,2026-09-08 02:47:01
江苏省,淮河流域,曹庄桥,2026-09-08 02:00,4,27.89,7.63,4.78,538.6,40.57,3.62,,0.099,1.442,,,2026-09-08 02:47:01
江苏省,淮河流域,临淮乡入湖口,2026-09-08 02:00,4,28.67,8.67,10.81,717.8,15.44,6.35,0.039,0.048,0.787,,,2026-09-08 02:47:01
江苏省,淮河流域,团结闸,2026-09-08 02:00,4,28.03,8.85,11.13,1474.6,12.59,7.6,0.026,0.049,1.104,,,2026-09-08 02:47:01
江苏省,淮河流域,大屈,2026-09-08 02:00,4,28.5,8.24,8.84,863.04,11.238,6.62,0.082,0.122,1.127,,,2026-09-08 02:47:01
浙江省,浙闽片河流,桐庐,2026-09-08 02:00,2,25.65,7.36,6.91,206.8,10.9,1.52,0.002,0.068,1.885,,,2026-09-08 02:47:01
浙江省,浙闽片河流,大嵩,2026-09-08 02:00,2,28.71,7.15,6.69,122.09,8.71,1.69,0.017,0.057,1.556,,,2026-09-08 02:47:01
浙江省,浙闽片河流,北湖中心,2026-09-08 02:00,4,27.58,6.6,4.35,90.85,38.46,2.98,0.067,0.037,0.944,0.00363,586411,2026-09-08 02:47:01
浙江省,浙闽片河流,赵山渡,2026-09-08 02:00,1,23.42,6.66,7.58,39.22,16.15,1.01,0.012,0.015,0.64,,,2026-09-08 02:47:01
浙江省,太湖流域,青阳汇,2026-09-08 02:00,4,28.11,7.17,3.51,392.6,79.24,5.07,0.018,0.173,1.768,,,2026-09-08 02:47:01
浙江省,太湖流域,乌镇北,2026-09-08 02:00,5,28.1,7.05,2.63,299.9,43.2,3.45,0.023,0.094,2.337,,,2026-09-08 02:47:01
浙江省,浙闽片河流,屠家埠,2026-09-08 02:00,2,27.749,7.23,7.36,125.86,14.539,1.9,0.053,0.069,2.325,,,2026-09-08 02:47:01
浙江省,浙闽片河流,洪坞桥,2026-09-08 02:00,3,28.33,7.25,6.3,202.5,6.6,2.32,0.023,0.132,2.579,,,2026-09-08 02:47:01
浙江省,浙闽片河流,将军岩,2026-09-08 02:00,3,28.291,6.92,6.42,198.57,16.48,2.24,0.037,0.121,1.961,,,2026-09-08 02:47:01
浙江省,浙闽片河流,临城,2026-09-08 02:00,2,28.74,8.01,8.68,2775,9.83,3.52,0.069,0.044,1.337,,,2026-09-08 02:47:01
浙江省,浙闽片河流,长潭水库坝口,2026-09-08 02:00,2,27.106,8.14,10.58,44.076,1.274,1.65,0.002,0.011,0.363,,,2026-09-08 02:47:01
安徽省,巢湖流域,牛角大圩,2026-09-08 02:00,4,28.28,7.45,3.82,358.701,58.1195,4.74,,0.13,2.211,,,2026-09-08 02:47:01
安徽省,长江流域,西河入裕溪河口,2026-09-08 02:00,4,28.4,7.51,4.17,286.7096,57.6306,3.54,0.143,0.095,0.8701,,,2026-09-08 02:47:01
安徽省,淮河流域,公路桥,2026-09-08 02:00,3,28.21,7.73,7.58,372.8394,30.8167,5.51,0.159,0.11,0.903,,,2026-09-08 02:47:01
安徽省,淮河流域,奎河苏皖省界,2026-09-08 02:00,4,27.91,7.8,10.66,1166.3,33.9,6.58,0.05,0.124,2.893,,,2026-09-08 02:47:01
安徽省,长江流域,泾南交界,2026-09-08 02:00,2,25.55,7.83,7.04,190.8721,11.0252,1.74,0.002,0.034,1.014,,,2026-09-08 02:47:01
福建省,浙闽片河流,建阳坪州大桥,2026-09-08 02:00,2,28.17,7.46,8.4,112.18,6.203,1.77,0.012,0.051,1.014,,,2026-09-08 02:47:01
福建省,浙闽片河流,政和西津,2026-09-08 02:00,2,27.625,7.18,7.27,81.173,13.177,2.2,0.081,0.049,1.31,,,2026-09-08 02:47:01
福建省,浙闽片河流,八都,2026-09-08 02:00,2,24.39,6.72,8.44,35.809,11.847,1.98,0.012,0.05,0.858,,,2026-09-08 02:47:01
福建省,浙闽片河流,古田黄田,2026-09-08 02:00,2,28.996,7.01,6.97,93.388,16.828,2.26,0.078,0.055,1.416,,,2026-09-08 02:47:01
江西省,长江流域,鲇鱼山,2026-09-08 02:00,2,30.21,7.77,7.2,188.91,7.12,2.22,0.036,0.05,1.265,,,2026-09-08 02:47:01
江西省,长江流域,三都,2026-09-08 02:00,3,25.06,6.72,5.61,99.14,4.94,2.17,0.012,0.047,0.995,,,2026-09-08 02:47:01
山东省,淮河流域,群乐桥,2026-09-08 02:00,4,20.64,7.76,5.6,2087.71,202.701,6.33,0.103,0.28,3.248,,,2026-09-08 02:47:01
山东省,淮河流域,王晁桥,2026-09-08 02:00,4,27.305,7.65,3.23,1186.92,20.525,3.2,0.06,0.116,5.583,,,2026-09-08 02:47:01
山东省,淮河流域,十字河大桥,2026-09-08 02:00,4,28.64,8.23,9.2,1240.12,4.235,6.18,0.003,0.038,0.464,,,2026-09-08 02:47:01
山东省,淮河流域,贾庄闸,2026-09-08 02:00,3,27.32,7.55,7.28,1138.87,15.351,4.01,0.005,0.108,5.585,,,2026-09-08 02:47:01
山东省,淮河流域,兖州南大桥,2026-09-08 02:00,2,27.92,7.6,6.25,1048.95,13.279,3.99,0.049,0.071,0.8127,,,2026-09-08 02:47:01
山东省,淮河流域,105公路桥,2026-09-08 02:00,5,28.925,7.66,2.74,1704.33,53.048,5.27,0.152,0.169,3.36,,,2026-09-08 02:47:01
山东省,淮河流域,高河桥,2026-09-08 02:00,4,29.123,8.36,7.41,1390.41,23.374,7.22,0.009,0.088,1.436,,,2026-09-08 02:47:01
山东省,淮河流域,老运河微山段,2026-09-08 02:00,2,29.142,8.03,7.02,1342.66,13.81,3.98,0.022,0.03,1.221,,,2026-09-08 02:47:01
山东省,淮河流域,西支河入湖口,2026-09-08 02:00,3,29.443,8.48,12.77,1374.98,20.655,6,0.004,0.031,1.143,,,2026-09-08 02:47:01
山东省,淮河流域,鲁桥,2026-09-08 02:00,3,28.64,8.03,5.64,1451.88,28.464,5.68,0.031,0.076,0.86,,,2026-09-08 02:47:01
山东省,淮河流域,牛庄闸,2026-09-08 02:00,2,29.002,8.25,11.42,961.255,20.955,3.3,0.024,0.001,0.868,,,2026-09-08 02:47:01
山东省,淮河流域,夏庄,2026-09-08 02:00,5,27.01,8.96,2.2,520,38.7,10.82,0.006,0.224,1.36886,,,2026-09-08 02:47:01
山东省,淮河流域,临沭大兴桥,2026-09-08 02:00,4,27.465,8.5,17,824.22,13.75,6.97,0.002,0.112,0.973,,,2026-09-08 02:47:01
山东省,淮河流域,310公路桥,2026-09-08 02:00,6,26.33,7.17,0.77,860.09,4.02,3.25,0.048,0.109,0.282,,,2026-09-08 02:47:01
山东省,淮河流域,云蒙湖湖心,2026-09-08 02:00,3,23,8.89,9.9,414.1,1,4.6,0.052,0.023,3.01,0.01475,5046880,2026-09-08 02:47:01
山东省,海河流域,胜利桥,2026-09-08 02:00,3,26.669,7.96,7.12,2063.485,18.051,5.51,0.047,0.11,2.613,,,2026-09-08 02:47:01
山东省,海河流域,富国,2026-09-08 02:00,3,26.095,8.21,6.5,2013.22,32.05,5.91,0.035,0.096,1.051,,,2026-09-08 02:47:01
山东省,淮河流域,于楼,2026-09-08 02:00,3,28.654,8.76,12.07,1779.56,31.808,5.79,0.03,0.118,0.979,,,2026-09-08 02:47:01
山东省,淮河流域,徐寨,2026-09-08 02:00,3,27.266,8.57,11.14,1674.34,33.997,5.5,0.003,0.134,1.745,,,2026-09-08 02:47:01
河南省,黄河流域,七里铺,2026-09-08 02:00,3,27.5756,7.94,6.75,598.791,26.1753,2.83,0.06,0.131,4.032,,,2026-09-08 02:47:01
河南省,黄河流域,高崖寨,2026-09-08 02:00,2,27.42,8.25,6.95,515.68,4.52,2.23,0.038,0.033,2.456,,,2026-09-08 02:47:01
河南省,黄河流域,龙门大桥,2026-09-08 02:00,2,25.956,8.34,7.62,486.273,60.364,2.91,0.002,0.048,3.081,,,2026-09-08 02:47:01
河南省,黄河流域,白马寺,2026-09-08 02:00,3,27.56,7.86,7.65,643.3,20.1,2.57,0.071,0.167,4.059,,,2026-09-08 02:47:01
河南省,黄河流域,潭头,2026-09-08 02:00,2,25.15,7.95,6.98,577.3,7.5748,1.78,0.367,0.015,3.346,,,2026-09-08 02:47:01
河南省,海河流域,彰武水库,2026-09-08 02:00,2,27.754,8.18,8.94,567.3,4.75,2.19,,0.014,2.9083,,,2026-09-08 02:47:01
河南省,黄河流域,武陟渠首,2026-09-08 02:00,2,28.07,7.93,8.82,839.87,33.4,1.2,0.019,0.05,4.407,,,2026-09-08 02:47:01
河南省,海河流域,濮阳西水坡,2026-09-08 02:00,2,28.7,8.8,6.37,832.63,3,2.81,0.079,0.01,0.707,,,2026-09-08 02:47:01
河南省,淮河流域,舞阳马湾,2026-09-08 02:00,2,28.701,8.14,10.87,650.533,34.294,2.5,0.032,0.04,5.809,,,2026-09-08 02:47:01
河南省,长江流域,方城夏河,2026-09-08 02:00,4,26.18,7.67,4.84,666.4911,41.587,2.3,0.05,0.092,5.819,,,2026-09-08 02:47:01
河南省,淮河流域,新蔡李桥,2026-09-08 02:00,4,28.695,8.02,6.44,954.079,30.383,2.37,0.103,0.233,3.284,,,2026-09-08 02:47:01
湖北省,长江流域,玉皇滩,2026-09-08 02:00,1,27.623,8.4,8.34,363.3,3.034,1.72,0.026,0.007,1.107,,,2026-09-08 02:47:01
湖北省,长江流域,神定河口,2026-09-08 02:00,3,29.1,7.82,6.41,629.718,22.597,3.08,0.077,0.174,10.61,,,2026-09-08 02:47:01
湖北省,长江流域,马渡河,2026-09-08 02:00,2,24.66,7.56,9.24,322.73,3.61,2.54,0.006,0.014,2.178,,,2026-09-08 02:47:01
湖北省,长江流域,两河口,2026-09-08 02:00,2,28.431,7.61,7.61,576.1459,15.702,2.88,0.015,0.043,3.3273,,,2026-09-08 02:47:01
湖北省,长江流域,云池,2026-09-08 02:00,2,27.67,7.84,7.06,431.55,7.69,1.8,,0.036,1.754,,,2026-09-08 02:47:01
湖北省,长江流域,马良龚家湾,2026-09-08 02:00,4,27.744,7.33,3.3,2258.48,61.9255,6.02,1.203,0.212,4.8333,,,2026-09-08 02:47:01
湖北省,长江流域,应城公路桥,2026-09-08 02:00,2,28.51,8.2,11.13,564.09,13.8076,2.2,0.0004,0.021,0.2848,,,2026-09-08 02:47:01
湖北省,长江流域,荆州河口,2026-09-08 02:00,2,28.99,7.86,13.89,528.6628,22.0925,3.31,,0.044,2.0261,,,2026-09-08 02:47:01
湖北省,长江流域,平林,2026-09-08 02:00,3,28.63,8.74,11.08,298.921,1.512,4.37,0.017,0.051,0.808,,,2026-09-08 02:47:01
湖北省,长江流域,江口村,2026-09-08 02:00,1,28.05,8.63,10.65,182.62,5.396,0.76,,0.012,0.869,,,2026-09-08 02:47:01
湖北省,长江流域,恩施大沙坝,2026-09-08 02:00,3,22.5,7.45,5.85,347.01,4.8,1.89,0.164,0.105,3.627,,,2026-09-08 02:47:01
湖北省,长江流域,乐坪桥,2026-09-08 02:00,1,23.813,7.84,8.22,232.533,0.992,0.27,0.005,0.005,0.85,,,2026-09-08 02:47:01
湖北省,长江流域,积玉口荷花村,2026-09-08 02:00,5,28.11,7.41,2.17,409.5912,19.9556,4.86,0.067,0.072,1.464,,,2026-09-08 02:47:01
湖北省,长江流域,运粮湖同心队,2026-09-08 02:00,4,28.317,7.44,3.61,465.8,26.64,2.97,0.051,0.087,2.131,,,2026-09-08 02:47:01
湖北省,长江流域,拖市,2026-09-08 02:00,3,27.95,7.44,5.15,444.7,48.215,3.92,0.001,0.088,1.1366,,,2026-09-08 02:47:01
湖南省,长江流域,昭山,2026-09-08 02:00,2,25,7.08,6.92,181.9,176.2,2.29,,0.069,1.48,,,2026-09-08 02:47:01
湖南省,长江流域,捞刀河口,2026-09-08 02:00,2,27.06,6.93,7.3,213.4,5.8901,2.75,0.044,0.07,1.925,,,2026-09-08 02:47:01
湖南省,长江流域,塘渡口,2026-09-08 02:00,2,22.13,7.85,8.62,167.2693,33.1827,1.39,0.014,0.042,1.685,,,2026-09-08 02:47:01
湖南省,长江流域,绥宁河口镇,2026-09-08 02:00,2,22.5859,7.66,9.29,90.9484,23.1951,1.05,0.016,0.032,0.8933,,,2026-09-08 02:47:01
湖南省,长江流域,蒋家嘴,2026-09-08 02:00,3,25.02,7.64,6.28,207.681,28.7,1.41,0.06,0.029,1.307,0.00224,1.6889,2026-09-08 02:47:01
湖南省,长江流域,小河嘴,2026-09-08 02:00,3,27.8,8.22,9.45,229.896,19.0959,1.44,,0.027,1.151,0.00605974,5.63208,2026-09-08 02:47:01
湖南省,长江流域,地阳坪公路大桥,2026-09-08 02:00,2,24.69,7.12,7.64,95.1811,6.246,1.3,,0.034,0.586,,,2026-09-08 02:47:01
湖南省,长江流域,浦市上游,2026-09-08 02:00,2,27.68,7.77,6.93,177.17,3.92,0.8,0.009,0.034,1.025,,,2026-09-08 02:47:01
湖南省,长江流域,武水汇合口,2026-09-08 02:00,2,28.02,7.68,7.09,182.887,4.4308,0.88,0.002,0.031,0.937,,,2026-09-08 02:47:01
广东省,珠江流域,莲花山,2026-09-08 02:00,4,28.904,7.19,4.64,238.337,97.466,3.49,,0.085,2.65,,,2026-09-08 02:47:01
广东省,珠江流域,流溪河山庄,2026-09-08 02:00,2,28.778,6.94,6.21,89.605,8.897,1.47,0.045,0.042,1.394,,,2026-09-08 02:47:01
广东省,珠江流域,九龙潭,2026-09-08 02:00,2,27.833,6.79,7.66,74.038,,0.79,0.022,0.03,1.014,,,2026-09-08 02:47:01
广东省,珠江流域,增江口,2026-09-08 02:00,2,28.593,6.86,6.57,81.809,18.878,1.87,0.018,0.056,2.131,,,2026-09-08 02:47:01
广东省,珠江流域,鸦岗,2026-09-08 02:00,5,29.46,7.01,2.72,269.2,32.92,3.24,0.302,0.1,3.253,,,2026-09-08 02:47:01
广东省,珠江流域,共和村,2026-09-08 02:00,5,28.457,7.1,2.01,640.302,9.794,3.97,1.904,0.182,5.521,,,2026-09-08 02:47:01
广东省,珠江流域,珠海大桥,2026-09-08 02:00,3,28.18,7.63,5.74,227.894,208.842,1.76,,0.092,2.066,,,2026-09-08 02:47:01
广东省,珠江流域,石角咀水闸,2026-09-08 02:00,4,30.47,7.24,3.59,425.694,140.728,2.54,0.156,0.15,2.988,,,2026-09-08 02:47:01
广东省,珠江流域,布洲,2026-09-08 02:00,2,27.29,7.76,6.22,233.558,226.529,2.64,,0.075,3.22,,,2026-09-08 02:47:01
广东省,珠江流域,隆都,2026-09-08 02:00,2,26.626,6.88,7.48,94.733,122.851,2.8,0.003,0.068,4.035,,,2026-09-08 02:47:01
广东省,珠江流域,外砂,2026-09-08 02:00,2,27.402,7.01,7.52,98.283,137.824,2.54,0.028,0.05,1.416,,,2026-09-08 02:47:01
广东省,珠江流域,莲阳桥闸,2026-09-08 02:00,2,27.246,6.8,7.54,92.188,165.266,1.7,0.004,0.046,3.075,,,2026-09-08 02:47:01
广东省,珠江流域,黄坡,2026-09-08 02:00,-1,,,,,,,,,,,,2026-09-08 02:47:01
广东省,珠江流域,排里,2026-09-08 02:00,3,31.15,8.17,11.81,169.55,13.41,5.76,0.014,0.09,1.812,,,2026-09-08 02:47:01
广东省,珠江流域,黄竹尾水闸,2026-09-08 02:00,3,30.92,7.15,5.09,137.82,27.26,3.75,,0.088,1.891,,,2026-09-08 02:47:01
广东省,珠江流域,梁村,2026-09-08 02:00,2,27.4733,7.33,6.72,161.6741,33.47805,1.25,0.024,0.082,2.076,,,2026-09-08 02:47:01
广东省,珠江流域,黄岗,2026-09-08 02:00,3,27.859,7.53,5.35,206.88,152.811,4.73,0.01,0.076,5.685,,,2026-09-08 02:47:01
广东省,珠江流域,惠州汝湖,2026-09-08 02:00,2,27.353,6.81,6.63,90.31,17.327,1.77,0.003,0.045,1.731,,,2026-09-08 02:47:01
广东省,珠江流域,陆丰半湾水闸,2026-09-08 02:00,2,28.162,7.18,8.54,56.373,11.735,1.08,0.009,0.037,1.209,,,2026-09-08 02:47:01
广东省,珠江流域,龙川城铁路桥,2026-09-08 02:00,2,28.376,6.97,7.7,90.784,15.327,1.83,0.016,0.036,1.425,,,2026-09-08 02:47:01
广东省,珠江流域,尖山,2026-09-08 02:00,4,29.71,6.57,4.18,131.06,32.81,4.48,0.33,0.164,2.31,,,2026-09-08 02:47:01
广东省,珠江流域,大泉,2026-09-08 02:00,4,30.56,6.62,3.8,866.1,9,3.3,0.49,0.109,2.115,,,2026-09-08 02:47:01
广东省,珠江流域,连江西牛,2026-09-08 02:00,2,25.744,8,8.09,219.881,10.798,1.22,0.002,0.036,1.183,,,2026-09-08 02:47:01
广东省,珠江流域,凤江桥,2026-09-08 02:00,3,27.324,6.86,6.9,101.71,52.132,2.37,0.103,0.122,2.744,,,2026-09-08 02:47:01
广东省,珠江流域,隆溪大道桥,2026-09-08 02:00,2,27.559,6.38,6.43,90.001,12.455,1.4,0.116,0.06,1.538,,,2026-09-08 02:47:01
广东省,珠江流域,古封,2026-09-08 02:00,2,27.94,7.68,6.22,238.06,98.97,1.68,0.087,0.044,2.891,,,2026-09-08 02:47:01
广东省,珠江流域,都骑,2026-09-08 02:00,2,27.612,7.57,6.55,230.113,94.316,3.12,0.002,0.038,3.858,,,2026-09-08 02:47:01
广西壮族自治区,珠江流域,六景,2026-09-08 02:00,2,27.26,7.71,6.45,292.06,78.33,1.98,,0.044,2.801,,,2026-09-08 02:47:01
广西壮族自治区,珠江流域,渔村,2026-09-08 02:00,2,29.266,8.04,7.9,209.565,3.943,1.6,0.002,0.03,1.497,,,2026-09-08 02:47:01
广西壮族自治区,珠江流域,交州,2026-09-08 02:00,1,23.944,6.99,7.58,64.822,8.179,0.94,0.018,0.014,0.564,,,2026-09-08 02:47:01
广西壮族自治区,珠江流域,三滩,2026-09-08 02:00,-1,,,,,,,,,,,,2026-09-08 02:47:01
广西壮族自治区,珠江流域,岩滩水库,2026-09-08 02:00,1,27.686,8.06,10.05,319.83,6.156,1.47,0.002,0.006,2.08,0.032241,2836796,2026-09-08 02:47:01
海南省,珠江流域,崖城大桥,2026-09-08 02:00,2,28.2,6.57,7.23,150.25,37.2,2.07,0.008,0.073,3.504,,,2026-09-08 02:47:01
海南省,珠江流域,羊头外村桥,2026-09-08 02:00,3,31.62,7.12,6.08,250.96,40.23,5.52,0.031,0.109,1.462,,,2026-09-08 02:47:01
海南省,珠江流域,水涯新区,2026-09-08 02:00,5,28.9,6.75,2.61,137.6,17.3,3.88,0.914,0.1,2.499,,,2026-09-08 02:47:01
海南省,珠江流域,后山村,2026-09-08 02:00,6,31.59,6.89,0.66,133.775,24.7081,3.68,0.397,0.16,2.387,,,2026-09-08 02:47:01
重庆市,长江流域,向家,2026-09-08 02:00,2,26.72,8.02,8.15,183.567,15.221,3.28,,0.04,1.198,,,2026-09-08 02:47:01
重庆市,长江流域,清溪场,2026-09-08 02:00,2,26.45,8.04,7.47,427.944,21.5831,1.39,,0.042,1.346,,,2026-09-08 02:47:01
重庆市,长江流域,木瓜洞,2026-09-08 02:00,3,29.3,7.69,6.72,283.7766,81.7137,5.22,,0.134,2.319,,,2026-09-08 02:47:01
重庆市,长江流域,寸滩,2026-09-08 02:00,2,26.15,8.02,7.8,442.237,24.944,1.23,0.091,0.064,1.718,,,2026-09-08 02:47:01
重庆市,长江流域,寨溪大桥,2026-09-08 02:00,2,29.02,8.04,7.43,1065.805,13.9989,2.54,0.067,0.051,2.227,,,2026-09-08 02:47:01
重庆市,长江流域,石门坎,2026-09-08 02:00,2,27.28,8.05,6.28,496.49,0.35,0.92,,0.018,0.926,,,2026-09-08 02:47:01
重庆市,长江流域,玉滩水库,2026-09-08 02:00,3,30.64,8.31,11.78,351.2501,17.74934,5.65,0.019,0.008,0.84889,0.04534763,1.097914,2026-09-08 02:47:01
重庆市,长江流域,支坪街道,2026-09-08 02:00,2,30.02,8.11,6.45,407.3794,38.3687,2.87,0.06,0.058,2.284,,,2026-09-08 02:47:01
重庆市,长江流域,朱杨溪,2026-09-08 02:00,3,31.33,7.88,6.27,672.08,12.42,4.4,0.007,0.141,4.313,,,2026-09-08 02:47:01
重庆市,长江流域,高洞电站,2026-09-08 02:00,3,31.263,8.48,12.87,675.922,7.405,5.82,,0.049,2.05,,,2026-09-08 02:47:01
重庆市,长江流域,土堡寨,2026-09-08 02:00,1,19.83,8.23,9.04,469.657,1.721,0.25,,0.003,0.871,,,2026-09-08 02:47:01
重庆市,长江流域,水寨子,2026-09-08 02:00,2,22.4,7.87,6.29,243.058,6.224,1.52,,0.012,0.412,,,2026-09-08 02:47:01
重庆市,长江流域,卫星桥,2026-09-08 02:00,2,29.63,7.98,6.62,338.8845,13.6205,3.12,0.007,0.038,0.023,,,2026-09-08 02:47:01
重庆市,长江流域,高洞梁,2026-09-08 02:00,2,30.36,8.04,9.17,420.494,22.468,2.79,0.017,0.035,0.258,,,2026-09-08 02:47:01
重庆市,长江流域,苏家,2026-09-08 02:00,2,25.89,7.85,6.73,406.7524,39.5148,1.7,,0.053,2.205,,,2026-09-08 02:47:01
重庆市,长江流域,小江河口,2026-09-08 02:00,2,28.78,8.69,11.82,355.58,4.97,3.66,0.007,0.031,1.4846,,,2026-09-08 02:47:01
重庆市,长江流域,汤溪河江口,2026-09-08 02:00,1,23.42,8.02,7.77,301.2,14.706,0.5,,0.007,0.695,,,2026-09-08 02:47:01
重庆市,长江流域,红花村,2026-09-08 02:00,1,25.325,8.49,14.16,204.61,3.132,1.32,,0.012,1.579,,,2026-09-08 02:47:01
重庆市,长江流域,南洞沟,2026-09-08 02:00,1,25.75,8.34,7.76,317.731,5.138,0.62,,0.016,0.635,,,2026-09-08 02:47:01
重庆市,长江流域,郁江桥,2026-09-08 02:00,2,27.43,7.81,7.08,352.11,8.612,1.28,0.01,0.022,1.223,,,2026-09-08 02:47:01
四川省,长江流域,醒觉溪,2026-09-08 02:00,2,28.24,8.18,7.13,411.6,19.28,1.72,0.041,0.054,3.475,,,2026-09-08 02:47:01
四川省,长江流域,八角,2026-09-08 02:00,4,27.76,7.64,4.42,545.4,7.7,1.64,0.053,0.054,2.334,,,2026-09-08 02:47:01
四川省,长江流域,西平镇,2026-09-08 02:00,2,28.02,8.2,7.68,527.95,24.14,1.45,,0.057,1.961,,,2026-09-08 02:47:01
四川省,长江流域,悦来渡口,2026-09-08 02:00,2,27.194,7.82,7.23,395.126,35.881,1.86,0.027,0.056,2.485,,,2026-09-08 02:47:01
四川省,长江流域,升钟水库铁炉寺,2026-09-08 02:00,3,30.21,8.99,13.93,279.17,12.13,5.6,,0.021,2.118,,,2026-09-08 02:47:01
四川省,长江流域,黄龙溪,2026-09-08 02:00,2,26.002,8.12,6.33,420.861,16.123,1.94,,0.08,2.137,,,2026-09-08 02:47:01
四川省,长江流域,手傍岩,2026-09-08 02:00,2,30.71,8.68,13.32,357.6,9.9,2.25,,0.018,1.245,,,2026-09-08 02:47:01
贵州省,珠江流域,青岩,2026-09-08 02:00,3,23.27,7.91,5.12,553.1401,7.3255,1.16,,0.051,3.7491,,,2026-09-08 02:47:01
贵州省,长江流域,打秋坪,2026-09-08 02:00,2,25.14,7.81,6.46,550.2,5,1.24,0.105,0.1,4.313,,,2026-09-08 02:47:01
贵州省,长江流域,鱼塘大桥,2026-09-08 02:00,2,25.55,7.84,6.44,328.97,1.855,0.64,,0.009,1.377,,,2026-09-08 02:47:01
贵州省,长江流域,坡渡,2026-09-08 02:00,1,25.27,8.08,7.69,327.19,3.47,0.6,0.002,0.006,0.574,,,2026-09-08 02:47:01
贵州省,长江流域,余庆河暗溪坪,2026-09-08 02:00,2,25.26,7.72,9.63,317.4,7.22,1.09,0.026,0.042,1.708,,,2026-09-08 02:47:01
贵州省,长江流域,茅台,2026-09-08 02:00,2,24.77,8.2,7.39,386.69,16.18,0.64,,0.032,4.429,,,2026-09-08 02:47:01
贵州省,长江流域,斯拉河大桥,2026-09-08 02:00,2,25.49,8.78,10.06,351.65,21.59,2.77,0.026,0.018,3.679,,,2026-09-08 02:47:01
贵州省,珠江流域,岔河口,2026-09-08 02:00,2,25.983,8.77,9.16,268.925,14.5266,3.94,,0.018,1.7234,,,2026-09-08 02:47:01
贵州省,珠江流域,蔗香北,2026-09-08 02:00,1,26.35,8.01,9.84,287.6902,4.8345,0.97,0.005,0.01,2.362,,,2026-09-08 02:47:01
贵州省,珠江流域,黄泥河,2026-09-08 02:00,2,20.6394,8.16,7.34,404.3174,12.6534,0.4,,0.026,3.0025,,,2026-09-08 02:47:01
贵州省,珠江流域,赵家渡,2026-09-08 02:00,2,22.47,8.15,7.66,414.8,5.97,0.68,0.001,0.029,4.596,,,2026-09-08 02:47:01
贵州省,珠江流域,坡脚,2026-09-08 02:00,2,23.95,7.93,6.31,420.89,20.0223,1.1,,0.029,4.5695,,,2026-09-08 02:47:01
贵州省,珠江流域,蔗香南,2026-09-08 02:00,1,29,8.52,9.33,289.3,3.4,1.05,0.002,0.01,2.4739,,,2026-09-08 02:47:01
贵州省,长江流域,平敏大桥,2026-09-08 02:00,2,25.75,7.63,7.16,129.94,7.39,1.02,,0.026,0.802,,,2026-09-08 02:47:01
贵州省,长江流域,旁海,2026-09-08 02:00,3,24.59,8.3,7.22,451.26,10.51,1.04,0.032,0.136,2.218,,,2026-09-08 02:47:01
贵州省,珠江流域,榕江,2026-09-08 02:00,2,26.74,8.08,7.93,113.71,6.81,0.62,0.006,0.022,0.652,,,2026-09-08 02:47:01
贵州省,长江流域,甘溪高碑,2026-09-08 02:00,2,27.08,8.19,10.04,363.2,11.35,1.91,0.001,0.023,0.5564,,,2026-09-08 02:47:01
贵州省,长江流域,跳鱼洞,2026-09-08 02:00,3,22.82,7.77,5.2,386.98,5.93,1.86,0.123,0.115,2.235,,,2026-09-08 02:47:01
贵州省,长江流域,凤山桥边,2026-09-08 02:00,2,24.1351,8.21,8.7,640.19,2.3868,1.14,0.077,0.092,4.393,,,2026-09-08 02:47:01
贵州省,珠江流域,甲茶,2026-09-08 02:00,2,24.5049,7.68,7.17,321.5337,0.3676,0.82,0.008,0.008,0.9896,,,2026-09-08 02:47:01
云南省,长江流域,通仙桥,2026-09-08 02:00,4,22.22,7.74,4.45,479.97,21.979,2.76,0.45,0.231,5.908,,,2026-09-08 02:47:01
云南省,长江流域,普渡河桥,2026-09-08 02:00,3,23.77,7.95,5.79,518.5503,27.4643,3.97,0.039,0.114,2.9237,,,2026-09-08 02:47:01
云南省,滇池流域,回龙村,2026-09-08 02:00,4,23.35,7.85,4.99,575.7672,18.7009,2.86,,0.036,2.1122,,,2026-09-08 02:47:01
云南省,滇池流域,船房五社桥头,2026-09-08 02:00,3,24.53,7.67,6.78,574.9651,9.6037,5.89,0.36,0.092,7.1541,,,2026-09-08 02:47:01
云南省,滇池流域,新河村入湖口,2026-09-08 02:00,3,22.52,7.85,5.55,410.81,24.713,2.86,0.039,0.114,4.3075,,,2026-09-08 02:47:01
云南省,长江流域,富民大桥,2026-09-08 02:00,4,24.8,8.23,4.62,494.902,57.3027,8.33,0.032,0.231,3.2571,,,2026-09-08 02:47:01
云南省,滇池流域,东大河滇池入湖口,2026-09-08 02:00,6,23.94,9.28,2.95,324.5119,12.5038,3.22,0.024,0.112,2.154,,,2026-09-08 02:47:01
云南省,滇池流域,晋城小寨,2026-09-08 02:00,3,20.54,8.05,6.46,546.6251,28.5801,3.4,,0.111,9.064,,,2026-09-08 02:47:01
云南省,长江流域,以礼河水文站,2026-09-08 02:00,3,19.19,7.72,5.87,271.4166,23.9521,0.91,0.036,0.051,2.1194,,,2026-09-08 02:47:01
云南省,长江流域,头屯河,2026-09-08 02:00,2,18.75,8.13,7.33,426.904,6.01,0.58,0.026,0.025,4.713,,,2026-09-08 02:47:01
云南省,珠江流域,江边桥,2026-09-08 02:00,3,25,7.75,7.06,484.95,150.99,2.32,,0.139,4.9704,,,2026-09-08 02:47:01
西藏自治区,西南诸河,米瑞,2026-09-08 02:00,2,13.865,8.18,7.3,172.08,182.316,1.71,0.011,0.064,0.222,,,2026-09-08 02:47:01
陕西省,长江流域,南江河出陕界,2026-09-08 02:00,1,23.57,7.96,8.28,208.1805,17.0159,0.6,,0.008,0.5107,,,2026-09-08 02:47:01
陕西省,黄河流域,灵口,2026-09-08 02:00,2,24.38,8.23,6.72,476.6466,5.4113,0.84,0.006,0.009,1.4476,,,2026-09-08 02:47:01
甘肃省,长江流域,两水桥,2026-09-08 02:00,1,,8.44,,391.292,79.74524,1.02,,0.001,1.2931,,,2026-09-08 02:47:01
宁夏回族自治区,黄河流域,沙湖,2026-09-08 02:00,3,19.71,8.72,7.35,1452,14.22,5.77,0.008,0.03,0.725,0.01362,2396000,2026-09-08 02:47:01
宁夏回族自治区,黄河流域,金沙湾,2026-09-08 02:00,2,20.008,8.36,7.38,908.29,206.4,2.23,0.005,0.084,3.408,,,2026-09-08 02:47:01
宁夏回族自治区,黄河流域,弹筝峡,2026-09-08 02:00,2,15.1,8.35,7.9,592.85,37.67,3.56,0.306,0.093,3.038,,,2026-09-08 02:47:01
新疆维吾尔自治区,西北诸河,霍城63团伊犁河大桥,2026-09-08 02:00,2,18.764,7.69,6.85,359.446,872.701,0.57,0.024,0.034,1.499,,,2026-09-08 02:47:01
新疆维吾尔自治区,西北诸河,雅马渡大桥,2026-09-08 02:00,2,18.294,7.6,6.44,277.471,40.135,0.93,0.004,0.019,0.77,,,2026-09-08 02:47:01
