省份,流域,断面名称,监测时间,水质类别,水温(℃),pH(无量纲),溶解氧(mg/L),电导率(μS/cm),浊度(NTU),高锰酸盐指数(mg/L),氨氮(mg/L),总磷(mg/L),总氮(mg/L),叶绿素α(mg/L),藻密度(cells/L),抓取时间
北京市,海河流域,鼓楼外大街,2026-09-29 00:00,4,23.38,7.24,3.94,365.41,7.893,2.29,0.148,0.038,2.317,,,2026-09-29 02:25:58
北京市,海河流域,广北滨河路,2026-09-29 00:00,2,23.54,7.64,6.83,339.76,9.65,1.38,0.046,0.025,1.707,,,2026-09-29 02:25:58
北京市,海河流域,沙窝,2026-09-29 00:00,4,23.87,7.09,3.24,758.25,14.189,4.25,1.178,0.147,5.969,,,2026-09-29 02:25:58
北京市,海河流域,新八里桥,2026-09-29 00:00,4,23.96,7.14,3.15,529.721,6.611,3.82,0.179,0.156,3.628,,,2026-09-29 02:25:58
北京市,海河流域,大红门闸上,2026-09-29 00:00,2,21.98,7.58,6.8,904.9,13.234,2.71,0.002,0.085,7.506,,,2026-09-29 02:25:58
北京市,海河流域,南大荒桥,2026-09-29 00:00,2,22.41,8.58,8.94,949.8,51.51,2.7,0.007,0.025,1.842,,,2026-09-29 02:25:58
北京市,海河流域,清河闸,2026-09-29 00:00,2,21.87,7.76,7.28,738.94,19.538,2.16,,0.088,5.772,,,2026-09-29 02:25:58
北京市,海河流域,花园路,2026-09-29 00:00,3,21.11,7.5,5.38,715.382,6.475,1.72,0.138,0.057,7.18,,,2026-09-29 02:25:58
北京市,海河流域,白石桥,2026-09-29 00:00,2,23.91,7.69,6.5,324.15,3.169,1.66,0.049,0.014,2.107,,,2026-09-29 02:25:58
北京市,海河流域,八间房漫水桥,2026-09-29 00:00,4,22.9,7.67,5.31,838.98,11.43,6.54,0.026,0.077,4.367,,,2026-09-29 02:25:58
北京市,海河流域,码头,2026-09-29 00:00,3,22.81,7.72,5.33,1065.42,20.4,2.96,0.416,0.091,7.576,,,2026-09-29 02:25:58
北京市,海河流域,罗庄,2026-09-29 00:00,2,23.35,7.92,7.26,1300.19,6.901826,3.21,0.049,0.086,5.6261,,,2026-09-29 02:25:58
北京市,海河流域,小屯桥,2026-09-29 00:00,2,23.9,8.06,7.58,1410.841,7.207951,3.94,0.047,0.08,5.5491,,,2026-09-29 02:25:58
北京市,海河流域,东店,2026-09-29 00:00,2,21.28553,7.89,8.73,723.8574,29.20832,3.36,0.031,0.082,11.49856,,,2026-09-29 02:25:58
北京市,海河流域,密云水库,2026-09-29 00:00,2,23.36287,8.29,8.77,418.7594,2.893068,2.33,0.011,0.007,3.171916,,,2026-09-29 02:25:58
北京市,海河流域,大关桥,2026-09-29 00:00,2,22.56,8.26,7.86,437.43,11.49,2.24,0.035,0.014,3.7411,,,2026-09-29 02:25:58
北京市,海河流域,辛庄桥,2026-09-29 00:00,2,19.78,8.03,8.19,584.554,40.36867,1.33,,0.021,7.7471,,,2026-09-29 02:25:58
北京市,海河流域,谷家营,2026-09-29 00:00,2,21.5,8.23,9.16,546.037,6.377,3.42,0.256,0.076,3.384,,,2026-09-29 02:25:58
北京市,海河流域,后城,2026-09-29 00:00,1,14.35,8.18,8.27,581.155,17.3696,1.43,0.027,0.02,10.0091,,,2026-09-29 02:25:58
天津市,海河流域,三岔口,2026-09-29 00:00,5,24.67,7.83,2.93,930.0844,28.0723,4.94,0.549,0.135,1.70301,,,2026-09-29 02:25:58
天津市,海河流域,北洋桥,2026-09-29 00:00,6,24.92678,7.58,4.68,1058.002,21.39167,7.03,2.886,0.367,4.800265,,,2026-09-29 02:25:58
天津市,海河流域,井冈山桥,2026-09-29 00:00,4,24.14,7.63,3.79,832.379,49.57455,5.27,0.472,0.17,2.0311,,,2026-09-29 02:25:58
天津市,海河流域,大红桥,2026-09-29 01:00,4,24.93,7.55,3.88,873.685,23.44377,4.43,0.304,0.118,2.2971,,,2026-09-29 02:25:58
天津市,海河流域,曹庄子泵站,2026-09-29 00:00,2,25.02,7.67,6.81,288.69,1.55,1.51,0.054,0.003,1.003,,,2026-09-29 02:25:58
天津市,海河流域,生产圈闸,2026-09-29 00:00,6,23.56115,7.28,0.71,915.5753,6.458629,5.22,0.438,0.146,2.206931,,,2026-09-29 02:25:58
天津市,海河流域,尔王庄泵站,2026-09-29 00:00,4,25.39,7.33,4.68,295.974,14.00397,1.84,,,0.6121,,,2026-09-29 02:25:58
天津市,海河流域,塘汉公路桥,2026-09-29 00:00,6,22.6,7.5,0.94,1274.088,36.42112,5.2,0.105,0.135,3.5151,,,2026-09-29 02:25:58
天津市,海河流域,海河大闸,2026-09-29 00:00,4,24.63,7.97,4,4300.492,23.0795,3.18,0.298,0.136,1.8519,,,2026-09-29 02:25:58
天津市,海河流域,北排水河防潮闸,2026-09-29 00:00,6,20.06,7.77,1.6,1879.2,24.2287,4.41,,0.08,0.7997,,,2026-09-29 02:25:58
天津市,海河流域,沧浪渠出境,2026-09-29 00:00,4,23.38,7.89,3.34,6665,1477.028,8.26,,0.226,,,,2026-09-29 02:25:58
天津市,海河流域,万家码头,2026-09-29 00:00,4,24.58,8.33,7.1,2002.19,42.68,6.64,0.025,0.106,0.978,,,2026-09-29 02:25:58
天津市,海河流域,蓟运河防潮闸,2026-09-29 00:00,4,21.44539,7.67,4.18,1169.066,32.02984,5.66,0.344,0.185,2.461783,,,2026-09-29 02:25:58
天津市,海河流域,青静黄防潮闸,2026-09-29 00:00,4,25.57194,8.41,6.4,5510.802,40.77514,8.6,0.077,0.169,0.692919,,,2026-09-29 02:25:58
天津市,海河流域,马棚口防潮闸,2026-09-29 00:00,4,24,7.97,4.74,2799.3,84.5131,7.31,0.691,0.109,2.658,,,2026-09-29 02:25:58
天津市,海河流域,阎辛庄,2026-09-29 00:00,6,19.41854,7.38,1.99,2801,24.50936,4.78,0.529,0.158,2.467165,,,2026-09-29 02:25:58
天津市,海河流域,于桥水库库中心,2026-09-29 01:00,4,23.81,8.41,7.16,430.75,9.21,6.36,0.196,0.045,1.909,0.02944,2.285755,2026-09-29 02:25:58
天津市,海河流域,于桥水库出口,2026-09-29 00:00,3,24.05,8.27,6.01,389.247,15.63998,4.9,0.139,0.051,2.0751,,,2026-09-29 02:25:58
天津市,海河流域,黎河桥,2026-09-29 00:00,3,21.6,7.39,7.94,722.5,15.84,2.09,0.07,0.172,11.36,,,2026-09-29 02:25:58
天津市,海河流域,沙河桥,2026-09-29 00:00,2,22.5,7.55,7.1,626.52,11.787,1.13,0.152,0.044,9.783,,,2026-09-29 02:25:58
天津市,海河流域,果河桥,2026-09-29 00:00,2,24.13,8.55,11.72,643.9969,5.4825,2.73,0.052,0.082,10.3408,,,2026-09-29 02:25:58
天津市,海河流域,西屯桥,2026-09-29 00:00,5,23.58,7.67,2.75,536.09,18.6401,3.73,0.963,0.079,3.272,,,2026-09-29 02:25:58
河北省,海河流域,下槐镇,2026-09-29 00:00,2,20.92,8.46,8.19,621.524,86.7622,1.78,,0.04,2.6129,,,2026-09-29 02:25:58
河北省,海河流域,地都,2026-09-29 00:00,2,19.57,8.18,6.9,1183.021,49.271,1.34,0.112,0.09,6.41,,,2026-09-29 02:25:58
河北省,海河流域,平山桥,2026-09-29 00:00,1,21.44,8.18,8.27,1032.42,22.718,1.34,,0.008,5.301,,,2026-09-29 02:25:58
河北省,海河流域,兆通,2026-09-29 00:00,1,24.23,8.56,9.03,289.42,3.42,1.98,0.004,0.007,0.5967,,,2026-09-29 02:25:58
河北省,海河流域,大石桥,2026-09-29 00:00,4,24.74289,7.5,5.81,1265.393,17.03609,6.58,0.729,0.239,12.36771,,,2026-09-29 02:25:58
河北省,海河流域,涧河口,2026-09-29 00:00,4,23.1844,7.38,3.97,1109.788,104.7894,5.88,0.085,0.12,2.049435,,,2026-09-29 02:25:58
河北省,海河流域,丰北闸,2026-09-29 00:00,4,26.334,7.91,7.92,1268.943,26.49229,6.47,0.025,0.16,0.669208,,,2026-09-29 02:25:58
河北省,海河流域,滦县大桥,2026-09-29 00:00,2,22.7,7.73,6.44,661.506,7.61245,2.5,0.008,0.023,4.6901,,,2026-09-29 02:25:58
河北省,海河流域,刘家庄,2026-09-29 00:00,2,18.41,8.06,7.3,593.3964,16.72,0.76,0.025,0.013,4.636,,,2026-09-29 02:25:58
河北省,海河流域,岳城水库出口,2026-09-29 00:00,1,23.87,8.44,8.4,561.92,11.8642,1.75,0.009,,2.6341,,,2026-09-29 02:25:58
河北省,海河流域,曲周,2026-09-29 00:00,3,24.11,7.92,5.06,1022.489,17.812,1.29,0.158,0.098,3.465,,,2026-09-29 02:25:58
河北省,海河流域,沙阳,2026-09-29 00:00,3,23.4,7.84,5.6,1673.52,95.03,2.91,0.175,0.069,3.3399,,,2026-09-29 02:25:58
河北省,海河流域,艾辛庄,2026-09-29 00:00,3,22.2274,7.76,7.89,1384.53,11.37075,5,0.124,0.159,11.80765,,,2026-09-29 02:25:58
河北省,海河流域,后西吴桥,2026-09-29 00:00,3,23.84,8.26,5.86,979.6,52.83,3.44,0.2,0.149,12.5151,,,2026-09-29 02:25:58
河北省,海河流域,北河店,2026-09-29 00:00,2,23.37,7.79,6.3,561.4914,3.2864,1.65,0.016,0.021,5.385,,,2026-09-29 02:25:58
河北省,海河流域,白合,2026-09-29 00:00,6,19.92,8.01,8.5,455.28,,8.52,,0.934,4.82,,,2026-09-29 02:25:58
河北省,海河流域,杜里村,2026-09-29 00:00,2,16.83,8.46,9.66,419.94,80.89,2.15,,0.073,3.0047,,,2026-09-29 02:25:58
河北省,海河流域,温泉屯,2026-09-29 00:00,3,17.91,8.15,7.17,1086.354,71.84448,5.15,0.011,0.114,6.6351,,,2026-09-29 02:25:58
河北省,海河流域,左卫桥,2026-09-29 00:00,6,15.68,8.38,9.05,849.655,1283.45,6.79,0.005,0.415,15.2321,,,2026-09-29 02:25:58
河北省,海河流域,四道甸,2026-09-29 00:00,2,17.09,8.28,8.59,455.957,22.87768,1.63,0.016,0.021,5.9731,,,2026-09-29 02:25:58
河北省,海河流域,上二道河子,2026-09-29 00:00,2,19.67,8,7.27,491.178,6.217165,2.51,0.003,,7.2051,,,2026-09-29 02:25:58
河北省,辽河流域,甸子,2026-09-29 00:00,2,15.83,7.75,6.62,436.88,17.24,1.19,0.023,0.033,6.826,,,2026-09-29 02:25:58
河北省,海河流域,何老营,2026-09-29 00:00,2,23.03489,8,7,3514.841,16.43455,,,,,,,2026-09-29 02:25:58
河北省,海河流域,大口河口,2026-09-29 00:00,4,23.27,7.72,6.75,20294.6,398.23,4.32,,0.221,5.031,,,2026-09-29 02:25:58
河北省,海河流域,四埝村桥,2026-09-29 00:00,4,24.18,8.35,4.94,4821.991,20.854,6.91,0.027,0.14,0.952,,,2026-09-29 02:25:58
河北省,海河流域,大王务,2026-09-29 00:00,4,23.31,7.72,3.44,855.422,20.0098,4.8,,0.057,0.6941,,,2026-09-29 02:25:58
河北省,海河流域,台头,2026-09-29 00:00,4,24.42056,7.67,4.7,1556.14,21.12141,4.89,0.529,0.106,1.6801,,,2026-09-29 02:25:58
河北省,海河流域,桑梓红旗闸,2026-09-29 00:00,3,23.05519,7.97,6.84,721.453,74.09712,4.86,0.272,0.129,10.1481,,,2026-09-29 02:25:58
河北省,海河流域,三小营,2026-09-29 00:00,4,21.29798,7.39,4.45,1050.056,13.40784,4.25,0.181,0.1,1.95418,,,2026-09-29 02:25:58
河北省,海河流域,小范桥,2026-09-29 00:00,4,24.64,7.74,4.74,950.504,2.078,4.91,0.009,0.053,0.5862,,,2026-09-29 02:25:58
河北省,海河流域,衡水湖大湖心,2026-09-29 00:00,3,24.39,8.54,6.66,1315.039,15.495,5.8,0.015,0.03,0.79,0.044404,1.591869,2026-09-29 02:25:58
河北省,海河流域,南张村,2026-09-29 00:00,1,25.71,8.49,7.99,251.98,5.016,1.64,0.027,0.008,0.7105,,,2026-09-29 02:25:58
河北省,海河流域,安州,2026-09-29 00:00,4,25.18,7.55,4.04,1226.032,35.0879,3.94,0.163,0.067,5.224,,,2026-09-29 02:25:58
河北省,海河流域,膳马庙村北,2026-09-29 00:00,3,24.86,7.7,6.4,1154.015,57.0049,4.12,0.128,0.065,6.979,,,2026-09-29 02:25:58
河北省,海河流域,南刘庄,2026-09-29 01:00,3,24.64,7.57,5.01,697.5,5.38,4.58,0.014,0.05,0.688,0.00712,4516413,2026-09-29 02:25:58
河北省,海河流域,烧车淀,2026-09-29 01:00,2,24.08,7.76,9.7,572.86,0.33,2.19,,0.021,2.868,0.0041,2919414,2026-09-29 02:25:58
河北省,海河流域,圈头,2026-09-29 01:00,3,24.52,8.37,8.64,761.68,1.6446,4.6,,0.019,0.49,0.00236,1204243,2026-09-29 02:25:58
河北省,海河流域,采蒲台,2026-09-29 00:00,2,24.93377,7.81,7.17,688.0464,0.150699,3.89,0.014,0.018,0.468492,0.002537,446879.5,2026-09-29 02:25:58
河北省,海河流域,光淀张庄,2026-09-29 01:00,6,24.61,7.44,1.93,750.8,5.7,2.76,0.008,0.02,1.493,,701897.7,2026-09-29 02:25:58
山西省,黄河流域,韩武村,2026-09-29 00:00,4,21.49,7.86,6.24,1320.62,12.71,5.98,0.883,0.228,8.748,,,2026-09-29 02:25:58
山西省,黄河流域,上兰,2026-09-29 00:00,2,18.91,8.32,7.32,639.76,10.53335,1.93,0.009,0.002,1.3541,,,2026-09-29 02:25:58
山西省,黄河流域,汾河水库出口,2026-09-29 00:00,2,20.82,8.37,7.38,582.29,2.63682,1.7,0.01,,1.2791,0.0104746,288911,2026-09-29 02:25:58
山西省,海河流域,堡子湾,2026-09-29 00:00,2,13.89,8.22,8.13,766.201,196.9553,3.93,0.013,0.096,5.8041,,,2026-09-29 02:25:58
山西省,海河流域,册田水库出口,2026-09-29 00:00,3,20.24,8.68,7.53,1075.152,11.06611,4.52,0.019,0.084,0.9371,,,2026-09-29 02:25:58
山西省,海河流域,古家坡,2026-09-29 00:00,5,19.94,8.3,5.16,1128.245,67.80093,7.86,1.848,0.344,4.8341,,,2026-09-29 02:25:58
山西省,海河流域,利仁皂,2026-09-29 00:00,6,17.91,7.77,5.63,1194.715,30.54579,3.98,2.248,0.175,5.1031,,,2026-09-29 02:25:58
山西省,海河流域,白羊墅,2026-09-29 00:00,5,19.43,7.88,7.51,1546.16,50.809,3.36,1.809,0.158,8.375,,,2026-09-29 02:25:58
山西省,海河流域,王家庄,2026-09-29 00:00,1,20.33,8.22,8.57,643.14,20.7,1.79,0.012,0.018,4.181,,,2026-09-29 02:25:58
山西省,海河流域,司徒桥,2026-09-29 00:00,3,20.48,7.85,6.14,663.8721,24.0618,4.97,0.01,0.052,1.799,,,2026-09-29 02:25:58
山西省,海河流域,关河水库出口,2026-09-29 00:00,2,20.17,7.93,8.07,529.76,8.11,3.88,,0.023,1.5773,,,2026-09-29 02:25:58
山西省,海河流域,北寨,2026-09-29 00:00,5,19.8,7.66,4.35,926.87,47.31,12.92,,,,,,2026-09-29 02:25:58
山西省,海河流域,后湾水库出口,2026-09-29 00:00,2,20.99,8.38,7.5,476.99,4.129,3.18,,0.019,0.552,,,2026-09-29 02:25:58
山西省,黄河流域,龙头,2026-09-29 00:00,2,17.84,8.2,7.44,642.28,51.54,2.12,,0.021,3.3509,,,2026-09-29 02:25:58
山西省,黄河流域,拴驴泉,2026-09-29 00:00,1,20.96,8.08,8.4,807.7202,12.7836,1.1,0.032,0.015,4.3077,,,2026-09-29 02:25:58
山西省,海河流域,东榆林水库出口,2026-09-29 00:00,2,20.07,8.1,8.16,708.712,29.56983,3.32,0.167,0.074,2.7131,,,2026-09-29 02:25:58
山西省,黄河流域,杀虎口,2026-09-29 00:00,2,15.8,8.11,7.33,611.647,38.12784,3.06,0.002,0.045,2.5831,,,2026-09-29 02:25:58
山西省,海河流域,王寨村,2026-09-29 00:00,2,19.79,8.24,7.99,629.19,71.466,0.94,,0.032,3.664,,,2026-09-29 02:25:58
山西省,黄河流域,安固桥,2026-09-29 00:00,5,19.196,7.64,2.94,2726.617,45.0135,5.72,0.244,0.157,18.3335,,,2026-09-29 02:25:58
山西省,黄河流域,王庄桥南,2026-09-29 00:00,4,21.24,8.33,7.16,1516.764,41.71,9.69,0.189,0.113,7.298,,,2026-09-29 02:25:58
山西省,黄河流域,郝村,2026-09-29 00:00,3,21.13,8.22,5.55,1019.437,49.6819,5.05,,0.08,2.721,,,2026-09-29 02:25:58
山西省,黄河流域,张留庄,2026-09-29 00:00,4,23,8.51,8.74,4504.371,67.754,7.4,0.056,0.168,9.23,,,2026-09-29 02:25:58
山西省,黄河流域,上亳城,2026-09-29 00:00,2,21,8.14,7.38,882.58,30.449,1.37,0.023,0.034,6.22,,,2026-09-29 02:25:58
山西省,黄河流域,小韩村,2026-09-29 00:00,6,21.23,7.5,2.06,675.97,62.491,8.89,5.552,0.461,10.157,,,2026-09-29 02:25:58
山西省,海河流域,梵王寺,2026-09-29 00:00,3,14.12,8.1,7.26,1206.711,11.03695,2.63,0.853,0.082,6.3221,,,2026-09-29 02:25:58
山西省,海河流域,代县桥,2026-09-29 00:00,2,17.35,8.62,8.69,712.102,95.97891,1.63,0.002,0.076,4.4551,,,2026-09-29 02:25:58
山西省,海河流域,定襄桥,2026-09-29 00:00,4,19.68,7.62,4.33,669.059,505.8604,6.27,0.013,0.219,4.3081,,,2026-09-29 02:25:58
山西省,海河流域,南庄,2026-09-29 00:00,2,19.47,8.33,8.15,577.016,92.97997,2.85,,0.052,5.6201,,,2026-09-29 02:25:58
山西省,海河流域,坪上桥,2026-09-29 00:00,2,16.69,8.23,8.63,432.395,78.1693,2.95,0.013,0.046,4.8121,,,2026-09-29 02:25:58
山西省,黄河流域,河西村,2026-09-29 00:00,1,16.69,8.14,7.82,546.6,28.06,0.89,0.01,0.018,3.051,,,2026-09-29 02:25:58
山西省,黄河流域,上平望,2026-09-29 00:00,3,21.53,7.76,5.56,1331.28,1195.19,5.28,0.155,0.115,7.235,,,2026-09-29 02:25:58
山西省,黄河流域,黑城村,2026-09-29 00:00,2,19,8.16,7.77,798.5847,1460.651,2.72,0.089,0.065,4.605,,,2026-09-29 02:25:58
山西省,黄河流域,曲立,2026-09-29 00:00,2,15.69,7.98,7.3,624.349,41.95288,1.57,0.044,0.076,5.5681,,,2026-09-29 02:25:58
山西省,黄河流域,裴家川口,2026-09-29 00:00,2,17.38,8.28,7.91,479.397,37.55267,1.32,0.017,0.025,3.6491,,,2026-09-29 02:25:58
山西省,黄河流域,碛口,2026-09-29 00:00,3,19.41,8.45,7.25,986.458,5.913569,4.37,0.032,0.013,6.1561,,,2026-09-29 02:25:58
山西省,黄河流域,裴沟,2026-09-29 00:00,2,18.68,8.61,7.44,856.864,38.08538,1.85,0.023,0.019,5.0131,,,2026-09-29 02:25:58
山西省,黄河流域,三川河两河口桥,2026-09-29 00:00,3,20.93,8.34,6.84,891.796,24.61326,3.9,0.02,0.14,6.5081,,,2026-09-29 02:25:58
山西省,黄河流域,碧村,2026-09-29 00:00,3,19.13,8.27,6.91,700.465,32.92607,2.9,0.55,0.024,6.5131,,,2026-09-29 02:25:58
山西省,黄河流域,北峪口,2026-09-29 00:00,2,18.43788,8.05,6.48,558.234,35.55172,1.9,0.012,0.027,2.9631,,,2026-09-29 02:25:58
山西省,黄河流域,南姚,2026-09-29 00:00,4,20.85,7.87,4.65,1115.29,34.46,3.74,0.29,0.13,4.618,,,2026-09-29 02:25:58
内蒙古自治区,黄河流域,大黑河入黄口,2026-09-29 00:00,4,17.31,8.14,7.46,914.9728,374.8868,5.8,1.285,0.138,7.36502,,,2026-09-29 02:25:58
内蒙古自治区,黄河流域,磴口,2026-09-29 00:00,2,18.06,8.47,8.38,760.7982,516.0225,2.59,0.238,0.061,1.47364,,,2026-09-29 02:25:58
内蒙古自治区,松花江流域,根河口内,2026-09-29 00:00,2,12.73,6.07,9.62,88.56,5.47,3.85,,0.015,0.137,,,2026-09-29 02:25:58
内蒙古自治区,松花江流域,李屯,2026-09-29 00:00,3,11.11,7.32,9.95,101.852,17.6016,4.81,,0.027,0.521,,,2026-09-29 02:25:58
内蒙古自治区,松花江流域,陶海,2026-09-29 00:00,2,10.8,7.69,10.66,181.6,14.9,3.74,,0.051,0.357,,,2026-09-29 02:25:58
内蒙古自治区,松花江流域,嵯岗,2026-09-29 01:00,4,14.23,8.14,7.52,199.602,58.651,7.16,0.018,0.076,0.509,,,2026-09-29 02:25:58
内蒙古自治区,松花江流域,成吉思汗,2026-09-29 00:00,1,13.65,7.19,9.42,149.56,8.54,1.5,,0.018,1.246,,,2026-09-29 02:25:58
内蒙古自治区,松花江流域,讷尔克气,2026-09-29 00:00,2,9.78,7.27,10.69,75.671,6.085,3.69,,0.017,0.37,,,2026-09-29 02:25:58
内蒙古自治区,黄河流域,三盛公,2026-09-29 00:00,2,20.4727,8.38,8.68,822.6947,436.1562,1.45,0.097,0.029,2.38001,,,2026-09-29 02:25:58
内蒙古自治区,松花江流域,大山矿,2026-09-29 00:00,2,9.71,7.76,10.29,166.73,3.75,2.26,,0.023,0.234,,,2026-09-29 02:25:58
内蒙古自治区,松花江流域,察尔森水库西入口,2026-09-29 00:00,3,16.59,7.71,7.75,167.09,40.94,3.17,,0.03,1.366,0.00719,1749760,2026-09-29 02:25:58
内蒙古自治区,西北诸河,哨马营,2026-09-29 00:00,1,17.63486,8.52,8.54,776.7001,32.14441,1.27,0.037,0.009,1.89017,,,2026-09-29 02:25:58
辽宁省,辽河流域,于台,2026-09-29 00:00,2,19.1,7.26,6.4,865.466,8.09,3.44,0.231,0.063,7.153,,,2026-09-29 02:25:58
辽宁省,辽河流域,砂山,2026-09-29 00:00,2,19.45,7.94,7.83,754.452,9.674,3.13,0.084,0.048,4.452,,,2026-09-29 02:25:58
辽宁省,辽河流域,巨流河大桥,2026-09-29 00:00,4,18.92,8.12,9.21,638.6,95.2,6.12,0.004,0.102,2.674,,,2026-09-29 02:25:58
辽宁省,辽河流域,兴国桥,2026-09-29 00:00,2,14.85,7.44,7.34,630.391,5.408,2.64,0.008,0.014,1.188,,,2026-09-29 02:25:58
辽宁省,辽河流域,城子坦,2026-09-29 00:00,2,21.10397,8.52,9.19,252.0914,8.1993,1.3,0.005,0.035,1.37829,,,2026-09-29 02:25:58
辽宁省,辽河流域,麦家,2026-09-29 00:00,4,21.89,7.43,3.55,500.8,18.53,4.19,0.363,0.101,2.098,,,2026-09-29 02:25:58
辽宁省,辽河流域,复州湾大桥,2026-09-29 00:00,3,19.6257,7.87,5.8,674.587,19.3538,4.92,0.118,0.103,5.735,,,2026-09-29 02:25:58
辽宁省,辽河流域,三台子,2026-09-29 00:00,2,21.8726,7.68,6.52,735.8999,11.99148,3.19,0.158,0.043,2.91848,,,2026-09-29 02:25:58
辽宁省,辽河流域,万泰,2026-09-29 00:00,2,22.5,7.7,7.92,143.726,6.84173,2.82,0.013,0.015,2.44553,,,2026-09-29 02:25:58
辽宁省,辽河流域,登化,2026-09-29 00:00,6,20.308,9.03,12.68,703.434,19.264,6.94,0.011,0.13,3.973,,,2026-09-29 02:25:58
辽宁省,辽河流域,小姐庙,2026-09-29 00:00,4,20.41,7.53,3.25,775.7,3.22,2.8,0.278,0.077,5.401,,,2026-09-29 02:25:58
辽宁省,辽河流域,口子街,2026-09-29 00:00,1,19.84,8.56,9.18,306.2,3.18555,1.74,0.002,0.016,3.115,,,2026-09-29 02:25:58
辽宁省,辽河流域,牛庄,2026-09-29 00:00,4,19.8666,7.78,3.85,598.855,16.7106,5.97,0.404,0.129,3.537,,,2026-09-29 02:25:58
辽宁省,辽河流域,关门山大桥,2026-09-29 00:00,1,18.07,8.08,7.66,414.805,5.444,1.66,,0.008,4.824,,,2026-09-29 02:25:58
辽宁省,辽河流域,刘家台,2026-09-29 00:00,2,19.206,7.7,6.42,726.868,12.898,3.2,0.267,0.079,5.217,,,2026-09-29 02:25:58
辽宁省,辽河流域,戈布桥,2026-09-29 01:00,2,16.68,7.44,8.32,632.81,26.32,2.36,0.12,0.04,4.722,,,2026-09-29 02:25:58
辽宁省,辽河流域,凤鸣电站,2026-09-29 00:00,2,19.45,7.57,6.36,196.14,24.595,2.44,0.005,0.018,3.274,,,2026-09-29 02:25:58
辽宁省,辽河流域,南太子河入库口,2026-09-29 00:00,1,18.03,7.69,8.57,186.1,2.08,0.53,0.008,0.006,4.65,,,2026-09-29 02:25:58
辽宁省,辽河流域,江桥,2026-09-29 00:00,3,21.65,7.22,5.12,155.2,3.43,1.15,0.015,0.014,2.599,,,2026-09-29 02:25:58
辽宁省,辽河流域,爱河大桥,2026-09-29 00:00,2,20.5968,7.02,6.29,225.691,4.8934,1.33,0.046,0.02,3.671,,,2026-09-29 02:25:58
辽宁省,辽河流域,蒲石河大桥,2026-09-29 00:00,1,20.75,7.93,8.22,231.08,2.643,1.6,,0.017,2.961,,,2026-09-29 02:25:58
辽宁省,辽河流域,王家沟,2026-09-29 00:00,2,20.07,8.19,8.36,663.88,9.27,1.84,,0.021,5.056,,,2026-09-29 02:25:58
辽宁省,辽河流域,张家堡,2026-09-29 00:00,2,19.43,8.26,8.86,738.25,9.721,1.88,0.004,0.033,5.169,,,2026-09-29 02:25:58
辽宁省,辽河流域,女儿河入河口,2026-09-29 00:00,2,20.59,7.76,8.92,878.77,13.66,1.19,0.053,0.036,18.148,,,2026-09-29 02:25:58
辽宁省,辽河流域,何家信子,2026-09-29 00:00,2,19.98,8.2,7.31,468.2,6.93,2.82,0.009,0.022,1.245,,,2026-09-29 02:25:58
辽宁省,辽河流域,西树林,2026-09-29 00:00,3,20.14,8.05,7.23,953.98,20.18,4.15,0.258,0.093,5.335,,,2026-09-29 02:25:58
辽宁省,辽河流域,高台子,2026-09-29 00:00,6,19.15,7.52,1.81,1285.16,22.509,4,0.638,0.111,8.319,,,2026-09-29 02:25:58
辽宁省,辽河流域,茧场,2026-09-29 00:00,1,19.28,8.35,10.05,331.9641,11.91786,1.89,0.003,0.01,6.63956,,,2026-09-29 02:25:58
辽宁省,辽河流域,大清河口,2026-09-29 00:00,4,21.34,7.65,3.29,507.73,20.474,4.83,0.497,0.065,4.763,,,2026-09-29 02:25:58
辽宁省,辽河流域,东羊角,2026-09-29 00:00,3,18.3,7.71,7.93,753.9,20.9,2.71,0.275,0.142,6.596,,,2026-09-29 02:25:58
辽宁省,辽河流域,下口子,2026-09-29 00:00,2,20.64,7.64,6.66,635.1,6.08,1.96,0.007,0.039,4.335,,,2026-09-29 02:25:58
辽宁省,辽河流域,河洪桥,2026-09-29 00:00,3,18.0916,7.8,7.72,742.341,10.7533,3.41,0.173,0.133,6.333,,,2026-09-29 02:25:58
辽宁省,辽河流域,二道河水库口,2026-09-29 00:00,2,16.7932,7.94,7.2,416.15,1.86295,0.76,0.003,0.007,3.122,,,2026-09-29 02:25:58
辽宁省,辽河流域,下王家,2026-09-29 00:00,2,18.8223,7.36,6.1,599.348,5.13357,1.48,,0.022,4.877,,,2026-09-29 02:25:58
辽宁省,辽河流域,汤河桥,2026-09-29 00:00,2,19.53,7.63,8.2,551.4,9.32352,1.58,0.03,0.03,4.007,,,2026-09-29 02:25:58
辽宁省,辽河流域,下达河入汤河水库口,2026-09-29 00:00,2,15.4717,7.87,7.18,429.139,3.308,2.09,0.01,0.016,3.874,,,2026-09-29 02:25:58
辽宁省,辽河流域,丁家柳河桥,2026-09-29 00:00,4,18.87,7.57,5.76,1205.58,94.684,9.75,0.458,0.21,2.267,,,2026-09-29 02:25:58
辽宁省,辽河流域,盘锦兴安,2026-09-29 00:00,4,19.59,7.58,3.87,579.73,38.55,5.88,0.036,0.082,1.304,,,2026-09-29 02:25:58
辽宁省,辽河流域,曙光大桥,2026-09-29 00:00,3,20.44,7.49,5.05,850.3,43.17,4.47,0.318,0.124,1.658,,,2026-09-29 02:25:58
辽宁省,辽河流域,胜利塘,2026-09-29 00:00,-1,,,,,,,,,,,,2026-09-29 02:25:58
辽宁省,辽河流域,鲜峰桥,2026-09-29 00:00,3,19.63,7.72,9.41,1163.39,33.336,4.82,0.043,0.097,7.139,,,2026-09-29 02:25:58
辽宁省,辽河流域,通江口,2026-09-29 00:00,4,18.04,8.2,12.34,704.05,47.49,7.01,,0.075,3.719,,,2026-09-29 02:25:58
辽宁省,辽河流域,珠尔山,2026-09-29 01:00,3,17.78,7.54,8.27,578.31,32.01,4.81,0.143,0.103,2.975,,,2026-09-29 02:25:58
辽宁省,辽河流域,凡河一号桥,2026-09-29 01:00,2,20.48,8.78,8.94,328.4,29.2,2.54,,0.049,3.605,,,2026-09-29 02:25:58
辽宁省,辽河流域,松树水文站,2026-09-29 00:00,4,16.03,7.74,7.68,401.98,135.55,6.79,0.151,0.181,7.431,,,2026-09-29 02:25:58
辽宁省,辽河流域,亮子河入河口,2026-09-29 00:00,4,15.77,7.93,8.14,684.09,25.76,6.18,0.282,0.202,4.271,,,2026-09-29 02:25:58
辽宁省,辽河流域,大凌河西支入河口,2026-09-29 00:00,2,16.2,7.98,6.43,872.99,8.603,1.94,0.123,0.063,22.146,,,2026-09-29 02:25:58
辽宁省,辽河流域,李家湾大桥,2026-09-29 00:00,2,15.3,7.93,8.74,503.1,78.3,1.28,,0.046,5.624,,,2026-09-29 02:25:58
辽宁省,辽河流域,红石碑入海前,2026-09-29 00:00,3,21.05,8.56,12.31,1039.087,17.277,4.59,0.048,0.062,3.601,,,2026-09-29 02:25:58
辽宁省,辽河流域,小渔场,2026-09-29 00:00,4,22.72,7.49,4.55,29270.54,1.985,1.5,0.066,0.046,5.127,,,2026-09-29 02:25:58
吉林省,松花江流域,砖瓦窑桥,2026-09-29 00:00,3,14.23,7.72,7.01,756.03,28.26,3.68,0.03,0.11,6.583,,,2026-09-29 02:25:58
吉林省,松花江流域,镇江口,2026-09-29 00:00,3,17.37,7.86,9.46,240.9,33.95,4.4,0.07,0.091,3.921,,,2026-09-29 02:25:58
吉林省,松花江流域,靠山大桥,2026-09-29 00:00,4,16.37,8.13,9.83,732.2,76.7,5.99,0.038,0.22,5.298,,,2026-09-29 02:25:58
吉林省,松花江流域,饮马河大桥,2026-09-29 00:00,2,17.06,7.52,8.01,245.26,33.05,3.12,,0.061,2.738,,,2026-09-29 02:25:58
吉林省,松花江流域,刘珍屯,2026-09-29 00:00,3,16.62,7.36,7.95,508.15,38.84,3.68,0.255,0.112,4.261,,,2026-09-29 02:25:58
吉林省,松花江流域,周家河口,2026-09-29 01:00,2,13.63,7.48,9.04,518.15,37.07,3.67,0.052,0.053,2.389,,,2026-09-29 02:25:58
吉林省,松花江流域,白旗,2026-09-29 00:00,2,17.5357,7.32,8.93,251.185,28.209,3.33,0.031,0.066,3.7609,,,2026-09-29 02:25:58
吉林省,松花江流域,白山大桥,2026-09-29 00:00,4,18.27,6.73,5.3,107.379,34.851,6.22,0.013,0.045,2.071,,,2026-09-29 02:25:58
吉林省,松花江流域,福兴,2026-09-29 00:00,3,15.55,7.58,6.9,329.353,64.149,4.1,0.093,0.106,1.447,,,2026-09-29 02:25:58
吉林省,松花江流域,桦树林,2026-09-29 00:00,3,16.98,7.53,7.04,210.058,36.782,5.81,0.038,0.051,2.371,0.00421,663552,2026-09-29 02:25:58
吉林省,松花江流域,官厅桥,2026-09-29 00:00,4,16.5,7.16,3.05,412.6,4.252,2.08,0.245,0.056,1.324,,,2026-09-29 02:25:58
吉林省,松花江流域,蛟河口,2026-09-29 00:00,2,14.623,7.23,8.09,322.234,35.073,3.28,0.159,0.075,4.848,,,2026-09-29 02:25:58
吉林省,松花江流域,哨口,2026-09-29 00:00,2,19.0499,7.27,8.27,231.894,11.3735,3.54,0.076,0.046,3.6906,,,2026-09-29 02:25:58
吉林省,松花江流域,肖家船口,2026-09-29 00:00,2,14.214,7.22,8.3,216.249,20.1467,2.24,0.054,0.048,3.5117,,,2026-09-29 02:25:58
吉林省,松花江流域,烟筒山,2026-09-29 00:00,2,15.07,7.58,7.7,356.752,63.261,2.84,0.09,0.077,3.785,,,2026-09-29 02:25:58
吉林省,辽河流域,四双大桥,2026-09-29 00:00,2,15.17,8.14,9.91,656.82,17.62,3.06,,0.046,1.961,,,2026-09-29 02:25:58
吉林省,辽河流域,城子上,2026-09-29 00:00,2,17.06,7.87,7.44,587.97,8.29,3.43,0.135,0.055,,,,2026-09-29 02:25:58
吉林省,辽河流域,六家子,2026-09-29 00:00,2,15.27,7.98,10.33,727.9,6.6,2.79,0.006,0.082,7.9228,,,2026-09-29 02:25:58
吉林省,辽河流域,林家,2026-09-29 00:00,3,16.4,8.09,9.14,787.4,16.1,5.01,0.03,0.137,6.681,,,2026-09-29 02:25:58
吉林省,辽河流域,河清,2026-09-29 00:00,2,16.01,7.62,6.09,641.3,22.82,3.65,0.009,0.051,3.859,,,2026-09-29 02:25:58
吉林省,辽河流域,民主,2026-09-29 00:00,2,16.922,8.1,8.89,402.8,8.879,3.29,0.006,0.026,3.263,,,2026-09-29 02:25:58
吉林省,松花江流域,高集岗桥,2026-09-29 00:00,4,15,7.66,9.23,262.3,146.077,6.55,0.171,0.165,4.137,,,2026-09-29 02:25:58
吉林省,辽河流域,云峰,2026-09-29 00:00,3,20.377,7.14,5.46,128.87,2.557,2.08,0.023,0.018,1.524,,,2026-09-29 02:25:58
吉林省,辽河流域,老虎哨,2026-09-29 00:00,2,20.852,7.39,7.44,116.778,7.1938,2.09,0.025,0.014,1.963,,,2026-09-29 02:25:58
吉林省,辽河流域,鸠谷,2026-09-29 00:00,2,12.1,7.44,9.96,134,16,2.5,0.119,0.083,1.45,,,2026-09-29 02:25:58
吉林省,辽河流域,葫芦套,2026-09-29 00:00,2,17.11,7.87,9.02,140.54,22.325,2.29,0.017,0.038,1.169,,,2026-09-29 02:25:58
吉林省,辽河流域,大阳岔,2026-09-29 00:00,2,10.05,8.02,7.46,277.171,3.985,0.58,,0.015,1.518,,,2026-09-29 02:25:58
吉林省,松花江流域,松林,2026-09-29 01:00,3,16.61,7.3,8.58,305.21,22.34,4.24,0.089,0.086,3.638,,,2026-09-29 02:25:58
吉林省,松花江流域,白沙滩,2026-09-29 01:00,1,15.67,7.71,9.2,159.62,54.29,,0.082,,1.298,,,2026-09-29 02:25:58
吉林省,松花江流域,月亮湖下,2026-09-29 00:00,3,16.45,8.48,7.76,451.1,70.09,5.72,,0.057,1.4,,,2026-09-29 02:25:58
吉林省,松花江流域,圈河,2026-09-29 00:00,2,16.649,7.96,9.42,190.525,39.848,3.05,0.044,0.049,1.545,,,2026-09-29 02:25:58
吉林省,松花江流域,大山,2026-09-29 00:00,3,15.86,8.1,10.56,154.662,13.141,5.87,0.053,0.075,1.564,,,2026-09-29 02:25:58
吉林省,松花江流域,崇善,2026-09-29 00:00,3,9.64,7.55,10.34,97.823,11.764,5.92,0.143,0.2,1.516,,,2026-09-29 02:25:58
吉林省,松花江流域,榆树川,2026-09-29 00:00,2,14.75,8.09,9.15,225.055,16.334,2.12,0.012,0.032,2.131,,,2026-09-29 02:25:58
吉林省,松花江流域,磨盘大桥,2026-09-29 00:00,3,17.02,7.85,7.91,295.113,40.725,4.66,0.621,0.156,3.7,,,2026-09-29 02:25:58
吉林省,松花江流域,西崴子,2026-09-29 00:00,3,14.86,8.16,8.8,202.64,28.8284,4.14,0.017,0.038,1.461,,,2026-09-29 02:25:58
吉林省,松花江流域,石井,2026-09-29 00:00,2,14.92,7.84,8.99,269.431,66.88,4,0.193,0.096,2.44,,,2026-09-29 02:25:58
吉林省,松花江流域,三家子,2026-09-29 00:00,3,16.52,7.46,8.8,155.707,12.358,3.32,0.123,0.105,1.844,,,2026-09-29 02:25:58
吉林省,松花江流域,建封路大桥,2026-09-29 00:00,2,9.91,7.55,10.13,200.772,17.662,2.25,0.014,0.066,0.713,,,2026-09-29 02:25:58
黑龙江省,松花江流域,摆渡镇,2026-09-29 00:00,3,16.32,7.93,8.53,232.985,42.383,5.37,0.048,0.125,1.884,,,2026-09-29 02:25:58
黑龙江省,松花江流域,苗家,2026-09-29 00:00,4,17.5,8.86,11.85,268.7,20,6.11,0.029,0.143,1.496,,,2026-09-29 02:25:58
黑龙江省,松花江流域,磨盘山水库出口,2026-09-29 00:00,3,19.121,6.56,6.14,71.117,5.742,5.69,0.008,0.023,1.949,0.0299,19712,2026-09-29 02:25:58
黑龙江省,松花江流域,朱顺屯,2026-09-29 00:00,4,17.9507,7.77,7.12,213.934,68.2166,6.77,0.054,0.119,1.58,,,2026-09-29 02:25:58
黑龙江省,松花江流域,阿什河口内,2026-09-29 00:00,6,17.286,7.17,6.07,654.01,12.93,4.49,3.029,0.235,16.784,,,2026-09-29 02:25:58
黑龙江省,松花江流域,大顶子山,2026-09-29 00:00,3,18.0104,7.63,7.39,228.374,36.8009,5.53,0.055,0.092,2.629,,,2026-09-29 02:25:58
黑龙江省,松花江流域,拉哈,2026-09-29 00:00,4,14.62,7.64,9.42,128.234,40.86,6.19,,0.073,1.229,,,2026-09-29 02:25:58
黑龙江省,松花江流域,查哈阳乡,2026-09-29 00:00,2,13.3,7.71,10.23,100.1,17.3,3.45,0.002,0.026,0.42,,,2026-09-29 02:25:58
黑龙江省,松花江流域,音河水库,2026-09-29 00:00,2,16.49,7.76,8.21,233.55,99.22,3.92,,0.067,3.789,,,2026-09-29 02:25:58
黑龙江省,松花江流域,浏园,2026-09-29 00:00,3,15.45,7.34,9.03,159,38.7,5.09,,0.062,1.845,,,2026-09-29 02:25:58
黑龙江省,松花江流域,富源村,2026-09-29 00:00,4,16.68,7.73,8.88,104.52,16.87,8.67,0.011,0.057,0.747,,,2026-09-29 02:25:58
黑龙江省,松花江流域,858九队,2026-09-29 00:00,3,20.2,7.07,9.05,145.2,61.2033,5.41,0.399,0.146,1.7816,,,2026-09-29 02:25:58
黑龙江省,松花江流域,名山,2026-09-29 00:00,4,13.066,7.71,10.81,131.241,16.09,7.75,0.015,0.017,0.442,,,2026-09-29 02:25:58
黑龙江省,松花江流域,饶河上,2026-09-29 00:00,3,15.05,7.25,8.14,97.7,19.828,5.3,0.01,0.053,0.715,,,2026-09-29 02:25:58
黑龙江省,松花江流域,挠力河口内,2026-09-29 00:00,3,14.004,7.25,7.52,171.024,47.496,5.44,0.015,0.07,0.645,,,2026-09-29 02:25:58
黑龙江省,松花江流域,肇源,2026-09-29 01:00,4,16.93,7.76,9.33,262.39,41.14,7.26,0.119,0.119,1.318,,,2026-09-29 02:25:58
黑龙江省,松花江流域,嫩江口内,2026-09-29 00:00,4,16.51,7.71,9.02,171.361,70.797,6.7,0.003,0.097,1.434,,,2026-09-29 02:25:58
黑龙江省,松花江流域,友好,2026-09-29 00:00,5,11.36,7.28,10.29,105.644,10.023,11.16,0.017,0.05,1.169,,,2026-09-29 02:25:58
黑龙江省,松花江流域,嘉荫,2026-09-29 00:00,4,12.17,7.6,10.37,129.144,3.624,8.23,0.034,0.028,0.349,,,2026-09-29 02:25:58
黑龙江省,松花江流域,双河渠首,2026-09-29 00:00,2,14.23,7.35,9.68,142.6,11.2,3.49,,0.031,3.09,,,2026-09-29 02:25:58
黑龙江省,松花江流域,宏克利,2026-09-29 00:00,3,16.81,7.45,8.79,222.3,43.41,5.34,,0.109,1.981,,,2026-09-29 02:25:58
黑龙江省,松花江流域,海浪,2026-09-29 00:00,3,15.33,7.29,10.18,152.9,46.95,4.11,0.069,0.079,2.912,,,2026-09-29 02:25:58
黑龙江省,松花江流域,三道,2026-09-29 00:00,5,20.22,7.11,7.04,119.27,81.79,4.75,0.046,0.115,3.233,0.052246,28416,2026-09-29 02:25:58
黑龙江省,松花江流域,电视塔,2026-09-29 00:00,5,19.48,6.81,5.29,97.5,86.435,7.6,0.064,0.129,2.823,0.00259,15872,2026-09-29 02:25:58
黑龙江省,松花江流域,海浪河口内,2026-09-29 00:00,2,14.13,6.89,8.96,126.3,44.89,3.66,0.042,0.013,2.281,,,2026-09-29 02:25:58
黑龙江省,松花江流域,黑河下,2026-09-29 00:00,4,11.07,7.72,10.09,156.5572,11.6625,6.3,0.017,0.034,0.4373,,,2026-09-29 02:25:58
黑龙江省,松花江流域,呼玛河口内,2026-09-29 00:00,3,11.3,7.41,10.17,71.392,1.4,5.56,0.028,0.019,0.22,,,2026-09-29 02:25:58
黑龙江省,松花江流域,加格达奇上,2026-09-29 00:00,2,9.93,7.04,10.06,65.679,5.9765,3.35,,0.008,0.163,,,2026-09-29 02:25:58
上海市,长江流域,富锦路桥,2026-09-29 01:00,5,27.7,7.5,2.66,521.2,77.4,3.57,0.296,0.152,3.144,,,2026-09-29 02:25:58
上海市,太湖流域,明星路桥,2026-09-29 00:00,4,27.13,7.26,3.99,420.4161,25.38226,4.08,0.074,0.113,1.0553,,,2026-09-29 02:25:58
上海市,太湖流域,临江,2026-09-29 00:00,-1,,,,,,,,,,,,2026-09-29 02:25:58
上海市,太湖流域,闵行西界,2026-09-29 01:00,4,27.89,7.23,3.71,482.98,44.73,3.01,0.131,0.075,1.611,,,2026-09-29 02:25:58
上海市,太湖流域,吴淞口,2026-09-29 00:00,3,27.465,7.69,5.28,380.631,177.683,3.34,0.062,0.142,2.443,,,2026-09-29 02:25:58
上海市,太湖流域,蕴川路桥,2026-09-29 01:00,3,26.62,7.73,6.74,335.48,138.3,2.46,,0.127,1.984,,,2026-09-29 02:25:58
上海市,太湖流域,三甲港,2026-09-29 00:00,3,26.9,7.89,7.07,1057.5,103,2.5,0.188,0.112,1.792,,,2026-09-29 02:25:58
上海市,太湖流域,急水港桥,2026-09-29 00:00,5,26.54,7.22,2.55,502.3,23.3,2.94,0.032,0.084,1.761,0.0134,1732210,2026-09-29 02:25:58
上海市,太湖流域,太浦河桥,2026-09-29 01:00,4,27.21,7.28,3.52,368.51,35.08,3.34,,0.073,1.427,,,2026-09-29 02:25:58
江苏省,长江流域,陈浅,2026-09-29 00:00,6,23.21,7.14,1.03,349,41.89,5.67,0.481,0.2,2.612,,,2026-09-29 02:25:58
江苏省,长江流域,七桥瓮,2026-09-29 00:00,6,24.8,7.29,1.98,375.58,28.55,5.16,0.54,0.124,1.668,,,2026-09-29 02:25:58
江苏省,长江流域,节制闸,2026-09-29 00:00,5,24.08,7.19,2.84,351.6,14.24,4.7,0.653,0.129,2.107,,,2026-09-29 02:25:58
江苏省,长江流域,钱家渡,2026-09-29 00:00,3,26.3,7.65,5.23,272.7,30.74,3.07,0.017,0.061,0.806,,,2026-09-29 02:25:58
江苏省,太湖流域,锡东水厂,2026-09-29 01:00,3,25.57,8.75,7.58,368.45,17.57,3.25,0.046,0.045,0.336,0.01022,5745880,2026-09-29 02:25:58
江苏省,太湖流域,兰山嘴,2026-09-29 01:00,5,25.54,8.68,7.91,342.79,137.99,5.95,,0.148,1.166,0.00677,2.707826,2026-09-29 02:25:58
江苏省,太湖流域,蠡桥,2026-09-29 00:00,4,25.89,7.35,3.52,443.49,8.68,2.11,0.393,0.05,1.014,,,2026-09-29 02:25:58
江苏省,太湖流域,百渎港桥,2026-09-29 00:00,4,26.36,7.34,3.63,479,50.63,2.86,0.09,0.117,2.375,,,2026-09-29 02:25:58
江苏省,太湖流域,殷村港桥,2026-09-29 01:00,5,25.82,7.27,2.86,388.59,36.86,3.42,0.175,0.106,1.979,,,2026-09-29 02:25:58
江苏省,太湖流域,大浦港桥,2026-09-29 00:00,4,26.24,7.42,3.3,409.9,72.2,3.87,0.173,0.104,1.745,,,2026-09-29 02:25:58
江苏省,太湖流域,五牧,2026-09-29 00:00,4,25.18,6.96,4.79,309.86,28.15,2.17,0.322,0.122,2.542,,,2026-09-29 02:25:58
江苏省,太湖流域,拖山,2026-09-29 01:00,4,25.71,8.75,7.75,318.1,52.96,4.01,0.011,0.093,1.343,0.00452,9836653,2026-09-29 02:25:58
江苏省,太湖流域,五里湖心,2026-09-29 01:00,4,25.88,7.75,6.65,405.94,22.04952,2.87,,0.07,0.408,0.00252,4844617,2026-09-29 02:25:58
江苏省,太湖流域,金潼桥,2026-09-29 00:00,3,26.35,7.73,5.66,309.6,18.35,2.06,0.095,0.07,1.774,,,2026-09-29 02:25:58
江苏省,太湖流域,大港桥,2026-09-29 00:00,3,24.4,6.8,5.7,167.98,5.88,2.54,0.137,0.033,1.312,,,2026-09-29 02:25:58
江苏省,太湖流域,潘家坝,2026-09-29 01:00,3,25.92,7.54,5.08,395.67,47.31,2.72,0.051,0.094,1.83,,,2026-09-29 02:25:58
江苏省,太湖流域,长济桥,2026-09-29 00:00,2,26.11,7.72,6.26,299,21.64,1.74,0.026,0.069,1.749,,,2026-09-29 02:25:58
江苏省,太湖流域,钓邾大桥,2026-09-29 00:00,3,26.53,7.64,5.99,488.54,64.69,2.47,0.178,0.101,1.61,,,2026-09-29 02:25:58
江苏省,长江流域,小湾,2026-09-29 00:00,2,25.89,7.76,6.2,297.8,21.26,1.68,,0.055,1.489,,,2026-09-29 02:25:58
江苏省,淮河流域,李庄,2026-09-29 00:00,3,25.07,8.29,5.58,618.5,8.8,4.52,0.125,0.098,3.855,,,2026-09-29 02:25:58
江苏省,淮河流域,李集桥,2026-09-29 00:00,4,24.52,7.82,4.1,1333.43,4.54,4.12,0.06,0.061,0.927,,,2026-09-29 02:25:58
江苏省,淮河流域,华山闸,2026-09-29 00:00,4,24.48,8.29,4.91,1233.2,7.1,5.54,0.016,0.067,0.803,,,2026-09-29 02:25:58
江苏省,淮河流域,沙庄桥,2026-09-29 00:00,4,24.82,7.7,3.86,1266.8,17.2,6.2,0.221,0.138,1.269,,,2026-09-29 02:25:58
江苏省,淮河流域,张楼,2026-09-29 00:00,2,25.068,7.72,6.94,1242.861,16.045,3.79,0.152,0.093,0.95,,,2026-09-29 02:25:58
江苏省,淮河流域,沙集西闸,2026-09-29 00:00,4,24.06,7.49,3.02,784.54,36.9,3.3,0.159,0.102,0.868,,,2026-09-29 02:25:58
江苏省,淮河流域,艾山西大桥,2026-09-29 00:00,4,24.071,8.1,7.04,1020.28,20.584,7.85,0.109,0.231,5.023,,,2026-09-29 02:25:58
江苏省,淮河流域,下楼公路桥,2026-09-29 00:00,3,22.9,7.33,6.99,1067.57,6.92,4.42,0.119,0.068,0.7974,,,2026-09-29 02:25:58
江苏省,长江流域,魏村,2026-09-29 00:00,2,25.57,7.62,6.08,298.4,15.91,1.57,0.007,0.071,1.578,,,2026-09-29 02:25:58
江苏省,太湖流域,姚巷桥,2026-09-29 01:00,3,26.58,7.82,5.11,392.59,12.25,2.98,0.105,0.07,1.666,,,2026-09-29 02:25:58
江苏省,太湖流域,黄埝桥,2026-09-29 00:00,5,24.07,7.03,2.61,344.4,29.43,6.58,0.557,0.292,2.74,,,2026-09-29 02:25:58
江苏省,太湖流域,落蓬湾,2026-09-29 00:00,4,26.98,7.29,4.84,282.7,103.6,3.67,0.19,0.084,1.259,,,2026-09-29 02:25:58
江苏省,太湖流域,九号桥,2026-09-29 00:00,4,24.43,7.3,3.21,369.6,20.8,2.93,0.504,0.141,3.343,,,2026-09-29 02:25:58
江苏省,太湖流域,胥湖心,2026-09-29 01:00,2,26.16,8.15,6.85,337.39,8.59,2.36,,0.006,0.16,0.0011,173570.8,2026-09-29 02:25:58
江苏省,太湖流域,乌龟山南,2026-09-29 01:00,4,25.7,8.42,7.73,362.264,38.545,3.58,,0.057,0.542,0.00193,1.119404,2026-09-29 02:25:58
江苏省,太湖流域,望亭上游,2026-09-29 00:00,3,26.37,7.54,6.1,534.15,28.13,2.52,0.27,0.125,3.064,,,2026-09-29 02:25:58
江苏省,太湖流域,千灯浦口,2026-09-29 01:00,4,27.1,7.34,3.8,550.443,30.363,3.11,0.043,0.092,1.1668,,,2026-09-29 02:25:58
江苏省,太湖流域,朱厍港口,2026-09-29 00:00,4,26.1,7.37,4.25,518.1,30.8,3.32,0.04,0.088,1.186,,,2026-09-29 02:25:58
江苏省,太湖流域,浏河闸,2026-09-29 00:00,4,26.63,7.39,4.04,563.715,45.892,3.49,0.166,0.134,2.1355,,,2026-09-29 02:25:58
江苏省,太湖流域,江边闸,2026-09-29 00:00,4,25.41,7.44,4.06,610.6,40.68,2.53,0.021,0.093,1.878,,,2026-09-29 02:25:58
江苏省,太湖流域,瓜泾口西,2026-09-29 00:00,6,26.8,7.37,1.78,341.3,8.3,4.36,0.151,0.054,0.901,,,2026-09-29 02:25:58
江苏省,太湖流域,航管站,2026-09-29 00:00,2,27.42,8.38,6.61,379.35,14.7,2.27,0.031,0.015,0.223,,,2026-09-29 02:25:58
江苏省,太湖流域,越溪桥,2026-09-29 00:00,5,26.83,7.34,2.16,419,36.4,4.63,0.279,0.133,1.62,,,2026-09-29 02:25:58
江苏省,太湖流域,312国道桥,2026-09-29 00:00,3,26.27,8.54,5.39,362.95,12.45,3.1,0.012,0.035,0.313,,,2026-09-29 02:25:58
江苏省,太湖流域,赵屯,2026-09-29 00:00,3,26.89,7.51,5.2,756.001,45.512,3.36,0.011,0.11,2.411,,,2026-09-29 02:25:58
江苏省,淮河流域,东安闸桥西,2026-09-29 00:00,6,24.19,7.15,1.67,1000.4,22.12,,,,,,,2026-09-29 02:25:58
江苏省,长江流域,九圩港桥,2026-09-29 00:00,6,24.4,7.35,1.41,600.6,93.86,5.3,0.459,0.262,1.673,,,2026-09-29 02:25:58
江苏省,长江流域,碾砣港闸,2026-09-29 00:00,5,24.24,7.4,2.5,476.5,26.19,4.64,0.391,0.26,1.916,,,2026-09-29 02:25:58
江苏省,长江流域,聚南大桥,2026-09-29 00:00,6,25.98,7.31,0.77,772.4,14.06,4.49,0.18,0.103,1.329,,,2026-09-29 02:25:58
江苏省,长江流域,大洋港桥,2026-09-29 00:00,5,25.24,7.37,2.63,858.9,73.9,5.01,0.525,0.296,2.645,,,2026-09-29 02:25:58
江苏省,长江流域,塘芦港闸,2026-09-29 00:00,6,25.762,7.45,1.34,1209.91,14.896,5.3,0.377,0.17,1.676,,,2026-09-29 02:25:58
江苏省,淮河流域,小洋口,2026-09-29 00:00,6,23.4,7.39,1.92,1262.3,22.19,5.84,0.54,0.342,1.133,,,2026-09-29 02:25:58
江苏省,淮河流域,环东闸口,2026-09-29 00:00,5,24.8,7.38,2.13,923.6,28.34,5.83,0.482,0.376,2.589,,,2026-09-29 02:25:58
江苏省,淮河流域,北凌新闸,2026-09-29 00:00,6,23.78,7.73,1.72,1708,24.68,5.96,0.688,0.407,3.044,,,2026-09-29 02:25:58
江苏省,淮河流域,四队桥,2026-09-29 01:00,5,24.5,7.47,2.21,775.35,54.15,3.87,0.071,0.152,2.73,,,2026-09-29 02:25:58
江苏省,淮河流域,淮河大桥,2026-09-29 00:00,3,24.38,7.7,6.68,472.1,34.26,2.64,0.109,0.102,2.355,,,2026-09-29 02:25:58
江苏省,淮河流域,五叉河口,2026-09-29 00:00,4,23.89,7.78,4.91,484.257,38.616,3.16,0.122,0.071,1.577,,,2026-09-29 02:25:58
江苏省,淮河流域,戴楼衡阳,2026-09-29 00:00,3,24.4,7.77,5.87,426.3,21.72,3.46,0.127,0.064,1.477,0.02335,,2026-09-29 02:25:58
江苏省,淮河流域,总渠苏嘴,2026-09-29 01:00,2,25.092,7.69,6.26,359.99,36.24,2.57,0.033,0.067,2.7,,,2026-09-29 02:25:58
江苏省,淮河流域,唐曹,2026-09-29 00:00,4,22.45,7.56,3.68,474.8,69.99,4.21,0.32,0.144,1.087,,,2026-09-29 02:25:58
江苏省,淮河流域,新洋港闸,2026-09-29 01:00,6,24.97,7.44,0.01,1006.57,13.8,5.15,0.219,0.135,1.665,,,2026-09-29 02:25:58
江苏省,淮河流域,富民桥,2026-09-29 01:00,5,24.34,7.51,2.52,1853.32,14.8,4.28,0.18,0.141,1.21,,,2026-09-29 02:25:58
江苏省,淮河流域,泰东大桥,2026-09-29 01:00,4,24.46,7.56,3.46,383.9,9.15,2.67,0.135,0.105,1.704,,,2026-09-29 02:25:58
江苏省,淮河流域,草堰大桥,2026-09-29 01:00,5,24.972,7.42,2.75,568.377,63.015,3.82,0.279,0.141,2.165,,,2026-09-29 02:25:58
江苏省,淮河流域,射阳河闸,2026-09-29 01:00,4,24.84,7.33,3.65,822.17,27.73,4.99,0.038,0.098,1.388,,,2026-09-29 02:25:58
江苏省,淮河流域,黄沙港闸,2026-09-29 01:00,5,24.77,7.4,2.21,874.96,24.81,6.3,0.332,0.184,1.414,,,2026-09-29 02:25:58
江苏省,淮河流域,川东闸,2026-09-29 01:00,4,24.58,7.37,3.08,1404.34,21.37,3.68,0.16,0.214,2.041,,,2026-09-29 02:25:58
江苏省,淮河流域,头罾闸,2026-09-29 01:00,5,24.63,7.84,2.18,742.44,21.89,3.8,0.033,0.101,1.448,,,2026-09-29 02:25:58
江苏省,长江流域,三江营,2026-09-29 00:00,2,25.59,7.71,6.01,294.3,46.7,2.11,,0.076,1.425,,,2026-09-29 02:25:58
江苏省,淮河流域,槐泗河口,2026-09-29 00:00,2,25.14,7.77,6.16,425.4,54.79,3.18,0.06,0.091,1.758,,,2026-09-29 02:25:58
江苏省,淮河流域,大运河船闸,2026-09-29 00:00,2,25.1,7.68,6.18,281.4,64.8,2.06,0.018,0.088,2.004,,,2026-09-29 02:25:58
江苏省,淮河流域,江都西闸,2026-09-29 00:00,3,24.89,7.43,5.6,345.82,82.85,2.78,0.037,0.1,1.735,,,2026-09-29 02:25:58
江苏省,长江流域,冻青桥,2026-09-29 00:00,6,23.75,7.22,1.58,329.9,17.95,4.34,2.375,0.32,3.551,,,2026-09-29 02:25:58
江苏省,长江流域,小河口上游,2026-09-29 00:00,2,26.21,7.7,6.1,313.9,25.13,1.77,0.05,0.07,1.597,,,2026-09-29 02:25:58
江苏省,淮河流域,曹庄桥,2026-09-29 00:00,5,23.57,7.09,2.52,367.4,16.15,5.07,0.22,0.214,1.537,,,2026-09-29 02:25:58
江苏省,太湖流域,辛丰镇,2026-09-29 00:00,4,24.35,7.12,4.04,331.4,39.34,5.88,0.517,0.217,2.932,,,2026-09-29 02:25:58
江苏省,太湖流域,林家闸,2026-09-29 00:00,2,25.81,7.71,6.29,299.1,20.69,2.39,,0.1,1.8792,,,2026-09-29 02:25:58
江苏省,长江流域,新河桥,2026-09-29 00:00,6,24.4,7.14,1.46,387.7,7.04,2.92,1.308,0.17,4.525,,,2026-09-29 02:25:58
江苏省,太湖流域,吕城,2026-09-29 00:00,4,24.24,7.15,3.59,294.64,27.38,5.43,0.243,0.26,2.597,,,2026-09-29 02:25:58
江苏省,淮河流域,海陵大桥,2026-09-29 00:00,2,25.55,7.82,6.56,289.1,23.15,1.42,0.005,0.058,1.479,,,2026-09-29 02:25:58
江苏省,长江流域,马甸闸西,2026-09-29 00:00,5,23.72,7.31,2.5,437.8,25.73,4.4,0.603,0.313,2.208,,,2026-09-29 02:25:58
江苏省,长江流域,祥和大桥,2026-09-29 00:00,6,24.39,7.26,1.06,463.6,5.38,3.56,1.929,0.236,2.928,,,2026-09-29 02:25:58
江苏省,长江流域,新十圩港大桥,2026-09-29 00:00,4,25.36,7.49,3.42,333.5,57.36,2.9,0.26,0.128,2.194,,,2026-09-29 02:25:58
江苏省,淮河流域,马陵翻水站,2026-09-29 00:00,2,24.28,7.96,6.17,548.29,47.68,3.39,0.064,0.063,0.885,,,2026-09-29 02:25:58
江苏省,淮河流域,临淮乡入湖口,2026-09-29 00:00,5,24.44,7.48,2.72,731.7,26.64,6.03,0.331,0.076,1.318,,,2026-09-29 02:25:58
江苏省,淮河流域,砖瓦厂,2026-09-29 00:00,4,24.31,8.04,3.36,870.6,26.29,4.92,0.237,0.141,1.135,,,2026-09-29 02:25:58
江苏省,淮河流域,顾勒大桥,2026-09-29 00:00,3,24.63,7.72,5.13,825.81,30.01,4.61,0.176,0.117,0.869,,,2026-09-29 02:25:58
江苏省,淮河流域,团结闸,2026-09-29 00:00,4,23.77,8.51,5.21,1375.6,11.3,6.95,0.192,0.056,1.186,,,2026-09-29 02:25:58
江苏省,淮河流域,大屈,2026-09-29 00:00,4,23.1,7.69,4.84,870.3,16.4,5.8,0.18,0.101,1.297,,,2026-09-29 02:25:58
浙江省,浙闽片河流,小金山,2026-09-29 00:00,2,29.28,,11.35,143.949,3.122,2.19,0.008,0.014,0.6147,,,2026-09-29 02:25:58
浙江省,浙闽片河流,三潭岛,2026-09-29 00:00,4,28.99,,9.41,123.835,2.328,1.38,1.197,0.008,0.4746,,,2026-09-29 02:25:58
浙江省,浙闽片河流,千岛湖大坝前,2026-09-29 00:00,1,30.27,8.82,8.33,131.535,1.89,1.42,0.024,0.007,0.6757,,,2026-09-29 02:25:58
浙江省,浙闽片河流,洋溪渡,2026-09-29 00:00,3,20.55,7.02,5.63,164.594,4.617,1,0.001,0.008,0.8585,,,2026-09-29 02:25:58
浙江省,浙闽片河流,桐庐,2026-09-29 00:00,2,26.26,7.4,6.78,203.7,11.7,1.47,0.006,0.047,1.395,,,2026-09-29 02:25:58
浙江省,浙闽片河流,溪口,2026-09-29 01:00,3,25.97,6.44,6.22,100.71,33.82,4.06,0.103,0.12,2.828,,,2026-09-29 02:25:58
浙江省,浙闽片河流,清林渡,2026-09-29 01:00,4,28.7,7.2,4.45,321.964,29.468,3.67,0.04,0.106,1.819,,,2026-09-29 02:25:58
浙江省,浙闽片河流,水车,2026-09-29 00:00,3,29.031,8.07,8.83,2703.39,7.902,4.95,0.081,0.058,1.472,,,2026-09-29 02:25:58
浙江省,浙闽片河流,长汀,2026-09-29 01:00,4,36.36,7.16,4.98,134.72,5.3,1.83,0.021,0.032,1.273,,,2026-09-29 02:25:58
浙江省,浙闽片河流,梁桥,2026-09-29 01:00,3,26.93,6.6,5.2,100.52,4.04,1.19,0.044,0.056,1.862,,,2026-09-29 02:25:58
浙江省,太湖流域,卫八路桥,2026-09-29 00:00,4,27.58,7.43,3.92,469.488,48.436,3.42,0.089,0.112,1.771,,,2026-09-29 02:25:58
浙江省,太湖流域,漕廊公路桥,2026-09-29 00:00,5,27.44954,7.27,2.74,465.762,30.3585,3.38,0.114,0.12,1.6662,,,2026-09-29 02:25:58
浙江省,太湖流域,新港口,2026-09-29 00:00,2,27.16,8.1,6.57,283.45,83.8,3.09,0.121,0.059,1.814,0.09319,,2026-09-29 02:25:58
浙江省,太湖流域,大钱,2026-09-29 00:00,6,26.52,9.05,7.4,281.5939,86.50091,4.08,0.104,0.067,1.2404,,,2026-09-29 02:25:58
浙江省,太湖流域,城西大桥,2026-09-29 01:00,4,27.18,7.25,3.54,219.52,30.51,2.56,0.047,0.044,1.821,,,2026-09-29 02:25:58
浙江省,太湖流域,汤溇,2026-09-29 00:00,6,27.01,9.1,7.48,293.9201,38.4212,3.35,0.055,0.051,0.9136,,,2026-09-29 02:25:58
浙江省,太湖流域,塘浦,2026-09-29 01:00,2,25.99,6.63,6.08,133.37,23.78,2.57,0.12,0.071,1.74,,,2026-09-29 02:25:58
浙江省,太湖流域,荆湾,2026-09-29 01:00,3,27.66,6.48,5.39,182.73,8.28,2.07,0.047,0.03,1.419,,,2026-09-29 02:25:58
浙江省,太湖流域,铁路桥,2026-09-29 01:00,4,27.55,6.56,4.12,210.71,8.97,2.16,0.051,0.044,1.793,,,2026-09-29 02:25:58
浙江省,太湖流域,杨家浦,2026-09-29 01:00,4,26.18006,7.57,4.24,328.096,64.77139,3.59,0.102,0.1,1.787419,,,2026-09-29 02:25:58
浙江省,太湖流域,合溪,2026-09-29 01:00,4,26.47,7.19,3.62,316,48.89,2.88,0.317,0.032,1.682,,,2026-09-29 02:25:58
浙江省,浙闽片河流,曹娥江大闸闸前,2026-09-29 00:00,2,28.067,7.97,7.06,253.758,8.258,3.5,0.077,0.057,1.871,,,2026-09-29 02:25:58
浙江省,浙闽片河流,屠家埠,2026-09-29 00:00,3,29.293,7.2,5.79,162.52,10.961,1.77,0.164,0.061,1.77,,,2026-09-29 02:25:58
浙江省,浙闽片河流,葛山头,2026-09-29 01:00,4,28.71,6.95,4.15,185.85,13.2,2.69,0.072,0.054,1.841,,,2026-09-29 02:25:58
浙江省,浙闽片河流,义东桥,2026-09-29 00:00,3,31.008,7.6,7.66,543.483,20.381,4.01,0.284,0.152,3.388,,,2026-09-29 02:25:58
浙江省,浙闽片河流,塔下洲,2026-09-29 00:00,3,30.32,8.96,12.47,522.8,4.047,5.88,0.054,0.08,2.5463,,,2026-09-29 02:25:58
浙江省,浙闽片河流,东关桥,2026-09-29 00:00,3,31.478,7.91,6.99,735.013,6.369,4.04,0.021,0.13,2.807,,,2026-09-29 02:25:58
浙江省,浙闽片河流,费垅,2026-09-29 00:00,3,30.27,8.16,9.19,585.871,7.19,3.57,0.181,0.101,2.612,,,2026-09-29 02:25:58
浙江省,浙闽片河流,台口,2026-09-29 00:00,3,29.13,8.27,6.67,221.882,27.311,2.41,0.113,0.102,1.6267,,,2026-09-29 02:25:58
浙江省,浙闽片河流,南江桥,2026-09-29 01:00,3,31.22,8.35,7.58,535.532,2.561,3.51,0.052,0.116,1.8172,,,2026-09-29 02:25:58
浙江省,浙闽片河流,横山,2026-09-29 01:00,2,29.91,7.62,7.01,306.911,1.787,2.01,0.016,0.032,1.0689,,,2026-09-29 02:25:58
浙江省,浙闽片河流,章店,2026-09-29 01:00,4,30.58,7.51,3.67,275.875,7.288,5.19,0.402,0.178,2.0857,,,2026-09-29 02:25:58
浙江省,长江流域,苏庄,2026-09-29 00:00,3,29.67423,7.12,5.75,76.62179,1.69023,2.16,0.004,0.018,0.32336,,,2026-09-29 02:25:58
浙江省,浙闽片河流,长潭水库坝口,2026-09-29 00:00,2,29.463,,10.65,47.172,2.14,2.04,0.003,0.013,0.257,,,2026-09-29 02:25:58
浙江省,浙闽片河流,金清新闸,2026-09-29 01:00,4,28.07,7.5,4.54,1269.992,50.981,3.07,0.075,0.143,2.6277,,,2026-09-29 02:25:58
浙江省,浙闽片河流,里石门水库,2026-09-29 00:00,2,28.91,,10.29,65.427,2.345,2.85,0.016,0.012,0.2469,0.00362,839555.4,2026-09-29 02:25:58
浙江省,浙闽片河流,温峤,2026-09-29 00:00,6,29.706,9.34,18.33,571.841,15.921,4.27,0.014,0.055,3.546,,,2026-09-29 02:25:58
浙江省,浙闽片河流,永宁江口,2026-09-29 00:00,2,28.36,7.41,6.77,101.97,17.894,1.71,0.049,,0.706,,,2026-09-29 02:25:58
浙江省,浙闽片河流,沙段,2026-09-29 00:00,2,29.41,7.23,7.06,187.167,4.261,3.03,0.012,0.033,1.2715,,,2026-09-29 02:25:58
浙江省,浙闽片河流,柏枝岙,2026-09-29 00:00,2,29.606,7.31,8.26,177.016,25.352,1.33,0.018,0.08,1.252,,,2026-09-29 02:25:58
浙江省,浙闽片河流,均溪,2026-09-29 01:00,2,27.06,6.59,7.1,45.01,4.27,1.4,0.019,0.013,0.603,,,2026-09-29 02:25:58
浙江省,浙闽片河流,风化,2026-09-29 01:00,2,28.2,7,8,73.17,6.81,1.35,0.023,0.021,0.719,,,2026-09-29 02:25:58
浙江省,浙闽片河流,沙湾上,2026-09-29 01:00,1,24.37,7.44,7.82,30.86,1.173,0.78,0.089,0.007,0.1384,,,2026-09-29 02:25:58
浙江省,浙闽片河流,小溪口,2026-09-29 00:00,2,26.48,6.9,6.52,44.185,9.503,1.38,,0.009,0.4711,,,2026-09-29 02:25:58
安徽省,巢湖流域,三胜大队渡口,2026-09-29 00:00,3,25.34,7.89,5.74,325.713,26.7517,5.71,0.126,0.107,0.8549,,,2026-09-29 02:25:58
安徽省,巢湖流域,兆河入湖口渡口,2026-09-29 00:00,4,25.4,7.13,4.37,314.556,10.3819,4.72,0.184,0.047,1.0169,,,2026-09-29 02:25:58
安徽省,巢湖流域,牛角大圩,2026-09-29 00:00,4,25.27,7.25,3.06,277.7,58.7008,4.18,0.358,0.109,2.52,,,2026-09-29 02:25:58
安徽省,巢湖流域,北闸渡口,2026-09-29 00:00,4,23.721,6.64,4.7,198.702,25.623,6.4,0.281,0.124,2.05,,,2026-09-29 02:25:58
安徽省,巢湖流域,希望桥,2026-09-29 00:00,6,24.5,6.98,1.63,316.9,12.9,3.15,2.22,0.169,5.155,,,2026-09-29 02:25:58
安徽省,巢湖流域,石堆渡口,2026-09-29 00:00,4,24.75,6.85,4.46,220.9831,36.8121,3.59,0.133,0.098,1.4722,,,2026-09-29 02:25:58
安徽省,巢湖流域,柘皋大桥,2026-09-29 00:00,5,24.55,7.2,2.94,371.069,27.515,5.94,0.246,0.09,0.9134,,,2026-09-29 02:25:58
安徽省,巢湖流域,湖滨,2026-09-29 01:00,4,24.39,8.48,6.79,284.53,29.61,3.78,0.048,0.098,1.442,0.00246,4894779,2026-09-29 02:25:58
安徽省,巢湖流域,黄麓,2026-09-29 01:00,4,25.94,8.77,7.1,290.84,36.476,5.77,,0.085,0.426,0.01027,9691463,2026-09-29 02:25:58
安徽省,巢湖流域,三河镇大桥,2026-09-29 00:00,4,23.36,7.02,4.4,227.7,154.67,6.76,0.205,0.21,2.118,,,2026-09-29 02:25:58
安徽省,巢湖流域,三河镇新大桥,2026-09-29 00:00,3,24.51,6.87,5.02,154.8,29.32,5.51,0.183,0.128,2.172,,,2026-09-29 02:25:58
安徽省,巢湖流域,施口,2026-09-29 00:00,6,25.09,7.08,1.64,604.3813,33.0773,4.97,1.771,0.178,6.957,,,2026-09-29 02:25:58
安徽省,巢湖流域,靠近大坝,2026-09-29 01:00,2,24.66,7.4,6.19,121.46,8.31,,0.076,0.022,0.506,0.01077,6757493,2026-09-29 02:25:58
安徽省,巢湖流域,新河入湖区,2026-09-29 01:00,5,24.66,7.28,5.99,207.08,53.8,4.32,0.196,0.105,1.616,0.00395,2.042121,2026-09-29 02:25:58
安徽省,巢湖流域,西半湖湖心,2026-09-29 01:00,4,24.35,7.9,6.8,491.61,26.06,3.97,0.02,0.094,1.013,0.0022,4673931,2026-09-29 02:25:58
安徽省,巢湖流域,龟山,2026-09-29 01:00,4,23.81,8.87,7.68,305.45,25.97,4.34,,0.08,0.522,0.0092,2.524242,2026-09-29 02:25:58
安徽省,巢湖流域,东半湖湖心,2026-09-29 01:00,4,24.455,8.59,7.32,280.06,41.491,5.72,0.004,0.086,0.82,0.00458,2.474908,2026-09-29 02:25:58
安徽省,巢湖流域,忠庙,2026-09-29 01:00,5,24.32,8.68,7.34,266.81,43.35,5.25,0.014,0.108,0.758,0.00975,1.323072,2026-09-29 02:25:58
安徽省,巢湖流域,双桥河入湖口,2026-09-29 00:00,5,25.27,7.38,2.39,386.5003,30.1543,3.88,0.173,0.084,0.7099,,,2026-09-29 02:25:58
安徽省,巢湖流域,繁华大道桥,2026-09-29 00:00,5,24.18,7.03,3.16,481.2573,31.3246,5.22,1.571,0.165,4.093,,,2026-09-29 02:25:58
安徽省,长江流域,东西梁山,2026-09-29 00:00,2,26.36,7.82,6.25,308.0482,22.1596,1.5,0.065,0.063,1.9512,,,2026-09-29 02:25:58
安徽省,长江流域,宝塔根,2026-09-29 00:00,2,26.48,7.58,6.5,249.8631,28.3415,1.71,0.119,0.036,1.1394,,,2026-09-29 02:25:58
安徽省,巢湖流域,裕溪口,2026-09-29 00:00,3,25.38,7.56,6.33,317.0106,77.8406,4.12,0.243,0.099,1.5113,,,2026-09-29 02:25:58
安徽省,长江流域,荻港,2026-09-29 00:00,4,25.77,7.49,4.02,512.5,45.0119,3.39,0.099,0.075,1.4675,,,2026-09-29 02:25:58
安徽省,长江流域,澛港桥,2026-09-29 00:00,4,25.03,7.21,4.59,296.4449,15.0545,3.03,0.049,0.062,2.812,,,2026-09-29 02:25:58
安徽省,长江流域,西河入裕溪河口,2026-09-29 00:00,4,25.99,7.03,4.08,366.8042,38.7677,3.38,0.173,0.061,1.3368,,,2026-09-29 02:25:58
安徽省,淮河流域,沫河口,2026-09-29 00:00,3,24.67,7.72,6.06,614.1728,23.63,4.29,0.093,0.184,2.741,,,2026-09-29 02:25:58
安徽省,淮河流域,关咀,2026-09-29 00:00,6,23.90605,7.6,1.74,945.8649,13.32548,5.17,0.099,0.137,0.70746,,,2026-09-29 02:25:58
安徽省,淮河流域,五河,2026-09-29 00:00,5,22.63,7.72,2.53,939.475,17.32974,4.64,0.048,0.103,2.03651,,,2026-09-29 02:25:58
安徽省,淮河流域,蚌埠固镇,2026-09-29 00:00,4,24.19,7.75,4,1218.338,22.65,4.21,0.165,0.153,3.2059,,,2026-09-29 02:25:58
安徽省,淮河流域,湖沟,2026-09-29 00:00,6,23.86095,7.8,1.21,1294.248,26.89537,3.66,0.083,0.082,3.08834,,,2026-09-29 02:25:58
安徽省,淮河流域,石头埠,2026-09-29 00:00,3,24.33,7.66,5.61,600.9531,36.95276,3.18,0.071,0.105,3.34823,,,2026-09-29 02:25:58
安徽省,淮河流域,鲁台孜,2026-09-29 00:00,3,23.91,7.48,5.64,510.1804,47.90832,3.37,0.056,0.102,2.78224,,,2026-09-29 02:25:58
安徽省,淮河流域,西淝河闸下,2026-09-29 00:00,4,23.98769,7.44,3.52,807.9316,12.77238,4.83,0.122,0.079,1.61717,,,2026-09-29 02:25:58
安徽省,淮河流域,新城口,2026-09-29 00:00,4,24.33542,7.68,4.19,591.9838,28.37397,3.13,0.01,0.11,3.46925,,,2026-09-29 02:25:58
安徽省,淮河流域,焦岗湖,2026-09-29 01:00,4,23.09,7.62,4.93,651.36,151.06,4.39,0.037,0.04,0.819,0.00545,6191432,2026-09-29 02:25:58
安徽省,淮河流域,大店岗,2026-09-29 00:00,2,23.68,6.99,6.44,181.9633,50.31967,3.28,0.078,0.085,3.04487,,,2026-09-29 02:25:58
安徽省,淮河流域,五里闸,2026-09-29 00:00,4,23.15,7.08,4.54,262.9201,54.22801,3.83,0.065,0.059,1.11118,,,2026-09-29 02:25:58
安徽省,长江流域,三兴村,2026-09-29 00:00,2,25.93,7.62,6.05,333.8632,30.55261,3.17,0.071,0.061,2.601,,,2026-09-29 02:25:58
安徽省,长江流域,得胜河入江口,2026-09-29 00:00,3,24.8912,7.64,5.47,545.7,21.6492,4.52,0.222,0.169,2.0835,,,2026-09-29 02:25:58
安徽省,长江流域,姑溪河大桥,2026-09-29 00:00,3,25.762,7.17,6.49,243.05,32.9388,5.5,0.069,0.077,1.619,,,2026-09-29 02:25:58
安徽省,长江流域,当涂查湾,2026-09-29 00:00,2,26.74,7.37,6.16,324.8894,31.8717,2.68,,0.035,1.742,,,2026-09-29 02:25:58
安徽省,长江流域,乌江,2026-09-29 00:00,2,24.63725,7.72,6.53,339.1854,48.22927,2.35,0.034,0.059,1.485127,,,2026-09-29 02:25:58
安徽省,长江流域,雨山河下游,2026-09-29 00:00,4,24.8973,7.5,4.36,556.6335,25.9544,3.93,0.735,0.181,6.025,,,2026-09-29 02:25:58
安徽省,淮河流域,小王桥,2026-09-29 00:00,6,24.71,7.43,0.62,1382.76,7.8,4.22,0.43,0.096,1.451,,,2026-09-29 02:25:58
安徽省,淮河流域,后常桥,2026-09-29 00:00,4,24.46484,8.37,4.75,1126.758,5.12929,,0.052,0.095,1.00562,,,2026-09-29 02:25:58
安徽省,淮河流域,李大桥闸,2026-09-29 00:00,6,23.16,7.8,1.14,1406.97,7.782,9.75,0.214,0.075,0.911,,,2026-09-29 02:25:58
安徽省,长江流域,顺安河入江口,2026-09-29 00:00,2,25.42309,7.6,9.33,317.7161,32.53639,2.09,0.073,0.051,2.01414,,,2026-09-29 02:25:58
安徽省,长江流域,陈家墩,2026-09-29 00:00,2,26.12,7.77,7.58,313.5941,31.07057,1.69,0.046,0.058,2.40007,,,2026-09-29 02:25:58
安徽省,长江流域,枞阳大闸,2026-09-29 00:00,2,25.92,7.43,6.21,163.4424,35.39526,3.76,0.069,0.052,0.8696,,,2026-09-29 02:25:58
安徽省,长江流域,武昌湖,2026-09-29 00:00,3,28.18,7.43,5.84,206.3541,13.57614,3.11,,0.031,0.74496,0.00822,4033491,2026-09-29 02:25:58
安徽省,长江流域,前江口,2026-09-29 00:00,2,26.11413,7.73,6.67,322.6354,27.10007,2.85,0.112,0.059,3.56507,,,2026-09-29 02:25:58
安徽省,长江流域,花亭湖坝前,2026-09-29 00:00,2,27.23,8,7.47,82.38922,1.54202,2.19,0.006,0.012,0.64592,0.00457,602719.7,2026-09-29 02:25:58
安徽省,长江流域,华阳河入江口,2026-09-29 00:00,2,29.9,8.57,10.88,318.4876,8.79794,3,0.003,0.039,1.00012,,,2026-09-29 02:25:58
安徽省,长江流域,水厂取水口,2026-09-29 00:00,5,25.77493,8.56,2.49,138.2093,5.58885,2.35,0.009,0.028,0.73608,,,2026-09-29 02:25:58
安徽省,长江流域,车轴寺大桥,2026-09-29 00:00,2,27,8.61,7.96,124.0727,3.77236,2.2,0.006,0.03,0.70406,,,2026-09-29 02:25:58
安徽省,浙闽片河流,篁墩,2026-09-29 00:00,4,28.49297,7.23,4.21,198.3891,3.01458,2.54,0.177,0.053,2.1846,,,2026-09-29 02:25:58
安徽省,浙闽片河流,率水大桥,2026-09-29 00:00,2,30.3962,8.68,10.32,79.149,6.78536,1.62,0.036,0.029,0.51883,,,2026-09-29 02:25:58
安徽省,浙闽片河流,横江大桥,2026-09-29 00:00,2,31.08148,8.86,12.77,294.8042,31.73117,3.62,0.002,0.028,0.38601,,,2026-09-29 02:25:58
安徽省,浙闽片河流,浦口,2026-09-29 00:00,4,29.02,7.82,4.46,551.2345,26.20892,3.09,0.062,0.07,1.49393,,,2026-09-29 02:25:58
安徽省,长江流域,太平湖湖心,2026-09-29 01:00,2,27.31,8.83,8.87,99.84,2.72,2.32,0.048,0.01,0.391,0.00435,1794373,2026-09-29 02:25:58
安徽省,浙闽片河流,新管,2026-09-29 00:00,2,32.72781,8.27,6.63,306.7311,2.5352,3.21,0.003,0.039,1.09313,,,2026-09-29 02:25:58
安徽省,淮河流域,天长化工厂,2026-09-29 00:00,5,22.98,6.98,2.69,406.3767,35.71,6.09,0.359,0.204,2.2581,,,2026-09-29 02:25:58
安徽省,淮河流域,公路桥,2026-09-29 00:00,3,23.79,7.15,6.12,403.641,44.6802,5,0.372,0.11,0.982,,,2026-09-29 02:25:58
安徽省,淮河流域,小柳巷,2026-09-29 00:00,3,24.53,7.45,6.14,587.3,39.578,3.27,0.025,0.138,3.116,,,2026-09-29 02:25:58
安徽省,长江流域,水口,2026-09-29 00:00,4,22.39,7.09,5.94,544.8242,30.9195,7.14,0.205,0.227,2.0882,,,2026-09-29 02:25:58
安徽省,长江流域,乌衣下,2026-09-29 00:00,5,24.41,7.11,2.95,424.64,30.68,4.32,1.293,0.156,2.107,,,2026-09-29 02:25:58
安徽省,长江流域,襄河大桥,2026-09-29 00:00,4,23.58,7.02,4.01,378.9645,60.5904,6.03,0.609,0.253,1.729,,,2026-09-29 02:25:58
安徽省,长江流域,清流河口,2026-09-29 00:00,4,23.2312,6.93,4.79,475.4572,42.28228,6.05,0.566,0.246,2.01095,,,2026-09-29 02:25:58
安徽省,淮河流域,阜阳段下,2026-09-29 00:00,2,23.80581,7.67,6.63,930.6164,24.11818,3.44,0.075,0.096,4.72732,,,2026-09-29 02:25:58
安徽省,淮河流域,杨湖,2026-09-29 00:00,3,24.52079,7.82,7.04,927.7953,31.46033,2.41,0.099,0.128,5.09607,,,2026-09-29 02:25:58
安徽省,淮河流域,张大桥,2026-09-29 00:00,2,23.887,7.88,7.57,1425.48,19.03,3.74,0.041,0.095,9.0289,,,2026-09-29 02:25:58
安徽省,淮河流域,王家坝,2026-09-29 00:00,2,23.511,8.12,8.53,,,3.27,0.338,0.097,3.016,,,2026-09-29 02:25:58
安徽省,淮河流域,界首七渡口,2026-09-29 00:00,3,22.13,7.57,7.76,870.1,24.24,2.97,0.534,0.117,5.539,,,2026-09-29 02:25:58
安徽省,淮河流域,阜南,2026-09-29 00:00,4,23.33,7.24,3.46,629.9269,3.41064,4.59,0.066,0.095,0.79586,,,2026-09-29 02:25:58
安徽省,淮河流域,阜阳段上游,2026-09-29 00:00,3,23.6488,7.71,5.18,853.697,10.98402,2.56,0.021,0.093,5.34337,,,2026-09-29 02:25:58
安徽省,淮河流域,东坪集,2026-09-29 00:00,4,23.87,7.82,3.94,1305.466,32.62807,3.43,0.125,0.082,2.97468,,,2026-09-29 02:25:58
安徽省,淮河流域,符离闸,2026-09-29 00:00,4,23.82979,7.81,3.8,937.6574,34.13712,7.23,0.034,0.105,1.03362,,,2026-09-29 02:25:58
安徽省,淮河流域,芦岭桥,2026-09-29 00:00,5,24,7.85,2.84,1147.451,11.12,4.66,0.369,0.061,0.9949,,,2026-09-29 02:25:58
安徽省,淮河流域,工农兵大桥,2026-09-29 00:00,5,22.37034,7.11,2.51,314.2487,9.46758,4.49,0.154,0.075,1.547,,,2026-09-29 02:25:58
安徽省,淮河流域,陶洪集,2026-09-29 00:00,2,23.46099,7.17,6.44,105.9716,26.31763,3.9,0.095,0.071,2.086,,,2026-09-29 02:25:58
安徽省,淮河流域,东湖闸,2026-09-29 00:00,3,22.66,7.34,7.46,209.0208,205.5239,2.64,0.062,0.122,1.36882,,,2026-09-29 02:25:58
安徽省,淮河流域,新安渡口,2026-09-29 00:00,2,24.41,7.33,7.57,158.0939,10.89147,3.17,0.051,0.041,1.71855,,,2026-09-29 02:25:58
安徽省,淮河流域,响洪甸水库出水口,2026-09-29 00:00,4,19.63,6.85,4.54,80.42477,2.07824,1.87,0.016,0.008,1.04941,,,2026-09-29 02:25:58
安徽省,淮河流域,丁埠大桥,2026-09-29 00:00,2,22.23205,7.43,8.78,116.4593,41.00341,3.06,0.01,0.064,1.987,,,2026-09-29 02:25:58
安徽省,巢湖流域,将军宕大桥,2026-09-29 00:00,3,24.16,6.67,5.3,152.785,28.252,3.77,0.083,0.104,1.865,,,2026-09-29 02:25:58
安徽省,淮河流域,固始李畈,2026-09-29 00:00,3,22.92,6.74,5.2,149.9952,11.91851,2.93,0.005,0.063,2.19737,,,2026-09-29 02:25:58
安徽省,淮河流域,涡阳义门大桥,2026-09-29 00:00,5,24.42,7.48,2.69,1155.725,41.4617,5.39,0.236,0.13,2.6897,,,2026-09-29 02:25:58
安徽省,淮河流域,利辛段,2026-09-29 00:00,4,23.71,7.52,3.26,804.3,7.5,4.83,0.162,0.14,1.856,,,2026-09-29 02:25:58
安徽省,长江流域,五步沟,2026-09-29 00:00,2,26.55531,7.72,6.9,321.822,26.52606,1.66,0.033,0.058,2.56112,,,2026-09-29 02:25:58
安徽省,长江流域,张溪,2026-09-29 00:00,1,28.04,7.83,7.65,264.9658,5.37241,1.16,0.007,0.01,0.50602,,,2026-09-29 02:25:58
安徽省,长江流域,青通河河口,2026-09-29 00:00,4,27.6169,7.4,3.85,245.7786,42.65876,3.21,0.068,0.07,2.24138,,,2026-09-29 02:25:58
安徽省,长江流域,秋浦河入江口,2026-09-29 00:00,4,26.56492,7.58,4.95,259.47,27.41944,1.47,0.025,0.035,1.29964,,,2026-09-29 02:25:58
安徽省,长江流域,东流,2026-09-29 00:00,4,26.74,7.86,4.96,279.5197,117.0856,3.4,0.091,0.053,1.6348,,,2026-09-29 02:25:58
安徽省,长江流域,南漪湖西湖湖心,2026-09-29 01:00,4,25.6,7.52,7.12,179.12,148.54,,,0.055,,0.00284,1038200,2026-09-29 02:25:58
安徽省,太湖流域,殷桥,2026-09-29 00:00,4,26.28442,7.18,3.4,309.6883,31.00823,5.54,0.002,0.068,2.34212,,,2026-09-29 02:25:58
安徽省,长江流域,泾南交界,2026-09-29 00:00,2,26.03,7.47,6.35,131.0115,7.7182,1.8,0.003,0.032,0.8324,,,2026-09-29 02:25:58
安徽省,长江流域,汪溪,2026-09-29 00:00,2,25.5,7.52,7.1,172.2653,20.5546,1.2,0.089,0.042,1.2618,,,2026-09-29 02:25:58
安徽省,长江流域,狮子口,2026-09-29 00:00,3,26.48,7.54,7.29,1205.903,20.937,4.94,0.04,0.07,2.4409,,,2026-09-29 02:25:58
安徽省,长江流域,东村桥,2026-09-29 00:00,2,25.10351,7.75,6.11,453.9764,48.69292,2.88,0.031,0.068,0.77999,,,2026-09-29 02:25:58
安徽省,长江流域,旌泾交界,2026-09-29 00:00,3,27.78006,7.45,6.6,189.4653,27.31192,3.62,0.003,0.125,1.42933,,,2026-09-29 02:25:58
安徽省,长江流域,水碧桥,2026-09-29 00:00,3,25.6,7.19,5.41,266.7721,8.73575,1.43,0.033,0.039,1.71935,,,2026-09-29 02:25:58
福建省,浙闽片河流,闽侯竹岐,2026-09-29 00:00,2,28.14,6.81,6.83,90.68,,1.56,0.009,0.029,1.062,,,2026-09-29 02:25:58
福建省,浙闽片河流,闽安,2026-09-29 01:00,3,29.46,7.13,5.22,3674.26,186.83,2.68,0.068,0.084,2.051,,,2026-09-29 02:25:58
福建省,浙闽片河流,连江荷山渡口,2026-09-29 01:00,2,28.103,7.08,7.77,52.74,14.845,1.26,0.028,0.048,0.629,,,2026-09-29 02:25:58
福建省,浙闽片河流,永泰横龙,2026-09-29 00:00,2,29.673,8.56,8.48,45.42,1.158,0.94,0.004,0.032,0.149,,,2026-09-29 02:25:58
福建省,浙闽片河流,闽清雄江,2026-09-29 00:00,6,31.05,9.61,11.07,107.714,6.26,2.47,0.028,0.032,0.849,,,2026-09-29 02:25:58
福建省,浙闽片河流,梅溪口,2026-09-29 01:00,2,27.93,7.36,7.14,100.46,12.3,2.24,0.024,0.071,0.879,,,2026-09-29 02:25:58
福建省,浙闽片河流,隘头潭,2026-09-29 00:00,3,29.61,6.44,5.32,197.802,2.939,0.31,0.006,0.013,0.7562,,,2026-09-29 02:25:58
福建省,浙闽片河流,江口桥,2026-09-29 01:00,2,29.36,7.47,6.65,753.4,9.42,1.5,0.104,0.048,1.208,,,2026-09-29 02:25:58
福建省,浙闽片河流,大田高才,2026-09-29 01:00,6,30.761,9.07,8.64,91.126,2.587,2.26,0.054,0.021,0.42,,,2026-09-29 02:25:58
福建省,浙闽片河流,尤溪拥口大桥,2026-09-29 00:00,2,24.38,7.16,6.5,112.597,37.284,1.42,0.068,0.042,1.1371,,,2026-09-29 02:25:58
福建省,浙闽片河流,南安康美桥,2026-09-29 00:00,3,28.17,7.13,7.3,91.861,75.92,1.45,0.082,0.17,1.6529,,,2026-09-29 02:25:58
福建省,浙闽片河流,永春东关桥,2026-09-29 00:00,2,28.9,7.34,8.12,139.4205,8.487381,1.98,0.047,0.057,3.058,,,2026-09-29 02:25:58
福建省,浙闽片河流,安溪罗内桥,2026-09-29 00:00,2,28.388,7.18,6.98,88.24,28.95,0.9,0.165,0.044,1.803,,,2026-09-29 02:25:58
福建省,浙闽片河流,南安霞东桥,2026-09-29 00:00,2,29.99,7.24,7.23,129.548,8.842,1.39,0.157,0.076,2.243,,,2026-09-29 02:25:58
福建省,浙闽片河流,华安西陂,2026-09-29 01:00,2,26.81361,6.95,7.7,154.2371,22.63193,1.61,0.027,0.057,1.468,,,2026-09-29 02:25:58
福建省,浙闽片河流,南靖靖城桥,2026-09-29 01:00,2,28.44,6.66,6.85,159.2,,0.97,0.1,0.055,6.215,,,2026-09-29 02:25:58
福建省,浙闽片河流,诏安澳子头,2026-09-29 01:00,3,29.44,7.45,7.45,111.043,4.243,2.24,0.061,0.117,1.8841,,,2026-09-29 02:25:58
福建省,浙闽片河流,南靖洪濑汤坑桥,2026-09-29 00:00,2,28.613,6.58,7.98,237.9,13.887,0.57,0.035,0.047,15.51,,,2026-09-29 02:25:58
福建省,浙闽片河流,浦南水文站,2026-09-29 01:00,2,28.04689,7.3,6.77,169.8,16.914,1.56,0.075,0.079,1.409,,,2026-09-29 02:25:58
福建省,浙闽片河流,南溪浮宫桥,2026-09-29 01:00,4,29.58,7.28,4.72,9947.987,52.73,2.42,0.072,0.142,3.0495,,,2026-09-29 02:25:58
福建省,浙闽片河流,上坂,2026-09-29 01:00,3,29.59,6.24,5.2,161.807,21.751,1.86,0.277,0.096,4.5447,,,2026-09-29 02:25:58
福建省,浙闽片河流,云霄高塘渡口,2026-09-29 01:00,2,28.98,6.78,6.31,120.103,10.438,0.9,0.107,0.099,5.3711,,,2026-09-29 02:25:58
福建省,浙闽片河流,水汾桥,2026-09-29 00:00,3,28.68,6.91,5.16,176.62,10.8,1.55,0.026,0.044,1.11,,,2026-09-29 02:25:58
福建省,浙闽片河流,武夷山兴田,2026-09-29 00:00,2,28.44397,6.9,6.49,57.1272,9.23857,1.59,0.009,0.017,0.56054,,,2026-09-29 02:25:58
福建省,浙闽片河流,建瓯蓬墩,2026-09-29 00:00,4,31,6.75,4.92,70.2,8.61,1.34,0.254,0.048,1.214,,,2026-09-29 02:25:58
福建省,浙闽片河流,将乐樟应,2026-09-29 00:00,3,29.44992,6.9,5.76,71.14,5.15757,1.62,0.017,0.021,0.778,,,2026-09-29 02:25:58
福建省,浙闽片河流,建阳坪州大桥,2026-09-29 00:00,2,30.76,7.4,7.28,167.5,7.339,2.14,0.023,0.046,1.039,,,2026-09-29 02:25:58
福建省,浙闽片河流,雁石桥,2026-09-29 01:00,2,27.54,7.55,8.05,283.121,15.948,1.22,0.087,0.051,1.607,,,2026-09-29 02:25:58
福建省,珠江流域,长汀美西桥,2026-09-29 01:00,2,27.28,6.99,6.56,139.761,108.444,2.13,0.082,0.085,6.2043,,,2026-09-29 02:25:58
福建省,浙闽片河流,八都,2026-09-29 01:00,2,27.11,6.96,7.74,42.968,3.733,1.61,,0.051,0.958,,,2026-09-29 02:25:58
福建省,浙闽片河流,福安白塔,2026-09-29 00:00,2,28.685,7.63,6.91,53.26,3,1.11,0.014,0.035,0.98,,,2026-09-29 02:25:58
福建省,浙闽片河流,福安洪口,2026-09-29 01:00,2,26.24,7.2,8.23,39.23,11.35,1,0.005,0.042,0.984,,,2026-09-29 02:25:58
江西省,长江流域,周坊,2026-09-29 00:00,2,28.7,7.4,7.78,133.6456,7.34586,1.74,0.003,0.033,1.1031,,,2026-09-29 02:25:58
江西省,长江流域,大港,2026-09-29 00:00,3,29.05,7.58,9.05,143.1,37.4,2.43,0.069,0.112,1.546,,,2026-09-29 02:25:58
江西省,长江流域,新联,2026-09-29 01:00,3,28.45,7.04,7.7,169.04,125.16,4.65,0.048,0.07,1.7011,,,2026-09-29 02:25:58
江西省,长江流域,生米,2026-09-29 01:00,2,23.116,6.98,9.93,133.667,3.528,1.67,0.026,0.036,0.95,,,2026-09-29 02:25:58
江西省,长江流域,滁槎,2026-09-29 00:00,3,29.06,6.59,5.58,161.35,6.22,1.89,0.001,0.07,1.865,,,2026-09-29 02:25:58
江西省,长江流域,塔城,2026-09-29 01:00,2,30.13,7.67,6.44,101.48,15.82,2.52,0.021,0.034,1.112,,,2026-09-29 02:25:58
江西省,长江流域,昌邑,2026-09-29 00:00,2,28.26,7.61,7.53,140.29,26.29,1.66,0.002,0.056,1.388,,,2026-09-29 02:25:58
江西省,长江流域,八一桥,2026-09-29 01:00,2,29.73,7.66,7.84,122.853,10.889,2.06,0.197,0.05,0.954,,,2026-09-29 02:25:58
江西省,长江流域,焦石坝,2026-09-29 00:00,2,29.68,7.58,7.09,109.09,12.4,2.61,0.079,0.035,0.9108,,,2026-09-29 02:25:58
江西省,长江流域,戴村,2026-09-29 00:00,2,30.87,7.66,7.26,565.787,15.03,2.24,0.055,0.035,0.934,,,2026-09-29 02:25:58
江西省,长江流域,镇埠,2026-09-29 01:00,2,29.7,6.72,6.36,100.59,0.15,1.6,,0.033,0.188,,,2026-09-29 02:25:58
江西省,长江流域,龙山口,2026-09-29 01:00,2,28.11,8.16,6.83,302.08,3.535,2.27,0.001,0.022,0.7343,,,2026-09-29 02:25:58
江西省,长江流域,桐车湾,2026-09-29 01:00,3,29.19,7.94,5.65,380.552,0.564,2.16,0.049,0.122,2.668,,,2026-09-29 02:25:58
江西省,长江流域,金鱼石,2026-09-29 00:00,2,29.38,7.62,6,303.65,5.64,1.11,0.015,0.06,1.83,,,2026-09-29 02:25:58
江西省,长江流域,邓家洲,2026-09-29 00:00,2,29.96,7.93,10.12,603.7565,3.45728,2.49,0.011,0.06,1.64349,,,2026-09-29 02:25:58
江西省,长江流域,吴城修河,2026-09-29 00:00,2,27.982,7.09,6.78,129.49,54.57,2.9,0.238,0.092,1.3364,,,2026-09-29 02:25:58
江西省,长江流域,姚港,2026-09-29 01:00,2,25.97,7.5,7.49,396.21,26.36,1.46,0.062,0.069,1.751,,,2026-09-29 02:25:58
江西省,长江流域,湖口,2026-09-29 01:00,2,25.917,7.96,7.22,353.67,20.51,2.13,0.013,0.064,2.509,,,2026-09-29 02:25:58
江西省,长江流域,蛤蟆石,2026-09-29 01:00,3,28.23,6.79,6.42,129.78,23.11,2.29,,0.041,1.775,0.00114,270222.9,2026-09-29 02:25:58
江西省,长江流域,潦河河口,2026-09-29 00:00,2,29.02,6.83,6.56,152.16,28.312,1.89,0.02,0.053,0.9105,,,2026-09-29 02:25:58
江西省,长江流域,柘林湖坝上,2026-09-29 00:00,2,28.237,8.62,11.21,101.13,1.673,2.18,,0.01,0.424,,,2026-09-29 02:25:58
江西省,长江流域,洋港镇,2026-09-29 00:00,3,25.697,7.21,5.58,317.459,1.54,0.76,0.003,0.008,0.66218,,,2026-09-29 02:25:58
江西省,长江流域,修水界上桥,2026-09-29 00:00,4,28.77,7.4,4.79,162.873,4.439,2.81,0.003,0.087,1.00457,,,2026-09-29 02:25:58
江西省,长江流域,共青城寨下,2026-09-29 00:00,3,28.6,7.72,5.68,525.2,27.4,3.53,0.065,0.059,1.669,,,2026-09-29 02:25:58
江西省,长江流域,罗坊,2026-09-29 01:00,3,31.12,7.32,5.92,299.591,28.262,3.32,0.088,0.068,1.4199,,,2026-09-29 02:25:58
江西省,长江流域,孔目江江口,2026-09-29 01:00,2,29.85,7.54,6.35,340.508,21.066,2.28,0.074,0.067,0.7682,,,2026-09-29 02:25:58
江西省,长江流域,浮桥,2026-09-29 01:00,2,30.22,7.75,6.33,247.054,9.372,3.24,0.114,0.046,1.4249,,,2026-09-29 02:25:58
江西省,长江流域,傣家村,2026-09-29 01:00,3,30.87,9,6.68,176.968,6.306,4.32,0.088,0.04,0.5964,0.00583,1.892821,2026-09-29 02:25:58
江西省,长江流域,炭埠周家,2026-09-29 00:00,2,28.91,7,8.72,147.57,2.6,1.32,,0.039,0.951,,,2026-09-29 02:25:58
江西省,长江流域,白塔河河口,2026-09-29 00:00,3,30.22,6.76,5.09,95.859,6.807,1.54,0.077,0.038,0.5485,,,2026-09-29 02:25:58
江西省,长江流域,土桥,2026-09-29 01:00,2,30.07,7.33,6.98,175.998,5.015,2.02,0.019,0.043,1.0377,,,2026-09-29 02:25:58
江西省,长江流域,流口村,2026-09-29 00:00,2,31.09,7.27,8.3,167.1048,9.607823,2.04,,0.05,1.079343,,,2026-09-29 02:25:58
江西省,长江流域,市自来水厂,2026-09-29 00:00,1,29.39,7.36,8.36,105.883,5.192,1.07,0.077,0.019,0.491,,,2026-09-29 02:25:58
江西省,长江流域,赣县梅林,2026-09-29 01:00,2,30.12,7.62,6.97,135.986,6.603,,0.027,0.05,1.1626,,,2026-09-29 02:25:58
江西省,长江流域,梓坑,2026-09-29 00:00,3,30.04,7.3,5.93,114.122,7.591,2.73,0.056,0.058,1.3072,,,2026-09-29 02:25:58
江西省,长江流域,峡山,2026-09-29 01:00,2,31.16,7.8,8.53,121.419,2.548,1.34,0.068,0.075,0.9462,,,2026-09-29 02:25:58
江西省,长江流域,梅江江口,2026-09-29 00:00,2,31.85,8.75,9.43,103.05,9.558,2.02,0.055,0.065,0.5335,,,2026-09-29 02:25:58
江西省,长江流域,平江江口,2026-09-29 01:00,2,29.6,7.3,6.79,121.202,22.617,1.72,0.104,0.042,0.5818,,,2026-09-29 02:25:58
江西省,长江流域,上犹江江口,2026-09-29 01:00,1,27.68,6.96,8.04,86.909,11.053,1.51,0.039,0.013,,,,2026-09-29 02:25:58
江西省,长江流域,龙南自来水厂,2026-09-29 01:00,2,30.48,7.94,8.02,115.846,1.642,1.12,0.028,0.028,0.6295,,,2026-09-29 02:25:58
江西省,长江流域,桃江江口,2026-09-29 00:00,3,30.66,7.33,5.68,199.584,3.154,0.94,0.053,0.029,2.0895,,,2026-09-29 02:25:58
江西省,长江流域,大余城郊,2026-09-29 00:00,2,27.28,7.15,6.62,87.748,6.184,0.36,0.045,0.023,0.8446,,,2026-09-29 02:25:58
江西省,珠江流域,兴宁电站,2026-09-29 00:00,1,29.85,8.47,11.12,69.5707,2.557211,1.76,0.018,0.019,2.248026,,,2026-09-29 02:25:58
江西省,长江流域,通津,2026-09-29 01:00,2,28.75,8.04,8.42,106.591,23.488,1.7,0.148,0.045,1.037,,,2026-09-29 02:25:58
江西省,长江流域,金滩,2026-09-29 01:00,2,30.61,7.59,8.33,114.558,9.764,1.49,0.072,0.043,0.9787,,,2026-09-29 02:25:58
江西省,长江流域,孤江江口,2026-09-29 00:00,2,31.83,7.39,6.81,92.579,8.494,2.26,0.026,0.045,0.3726,,,2026-09-29 02:25:58
江西省,长江流域,禾水河口,2026-09-29 00:00,2,30.29,7.53,7.39,124.407,10.651,1.29,0.05,0.032,1.5854,,,2026-09-29 02:25:58
江西省,长江流域,蜀水河口,2026-09-29 00:00,2,30.42,7.33,8.48,85.825,14.254,1.38,0.079,0.037,0.491,,,2026-09-29 02:25:58
江西省,长江流域,遂川江江口,2026-09-29 00:00,3,28.89,7.72,7.64,90.5,37.951,1.19,0.045,0.149,1.1295,,,2026-09-29 02:25:58
江西省,长江流域,乌江江口,2026-09-29 01:00,2,31.39,8.16,8.81,149.241,4.732,2.03,0.108,0.041,0.4517,,,2026-09-29 02:25:58
江西省,长江流域,大洋洲,2026-09-29 01:00,2,29.51,7.74,7.87,110.027,6.396,1.04,0.065,0.037,1.0646,,,2026-09-29 02:25:58
江西省,长江流域,棚下,2026-09-29 00:00,2,27.89,7.32,6.66,160.4649,7.47,1.62,0.054,0.072,1.032,,,2026-09-29 02:25:58
江西省,长江流域,丰城小港口,2026-09-29 00:00,2,30.263,7.31,7.68,113.46,8.121,1.35,0.026,0.036,1.0576,,,2026-09-29 02:25:58
江西省,长江流域,肖江江口,2026-09-29 01:00,2,31.654,7.49,7.49,241.77,10.44,2.8,0.053,0.044,0.952,,,2026-09-29 02:25:58
江西省,长江流域,修河港口,2026-09-29 01:00,3,27.48,6.74,5.93,43.72,1.3,0.6,0.026,0.005,0.256,,,2026-09-29 02:25:58
江西省,长江流域,超坊,2026-09-29 01:00,2,29.3,7.93,6.85,97.199,21.249,2.59,0.175,0.063,0.8612,,,2026-09-29 02:25:58
江西省,长江流域,钟岭水厂,2026-09-29 00:00,2,30.73,8.29,7.97,90.29,27.59,3.57,0.005,0.077,0.7444,,,2026-09-29 02:25:58
江西省,长江流域,临水河口,2026-09-29 00:00,2,29.58,7.17,8.64,90.33,9.32,2.32,0.076,0.05,0.593,,,2026-09-29 02:25:58
江西省,长江流域,康山,2026-09-29 00:00,5,27.43,6.67,6.22,138.35,55.53,3.04,0.233,0.11,1.573,0.0109,871000,2026-09-29 02:25:58
江西省,长江流域,野鸡山村,2026-09-29 01:00,2,30.53,7.55,8.34,1337.85,12.75,1.59,0.032,0.025,1.137,,,2026-09-29 02:25:58
江西省,长江流域,瑞洪大桥,2026-09-29 00:00,4,32.47,6.86,4.74,137.6,15.07,1.6,,,0.746,,,2026-09-29 02:25:58
江西省,长江流域,鄱阳花园,2026-09-29 01:00,2,29.92,8.07,8.67,196.64,4.57,2.46,0.104,0.027,1.409,,,2026-09-29 02:25:58
江西省,长江流域,旗山,2026-09-29 00:00,2,31.36,7.41,7.59,174.29,8.42,1.58,0.063,0.065,1.099,,,2026-09-29 02:25:58
山东省,黄河流域,泺口,2026-09-29 00:00,2,24.09,8.34,8.19,745.99,583.65,1.86,0.137,0.05,2.853,,,2026-09-29 02:25:58
山东省,淮河流域,韩旺大桥,2026-09-29 01:00,2,22.42,7.95,9.64,856.035,3.522,2.08,0.012,0.004,25.61,,,2026-09-29 02:25:58
山东省,淮河流域,台儿庄大桥,2026-09-29 00:00,2,27.82,8.55,7.67,,0.1,0.24,0.194,,,,,2026-09-29 02:25:58
山东省,淮河流域,群乐桥,2026-09-29 00:00,3,20.53,7.84,6.32,2193.17,17.445,4.91,0.023,0.091,3.065,,,2026-09-29 02:25:58
山东省,淮河流域,王晁桥,2026-09-29 00:00,5,23.82,7.59,2.44,1036.82,19.963,4.07,1.146,0.265,5.602,,,2026-09-29 02:25:58
山东省,淮河流域,十字河大桥,2026-09-29 00:00,2,24.304,7.84,7.34,1327.14,4.791,3.95,0.01,0.04,0.465,,,2026-09-29 02:25:58
山东省,淮河流域,贾庄闸,2026-09-29 00:00,3,24.07,7.64,6.21,1400.18,11.37,5.02,0.289,0.133,5.742,,,2026-09-29 02:25:58
山东省,淮河流域,新夹河大桥,2026-09-29 00:00,4,22.24888,7.61,4.12,1182.224,29.25,6.94,0.053,0.067,0.64992,,,2026-09-29 02:25:58
山东省,淮河流域,峡山水库库中,2026-09-29 01:00,3,24.01,8.71,6.82,732.95,7.72,4.93,0.004,0.027,0.316,0.02052,1.675143,2026-09-29 02:25:58
山东省,淮河流域,兖州南大桥,2026-09-29 00:00,3,24.187,7.66,5.29,1198.21,9.455,4.26,0.008,0.057,1.7018,,,2026-09-29 02:25:58
山东省,淮河流域,105公路桥,2026-09-29 00:00,4,24.945,7.71,3.91,1616.06,34.698,5.49,0.034,0.137,2.269,,,2026-09-29 02:25:58
山东省,淮河流域,高河桥,2026-09-29 00:00,5,25.134,7.84,2.32,1477.38,25.751,6.18,0.109,0.119,1.841,,,2026-09-29 02:25:58
山东省,淮河流域,老运河微山段,2026-09-29 00:00,4,25.434,7.77,3.85,1295.04,12.049,3.85,0.064,0.036,0.999,,,2026-09-29 02:25:58
山东省,淮河流域,尹沟,2026-09-29 00:00,2,24.34,8.23,8.57,1055.68,29.53,3.49,0.141,0.052,0.761,0.04,,2026-09-29 02:25:58
山东省,淮河流域,西支河入湖口,2026-09-29 00:00,4,25.457,8.19,4.59,1338.9,19,6.01,0.02,0.045,1.05,,,2026-09-29 02:25:58
山东省,淮河流域,鲁桥,2026-09-29 00:00,4,25.198,7.77,4.26,1797.19,27.93,5,0.142,0.064,0.817,,,2026-09-29 02:25:58
山东省,淮河流域,牛庄闸,2026-09-29 00:00,5,24.789,7.55,2.65,1007.04,16.235,3.77,0.016,0.003,1.197,,,2026-09-29 02:25:58
山东省,淮河流域,湘子庙,2026-09-29 00:00,5,24.37,8.2,2.63,2106.59,44.939,4.55,0.122,0.231,2.89826,,,2026-09-29 02:25:58
山东省,黄河流域,戴村坝,2026-09-29 00:00,3,25.05,7.63,5.67,939.49,3.31,2.45,0.078,0.029,2.977,,,2026-09-29 02:25:58
山东省,黄河流域,徐家汶,2026-09-29 00:00,2,22.27024,7.95,9.53,1391.208,3.4385,2.04,0.054,0.079,37.91404,,,2026-09-29 02:25:58
山东省,淮河流域,南桥,2026-09-29 01:00,4,23.252,8.02,6.81,1650.369,34.324,8.36,0.121,0.125,1.532,,,2026-09-29 02:25:58
山东省,淮河流域,大古镇,2026-09-29 00:00,4,23.57,6.89,5.41,708.4,23.94,4.2,1.093,0.171,5.354,,,2026-09-29 02:25:58
山东省,淮河流域,夏庄,2026-09-29 00:00,4,22.13,8.43,8.64,1090.8,13.8,8.8,0.09,0.264,3.55121,,,2026-09-29 02:25:58
山东省,黄河流域,贺小庄,2026-09-29 01:00,2,24.376,7.82,6.51,848.487,7.837,3.93,0.045,0.022,1.111,,,2026-09-29 02:25:58
山东省,淮河流域,临沂北大桥,2026-09-29 00:00,4,23.43,8.6,7.46,424.38,22.444,7.18,0.065,0.074,1.288,,,2026-09-29 02:25:58
山东省,淮河流域,捷庄,2026-09-29 00:00,4,23.94,7.45,5.38,737.551,11.125,6.25,0.24,0.097,1.293,,,2026-09-29 02:25:58
山东省,淮河流域,临沭大兴桥,2026-09-29 00:00,3,23.587,7.41,6.69,566.407,9.813,5.42,,0.117,1.075,,,2026-09-29 02:25:58
山东省,淮河流域,310公路桥,2026-09-29 00:00,6,23.93,7.27,0.63,725.42,1.19,3.82,0.038,0.105,0.417,,,2026-09-29 02:25:58
山东省,淮河流域,沙沟桥,2026-09-29 00:00,4,22.25,7.39,3.67,730.59,12.06,3.84,0.11,0.102,2.386,,,2026-09-29 02:25:58
山东省,淮河流域,云蒙湖湖心,2026-09-29 00:00,3,21.21,8.61,9.46,419.6,1.81,4.82,0.092,0.021,2.897,0.01183,9795100,2026-09-29 02:25:58
山东省,海河流域,董姑桥,2026-09-29 01:00,3,23.326,8,5.02,1262.5,20.03,3.84,0.012,0.044,0.824,,,2026-09-29 02:25:58
山东省,海河流域,油坊桥,2026-09-29 01:00,3,24.3,7.94,6.49,1077.683,89.579,2.35,0.103,0.114,4.86,,,2026-09-29 02:25:58
山东省,海河流域,秤勾湾,2026-09-29 00:00,3,24.02,8.07,6.66,1075.09,100.57,2.62,0.885,0.123,6.9983,,,2026-09-29 02:25:58
山东省,海河流域,北湖,2026-09-29 01:00,2,24.56,8.71,9.19,950.25,1.86,2.79,0.126,0.012,1.581,0.01495,9738427,2026-09-29 02:25:58
山东省,淮河流域,于楼,2026-09-29 00:00,6,23.95,8.23,1.83,2314.48,16.634,4.48,0.094,0.177,0.789,,,2026-09-29 02:25:58
山东省,淮河流域,徐寨,2026-09-29 00:00,3,24.262,8.23,6.91,2325.25,20.397,4.21,0.142,0.121,2.308,,,2026-09-29 02:25:58
河南省,黄河流域,花园口,2026-09-29 00:00,2,22.38205,8.07,8.08,956.6509,244.0188,2.59,0.157,0.073,2.955394,,,2026-09-29 02:25:58
河南省,黄河流域,七里铺,2026-09-29 00:00,3,23.6782,7.92,7.63,732.323,22.7551,2.41,0.198,0.155,5.135,,,2026-09-29 02:25:58
河南省,淮河流域,尖岗水库,2026-09-29 00:00,2,23.93,8.7,9.23,257.3863,2.7613,2.58,,0.009,0.2634,,,2026-09-29 02:25:58
河南省,淮河流域,新郑黄甫寨,2026-09-29 00:00,2,23.8,7.85,6.96,1058.1,14.13,3.46,0.309,0.053,3.9352,,,2026-09-29 02:25:58
河南省,淮河流域,中牟陈桥,2026-09-29 00:00,3,23.87,8.15,8.23,759.52,62.86,5.56,0.474,0.106,5.1353,,,2026-09-29 02:25:58
河南省,黄河流域,高崖寨,2026-09-29 00:00,2,22.51,8.14,7.34,494.05,8.18,2.57,0.054,0.045,3.351,,,2026-09-29 02:25:58
河南省,淮河流域,紫罗山,2026-09-29 00:00,2,20.93852,7.84,7.76,283.2779,48.44268,3.86,0.142,0.09,4.41657,,,2026-09-29 02:25:58
河南省,黄河流域,白马寺,2026-09-29 00:00,3,23.22,7.75,6.51,642.1,20,1.96,0.165,0.126,4.091,,,2026-09-29 02:25:58
河南省,淮河流域,大陈闸,2026-09-29 00:00,2,23.75812,7.86,6.51,822.7684,8.32394,1.8,0.006,0.042,7.58326,,,2026-09-29 02:25:58
河南省,淮河流域,舞钢石庄桥,2026-09-29 00:00,4,22.19249,7.55,6.43,659.7004,28.31599,3.39,0.344,0.254,5.03846,,,2026-09-29 02:25:58
河南省,海河流域,彰武水库,2026-09-29 00:00,2,24.031,8.11,9.72,577.7,3.66,2.34,,0.004,1.9479,,,2026-09-29 02:25:58
河南省,海河流域,冯宿桥,2026-09-29 00:00,3,26.1,8.29,8.36,,0.661,4.29,0.419,0.059,4.5625,,,2026-09-29 02:25:58
河南省,海河流域,五陵,2026-09-29 00:00,3,23.68,7.85,6.57,1272.7,100.8,3.13,0.02,0.196,6.959,,,2026-09-29 02:25:58
河南省,海河流域,石辛庄,2026-09-29 00:00,3,24.37,8.33,8.91,1438.148,43.626,4.28,0.268,0.126,8.4863,,,2026-09-29 02:25:58
河南省,海河流域,黄花营,2026-09-29 00:00,1,24.2,8.32,8.89,496.4109,3.6659,0.78,0.011,0.01,4.6891,,,2026-09-29 02:25:58
河南省,海河流域,前枋城,2026-09-29 00:00,2,22.842,7.57,7.29,604.37,8.721,1.25,0.014,,5.5212,,,2026-09-29 02:25:58
河南省,海河流域,卫河小河口,2026-09-29 00:00,3,23,7.88,6.57,1310.775,156.89,3.24,0.914,0.177,7.444,,,2026-09-29 02:25:58
河南省,海河流域,修武水文站,2026-09-29 00:00,5,23.52,7.8,7.28,2943.715,116.17,7.14,0.715,0.383,8.3678,,,2026-09-29 02:25:58
河南省,海河流域,获嘉东碑村,2026-09-29 00:00,3,23.34,7.77,6.91,1719.33,62.83,3.41,0.091,0.15,5.845,,,2026-09-29 02:25:58
河南省,黄河流域,封丘陶北,2026-09-29 00:00,3,23.72,8.08,6.8,1023.96,47.14,2.34,0.028,0.102,3.063,,,2026-09-29 02:25:58
河南省,黄河流域,封丘王堤,2026-09-29 00:00,2,23.224,7.71,7.2,1014.26,38.18,3.53,0.313,0.095,3.5084,,,2026-09-29 02:25:58
河南省,海河流域,新乡贾太湖,2026-09-29 00:00,3,22.98,8.17,8.78,966.924,414.683,2.82,0.014,0.162,3.6052,,,2026-09-29 02:25:58
河南省,黄河流域,武陟渠首,2026-09-29 00:00,2,23.22,7.96,8.16,900.49,31.22,1.31,0.038,0.076,4.591,,,2026-09-29 02:25:58
河南省,黄河流域,孟州石井,2026-09-29 00:00,4,24.13448,7.83,5.26,3028.118,29.30348,7.62,0.08,0.218,9.29963,,,2026-09-29 02:25:58
河南省,黄河流域,孟州还封村,2026-09-29 00:00,3,22.4856,7.84,6.3,1446.636,7.72706,1.78,0.118,0.115,11.11348,,,2026-09-29 02:25:58
河南省,海河流域,南乐元村集,2026-09-29 00:00,3,22.02,7.97,9.04,1247.31,128.71,2.44,0.071,0.193,6.969,,,2026-09-29 02:25:58
河南省,海河流域,南乐水文站,2026-09-29 00:00,4,25.41,7.42,7.96,,,7.35,0.653,,,,,2026-09-29 02:25:58
河南省,海河流域,濮阳西水坡,2026-09-29 00:00,4,25.32,8.2,3.57,790.1,18.33,2.44,0.053,0.011,1.097,,,2026-09-29 02:25:58
河南省,黄河流域,濮阳大韩桥,2026-09-29 00:00,4,23.41,7.4,3.5,942.58,68.12,2.73,0.111,0.12,1.415,,,2026-09-29 02:25:58
河南省,淮河流域,白沙水库,2026-09-29 00:00,4,23.7278,7.77,4.42,727.352,4.1603,3.07,0.008,0.018,3.5138,,,2026-09-29 02:25:58
河南省,淮河流域,召陵武湾,2026-09-29 00:00,2,23.45,7.83,7.51,667.8,50.93,3.49,0.068,0.096,4.325,,,2026-09-29 02:25:58
河南省,淮河流域,郾城漯邓桥,2026-09-29 00:00,3,24.2,7.57,5.33,1720.9,19.43,3.88,0.045,0.185,5.181,,,2026-09-29 02:25:58
河南省,淮河流域,叶舞公路桥,2026-09-29 00:00,2,22.346,7.42,6.94,354.42,13.959,3.14,0.005,0.074,3.082,,,2026-09-29 02:25:58
河南省,淮河流域,临颍高村桥,2026-09-29 00:00,5,23.88,7.54,6.21,942.13,22.05,3.72,1.562,0.243,9.923,,,2026-09-29 02:25:58
河南省,黄河流域,洛河大桥,2026-09-29 00:00,2,20.48,8.21,8.09,449.37,23.691,1.3,0.202,0.019,1.7877,,,2026-09-29 02:25:58
河南省,黄河流域,三门峡水库,2026-09-29 00:00,2,22,8.11,7.4,1064.239,101.5701,1.38,0.003,0.016,4.09472,0.00296,1143909,2026-09-29 02:25:58
河南省,长江流域,淅川荆紫关,2026-09-29 00:00,1,22.75083,8.07,7.52,387.7844,5.962436,1.38,0.001,0.017,1.776,,,2026-09-29 02:25:58
河南省,长江流域,淅川史家湾,2026-09-29 00:00,2,22.74,7.95,8.03,409.115,10.443,1.49,,0.024,1.7781,0.0015,,2026-09-29 02:25:58
河南省,长江流域,淅川高湾,2026-09-29 00:00,2,22.01,7.82,7.54,397.999,22.94,1.55,,0.044,1.6628,0.0041,,2026-09-29 02:25:58
河南省,长江流域,淅川张营,2026-09-29 00:00,4,24.67,7.53,4.13,332.743,5.166,2.87,0.058,0.022,1.4556,0.00233524,,2026-09-29 02:25:58
河南省,长江流域,五龙泉,2026-09-29 00:00,3,23.68,7.79,5.23,266.68,6.91,1.7,0.0003,0.013,0.79,0.0015,719884.3,2026-09-29 02:25:58
河南省,长江流域,陶岔,2026-09-29 00:00,3,24.33,7.96,5.72,260.004,4.162,1.61,,0.014,0.8393,0.0023,752272,2026-09-29 02:25:58
河南省,长江流域,上河,2026-09-29 00:00,2,20.41,8,9.04,185.6393,5.62943,2.05,0.007,0.002,1.52239,,,2026-09-29 02:25:58
河南省,淮河流域,吕楼桥,2026-09-29 00:00,4,23.1,7.63,4.81,1686.799,70.494,4.1,0.095,0.133,1.4833,,,2026-09-29 02:25:58
河南省,淮河流域,黄口,2026-09-29 01:00,3,23.7,8.22,6.86,1927.035,15.346,4.3,0.142,0.067,3.1708,,,2026-09-29 02:25:58
河南省,淮河流域,长台关甘岸桥,2026-09-29 00:00,3,22.37,7.42,6.35,328.56,14.45,4.02,0.064,0.069,1.454,,,2026-09-29 02:25:58
河南省,淮河流域,息县大埠口,2026-09-29 00:00,4,22.78026,7.21,4,302.5527,10.49018,3.01,0.023,0.055,0.83894,,,2026-09-29 02:25:58
河南省,淮河流域,潢川水文站,2026-09-29 00:00,4,22.9388,6.82,7.92,215.13,90.2359,4.03,0.068,0.222,1.6224,,,2026-09-29 02:25:58
河南省,淮河流域,淮滨北庙,2026-09-29 00:00,2,22.92,7.27,6.94,233.4115,103.2023,2.47,0.009,0.078,0.8742,,,2026-09-29 02:25:58
河南省,淮河流域,竹竿铺,2026-09-29 00:00,2,21.8,7.51,6.26,193.35,13.56,2.3,0.029,0.057,0.49,,,2026-09-29 02:25:58
河南省,淮河流域,固始马罡,2026-09-29 00:00,4,23.5916,7.34,4.95,211.194,6.336,2.83,0.014,0.034,0.6738,,,2026-09-29 02:25:58
河南省,淮河流域,老沈丘泉河桥,2026-09-29 00:00,5,24.07,7.54,2.86,940.347,37.104,3.52,0.05,0.123,3.2925,,,2026-09-29 02:25:58
河南省,淮河流域,刘寨村后,2026-09-29 00:00,5,24.19,7.7,2.83,1446,49.34,4.34,0.345,0.132,3.2391,,,2026-09-29 02:25:58
河南省,淮河流域,西华大王庄,2026-09-29 01:00,4,23.2561,7.91,7.17,788.12,90.8317,4.53,0.684,0.212,4.679,,,2026-09-29 02:25:58
河南省,淮河流域,周口康店,2026-09-29 00:00,3,24.09,7.71,5.4,800.8365,20.82,3.11,0.361,0.106,5.4716,,,2026-09-29 02:25:58
河南省,淮河流域,商水双桥,2026-09-29 00:00,4,23.59,7.53,3.57,731.9348,19.3894,3.14,0.326,0.137,5.048,,,2026-09-29 02:25:58
河南省,淮河流域,鄢陵陶城闸,2026-09-29 00:00,4,22.9,7.7,5.36,1061.9,60.34,3.74,0.551,0.258,7.8439,,,2026-09-29 02:25:58
河南省,淮河流域,鹿邑付桥,2026-09-29 00:00,5,24.4,7.63,2.27,948.731,23.336,5.11,0.179,0.099,2.0761,,,2026-09-29 02:25:58
河南省,淮河流域,西华址坊,2026-09-29 01:00,3,22.52,7.76,6.21,918.12,51.01,3.02,0.183,0.18,4.824,,,2026-09-29 02:25:58
河南省,淮河流域,冯塘邱屯,2026-09-29 00:00,4,23.05,7.5,3.79,1064.636,37.98824,4.05,0.064,0.156,5.60508,,,2026-09-29 02:25:58
河南省,淮河流域,鹿邑宋河桥,2026-09-29 01:00,4,24.21,7.68,6.59,1173.04,11.46,7.27,,0.142,2.644,,,2026-09-29 02:25:58
河南省,淮河流域,西平杨庄,2026-09-29 00:00,5,21.37,7.47,5.24,893.3273,19.76186,4.3,1.695,0.207,6.48037,,,2026-09-29 02:25:58
河南省,淮河流域,板桥水库,2026-09-29 00:00,4,21.76,7.27,3.78,181.9557,4.9,2.99,0.01,0.02,0.644,,,2026-09-29 02:25:58
河南省,淮河流域,西平王孟寺,2026-09-29 00:00,6,22.29105,7.19,4.97,884.4497,24.9921,8.05,4.044,0.737,10.8709,,,2026-09-29 02:25:58
河南省,黄河流域,小浪底水库,2026-09-29 00:00,5,23.61,8.05,5.91,993.834,,10.03,0.005,0.07,4.4181,,,2026-09-29 02:25:58
河南省,黄河流域,南山,2026-09-29 00:00,2,22.64608,7.96,7.09,1049.735,12.33694,1.51,0.001,0.019,3.30788,0.00658,2035678,2026-09-29 02:25:58
湖北省,长江流域,沐家泾,2026-09-29 01:00,3,24.43,7.06,5.59,206.769,153.303,4.77,0.143,0.136,2.042,,,2026-09-29 02:25:58
湖北省,长江流域,西梁子湖湖北,2026-09-29 01:00,3,25.8486,7.47,5.22,186.76,31.819,3.15,,0.033,0.502,0.01005,6624246,2026-09-29 02:25:58
湖北省,长江流域,宗关,2026-09-29 01:00,2,24.575,7.76,7.59,398.2,25.9,2.29,0.046,0.072,1.301,0.001864,,2026-09-29 02:25:58
湖北省,长江流域,杨泗港,2026-09-29 00:00,2,26.22,7.68,7.47,299.53,21.17,1.07,,0.024,1.937,,,2026-09-29 02:25:58
湖北省,长江流域,龙口,2026-09-29 00:00,3,25.47,7.26,5.64,217.26,20.97,5.17,0.073,0.055,0.873,,,2026-09-29 02:25:58
湖北省,长江流域,金水闸,2026-09-29 01:00,6,26.36,7.04,1.88,292.63,31.15,5.65,0.252,0.039,1.286,,,2026-09-29 02:25:58
湖北省,长江流域,滠口,2026-09-29 00:00,4,25.25,6.99,3.59,238.9891,38.88,3.15,0.098,0.084,,,,2026-09-29 02:25:58
湖北省,长江流域,白浒山,2026-09-29 00:00,2,26.11,7.75,6.36,356.2163,28.06618,1.31,0.002,0.083,2.067401,,,2026-09-29 02:25:58
湖北省,长江流域,挖沟泵站,2026-09-29 00:00,4,26.07838,7.14,3.71,1608.345,56.29913,4.58,0.493,0.15,2.519624,,,2026-09-29 02:25:58
湖北省,长江流域,富池闸,2026-09-29 00:00,3,27.76,7.3,5.36,231.4494,21.01575,2.2,0.018,0.04,1.245388,,,2026-09-29 02:25:58
湖北省,长江流域,夹河口,2026-09-29 00:00,4,22.88,7.68,4.04,314.7081,10.32,1.06,0.044,0.018,1.342,,,2026-09-29 02:25:58
湖北省,长江流域,天河口,2026-09-29 00:00,3,21.293,7.87,8.88,314.905,42.76,4.97,0.225,0.15,2.9074,,,2026-09-29 02:25:58
湖北省,长江流域,孙家湾,2026-09-29 00:00,3,20.55,7.29,8.57,168.35,108.31,4.16,0.041,0.058,2.149,,,2026-09-29 02:25:58
湖北省,长江流域,浪河口,2026-09-29 00:00,2,21.39,7.48,8.84,124.663,27.47,3.58,0.079,0.04,2.722,,,2026-09-29 02:25:58
湖北省,长江流域,丹江口水库坝上中,2026-09-29 00:00,3,25,7.63,5.09,249.073,1.105319,1.85,0.086,0.008,1.1334,0.0016211,4212000,2026-09-29 02:25:58
湖北省,长江流域,陈家坡,2026-09-29 00:00,2,23.3,7.68,6.54,292.44,11.1,1.81,0.033,0.026,1.2372,,,2026-09-29 02:25:58
湖北省,长江流域,潘口水库坝上,2026-09-29 00:00,3,23.06,7.76,5.94,194.1,2.1,1.5,0.044,0.009,0.859,,,2026-09-29 02:25:58
湖北省,长江流域,剑河口,2026-09-29 00:00,2,24.71,7.15,7.36,231.78,0.18,2.06,0.012,0.024,1.338,,,2026-09-29 02:25:58
湖北省,长江流域,东湾桥,2026-09-29 00:00,5,19.28,7.35,9.56,158.1252,572.21,14.31,0.571,0.387,,,,2026-09-29 02:25:58
湖北省,长江流域,玉皇滩,2026-09-29 00:00,2,21.567,8.09,7.74,396.4,8.355,0.55,0.01,0.023,1.629,,,2026-09-29 02:25:58
湖北省,长江流域,王河电站,2026-09-29 00:00,2,21.88,8.01,7.25,403.0088,14.99,2.12,0.061,0.029,1.3265,,,2026-09-29 02:25:58
湖北省,长江流域,隔河岩水库坝上,2026-09-29 00:00,2,20.04,7.85,7.15,229.15,1.56,1.25,0.009,0.009,1.737,0.03273,2087565,2026-09-29 02:25:58
湖北省,长江流域,长沙坝,2026-09-29 00:00,2,25.383,7.42,6.14,431.025,9.109,1.63,0.01,0.043,2.35,,,2026-09-29 02:25:58
湖北省,长江流域,清江大桥,2026-09-29 00:00,2,21.17,7.59,7.49,366.321,12.432,1.11,,0.031,3.238,,,2026-09-29 02:25:58
湖北省,长江流域,南津关,2026-09-29 01:00,2,26.12,7.74,6.66,402.962,5.887855,1.93,0.008,0.046,2.2773,0.0506738,,2026-09-29 02:25:58
湖北省,长江流域,马渡河,2026-09-29 00:00,2,21.79,7.69,7.06,377.49,4.64,2.21,0.008,0.039,2.555,,,2026-09-29 02:25:58
湖北省,长江流域,铁路大桥,2026-09-29 00:00,2,21.81,7.86,7.86,442.9,15.4,1.98,0.027,0.061,2.408,,,2026-09-29 02:25:58
湖北省,长江流域,两河口,2026-09-29 00:00,2,22.823,7.68,7.33,562.9829,18.0923,3.02,0.061,0.057,2.5728,,,2026-09-29 02:25:58
湖北省,长江流域,白石港,2026-09-29 00:00,2,23.3,8.1,7.77,318.574,2.58,2.48,0.0001,0.005,1.222,,,2026-09-29 02:25:58
湖北省,长江流域,云池,2026-09-29 00:00,2,25.25,7.82,6.64,404.3,8.33,1.2,,0.045,2.067,,,2026-09-29 02:25:58
湖北省,长江流域,翟湾,2026-09-29 00:00,3,21.81,7.66,5.77,538.3657,47.44738,3.8,0.067,0.158,2.9775,,,2026-09-29 02:25:58
湖北省,长江流域,埠口,2026-09-29 00:00,4,22.39296,7.81,5.25,579.3821,66.2925,3.13,0.183,0.229,3.05422,,,2026-09-29 02:25:58
湖北省,长江流域,张湾,2026-09-29 00:00,3,21.5,7.46,6.46,483.5955,29.84,3.48,0.113,0.153,3.391,,,2026-09-29 02:25:58
湖北省,长江流域,余家湖,2026-09-29 00:00,2,24.24,7.83,6.25,346.0327,10.46,2.33,0.059,0.038,1.513,,,2026-09-29 02:25:58
湖北省,长江流域,聂家滩,2026-09-29 00:00,3,22.48,7.66,7.23,285.551,55.05,2.38,0.145,0.105,1.869,,,2026-09-29 02:25:58
湖北省,长江流域,汤店,2026-09-29 00:00,4,22.42,7.3,4.54,696.748,10.9,6.32,0.134,0.136,1.588,,,2026-09-29 02:25:58
湖北省,长江流域,沈湾,2026-09-29 00:00,3,18.87,7.69,5.62,316.8,5.53,2.37,0.08,0.036,1.508,,,2026-09-29 02:25:58
湖北省,长江流域,朱市,2026-09-29 00:00,3,21.81,8,6.9,553.2691,36.25,3.84,0.484,0.177,2.678,,,2026-09-29 02:25:58
湖北省,长江流域,茶庵,2026-09-29 00:00,2,22.64,8.15,7.53,344.8919,8.85,0.93,0.023,0.029,1.418,,,2026-09-29 02:25:58
湖北省,长江流域,马兰河口,2026-09-29 00:00,2,27.85,8.23,7.74,,4.67,2.94,0.086,0.075,2.343,,,2026-09-29 02:25:58
湖北省,长江流域,燕矶,2026-09-29 00:00,2,26.28,7.73,7.18,340.43,23.63,1.36,0.05,0.051,2.01,,,2026-09-29 02:25:58
湖北省,长江流域,东梁子湖湖心,2026-09-29 01:00,3,26.22,7.78,6.66,200.118,39.558,3.4,0.034,0.036,1.004,,,2026-09-29 02:25:58
湖北省,长江流域,梁子湖七星站,2026-09-29 00:00,2,26.22,7.71,6.3,200.257,26.85032,3.65,0.076,0.021,0.9532297,0.03177368,,2026-09-29 02:25:58
湖北省,长江流域,漳河水库库心,2026-09-29 00:00,1,23.76,8.34,9.26,306.3823,10.9157,1.72,0.006,0.005,0.495,0.0005,1.0272,2026-09-29 02:25:58
湖北省,长江流域,转斗,2026-09-29 00:00,2,22.08,7.68,7.51,417.686,9.49,2.61,0.021,0.067,1.71,,,2026-09-29 02:25:58
湖北省,长江流域,罗汉闸,2026-09-29 00:00,2,22.95,7.72,8.94,346.04,27.57,1.12,0.017,0.058,1.5644,,,2026-09-29 02:25:58
湖北省,长江流域,京山河邓李港,2026-09-29 00:00,3,25.35,7.69,7.57,461.4742,9.5362,3.12,0.049,0.129,2.206,,,2026-09-29 02:25:58
湖北省,长江流域,马良龚家湾,2026-09-29 00:00,4,23.287,7.24,4.63,444.323,60.8875,2.8,0.106,0.149,2.1901,,,2026-09-29 02:25:58
湖北省,长江流域,应城公路桥,2026-09-29 00:00,2,24.18,8.08,7.84,526.7,9.3076,2.06,0.009,0.03,0.4214,,,2026-09-29 02:25:58
湖北省,长江流域,田店泵站,2026-09-29 00:00,2,24.39,7.87,7.61,498.26,24.4238,2.1,,0.038,0.74947,,,2026-09-29 02:25:58
湖北省,长江流域,新沟闸,2026-09-29 00:00,4,25.49,7.65,3.87,437.45,14.79,3.36,,0.069,1.121,,,2026-09-29 02:25:58
湖北省,长江流域,小河,2026-09-29 00:00,2,25.39,7.94,7.05,424.66,38.08,2.78,0.096,0.069,2.112,,,2026-09-29 02:25:58
湖北省,长江流域,孝昌王店,2026-09-29 00:00,3,23.62,7.39,7.16,365.47,14.0025,4.55,0.061,0.084,2.0878,,,2026-09-29 02:25:58
湖北省,长江流域,孝感河口大桥,2026-09-29 00:00,4,24.99,7.4,4.22,367.64,20.099,3.99,0.028,0.074,1.3298,,,2026-09-29 02:25:58
湖北省,长江流域,大悟河口,2026-09-29 00:00,2,23.49,7.62,7.31,264.9,9.96,3.09,0.021,0.036,0.5273,,,2026-09-29 02:25:58
湖北省,长江流域,安陆桑树,2026-09-29 00:00,3,24.58,7.78,5.63,542.07,16.6843,2.19,0.01,0.029,0.57598,,,2026-09-29 02:25:58
湖北省,长江流域,隔蒲桥,2026-09-29 00:00,4,25.27,7.13,4.64,394.29,14.007,4.56,0.204,0.063,1.3507,,,2026-09-29 02:25:58
湖北省,长江流域,汉川新堰,2026-09-29 00:00,4,25.27,7.32,3.25,525.3,51.143,3.26,0.158,0.132,2.425,,,2026-09-29 02:25:58
湖北省,长江流域,杨柴湖,2026-09-29 00:00,5,24.3,6.74,3.15,348.8,17.5,4.94,0.004,0.11,0.512,0.00159,314787.2,2026-09-29 02:25:58
湖北省,长江流域,排水闸,2026-09-29 00:00,4,25.41,7.52,4.98,395.4615,51.9199,3.27,0.01,0.052,1.14,0.00099,1.331356,2026-09-29 02:25:58
湖北省,长江流域,洪湖湖心,2026-09-29 00:00,3,25.1,8.1,7.15,371.442,88.901,3.1,0.064,0.042,1.193,0.0013,49165,2026-09-29 02:25:58
湖北省,长江流域,观音寺,2026-09-29 00:00,2,25.14,7.82,6.71,390.18,7.31,1.27,,0.048,2.359,,,2026-09-29 02:25:58
湖北省,长江流域,荆州河口,2026-09-29 00:00,2,23.81,7.81,7.42,514.9312,36.5465,3.21,,0.067,2.7051,,,2026-09-29 02:25:58
湖北省,长江流域,康家岗,2026-09-29 00:00,2,24.74,8.05,9.15,487.358,29.5666,1.69,0.005,0.027,1.5915,,,2026-09-29 02:25:58
湖北省,长江流域,淤泥湖,2026-09-29 01:00,2,24.3,7.8,7.9,397.3,21.7,1.46,0.022,0.087,1.994,,,2026-09-29 02:25:58
湖北省,长江流域,杨家垱,2026-09-29 00:00,2,24.14,7.94,7.51,404.7,26.22,1.53,0.035,0.06,1.949,,,2026-09-29 02:25:58
湖北省,长江流域,调关,2026-09-29 00:00,2,24.73,7.76,7.83,377.7357,27.7742,1.03,,0.052,2.0334,,,2026-09-29 02:25:58
湖北省,长江流域,三兴公,2026-09-29 00:00,2,24.454,7.97,8.02,500.185,28.748,2.64,0.023,0.052,0.795,,,2026-09-29 02:25:58
湖北省,长江流域,姚集,2026-09-29 00:00,3,25,7.7,5.64,448.8,32.2,2.46,0.079,0.091,2.018,,,2026-09-29 02:25:58
湖北省,长江流域,乌溪沟,2026-09-29 01:00,3,19.83011,8.07,8.55,393.4782,9.86497,1,0.024,0.102,3.247749,,,2026-09-29 02:25:58
湖北省,长江流域,巴河镇河口,2026-09-29 01:00,2,25.856,7.13,6.66,192.669,8.908,3.14,,0.061,0.818,,,2026-09-29 02:25:58
湖北省,长江流域,兰溪大桥,2026-09-29 01:00,3,28.047,7.64,7.78,172.526,5.129,4.52,0.072,0.084,1.441,,,2026-09-29 02:25:58
湖北省,长江流域,蕲春县八里湖,2026-09-29 00:00,3,28.14,7.13,5.55,230.5109,92.62,2.58,0.199,0.148,2.212,,,2026-09-29 02:25:58
湖北省,长江流域,咸宁湖心,2026-09-29 01:00,4,26.87,7.66,3.48,246.611,17.074,3.67,0.267,0.056,0.912,0.00411,1271190,2026-09-29 02:25:58
湖北省,长江流域,富水水库,2026-09-29 00:00,3,28.45,8.86,10.28,205.3759,14.27,2.91,0.016,0.032,0.672,0.01,2.2655,2026-09-29 02:25:58
湖北省,长江流域,窑嘴大桥,2026-09-29 00:00,6,26.84,7.28,1.24,411.1575,18.6,2.24,0.119,0.082,2.865,,,2026-09-29 02:25:58
湖北省,长江流域,陆溪口,2026-09-29 00:00,4,26.46,7.24,3.93,239.32,13.53,3.53,0.322,0.076,1.67,,,2026-09-29 02:25:58
湖北省,长江流域,洪下水文站,2026-09-29 00:00,2,26.4,7.89,8.39,164,4.18,0.74,0.024,0.045,0.928,,,2026-09-29 02:25:58
湖北省,长江流域,厉山,2026-09-29 00:00,3,23.6,7.52,5.5,499.1553,27.04,5.57,0.638,0.194,3.2966,,,2026-09-29 02:25:58
湖北省,长江流域,平林,2026-09-29 00:00,3,24.45,7.58,6.4,384.898,8.61,5.16,0.146,0.071,1.437,,,2026-09-29 02:25:58
湖北省,长江流域,涢水大桥,2026-09-29 00:00,4,23.66,7.34,3.86,403.5197,17.84,3.59,0.082,0.064,0.8425,,,2026-09-29 02:25:58
湖北省,长江流域,江口村,2026-09-29 00:00,1,19.1,7.71,8.74,214.81,5.119,1.08,0.023,0.012,1.368,,,2026-09-29 02:25:58
湖北省,长江流域,恩施大沙坝,2026-09-29 00:00,2,20.08,8.16,8.13,300.51,20,1.61,0.036,0.063,3.059,,,2026-09-29 02:25:58
湖北省,长江流域,雪照河,2026-09-29 00:00,2,18.24,8.21,9.42,314.85,44.286,1.57,,0.071,3.322,,,2026-09-29 02:25:58
湖北省,长江流域,周家坝,2026-09-29 00:00,2,20.84,7.76,7.85,202.77,40.56,1.17,,0.028,2.493,,,2026-09-29 02:25:58
湖北省,长江流域,积玉口荷花村,2026-09-29 00:00,3,23.16,7.59,5.08,426.5498,34.0818,3.97,0.258,0.115,1.799,,,2026-09-29 02:25:58
湖北省,长江流域,潜江大桥,2026-09-29 00:00,2,23.16,7.73,7.84,358.8012,16.08,2.16,,0.052,1.622,,,2026-09-29 02:25:58
湖北省,长江流域,岳口,2026-09-29 00:00,2,24.9,7.99,6.51,370.6,21.75,2.67,0.018,0.06,1.862,,,2026-09-29 02:25:58
湖北省,长江流域,拖市,2026-09-29 00:00,4,23.24,7.33,3.87,928.7,29.59,4.55,0.128,0.118,2.1685,,,2026-09-29 02:25:58
湖北省,长江流域,阳日湾,2026-09-29 00:00,4,16.036,8.2,10.28,264.285,450.607,2.66,0.137,0.221,1.4279,,,2026-09-29 02:25:58
湖南省,长江流域,昭山,2026-09-29 00:00,2,27.9,7.55,8.06,213.5,10.6,1.42,,0.044,1.405,,,2026-09-29 02:25:58
湖南省,长江流域,捞刀河口,2026-09-29 00:00,4,27.76,6.93,4.7,268.4,6.1035,2.62,0.023,0.066,2.41,,,2026-09-29 02:25:58
湖南省,长江流域,三角洲,2026-09-29 00:00,3,28.54,7.57,8.25,272.82,5.04,1.77,0.019,0.117,3.48,,,2026-09-29 02:25:58
湖南省,长江流域,胜利,2026-09-29 00:00,3,27.3,7.18,5.52,411.03,8.32,2.91,0.026,0.052,1.301,,,2026-09-29 02:25:58
湖南省,长江流域,桔子洲,2026-09-29 00:00,2,27.55,7.89,7.86,217.5782,8.23,0.98,0.039,0.073,1.255,,,2026-09-29 02:25:58
湖南省,长江流域,湘东沿塘,2026-09-29 00:00,2,28.403,7.62,8.39,83.059,3.73,1.09,0.015,0.032,0.652,,,2026-09-29 02:25:58
湖南省,长江流域,马家河,2026-09-29 01:00,2,28.3,7.65,7.25,204.92,3.74,1.36,0.026,0.048,1.361,,,2026-09-29 02:25:58
湖南省,长江流域,渌水入河口,2026-09-29 01:00,2,28.3249,7.73,7.05,283.5165,5.6977,1.5,0.021,0.067,1.501,,,2026-09-29 02:25:58
湖南省,长江流域,涟水入河口,2026-09-29 01:00,2,29.76,8.09,7.88,349.89,22.77,2.47,0.016,0.038,1.0596,,,2026-09-29 02:25:58
湖南省,长江流域,西阳渡口,2026-09-29 00:00,2,26.72,7.99,10.46,364.2,7.64,1.28,0.2,0.03,2.455,,,2026-09-29 02:25:58
湖南省,长江流域,熬洲,2026-09-29 00:00,2,27.67,7.63,8.29,195.1513,5.552,0.89,,0.044,1.1693,,,2026-09-29 02:25:58
湖南省,长江流域,洣水入湘江口,2026-09-29 01:00,2,28.823,8.05,7.85,119.15,9.25,1.42,0.017,0.033,0.886,,,2026-09-29 02:25:58
湖南省,长江流域,城北水厂,2026-09-29 00:00,2,27.97,8.04,8.29,198.46,6.45,1.47,0.008,0.042,1.2483,,,2026-09-29 02:25:58
湖南省,长江流域,塘渡口,2026-09-29 00:00,2,28.77,7.97,7.43,156.2061,1.7688,1.14,0.023,0.026,1.07,,,2026-09-29 02:25:58
湖南省,长江流域,窑市,2026-09-29 00:00,2,27.51,7.5,8.08,58.7748,4.1427,1.34,0.012,0.025,0.645,,,2026-09-29 02:25:58
湖南省,长江流域,渡头村,2026-09-29 00:00,2,29.16,7.97,7.75,215.727,5.8781,1.5,0.008,0.038,1.137,,,2026-09-29 02:25:58
湖南省,长江流域,邵水入河口,2026-09-29 00:00,2,29.69,7.55,6.3,438.982,6.648,2.55,0.154,0.074,2.534,,,2026-09-29 02:25:58
湖南省,长江流域,绥宁河口镇,2026-09-29 00:00,2,26.7243,7.42,7.34,91.3627,1.805,0.64,0.006,0.018,0.5862,,,2026-09-29 02:25:58
湖南省,长江流域,岳阳楼,2026-09-29 00:00,3,26.72,7.74,7.03,232.4043,37.26633,1.43,0.013,0.034,1.3359,0.0003359,212997,2026-09-29 02:25:58
湖南省,长江流域,城陵矶,2026-09-29 01:00,2,26.06,7.65,6.7,236.134,55.08973,2.07,0.001,0.038,1.4461,,,2026-09-29 02:25:58
湖南省,长江流域,荆江口,2026-09-29 00:00,2,25.5,7.61,7.45,396.0533,27.1907,0.69,0.054,0.042,2.1018,,,2026-09-29 02:25:58
湖南省,长江流域,六门闸,2026-09-29 00:00,3,25.49,7.9,5.01,458.851,35.88,2.28,0.061,0.11,0.7,,,2026-09-29 02:25:58
湖南省,长江流域,南渡,2026-09-29 00:00,2,25.85,7.12,6.97,125.41,13.65,2.23,0.02,0.074,1.217,,,2026-09-29 02:25:58
湖南省,长江流域,八仙桥,2026-09-29 00:00,3,25.96,6.94,5.77,266.8905,49.0606,5.01,0.138,0.1,1.3072,,,2026-09-29 02:25:58
湖南省,长江流域,坡头,2026-09-29 00:00,2,25.84,7.92,7.37,206.467,26.1958,1.34,0.004,0.034,1.3751,0.0008108,,2026-09-29 02:25:58
湖南省,长江流域,蒋家嘴,2026-09-29 00:00,3,23.44,7.51,6.38,194.6226,25.481,1.32,0.061,0.04,1.0741,0.00222,1.526,2026-09-29 02:25:58
湖南省,长江流域,澧水三江口,2026-09-29 00:00,2,24.72452,7.75,7.5,246.5643,5.5156,0.76,0.007,0.024,1.03947,,,2026-09-29 02:25:58
湖南省,长江流域,马坡湖,2026-09-29 00:00,2,25.07,8.05,7.22,391.592,23.727,2.32,0.03,0.062,1.893,,,2026-09-29 02:25:58
湖南省,长江流域,永定澄潭,2026-09-29 00:00,2,25.47,7.55,7.72,231.52,2.944,1.57,0.008,0.021,0.497,,,2026-09-29 02:25:58
湖南省,长江流域,藕池河中支入境,2026-09-29 00:00,6,25.028,7.77,0.7,468.529,16.756,3.64,0.001,0.05,0.636,,,2026-09-29 02:25:58
湖南省,长江流域,万家嘴,2026-09-29 00:00,2,27.56,7.65,6.87,190.0199,12.57006,1.1,0.051,0.048,1.8851,0.0020279,200302.1,2026-09-29 02:25:58
湖南省,长江流域,南嘴,2026-09-29 00:00,3,26.42,8.12,6.76,213.1168,57.05873,0.93,,0.045,1.3561,0.01525,352000.4,2026-09-29 02:25:58
湖南省,长江流域,小河嘴,2026-09-29 00:00,3,25.89,7.8,6.53,220.407,42.0757,1.47,,0.043,1.166,0.00305681,5.66752,2026-09-29 02:25:58
湖南省,长江流域,坪口,2026-09-29 00:00,6,28.58,9.1,15,182.1,14,2.47,0.028,0.039,1.456,,,2026-09-29 02:25:58
湖南省,长江流域,桃谷山,2026-09-29 00:00,3,25.15,7.65,5.87,204.594,9.6465,1.78,0.069,0.076,1.711,,,2026-09-29 02:25:58
湖南省,长江流域,头山,2026-09-29 00:00,1,28.95,8.49,9.26,129.08,1.93,0.56,0.002,0.004,0.4321,0.0027,4461000,2026-09-29 02:25:58
湖南省,长江流域,渡口大桥,2026-09-29 00:00,2,29.95,7.44,7.69,151.83,15.87,1.7,0.04,0.075,0.8588,,,2026-09-29 02:25:58
湖南省,长江流域,绿埠头,2026-09-29 01:00,1,28.66,7.91,7.78,186.6,1.72,0.75,0.005,0.014,0.751,,,2026-09-29 02:25:58
湖南省,长江流域,五强溪,2026-09-29 00:00,3,26.59,7.55,5.64,183.653,1.4571,0.85,0.02,0.04,1.175,,,2026-09-29 02:25:58
湖南省,长江流域,铜信溪电站,2026-09-29 00:00,1,28.36,8.5,10.93,320.04,1.75,0.87,0.011,0.018,1.427,,,2026-09-29 02:25:58
湖南省,长江流域,地阳坪公路大桥,2026-09-29 00:00,3,27.46,7,5.86,109.124,3.8823,1.23,,0.036,0.401,,,2026-09-29 02:25:58
湖南省,长江流域,托口渠水,2026-09-29 00:00,2,27.8,8.34,8.5,101.9,1.287,1.29,0.006,0.024,0.575,,,2026-09-29 02:25:58
湖南省,长江流域,舞水入河口,2026-09-29 00:00,2,26.9,8.22,6.69,349.7,0.601,0.7,0.008,0.051,1.365,,,2026-09-29 02:25:58
湖南省,长江流域,溪子口,2026-09-29 00:00,4,25.11,7.3,3.97,265.3,1.674,0.58,0.006,0.014,1.287,,,2026-09-29 02:25:58
湖南省,长江流域,街埠头,2026-09-29 00:00,2,30.1,8.36,17.21,348.27,6.4462,3.03,0.004,0.016,1.198,,,2026-09-29 02:25:58
湖南省,长江流域,浦市上游,2026-09-29 00:00,2,27.32,7.83,7.73,192.72,10.55,0.78,,0.036,1.058,,,2026-09-29 02:25:58
湖南省,长江流域,江口,2026-09-29 00:00,3,25.98,7.79,5.15,262.1739,4.9774,0.69,,0.011,1.415,,,2026-09-29 02:25:58
湖南省,长江流域,武水汇合口,2026-09-29 00:00,2,27.9,8.17,8.56,186.794,9.5825,0.9,,0.027,0.877,,,2026-09-29 02:25:58
广东省,珠江流域,大墩,2026-09-29 00:00,3,31.927,6.97,5.63,143.637,41.585,1.24,0.042,0.067,1.881,,,2026-09-29 02:25:58
广东省,珠江流域,高桥,2026-09-29 00:00,2,30.11784,7.42,6.83,173.3891,8.38338,1.21,0.028,0.038,1.00878,,,2026-09-29 02:25:58
广东省,珠江流域,深圳河口,2026-09-29 00:00,4,30.27775,7.17,4.1,15823.03,45.4503,5.13,0.296,0.224,4.44726,,,2026-09-29 02:25:58
广东省,珠江流域,珠海大桥,2026-09-29 00:00,2,30.36,7.91,6.95,376.376,52.071,1.41,0.03,0.063,2.5,,,2026-09-29 02:25:58
广东省,珠江流域,石角咀水闸,2026-09-29 00:00,4,31.44,7.52,4.47,472.248,97.27,2.63,0.136,0.132,2.83,,,2026-09-29 02:25:58
广东省,珠江流域,鸡啼门大桥,2026-09-29 00:00,2,30.24,7.97,6.77,3903,54.65,2.14,,0.086,2.805,,,2026-09-29 02:25:58
广东省,珠江流域,布洲,2026-09-29 00:00,2,29.9,8.04,8.11,273.077,43.415,2.3,0.003,0.043,2.147,,,2026-09-29 02:25:58
广东省,珠江流域,海门湾桥闸,2026-09-29 00:00,4,30.58,7.2,3.2,538.43,47.59,4.26,0.403,0.138,3.675,,,2026-09-29 02:25:58
广东省,珠江流域,大衙,2026-09-29 00:00,2,32.767,7.01,6.46,108.101,47.851,1.94,0.004,0.03,1.42653,,,2026-09-29 02:25:58
广东省,珠江流域,古劳,2026-09-29 00:00,2,29.7963,7.51,6.83,243.2469,27.67748,1.41,0.003,0.034,1.96054,,,2026-09-29 02:25:58
广东省,珠江流域,苍山渡口,2026-09-29 00:00,3,30.69,7.73,5.62,9706.87,30.96,1.84,0.238,0.112,2.427,,,2026-09-29 02:25:58
广东省,珠江流域,牛湾,2026-09-29 00:00,4,31.18,6.69,3.89,214.63,50.69,3.78,0.056,0.105,2.422,,,2026-09-29 02:25:58
广东省,珠江流域,渠首,2026-09-29 00:00,4,30.54,7.33,3.99,126.39,16.39,4.23,0.181,0.023,0.974,0.01361,3270288,2026-09-29 02:25:58
广东省,珠江流域,黄坡,2026-09-29 00:00,3,32.37,7.22,5.83,133.74,18.89,3.3,0.06,0.079,1.475,,,2026-09-29 02:25:58
广东省,珠江流域,山角,2026-09-29 00:00,3,32.01,8.87,10.4,150.16,7.74,4.02,0.013,0.031,1.649,,,2026-09-29 02:25:58
广东省,珠江流域,运河管理局,2026-09-29 00:00,3,31.32,7.84,7.09,126.3,23.8,4.88,0.024,0.025,0.857,,,2026-09-29 02:25:58
广东省,珠江流域,排里,2026-09-29 00:00,3,32.26,8.23,9.08,168.23,9.64,5.75,0.019,0.074,1.133,,,2026-09-29 02:25:58
广东省,珠江流域,南渡河桥,2026-09-29 00:00,3,32.43,6.45,5.28,162.09,14.72,3.77,0.162,0.043,2.763,,,2026-09-29 02:25:58
广东省,珠江流域,营仔,2026-09-29 00:00,3,30.81,6.9,5.05,174.14,13.73,4.81,0.16,0.073,1.47,,,2026-09-29 02:25:58
广东省,珠江流域,黄竹尾水闸,2026-09-29 00:00,3,32.15,7.33,5.32,151.19,17.68,4.05,0.012,0.062,1.822,,,2026-09-29 02:25:58
广东省,珠江流域,塘口,2026-09-29 00:00,6,31.8,9.01,10.75,131.23,6.3,3.51,0.021,0.087,1.916,,,2026-09-29 02:25:58
广东省,珠江流域,石碧,2026-09-29 00:00,3,31.729,6.41,6.99,278.736,41.582,4.24,0.112,0.152,3.061,,,2026-09-29 02:25:58
广东省,珠江流域,石骨水库,2026-09-29 00:00,2,30.428,,8.5,69.65,6.5994,1.98,0.019,0.017,0.347,,,2026-09-29 02:25:58
广东省,珠江流域,良德水库,2026-09-29 00:00,1,31.39,8.53,8.78,63.71,11.717,1.75,0.01,0.007,0.189,0.00533,931081,2026-09-29 02:25:58
广东省,珠江流域,米急渡,2026-09-29 00:00,3,30.57,7.04,5.98,123.368,15.903,1.8,0.196,0.088,1.716,,,2026-09-29 02:25:58
广东省,珠江流域,白沙街,2026-09-29 00:00,2,30.392,7.86,7.29,222.209,6.519,1.36,0.015,0.032,1.405,,,2026-09-29 02:25:58
广东省,珠江流域,公庄河口,2026-09-29 00:00,2,31.1,7.21,8.44,211.3,30.9,2.86,0.018,0.082,1.995,,,2026-09-29 02:25:58
广东省,珠江流域,青溪,2026-09-29 00:00,4,27.46907,6.82,3.59,108.05,3.81019,0.93,0.006,0.042,1.03063,,,2026-09-29 02:25:58
广东省,珠江流域,五丰渡口,2026-09-29 00:00,2,28.51,6.83,6.38,98.3,30.12,1.4,0.292,0.042,4.7181,,,2026-09-29 02:25:58
广东省,珠江流域,新铺,2026-09-29 00:00,2,29.25,7.63,7.48,110.103,38.936,1.43,0.111,0.028,1.3203,,,2026-09-29 02:25:58
广东省,珠江流域,海丰西闸,2026-09-29 01:00,2,31.83,7.95,7.31,302.8,6.7,2.56,0.046,0.018,0.287,,,2026-09-29 02:25:58
广东省,珠江流域,东溪水闸,2026-09-29 01:00,4,31.55,6.56,4.81,162.417,38.036,4.47,0.129,0.056,0.724,,,2026-09-29 02:25:58
广东省,珠江流域,江城,2026-09-29 00:00,4,31.71,6.9,4.84,174.929,24.754,2.39,0.225,0.123,1.992,,,2026-09-29 02:25:58
广东省,珠江流域,尖山,2026-09-29 00:00,4,31.48,6.82,4.06,1183.8,65.05,4.03,0.177,0.186,2.325,,,2026-09-29 02:25:58
广东省,珠江流域,埠场,2026-09-29 00:00,4,31.64,6.97,4.54,540.89,42.499,3.3,0.139,0.115,1.361,,,2026-09-29 02:25:58
广东省,珠江流域,大泉,2026-09-29 00:00,3,31.54,7.07,5.09,10421.1,24,2.8,0.298,0.083,1.904,,,2026-09-29 02:25:58
广东省,珠江流域,樟村,2026-09-29 00:00,4,31.41,7.06,4.22,557.595,7.22,3.53,0.661,0.148,7.18,,,2026-09-29 02:25:58
广东省,珠江流域,沙田泗盛,2026-09-29 00:00,4,30.89,7.04,3.69,3764.86,66.29,2.63,0.018,0.076,1.843,,,2026-09-29 02:25:58
广东省,珠江流域,旗岭,2026-09-29 00:00,3,31.58,7.35,6.46,520.414,28.13,3.5,0.154,0.151,6.418,,,2026-09-29 02:25:58
广东省,珠江流域,石龙南河,2026-09-29 00:00,2,30.71,6.97,6.38,126.456,20.372,1.48,0.002,0.049,1.538,,,2026-09-29 02:25:58
广东省,珠江流域,中山港码头,2026-09-29 00:00,2,30.21,7.91,6.63,287.16,20.967,2.49,0.051,0.065,2.508,,,2026-09-29 02:25:58
广东省,珠江流域,赤凤,2026-09-29 01:00,2,29.49,7.06,7.11,110.29,16.36,0.92,0.008,0.095,1.364,,,2026-09-29 02:25:58
广东省,珠江流域,龟山塔,2026-09-29 00:00,2,31.19,7.64,8.18,80.242,1.253,1.24,0.133,0.057,0.9889,,,2026-09-29 02:25:58
广东省,珠江流域,古封,2026-09-29 00:00,2,29.94,7.93,7.12,282.58,8.85,1.17,0.013,0.023,2.209,,,2026-09-29 02:25:58
广西壮族自治区,珠江流域,老口,2026-09-29 00:00,1,29.49536,7.87,9.1,275.0084,7.363655,0.94,,0.019,2.303814,,,2026-09-29 02:25:58
广西壮族自治区,珠江流域,叮当,2026-09-29 00:00,2,30.75,7.87,10.2,316.142,7.744,1.32,0.052,0.07,3.6332,,,2026-09-29 02:25:58
广西壮族自治区,珠江流域,六景,2026-09-29 00:00,2,29.68,7.99,6.69,309.51,3.46,1.34,,0.026,2.358,,,2026-09-29 02:25:58
广西壮族自治区,珠江流域,上中,2026-09-29 00:00,2,30.02,7.92,6.97,299.8324,9.47015,1.85,0.029,0.027,2.10938,,,2026-09-29 02:25:58
广西壮族自治区,珠江流域,白马,2026-09-29 00:00,2,29.26,7.96,7.06,391.65,6.61,1.31,0.001,0.019,2.265,,,2026-09-29 02:25:58
广西壮族自治区,珠江流域,露塘,2026-09-29 00:00,1,29.66,7.92,7.93,211.8615,2.83447,0.97,0.005,0.008,1.15338,,,2026-09-29 02:25:58
广西壮族自治区,珠江流域,阳朔,2026-09-29 00:00,2,29.94,8.03,7.14,230.687,1.56,1.3,0.02,0.044,1.6253,,,2026-09-29 02:25:58
广西壮族自治区,珠江流域,京南,2026-09-29 00:00,2,30.27157,7.5,6.73,181.534,2.18331,1.14,0.009,0.028,1.15991,,,2026-09-29 02:25:58
广西壮族自治区,珠江流域,亚桥,2026-09-29 00:00,3,29.37,7.14,7.58,237.258,15.154,2.06,0.029,0.108,2.259,,,2026-09-29 02:25:58
广西壮族自治区,珠江流域,东边埇,2026-09-29 00:00,2,28.3,6.86,6.05,73.4168,24.8278,2.51,0.033,0.082,1.996,,,2026-09-29 02:25:58
广西壮族自治区,珠江流域,南域,2026-09-29 00:00,3,30.59,7.05,6.8,243.4151,10.5827,4.2,0.025,0.095,2.96976,,,2026-09-29 02:25:58
广西壮族自治区,珠江流域,西门江,2026-09-29 00:00,4,30.31,6.69,4.51,257.054,28.829,3.48,0.289,0.175,3.2122,,,2026-09-29 02:25:58
广西壮族自治区,珠江流域,三滩,2026-09-29 00:00,2,31,7.4,9.49,4777.82,10.21,2.69,0.209,0.053,0.919,,,2026-09-29 02:25:58
广西壮族自治区,珠江流域,边贸码头,2026-09-29 00:00,4,29.44,6.86,4.54,149.92,11.34,2.27,0.664,0.166,2.508,,,2026-09-29 02:25:58
广西壮族自治区,珠江流域,高塘,2026-09-29 00:00,2,30.09,6.71,7.61,68.64,16.05,2.86,0.087,0.063,1.672,,,2026-09-29 02:25:58
广西壮族自治区,珠江流域,茅岭大桥,2026-09-29 00:00,2,30.82,7.47,6.81,2431.2,11.61,2.15,0.012,0.055,0.734,,,2026-09-29 02:25:58
广西壮族自治区,珠江流域,钦江东,2026-09-29 00:00,3,29.56164,7.39,5.45,4691.803,21.39402,2.99,0.245,0.05,2.16796,,,2026-09-29 02:25:58
广西壮族自治区,珠江流域,高速公路西桥,2026-09-29 00:00,5,31.51,7.21,5.72,1531.87,68,11.53,0.625,0.249,3.739,,,2026-09-29 02:25:58
广西壮族自治区,珠江流域,自良渡口,2026-09-29 00:00,2,30.6,7.15,6.44,127.7802,14.18971,1.63,0.01,0.06,1.75272,,,2026-09-29 02:25:58
广西壮族自治区,珠江流域,横塘,2026-09-29 00:00,3,30.41,7.28,6.52,394.9982,10.02598,2.94,0.007,0.155,3.16051,,,2026-09-29 02:25:58
广西壮族自治区,珠江流域,隘屯,2026-09-29 00:00,2,25.22352,8.21,8.82,351.0914,4.002377,0.11,0.002,0.021,1.712742,,,2026-09-29 02:25:58
广西壮族自治区,珠江流域,公篓,2026-09-29 00:00,2,29.64,8.13,6.94,266.24,13.2,1.21,0.042,0.019,1.155,,,2026-09-29 02:25:58
广西壮族自治区,珠江流域,桂花,2026-09-29 00:00,2,28.87,7.55,6.92,194.7773,6.3997,1.11,0.0005,0.033,1.34434,,,2026-09-29 02:25:58
广西壮族自治区,珠江流域,贺街,2026-09-29 00:00,2,29.36,7.85,7.58,238.64,10.26,1.09,,0.039,1.085,,,2026-09-29 02:25:58
广西壮族自治区,珠江流域,垒亭,2026-09-29 00:00,2,27.14728,7.68,6.69,371.1871,2.19869,0.68,0.004,0.014,2.10004,,,2026-09-29 02:25:58
广西壮族自治区,珠江流域,上金,2026-09-29 00:00,2,30.45,6.88,6.36,132.5682,44.8508,1.39,,0.022,1.8597,,,2026-09-29 02:25:58
广西壮族自治区,珠江流域,渠立,2026-09-29 00:00,1,28.79,7.82,9.98,321.624,8.343,1.16,0.04,0.013,1.927,,,2026-09-29 02:25:58
广西壮族自治区,珠江流域,棉江,2026-09-29 00:00,2,29.3,7.51,6.72,218.057,11.697,1.44,0.014,0.017,1.4457,,,2026-09-29 02:25:58
海南省,珠江流域,龙塘,2026-09-29 00:00,2,30.3,7.79,7.53,106.3,5,1.76,0.022,0.064,1.514,,,2026-09-29 02:25:58
海南省,珠江流域,儒房,2026-09-29 00:00,2,31,7.87,6.76,15985.8,17.1,2.31,0.055,0.052,1.386,,,2026-09-29 02:25:58
海南省,珠江流域,后黎村,2026-09-29 00:00,2,31.1,7.62,8.63,84.6,29,3.13,,0.067,1.156,,,2026-09-29 02:25:58
海南省,珠江流域,林家村,2026-09-29 00:00,2,30.88,7.21,8.25,138.26,33.01,1.17,0.014,0.035,2.81,,,2026-09-29 02:25:58
海南省,珠江流域,崖城大桥,2026-09-29 00:00,2,28.5,6.74,7.77,98.53,83.6,1.88,,0.043,3.89,,,2026-09-29 02:25:58
海南省,珠江流域,藤桥河大桥,2026-09-29 00:00,2,29.83,7.28,8.23,187.12,147.96,2.57,,0.063,1.573,,,2026-09-29 02:25:58
海南省,珠江流域,松涛水库南丰库心,2026-09-29 00:00,2,31.68314,7.98,6.77,73.46006,0.731038,0.94,0.006,0.005,0.2275701,0.01925184,3877012,2026-09-29 02:25:58
海南省,珠江流域,上村桥,2026-09-29 00:00,2,29.6,7.16,6.56,124.1,59.9,3.44,0.015,0.075,1.74,,,2026-09-29 02:25:58
海南省,珠江流域,中和桥,2026-09-29 00:00,3,30.4,7.12,6.28,140.2,32,4.57,0.022,0.122,1.083,,,2026-09-29 02:25:58
海南省,珠江流域,汀洲,2026-09-29 00:00,3,28.62,6.3,6.8,61.19,39.53,2.2,0.088,0.117,0.73,,,2026-09-29 02:25:58
海南省,珠江流域,溪仔村,2026-09-29 00:00,2,27,6.66,7.92,62.87,16.85,2.03,0.01,0.044,1.212,,,2026-09-29 02:25:58
海南省,珠江流域,羊头外村桥,2026-09-29 00:00,3,31.86,6.92,7.06,104.14,19.66,4.77,0.012,0.111,1.715,,,2026-09-29 02:25:58
海南省,珠江流域,农垦橡胶所一队,2026-09-29 00:00,2,29.9,6.87,7.02,73.9,28.8,0.79,0.006,0.016,1.859,,,2026-09-29 02:25:58
海南省,珠江流域,水涯新区,2026-09-29 00:00,3,30.5,6.8,5.81,425.3,10.8,1.56,0.045,0.039,1.619,,,2026-09-29 02:25:58
海南省,珠江流域,分洪桥,2026-09-29 00:00,2,31.79,6.9,9.83,72.85,4.14,2.66,0.002,0.045,0.889,,,2026-09-29 02:25:58
海南省,珠江流域,后山村,2026-09-29 00:00,6,32.28,6.65,1.63,132.833,24.3484,4.07,0.134,0.184,2.657,,,2026-09-29 02:25:58
海南省,珠江流域,大广坝水库出口,2026-09-29 00:00,5,25.414,6.8,5.38,54.215,348.407,1.38,0.189,0.115,3.446,0.009292,1.59357,2026-09-29 02:25:58
海南省,珠江流域,罗带铁路桥,2026-09-29 00:00,5,30.4,7.63,6.58,374.9,69.2,4.67,0.025,0.316,3.693,,,2026-09-29 02:25:58
海南省,珠江流域,山口,2026-09-29 00:00,2,30.19,6.66,7.59,82.19,18.7,3,0.009,0.03,1.069,,,2026-09-29 02:25:58
海南省,珠江流域,白仞滩电站,2026-09-29 00:00,3,31.2,7.11,5.61,144.9,43.2,3.59,0.036,0.152,1.905,,,2026-09-29 02:25:58
海南省,珠江流域,大风,2026-09-29 00:00,3,27.81451,6.65,6.79,89.03039,390.699,4.03,,0.153,0.2827717,,,2026-09-29 02:25:58
海南省,珠江流域,叉河口,2026-09-29 00:00,2,28.8,7.18,7.34,126.5,25.2,1.8,,0.043,1.442,,,2026-09-29 02:25:58
海南省,珠江流域,乐中,2026-09-29 00:00,2,27.4,7.35,7.76,82.3,118.9,2.25,,0.06,0.688,,,2026-09-29 02:25:58
海南省,珠江流域,跨界桥,2026-09-29 00:00,2,29.4,7.88,9.37,90.6,32.2,2.26,0.002,0.048,1.521,,,2026-09-29 02:25:58
海南省,珠江流域,群英大坝,2026-09-29 00:00,2,27.9,7.11,7.52,76.4,33.7,1.51,0.019,0.077,1.372,,,2026-09-29 02:25:58
海南省,珠江流域,大溪村,2026-09-29 00:00,2,29,7.11,7.72,118.2,19.6,1.35,0.072,0.051,1.093,,,2026-09-29 02:25:58
重庆市,长江流域,晒网坝,2026-09-29 00:00,2,24.72,7.93,6.54,403.6945,6.9923,1.52,,0.05,1.982,,,2026-09-29 02:25:58
重庆市,长江流域,向家,2026-09-29 00:00,2,23.59,7.7,9.14,211.967,26.352,3.4,,0.065,1.339,,,2026-09-29 02:25:58
重庆市,长江流域,磨刀溪长滩,2026-09-29 00:00,2,24.78,8.55,14.96,196.614,17.179,3.39,0.041,0.043,1.192,,,2026-09-29 02:25:58
重庆市,长江流域,清溪场,2026-09-29 00:00,2,25.11,7.89,7.48,359.5135,13.7675,1.82,,0.062,1.452,,,2026-09-29 02:25:58
重庆市,长江流域,木瓜洞,2026-09-29 00:00,3,25.8,7.57,5.06,425.3594,11.9136,3.13,,0.114,1.916,,,2026-09-29 02:25:58
重庆市,长江流域,寸滩,2026-09-29 00:00,2,24.36,7.81,7.77,367.401,36.927,2.16,,0.08,1.62,,,2026-09-29 02:25:58
重庆市,长江流域,和尚山,2026-09-29 01:00,2,25.15,7.92,6.63,379.47,10.97,1.22,0.124,0.081,1.582,,,2026-09-29 02:25:58
重庆市,长江流域,北温泉,2026-09-29 01:00,3,24.2006,7.79,8.69,347.29,30.8528,3.18,0.026,0.102,2.267,,,2026-09-29 02:25:58
重庆市,长江流域,寨溪大桥,2026-09-29 00:00,3,27.35,7.8,5.98,738.5541,19.3752,2.84,0.066,0.072,2.44,,,2026-09-29 02:25:58
重庆市,长江流域,石门坎,2026-09-29 00:00,2,26.71,8.08,7.19,501.15,1.47,1.03,0.011,0.011,1.35,,,2026-09-29 02:25:58
重庆市,长江流域,玉滩水库,2026-09-29 00:00,3,26.71,8.8,8.96,412.7177,14.39563,5.48,0.007,0.018,0.66769,0.04744533,2.323824,2026-09-29 02:25:58
重庆市,长江流域,御临镇,2026-09-29 00:00,2,25.8,7.78,6.74,640.982,42.03,2.61,0.008,0.096,2.376,,,2026-09-29 02:25:58
重庆市,长江流域,黎家乡崔家岩村,2026-09-29 00:00,-1,,,,,,,,,,,,2026-09-29 02:25:58
重庆市,长江流域,运输桥,2026-09-29 00:00,3,26.25,7.6,10.36,327.4742,7.4117,4.86,0.009,0.082,0.66,,,2026-09-29 02:25:58
重庆市,长江流域,支坪街道,2026-09-29 00:00,2,26.52,7.84,6.33,517.391,41.6166,1.91,,0.072,2.459,,,2026-09-29 02:25:58
重庆市,长江流域,江津大桥,2026-09-29 00:00,2,23.15,8.08,7.81,380.61,27,1.95,,0.055,1.47,,,2026-09-29 02:25:58
重庆市,长江流域,朱杨溪,2026-09-29 00:00,3,26.6,7.88,7.58,755.9,17.12,3.9,,0.136,6.447,,,2026-09-29 02:25:58
重庆市,长江流域,北渡,2026-09-29 00:00,2,26.17,7.87,6.94,533.6155,18.315,1.67,0.094,0.062,2.021,,,2026-09-29 02:25:58
重庆市,长江流域,白杨溪,2026-09-29 00:00,2,25.9,7.69,6.52,181.034,9.755,2.34,0.012,0.051,1.406,,,2026-09-29 02:25:58
重庆市,长江流域,太和,2026-09-29 00:00,2,24.87,7.82,7.2,415.93,20.8,2.56,0.006,0.072,2.548,,,2026-09-29 02:25:58
重庆市,长江流域,临渡,2026-09-29 00:00,5,26.47,7.26,2.37,701.6,10.17,3.01,,0.116,2.448,,,2026-09-29 02:25:58
重庆市,长江流域,渠江码头,2026-09-29 01:00,3,22.03,7.49,8.96,276.478,269.71,5.87,,0.167,5.368,,,2026-09-29 02:25:58
重庆市,长江流域,黄桷,2026-09-29 00:00,2,23.5,7.64,6.38,505.472,14.308,2.86,0.024,0.07,2.427,,,2026-09-29 02:25:58
重庆市,长江流域,四明水厂,2026-09-29 00:00,3,26.37,7.93,6.29,411.6,12.8,5.3,0.017,0.056,0.955,,,2026-09-29 02:25:58
重庆市,长江流域,金狮桥,2026-09-29 00:00,1,21.35,8.14,8.4,225.885,5.429,0.76,,0.008,0.686,,,2026-09-29 02:25:58
重庆市,长江流域,璧南河两河口,2026-09-29 00:00,3,26.19,7.71,5.77,770.755,13.425,5.07,0.037,0.133,3.032,,,2026-09-29 02:25:58
重庆市,长江流域,中和,2026-09-29 00:00,3,25.58,7.49,5.56,571.4,5.77,5.17,0.032,0.119,2.486,,,2026-09-29 02:25:58
重庆市,长江流域,玉溪,2026-09-29 00:00,2,23.96,7.81,7.98,516.3532,17.8381,2.36,0.041,0.096,3.056,,,2026-09-29 02:25:58
重庆市,长江流域,高洞电站,2026-09-29 00:00,4,26.524,7.52,4.36,636.243,7.957,5.4,0.107,0.136,2.266,,,2026-09-29 02:25:58
重庆市,长江流域,巫山乡,2026-09-29 00:00,3,23.33,7.8,9.34,223.893,31.892,5.63,0.053,0.116,2.273,,,2026-09-29 02:25:58
重庆市,长江流域,上河坝,2026-09-29 01:00,4,24.66,7.64,6.65,312.7,22.61,6.2,0.089,0.152,1.252,,,2026-09-29 02:25:58
重庆市,长江流域,芙蓉洞码头,2026-09-29 00:00,1,27.94,8.44,10.33,308.02,27.77,0.85,,0.019,1.509,,,2026-09-29 02:25:58
重庆市,长江流域,鸭江镇,2026-09-29 00:00,2,24.2,7.76,8.25,454.5,20.819,2.83,,0.078,2.526,,,2026-09-29 02:25:58
重庆市,长江流域,江口镇,2026-09-29 00:00,3,25.631,7.86,5.28,324.64,1.412,0.54,,0.012,1.72,,,2026-09-29 02:25:58
重庆市,长江流域,水寨子,2026-09-29 00:00,-1,,,,,,,,,,,,2026-09-29 02:25:58
重庆市,长江流域,湖海场,2026-09-29 00:00,3,24.97,7.66,7.22,260.824,24.304,3.52,0.012,0.115,1.948,,,2026-09-29 02:25:58
重庆市,长江流域,卫星桥,2026-09-29 00:00,2,25.17,8.23,8.5,410.6321,20.1516,3.44,0.009,0.073,1.773,,,2026-09-29 02:25:58
重庆市,长江流域,高洞梁,2026-09-29 00:00,2,24.47,7.98,7.62,396.837,30.131,2.81,,0.084,1.775,,,2026-09-29 02:25:58
重庆市,长江流域,苏家,2026-09-29 00:00,2,24.58,7.82,6.88,386.554,18.0121,1.75,,0.054,1.952,,,2026-09-29 02:25:58
重庆市,长江流域,清水湖渡口,2026-09-29 00:00,2,24.23,8.85,15.41,204.453,4.3678,2.12,0.006,0.024,1.1393,,,2026-09-29 02:25:58
重庆市,长江流域,小江河口,2026-09-29 00:00,4,25.53,7.46,3.44,391.89,6.1,2.37,,0.054,1.3913,,,2026-09-29 02:25:58
重庆市,长江流域,罗汉大桥,2026-09-29 00:00,5,19.17,8.14,10.26,249.01,381.06,11.68,,0.374,3.749,,,2026-09-29 02:25:58
重庆市,长江流域,白帝城,2026-09-29 00:00,2,25.04,7.87,6.59,387.184,11.459,1.08,,0.035,1.215,,,2026-09-29 02:25:58
重庆市,长江流域,培石,2026-09-29 00:00,2,25.2586,7.75,7.14,400.1449,7.2842,1,0.07,0.047,1.5778,,,2026-09-29 02:25:58
重庆市,长江流域,花台,2026-09-29 00:00,-1,,,,,,,,,,,,2026-09-29 02:25:58
重庆市,长江流域,化杠,2026-09-29 00:00,2,20.29,7.62,8.38,102.26,8.52,1.94,0.012,0.039,0.7453,,,2026-09-29 02:25:58
重庆市,长江流域,万木,2026-09-29 00:00,2,25.52,7.68,6.69,430.36,2,0.85,0.0002,0.029,3.607,,,2026-09-29 02:25:58
重庆市,长江流域,红花村,2026-09-29 00:00,2,23.109,7.58,7.32,260.124,6.057,1.11,,0.027,1.909,,,2026-09-29 02:25:58
重庆市,长江流域,南洞沟,2026-09-29 00:00,1,26.47,8.45,16.9,340.998,1.627,0.75,,0.014,0.471,,,2026-09-29 02:25:58
重庆市,长江流域,郁江桥,2026-09-29 00:00,2,22.49,7.91,8.35,269.77,35.989,1.24,,0.036,1.704,,,2026-09-29 02:25:58
四川省,长江流域,二江寺,2026-09-29 00:00,2,19.99,7.9,8,379.5,18,1.25,0.048,0.067,1.885,,,2026-09-29 02:25:58
四川省,长江流域,岳店子下,2026-09-29 00:00,3,23.46109,7.91,6.51,436.6459,6.7029,1.52,0.068,0.117,2.9346,,,2026-09-29 02:25:58
四川省,长江流域,李家湾,2026-09-29 00:00,3,24.99,7.86,8.18,476.4,8.7,2.69,0.008,0.159,3.33,,,2026-09-29 02:25:58
四川省,长江流域,廖家堰,2026-09-29 00:00,3,26.164,7.81,7.12,913.444,32.797,4.19,0.114,0.171,2.517,,,2026-09-29 02:25:58
四川省,长江流域,脚仙村,2026-09-29 00:00,3,24.81,7.91,7.75,484.9,27.6,2.47,0.035,0.151,3.21,,,2026-09-29 02:25:58
四川省,长江流域,龙洞,2026-09-29 00:00,1,20.77,8.27,8.57,681,6.028,1.13,0.007,0.008,0.5177,,,2026-09-29 02:25:58
四川省,长江流域,倮果,2026-09-29 00:00,1,21.54,8.32,8.43,706.6785,18.21182,0.92,0.002,0.014,0.66168,,,2026-09-29 02:25:58
四川省,长江流域,雅砻江口,2026-09-29 00:00,1,19.475,7.72,8.72,225.8318,10.8347,1.69,0.014,0.015,0.68038,,,2026-09-29 02:25:58
四川省,长江流域,柏枝,2026-09-29 00:00,1,19.95,8,7.67,202.8824,40.53562,1.22,0.009,0.01,1.36775,,,2026-09-29 02:25:58
四川省,长江流域,湾凼,2026-09-29 00:00,4,26.04573,7.4,3.4,609.1031,6.727926,3.88,0.004,0.033,0.361575,,,2026-09-29 02:25:58
四川省,长江流域,手爬岩,2026-09-29 00:00,2,23.08,7.87,7.17,382.73,17.5844,1.5,,0.068,1.426,,,2026-09-29 02:25:58
四川省,长江流域,沱江大桥,2026-09-29 00:00,3,25.63,7.94,6.78,504.2248,30.5924,2.42,0.01,0.166,3.044281,,,2026-09-29 02:25:58
四川省,长江流域,醒觉溪,2026-09-29 00:00,2,26.13,8.07,6.98,403.4,14.1,1.56,0.027,0.041,2.515,,,2026-09-29 02:25:58
四川省,长江流域,胡市大桥,2026-09-29 00:00,5,27.38,7.39,2.96,472.6764,6.1178,4.7,0.039,0.131,1.17,,,2026-09-29 02:25:58
四川省,长江流域,泸天化大桥,2026-09-29 00:00,2,26.18,7.9,6.93,472.287,10.0844,1.93,,0.037,2.3645,,,2026-09-29 02:25:58
四川省,长江流域,纳溪大渡口,2026-09-29 00:00,2,23,7.78,7.3,372.306,14.492,0.93,,0.07,1.5019,,,2026-09-29 02:25:58
四川省,长江流域,两汇水,2026-09-29 00:00,2,24.07873,7.85,8.23,134.7329,45.61216,1.72,0.025,0.046,1.057,,,2026-09-29 02:25:58
四川省,长江流域,太平渡,2026-09-29 01:00,2,29.16799,8.14,6.59,556.8957,10.37205,1.4,0.004,0.05,3.203,,,2026-09-29 02:25:58
四川省,长江流域,象山,2026-09-29 00:00,4,25.47,7.75,4.99,568.65,9.1,3.83,0.024,0.094,3.441,,,2026-09-29 02:25:58
四川省,长江流域,双江桥,2026-09-29 00:00,3,22.41,8.04,7.66,629.5,27.38,1.64,0.027,0.118,2.949,,,2026-09-29 02:25:58
四川省,长江流域,三川,2026-09-29 00:00,3,22.08,8.1,7.78,628.1,24.41,1.02,0.049,0.123,3.464,,,2026-09-29 02:25:58
四川省,长江流域,西平镇,2026-09-29 00:00,2,22.85,8.12,7.71,549.75,25.46,1.18,,0.098,3.111,,,2026-09-29 02:25:58
四川省,长江流域,平武水文站,2026-09-29 00:00,2,15.35,8.39,8.97,229.4896,169.3832,1.39,0.01,0.024,1.18034,,,2026-09-29 02:25:58
四川省,长江流域,丰谷,2026-09-29 00:00,2,21.20494,8.03,8.58,279.7775,24.59224,1.06,0.01,0.022,0.58637,,,2026-09-29 02:25:58
四川省,长江流域,鲁班岛,2026-09-29 00:00,2,24.14207,8.81,10.31,247.952,2.53873,1.75,0.001,0.016,0.2273,0.0043,2.193349,2026-09-29 02:25:58
四川省,长江流域,北川通口,2026-09-29 00:00,1,18.74239,8.31,9.25,249.1385,33.237,0.54,0.003,0.02,1.04208,,,2026-09-29 02:25:58
四川省,长江流域,八庙沟,2026-09-29 00:00,1,22.54,8.34,8.18,355.8121,9.28098,0.32,0.003,0.009,1.32697,,,2026-09-29 02:25:58
四川省,长江流域,姚渡,2026-09-29 00:00,1,18.06767,8.25,8.62,322.0099,68.7496,1.55,0.019,,1.496,,,2026-09-29 02:25:58
四川省,长江流域,苴国村,2026-09-29 00:00,1,22.35,8.01,7.94,300.6266,4.73564,1.21,0.003,0.01,1.01828,,,2026-09-29 02:25:58
四川省,长江流域,上石盘,2026-09-29 00:00,1,22.32,8.12,7.91,357.8464,7.81454,1.58,0.001,0.015,1.6735,,,2026-09-29 02:25:58
四川省,长江流域,清泉乡,2026-09-29 00:00,2,25.04,7.65,6.49,320.5,6.7586,2.01,0.016,0.024,0.941,,,2026-09-29 02:25:58
四川省,长江流域,大安,2026-09-29 00:00,4,25.25,7.61,5.98,526.521,13.6,4.73,0.023,0.216,2.2677,,,2026-09-29 02:25:58
四川省,长江流域,梓江大桥,2026-09-29 00:00,2,25.2,7.94,6.43,482.1,9.1,3.23,0.003,0.079,3.182,,,2026-09-29 02:25:58
四川省,长江流域,大埂,2026-09-29 00:00,3,25.73,7.77,6.11,565.5,4.07,5.41,0.165,0.094,2.095943,,,2026-09-29 02:25:58
四川省,长江流域,球溪河口,2026-09-29 01:00,4,25.47,7.78,6.26,588.54,22.8,5.13,0.028,0.204,5.397,,,2026-09-29 02:25:58
四川省,长江流域,李码头,2026-09-29 00:00,2,20.06016,8.01,8.41,258.3486,23.61163,0.34,0.01,0.032,1.49869,,,2026-09-29 02:25:58
四川省,长江流域,马边河河口,2026-09-29 00:00,2,20.23644,7.93,8.21,264.4837,6.92993,0.87,0.008,0.038,1.65189,,,2026-09-29 02:25:58
四川省,长江流域,金溪电站,2026-09-29 00:00,3,25.03,7.61,5.28,324.883,10.3868,2.12,0.011,0.039,1.674,,,2026-09-29 02:25:58
四川省,长江流域,升钟水库铁炉寺,2026-09-29 00:00,3,24.97,8.56,9.04,321.52,5.19,4.87,0.002,0.017,2.597,,,2026-09-29 02:25:58
四川省,长江流域,彭山岷江大桥,2026-09-29 00:00,2,21.54,7.98,8.92,331.2387,14.0334,1.42,0.002,0.047,1.50343,,,2026-09-29 02:25:58
四川省,长江流域,龟都府,2026-09-29 00:00,2,18.78,8.06,7.73,238.7367,9.461787,0.57,0.021,0.053,1.130283,,,2026-09-29 02:25:58
四川省,长江流域,越溪河两河口,2026-09-29 00:00,3,24.94,7.73,5.37,524.2,15.7,4.32,0.022,0.094,3.16,,,2026-09-29 02:25:58
四川省,长江流域,月波,2026-09-29 00:00,2,20.61,7.49,7.73,301,18.8,0.99,0.074,0.056,1.543,,,2026-09-29 02:25:58
四川省,长江流域,凉姜沟,2026-09-29 00:00,2,21.62,7.95,7.57,289.6049,12.67564,1.56,0.008,0.067,2.946272,,,2026-09-29 02:25:58
四川省,长江流域,挂弓山,2026-09-29 00:00,2,22.64979,7.92,6.92,400.8019,6.95082,1.12,0.009,0.044,1.54868,,,2026-09-29 02:25:58
四川省,长江流域,蔡家渡口,2026-09-29 00:00,2,25.91142,7.7,6.22,683.387,10.2166,1.96,0.005,0.064,2.41329,,,2026-09-29 02:25:58
四川省,长江流域,三块石,2026-09-29 01:00,2,22.99,7.95,7.41,469.95,6.67,1.11,,0.018,1.018,,,2026-09-29 02:25:58
四川省,长江流域,洛亥,2026-09-29 00:00,2,20.51,8.1,8.24,315.781,3.844265,0.86,0.003,0.073,3.435,,,2026-09-29 02:25:58
四川省,长江流域,溪口镇平桥村,2026-09-29 01:00,3,23.96,7.49,7.5,300.51,27.09,4.88,0.047,0.074,1.411,,,2026-09-29 02:25:58
四川省,长江流域,金子,2026-09-29 00:00,2,25.4,7.83,6.98,291.99,17.6,2.55,0.049,0.043,1.7907,,,2026-09-29 02:25:58
四川省,长江流域,烈面,2026-09-29 01:00,3,25.7,7.44,5.65,304.1,3.8,1.57,0.091,0.045,1.623,,,2026-09-29 02:25:58
四川省,长江流域,幺滩,2026-09-29 00:00,3,25.36,8.15,8.14,514.14,24.53,3.63,0.018,0.134,2.367,,,2026-09-29 02:25:58
四川省,长江流域,大蹬沟,2026-09-29 00:00,3,22.77,7.73,8.23,263.9,72.9,4.07,0.159,0.104,2.351,,,2026-09-29 02:25:58
四川省,长江流域,白兔乡,2026-09-29 00:00,3,23.6,7.97,8.24,444.5,44.31,4.98,0.039,0.145,1.811,,,2026-09-29 02:25:58
四川省,长江流域,联盟桥,2026-09-29 00:00,4,23.475,7.49,5.95,282.66,1058.41,8.72,0.073,0.156,1.7369,,,2026-09-29 02:25:58
四川省,长江流域,舵石盘,2026-09-29 00:00,3,20.13,7.99,11.22,252.5,722.5,4.04,0.005,0.162,1.651,,,2026-09-29 02:25:58
四川省,长江流域,车家河,2026-09-29 00:00,5,19.5,7.94,9.93,239,1417.7,7.01,,0.378,2.057,,,2026-09-29 02:25:58
四川省,长江流域,三谷庄,2026-09-29 00:00,2,20.29972,8.23,7.43,236.2664,7.22764,,0.006,0.011,0.61901,,,2026-09-29 02:25:58
四川省,长江流域,大岗山,2026-09-29 00:00,1,16.95,8.07,7.89,213.8995,16.94028,1.04,0.006,0.011,0.63711,,,2026-09-29 02:25:58
四川省,长江流域,手傍岩,2026-09-29 00:00,2,23.83,7.92,7.02,388.4,12.8,1.76,0.042,0.045,1.442,,,2026-09-29 02:25:58
四川省,长江流域,幸福村,2026-09-29 00:00,3,24.25,7.92,8.14,452.1,18.3,1.22,0.039,0.106,2.78,,,2026-09-29 02:25:58
四川省,长江流域,拱城铺渡口,2026-09-29 00:00,3,24.25,8.01,8.34,473.22,24.77,0.98,0.027,0.124,2.806,,,2026-09-29 02:25:58
四川省,长江流域,红光村,2026-09-29 01:00,3,23.97,7.57,5.9,659.24,49.22,5.5,0.028,0.146,2.244,,,2026-09-29 02:25:58
四川省,长江流域,两河,2026-09-29 01:00,3,25.95,7.76,5.91,570.57,13.21,5.7,0.052,0.101,2.813,,,2026-09-29 02:25:58
四川省,长江流域,县城马踏石点,2026-09-29 00:00,1,14.03966,8.39,10.01,332.0842,471.0539,1.44,0.111,0.017,0.93842,,,2026-09-29 02:25:58
四川省,长江流域,渭门桥,2026-09-29 00:00,1,15.46,8.31,8.52,214.2108,45.16142,0.23,0.005,0.015,0.40403,,,2026-09-29 02:25:58
四川省,长江流域,小水沟,2026-09-29 00:00,2,13.65731,8.35,7.27,229.0255,56.72802,0.86,0.05,0.013,0.8554,,,2026-09-29 02:25:58
四川省,长江流域,竹巴龙村,2026-09-29 00:00,3,11.19,8.32,6.83,1702,262.6,2.01,0.241,0.101,2.085,,,2026-09-29 02:25:58
四川省,长江流域,昔街大桥,2026-09-29 00:00,2,23.09,7.76,7.32,206.69,71.06,1.09,0.102,0.089,2.819,,,2026-09-29 02:25:58
四川省,长江流域,阿七大桥,2026-09-29 00:00,3,22.97,7.75,5.99,220.8005,84.34516,1.49,0.024,0.073,2.65238,,,2026-09-29 02:25:58
四川省,长江流域,邛海湖心,2026-09-29 00:00,2,25.62,8.47,7.21,301.6575,3.90975,2.36,0.003,0.017,0.17256,0.00269,67008.86,2026-09-29 02:25:58
贵州省,长江流域,棉花渡,2026-09-29 00:00,2,24.592,7.86,7.24,471.5,0.9455,1.48,,0.06,3.0412,,,2026-09-29 02:25:58
贵州省,长江流域,贵铝泵房,2026-09-29 00:00,2,25.4082,8.57,10.57,352.5959,7.1662,2.84,0.023,0.024,1.4022,0.02406,1992086,2026-09-29 02:25:58
贵州省,长江流域,花鱼洞,2026-09-29 00:00,-1,,,,,,,,,,,,2026-09-29 02:25:58
贵州省,长江流域,麦穰,2026-09-29 00:00,3,25.66,8.22,6.68,681.42,28.92,2.51,0.08,0.198,5.251,,,2026-09-29 02:25:58
贵州省,珠江流域,青岩,2026-09-29 00:00,4,25.08,7.87,4.43,570.0645,3.54,1.8,,0.038,2.9047,,,2026-09-29 02:25:58
贵州省,长江流域,龙场,2026-09-29 00:00,2,21.59,7.96,6.48,415.1,3.03,0.87,0.022,0.012,3.574,,,2026-09-29 02:25:58
贵州省,珠江流域,发耳,2026-09-29 00:00,2,23.97,8.44,7.18,348.862,75.945,1.31,,0.076,3.134,,,2026-09-29 02:25:58
贵州省,长江流域,打秋坪,2026-09-29 00:00,3,27.08,8.01,7.28,604.8,4.1,1.49,0.077,0.113,5.143,,,2026-09-29 02:25:58
贵州省,长江流域,鱼塘大桥,2026-09-29 00:00,2,25.39,7.88,7.4,344.69,0.812,0.72,,0.009,1.458,,,2026-09-29 02:25:58
贵州省,长江流域,沿江渡,2026-09-29 00:00,2,27.95,8.94,11.73,316.71,7.32,3.21,,0.014,1.931,,,2026-09-29 02:25:58
贵州省,长江流域,鲤鱼塘,2026-09-29 00:00,3,26.73,7.61,5.2,524.36,0.254,1.54,0.007,0.048,3.107,,,2026-09-29 02:25:58
贵州省,长江流域,坡渡,2026-09-29 00:00,1,25.03,8.02,7.73,301.87,4.12,0.31,0.02,0.009,0.453,,,2026-09-29 02:25:58
贵州省,长江流域,余庆河暗溪坪,2026-09-29 00:00,2,25.75,7.52,7.38,332.02,3.6,1.08,0.009,0.031,1.048,,,2026-09-29 02:25:58
贵州省,长江流域,羊柱头渡口,2026-09-29 00:00,4,26.15,7.76,7.16,773.99,3.046,2.59,0.282,0.249,7.894,,,2026-09-29 02:25:58
贵州省,长江流域,长沙,2026-09-29 00:00,2,26.002,8.01,6.61,260.8807,13.8434,1.38,0.042,0.036,1.2381,,,2026-09-29 02:25:58
贵州省,长江流域,茅台,2026-09-29 00:00,2,27.18,8.13,6.49,421.6,6.42,0.61,,0.013,3.432,,,2026-09-29 02:25:58
贵州省,珠江流域,黄果树,2026-09-29 00:00,2,24.8338,8.18,7.78,512.1,12.04,1.25,,0.062,0.058,,,2026-09-29 02:25:58
贵州省,长江流域,斯拉河大桥,2026-09-29 00:00,2,26.21,8.6,9.77,362.86,8.44,2.5,0.029,0.017,3.201,,,2026-09-29 02:25:58
贵州省,珠江流域,打邦,2026-09-29 00:00,1,29.75,8.23,7.57,435.08,8.191,1.78,,0.009,2.792,,,2026-09-29 02:25:58
贵州省,长江流域,小屯,2026-09-29 00:00,2,26.5,8.63,9.16,351.754,6.587,2.62,,0.032,4.258,,,2026-09-29 02:25:58
贵州省,长江流域,清水铺,2026-09-29 00:00,2,25.314,8.21,6.79,417.883,7.702,0.68,0.012,0.014,4.246,,,2026-09-29 02:25:58
贵州省,长江流域,鱼市,2026-09-29 00:00,1,27.66,8.08,8.32,422.075,3.009289,1.16,0.018,0.016,0.722394,,,2026-09-29 02:25:58
贵州省,长江流域,下干溪,2026-09-29 00:00,2,26.73,7.88,6.01,381.57,4.65,0.65,0.063,0.017,2.579,,,2026-09-29 02:25:58
贵州省,珠江流域,坝草,2026-09-29 00:00,1,27.123,8.25,8.59,396.284,4.0522,1.15,0.01,0.006,3.0118,,,2026-09-29 02:25:58
贵州省,珠江流域,万峰湖,2026-09-29 00:00,3,27.14,8.35,7.68,316.42,2.85,0.78,0.002,0.026,2.92,0.026,1056948,2026-09-29 02:25:58
贵州省,珠江流域,岔河口,2026-09-29 00:00,6,27.6513,9.01,10.92,258.3047,39.1852,3.47,,0.012,1.4679,,,2026-09-29 02:25:58
贵州省,珠江流域,蔗香北,2026-09-29 00:00,1,28.41,8.32,11.91,267.7677,4.3621,1.12,0.007,0.009,2.4111,,,2026-09-29 02:25:58
贵州省,珠江流域,黄泥河,2026-09-29 00:00,2,21.5284,8.1,6.81,455.5496,52.7632,1.36,,0.049,3.8223,,,2026-09-29 02:25:58
贵州省,珠江流域,赵家渡,2026-09-29 00:00,2,23.92,8.24,7.46,463.379,4.33,0.7,0.014,0.043,5.089,,,2026-09-29 02:25:58
贵州省,珠江流域,坡脚,2026-09-29 00:00,2,28.77,8.35,11.46,373.4045,23.4515,1.48,,0.021,3.9765,,,2026-09-29 02:25:58
贵州省,珠江流域,蔗香南,2026-09-29 00:00,1,29.86,8.7,9.87,261.5,3.75,1.27,,0.014,2.3572,,,2026-09-29 02:25:58
贵州省,长江流域,金紫,2026-09-29 00:00,2,24.96,7.66,6.49,175.6554,9.02,0.62,,0.02,1.1,,,2026-09-29 02:25:58
贵州省,长江流域,平敏大桥,2026-09-29 00:00,2,27.32,7.84,6.89,172.66,8.45,0.7,,0.014,0.525,,,2026-09-29 02:25:58
贵州省,长江流域,旁海,2026-09-29 00:00,2,26.84,8.22,7.34,498.01,10.22,1.13,0.019,0.052,2.083,,,2026-09-29 02:25:58
贵州省,珠江流域,榕江,2026-09-29 00:00,2,28.67,7.89,7.67,146.37,4.53,0.86,0.063,0.039,0.631,,,2026-09-29 02:25:58
贵州省,长江流域,甘溪高碑,2026-09-29 00:00,2,26.6,8.21,8.68,370.5,11.71,1.48,,0.026,0.4913,,,2026-09-29 02:25:58
贵州省,长江流域,跳鱼洞,2026-09-29 00:00,3,24.65,8.05,6.13,489.09,2.76,1.72,0.105,0.122,2.276,,,2026-09-29 02:25:58
贵州省,长江流域,凤山桥边,2026-09-29 00:00,2,25.7614,8.48,9.98,710.15,4.6531,1.68,0.002,0.098,4.121,,,2026-09-29 02:25:58
贵州省,珠江流域,边外河,2026-09-29 01:00,2,25.35,7.68,6.21,337.78,3.36,0.81,,0.004,1.8,,,2026-09-29 02:25:58
贵州省,珠江流域,甲茶,2026-09-29 00:00,1,24.5149,7.66,9.13,329.801,0.6509,0.9,0.004,0.006,0.8309,,,2026-09-29 02:25:58
云南省,长江流域,通仙桥,2026-09-29 00:00,4,21.5,7.74,5.3,564.795,15.123,7.2,0.082,0.144,2.064,,,2026-09-29 02:25:58
云南省,长江流域,普渡河桥,2026-09-29 00:00,2,24.13,7.85,6.04,576.7629,8.2251,2.89,0.105,0.065,2.8155,,,2026-09-29 02:25:58
云南省,珠江流域,禄丰村,2026-09-29 00:00,2,23.35,8.01,6.5,466.0646,10.6086,1.41,,0.03,4.692,,,2026-09-29 02:25:58
云南省,滇池流域,回龙村,2026-09-29 00:00,4,23.05,7.89,4.78,626.2614,7.3991,2.82,,0.027,3.0425,,,2026-09-29 02:25:58
云南省,滇池流域,船房五社桥头,2026-09-29 00:00,3,22.97,7.66,5.78,566.1279,3.7695,3.93,,0.052,4.9686,,,2026-09-29 02:25:58
云南省,滇池流域,王大桥,2026-09-29 00:00,4,22.14,7.37,5.47,612.7582,10.1723,3.66,0.024,0.212,7.6332,,,2026-09-29 02:25:58
云南省,滇池流域,大观河入湖口,2026-09-29 00:00,2,21.71,8.24,6.83,434.7688,17.6816,1.46,0.008,0.084,4.5955,,,2026-09-29 02:25:58
云南省,滇池流域,大渔乡土罗村入湖口,2026-09-29 00:00,5,22.2,7.45,2.8,520.1822,43.3046,3.72,0.083,0.118,5.77,,,2026-09-29 02:25:58
云南省,滇池流域,新河村入湖口,2026-09-29 00:00,3,21.44,8.12,6.38,407.79,23.882,1.83,,0.102,4.0301,,,2026-09-29 02:25:58
云南省,珠江流域,阳宗海中,2026-09-29 01:00,2,23.72,9,7.07,414.505,3.42,3.96,0.046,0.015,0.46,0.0079,2701356,2026-09-29 02:25:58
云南省,长江流域,富民大桥,2026-09-29 00:00,4,23.75,8.31,4.69,573.4793,40.8093,6.51,0.069,0.174,3.4579,,,2026-09-29 02:25:58
云南省,滇池流域,严家村桥,2026-09-29 00:00,2,21.6954,8.16,6.8,429.7969,13.00767,1.52,0.022,0.08,4.695938,,,2026-09-29 02:25:58
云南省,滇池流域,宝丰村入湖口,2026-09-29 00:00,4,21.51,7.82,4.64,608.78,10.06,1.71,,0.037,3.493,,,2026-09-29 02:25:58
云南省,滇池流域,江尾下闸,2026-09-29 00:00,4,22.68,7.5,3.87,373.8558,10.6323,0.74,0.068,0.029,2.151,,,2026-09-29 02:25:58
云南省,滇池流域,茨巷河入湖口,2026-09-29 00:00,3,22.66,7.89,5.37,266.5005,4.1582,3.01,,0.011,1.57,,,2026-09-29 02:25:58
云南省,滇池流域,东大河滇池入湖口,2026-09-29 00:00,6,23.69,9.46,6.52,250.6453,17.2281,3.11,,0.058,1.161,,,2026-09-29 02:25:58
云南省,滇池流域,草海中心,2026-09-29 01:00,4,23.05,8.62,9.71,376.74,56.91,4.91,,0.061,3.332,0.01792,5.85265,2026-09-29 02:25:58
云南省,滇池流域,灰湾中,2026-09-29 01:00,4,22.59,8.74,8.85,404.223,142.579,6.76,0.042,0.076,1.781,0.03896,5.473482,2026-09-29 02:25:58
云南省,滇池流域,观音山中,2026-09-29 01:00,4,22.04,8.94,7.22,355.286,50.394,6,,0.06,1.117,0.0066,1.69037,2026-09-29 02:25:58
云南省,滇池流域,观音山西,2026-09-29 01:00,4,22.68,,7.1,388.26,52.57,7.88,,0.06,0.893,0.00932,9.442722,2026-09-29 02:25:58
云南省,滇池流域,海口西,2026-09-29 01:00,3,22.02,,7.07,359.63,25.52,5.74,0.026,0.048,0.508,0.01174,4.2692,2026-09-29 02:25:58
云南省,滇池流域,滇池南,2026-09-29 01:00,4,21.39,,7.86,396.17,39.73,9.27,,0.059,0.753,0.04979,1.61411,2026-09-29 02:25:58
云南省,滇池流域,晋城小寨,2026-09-29 00:00,3,21.75,8.3,5.15,517.8511,5.9673,2.99,0.02,0.071,7.371,,,2026-09-29 02:25:58
云南省,长江流域,牛栏江河口,2026-09-29 00:00,3,22.29,8.05,5.01,486.622,13.644,2.07,0.036,0.053,5.086,,,2026-09-29 02:25:58
云南省,珠江流域,狗街,2026-09-29 00:00,4,23.95,7.68,4.77,593.6372,7.763611,2.73,0.077,0.152,5.909188,,,2026-09-29 02:25:58
云南省,珠江流域,花山水库出水口,2026-09-29 00:00,2,22.31,8.45,7.3,326.968,1.9913,0.91,0.014,0.003,2.8393,,,2026-09-29 02:25:58
云南省,长江流域,以礼河水文站,2026-09-29 00:00,3,20.66,7.9,5.89,276.8373,9.3873,2.19,0.004,0.047,2.0104,,,2026-09-29 02:25:58
云南省,珠江流域,厂房大桥,2026-09-29 00:00,3,24.21,8.5,10.29,305.5942,10.1346,5.48,0.005,0.073,2.8964,,,2026-09-29 02:25:58
云南省,珠江流域,天生桥,2026-09-29 00:00,2,20.467,7.98,6.2,525.65,15.448,1.29,,0.018,6.8801,,,2026-09-29 02:25:58
云南省,长江流域,牛栏江大桥,2026-09-29 00:00,2,21.54,8.07,7.22,403.112,20.418,1.24,0.019,0.043,2.416,,,2026-09-29 02:25:58
云南省,珠江流域,盘溪大桥,2026-09-29 00:00,2,24.68,8.19,8.17,519.3348,12.43659,1.73,0.011,0.037,5.11079,,,2026-09-29 02:25:58
云南省,珠江流域,九甸大桥,2026-09-29 00:00,2,24.93636,8.25,6.98,550.8835,24.67253,1.14,0.005,0.072,4.9685,,,2026-09-29 02:25:58
云南省,西南诸河,坝洪村,2026-09-29 00:00,1,28.98,8.24,7.58,361.9688,52.07463,0.92,0.01,0.02,1.14376,,,2026-09-29 02:25:58
云南省,珠江流域,抚仙湖心,2026-09-29 01:00,2,22.5,8.81,6.75,277.65,2.364,1.68,,0.01,0.09,0.00235,1.73396,2026-09-29 02:25:58
云南省,西南诸河,绿汁江大桥,2026-09-29 00:00,2,23.82982,8.18,6.06,676.706,70.20506,1.5,0.032,0.011,1.16202,,,2026-09-29 02:25:58
云南省,珠江流域,杞麓湖心,2026-09-29 01:00,4,22.78,8.76,6.61,765.42,6.87,6.89,0.083,0.026,1.481,0.04769,8478496,2026-09-29 02:25:58
云南省,珠江流域,永昌桥,2026-09-29 00:00,3,22.24858,8,5.63,479.0507,3.89783,2.26,0.054,0.118,3.22259,,,2026-09-29 02:25:58
云南省,珠江流域,星云湖心,2026-09-29 01:00,4,23.26,,4.8,554.606,32.27,5.93,,0.01,0.475,0.00632,3.195545,2026-09-29 02:25:58
云南省,西南诸河,红旗桥,2026-09-29 00:00,1,19.18186,8.15,9.24,403.8082,371.5564,1.29,,0.007,0.4687821,,,2026-09-29 02:25:58
云南省,西南诸河,湾甸,2026-09-29 00:00,2,26.27369,8.39,7.79,415.3402,81.77692,0.84,0.01,0.076,2.08104,,,2026-09-29 02:25:58
云南省,西南诸河,永保桥,2026-09-29 00:00,2,20.84842,8.22,6.9,438.2713,17.89487,1,0.008,0.003,0.41327,,,2026-09-29 02:25:58
云南省,西南诸河,龙江桥,2026-09-29 00:00,2,21.77339,7.15,7.17,102.495,19.28911,1.04,0.005,0.02,0.67921,,,2026-09-29 02:25:58
云南省,长江流域,云贵桥,2026-09-29 00:00,1,18.94,8.18,8.03,375.609,9.609,0.86,,0.016,2.675,,,2026-09-29 02:25:58
云南省,长江流域,头屯河,2026-09-29 00:00,2,19.52,8.01,7.06,426.71,3.6,0.48,,0.026,5.225,,,2026-09-29 02:25:58
云南省,长江流域,邓家河,2026-09-29 00:00,2,22.78,7.75,7.41,409.323,14.762,0.98,0.049,0.05,2.821,,,2026-09-29 02:25:58
云南省,长江流域,横江桥,2026-09-29 00:00,2,21.73,8.07,8.37,292.46,21.12,0.85,,0.032,2.154,,,2026-09-29 02:25:58
云南省,长江流域,程海湖中,2026-09-29 00:00,3,25.45048,,6.6,1318.73,3.64485,5.6,0.016,0.017,0.80045,0.00481,7399.624,2026-09-29 02:25:58
云南省,长江流域,新华,2026-09-29 00:00,2,16.85289,8.44,8.25,931.6666,52.89358,1.73,0.082,0.021,0.70502,,,2026-09-29 02:25:58
云南省,长江流域,金江桥,2026-09-29 00:00,1,20.76,8.13,8.95,850.0664,12.71511,0.91,0.021,0.01,0.64304,,,2026-09-29 02:25:58
云南省,长江流域,龙兴村,2026-09-29 00:00,4,20.00962,7.69,5.15,457.3286,13.15091,2.2,0.491,0.295,3.3901,,,2026-09-29 02:25:58
云南省,西南诸河,土卡河水文站,2026-09-29 00:00,2,26.92414,7.82,6.56,215.2092,30.32753,1.29,,0.02,0.9792719,,,2026-09-29 02:25:58
云南省,西南诸河,思茅港,2026-09-29 00:00,3,23.2108,7.37,5.42,309.4884,9.5021,1.23,0.013,0.01,1.08705,,,2026-09-29 02:25:58
云南省,西南诸河,莲花乡,2026-09-29 00:00,3,26.03258,7.67,5.25,333.0834,13.45741,3.36,0.125,0.19,6.28309,,,2026-09-29 02:25:58
云南省,西南诸河,嘎旧,2026-09-29 00:00,2,22.98,7.99,6.82,395.4009,13.92517,1.34,0.025,0.012,,,,2026-09-29 02:25:58
云南省,西南诸河,景临桥,2026-09-29 00:00,6,29.4,9.67,14.01,207.0676,18.81512,1.21,0.057,0.087,1.39625,,,2026-09-29 02:25:58
云南省,西南诸河,孟定大桥,2026-09-29 00:00,2,25.26,7.92,7.96,266.7611,159.3185,0.98,0.009,0.023,1.36668,,,2026-09-29 02:25:58
云南省,西南诸河,黑箐,2026-09-29 00:00,2,24.52,7.66,6.39,148.1078,82.63331,1.49,0.022,0.039,2.25979,,,2026-09-29 02:25:58
云南省,西南诸河,小黑江检查站,2026-09-29 00:00,2,23.55077,7.88,7.84,196.0877,0.0151,,0.008,0.021,,,,2026-09-29 02:25:58
云南省,西南诸河,水文站,2026-09-29 00:00,3,23.63,7.98,5.01,438.2662,15.8883,1.21,0.008,0.042,1.29706,,,2026-09-29 02:25:58
云南省,长江流域,西观桥,2026-09-29 00:00,4,22.95,7.7,4.97,644.2518,19.84352,1.8,0.003,0.022,6.02863,,,2026-09-29 02:25:58
云南省,西南诸河,那发出境,2026-09-29 00:00,2,27.41,7.59,6.04,142.6012,105.59,1.47,,0.057,0.6431,,,2026-09-29 02:25:58
云南省,西南诸河,中越桥,2026-09-29 00:00,2,26.87,8,7.92,286.7747,40.3215,0.86,0.126,0.054,2.1263,,,2026-09-29 02:25:58
云南省,西南诸河,龙脖渡口,2026-09-29 00:00,2,28.04,8.23,7.54,316.8484,23.8727,0.41,,0.043,1.2912,,,2026-09-29 02:25:58
云南省,西南诸河,河口县医院,2026-09-29 00:00,2,28.3629,8.1,6.11,312.7665,10.39733,1.09,,0.045,1.77923,,,2026-09-29 02:25:58
云南省,西南诸河,小河底河,2026-09-29 00:00,1,25.62,8.19,8.34,455.7242,43.0215,0.72,,0.013,1.2414,,,2026-09-29 02:25:58
云南省,珠江流域,异龙湖中,2026-09-29 01:00,4,25.57,8.38,6.59,439.87,3.946,6.93,0.033,0.011,0.642,0.01637,48056.03,2026-09-29 02:25:58
云南省,珠江流域,长虹桥,2026-09-29 00:00,2,24.44,8.14,7.52,484.7902,62.4031,2.23,,0.074,4.7693,,,2026-09-29 02:25:58
云南省,珠江流域,江边桥,2026-09-29 00:00,2,25.11,7.74,7.33,512.79,58.67,1.01,,0.077,4.1916,,,2026-09-29 02:25:58
云南省,西南诸河,天保农场,2026-09-29 00:00,2,23.76,7.95,9.03,376.8,19.69,0.37,,0.025,3.1215,,,2026-09-29 02:25:58
云南省,西南诸河,南利大桥,2026-09-29 00:00,2,24.38,7.98,6.4,297.23,14,0.62,0.158,0.014,1.334,,,2026-09-29 02:25:58
云南省,珠江流域,谷拉河大桥,2026-09-29 00:00,2,30.62,8.55,11.64,203.32,2.735,2.31,0.008,0.007,0.579,,,2026-09-29 02:25:58
云南省,西南诸河,关累码头,2026-09-29 00:00,2,23.84159,7.62,6.49,297.1253,13.62157,0.82,0.012,0.024,1.12446,,,2026-09-29 02:25:58
云南省,西南诸河,勐仑大桥,2026-09-29 00:00,3,25.37,8.24,7.7,266.5385,22.04519,5.62,0.009,0.024,0.63565,,,2026-09-29 02:25:58
云南省,西南诸河,风情园大桥,2026-09-29 00:00,2,23.05095,8.01,7.96,95.93513,145.167,1.03,0.004,0.041,2.76999,,,2026-09-29 02:25:58
云南省,西南诸河,勐捧岔河,2026-09-29 00:00,2,25.41,7.95,7.29,293.2664,28.68379,1.1,0.001,0.049,0.66601,,,2026-09-29 02:25:58
云南省,西南诸河,打洛江大桥,2026-09-29 00:00,1,26.20033,7.86,7.52,141.4893,68.73218,0.32,0.001,0.015,0.53362,,,2026-09-29 02:25:58
云南省,西南诸河,洱海湖心,2026-09-29 01:00,3,23.37,8.86,6.8,289.21,5.27,4.79,0.009,0.021,0.521,0.01319,11500,2026-09-29 02:25:58
云南省,西南诸河,交汇口,2026-09-29 00:00,2,21.77794,8.34,7.67,325.1731,91.40916,1.43,0.001,0.038,0.76436,,,2026-09-29 02:25:58
云南省,西南诸河,徐村桥,2026-09-29 00:00,2,22.38,7.75,6.98,264.8434,41.7629,1.22,0.0003,0.039,1.33523,,,2026-09-29 02:25:58
云南省,西南诸河,江尾,2026-09-29 00:00,2,24.10619,8.51,9.27,319.2409,15.37203,1.69,0.007,0.024,1.10803,,,2026-09-29 02:25:58
云南省,西南诸河,四级坝,2026-09-29 00:00,3,21.57,7.83,7.13,320.9498,6.21562,3.07,0.066,0.154,2.07307,,,2026-09-29 02:25:58
云南省,西南诸河,汇流电站,2026-09-29 00:00,2,25.81692,7.13,7.69,86.12576,29.98228,1.1,0.001,0.023,0.82677,,,2026-09-29 02:25:58
云南省,西南诸河,姐告大桥,2026-09-29 00:00,2,25.17897,7.59,6.72,134.554,74.09766,1.09,0.006,0.025,1.10424,,,2026-09-29 02:25:58
云南省,西南诸河,迭撒大桥,2026-09-29 00:00,3,26.64997,6.85,5.68,141.8277,193.2042,1.07,0.047,0.02,1.71762,,,2026-09-29 02:25:58
云南省,西南诸河,风平,2026-09-29 00:00,2,24.17,7.97,6.88,194.5941,54.58603,2.04,0.035,0.087,1.07093,,,2026-09-29 02:25:58
云南省,西南诸河,丙舍桥,2026-09-29 00:00,1,18.05853,8.33,9.94,438.4868,803.7928,1.18,0.001,0.007,0.39814,,,2026-09-29 02:25:58
云南省,长江流域,贺龙桥,2026-09-29 00:00,1,17.0458,8.38,8.62,999.7415,60.7579,1.31,0.079,0.014,0.91418,,,2026-09-29 02:25:58
云南省,西南诸河,中路村,2026-09-29 00:00,1,16.64,8.45,9.18,471.8915,16.66876,1.12,0.012,0.004,0.60043,,,2026-09-29 02:25:58
陕西省,黄河流域,灞河口,2026-09-29 00:00,5,21.93,8.08,7.14,412.8254,32.338,2.75,0.177,0.357,4.6424,,,2026-09-29 02:25:58
陕西省,黄河流域,三郎村,2026-09-29 00:00,2,22.83,7.69,7,501.758,44.429,3.42,0.158,0.068,4.7885,,,2026-09-29 02:25:58
陕西省,黄河流域,岔口,2026-09-29 00:00,2,20.89,7.76,8.33,864.001,5.473,3.42,0.084,0.074,8.1973,,,2026-09-29 02:25:58
陕西省,长江流域,黄牛铺,2026-09-29 00:00,4,14.4,7.39,8.7,88.2122,29.9823,6.52,,0.032,1.679,,,2026-09-29 02:25:58
陕西省,黄河流域,魏家堡,2026-09-29 00:00,3,20.83,7.89,6.9,658.6259,67.6612,2.78,0.57,0.085,5.477,,,2026-09-29 02:25:58
陕西省,黄河流域,卧龙寺桥,2026-09-29 00:00,3,18.67,8.17,8.32,427.4402,151.5147,4.02,0.006,0.06,4.78,,,2026-09-29 02:25:58
陕西省,长江流域,灶火庵,2026-09-29 00:00,1,19.18,8.13,7.83,303.3141,39.2426,1.31,0.018,0.019,1.2106,,,2026-09-29 02:25:58
陕西省,黄河流域,咸阳铁桥,2026-09-29 00:00,2,21.93,8.12,7.22,653.7348,43.8522,2.77,0.148,0.049,6.6194,,,2026-09-29 02:25:58
陕西省,黄河流域,兴平,2026-09-29 00:00,2,21.61,7.96,6.3,651.8221,59.9399,3.03,0.03,0.054,5.7076,,,2026-09-29 02:25:58
陕西省,黄河流域,泾河桥,2026-09-29 00:00,2,21.86,8.34,7.95,1291.03,102.7387,2.23,0.01,0.064,3.058,,,2026-09-29 02:25:58
陕西省,黄河流域,黑河张家桥,2026-09-29 00:00,2,20.47,8.16,7.31,667.7455,59.3363,1.52,0.054,0.029,2.2604,,,2026-09-29 02:25:58
陕西省,黄河流域,杨家畔村,2026-09-29 00:00,2,20.31,8.81,7.85,1510.697,42.81646,2.76,0.022,0.032,7.3991,,,2026-09-29 02:25:58
陕西省,黄河流域,昝家山,2026-09-29 00:00,2,20.13,8.37,8.57,601.706,154.5003,2.17,,0.037,4.7011,,,2026-09-29 02:25:58
陕西省,黄河流域,寺滩,2026-09-29 00:00,2,21,8.65,7.83,1282.32,21.09924,1.68,0.036,0.05,5.4411,,,2026-09-29 02:25:58
陕西省,黄河流域,朱家沟,2026-09-29 00:00,3,19.27,8.05,7.58,926.61,64.1664,2.36,0.124,0.105,4.8731,,,2026-09-29 02:25:58
陕西省,长江流域,烈金坝,2026-09-29 00:00,2,18.77,8.29,7.72,333.59,7.36,0.74,,0.024,1.1945,,,2026-09-29 02:25:58
陕西省,长江流域,南柳渡,2026-09-29 00:00,2,20.41,7.89,7.19,259.9698,29.9772,1.74,0.131,0.049,1.399,,,2026-09-29 02:25:58
陕西省,长江流域,白水江,2026-09-29 00:00,2,20.77,8.2,7.67,331.4069,18.439,0.77,0.017,0.021,1.0463,,,2026-09-29 02:25:58
陕西省,黄河流域,柏树坪,2026-09-29 00:00,4,20.64001,8.17,8.56,872.904,2433.666,5.37,,0.247,14.5981,,,2026-09-29 02:25:58
陕西省,黄河流域,温家川,2026-09-29 00:00,2,19.96,8.33,7.19,1327.866,25.45811,1.97,0.028,0.024,3.0741,,,2026-09-29 02:25:58
陕西省,黄河流域,碛塄,2026-09-29 00:00,2,19.25,8.09,7.86,807.665,75.86863,2.06,,0.026,3.2271,,,2026-09-29 02:25:58
陕西省,黄河流域,高家川,2026-09-29 00:00,3,18.91,8.38,8.62,839.963,256.4867,5.91,,0.124,3.0741,,,2026-09-29 02:25:58
陕西省,黄河流域,鱼河,2026-09-29 00:00,3,19.08,8.28,7.23,855.107,64.62628,3.32,0.245,0.13,5.2961,,,2026-09-29 02:25:58
陕西省,长江流域,白河城关,2026-09-29 00:00,2,22.69,7.63,8.24,253.1605,31.09,2.01,0.011,0.037,1.47,0.010206,,2026-09-29 02:25:58
陕西省,长江流域,小钢桥,2026-09-29 00:00,2,21.83,7.71,6.7,306.22,6.87,1.58,,0.034,1.381,,,2026-09-29 02:25:58
陕西省,长江流域,老君关,2026-09-29 00:00,2,21.26,7.6,7.06,256.291,41.2948,1.69,0.055,0.039,1.626,,,2026-09-29 02:25:58
陕西省,长江流域,瀛湖坝前,2026-09-29 00:00,2,23.33,7.8,6,240.1731,5.3603,1.89,,0.024,1.094,0.04108,1979237,2026-09-29 02:25:58
陕西省,长江流域,构峪口,2026-09-29 00:00,1,21.11,8.19,8.31,411.488,8.5019,1.55,,0.005,1.934,,,2026-09-29 02:25:58
陕西省,长江流域,丹凤下,2026-09-29 00:00,2,19.89,8.06,7.94,432.0157,11.4149,1.71,0.007,0.05,2.8951,,,2026-09-29 02:25:58
陕西省,黄河流域,灵口,2026-09-29 00:00,1,19.91,8.31,7.87,469.4562,7.5837,0.78,0.032,0.008,1.3429,,,2026-09-29 02:25:58
甘肃省,黄河流域,新城桥,2026-09-29 00:00,2,15.87,8.25,7.53,605.348,87.998,1.61,,0.044,1.835,,,2026-09-29 02:25:58
甘肃省,黄河流域,湟水桥,2026-09-29 00:00,2,15.15,8.53,7.71,623.42,118.141,1.82,0.072,0.068,3.232,,,2026-09-29 02:25:58
甘肃省,西北诸河,迎山坡,2026-09-29 00:00,1,13.00751,8.12,7.57,569.7488,13.85594,0.46,0.01,0.006,1.76395,,,2026-09-29 02:25:58
甘肃省,黄河流域,青城桥,2026-09-29 00:00,2,16.58965,8.26,6.98,611.5374,24.49615,1.48,0.04,0.02,2.83606,,,2026-09-29 02:25:58
甘肃省,黄河流域,五佛寺,2026-09-29 01:00,2,17.23647,8.33,7.33,707.8705,94.3707,1.52,0.05,0.025,2.982,,,2026-09-29 02:25:58
甘肃省,黄河流域,靖远桥,2026-09-29 00:00,2,16.93183,8.3,7.12,620.1694,42.01963,1.25,0.04,0.02,2.36418,,,2026-09-29 02:25:58
甘肃省,黄河流域,桦林,2026-09-29 00:00,3,16.2,8.43,8.79,761.3,876.5,4.26,0.066,0.131,5.627,,,2026-09-29 02:25:58
甘肃省,黄河流域,葡萄园,2026-09-29 00:00,2,19.82,8.27,7.77,962.952,1732.31,3.27,0.029,0.057,7.12,,,2026-09-29 02:25:58
甘肃省,西北诸河,红崖山水库,2026-09-29 00:00,2,17.45721,8.42,7.55,518.3887,25.74696,1.4,0.054,0.024,0.45981,0.00923,2243056,2026-09-29 02:25:58
甘肃省,黄河流域,先明峡桥,2026-09-29 00:00,1,11.09608,8.5,8.47,477.3957,0.82303,0.94,0.003,0.003,1.38462,,,2026-09-29 02:25:58
甘肃省,西北诸河,莺落峡,2026-09-29 00:00,1,12.84,8.41,8.7,707.7645,10.58404,0.63,0.019,0.004,1.39921,,,2026-09-29 02:25:58
甘肃省,西北诸河,皇城水库,2026-09-29 00:00,1,10.03984,8.25,8.85,556.2827,8.49803,1.01,0.001,0.0001,1.52978,,,2026-09-29 02:25:58
甘肃省,西北诸河,六坝桥,2026-09-29 00:00,1,16.29236,8.38,8.13,682.5854,10.3574,0.63,0.02,0.009,2.27088,,,2026-09-29 02:25:58
甘肃省,黄河流域,长庆桥,2026-09-29 00:00,2,19.28,8.34,7.44,841.956,158.3279,1.27,0.017,0.065,5.0001,,,2026-09-29 02:25:58
甘肃省,黄河流域,洮园桥,2026-09-29 00:00,2,15.51,8.38,7.65,397.5727,48.27398,2.36,0.104,0.046,3.02415,,,2026-09-29 02:25:58
甘肃省,长江流域,固水子村,2026-09-29 00:00,3,15.21,8.26,9.23,342.1,573.5,2.49,0.01,0.112,0.96,,,2026-09-29 02:25:58
甘肃省,长江流域,两水桥,2026-09-29 00:00,3,15.68,8.44,8.55,344.389,286.4564,5.19,0.012,0.002,1.9441,,,2026-09-29 02:25:58
甘肃省,黄河流域,扶和桥,2026-09-29 00:00,1,15.43,8.23,7.82,527.9591,54.7117,1.5,0.059,0.019,1.72914,,,2026-09-29 02:25:58
甘肃省,黄河流域,折桥,2026-09-29 00:00,2,13.38,8.48,8.83,498.9946,124.0719,1.83,0.091,0.027,2.54428,,,2026-09-29 02:25:58
甘肃省,黄河流域,地沟桥,2026-09-29 00:00,2,11.91,8.53,8.46,507.5764,56.15248,2.07,0.1,0.026,3.43945,,,2026-09-29 02:25:58
甘肃省,黄河流域,玛曲,2026-09-29 00:00,4,11.88892,8.22,6.5,306.8433,157.9034,7.08,0.156,0.05,3.36944,,,2026-09-29 02:25:58
青海省,黄河流域,小峡桥,2026-09-29 00:00,3,12.48661,8.42,8.28,606.9647,82.60094,5.81,0.202,0.112,3.74826,,,2026-09-29 02:25:58
青海省,黄河流域,润泽桥,2026-09-29 00:00,2,11.76115,8.18,8.3,451.5441,63.79607,2.27,0.069,0.05,2.24622,,,2026-09-29 02:25:58
青海省,黄河流域,大河家,2026-09-29 00:00,2,21.76875,7.83,6.09,,0.27625,,,,,,,2026-09-29 02:25:58
青海省,黄河流域,边墙村,2026-09-29 00:00,4,14.18652,8.29,7.91,797.6575,381.1041,5.2,1.056,0.228,6.23799,,,2026-09-29 02:25:58
青海省,黄河流域,峡塘,2026-09-29 00:00,1,11.61961,8.47,7.85,533.6205,12.43276,,0.016,0.014,,,,2026-09-29 02:25:58
青海省,黄河流域,金滩,2026-09-29 00:00,2,11.59,8.34,7.29,448.8,6.7,2.38,0.01,0.018,1.105,,,2026-09-29 02:25:58
青海省,西北诸河,布哈河入青海湖口,2026-09-29 00:00,1,10.08133,8.41,7.75,563.5996,28.42792,1.15,0.004,0.004,0.955,,,2026-09-29 02:25:58
青海省,黄河流域,唐乃亥,2026-09-29 00:00,2,13.49652,8.48,7.29,441.6806,80.98412,1.68,0.101,0.032,1.22605,,,2026-09-29 02:25:58
青海省,黄河流域,龙羊峡库区出水口,2026-09-29 00:00,2,14.58548,8.04,7.13,438.1239,7.12437,1.47,0.006,0.007,0.82797,0.00334,289007,2026-09-29 02:25:58
青海省,西北诸河,总场水闸,2026-09-29 00:00,1,9.45,8.49,7.91,841.2935,26.76598,0.37,0.01,0.005,0.75792,,,2026-09-29 02:25:58
青海省,西北诸河,纳赤台,2026-09-29 00:00,2,6.804,8.38,7.76,866.3,24.24,0.98,0.044,0.084,0.704,,,2026-09-29 02:25:58
青海省,西北诸河,德令哈市水厂旁,2026-09-29 00:00,1,10.04512,8.11,10.04,758.403,10.44683,0.21,0.009,0.004,1.25421,,,2026-09-29 02:25:58
宁夏回族自治区,黄河流域,银古公路桥,2026-09-29 00:00,2,18.59087,8.32,7.41,910.0364,291.3804,2.32,0.069,0.038,3.55851,,,2026-09-29 02:25:58
宁夏回族自治区,黄河流域,平罗黄河大桥,2026-09-29 00:00,2,19.39,8.35,7.2,954.76,450.48,2.01,,0.061,3.599,,,2026-09-29 02:25:58
宁夏回族自治区,黄河流域,麻黄沟,2026-09-29 00:00,2,19.52,8.32,7.42,931.775,464.003,2.09,,0.077,3.0312,,,2026-09-29 02:25:58
宁夏回族自治区,黄河流域,沙湖,2026-09-29 00:00,4,18.59,8.78,8.07,1407.8,23.58,6.25,0.018,0.029,0.666,0.01804,629000,2026-09-29 02:25:58
宁夏回族自治区,黄河流域,沟圈,2026-09-29 00:00,2,17.88,8.54,7.82,1958.167,103.36,2.63,0.01,0.036,1.9031,,,2026-09-29 02:25:58
宁夏回族自治区,黄河流域,中卫下河沿,2026-09-29 00:00,-1,,,,,,,,,,,,2026-09-29 02:25:58
宁夏回族自治区,黄河流域,泉眼山,2026-09-29 00:00,3,17.91,8.23,8.94,7223.1,421.9731,4.2,0.161,0.13,23.3151,,,2026-09-29 02:25:58
新疆维吾尔自治区,西北诸河,青年渠,2026-09-29 00:00,1,14.23,8.21,9.88,461.9034,16.32087,0.67,0.007,0.002,1.26243,,,2026-09-29 02:25:58
新疆维吾尔自治区,西北诸河,七纺桥,2026-09-29 00:00,1,12.68,8.54,8.27,2252.373,14.05648,0.56,0.01,0.019,10.90657,,,2026-09-29 02:25:58
新疆维吾尔自治区,西北诸河,赛湖2,2026-09-29 00:00,3,15.59355,,5.65,3234.185,9.73811,0.66,0.163,0.003,0.48041,0.00979,22020,2026-09-29 02:25:58
新疆维吾尔自治区,西北诸河,哈尔莫墩,2026-09-29 00:00,1,14.79,8.21,9.26,399.5429,0.0114,0.86,0.008,0.008,0.68824,,,2026-09-29 02:25:58
新疆维吾尔自治区,西北诸河,汇合口,2026-09-29 00:00,1,19.57,7.95,8.61,453.3626,5.97197,1.53,0.009,0.006,0.29582,,,2026-09-29 02:25:58
新疆维吾尔自治区,西北诸河,兰干,2026-09-29 00:00,3,20.66679,8.06,5.79,750.6453,1.87355,0.58,0.036,0.005,0.31379,,,2026-09-29 02:25:58
新疆维吾尔自治区,西北诸河,塔提让,2026-09-29 00:00,1,16.24,8.52,7.85,1168.249,917.4716,0.56,0.001,0.001,0.81919,,,2026-09-29 02:25:58
新疆维吾尔自治区,西北诸河,塔里木拦河闸,2026-09-29 00:00,1,17.50118,8.15,8.27,600.5012,171.6546,0.56,0.006,0.001,0.769,,,2026-09-29 02:25:58
新疆维吾尔自治区,西北诸河,十二医院,2026-09-29 00:00,1,14.8919,7.7,7.96,1256.307,31.8653,0.68,0.117,0.005,1.17144,,,2026-09-29 02:25:58
新疆维吾尔自治区,西北诸河,依干其渡口,2026-09-29 00:00,1,18.00367,8.37,7.82,485.7459,104.0807,0.5,0.007,0.003,1.43314,,,2026-09-29 02:25:58
新疆维吾尔自治区,西北诸河,喀河大桥,2026-09-29 00:00,2,18.37933,7.99,6.72,1477.665,2.85577,0.7,0.008,0.002,1.65261,,,2026-09-29 02:25:58
新疆维吾尔自治区,西北诸河,龙口大桥,2026-09-29 00:00,1,17.11874,7.62,8.45,305.5605,3.48322,0.45,0.004,0.004,0.62141,,,2026-09-29 02:25:58
新疆维吾尔自治区,西北诸河,羊场大桥,2026-09-29 00:00,1,17.74,8.1,8.13,488.7688,49.284,1.19,0.006,0.013,1.6654,,,2026-09-29 02:25:58
新疆维吾尔自治区,西北诸河,喀什河大桥,2026-09-29 00:00,1,16.37,8.1,10.2,257.7005,78.47749,0.49,0.009,0.006,0.95402,,,2026-09-29 02:25:58
新疆维吾尔自治区,西北诸河,英牙尔乡,2026-09-29 00:00,2,19.32596,8.45,8.97,356.9749,27.83859,1.41,0.006,0.028,1.264,,,2026-09-29 02:25:58
新疆维吾尔自治区,西北诸河,布尔津河大桥,2026-09-29 00:00,1,14.07,8.2,9.55,59.74751,6.47263,1.55,0.006,0.005,0.17547,,,2026-09-29 02:25:58
新疆维吾尔自治区,西北诸河,乌伦古湖码头,2026-09-29 00:00,2,17.47911,8.58,8.26,3738.818,27.35566,3.06,0.007,0.01,0.71091,0.00885,496980.5,2026-09-29 02:25:58
新疆维吾尔自治区,西北诸河,北屯大桥,2026-09-29 00:00,1,15.09519,7.92,8.84,88.25986,13.85968,1.79,0.008,0.008,0.55181,,,2026-09-29 02:25:58
新疆维吾尔自治区,西北诸河,布尔津水文站,2026-09-29 00:00,1,13.49,8.28,10.35,221.9888,12.4518,1.51,0.019,0.014,1.15019,,,2026-09-29 02:25:58
新疆维吾尔自治区,西北诸河,额河南湾,2026-09-29 01:00,1,13.896,7.44,8.64,209.9054,0.4528,0.76,0.001,0.011,0.3824,,,2026-09-29 02:25:58
