省份,流域,断面名称,监测时间,水质类别,水温(℃),pH(无量纲),溶解氧(mg/L),电导率(μS/cm),浊度(NTU),高锰酸盐指数(mg/L),氨氮(mg/L),总磷(mg/L),总氮(mg/L),叶绿素α(mg/L),藻密度(cells/L),抓取时间
北京市,海河流域,鼓楼外大街,2026-09-26 00:00,4,24.01,7.32,4.54,409.82,8.754,2.67,0.153,0.035,2.712,,,2026-09-26 02:25:56
北京市,海河流域,广北滨河路,2026-09-26 00:00,2,24.32,7.67,7.24,330.85,9.01,1.96,0.036,0.025,1.824,,,2026-09-26 02:25:56
北京市,海河流域,沙窝,2026-09-26 00:00,2,25.06,7.16,6.48,842.53,27.74,3.73,0.114,0.069,6.009,,,2026-09-26 02:25:56
北京市,海河流域,新八里桥,2026-09-26 00:00,4,24.68,7.26,3.22,599.376,3.145,3.63,0.042,0.143,3.375,,,2026-09-26 02:25:56
北京市,海河流域,大红门闸上,2026-09-26 00:00,2,22.46,7.5,6.2,907.1,16.779,3.39,0.066,0.084,7.235,,,2026-09-26 02:25:56
北京市,海河流域,南大荒桥,2026-09-26 00:00,2,23.73,8.52,9.47,938.6,44.17,2.7,0.043,0.027,,,,2026-09-26 02:25:56
北京市,海河流域,清河闸,2026-09-26 00:00,4,22.49,7.68,4.9,757.33,15.049,1.65,,0.063,4.778,,,2026-09-26 02:25:56
北京市,海河流域,花园路,2026-09-26 00:00,3,21.95,7.48,5.28,689.712,4.024,1.86,0.212,0.048,7.253,,,2026-09-26 02:25:56
北京市,海河流域,白石桥,2026-09-26 00:00,2,25.23,7.78,7.13,276.8,3.841,1.67,0.066,0.014,1.397,,,2026-09-26 02:25:56
北京市,海河流域,八间房漫水桥,2026-09-26 00:00,2,23.3,7.57,6.02,867.34,10.7,3.7,0.138,0.097,4.5603,,,2026-09-26 02:25:56
北京市,海河流域,码头,2026-09-26 00:00,4,23.05,7.7,4.5,1073.48,24.532,2.75,0.29,0.073,7.611,,,2026-09-26 02:25:56
北京市,海河流域,罗庄,2026-09-26 00:00,4,24.05,7.77,4.2,1301.558,7.744668,3.57,0.055,0.075,5.8581,,,2026-09-26 02:25:56
北京市,海河流域,小屯桥,2026-09-26 00:00,2,25,7.99,6.26,1183.111,8.986703,3.83,,0.092,6.0481,,,2026-09-26 02:25:56
北京市,海河流域,东店,2026-09-26 00:00,2,22.02815,7.81,8.32,767.0153,67.60588,3.03,0.042,0.077,11.14355,,,2026-09-26 02:25:56
北京市,海河流域,密云水库,2026-09-26 00:00,2,23.86488,8.26,8.7,416.9893,1.195852,2.35,0.018,0.009,3.130972,,,2026-09-26 02:25:56
北京市,海河流域,大关桥,2026-09-26 00:00,1,23.29,8.2,7.58,438.43,16.21,1.96,0.066,0.014,3.6911,,,2026-09-26 02:25:56
北京市,海河流域,辛庄桥,2026-09-26 00:00,2,21.48,8.01,7.92,581.061,44.27182,1.5,,0.026,8.0961,,,2026-09-26 02:25:56
北京市,海河流域,谷家营,2026-09-26 00:00,2,22.22,8.27,10.15,540.766,5.856,3.89,0.169,0.081,2.894,,,2026-09-26 02:25:56
北京市,海河流域,后城,2026-09-26 00:00,2,15.68,8.19,8.03,580.39,26.63913,1.59,0.024,0.023,10.5121,,,2026-09-26 02:25:56
天津市,海河流域,三岔口,2026-09-26 00:00,5,25.2,7.78,2.92,816.912,31.88233,5.92,0.196,0.154,1.46628,,,2026-09-26 02:25:56
天津市,海河流域,北洋桥,2026-09-26 00:00,5,25.55796,7.42,2.28,1038.74,13.61807,3.57,0.403,0.157,1.4349,,,2026-09-26 02:25:56
天津市,海河流域,井冈山桥,2026-09-26 00:00,5,24.49,7.74,2.24,863.785,38.42879,4.83,0.56,0.178,1.8911,,,2026-09-26 02:25:56
天津市,海河流域,大红桥,2026-09-26 01:00,6,25.28,7.64,1.43,1019.858,21.57842,3.97,1.445,0.131,2.9251,,,2026-09-26 02:25:56
天津市,海河流域,曹庄子泵站,2026-09-26 00:00,2,26.36,7.96,6.82,261.11,1.1,1.5,0.036,0.002,0.753,,,2026-09-26 02:25:56
天津市,海河流域,生产圈闸,2026-09-26 00:00,6,24.07459,7.35,1.92,985.4712,8.926907,4.88,0.374,0.121,1.945863,,,2026-09-26 02:25:56
天津市,海河流域,尔王庄泵站,2026-09-26 00:00,4,25.63,7.23,3.3,304.061,13.74656,1.92,,0.01,0.6571,,,2026-09-26 02:25:56
天津市,海河流域,塘汉公路桥,2026-09-26 00:00,5,23.16,7.62,2.8,1207.819,28.78355,5.04,0.097,0.132,3.1311,,,2026-09-26 02:25:56
天津市,海河流域,海河大闸,2026-09-26 00:00,4,25.12,7.75,3.63,4717.17,22.1693,3.86,0.453,0.148,1.9979,,,2026-09-26 02:25:56
天津市,海河流域,北排水河防潮闸,2026-09-26 00:00,5,20.07,7.99,2.73,1987.5,31.5706,4.3,,0.068,1.0006,,,2026-09-26 02:25:56
天津市,海河流域,沧浪渠出境,2026-09-26 00:00,5,24.35,7.83,2.47,5328.5,999.81,10.53,,0.248,0.1847,,,2026-09-26 02:25:56
天津市,海河流域,万家码头,2026-09-26 00:00,4,25.18,8.03,4.52,2425.52,38.83,7.2,0.018,0.113,1.079,,,2026-09-26 02:25:56
天津市,海河流域,蓟运河防潮闸,2026-09-26 00:00,4,21.79921,7.66,3.96,960.0964,27.37772,5.8,0.375,0.204,1.974192,,,2026-09-26 02:25:56
天津市,海河流域,青静黄防潮闸,2026-09-26 00:00,4,25.79651,8.54,10.77,5565.517,33.64505,9.62,0.075,0.162,0.779909,,,2026-09-26 02:25:56
天津市,海河流域,阎辛庄,2026-09-26 00:00,6,19.67617,7.37,1.54,2814.032,36.5584,4.87,0.432,0.162,2.126014,,,2026-09-26 02:25:56
天津市,海河流域,于桥水库库中心,2026-09-26 01:00,4,24.17,8.38,6.39,433.56,10.64,6.1,0.254,0.046,1.853,0.03354,2.726024,2026-09-26 02:25:56
天津市,海河流域,于桥水库出口,2026-09-26 00:00,3,24.06,8.32,6.14,383.67,20.19844,4.92,0.085,0.044,2.0901,,,2026-09-26 02:25:56
天津市,海河流域,黎河桥,2026-09-26 00:00,3,22.202,7.46,9.33,729.4,14.97,1.72,,0.118,11.151,,,2026-09-26 02:25:56
天津市,海河流域,沙河桥,2026-09-26 00:00,2,22.74,7.65,6.82,634.52,12.265,1.29,0.24,0.046,10.29,,,2026-09-26 02:25:56
天津市,海河流域,果河桥,2026-09-26 00:00,2,24.22,8.35,9.54,674.7646,5.7915,1.05,0.077,0.057,10.0187,,,2026-09-26 02:25:56
天津市,海河流域,西屯桥,2026-09-26 00:00,4,23.82,7.61,3.92,534.88,24.1592,2.97,0.265,0.08,3.383,,,2026-09-26 02:25:56
河北省,海河流域,下槐镇,2026-09-26 00:00,2,22.61,8.45,8.31,636.015,34.023,0.94,,0.026,3.3699,,,2026-09-26 02:25:56
河北省,海河流域,地都,2026-09-26 00:00,3,21.04,8.14,6.52,1073.196,53.654,2.5,0.713,0.091,6.048,,,2026-09-26 02:25:56
河北省,海河流域,平山桥,2026-09-26 00:00,1,22.92,8.16,8.12,1069.23,24.684,1.41,,0.005,4.614,,,2026-09-26 02:25:56
河北省,海河流域,兆通,2026-09-26 00:00,1,25.07,8.62,8.98,286.68,3.94,1.48,,0.007,0.8736,,,2026-09-26 02:25:56
河北省,海河流域,大石桥,2026-09-26 00:00,4,25.64931,7.68,6.68,1381.531,25.73142,5.75,0.221,0.211,13.44405,,,2026-09-26 02:25:56
河北省,海河流域,涧河口,2026-09-26 00:00,6,24.83604,7.76,4.58,1267.188,19.54652,13.41,0.231,0.974,2.084579,,,2026-09-26 02:25:56
河北省,海河流域,丰北闸,2026-09-26 00:00,3,26.7957,7.67,8.34,1337.432,26.31077,5.37,0.046,0.167,0.684614,,,2026-09-26 02:25:56
河北省,海河流域,刘家庄,2026-09-26 00:00,2,19.01,8.12,7.46,578.1055,21,1.06,0.024,0.018,4.17,,,2026-09-26 02:25:56
河北省,海河流域,岳城水库出口,2026-09-26 00:00,1,24.27,8.51,11.25,556.546,4.639366,1.92,0.012,,2.4561,,,2026-09-26 02:25:56
河北省,海河流域,曲周,2026-09-26 00:00,3,24.96,7.91,5.12,1044.097,41.594,2.77,0.157,0.113,3.583,,,2026-09-26 02:25:56
河北省,海河流域,沙阳,2026-09-26 00:00,2,24.25,8.03,6.72,1618.71,107.57,2.94,0.045,0.077,3.1756,,,2026-09-26 02:25:56
河北省,海河流域,艾辛庄,2026-09-26 00:00,3,23.05953,7.67,6.37,1424.853,9.171321,5.34,0.213,0.139,11.64429,,,2026-09-26 02:25:56
河北省,海河流域,后西吴桥,2026-09-26 00:00,3,24.9,8.22,5.42,874.87,65.81,2.98,0.153,0.133,9.7759,,,2026-09-26 02:25:56
河北省,海河流域,北河店,2026-09-26 00:00,4,23.5,7.71,4.85,570.3101,5.8801,1.77,0.214,0.028,5.479,,,2026-09-26 02:25:56
河北省,海河流域,白合,2026-09-26 00:00,2,21.25,8.09,8.21,501.74,57.15,2.14,0.033,0.053,4.45,,,2026-09-26 02:25:56
河北省,海河流域,杜里村,2026-09-26 00:00,2,19.65,8.44,9.01,407.61,49.37,1.67,,0.048,3.0844,,,2026-09-26 02:25:56
河北省,海河流域,温泉屯,2026-09-26 00:00,3,19.04,8.15,6.59,1092.377,78.64616,5.26,0.005,0.106,6.3471,,,2026-09-26 02:25:56
河北省,海河流域,左卫桥,2026-09-26 00:00,4,17.34,8.49,8.29,820.226,539.5803,5.18,0.019,0.247,13.2271,,,2026-09-26 02:25:56
河北省,海河流域,四道甸,2026-09-26 00:00,2,19.02,8.3,8.21,445.906,41.21296,2.59,0.039,0.045,6.3101,,,2026-09-26 02:25:56
河北省,海河流域,上二道河子,2026-09-26 00:00,2,21.04,7.95,7.35,508.227,6.239023,2.55,0.016,,7.3491,,,2026-09-26 02:25:56
河北省,辽河流域,甸子,2026-09-26 00:00,3,18.17,7.78,5.88,465.38,21.17,1.8,0.027,0.032,8.074,,,2026-09-26 02:25:56
河北省,海河流域,何老营,2026-09-26 00:00,4,23.13465,7.91,3.7,3444.979,10.00883,7,0.038,0.095,1.041456,,,2026-09-26 02:25:56
河北省,海河流域,大口河口,2026-09-26 00:00,3,23.27,7.78,6.56,18863.08,193.27,4.48,,0.184,4.448,,,2026-09-26 02:25:56
河北省,海河流域,大王务,2026-09-26 00:00,5,23.79,7.68,2.94,872.857,17.8142,4.74,,0.064,0.7611,,,2026-09-26 02:25:56
河北省,海河流域,台头,2026-09-26 00:00,2,25.33646,7.92,6.86,830.0176,20.91664,3.46,0.185,0.046,0.9341,,,2026-09-26 02:25:56
河北省,海河流域,桑梓红旗闸,2026-09-26 00:00,3,23.45061,8.02,6.86,736.33,33.95198,3.91,0.203,0.115,10.5201,,,2026-09-26 02:25:56
河北省,海河流域,三小营,2026-09-26 00:00,4,21.77119,7.46,4.08,1080.419,20.59892,4.93,0.129,0.121,2.016997,,,2026-09-26 02:25:56
河北省,海河流域,小范桥,2026-09-26 00:00,4,25.37,7.84,4.72,932.843,2.042,4.96,0.018,0.051,0.5647,,,2026-09-26 02:25:56
河北省,海河流域,衡水湖大湖心,2026-09-26 00:00,3,25.13,8.65,8,1313.11,14.414,5.67,0.01,0.031,0.793,0.04138,1.435285,2026-09-26 02:25:56
河北省,海河流域,南张村,2026-09-26 00:00,1,26.44,8.33,8.18,268.86,6.372,1.52,0.017,0.007,0.933,,,2026-09-26 02:25:56
河北省,海河流域,安州,2026-09-26 00:00,5,25.41,7.47,2.72,1243.694,31.3629,3.85,0.187,0.065,5.02,,,2026-09-26 02:25:56
河北省,海河流域,膳马庙村北,2026-09-26 00:00,3,25.11,7.72,5.53,1129.003,59.6037,3.94,0.31,0.092,6.4349,,,2026-09-26 02:25:56
河北省,海河流域,南刘庄,2026-09-26 01:00,4,25.09,7.63,5.02,703.67,4.46,5.21,0.047,0.054,0.691,0.00544,2335323,2026-09-26 02:25:56
河北省,海河流域,烧车淀,2026-09-26 01:00,2,24.13,7.68,8.59,544.13,0.27,2.23,,0.017,2.56,0.0041,2919414,2026-09-26 02:25:56
河北省,海河流域,圈头,2026-09-26 01:00,3,24.99,8.19,6.97,776.24,1.4325,4.54,,0.02,0.532,0.00166,1004350,2026-09-26 02:25:56
河北省,海河流域,采蒲台,2026-09-26 00:00,2,25.19315,7.8,6.94,689.4318,0.300339,3.79,0.013,0.02,0.42651,0.002208,553718.9,2026-09-26 02:25:56
河北省,海河流域,光淀张庄,2026-09-26 01:00,6,24.98,7.44,1.82,752.2,5.57,2.65,0.02,0.022,1.306,0.00112,1111996,2026-09-26 02:25:56
山西省,黄河流域,韩武村,2026-09-26 00:00,4,23.06,7.87,7.13,1331.04,12.21,5.91,0.483,0.204,9.06,,,2026-09-26 02:25:56
山西省,黄河流域,上兰,2026-09-26 00:00,2,20.62,8.36,6.93,644.546,10.47816,1.85,0.009,,1.3601,,,2026-09-26 02:25:56
山西省,黄河流域,汾河水库出口,2026-09-26 00:00,2,21.43,8.49,8.77,582.961,1.825466,2.03,0.009,,1.2911,0.0104648,289771,2026-09-26 02:25:56
山西省,海河流域,堡子湾,2026-09-26 00:00,3,15.53,8.16,7.72,749.673,177.2473,3.62,0.004,0.125,5.6371,,,2026-09-26 02:25:56
山西省,海河流域,册田水库出口,2026-09-26 00:00,3,20.48,8.53,7.24,1077.838,18.79628,4.33,0.081,0.079,0.9591,,,2026-09-26 02:25:56
山西省,海河流域,古家坡,2026-09-26 00:00,4,21.11,8.46,5.51,1143.546,33.66986,7.33,0.158,0.231,3.1541,,,2026-09-26 02:25:56
山西省,海河流域,利仁皂,2026-09-26 00:00,3,19.56,8.06,6.15,1400.657,17.88287,4.62,0.011,0.109,3.7941,,,2026-09-26 02:25:56
山西省,海河流域,王家庄,2026-09-26 00:00,2,21.2,8.11,8.23,630.54,20.31,2.06,0.008,0.022,3.883,,,2026-09-26 02:25:56
山西省,海河流域,司徒桥,2026-09-26 00:00,3,21.2,8.05,8.33,635.3183,22.0128,5.54,0.002,0.057,1.667,,,2026-09-26 02:25:56
山西省,海河流域,关河水库出口,2026-09-26 00:00,3,20.37,7.79,5.84,541.54,9.892,3.58,0.008,0.023,1.7227,,,2026-09-26 02:25:56
山西省,海河流域,北寨,2026-09-26 00:00,4,20.28,7.61,3.98,932.42,46.8,5.88,1.468,0.127,7.2878,,,2026-09-26 02:25:56
山西省,海河流域,后湾水库出口,2026-09-26 00:00,3,21,7.87,5.59,485.33,2.914,2.53,0.075,0.018,0.635,,,2026-09-26 02:25:56
山西省,黄河流域,龙头,2026-09-26 00:00,2,18.56,8.15,7.01,615.25,72.34,2.56,0.242,0.035,3.8693,,,2026-09-26 02:25:56
山西省,黄河流域,拴驴泉,2026-09-26 00:00,1,21.03,8.14,8.79,804.2578,11.9113,1.2,,0.014,3.9916,,,2026-09-26 02:25:56
山西省,海河流域,东榆林水库出口,2026-09-26 00:00,2,20.38,8.23,8.8,714.807,27.4524,3.42,,0.079,2.6801,,,2026-09-26 02:25:56
山西省,黄河流域,杀虎口,2026-09-26 00:00,2,17.16,8.1,7.13,614.512,54.29986,3.22,0.005,0.045,2.3711,,,2026-09-26 02:25:56
山西省,海河流域,王寨村,2026-09-26 00:00,2,21.36,8.22,7.65,666.028,63.737,1.44,,0.036,3.593,,,2026-09-26 02:25:56
山西省,黄河流域,安固桥,2026-09-26 00:00,3,21.004,7.72,5.05,1678.571,66.6625,3.47,0.111,0.126,11.1507,,,2026-09-26 02:25:56
山西省,黄河流域,王庄桥南,2026-09-26 00:00,4,22.33,8.31,7.22,1530.771,40.94,9.68,0.033,0.097,7.453,,,2026-09-26 02:25:56
山西省,黄河流域,郝村,2026-09-26 00:00,3,21.62,8,5.2,1048.712,52.2769,5,0.21,0.107,2.7328,,,2026-09-26 02:25:56
山西省,黄河流域,龙门,2026-09-26 00:00,2,21.43,7.79,10.13,1035.766,253.0691,1.92,0.0004,0.057,3.672,,,2026-09-26 02:25:56
山西省,黄河流域,张留庄,2026-09-26 00:00,5,23.24,8.54,8.12,8843.172,93.866,9.7,0.09,0.315,7.288,,,2026-09-26 02:25:56
山西省,黄河流域,上亳城,2026-09-26 00:00,2,21.59,8.1,7.21,882.451,31.762,1.52,0.02,0.039,5.6432,,,2026-09-26 02:25:56
山西省,黄河流域,小韩村,2026-09-26 00:00,3,22.11,7.63,6.75,1806.77,46.688,3.63,0.163,0.146,7.958,,,2026-09-26 02:25:56
山西省,海河流域,梵王寺,2026-09-26 00:00,3,16.39,8.18,7.93,1071.136,10.95915,2.74,0.791,0.085,5.4651,,,2026-09-26 02:25:56
山西省,海河流域,代县桥,2026-09-26 00:00,2,19.3,8.59,8.09,724.598,88.71589,1.63,0.009,0.048,4.6121,,,2026-09-26 02:25:56
山西省,海河流域,定襄桥,2026-09-26 00:00,4,21.21,7.96,3.36,676.483,353.8036,5.14,0.01,0.176,5.1601,,,2026-09-26 02:25:56
山西省,海河流域,南庄,2026-09-26 00:00,2,21.18,8.3,9.43,572.841,72.2655,3.06,,0.065,5.2141,,,2026-09-26 02:25:56
山西省,海河流域,坪上桥,2026-09-26 00:00,2,18.18,8.46,8.21,455.425,192.3639,2.09,0.019,,4.4451,,,2026-09-26 02:25:56
山西省,黄河流域,河西村,2026-09-26 00:00,3,18.87,8.21,7.56,566.8,76.68,1.59,0.024,0.111,8.534,,,2026-09-26 02:25:56
山西省,黄河流域,上平望,2026-09-26 00:00,3,23.09,7.74,5.5,1316.87,138.23,5.43,0.126,0.097,7.159,,,2026-09-26 02:25:56
山西省,黄河流域,黑城村,2026-09-26 00:00,2,21.18,8.34,7.74,844.5958,71.7607,2.03,0.051,0.059,4.174,,,2026-09-26 02:25:56
山西省,黄河流域,曲立,2026-09-26 00:00,2,16.92,7.94,6.81,607.262,65.63963,1.84,0.039,0.081,4.5921,,,2026-09-26 02:25:56
山西省,黄河流域,裴家川口,2026-09-26 00:00,2,19.26,8.24,7.76,478.175,105.3253,2.2,0.014,0.094,4.9321,,,2026-09-26 02:25:56
山西省,黄河流域,碛口,2026-09-26 00:00,3,22.35,8.35,6.67,937.764,7.77641,4.13,0.134,0.012,6.4961,,,2026-09-26 02:25:56
山西省,黄河流域,裴沟,2026-09-26 00:00,2,21.23,8.64,7.12,880.547,37.4644,2.36,0.022,0.019,4.6261,,,2026-09-26 02:25:56
山西省,黄河流域,三川河两河口桥,2026-09-26 00:00,3,22.21,8.06,5.92,913.21,25.85809,3.35,0.963,0.19,7.8031,,,2026-09-26 02:25:56
山西省,黄河流域,碧村,2026-09-26 00:00,2,20.95,8.32,8.03,687.578,29.0778,3.17,0.2,0.024,5.9141,,,2026-09-26 02:25:56
山西省,黄河流域,北峪口,2026-09-26 00:00,2,20.6593,8.03,6.1,552.768,41.61075,2.11,0.002,0.029,3.2161,,,2026-09-26 02:25:56
山西省,黄河流域,南姚,2026-09-26 00:00,3,22.62,7.88,5.08,1138.54,38.81,3.81,0.793,0.119,5.838,,,2026-09-26 02:25:56
内蒙古自治区,黄河流域,磴口,2026-09-26 00:00,2,19.26,8.14,7.2,765.5207,651.969,0.52,0.302,0.072,1.96206,,,2026-09-26 02:25:56
内蒙古自治区,松花江流域,根河口内,2026-09-26 00:00,2,11.58,6.08,9.31,85.31,5.51,2.6,,0.016,0.145,,,2026-09-26 02:25:56
内蒙古自治区,松花江流域,李屯,2026-09-26 00:00,3,11.9,7.36,9.79,97.352,15.4367,4.68,,0.032,0.534,,,2026-09-26 02:25:56
内蒙古自治区,松花江流域,陶海,2026-09-26 00:00,3,12.1,7.65,10.52,173.6,14.8,4.24,,0.055,0.344,,,2026-09-26 02:25:56
内蒙古自治区,松花江流域,嵯岗,2026-09-26 01:00,4,16.02,8.03,7.81,203.516,54.354,7.48,0.007,0.08,0.498,,,2026-09-26 02:25:56
内蒙古自治区,松花江流域,成吉思汗,2026-09-26 00:00,1,13.81,7.14,9.45,148.96,12.64,1.86,,0.02,1.127,,,2026-09-26 02:25:56
内蒙古自治区,松花江流域,讷尔克气,2026-09-26 00:00,2,9.72,7.24,10.66,74.965,5.041,3.95,,0.015,0.369,,,2026-09-26 02:25:56
内蒙古自治区,黄河流域,三盛公,2026-09-26 00:00,2,21.06813,8.26,8.47,753.1401,716.2734,1.83,0.131,0.029,2.21223,,,2026-09-26 02:25:56
内蒙古自治区,松花江流域,大山矿,2026-09-26 00:00,2,10.05,7.72,10.18,165.6,3.16,2.43,,0.023,0.244,,,2026-09-26 02:25:56
内蒙古自治区,松花江流域,察尔森水库西入口,2026-09-26 00:00,3,17.09,7.66,7.48,166.42,43.16,3.23,,0.028,1.386,0.01524,1115340,2026-09-26 02:25:56
内蒙古自治区,西北诸河,哨马营,2026-09-26 00:00,1,20.5368,8.47,8.02,786.8183,43.92426,1.16,0.053,0.008,,,,2026-09-26 02:25:56
辽宁省,辽河流域,于台,2026-09-26 00:00,3,20.07,7.21,5.94,857.499,14.4,4.06,0.581,,6.981,,,2026-09-26 02:25:56
辽宁省,辽河流域,砂山,2026-09-26 00:00,2,20.66,8.08,9.57,717.562,9.958,3.18,0.003,0.044,5.801,,,2026-09-26 02:25:56
辽宁省,辽河流域,巨流河大桥,2026-09-26 00:00,3,19.55,8.25,9.88,625.3,71.9,5.95,0.004,0.1,2.239,,,2026-09-26 02:25:56
辽宁省,辽河流域,兴国桥,2026-09-26 00:00,2,17.47,7.38,6.44,650.524,5.624,2.17,0.039,0.018,1.117,,,2026-09-26 02:25:56
辽宁省,辽河流域,城子坦,2026-09-26 00:00,2,23.16924,8.97,9.58,256.0107,5.41835,1.87,0.007,0.028,1.54349,,,2026-09-26 02:25:56
辽宁省,辽河流域,麦家,2026-09-26 00:00,4,22.81,7.42,3.9,492.1,19.6,4.29,0.217,0.095,1.856,,,2026-09-26 02:25:56
辽宁省,辽河流域,复州湾大桥,2026-09-26 00:00,3,20.9576,7.62,5.82,617.779,3.93662,3.12,0.043,0.029,4.985,,,2026-09-26 02:25:56
辽宁省,辽河流域,三台子,2026-09-26 00:00,3,22.67646,8.38,9.35,813.5696,13.73906,4.03,0.05,0.045,3.09203,,,2026-09-26 02:25:56
辽宁省,辽河流域,万泰,2026-09-26 00:00,2,23.25,8.13,8.98,141.373,7.18266,2.3,0.012,0.016,2.52647,,,2026-09-26 02:25:56
辽宁省,辽河流域,登化,2026-09-26 00:00,4,22.2207,8.23,8.85,651.887,24.2193,6.54,0.034,0.143,3.504,,,2026-09-26 02:25:56
辽宁省,辽河流域,小姐庙,2026-09-26 00:00,3,21.49,7.77,5.26,773.3,6.02,2.37,0.074,0.06,4.441,,,2026-09-26 02:25:56
辽宁省,辽河流域,口子街,2026-09-26 00:00,1,20.66,7.97,7.56,318.8,3.22924,1.71,0.011,0.011,3.301,,,2026-09-26 02:25:56
辽宁省,辽河流域,牛庄,2026-09-26 00:00,3,20.995,7.99,5.29,610.187,14.0286,3.85,0.112,0.063,2.654,,,2026-09-26 02:25:56
辽宁省,辽河流域,关门山大桥,2026-09-26 00:00,2,19.42,7.76,6.56,404.987,5.4,0.93,,0.008,4.627,,,2026-09-26 02:25:56
辽宁省,辽河流域,刘家台,2026-09-26 00:00,2,20.131,7.92,7.72,704.41,17.647,2.87,0.029,0.068,4.795,,,2026-09-26 02:25:56
辽宁省,辽河流域,凤鸣电站,2026-09-26 00:00,2,20.2,7.91,8.12,216.43,7.489,2.17,0.003,0.048,3.076,,,2026-09-26 02:25:56
辽宁省,辽河流域,南太子河入库口,2026-09-26 00:00,1,18.32,7.75,8.94,195.4,2.5,0.08,0.017,0.006,4.703,,,2026-09-26 02:25:56
辽宁省,辽河流域,江桥,2026-09-26 00:00,4,22.56,7.18,4.8,155.1,2.53,1.37,,0.012,2.511,,,2026-09-26 02:25:56
辽宁省,辽河流域,爱河大桥,2026-09-26 00:00,2,22.0342,7.03,6.02,222.588,3.55367,1.36,0.037,0.022,3.566,,,2026-09-26 02:25:56
辽宁省,辽河流域,蒲石河大桥,2026-09-26 00:00,1,21.62,7.9,7.98,225.28,3.54,1.67,0.072,0.014,2.976,,,2026-09-26 02:25:56
辽宁省,辽河流域,王家沟,2026-09-26 00:00,1,22.16,8.2,8.19,656.84,8.54,1.93,0.006,0.018,4.937,,,2026-09-26 02:25:56
辽宁省,辽河流域,张家堡,2026-09-26 00:00,2,21.46,8.26,8.58,735.27,10.323,2.19,0.001,0.032,5.221,,,2026-09-26 02:25:56
辽宁省,辽河流域,女儿河入河口,2026-09-26 00:00,2,22.04,7.84,9.49,904.35,13.24,1.28,0.079,0.033,18.363,,,2026-09-26 02:25:56
辽宁省,辽河流域,何家信子,2026-09-26 00:00,2,22.16,8.26,7.89,466.4,3.63,3.05,0.023,0.022,1.111,,,2026-09-26 02:25:56
辽宁省,辽河流域,高台子,2026-09-26 00:00,4,19.03,7.58,4.41,1190.23,2.293,3.4,,0.101,6.907,,,2026-09-26 02:25:56
辽宁省,辽河流域,茧场,2026-09-26 00:00,2,21.34,7.75,7.19,337.9021,10.04098,2.04,0.019,0.01,6.55892,,,2026-09-26 02:25:56
辽宁省,辽河流域,大清河口,2026-09-26 00:00,4,23.06,8.67,9.9,502.08,17.823,6.39,0.037,0.069,4.725,,,2026-09-26 02:25:56
辽宁省,辽河流域,东羊角,2026-09-26 00:00,6,19.15,7.45,6.02,767.4,21.8,2.67,2.11,0.119,6.189,,,2026-09-26 02:25:56
辽宁省,辽河流域,下口子,2026-09-26 00:00,2,20.79,7.69,6.39,631.9,5.98,2.08,0.009,0.042,4.24,,,2026-09-26 02:25:56
辽宁省,辽河流域,河洪桥,2026-09-26 00:00,3,19.4013,7.92,7.78,739.79,15.2084,3.15,0.079,0.125,6.261,,,2026-09-26 02:25:56
辽宁省,辽河流域,二道河水库口,2026-09-26 00:00,2,17.4765,7.84,6.51,425.079,1.89567,0.88,0.005,0.007,3.036,,,2026-09-26 02:25:56
辽宁省,辽河流域,下王家,2026-09-26 00:00,2,20.3451,7.5,7.09,608.753,3.09101,1.48,,0.021,4.687,,,2026-09-26 02:25:56
辽宁省,辽河流域,汤河桥,2026-09-26 00:00,2,20.26,7.53,7.23,575.1,4.99136,1.46,0.029,0.034,4.898,,,2026-09-26 02:25:56
辽宁省,辽河流域,下达河入汤河水库口,2026-09-26 00:00,2,17.9914,7.81,6.35,423.488,2.829,1.6,0.017,0.013,3.324,,,2026-09-26 02:25:56
辽宁省,辽河流域,丁家柳河桥,2026-09-26 00:00,4,20.82,7.86,4.2,551.198,79.933,6.08,0.095,0.132,1.236,,,2026-09-26 02:25:56
辽宁省,辽河流域,盘锦兴安,2026-09-26 00:00,5,20.21,7.54,2.76,558.18,38.98,7.49,,0.103,1.265,,,2026-09-26 02:25:56
辽宁省,辽河流域,曙光大桥,2026-09-26 00:00,5,21.89,7.62,5.87,999.59,56.81,13.58,0.106,0.111,1.683,,,2026-09-26 02:25:56
辽宁省,辽河流域,鲜峰桥,2026-09-26 00:00,3,20.37,8.04,12.04,1162.15,34.977,5.05,0.129,0.111,6.02,,,2026-09-26 02:25:56
辽宁省,辽河流域,通江口,2026-09-26 00:00,3,19.75,8.35,10.11,786.41,41.98,4.82,,0.07,4.391,,,2026-09-26 02:25:56
辽宁省,辽河流域,珠尔山,2026-09-26 01:00,3,18.6,7.96,9.12,597.33,15.24,4.98,,0.07,2.601,,,2026-09-26 02:25:56
辽宁省,辽河流域,柴河水库入库口,2026-09-26 00:00,2,16.45,7.82,9.35,467.5,234.97,2.67,0.029,0.063,5.873,,,2026-09-26 02:25:56
辽宁省,辽河流域,凡河一号桥,2026-09-26 01:00,2,20.83,8.86,8.27,326.8,33.8,2.85,,0.044,3.705,,,2026-09-26 02:25:56
辽宁省,辽河流域,松树水文站,2026-09-26 00:00,2,16.03,7.95,8.6,453.11,19.33,2.75,,0.024,6.992,,,2026-09-26 02:25:56
辽宁省,辽河流域,亮子河入河口,2026-09-26 00:00,5,17.13,7.82,7.17,806.14,24.07,6.23,0.108,0.305,3.216,,,2026-09-26 02:25:56
辽宁省,辽河流域,清河水库入库口,2026-09-26 00:00,2,15.12,7.56,7.7,347.13,4.88,1.71,0.277,0.031,7.062,,,2026-09-26 02:25:56
辽宁省,辽河流域,大凌河西支入河口,2026-09-26 00:00,2,18.33,8,7.41,908.9,7.342,1.32,,0.038,21.782,,,2026-09-26 02:25:56
辽宁省,辽河流域,李家湾大桥,2026-09-26 00:00,2,17.3,7.88,8.23,462.4,131.1,1.13,0.033,0.037,5.41,,,2026-09-26 02:25:56
辽宁省,辽河流域,红石碑入海前,2026-09-26 00:00,3,22.39,8.54,12.64,1053.21,22.446,4.58,0.026,0.066,3.502,,,2026-09-26 02:25:56
辽宁省,辽河流域,小渔场,2026-09-26 00:00,4,23.27,7.48,4.13,29355.89,1.598,1.38,0.075,0.03,5.373,,,2026-09-26 02:25:56
吉林省,松花江流域,砖瓦窑桥,2026-09-26 00:00,3,15.24,7.64,6.39,638.58,32.29,3.67,0.033,0.111,5.335,,,2026-09-26 02:25:56
吉林省,松花江流域,镇江口,2026-09-26 00:00,3,17.62,7.75,8.88,300.2,45.61,4.36,0.067,0.103,4.131,,,2026-09-26 02:25:56
吉林省,松花江流域,靠山大桥,2026-09-26 00:00,4,16.26,7.9,8.17,565.66,159.6,6.97,0.038,0.283,4.379,,,2026-09-26 02:25:56
吉林省,松花江流域,饮马河大桥,2026-09-26 00:00,2,17.3,7.58,7.68,243.24,30.96,3.2,,0.059,2.646,,,2026-09-26 02:25:56
吉林省,松花江流域,刘珍屯,2026-09-26 00:00,3,17.01,7.48,8.66,496.98,41.6,4.68,0.033,0.112,3.384,,,2026-09-26 02:25:56
吉林省,松花江流域,周家河口,2026-09-26 01:00,3,16.05,7.6,8.53,531.51,43.88,4.1,0.044,0.054,2.376,,,2026-09-26 02:25:56
吉林省,松花江流域,白旗,2026-09-26 00:00,2,18.3807,7.26,8.68,238.475,27.8748,3.51,0.015,0.064,3.9818,,,2026-09-26 02:25:56
吉林省,松花江流域,白山大桥,2026-09-26 00:00,4,17.31,6.75,5.51,109.103,34.69,6.33,0.013,0.045,1.993,,,2026-09-26 02:25:56
吉林省,松花江流域,福兴,2026-09-26 00:00,3,18.51,8.38,8.07,435.344,18.984,4.06,0.04,0.043,2.717,,,2026-09-26 02:25:56
吉林省,松花江流域,桦树林,2026-09-26 00:00,4,17.48,7.43,7.22,168.532,33.599,6.22,0.03,0.048,2.321,0.00366,663552,2026-09-26 02:25:56
吉林省,松花江流域,官厅桥,2026-09-26 00:00,4,17.38,7.2,3.3,394.4,14.684,2.46,0.183,0.056,1.324,,,2026-09-26 02:25:56
吉林省,松花江流域,蛟河口,2026-09-26 00:00,3,14.477,7.29,8.3,320.982,33.698,4.81,0.142,0.098,5.15,,,2026-09-26 02:25:56
吉林省,松花江流域,哨口,2026-09-26 00:00,2,19.7409,7.26,8.23,237.219,13.8651,3.56,0.086,0.049,3.763,,,2026-09-26 02:25:56
吉林省,松花江流域,肖家船口,2026-09-26 00:00,2,13.3023,7.14,8.19,220.024,25.4219,2.24,0.08,0.046,3.2731,,,2026-09-26 02:25:56
吉林省,松花江流域,烟筒山,2026-09-26 00:00,2,15.45,7.65,7.77,376.419,120.073,3.83,0.113,0.088,3.597,,,2026-09-26 02:25:56
吉林省,辽河流域,四双大桥,2026-09-26 00:00,2,17,8.18,9.92,639.03,18.71,3.71,,0.049,1.703,,,2026-09-26 02:25:56
吉林省,辽河流域,城子上,2026-09-26 00:00,2,17.82,7.8,7.3,494.23,10.3,3.95,,0.057,2.595,,,2026-09-26 02:25:56
吉林省,辽河流域,六家子,2026-09-26 00:00,2,17,7.94,10.04,815.5,6.3,2.93,0.008,0.075,7.7927,,,2026-09-26 02:25:56
吉林省,辽河流域,林家,2026-09-26 00:00,3,17.5,7.96,8.87,820.1,18,4.89,0.045,0.131,8.059,,,2026-09-26 02:25:56
吉林省,辽河流域,河清,2026-09-26 00:00,3,16.89,7.55,5.51,1030.3,6.89,3.52,0.341,0.03,3.695,,,2026-09-26 02:25:56
吉林省,辽河流域,民主,2026-09-26 00:00,2,18.135,7.83,7.2,362.7,8.623,3.22,0.016,0.022,2.937,,,2026-09-26 02:25:56
吉林省,松花江流域,高集岗桥,2026-09-26 00:00,1,15.92,8.19,9.1,365.4,11.059,1.83,0.011,0.02,4.342,,,2026-09-26 02:25:56
吉林省,辽河流域,云峰,2026-09-26 00:00,4,20.509,7.08,4.72,135.187,2.1507,2.31,0.018,0.019,1.509,,,2026-09-26 02:25:56
吉林省,辽河流域,老虎哨,2026-09-26 00:00,2,20.931,7.29,7.38,117.723,3.4225,2.14,0.02,0.013,1.983,,,2026-09-26 02:25:56
吉林省,辽河流域,鸠谷,2026-09-26 00:00,2,12.1,7.45,9.82,145.5,10.4,2.26,0.119,0.06,1.282,,,2026-09-26 02:25:56
吉林省,辽河流域,葫芦套,2026-09-26 00:00,2,18.38,7.89,8.77,136.169,14.723,2.07,0.014,0.025,0.856,,,2026-09-26 02:25:56
吉林省,辽河流域,大阳岔,2026-09-26 00:00,2,10.72,7.97,7.3,282.217,3.747,0.46,,0.015,1.368,,,2026-09-26 02:25:56
吉林省,松花江流域,松林,2026-09-26 01:00,3,17.22,7.26,8.42,294.94,24.67,4.75,0.098,0.084,3.535,,,2026-09-26 02:25:56
吉林省,松花江流域,白沙滩,2026-09-26 01:00,4,16.52,7.69,9.27,136.09,55,6.5,0.081,0.092,1.367,,,2026-09-26 02:25:56
吉林省,松花江流域,月亮湖下,2026-09-26 00:00,3,17.06,8.48,7.34,450.82,73.69,5.5,0.011,0.062,1.31,,,2026-09-26 02:25:56
吉林省,松花江流域,圈河,2026-09-26 00:00,2,18.02,8.42,9.83,172.474,37.83,3.89,0.034,0.057,1.411,,,2026-09-26 02:25:56
吉林省,松花江流域,崇善,2026-09-26 00:00,4,9.88,7.48,10.12,101.46,22.621,5.6,0.16,0.206,1.585,,,2026-09-26 02:25:56
吉林省,松花江流域,榆树川,2026-09-26 00:00,2,15.69,8.05,9.06,230.688,17.045,2.31,0.011,0.034,1.993,,,2026-09-26 02:25:56
吉林省,松花江流域,磨盘大桥,2026-09-26 00:00,4,18.75,7.69,6.88,302.132,16.766,5.75,1.048,0.252,4.37,,,2026-09-26 02:25:56
吉林省,松花江流域,石井,2026-09-26 00:00,2,16.82,8.17,8.97,282.776,59.529,3.02,0.17,0.071,1.6,,,2026-09-26 02:25:56
吉林省,松花江流域,三家子,2026-09-26 00:00,2,18.24,7.41,8.6,135.822,18.466,3.36,0.02,0.037,1.283,,,2026-09-26 02:25:56
吉林省,松花江流域,建封路大桥,2026-09-26 00:00,2,10.08,7.51,10.18,196.265,13.071,1.63,0.025,0.072,0.77,,,2026-09-26 02:25:56
黑龙江省,松花江流域,苗家,2026-09-26 00:00,3,17.1,8.42,10.11,243.6,23.1,4.79,0.024,0.113,1.422,,,2026-09-26 02:25:56
黑龙江省,松花江流域,磨盘山水库出口,2026-09-26 00:00,3,19.558,6.68,6.92,71.149,4.619,5.8,0.025,0.021,1.972,0.0299,19712,2026-09-26 02:25:56
黑龙江省,松花江流域,朱顺屯,2026-09-26 00:00,4,18.5339,7.8,7,221.953,69.3786,7.05,0.054,0.12,1.342,,,2026-09-26 02:25:56
黑龙江省,松花江流域,阿什河口内,2026-09-26 00:00,4,17.042,7.18,4.05,595.49,35.07,3.07,0.873,0.144,6.108,,,2026-09-26 02:25:56
黑龙江省,松花江流域,大顶子山,2026-09-26 00:00,3,18.3557,7.65,7.55,228.49,38.7488,5.28,0.062,0.095,2.675,,,2026-09-26 02:25:56
黑龙江省,松花江流域,拉哈,2026-09-26 00:00,4,14.75,7.57,9.18,127.019,34.89,6.21,,0.073,1.232,,,2026-09-26 02:25:56
黑龙江省,松花江流域,查哈阳乡,2026-09-26 00:00,2,13.1,7.65,10.22,98.1,22.4,3.48,,0.029,0.541,,,2026-09-26 02:25:56
黑龙江省,松花江流域,音河水库,2026-09-26 00:00,2,16.76,7.81,8.53,232.48,82.24,3.86,,0.071,3.773,,,2026-09-26 02:25:56
黑龙江省,松花江流域,浏园,2026-09-26 00:00,3,15.28,7.37,8.21,153.1,46.2,5.79,0.028,0.074,2.096,,,2026-09-26 02:25:56
黑龙江省,松花江流域,富源村,2026-09-26 00:00,4,16.67,7.78,9.14,104.71,18.35,8.61,0.016,0.061,0.745,,,2026-09-26 02:25:56
黑龙江省,松花江流域,858九队,2026-09-26 00:00,3,20.81,7.08,8.99,146.1,60.1907,5.59,0.414,0.146,1.6108,,,2026-09-26 02:25:56
黑龙江省,松花江流域,名山,2026-09-26 00:00,4,13.195,7.76,10.69,134.222,19.296,7.83,0.013,0.02,0.436,,,2026-09-26 02:25:56
黑龙江省,松花江流域,饶河上,2026-09-26 00:00,3,16.17,7.15,7.91,93.7,13.606,5.84,0.012,0.053,0.769,,,2026-09-26 02:25:56
黑龙江省,松花江流域,挠力河口内,2026-09-26 00:00,3,14.163,7.26,8.02,163.491,20.6,5.36,0.022,0.079,0.682,,,2026-09-26 02:25:56
黑龙江省,松花江流域,肇源,2026-09-26 01:00,4,17.22,7.8,9.05,264.19,41.82,7.28,0.121,0.126,1.352,,,2026-09-26 02:25:56
黑龙江省,松花江流域,嫩江口内,2026-09-26 00:00,4,16.94,7.69,8.88,164.835,70.284,6.76,0.006,0.098,1.421,,,2026-09-26 02:25:56
黑龙江省,松花江流域,友好,2026-09-26 00:00,5,10.84,7.26,10.39,105.157,10.988,12.4,0.018,0.052,1.35,,,2026-09-26 02:25:56
黑龙江省,松花江流域,嘉荫,2026-09-26 00:00,4,12.38,7.59,10.15,134.831,8.549,8.2,0.03,0.034,0.311,,,2026-09-26 02:25:56
黑龙江省,松花江流域,双河渠首,2026-09-26 00:00,2,13.52,7.27,9.85,147.6,9.7,3.72,,0.034,2.912,,,2026-09-26 02:25:56
黑龙江省,松花江流域,海浪,2026-09-26 00:00,3,16.01,7.28,10.09,142.1,41.02,4.11,0.056,0.076,2.787,,,2026-09-26 02:25:56
黑龙江省,松花江流域,三道,2026-09-26 00:00,5,20.63,7.1,7.05,118.63,84.26,4.94,0.048,0.118,3.057,0.052002,28672,2026-09-26 02:25:56
黑龙江省,松花江流域,电视塔,2026-09-26 00:00,5,20.06,6.9,5.76,98.1,80.717,7.95,0.06,0.126,2.663,0.00259,16512,2026-09-26 02:25:56
黑龙江省,松花江流域,海浪河口内,2026-09-26 00:00,2,15.36,6.85,8.8,130.7,42.38,3.8,0.037,0.012,2.213,,,2026-09-26 02:25:56
黑龙江省,松花江流域,黑河下,2026-09-26 00:00,4,11.28,7.7,9.98,150.7459,14.3591,6.91,0.049,0.044,0.5493,,,2026-09-26 02:25:56
黑龙江省,松花江流域,呼玛河口内,2026-09-26 00:00,4,10.75,7.38,10.32,70.756,1.57,6.5,0.036,0.021,0.237,,,2026-09-26 02:25:56
黑龙江省,松花江流域,加格达奇上,2026-09-26 00:00,2,9.49,7.05,10.22,65.579,4.5326,3.69,,0.009,0.185,,,2026-09-26 02:25:56
上海市,长江流域,富锦路桥,2026-09-26 00:00,4,28.1,7.57,3.83,464.2,124.2,3.18,0.017,0.128,3.103,,,2026-09-26 02:25:56
上海市,太湖流域,明星路桥,2026-09-26 00:00,3,30.89,7.17,7.64,,78.97553,3.69,0.078,0.102,1.27528,,,2026-09-26 02:25:56
上海市,太湖流域,临江,2026-09-26 01:00,4,27.39,7.49,3.73,444.38,48.69,,0.06,,,,,2026-09-26 02:25:56
上海市,太湖流域,闵行西界,2026-09-26 01:00,4,27.8,7.36,3.89,414.26,50.59,3.19,,0.109,1.77,,,2026-09-26 02:25:56
上海市,太湖流域,吴淞口,2026-09-26 00:00,3,27.469,7.74,6.06,339.89,111.299,3.28,,0.13,1.899,,,2026-09-26 02:25:56
上海市,太湖流域,蕴川路桥,2026-09-26 01:00,4,26.74,7.41,4.24,491.25,84.94,2.75,,0.111,3.649,,,2026-09-26 02:25:56
上海市,太湖流域,三甲港,2026-09-26 00:00,2,27.8,7.87,7.19,473.2,70.7,1.95,0.136,0.099,1.939,,,2026-09-26 02:25:56
上海市,太湖流域,急水港桥,2026-09-26 00:00,5,27.26,7.29,2.5,503.6,25.8,4.07,0.043,0.084,1.722,0.0108,2619255,2026-09-26 02:25:56
上海市,太湖流域,太浦河桥,2026-09-26 01:00,4,27.08,7.19,3.36,369.2,30.99,3.48,0.039,0.075,1.466,,,2026-09-26 02:25:56
江苏省,长江流域,陈浅,2026-09-26 00:00,5,26.48,7.34,2.71,284.9,56.44,3.16,0.1,0.155,1.341,,,2026-09-26 02:25:56
江苏省,长江流域,七桥瓮,2026-09-26 00:00,4,26.64,7.52,3.99,346.74,34.36,2.86,0.038,0.088,2.133,,,2026-09-26 02:25:56
江苏省,长江流域,节制闸,2026-09-26 00:00,3,25.94,7.67,5.98,302.72,22.17,1.82,0.077,0.07,1.436,,,2026-09-26 02:25:56
江苏省,长江流域,钱家渡,2026-09-26 00:00,4,27.55,7.6,4.94,274.95,34.07,3.16,,0.055,0.728,,,2026-09-26 02:25:56
江苏省,太湖流域,锡东水厂,2026-09-26 01:00,3,28.19,,10.13,368.31,10.06,2.97,0.047,0.037,0.285,0.00809,2848570,2026-09-26 02:25:56
江苏省,太湖流域,蠡桥,2026-09-26 00:00,4,26.36,7.4,3.78,462.07,14.06,3.26,0.315,0.069,1.395,,,2026-09-26 02:25:56
江苏省,太湖流域,百渎港桥,2026-09-26 00:00,4,27.81,7.38,3.69,516.2,39.68,3.29,0.059,0.125,1.905,,,2026-09-26 02:25:56
江苏省,太湖流域,殷村港桥,2026-09-26 01:00,5,26.94,7.28,2.57,360.29,40.17,3.7,0.172,0.096,1.064,,,2026-09-26 02:25:56
江苏省,太湖流域,大浦港桥,2026-09-26 00:00,4,27.44,7.44,4.05,448.2,47.2,3.89,0.123,0.102,1.666,,,2026-09-26 02:25:56
江苏省,太湖流域,五牧,2026-09-26 00:00,3,26.34,7.17,5.29,371.96,48.28,2.28,0.182,0.135,3.342,,,2026-09-26 02:25:56
江苏省,太湖流域,拖山,2026-09-26 01:00,4,27.7,,10.39,317.14,24.04,3.5,,0.065,1.353,0.00944,9620282,2026-09-26 02:25:56
江苏省,太湖流域,五里湖心,2026-09-26 01:00,4,27.36,7.92,7,410.83,20.82642,2.76,,0.057,0.356,0.00878,8562566,2026-09-26 02:25:56
江苏省,太湖流域,金潼桥,2026-09-26 00:00,2,27.32,7.79,6.27,284.7,24.3,2.01,0.029,0.064,1.609,,,2026-09-26 02:25:56
江苏省,太湖流域,大港桥,2026-09-26 00:00,2,26.2,6.86,6.3,158.07,1.34,2.35,0.048,0.024,1.313,,,2026-09-26 02:25:56
江苏省,太湖流域,潘家坝,2026-09-26 00:00,3,27.32,7.55,5.58,427.96,39.78,2.82,0.008,0.094,1.836,,,2026-09-26 02:25:56
江苏省,太湖流域,长济桥,2026-09-26 00:00,2,26.72,7.78,6.44,282.6,21.48,1.64,0.016,0.063,1.704,,,2026-09-26 02:25:56
江苏省,太湖流域,钓邾大桥,2026-09-26 00:00,3,27.47,7.68,5.97,494.78,31.27,2.48,0.061,0.091,1.603,,,2026-09-26 02:25:56
江苏省,长江流域,小湾,2026-09-26 00:00,2,26.25,7.81,6.4,279.38,20.08,1.47,,0.054,1.347,,,2026-09-26 02:25:56
江苏省,淮河流域,李庄,2026-09-26 00:00,3,25.09,7.7,5.43,649.5,14.5,4.53,0.287,0.107,3.77,,,2026-09-26 02:25:56
江苏省,淮河流域,李集桥,2026-09-26 00:00,5,24.44,7.77,2.65,1329.79,9.52,4.2,0.206,0.061,1.009,,,2026-09-26 02:25:56
江苏省,淮河流域,华山闸,2026-09-26 00:00,4,24.55,8.18,3.24,1209.6,10.19,1.09,,0.003,0.809,,,2026-09-26 02:25:56
江苏省,淮河流域,沙庄桥,2026-09-26 00:00,5,24.57,7.56,2.53,1262.6,21,6.49,0.255,0.156,1.244,,,2026-09-26 02:25:56
江苏省,淮河流域,张楼,2026-09-26 00:00,3,25.313,7.79,5.18,1224.31,15.303,3.77,0.131,0.08,0.926,,,2026-09-26 02:25:56
江苏省,淮河流域,沙集西闸,2026-09-26 00:00,4,24.53,7.48,3.03,808.95,33.94,2.95,0.167,0.103,0.935,,,2026-09-26 02:25:56
江苏省,淮河流域,艾山西大桥,2026-09-26 00:00,3,23.862,7.6,6.36,912.268,12.229,5.72,0.232,0.099,5.588,,,2026-09-26 02:25:56
江苏省,淮河流域,下楼公路桥,2026-09-26 00:00,4,23,7.17,4.39,1102.3,13.06,4.86,0.254,0.101,1.0025,,,2026-09-26 02:25:56
江苏省,长江流域,魏村,2026-09-26 01:00,2,26.5,7.72,6.42,283.21,24.3,1.46,,0.064,1.546,,,2026-09-26 02:25:56
江苏省,太湖流域,姚巷桥,2026-09-26 01:00,4,27.43,7.8,4.73,403.41,13.83,2.89,0.093,0.082,1.8,,,2026-09-26 02:25:56
江苏省,太湖流域,黄埝桥,2026-09-26 00:00,3,26.65,7.71,5.37,338.2,43.21,2.31,0.126,0.125,1.69,,,2026-09-26 02:25:56
江苏省,太湖流域,落蓬湾,2026-09-26 00:00,3,28.42,7.39,5.3,277.6,38.6,3.63,0.053,0.07,0.804,,,2026-09-26 02:25:56
江苏省,太湖流域,九号桥,2026-09-26 00:00,2,26.35,7.82,6.39,253.3,35.7,1.66,0.013,0.062,1.636,,,2026-09-26 02:25:56
江苏省,太湖流域,胥湖心,2026-09-26 01:00,2,27.86,8.47,8.5,339,9.1,2.31,,0.006,0.155,0.0008,58011.66,2026-09-26 02:25:56
江苏省,太湖流域,乌龟山南,2026-09-26 01:00,3,27.41,,10.69,353.327,15.593,3.84,,0.038,0.502,0.00852,1.32966,2026-09-26 02:25:56
江苏省,太湖流域,望亭上游,2026-09-26 00:00,3,27.02,7.63,6.55,526.05,35.72,2.53,0.183,0.156,3.51,,,2026-09-26 02:25:56
江苏省,太湖流域,千灯浦口,2026-09-26 01:00,5,27.52,7.14,2.84,583.912,34.335,3.41,0.014,0.094,1.2776,,,2026-09-26 02:25:56
江苏省,太湖流域,朱厍港口,2026-09-26 00:00,4,27.3,7.32,4.31,516.6,19.5,3.59,,0.075,0.956,,,2026-09-26 02:25:56
江苏省,太湖流域,浏河闸,2026-09-26 00:00,4,27.21,7.46,4.24,577.075,34.602,3.02,,0.113,2.0878,,,2026-09-26 02:25:56
江苏省,太湖流域,江边闸,2026-09-26 00:00,2,27.22,8.13,7,468,20.82,2.78,,0.072,0.792,,,2026-09-26 02:25:56
江苏省,太湖流域,瓜泾口西,2026-09-26 00:00,3,28.16,8.83,7.1,337.6,11.19,5.6,,0.036,0.804,,,2026-09-26 02:25:56
江苏省,太湖流域,航管站,2026-09-26 00:00,2,29.29,8.76,8.12,379.43,9.09,2.33,0.022,0.016,0.224,,,2026-09-26 02:25:56
江苏省,太湖流域,越溪桥,2026-09-26 00:00,3,27.33,7.75,5.17,420.4,34.6,5.11,0.052,0.094,1.007,,,2026-09-26 02:25:56
江苏省,太湖流域,312国道桥,2026-09-26 00:00,6,28.2,9.01,8.2,371.13,14.61,3.47,0.011,0.036,0.331,,,2026-09-26 02:25:56
江苏省,太湖流域,赵屯,2026-09-26 00:00,3,27.37,7.5,5.3,806.27,43.034,3.13,0.038,0.114,2.413,,,2026-09-26 02:25:56
江苏省,淮河流域,东安闸桥西,2026-09-26 00:00,4,26.27,7.3,3.92,852.4,27.7,3.99,0.392,0.161,2.471,,,2026-09-26 02:25:56
江苏省,长江流域,九圩港桥,2026-09-26 00:00,3,26.45,7.71,5,275,34.25,1.77,0.017,0.069,1.46,,,2026-09-26 02:25:56
江苏省,长江流域,碾砣港闸,2026-09-26 00:00,2,26.51,7.77,6.22,289.2,40.09,1.81,0.017,0.075,1.494,,,2026-09-26 02:25:56
江苏省,长江流域,聚南大桥,2026-09-26 00:00,4,27.36,7.47,4.19,768.2,5.47,3.93,0.042,0.082,0.856,,,2026-09-26 02:25:56
江苏省,长江流域,大洋港桥,2026-09-26 00:00,4,26.74,7.63,4.94,459.9,27.86,2.53,0.054,0.164,1.874,,,2026-09-26 02:25:56
江苏省,长江流域,塘芦港闸,2026-09-26 00:00,4,27.172,7.57,3.26,1382.47,11.876,3.43,0.22,0.159,1.43,,,2026-09-26 02:25:56
江苏省,淮河流域,小洋口,2026-09-26 00:00,4,25.44,7.6,4.98,1106.9,26.91,4.04,0.127,0.188,1.032,,,2026-09-26 02:25:56
江苏省,淮河流域,环东闸口,2026-09-26 00:00,4,27.47,7.55,3.7,911.5,24.94,3.58,0.028,0.204,1.504,,,2026-09-26 02:25:56
江苏省,淮河流域,北凌新闸,2026-09-26 00:00,3,25.64,8.21,6.57,1396,11.53,4.63,0.184,0.198,1.393,,,2026-09-26 02:25:56
江苏省,淮河流域,四队桥,2026-09-26 01:00,4,24.79,7.52,3.08,672.96,66.24,3.41,0.09,0.134,3.229,,,2026-09-26 02:25:56
江苏省,淮河流域,淮河大桥,2026-09-26 00:00,3,25.8,7.68,6.43,547.85,29.02,2.77,0.067,0.105,2.289,,,2026-09-26 02:25:56
江苏省,淮河流域,五叉河口,2026-09-26 00:00,3,24.47,7.96,5.57,493.486,41.774,,0.09,0.067,1.342,,,2026-09-26 02:25:56
江苏省,淮河流域,戴楼衡阳,2026-09-26 00:00,3,25.77,7.76,5.16,425.6,21.43,3.6,0.132,0.057,1.362,0.02333,,2026-09-26 02:25:56
江苏省,淮河流域,总渠苏嘴,2026-09-26 01:00,3,23.2,7.46,5.59,356.11,27.04,2.83,0.037,0.068,3.202,,,2026-09-26 02:25:56
江苏省,淮河流域,唐曹,2026-09-26 00:00,4,23.74,7.71,4.58,478.2,63.23,4.19,0.229,0.13,0.733,,,2026-09-26 02:25:56
江苏省,淮河流域,新洋港闸,2026-09-26 01:00,6,25.77,7.47,1.84,928.93,28.09,4.91,0.153,0.127,1.766,,,2026-09-26 02:25:56
江苏省,淮河流域,富民桥,2026-09-26 01:00,4,25.68,7.5,3.81,670.73,13.6,2.69,0.001,0.092,1.22,,,2026-09-26 02:25:56
江苏省,淮河流域,泰东大桥,2026-09-26 01:00,2,25.76,7.79,6.26,312.26,16.08,2.35,0.03,0.082,1.698,,,2026-09-26 02:25:56
江苏省,淮河流域,草堰大桥,2026-09-26 01:00,4,26.228,7.45,3.56,545.098,49.195,3.7,0.17,0.125,1.928,,,2026-09-26 02:25:56
江苏省,淮河流域,射阳河闸,2026-09-26 01:00,4,25.34,7.37,4.12,808.08,25.05,5.03,0.054,0.106,1.385,,,2026-09-26 02:25:56
江苏省,淮河流域,黄沙港闸,2026-09-26 01:00,5,25.68,7.4,2.59,879.31,24.35,5.84,0.191,0.166,1.398,,,2026-09-26 02:25:56
江苏省,淮河流域,川东闸,2026-09-26 01:00,4,25.68,7.26,3.32,1042.15,20.73,3.71,0.129,0.22,2.153,,,2026-09-26 02:25:56
江苏省,淮河流域,头罾闸,2026-09-26 01:00,4,25.03,7.91,3.08,728.76,21.97,3.71,0.042,0.098,1.418,,,2026-09-26 02:25:56
江苏省,长江流域,三江营,2026-09-26 00:00,2,26.19,7.78,6.4,277.9,37,1.92,,0.062,1.409,,,2026-09-26 02:25:56
江苏省,淮河流域,槐泗河口,2026-09-26 00:00,2,26.1,7.88,6.12,437.4,53.85,2.86,0.062,0.084,1.763,,,2026-09-26 02:25:56
江苏省,淮河流域,大运河船闸,2026-09-26 00:00,3,25.4,7.43,5.03,353.1,53.7,2.89,0.081,0.101,2.077,,,2026-09-26 02:25:56
江苏省,淮河流域,江都西闸,2026-09-26 00:00,3,25.91,7.59,6.55,278.37,63.64,2.52,,0.147,1.83,,,2026-09-26 02:25:56
江苏省,长江流域,冻青桥,2026-09-26 00:00,3,26.33,7.73,5.03,481.9,32.53,3.58,0.156,0.12,2.028,,,2026-09-26 02:25:56
江苏省,长江流域,小河口上游,2026-09-26 00:00,2,26.46,7.77,6.36,291.4,24.03,1.54,0.046,0.057,1.38,,,2026-09-26 02:25:56
江苏省,淮河流域,曹庄桥,2026-09-26 00:00,3,25.85,7.59,5.89,260.3,43.85,1.56,0.006,0.072,1.242,,,2026-09-26 02:25:56
江苏省,太湖流域,辛丰镇,2026-09-26 00:00,2,26.68,7.69,6.12,294.1,29.57,2.18,0.026,0.076,1.569,,,2026-09-26 02:25:56
江苏省,太湖流域,林家闸,2026-09-26 00:00,2,26.44,7.81,6.54,280.1,18.7,2.23,,0.098,1.8298,,,2026-09-26 02:25:56
江苏省,长江流域,新河桥,2026-09-26 00:00,4,26.87,7.43,4.59,274.1,11.6,1.74,0.104,0.071,1.53,,,2026-09-26 02:25:56
江苏省,太湖流域,新港桥,2026-09-26 00:00,3,26.57,7.7,5.88,301.5,8.6,2.3,0.013,0.045,1.233,,,2026-09-26 02:25:56
江苏省,太湖流域,吕城,2026-09-26 00:00,3,26.75,7.65,5.72,312.44,35.9,2.86,,0.118,1.976,,,2026-09-26 02:25:56
江苏省,淮河流域,海陵大桥,2026-09-26 00:00,2,26.52,7.83,6.05,281.2,26.2,1.58,0.012,0.066,1.425,,,2026-09-26 02:25:56
江苏省,长江流域,马甸闸西,2026-09-26 00:00,2,26.76,7.71,6.56,296.2,26.15,2.1,0.059,0.059,1.87,,,2026-09-26 02:25:56
江苏省,长江流域,祥和大桥,2026-09-26 00:00,5,25.92,7.48,2.99,462.1,23.9,3.18,1.021,0.19,2.249,,,2026-09-26 02:25:56
江苏省,长江流域,新十圩港大桥,2026-09-26 00:00,3,28.59,7.37,8.46,,,3.18,0.144,0.143,2.25,,,2026-09-26 02:25:56
江苏省,淮河流域,马陵翻水站,2026-09-26 00:00,3,24.6,7.94,5.99,545.45,44.65,3.06,0.05,0.054,1.059,,,2026-09-26 02:25:56
江苏省,淮河流域,临淮乡入湖口,2026-09-26 00:00,5,24.85,7.46,2.45,735.5,28.21,5.78,0.298,0.076,1.292,,,2026-09-26 02:25:56
江苏省,淮河流域,砖瓦厂,2026-09-26 00:00,4,25.11,8.19,4.04,806,30.42,4.94,0.139,0.188,0.888,,,2026-09-26 02:25:56
江苏省,淮河流域,顾勒大桥,2026-09-26 00:00,4,25.19,7.81,4.91,681.5,37.44,4.34,0.086,0.092,0.737,,,2026-09-26 02:25:56
江苏省,淮河流域,团结闸,2026-09-26 00:00,4,24.3,8.59,6.73,1381.7,11.82,7.37,0.133,0.058,0.595,,,2026-09-26 02:25:56
江苏省,淮河流域,大屈,2026-09-26 00:00,4,23.7,7.65,4.2,885.7,19.5,5.89,0.179,0.097,1.121,,,2026-09-26 02:25:56
浙江省,浙闽片河流,小金山,2026-09-26 00:00,2,29.38,,10.92,139.815,3.359,2.15,0.004,0.015,0.6338,,,2026-09-26 02:25:56
浙江省,浙闽片河流,三潭岛,2026-09-26 00:00,1,28.59,,9.01,122.855,2.306,1.34,,0.009,0.5203,,,2026-09-26 02:25:56
浙江省,浙闽片河流,千岛湖大坝前,2026-09-26 00:00,1,29.69,,8.71,130.266,2.007,1.54,0.009,0.008,0.6595,,,2026-09-26 02:25:56
浙江省,浙闽片河流,洋溪渡,2026-09-26 00:00,3,19.23,6.95,5.62,152.071,4.214,0.97,0.003,0.009,0.8336,,,2026-09-26 02:25:56
浙江省,浙闽片河流,桐庐,2026-09-26 00:00,2,26.87,7.51,7.68,190.1,11.2,1.79,0.003,0.049,1.397,,,2026-09-26 02:25:56
浙江省,浙闽片河流,溪口,2026-09-26 01:00,2,27.26,7.42,9.55,98.17,3.96,1.24,0.005,0.022,1.583,,,2026-09-26 02:25:56
浙江省,浙闽片河流,清林渡,2026-09-26 01:00,2,28.721,7.65,7.79,305.589,28.49,3.56,0.019,0.08,1.734,,,2026-09-26 02:25:56
浙江省,浙闽片河流,水车,2026-09-26 00:00,2,28.208,7.35,6.8,652.497,5.389,2.2,,0.019,1.089,,,2026-09-26 02:25:56
浙江省,浙闽片河流,长汀,2026-09-26 01:00,2,28.06,8.03,9.48,151.24,7.75,1.41,0.016,0.023,1.318,,,2026-09-26 02:25:56
浙江省,浙闽片河流,梁桥,2026-09-26 01:00,2,27.39,6.93,7.16,96.99,57.24,0.92,0.017,0.055,1.323,,,2026-09-26 02:25:56
浙江省,浙闽片河流,第三农业站,2026-09-26 01:00,2,27.08,7.97,6.32,27838.5,1597.69,1.02,0.16,0.057,1.013,,,2026-09-26 02:25:56
浙江省,太湖流域,卫八路桥,2026-09-26 00:00,4,27.74,7.42,3.22,481.73,30.016,3.17,0.048,0.095,1.697,,,2026-09-26 02:25:56
浙江省,太湖流域,漕廊公路桥,2026-09-26 00:00,4,27.44815,7.27,3.14,498.5453,28.67705,3.93,0.154,0.119,1.47926,,,2026-09-26 02:25:56
浙江省,太湖流域,枫南大桥,2026-09-26 01:00,4,28.0039,7.31,3.19,407.7,44.6204,3.45,0.058,0.113,1.642,,,2026-09-26 02:25:56
浙江省,太湖流域,新港口,2026-09-26 00:00,2,27.95,8.89,8.89,276.63,51.34,3.33,0.065,0.055,1.492,0.04467,,2026-09-26 02:25:56
浙江省,太湖流域,大钱,2026-09-26 00:00,2,27.03,8.8,8.38,272.2909,39.05281,2.84,0.059,0.044,1.35872,,,2026-09-26 02:25:56
浙江省,太湖流域,城西大桥,2026-09-26 01:00,4,27.52,7.45,4.82,221.1,37.88,1.96,0.054,0.053,1.933,,,2026-09-26 02:25:56
浙江省,太湖流域,汤溇,2026-09-26 00:00,6,26.58,9.09,8.41,295.4526,38.1294,3.74,0.054,0.043,0.8649,,,2026-09-26 02:25:56
浙江省,太湖流域,塘浦,2026-09-26 01:00,2,27.19,6.68,6.43,113.19,7.91,1.82,0.036,0.03,0.985,,,2026-09-26 02:25:56
浙江省,太湖流域,荆湾,2026-09-26 01:00,4,27.7,6.52,4.89,221.93,10.8,1.95,0.036,0.034,1.333,,,2026-09-26 02:25:56
浙江省,太湖流域,铁路桥,2026-09-26 01:00,4,27.67,6.49,4.02,198.18,9.43,2.39,0.096,0.045,1.904,,,2026-09-26 02:25:56
浙江省,太湖流域,杨家浦,2026-09-26 01:00,3,27.39272,7.69,6.1,290.2296,43.87488,4.68,0.026,0.128,1.936143,,,2026-09-26 02:25:56
浙江省,太湖流域,合溪,2026-09-26 01:00,2,27.66,8.26,7.63,319.4,63.56,3.06,0.024,0.045,1.481,,,2026-09-26 02:25:56
浙江省,浙闽片河流,曹娥江大闸闸前,2026-09-26 00:00,2,27.209,8.3,9.58,204.617,6.146,3.05,0.049,0.04,1.804,,,2026-09-26 02:25:56
浙江省,浙闽片河流,屠家埠,2026-09-26 00:00,2,29.467,8.1,8.83,143.271,12.273,2.09,0.035,0.049,1.472,,,2026-09-26 02:25:56
浙江省,浙闽片河流,葛山头,2026-09-26 01:00,4,28.09,7.01,4.65,168.18,16.62,2.46,0.033,0.049,1.88,,,2026-09-26 02:25:56
浙江省,浙闽片河流,义东桥,2026-09-26 00:00,3,30.199,7.79,8.21,471.664,16.468,3.77,0.055,0.125,2.446,,,2026-09-26 02:25:56
浙江省,浙闽片河流,塔下洲,2026-09-26 00:00,3,30.01,8.83,11.03,564.659,7.45,5.46,0.053,0.096,2.9508,,,2026-09-26 02:25:56
浙江省,浙闽片河流,东关桥,2026-09-26 00:00,3,31.361,8.1,7.72,686.01,36.149,4.06,0.013,0.128,2.75,,,2026-09-26 02:25:56
浙江省,浙闽片河流,费垅,2026-09-26 00:00,3,28.5,8.13,8.89,525.782,9.183,3.63,0.285,0.125,2.8902,,,2026-09-26 02:25:56
浙江省,浙闽片河流,台口,2026-09-26 00:00,2,28.25,7.88,6.72,291.277,19.859,2.02,0.054,0.074,2.0812,,,2026-09-26 02:25:56
浙江省,浙闽片河流,南江桥,2026-09-26 01:00,3,30.57,8.04,7.68,491.318,3.033,3.68,0.058,0.102,1.8533,,,2026-09-26 02:25:56
浙江省,浙闽片河流,横山,2026-09-26 01:00,2,29.99,7.74,8.05,270.089,2.49,1.93,0.015,0.041,1.1252,,,2026-09-26 02:25:56
浙江省,浙闽片河流,章店,2026-09-26 01:00,3,30.44,8.59,5.67,293.471,5.856,4.48,0.043,0.182,1.8042,,,2026-09-26 02:25:56
浙江省,长江流域,苏庄,2026-09-26 00:00,3,29.0423,7.09,5.59,77.59893,1.53155,1.47,0.003,0.019,0.31358,,,2026-09-26 02:25:56
浙江省,浙闽片河流,长潭水库坝口,2026-09-26 00:00,2,28.467,,10.81,46.458,2.51,1.73,0.004,0.012,0.258,,,2026-09-26 02:25:56
浙江省,浙闽片河流,老鼠屿,2026-09-26 00:00,2,28.32,7.74,6.41,31880.1,1676.55,1.05,,0.064,1.413,,,2026-09-26 02:25:56
浙江省,浙闽片河流,金清新闸,2026-09-26 01:00,3,27.42,7.62,5.86,751.075,43.364,2.96,0.07,0.156,2.6461,,,2026-09-26 02:25:56
浙江省,浙闽片河流,里石门水库,2026-09-26 00:00,2,28.63,,9.68,63.111,1.277,2.72,0.018,0.012,0.2871,0.00398,625100.4,2026-09-26 02:25:56
浙江省,浙闽片河流,温峤,2026-09-26 00:00,2,27.793,8.78,12.82,580.823,13.704,3.76,0.014,0.052,0.935,,,2026-09-26 02:25:56
浙江省,浙闽片河流,永宁江口,2026-09-26 00:00,2,27.83,7.41,7.29,84.445,16.197,1.84,0.013,0.057,0.7576,,,2026-09-26 02:25:56
浙江省,浙闽片河流,沙段,2026-09-26 00:00,2,29.01,7.98,9.39,148.973,1.978,3.26,,0.024,1.1502,,,2026-09-26 02:25:56
浙江省,浙闽片河流,柏枝岙,2026-09-26 00:00,5,28.224,7.35,8.06,152.268,6.188,,1.605,,,,,2026-09-26 02:25:56
浙江省,浙闽片河流,均溪,2026-09-26 01:00,1,28.93,6.93,7.9,45.11,2.95,1.43,0.022,0.012,0.566,,,2026-09-26 02:25:56
浙江省,浙闽片河流,风化,2026-09-26 01:00,2,27.72,7.31,8.36,92.6,4.04,1.22,0.041,0.024,0.862,,,2026-09-26 02:25:56
浙江省,浙闽片河流,沙湾上,2026-09-26 01:00,1,25.28,7.57,7.63,41.465,0.957,0.68,0.062,0.011,0.1414,,,2026-09-26 02:25:56
浙江省,浙闽片河流,小溪口,2026-09-26 00:00,1,28.13,7.56,7.84,84.418,9.375,1.51,0.003,0.017,0.8283,,,2026-09-26 02:25:56
安徽省,巢湖流域,三胜大队渡口,2026-09-26 00:00,4,27.08,8.97,9.86,305.472,99.4848,7.42,0.072,0.126,0.794,,,2026-09-26 02:25:56
安徽省,巢湖流域,兆河入湖口渡口,2026-09-26 00:00,3,27.03,8.15,7.13,311.461,24.9406,4.69,0.047,0.046,0.9165,,,2026-09-26 02:25:56
安徽省,巢湖流域,牛角大圩,2026-09-26 00:00,4,26.24,7.38,3.43,278.4,80.299,4.24,,0.121,2.346,,,2026-09-26 02:25:56
安徽省,巢湖流域,北闸渡口,2026-09-26 00:00,3,25.69,6.7,5.07,189.696,20.675,5.26,0.116,0.072,1.59,,,2026-09-26 02:25:56
安徽省,巢湖流域,希望桥,2026-09-26 00:00,3,27.4,7.35,7.71,474.6,8.3,,0.642,,,,,2026-09-26 02:25:56
安徽省,巢湖流域,石堆渡口,2026-09-26 00:00,4,26.09,6.9,4.75,200.0742,36.261,3.6,0.136,0.108,1.6649,,,2026-09-26 02:25:56
安徽省,巢湖流域,柘皋大桥,2026-09-26 00:00,4,26.94,7.36,3.96,309.9215,27.5878,5.52,0.059,0.082,0.5674,,,2026-09-26 02:25:56
安徽省,巢湖流域,湖滨,2026-09-26 01:00,4,25.78,8.98,8.37,307.92,20.83,3.95,,0.082,0.749,0.00296,5873142,2026-09-26 02:25:56
安徽省,巢湖流域,黄麓,2026-09-26 01:00,4,27.61,,8.95,290.69,25.69,6.32,,0.062,0.497,0.01042,9738877,2026-09-26 02:25:56
安徽省,巢湖流域,三河镇大桥,2026-09-26 00:00,4,25.41,7.07,4.09,337.2,9.37,4.34,0.103,0.101,1.622,,,2026-09-26 02:25:56
安徽省,巢湖流域,三河镇新大桥,2026-09-26 00:00,4,25.18,6.84,4.44,138.1,14.72,3.67,0.132,0.068,1.615,,,2026-09-26 02:25:56
安徽省,巢湖流域,施口,2026-09-26 00:00,4,26.61,7.25,4.28,954.3202,43.6359,5.24,0.549,0.133,7.167,,,2026-09-26 02:25:56
安徽省,巢湖流域,靠近大坝,2026-09-26 01:00,2,26.3,8.51,8.54,132.64,6.02,3.38,0.009,0.02,0.355,0.01061,7953436,2026-09-26 02:25:56
安徽省,巢湖流域,新河入湖区,2026-09-26 01:00,4,26.03,8.82,7.77,230.36,28.9,4.02,0.003,0.076,0.787,0.00372,2.802359,2026-09-26 02:25:56
安徽省,巢湖流域,西半湖湖心,2026-09-26 01:00,5,25.9,8.62,7.53,372.44,34.76,5.14,,0.106,1.04,0.00304,7143754,2026-09-26 02:25:56
安徽省,巢湖流域,龟山,2026-09-26 01:00,4,25.43,,8.88,305.91,23.36,4.83,0.009,0.069,0.528,0.01033,2.232071,2026-09-26 02:25:56
安徽省,巢湖流域,东半湖湖心,2026-09-26 01:00,4,26.067,,10.48,289.801,14.936,6,,0.052,0.448,0.00445,2.367639,2026-09-26 02:25:56
安徽省,巢湖流域,忠庙,2026-09-26 01:00,4,26.28,,8.58,282.17,46.03,4.61,,0.084,0.407,0.01567,2.509422,2026-09-26 02:25:56
安徽省,巢湖流域,兆河入湖区,2026-09-26 01:00,4,25.79,8.99,9.81,295.67,16.43,5.23,,0.064,0.346,0.00496,7741252,2026-09-26 02:25:56
安徽省,巢湖流域,双桥河入湖口,2026-09-26 00:00,4,26.59,7.59,3.36,359.547,30.0966,4.24,0.05,0.053,0.4478,,,2026-09-26 02:25:56
安徽省,巢湖流域,繁华大道桥,2026-09-26 00:00,4,26.39,7.22,4.07,682.9837,30.1633,5.67,0.165,0.127,4.147,,,2026-09-26 02:25:56
安徽省,长江流域,东西梁山,2026-09-26 00:00,2,26.84,7.84,6.31,295.5941,25.3019,1.43,0.062,0.066,1.6452,,,2026-09-26 02:25:56
安徽省,长江流域,宝塔根,2026-09-26 00:00,2,27.2,7.25,6.07,155.539,25.9102,2.55,0.096,0.036,1.0047,,,2026-09-26 02:25:56
安徽省,巢湖流域,裕溪口,2026-09-26 00:00,3,26.73,7.48,5.47,323.4352,51.537,2.96,0.16,0.075,1.2581,,,2026-09-26 02:25:56
安徽省,长江流域,荻港,2026-09-26 00:00,3,28.35,7.67,5.6,568.8,34.4704,3.64,0.092,0.062,1.3849,,,2026-09-26 02:25:56
安徽省,长江流域,澛港桥,2026-09-26 00:00,2,27.55,7.78,7.44,285.2909,28.4661,3.36,0.052,0.074,3.16,,,2026-09-26 02:25:56
安徽省,淮河流域,沫河口,2026-09-26 00:00,3,25.51,7.73,5.65,578.328,19.17,3.95,0.077,0.169,2.847,,,2026-09-26 02:25:56
安徽省,淮河流域,关咀,2026-09-26 00:00,6,24.67786,7.58,1.6,954.8553,11.08418,5.13,0.08,0.168,0.70137,,,2026-09-26 02:25:56
安徽省,淮河流域,五河,2026-09-26 00:00,4,25.09,7.95,3.93,946.6971,18.54349,4.55,0.161,0.103,1.9715,,,2026-09-26 02:25:56
安徽省,淮河流域,蚌埠固镇,2026-09-26 00:00,4,24.906,7.76,3.92,1205.039,28.94,4.21,0.266,0.164,3.2668,,,2026-09-26 02:25:56
安徽省,淮河流域,湖沟,2026-09-26 00:00,6,24.474,7.82,1.37,1198.815,24.11395,3.78,0.079,0.078,3.09664,,,2026-09-26 02:25:56
安徽省,淮河流域,石头埠,2026-09-26 00:00,4,24.85,7.53,4.18,498.1889,34.32317,3.51,0.062,0.093,2.81979,,,2026-09-26 02:25:56
安徽省,淮河流域,鲁台孜,2026-09-26 00:00,3,24.8,7.6,5.33,678.631,31.90619,3.08,0.028,0.103,3.02432,,,2026-09-26 02:25:56
安徽省,淮河流域,西淝河闸下,2026-09-26 00:00,4,24.89754,7.5,4.14,828.1302,15.04806,5.2,0.056,0.074,1.55169,,,2026-09-26 02:25:56
安徽省,淮河流域,新城口,2026-09-26 00:00,4,25.84233,7.78,4.03,630.6248,18.22703,2.63,0.006,0.117,3.62437,,,2026-09-26 02:25:56
安徽省,淮河流域,焦岗湖,2026-09-26 01:00,3,24.25,8.03,5.56,678.89,164.64,4.42,0.001,0.034,0.721,0.00979,1.189311,2026-09-26 02:25:56
安徽省,淮河流域,大店岗,2026-09-26 00:00,3,24.48,6.95,5.52,163.3437,63.45082,3,0.095,0.096,3.54616,,,2026-09-26 02:25:56
安徽省,淮河流域,五里闸,2026-09-26 00:00,4,24.19,7.03,4.32,263.6893,49.28481,3.9,0.049,0.049,1.03525,,,2026-09-26 02:25:56
安徽省,淮河流域,白洋淀渡口,2026-09-26 00:00,4,21.73478,6.78,4.59,231.2585,20.38354,4.8,0.056,0.097,2.27673,,,2026-09-26 02:25:56
安徽省,长江流域,三兴村,2026-09-26 00:00,2,26.18,7.67,6.44,319.6201,31.00023,2.91,0.038,0.049,1.843,,,2026-09-26 02:25:56
安徽省,长江流域,得胜河入江口,2026-09-26 00:00,3,26.3389,7.8,6.75,410,18.0624,3.61,0.149,0.125,1.7937,,,2026-09-26 02:25:56
安徽省,长江流域,姑溪河大桥,2026-09-26 00:00,4,27.096,7.47,6.95,234.9,45.1906,6.42,0.063,0.077,1.578,,,2026-09-26 02:25:56
安徽省,长江流域,当涂查湾,2026-09-26 00:00,3,27.58,7.51,5,318.735,32.1951,5.2,,0.074,2.113,,,2026-09-26 02:25:56
安徽省,长江流域,乌江,2026-09-26 00:00,2,26.0512,7.85,6.37,313.4571,37.23795,2.21,0.021,0.056,1.322462,,,2026-09-26 02:25:56
安徽省,长江流域,雨山河下游,2026-09-26 00:00,3,27.8908,7.44,5.79,774.9658,12.3601,3.95,0.242,0.105,6.683,,,2026-09-26 02:25:56
安徽省,淮河流域,小王桥,2026-09-26 00:00,6,24.7,7.29,1.75,1556.91,9,4.38,0.182,0.074,0.786,,,2026-09-26 02:25:56
安徽省,淮河流域,后常桥,2026-09-26 00:00,3,24.94415,8.49,5.07,1083.162,4.46735,5.19,0.054,0.102,1.05514,,,2026-09-26 02:25:56
安徽省,淮河流域,李大桥闸,2026-09-26 00:00,6,24.07,7.73,1.07,1398.61,23.497,9.27,0.188,0.07,0.8467,,,2026-09-26 02:25:56
安徽省,长江流域,顺安河入江口,2026-09-26 00:00,2,26.31501,7.49,9.14,341.7104,25.06907,2.58,0.025,0.042,1.41201,,,2026-09-26 02:25:56
安徽省,长江流域,陈家墩,2026-09-26 00:00,2,26.96,7.79,7.3,298.2647,30.41807,1.76,0.05,0.061,2.06203,,,2026-09-26 02:25:56
安徽省,长江流域,枞阳大闸,2026-09-26 00:00,3,26.31,7.64,6.39,164.4703,35.9035,4.1,0.018,0.06,0.89774,,,2026-09-26 02:25:56
安徽省,长江流域,武昌湖,2026-09-26 00:00,3,28.78,8.06,8.15,182.231,7.66476,3.68,0.008,0.03,,0.01044,3458495,2026-09-26 02:25:56
安徽省,长江流域,前江口,2026-09-26 00:00,2,26.87185,7.7,6.18,308.6291,28.73118,2.55,0.076,0.059,3.01765,,,2026-09-26 02:25:56
安徽省,长江流域,花亭湖坝前,2026-09-26 00:00,2,28.94,7.87,7.34,82.71889,1.07674,2.15,0.013,0.012,0.41636,0.00377,556925.8,2026-09-26 02:25:56
安徽省,长江流域,华阳河入江口,2026-09-26 00:00,2,30.02,8.42,10.77,322.5473,17.62971,3.52,0.002,0.035,1.02556,,,2026-09-26 02:25:56
安徽省,长江流域,水厂取水口,2026-09-26 00:00,6,28.9866,9.11,8.66,131.4208,3.9199,1.74,0.009,0.025,0.56569,,,2026-09-26 02:25:56
安徽省,长江流域,车轴寺大桥,2026-09-26 00:00,2,28.41,8.7,10.87,118.3792,3.39967,2.4,0.006,0.028,0.77671,,,2026-09-26 02:25:56
安徽省,浙闽片河流,篁墩,2026-09-26 00:00,4,27.86094,7.22,3.85,223.4464,14.50489,2.21,0.171,0.059,2.03737,,,2026-09-26 02:25:56
安徽省,浙闽片河流,率水大桥,2026-09-26 00:00,2,29.57692,8.44,10.65,76.89401,6.15922,1.66,0.022,0.031,0.63075,,,2026-09-26 02:25:56
安徽省,浙闽片河流,横江大桥,2026-09-26 00:00,2,30.54809,8.88,10.04,306.7452,32.208,3.55,0.003,0.027,0.21369,,,2026-09-26 02:25:56
安徽省,长江流域,太平湖湖心,2026-09-26 01:00,2,28.66,8.77,8.85,99.9,2.49,2.19,0.056,0.01,0.403,0.00314,1136495,2026-09-26 02:25:56
安徽省,浙闽片河流,新管,2026-09-26 00:00,2,27.95298,8.13,7.12,302.7231,3.29946,2.85,0.007,0.036,1.23279,,,2026-09-26 02:25:56
安徽省,淮河流域,天长化工厂,2026-09-26 00:00,6,25.27,7.15,1.94,580.5524,47.3,3.78,0.181,0.137,2.7757,,,2026-09-26 02:25:56
安徽省,淮河流域,公路桥,2026-09-26 00:00,3,25.38,7.29,6.93,461.114,29.0936,5.4,0.173,0.101,1.412,,,2026-09-26 02:25:56
安徽省,淮河流域,小柳巷,2026-09-26 00:00,3,24.88,7.32,6.14,432.26,41.283,3.31,0.009,0.13,2.324,,,2026-09-26 02:25:56
安徽省,长江流域,水口,2026-09-26 00:00,3,25.37,7.47,5.31,884.0072,26.6422,5.13,0.133,0.117,2.1492,,,2026-09-26 02:25:56
安徽省,长江流域,乌衣下,2026-09-26 00:00,4,26.69,7.34,4.79,945.34,19.53,9.41,0.075,0.122,4.715,,,2026-09-26 02:25:56
安徽省,长江流域,襄河大桥,2026-09-26 00:00,4,27.44,7.24,3.05,457.0745,34.1829,3.65,0.168,0.1,1.554,,,2026-09-26 02:25:56
安徽省,长江流域,清流河口,2026-09-26 00:00,3,27.03359,7.7,8.2,717.8889,18.18921,4.83,0.043,0.094,2.41764,,,2026-09-26 02:25:56
安徽省,淮河流域,阜阳段下,2026-09-26 00:00,2,24.68174,7.77,7.25,928.2185,26.78498,3.58,0.046,0.083,4.51209,,,2026-09-26 02:25:56
安徽省,淮河流域,杨湖,2026-09-26 00:00,3,25.59589,7.72,6.98,940.1243,19.12509,2.28,0.103,0.137,5.29491,,,2026-09-26 02:25:56
安徽省,淮河流域,张大桥,2026-09-26 00:00,2,24.036,7.87,6.75,1426.79,39.08,3.56,0.148,0.094,9.9873,,,2026-09-26 02:25:56
安徽省,淮河流域,王家坝,2026-09-26 00:00,3,24.186,7.64,5.72,366,18.148,3.57,0.073,0.127,2.094,,,2026-09-26 02:25:56
安徽省,淮河流域,界首七渡口,2026-09-26 00:00,3,22.93,7.62,7.66,857.8,26.23,2.75,0.245,0.106,5.59,,,2026-09-26 02:25:56
安徽省,淮河流域,阜南,2026-09-26 00:00,3,24.29,7.35,5.16,644.86,3.11367,4.53,0.016,0.08,0.65791,,,2026-09-26 02:25:56
安徽省,淮河流域,阜阳段上游,2026-09-26 00:00,4,24.10805,7.76,4.58,907.4148,7.41164,2.71,0.023,0.089,,,,2026-09-26 02:25:56
安徽省,淮河流域,奎河苏皖省界,2026-09-26 00:00,3,24.56,7.49,6.35,1296.7,36.8,5.19,0.301,0.151,5.57,,,2026-09-26 02:25:56
安徽省,淮河流域,东坪集,2026-09-26 00:00,4,24.36,7.84,3.14,1345.201,31.35088,3.69,0.289,0.087,3.66642,,,2026-09-26 02:25:56
安徽省,淮河流域,符离闸,2026-09-26 00:00,4,24.23144,7.82,3.32,941.2755,31.58239,6.82,0.08,0.097,1.05321,,,2026-09-26 02:25:56
安徽省,淮河流域,芦岭桥,2026-09-26 00:00,5,24.36,7.86,2.32,1147.85,9.54,4.64,0.407,0.057,1.0915,,,2026-09-26 02:25:56
安徽省,淮河流域,工农兵大桥,2026-09-26 00:00,4,23.72397,7.12,3.43,331.8223,9.53077,4.93,0.463,0.075,1.27,,,2026-09-26 02:25:56
安徽省,淮河流域,陶洪集,2026-09-26 00:00,2,25.41011,7.37,7.78,93.53014,8.52469,2.81,0.027,0.042,1.22503,,,2026-09-26 02:25:56
安徽省,淮河流域,东湖闸,2026-09-26 00:00,3,23.64,7.37,7.14,216.7783,64.34771,2.7,0.065,0.117,1.47443,,,2026-09-26 02:25:56
安徽省,淮河流域,新安渡口,2026-09-26 00:00,2,25.43,7.54,8.28,165.7863,5.04073,3.15,0.007,0.03,1.65574,,,2026-09-26 02:25:56
安徽省,淮河流域,响洪甸水库出水口,2026-09-26 00:00,4,19.82,6.87,4.57,80.95788,1.37531,1.93,0.007,0.007,0.97052,,,2026-09-26 02:25:56
安徽省,淮河流域,丁埠大桥,2026-09-26 00:00,2,25.81906,8.5,9.92,140.5561,5.27363,2.38,0.005,0.042,0.272,,,2026-09-26 02:25:56
安徽省,巢湖流域,将军宕大桥,2026-09-26 00:00,3,25.2,6.58,5.34,135.576,10.714,2.96,0.037,0.052,1.358,,,2026-09-26 02:25:56
安徽省,淮河流域,固始李畈,2026-09-26 00:00,2,24.18,7.4,8.84,215.9784,1.16193,1.92,0.0002,0.022,1.71262,,,2026-09-26 02:25:56
安徽省,淮河流域,涡阳义门大桥,2026-09-26 00:00,6,24.63,7.49,1.88,1227.558,41.9017,5.68,0.296,0.137,3.1309,,,2026-09-26 02:25:56
安徽省,淮河流域,利辛段,2026-09-26 00:00,5,24.8,7.61,2.67,797.57,8.08,5.82,0.098,0.118,2.28,,,2026-09-26 02:25:56
安徽省,长江流域,五步沟,2026-09-26 00:00,2,26.9094,7.66,6.55,303.6072,31.72633,1.77,0.032,0.054,2.25949,,,2026-09-26 02:25:56
安徽省,长江流域,张溪,2026-09-26 00:00,1,27.9,7.86,7.94,284.1042,4.38653,1.04,0.009,0.01,0.63906,,,2026-09-26 02:25:56
安徽省,长江流域,青通河河口,2026-09-26 00:00,4,27.74086,7.41,3.84,253.5769,53.48093,,0.066,0.057,2.12088,,,2026-09-26 02:25:56
安徽省,长江流域,秋浦河入江口,2026-09-26 00:00,2,27.62529,7.74,6.58,249.7294,13.9279,1.55,0.028,0.032,1.15625,,,2026-09-26 02:25:56
安徽省,长江流域,东流,2026-09-26 00:00,2,28.89,8.25,7.5,211.4454,58.74445,3.75,0.106,0.059,1.36904,,,2026-09-26 02:25:56
安徽省,长江流域,南漪湖西湖湖心,2026-09-26 01:00,4,26.85,7.57,6.82,177.76,88.57,3.56,,0.063,,0.00315,1101912,2026-09-26 02:25:56
安徽省,太湖流域,殷桥,2026-09-26 00:00,4,27.28675,7.14,3.86,293.2194,24.48367,5.74,0.009,0.066,2.17069,,,2026-09-26 02:25:56
安徽省,长江流域,泾南交界,2026-09-26 00:00,2,26.28,7.43,6.62,113.6997,6.374,1.73,0.008,0.03,0.8559,,,2026-09-26 02:25:56
安徽省,长江流域,汪溪,2026-09-26 00:00,2,25.63,7.56,8.43,143.5795,10.4409,1.15,0.037,0.021,1.1229,,,2026-09-26 02:25:56
安徽省,长江流域,狮子口,2026-09-26 00:00,3,27.81,7.73,8.27,1229.164,12.103,4.82,0.016,0.064,3.393,,,2026-09-26 02:25:56
安徽省,长江流域,东村桥,2026-09-26 00:00,2,26.21047,7.8,6.25,528.5891,4.55265,2.31,0.014,0.045,0.61899,,,2026-09-26 02:25:56
安徽省,长江流域,水碧桥,2026-09-26 00:00,4,25.51,7.07,3.44,311.9478,16.11506,1.61,0.004,0.063,2.01072,,,2026-09-26 02:25:56
福建省,浙闽片河流,闽侯竹岐,2026-09-26 00:00,2,27.71,6.8,7.08,85.62,5.49,1.74,0.015,0.034,1.112,,,2026-09-26 02:25:56
福建省,浙闽片河流,连江荷山渡口,2026-09-26 01:00,2,26.708,6.87,7.5,49.07,16.854,1.4,0.032,0.048,0.608,,,2026-09-26 02:25:56
福建省,浙闽片河流,永泰横龙,2026-09-26 00:00,2,29.392,8.79,9.36,45.146,1.705,0.94,0.008,0.036,0.216,,,2026-09-26 02:25:56
福建省,浙闽片河流,闽清雄江,2026-09-26 00:00,2,29.82,8.98,9.38,94.575,4.67,2.24,0.013,0.031,0.975,,,2026-09-26 02:25:56
福建省,浙闽片河流,梅溪口,2026-09-26 01:00,2,26.82,7.42,7.48,93.07,8.33,2.06,0.021,0.062,0.705,,,2026-09-26 02:25:56
福建省,浙闽片河流,隘头潭,2026-09-26 00:00,3,29.11,6.3,5.77,190.79,2.476,0.88,0.022,0.012,0.7338,,,2026-09-26 02:25:56
福建省,浙闽片河流,江口桥,2026-09-26 01:00,2,28.92,7.67,6.88,74.71,3.45,1.5,0.005,0.036,1.2,,,2026-09-26 02:25:56
福建省,浙闽片河流,大田高才,2026-09-26 01:00,6,30.42,9.08,8.58,90.213,2.042,2.1,0.053,0.018,0.442,,,2026-09-26 02:25:56
福建省,浙闽片河流,尤溪拥口大桥,2026-09-26 00:00,2,24.14,7.21,7.15,111.421,42.128,1.54,0.082,0.045,1.1921,,,2026-09-26 02:25:56
福建省,浙闽片河流,南安康美桥,2026-09-26 00:00,3,27.78,7.15,7.37,90.84,66.216,1.52,0.075,0.172,1.8481,,,2026-09-26 02:25:56
福建省,浙闽片河流,永春东关桥,2026-09-26 00:00,2,27.9,6.89,7.34,134.4068,23.93663,1.62,0.061,0.055,2.782,,,2026-09-26 02:25:56
福建省,浙闽片河流,安溪罗内桥,2026-09-26 00:00,2,27.673,7.28,7.58,87.57,12.938,0.7,0.162,0.044,1.989,,,2026-09-26 02:25:56
福建省,浙闽片河流,南安霞东桥,2026-09-26 00:00,2,29.32,7.26,6.78,128.002,7.964,1.3,0.214,0.078,2.4435,,,2026-09-26 02:25:56
福建省,浙闽片河流,华安西陂,2026-09-26 01:00,2,26.61029,7.05,7.74,193.9527,23.40003,1.68,0.032,0.077,1.209,,,2026-09-26 02:25:56
福建省,浙闽片河流,南靖靖城桥,2026-09-26 01:00,2,27.8,6.7,7.17,135.7,8.617,1.41,0.09,0.049,5.412,,,2026-09-26 02:25:56
福建省,浙闽片河流,诏安澳子头,2026-09-26 01:00,3,29.11,7.64,8.22,97.825,4.075,2.07,0.077,0.106,1.8423,,,2026-09-26 02:25:56
福建省,浙闽片河流,南靖洪濑汤坑桥,2026-09-26 00:00,2,28.108,6.54,7.99,223.6,12.415,0.87,0.029,0.053,15.153,,,2026-09-26 02:25:56
福建省,浙闽片河流,浦南水文站,2026-09-26 01:00,2,27.69125,7.26,6.8,168.5,35.893,1.32,0.161,0.042,1.467,,,2026-09-26 02:25:56
福建省,浙闽片河流,南溪浮宫桥,2026-09-26 00:00,3,28.5,7.38,5.98,10674.74,30.132,2.53,0.12,0.172,3.1305,,,2026-09-26 02:25:56
福建省,浙闽片河流,上坂,2026-09-26 01:00,4,28.79,6.13,4.02,152.062,25.802,2.08,0.345,0.115,4.6672,,,2026-09-26 02:25:56
福建省,浙闽片河流,云霄高塘渡口,2026-09-26 01:00,3,28.04,6.76,6.66,120.281,9.792,0.89,0.144,0.103,5.2276,,,2026-09-26 02:25:56
福建省,浙闽片河流,水汾桥,2026-09-26 00:00,3,28.4,6.88,5.5,161.34,14.66,1.62,0.048,0.057,1.258,,,2026-09-26 02:25:56
福建省,浙闽片河流,武夷山兴田,2026-09-26 00:00,2,27.86588,6.86,6.37,41.1606,11.15235,1.69,0.005,0.017,0.5866,,,2026-09-26 02:25:56
福建省,浙闽片河流,建瓯蓬墩,2026-09-26 00:00,3,31,6.8,5.5,67.88,7.7,1.55,0.11,0.042,1.008,,,2026-09-26 02:25:56
福建省,浙闽片河流,将乐樟应,2026-09-26 00:00,3,29.37191,6.87,5.53,86.185,4.49977,1.7,0.021,0.019,0.798,,,2026-09-26 02:25:56
福建省,浙闽片河流,建阳坪州大桥,2026-09-26 00:00,2,28.51,7.2,7.49,147.35,6.221,1.89,0.013,0.045,1.051,,,2026-09-26 02:25:56
福建省,浙闽片河流,雁石桥,2026-09-26 01:00,2,27.71,7.65,8.05,279.41,17.895,1.12,0.046,0.057,1.39,,,2026-09-26 02:25:56
福建省,珠江流域,长汀美西桥,2026-09-26 01:00,3,26.84,6.99,6.26,172.329,8.398,2.53,0.128,0.103,1.0179,,,2026-09-26 02:25:56
福建省,浙闽片河流,八都,2026-09-26 00:00,2,26.73,6.96,8.6,42.783,2.149,1.78,0.017,0.046,0.854,,,2026-09-26 02:25:56
福建省,浙闽片河流,福安白塔,2026-09-26 00:00,2,27.668,7.49,6.88,48.23,2.98,0.91,0.016,0.035,1.116,,,2026-09-26 02:25:56
福建省,浙闽片河流,福安洪口,2026-09-26 01:00,2,26.22,7.26,8.36,39.18,7.95,0.95,0.004,0.043,0.918,,,2026-09-26 02:25:56
江西省,长江流域,周坊,2026-09-26 00:00,2,27.91,7.17,7.33,124.4876,9.67589,1.59,0.004,0.042,1.21183,,,2026-09-26 02:25:56
江西省,长江流域,大港,2026-09-26 00:00,2,28.45,7.5,8.61,138.19,37.77,1.22,0.072,0.046,1.452,,,2026-09-26 02:25:56
江西省,长江流域,新联,2026-09-26 01:00,3,27.84,6.9,8.38,174.67,187.85,4.57,0.046,0.084,2.2294,,,2026-09-26 02:25:56
江西省,长江流域,生米,2026-09-26 01:00,2,27.176,6.88,7.94,130.963,5.143,1.43,0.019,0.049,1.02,,,2026-09-26 02:25:56
江西省,长江流域,滁槎,2026-09-26 00:00,3,28.4,6.58,5.76,165.07,6.17,2.61,0.019,0.08,2.231,,,2026-09-26 02:25:56
江西省,长江流域,塔城,2026-09-26 01:00,2,29.89,7.7,7.18,97.11,22.88,2.38,0.035,0.028,1.196,,,2026-09-26 02:25:56
江西省,长江流域,昌邑,2026-09-26 00:00,2,27.76,7.55,7.55,135.15,25.52,1.95,0.001,0.064,1.344,,,2026-09-26 02:25:56
江西省,长江流域,八一桥,2026-09-26 01:00,2,29.27,7.76,8.06,124.325,11.923,2.2,0.244,0.056,0.9185,,,2026-09-26 02:25:56
江西省,长江流域,焦石坝,2026-09-26 00:00,2,29.19,7.96,9.21,110.99,11.5,2.75,0.071,0.048,0.9889,,,2026-09-26 02:25:56
江西省,长江流域,戴村,2026-09-26 00:00,2,30.24,7.52,7.45,623.529,15.46,1.91,0.046,0.029,0.814,,,2026-09-26 02:25:56
江西省,长江流域,镇埠,2026-09-26 01:00,2,27.53,6.83,6.4,97.44,0.28,1.28,,0.02,0.369,,,2026-09-26 02:25:56
江西省,长江流域,龙山口,2026-09-26 01:00,2,27.51,8.49,8.53,275.186,4.383,0.89,,0.028,0.4865,,,2026-09-26 02:25:56
江西省,长江流域,桐车湾,2026-09-26 01:00,4,28.13,7.76,4.95,386.658,0.867,1.99,0.039,0.098,2.2967,,,2026-09-26 02:25:56
江西省,长江流域,金鱼石,2026-09-26 00:00,2,28.04,7.56,6.17,327.9,6.54,0.98,0.015,0.064,1.946,,,2026-09-26 02:25:56
江西省,长江流域,邓家洲,2026-09-26 00:00,2,29.15,7.67,7.51,617.1254,3.85147,2.14,0.025,0.082,1.97471,,,2026-09-26 02:25:56
江西省,长江流域,吴城修河,2026-09-26 00:00,2,28.216,6.95,6.45,135.67,39.06,1.88,0.083,0.041,0.948,,,2026-09-26 02:25:56
江西省,长江流域,姚港,2026-09-26 00:00,2,25.73,7.47,7.36,391.69,31.48,1.55,0.055,0.075,1.849,,,2026-09-26 02:25:56
江西省,长江流域,湖口,2026-09-26 01:00,2,25.7105,7.92,7.09,350.03,25.89,1.89,0.006,0.069,2.583,,,2026-09-26 02:25:56
江西省,长江流域,蛤蟆石,2026-09-26 01:00,4,27.6,6.73,6.07,126.18,27.85,2.65,,0.053,1.808,0.00093,265127.4,2026-09-26 02:25:56
江西省,长江流域,潦河河口,2026-09-26 00:00,2,28.77,6.74,6.67,154.4,23.033,2.04,0.016,0.052,0.8836,,,2026-09-26 02:25:56
江西省,长江流域,柘林湖坝上,2026-09-26 00:00,1,28.649,8.32,9.59,100.42,1.259,1.9,0.001,0.008,0.436,,,2026-09-26 02:25:56
江西省,长江流域,洋港镇,2026-09-26 00:00,3,24.982,7.17,5.18,332.376,0.93,0.54,0.006,0.003,0.65683,,,2026-09-26 02:25:56
江西省,长江流域,修水界上桥,2026-09-26 00:00,4,28.79,7.4,4.17,154.119,6.997,2.37,0.008,0.091,1.50484,,,2026-09-26 02:25:56
江西省,长江流域,共青城寨下,2026-09-26 00:00,4,27.9,7.29,3.96,593.7,38.7,3.46,0.209,0.072,2.041,,,2026-09-26 02:25:56
江西省,长江流域,罗坊,2026-09-26 01:00,2,30.38,7.38,6.43,301.237,21.947,3.33,0.08,0.063,1.4156,,,2026-09-26 02:25:56
江西省,长江流域,孔目江江口,2026-09-26 01:00,3,29.04,7.65,5.18,325.645,27.838,2.39,0.067,0.062,0.8141,,,2026-09-26 02:25:56
江西省,长江流域,浮桥,2026-09-26 01:00,2,29.36,7.74,6.55,239.591,9.755,3.35,,,,,,2026-09-26 02:25:56
江西省,长江流域,傣家村,2026-09-26 01:00,3,29.51,8.99,7.05,175.476,7.292,4.5,0.087,0.044,0.679,0.00721,1.876342,2026-09-26 02:25:56
江西省,长江流域,炭埠周家,2026-09-26 00:00,2,28.29,6.97,8.82,138.26,2.33,0.5,,0.039,0.818,,,2026-09-26 02:25:56
江西省,长江流域,白塔河河口,2026-09-26 00:00,3,29.5,6.76,5.79,102.613,4.977,1.89,0.071,0.04,0.6184,,,2026-09-26 02:25:56
江西省,长江流域,土桥,2026-09-26 01:00,2,29.7,7.6,7.9,167.449,4.488,2,0.021,0.04,1.0205,,,2026-09-26 02:25:56
江西省,长江流域,流口村,2026-09-26 00:00,2,30.72,7.28,8.39,163.6386,7.63213,1.89,,0.055,1.136098,,,2026-09-26 02:25:56
江西省,长江流域,市自来水厂,2026-09-26 00:02,2,29.57,7.35,8.49,96.727,3.844,1.07,0.073,0.026,,,,2026-09-26 02:25:56
江西省,长江流域,新庙前,2026-09-26 00:00,2,29.72,7.33,6.8,139.581,24.377,0.81,0.01,0.035,1.3901,,,2026-09-26 02:25:56
江西省,长江流域,赣县梅林,2026-09-26 01:00,2,30.02,7.67,7.09,122.3,6.549,1.6,0.058,0.054,1.2217,,,2026-09-26 02:25:56
江西省,长江流域,梓坑,2026-09-26 00:00,2,29.56,7.36,6.57,113.23,7.209,2.19,0.073,0.061,1.3107,,,2026-09-26 02:25:56
江西省,长江流域,峡山,2026-09-26 01:00,2,30.63,7.53,7.79,118.695,2.147,1.3,0.056,0.071,1.0709,,,2026-09-26 02:25:56
江西省,长江流域,梅江江口,2026-09-26 00:00,2,30.98,7.6,6.95,103.56,8.987,1.61,0.046,0.062,0.5448,,,2026-09-26 02:25:56
江西省,长江流域,平江江口,2026-09-26 01:00,2,29.38,7.28,6.63,118.349,18.326,1.57,0.115,0.043,0.6399,,,2026-09-26 02:25:56
江西省,长江流域,上犹江江口,2026-09-26 01:00,1,27.84,7.19,8.18,81.003,10.93,1.49,0.056,0.014,1.24,,,2026-09-26 02:25:56
江西省,长江流域,龙南自来水厂,2026-09-26 01:00,2,29.4,8.18,7.43,94.157,2.789,1.1,0.034,0.032,0.6061,,,2026-09-26 02:25:56
江西省,长江流域,桃江江口,2026-09-26 00:00,3,30.24,7.29,5.54,200.347,2.836,0.98,0.06,0.046,2.2413,,,2026-09-26 02:25:56
江西省,珠江流域,兴宁电站,2026-09-26 00:00,1,30.14,8.03,9.31,65.2305,2.757983,1.73,0.032,0.02,2.127646,,,2026-09-26 02:25:56
江西省,长江流域,通津,2026-09-26 01:00,2,27.51,7.28,7.38,104.507,28.754,0.98,0.258,0.044,0.948,,,2026-09-26 02:25:56
江西省,长江流域,金滩,2026-09-26 01:00,2,29.64,7.38,7.65,109.794,15.015,1.31,0.096,0.05,1.0156,,,2026-09-26 02:25:56
江西省,长江流域,孤江江口,2026-09-26 00:00,2,31.42,7.43,7.23,90.9,9.768,2.18,0.02,0.056,0.4264,,,2026-09-26 02:25:56
江西省,长江流域,禾水河口,2026-09-26 00:00,2,29.52,7.54,7.4,121.601,10.643,1.63,0.083,0.037,0.6483,,,2026-09-26 02:25:56
江西省,长江流域,蜀水河口,2026-09-26 00:00,2,29.39,7.25,7.59,80.108,11.686,1.11,0.073,0.04,0.6971,,,2026-09-26 02:25:56
江西省,长江流域,遂川江江口,2026-09-26 00:00,3,28.38,7.65,8.11,90.157,48.28,1.12,0.068,0.183,1.1856,,,2026-09-26 02:25:56
江西省,长江流域,乌江江口,2026-09-26 01:00,2,30.65,8.24,9.6,144.224,4.159,1.92,0.099,0.036,0.4927,,,2026-09-26 02:25:56
江西省,长江流域,大洋洲,2026-09-26 01:00,2,28.64,7.76,8.1,106.256,7.538,1.27,0.084,0.048,1.1024,,,2026-09-26 02:25:56
江西省,长江流域,棚下,2026-09-26 00:00,2,27.53,7.48,7.02,228.419,8.07,1.65,0.075,0.079,1.402,,,2026-09-26 02:25:56
江西省,长江流域,丰城小港口,2026-09-26 00:00,2,29.284,7.31,8.41,109.77,5.4136,1.39,0.01,0.036,1.0953,,,2026-09-26 02:25:56
江西省,长江流域,修河港口,2026-09-26 01:00,1,27.75,7.06,7.68,44.16,1.72,0.67,0.055,0.008,0.218,,,2026-09-26 02:25:56
江西省,长江流域,超坊,2026-09-26 01:00,2,29.12,7.78,6.79,101.331,18.033,2.16,0.142,0.065,0.8712,,,2026-09-26 02:25:56
江西省,长江流域,钟岭水厂,2026-09-26 00:00,2,30.05,7.67,8.12,83.09,16.01,2.9,0.051,0.051,0.7768,,,2026-09-26 02:25:56
江西省,长江流域,临水河口,2026-09-26 00:00,2,29.01,7.18,9.16,90.7,9.75,2.28,0.076,0.05,0.658,,,2026-09-26 02:25:56
江西省,长江流域,康山,2026-09-26 00:00,5,27.42,6.54,6,139.33,69.53,3.47,0.302,0.116,1.702,0.0121,954000,2026-09-26 02:25:56
江西省,长江流域,野鸡山村,2026-09-26 01:00,2,30.25,7.3,7.84,1422.72,0.32,1.64,0.047,0.024,1.216,,,2026-09-26 02:25:56
江西省,长江流域,瑞洪大桥,2026-09-26 00:00,4,31.73,6.74,3.96,134.92,18.48,1.77,,0.052,0.874,,,2026-09-26 02:25:56
江西省,长江流域,鄱阳花园,2026-09-26 01:00,2,29.81,8.63,10.18,185.65,4.46,2.31,0.027,0.023,1.279,,,2026-09-26 02:25:56
江西省,长江流域,旗山,2026-09-26 00:00,2,30.67,7.52,7.55,146.82,12.13,1.67,0.04,0.066,0.938,,,2026-09-26 02:25:56
山东省,黄河流域,泺口,2026-09-26 00:00,2,24.73,8.36,7.98,756.89,533.9,2,0.154,0.077,2.715,,,2026-09-26 02:25:56
山东省,淮河流域,韩旺大桥,2026-09-26 01:00,2,21.903,7.81,6.67,880.137,3.382,2.37,0.018,0.011,24.91,,,2026-09-26 02:25:56
山东省,淮河流域,群乐桥,2026-09-26 00:00,4,20.49,7.75,3.38,1954.31,20.821,5.43,0.055,0.106,2.645,,,2026-09-26 02:25:56
山东省,淮河流域,王晁桥,2026-09-26 00:00,3,23.643,7.85,5.06,1241.26,22.571,2.82,0.079,0.173,5.906,,,2026-09-26 02:25:56
山东省,淮河流域,十字河大桥,2026-09-26 00:00,4,24.168,7.6,4.9,1315.84,4.454,4,0.004,0.03,0.41,,,2026-09-26 02:25:56
山东省,淮河流域,贾庄闸,2026-09-26 00:00,3,24.31,7.54,5.77,1457.24,16.722,5.13,0.282,0.122,4.359,,,2026-09-26 02:25:56
山东省,淮河流域,新夹河大桥,2026-09-26 00:00,4,21.76082,7.75,6.4,1205.399,9.5,6.65,0.056,0.07,0.60645,,,2026-09-26 02:25:56
山东省,淮河流域,峡山水库库中,2026-09-26 01:00,3,24.24,8.57,6.58,737.85,20.16,4.82,,0.026,0.326,0.01716,1.578179,2026-09-26 02:25:56
山东省,淮河流域,兖州南大桥,2026-09-26 00:00,3,24.547,7.75,5.73,1109.92,8.426,4.22,0.024,0.058,1.8559,,,2026-09-26 02:25:56
山东省,淮河流域,105公路桥,2026-09-26 00:00,4,25.158,7.62,3.01,1486.02,47.778,5.17,0.114,0.164,3.563,,,2026-09-26 02:25:56
山东省,淮河流域,高河桥,2026-09-26 00:00,5,25.366,7.84,2.28,1360.88,36.692,4.89,0.195,0.097,2.138,,,2026-09-26 02:25:56
山东省,淮河流域,老运河微山段,2026-09-26 00:00,4,25.493,7.83,4.36,1297.73,14.165,3.8,0.063,0.034,0.995,,,2026-09-26 02:25:56
山东省,淮河流域,尹沟,2026-09-26 00:00,2,24.44,8.1,7.49,1029.28,36.96,3.21,0.214,0.034,1.096,0.04,,2026-09-26 02:25:56
山东省,淮河流域,西支河入湖口,2026-09-26 00:00,5,25.223,7.99,2.33,1337.82,12.064,5.26,0.07,0.061,1.095,,,2026-09-26 02:25:56
山东省,淮河流域,鲁桥,2026-09-26 00:00,4,25.284,7.84,4.76,1765.33,30.416,5.18,0.125,0.066,0.847,,,2026-09-26 02:25:56
山东省,淮河流域,湘子庙,2026-09-26 00:00,5,24.49,8.17,2.53,1984.28,69.751,4.24,0.064,0.235,2.98252,,,2026-09-26 02:25:56
山东省,黄河流域,戴村坝,2026-09-26 00:00,3,25.35,7.62,5.62,926.14,10.39,2.66,0.089,0.036,2.994,,,2026-09-26 02:25:56
山东省,黄河流域,徐家汶,2026-09-26 00:00,3,21.90957,7.92,8.67,1384.862,4.7345,2.59,0.111,0.166,37.30723,,,2026-09-26 02:25:56
山东省,淮河流域,南桥,2026-09-26 01:00,4,22.911,7.78,4.68,2132.176,21.94,9.26,0.331,0.142,2.003,,,2026-09-26 02:25:56
山东省,淮河流域,大古镇,2026-09-26 00:00,6,22.52,6.88,2.45,535.53,26.29,6.85,0.265,0.43,6.73,,,2026-09-26 02:25:56
山东省,淮河流域,夏庄,2026-09-26 00:00,4,21.38,7.97,5.47,840.5,22.3,8.04,0.034,0.225,2.05465,,,2026-09-26 02:25:56
山东省,黄河流域,贺小庄,2026-09-26 01:00,2,24.514,7.55,6.44,834.144,8.474,3.65,0.081,0.004,1.08,,,2026-09-26 02:25:56
山东省,淮河流域,临沂北大桥,2026-09-26 00:00,4,22.91,8.6,6.23,425.75,26.62,7.22,0.073,0.085,1.587,,,2026-09-26 02:25:56
山东省,淮河流域,捷庄,2026-09-26 00:00,3,23.88,7.52,5.74,561.735,12.328,5.94,0.244,0.108,1.238,,,2026-09-26 02:25:56
山东省,淮河流域,临沭大兴桥,2026-09-26 00:00,3,22.465,7.19,6.97,585.939,16.375,5.77,,0.094,1.336,,,2026-09-26 02:25:56
山东省,淮河流域,310公路桥,2026-09-26 00:00,6,23,7.3,0.79,727.97,1.74,4.4,0.028,0.124,0.248,,,2026-09-26 02:25:56
山东省,淮河流域,沙沟桥,2026-09-26 00:00,4,21.47,7.37,3.29,752.55,5.28,3.95,0.144,0.134,1.701,,,2026-09-26 02:25:56
山东省,淮河流域,云蒙湖湖心,2026-09-26 00:00,3,21.43,8.61,9.36,418.8,1.72,4.72,0.038,0.021,2.82,0.01294,9242840,2026-09-26 02:25:56
山东省,海河流域,董姑桥,2026-09-26 01:00,2,23.547,8.46,6.43,1243.5,14.191,3.9,0.002,0.032,0.763,,,2026-09-26 02:25:56
山东省,海河流域,油坊桥,2026-09-26 01:00,3,24.87,7.99,6.43,1112.108,93.254,2.4,0.116,0.135,5.072,,,2026-09-26 02:25:56
山东省,海河流域,秤勾湾,2026-09-26 00:00,3,25.22,7.96,5.91,1158.99,94.11,2.42,0.773,0.128,7.0461,,,2026-09-26 02:25:56
山东省,海河流域,北湖,2026-09-26 01:00,2,25.12,8.79,10.31,917.17,2.04,2.74,0.097,0.011,1.649,0.01512,1.123555,2026-09-26 02:25:56
山东省,淮河流域,于楼,2026-09-26 00:00,5,24.052,8.42,2.99,2102.09,27.031,5.12,0.159,0.22,1.054,,,2026-09-26 02:25:56
山东省,淮河流域,徐寨,2026-09-26 00:00,4,24.321,8.19,4.15,2429.58,26.872,4.27,0.165,0.167,1.251,,,2026-09-26 02:25:56
河南省,黄河流域,花园口,2026-09-26 00:00,2,22.71901,8.11,8.08,923.6146,192.3179,2.79,0.143,0.07,2.944008,,,2026-09-26 02:25:56
河南省,黄河流域,七里铺,2026-09-26 00:00,4,24.1993,7.72,7.08,712.845,22.3052,2.73,0.285,0.273,4.861,,,2026-09-26 02:25:56
河南省,淮河流域,尖岗水库,2026-09-26 00:00,2,24.41,8.73,9.72,256.2334,3.2686,2.49,,0.008,0.3195,,,2026-09-26 02:25:56
河南省,淮河流域,新郑黄甫寨,2026-09-26 00:00,2,23.95,7.77,6.58,1043.27,19.78,2.31,0.241,0.049,3.8873,,,2026-09-26 02:25:56
河南省,淮河流域,中牟陈桥,2026-09-26 00:00,4,24.66,7.82,6.72,794.95,81.56,6.27,0.371,0.148,4.559,,,2026-09-26 02:25:56
河南省,黄河流域,高崖寨,2026-09-26 00:00,2,22.62,8.1,7.24,492.27,9.23,2.52,0.116,0.05,3.404,,,2026-09-26 02:25:56
河南省,淮河流域,紫罗山,2026-09-26 00:00,3,20.75138,7.84,8.06,262.0558,54.49611,4.12,0.167,0.089,4.39018,,,2026-09-26 02:25:56
河南省,黄河流域,白马寺,2026-09-26 00:00,3,23.82,7.87,6.77,706.2,26.8,2.42,0.264,0.147,4.597,,,2026-09-26 02:25:56
河南省,淮河流域,大陈闸,2026-09-26 00:00,2,23.91415,7.91,6.45,834.4946,5.52426,0.66,0.015,0.032,7.45637,,,2026-09-26 02:25:56
河南省,淮河流域,舞钢石庄桥,2026-09-26 00:00,4,22.87911,7.47,4.65,643.3391,14.9253,3.45,0.175,0.223,3.93971,,,2026-09-26 02:25:56
河南省,海河流域,彰武水库,2026-09-26 00:00,1,24.649,8.14,9.65,577.2,3.94,1.43,,0.01,2.7114,,,2026-09-26 02:25:56
河南省,海河流域,冯宿桥,2026-09-26 00:00,2,24.61,7.97,7.19,800.2883,23.83,2.97,0.162,0.067,5.1473,,,2026-09-26 02:25:56
河南省,海河流域,五陵,2026-09-26 00:00,3,24.49,7.83,6.41,1270.3,101.5,3.02,0.021,0.169,7.366,,,2026-09-26 02:25:56
河南省,海河流域,石辛庄,2026-09-26 00:00,3,24.63,8.09,8.83,1507.096,38.642,5.96,0.178,0.09,9.5342,,,2026-09-26 02:25:56
河南省,海河流域,黄花营,2026-09-26 00:00,1,24.67,8.32,10.06,493.0252,4.1517,0.77,0.007,0.012,4.6938,,,2026-09-26 02:25:56
河南省,海河流域,前枋城,2026-09-26 00:00,1,23.423,7.59,7.51,605.39,9.031,1.25,0.006,,5.8107,,,2026-09-26 02:25:56
河南省,海河流域,卫河小河口,2026-09-26 00:00,3,24.08,7.98,7.67,1266.76,125.06,3.17,0.336,0.16,7.2635,,,2026-09-26 02:25:56
河南省,海河流域,修武水文站,2026-09-26 00:00,4,24.22,7.84,6.9,2888.895,52.34,3.98,0.483,0.216,8.9801,,,2026-09-26 02:25:56
河南省,海河流域,获嘉东碑村,2026-09-26 00:00,3,24.4,7.75,5.97,1918.66,58.62,5.2,0.148,0.15,5.226,,,2026-09-26 02:25:56
河南省,黄河流域,封丘陶北,2026-09-26 00:00,3,23.62,8.04,6.66,1009.04,52.99,2.78,0.056,0.132,2.967,,,2026-09-26 02:25:56
河南省,黄河流域,封丘王堤,2026-09-26 00:00,2,23.301,7.59,6.47,961.66,34.54,3.09,0.083,0.073,2.8217,,,2026-09-26 02:25:56
河南省,海河流域,新乡贾太湖,2026-09-26 00:00,3,23.46,8.2,8.08,708.625,859.94,2.89,,0.182,3.6121,,,2026-09-26 02:25:56
河南省,黄河流域,武陟渠首,2026-09-26 00:00,3,24.22,7.98,8.25,900.84,30.52,1.78,0.032,0.114,4.27,,,2026-09-26 02:25:56
河南省,黄河流域,孟州石井,2026-09-26 00:00,5,25.43155,7.62,3.93,3195.854,65.04903,,0.008,0.353,6.32429,,,2026-09-26 02:25:56
河南省,黄河流域,孟州还封村,2026-09-26 00:00,4,23.02414,7.72,5.28,1328.419,19.47752,3.23,1.24,0.281,11.51017,,,2026-09-26 02:25:56
河南省,海河流域,南乐元村集,2026-09-26 00:00,3,22.32,7.97,8.81,1257.39,123.74,2.46,0.061,0.161,7.047,,,2026-09-26 02:25:56
河南省,海河流域,南乐水文站,2026-09-26 00:00,4,25.15,8.2,7.16,859.4969,90.42,6.48,0.412,0.23,4.0994,,,2026-09-26 02:25:56
河南省,黄河流域,濮阳大韩桥,2026-09-26 00:00,5,23.91,7.4,2.68,918.26,57.76,2.93,0.132,0.12,1.554,,,2026-09-26 02:25:56
河南省,淮河流域,白沙水库,2026-09-26 00:00,4,23.9345,7.8,4.87,722.406,4.2329,3.1,0.008,0.016,3.6191,,,2026-09-26 02:25:56
河南省,淮河流域,召陵武湾,2026-09-26 00:00,2,23.83,7.86,7.66,611.6,39.74,3.53,0.079,0.085,3.691,,,2026-09-26 02:25:56
河南省,淮河流域,郾城漯邓桥,2026-09-26 00:00,4,24.5,7.62,4.92,1714.7,20.21,3.77,0.1,0.256,3.52,,,2026-09-26 02:25:56
河南省,淮河流域,叶舞公路桥,2026-09-26 00:00,2,22.696,7.37,6.45,357.84,14.349,3.2,0.008,0.074,3.017,,,2026-09-26 02:25:56
河南省,淮河流域,临颍高村桥,2026-09-26 00:00,4,24.39,7.48,6.57,1008.1,26.49,3.48,1.216,0.219,10.544,,,2026-09-26 02:25:56
河南省,黄河流域,洛河大桥,2026-09-26 00:00,1,20.36,8.23,8.5,463.737,21.314,0.97,0.074,0.02,1.6537,,,2026-09-26 02:25:56
河南省,黄河流域,三门峡水库,2026-09-26 00:00,2,22.21,8.01,6.81,1037.454,1406.376,1.43,0.002,0.016,3.67002,0.01174,1.002964,2026-09-26 02:25:56
河南省,长江流域,淅川荆紫关,2026-09-26 00:00,2,23.2377,8.07,7.39,386.1596,5.801062,1.6,0.009,0.02,1.831,,,2026-09-26 02:25:56
河南省,长江流域,淅川史家湾,2026-09-26 00:00,2,23.25,8.03,7.09,399.184,10.756,1.56,,0.018,1.7909,0.00142,,2026-09-26 02:25:56
河南省,长江流域,淅川高湾,2026-09-26 00:00,2,22.62,7.83,7.38,410.773,14.245,1.46,0.07,0.03,1.4249,0.0041,,2026-09-26 02:25:56
河南省,长江流域,淅川张营,2026-09-26 00:00,4,25.15,7.51,4.03,326.957,5.283,2.69,0.054,0.024,1.4308,0.00318055,,2026-09-26 02:25:56
河南省,长江流域,五龙泉,2026-09-26 00:00,3,24.13,7.76,5.2,265.61,3.85,1.82,0.002,0.012,0.805,0.0015,713708.6,2026-09-26 02:25:56
河南省,长江流域,陶岔,2026-09-26 00:00,2,24.87,8.02,6.03,259.637,4.819,1.51,0.002,0.014,0.8146,0.0019,756892,2026-09-26 02:25:56
河南省,长江流域,上河,2026-09-26 00:00,1,21.22,8.14,8.73,234.3147,5.78624,1.1,0.003,0.002,0.29871,,,2026-09-26 02:25:56
河南省,淮河流域,新野溧河桥,2026-09-26 00:00,2,23.18777,7.73,7.33,433.7602,30.52339,3.31,0.008,0.086,2.85675,,,2026-09-26 02:25:56
河南省,淮河流域,吕楼桥,2026-09-26 00:00,6,23.5,7.78,3.24,1970.66,75.616,7.92,0.754,0.458,3.407,,,2026-09-26 02:25:56
河南省,淮河流域,黄口,2026-09-26 01:00,3,24.16,8.12,5.79,2144.823,12.496,4.3,0.171,0.062,3.7444,,,2026-09-26 02:25:56
河南省,淮河流域,长台关甘岸桥,2026-09-26 00:00,3,23.24,7.45,6.19,324.64,11.29,4.09,0.016,0.057,1.299,,,2026-09-26 02:25:56
河南省,淮河流域,息县大埠口,2026-09-26 00:00,3,23.52237,7.31,5.33,297.3777,16.91171,2.89,0.019,0.049,0.79341,,,2026-09-26 02:25:56
河南省,淮河流域,潢川水文站,2026-09-26 00:00,3,24.3296,7.02,7.57,214.111,17.1966,3.52,0.032,0.12,2.0236,,,2026-09-26 02:25:56
河南省,淮河流域,淮滨北庙,2026-09-26 00:00,2,25.11,7.33,6.92,235.8173,56.12797,2.96,0.007,0.075,1.22118,,,2026-09-26 02:25:56
河南省,淮河流域,竹竿铺,2026-09-26 00:00,2,23.45,7.51,6.47,185.94,16.74,2.76,0.03,0.063,0.651,,,2026-09-26 02:25:56
河南省,淮河流域,固始马罡,2026-09-26 00:00,5,24.0179,7.18,2.85,209.589,6.0369,2.71,0.013,0.031,0.6484,,,2026-09-26 02:25:56
河南省,淮河流域,老沈丘泉河桥,2026-09-26 00:00,5,24.67,7.66,2.71,979.749,29.323,3.56,0.04,0.112,3.2399,,,2026-09-26 02:25:56
河南省,淮河流域,西华大王庄,2026-09-26 01:00,3,23.6422,7.85,6.4,886.05,57.9287,4.32,0.275,0.145,4.432,,,2026-09-26 02:25:56
河南省,淮河流域,周口康店,2026-09-26 00:00,4,24.69,7.59,4.89,806.1425,10.52,3.21,0.27,0.088,4.9455,,,2026-09-26 02:25:56
河南省,淮河流域,商水双桥,2026-09-26 00:00,4,24.31,7.51,4.8,799.1273,21.4426,3.02,,0.141,5.686,,,2026-09-26 02:25:56
河南省,淮河流域,鄢陵陶城闸,2026-09-26 00:00,3,23.2,7.73,5.58,1160.8,23.87,3.45,0.36,0.187,8.4955,,,2026-09-26 02:25:56
河南省,淮河流域,鹿邑付桥,2026-09-26 00:00,6,24.75,7.56,1.47,857.277,27.881,5.02,0.349,0.112,2.1094,,,2026-09-26 02:25:56
河南省,淮河流域,西华址坊,2026-09-26 01:00,3,23.06,7.9,6.38,1063.72,99.09,4.28,0.357,0.193,9.481,,,2026-09-26 02:25:56
河南省,淮河流域,冯塘邱屯,2026-09-26 00:00,4,23.25,7.48,3.22,1095.066,86.15266,4.38,0.842,0.184,5.03731,,,2026-09-26 02:25:56
河南省,淮河流域,鹿邑宋河桥,2026-09-26 01:00,5,24.15,7.48,2.29,1171.89,33.36,4.9,0.143,0.151,2.857,,,2026-09-26 02:25:56
河南省,淮河流域,西平杨庄,2026-09-26 00:00,3,21.8,7.59,6.36,879.934,25.98833,3.71,0.164,0.146,4.60122,,,2026-09-26 02:25:56
河南省,淮河流域,板桥水库,2026-09-26 00:00,4,21.88,7.17,4.58,94.6548,8.06,3.2,0.016,0.019,0.665,,,2026-09-26 02:25:56
河南省,淮河流域,西平王孟寺,2026-09-26 00:00,3,22.58929,7.22,5.51,926.7726,28.2991,2.32,0.14,0.178,4.49298,,,2026-09-26 02:25:56
河南省,黄河流域,小浪底水库,2026-09-26 00:00,2,24.07,8.13,6.51,956.963,9.733,1.93,0.039,0.036,3.0621,,,2026-09-26 02:25:56
河南省,黄河流域,南山,2026-09-26 00:00,2,22.32576,8.18,7.73,1097.224,10.34608,1.53,0.004,0.021,3.20906,0.00882,2380687,2026-09-26 02:25:56
湖北省,长江流域,沐家泾,2026-09-26 01:00,3,26.84,7.1,6.97,201.032,102.777,4.99,0.01,0.129,1.788,,,2026-09-26 02:25:56
湖北省,长江流域,牛山湖湖心,2026-09-26 01:00,2,26.25,7.94,7.68,195.464,12.489,3.73,,0.017,0.44,0.0041,1.572609,2026-09-26 02:25:56
湖北省,长江流域,西梁子湖湖北,2026-09-26 01:00,3,26.1357,7.51,5.76,195.23,51.848,3.23,,0.028,0.156,0.00815,4935713,2026-09-26 02:25:56
湖北省,长江流域,杨泗港,2026-09-26 00:00,2,26.35,7.71,7.37,307.597,27.84,1.16,,,2.061,,,2026-09-26 02:25:56
湖北省,长江流域,龙口,2026-09-26 00:00,3,26.23,8.13,8.95,215.67,22.24,5.49,0.06,0.054,0.932,,,2026-09-26 02:25:56
湖北省,长江流域,金水闸,2026-09-26 01:00,5,25.42,7.15,2.94,316.35,28.34,7.11,0.236,0.028,1.063,,,2026-09-26 02:25:56
湖北省,长江流域,滠口,2026-09-26 00:00,2,26.14,7.8,8.56,217.7408,21.4,3.6,0.049,0.074,,,,2026-09-26 02:25:56
湖北省,长江流域,白浒山,2026-09-26 00:00,2,26.11,7.74,6.27,357.5952,35.53262,1.18,0.002,0.076,2.254133,,,2026-09-26 02:25:56
湖北省,长江流域,挖沟泵站,2026-09-26 00:00,3,28.14957,7.32,6.95,1374.743,23.06843,4.25,0.083,0.094,1.837704,,,2026-09-26 02:25:56
湖北省,长江流域,富池闸,2026-09-26 00:00,2,29.21,7.98,9.36,222.2276,8.893378,2.43,0.009,0.033,0.9462296,,,2026-09-26 02:25:56
湖北省,长江流域,大冶湖闸,2026-09-26 00:00,6,30.23,9.05,20.76,305.13,17.71,6.35,0.054,0.099,1.165,,,2026-09-26 02:25:56
湖北省,长江流域,夹河口,2026-09-26 00:00,4,23.33,7.73,4.26,309.2367,11.37,1.82,0.052,0.02,1.403,,,2026-09-26 02:25:56
湖北省,长江流域,天河口,2026-09-26 00:00,2,22.558,7.76,8.32,378.077,22.82,2.24,0.261,0.057,1.8343,,,2026-09-26 02:25:56
湖北省,长江流域,孙家湾,2026-09-26 00:00,2,24.05,8.03,8.03,218.46,11.42,2.71,0.021,0.03,1.193,,,2026-09-26 02:25:56
湖北省,长江流域,浪河口,2026-09-26 00:00,2,22.71,7.54,7.86,155.3553,7.56,3.08,0.039,0.026,1.655,,,2026-09-26 02:25:56
湖北省,长江流域,丹江口水库坝上中,2026-09-26 00:00,3,25.44,7.73,5.24,247.397,1.085401,1.7,0.086,0.006,0.9869,0.0017863,5183000,2026-09-26 02:25:56
湖北省,长江流域,陈家坡,2026-09-26 00:00,2,23.64,7.69,6.22,297.19,11.29,1.8,0.038,0.024,1.2568,,,2026-09-26 02:25:56
湖北省,长江流域,潘口水库坝上,2026-09-26 00:00,2,23.54,7.93,6.03,192.8,1.8,1.72,0.001,0.011,0.806,,,2026-09-26 02:25:56
湖北省,长江流域,剑河口,2026-09-26 00:00,2,25.31,7.2,7,225.78,0.19,2.3,0.013,0.02,1.074,,,2026-09-26 02:25:56
湖北省,长江流域,东湾桥,2026-09-26 00:00,5,20.25,7.43,8.96,220.3334,181.45,10.35,0.231,0.212,4.2196,,,2026-09-26 02:25:56
湖北省,长江流域,王河电站,2026-09-26 00:00,2,22.48,8,7.07,419.062,7.6,1.6,0.068,0.019,1.2216,,,2026-09-26 02:25:56
湖北省,长江流域,隔河岩水库坝上,2026-09-26 00:00,2,20.64,7.88,7.06,226.79,1.74,1.18,0.007,0.009,1.797,0.03354,2196279,2026-09-26 02:25:56
湖北省,长江流域,长沙坝,2026-09-26 00:00,2,24.948,7.52,6.84,436.501,4.756,1.68,0.009,0.044,2.37,,,2026-09-26 02:25:56
湖北省,长江流域,清江大桥,2026-09-26 00:00,2,21.61,7.57,6.94,360.57,9.23,1.32,,0.024,2.909,,,2026-09-26 02:25:56
湖北省,长江流域,南津关,2026-09-26 01:00,2,26.24,7.74,7.3,405.383,4.939407,1.79,0.007,0.045,2.253,0.0342074,,2026-09-26 02:25:56
湖北省,长江流域,马渡河,2026-09-26 00:00,2,22.28,7.67,7,368.23,6.45,2.17,0.002,0.039,2.543,,,2026-09-26 02:25:56
湖北省,长江流域,铁路大桥,2026-09-26 00:00,2,22.41,7.85,7.76,501.8,51.3,2.54,0.052,0.068,2.332,,,2026-09-26 02:25:56
湖北省,长江流域,两河口,2026-09-26 00:00,2,23.997,7.61,7.29,553.1225,25.0085,3.26,0.043,0.056,2.4267,,,2026-09-26 02:25:56
湖北省,长江流域,桅杆坪,2026-09-26 00:00,4,20.05,7.4,4.51,278.48,0.82,0.96,,0.022,2.714,,,2026-09-26 02:25:56
湖北省,长江流域,白石港,2026-09-26 00:00,2,23.76,8.08,7.76,317.41,2.454,2.6,0.001,0.024,1.239,,,2026-09-26 02:25:56
湖北省,长江流域,云池,2026-09-26 00:00,2,26.05,7.84,6.58,404.59,6.79,1.36,,0.042,2.037,,,2026-09-26 02:25:56
湖北省,长江流域,翟湾,2026-09-26 00:00,3,22.9,7.69,6.15,506.3323,47.5321,3.72,,0.122,2.4516,,,2026-09-26 02:25:56
湖北省,长江流域,埠口,2026-09-26 00:00,3,23.49023,7.79,5.35,530.3013,31.73181,3.04,0.06,0.161,2.31121,,,2026-09-26 02:25:56
湖北省,长江流域,张湾,2026-09-26 00:00,3,22.72,7.37,5.64,481.5226,25.98,3.49,0.155,0.137,3.005,,,2026-09-26 02:25:56
湖北省,长江流域,余家湖,2026-09-26 00:00,2,23.31,7.85,6.48,334.8219,22.59,2.29,0.037,0.033,1.325,,,2026-09-26 02:25:56
湖北省,长江流域,聂家滩,2026-09-26 00:00,2,23.66,7.81,7.44,319.7932,5.74,1.67,0.04,0.051,1.467,,,2026-09-26 02:25:56
湖北省,长江流域,汤店,2026-09-26 00:00,4,23.96,7.47,3.86,688.5535,7.82,4.85,0.197,0.091,1.505,,,2026-09-26 02:25:56
湖北省,长江流域,沈湾,2026-09-26 00:00,3,19.02,7.68,5.27,309.9,2.95,2,0.063,0.024,1.384,,,2026-09-26 02:25:56
湖北省,长江流域,朱市,2026-09-26 00:00,3,23.05,7.97,6.83,585.8047,28.39,2.73,0.078,0.129,2.26,,,2026-09-26 02:25:56
湖北省,长江流域,茶庵,2026-09-26 00:00,2,23.8,8.08,7.29,351.0906,3.56,1.15,0.023,0.025,1.408,,,2026-09-26 02:25:56
湖北省,长江流域,马兰河口,2026-09-26 00:00,2,22.56,7.95,7.81,334,3.58,1.2,0.015,0.057,1.956,,,2026-09-26 02:25:56
湖北省,长江流域,燕矶,2026-09-26 00:00,2,26.24,7.69,7.56,340.21,27.64,1.43,0.065,0.057,2.155,,,2026-09-26 02:25:56
湖北省,长江流域,东梁子湖湖心,2026-09-26 01:00,2,27.49,8.39,10.79,193.58,13.413,3.65,,0.024,0.637,,,2026-09-26 02:25:56
湖北省,长江流域,梁子湖七星站,2026-09-26 00:00,2,28.37,7.87,7.53,196.1848,18.79279,3.73,0.112,0.015,0.8348192,0.03695783,,2026-09-26 02:25:56
湖北省,长江流域,漳河水库库心,2026-09-26 00:00,1,24.13,8.35,9.23,308.2254,10.8369,1.66,0.082,0.004,0.448,0.00018,9984000,2026-09-26 02:25:56
湖北省,长江流域,转斗,2026-09-26 00:00,2,22.92,7.63,7.19,399.792,11.5948,3.08,0.016,0.053,1.582,,,2026-09-26 02:25:56
湖北省,长江流域,罗汉闸,2026-09-26 00:00,2,24.09,7.71,8.72,354.28,34.76,1.69,0.017,0.071,1.5972,,,2026-09-26 02:25:56
湖北省,长江流域,京山河邓李港,2026-09-26 00:00,3,26.44,7.78,7.58,468.4787,9.5452,3.14,0.027,0.126,2.047,,,2026-09-26 02:25:56
湖北省,长江流域,马良龚家湾,2026-09-26 00:00,4,24.716,7.3,3.98,1462.14,49.6021,3.69,0.218,0.145,4.763,,,2026-09-26 02:25:56
湖北省,长江流域,应城公路桥,2026-09-26 00:00,2,26.09,8.19,10.12,527.41,10.5322,2.04,0.009,0.027,0.2487,,,2026-09-26 02:25:56
湖北省,长江流域,田店泵站,2026-09-26 00:00,2,25.22,7.94,7.62,485.48,21.822,2.06,,0.03,0.5902,,,2026-09-26 02:25:56
湖北省,长江流域,新沟闸,2026-09-26 00:00,4,26.57,7.69,4.24,449.16,13.42,3.54,0.056,0.076,1.374,,,2026-09-26 02:25:56
湖北省,长江流域,小河,2026-09-26 00:00,2,26.6,8,7.48,387.56,42.55,3.79,0.02,0.057,1.89,,,2026-09-26 02:25:56
湖北省,长江流域,孝昌王店,2026-09-26 00:00,3,25.41,7.32,8.19,371.46,7.0574,4.32,0.019,0.068,1.7778,,,2026-09-26 02:25:56
湖北省,长江流域,孝感河口大桥,2026-09-26 00:00,4,25.51,7.33,3.68,344.442,20.678,4.11,0.01,0.071,1.2938,,,2026-09-26 02:25:56
湖北省,长江流域,大悟河口,2026-09-26 00:00,2,25.65,7.62,6.82,262.3,6.79,2.9,,0.027,0.3342,,,2026-09-26 02:25:56
湖北省,长江流域,安陆桑树,2026-09-26 00:00,2,26.06,7.81,6.78,535.01,11.9616,2.03,,0.027,0.57266,,,2026-09-26 02:25:56
湖北省,长江流域,隔蒲桥,2026-09-26 00:00,3,26.71,7.57,9.42,419.74,13.183,5.22,0.103,0.061,1.46,,,2026-09-26 02:25:56
湖北省,长江流域,汉川新堰,2026-09-26 00:00,4,26.12,7.26,3.76,529.39,43.019,3.51,0.286,0.131,2.321,,,2026-09-26 02:25:56
湖北省,长江流域,杨柴湖,2026-09-26 00:00,4,26,6.99,3.13,355.8,44.5,4.46,0.004,0.087,0.307,0.00255,1450286,2026-09-26 02:25:56
湖北省,长江流域,排水闸,2026-09-26 00:00,3,26.83,7.84,6.72,395.0604,49.7728,3.08,,0.05,1.29,0.00174,3.192719,2026-09-26 02:25:56
湖北省,长江流域,洪湖湖心,2026-09-26 00:00,2,27.8,8.32,7.83,373.201,49.881,2.56,0.029,0.021,1.182,0.0017,32499.8,2026-09-26 02:25:56
湖北省,长江流域,观音寺,2026-09-26 00:00,2,26.1,7.85,7.78,393.99,10.1,1.27,,0.051,2.495,,,2026-09-26 02:25:56
湖北省,长江流域,荆州河口,2026-09-26 00:00,2,25.01,7.71,7.35,512.0421,41.0983,3.17,,0.068,2.5253,,,2026-09-26 02:25:56
湖北省,长江流域,康家岗,2026-09-26 00:00,2,26.3,8,9.02,485.274,33.3595,1.78,0.005,0.033,1.6616,,,2026-09-26 02:25:56
湖北省,长江流域,杨家垱,2026-09-26 00:00,2,26.93,8.27,9.06,402.58,27.34,,0.003,0.063,2.073,,,2026-09-26 02:25:56
湖北省,长江流域,调关,2026-09-26 00:00,2,26.41,7.78,7.87,381.6761,24.8559,1.08,,0.049,2.1067,,,2026-09-26 02:25:56
湖北省,长江流域,三兴公,2026-09-26 00:00,3,27.06,7.89,8.12,504.977,219.795,4.16,0.016,0.057,0.743,,,2026-09-26 02:25:56
湖北省,长江流域,姚集,2026-09-26 00:00,3,27.2,7.68,5.85,459.2,39.9,2.59,0.064,0.09,2.056,,,2026-09-26 02:25:56
湖北省,长江流域,乌溪沟,2026-09-26 01:00,2,24.2214,8.25,8.89,357.8114,7.069251,0.96,0.017,0.071,2.661881,,,2026-09-26 02:25:56
湖北省,长江流域,巴河镇河口,2026-09-26 01:00,3,27.139,6.77,5.55,186.055,8.44,2.78,,0.044,0.854,,,2026-09-26 02:25:56
湖北省,长江流域,兰溪大桥,2026-09-26 01:00,3,28.887,8.72,10.37,168.535,5.486,4.6,0.015,0.04,1.106,,,2026-09-26 02:25:56
湖北省,长江流域,蕲春县八里湖,2026-09-26 00:00,3,27.92,7.04,5.64,235.0466,93.44,3.06,0.261,0.135,2.353,,,2026-09-26 02:25:56
湖北省,长江流域,咸宁湖心,2026-09-26 01:00,3,28.31,8.71,10.11,238.603,30.569,5.42,0.063,0.049,0.799,0.00959,5013477,2026-09-26 02:25:56
湖北省,长江流域,富水水库,2026-09-26 00:00,3,28.45,8.78,11.57,239.3268,15.19,3.02,0.019,0.027,0.67,0.01,2.8411,2026-09-26 02:25:56
湖北省,长江流域,窑嘴大桥,2026-09-26 00:00,4,28.41,7.5,4.24,393.7339,17.6,1.51,0.01,0.086,2.293,,,2026-09-26 02:25:56
湖北省,长江流域,陆溪口,2026-09-26 00:00,2,27.78,7.53,7.46,239.65,3.84,3.69,0.152,0.064,0.996,,,2026-09-26 02:25:56
湖北省,长江流域,洪下水文站,2026-09-26 00:00,2,26.8,8.2,8.48,164.8,3.59,0.8,0.001,0.041,0.821,,,2026-09-26 02:25:56
湖北省,长江流域,厉山,2026-09-26 00:00,3,25.04,7.6,7.05,514.1787,19.87,3.54,0.015,0.12,2.5779,,,2026-09-26 02:25:56
湖北省,长江流域,平林,2026-09-26 00:00,3,25.38,8.34,10.73,379.895,3.793,5.5,0.027,0.069,1.29,,,2026-09-26 02:25:56
湖北省,长江流域,涢水大桥,2026-09-26 00:00,4,24.72,7.35,4.34,414.5978,14.67,3.55,0.023,0.056,0.7289,,,2026-09-26 02:25:56
湖北省,长江流域,江口村,2026-09-26 00:00,1,24.88,8.6,11.35,185.97,4.666,1.12,0.029,0.012,1.054,,,2026-09-26 02:25:56
湖北省,长江流域,恩施大沙坝,2026-09-26 00:00,2,20.31,8.09,7.97,312.13,23.7,1.97,0.062,0.079,3.229,,,2026-09-26 02:25:56
湖北省,长江流域,雪照河,2026-09-26 00:00,2,18.49,8.2,9.42,307.73,31.823,2.22,,0.081,3.366,,,2026-09-26 02:25:56
湖北省,长江流域,周家坝,2026-09-26 00:00,2,20.38,7.75,8,199.88,102.446,1.56,0.084,0.041,2.438,,,2026-09-26 02:25:56
湖北省,长江流域,积玉口荷花村,2026-09-26 00:00,4,25.22,7.51,4.97,471.3663,39.5762,3.72,0.199,0.111,1.613,,,2026-09-26 02:25:56
湖北省,长江流域,潜江大桥,2026-09-26 00:00,2,24.03,7.78,8.08,397.1054,13.34,2.16,,0.043,1.487,,,2026-09-26 02:25:56
湖北省,长江流域,岳口,2026-09-26 00:00,2,25.5,7.96,6.61,408.4,20.05,2.2,0.02,0.052,1.927,,,2026-09-26 02:25:56
湖北省,长江流域,拖市,2026-09-26 00:00,4,24.69,7.38,4.81,854.8,24.676,5.64,0.54,0.146,3.1025,,,2026-09-26 02:25:56
湖北省,长江流域,阳日湾,2026-09-26 00:00,2,17.705,8.21,9.22,314.039,6.234,1.11,0.058,0.039,1.159,,,2026-09-26 02:25:56
湖南省,长江流域,昭山,2026-09-26 00:00,2,27,7.43,7.47,210.1,12.6,1.52,,0.048,1.477,,,2026-09-26 02:25:56
湖南省,长江流域,捞刀河口,2026-09-26 00:00,2,29.39,8.09,9.7,271.9,8.6412,2.95,0.166,0.095,2.562,,,2026-09-26 02:25:56
湖南省,长江流域,三角洲,2026-09-26 00:00,3,29.3,8.21,11.07,263.61,6.58,3.04,0.016,0.138,3.634,,,2026-09-26 02:25:56
湖南省,长江流域,胜利,2026-09-26 00:00,2,28.18,7.23,7.41,277.85,7.01,3.03,0.056,0.058,1.341,,,2026-09-26 02:25:56
湖南省,长江流域,桔子洲,2026-09-26 00:00,2,26.97,7.78,7.33,213.4472,8.86,0.74,0.027,0.068,1.307,,,2026-09-26 02:25:56
湖南省,长江流域,湘东沿塘,2026-09-26 00:00,2,30.375,7.57,6.76,82.798,3.252,0.88,0.024,0.036,0.817,,,2026-09-26 02:25:56
湖南省,长江流域,马家河,2026-09-26 01:00,2,27.75,7.57,7.1,219.51,4.08,1.61,0.052,0.055,1.491,,,2026-09-26 02:25:56
湖南省,长江流域,渌水入河口,2026-09-26 01:00,2,28.0305,7.55,6.67,275.0795,4.8215,1.44,0.039,0.073,1.672,,,2026-09-26 02:25:56
湖南省,长江流域,西阳渡口,2026-09-26 00:00,2,26.59,8.02,12.44,328.11,9.134,1.33,0.056,0.025,1.704,,,2026-09-26 02:25:56
湖南省,长江流域,舂陵水入湘江口,2026-09-26 01:00,2,27.128,7.86,7.02,274.6679,6.8174,0.94,0.015,0.045,1.1992,,,2026-09-26 02:25:56
湖南省,长江流域,熬洲,2026-09-26 00:00,2,27.05,7.43,7.15,194.7981,2.9852,0.8,,0.046,1.2513,,,2026-09-26 02:25:56
湖南省,长江流域,洣水入湘江口,2026-09-26 01:00,2,28.373,7.91,7.6,115.13,9.97,0.96,0.025,0.039,1.019,,,2026-09-26 02:25:56
湖南省,长江流域,城北水厂,2026-09-26 00:00,2,26.65,7.92,7.7,222.07,10.7,1.16,0.006,0.045,1.3142,,,2026-09-26 02:25:56
湖南省,长江流域,塘渡口,2026-09-26 00:00,2,26.98,7.72,7.57,157.4543,1.7722,0.69,0.032,0.027,1.207,,,2026-09-26 02:25:56
湖南省,长江流域,窑市,2026-09-26 00:00,2,27.04,7.24,7.45,56.0029,6.3229,1.03,0.027,0.025,0.415,,,2026-09-26 02:25:56
湖南省,长江流域,渡头村,2026-09-26 00:00,2,28.5,7.73,6.35,219.988,5.2642,1.42,0.044,0.047,1.106,,,2026-09-26 02:25:56
湖南省,长江流域,邵水入河口,2026-09-26 00:00,3,27.74,7.39,5.76,402.391,15.704,2.8,0.108,0.074,2.157,,,2026-09-26 02:25:56
湖南省,长江流域,绥宁河口镇,2026-09-26 00:00,1,26.2866,7.47,7.52,90.6899,2.3483,0.78,,0.016,0.5957,,,2026-09-26 02:25:56
湖南省,长江流域,岳阳楼,2026-09-26 00:00,3,26.83,7.68,6.86,225.783,37.60939,1.38,0.017,0.031,1.3211,0.000252,217253,2026-09-26 02:25:56
湖南省,长江流域,樟树港,2026-09-26 00:00,3,22.54,7.7,11.29,212.833,21.341,1.3,0.003,0.13,1.274,,,2026-09-26 02:25:56
湖南省,长江流域,城陵矶,2026-09-26 01:00,2,26.4,7.6,6.6,226.101,54.21926,2.06,0.006,0.035,1.39,,,2026-09-26 02:25:56
湖南省,长江流域,荆江口,2026-09-26 00:00,2,27.55,7.76,6.49,390.4327,11.5002,1,0.067,0.045,2.3066,,,2026-09-26 02:25:56
湖南省,长江流域,六门闸,2026-09-26 00:00,2,28.74,8.6,12.54,422.9258,17.1,2.32,0.026,0.087,0.655,,,2026-09-26 02:25:56
湖南省,长江流域,南渡,2026-09-26 00:00,2,26.85,7.39,9.23,122.25,9.21,2.39,0.003,0.059,1.343,,,2026-09-26 02:25:56
湖南省,长江流域,八仙桥,2026-09-26 00:00,3,28.142,7.22,8.58,246.4619,7.9761,5.02,0.112,0.1,1.3868,,,2026-09-26 02:25:56
湖南省,长江流域,坡头,2026-09-26 00:00,2,28.37,7.96,7.32,203.8085,24.44551,1.42,,0.038,1.3521,0.0008489,,2026-09-26 02:25:56
湖南省,长江流域,蒋家嘴,2026-09-26 00:00,3,27.29,7.52,6.09,195.8878,18.276,1.26,0.048,0.031,1.0513,0.00199,1.5157,2026-09-26 02:25:56
湖南省,长江流域,澧水三江口,2026-09-26 00:00,2,25.61982,7.62,7.28,241.8713,7.07272,0.72,0.002,0.026,1.17215,,,2026-09-26 02:25:56
湖南省,长江流域,窑坡渡,2026-09-26 00:00,2,25.01,7.97,6.36,296.6451,32.424,1.71,0.072,0.026,1.1031,,,2026-09-26 02:25:56
湖南省,长江流域,马坡湖,2026-09-26 00:00,2,27.24,8.18,7.98,387.685,26.0246,1.85,0.015,0.055,2.007,,,2026-09-26 02:25:56
湖南省,长江流域,永定澄潭,2026-09-26 00:00,2,27.06,7.56,7.09,226.75,4.037,0.84,0.005,0.021,0.506,,,2026-09-26 02:25:56
湖南省,长江流域,万家嘴,2026-09-26 00:00,2,27.56,7.74,7.64,187.1176,10.11304,1.19,0.046,0.048,1.8151,0.0020398,206215.8,2026-09-26 02:25:56
湖南省,长江流域,南嘴,2026-09-26 00:00,3,28.09,8.09,6.86,259.3029,54.26645,1.21,,0.045,1.9261,0.0110625,348000.4,2026-09-26 02:25:56
湖南省,长江流域,小河嘴,2026-09-26 00:00,3,28.1,8.42,9.58,216.704,30.6373,1.38,,0.036,0.79,0.00478631,5.5955,2026-09-26 02:25:56
湖南省,长江流域,坪口,2026-09-26 00:00,6,27.06,9.27,16.61,183.7,12.91,2.93,0.017,0.043,1.63,,,2026-09-26 02:25:56
湖南省,长江流域,桃谷山,2026-09-26 00:00,2,27.68,7.78,6.54,209.913,12.3156,1.55,0.012,0.059,1.533,,,2026-09-26 02:25:56
湖南省,长江流域,头山,2026-09-26 00:00,1,28.1,8.47,9.25,128.49,2.12,0.59,0.003,0.004,0.447,0.0031,5133000,2026-09-26 02:25:56
湖南省,长江流域,渡口大桥,2026-09-26 00:00,2,28.85,7.38,7.65,160.72,17.56,1.71,0.036,0.073,0.9264,,,2026-09-26 02:25:56
湖南省,长江流域,绿埠头,2026-09-26 01:00,1,27.8,7.82,8.3,186.02,1.74,0.68,0.004,0.017,0.83,,,2026-09-26 02:25:56
湖南省,长江流域,五强溪,2026-09-26 00:00,2,28.52,8.24,8.27,190.806,1.925,1.09,,0.027,1.076,,,2026-09-26 02:25:56
湖南省,长江流域,铜信溪电站,2026-09-26 00:00,1,26.94,8.05,7.53,324.6,1.23,0.72,0.03,0.019,1.468,,,2026-09-26 02:25:56
湖南省,长江流域,地阳坪公路大桥,2026-09-26 00:00,2,26.98,6.98,6.49,93.7137,4.4213,1.56,,0.033,0.41,,,2026-09-26 02:25:56
湖南省,长江流域,舞水入河口,2026-09-26 00:00,2,27.04,7.96,6.28,363.6,21.114,1.09,0.02,0.061,1.649,,,2026-09-26 02:25:56
湖南省,长江流域,溪子口,2026-09-26 00:00,3,25.45,7.38,5.06,252.3,0.876,0.58,0.004,0.016,1.27,,,2026-09-26 02:25:56
湖南省,长江流域,球溪,2026-09-26 00:00,2,27.121,7.73,7.41,230.01,4.486,1.89,0.009,0.043,1.656,,,2026-09-26 02:25:56
湖南省,长江流域,街埠头,2026-09-26 00:00,2,29.01,8.24,14.85,354.166,4.4562,2.58,,0.026,1.329,,,2026-09-26 02:25:56
湖南省,长江流域,浦市上游,2026-09-26 00:00,2,27.91,7.88,7.94,191.13,4.92,0.79,,0.037,1.022,,,2026-09-26 02:25:56
湖南省,长江流域,江口,2026-09-26 00:00,3,26.1,7.82,5.79,277.718,5.2951,0.75,0.008,0.015,1.374,,,2026-09-26 02:25:56
湖南省,长江流域,武水汇合口,2026-09-26 00:00,2,27.67,8.04,8.07,175.502,7.0814,0.92,,0.028,0.847,,,2026-09-26 02:25:56
广东省,珠江流域,大墩,2026-09-26 00:00,3,32.019,6.88,5.71,141.169,35.624,1,0.034,0.062,1.859,,,2026-09-26 02:25:56
广东省,珠江流域,高桥,2026-09-26 00:00,2,29.82447,7.31,6.91,170.3894,8.74159,1.16,0.024,0.056,1.06209,,,2026-09-26 02:25:56
广东省,珠江流域,深圳河口,2026-09-26 00:00,4,30.15554,7.12,4.43,15664.48,26.66638,6.11,0.758,0.272,3.50916,,,2026-09-26 02:25:56
广东省,珠江流域,珠海大桥,2026-09-26 00:00,2,30,7.98,7.54,367.468,58.127,1.86,0.022,0.078,2.457,,,2026-09-26 02:25:56
广东省,珠江流域,石角咀水闸,2026-09-26 00:00,4,31.08,7.47,4.92,540.579,91.864,3.5,0.137,0.165,3.11,,,2026-09-26 02:25:56
广东省,珠江流域,鸡啼门大桥,2026-09-26 00:00,2,29.85,7.83,6.63,700.2,50.94,2.01,,0.087,2.904,,,2026-09-26 02:25:56
广东省,珠江流域,布洲,2026-09-26 00:00,2,29.54,7.86,7.67,272.328,40.225,2.18,0.003,0.047,2.349,,,2026-09-26 02:25:56
广东省,珠江流域,海门湾桥闸,2026-09-26 00:00,4,30.58,7.41,5.54,496.03,54.52,4.74,1.193,0.167,4.076,,,2026-09-26 02:25:56
广东省,珠江流域,大衙,2026-09-26 00:00,2,31.941,6.95,6.56,111.595,10.557,1.36,0.001,0.035,1.36583,,,2026-09-26 02:25:56
广东省,珠江流域,古劳,2026-09-26 00:00,2,29.74716,7.44,6.93,238.3057,24.15398,1.53,0.008,0.038,1.8694,,,2026-09-26 02:25:56
广东省,珠江流域,苍山渡口,2026-09-26 00:00,3,30.41,7.68,5.23,11142.7,23.715,1.91,0.222,0.099,2.406,,,2026-09-26 02:25:56
广东省,珠江流域,牛湾,2026-09-26 00:00,4,31.06,6.66,3.93,210.33,36.04,3.58,0.043,0.09,2.255,,,2026-09-26 02:25:56
广东省,珠江流域,渠首,2026-09-26 00:00,4,30.42,7.22,3.65,127.06,17.21,5.12,0.25,0.025,0.941,0.01189,3305278,2026-09-26 02:25:56
广东省,珠江流域,黄坡,2026-09-26 00:00,3,31.47,7.14,5.69,125.93,22.98,2.97,0.093,0.091,1.641,,,2026-09-26 02:25:56
广东省,珠江流域,山角,2026-09-26 00:00,2,31.4,8.44,9.83,147.11,8.96,3.75,0.008,0.029,1.829,,,2026-09-26 02:25:56
广东省,珠江流域,运河管理局,2026-09-26 00:00,3,30.98,7.91,7.27,125.69,26.19,5.29,0.003,0.027,0.831,,,2026-09-26 02:25:56
广东省,珠江流域,排里,2026-09-26 00:00,3,31.15,7.37,7.81,143.85,11.19,5.48,0.051,0.082,1.351,,,2026-09-26 02:25:56
广东省,珠江流域,南渡河桥,2026-09-26 00:00,3,31.7,6.76,6.26,166.75,18.96,4.73,0.176,0.049,3.222,,,2026-09-26 02:25:56
广东省,珠江流域,营仔,2026-09-26 00:00,4,30.68,6.98,4.4,165.62,15.84,5.18,0.126,0.078,1.33,,,2026-09-26 02:25:56
广东省,珠江流域,黄竹尾水闸,2026-09-26 00:00,3,32.15,7.7,6.22,140.77,23.85,4.39,,0.084,1.866,,,2026-09-26 02:25:56
广东省,珠江流域,塘口,2026-09-26 00:00,3,31.13,8.12,7.86,130.41,5,2.97,0.033,0.109,2.13,,,2026-09-26 02:25:56
广东省,珠江流域,石碧,2026-09-26 00:00,3,30.788,6.46,5.64,289.653,35.846,4.66,0.295,0.188,3.652,,,2026-09-26 02:25:56
广东省,珠江流域,石骨水库,2026-09-26 00:00,2,30.428,,8.95,70.03,5.8691,1.96,0.014,0.016,0.517,,,2026-09-26 02:25:56
广东省,珠江流域,良德水库,2026-09-26 00:00,1,31.1,8.46,8.75,63.19,13.639,1.77,0.007,0.008,0.199,0.00552,1042810,2026-09-26 02:25:56
广东省,珠江流域,米急渡,2026-09-26 00:00,3,29.83,6.96,5.45,123.009,27.296,2.02,0.171,0.09,1.909,,,2026-09-26 02:25:56
广东省,珠江流域,白沙街,2026-09-26 00:00,2,29.535,7.66,6.92,217.922,18.011,1.36,0.026,0.032,1.421,,,2026-09-26 02:25:56
广东省,珠江流域,公庄河口,2026-09-26 00:00,2,30.3,7.19,7.6,175.8,28.1,2.43,0.031,0.098,1.727,,,2026-09-26 02:25:56
广东省,珠江流域,青溪,2026-09-26 00:00,4,27.26948,6.9,3.94,106.9337,4.64132,1.04,0.025,0.049,1.04368,,,2026-09-26 02:25:56
广东省,珠江流域,五丰渡口,2026-09-26 00:00,2,27.89,6.87,6.66,96.9,19.62,1.13,0.214,0.034,4.543,,,2026-09-26 02:25:56
广东省,珠江流域,新铺,2026-09-26 00:00,2,28.42,7.4,6.45,109.958,49.938,1.21,0.126,0.032,1.5338,,,2026-09-26 02:25:56
广东省,珠江流域,海丰西闸,2026-09-26 01:00,2,32.45,8.73,8.38,218.5,5.7,2.31,0.044,0.02,0.281,,,2026-09-26 02:25:56
广东省,珠江流域,东溪水闸,2026-09-26 01:00,3,31.2,6.62,5.75,146.152,25.204,4.01,0.21,0.067,1.179,,,2026-09-26 02:25:56
广东省,珠江流域,江城,2026-09-26 00:00,4,30.99,6.86,4.9,130.228,18.776,2.33,0.197,0.107,1.462,,,2026-09-26 02:25:56
广东省,珠江流域,尖山,2026-09-26 00:00,4,31.09,6.64,4.12,492.25,35.93,4.16,0.238,0.144,2.351,,,2026-09-26 02:25:56
广东省,珠江流域,埠场,2026-09-26 00:00,4,30.96,6.86,4.81,283.284,14.687,4.33,0.175,0.131,1.82,,,2026-09-26 02:25:56
广东省,珠江流域,大泉,2026-09-26 00:00,4,31.43,6.86,4.24,6635.9,16.5,3.15,0.403,0.098,1.6,,,2026-09-26 02:25:56
广东省,珠江流域,樟村,2026-09-26 00:00,4,31.07,6.99,3.66,564.584,9.35,3.31,0.345,0.133,7.504,,,2026-09-26 02:25:56
广东省,珠江流域,沙田泗盛,2026-09-26 00:00,4,30.73,7.02,3.74,5565.12,22.71,3.01,0.088,0.061,2.615,,,2026-09-26 02:25:56
广东省,珠江流域,旗岭,2026-09-26 00:00,3,30.84,7.25,6.15,496.075,33.06,2.39,0.181,0.169,6.594,,,2026-09-26 02:25:56
广东省,珠江流域,石龙南河,2026-09-26 00:00,2,30.83,6.98,6.51,124.358,18.373,1.49,,0.053,1.581,,,2026-09-26 02:25:56
广东省,珠江流域,中山港码头,2026-09-26 00:00,2,30.39,7.68,6.34,329.52,18.098,2.21,0.407,0.08,2.86,,,2026-09-26 02:25:56
广东省,珠江流域,赤凤,2026-09-26 01:00,2,29.17,7,6.84,99.25,16.13,0.85,0.012,0.099,1.641,,,2026-09-26 02:25:56
广东省,珠江流域,龟山塔,2026-09-26 00:00,2,30.77,7.53,8.54,83.423,2.785,1.37,0.138,0.065,1.0949,,,2026-09-26 02:25:56
广东省,珠江流域,古封,2026-09-26 00:00,2,29.63,7.93,7.02,279.4,11.22,1.27,0.013,0.034,2.31,,,2026-09-26 02:25:56
广西壮族自治区,珠江流域,老口,2026-09-26 00:00,1,29.20961,7.89,9.1,285.9043,5.592683,0.96,,0.02,2.383345,,,2026-09-26 02:25:56
广西壮族自治区,珠江流域,叮当,2026-09-26 00:00,2,30.15,7.69,8.53,319.99,12.851,1.32,0.063,0.049,3.6048,,,2026-09-26 02:25:56
广西壮族自治区,珠江流域,六景,2026-09-26 00:00,2,29.44,8,7.27,312.99,2.94,1.22,,0.026,2.357,,,2026-09-26 02:25:56
广西壮族自治区,珠江流域,上中,2026-09-26 00:00,2,29.52,7.89,7.16,298.7553,5.80411,1.59,0.026,0.028,2.13016,,,2026-09-26 02:25:56
广西壮族自治区,珠江流域,白马,2026-09-26 00:00,1,28.86,7.97,7.57,391.15,6.99,1.23,0.017,0.019,2.103,,,2026-09-26 02:25:56
广西壮族自治区,珠江流域,露塘,2026-09-26 00:00,1,29.45,7.93,8.18,199.3607,1.53873,0.81,0.005,0.009,1.10722,,,2026-09-26 02:25:56
广西壮族自治区,珠江流域,阳朔,2026-09-26 00:00,2,30.45,8.17,7.34,219.109,2.26,1.3,0.018,0.035,1.4759,,,2026-09-26 02:25:56
广西壮族自治区,珠江流域,京南,2026-09-26 00:00,2,29.81684,7.62,7.24,174.2555,5.16474,1.38,0.017,0.033,1.21941,,,2026-09-26 02:25:56
广西壮族自治区,珠江流域,亚桥,2026-09-26 00:00,3,28.95,6.98,7.01,219.904,23.2,1.95,0.022,0.117,2.509,,,2026-09-26 02:25:56
广西壮族自治区,珠江流域,东边埇,2026-09-26 00:00,3,28.17,6.8,6.02,72.5321,35.7566,2.59,0.075,0.109,2.086,,,2026-09-26 02:25:56
广西壮族自治区,珠江流域,南域,2026-09-26 00:00,3,30.56,7.19,7.38,227.3228,8.20538,4.88,0.017,0.097,2.89169,,,2026-09-26 02:25:56
广西壮族自治区,珠江流域,西门江,2026-09-26 00:00,3,30.3,6.83,5.44,266.362,29.443,3.42,0.149,0.159,3.097,,,2026-09-26 02:25:56
广西壮族自治区,珠江流域,三滩,2026-09-26 00:00,2,29.91,7.17,7.43,10049.5,7.72,2.55,0.174,0.049,0.98,,,2026-09-26 02:25:56
广西壮族自治区,珠江流域,边贸码头,2026-09-26 00:00,-1,,,,,,,,,,,,2026-09-26 02:25:56
广西壮族自治区,珠江流域,高塘,2026-09-26 00:00,2,30.82,7.98,9.19,62.24,8.52,2.53,,0.049,1.655,,,2026-09-26 02:25:56
广西壮族自治区,珠江流域,茅岭大桥,2026-09-26 00:00,2,30.59,7.45,7.12,2799.33,9.78,2.78,0.051,0.098,0.84,,,2026-09-26 02:25:56
广西壮族自治区,珠江流域,钦江东,2026-09-26 00:00,2,29.28039,7.49,6.22,2617.581,16.8958,2.69,0.032,0.043,1.85912,,,2026-09-26 02:25:56
广西壮族自治区,珠江流域,高速公路西桥,2026-09-26 00:00,3,31.5,7.17,6.83,1687.75,30.88,5.21,0.186,0.131,2.181,,,2026-09-26 02:25:56
广西壮族自治区,珠江流域,自良渡口,2026-09-26 00:00,3,29.64,6.96,5.21,124.7182,21.08317,1.88,0.05,0.065,1.88286,,,2026-09-26 02:25:56
广西壮族自治区,珠江流域,横塘,2026-09-26 00:00,3,29.76,7.11,6.38,384.8098,19.32531,3.28,0.005,0.199,3.31482,,,2026-09-26 02:25:56
广西壮族自治区,珠江流域,隘屯,2026-09-26 00:00,2,25.45494,8.18,9.23,354.3499,11.74184,0.19,0.0004,0.021,1.738415,,,2026-09-26 02:25:56
广西壮族自治区,珠江流域,公篓,2026-09-26 00:00,1,29.58,8.27,7.94,258.43,17.08,0.98,0.032,0.017,1.154,,,2026-09-26 02:25:56
广西壮族自治区,珠江流域,桂花,2026-09-26 00:00,2,28.22,7.45,6.64,191.0385,5.38943,1.35,0.007,0.035,1.35103,,,2026-09-26 02:25:56
广西壮族自治区,珠江流域,贺街,2026-09-26 00:00,2,29.26,7.76,6.96,230.75,13.627,1.35,0.065,0.053,1.704,,,2026-09-26 02:25:56
广西壮族自治区,珠江流域,垒亭,2026-09-26 00:00,2,26.84374,7.67,6.74,370.1254,4.0367,0.8,0.002,0.013,1.93533,,,2026-09-26 02:25:56
广西壮族自治区,珠江流域,上金,2026-09-26 00:00,2,30.05,6.93,6.82,166.6029,29.9942,1.82,,0.022,1.8981,,,2026-09-26 02:25:56
广西壮族自治区,珠江流域,渠立,2026-09-26 00:00,1,28.35,7.8,9.03,256.258,15.522,1.18,0.05,0.012,1.894,,,2026-09-26 02:25:56
广西壮族自治区,珠江流域,棉江,2026-09-26 00:00,2,28.82,7.54,7.15,215.791,17.942,1.46,0.005,0.023,1.6657,,,2026-09-26 02:25:56
海南省,珠江流域,龙塘,2026-09-26 00:00,2,29.2,7.43,6.36,104,7.1,2.01,0.023,0.07,1.598,,,2026-09-26 02:25:56
海南省,珠江流域,儒房,2026-09-26 00:00,2,29.8,7.44,6.78,8104.14,16.3,2.84,0.148,0.055,1.485,,,2026-09-26 02:25:56
海南省,珠江流域,后黎村,2026-09-26 00:00,2,29.8,7.16,7.64,84.4,27.8,2.7,0.005,0.061,1.383,,,2026-09-26 02:25:56
海南省,珠江流域,林家村,2026-09-26 00:00,2,30.76,7.16,8.02,148.15,30.33,1.46,0.025,0.032,2.711,,,2026-09-26 02:25:56
海南省,珠江流域,崖城大桥,2026-09-26 00:00,2,28.4,6.66,7.56,107.9,88.7,1.8,,0.045,4.08,,,2026-09-26 02:25:56
海南省,珠江流域,藤桥河大桥,2026-09-26 00:00,2,29.47,7.27,8.23,161.12,53.78,2.16,,0.049,1.812,,,2026-09-26 02:25:56
海南省,珠江流域,松涛水库南丰库心,2026-09-26 00:00,2,31.27621,7.81,6.74,74.57422,0.5830288,1.07,0.004,0.005,0.2267916,0.01949251,4061808,2026-09-26 02:25:56
海南省,珠江流域,上村桥,2026-09-26 00:00,2,30,7.28,7.11,169.1,24.5,3.27,0.007,0.053,1.773,,,2026-09-26 02:25:56
海南省,珠江流域,中和桥,2026-09-26 00:00,3,29.5,7.19,6.07,136.6,41.1,4.5,0.038,0.121,1.228,,,2026-09-26 02:25:56
海南省,珠江流域,汀洲,2026-09-26 00:00,3,28.57,6.29,6.93,63.06,45.75,2.2,0.095,0.116,0.749,,,2026-09-26 02:25:56
海南省,珠江流域,溪仔村,2026-09-26 00:00,2,27,6.62,8.3,63.08,18.02,2.01,0.013,0.044,1.25,,,2026-09-26 02:25:56
海南省,珠江流域,羊头外村桥,2026-09-26 00:00,3,31.44,6.81,6.71,98.7,20.1,5.44,0.034,0.12,1.62,,,2026-09-26 02:25:56
海南省,珠江流域,农垦橡胶所一队,2026-09-26 00:00,2,29.3,6.77,7.18,67.2,7.6,0.78,0.008,0.011,1.425,,,2026-09-26 02:25:56
海南省,珠江流域,水涯新区,2026-09-26 00:00,4,29.7,6.72,4.47,135.4,17.1,2.42,0.226,0.054,1.805,,,2026-09-26 02:25:56
海南省,珠江流域,分洪桥,2026-09-26 00:00,2,29.72,6.43,7.32,72.98,11.2,2.13,0.038,0.045,0.805,,,2026-09-26 02:25:56
海南省,珠江流域,后山村,2026-09-26 00:00,6,31.22,6.68,1.75,142.756,24.7051,5.41,0.251,0.232,3.069,,,2026-09-26 02:25:56
海南省,珠江流域,大广坝水库出口,2026-09-26 00:00,5,25.196,6.8,5.35,51.267,505.097,2.27,0.268,0.142,3.72,0.014453,2.56628,2026-09-26 02:25:56
海南省,珠江流域,罗带铁路桥,2026-09-26 00:00,6,31.1,7.75,8.05,2513.1,41.4,7.55,0.185,0.514,2.633,,,2026-09-26 02:25:56
海南省,珠江流域,山口,2026-09-26 00:00,2,28.88,6.63,6.53,79.48,23.8,2.66,0.022,0.038,1.039,,,2026-09-26 02:25:56
海南省,珠江流域,白仞滩电站,2026-09-26 00:00,3,30,7.26,5.87,134,43.6,3.84,0.047,0.177,2.028,,,2026-09-26 02:25:56
海南省,珠江流域,大风,2026-09-26 00:00,3,27.66216,6.6,6.57,101.0643,481.188,4.33,,0.174,0.3283166,,,2026-09-26 02:25:56
海南省,珠江流域,叉河口,2026-09-26 00:00,2,29.7,7.38,7.59,239.9,30.5,1.75,0.01,0.067,2.114,,,2026-09-26 02:25:56
海南省,珠江流域,乐中,2026-09-26 00:00,2,27.2,7.39,7.83,83.3,72.5,1.24,,0.047,0.814,,,2026-09-26 02:25:56
海南省,珠江流域,跨界桥,2026-09-26 00:00,2,28.9,7.4,8.34,81.3,48.5,2.07,0.004,0.046,1.531,,,2026-09-26 02:25:56
海南省,珠江流域,群英大坝,2026-09-26 00:00,2,28.1,7.18,7.86,83.1,12.8,0.9,0.003,0.06,1.067,,,2026-09-26 02:25:56
海南省,珠江流域,大溪村,2026-09-26 00:00,2,29.6,7.16,8.14,157.5,13.2,1.86,0.039,0.081,1.932,,,2026-09-26 02:25:56
重庆市,长江流域,晒网坝,2026-09-26 00:00,2,25.15,7.98,6.61,408.1295,8.2274,1.4,,0.05,1.992,,,2026-09-26 02:25:56
重庆市,长江流域,向家,2026-09-26 00:00,2,23.71,7.73,9.26,208.098,31.696,3.66,,0.081,1.398,,,2026-09-26 02:25:56
重庆市,长江流域,磨刀溪长滩,2026-09-26 00:00,2,24.18,7.52,7.89,186.157,24.178,4,0.025,0.051,1.298,,,2026-09-26 02:25:56
重庆市,长江流域,清溪场,2026-09-26 00:00,2,24.55,7.89,7.2,370.6,15.8616,1.52,,0.058,1.596,,,2026-09-26 02:25:56
重庆市,长江流域,木瓜洞,2026-09-26 00:00,3,26.28,7.83,7.6,407.5542,18.4347,3.68,,0.122,1.697,,,2026-09-26 02:25:56
重庆市,长江流域,寸滩,2026-09-26 00:00,2,25.31,7.77,7.38,358.478,25.623,1.82,,0.065,1.665,,,2026-09-26 02:25:56
重庆市,长江流域,和尚山,2026-09-26 01:00,2,24.78,7.9,7.44,388.19,16.11,1.23,0.145,0.081,1.696,,,2026-09-26 02:25:56
重庆市,长江流域,北温泉,2026-09-26 01:00,2,25.8144,7.8,8.31,316.052,17.8197,2.78,0.0004,0.057,1.741,,,2026-09-26 02:25:56
重庆市,长江流域,寨溪大桥,2026-09-26 00:00,2,25.76,7.73,6.67,592.0372,26.1654,3.64,0.056,0.071,2.158,,,2026-09-26 02:25:56
重庆市,长江流域,石门坎,2026-09-26 00:00,4,26.57,7.86,4.94,505.3,3.17,2.23,0.02,0.027,1.469,,,2026-09-26 02:25:56
重庆市,长江流域,玉滩水库,2026-09-26 00:00,3,27.07,8.71,8.67,412.3631,13.74455,4.92,0.016,0.013,0.67504,0.04419447,1.439431,2026-09-26 02:25:56
重庆市,长江流域,御临镇,2026-09-26 00:00,2,25.39,7.88,6.2,479.609,21.99,,,0.1,2.769,,,2026-09-26 02:25:56
重庆市,长江流域,黎家乡崔家岩村,2026-09-26 00:00,3,25.44,8.41,13.95,459.89,8.36,4.65,0.098,0.051,1.634,,,2026-09-26 02:25:56
重庆市,长江流域,运输桥,2026-09-26 00:00,3,25.89,7.49,7.73,331.2043,7.1148,4.91,,0.096,0.708,,,2026-09-26 02:25:56
重庆市,长江流域,支坪街道,2026-09-26 00:00,2,26.76,7.96,7.76,505.5661,29.0115,1.82,,0.05,1.684,,,2026-09-26 02:25:56
重庆市,长江流域,江津大桥,2026-09-26 00:00,2,23.27,8.04,7.89,373.89,32.12,2.25,,0.063,1.659,,,2026-09-26 02:25:56
重庆市,长江流域,朱杨溪,2026-09-26 00:00,3,26.72,7.88,7.47,765.65,17.87,3.98,,0.141,5.66,,,2026-09-26 02:25:56
重庆市,长江流域,北渡,2026-09-26 00:00,2,25.09,7.88,7.32,525.5706,23.788,,0.135,0.071,2.425,,,2026-09-26 02:25:56
重庆市,长江流域,白杨溪,2026-09-26 00:00,2,25.92,7.84,7.46,175.948,12.23,2.29,0.007,0.055,1.297,,,2026-09-26 02:25:56
重庆市,长江流域,太和,2026-09-26 00:00,2,24.55,7.81,7.72,409.59,19.5,2.26,0.001,0.068,2.459,,,2026-09-26 02:25:56
重庆市,长江流域,官渡,2026-09-26 00:00,3,25.87,7.53,7.94,316.7544,81.93,2.68,,0.103,2.223,,,2026-09-26 02:25:56
重庆市,长江流域,临渡,2026-09-26 00:00,5,26.96,7.23,2,733.2,12.358,3.95,0.034,0.132,2.014,,,2026-09-26 02:25:56
重庆市,长江流域,渠江码头,2026-09-26 01:00,2,25.64,7.61,8.38,323.334,86.179,2.85,,0.1,2.261,,,2026-09-26 02:25:56
重庆市,长江流域,黄桷,2026-09-26 00:00,2,23.64,7.6,6.59,451.554,17.792,3.29,0.038,0.084,2.955,,,2026-09-26 02:25:56
重庆市,长江流域,四明水厂,2026-09-26 00:00,3,27.22,8.14,7.68,400.2,0.8,5.63,,0.062,0.946,,,2026-09-26 02:25:56
重庆市,长江流域,金狮桥,2026-09-26 00:00,1,21.1,8.13,8.38,225.045,5.642,0.76,,0.01,0.729,,,2026-09-26 02:25:56
重庆市,长江流域,璧南河两河口,2026-09-26 00:00,3,26.31,7.69,6.41,716.881,13.313,5.54,0.057,0.157,2.623,,,2026-09-26 02:25:56
重庆市,长江流域,中和,2026-09-26 00:00,3,25.82,7.57,8.22,545.1,5.08,5.55,0.025,0.138,2.307,,,2026-09-26 02:25:56
重庆市,长江流域,玉溪,2026-09-26 00:00,2,23.72,7.72,7.93,509.03,18.8115,2.17,0.041,0.098,2.919,,,2026-09-26 02:25:56
重庆市,长江流域,高洞电站,2026-09-26 00:00,3,26.575,7.55,5.34,661.711,6.093,5.23,0.275,0.135,2.354,,,2026-09-26 02:25:56
重庆市,长江流域,巫山乡,2026-09-26 00:00,3,23.35,7.83,12.08,249.008,205.333,5.77,0.057,0.122,2.783,,,2026-09-26 02:25:56
重庆市,长江流域,上河坝,2026-09-26 01:00,5,24.29,7.67,7.45,248.63,70.84,8.26,0.236,0.332,2.235,,,2026-09-26 02:25:56
重庆市,长江流域,芙蓉洞码头,2026-09-26 00:00,1,27.32,8.3,9.22,315.42,21.79,0.6,,0.014,1.392,,,2026-09-26 02:25:56
重庆市,长江流域,鸭江镇,2026-09-26 00:00,2,23.95,7.82,8.44,461.547,36.981,3.11,0.009,0.081,2.584,,,2026-09-26 02:25:56
重庆市,长江流域,江口镇,2026-09-26 00:00,2,25.74,7.91,6.23,324.729,0.882,0.83,0.007,0.012,1.656,,,2026-09-26 02:25:56
重庆市,长江流域,土堡寨,2026-09-26 00:00,2,16.03,8.17,10.44,244.221,532.353,2.01,,0.088,1.063,,,2026-09-26 02:25:56
重庆市,长江流域,水寨子,2026-09-26 00:00,2,18.62,7.9,8.96,228.461,41.473,3.13,,0.06,0.99,,,2026-09-26 02:25:56
重庆市,长江流域,湖海场,2026-09-26 00:00,3,24.4,7.85,8.05,295.018,20.004,3.28,,0.104,1.969,,,2026-09-26 02:25:56
重庆市,长江流域,卫星桥,2026-09-26 00:00,3,23.96,8.25,9.19,388.359,31.22,4.47,,0.082,2.021,,,2026-09-26 02:25:56
重庆市,长江流域,高洞梁,2026-09-26 00:00,2,24.32,7.96,7.76,379.199,40.356,2.95,0.016,0.083,2.076,,,2026-09-26 02:25:56
重庆市,长江流域,苏家,2026-09-26 00:00,2,24.38,7.84,7.04,400.343,20.5909,1.91,,0.049,1.911,,,2026-09-26 02:25:56
重庆市,长江流域,清水湖渡口,2026-09-26 00:00,2,23.81,8.95,13.28,208.514,5.2137,2.02,0.005,0.02,1.3458,,,2026-09-26 02:25:56
重庆市,长江流域,小江河口,2026-09-26 00:00,4,25.89,7.67,3.63,370.22,9.23,2.07,,0.05,1.4386,,,2026-09-26 02:25:56
重庆市,长江流域,罗汉大桥,2026-09-26 00:00,2,19.16,7.81,9.41,282.96,22.99,1.32,,0.058,2.367,,,2026-09-26 02:25:56
重庆市,长江流域,白帝城,2026-09-26 00:00,2,25.76,7.9,6.62,393.099,11.374,1.19,,0.037,1.336,,,2026-09-26 02:25:56
重庆市,长江流域,培石,2026-09-26 00:00,2,25.695,7.74,7.61,410.4783,6.8709,1.19,0.081,0.048,1.6744,,,2026-09-26 02:25:56
重庆市,长江流域,花台,2026-09-26 00:00,4,17.32,8.13,9.45,290.6446,514.456,8.96,,0.296,2.3,,,2026-09-26 02:25:56
重庆市,长江流域,化杠,2026-09-26 00:00,2,19.34,7.6,8.59,94.38,6.59,2.01,0.014,0.041,0.7793,,,2026-09-26 02:25:56
重庆市,长江流域,万木,2026-09-26 00:00,2,24.55,7.78,6.35,437.54,2.7,0.77,0.007,0.036,3.515,,,2026-09-26 02:25:56
重庆市,长江流域,红花村,2026-09-26 00:00,2,23.284,7.57,7.05,272.22,5.553,0.9,,0.015,1.729,,,2026-09-26 02:25:56
重庆市,长江流域,南洞沟,2026-09-26 00:00,1,25.99,8.12,9.01,345.481,1.524,0.54,,0.012,0.492,,,2026-09-26 02:25:56
重庆市,长江流域,郁江桥,2026-09-26 00:00,2,22.04,7.9,8.42,297.593,20.344,1.15,,0.038,1.457,,,2026-09-26 02:25:56
四川省,长江流域,二江寺,2026-09-26 00:00,2,20.22,7.83,7.31,377.5,17.5,1.4,0.106,0.069,1.857,,,2026-09-26 02:25:56
四川省,长江流域,岳店子下,2026-09-26 00:00,3,23.53613,7.95,6.6,435.5538,6.57143,1.7,0.056,0.118,2.97572,,,2026-09-26 02:25:56
四川省,长江流域,李家湾,2026-09-26 00:00,3,24.71,7.83,7.86,480.8,10.8,2.38,0.025,0.148,2.96,,,2026-09-26 02:25:56
四川省,长江流域,廖家堰,2026-09-26 00:00,3,26.268,7.85,7.54,849.64,29.731,4.24,0.073,0.155,2.427,,,2026-09-26 02:25:56
四川省,长江流域,脚仙村,2026-09-26 00:00,3,24.6,7.81,7.91,494.4,25.4,2.72,0.031,0.158,3.705,,,2026-09-26 02:25:56
四川省,长江流域,龙洞,2026-09-26 00:00,1,20.65,8.32,8.35,667,9.204,1.21,0.009,0.008,0.50293,,,2026-09-26 02:25:56
四川省,长江流域,倮果,2026-09-26 00:00,1,21.55,8.28,8.23,662.8862,14.75677,1.13,0.001,0.013,0.65296,,,2026-09-26 02:25:56
四川省,长江流域,雅砻江口,2026-09-26 00:00,2,19.22,7.78,8.96,219.805,59.4512,2.21,0.015,0.031,0.75741,,,2026-09-26 02:25:56
四川省,长江流域,柏枝,2026-09-26 00:00,1,19.71,8,7.72,201.063,19.03481,1.08,0.008,0.009,0.57803,,,2026-09-26 02:25:56
四川省,长江流域,湾凼,2026-09-26 00:00,3,25.81343,7.49,5.49,590.3061,5.828078,3.63,0.003,0.036,0.335157,,,2026-09-26 02:25:56
四川省,长江流域,手爬岩,2026-09-26 00:00,-1,,,,,,,,,,,,2026-09-26 02:25:56
四川省,长江流域,沱江大桥,2026-09-26 00:00,3,25.5,7.88,7.05,478.7769,75.83851,2.93,0.018,0.198,3.393218,,,2026-09-26 02:25:56
四川省,长江流域,醒觉溪,2026-09-26 00:00,2,25.85,8.04,7,397.7,13.16,1.33,0.042,0.043,2.645,,,2026-09-26 02:25:56
四川省,长江流域,胡市大桥,2026-09-26 00:00,5,27.75,7.41,2.95,451.9917,7.0212,4.72,0.014,0.17,1.0956,,,2026-09-26 02:25:56
四川省,长江流域,泸天化大桥,2026-09-26 00:00,2,26.47,7.95,7.61,463.54,10.7846,1.98,,0.048,2.4363,,,2026-09-26 02:25:56
四川省,长江流域,纳溪大渡口,2026-09-26 00:00,2,23.1,7.83,7.72,355.525,11.828,0.93,,0.067,1.4375,,,2026-09-26 02:25:56
四川省,长江流域,两汇水,2026-09-26 00:00,2,23.85845,7.76,8.27,133.0401,10.48388,1.7,0.016,0.04,1.05,,,2026-09-26 02:25:56
四川省,长江流域,太平渡,2026-09-26 01:00,2,28.62618,8.23,6.87,563.728,12.94673,1.31,0.016,0.051,3.884,,,2026-09-26 02:25:56
四川省,长江流域,象山,2026-09-26 00:00,2,25.51,7.89,7.4,561.91,5.8,3.91,,0.083,3.476,,,2026-09-26 02:25:56
四川省,长江流域,双江桥,2026-09-26 00:00,3,23.45,8.03,7.56,588.3,28.91,1.78,0.026,0.121,3.164,,,2026-09-26 02:25:56
四川省,长江流域,三川,2026-09-26 00:00,3,22.95,8.05,7.58,596,21.05,0.97,0.04,0.138,3.326,,,2026-09-26 02:25:56
四川省,长江流域,西平镇,2026-09-26 00:00,2,23.84,8.14,8.02,539.94,22.77,1.26,,0.1,3.1,,,2026-09-26 02:25:56
四川省,长江流域,平武水文站,2026-09-26 00:00,1,15.62,8.37,8.88,245.533,77.96405,0.68,0.005,0.014,0.76875,,,2026-09-26 02:25:56
四川省,长江流域,丰谷,2026-09-26 00:00,2,21.37642,7.96,8.36,278.0505,25.78233,1.24,0.004,0.029,0.37391,,,2026-09-26 02:25:56
四川省,长江流域,鲁班岛,2026-09-26 00:00,2,24.97897,8.85,10.18,249.8263,1.88248,1.65,0.001,0.013,0.19518,0.00261,8554948,2026-09-26 02:25:56
四川省,长江流域,北川通口,2026-09-26 00:00,1,18.44676,8.27,9.38,240.9266,36.84971,0.47,0.007,0.019,1.07205,,,2026-09-26 02:25:56
四川省,长江流域,八庙沟,2026-09-26 00:00,1,23.7,8.42,8.41,358.0543,5.99543,0.38,0.009,0.009,1.31093,,,2026-09-26 02:25:56
四川省,长江流域,姚渡,2026-09-26 00:00,1,18.15187,8.25,8.56,328.2043,56.58377,1.47,0.003,0.003,1.279,,,2026-09-26 02:25:56
四川省,长江流域,苴国村,2026-09-26 00:00,1,22.76,7.94,7.77,301.3484,4.42566,1.79,0.006,0.009,0.97556,,,2026-09-26 02:25:56
四川省,长江流域,上石盘,2026-09-26 00:00,1,22.92,8.22,7.98,336.2422,8.82197,1.52,0.009,0.014,1.53446,,,2026-09-26 02:25:56
四川省,长江流域,清泉乡,2026-09-26 00:00,2,25.03,7.92,8.2,305.1,6.0721,2.27,0.02,0.024,0.918,,,2026-09-26 02:25:56
四川省,长江流域,大安,2026-09-26 00:00,3,25.15,7.63,6.69,532.639,16.4,5.8,0.022,0.179,2.21,,,2026-09-26 02:25:56
四川省,长江流域,梓江大桥,2026-09-26 00:00,2,25.47,8.06,7.73,463,10.3,3.27,0.001,0.076,2.962,,,2026-09-26 02:25:56
四川省,长江流域,大埂,2026-09-26 00:00,3,25.85,7.86,7.16,574.6,4.93,5.48,0.187,0.096,2.437099,,,2026-09-26 02:25:56
四川省,长江流域,球溪河口,2026-09-26 01:00,4,25.18,7.82,6.58,589.19,26.4,5.32,0.021,0.216,5.879,,,2026-09-26 02:25:56
四川省,长江流域,李码头,2026-09-26 00:00,2,20.50418,8.1,8.71,257.1434,17.47346,0.67,0.0003,0.035,1.48819,,,2026-09-26 02:25:56
四川省,长江流域,马边河河口,2026-09-26 00:00,2,20.20736,7.85,8.46,261.5768,15.71512,0.85,0.002,0.037,1.77248,,,2026-09-26 02:25:56
四川省,长江流域,金溪电站,2026-09-26 00:00,4,25.02,7.52,4.68,328.327,13.6607,2.14,0.014,0.045,1.656,,,2026-09-26 02:25:56
四川省,长江流域,升钟水库铁炉寺,2026-09-26 00:00,3,25.61,8.71,10.54,328.84,6.18,4.93,,0.02,2.849,,,2026-09-26 02:25:56
四川省,长江流域,彭山岷江大桥,2026-09-26 00:00,2,22.07,7.96,9.23,350.0088,9.94601,1.53,0.006,0.056,1.80894,,,2026-09-26 02:25:56
四川省,长江流域,龟都府,2026-09-26 00:00,2,18.3,8.07,8.18,228.8664,24.8754,0.66,0.016,0.05,1.144784,,,2026-09-26 02:25:56
四川省,长江流域,越溪河两河口,2026-09-26 00:00,3,24.86,7.74,5.83,525.7,15.6,4.39,0.017,0.093,3.29,,,2026-09-26 02:25:56
四川省,长江流域,月波,2026-09-26 00:00,2,20.76,7.47,8.54,295.8,16.2,1.06,0.057,0.063,1.588,,,2026-09-26 02:25:56
四川省,长江流域,凉姜沟,2026-09-26 00:00,2,21.83,7.95,8.58,279.5395,6.739271,1.71,0.004,0.057,2.881378,,,2026-09-26 02:25:56
四川省,长江流域,挂弓山,2026-09-26 00:00,2,22.6053,7.91,7.45,371.1989,6.83823,0.68,0.028,0.039,1.59503,,,2026-09-26 02:25:56
四川省,长江流域,蔡家渡口,2026-09-26 00:00,2,25.9893,7.73,6.86,794.9138,7.52069,1.82,0.006,0.068,2.75499,,,2026-09-26 02:25:56
四川省,长江流域,三块石,2026-09-26 01:00,1,23.11,7.97,7.71,471.74,6.79,1.56,,0.019,1.013,,,2026-09-26 02:25:56
四川省,长江流域,洛亥,2026-09-26 00:00,2,20.38,8.11,8.4,312.989,2.148988,0.77,0.005,0.064,3.264,,,2026-09-26 02:25:56
四川省,长江流域,溪口镇平桥村,2026-09-26 01:00,3,23.57,7.49,7.9,278.85,26.68,5.12,0.027,0.07,1.538,,,2026-09-26 02:25:56
四川省,长江流域,金子,2026-09-26 00:00,2,25.8,7.84,7.11,287.64,19.64,2,0.023,0.042,1.7583,,,2026-09-26 02:25:56
四川省,长江流域,烈面,2026-09-26 01:00,2,26,7.52,6.63,301.5,10.5,1.56,0.013,0.05,1.574,,,2026-09-26 02:25:56
四川省,长江流域,幺滩,2026-09-26 00:00,3,25.04,8.12,8.22,749.1,50.59,2.85,0.075,0.123,2.206,,,2026-09-26 02:25:56
四川省,长江流域,团堡岭,2026-09-26 00:00,3,21.52,7.95,9.14,304.61,135.314,3.47,0.032,0.157,2.294,,,2026-09-26 02:25:56
四川省,长江流域,大蹬沟,2026-09-26 00:00,2,23.86,7.68,8.33,284.3,87.5,3.35,,0.1,1.81,,,2026-09-26 02:25:56
四川省,长江流域,白兔乡,2026-09-26 00:00,3,23.4,8,8.63,424.6,19.91,4.74,0.04,0.112,2.117,,,2026-09-26 02:25:56
四川省,长江流域,联盟桥,2026-09-26 00:00,4,24.73,7.31,5.66,247.47,47.55,8.71,,0.138,1.719,,,2026-09-26 02:25:56
四川省,长江流域,舵石盘,2026-09-26 00:00,6,21.14,7.84,10.54,252,1424.2,12.57,,0.954,2.607,,,2026-09-26 02:25:56
四川省,长江流域,车家河,2026-09-26 00:00,6,20.84,7.87,9.5,202.4,1582.47,14.31,,0.965,2.351,,,2026-09-26 02:25:56
四川省,长江流域,三谷庄,2026-09-26 00:00,2,20.6713,8.27,7.4,235.5961,8.5682,1.02,0.006,0.01,0.58943,,,2026-09-26 02:25:56
四川省,长江流域,大岗山,2026-09-26 00:00,1,16.88,8.05,7.84,211.973,19.14109,1.24,0.005,0.014,0.59314,,,2026-09-26 02:25:56
四川省,长江流域,手傍岩,2026-09-26 00:00,2,22.97,7.88,7.31,346.8,13.4,1.93,0.031,0.046,1.166,,,2026-09-26 02:25:56
四川省,长江流域,幸福村,2026-09-26 00:00,3,23.84,7.89,8.3,443.3,20.6,1.42,0.038,0.116,2.901,,,2026-09-26 02:25:56
四川省,长江流域,拱城铺渡口,2026-09-26 00:00,3,24.06,8,8.66,465.56,26.64,1.4,0.028,0.133,2.957,,,2026-09-26 02:25:56
四川省,长江流域,红光村,2026-09-26 01:00,3,24.02,7.59,6.28,643.94,51.02,5.45,0.072,0.15,2.822,,,2026-09-26 02:25:56
四川省,长江流域,两河,2026-09-26 01:00,4,25.64,7.53,6.47,579.74,10.09,6.09,0.094,0.12,3.305,,,2026-09-26 02:25:56
四川省,长江流域,县城马踏石点,2026-09-26 00:00,1,14.74932,8.42,9.81,343.6786,109.2679,0.79,0.043,0.013,0.69403,,,2026-09-26 02:25:56
四川省,长江流域,渭门桥,2026-09-26 00:00,1,15.09,8.25,8.63,213.3625,226.8608,1.38,0.007,0.016,0.37732,,,2026-09-26 02:25:56
四川省,长江流域,小水沟,2026-09-26 00:00,2,12.40459,8.32,7.61,214.4852,122.2152,2.04,0.11,0.023,1.64077,,,2026-09-26 02:25:56
四川省,长江流域,竹巴龙村,2026-09-26 00:00,3,11.27,8.33,6.88,1633.3,352.1,2.48,0.301,0.134,2.43,,,2026-09-26 02:25:56
四川省,长江流域,金沙江岗托桥,2026-09-26 00:00,4,11.5,8.41,7.4,1633.7,497.7,3.67,0.443,0.249,1.049,,,2026-09-26 02:25:56
四川省,长江流域,昔街大桥,2026-09-26 00:00,3,21.46,7.71,7.65,180.68,184.05,2.47,0.098,0.131,12.853,,,2026-09-26 02:25:56
四川省,长江流域,阿七大桥,2026-09-26 00:00,2,21.73,7.78,6.53,190.5387,128.0556,1.86,0.014,0.072,2.48295,,,2026-09-26 02:25:56
四川省,长江流域,邛海湖心,2026-09-26 00:00,3,25.02,8.12,5.83,302.3457,4.76185,2.36,0.002,0.017,,0.00262,100492,2026-09-26 02:25:56
贵州省,长江流域,棉花渡,2026-09-26 00:00,3,24.081,7.81,5.53,471.75,0.4714,1.55,,0.059,3.0542,,,2026-09-26 02:25:56
贵州省,长江流域,贵铝泵房,2026-09-26 00:00,3,25.0809,8.58,10.28,353.6233,6.8373,2.71,0.019,0.026,1.4469,0.02293,1966026,2026-09-26 02:25:56
贵州省,长江流域,花鱼洞,2026-09-26 00:00,4,24.4394,7.75,4.35,314.3068,3.8967,2.13,0.076,0.023,0.8662,0.00322,4273150,2026-09-26 02:25:56
贵州省,长江流域,麦穰,2026-09-26 00:00,3,24.7,8.02,6.51,660.79,7.24,2.52,0.285,0.186,5.118,,,2026-09-26 02:25:56
贵州省,珠江流域,青岩,2026-09-26 00:00,4,24.74,7.86,4.48,561.6057,5.2925,1.83,,0.032,3.0462,,,2026-09-26 02:25:56
贵州省,长江流域,龙场,2026-09-26 00:00,2,21.23,7.96,6.53,411.25,2.86,0.83,0.025,0.012,3.679,,,2026-09-26 02:25:56
贵州省,珠江流域,发耳,2026-09-26 00:00,3,22.77,8.43,7.24,342.613,66.928,1.62,,0.116,3.069,,,2026-09-26 02:25:56
贵州省,长江流域,打秋坪,2026-09-26 00:00,3,26.4,7.98,7.36,597.3,3.3,1.84,0.084,0.118,5.055,,,2026-09-26 02:25:56
贵州省,长江流域,鱼塘大桥,2026-09-26 00:00,2,25.42,7.84,6.74,342.11,0.845,0.6,,0.01,1.452,,,2026-09-26 02:25:56
贵州省,长江流域,沿江渡,2026-09-26 00:00,2,27.23,8.9,9.9,321.7,4.27,3.04,,0.017,1.826,,,2026-09-26 02:25:56
贵州省,长江流域,鲤鱼塘,2026-09-26 00:00,3,26.2,7.42,5.2,525.48,0.272,1.59,0.022,0.05,3.023,,,2026-09-26 02:25:56
贵州省,长江流域,坡渡,2026-09-26 00:00,3,24.79,8.05,7.88,303.65,4.56,0.56,0.95,0.011,0.542,,,2026-09-26 02:25:56
贵州省,长江流域,余庆河暗溪坪,2026-09-26 00:00,2,25.83,7.79,9.65,329.59,10.51,0.91,,0.031,1.416,,,2026-09-26 02:25:56
贵州省,长江流域,羊柱头渡口,2026-09-26 00:00,4,25.19,7.85,7.32,777.59,2.956,2.28,0.226,0.245,7.447,,,2026-09-26 02:25:56
贵州省,长江流域,长沙,2026-09-26 00:00,2,25.9949,8.13,7.18,282.5589,15.1472,1.51,0.034,0.035,1.2456,,,2026-09-26 02:25:56
贵州省,长江流域,茅台,2026-09-26 00:00,2,25.73,8.15,6.94,424.7,4.24,0.9,,0.014,3.688,,,2026-09-26 02:25:56
贵州省,珠江流域,黄果树,2026-09-26 00:00,2,24.352,8.18,7.83,492.8,11.82,1.06,,0.054,2.311,,,2026-09-26 02:25:56
贵州省,长江流域,斯拉河大桥,2026-09-26 00:00,2,25.5,8.66,10.49,360.54,7.76,2.63,0.009,0.017,3.324,,,2026-09-26 02:25:56
贵州省,珠江流域,打邦,2026-09-26 00:00,2,29.38,8.26,7.08,433.2,7.407,1.53,,0.008,2.873,,,2026-09-26 02:25:56
贵州省,长江流域,小屯,2026-09-26 00:00,2,25.5,8.63,8.74,372.4909,6.1,2.47,,0.026,4.378,,,2026-09-26 02:25:56
贵州省,长江流域,清水铺,2026-09-26 00:00,2,24.803,8.33,7.03,416.729,3.305,0.65,0.014,0.015,4.868,,,2026-09-26 02:25:56
贵州省,长江流域,鱼市,2026-09-26 00:00,2,27.07,7.96,7.76,424.478,2.716691,1.18,0.018,0.024,0.83388,,,2026-09-26 02:25:56
贵州省,长江流域,下干溪,2026-09-26 00:00,2,25.52,7.87,6.86,375.19,8.96,0.46,0.054,0.019,2.38,,,2026-09-26 02:25:56
贵州省,珠江流域,坝草,2026-09-26 00:00,1,26.9484,8.28,8.83,389.337,3.3851,1.28,0.02,0.006,3.0108,,,2026-09-26 02:25:56
贵州省,珠江流域,万峰湖,2026-09-26 00:00,2,26.64,8.4,7.37,324.11,2.56,1.06,0.003,0.025,2.954,0.026,1055769,2026-09-26 02:25:56
贵州省,珠江流域,岔河口,2026-09-26 00:00,2,26.8836,8.98,10.59,262.8214,2.8687,3.35,,0.013,1.4945,,,2026-09-26 02:25:56
贵州省,珠江流域,蔗香北,2026-09-26 00:00,1,28.07,8.32,12.52,272.0548,4.2664,1.13,0.001,0.006,2.2384,,,2026-09-26 02:25:56
贵州省,珠江流域,黄泥河,2026-09-26 00:00,2,20.5159,8.13,7.22,416.7517,11.3404,0.57,,0.022,2.7697,,,2026-09-26 02:25:56
贵州省,珠江流域,赵家渡,2026-09-26 00:00,2,23.44,8.24,7.5,462.11,4.86,0.8,0.014,0.048,5.215,,,2026-09-26 02:25:56
贵州省,珠江流域,坡脚,2026-09-26 00:00,2,27.8,8.33,14,374.5006,15.2444,1.48,0.004,0.026,4.0169,,,2026-09-26 02:25:56
贵州省,珠江流域,蔗香南,2026-09-26 00:00,1,29.47,8.69,10.34,261.6,2.19,1.35,0.011,0.015,2.396,,,2026-09-26 02:25:56
贵州省,长江流域,金紫,2026-09-26 00:00,2,24.71,7.63,6.02,171.9518,11.65,0.8,,0.021,1.12,,,2026-09-26 02:25:56
贵州省,长江流域,平敏大桥,2026-09-26 00:00,1,28.28,7.96,7.62,148.73,7.18,1.09,,0.02,0.604,,,2026-09-26 02:25:56
贵州省,长江流域,旁海,2026-09-26 00:00,2,26.85,8.19,7.41,499.66,10.39,1.1,0.025,0.052,1.882,,,2026-09-26 02:25:56
贵州省,珠江流域,榕江,2026-09-26 00:00,2,28.82,7.75,7.73,124.93,5.45,0.9,0.061,0.034,0.537,,,2026-09-26 02:25:56
贵州省,长江流域,甘溪高碑,2026-09-26 00:00,2,26.84,8.24,8.42,370.1,11.49,1.19,,0.021,0.4856,,,2026-09-26 02:25:56
贵州省,长江流域,跳鱼洞,2026-09-26 00:00,3,24.04,8.01,5.12,487.26,3.42,1.53,0.108,0.125,2.378,,,2026-09-26 02:25:56
贵州省,长江流域,凤山桥边,2026-09-26 00:00,2,25.7614,8.5,10.7,550.66,5.3046,1.35,0.008,0.081,3.744,,,2026-09-26 02:25:56
贵州省,珠江流域,边外河,2026-09-26 01:00,2,25,7.69,6.45,344.12,3.37,0.67,,0.004,1.722,,,2026-09-26 02:25:56
贵州省,珠江流域,甲茶,2026-09-26 00:00,1,25.1796,7.85,8.22,322.9152,0.5113,0.72,0.007,0.006,0.9451,,,2026-09-26 02:25:56
云南省,长江流域,通仙桥,2026-09-26 00:00,3,21.25,8.09,5.96,571.886,20.233,1.89,,0.188,7.49,,,2026-09-26 02:25:56
云南省,长江流域,普渡河桥,2026-09-26 00:00,3,23.05,7.85,5.13,572.5544,4.953,2.85,0.003,0.057,2.6953,,,2026-09-26 02:25:56
云南省,珠江流域,禄丰村,2026-09-26 00:00,2,23.59,8.13,6.49,497.3995,11.306,1.7,,0.059,5.268,,,2026-09-26 02:25:56
云南省,滇池流域,回龙村,2026-09-26 00:00,4,22.92,7.88,4.48,639.2994,7.4441,2.94,,0.034,2.6967,,,2026-09-26 02:25:56
云南省,滇池流域,船房五社桥头,2026-09-26 00:00,3,23.21,7.75,6.74,560.5408,4.4056,4.22,,0.055,3.6864,,,2026-09-26 02:25:56
云南省,滇池流域,王大桥,2026-09-26 00:00,3,21.92,7.43,5.36,621.3471,9.5021,3.73,0.028,0.196,6.9122,,,2026-09-26 02:25:56
云南省,滇池流域,大观河入湖口,2026-09-26 00:00,2,21.6,8.26,6.89,428.6198,26.784,1.46,0.011,0.089,4.5991,,,2026-09-26 02:25:56
云南省,滇池流域,大渔乡土罗村入湖口,2026-09-26 00:00,6,20.99,7.26,1.27,549.8679,21.0829,3.79,0.226,0.119,8.138,,,2026-09-26 02:25:56
云南省,滇池流域,新河村入湖口,2026-09-26 00:00,3,21.31,8.1,6.33,404.41,21.545,1.69,0.007,0.107,3.9586,,,2026-09-26 02:25:56
云南省,珠江流域,阳宗海中,2026-09-26 01:00,2,24.11,,7.73,411.846,3.725,3.98,0.052,0.015,0.45,0.00797,18800,2026-09-26 02:25:56
云南省,长江流域,富民大桥,2026-09-26 00:00,4,23.15,8.27,5.24,551.579,33.3763,6.23,0.047,0.149,2.8386,,,2026-09-26 02:25:56
云南省,滇池流域,严家村桥,2026-09-26 00:00,2,21.74691,8.23,6.84,422.3686,13.63894,1.41,0.022,0.083,4.858234,,,2026-09-26 02:25:56
云南省,滇池流域,宝丰村入湖口,2026-09-26 00:00,4,21.39,7.82,4.62,610.65,9.93,1.79,,0.036,3.482,,,2026-09-26 02:25:56
云南省,滇池流域,江尾下闸,2026-09-26 00:00,4,22.33,7.48,3.74,378.3366,9.4432,0.45,0.067,0.031,2.258,,,2026-09-26 02:25:56
云南省,滇池流域,茨巷河入湖口,2026-09-26 00:00,3,22.13,7.88,5.45,280.3087,3.6961,2.66,,0.01,1.593,,,2026-09-26 02:25:56
云南省,滇池流域,东大河滇池入湖口,2026-09-26 00:00,6,23.11,9.64,7.04,248.0742,18.3861,2.93,,0.064,1.231,,,2026-09-26 02:25:56
云南省,滇池流域,草海中心,2026-09-26 01:00,3,23.25,8.47,10.36,394.76,24.8,4.31,,,3.743,0.02767,5.457338,2026-09-26 02:25:56
云南省,滇池流域,灰湾中,2026-09-26 01:00,4,22.66,,9.08,391.248,69.446,6.17,0.002,0.057,1.438,0.06699,5.141604,2026-09-26 02:25:56
云南省,滇池流域,观音山中,2026-09-26 01:00,3,21.59,8.84,7.01,359.804,28.03,4.67,,0.05,0.969,0.00712,1.09075,2026-09-26 02:25:56
云南省,滇池流域,观音山西,2026-09-26 01:00,4,22.3,8.74,7.23,391.96,53.69,6.92,0.075,0.054,1.346,0.00675,4.408724,2026-09-26 02:25:56
云南省,滇池流域,海口西,2026-09-26 01:00,3,21.91,,8.77,360.85,22.25,5.41,0.028,0.04,0.497,0.01101,1.13641,2026-09-26 02:25:56
云南省,滇池流域,滇池南,2026-09-26 01:00,4,21.41,,8.02,391.18,37.05,7.87,,0.061,0.77,0.04866,1.488383,2026-09-26 02:25:56
云南省,滇池流域,晋城小寨,2026-09-26 00:00,3,20.8,8.16,5.49,544.7278,6.8156,2.62,0.138,0.088,8.134,,,2026-09-26 02:25:56
云南省,长江流域,牛栏江河口,2026-09-26 00:00,3,22.18,8.26,5.02,523.951,11.984,1.94,0.034,0.056,4.889,,,2026-09-26 02:25:56
云南省,珠江流域,狗街,2026-09-26 00:00,3,24.09,7.75,5.36,590.6945,7.877072,2.68,0.041,0.148,5.947162,,,2026-09-26 02:25:56
云南省,珠江流域,花山水库出水口,2026-09-26 00:00,2,22.06,8.44,7.45,324.428,2.0677,1.06,0.008,0.004,2.882,,,2026-09-26 02:25:56
云南省,长江流域,以礼河水文站,2026-09-26 00:00,3,19.57,7.87,5.93,272.49,14.1148,2.16,0.021,0.052,2.0721,,,2026-09-26 02:25:56
云南省,珠江流域,厂房大桥,2026-09-26 00:00,3,23.61,8.51,10.39,317.3225,12.479,5.49,0.012,0.074,2.9245,,,2026-09-26 02:25:56
云南省,珠江流域,天生桥,2026-09-26 00:00,3,21.792,7.66,6.68,592.33,20.648,4.02,0.234,0.103,5.48,,,2026-09-26 02:25:56
云南省,长江流域,牛栏江大桥,2026-09-26 00:00,2,21.18,8.11,7.49,402.458,26.823,1.26,0.015,0.044,2.43,,,2026-09-26 02:25:56
云南省,珠江流域,盘溪大桥,2026-09-26 00:00,2,24.37,8.21,8.23,500.6459,10.67164,1.68,0.008,0.029,5.24931,,,2026-09-26 02:25:56
云南省,珠江流域,九甸大桥,2026-09-26 00:00,2,25.0352,8.2,6.99,571.7394,26.04174,1.34,0.116,0.081,5.19977,,,2026-09-26 02:25:56
云南省,西南诸河,坝洪村,2026-09-26 00:00,2,28.65,8.31,7.8,367.5521,58.42666,0.68,0.009,0.022,1.35594,,,2026-09-26 02:25:56
云南省,珠江流域,抚仙湖心,2026-09-26 01:00,2,22.76,8.85,7.37,281.03,2.149,1.52,,0.009,0.093,0.00241,1.613309,2026-09-26 02:25:56
云南省,西南诸河,绿汁江大桥,2026-09-26 00:00,2,23.71172,8.19,6.1,623.1964,66.55891,1.51,0.04,0.011,1.25789,,,2026-09-26 02:25:56
云南省,珠江流域,杞麓湖心,2026-09-26 01:00,3,23.93,8.98,9.41,756.01,10.18,5.95,0.081,0.016,1.447,0.02815,6680149,2026-09-26 02:25:56
云南省,珠江流域,永昌桥,2026-09-26 00:00,3,21.59867,7.98,5.89,462.677,4.28585,1.73,0.047,0.113,3.43432,,,2026-09-26 02:25:56
云南省,珠江流域,星云湖心,2026-09-26 01:00,3,23.33,,5.76,557.571,21.78,5.63,,,0.495,0.00941,3.251923,2026-09-26 02:25:56
云南省,西南诸河,红旗桥,2026-09-26 00:00,1,19.23282,8.13,9.18,393.6745,257.476,1.22,,0.007,0.4491236,,,2026-09-26 02:25:56
云南省,西南诸河,湾甸,2026-09-26 00:00,2,25.12997,8.32,7.95,421.1963,135.2696,1.17,0.005,0.095,2.59384,,,2026-09-26 02:25:56
云南省,西南诸河,永保桥,2026-09-26 00:00,2,20.83888,8.2,6.95,444.8839,16.99039,0.99,0.007,0.004,0.45738,,,2026-09-26 02:25:56
云南省,西南诸河,龙江桥,2026-09-26 00:00,2,21.45756,7,7.21,91.17043,38.07786,1.7,0.015,0.024,0.91062,,,2026-09-26 02:25:56
云南省,长江流域,云贵桥,2026-09-26 00:00,1,18.93,8.25,7.69,384.817,11.707,1.24,0.008,0.015,2.581,,,2026-09-26 02:25:56
云南省,长江流域,头屯河,2026-09-26 00:00,2,19.38,8.02,7.11,428.854,4.24,0.47,0.001,0.027,5.012,,,2026-09-26 02:25:56
云南省,长江流域,邓家河,2026-09-26 00:00,2,21.94,7.8,7.73,394.404,16.457,1.01,0.066,0.051,2.823,,,2026-09-26 02:25:56
云南省,长江流域,横江桥,2026-09-26 00:00,2,21.49,8.16,8.44,283.22,24.52,0.96,,0.034,2.295,,,2026-09-26 02:25:56
云南省,长江流域,程海湖中,2026-09-26 00:00,3,25.57903,,8.06,1319.924,3.84442,5.75,0.014,0.017,0.87208,0.00805,6628.521,2026-09-26 02:25:56
云南省,长江流域,新华,2026-09-26 00:00,2,16.69869,8.44,8.31,917.6041,63.23268,1.7,0.086,0.021,0.68828,,,2026-09-26 02:25:56
云南省,长江流域,金江桥,2026-09-26 00:00,1,20.62,8.09,8.62,787.7734,14.07318,0.97,0.021,0.014,0.66834,,,2026-09-26 02:25:56
云南省,长江流域,龙兴村,2026-09-26 00:00,4,19.40337,7.76,5.72,455.4865,16.18609,1.94,0.128,0.239,2.85761,,,2026-09-26 02:25:56
云南省,西南诸河,土卡河水文站,2026-09-26 00:00,2,26.75944,7.9,6.36,210.6179,26.40972,1.23,,0.017,0.9510922,,,2026-09-26 02:25:56
云南省,西南诸河,思茅港,2026-09-26 00:00,3,23.21087,7.34,5.73,307.9456,11.21108,1.25,0.02,0.011,1.25933,,,2026-09-26 02:25:56
云南省,西南诸河,孟拉桥,2026-09-26 00:00,2,24.31,7.93,7.21,101.2628,51.89038,1.63,0.05,0.028,1.33913,,,2026-09-26 02:25:56
云南省,西南诸河,莲花乡,2026-09-26 00:00,3,25.16425,7.69,5.48,318.8593,11.17545,2.54,0.061,0.188,5.02129,,,2026-09-26 02:25:56
云南省,西南诸河,嘎旧,2026-09-26 00:00,2,22.58,8.03,6.86,395.9434,13.1546,1.45,0.023,0.013,0.61864,,,2026-09-26 02:25:56
云南省,西南诸河,景临桥,2026-09-26 00:00,6,28.92,9.53,13.26,224.8152,32.3553,7.19,0.086,0.091,1.27916,,,2026-09-26 02:25:56
云南省,西南诸河,孟定大桥,2026-09-26 00:00,1,25.07,7.91,7.96,264.7413,172.1702,0.69,0.005,0.02,1.41013,,,2026-09-26 02:25:56
云南省,西南诸河,黑箐,2026-09-26 00:00,2,23.63,7.73,6.88,142.2052,80.10529,1.35,0.011,0.037,2.031,,,2026-09-26 02:25:56
云南省,西南诸河,小黑江检查站,2026-09-26 00:00,2,23.2654,7.71,7.34,183.2867,61.33377,0.93,0.018,0.016,0.88914,,,2026-09-26 02:25:56
云南省,西南诸河,水文站,2026-09-26 00:00,3,22.84,7.98,5.24,445.7132,12.64074,0.94,0.002,0.038,1.28832,,,2026-09-26 02:25:56
云南省,长江流域,西观桥,2026-09-26 00:00,2,25.03,8.17,7.77,693.5158,19.1111,1.93,0.014,0.023,7.24489,,,2026-09-26 02:25:56
云南省,西南诸河,那发出境,2026-09-26 00:00,2,27.07,7.66,6.82,142.9256,61.18,0.99,,0.049,0.7522,,,2026-09-26 02:25:56
云南省,西南诸河,中越桥,2026-09-26 00:00,2,26.02,8.13,8.89,279.8755,15.926,0.86,0.134,0.048,2.1711,,,2026-09-26 02:25:56
云南省,西南诸河,龙脖渡口,2026-09-26 00:00,2,27.22,7.94,7.45,302.0519,26.1266,0.45,,0.046,1.2425,,,2026-09-26 02:25:56
云南省,西南诸河,河口县医院,2026-09-26 00:00,2,27.04816,8.12,6.26,303.0642,32.73455,1.06,,0.055,1.791915,,,2026-09-26 02:25:56
云南省,西南诸河,小河底河,2026-09-26 00:00,2,25.64,8.19,8.48,454.4081,43.6287,1.68,,0.023,1.1927,,,2026-09-26 02:25:56
云南省,珠江流域,异龙湖中,2026-09-26 01:00,4,25.45,8.44,7.1,437.61,4.051,7.66,0.042,0.01,0.563,0.01495,34708.51,2026-09-26 02:25:56
云南省,珠江流域,长虹桥,2026-09-26 00:00,3,24.29,8.18,6.82,466.3652,70.1987,2.49,,0.128,4.4479,,,2026-09-26 02:25:56
云南省,珠江流域,江边桥,2026-09-26 00:00,2,24.88,7.78,7.29,506.97,82.31,1.2,,0.075,3.6229,,,2026-09-26 02:25:56
云南省,西南诸河,天保农场,2026-09-26 00:00,2,23.55,8.02,9.64,371,3.96,0.43,,0.024,2.9666,,,2026-09-26 02:25:56
云南省,西南诸河,南利大桥,2026-09-26 00:00,3,23.78,8.19,5.81,300.65,19.21,0.62,0.045,0.015,1.428,,,2026-09-26 02:25:56
云南省,珠江流域,谷拉河大桥,2026-09-26 00:00,2,30.61,8.56,11.89,203.32,3.042,2.1,0.015,0.007,0.523,,,2026-09-26 02:25:56
云南省,西南诸河,勐仑大桥,2026-09-26 00:00,2,25.4,8.3,7.49,259.1221,31.23317,,0.003,0.029,0.70462,,,2026-09-26 02:25:56
云南省,西南诸河,风情园大桥,2026-09-26 00:00,2,22.63354,7.83,8.02,98.44163,100.6059,0.95,0.003,0.043,3.66748,,,2026-09-26 02:25:56
云南省,西南诸河,勐捧岔河,2026-09-26 00:00,2,25.05,7.87,7.99,290.4415,44.14469,1.17,0.009,0.039,0.79699,,,2026-09-26 02:25:56
云南省,西南诸河,打洛江大桥,2026-09-26 00:00,1,25.80132,7.87,7.58,140.8916,60.01517,0.23,0.006,0.014,0.53222,,,2026-09-26 02:25:56
云南省,西南诸河,洱海湖心,2026-09-26 01:00,2,23.22,8.82,6.76,289.27,4.44,3.83,0.013,0.018,0.51,0.00562,14000,2026-09-26 02:25:56
云南省,西南诸河,交汇口,2026-09-26 00:00,2,21.30767,8.33,7.75,307.1675,162.2935,1.43,0.006,0.038,0.77215,,,2026-09-26 02:25:56
云南省,西南诸河,徐村桥,2026-09-26 00:00,2,21.97,7.77,7.14,256.4574,68.44814,1.16,0.009,0.037,1.29172,,,2026-09-26 02:25:56
云南省,西南诸河,江尾,2026-09-26 00:00,2,24.25284,8.25,6.1,355.0504,17.06731,2.01,0.001,0.048,0.90796,,,2026-09-26 02:25:56
云南省,西南诸河,四级坝,2026-09-26 00:00,3,21.92,7.66,5.91,330.8159,41.36949,3.11,0.097,0.197,2.32554,,,2026-09-26 02:25:56
云南省,西南诸河,汇流电站,2026-09-26 00:00,2,25.12555,7.11,7.71,81.72365,30.95705,,0.007,0.021,0.72363,,,2026-09-26 02:25:56
云南省,西南诸河,姐告大桥,2026-09-26 00:00,2,24.8292,7.47,6.71,161.3647,61.61115,1.12,0.001,0.024,1.11734,,,2026-09-26 02:25:56
云南省,西南诸河,迭撒大桥,2026-09-26 00:00,3,25.7986,6.84,5.86,136.4802,104.4372,1.09,0.049,0.019,1.84527,,,2026-09-26 02:25:56
云南省,西南诸河,风平,2026-09-26 00:00,2,23.8,7.98,6.95,210.2637,32.99872,1.63,0.028,0.074,1.04609,,,2026-09-26 02:25:56
云南省,西南诸河,丙舍桥,2026-09-26 00:00,1,18.26175,8.33,9.81,424.1503,594.82,1.06,0.001,0.008,0.37768,,,2026-09-26 02:25:56
云南省,长江流域,贺龙桥,2026-09-26 00:00,1,16.75948,8.37,8.52,908.8935,65.92204,1.44,0.083,0.017,1.06953,,,2026-09-26 02:25:56
云南省,西南诸河,中路村,2026-09-26 00:00,1,16.64,8.44,9.38,495.9704,19.23375,0.83,0.014,0.004,0.5435,,,2026-09-26 02:25:56
陕西省,黄河流域,灞河口,2026-09-26 00:00,2,21.66,8.08,7.25,325.2564,38.379,2.89,0.042,0.05,4.3567,,,2026-09-26 02:25:56
陕西省,黄河流域,三郎村,2026-09-26 00:00,2,22.83,7.8,6.65,531.918,49.139,3.11,0.083,0.058,4.3206,,,2026-09-26 02:25:56
陕西省,黄河流域,岔口,2026-09-26 00:00,2,21,7.77,8.2,847.03,5.503,3.42,0.118,0.067,7.3502,,,2026-09-26 02:25:56
陕西省,长江流域,黄牛铺,2026-09-26 00:00,3,16.16,7.52,8.23,107.7773,4.3874,4.1,0.005,0.014,1.207,,,2026-09-26 02:25:56
陕西省,黄河流域,魏家堡,2026-09-26 00:00,3,21.43,8.08,7.56,639.1711,36.8897,2.94,0.69,0.083,4.692,,,2026-09-26 02:25:56
陕西省,黄河流域,卧龙寺桥,2026-09-26 00:00,2,20.47,8.31,8,603.5132,42.0186,2.57,0.016,0.018,4.086,,,2026-09-26 02:25:56
陕西省,长江流域,灶火庵,2026-09-26 00:00,1,20.68,8.2,7.66,325.2875,41.8146,0.82,0.022,0.019,1.2836,,,2026-09-26 02:25:56
陕西省,黄河流域,咸阳铁桥,2026-09-26 00:00,2,22.3,8.16,7.43,697.1153,36.2005,2.74,0.055,0.037,6.896,,,2026-09-26 02:25:56
陕西省,黄河流域,兴平,2026-09-26 00:00,2,21.86,7.96,6.11,671.5423,51.907,3.3,0.128,0.073,6.7937,,,2026-09-26 02:25:56
陕西省,黄河流域,泾河桥,2026-09-26 00:00,3,22.34,8.34,7.84,1501.08,279.2089,2.76,0.017,0.107,3.0214,,,2026-09-26 02:25:56
陕西省,黄河流域,黑河张家桥,2026-09-26 00:00,2,20.62,8.16,7.29,669.3098,62.8919,1.58,0.142,0.03,2.2765,,,2026-09-26 02:25:56
陕西省,黄河流域,杨家畔村,2026-09-26 00:00,2,21.4,8.8,7.72,1512.816,45.6645,2.39,0.027,0.031,6.8331,,,2026-09-26 02:25:56
陕西省,黄河流域,昝家山,2026-09-26 00:00,1,20.74,8.38,8.41,577.859,50.68306,1.81,0.012,0.018,4.2481,,,2026-09-26 02:25:56
陕西省,黄河流域,寺滩,2026-09-26 00:00,2,22.24,8.59,7.62,1268.543,138.0701,2.06,0.008,0.091,4.9691,,,2026-09-26 02:25:56
陕西省,黄河流域,朱家沟,2026-09-26 00:00,3,20.23,8.25,7.49,1118.771,7.86323,2.18,0.083,0.138,5.5941,,,2026-09-26 02:25:56
陕西省,长江流域,烈金坝,2026-09-26 00:00,2,19.49,8.28,7.85,342.4,5.189,0.32,,0.021,1.2116,,,2026-09-26 02:25:56
陕西省,长江流域,南柳渡,2026-09-26 00:00,2,21.34,8.03,7.87,265.8188,9.4351,1.77,0.021,0.034,1.399,,,2026-09-26 02:25:56
陕西省,长江流域,白水江,2026-09-26 00:00,2,21.38,8.19,7.48,334.2628,17.531,0.83,0.017,0.021,1.0843,,,2026-09-26 02:25:56
陕西省,黄河流域,柏树坪,2026-09-26 00:00,4,21.11132,7.92,8.1,910.271,1648.824,4.86,,0.263,13.5791,,,2026-09-26 02:25:56
陕西省,黄河流域,温家川,2026-09-26 00:00,2,21.9,8.33,7.06,1327.505,13.64112,1.73,0.037,0.026,3.4581,,,2026-09-26 02:25:56
陕西省,黄河流域,高家川,2026-09-26 00:00,2,20.7,8.38,8.31,844.066,110.5858,1.65,,0.053,3.3641,,,2026-09-26 02:25:56
陕西省,黄河流域,鱼河,2026-09-26 00:00,3,19.98,8.32,7.32,831.693,47.55805,3.34,0.027,0.131,3.6471,,,2026-09-26 02:25:56
陕西省,长江流域,白河城关,2026-09-26 00:00,2,24.14,7.79,8.87,233.5043,31.48,2.18,0.005,0.038,1.329,0.014284,,2026-09-26 02:25:56
陕西省,长江流域,小钢桥,2026-09-26 00:00,2,22.33,7.74,6.82,303.8,10.78,1.96,,0.034,1.5,,,2026-09-26 02:25:56
陕西省,长江流域,老君关,2026-09-26 00:00,2,22.36,7.51,7.56,256.0095,154.0272,2.3,0.035,0.046,1.278,,,2026-09-26 02:25:56
陕西省,长江流域,瀛湖坝前,2026-09-26 00:00,2,23.99,7.74,6.86,240.8251,6.1198,1.81,,0.024,1.111,0.04094,1710490,2026-09-26 02:25:56
陕西省,长江流域,构峪口,2026-09-26 00:00,1,21.35,8.19,8.23,405.771,9.043,1.66,,0.005,1.942,,,2026-09-26 02:25:56
陕西省,长江流域,丹凤下,2026-09-26 00:00,2,19.88,7.95,8.05,448.7793,16.1495,2.08,0.393,0.069,3.5022,,,2026-09-26 02:25:56
陕西省,黄河流域,灵口,2026-09-26 00:00,1,19.9,8.32,8.5,471.4568,9.4301,0.94,0.026,0.008,1.4479,,,2026-09-26 02:25:56
甘肃省,黄河流域,扶和桥,2026-09-26 00:00,1,15.47,8.11,7.92,480.9168,32.99796,1.39,0.055,0.018,1.90786,,,2026-09-26 02:25:56
甘肃省,黄河流域,新城桥,2026-09-26 00:00,2,15.87,8.28,7.57,588.608,127.159,1.77,0.011,0.036,1.7782,,,2026-09-26 02:25:56
甘肃省,黄河流域,湟水桥,2026-09-26 00:00,2,15.64,8.5,7.71,626.827,101.7,2.46,0.064,0.063,3.079,,,2026-09-26 02:25:56
甘肃省,西北诸河,迎山坡,2026-09-26 00:00,1,12.99553,8.18,7.91,555.5523,6.30046,0.37,0.004,0.006,1.4566,,,2026-09-26 02:25:56
甘肃省,黄河流域,青城桥,2026-09-26 00:00,2,16.58729,8.25,6.92,635.0756,22.23488,1.43,0.051,0.021,2.5235,,,2026-09-26 02:25:56
甘肃省,黄河流域,五佛寺,2026-09-26 01:00,2,17.5956,8.34,7.31,742.9615,96.95104,1.46,0.04,0.02,2.814,,,2026-09-26 02:25:56
甘肃省,黄河流域,靖远桥,2026-09-26 00:00,2,16.78818,8.22,6.75,630.2717,27.24439,1.26,0.049,0.022,2.61346,,,2026-09-26 02:25:56
甘肃省,黄河流域,桦林,2026-09-26 00:00,2,16.7,8.43,8.49,795.8,795.5,3,0.029,0.065,4.133,,,2026-09-26 02:25:56
甘肃省,黄河流域,葡萄园,2026-09-26 00:00,2,19.94,8.26,7.67,939.878,3365.409,3.35,0.026,0.083,7.321,,,2026-09-26 02:25:56
甘肃省,西北诸河,红崖山水库,2026-09-26 00:00,2,18.73105,8.5,8.57,515.4996,22.00073,1.59,0.028,0.019,0.82024,0.01486,2553050,2026-09-26 02:25:56
甘肃省,黄河流域,先明峡桥,2026-09-26 00:00,1,11.62936,8.48,8.39,483.0365,7.85999,0.94,0.005,0.003,,,,2026-09-26 02:25:56
甘肃省,西北诸河,莺落峡,2026-09-26 00:00,1,12.91,8.39,8.67,699.1258,9.95332,0.65,0.018,0.004,1.27971,,,2026-09-26 02:25:56
甘肃省,西北诸河,皇城水库,2026-09-26 00:00,1,10.22541,8.23,8.72,541.5591,7.84206,0.91,0.001,0.008,1.45792,,,2026-09-26 02:25:56
甘肃省,西北诸河,六坝桥,2026-09-26 00:00,1,16.98735,8.38,7.94,674.6879,12.64624,0.56,0.022,0.01,2.15597,,,2026-09-26 02:25:56
甘肃省,黄河流域,长庆桥,2026-09-26 00:00,2,19.84,8.37,7.42,847.713,107.8496,1.3,0.007,0.084,4.9791,,,2026-09-26 02:25:56
甘肃省,黄河流域,洮园桥,2026-09-26 00:00,2,15.22,8.35,7.78,400.7417,48.63563,2.42,0.115,0.036,2.98132,,,2026-09-26 02:25:56
甘肃省,长江流域,固水子村,2026-09-26 00:00,2,16.33,8.27,8.96,343.4,314.1,2.31,0.009,0.067,1.114,,,2026-09-26 02:25:56
甘肃省,长江流域,两水桥,2026-09-26 00:00,2,17.18,8.41,8.21,348.187,206.9355,3.64,0.011,0.034,1.3701,,,2026-09-26 02:25:56
甘肃省,黄河流域,折桥,2026-09-26 00:00,1,13,8.51,9.03,482.2473,68.00728,1.4,0.067,0.02,2.43252,,,2026-09-26 02:25:56
甘肃省,黄河流域,地沟桥,2026-09-26 00:00,1,11.91,8.52,8.44,516.6126,45.16576,1.47,0.044,0.02,2.16256,,,2026-09-26 02:25:56
甘肃省,黄河流域,玛曲,2026-09-26 00:00,4,11.92971,8.18,6.28,304.2395,166.813,7.51,0.146,0.051,2.88836,,,2026-09-26 02:25:56
青海省,黄河流域,小峡桥,2026-09-26 00:00,2,14.19714,8.38,7.95,634.1896,52.21076,3.11,0.103,0.068,3.58025,,,2026-09-26 02:25:56
青海省,黄河流域,润泽桥,2026-09-26 00:00,2,13.57044,8.18,7.98,467.2416,40.50533,1.58,0.056,0.03,2.09472,,,2026-09-26 02:25:56
青海省,黄河流域,大河家,2026-09-26 00:00,1,12.55752,8.33,8.04,502.9922,12.06405,1.11,0.011,0.002,0.9169,,,2026-09-26 02:25:56
青海省,黄河流域,边墙村,2026-09-26 00:00,2,15.52732,8.5,8.01,735.8977,79.31118,2.92,0.083,0.069,3.71806,,,2026-09-26 02:25:56
青海省,黄河流域,峡塘,2026-09-26 00:00,1,11.30556,8.48,7.8,549.0009,17.96829,0.8,0.005,0.006,1.03516,,,2026-09-26 02:25:56
青海省,黄河流域,金滩,2026-09-26 00:00,2,12.16,8.37,7.24,450.6,3.94,2.44,0.002,0.017,1.072,,,2026-09-26 02:25:56
青海省,西北诸河,布哈河入青海湖口,2026-09-26 00:00,2,11.67694,8.42,7.47,562.3387,43.28429,1.05,0.005,0.006,0.705,,,2026-09-26 02:25:56
青海省,黄河流域,唐乃亥,2026-09-26 00:00,2,13.88468,8.48,7.11,449.5658,60.07054,1.49,0.078,0.032,1.13233,,,2026-09-26 02:25:56
青海省,黄河流域,龙羊峡库区出水口,2026-09-26 00:00,1,11.589,8.16,7.99,460.6133,7.13071,1.29,0.002,0.007,0.81035,0.00298,269226.7,2026-09-26 02:25:56
青海省,西北诸河,总场水闸,2026-09-26 00:00,1,9.92,8.48,7.92,859.069,40.6204,0.35,0.002,0.005,0.78675,,,2026-09-26 02:25:56
青海省,西北诸河,纳赤台,2026-09-26 00:00,2,7.535,8.39,7.68,829.5,24.38,0.51,0.022,0.027,0.711,,,2026-09-26 02:25:56
宁夏回族自治区,黄河流域,银古公路桥,2026-09-26 00:00,2,19.44473,8.26,7.23,882.3809,393.7594,2.31,0.079,0.039,2.93777,,,2026-09-26 02:25:56
宁夏回族自治区,黄河流域,平罗黄河大桥,2026-09-26 00:00,2,20.12,8.3,7.06,869.7,442.58,1.83,,0.068,3.12,,,2026-09-26 02:25:56
宁夏回族自治区,黄河流域,麻黄沟,2026-09-26 00:00,2,20.31,8.22,7.08,821.228,582.076,2.31,,0.055,2.5785,,,2026-09-26 02:25:56
宁夏回族自治区,黄河流域,沙湖,2026-09-26 00:00,4,20.43,8.8,8.58,1417.1,9.31,6.15,0.01,0.026,0.631,0.0097,1031000,2026-09-26 02:25:56
宁夏回族自治区,黄河流域,沟圈,2026-09-26 00:00,2,18.17,8.51,7.65,1985.099,208.1995,3.48,0.023,0.069,2.3821,,,2026-09-26 02:25:56
宁夏回族自治区,黄河流域,中卫下河沿,2026-09-26 01:00,-1,,,,,,,,,,,,2026-09-26 02:25:56
宁夏回族自治区,黄河流域,泉眼山,2026-09-26 00:00,3,18.92,8.24,8.55,8344.712,952.934,2.59,0.234,0.127,25.9631,,,2026-09-26 02:25:56
新疆维吾尔自治区,西北诸河,青年渠,2026-09-26 00:00,1,14.67,8.21,9.73,458.4198,7.52019,0.66,7,0.004,1.28265,,,2026-09-26 02:25:56
新疆维吾尔自治区,西北诸河,七纺桥,2026-09-26 00:00,1,12.98,8.53,8.32,2270.735,12.72976,0.5,0.012,0.016,10.16213,,,2026-09-26 02:25:56
新疆维吾尔自治区,西北诸河,赛湖2,2026-09-26 00:00,3,15.70639,,5.02,3233.026,9.61675,0.4,0.142,0.001,0.47481,0.00969,22250,2026-09-26 02:25:56
新疆维吾尔自治区,西北诸河,哈尔莫墩,2026-09-26 00:00,1,15.63,8.22,9.04,385.1681,0.0103,0.74,0.002,0.008,0.65552,,,2026-09-26 02:25:56
新疆维吾尔自治区,西北诸河,汇合口,2026-09-26 00:00,1,20.25,7.85,8.18,462.7708,6.22032,1.75,0.007,0.006,0.28815,,,2026-09-26 02:25:56
新疆维吾尔自治区,西北诸河,兰干,2026-09-26 00:00,1,20.30338,8.47,7.59,627.356,5.90208,1.38,0.004,0.008,0.55955,,,2026-09-26 02:25:56
新疆维吾尔自治区,西北诸河,塔提让,2026-09-26 00:00,1,17.66,8.52,7.53,1197.477,851.5497,0.29,0.001,0.006,0.94228,,,2026-09-26 02:25:56
新疆维吾尔自治区,西北诸河,塔里木拦河闸,2026-09-26 00:00,1,17.83128,8.14,8.14,576.5887,633.7158,0.44,0.008,0.001,0.87529,,,2026-09-26 02:25:56
新疆维吾尔自治区,西北诸河,十二医院,2026-09-26 00:00,2,16.70256,7.76,7.42,1246.339,9.1125,0.52,0.324,0.008,1.11825,,,2026-09-26 02:25:56
新疆维吾尔自治区,西北诸河,依干其渡口,2026-09-26 00:00,1,19.1104,8.38,7.55,498.8131,111.3043,1.58,0.04,0.004,1.7769,,,2026-09-26 02:25:56
新疆维吾尔自治区,西北诸河,喀河大桥,2026-09-26 00:00,2,19.6093,8.05,6.87,1201.686,2.742,0.4,0.003,0.001,2.06276,,,2026-09-26 02:25:56
新疆维吾尔自治区,西北诸河,科布大桥,2026-09-26 00:00,1,13.76357,8.23,8.22,311.3282,45.29892,0.53,0.002,0.006,0.88775,,,2026-09-26 02:25:56
新疆维吾尔自治区,西北诸河,龙口大桥,2026-09-26 00:00,1,17.29963,7.63,8.56,300.93,3.51488,0.41,0.004,0.004,0.6235,,,2026-09-26 02:25:56
新疆维吾尔自治区,西北诸河,羊场大桥,2026-09-26 00:00,1,18.31,8.08,7.97,508.0654,50.57075,1.18,0.009,0.016,1.69975,,,2026-09-26 02:25:56
新疆维吾尔自治区,西北诸河,喀什河大桥,2026-09-26 00:00,1,16.45,8.09,10.18,246.4917,17.3857,0.44,0.002,0.006,0.94025,,,2026-09-26 02:25:56
新疆维吾尔自治区,西北诸河,英牙尔乡,2026-09-26 00:00,2,20.06057,8.35,8.64,363.3373,29.90408,1.46,0.005,0.034,1.28712,,,2026-09-26 02:25:56
新疆维吾尔自治区,西北诸河,布尔津河大桥,2026-09-26 00:00,1,16.61,8.1,9.14,61.78785,6.47263,1.5,0.008,0.005,0.18683,,,2026-09-26 02:25:56
新疆维吾尔自治区,西北诸河,乌伦古湖码头,2026-09-26 00:00,2,19.68601,8.68,8.31,3786.71,11.87123,3.57,0.004,0.013,0.72147,0.0192,565373.1,2026-09-26 02:25:56
新疆维吾尔自治区,西北诸河,北屯大桥,2026-09-26 00:00,1,17.78792,7.97,8.29,87.75638,15.13167,0.4,0.005,0.007,0.43362,,,2026-09-26 02:25:56
新疆维吾尔自治区,西北诸河,布尔津水文站,2026-09-26 00:00,1,16.69,8.18,9.85,212.1447,13.12817,1.46,0.02,0.016,1.29459,,,2026-09-26 02:25:56
新疆维吾尔自治区,西北诸河,额河南湾,2026-09-26 01:00,1,17.227,7.54,8.74,201.2065,0.0055,0.94,0.001,0.008,0.40503,,,2026-09-26 02:25:56
