省份,流域,断面名称,监测时间,水质类别,水温(℃),pH(无量纲),溶解氧(mg/L),电导率(μS/cm),浊度(NTU),高锰酸盐指数(mg/L),氨氮(mg/L),总磷(mg/L),总氮(mg/L),叶绿素α(mg/L),藻密度(cells/L),抓取时间
河北省,海河流域,南刘庄,2026-09-15 00:00,3,24.37,7.8,7.68,682.24,5.76,5.12,0.006,0.032,0.618,0.01044,1716985,2026-09-15 00:25:54
河北省,海河流域,光淀张庄,2026-09-15 00:00,3,24.27,7.65,5.83,757.34,5.74,2.48,0.02,0.02,1.894,0.00105,455396.3,2026-09-15 00:25:54
内蒙古自治区,松花江流域,嵯岗,2026-09-15 00:00,4,15.19,7.94,9.11,207.24,58.285,9.17,,0.088,0.519,,,2026-09-15 00:25:54
辽宁省,辽河流域,盘锦兴安,2026-09-15 00:00,4,20.93,7.75,3.16,549.81,28.05,6.17,0.029,0.091,1.247,,,2026-09-15 00:25:54
吉林省,松花江流域,周家河口,2026-09-15 00:00,3,16.55,7.67,8.46,654.69,197.61,4.6,0.002,0.137,3.605,,,2026-09-15 00:25:54
上海市,长江流域,富锦路桥,2026-09-15 00:00,4,28,7.77,4.9,487.9,58.5,3.21,0.014,0.135,2.863,,,2026-09-15 00:25:54
上海市,太湖流域,闵行西界,2026-09-15 00:00,4,27.56,7.41,4.03,437.75,58.19,2.6,,0.094,1.506,,,2026-09-15 00:25:54
上海市,太湖流域,蕴川路桥,2026-09-15 00:00,3,26.74,7.95,6.64,446.08,79.43,2.65,,0.109,2.104,,,2026-09-15 00:25:54
江苏省,太湖流域,锡东水厂,2026-09-15 00:00,3,26.82,8.84,8.39,381.48,22.23,2.63,0.053,0.033,0.71,0.00587,1472150,2026-09-15 00:25:54
江苏省,太湖流域,拖山,2026-09-15 00:00,4,26.7,8.76,8.44,333.88,53.13,3.55,,0.088,1.629,0.0085,6603855,2026-09-15 00:25:54
江苏省,太湖流域,五里湖心,2026-09-15 00:00,4,26.83,8.15,7.05,395.03,31.42137,3.55,,0.08,0.328,0.00478,8016986,2026-09-15 00:25:54
江苏省,太湖流域,胥湖心,2026-09-15 00:00,2,26.77,8.99,9.06,328.25,8.87,2.1,0.011,0.006,0.164,0.0007,266934.5,2026-09-15 00:25:54
江苏省,太湖流域,乌龟山南,2026-09-15 00:00,3,26.03,8.78,8.26,370.962,25.786,2.3,,0.028,0.502,0.00292,4264166,2026-09-15 00:25:54
江苏省,太湖流域,千灯浦口,2026-09-15 00:00,4,26.88,7.24,3.67,537.203,31.366,3.38,0.027,0.101,1.3175,,,2026-09-15 00:25:54
江苏省,淮河流域,总渠苏嘴,2026-09-15 00:00,2,22.9,7.63,6.45,440.12,30.85,3.93,0.045,0.088,2.955,,,2026-09-15 00:25:54
浙江省,浙闽片河流,梁桥,2026-09-15 00:00,2,25.57,6.72,7.12,91.82,14.6,1.24,0.028,0.049,1.975,,,2026-09-15 00:25:54
浙江省,太湖流域,杨家浦,2026-09-15 00:00,3,27.56736,8.41,8.89,278.7082,61.3251,2.85,0.01,0.103,2.121469,,,2026-09-15 00:25:54
浙江省,浙闽片河流,塔下洲,2026-09-15 00:00,3,27.32,8.6,10.39,423.663,9.173,4.85,0.048,0.081,2.2048,,,2026-09-15 00:25:54
浙江省,浙闽片河流,横山,2026-09-15 00:00,2,27.26,7.72,7.86,,,2.09,,,,,,2026-09-15 00:25:54
浙江省,浙闽片河流,章店,2026-09-15 00:00,3,27.88,8.59,6.34,281.37,3.79,4.25,0.059,0.184,2.3785,,,2026-09-15 00:25:54
浙江省,浙闽片河流,金清新闸,2026-09-15 00:00,5,26.82,7.32,2.87,563.057,77.486,4.03,0.599,0.172,2.836,,,2026-09-15 00:25:54
浙江省,浙闽片河流,沙湾上,2026-09-15 00:00,1,22.41,7.22,8.54,26.993,3.548,0.97,0.095,0.007,0.2299,,,2026-09-15 00:25:54
安徽省,巢湖流域,湖滨,2026-09-15 00:00,4,26.49,,7.8,273.65,24.29,4.13,,0.069,0.676,0.0052,5252693,2026-09-15 00:25:54
安徽省,巢湖流域,黄麓,2026-09-15 00:00,4,28.07,,7.66,289.05,24.712,5.48,0.003,0.062,0.402,0.0068,3169398,2026-09-15 00:25:54
安徽省,巢湖流域,靠近大坝,2026-09-15 00:00,3,27.18,,8.01,151.13,8.23,4.22,,0.024,0.343,0.01512,1.290562,2026-09-15 00:25:54
安徽省,巢湖流域,新河入湖区,2026-09-15 00:00,4,27.08,,7.92,290.67,46.67,4.59,,0.078,0.247,0.00271,3.78016,2026-09-15 00:25:54
安徽省,巢湖流域,西半湖湖心,2026-09-15 00:00,4,26.47,,8.69,304.1,28.52,4.51,,0.072,0.19,0.0054,6133858,2026-09-15 00:25:54
安徽省,巢湖流域,龟山,2026-09-15 00:00,4,26.85,,9.37,298.44,32.11,5.24,,0.075,0.681,0.01047,3.058104,2026-09-15 00:25:54
安徽省,巢湖流域,东半湖湖心,2026-09-15 00:00,4,26.256,,8.14,260.196,29.28,5.09,0.017,0.064,0.373,0.00379,1.026048,2026-09-15 00:25:54
安徽省,巢湖流域,忠庙,2026-09-15 00:00,4,26.27,,9.95,281.87,35.7,5.63,,0.073,0.436,0.01296,4471139,2026-09-15 00:25:54
安徽省,巢湖流域,兆河入湖区,2026-09-15 00:00,4,26.28,8.93,8.03,297.79,33.99,5.28,,0.074,0.393,0.00403,1.089556,2026-09-15 00:25:54
安徽省,淮河流域,焦岗湖,2026-09-15 00:00,3,26.05,8.54,8.35,667.17,12.8,4.34,,0.037,0.397,0.00664,5445784,2026-09-15 00:25:54
安徽省,长江流域,太平湖湖心,2026-09-15 00:00,2,27.64,8.67,8.44,100,3.16,2.21,,0.01,0.403,0.00349,1524315,2026-09-15 00:25:54
安徽省,长江流域,南漪湖西湖湖心,2026-09-15 00:00,4,26.98,7.85,7.1,167.39,40.04,3.74,,0.053,,0.01073,3215331,2026-09-15 00:25:54
福建省,浙闽片河流,华安西陂,2026-09-15 00:00,2,24.87552,7.19,8.84,153.506,29.33543,1.12,0.005,0.073,1.034,,,2026-09-15 00:25:54
福建省,浙闽片河流,南靖靖城桥,2026-09-15 00:00,2,26.95,6.59,7.52,134.8,30.32,1.2,0.103,0.03,6.382,,,2026-09-15 00:25:54
福建省,浙闽片河流,诏安澳子头,2026-09-15 00:00,2,29.09,7.94,9.16,91.991,4.783,1.34,0.077,0.09,1.8669,,,2026-09-15 00:25:54
福建省,浙闽片河流,浦南水文站,2026-09-15 00:00,2,26.00855,7.2,7.85,133.7,34.443,0.76,0.118,0.037,1.258,,,2026-09-15 00:25:54
福建省,浙闽片河流,南溪浮宫桥,2026-09-15 00:00,1,29.83,8.17,7.61,,8.442,1.52,,,,,,2026-09-15 00:25:54
福建省,浙闽片河流,上坂,2026-09-15 00:00,3,27.56,6.47,6.06,160.581,46.478,0.89,0.18,0.153,4.7788,,,2026-09-15 00:25:54
福建省,浙闽片河流,云霄高塘渡口,2026-09-15 00:00,3,28.13,6.7,6.71,113.224,18.66,0.75,0.184,0.127,5.2215,,,2026-09-15 00:25:54
福建省,浙闽片河流,雁石桥,2026-09-15 00:00,2,28.21,7.64,8.32,288.745,38.394,0.74,0.098,0.041,1.247,,,2026-09-15 00:25:54
福建省,珠江流域,长汀美西桥,2026-09-15 00:00,2,25.55,7.02,7.53,121.251,10.556,1.48,0.1,0.074,0.8742,,,2026-09-15 00:25:54
江西省,长江流域,八一桥,2026-09-15 00:00,2,27.4,7.45,7.58,113.969,29.698,1.71,0.112,0.069,0.9564,,,2026-09-15 00:25:54
江西省,长江流域,龙山口,2026-09-15 00:00,2,25.65,8.34,8.06,261.263,6.415,1.88,0.0003,0.023,0.7276,,,2026-09-15 00:25:54
江西省,长江流域,桐车湾,2026-09-15 00:00,2,26.53,8.06,7.11,346.817,2.814,1.81,0.061,0.087,1.7604,,,2026-09-15 00:25:54
江西省,长江流域,罗坊,2026-09-15 00:00,2,27.79,7.44,6.46,237.809,30.509,3.1,0.089,0.093,1.3795,,,2026-09-15 00:25:54
江西省,长江流域,孔目江江口,2026-09-15 00:00,2,28.29,7.34,6.96,354.683,24.162,3,0.152,0.074,1.1575,,,2026-09-15 00:25:54
江西省,长江流域,浮桥,2026-09-15 00:00,2,27.38,7.71,6.93,186.428,9.621,3.3,0.091,0.065,1.338,,,2026-09-15 00:25:54
江西省,长江流域,傣家村,2026-09-15 00:00,3,28.12,,8.61,173.705,6.805,4.62,0.093,0.046,0.7116,0.02141,2.159248,2026-09-15 00:25:54
江西省,长江流域,土桥,2026-09-15 00:00,2,28.23,7.39,7.22,128.387,3.151,2.68,0.044,0.045,0.9071,,,2026-09-15 00:25:54
江西省,长江流域,峡山,2026-09-15 00:00,3,28.12,7.35,6.98,101.906,4.12,1.55,0.152,0.109,1.1615,,,2026-09-15 00:25:54
江西省,长江流域,平江江口,2026-09-15 00:00,2,28.21,7.25,6.98,113.711,14.272,1.72,0.103,0.046,0.6472,,,2026-09-15 00:25:54
江西省,长江流域,上犹江江口,2026-09-15 00:00,2,25.93,6.94,7.77,71.28,14.295,1.76,0.11,0.025,0.5231,,,2026-09-15 00:25:54
江西省,长江流域,龙南自来水厂,2026-09-15 00:00,2,26.7,7.46,7.87,325.762,4.584,0.95,0.049,0.03,0.765,,,2026-09-15 00:25:54
江西省,长江流域,乌江江口,2026-09-15 00:00,2,27.92,7.56,7.41,135.784,7.414,1.34,0.088,0.049,0.8474,,,2026-09-15 00:25:54
江西省,长江流域,修河港口,2026-09-15 00:00,1,25.98,7.13,8.44,42.39,2.27,0.33,0.009,0.005,0.394,,,2026-09-15 00:25:54
江西省,长江流域,超坊,2026-09-15 00:00,2,27.67,7.87,7.68,89.866,23.93,2.23,0.195,0.064,0.7814,,,2026-09-15 00:25:54
山东省,淮河流域,峡山水库库中,2026-09-15 00:00,5,24.67,8.86,10.05,751.88,45.84,11.5,,0.032,0.426,0.02448,1.158951,2026-09-15 00:25:54
山东省,海河流域,北湖,2026-09-15 00:00,2,25.53,8.73,9.29,938.06,2.65,2.88,,0.014,1.457,0.01443,6862030,2026-09-15 00:25:54
河南省,淮河流域,黄口,2026-09-15 00:00,3,25.6,8.07,6.43,1517.093,19.398,5.35,0.092,0.074,4.0969,,,2026-09-15 00:25:54
湖北省,长江流域,牛山湖湖心,2026-09-15 00:00,3,27.05,8.85,10.3,189.588,10.349,5.14,,0.026,,0.00401,1.784889,2026-09-15 00:25:54
湖北省,长江流域,西梁子湖湖北,2026-09-15 00:00,3,26.1975,7.8,6.54,194.32,26.811,3.86,,0.037,0.544,0.00321,1.046891,2026-09-15 00:25:54
湖北省,长江流域,金水闸,2026-09-15 00:00,6,26.5,7.21,1.69,295.02,31.03,6.05,0.215,0.026,0.948,,,2026-09-15 00:25:54
湖北省,长江流域,东梁子湖湖心,2026-09-15 00:00,3,26.01,7.98,7.7,191.428,25.67,3.66,,0.035,0.271,,,2026-09-15 00:25:54
湖北省,长江流域,梁子湖七星站,2026-09-15 00:00,3,26.42,7.59,6.04,197.7098,37.90792,4.68,0.063,0.015,1.751628,0.03858619,,2026-09-15 00:25:54
湖北省,长江流域,淤泥湖,2026-09-15 00:00,2,27.1,8.75,11.42,401.6,42.3,2.71,0.006,0.061,1.629,,,2026-09-15 00:25:54
湖北省,长江流域,乌溪沟,2026-09-15 00:00,2,24.67339,7.81,6.91,353.6097,23.07011,1.21,0.022,0.031,1.51418,,,2026-09-15 00:25:54
湖北省,长江流域,咸宁湖心,2026-09-15 00:00,4,27.7,8.56,7.43,229.157,9.85,6.16,0.07,0.051,0.868,0.01154,6633900,2026-09-15 00:25:54
湖南省,长江流域,城陵矶,2026-09-15 00:00,2,25.68,7.54,6.79,198.354,53.51264,2.28,0.007,0.039,0.9783,,,2026-09-15 00:25:54
广东省,珠江流域,海丰西闸,2026-09-15 00:00,3,30.47,7.17,5.67,73,3.5,3.17,,0.037,0.534,,,2026-09-15 00:25:54
广东省,珠江流域,东溪水闸,2026-09-15 00:00,4,30.77,6.73,4.24,239.499,37.364,4.83,0.225,0.065,1.545,,,2026-09-15 00:25:54
海南省,珠江流域,大溪村,2026-09-15 00:00,4,25.3,6.58,8.61,50.4,661.5,8.58,,0.261,0.969,,,2026-09-15 00:25:54
重庆市,长江流域,渠江码头,2026-09-15 00:00,4,29.02,7.36,3.79,279.051,11.033,2.86,0.008,0.054,1.61,,,2026-09-15 00:25:54
四川省,长江流域,三块石,2026-09-15 00:00,1,23.47,7.95,8.11,493.11,8.87,0.86,0.007,0.017,1.021,,,2026-09-15 00:25:54
四川省,长江流域,竹巴龙村,2026-09-15 00:00,4,12.96,8.34,6.6,1519.8,525.7,3.53,0.504,0.217,3.582,,,2026-09-15 00:25:54
贵州省,长江流域,茅台,2026-09-15 00:00,1,24.16,8.26,8.17,400.45,2.81,0.88,,0.017,4.067,,,2026-09-15 00:25:54
贵州省,珠江流域,边外河,2026-09-15 00:00,1,24.76,7.85,7.74,339.03,4.8,0.59,,0.006,1.82,,,2026-09-15 00:25:54
云南省,珠江流域,阳宗海中,2026-09-15 00:00,2,23.6,8.99,6.78,409.949,3.071,3.91,0.058,0.015,0.497,0.01262,5111391,2026-09-15 00:25:54
云南省,滇池流域,草海中心,2026-09-15 00:00,4,21.41,8.55,12.03,379.57,42.92,6.04,,0.064,3.487,0.0312,6.992555,2026-09-15 00:25:54
云南省,滇池流域,灰湾中,2026-09-15 00:00,4,21.91,9,8.55,388.545,51.159,8.05,0.024,0.056,1.396,0.01293,3.45663,2026-09-15 00:25:54
云南省,滇池流域,海口西,2026-09-15 00:00,4,22.34,,8.83,358.4,26.31,5.97,,0.058,0.692,0.00607,6.83502,2026-09-15 00:25:54
云南省,滇池流域,滇池南,2026-09-15 00:00,4,21.02,,8.29,387.61,38.37,7.6,,0.056,1.043,0.05008,1.580743,2026-09-15 00:25:54
云南省,珠江流域,抚仙湖心,2026-09-15 00:00,1,23.22,8.86,7.78,281.63,1.844,1.44,0.008,0.009,0.103,0.00214,3957050,2026-09-15 00:25:54
云南省,珠江流域,杞麓湖心,2026-09-15 00:00,4,22.37,8.68,6.38,754.02,5.24,6.29,0.202,0.018,1.522,0.02572,8586933,2026-09-15 00:25:54
云南省,珠江流域,星云湖心,2026-09-15 00:00,3,22.81,,5.37,524.098,58.37,5.35,,0.016,0.557,0.00811,5.035735,2026-09-15 00:25:54
云南省,西南诸河,河口县医院,2026-09-15 00:00,1,23.19233,8.79,8.25,,3.462882,,,,,,,2026-09-15 00:25:54
云南省,珠江流域,异龙湖中,2026-09-15 00:00,5,23.36,8.67,8.6,414.31,5.802,10.89,0.009,0.019,0.668,0.02884,225136,2026-09-15 00:25:54
云南省,西南诸河,洱海湖心,2026-09-15 00:00,3,24.42,,10.5,277.16,9.49,5.14,0.001,0.03,0.584,0.00877,754445.1,2026-09-15 00:25:54
陕西省,黄河流域,卧龙寺桥,2026-09-15 00:00,2,20.48,8.18,8.16,578.2584,192.3833,3.39,0.026,0.062,4.692,,,2026-09-15 00:25:54
北京市,海河流域,鼓楼外大街,2026-09-15 01:00,2,23.9,7.62,6.94,410.2,16.629,1.71,0.048,0.023,2.141,,,2026-09-15 02:25:51
北京市,海河流域,广北滨河路,2026-09-15 01:00,2,24.12,7.84,7.1,397.83,9.11,1.42,0.029,0.025,1.728,,,2026-09-15 02:25:51
北京市,海河流域,沙窝,2026-09-15 01:00,2,24.79,7.36,7.27,775.41,13.821,3.74,0.081,0.064,5.041,,,2026-09-15 02:25:51
北京市,海河流域,新八里桥,2026-09-15 01:00,3,24.59,7.71,5.12,738.437,1.721,3.87,0.032,0.068,5.899,,,2026-09-15 02:25:51
北京市,海河流域,大红门闸上,2026-09-15 01:00,2,22.12,7.7,7.19,997.2,10.613,2.92,,0.068,8.575,,,2026-09-15 02:25:51
北京市,海河流域,南大荒桥,2026-09-15 01:00,2,22.29,8.51,10.06,922.5,16.23,2.71,0.005,0.026,1.959,,,2026-09-15 02:25:51
北京市,海河流域,清河闸,2026-09-15 01:00,3,21.83,7.73,5.2,812.85,4.122,2.33,,0.052,5.034,,,2026-09-15 02:25:51
北京市,海河流域,花园路,2026-09-15 01:00,2,21.18,7.6,6.19,686.34,1.979,1.18,0.137,0.05,7.263,,,2026-09-15 02:25:51
北京市,海河流域,白石桥,2026-09-15 01:00,2,24.63,7.77,7.56,333.73,4.424,2.04,0.021,0.012,1.841,,,2026-09-15 02:25:51
北京市,海河流域,八间房漫水桥,2026-09-15 01:00,2,22.5,7.91,7.13,871.72,8.61,3.31,0.011,0.041,4.0133,,,2026-09-15 02:25:51
北京市,海河流域,码头,2026-09-15 01:00,2,22.7,7.48,9,1074.26,21.245,2.32,0.054,0.056,7.524,,,2026-09-15 02:25:51
北京市,海河流域,罗庄,2026-09-15 01:00,2,23.92,8.13,8.43,1184.533,7.26461,3.05,,0.062,6.6961,,,2026-09-15 02:25:51
北京市,海河流域,小屯桥,2026-09-15 01:00,3,24.03,8.5,10.85,1299.145,7.039273,4.2,0.003,0.067,6.2011,,,2026-09-15 02:25:51
北京市,海河流域,东店,2026-09-15 01:00,2,20.28743,8.01,9.66,744.4654,49.73141,1.81,0.037,0.068,13.48707,,,2026-09-15 02:25:51
北京市,海河流域,密云水库,2026-09-15 01:00,2,23.94582,8.28,8.47,417.3856,4.186796,2.37,0.008,0.006,3.201026,,,2026-09-15 02:25:51
北京市,海河流域,大关桥,2026-09-15 01:00,2,23.65,8.16,8.29,432,15.18,2.45,0.099,0.02,3.7481,,,2026-09-15 02:25:51
北京市,海河流域,辛庄桥,2026-09-15 01:00,2,19.17,8.03,8.42,590.609,48.06508,1.43,,0.025,5.5261,,,2026-09-15 02:25:51
北京市,海河流域,谷家营,2026-09-15 01:00,2,22.46,8.78,14.74,538.477,5.336,3.52,0.053,0.071,2.56,,,2026-09-15 02:25:51
北京市,海河流域,后城,2026-09-15 01:00,1,13.93,8.27,8.81,584.061,24.8628,1.4,0.033,0.019,10.3811,,,2026-09-15 02:25:51
天津市,海河流域,三岔口,2026-09-15 01:00,5,24.96,7.74,2.2,1033.26,23.44339,3.7,0.215,0.063,0.9161,,,2026-09-15 02:25:51
天津市,海河流域,北洋桥,2026-09-15 01:00,4,24.58573,7.35,4.96,1050.811,12.40464,3.83,1.127,0.13,2.356636,,,2026-09-15 02:25:51
天津市,海河流域,井冈山桥,2026-09-15 01:00,5,23.89,7.66,2.81,1051.997,23.5508,3.78,0.803,0.131,1.5221,,,2026-09-15 02:25:51
天津市,海河流域,大红桥,2026-09-15 01:00,4,24.56,7.76,3.44,944.27,46.58698,3.64,0.139,0.075,1.9801,,,2026-09-15 02:25:51
天津市,海河流域,曹庄子泵站,2026-09-15 01:00,2,25.75,7.74,6.44,258.06,2.44,1.64,0.059,0.006,0.861,,,2026-09-15 02:25:51
天津市,海河流域,生产圈闸,2026-09-15 01:00,6,23.67616,7.41,1.53,1206.453,13.54405,4.46,0.402,0.116,2.015962,,,2026-09-15 02:25:51
天津市,海河流域,尔王庄泵站,2026-09-15 01:00,4,25.99,7.5,4.99,287.529,19.39885,1.77,0.001,0.003,0.6811,,,2026-09-15 02:25:51
天津市,海河流域,塘汉公路桥,2026-09-15 01:00,4,22.93,7.57,3.33,1215.869,20.33708,4.99,0.257,0.156,3.4781,,,2026-09-15 02:25:51
天津市,海河流域,海河大闸,2026-09-15 01:00,3,25,8.44,8.98,3670.615,29.8314,5.03,0.179,0.109,1.8344,,,2026-09-15 02:25:51
天津市,海河流域,北排水河防潮闸,2026-09-15 01:00,6,19.5,7.54,0.87,1691.6,31.6903,3.95,,0.069,1.4779,,,2026-09-15 02:25:51
天津市,海河流域,沧浪渠出境,2026-09-15 01:00,4,23.71,7.9,3.99,6944.5,1365.575,8.11,,0.219,2.592,,,2026-09-15 02:25:51
天津市,海河流域,万家码头,2026-09-15 01:00,4,24.21,8.44,8.52,2189.35,28.62,6.93,0.02,0.081,0.942,,,2026-09-15 02:25:51
天津市,海河流域,蓟运河防潮闸,2026-09-15 01:00,4,21.5551,7.54,4.55,1063.689,30.60159,5.34,0.311,0.197,2.171132,,,2026-09-15 02:25:51
天津市,海河流域,青静黄防潮闸,2026-09-15 01:00,4,25.05475,8.83,10.25,5024.385,41.54125,9.09,0.101,0.162,0.961807,,,2026-09-15 02:25:51
天津市,海河流域,马棚口防潮闸,2026-09-15 01:00,4,24.13,7.7,5.68,2835,54.3205,6.58,0.366,0.087,3.036,,,2026-09-15 02:25:51
天津市,海河流域,阎辛庄,2026-09-15 01:00,6,18.62425,7.28,1.37,2193.321,45.85437,,,,,,,2026-09-15 02:25:51
天津市,海河流域,于桥水库出口,2026-09-15 01:00,3,24.31,8.18,5.14,403.033,14.14376,4.93,0.17,0.05,2.3441,,,2026-09-15 02:25:51
天津市,海河流域,黎河桥,2026-09-15 01:00,2,21.568,7.61,10.51,735.7,11.81,1.46,,0.094,11.693,,,2026-09-15 02:25:51
天津市,海河流域,沙河桥,2026-09-15 01:00,2,22.38,7.57,7.21,617.03,11.795,1.5,0.275,0.099,9.404,,,2026-09-15 02:25:51
天津市,海河流域,果河桥,2026-09-15 01:00,2,25.12,8.63,8.91,614.5941,7.0765,2.04,0.034,0.07,11.2598,,,2026-09-15 02:25:51
天津市,海河流域,西屯桥,2026-09-15 01:00,4,24.21,7.34,4.16,479.1,20.5651,4.17,0.558,0.057,3.086,,,2026-09-15 02:25:51
河北省,海河流域,下槐镇,2026-09-15 01:00,2,19.98,8.54,8.68,617.499,106.6337,2.01,0.008,0.042,2.3158,,,2026-09-15 02:25:51
河北省,海河流域,地都,2026-09-15 01:00,3,19.8,8.27,7.01,1231.223,23.356,1.56,0.535,0.071,6.785,,,2026-09-15 02:25:51
河北省,海河流域,平山桥,2026-09-15 01:00,1,22.16,8.16,8.45,1001.73,30.498,1.22,0.007,0.009,5.224,,,2026-09-15 02:25:51
河北省,海河流域,兆通,2026-09-15 01:00,1,24.95,8.59,8.95,278.77,2.42,1.6,,0.008,0.6591,,,2026-09-15 02:25:51
河北省,海河流域,大石桥,2026-09-15 01:00,3,24.57252,7.97,7.27,1397.429,19.08285,5.23,0.184,0.131,10.95981,,,2026-09-15 02:25:51
河北省,海河流域,涧河口,2026-09-15 01:00,6,24.11631,9.11,9.62,1327.895,15.21996,6.79,0.067,0.11,0.966529,,,2026-09-15 02:25:51
河北省,海河流域,丰北闸,2026-09-15 01:00,4,25.98431,8.01,8.59,876.1436,16.9146,6.11,,0.197,0.381685,,,2026-09-15 02:25:51
河北省,海河流域,滦县大桥,2026-09-15 01:00,2,22.77,8.04,7.55,592.36,9.080424,2.42,0.012,0.034,4.6401,,,2026-09-15 02:25:51
河北省,海河流域,刘家庄,2026-09-15 01:00,1,19.11,8.12,7.59,555.5095,16.77,1.1,0.015,0.014,4.1,,,2026-09-15 02:25:51
河北省,海河流域,岳城水库出口,2026-09-15 01:00,1,24.74,8.48,9.94,567.842,9.349792,1.88,0.029,,2.5551,,,2026-09-15 02:25:51
河北省,海河流域,曲周,2026-09-15 01:00,2,23.88,8.1,8.38,1045.189,16.768,2.82,,0.044,4.344,,,2026-09-15 02:25:51
河北省,海河流域,沙阳,2026-09-15 01:00,2,24.94,7.86,9.62,1632.99,61.41,3.07,0.063,0.062,3.0072,,,2026-09-15 02:25:51
河北省,海河流域,艾辛庄,2026-09-15 01:00,3,24.18646,7.99,7.41,1373.405,13.38186,4.38,0.036,0.113,8.865859,,,2026-09-15 02:25:51
河北省,海河流域,后西吴桥,2026-09-15 01:00,3,25.26,8.18,5.86,1000.86,57.44,3.4,0.124,0.183,12.9152,,,2026-09-15 02:25:51
河北省,海河流域,北河店,2026-09-15 01:00,2,23.26,7.84,6.21,609.8512,2.5948,1.42,,0.016,6.707,,,2026-09-15 02:25:51
河北省,海河流域,白合,2026-09-15 01:00,2,20.52,8.23,8.55,535.12,60.29,1.19,,0.052,4.489,,,2026-09-15 02:25:51
河北省,海河流域,杜里村,2026-09-15 01:00,2,15.95,8.43,10,428.34,89.18,0.99,,0.066,3.234,,,2026-09-15 02:25:51
河北省,海河流域,温泉屯,2026-09-15 01:00,4,18.51,8.25,7.87,1105.446,496.1049,7.22,0.004,0.262,9.1841,,,2026-09-15 02:25:51
河北省,海河流域,八号桥,2026-09-15 01:00,3,19.7,8.46,7.99,1103.621,166.975,4.54,0.288,0.086,0.585646,,,2026-09-15 02:25:51
河北省,海河流域,左卫桥,2026-09-15 01:00,4,15.25,8.53,9.15,868.861,582.0671,4.79,0.011,0.212,12.3451,,,2026-09-15 02:25:51
河北省,海河流域,四道甸,2026-09-15 01:00,2,16.83,8.33,8.62,455.567,33.07497,2.22,0.011,0.02,6.4261,,,2026-09-15 02:25:51
河北省,海河流域,上二道河子,2026-09-15 01:00,2,20.67,7.88,7.26,504.887,3.248287,2.42,0.011,,7.3941,,,2026-09-15 02:25:51
河北省,辽河流域,甸子,2026-09-15 01:00,2,15.23,7.82,6.83,458.46,18.68,2.02,0.03,0.026,7.975,,,2026-09-15 02:25:51
河北省,海河流域,何老营,2026-09-15 01:00,3,22.89645,8.77,10.26,3533.441,8.441189,5.64,0.014,0.094,0.819237,,,2026-09-15 02:25:51
河北省,海河流域,大口河口,2026-09-15 01:00,4,23.15,7.68,4.67,19237.22,555.99,3.79,,0.15,3.649,,,2026-09-15 02:25:51
河北省,海河流域,四埝村桥,2026-09-15 01:00,3,23.65,8.26,6.63,4064.338,16.89,5.84,0.035,0.107,0.761,,,2026-09-15 02:25:51
河北省,海河流域,大王务,2026-09-15 01:00,3,23.3,7.82,5.74,808.826,27.5973,5.22,0.013,0.065,0.8551,,,2026-09-15 02:25:51
河北省,海河流域,杨洼闸,2026-09-15 01:00,6,24.44,7.58,1.85,904.9,19.05,4.42,0.019,0.086,5.478,,,2026-09-15 02:25:51
河北省,海河流域,吴村,2026-09-15 01:00,3,24.72,7.89,11.12,741.08,8.63,4.95,0.005,0.113,4.774,,,2026-09-15 02:25:51
河北省,海河流域,台头,2026-09-15 01:00,2,23.9832,8.32,9.4,719.2454,17.9829,3.1,,0.026,0.7011,,,2026-09-15 02:25:51
河北省,海河流域,桑梓红旗闸,2026-09-15 01:00,2,22.54894,8.02,7.72,723.493,28.06925,2.52,0.032,0.083,11.5961,,,2026-09-15 02:25:51
河北省,海河流域,三小营,2026-09-15 01:00,3,21.5289,7.65,6.62,1009.356,18.9675,3.9,0.047,0.102,2.063725,,,2026-09-15 02:25:51
河北省,海河流域,小范桥,2026-09-15 01:00,3,24.53,8.32,9.14,964.702,3.17,4.73,0.014,0.034,0.6857,,,2026-09-15 02:25:51
河北省,海河流域,衡水湖大湖心,2026-09-15 01:00,3,24.27,8.74,9.11,1305.725,19.699,5.94,0.015,0.03,0.771,0.027081,9778646,2026-09-15 02:25:51
河北省,海河流域,南张村,2026-09-15 01:00,1,26.68,8.41,8.18,248.44,3.146,1.67,0.042,0.007,0.7062,,,2026-09-15 02:25:51
河北省,海河流域,安州,2026-09-15 01:00,6,24.92,7.34,1.96,1170.039,14.427,3.36,0.228,0.081,5.813,,,2026-09-15 02:25:51
河北省,海河流域,膳马庙村北,2026-09-15 01:00,3,24.27,7.7,6.17,1016.323,55.3945,4.14,0.241,0.101,7.0387,,,2026-09-15 02:25:51
河北省,海河流域,南刘庄,2026-09-15 02:00,3,24.19,7.76,7.15,681.99,5.45,,0.019,0.032,0.679,0.01037,1599392,2026-09-15 02:25:51
河北省,海河流域,采蒲台,2026-09-15 01:00,2,24.47082,7.99,8.83,677.3174,0.427861,3.77,0.014,0.019,0.326224,0.00213,541071.4,2026-09-15 02:25:51
河北省,海河流域,光淀张庄,2026-09-15 02:00,4,24.13,7.57,4.74,755.81,5.77,2.11,0.04,0.019,1.887,0.00107,484386.7,2026-09-15 02:25:51
山西省,黄河流域,韩武村,2026-09-15 01:00,4,23.18,7.95,6.28,1232.73,18.02,7.39,0.784,0.213,8.533,,,2026-09-15 02:25:51
山西省,黄河流域,上兰,2026-09-15 01:00,2,20.13,8.25,6.89,653.779,9.03711,1.64,0.007,0.002,1.8991,,,2026-09-15 02:25:51
山西省,黄河流域,汾河水库出口,2026-09-15 01:00,1,22.27,8.46,7.52,617.048,2.623875,0.91,0.001,0.003,1.4041,0.0104546,289329,2026-09-15 02:25:51
山西省,海河流域,堡子湾,2026-09-15 01:00,2,14.52,8.13,7.82,836.361,12.66098,1.66,0.01,0.027,8.1001,,,2026-09-15 02:25:51
山西省,海河流域,册田水库出口,2026-09-15 01:00,3,20.49,8.54,7,1080.129,17.61508,4.24,0.019,0.069,0.9561,,,2026-09-15 02:25:51
山西省,海河流域,古家坡,2026-09-15 01:00,6,20.01,7.86,0.01,1398.208,41.33378,8.58,0.643,0.313,2.8331,,,2026-09-15 02:25:51
山西省,海河流域,利仁皂,2026-09-15 01:00,3,19.5,8.06,5.91,1582.649,16.048,4.99,0.012,0.099,6.1381,,,2026-09-15 02:25:51
山西省,海河流域,白羊墅,2026-09-15 01:00,2,19.74,8.13,7.76,1124.94,76.916,3.38,0.294,0.096,7.517,,,2026-09-15 02:25:51
山西省,海河流域,王家庄,2026-09-15 01:00,2,20.96,8.29,8.66,600.69,31.15,2.44,,0.034,3.052,,,2026-09-15 02:25:51
山西省,海河流域,司徒桥,2026-09-15 01:00,3,21.48,8.1,8.26,596.2986,22.0753,4.77,,0.054,1.118,,,2026-09-15 02:25:51
山西省,海河流域,关河水库出口,2026-09-15 01:00,4,20.72,7.81,4.94,523.91,9.3,3.78,0.01,0.025,1.5634,,,2026-09-15 02:25:51
山西省,海河流域,北寨,2026-09-15 01:00,3,20.79,7.86,7.03,946.72,28.28,4.64,0.008,0.079,6.3611,,,2026-09-15 02:25:51
山西省,海河流域,后湾水库出口,2026-09-15 01:00,3,21.77,7.76,5.38,481.15,5.182,2.9,0.072,0.018,0.687,,,2026-09-15 02:25:51
山西省,黄河流域,龙头,2026-09-15 01:00,2,18.91,8.24,7.15,599.59,51.4,1.96,,0.025,3.1624,,,2026-09-15 02:25:51
山西省,黄河流域,拴驴泉,2026-09-15 01:00,1,21.39,8.14,8.8,787.7362,15.1248,1.09,,0.014,3.9901,,,2026-09-15 02:25:51
山西省,黄河流域,张峰水库出口,2026-09-15 01:00,2,24.3505,7.82,6.11,526.3336,16.1853,1.35,0.01,0.003,2.834444,,,2026-09-15 02:25:51
山西省,海河流域,东榆林水库出口,2026-09-15 01:00,2,20.8,8.71,17.19,701.058,11.26959,3.35,0.13,0.07,2.7671,,,2026-09-15 02:25:51
山西省,黄河流域,杀虎口,2026-09-15 01:00,2,16.18,8.27,7.8,608.102,65.18929,3.54,0.01,0.059,1.9361,,,2026-09-15 02:25:51
山西省,海河流域,王寨村,2026-09-15 01:00,2,20.51,8.25,7.91,611.678,65.123,1.23,,0.035,3.723,,,2026-09-15 02:25:51
山西省,黄河流域,安固桥,2026-09-15 01:00,3,21.36,7.83,6.65,850.611,69.7108,2.99,0.07,0.128,7.4915,,,2026-09-15 02:25:51
山西省,黄河流域,王庄桥南,2026-09-15 01:00,4,21.97,8.32,7.55,1038.654,52.7,9.42,0.004,0.181,5.415,,,2026-09-15 02:25:51
山西省,黄河流域,郝村,2026-09-15 01:00,3,20.77,8.14,7.31,990.1281,49.1736,4.88,0.001,0.097,2.3309,,,2026-09-15 02:25:51
山西省,黄河流域,张留庄,2026-09-15 01:00,4,24.44,8.67,7.56,9123.401,78.971,6.69,0.078,0.141,12.246,,,2026-09-15 02:25:51
山西省,黄河流域,上亳城,2026-09-15 01:00,2,21.83,8.02,7.56,917.361,24.035,1.64,0.041,0.041,5.1578,,,2026-09-15 02:25:51
山西省,黄河流域,小韩村,2026-09-15 01:00,4,22.69,7.46,4.26,1684.03,36.453,3.49,0.402,0.151,7.447,,,2026-09-15 02:25:51
山西省,海河流域,梵王寺,2026-09-15 01:00,2,13.88,8.22,9.08,1135.256,59.50451,2.25,0.457,0.066,5.8181,,,2026-09-15 02:25:51
山西省,海河流域,代县桥,2026-09-15 01:00,2,17.83,8.61,8.54,678.818,206.1285,1.79,0.006,0.097,7.2241,,,2026-09-15 02:25:51
山西省,海河流域,定襄桥,2026-09-15 01:00,4,19.65,8.06,4.61,653.018,580.9512,5.18,0.01,0.175,5.3391,,,2026-09-15 02:25:51
山西省,海河流域,南庄,2026-09-15 01:00,2,19.47,8.36,8.35,547.985,164.9633,3.11,0.001,0.079,5.9601,,,2026-09-15 02:25:51
山西省,海河流域,坪上桥,2026-09-15 01:00,4,15.84,8.55,9,437.392,23.47792,7.97,0.013,,4.2171,,,2026-09-15 02:25:51
山西省,黄河流域,河西村,2026-09-15 01:00,2,16.65,8.24,7.83,553,43.63,0.85,0.009,0.028,3.125,,,2026-09-15 02:25:51
山西省,黄河流域,上平望,2026-09-15 01:00,4,23.21,7.75,5.57,1130.31,131.73,8.17,0.227,0.103,7.275,,,2026-09-15 02:25:51
山西省,黄河流域,黑城村,2026-09-15 01:00,2,20.92,8.24,7.81,819.0723,59.0743,1.9,0.03,0.042,3.964,,,2026-09-15 02:25:51
山西省,黄河流域,曲立,2026-09-15 01:00,2,15.69,8,7.74,613.898,68.14855,2.22,0.062,0.07,4.9871,,,2026-09-15 02:25:51
山西省,黄河流域,裴家川口,2026-09-15 01:00,2,17.19,8.15,8.46,502.725,52.44652,1.35,0.013,0.021,4.0251,,,2026-09-15 02:25:51
山西省,黄河流域,碛口,2026-09-15 01:00,4,21.35,8.53,7.32,973.538,8.055035,6.93,0.085,0.04,7.3691,,,2026-09-15 02:25:51
山西省,黄河流域,裴沟,2026-09-15 02:00,2,20.14,8.78,6.8,840.361,18.54679,2.6,0.029,0.019,5.2051,,,2026-09-15 02:25:51
山西省,黄河流域,三川河两河口桥,2026-09-15 01:00,3,21.72,8.28,6.98,867.538,5.174536,3.46,0.084,0.195,7.6331,,,2026-09-15 02:25:51
山西省,黄河流域,碧村,2026-09-15 01:00,2,19.27,8.33,9.07,619.554,23.35458,1.73,0.027,0.021,5.3901,,,2026-09-15 02:25:51
山西省,黄河流域,北峪口,2026-09-15 01:00,2,20.7289,8.1,7.32,493.726,34.7807,1.81,0.054,0.025,2.3951,,,2026-09-15 02:25:51
山西省,黄河流域,南姚,2026-09-15 01:00,3,21.82,7.89,6.16,886.81,50.26,4,0.304,0.132,4.627,,,2026-09-15 02:25:51
内蒙古自治区,黄河流域,磴口,2026-09-15 01:00,2,19.32,8.27,7.74,959.6709,206.5515,1.36,0.088,0.027,2.31357,,,2026-09-15 02:25:51
内蒙古自治区,松花江流域,根河口内,2026-09-15 01:00,3,17.95,6.86,7.59,86.04,14.28,5.78,,0.023,0.2,,,2026-09-15 02:25:51
内蒙古自治区,松花江流域,李屯,2026-09-15 01:00,3,13.5,7.29,9.32,97.199,28.1733,5.6,,0.045,0.492,,,2026-09-15 02:25:51
内蒙古自治区,松花江流域,陶海,2026-09-15 01:00,3,13.4,7.59,10.04,158.6,17.8,5.58,,0.057,0.379,,,2026-09-15 02:25:51
内蒙古自治区,松花江流域,嵯岗,2026-09-15 02:00,4,14.58,7.95,9.03,205.877,57.243,9.08,,0.101,0.513,,,2026-09-15 02:25:51
内蒙古自治区,松花江流域,成吉思汗,2026-09-15 01:00,2,15.23,7.1,9.08,143.34,14.18,2.03,0.018,0.023,1.294,,,2026-09-15 02:25:51
内蒙古自治区,松花江流域,讷尔克气,2026-09-15 01:00,3,12.36,7.17,9.99,73.936,6.991,4.88,0.002,0.018,0.325,,,2026-09-15 02:25:51
内蒙古自治区,黄河流域,总排干入黄口,2026-09-15 01:00,5,19.691,8.78,11.5,3695.317,68.025,10.22,0.952,0.154,2.7245,,,2026-09-15 02:25:51
内蒙古自治区,黄河流域,三盛公,2026-09-15 01:00,2,22.15752,8.26,8.19,974.613,915.1484,2.75,0.053,0.035,2.808,,,2026-09-15 02:25:51
内蒙古自治区,松花江流域,大山矿,2026-09-15 01:00,2,10.98,7.97,9.95,227.39,9.55,2.88,,0.022,0.23,,,2026-09-15 02:25:51
内蒙古自治区,松花江流域,斯力很,2026-09-15 00:00,2,16.7,8,8.77,273.5,40.7,2.48,,0.05,2.651,,,2026-09-15 02:25:51
内蒙古自治区,松花江流域,察尔森水库西入口,2026-09-15 01:00,3,18.61,7.78,8.16,164.36,64.61,3.55,0.001,0.03,1.43,0.01021,4221330,2026-09-15 02:25:51
辽宁省,辽河流域,蒲河沿,2026-09-15 01:00,4,19,8.02,4.5,781.7,55.4,8.08,0.031,0.171,3.245,,,2026-09-15 02:25:51
辽宁省,辽河流域,于台,2026-09-15 01:00,4,19.95,7.07,5.63,879.675,9.464,3.48,1.313,0.061,7.913,,,2026-09-15 02:25:51
辽宁省,辽河流域,巨流河大桥,2026-09-15 01:00,4,20.87,8.41,13.16,548.3,69.8,8.87,,0.107,1.904,,,2026-09-15 02:25:51
辽宁省,辽河流域,兴国桥,2026-09-15 00:00,2,16.72,7.23,6.14,664.152,7.087,2.76,,0.018,1.365,,,2026-09-15 02:25:51
辽宁省,辽河流域,城子坦,2026-09-15 01:00,6,23.24374,9.38,12.12,261.5512,6.12625,3.29,0.013,0.043,2.32064,,,2026-09-15 02:25:51
辽宁省,辽河流域,麦家,2026-09-15 01:00,3,22.57,8.34,9.66,480.9,17.39,5.37,0.021,0.092,2.084,,,2026-09-15 02:25:51
辽宁省,辽河流域,复州湾大桥,2026-09-15 01:00,2,20.2106,8.06,7.58,565.467,2.99443,3.68,0.038,0.046,3.868,,,2026-09-15 02:25:51
辽宁省,辽河流域,三台子,2026-09-15 01:00,3,23.32474,8.53,10.43,1043.491,15.05292,5.19,0.02,0.098,3.32472,,,2026-09-15 02:25:51
辽宁省,辽河流域,万泰,2026-09-15 01:00,2,23.71,8.65,10.19,140.808,7.71499,2.9,0.01,0.018,2.57539,,,2026-09-15 02:25:51
辽宁省,辽河流域,登化,2026-09-15 01:00,4,21.0647,8.72,13.31,651.916,19.5719,6.64,0.025,0.134,4.082,,,2026-09-15 02:25:51
辽宁省,辽河流域,小姐庙,2026-09-15 01:00,3,22.62,7.84,5.94,769.4,6.33,2.17,0.048,0.068,4.624,,,2026-09-15 02:25:51
辽宁省,辽河流域,口子街,2026-09-15 01:00,1,21.09,8.81,8.86,287.6,3.77519,1.84,0.035,0.014,3.15,,,2026-09-15 02:25:51
辽宁省,辽河流域,牛庄,2026-09-15 01:00,3,26.1748,8.13,7.81,,6.75937,4.53,0.119,0.091,2.763,,,2026-09-15 02:25:51
辽宁省,辽河流域,关门山大桥,2026-09-15 01:00,2,19.17,8.03,6.92,387.192,4.904,1.46,,0.009,4.732,,,2026-09-15 02:25:51
辽宁省,辽河流域,刘家台,2026-09-15 01:00,2,20.781,8.52,11.95,723.273,31.6,3.66,0.019,0.087,4.491,,,2026-09-15 02:25:51
辽宁省,辽河流域,大伙房水库,2026-09-15 01:00,2,21.69,6.87,8.14,218.23,16.17,3.18,0.053,0.039,4.21,0.04558,,2026-09-15 02:25:51
辽宁省,辽河流域,北杂木,2026-09-15 01:00,2,17.78,7.44,9.76,349.07,4.74,1.84,,0.021,5.5,,,2026-09-15 02:25:51
辽宁省,辽河流域,台沟,2026-09-15 01:00,2,16.62,7.79,8.55,257.6,5.95,1.12,,0.025,3.532,,,2026-09-15 02:25:51
辽宁省,辽河流域,北太子河入观音阁水库口,2026-09-15 01:00,1,18.8275,7.77,8.93,259.7,63.21,1.43,0.007,0.018,4.77054,,,2026-09-15 02:25:51
辽宁省,辽河流域,老官砬子,2026-09-15 01:00,1,18.59,7.9,8.28,324.8,1.9,1.86,0.017,0.018,2.66,,,2026-09-15 02:25:51
辽宁省,辽河流域,兴安,2026-09-15 01:00,2,20.83,7.85,6.44,451.1,6.9,2,0.027,0.026,3.1089,,,2026-09-15 02:25:51
辽宁省,辽河流域,凤鸣电站,2026-09-15 01:00,1,20.92,8.21,9.1,211.66,7.881,1.92,,0.019,3.22,,,2026-09-15 02:25:51
辽宁省,辽河流域,南太子河入库口,2026-09-15 01:00,1,18.91,7.57,8.06,188.6,1.86,0.31,0.01,0.007,4.725,,,2026-09-15 02:25:51
辽宁省,辽河流域,江桥,2026-09-15 01:00,3,22.34,7.18,5.47,154.5,11.6,1.36,,0.014,2.439,,,2026-09-15 02:25:51
辽宁省,辽河流域,爱河大桥,2026-09-15 01:00,2,21.5611,7.67,7.39,212.98,3.64557,1.54,0.034,0.035,3.772,,,2026-09-15 02:25:51
辽宁省,辽河流域,蒲石河大桥,2026-09-15 01:00,1,22.45,7.72,8.4,222.3,2.615,1.59,0.039,0.015,3.135,,,2026-09-15 02:25:51
辽宁省,辽河流域,王家沟,2026-09-15 01:00,2,21.29,8.16,8.08,663.32,7.93,2.05,0.006,0.024,5.139,,,2026-09-15 02:25:51
辽宁省,辽河流域,西八千,2026-09-15 01:00,2,20.49,8.54,8.76,686.43,12.69,3.15,0.011,0.038,4.723,,,2026-09-15 02:25:51
辽宁省,辽河流域,女儿河入河口,2026-09-15 01:00,2,22.45,8.03,14.43,960.68,13.49,1.36,0.004,0.031,14.879,,,2026-09-15 02:25:51
辽宁省,辽河流域,何家信子,2026-09-15 01:00,2,20.96,8.12,6.91,473.7,4.53,3.51,,0.022,1.214,,,2026-09-15 02:25:51
辽宁省,辽河流域,西树林,2026-09-15 01:00,3,21.51,8.05,7.62,888.5,25,4.08,0.197,0.141,5.36,,,2026-09-15 02:25:51
辽宁省,辽河流域,高台子,2026-09-15 01:00,6,19.69,7.47,1.65,1262.02,21.709,4.21,0.0001,0.079,7.137,,,2026-09-15 02:25:51
辽宁省,辽河流域,茧场,2026-09-15 01:00,6,20.66,9.03,9.82,301.9286,10.6357,1.89,0.008,0.007,6.21488,,,2026-09-15 02:25:51
辽宁省,辽河流域,大清河口,2026-09-15 01:00,4,22.26,8.72,11.76,501.87,21.574,6.17,0.041,0.064,4.62,,,2026-09-15 02:25:51
辽宁省,辽河流域,东羊角,2026-09-15 01:00,3,19.79,7.59,7.09,753,17.9,3.15,0.373,0.163,6.712,,,2026-09-15 02:25:51
辽宁省,辽河流域,下口子,2026-09-15 01:00,2,21.74,7.97,9.5,630.7,8.25,2.73,0.003,0.045,4.155,,,2026-09-15 02:25:51
辽宁省,辽河流域,河洪桥,2026-09-15 01:00,3,19.8154,7.4,8.19,639.828,23.9444,3.94,0.132,0.142,8.17,,,2026-09-15 02:25:51
辽宁省,辽河流域,二道河水库口,2026-09-15 01:00,2,17.6972,7.91,6.93,411.505,2.08082,0.93,0.003,0.008,3.092,,,2026-09-15 02:25:51
辽宁省,辽河流域,下王家,2026-09-15 01:00,2,20.1272,7.45,6.97,592.267,3.24992,1.41,,0.021,4.811,,,2026-09-15 02:25:51
辽宁省,辽河流域,汤河桥,2026-09-15 01:00,2,20.31,7.84,8.86,517.1,3.70131,1.22,0.016,0.027,4.225,,,2026-09-15 02:25:51
辽宁省,辽河流域,下达河入汤河水库口,2026-09-15 01:00,2,16.0704,7.91,6.72,427.876,2.588,1.66,0.002,0.012,3.82,,,2026-09-15 02:25:51
辽宁省,辽河流域,丁家柳河桥,2026-09-15 01:00,4,22.04,8.23,8.21,559.155,39.941,6.73,0.064,0.112,1.063,,,2026-09-15 02:25:51
辽宁省,辽河流域,盘锦兴安,2026-09-15 02:00,4,20.93,7.72,3.21,541.54,29.41,6.19,0.037,0.094,1.232,,,2026-09-15 02:25:51
辽宁省,辽河流域,曙光大桥,2026-09-15 01:00,3,22.51,7.66,5.99,949.94,69.74,5.43,0.029,0.114,1.906,,,2026-09-15 02:25:51
辽宁省,辽河流域,胜利塘,2026-09-15 01:00,4,21.75,7.8,3.23,1353.57,55.36,6.9,0.044,0.122,1.181,,,2026-09-15 02:25:51
辽宁省,辽河流域,鲜峰桥,2026-09-15 01:00,4,21.81,8.19,9.99,1076.28,92.215,8.14,,0.2,0.389,,,2026-09-15 02:25:51
辽宁省,辽河流域,清辽,2026-09-15 01:00,2,19.792,7.68,8.37,521,12.3,2.66,0.02,0.056,5.774,,,2026-09-15 02:25:51
辽宁省,辽河流域,通江口,2026-09-15 01:00,3,20.53,8.26,9.44,764.3,54.99,5.22,,0.103,3.733,,,2026-09-15 02:25:51
辽宁省,辽河流域,珠尔山,2026-09-15 02:00,4,20.09,8.34,11.3,575.6,29.18,7.07,,0.094,1.642,,,2026-09-15 02:25:51
辽宁省,辽河流域,柴河水库入库口,2026-09-15 01:00,2,18.44,8.05,9.32,461.91,23.96,1.59,,0.049,6.705,,,2026-09-15 02:25:51
辽宁省,辽河流域,凡河一号桥,2026-09-15 02:00,6,22.67,9.17,12.29,334.7,16.6,2.59,,0.043,4.214,,,2026-09-15 02:25:51
辽宁省,辽河流域,亮子河入河口,2026-09-15 01:00,3,18.5,7.92,7.77,696.17,55.67,4.54,0.022,0.158,3.415,,,2026-09-15 02:25:51
辽宁省,辽河流域,清河水库入库口,2026-09-15 01:00,2,15,7.63,7.89,345.13,6.82,1.33,,0.037,7.191,,,2026-09-15 02:25:51
辽宁省,辽河流域,凌鸿大桥,2026-09-15 01:00,2,21.24,8.3,9.13,763.9,14.7,1.61,0.008,0.029,10.705,,,2026-09-15 02:25:51
辽宁省,辽河流域,章吉营,2026-09-15 01:00,2,20.25,8.28,8.58,849.5,7,1.5,,0.033,9.684,,,2026-09-15 02:25:51
辽宁省,辽河流域,大凌河西支入河口,2026-09-15 01:00,2,16.23,8,6.84,929.53,4.656,1.4,,0.026,21.19,,,2026-09-15 02:25:51
辽宁省,辽河流域,李家湾大桥,2026-09-15 01:00,2,16,7.87,8.48,499.8,47.6,1.43,,0.039,4.605,,,2026-09-15 02:25:51
辽宁省,辽河流域,红石碑入海前,2026-09-15 01:00,3,22.13,8.34,15.56,1151.958,19.951,5.5,0.006,0.067,3.153,,,2026-09-15 02:25:51
辽宁省,辽河流域,小渔场,2026-09-15 01:00,2,23.89,7.52,6.03,27410.47,1.41,1.45,0.126,0.05,4.653,,,2026-09-15 02:25:51
吉林省,松花江流域,新立城大坝,2026-09-15 01:00,6,20.3225,9.1,8.16,280.2,27.1875,4.92,0.067,0.052,0.933,,,2026-09-15 02:25:51
吉林省,松花江流域,松花江村,2026-09-15 01:00,3,18.61,7.16,8.29,257.44,75.43,4.29,0.094,0.196,3.952,,,2026-09-15 02:25:51
吉林省,松花江流域,靠山南楼,2026-09-15 01:00,3,18.59,8.07,8.79,635.09,39.45,5.8,0.117,0.188,5.009,,,2026-09-15 02:25:51
吉林省,松花江流域,砖瓦窑桥,2026-09-15 01:00,6,15.87,7.65,6.19,575.84,30.71,19.2,0.013,0.117,3.268,,,2026-09-15 02:25:51
吉林省,松花江流域,镇江口,2026-09-15 01:00,3,18.48,7.81,8.93,304.8,68.6,4.33,,0.121,4.13,,,2026-09-15 02:25:51
吉林省,松花江流域,靠山大桥,2026-09-15 01:00,4,18.11,8.24,10.12,775.47,76.1,7.15,0.044,0.263,5.29,,,2026-09-15 02:25:51
吉林省,松花江流域,饮马河大桥,2026-09-15 01:00,2,18.66,7.64,7.74,238.3,37.92,3.23,,0.067,3.114,,,2026-09-15 02:25:51
吉林省,松花江流域,刘珍屯,2026-09-15 01:00,3,18.85,7.45,7.94,520.83,49.19,4.13,0.09,0.163,3.27,,,2026-09-15 02:25:51
吉林省,松花江流域,周家河口,2026-09-15 01:00,3,16.3,7.67,8.55,642.6,197.98,4.33,,0.124,4.128,,,2026-09-15 02:25:51
吉林省,松花江流域,白旗,2026-09-15 01:00,3,18.797,7.3,7.88,229.036,55.0132,4.08,0.037,0.11,4.4702,,,2026-09-15 02:25:51
吉林省,松花江流域,白山大桥,2026-09-15 01:00,4,17.2,6.77,5.24,113.574,30.857,6.44,,0.048,2.16,,,2026-09-15 02:25:51
吉林省,松花江流域,福兴,2026-09-15 01:00,6,19.08,9.06,13.86,353.164,20.078,5.37,0.014,0.051,3.021,,,2026-09-15 02:25:51
吉林省,松花江流域,桦树林,2026-09-15 01:00,4,18.21,7.8,7.81,190.28,29.778,6.02,0.016,0.06,2.479,0.00391,667648,2026-09-15 02:25:51
吉林省,松花江流域,官厅桥,2026-09-15 01:00,2,18.72,7.43,7.65,380.9,29.899,2.83,0.208,0.06,1.468,,,2026-09-15 02:25:51
吉林省,松花江流域,蛟河口,2026-09-15 01:00,3,15.534,7.28,7.84,339.553,79.57,5.03,0.098,0.075,4.75,,,2026-09-15 02:25:51
吉林省,松花江流域,哨口,2026-09-15 01:00,2,19.4915,7.06,7.99,229.135,33.1945,3.89,0.096,0.074,4.015,,,2026-09-15 02:25:51
吉林省,松花江流域,肖家船口,2026-09-15 01:00,2,13.1682,6.53,7.01,203.521,9.7911,1.56,0.05,0.037,2.102,,,2026-09-15 02:25:51
吉林省,松花江流域,烟筒山,2026-09-15 01:00,2,17.33,7.91,9.27,358.359,41.314,2.37,0.076,0.054,3.705,,,2026-09-15 02:25:51
吉林省,辽河流域,四双大桥,2026-09-15 01:00,2,17.17,8.24,9.52,662.2,27.6,3.66,,0.054,2.088,,,2026-09-15 02:25:51
吉林省,辽河流域,城子上,2026-09-15 01:00,2,18.79,8.44,8.78,516.98,6.33,2.77,0.013,0.057,2.985,,,2026-09-15 02:25:51
吉林省,辽河流域,六家子,2026-09-15 01:00,3,16.9,7.9,9.79,826,10.2,2.93,0.021,0.104,8.6375,,,2026-09-15 02:25:51
吉林省,辽河流域,林家,2026-09-15 01:00,3,18,7.9,8.3,813.4,24.7,5.51,0.055,0.149,7.498,,,2026-09-15 02:25:51
吉林省,辽河流域,河清,2026-09-15 01:00,2,17.12,7.94,6.93,1108.9,9.41,3.88,,0.032,6.365,,,2026-09-15 02:25:51
吉林省,辽河流域,民主,2026-09-15 01:00,2,19.356,8.63,9.24,333.2,19.864,3.75,0.007,0.027,2.973,,,2026-09-15 02:25:51
吉林省,松花江流域,高集岗桥,2026-09-15 01:00,2,19.55,8.83,10.08,272.3,14.3,2.78,0.019,0.03,3.603,,,2026-09-15 02:25:51
吉林省,辽河流域,云峰,2026-09-15 01:00,4,20.569,7.12,4.75,134.83,19.1547,1.95,0.02,0.019,1.668,,,2026-09-15 02:25:51
吉林省,辽河流域,老虎哨,2026-09-15 01:00,2,20.616,7.38,7.21,115.187,18.6917,2.68,0.043,0.014,2.099,,,2026-09-15 02:25:51
吉林省,辽河流域,鸠谷,2026-09-15 01:00,2,12.1,7.49,9.83,132.1,26.9,2.34,0.089,0.061,1.355,,,2026-09-15 02:25:51
吉林省,辽河流域,葫芦套,2026-09-15 01:00,2,18.98,8,8.81,125.462,24.242,2.04,0.011,0.028,1.176,,,2026-09-15 02:25:51
吉林省,辽河流域,大阳岔,2026-09-15 01:00,2,9.9,8.04,6.83,291.984,9.236,0.54,,0.016,1.599,,,2026-09-15 02:25:51
吉林省,松花江流域,松林,2026-09-15 01:00,3,17.83,7.27,8.03,306.08,20.06,4.66,0.09,0.081,3.399,,,2026-09-15 02:25:51
吉林省,松花江流域,白沙滩,2026-09-15 00:00,4,19.97,8.1,8.75,,,6.64,0.101,0.1,1.397,,,2026-09-15 02:25:51
吉林省,松花江流域,月亮湖下,2026-09-15 01:00,4,18.32,8.64,8.66,439.13,139.43,6.93,,0.054,1.706,,,2026-09-15 02:25:51
吉林省,松花江流域,圈河,2026-09-15 01:00,2,19.137,7.74,8.92,127.073,143.396,3.6,0.116,0.077,1.405,,,2026-09-15 02:25:51
吉林省,松花江流域,大山,2026-09-15 01:00,3,17.9,8.29,9.85,159.127,39.513,5.56,0.182,0.109,1.908,,,2026-09-15 02:25:51
吉林省,松花江流域,崇善,2026-09-15 01:00,3,11.63,7.57,11.23,87.072,27.021,4.28,0.056,0.099,0.87,,,2026-09-15 02:25:51
吉林省,松花江流域,榆树川,2026-09-15 01:00,2,16.14,8,8.71,218.472,26.235,2.9,0.02,0.063,2.346,,,2026-09-15 02:25:51
吉林省,松花江流域,石井,2026-09-15 01:00,2,17.36,7.84,8.7,247.408,64.411,3.4,0.083,0.086,1.866,,,2026-09-15 02:25:51
吉林省,松花江流域,三家子,2026-09-15 01:00,2,19.22,7.53,8.89,96.392,43.068,3.68,0.021,0.04,1.129,,,2026-09-15 02:25:51
吉林省,松花江流域,建封路大桥,2026-09-15 01:00,2,10.17,7.69,10.2,198.159,12.375,0.93,0.012,0.071,0.752,,,2026-09-15 02:25:51
黑龙江省,松花江流域,朱顺屯,2026-09-15 01:00,4,19.7729,7.77,6.81,235.676,93.8301,6.98,0.058,0.145,1.687,,,2026-09-15 02:25:51
黑龙江省,松花江流域,阿什河口内,2026-09-15 01:00,4,18.439,7.19,4.63,610.25,22.43,3.55,0.811,0.131,4.931,,,2026-09-15 02:25:51
黑龙江省,松花江流域,呼兰河口内,2026-09-15 01:00,4,16.45,7.31,8.56,238.63,169.16,9.54,0.265,0.231,2.525,,,2026-09-15 02:25:51
黑龙江省,松花江流域,大顶子山,2026-09-15 01:00,3,19.7641,7.7,7.65,244.48,54.8173,5.41,0.052,0.111,3.585,,,2026-09-15 02:25:51
黑龙江省,松花江流域,牡丹江口内,2026-09-15 01:00,3,15.87,7.52,9.68,132.53,74.1,,0.092,0.154,1.961,,,2026-09-15 02:25:51
黑龙江省,松花江流域,拉哈,2026-09-15 01:00,4,18.49,7.7,8.49,113.002,34.72,8.36,,0.086,1.318,,,2026-09-15 02:25:51
黑龙江省,松花江流域,查哈阳乡,2026-09-15 01:00,2,14.7,7.56,9.64,94.7,24.9,3.98,,0.042,0.616,,,2026-09-15 02:25:51
黑龙江省,松花江流域,音河水库,2026-09-15 01:00,3,17.93,7.74,8.18,229.19,126.65,4.5,,0.095,3.409,,,2026-09-15 02:25:51
黑龙江省,松花江流域,浏园,2026-09-15 01:00,4,17.27,7.44,8.39,123.6,58.5,8.14,,0.081,2.257,,,2026-09-15 02:25:51
黑龙江省,松花江流域,富源村,2026-09-15 01:00,4,17.76,7.6,8.27,101.88,25.21,9.07,0.02,0.068,0.774,,,2026-09-15 02:25:51
黑龙江省,松花江流域,泄洪1闸,2026-09-15 01:00,4,17.778,8.85,9.54,245.185,118.416,6.72,,0.067,1.357,0.011,16640,2026-09-15 02:25:51
黑龙江省,松花江流域,858九队,2026-09-15 01:00,6,22.14,9.3,8.79,136.7,31.0706,5.73,0.184,0.099,1.3282,,,2026-09-15 02:25:51
黑龙江省,松花江流域,名山,2026-09-15 01:00,4,15.543,7.71,9.46,128.84,32.754,9,0.058,0.042,0.721,,,2026-09-15 02:25:51
黑龙江省,松花江流域,饶河上,2026-09-15 01:00,4,17.78,6.85,6.12,73.7,13.096,10,0.013,0.059,0.943,,,2026-09-15 02:25:51
黑龙江省,松花江流域,肇源,2026-09-15 02:00,4,18.95,7.68,8.67,206.75,49.79,7.52,0.149,0.119,1.165,,,2026-09-15 02:25:51
黑龙江省,松花江流域,嫩江口内,2026-09-15 01:00,4,18.73,7.8,8.68,168.277,83.304,6.64,,0.106,1.58,,,2026-09-15 02:25:51
黑龙江省,松花江流域,友好,2026-09-15 01:00,6,12.88,7.12,9.71,84.462,15.388,15.04,0.017,0.064,1.317,,,2026-09-15 02:25:51
黑龙江省,松花江流域,嘉荫,2026-09-15 01:00,4,15.9,7.46,9.07,124.711,15.228,9.61,0.03,0.049,0.772,,,2026-09-15 02:25:51
黑龙江省,松花江流域,双河渠首,2026-09-15 01:00,3,15.26,7.23,9.13,137.8,31.3,4.88,0.047,0.07,3.075,,,2026-09-15 02:25:51
黑龙江省,松花江流域,海浪,2026-09-15 01:00,3,17.26,7.42,9.78,138.4,36.2,4.54,0.026,0.067,2.697,,,2026-09-15 02:25:51
黑龙江省,松花江流域,三道,2026-09-15 01:00,5,21.86,7.27,6.33,120.15,108.73,5.29,0.054,0.121,3.013,0.05542,29312,2026-09-15 02:25:51
黑龙江省,松花江流域,电视塔,2026-09-15 01:00,5,21.17,7.05,5.92,100.4,78.658,7.76,0.05,0.124,2.7,0.00262,15424,2026-09-15 02:25:51
黑龙江省,松花江流域,海浪河口内,2026-09-15 01:00,2,16.52,6.8,8.82,111.7,41.48,3.58,0.041,0.016,2.397,,,2026-09-15 02:25:51
黑龙江省,松花江流域,黑河下,2026-09-15 01:00,4,14.47,7.6,8.87,147.8893,25.1298,9.1,0.014,0.057,0.5898,,,2026-09-15 02:25:51
黑龙江省,松花江流域,呼玛上,2026-09-15 01:00,4,14.94,7.43,9.82,157.162,16.025,8.02,0.048,0.067,0.947,,,2026-09-15 02:25:51
黑龙江省,松花江流域,呼玛河口内,2026-09-15 01:00,3,14.14,7.44,9.96,73.291,1.95,5.88,,0.022,0.214,,,2026-09-15 02:25:51
黑龙江省,松花江流域,加格达奇上,2026-09-15 01:00,3,11.93,7,9.73,64.273,5.7998,4.53,,0.012,0.214,,,2026-09-15 02:25:51
上海市,长江流域,富锦路桥,2026-09-15 01:00,3,28,7.82,5.07,474.8,58.7,3.21,0.022,0.135,2.863,,,2026-09-15 02:25:51
上海市,太湖流域,明星路桥,2026-09-15 01:00,3,26.94,7.36,6.08,435.4307,49.90826,3.99,0.073,0.107,1.23286,,,2026-09-15 02:25:51
上海市,太湖流域,临江,2026-09-15 01:00,4,26.72,7.58,4.59,440.93,67.64,,,,,,,2026-09-15 02:25:51
上海市,太湖流域,浙江路桥,2026-09-15 01:00,4,27.792,7.57,4.36,401.846,56.66,2.51,,0.131,1.839,,,2026-09-15 02:25:51
上海市,太湖流域,闵行西界,2026-09-15 02:00,4,27.54,7.38,3.88,426.54,44.42,3.3,0.042,0.109,1.844,,,2026-09-15 02:25:51
上海市,太湖流域,吴淞口,2026-09-15 01:00,3,27.65,7.77,5.86,405.255,135.301,2.76,0.046,0.125,2.413,,,2026-09-15 02:25:51
上海市,太湖流域,蕴川路桥,2026-09-15 01:00,3,26.62,7.88,6.39,451.87,75.18,2.47,,0.107,2.078,,,2026-09-15 02:25:51
上海市,太湖流域,黄渡,2026-09-15 01:00,4,27.05,7.57,4.97,616.9,42.47,3.34,0.176,0.129,2.304,,,2026-09-15 02:25:51
上海市,太湖流域,三甲港,2026-09-15 01:00,3,28.07,7.9,7.13,438,106.28,2.5,0.14,0.113,1.912,,,2026-09-15 02:25:51
上海市,太湖流域,二团,2026-09-15 01:00,3,27.05,7.65,5.91,453.13,29.72,2.57,,0.114,1.503,,,2026-09-15 02:25:51
上海市,太湖流域,横潦泾,2026-09-15 01:00,4,26.72,7.41,4.39,379.64,62.5,3.19,,0.099,1.562,,,2026-09-15 02:25:51
上海市,太湖流域,斜塘口,2026-09-15 01:00,4,27.86,7.35,4.08,396.07,48.38,2.99,,0.05,1.255,,,2026-09-15 02:25:51
上海市,太湖流域,急水港桥,2026-09-15 01:00,4,26.54,7.51,3.72,470.1,30.4,,,,,0.008,2765092,2026-09-15 02:25:51
上海市,太湖流域,淀峰,2026-09-15 01:00,3,26.75,8.42,7.67,399.34,49.73,4.46,0.003,0.143,1.197,,,2026-09-15 02:25:51
上海市,太湖流域,太浦河桥,2026-09-15 01:00,4,26.89,7.3,3.36,340.65,44.76,3.34,0.01,0.087,1.416,,,2026-09-15 02:25:51
上海市,太湖流域,钱桥,2026-09-15 01:00,3,27,7.7,5.4,402.1,43.7,2.34,0.006,0.122,1.53,,,2026-09-15 02:25:51
上海市,长江流域,七效港西桥,2026-09-15 01:00,2,27.09,7.93,8.66,373.49,41.2,2.38,0.007,0.086,1.874,,,2026-09-15 02:25:51
上海市,长江流域,五效,2026-09-15 01:00,2,27.57,7.95,7.13,326.25,47.05,1.57,,0.047,1.381,,,2026-09-15 02:25:51
江苏省,长江流域,陈浅,2026-09-15 01:00,6,26.67,7.31,1.99,265.3,94.25,4.02,0.065,0.097,1.403,,,2026-09-15 02:25:51
江苏省,长江流域,七桥瓮,2026-09-15 01:00,3,27.17,7.78,5.47,318.15,42.03,2.84,0.031,0.096,1.693,,,2026-09-15 02:25:51
江苏省,长江流域,钱家渡,2026-09-15 01:00,3,27.83,7.63,5.51,267.57,36.71,3.14,0.01,0.063,0.782,,,2026-09-15 02:25:51
江苏省,太湖流域,锡东水厂,2026-09-15 02:00,3,26.62,8.84,8.29,381.41,21.53,2.45,0.056,0.034,0.682,0.00519,1177930,2026-09-15 02:25:51
江苏省,太湖流域,蠡桥,2026-09-15 01:00,2,26.95,8.4,7.86,388.87,40.97,2.7,0.111,0.049,0.393,,,2026-09-15 02:25:51
江苏省,太湖流域,百渎港桥,2026-09-15 01:00,4,28.17,7.53,4.63,490.7,34.39,2.87,0.002,0.108,2.134,,,2026-09-15 02:25:51
江苏省,太湖流域,殷村港桥,2026-09-15 02:00,4,27.33,7.33,4.02,406.54,34.36,3.48,0.039,0.1,1.139,,,2026-09-15 02:25:51
江苏省,太湖流域,大浦港桥,2026-09-15 01:00,4,27.67,7.53,3.91,380.1,62.8,4.36,0.077,0.109,1.494,,,2026-09-15 02:25:51
江苏省,太湖流域,五牧,2026-09-15 01:00,3,27.31,7.23,5.85,338.59,33.25,1.84,0.097,0.113,2.596,,,2026-09-15 02:25:51
江苏省,太湖流域,拖山,2026-09-15 02:00,4,26.55,8.75,8.26,334.26,51.47,3.3,,0.091,1.66,0.00727,6452119,2026-09-15 02:25:51
江苏省,太湖流域,五里湖心,2026-09-15 02:00,4,26.67,8.16,7.05,394.82,30.83737,3.29,,0.077,0.357,0.00505,8388385,2026-09-15 02:25:51
江苏省,太湖流域,金潼桥,2026-09-15 01:00,2,27.44,7.92,7.3,278.1,36.04,1.95,0.026,0.07,1.916,,,2026-09-15 02:25:51
江苏省,太湖流域,大港桥,2026-09-15 01:00,2,26,7.04,8.75,148.71,1.75,2.44,0.033,0.025,1.766,,,2026-09-15 02:25:51
江苏省,太湖流域,潘家坝,2026-09-15 01:00,2,27.78,7.57,6.04,352.24,36.59,2.53,,0.095,1.867,,,2026-09-15 02:25:51
江苏省,太湖流域,长济桥,2026-09-15 01:00,2,27.32,7.93,7.13,287.4,22.79,1.74,0.01,0.066,1.92,,,2026-09-15 02:25:51
江苏省,太湖流域,钓邾大桥,2026-09-15 01:00,2,27.57,8.16,7.01,406.13,34.04,2.98,0.108,0.074,1.31,,,2026-09-15 02:25:51
江苏省,长江流域,小湾,2026-09-15 01:00,2,26.91,7.9,6.85,272.8,30.81,1.53,,0.062,1.78,,,2026-09-15 02:25:51
江苏省,淮河流域,李庄,2026-09-15 01:00,3,26.32,8.18,8.08,615.9,12.1,4.94,0.08,0.121,2.604,,,2026-09-15 02:25:51
江苏省,淮河流域,蔺家坝,2026-09-15 01:00,5,25.62,7.63,2.55,1584.3,41.5,5.52,0.035,0.109,1.155,,,2026-09-15 02:25:51
江苏省,淮河流域,李集桥,2026-09-15 01:00,5,24.8,7.87,2.65,1327.89,21.31,4.53,0.226,0.065,1.077,,,2026-09-15 02:25:51
江苏省,淮河流域,华山闸,2026-09-15 00:00,3,24.99,8.49,6.36,1171,7.86,5.24,0.01,0.056,0.782,,,2026-09-15 02:25:51
江苏省,淮河流域,沙庄桥,2026-09-15 01:00,4,26.18,8.19,7.44,1197.2,22.6,7.4,0.098,0.085,1.604,,,2026-09-15 02:25:51
江苏省,淮河流域,张楼,2026-09-15 01:00,3,26.127,7.73,5.01,1266.407,12.688,3.94,0.244,0.084,1.07,,,2026-09-15 02:25:51
江苏省,淮河流域,沙集西闸,2026-09-15 01:00,4,26.15,7.58,4.14,714.33,33.74,2.8,0.105,0.108,0.919,,,2026-09-15 02:25:51
江苏省,淮河流域,艾山西大桥,2026-09-15 01:00,4,24.415,8.04,13.16,804.973,17.219,6.32,0.056,0.067,4.553,,,2026-09-15 02:25:51
江苏省,淮河流域,下楼公路桥,2026-09-15 01:00,2,25.29,7.82,10.8,983.73,10.01,3.71,0.08,0.066,0.7685,,,2026-09-15 02:25:51
江苏省,长江流域,魏村,2026-09-15 01:00,2,26.94,7.79,6.5,272.82,37.97,1.39,,0.075,1.83,,,2026-09-15 02:25:51
江苏省,太湖流域,姚巷桥,2026-09-15 02:00,2,28.28,8.47,7.61,381.51,11.92,3.23,,0.099,2.02,,,2026-09-15 02:25:51
江苏省,太湖流域,黄埝桥,2026-09-15 01:00,3,27.19,7.78,5.99,322.1,38.27,1.94,0.06,0.101,1.604,,,2026-09-15 02:25:51
江苏省,太湖流域,落蓬湾,2026-09-15 01:00,2,28.9,7.8,7.45,289.6,55.8,3.47,0.043,0.075,0.949,,,2026-09-15 02:25:51
江苏省,太湖流域,九号桥,2026-09-15 01:00,2,26.81,7.89,6.9,273.5,35.9,1.5,0.016,0.071,1.901,,,2026-09-15 02:25:51
江苏省,太湖流域,胥湖心,2026-09-15 02:00,2,26.63,8.95,8.65,329.25,8.87,2.21,,0.006,0.168,0.0006,213546.1,2026-09-15 02:25:51
江苏省,太湖流域,乌龟山南,2026-09-15 02:00,3,25.94,8.76,8.13,371.741,25.575,2.43,,0.028,0.479,0.00293,3892372,2026-09-15 02:25:51
江苏省,太湖流域,望亭上游,2026-09-15 01:00,3,27.4,7.64,6.53,462.1,29.01,2.49,0.124,0.122,2.829,,,2026-09-15 02:25:51
江苏省,太湖流域,千灯浦口,2026-09-15 02:00,4,26.89,7.21,3.55,549.239,32.814,3.11,0.035,0.1,1.3139,,,2026-09-15 02:25:51
江苏省,太湖流域,朱厍港口,2026-09-15 01:00,3,26.2,7.77,6.58,459.7,34.4,4.31,,0.096,0.968,,,2026-09-15 02:25:51
江苏省,太湖流域,浏河闸,2026-09-15 01:00,3,27.84,7.93,5.76,322.428,53.41,1.73,,0.091,1.9751,,,2026-09-15 02:25:51
江苏省,太湖流域,江边闸,2026-09-15 01:00,3,26.73,7.99,5.82,439.9,26.61,2.76,,0.074,1.036,,,2026-09-15 02:25:51
江苏省,太湖流域,瓜泾口西,2026-09-15 01:00,3,26.57,8.54,5.91,351.8,9.63,5.04,,0.044,0.705,,,2026-09-15 02:25:51
江苏省,太湖流域,航管站,2026-09-15 01:00,2,27.81,8.93,8.53,363.87,9.99,3.24,,0.028,0.29,,,2026-09-15 02:25:51
江苏省,太湖流域,越溪桥,2026-09-15 01:00,3,27.2,7.52,5,497.1,29.8,4.14,0.301,0.084,2.434,,,2026-09-15 02:25:51
江苏省,太湖流域,312国道桥,2026-09-15 01:00,2,27.12,8.7,7.74,362.68,18.41,3.57,0.021,0.031,0.4,,,2026-09-15 02:25:51
江苏省,太湖流域,赵屯,2026-09-15 01:00,3,27.15,7.56,5.32,836.071,60.453,3.39,0.05,0.125,2.952,,,2026-09-15 02:25:51
江苏省,淮河流域,东安闸桥西,2026-09-15 01:00,3,26.71,7.43,5.28,817.5,59.85,3.38,,0.109,1.63,,,2026-09-15 02:25:51
江苏省,长江流域,九圩港桥,2026-09-15 01:00,3,27.01,7.72,5.82,292.1,43.5,1.61,0.021,0.078,1.505,,,2026-09-15 02:25:51
江苏省,长江流域,碾砣港闸,2026-09-15 01:00,2,27.07,7.8,6.21,297.6,62.44,2.15,0.03,0.097,1.88,,,2026-09-15 02:25:51
江苏省,长江流域,聚南大桥,2026-09-15 01:00,4,28.2,7.64,4.61,890.5,48.51,4.29,0.034,0.072,0.664,,,2026-09-15 02:25:51
江苏省,长江流域,大洋港桥,2026-09-15 01:00,3,27.29,7.84,6.2,399.9,26.67,1.81,,0.135,4.128,,,2026-09-15 02:25:51
江苏省,淮河流域,小洋口,2026-09-15 01:00,3,25.59,7.87,9.36,1050.1,26.38,5.65,0.028,0.177,1.11,,,2026-09-15 02:25:51
江苏省,淮河流域,环东闸口,2026-09-15 01:00,4,26.95,7.55,4.11,747,41.97,4.78,0.061,0.289,2.087,,,2026-09-15 02:25:51
江苏省,淮河流域,北凌新闸,2026-09-15 01:00,4,25.34,8.37,12.2,1321.3,14.07,6.45,0.04,0.189,1.56,,,2026-09-15 02:25:51
江苏省,淮河流域,新浦大桥,2026-09-15 01:00,3,25.489,8.61,10.33,714.225,14.314,4.26,0.006,0.094,0.782,,,2026-09-15 02:25:51
江苏省,淮河流域,柴米河桥,2026-09-15 01:00,3,24.66,7.5,5.38,700.31,19.86,4.82,0.114,0.115,1.524,,,2026-09-15 02:25:51
江苏省,淮河流域,善后河闸,2026-09-15 01:00,4,25.562,7.37,4.36,711.605,63.166,3.36,0.06,0.218,1.573,,,2026-09-15 02:25:51
江苏省,淮河流域,灌河大桥,2026-09-15 01:00,5,25.92,7.57,3.26,1013,298.6,6.54,0.167,0.326,2.444,,,2026-09-15 02:25:51
江苏省,淮河流域,新村桥,2026-09-15 01:00,3,25.19,7.51,5.49,635.69,23.05,4.33,0.056,0.134,2.814,,,2026-09-15 02:25:51
江苏省,淮河流域,沭南闸,2026-09-15 01:00,4,25.159,7.86,5.9,745.83,30.69,6.03,0.014,0.069,1.005,,,2026-09-15 02:25:51
江苏省,淮河流域,袁闸,2026-09-15 01:00,3,26.31,7.7,5.21,572.44,62.41,4.08,0.05,0.07,1.496,,,2026-09-15 02:25:51
江苏省,淮河流域,墩尚水漫桥,2026-09-15 01:00,6,24.816,7.48,0.37,639.433,6.961,5.24,0.032,0.051,1.279,,,2026-09-15 02:25:51
江苏省,淮河流域,烧香北闸,2026-09-15 01:00,3,24.913,8.7,11.58,5901.02,49.29,5.77,0.035,0.099,2.179,,,2026-09-15 02:25:51
江苏省,淮河流域,大浦闸,2026-09-15 01:00,2,26.05,7.7,11.52,1022.44,58.82,3.96,0.074,0.09,5.895,,,2026-09-15 02:25:51
江苏省,淮河流域,大板跳闸,2026-09-15 01:00,3,24.827,7.49,5.14,2968.2,500,4.54,0.053,0.03,5.474,,,2026-09-15 02:25:51
江苏省,淮河流域,海头大桥,2026-09-15 01:00,4,23.5,8.39,7.22,634.54,42.34,6.25,0.119,0.167,1.203,,,2026-09-15 02:25:51
江苏省,淮河流域,坝头桥,2026-09-15 01:00,4,25.115,8.98,11.21,467.35,13.02,6.39,,0.058,1.203,,,2026-09-15 02:25:51
江苏省,淮河流域,郑园桥,2026-09-15 01:00,3,24.776,7.87,8.14,655.04,16.804,3.93,0.051,0.113,2.422,,,2026-09-15 02:25:51
江苏省,淮河流域,四队桥,2026-09-15 02:00,5,25.17,7.5,2.9,653.57,59.09,4.72,0.086,0.122,3.579,,,2026-09-15 02:25:51
江苏省,淮河流域,新浦二桥,2026-09-15 01:00,2,25.267,7.83,7.08,808.484,17.92,3.73,0.008,0.074,1.746,,,2026-09-15 02:25:51
江苏省,淮河流域,淮河大桥,2026-09-15 01:00,3,26.67,7.59,5.68,441.21,46.7,2.9,0.141,0.09,1.909,,,2026-09-15 02:25:51
江苏省,淮河流域,五叉河口,2026-09-15 01:00,2,25.32,8.52,7.22,545.415,56.176,3.22,0.113,0.051,1.763,,,2026-09-15 02:25:51
江苏省,淮河流域,戴楼衡阳,2026-09-15 01:00,2,26.71,8.5,6.84,405.05,12.64,3.63,0.024,0.031,1.187,0.0215,,2026-09-15 02:25:51
江苏省,淮河流域,总渠苏嘴,2026-09-15 01:00,2,22.82,7.63,6.42,440.7,28.53,3.8,0.04,0.084,2.732,,,2026-09-15 02:25:51
江苏省,淮河流域,唐曹,2026-09-15 01:00,4,24.4,7.34,3.39,453.7,92.38,4.83,0.3,0.151,0.643,,,2026-09-15 02:25:51
江苏省,淮河流域,新洋港闸,2026-09-15 02:00,5,26.42,7.6,2.35,892.96,28.1,4.94,0.092,0.161,2.209,,,2026-09-15 02:25:51
江苏省,淮河流域,富民桥,2026-09-15 02:00,4,26.01,7.31,3.39,742.59,23.63,3.41,0.042,0.131,1.518,,,2026-09-15 02:25:51
江苏省,淮河流域,龙冈凤凰桥,2026-09-15 01:00,4,26.27,7.38,3.44,594.72,27.13,4.66,0.12,0.09,1.577,,,2026-09-15 02:25:51
江苏省,淮河流域,六垛闸,2026-09-15 01:00,4,26.169,7.3,3.91,754.6,15.53,5.02,0.018,0.12,1.802,,,2026-09-15 02:25:51
江苏省,淮河流域,泰东大桥,2026-09-15 02:00,2,26.55,7.77,6.17,348.78,13.59,2.35,0.046,0.085,1.885,,,2026-09-15 02:25:51
江苏省,淮河流域,城北大桥,2026-09-15 01:00,5,26.307,7.4,2.28,675.54,18.8,5.62,0.259,0.149,1.432,,,2026-09-15 02:25:51
江苏省,淮河流域,草堰大桥,2026-09-15 02:00,4,26.887,7.5,4.14,493.729,58.362,3.7,,0.125,2.127,,,2026-09-15 02:25:51
江苏省,淮河流域,射阳河闸,2026-09-15 02:00,3,26.16,7.57,5.67,935.76,29.05,4.89,0.047,0.109,1.68,,,2026-09-15 02:25:51
江苏省,淮河流域,黄沙港闸,2026-09-15 02:00,6,26.84,7.45,1.76,795.25,22.97,5.03,0.089,0.185,1.858,,,2026-09-15 02:25:51
江苏省,淮河流域,斗龙港闸,2026-09-15 01:00,6,24.772,7.26,0.19,1016.312,27.36,5.42,0.148,0.165,2.488,,,2026-09-15 02:25:51
江苏省,淮河流域,川东闸,2026-09-15 02:00,6,26.35,7.43,0.28,1146.74,21.5,5.58,0.424,0.298,3.08,,,2026-09-15 02:25:51
江苏省,淮河流域,头罾闸,2026-09-15 02:00,3,25.66,8.17,5.75,530.17,25.23,3.28,0.021,0.09,1.63,,,2026-09-15 02:25:51
江苏省,淮河流域,王港闸,2026-09-15 01:00,4,25.12,7.43,4.58,1645.68,29.62,5.4,0.043,0.208,1.67,,,2026-09-15 02:25:51
江苏省,长江流域,三江营,2026-09-15 01:00,2,26.55,7.93,7.34,267.3,45.3,1.82,,0.068,1.847,,,2026-09-15 02:25:51
江苏省,淮河流域,槐泗河口,2026-09-15 01:00,2,26.24,8.09,6.65,463.6,41.82,3.2,0.052,0.086,1.917,,,2026-09-15 02:25:51
江苏省,淮河流域,大运河船闸,2026-09-15 01:00,3,26.89,7.8,5.93,398.7,95.5,3.03,0.035,0.12,2.524,,,2026-09-15 02:25:51
江苏省,淮河流域,三垛西大桥,2026-09-15 01:00,4,26.09,7.16,3.6,582.6,54.7,5.71,0.076,0.143,1.893,,,2026-09-15 02:25:51
江苏省,淮河流域,江都西闸,2026-09-15 01:00,6,26.28,7.7,7.05,271.85,112.13,2.5,5.926,0.116,2.143,,,2026-09-15 02:25:51
江苏省,长江流域,冻青桥,2026-09-15 01:00,3,26.57,7.9,5.59,464.3,57.91,3.95,0.123,0.15,1.893,,,2026-09-15 02:25:51
江苏省,长江流域,小河口上游,2026-09-15 01:00,2,26.76,7.89,7.03,264.8,32.71,1.73,0.046,0.08,1.59,,,2026-09-15 02:25:51
江苏省,淮河流域,曹庄桥,2026-09-15 01:00,3,26.24,7.57,5.81,278.2,61.24,2.11,,0.079,1.746,,,2026-09-15 02:25:51
江苏省,太湖流域,辛丰镇,2026-09-15 01:00,2,27.16,7.89,6.52,276.1,44.23,2.11,0.036,0.083,1.641,,,2026-09-15 02:25:51
江苏省,太湖流域,林家闸,2026-09-15 01:00,2,26.85,7.81,6.96,270.3,31.17,2,,0.086,1.9569,,,2026-09-15 02:25:51
江苏省,长江流域,新河桥,2026-09-15 01:00,2,28.11,8.27,8.3,283.3,18.04,2.48,0.03,0.063,1.456,,,2026-09-15 02:25:51
江苏省,太湖流域,新港桥,2026-09-15 01:00,2,26.61,7.64,6.6,317.1,21.4,2.14,0.006,0.044,1.342,,,2026-09-15 02:25:51
江苏省,太湖流域,吕城,2026-09-15 01:00,3,27.33,7.7,6.14,290.82,41.52,2.34,,0.119,1.992,,,2026-09-15 02:25:51
江苏省,淮河流域,海陵大桥,2026-09-15 01:00,2,26.7,7.88,6.72,274.3,37.62,1.74,0.017,0.066,1.724,,,2026-09-15 02:25:51
江苏省,长江流域,马甸闸西,2026-09-15 02:00,2,26.91,7.76,6.89,290.5,30.4,1.75,0.028,0.055,2.049,,,2026-09-15 02:25:51
江苏省,长江流域,祥和大桥,2026-09-15 01:00,4,26.8,7.5,4.51,349.8,36.01,2.53,0.258,0.122,1.916,,,2026-09-15 02:25:51
江苏省,长江流域,新十圩港大桥,2026-09-15 01:00,2,27.11,7.73,6.15,315.3,49.34,2.29,0.086,0.097,1.922,,,2026-09-15 02:25:51
江苏省,长江流域,夏仕港大桥,2026-09-15 01:00,2,26.6,7.69,6.54,268.24,32.86,1.66,0.025,0.065,2.018,,,2026-09-15 02:25:51
江苏省,淮河流域,马陵翻水站,2026-09-15 01:00,2,25.18,8.03,6.42,523.56,54.97,3.19,0.07,0.056,1.497,,,2026-09-15 02:25:51
江苏省,淮河流域,临淮乡入湖口,2026-09-15 01:00,3,26.73,8.08,5.54,686.3,11.9,5.72,0.14,0.053,0.941,,,2026-09-15 02:25:51
江苏省,淮河流域,砖瓦厂,2026-09-15 01:00,3,26.47,8.61,9.67,769.2,44.02,5.59,0.014,0.136,0.745,,,2026-09-15 02:25:51
江苏省,淮河流域,顾勒大桥,2026-09-15 01:00,2,25.51,8.25,7.45,671.31,32.99,3.81,0.087,0.073,0.75,,,2026-09-15 02:25:51
江苏省,淮河流域,团结闸,2026-09-15 01:00,4,25.56,8.71,8.82,1455.3,14.75,8.44,0.141,0.08,1.552,,,2026-09-15 02:25:51
江苏省,淮河流域,大屈,2026-09-15 01:00,4,26.49,8.56,11.02,949.5,12.83,6.87,0.082,0.075,0.611,,,2026-09-15 02:25:51
浙江省,浙闽片河流,小金山,2026-09-15 01:00,2,29.26,,8.77,135.394,2.791,2.13,0.005,0.014,0.7158,,,2026-09-15 02:25:51
浙江省,浙闽片河流,三潭岛,2026-09-15 01:00,1,28.4,,8.07,119.296,2.684,1.49,,0.01,0.595,,,2026-09-15 02:25:51
浙江省,浙闽片河流,千岛湖大坝前,2026-09-15 01:00,1,29.71,8.66,7.55,128.624,1.695,1.44,0.021,0.008,0.6569,,,2026-09-15 02:25:51
浙江省,太湖流域,汪家埠,2026-09-15 01:00,2,26.35,7.72,7.22,265.19,6.75,2.83,0.213,0.06,2.57,,,2026-09-15 02:25:51
浙江省,太湖流域,奉口,2026-09-15 01:00,4,27.04,7.22,4.61,251,9.47,2.01,0.082,0.045,2.414,,,2026-09-15 02:25:51
浙江省,浙闽片河流,桐君山,2026-09-15 01:00,2,26.95,7.51,7.62,159.11,6.25,1.64,0.02,0.068,1.77,,,2026-09-15 02:25:51
浙江省,浙闽片河流,洋溪渡,2026-09-15 01:00,2,19.65,7.07,6.21,158.706,3.13,0.85,0.001,0.009,0.8482,,,2026-09-15 02:25:51
浙江省,浙闽片河流,浦阳江出口,2026-09-15 01:00,3,27.04,7.74,5.97,190.3,35.02,1.83,0.077,0.046,1.683,,,2026-09-15 02:25:51
浙江省,太湖流域,五杭运河大桥,2026-09-15 01:00,4,27.68,7.24,3.56,361.1,19.28,3.19,0.558,0.087,2.692,,,2026-09-15 02:25:51
浙江省,浙闽片河流,桐庐,2026-09-15 01:00,2,25.99,7.22,6.19,187.7,9.2,1.6,,0.065,1.729,,,2026-09-15 02:25:51
浙江省,浙闽片河流,街口,2026-09-15 01:00,2,29.37,8.65,8.9,151.28,0.42,1.2,0.008,0.033,0.805,,,2026-09-15 02:25:51
浙江省,浙闽片河流,溪口,2026-09-15 01:00,2,25.71,7.01,8.57,110.02,4.95,0.44,0.014,0.023,2.013,,,2026-09-15 02:25:51
浙江省,浙闽片河流,清林渡,2026-09-15 02:00,3,27.579,7.29,6.77,277.191,30.742,3.31,0.03,0.129,2.627,,,2026-09-15 02:25:51
浙江省,浙闽片河流,大嵩,2026-09-15 01:00,4,27.24,6.71,3.56,223.17,20.62,1.27,0.053,0.062,1.67,,,2026-09-15 02:25:51
浙江省,浙闽片河流,北湖中心,2026-09-15 01:00,3,26.91,6.54,5.18,92.83,19.27,3.23,0.035,0.042,0.797,,586221.1,2026-09-15 02:25:51
浙江省,浙闽片河流,长汀,2026-09-15 02:00,2,26.66,7.74,10.9,128.45,4.71,1.58,,0.027,1.304,,,2026-09-15 02:25:51
浙江省,浙闽片河流,菁江渡,2026-09-15 01:00,3,27.7,6.96,5.97,181.22,24.19,4.58,0.068,0.065,1.902,,,2026-09-15 02:25:51
浙江省,浙闽片河流,梁桥,2026-09-15 01:00,2,25.5,6.7,7,92.41,10.81,0.88,0.029,0.049,1.94,,,2026-09-15 02:25:51
浙江省,浙闽片河流,四灶浦闸,2026-09-15 01:00,3,27.41,8.65,8.31,4467.44,6.36,5.84,,0.046,0.822,,,2026-09-15 02:25:51
浙江省,浙闽片河流,赵山渡,2026-09-15 01:00,2,24.13,6.7,7.46,40.22,8.87,1.09,0.001,0.011,0.57,,,2026-09-15 02:25:51
浙江省,浙闽片河流,小旦,2026-09-15 01:00,2,24.81,6.96,6.6,48.77,2.63,1.3,0.008,0.039,0.685,,,2026-09-15 02:25:51
浙江省,浙闽片河流,龙湾,2026-09-15 01:00,2,26.5,8.02,6.36,13690,139.3,1.21,0.051,0.058,1.022,,,2026-09-15 02:25:51
浙江省,浙闽片河流,大荆,2026-09-15 01:00,2,26.77,7.68,9.89,104.2,11.16,1.84,0.012,0.031,0.78,,,2026-09-15 02:25:51
浙江省,浙闽片河流,蒲岐,2026-09-15 01:00,3,27.56,6.96,5.47,173.1,18.69,3.27,0.271,0.111,1.934,,,2026-09-15 02:25:51
浙江省,浙闽片河流,沙头,2026-09-15 01:00,1,27.1,7.45,8.72,43.68,0.74,0.67,0.009,0.018,0.549,,,2026-09-15 02:25:51
浙江省,浙闽片河流,清水埠,2026-09-15 01:00,3,26.16,8.35,5.24,544.94,2428.72,0.79,0.003,0.037,0.963,,,2026-09-15 02:25:51
浙江省,浙闽片河流,江口渡,2026-09-15 01:00,2,26.45,7.93,8.69,28420,449.6,1.31,0.066,0.085,2.212,,,2026-09-15 02:25:51
浙江省,浙闽片河流,第三农业站,2026-09-15 01:00,3,26.32,7.96,5.77,25234.8,238.56,2.07,,0.079,1.527,,,2026-09-15 02:25:51
浙江省,太湖流域,王江泾,2026-09-15 01:00,4,27.6,7.14,4.25,479.49,52.15,3.71,0.038,0.079,1.737,,,2026-09-15 02:25:51
浙江省,太湖流域,湘家荡,2026-09-15 01:00,2,26.92,8.36,9.08,470.18,21.23,2.96,0.031,0.096,0.531,,,2026-09-15 02:25:51
浙江省,太湖流域,池家浜水文站,2026-09-15 01:00,4,27.8689,7.16,4.18,354.46,30.4051,3.46,0.066,0.072,1.186,,,2026-09-15 02:25:51
浙江省,太湖流域,长山闸一号桥,2026-09-15 01:00,4,27.73,7.19,3.29,378.26,57.1737,4.08,0.011,0.111,2.445,,,2026-09-15 02:25:51
浙江省,太湖流域,南台头闸一号桥,2026-09-15 01:00,4,27.84,7.28,3.33,377,92.05,3.98,0.02,0.127,2.249,,,2026-09-15 02:25:51
浙江省,太湖流域,上塘河排涝闸,2026-09-15 01:00,4,27.16,7.22,4.89,402.17,12.51,3.21,0.018,0.072,1.416,,,2026-09-15 02:25:51
浙江省,太湖流域,盐官排涝枢纽,2026-09-15 01:00,3,27.12,7.71,7.8,390.9,25.82,4.07,0.021,0.127,2.461,,,2026-09-15 02:25:51
浙江省,太湖流域,卫八路桥,2026-09-15 01:00,4,26.61,7.38,3.85,557.173,31.157,3.79,0.07,0.096,1.481,,,2026-09-15 02:25:51
浙江省,太湖流域,漕廊公路桥,2026-09-15 01:00,4,27.42038,7.28,3.39,442.3611,41.95981,3.6,0.129,0.132,1.43561,,,2026-09-15 02:25:51
浙江省,太湖流域,朱枫公路桥,2026-09-15 01:00,4,27.45,7,4.42,461.46,48.3,3.3,0.028,0.08,1.577,,,2026-09-15 02:25:51
浙江省,太湖流域,红旗塘大坝,2026-09-15 01:00,3,27.49,7.29,5.55,390.1,47.3,3.38,0.011,0.071,1.49,,,2026-09-15 02:25:51
浙江省,太湖流域,枫南大桥,2026-09-15 02:00,4,27.6464,7.27,3.25,430.63,49.9574,3.8,0.056,0.132,1.605,,,2026-09-15 02:25:51
浙江省,太湖流域,青阳汇,2026-09-15 01:00,3,27.02,7.4,5.26,401.6,75.77,4.1,0.026,0.137,1.49,,,2026-09-15 02:25:51
浙江省,太湖流域,小新村,2026-09-15 01:00,5,26.77,7.35,2.93,409,63.45,4.11,0.028,0.127,1.602,,,2026-09-15 02:25:51
浙江省,太湖流域,乌镇北,2026-09-15 01:00,4,26.61,7.09,3.12,291.4,54.73,3.36,0.033,0.083,2.493,,,2026-09-15 02:25:51
浙江省,太湖流域,新港口,2026-09-15 01:00,2,27.76,8.28,8,272.51,97.61,3.09,0.115,0.062,2.177,,,2026-09-15 02:25:51
浙江省,太湖流域,大钱,2026-09-15 01:00,2,27.18,8.48,7.95,251.1048,101.8806,3.02,0.127,0.071,2.21153,,,2026-09-15 02:25:51
浙江省,太湖流域,南浔,2026-09-15 01:00,4,27.1,7.24,4.22,318.8,65.1,3.09,0.152,0.116,3.581,,,2026-09-15 02:25:51
浙江省,太湖流域,城西大桥,2026-09-15 02:00,3,26.81,7.37,5.91,160.65,29.14,1.5,0.039,0.044,2.178,,,2026-09-15 02:25:51
浙江省,太湖流域,汤溇,2026-09-15 01:00,2,27.63,8.94,8.48,267.4405,45.3355,2.87,0.065,0.049,1.7283,,,2026-09-15 02:25:51
浙江省,太湖流域,塘浦,2026-09-15 02:00,2,25.65,6.91,7,110.78,13.91,1.4,,0.022,0.995,,,2026-09-15 02:25:51
浙江省,太湖流域,荆湾,2026-09-15 02:00,3,27.46,6.57,5.61,169.5,9.22,1.41,0.029,0.031,1.48,,,2026-09-15 02:25:51
浙江省,太湖流域,铁路桥,2026-09-15 02:00,3,27.51,6.54,5.61,143.98,10.31,1.93,0.039,0.039,1.828,,,2026-09-15 02:25:51
浙江省,太湖流域,小梅口,2026-09-15 01:00,2,27.66,8.08,7.59,284,91.75,3.18,0.018,0.068,1.959,,,2026-09-15 02:25:51
浙江省,太湖流域,杨家浦,2026-09-15 02:00,3,27.31725,8.35,8.63,278.6192,62.88987,2.87,0.009,0.104,2.050768,,,2026-09-15 02:25:51
浙江省,太湖流域,新塘,2026-09-15 01:00,2,27.93,8.41,8.22,288.7,76.62,2.97,0.035,0.07,2.059,,,2026-09-15 02:25:51
浙江省,太湖流域,合溪,2026-09-15 02:00,2,27.63,7.79,6.86,293.9,81.31,2.66,0.046,0.048,1.884,,,2026-09-15 02:25:51
浙江省,浙闽片河流,曹娥江大闸闸前,2026-09-15 01:00,2,26.132,7.57,7.86,201.686,6.907,2.58,0.021,0.056,1.975,,,2026-09-15 02:25:51
浙江省,浙闽片河流,屠家埠,2026-09-15 01:00,2,27.685,8.36,9.02,140.08,13.085,1.9,0.04,0.045,1.814,,,2026-09-15 02:25:51
浙江省,浙闽片河流,葛山头,2026-09-15 01:00,3,27.06,6.87,5.02,142.72,21.31,2.28,0.093,0.06,1.893,,,2026-09-15 02:25:51
浙江省,浙闽片河流,湄池,2026-09-15 01:00,3,28.28,7.4,6.11,378.02,21.84,3.59,0.039,0.116,2.566,,,2026-09-15 02:25:51
浙江省,浙闽片河流,王家泾,2026-09-15 01:00,3,28,7.09,5.38,215.97,18.36,5.97,0.031,0.061,1.303,,,2026-09-15 02:25:51
浙江省,浙闽片河流,汤曹汇合口,2026-09-15 01:00,2,27.62,7.14,6.49,153.54,34.29,2.1,0.021,0.053,2.289,,,2026-09-15 02:25:51
浙江省,浙闽片河流,义东桥,2026-09-15 01:00,3,27.991,7.02,6.89,473.426,14.411,2.87,0.039,0.113,2.822,,,2026-09-15 02:25:51
浙江省,浙闽片河流,塔下洲,2026-09-15 02:00,3,27.28,8.64,10.74,437.936,9.242,4.91,0.049,0.082,2.258,,,2026-09-15 02:25:51
浙江省,浙闽片河流,东关桥,2026-09-15 01:00,3,28.815,7.5,6.18,487.546,9.838,3.41,0.052,0.15,2.775,,,2026-09-15 02:25:51
浙江省,浙闽片河流,费垅,2026-09-15 01:00,3,28.47,7.64,8.28,309.589,15.6,2.89,0.225,0.123,2.6324,,,2026-09-15 02:25:51
浙江省,浙闽片河流,台口,2026-09-15 01:00,2,26.16,8.11,7.1,144.695,11.962,1.96,0.054,0.056,1.2837,,,2026-09-15 02:25:51
浙江省,浙闽片河流,南江桥,2026-09-15 01:00,3,27.35,8.2,6.14,412.491,2.152,2.85,0.053,0.106,1.9965,,,2026-09-15 02:25:51
浙江省,浙闽片河流,横山,2026-09-15 02:00,2,27.15,7.7,7.87,,,2.09,,,,,,2026-09-15 02:25:51
浙江省,浙闽片河流,洪坞桥,2026-09-15 01:00,3,27.95,7.31,5.65,314.5,3,2.49,0.055,0.105,2.658,,,2026-09-15 02:25:51
浙江省,浙闽片河流,章店,2026-09-15 02:00,3,27.41,8.17,5.56,287.324,3.239,3.8,0.077,0.169,2.2747,,,2026-09-15 02:25:51
浙江省,浙闽片河流,将军岩,2026-09-15 01:00,2,28.216,7.17,8.35,226.62,4.5,2.22,0.004,0.088,1.709,,,2026-09-15 02:25:51
浙江省,浙闽片河流,浮石渡,2026-09-15 01:00,2,28.11,7.58,7.23,198.42,7.16,1.74,0.024,0.037,1.347,,,2026-09-15 02:25:51
浙江省,浙闽片河流,双港口,2026-09-15 01:00,2,27.02,7.37,6.66,113.34,3.96,1.92,0.015,0.053,1.099,,,2026-09-15 02:25:51
浙江省,浙闽片河流,郑家,2026-09-15 01:00,2,26.1,6.36,7.7,73.12,21.25,0.81,0.007,0.021,0.994,,,2026-09-15 02:25:51
浙江省,浙闽片河流,下界首,2026-09-15 01:00,1,28.66,8.18,9.01,159.08,8.36,0.95,0.015,0.012,0.582,,,2026-09-15 02:25:51
浙江省,浙闽片河流,下童,2026-09-15 01:00,3,26.82,6.93,5.3,231.58,16.36,1.85,0.075,0.052,1.543,,,2026-09-15 02:25:51
浙江省,浙闽片河流,东迹渡,2026-09-15 01:00,1,19.51,6.09,9.42,,0.65,,0.011,,1.038,,,2026-09-15 02:25:51
浙江省,长江流域,苏庄,2026-09-15 01:00,2,27.93711,7.42,6.93,73.46965,1.15745,1.31,0.008,0.017,0.35988,,,2026-09-15 02:25:51
浙江省,浙闽片河流,临城,2026-09-15 01:00,3,28.22,8.58,11.38,3021,9.13,4.3,0.028,0.038,0.941,,,2026-09-15 02:25:51
浙江省,浙闽片河流,长潭水库坝口,2026-09-15 01:00,2,27.285,8.72,11.39,44.674,2.107,2.09,0.003,0.014,0.469,,,2026-09-15 02:25:51
浙江省,浙闽片河流,老鼠屿,2026-09-15 01:00,2,26.95,7.92,6.58,26845.2,2286.49,2.54,,0.057,1.284,,,2026-09-15 02:25:51
浙江省,浙闽片河流,金清新闸,2026-09-15 02:00,5,26.83,7.3,2.66,570.324,66.382,4.11,0.567,0.172,2.8455,,,2026-09-15 02:25:51
浙江省,浙闽片河流,里石门水库,2026-09-15 01:00,2,27.7,,13.66,64.032,2.32,3.23,0.011,0.015,0.3552,0.01038,1860780,2026-09-15 02:25:51
浙江省,浙闽片河流,温峤,2026-09-15 01:00,3,26.904,7.2,5.69,522.517,18.464,2.48,0.059,0.096,1.996,,,2026-09-15 02:25:51
浙江省,浙闽片河流,永宁江口,2026-09-15 01:00,2,26.74,7.26,6.55,67.981,19.869,1.53,0.08,0.042,0.7676,,,2026-09-15 02:25:51
浙江省,浙闽片河流,沙段,2026-09-15 01:00,2,26.82,7.13,7.62,111.813,7.295,2.48,0.026,0.035,1.2641,,,2026-09-15 02:25:51
浙江省,浙闽片河流,柏枝岙,2026-09-15 01:00,2,27.381,7.19,7.38,102.072,8.896,0.87,0.003,0.06,1.171,,,2026-09-15 02:25:51
浙江省,浙闽片河流,均溪,2026-09-15 01:00,1,26.68,6.97,7.7,44.54,4,1.46,0.023,0.011,0.632,,,2026-09-15 02:25:51
浙江省,浙闽片河流,风化,2026-09-15 01:00,2,27.08,7.14,8.02,95.11,4.87,1.13,0.036,0.041,1.121,,,2026-09-15 02:25:51
浙江省,浙闽片河流,临江,2026-09-15 02:00,2,25.43,6.73,7.34,56.74,7.38,1.08,0.087,0.034,0.78,,,2026-09-15 02:25:51
浙江省,浙闽片河流,堰后,2026-09-15 01:00,2,27.33,7.21,7.68,152.6,2.84,1.24,0.032,0.04,1.928,,,2026-09-15 02:25:51
浙江省,浙闽片河流,沙湾上,2026-09-15 02:00,1,22.2,7.24,8.59,27.2,3.645,1.06,0.107,0.006,0.2199,,,2026-09-15 02:25:51
浙江省,浙闽片河流,小溪口,2026-09-15 01:00,2,24.24,6.75,6.08,31.446,10.091,1.33,,0.009,0.536,,,2026-09-15 02:25:51
安徽省,巢湖流域,三胜大队渡口,2026-09-15 01:00,4,27.68,8.63,6.14,298.898,55.9212,6.78,0.126,0.143,0.8531,,,2026-09-15 02:25:51
安徽省,巢湖流域,兆河入湖口渡口,2026-09-15 01:00,4,27.53,8.95,9.04,299.53,40.7243,7.03,,0.066,1.2422,,,2026-09-15 02:25:51
安徽省,巢湖流域,牛角大圩,2026-09-15 01:00,3,27.44,7.54,5.03,277.1,75.565,4.18,,0.128,2.437,,,2026-09-15 02:25:51
安徽省,巢湖流域,北闸渡口,2026-09-15 01:00,3,26.635,7.06,5.68,153.706,43.25,5.65,0.03,0.056,1.075,,,2026-09-15 02:25:51
安徽省,巢湖流域,希望桥,2026-09-15 01:00,2,27.3,7.4,6.09,552.1,19.5,3.97,0.261,0.092,6.177,,,2026-09-15 02:25:51
安徽省,巢湖流域,石堆渡口,2026-09-15 01:00,3,27.4,7.59,6.44,200.4058,52.1707,5.38,0.087,0.126,1.5446,,,2026-09-15 02:25:51
安徽省,巢湖流域,柘皋大桥,2026-09-15 01:00,6,27.14,9.19,8.34,288.5798,32.3393,6.89,0.058,0.08,0.5872,,,2026-09-15 02:25:51
安徽省,巢湖流域,湖滨,2026-09-15 02:00,4,26.39,,7.71,273.49,24.27,4.41,,0.084,1.048,0.00519,5020688,2026-09-15 02:25:51
安徽省,巢湖流域,黄麓,2026-09-15 02:00,4,27.9,,7.32,289.57,24.767,5.38,,0.064,0.397,0.00727,3211131,2026-09-15 02:25:51
安徽省,巢湖流域,三河镇大桥,2026-09-15 01:00,2,27.38,7.79,10.92,168,8.73,3.5,0.053,0.054,0.939,,,2026-09-15 02:25:51
安徽省,巢湖流域,三河镇新大桥,2026-09-15 01:00,2,27.98,8.12,8.95,97.77,15.88,3.24,0.072,0.047,0.91,,,2026-09-15 02:25:51
安徽省,巢湖流域,施口,2026-09-15 01:00,4,27.21,8.53,5.96,349.6913,56.7929,6.4,0.19,0.21,3.242,,,2026-09-15 02:25:51
安徽省,巢湖流域,靠近大坝,2026-09-15 02:00,3,27.09,8.82,7.55,151.24,9.37,4.3,0.007,0.023,0.296,0.01465,1.225597,2026-09-15 02:25:51
安徽省,巢湖流域,新河入湖区,2026-09-15 02:00,5,26.93,,7.66,290.58,46.06,5.4,,0.103,0.567,0.00288,3.950011,2026-09-15 02:25:51
安徽省,巢湖流域,西半湖湖心,2026-09-15 02:00,4,26.39,,8.48,305.36,29.95,4.47,0.011,0.071,0.592,0.00537,6752514,2026-09-15 02:25:51
安徽省,巢湖流域,龟山,2026-09-15 01:00,4,26.69,,8.98,298.88,32.63,4.88,,0.072,0.718,0.01078,2.981872,2026-09-15 02:25:51
安徽省,巢湖流域,东半湖湖心,2026-09-15 02:00,4,26.24,,7.96,259.742,28.375,5.12,0.013,0.078,0.747,0.00374,1.133609,2026-09-15 02:25:51
安徽省,巢湖流域,忠庙,2026-09-15 02:00,4,26.16,,9.74,282.15,38.9,5.34,,0.08,0.385,0.01097,3811544,2026-09-15 02:25:51
安徽省,巢湖流域,兆河入湖区,2026-09-15 02:00,4,26.19,8.93,7.93,298.55,31.69,5.29,,0.089,0.36,0.00393,1.008282,2026-09-15 02:25:51
安徽省,巢湖流域,双桥河入湖口,2026-09-15 01:00,3,27.78,7.65,6.11,416.8238,35.6803,4.17,0.076,0.074,0.5452,,,2026-09-15 02:25:51
安徽省,巢湖流域,繁华大道桥,2026-09-15 01:00,4,27.44,7.25,4.7,952.9546,53.3324,4.93,0.247,0.2,6.802,,,2026-09-15 02:25:51
安徽省,长江流域,东西梁山,2026-09-15 01:00,2,26.72,7.92,7.08,252.9129,47.8006,1.65,0.119,0.078,1.8652,,,2026-09-15 02:25:51
安徽省,长江流域,宝塔根,2026-09-15 01:00,2,26.95,7.83,7.05,250.3636,54.6652,2.04,0.071,0.056,1.6503,,,2026-09-15 02:25:51
安徽省,巢湖流域,裕溪口,2026-09-15 01:00,2,26.83,7.66,6.16,303.5509,46.6064,2.18,0.127,0.066,1.3742,,,2026-09-15 02:25:51
安徽省,长江流域,荻港,2026-09-15 01:00,2,27.09,7.63,6.16,405.3,28.5865,2.85,0.095,0.055,1.0626,,,2026-09-15 02:25:51
安徽省,长江流域,澛港桥,2026-09-15 01:00,2,26.82,8.2,7.5,233.8849,12.8037,3.86,0.026,0.075,1.183,,,2026-09-15 02:25:51
安徽省,长江流域,西河入裕溪河口,2026-09-15 01:00,4,27.68,7.49,3.85,302.8914,61.9971,3.1,0.192,0.085,0.9991,,,2026-09-15 02:25:51
安徽省,淮河流域,沫河口,2026-09-15 01:00,3,26.83,7.64,5.81,544.0484,28.17,4.65,0.065,0.19,2.699,,,2026-09-15 02:25:51
安徽省,淮河流域,关咀,2026-09-15 01:00,5,26.42012,7.76,2.09,950.5107,34.83468,5.76,0.155,0.115,0.59426,,,2026-09-15 02:25:51
安徽省,淮河流域,五河,2026-09-15 01:00,3,26.17,8.4,7.52,916.2648,13.07479,5.66,0.031,0.072,1.51953,,,2026-09-15 02:25:51
安徽省,淮河流域,蚌埠固镇,2026-09-15 01:00,3,26.354,7.97,6.06,1081.353,35.88,4.02,0.069,0.109,4.0664,,,2026-09-15 02:25:51
安徽省,淮河流域,蚌埠闸上,2026-09-15 01:00,4,26.74,7.57,4.84,413.23,22.34,3.26,0.137,0.173,1.896,,,2026-09-15 02:25:51
安徽省,淮河流域,湖沟,2026-09-15 01:00,4,26.00604,8.08,3.81,1163.439,27.61448,4.09,0.072,0.068,3.31229,,,2026-09-15 02:25:51
安徽省,淮河流域,石头埠,2026-09-15 01:00,3,27.12,8.1,5,535.1749,28.65879,3.33,0.063,0.119,3.50653,,,2026-09-15 02:25:51
安徽省,淮河流域,鲁台孜,2026-09-15 01:00,2,26.88,7.57,6.29,498.274,32.08692,3.09,0.031,0.09,2.90938,,,2026-09-15 02:25:51
安徽省,淮河流域,西淝河闸下,2026-09-15 01:00,3,27.37067,7.81,5.89,801.3638,14.14563,5.57,0.03,0.072,1.10656,,,2026-09-15 02:25:51
安徽省,淮河流域,新城口,2026-09-15 01:00,4,27.48332,7.57,3.82,427.1602,21.73458,2.78,0.001,0.112,3.01685,,,2026-09-15 02:25:51
安徽省,淮河流域,焦岗湖,2026-09-15 02:00,3,25.96,8.51,8.2,665.4,12.09,4.43,,0.034,0.311,0.00686,5341344,2026-09-15 02:25:51
安徽省,淮河流域,大店岗,2026-09-15 01:00,2,27.41,6.89,8.49,133.1139,26.07069,2.51,0.029,0.041,1.60606,,,2026-09-15 02:25:51
安徽省,淮河流域,五里闸,2026-09-15 01:00,2,26.15,7.41,6.03,291.6507,34.7071,3.9,0.029,0.05,1.05577,,,2026-09-15 02:25:51
安徽省,淮河流域,白洋淀渡口,2026-09-15 01:00,3,27.19679,7.03,5.13,210.4087,54.61892,3.54,0.049,0.078,2.9021,,,2026-09-15 02:25:51
安徽省,长江流域,三兴村,2026-09-15 01:00,2,26.45,7.79,7.59,266.6548,45.61405,2.49,0.059,0.057,2.69,,,2026-09-15 02:25:51
安徽省,长江流域,得胜河入江口,2026-09-15 01:00,2,26.978,7.82,6.45,355.1,18.0046,2.88,0.119,0.1,1.7613,,,2026-09-15 02:25:51
安徽省,长江流域,姑溪河大桥,2026-09-15 01:00,3,27.447,7.6,7.78,202.27,43.8569,4.38,0.058,0.07,1.08,,,2026-09-15 02:25:51
安徽省,长江流域,当涂查湾,2026-09-15 01:00,2,27.82,7.41,6.62,230.9293,29.721,2.47,,0.031,1.72,,,2026-09-15 02:25:51
安徽省,长江流域,乌江,2026-09-15 01:00,2,25.94525,7.9,7.07,266.0833,40.27192,1.98,0.036,0.061,1.423288,,,2026-09-15 02:25:51
安徽省,长江流域,雨山河下游,2026-09-15 01:00,3,27.1787,7.83,8.11,582.2112,23.3848,5.14,0.097,0.165,3.877,,,2026-09-15 02:25:51
安徽省,淮河流域,小王桥,2026-09-15 01:00,5,26.26,7.84,2.13,1353.17,16.27,6.66,0.059,0.111,1.19,,,2026-09-15 02:25:51
安徽省,淮河流域,后常桥,2026-09-15 01:00,3,26.398,8.63,8.62,1217.103,51.30137,5.55,0.022,0.08,0.88179,,,2026-09-15 02:25:51
安徽省,淮河流域,李大桥闸,2026-09-15 01:00,5,25.39,7.94,2.8,1377.69,20.073,8.25,0.069,0.055,0.6937,,,2026-09-15 02:25:51
安徽省,长江流域,顺安河入江口,2026-09-15 01:00,2,26.17826,7.41,9.4,326.606,38.17897,2.04,0.03,0.036,1.59351,,,2026-09-15 02:25:51
安徽省,长江流域,陈家墩,2026-09-15 01:00,2,26.71,7.77,7.38,242.3835,24.4099,1.54,0.046,0.051,1.8586,,,2026-09-15 02:25:51
安徽省,长江流域,枞阳大闸,2026-09-15 01:00,3,26.89,8.31,6.53,159.794,55.42424,4.36,0.001,0.066,0.87731,,,2026-09-15 02:25:51
安徽省,长江流域,武昌湖,2026-09-15 01:00,4,25.63,7.25,4.58,160.5799,16.00867,3.64,0.037,0.042,0.78957,0.01016,9824380,2026-09-15 02:25:51
安徽省,长江流域,前江口,2026-09-15 01:00,2,26.51572,7.78,6.79,247.8634,42.85005,2.58,0.086,0.06,2.88668,,,2026-09-15 02:25:51
安徽省,长江流域,花亭湖坝前,2026-09-15 01:00,2,28.32,8.93,9.48,87.02003,3.16794,2.82,,0.014,0.34804,0.00681,775351.8,2026-09-15 02:25:51
安徽省,长江流域,华阳河入江口,2026-09-15 01:00,2,27.19,8.47,9.35,296.5272,13.62717,2.84,0.026,0.05,0.66678,,,2026-09-15 02:25:51
安徽省,长江流域,水厂取水口,2026-09-15 01:00,2,26.3,8.71,6.18,118.8546,4.34475,1.46,0.005,0.025,0.59902,,,2026-09-15 02:25:51
安徽省,长江流域,车轴寺大桥,2026-09-15 01:00,2,27.99,8.03,6.66,110.0825,6.19692,1.85,0.013,0.026,0.90008,,,2026-09-15 02:25:51
安徽省,浙闽片河流,篁墩,2026-09-15 01:00,3,27.01714,7.51,5.77,140.1411,4.95858,1.99,0.095,0.037,1.22462,,,2026-09-15 02:25:51
安徽省,浙闽片河流,率水大桥,2026-09-15 01:00,2,28.09722,8.67,10.28,66.86889,0.6699,1.73,0.02,0.021,0.44075,,,2026-09-15 02:25:51
安徽省,浙闽片河流,横江大桥,2026-09-15 01:00,6,29.23001,9.09,9.42,210.3995,61.1745,4.39,0.002,0.037,0.50111,,,2026-09-15 02:25:51
安徽省,浙闽片河流,浦口,2026-09-15 01:00,4,27.77,8.03,4.44,428.1263,16.62449,2.09,0.06,0.043,1.08584,,,2026-09-15 02:25:51
安徽省,长江流域,太平湖湖心,2026-09-15 02:00,2,27.41,8.63,8.39,99.85,3.7,2.22,,0.009,0.4,0.0032,1479130,2026-09-15 02:25:51
安徽省,浙闽片河流,新管,2026-09-15 01:00,2,26.78723,8.34,7.55,265.2823,2.8524,2.05,0.01,0.029,0.86394,,,2026-09-15 02:25:51
安徽省,淮河流域,天长化工厂,2026-09-15 01:00,5,26.11,7.19,2.65,557.7865,58.95,4.28,0.205,0.177,3.1226,,,2026-09-15 02:25:51
安徽省,淮河流域,公路桥,2026-09-15 01:00,3,26.72,7.55,6.57,381.6029,29.2669,5.39,0.164,0.105,0.984,,,2026-09-15 02:25:51
安徽省,淮河流域,小柳巷,2026-09-15 01:00,3,25.95,7.34,5.89,428.62,20.37,3.92,0.008,0.123,1.97,,,2026-09-15 02:25:51
安徽省,长江流域,水口,2026-09-15 01:00,3,26.58,7.85,7.77,672.972,62.4823,5.1,,0.165,,,,2026-09-15 02:25:51
安徽省,长江流域,乌衣下,2026-09-15 01:00,4,28.29,8.56,15.13,736.02,14.73,6.57,0.019,0.06,3.07,,,2026-09-15 02:25:51
安徽省,长江流域,襄河大桥,2026-09-15 01:00,4,26.61,7.29,3.58,709.3291,36.1613,4.28,0.096,0.082,0.846,,,2026-09-15 02:25:51
安徽省,长江流域,清流河口,2026-09-15 01:00,3,27.0537,8.41,10.17,460.482,40.21409,5.01,0.064,0.136,0.8675,,,2026-09-15 02:25:51
安徽省,淮河流域,阜阳段下,2026-09-15 01:00,2,25.8965,8.1,7.17,876.0193,12.35282,3.25,0.03,0.078,4.33489,,,2026-09-15 02:25:51
安徽省,淮河流域,杨湖,2026-09-15 01:00,3,27.34623,8.09,8.05,751.1689,6.29413,2.28,0.06,0.132,3.92122,,,2026-09-15 02:25:51
安徽省,淮河流域,张大桥,2026-09-15 01:00,3,25.719,7.95,9.03,1498.84,73.15,4.22,0.169,0.102,9.6425,,,2026-09-15 02:25:51
安徽省,淮河流域,王家坝,2026-09-15 01:00,3,26.067,8.11,8.43,492.5,18.258,3.98,0.07,0.166,2.814,,,2026-09-15 02:25:51
安徽省,淮河流域,界首七渡口,2026-09-15 01:00,3,26.97,7.66,7.16,833.6,18.11,2.75,0.218,0.119,5.229,,,2026-09-15 02:25:51
安徽省,淮河流域,阜南,2026-09-15 01:00,3,25.71,7.92,7.89,630.3456,2.6224,4.54,0.013,0.062,0.66497,,,2026-09-15 02:25:51
安徽省,淮河流域,奎河苏皖省界,2026-09-15 01:00,3,24.79,7.85,8.42,1036.4,51.7,5.47,0.035,0.108,4.284,,,2026-09-15 02:25:51
安徽省,淮河流域,东坪集,2026-09-15 01:00,3,26.04,7.95,6.05,1202.799,21.36124,4.1,0.259,0.07,4.11209,,,2026-09-15 02:25:51
安徽省,淮河流域,符离闸,2026-09-15 01:00,4,25.44512,8.33,7.06,952.1812,35.48167,8.34,0.027,0.106,1.13494,,,2026-09-15 02:25:51
安徽省,淮河流域,芦岭桥,2026-09-15 01:00,3,25.88,8.5,7.53,1134.662,10.97,5.11,0.058,0.054,0.9313,,,2026-09-15 02:25:51
安徽省,淮河流域,工农兵大桥,2026-09-15 01:00,3,25.53708,8.06,10.05,311.7989,11.76807,4.46,0.056,0.052,0.757,,,2026-09-15 02:25:51
安徽省,淮河流域,陶洪集,2026-09-15 01:00,2,25.38081,7.25,9.1,75.77968,20.84019,2.34,0.022,0.039,1.4304,,,2026-09-15 02:25:51
安徽省,淮河流域,东湖闸,2026-09-15 01:00,3,24.17,7.3,6.49,217.2093,101.4491,2.69,0.08,0.142,1.33768,,,2026-09-15 02:25:51
安徽省,淮河流域,新安渡口,2026-09-15 01:00,6,26.91,9.51,12.43,157.3467,8.99526,4.06,0.009,0.036,1.48465,,,2026-09-15 02:25:51
安徽省,淮河流域,响洪甸水库出水口,2026-09-15 01:00,4,21.28,6.95,4.78,95.51007,1.29983,1.91,0.004,0.01,0.97945,,,2026-09-15 02:25:51
安徽省,淮河流域,丁埠大桥,2026-09-15 01:00,6,26.46057,9.11,9.97,137.4709,18.29359,2.89,0.005,0.033,0.168,,,2026-09-15 02:25:51
安徽省,巢湖流域,将军宕大桥,2026-09-15 01:00,2,26.65,6.85,6.53,106.768,18.878,2.65,0.067,0.035,0.946,,,2026-09-15 02:25:51
安徽省,淮河流域,固始李畈,2026-09-15 01:00,2,26.47,7.49,11.36,244.0822,2.08263,1.71,0.007,0.024,1.57281,,,2026-09-15 02:25:51
安徽省,淮河流域,涡阳义门大桥,2026-09-15 01:00,5,26.6,7.68,2.65,1190.312,12.6397,7.75,1.226,0.108,6.8906,,,2026-09-15 02:25:51
安徽省,淮河流域,利辛段,2026-09-15 01:00,3,26.6,8.05,9.59,1013.34,4.37,5.8,0.026,0.1,2.636,,,2026-09-15 02:25:51
安徽省,长江流域,五步沟,2026-09-15 01:00,2,26.60886,7.91,7.25,241.3591,35.62864,1.95,0.055,0.053,2.30782,,,2026-09-15 02:25:51
安徽省,长江流域,张溪,2026-09-15 01:00,2,27.07,7.75,7.25,226.696,2.91858,1.14,0.006,0.009,0.51137,,,2026-09-15 02:25:51
安徽省,长江流域,青通河河口,2026-09-15 01:00,3,27.74247,7.57,5.28,238.1843,54.57308,2.62,0.069,0.053,1.96734,,,2026-09-15 02:25:51
安徽省,长江流域,秋浦河入江口,2026-09-15 01:00,2,27.282,7.8,6.05,241.3016,24.34253,1.51,0.014,0.024,0.9425,,,2026-09-15 02:25:51
安徽省,长江流域,东流,2026-09-15 01:00,5,26.93,7.23,2.79,189.5781,28.36403,1.81,0.06,0.035,1.62938,,,2026-09-15 02:25:51
安徽省,长江流域,南漪湖西湖湖心,2026-09-15 02:00,4,26.85,7.76,6.83,168.07,40.28,3.65,,0.058,0.666,0.01148,2902608,2026-09-15 02:25:51
安徽省,太湖流域,殷桥,2026-09-15 01:00,5,27.57852,7.15,2.6,280.3654,39.07122,7.07,0.001,0.084,2.75345,,,2026-09-15 02:25:51
安徽省,长江流域,泾南交界,2026-09-15 01:00,2,25.07,7.59,6.95,139.5673,7.3571,1.57,0.009,0.02,0.6418,,,2026-09-15 02:25:51
安徽省,长江流域,汪溪,2026-09-15 01:00,2,25.87,7.73,7.87,186.9308,6.1203,0.85,0.03,0.025,1.0827,,,2026-09-15 02:25:51
安徽省,长江流域,狮子口,2026-09-15 01:00,3,26.97,8.27,9.12,712.828,9.103,4.08,,0.053,1.9725,,,2026-09-15 02:25:51
安徽省,长江流域,东村桥,2026-09-15 01:00,3,24.93529,7.5,5.8,421.26,3.74697,2.03,0.013,0.046,0.81748,,,2026-09-15 02:25:51
安徽省,长江流域,旌泾交界,2026-09-15 01:00,2,25.782,7.93,7.26,183.608,7.406,1.84,0.002,0.06,0.666,,,2026-09-15 02:25:51
安徽省,长江流域,水碧桥,2026-09-15 01:00,3,25.82,7.22,5.81,215.5434,9.28142,1.61,0.008,0.032,1.66437,,,2026-09-15 02:25:51
福建省,浙闽片河流,闽侯竹岐,2026-09-15 01:00,2,26.96,6.85,7.28,91.03,26.3,1.92,0.005,0.04,1.219,,,2026-09-15 02:25:51
福建省,浙闽片河流,闽安,2026-09-15 01:00,3,27.85,7.09,5.43,2516.4,1844.55,3.12,0.097,0.17,1.918,,,2026-09-15 02:25:51
福建省,浙闽片河流,连江荷山渡口,2026-09-15 02:00,2,25.613,6.95,7.57,50.05,24.263,1.63,0.029,0.053,0.611,,,2026-09-15 02:25:51
福建省,浙闽片河流,永泰横龙,2026-09-15 01:00,2,24.229,7.24,8.06,36.628,12.112,1.04,0.009,0.034,0.559,,,2026-09-15 02:25:51
福建省,浙闽片河流,闽清雄江,2026-09-15 01:00,2,28.94,7.49,6.94,103.378,4.68,2.23,0.01,0.032,1.16,,,2026-09-15 02:25:51
福建省,浙闽片河流,梅溪口,2026-09-15 02:00,2,24.04,7.41,9.3,82.47,18.93,1.84,0.043,0.056,0.856,,,2026-09-15 02:25:51
福建省,浙闽片河流,隘头潭,2026-09-15 01:00,3,27.49,6.37,5.85,131.618,2.718,0.56,0.002,0.017,0.9565,,,2026-09-15 02:25:51
福建省,浙闽片河流,将乐万全,2026-09-15 01:00,3,26.821,6.93,5.09,63.765,2.224,1.62,0.044,0.039,1.029,,,2026-09-15 02:25:51
福建省,浙闽片河流,宁化肖家,2026-09-15 01:00,2,25.847,7.07,7.78,79.435,7.083,1.25,0.04,0.065,0.91,,,2026-09-15 02:25:51
福建省,浙闽片河流,永安安砂水库下游,2026-09-15 01:00,3,24.967,6.52,5.37,64.74,9.758,1.74,0.038,0.054,1.007,,,2026-09-15 02:25:51
福建省,浙闽片河流,永安贡川桥,2026-09-15 00:00,2,25.44,6.86,6.13,104.19,14.75,1.72,0.051,0.057,1.225,,,2026-09-15 02:25:51
福建省,浙闽片河流,斑竹溪渡口,2026-09-15 01:00,2,26.28,6.88,6.82,122.691,8.372,1.72,0.022,0.051,1.336,,,2026-09-15 02:25:51
福建省,浙闽片河流,建宁袁庄,2026-09-15 01:00,2,24.928,7.06,10.78,66.518,29.996,1.13,0.018,0.052,0.999,,,2026-09-15 02:25:51
福建省,浙闽片河流,大田高才,2026-09-15 02:00,1,28.89,8.83,8.58,87.89,2.531,1.95,0.053,0.019,0.488,,,2026-09-15 02:25:51
福建省,浙闽片河流,尤溪拥口大桥,2026-09-15 01:00,2,23.74,7.21,7.19,107.587,32.881,0.93,0.039,0.042,1.1434,,,2026-09-15 02:25:51
福建省,浙闽片河流,南安康美桥,2026-09-15 01:00,4,26.03,7.02,7.61,80.672,109.801,0.64,0.143,0.288,0.7786,,,2026-09-15 02:25:51
福建省,浙闽片河流,永春东关桥,2026-09-15 01:00,2,24.44,6.23,6.62,86.84692,44.93624,1.22,0.096,0.049,2.373,,,2026-09-15 02:25:51
福建省,浙闽片河流,安溪罗内桥,2026-09-15 01:00,2,24.852,7.17,7.96,77.11,42.05,1.27,0.188,0.046,3.427,,,2026-09-15 02:25:51
福建省,浙闽片河流,南安霞东桥,2026-09-15 01:00,3,26.47,7.08,7.1,115.972,28.314,0.54,0.273,0.116,1.935,,,2026-09-15 02:25:51
福建省,浙闽片河流,华安西陂,2026-09-15 02:00,2,24.71329,7.06,8.57,159.1476,29.93574,1.11,0.007,0.073,1.011,,,2026-09-15 02:25:51
福建省,浙闽片河流,南靖靖城桥,2026-09-15 02:00,2,27.23,7.29,7.79,,,1.22,0.111,0.031,6.593,,,2026-09-15 02:25:51
福建省,浙闽片河流,诏安澳子头,2026-09-15 02:00,2,28.33,7.57,8.25,92.179,4.933,0.76,0.085,0.089,1.9275,,,2026-09-15 02:25:51
福建省,浙闽片河流,南靖洪濑汤坑桥,2026-09-15 01:00,2,27.317,6.43,7.53,220.4,17.002,0.79,0.048,0.044,15.375,,,2026-09-15 02:25:51
福建省,浙闽片河流,浦南水文站,2026-09-15 02:00,2,26.00427,7.2,7.8,131,29.766,0.53,0.113,0.044,1.266,,,2026-09-15 02:25:51
福建省,浙闽片河流,南溪浮宫桥,2026-09-15 02:00,1,29.86,7.94,7.62,,18.576,1.52,,,,,,2026-09-15 02:25:51
福建省,浙闽片河流,上坂,2026-09-15 02:00,3,27.49,6.36,5.84,155.316,44.157,1,0.496,0.15,4.8545,,,2026-09-15 02:25:51
福建省,浙闽片河流,云霄高塘渡口,2026-09-15 02:00,3,27.98,6.63,6.74,112.237,17.25,0.74,0.185,0.131,5.0117,,,2026-09-15 02:25:51
福建省,浙闽片河流,水汾桥,2026-09-15 01:00,2,27.11,6.96,6.5,165.07,7.54,1.37,0.034,0.037,1.156,,,2026-09-15 02:25:51
福建省,浙闽片河流,十里庵,2026-09-15 01:00,2,28.6,6.66,6.57,94.31,6.79,1.26,0.024,0.056,1.417,,,2026-09-15 02:25:51
福建省,浙闽片河流,邵武晒口桥,2026-09-15 01:00,2,27.23,7.23,7.36,131.7,8,1.07,0.022,0.036,0.989,,,2026-09-15 02:25:51
福建省,浙闽片河流,武夷山兴田,2026-09-15 01:00,2,26.90059,6.89,7.1,42.83028,21.80669,1.57,0.021,0.013,0.58865,,,2026-09-15 02:25:51
福建省,浙闽片河流,建瓯蓬墩,2026-09-15 01:00,2,29.006,6.97,6.25,60.38,7.04,1.37,0.15,0.033,1.026,,,2026-09-15 02:25:51
福建省,浙闽片河流,浪石,2026-09-15 01:00,2,28.11,6.7,6.06,83.268,2.426,1.6,0.068,0.053,1.158,,,2026-09-15 02:25:51
福建省,浙闽片河流,将乐樟应,2026-09-15 01:00,3,27.42121,6.83,5.45,66.249,2.08322,1.82,,0.027,0.843,,,2026-09-15 02:25:51
福建省,浙闽片河流,建阳坪州大桥,2026-09-15 01:00,2,28.17,7.16,8.44,110.71,6.868,1.83,0.019,0.04,1.078,,,2026-09-15 02:25:51
福建省,浙闽片河流,政和西津,2026-09-15 01:00,2,28.932,7.09,7.05,92.576,18.076,2.09,0.06,0.027,1.136,,,2026-09-15 02:25:51
福建省,浙闽片河流,雁石桥,2026-09-15 02:00,2,27.43,7.65,8.47,290.567,34.635,0.72,0.076,0.042,1.431,,,2026-09-15 02:25:51
福建省,珠江流域,长汀美西桥,2026-09-15 02:00,2,25.32,7.01,7.47,118.677,10.406,1.36,0.087,0.076,0.8727,,,2026-09-15 02:25:51
福建省,浙闽片河流,福安赛岐,2026-09-15 01:00,3,26.33,7,5.28,1568.61,115.08,3.07,0.06,0.089,1.466,,,2026-09-15 02:25:51
福建省,浙闽片河流,八都,2026-09-15 01:00,2,24.49,6.81,8.56,37.698,6.478,1.85,0.013,0.05,0.859,,,2026-09-15 02:25:51
福建省,浙闽片河流,古田黄田,2026-09-15 01:00,2,28.75,7.05,6.27,86.961,10.093,2.16,0.048,0.052,1.262,,,2026-09-15 02:25:51
福建省,浙闽片河流,福安洪口,2026-09-15 02:00,2,24.74,7.04,8.71,40.72,22.06,0.88,0.037,0.048,0.943,,,2026-09-15 02:25:51
江西省,长江流域,周坊,2026-09-15 01:00,2,25.45,7.04,7.74,105.757,23.62155,1.48,0.01,0.057,1.34389,,,2026-09-15 02:25:51
江西省,长江流域,大港,2026-09-15 01:00,2,26.64,7.42,8.11,130.2,39.07,1.81,0.08,0.058,1.596,,,2026-09-15 02:25:51
江西省,长江流域,生米,2026-09-15 02:00,2,25.087,6.72,7.95,116.511,14.121,1.67,0.042,0.063,1.035,,,2026-09-15 02:25:51
江西省,长江流域,滁槎,2026-09-15 01:00,2,26.38,6.32,6.36,124.46,23.78,1.85,0.054,0.065,2.115,,,2026-09-15 02:25:51
江西省,长江流域,塔城,2026-09-15 02:00,2,27.39,8.35,7.65,89.26,47.99,2.3,0.047,0.07,1.353,,,2026-09-15 02:25:51
江西省,长江流域,八一桥,2026-09-15 02:00,2,27.37,7.46,7.56,113.111,28.761,1.89,0.101,0.064,0.9367,,,2026-09-15 02:25:51
江西省,长江流域,焦石坝,2026-09-15 01:00,2,26.04,7.41,7.3,93.39,17,2.27,0.096,0.043,1.2495,,,2026-09-15 02:25:51
江西省,长江流域,鲇鱼山,2026-09-15 01:00,2,29.82,7.66,7.2,187.23,5.06,1.56,0.032,0.041,1.291,,,2026-09-15 02:25:51
江西省,长江流域,戴村,2026-09-15 01:00,2,29.728,7.26,6.64,595.221,12.51,1.21,0.069,0.021,0.702,,,2026-09-15 02:25:51
江西省,长江流域,南河河口,2026-09-15 01:00,4,27.99,6.82,4.02,240.71,5.33,1.93,0.135,0.122,2.255,,,2026-09-15 02:25:51
江西省,长江流域,镇埠,2026-09-15 02:00,2,27.63,6.92,6.3,97.3,0.06,1.84,0.012,0.02,0.519,,,2026-09-15 02:25:51
江西省,长江流域,龙山口,2026-09-15 02:00,2,25.59,8.35,7.75,260.13,5.063,1.56,0.002,0.025,0.6348,,,2026-09-15 02:25:51
江西省,长江流域,桐车湾,2026-09-15 02:00,2,26.15,7.99,6.94,341.327,2.36,1.78,0.055,0.08,1.8103,,,2026-09-15 02:25:51
江西省,长江流域,金鱼石,2026-09-15 01:00,2,26.47,7.72,7.34,289.7,5.18,0.88,0.009,0.058,1.718,,,2026-09-15 02:25:51
江西省,长江流域,邓家洲,2026-09-15 01:00,2,26.95,8.01,10.43,522.1027,5.27028,1.57,0.002,0.077,2.00158,,,2026-09-15 02:25:51
江西省,长江流域,吴城修河,2026-09-15 01:00,2,27.236,7.36,8.17,107.39,15.75,1.83,0.012,0.023,0.651,,,2026-09-15 02:25:51
江西省,长江流域,姚港,2026-09-15 01:00,2,26.44,7.8,7.75,353.92,19.65,1.5,0.044,0.069,1.446,,,2026-09-15 02:25:51
江西省,长江流域,湖口,2026-09-15 02:00,2,26.3652,7.87,7.38,319.26,24.78,2.18,0.018,0.065,2.009,,,2026-09-15 02:25:51
江西省,长江流域,蛤蟆石,2026-09-15 02:00,3,26.12,7.07,7.7,108.7,36.54,2.4,,0.047,1.96,0.00092,269665.6,2026-09-15 02:25:51
江西省,长江流域,都昌,2026-09-15 01:00,3,26.16,7.02,6.47,130.51,63.07,3.09,,0.034,1.138,0.02572,1.922,2026-09-15 02:25:51
江西省,长江流域,潦河河口,2026-09-15 01:00,2,27.12,7.04,7.15,123.84,19.033,2.12,0.037,0.043,0.7334,,,2026-09-15 02:25:51
江西省,长江流域,三都,2026-09-15 01:00,2,27.06,7.2,8.78,110.26,2.12,1.98,0.019,0.036,0.765,,,2026-09-15 02:25:51
江西省,长江流域,柘林湖坝上,2026-09-15 01:00,1,27.634,7.99,9.54,99.26,1.666,2,,0.009,0.536,,,2026-09-15 02:25:51
江西省,长江流域,洋港镇,2026-09-15 01:00,2,24.065,7.48,6.25,328.315,1.857,0.43,0.007,0.007,0.82039,,,2026-09-15 02:25:51
江西省,长江流域,修水界上桥,2026-09-15 01:00,3,27.5,8.8,5.47,131.739,3.896,2.6,0.01,0.063,0.95601,,,2026-09-15 02:25:51
江西省,长江流域,共青城寨下,2026-09-15 01:00,2,28.1,7.81,6.02,476.5,18.3,3.13,0.12,0.057,1.549,,,2026-09-15 02:25:51
江西省,长江流域,罗坊,2026-09-15 02:00,2,27.73,7.5,7.1,238.391,21.567,3.25,0.115,0.096,1.3702,,,2026-09-15 02:25:51
江西省,长江流域,孔目江江口,2026-09-15 02:00,2,28.48,7.41,7.02,355.795,25.22,3.37,0.3,0.082,1.2816,,,2026-09-15 02:25:51
江西省,长江流域,浮桥,2026-09-15 02:00,2,27.31,7.68,6.78,186.051,9.408,3.21,0.095,0.068,1.328,,,2026-09-15 02:25:51
江西省,长江流域,傣家村,2026-09-15 02:00,3,27.94,,8.24,174.19,6.621,4.61,0.09,0.045,0.6818,0.02094,2.233029,2026-09-15 02:25:51
江西省,长江流域,炭埠周家,2026-09-15 01:00,2,27.13,7.02,9.66,117.85,4.28,1.75,,0.043,1.057,,,2026-09-15 02:25:51
江西省,长江流域,白塔河河口,2026-09-15 01:00,2,27.2,6.72,6.09,81.909,4.718,1.8,0.07,0.044,0.5653,,,2026-09-15 02:25:51
江西省,长江流域,土桥,2026-09-15 02:00,2,27.86,7.32,6.97,128.635,3.282,2.45,0.033,0.044,0.9452,,,2026-09-15 02:25:51
江西省,长江流域,流口村,2026-09-15 01:00,2,28.84,7.02,6.93,130.0041,8.874511,1.86,,0.053,1.173317,,,2026-09-15 02:25:51
江西省,长江流域,市自来水厂,2026-09-15 01:00,2,26.3,7.1,7.9,94.94,10.86,0.3,0.117,0.042,0.7365,,,2026-09-15 02:25:51
江西省,长江流域,新庙前,2026-09-15 01:00,2,27.27,7.15,6.79,110.578,28.77,1.23,0.018,0.053,1.3964,,,2026-09-15 02:25:51
江西省,长江流域,峡山,2026-09-15 02:00,3,28.05,7.36,6.99,101.641,4.439,1.41,0.173,0.112,1.0805,,,2026-09-15 02:25:51
江西省,长江流域,梅江江口,2026-09-15 01:00,2,29.08,7.16,7.18,98.254,13.293,1.54,0.133,0.081,0.9373,,,2026-09-15 02:25:51
江西省,长江流域,平江江口,2026-09-15 02:00,2,27.55,7.24,6.82,115.975,13,1.71,0.099,0.047,0.7476,,,2026-09-15 02:25:51
江西省,长江流域,上犹江江口,2026-09-15 02:00,2,25.58,6.93,7.53,72.286,16.529,1.7,0.114,0.024,0.5841,,,2026-09-15 02:25:51
江西省,长江流域,龙南自来水厂,2026-09-15 02:00,2,26.46,7.35,7.49,395.506,4.333,0.96,0.032,0.022,0.8247,,,2026-09-15 02:25:51
江西省,长江流域,桃江江口,2026-09-15 01:00,2,26.53,7.16,6.45,154.399,14.349,0.87,0.109,0.058,1.9613,,,2026-09-15 02:25:51
江西省,长江流域,大余城郊,2026-09-15 01:00,2,24.77,7.17,9.02,81.557,9.677,1.01,0.188,0.031,0.9183,,,2026-09-15 02:25:51
江西省,长江流域,汝城多发电站,2026-09-15 01:00,2,21.94,7.04,8.39,61.17,5.25,0.82,,0.025,0.614,,,2026-09-15 02:25:51
江西省,珠江流域,兴宁电站,2026-09-15 01:00,6,29.12,9.1,16.5,67.472,3.943085,2.27,0.009,0.03,2.183626,,,2026-09-15 02:25:51
江西省,长江流域,通津,2026-09-15 02:00,2,25.99,7.16,7.14,86.466,33.643,1.14,0.117,0.071,0.9297,,,2026-09-15 02:25:51
江西省,长江流域,金滩,2026-09-15 01:00,2,27.05,7.12,6.64,96.92,22.355,1.08,0.18,0.069,1.0654,,,2026-09-15 02:25:51
江西省,长江流域,孤江江口,2026-09-15 01:00,2,28.04,7.28,7.21,71.024,9.749,2.19,0.053,0.049,0.6199,,,2026-09-15 02:25:51
江西省,长江流域,禾水河口,2026-09-15 01:00,2,27.75,7.37,7.02,122.592,16.524,1.58,0.144,0.046,0.8032,,,2026-09-15 02:25:51
江西省,长江流域,蜀水河口,2026-09-15 01:00,2,26.56,7.12,7.67,72.559,23.156,0.65,0.189,0.065,0.8182,,,2026-09-15 02:25:51
江西省,长江流域,遂川江江口,2026-09-15 01:00,3,26.04,7.27,7.36,78.446,74.001,1.21,0.064,0.133,1.3202,,,2026-09-15 02:25:51
江西省,长江流域,乌江江口,2026-09-15 02:00,2,27.77,7.51,7.22,136.345,8.45,1.28,0.094,0.05,0.8265,,,2026-09-15 02:25:51
江西省,长江流域,棚下,2026-09-15 01:00,2,26.08,7.28,7.54,140.0359,9.06,2.01,0.047,0.056,1.038,,,2026-09-15 02:25:51
江西省,长江流域,丰城小港口,2026-09-15 01:00,2,27.326,7.28,9.13,96.86,54.4095,1.67,0.015,0.059,1.2278,,,2026-09-15 02:25:51
江西省,长江流域,高安市青州村,2026-09-15 01:00,2,28.51,7.94,8.04,189.48,5.08,1.9,0.009,0.056,1.251,,,2026-09-15 02:25:51
江西省,长江流域,良田村,2026-09-15 01:00,2,25.3,7.94,8.06,207.82,2.97,1.84,0.004,0.058,1.187,,,2026-09-15 02:25:51
江西省,长江流域,三洪村,2026-09-15 01:00,2,27.83,7.03,7.8,93.74,17.31,1.43,0.011,0.038,0.824,,,2026-09-15 02:25:51
江西省,长江流域,肖江江口,2026-09-15 01:00,3,27.279,7.15,5.89,199.708,19.698,2.49,0.035,0.065,1.296,,,2026-09-15 02:25:51
江西省,长江流域,修河港口,2026-09-15 01:00,1,26.01,7.15,8.4,42.43,3,0.44,,0.006,0.331,,,2026-09-15 02:25:51
江西省,长江流域,超坊,2026-09-15 02:00,2,27.16,7.78,7.59,90.137,19.338,2.28,0.193,0.059,0.8896,,,2026-09-15 02:25:51
江西省,长江流域,钟岭水厂,2026-09-15 01:00,2,28.05,7.37,7.02,72.51,16.59,2.67,,0.052,0.9549,,,2026-09-15 02:25:51
江西省,长江流域,临水河口,2026-09-15 01:00,2,26.03,6.97,8.01,80.53,7.86,1.94,0.08,0.054,0.879,,,2026-09-15 02:25:51
江西省,长江流域,赵家湾,2026-09-15 01:00,2,28.937,7.14,6.2,240.364,26.2273,1.68,0.019,0.03,1.023,,,2026-09-15 02:25:51
江西省,长江流域,康山,2026-09-15 01:00,4,26.77,6.64,6.6,109.8,64.89,3.28,0.195,0.095,1.187,0.013,762000,2026-09-15 02:25:51
江西省,长江流域,野鸡山村,2026-09-15 01:00,2,29.21,7.57,8.52,688.6,4.47,2.27,0.045,0.031,0.673,,,2026-09-15 02:25:51
江西省,长江流域,瑞洪大桥,2026-09-15 01:00,4,30.49,6.83,4.72,117.94,23.36,1.98,0.001,0.043,0.863,,,2026-09-15 02:25:51
江西省,长江流域,弋阳,2026-09-15 01:00,2,28.23,7.53,7.58,131.3,2.81,1.47,,0.055,0.934,,,2026-09-15 02:25:51
江西省,长江流域,鄱阳花园,2026-09-15 02:00,2,28.49,7.68,7.94,159.31,5.86,2.45,0.028,0.014,1.558,,,2026-09-15 02:25:51
江西省,长江流域,洎水河河口,2026-09-15 01:00,2,29.62,6.99,6.06,554.76,9.36,2.01,0.051,0.036,1.279,,,2026-09-15 02:25:51
江西省,长江流域,铅山,2026-09-15 01:00,2,29.09,7.57,8.49,168.29,5.09,2.38,0.08,0.084,1.055,,,2026-09-15 02:25:51
江西省,长江流域,旗山,2026-09-15 01:00,2,28.6,7.39,7.24,135.01,6.14,1.71,0.038,0.062,1.033,,,2026-09-15 02:25:51
江西省,长江流域,应家坊,2026-09-15 01:00,2,28.68,7.23,6.97,163.73,3.7,1.82,0.066,0.086,1.267,,,2026-09-15 02:25:51
山东省,淮河流域,辛丰庄,2026-09-15 01:00,2,24.505,7.95,13.83,1150.63,17.702,3.2,0.05,0.016,7.072,,,2026-09-15 02:25:51
山东省,黄河流域,泺口,2026-09-15 01:00,2,24.13,8.32,8.09,674.4,162.71,2.25,0.097,0.091,2.756,,,2026-09-15 02:25:51
山东省,淮河流域,睦里庄,2026-09-15 01:00,3,22.431,7.4,5.07,755.145,8.472,2.55,0.025,0.043,1.166,,,2026-09-15 02:25:51
山东省,黄河流域,卧虎山水库,2026-09-15 01:00,1,22.51,8.05,9.18,523.29,5.996,1.72,0.001,0.013,3.698,,,2026-09-15 02:25:51
山东省,淮河流域,斜拉桥,2026-09-15 01:00,4,24.289,8.69,8.07,850.455,25.518,6.64,0.15,0.057,1.152,,,2026-09-15 02:25:51
山东省,淮河流域,马连庄,2026-09-15 01:00,2,22.361,7.74,9.34,967.78,4.512,2.33,,0.012,16.251,,,2026-09-15 02:25:51
山东省,淮河流域,吉利河水库出口,2026-09-15 01:00,3,23.16,8.52,6.88,338.315,10.663,5.12,0.015,0.049,0.723,,,2026-09-15 02:25:51
山东省,淮河流域,墨水河入海口,2026-09-15 01:00,4,25.82,7.92,9.39,2172.14,,6.32,0.045,0.182,7.773,,,2026-09-15 02:25:51
山东省,淮河流域,韩旺大桥,2026-09-15 01:00,2,23.195,7.76,7.84,863.58,1.661,2.02,0.012,0.009,24.24,,,2026-09-15 02:25:51
山东省,淮河流域,台儿庄大桥,2026-09-15 01:00,2,25.76,7.99,6.7,1260.04,57.31,3.38,0.172,0.076,2.288,,,2026-09-15 02:25:51
山东省,淮河流域,群乐桥,2026-09-15 01:00,3,20.41,7.87,7.33,2075.17,48.603,4.78,0.02,0.076,2.98,,,2026-09-15 02:25:51
山东省,淮河流域,王晁桥,2026-09-15 01:00,4,23.571,7.74,4.08,1118.1,18.677,,0.053,0.136,5.729,,,2026-09-15 02:25:51
山东省,淮河流域,十字河大桥,2026-09-15 01:00,3,24.855,7.8,7.46,1295.34,5.072,4.76,0.003,0.031,0.404,,,2026-09-15 02:25:51
山东省,淮河流域,贾庄闸,2026-09-15 01:00,2,24.79,7.89,6.89,1337.55,11.181,3.95,0.007,0.1,5.437,,,2026-09-15 02:25:51
山东省,淮河流域,新夹河大桥,2026-09-15 01:00,2,21.64449,8.89,7.48,836.918,1.96094,3.74,0.044,0.011,1.71632,,,2026-09-15 02:25:51
山东省,淮河流域,桥头,2026-09-15 01:00,4,22.22,8.81,10.11,847.737,24.49,9.17,0.22,0.213,5.016,,,2026-09-15 02:25:51
山东省,淮河流域,东村河入海口,2026-09-15 01:00,3,21.756,7.3,12.52,734.866,26.165,5.88,0.037,0.086,1.877,,,2026-09-15 02:25:51
山东省,淮河流域,羊口,2026-09-15 01:00,6,24.074,7.81,1.27,4307.355,63.46,4.77,0.155,0.193,4.184,,,2026-09-15 02:25:51
山东省,淮河流域,峡山水库库中,2026-09-15 02:00,5,24.6,8.82,9.63,752.09,48.41,11.11,,0.029,0.367,0.02294,1.229316,2026-09-15 02:25:51
山东省,淮河流域,柳疃桥,2026-09-15 01:00,3,24.807,7.72,10.62,1451.004,29.71,5.14,0.032,0.082,6.459,,,2026-09-15 02:25:51
山东省,淮河流域,张建桥,2026-09-15 01:00,2,24.093,7.9,9.28,2629.608,3.805,3.4,0.066,0.05,12.233,,,2026-09-15 02:25:51
山东省,淮河流域,兖州南大桥,2026-09-15 01:00,3,25.284,7.86,8.94,1056.38,6.631,4.07,0.026,0.06,1.0792,,,2026-09-15 02:25:51
山东省,淮河流域,105公路桥,2026-09-15 01:00,4,25.979,7.71,3.38,1560.5,40.423,4.8,0.096,0.136,2.417,,,2026-09-15 02:25:51
山东省,淮河流域,高河桥,2026-09-15 01:00,4,26.356,8.63,9.34,1486.75,20.807,6.01,0.01,0.079,1.432,,,2026-09-15 02:25:51
山东省,淮河流域,西石佛,2026-09-15 01:00,4,25.434,7.53,4.11,1257,36.565,3.93,0.064,0.045,3.077,,,2026-09-15 02:25:51
山东省,淮河流域,老运河微山段,2026-09-15 01:00,4,26.239,7.87,4.66,1308.9,13.979,3.89,0.086,0.034,1.063,,,2026-09-15 02:25:51
山东省,淮河流域,李集,2026-09-15 01:00,3,24.722,8.35,7.21,1120.5,17.344,4.06,0.012,0.067,1.622,,,2026-09-15 02:25:51
山东省,淮河流域,尹沟,2026-09-15 01:00,2,25.13,8.23,7.88,939.14,24.05,3.58,0.186,0.034,0.89,0.04,,2026-09-15 02:25:51
山东省,淮河流域,西支河入湖口,2026-09-15 01:00,3,26.737,8.58,10.79,1328.46,16.584,5.92,0.011,0.033,1.084,,,2026-09-15 02:25:51
山东省,淮河流域,东石佛,2026-09-15 01:00,3,25.105,7.98,7.6,1187.675,9.379,4.03,0.012,0.021,1.188,,,2026-09-15 02:25:51
山东省,淮河流域,西姚,2026-09-15 01:00,4,25.864,7.9,3.1,1307.5,25.845,3.38,0.172,0.2,2.251,,,2026-09-15 02:25:51
山东省,淮河流域,鲁桥,2026-09-15 01:00,3,25.744,8.08,6.65,1567.11,27.791,5.56,0.015,0.072,0.817,,,2026-09-15 02:25:51
山东省,淮河流域,牛庄闸,2026-09-15 01:00,2,26.127,8.45,10.12,956.437,8.367,3.5,0.03,0.0004,0.971,,,2026-09-15 02:25:51
山东省,淮河流域,湘子庙,2026-09-15 01:00,5,25.08,8.19,2.28,1669.16,85.304,4.8,0.095,0.255,3.11159,,,2026-09-15 02:25:51
山东省,黄河流域,戴村坝,2026-09-15 01:00,2,26.49,7.56,6.16,876.65,3.64,2.26,0.086,0.015,2.762,,,2026-09-15 02:25:51
山东省,黄河流域,徐家汶,2026-09-15 01:00,2,24.04961,7.98,9.09,1338.676,35.965,1.17,0.032,0.06,39.18024,,,2026-09-15 02:25:51
山东省,淮河流域,南桥,2026-09-15 02:00,3,23.609,8.33,7.39,1371.97,32.185,5.99,0.136,0.093,1.365,,,2026-09-15 02:25:51
山东省,淮河流域,大古镇,2026-09-15 01:00,3,25.53,7.33,10.04,888.15,21.82,4.41,0.001,0.08,5.275,,,2026-09-15 02:25:51
山东省,淮河流域,夏庄,2026-09-15 01:00,5,23.91,8.71,9.45,1181.8,19.5,12.23,0.029,0.2,3.21196,,,2026-09-15 02:25:51
山东省,黄河流域,贺小庄,2026-09-15 02:00,2,24.475,7.73,7.74,825.315,12.89,3.8,0.094,0.031,1.421,,,2026-09-15 02:25:51
山东省,淮河流域,临沂北大桥,2026-09-15 01:00,6,23.93,9.02,12.26,449.35,24.785,8.5,0.014,0.087,2.153,,,2026-09-15 02:25:51
山东省,淮河流域,捷庄,2026-09-15 01:00,4,25.76,7.74,28.92,735.917,14.238,8.68,0.067,0.104,1.236,,,2026-09-15 02:25:51
山东省,淮河流域,临沭大兴桥,2026-09-15 01:00,4,24.63,7.22,11.69,628.907,11.062,6.26,0.003,0.082,0.84,,,2026-09-15 02:25:51
山东省,淮河流域,310公路桥,2026-09-15 01:00,6,23.59,7.23,1.57,816.12,5.11,3.62,0.047,0.084,0.243,,,2026-09-15 02:25:51
山东省,淮河流域,沙沟桥,2026-09-15 01:00,4,21.98,7.45,4.77,779.45,4.93,3.76,0.111,0.063,3.977,,,2026-09-15 02:25:51
山东省,淮河流域,云蒙湖湖心,2026-09-15 01:00,3,21.75,,11.26,417.1,2.11,5.11,0.004,0.027,2.973,0.02009,7357080,2026-09-15 02:25:51
山东省,海河流域,第三店,2026-09-15 01:00,2,24.994,8.48,11.92,880.207,37.556,3.64,0.022,0.036,3.038,,,2026-09-15 02:25:51
山东省,海河流域,董姑桥,2026-09-15 02:00,3,23.76,8.04,5.14,1126,40.055,3.48,0.07,0.007,0.694,,,2026-09-15 02:25:51
山东省,海河流域,油坊桥,2026-09-15 02:00,3,23.997,8.04,6.58,974.352,96.455,2.53,0.124,0.125,4.345,,,2026-09-15 02:25:51
山东省,海河流域,秤勾湾,2026-09-15 01:00,3,24.02,8.13,7.19,1124.28,120.31,2.43,0.752,0.111,6.2696,,,2026-09-15 02:25:51
山东省,海河流域,北湖,2026-09-15 02:00,2,25.2,8.72,9.38,935.78,2.72,2.89,0.004,0.014,1.43,0.01468,7723753,2026-09-15 02:25:51
山东省,海河流域,小泊头桥,2026-09-15 01:00,2,23.671,8,7.62,1140.349,13.185,2.32,0.045,0.094,4.919,,,2026-09-15 02:25:51
山东省,海河流域,胜利桥,2026-09-15 01:00,4,24.176,8.16,12.55,2294.68,17.255,6.97,0.053,0.135,2.23,,,2026-09-15 02:25:51
山东省,海河流域,富国,2026-09-15 01:00,3,23.298,8.21,5.22,2118.37,10.26,5.6,0.024,0.06,1.108,,,2026-09-15 02:25:51
山东省,海河流域,芦家河子水库,2026-09-15 01:00,6,23.073,9.23,12.19,832.627,24.867,4.42,0.023,0.043,1.032,,,2026-09-15 02:25:51
山东省,海河流域,三角洼水库,2026-09-15 01:00,2,23.607,8.36,9.96,1011.15,21.478,2.24,0.046,0.034,0.991,,,2026-09-15 02:25:51
山东省,淮河流域,西闸,2026-09-15 01:00,3,24.758,8.08,9.01,1554.692,13.871,3.52,0.067,0.109,6.373,,,2026-09-15 02:25:51
山东省,淮河流域,范李,2026-09-15 01:00,4,24.534,7.97,4.42,1987.528,22.262,3.41,0.243,0.137,5.632,,,2026-09-15 02:25:51
山东省,海河流域,邵家,2026-09-15 01:00,5,25.213,7.66,20.71,9032.07,202.87,12.71,0.059,0.09,2.762,,,2026-09-15 02:25:51
山东省,淮河流域,于楼,2026-09-15 01:00,3,24.391,8.56,8.01,1971.91,77.442,5.9,0.23,0.199,1.353,,,2026-09-15 02:25:51
山东省,淮河流域,徐寨,2026-09-15 01:00,3,24.375,8.55,9.02,1708.93,19.756,4.21,0.036,0.127,1.293,,,2026-09-15 02:25:51
河南省,黄河流域,七里铺,2026-09-15 01:00,3,25.2865,7.94,7.52,673.198,15.988,2.89,0.147,0.13,4.341,,,2026-09-15 02:25:51
河南省,淮河流域,尖岗水库,2026-09-15 01:00,2,26.09,8.83,11.13,257.5221,3.0988,2.58,,0.006,0.3519,,,2026-09-15 02:25:51
河南省,淮河流域,新郑黄甫寨,2026-09-15 01:00,2,25.57,8.04,11.77,927.56,19.1,3.15,0.019,0.033,3.2217,,,2026-09-15 02:25:51
河南省,淮河流域,通许邸阁,2026-09-15 01:00,4,25.41,7.91,6.07,854.88,158.98,2.86,0.118,0.239,3.218,,,2026-09-15 02:25:51
河南省,淮河流域,中牟陈桥,2026-09-15 01:00,4,25.22,7.9,8.31,813.36,33.74,6.09,0.021,0.087,5.4842,,,2026-09-15 02:25:51
河南省,黄河流域,高崖寨,2026-09-15 01:00,2,24.77,8.37,7.45,495.54,4.86,2.49,0.017,0.034,3.132,,,2026-09-15 02:25:51
河南省,黄河流域,龙门大桥,2026-09-15 01:00,2,24.514,8.39,8.19,500.711,26.163,3.78,0.004,0.051,3.516,,,2026-09-15 02:25:51
河南省,淮河流域,紫罗山,2026-09-15 01:00,2,23.19578,7.87,7.85,269.5464,55.55349,3.92,0.09,0.063,4.21696,,,2026-09-15 02:25:51
河南省,黄河流域,白马寺,2026-09-15 01:00,3,24.9,7.82,8,625.4,18.4,2.07,0.074,0.19,4.531,,,2026-09-15 02:25:51
河南省,黄河流域,潭头,2026-09-15 01:00,1,22.757,8.09,7.7,563.7,6.447,1.39,0.002,0.011,2.815,,,2026-09-15 02:25:51
河南省,淮河流域,大陈闸,2026-09-15 01:00,2,25.86117,8.13,10.07,838.4168,6.22306,1.3,0.008,0.023,8.36719,,,2026-09-15 02:25:51
河南省,淮河流域,白龟山水库,2026-09-15 01:00,3,25.84,8.41,9.59,347.98,5.32,4.17,0.006,0.032,0.957,0.03562,2464000,2026-09-15 02:25:51
河南省,淮河流域,杨寨中村,2026-09-15 01:00,3,22.87,7.93,7.91,702,28.79,3.08,0.052,0.107,8.101,,,2026-09-15 02:25:51
河南省,淮河流域,舞钢石庄桥,2026-09-15 01:00,1,25.10688,8.22,7.55,,0.48436,,,,,,,2026-09-15 02:25:51
河南省,海河流域,彰武水库,2026-09-15 01:00,1,24.769,8.17,9.16,574,4.35,1.99,,0.012,2.8618,,,2026-09-15 02:25:51
河南省,海河流域,五陵,2026-09-15 01:00,3,23.53,7.92,7.06,1333.9,93.3,2.5,0.03,0.181,7.759,,,2026-09-15 02:25:51
河南省,海河流域,石辛庄,2026-09-15 01:00,3,24.87,8,21.23,1218.567,8.102,4.66,0.148,0.064,7.0736,,,2026-09-15 02:25:51
河南省,海河流域,黄花营,2026-09-15 01:00,1,25.39,8.23,8.68,499.3742,4.1883,0.64,,0.014,5.0747,,,2026-09-15 02:25:51
河南省,海河流域,前枋城,2026-09-15 01:00,1,21.641,7.96,7.86,561.19,9.105,1.24,0.008,,5.2025,,,2026-09-15 02:25:51
河南省,海河流域,卫河小河口,2026-09-15 01:00,3,24.09,8.11,8.07,1193.166,137.11,2.72,0.493,0.198,7.6158,,,2026-09-15 02:25:51
河南省,海河流域,修武水文站,2026-09-15 01:00,3,24.69,7.88,7.66,2555.339,47.18,4.14,0.222,0.196,8.2642,,,2026-09-15 02:25:51
河南省,海河流域,获嘉东碑村,2026-09-15 01:00,3,26.12,7.98,6.39,1414.99,102.03,5.05,0.06,0.193,5.448,,,2026-09-15 02:25:51
河南省,黄河流域,封丘陶北,2026-09-15 01:00,2,24.83,8.34,14.61,935.38,25.13,3.58,0.007,0.056,2.775,,,2026-09-15 02:25:51
河南省,黄河流域,封丘王堤,2026-09-15 01:00,2,24.857,7.58,7.22,900.55,50.18,3.92,0.12,0.091,1.9499,,,2026-09-15 02:25:51
河南省,海河流域,新乡贾太湖,2026-09-15 01:00,3,25.63,8.29,7.71,708.707,417.552,2.99,,0.129,3.4385,,,2026-09-15 02:25:51
河南省,黄河流域,武陟渠首,2026-09-15 01:00,2,25.2,7.99,9.5,877.14,29.49,1.56,0.024,0.055,4.651,,,2026-09-15 02:25:51
河南省,黄河流域,孟州石井,2026-09-15 01:00,4,29.05498,7.83,4.66,7210.004,12.30346,4.9,0.133,0.178,3.71796,,,2026-09-15 02:25:51
河南省,黄河流域,孟州还封村,2026-09-15 01:00,3,24.82756,7.79,5.21,1434.368,17.32987,2.03,0.077,0.161,10.51344,,,2026-09-15 02:25:51
河南省,海河流域,南乐元村集,2026-09-15 01:00,4,22.18,7.92,8.62,1334.83,157.36,2.38,0.06,0.228,7.997,,,2026-09-15 02:25:51
河南省,海河流域,南乐水文站,2026-09-15 01:00,4,24.66,7.99,4.93,779.0662,50.63,5.52,0.473,0.194,3.8305,,,2026-09-15 02:25:51
河南省,海河流域,濮阳西水坡,2026-09-15 01:00,3,24.74,8.62,5.98,829.7,5.61,2.71,0.046,0.011,0.782,,,2026-09-15 02:25:51
河南省,黄河流域,濮阳大韩桥,2026-09-15 01:00,5,24.29,7.67,2.78,1291.49,52.31,6.71,0.253,0.208,2.893,,,2026-09-15 02:25:51
河南省,淮河流域,白沙水库,2026-09-15 01:00,2,25.6041,8.3,7.95,695.476,4.2352,3.99,0.016,0.016,3.587,,,2026-09-15 02:25:51
河南省,淮河流域,召陵武湾,2026-09-15 01:00,2,25.4,7.83,7.45,611.7,21.47,3.29,0.047,0.058,4.64,,,2026-09-15 02:25:51
河南省,淮河流域,郾城漯邓桥,2026-09-15 01:00,4,25.6,7.8,6.59,1790.9,23.3,3.12,0.05,0.205,3.397,,,2026-09-15 02:25:51
河南省,淮河流域,叶舞公路桥,2026-09-15 01:00,2,24.904,7.54,7.57,322.96,17.002,3.84,0.008,0.077,2.358,,,2026-09-15 02:25:51
河南省,淮河流域,临颍高村桥,2026-09-15 01:00,3,25.65,7.66,7.46,1169.09,12.61,2.62,0.432,0.159,10.777,,,2026-09-15 02:25:51
河南省,淮河流域,舞阳马湾,2026-09-15 01:00,2,25.78,8.4,12.42,578.297,22.604,3.2,0.021,0.037,4.469,,,2026-09-15 02:25:51
河南省,黄河流域,洛河大桥,2026-09-15 01:00,1,22.67,8.39,8.31,596.635,24.395,0.96,0.072,0.017,1.7956,,,2026-09-15 02:25:51
河南省,长江流域,淅川荆紫关,2026-09-15 01:00,1,24.89549,8.24,8.18,355.1512,2.519828,1.67,0.007,0.01,1.164,,,2026-09-15 02:25:51
河南省,长江流域,淅川史家湾,2026-09-15 01:00,2,24.18,7.97,7.47,408.871,9.898,1.55,,0.017,1.3973,0.00171,,2026-09-15 02:25:51
河南省,长江流域,淅川高湾,2026-09-15 01:00,2,23.83,8.07,7.81,398.495,9.101,1.9,0.008,0.024,1.4567,0.0036,,2026-09-15 02:25:51
河南省,长江流域,淅川张营,2026-09-15 01:00,4,27.08,7.88,4.77,323.035,5.57,3.33,0.053,0.024,1.4909,0.00902686,,2026-09-15 02:25:51
河南省,长江流域,五龙泉,2026-09-15 01:00,2,26.27,8.14,6.61,264.56,14.69,1.9,0.007,0.01,0.719,0.0015,698928,2026-09-15 02:25:51
河南省,长江流域,宋岗,2026-09-15 01:00,2,26.62,8.18,6.77,267.2,4.775,1.51,0.009,0.009,0.735,0.002179,1021109,2026-09-15 02:25:51
河南省,长江流域,陶岔,2026-09-15 01:00,2,26.89,8.23,6.47,262.053,3.522,1.47,,0.013,0.9196,0.0017,745732,2026-09-15 02:25:51
河南省,长江流域,三道河,2026-09-15 01:00,1,22.909,8.13,8.34,481.274,5.278,0.91,0.005,0.007,2.046,,,2026-09-15 02:25:51
河南省,长江流域,上河,2026-09-15 01:00,1,22.93,8.21,8.44,225.1652,6.61895,1.93,0.004,0.005,0.21176,,,2026-09-15 02:25:51
河南省,长江流域,方城夏河,2026-09-15 01:00,3,24.36,7.75,6.08,728.5267,30.737,2.52,0.02,0.126,7.714,,,2026-09-15 02:25:51
河南省,长江流域,内乡怀乡桥,2026-09-15 00:00,2,24.33622,8.25,10.69,452.36,6.13855,2.35,0.002,0.019,2.56053,,,2026-09-15 02:25:51
河南省,淮河流域,新野溧河桥,2026-09-15 01:00,3,25.90479,7.68,7.02,376.6706,23.75901,4.73,0.006,0.066,1.91838,,,2026-09-15 02:25:51
河南省,淮河流域,吕楼桥,2026-09-15 01:00,4,23.7,7.79,3.24,1556.104,46.851,2.08,0.092,0.063,0.4379,,,2026-09-15 02:25:51
河南省,淮河流域,黄口,2026-09-15 01:00,3,25.37,8.1,6.22,1427.902,20.611,4.96,0.091,0.077,4.1071,,,2026-09-15 02:25:51
河南省,淮河流域,睢县板桥,2026-09-15 01:00,4,23.3,7.92,6.74,1275.45,87.68,6.11,0.124,0.147,5.365,,,2026-09-15 02:25:51
河南省,淮河流域,永城张板桥,2026-09-15 01:00,6,25.79,9.03,18.79,1426.1,66.07,10.63,0.008,0.262,1.871,,,2026-09-15 02:25:51
河南省,淮河流域,长台关甘岸桥,2026-09-15 01:00,3,26.46,7.77,7.51,314.69,14.31,4.2,,0.051,0.857,,,2026-09-15 02:25:51
河南省,淮河流域,息县大埠口,2026-09-15 01:00,2,25.24891,8.01,7.59,293.1775,10.25013,3.51,0.02,0.037,0.84957,,,2026-09-15 02:25:51
河南省,淮河流域,潢川水文站,2026-09-15 01:00,3,25.1936,6.58,7.24,203.036,43.4493,3.67,0.06,0.142,0.58,,,2026-09-15 02:25:51
河南省,淮河流域,淮滨北庙,2026-09-15 01:00,2,26.89,8.1,8.03,218.6697,98.49732,2.31,0.001,0.046,0.6109,,,2026-09-15 02:25:51
河南省,淮河流域,饮用水源地取水口,2026-09-15 01:00,3,25.64,8.97,11.42,163.76,7.89,4.78,0.003,0.024,0.604,0.098,79000,2026-09-15 02:25:51
河南省,淮河流域,竹竿铺,2026-09-15 01:00,6,25.23,9.01,9.9,222.09,9.42,3.14,0.026,0.037,0.496,,,2026-09-15 02:25:51
河南省,淮河流域,固始马罡,2026-09-15 01:00,3,26.2124,8.67,9.23,201.38,7.546,4.62,0.022,0.046,0.5724,,,2026-09-15 02:25:51
河南省,淮河流域,老沈丘泉河桥,2026-09-15 01:00,3,26.59,7.8,6,1081.408,27.346,4.01,0.008,0.107,2.7376,,,2026-09-15 02:25:51
河南省,淮河流域,刘寨村后,2026-09-15 01:00,3,26,8.02,7.24,1324,9.25,5.38,0.042,0.077,2.3466,,,2026-09-15 02:25:51
河南省,淮河流域,西华大王庄,2026-09-15 01:00,2,23.9632,8.34,12.71,850.01,40.2156,3.99,0.094,0.07,3.853,,,2026-09-15 02:25:51
河南省,淮河流域,周口康店,2026-09-15 01:00,2,25.42,7.67,6.91,798.8663,7.87,2.96,0.145,0.057,4.8824,,,2026-09-15 02:25:51
河南省,淮河流域,商水双桥,2026-09-15 01:00,2,24.91,7.79,6.52,856.2282,20.0935,2.91,0.085,0.1,5.182,,,2026-09-15 02:25:51
河南省,淮河流域,鄢陵陶城闸,2026-09-15 01:00,3,24.3,7.77,5.88,1315.4,15.9,3.24,0.44,0.166,9.1836,,,2026-09-15 02:25:51
河南省,淮河流域,鹿邑付桥,2026-09-15 01:00,3,26.2,8.06,9.69,691.48,16.863,5.67,0.028,0.064,2.1151,,,2026-09-15 02:25:51
河南省,淮河流域,西华址坊,2026-09-15 02:00,3,24.88,7.99,7.5,952.7,28.31,3.06,0.047,0.111,5.669,,,2026-09-15 02:25:51
河南省,淮河流域,冯塘邱屯,2026-09-15 01:00,4,25.02,7.61,4.78,1174.378,64.82428,4.33,0.066,0.127,6.10403,,,2026-09-15 02:25:51
河南省,淮河流域,鹿邑宋河桥,2026-09-15 02:00,4,24.63,7.91,3.67,1114.99,52.65,7.91,0.088,0.207,2.971,,,2026-09-15 02:25:51
河南省,淮河流域,新蔡班台,2026-09-15 01:00,4,25.574,7.74,7.24,572.14,26.261,3.97,0.101,0.24,2.022,,,2026-09-15 02:25:51
河南省,淮河流域,西平杨庄,2026-09-15 01:00,3,23.68984,7.86,7.26,1064.832,14.20924,2.51,0.047,0.133,5.14768,,,2026-09-15 02:25:51
河南省,淮河流域,板桥水库,2026-09-15 01:00,3,24.17,8.23,6.73,192.1129,5.54,4.21,0.009,0.017,0.573,,,2026-09-15 02:25:51
河南省,淮河流域,西平王孟寺,2026-09-15 01:00,3,24.27259,7.3,6.05,972.4265,35.208,4.06,0.076,0.153,4.49306,,,2026-09-15 02:25:51
河南省,淮河流域,新蔡李桥,2026-09-15 01:00,3,26.043,8.05,7.72,1072.023,20.821,2.04,0.064,0.187,3.596,,,2026-09-15 02:25:51
河南省,黄河流域,小浪底水库,2026-09-15 01:00,2,26,8.08,6.5,950.142,16.513,1.8,0.052,0.029,2.9461,,,2026-09-15 02:25:51
河南省,黄河流域,南山,2026-09-15 01:00,2,22.44585,8.37,9.43,966.95,15.77465,1.92,0.006,0.023,2.91517,0.01598,4210774,2026-09-15 02:25:51
湖北省,长江流域,朱家河口,2026-09-15 01:00,4,26.586,7.29,3.33,615.862,68.835,4.33,0.116,0.117,4.346,,,2026-09-15 02:25:51
湖北省,长江流域,沐家泾,2026-09-15 01:00,3,26.17,7.65,7.68,209.074,55.78,4.87,0.001,0.089,1.042,,,2026-09-15 02:25:51
湖北省,长江流域,牛山湖湖心,2026-09-15 02:00,3,26.77,8.78,10.02,190.47,12.725,5.14,,0.024,,0.00424,1.86287,2026-09-15 02:25:51
湖北省,长江流域,西梁子湖湖北,2026-09-15 01:00,3,26.1967,7.78,6.41,194.69,27.286,3.55,,0.036,0.52,0.00309,1.049488,2026-09-15 02:25:51
湖北省,长江流域,宗关,2026-09-15 01:00,2,26.561,8.52,9.06,364.3,12.8,2.27,0.024,0.044,1.166,0.00875,,2026-09-15 02:25:51
湖北省,长江流域,杨泗港,2026-09-15 01:00,2,26.82,7.73,7.79,289.143,30.04,0.8,,0.022,1.906,,,2026-09-15 02:25:51
湖北省,长江流域,冯集,2026-09-15 01:00,3,25.44,8.07,8.12,215.739,21.17,3.86,0.032,0.177,1.046,,,2026-09-15 02:25:51
湖北省,长江流域,龙口,2026-09-15 01:00,6,27.44,9.09,11.08,194.83,15.44,7.68,0.041,0.059,1.024,,,2026-09-15 02:25:51
湖北省,长江流域,金水闸,2026-09-15 02:00,6,26.54,7.21,1.82,295.91,30.06,6.07,0.224,0.027,0.92,,,2026-09-15 02:25:51
湖北省,长江流域,郭玉,2026-09-15 01:00,2,26.675,8.81,10.42,172.65,13.614,3.41,0.019,0.067,1.32,,,2026-09-15 02:25:51
湖北省,长江流域,滠口,2026-09-15 01:00,3,27.82,8.82,8.69,223.1405,31.94,4.08,0.093,0.106,1.1697,,,2026-09-15 02:25:51
湖北省,长江流域,港洲村,2026-09-15 01:00,3,27.76,7.74,7.76,448.25,15.044,3.5,0.014,0.137,1.115,,,2026-09-15 02:25:51
湖北省,长江流域,黄陵大桥,2026-09-15 01:00,4,26.164,7.43,4.97,468.012,19.818,4.83,0.064,0.074,1.176,,,2026-09-15 02:25:51
湖北省,长江流域,太平沙,2026-09-15 01:00,5,24.77,7.35,2.95,504.4,18.63,4.43,0.01,0.083,1.943,,,2026-09-15 02:25:51
湖北省,长江流域,白浒山,2026-09-15 01:00,2,26.23,7.83,6.9,322.7256,33.35074,1.96,0.013,0.092,1.518213,,,2026-09-15 02:25:51
湖北省,长江流域,挖沟泵站,2026-09-15 01:00,3,28.09728,7.51,8.4,1181.485,22.47003,4.25,0.068,0.089,1.662966,,,2026-09-15 02:25:51
湖北省,长江流域,富池闸,2026-09-15 01:00,2,27.51,7.95,8.55,220.2694,16.89384,2.29,0.036,0.033,0.6930135,,,2026-09-15 02:25:51
湖北省,长江流域,大冶湖闸,2026-09-15 01:00,3,29.14,8.59,12.24,303.17,24.22,5.75,0.079,0.077,0.986,,,2026-09-15 02:25:51
湖北省,长江流域,夹河口,2026-09-15 01:00,3,24.56,7.7,5.4,284.4412,5.58,1.76,0.034,0.01,1.427,,,2026-09-15 02:25:51
湖北省,长江流域,天河口,2026-09-15 01:00,2,24.602,7.94,7.17,402.254,4.892,1.76,0.163,,1.1816,,,2026-09-15 02:25:51
湖北省,长江流域,焦家院,2026-09-15 01:00,2,23.06,7.74,6.75,244.032,7.246,2,0.007,0.019,0.9706,,,2026-09-15 02:25:51
湖北省,长江流域,孙家湾,2026-09-15 01:00,2,26.82,8.57,9.04,231.78,13.2,3.25,0.029,0.073,1.157,,,2026-09-15 02:25:51
湖北省,长江流域,浪河口,2026-09-15 01:00,2,27.13,8.46,9.23,178.2407,5.51,3.52,0.021,0.023,0.718,,,2026-09-15 02:25:51
湖北省,长江流域,丹江口水库坝上中,2026-09-15 01:00,2,27.16,8.02,6.7,244.093,1.827485,1.79,0.075,0.004,0.8834,0.0035869,863000,2026-09-15 02:25:51
湖北省,长江流域,陈家坡,2026-09-15 01:00,2,25.46,7.82,6.11,276.62,6.21,2.53,0.024,0.021,1.2779,,,2026-09-15 02:25:51
湖北省,长江流域,潘口水库坝上,2026-09-15 01:00,2,25.95,8.8,9.77,190.6,5.6,2.59,,0.013,0.657,,,2026-09-15 02:25:51
湖北省,长江流域,剑河口,2026-09-15 01:00,2,27.11,8.24,7.78,217.25,0.13,2.67,0.014,0.021,1.073,,,2026-09-15 02:25:51
湖北省,长江流域,东湾桥,2026-09-15 01:00,2,22.79,7.98,7.66,479.7341,6.84,3.04,0.033,0.083,2.7201,,,2026-09-15 02:25:51
湖北省,长江流域,玉皇滩,2026-09-15 01:00,1,24.348,8.1,7.88,368.1,4.81,1.72,0.007,0.01,1.136,,,2026-09-15 02:25:51
湖北省,长江流域,神定河口,2026-09-15 01:00,4,24.7,7.89,7.29,617.588,13.624,4.22,0.179,0.234,11.51,,,2026-09-15 02:25:51
湖北省,长江流域,泗河口,2026-09-15 01:00,2,24.06,7.91,7.31,751.247,6.384,3.67,0.064,0.096,5.483,,,2026-09-15 02:25:51
湖北省,长江流域,王河电站,2026-09-15 01:00,1,24.89,8.09,8.26,412.1207,7.76,1.46,0.029,0.013,0.9927,,,2026-09-15 02:25:51
湖北省,长江流域,隔河岩水库坝上,2026-09-15 01:00,1,21.25,8.55,8.06,236.14,2.15,0.83,0.004,0.009,1.799,0.04178,2653703,2026-09-15 02:25:51
湖北省,长江流域,长沙坝,2026-09-15 01:00,3,26.537,7.64,5.77,475.974,8.83,1.69,0.009,0.037,1.999,,,2026-09-15 02:25:51
湖北省,长江流域,清江大桥,2026-09-15 01:00,3,21.82,7.49,5.7,327.596,6.663,0.98,,0.012,2.551,,,2026-09-15 02:25:51
湖北省,长江流域,南津关,2026-09-15 02:00,2,27.2,7.76,6.62,426.31,4.565041,2.35,0.004,0.054,2.8055,0.0250245,,2026-09-15 02:25:51
湖北省,长江流域,马渡河,2026-09-15 01:00,2,23.34,7.52,11.14,312.97,3.64,3.09,0.005,0.011,2.281,,,2026-09-15 02:25:51
湖北省,长江流域,铁路大桥,2026-09-15 01:00,2,24.83,7.9,7.57,563.5,15.6,2.38,0.025,0.032,1.607,,,2026-09-15 02:25:51
湖北省,长江流域,两河口,2026-09-15 01:00,2,26.467,7.66,7.4,553.0771,16.0841,2.59,0.074,0.055,3.1988,,,2026-09-15 02:25:51
湖北省,长江流域,桅杆坪,2026-09-15 01:00,3,19.71,7.41,5.65,278.81,0.99,1.42,0.001,0.026,2.814,,,2026-09-15 02:25:51
湖北省,长江流域,白石港,2026-09-15 01:00,2,26.14,8.25,7.77,320.199,2.199,2.59,0.003,0.006,1.271,,,2026-09-15 02:25:51
湖北省,长江流域,云池,2026-09-15 01:00,2,26.94,7.86,7.8,413.31,5.63,1.28,,0.046,2.442,,,2026-09-15 02:25:51
湖北省,长江流域,翟湾,2026-09-15 01:00,2,24.94,7.88,6.98,490.6637,25.71841,3.72,0.013,0.081,2.0849,,,2026-09-15 02:25:51
湖北省,长江流域,埠口,2026-09-15 01:00,2,26.5614,8.34,7.21,488.6153,27.10172,3.96,0.01,0.07,1.28026,,,2026-09-15 02:25:51
湖北省,长江流域,张湾,2026-09-15 01:00,3,25.07,8.2,9.57,468.9588,18.76,3.75,0.071,0.107,2.265,,,2026-09-15 02:25:51
湖北省,长江流域,余家湖,2026-09-15 01:00,2,28.49,8.18,6.78,331.6481,24.99,2.43,0.035,0.029,1.256,,,2026-09-15 02:25:51
湖北省,长江流域,聂家滩,2026-09-15 01:00,2,26.66,8.17,7.99,310.6959,27.79,2.11,0.023,0.041,1.385,,,2026-09-15 02:25:51
湖北省,长江流域,汤店,2026-09-15 01:00,3,26.64,7.41,5.55,626.3335,10.14,4.1,0.092,0.063,1.303,,,2026-09-15 02:25:51
湖北省,长江流域,沈湾,2026-09-15 01:00,3,18.26,7.67,5.8,329.3,4.59,2.08,0.025,0.015,1.33,,,2026-09-15 02:25:51
湖北省,长江流域,朱市,2026-09-15 01:00,3,25.55,8.09,8,603.6773,31.2,2.61,0.036,0.102,1.75,,,2026-09-15 02:25:51
湖北省,长江流域,茶庵,2026-09-15 01:00,1,26.35,8.36,10.05,378.6321,20.52,1.39,0.018,0.009,1.913,,,2026-09-15 02:25:51
湖北省,长江流域,马兰河口,2026-09-15 01:00,2,24.96,8.08,7.54,385.4,6.63,1.39,0.015,0.036,2.067,,,2026-09-15 02:25:51
湖北省,长江流域,燕矶,2026-09-15 01:00,2,26.35,7.66,7.36,314.95,38.44,1.59,0.089,0.051,1.76,,,2026-09-15 02:25:51
湖北省,长江流域,东梁子湖湖心,2026-09-15 01:00,3,25.94,8,7.9,191.647,25.796,3.46,,0.037,0.192,,,2026-09-15 02:25:51
湖北省,长江流域,梁子湖七星站,2026-09-15 01:00,3,26.32,7.58,5.87,198.2132,37.01233,4.34,0.106,0.015,1.559101,0.03816066,,2026-09-15 02:25:51
湖北省,长江流域,漳河水库库心,2026-09-15 01:00,1,25.69,8.3,8.79,307.9475,10.9906,1.84,,,0.375,9,9197000,2026-09-15 02:25:51
湖北省,长江流域,转斗,2026-09-15 01:00,2,25.21,8.13,8.35,421.85,7.0536,2.56,0.003,0.036,1.359,,,2026-09-15 02:25:51
湖北省,长江流域,罗汉闸,2026-09-15 01:00,2,25.66,8.4,10.1,359.81,116.88,3.73,0.017,0.051,1.2381,,,2026-09-15 02:25:51
湖北省,长江流域,京山河邓李港,2026-09-15 01:00,2,27.64,7.84,8.29,480.364,19.015,3.05,,0.088,1.63,,,2026-09-15 02:25:51
湖北省,长江流域,马良龚家湾,2026-09-15 01:00,4,26.291,7.4,4.84,872.669,81.7646,4.35,0.119,0.174,2.6045,,,2026-09-15 02:25:51
湖北省,长江流域,应城公路桥,2026-09-15 01:00,2,26.7,8.02,9.32,587.14,14.9836,2.23,0.025,0.023,0.1091,,,2026-09-15 02:25:51
湖北省,长江流域,田店泵站,2026-09-15 01:00,2,26.62,8.24,7.66,489.14,10.1028,2.23,,0.023,0.23466,,,2026-09-15 02:25:51
湖北省,长江流域,垌冢桥,2026-09-15 01:00,3,26.759,7.5,5.82,384.546,9.553,2.37,0.04,0.099,1.666,,,2026-09-15 02:25:51
湖北省,长江流域,新沟闸,2026-09-15 01:00,2,27.3,8.56,13.05,414.86,9.75,3.56,,0.051,0.729,,,2026-09-15 02:25:51
湖北省,长江流域,小河,2026-09-15 01:00,2,27.2,8.43,9.96,372.44,36.87,2.94,0.16,0.061,1.708,,,2026-09-15 02:25:51
湖北省,长江流域,孝昌王店,2026-09-15 01:00,4,26.9,8.48,9.12,321.31,16.1706,6.97,0.01,0.121,1.032,,,2026-09-15 02:25:51
湖北省,长江流域,孝感河口大桥,2026-09-15 01:00,3,26.95,8.66,10.88,289.463,15.133,5.43,0.014,0.057,1.2919,,,2026-09-15 02:25:51
湖北省,长江流域,大悟河口,2026-09-15 01:00,2,26.97,8.87,8.13,251,6.97,2.88,,0.031,0.2737,,,2026-09-15 02:25:51
湖北省,长江流域,安陆桑树,2026-09-15 01:00,2,26.6,7.98,8.42,504.2,11.4665,2.92,,0.023,0.4579,,,2026-09-15 02:25:51
湖北省,长江流域,隔蒲桥,2026-09-15 01:00,4,26.95,7.66,13.09,434.98,12.166,7.05,0.036,0.048,1.0797,,,2026-09-15 02:25:51
湖北省,长江流域,汉川新堰,2026-09-15 01:00,4,27.08,7.26,4.24,458,43.586,3.09,0.094,0.122,1.942,,,2026-09-15 02:25:51
湖北省,长江流域,杨柴湖,2026-09-15 01:00,4,24.6,6.84,3.07,345.7,14.3,4.34,0.0005,0.079,0.4,0.00186,1405827,2026-09-15 02:25:51
湖北省,长江流域,排水闸,2026-09-15 01:00,3,26.36,7.79,6.84,389.6697,49.2807,2.53,,0.049,1.45,0.00109,2.489576,2026-09-15 02:25:51
湖北省,长江流域,洪湖湖心,2026-09-15 01:00,3,27,7.96,6.6,362.924,95.974,2.98,0.065,0.05,1.549,0.0005,52502.3,2026-09-15 02:25:51
湖北省,长江流域,观音寺,2026-09-15 01:00,2,26.71,7.86,7.27,401.15,17.26,1.41,,0.053,2.6,,,2026-09-15 02:25:51
湖北省,长江流域,新刘家台,2026-09-15 01:00,2,28.153,7.83,6.61,397.95,10.579,1.99,0.039,0.032,1.332,,,2026-09-15 02:25:51
湖北省,长江流域,荆州河口,2026-09-15 01:00,2,26.46,7.7,9.21,543.2631,29.5606,3.36,,0.041,2.0928,,,2026-09-15 02:25:51
湖北省,长江流域,康家岗,2026-09-15 01:00,2,27.27,8.05,9.42,386.829,35.2797,,,0.025,1.5813,,,2026-09-15 02:25:51
湖北省,长江流域,新河村,2026-09-15 01:00,4,27.027,7.46,4.61,416.7,24.13,3.05,0.113,0.113,1.898,,,2026-09-15 02:25:51
湖北省,长江流域,新滩,2026-09-15 01:00,3,26.857,7.51,5.17,411.15,49.615,3,0.014,0.04,1.647,,,2026-09-15 02:25:51
湖北省,长江流域,淤泥湖,2026-09-15 02:00,2,27.2,8.69,11.49,400.9,51.4,2.58,0.012,0.071,1.719,,,2026-09-15 02:25:51
湖北省,长江流域,杨家垱,2026-09-15 01:00,2,27.05,8.26,10.45,375.72,38.93,1.71,0.035,0.032,1.495,,,2026-09-15 02:25:51
湖北省,长江流域,调关,2026-09-15 01:00,2,26.89,7.93,7.86,384.6322,11.6604,1.7,,0.049,2.0828,,,2026-09-15 02:25:51
湖北省,长江流域,三兴公,2026-09-15 01:00,2,26.306,7.88,11.71,554.151,24.768,2.67,0.005,0.046,0.497,,,2026-09-15 02:25:51
湖北省,长江流域,姚集,2026-09-15 01:00,2,27.2,7.62,6.42,463.7,7.1,2.13,0.076,0.059,1.515,,,2026-09-15 02:25:51
湖北省,长江流域,乌溪沟,2026-09-15 02:00,2,24.45445,7.77,6.5,353.7566,15.64529,1.19,0.026,0.034,1.602509,,,2026-09-15 02:25:51
湖北省,长江流域,白莲河水库坝上,2026-09-15 01:00,4,27.121,7.01,3.11,112.2,2.238,3.21,0.007,0.031,0.4714,0.017965,9988,2026-09-15 02:25:51
湖北省,长江流域,巴河镇河口,2026-09-15 01:00,2,27.502,8.2,8.33,184.851,6.86,2.94,,0.045,0.715,,,2026-09-15 02:25:51
湖北省,长江流域,兰溪大桥,2026-09-15 01:00,2,28.635,7.97,8.6,176.708,5.975,3.37,0.052,0.052,1.153,,,2026-09-15 02:25:51
湖北省,长江流域,中官铺,2026-09-15 01:00,2,26.831,7.76,7.2,316.523,31.53,1.97,,0.052,1.467,,,2026-09-15 02:25:51
湖北省,长江流域,蕲春县八里湖,2026-09-15 01:00,3,28.3,7.23,5.87,186.7572,51.97,2.45,0.166,0.154,1.309,,,2026-09-15 02:25:51
湖北省,长江流域,咸宁湖心,2026-09-15 02:00,4,27.55,8.36,6.35,229.59,119.159,6.16,0.097,0.053,0.893,0.0128,6969240,2026-09-15 02:25:51
湖北省,长江流域,富水水库,2026-09-15 01:00,2,27.73,8.72,8.77,235.0304,11.1,2.78,0.016,0.02,0.654,0.01,2.4174,2026-09-15 02:25:51
湖北省,长江流域,窑嘴大桥,2026-09-15 01:00,2,28.05,7.79,9.01,397.7088,17.51,2.52,,0.049,2.633,,,2026-09-15 02:25:51
湖北省,长江流域,陆溪口,2026-09-15 01:00,3,28.38,7.39,5.09,221.98,22.53,3.61,0.268,0.06,1.441,,,2026-09-15 02:25:51
湖北省,长江流域,洪下水文站,2026-09-15 01:00,2,26.6,8.99,9.81,156.5,8.62,1.36,0.006,0.037,0.936,,,2026-09-15 02:25:51
湖北省,长江流域,厉山,2026-09-15 01:00,3,26.53,7.56,5.81,539.4824,12.9,3.18,0.018,0.121,4.7963,,,2026-09-15 02:25:51
湖北省,长江流域,平林,2026-09-15 01:00,3,26.04,8.42,7.27,327.043,6.221,5.14,0.018,0.054,0.771,,,2026-09-15 02:25:51
湖北省,长江流域,涢水大桥,2026-09-15 01:00,3,26.47,8.06,9.37,412.1054,15.16,4.25,0.024,0.041,0.4942,,,2026-09-15 02:25:51
湖北省,长江流域,江口村,2026-09-15 01:00,1,26.23,8.62,10.86,181.44,7.077,1.2,,0.014,0.901,,,2026-09-15 02:25:51
湖北省,长江流域,恩施大沙坝,2026-09-15 01:00,6,22.14,7.4,0.94,360.4,4.4,1.75,0.131,0.113,3.776,,,2026-09-15 02:25:51
湖北省,长江流域,雪照河,2026-09-15 01:00,1,19.71,8.21,8.25,343.94,10.282,0.67,,0.02,2.385,,,2026-09-15 02:25:51
湖北省,长江流域,周家坝,2026-09-15 01:00,2,23.47,7.82,6.94,224.11,13.199,0.75,,0.006,1.849,,,2026-09-15 02:25:51
湖北省,长江流域,百福司镇,2026-09-15 01:00,2,24.959,7.55,7.37,236.712,0.914,1.19,0.032,0.015,1.099,,,2026-09-15 02:25:51
湖北省,长江流域,长顺乡,2026-09-15 01:00,1,22.576,7.42,7.78,231.267,2.8331,0.98,0.012,0.012,1.139,,,2026-09-15 02:25:51
湖北省,长江流域,黄腊石,2026-09-15 01:00,2,26.271,7.52,8.33,376.3,5.534,1.3,0.011,0.041,2.355,,,2026-09-15 02:25:51
湖北省,长江流域,乐坪桥,2026-09-15 01:00,1,23,7.7,8.05,234.201,1.535,0.65,0.005,0.01,0.855,,,2026-09-15 02:25:51
湖北省,长江流域,潜江大桥,2026-09-15 01:00,2,25.95,8.09,10.07,405.9668,17.69,2.42,0.002,0.021,1.01,,,2026-09-15 02:25:51
湖北省,长江流域,运粮湖同心队,2026-09-15 01:00,4,26.55,7.47,3.92,440,26.185,3.03,0.094,0.094,2.261,,,2026-09-15 02:25:51
湖北省,长江流域,岳口,2026-09-15 01:00,2,26.9,8.51,9.57,372.4,13.31,3.03,0.018,0.04,1.337,,,2026-09-15 02:25:51
湖北省,长江流域,拖市,2026-09-15 01:00,3,26.27,8.12,11.31,543,31.659,5.06,,0.065,1.1498,,,2026-09-15 02:25:51
湖北省,长江流域,阳日湾,2026-09-15 01:00,2,20.318,7.78,7.93,356.814,8.768,0.63,0.067,0.05,1.0244,,,2026-09-15 02:25:51
湖南省,长江流域,昭山,2026-09-15 01:00,2,25.9,7.21,7.08,188.7,35.7,1.78,,0.059,1.474,,,2026-09-15 02:25:51
湖南省,长江流域,捞刀河口,2026-09-15 01:00,3,27.03,7.08,5.53,223.1,19.1333,2.16,0.069,0.054,1.874,,,2026-09-15 02:25:51
湖南省,长江流域,三角洲,2026-09-15 01:00,3,27.16,7.41,8.17,195.36,9.84,2.01,0.018,0.114,2.852,,,2026-09-15 02:25:51
湖南省,长江流域,胜利,2026-09-15 01:00,2,27.16,7.55,6.98,284.7,5.64,2.75,0.039,0.062,1.443,,,2026-09-15 02:25:51
湖南省,长江流域,桔子洲,2026-09-15 01:00,2,25.74,7.64,6.83,193.2642,13.08,1.27,0.075,0.073,1.826,,,2026-09-15 02:25:51
湖南省,长江流域,湘东沿塘,2026-09-15 01:00,2,27.759,7.43,7.37,62.407,5.179,1.03,0.025,0.037,1.381,,,2026-09-15 02:25:51
湖南省,长江流域,马家河,2026-09-15 02:00,2,26.11,7.52,7.35,206.1,9.77,1.87,,0.056,1.622,,,2026-09-15 02:25:51
湖南省,长江流域,渌水入河口,2026-09-15 02:00,2,26.8996,7.37,6.78,252.0949,8.0649,1.59,0.061,0.096,1.625,,,2026-09-15 02:25:51
湖南省,长江流域,涟水入河口,2026-09-15 01:00,2,28,7.96,8.49,349.14,22.79,2.68,0.016,0.05,1.3527,,,2026-09-15 02:25:51
湖南省,长江流域,西阳渡口,2026-09-15 01:00,2,25.67,8.5,12.53,302.02,9.344,1.93,,0.022,1.636,,,2026-09-15 02:25:51
湖南省,长江流域,归阳镇,2026-09-15 01:00,2,26.43,7.45,7.69,166.36,8.47,1.33,0.038,0.045,1.268,,,2026-09-15 02:25:51
湖南省,长江流域,舂陵水入湘江口,2026-09-15 02:00,2,25.1851,7.88,8.07,247.0647,9.4282,1.02,0.018,0.05,1.2426,,,2026-09-15 02:25:51
湖南省,长江流域,耒水入湘江口,2026-09-15 01:00,2,25.0934,7.46,6.32,239.6004,12.1645,1.35,0.012,0.077,1.744,,,2026-09-15 02:25:51
湖南省,长江流域,熬洲,2026-09-15 01:00,2,25.27,7.39,8.22,177.7779,11.1469,1.07,0.019,0.07,1.3765,,,2026-09-15 02:25:51
湖南省,长江流域,大河滩,2026-09-15 01:00,2,20.25,7.21,7.45,186.07,2.03,0.94,0.024,0.04,1.283,,,2026-09-15 02:25:51
湖南省,长江流域,草市镇,2026-09-15 01:00,2,25.9617,6.52,7.95,96.5303,18.9962,1.32,0.032,0.047,0.955,,,2026-09-15 02:25:51
湖南省,长江流域,洣水入湘江口,2026-09-15 01:00,2,26.003,7.62,7.54,102.7,11.71,1.28,0.042,0.056,1.223,,,2026-09-15 02:25:51
湖南省,长江流域,城北水厂,2026-09-15 01:00,2,24.85,7.7,7.38,210.5,14.41,1.9,0.027,0.061,1.325,,,2026-09-15 02:25:51
湖南省,长江流域,蒸水入湘江口,2026-09-15 01:00,4,27.9214,7.5,4.93,281.5398,12.7015,3.37,0.054,0.122,2.167,,,2026-09-15 02:25:51
湖南省,长江流域,塘渡口,2026-09-15 01:00,2,24.91,7.87,8.05,157.201,2.4075,0.87,0.019,0.025,1.663,,,2026-09-15 02:25:51
湖南省,长江流域,窑市,2026-09-15 01:00,1,22.86,7.45,8.1,49.7772,4.8254,1.27,0.022,0.02,0.416,,,2026-09-15 02:25:51
湖南省,长江流域,渡头村,2026-09-15 01:00,2,26.34,7.69,6.43,208.572,5.8132,0.8,0.073,0.054,1.203,,,2026-09-15 02:25:51
湖南省,长江流域,邵水入河口,2026-09-15 01:00,2,26.73,7.54,6.39,384.077,5.224,2.19,0.342,0.092,2.525,,,2026-09-15 02:25:51
湖南省,长江流域,绥宁河口镇,2026-09-15 01:00,2,23.6551,7.55,8.37,102.339,4.1369,0.69,0.018,0.024,0.8157,,,2026-09-15 02:25:51
湖南省,长江流域,岳阳楼,2026-09-15 01:00,3,26.36,7.7,7.36,204.106,54.94692,1.43,0.009,0.036,1.2524,0.0009219,203661,2026-09-15 02:25:51
湖南省,长江流域,樟树港,2026-09-15 01:00,3,24.965,7.65,10.19,195.599,20.108,1.47,0.01,0.136,1.011,,,2026-09-15 02:25:51
湖南省,长江流域,城陵矶,2026-09-15 02:00,2,25.72,7.51,6.81,200.697,59.49451,2.24,0.001,0.041,0.9858,,,2026-09-15 02:25:51
湖南省,长江流域,荆江口,2026-09-15 01:00,2,28.05,7.8,6.93,411.0059,17.363,0.74,0.062,0.051,2.037,,,2026-09-15 02:25:51
湖南省,长江流域,六门闸,2026-09-15 01:00,2,27.18,8.89,9.8,429.039,9.88,2.21,0.018,0.045,0.544,,,2026-09-15 02:25:51
湖南省,长江流域,南渡,2026-09-15 01:00,2,25.81,7.26,9.02,108.16,7.41,0.93,0.033,0.087,1.363,,,2026-09-15 02:25:51
湖南省,长江流域,八仙桥,2026-09-15 01:00,3,26.56,7.2,9.5,205.3764,12.7397,4.77,0.081,0.084,0.9652,,,2026-09-15 02:25:51
湖南省,长江流域,坡头,2026-09-15 01:00,2,27.55,8.07,9.5,203.4118,30.25104,0.82,,0.036,1.4361,0.0008034,,2026-09-15 02:25:51
湖南省,长江流域,蒋家嘴,2026-09-15 01:00,3,25,7.72,6.34,199.0619,24.483,1.32,0.056,0.032,1.1782,0.002,2.5299,2026-09-15 02:25:51
湖南省,长江流域,澧水三江口,2026-09-15 01:00,1,25.88751,7.88,8.02,226.3201,2.69053,0.82,0.001,0.014,1.01023,,,2026-09-15 02:25:51
湖南省,长江流域,窑坡渡,2026-09-15 01:00,2,25.6,8.01,6.93,277.3301,10.297,1.03,0.034,0.007,1.4449,,,2026-09-15 02:25:51
湖南省,长江流域,马坡湖,2026-09-15 01:00,2,27.93,8.72,12.75,388.478,27.061,2.62,,0.051,1.525,,,2026-09-15 02:25:51
湖南省,长江流域,陈家河,2026-09-15 01:00,2,27.692,8.11,7.39,196.527,3.15,1.11,,0.034,1.018,,,2026-09-15 02:25:51
湖南省,长江流域,永定澄潭,2026-09-15 01:00,2,26.4,7.98,7.27,207.59,3.534,0.96,0.001,0.022,0.388,,,2026-09-15 02:25:51
湖南省,长江流域,藕池河中支入境,2026-09-15 01:00,2,27.63,8.15,8.27,430.354,16.135,3.24,0.005,0.036,0.852,,,2026-09-15 02:25:51
湖南省,长江流域,万家嘴,2026-09-15 01:00,2,27.32,7.72,7.6,178.3147,16.58088,0.88,0.042,0.042,1.7981,0.0020781,179306.5,2026-09-15 02:25:51
湖南省,长江流域,南嘴,2026-09-15 01:00,3,28.32,7.93,7,222.2569,85.63566,1.21,,0.041,1.3321,0.019625,568000.8,2026-09-15 02:25:51
湖南省,长江流域,小河嘴,2026-09-15 01:00,3,27.69,8.28,8.03,213.495,26.7548,1.24,,0.026,0.893,0.00560275,5.43295,2026-09-15 02:25:51
湖南省,长江流域,坪口,2026-09-15 01:00,2,25.43,9,13.86,197.3,19.023,1.96,0.014,0.027,1.509,,,2026-09-15 02:25:51
湖南省,长江流域,桃谷山,2026-09-15 01:00,2,26.47,7.95,6.82,216.686,11.7632,1.12,,0.048,1.234,,,2026-09-15 02:25:51
湖南省,长江流域,头山,2026-09-15 01:00,1,26.41,8.18,8.22,125.47,2.18,0.77,,0.002,0.5254,0.0027,5085000,2026-09-15 02:25:51
湖南省,长江流域,渡口大桥,2026-09-15 01:00,2,26.24,7.23,7.43,136.74,23.67,2.16,0.078,0.094,1.1943,,,2026-09-15 02:25:51
湖南省,长江流域,绿埠头,2026-09-15 02:00,2,24.56,7.72,8.05,182.54,3.53,0.4,0.004,0.026,1.181,,,2026-09-15 02:25:51
湖南省,长江流域,诸葛庙,2026-09-15 01:00,2,24.8,7.42,8,162.54,15.67,1.72,0.011,0.047,1.007,,,2026-09-15 02:25:51
湖南省,长江流域,五强溪,2026-09-15 01:00,3,28.64,7.58,5.22,189.554,2.1495,1,,0.036,1.19,,,2026-09-15 02:25:51
湖南省,长江流域,铜信溪电站,2026-09-15 01:00,1,26.47,8.11,8.15,299.32,1.93,0.8,0.033,0.014,1.343,,,2026-09-15 02:25:51
湖南省,长江流域,地阳坪公路大桥,2026-09-15 01:00,2,25.65,7.38,8.01,100.578,5.204,1.39,0.028,0.036,0.464,,,2026-09-15 02:25:51
湖南省,长江流域,托口渠水,2026-09-15 01:00,2,27.27,8.37,9.12,104,5.775,1.86,0.002,0.023,0.58,,,2026-09-15 02:25:51
湖南省,长江流域,舞水入河口,2026-09-15 01:00,2,26.43,8.1,7.87,329.2,0.877,0.82,0.005,0.051,1.329,,,2026-09-15 02:25:51
湖南省,长江流域,溪子口,2026-09-15 01:00,2,25.56,7.47,6.55,236,1.212,0.65,0.004,0.017,1.31,,,2026-09-15 02:25:51
湖南省,长江流域,球溪,2026-09-15 01:00,2,24.496,7.69,7.73,206.17,5.144,1.93,0.012,0.054,1.878,,,2026-09-15 02:25:51
湖南省,长江流域,街埠头,2026-09-15 01:00,3,27.72,8.01,9.69,357.114,2.6034,4.15,,0.052,1.903,,,2026-09-15 02:25:51
湖南省,长江流域,浦市上游,2026-09-15 01:00,2,27.08,7.94,7.71,168.86,5.96,0.84,0.008,0.034,0.899,,,2026-09-15 02:25:51
湖南省,长江流域,里耶镇,2026-09-15 01:00,1,24.25,8.05,7.97,226.44,4.41,1.05,0.027,0.016,1.12,,,2026-09-15 02:25:51
湖南省,长江流域,江口,2026-09-15 01:00,3,25.62,7.78,5.53,347.1233,1.9024,0.59,0.006,0.01,1.899,,,2026-09-15 02:25:51
湖南省,长江流域,武水汇合口,2026-09-15 01:00,2,27.42,7.84,7.74,184.248,5.9435,1.06,,0.03,0.811,,,2026-09-15 02:25:51
广东省,珠江流域,蕉门,2026-09-15 01:00,2,28.932,7.71,6.06,9722.026,55.914,3.56,0.003,0.062,2.923,,,2026-09-15 02:25:51
广东省,珠江流域,洪奇沥,2026-09-15 01:00,2,28.014,7.6,6.12,262.102,132.6,,0.002,0.074,3.021,,,2026-09-15 02:25:51
广东省,珠江流域,莲花山,2026-09-15 01:00,4,29.504,7.33,4.61,245.235,106.933,3.84,0.001,0.087,3.32,,,2026-09-15 02:25:51
广东省,珠江流域,流溪河山庄,2026-09-15 01:00,2,28.671,7,6.08,99.101,7.495,0.41,0.072,0.031,1.368,,,2026-09-15 02:25:51
广东省,珠江流域,官坦,2026-09-15 01:00,3,29.24,7.32,5.36,253.638,32.776,4.29,0.046,0.111,2.595,,,2026-09-15 02:25:51
广东省,珠江流域,大龙涌口,2026-09-15 01:00,3,28.604,7.25,5.93,204.863,27.177,2.02,0.002,0.077,2.37,,,2026-09-15 02:25:51
广东省,珠江流域,九龙潭,2026-09-15 01:00,1,28.985,6.77,8.18,70.782,43.083,0.82,0.007,0.02,0.817,,,2026-09-15 02:25:51
广东省,珠江流域,增江口,2026-09-15 01:00,2,28.709,7.1,6.37,114.232,53.766,1.18,0.003,0.032,1.529,,,2026-09-15 02:25:51
广东省,珠江流域,鸦岗,2026-09-15 01:00,4,29.77,7.18,3.81,298.9,54.13,3,0.124,0.089,3.001,,,2026-09-15 02:25:51
广东省,珠江流域,墩头基,2026-09-15 01:00,4,29,7.18,3.17,270.0399,88.95372,3.94,0.06,0.098,3.4,,,2026-09-15 02:25:51
广东省,珠江流域,大墩,2026-09-15 01:00,3,30.188,6.96,5.93,125.355,40.007,1.52,0.035,0.065,1.842,,,2026-09-15 02:25:51
广东省,珠江流域,十里亭,2026-09-15 01:00,2,26.159,7.98,7.76,232.607,14.007,1.04,0.007,0.035,1.186,,,2026-09-15 02:25:51
广东省,珠江流域,长坝,2026-09-15 01:00,2,27.448,6.91,7.02,79.921,13.527,1.23,0.002,0.032,1.082,,,2026-09-15 02:25:51
广东省,珠江流域,三溪桥,2026-09-15 01:00,2,25.46,8.08,8.41,465.39,5.59,1.02,,0.047,1.186,,,2026-09-15 02:25:51
广东省,珠江流域,高桥,2026-09-15 01:00,2,26.94802,7.43,6.71,156.7809,11.23695,0.69,0.009,0.064,1.12168,,,2026-09-15 02:25:51
广东省,珠江流域,深圳河口,2026-09-15 01:00,4,27.95002,7.01,4.76,12405.75,21.18046,4.31,0.509,0.161,3.06681,,,2026-09-15 02:25:51
广东省,珠江流域,小漠桥,2026-09-15 01:00,2,29.876,8.05,6.49,29787.15,7.565,2.32,,0.023,1.11,,,2026-09-15 02:25:51
广东省,珠江流域,共和村,2026-09-15 01:00,4,28.289,7.21,3.49,3660.963,16.196,4.4,0.488,0.145,6.579,,,2026-09-15 02:25:51
广东省,珠江流域,珠海大桥,2026-09-15 01:00,3,28.36,7.6,5.64,277.882,86.945,1.51,,0.063,2.441,,,2026-09-15 02:25:51
广东省,珠江流域,石角咀水闸,2026-09-15 01:00,4,29.62,7.33,4.54,504.409,87.983,2.81,,0.137,3.134,,,2026-09-15 02:25:51
广东省,珠江流域,鸡啼门大桥,2026-09-15 01:00,3,28.5,7.61,5.8,1196,139.9,1.94,,0.083,2.601,,,2026-09-15 02:25:51
广东省,珠江流域,布洲,2026-09-15 01:00,2,27.73,7.81,6.58,251.403,89.245,2.13,0.011,0.067,2.559,,,2026-09-15 02:25:51
广东省,珠江流域,隆都,2026-09-15 01:00,2,27.916,6.93,6.51,102.758,24.587,1.54,0.005,0.049,2.194,,,2026-09-15 02:25:51
广东省,珠江流域,海门湾桥闸,2026-09-15 01:00,4,30.1,7.31,3.67,345,48.94,4.2,1.145,0.158,3.685,,,2026-09-15 02:25:51
广东省,珠江流域,升平,2026-09-15 01:00,2,28.365,7.02,7.47,1444.111,24.35,1.66,0.027,0.056,1.685,,,2026-09-15 02:25:51
广东省,珠江流域,外砂,2026-09-15 01:00,2,28.382,7.13,7.08,103.946,30.912,1.31,0.04,0.038,1.188,,,2026-09-15 02:25:51
广东省,珠江流域,莲阳桥闸,2026-09-15 01:00,2,28.266,6.88,7.13,96.76,39.051,0.7,0.012,0.042,1.719,,,2026-09-15 02:25:51
广东省,珠江流域,大衙,2026-09-15 01:00,2,30.705,6.99,6.6,108.133,28.169,1.23,0.008,0.051,1.42634,,,2026-09-15 02:25:51
广东省,珠江流域,平洲,2026-09-15 01:00,3,28.269,7.48,5.86,190.693,21.355,2.2,0.13,0.061,2.288,,,2026-09-15 02:25:51
广东省,珠江流域,乌洲,2026-09-15 01:00,3,27.968,7.44,5.4,183.651,22.242,0.87,0.007,0.056,1.8,,,2026-09-15 02:25:51
广东省,珠江流域,古劳,2026-09-15 01:00,3,28.18617,7.41,5.64,233.7875,54.17208,2.19,0.11,0.067,1.98863,,,2026-09-15 02:25:51
广东省,珠江流域,苍山渡口,2026-09-15 01:00,3,29.17,7.58,5.01,5066.19,44.022,1.98,0.085,0.138,2.531,,,2026-09-15 02:25:51
广东省,珠江流域,牛湾,2026-09-15 01:00,4,29.53,6.72,4.08,170.28,33.28,3.37,0.033,0.106,2.413,,,2026-09-15 02:25:51
广东省,珠江流域,渠首,2026-09-15 01:00,3,29.46,7.44,5.23,125.19,27.8,5.7,0.053,0.028,0.792,0.01501,6404309,2026-09-15 02:25:51
广东省,珠江流域,黄坡,2026-09-15 01:00,4,28.43,6.86,3.74,147.7,35.81,4.36,0.425,0.135,2.418,,,2026-09-15 02:25:51
广东省,珠江流域,山角,2026-09-15 01:00,3,28.72,7.4,7.72,136.3,7.98,4.41,0.022,0.032,2.108,,,2026-09-15 02:25:51
广东省,珠江流域,运河管理局,2026-09-15 01:00,3,28.65,8.12,7.88,117.51,31.18,6,,0.014,0.883,,,2026-09-15 02:25:51
广东省,珠江流域,排里,2026-09-15 01:00,3,29.33,6.94,5.27,160.57,18.24,5.36,0.042,0.101,1.485,,,2026-09-15 02:25:51
广东省,珠江流域,南渡河桥,2026-09-15 01:00,5,28.66,6.38,2.2,184.29,24.09,4.62,1.389,0.078,3.906,,,2026-09-15 02:25:51
广东省,珠江流域,营仔,2026-09-15 01:00,4,29.11,6.97,4.05,179.7,16.72,5.54,0.129,0.073,1.955,,,2026-09-15 02:25:51
广东省,珠江流域,黄竹尾水闸,2026-09-15 01:00,4,29.44,6.93,4.32,143.02,31.17,3.08,0.07,0.117,2.695,,,2026-09-15 02:25:51
广东省,珠江流域,塘口,2026-09-15 01:00,4,28.93,6.84,4.45,141.41,21.5,2.3,0.263,0.133,2.6,,,2026-09-15 02:25:51
广东省,珠江流域,石碧,2026-09-15 01:00,5,28.382,6.19,2.94,249.453,98.648,6.44,0.8,0.298,3.921,,,2026-09-15 02:25:51
广东省,珠江流域,良德水库,2026-09-15 01:00,1,29.39,7.8,7.94,62.095,11.272,1.93,0.012,0.008,0.239,0.00633,4916110,2026-09-15 02:25:51
广东省,珠江流域,江口门,2026-09-15 00:00,3,29.17,6.74,5.42,127.3,19.98,2.67,0.137,0.108,2.222,,,2026-09-15 02:25:51
广东省,珠江流域,米急渡,2026-09-15 01:00,2,28.03,7.02,6.48,106.287,55.827,1.94,0.112,0.099,1.862,,,2026-09-15 02:25:51
广东省,珠江流域,梁村,2026-09-15 01:00,2,28.0166,7.56,7.27,172.6652,25.01184,1.26,0.005,0.061,1.764,,,2026-09-15 02:25:51
广东省,珠江流域,封开城上,2026-09-15 01:00,2,28.217,7.72,6.77,276.613,40.913,1.51,0.003,0.04,3.14,,,2026-09-15 02:25:51
广东省,珠江流域,白沙街,2026-09-15 01:00,2,28.665,8.42,9.66,206.049,7.873,1.41,0.015,0.042,1.401,,,2026-09-15 02:25:51
广东省,珠江流域,黄岗,2026-09-15 01:00,2,28.367,7.74,6,238.601,36.028,2.28,0.002,0.03,2.959,,,2026-09-15 02:25:51
广东省,珠江流域,永安,2026-09-15 01:00,2,28.431,7.38,6.21,250.983,45.475,2.05,0.004,0.044,2.86,,,2026-09-15 02:25:51
广东省,珠江流域,紫溪,2026-09-15 01:00,4,29.745,6.99,3.19,463.318,26.682,2.97,0.33,0.099,6.39,,,2026-09-15 02:25:51
广东省,珠江流域,东江江口,2026-09-15 01:00,2,28.82,7.14,7.28,94.03007,11.01049,1.3,0.007,0.029,1.605,,,2026-09-15 02:25:51
广东省,珠江流域,博罗城下,2026-09-15 01:00,2,28.338,7.13,6.55,127.827,17.469,1.82,0.023,0.055,2.042,,,2026-09-15 02:25:51
广东省,珠江流域,惠州汝湖,2026-09-15 01:00,2,28.974,7.08,7.89,97.874,10.635,1.92,0.004,0.038,1.503,,,2026-09-15 02:25:51
广东省,珠江流域,沙河河口,2026-09-15 01:00,4,28.854,6.85,4.82,286.506,20.944,1.82,0.314,0.083,2.667,,,2026-09-15 02:25:51
广东省,珠江流域,马安大桥下,2026-09-15 01:00,3,28.98,6.61,5.05,70.009,13.979,1.93,0.181,0.065,1.625,,,2026-09-15 02:25:51
广东省,珠江流域,虎爪断桥,2026-09-15 01:00,5,29.671,7.3,3.86,3977.401,15.061,5.05,1.801,0.197,7.363,,,2026-09-15 02:25:51
广东省,珠江流域,公庄河口,2026-09-15 01:00,3,29,7.21,7.31,171.6,35.9,2.39,0.024,0.109,1.891,,,2026-09-15 02:25:51
广东省,珠江流域,青溪,2026-09-15 01:00,3,26.71328,6.91,5.01,102.0433,10.97274,0.86,0.031,0.052,1.11737,,,2026-09-15 02:25:51
广东省,珠江流域,大麻,2026-09-15 01:00,2,27.646,7.09,6.35,104.254,38.614,1.38,,0.056,2.183,,,2026-09-15 02:25:51
广东省,珠江流域,西阳电站,2026-09-15 01:00,3,28.522,7.11,5.56,125.085,18.234,1.64,0.064,0.066,2.093,,,2026-09-15 02:25:51
广东省,珠江流域,五丰渡口,2026-09-15 01:00,2,25.96,6.78,7.16,74.1,69.08,1.49,0.095,0.05,4.1933,,,2026-09-15 02:25:51
广东省,珠江流域,新铺,2026-09-15 01:00,2,27.51,7.34,7.22,89.334,36.785,1.14,0.208,0.038,1.6193,,,2026-09-15 02:25:51
广东省,珠江流域,海丰西闸,2026-09-15 02:00,3,30.44,7.18,5.47,74,2.8,2.2,0.001,0.037,0.535,,,2026-09-15 02:25:51
广东省,珠江流域,陆丰半湾水闸,2026-09-15 01:00,2,29.234,7.89,9.54,57.09,10.51,1.32,0.009,0.029,1.03,,,2026-09-15 02:25:51
广东省,珠江流域,东溪水闸,2026-09-15 02:00,4,30.72,6.72,4.28,228.287,36.334,4.56,0.254,0.061,1.504,,,2026-09-15 02:25:51
广东省,珠江流域,庙咀里,2026-09-15 01:00,2,26.331,6.89,7.58,144.027,17.3,1.14,0.034,0.033,1.611,,,2026-09-15 02:25:51
广东省,珠江流域,龙川城铁路桥,2026-09-15 01:00,3,27.235,6.62,5.86,85.317,18.631,1.55,0.011,0.038,1.531,,,2026-09-15 02:25:51
广东省,珠江流域,江城,2026-09-15 01:00,3,28.91,6.89,5.83,126.538,19.461,2.76,0.214,0.118,1.581,,,2026-09-15 02:25:51
广东省,珠江流域,尖山,2026-09-15 01:00,4,28.54,6.71,3.59,218.62,37.24,5.33,0.334,0.175,2.347,,,2026-09-15 02:25:51
广东省,珠江流域,埠场,2026-09-15 01:00,3,29.01,6.88,5.26,253.615,19.04,3.06,0.184,0.119,1.412,,,2026-09-15 02:25:51
广东省,珠江流域,大泉,2026-09-15 01:00,4,27.29,6.59,4.02,1189.1,40,5.44,0.758,0.23,2.366,,,2026-09-15 02:25:51
广东省,珠江流域,北江石尾,2026-09-15 01:00,2,27.95,7.63,7.51,171.374,7.089,1.12,0.006,0.042,1.11,,,2026-09-15 02:25:51
广东省,珠江流域,石角,2026-09-15 01:00,2,28.0685,7.8,7.76,169.7119,9.79834,1.44,0.003,0.061,1.459,,,2026-09-15 02:25:51
广东省,珠江流域,连江西牛,2026-09-15 01:00,2,27.643,8.37,10.76,208.113,7.461,1.3,0.001,0.021,0.926,,,2026-09-15 02:25:51
广东省,珠江流域,樟村,2026-09-15 01:00,5,30.01,7.03,2.96,428.229,17.65,3.31,1.274,0.19,5.753,,,2026-09-15 02:25:51
广东省,珠江流域,沙田泗盛,2026-09-15 01:00,4,28.81,6.75,3.74,707.26,63.31,2.88,,0.08,2.833,,,2026-09-15 02:25:51
广东省,珠江流域,旗岭,2026-09-15 01:00,5,29.36,6.94,3.63,377.881,24.99,2.89,1.522,0.19,5.876,,,2026-09-15 02:25:51
广东省,珠江流域,石龙南河,2026-09-15 01:00,2,29.35,6.89,6.35,117.867,21.201,1.37,,0.059,1.627,,,2026-09-15 02:25:51
广东省,珠江流域,中山港码头,2026-09-15 01:00,2,28.55,7.61,6.49,251.33,75.822,1.47,0.14,0.074,2.887,,,2026-09-15 02:25:51
广东省,珠江流域,赤凤,2026-09-15 01:00,3,27.27,6.89,7.12,88.33,53.5,1.4,,0.125,1.538,,,2026-09-15 02:25:51
广东省,珠江流域,凤江桥,2026-09-15 01:00,2,28.081,6.91,7.15,98.989,30.953,1.96,0.07,0.088,2.297,,,2026-09-15 02:25:51
广东省,珠江流域,隆溪大道桥,2026-09-15 01:00,3,28.553,6.45,5.71,81.812,13.44,1.46,0.045,0.029,1.358,,,2026-09-15 02:25:51
广东省,珠江流域,龙石,2026-09-15 01:00,4,29.538,6.78,3.18,139.762,14.08,2.46,1.038,0.125,3.221,,,2026-09-15 02:25:51
广东省,珠江流域,龟山塔,2026-09-15 01:00,2,29.16,7.22,7.41,73.511,10.784,1.19,0.13,0.068,1.0663,,,2026-09-15 02:25:51
广东省,珠江流域,古封,2026-09-15 01:00,2,28.11,7.79,6.68,268.92,32.09,1.82,0.035,0.044,2.468,,,2026-09-15 02:25:51
广东省,珠江流域,都骑,2026-09-15 01:00,2,28.09,7.68,7.82,254.498,16.142,1.75,0.005,0.028,2.341,,,2026-09-15 02:25:51
广西壮族自治区,珠江流域,老口,2026-09-15 01:00,2,27.84098,7.87,8.39,300.9102,15.79846,0.99,,0.031,2.795244,,,2026-09-15 02:25:51
广西壮族自治区,珠江流域,叮当,2026-09-15 01:00,2,27.87,7.56,6.77,318.121,12.885,1.37,0.033,0.065,3.9687,,,2026-09-15 02:25:51
广西壮族自治区,珠江流域,六景,2026-09-15 01:00,2,27.75,7.86,6.66,306.37,18.6,1.4,0.032,0.035,2.778,,,2026-09-15 02:25:51
广西壮族自治区,珠江流域,雁江,2026-09-15 00:00,2,28.06728,7.84,6.27,360.022,4.24107,1.19,0.008,0.02,1.71938,,,2026-09-15 02:25:51
广西壮族自治区,珠江流域,上中,2026-09-15 01:00,2,28.26,7.69,6.39,299.7867,16.87431,1.42,0.04,0.02,3.10415,,,2026-09-15 02:25:51
广西壮族自治区,珠江流域,白马,2026-09-15 01:00,2,27.11,7.99,7.37,391.5,6.17,1.2,0.047,0.028,2.544,,,2026-09-15 02:25:51
广西壮族自治区,珠江流域,露塘,2026-09-15 01:00,1,28.05,8.06,8.55,207.8658,1.36045,0.67,0.002,0.007,1.21909,,,2026-09-15 02:25:51
广西壮族自治区,珠江流域,渔村,2026-09-15 01:00,1,29.024,8.26,8.08,212.719,3.274,1.17,0.016,0.017,1.398,,,2026-09-15 02:25:51
广西壮族自治区,珠江流域,木洞,2026-09-15 01:00,1,28.661,7.65,7.64,90.867,0.236,0.32,0.012,0.005,0.547,,,2026-09-15 02:25:51
广西壮族自治区,珠江流域,龙溪,2026-09-15 01:00,2,27.19,8.17,8.76,169.831,2.777,1.43,0.003,0.022,1.623,,,2026-09-15 02:25:51
广西壮族自治区,珠江流域,阳朔,2026-09-15 01:00,2,27.19,8.28,7.94,221.969,2.33,1.08,0.019,0.035,1.5764,,,2026-09-15 02:25:51
广西壮族自治区,珠江流域,交州,2026-09-15 01:00,1,25.868,7.42,7.89,66.071,0.778,0.36,0.007,0.011,0.467,,,2026-09-15 02:25:51
广西壮族自治区,珠江流域,京南,2026-09-15 01:00,2,28.37392,7.71,7.42,157.7127,2.71313,1.5,0.013,0.051,1.361,,,2026-09-15 02:25:51
广西壮族自治区,珠江流域,亚桥,2026-09-15 01:00,2,27.15,7.2,8.27,234.042,28.77,1.18,0.015,0.087,2.513,,,2026-09-15 02:25:51
广西壮族自治区,珠江流域,东边埇,2026-09-15 01:00,2,26.96,6.65,6.36,72.3046,22.0162,2.31,0.045,0.078,1.53,,,2026-09-15 02:25:51
广西壮族自治区,珠江流域,南域,2026-09-15 01:00,2,28.81,7.01,6.17,294.6016,22.10284,3.64,0.025,0.078,3.03284,,,2026-09-15 02:25:51
广西壮族自治区,珠江流域,西门江,2026-09-15 01:00,3,28.37,6.92,5.63,244.314,31.701,2.46,0.155,0.131,3.2582,,,2026-09-15 02:25:51
广西壮族自治区,珠江流域,高速公路桥,2026-09-15 01:00,2,27.27,7.47,6.71,166.1,12.3,3.7,0.144,0.091,1.8266,,,2026-09-15 02:25:51
广西壮族自治区,珠江流域,三滩,2026-09-15 01:00,2,27.47,6.89,7.34,3243.22,6.3,2.02,0.259,0.055,1.001,,,2026-09-15 02:25:51
广西壮族自治区,珠江流域,边贸码头,2026-09-15 01:00,2,27.75,6.89,6.8,78.58,6.89,1.22,0.496,0.084,1.699,,,2026-09-15 02:25:51
广西壮族自治区,珠江流域,高塘,2026-09-15 01:00,2,27.9,6.54,6.8,65.41,15.51,2.19,0.027,0.055,1.878,,,2026-09-15 02:25:51
广西壮族自治区,珠江流域,茅岭大桥,2026-09-15 01:00,2,28.35,7.24,7.21,1238.49,11.25,2.05,0.01,0.044,1.013,,,2026-09-15 02:25:51
广西壮族自治区,珠江流域,钦江东,2026-09-15 01:00,2,27.37502,7.64,7.39,236.5073,75.21408,2.39,0.075,0.041,2.46989,,,2026-09-15 02:25:51
广西壮族自治区,珠江流域,高速公路西桥,2026-09-15 01:00,3,28.03,7.38,5.86,1933.89,116.24,5.02,0.333,0.144,3.94,,,2026-09-15 02:25:51
广西壮族自治区,珠江流域,武林渡口,2026-09-15 01:00,2,27.847,7.83,6.71,302.613,24.359,1.77,0.043,0.047,3.18,,,2026-09-15 02:25:51
广西壮族自治区,珠江流域,火电厂,2026-09-15 01:00,2,28.072,7.73,6.78,293.34,32.073,1.97,0.009,0.04,2.974,,,2026-09-15 02:25:51
广西壮族自治区,珠江流域,自良渡口,2026-09-15 01:00,3,28.17,7.11,5.98,121.3994,25.19804,1.4,0.017,0.062,1.92181,,,2026-09-15 02:25:51
广西壮族自治区,珠江流域,横塘,2026-09-15 01:00,3,27.85,7.32,7.06,418.7363,12.03325,2.12,0.008,0.129,2.9769,,,2026-09-15 02:25:51
广西壮族自治区,珠江流域,隘屯,2026-09-15 01:00,1,23.11959,8.02,10.11,357.2122,6.486861,0.17,0.01,0.017,1.697288,,,2026-09-15 02:25:51
广西壮族自治区,珠江流域,公篓,2026-09-15 01:00,1,26.46,8.15,8.12,289.26,9.52,1.22,0.03,0.019,1.247,,,2026-09-15 02:25:51
广西壮族自治区,珠江流域,桂花,2026-09-15 01:00,2,25.89,7.87,8.44,190.4946,4.52051,1.27,0.005,0.041,1.40048,,,2026-09-15 02:25:51
广西壮族自治区,珠江流域,贺街,2026-09-15 01:00,2,26.74,7.87,7.43,210.88,14.481,0.64,0.04,0.038,1.517,,,2026-09-15 02:25:51
广西壮族自治区,珠江流域,杨民,2026-09-15 01:00,2,27.639,7.81,7.06,353.84,1.33,1.16,0.014,0.014,2.109,,,2026-09-15 02:25:51
广西壮族自治区,珠江流域,岩滩水库,2026-09-15 01:00,2,27.588,8.34,10.88,307.913,10.641,1.81,0.01,0.02,2.084,0.010807,3287101,2026-09-15 02:25:51
广西壮族自治区,珠江流域,车渡,2026-09-15 01:00,2,26.557,7.83,7.02,373.916,9.01,0.84,0.014,0.02,2.688,,,2026-09-15 02:25:51
广西壮族自治区,珠江流域,垒亭,2026-09-15 01:00,2,26.02177,7.76,6.72,372.8722,6.12562,0.8,0.02,0.016,2.03018,,,2026-09-15 02:25:51
广西壮族自治区,珠江流域,象州运江老街,2026-09-15 01:00,1,27.879,7.96,7.52,214.452,8.611,0.83,0.005,0.013,1.468,,,2026-09-15 02:25:51
广西壮族自治区,珠江流域,勒马,2026-09-15 01:00,2,27.568,7.89,7.17,322.716,3.664,1.14,0.001,0.022,2.39,,,2026-09-15 02:25:51
广西壮族自治区,珠江流域,上金,2026-09-15 01:00,3,27.9,6.78,5.81,143.3659,71.6408,1.69,,0.026,2.1063,,,2026-09-15 02:25:51
广西壮族自治区,珠江流域,渠立,2026-09-15 01:00,1,27.02,7.78,8.49,262.583,30.172,0.75,,0.016,2.335,,,2026-09-15 02:25:51
广西壮族自治区,珠江流域,棉江,2026-09-15 01:00,2,27.86,7.75,6.79,210.185,30.758,1.13,0.047,0.022,1.9403,,,2026-09-15 02:25:51
海南省,珠江流域,龙塘,2026-09-15 01:00,6,24.2,7.95,7.69,,26.5,6.71,0.403,0.537,,,,2026-09-15 02:25:51
海南省,珠江流域,儒房,2026-09-15 01:00,3,28.2,7.22,6.04,641.05,99.1,4.05,0.115,0.118,1.574,,,2026-09-15 02:25:51
海南省,珠江流域,后黎村,2026-09-15 01:00,3,27.2,6.92,6.67,76.9,124.2,4.64,0.067,0.177,1.56,,,2026-09-15 02:25:51
海南省,珠江流域,崖城大桥,2026-09-15 01:00,2,27.1,6.98,8.36,93.11,149.4,3.33,0.035,0.064,3.823,,,2026-09-15 02:25:51
海南省,珠江流域,藤桥河大桥,2026-09-15 01:00,5,26.34,6.04,8.41,55.33,982.88,12.96,,0.247,,,,2026-09-15 02:25:51
海南省,珠江流域,松涛水库南丰库心,2026-09-15 01:00,3,28.87082,7.32,5.65,76.41602,0.8161118,0.52,0.006,0.007,0.3219512,0.01709992,3218936,2026-09-15 02:25:51
海南省,珠江流域,上村桥,2026-09-15 01:00,3,27.3,7.01,7.7,102.7,163.3,5.87,0.023,0.134,1.809,,,2026-09-15 02:25:51
海南省,珠江流域,中和桥,2026-09-15 01:00,4,26.5,6.83,6.2,83.4,290.5,6.36,0.109,0.265,0.832,,,2026-09-15 02:25:51
海南省,珠江流域,羊头外村桥,2026-09-15 01:00,6,26.88,5.88,5.04,46.87,103.32,6.37,0.045,0.174,2.047,,,2026-09-15 02:25:51
海南省,珠江流域,农垦橡胶所一队,2026-09-15 01:00,2,27.2,6.66,8.12,68.2,12.5,1.53,0.032,0.027,1.948,,,2026-09-15 02:25:51
海南省,珠江流域,水涯新区,2026-09-15 01:00,4,27.5,6.57,4.96,123.4,20.9,3.62,0.179,0.076,2.276,,,2026-09-15 02:25:51
海南省,珠江流域,分洪桥,2026-09-15 01:00,3,26.59,6.15,7.69,57.58,130.62,5.26,0.044,0.119,1.161,,,2026-09-15 02:25:51
海南省,珠江流域,后山村,2026-09-15 01:00,5,26.72,6.6,2.94,92.1017,64.3369,5.87,0.048,0.233,3.826,,,2026-09-15 02:25:51
海南省,珠江流域,大广坝水库出口,2026-09-15 01:00,3,26.075,7.15,7.06,66.959,151.473,1.2,0.035,0.034,1.047,0.008351,9202460,2026-09-15 02:25:51
海南省,珠江流域,罗带铁路桥,2026-09-15 01:00,6,27,6.91,7.63,255.7,335.4,7.58,0.008,0.518,3.117,,,2026-09-15 02:25:51
海南省,珠江流域,山口,2026-09-15 01:00,3,27.3,6.87,7.74,78.36,76.29,4.78,0.075,0.093,1.587,,,2026-09-15 02:25:51
海南省,珠江流域,白仞滩电站,2026-09-15 01:00,5,26.7,6.9,7.03,104.2,280.5,9.02,0.102,0.361,1.761,,,2026-09-15 02:25:51
海南省,珠江流域,大风,2026-09-15 01:00,5,26.71393,6.35,7.53,85.26891,511.5982,7.27,0.006,0.338,0.9177659,,,2026-09-15 02:25:51
海南省,珠江流域,叉河口,2026-09-15 01:00,2,26.5,7.06,8.09,91.9,73.1,2.35,0.012,0.061,1.969,,,2026-09-15 02:25:51
海南省,珠江流域,跨界桥,2026-09-15 01:00,5,24.4,6.59,7.98,43,,13.09,,0.309,19.041,,,2026-09-15 02:25:51
海南省,珠江流域,大溪村,2026-09-15 01:00,4,25.3,6.6,8.53,52.7,514.8,6.56,,0.227,1.317,,,2026-09-15 02:25:51
重庆市,长江流域,晒网坝,2026-09-15 01:00,2,26.59,8.03,7.01,408.376,11.3736,1.39,,0.043,1.685,,,2026-09-15 02:25:51
重庆市,长江流域,向家,2026-09-15 01:00,2,26.84,8.36,8.34,231.482,19.052,3.36,0.014,0.031,0.954,,,2026-09-15 02:25:51
重庆市,长江流域,磨刀溪长滩,2026-09-15 01:00,3,24.28,7.62,5.43,179.928,17.073,2.8,0.006,0.031,0.734,,,2026-09-15 02:25:51
重庆市,长江流域,清溪场,2026-09-15 01:00,2,24.85,8,7.4,391.2568,16.6783,1.04,0.001,0.041,1.225,,,2026-09-15 02:25:51
重庆市,长江流域,木瓜洞,2026-09-15 01:00,4,26.64,7.4,4.46,341.9874,21.6329,4.67,0.023,0.108,1.558,,,2026-09-15 02:25:51
重庆市,长江流域,寸滩,2026-09-15 01:00,2,24.95,8,7.62,440.199,50.267,1.72,0.046,0.09,1.909,,,2026-09-15 02:25:51
重庆市,长江流域,和尚山,2026-09-15 02:00,2,25.38,7.95,6.57,406.74,48.51,1.68,0.205,0.076,1.703,,,2026-09-15 02:25:51
重庆市,长江流域,北温泉,2026-09-15 01:00,2,28.433,7.91,7.56,338.988,36.2665,2.02,,0.011,1.808,,,2026-09-15 02:25:51
重庆市,长江流域,寨溪大桥,2026-09-15 01:00,2,26.23,7.86,7.41,978.2899,12.5438,2.72,0.024,0.042,1.785,,,2026-09-15 02:25:51
重庆市,长江流域,石门坎,2026-09-15 01:00,1,24.53,8.12,7.84,504.46,2,0.64,0.004,0.006,1.352,,,2026-09-15 02:25:51
重庆市,长江流域,玉滩水库,2026-09-15 01:00,3,27.19,7.54,5.57,417.2135,14.35505,2.5,0.051,0.009,0.81834,0.04264177,1.595173,2026-09-15 02:25:51
重庆市,长江流域,御临镇,2026-09-15 01:00,4,28.89,7.52,3.78,410.409,15.068,2.71,,0.038,1.549,,,2026-09-15 02:25:51
重庆市,长江流域,黎家乡崔家岩村,2026-09-15 01:00,5,26.64,7.24,2.16,356.01,21.2,4.37,0.194,0.061,1.089,,,2026-09-15 02:25:51
重庆市,长江流域,运输桥,2026-09-15 01:00,5,26.49,7.32,2.07,341.6089,7.1161,4.53,0.054,0.113,0.689,,,2026-09-15 02:25:51
重庆市,长江流域,六剑滩,2026-09-15 01:00,4,27.75,7.37,3.74,318.2,17.41,4.84,0.03,0.145,1.359,,,2026-09-15 02:25:51
重庆市,长江流域,支坪街道,2026-09-15 01:00,2,26.86,8.17,6.84,507.005,32.3612,2.06,,0.046,1.83,,,2026-09-15 02:25:51
重庆市,长江流域,江津大桥,2026-09-15 01:00,2,24.09,8.02,7.61,418.83,60.44,1.92,0.002,0.085,2.013,,,2026-09-15 02:25:51
重庆市,长江流域,朱杨溪,2026-09-15 01:00,3,27.92,7.7,6.71,674.27,18.33,4.06,0.029,0.157,4.43,,,2026-09-15 02:25:51
重庆市,长江流域,北渡,2026-09-15 01:00,2,27.14,7.87,6.88,617.516,19.198,1.72,0.108,0.062,1.962,,,2026-09-15 02:25:51
重庆市,长江流域,白杨溪,2026-09-15 01:00,2,27.01,7.7,7.26,126.277,10.221,2.92,,0.02,1.026,,,2026-09-15 02:25:51
重庆市,长江流域,太和,2026-09-15 01:00,2,27.44,7.86,6.49,368.56,12.3,1.96,0.029,0.031,1.963,,,2026-09-15 02:25:51
重庆市,长江流域,官渡,2026-09-15 01:00,4,29.85,7.67,4.95,315.1176,10.81,3.46,,0.059,1.989,,,2026-09-15 02:25:51
重庆市,长江流域,临渡,2026-09-15 01:00,3,28.15,7.66,5.86,403.3,18.949,2.28,0.004,0.042,1.901,,,2026-09-15 02:25:51
重庆市,长江流域,渠江码头,2026-09-15 01:00,4,29.02,7.34,3.77,279.993,10.734,2.8,0.007,0.055,1.616,,,2026-09-15 02:25:51
重庆市,长江流域,朱沱,2026-09-15 01:00,2,23.98,8.06,7.21,434.3,36.78,1.69,0.02,0.095,1.965,,,2026-09-15 02:25:51
重庆市,长江流域,四明水厂,2026-09-15 01:00,3,26.85,8.11,7.57,390.2,2.7,5.97,0.015,0.083,1.144,,,2026-09-15 02:25:51
重庆市,长江流域,金狮桥,2026-09-15 01:00,1,21.1,8.24,8.7,216.075,5.265,1.21,,0.006,0.843,,,2026-09-15 02:25:51
重庆市,长江流域,璧南河两河口,2026-09-15 01:00,3,26.43,7.61,6.17,656.96,13.075,4.64,0.046,0.115,1.287,,,2026-09-15 02:25:51
重庆市,长江流域,中和,2026-09-15 01:00,6,27.74,7.27,0.86,543.8,6.02,5,0.462,0.164,0.918,,,2026-09-15 02:25:51
重庆市,长江流域,玉溪,2026-09-15 01:00,2,24.68,7.76,7.55,446.4844,21.2867,2.19,0.051,0.046,1.872,,,2026-09-15 02:25:51
重庆市,长江流域,高洞电站,2026-09-15 01:00,5,28.19,7.42,2.1,717.791,5.239,5.03,0.34,0.078,2.311,,,2026-09-15 02:25:51
重庆市,长江流域,巫山乡,2026-09-15 01:00,2,23.57,7.69,8.13,258.883,12.736,3.64,0.006,0.099,1.377,,,2026-09-15 02:25:51
重庆市,长江流域,上河坝,2026-09-15 02:00,3,25.55,7.65,5.81,479.45,6.26,4.33,0.149,0.108,0.665,,,2026-09-15 02:25:51
重庆市,长江流域,芙蓉洞码头,2026-09-15 01:00,1,27.35,8.49,10.97,264.49,14.2,0.77,,0.011,1.247,,,2026-09-15 02:25:51
重庆市,长江流域,鸭江镇,2026-09-15 01:00,2,26.73,7.88,7.92,495.511,4.329,2.07,,0.056,2.582,,,2026-09-15 02:25:51
重庆市,长江流域,江口镇,2026-09-15 01:00,2,26.218,7.94,6.49,323.39,0.891,0.52,,0.011,1.468,,,2026-09-15 02:25:51
重庆市,长江流域,土堡寨,2026-09-15 01:00,1,17.99,8.27,9.43,504.663,2.125,0.29,,0.004,0.502,,,2026-09-15 02:25:51
重庆市,长江流域,水寨子,2026-09-15 01:00,1,22.52,8.21,7.94,255.207,3.754,1.22,,0.014,0.508,,,2026-09-15 02:25:51
重庆市,长江流域,湖海场,2026-09-15 01:00,2,25.57,7.74,7.2,270.758,15.768,2.96,0.061,0.096,1.621,,,2026-09-15 02:25:51
重庆市,长江流域,卫星桥,2026-09-15 01:00,3,26.01,7.71,5.38,380.6646,14.9078,2.95,0.051,0.058,0.437,,,2026-09-15 02:25:51
重庆市,长江流域,高洞梁,2026-09-15 01:00,3,25.64,7.82,5.76,516.988,23.487,2.71,0.016,0.039,0.216,,,2026-09-15 02:25:51
重庆市,长江流域,苏家,2026-09-15 01:00,2,25.15,7.98,7.2,409.5425,20.4463,1.36,,0.036,1.514,,,2026-09-15 02:25:51
重庆市,长江流域,清水湖渡口,2026-09-15 01:00,2,25.01,9,17.47,201.9,5.6011,2.07,0.006,0.02,1.322,,,2026-09-15 02:25:51
重庆市,长江流域,小江河口,2026-09-15 01:00,3,26.62,7.88,5.61,368.45,3.49,2.78,0.008,0.036,1.698,,,2026-09-15 02:25:51
重庆市,长江流域,汤溪河江口,2026-09-15 01:00,1,20.78,8.03,8.52,313.687,11.16,0.4,,0.007,0.814,,,2026-09-15 02:25:51
重庆市,长江流域,罗汉大桥,2026-09-15 01:00,2,25.21,8.19,8.17,349.78,11.46,0.86,0.018,0.028,0.76,,,2026-09-15 02:25:51
重庆市,长江流域,白帝城,2026-09-15 01:00,2,26.24,7.85,6.45,363.535,28.246,1.06,0.004,0.044,1.615,,,2026-09-15 02:25:51
重庆市,长江流域,培石,2026-09-15 01:00,2,26.3043,7.75,6.9,398.8449,11.5864,1.24,0.082,0.058,2.009,,,2026-09-15 02:25:51
重庆市,长江流域,花台,2026-09-15 01:00,1,20.38,8.13,7.97,422.0265,13.4643,0.63,,0.012,0.844,,,2026-09-15 02:25:51
重庆市,长江流域,化杠,2026-09-15 01:00,2,17.47,7.81,8.47,175.71,9.05,2.09,,0.054,2.1242,,,2026-09-15 02:25:51
重庆市,长江流域,万木,2026-09-15 01:00,2,23.95,7.78,6.18,428.71,1.6,0.85,0.001,0.034,3.46,,,2026-09-15 02:25:51
重庆市,长江流域,红花村,2026-09-15 01:00,3,23.714,7.7,5.19,231.681,2.025,1.04,,0.01,1.688,,,2026-09-15 02:25:51
重庆市,长江流域,南洞沟,2026-09-15 01:00,2,24.55,8.18,6.4,324.775,11.154,0.6,,0.015,0.412,,,2026-09-15 02:25:51
重庆市,长江流域,郁江桥,2026-09-15 01:00,2,24.54,7.88,7.41,295.63,13.229,0.92,,0.022,1.216,,,2026-09-15 02:25:51
四川省,长江流域,二江寺,2026-09-15 01:00,3,21.69,7.81,5.71,495,20.1,2.51,0.249,0.117,2.993,,,2026-09-15 02:25:51
四川省,长江流域,岳店子下,2026-09-15 01:00,3,22.2261,7.88,6.36,451.3764,5.28304,2.26,0.084,0.163,4.47411,,,2026-09-15 02:25:51
四川省,长江流域,三邑大桥,2026-09-15 00:00,2,21.71,7.85,6.83,286.9,29.47,1.28,0.002,0.038,1.6815,,,2026-09-15 02:25:51
四川省,长江流域,宏缘,2026-09-15 01:00,3,21.85,7.93,8.15,440.46,13.22,1.99,0.1,0.117,3.212,,,2026-09-15 02:25:51
四川省,长江流域,李家湾,2026-09-15 01:00,3,24.38,7.55,7.48,356.3,66.8,3.67,0.002,0.158,3.603,,,2026-09-15 02:25:51
四川省,长江流域,廖家堰,2026-09-15 01:00,3,25.986,7.83,7.39,1008.91,27.587,4.07,0.173,0.174,2.293,,,2026-09-15 02:25:51
四川省,长江流域,脚仙村,2026-09-15 01:00,3,23.34,7.51,8.06,360.5,54.2,3.89,0.202,0.182,3.977,,,2026-09-15 02:25:51
四川省,长江流域,龙洞,2026-09-15 01:00,1,21.27,8.25,8.11,686,8.79,1.14,0.01,0.01,0.62718,,,2026-09-15 02:25:51
四川省,长江流域,倮果,2026-09-15 01:00,1,22.46,8.24,7.78,690.5797,11.22647,1.07,0.007,0.014,0.69703,,,2026-09-15 02:25:51
四川省,长江流域,雅砻江口,2026-09-15 01:00,1,19.41,7.59,7.92,261.6063,9.3975,1.3,0.009,0.012,0.67817,,,2026-09-15 02:25:51
四川省,长江流域,柏枝,2026-09-15 01:00,1,19.68,8.09,7.98,190.7199,9.04029,1.05,0.004,0.008,0.47385,,,2026-09-15 02:25:51
四川省,长江流域,湾凼,2026-09-15 01:00,3,25.05677,7.59,5.16,691.4791,7.742262,3.89,0.004,0.032,0.310005,,,2026-09-15 02:25:51
四川省,长江流域,手爬岩,2026-09-15 01:00,2,23.74,7.88,7.42,445.967,34.181,1.66,,0.059,1.7648,,,2026-09-15 02:25:51
四川省,长江流域,沱江大桥,2026-09-15 01:00,3,26.23,7.88,7.46,458.748,68.9856,1.87,0.019,0.161,2.776442,,,2026-09-15 02:25:51
四川省,长江流域,醒觉溪,2026-09-15 01:00,2,26.35,8.43,8.33,401.4,18.02,1.98,0.024,0.04,2.759,,,2026-09-15 02:25:51
四川省,长江流域,胡市大桥,2026-09-15 01:00,5,29.07,7.35,2.22,426.5768,9.2238,5.31,0.145,0.153,1.0214,,,2026-09-15 02:25:51
四川省,长江流域,大磨子,2026-09-15 01:00,3,25.26,7.49,7.83,412.57,56.455,2.52,0.113,0.13,2.803,,,2026-09-15 02:25:51
四川省,长江流域,泸天化大桥,2026-09-15 01:00,2,27.19,8,7.82,422.94,15.3602,1.54,,0.034,2.7592,,,2026-09-15 02:25:51
四川省,长江流域,纳溪大渡口,2026-09-15 01:00,2,23.62,7.81,7.41,402.122,16.461,1.26,,0.068,1.6788,,,2026-09-15 02:25:51
四川省,长江流域,两汇水,2026-09-15 01:00,2,24.25211,7.88,7.89,154.6011,10.98936,1.67,0.008,0.042,1.038,,,2026-09-15 02:25:51
四川省,长江流域,太平渡,2026-09-15 02:00,2,25.32911,8.36,7.68,530.1234,16.83905,1.26,0.025,0.041,3.889,,,2026-09-15 02:25:51
四川省,长江流域,八角,2026-09-15 01:00,3,21.99,7.87,6.11,535.9,15.85,1.09,0.096,0.13,2.43,,,2026-09-15 02:25:51
四川省,长江流域,象山,2026-09-15 01:00,5,24.62,7.3,2.62,469.17,10,4.19,0.222,0.163,1.567,,,2026-09-15 02:25:51
四川省,长江流域,双江桥,2026-09-15 01:00,3,21.57,8.2,8.06,557.26,47.82,1.91,0.017,0.145,2.811,,,2026-09-15 02:25:51
四川省,长江流域,三川,2026-09-15 01:00,4,21.28,7.93,7.95,568.3,35.61,1.32,0.012,0.249,3.529,,,2026-09-15 02:25:51
四川省,长江流域,西平镇,2026-09-15 01:00,3,21.76,8.12,7.81,519.7,37.63,2.61,0.011,0.151,4.425,,,2026-09-15 02:25:51
四川省,长江流域,平武水文站,2026-09-15 01:00,1,14.39,8.4,9.17,244.4477,39.69566,0.5,0.009,0.01,0.78721,,,2026-09-15 02:25:51
四川省,长江流域,丰谷,2026-09-15 01:00,2,20.98266,7.86,8.15,283.617,19.02807,0.99,0.043,0.039,0.18953,,,2026-09-15 02:25:51
四川省,长江流域,鲁班岛,2026-09-15 01:00,2,23.61267,8.41,6.93,254.7161,5.33566,1.44,0.01,0.013,0.24128,0.00425,1.117503,2026-09-15 02:25:51
四川省,长江流域,北川通口,2026-09-15 01:00,1,17.7254,8.26,9.37,232.8564,59.82659,0.91,0.003,0.007,1.08429,,,2026-09-15 02:25:51
四川省,长江流域,八庙沟,2026-09-15 01:00,1,21.03,8.28,8.29,319.3938,46.62748,1.83,0.007,0.02,2.41323,,,2026-09-15 02:25:51
四川省,长江流域,姚渡,2026-09-15 01:00,1,18.70072,8.22,8.72,337.5322,25.99099,1.47,0.017,0.001,1.657,,,2026-09-15 02:25:51
四川省,长江流域,苴国村,2026-09-15 01:00,1,23.48,7.99,7.56,293.6204,5.11966,1.32,0.005,0.01,1.12083,,,2026-09-15 02:25:51
四川省,长江流域,上石盘,2026-09-15 01:00,1,22.81,8.24,8.05,348.9714,13.89241,1.27,0.01,0.017,1.38417,,,2026-09-15 02:25:51
四川省,长江流域,清泉乡,2026-09-15 01:00,3,25.4,7.62,5.43,283.8,7.5592,1.73,0.028,0.028,0.865,,,2026-09-15 02:25:51
四川省,长江流域,大安,2026-09-15 01:00,6,26.23,7.47,1.01,560.506,5.9,4.84,0.542,0.283,1.2363,,,2026-09-15 02:25:51
四川省,长江流域,百顷,2026-09-15 01:00,2,21.89,7.89,7.82,365.86,12.89,1.55,0.072,0.06,2.201,,,2026-09-15 02:25:51
四川省,长江流域,梓江大桥,2026-09-15 01:00,3,24.51,7.76,5.55,373.5,14.6,3.18,0.067,0.038,1.4,,,2026-09-15 02:25:51
四川省,长江流域,大埂,2026-09-15 01:00,5,26.75,7.46,2.48,469.2,5.55,5.3,0.192,0.064,0.703405,,,2026-09-15 02:25:51
四川省,长江流域,球溪河口,2026-09-15 02:00,3,24.89,7.69,6.71,528.71,25.9,5.59,0.229,0.184,4.789,,,2026-09-15 02:25:51
四川省,长江流域,李码头,2026-09-15 01:00,2,19.77905,8.01,7.95,255.0444,117.4875,1.12,0.003,0.041,1.84218,,,2026-09-15 02:25:51
四川省,长江流域,马边河河口,2026-09-15 01:00,2,21.0734,7.63,7.89,256.06,7.54144,1.04,0.01,0.047,2.09013,,,2026-09-15 02:25:51
四川省,长江流域,悦来渡口,2026-09-15 01:00,3,22.95,7.65,6.56,374.541,13.987,2.7,0.248,0.157,4.554,,,2026-09-15 02:25:51
四川省,长江流域,金溪电站,2026-09-15 01:00,4,25.98,7.57,4.54,317.249,15.981,2.15,0.01,0.041,1.666,,,2026-09-15 02:25:51
四川省,长江流域,升钟水库铁炉寺,2026-09-15 01:00,3,25.08,7.84,5.34,346.98,3.9,4.33,,0.019,3.291,,,2026-09-15 02:25:51
四川省,长江流域,沙溪,2026-09-15 01:00,2,23.66,7.65,6.31,280.75,8.39,2.63,0.011,0.017,1.384,,,2026-09-15 02:25:51
四川省,长江流域,黄龙溪,2026-09-15 01:00,3,21.581,7.77,6.85,503.691,16.157,2.54,0.02,0.116,3.379,,,2026-09-15 02:25:51
四川省,长江流域,彭山岷江大桥,2026-09-15 01:00,2,22.53,7.83,7.6,486.9038,12.76245,1.64,0.005,0.094,3.07629,,,2026-09-15 02:25:51
四川省,长江流域,龟都府,2026-09-15 01:00,2,17.81,8.06,9.32,209.8592,23.38584,1.34,0.013,0.058,1.181951,,,2026-09-15 02:25:51
四川省,长江流域,越溪河两河口,2026-09-15 01:00,3,20.58,7.58,7.45,491.5,19.8,4.44,0.085,0.079,2.639,,,2026-09-15 02:25:51
四川省,长江流域,月波,2026-09-15 01:00,2,21.18,7.28,8.78,310.7,26.4,1.54,0.116,0.074,2.382,,,2026-09-15 02:25:51
四川省,长江流域,凉姜沟,2026-09-15 01:00,2,22.07,7.81,8.22,297.6815,8.869167,2.05,0.083,0.071,3.37214,,,2026-09-15 02:25:51
四川省,长江流域,挂弓山,2026-09-15 01:00,2,28.2978,7.97,6.63,,22.22723,,,,,,,2026-09-15 02:25:51
四川省,长江流域,蔡家渡口,2026-09-15 01:00,3,25.32169,7.52,5.34,398.073,14.61078,2.13,0.001,0.054,2.93247,,,2026-09-15 02:25:51
四川省,长江流域,三块石,2026-09-15 02:00,1,23.47,7.94,8.12,492.59,8.48,0.9,,0.016,1.047,,,2026-09-15 02:25:51
四川省,长江流域,洛亥,2026-09-15 01:00,2,19.9,8.16,8.22,313.8917,4.085768,0.87,0.014,0.06,3.482,,,2026-09-15 02:25:51
四川省,长江流域,溪口镇平桥村,2026-09-15 02:00,3,23.42,7.36,5.3,402.75,13.01,4.17,0.003,0.072,0.731,,,2026-09-15 02:25:51
四川省,长江流域,摇金,2026-09-15 01:00,4,25.47,7.59,3.9,417.43,26.98,4.54,0.129,0.162,0.561,,,2026-09-15 02:25:51
四川省,长江流域,金子,2026-09-15 01:00,2,27.1,7.88,6.31,309.34,12.54,1.81,0.056,0.032,1.3715,,,2026-09-15 02:25:51
四川省,长江流域,烈面,2026-09-15 02:00,3,27.2,7.44,5.78,273.6,14.3,1.66,0.048,0.037,1.521,,,2026-09-15 02:25:51
四川省,长江流域,幺滩,2026-09-15 01:00,2,26.96,7.92,7.08,547.16,15.86,2.38,0.068,0.077,1.572,,,2026-09-15 02:25:51
四川省,长江流域,团堡岭,2026-09-15 01:00,3,27.73,7.96,5.19,265.85,21.371,2.45,0.014,0.044,1.278,,,2026-09-15 02:25:51
四川省,长江流域,江陵,2026-09-15 01:00,3,25.8,7.85,5.51,242,11.47,2.8,0.028,0.043,1.057,,,2026-09-15 02:25:51
四川省,长江流域,大蹬沟,2026-09-15 01:00,4,27.48,7.89,4.9,236.2,23.6,2.85,0.016,0.037,1.2,,,2026-09-15 02:25:51
四川省,长江流域,白兔乡,2026-09-15 01:00,5,26.3,7.52,2.64,380.2,6.71,4.43,0.263,0.111,0.886,,,2026-09-15 02:25:51
四川省,长江流域,联盟桥,2026-09-15 01:00,3,23.59,7.47,5.86,374.15,11.51,3.67,0.055,0.09,1.5682,,,2026-09-15 02:25:51
四川省,长江流域,舵石盘,2026-09-15 01:00,4,26.31,7.71,3.61,332.2,18.7,2.68,0.056,0.042,1.617,,,2026-09-15 02:25:51
四川省,长江流域,车家河,2026-09-15 01:00,3,26.96,7.76,5.51,288.3,16.29,1.91,0.043,0.031,1.187,,,2026-09-15 02:25:51
四川省,长江流域,三谷庄,2026-09-15 01:00,1,20.45,8.2,7.66,219.5904,7.62386,1.09,0.006,0.01,0.62865,,,2026-09-15 02:25:51
四川省,长江流域,大岗山,2026-09-15 01:00,1,17.41,7.96,7.99,214.665,12.13557,0.87,0.009,0.013,0.6084,,,2026-09-15 02:25:51
四川省,长江流域,手傍岩,2026-09-15 01:00,2,24.31,7.94,6.77,325.6,11.9,1.74,,0.036,1.032,,,2026-09-15 02:25:51
四川省,长江流域,幸福村,2026-09-15 01:00,3,22.04,7.82,8.62,341.7,32.3,4.12,0.237,0.182,3.368,,,2026-09-15 02:25:51
四川省,长江流域,拱城铺渡口,2026-09-15 01:00,3,22.13,7.79,8.36,395.25,34.35,3.41,0.126,0.179,3.383,,,2026-09-15 02:25:51
四川省,长江流域,红光村,2026-09-15 02:00,4,23.29,7.42,4.86,506.57,51.37,5.05,0.029,0.152,0.918,,,2026-09-15 02:25:51
四川省,长江流域,两河,2026-09-15 02:00,3,25.73,7.33,5.23,453.79,19.35,5.17,0.07,0.07,0.437,,,2026-09-15 02:25:51
四川省,长江流域,县城马踏石点,2026-09-15 01:00,1,13.98518,8.49,10.5,351.1846,42.64174,0.73,0.031,0.01,0.69323,,,2026-09-15 02:25:51
四川省,长江流域,小水沟,2026-09-15 01:00,1,10.03583,8.34,8.05,224.3581,53.21801,1.37,0.053,0.016,,,,2026-09-15 02:25:51
四川省,长江流域,竹巴龙村,2026-09-15 01:00,4,12.8,8.34,6.62,1514.6,605.1,3.41,0.472,0.211,3.455,,,2026-09-15 02:25:51
四川省,长江流域,昔街大桥,2026-09-15 01:00,2,20.13,7.88,7.71,236.42,33.7,1.34,0.108,0.082,,,,2026-09-15 02:25:51
四川省,长江流域,阿七大桥,2026-09-15 01:00,2,19.34,7.77,7.21,236.2856,40.47961,1.52,0.027,0.064,2.18418,,,2026-09-15 02:25:51
四川省,长江流域,邛海湖心,2026-09-15 01:00,4,25.09,8.03,4.4,317.8836,4.6158,2.34,0.015,0.018,0.21694,0.00193,51107.13,2026-09-15 02:25:51
贵州省,长江流域,棉花渡,2026-09-15 01:00,2,23.285,7.76,6.31,457.75,0.6322,1.52,,0.075,2.5927,,,2026-09-15 02:25:51
贵州省,长江流域,贵铝泵房,2026-09-15 01:00,2,23.6976,8.15,7.82,377.6451,3.2824,2.7,0.014,0.006,1.6503,0.01277,1726720,2026-09-15 02:25:51
贵州省,长江流域,花鱼洞,2026-09-15 01:00,4,23.1505,7.48,4.94,320.5412,6.6444,2.52,0.004,0.02,0.9265,0.00143,2568244,2026-09-15 02:25:51
贵州省,长江流域,麦穰,2026-09-15 01:00,3,23.01,8.06,6.61,649.68,7.17,2.31,0.102,0.174,5.662,,,2026-09-15 02:25:51
贵州省,珠江流域,青岩,2026-09-15 01:00,3,22.39,7.91,5.31,569.6777,3.2489,1.23,,0.04,3.896,,,2026-09-15 02:25:51
贵州省,长江流域,龙场,2026-09-15 01:00,2,21.13,7.96,6.47,399.54,2.2,0.81,0.035,0.015,3.701,,,2026-09-15 02:25:51
贵州省,珠江流域,发耳,2026-09-15 01:00,2,22.68,8.32,6.08,345.106,7.908,1.02,,0.061,3.262,,,2026-09-15 02:25:51
贵州省,长江流域,打秋坪,2026-09-15 01:00,2,24.54,7.86,6.76,538.2,3.4,1.11,0.107,0.06,3.412,,,2026-09-15 02:25:51
贵州省,长江流域,鱼塘大桥,2026-09-15 01:00,2,25.39,8.01,7.45,333.88,1.793,0.58,,0.01,1.45,,,2026-09-15 02:25:51
贵州省,长江流域,沿江渡,2026-09-15 01:00,2,26.38,8.91,8.6,343.33,4.61,2.66,0.01,0.013,2.041,,,2026-09-15 02:25:51
贵州省,长江流域,鲤鱼塘,2026-09-15 01:00,3,25.74,7.57,5.53,500.23,1.162,1.4,0.001,0.051,3.05,,,2026-09-15 02:25:51
贵州省,长江流域,坡渡,2026-09-15 01:00,1,23.46,8.08,8.07,326.71,5.73,0.68,0.006,0.008,0.558,,,2026-09-15 02:25:51
贵州省,长江流域,余庆河暗溪坪,2026-09-15 01:00,2,24.9,7.74,8.58,321.18,6.64,1.16,0.04,0.032,1.677,,,2026-09-15 02:25:51
贵州省,长江流域,羊柱头渡口,2026-09-15 01:00,5,23.63,7.62,6.64,745.78,3.977,13.81,0.528,0.262,8.751,,,2026-09-15 02:25:51
贵州省,长江流域,鲢鱼溪,2026-09-15 01:00,1,25.542,8.26,8.43,410.798,6.59,1.19,0.039,0.018,3.088,,,2026-09-15 02:25:51
贵州省,长江流域,长沙,2026-09-15 01:00,1,25.2732,8.36,8.07,250.5466,14.1999,1.73,0.016,0.017,1.2028,,,2026-09-15 02:25:51
贵州省,长江流域,茅台,2026-09-15 01:00,1,23.92,8.24,7.93,399.33,2.07,0.79,,0.017,4.098,,,2026-09-15 02:25:51
贵州省,珠江流域,黄果树,2026-09-15 01:00,1,22.5959,8.28,8.73,645.3,15.39,1.18,,0.02,3.51,,,2026-09-15 02:25:51
贵州省,长江流域,斯拉河大桥,2026-09-15 01:00,2,24.66,8.63,9.75,356.84,10.05,2.74,0.011,0.018,3.652,,,2026-09-15 02:25:51
贵州省,珠江流域,打邦,2026-09-15 01:00,1,27.8,8.38,9.59,441.44,4.489,1.93,,0.014,2.889,,,2026-09-15 02:25:51
贵州省,长江流域,小屯,2026-09-15 01:00,2,24.7,8.17,8.32,373.8253,6.476,2.44,,0.031,4.427,,,2026-09-15 02:25:51
贵州省,长江流域,清水铺,2026-09-15 01:00,1,22.356,8.38,8.08,414.838,6.487,0.61,0.005,0.02,5.094,,,2026-09-15 02:25:51
贵州省,长江流域,大桥边,2026-09-15 01:00,1,19.551,7.99,7.74,346.968,7.301,0.73,,0.018,4.091,,,2026-09-15 02:25:51
贵州省,长江流域,鱼市,2026-09-15 01:00,2,25.75,8.15,7.81,410.146,4.661052,1.02,0.014,0.025,0.89035,,,2026-09-15 02:25:51
贵州省,长江流域,下干溪,2026-09-15 01:00,2,25.16,7.94,7.19,365.87,3.85,0.41,0.016,0.015,2.037,,,2026-09-15 02:25:51
贵州省,珠江流域,坝草,2026-09-15 01:00,1,26.7624,8.27,9.64,386.553,3.5044,1.27,0.02,0.007,3.016,,,2026-09-15 02:25:51
贵州省,珠江流域,万峰湖,2026-09-15 01:00,3,25.8,8.3,7.48,318.13,7.63,1.28,,0.028,2.887,0.026,1055965,2026-09-15 02:25:51
贵州省,珠江流域,岔河口,2026-09-15 01:00,3,25.4573,8.64,9.31,264.0421,5.005,4.06,,0.016,1.6712,,,2026-09-15 02:25:51
贵州省,珠江流域,蔗香北,2026-09-15 01:00,1,26.35,8.1,10.44,287.811,4.7151,1.16,0.012,0.01,2.4765,,,2026-09-15 02:25:51
贵州省,珠江流域,黄泥河,2026-09-15 01:00,2,20.0985,8.17,7.42,402.1473,13.3576,0.62,,0.025,2.8805,,,2026-09-15 02:25:51
贵州省,珠江流域,赵家渡,2026-09-15 01:00,2,22.47,8.17,7.76,421.972,5.31,0.7,0.021,0.031,4.673,,,2026-09-15 02:25:51
贵州省,珠江流域,坡脚,2026-09-15 01:00,2,23.83,7.88,6.51,418.8478,21.2075,1.22,,0.03,4.4372,,,2026-09-15 02:25:51
贵州省,珠江流域,蔗香南,2026-09-15 01:00,1,28.43,8.56,9.54,286,4.42,1.33,0.008,0.012,2.4992,,,2026-09-15 02:25:51
贵州省,长江流域,金紫,2026-09-15 01:00,1,25.2,8.59,8.31,159.9283,10.75,1.03,0.025,0.019,0.957,,,2026-09-15 02:25:51
贵州省,珠江流域,从江大桥,2026-09-15 01:00,1,25.759,7.55,8.97,94.17,2.817,1.35,0.006,0.01,0.549,,,2026-09-15 02:25:51
贵州省,长江流域,平敏大桥,2026-09-15 01:00,2,26.23,8.58,10.22,136.17,8.75,1.08,,0.025,0.754,,,2026-09-15 02:25:51
贵州省,长江流域,旁海,2026-09-15 01:00,2,24.4,8.43,8.66,463.39,12.61,1.11,0.027,0.06,2.058,,,2026-09-15 02:25:51
贵州省,长江流域,重安江大桥,2026-09-15 01:00,3,22.67,8.41,8.11,564.093,2.035,0.53,0.011,0.111,2.919,,,2026-09-15 02:25:51
贵州省,珠江流域,榕江,2026-09-15 01:00,2,26.62,8.32,8.3,142.28,5.1,0.71,0.003,0.021,0.604,,,2026-09-15 02:25:51
贵州省,珠江流域,新华,2026-09-15 01:00,1,25.713,8.42,8.97,231.582,3.714,0.72,0.02,0.013,0.894,,,2026-09-15 02:25:51
贵州省,长江流域,甘溪高碑,2026-09-15 01:00,2,24.67,8.12,9.25,351.4,12.27,2.6,,0.04,0.6071,,,2026-09-15 02:25:51
贵州省,长江流域,跳鱼洞,2026-09-15 01:00,3,22.33,7.8,5.8,431.26,6.87,1.67,0.092,0.114,2.179,,,2026-09-15 02:25:51
贵州省,长江流域,凤山桥边,2026-09-15 01:00,2,22.9532,8.35,8.99,578.93,1.9098,1.05,0.005,0.063,2.874,,,2026-09-15 02:25:51
贵州省,珠江流域,边外河,2026-09-15 02:00,1,24.67,7.85,7.91,337.66,4.55,0.67,,0.007,1.854,,,2026-09-15 02:25:51
贵州省,珠江流域,界牌,2026-09-15 01:00,1,24.22,8.25,10.49,306.083,2.78,0.73,0.017,0.009,0.602,,,2026-09-15 02:25:51
贵州省,珠江流域,甲茶,2026-09-15 01:00,4,23.7435,7.66,4.98,325.0553,0.3379,0.76,0.006,0.007,1.0746,,,2026-09-15 02:25:51
云南省,长江流域,通仙桥,2026-09-15 01:00,3,20.29,8.01,6.1,453.91,15.233,2.22,0.004,0.154,5.432,,,2026-09-15 02:25:51
云南省,长江流域,普渡河桥,2026-09-15 01:00,3,22.81,7.89,5.7,545.5766,19.5376,3.75,0.097,0.076,2.7919,,,2026-09-15 02:25:51
云南省,珠江流域,禄丰村,2026-09-15 01:00,3,23.59,8.13,7.21,478.9261,220.5803,2.07,,0.142,5.65,,,2026-09-15 02:25:51
云南省,滇池流域,回龙村,2026-09-15 01:00,3,21.34,7.85,5.02,701.9094,12.5581,3.17,,0.027,2.6149,,,2026-09-15 02:25:51
云南省,滇池流域,船房五社桥头,2026-09-15 01:00,4,21.29,7.53,4.58,558.9408,5.9343,4.88,0.154,0.067,5.8629,,,2026-09-15 02:25:51
云南省,滇池流域,王大桥,2026-09-15 01:00,4,20.81,7.02,4.94,622.2274,6.5602,3.53,0.038,0.268,8.6436,,,2026-09-15 02:25:51
云南省,滇池流域,大观河入湖口,2026-09-15 01:00,3,21.1,8.04,6.26,429.5258,22.8408,1.99,0.034,0.116,5.0318,,,2026-09-15 02:25:51
云南省,滇池流域,大渔乡土罗村入湖口,2026-09-15 01:00,5,19.66,7.58,2.8,532.0793,22.4882,2.98,0.038,0.071,7.382,,,2026-09-15 02:25:51
云南省,滇池流域,新河村入湖口,2026-09-15 01:00,3,21.2,8.01,6.28,397.2,30.264,2.09,0.007,0.12,4.0522,,,2026-09-15 02:25:51
云南省,珠江流域,阳宗海中,2026-09-15 02:00,3,23.66,8.96,6.59,410.955,3.021,4.06,0.061,0.015,0.446,0.01145,5790108,2026-09-15 02:25:51
云南省,长江流域,富民大桥,2026-09-15 01:00,4,21.6,8.29,4.61,559.4122,36.0756,7.35,0.048,0.174,3.0001,,,2026-09-15 02:25:51
云南省,滇池流域,严家村桥,2026-09-15 01:00,3,21.01671,8.04,6.62,423.0767,13.61652,1.69,0.03,0.102,5.186862,,,2026-09-15 02:25:51
云南省,滇池流域,宝丰村入湖口,2026-09-15 01:00,3,19.93,7.93,5.43,651.01,12.63,1.78,0.128,0.101,4.312,,,2026-09-15 02:25:51
云南省,滇池流域,江尾下闸,2026-09-15 01:00,4,21.59,7.77,4.42,341.7066,11.6575,1.77,0.044,0.03,2.317,,,2026-09-15 02:25:51
云南省,滇池流域,茨巷河入湖口,2026-09-15 01:00,3,21.58,7.72,5.26,324.9749,4.9889,2.5,,0.027,2.242,,,2026-09-15 02:25:51
云南省,滇池流域,东大河滇池入湖口,2026-09-15 01:00,6,21.52,9.55,4.69,273.2347,12.0817,2.51,0.008,0.11,1.903,,,2026-09-15 02:25:51
云南省,滇池流域,草海中心,2026-09-15 02:00,4,21.28,8.49,11.53,379.62,43.46,5.19,,0.061,3.414,0.02867,6.472518,2026-09-15 02:25:51
云南省,滇池流域,灰湾中,2026-09-15 02:00,4,21.83,8.98,8.28,388.601,50.773,7.91,0.038,0.059,1.388,0.01339,3.386195,2026-09-15 02:25:51
云南省,滇池流域,观音山东,2026-09-15 00:00,4,21.73,8.96,6.35,383.81,24.79,6.51,0.034,0.056,0.952,0.01786,5.87103,2026-09-15 02:25:51
云南省,滇池流域,观音山中,2026-09-15 01:00,4,21.48,,7.56,356.366,14.867,5.6,,0.051,0.953,0.00656,1.41833,2026-09-15 02:25:51
云南省,滇池流域,观音山西,2026-09-15 02:00,4,22.27,8.95,8.11,368.89,44.94,8.91,0.016,0.058,1.228,0.00853,9.152406,2026-09-15 02:25:51
云南省,滇池流域,海口西,2026-09-15 02:00,4,22.24,,8.51,358.71,25.99,6.46,,0.056,0.673,0.00602,8.09615,2026-09-15 02:25:51
云南省,滇池流域,滇池南,2026-09-15 02:00,4,20.97,,7.89,387.31,37.61,7.55,,0.058,0.8,0.04892,1.640496,2026-09-15 02:25:51
云南省,滇池流域,晋城小寨,2026-09-15 01:00,2,18.83,8.03,6.49,525.7216,11.9267,2.31,,0.068,7.744,,,2026-09-15 02:25:51
云南省,长江流域,牛栏江河口,2026-09-15 01:00,3,20.72,8.12,5.81,485.039,15.185,1.94,0.042,0.066,5.176,,,2026-09-15 02:25:51
云南省,珠江流域,狗街,2026-09-15 01:00,3,22.13,7.73,6.06,573.0441,20.46032,2.65,0.087,0.174,5.658252,,,2026-09-15 02:25:51
云南省,珠江流域,花山水库出水口,2026-09-15 01:00,2,21.94,8.41,7.08,320.0279,2.1507,0.99,0.004,0.003,2.7821,,,2026-09-15 02:25:51
云南省,长江流域,以礼河水文站,2026-09-15 01:00,2,17.74,7.79,6.46,264.4865,24.7604,1.27,0.031,0.05,2.0162,,,2026-09-15 02:25:51
云南省,珠江流域,厂房大桥,2026-09-15 01:00,3,21.68,8.52,12.31,299.3371,15.2008,4.47,0.014,0.1,3.4695,,,2026-09-15 02:25:51
云南省,珠江流域,天生桥,2026-09-15 01:00,4,20.767,7.93,6.87,570.94,9.685,2.52,0.08,0.272,5.934,,,2026-09-15 02:25:51
云南省,长江流域,牛栏江大桥,2026-09-15 01:00,2,20.2,8.07,7.24,389.27,34.332,1.51,0.009,0.052,2.635,,,2026-09-15 02:25:51
云南省,珠江流域,九甸大桥,2026-09-15 01:00,2,22.55747,8.3,6.22,540.7988,42.26696,1.67,0.007,0.096,5.27558,,,2026-09-15 02:25:51
云南省,西南诸河,坝洪村,2026-09-15 01:00,2,26.27,8.15,8.12,379.6895,289.3022,0.98,0.005,0.039,1.64487,,,2026-09-15 02:25:51
云南省,珠江流域,抚仙湖心,2026-09-15 02:00,2,23.16,8.85,7.61,281.29,1.831,1.48,,0.011,0.11,0.00204,4143598,2026-09-15 02:25:51
云南省,西南诸河,绿汁江大桥,2026-09-15 01:00,2,21.99822,8.3,7.19,683.8963,92.00548,1.26,0.04,0.036,2.38002,,,2026-09-15 02:25:51
云南省,珠江流域,杞麓湖心,2026-09-15 02:00,3,22.34,8.67,6.22,754.4,5.28,6,0.208,0.018,1.531,0.02526,8621350,2026-09-15 02:25:51
云南省,珠江流域,永昌桥,2026-09-15 01:00,3,19.95968,8.01,6.12,433.3185,20.80051,1.55,0.017,0.13,3.21304,,,2026-09-15 02:25:51
云南省,珠江流域,星云湖心,2026-09-15 02:00,3,22.78,,5.44,523.974,62.1,5.19,0.002,0.016,0.554,0.00804,4.916452,2026-09-15 02:25:51
云南省,西南诸河,红旗桥,2026-09-15 01:00,1,21.14339,8.03,8.34,352.939,218.2324,1.08,,0.006,0.3454287,,,2026-09-15 02:25:51
云南省,西南诸河,湾甸,2026-09-15 01:00,3,25.21988,8.41,8.04,433.7348,107.3322,1.13,0.003,0.106,2.68631,,,2026-09-15 02:25:51
云南省,西南诸河,永保桥,2026-09-15 01:00,1,21.72899,8.18,7.62,430.1996,26.37634,1.1,0.007,0.007,0.60402,,,2026-09-15 02:25:51
云南省,西南诸河,龙江桥,2026-09-15 01:00,1,20.98973,7.16,7.59,96.84928,23.69475,1.67,0.006,0.02,0.67102,,,2026-09-15 02:25:51
云南省,长江流域,云贵桥,2026-09-15 01:00,1,17.58,8.2,8.6,395.814,11.663,1.18,0.013,0.015,3.237,,,2026-09-15 02:25:51
云南省,长江流域,头屯河,2026-09-15 01:00,1,17.76,7.9,7.57,432.344,4.51,0.42,,0.02,5.217,,,2026-09-15 02:25:51
云南省,长江流域,邓家河,2026-09-15 01:00,2,20.42,7.72,7.09,394.682,16.016,0.43,0.003,0.064,2.587,,,2026-09-15 02:25:51
云南省,长江流域,横江桥,2026-09-15 01:00,2,21,8.08,8.48,243.95,89.45,1.79,,0.05,2.752,,,2026-09-15 02:25:51
云南省,长江流域,程海湖中,2026-09-15 01:00,3,25.44477,,6.61,1381.45,5.14638,5.13,0.017,0.016,0.83933,0.00516,8857.219,2026-09-15 02:25:51
云南省,长江流域,金江桥,2026-09-15 01:00,1,21.17,8.05,8.23,657.3333,18.45755,1.65,0.028,0.017,0.94924,,,2026-09-15 02:25:51
云南省,长江流域,龙兴村,2026-09-15 01:00,4,18.1,7.79,6.39,463.7984,18.48965,1.96,0.371,0.232,3.33167,,,2026-09-15 02:25:51
云南省,西南诸河,土卡河水文站,2026-09-15 01:00,2,26.55088,7.97,6.9,203.3459,38.25517,1.16,,0.018,0.9405214,,,2026-09-15 02:25:51
云南省,西南诸河,思茅港,2026-09-15 00:00,3,22.95963,7.33,5.43,305.8202,15.78287,1.13,0.027,0.013,1.36169,,,2026-09-15 02:25:51
云南省,西南诸河,孟拉桥,2026-09-15 01:00,2,23.71,7.18,7.15,117.4265,74.3653,0.93,0.007,0.006,0.71032,,,2026-09-15 02:25:51
云南省,西南诸河,莲花乡,2026-09-15 01:00,4,24.3093,7.37,4.68,278.0724,20.83583,2.62,0.913,0.169,4.817,,,2026-09-15 02:25:51
云南省,西南诸河,嘎旧,2026-09-15 01:00,2,22.14,7.99,7.1,401.884,12.21102,1.2,0.014,0.01,0.60697,,,2026-09-15 02:25:51
云南省,西南诸河,景临桥,2026-09-15 01:00,3,25.12,7.47,5.92,346.6698,19.2906,2.07,0.035,0.024,1.14103,,,2026-09-15 02:25:51
云南省,西南诸河,孟定大桥,2026-09-15 01:00,2,24.52,7.83,8.04,246.6671,264.345,1.33,0.047,0.024,1.63547,,,2026-09-15 02:25:51
云南省,西南诸河,小黑江检查站,2026-09-15 01:00,1,23.43004,7.63,7.84,176.6841,121.5718,,0.013,0.014,0.9581,,,2026-09-15 02:25:51
云南省,西南诸河,水文站,2026-09-15 01:00,2,21.32,8.05,6.28,426.6686,23.36588,1.85,0.178,0.049,1.74083,,,2026-09-15 02:25:51
云南省,长江流域,西观桥,2026-09-15 01:00,3,23.74,7.72,5.83,639.3624,25.64538,2.54,0.015,0.065,4.51419,,,2026-09-15 02:25:51
云南省,西南诸河,那发出境,2026-09-15 01:00,2,25.52,7.84,7.64,156.696,59.75,0.83,,0.056,0.9012,,,2026-09-15 02:25:51
云南省,西南诸河,中越桥,2026-09-15 01:00,2,24.33,8.1,9.73,281.6242,34.9303,0.59,0.078,0.059,3.0096,,,2026-09-15 02:25:51
云南省,西南诸河,龙脖渡口,2026-09-15 01:00,2,26.41,7.99,8.14,292.1033,43.2671,0.53,,0.055,1.7705,,,2026-09-15 02:25:51
云南省,西南诸河,河口县医院,2026-09-15 02:00,1,23.02517,8.63,8.38,,3.459656,,,,,,,2026-09-15 02:25:51
云南省,西南诸河,小河底河,2026-09-15 01:00,2,24.06,8.31,8.77,471.8087,83.662,0.92,,0.054,1.5892,,,2026-09-15 02:25:51
云南省,珠江流域,异龙湖中,2026-09-15 02:00,5,23.24,8.67,8.56,412.37,6.503,10.13,0.011,0.021,0.666,0.0297,258160.6,2026-09-15 02:25:51
云南省,珠江流域,长虹桥,2026-09-15 01:00,3,22.98,8.25,6.95,549.237,104.0644,2.71,0.003,0.152,4.4686,,,2026-09-15 02:25:51
云南省,珠江流域,江边桥,2026-09-15 01:00,3,23.43,7.81,7.32,490.78,79.31,1.46,,0.109,4.1085,,,2026-09-15 02:25:51
云南省,西南诸河,天保农场,2026-09-15 01:00,2,23.48,8.09,9.56,370.3,6.93,0.61,0.001,0.026,3.0809,,,2026-09-15 02:25:51
云南省,西南诸河,南利大桥,2026-09-15 01:00,2,23.06,8.22,6.92,299.55,15.05,0.58,0.094,0.022,1.405,,,2026-09-15 02:25:51
云南省,珠江流域,谷拉河大桥,2026-09-15 01:00,1,28.42,8.45,8.95,202,1.698,1.64,0.01,0.006,0.623,,,2026-09-15 02:25:51
云南省,西南诸河,关累码头,2026-09-15 01:00,2,23.03236,7.72,6.93,285.5283,54.39128,0.83,0.003,0.018,1.03083,,,2026-09-15 02:25:51
云南省,西南诸河,勐仑大桥,2026-09-15 01:00,2,24.07,8.1,7.63,241.5025,79.12154,0.39,0.009,0.038,0.95,,,2026-09-15 02:25:51
云南省,西南诸河,风情园大桥,2026-09-15 01:00,2,22.81721,7.8,8.04,100.3481,98.85218,1.12,0.002,0.04,2.7671,,,2026-09-15 02:25:51
云南省,西南诸河,打洛江大桥,2026-09-15 01:00,1,25.20829,7.81,7.71,130.8725,197.6693,0.26,0.01,0.016,0.5357,,,2026-09-15 02:25:51
云南省,西南诸河,洱海湖心,2026-09-15 02:00,2,24.13,8.81,7.68,281.35,7.38,3.83,0.002,0.024,0.529,0.00742,12800,2026-09-15 02:25:51
云南省,西南诸河,交汇口,2026-09-15 01:00,2,21.12979,8.37,7.74,293.8736,1572.519,1.4,0.006,0.029,0.81149,,,2026-09-15 02:25:51
云南省,西南诸河,徐村桥,2026-09-15 01:00,2,21.4,7.91,7.26,245.2503,67.51921,1.16,0.009,0.036,1.12297,,,2026-09-15 02:25:51
云南省,西南诸河,江尾,2026-09-15 01:00,3,22.91351,8.1,5.98,316.6129,31.79572,1.34,0.004,0.031,0.91082,,,2026-09-15 02:25:51
云南省,西南诸河,四级坝,2026-09-15 01:00,3,22,7.4,7.19,329.1548,9.81453,2.83,0.393,0.13,2.83528,,,2026-09-15 02:25:51
云南省,西南诸河,汇流电站,2026-09-15 01:00,1,25.11149,6.99,7.88,86.41258,54.21439,1.15,0.007,0.02,0.89248,,,2026-09-15 02:25:51
云南省,西南诸河,姐告大桥,2026-09-15 01:00,2,24.74387,7.7,7.04,146.7709,92.38773,1.12,0.002,0.03,1.7876,,,2026-09-15 02:25:51
云南省,西南诸河,迭撒大桥,2026-09-15 01:00,2,26.15086,6.91,6.13,107.2918,115.116,2.75,0.125,0.058,3.38572,,,2026-09-15 02:25:51
云南省,西南诸河,风平,2026-09-15 01:00,2,23.27,8.03,7.41,207.2095,40.56373,1.75,0.054,0.071,1.00412,,,2026-09-15 02:25:51
云南省,西南诸河,拉甲木底桥,2026-09-15 01:00,1,19.52452,8.18,9.92,335.4666,347.0629,0.87,0.009,0.003,0.28747,,,2026-09-15 02:25:51
云南省,西南诸河,丙舍桥,2026-09-15 01:00,1,20.23584,8.28,9.23,381.7365,389.6407,0.88,0.002,0.004,0.29247,,,2026-09-15 02:25:51
云南省,长江流域,贺龙桥,2026-09-15 01:00,1,18.63291,8.42,8.31,1004.615,71.3609,1.25,0.075,0.02,1.08785,,,2026-09-15 02:25:51
云南省,西南诸河,中路村,2026-09-15 01:00,1,18.18,8.44,8.04,471.9542,23.76151,0.77,0.015,0.004,0.37907,,,2026-09-15 02:25:51
西藏自治区,西南诸河,才纳,2026-09-15 01:00,2,13.712,7.96,6.82,205.014,67.677,2.21,0.056,0.041,0.517,,,2026-09-15 02:25:51
西藏自治区,西南诸河,米瑞,2026-09-15 01:00,2,14.145,8.08,7.41,208.711,165.752,1.68,0.027,0.07,0.276,,,2026-09-15 02:25:51
陕西省,黄河流域,灞河口,2026-09-15 01:00,2,23.11,8.31,8.67,357.261,16.803,2.52,0.042,0.038,4.4723,,,2026-09-15 02:25:51
陕西省,黄河流域,三郎村,2026-09-15 01:00,2,23.31,7.64,8.04,450.395,25.563,3.18,0.279,0.063,4.676,,,2026-09-15 02:25:51
陕西省,黄河流域,沙王渡,2026-09-15 00:00,3,23.55,8.01,6.72,696.6675,1082.829,5.29,0.028,0.171,5.7896,,,2026-09-15 02:25:51
陕西省,黄河流域,岔口,2026-09-15 01:00,2,21.24,7.83,8.29,843.487,17.127,3.13,0.082,0.082,7.9353,,,2026-09-15 02:25:51
陕西省,黄河流域,下桃水电站,2026-09-15 01:00,2,19.755,8.36,8.92,1115,1067.6,2.18,,0.008,,,,2026-09-15 02:25:51
陕西省,长江流域,黄牛铺,2026-09-15 01:00,2,18.06,7.88,7.63,153.1409,2.1707,2.91,,0.012,1.096,,,2026-09-15 02:25:51
陕西省,黄河流域,魏家堡,2026-09-15 01:00,2,23.37,7.98,7.18,619.765,211.5468,2.6,0.164,0.1,6.289,,,2026-09-15 02:25:51
陕西省,黄河流域,卧龙寺桥,2026-09-15 01:00,2,20.01,8.18,8.32,577.5433,123.4344,3.11,0.024,0.054,4.416,,,2026-09-15 02:25:51
陕西省,长江流域,灶火庵,2026-09-15 01:00,2,20.04,8.15,7.78,298.9036,40.2892,1.93,0.021,0.031,1.88,,,2026-09-15 02:25:51
陕西省,黄河流域,咸阳铁桥,2026-09-15 01:00,3,23.39,7.88,7.5,575.5656,381.0658,4.16,,0.102,5.6121,,,2026-09-15 02:25:51
陕西省,黄河流域,兴平,2026-09-15 01:00,3,22.94,7.98,7.06,592.4046,657.674,3.51,,0.11,4.7519,,,2026-09-15 02:25:51
陕西省,黄河流域,泾河桥,2026-09-15 01:00,2,24.17,8.3,7.68,1250.5,271.0162,2.42,,0.042,5.4899,,,2026-09-15 02:25:51
陕西省,黄河流域,黑河张家桥,2026-09-15 01:00,2,19.65,8.17,7.51,570.6149,69.1804,2.38,0.17,0.039,2.0063,,,2026-09-15 02:25:51
陕西省,黄河流域,潼关吊桥,2026-09-15 00:00,3,22.65,7.89,6.41,799.2693,,4.28,0.005,0.091,6.3666,,,2026-09-15 02:25:51
陕西省,黄河流域,王谦村,2026-09-15 01:00,3,22.36,8.22,7.5,1414.5,1021.9,4.39,0.086,0.102,2.907,,,2026-09-15 02:25:51
陕西省,黄河流域,张家庄,2026-09-15 00:00,2,23.27,8.03,7.53,378.3169,19.0074,2.89,0.025,0.033,4.027,,,2026-09-15 02:25:51
陕西省,黄河流域,杨家畔村,2026-09-15 01:00,2,21.17,8.64,7.92,1180.456,70.24783,3.15,,0.068,5.0071,,,2026-09-15 02:25:51
陕西省,黄河流域,昝家山,2026-09-15 01:00,2,19.64,8.37,9.14,574.54,77.3245,2.02,0.025,0.041,3.5491,,,2026-09-15 02:25:51
陕西省,黄河流域,寺滩,2026-09-15 01:00,3,21.58,8.85,7.99,901.146,127.0114,2.17,0.002,0.126,5.1451,,,2026-09-15 02:25:51
陕西省,黄河流域,朱家沟,2026-09-15 01:00,5,20,8.31,7.28,1084.342,299.6498,3.28,0.096,0.323,6.4641,,,2026-09-15 02:25:51
陕西省,长江流域,烈金坝,2026-09-15 01:00,1,19.14,8.25,8.02,337.86,4.373,0.27,0.01,0.02,1.1327,,,2026-09-15 02:25:51
陕西省,长江流域,南柳渡,2026-09-15 01:00,2,21.85,7.76,7.23,268.1097,19.8595,2.11,0.034,0.055,1.77,,,2026-09-15 02:25:51
陕西省,长江流域,白水江,2026-09-15 01:00,2,21.5,8.11,7.51,300.0988,25.481,1.82,0.022,0.024,1.2157,,,2026-09-15 02:25:51
陕西省,黄河流域,柏树坪,2026-09-15 01:00,2,21.89998,8.47,9.18,1062.849,115.2136,1.84,0.021,0.042,3.6391,,,2026-09-15 02:25:51
陕西省,黄河流域,温家川,2026-09-15 01:00,2,20.96,8.39,7.78,1415.892,43.88297,2.48,0.004,0.033,3.5531,,,2026-09-15 02:25:51
陕西省,黄河流域,碛塄,2026-09-15 01:00,2,19.72,8.28,8.3,1025.004,44.28067,1.77,0.002,0.026,3.2621,,,2026-09-15 02:25:51
陕西省,黄河流域,高家川,2026-09-15 01:00,2,19.64,8.39,8.16,860.167,174.6289,2.31,,0.069,3.5261,,,2026-09-15 02:25:51
陕西省,黄河流域,鱼河,2026-09-15 01:00,3,19.33,8.37,7.37,724.143,35.74406,3.3,0.024,0.129,4.0071,,,2026-09-15 02:25:51
陕西省,长江流域,白河城关,2026-09-15 01:00,2,25.21,7.73,7.71,245.7982,6.78,2.54,0.024,0.025,1.396,0.022205,,2026-09-15 02:25:51
陕西省,长江流域,南江河出陕界,2026-09-15 01:00,1,22.22,7.98,8.41,218.6312,15.2092,0.7,,0.01,0.4789,,,2026-09-15 02:25:51
陕西省,长江流域,小钢桥,2026-09-15 01:00,3,25.48,7.56,5.24,313.75,7.55,2.09,,0.028,1.326,,,2026-09-15 02:25:51
陕西省,长江流域,老君关,2026-09-15 01:00,3,24.63,7.57,5.52,251.2479,12.4555,2.46,,0.032,1.64,,,2026-09-15 02:25:51
陕西省,长江流域,瀛湖坝前,2026-09-15 01:00,3,25.61,8.14,5.87,209.5681,9.9947,2.44,,0.016,0.777,0.04609,1976641,2026-09-15 02:25:51
陕西省,长江流域,构峪口,2026-09-15 01:00,3,22.14,7.95,5.34,397.7165,8.8847,1.93,,0.011,1.967,,,2026-09-15 02:25:51
陕西省,长江流域,丹凤下,2026-09-15 01:00,2,20.74,8.33,8.24,438.6996,10.5766,2.22,,0.021,2.5133,,,2026-09-15 02:25:51
陕西省,黄河流域,灵口,2026-09-15 01:00,2,21.12,8.25,7.44,610.553,4.8147,1.03,0.009,0.007,1.3803,,,2026-09-15 02:25:51
甘肃省,黄河流域,扶和桥,2026-09-15 01:00,2,15.89,8.2,8.13,504.3167,45.87135,2.17,0.085,0.024,1.90212,,,2026-09-15 02:25:51
甘肃省,黄河流域,新城桥,2026-09-15 01:00,2,16.86,8.25,7.25,531.096,268.098,2.89,0.009,0.083,1.5637,,,2026-09-15 02:25:51
甘肃省,黄河流域,湟水桥,2026-09-15 01:00,3,16.65,8.39,7.19,615.905,264.46,,0.084,0.11,3.539,,,2026-09-15 02:25:51
甘肃省,西北诸河,迎山坡,2026-09-15 01:00,1,13.82972,8.2,7.87,528.3162,15.14413,0.59,0.048,0.009,1.95219,,,2026-09-15 02:25:51
甘肃省,黄河流域,青城桥,2026-09-15 01:00,2,17.46248,8.22,7.82,529.5645,185.1968,1.89,0.127,0.039,1.90926,,,2026-09-15 02:25:51
甘肃省,黄河流域,五佛寺,2026-09-15 01:00,5,17.7637,8.23,7.07,604.958,385.6475,2.09,0.233,0.324,2.879,,,2026-09-15 02:25:51
甘肃省,黄河流域,靖远桥,2026-09-15 01:00,2,16.89149,8.2,6.65,557.346,225.393,,,,,,,2026-09-15 02:25:51
甘肃省,黄河流域,桦林,2026-09-15 01:00,2,16.6,8.35,8.68,767.6,,2.24,0.208,0.035,3.724,,,2026-09-15 02:25:51
甘肃省,黄河流域,葡萄园,2026-09-15 01:00,2,20.45,8.38,7.89,780.781,1456.471,3.85,0.005,0.085,6.554,,,2026-09-15 02:25:51
甘肃省,西北诸河,红崖山水库,2026-09-15 01:00,2,20.61794,8.63,9.31,512.7171,13.517,1.61,0.013,0.019,1.1836,0.00415,2212957,2026-09-15 02:25:51
甘肃省,黄河流域,先明峡桥,2026-09-15 01:00,1,12.38712,8.61,8.6,483.5109,19.25256,0.26,0.023,0.002,1.64444,,,2026-09-15 02:25:51
甘肃省,西北诸河,莺落峡,2026-09-15 01:00,1,13.98,8.4,8.53,678.3148,8.56741,0.5,0.026,0.009,1.20572,,,2026-09-15 02:25:51
甘肃省,西北诸河,皇城水库,2026-09-15 01:00,1,10.56244,8.21,8.65,501.8051,11.20897,0.9,0.007,0.003,1.43556,,,2026-09-15 02:25:51
甘肃省,西北诸河,六坝桥,2026-09-15 01:00,2,16.7091,8.37,8.66,652.3215,56.37782,1.6,0.079,0.028,2.32688,,,2026-09-15 02:25:51
甘肃省,黄河流域,长庆桥,2026-09-15 01:00,2,20.98,8.44,7.42,736.122,189.6871,1.33,0.006,0.091,4.0301,,,2026-09-15 02:25:51
甘肃省,黄河流域,洮园桥,2026-09-15 01:00,2,17.99,8.34,7.77,433.3405,136.8389,2.78,0.085,0.052,3.86909,,,2026-09-15 02:25:51
甘肃省,长江流域,固水子村,2026-09-15 01:00,2,15.82,8.33,8.76,341,302.6,2.1,,0.075,0.967,,,2026-09-15 02:25:51
甘肃省,长江流域,两水桥,2026-09-15 01:00,2,,8.42,,349.191,182.4026,3.84,0.014,,1.4151,,,2026-09-15 02:25:51
甘肃省,黄河流域,折桥,2026-09-15 01:00,2,14.63,8.63,7.81,486.1101,306.2209,2.25,0.17,0.057,2.65711,,,2026-09-15 02:25:51
甘肃省,黄河流域,地沟桥,2026-09-15 01:00,2,13.19,8.59,8.23,508.5918,144.558,1.95,0.064,0.022,2.30737,,,2026-09-15 02:25:51
甘肃省,黄河流域,玛曲,2026-09-15 01:00,2,10.14409,8.36,6.7,383.8394,58.46713,3.06,0.05,0.03,1.65362,,,2026-09-15 02:25:51
青海省,黄河流域,小峡桥,2026-09-15 01:00,2,15.20396,8.38,8.91,638.9498,61.6703,3.13,0.117,0.075,3.45703,,,2026-09-15 02:25:51
青海省,黄河流域,润泽桥,2026-09-15 01:00,2,13.98623,8.18,8.31,448.6211,67.4724,3.22,0.096,0.049,2.575,,,2026-09-15 02:25:51
青海省,黄河流域,大河家,2026-09-15 01:00,2,22.51972,8.08,6.13,,0.21879,,,,,,,2026-09-15 02:25:51
青海省,黄河流域,边墙村,2026-09-15 01:00,3,16.67546,8.46,7.98,759.254,286.6976,3.98,0.307,0.127,5.1949,,,2026-09-15 02:25:51
青海省,黄河流域,峡塘,2026-09-15 01:00,1,12.37247,8.47,7.8,548.7612,28.06812,1.11,0.006,0.008,1.19703,,,2026-09-15 02:25:51
青海省,西北诸河,布哈河入青海湖口,2026-09-15 01:00,2,12.40182,8.43,7.28,549.9481,98.93496,0.84,0.005,0.005,1.024,,,2026-09-15 02:25:51
青海省,黄河流域,唐乃亥,2026-09-15 01:00,2,15.83925,8.46,6.71,441.5516,58.1905,1.59,0.097,0.031,1.03604,,,2026-09-15 02:25:51
青海省,黄河流域,龙羊峡库区出水口,2026-09-15 01:00,1,11.29292,8.18,8.17,460.5654,6.59309,1.09,0.002,0.008,0.76116,0.00118,277682.7,2026-09-15 02:25:51
青海省,长江流域,直门达,2026-09-15 01:00,5,18.1363,7.26,7.47,1724.75,687.9125,3.01,0.367,0.32,1.148145,,,2026-09-15 02:25:51
青海省,西北诸河,总场水闸,2026-09-15 01:00,1,10.31,8.57,7.69,772.7612,41.38845,0.28,0.005,0.005,0.74245,,,2026-09-15 02:25:51
青海省,西北诸河,纳赤台,2026-09-15 01:00,6,7.422,8.37,7.66,780.2,512,2.71,0.4,1.019,0.007,,,2026-09-15 02:25:51
青海省,西北诸河,德令哈市水厂旁,2026-09-15 01:00,3,11.0844,8.24,9.33,710.1187,1962.055,4.56,0.006,0.078,1.30977,,,2026-09-15 02:25:51
宁夏回族自治区,黄河流域,叶盛公路桥,2026-09-15 01:00,-1,,,,,,,,,,,,2026-09-15 02:25:51
宁夏回族自治区,黄河流域,银古公路桥,2026-09-15 01:00,4,19.05429,7.75,4.24,881.549,1157.631,1.81,0.358,0.088,3.62541,,,2026-09-15 02:25:51
宁夏回族自治区,黄河流域,平罗黄河大桥,2026-09-15 01:00,2,20.73,8.18,6.62,1049.38,4106.67,1.83,,0.069,4.262,,,2026-09-15 02:25:51
宁夏回族自治区,黄河流域,麻黄沟,2026-09-15 01:00,2,21.52,8.3,7.16,999.963,511.648,2.31,,0.064,3.6086,,,2026-09-15 02:25:51
宁夏回族自治区,黄河流域,金沙湾,2026-09-15 01:00,3,29.322,7.61,6.87,,11.4585,,,0.195,4.745,,,2026-09-15 02:25:51
宁夏回族自治区,黄河流域,弹筝峡,2026-09-15 01:00,2,13.17,8.29,8.22,651.8,21.695,1.28,0.026,0.044,2.99,,,2026-09-15 02:25:51
宁夏回族自治区,黄河流域,沟圈,2026-09-15 01:00,2,19.2,8.61,7.57,1341.502,91.32553,2.87,0.029,0.04,2.9471,,,2026-09-15 02:25:51
宁夏回族自治区,黄河流域,中卫下河沿,2026-09-15 01:00,2,18.7,8.39,7.96,693.1,943.9,2.79,,0.078,2.827,,,2026-09-15 02:25:51
宁夏回族自治区,黄河流域,泉眼山,2026-09-15 01:00,3,19.56,8.21,8.14,7463.009,2144.089,3.74,0.264,0.102,21.8381,,,2026-09-15 02:25:51
新疆维吾尔自治区,西北诸河,青年渠,2026-09-15 01:00,1,15.07,8.17,9.59,415.45,20.86134,0.26,0.001,0.004,1.20545,,,2026-09-15 02:25:51
新疆维吾尔自治区,西北诸河,七纺桥,2026-09-15 01:00,2,13.37,8.49,8.1,2315.575,19.81375,0.65,0.059,0.024,10.52709,,,2026-09-15 02:25:51
新疆维吾尔自治区,西北诸河,赛湖2,2026-09-15 01:00,3,16.46097,,5.53,3053.775,9.63453,0.55,0.178,0.001,0.46207,0.00968,22890,2026-09-15 02:25:51
新疆维吾尔自治区,西北诸河,哈尔莫墩,2026-09-15 01:00,1,15.77,8.2,9.41,341.1654,4.56018,0.82,0.004,0.012,0.36459,,,2026-09-15 02:25:51
新疆维吾尔自治区,西北诸河,汇合口,2026-09-15 01:00,2,23.85,7.68,6.9,512.3975,7.58078,2.01,0.012,0.009,0.20974,,,2026-09-15 02:25:51
新疆维吾尔自治区,西北诸河,兰干,2026-09-15 01:00,2,23.35391,8.34,6.66,684.1216,3.45614,2.25,0.009,0.008,0.52302,,,2026-09-15 02:25:51
新疆维吾尔自治区,西北诸河,塔提让,2026-09-15 01:00,1,17.45,8.47,7.66,1131.504,1063.489,0.25,0.012,0.005,0.77083,,,2026-09-15 02:25:51
新疆维吾尔自治区,西北诸河,塔里木拦河闸,2026-09-15 01:00,1,17.83399,8.12,8.21,569.037,2733.161,0.5,0.003,0.011,0.87922,,,2026-09-15 02:25:51
新疆维吾尔自治区,西北诸河,十二医院,2026-09-15 01:00,2,19.38823,7.93,7.48,1250.826,212.2372,0.52,0.169,0.004,0.01641,,,2026-09-15 02:25:51
新疆维吾尔自治区,西北诸河,依干其渡口,2026-09-15 01:00,3,19.34579,8.36,7.67,618.6024,1195.65,3.29,0.003,0.103,2.92328,,,2026-09-15 02:25:51
新疆维吾尔自治区,西北诸河,喀河大桥,2026-09-15 01:00,2,20.40245,8.04,6.92,1200.311,0.69529,0.28,0.001,0.008,1.78248,,,2026-09-15 02:25:51
新疆维吾尔自治区,西北诸河,科布大桥,2026-09-15 01:00,1,16.09696,8.21,8.07,332.4299,109.3532,0.14,0.002,0.003,0.72402,,,2026-09-15 02:25:51
新疆维吾尔自治区,西北诸河,龙口大桥,2026-09-15 01:00,1,17.47924,7.68,8.34,287.1603,6.0798,0.76,0.007,0.008,0.63766,,,2026-09-15 02:25:51
新疆维吾尔自治区,西北诸河,羊场大桥,2026-09-15 01:00,2,20.19,8.03,7.36,526.0921,81.7485,0.55,0.018,0.016,1.73272,,,2026-09-15 02:25:51
新疆维吾尔自治区,西北诸河,喀什河大桥,2026-09-15 01:00,1,16.47,8.14,10.56,251.6885,13.16878,0.68,0.005,0.004,0.88568,,,2026-09-15 02:25:51
新疆维吾尔自治区,西北诸河,霍城63团伊犁河大桥,2026-09-15 01:00,4,23.556,7.58,4.21,374.405,1175.94,0.33,0.248,0.024,0.937,,,2026-09-15 02:25:51
新疆维吾尔自治区,西北诸河,英牙尔乡,2026-09-15 01:00,2,21.08461,8.14,8.5,335.8927,68.47601,2.49,0.007,0.073,1.2724,,,2026-09-15 02:25:51
新疆维吾尔自治区,西北诸河,雅马渡大桥,2026-09-15 01:00,2,18.049,7.58,6.41,285.02,13.705,0.41,0.006,0.011,0.766,,,2026-09-15 02:25:51
新疆维吾尔自治区,西北诸河,布尔津河大桥,2026-09-15 01:00,1,18.49,7.65,8.61,57.71457,8.93334,1.18,0.005,0.003,0.21893,,,2026-09-15 02:25:51
新疆维吾尔自治区,西北诸河,乌伦古湖码头,2026-09-15 01:00,3,20.96395,8.81,7.97,3750.538,11.40342,4.03,0.003,0.022,0.81723,0.02365,865643.5,2026-09-15 02:25:51
新疆维吾尔自治区,西北诸河,北屯大桥,2026-09-15 01:00,1,20.21107,7.89,7.62,75.71145,14.55863,0.62,0.005,0.007,0.45446,,,2026-09-15 02:25:51
新疆维吾尔自治区,西北诸河,布尔津水文站,2026-09-15 01:00,1,21.04,7.99,8.81,200.9956,13.55354,1.54,0.014,0.016,1.14,,,2026-09-15 02:25:51
新疆维吾尔自治区,西北诸河,额河南湾,2026-09-15 01:00,1,21.981,7.75,8.08,191.6756,0.006,0.88,0.012,0.011,0.79274,,,2026-09-15 02:25:51
北京市,海河流域,鼓楼外大街,2026-09-15 02:00,2,23.78,7.59,6.82,410.97,17.856,1.67,0.048,0.023,2.141,,,2026-09-15 03:29:57
北京市,海河流域,广北滨河路,2026-09-15 02:00,2,23.95,7.81,6.81,397.36,10.68,1.39,0.029,0.025,1.728,,,2026-09-15 03:29:57
北京市,海河流域,沙窝,2026-09-15 02:00,2,24.79,7.41,7.88,769.98,12.072,3.73,0.081,0.064,5.041,,,2026-09-15 03:29:57
北京市,海河流域,新八里桥,2026-09-15 02:00,4,24.35,7.54,3.88,738.013,3.83,3.23,0.032,0.068,5.899,,,2026-09-15 03:29:57
北京市,海河流域,大红门闸上,2026-09-15 02:00,2,21.98,7.65,6.67,1003.5,7.125,2.79,,0.068,8.575,,,2026-09-15 03:29:57
北京市,海河流域,南大荒桥,2026-09-15 02:00,2,22.17,8.55,10.31,921.6,14.64,2.79,0.005,0.026,1.959,,,2026-09-15 03:29:57
北京市,海河流域,清河闸,2026-09-15 02:00,3,21.47,7.7,5.38,805.28,4.786,2.35,,0.052,5.034,,,2026-09-15 03:29:57
北京市,海河流域,花园路,2026-09-15 02:00,3,21.06,7.55,5.72,687.779,3.069,1.43,0.137,0.05,7.263,,,2026-09-15 03:29:57
北京市,海河流域,白石桥,2026-09-15 02:00,1,24.63,7.79,7.56,332.7,4.254,1.92,0.021,0.012,1.841,,,2026-09-15 03:29:57
北京市,海河流域,八间房漫水桥,2026-09-15 02:00,2,22.4,7.9,6.97,862.06,8.14,3.31,0.011,0.041,4.0133,,,2026-09-15 03:29:57
北京市,海河流域,码头,2026-09-15 02:00,2,22.57,7.47,8.77,1072.38,21.761,2.49,0.054,0.056,7.524,,,2026-09-15 03:29:57
北京市,海河流域,罗庄,2026-09-15 02:00,2,23.69,8.13,8.51,1185.553,6.988167,3.05,,0.062,6.6961,,,2026-09-15 03:29:57
北京市,海河流域,小屯桥,2026-09-15 02:00,3,24.01,8.46,10.32,1299.962,6.861859,4.19,0.003,0.067,6.2011,,,2026-09-15 03:29:57
北京市,海河流域,东店,2026-09-15 02:00,2,20.21181,8.01,9.68,743.3882,49.92814,1.74,0.037,0.068,13.48707,,,2026-09-15 03:29:57
北京市,海河流域,密云水库,2026-09-15 02:00,2,23.96147,8.27,8.39,417.4128,4.308587,2.37,0.008,0.006,3.201026,,,2026-09-15 03:29:57
北京市,海河流域,大关桥,2026-09-15 02:00,2,23.52,8.15,8.27,432.36,14.81,2.45,0.099,0.02,3.7481,,,2026-09-15 03:29:57
北京市,海河流域,辛庄桥,2026-09-15 02:00,2,18.93,8.03,8.42,590.548,48.36861,1.36,,0.025,8.1831,,,2026-09-15 03:29:57
北京市,海河流域,谷家营,2026-09-15 02:00,2,22.35,8.71,13.57,539.071,7.601,3.52,0.053,0.071,2.56,,,2026-09-15 03:29:57
北京市,海河流域,后城,2026-09-15 02:00,1,13.82,8.21,8.68,587.193,20.33117,1.35,0.033,0.02,10.0891,,,2026-09-15 03:29:57
天津市,海河流域,三岔口,2026-09-15 02:00,5,24.96,7.73,2.06,1042.168,23.43514,3.7,0.215,0.063,0.9161,,,2026-09-15 03:29:57
天津市,海河流域,北洋桥,2026-09-15 02:00,4,24.53771,7.31,4.69,1059.009,13.49978,4.24,1.127,0.13,2.752143,,,2026-09-15 03:29:57
天津市,海河流域,井冈山桥,2026-09-15 02:00,5,23.78,7.65,2.69,1052.477,25.7983,3.78,0.803,0.131,1.5221,,,2026-09-15 03:29:57
天津市,海河流域,大红桥,2026-09-15 02:00,4,24.57,7.76,3.39,938.379,47.17208,3.64,0.139,0.075,1.9801,,,2026-09-15 03:29:57
天津市,海河流域,曹庄子泵站,2026-09-15 02:00,2,25.63,7.74,6.43,257.16,2.4,1.64,0.059,0.006,0.861,,,2026-09-15 03:29:57
天津市,海河流域,生产圈闸,2026-09-15 02:00,6,23.70913,7.39,1.17,1207.006,13.70444,4.32,0.402,0.105,1.977564,,,2026-09-15 03:29:57
天津市,海河流域,尔王庄泵站,2026-09-15 02:00,3,26.11,7.53,5.28,287.074,19.71884,1.77,0.001,0.003,0.6941,,,2026-09-15 03:29:57
天津市,海河流域,塘汉公路桥,2026-09-15 02:00,4,22.93,7.56,3,1219.245,20.23844,4.99,0.257,0.156,3.4781,,,2026-09-15 03:29:57
天津市,海河流域,海河大闸,2026-09-15 02:00,3,24.75,8.43,8.83,3768.875,31.2926,4.53,0.179,0.109,1.8344,,,2026-09-15 03:29:57
天津市,海河流域,北排水河防潮闸,2026-09-15 02:00,6,19.45,7.54,1.05,1705.7,34.4612,3.88,,0.069,1.4779,,,2026-09-15 03:29:57
天津市,海河流域,沧浪渠出境,2026-09-15 02:00,5,23.3,7.89,3.89,6651.3,1482.021,10.74,,0.302,1.3305,,,2026-09-15 03:29:57
天津市,海河流域,万家码头,2026-09-15 02:00,4,24.09,8.42,8.29,2179.41,35.76,6.85,0.02,0.081,0.942,,,2026-09-15 03:29:57
天津市,海河流域,蓟运河防潮闸,2026-09-15 02:00,4,21.44381,7.54,4.56,1059.287,25.70795,5.03,0.311,0.197,2.133322,,,2026-09-15 03:29:57
天津市,海河流域,青静黄防潮闸,2026-09-15 02:00,4,25.02735,8.82,10.07,5029.746,41.19241,8.91,0.101,0.162,0.961807,,,2026-09-15 03:29:57
天津市,海河流域,马棚口防潮闸,2026-09-15 02:00,4,24.13,7.68,5.45,2851.4,53.3183,6.74,0.366,0.087,3.078,,,2026-09-15 03:29:57
天津市,海河流域,阎辛庄,2026-09-15 02:00,6,18.68187,7.3,1.42,2192.189,45.39114,,,,,,,2026-09-15 03:29:57
天津市,海河流域,于桥水库出口,2026-09-15 02:00,3,24.3,8.21,5.52,402.904,12.38019,4.76,0.17,0.045,2.3711,,,2026-09-15 03:29:57
天津市,海河流域,黎河桥,2026-09-15 02:00,2,21.463,7.6,10.42,735.7,10.57,1.3,,0.094,11.693,,,2026-09-15 03:29:57
天津市,海河流域,沙河桥,2026-09-15 02:00,2,22.38,7.54,7.07,620.06,11.459,1.5,0.275,0.099,9.404,,,2026-09-15 03:29:57
天津市,海河流域,果河桥,2026-09-15 02:00,2,24.91,8.65,7.9,611.0325,8.1177,2.04,0.034,0.07,11.2598,,,2026-09-15 03:29:57
天津市,海河流域,西屯桥,2026-09-15 02:00,4,24.11,7.37,4.54,478.8,22.2346,3.94,0.558,0.057,3.086,,,2026-09-15 03:29:57
河北省,海河流域,下槐镇,2026-09-15 02:00,2,19.83,8.54,8.68,618.264,102.3262,2.25,0.008,0.042,2.3158,,,2026-09-15 03:29:57
河北省,海河流域,地都,2026-09-15 02:00,3,19.69,8.26,7.05,1227.759,24.094,1.56,0.535,0.071,6.785,,,2026-09-15 03:29:57
河北省,海河流域,平山桥,2026-09-15 02:00,1,21.94,8.14,8.14,1002.23,30.228,1.19,0.007,0.009,5.224,,,2026-09-15 03:29:57
河北省,海河流域,兆通,2026-09-15 02:00,1,24.93,8.58,8.88,279.28,3.46,1.54,,0.008,0.6591,,,2026-09-15 03:29:57
河北省,海河流域,大石桥,2026-09-15 02:00,3,24.42729,7.95,7.07,1404.845,18.69917,5.23,0.184,0.131,10.95981,,,2026-09-15 03:29:57
河北省,海河流域,涧河口,2026-09-15 02:00,6,24.03071,9.13,9.79,1327.162,15.59926,6.99,0.067,0.11,0.966529,,,2026-09-15 03:29:57
河北省,海河流域,丰北闸,2026-09-15 02:00,3,25.92594,7.87,9.04,877.9525,85.41151,5.94,,0.197,0.381685,,,2026-09-15 03:29:57
河北省,海河流域,滦县大桥,2026-09-15 02:00,2,22.72,8.04,7.57,591.842,10.63386,2.42,0.012,0.034,4.6401,,,2026-09-15 03:29:57
河北省,海河流域,刘家庄,2026-09-15 02:00,1,18.87,8.11,7.66,555.5805,13.78,1.1,0.015,0.014,4.1,,,2026-09-15 03:29:57
河北省,海河流域,岳城水库出口,2026-09-15 02:00,2,24.71,8.47,9.91,567.814,8.96822,2.02,0.029,,2.548,,,2026-09-15 03:29:57
河北省,海河流域,曲周,2026-09-15 02:00,2,23.76,8.07,8.06,1045.107,15.781,3.06,,0.044,4.344,,,2026-09-15 03:29:57
河北省,海河流域,沙阳,2026-09-15 02:00,2,24.7,7.84,8.96,1632.85,59.93,2.87,0.063,0.062,3.0072,,,2026-09-15 03:29:57
河北省,海河流域,艾辛庄,2026-09-15 02:00,3,24.05949,7.96,7.28,1334.3,12.67944,4.43,0.036,0.113,8.865859,,,2026-09-15 03:29:57
河北省,海河流域,后西吴桥,2026-09-15 02:00,3,25.02,8.19,5.88,994.54,67.88,3.55,0.124,0.183,12.9152,,,2026-09-15 03:29:57
河北省,海河流域,北河店,2026-09-15 02:00,2,23.25,7.84,6.2,610.1081,2.5122,1.13,,0.016,6.707,,,2026-09-15 03:29:57
河北省,海河流域,白合,2026-09-15 02:00,2,20.4,8.23,8.56,534.59,56.27,0.96,,0.052,4.489,,,2026-09-15 03:29:57
河北省,海河流域,杜里村,2026-09-15 02:00,2,15.58,8.43,10.06,428.23,52.67,1.52,,0.066,3.234,,,2026-09-15 03:29:57
河北省,海河流域,温泉屯,2026-09-15 02:00,4,18.28,8.22,7.85,1105.227,461.0815,6.81,0.004,0.243,9.2321,,,2026-09-15 03:29:57
河北省,海河流域,八号桥,2026-09-15 02:00,3,19.5,8.43,7.89,1107.621,183.1625,4.72,0.286,0.113,1.166746,,,2026-09-15 03:29:57
河北省,海河流域,左卫桥,2026-09-15 02:00,4,14.52,8.55,9.35,873.937,486.3484,4.82,0.011,0.227,12.4331,,,2026-09-15 03:29:57
河北省,海河流域,四道甸,2026-09-15 02:00,2,16.44,8.3,8.76,451.521,63.83841,2.22,0.011,0.02,6.4261,,,2026-09-15 03:29:57
河北省,海河流域,上二道河子,2026-09-15 02:00,2,20.3,7.86,7.08,504.934,4.143408,2.38,0.011,0.002,7.4271,,,2026-09-15 03:29:57
河北省,辽河流域,甸子,2026-09-15 02:00,2,14.63,7.79,6.91,458.5,19.17,2.02,0.03,0.026,7.975,,,2026-09-15 03:29:57
河北省,海河流域,何老营,2026-09-15 02:00,3,22.8063,8.78,10.85,3528.321,7.593047,5.37,0.014,0.094,0.819237,,,2026-09-15 03:29:57
河北省,海河流域,大口河口,2026-09-15 02:00,4,22.96,7.62,4.17,19330.26,490.29,5.6,,0.197,3.649,,,2026-09-15 03:29:57
河北省,海河流域,四埝村桥,2026-09-15 02:00,3,23.58,8.23,6.44,4061.475,16.315,5.76,0.035,0.107,0.761,,,2026-09-15 03:29:57
河北省,海河流域,大王务,2026-09-15 02:00,3,23.18,7.77,5.05,810.065,28.4516,5.45,0.013,0.065,0.8541,,,2026-09-15 03:29:57
河北省,海河流域,杨洼闸,2026-09-15 02:00,6,24.38,7.6,1.74,906.34,19.76,4.15,,0.08,5.213,,,2026-09-15 03:29:57
河北省,海河流域,吴村,2026-09-15 02:00,3,24.62,7.86,9.78,741.97,8.84,4.11,0.033,0.105,4.83,,,2026-09-15 03:29:57
河北省,海河流域,台头,2026-09-15 02:00,2,23.95442,8.29,9.15,735.5914,19.5298,3.1,,0.026,0.7011,,,2026-09-15 03:29:57
河北省,海河流域,桑梓红旗闸,2026-09-15 02:00,2,22.35523,8.01,7.54,723.428,27.08957,2.36,0.032,0.083,11.8661,,,2026-09-15 03:29:57
河北省,海河流域,三小营,2026-09-15 02:00,3,21.53066,7.65,6.5,1008.579,17.49026,3.9,0.047,0.102,2.063725,,,2026-09-15 03:29:57
河北省,海河流域,小范桥,2026-09-15 02:00,3,24.51,8.31,9.09,963.512,3.071,4.7,0.014,0.034,0.6857,,,2026-09-15 03:29:57
河北省,海河流域,衡水湖大湖心,2026-09-15 02:00,3,24.31,8.73,9.2,1307.878,10.841,5.68,0.015,0.03,0.765,0.029336,9376616,2026-09-15 03:29:57
河北省,海河流域,南张村,2026-09-15 02:00,1,26.68,8.36,7.6,251.36,2.741,1.89,0.042,0.007,0.7062,,,2026-09-15 03:29:57
河北省,海河流域,安州,2026-09-15 02:00,5,24.92,7.39,2.56,1167.602,17.081,5.4,0.228,0.081,5.813,,,2026-09-15 03:29:57
河北省,海河流域,膳马庙村北,2026-09-15 02:00,3,24.15,7.71,6.13,1017.14,51.4691,4.2,0.241,0.101,7.0387,,,2026-09-15 03:29:57
河北省,海河流域,南刘庄,2026-09-15 03:00,3,24.05,7.74,7.13,683.21,6.53,,0.019,0.032,0.679,0.01148,1526994,2026-09-15 03:29:57
河北省,海河流域,采蒲台,2026-09-15 02:00,2,24.44357,7.96,8.7,677.28,0.140649,3.77,0.014,0.019,0.326224,0.002254,559728.8,2026-09-15 03:29:57
河北省,海河流域,光淀张庄,2026-09-15 03:00,4,24.06,7.55,4.17,754.97,5.7,2.11,0.04,0.019,1.887,0.00092,1178633,2026-09-15 03:29:57
山西省,黄河流域,韩武村,2026-09-15 02:00,4,22.85,7.87,5.72,1234.22,17.7,6.53,0.784,0.213,8.533,,,2026-09-15 03:29:57
山西省,黄河流域,上兰,2026-09-15 02:00,2,20.01,8.22,6.87,653.858,8.450158,1.59,0.007,0.002,1.8991,,,2026-09-15 03:29:57
山西省,黄河流域,汾河水库出口,2026-09-15 02:00,2,22.27,8.46,7.46,617.038,2.738885,1.05,0.001,0.003,1.4151,0.010459,289436,2026-09-15 03:29:57
山西省,海河流域,堡子湾,2026-09-15 02:00,2,13.89,8.14,7.98,836.861,10.26708,1.66,0.01,0.027,8.1001,,,2026-09-15 03:29:57
山西省,海河流域,册田水库出口,2026-09-15 02:00,3,20.48,8.54,6.98,1080.466,17.85933,4.24,0.019,0.069,0.9561,,,2026-09-15 03:29:57
山西省,海河流域,古家坡,2026-09-15 02:00,6,19.65,7.9,0.01,1405.572,40.9669,8.58,0.643,0.313,2.8331,,,2026-09-15 03:29:57
山西省,海河流域,利仁皂,2026-09-15 02:00,3,18.77,8.02,6.07,1584.506,15.35239,4.99,0.012,0.099,6.1381,,,2026-09-15 03:29:57
山西省,海河流域,白羊墅,2026-09-15 02:00,2,19.41,8.14,7.9,1139.8,82.346,2.34,0.294,0.096,7.517,,,2026-09-15 03:29:57
山西省,海河流域,王家庄,2026-09-15 02:00,2,21.07,8.29,8.62,599.76,30.72,2.26,,0.034,3.052,,,2026-09-15 03:29:57
山西省,海河流域,司徒桥,2026-09-15 02:00,3,21.33,8.11,8.52,595.9789,20.406,4.55,,0.054,1.118,,,2026-09-15 03:29:57
山西省,海河流域,关河水库出口,2026-09-15 02:00,4,20.5,7.79,4.41,531.72,8.449,3.89,0.01,0.025,1.5634,,,2026-09-15 03:29:57
山西省,海河流域,北寨,2026-09-15 02:00,3,20.64,7.86,6.82,962,28.74,4.27,0.008,0.079,6.3611,,,2026-09-15 03:29:57
山西省,海河流域,后湾水库出口,2026-09-15 02:00,3,21.72,7.71,5.21,483.96,3.877,2.78,0.072,0.018,0.687,,,2026-09-15 03:29:57
山西省,黄河流域,龙头,2026-09-15 02:00,2,18.67,8.22,7.08,597.59,49.51,2.06,,0.025,3.1624,,,2026-09-15 03:29:57
山西省,黄河流域,拴驴泉,2026-09-15 02:00,1,21.4,8.14,8.73,787.3907,15.0086,1.05,,0.014,3.9901,,,2026-09-15 03:29:57
山西省,黄河流域,张峰水库出口,2026-09-15 02:00,2,24.3065,7.8,6.05,525.921,16.5049,1.3,0.003,0.004,3.060965,,,2026-09-15 03:29:57
山西省,海河流域,东榆林水库出口,2026-09-15 02:00,2,20.62,8.66,16.3,701.354,9.352894,3.35,0.13,0.07,2.7671,,,2026-09-15 03:29:57
山西省,黄河流域,杀虎口,2026-09-15 02:00,2,16.18,8.28,7.77,608.489,55.75875,3.54,0.01,0.059,1.9361,,,2026-09-15 03:29:57
山西省,海河流域,王寨村,2026-09-15 02:00,2,20.36,8.25,7.87,613.919,70.89,1.27,,0.035,3.647,,,2026-09-15 03:29:57
山西省,黄河流域,安固桥,2026-09-15 02:00,3,21.119,7.82,6.64,836.19,69.6699,2.91,0.07,0.128,7.4915,,,2026-09-15 03:29:57
山西省,黄河流域,王庄桥南,2026-09-15 02:00,4,21.61,8.33,7.58,1041.626,56.33,8.17,0.004,0.181,5.415,,,2026-09-15 03:29:57
山西省,黄河流域,郝村,2026-09-15 02:00,3,20.55,8.12,6.92,990.0302,50.242,4.95,0.001,0.097,2.3309,,,2026-09-15 03:29:57
山西省,黄河流域,张留庄,2026-09-15 02:00,4,24.39,8.66,7.45,9131.622,81.124,8.06,0.078,0.141,8.091,,,2026-09-15 03:29:57
山西省,黄河流域,上亳城,2026-09-15 02:00,2,21.35,8.03,7.65,922.42,24.009,1.53,0.041,0.041,5.1578,,,2026-09-15 03:29:57
山西省,黄河流域,小韩村,2026-09-15 02:00,4,22.55,7.45,4.1,1690.53,33.822,3.33,0.402,0.151,7.447,,,2026-09-15 03:29:57
山西省,海河流域,梵王寺,2026-09-15 02:00,2,13.61,8.23,9.05,1123.285,55.25879,2.25,0.457,0.066,5.6001,,,2026-09-15 03:29:57
山西省,海河流域,代县桥,2026-09-15 02:00,2,17.59,8.61,8.66,670.15,200.1962,1.79,0.006,0.097,7.2241,,,2026-09-15 03:29:57
山西省,海河流域,定襄桥,2026-09-15 02:00,4,19.44,8.06,4.86,650.401,520.6763,5.34,,0.184,5.2751,,,2026-09-15 03:29:57
山西省,海河流域,南庄,2026-09-15 02:00,2,19.35,8.35,8.39,547.221,149.4757,3.14,,0.079,6.2681,,,2026-09-15 03:29:57
山西省,海河流域,坪上桥,2026-09-15 02:00,4,15.57,8.55,9.05,436.374,13.9928,7.97,0.013,0.02,4.5131,,,2026-09-15 03:29:57
山西省,黄河流域,河西村,2026-09-15 02:00,2,16.53,8.22,7.83,551.6,50.12,0.85,0.009,0.028,3.125,,,2026-09-15 03:29:57
山西省,黄河流域,上平望,2026-09-15 02:00,4,23.21,7.76,5.58,1130.04,126.32,7.47,0.227,0.103,7.275,,,2026-09-15 03:29:57
山西省,黄河流域,黑城村,2026-09-15 02:00,2,20.47,8.24,7.8,820.3527,51.2487,1.7,0.03,0.042,3.964,,,2026-09-15 03:29:57
山西省,黄河流域,曲立,2026-09-15 02:00,2,15.44,8.01,7.77,616.492,83.6477,2.22,0.062,0.076,5.0401,,,2026-09-15 03:29:57
山西省,黄河流域,裴家川口,2026-09-15 02:00,2,16.78,8.15,8.57,501.515,43.35108,1.26,0.013,0.021,3.9781,,,2026-09-15 03:29:57
山西省,黄河流域,碛口,2026-09-15 02:00,3,20.83,8.51,7.41,946.077,7.895169,4.27,0.085,0.025,7.2131,,,2026-09-15 03:29:57
山西省,黄河流域,裴沟,2026-09-15 03:00,2,19.78,8.73,6.9,838.386,19.34934,2.6,0.029,0.019,5.2051,,,2026-09-15 03:29:57
山西省,黄河流域,三川河两河口桥,2026-09-15 02:00,3,21.53,8.25,6.85,885.395,5.590126,3.2,0.084,0.186,7.2491,,,2026-09-15 03:29:57
山西省,黄河流域,碧村,2026-09-15 02:00,1,18.76,8.32,8.94,599.858,24.1036,1.88,0.027,0.02,4.3811,,,2026-09-15 03:29:57
山西省,黄河流域,北峪口,2026-09-15 02:00,2,20.70914,8.1,7.33,495.495,35.34568,2.03,0.054,0.026,2.5961,,,2026-09-15 03:29:57
山西省,黄河流域,南姚,2026-09-15 02:00,3,21.65,7.92,6.05,890.87,49.62,3.68,0.304,0.132,4.627,,,2026-09-15 03:29:57
内蒙古自治区,黄河流域,磴口,2026-09-15 02:00,2,19.26,8.29,7.73,959.1804,210.2876,1.36,0.088,0.027,2.31357,,,2026-09-15 03:29:57
内蒙古自治区,松花江流域,根河口内,2026-09-15 02:00,3,13.83,6.92,8.66,87.88,13.87,5.78,,0.023,0.2,,,2026-09-15 03:29:57
内蒙古自治区,松花江流域,李屯,2026-09-15 02:00,3,13.51,7.29,9.32,97.396,28.5483,5.66,,0.045,0.492,,,2026-09-15 03:29:57
内蒙古自治区,松花江流域,陶海,2026-09-15 02:00,3,13.1,7.58,10.05,158.8,17.5,5.36,,0.057,0.379,,,2026-09-15 03:29:57
内蒙古自治区,松花江流域,嵯岗,2026-09-15 03:00,4,14.39,7.94,9.08,206.661,58.257,9.08,,0.101,0.513,,,2026-09-15 03:29:57
内蒙古自治区,松花江流域,成吉思汗,2026-09-15 02:00,2,14.98,7.08,9.08,143.46,13.65,2.03,0.018,0.023,1.294,,,2026-09-15 03:29:57
内蒙古自治区,松花江流域,讷尔克气,2026-09-15 02:00,3,12.35,7.18,10.01,73.959,6.458,4.88,0.002,0.018,0.325,,,2026-09-15 03:29:57
内蒙古自治区,黄河流域,总排干入黄口,2026-09-15 02:00,4,19.583,8.77,11.12,3694.09,72.833,9.88,0.923,0.146,2.7198,,,2026-09-15 03:29:57
内蒙古自治区,黄河流域,三盛公,2026-09-15 02:00,2,22.01023,8.36,8.2,980.0463,903.5847,2.75,0.053,0.035,2.808,,,2026-09-15 03:29:57
内蒙古自治区,松花江流域,大山矿,2026-09-15 02:00,2,10.71,7.97,10.23,227.69,9.62,2.88,,0.022,0.23,,,2026-09-15 03:29:57
内蒙古自治区,松花江流域,斯力很,2026-09-15 01:00,2,16.5,7.99,8.76,272.9,37.9,2.48,,0.05,2.651,,,2026-09-15 03:29:57
内蒙古自治区,松花江流域,察尔森水库西入口,2026-09-15 02:00,3,18.56,7.75,8.1,164.3,54.55,3.55,0.001,0.03,1.43,0.00956,4079110,2026-09-15 03:29:57
辽宁省,辽河流域,蒲河沿,2026-09-15 02:00,4,18.93,8.02,4.22,777,52.5,7.97,0.051,0.162,3.1837,,,2026-09-15 03:29:57
辽宁省,辽河流域,于台,2026-09-15 02:00,4,19.58,7,5.44,865.549,7.266,3.35,1.313,0.102,7.884,,,2026-09-15 03:29:57
辽宁省,辽河流域,巨流河大桥,2026-09-15 02:00,4,20.74,8.38,12.5,551.6,67.7,7.99,,0.107,1.904,,,2026-09-15 03:29:57
辽宁省,辽河流域,兴国桥,2026-09-15 02:00,3,15.61,7.24,5.8,659.912,5.283,2.24,,0.018,1.26,,,2026-09-15 03:29:57
辽宁省,辽河流域,城子坦,2026-09-15 02:00,6,23.09915,9.35,11.98,261.6626,6.98132,3.29,0.013,0.043,2.32064,,,2026-09-15 03:29:57
辽宁省,辽河流域,麦家,2026-09-15 02:00,3,22.41,8.29,9.18,481.5,17.7,4.7,0.035,0.085,2.088,,,2026-09-15 03:29:57
辽宁省,辽河流域,复州湾大桥,2026-09-15 02:00,2,19.9855,8.07,7.53,565.234,3.10188,3.68,0.038,0.046,3.868,,,2026-09-15 03:29:57
辽宁省,辽河流域,三台子,2026-09-15 02:00,3,23.16689,8.48,10.17,1017.335,15.49311,5.19,0.02,0.098,3.32472,,,2026-09-15 03:29:57
辽宁省,辽河流域,万泰,2026-09-15 02:00,2,23.68,8.46,9.49,140.929,7.79692,3.13,0.009,0.019,2.57738,,,2026-09-15 03:29:57
辽宁省,辽河流域,登化,2026-09-15 02:00,4,20.8939,8.66,12.52,651.806,19.6843,6.12,0.021,0.127,4.125,,,2026-09-15 03:29:57
辽宁省,辽河流域,小姐庙,2026-09-15 02:00,3,22.53,7.83,5.87,769.4,8.47,1.92,0.042,0.069,4.544,,,2026-09-15 03:29:57
辽宁省,辽河流域,口子街,2026-09-15 02:00,1,20.78,8.67,8.09,293,3.55058,1.87,0.036,0.014,3.277,,,2026-09-15 03:29:57
辽宁省,辽河流域,牛庄,2026-09-15 02:00,2,26.1874,8.17,7.83,,6.81309,3.78,0.077,0.072,2.799,,,2026-09-15 03:29:57
辽宁省,辽河流域,关门山大桥,2026-09-15 02:00,2,18.97,7.96,6.71,387.949,4.082,1.45,,0.008,4.707,,,2026-09-15 03:29:57
辽宁省,辽河流域,刘家台,2026-09-15 02:00,2,20.705,8.48,11.22,720.519,29.81,3.53,0.012,0.084,4.589,,,2026-09-15 03:29:57
辽宁省,辽河流域,大伙房水库,2026-09-15 02:00,2,21.7,6.95,8.19,217.84,15.85,3.41,0.053,0.04,4.203,0.04722,,2026-09-15 03:29:57
辽宁省,辽河流域,北杂木,2026-09-15 02:00,1,17.46,7.39,9.79,349.19,4.19,1.87,,0.018,5.554,,,2026-09-15 03:29:57
辽宁省,辽河流域,台沟,2026-09-15 02:00,2,16.38,7.79,8.55,257.93,5.55,1.2,,0.024,3.629,,,2026-09-15 03:29:57
辽宁省,辽河流域,北太子河入观音阁水库口,2026-09-15 02:00,1,18.6738,7.75,8.92,259.9875,27.445,1.52,0.007,0.018,4.878216,,,2026-09-15 03:29:57
辽宁省,辽河流域,老官砬子,2026-09-15 02:00,1,18.3,7.87,8.21,328.6,1.9,1.78,0.014,0.016,2.687,,,2026-09-15 03:29:57
辽宁省,辽河流域,兴安,2026-09-15 02:00,2,20.84,7.76,6.05,449.6,6.7,1.94,0.027,0.025,3.059,,,2026-09-15 03:29:57
辽宁省,辽河流域,凤鸣电站,2026-09-15 02:00,1,20.88,8.21,8.94,211.82,7.289,1.94,,0.02,3.186,,,2026-09-15 03:29:57
辽宁省,辽河流域,南太子河入库口,2026-09-15 02:00,2,18.53,7.39,7.34,188.9,1.87,0.28,0.01,0.006,4.772,,,2026-09-15 03:29:57
辽宁省,辽河流域,江桥,2026-09-15 02:00,3,22.07,7.16,5.33,154.1,12.04,1.4,,0.013,2.505,,,2026-09-15 03:29:57
辽宁省,辽河流域,爱河大桥,2026-09-15 02:00,2,21.5081,7.62,7.3,212.845,3.596,1.41,0.029,0.032,3.666,,,2026-09-15 03:29:57
辽宁省,辽河流域,蒲石河大桥,2026-09-15 02:00,1,22.32,7.66,8.13,222.34,2.901,1.63,0.038,0.014,3.225,,,2026-09-15 03:29:57
辽宁省,辽河流域,王家沟,2026-09-15 02:00,2,21.05,8.15,7.96,662.75,7.66,1.96,0.006,0.024,5.139,,,2026-09-15 03:29:57
辽宁省,辽河流域,西八千,2026-09-15 02:00,2,20.29,8.53,8.63,690.76,11.72,3.15,0.011,0.038,4.723,,,2026-09-15 03:29:57
辽宁省,辽河流域,女儿河入河口,2026-09-15 02:00,2,22.41,7.99,13.79,959.35,13.26,1.56,0.004,0.031,14.879,,,2026-09-15 03:29:57
辽宁省,辽河流域,何家信子,2026-09-15 02:00,2,20.51,8.04,6.31,475.5,2.58,2.98,,0.022,1.214,,,2026-09-15 03:29:57
辽宁省,辽河流域,西树林,2026-09-15 02:00,3,21.4,7.96,6.99,885.3,27.8,4.08,0.151,0.136,5.246,,,2026-09-15 03:29:57
辽宁省,辽河流域,高台子,2026-09-15 02:00,6,19.76,7.47,1.78,1271.88,24.908,3.86,0.0001,0.079,7.137,,,2026-09-15 03:29:57
辽宁省,辽河流域,茧场,2026-09-15 02:00,1,20.49,8.98,9.42,302.858,10.76116,1.89,0.008,0.007,6.21488,,,2026-09-15 03:29:57
辽宁省,辽河流域,大清河口,2026-09-15 02:00,4,22.18,8.72,11.66,501.67,22.741,6.15,0.024,0.064,4.64,,,2026-09-15 03:29:57
辽宁省,辽河流域,东羊角,2026-09-15 02:00,3,19.65,7.56,6.75,750.7,18.4,3.21,0.373,0.163,6.712,,,2026-09-15 03:29:57
辽宁省,辽河流域,下口子,2026-09-15 02:00,2,21.69,7.92,9.1,631,49.36,2.75,0.006,0.046,4.239,,,2026-09-15 03:29:57
辽宁省,辽河流域,河洪桥,2026-09-15 02:00,3,19.6794,7.37,7.96,638.743,65.5624,3.79,0.053,0.137,7.611,,,2026-09-15 03:29:57
辽宁省,辽河流域,二道河水库口,2026-09-15 02:00,2,17.3574,7.87,6.65,415.489,2.24048,1.02,0.002,0.007,3.067,,,2026-09-15 03:29:57
辽宁省,辽河流域,下王家,2026-09-15 02:00,2,19.944,7.44,6.74,592.992,3.69539,1.56,,0.023,4.924,,,2026-09-15 03:29:57
辽宁省,辽河流域,汤河桥,2026-09-15 02:00,2,20.06,7.79,8.28,521.4,3.70046,0.9,0.014,0.025,4.365,,,2026-09-15 03:29:57
辽宁省,辽河流域,下达河入汤河水库口,2026-09-15 02:00,2,15.7265,7.91,6.85,428.095,2.428,1.63,0.002,0.011,3.692,,,2026-09-15 03:29:57
辽宁省,辽河流域,丁家柳河桥,2026-09-15 02:00,4,21.91,8.12,7.12,569.213,38.949,6.01,0.064,0.112,1.063,,,2026-09-15 03:29:57
辽宁省,辽河流域,盘锦兴安,2026-09-15 03:00,5,20.85,7.69,2.91,547.85,29.06,6.19,0.037,0.094,1.232,,,2026-09-15 03:29:57
辽宁省,辽河流域,曙光大桥,2026-09-15 02:00,3,22.51,7.65,6,944.59,58.41,4.99,0.029,0.114,1.906,,,2026-09-15 03:29:57
辽宁省,辽河流域,胜利塘,2026-09-15 02:00,4,21.63,7.8,3.24,1345.57,45.49,6.59,0.044,0.122,1.181,,,2026-09-15 03:29:57
辽宁省,辽河流域,鲜峰桥,2026-09-15 02:00,4,21.46,8,8.45,1074.17,88.967,8.25,,0.2,0.389,,,2026-09-15 03:29:57
辽宁省,辽河流域,清辽,2026-09-15 02:00,2,19.768,7.68,8.52,521,12.4,2.58,0.016,0.055,5.824,,,2026-09-15 03:29:57
辽宁省,辽河流域,通江口,2026-09-15 02:00,3,20.36,8.25,9.21,766.88,52.8,5.35,,0.103,3.733,,,2026-09-15 03:29:57
辽宁省,辽河流域,珠尔山,2026-09-15 03:00,4,19.82,8.28,10.66,576.36,28.78,7.07,,0.094,1.642,,,2026-09-15 03:29:57
辽宁省,辽河流域,柴河水库入库口,2026-09-15 02:00,2,18.07,8.03,9.01,462.07,26.93,1.78,,0.049,6.705,,,2026-09-15 03:29:57
辽宁省,辽河流域,凡河一号桥,2026-09-15 03:00,6,22.47,9.16,12.11,334.8,18,2.59,,0.043,4.214,,,2026-09-15 03:29:57
辽宁省,辽河流域,亮子河入河口,2026-09-15 02:00,3,18.13,7.83,7.2,692.26,53.54,4.76,0.022,0.158,3.415,,,2026-09-15 03:29:57
辽宁省,辽河流域,清河水库入库口,2026-09-15 02:00,2,14.5,7.61,8.14,343.61,6.52,1.21,,0.037,7.191,,,2026-09-15 03:29:57
辽宁省,辽河流域,凌鸿大桥,2026-09-15 02:00,2,21.17,8.28,8.95,763.8,13.9,1.56,0.01,0.034,10.603,,,2026-09-15 03:29:57
辽宁省,辽河流域,章吉营,2026-09-15 02:00,2,20.03,8.25,8.43,850.4,6.8,1.58,,0.034,9.9063,,,2026-09-15 03:29:57
辽宁省,辽河流域,大凌河西支入河口,2026-09-15 02:00,2,15.86,7.98,6.83,931.73,5.173,1.37,,0.026,21.19,,,2026-09-15 03:29:57
辽宁省,辽河流域,李家湾大桥,2026-09-15 02:00,2,15.5,7.87,8.63,506.6,46.4,1.43,,0.039,4.605,,,2026-09-15 03:29:57
辽宁省,辽河流域,红石碑入海前,2026-09-15 02:00,3,22.01,8.23,14.83,1155.245,22.113,5.09,0.006,0.067,3.153,,,2026-09-15 03:29:57
辽宁省,辽河流域,小渔场,2026-09-15 02:00,2,23.77,7.53,6.19,26211.63,1.438,1.63,0.126,0.05,4.653,,,2026-09-15 03:29:57
吉林省,松花江流域,新立城大坝,2026-09-15 02:00,6,20.295,9.1,8.05,280.5,27.28,5.06,0.055,0.055,0.974,,,2026-09-15 03:29:57
吉林省,松花江流域,松花江村,2026-09-15 02:00,3,18.49,7.13,8.28,256.01,73.43,4.36,0.092,0.194,3.946,,,2026-09-15 03:29:57
吉林省,松花江流域,靠山南楼,2026-09-15 02:00,3,18.47,8.05,8.63,633.46,39.14,5.42,0.143,0.17,5.16,,,2026-09-15 03:29:57
吉林省,松花江流域,砖瓦窑桥,2026-09-15 02:00,5,15.75,7.63,6.11,571.7,31.03,11.45,0.013,0.117,3.255,,,2026-09-15 03:29:57
吉林省,松花江流域,镇江口,2026-09-15 02:00,3,18.45,7.8,8.86,304.7,68.33,4.4,,0.121,4.13,,,2026-09-15 03:29:57
吉林省,松花江流域,靠山大桥,2026-09-15 02:00,4,17.99,8.23,9.93,775.22,67,6.98,0.044,0.263,5.196,,,2026-09-15 03:29:57
吉林省,松花江流域,饮马河大桥,2026-09-15 02:00,2,18.41,7.64,7.7,238.64,38.03,3.23,,0.067,3.114,,,2026-09-15 03:29:57
吉林省,松花江流域,刘珍屯,2026-09-15 02:00,3,18.7,7.46,8.08,519,48.38,3.02,0.09,0.163,3.27,,,2026-09-15 03:29:57
吉林省,松花江流域,周家河口,2026-09-15 03:00,3,16.05,7.66,8.64,634.91,187.4,4.33,,0.124,4.128,,,2026-09-15 03:29:57
吉林省,松花江流域,白旗,2026-09-15 02:00,3,18.7539,7.32,7.85,228.773,53.4115,4.03,0.046,0.102,4.3268,,,2026-09-15 03:29:57
吉林省,松花江流域,白山大桥,2026-09-15 02:00,4,17.02,6.82,5.34,112.723,29.478,6.79,,0.048,2.188,,,2026-09-15 03:29:57
吉林省,松花江流域,福兴,2026-09-15 02:00,3,19.01,9,12.63,356.355,22.033,5.06,0.017,0.054,3.357,,,2026-09-15 03:29:57
吉林省,松花江流域,桦树林,2026-09-15 02:00,3,18.05,7.75,7.61,190.598,30.573,5.71,0.018,0.054,2.503,0.04248,643072,2026-09-15 03:29:57
吉林省,松花江流域,官厅桥,2026-09-15 02:00,2,18.6,7.42,7.12,382.8,42.823,3.28,0.167,0.084,1.53,,,2026-09-15 03:29:57
吉林省,松花江流域,蛟河口,2026-09-15 02:00,3,15.076,7.26,7.9,336.518,77.767,4.97,0.139,0.081,4.957,,,2026-09-15 03:29:57
吉林省,松花江流域,哨口,2026-09-15 02:00,2,19.4576,7.09,8.04,228.162,33.2254,3.94,0.078,0.074,3.928,,,2026-09-15 03:29:57
吉林省,松花江流域,肖家船口,2026-09-15 02:00,2,12.8555,6.54,6.93,203.11,8.6748,1.27,0.049,0.031,1.678,,,2026-09-15 03:29:57
吉林省,松花江流域,烟筒山,2026-09-15 02:00,2,17,7.96,9.34,358.98,41.314,3.03,0.072,0.056,3.818,,,2026-09-15 03:29:57
吉林省,辽河流域,四双大桥,2026-09-15 02:00,2,17.04,8.21,9.33,664.5,27.27,3.29,,0.054,2.088,,,2026-09-15 03:29:57
吉林省,辽河流域,城子上,2026-09-15 02:00,2,18.51,8.34,8.45,519.71,6.56,3.18,0.013,0.057,3.009,,,2026-09-15 03:29:57
吉林省,辽河流域,六家子,2026-09-15 02:00,3,16.58,7.88,9.59,826.9,11,3.03,0.021,0.104,8.6375,,,2026-09-15 03:29:57
吉林省,辽河流域,林家,2026-09-15 02:00,3,17.8,7.88,8.31,812.8,25.9,5.39,0.055,0.149,7.498,,,2026-09-15 03:29:57
吉林省,辽河流域,河清,2026-09-15 02:00,2,16.89,7.9,6.5,1102.5,8.5,3.7,,0.032,6.365,,,2026-09-15 03:29:57
吉林省,辽河流域,民主,2026-09-15 02:00,2,19.221,8.61,9,333.2,19.843,3.4,0.008,0.025,3.023,,,2026-09-15 03:29:57
吉林省,松花江流域,高集岗桥,2026-09-15 02:00,2,19.11,8.31,9.42,271.9,16.235,2.06,0.02,0.029,3.488,,,2026-09-15 03:29:57
吉林省,辽河流域,云峰,2026-09-15 02:00,4,20.679,7.11,4.82,130.398,19.4737,2.24,0.017,0.019,1.705,,,2026-09-15 03:29:57
吉林省,辽河流域,老虎哨,2026-09-15 02:00,2,20.589,7.37,7.21,115.088,18.581,2.74,0.042,0.013,2.06,,,2026-09-15 03:29:57
吉林省,辽河流域,鸠谷,2026-09-15 02:00,2,11.9,7.5,9.86,134.2,24.6,1.99,0.087,0.056,1.311,,,2026-09-15 03:29:57
吉林省,辽河流域,葫芦套,2026-09-15 02:00,2,18.81,7.95,8.73,125.872,24.01,2.08,0.012,0.031,1.05,,,2026-09-15 03:29:57
吉林省,辽河流域,大阳岔,2026-09-15 02:00,2,9.87,8.04,6.87,291.116,8.205,0.53,,0.015,1.408,,,2026-09-15 03:29:57
吉林省,松花江流域,松林,2026-09-15 02:00,3,17.72,7.25,8.07,305.5,19.78,4.65,0.069,0.073,3.332,,,2026-09-15 03:29:57
吉林省,松花江流域,白沙滩,2026-09-15 03:00,4,19.97,8.1,8.75,,,6.64,0.101,0.1,1.397,,,2026-09-15 03:29:57
吉林省,松花江流域,月亮湖下,2026-09-15 02:00,4,18.21,8.64,8.69,439.2,138.45,6.85,,0.054,1.706,,,2026-09-15 03:29:57
吉林省,松花江流域,圈河,2026-09-15 02:00,2,19.038,7.74,8.94,127.589,105.217,3.83,0.144,0.09,1.572,,,2026-09-15 03:29:57
吉林省,松花江流域,大山,2026-09-15 02:00,3,17.76,8.16,9.4,162.026,39.016,5.25,0.163,0.102,1.844,,,2026-09-15 03:29:57
吉林省,松花江流域,崇善,2026-09-15 02:00,3,11.26,7.56,11.27,87.374,26.897,4.36,0.053,0.1,0.901,,,2026-09-15 03:29:57
吉林省,松花江流域,榆树川,2026-09-15 02:00,2,16.06,7.96,8.58,218.255,25.011,2.59,0.018,0.052,2.121,,,2026-09-15 03:29:57
吉林省,松花江流域,石井,2026-09-15 02:00,2,16.98,7.83,8.68,247.921,66.71,3.61,0.086,0.088,1.855,,,2026-09-15 03:29:57
吉林省,松花江流域,三家子,2026-09-15 02:00,3,19.08,7.51,8.82,97.263,43.29,4.29,0.02,0.102,1.159,,,2026-09-15 03:29:57
吉林省,松花江流域,建封路大桥,2026-09-15 02:00,2,10.15,7.65,10.06,200.611,10.396,1.95,0.011,0.071,0.733,,,2026-09-15 03:29:57
黑龙江省,松花江流域,朱顺屯,2026-09-15 02:00,4,19.7606,7.78,6.81,235.192,93.0272,7.15,0.059,0.16,1.642,,,2026-09-15 03:29:57
黑龙江省,松花江流域,阿什河口内,2026-09-15 02:00,4,18.417,7.2,4.68,611.04,22.03,3.41,0.741,0.145,4.82,,,2026-09-15 03:29:57
黑龙江省,松花江流域,呼兰河口内,2026-09-15 02:00,4,16.38,7.26,8.55,239.02,167.01,9.86,0.258,0.223,2.5,,,2026-09-15 03:29:57
黑龙江省,松花江流域,大顶子山,2026-09-15 02:00,3,19.6907,7.7,7.67,244.116,55.3328,5.45,0.056,0.111,3.513,,,2026-09-15 03:29:57
黑龙江省,松花江流域,牡丹江口内,2026-09-15 02:00,3,15.71,7.51,9.73,132.06,74,5.62,0.151,0.126,2.463,,,2026-09-15 03:29:57
黑龙江省,松花江流域,拉哈,2026-09-15 02:00,4,18.37,7.7,8.55,112.777,33.39,8.36,,0.086,1.318,,,2026-09-15 03:29:57
黑龙江省,松花江流域,查哈阳乡,2026-09-15 02:00,2,14.6,7.57,9.61,94.4,25.2,3.96,,0.042,0.616,,,2026-09-15 03:29:57
黑龙江省,松花江流域,音河水库,2026-09-15 02:00,3,17.82,7.74,8.23,229.27,130.58,4.61,,0.095,3.409,,,2026-09-15 03:29:57
黑龙江省,松花江流域,浏园,2026-09-15 02:00,4,17.27,7.44,8.4,123.8,57.5,8,,0.081,2.257,,,2026-09-15 03:29:57
黑龙江省,松花江流域,富源村,2026-09-15 02:00,4,17.65,7.58,8.28,101.85,25.08,9.05,0.02,0.068,0.774,,,2026-09-15 03:29:57
黑龙江省,松花江流域,泄洪1闸,2026-09-15 02:00,4,17.67,8.82,9.44,245.235,117.81,6.68,,0.083,1.351,0.011,16640,2026-09-15 03:29:57
黑龙江省,松花江流域,858九队,2026-09-15 02:00,6,22.02,9.32,8.81,136.8,30.9357,5.77,0.179,0.098,1.3523,,,2026-09-15 03:29:57
黑龙江省,松花江流域,名山,2026-09-15 02:00,4,15.507,7.71,9.43,128.877,32.021,9.19,0.056,0.042,0.663,,,2026-09-15 03:29:57
黑龙江省,松花江流域,饶河上,2026-09-15 02:00,4,17.66,6.86,6.17,73.8,16.047,9.36,0.015,0.06,0.915,,,2026-09-15 03:29:57
黑龙江省,松花江流域,肇源,2026-09-15 03:00,4,18.82,7.7,8.66,209.44,49.69,7.52,0.149,0.119,1.165,,,2026-09-15 03:29:57
黑龙江省,松花江流域,嫩江口内,2026-09-15 02:00,4,18.72,7.79,8.66,168.013,88.374,7.04,,0.106,1.58,,,2026-09-15 03:29:57
黑龙江省,松花江流域,友好,2026-09-15 02:00,6,12.69,7.11,9.7,84.461,15.83,15.94,0.017,0.064,1.317,,,2026-09-15 03:29:57
黑龙江省,松花江流域,嘉荫,2026-09-15 02:00,4,15.62,7.47,9.09,124.953,15.003,9.68,0.03,0.049,0.772,,,2026-09-15 03:29:57
黑龙江省,松花江流域,双河渠首,2026-09-15 02:00,3,15.11,7.22,9.11,137.6,33.2,4.88,0.047,0.07,3.075,,,2026-09-15 03:29:57
黑龙江省,松花江流域,海浪,2026-09-15 02:00,3,17.08,7.43,9.74,140.6,36.47,4.54,0.027,0.068,2.748,,,2026-09-15 03:29:57
黑龙江省,松花江流域,三道,2026-09-15 02:00,5,21.78,7.28,6.33,120.19,108.75,5.26,0.054,0.121,3.081,0.056397,29312,2026-09-15 03:29:57
黑龙江省,松花江流域,电视塔,2026-09-15 02:00,5,21.14,7.05,5.84,100.3,80.284,7.76,0.051,0.126,2.703,0.00262,15424,2026-09-15 03:29:57
黑龙江省,松花江流域,海浪河口内,2026-09-15 02:00,2,16.31,6.79,8.77,111.9,40.99,3.43,0.035,0.014,2.399,,,2026-09-15 03:29:57
黑龙江省,松花江流域,黑河下,2026-09-15 02:00,4,14.37,7.61,8.9,147.9015,24.556,9.1,0.014,0.057,0.5898,,,2026-09-15 03:29:57
黑龙江省,松花江流域,呼玛上,2026-09-15 02:00,4,14.782,7.39,9.77,157.027,16.663,8.07,0.046,0.064,0.931,,,2026-09-15 03:29:57
黑龙江省,松花江流域,呼玛河口内,2026-09-15 02:00,3,14.03,7.43,9.56,73.498,2.18,5.88,,0.022,0.214,,,2026-09-15 03:29:57
黑龙江省,松花江流域,加格达奇上,2026-09-15 02:00,3,11.81,6.97,9.7,64.311,5.446,4.43,,0.012,0.214,,,2026-09-15 03:29:57
上海市,长江流域,富锦路桥,2026-09-15 02:00,3,27.9,7.83,5.14,469.9,53.9,3.02,0.022,0.127,2.423,,,2026-09-15 03:29:57
上海市,太湖流域,明星路桥,2026-09-15 02:00,3,26.87,7.36,5.97,435.464,44.38838,3.99,0.073,0.107,1.23286,,,2026-09-15 03:29:57
上海市,太湖流域,浙江路桥,2026-09-15 02:00,4,27.694,7.58,4.39,402.268,50.493,4.14,,0.26,2.5,,,2026-09-15 03:29:57
上海市,太湖流域,闵行西界,2026-09-15 03:00,4,27.56,7.39,4.01,389.86,44.3,3.3,0.042,0.109,1.844,,,2026-09-15 03:29:57
上海市,太湖流域,吴淞口,2026-09-15 02:00,3,27.521,7.83,6.23,396.589,165.982,2.89,0.004,0.137,2.226,,,2026-09-15 03:29:57
上海市,太湖流域,蕴川路桥,2026-09-15 03:00,3,26.59,7.85,6.32,452.16,70.59,2.47,,0.107,2.078,,,2026-09-15 03:29:57
上海市,太湖流域,黄渡,2026-09-15 02:00,4,27.04,7.57,4.95,616.3,46.35,3.12,0.164,0.123,2.301,,,2026-09-15 03:29:57
上海市,太湖流域,三甲港,2026-09-15 02:00,3,28.01,7.87,7.05,415.1,95.87,2.26,0.129,0.103,1.851,,,2026-09-15 03:29:57
上海市,太湖流域,二团,2026-09-15 02:00,3,27.1,7.65,5.87,453.05,28.32,2.47,,0.106,1.455,,,2026-09-15 03:29:57
上海市,太湖流域,横潦泾,2026-09-15 02:00,4,26.81,7.41,4.18,380.77,65.61,3.47,,0.112,1.599,,,2026-09-15 03:29:57
上海市,太湖流域,斜塘口,2026-09-15 02:00,4,27.84,7.34,4.07,395.26,43.94,3.4,,0.058,1.468,,,2026-09-15 03:29:57
上海市,太湖流域,急水港桥,2026-09-15 02:00,4,26.51,7.48,3.21,469,27.7,,,,,0.0091,3329558,2026-09-15 03:29:57
上海市,太湖流域,淀峰,2026-09-15 02:00,3,26.69,8.36,7.5,399.36,48.77,4.08,,0.128,1.011,,,2026-09-15 03:29:57
上海市,太湖流域,太浦河桥,2026-09-15 02:00,4,26.81,7.3,3.39,340.56,43.18,3.4,0.023,0.083,1.471,,,2026-09-15 03:29:57
上海市,太湖流域,钱桥,2026-09-15 02:00,3,27,7.7,5.4,401.4,44.3,2.24,0.01,0.109,1.49,,,2026-09-15 03:29:57
上海市,长江流域,七效港西桥,2026-09-15 02:00,2,27.04,7.87,8.8,368.5,37.49,2.3,0.012,0.086,1.873,,,2026-09-15 03:29:57
上海市,长江流域,五效,2026-09-15 02:00,2,27.48,7.95,7.19,320.08,49.97,1.58,,0.04,1.496,,,2026-09-15 03:29:57
江苏省,长江流域,陈浅,2026-09-15 02:00,5,26.45,7.33,2.45,259.7,77.22,4.02,0.142,0.311,0.87,,,2026-09-15 03:29:57
江苏省,长江流域,七桥瓮,2026-09-15 02:00,3,27.01,7.76,5.27,321.51,40.41,2.71,0.041,0.095,1.621,,,2026-09-15 03:29:57
江苏省,长江流域,钱家渡,2026-09-15 02:00,3,27.78,7.63,5.48,267.77,33.96,3.14,0.01,0.063,0.782,,,2026-09-15 03:29:57
江苏省,太湖流域,锡东水厂,2026-09-15 03:00,3,26.55,8.82,8.18,381.57,23.76,2.45,0.056,0.034,0.682,0.00545,1221420,2026-09-15 03:29:57
江苏省,太湖流域,蠡桥,2026-09-15 02:00,2,26.9,8.4,7.87,388.79,39.69,2.7,0.111,0.049,0.393,,,2026-09-15 03:29:57
江苏省,太湖流域,百渎港桥,2026-09-15 02:00,4,28.05,7.5,4.48,506.4,34.57,2.87,0.002,0.108,2.134,,,2026-09-15 03:29:57
江苏省,太湖流域,殷村港桥,2026-09-15 03:00,4,27.21,7.32,4.01,404.91,35.19,3.48,0.039,0.1,1.139,,,2026-09-15 03:29:57
江苏省,太湖流域,大浦港桥,2026-09-15 02:00,4,27.56,7.52,4,383.2,85.1,4.36,0.077,0.109,1.494,,,2026-09-15 03:29:57
江苏省,太湖流域,五牧,2026-09-15 02:00,3,27.29,7.23,5.8,337.96,30.7,1.84,0.097,0.111,2.597,,,2026-09-15 03:29:57
江苏省,太湖流域,拖山,2026-09-15 03:00,4,26.5,8.73,8.16,335.42,52.11,3.3,,0.091,1.66,0.00668,6388941,2026-09-15 03:29:57
江苏省,太湖流域,五里湖心,2026-09-15 03:00,4,26.57,8.12,7.04,394.88,30.33752,3.29,,0.077,0.357,0.00442,7429404,2026-09-15 03:29:57
江苏省,太湖流域,金潼桥,2026-09-15 02:00,2,27.43,7.92,7.26,278.5,34.51,1.68,0.022,0.064,1.832,,,2026-09-15 03:29:57
江苏省,太湖流域,大港桥,2026-09-15 02:00,2,25.9,6.97,8.41,149.86,2.33,2.44,0.033,0.025,1.766,,,2026-09-15 03:29:57
江苏省,太湖流域,潘家坝,2026-09-15 02:00,2,27.75,7.57,6.06,350.87,31.93,2.53,,0.095,1.867,,,2026-09-15 03:29:57
江苏省,太湖流域,长济桥,2026-09-15 02:00,2,27.22,7.92,7.15,288,21.38,1.65,0.012,0.065,1.901,,,2026-09-15 03:29:57
江苏省,太湖流域,钓邾大桥,2026-09-15 02:00,2,27.51,8.12,6.95,406.5,32.44,2.98,0.108,0.074,1.31,,,2026-09-15 03:29:57
江苏省,长江流域,小湾,2026-09-15 02:00,2,26.91,7.9,6.91,272.16,31.68,1.53,,0.062,1.78,,,2026-09-15 03:29:57
江苏省,淮河流域,李庄,2026-09-15 02:00,3,26.31,8.18,7.84,615.4,12,4.94,0.082,0.122,2.514,,,2026-09-15 03:29:57
江苏省,淮河流域,蔺家坝,2026-09-15 02:00,5,25.57,7.62,2.69,1583.6,38.1,5.01,0.03,0.109,1.187,,,2026-09-15 03:29:57
江苏省,淮河流域,李集桥,2026-09-15 02:00,5,24.75,7.87,2.6,1327.41,20.17,4.53,0.226,0.065,1.077,,,2026-09-15 03:29:57
江苏省,淮河流域,华山闸,2026-09-15 02:00,4,24.87,8.32,4.91,1174.8,8.06,5.16,0.014,0.057,0.784,,,2026-09-15 03:29:57
江苏省,淮河流域,沙庄桥,2026-09-15 02:00,4,26.06,8.19,7.38,1194,21.2,7.32,0.097,0.086,1.614,,,2026-09-15 03:29:57
江苏省,淮河流域,张楼,2026-09-15 02:00,3,26.127,7.72,5,1265.7,12.445,3.94,0.244,0.084,1.07,,,2026-09-15 03:29:57
江苏省,淮河流域,沙集西闸,2026-09-15 02:00,4,25.97,7.6,4.08,714.65,36.82,2.8,0.105,0.108,0.919,,,2026-09-15 03:29:57
江苏省,淮河流域,艾山西大桥,2026-09-15 02:00,3,24.152,7.94,12.39,813.863,18.2,5.99,0.069,0.063,4.49,,,2026-09-15 03:29:57
江苏省,淮河流域,下楼公路桥,2026-09-15 02:00,2,25.09,7.8,10.3,984.61,10.99,3.71,0.08,0.066,0.7685,,,2026-09-15 03:29:57
江苏省,长江流域,魏村,2026-09-15 02:00,2,26.92,7.78,6.49,273.02,40.94,1.39,,0.075,1.83,,,2026-09-15 03:29:57
江苏省,太湖流域,姚巷桥,2026-09-15 03:00,2,28.12,8.38,8.01,381.21,11.07,3.23,,0.099,2.02,,,2026-09-15 03:29:57
江苏省,太湖流域,黄埝桥,2026-09-15 02:00,2,26.97,7.8,6.12,317.1,36.43,1.94,0.048,0.086,1.706,,,2026-09-15 03:29:57
江苏省,太湖流域,落蓬湾,2026-09-15 02:00,2,28.67,7.79,7.42,289.1,50.6,3.54,0.038,0.071,0.884,,,2026-09-15 03:29:57
江苏省,太湖流域,九号桥,2026-09-15 02:00,2,26.59,7.89,6.87,274.8,36.8,1.56,0.014,0.068,1.869,,,2026-09-15 03:29:57
江苏省,太湖流域,胥湖心,2026-09-15 03:00,2,26.58,8.9,8.44,329.35,8.86,2.21,,0.006,0.168,0.0006,170028.5,2026-09-15 03:29:57
江苏省,太湖流域,乌龟山南,2026-09-15 03:00,3,25.91,8.74,8.12,372.226,26.767,2.43,,0.028,0.479,0.00273,4215679,2026-09-15 03:29:57
江苏省,太湖流域,望亭上游,2026-09-15 02:00,3,27.36,7.66,6.51,462.04,30.09,2.49,0.124,0.122,2.829,,,2026-09-15 03:29:57
江苏省,太湖流域,千灯浦口,2026-09-15 03:00,4,26.85,7.21,3.41,546.725,33.484,3.11,0.035,0.1,1.3139,,,2026-09-15 03:29:57
江苏省,太湖流域,朱厍港口,2026-09-15 02:00,3,26,7.57,5.64,464.3,34.5,4.31,,0.096,0.968,,,2026-09-15 03:29:57
江苏省,太湖流域,浏河闸,2026-09-15 02:00,3,27.72,7.94,5.83,324.045,61.973,1.73,,0.091,1.9751,,,2026-09-15 03:29:57
江苏省,太湖流域,江边闸,2026-09-15 02:00,3,26.61,8,5.8,441,25.42,2.68,,0.071,1.068,,,2026-09-15 03:29:57
江苏省,太湖流域,瓜泾口西,2026-09-15 02:00,3,26.54,8.45,5.7,352.5,9.79,5.04,,0.044,0.705,,,2026-09-15 03:29:57
江苏省,太湖流域,航管站,2026-09-15 02:00,2,27.72,8.91,8.32,362.56,9.51,3.24,,0.028,0.29,,,2026-09-15 03:29:57
江苏省,太湖流域,越溪桥,2026-09-15 02:00,4,27.07,7.51,4.89,498.9,35.1,4.01,0.259,0.083,2.311,,,2026-09-15 03:29:57
江苏省,太湖流域,312国道桥,2026-09-15 02:00,2,27.08,8.63,7.23,363.39,18.64,3.57,0.021,0.031,0.4,,,2026-09-15 03:29:57
江苏省,太湖流域,赵屯,2026-09-15 02:00,3,27.01,7.58,5.58,834.503,53.777,3.39,0.05,0.125,2.952,,,2026-09-15 03:29:57
江苏省,淮河流域,东安闸桥西,2026-09-15 02:00,3,26.63,7.43,5.23,819.7,60.56,4.48,0.041,0.138,1.863,,,2026-09-15 03:29:57
江苏省,长江流域,九圩港桥,2026-09-15 02:00,3,26.85,7.74,5.86,292.4,41.41,1.51,0.02,0.072,1.516,,,2026-09-15 03:29:57
江苏省,长江流域,碾砣港闸,2026-09-15 02:00,2,26.99,7.79,6.15,297.9,58.93,1.89,0.022,0.086,1.73,,,2026-09-15 03:29:57
江苏省,长江流域,聚南大桥,2026-09-15 02:00,4,28.12,7.62,4.23,892.9,47.65,4.22,0.053,0.081,0.658,,,2026-09-15 03:29:57
江苏省,长江流域,大洋港桥,2026-09-15 02:00,3,27.18,7.84,6.24,399,27.63,1.77,,0.137,,,,2026-09-15 03:29:57
江苏省,淮河流域,小洋口,2026-09-15 02:00,3,25.4,7.82,8.42,1051,29.76,5.38,0.037,0.178,1.105,,,2026-09-15 03:29:57
江苏省,淮河流域,环东闸口,2026-09-15 02:00,4,26.88,7.55,4.06,741,39.39,3.75,0.069,0.234,1.999,,,2026-09-15 03:29:57
江苏省,淮河流域,北凌新闸,2026-09-15 02:00,4,25.23,8.36,11.88,1320,14.65,6.06,0.063,0.188,1.611,,,2026-09-15 03:29:57
江苏省,淮河流域,新浦大桥,2026-09-15 02:00,3,25.389,8.5,9.98,714.955,13.853,4.28,0.004,0.093,0.793,,,2026-09-15 03:29:57
江苏省,淮河流域,柴米河桥,2026-09-15 02:00,3,24.61,7.5,5.6,701.94,19.35,4.67,0.121,0.114,1.541,,,2026-09-15 03:29:57
江苏省,淮河流域,善后河闸,2026-09-15 02:00,6,25.524,7.41,4.36,711.643,65.666,3.22,0.056,0.436,1.506,,,2026-09-15 03:29:57
江苏省,淮河流域,灌河大桥,2026-09-15 02:00,5,25.82,7.55,3.3,901.6,303.8,5.68,0.158,0.303,2.591,,,2026-09-15 03:29:57
江苏省,淮河流域,新村桥,2026-09-15 02:00,3,25.139,7.5,5.46,635.57,24.39,4.36,0.063,0.132,2.767,,,2026-09-15 03:29:57
江苏省,淮河流域,沭南闸,2026-09-15 02:00,3,25.096,7.87,5.96,746.76,26.23,5.79,0.018,0.07,1.122,,,2026-09-15 03:29:57
江苏省,淮河流域,袁闸,2026-09-15 02:00,3,26.25,7.68,5.24,567.96,61.05,3.78,0.046,0.079,1.657,,,2026-09-15 03:29:57
江苏省,淮河流域,墩尚水漫桥,2026-09-15 02:00,6,24.761,7.47,0.42,640.129,6.568,5.12,0.03,0.049,1.163,,,2026-09-15 03:29:57
江苏省,淮河流域,烧香北闸,2026-09-15 02:00,3,24.866,8.7,11.58,5905.44,45.66,5.94,0.046,0.099,2.174,,,2026-09-15 03:29:57
江苏省,淮河流域,大浦闸,2026-09-15 02:00,2,25.968,7.71,11.6,1021.15,58.56,3.82,0.075,0.087,5.811,,,2026-09-15 03:29:57
江苏省,淮河流域,大板跳闸,2026-09-15 02:00,6,24.511,7.51,6.05,2691.99,250.08,9.68,1.414,0.461,7.861,,,2026-09-15 03:29:57
江苏省,淮河流域,海头大桥,2026-09-15 02:00,4,23.34,8.36,7.2,634.44,46.6,6.12,0.114,0.163,1.188,,,2026-09-15 03:29:57
江苏省,淮河流域,坝头桥,2026-09-15 02:00,4,24.981,8.93,10.89,468.7,13.58,6.21,,0.058,1.208,,,2026-09-15 03:29:57
江苏省,淮河流域,郑园桥,2026-09-15 02:00,3,24.72,7.87,8.11,654.846,14.293,4,0.049,0.112,2.422,,,2026-09-15 03:29:57
江苏省,淮河流域,四队桥,2026-09-15 03:00,5,25.11,7.51,2.92,654.95,60.09,4.72,0.086,0.122,3.579,,,2026-09-15 03:29:57
江苏省,淮河流域,新浦二桥,2026-09-15 02:00,2,25.156,7.77,6.89,810.046,18.78,3.74,0.006,0.076,1.784,,,2026-09-15 03:29:57
江苏省,淮河流域,淮河大桥,2026-09-15 02:00,3,26.7,7.56,5.67,442.22,44.33,2.9,0.141,0.09,1.909,,,2026-09-15 03:29:57
江苏省,淮河流域,五叉河口,2026-09-15 02:00,2,25.29,8.53,7.23,544.515,59.483,3.22,0.113,0.051,1.763,,,2026-09-15 03:29:57
江苏省,淮河流域,戴楼衡阳,2026-09-15 02:00,2,26.62,8.47,6.86,405.39,11.6,3.63,0.024,0.031,1.187,0.02083,,2026-09-15 03:29:57
江苏省,淮河流域,总渠苏嘴,2026-09-15 03:00,2,22.79,7.62,6.46,440.94,28.15,3.8,0.04,0.084,2.732,,,2026-09-15 03:29:57
江苏省,淮河流域,唐曹,2026-09-15 02:00,5,24.26,7.33,3.43,454.6,95.41,5.09,0.292,0.309,0.793,,,2026-09-15 03:29:57
江苏省,淮河流域,新洋港闸,2026-09-15 03:00,5,26.42,7.6,2.35,892.96,28.1,4.94,0.092,0.161,2.209,,,2026-09-15 03:29:57
江苏省,淮河流域,富民桥,2026-09-15 03:00,4,25.93,7.33,3.25,747.87,24.71,3.41,0.042,0.131,1.518,,,2026-09-15 03:29:57
江苏省,淮河流域,龙冈凤凰桥,2026-09-15 02:00,4,26.2,7.37,3.45,590.81,27.31,4.83,0.127,0.1,1.569,,,2026-09-15 03:29:57
江苏省,淮河流域,六垛闸,2026-09-15 02:00,4,26.073,7.31,3.88,753.17,15.49,5.14,0.016,0.12,1.745,,,2026-09-15 03:29:57
江苏省,淮河流域,泰东大桥,2026-09-15 03:00,2,26.5,7.78,6.03,349.96,11.34,2.35,0.046,0.085,1.885,,,2026-09-15 03:29:57
江苏省,淮河流域,城北大桥,2026-09-15 02:00,5,26.2,7.41,2.29,676.38,18.54,5.49,0.276,0.147,1.416,,,2026-09-15 03:29:57
江苏省,淮河流域,草堰大桥,2026-09-15 03:00,4,26.816,7.5,4.06,492.879,58.211,3.7,,0.125,2.127,,,2026-09-15 03:29:57
江苏省,淮河流域,射阳河闸,2026-09-15 03:00,3,26.02,7.58,5.5,938.68,28.86,4.89,0.047,0.109,1.68,,,2026-09-15 03:29:57
江苏省,淮河流域,黄沙港闸,2026-09-15 03:00,6,26.74,7.45,1.59,795.83,22.86,5.03,0.089,0.185,1.858,,,2026-09-15 03:29:57
江苏省,淮河流域,斗龙港闸,2026-09-15 02:00,6,24.746,7.3,0.44,1042.754,25.956,5.03,0.013,0.15,2.233,,,2026-09-15 03:29:57
江苏省,淮河流域,川东闸,2026-09-15 03:00,6,26.3,7.42,0.14,1151.17,21.22,5.58,0.424,0.298,3.08,,,2026-09-15 03:29:57
江苏省,淮河流域,头罾闸,2026-09-15 03:00,3,25.58,8.15,5.65,529.64,24.55,3.28,0.021,0.09,1.63,,,2026-09-15 03:29:57
江苏省,淮河流域,王港闸,2026-09-15 02:00,4,25.05,7.44,4.55,1700.46,33.57,5.35,0.042,0.196,1.735,,,2026-09-15 03:29:57
江苏省,长江流域,三江营,2026-09-15 02:00,2,26.54,7.93,7.3,268,46.5,1.82,,0.068,1.847,,,2026-09-15 03:29:57
江苏省,淮河流域,槐泗河口,2026-09-15 02:00,2,26.16,8.09,6.66,464.1,41.23,3.23,0.053,0.088,1.861,,,2026-09-15 03:29:57
江苏省,淮河流域,大运河船闸,2026-09-15 02:00,3,26.86,7.8,5.94,392.5,93.4,2.72,0.032,0.115,2.618,,,2026-09-15 03:29:57
江苏省,淮河流域,三垛西大桥,2026-09-15 02:00,4,25.88,7.16,3.49,587.3,53.3,5.56,0.091,0.137,1.916,,,2026-09-15 03:29:57
江苏省,淮河流域,江都西闸,2026-09-15 02:00,6,26.22,7.69,7.07,271.67,103.61,2.5,5.926,0.116,2.143,,,2026-09-15 03:29:57
江苏省,长江流域,冻青桥,2026-09-15 02:00,3,26.54,7.91,5.64,465,55.82,3.9,0.124,0.14,1.893,,,2026-09-15 03:29:57
江苏省,长江流域,小河口上游,2026-09-15 02:00,2,26.72,7.89,7.06,264.7,43.55,1.71,0.052,0.079,1.585,,,2026-09-15 03:29:57
江苏省,淮河流域,曹庄桥,2026-09-15 02:00,2,26.17,7.59,6,275.4,57,2.08,,0.076,1.728,,,2026-09-15 03:29:57
江苏省,太湖流域,辛丰镇,2026-09-15 02:00,2,27.02,7.9,6.5,275.7,40.57,2.02,0.025,0.077,1.668,,,2026-09-15 03:29:57
江苏省,太湖流域,林家闸,2026-09-15 02:00,2,26.82,7.82,6.97,270.5,33.01,2,,0.086,1.9569,,,2026-09-15 03:29:57
江苏省,长江流域,新河桥,2026-09-15 02:00,2,27.96,8.19,8.08,284.6,21.8,2.31,0.03,0.061,1.429,,,2026-09-15 03:29:57
江苏省,太湖流域,新港桥,2026-09-15 02:00,2,26.08,7.63,6.47,319.7,22.1,2.14,0.016,0.042,1.33,,,2026-09-15 03:29:57
江苏省,太湖流域,吕城,2026-09-15 02:00,3,27.3,7.69,6.09,292.83,35.83,2.34,,0.119,1.992,,,2026-09-15 03:29:57
江苏省,淮河流域,海陵大桥,2026-09-15 02:00,2,26.71,7.88,6.71,275.3,40.52,1.7,0.018,0.066,1.773,,,2026-09-15 03:29:57
江苏省,长江流域,祥和大桥,2026-09-15 02:00,4,26.71,7.5,4.52,350.6,32.74,2.51,0.249,0.123,1.92,,,2026-09-15 03:29:57
江苏省,长江流域,新十圩港大桥,2026-09-15 02:00,3,27.04,7.73,6.14,319.4,46.78,2.29,0.085,0.107,2.141,,,2026-09-15 03:29:57
江苏省,长江流域,夏仕港大桥,2026-09-15 02:00,2,26.53,7.69,6.58,268.25,34.13,1.55,0.024,0.063,1.978,,,2026-09-15 03:29:57
江苏省,淮河流域,马陵翻水站,2026-09-15 02:00,2,25.1,8.03,6.34,523.79,58.01,3.19,0.07,0.056,1.497,,,2026-09-15 03:29:57
江苏省,淮河流域,临淮乡入湖口,2026-09-15 02:00,3,26.54,8.09,5.65,686.2,12.99,5.72,0.12,0.053,0.989,,,2026-09-15 03:29:57
江苏省,淮河流域,砖瓦厂,2026-09-15 02:00,3,26.31,8.6,9.36,770.7,43.36,5.2,0.011,0.13,0.744,,,2026-09-15 03:29:57
江苏省,淮河流域,顾勒大桥,2026-09-15 02:00,2,25.48,8.18,7.15,673.28,40.11,3.81,0.087,0.073,0.75,,,2026-09-15 03:29:57
江苏省,淮河流域,团结闸,2026-09-15 02:00,4,25.44,8.72,8.42,1456.6,14.27,7.77,0.05,0.062,1.256,,,2026-09-15 03:29:57
江苏省,淮河流域,大屈,2026-09-15 02:00,4,26.36,8.55,10.86,947,21.48,6.65,0.059,0.073,0.619,,,2026-09-15 03:29:57
浙江省,浙闽片河流,小金山,2026-09-15 02:00,2,29.16,8.99,8.8,135.442,2.746,1.91,0.004,0.015,0.7202,,,2026-09-15 03:29:57
浙江省,浙闽片河流,三潭岛,2026-09-15 02:00,1,28.36,,8.17,119.248,2.634,1.43,0.002,0.009,0.5754,,,2026-09-15 03:29:57
浙江省,浙闽片河流,千岛湖大坝前,2026-09-15 02:00,1,29.59,8.67,7.65,128.328,1.801,1.39,0.023,0.01,0.683,,,2026-09-15 03:29:57
浙江省,太湖流域,汪家埠,2026-09-15 02:00,2,26.29,7.69,7.12,265.53,5.4,2.83,0.213,0.06,2.57,,,2026-09-15 03:29:57
浙江省,太湖流域,奉口,2026-09-15 02:00,4,26.95,7.21,4.25,249.8,9.31,2.01,0.082,0.045,2.414,,,2026-09-15 03:29:57
浙江省,浙闽片河流,桐君山,2026-09-15 02:00,2,26.88,7.5,7.53,158.83,7.03,1.21,0.029,0.054,1.58,,,2026-09-15 03:29:57
浙江省,浙闽片河流,洋溪渡,2026-09-15 02:00,2,19.63,7.12,6.08,158.115,3.239,0.87,0.005,0.011,0.8549,,,2026-09-15 03:29:57
浙江省,浙闽片河流,浦阳江出口,2026-09-15 02:00,3,26.93,7.7,5.93,191,37.35,1.93,0.065,0.042,1.66,,,2026-09-15 03:29:57
浙江省,太湖流域,五杭运河大桥,2026-09-15 02:00,4,27.53,7.23,3.53,357.1,19.26,3.05,0.549,0.086,2.687,,,2026-09-15 03:29:57
浙江省,浙闽片河流,桐庐,2026-09-15 02:00,2,25.95,7.23,6.15,187.1,8.9,1.57,,0.063,1.739,,,2026-09-15 03:29:57
浙江省,浙闽片河流,街口,2026-09-15 02:00,2,29.29,8.59,8.84,151.34,0.35,1.18,0.007,0.032,0.836,,,2026-09-15 03:29:57
浙江省,浙闽片河流,溪口,2026-09-15 03:00,2,24.88,6.55,6.77,110.5,5.27,0.34,0.017,0.023,2.092,,,2026-09-15 03:29:57
浙江省,浙闽片河流,清林渡,2026-09-15 03:00,3,27.578,7.29,6.75,276.482,31.488,3.31,0.03,0.129,2.627,,,2026-09-15 03:29:57
浙江省,浙闽片河流,大嵩,2026-09-15 02:00,4,27.21,6.7,3.53,226.47,20.26,4.52,0.061,0.064,1.708,,,2026-09-15 03:29:57
浙江省,浙闽片河流,北湖中心,2026-09-15 02:00,4,26.84,6.48,4.92,92.79,20.18,2.9,0.034,0.044,0.772,,585361.1,2026-09-15 03:29:57
浙江省,浙闽片河流,长汀,2026-09-15 03:00,2,26.62,7.67,10.38,128.41,5.42,1.58,,0.027,1.304,,,2026-09-15 03:29:57
浙江省,浙闽片河流,菁江渡,2026-09-15 03:00,3,27.6,6.97,5.9,180.99,23.15,4.32,0.064,0.074,1.9,,,2026-09-15 03:29:57
浙江省,浙闽片河流,梁桥,2026-09-15 03:00,2,25.38,6.78,6.93,92.73,8.52,0.88,0.029,0.049,1.94,,,2026-09-15 03:29:57
浙江省,浙闽片河流,四灶浦闸,2026-09-15 02:00,3,27.2,8.61,8,4467.84,5.9,5.52,0.002,0.045,0.852,,,2026-09-15 03:29:57
浙江省,浙闽片河流,赵山渡,2026-09-15 02:00,1,23.98,6.67,7.53,39.28,9.35,1.03,0.002,0.01,0.568,,,2026-09-15 03:29:57
浙江省,浙闽片河流,小旦,2026-09-15 02:00,2,24.8,6.96,6.59,48.67,4.77,1.27,0.006,0.04,0.728,,,2026-09-15 03:29:57
浙江省,浙闽片河流,龙湾,2026-09-15 02:00,2,26.58,8.04,6.08,12310,1379,1.23,0.068,0.058,1.157,,,2026-09-15 03:29:57
浙江省,浙闽片河流,大荆,2026-09-15 02:00,2,26.72,7.61,9.85,100.5,11.4,1.89,0.013,0.032,0.788,,,2026-09-15 03:29:57
浙江省,浙闽片河流,蒲岐,2026-09-15 02:00,3,27.45,6.96,5.22,173.4,18.23,3.15,0.299,0.108,1.92,,,2026-09-15 03:29:57
浙江省,浙闽片河流,沙头,2026-09-15 02:00,1,27,7.34,8.6,43.61,1.07,0.6,0.005,0.017,0.516,,,2026-09-15 03:29:57
浙江省,浙闽片河流,清水埠,2026-09-15 02:00,3,26.14,8.29,5.31,352.64,3009.78,1.19,0.018,0.065,1.196,,,2026-09-15 03:29:57
浙江省,浙闽片河流,江口渡,2026-09-15 02:00,2,26,7.9,8.91,25040,774.1,1.21,0.126,0.087,1.911,,,2026-09-15 03:29:57
浙江省,浙闽片河流,第三农业站,2026-09-15 02:00,3,26.39,7.94,5.43,25362.8,1005.04,1.81,0.112,0.074,1.41,,,2026-09-15 03:29:57
浙江省,太湖流域,王江泾,2026-09-15 02:00,4,27.64,7.1,4.27,439.04,51.63,3.56,0.034,0.073,1.696,,,2026-09-15 03:29:57
浙江省,太湖流域,湘家荡,2026-09-15 02:00,2,26.91,8.29,8.92,470.4,21.35,2.97,0.034,0.098,0.499,,,2026-09-15 03:29:57
浙江省,太湖流域,池家浜水文站,2026-09-15 02:00,4,27.7922,7.15,4.34,347.86,29.9008,3.64,0.082,0.07,1.165,,,2026-09-15 03:29:57
浙江省,太湖流域,长山闸一号桥,2026-09-15 02:00,4,27.581,7.18,3.32,379,48.7316,4.04,0.021,0.106,2.496,,,2026-09-15 03:29:57
浙江省,太湖流域,南台头闸一号桥,2026-09-15 02:00,4,27.78,7.28,3.3,378.9,87.78,4.05,0.033,0.126,2.293,,,2026-09-15 03:29:57
浙江省,太湖流域,上塘河排涝闸,2026-09-15 02:00,4,27.08,7.19,4.84,417.48,13.13,3.16,0.016,0.072,1.391,,,2026-09-15 03:29:57
浙江省,太湖流域,盐官排涝枢纽,2026-09-15 02:00,3,27.1,7.67,7.71,391,26.88,4.01,0.021,0.118,2.47,,,2026-09-15 03:29:57
浙江省,太湖流域,卫八路桥,2026-09-15 02:00,4,26.48,7.4,3.7,559.1,30.426,3.79,0.07,0.096,1.481,,,2026-09-15 03:29:57
浙江省,太湖流域,漕廊公路桥,2026-09-15 02:00,4,27.38645,7.24,3.2,442.787,44.60207,3.6,0.129,0.132,1.43561,,,2026-09-15 03:29:57
浙江省,太湖流域,朱枫公路桥,2026-09-15 02:00,4,27.4,6.98,4.51,449,53.59,3.22,0.029,0.076,1.673,,,2026-09-15 03:29:57
浙江省,太湖流域,红旗塘大坝,2026-09-15 02:00,3,27.41,7.29,5.43,392.7,43.7,3.51,0.012,0.072,1.499,,,2026-09-15 03:29:57
浙江省,太湖流域,枫南大桥,2026-09-15 03:00,4,27.3606,7.26,3.04,430.33,50.5632,3.8,0.056,0.132,1.605,,,2026-09-15 03:29:57
浙江省,太湖流域,青阳汇,2026-09-15 02:00,4,26.94,7.36,4.92,404.7,80.55,4.24,0.032,0.151,1.631,,,2026-09-15 03:29:57
浙江省,太湖流域,小新村,2026-09-15 02:00,5,26.76,7.33,2.88,409.1,61.73,4.08,0.028,0.132,1.678,,,2026-09-15 03:29:57
浙江省,太湖流域,乌镇北,2026-09-15 02:00,4,26.61,7.09,3.11,290.5,56.51,3.28,0.047,0.081,2.463,,,2026-09-15 03:29:57
浙江省,太湖流域,新港口,2026-09-15 02:00,2,27.73,8.28,7.95,273.42,95.55,3.09,0.115,0.062,2.177,,,2026-09-15 03:29:57
浙江省,太湖流域,南浔,2026-09-15 02:00,4,27.11,7.29,4.21,318.9,77,3.18,0.147,0.124,3.527,,,2026-09-15 03:29:57
浙江省,太湖流域,城西大桥,2026-09-15 03:00,3,26.8,7.36,5.75,162.16,29.59,1.5,0.039,0.044,2.178,,,2026-09-15 03:29:57
浙江省,太湖流域,汤溇,2026-09-15 02:00,2,27.51,8.91,8.34,266.778,45.0902,2.87,0.065,0.049,1.7283,,,2026-09-15 03:29:57
浙江省,太湖流域,塘浦,2026-09-15 03:00,3,25.61,6.9,5.25,108.77,10.89,1.4,,0.022,0.995,,,2026-09-15 03:29:57
浙江省,太湖流域,荆湾,2026-09-15 03:00,3,27.39,6.58,5.58,169.53,9.42,1.41,0.029,0.031,1.48,,,2026-09-15 03:29:57
浙江省,太湖流域,铁路桥,2026-09-15 03:00,3,27.48,6.54,5.55,143.84,9.84,1.93,0.039,0.039,1.828,,,2026-09-15 03:29:57
浙江省,太湖流域,小梅口,2026-09-15 02:00,2,27.57,8.02,7.2,283.3,93.38,3.18,0.018,0.068,1.959,,,2026-09-15 03:29:57
浙江省,太湖流域,杨家浦,2026-09-15 03:00,3,27.2689,8.35,8.54,279.0231,57.16116,2.87,0.009,0.104,2.050768,,,2026-09-15 03:29:57
浙江省,太湖流域,新塘,2026-09-15 02:00,2,27.9,8.41,8.2,288.9,68.65,3.4,0.021,0.078,1.909,,,2026-09-15 03:29:57
浙江省,太湖流域,合溪,2026-09-15 03:00,2,27.62,7.91,7.09,294,82.53,2.66,0.046,0.048,1.884,,,2026-09-15 03:29:57
浙江省,浙闽片河流,曹娥江大闸闸前,2026-09-15 02:00,2,26.104,7.58,7.94,200.888,7.101,2.65,0.021,0.054,1.947,,,2026-09-15 03:29:57
浙江省,浙闽片河流,屠家埠,2026-09-15 02:00,2,27.631,8.25,8.78,142.175,13.191,2,0.046,0.045,1.821,,,2026-09-15 03:29:57
浙江省,浙闽片河流,葛山头,2026-09-15 02:00,3,26.99,6.76,5,141.48,20.78,2.22,0.093,0.057,1.881,,,2026-09-15 03:29:57
浙江省,浙闽片河流,湄池,2026-09-15 02:00,3,28.24,7.36,6.14,374.83,22.37,3.55,0.027,0.104,2.591,,,2026-09-15 03:29:57
浙江省,浙闽片河流,王家泾,2026-09-15 02:00,3,27.86,7.11,5.61,215.38,16.94,5.8,0.037,0.062,1.323,,,2026-09-15 03:29:57
浙江省,浙闽片河流,汤曹汇合口,2026-09-15 02:00,2,27.55,7.09,6.41,153.73,34.2,2.11,0.032,0.053,2.016,,,2026-09-15 03:29:57
浙江省,浙闽片河流,义东桥,2026-09-15 02:00,3,27.819,6.98,6.83,464.645,13.983,2.82,0.208,0.135,3.86,,,2026-09-15 03:29:57
浙江省,浙闽片河流,塔下洲,2026-09-15 03:00,3,27.31,8.64,10.98,447.959,9.336,4.91,0.049,0.082,2.258,,,2026-09-15 03:29:57
浙江省,浙闽片河流,东关桥,2026-09-15 02:00,3,28.732,7.49,6.15,489.26,23.684,3.49,0.044,0.154,2.783,,,2026-09-15 03:29:57
浙江省,浙闽片河流,费垅,2026-09-15 02:00,3,28.6,7.61,8.12,311.151,13.034,2.76,0.247,0.139,2.6254,,,2026-09-15 03:29:57
浙江省,浙闽片河流,台口,2026-09-15 02:00,2,26.12,8.09,7.06,150.145,11.743,1.69,0.049,0.047,1.0595,,,2026-09-15 03:29:57
浙江省,浙闽片河流,南江桥,2026-09-15 02:00,2,27.29,8.22,6.37,411.071,2.223,2.75,0.05,0.095,2.0511,,,2026-09-15 03:29:57
浙江省,浙闽片河流,横山,2026-09-15 03:00,2,27.11,7.67,7.88,,,2.09,,,,,,2026-09-15 03:29:57
浙江省,浙闽片河流,洪坞桥,2026-09-15 02:00,3,27.74,7.26,5.67,311.3,3.07,2.53,0.062,0.103,2.792,,,2026-09-15 03:29:57
浙江省,浙闽片河流,章店,2026-09-15 03:00,3,27.18,8,5.28,289.555,4.057,3.8,0.077,0.169,2.2747,,,2026-09-15 03:29:57
浙江省,浙闽片河流,将军岩,2026-09-15 02:00,2,28.112,7.14,8.22,226.87,5.84,1.88,0.008,0.089,1.711,,,2026-09-15 03:29:57
浙江省,浙闽片河流,浮石渡,2026-09-15 02:00,2,28.1,7.54,7.2,198,8.26,1.68,0.039,0.038,1.361,,,2026-09-15 03:29:57
浙江省,浙闽片河流,双港口,2026-09-15 02:00,2,26.82,7.28,6.5,112.73,3.78,1.83,0.016,0.046,1.162,,,2026-09-15 03:29:57
浙江省,浙闽片河流,郑家,2026-09-15 02:00,1,25.98,6.36,7.73,73.74,21.69,0.85,0.007,0.02,1.007,,,2026-09-15 03:29:57
浙江省,浙闽片河流,下界首,2026-09-15 02:00,1,28.61,8.14,8.77,160.14,7.44,0.91,0.016,0.014,0.588,,,2026-09-15 03:29:57
浙江省,浙闽片河流,下童,2026-09-15 02:00,3,26.79,6.91,5.2,232.03,16.06,1.76,0.085,0.052,1.566,,,2026-09-15 03:29:57
浙江省,浙闽片河流,东迹渡,2026-09-15 02:00,1,19.49,6.09,9.42,,0.63,,0.013,,1.036,,,2026-09-15 03:29:57
浙江省,长江流域,苏庄,2026-09-15 02:00,2,27.71502,7.39,6.66,73.54927,1.24037,1.31,0.008,0.017,0.35988,,,2026-09-15 03:29:57
浙江省,浙闽片河流,临城,2026-09-15 02:00,3,28.15,8.56,11.38,3026,8.93,4.16,0.041,0.042,0.945,,,2026-09-15 03:29:57
浙江省,浙闽片河流,长潭水库坝口,2026-09-15 02:00,2,27.24,8.67,11.11,44.627,1.723,2.05,0.003,0.015,0.319,,,2026-09-15 03:29:57
浙江省,浙闽片河流,老鼠屿,2026-09-15 02:00,3,26.7,7.84,5.48,18525.1,1105.55,2.27,,0.056,1.301,,,2026-09-15 03:29:57
浙江省,浙闽片河流,金清新闸,2026-09-15 03:00,5,26.75,7.31,2.8,568.734,63.576,4.11,0.567,0.172,2.8455,,,2026-09-15 03:29:57
浙江省,浙闽片河流,里石门水库,2026-09-15 02:00,2,27.64,,12.58,63.009,1.883,2.84,0.014,0.014,0.3673,0.00929,1614430,2026-09-15 03:29:57
浙江省,浙闽片河流,温峤,2026-09-15 02:00,3,26.833,7.2,5.52,520.069,18.761,2.45,0.06,0.094,2.021,,,2026-09-15 03:29:57
浙江省,浙闽片河流,永宁江口,2026-09-15 02:00,2,26.68,7.25,6.51,68.034,20.051,1.32,0.083,0.043,0.7432,,,2026-09-15 03:29:57
浙江省,浙闽片河流,沙段,2026-09-15 02:00,2,26.81,7.13,7.57,111.885,7.189,2.43,0.026,0.036,1.2765,,,2026-09-15 03:29:57
浙江省,浙闽片河流,柏枝岙,2026-09-15 02:00,2,27.321,7.24,7.37,101.826,8.385,0.79,0.006,0.04,1.168,,,2026-09-15 03:29:57
浙江省,浙闽片河流,均溪,2026-09-15 02:00,2,26.59,6.71,7.45,44.6,4.06,1.46,0.023,0.011,0.632,,,2026-09-15 03:29:57
浙江省,浙闽片河流,风化,2026-09-15 02:00,2,27.01,7.18,8.07,96.77,4.9,1.13,0.036,0.041,1.121,,,2026-09-15 03:29:57
浙江省,浙闽片河流,临江,2026-09-15 03:00,2,25.36,6.75,7.57,55.3,6.75,1.08,0.087,0.034,0.78,,,2026-09-15 03:29:57
浙江省,浙闽片河流,堰后,2026-09-15 02:00,2,27.23,7.23,7.72,153.6,2.5,1.24,0.032,0.04,1.928,,,2026-09-15 03:29:57
浙江省,浙闽片河流,沙湾上,2026-09-15 03:00,1,22.22,7.2,8.56,27.531,3.706,1.06,0.107,0.006,0.2199,,,2026-09-15 03:29:57
浙江省,浙闽片河流,小溪口,2026-09-15 02:00,2,24.21,6.75,6,31.486,10.528,1.33,,0.009,0.5334,,,2026-09-15 03:29:57
安徽省,巢湖流域,三胜大队渡口,2026-09-15 02:00,4,27.65,8.59,5.98,299.353,56.5029,6.78,0.126,0.143,0.9155,,,2026-09-15 03:29:57
安徽省,巢湖流域,兆河入湖口渡口,2026-09-15 02:00,4,27.48,8.91,8.75,299.654,40.919,7.06,,0.066,1.2422,,,2026-09-15 03:29:57
安徽省,巢湖流域,牛角大圩,2026-09-15 02:00,4,27.43,7.51,4.97,277,76.769,4.54,,0.128,2.437,,,2026-09-15 03:29:57
安徽省,巢湖流域,北闸渡口,2026-09-15 02:00,3,26.503,6.97,5.39,154.215,40.717,5.41,0.03,0.058,1.088,,,2026-09-15 03:29:57
安徽省,巢湖流域,希望桥,2026-09-15 02:00,2,27.2,7.39,6.07,551.3,21.6,3.9,0.261,0.092,6.177,,,2026-09-15 03:29:57
安徽省,巢湖流域,石堆渡口,2026-09-15 02:00,3,27.36,7.52,6.4,200.4296,44.8455,5.38,0.087,0.104,1.4123,,,2026-09-15 03:29:57
安徽省,巢湖流域,柘皋大桥,2026-09-15 02:00,6,27.06,9.21,8.64,288.1412,30.4183,6.21,0.058,0.08,0.5684,,,2026-09-15 03:29:57
安徽省,巢湖流域,湖滨,2026-09-15 03:00,4,26.29,,7.66,273.52,24.75,4.41,,0.084,1.048,0.00514,5201687,2026-09-15 03:29:57
安徽省,巢湖流域,黄麓,2026-09-15 03:00,4,27.85,,7.26,289.75,24.423,5.38,,0.064,0.397,0.00685,3319815,2026-09-15 03:29:57
安徽省,巢湖流域,三河镇大桥,2026-09-15 02:00,2,27.2,7.62,9.36,169.4,10.9,3.5,0.053,0.054,0.939,,,2026-09-15 03:29:57
安徽省,巢湖流域,三河镇新大桥,2026-09-15 02:00,2,27.91,7.93,8.49,98.07,22.86,3.24,0.072,0.047,0.91,,,2026-09-15 03:29:57
安徽省,巢湖流域,施口,2026-09-15 02:00,4,27.21,8.53,6.07,349.6624,61.5623,6.13,0.19,0.21,3.242,,,2026-09-15 03:29:57
安徽省,巢湖流域,靠近大坝,2026-09-15 03:00,3,27.11,8.77,7.48,152.38,9.95,4.3,0.007,0.023,0.296,0.0146,1.332761,2026-09-15 03:29:57
安徽省,巢湖流域,新河入湖区,2026-09-15 03:00,5,26.9,,7.56,290.15,51.33,5.4,,0.103,0.567,0.00275,4.064506,2026-09-15 03:29:57
安徽省,巢湖流域,西半湖湖心,2026-09-15 03:00,4,26.34,,8.4,304.92,30.49,4.47,0.011,0.071,0.592,0.00518,6628278,2026-09-15 03:29:57
安徽省,巢湖流域,东半湖湖心,2026-09-15 03:00,4,26.073,,7.9,259.329,27.27,5.12,0.013,0.078,0.747,0.00369,1.095278,2026-09-15 03:29:57
安徽省,巢湖流域,忠庙,2026-09-15 03:00,4,26.11,,9.63,281.68,40.25,5.34,,0.08,0.385,0.01161,6072177,2026-09-15 03:29:57
安徽省,巢湖流域,兆河入湖区,2026-09-15 03:00,4,26.13,8.93,7.87,298.9,30.89,5.29,,0.089,0.36,0.00301,1.084097,2026-09-15 03:29:57
安徽省,巢湖流域,双桥河入湖口,2026-09-15 02:00,3,27.68,7.62,5.92,417.7268,35.0061,4.17,0.076,0.074,0.5881,,,2026-09-15 03:29:57
安徽省,巢湖流域,繁华大道桥,2026-09-15 02:00,4,27.43,7.26,4.91,955.1233,60.0591,4.93,0.247,0.2,6.802,,,2026-09-15 03:29:57
安徽省,长江流域,东西梁山,2026-09-15 02:00,2,26.72,7.92,7.1,253.2445,44.2143,1.65,0.119,0.079,1.8437,,,2026-09-15 03:29:57
安徽省,长江流域,宝塔根,2026-09-15 02:00,2,26.84,7.83,7.02,249.5918,45.591,2.04,0.071,0.053,1.6751,,,2026-09-15 03:29:57
安徽省,巢湖流域,裕溪口,2026-09-15 02:00,2,26.83,7.67,6.28,299.4571,44.8318,2.18,0.127,0.064,1.5562,,,2026-09-15 03:29:57
安徽省,长江流域,荻港,2026-09-15 02:00,2,27.08,7.64,6.34,409.7,30.7873,2.58,0.094,0.055,1,,,2026-09-15 03:29:57
安徽省,长江流域,澛港桥,2026-09-15 02:00,2,26.79,8.13,7.21,234.7715,14.3022,3.59,0.026,0.067,1.183,,,2026-09-15 03:29:57
安徽省,长江流域,西河入裕溪河口,2026-09-15 02:00,4,27.44,7.49,4,305.295,63.878,3.1,0.192,0.085,0.9584,,,2026-09-15 03:29:57
安徽省,淮河流域,沫河口,2026-09-15 02:00,3,26.71,7.66,5.87,544.0536,27.05,4.65,0.065,0.19,2.699,,,2026-09-15 03:29:57
安徽省,淮河流域,关咀,2026-09-15 02:00,6,26.41439,7.71,1.6,948.1627,30.3526,5.76,0.155,0.115,0.59426,,,2026-09-15 03:29:57
安徽省,淮河流域,五河,2026-09-15 02:00,3,26.14,8.38,7.71,915.4767,12.40997,5.66,0.031,0.072,1.51953,,,2026-09-15 03:29:57
安徽省,淮河流域,蚌埠固镇,2026-09-15 02:00,3,26.35,7.97,6.08,1092.375,33.31,4.02,0.069,0.109,4.0024,,,2026-09-15 03:29:57
安徽省,淮河流域,蚌埠闸上,2026-09-15 02:00,3,26.71,7.61,5.13,414.81,22.72,3.04,0.122,0.144,1.952,,,2026-09-15 03:29:57
安徽省,淮河流域,湖沟,2026-09-15 02:00,4,25.93309,8.07,3.76,1166.532,24.00342,4.09,0.072,0.068,3.31229,,,2026-09-15 03:29:57
安徽省,淮河流域,石头埠,2026-09-15 02:00,3,27.02,8.09,5.01,536.2685,28.39964,3.33,0.063,0.119,3.50653,,,2026-09-15 03:29:57
安徽省,淮河流域,鲁台孜,2026-09-15 02:00,2,26.88,7.59,6.28,495.5091,27.26167,3.09,0.031,0.09,2.90938,,,2026-09-15 03:29:57
安徽省,淮河流域,西淝河闸下,2026-09-15 02:00,3,27.33225,7.79,5.69,802.5883,13.6327,5.57,0.03,0.072,1.10656,,,2026-09-15 03:29:57
安徽省,淮河流域,新城口,2026-09-15 02:00,4,27.44013,7.58,3.86,427.7531,25.4593,2.78,0.001,0.112,3.01685,,,2026-09-15 03:29:57
安徽省,淮河流域,焦岗湖,2026-09-15 03:00,3,25.85,8.5,8.15,665.12,11.9,4.43,,0.034,0.311,0.00594,6312593,2026-09-15 03:29:57
安徽省,淮河流域,大店岗,2026-09-15 02:00,2,27.37,6.94,8.65,133.0835,25.02518,2.51,0.029,0.041,1.60606,,,2026-09-15 03:29:57
安徽省,淮河流域,五里闸,2026-09-15 02:00,3,26.03,7.39,5.83,291.558,34.64413,3.9,0.029,0.05,1.05577,,,2026-09-15 03:29:57
安徽省,淮河流域,白洋淀渡口,2026-09-15 02:00,3,27.12347,6.99,5.06,209.9299,54.74578,3.54,0.049,0.078,2.9021,,,2026-09-15 03:29:57
安徽省,长江流域,三兴村,2026-09-15 02:00,2,26.41,7.78,7.58,266.0008,45.62114,2.49,0.059,0.057,2.69,,,2026-09-15 03:29:57
安徽省,长江流域,得胜河入江口,2026-09-15 02:00,2,26.7096,7.81,6.32,359.3,17.2432,2.88,0.119,0.1,1.7882,,,2026-09-15 03:29:57
安徽省,长江流域,姑溪河大桥,2026-09-15 02:00,3,27.333,7.58,7.7,202.54,49.4726,4.33,0.058,0.07,0.987,,,2026-09-15 03:29:57
安徽省,长江流域,当涂查湾,2026-09-15 02:00,2,27.81,7.43,6.49,241.8557,28.283,2.47,,0.031,1.72,,,2026-09-15 03:29:57
安徽省,长江流域,乌江,2026-09-15 02:00,2,25.98009,7.93,7.06,265.9973,37.84089,1.98,0.036,0.061,1.423288,,,2026-09-15 03:29:57
安徽省,长江流域,雨山河下游,2026-09-15 02:00,3,27.0227,7.77,7.95,595.2478,19.9103,5.01,0.097,0.167,3.877,,,2026-09-15 03:29:57
安徽省,淮河流域,小王桥,2026-09-15 02:00,6,26.15,7.77,1.33,1362.54,15.94,6.66,0.059,0.111,1.19,,,2026-09-15 03:29:57
安徽省,淮河流域,后常桥,2026-09-15 02:00,3,26.38068,8.66,8.39,1219.415,47.75477,5.55,0.022,0.08,0.88179,,,2026-09-15 03:29:57
安徽省,淮河流域,李大桥闸,2026-09-15 02:00,5,25.27,7.94,2.65,1377.83,20.16,8.25,0.069,0.055,0.6937,,,2026-09-15 03:29:57
安徽省,长江流域,顺安河入江口,2026-09-15 02:00,2,26.09695,7.48,9.68,299.3844,36.21966,2.04,0.03,0.036,1.59351,,,2026-09-15 03:29:57
安徽省,长江流域,陈家墩,2026-09-15 02:00,2,26.62,7.76,7.18,242.3259,24.95306,1.54,0.046,0.051,1.8586,,,2026-09-15 03:29:57
安徽省,长江流域,枞阳大闸,2026-09-15 02:00,3,26.86,8.3,6.57,160.1112,52.90604,4.36,0.001,0.066,0.87731,,,2026-09-15 03:29:57
安徽省,长江流域,武昌湖,2026-09-15 02:00,4,25.54,7.24,4.34,160.9302,15.9011,3.64,0.037,0.042,0.78957,0.01003,9668801,2026-09-15 03:29:57
安徽省,长江流域,前江口,2026-09-15 02:00,2,26.48474,7.81,6.78,248.7791,41.88435,2.58,0.086,0.06,2.88668,,,2026-09-15 03:29:57
安徽省,长江流域,花亭湖坝前,2026-09-15 02:00,2,28.31,8.94,9.4,86.90689,3.56329,2.82,,0.014,0.34804,0.00673,779477.6,2026-09-15 03:29:57
安徽省,长江流域,华阳河入江口,2026-09-15 02:00,2,27.08,8.44,9,296.7994,13.50406,2.84,0.026,0.05,0.66678,,,2026-09-15 03:29:57
安徽省,长江流域,水厂取水口,2026-09-15 02:00,4,26.12,8.52,4.28,116.9596,2.12199,1.46,0.005,0.025,0.59902,,,2026-09-15 03:29:57
安徽省,长江流域,车轴寺大桥,2026-09-15 02:00,2,27.89,8,6.51,109.7529,6.4112,1.85,0.013,0.026,0.90008,,,2026-09-15 03:29:57
安徽省,浙闽片河流,篁墩,2026-09-15 02:00,3,26.93378,7.53,5.95,140.0324,4.64682,1.99,0.095,0.037,1.22462,,,2026-09-15 03:29:57
安徽省,浙闽片河流,率水大桥,2026-09-15 02:00,2,27.81766,8.58,9.9,67.10659,1.3093,1.73,0.02,0.021,0.44075,,,2026-09-15 03:29:57
安徽省,浙闽片河流,横江大桥,2026-09-15 02:00,6,29.12304,9.08,9.01,210.7379,45.54744,4.39,0.002,0.037,0.50111,,,2026-09-15 03:29:57
安徽省,浙闽片河流,浦口,2026-09-15 02:00,4,27.67,7.99,4.26,416.9691,16.85648,2.09,0.06,0.043,1.08584,,,2026-09-15 03:29:57
安徽省,长江流域,太平湖湖心,2026-09-15 03:00,2,27.31,8.57,8.38,99.72,2.48,2.22,,0.009,0.4,0.00312,1370349,2026-09-15 03:29:57
安徽省,浙闽片河流,新管,2026-09-15 02:00,2,26.69837,8.29,7.49,266.4283,2.57856,2.05,0.01,0.029,0.86394,,,2026-09-15 03:29:57
安徽省,淮河流域,天长化工厂,2026-09-15 02:00,5,25.99,7.19,2.76,561.2915,56.5,4.28,0.205,0.177,3.0708,,,2026-09-15 03:29:57
安徽省,淮河流域,公路桥,2026-09-15 02:00,3,26.59,7.55,6.48,381.6702,29.4592,5.39,0.164,0.105,0.984,,,2026-09-15 03:29:57
安徽省,淮河流域,小柳巷,2026-09-15 02:00,3,25.82,7.33,5.79,428.67,22.143,3.93,0.008,0.127,1.968,,,2026-09-15 03:29:57
安徽省,长江流域,水口,2026-09-15 02:00,3,25.85,8.09,6.45,,0.5601,5.1,,0.165,,,,2026-09-15 03:29:57
安徽省,长江流域,乌衣下,2026-09-15 02:00,4,28.07,8.49,14.5,742.84,13.57,6.57,0.019,0.06,3.16,,,2026-09-15 03:29:57
安徽省,长江流域,襄河大桥,2026-09-15 02:00,4,26.6,7.32,4,710.1807,42.2729,4.28,0.096,0.082,0.846,,,2026-09-15 03:29:57
安徽省,长江流域,清流河口,2026-09-15 02:00,3,26.95872,8.37,10.09,459.9601,38.70502,5.01,0.064,0.136,0.8675,,,2026-09-15 03:29:57
安徽省,淮河流域,阜阳段下,2026-09-15 02:00,2,25.80931,8.06,7.01,875.3796,12.90511,3.25,0.03,0.078,4.33489,,,2026-09-15 03:29:57
安徽省,淮河流域,杨湖,2026-09-15 02:00,3,27.32333,8.08,8.06,750.4468,6.13281,2.28,0.06,0.132,3.92122,,,2026-09-15 03:29:57
安徽省,淮河流域,张大桥,2026-09-15 02:00,3,25.614,7.94,8.78,1488.19,74.02,4.22,0.169,0.102,9.6425,,,2026-09-15 03:29:57
安徽省,淮河流域,王家坝,2026-09-15 02:00,3,25.983,8.09,8.15,503.2,18.258,3.98,0.07,0.166,2.812,,,2026-09-15 03:29:57
安徽省,淮河流域,界首七渡口,2026-09-15 02:00,3,26.35,7.68,6.97,833.8,21.18,3.12,0.218,0.119,5.229,,,2026-09-15 03:29:57
安徽省,淮河流域,阜南,2026-09-15 02:00,3,25.65,7.88,7.54,630.6322,2.62283,4.54,0.013,0.062,0.66497,,,2026-09-15 03:29:57
安徽省,淮河流域,奎河苏皖省界,2026-09-15 02:00,4,24.9,7.82,8.3,1110.7,43.9,6.72,0.101,0.121,1.882,,,2026-09-15 03:29:57
安徽省,淮河流域,东坪集,2026-09-15 02:00,3,25.97,7.93,5.54,1201.594,23.62441,4.1,0.259,0.07,4.11209,,,2026-09-15 03:29:57
安徽省,淮河流域,符离闸,2026-09-15 02:00,4,25.34299,8.34,7.13,951.9931,36.0752,8.34,0.027,0.106,1.13494,,,2026-09-15 03:29:57
安徽省,淮河流域,芦岭桥,2026-09-15 02:00,3,25.87,8.44,7.24,1135.434,12.26,4.91,0.058,0.054,0.9313,,,2026-09-15 03:29:57
安徽省,淮河流域,工农兵大桥,2026-09-15 02:00,3,25.4701,7.94,9.64,312.377,12.25984,4.46,0.056,0.052,0.757,,,2026-09-15 03:29:57
安徽省,淮河流域,陶洪集,2026-09-15 02:00,2,25.31791,7.27,9.05,75.83713,20.63622,2.34,0.022,0.039,1.4304,,,2026-09-15 03:29:57
安徽省,淮河流域,东湖闸,2026-09-15 02:00,3,24.09,7.34,6.4,217.243,86.97395,2.69,0.08,0.142,1.33768,,,2026-09-15 03:29:57
安徽省,淮河流域,新安渡口,2026-09-15 02:00,6,26.81,9.55,12.4,158.4021,7.87579,4.06,0.009,0.036,1.48465,,,2026-09-15 03:29:57
安徽省,淮河流域,响洪甸水库出水口,2026-09-15 02:00,4,21.28,6.95,4.84,95.51953,1.27094,1.91,0.004,0.01,0.97945,,,2026-09-15 03:29:57
安徽省,淮河流域,丁埠大桥,2026-09-15 02:00,6,26.35834,9.09,9.84,137.5536,18.33798,2.89,0.005,0.033,0.168,,,2026-09-15 03:29:57
安徽省,巢湖流域,将军宕大桥,2026-09-15 02:00,2,26.68,6.89,6.62,106.747,21.343,2.65,0.067,0.035,0.946,,,2026-09-15 03:29:57
安徽省,淮河流域,固始李畈,2026-09-15 02:00,2,26.41,7.53,11.39,242.0773,1.86804,1.71,0.007,0.024,1.57281,,,2026-09-15 03:29:57
安徽省,淮河流域,涡阳义门大桥,2026-09-15 02:00,5,26.49,7.65,2.29,1187.28,14.7305,7.75,1.34,0.108,6.8906,,,2026-09-15 03:29:57
安徽省,淮河流域,利辛段,2026-09-15 02:00,3,26.49,8.02,9.22,1014.29,4.24,5.8,0.026,0.1,2.636,,,2026-09-15 03:29:57
安徽省,长江流域,五步沟,2026-09-15 02:00,2,26.59618,7.88,7.26,241.3197,36.28387,1.95,0.055,0.053,2.30782,,,2026-09-15 03:29:57
安徽省,长江流域,张溪,2026-09-15 02:00,1,27.1,7.79,8.39,226.5223,20.09569,1.14,0.006,0.009,0.51137,,,2026-09-15 03:29:57
安徽省,长江流域,青通河河口,2026-09-15 02:00,3,27.70406,7.57,5.27,238.0868,55.56265,2.62,0.069,0.053,1.96734,,,2026-09-15 03:29:57
安徽省,长江流域,秋浦河入江口,2026-09-15 02:00,2,27.26264,7.79,6.1,238.9733,24.6978,1.51,0.014,0.024,0.9425,,,2026-09-15 03:29:57
安徽省,长江流域,东流,2026-09-15 02:00,5,26.48,7.14,2.37,189.2821,30.89125,1.81,0.06,0.035,1.62938,,,2026-09-15 03:29:57
安徽省,长江流域,南漪湖西湖湖心,2026-09-15 03:00,4,26.8,7.74,6.77,168.24,39.38,3.65,,0.058,0.666,0.01107,2774392,2026-09-15 03:29:57
安徽省,太湖流域,殷桥,2026-09-15 02:00,5,27.51374,7.14,2.55,280.4583,37.12405,7.07,0.001,0.084,2.75345,,,2026-09-15 03:29:57
安徽省,长江流域,泾南交界,2026-09-15 02:00,2,24.95,7.57,6.83,140.3459,5.9576,1.54,0.009,0.02,0.6418,,,2026-09-15 03:29:57
安徽省,长江流域,汪溪,2026-09-15 02:00,2,25.77,7.7,7.83,182.0102,5.122,0.97,0.03,0.025,1.0922,,,2026-09-15 03:29:57
安徽省,长江流域,狮子口,2026-09-15 02:00,3,26.51,8.25,9.07,743.084,9.88,4.08,,0.053,1.9725,,,2026-09-15 03:29:57
安徽省,长江流域,东村桥,2026-09-15 02:00,3,24.79006,7.52,5.8,422.7868,3.67306,2.03,0.013,0.046,0.81748,,,2026-09-15 03:29:57
安徽省,长江流域,旌泾交界,2026-09-15 02:00,2,25.564,7.79,7.1,184.989,7.551,1.84,0.002,0.06,0.666,,,2026-09-15 03:29:57
安徽省,长江流域,水碧桥,2026-09-15 02:00,3,25.69,7.2,5.72,215.8606,8.88609,1.61,0.008,0.032,1.66437,,,2026-09-15 03:29:57
福建省,浙闽片河流,闽侯竹岐,2026-09-15 02:00,2,26.96,6.85,7.28,91.2,24.53,1.92,0.005,0.04,1.219,,,2026-09-15 03:29:57
福建省,浙闽片河流,闽安,2026-09-15 03:00,5,27.82,7.08,5.42,2188.6,468.87,6.28,0.309,0.319,2.857,,,2026-09-15 03:29:57
福建省,浙闽片河流,连江荷山渡口,2026-09-15 03:00,2,25.613,6.94,7.56,49.86,25.236,1.63,0.029,0.053,0.611,,,2026-09-15 03:29:57
福建省,浙闽片河流,永泰横龙,2026-09-15 02:00,2,24.277,7.24,8.14,36.728,11.528,1.08,0.009,0.034,0.559,,,2026-09-15 03:29:57
福建省,浙闽片河流,闽清雄江,2026-09-15 02:00,2,28.94,7.48,7.03,103.403,4.16,2.23,0.01,0.032,1.16,,,2026-09-15 03:29:57
福建省,浙闽片河流,梅溪口,2026-09-15 03:00,2,23.95,7.41,9.23,83.09,19.9,1.84,0.043,0.056,0.856,,,2026-09-15 03:29:57
福建省,浙闽片河流,隘头潭,2026-09-15 02:00,3,27.46,6.36,5.41,132.824,2.697,0.6,0.0005,0.018,0.8976,,,2026-09-15 03:29:57
福建省,浙闽片河流,将乐万全,2026-09-15 02:00,4,26.797,6.95,4.99,63.881,2.187,1.71,0.043,0.038,1.037,,,2026-09-15 03:29:57
福建省,浙闽片河流,宁化肖家,2026-09-15 02:00,2,25.813,7.11,7.8,79.839,5.349,1.25,0.04,0.065,0.91,,,2026-09-15 03:29:57
福建省,浙闽片河流,永安安砂水库下游,2026-09-15 02:00,3,24.967,6.6,5.49,64.765,10.213,1.74,0.037,0.053,1.028,,,2026-09-15 03:29:57
福建省,浙闽片河流,永安贡川桥,2026-09-15 01:00,2,25.33,6.91,6.15,104.47,13.49,1.72,0.051,0.057,1.225,,,2026-09-15 03:29:57
福建省,浙闽片河流,斑竹溪渡口,2026-09-15 02:00,2,26.249,6.87,6.82,123.411,8.934,1.74,0.023,0.05,1.285,,,2026-09-15 03:29:57
福建省,浙闽片河流,建宁袁庄,2026-09-15 02:00,2,24.982,7.06,10.66,70.36,9.154,1.13,0.018,0.052,0.999,,,2026-09-15 03:29:57
福建省,浙闽片河流,大田高才,2026-09-15 03:00,1,28.988,8.82,8.65,88.098,2.358,1.95,0.053,0.019,0.488,,,2026-09-15 03:29:57
福建省,浙闽片河流,尤溪拥口大桥,2026-09-15 02:00,2,23.74,7.21,7.18,107.898,32.418,1.24,0.054,0.044,1.1332,,,2026-09-15 03:29:57
福建省,浙闽片河流,南安康美桥,2026-09-15 02:00,4,25.97,7.03,7.62,80.624,112.869,0.76,0.146,0.283,0.8515,,,2026-09-15 03:29:57
福建省,浙闽片河流,永春东关桥,2026-09-15 02:00,2,24.33,6.21,6.45,87.41515,40.93431,1.14,0.087,0.047,2.332,,,2026-09-15 03:29:57
福建省,浙闽片河流,安溪罗内桥,2026-09-15 02:00,2,24.865,7.18,8,77.01,43.41,1.32,0.175,0.043,3.694,,,2026-09-15 03:29:57
福建省,浙闽片河流,南安霞东桥,2026-09-15 02:00,3,26.44,7.09,7.03,116.089,29.738,0.59,0.275,0.103,2.0149,,,2026-09-15 03:29:57
福建省,浙闽片河流,华安西陂,2026-09-15 03:00,2,24.61884,7.2,8.58,160.2464,27.81182,1.11,0.007,0.073,1.011,,,2026-09-15 03:29:57
福建省,浙闽片河流,南靖靖城桥,2026-09-15 03:00,2,28.38,6.45,7.6,,,1.22,0.111,0.031,6.593,,,2026-09-15 03:29:57
福建省,浙闽片河流,诏安澳子头,2026-09-15 03:00,2,28.12,7.43,7.82,92.006,5.085,0.76,0.085,0.089,1.9275,,,2026-09-15 03:29:57
福建省,浙闽片河流,南靖洪濑汤坑桥,2026-09-15 02:00,2,27.191,6.42,7.52,219.4,15.285,0.98,0.041,0.044,15.655,,,2026-09-15 03:29:57
福建省,浙闽片河流,浦南水文站,2026-09-15 03:00,2,26.0057,7.2,7.76,131,30.181,0.53,0.113,0.044,1.266,,,2026-09-15 03:29:57
福建省,浙闽片河流,南溪浮宫桥,2026-09-15 03:00,1,30.11,7.93,7.57,,18.67,1.52,,,,,,2026-09-15 03:29:57
福建省,浙闽片河流,上坂,2026-09-15 03:00,3,27.43,6.48,5.76,154.991,42.722,1,0.496,0.15,4.8545,,,2026-09-15 03:29:57
福建省,浙闽片河流,云霄高塘渡口,2026-09-15 03:00,3,27.92,6.68,6.73,112.779,16.235,0.74,0.185,0.131,5.0117,,,2026-09-15 03:29:57
福建省,浙闽片河流,水汾桥,2026-09-15 02:00,2,27.1,6.93,6.53,166.84,7.13,1.29,0.034,0.037,1.156,,,2026-09-15 03:29:57
福建省,浙闽片河流,十里庵,2026-09-15 02:00,2,28.5,6.71,6.49,96.19,6.27,1.18,0.024,0.056,1.365,,,2026-09-15 03:29:57
福建省,浙闽片河流,邵武晒口桥,2026-09-15 02:00,2,27.17,7.15,7.35,126.31,8.05,0.91,0.023,0.035,0.996,,,2026-09-15 03:29:57
福建省,浙闽片河流,武夷山兴田,2026-09-15 02:00,2,26.84819,6.89,7.17,41.47097,10.08505,1.57,0.021,0.013,0.58865,,,2026-09-15 03:29:57
福建省,浙闽片河流,建瓯蓬墩,2026-09-15 02:00,2,28.995,6.94,6.24,60.55,7.04,1.36,0.15,0.033,1.026,,,2026-09-15 03:29:57
福建省,浙闽片河流,浪石,2026-09-15 02:00,2,28.117,6.71,6.1,83.792,2.476,1.55,0.066,0.047,1.152,,,2026-09-15 03:29:57
福建省,浙闽片河流,将乐樟应,2026-09-15 02:00,3,27.51239,6.82,5.45,66.349,2.08463,1.82,,0.027,0.843,,,2026-09-15 03:29:57
福建省,浙闽片河流,建阳坪州大桥,2026-09-15 02:00,2,28.28,7.16,8.51,110.31,6.924,1.53,0.019,0.04,1.078,,,2026-09-15 03:29:57
福建省,浙闽片河流,政和西津,2026-09-15 02:00,2,28.902,7.13,7.06,94.85,19.265,1.91,0.067,0.028,1.244,,,2026-09-15 03:29:57
福建省,浙闽片河流,雁石桥,2026-09-15 03:00,2,27.67,7.66,8.29,296.793,20.595,0.72,0.076,0.042,1.431,,,2026-09-15 03:29:57
福建省,珠江流域,长汀美西桥,2026-09-15 03:00,2,25.19,7,7.46,116.416,19.464,1.36,0.087,0.076,0.8727,,,2026-09-15 03:29:57
福建省,浙闽片河流,福安赛岐,2026-09-15 02:00,4,26.12,7.03,5.44,980.13,149.22,5.96,0.141,0.208,2.019,,,2026-09-15 03:29:57
福建省,浙闽片河流,八都,2026-09-15 02:00,2,24.36,6.81,8.62,37.384,6.964,1.81,0.013,0.05,0.859,,,2026-09-15 03:29:57
福建省,浙闽片河流,古田黄田,2026-09-15 02:00,2,28.622,7.05,6.23,86.53,9.724,2,0.056,0.051,1.319,,,2026-09-15 03:29:57
福建省,浙闽片河流,福安洪口,2026-09-15 03:00,2,24.88,7.08,8.53,41.75,25.92,0.88,0.037,0.048,0.943,,,2026-09-15 03:29:57
江西省,长江流域,周坊,2026-09-15 02:00,2,25.38,7.02,7.81,105.7193,23.78454,1.48,0.01,0.057,1.34389,,,2026-09-15 03:29:57
江西省,长江流域,大港,2026-09-15 02:00,2,26.64,7.42,8.64,130.42,41.81,1.81,0.08,0.058,1.596,,,2026-09-15 03:29:57
江西省,长江流域,生米,2026-09-15 03:00,2,25.011,6.71,7.94,116.372,14.987,1.67,0.042,0.063,1.035,,,2026-09-15 03:29:57
江西省,长江流域,滁槎,2026-09-15 02:00,2,26.27,6.29,6.08,124.36,20.47,1.84,0.054,0.065,2.115,,,2026-09-15 03:29:57
江西省,长江流域,塔城,2026-09-15 03:00,2,27.27,8.32,7.62,89.41,46.03,2.3,0.047,0.07,1.353,,,2026-09-15 03:29:57
江西省,长江流域,八一桥,2026-09-15 03:00,2,27.34,7.44,7.56,113.073,27.338,1.89,0.101,0.064,0.9367,,,2026-09-15 03:29:57
江西省,长江流域,焦石坝,2026-09-15 02:00,2,25.92,7.41,7.39,93.13,17,2.17,0.096,0.043,1.2495,,,2026-09-15 03:29:57
江西省,长江流域,鲇鱼山,2026-09-15 02:00,2,29.73,7.62,7.1,187.76,5.01,1.67,0.013,0.04,1.307,,,2026-09-15 03:29:57
江西省,长江流域,戴村,2026-09-15 02:00,2,29.564,7.24,6.57,595.118,11.55,1.21,0.069,0.021,0.702,,,2026-09-15 03:29:57
江西省,长江流域,南河河口,2026-09-15 02:00,4,27.94,6.81,3.39,242.71,6.46,2.68,0.185,0.118,2.22,,,2026-09-15 03:29:57
江西省,长江流域,镇埠,2026-09-15 03:00,3,27.52,6.85,5.97,97.24,0.09,1.84,0.012,0.02,0.519,,,2026-09-15 03:29:57
江西省,长江流域,龙山口,2026-09-15 03:00,2,25.52,8.34,7.62,259.239,5.659,1.56,0.002,0.025,0.6348,,,2026-09-15 03:29:57
江西省,长江流域,桐车湾,2026-09-15 03:00,2,25.89,7.95,6.9,341.263,2.519,1.78,0.055,0.08,1.8103,,,2026-09-15 03:29:57
江西省,长江流域,金鱼石,2026-09-15 02:00,2,26.48,7.74,7.42,289.09,5.36,0.79,0.009,0.058,1.718,,,2026-09-15 03:29:57
江西省,长江流域,邓家洲,2026-09-15 02:00,2,26.85,8.02,10.24,523.3374,4.92916,1.57,0.002,0.077,2.00158,,,2026-09-15 03:29:57
江西省,长江流域,吴城修河,2026-09-15 02:00,2,27.154,7.33,8.12,107.41,16.03,1.83,0.012,0.023,0.651,,,2026-09-15 03:29:57
江西省,长江流域,姚港,2026-09-15 03:00,2,26.4,7.8,7.69,353.72,18.67,1.5,0.044,0.069,1.446,,,2026-09-15 03:29:57
江西省,长江流域,湖口,2026-09-15 03:00,2,26.3314,7.88,7.38,319.72,25.39,2.18,0.018,0.065,2.009,,,2026-09-15 03:29:57
江西省,长江流域,蛤蟆石,2026-09-15 03:00,3,26.07,7.04,7.62,108.89,36.62,2.4,,0.047,1.96,0.00093,271098.7,2026-09-15 03:29:57
江西省,长江流域,都昌,2026-09-15 02:00,3,26.4,7.08,6.76,132.62,70.1,2.99,,0.034,1.193,0.02665,2.111,2026-09-15 03:29:57
江西省,长江流域,潦河河口,2026-09-15 02:00,2,27.03,7.04,7.14,123.65,20.394,1.88,0.037,0.043,0.7334,,,2026-09-15 03:29:57
江西省,长江流域,三都,2026-09-15 02:00,2,27.07,7.23,8.73,110.36,2.81,1.66,0.019,0.038,0.793,,,2026-09-15 03:29:57
江西省,长江流域,柘林湖坝上,2026-09-15 02:00,2,27.569,7.97,9.55,99.36,1.245,2.02,,0.009,0.536,,,2026-09-15 03:29:57
江西省,长江流域,洋港镇,2026-09-15 02:00,2,24,7.47,6.16,329.459,1.666,0.43,0.007,0.007,0.82039,,,2026-09-15 03:29:57
江西省,长江流域,修水界上桥,2026-09-15 02:00,3,27.12,8.8,5.26,130.108,4.055,2.6,0.01,0.063,0.95601,,,2026-09-15 03:29:57
江西省,长江流域,共青城寨下,2026-09-15 02:00,2,28,7.81,6,477.8,17.1,3.13,0.12,0.057,1.549,,,2026-09-15 03:29:57
江西省,长江流域,罗坊,2026-09-15 03:00,2,27.64,7.44,6.65,237.975,22.315,3.25,0.115,0.096,1.3702,,,2026-09-15 03:29:57
江西省,长江流域,孔目江江口,2026-09-15 03:00,2,28.52,7.61,6.44,345.181,22.025,3.37,0.3,0.082,1.2816,,,2026-09-15 03:29:57
江西省,长江流域,浮桥,2026-09-15 03:00,2,27.3,7.69,6.73,186.52,9.546,3.21,0.095,0.068,1.328,,,2026-09-15 03:29:57
江西省,长江流域,傣家村,2026-09-15 03:00,3,27.86,,8.32,174.129,6.56,4.61,0.09,0.045,0.6818,0.02132,2.18437,2026-09-15 03:29:57
江西省,长江流域,炭埠周家,2026-09-15 02:00,2,27,7.02,9.75,118.03,3.89,1.72,,0.043,1.057,,,2026-09-15 03:29:57
江西省,长江流域,白塔河河口,2026-09-15 02:00,3,27.02,6.69,5.9,82.031,4.367,1.72,0.07,0.044,0.5764,,,2026-09-15 03:29:57
江西省,长江流域,土桥,2026-09-15 03:00,2,27.85,7.3,6.87,128.544,2.898,2.45,0.033,0.044,0.9452,,,2026-09-15 03:29:57
江西省,长江流域,流口村,2026-09-15 02:00,2,28.77,7,6.83,130.0758,9.940836,1.86,,0.053,1.173317,,,2026-09-15 03:29:57
江西省,长江流域,市自来水厂,2026-09-15 02:00,2,26.27,7.12,7.83,97.239,10.802,0.32,0.119,0.037,0.735,,,2026-09-15 03:29:57
江西省,长江流域,新庙前,2026-09-15 02:00,2,27.16,7.16,6.78,111.297,25.19,1.18,0.022,0.052,1.4226,,,2026-09-15 03:29:57
江西省,长江流域,峡山,2026-09-15 03:00,3,27.96,7.35,6.98,101.594,4.537,1.41,0.173,0.112,1.0805,,,2026-09-15 03:29:57
江西省,长江流域,梅江江口,2026-09-15 02:00,2,29.08,7.26,7.18,97.865,13.063,1.62,0.138,0.082,0.8888,,,2026-09-15 03:29:57
江西省,长江流域,平江江口,2026-09-15 03:00,2,27.35,7.24,6.79,116.823,15.839,1.71,0.099,0.047,0.7476,,,2026-09-15 03:29:57
江西省,长江流域,上犹江江口,2026-09-15 03:00,2,25.46,6.92,7.41,72.913,15.82,1.7,0.114,0.024,0.5841,,,2026-09-15 03:29:57
江西省,长江流域,龙南自来水厂,2026-09-15 03:00,2,26.4,7.32,7.43,375.149,4.061,0.96,0.032,0.022,0.8247,,,2026-09-15 03:29:57
江西省,长江流域,桃江江口,2026-09-15 02:00,2,26.48,7.16,6.43,154.81,14.587,0.84,0.111,0.061,1.8207,,,2026-09-15 03:29:57
江西省,长江流域,大余城郊,2026-09-15 02:00,2,24.62,7.24,8.92,78.412,8.9,0.91,0.17,0.031,0.8955,,,2026-09-15 03:29:57
江西省,长江流域,汝城多发电站,2026-09-15 02:00,2,21.89,7.01,8.42,60.84,5.34,0.87,0.001,0.025,0.693,,,2026-09-15 03:29:57
江西省,珠江流域,兴宁电站,2026-09-15 02:00,6,29,9.09,15.81,67.2619,3.875848,2.1,0.021,0.028,2.202943,,,2026-09-15 03:29:57
江西省,长江流域,通津,2026-09-15 03:00,2,25.78,7.19,7.15,86.472,32.736,1.14,0.117,0.071,0.9297,,,2026-09-15 03:29:57
江西省,长江流域,金滩,2026-09-15 02:00,2,27.01,7.15,6.68,97.04,20.013,1,0.166,0.066,1.0473,,,2026-09-15 03:29:57
江西省,长江流域,孤江江口,2026-09-15 02:00,2,27.9,7.28,7.05,71.299,9.65,2.11,0.055,0.046,0.6744,,,2026-09-15 03:29:57
江西省,长江流域,禾水河口,2026-09-15 02:00,2,27.68,7.36,7.02,122.62,15.76,1.49,0.17,0.046,0.8294,,,2026-09-15 03:29:57
江西省,长江流域,蜀水河口,2026-09-15 02:00,2,26.41,7.13,7.58,73.131,23.62,0.53,0.207,0.067,0.881,,,2026-09-15 03:29:57
江西省,长江流域,遂川江江口,2026-09-15 02:00,3,26.25,7.28,7.17,81.222,54.031,1.09,0.08,0.178,1.3011,,,2026-09-15 03:29:57
江西省,长江流域,乌江江口,2026-09-15 03:00,2,27.73,7.46,6.82,136.741,11.185,1.28,0.094,0.05,0.8265,,,2026-09-15 03:29:57
江西省,长江流域,棚下,2026-09-15 02:00,2,26.08,7.32,7.57,141.3528,8.88,1.84,0.047,0.056,1.038,,,2026-09-15 03:29:57
江西省,长江流域,丰城小港口,2026-09-15 02:00,2,27.271,7.28,9.14,96.88,37.8581,1.67,0.015,0.059,1.2278,,,2026-09-15 03:29:57
江西省,长江流域,高安市青州村,2026-09-15 02:00,2,28.36,7.94,8.12,188.93,5.33,1.94,0.008,0.055,1.196,,,2026-09-15 03:29:57
江西省,长江流域,良田村,2026-09-15 02:00,2,24.96,7.9,7.79,208.29,3.01,1.81,0.004,0.057,1.233,,,2026-09-15 03:29:57
江西省,长江流域,三洪村,2026-09-15 02:00,2,27.68,7.03,7.45,94.08,17.15,1.23,0.008,0.035,0.745,,,2026-09-15 03:29:57
江西省,长江流域,肖江江口,2026-09-15 02:00,3,27.218,7.15,5.92,193.846,19.652,2.48,0.037,0.073,1.329,,,2026-09-15 03:29:57
江西省,长江流域,修河港口,2026-09-15 03:00,1,25.9,7.11,8.2,42.01,2.42,0.44,,0.006,0.331,,,2026-09-15 03:29:57
江西省,长江流域,超坊,2026-09-15 03:00,2,26.91,7.83,7.64,90.58,28.066,2.28,0.193,0.059,0.8896,,,2026-09-15 03:29:57
江西省,长江流域,钟岭水厂,2026-09-15 02:00,2,27.9,7.43,6.83,72.69,16.77,2.67,,0.052,0.9549,,,2026-09-15 03:29:57
江西省,长江流域,临水河口,2026-09-15 02:00,2,25.81,6.91,7.96,80.09,7.26,1.69,0.08,0.054,0.879,,,2026-09-15 03:29:57
江西省,长江流域,赵家湾,2026-09-15 02:00,2,28.875,7.13,6.12,248.22,27.7931,1.48,0.019,0.029,1.024,,,2026-09-15 03:29:57
江西省,长江流域,康山,2026-09-15 02:00,4,26.63,6.6,6.46,109.96,64.84,3.1,0.165,0.095,1.252,0.013,657000,2026-09-15 03:29:57
江西省,长江流域,野鸡山村,2026-09-15 02:00,2,29.13,7.52,8.26,689.42,4.67,2.27,0.045,0.031,0.673,,,2026-09-15 03:29:57
江西省,长江流域,瑞洪大桥,2026-09-15 02:00,4,30.26,6.82,4.61,117.94,22.83,1.52,0.001,0.043,0.863,,,2026-09-15 03:29:57
江西省,长江流域,弋阳,2026-09-15 02:00,2,28.15,7.49,7.42,131.51,3.06,1.48,,0.055,0.957,,,2026-09-15 03:29:57
江西省,长江流域,鄱阳花园,2026-09-15 03:00,2,28.43,7.62,8.21,159.2,5.66,2.45,0.028,0.014,1.558,,,2026-09-15 03:29:57
江西省,长江流域,洎水河河口,2026-09-15 02:00,3,29.39,6.97,5.85,545.44,9.09,2,0.072,0.039,1.25,,,2026-09-15 03:29:57
江西省,长江流域,铅山,2026-09-15 02:00,2,28.98,7.55,8.45,165.5,5.4,2.33,0.084,0.086,0.924,,,2026-09-15 03:29:57
江西省,长江流域,旗山,2026-09-15 02:00,2,28.52,7.35,7.11,135.11,7.52,1.56,0.032,0.062,1.082,,,2026-09-15 03:29:57
江西省,长江流域,应家坊,2026-09-15 02:00,2,28.52,7.22,7.04,163.44,4.34,1.83,0.058,0.078,1.242,,,2026-09-15 03:29:57
山东省,淮河流域,辛丰庄,2026-09-15 02:00,2,24.436,7.92,13.36,1154.99,17.577,3.39,0.057,0.015,7.302,,,2026-09-15 03:29:57
山东省,黄河流域,泺口,2026-09-15 02:00,2,24.02,8.3,8.08,672.49,121.13,2.1,0.09,0.08,2.73,,,2026-09-15 03:29:57
山东省,淮河流域,睦里庄,2026-09-15 02:00,4,22.359,7.4,4.98,754.25,6.48,2.49,0.025,0.042,1.078,,,2026-09-15 03:29:57
山东省,黄河流域,卧虎山水库,2026-09-15 02:00,1,22.46,8.04,9.1,522.946,6.051,1.43,0.0003,0.013,3.879,,,2026-09-15 03:29:57
山东省,淮河流域,斜拉桥,2026-09-15 02:00,4,24.142,8.64,7.72,847.77,18.608,6.65,0.137,0.057,1.099,,,2026-09-15 03:29:57
山东省,淮河流域,马连庄,2026-09-15 02:00,2,21.98,7.71,8.94,960.57,4.39,2.29,,0.014,16.104,,,2026-09-15 03:29:57
山东省,淮河流域,吉利河水库出口,2026-09-15 02:00,3,23.048,8.54,7.17,337.551,10.915,4.91,0.015,0.047,0.804,,,2026-09-15 03:29:57
山东省,淮河流域,墨水河入海口,2026-09-15 02:00,3,25.629,7.87,8.51,2169.58,,5.87,0.048,0.188,7.525,,,2026-09-15 03:29:57
山东省,淮河流域,韩旺大桥,2026-09-15 02:00,2,22.938,7.74,7.48,866.34,2.755,2.04,0.013,0.01,24.39,,,2026-09-15 03:29:57
山东省,淮河流域,台儿庄大桥,2026-09-15 02:00,2,25.62,7.98,6.66,1253.79,35.97,3.38,0.172,0.068,2.263,,,2026-09-15 03:29:57
山东省,淮河流域,群乐桥,2026-09-15 02:00,3,20.49,7.89,7.29,2092.63,46.205,4.63,0.022,0.08,2.962,,,2026-09-15 03:29:57
山东省,淮河流域,王晁桥,2026-09-15 02:00,4,23.529,7.72,4.01,1117.7,18.91,,0.058,0.136,5.826,,,2026-09-15 03:29:57
山东省,淮河流域,十字河大桥,2026-09-15 02:00,3,24.692,7.76,6.98,1295.24,4.458,4.18,0.007,0.03,0.419,,,2026-09-15 03:29:57
山东省,淮河流域,贾庄闸,2026-09-15 02:00,2,24.55,7.87,6.79,1335.13,11.141,3.92,0.005,0.1,5.134,,,2026-09-15 03:29:57
山东省,淮河流域,新夹河大桥,2026-09-15 02:00,2,21.425,8.86,7.2,838.8337,1.96875,3.74,0.044,0.011,1.71632,,,2026-09-15 03:29:57
山东省,淮河流域,桥头,2026-09-15 02:00,4,22.01,8.74,9.77,850.464,21.74,8.69,0.225,0.206,4.909,,,2026-09-15 03:29:57
山东省,淮河流域,东村河入海口,2026-09-15 02:00,3,21.477,7.23,11.26,731.393,27.029,5.07,0.033,0.08,1.944,,,2026-09-15 03:29:57
山东省,淮河流域,羊口,2026-09-15 02:00,6,24.053,7.76,0.52,4707.702,65.223,5.04,0.104,0.173,4.553,,,2026-09-15 03:29:57
山东省,淮河流域,峡山水库库中,2026-09-15 03:00,5,24.6,8.77,9.42,752.43,50.63,11.11,,0.029,0.367,0.02169,1.150987,2026-09-15 03:29:57
山东省,淮河流域,柳疃桥,2026-09-15 02:00,3,24.703,7.69,9.87,1452.069,29.427,5.04,0.031,0.082,6.414,,,2026-09-15 03:29:57
山东省,淮河流域,张建桥,2026-09-15 02:00,2,23.975,7.88,9.48,2629.331,3.472,3.26,0.067,0.053,12.13,,,2026-09-15 03:29:57
山东省,淮河流域,兖州南大桥,2026-09-15 02:00,2,25.145,7.82,8.43,1056.24,7.345,3.97,0.029,0.06,1.1301,,,2026-09-15 03:29:57
山东省,淮河流域,105公路桥,2026-09-15 02:00,4,25.894,7.7,3.24,1557.55,40.594,4.84,0.093,0.14,2.962,,,2026-09-15 03:29:57
山东省,淮河流域,高河桥,2026-09-15 02:00,3,26.229,8.56,8.83,1485.65,22.654,5.83,0.007,0.077,1.421,,,2026-09-15 03:29:57
山东省,淮河流域,西石佛,2026-09-15 02:00,4,25.368,7.51,3.76,1260,38.03,3.84,0.117,0.05,3.145,,,2026-09-15 03:29:57
山东省,淮河流域,老运河微山段,2026-09-15 02:00,4,26.168,7.85,4.56,1305.9,14.042,3.89,0.087,0.034,1.087,,,2026-09-15 03:29:57
山东省,淮河流域,李集,2026-09-15 02:00,2,24.675,8.34,7.14,1115,17.149,3.99,0.001,0.066,1.633,,,2026-09-15 03:29:57
山东省,淮河流域,尹沟,2026-09-15 02:00,2,24.95,8.25,8.1,937.46,24.83,3.59,0.186,0.034,0.81,0.04,,2026-09-15 03:29:57
山东省,淮河流域,西支河入湖口,2026-09-15 02:00,3,26.575,8.57,10.51,1331.45,14.058,5.9,0.007,0.031,1.079,,,2026-09-15 03:29:57
山东省,淮河流域,东石佛,2026-09-15 02:00,2,25.033,7.97,7.85,1187.787,11.93,3.65,0.013,0.026,1.165,,,2026-09-15 03:29:57
山东省,淮河流域,西姚,2026-09-15 02:00,4,25.717,7.9,3.11,1306.5,26.06,3.38,0.154,0.194,2.27,,,2026-09-15 03:29:57
山东省,淮河流域,鲁桥,2026-09-15 02:00,3,25.702,8.06,6.59,1573.96,27.621,5.43,0.025,0.068,0.85,,,2026-09-15 03:29:57
山东省,淮河流域,牛庄闸,2026-09-15 02:00,2,26.019,8.42,9.78,951.58,8.629,3.38,0.03,0.002,0.892,,,2026-09-15 03:29:57
山东省,淮河流域,湘子庙,2026-09-15 02:00,4,24.97,8.2,3,1669.11,79.992,4.81,0.108,0.257,3.10033,,,2026-09-15 03:29:57
山东省,黄河流域,戴村坝,2026-09-15 02:00,3,26.39,7.53,5.99,875.44,2.84,2.24,0.086,0.015,2.762,,,2026-09-15 03:29:57
山东省,黄河流域,徐家汶,2026-09-15 02:00,2,23.76365,7.88,8.26,1343.676,35.005,1.96,0.032,0.06,37.09288,,,2026-09-15 03:29:57
山东省,淮河流域,南桥,2026-09-15 03:00,3,23.563,8.27,7.09,1402.392,33.58,5.99,0.136,0.093,1.365,,,2026-09-15 03:29:57
山东省,淮河流域,大古镇,2026-09-15 02:00,3,25.21,7.3,9.64,880.16,21.02,4.55,0.014,0.09,5.49,,,2026-09-15 03:29:57
山东省,淮河流域,夏庄,2026-09-15 02:00,5,23.54,8.54,7.75,1187.2,18.2,11.85,0.028,0.193,3.15821,,,2026-09-15 03:29:57
山东省,黄河流域,贺小庄,2026-09-15 03:00,2,24.465,7.63,7.31,827.025,13.346,3.8,0.094,0.031,1.421,,,2026-09-15 03:29:57
山东省,淮河流域,临沂北大桥,2026-09-15 02:00,4,23.82,9,11.78,455.74,23.952,8.07,0.01,0.084,2.201,,,2026-09-15 03:29:57
山东省,淮河流域,捷庄,2026-09-15 02:00,4,25.55,7.78,27.95,729.661,14.526,7.86,0.059,0.091,1.258,,,2026-09-15 03:29:57
山东省,淮河流域,临沭大兴桥,2026-09-15 02:00,4,24.159,7.19,11.38,625.001,11.312,6.55,0.003,0.09,0.789,,,2026-09-15 03:29:57
山东省,淮河流域,310公路桥,2026-09-15 02:00,6,23.34,7.24,1.56,814.76,4.85,3.28,0.046,0.078,0.295,,,2026-09-15 03:29:57
山东省,淮河流域,沙沟桥,2026-09-15 02:00,4,21.84,7.44,4.57,779.4,4.8,4.06,0.111,0.061,3.782,,,2026-09-15 03:29:57
山东省,淮河流域,云蒙湖湖心,2026-09-15 02:00,3,21.76,,11.09,420.7,1.91,4.93,,0.023,2.997,0.02034,7360090,2026-09-15 03:29:57
山东省,海河流域,第三店,2026-09-15 02:00,2,24.864,8.5,11.71,880.775,40.216,3.41,0.025,0.034,2.96,,,2026-09-15 03:29:57
山东省,海河流域,董姑桥,2026-09-15 03:00,2,23.757,8.05,6.2,1112,40.415,3.48,0.07,0.007,0.694,,,2026-09-15 03:29:57
山东省,海河流域,油坊桥,2026-09-15 03:00,3,23.943,8.06,6.66,973.921,94.368,2.53,0.124,0.125,4.345,,,2026-09-15 03:29:57
山东省,海河流域,秤勾湾,2026-09-15 02:00,3,23.98,8.13,7.1,1136.58,119.64,2.43,0.752,0.122,7.3413,,,2026-09-15 03:29:57
山东省,海河流域,北湖,2026-09-15 03:00,2,25.06,8.71,9.28,935.06,2.72,2.89,0.004,0.014,1.43,0.01497,7981644,2026-09-15 03:29:57
山东省,海河流域,小泊头桥,2026-09-15 02:00,2,23.592,7.99,7.58,1138.388,11.32,2.27,0.036,0.092,4.908,,,2026-09-15 03:29:57
山东省,海河流域,胜利桥,2026-09-15 02:00,4,24.096,8.12,11.87,2285.585,15.838,6.6,0.049,0.114,2.091,,,2026-09-15 03:29:57
山东省,海河流域,富国,2026-09-15 02:00,4,23.215,8.15,4.43,2104.59,12.53,5.61,0.026,0.059,1.021,,,2026-09-15 03:29:57
山东省,海河流域,芦家河子水库,2026-09-15 02:00,6,23.033,9.22,11.92,832.79,24.508,4.27,0.022,0.043,1.014,,,2026-09-15 03:29:57
山东省,海河流域,三角洼水库,2026-09-15 02:00,2,23.609,8.36,9.94,1011.062,20.458,2.37,0.048,0.039,1.001,,,2026-09-15 03:29:57
山东省,淮河流域,西闸,2026-09-15 02:00,3,24.68,8.04,8.53,1556.987,17.71,3.52,0.067,0.109,6.373,,,2026-09-15 03:29:57
山东省,淮河流域,范李,2026-09-15 02:00,4,24.532,7.96,4.2,1986.594,22.363,3.28,0.273,0.148,5.684,,,2026-09-15 03:29:57
山东省,淮河流域,于楼,2026-09-15 02:00,4,24.295,8.55,7.63,2028.23,55.286,6.13,0.198,0.211,1.364,,,2026-09-15 03:29:57
山东省,淮河流域,徐寨,2026-09-15 02:00,3,24.415,8.57,9.35,1712.96,20.223,4.52,0.092,0.147,1.426,,,2026-09-15 03:29:57
河南省,黄河流域,七里铺,2026-09-15 02:00,3,25.1881,7.93,7.47,678.349,15.5954,2.69,0.147,0.13,4.341,,,2026-09-15 03:29:57
河南省,淮河流域,尖岗水库,2026-09-15 02:00,2,26.09,8.83,11.13,257.5221,3.0988,2.41,,0.013,0.3519,,,2026-09-15 03:29:57
河南省,淮河流域,新郑黄甫寨,2026-09-15 02:00,2,25.39,8.03,11.6,922.98,17.94,3.15,0.019,0.033,3.2217,,,2026-09-15 03:29:57
河南省,淮河流域,通许邸阁,2026-09-15 02:00,5,25.27,7.91,6.06,856.35,158.22,3.05,0.13,0.311,3.046,,,2026-09-15 03:29:57
河南省,淮河流域,中牟陈桥,2026-09-15 02:00,3,25.09,7.83,8,817.77,33.54,5,0.021,0.089,5.9844,,,2026-09-15 03:29:57
河南省,黄河流域,高崖寨,2026-09-15 02:00,2,24.64,8.34,7.12,493.43,5.01,2.34,0.009,0.032,2.995,,,2026-09-15 03:29:57
河南省,黄河流域,龙门大桥,2026-09-15 02:00,2,24.377,8.36,8.09,502.151,36.286,3.63,0.001,0.058,3.265,,,2026-09-15 03:29:57
河南省,淮河流域,紫罗山,2026-09-15 02:00,2,23.18886,7.87,7.81,267.1262,55.58661,3.92,0.09,0.063,4.21696,,,2026-09-15 03:29:57
河南省,黄河流域,白马寺,2026-09-15 02:00,3,24.8,7.81,7.92,624.4,18.4,2.37,0.069,0.182,4.507,,,2026-09-15 03:29:57
河南省,黄河流域,潭头,2026-09-15 02:00,2,22.665,8.08,7.46,563.2,6.3405,1.36,0.002,0.013,2.781,,,2026-09-15 03:29:57
河南省,淮河流域,大陈闸,2026-09-15 02:00,2,25.69764,8.11,9.96,838.0679,7.64738,1.3,0.008,0.023,8.36719,,,2026-09-15 03:29:57
河南省,淮河流域,白龟山水库,2026-09-15 02:00,3,25.79,8.4,9.43,348.16,4.84,4.2,0.005,0.023,0.898,0.03447,2352000,2026-09-15 03:29:57
河南省,淮河流域,杨寨中村,2026-09-15 02:00,3,22.65,7.92,8.59,702.06,29.31,2.71,0.051,0.104,8.54,,,2026-09-15 03:29:57
河南省,淮河流域,舞钢石庄桥,2026-09-15 02:00,1,25.17816,8.18,7.53,,0.48467,,,,,,,2026-09-15 03:29:57
河南省,海河流域,彰武水库,2026-09-15 02:00,2,24.585,8.14,9.05,565.8,4.26,2.13,,0.012,2.9414,,,2026-09-15 03:29:57
河南省,海河流域,五陵,2026-09-15 02:00,3,23.56,7.93,7.04,1361.1,94.4,2.8,0.03,0.167,7.759,,,2026-09-15 03:29:57
河南省,海河流域,石辛庄,2026-09-15 02:00,3,24.74,7.97,18.86,1221.143,8.498,4.66,0.148,0.064,7.0736,,,2026-09-15 03:29:57
河南省,海河流域,黄花营,2026-09-15 02:00,1,25.27,8.27,9.14,498.6402,5.4194,0.64,,0.014,5.0747,,,2026-09-15 03:29:57
河南省,海河流域,前枋城,2026-09-15 02:00,1,21.583,7.93,7.89,561.4,9.38,1.2,,,5.2025,,,2026-09-15 03:29:57
河南省,海河流域,卫河小河口,2026-09-15 02:00,3,24.08,8.11,8.13,1188.515,134.97,2.72,0.493,0.198,7.5906,,,2026-09-15 03:29:57
河南省,海河流域,修武水文站,2026-09-15 02:00,3,24.44,7.87,7.88,2559.081,51.59,4.14,0.222,0.196,8.2642,,,2026-09-15 03:29:57
河南省,海河流域,获嘉东碑村,2026-09-15 02:00,3,25.82,7.98,6.49,1407.92,90.28,4.98,0.06,0.193,5.448,,,2026-09-15 03:29:57
河南省,黄河流域,封丘陶北,2026-09-15 02:00,2,24.69,8.32,13.42,939.01,22.8,3.58,0.007,0.056,2.775,,,2026-09-15 03:29:57
河南省,黄河流域,封丘王堤,2026-09-15 02:00,2,24.723,7.57,6.82,898.09,50.45,3.74,0.12,0.091,1.9499,,,2026-09-15 03:29:57
河南省,海河流域,新乡贾太湖,2026-09-15 02:00,3,25.51,8.28,7.71,707.792,413.127,2.87,,0.129,3.4385,,,2026-09-15 03:29:57
河南省,黄河流域,武陟渠首,2026-09-15 02:00,2,25.11,7.98,9.32,877.82,29.95,1.53,0.024,0.055,4.672,,,2026-09-15 03:29:57
河南省,黄河流域,孟州石井,2026-09-15 02:00,4,28.60995,7.75,4.28,7208.463,14.14681,4.9,0.133,0.178,3.71796,,,2026-09-15 03:29:57
河南省,黄河流域,孟州还封村,2026-09-15 02:00,4,24.9231,7.74,4.06,1428.379,15.76927,2.03,0.077,0.161,10.51344,,,2026-09-15 03:29:57
河南省,海河流域,南乐元村集,2026-09-15 02:00,4,22.06,7.91,8.83,1336.68,158.74,2.38,0.06,0.217,7.997,,,2026-09-15 03:29:57
河南省,海河流域,南乐水文站,2026-09-15 02:00,4,24.54,7.98,4.9,777.4798,49.51,5.52,0.473,0.194,3.6485,,,2026-09-15 03:29:57
河南省,海河流域,濮阳西水坡,2026-09-15 02:00,3,24.72,8.58,5.85,830.42,4.37,2.57,0.046,0.011,0.782,,,2026-09-15 03:29:57
河南省,黄河流域,濮阳大韩桥,2026-09-15 02:00,5,24.06,7.65,2.67,1291.08,51.71,6.71,0.253,0.181,2.893,,,2026-09-15 03:29:57
河南省,淮河流域,白沙水库,2026-09-15 02:00,3,25.5634,8.29,7.87,699.399,4.4959,4.15,0.016,0.016,3.587,,,2026-09-15 03:29:57
河南省,淮河流域,召陵武湾,2026-09-15 02:00,2,25.36,7.83,7.51,611.1,32.94,3.29,0.047,0.062,4.453,,,2026-09-15 03:29:57
河南省,淮河流域,郾城漯邓桥,2026-09-15 02:00,4,25.4,7.81,6.54,1794.9,24.05,3.12,0.05,0.205,3.397,,,2026-09-15 03:29:57
河南省,淮河流域,叶舞公路桥,2026-09-15 02:00,2,24.816,7.53,7.53,323.55,16.871,3.67,0.006,0.074,2.475,,,2026-09-15 03:29:57
河南省,淮河流域,临颍高村桥,2026-09-15 02:00,3,25.45,7.64,7.34,1165.99,13.46,2.62,0.432,0.13,10.777,,,2026-09-15 03:29:57
河南省,淮河流域,舞阳马湾,2026-09-15 02:00,2,25.57,8.32,11.49,585.221,21.865,3.08,0.015,0.035,4.395,,,2026-09-15 03:29:57
河南省,黄河流域,洛河大桥,2026-09-15 02:00,1,22.66,8.39,8.23,598.11,22.514,0.96,0.072,0.017,1.7956,,,2026-09-15 03:29:57
河南省,长江流域,淅川荆紫关,2026-09-15 02:00,1,24.7892,8.19,7.83,355.9116,2.497352,1.67,0.005,0.01,1.19,,,2026-09-15 03:29:57
河南省,长江流域,淅川史家湾,2026-09-15 02:00,2,24.06,7.93,7.22,411.57,10.201,1.55,,0.017,1.3973,0.00147,,2026-09-15 03:29:57
河南省,长江流域,淅川高湾,2026-09-15 02:00,2,23.95,7.98,7.8,397.841,9.643,1.9,0.008,0.024,1.4567,0.0037,,2026-09-15 03:29:57
河南省,长江流域,淅川张营,2026-09-15 02:00,4,27.02,7.82,4.47,324.919,5.621,3.33,0.053,0.024,1.4909,0.00955372,,2026-09-15 03:29:57
河南省,长江流域,五龙泉,2026-09-15 02:00,2,26.25,8.12,6.65,264.39,14.09,1.76,0.007,0.009,0.725,0.0015,698066.7,2026-09-15 03:29:57
河南省,长江流域,宋岗,2026-09-15 02:00,2,26.645,8.18,6.81,265.3,3.187,1.34,0.009,0.008,0.738,0.002249,1023814,2026-09-15 03:29:57
河南省,长江流域,陶岔,2026-09-15 02:00,2,26.91,8.22,6.54,261.432,4.423,1.47,,0.013,0.9196,0.0018,749489,2026-09-15 03:29:57
河南省,长江流域,三道河,2026-09-15 02:00,1,22.39,8.12,8.41,484.451,5.175,0.81,0.005,0.003,2.05,,,2026-09-15 03:29:57
河南省,长江流域,上河,2026-09-15 02:00,1,22.85,8.19,8.33,225.0883,5.59583,1.93,0.004,0.005,0.21176,,,2026-09-15 03:29:57
河南省,长江流域,方城夏河,2026-09-15 02:00,3,24.24,7.73,5.8,723.9243,29.495,2.31,0.03,0.117,7.801,,,2026-09-15 03:29:57
河南省,长江流域,内乡怀乡桥,2026-09-15 01:00,2,24.22929,8.25,10.61,453.2837,6.05753,2.42,0.005,0.018,2.4951,,,2026-09-15 03:29:57
河南省,淮河流域,新野溧河桥,2026-09-15 02:00,3,25.8159,7.67,7.01,376.8148,22.94043,4.73,0.006,0.066,1.91838,,,2026-09-15 03:29:57
河南省,淮河流域,吕楼桥,2026-09-15 02:00,4,23.26,7.77,3.26,1557.305,44.971,2.08,0.092,0.063,0.4379,,,2026-09-15 03:29:57
河南省,淮河流域,黄口,2026-09-15 03:00,3,25.36,8.12,6.22,1418.344,21.325,4.96,0.091,0.077,4.1071,,,2026-09-15 03:29:57
河南省,淮河流域,睢县板桥,2026-09-15 02:00,3,22.76,7.88,6.67,1284.37,89.75,5.29,0.209,0.154,5.461,,,2026-09-15 03:29:57
河南省,淮河流域,永城张板桥,2026-09-15 02:00,4,25.64,8.99,17.3,1430.26,74.51,8.49,0.008,0.235,1.524,,,2026-09-15 03:29:57
河南省,淮河流域,长台关甘岸桥,2026-09-15 02:00,3,26.16,7.71,7.26,315.14,11.03,4.17,,0.052,0.842,,,2026-09-15 03:29:57
河南省,淮河流域,息县大埠口,2026-09-15 02:00,2,24.85778,7.83,7.01,294.2158,11.22328,3.51,0.02,0.037,0.84957,,,2026-09-15 03:29:57
河南省,淮河流域,潢川水文站,2026-09-15 02:00,3,25.1097,6.63,6.97,204.492,43.2766,3.67,0.06,0.142,0.58,,,2026-09-15 03:29:57
河南省,淮河流域,淮滨北庙,2026-09-15 02:00,2,26.69,8.1,8.01,218.7303,60.5394,2.31,0.001,0.046,0.6109,,,2026-09-15 03:29:57
河南省,淮河流域,饮用水源地取水口,2026-09-15 02:00,3,25.29,8.87,10.87,165.87,7.65,5.24,0.003,0.025,0.614,,82000,2026-09-15 03:29:57
河南省,淮河流域,竹竿铺,2026-09-15 02:00,6,25.16,9.01,9.89,221.66,10.44,3.14,0.026,0.037,0.496,,,2026-09-15 03:29:57
河南省,淮河流域,固始马罡,2026-09-15 02:00,2,25.7817,8.68,9.19,201.482,7.4318,3.77,0.017,0.046,0.5657,,,2026-09-15 03:29:57
河南省,淮河流域,老沈丘泉河桥,2026-09-15 02:00,3,26.48,7.76,5.32,1090.156,29.513,4.01,0.008,0.107,2.7376,,,2026-09-15 03:29:57
河南省,淮河流域,刘寨村后,2026-09-15 02:00,3,25.85,7.97,6.55,1327,8.62,5.51,0.05,0.076,2.3616,,,2026-09-15 03:29:57
河南省,淮河流域,西华大王庄,2026-09-15 02:00,2,23.6407,8.28,11.61,861.35,40.8235,3.89,0.115,0.073,3.906,,,2026-09-15 03:29:57
河南省,淮河流域,周口康店,2026-09-15 02:00,2,25.42,7.67,7.07,802.583,7.73,2.96,0.145,0.057,4.8824,,,2026-09-15 03:29:57
河南省,淮河流域,商水双桥,2026-09-15 02:00,2,24.91,7.83,6.4,858.1764,21.3743,2.91,0.085,0.1,5.182,,,2026-09-15 03:29:57
河南省,淮河流域,鄢陵陶城闸,2026-09-15 02:00,3,24.3,7.75,5.66,1309.2,12.16,3.24,0.44,0.166,9.1836,,,2026-09-15 03:29:57
河南省,淮河流域,鹿邑付桥,2026-09-15 02:00,3,26.07,7.98,8.75,680.773,16.801,5.67,0.028,0.064,2.1151,,,2026-09-15 03:29:57
河南省,淮河流域,西华址坊,2026-09-15 03:00,3,24.68,7.99,7.49,959.32,29.26,3.06,0.047,0.111,5.669,,,2026-09-15 03:29:57
河南省,淮河流域,冯塘邱屯,2026-09-15 02:00,4,24.99,7.6,4.71,1174.167,45.97306,4.33,0.066,0.127,6.10403,,,2026-09-15 03:29:57
河南省,淮河流域,鹿邑宋河桥,2026-09-15 03:00,4,24.55,7.88,3.05,1102.41,51.67,7.91,0.088,0.207,2.971,,,2026-09-15 03:29:57
河南省,淮河流域,新蔡班台,2026-09-15 02:00,4,25.467,7.75,7.2,576.043,25.972,3.6,0.086,0.227,1.989,,,2026-09-15 03:29:57
河南省,淮河流域,西平杨庄,2026-09-15 02:00,3,23.60368,7.86,7.26,1065.651,15.92141,2.51,0.047,0.133,5.14768,,,2026-09-15 03:29:57
河南省,淮河流域,板桥水库,2026-09-15 02:00,3,24.17,8.17,6.99,192.2695,4.78,4.21,0.009,0.017,0.573,,,2026-09-15 03:29:57
河南省,淮河流域,西平王孟寺,2026-09-15 02:00,3,24.05908,7.28,6,980.4478,30.26856,4.06,0.076,0.153,4.49306,,,2026-09-15 03:29:57
河南省,淮河流域,新蔡李桥,2026-09-15 02:00,3,26.131,8.03,7.68,1072.68,20.302,2.13,0.055,0.171,3.71,,,2026-09-15 03:29:57
河南省,黄河流域,小浪底水库,2026-09-15 02:00,2,25.99,8.07,6.52,950.48,13.083,1.8,0.052,0.029,2.9461,,,2026-09-15 03:29:57
河南省,黄河流域,南山,2026-09-15 02:00,2,22.23745,8.23,8.55,973.4775,15.96446,1.92,0.006,0.023,2.91517,0.01389,3188682,2026-09-15 03:29:57
湖北省,长江流域,朱家河口,2026-09-15 02:00,4,26.621,7.3,3.4,613.388,67.525,4.35,0.12,0.113,4.218,,,2026-09-15 03:29:57
湖北省,长江流域,沐家泾,2026-09-15 02:00,3,26.11,7.64,7.76,208.581,50.8,4.67,0.013,0.088,1.05,,,2026-09-15 03:29:57
湖北省,长江流域,牛山湖湖心,2026-09-15 03:00,3,26.58,8.7,10.02,190.47,11.252,5.14,,0.024,,0.0044,1.919189,2026-09-15 03:29:57
湖北省,长江流域,西梁子湖湖北,2026-09-15 03:00,3,26.1071,7.69,6.28,194.46,26.949,3.55,,0.036,0.52,0.00277,1.018315,2026-09-15 03:29:57
湖北省,长江流域,宗关,2026-09-15 02:00,2,26.535,8.52,9.01,364.3,12.57,2.27,0.024,0.044,1.166,0.00775,,2026-09-15 03:29:57
湖北省,长江流域,杨泗港,2026-09-15 02:00,2,26.81,7.72,7.79,280.431,29.68,0.8,,0.022,1.906,,,2026-09-15 03:29:57
湖北省,长江流域,冯集,2026-09-15 03:00,3,25.86,7.92,7.65,215.598,20.293,3.87,0.03,0.168,1.046,,,2026-09-15 03:29:57
湖北省,长江流域,龙口,2026-09-15 02:00,6,27.43,9.09,11.21,193.84,14.49,7.32,0.043,0.059,1.019,,,2026-09-15 03:29:57
湖北省,长江流域,金水闸,2026-09-15 03:00,6,26.51,7.2,1.74,296.31,29.25,6.07,0.224,0.027,0.92,,,2026-09-15 03:29:57
湖北省,长江流域,郭玉,2026-09-15 02:00,2,26.521,8.7,10.09,172.75,13.636,3.24,0.014,0.068,1.385,,,2026-09-15 03:29:57
湖北省,长江流域,滠口,2026-09-15 02:00,3,27.6,8.75,7.89,222.7347,29.95,4.08,0.093,0.106,1.0912,,,2026-09-15 03:29:57
湖北省,长江流域,港洲村,2026-09-15 02:00,3,27.67,7.69,7.54,445.25,15.584,3.5,0.014,0.137,1.115,,,2026-09-15 03:29:57
湖北省,长江流域,黄陵大桥,2026-09-15 02:00,4,26.099,7.41,4.64,468.132,19.245,4.27,0.028,0.054,1.038,,,2026-09-15 03:29:57
湖北省,长江流域,太平沙,2026-09-15 02:00,5,24.59,7.34,2.87,500,17.16,4.46,0.01,0.077,1.836,,,2026-09-15 03:29:57
湖北省,长江流域,白浒山,2026-09-15 02:00,2,26.24,7.83,6.95,323.0989,32.22542,1.96,0.013,0.092,1.518213,,,2026-09-15 03:29:57
湖北省,长江流域,挖沟泵站,2026-09-15 02:00,2,28.17304,7.46,8.04,1219.28,24.46351,3.82,0.068,0.089,1.797555,,,2026-09-15 03:29:57
湖北省,长江流域,富池闸,2026-09-15 02:00,2,27.55,7.96,8.54,220.2043,16.49755,2.29,0.036,0.033,0.6930135,,,2026-09-15 03:29:57
湖北省,长江流域,大冶湖闸,2026-09-15 02:00,3,29.13,8.48,11.47,304.33,26.25,5.75,0.079,0.076,0.986,,,2026-09-15 03:29:57
湖北省,长江流域,夹河口,2026-09-15 02:00,3,24.65,7.7,5.33,284.9355,5.02,1.81,0.034,0.014,1.431,,,2026-09-15 03:29:57
湖北省,长江流域,天河口,2026-09-15 02:00,2,24.649,7.94,7.2,402.198,4.756,1.76,0.163,,1.1816,,,2026-09-15 03:29:57
湖北省,长江流域,焦家院,2026-09-15 02:00,2,23.01,7.74,6.7,242.524,8.603,1.91,0.008,0.016,0.9508,,,2026-09-15 03:29:57
湖北省,长江流域,孙家湾,2026-09-15 02:00,2,26.7,8.55,8.93,231.96,15.76,3.21,0.03,0.071,1.162,,,2026-09-15 03:29:57
湖北省,长江流域,浪河口,2026-09-15 02:00,2,27.02,8.33,8.68,178.5685,5.24,3.52,0.021,0.023,0.718,,,2026-09-15 03:29:57
湖北省,长江流域,丹江口水库坝上中,2026-09-15 02:00,2,27.13,8.02,6.7,244.013,2.03735,1.79,0.075,0.004,0.8834,0.0039358,1304000,2026-09-15 03:29:57
湖北省,长江流域,陈家坡,2026-09-15 02:00,2,25.47,7.82,6.03,277.24,6.21,2.53,0.024,0.021,1.2779,,,2026-09-15 03:29:57
湖北省,长江流域,潘口水库坝上,2026-09-15 02:00,2,25.82,8.78,9.56,190.5,5.4,2.59,,0.013,0.657,,,2026-09-15 03:29:57
湖北省,长江流域,剑河口,2026-09-15 02:00,2,27.29,8.27,7.58,217.91,0.19,2.67,0.014,0.021,1.073,,,2026-09-15 03:29:57
湖北省,长江流域,东湾桥,2026-09-15 02:00,2,22.67,7.92,7.7,483.2344,10.3,3.07,0.033,0.071,2.6079,,,2026-09-15 03:29:57
湖北省,长江流域,神定河口,2026-09-15 02:00,3,24.4,7.74,7.36,610.33,12.968,3.76,0.096,0.183,7.928,,,2026-09-15 03:29:57
湖北省,长江流域,泗河口,2026-09-15 02:00,3,23.91,7.87,7.1,753.312,5.061,3.49,0.08,0.101,5.885,,,2026-09-15 03:29:57
湖北省,长江流域,王河电站,2026-09-15 02:00,1,24.9,8.07,8.19,412.1883,8.79,1.46,0.029,0.014,0.9927,,,2026-09-15 03:29:57
湖北省,长江流域,隔河岩水库坝上,2026-09-15 02:00,1,21.12,8.47,7.83,237.77,2.01,1.21,0.004,0.009,1.799,0.0392,2563527,2026-09-15 03:29:57
湖北省,长江流域,长沙坝,2026-09-15 02:00,3,26.486,7.65,5.83,475.413,3.28,1.54,0.009,0.039,1.983,,,2026-09-15 03:29:57
湖北省,长江流域,清江大桥,2026-09-15 02:00,3,21.78,7.48,5.65,325.554,7.58,0.87,,0.012,2.551,,,2026-09-15 03:29:57
湖北省,长江流域,南津关,2026-09-15 03:00,2,27.2,7.76,6.54,426.213,4.72263,2.35,0.004,0.054,2.8055,0.0258078,,2026-09-15 03:29:57
湖北省,长江流域,马渡河,2026-09-15 02:00,2,23.16,7.44,9.82,317.62,3.67,3.09,0.005,0.011,2.281,,,2026-09-15 03:29:57
湖北省,长江流域,铁路大桥,2026-09-15 02:00,2,24.7,7.86,7.29,565.1,14.2,2.08,0.025,0.032,1.607,,,2026-09-15 03:29:57
湖北省,长江流域,两河口,2026-09-15 02:00,2,26.298,7.66,7.28,555.6542,15.5154,2.59,0.074,0.055,3.1988,,,2026-09-15 03:29:57
湖北省,长江流域,桅杆坪,2026-09-15 02:00,3,19.65,7.42,5.67,279.53,0.87,0.96,0.001,0.026,2.814,,,2026-09-15 03:29:57
湖北省,长江流域,白石港,2026-09-15 02:00,2,26.02,8.24,7.57,320.591,2.521,2.37,0.003,0.006,1.271,,,2026-09-15 03:29:57
湖北省,长江流域,云池,2026-09-15 02:00,2,26.87,7.87,7.8,413.49,8.9,1.28,,0.046,2.442,,,2026-09-15 03:29:57
湖北省,长江流域,翟湾,2026-09-15 02:00,2,24.82,7.82,6.79,491.5368,30.02343,2.8,0.013,0.081,2.1359,,,2026-09-15 03:29:57
湖北省,长江流域,埠口,2026-09-15 02:00,2,26.43976,8.32,7.01,489.435,26.78221,3.96,0.01,0.07,1.28026,,,2026-09-15 03:29:57
湖北省,长江流域,张湾,2026-09-15 02:00,3,25.2,8.26,9.96,468.5759,18.45,3.75,0.071,0.107,2.291,,,2026-09-15 03:29:57
湖北省,长江流域,余家湖,2026-09-15 02:00,2,28.85,8,6.87,332.2181,21.16,2.43,0.035,0.029,1.256,,,2026-09-15 03:29:57
湖北省,长江流域,聂家滩,2026-09-15 02:00,2,26.44,8.05,7.74,313.2859,30.86,2.11,0.023,0.041,1.385,,,2026-09-15 03:29:57
湖北省,长江流域,汤店,2026-09-15 02:00,3,26.64,7.42,5.65,626.4007,10.68,4.1,0.092,0.063,1.303,,,2026-09-15 03:29:57
湖北省,长江流域,沈湾,2026-09-15 02:00,3,18.13,7.66,5.74,329.5,3.77,2.08,0.025,0.015,1.33,,,2026-09-15 03:29:57
湖北省,长江流域,朱市,2026-09-15 02:00,3,25.42,8.07,7.9,602.9226,29.66,2.61,0.036,0.102,1.731,,,2026-09-15 03:29:57
湖北省,长江流域,茶庵,2026-09-15 02:00,1,26.47,8.32,9.83,380.4517,20.79,1.39,0.018,0.009,1.913,,,2026-09-15 03:29:57
湖北省,长江流域,马兰河口,2026-09-15 02:00,2,25.07,8.08,7.53,384.1,5.9,1.39,0.015,0.036,2.067,,,2026-09-15 03:29:57
湖北省,长江流域,燕矶,2026-09-15 02:00,2,26.36,7.7,7.34,315.81,38.73,1.59,0.089,0.051,1.76,,,2026-09-15 03:29:57
湖北省,长江流域,东梁子湖湖心,2026-09-15 03:00,3,25.88,7.97,7.93,191.103,26.24,3.46,,0.037,0.192,,,2026-09-15 03:29:57
湖北省,长江流域,梁子湖七星站,2026-09-15 02:00,3,26.56,7.79,6.79,198.3045,33.53042,4.34,0.106,0.015,1.559101,0.03894735,,2026-09-15 03:29:57
湖北省,长江流域,漳河水库库心,2026-09-15 02:00,1,25.58,8.3,8.79,308.0802,10.933,1.65,,,0.375,0.00012,9148000,2026-09-15 03:29:57
湖北省,长江流域,转斗,2026-09-15 02:00,2,25.21,8.5,7.99,,0.4228,2.91,0.003,0.036,1.341,,,2026-09-15 03:29:57
湖北省,长江流域,罗汉闸,2026-09-15 02:00,2,25.62,8.37,10,359.95,194.94,3.73,0.017,0.051,1.2381,,,2026-09-15 03:29:57
湖北省,长江流域,京山河邓李港,2026-09-15 02:00,2,27.64,7.8,8.25,480.6411,19.2138,3.05,,0.088,1.63,,,2026-09-15 03:29:57
湖北省,长江流域,马良龚家湾,2026-09-15 02:00,4,26.282,7.37,4.63,952.421,82.5264,3.97,0.119,0.174,2.6045,,,2026-09-15 03:29:57
湖北省,长江流域,应城公路桥,2026-09-15 02:00,2,26.55,8,9.14,589.08,14.0154,2.22,0.025,0.023,0.1091,,,2026-09-15 03:29:57
湖北省,长江流域,田店泵站,2026-09-15 02:00,2,26.56,8.22,7.62,488.68,13.312,2.23,,0.023,0.23466,,,2026-09-15 03:29:57
湖北省,长江流域,垌冢桥,2026-09-15 02:00,2,26.296,7.52,6.06,383.538,10.098,2.48,0.035,0.096,1.64,,,2026-09-15 03:29:57
湖北省,长江流域,新沟闸,2026-09-15 02:00,2,27.23,8.53,12.69,415.17,9.91,3.37,,0.051,0.729,,,2026-09-15 03:29:57
湖北省,长江流域,小河,2026-09-15 02:00,2,27.23,8.42,10.01,369.94,36.39,3.13,0.16,0.061,1.708,,,2026-09-15 03:29:57
湖北省,长江流域,孝昌王店,2026-09-15 02:00,4,26.74,8.43,8.66,318.6,17.2415,6.84,0.01,0.121,1.032,,,2026-09-15 03:29:57
湖北省,长江流域,孝感河口大桥,2026-09-15 02:00,3,26.94,8.65,10.78,289.318,15.728,5.06,0.014,0.057,1.2919,,,2026-09-15 03:29:57
湖北省,长江流域,大悟河口,2026-09-15 02:00,2,26.61,8.73,7.82,252.8,6.72,2.88,,0.031,0.2737,,,2026-09-15 03:29:57
湖北省,长江流域,安陆桑树,2026-09-15 02:00,2,26.48,7.97,8.39,503.71,11.0195,3.07,,0.023,0.4579,,,2026-09-15 03:29:57
湖北省,长江流域,隔蒲桥,2026-09-15 02:00,4,26.83,7.62,12.51,441.25,12.339,6.44,0.036,0.048,1.0797,,,2026-09-15 03:29:57
湖北省,长江流域,汉川新堰,2026-09-15 02:00,4,27.08,7.27,4.29,457.46,48.792,2.96,0.094,0.122,1.942,,,2026-09-15 03:29:57
湖北省,长江流域,杨柴湖,2026-09-15 02:00,5,24.6,6.84,2.88,347.6,14.6,4.26,0.0005,0.079,0.4,0.00175,1466349,2026-09-15 03:29:57
湖北省,长江流域,排水闸,2026-09-15 02:00,3,26.25,7.83,7.02,389.6845,45.2884,2.55,,0.049,1.45,0.001,2.309801,2026-09-15 03:29:57
湖北省,长江流域,洪湖湖心,2026-09-15 02:00,3,26.9,7.96,6.58,363.164,99.811,3.03,0.079,0.048,1.539,0.0005,50780,2026-09-15 03:29:57
湖北省,长江流域,观音寺,2026-09-15 02:00,2,26.7,7.86,7.22,401.54,11.4,1.41,,0.053,2.6,,,2026-09-15 03:29:57
湖北省,长江流域,新刘家台,2026-09-15 02:00,2,28.013,7.8,6.21,397.95,8.583,2.08,0.048,0.035,1.383,,,2026-09-15 03:29:57
湖北省,长江流域,荆州河口,2026-09-15 02:00,2,26.34,7.7,9.11,541.9518,28.5801,3.2,,0.041,2.0928,,,2026-09-15 03:29:57
湖北省,长江流域,康家岗,2026-09-15 02:00,2,27.08,8.05,9.92,387.21,35.8156,,,0.025,1.5813,,,2026-09-15 03:29:57
湖北省,长江流域,新河村,2026-09-15 02:00,4,27.233,7.48,4.55,413.9,20.255,2.78,0.116,0.109,1.856,,,2026-09-15 03:29:57
湖北省,长江流域,新滩,2026-09-15 02:00,3,26.815,7.51,5.18,409.95,50.075,2.94,0.02,0.039,1.593,,,2026-09-15 03:29:57
湖北省,长江流域,淤泥湖,2026-09-15 03:00,2,27.3,8.69,11.53,400.3,51.7,2.58,0.012,0.071,1.719,,,2026-09-15 03:29:57
湖北省,长江流域,杨家垱,2026-09-15 02:00,2,26.93,8.31,11.2,372.63,31.99,1.67,0.035,0.032,1.495,,,2026-09-15 03:29:57
湖北省,长江流域,调关,2026-09-15 02:00,2,26.77,7.92,8.68,384.8769,22.8084,1.54,,0.049,2.1585,,,2026-09-15 03:29:57
湖北省,长江流域,三兴公,2026-09-15 02:00,2,25.817,7.92,11.17,547.427,24.205,2.67,0.005,0.046,0.497,,,2026-09-15 03:29:57
湖北省,长江流域,姚集,2026-09-15 02:00,2,27.3,7.64,6.68,463.5,6.2,2.13,0.076,0.059,1.515,,,2026-09-15 03:29:57
湖北省,长江流域,乌溪沟,2026-09-15 03:00,2,24.34002,7.78,6.5,353.2842,13.36518,1.19,0.026,0.034,1.602509,,,2026-09-15 03:29:57
湖北省,长江流域,白莲河水库坝上,2026-09-15 02:00,4,26.028,6.94,3.77,114.1,1.598,3.04,0.008,0.031,0.5044,0.004938,1485,2026-09-15 03:29:57
湖北省,长江流域,巴河镇河口,2026-09-15 03:00,2,27.278,8.18,8.16,184.756,7.008,2.91,,0.045,0.721,,,2026-09-15 03:29:57
湖北省,长江流域,兰溪大桥,2026-09-15 02:00,2,28.591,7.91,8.3,177.003,5.726,3.41,0.052,0.066,1.121,,,2026-09-15 03:29:57
湖北省,长江流域,中官铺,2026-09-15 02:00,2,26.823,7.75,7.09,317.843,34.07,1.93,,0.053,1.5,,,2026-09-15 03:29:57
湖北省,长江流域,蕲春县八里湖,2026-09-15 02:00,3,28.19,7.24,5.88,186.5536,53.93,2.43,0.164,0.146,1.27,,,2026-09-15 03:29:57
湖北省,长江流域,咸宁湖心,2026-09-15 03:00,4,27.49,8.3,6,229.798,16.138,6.16,0.097,0.053,,0.01328,6897664,2026-09-15 03:29:57
湖北省,长江流域,富水水库,2026-09-15 02:00,2,27.72,8.8,8.98,232.9419,11.15,2.78,0.016,0.02,0.654,0.01,2.5104,2026-09-15 03:29:57
湖北省,长江流域,窑嘴大桥,2026-09-15 02:00,2,28.05,7.75,9.04,397.7503,19.06,2.52,,0.049,2.604,,,2026-09-15 03:29:57
湖北省,长江流域,陆溪口,2026-09-15 02:00,3,28.26,7.33,5,221.79,16.99,3.61,0.268,0.06,1.676,,,2026-09-15 03:29:57
湖北省,长江流域,洪下水文站,2026-09-15 02:00,2,26.4,8.86,11.81,137.4,8.45,1.36,0.006,0.037,0.936,,,2026-09-15 03:29:57
湖北省,长江流域,厉山,2026-09-15 02:00,3,26.3,7.58,5.76,527.9267,14.69,3.18,0.018,0.121,4.7963,,,2026-09-15 03:29:57
湖北省,长江流域,平林,2026-09-15 02:00,3,26.15,8.45,8.76,323.892,5.059,5.2,0.018,0.054,0.781,,,2026-09-15 03:29:57
湖北省,长江流域,涢水大桥,2026-09-15 02:00,3,26.35,8.05,9.32,411.952,15.02,4.25,0.024,0.041,0.4427,,,2026-09-15 03:29:57
湖北省,长江流域,江口村,2026-09-15 02:00,1,26.23,8.58,10.5,181.54,6.936,0.97,,0.014,0.901,,,2026-09-15 03:29:57
湖北省,长江流域,恩施大沙坝,2026-09-15 02:00,6,21.53,7.46,1.72,344.31,4.5,1.75,0.131,0.113,3.776,,,2026-09-15 03:29:57
湖北省,长江流域,雪照河,2026-09-15 02:00,1,19.71,8.2,8.08,346.71,11.716,0.39,,0.02,2.385,,,2026-09-15 03:29:57
湖北省,长江流域,周家坝,2026-09-15 02:00,2,23.52,7.82,6.96,224.08,13.104,0.71,,0.006,1.849,,,2026-09-15 03:29:57
湖北省,长江流域,百福司镇,2026-09-15 02:00,2,25.104,7.62,7.31,236.83,0.908,0.86,0.032,0.014,1.099,,,2026-09-15 03:29:57
湖北省,长江流域,长顺乡,2026-09-15 02:00,1,22.618,7.42,7.83,229.917,3.21,0.83,0.01,0.012,1.147,,,2026-09-15 03:29:57
湖北省,长江流域,黄腊石,2026-09-15 02:00,2,26.211,7.52,8.26,376.618,5.232,1.33,0.009,0.041,2.344,,,2026-09-15 03:29:57
湖北省,长江流域,乐坪桥,2026-09-15 02:00,1,22.977,7.7,8.04,234.557,2.859,0.9,0.01,0.009,0.803,,,2026-09-15 03:29:57
湖北省,长江流域,潜江大桥,2026-09-15 02:00,2,25.71,8.02,9.94,410.3135,17.03,2.42,0.002,0.021,1.009,,,2026-09-15 03:29:57
湖北省,长江流域,运粮湖同心队,2026-09-15 02:00,4,26.512,7.48,4.02,449.7,29.36,2.89,0.08,0.081,1.884,,,2026-09-15 03:29:57
湖北省,长江流域,岳口,2026-09-15 02:00,2,26.9,8.49,9.28,373.4,12.42,3.09,0.018,0.04,1.337,,,2026-09-15 03:29:57
湖北省,长江流域,拖市,2026-09-15 02:00,3,26.27,8.02,12.84,584.6,29.187,4.49,,0.065,1.1925,,,2026-09-15 03:29:57
湖北省,长江流域,阳日湾,2026-09-15 02:00,2,20.157,7.77,7.94,357.39,8.725,0.63,0.067,0.05,1.0244,,,2026-09-15 03:29:57
湖南省,长江流域,昭山,2026-09-15 02:00,2,25.8,7.23,7.11,188.7,40.4,1.78,,0.057,1.461,,,2026-09-15 03:29:57
湖南省,长江流域,捞刀河口,2026-09-15 02:00,3,26.95,7.08,5.37,223.6,22.1537,2.16,0.069,0.054,1.874,,,2026-09-15 03:29:57
湖南省,长江流域,三角洲,2026-09-15 02:00,3,27.13,7.43,8.16,194.94,9.18,2.01,0.018,0.114,2.852,,,2026-09-15 03:29:57
湖南省,长江流域,胜利,2026-09-15 02:00,2,27.04,7.44,6.43,284.45,5.39,2.75,0.039,0.062,1.443,,,2026-09-15 03:29:57
湖南省,长江流域,桔子洲,2026-09-15 02:00,2,25.8,7.65,6.81,193.4234,13.25,1.27,0.075,0.073,1.826,,,2026-09-15 03:29:57
湖南省,长江流域,湘东沿塘,2026-09-15 02:00,2,27.567,7.46,7.4,62.524,5.455,1.03,0.025,0.037,1.381,,,2026-09-15 03:29:57
湖南省,长江流域,马家河,2026-09-15 03:00,2,26.16,7.5,7.34,206.7,9.39,1.87,,0.056,1.622,,,2026-09-15 03:29:57
湖南省,长江流域,渌水入河口,2026-09-15 03:00,2,26.8888,7.37,6.8,252.3608,7.9279,1.59,0.061,0.096,1.625,,,2026-09-15 03:29:57
湖南省,长江流域,涟水入河口,2026-09-15 02:00,2,27.94,7.93,8.33,349.05,22.87,2.66,0.013,0.05,1.3295,,,2026-09-15 03:29:57
湖南省,长江流域,西阳渡口,2026-09-15 02:00,2,25.67,8.49,11.99,300.48,15.702,1.93,,0.022,1.636,,,2026-09-15 03:29:57
湖南省,长江流域,归阳镇,2026-09-15 02:00,2,26.43,7.47,7.69,166.41,8.84,1.58,0.03,0.044,1.294,,,2026-09-15 03:29:57
湖南省,长江流域,舂陵水入湘江口,2026-09-15 03:00,2,25.1851,7.88,8.1,246.5696,9.3005,1.02,0.018,0.05,1.2426,,,2026-09-15 03:29:57
湖南省,长江流域,耒水入湘江口,2026-09-15 02:00,2,25.0388,7.5,6.27,239.7405,12.8189,1.23,0.011,0.076,1.764,,,2026-09-15 03:29:57
湖南省,长江流域,熬洲,2026-09-15 02:00,2,25.51,7.39,7.49,176.1067,9.3514,1.07,0.019,0.07,1.3765,,,2026-09-15 03:29:57
湖南省,长江流域,大河滩,2026-09-15 02:00,2,20.32,7.2,7.46,186.53,1.83,0.73,0.021,0.042,1.212,,,2026-09-15 03:29:57
湖南省,长江流域,草市镇,2026-09-15 02:00,2,25.866,6.53,7.92,96.3887,17.9992,1.27,0.028,0.047,0.952,,,2026-09-15 03:29:57
湖南省,长江流域,洣水入湘江口,2026-09-15 03:00,2,25.988,7.61,7.52,102.38,16.06,1.22,0.042,0.052,1.156,,,2026-09-15 03:29:57
湖南省,长江流域,城北水厂,2026-09-15 02:00,2,24.84,7.7,7.4,211.7,16.36,1.9,0.027,0.061,1.325,,,2026-09-15 03:29:57
湖南省,长江流域,蒸水入湘江口,2026-09-15 02:00,4,27.8475,7.49,4.87,280.9895,13.0444,3.52,0.074,0.126,2.169,,,2026-09-15 03:29:57
湖南省,长江流域,塘渡口,2026-09-15 02:00,2,25.04,7.9,8.02,157.9135,2.3123,0.79,0.019,0.025,1.663,,,2026-09-15 03:29:57
湖南省,长江流域,窑市,2026-09-15 02:00,1,22.86,7.44,8.07,50.0617,4.5018,1.25,0.022,0.02,0.416,,,2026-09-15 03:29:57
湖南省,长江流域,渡头村,2026-09-15 02:00,2,26.41,7.72,6.41,207.205,6.1733,0.8,0.073,0.054,1.203,,,2026-09-15 03:29:57
湖南省,长江流域,邵水入河口,2026-09-15 02:00,2,26.68,7.54,6.52,382.41,5.172,2.3,0.342,0.092,2.525,,,2026-09-15 03:29:57
湖南省,长江流域,绥宁河口镇,2026-09-15 02:00,2,23.6399,7.54,8.31,101.891,3.9734,0.7,0.018,0.024,0.8157,,,2026-09-15 03:29:57
湖南省,长江流域,岳阳楼,2026-09-15 02:00,3,26.36,7.7,7.16,204.306,52.48973,1.43,0.009,0.036,1.2524,0.0008438,200761,2026-09-15 03:29:57
湖南省,长江流域,樟树港,2026-09-15 02:00,3,24.811,7.61,10.2,195.863,23.949,1.47,0.01,0.136,1.011,,,2026-09-15 03:29:57
湖南省,长江流域,城陵矶,2026-09-15 03:00,2,25.8,7.52,6.76,203.092,62.74894,2.24,0.001,0.041,0.9858,,,2026-09-15 03:29:57
湖南省,长江流域,荆江口,2026-09-15 02:00,2,28.15,7.78,6.85,412.8338,14.2385,0.74,0.062,0.051,2.0535,,,2026-09-15 03:29:57
湖南省,长江流域,六门闸,2026-09-15 02:00,2,26.93,8.85,9.59,429.4939,10.23,2.21,0.018,0.045,0.544,,,2026-09-15 03:29:57
湖南省,长江流域,南渡,2026-09-15 02:00,2,25.7,7.2,8.68,108.76,7.87,0.93,0.033,0.087,1.363,,,2026-09-15 03:29:57
湖南省,长江流域,八仙桥,2026-09-15 02:00,3,26.56,7.14,9.2,200.8951,14.1052,4.77,0.081,0.084,0.9652,,,2026-09-15 03:29:57
湖南省,长江流域,坡头,2026-09-15 02:00,2,27.52,8.08,8.88,203.5976,27.38603,0.95,,0.036,1.4161,0.0008186,,2026-09-15 03:29:57
湖南省,长江流域,蒋家嘴,2026-09-15 02:00,3,24.88,7.72,6.52,198.463,36.252,1.32,0.056,0.032,1.1782,0.00257,1.6364,2026-09-15 03:29:57
湖南省,长江流域,澧水三江口,2026-09-15 02:00,1,25.89171,7.83,7.77,226.3421,3.69716,0.82,0.001,0.014,1.01023,,,2026-09-15 03:29:57
湖南省,长江流域,窑坡渡,2026-09-15 02:00,2,25.61,8.03,6.96,277.3095,13.014,1.03,0.034,0.007,1.4449,,,2026-09-15 03:29:57
湖南省,长江流域,马坡湖,2026-09-15 02:00,2,27.8,8.71,11.98,390.375,25.3143,2.62,,0.051,1.525,,,2026-09-15 03:29:57
湖南省,长江流域,陈家河,2026-09-15 02:00,2,27.708,8.13,7.51,196.642,2.995,1.05,,0.032,1.009,,,2026-09-15 03:29:57
湖南省,长江流域,永定澄潭,2026-09-15 02:00,2,26.19,7.92,6.9,208.71,3.697,0.96,0.001,0.022,0.388,,,2026-09-15 03:29:57
湖南省,长江流域,藕池河中支入境,2026-09-15 02:00,2,27.612,8.12,8.16,431.88,17.077,3.24,0.005,0.036,0.852,,,2026-09-15 03:29:57
湖南省,长江流域,万家嘴,2026-09-15 02:00,2,27.32,7.72,7.64,178.5419,15.31443,0.88,0.042,0.042,1.7981,0.0021038,191092.9,2026-09-15 03:29:57
湖南省,长江流域,南嘴,2026-09-15 02:00,3,28.2,7.92,6.89,221.9803,96.70685,1.18,,0.041,1.3321,0.019625,612000.8,2026-09-15 03:29:57
湖南省,长江流域,小河嘴,2026-09-15 02:00,3,27.68,8.14,7.78,214.456,24.1026,1.43,,0.026,0.893,0.00561806,5.47344,2026-09-15 03:29:57
湖南省,长江流域,坪口,2026-09-15 02:00,2,25.22,8.86,12.62,199.7,18.845,1.96,0.014,0.027,1.509,,,2026-09-15 03:29:57
湖南省,长江流域,桃谷山,2026-09-15 02:00,2,26.23,7.91,6.47,216.758,8.1471,1.12,,0.048,1.234,,,2026-09-15 03:29:57
湖南省,长江流域,头山,2026-09-15 02:00,1,26.41,8.15,8.26,125.54,2.66,0.77,,0.002,0.5254,0.0026,5357000,2026-09-15 03:29:57
湖南省,长江流域,渡口大桥,2026-09-15 02:00,2,26.2,7.21,7.72,137.45,18.06,2.16,0.078,0.094,1.1916,,,2026-09-15 03:29:57
湖南省,长江流域,绿埠头,2026-09-15 03:00,2,24.56,7.71,7.99,182.47,3.91,0.4,0.004,0.026,1.181,,,2026-09-15 03:29:57
湖南省,长江流域,诸葛庙,2026-09-15 02:00,2,24.83,7.4,7.97,162.18,15.55,1.54,0.01,0.041,1.001,,,2026-09-15 03:29:57
湖南省,长江流域,五强溪,2026-09-15 02:00,3,28.64,7.59,5.28,189.334,2.3969,1,,0.036,1.19,,,2026-09-15 03:29:57
湖南省,长江流域,铜信溪电站,2026-09-15 02:00,1,26.46,8.37,9.4,295.4,2.65,0.8,0.033,0.014,1.343,,,2026-09-15 03:29:57
湖南省,长江流域,地阳坪公路大桥,2026-09-15 02:00,2,25.54,7.35,7.87,100.029,6.78,1.56,0.028,0.036,0.464,,,2026-09-15 03:29:57
湖南省,长江流域,托口渠水,2026-09-15 02:00,2,27.2,8.33,9.08,104,7.426,1.86,0.002,0.023,0.58,,,2026-09-15 03:29:57
湖南省,长江流域,舞水入河口,2026-09-15 02:00,2,26.2,8.05,7.71,329.7,0.724,0.82,0.005,0.051,1.329,,,2026-09-15 03:29:57
湖南省,长江流域,溪子口,2026-09-15 02:00,2,25.54,7.45,6.49,236.5,1.212,0.65,0.004,0.017,1.31,,,2026-09-15 03:29:57
湖南省,长江流域,球溪,2026-09-15 02:00,2,24.494,7.69,7.68,206.26,5.104,1.93,0.012,0.054,1.878,,,2026-09-15 03:29:57
湖南省,长江流域,街埠头,2026-09-15 02:00,3,27.68,8.03,9.97,356.975,2.3482,4.15,,0.052,1.903,,,2026-09-15 03:29:57
湖南省,长江流域,浦市上游,2026-09-15 02:00,2,27.01,7.9,7.48,168.95,6.16,0.6,0.008,0.034,0.899,,,2026-09-15 03:29:57
湖南省,长江流域,里耶镇,2026-09-15 02:00,1,24.11,8.01,7.66,226.49,4.4,0.97,0.025,0.017,1.152,,,2026-09-15 03:29:57
湖南省,长江流域,江口,2026-09-15 02:00,3,25.49,7.79,5.6,350.888,1.9877,0.56,0.006,0.01,1.899,,,2026-09-15 03:29:57
湖南省,长江流域,武水汇合口,2026-09-15 02:00,2,27.3,7.8,7.66,182.555,5.5199,1.01,,0.03,0.811,,,2026-09-15 03:29:57
广东省,珠江流域,蕉门,2026-09-15 02:00,2,28.939,7.7,6.07,8034.019,82.33,3.52,0.088,0.046,2.209,,,2026-09-15 03:29:57
广东省,珠江流域,洪奇沥,2026-09-15 02:00,2,28.018,7.64,6.09,261.368,124.441,,0.01,0.062,3.123,,,2026-09-15 03:29:57
广东省,珠江流域,莲花山,2026-09-15 02:00,4,29.374,7.29,4.56,390.936,81.058,3.97,,0.095,3.38,,,2026-09-15 03:29:57
广东省,珠江流域,流溪河山庄,2026-09-15 02:00,2,28.62,6.93,6.04,104.615,7.199,0.19,0.004,0.024,1.296,,,2026-09-15 03:29:57
广东省,珠江流域,官坦,2026-09-15 02:00,3,29.36,7.35,5.03,419.239,38.779,3.74,0.004,0.084,2.301,,,2026-09-15 03:29:57
广东省,珠江流域,大龙涌口,2026-09-15 02:00,3,28.66,7.25,5.81,211.905,17.215,1.61,0.003,0.062,2.07,,,2026-09-15 03:29:57
广东省,珠江流域,九龙潭,2026-09-15 02:00,1,28.807,6.74,8.06,70.744,47.527,0.86,0.003,0.016,0.849,,,2026-09-15 03:29:57
广东省,珠江流域,增江口,2026-09-15 02:00,2,28.704,7.09,6.37,112.708,28.683,1.48,0.007,0.049,1.672,,,2026-09-15 03:29:57
广东省,珠江流域,鸦岗,2026-09-15 02:00,4,29.8,7.18,3.88,299.8,62.83,2.97,0.128,0.12,3.029,,,2026-09-15 03:29:57
广东省,珠江流域,墩头基,2026-09-15 02:00,5,28.95,7.16,2.4,272.194,74.85139,3.45,0.094,0.1,3.55,,,2026-09-15 03:29:57
广东省,珠江流域,大墩,2026-09-15 02:00,3,30.193,6.96,5.89,123.975,53.99,1.52,0.035,0.065,1.842,,,2026-09-15 03:29:57
广东省,珠江流域,十里亭,2026-09-15 02:00,2,26.108,8.02,7.69,232.866,14.059,0.91,0.012,0.036,1.219,,,2026-09-15 03:29:57
广东省,珠江流域,长坝,2026-09-15 02:00,2,27.417,6.95,6.96,79.692,12.7,1.41,,0.038,0.916,,,2026-09-15 03:29:57
广东省,珠江流域,三溪桥,2026-09-15 02:00,2,25.43,8.1,8.28,465.48,5.72,1.08,,0.045,1.18,,,2026-09-15 03:29:57
广东省,珠江流域,高桥,2026-09-15 02:00,2,26.86659,7.43,6.67,158.1354,11.84884,0.69,0.009,0.064,1.12168,,,2026-09-15 03:29:57
广东省,珠江流域,深圳河口,2026-09-15 02:00,4,28.07546,7,4.09,8769.15,31.56202,4.31,0.509,0.161,3.06681,,,2026-09-15 03:29:57
广东省,珠江流域,小漠桥,2026-09-15 02:00,2,29.514,7.84,6.58,22172.31,7.602,1.89,,0.02,1.07,,,2026-09-15 03:29:57
广东省,珠江流域,共和村,2026-09-15 02:00,4,28.402,7.22,3.1,2646.992,17.25,4.22,0.623,0.132,6.189,,,2026-09-15 03:29:57
广东省,珠江流域,珠海大桥,2026-09-15 02:00,3,28.31,7.61,5.62,292.995,101.747,1.67,,0.063,2.441,,,2026-09-15 03:29:57
广东省,珠江流域,石角咀水闸,2026-09-15 02:00,4,29.5,7.32,4.31,503.466,87.776,2.87,,0.137,3.101,,,2026-09-15 03:29:57
广东省,珠江流域,鸡啼门大桥,2026-09-15 02:00,3,28.47,7.62,5.61,938.1,141.5,1.64,,0.083,2.601,,,2026-09-15 03:29:57
广东省,珠江流域,布洲,2026-09-15 02:00,2,27.73,7.81,6.65,248.941,77.68,2.13,0.011,0.067,2.559,,,2026-09-15 03:29:57
广东省,珠江流域,隆都,2026-09-15 02:00,2,27.975,7.01,6.49,102.687,22.214,1.8,0.003,0.048,2.136,,,2026-09-15 03:29:57
广东省,珠江流域,海门湾桥闸,2026-09-15 02:00,4,30.1,7.33,3.58,344.4,47.14,3.75,1.145,0.158,3.685,,,2026-09-15 03:29:57
广东省,珠江流域,升平,2026-09-15 02:00,2,28.173,7.12,7.76,231.641,35.013,1.75,0.026,0.05,1.62,,,2026-09-15 03:29:57
广东省,珠江流域,外砂,2026-09-15 02:00,2,28.384,7.11,7.04,104.079,30.909,1.32,0.004,0.037,1.202,,,2026-09-15 03:29:57
广东省,珠江流域,莲阳桥闸,2026-09-15 02:00,2,28.303,6.9,7.15,96.648,37.822,0.59,0.011,0.036,1.642,,,2026-09-15 03:29:57
广东省,珠江流域,大衙,2026-09-15 02:00,2,30.578,7,6.66,107.881,28.069,1.23,0.008,0.051,1.42634,,,2026-09-15 03:29:57
广东省,珠江流域,平洲,2026-09-15 02:00,3,28.377,7.46,5.38,195.784,29.824,2.08,0.107,0.071,2.213,,,2026-09-15 03:29:57
广东省,珠江流域,乌洲,2026-09-15 02:00,3,27.943,7.41,5.29,184.169,21.866,0.94,0.004,0.056,1.8,,,2026-09-15 03:29:57
广东省,珠江流域,古劳,2026-09-15 02:00,3,28.12868,7.47,5.71,235.0845,52.92871,2.19,0.11,0.067,1.98863,,,2026-09-15 03:29:57
广东省,珠江流域,苍山渡口,2026-09-15 02:00,4,29.14,7.58,4.99,5238.65,50.307,1.98,0.085,0.138,2.531,,,2026-09-15 03:29:57
广东省,珠江流域,牛湾,2026-09-15 02:00,4,29.59,6.71,3.91,208.25,25.03,3.37,0.033,0.106,2.413,,,2026-09-15 03:29:57
广东省,珠江流域,渠首,2026-09-15 02:00,3,29.45,7.47,5.3,124.95,28.54,5.5,0.053,0.028,0.792,0.01467,6472246,2026-09-15 03:29:57
广东省,珠江流域,黄坡,2026-09-15 02:00,4,28.37,6.87,3.86,144.93,33.88,3.62,0.425,0.135,2.418,,,2026-09-15 03:29:57
广东省,珠江流域,山角,2026-09-15 02:00,3,28.6,7.35,7.6,136.06,8.34,4.3,0.022,0.032,2.108,,,2026-09-15 03:29:57
广东省,珠江流域,运河管理局,2026-09-15 02:00,3,28.65,7.96,7.67,117.43,36,5.78,,0.014,0.883,,,2026-09-15 03:29:57
广东省,珠江流域,排里,2026-09-15 02:00,3,29.33,6.94,5.27,159.91,19.62,5.32,0.042,0.101,1.485,,,2026-09-15 03:29:57
广东省,珠江流域,南渡河桥,2026-09-15 02:00,5,28.58,6.38,2.28,184.53,24.8,4.59,1.389,0.078,3.906,,,2026-09-15 03:29:57
广东省,珠江流域,营仔,2026-09-15 02:00,4,29.1,6.94,3.75,179.95,17.4,5.27,0.129,0.073,1.955,,,2026-09-15 03:29:57
广东省,珠江流域,黄竹尾水闸,2026-09-15 02:00,4,29.34,6.93,4.24,143.33,30.46,3.3,0.07,0.117,2.695,,,2026-09-15 03:29:57
广东省,珠江流域,塘口,2026-09-15 02:00,4,28.73,6.85,4.44,140.91,22,2.18,0.263,0.133,2.6,,,2026-09-15 03:29:57
广东省,珠江流域,石碧,2026-09-15 02:00,4,28.383,6.17,3,246.346,99.738,6.44,0.8,0.298,3.921,,,2026-09-15 03:29:57
广东省,珠江流域,良德水库,2026-09-15 02:00,1,29.29,7.71,7.86,62.069,11.851,1.87,0.012,0.008,0.239,0.00633,5251300,2026-09-15 03:29:57
广东省,珠江流域,江口门,2026-09-15 01:00,3,29.17,6.73,5.35,128.3,19.66,2.67,0.137,0.108,2.222,,,2026-09-15 03:29:57
广东省,珠江流域,米急渡,2026-09-15 02:00,2,28.02,7,6.43,105.311,51.447,2.09,0.112,0.099,1.862,,,2026-09-15 03:29:57
广东省,珠江流域,梁村,2026-09-15 02:00,2,27.9437,7.57,7.29,169.0428,34.1259,1.23,0.025,0.064,1.798,,,2026-09-15 03:29:57
广东省,珠江流域,封开城上,2026-09-15 02:00,2,28.119,7.71,6.8,276.45,40.456,1.64,0.003,0.041,3.06,,,2026-09-15 03:29:57
广东省,珠江流域,白沙街,2026-09-15 02:00,2,28.571,8.43,9.66,205.819,7.025,1.41,0.015,0.042,1.401,,,2026-09-15 03:29:57
广东省,珠江流域,黄岗,2026-09-15 02:00,2,28.384,7.74,6.03,239.302,41.321,1.99,0.006,0.031,2.958,,,2026-09-15 03:29:57
广东省,珠江流域,永安,2026-09-15 02:00,2,28.398,7.35,6.23,251.464,41.863,1.95,0.007,0.043,2.83,,,2026-09-15 03:29:57
广东省,珠江流域,紫溪,2026-09-15 02:00,4,29.747,7,3.5,461.971,27.592,2.72,0.309,0.099,6.53,,,2026-09-15 03:29:57
广东省,珠江流域,东江江口,2026-09-15 02:00,2,28.82,7.15,7.25,94.16601,10.38785,1.19,0.009,0.03,1.728,,,2026-09-15 03:29:57
广东省,珠江流域,博罗城下,2026-09-15 02:46,2,28.449,7.12,6.48,125.656,12.773,1.93,0.044,0.06,2.149,,,2026-09-15 03:29:57
广东省,珠江流域,惠州汝湖,2026-09-15 02:00,2,28.966,7.07,7.8,97.92,9.055,1.94,,0.043,1.526,,,2026-09-15 03:29:57
广东省,珠江流域,沙河河口,2026-09-15 02:00,4,28.978,6.85,4.78,288.473,27.696,1.62,0.238,0.076,2.655,,,2026-09-15 03:29:57
广东省,珠江流域,马安大桥下,2026-09-15 02:00,3,28.919,6.61,5.43,69.824,18.053,1.86,0.175,0.056,1.495,,,2026-09-15 03:29:57
广东省,珠江流域,虎爪断桥,2026-09-15 02:00,4,29.642,7.32,3.98,3322.442,16.658,3.78,1.479,0.177,7.723,,,2026-09-15 03:29:57
广东省,珠江流域,公庄河口,2026-09-15 02:00,3,29,7.21,7.27,171.9,33.8,2.14,0.024,0.109,1.868,,,2026-09-15 03:29:57
广东省,珠江流域,青溪,2026-09-15 02:00,3,26.72596,6.9,5.06,101.1413,11.02054,0.86,0.031,0.052,1.11737,,,2026-09-15 03:29:57
广东省,珠江流域,大麻,2026-09-15 02:00,2,27.644,7,6.44,103.199,43.401,1.46,0.004,0.056,2.251,,,2026-09-15 03:29:57
广东省,珠江流域,西阳电站,2026-09-15 02:00,3,28.468,7.1,5.52,123.998,16.268,1.77,0.119,0.066,2.097,,,2026-09-15 03:29:57
广东省,珠江流域,五丰渡口,2026-09-15 02:00,2,25.88,6.75,7.14,74.2,80.03,1.56,0.084,0.047,4.0361,,,2026-09-15 03:29:57
广东省,珠江流域,新铺,2026-09-15 02:00,2,27.4,7.33,7.13,89.294,36.619,1.06,0.2,0.037,1.6012,,,2026-09-15 03:29:57
广东省,珠江流域,海丰西闸,2026-09-15 03:00,3,30.42,7.13,5.16,74.5,6.1,2.2,0.001,0.037,0.535,,,2026-09-15 03:29:57
广东省,珠江流域,陆丰半湾水闸,2026-09-15 02:00,2,29.072,7.65,9.16,57.384,14.315,1.23,0.006,0.03,0.929,,,2026-09-15 03:29:57
广东省,珠江流域,东溪水闸,2026-09-15 03:00,4,30.69,6.72,4.59,230.137,462.481,4.56,0.254,0.061,1.504,,,2026-09-15 03:29:57
广东省,珠江流域,庙咀里,2026-09-15 02:00,2,26.299,7.02,7.56,145.681,17.329,1.3,0.036,0.03,1.653,,,2026-09-15 03:29:57
广东省,珠江流域,龙川城铁路桥,2026-09-15 02:00,2,27.216,6.68,6.05,85.312,18.356,1.87,0.013,0.038,1.536,,,2026-09-15 03:29:57
广东省,珠江流域,江城,2026-09-15 02:00,3,28.91,6.85,5.64,133.788,27.484,2.76,0.214,0.118,1.581,,,2026-09-15 03:29:57
广东省,珠江流域,尖山,2026-09-15 02:00,4,28.42,6.68,3.55,209.61,47.13,4.05,0.334,0.175,2.347,,,2026-09-15 03:29:57
广东省,珠江流域,埠场,2026-09-15 02:00,3,29.01,6.86,5.24,217.192,41.475,2.39,0.184,0.119,1.412,,,2026-09-15 03:29:57
广东省,珠江流域,大泉,2026-09-15 02:00,4,27.17,6.6,3.91,883.1,43.4,4.91,0.758,0.23,2.366,,,2026-09-15 03:29:57
广东省,珠江流域,北江石尾,2026-09-15 02:00,2,27.945,7.54,7.46,171.563,8.37,0.92,,0.043,1.03,,,2026-09-15 03:29:57
广东省,珠江流域,石角,2026-09-15 02:00,2,28.076,7.82,7.78,169.3369,10.79079,1.19,0.0005,0.058,1.389,,,2026-09-15 03:29:57
广东省,珠江流域,连江西牛,2026-09-15 02:00,2,27.639,8.34,10.79,207.884,5.467,1.24,0.005,0.022,0.9,,,2026-09-15 03:29:57
广东省,珠江流域,樟村,2026-09-15 02:00,4,29.9,7.06,3.16,429.175,17.69,3.31,1.274,0.19,5.753,,,2026-09-15 03:29:57
广东省,珠江流域,沙田泗盛,2026-09-15 02:00,4,28.8,6.79,3.81,738.08,58.09,2.56,,0.08,2.331,,,2026-09-15 03:29:57
广东省,珠江流域,旗岭,2026-09-15 02:00,5,29.26,6.96,3.6,383.529,25.34,2.89,1.522,0.19,5.841,,,2026-09-15 03:29:57
广东省,珠江流域,石龙南河,2026-09-15 02:00,2,29.25,6.87,6.4,118.251,19.47,1.26,,0.059,1.661,,,2026-09-15 03:29:57
广东省,珠江流域,中山港码头,2026-09-15 02:00,2,28.57,7.6,6.41,251.51,61.041,1.47,0.14,0.074,2.906,,,2026-09-15 03:29:57
广东省,珠江流域,赤凤,2026-09-15 02:00,3,27.2,6.89,7.13,88.58,52.61,1.38,,0.125,1.538,,,2026-09-15 03:29:57
广东省,珠江流域,凤江桥,2026-09-15 02:00,2,27.89,6.92,7.2,98.014,35.799,1.81,0.058,0.084,2.284,,,2026-09-15 03:29:57
广东省,珠江流域,隆溪大道桥,2026-09-15 02:00,3,28.47,6.42,5.56,83.382,14.532,1.02,0.045,0.028,1.294,,,2026-09-15 03:29:57
广东省,珠江流域,龙石,2026-09-15 02:00,5,29.542,6.78,2.92,140.008,19.121,2.68,0.809,0.135,2.955,,,2026-09-15 03:29:57
广东省,珠江流域,龟山塔,2026-09-15 02:00,2,29.06,7.23,7.39,72.948,10.681,1.13,0.12,0.065,1.0524,,,2026-09-15 03:29:57
广东省,珠江流域,古封,2026-09-15 02:00,2,28.05,7.77,6.64,268.44,29.85,1.53,0.035,0.044,2.468,,,2026-09-15 03:29:57
广东省,珠江流域,都骑,2026-09-15 02:00,2,28.065,7.66,8.44,254.8,21.869,1.69,0.009,0.029,2.4,,,2026-09-15 03:29:57
广西壮族自治区,珠江流域,老口,2026-09-15 02:00,2,27.72197,7.85,8.57,300.5487,14.35789,0.98,,0.031,2.795244,,,2026-09-15 03:29:57
广西壮族自治区,珠江流域,叮当,2026-09-15 02:00,2,27.84,7.56,6.81,317.986,12.079,1.18,0.033,0.065,3.9687,,,2026-09-15 03:29:57
广西壮族自治区,珠江流域,六景,2026-09-15 02:00,2,27.75,7.86,6.65,306.63,17.61,1.38,0.032,0.035,2.778,,,2026-09-15 03:29:57
广西壮族自治区,珠江流域,雁江,2026-09-15 01:00,2,28.01666,7.82,6.24,359.8035,4.20235,1.1,0.008,0.02,1.70213,,,2026-09-15 03:29:57
广西壮族自治区,珠江流域,上中,2026-09-15 02:00,2,28.09,7.69,6.13,299.2203,16.35882,1.42,0.04,0.02,3.10415,,,2026-09-15 03:29:57
广西壮族自治区,珠江流域,白马,2026-09-15 02:00,2,27.04,8,7.37,393.15,5.61,1.13,0.047,0.028,2.544,,,2026-09-15 03:29:57
广西壮族自治区,珠江流域,露塘,2026-09-15 02:00,1,27.95,8.01,8.33,208.9571,1.61432,0.67,0.002,0.007,1.21909,,,2026-09-15 03:29:57
广西壮族自治区,珠江流域,渔村,2026-09-15 02:00,1,29.021,8.21,8.08,212.841,3.772,1.17,0.016,0.016,1.395,,,2026-09-15 03:29:57
广西壮族自治区,珠江流域,木洞,2026-09-15 02:00,1,28.61,7.65,7.63,90.944,0.182,0.25,0.032,0.004,0.587,,,2026-09-15 03:29:57
广西壮族自治区,珠江流域,龙溪,2026-09-15 02:00,1,27.137,8.13,8.72,170.306,2.516,1.03,0.004,0.02,1.577,,,2026-09-15 03:29:57
广西壮族自治区,珠江流域,阳朔,2026-09-15 02:00,2,27.22,8.29,7.99,221.89,2.42,0.93,0.021,0.034,1.5856,,,2026-09-15 03:29:57
广西壮族自治区,珠江流域,交州,2026-09-15 02:00,1,25.822,7.41,7.9,65.946,1.518,0.39,0.006,0.009,0.441,,,2026-09-15 03:29:57
广西壮族自治区,珠江流域,京南,2026-09-15 02:00,2,28.29205,7.7,7.41,157.4474,2.28249,1.5,0.013,0.051,1.361,,,2026-09-15 03:29:57
广西壮族自治区,珠江流域,亚桥,2026-09-15 02:00,2,26.95,7.16,8.26,231.983,41.843,1.18,0.015,0.087,2.513,,,2026-09-15 03:29:57
广西壮族自治区,珠江流域,东边埇,2026-09-15 02:00,2,26.85,6.65,6.47,72.1693,22.4224,2.01,0.045,0.078,1.53,,,2026-09-15 03:29:57
广西壮族自治区,珠江流域,南域,2026-09-15 02:00,3,28.75,7,5.97,314.2793,20.57357,3.64,0.025,0.078,3.03284,,,2026-09-15 03:29:57
广西壮族自治区,珠江流域,西门江,2026-09-15 02:00,3,28.25,6.92,5.68,239.438,28.37,2.69,0.155,0.131,3.2582,,,2026-09-15 03:29:57
广西壮族自治区,珠江流域,高速公路桥,2026-09-15 02:00,2,27.21,7.48,6.78,159.4,13,3.61,0.142,0.092,1.8432,,,2026-09-15 03:29:57
广西壮族自治区,珠江流域,三滩,2026-09-15 02:00,2,27.35,6.8,7.16,2803.94,5.84,1.77,0.259,0.055,1.001,,,2026-09-15 03:29:57
广西壮族自治区,珠江流域,边贸码头,2026-09-15 02:00,2,27.75,6.88,6.75,71.86,6.75,1.49,0.496,0.084,1.699,,,2026-09-15 03:29:57
广西壮族自治区,珠江流域,高塘,2026-09-15 02:00,2,27.9,6.54,6.7,65.33,14.65,1.97,0.027,0.055,1.878,,,2026-09-15 03:29:57
广西壮族自治区,珠江流域,茅岭大桥,2026-09-15 02:00,2,28.23,7.23,7.22,1139.25,12.25,2.11,0.01,0.044,1.013,,,2026-09-15 03:29:57
广西壮族自治区,珠江流域,钦江东,2026-09-15 02:00,2,27.24478,7.66,7.39,233.4966,75.52514,2.39,0.075,0.041,2.46989,,,2026-09-15 03:29:57
广西壮族自治区,珠江流域,高速公路西桥,2026-09-15 02:00,4,28.04,7.25,4.98,1698.78,130.21,4.68,0.333,0.144,3.94,,,2026-09-15 03:29:57
广西壮族自治区,珠江流域,武林渡口,2026-09-15 02:00,2,27.938,7.9,6.72,302.352,23.134,1.42,0.043,0.042,3.02,,,2026-09-15 03:29:57
广西壮族自治区,珠江流域,火电厂,2026-09-15 02:00,2,28.074,7.71,6.75,294.162,30.987,1.41,0.002,0.045,3.015,,,2026-09-15 03:29:57
广西壮族自治区,珠江流域,自良渡口,2026-09-15 02:00,3,28.15,7.06,5.95,121.4264,22.30015,1.4,0.017,0.062,1.92181,,,2026-09-15 03:29:57
广西壮族自治区,珠江流域,横塘,2026-09-15 02:00,3,27.79,7.31,7.02,418.5424,9.94426,2.12,0.008,0.129,2.9769,,,2026-09-15 03:29:57
广西壮族自治区,珠江流域,隘屯,2026-09-15 02:00,1,23.1049,8.02,10.11,356.951,4.832257,0.2,0.01,0.018,1.739307,,,2026-09-15 03:29:57
广西壮族自治区,珠江流域,公篓,2026-09-15 02:00,2,26.39,8.15,8.1,289.81,9.33,1.22,0.036,0.021,1.261,,,2026-09-15 03:29:57
广西壮族自治区,珠江流域,桂花,2026-09-15 02:00,2,25.95,7.86,8.44,190.6869,4.83513,1.27,0.005,0.041,1.40048,,,2026-09-15 03:29:57
广西壮族自治区,珠江流域,贺街,2026-09-15 02:00,2,26.73,7.85,7.32,205.71,14.359,0.64,0.04,0.038,1.432,,,2026-09-15 03:29:57
广西壮族自治区,珠江流域,杨民,2026-09-15 02:00,2,27.635,7.8,7,353.946,1.3,1.07,0.016,0.014,2.103,,,2026-09-15 03:29:57
广西壮族自治区,珠江流域,岩滩水库,2026-09-15 02:00,2,27.582,8.3,10.58,309.501,11.003,2.04,0.006,0.021,1.998,0.009251,3278565,2026-09-15 03:29:57
广西壮族自治区,珠江流域,车渡,2026-09-15 02:00,2,26.505,7.85,6.99,374.193,8.669,0.81,0.011,0.017,2.668,,,2026-09-15 03:29:57
广西壮族自治区,珠江流域,垒亭,2026-09-15 02:00,2,26.03588,7.75,6.69,373.3296,5.67396,0.8,0.02,0.016,2.03018,,,2026-09-15 03:29:57
广西壮族自治区,珠江流域,象州运江老街,2026-09-15 02:00,2,27.877,7.96,7.45,214.438,8.816,0.88,0.004,0.014,1.478,,,2026-09-15 03:29:57
广西壮族自治区,珠江流域,勒马,2026-09-15 02:00,2,27.569,7.9,7.18,322.62,3.356,0.88,0.002,0.021,2.52,,,2026-09-15 03:29:57
广西壮族自治区,珠江流域,上金,2026-09-15 02:00,3,27.87,6.78,5.82,142.856,70.2744,1.76,,0.026,2.1063,,,2026-09-15 03:29:57
广西壮族自治区,珠江流域,渠立,2026-09-15 02:00,1,27.02,7.78,8.46,262.447,31.069,0.88,,0.016,2.335,,,2026-09-15 03:29:57
广西壮族自治区,珠江流域,棉江,2026-09-15 02:00,2,27.85,7.74,6.65,208.867,31.242,1.18,0.047,0.022,1.9403,,,2026-09-15 03:29:57
海南省,珠江流域,龙塘,2026-09-15 02:00,6,24,7.93,7.73,,29,6.71,0.403,0.537,,,,2026-09-15 03:29:57
海南省,珠江流域,儒房,2026-09-15 02:00,3,28,7.2,5.96,523.16,130.3,4.41,0.115,0.118,1.574,,,2026-09-15 03:29:57
海南省,珠江流域,后黎村,2026-09-15 02:00,3,27.2,6.92,6.97,76.4,132,4.83,0.067,0.177,1.56,,,2026-09-15 03:29:57
海南省,珠江流域,崖城大桥,2026-09-15 02:00,2,27.1,6.97,8.37,92.39,158.8,3.45,0.035,0.064,3.823,,,2026-09-15 03:29:57
海南省,珠江流域,藤桥河大桥,2026-09-15 02:00,4,26.34,6.09,8.35,57.84,868.92,8.12,,0.247,,,,2026-09-15 03:29:57
海南省,珠江流域,松涛水库南丰库心,2026-09-15 02:00,3,28.89386,7.31,5.61,76.40299,0.7987652,0.63,0.006,0.007,0.3160952,0.01676482,3255436,2026-09-15 03:29:57
海南省,珠江流域,上村桥,2026-09-15 02:00,3,27.2,7.01,7.72,101.9,160.7,5.55,0.023,0.134,1.809,,,2026-09-15 03:29:57
海南省,珠江流域,中和桥,2026-09-15 02:00,4,26.4,6.82,6.32,85,269.9,6.34,0.109,0.265,0.832,,,2026-09-15 03:29:57
海南省,珠江流域,羊头外村桥,2026-09-15 02:00,6,26.88,5.88,4.97,47.45,98.82,5.88,0.045,0.174,2.047,,,2026-09-15 03:29:57
海南省,珠江流域,农垦橡胶所一队,2026-09-15 02:00,2,27.2,6.64,8.13,68,12.2,1.53,0.032,0.027,1.948,,,2026-09-15 03:29:57
海南省,珠江流域,水涯新区,2026-09-15 02:00,4,27.4,6.57,4.92,121.8,21.5,3.68,0.179,0.076,2.276,,,2026-09-15 03:29:57
海南省,珠江流域,分洪桥,2026-09-15 02:00,3,26.59,6.16,7.72,58.05,129.45,4.67,0.044,0.119,1.161,,,2026-09-15 03:29:57
海南省,珠江流域,后山村,2026-09-15 02:00,5,26.72,6.61,2.82,92.8826,61.3114,5.57,0.048,0.233,3.826,,,2026-09-15 03:29:57
海南省,珠江流域,大广坝水库出口,2026-09-15 02:00,4,26.031,7.17,7.05,66.594,149.89,2.14,0.088,0.059,1.261,0.00797,9129470,2026-09-15 03:29:57
海南省,珠江流域,罗带铁路桥,2026-09-15 02:00,6,27,6.9,7.63,252.1,328.9,7.44,0.008,0.518,3.117,,,2026-09-15 03:29:57
海南省,珠江流域,山口,2026-09-15 02:00,3,27.3,6.88,7.76,78.62,75.68,4.71,0.075,0.093,1.587,,,2026-09-15 03:29:57
海南省,珠江流域,白仞滩电站,2026-09-15 02:00,5,26.7,6.93,7.33,103.1,238.5,7.57,0.102,0.361,1.761,,,2026-09-15 03:29:57
海南省,珠江流域,大风,2026-09-15 02:00,5,26.77348,6.46,7.62,86.48891,479.2061,7,0.006,0.338,0.9177659,,,2026-09-15 03:29:57
海南省,珠江流域,叉河口,2026-09-15 02:00,2,26.5,7.03,8.02,93.8,73.8,2.32,0.012,0.061,1.969,,,2026-09-15 03:29:57
海南省,珠江流域,跨界桥,2026-09-15 02:00,5,24.4,6.64,8.09,44.2,4950.7,13.08,,0.309,19.041,,,2026-09-15 03:29:57
海南省,珠江流域,大溪村,2026-09-15 02:00,4,25.3,6.63,8.5,54.2,421.9,6.56,,0.227,1.317,,,2026-09-15 03:29:57
重庆市,长江流域,晒网坝,2026-09-15 02:00,2,26.59,8.03,6.99,408.6015,12.0434,1.45,,0.043,1.685,,,2026-09-15 03:29:57
重庆市,长江流域,向家,2026-09-15 02:00,2,26.72,8.35,8.33,232.55,17.702,3.6,0.014,0.031,0.954,,,2026-09-15 03:29:57
重庆市,长江流域,磨刀溪长滩,2026-09-15 02:00,3,24.05,7.64,5.64,179.875,16.916,2.78,0.012,0.03,0.748,,,2026-09-15 03:29:57
重庆市,长江流域,清溪场,2026-09-15 02:00,2,24.89,7.99,7.25,394.6596,14.2501,1.27,0.001,0.041,1.225,,,2026-09-15 03:29:57
重庆市,长江流域,木瓜洞,2026-09-15 02:00,4,26.4,7.39,4.45,341.9706,20.9517,4.5,0.023,0.108,1.558,,,2026-09-15 03:29:57
重庆市,长江流域,寸滩,2026-09-15 02:00,2,24.94,7.99,7.62,442.314,48.183,1.86,0.046,0.09,1.909,,,2026-09-15 03:29:57
重庆市,长江流域,和尚山,2026-09-15 03:00,2,25.38,7.94,6.52,406.55,45.51,1.68,0.205,0.076,1.703,,,2026-09-15 03:29:57
重庆市,长江流域,北温泉,2026-09-15 03:00,2,27.0359,7.91,7.04,340.45,19.4895,2.05,,0.012,1.792,,,2026-09-15 03:29:57
重庆市,长江流域,寨溪大桥,2026-09-15 02:00,2,26,7.86,7.15,982.5611,14.6185,2.65,0.024,0.042,1.785,,,2026-09-15 03:29:57
重庆市,长江流域,石门坎,2026-09-15 02:00,1,24.53,8.1,7.78,504.47,2.07,0.65,0.004,0.006,1.352,,,2026-09-15 03:29:57
重庆市,长江流域,玉滩水库,2026-09-15 02:00,3,27.19,7.51,5.27,417.162,14.05592,4.43,0.051,0.009,0.81834,0.04211605,1.556238,2026-09-15 03:29:57
重庆市,长江流域,御临镇,2026-09-15 02:00,4,28.89,7.52,3.77,410.497,16.313,2.77,,0.038,1.549,,,2026-09-15 03:29:57
重庆市,长江流域,黎家乡崔家岩村,2026-09-15 02:00,5,26.62,7.23,2.17,354.91,19.47,4.25,0.194,0.061,1.089,,,2026-09-15 03:29:57
重庆市,长江流域,运输桥,2026-09-15 02:00,5,26.37,7.32,2.15,341.4618,5.7739,4.77,0.054,0.113,0.689,,,2026-09-15 03:29:57
重庆市,长江流域,六剑滩,2026-09-15 02:00,4,27.63,7.37,3.77,318.1,17.91,4.88,0.035,0.148,1.344,,,2026-09-15 03:29:57
重庆市,长江流域,支坪街道,2026-09-15 02:00,2,26.76,8.17,6.81,507.9771,31.6513,1.98,,0.046,1.83,,,2026-09-15 03:29:57
重庆市,长江流域,江津大桥,2026-09-15 02:00,2,24.02,8.02,7.62,420.03,60.8,1.93,0.002,0.085,2.013,,,2026-09-15 03:29:57
重庆市,长江流域,朱杨溪,2026-09-15 02:00,3,27.84,7.69,6.71,673.3,19.28,4.02,0.029,0.157,4.43,,,2026-09-15 03:29:57
重庆市,长江流域,北渡,2026-09-15 02:00,2,27.14,7.88,7,617.1176,19.715,1.62,0.108,0.062,1.962,,,2026-09-15 03:29:57
重庆市,长江流域,白杨溪,2026-09-15 02:00,2,27,7.68,7.13,126.138,5.938,2.85,,0.02,1.052,,,2026-09-15 03:29:57
重庆市,长江流域,太和,2026-09-15 02:00,2,27.32,7.85,6.46,368.9,13.3,2.07,0.029,0.031,1.963,,,2026-09-15 03:29:57
重庆市,长江流域,官渡,2026-09-15 02:00,4,29.85,7.67,4.94,315.5933,10.47,3.43,,0.059,1.989,,,2026-09-15 03:29:57
重庆市,长江流域,临渡,2026-09-15 02:00,3,28.4,7.61,5.28,432.9,19.39,2.31,0.004,0.042,1.901,,,2026-09-15 03:29:57
重庆市,长江流域,渠江码头,2026-09-15 03:00,4,29.03,7.34,3.69,279.386,10.388,2.8,0.007,0.055,1.616,,,2026-09-15 03:29:57
重庆市,长江流域,朱沱,2026-09-15 02:00,2,23.88,8.06,7.26,433.4,33.97,1.62,0.013,0.083,2.01,,,2026-09-15 03:29:57
重庆市,长江流域,四明水厂,2026-09-15 02:00,4,26.62,8.08,7.19,391.6,5.2,6.03,0.012,0.076,1.016,,,2026-09-15 03:29:57
重庆市,长江流域,金狮桥,2026-09-15 02:00,1,21.22,8.25,8.67,216.009,5.343,1.27,,0.007,0.846,,,2026-09-15 03:29:57
重庆市,长江流域,璧南河两河口,2026-09-15 02:00,3,26.43,7.6,5.96,670.656,12.057,4.67,0.046,0.115,1.287,,,2026-09-15 03:29:57
重庆市,长江流域,中和,2026-09-15 02:00,6,27.63,7.27,0.84,543.8,6.02,4.93,0.462,0.164,0.918,,,2026-09-15 03:29:57
重庆市,长江流域,玉溪,2026-09-15 02:00,2,24.56,7.76,7.55,447.0195,21.9928,2.19,0.051,0.046,1.872,,,2026-09-15 03:29:57
重庆市,长江流域,高洞电站,2026-09-15 02:00,5,28.165,7.42,2.04,718.504,5.531,4.89,0.34,0.078,2.311,,,2026-09-15 03:29:57
重庆市,长江流域,巫山乡,2026-09-15 02:00,2,23.47,7.7,8.13,258.973,12.773,3.58,0.007,0.1,1.472,,,2026-09-15 03:29:57
重庆市,长江流域,上河坝,2026-09-15 03:00,3,25.42,7.63,5.8,477.49,6.67,4.33,0.149,0.108,0.665,,,2026-09-15 03:29:57
重庆市,长江流域,芙蓉洞码头,2026-09-15 02:00,1,27.56,8.46,10.22,265.23,13.86,0.77,,0.011,1.247,,,2026-09-15 03:29:57
重庆市,长江流域,鸭江镇,2026-09-15 02:00,2,26.72,7.88,7.94,494.922,4.232,2.06,,0.056,2.582,,,2026-09-15 03:29:57
重庆市,长江流域,江口镇,2026-09-15 02:00,2,26.192,7.94,6.5,323.442,0.775,0.68,,0.011,1.468,,,2026-09-15 03:29:57
重庆市,长江流域,土堡寨,2026-09-15 02:00,1,17.99,8.26,9.46,503.907,2.398,0.28,,0.004,0.502,,,2026-09-15 03:29:57
重庆市,长江流域,水寨子,2026-09-15 02:00,1,22.52,8.19,7.89,255.003,3.483,1.33,,0.014,0.508,,,2026-09-15 03:29:57
重庆市,长江流域,湖海场,2026-09-15 02:00,2,25.16,7.82,7.34,284.513,13.094,2.96,0.061,0.096,1.621,,,2026-09-15 03:29:57
重庆市,长江流域,卫星桥,2026-09-15 02:00,3,25.99,7.69,5.22,381.612,14.4215,2.95,0.051,0.058,0.437,,,2026-09-15 03:29:57
重庆市,长江流域,高洞梁,2026-09-15 02:00,3,25.54,7.81,5.64,517.312,25.349,2.77,0.016,0.039,0.216,,,2026-09-15 03:29:57
重庆市,长江流域,苏家,2026-09-15 02:00,2,24.94,7.97,7.16,407.8234,20.6524,1.47,,0.036,1.514,,,2026-09-15 03:29:57
重庆市,长江流域,清水湖渡口,2026-09-15 02:00,1,24.64,8.92,15.42,202.862,5.2965,,0.005,0.02,1.3169,,,2026-09-15 03:29:57
重庆市,长江流域,小江河口,2026-09-15 02:00,3,26.5,7.81,5.02,369.15,3.5,2.74,0.008,0.036,1.698,,,2026-09-15 03:29:57
重庆市,长江流域,汤溪河江口,2026-09-15 02:00,1,20.75,8.02,8.33,313.943,10.114,0.26,,0.007,0.814,,,2026-09-15 03:29:57
重庆市,长江流域,罗汉大桥,2026-09-15 02:00,2,25.1,8.24,8.47,349.8,11.24,0.86,0.018,0.028,0.76,,,2026-09-15 03:29:57
重庆市,长江流域,白帝城,2026-09-15 02:00,2,26.24,7.86,6.49,363.099,28.44,1.11,0.004,0.044,1.615,,,2026-09-15 03:29:57
重庆市,长江流域,培石,2026-09-15 02:00,2,26.2594,7.75,6.95,398.6262,11.7501,1.24,0.082,0.058,1.9617,,,2026-09-15 03:29:57
重庆市,长江流域,花台,2026-09-15 02:00,1,21.11,8.09,7.55,422.7838,9.4721,0.54,,0.012,0.844,,,2026-09-15 03:29:57
重庆市,长江流域,化杠,2026-09-15 02:00,2,17.51,7.81,8.46,176.82,9.67,2.09,,0.054,2.1242,,,2026-09-15 03:29:57
重庆市,长江流域,万木,2026-09-15 02:00,2,23.93,7.77,6.1,428.2,1.5,0.85,0.001,0.034,3.46,,,2026-09-15 03:29:57
重庆市,长江流域,红花村,2026-09-15 02:00,3,23.608,7.71,5.04,231.913,2.685,0.85,,0.01,1.688,,,2026-09-15 03:29:57
重庆市,长江流域,南洞沟,2026-09-15 02:00,2,24.45,8.16,6.24,325.177,11.572,0.56,,0.015,0.408,,,2026-09-15 03:29:57
重庆市,长江流域,郁江桥,2026-09-15 02:00,2,24.18,7.83,7.21,283.381,13.201,1.21,,0.022,1.216,,,2026-09-15 03:29:57
四川省,长江流域,二江寺,2026-09-15 02:00,3,21.61,7.82,6.08,504.2,20.3,2.51,0.249,0.117,2.993,,,2026-09-15 03:29:57
四川省,长江流域,岳店子下,2026-09-15 02:00,3,22.19021,7.88,6.34,451.7354,4.817,2.26,0.084,0.163,4.47411,,,2026-09-15 03:29:57
四川省,长江流域,三邑大桥,2026-09-15 01:00,2,21.66,7.86,6.94,286.75,27.19,1.28,0.002,0.038,1.6815,,,2026-09-15 03:29:57
四川省,长江流域,宏缘,2026-09-15 02:00,3,21.88,7.93,8.13,442.06,14.73,1.71,0.104,0.114,3.203,,,2026-09-15 03:29:57
四川省,长江流域,李家湾,2026-09-15 02:00,3,24.38,7.55,7.45,356.8,60.6,3.61,0.002,0.158,3.603,,,2026-09-15 03:29:57
四川省,长江流域,廖家堰,2026-09-15 02:00,3,25.913,7.87,7.38,1008.36,33.715,4.12,0.169,0.164,2.326,,,2026-09-15 03:29:57
四川省,长江流域,脚仙村,2026-09-15 02:00,3,23.41,7.52,8,360.2,58.2,3.4,0.19,0.176,4.023,,,2026-09-15 03:29:57
四川省,长江流域,龙洞,2026-09-15 02:00,1,21.27,8.25,8.03,686,9.641,1.14,0.01,0.01,0.62718,,,2026-09-15 03:29:57
四川省,长江流域,倮果,2026-09-15 02:00,1,22.44,8.25,7.77,690.3538,14.3382,1.07,0.007,0.014,0.69703,,,2026-09-15 03:29:57
四川省,长江流域,雅砻江口,2026-09-15 02:00,1,19.385,7.59,8.82,261.2341,7.9091,1.3,0.009,0.012,0.67817,,,2026-09-15 03:29:57
四川省,长江流域,柏枝,2026-09-15 02:00,1,19.67,8.09,7.97,190.5143,7.99777,1.05,0.004,0.008,0.47385,,,2026-09-15 03:29:57
四川省,长江流域,湾凼,2026-09-15 02:00,3,25.04875,7.59,5.13,691.1205,8.199739,3.93,0.003,0.033,0.319279,,,2026-09-15 03:29:57
四川省,长江流域,手爬岩,2026-09-15 02:00,2,23.68,7.9,7.43,449.588,35.1733,1.41,,0.059,1.7648,,,2026-09-15 03:29:57
四川省,长江流域,沱江大桥,2026-09-15 02:00,3,26.22,7.87,7.44,457.3927,70.06808,1.87,0.019,0.161,2.776442,,,2026-09-15 03:29:57
四川省,长江流域,醒觉溪,2026-09-15 02:00,2,26.35,8.43,8.33,401.8,22.8,2.38,0.029,0.042,3.163,,,2026-09-15 03:29:57
四川省,长江流域,胡市大桥,2026-09-15 02:00,5,29.03,7.35,2.19,426.5899,9.7013,5.31,0.145,0.153,1.0214,,,2026-09-15 03:29:57
四川省,长江流域,大磨子,2026-09-15 02:00,3,25.182,7.47,7.82,409.507,58.735,2.5,0.111,0.124,2.817,,,2026-09-15 03:29:57
四川省,长江流域,泸天化大桥,2026-09-15 02:00,2,27.07,8,7.8,422.721,16.8247,1.4,,0.034,2.7592,,,2026-09-15 03:29:57
四川省,长江流域,纳溪大渡口,2026-09-15 02:00,2,23.62,7.81,7.44,398.03,19.23,1.67,,0.068,1.6788,,,2026-09-15 03:29:57
四川省,长江流域,两汇水,2026-09-15 02:00,2,24.18457,7.87,7.88,154.4299,10.7134,1.68,0.008,0.039,1.018,,,2026-09-15 03:29:57
四川省,长江流域,太平渡,2026-09-15 03:00,2,25.0814,8.35,7.76,529.3418,17.42245,1.26,0.025,0.041,3.889,,,2026-09-15 03:29:57
四川省,长江流域,八角,2026-09-15 02:00,3,22.03,7.84,5.84,540.2,15.33,1.33,0.312,0.138,2.73,,,2026-09-15 03:29:57
四川省,长江流域,象山,2026-09-15 02:00,5,24.47,7.32,2.74,470.01,13.7,4.33,0.222,0.163,1.567,,,2026-09-15 03:29:57
四川省,长江流域,双江桥,2026-09-15 02:00,3,21.47,8.2,8.07,559.42,44.77,1.84,0.017,0.145,2.811,,,2026-09-15 03:29:57
四川省,长江流域,三川,2026-09-15 02:00,4,21.28,7.94,7.94,570.8,33.79,1.32,0.012,0.249,3.529,,,2026-09-15 03:29:57
四川省,长江流域,西平镇,2026-09-15 02:00,3,21.64,8.12,7.84,519.6,37.46,2.5,0.011,0.151,4.425,,,2026-09-15 03:29:57
四川省,长江流域,平武水文站,2026-09-15 02:00,1,14.51,8.38,9.14,224.7695,37.21576,0.5,0.009,0.01,0.78721,,,2026-09-15 03:29:57
四川省,长江流域,丰谷,2026-09-15 02:00,2,20.95178,7.82,8.11,284.4215,18.52305,0.99,0.043,0.039,0.18953,,,2026-09-15 03:29:57
四川省,长江流域,鲁班岛,2026-09-15 02:00,2,23.50437,8.4,6.92,254.4978,7.06746,1.44,0.01,0.013,0.24128,0.00418,1.113508,2026-09-15 03:29:57
四川省,长江流域,北川通口,2026-09-15 02:00,1,17.69123,8.27,9.37,233.1207,69.58092,0.91,0.003,0.007,1.08429,,,2026-09-15 03:29:57
四川省,长江流域,八庙沟,2026-09-15 02:00,1,21.03,8.27,8.29,319.4469,45.30958,1.83,0.007,0.02,2.41323,,,2026-09-15 03:29:57
四川省,长江流域,姚渡,2026-09-15 02:00,1,18.63272,8.23,8.74,334.56,36.78215,1.74,0.009,0.003,1.67,,,2026-09-15 03:29:57
四川省,长江流域,苴国村,2026-09-15 02:00,1,23.48,8,7.57,293.5916,5.15081,1.32,0.005,0.01,1.12083,,,2026-09-15 03:29:57
四川省,长江流域,上石盘,2026-09-15 02:00,1,22.78,8.22,8.03,348.8964,13.924,1.27,0.01,0.017,1.38417,,,2026-09-15 03:29:57
四川省,长江流域,清泉乡,2026-09-15 02:00,3,25.4,7.61,5.47,283.2,7.7003,1.64,0.028,0.028,0.865,,,2026-09-15 03:29:57
四川省,长江流域,大安,2026-09-15 02:00,6,26.21,7.47,0.97,560.926,6.2,4.79,0.542,0.283,1.2363,,,2026-09-15 03:29:57
四川省,长江流域,百顷,2026-09-15 02:00,2,22,7.9,7.95,362.96,11.66,1.31,0.065,0.063,2.413,,,2026-09-15 03:29:57
四川省,长江流域,梓江大桥,2026-09-15 02:00,3,24.46,7.75,5.52,375.6,12.7,3.19,0.067,0.038,1.4,,,2026-09-15 03:29:57
四川省,长江流域,大埂,2026-09-15 02:00,5,26.75,7.46,2.48,469.4,3.26,4.55,0.143,0.064,0.679106,,,2026-09-15 03:29:57
四川省,长江流域,球溪河口,2026-09-15 03:00,3,24.61,7.65,6.76,529,25.5,5.59,0.229,0.184,4.789,,,2026-09-15 03:29:57
四川省,长江流域,李码头,2026-09-15 02:00,2,19.69994,7.99,7.96,253.2554,114.6916,1.12,0.003,0.041,1.84218,,,2026-09-15 03:29:57
四川省,长江流域,马边河河口,2026-09-15 02:00,2,21.0584,7.64,7.95,258.2055,7.03882,1.04,0.01,0.047,2.09013,,,2026-09-15 03:29:57
四川省,长江流域,悦来渡口,2026-09-15 02:00,3,22.968,7.66,6.5,375.016,14.662,2.54,0.248,0.154,4.624,,,2026-09-15 03:29:57
四川省,长江流域,金溪电站,2026-09-15 02:00,4,25.89,7.56,4.54,317.565,15.5864,2.1,0.01,0.041,1.666,,,2026-09-15 03:29:57
四川省,长江流域,升钟水库铁炉寺,2026-09-15 02:00,3,25.07,7.83,5.25,347.89,4.01,4.36,,0.019,3.291,,,2026-09-15 03:29:57
四川省,长江流域,沙溪,2026-09-15 02:00,2,23.62,7.65,6.25,279.7,8.06,2.53,0.01,0.016,1.395,,,2026-09-15 03:29:57
四川省,长江流域,黄龙溪,2026-09-15 02:00,3,21.612,7.78,6.73,504.95,12.198,2.76,0.03,0.12,3.522,,,2026-09-15 03:29:57
四川省,长江流域,彭山岷江大桥,2026-09-15 02:00,2,22.46,7.86,7.77,455.5862,12.01357,1.64,0.005,0.094,3.07629,,,2026-09-15 03:29:57
四川省,长江流域,龟都府,2026-09-15 02:00,2,17.83,8.06,9.26,213.0894,26.93599,1.33,0.013,0.055,1.18298,,,2026-09-15 03:29:57
四川省,长江流域,越溪河两河口,2026-09-15 02:00,3,20.68,7.58,7.42,491.7,20.4,4.45,0.085,0.079,2.639,,,2026-09-15 03:29:57
四川省,长江流域,月波,2026-09-15 02:00,2,21.15,7.24,8.68,312.7,22,1.7,0.164,0.084,2.622,,,2026-09-15 03:29:57
四川省,长江流域,凉姜沟,2026-09-15 02:00,2,21.99,7.82,8.23,298.0206,13.58133,2.22,0.083,0.07,3.685393,,,2026-09-15 03:29:57
四川省,长江流域,挂弓山,2026-09-15 02:00,2,28.77571,7.82,6.56,,22.51794,,,,,,,2026-09-15 03:29:57
四川省,长江流域,蔡家渡口,2026-09-15 02:00,3,25.29167,7.53,5.51,398.7433,13.24863,2.13,0.001,0.054,2.93247,,,2026-09-15 03:29:57
四川省,长江流域,三块石,2026-09-15 03:00,1,23.46,7.94,8.15,492.16,8.06,0.9,,0.016,1.047,,,2026-09-15 03:29:57
四川省,长江流域,洛亥,2026-09-15 02:00,2,19.74,8.14,8.24,313.9165,3.788211,0.79,0.011,0.058,3.56,,,2026-09-15 03:29:57
四川省,长江流域,溪口镇平桥村,2026-09-15 03:00,3,23.38,7.35,5.31,402.7,13.21,4.17,0.003,0.072,0.731,,,2026-09-15 03:29:57
四川省,长江流域,摇金,2026-09-15 02:00,4,25.5,7.58,3.72,417.08,26.39,3.65,0.134,0.162,0.567,,,2026-09-15 03:29:57
四川省,长江流域,金子,2026-09-15 02:00,2,27.1,7.89,6.31,309.14,12.9,1.78,0.055,0.032,1.3573,,,2026-09-15 03:29:57
四川省,长江流域,烈面,2026-09-15 03:00,3,27.3,7.44,5.72,273.4,12.5,1.66,0.048,0.037,1.521,,,2026-09-15 03:29:57
四川省,长江流域,幺滩,2026-09-15 02:00,2,26.84,7.92,7.04,545.24,16.19,2.38,0.068,0.077,1.572,,,2026-09-15 03:29:57
四川省,长江流域,团堡岭,2026-09-15 02:00,3,27.73,7.96,5.1,266.59,21.48,2.45,0.014,0.045,1.278,,,2026-09-15 03:29:57
四川省,长江流域,江陵,2026-09-15 02:00,3,25.92,7.84,5.49,242.15,10.33,2.96,0.024,0.041,1.09,,,2026-09-15 03:29:57
四川省,长江流域,大蹬沟,2026-09-15 02:00,4,27.47,7.89,4.94,236.7,22.3,2.52,0.016,0.037,1.2,,,2026-09-15 03:29:57
四川省,长江流域,白兔乡,2026-09-15 02:00,5,26.3,7.52,2.57,380.6,6.02,4.52,0.263,0.111,0.886,,,2026-09-15 03:29:57
四川省,长江流域,联盟桥,2026-09-15 02:00,3,23.46,7.45,5.53,375.12,11.17,3.88,0.055,0.09,1.5682,,,2026-09-15 03:29:57
四川省,长江流域,舵石盘,2026-09-15 02:00,4,26.2,7.71,3.56,330.6,18.8,2.75,0.056,0.042,1.617,,,2026-09-15 03:29:57
四川省,长江流域,车家河,2026-09-15 02:00,3,26.95,7.75,5.45,289.8,18.04,1.95,0.043,0.031,1.187,,,2026-09-15 03:29:57
四川省,长江流域,三谷庄,2026-09-15 02:00,1,20.45,8.17,7.6,220.1899,7.52475,1.09,0.006,0.01,0.62865,,,2026-09-15 03:29:57
四川省,长江流域,大岗山,2026-09-15 02:00,1,17.43,7.93,7.99,214.5993,12.5,0.87,0.009,0.013,0.6084,,,2026-09-15 03:29:57
四川省,长江流域,手傍岩,2026-09-15 02:00,2,24.19,7.93,6.8,324.4,12.8,1.95,,0.036,1.032,,,2026-09-15 03:29:57
四川省,长江流域,幸福村,2026-09-15 02:00,3,22.09,7.85,8.58,342.7,31.9,3.96,0.22,0.184,3.41,,,2026-09-15 03:29:57
四川省,长江流域,拱城铺渡口,2026-09-15 02:00,3,22.12,7.8,8.36,397.53,30.17,3.3,0.126,0.179,3.383,,,2026-09-15 03:29:57
四川省,长江流域,红光村,2026-09-15 03:00,4,23.25,7.41,4.78,506.79,52.14,5.05,0.029,0.152,0.918,,,2026-09-15 03:29:57
四川省,长江流域,两河,2026-09-15 03:00,4,25.65,7.29,4.98,454.06,18.34,5.17,0.07,0.07,0.437,,,2026-09-15 03:29:57
四川省,长江流域,县城马踏石点,2026-09-15 02:00,1,13.97158,8.45,10.46,351.1549,200.7498,0.73,0.031,0.01,0.69323,,,2026-09-15 03:29:57
四川省,长江流域,小水沟,2026-09-15 02:00,1,9.89694,8.34,8.05,224.0192,49.47878,1.37,0.053,0.016,,,,2026-09-15 03:29:57
四川省,长江流域,竹巴龙村,2026-09-15 02:00,4,12.75,8.34,6.61,1511.3,529.5,3.41,0.472,0.211,3.455,,,2026-09-15 03:29:57
四川省,长江流域,昔街大桥,2026-09-15 02:00,2,20.13,7.85,7.7,237.21,29.81,1.34,0.108,0.082,3.621,,,2026-09-15 03:29:57
四川省,长江流域,阿七大桥,2026-09-15 02:00,2,19.28,7.76,7.16,232.6532,40.87411,1.52,0.027,0.064,2.18418,,,2026-09-15 03:29:57
四川省,长江流域,邛海湖心,2026-09-15 02:00,4,25.07,8.01,4.39,317.9108,4.82799,2.34,0.015,0.018,0.21694,0.00193,52947.83,2026-09-15 03:29:57
贵州省,长江流域,棉花渡,2026-09-15 02:00,3,23.005,7.72,5.67,457.93,1.1955,1.42,,0.075,2.5927,,,2026-09-15 03:29:57
贵州省,长江流域,贵铝泵房,2026-09-15 02:00,2,23.6512,8.15,7.76,376.0554,3.3871,2.7,0.014,0.006,1.6503,0.0114,1743635,2026-09-15 03:29:57
贵州省,长江流域,花鱼洞,2026-09-15 02:00,4,23.0599,7.5,3.84,320.6299,3.3682,2.52,0.004,0.02,0.927,0.00154,3213949,2026-09-15 03:29:57
贵州省,长江流域,麦穰,2026-09-15 02:00,3,23.01,8.06,6.54,649.86,6.91,2.31,0.102,0.174,5.662,,,2026-09-15 03:29:57
贵州省,珠江流域,青岩,2026-09-15 02:00,3,22.3,7.9,5.29,569.2808,3.0811,1.15,,0.04,3.896,,,2026-09-15 03:29:57
贵州省,长江流域,龙场,2026-09-15 02:00,2,21.07,7.96,6.44,399.52,2.18,0.82,0.035,0.015,3.701,,,2026-09-15 03:29:57
贵州省,珠江流域,发耳,2026-09-15 02:00,2,22.67,8.4,6.22,328.803,18.454,0.86,,0.061,3.262,,,2026-09-15 03:29:57
贵州省,长江流域,打秋坪,2026-09-15 02:00,2,24.42,7.85,6.67,542.6,4,1.14,0.107,0.06,3.412,,,2026-09-15 03:29:57
贵州省,长江流域,鱼塘大桥,2026-09-15 02:00,2,25.39,8,7.42,333.83,1.881,0.52,,0.01,1.45,,,2026-09-15 03:29:57
贵州省,长江流域,沿江渡,2026-09-15 02:00,2,26.37,8.92,8.57,342.41,5.11,2.52,0.01,0.013,2.041,,,2026-09-15 03:29:57
贵州省,长江流域,鲤鱼塘,2026-09-15 02:00,3,25.64,7.56,5.49,500.41,1.032,1.33,0.001,0.051,3.058,,,2026-09-15 03:29:57
贵州省,长江流域,坡渡,2026-09-15 02:00,1,23.47,8.08,8.05,326.52,5.72,0.56,0.006,0.008,0.558,,,2026-09-15 03:29:57
贵州省,长江流域,余庆河暗溪坪,2026-09-15 02:00,2,24.78,7.73,8.61,320.8,7.15,1.02,0.04,0.032,1.677,,,2026-09-15 03:29:57
贵州省,长江流域,羊柱头渡口,2026-09-15 02:00,4,23.51,7.66,6.86,743.44,4.514,2.86,0.528,0.262,8.751,,,2026-09-15 03:29:57
贵州省,长江流域,鲢鱼溪,2026-09-15 02:00,1,25.509,8.26,8.42,410.01,6.98,1.3,0.04,0.017,3.057,,,2026-09-15 03:29:57
贵州省,长江流域,长沙,2026-09-15 02:00,1,25.1233,8.3,7.85,252.4433,11.8106,1.73,0.016,0.017,1.2028,,,2026-09-15 03:29:57
贵州省,长江流域,茅台,2026-09-15 02:00,1,23.8,8.23,7.83,398.69,2.41,0.79,,0.017,4.098,,,2026-09-15 03:29:57
贵州省,珠江流域,黄果树,2026-09-15 02:00,1,22.5424,8.28,8.7,640.9,16.1,1.18,,0.02,3.51,,,2026-09-15 03:29:57
贵州省,长江流域,斯拉河大桥,2026-09-15 02:00,2,24.67,8.62,9.7,357.11,10.26,2.54,0.011,0.018,3.652,,,2026-09-15 03:29:57
贵州省,珠江流域,打邦,2026-09-15 02:00,1,27.69,8.37,9.82,441.23,4.746,1.89,,0.014,2.889,,,2026-09-15 03:29:57
贵州省,长江流域,小屯,2026-09-15 02:00,2,24.7,8.12,8.04,373.78,5.342,2.31,,0.031,4.427,,,2026-09-15 03:29:57
贵州省,长江流域,清水铺,2026-09-15 02:00,1,22.349,8.36,8.08,416.88,6.564,0.61,0.005,0.02,5.094,,,2026-09-15 03:29:57
贵州省,长江流域,大桥边,2026-09-15 02:00,1,19.559,8,7.75,346.686,7.343,0.61,,0.016,4.101,,,2026-09-15 03:29:57
贵州省,长江流域,鱼市,2026-09-15 02:00,2,25.76,8.17,8.06,409.41,3.804308,0.73,0.014,0.025,0.89035,,,2026-09-15 03:29:57
贵州省,长江流域,下干溪,2026-09-15 02:00,2,25.27,7.93,7.08,369.62,3.63,0.41,0.016,0.015,2.037,,,2026-09-15 03:29:57
贵州省,珠江流域,坝草,2026-09-15 02:00,1,26.6695,8.26,9.66,386.953,3.8309,1.32,0.02,0.007,3.016,,,2026-09-15 03:29:57
贵州省,珠江流域,万峰湖,2026-09-15 02:00,3,25.8,8.31,7.35,319.52,8.29,1.28,,0.028,2.887,0.026,1055638,2026-09-15 03:29:57
贵州省,珠江流域,岔河口,2026-09-15 02:00,2,25.4474,8.59,9.17,264.4083,5.127,3.85,,0.016,1.6712,,,2026-09-15 03:29:57
贵州省,珠江流域,蔗香北,2026-09-15 02:00,1,26.12,8.07,10.73,287.0636,5.0176,1.09,0.012,0.01,2.4765,,,2026-09-15 03:29:57
贵州省,珠江流域,黄泥河,2026-09-15 02:00,2,19.9739,8.15,7.44,402.0075,14.1528,0.62,,0.025,2.8805,,,2026-09-15 03:29:57
贵州省,珠江流域,赵家渡,2026-09-15 02:00,2,22.47,8.17,7.74,422.162,5.87,0.78,0.021,0.031,4.673,,,2026-09-15 03:29:57
贵州省,珠江流域,坡脚,2026-09-15 02:00,2,23.72,7.87,6.46,419.0117,21.0193,0.96,,0.03,4.4372,,,2026-09-15 03:29:57
贵州省,珠江流域,蔗香南,2026-09-15 02:00,1,28.39,8.55,9.32,293.4,5.54,1.25,0.008,0.012,2.4992,,,2026-09-15 03:29:57
贵州省,长江流域,金紫,2026-09-15 02:00,1,25.2,8.54,7.62,160.0057,7.29,1.03,0.025,0.019,0.957,,,2026-09-15 03:29:57
贵州省,珠江流域,从江大桥,2026-09-15 02:00,1,25.689,7.55,8.92,94.195,14.833,0.84,0.006,0.009,0.551,,,2026-09-15 03:29:57
贵州省,长江流域,平敏大桥,2026-09-15 02:00,2,26.12,8.59,10.16,136.02,8.87,1.34,,0.025,0.754,,,2026-09-15 03:29:57
贵州省,长江流域,旁海,2026-09-15 02:00,2,24.32,8.42,8.4,463.8,11.72,1.11,0.027,0.06,2.058,,,2026-09-15 03:29:57
贵州省,长江流域,重安江大桥,2026-09-15 02:00,3,22.542,8.39,8.05,560.552,1.849,0.53,0.012,0.11,2.896,,,2026-09-15 03:29:57
贵州省,珠江流域,榕江,2026-09-15 02:00,2,26.54,8.3,8.14,143.7,5.15,0.74,0.003,0.021,0.604,,,2026-09-15 03:29:57
贵州省,珠江流域,新华,2026-09-15 02:00,1,25.618,8.41,8.92,231.297,3.77,0.7,0.018,0.013,0.853,,,2026-09-15 03:29:57
贵州省,长江流域,甘溪高碑,2026-09-15 02:00,2,24.43,8.14,8.79,348.2,12.71,2.36,,0.04,0.6071,,,2026-09-15 03:29:57
贵州省,长江流域,跳鱼洞,2026-09-15 02:00,3,22.29,7.8,5.7,431.44,6.49,1.67,0.092,0.114,2.295,,,2026-09-15 03:29:57
贵州省,长江流域,凤山桥边,2026-09-15 02:00,2,22.6344,8.31,8.48,578.54,1.8377,1.07,0.005,0.063,2.845,,,2026-09-15 03:29:57
贵州省,珠江流域,边外河,2026-09-15 03:00,1,24.64,7.85,7.94,337.77,4.32,0.67,,0.007,1.854,,,2026-09-15 03:29:57
贵州省,珠江流域,界牌,2026-09-15 02:00,1,24.22,8.23,10.27,306.373,3.469,0.79,0.017,0.009,0.61,,,2026-09-15 03:29:57
贵州省,珠江流域,甲茶,2026-09-15 02:00,4,23.7421,7.66,4.97,325.1523,0.2253,0.69,0.004,0.006,1.12,,,2026-09-15 03:29:57
云南省,长江流域,通仙桥,2026-09-15 02:00,3,20.4,7.96,5.99,459.334,16.155,2.05,0.004,0.154,5.432,,,2026-09-15 03:29:57
云南省,长江流域,普渡河桥,2026-09-15 02:00,3,22.68,7.88,5.52,546.4127,20.9356,3.38,0.097,0.076,2.7919,,,2026-09-15 03:29:57
云南省,珠江流域,禄丰村,2026-09-15 02:00,5,23.47,8.13,7.22,477.4179,112.8246,7.24,,0.373,5.65,,,2026-09-15 03:29:57
云南省,滇池流域,回龙村,2026-09-15 02:00,3,21.21,7.84,5.08,698.6776,13.4543,2.98,,0.027,2.6149,,,2026-09-15 03:29:57
云南省,滇池流域,船房五社桥头,2026-09-15 02:00,4,21.28,7.5,4.24,559.5121,5.8093,4.97,0.154,0.067,5.8629,,,2026-09-15 03:29:57
云南省,滇池流域,王大桥,2026-09-15 02:00,4,20.81,7.01,5.01,620.7547,7.0084,3.53,0.038,0.268,8.6436,,,2026-09-15 03:29:57
云南省,滇池流域,大观河入湖口,2026-09-15 02:00,3,20.99,8.03,6.13,431.7842,23.6202,1.99,0.034,0.116,5.0318,,,2026-09-15 03:29:57
云南省,滇池流域,大渔乡土罗村入湖口,2026-09-15 02:00,5,19.42,7.56,2.7,538.3997,23.1448,2.93,0.038,0.071,7.382,,,2026-09-15 03:29:57
云南省,滇池流域,新河村入湖口,2026-09-15 02:00,3,21.31,8.02,6.28,397.89,22.65,2.05,0.007,0.12,4.0522,,,2026-09-15 03:29:57
云南省,珠江流域,阳宗海中,2026-09-15 03:00,3,23.66,8.97,6.51,411.132,3.203,4.06,0.061,0.015,0.446,0.01208,7316123,2026-09-15 03:29:57
云南省,长江流域,富民大桥,2026-09-15 02:00,4,21.57,8.29,4.74,560.8924,39.7148,7.3,0.048,0.174,3.0001,,,2026-09-15 03:29:57
云南省,滇池流域,严家村桥,2026-09-15 02:00,3,20.90142,8.02,6.57,424.4749,14.40451,1.67,0.03,0.102,5.186862,,,2026-09-15 03:29:57
云南省,滇池流域,宝丰村入湖口,2026-09-15 02:00,3,19.81,7.94,5.51,645.14,12.4,1.78,0.128,0.101,4.312,,,2026-09-15 03:29:57
云南省,滇池流域,江尾下闸,2026-09-15 02:00,4,21.48,7.77,4.45,341.8048,14.0842,1.66,0.044,0.03,2.317,,,2026-09-15 03:29:57
云南省,滇池流域,茨巷河入湖口,2026-09-15 02:00,4,21.09,7.66,4.8,337.9258,4.8011,2.82,,0.027,2.242,,,2026-09-15 03:29:57
云南省,滇池流域,东大河滇池入湖口,2026-09-15 02:00,6,21.2,9.27,4.01,279.6004,11.929,2.4,0.008,0.11,1.903,,,2026-09-15 03:29:57
云南省,滇池流域,草海中心,2026-09-15 03:00,4,21.28,8.44,11.18,380,51,5.19,,0.061,3.414,0.02781,5.773681,2026-09-15 03:29:57
云南省,滇池流域,灰湾中,2026-09-15 03:00,4,21.8,8.96,8.17,388.451,52.043,7.91,0.038,0.059,1.388,0.01242,3.323583,2026-09-15 03:29:57
云南省,滇池流域,观音山东,2026-09-15 01:00,4,21.65,8.94,6.34,383.82,24.78,6.51,0.034,0.056,0.952,0.01732,5.917936,2026-09-15 03:29:57
云南省,滇池流域,观音山中,2026-09-15 03:00,4,21.42,,7.47,356.565,14.211,5.6,,0.051,0.953,0.00672,1.44553,2026-09-15 03:29:57
云南省,滇池流域,观音山西,2026-09-15 03:00,4,22.24,8.93,7.95,367.52,44.68,8.91,0.016,0.058,1.228,0.00818,9.040926,2026-09-15 03:29:57
云南省,滇池流域,海口西,2026-09-15 03:00,4,22.22,,8.39,358.76,26.64,6.46,,0.056,0.673,0.00629,9.4816,2026-09-15 03:29:57
云南省,滇池流域,滇池南,2026-09-15 03:00,4,20.98,,7.67,387.09,37.89,7.55,,0.058,0.8,0.05434,1.595801,2026-09-15 03:29:57
云南省,滇池流域,晋城小寨,2026-09-15 02:00,2,18.61,8.02,6.48,525.135,11.4629,2.47,,0.068,7.744,,,2026-09-15 03:29:57
云南省,长江流域,牛栏江河口,2026-09-15 02:00,3,20.61,8.11,5.82,490.51,15.395,1.77,0.042,0.066,5.176,,,2026-09-15 03:29:57
云南省,珠江流域,狗街,2026-09-15 02:00,3,22.14,7.74,6.1,572.9538,19.89317,2.58,0.087,0.176,5.650831,,,2026-09-15 03:29:57
云南省,珠江流域,花山水库出水口,2026-09-15 02:00,2,21.94,8.4,7.04,319.975,2.6073,0.91,0.004,0.003,2.8126,,,2026-09-15 03:29:57
云南省,长江流域,以礼河水文站,2026-09-15 02:00,2,17.61,7.79,6.47,264.9136,23.9977,1.31,0.031,0.05,2.0162,,,2026-09-15 03:29:57
云南省,珠江流域,厂房大桥,2026-09-15 02:00,3,21.68,8.49,11.91,299.9898,12.765,4.72,0.014,0.1,3.4695,,,2026-09-15 03:29:57
云南省,珠江流域,天生桥,2026-09-15 02:00,4,20.74,7.94,6.88,570.16,9.557,2.52,0.08,0.272,5.934,,,2026-09-15 03:29:57
云南省,长江流域,牛栏江大桥,2026-09-15 02:00,2,20.08,8.07,7.22,388.569,34.817,1.26,0.008,0.047,2.622,,,2026-09-15 03:29:57
云南省,珠江流域,九甸大桥,2026-09-15 02:00,2,22.43605,8.26,6.26,543.1298,45.72083,1.67,0.007,0.096,5.27558,,,2026-09-15 03:29:57
云南省,西南诸河,坝洪村,2026-09-15 02:00,2,26.05,8.17,8.15,382.9277,281.6698,0.98,0.005,0.039,1.64487,,,2026-09-15 03:29:57
云南省,珠江流域,抚仙湖心,2026-09-15 03:00,2,23.08,8.84,7.55,281.19,1.84,1.48,,0.011,0.11,0.00212,4329569,2026-09-15 03:29:57
云南省,西南诸河,绿汁江大桥,2026-09-15 02:00,2,21.96639,8.3,7.19,681.7529,85.85497,1.26,0.04,0.036,2.38002,,,2026-09-15 03:29:57
云南省,珠江流域,杞麓湖心,2026-09-15 03:00,3,22.31,8.66,6.06,754.63,5.82,6,0.208,0.018,1.531,0.02484,8697441,2026-09-15 03:29:57
云南省,珠江流域,永昌桥,2026-09-15 02:00,3,19.8895,8.01,6.12,434.8812,18.48049,1.55,0.017,0.13,3.21304,,,2026-09-15 03:29:57
云南省,珠江流域,星云湖心,2026-09-15 03:00,3,22.75,,5.44,522.833,56.78,5.19,0.002,0.016,0.554,0.00822,4.966522,2026-09-15 03:29:57
云南省,西南诸河,红旗桥,2026-09-15 02:00,1,21.13781,8.03,8.34,353.3945,183.0722,1.06,,0.006,0.3454287,,,2026-09-15 03:29:57
云南省,西南诸河,湾甸,2026-09-15 02:00,3,25.02995,8.4,8.06,432.9375,115.0171,1.13,0.003,0.106,2.68631,,,2026-09-15 03:29:57
云南省,西南诸河,永保桥,2026-09-15 02:00,1,21.72899,8.17,7.61,429.7958,25.72795,1.1,0.007,0.007,0.60402,,,2026-09-15 03:29:57
云南省,西南诸河,龙江桥,2026-09-15 02:00,1,20.9715,7.18,7.65,96.83254,24.66774,1.67,0.006,0.02,0.67102,,,2026-09-15 03:29:57
云南省,长江流域,云贵桥,2026-09-15 02:00,1,17.61,8.2,8.58,396.469,11.957,1.46,0.009,0.015,3.221,,,2026-09-15 03:29:57
云南省,长江流域,头屯河,2026-09-15 02:00,1,17.65,7.91,7.61,437.003,4.9,0.51,,0.02,5.217,,,2026-09-15 03:29:57
云南省,长江流域,邓家河,2026-09-15 02:00,2,20.39,7.69,6.92,393.744,15.243,0.37,0.005,0.046,2.752,,,2026-09-15 03:29:57
云南省,长江流域,横江桥,2026-09-15 02:00,2,21,8.08,8.48,244.43,86.63,1.63,,0.05,2.926,,,2026-09-15 03:29:57
云南省,长江流域,程海湖中,2026-09-15 02:00,3,25.42939,,6.5,1382.041,4.92366,5.13,0.017,0.016,0.83933,0.00462,8458.158,2026-09-15 03:29:57
云南省,长江流域,金江桥,2026-09-15 02:00,1,21.39,8.08,8.28,660.6053,17.14965,1.65,0.028,0.017,0.94924,,,2026-09-15 03:29:57
云南省,长江流域,龙兴村,2026-09-15 02:00,4,17.98,7.8,6.41,463.9642,18.2779,1.96,0.371,0.232,3.33167,,,2026-09-15 03:29:57
云南省,西南诸河,土卡河水文站,2026-09-15 02:00,2,26.55088,7.97,6.88,203.3826,38.1389,1.16,,0.018,0.9682723,,,2026-09-15 03:29:57
云南省,西南诸河,孟拉桥,2026-09-15 02:00,2,23.44,7.19,7.23,99.96983,75.48,0.93,0.007,0.006,0.71032,,,2026-09-15 03:29:57
云南省,西南诸河,莲花乡,2026-09-15 02:00,4,24.05368,7.37,4.76,276.3362,20.70226,2.62,0.913,0.169,4.817,,,2026-09-15 03:29:57
云南省,西南诸河,嘎旧,2026-09-15 02:00,2,22.08,7.97,6.99,401.7436,12.14708,1.2,0.014,0.01,0.60697,,,2026-09-15 03:29:57
云南省,西南诸河,景临桥,2026-09-15 02:00,3,25,7.48,5.84,346.6031,19.45915,2.07,0.035,0.024,1.14103,,,2026-09-15 03:29:57
云南省,西南诸河,孟定大桥,2026-09-15 02:00,2,24.33,7.82,8.07,245.5524,263.5664,1.33,0.047,0.024,1.63547,,,2026-09-15 03:29:57
云南省,西南诸河,小黑江检查站,2026-09-15 02:00,1,23.36782,7.67,7.85,176.5688,136.8539,,0.013,0.014,0.9581,,,2026-09-15 03:29:57
云南省,西南诸河,水文站,2026-09-15 02:00,2,21.05,8.04,6.32,427.2272,23.19078,1.85,0.178,0.049,1.74083,,,2026-09-15 03:29:57
云南省,长江流域,西观桥,2026-09-15 02:00,3,23.21,7.71,5.67,622.1431,27.45749,2.54,0.015,0.065,4.51419,,,2026-09-15 03:29:57
云南省,西南诸河,那发出境,2026-09-15 02:00,2,25.43,7.82,7.62,156.8548,60.25,0.91,,0.056,0.9012,,,2026-09-15 03:29:57
云南省,西南诸河,中越桥,2026-09-15 02:00,2,24.24,8.09,9.71,281.5892,38.472,0.59,0.078,0.059,3.0096,,,2026-09-15 03:29:57
云南省,西南诸河,龙脖渡口,2026-09-15 02:00,2,26.37,7.99,7.88,291.9307,47.7104,0.84,,0.055,1.7705,,,2026-09-15 03:29:57
云南省,西南诸河,河口县医院,2026-09-15 03:00,1,23.01015,8.65,8.49,,3.457877,,,,,,,2026-09-15 03:29:57
云南省,西南诸河,小河底河,2026-09-15 02:00,2,23.98,8.31,8.91,472.8733,79.9302,1.02,,0.047,1.5862,,,2026-09-15 03:29:57
云南省,珠江流域,异龙湖中,2026-09-15 03:00,5,23.17,8.66,8.49,412.1,7.092,10.13,0.011,0.021,0.666,0.03032,274803,2026-09-15 03:29:57
云南省,珠江流域,长虹桥,2026-09-15 02:00,3,22.88,8.26,7.17,543.7651,89.6978,4.44,0.003,0.152,4.4686,,,2026-09-15 03:29:57
云南省,珠江流域,江边桥,2026-09-15 02:00,3,23.42,7.81,7.33,492.66,77.99,1.46,,0.109,4.1085,,,2026-09-15 03:29:57
云南省,西南诸河,天保农场,2026-09-15 02:00,2,23.45,8.09,9.52,376.7,6.32,0.61,0.001,0.026,3.0809,,,2026-09-15 03:29:57
云南省,西南诸河,南利大桥,2026-09-15 02:00,2,23.06,8.21,6.25,299.48,14.31,0.75,0.094,0.022,1.405,,,2026-09-15 03:29:57
云南省,珠江流域,谷拉河大桥,2026-09-15 02:00,1,28.3,8.42,8.87,202.03,2.134,1.73,0.01,0.006,0.623,,,2026-09-15 03:29:57
云南省,西南诸河,关累码头,2026-09-15 02:00,2,23.10596,7.72,6.92,285.1862,50.11225,0.83,0.003,0.018,1.03083,,,2026-09-15 03:29:57
云南省,西南诸河,勐仑大桥,2026-09-15 02:00,2,23.95,8.11,7.65,241.2338,79.0955,0.39,0.009,0.038,0.95,,,2026-09-15 03:29:57
云南省,西南诸河,风情园大桥,2026-09-15 02:00,2,22.83389,7.78,8.04,99.84216,97.90837,1.12,0.002,0.04,2.7671,,,2026-09-15 03:29:57
云南省,西南诸河,打洛江大桥,2026-09-15 02:00,1,25.1232,7.81,7.74,132.6175,156.6068,0.26,0.01,0.016,0.5357,,,2026-09-15 03:29:57
云南省,西南诸河,洱海湖心,2026-09-15 03:00,2,24.1,8.8,7.54,280.92,7.47,3.83,0.002,0.024,0.529,0.00817,14700,2026-09-15 03:29:57
云南省,西南诸河,交汇口,2026-09-15 02:00,2,21.08755,8.36,7.74,294.4201,1540.68,1.4,0.006,0.029,0.81149,,,2026-09-15 03:29:57
云南省,西南诸河,徐村桥,2026-09-15 02:00,2,21.32,7.91,7.29,245.0782,65.8512,1.16,0.009,0.036,1.12297,,,2026-09-15 03:29:57
云南省,西南诸河,江尾,2026-09-15 02:00,3,22.85551,8.12,5.96,316.4606,30.93763,1.34,0.004,0.031,0.91082,,,2026-09-15 03:29:57
云南省,西南诸河,四级坝,2026-09-15 02:00,3,21.92,7.39,7.2,327.2554,4.47606,2.83,0.393,0.13,2.83528,,,2026-09-15 03:29:57
云南省,西南诸河,汇流电站,2026-09-15 02:00,1,24.93643,7.04,7.97,86.53967,54.21275,1.15,0.007,0.02,0.89248,,,2026-09-15 03:29:57
云南省,西南诸河,姐告大桥,2026-09-15 02:00,2,24.53468,7.72,7.06,147.1514,95.58582,1.12,0.002,0.03,1.7876,,,2026-09-15 03:29:57
云南省,西南诸河,迭撒大桥,2026-09-15 02:00,2,25.70724,6.87,6.25,107.3954,113.0575,2.75,0.125,0.058,3.38572,,,2026-09-15 03:29:57
云南省,西南诸河,风平,2026-09-15 02:00,2,22.96,8,7.52,207.5922,38.24336,1.75,0.054,0.071,1.00412,,,2026-09-15 03:29:57
云南省,西南诸河,拉甲木底桥,2026-09-15 02:00,1,19.56061,8.19,10.01,335.2184,338.7421,0.87,0.009,0.003,0.28747,,,2026-09-15 03:29:57
云南省,西南诸河,丙舍桥,2026-09-15 02:00,1,20.11385,8.28,9.27,382.3107,331.0635,0.88,0.002,0.004,0.29247,,,2026-09-15 03:29:57
云南省,长江流域,贺龙桥,2026-09-15 02:00,1,18.53948,8.41,8.47,1005.795,66.68643,1.25,0.075,0.02,1.08785,,,2026-09-15 03:29:57
云南省,西南诸河,中路村,2026-09-15 02:00,1,18.23,8.45,8.06,471.8925,23.63274,0.77,0.015,0.004,0.37907,,,2026-09-15 03:29:57
西藏自治区,西南诸河,才纳,2026-09-15 02:00,2,13.657,7.96,6.81,207.788,66.281,1.7,0.055,0.04,0.545,,,2026-09-15 03:29:57
西藏自治区,西南诸河,米瑞,2026-09-15 02:00,2,14.126,8.09,7.36,208.28,169.918,1.65,0.028,0.068,0.28,,,2026-09-15 03:29:57
陕西省,黄河流域,灞河口,2026-09-15 02:00,2,23.09,8.29,8.49,358.8413,17.3911,2.58,0.042,0.038,4.4723,,,2026-09-15 03:29:57
陕西省,黄河流域,三郎村,2026-09-15 02:00,2,23.17,7.63,7.97,451.288,25.917,3.08,0.279,0.063,4.676,,,2026-09-15 03:29:57
陕西省,黄河流域,沙王渡,2026-09-15 01:00,3,23.46,8.01,6.76,694.5196,1153.205,5.29,0.028,0.171,5.7896,,,2026-09-15 03:29:57
陕西省,黄河流域,岔口,2026-09-15 02:00,2,21.12,7.81,8.33,846.168,16.965,3.17,0.082,0.082,7.9353,,,2026-09-15 03:29:57
陕西省,黄河流域,下桃水电站,2026-09-15 02:00,2,19.618,8.36,8.93,1114.4,1065.2,2.41,,0.01,3.527,,,2026-09-15 03:29:57
陕西省,长江流域,黄牛铺,2026-09-15 02:00,2,17.68,7.88,7.71,154.027,2.1645,2.81,,0.012,1.096,,,2026-09-15 03:29:57
陕西省,黄河流域,魏家堡,2026-09-15 02:00,2,23.25,7.98,7.04,619.3865,189.6942,2.87,0.164,0.1,6.289,,,2026-09-15 03:29:57
陕西省,黄河流域,卧龙寺桥,2026-09-15 02:00,2,19.75,8.17,8.36,578.2236,94.0846,3.11,0.024,0.054,4.416,,,2026-09-15 03:29:57
陕西省,长江流域,灶火庵,2026-09-15 02:00,2,20.04,8.14,7.76,299.3384,43.9827,1.97,0.021,0.031,1.88,,,2026-09-15 03:29:57
陕西省,黄河流域,咸阳铁桥,2026-09-15 02:00,2,23.5,7.89,7.52,576.7282,419.6679,3.73,,0.1,5.6121,,,2026-09-15 03:29:57
陕西省,黄河流域,兴平,2026-09-15 02:00,3,22.71,7.98,7.09,592.0144,544.7971,3.83,,0.166,4.7519,,,2026-09-15 03:29:57
陕西省,黄河流域,泾河桥,2026-09-15 02:00,2,24.16,8.29,7.5,1249.11,290.9162,2.7,,0.098,5.4899,,,2026-09-15 03:29:57
陕西省,黄河流域,黑河张家桥,2026-09-15 02:00,2,19.64,8.17,7.52,571.9297,82.3033,2.25,0.17,0.039,2.0063,,,2026-09-15 03:29:57
陕西省,黄河流域,潼关吊桥,2026-09-15 01:00,3,22.74,7.89,6.4,808.1957,,4.28,0.005,0.091,6.3666,,,2026-09-15 03:29:57
陕西省,黄河流域,王谦村,2026-09-15 02:00,3,22.267,8.2,7.68,1483,1019.6,4.38,0.011,0.103,2.764,,,2026-09-15 03:29:57
陕西省,黄河流域,张家庄,2026-09-15 01:00,2,23.16,8.03,7.49,378.4529,19.4191,2.89,0.025,0.033,4.027,,,2026-09-15 03:29:57
陕西省,黄河流域,杨家畔村,2026-09-15 02:00,2,21.18,8.64,7.93,1181.888,63.54454,2.98,,0.068,5.0071,,,2026-09-15 03:29:57
陕西省,黄河流域,昝家山,2026-09-15 02:00,2,19.51,8.37,9.11,574.443,69.47498,2.02,0.025,0.041,3.5491,,,2026-09-15 03:29:57
陕西省,黄河流域,寺滩,2026-09-15 02:00,3,21.49,8.84,8.03,905.401,165.8001,2.17,0.002,0.126,5.1451,,,2026-09-15 03:29:57
陕西省,黄河流域,朱家沟,2026-09-15 02:00,5,19.63,8.3,7.35,1088.071,569.846,3.28,0.096,0.323,6.4641,,,2026-09-15 03:29:57
陕西省,长江流域,烈金坝,2026-09-15 02:00,1,19.12,8.24,8,338.55,4.636,0.26,0.01,0.02,1.1327,,,2026-09-15 03:29:57
陕西省,长江流域,南柳渡,2026-09-15 02:00,2,21.84,7.75,7.16,268.8534,19.9472,2.14,0.034,0.055,1.77,,,2026-09-15 03:29:57
陕西省,长江流域,白水江,2026-09-15 02:00,2,21.39,8.11,7.52,300.0019,26.725,1.77,0.022,0.024,1.2157,,,2026-09-15 03:29:57
陕西省,黄河流域,柏树坪,2026-09-15 02:00,2,21.78,8.48,9.17,1061.113,106.3201,1.9,0.021,0.042,3.5611,,,2026-09-15 03:29:57
陕西省,黄河流域,温家川,2026-09-15 02:00,2,20.5,8.39,7.82,1413.982,36.22792,2.48,0.004,0.033,3.5531,,,2026-09-15 03:29:57
陕西省,黄河流域,碛塄,2026-09-15 02:00,2,19.68,8.29,8.29,1022.853,53.37995,1.77,0.002,0.026,3.2621,,,2026-09-15 03:29:57
陕西省,黄河流域,高家川,2026-09-15 02:00,2,19.18,8.39,8.2,859.191,203.8735,2.31,,0.069,3.5261,,,2026-09-15 03:29:57
陕西省,黄河流域,鱼河,2026-09-15 02:00,3,18.72,8.35,7.47,739.166,33.4365,3.4,0.024,0.133,4.1961,,,2026-09-15 03:29:57
陕西省,长江流域,白河城关,2026-09-15 02:00,2,24.76,7.72,7.76,251.1646,5.81,2.3,0.024,0.025,1.396,0.023409,,2026-09-15 03:29:57
陕西省,长江流域,南江河出陕界,2026-09-15 02:00,1,22.11,7.97,8.45,218.9414,16.0929,0.7,,0.01,0.4856,,,2026-09-15 03:29:57
陕西省,长江流域,小钢桥,2026-09-15 02:00,4,25.46,7.52,4.97,314.04,7.68,2.09,,0.028,1.326,,,2026-09-15 03:29:57
陕西省,长江流域,老君关,2026-09-15 02:00,3,24.61,7.57,5.54,250.8436,12.2409,2.84,,0.032,1.64,,,2026-09-15 03:29:57
陕西省,长江流域,瀛湖坝前,2026-09-15 02:00,3,25.61,8.13,5.82,210.6089,9.8236,2.48,,0.016,0.777,0.04588,1851197,2026-09-15 03:29:57
陕西省,长江流域,构峪口,2026-09-15 02:00,3,22.08,7.97,5.84,397.2748,11.4289,1.96,,0.011,1.967,,,2026-09-15 03:29:57
陕西省,长江流域,丹凤下,2026-09-15 02:00,2,20.74,8.32,8.15,436.0693,10.5942,2.18,,0.021,2.5133,,,2026-09-15 03:29:57
陕西省,黄河流域,灵口,2026-09-15 02:00,2,20.85,8.24,7.38,608.771,4.4282,1.18,0.009,0.007,1.3803,,,2026-09-15 03:29:57
甘肃省,黄河流域,扶和桥,2026-09-15 02:00,2,15.77,8.17,8.12,504.0658,43.18421,2.17,0.085,0.024,1.90212,,,2026-09-15 03:29:57
甘肃省,黄河流域,新城桥,2026-09-15 02:00,2,16.73,8.25,7.26,531.789,241.17,2.89,0.009,0.066,1.5637,,,2026-09-15 03:29:57
甘肃省,黄河流域,湟水桥,2026-09-15 02:00,3,16.4,8.38,7.25,618.928,222.051,,0.084,0.11,3.539,,,2026-09-15 03:29:57
甘肃省,西北诸河,迎山坡,2026-09-15 02:00,1,14.16249,8.24,8.1,529.1105,12.58321,0.59,0.048,0.009,1.95219,,,2026-09-15 03:29:57
甘肃省,黄河流域,青城桥,2026-09-15 02:00,2,17.46911,8.22,7.78,527.4214,174.8212,1.89,0.127,0.039,1.90926,,,2026-09-15 03:29:57
甘肃省,黄河流域,五佛寺,2026-09-15 02:00,5,17.7567,8.24,7.07,604.5313,395.0439,2.01,0.184,0.32,2.436,,,2026-09-15 03:29:57
甘肃省,黄河流域,靖远桥,2026-09-15 02:00,2,16.77018,8.19,6.56,557.0766,217.1119,,,,,,,2026-09-15 03:29:57
甘肃省,黄河流域,桦林,2026-09-15 02:00,2,16.3,8.36,8.7,798.5,,2.35,0.094,0.033,3.724,,,2026-09-15 03:29:57
甘肃省,黄河流域,葡萄园,2026-09-15 02:00,2,20.3,8.38,7.94,778.363,1505.743,3.7,0.005,0.084,6.554,,,2026-09-15 03:29:57
甘肃省,西北诸河,红崖山水库,2026-09-15 02:00,2,20.52267,8.63,9.21,512.8886,13.33027,1.61,0.013,0.019,1.1836,0.00382,2278905,2026-09-15 03:29:57
甘肃省,黄河流域,先明峡桥,2026-09-15 02:00,1,12.36986,8.61,8.58,481.2409,20.58644,0.26,0.023,0.002,1.64444,,,2026-09-15 03:29:57
甘肃省,西北诸河,莺落峡,2026-09-15 02:00,1,14.03,8.39,8.53,678.3459,8.32673,0.5,0.026,0.009,1.20572,,,2026-09-15 03:29:57
甘肃省,西北诸河,皇城水库,2026-09-15 02:00,1,10.45912,8.22,8.69,502.0927,11.69829,0.9,0.007,0.003,1.43556,,,2026-09-15 03:29:57
甘肃省,西北诸河,六坝桥,2026-09-15 02:00,2,16.33772,8.36,8.73,653.9673,54.90834,1.6,0.079,0.028,2.32688,,,2026-09-15 03:29:57
甘肃省,黄河流域,长庆桥,2026-09-15 02:00,2,20.62,8.45,7.37,744.409,188.8198,0.99,0.006,0.092,4.2061,,,2026-09-15 03:29:57
甘肃省,黄河流域,洮园桥,2026-09-15 02:00,2,18.07,8.33,7.77,434.9293,141.4817,2.78,0.085,0.052,3.86909,,,2026-09-15 03:29:57
甘肃省,长江流域,固水子村,2026-09-15 02:00,2,15.7,8.33,8.77,341.5,302.4,2.36,,0.067,0.947,,,2026-09-15 03:29:57
甘肃省,长江流域,两水桥,2026-09-15 02:00,2,,8.42,,349.342,176.834,3.82,0.014,,1.2991,,,2026-09-15 03:29:57
甘肃省,黄河流域,折桥,2026-09-15 02:00,2,14.39,8.62,7.78,489.5947,349.7824,2.25,0.17,0.057,2.65711,,,2026-09-15 03:29:57
甘肃省,黄河流域,地沟桥,2026-09-15 02:00,2,13.07,8.58,8.26,509.5144,133.1703,1.95,0.064,0.022,2.30737,,,2026-09-15 03:29:57
甘肃省,黄河流域,玛曲,2026-09-15 02:00,2,10.0251,8.36,6.7,383.5058,59.70821,3.06,0.05,0.03,1.65362,,,2026-09-15 03:29:57
青海省,黄河流域,小峡桥,2026-09-15 02:00,2,15.02897,8.39,8.95,634.5932,57.15369,3.13,0.117,0.075,3.45703,,,2026-09-15 03:29:57
青海省,黄河流域,润泽桥,2026-09-15 02:00,2,13.62749,8.14,8.37,444.1961,69.86983,3.22,0.096,0.049,2.575,,,2026-09-15 03:29:57
青海省,黄河流域,大河家,2026-09-15 02:00,2,22.52492,8.07,6.12,,0.21879,,,,,,,2026-09-15 03:29:57
青海省,黄河流域,边墙村,2026-09-15 02:00,3,16.52936,8.46,8.02,757.5298,256.6389,3.98,0.307,0.127,5.1949,,,2026-09-15 03:29:57
青海省,黄河流域,峡塘,2026-09-15 02:00,1,12.27122,8.49,7.84,548.8055,30.76923,1.11,0.006,0.008,1.19703,,,2026-09-15 03:29:57
青海省,西北诸河,布哈河入青海湖口,2026-09-15 02:00,2,12.13092,8.42,7.32,551.6437,104.7627,0.84,0.005,0.005,1.024,,,2026-09-15 03:29:57
青海省,黄河流域,唐乃亥,2026-09-15 02:00,2,15.73992,8.47,6.71,443.8728,53.7823,1.59,0.097,0.031,1.03604,,,2026-09-15 03:29:57
青海省,黄河流域,龙羊峡库区出水口,2026-09-15 02:00,1,11.32993,8.17,8.14,460.2091,6.56786,1.09,0.002,0.008,0.76116,0.00114,277892.8,2026-09-15 03:29:57
青海省,长江流域,直门达,2026-09-15 02:00,4,18.1163,7.27,7.42,1727.25,703.825,2.79,0.336,0.272,1.366788,,,2026-09-15 03:29:57
青海省,西北诸河,总场水闸,2026-09-15 02:00,1,10.37,8.57,7.68,774.6679,40.17672,0.28,0.005,0.005,0.74245,,,2026-09-15 03:29:57
青海省,西北诸河,纳赤台,2026-09-15 02:00,6,7.299,8.36,7.68,777.2,551,2.71,0.4,1.019,0.007,,,2026-09-15 03:29:57
宁夏回族自治区,黄河流域,叶盛公路桥,2026-09-15 02:00,-1,,,,,,,,,,,,2026-09-15 03:29:57
宁夏回族自治区,黄河流域,银古公路桥,2026-09-15 02:00,4,18.81228,7.7,3.31,875.5116,1156.224,1.81,0.358,0.088,3.62541,,,2026-09-15 03:29:57
宁夏回族自治区,黄河流域,平罗黄河大桥,2026-09-15 02:00,2,20.36,8.14,6.44,1045.26,,1.83,,0.062,4.053,,,2026-09-15 03:29:57
宁夏回族自治区,黄河流域,麻黄沟,2026-09-15 02:00,2,21.33,8.31,7.16,998.577,541.258,2.29,,0.064,3.4155,,,2026-09-15 03:29:57
宁夏回族自治区,黄河流域,金沙湾,2026-09-15 02:00,3,29.466,7.44,6.87,,11.4695,,,0.195,4.745,,,2026-09-15 03:29:57
宁夏回族自治区,黄河流域,弹筝峡,2026-09-15 02:00,2,12.97,8.29,8.28,652.6,17.477,0.99,0.027,0.033,3.032,,,2026-09-15 03:29:57
宁夏回族自治区,黄河流域,沟圈,2026-09-15 02:00,2,18.97,8.6,7.61,1343.562,99.09624,2.92,0.029,0.037,2.1371,,,2026-09-15 03:29:57
宁夏回族自治区,黄河流域,中卫下河沿,2026-09-15 02:00,2,18.5,8.38,7.97,689.7,934.5,2.79,,0.079,2.827,,,2026-09-15 03:29:57
宁夏回族自治区,黄河流域,泉眼山,2026-09-15 02:00,3,19.36,8.21,8.07,7474.669,2471.374,3.98,0.264,0.116,22.7961,,,2026-09-15 03:29:57
新疆维吾尔自治区,西北诸河,青年渠,2026-09-15 02:00,1,15.14,8.18,9.57,415.0783,21.09018,0.26,0.001,0.004,1.20545,,,2026-09-15 03:29:57
新疆维吾尔自治区,西北诸河,七纺桥,2026-09-15 02:00,2,13.37,8.5,8.17,2319.699,20.76632,0.65,0.059,0.024,10.52709,,,2026-09-15 03:29:57
新疆维吾尔自治区,西北诸河,赛湖2,2026-09-15 02:00,3,16.37612,,5.55,3043.939,9.84448,0.55,0.178,0.001,0.46207,0.0096,23500,2026-09-15 03:29:57
新疆维吾尔自治区,西北诸河,哈尔莫墩,2026-09-15 02:00,1,15.68,8.2,9.44,341.8305,7.06721,0.82,0.004,0.012,0.36459,,,2026-09-15 03:29:57
新疆维吾尔自治区,西北诸河,汇合口,2026-09-15 02:00,2,23.74,7.65,6.75,513.1171,7.43896,2.01,0.012,0.009,0.20974,,,2026-09-15 03:29:57
新疆维吾尔自治区,西北诸河,兰干,2026-09-15 02:00,2,23.07761,8.3,6.51,687.1006,3.34824,2.25,0.009,0.008,0.52302,,,2026-09-15 03:29:57
新疆维吾尔自治区,西北诸河,塔提让,2026-09-15 02:00,1,16.98,8.47,7.74,1133.588,1015.707,0.25,0.012,0.005,0.77083,,,2026-09-15 03:29:57
新疆维吾尔自治区,西北诸河,塔里木拦河闸,2026-09-15 02:00,1,17.71872,8.11,8.19,577.9548,3520.146,0.5,0.003,0.011,0.87922,,,2026-09-15 03:29:57
新疆维吾尔自治区,西北诸河,十二医院,2026-09-15 02:00,2,18.65143,7.88,7.35,1270.364,146.9703,0.52,0.169,0.004,0.01641,,,2026-09-15 03:29:57
新疆维吾尔自治区,西北诸河,依干其渡口,2026-09-15 02:00,3,19.13069,8.37,7.71,555.8026,1100.423,3.29,0.003,0.103,2.92328,,,2026-09-15 03:29:57
新疆维吾尔自治区,西北诸河,喀河大桥,2026-09-15 02:00,2,19.96347,8.07,6.94,1188.707,0.76187,0.28,0.001,0.008,1.78248,,,2026-09-15 03:29:57
新疆维吾尔自治区,西北诸河,科布大桥,2026-09-15 02:00,1,15.63631,8.19,8.14,329.3629,106.6114,0.14,0.002,0.003,0.72402,,,2026-09-15 03:29:57
新疆维吾尔自治区,西北诸河,龙口大桥,2026-09-15 02:00,1,17.48205,7.67,8.39,287.0807,6.01647,0.76,0.007,0.008,0.63766,,,2026-09-15 03:29:57
新疆维吾尔自治区,西北诸河,羊场大桥,2026-09-15 02:00,2,20.05,8.02,7.37,527.4766,87.40071,0.55,0.018,0.016,1.73272,,,2026-09-15 03:29:57
新疆维吾尔自治区,西北诸河,喀什河大桥,2026-09-15 02:00,1,16.73,8.16,10.53,248.4939,10.6852,0.68,0.005,0.004,0.88568,,,2026-09-15 03:29:57
新疆维吾尔自治区,西北诸河,霍城63团伊犁河大桥,2026-09-15 02:00,4,23.573,7.57,4.24,375.141,1160.099,0.34,0.305,0.026,1.002,,,2026-09-15 03:29:57
新疆维吾尔自治区,西北诸河,英牙尔乡,2026-09-15 02:00,2,20.94592,8.12,8.51,336.1439,64.88633,2.49,0.007,0.073,1.2724,,,2026-09-15 03:29:57
新疆维吾尔自治区,西北诸河,雅马渡大桥,2026-09-15 02:00,2,17.92,7.51,6.06,286.83,12.306,0.26,0.009,0.011,0.763,,,2026-09-15 03:29:57
新疆维吾尔自治区,西北诸河,布尔津河大桥,2026-09-15 02:00,1,18.36,7.49,8.48,57.63002,8.66475,1.18,0.005,0.003,0.21893,,,2026-09-15 03:29:57
新疆维吾尔自治区,西北诸河,乌伦古湖码头,2026-09-15 02:00,3,20.8996,8.82,7.93,3749.412,11.38003,4.03,0.003,0.022,0.81723,0.02239,828148.9,2026-09-15 03:29:57
新疆维吾尔自治区,西北诸河,北屯大桥,2026-09-15 02:00,1,20.14231,7.73,7.55,75.75578,15.02203,0.62,0.005,0.007,0.45446,,,2026-09-15 03:29:57
新疆维吾尔自治区,西北诸河,布尔津水文站,2026-09-15 02:00,1,20.8,7.92,8.69,200.7974,15.46445,1.54,0.014,0.016,1.14,,,2026-09-15 03:29:57
新疆维吾尔自治区,西北诸河,额河南湾,2026-09-15 02:00,1,21.672,7.8,8.03,191.9248,0.0087,0.88,0.012,0.011,0.79274,,,2026-09-15 03:29:57
北京市,海河流域,鼓楼外大街,2026-09-15 03:00,2,23.68,7.57,6.85,411.04,16.998,1.67,0.048,0.023,2.141,,,2026-09-15 04:25:51
北京市,海河流域,广北滨河路,2026-09-15 03:00,2,23.97,7.79,6.87,396.79,9.86,1.39,0.029,0.025,1.728,,,2026-09-15 04:25:51
北京市,海河流域,沙窝,2026-09-15 03:00,2,24.67,7.41,7.72,764.51,11.76,3.73,0.081,0.064,5.041,,,2026-09-15 04:25:51
北京市,海河流域,新八里桥,2026-09-15 03:00,4,24.12,7.43,3.41,742.236,3.8,3.23,0.032,0.068,5.899,,,2026-09-15 04:25:51
北京市,海河流域,大红门闸上,2026-09-15 03:00,2,21.74,7.62,6.36,1003.7,9.019,2.79,,0.068,8.575,,,2026-09-15 04:25:51
北京市,海河流域,南大荒桥,2026-09-15 03:00,2,22.16,8.54,10.12,922.1,14.81,2.79,0.005,0.026,1.959,,,2026-09-15 04:25:51
北京市,海河流域,清河闸,2026-09-15 03:00,3,21.11,7.68,5.46,804.06,5.385,2.35,,0.052,5.034,,,2026-09-15 04:25:51
北京市,海河流域,花园路,2026-09-15 03:00,3,20.94,7.53,5.5,689.683,2.505,1.43,0.137,0.05,7.263,,,2026-09-15 04:25:51
北京市,海河流域,白石桥,2026-09-15 03:00,1,24.63,7.81,7.57,331.18,5.16,1.92,0.021,0.012,1.841,,,2026-09-15 04:25:51
北京市,海河流域,八间房漫水桥,2026-09-15 03:00,2,22.2,7.89,6.82,869.12,8.05,3.31,0.011,0.041,4.0133,,,2026-09-15 04:25:51
北京市,海河流域,码头,2026-09-15 03:00,2,22.45,7.47,8.76,1071.78,20.925,2.49,0.054,0.056,7.524,,,2026-09-15 04:25:51
北京市,海河流域,罗庄,2026-09-15 03:00,2,23.56,8.13,8.79,1186.709,7.459374,3.05,,0.062,6.6961,,,2026-09-15 04:25:51
北京市,海河流域,小屯桥,2026-09-15 03:00,3,23.96,8.43,9.72,1301.007,7.492314,4.19,0.003,0.067,6.2011,,,2026-09-15 04:25:51
北京市,海河流域,东店,2026-09-15 03:00,2,20.20137,8.01,9.7,742.9036,51.54771,1.74,0.037,0.068,13.48707,,,2026-09-15 04:25:51
北京市,海河流域,密云水库,2026-09-15 03:00,2,23.78561,8.27,8.37,417.5981,4.940201,2.37,0.008,0.006,3.201026,,,2026-09-15 04:25:51
北京市,海河流域,大关桥,2026-09-15 03:00,2,23.31,8.15,8.28,431.55,15.23,2.45,0.099,0.02,3.7481,,,2026-09-15 04:25:51
北京市,海河流域,辛庄桥,2026-09-15 03:00,2,18.56,8.03,8.46,590.759,49.45212,1.36,,0.025,8.1831,,,2026-09-15 04:25:51
北京市,海河流域,谷家营,2026-09-15 03:00,2,22.34,8.66,12.65,539.073,10.245,3.52,0.053,0.071,2.56,,,2026-09-15 04:25:51
北京市,海河流域,后城,2026-09-15 03:00,1,13.54,8.26,8.9,581.178,22.61079,1.35,0.033,0.02,10.0891,,,2026-09-15 04:25:51
天津市,海河流域,三岔口,2026-09-15 03:00,5,24.91,7.73,2.05,1046.714,21.48851,3.7,0.215,0.063,0.9161,,,2026-09-15 04:25:51
天津市,海河流域,北洋桥,2026-09-15 03:00,4,24.52507,7.32,4.44,1045.302,14.36214,4.24,1.127,0.13,2.752143,,,2026-09-15 04:25:51
天津市,海河流域,井冈山桥,2026-09-15 03:00,5,23.77,7.64,2.55,1053.926,26.82108,3.78,0.803,0.131,1.5221,,,2026-09-15 04:25:51
天津市,海河流域,大红桥,2026-09-15 03:00,4,24.56,7.75,3.3,935.815,50.55114,3.64,0.139,0.075,1.9801,,,2026-09-15 04:25:51
天津市,海河流域,曹庄子泵站,2026-09-15 03:00,2,25.62,7.76,6.53,256.51,2.93,1.64,0.059,0.006,0.861,,,2026-09-15 04:25:51
天津市,海河流域,生产圈闸,2026-09-15 03:00,6,23.58459,7.38,1.02,1207.21,13.44323,4.32,0.402,0.105,1.977564,,,2026-09-15 04:25:51
天津市,海河流域,尔王庄泵站,2026-09-15 03:00,3,26.22,7.56,5.52,286.532,19.87987,1.77,0.001,0.003,0.6941,,,2026-09-15 04:25:51
天津市,海河流域,塘汉公路桥,2026-09-15 03:00,5,22.92,7.56,2.88,1220.27,24.01487,4.99,0.257,0.156,3.4781,,,2026-09-15 04:25:51
天津市,海河流域,海河大闸,2026-09-15 03:00,3,24.74,8.4,8.35,3763.605,32.4891,4.53,0.179,0.109,1.8344,,,2026-09-15 04:25:51
天津市,海河流域,北排水河防潮闸,2026-09-15 03:00,6,19.38,7.54,0.88,1687,34.3603,3.88,,0.069,1.4779,,,2026-09-15 04:25:51
天津市,海河流域,沧浪渠出境,2026-09-15 03:00,5,23.02,7.93,3.95,6667.7,1260.103,10.74,,0.302,1.3305,,,2026-09-15 04:25:51
天津市,海河流域,万家码头,2026-09-15 03:00,4,24.09,8.37,7.51,2278.28,26.95,6.85,0.02,0.081,0.942,,,2026-09-15 04:25:51
天津市,海河流域,蓟运河防潮闸,2026-09-15 03:00,4,21.44229,7.54,4.49,1076.099,26.3786,5.03,0.311,0.197,2.133322,,,2026-09-15 04:25:51
天津市,海河流域,青静黄防潮闸,2026-09-15 03:00,4,24.93587,8.81,9.99,5047.009,40.67413,8.91,0.101,0.162,0.961807,,,2026-09-15 04:25:51
天津市,海河流域,马棚口防潮闸,2026-09-15 03:00,4,24.13,7.69,5.17,2862.5,51.4268,6.74,0.366,0.087,3.078,,,2026-09-15 04:25:51
天津市,海河流域,阎辛庄,2026-09-15 03:00,6,18.60735,7.3,1.4,2191.726,48.74188,,,,,,,2026-09-15 04:25:51
天津市,海河流域,于桥水库出口,2026-09-15 03:00,3,24.29,8.24,5.79,403.945,15.17081,4.76,0.17,0.045,2.3711,,,2026-09-15 04:25:51
天津市,海河流域,黎河桥,2026-09-15 03:00,2,21.363,7.58,10.31,737.3,10.71,1.3,,0.094,11.693,,,2026-09-15 04:25:51
天津市,海河流域,沙河桥,2026-09-15 03:00,2,22.26,7.56,6.98,618.7,13.589,1.5,0.275,0.099,9.404,,,2026-09-15 04:25:51
天津市,海河流域,果河桥,2026-09-15 03:00,2,24.62,8.58,8.57,614.8102,9.1385,2.04,0.034,0.07,11.2598,,,2026-09-15 04:25:51
天津市,海河流域,西屯桥,2026-09-15 03:00,4,24.07,7.38,4.79,478.54,24.6177,3.94,0.558,0.057,3.086,,,2026-09-15 04:25:51
河北省,海河流域,下槐镇,2026-09-15 03:00,2,19.67,8.53,8.68,615.646,96.5563,2.25,0.008,0.042,2.3158,,,2026-09-15 04:25:51
河北省,海河流域,地都,2026-09-15 03:00,3,19.56,8.29,7.06,1228.737,26.597,1.56,0.535,0.071,6.785,,,2026-09-15 04:25:51
河北省,海河流域,平山桥,2026-09-15 03:00,1,21.8,8.12,8.07,1007.56,31.11,1.19,0.007,0.009,5.224,,,2026-09-15 04:25:51
河北省,海河流域,兆通,2026-09-15 03:00,1,24.83,8.57,8.84,281.8,2.98,1.54,,0.008,0.6591,,,2026-09-15 04:25:51
河北省,海河流域,大石桥,2026-09-15 03:00,3,24.31,7.93,6.89,1407.149,19.11642,5.23,0.184,0.131,10.95981,,,2026-09-15 04:25:51
河北省,海河流域,涧河口,2026-09-15 03:00,6,23.96589,9.09,9.62,1327.975,17.39298,6.99,0.067,0.11,0.966529,,,2026-09-15 04:25:51
河北省,海河流域,丰北闸,2026-09-15 03:00,3,25.75199,7.72,8.84,879.6355,93.93024,5.94,,0.197,0.381685,,,2026-09-15 04:25:51
河北省,海河流域,滦县大桥,2026-09-15 03:00,2,22.71,8.02,7.42,592.131,11.48764,2.42,0.012,0.034,4.6401,,,2026-09-15 04:25:51
河北省,海河流域,刘家庄,2026-09-15 03:00,1,18.62,8.1,7.58,555.9839,15.09,1.1,0.015,0.014,4.1,,,2026-09-15 04:25:51
河北省,海河流域,岳城水库出口,2026-09-15 03:00,2,24.62,8.47,9.76,567.761,8.438107,2.02,0.029,,2.548,,,2026-09-15 04:25:51
河北省,海河流域,曲周,2026-09-15 03:00,2,23.64,8.03,7.8,1045.722,16.923,3.06,,0.044,4.344,,,2026-09-15 04:25:51
河北省,海河流域,沙阳,2026-09-15 03:00,2,24.36,7.82,8.15,1634.01,58.41,2.87,0.063,0.062,3.0072,,,2026-09-15 04:25:51
河北省,海河流域,艾辛庄,2026-09-15 03:00,3,23.8377,7.95,7.47,1276.718,11.28995,4.43,0.036,0.113,8.865859,,,2026-09-15 04:25:51
河北省,海河流域,后西吴桥,2026-09-15 03:00,3,24.9,8.21,5.9,990.22,80.68,3.55,0.124,0.183,12.9152,,,2026-09-15 04:25:51
河北省,海河流域,北河店,2026-09-15 03:00,2,23.15,7.83,6.09,609.8458,2.309,1.13,,0.016,6.707,,,2026-09-15 04:25:51
河北省,海河流域,白合,2026-09-15 03:00,2,20.28,8.22,8.54,534.29,53.43,0.96,,0.052,4.489,,,2026-09-15 04:25:51
河北省,海河流域,杜里村,2026-09-15 03:00,2,15.09,8.42,10.19,432.61,39.03,1.52,,0.066,3.234,,,2026-09-15 04:25:51
河北省,海河流域,温泉屯,2026-09-15 03:00,4,18.11,8.22,7.86,1104.413,424.8817,6.81,0.004,0.243,9.2321,,,2026-09-15 04:25:51
河北省,海河流域,八号桥,2026-09-15 03:00,3,19.2,8.42,7.84,1106.996,191.5875,4.72,0.286,0.113,1.166746,,,2026-09-15 04:25:51
河北省,海河流域,左卫桥,2026-09-15 03:00,4,13.9,8.55,9.54,874.782,523.2408,4.82,0.011,0.227,12.4331,,,2026-09-15 04:25:51
河北省,海河流域,四道甸,2026-09-15 03:00,2,16.04,8.3,8.84,450.045,58.2823,2.22,0.011,0.02,6.4261,,,2026-09-15 04:25:51
河北省,海河流域,上二道河子,2026-09-15 03:00,2,19.92,7.84,6.93,505.729,2.689028,2.38,0.011,0.002,7.4271,,,2026-09-15 04:25:51
河北省,辽河流域,甸子,2026-09-15 03:00,2,14.1,7.78,7.03,459.08,17.21,2.02,0.03,0.026,7.975,,,2026-09-15 04:25:51
河北省,海河流域,何老营,2026-09-15 03:00,3,22.73839,8.73,11.42,3534.804,8.267138,5.37,0.014,0.094,0.819237,,,2026-09-15 04:25:51
河北省,海河流域,大口河口,2026-09-15 03:00,4,22.79,7.55,4.43,19382.43,310.08,5.6,,0.197,3.649,,,2026-09-15 04:25:51
河北省,海河流域,四埝村桥,2026-09-15 03:00,3,23.58,8.22,6.18,4065.325,16.593,5.76,0.035,0.107,0.761,,,2026-09-15 04:25:51
河北省,海河流域,大王务,2026-09-15 03:00,4,23.07,7.7,4.21,811.722,29.79888,5.45,0.013,0.065,0.8541,,,2026-09-15 04:25:51
河北省,海河流域,杨洼闸,2026-09-15 03:00,6,24.29,7.6,1.66,907.95,20.33,4.15,,0.08,5.213,,,2026-09-15 04:25:51
河北省,海河流域,吴村,2026-09-15 03:00,3,24.5,7.8,8.69,742.17,8.64,4.11,0.033,0.105,4.83,,,2026-09-15 04:25:51
河北省,海河流域,台头,2026-09-15 03:00,2,23.92634,8.25,8.98,746.0519,20.30157,3.1,,0.026,0.7011,,,2026-09-15 04:25:51
河北省,海河流域,桑梓红旗闸,2026-09-15 03:00,2,22.14664,8,7.39,725.016,23.74387,2.36,0.032,0.083,11.8661,,,2026-09-15 04:25:51
河北省,海河流域,三小营,2026-09-15 03:00,3,21.55861,7.64,6.3,1007.987,20.51303,3.9,0.047,0.102,2.063725,,,2026-09-15 04:25:51
河北省,海河流域,小范桥,2026-09-15 03:00,3,24.4,8.3,8.99,963.458,4.273,4.7,0.014,0.034,0.6857,,,2026-09-15 04:25:51
河北省,海河流域,衡水湖大湖心,2026-09-15 03:00,3,24.28,8.73,9.06,1303.424,15.827,5.68,0.015,0.03,0.765,0.030436,9022873,2026-09-15 04:25:51
河北省,海河流域,南张村,2026-09-15 03:00,2,26.72,8.34,7.46,256.31,2.984,1.89,0.042,0.007,0.7062,,,2026-09-15 04:25:51
河北省,海河流域,安州,2026-09-15 03:00,5,24.8,7.36,2.22,1164.542,15.9243,5.4,0.228,0.081,5.813,,,2026-09-15 04:25:51
河北省,海河流域,膳马庙村北,2026-09-15 03:00,3,24.14,7.72,6.22,1016.964,53.3446,4.2,0.241,0.101,7.0387,,,2026-09-15 04:25:51
河北省,海河流域,南刘庄,2026-09-15 04:00,3,23.99,7.64,6.18,686.32,5.81,,0.019,0.032,0.679,0.00836,1331737,2026-09-15 04:25:51
河北省,海河流域,采蒲台,2026-09-15 03:00,2,24.43289,7.94,8.48,677.5435,0.24964,3.77,0.014,0.019,0.326224,0.002091,468050.2,2026-09-15 04:25:51
河北省,海河流域,光淀张庄,2026-09-15 04:00,4,23.96,7.56,4.28,753.27,5.78,2.11,0.04,0.019,1.887,0.0012,452465,2026-09-15 04:25:51
山西省,黄河流域,韩武村,2026-09-15 03:00,4,22.58,7.8,5.27,1234.58,17.63,6.53,0.784,0.213,8.533,,,2026-09-15 04:25:51
山西省,黄河流域,上兰,2026-09-15 03:00,2,19.89,8.2,6.86,653.745,9.186373,1.59,0.007,0.002,1.8991,,,2026-09-15 04:25:51
山西省,黄河流域,汾河水库出口,2026-09-15 03:00,2,22.16,8.45,7.4,616.552,2.723581,1.05,0.001,0.003,1.4151,0.0104575,289536,2026-09-15 04:25:51
山西省,海河流域,堡子湾,2026-09-15 03:00,2,13.35,8.13,8.08,840.163,11.27491,1.66,0.01,0.027,8.1001,,,2026-09-15 04:25:51
山西省,海河流域,册田水库出口,2026-09-15 03:00,3,20.42,8.54,6.98,1080.313,18.79069,4.24,0.019,0.069,0.9561,,,2026-09-15 04:25:51
山西省,海河流域,古家坡,2026-09-15 03:00,6,19.4,7.92,0.01,1417.125,42.86272,8.58,0.643,0.313,2.8331,,,2026-09-15 04:25:51
山西省,海河流域,利仁皂,2026-09-15 03:00,3,18.03,7.99,6.28,1587.921,14.04946,4.99,0.012,0.099,6.1381,,,2026-09-15 04:25:51
山西省,海河流域,白羊墅,2026-09-15 03:00,2,19.06,8.14,7.97,1153.8,70.705,2.34,0.294,0.096,7.517,,,2026-09-15 04:25:51
山西省,海河流域,王家庄,2026-09-15 03:00,2,21.08,8.29,8.55,598.82,30.5,2.26,,0.034,3.052,,,2026-09-15 04:25:51
山西省,海河流域,司徒桥,2026-09-15 03:00,3,21.21,8.13,8.7,596.2971,19.5386,4.55,,0.054,1.118,,,2026-09-15 04:25:51
山西省,海河流域,关河水库出口,2026-09-15 03:00,4,20.55,7.82,4.7,528.45,8.236,3.89,0.01,0.025,1.5634,,,2026-09-15 04:25:51
山西省,海河流域,北寨,2026-09-15 03:00,3,20.41,7.84,6.57,963.67,27.79,4.27,0.008,0.079,6.3611,,,2026-09-15 04:25:51
山西省,海河流域,后湾水库出口,2026-09-15 03:00,3,21.61,7.66,5.08,488.48,4.724,2.78,0.072,0.018,0.687,,,2026-09-15 04:25:51
山西省,黄河流域,龙头,2026-09-15 03:00,2,18.44,8.2,7.05,595.99,51.67,2.06,,0.025,3.1624,,,2026-09-15 04:25:51
山西省,黄河流域,拴驴泉,2026-09-15 03:00,1,21.39,8.14,8.7,787.1876,14.9019,1.05,,0.014,3.9901,,,2026-09-15 04:25:51
山西省,黄河流域,张峰水库出口,2026-09-15 03:00,2,24.2962,7.77,6.07,526.0458,17.0887,1.3,0.003,0.004,3.060965,,,2026-09-15 04:25:51
山西省,海河流域,东榆林水库出口,2026-09-15 03:00,2,20.52,8.68,15.94,700.198,10.18377,3.35,0.13,0.07,2.7671,,,2026-09-15 04:25:51
山西省,黄河流域,杀虎口,2026-09-15 03:00,2,16.05,8.29,7.78,607.975,60.33389,3.54,0.01,0.059,1.9361,,,2026-09-15 04:25:51
山西省,海河流域,王寨村,2026-09-15 03:00,2,20.16,8.25,7.9,614.13,65.537,1.27,,0.035,3.647,,,2026-09-15 04:25:51
山西省,黄河流域,安固桥,2026-09-15 03:00,3,20.879,7.82,6.6,848.575,69.2128,2.91,0.07,0.128,7.4915,,,2026-09-15 04:25:51
山西省,黄河流域,王庄桥南,2026-09-15 03:00,4,21.36,8.35,7.64,1044.85,61.04,8.17,0.004,0.181,5.415,,,2026-09-15 04:25:51
山西省,黄河流域,郝村,2026-09-15 03:00,3,20.44,8.1,6.72,989.115,53.2736,4.95,0.001,0.097,2.3309,,,2026-09-15 04:25:51
山西省,黄河流域,张留庄,2026-09-15 03:00,4,24.33,8.68,7.58,9098.627,80.227,8.06,0.078,0.141,8.091,,,2026-09-15 04:25:51
山西省,黄河流域,上亳城,2026-09-15 03:00,2,20.91,8.03,7.72,926.841,23.582,1.53,0.041,0.041,5.1578,,,2026-09-15 04:25:51
山西省,黄河流域,小韩村,2026-09-15 03:00,4,22.32,7.45,4.09,1705.09,34.122,3.33,0.402,0.151,7.447,,,2026-09-15 04:25:51
山西省,海河流域,梵王寺,2026-09-15 03:00,2,13.24,8.25,9.3,1116.944,54.1546,2.25,0.457,0.066,5.6001,,,2026-09-15 04:25:51
山西省,海河流域,代县桥,2026-09-15 03:00,2,17.24,8.62,8.78,663.412,180.075,1.79,0.006,0.097,7.2241,,,2026-09-15 04:25:51
山西省,海河流域,定襄桥,2026-09-15 03:00,3,19.2,8.05,5.17,643.882,536.6572,5.34,,0.184,5.2751,,,2026-09-15 04:25:51
山西省,海河流域,南庄,2026-09-15 03:00,2,19.23,8.35,8.42,546.994,166.932,3.14,,0.079,6.2681,,,2026-09-15 04:25:51
山西省,海河流域,坪上桥,2026-09-15 03:00,4,15.33,8.54,9.12,435.505,18.03187,7.97,0.013,0.02,4.5131,,,2026-09-15 04:25:51
山西省,黄河流域,河西村,2026-09-15 03:00,2,16.28,8.25,7.88,557.9,119.88,0.85,0.009,0.028,3.125,,,2026-09-15 04:25:51
山西省,黄河流域,上平望,2026-09-15 03:00,4,23.19,7.77,5.61,1129.19,120.07,7.47,0.227,0.103,7.275,,,2026-09-15 04:25:51
山西省,黄河流域,黑城村,2026-09-15 03:00,2,20.08,8.23,7.8,820.8666,52.5859,1.7,0.03,0.042,3.964,,,2026-09-15 04:25:51
山西省,黄河流域,曲立,2026-09-15 03:00,2,15.3,8.01,7.8,606.037,86.84289,2.22,0.062,0.076,5.0401,,,2026-09-15 04:25:51
山西省,黄河流域,裴家川口,2026-09-15 03:00,2,16.39,8.16,8.58,498.572,46.84015,1.26,0.013,0.021,3.9781,,,2026-09-15 04:25:51
山西省,黄河流域,碛口,2026-09-15 03:00,3,20.31,8.48,7.48,939.499,7.117874,4.27,0.085,0.025,7.2131,,,2026-09-15 04:25:51
山西省,黄河流域,三川河两河口桥,2026-09-15 03:00,3,21.38,8.23,7.07,870.629,4.670841,3.2,0.084,0.186,7.2491,,,2026-09-15 04:25:51
山西省,黄河流域,碧村,2026-09-15 03:00,1,18.33,8.31,9.05,589.338,39.29723,1.88,0.027,0.02,4.3811,,,2026-09-15 04:25:51
山西省,黄河流域,北峪口,2026-09-15 03:00,2,20.66423,8.1,7.32,496.333,34.88824,2.03,0.054,0.026,2.5961,,,2026-09-15 04:25:51
山西省,黄河流域,南姚,2026-09-15 03:00,3,21.4,7.92,6.17,895.48,52.75,3.68,0.304,0.132,4.627,,,2026-09-15 04:25:51
内蒙古自治区,黄河流域,磴口,2026-09-15 03:00,2,19.18,8.27,7.74,958.9662,205.469,1.36,0.088,0.027,2.31357,,,2026-09-15 04:25:51
内蒙古自治区,松花江流域,根河口内,2026-09-15 03:00,3,13.19,6.89,8.6,88.01,14.25,5.78,,0.023,0.2,,,2026-09-15 04:25:51
内蒙古自治区,松花江流域,李屯,2026-09-15 03:00,3,13.47,7.29,9.3,97.374,26.5231,5.66,,0.045,0.492,,,2026-09-15 04:25:51
内蒙古自治区,松花江流域,陶海,2026-09-15 03:00,3,13,7.57,10.04,158.2,17.3,5.36,,0.057,0.379,,,2026-09-15 04:25:51
内蒙古自治区,松花江流域,嵯岗,2026-09-15 04:00,4,14.13,7.92,9.02,206.527,56.059,9.08,,0.101,0.513,,,2026-09-15 04:25:51
内蒙古自治区,松花江流域,成吉思汗,2026-09-15 03:00,2,14.72,7.09,9.1,144.21,11.47,2.03,0.018,0.023,1.294,,,2026-09-15 04:25:51
内蒙古自治区,松花江流域,讷尔克气,2026-09-15 03:00,3,12.24,7.18,9.95,73.969,7.595,4.88,0.002,0.018,0.325,,,2026-09-15 04:25:51
内蒙古自治区,黄河流域,总排干入黄口,2026-09-15 03:00,4,19.494,8.75,10.87,3697.16,75.54,9.88,0.923,0.146,2.7198,,,2026-09-15 04:25:51
内蒙古自治区,黄河流域,三盛公,2026-09-15 03:00,2,21.87725,8.34,8.21,985.7696,898.5645,2.75,0.053,0.035,2.808,,,2026-09-15 04:25:51
内蒙古自治区,松花江流域,大山矿,2026-09-15 03:00,2,10.58,7.97,10.18,227.55,9.44,2.88,,0.022,0.23,,,2026-09-15 04:25:51
内蒙古自治区,松花江流域,斯力很,2026-09-15 02:00,2,16.3,7.97,8.76,272.4,35.9,2.48,,0.05,2.651,,,2026-09-15 04:25:51
内蒙古自治区,松花江流域,察尔森水库西入口,2026-09-15 03:00,3,18.55,7.69,7.9,164.08,51.84,3.55,0.001,0.03,1.43,0.00807,4039250,2026-09-15 04:25:51
辽宁省,辽河流域,蒲河沿,2026-09-15 03:00,4,18.77,7.97,3.87,778.7,53.3,7.97,0.051,0.162,3.1837,,,2026-09-15 04:25:51
辽宁省,辽河流域,于台,2026-09-15 03:00,4,19.47,7,5.28,877.073,8.496,3.35,1.313,0.102,7.884,,,2026-09-15 04:25:51
辽宁省,辽河流域,巨流河大桥,2026-09-15 03:00,4,20.5,8.37,11.78,555,71.5,7.99,,0.107,1.904,,,2026-09-15 04:25:51
辽宁省,辽河流域,兴国桥,2026-09-15 03:00,2,15.23,7.25,6.06,662.351,5.18,2.24,,0.018,1.26,,,2026-09-15 04:25:51
辽宁省,辽河流域,城子坦,2026-09-15 03:00,6,22.98529,9.35,11.9,261.5815,7.16558,3.29,0.013,0.043,2.32064,,,2026-09-15 04:25:51
辽宁省,辽河流域,麦家,2026-09-15 03:00,3,22.25,8.23,8.76,482.2,17.33,4.7,0.035,0.085,2.088,,,2026-09-15 04:25:51
辽宁省,辽河流域,复州湾大桥,2026-09-15 03:00,2,19.7885,8.07,7.49,565.147,3.12675,3.68,0.038,0.046,3.868,,,2026-09-15 04:25:51
辽宁省,辽河流域,三台子,2026-09-15 03:00,3,22.96535,8.37,9.73,964.0428,26.71371,5.19,0.02,0.098,3.32472,,,2026-09-15 04:25:51
辽宁省,辽河流域,万泰,2026-09-15 03:00,2,23.63,8.38,9.26,140.845,7.73585,3.13,0.009,0.019,2.57738,,,2026-09-15 04:25:51
辽宁省,辽河流域,登化,2026-09-15 03:00,4,20.709,8.59,11.75,653.487,19.6558,6.12,0.021,0.127,4.125,,,2026-09-15 04:25:51
辽宁省,辽河流域,小姐庙,2026-09-15 03:00,3,22.29,7.84,5.82,769.5,9.67,1.92,0.042,0.069,4.544,,,2026-09-15 04:25:51
辽宁省,辽河流域,口子街,2026-09-15 03:00,2,20.42,8.45,7.41,295.9,3.37679,1.87,0.036,0.014,3.277,,,2026-09-15 04:25:51
辽宁省,辽河流域,牛庄,2026-09-15 03:00,2,26.2855,7.98,7.83,,6.39084,3.78,0.077,0.072,2.799,,,2026-09-15 04:25:51
辽宁省,辽河流域,关门山大桥,2026-09-15 03:00,2,18.74,7.92,6.57,389.318,3.889,1.45,,0.008,4.707,,,2026-09-15 04:25:51
辽宁省,辽河流域,刘家台,2026-09-15 03:00,2,20.545,8.45,10.82,719.838,36.09,3.53,0.012,0.084,4.589,,,2026-09-15 04:25:51
辽宁省,辽河流域,大伙房水库,2026-09-15 03:00,2,21.7,6.98,8.29,217.69,15.28,3.41,0.053,0.04,4.203,0.04542,,2026-09-15 04:25:51
辽宁省,辽河流域,北杂木,2026-09-15 03:00,1,17.19,7.39,9.77,348.76,3.5,1.87,,0.018,5.554,,,2026-09-15 04:25:51
辽宁省,辽河流域,台沟,2026-09-15 03:00,2,16.2,7.79,8.72,258.23,5.68,1.2,,0.024,3.629,,,2026-09-15 04:25:51
辽宁省,辽河流域,北太子河入观音阁水库口,2026-09-15 03:00,1,18.3438,7.73,8.66,260.5875,26.67,1.52,0.007,0.018,4.878216,,,2026-09-15 04:25:51
辽宁省,辽河流域,老官砬子,2026-09-15 03:00,1,17.85,7.84,8.17,332.3,2.2,1.78,0.014,0.016,2.687,,,2026-09-15 04:25:51
辽宁省,辽河流域,兴安,2026-09-15 03:00,2,20.7,7.72,6.01,450.1,6.7,1.94,0.027,0.025,3.059,,,2026-09-15 04:25:51
辽宁省,辽河流域,凤鸣电站,2026-09-15 03:00,1,20.8,8.21,9.04,211.31,7.548,1.94,,0.02,3.186,,,2026-09-15 04:25:51
辽宁省,辽河流域,南太子河入库口,2026-09-15 03:00,1,18.27,7.48,7.8,188.6,1.99,0.28,0.01,0.006,4.772,,,2026-09-15 04:25:51
辽宁省,辽河流域,江桥,2026-09-15 03:00,3,22.21,7.14,5.2,154.3,11.63,1.4,,0.013,2.505,,,2026-09-15 04:25:51
辽宁省,辽河流域,爱河大桥,2026-09-15 03:00,2,21.3854,7.59,7.26,212.897,3.48061,1.41,0.029,0.032,3.666,,,2026-09-15 04:25:51
辽宁省,辽河流域,蒲石河大桥,2026-09-15 03:00,1,22.08,7.57,7.94,222.59,5.709,1.63,0.038,0.014,3.225,,,2026-09-15 04:25:51
辽宁省,辽河流域,王家沟,2026-09-15 03:00,2,20.8,8.14,7.86,662.75,7.02,1.96,0.006,0.024,5.139,,,2026-09-15 04:25:51
辽宁省,辽河流域,西八千,2026-09-15 03:00,2,20.09,8.52,8.54,690.98,11.16,3.15,0.011,0.038,4.723,,,2026-09-15 04:25:51
辽宁省,辽河流域,女儿河入河口,2026-09-15 03:00,2,22.29,7.98,13.65,958.14,12.75,1.56,0.004,0.031,14.879,,,2026-09-15 04:25:51
辽宁省,辽河流域,何家信子,2026-09-15 03:00,3,20.11,7.96,5.87,477.3,2.36,2.98,,0.022,1.214,,,2026-09-15 04:25:51
辽宁省,辽河流域,西树林,2026-09-15 03:00,3,21.39,7.91,6.73,892.2,29.9,4.08,0.151,0.136,5.246,,,2026-09-15 04:25:51
辽宁省,辽河流域,高台子,2026-09-15 03:00,6,19.75,7.46,1.64,1278.34,23.481,3.86,0.0001,0.079,7.137,,,2026-09-15 04:25:51
辽宁省,辽河流域,茧场,2026-09-15 03:00,1,20.25,8.9,9.01,303.9634,10.87827,1.89,0.008,0.007,6.21488,,,2026-09-15 04:25:51
辽宁省,辽河流域,大清河口,2026-09-15 03:00,4,22.11,8.69,11.36,501.96,22.533,6.15,0.024,0.064,4.64,,,2026-09-15 04:25:51
辽宁省,辽河流域,东羊角,2026-09-15 03:00,3,19.53,7.54,6.53,746.4,18.9,3.21,0.373,0.163,6.712,,,2026-09-15 04:25:51
辽宁省,辽河流域,下口子,2026-09-15 03:00,2,21.62,7.88,8.75,630.7,6.82,2.75,0.006,0.046,4.239,,,2026-09-15 04:25:51
辽宁省,辽河流域,河洪桥,2026-09-15 03:00,3,19.5954,7.34,7.74,640.697,43.9259,3.79,0.053,0.137,7.611,,,2026-09-15 04:25:51
辽宁省,辽河流域,二道河水库口,2026-09-15 03:00,2,16.981,7.84,6.47,419.764,2.02158,1.02,0.002,0.007,3.067,,,2026-09-15 04:25:51
辽宁省,辽河流域,下王家,2026-09-15 03:00,2,19.7617,7.44,6.66,593.323,2.77422,1.56,,0.023,4.924,,,2026-09-15 04:25:51
辽宁省,辽河流域,汤河桥,2026-09-15 03:00,2,19.77,7.75,7.73,524.4,5.6028,0.9,0.014,0.025,4.365,,,2026-09-15 04:25:51
辽宁省,辽河流域,下达河入汤河水库口,2026-09-15 03:00,2,15.5468,7.91,6.89,428.126,2.415,1.63,0.002,0.011,3.692,,,2026-09-15 04:25:51
辽宁省,辽河流域,丁家柳河桥,2026-09-15 03:00,4,21.68,7.91,5.07,592.101,44.011,6.01,0.064,0.112,1.063,,,2026-09-15 04:25:51
辽宁省,辽河流域,盘锦兴安,2026-09-15 04:00,5,20.81,7.68,2.74,547.5,29.27,6.19,0.037,0.094,1.232,,,2026-09-15 04:25:51
辽宁省,辽河流域,曙光大桥,2026-09-15 03:00,3,22.5,7.65,5.82,942.15,60.52,4.99,0.029,0.114,1.906,,,2026-09-15 04:25:51
辽宁省,辽河流域,胜利塘,2026-09-15 03:00,4,21.54,7.8,3.15,1343.43,49.3,6.59,0.044,0.122,1.181,,,2026-09-15 04:25:51
辽宁省,辽河流域,鲜峰桥,2026-09-15 03:00,4,21.1,7.9,7.61,1061.19,91.806,8.25,,0.2,0.389,,,2026-09-15 04:25:51
辽宁省,辽河流域,清辽,2026-09-15 03:00,2,19.748,7.69,8.62,524.7,11.7,2.58,0.016,0.055,5.824,,,2026-09-15 04:25:51
辽宁省,辽河流域,通江口,2026-09-15 03:00,3,20.03,8.24,9.06,766.74,53.39,5.35,,0.103,3.733,,,2026-09-15 04:25:51
辽宁省,辽河流域,柴河水库入库口,2026-09-15 03:00,2,17.82,8.01,8.8,462.43,22.75,1.78,,0.049,6.705,,,2026-09-15 04:25:51
辽宁省,辽河流域,亮子河入河口,2026-09-15 03:00,3,17.76,7.74,6.6,686.88,54.08,4.76,0.022,0.158,3.415,,,2026-09-15 04:25:51
辽宁省,辽河流域,清河水库入库口,2026-09-15 03:00,2,13.99,7.61,8.28,346.13,6.05,1.21,,0.037,7.191,,,2026-09-15 04:25:51
辽宁省,辽河流域,凌鸿大桥,2026-09-15 03:00,2,21.02,8.28,8.98,763.7,15.1,1.56,0.01,0.034,10.603,,,2026-09-15 04:25:51
辽宁省,辽河流域,章吉营,2026-09-15 03:00,2,19.63,8.22,8.26,856.2,7.8,1.58,,0.034,9.9063,,,2026-09-15 04:25:51
辽宁省,辽河流域,大凌河西支入河口,2026-09-15 03:00,2,15.6,7.97,6.86,933.08,4.57,1.37,,0.026,21.19,,,2026-09-15 04:25:51
辽宁省,辽河流域,李家湾大桥,2026-09-15 03:00,2,15,7.88,8.78,511.7,48.5,1.43,,0.039,4.605,,,2026-09-15 04:25:51
辽宁省,辽河流域,红石碑入海前,2026-09-15 03:00,3,21.89,8.29,15.4,1153.114,23.29,5.09,0.006,0.067,3.153,,,2026-09-15 04:25:51
辽宁省,辽河流域,小渔场,2026-09-15 03:00,3,23.82,7.48,5.58,26534.43,1.45,1.63,0.126,0.05,4.653,,,2026-09-15 04:25:51
吉林省,松花江流域,新立城大坝,2026-09-15 03:00,6,20.25,9.09,7.98,280.875,27.2563,5.06,0.055,0.055,0.974,,,2026-09-15 04:25:51
吉林省,松花江流域,松花江村,2026-09-15 03:00,3,18.4,7.12,8.25,255.47,74.56,4.36,0.092,0.194,3.946,,,2026-09-15 04:25:51
吉林省,松花江流域,靠山南楼,2026-09-15 03:00,3,18.33,8.04,8.46,634.85,38.98,5.42,0.143,0.17,5.16,,,2026-09-15 04:25:51
吉林省,松花江流域,砖瓦窑桥,2026-09-15 03:00,5,15.62,7.63,6.11,567.42,31.28,11.45,0.013,0.117,3.255,,,2026-09-15 04:25:51
吉林省,松花江流域,镇江口,2026-09-15 03:00,3,18.35,7.79,8.87,304.6,72.51,4.4,,0.121,4.13,,,2026-09-15 04:25:51
吉林省,松花江流域,靠山大桥,2026-09-15 03:00,4,17.87,8.22,9.82,776.2,72.3,6.98,0.044,0.263,5.196,,,2026-09-15 04:25:51
吉林省,松花江流域,饮马河大桥,2026-09-15 03:00,2,18.29,7.65,7.67,238.25,37.17,3.23,,0.067,3.114,,,2026-09-15 04:25:51
吉林省,松花江流域,刘珍屯,2026-09-15 03:00,3,18.56,7.48,8.23,516.37,49.19,3.02,0.09,0.163,3.27,,,2026-09-15 04:25:51
吉林省,松花江流域,周家河口,2026-09-15 04:00,3,15.74,7.64,8.64,625.68,196.33,4.33,,0.124,4.128,,,2026-09-15 04:25:51
吉林省,松花江流域,白旗,2026-09-15 03:00,3,18.6938,7.32,7.9,228.852,54.2875,4.03,0.046,0.102,4.3268,,,2026-09-15 04:25:51
吉林省,松花江流域,白山大桥,2026-09-15 03:00,4,17.1,6.83,5.48,112.928,29.652,6.79,,0.048,2.188,,,2026-09-15 04:25:51
吉林省,松花江流域,福兴,2026-09-15 03:00,3,18.94,9,12.27,359.86,22.334,5.06,0.017,0.054,3.357,,,2026-09-15 04:25:51
吉林省,松花江流域,桦树林,2026-09-15 03:00,3,17.98,7.74,7.5,191.183,30.449,5.71,0.018,0.054,2.503,0.04761,659456,2026-09-15 04:25:51
吉林省,松花江流域,官厅桥,2026-09-15 03:00,2,18.54,7.49,7.7,375.3,20.626,3.28,0.167,0.084,1.53,,,2026-09-15 04:25:51
吉林省,松花江流域,蛟河口,2026-09-15 03:00,3,14.67,7.25,7.94,334.112,75.019,4.97,0.139,0.081,4.957,,,2026-09-15 04:25:51
吉林省,松花江流域,哨口,2026-09-15 03:00,2,19.4472,7.09,8.06,227.681,33.5329,3.94,0.078,0.074,3.928,,,2026-09-15 04:25:51
吉林省,松花江流域,肖家船口,2026-09-15 03:00,2,12.5983,6.52,6.93,203.851,8.5341,1.27,0.049,0.031,1.678,,,2026-09-15 04:25:51
吉林省,松花江流域,烟筒山,2026-09-15 03:00,2,16.58,7.97,9.14,358.509,43.048,3.03,0.072,0.056,3.818,,,2026-09-15 04:25:51
吉林省,辽河流域,四双大桥,2026-09-15 03:00,2,16.97,8.18,9.13,666.67,28.31,3.29,,0.054,2.088,,,2026-09-15 04:25:51
吉林省,辽河流域,城子上,2026-09-15 03:00,2,18.17,8.24,8.19,526.13,6.72,3.18,0.013,0.057,3.009,,,2026-09-15 04:25:51
吉林省,辽河流域,六家子,2026-09-15 03:00,3,16.39,7.86,9.44,827.8,11.2,3.03,0.021,0.104,8.6375,,,2026-09-15 04:25:51
吉林省,辽河流域,林家,2026-09-15 03:00,3,17.5,7.86,8.26,811.5,25.6,5.39,0.055,0.149,7.498,,,2026-09-15 04:25:51
吉林省,辽河流域,河清,2026-09-15 03:00,2,16.82,7.86,6.34,1092.8,9.37,3.7,,0.032,6.365,,,2026-09-15 04:25:51
吉林省,辽河流域,民主,2026-09-15 03:00,2,19.14,8.59,8.92,334.9,19.936,3.4,0.008,0.025,3.023,,,2026-09-15 04:25:51
吉林省,松花江流域,高集岗桥,2026-09-15 03:00,2,18.65,8.18,8.97,270.7,16.484,2.06,0.02,0.029,3.488,,,2026-09-15 04:25:51
吉林省,辽河流域,云峰,2026-09-15 03:00,3,20.945,7.13,5.05,130.001,19.5508,2.24,0.017,0.019,1.705,,,2026-09-15 04:25:51
吉林省,辽河流域,老虎哨,2026-09-15 03:00,2,20.634,7.36,7.16,115.025,18.6538,2.74,0.042,0.013,2.06,,,2026-09-15 04:25:51
吉林省,辽河流域,鸠谷,2026-09-15 03:00,2,11.7,7.51,9.87,133.4,23.5,1.99,0.087,0.056,1.311,,,2026-09-15 04:25:51
吉林省,辽河流域,葫芦套,2026-09-15 03:00,2,18.73,7.9,8.64,126.275,23.454,2.08,0.012,0.031,1.05,,,2026-09-15 04:25:51
吉林省,辽河流域,大阳岔,2026-09-15 03:00,2,9.84,8.04,6.85,291.088,8.278,0.53,,0.015,1.408,,,2026-09-15 04:25:51
吉林省,松花江流域,松林,2026-09-15 03:00,3,17.64,7.25,8.04,305.05,20.2,4.65,0.069,0.073,3.332,,,2026-09-15 04:25:51
吉林省,松花江流域,月亮湖下,2026-09-15 03:00,4,18.2,8.64,8.68,439.69,140.39,6.85,,0.054,1.706,,,2026-09-15 04:25:51
吉林省,松花江流域,圈河,2026-09-15 03:00,2,18.929,7.74,8.93,127.472,84.547,3.83,0.144,0.09,,,,2026-09-15 04:25:51
吉林省,松花江流域,大山,2026-09-15 03:00,3,17.61,8.1,9.28,160.014,38.941,5.25,0.163,0.102,1.844,,,2026-09-15 04:25:51
吉林省,松花江流域,崇善,2026-09-15 03:00,3,10.99,7.54,11.27,88.775,27.716,4.36,0.053,0.1,0.901,,,2026-09-15 04:25:51
吉林省,松花江流域,榆树川,2026-09-15 03:00,2,16.01,7.98,8.61,218.157,25.289,2.59,0.018,0.052,2.121,,,2026-09-15 04:25:51
吉林省,松花江流域,石井,2026-09-15 03:00,2,16.68,7.81,8.7,247.969,67.344,3.61,0.086,0.088,1.855,,,2026-09-15 04:25:51
吉林省,松花江流域,三家子,2026-09-15 03:00,3,18.86,7.49,8.78,96.922,43.114,4.29,0.02,0.102,1.159,,,2026-09-15 04:25:51
吉林省,松花江流域,建封路大桥,2026-09-15 03:00,2,10.04,7.64,10.12,200.313,9.905,1.95,0.011,0.071,0.733,,,2026-09-15 04:25:51
黑龙江省,松花江流域,朱顺屯,2026-09-15 03:00,4,19.7211,7.77,6.81,234.479,93.8221,7.15,0.059,0.16,1.642,,,2026-09-15 04:25:51
黑龙江省,松花江流域,阿什河口内,2026-09-15 03:00,4,18.265,7.21,4.64,614.74,19.43,3.41,0.741,0.145,4.82,,,2026-09-15 04:25:51
黑龙江省,松花江流域,呼兰河口内,2026-09-15 03:00,4,16.46,7.42,8.56,236.32,167.33,9.86,0.258,0.223,2.5,,,2026-09-15 04:25:51
黑龙江省,松花江流域,大顶子山,2026-09-15 03:00,3,19.6097,7.71,7.68,244.349,54.054,5.45,0.056,0.111,3.513,,,2026-09-15 04:25:51
黑龙江省,松花江流域,牡丹江口内,2026-09-15 03:00,3,15.59,7.5,9.68,131.75,72.17,5.62,0.151,0.126,2.463,,,2026-09-15 04:25:51
黑龙江省,松花江流域,拉哈,2026-09-15 03:00,4,18.37,7.69,8.06,113.055,34.87,8.36,,0.086,1.318,,,2026-09-15 04:25:51
黑龙江省,松花江流域,查哈阳乡,2026-09-15 03:00,2,14.4,7.56,9.6,94.7,23.8,3.96,,0.042,0.616,,,2026-09-15 04:25:51
黑龙江省,松花江流域,音河水库,2026-09-15 03:00,3,17.81,7.75,8.23,229.38,122.38,4.61,,0.095,3.409,,,2026-09-15 04:25:51
黑龙江省,松花江流域,浏园,2026-09-15 03:00,4,17.21,7.45,8.45,123.9,57.6,8,,0.081,2.257,,,2026-09-15 04:25:51
黑龙江省,松花江流域,富源村,2026-09-15 03:00,4,17.65,7.63,8.26,101.83,25.18,9.05,0.02,0.068,0.774,,,2026-09-15 04:25:51
黑龙江省,松花江流域,泄洪1闸,2026-09-15 03:00,4,17.587,8.81,9.38,245.265,121.115,6.68,,0.083,1.351,0.011,16640,2026-09-15 04:25:51
黑龙江省,松花江流域,858九队,2026-09-15 03:00,6,21.92,9.29,8.86,136.9,30.2635,5.77,0.179,0.098,1.3523,,,2026-09-15 04:25:51
黑龙江省,松花江流域,名山,2026-09-15 03:00,4,15.459,7.72,9.42,128.952,32.136,9.19,0.056,0.042,0.663,,,2026-09-15 04:25:51
黑龙江省,松花江流域,饶河上,2026-09-15 03:00,4,17.66,6.82,6.13,73.9,13.676,9.36,0.015,0.06,0.915,,,2026-09-15 04:25:51
黑龙江省,松花江流域,嫩江口内,2026-09-15 03:00,4,18.6,7.79,8.72,169.044,84.334,7.04,,0.106,1.58,,,2026-09-15 04:25:51
黑龙江省,松花江流域,友好,2026-09-15 03:00,6,12.47,7.11,9.73,84.342,15.516,15.94,0.017,0.064,1.317,,,2026-09-15 04:25:51
黑龙江省,松花江流域,嘉荫,2026-09-15 03:00,4,15.63,7.46,9.1,125.286,15.888,9.68,0.03,0.049,0.772,,,2026-09-15 04:25:51
黑龙江省,松花江流域,双河渠首,2026-09-15 03:00,3,14.94,7.23,9.08,137,32.8,4.88,0.047,0.07,3.075,,,2026-09-15 04:25:51
黑龙江省,松花江流域,海浪,2026-09-15 03:00,3,16.94,7.42,9.72,142.2,37.42,4.54,0.027,0.068,2.748,,,2026-09-15 04:25:51
黑龙江省,松花江流域,三道,2026-09-15 03:00,5,21.74,7.27,6.33,120.27,108.86,5.26,0.054,0.121,3.081,0.05542,29312,2026-09-15 04:25:51
黑龙江省,松花江流域,电视塔,2026-09-15 03:00,5,21.09,7.05,5.83,100.3,82.631,7.76,0.051,0.126,2.703,0.00262,15424,2026-09-15 04:25:51
黑龙江省,松花江流域,海浪河口内,2026-09-15 03:00,2,16.1,6.78,8.77,112.4,40.41,3.43,0.035,0.014,2.399,,,2026-09-15 04:25:51
黑龙江省,松花江流域,黑河下,2026-09-15 03:00,4,14.29,7.62,8.93,147.8387,24.8727,9.1,0.014,0.057,0.5898,,,2026-09-15 04:25:51
黑龙江省,松花江流域,呼玛上,2026-09-15 03:00,4,14.713,7.44,9.85,156.939,15.593,8.07,0.046,0.064,0.931,,,2026-09-15 04:25:51
黑龙江省,松花江流域,呼玛河口内,2026-09-15 03:00,3,14.02,7.42,9.58,73.553,1.75,5.88,,0.022,0.214,,,2026-09-15 04:25:51
黑龙江省,松花江流域,加格达奇上,2026-09-15 03:00,3,11.79,6.98,9.7,64.349,5.6922,4.43,,0.012,0.214,,,2026-09-15 04:25:51
上海市,长江流域,富锦路桥,2026-09-15 03:00,3,27.9,7.83,5.15,467.8,54.5,3.02,0.022,0.127,2.423,,,2026-09-15 04:25:51
上海市,太湖流域,明星路桥,2026-09-15 03:00,3,26.65,7.35,5.93,434.1865,48.08868,3.99,0.073,0.107,1.23286,,,2026-09-15 04:25:51
上海市,太湖流域,浙江路桥,2026-09-15 03:00,4,27.743,7.58,4.37,401.886,45.093,4.14,,0.26,2.5,,,2026-09-15 04:25:51
上海市,太湖流域,闵行西界,2026-09-15 04:00,4,27.56,7.4,4.05,386.63,52.14,3.3,0.042,0.109,1.844,,,2026-09-15 04:25:51
上海市,太湖流域,吴淞口,2026-09-15 03:00,3,27.426,7.89,6.73,367.596,148.893,2.89,0.004,0.137,2.226,,,2026-09-15 04:25:51
上海市,太湖流域,蕴川路桥,2026-09-15 04:00,3,26.5,7.88,6.32,450.31,69.27,2.47,,0.107,2.078,,,2026-09-15 04:25:51
上海市,太湖流域,黄渡,2026-09-15 03:00,4,26.88,7.57,4.83,627.4,55.28,3.12,0.164,0.123,2.301,,,2026-09-15 04:25:51
上海市,太湖流域,三甲港,2026-09-15 03:00,3,27.93,7.89,7.09,423,78.56,2.26,0.129,0.103,1.851,,,2026-09-15 04:25:51
上海市,太湖流域,二团,2026-09-15 03:00,3,27.1,7.65,5.89,452.79,27.54,2.47,,0.106,1.455,,,2026-09-15 04:25:51
上海市,太湖流域,横潦泾,2026-09-15 03:00,4,26.83,7.4,4.13,377.51,66,3.47,,0.112,1.599,,,2026-09-15 04:25:51
上海市,太湖流域,斜塘口,2026-09-15 03:00,4,27.57,7.34,4.27,377.83,83.93,3.4,,0.058,1.468,,,2026-09-15 04:25:51
上海市,太湖流域,急水港桥,2026-09-15 04:00,4,26.29,7.5,3.22,478.9,23.8,,,,,0.0077,2823009,2026-09-15 04:25:51
上海市,太湖流域,淀峰,2026-09-15 03:00,3,26.6,8.35,7.42,399.16,49.05,4.08,,0.128,1.011,,,2026-09-15 04:25:51
上海市,太湖流域,太浦河桥,2026-09-15 03:00,4,26.9,7.29,3.26,340.44,40.14,3.4,0.023,0.083,1.471,,,2026-09-15 04:25:51
上海市,太湖流域,钱桥,2026-09-15 03:00,3,27,7.7,5.38,401.3,39.9,2.24,0.01,0.109,1.49,,,2026-09-15 04:25:51
上海市,长江流域,七效港西桥,2026-09-15 03:00,2,27.03,7.9,8.71,368.95,42.85,2.3,0.012,0.086,1.873,,,2026-09-15 04:25:51
上海市,长江流域,五效,2026-09-15 03:00,2,27.46,7.96,7.23,319.06,52.08,1.58,,0.04,1.496,,,2026-09-15 04:25:51
江苏省,长江流域,陈浅,2026-09-15 03:00,5,26.34,7.35,2.75,256.4,63.71,4.02,0.142,0.311,0.87,,,2026-09-15 04:25:51
江苏省,长江流域,七桥瓮,2026-09-15 03:00,3,26.95,7.74,5.09,323.99,39.65,2.71,0.041,0.095,1.621,,,2026-09-15 04:25:51
江苏省,长江流域,钱家渡,2026-09-15 03:00,3,27.73,7.6,5.44,268.09,36.52,3.14,0.01,0.063,0.782,,,2026-09-15 04:25:51
江苏省,太湖流域,锡东水厂,2026-09-15 04:00,3,26.48,8.82,8.12,381.61,23.34,2.45,0.056,0.034,0.682,0.00506,959160,2026-09-15 04:25:51
江苏省,太湖流域,蠡桥,2026-09-15 03:00,2,26.88,8.39,7.85,389.17,41.64,2.7,0.111,0.049,0.393,,,2026-09-15 04:25:51
江苏省,太湖流域,百渎港桥,2026-09-15 03:00,4,28.04,7.53,4.69,492.3,32.27,2.87,0.002,0.108,2.134,,,2026-09-15 04:25:51
江苏省,太湖流域,大浦港桥,2026-09-15 03:00,4,27.56,7.53,4.02,383.7,74.9,4.36,0.077,0.109,1.494,,,2026-09-15 04:25:51
江苏省,太湖流域,五牧,2026-09-15 03:00,3,27.24,7.22,5.83,336.47,30.28,1.84,0.097,0.111,2.597,,,2026-09-15 04:25:51
江苏省,太湖流域,拖山,2026-09-15 04:00,4,26.44,8.72,8.17,333.85,61.22,3.3,,0.091,1.66,0.00699,6050941,2026-09-15 04:25:51
江苏省,太湖流域,五里湖心,2026-09-15 04:00,4,26.48,8.11,6.94,394.75,30.69833,3.29,,0.077,0.357,0.00432,8496574,2026-09-15 04:25:51
江苏省,太湖流域,金潼桥,2026-09-15 03:00,2,27.43,7.92,7.26,278.9,33.69,1.68,0.022,0.064,1.832,,,2026-09-15 04:25:51
江苏省,太湖流域,大港桥,2026-09-15 03:00,2,25.9,6.96,8.23,149.33,2.02,2.44,0.033,0.025,1.766,,,2026-09-15 04:25:51
江苏省,太湖流域,潘家坝,2026-09-15 03:00,2,27.67,7.58,6.07,350.1,37.28,2.53,,0.095,1.867,,,2026-09-15 04:25:51
江苏省,太湖流域,长济桥,2026-09-15 03:00,2,27.2,7.92,7.12,287.8,20.35,1.65,0.012,0.065,1.901,,,2026-09-15 04:25:51
江苏省,太湖流域,钓邾大桥,2026-09-15 03:00,2,27.44,8.1,6.81,407.31,32.98,2.98,0.108,0.074,1.31,,,2026-09-15 04:25:51
江苏省,长江流域,小湾,2026-09-15 03:00,2,26.9,7.9,6.94,271.64,32.13,1.53,,0.062,1.78,,,2026-09-15 04:25:51
江苏省,淮河流域,李庄,2026-09-15 03:00,3,26.31,8.19,8.03,615.3,12.2,4.94,0.082,0.122,2.514,,,2026-09-15 04:25:51
江苏省,淮河流域,蔺家坝,2026-09-15 03:00,5,25.56,7.61,2.63,1578.9,39.1,5.01,0.03,0.109,1.187,,,2026-09-15 04:25:51
江苏省,淮河流域,李集桥,2026-09-15 03:00,5,24.69,7.87,2.72,1327.02,20.38,4.53,0.226,0.065,1.077,,,2026-09-15 04:25:51
江苏省,淮河流域,华山闸,2026-09-15 03:00,4,24.84,8.17,3.77,1176.3,8.96,5.16,0.014,0.057,0.784,,,2026-09-15 04:25:51
江苏省,淮河流域,沙庄桥,2026-09-15 03:00,4,25.99,8.16,6.9,1191.4,20.1,7.32,0.097,0.086,1.614,,,2026-09-15 04:25:51
江苏省,淮河流域,张楼,2026-09-15 03:00,3,26.086,7.74,5,1266.149,12.019,3.94,0.244,0.084,1.07,,,2026-09-15 04:25:51
江苏省,淮河流域,沙集西闸,2026-09-15 03:00,4,26.03,7.58,4,714.41,35.8,2.8,0.105,0.108,0.919,,,2026-09-15 04:25:51
江苏省,淮河流域,艾山西大桥,2026-09-15 03:00,3,24.038,7.9,12.18,814.619,22.838,5.99,0.069,0.063,4.49,,,2026-09-15 04:25:51
江苏省,淮河流域,下楼公路桥,2026-09-15 03:00,2,24.93,7.75,10.17,981.32,9.79,3.71,0.08,0.066,0.7685,,,2026-09-15 04:25:51
江苏省,长江流域,魏村,2026-09-15 03:00,2,26.89,7.78,6.49,273.09,41.43,1.39,,0.075,1.83,,,2026-09-15 04:25:51
江苏省,太湖流域,姚巷桥,2026-09-15 04:00,2,28.08,8.2,7.68,381.13,10.77,3.23,,0.099,2.02,,,2026-09-15 04:25:51
江苏省,太湖流域,黄埝桥,2026-09-15 03:00,2,26.89,7.8,6.09,314.6,35.51,1.94,0.048,0.086,1.706,,,2026-09-15 04:25:51
江苏省,太湖流域,落蓬湾,2026-09-15 03:00,2,28.73,7.82,7.57,289,55.7,3.54,0.038,0.071,0.884,,,2026-09-15 04:25:51
江苏省,太湖流域,九号桥,2026-09-15 03:00,2,26.47,7.89,6.88,274.7,34,1.56,0.014,0.068,1.869,,,2026-09-15 04:25:51
江苏省,太湖流域,胥湖心,2026-09-15 04:00,2,26.42,8.87,8.25,329.67,8.82,2.21,,0.006,0.168,0.0006,142304.5,2026-09-15 04:25:51
江苏省,太湖流域,乌龟山南,2026-09-15 04:00,3,25.88,8.74,8.13,372.806,28.002,2.43,,0.028,0.479,0.00276,4719605,2026-09-15 04:25:51
江苏省,太湖流域,望亭上游,2026-09-15 03:00,3,27.36,7.66,6.56,463.38,31.14,2.49,0.124,0.122,2.829,,,2026-09-15 04:25:51
江苏省,太湖流域,千灯浦口,2026-09-15 04:00,4,26.83,7.21,3.42,545.986,35.587,3.11,0.035,0.1,1.3139,,,2026-09-15 04:25:51
江苏省,太湖流域,朱厍港口,2026-09-15 03:00,3,25.9,7.48,5.28,464.5,23.8,4.31,,0.096,0.968,,,2026-09-15 04:25:51
江苏省,太湖流域,浏河闸,2026-09-15 03:00,3,27.72,7.94,5.71,323.901,48.935,1.73,,0.091,1.9751,,,2026-09-15 04:25:51
江苏省,太湖流域,江边闸,2026-09-15 03:00,3,26.49,8,5.81,441.5,25.75,2.68,,0.071,1.068,,,2026-09-15 04:25:51
江苏省,太湖流域,瓜泾口西,2026-09-15 03:00,3,26.49,8.65,6.3,351.5,11.06,5.04,,0.044,0.705,,,2026-09-15 04:25:51
江苏省,太湖流域,航管站,2026-09-15 03:00,2,27.69,8.98,8.65,360.26,7.89,3.24,,0.028,0.29,,,2026-09-15 04:25:51
江苏省,太湖流域,越溪桥,2026-09-15 03:00,4,26.96,7.49,4.62,497.6,39.8,4.01,0.259,0.083,2.311,,,2026-09-15 04:25:51
江苏省,太湖流域,312国道桥,2026-09-15 03:00,2,26.99,8.63,7.36,362.7,17.64,3.57,0.021,0.031,0.4,,,2026-09-15 04:25:51
江苏省,太湖流域,赵屯,2026-09-15 03:00,3,27.01,7.58,5.35,827.501,44.698,3.39,0.05,0.125,2.952,,,2026-09-15 04:25:51
江苏省,淮河流域,东安闸桥西,2026-09-15 03:00,4,26.57,7.41,4.91,822.8,52.99,4.48,0.041,0.138,1.863,,,2026-09-15 04:25:51
江苏省,长江流域,九圩港桥,2026-09-15 03:00,3,26.8,7.75,5.99,290.8,40.1,1.51,0.02,0.072,1.516,,,2026-09-15 04:25:51
江苏省,长江流域,碾砣港闸,2026-09-15 03:00,2,26.95,7.79,6.18,298.1,58.9,1.89,0.022,0.086,1.73,,,2026-09-15 04:25:51
江苏省,长江流域,聚南大桥,2026-09-15 03:00,4,28.06,7.63,4.37,893.2,45.06,4.22,0.053,0.081,0.658,,,2026-09-15 04:25:51
江苏省,长江流域,大洋港桥,2026-09-15 03:00,3,27.1,7.84,6.25,400.7,27.69,1.77,,0.137,,,,2026-09-15 04:25:51
江苏省,淮河流域,小洋口,2026-09-15 03:00,3,25.27,7.79,7.86,1036.9,23.62,5.38,0.037,0.178,1.105,,,2026-09-15 04:25:51
江苏省,淮河流域,环东闸口,2026-09-15 03:00,4,26.86,7.54,4.03,745.3,41.9,3.75,0.069,0.234,1.999,,,2026-09-15 04:25:51
江苏省,淮河流域,北凌新闸,2026-09-15 03:00,4,25.18,8.3,10.74,1316.7,14.95,6.06,0.063,0.188,1.611,,,2026-09-15 04:25:51
江苏省,淮河流域,新浦大桥,2026-09-15 03:00,3,25.323,8.51,10,715.238,14.299,4.28,0.004,0.093,0.793,,,2026-09-15 04:25:51
江苏省,淮河流域,柴米河桥,2026-09-15 03:00,3,24.52,7.49,5.61,701.76,19.44,4.67,0.121,0.114,1.541,,,2026-09-15 04:25:51
江苏省,淮河流域,善后河闸,2026-09-15 03:00,6,25.52,7.44,4.32,711.523,68.38,3.22,0.056,0.436,1.506,,,2026-09-15 04:25:51
江苏省,淮河流域,灌河大桥,2026-09-15 03:00,5,25.73,7.54,3.32,827.5,271,5.68,0.158,0.303,2.591,,,2026-09-15 04:25:51
江苏省,淮河流域,新村桥,2026-09-15 03:00,3,25.12,7.51,5.49,636.91,22.44,4.36,0.063,0.132,2.767,,,2026-09-15 04:25:51
江苏省,淮河流域,沭南闸,2026-09-15 03:00,3,24.977,7.79,5.44,749.97,30.76,5.79,0.018,0.07,1.122,,,2026-09-15 04:25:51
江苏省,淮河流域,袁闸,2026-09-15 03:00,3,26.1,7.68,5.19,573.51,67.95,3.78,0.046,0.079,1.657,,,2026-09-15 04:25:51
江苏省,淮河流域,墩尚水漫桥,2026-09-15 03:00,6,24.68,7.47,0.31,641.202,6.651,5.12,0.03,0.049,1.163,,,2026-09-15 04:25:51
江苏省,淮河流域,烧香北闸,2026-09-15 03:00,3,24.801,8.7,11.44,5913.01,42.29,5.94,0.046,0.099,2.174,,,2026-09-15 04:25:51
江苏省,淮河流域,大浦闸,2026-09-15 03:00,2,25.893,7.67,11.48,1022.33,58.4,3.82,0.075,0.087,5.811,,,2026-09-15 04:25:51
江苏省,淮河流域,大板跳闸,2026-09-15 03:00,6,23.657,7.41,5.04,2273.12,447.21,9.68,1.414,0.461,7.861,,,2026-09-15 04:25:51
江苏省,淮河流域,海头大桥,2026-09-15 03:00,4,23.23,8.32,6.94,635.03,48.83,6.12,0.114,0.163,1.188,,,2026-09-15 04:25:51
江苏省,淮河流域,坝头桥,2026-09-15 03:00,4,24.898,8.87,10.49,470.27,14.62,6.21,,0.058,1.208,,,2026-09-15 04:25:51
江苏省,淮河流域,郑园桥,2026-09-15 03:00,3,24.7,7.86,8.06,654.827,15.919,4,0.049,0.112,2.422,,,2026-09-15 04:25:51
江苏省,淮河流域,新浦二桥,2026-09-15 03:00,2,25.102,7.77,6.79,809.804,18.54,3.74,0.006,0.076,1.784,,,2026-09-15 04:25:51
江苏省,淮河流域,淮河大桥,2026-09-15 03:00,3,26.58,7.57,5.7,442.61,45.5,2.9,0.141,0.09,1.909,,,2026-09-15 04:25:51
江苏省,淮河流域,五叉河口,2026-09-15 03:00,2,25.17,8.52,7.15,544.05,55.086,3.22,0.113,0.051,1.763,,,2026-09-15 04:25:51
江苏省,淮河流域,戴楼衡阳,2026-09-15 03:00,2,26.5,8.45,6.89,405.76,10.89,3.63,0.024,0.031,1.187,0.02034,,2026-09-15 04:25:51
江苏省,淮河流域,总渠苏嘴,2026-09-15 04:00,2,22.78,7.62,6.47,441.11,26.56,3.8,0.04,0.084,2.732,,,2026-09-15 04:25:51
江苏省,淮河流域,唐曹,2026-09-15 03:00,5,24.16,7.34,3.53,456,95.51,5.09,0.292,0.309,0.793,,,2026-09-15 04:25:51
江苏省,淮河流域,龙冈凤凰桥,2026-09-15 03:00,4,26.05,7.37,3.38,594.28,26.13,4.83,0.127,0.1,1.569,,,2026-09-15 04:25:51
江苏省,淮河流域,六垛闸,2026-09-15 03:00,4,26.048,7.29,3.38,753.41,16.6,5.14,0.016,0.12,1.745,,,2026-09-15 04:25:51
江苏省,淮河流域,城北大桥,2026-09-15 03:00,5,26.18,7.4,2.27,675.84,18.39,5.49,0.276,0.147,1.416,,,2026-09-15 04:25:51
江苏省,淮河流域,斗龙港闸,2026-09-15 03:00,6,24.671,7.3,0.34,1040.593,24.803,5.03,0.013,0.15,2.233,,,2026-09-15 04:25:51
江苏省,淮河流域,王港闸,2026-09-15 03:00,4,24.98,7.41,4.35,1639.62,31.79,5.35,0.042,0.196,1.735,,,2026-09-15 04:25:51
江苏省,长江流域,三江营,2026-09-15 03:00,2,26.55,7.93,7.32,267.7,43.4,1.82,,0.068,1.847,,,2026-09-15 04:25:51
江苏省,淮河流域,槐泗河口,2026-09-15 03:00,2,26.07,8.1,6.69,464.5,40.31,3.23,0.053,0.088,1.861,,,2026-09-15 04:25:51
江苏省,淮河流域,大运河船闸,2026-09-15 03:00,3,26.76,7.8,6.05,387.7,86.2,2.72,0.032,0.115,2.618,,,2026-09-15 04:25:51
江苏省,淮河流域,三垛西大桥,2026-09-15 03:00,4,25.86,7.16,3.6,589.8,51,5.56,0.091,0.137,1.916,,,2026-09-15 04:25:51
江苏省,淮河流域,江都西闸,2026-09-15 03:00,6,26.16,7.69,7.06,271.06,97.94,2.5,5.926,0.116,2.143,,,2026-09-15 04:25:51
江苏省,长江流域,冻青桥,2026-09-15 03:00,3,26.49,7.91,5.65,464.6,52.79,3.9,0.124,0.14,1.893,,,2026-09-15 04:25:51
江苏省,长江流域,小河口上游,2026-09-15 03:00,2,26.69,7.88,7.06,264.3,47.39,1.71,0.052,0.079,1.585,,,2026-09-15 04:25:51
江苏省,淮河流域,曹庄桥,2026-09-15 03:00,2,26.18,7.62,6.15,273.4,57.32,2.08,,0.076,1.728,,,2026-09-15 04:25:51
江苏省,太湖流域,辛丰镇,2026-09-15 03:00,2,26.97,7.89,6.4,275.9,38.76,2.02,0.025,0.077,1.668,,,2026-09-15 04:25:51
江苏省,太湖流域,林家闸,2026-09-15 03:00,2,26.82,7.83,6.97,275.9,22.67,2,,0.086,1.9569,,,2026-09-15 04:25:51
江苏省,长江流域,新河桥,2026-09-15 03:00,2,27.93,8.15,8.09,284.2,22.88,2.31,0.03,0.061,1.429,,,2026-09-15 04:25:51
江苏省,太湖流域,新港桥,2026-09-15 03:00,2,26.03,7.62,6.33,319.9,23.3,2.14,0.016,0.042,1.33,,,2026-09-15 04:25:51
江苏省,太湖流域,吕城,2026-09-15 03:00,3,27.27,7.68,6.04,295.94,34.35,2.34,,0.119,1.992,,,2026-09-15 04:25:51
江苏省,淮河流域,海陵大桥,2026-09-15 03:00,2,26.67,7.88,6.66,274.4,44.57,1.7,0.018,0.066,1.773,,,2026-09-15 04:25:51
江苏省,长江流域,马甸闸西,2026-09-15 03:00,2,26.84,7.77,6.88,291.3,30.31,1.75,0.028,0.055,2.049,,,2026-09-15 04:25:51
江苏省,长江流域,祥和大桥,2026-09-15 03:00,4,26.66,7.49,4.33,355.7,27.88,2.51,0.249,0.123,1.92,,,2026-09-15 04:25:51
江苏省,长江流域,新十圩港大桥,2026-09-15 03:00,3,26.93,7.7,5.73,321,43.5,2.29,0.085,0.107,2.141,,,2026-09-15 04:25:51
江苏省,长江流域,夏仕港大桥,2026-09-15 03:00,2,26.44,7.69,6.57,268.73,32.6,1.55,0.024,0.063,1.978,,,2026-09-15 04:25:51
江苏省,淮河流域,马陵翻水站,2026-09-15 03:00,2,25.04,8.03,6.22,524,54.72,3.19,0.07,0.056,1.497,,,2026-09-15 04:25:51
江苏省,淮河流域,临淮乡入湖口,2026-09-15 03:00,3,26.43,8.01,5.17,686.7,13.57,5.72,0.12,0.053,0.989,,,2026-09-15 04:25:51
江苏省,淮河流域,砖瓦厂,2026-09-15 03:00,3,26.2,8.57,8.85,771.6,44.52,5.2,0.011,0.13,0.744,,,2026-09-15 04:25:51
江苏省,淮河流域,顾勒大桥,2026-09-15 03:00,2,25.42,8.21,7.33,671.62,29.74,3.81,0.087,0.073,0.75,,,2026-09-15 04:25:51
江苏省,淮河流域,团结闸,2026-09-15 03:00,4,25.3,8.68,8.01,1459.1,14.27,7.77,0.05,0.062,1.256,,,2026-09-15 04:25:51
浙江省,浙闽片河流,小金山,2026-09-15 03:00,2,29.1,8.96,8.68,135.167,2.763,1.91,0.004,0.015,0.7202,,,2026-09-15 04:25:51
浙江省,浙闽片河流,三潭岛,2026-09-15 03:00,1,28.34,,8.08,119.418,2.668,1.43,0.002,0.009,0.5754,,,2026-09-15 04:25:51
浙江省,浙闽片河流,千岛湖大坝前,2026-09-15 03:00,1,29.57,8.71,7.73,128.163,1.831,1.39,0.023,0.01,0.683,,,2026-09-15 04:25:51
浙江省,太湖流域,汪家埠,2026-09-15 03:00,2,26.19,7.64,6.96,265.52,5.83,2.83,0.213,0.06,2.57,,,2026-09-15 04:25:51
浙江省,太湖流域,奉口,2026-09-15 03:00,4,26.85,7.21,4.38,247.6,9.63,2.01,0.082,0.045,2.414,,,2026-09-15 04:25:51
浙江省,浙闽片河流,桐君山,2026-09-15 03:00,2,26.85,7.51,7.65,156.63,5.64,1.21,0.029,0.054,1.58,,,2026-09-15 04:25:51
浙江省,浙闽片河流,洋溪渡,2026-09-15 03:00,2,19.6,7.14,6.16,158.305,2.825,0.87,0.005,0.011,0.8549,,,2026-09-15 04:25:51
浙江省,浙闽片河流,浦阳江出口,2026-09-15 03:00,3,26.93,7.67,5.87,190.1,37.07,1.93,0.065,0.042,1.66,,,2026-09-15 04:25:51
浙江省,太湖流域,五杭运河大桥,2026-09-15 03:00,4,27.55,7.2,3.48,356.1,19.57,3.05,0.549,0.086,2.687,,,2026-09-15 04:25:51
浙江省,浙闽片河流,桐庐,2026-09-15 03:00,2,25.92,7.22,6.13,188.2,8.6,1.57,,0.063,1.739,,,2026-09-15 04:25:51
浙江省,浙闽片河流,街口,2026-09-15 03:00,2,29.23,8.57,8.66,151.63,0.35,1.18,0.007,0.032,0.836,,,2026-09-15 04:25:51
浙江省,浙闽片河流,大嵩,2026-09-15 03:00,4,27.15,6.71,3.52,232.41,19.86,,0.061,0.064,1.708,,,2026-09-15 04:25:51
浙江省,浙闽片河流,北湖中心,2026-09-15 03:00,4,26.76,6.45,4.71,92.82,19.37,2.9,0.034,0.044,0.772,,560011.5,2026-09-15 04:25:51
浙江省,浙闽片河流,梁桥,2026-09-15 04:00,2,25.33,6.72,6.81,93,5.38,0.88,0.029,0.049,1.94,,,2026-09-15 04:25:51
浙江省,浙闽片河流,四灶浦闸,2026-09-15 03:00,3,26.86,8.58,7.72,4467.62,5.47,5.52,0.002,0.045,0.852,,,2026-09-15 04:25:51
浙江省,浙闽片河流,赵山渡,2026-09-15 03:00,1,23.93,6.73,7.77,38.65,10.14,1.03,0.002,0.01,0.568,,,2026-09-15 04:25:51
浙江省,浙闽片河流,小旦,2026-09-15 03:00,2,24.79,6.94,6.58,47.61,5.39,1.27,0.006,0.04,0.728,,,2026-09-15 04:25:51
浙江省,浙闽片河流,龙湾,2026-09-15 03:00,3,26.44,8.11,5.7,8363,1458,1.23,0.068,0.058,1.157,,,2026-09-15 04:25:51
浙江省,浙闽片河流,大荆,2026-09-15 03:00,2,26.6,7.43,9.59,97.47,10.86,1.89,0.013,0.032,0.788,,,2026-09-15 04:25:51
浙江省,浙闽片河流,蒲岐,2026-09-15 03:00,4,27.36,6.94,4.96,173.5,19.27,3.15,0.299,0.108,1.92,,,2026-09-15 04:25:51
浙江省,浙闽片河流,沙头,2026-09-15 03:00,1,26.87,7.29,8.52,43.58,0.54,0.6,0.005,0.017,0.516,,,2026-09-15 04:25:51
浙江省,浙闽片河流,清水埠,2026-09-15 03:00,3,26.24,8.08,5.35,208.45,2720.62,1.19,0.018,0.065,1.196,,,2026-09-15 04:25:51
浙江省,浙闽片河流,江口渡,2026-09-15 03:00,2,26.11,7.9,8.5,22250,1180,1.21,0.126,0.087,1.911,,,2026-09-15 04:25:51
浙江省,浙闽片河流,第三农业站,2026-09-15 03:00,3,26.27,7.93,5.11,19961.5,1933.81,1.81,0.112,0.074,1.41,,,2026-09-15 04:25:51
浙江省,太湖流域,王江泾,2026-09-15 03:00,4,27.55,7.1,4.35,416.9,52.17,3.56,0.034,0.073,1.696,,,2026-09-15 04:25:51
浙江省,太湖流域,湘家荡,2026-09-15 03:00,2,26.89,8.21,8.64,470.76,23.37,2.97,0.034,0.098,0.499,,,2026-09-15 04:25:51
浙江省,太湖流域,池家浜水文站,2026-09-15 03:00,4,27.7821,7.15,4.39,342.48,25.5993,3.64,0.082,0.07,1.165,,,2026-09-15 04:25:51
浙江省,太湖流域,长山闸一号桥,2026-09-15 03:00,4,27.4515,7.16,3.24,380.18,45.3066,4.04,0.021,0.106,2.496,,,2026-09-15 04:25:51
浙江省,太湖流域,南台头闸一号桥,2026-09-15 03:00,4,27.78,7.28,3.3,383.9,78.73,4.05,0.033,0.126,2.293,,,2026-09-15 04:25:51
浙江省,太湖流域,上塘河排涝闸,2026-09-15 03:00,4,26.95,7.16,4.81,418.2,12.15,3.16,0.016,0.072,1.391,,,2026-09-15 04:25:51
浙江省,太湖流域,盐官排涝枢纽,2026-09-15 03:00,3,27.06,7.64,7.73,390,27.14,4.01,0.021,0.118,2.47,,,2026-09-15 04:25:51
浙江省,太湖流域,卫八路桥,2026-09-15 03:00,4,26.39,7.33,3.44,559.818,26.862,3.79,0.07,0.096,1.481,,,2026-09-15 04:25:51
浙江省,太湖流域,漕廊公路桥,2026-09-15 03:00,5,27.23601,7.2,2.94,445.3422,39.42745,3.6,0.129,0.132,1.43561,,,2026-09-15 04:25:51
浙江省,太湖流域,朱枫公路桥,2026-09-15 03:00,4,27.36,6.99,4.49,438.56,58.15,3.22,0.029,0.076,1.673,,,2026-09-15 04:25:51
浙江省,太湖流域,红旗塘大坝,2026-09-15 03:00,3,27.36,7.28,5.32,393.8,48.76,3.51,0.012,0.072,1.499,,,2026-09-15 04:25:51
浙江省,太湖流域,青阳汇,2026-09-15 03:00,4,26.88,7.33,4.65,406.3,58.63,4.24,0.032,0.151,1.631,,,2026-09-15 04:25:51
浙江省,太湖流域,小新村,2026-09-15 03:00,5,26.69,7.32,2.84,410.5,67.78,4.08,0.028,0.132,1.678,,,2026-09-15 04:25:51
浙江省,太湖流域,乌镇北,2026-09-15 03:00,4,26.56,7.09,3.08,292.5,53.56,3.28,0.047,0.081,2.463,,,2026-09-15 04:25:51
浙江省,太湖流域,新港口,2026-09-15 03:00,2,27.63,8.27,7.94,275.02,97.18,3.09,0.115,0.062,2.177,,,2026-09-15 04:25:51
浙江省,太湖流域,南浔,2026-09-15 03:00,4,27.09,7.28,4.22,318.2,74.5,3.18,0.147,0.124,3.527,,,2026-09-15 04:25:51
浙江省,太湖流域,汤溇,2026-09-15 03:00,2,27.26,8.84,8.11,265.983,46.9144,2.87,0.065,0.049,1.7283,,,2026-09-15 04:25:51
浙江省,太湖流域,小梅口,2026-09-15 03:00,2,27.43,8.01,7.44,283.3,92.13,3.18,0.018,0.068,1.959,,,2026-09-15 04:25:51
浙江省,太湖流域,杨家浦,2026-09-15 04:00,3,27.40177,8.43,8.62,279.6501,52.87762,2.87,0.009,0.104,2.050768,,,2026-09-15 04:25:51
浙江省,太湖流域,新塘,2026-09-15 03:00,2,27.93,8.44,8.15,289.1,71.96,3.4,0.021,0.078,1.909,,,2026-09-15 04:25:51
浙江省,浙闽片河流,曹娥江大闸闸前,2026-09-15 03:00,2,26.108,7.62,8.23,202.287,6.693,2.65,0.021,0.054,1.947,,,2026-09-15 04:25:51
浙江省,浙闽片河流,屠家埠,2026-09-15 03:00,2,27.57,7.92,8.34,141.988,13.652,2,0.046,0.045,1.821,,,2026-09-15 04:25:51
浙江省,浙闽片河流,葛山头,2026-09-15 03:00,3,27,6.87,5.02,141.74,21.3,2.22,0.093,0.057,1.881,,,2026-09-15 04:25:51
浙江省,浙闽片河流,湄池,2026-09-15 03:00,3,28.21,7.38,6.1,375.06,27.74,3.55,0.027,0.104,2.591,,,2026-09-15 04:25:51
浙江省,浙闽片河流,王家泾,2026-09-15 03:00,3,27.81,7.05,5.46,214.7,16.13,5.8,0.037,0.062,1.323,,,2026-09-15 04:25:51
浙江省,浙闽片河流,汤曹汇合口,2026-09-15 03:00,2,27.51,7.11,6.46,153.8,34.21,2.11,0.032,0.053,2.016,,,2026-09-15 04:25:51
浙江省,浙闽片河流,义东桥,2026-09-15 03:00,3,27.672,6.99,6.6,443.468,14.841,2.82,0.208,0.135,3.86,,,2026-09-15 04:25:51
浙江省,浙闽片河流,塔下洲,2026-09-15 04:00,3,26.8,8.49,9.3,449.664,7.005,4.91,0.049,0.082,2.258,,,2026-09-15 04:25:51
浙江省,浙闽片河流,东关桥,2026-09-15 03:00,3,28.663,7.48,6.02,489.39,29.575,3.49,0.044,0.154,2.783,,,2026-09-15 04:25:51
浙江省,浙闽片河流,费垅,2026-09-15 03:00,3,28.51,7.61,8.14,311.844,15.86,2.76,0.247,0.139,2.6254,,,2026-09-15 04:25:51
浙江省,浙闽片河流,台口,2026-09-15 03:00,2,25.97,8.03,7.07,154.958,12.231,1.69,0.049,0.047,1.0595,,,2026-09-15 04:25:51
浙江省,浙闽片河流,南江桥,2026-09-15 03:00,2,27.16,8.24,6.39,409.583,2.134,2.75,0.05,0.095,2.0511,,,2026-09-15 04:25:51
浙江省,浙闽片河流,横山,2026-09-15 04:00,2,27,7.64,7.89,,,2.09,,,,,,2026-09-15 04:25:51
浙江省,浙闽片河流,洪坞桥,2026-09-15 03:00,3,27.47,7.24,5.71,310.5,2.98,2.53,0.062,0.103,2.792,,,2026-09-15 04:25:51
浙江省,浙闽片河流,章店,2026-09-15 04:00,3,27,7.84,5.07,292.075,3.088,3.8,0.077,0.169,2.2747,,,2026-09-15 04:25:51
浙江省,浙闽片河流,将军岩,2026-09-15 03:00,2,28.101,7.14,8.19,229.43,5.38,1.88,0.008,0.089,1.711,,,2026-09-15 04:25:51
浙江省,浙闽片河流,浮石渡,2026-09-15 03:00,2,28.14,7.54,7.18,195.14,7.63,1.68,0.039,0.038,1.361,,,2026-09-15 04:25:51
浙江省,浙闽片河流,双港口,2026-09-15 03:00,2,26.66,7.18,6.28,112.22,4.01,1.83,0.016,0.046,1.162,,,2026-09-15 04:25:51
浙江省,浙闽片河流,郑家,2026-09-15 03:00,1,25.87,6.35,7.72,74.97,22.4,0.85,0.007,0.02,1.007,,,2026-09-15 04:25:51
浙江省,浙闽片河流,下界首,2026-09-15 03:00,1,28.61,8.13,8.64,162.657,8.12,0.91,0.016,0.014,0.588,,,2026-09-15 04:25:51
浙江省,浙闽片河流,下童,2026-09-15 03:00,3,26.73,6.9,5.25,231.65,16.02,1.76,0.085,0.052,1.566,,,2026-09-15 04:25:51
浙江省,浙闽片河流,东迹渡,2026-09-15 03:00,1,19.65,6.09,9.39,,0.63,,0.013,,1.036,,,2026-09-15 04:25:51
浙江省,长江流域,苏庄,2026-09-15 03:00,2,27.48764,7.24,6.36,73.82657,1.2556,1.31,0.008,0.017,0.35988,,,2026-09-15 04:25:51
浙江省,浙闽片河流,临城,2026-09-15 03:00,3,28.08,8.49,10.67,3069,8.9,4.16,0.041,0.042,0.945,,,2026-09-15 04:25:51
浙江省,浙闽片河流,长潭水库坝口,2026-09-15 03:00,2,27.201,8.61,11.11,44.547,2.743,2.05,0.003,0.015,0.319,,,2026-09-15 04:25:51
浙江省,浙闽片河流,老鼠屿,2026-09-15 03:00,4,27.19,7.84,4.37,13188,563.126,2.27,,0.056,1.301,,,2026-09-15 04:25:51
浙江省,浙闽片河流,金清新闸,2026-09-15 04:00,5,26.7,7.31,2.81,564.591,61.366,4.11,0.567,0.172,2.8455,,,2026-09-15 04:25:51
浙江省,浙闽片河流,里石门水库,2026-09-15 03:00,2,27.54,,11.87,62.612,2.099,2.84,0.014,0.014,0.3673,0.00913,1510892,2026-09-15 04:25:51
浙江省,浙闽片河流,温峤,2026-09-15 03:00,3,26.786,7.2,5.51,523.337,18.107,2.45,0.06,0.094,,,,2026-09-15 04:25:51
浙江省,浙闽片河流,永宁江口,2026-09-15 03:00,2,26.71,7.25,6.46,68.121,19.391,1.32,0.083,0.043,0.7432,,,2026-09-15 04:25:51
浙江省,浙闽片河流,沙段,2026-09-15 03:00,2,26.73,7.09,7.61,112.013,7.269,2.43,0.026,0.036,1.2765,,,2026-09-15 04:25:51
浙江省,浙闽片河流,柏枝岙,2026-09-15 03:00,2,27.228,7.22,7.29,101.25,7.778,0.79,0.006,0.04,1.168,,,2026-09-15 04:25:51
浙江省,浙闽片河流,均溪,2026-09-15 03:00,2,26.56,6.94,7.49,44.69,4.14,1.46,0.023,0.011,0.632,,,2026-09-15 04:25:51
浙江省,浙闽片河流,风化,2026-09-15 03:00,2,27,7.23,8.27,97.37,6.1,1.13,0.036,0.041,1.121,,,2026-09-15 04:25:51
浙江省,浙闽片河流,堰后,2026-09-15 03:00,2,27.18,7.26,7.67,155.5,2.18,1.24,0.032,0.04,1.928,,,2026-09-15 04:25:51
浙江省,浙闽片河流,沙湾上,2026-09-15 04:00,1,22.19,7.18,8.51,27.253,3.504,1.06,0.107,0.006,0.2199,,,2026-09-15 04:25:51
浙江省,浙闽片河流,小溪口,2026-09-15 03:00,3,24.15,6.74,5.94,31.46,11.309,1.33,,0.009,0.5334,,,2026-09-15 04:25:51
安徽省,巢湖流域,三胜大队渡口,2026-09-15 03:00,4,27.68,8.58,5.86,298.543,56.2611,6.78,0.126,0.143,0.9155,,,2026-09-15 04:25:51
安徽省,巢湖流域,兆河入湖口渡口,2026-09-15 03:00,4,27.41,8.87,8.49,299.958,40.3787,7.06,,0.066,1.2422,,,2026-09-15 04:25:51
安徽省,巢湖流域,牛角大圩,2026-09-15 03:00,3,27.32,7.52,5,276.9,86.3084,4.54,,0.128,2.437,,,2026-09-15 04:25:51
安徽省,巢湖流域,北闸渡口,2026-09-15 03:00,3,26.464,6.97,5.56,153.28,44.583,5.41,0.03,0.058,1.088,,,2026-09-15 04:25:51
安徽省,巢湖流域,希望桥,2026-09-15 03:00,3,27.2,7.39,5.84,550.8,21.7,3.9,0.261,0.092,6.177,,,2026-09-15 04:25:51
安徽省,巢湖流域,石堆渡口,2026-09-15 03:00,3,27.27,7.5,6.42,199.927,43.9511,5.38,0.087,0.104,1.4123,,,2026-09-15 04:25:51
安徽省,巢湖流域,柘皋大桥,2026-09-15 03:00,6,26.88,9.11,7.87,288.4473,29.5687,6.21,0.058,0.08,0.5684,,,2026-09-15 04:25:51
安徽省,巢湖流域,湖滨,2026-09-15 04:00,4,26.19,,7.52,273.47,26.76,4.41,,0.084,1.048,0.00525,5082188,2026-09-15 04:25:51
安徽省,巢湖流域,黄麓,2026-09-15 04:00,4,27.79,,7.18,289.91,23.061,5.38,,0.064,0.397,0.00689,3277892,2026-09-15 04:25:51
安徽省,巢湖流域,三河镇大桥,2026-09-15 03:00,2,27.08,7.53,8.98,168.7,7.96,3.5,0.053,0.054,0.939,,,2026-09-15 04:25:51
安徽省,巢湖流域,三河镇新大桥,2026-09-15 03:00,2,27.87,8.02,8.72,97.59,14.62,3.24,0.072,0.047,0.91,,,2026-09-15 04:25:51
安徽省,巢湖流域,施口,2026-09-15 03:00,4,27.2,8.41,5.8,346.162,56.8579,6.13,0.19,0.21,3.242,,,2026-09-15 04:25:51
安徽省,巢湖流域,靠近大坝,2026-09-15 04:00,3,27.41,,8.31,151.46,10.29,4.3,0.007,0.023,0.296,0.01651,1.106595,2026-09-15 04:25:51
安徽省,巢湖流域,新河入湖区,2026-09-15 04:00,5,26.88,,7.45,290.11,44.28,5.4,,0.103,0.567,0.00265,3.902779,2026-09-15 04:25:51
安徽省,巢湖流域,西半湖湖心,2026-09-15 04:00,4,26.28,,8.32,304.24,30.58,4.47,0.011,0.071,0.592,0.00502,6637190,2026-09-15 04:25:51
安徽省,巢湖流域,东半湖湖心,2026-09-15 04:00,4,25.987,,7.86,258.851,27.04,5.12,0.013,0.078,0.747,0.00355,1.073663,2026-09-15 04:25:51
安徽省,巢湖流域,忠庙,2026-09-15 04:00,4,26.09,,9.62,281.37,40.82,5.34,,0.08,0.385,0.01173,6055876,2026-09-15 04:25:51
安徽省,巢湖流域,兆河入湖区,2026-09-15 04:00,4,26.07,8.91,7.78,299.35,30.89,5.29,,0.089,0.36,0.00356,1.03546,2026-09-15 04:25:51
安徽省,巢湖流域,双桥河入湖口,2026-09-15 03:00,3,27.56,7.54,5.23,421.7952,37.5474,4.17,0.076,0.074,0.5881,,,2026-09-15 04:25:51
安徽省,巢湖流域,繁华大道桥,2026-09-15 03:00,4,27.31,7.23,4.64,949.0515,50.2104,4.93,0.247,0.2,6.802,,,2026-09-15 04:25:51
安徽省,长江流域,东西梁山,2026-09-15 03:00,2,26.62,7.91,7.09,252.4824,49.9395,1.65,0.119,0.079,1.8437,,,2026-09-15 04:25:51
安徽省,长江流域,宝塔根,2026-09-15 03:00,2,26.84,7.82,7.04,249.2885,50.2753,2.04,0.071,0.053,1.6751,,,2026-09-15 04:25:51
安徽省,巢湖流域,裕溪口,2026-09-15 03:00,2,26.83,7.64,6.08,305.3489,40.0617,2.18,0.127,0.064,1.5562,,,2026-09-15 04:25:51
安徽省,长江流域,荻港,2026-09-15 03:00,2,26.96,7.65,6.24,410.8,29.466,2.58,0.094,0.055,1,,,2026-09-15 04:25:51
安徽省,长江流域,澛港桥,2026-09-15 03:00,2,26.58,8.05,6.81,236.3103,13.9669,3.59,0.026,0.067,1.183,,,2026-09-15 04:25:51
安徽省,长江流域,西河入裕溪河口,2026-09-15 03:00,4,27.43,7.47,3.93,305.7815,62.6067,3.1,0.192,0.085,0.9584,,,2026-09-15 04:25:51
安徽省,淮河流域,沫河口,2026-09-15 03:00,3,26.72,7.65,5.54,543.925,24.77,4.65,0.065,0.19,2.699,,,2026-09-15 04:25:51
安徽省,淮河流域,关咀,2026-09-15 03:00,6,26.35199,7.68,1.42,946.3715,29.19604,5.76,0.155,0.115,0.59426,,,2026-09-15 04:25:51
安徽省,淮河流域,五河,2026-09-15 03:00,3,26.08,8.4,7.83,915.2639,12.96399,5.66,0.031,0.072,1.51953,,,2026-09-15 04:25:51
安徽省,淮河流域,蚌埠固镇,2026-09-15 03:00,3,26.32,7.97,6.12,1090.859,30.07,4.02,0.069,0.109,4.0024,,,2026-09-15 04:25:51
安徽省,淮河流域,蚌埠闸上,2026-09-15 03:00,4,26.56,7.58,4.98,414.08,21.35,3.04,0.122,0.144,1.952,,,2026-09-15 04:25:51
安徽省,淮河流域,湖沟,2026-09-15 03:00,4,25.92048,8.07,3.72,1170.708,26.06677,4.09,0.072,0.068,3.31229,,,2026-09-15 04:25:51
安徽省,淮河流域,石头埠,2026-09-15 03:00,4,27.02,8.09,4.94,537.4796,28.63833,3.33,0.063,0.119,3.50653,,,2026-09-15 04:25:51
安徽省,淮河流域,鲁台孜,2026-09-15 03:00,2,26.84,7.55,6.14,489.005,29.09492,3.09,0.031,0.09,2.90938,,,2026-09-15 04:25:51
安徽省,淮河流域,西淝河闸下,2026-09-15 03:00,3,27.29895,7.75,5.34,806.5929,14.8533,5.57,0.03,0.072,1.10656,,,2026-09-15 04:25:51
安徽省,淮河流域,新城口,2026-09-15 03:00,4,27.41252,7.58,3.9,427.5227,24.5979,2.78,0.001,0.112,3.01685,,,2026-09-15 04:25:51
安徽省,淮河流域,焦岗湖,2026-09-15 04:00,3,25.8,8.44,7.79,665.88,11.5,4.43,,0.034,0.311,0.00703,6184120,2026-09-15 04:25:51
安徽省,淮河流域,大店岗,2026-09-15 03:00,2,27.41,6.89,8.51,133.8586,25.89874,2.51,0.029,0.041,1.60606,,,2026-09-15 04:25:51
安徽省,淮河流域,五里闸,2026-09-15 03:00,3,25.99,7.39,5.73,291.5092,34.51818,3.9,0.029,0.05,1.05577,,,2026-09-15 04:25:51
安徽省,淮河流域,白洋淀渡口,2026-09-15 03:00,3,27.10474,7,5.02,209.7939,57.74332,3.54,0.049,0.078,2.9021,,,2026-09-15 04:25:51
安徽省,长江流域,三兴村,2026-09-15 03:00,2,26.48,7.79,7.57,266.2277,41.48685,2.49,0.059,0.057,2.69,,,2026-09-15 04:25:51
安徽省,长江流域,得胜河入江口,2026-09-15 03:00,2,26.5901,7.77,6.1,363.4,15.9205,2.88,0.119,0.1,1.7882,,,2026-09-15 04:25:51
安徽省,长江流域,姑溪河大桥,2026-09-15 03:00,3,27.31,7.55,7.96,202.87,42.0732,4.33,0.058,0.07,0.987,,,2026-09-15 04:25:51
安徽省,长江流域,当涂查湾,2026-09-15 03:00,2,27.7,7.44,6.42,251.1935,32.4685,2.47,,0.031,1.72,,,2026-09-15 04:25:51
安徽省,长江流域,乌江,2026-09-15 03:00,2,25.9773,7.87,7.04,265.9087,43.07655,1.98,0.036,0.061,1.423288,,,2026-09-15 04:25:51
安徽省,长江流域,雨山河下游,2026-09-15 03:00,3,27.023,7.68,7.79,611.4484,19.1688,5.01,0.097,0.167,3.877,,,2026-09-15 04:25:51
安徽省,淮河流域,小王桥,2026-09-15 03:00,6,26.15,7.75,0.99,1364.09,15.58,6.66,0.059,0.111,1.19,,,2026-09-15 04:25:51
安徽省,淮河流域,后常桥,2026-09-15 03:00,3,26.46156,8.69,8.71,1218.631,48.18881,5.55,0.022,0.08,0.88179,,,2026-09-15 04:25:51
安徽省,淮河流域,李大桥闸,2026-09-15 03:00,6,25.16,7.89,1.97,1376.96,20.707,8.25,0.069,0.055,0.6937,,,2026-09-15 04:25:51
安徽省,长江流域,顺安河入江口,2026-09-15 03:00,2,26.05619,7.56,9.83,246.2982,35.44145,2.04,0.03,0.036,1.59351,,,2026-09-15 04:25:51
安徽省,长江流域,陈家墩,2026-09-15 03:00,2,26.55,7.73,7.21,241.9846,25.88737,1.54,0.046,0.051,1.8586,,,2026-09-15 04:25:51
安徽省,长江流域,枞阳大闸,2026-09-15 03:00,3,26.86,8.31,6.55,160.3896,53.66364,4.36,0.001,0.066,0.87731,,,2026-09-15 04:25:51
安徽省,长江流域,武昌湖,2026-09-15 03:00,4,25.47,7.2,4.24,160.6469,16.48189,3.64,0.037,0.042,0.78957,0.00974,9496613,2026-09-15 04:25:51
安徽省,长江流域,前江口,2026-09-15 03:00,2,26.44525,7.78,6.79,249.4377,43.34529,2.58,0.086,0.06,2.88668,,,2026-09-15 04:25:51
安徽省,长江流域,花亭湖坝前,2026-09-15 03:00,2,28.26,8.89,9.26,86.82179,3.1682,2.82,,0.014,0.34804,0.00701,785585.9,2026-09-15 04:25:51
安徽省,长江流域,华阳河入江口,2026-09-15 03:00,2,26.96,8.39,8.71,297.0335,13.99522,2.84,0.026,0.05,0.66678,,,2026-09-15 04:25:51
安徽省,长江流域,水厂取水口,2026-09-15 03:00,6,26.16,8.5,1.17,124.6973,5.03561,1.46,0.005,0.025,0.59902,,,2026-09-15 04:25:51
安徽省,长江流域,车轴寺大桥,2026-09-15 03:00,2,27.74,7.97,6.51,109.5563,6.28002,1.85,0.013,0.026,0.90008,,,2026-09-15 04:25:51
安徽省,浙闽片河流,篁墩,2026-09-15 03:00,2,26.89847,7.65,6.26,140.7651,4.70985,1.99,0.095,0.037,1.22462,,,2026-09-15 04:25:51
安徽省,浙闽片河流,率水大桥,2026-09-15 03:00,2,27.84515,8.48,9.52,67.39653,0.48671,1.73,0.02,0.021,0.44075,,,2026-09-15 04:25:51
安徽省,浙闽片河流,横江大桥,2026-09-15 03:00,6,29.05668,9.02,9.41,212.9995,21.14924,4.39,0.002,0.037,0.50111,,,2026-09-15 04:25:51
安徽省,浙闽片河流,浦口,2026-09-15 03:00,4,27.57,7.89,4.16,404.8783,16.66321,2.09,0.06,0.043,1.08584,,,2026-09-15 04:25:51
安徽省,长江流域,太平湖湖心,2026-09-15 04:00,2,27.28,8.37,8.04,99.12,2.51,2.22,,0.009,0.4,0.00296,1338145,2026-09-15 04:25:51
安徽省,浙闽片河流,新管,2026-09-15 03:00,2,26.58066,8.26,7.41,267.2357,2.68042,2.05,0.01,0.029,0.86394,,,2026-09-15 04:25:51
安徽省,淮河流域,天长化工厂,2026-09-15 03:00,5,25.87,7.18,2.68,560.8463,56.47,4.28,0.205,0.177,3.0708,,,2026-09-15 04:25:51
安徽省,淮河流域,公路桥,2026-09-15 03:00,3,26.48,7.54,7.1,381.362,31.2932,5.39,0.164,0.105,0.984,,,2026-09-15 04:25:51
安徽省,淮河流域,小柳巷,2026-09-15 03:00,3,25.74,7.33,5.83,428.81,21.111,3.93,0.008,0.127,1.968,,,2026-09-15 04:25:51
安徽省,长江流域,水口,2026-09-15 03:00,3,26.09,7.73,7.43,675.2735,63.835,5.1,,0.165,,,,2026-09-15 04:25:51
安徽省,长江流域,乌衣下,2026-09-15 03:00,4,28.05,8.42,14.08,748,14.9,6.57,0.019,0.06,3.16,,,2026-09-15 04:25:51
安徽省,长江流域,襄河大桥,2026-09-15 03:00,4,26.48,7.3,3.64,707.4057,35.6083,4.28,0.096,0.082,0.846,,,2026-09-15 04:25:51
安徽省,长江流域,清流河口,2026-09-15 03:00,3,26.95007,8.34,9.82,457.6863,40.04374,5.01,0.064,0.136,0.8675,,,2026-09-15 04:25:51
安徽省,淮河流域,阜阳段下,2026-09-15 03:00,2,25.78451,8.06,7.1,874.5601,14.13844,3.25,0.03,0.078,4.33489,,,2026-09-15 04:25:51
安徽省,淮河流域,杨湖,2026-09-15 03:00,3,27.35338,8.08,8.07,752.2667,5.14351,2.28,0.06,0.132,3.92122,,,2026-09-15 04:25:51
安徽省,淮河流域,张大桥,2026-09-15 03:00,3,25.473,7.95,8.78,1438.15,72.85,4.22,0.169,0.102,9.6425,,,2026-09-15 04:25:51
安徽省,淮河流域,王家坝,2026-09-15 03:00,3,25.938,8.09,8.16,516.1,17.352,3.98,0.07,0.166,2.812,,,2026-09-15 04:25:51
安徽省,淮河流域,界首七渡口,2026-09-15 03:00,3,26.51,7.65,7.07,836.3,19.84,3.12,0.218,0.119,5.229,,,2026-09-15 04:25:51
安徽省,淮河流域,阜南,2026-09-15 03:00,3,25.59,7.82,7.12,630.8016,2.62698,4.54,0.013,0.062,0.66497,,,2026-09-15 04:25:51
安徽省,淮河流域,奎河苏皖省界,2026-09-15 03:00,4,24.9,7.78,8.13,1172.7,40.5,6.72,0.101,0.121,1.882,,,2026-09-15 04:25:51
安徽省,淮河流域,东坪集,2026-09-15 03:00,3,25.94,7.93,5.51,1201.132,24.12186,4.1,0.259,0.07,4.11209,,,2026-09-15 04:25:51
安徽省,淮河流域,符离闸,2026-09-15 03:00,4,24.88307,8,6.46,947.5811,35.0402,8.34,0.027,0.106,1.13494,,,2026-09-15 04:25:51
安徽省,淮河流域,芦岭桥,2026-09-15 03:00,3,25.77,8.46,6.98,1131.918,10.73,4.91,0.058,0.054,0.9313,,,2026-09-15 04:25:51
安徽省,淮河流域,工农兵大桥,2026-09-15 03:00,3,25.41042,7.84,9.26,312.5744,12.59657,4.46,0.056,0.052,0.757,,,2026-09-15 04:25:51
安徽省,淮河流域,陶洪集,2026-09-15 03:00,2,25.21832,7.22,9,76.06886,23.89684,2.34,0.022,0.039,1.4304,,,2026-09-15 04:25:51
安徽省,淮河流域,东湖闸,2026-09-15 03:00,3,24.06,7.3,6.35,217.0445,88.28426,2.69,0.08,0.142,1.33768,,,2026-09-15 04:25:51
安徽省,淮河流域,新安渡口,2026-09-15 03:00,6,26.74,9.55,12.19,159.0656,7.29508,4.06,0.009,0.036,1.48465,,,2026-09-15 04:25:51
安徽省,淮河流域,响洪甸水库出水口,2026-09-15 03:00,4,21.25,6.94,4.76,95.52741,1.24206,1.91,0.004,0.01,0.97945,,,2026-09-15 04:25:51
安徽省,淮河流域,丁埠大桥,2026-09-15 03:00,6,26.28792,9.09,9.84,137.389,18.74676,2.89,0.005,0.033,0.168,,,2026-09-15 04:25:51
安徽省,巢湖流域,将军宕大桥,2026-09-15 03:00,2,26.78,6.92,7.23,106.468,22.252,2.65,0.067,0.035,0.946,,,2026-09-15 04:25:51
安徽省,淮河流域,固始李畈,2026-09-15 03:00,2,26.38,7.51,11.31,242.3227,1.8671,1.71,0.007,0.024,1.57281,,,2026-09-15 04:25:51
安徽省,淮河流域,涡阳义门大桥,2026-09-15 03:00,6,26.47,7.61,1.7,1187.149,12.4271,7.75,1.34,0.108,6.8906,,,2026-09-15 04:25:51
安徽省,淮河流域,利辛段,2026-09-15 03:00,3,26.48,7.97,8.18,1014.8,4,5.8,0.026,0.1,2.636,,,2026-09-15 04:25:51
安徽省,长江流域,五步沟,2026-09-15 03:00,2,26.58209,7.88,7.24,241.1325,35.92177,1.95,0.055,0.053,2.30782,,,2026-09-15 04:25:51
安徽省,长江流域,张溪,2026-09-15 03:00,1,27,7.76,8.27,226.4896,7.64542,1.14,0.006,0.009,0.51137,,,2026-09-15 04:25:51
安徽省,长江流域,青通河河口,2026-09-15 03:00,3,27.61181,7.56,5.22,237.9177,57.07946,2.62,0.069,0.053,1.96734,,,2026-09-15 04:25:51
安徽省,长江流域,秋浦河入江口,2026-09-15 03:00,2,27.27785,7.79,6.12,240.6422,24.08231,1.51,0.014,0.024,0.9425,,,2026-09-15 04:25:51
安徽省,长江流域,东流,2026-09-15 03:00,5,26.69,7.17,2.75,188.4341,27.26173,1.81,0.06,0.035,1.62938,,,2026-09-15 04:25:51
安徽省,长江流域,南漪湖西湖湖心,2026-09-15 04:00,4,26.66,7.67,6.68,168.04,39.71,3.65,,0.058,0.666,0.01068,2762440,2026-09-15 04:25:51
安徽省,太湖流域,殷桥,2026-09-15 03:00,5,27.50692,7.14,2.53,280.3242,38.53312,7.07,0.001,0.084,2.75345,,,2026-09-15 04:25:51
安徽省,长江流域,泾南交界,2026-09-15 03:00,2,24.85,7.54,6.7,137.364,5.8973,1.54,0.009,0.02,0.6418,,,2026-09-15 04:25:51
安徽省,长江流域,汪溪,2026-09-15 03:00,2,25.75,7.68,7.83,177.3219,5.545,0.97,0.03,0.025,1.0922,,,2026-09-15 04:25:51
安徽省,长江流域,狮子口,2026-09-15 03:00,3,26.37,8.22,8.94,748.785,10.555,4.08,,0.053,1.9725,,,2026-09-15 04:25:51
安徽省,长江流域,东村桥,2026-09-15 03:00,3,24.66462,7.5,5.79,424.0544,4.04947,2.03,0.013,0.046,0.81748,,,2026-09-15 04:25:51
安徽省,长江流域,旌泾交界,2026-09-15 03:00,2,25.352,7.68,6.98,186.763,7.427,1.84,0.002,0.06,0.666,,,2026-09-15 04:25:51
安徽省,长江流域,水碧桥,2026-09-15 03:00,3,25.69,7.22,5.66,216.162,8.76686,1.61,0.008,0.032,1.66437,,,2026-09-15 04:25:51
福建省,浙闽片河流,闽侯竹岐,2026-09-15 03:00,2,26.98,6.86,7.31,91.17,24.63,1.92,0.005,0.04,1.219,,,2026-09-15 04:25:51
福建省,浙闽片河流,永泰横龙,2026-09-15 03:00,2,24.672,7.72,8.9,36.588,8.78,1.08,0.009,0.034,0.559,,,2026-09-15 04:25:51
福建省,浙闽片河流,闽清雄江,2026-09-15 03:00,2,28.9,7.47,6.93,103.364,4.31,2.23,0.01,0.032,1.16,,,2026-09-15 04:25:51
福建省,浙闽片河流,隘头潭,2026-09-15 03:00,3,27.07,6.31,5.78,128.808,2.53,0.6,0.0005,0.018,0.8976,,,2026-09-15 04:25:51
福建省,浙闽片河流,将乐万全,2026-09-15 03:00,4,26.741,6.94,4.89,63.949,1.892,1.71,0.043,0.038,1.037,,,2026-09-15 04:25:51
福建省,浙闽片河流,宁化肖家,2026-09-15 03:00,2,25.775,7.07,7.77,80.165,3.451,1.25,0.04,0.065,0.91,,,2026-09-15 04:25:51
福建省,浙闽片河流,永安安砂水库下游,2026-09-15 03:00,3,24.946,6.59,5.54,64.638,9.635,1.74,0.037,0.053,1.028,,,2026-09-15 04:25:51
福建省,浙闽片河流,永安贡川桥,2026-09-15 02:00,2,25.31,6.93,6.16,104.8,13.49,1.72,0.051,0.057,1.225,,,2026-09-15 04:25:51
福建省,浙闽片河流,斑竹溪渡口,2026-09-15 03:00,2,26.251,6.88,6.86,123.809,8.878,1.74,0.023,0.05,1.285,,,2026-09-15 04:25:51
福建省,浙闽片河流,建宁袁庄,2026-09-15 03:00,2,24.787,7.06,10.56,69.169,12.128,1.13,0.018,0.052,0.999,,,2026-09-15 04:25:51
福建省,浙闽片河流,尤溪拥口大桥,2026-09-15 03:00,2,23.71,7.2,7.16,108.219,36.211,1.24,0.054,0.044,1.1332,,,2026-09-15 04:25:51
福建省,浙闽片河流,南安康美桥,2026-09-15 03:00,4,25.89,7.03,7.63,80.763,115.318,0.76,0.146,0.283,0.8515,,,2026-09-15 04:25:51
福建省,浙闽片河流,永春东关桥,2026-09-15 03:00,2,24.28,6.2,6.3,87.89568,38.23929,1.14,0.087,0.047,2.332,,,2026-09-15 04:25:51
福建省,浙闽片河流,安溪罗内桥,2026-09-15 03:00,2,24.861,7.19,8.01,77.08,40.71,1.32,0.175,0.043,3.694,,,2026-09-15 04:25:51
福建省,浙闽片河流,南安霞东桥,2026-09-15 03:00,3,26.44,7.07,7.17,116.403,25.625,0.59,0.275,0.103,2.0149,,,2026-09-15 04:25:51
福建省,浙闽片河流,华安西陂,2026-09-15 04:00,2,24.58864,7.16,8.58,158.1241,28.45753,1.11,0.007,0.073,1.011,,,2026-09-15 04:25:51
福建省,浙闽片河流,南靖靖城桥,2026-09-15 04:00,2,29.83,6.26,7.74,,,1.22,0.111,0.031,6.593,,,2026-09-15 04:25:51
福建省,浙闽片河流,诏安澳子头,2026-09-15 04:00,2,28.01,7.21,6.97,91.805,4.53,0.76,0.085,0.089,1.9275,,,2026-09-15 04:25:51
福建省,浙闽片河流,南靖洪濑汤坑桥,2026-09-15 03:00,2,26.97,6.43,7.75,219.3,19.126,0.98,0.041,0.044,15.655,,,2026-09-15 04:25:51
福建省,浙闽片河流,浦南水文站,2026-09-15 04:00,2,25.98433,7.21,7.75,130.4,28.417,0.53,0.113,0.044,1.266,,,2026-09-15 04:25:51
福建省,浙闽片河流,南溪浮宫桥,2026-09-15 04:00,2,27.45,7.13,6.9,3589.386,144.057,1.52,,,,,,2026-09-15 04:25:51
福建省,浙闽片河流,上坂,2026-09-15 04:00,3,27.34,6.42,5.75,152.334,35.511,1,0.496,0.15,4.8545,,,2026-09-15 04:25:51
福建省,浙闽片河流,云霄高塘渡口,2026-09-15 04:00,3,27.83,6.69,6.78,112.496,13.509,0.74,0.185,0.131,5.0117,,,2026-09-15 04:25:51
福建省,浙闽片河流,水汾桥,2026-09-15 03:00,2,27.21,6.97,6.56,166.59,6.32,1.29,0.034,0.037,1.156,,,2026-09-15 04:25:51
福建省,浙闽片河流,十里庵,2026-09-15 03:00,2,28.31,6.67,6.33,101.02,5.91,1.18,0.024,0.056,1.365,,,2026-09-15 04:25:51
福建省,浙闽片河流,邵武晒口桥,2026-09-15 03:00,2,27.03,7.19,7.6,124.86,8.05,0.91,0.023,0.035,0.996,,,2026-09-15 04:25:51
福建省,浙闽片河流,武夷山兴田,2026-09-15 03:00,2,26.64576,6.9,7.13,42.67318,27.90608,1.57,0.021,0.013,0.58865,,,2026-09-15 04:25:51
福建省,浙闽片河流,建瓯蓬墩,2026-09-15 03:00,2,28.859,6.95,6.19,60.82,6.9,1.36,0.15,0.033,1.026,,,2026-09-15 04:25:51
福建省,浙闽片河流,浪石,2026-09-15 03:00,2,28.11,6.71,6.09,84.024,2.475,1.55,0.066,0.047,1.152,,,2026-09-15 04:25:51
福建省,浙闽片河流,将乐樟应,2026-09-15 03:00,3,27.51382,6.83,5.57,66.349,3.09057,1.82,,0.027,0.843,,,2026-09-15 04:25:51
福建省,浙闽片河流,建阳坪州大桥,2026-09-15 03:00,2,28.15,7.19,8.55,110.27,6.738,1.53,0.019,0.04,1.078,,,2026-09-15 04:25:51
福建省,浙闽片河流,政和西津,2026-09-15 03:00,2,28.841,7.15,7.11,96.102,22.578,1.91,0.067,0.028,1.244,,,2026-09-15 04:25:51
福建省,浙闽片河流,雁石桥,2026-09-15 04:00,2,27.11,7.64,8.4,298.029,40.124,0.72,0.076,0.042,1.431,,,2026-09-15 04:25:51
福建省,珠江流域,长汀美西桥,2026-09-15 04:00,2,25.19,6.97,7.3,115.186,9.134,1.36,0.087,0.076,0.8727,,,2026-09-15 04:25:51
福建省,浙闽片河流,福安赛岐,2026-09-15 03:00,4,25.96,7.04,5.58,400.66,176.3,5.96,0.141,0.208,2.019,,,2026-09-15 04:25:51
福建省,浙闽片河流,八都,2026-09-15 03:00,2,24.25,6.76,8.67,37.094,6.735,1.81,0.013,0.05,0.859,,,2026-09-15 04:25:51
福建省,浙闽片河流,古田黄田,2026-09-15 03:00,2,28.554,7.06,6.12,86.645,9.778,2,0.056,0.051,1.319,,,2026-09-15 04:25:51
江西省,长江流域,周坊,2026-09-15 03:00,2,25.35,7.05,7.77,105.7851,22.94131,1.48,0.01,0.057,1.34389,,,2026-09-15 04:25:51
江西省,长江流域,大港,2026-09-15 03:00,2,26.55,7.42,8.19,130.01,39.58,1.81,0.08,0.058,1.596,,,2026-09-15 04:25:51
江西省,长江流域,滁槎,2026-09-15 03:00,2,26.27,6.29,6.03,124.07,19.45,1.84,0.054,0.065,2.115,,,2026-09-15 04:25:51
江西省,长江流域,八一桥,2026-09-15 04:00,2,27.34,7.45,7.57,112.758,30.818,1.89,0.101,0.064,0.9367,,,2026-09-15 04:25:51
江西省,长江流域,焦石坝,2026-09-15 03:00,2,25.9,7.51,8,93.02,14.9,2.17,0.096,0.043,1.2495,,,2026-09-15 04:25:51
江西省,长江流域,鲇鱼山,2026-09-15 03:00,2,29.63,7.59,7.05,187.98,5.01,1.67,0.013,0.04,1.307,,,2026-09-15 04:25:51
江西省,长江流域,戴村,2026-09-15 03:00,2,29.474,7.22,6.43,594.192,11.75,1.21,0.069,0.021,0.702,,,2026-09-15 04:25:51
江西省,长江流域,南河河口,2026-09-15 03:00,4,27.9,6.81,3.22,245.28,5.93,2.68,0.185,0.118,2.22,,,2026-09-15 04:25:51
江西省,长江流域,龙山口,2026-09-15 04:00,2,25.44,8.32,7.43,259.154,6.152,1.56,0.002,0.025,0.6348,,,2026-09-15 04:25:51
江西省,长江流域,桐车湾,2026-09-15 04:00,2,25.64,7.94,6.87,341.583,2.793,1.78,0.055,0.08,1.8103,,,2026-09-15 04:25:51
江西省,长江流域,金鱼石,2026-09-15 03:00,2,26.6,7.75,7.49,286.09,5.64,0.79,0.009,0.058,1.718,,,2026-09-15 04:25:51
江西省,长江流域,邓家洲,2026-09-15 03:00,2,26.79,8,9.64,525.3813,5.16985,1.57,0.002,0.077,2.00158,,,2026-09-15 04:25:51
江西省,长江流域,吴城修河,2026-09-15 03:00,2,27.055,7.31,8.09,107.51,17.06,1.83,0.012,0.023,0.651,,,2026-09-15 04:25:51
江西省,长江流域,都昌,2026-09-15 03:00,3,26.44,7.09,6.59,132.94,65.1,2.99,,0.034,1.193,0.02653,2.008,2026-09-15 04:25:51
江西省,长江流域,潦河河口,2026-09-15 03:00,2,26.93,7.04,7.09,123.76,17.402,1.88,0.037,0.043,0.7334,,,2026-09-15 04:25:51
江西省,长江流域,三都,2026-09-15 03:00,2,27.02,7.18,8.61,110.36,2.84,1.66,0.019,0.038,0.793,,,2026-09-15 04:25:51
江西省,长江流域,柘林湖坝上,2026-09-15 03:00,2,27.566,8.03,9.76,99.12,1.455,2.02,,0.009,0.536,,,2026-09-15 04:25:51
江西省,长江流域,洋港镇,2026-09-15 03:00,2,23.775,7.46,6.09,330.863,1.664,0.43,0.007,0.007,0.82039,,,2026-09-15 04:25:51
江西省,长江流域,修水界上桥,2026-09-15 03:00,3,26.7,8.47,5.38,128.894,4.327,2.6,0.01,0.063,0.95601,,,2026-09-15 04:25:51
江西省,长江流域,共青城寨下,2026-09-15 03:00,3,27.9,7.79,5.9,477.9,18.1,3.13,0.12,0.057,1.549,,,2026-09-15 04:25:51
江西省,长江流域,罗坊,2026-09-15 04:00,2,27.57,7.46,6.95,238.256,26.412,3.25,0.115,0.096,1.3702,,,2026-09-15 04:25:51
江西省,长江流域,孔目江江口,2026-09-15 04:00,2,28.3,7.64,6.53,346.095,24.111,3.37,0.3,0.082,1.2816,,,2026-09-15 04:25:51
江西省,长江流域,浮桥,2026-09-15 04:00,2,27.08,7.7,6.76,186.99,9.395,3.21,0.095,0.068,1.328,,,2026-09-15 04:25:51
江西省,长江流域,傣家村,2026-09-15 04:00,3,27.77,,8.2,174.465,6.342,4.61,0.09,0.045,0.6818,0.02141,2.197113,2026-09-15 04:25:51
江西省,长江流域,炭埠周家,2026-09-15 03:00,2,26.95,7.03,9.78,118.49,4.87,1.72,,0.043,1.057,,,2026-09-15 04:25:51
江西省,长江流域,白塔河河口,2026-09-15 03:00,3,26.92,6.71,5.79,82.17,4.165,1.72,0.07,0.044,0.5764,,,2026-09-15 04:25:51
江西省,长江流域,土桥,2026-09-15 04:00,2,27.68,7.32,6.96,128.49,2.829,2.45,0.033,0.044,0.9452,,,2026-09-15 04:25:51
江西省,长江流域,流口村,2026-09-15 03:00,2,28.67,6.99,6.72,130.1542,9.302727,1.86,,0.053,1.173317,,,2026-09-15 04:25:51
江西省,长江流域,市自来水厂,2026-09-15 03:00,2,26.25,7.06,7.76,98.895,11.186,0.32,0.119,0.037,0.735,,,2026-09-15 04:25:51
江西省,长江流域,新庙前,2026-09-15 03:00,2,27.14,7.16,6.76,112.969,25.374,1.18,0.022,0.052,1.4226,,,2026-09-15 04:25:51
江西省,长江流域,峡山,2026-09-15 04:00,3,27.93,7.35,6.96,101.588,4.669,1.41,0.173,0.112,1.0805,,,2026-09-15 04:25:51
江西省,长江流域,梅江江口,2026-09-15 03:00,2,29.08,7.17,7.21,97.584,12.089,1.62,0.138,0.082,0.8888,,,2026-09-15 04:25:51
江西省,长江流域,平江江口,2026-09-15 04:00,2,27.32,7.22,6.7,117.527,15.485,1.71,0.099,0.047,0.7476,,,2026-09-15 04:25:51
江西省,长江流域,上犹江江口,2026-09-15 04:00,2,25.24,6.93,7.37,72.804,15.061,1.7,0.114,0.024,0.5841,,,2026-09-15 04:25:51
江西省,长江流域,龙南自来水厂,2026-09-15 04:00,2,26.3,7.32,7.4,326.206,4.46,0.96,0.032,0.022,0.8247,,,2026-09-15 04:25:51
江西省,长江流域,桃江江口,2026-09-15 03:00,2,26.45,7.18,6.42,155.134,14.886,0.84,0.111,0.061,1.8207,,,2026-09-15 04:25:51
江西省,长江流域,大余城郊,2026-09-15 03:00,2,24.45,7.23,8.94,76.903,11.802,0.91,0.17,0.031,0.8955,,,2026-09-15 04:25:51
江西省,长江流域,汝城多发电站,2026-09-15 03:00,2,21.85,7.02,8.4,60.4,5.36,0.87,0.001,0.025,0.693,,,2026-09-15 04:25:51
江西省,珠江流域,兴宁电站,2026-09-15 03:00,6,28.88,9.04,15.44,66.955,3.915674,2.1,0.021,0.028,2.202943,,,2026-09-15 04:25:51
江西省,长江流域,通津,2026-09-15 04:00,2,25.69,7.18,7.16,86.478,31.961,1.14,0.117,0.071,0.9297,,,2026-09-15 04:25:51
江西省,长江流域,金滩,2026-09-15 03:00,2,26.98,7.11,6.67,97.108,20.652,1,0.166,0.066,1.0473,,,2026-09-15 04:25:51
江西省,长江流域,孤江江口,2026-09-15 03:00,2,27.77,7.24,6.91,71.551,9.384,2.11,0.055,0.046,0.6744,,,2026-09-15 04:25:51
江西省,长江流域,禾水河口,2026-09-15 03:00,2,27.59,7.38,7.04,123.164,16.51,1.49,0.17,0.046,0.8294,,,2026-09-15 04:25:51
江西省,长江流域,蜀水河口,2026-09-15 03:00,2,26.29,7.13,7.47,73.262,22.004,0.53,0.207,0.067,0.881,,,2026-09-15 04:25:51
江西省,长江流域,遂川江江口,2026-09-15 03:00,3,26.11,7.3,7.13,79.885,52.854,1.09,0.08,0.178,1.3011,,,2026-09-15 04:25:51
江西省,长江流域,乌江江口,2026-09-15 04:00,2,27.62,7.43,6.72,138.935,11.221,1.28,0.094,0.05,0.8265,,,2026-09-15 04:25:51
江西省,长江流域,棚下,2026-09-15 03:00,2,25.99,7.32,7.57,143.139,8.43,1.84,0.047,0.056,1.038,,,2026-09-15 04:25:51
江西省,长江流域,丰城小港口,2026-09-15 03:00,2,27.202,7.28,9.14,96.88,86.3139,1.67,0.015,0.059,1.2278,,,2026-09-15 04:25:51
江西省,长江流域,高安市青州村,2026-09-15 03:00,2,28.21,7.93,8.02,188.71,6.24,1.94,0.008,0.055,1.196,,,2026-09-15 04:25:51
江西省,长江流域,良田村,2026-09-15 03:00,2,24.75,7.8,7.48,207.96,2.93,1.81,0.004,0.057,1.233,,,2026-09-15 04:25:51
江西省,长江流域,三洪村,2026-09-15 03:00,2,27.63,7.02,7.39,93.55,17.01,1.23,0.008,0.035,0.745,,,2026-09-15 04:25:51
江西省,长江流域,肖江江口,2026-09-15 03:00,3,27.305,7.14,5.84,196.967,20.595,2.48,0.037,0.073,1.329,,,2026-09-15 04:25:51
江西省,长江流域,修河港口,2026-09-15 04:00,1,25.78,7.12,8.2,42.06,2.77,0.44,,0.006,0.331,,,2026-09-15 04:25:51
江西省,长江流域,超坊,2026-09-15 04:00,2,26.71,7.83,7.74,91.123,28.976,2.28,0.193,0.059,0.8896,,,2026-09-15 04:25:51
江西省,长江流域,钟岭水厂,2026-09-15 03:00,2,27.72,7.39,6.62,73.04,16.83,2.67,,0.052,0.9549,,,2026-09-15 04:25:51
江西省,长江流域,临水河口,2026-09-15 03:00,2,25.79,6.95,7.92,79.95,7.54,1.69,0.08,0.054,0.879,,,2026-09-15 04:25:51
江西省,长江流域,赵家湾,2026-09-15 03:00,2,28.81,7.12,6.12,256.021,26.3594,1.48,0.019,0.029,1.024,,,2026-09-15 04:25:51
江西省,长江流域,康山,2026-09-15 03:00,4,26.49,6.6,6.52,109.95,58.32,3.1,0.165,0.095,1.252,0.013,746000,2026-09-15 04:25:51
江西省,长江流域,野鸡山村,2026-09-15 03:00,2,29.05,7.47,7.98,690.54,6.27,2.27,0.045,0.031,0.673,,,2026-09-15 04:25:51
江西省,长江流域,瑞洪大桥,2026-09-15 03:00,4,30.14,6.82,4.64,117.55,22.3,1.52,0.001,0.043,0.863,,,2026-09-15 04:25:51
江西省,长江流域,弋阳,2026-09-15 03:00,2,27.94,7.48,7.3,131.63,2.86,1.48,,0.055,0.957,,,2026-09-15 04:25:51
江西省,长江流域,洎水河河口,2026-09-15 03:00,3,29.19,6.95,5.4,530.54,8.91,2,0.072,0.039,1.25,,,2026-09-15 04:25:51
江西省,长江流域,铅山,2026-09-15 03:00,2,28.85,7.53,8.48,162.52,5.35,2.33,,0.086,0.924,,,2026-09-15 04:25:51
江西省,长江流域,旗山,2026-09-15 03:00,2,28.41,7.32,6.94,135.53,10.44,1.56,0.032,0.062,1.082,,,2026-09-15 04:25:51
江西省,长江流域,应家坊,2026-09-15 03:00,2,28.39,7.22,6.98,163.19,3.81,1.83,0.058,0.078,1.242,,,2026-09-15 04:25:51
山东省,淮河流域,辛丰庄,2026-09-15 03:00,2,24.439,7.88,12.63,1158.21,19.342,3.39,0.057,0.015,7.302,,,2026-09-15 04:25:51
山东省,黄河流域,泺口,2026-09-15 03:00,2,23.91,8.31,8.01,671.59,147.09,2.1,0.09,0.08,2.73,,,2026-09-15 04:25:51
山东省,淮河流域,睦里庄,2026-09-15 03:00,4,22.288,7.4,4.92,753.817,5.898,2.49,0.025,0.042,1.078,,,2026-09-15 04:25:51
山东省,黄河流域,卧虎山水库,2026-09-15 03:00,1,22.47,8.05,9.1,522.99,6.158,1.43,0.0003,0.013,3.879,,,2026-09-15 04:25:51
山东省,淮河流域,斜拉桥,2026-09-15 03:00,4,24.002,8.57,7.29,843.686,25.161,6.65,0.137,0.057,1.099,,,2026-09-15 04:25:51
山东省,淮河流域,马连庄,2026-09-15 03:00,2,21.667,7.71,8.86,959.22,6.136,2.29,,0.014,16.104,,,2026-09-15 04:25:51
山东省,淮河流域,吉利河水库出口,2026-09-15 03:00,3,22.858,8.51,6.78,338.041,10.789,4.91,0.015,0.047,0.804,,,2026-09-15 04:25:51
山东省,淮河流域,墨水河入海口,2026-09-15 03:00,3,25.472,7.83,7.77,2168.42,,5.87,0.048,0.188,7.525,,,2026-09-15 04:25:51
山东省,淮河流域,韩旺大桥,2026-09-15 03:00,2,22.725,7.74,7.21,867.922,1.6,2.04,0.013,0.01,24.39,,,2026-09-15 04:25:51
山东省,淮河流域,台儿庄大桥,2026-09-15 03:00,2,25.64,7.93,6.61,1259.21,33.74,3.38,0.172,0.068,2.263,,,2026-09-15 04:25:51
山东省,淮河流域,群乐桥,2026-09-15 03:00,3,20.44,7.84,7.06,2111.21,38.307,4.63,0.022,0.08,2.962,,,2026-09-15 04:25:51
山东省,淮河流域,王晁桥,2026-09-15 03:00,4,23.474,7.72,3.99,1117.71,19.131,,0.058,0.136,5.826,,,2026-09-15 04:25:51
山东省,淮河流域,十字河大桥,2026-09-15 03:00,3,24.588,7.78,7.12,1296.37,4.996,4.18,0.007,0.03,0.419,,,2026-09-15 04:25:51
山东省,淮河流域,贾庄闸,2026-09-15 03:00,2,24.31,7.84,6.64,1340.41,11.078,3.92,0.005,0.1,5.134,,,2026-09-15 04:25:51
山东省,淮河流域,新夹河大桥,2026-09-15 03:00,2,21.29929,8.85,6.95,838.7615,1.96875,3.74,0.044,0.011,1.71632,,,2026-09-15 04:25:51
山东省,淮河流域,桥头,2026-09-15 03:00,4,22.04,8.7,9.43,845.111,22.83,8.69,0.225,0.206,4.909,,,2026-09-15 04:25:51
山东省,淮河流域,东村河入海口,2026-09-15 03:00,3,21.362,7.23,10.28,729.321,27.69,5.07,0.033,0.08,1.944,,,2026-09-15 04:25:51
山东省,淮河流域,羊口,2026-09-15 03:00,6,24.004,7.74,0.21,5266.869,64.227,5.04,0.104,0.173,4.553,,,2026-09-15 04:25:51
山东省,淮河流域,峡山水库库中,2026-09-15 04:00,3,24.6,8.76,9.43,752.36,59.84,,,0.029,0.367,0.02189,1.128093,2026-09-15 04:25:51
山东省,淮河流域,柳疃桥,2026-09-15 03:00,3,24.57,7.64,9.42,1451.738,30.196,5.04,0.031,0.082,6.414,,,2026-09-15 04:25:51
山东省,淮河流域,张建桥,2026-09-15 03:00,2,23.79,7.84,8.72,2626.542,3.402,3.26,0.067,0.053,12.13,,,2026-09-15 04:25:51
山东省,淮河流域,兖州南大桥,2026-09-15 03:00,2,25.021,7.8,8.02,1055.64,8.054,3.97,0.029,0.06,1.1301,,,2026-09-15 04:25:51
山东省,淮河流域,105公路桥,2026-09-15 03:00,4,25.862,7.69,3.1,1556.1,45.348,4.84,0.093,0.14,2.962,,,2026-09-15 04:25:51
山东省,淮河流域,高河桥,2026-09-15 03:00,3,26.097,8.49,8.4,1482.18,24.506,5.83,0.007,0.077,1.421,,,2026-09-15 04:25:51
山东省,淮河流域,西石佛,2026-09-15 03:00,4,25.296,7.5,3.46,1258,38.945,3.84,0.117,0.05,3.145,,,2026-09-15 04:25:51
山东省,淮河流域,老运河微山段,2026-09-15 03:00,4,26.087,7.84,4.49,1304.13,13.482,3.89,0.087,0.034,1.087,,,2026-09-15 04:25:51
山东省,淮河流域,李集,2026-09-15 03:00,2,24.66,8.34,7.03,1118,16.81,3.99,0.001,0.066,1.633,,,2026-09-15 04:25:51
山东省,淮河流域,尹沟,2026-09-15 03:00,2,24.85,8.29,8.14,937.17,24.74,3.59,0.186,0.034,0.81,0.04,,2026-09-15 04:25:51
山东省,淮河流域,西支河入湖口,2026-09-15 03:00,3,26.428,8.56,10.56,1332.05,14.917,5.9,0.007,0.031,1.079,,,2026-09-15 04:25:51
山东省,淮河流域,东石佛,2026-09-15 03:00,2,24.953,7.89,7.09,1186.941,12.979,3.65,0.013,0.026,1.165,,,2026-09-15 04:25:51
山东省,淮河流域,西姚,2026-09-15 03:00,4,25.669,7.91,3.27,1317,27.3,3.38,0.154,0.194,2.27,,,2026-09-15 04:25:51
山东省,淮河流域,鲁桥,2026-09-15 03:00,3,25.672,8.06,6.58,1583.05,27.17,5.43,0.025,0.068,0.85,,,2026-09-15 04:25:51
山东省,淮河流域,牛庄闸,2026-09-15 03:00,2,25.915,8.38,9.53,950.103,8.43,3.38,0.03,0.002,0.892,,,2026-09-15 04:25:51
山东省,淮河流域,湘子庙,2026-09-15 03:00,6,24.97,8.2,1.6,1674.49,80.487,4.81,0.108,0.257,3.10033,,,2026-09-15 04:25:51
山东省,黄河流域,戴村坝,2026-09-15 03:00,2,26.31,7.53,6.02,876.04,4.3,2.24,0.086,0.015,2.762,,,2026-09-15 04:25:51
山东省,黄河流域,徐家汶,2026-09-15 03:00,2,23.39621,7.83,7.87,1350.197,34.21,1.96,0.032,0.06,37.09288,,,2026-09-15 04:25:51
山东省,淮河流域,大古镇,2026-09-15 03:00,3,25.03,7.26,9.06,879.71,20.89,4.55,0.014,0.09,5.49,,,2026-09-15 04:25:51
山东省,淮河流域,夏庄,2026-09-15 03:00,5,23.09,8.34,6.18,1181.3,18.7,11.85,0.028,0.193,3.15821,,,2026-09-15 04:25:51
山东省,淮河流域,临沂北大桥,2026-09-15 03:00,4,23.68,8.89,12.22,461.07,25.93,8.07,0.01,0.084,2.201,,,2026-09-15 04:25:51
山东省,淮河流域,捷庄,2026-09-15 03:00,4,25.4,7.71,26.19,719.968,13.629,7.86,0.059,0.091,1.258,,,2026-09-15 04:25:51
山东省,淮河流域,临沭大兴桥,2026-09-15 03:00,4,24.099,7.22,11.56,621.095,9.875,6.55,0.003,0.09,0.789,,,2026-09-15 04:25:51
山东省,淮河流域,310公路桥,2026-09-15 03:00,6,23.09,7.24,1.53,813.58,15.37,3.28,0.046,0.078,0.295,,,2026-09-15 04:25:51
山东省,淮河流域,沙沟桥,2026-09-15 03:00,4,21.74,7.43,4.49,780.17,4.85,4.06,0.111,0.061,3.782,,,2026-09-15 04:25:51
山东省,淮河流域,云蒙湖湖心,2026-09-15 03:00,3,21.78,8.98,10.85,419.5,1.71,4.93,,0.023,2.997,0.02061,7497280,2026-09-15 04:25:51
山东省,海河流域,第三店,2026-09-15 03:00,2,24.718,8.49,11.6,880.725,29.666,3.41,0.025,0.034,2.96,,,2026-09-15 04:25:51
山东省,海河流域,秤勾湾,2026-09-15 03:00,3,23.9,8.13,7.25,1141.74,112.64,2.43,0.752,0.122,7.3413,,,2026-09-15 04:25:51
山东省,海河流域,北湖,2026-09-15 04:00,2,24.98,8.7,9.15,934.4,3.06,2.89,0.004,0.014,1.43,0.01608,7940702,2026-09-15 04:25:51
山东省,海河流域,小泊头桥,2026-09-15 03:00,2,23.51,8.01,7.58,1135.906,14.382,2.27,0.036,0.092,4.908,,,2026-09-15 04:25:51
山东省,海河流域,胜利桥,2026-09-15 03:00,4,24.017,8.1,11.5,2299.819,19.829,6.6,0.049,0.114,2.091,,,2026-09-15 04:25:51
山东省,海河流域,富国,2026-09-15 03:00,4,23.23,8.18,3.24,2124.13,13.93,5.61,0.026,0.059,1.021,,,2026-09-15 04:25:51
山东省,海河流域,芦家河子水库,2026-09-15 03:00,6,22.996,9.21,11.58,833.123,24.628,4.27,0.022,0.043,1.014,,,2026-09-15 04:25:51
山东省,海河流域,三角洼水库,2026-09-15 03:00,2,23.606,8.36,9.93,1010.802,21.97,2.37,0.048,0.039,1.001,,,2026-09-15 04:25:51
山东省,淮河流域,西闸,2026-09-15 03:00,3,24.571,7.98,7.94,1560.427,21.803,3.59,0.112,0.113,,,,2026-09-15 04:25:51
山东省,淮河流域,范李,2026-09-15 03:00,4,24.527,7.96,4.13,1990.264,22.631,3.28,0.273,0.148,5.684,,,2026-09-15 04:25:51
山东省,海河流域,邵家,2026-09-15 03:00,5,25.078,7.59,19.58,9020.85,174.18,12.86,0.044,0.106,2.702,,,2026-09-15 04:25:51
山东省,淮河流域,于楼,2026-09-15 03:00,4,24.171,8.52,7.33,2025.28,57.897,6.13,0.198,0.211,1.364,,,2026-09-15 04:25:51
山东省,淮河流域,徐寨,2026-09-15 03:00,3,24.414,8.56,9.11,1713.45,21.58,4.52,0.092,0.147,1.426,,,2026-09-15 04:25:51
河南省,黄河流域,七里铺,2026-09-15 03:00,3,25.055,7.93,7.47,679.523,16.2224,2.69,0.147,0.13,4.341,,,2026-09-15 04:25:51
河南省,淮河流域,尖岗水库,2026-09-15 03:00,2,25.73,8.79,10.93,260.9717,4.1082,2.41,,0.013,0.3519,,,2026-09-15 04:25:51
河南省,淮河流域,新郑黄甫寨,2026-09-15 03:00,2,25.32,8.03,11.42,922.79,17.73,3.15,0.019,0.033,3.2217,,,2026-09-15 04:25:51
河南省,淮河流域,通许邸阁,2026-09-15 03:00,5,25.12,7.9,6.04,858.05,146.46,3.05,0.13,0.311,3.046,,,2026-09-15 04:25:51
河南省,淮河流域,中牟陈桥,2026-09-15 03:00,3,24.91,7.78,7.72,819.02,34.65,5,0.021,0.089,5.9844,,,2026-09-15 04:25:51
河南省,黄河流域,高崖寨,2026-09-15 03:00,2,24.53,8.31,6.91,491.75,4.77,2.34,0.009,0.032,2.995,,,2026-09-15 04:25:51
河南省,黄河流域,龙门大桥,2026-09-15 03:00,2,24.151,8.33,8.04,501.861,29.321,3.63,0.001,0.058,3.265,,,2026-09-15 04:25:51
河南省,淮河流域,紫罗山,2026-09-15 03:00,2,23.1847,7.87,7.76,267.0968,55.22503,3.92,0.09,0.063,4.21696,,,2026-09-15 04:25:51
河南省,黄河流域,白马寺,2026-09-15 03:00,3,24.78,7.81,7.91,623.5,17.9,2.37,0.069,0.182,4.507,,,2026-09-15 04:25:51
河南省,黄河流域,潭头,2026-09-15 03:00,1,22.54,8.07,7.63,562.9,5.7395,1.36,0.002,0.013,2.781,,,2026-09-15 04:25:51
河南省,淮河流域,大陈闸,2026-09-15 03:00,2,25.47161,8.1,10.11,836.9238,5.9149,1.3,0.008,0.023,8.36719,,,2026-09-15 04:25:51
河南省,淮河流域,白龟山水库,2026-09-15 03:00,3,25.71,8.36,9.12,348.2,4.75,4.2,0.005,0.023,0.898,0.03561,2312000,2026-09-15 04:25:51
河南省,淮河流域,杨寨中村,2026-09-15 03:00,3,22.44,7.88,7.92,705.69,32.42,2.71,0.051,0.104,8.54,,,2026-09-15 04:25:51
河南省,淮河流域,舞钢石庄桥,2026-09-15 03:00,1,25.17258,8.12,7.54,,0.49548,,,,,,,2026-09-15 04:25:51
河南省,海河流域,彰武水库,2026-09-15 03:00,2,24.356,8.16,9.02,578.1,4.14,2.13,,0.012,2.9414,,,2026-09-15 04:25:51
河南省,海河流域,五陵,2026-09-15 03:00,3,23.54,7.93,7,1372.2,97.8,2.8,0.03,0.167,7.759,,,2026-09-15 04:25:51
河南省,海河流域,石辛庄,2026-09-15 03:00,3,24.62,7.93,17.41,1221.387,8.162,4.66,0.148,0.064,7.0736,,,2026-09-15 04:25:51
河南省,海河流域,黄花营,2026-09-15 03:00,1,25.27,8.22,8.36,499.1052,4.5598,0.64,,0.014,5.0747,,,2026-09-15 04:25:51
河南省,海河流域,前枋城,2026-09-15 03:00,1,21.536,7.93,7.82,561.54,9.226,1.2,,,5.2025,,,2026-09-15 04:25:51
河南省,海河流域,卫河小河口,2026-09-15 03:00,3,23.97,8.09,8.05,1186.702,137.61,2.72,0.493,0.198,7.5906,,,2026-09-15 04:25:51
河南省,海河流域,修武水文站,2026-09-15 03:00,3,24.38,7.86,7.56,2553.365,48.07,4.14,0.222,0.196,8.2642,,,2026-09-15 04:25:51
河南省,海河流域,获嘉东碑村,2026-09-15 03:00,3,25.53,7.93,6.44,1405.92,91.95,4.98,0.06,0.193,5.448,,,2026-09-15 04:25:51
河南省,黄河流域,封丘陶北,2026-09-15 03:00,2,24.47,8.28,12.58,943.62,27.45,3.58,0.007,0.056,2.775,,,2026-09-15 04:25:51
河南省,黄河流域,封丘王堤,2026-09-15 03:00,2,24.56,7.57,6.85,898.76,50.83,3.74,0.12,0.091,1.9499,,,2026-09-15 04:25:51
河南省,海河流域,新乡贾太湖,2026-09-15 03:00,3,25.39,8.28,7.68,707.16,396.222,2.87,,0.129,3.4385,,,2026-09-15 04:25:51
河南省,黄河流域,武陟渠首,2026-09-15 03:00,2,25.03,7.98,9.19,877.45,31.45,1.53,0.024,0.055,4.672,,,2026-09-15 04:25:51
河南省,黄河流域,孟州石井,2026-09-15 03:00,4,28.15239,7.67,3.81,7282.32,14.58934,4.9,0.133,0.178,3.71796,,,2026-09-15 04:25:51
河南省,黄河流域,孟州还封村,2026-09-15 03:00,3,25.02346,7.79,5.15,1416.559,17.44518,2.03,0.077,0.161,10.51344,,,2026-09-15 04:25:51
河南省,海河流域,南乐元村集,2026-09-15 03:00,4,22.08,7.91,8.74,1336.23,167.72,2.38,0.06,0.217,7.997,,,2026-09-15 04:25:51
河南省,海河流域,南乐水文站,2026-09-15 03:00,4,24.41,7.96,4.38,776.859,52.4,5.52,0.473,0.194,3.6485,,,2026-09-15 04:25:51
河南省,海河流域,濮阳西水坡,2026-09-15 03:00,3,24.61,8.57,5.79,830.53,4.24,2.57,0.046,0.011,0.782,,,2026-09-15 04:25:51
河南省,黄河流域,濮阳大韩桥,2026-09-15 03:00,5,24,7.64,2.6,1290.94,54.7,6.71,0.253,0.181,2.893,,,2026-09-15 04:25:51
河南省,淮河流域,白沙水库,2026-09-15 03:00,3,25.5416,8.27,7.8,695.554,3.93,4.15,0.016,0.016,3.587,,,2026-09-15 04:25:51
河南省,淮河流域,召陵武湾,2026-09-15 03:00,2,25.34,7.82,7.47,610.1,22.03,3.29,0.047,0.062,4.453,,,2026-09-15 04:25:51
河南省,淮河流域,郾城漯邓桥,2026-09-15 03:00,4,25.4,7.77,6.29,1798.3,23.7,3.12,0.05,0.205,3.397,,,2026-09-15 04:25:51
河南省,淮河流域,叶舞公路桥,2026-09-15 03:00,2,24.698,7.5,7.43,319.49,16.782,3.67,0.006,0.074,2.475,,,2026-09-15 04:25:51
河南省,淮河流域,临颍高村桥,2026-09-15 03:00,3,25.24,7.67,7.46,1164,14.8,2.62,0.432,0.13,10.777,,,2026-09-15 04:25:51
河南省,淮河流域,舞阳马湾,2026-09-15 03:00,2,25.368,8.24,10.85,591.87,23.635,3.08,0.015,0.035,4.395,,,2026-09-15 04:25:51
河南省,黄河流域,洛河大桥,2026-09-15 03:00,1,22.66,8.38,8.18,599.184,24.356,0.96,0.072,0.017,1.7956,,,2026-09-15 04:25:51
河南省,长江流域,淅川荆紫关,2026-09-15 03:00,2,24.71308,8.15,7.49,356.6782,2.479933,1.67,0.005,0.01,1.19,,,2026-09-15 04:25:51
河南省,长江流域,淅川史家湾,2026-09-15 03:00,2,24.06,7.94,7.13,410.531,10.13,1.55,,0.017,1.3973,0.00147,,2026-09-15 04:25:51
河南省,长江流域,淅川高湾,2026-09-15 03:00,2,23.82,8.01,8.42,397.097,12.683,1.9,0.008,0.024,1.4567,0.0036,,2026-09-15 04:25:51
河南省,长江流域,淅川张营,2026-09-15 03:00,4,26.95,7.8,4.38,324.102,5.997,3.33,0.053,0.024,1.4909,0.00987685,,2026-09-15 04:25:51
河南省,长江流域,五龙泉,2026-09-15 03:00,2,26.18,8.09,6.61,264.67,15.28,1.76,0.007,0.009,0.725,0.0014,697616.5,2026-09-15 04:25:51
河南省,长江流域,宋岗,2026-09-15 03:00,2,26.62,8.18,6.78,267.8,5.396,1.34,0.009,0.008,0.738,0.002232,1023657,2026-09-15 04:25:51
河南省,长江流域,陶岔,2026-09-15 03:00,2,26.85,8.22,6.35,261.733,3.613,1.47,,0.013,0.9196,0.0016,746037,2026-09-15 04:25:51
河南省,长江流域,三道河,2026-09-15 03:00,1,21.9,8.08,8.49,475.733,5.366,0.81,0.005,0.003,2.05,,,2026-09-15 04:25:51
河南省,长江流域,上河,2026-09-15 03:00,1,22.73,8.14,8.28,225.0288,5.75911,1.93,0.004,0.005,0.21176,,,2026-09-15 04:25:51
河南省,长江流域,方城夏河,2026-09-15 03:00,3,24.12,7.72,5.59,715.6729,29.035,2.31,0.03,0.117,7.801,,,2026-09-15 04:25:51
河南省,长江流域,内乡怀乡桥,2026-09-15 02:00,2,24.21499,8.27,10.76,453.9144,5.87397,2.42,0.005,0.018,2.4951,,,2026-09-15 04:25:51
河南省,淮河流域,新野溧河桥,2026-09-15 03:00,3,25.73337,7.68,6.99,377.1969,27.45674,4.73,0.006,0.066,1.91838,,,2026-09-15 04:25:51
河南省,淮河流域,吕楼桥,2026-09-15 03:00,4,22.86,7.78,3.3,1561.231,41.47,2.08,0.092,0.063,0.4379,,,2026-09-15 04:25:51
河南省,淮河流域,黄口,2026-09-15 04:00,3,25.32,8.09,5.92,1425.205,20.76,4.96,0.091,0.077,4.1071,,,2026-09-15 04:25:51
河南省,淮河流域,睢县板桥,2026-09-15 03:00,3,22.29,7.85,6.38,1293.41,89.46,5.29,0.209,0.154,5.461,,,2026-09-15 04:25:51
河南省,淮河流域,永城张板桥,2026-09-15 03:00,4,25.51,8.95,15.97,1424.1,83.71,8.49,0.008,0.235,1.524,,,2026-09-15 04:25:51
河南省,淮河流域,长台关甘岸桥,2026-09-15 03:00,3,26.11,7.61,7.04,316.13,10.43,4.17,,0.052,0.842,,,2026-09-15 04:25:51
河南省,淮河流域,息县大埠口,2026-09-15 03:00,2,25.06814,7.92,7.47,292.3538,10.28827,3.51,0.02,0.037,0.84957,,,2026-09-15 04:25:51
河南省,淮河流域,潢川水文站,2026-09-15 03:00,3,24.922,6.54,6.9,206.587,44.1596,3.67,0.06,0.142,0.58,,,2026-09-15 04:25:51
河南省,淮河流域,淮滨北庙,2026-09-15 03:00,2,26.63,8.07,8,218.8399,78.36302,2.31,0.001,0.046,0.6109,,,2026-09-15 04:25:51
河南省,淮河流域,饮用水源地取水口,2026-09-15 03:00,3,25.28,8.89,10.84,165.63,7.22,5.24,0.003,0.025,0.614,,81000,2026-09-15 04:25:51
河南省,淮河流域,竹竿铺,2026-09-15 03:00,2,25.56,8.96,9.46,220.37,9.26,3.14,0.026,0.037,0.496,,,2026-09-15 04:25:51
河南省,淮河流域,固始马罡,2026-09-15 03:00,2,26.151,8.63,8.87,202.094,6.9296,3.77,0.017,0.046,0.5657,,,2026-09-15 04:25:51
河南省,淮河流域,老沈丘泉河桥,2026-09-15 03:00,4,26.47,7.74,4.81,1090.777,28.734,4.01,0.008,0.107,2.7376,,,2026-09-15 04:25:51
河南省,淮河流域,刘寨村后,2026-09-15 03:00,3,25.74,7.92,5.9,1331,8.98,5.51,0.05,0.076,2.3616,,,2026-09-15 04:25:51
河南省,淮河流域,西华大王庄,2026-09-15 03:00,2,23.4161,8.21,10.67,866.24,42.8547,3.89,0.115,0.073,3.906,,,2026-09-15 04:25:51
河南省,淮河流域,周口康店,2026-09-15 03:00,2,25.41,7.63,6.79,805.7504,7.65,2.96,0.145,0.057,4.8824,,,2026-09-15 04:25:51
河南省,淮河流域,商水双桥,2026-09-15 03:00,2,24.91,7.75,6.26,856.506,20.4447,2.91,0.085,0.1,5.182,,,2026-09-15 04:25:51
河南省,淮河流域,鄢陵陶城闸,2026-09-15 03:00,3,24.2,7.76,5.72,1304.7,15.73,3.24,0.44,0.166,9.1836,,,2026-09-15 04:25:51
河南省,淮河流域,鹿邑付桥,2026-09-15 03:00,3,25.97,7.95,8.39,684.187,16.198,5.67,0.028,0.064,2.1151,,,2026-09-15 04:25:51
河南省,淮河流域,冯塘邱屯,2026-09-15 03:00,4,24.93,7.61,4.45,1170.555,42.20777,4.33,0.066,0.127,6.10403,,,2026-09-15 04:25:51
河南省,淮河流域,新蔡班台,2026-09-15 03:00,4,25.363,7.75,7.1,579.2,25.259,3.6,0.086,0.227,1.989,,,2026-09-15 04:25:51
河南省,淮河流域,西平杨庄,2026-09-15 03:00,3,23.51195,7.85,7.2,1066.311,45.27797,2.51,0.047,0.133,5.14768,,,2026-09-15 04:25:51
河南省,淮河流域,板桥水库,2026-09-15 03:00,3,24.06,8.24,6.8,191.8352,5.67,4.21,0.009,0.017,0.573,,,2026-09-15 04:25:51
河南省,淮河流域,西平王孟寺,2026-09-15 03:00,3,23.86866,7.26,5.77,983.2361,29.47867,4.06,0.076,0.153,4.49306,,,2026-09-15 04:25:51
河南省,淮河流域,新蔡李桥,2026-09-15 03:00,3,25.953,8.04,7.7,1073.858,20.41,2.13,0.055,0.171,3.71,,,2026-09-15 04:25:51
河南省,黄河流域,小浪底水库,2026-09-15 03:00,2,25.99,8.07,6.58,948.949,13.138,1.8,0.052,0.029,2.9461,,,2026-09-15 04:25:51
河南省,黄河流域,南山,2026-09-15 03:00,2,22.11605,8.14,7.86,977.5078,15.46533,1.92,0.006,0.023,2.91517,0.01228,3667880,2026-09-15 04:25:51
湖北省,长江流域,朱家河口,2026-09-15 03:00,4,26.621,7.3,3.33,610.662,66.08,4.35,0.12,0.113,4.218,,,2026-09-15 04:25:51
湖北省,长江流域,沐家泾,2026-09-15 03:00,3,25.99,7.62,7.55,209.63,54.332,4.67,0.013,0.088,1.05,,,2026-09-15 04:25:51
湖北省,长江流域,牛山湖湖心,2026-09-15 04:00,3,26.35,8.64,9.43,190.41,11.341,5.14,,0.024,,0.00426,1.910525,2026-09-15 04:25:51
湖北省,长江流域,西梁子湖湖北,2026-09-15 04:00,3,26.036,7.67,6.12,194.46,53.706,3.55,,0.036,0.52,0.00277,1.018315,2026-09-15 04:25:51
湖北省,长江流域,宗关,2026-09-15 03:00,2,26.526,8.51,8.93,364.5,13.38,2.27,0.024,0.044,1.166,0.008549,,2026-09-15 04:25:51
湖北省,长江流域,杨泗港,2026-09-15 03:00,2,26.73,7.71,7.78,283.656,29.86,0.8,,0.022,1.906,,,2026-09-15 04:25:51
湖北省,长江流域,龙口,2026-09-15 03:00,4,27.33,8.96,10.43,195.36,20.37,7.32,0.043,0.059,1.019,,,2026-09-15 04:25:51
湖北省,长江流域,金水闸,2026-09-15 04:00,6,26.52,7.2,1.68,296.2,28.77,6.07,0.224,0.027,0.92,,,2026-09-15 04:25:51
湖北省,长江流域,郭玉,2026-09-15 03:00,2,26.387,8.53,9.62,179.4,14.989,3.24,0.014,0.068,1.385,,,2026-09-15 04:25:51
湖北省,长江流域,滠口,2026-09-15 03:00,3,27.57,8.66,7.97,223.2486,28.64,4.08,0.093,0.106,1.0912,,,2026-09-15 04:25:51
湖北省,长江流域,港洲村,2026-09-15 03:00,3,27.62,7.68,7.47,440.1,15.7865,3.5,0.014,0.137,1.115,,,2026-09-15 04:25:51
湖北省,长江流域,黄陵大桥,2026-09-15 03:00,4,26.057,7.4,4.4,469.3,19.128,4.27,0.028,0.054,1.038,,,2026-09-15 04:25:51
湖北省,长江流域,太平沙,2026-09-15 03:00,5,24.61,7.33,2.73,497.9,17.83,4.46,0.01,0.077,1.836,,,2026-09-15 04:25:51
湖北省,长江流域,白浒山,2026-09-15 03:00,2,26.23,7.83,6.94,323.1576,37.59897,1.96,0.013,0.092,1.518213,,,2026-09-15 04:25:51
湖北省,长江流域,挖沟泵站,2026-09-15 03:00,2,27.93558,7.43,7.77,1188.88,26.62564,3.82,0.068,0.089,1.797555,,,2026-09-15 04:25:51
湖北省,长江流域,富池闸,2026-09-15 03:00,2,27.51,7.9,8.23,220.45,15.46991,2.29,0.036,0.033,0.6930135,,,2026-09-15 04:25:51
湖北省,长江流域,大冶湖闸,2026-09-15 03:00,3,29.01,8.39,10.9,305.59,24.36,5.75,0.079,0.076,0.986,,,2026-09-15 04:25:51
湖北省,长江流域,夹河口,2026-09-15 03:00,3,24.45,7.69,5.14,285.138,5.39,1.81,0.034,0.014,1.431,,,2026-09-15 04:25:51
湖北省,长江流域,天河口,2026-09-15 03:00,2,24.562,7.96,7.2,402.708,4.742,1.76,0.163,,1.1816,,,2026-09-15 04:25:51
湖北省,长江流域,焦家院,2026-09-15 03:00,2,23.01,7.74,6.75,243.024,6.192,1.91,0.008,0.016,0.9508,,,2026-09-15 04:25:51
湖北省,长江流域,孙家湾,2026-09-15 03:00,2,26.7,8.51,8.68,234.44,14.32,3.21,0.03,0.071,1.162,,,2026-09-15 04:25:51
湖北省,长江流域,浪河口,2026-09-15 03:00,2,26.9,8.27,8.49,178.5619,5.23,3.52,0.021,0.023,0.718,,,2026-09-15 04:25:51
湖北省,长江流域,丹江口水库坝上中,2026-09-15 03:00,2,27.02,7.99,6.51,244.157,2.11825,1.79,0.075,0.004,0.8834,0.0039211,143000,2026-09-15 04:25:51
湖北省,长江流域,陈家坡,2026-09-15 03:00,3,25.44,7.79,5.83,277.26,6.85,2.53,0.024,0.021,1.2779,,,2026-09-15 04:25:51
湖北省,长江流域,潘口水库坝上,2026-09-15 03:00,2,25.71,8.8,9.76,190.7,5.5,2.59,,0.013,0.657,,,2026-09-15 04:25:51
湖北省,长江流域,剑河口,2026-09-15 03:00,2,27.04,8.05,7.23,218.21,0.31,2.67,0.014,0.021,1.073,,,2026-09-15 04:25:51
湖北省,长江流域,东湾桥,2026-09-15 03:00,2,22.46,7.9,7.6,487.8837,9.77,3.07,0.033,0.071,2.6079,,,2026-09-15 04:25:51
湖北省,长江流域,神定河口,2026-09-15 03:00,3,24.3,7.89,7.42,605.688,11.896,3.76,0.096,0.183,7.928,,,2026-09-15 04:25:51
湖北省,长江流域,泗河口,2026-09-15 03:00,3,23.72,7.82,6.86,756.509,5.655,3.49,0.08,0.101,5.885,,,2026-09-15 04:25:51
湖北省,长江流域,王河电站,2026-09-15 03:00,1,24.78,8.05,8.03,412.3374,9.64,1.46,0.029,0.014,0.9927,,,2026-09-15 04:25:51
湖北省,长江流域,隔河岩水库坝上,2026-09-15 03:00,1,20.99,8.4,7.52,238.54,2.06,1.21,0.004,0.009,1.799,0.03806,2383081,2026-09-15 04:25:51
湖北省,长江流域,长沙坝,2026-09-15 03:00,3,26.457,7.64,5.79,476.026,6.483,1.54,0.009,0.039,1.983,,,2026-09-15 04:25:51
湖北省,长江流域,清江大桥,2026-09-15 03:00,3,21.77,7.48,5.63,325.558,7.427,0.87,,0.012,2.551,,,2026-09-15 04:25:51
湖北省,长江流域,马渡河,2026-09-15 03:00,2,23.01,7.42,9.07,321.06,3.61,3.09,0.005,0.011,2.281,,,2026-09-15 04:25:51
湖北省,长江流域,铁路大桥,2026-09-15 03:00,2,24.58,7.83,7.08,566.4,16.1,2.08,0.025,0.032,1.607,,,2026-09-15 04:25:51
湖北省,长江流域,两河口,2026-09-15 03:00,2,26.128,7.66,7.13,558.6625,18.9932,2.59,0.074,0.055,3.1988,,,2026-09-15 04:25:51
湖北省,长江流域,桅杆坪,2026-09-15 03:00,3,19.63,7.42,5.74,279.89,1.09,0.96,0.001,0.026,2.814,,,2026-09-15 04:25:51
湖北省,长江流域,白石港,2026-09-15 03:00,2,25.87,8.22,7.37,320.571,77.425,2.37,0.003,0.006,1.271,,,2026-09-15 04:25:51
湖北省,长江流域,云池,2026-09-15 03:00,2,26.87,7.9,7.85,413.33,7.76,1.28,,0.046,2.442,,,2026-09-15 04:25:51
湖北省,长江流域,翟湾,2026-09-15 03:00,2,24.82,7.78,6.58,493.1931,23.89971,2.8,0.013,0.081,2.1359,,,2026-09-15 04:25:51
湖北省,长江流域,埠口,2026-09-15 03:00,2,26.31402,8.3,6.81,489.7875,25.68193,3.96,0.01,0.07,1.28026,,,2026-09-15 04:25:51
湖北省,长江流域,张湾,2026-09-15 03:00,3,25.13,8.25,9.92,468.9216,18.1,3.75,0.071,0.107,2.291,,,2026-09-15 04:25:51
湖北省,长江流域,余家湖,2026-09-15 03:00,2,28.2,7.92,6.68,329.6617,21.32,2.43,0.035,0.029,1.256,,,2026-09-15 04:25:51
湖北省,长江流域,聂家滩,2026-09-15 03:00,2,26.54,7.98,7.94,318.8806,31.02,2.11,0.023,0.041,1.385,,,2026-09-15 04:25:51
湖北省,长江流域,汤店,2026-09-15 03:00,3,26.52,7.37,5.01,625.9971,10.66,4.1,0.092,0.063,1.303,,,2026-09-15 04:25:51
湖北省,长江流域,沈湾,2026-09-15 03:00,3,18.03,7.66,5.68,329.7,3.25,2.08,0.025,0.015,1.33,,,2026-09-15 04:25:51
湖北省,长江流域,朱市,2026-09-15 03:00,3,25.3,8.05,7.6,600.7699,30.56,2.61,0.036,0.102,1.731,,,2026-09-15 04:25:51
湖北省,长江流域,茶庵,2026-09-15 03:00,1,26.41,8.28,9.48,384.6115,20.6,1.39,0.018,0.009,1.913,,,2026-09-15 04:25:51
湖北省,长江流域,马兰河口,2026-09-15 03:00,2,24.65,8.07,7.58,385.3,5.29,1.39,0.015,0.036,2.067,,,2026-09-15 04:25:51
湖北省,长江流域,燕矶,2026-09-15 03:00,2,26.36,7.7,7.35,315.95,33.63,1.59,0.089,0.051,1.76,,,2026-09-15 04:25:51
湖北省,长江流域,东梁子湖湖心,2026-09-15 04:00,3,25.87,7.98,7.92,191.103,23.568,3.46,,0.037,0.192,,,2026-09-15 04:25:51
湖北省,长江流域,梁子湖七星站,2026-09-15 04:00,3,26.31,7.56,5.66,198.7874,36.74751,4.34,0.106,0.015,1.559101,0.03546242,,2026-09-15 04:25:51
湖北省,长江流域,漳河水库库心,2026-09-15 03:00,1,25.57,8.3,8.78,308.0152,11.0502,1.65,,,0.375,0.00047,9186000,2026-09-15 04:25:51
湖北省,长江流域,转斗,2026-09-15 03:00,2,25.7,8.52,7.86,,0.4109,2.91,0.003,0.036,1.341,,,2026-09-15 04:25:51
湖北省,长江流域,罗汉闸,2026-09-15 03:00,2,25.55,8.36,9.95,360.23,357.26,3.73,0.017,0.051,1.2381,,,2026-09-15 04:25:51
湖北省,长江流域,京山河邓李港,2026-09-15 03:00,2,27.58,7.77,8.04,479.9759,18.8399,3.05,,0.088,1.63,,,2026-09-15 04:25:51
湖北省,长江流域,马良龚家湾,2026-09-15 03:00,4,26.26,7.35,4.45,1005.76,74.5551,3.97,0.119,0.174,2.6045,,,2026-09-15 04:25:51
湖北省,长江流域,应城公路桥,2026-09-15 03:00,2,26.44,7.98,8.94,592.88,13.0972,2.22,0.025,0.023,0.1091,,,2026-09-15 04:25:51
湖北省,长江流域,田店泵站,2026-09-15 03:00,2,26.56,8.22,7.63,492.43,9.5322,2.23,,0.023,0.23466,,,2026-09-15 04:25:51
湖北省,长江流域,垌冢桥,2026-09-15 03:00,2,26.282,7.52,6.09,383.34,10.377,2.48,0.035,0.096,1.64,,,2026-09-15 04:25:51
湖北省,长江流域,新沟闸,2026-09-15 03:00,2,27.17,8.51,12.33,415.56,9.36,3.37,,0.051,0.729,,,2026-09-15 04:25:51
湖北省,长江流域,小河,2026-09-15 03:00,2,27.21,8.44,10.1,367.91,35.14,3.13,0.16,0.061,1.708,,,2026-09-15 04:25:51
湖北省,长江流域,孝昌王店,2026-09-15 03:00,4,26.62,8.38,8.28,320.3,15.2287,6.84,0.01,0.121,1.032,,,2026-09-15 04:25:51
湖北省,长江流域,孝感河口大桥,2026-09-15 03:00,3,26.87,8.62,10.62,289.404,15.99,5.06,0.014,0.057,1.2919,,,2026-09-15 04:25:51
湖北省,长江流域,大悟河口,2026-09-15 03:00,2,26.14,8.47,7.27,255.2,7.76,2.88,,0.031,0.2737,,,2026-09-15 04:25:51
湖北省,长江流域,安陆桑树,2026-09-15 03:00,2,26.39,7.93,8.35,504.05,10.0352,3.07,,0.023,0.4579,,,2026-09-15 04:25:51
湖北省,长江流域,隔蒲桥,2026-09-15 03:00,4,26.82,7.6,12.04,466.18,13.224,6.44,0.036,0.048,1.0797,,,2026-09-15 04:25:51
湖北省,长江流域,汉川新堰,2026-09-15 03:00,4,27.03,7.27,4.3,457.2,46.923,2.96,0.094,0.122,1.942,,,2026-09-15 04:25:51
湖北省,长江流域,杨柴湖,2026-09-15 03:00,4,24.6,6.88,3.35,348.7,14.5,4.26,0.0005,0.079,0.4,0.00182,1339560,2026-09-15 04:25:51
湖北省,长江流域,排水闸,2026-09-15 03:00,3,26.23,7.78,6.85,389.7644,43.0211,2.55,,0.049,1.45,0.001,2.276875,2026-09-15 04:25:51
湖北省,长江流域,洪湖湖心,2026-09-15 03:00,3,26.8,7.95,6.51,363.419,100.946,3.03,0.079,0.048,1.539,0.0005,50254.7,2026-09-15 04:25:51
湖北省,长江流域,观音寺,2026-09-15 03:00,2,26.71,7.86,7.23,401.42,8.68,1.41,,0.053,2.6,,,2026-09-15 04:25:51
湖北省,长江流域,新刘家台,2026-09-15 03:00,2,27.856,7.78,6.12,398.55,8.365,2.08,0.048,0.035,1.383,,,2026-09-15 04:25:51
湖北省,长江流域,荆州河口,2026-09-15 03:00,2,26.22,7.69,8.85,541.7864,27.5595,3.2,,0.041,2.0928,,,2026-09-15 04:25:51
湖北省,长江流域,康家岗,2026-09-15 03:00,2,26.9,8.04,9.61,386.987,35.124,,,0.025,1.5813,,,2026-09-15 04:25:51
湖北省,长江流域,新河村,2026-09-15 03:00,4,27.165,7.49,4.42,412.75,22.215,2.78,0.116,0.109,1.856,,,2026-09-15 04:25:51
湖北省,长江流域,新滩,2026-09-15 03:00,3,26.779,7.51,5.2,410.3,51.07,2.94,0.02,0.039,1.593,,,2026-09-15 04:25:51
湖北省,长江流域,淤泥湖,2026-09-15 04:00,2,27.5,8.7,11.5,399.9,49,2.58,0.012,0.071,1.719,,,2026-09-15 04:25:51
湖北省,长江流域,杨家垱,2026-09-15 03:00,2,26.86,8.3,11.84,368.75,32.47,1.67,0.035,0.032,1.495,,,2026-09-15 04:25:51
湖北省,长江流域,调关,2026-09-15 03:00,2,,,,,,1.54,,0.049,2.1585,,,2026-09-15 04:25:51
湖北省,长江流域,三兴公,2026-09-15 03:00,2,25.997,7.88,11.56,549.906,27.09,2.67,0.005,0.046,0.497,,,2026-09-15 04:25:51
湖北省,长江流域,姚集,2026-09-15 03:00,2,27.3,7.66,6.79,463.6,5.8,2.13,0.076,0.059,1.515,,,2026-09-15 04:25:51
湖北省,长江流域,乌溪沟,2026-09-15 04:00,2,24.28838,7.8,6.62,354.2158,15.34025,1.19,0.026,0.034,1.602509,,,2026-09-15 04:25:51
湖北省,长江流域,白莲河水库坝上,2026-09-15 03:00,5,27.054,7.03,2.9,111.9,2.243,3.04,0.008,0.031,0.5044,0.015886,10059,2026-09-15 04:25:51
湖北省,长江流域,兰溪大桥,2026-09-15 03:00,2,28.537,7.68,7.52,177.965,5.615,3.41,0.052,0.066,1.121,,,2026-09-15 04:25:51
湖北省,长江流域,中官铺,2026-09-15 03:00,2,26.8,7.75,7.18,317.7,30.58,1.93,,0.053,1.5,,,2026-09-15 04:25:51
湖北省,长江流域,蕲春县八里湖,2026-09-15 03:00,3,28.05,7.23,5.87,189.2565,63.72,2.43,0.164,0.146,1.27,,,2026-09-15 04:25:51
湖北省,长江流域,咸宁湖心,2026-09-15 04:00,4,27.44,8.26,5.79,229.903,17.264,6.16,0.097,0.053,,0.0123,6899294,2026-09-15 04:25:51
湖北省,长江流域,富水水库,2026-09-15 03:00,2,27.73,8.85,9.52,231.4901,13.14,2.78,0.016,0.02,0.654,0.01,2.4345,2026-09-15 04:25:51
湖北省,长江流域,窑嘴大桥,2026-09-15 03:00,2,27.94,7.7,8.25,397.5284,17.96,2.52,,0.049,2.604,,,2026-09-15 04:25:51
湖北省,长江流域,陆溪口,2026-09-15 03:00,4,28.14,7.28,4.52,222.25,14.92,3.61,0.268,0.06,1.676,,,2026-09-15 04:25:51
湖北省,长江流域,洪下水文站,2026-09-15 03:00,2,26.3,8.71,10.84,138.7,8.38,1.36,0.006,0.037,0.936,,,2026-09-15 04:25:51
湖北省,长江流域,厉山,2026-09-15 03:00,3,26.05,7.56,6.64,514.8791,14.64,3.18,0.018,0.121,4.7963,,,2026-09-15 04:25:51
湖北省,长江流域,平林,2026-09-15 03:00,3,26.08,8.45,8.66,324.826,5.912,5.2,0.018,0.054,0.781,,,2026-09-15 04:25:51
湖北省,长江流域,涢水大桥,2026-09-15 03:00,3,26.3,8.04,9.31,412.5311,14.93,4.25,0.024,0.041,0.4427,,,2026-09-15 04:25:51
湖北省,长江流域,江口村,2026-09-15 03:00,1,26.13,8.57,10.31,181.77,6.795,0.97,,0.014,0.901,,,2026-09-15 04:25:51
湖北省,长江流域,恩施大沙坝,2026-09-15 03:00,6,21.33,7.46,1.66,342.35,5.3,1.75,0.131,0.113,3.776,,,2026-09-15 04:25:51
湖北省,长江流域,雪照河,2026-09-15 03:00,1,19.59,8.17,7.9,343.69,10.001,0.39,,0.02,2.385,,,2026-09-15 04:25:51
湖北省,长江流域,周家坝,2026-09-15 03:00,2,23.52,7.82,6.91,224.56,12.559,0.71,,0.006,1.849,,,2026-09-15 04:25:51
湖北省,长江流域,百福司镇,2026-09-15 03:00,2,25.046,7.59,7.31,236.5,1.048,0.86,0.032,0.014,1.099,,,2026-09-15 04:25:51
湖北省,长江流域,长顺乡,2026-09-15 03:00,1,22.572,7.42,7.85,231.495,2.3645,0.83,0.01,0.012,1.147,,,2026-09-15 04:25:51
湖北省,长江流域,黄腊石,2026-09-15 03:00,2,26.113,7.52,8.21,376.363,4.772,1.33,0.009,0.041,2.344,,,2026-09-15 04:25:51
湖北省,长江流域,乐坪桥,2026-09-15 03:00,1,22.952,7.71,8.06,233.796,2.347,0.9,0.01,0.009,0.803,,,2026-09-15 04:25:51
湖北省,长江流域,潜江大桥,2026-09-15 03:00,2,25.59,8,9.74,410.4955,17.07,2.42,0.002,0.021,1.009,,,2026-09-15 04:25:51
湖北省,长江流域,运粮湖同心队,2026-09-15 03:00,4,26.477,7.47,3.97,459.9,40.1,2.89,0.08,0.081,1.884,,,2026-09-15 04:25:51
湖北省,长江流域,岳口,2026-09-15 03:00,2,26.8,8.49,9.09,374.3,13.68,3.09,0.018,0.04,1.337,,,2026-09-15 04:25:51
湖北省,长江流域,拖市,2026-09-15 03:00,3,26.23,8.04,12.53,578.7,29.026,4.49,,0.065,1.1925,,,2026-09-15 04:25:51
湖北省,长江流域,阳日湾,2026-09-15 03:00,2,19.963,7.76,7.96,357.871,10.247,0.63,0.067,0.05,1.0244,,,2026-09-15 04:25:51
湖南省,长江流域,昭山,2026-09-15 03:00,2,25.8,7.22,7.1,188.6,36.1,1.78,,0.057,1.461,,,2026-09-15 04:25:51
湖南省,长江流域,捞刀河口,2026-09-15 03:00,3,26.99,7.06,5.24,224.4,18.4207,2.16,0.069,0.054,1.874,,,2026-09-15 04:25:51
湖南省,长江流域,三角洲,2026-09-15 03:00,3,27.1,7.42,8.05,194.81,9,2.01,0.018,0.114,2.852,,,2026-09-15 04:25:51
湖南省,长江流域,胜利,2026-09-15 03:00,2,26.97,7.38,6.66,284.38,4.7,2.75,0.039,0.062,1.443,,,2026-09-15 04:25:51
湖南省,长江流域,桔子洲,2026-09-15 03:00,2,25.79,7.66,6.8,193.252,12.51,1.27,0.075,0.073,1.826,,,2026-09-15 04:25:51
湖南省,长江流域,湘东沿塘,2026-09-15 03:00,2,26.124,7.48,7.79,62.606,5.476,1.03,0.025,0.037,1.381,,,2026-09-15 04:25:51
湖南省,长江流域,涟水入河口,2026-09-15 03:00,2,27.88,7.89,8.08,348.82,23,2.66,0.013,0.05,1.3295,,,2026-09-15 04:25:51
湖南省,长江流域,西阳渡口,2026-09-15 03:00,2,25.59,8.43,12.48,300.86,36.265,1.93,,0.022,1.636,,,2026-09-15 04:25:51
湖南省,长江流域,归阳镇,2026-09-15 03:00,2,26.46,7.44,7.57,166.48,6.26,1.58,0.03,0.044,1.294,,,2026-09-15 04:25:51
湖南省,长江流域,耒水入湘江口,2026-09-15 03:00,2,24.9939,7.45,6.27,239.5939,12.4649,1.23,0.011,0.076,1.764,,,2026-09-15 04:25:51
湖南省,长江流域,熬洲,2026-09-15 03:00,2,25.51,7.4,6.99,176.1599,11.4384,1.07,0.019,0.07,1.3765,,,2026-09-15 04:25:51
湖南省,长江流域,大河滩,2026-09-15 03:00,2,20.34,7.19,7.44,186.54,1.65,0.73,0.021,0.042,1.212,,,2026-09-15 04:25:51
湖南省,长江流域,草市镇,2026-09-15 03:00,2,25.789,6.53,7.94,96.5584,17.9609,1.27,0.028,0.047,0.952,,,2026-09-15 04:25:51
湖南省,长江流域,城北水厂,2026-09-15 03:00,2,24.84,7.69,7.37,210.4,15.18,1.9,0.027,0.061,1.325,,,2026-09-15 04:25:51
湖南省,长江流域,蒸水入湘江口,2026-09-15 03:00,4,27.7893,7.48,4.78,281.0904,13.7303,3.52,0.074,0.126,2.169,,,2026-09-15 04:25:51
湖南省,长江流域,塘渡口,2026-09-15 03:00,2,25.2,7.91,8.02,158.6763,2.5406,0.79,0.019,0.025,1.663,,,2026-09-15 04:25:51
湖南省,长江流域,窑市,2026-09-15 03:00,1,22.86,7.41,8.08,50.4726,4.8316,1.25,0.022,0.02,0.416,,,2026-09-15 04:25:51
湖南省,长江流域,渡头村,2026-09-15 03:00,2,26.2,7.68,6.31,207.466,6.2122,0.8,0.073,0.054,1.203,,,2026-09-15 04:25:51
湖南省,长江流域,邵水入河口,2026-09-15 03:00,2,26.6,7.56,6.64,382.587,5.657,2.3,0.342,0.092,2.525,,,2026-09-15 04:25:51
湖南省,长江流域,绥宁河口镇,2026-09-15 03:00,2,23.6271,7.54,8.36,101.767,3.88,0.7,0.018,0.024,0.8157,,,2026-09-15 04:25:51
湖南省,长江流域,岳阳楼,2026-09-15 03:00,3,26.36,7.69,7.23,204.1321,54.93763,1.43,0.009,0.036,1.2524,0.0010781,204648,2026-09-15 04:25:51
湖南省,长江流域,樟树港,2026-09-15 03:00,3,24.889,7.63,10.18,196.175,20.007,1.47,0.01,0.136,1.011,,,2026-09-15 04:25:51
湖南省,长江流域,城陵矶,2026-09-15 04:00,2,25.8,7.55,6.74,202.849,54.7781,2.24,0.001,0.041,0.9858,,,2026-09-15 04:25:51
湖南省,长江流域,荆江口,2026-09-15 03:00,2,28.03,7.76,6.7,409.284,13.3473,0.74,0.062,0.051,2.0535,,,2026-09-15 04:25:51
湖南省,长江流域,六门闸,2026-09-15 03:00,2,26.82,8.79,9.19,430.2839,11.49,2.21,0.018,0.045,0.544,,,2026-09-15 04:25:51
湖南省,长江流域,南渡,2026-09-15 03:00,2,25.63,7.17,8.63,109.11,8.08,0.93,0.033,0.087,1.363,,,2026-09-15 04:25:51
湖南省,长江流域,八仙桥,2026-09-15 03:00,3,26.54,7.07,8.88,188.0057,16.1459,4.77,0.081,0.084,0.9652,,,2026-09-15 04:25:51
湖南省,长江流域,坡头,2026-09-15 03:00,2,27.51,8.09,8.67,203.7062,28.24945,0.95,,0.036,1.4161,0.0008186,,2026-09-15 04:25:51
湖南省,长江流域,蒋家嘴,2026-09-15 03:00,3,24.48,7.74,6.33,199.0184,20.684,1.32,0.056,0.032,1.1782,0.00183,2.5412,2026-09-15 04:25:51
湖南省,长江流域,澧水三江口,2026-09-15 03:00,1,25.84264,7.85,7.94,226.2423,2.78654,0.82,0.001,0.014,1.01023,,,2026-09-15 04:25:51
湖南省,长江流域,窑坡渡,2026-09-15 03:00,2,25.48,7.98,6.68,277.2078,10.231,1.03,0.034,0.007,1.4449,,,2026-09-15 04:25:51
湖南省,长江流域,马坡湖,2026-09-15 03:00,2,27.68,8.7,11.5,392.242,28.0694,2.62,,0.051,1.525,,,2026-09-15 04:25:51
湖南省,长江流域,陈家河,2026-09-15 03:00,2,27.695,8.13,7.54,196.466,2.604,1.05,,0.032,1.009,,,2026-09-15 04:25:51
湖南省,长江流域,永定澄潭,2026-09-15 03:00,2,26,7.86,6.56,209.08,3.878,0.96,0.001,0.022,0.388,,,2026-09-15 04:25:51
湖南省,长江流域,藕池河中支入境,2026-09-15 03:00,2,27.499,8.1,7.92,432.442,17.787,3.24,0.005,0.036,0.852,,,2026-09-15 04:25:51
湖南省,长江流域,万家嘴,2026-09-15 03:00,2,27.32,7.72,7.69,178.201,13.15005,0.88,0.042,0.042,1.7981,0.0020767,191092.9,2026-09-15 04:25:51
湖南省,长江流域,南嘴,2026-09-15 03:00,3,28.08,7.91,6.83,226.3347,76.45276,1.18,,0.041,1.3321,0.019625,584000.8,2026-09-15 04:25:51
湖南省,长江流域,小河嘴,2026-09-15 03:00,3,27.56,8.04,7.26,214.796,21.774,1.43,,0.026,0.893,0.0028005,5.40191,2026-09-15 04:25:51
湖南省,长江流域,坪口,2026-09-15 03:00,2,25.41,8.91,12.99,198.3,20.802,1.96,0.014,0.027,1.509,,,2026-09-15 04:25:51
湖南省,长江流域,桃谷山,2026-09-15 03:00,2,26.23,7.89,6.72,216.747,14.7979,1.12,,0.048,1.234,,,2026-09-15 04:25:51
湖南省,长江流域,头山,2026-09-15 03:00,1,26.29,8.17,8.15,125.51,2.09,0.77,,0.002,0.5254,0.0027,5188000,2026-09-15 04:25:51
湖南省,长江流域,渡口大桥,2026-09-15 03:00,2,26.08,7.21,7.35,137.5,23.92,2.16,0.078,0.094,1.1916,,,2026-09-15 04:25:51
湖南省,长江流域,诸葛庙,2026-09-15 03:00,2,24.82,7.43,8,162.16,16.25,1.54,0.01,0.041,1.001,,,2026-09-15 04:25:51
湖南省,长江流域,五强溪,2026-09-15 03:00,3,28.54,7.58,5.48,189.241,1.8907,1,,0.036,1.19,,,2026-09-15 04:25:51
湖南省,长江流域,铜信溪电站,2026-09-15 03:00,1,26.53,8.41,9.42,294.35,2.52,0.8,0.033,0.014,1.343,,,2026-09-15 04:25:51
湖南省,长江流域,地阳坪公路大桥,2026-09-15 03:00,2,25.54,7.31,7.84,99.7828,5.7004,1.56,0.028,0.036,0.464,,,2026-09-15 04:25:51
湖南省,长江流域,托口渠水,2026-09-15 03:00,2,27.17,8.29,8.99,104.1,9.905,1.86,0.002,0.023,0.58,,,2026-09-15 04:25:51
湖南省,长江流域,舞水入河口,2026-09-15 03:00,2,26.04,8.03,7.56,330.1,0.687,0.82,0.005,0.051,1.329,,,2026-09-15 04:25:51
湖南省,长江流域,溪子口,2026-09-15 03:00,2,25.46,7.45,6.35,236.6,1.162,0.65,0.004,0.017,1.31,,,2026-09-15 04:25:51
湖南省,长江流域,球溪,2026-09-15 03:00,2,24.508,7.68,7.62,206.31,5.036,1.93,0.012,0.054,1.878,,,2026-09-15 04:25:51
湖南省,长江流域,街埠头,2026-09-15 03:00,3,27.67,8.02,9.83,357.048,2.362,4.15,,0.052,1.903,,,2026-09-15 04:25:51
湖南省,长江流域,浦市上游,2026-09-15 03:00,2,26.95,7.83,7.52,166.66,6.7,0.6,0.008,0.034,0.899,,,2026-09-15 04:25:51
湖南省,长江流域,里耶镇,2026-09-15 03:00,1,24.01,7.99,7.57,226.16,4.34,0.97,0.025,0.017,1.152,,,2026-09-15 04:25:51
湖南省,长江流域,江口,2026-09-15 03:00,3,25.5,7.77,5.47,361.731,1.8625,0.56,0.006,0.01,1.899,,,2026-09-15 04:25:51
湖南省,长江流域,武水汇合口,2026-09-15 03:00,2,27.18,7.77,7.59,181.851,5.1994,1.01,,0.03,0.811,,,2026-09-15 04:25:51
广东省,珠江流域,蕉门,2026-09-15 03:00,2,28.881,7.69,6.04,6189.471,92.853,3.52,0.088,0.046,2.209,,,2026-09-15 04:25:51
广东省,珠江流域,洪奇沥,2026-09-15 03:00,2,28.056,7.62,6.07,264.596,120.066,,0.01,0.062,3.123,,,2026-09-15 04:25:51
广东省,珠江流域,莲花山,2026-09-15 03:00,4,29.454,7.29,4.43,364.742,101.355,3.97,,0.095,3.38,,,2026-09-15 04:25:51
广东省,珠江流域,流溪河山庄,2026-09-15 03:00,2,28.563,6.98,6.01,107.366,8.911,0.19,0.004,0.024,1.296,,,2026-09-15 04:25:51
广东省,珠江流域,官坦,2026-09-15 03:00,3,29.293,7.35,5.07,462.458,27.41,3.74,0.004,0.084,2.301,,,2026-09-15 04:25:51
广东省,珠江流域,大龙涌口,2026-09-15 03:00,3,28.75,7.27,5.74,216.928,13.61,1.61,0.003,0.062,2.07,,,2026-09-15 04:25:51
广东省,珠江流域,九龙潭,2026-09-15 03:00,1,28.528,6.76,7.93,70.924,39.963,0.86,0.003,0.016,0.849,,,2026-09-15 04:25:51
广东省,珠江流域,增江口,2026-09-15 03:00,2,28.712,7.05,6.17,112.286,17.13,1.48,0.007,0.049,1.672,,,2026-09-15 04:25:51
广东省,珠江流域,鸦岗,2026-09-15 03:00,4,29.79,7.17,3.76,297.3,65.52,2.97,0.128,0.12,3.029,,,2026-09-15 04:25:51
广东省,珠江流域,墩头基,2026-09-15 03:00,2,28.42,7.07,7.3,274.6614,35.35513,3.45,0.094,0.1,3.55,,,2026-09-15 04:25:51
广东省,珠江流域,大墩,2026-09-15 03:00,3,30.193,7,5.76,125.549,33.379,1.52,0.035,0.065,1.842,,,2026-09-15 04:25:51
广东省,珠江流域,十里亭,2026-09-15 03:00,2,26.021,8.01,7.62,232.968,12.462,0.91,0.012,0.036,1.219,,,2026-09-15 04:25:51
广东省,珠江流域,长坝,2026-09-15 03:00,2,27.29,6.97,7.03,79.767,13.16,1.41,,0.038,0.916,,,2026-09-15 04:25:51
广东省,珠江流域,三溪桥,2026-09-15 03:00,2,25.4,8.11,8.41,465.32,5.84,1.08,,0.045,1.18,,,2026-09-15 04:25:51
广东省,珠江流域,高桥,2026-09-15 03:00,2,26.81771,7.43,6.64,159.644,11.87031,0.69,0.009,0.064,1.12168,,,2026-09-15 04:25:51
广东省,珠江流域,深圳河口,2026-09-15 03:00,4,28.28148,7.03,4.32,5237.926,31.75324,4.31,0.509,0.161,3.06681,,,2026-09-15 04:25:51
广东省,珠江流域,小漠桥,2026-09-15 03:00,2,29.562,7.74,6.4,20908.3,19.431,1.89,,0.02,1.07,,,2026-09-15 04:25:51
广东省,珠江流域,共和村,2026-09-15 03:00,4,28.311,7.21,3.06,2043.668,19.415,4.22,0.623,0.132,6.189,,,2026-09-15 04:25:51
广东省,珠江流域,珠海大桥,2026-09-15 03:00,3,28.31,7.58,5.62,263.572,101.68,1.67,,0.063,2.441,,,2026-09-15 04:25:51
广东省,珠江流域,石角咀水闸,2026-09-15 03:00,4,29.5,7.32,4.29,502.772,92.855,2.87,,0.137,3.101,,,2026-09-15 04:25:51
广东省,珠江流域,鸡啼门大桥,2026-09-15 03:00,3,28.44,7.62,5.81,767.8,133.3,1.64,,0.083,2.601,,,2026-09-15 04:25:51
广东省,珠江流域,布洲,2026-09-15 03:00,2,27.73,7.81,6.69,245.77,85.273,2.13,0.011,0.067,2.559,,,2026-09-15 04:25:51
广东省,珠江流域,隆都,2026-09-15 03:00,2,27.908,7.03,6.45,102.701,22.964,1.8,0.003,0.048,2.136,,,2026-09-15 04:25:51
广东省,珠江流域,海门湾桥闸,2026-09-15 03:00,4,30.1,7.33,3.54,361.19,46.11,3.75,1.145,0.158,3.685,,,2026-09-15 04:25:51
广东省,珠江流域,升平,2026-09-15 03:00,2,27.741,7.05,8.03,545.319,28.925,1.75,0.026,0.05,1.62,,,2026-09-15 04:25:51
广东省,珠江流域,外砂,2026-09-15 03:00,2,28.343,7.22,7.02,104.844,29.721,1.32,0.004,0.037,1.202,,,2026-09-15 04:25:51
广东省,珠江流域,莲阳桥闸,2026-09-15 03:00,2,28.068,7.06,7.1,96.95,36.365,0.59,0.011,0.036,1.642,,,2026-09-15 04:25:51
广东省,珠江流域,大衙,2026-09-15 03:00,2,30.785,6.89,6.38,107.848,29.838,1.23,0.008,0.051,1.42634,,,2026-09-15 04:25:51
广东省,珠江流域,平洲,2026-09-15 03:00,3,28.384,7.45,5.22,195.864,25.349,2.08,0.107,0.071,2.213,,,2026-09-15 04:25:51
广东省,珠江流域,乌洲,2026-09-15 03:00,3,27.932,7.39,5.21,184.82,26.686,0.94,0.004,0.056,1.8,,,2026-09-15 04:25:51
广东省,珠江流域,古劳,2026-09-15 03:00,3,28.11642,7.46,5.6,235.9546,51.47854,2.19,0.11,0.067,1.98863,,,2026-09-15 04:25:51
广东省,珠江流域,苍山渡口,2026-09-15 03:00,3,29.12,7.58,5,5221.41,52.797,1.98,0.085,0.138,2.531,,,2026-09-15 04:25:51
广东省,珠江流域,牛湾,2026-09-15 03:00,4,29.6,6.72,4.05,211.26,22.66,3.37,0.033,0.106,2.413,,,2026-09-15 04:25:51
广东省,珠江流域,渠首,2026-09-15 03:00,3,29.45,7.49,5.27,124.96,28.44,5.5,0.053,0.028,0.792,0.01585,6467531,2026-09-15 04:25:51
广东省,珠江流域,黄坡,2026-09-15 03:00,4,28.43,6.89,4,139.4,35.59,3.62,0.425,0.135,2.418,,,2026-09-15 04:25:51
广东省,珠江流域,山角,2026-09-15 03:00,3,28.6,7.3,7.46,136.07,8.11,4.3,0.022,0.032,2.108,,,2026-09-15 04:25:51
广东省,珠江流域,运河管理局,2026-09-15 03:00,3,28.54,7.8,7.48,117.34,33.72,5.78,,0.014,0.883,,,2026-09-15 04:25:51
广东省,珠江流域,排里,2026-09-15 03:00,3,29.31,6.94,5.23,157.47,19.27,5.32,0.042,0.101,1.485,,,2026-09-15 04:25:51
广东省,珠江流域,南渡河桥,2026-09-15 03:00,5,28.54,6.38,2.08,184.74,23.64,4.59,1.389,0.078,3.906,,,2026-09-15 04:25:51
广东省,珠江流域,营仔,2026-09-15 03:00,4,29.1,6.93,3.7,179.56,17.17,5.27,0.129,0.073,1.955,,,2026-09-15 04:25:51
广东省,珠江流域,黄竹尾水闸,2026-09-15 03:00,4,29.23,6.92,4.27,144.15,29.37,3.3,0.07,0.117,2.695,,,2026-09-15 04:25:51
广东省,珠江流域,塘口,2026-09-15 03:00,4,28.71,6.84,4.43,139.84,20.9,2.18,0.263,0.133,2.6,,,2026-09-15 04:25:51
广东省,珠江流域,石碧,2026-09-15 03:00,5,28.385,6.13,2.92,238.008,94.026,6.44,0.8,0.298,3.921,,,2026-09-15 04:25:51
广东省,珠江流域,良德水库,2026-09-15 03:00,1,29.27,7.63,7.75,62.04,12.091,1.87,0.012,0.008,0.239,0.00637,5251300,2026-09-15 04:25:51
广东省,珠江流域,江口门,2026-09-15 02:00,3,29.17,6.72,5.3,129.91,20.24,2.67,0.137,0.108,2.222,,,2026-09-15 04:25:51
广东省,珠江流域,米急渡,2026-09-15 03:00,2,27.9,6.99,6.37,104.595,46.09,2.09,0.112,0.099,1.862,,,2026-09-15 04:25:51
广东省,珠江流域,梁村,2026-09-15 03:00,2,27.9576,7.51,7.03,163.8538,43.5799,1.23,0.025,0.064,1.798,,,2026-09-15 04:25:51
广东省,珠江流域,封开城上,2026-09-15 03:00,2,28.031,7.71,6.83,276.357,39.703,1.64,0.003,0.041,3.06,,,2026-09-15 04:25:51
广东省,珠江流域,白沙街,2026-09-15 03:00,2,28.674,8.5,9.77,205.026,8.575,1.41,0.015,0.042,1.401,,,2026-09-15 04:25:51
广东省,珠江流域,黄岗,2026-09-15 03:00,2,28.363,7.74,6.04,239.722,31.929,1.99,0.006,0.031,2.958,,,2026-09-15 04:25:51
广东省,珠江流域,永安,2026-09-15 03:00,2,28.4,7.35,6.07,276.154,40.078,1.95,0.007,0.043,2.83,,,2026-09-15 04:25:51
广东省,珠江流域,紫溪,2026-09-15 03:00,5,29.638,7.01,2.63,460.186,25.753,2.72,0.309,0.099,6.53,,,2026-09-15 04:25:51
广东省,珠江流域,东江江口,2026-09-15 03:00,2,28.76,7.16,7.31,94.29004,8.389697,1.19,0.009,0.03,1.728,,,2026-09-15 04:25:51
广东省,珠江流域,博罗城下,2026-09-15 03:00,2,28.442,7.13,6.53,125.551,13.277,1.93,0.044,0.06,2.149,,,2026-09-15 04:25:51
广东省,珠江流域,惠州汝湖,2026-09-15 03:00,2,28.854,6.97,7.82,97.966,10.197,1.94,,0.043,1.526,,,2026-09-15 04:25:51
广东省,珠江流域,沙河河口,2026-09-15 03:00,4,28.94,6.85,4.18,286.153,22.093,1.62,0.238,0.076,2.655,,,2026-09-15 04:25:51
广东省,珠江流域,马安大桥下,2026-09-15 03:00,3,28.61,6.63,5.36,70.021,16.241,1.86,0.175,0.056,1.495,,,2026-09-15 04:25:51
广东省,珠江流域,虎爪断桥,2026-09-15 03:00,4,29.271,7.33,4.16,2948.003,14.412,3.78,1.479,0.177,7.723,,,2026-09-15 04:25:51
广东省,珠江流域,公庄河口,2026-09-15 03:00,3,28.9,7.21,7.27,172,35,2.14,0.024,0.109,1.868,,,2026-09-15 04:25:51
广东省,珠江流域,青溪,2026-09-15 03:00,3,26.69074,6.9,5.04,101.4418,10.91846,0.86,0.031,0.052,1.11737,,,2026-09-15 04:25:51
广东省,珠江流域,大麻,2026-09-15 03:00,2,27.632,7.07,6.45,102.774,44.848,1.46,0.004,0.056,2.251,,,2026-09-15 04:25:51
广东省,珠江流域,西阳电站,2026-09-15 03:00,3,28.363,7.09,5.54,122.051,19.866,1.77,0.119,0.066,2.097,,,2026-09-15 04:25:51
广东省,珠江流域,五丰渡口,2026-09-15 03:00,2,25.87,6.77,7.1,74.5,80.59,1.56,0.084,0.047,4.0361,,,2026-09-15 04:25:51
广东省,珠江流域,新铺,2026-09-15 03:00,2,27.3,7.32,7.02,90.511,36.488,1.06,0.2,0.037,1.6012,,,2026-09-15 04:25:51
广东省,珠江流域,海丰西闸,2026-09-15 04:00,3,30.41,7.19,5.72,79.3,3.1,2.2,0.001,0.037,0.535,,,2026-09-15 04:25:51
广东省,珠江流域,陆丰半湾水闸,2026-09-15 03:00,2,28.932,7.46,9.08,57.484,13.336,1.23,0.006,0.03,0.929,,,2026-09-15 04:25:51
广东省,珠江流域,东溪水闸,2026-09-15 04:00,4,30.58,6.74,4.88,233.299,38.042,4.56,0.254,0.061,1.504,,,2026-09-15 04:25:51
广东省,珠江流域,庙咀里,2026-09-15 03:00,2,26.285,6.89,7.54,145.923,18.647,1.3,0.036,0.03,1.653,,,2026-09-15 04:25:51
广东省,珠江流域,龙川城铁路桥,2026-09-15 03:00,2,27.317,6.72,6.38,85.295,17.928,1.87,0.013,0.038,1.536,,,2026-09-15 04:25:51
广东省,珠江流域,江城,2026-09-15 03:00,3,28.83,6.84,5.75,126.333,28.822,2.76,0.214,0.118,1.581,,,2026-09-15 04:25:51
广东省,珠江流域,尖山,2026-09-15 03:00,4,28.26,6.61,3.28,181.87,36.58,4.05,0.334,0.175,2.347,,,2026-09-15 04:25:51
广东省,珠江流域,埠场,2026-09-15 03:00,3,28.97,6.84,5.22,194.903,50.473,2.39,0.184,0.119,1.412,,,2026-09-15 04:25:51
广东省,珠江流域,大泉,2026-09-15 03:00,4,27.05,6.55,3.84,434.5,63,4.91,0.758,0.23,2.366,,,2026-09-15 04:25:51
广东省,珠江流域,北江石尾,2026-09-15 03:00,2,27.92,7.62,7.43,171.785,8.515,0.92,,0.043,1.03,,,2026-09-15 04:25:51
广东省,珠江流域,石角,2026-09-15 03:00,2,27.9859,7.84,7.67,169.5523,14.24069,1.19,0.0005,0.058,1.389,,,2026-09-15 04:25:51
广东省,珠江流域,连江西牛,2026-09-15 03:00,2,27.616,8.36,10.69,207.717,5.057,1.24,0.005,0.022,0.9,,,2026-09-15 04:25:51
广东省,珠江流域,樟村,2026-09-15 03:00,4,29.93,7.06,3.86,435.584,17.11,3.31,1.274,0.19,5.753,,,2026-09-15 04:25:51
广东省,珠江流域,沙田泗盛,2026-09-15 03:00,4,28.74,6.76,3.69,654.61,53.7,2.56,,0.08,2.331,,,2026-09-15 04:25:51
广东省,珠江流域,旗岭,2026-09-15 03:00,5,29.14,6.95,3.78,385.284,27.86,2.89,1.522,0.19,5.841,,,2026-09-15 04:25:51
广东省,珠江流域,石龙南河,2026-09-15 03:00,2,29.25,6.88,6.29,119.156,18.322,1.26,,0.059,1.661,,,2026-09-15 04:25:51
广东省,珠江流域,中山港码头,2026-09-15 03:00,2,28.48,7.62,6.52,248.18,59.98,1.47,0.14,0.074,2.906,,,2026-09-15 04:25:51
广东省,珠江流域,赤凤,2026-09-15 03:00,3,27.19,6.9,7.05,88.64,51.8,1.38,,0.125,1.538,,,2026-09-15 04:25:51
广东省,珠江流域,凤江桥,2026-09-15 03:00,2,27.704,6.9,7.11,97.414,35.191,1.81,0.058,0.084,2.284,,,2026-09-15 04:25:51
广东省,珠江流域,隆溪大道桥,2026-09-15 03:00,3,28.427,6.54,5.46,89.936,13.44,1.02,0.045,0.028,1.294,,,2026-09-15 04:25:51
广东省,珠江流域,龙石,2026-09-15 03:00,5,29.563,6.82,2.54,141.476,20.152,2.68,0.809,0.135,2.955,,,2026-09-15 04:25:51
广东省,珠江流域,龟山塔,2026-09-15 03:00,2,28.95,7.22,7.25,73.261,11.222,1.13,0.12,0.065,1.0524,,,2026-09-15 04:25:51
广东省,珠江流域,古封,2026-09-15 03:00,2,28.05,7.78,6.63,268.96,27.36,1.53,0.035,0.044,2.468,,,2026-09-15 04:25:51
广东省,珠江流域,都骑,2026-09-15 03:00,2,28.054,7.66,7.5,255.335,18.196,1.69,0.009,0.029,2.4,,,2026-09-15 04:25:51
广西壮族自治区,珠江流域,老口,2026-09-15 03:00,2,27.76404,7.85,8.4,299.9111,14.0511,0.98,,0.031,2.795244,,,2026-09-15 04:25:51
广西壮族自治区,珠江流域,叮当,2026-09-15 03:00,2,27.84,7.56,6.79,318.091,11.459,1.18,0.033,0.065,3.9687,,,2026-09-15 04:25:51
广西壮族自治区,珠江流域,六景,2026-09-15 03:00,2,27.75,7.86,6.62,305.75,17.99,1.38,0.032,0.035,2.778,,,2026-09-15 04:25:51
广西壮族自治区,珠江流域,雁江,2026-09-15 02:00,2,28.00409,7.84,6.29,359.7643,3.73698,1.1,0.008,0.02,1.70213,,,2026-09-15 04:25:51
广西壮族自治区,珠江流域,上中,2026-09-15 03:00,2,28.23,7.69,6.34,299.8367,16.74883,1.42,0.04,0.02,3.10415,,,2026-09-15 04:25:51
广西壮族自治区,珠江流域,白马,2026-09-15 03:00,2,27.04,8,7.39,394.1,6.21,1.13,0.047,0.028,2.544,,,2026-09-15 04:25:51
广西壮族自治区,珠江流域,露塘,2026-09-15 03:00,1,27.98,8,8.22,210.6871,2.51212,0.67,0.002,0.007,1.21909,,,2026-09-15 04:25:51
广西壮族自治区,珠江流域,渔村,2026-09-15 03:00,1,29.044,8.24,8.14,213.054,3.316,1.17,0.016,0.016,1.395,,,2026-09-15 04:25:51
广西壮族自治区,珠江流域,木洞,2026-09-15 03:00,1,28.604,7.64,7.63,91.288,1.028,0.25,0.032,0.004,0.587,,,2026-09-15 04:25:51
广西壮族自治区,珠江流域,龙溪,2026-09-15 03:00,1,27.063,8.06,8.52,170.435,1.787,1.03,0.004,0.02,1.577,,,2026-09-15 04:25:51
广西壮族自治区,珠江流域,阳朔,2026-09-15 03:00,2,27.22,8.31,8.03,221.32,2.73,0.93,0.021,0.034,1.5856,,,2026-09-15 04:25:51
广西壮族自治区,珠江流域,交州,2026-09-15 03:00,1,25.801,7.35,7.86,66.181,1.869,0.39,0.006,0.009,0.441,,,2026-09-15 04:25:51
广西壮族自治区,珠江流域,京南,2026-09-15 03:00,2,28.3757,7.69,7.4,157.3407,1.82672,1.5,0.013,0.051,1.361,,,2026-09-15 04:25:51
广西壮族自治区,珠江流域,亚桥,2026-09-15 03:00,2,26.65,7.19,8.5,234.927,35.288,1.18,0.015,0.087,2.513,,,2026-09-15 04:25:51
广西壮族自治区,珠江流域,东边埇,2026-09-15 03:00,2,26.85,6.66,6.39,72.2704,21.2527,2.01,0.045,0.078,1.53,,,2026-09-15 04:25:51
广西壮族自治区,珠江流域,南域,2026-09-15 03:00,3,28.71,6.99,5.84,284.993,20.35103,3.64,0.025,0.078,3.03284,,,2026-09-15 04:25:51
广西壮族自治区,珠江流域,西门江,2026-09-15 03:00,3,28.24,6.92,5.83,236.15,29.035,2.69,0.155,0.131,3.2582,,,2026-09-15 04:25:51
广西壮族自治区,珠江流域,高速公路桥,2026-09-15 03:00,2,27.16,7.47,6.76,153.92,13.86,3.61,0.142,0.092,1.8432,,,2026-09-15 04:25:51
广西壮族自治区,珠江流域,三滩,2026-09-15 03:00,2,27.34,6.79,7.14,2074.15,5.8,1.77,0.259,0.055,1.001,,,2026-09-15 04:25:51
广西壮族自治区,珠江流域,边贸码头,2026-09-15 03:00,2,27.75,6.87,6.88,66.24,6.4,1.49,0.496,0.084,1.699,,,2026-09-15 04:25:51
广西壮族自治区,珠江流域,高塘,2026-09-15 03:00,2,27.85,6.54,6.76,65.37,14.39,1.97,0.027,0.055,1.878,,,2026-09-15 04:25:51
广西壮族自治区,珠江流域,茅岭大桥,2026-09-15 03:00,2,28.22,7.19,7.17,791.45,11.96,2.11,0.01,0.044,1.013,,,2026-09-15 04:25:51
广西壮族自治区,珠江流域,钦江东,2026-09-15 03:00,2,27.19593,7.63,7.63,231.3607,74.4696,2.39,0.075,0.041,2.46989,,,2026-09-15 04:25:51
广西壮族自治区,珠江流域,高速公路西桥,2026-09-15 03:00,4,27.97,7.11,3.68,1202.84,128.59,4.68,0.333,0.144,3.94,,,2026-09-15 04:25:51
广西壮族自治区,珠江流域,武林渡口,2026-09-15 03:00,2,27.932,7.85,6.72,301.74,21.675,1.42,0.043,0.042,3.02,,,2026-09-15 04:25:51
广西壮族自治区,珠江流域,火电厂,2026-09-15 03:00,2,28.059,7.7,6.72,295.255,31.205,1.41,0.002,0.045,3.015,,,2026-09-15 04:25:51
广西壮族自治区,珠江流域,自良渡口,2026-09-15 03:00,3,28.1,7.06,5.94,121.4126,22.81206,1.4,0.017,0.062,1.92181,,,2026-09-15 04:25:51
广西壮族自治区,珠江流域,横塘,2026-09-15 03:00,3,27.79,7.31,7.06,418.8654,10.13119,2.12,0.008,0.129,2.9769,,,2026-09-15 04:25:51
广西壮族自治区,珠江流域,隘屯,2026-09-15 03:00,1,23.10222,8.02,10.08,357.5707,5.642026,0.2,0.01,0.018,1.739307,,,2026-09-15 04:25:51
广西壮族自治区,珠江流域,公篓,2026-09-15 03:00,2,26.36,8.11,7.92,289.63,6.95,1.22,0.036,0.021,1.261,,,2026-09-15 04:25:51
广西壮族自治区,珠江流域,桂花,2026-09-15 03:00,2,25.91,7.86,8.42,190.8354,4.5419,1.27,0.005,0.041,1.40048,,,2026-09-15 04:25:51
广西壮族自治区,珠江流域,贺街,2026-09-15 03:00,2,26.68,7.83,7.23,204.38,14.465,0.64,0.04,0.038,1.432,,,2026-09-15 04:25:51
广西壮族自治区,珠江流域,杨民,2026-09-15 03:00,2,27.627,7.75,6.95,354.399,1.246,1.07,0.016,0.014,2.103,,,2026-09-15 04:25:51
广西壮族自治区,珠江流域,岩滩水库,2026-09-15 03:00,2,27.578,8.27,10.31,311.328,11.785,2.04,0.006,0.021,1.998,0.009247,3123203,2026-09-15 04:25:51
广西壮族自治区,珠江流域,车渡,2026-09-15 03:00,2,26.57,7.81,7,374.602,10.854,0.81,0.011,0.017,2.668,,,2026-09-15 04:25:51
广西壮族自治区,珠江流域,垒亭,2026-09-15 03:00,2,26.04434,7.75,6.73,373.5733,1.83486,0.8,0.02,0.016,2.03018,,,2026-09-15 04:25:51
广西壮族自治区,珠江流域,象州运江老街,2026-09-15 03:00,2,27.846,7.98,7.39,214.301,8.73,0.88,0.004,0.014,1.478,,,2026-09-15 04:25:51
广西壮族自治区,珠江流域,勒马,2026-09-15 03:00,2,27.566,7.93,7.14,323.047,2.723,0.88,0.002,0.021,2.52,,,2026-09-15 04:25:51
广西壮族自治区,珠江流域,上金,2026-09-15 03:00,3,27.87,6.79,5.82,142.8502,71.3879,1.76,,0.026,2.1063,,,2026-09-15 04:25:51
广西壮族自治区,珠江流域,渠立,2026-09-15 03:00,1,27,7.79,8.44,262.457,32.867,0.88,,0.016,2.335,,,2026-09-15 04:25:51
广西壮族自治区,珠江流域,棉江,2026-09-15 03:00,2,27.85,7.75,6.62,208.555,31.471,1.18,0.047,0.022,1.9403,,,2026-09-15 04:25:51
海南省,珠江流域,龙塘,2026-09-15 03:00,6,24,7.91,7.74,,29.7,6.71,0.403,0.537,,,,2026-09-15 04:25:51
海南省,珠江流域,儒房,2026-09-15 03:00,3,27.9,7.17,5.78,330.66,129.2,4.41,0.115,0.118,1.574,,,2026-09-15 04:25:51
海南省,珠江流域,后黎村,2026-09-15 03:00,3,27.2,6.9,6.89,76,134.1,4.83,0.067,0.177,1.56,,,2026-09-15 04:25:51
海南省,珠江流域,崖城大桥,2026-09-15 03:00,2,27.1,6.97,8.39,91.74,157.7,3.45,0.035,0.064,3.823,,,2026-09-15 04:25:51
海南省,珠江流域,藤桥河大桥,2026-09-15 03:00,4,26.33,6.14,8.31,63.02,836.19,8.12,,0.247,,,,2026-09-15 04:25:51
海南省,珠江流域,松涛水库南丰库心,2026-09-15 03:00,3,28.8881,7.32,5.56,76.3821,0.9550453,0.63,0.006,0.007,0.3160952,0.01637669,2945639,2026-09-15 04:25:51
海南省,珠江流域,上村桥,2026-09-15 03:00,3,27.2,7.01,7.72,101.4,143.3,5.55,0.023,0.134,1.809,,,2026-09-15 04:25:51
海南省,珠江流域,中和桥,2026-09-15 03:00,4,26.4,6.81,6.08,85.4,260.4,6.34,0.109,0.265,0.832,,,2026-09-15 04:25:51
海南省,珠江流域,羊头外村桥,2026-09-15 03:00,6,26.89,5.87,4.87,48.34,92.42,5.88,0.045,0.174,2.047,,,2026-09-15 04:25:51
海南省,珠江流域,农垦橡胶所一队,2026-09-15 03:00,2,27.2,6.65,8.13,67.9,11.7,1.53,0.032,0.027,1.948,,,2026-09-15 04:25:51
海南省,珠江流域,水涯新区,2026-09-15 03:00,4,27.4,6.57,4.96,120.6,23.3,3.68,0.179,0.076,2.276,,,2026-09-15 04:25:51
海南省,珠江流域,分洪桥,2026-09-15 03:00,3,26.6,6.16,7.76,58.04,120.27,4.67,0.044,0.119,1.161,,,2026-09-15 04:25:51
海南省,珠江流域,后山村,2026-09-15 03:00,5,26.73,6.62,2.73,95.0424,55.2959,5.57,0.048,0.233,3.826,,,2026-09-15 04:25:51
海南省,珠江流域,大广坝水库出口,2026-09-15 03:00,4,21.794,7.23,9.13,,,2.14,0.088,0.059,1.261,0.02653,2.51279,2026-09-15 04:25:51
海南省,珠江流域,罗带铁路桥,2026-09-15 03:00,6,26.9,6.89,7.66,249.4,342.2,7.44,0.008,0.518,3.117,,,2026-09-15 04:25:51
海南省,珠江流域,山口,2026-09-15 03:00,3,27.3,6.88,7.74,78.84,87.14,4.71,0.075,0.093,1.587,,,2026-09-15 04:25:51
海南省,珠江流域,白仞滩电站,2026-09-15 03:00,5,26.7,6.92,7.37,102.3,209.1,7.57,0.102,0.361,1.761,,,2026-09-15 04:25:51
海南省,珠江流域,大风,2026-09-15 03:00,5,26.79422,6.48,7.73,87.26985,415.7154,7,0.006,0.338,0.9177659,,,2026-09-15 04:25:51
海南省,珠江流域,叉河口,2026-09-15 03:00,2,26.5,7.02,7.99,96.4,73.8,2.32,0.012,0.061,1.969,,,2026-09-15 04:25:51
海南省,珠江流域,跨界桥,2026-09-15 03:00,5,24.4,6.66,8.08,45.2,4238.5,13.08,,0.309,19.041,,,2026-09-15 04:25:51
海南省,珠江流域,大溪村,2026-09-15 03:00,4,25.3,6.65,8.48,56,375.1,6.56,,0.227,1.317,,,2026-09-15 04:25:51
重庆市,长江流域,晒网坝,2026-09-15 03:00,2,26.59,8.03,7.02,408.9835,12.3229,1.45,,0.043,1.685,,,2026-09-15 04:25:51
重庆市,长江流域,向家,2026-09-15 03:00,2,26.71,8.33,8.26,233.438,16.655,3.6,0.014,0.031,0.954,,,2026-09-15 04:25:51
重庆市,长江流域,磨刀溪长滩,2026-09-15 03:00,3,24.17,7.68,5.72,178.068,17.59,2.78,0.012,0.03,0.748,,,2026-09-15 04:25:51
重庆市,长江流域,清溪场,2026-09-15 03:00,2,24.9,8.01,7.28,397.5628,16.0046,1.27,0.001,0.041,1.225,,,2026-09-15 04:25:51
重庆市,长江流域,木瓜洞,2026-09-15 03:00,4,26.16,7.39,4.27,341.2123,21.573,4.5,0.023,0.108,1.558,,,2026-09-15 04:25:51
重庆市,长江流域,寸滩,2026-09-15 03:00,2,24.94,7.99,7.58,441.664,45.712,1.86,0.046,0.09,1.909,,,2026-09-15 04:25:51
重庆市,长江流域,寨溪大桥,2026-09-15 03:00,2,25.94,7.86,7.02,989.2654,17.2141,2.65,0.024,0.042,1.785,,,2026-09-15 04:25:51
重庆市,长江流域,石门坎,2026-09-15 03:00,1,24.63,8.09,7.73,504.56,2.07,0.65,0.004,0.006,1.352,,,2026-09-15 04:25:51
重庆市,长江流域,玉滩水库,2026-09-15 03:00,3,27.19,7.51,5.34,417.1875,13.88533,4.43,0.051,0.009,0.81834,0.04132082,1.495053,2026-09-15 04:25:51
重庆市,长江流域,御临镇,2026-09-15 03:00,4,28.89,7.52,3.79,410.596,15.889,2.77,,0.038,1.549,,,2026-09-15 04:25:51
重庆市,长江流域,黎家乡崔家岩村,2026-09-15 03:00,5,26.52,7.22,2.12,354.61,18.49,4.25,0.194,0.061,1.089,,,2026-09-15 04:25:51
重庆市,长江流域,运输桥,2026-09-15 03:00,5,26.39,7.32,2.09,341.2233,6.0691,4.77,0.054,0.113,0.689,,,2026-09-15 04:25:51
重庆市,长江流域,六剑滩,2026-09-15 03:00,4,27.57,7.37,3.65,318.4,14.74,4.88,0.035,0.148,1.344,,,2026-09-15 04:25:51
重庆市,长江流域,支坪街道,2026-09-15 03:00,2,26.75,8.18,6.82,508.4027,31.1029,1.98,,0.046,1.83,,,2026-09-15 04:25:51
重庆市,长江流域,江津大桥,2026-09-15 03:00,2,23.99,8.02,7.63,421.15,62.31,1.93,0.002,0.085,2.013,,,2026-09-15 04:25:51
重庆市,长江流域,朱杨溪,2026-09-15 03:00,3,27.81,7.69,6.69,674.04,18.79,4.02,0.029,0.157,4.43,,,2026-09-15 04:25:51
重庆市,长江流域,北渡,2026-09-15 03:00,2,27.14,7.89,7.04,616.8853,17.922,1.62,0.108,0.062,1.962,,,2026-09-15 04:25:51
重庆市,长江流域,白杨溪,2026-09-15 03:00,2,26.99,7.69,7.1,126.422,6.272,2.85,,0.02,1.052,,,2026-09-15 04:25:51
重庆市,长江流域,太和,2026-09-15 03:00,2,27.32,7.85,6.45,368.69,11.6,2.07,0.029,0.031,1.963,,,2026-09-15 04:25:51
重庆市,长江流域,官渡,2026-09-15 03:00,4,29.86,7.67,4.94,315.6382,10.6,3.43,,0.059,1.989,,,2026-09-15 04:25:51
重庆市,长江流域,临渡,2026-09-15 03:00,3,28.4,7.59,5.13,435.9,22.191,2.31,0.004,0.042,1.901,,,2026-09-15 04:25:51
重庆市,长江流域,渠江码头,2026-09-15 04:00,4,29.02,7.34,3.65,279.533,10.624,2.8,0.007,0.055,1.616,,,2026-09-15 04:25:51
重庆市,长江流域,朱沱,2026-09-15 03:00,2,23.93,8.06,7.24,432.5,31.12,1.62,0.013,0.083,2.01,,,2026-09-15 04:25:51
重庆市,长江流域,四明水厂,2026-09-15 03:00,4,26.49,8.03,6.82,392.5,8.4,6.03,0.012,0.076,1.016,,,2026-09-15 04:25:51
重庆市,长江流域,金狮桥,2026-09-15 03:00,1,21.17,8.24,8.66,216.073,5.273,1.27,,0.007,0.846,,,2026-09-15 04:25:51
重庆市,长江流域,璧南河两河口,2026-09-15 03:00,3,26.43,7.57,6.02,675.897,12.848,4.67,0.046,0.115,1.287,,,2026-09-15 04:25:51
重庆市,长江流域,中和,2026-09-15 03:00,6,27.62,7.26,0.81,543.9,5.51,4.93,0.462,0.164,0.918,,,2026-09-15 04:25:51
重庆市,长江流域,玉溪,2026-09-15 03:00,2,24.56,7.76,7.52,447.3987,20.8935,2.19,0.051,0.046,1.872,,,2026-09-15 04:25:51
重庆市,长江流域,高洞电站,2026-09-15 03:00,6,28.165,7.4,1.97,717.76,5.628,4.89,0.34,0.078,2.311,,,2026-09-15 04:25:51
重庆市,长江流域,巫山乡,2026-09-15 03:00,2,23.47,7.69,8.12,258.321,13.027,3.58,0.007,0.1,1.472,,,2026-09-15 04:25:51
重庆市,长江流域,芙蓉洞码头,2026-09-15 03:00,1,27.56,8.45,10.09,264.94,13.88,0.77,,0.011,1.247,,,2026-09-15 04:25:51
重庆市,长江流域,鸭江镇,2026-09-15 03:00,2,26.72,7.88,7.75,495.523,4.606,2.06,,0.056,2.582,,,2026-09-15 04:25:51
重庆市,长江流域,江口镇,2026-09-15 03:00,2,26.165,7.93,6.48,323.459,0.819,0.68,,0.011,1.468,,,2026-09-15 04:25:51
重庆市,长江流域,土堡寨,2026-09-15 03:00,1,17.87,8.26,9.44,505.926,2.347,0.28,,0.004,0.502,,,2026-09-15 04:25:51
重庆市,长江流域,水寨子,2026-09-15 03:00,1,22.52,8.17,7.88,254.985,3.518,1.33,,0.014,0.508,,,2026-09-15 04:25:51
重庆市,长江流域,湖海场,2026-09-15 03:00,2,24.97,7.78,7.21,285.54,11.527,2.96,0.061,0.096,1.621,,,2026-09-15 04:25:51
重庆市,长江流域,卫星桥,2026-09-15 03:00,3,25.89,7.68,5.15,382.6812,15.6404,2.95,0.051,0.058,0.437,,,2026-09-15 04:25:51
重庆市,长江流域,高洞梁,2026-09-15 03:00,3,25.53,7.8,5.54,517.107,24.74,2.77,0.016,0.039,0.216,,,2026-09-15 04:25:51
重庆市,长江流域,苏家,2026-09-15 03:00,2,24.83,7.97,8.21,407.5395,19.9076,1.47,,0.036,1.514,,,2026-09-15 04:25:51
重庆市,长江流域,清水湖渡口,2026-09-15 03:00,1,24.91,8.89,14.57,199.337,7.6345,,0.005,0.02,1.3169,,,2026-09-15 04:25:51
重庆市,长江流域,小江河口,2026-09-15 03:00,4,26.5,7.78,4.81,369.15,3.55,2.74,0.008,0.036,1.698,,,2026-09-15 04:25:51
重庆市,长江流域,汤溪河江口,2026-09-15 03:00,1,20.66,8.01,8.28,314.279,11.454,0.26,,0.007,0.814,,,2026-09-15 04:25:51
重庆市,长江流域,罗汉大桥,2026-09-15 03:00,2,25.09,8.24,8.4,349.47,11.08,0.86,0.018,0.028,0.76,,,2026-09-15 04:25:51
重庆市,长江流域,白帝城,2026-09-15 03:00,2,26.24,7.85,6.42,363.619,28.394,1.11,0.004,0.044,1.615,,,2026-09-15 04:25:51
重庆市,长江流域,培石,2026-09-15 03:00,2,26.2008,7.75,6.87,398.2141,11.4292,1.24,0.082,0.058,1.9617,,,2026-09-15 04:25:51
重庆市,长江流域,花台,2026-09-15 03:00,1,20.99,8.07,7.64,419.445,9.2061,0.54,,0.012,0.844,,,2026-09-15 04:25:51
重庆市,长江流域,化杠,2026-09-15 03:00,2,17.45,7.78,8.47,177.53,9.39,2.09,,0.054,2.1242,,,2026-09-15 04:25:51
重庆市,长江流域,万木,2026-09-15 03:00,2,23.83,7.77,6.14,428.09,1.3,0.85,0.001,0.034,3.46,,,2026-09-15 04:25:51
重庆市,长江流域,红花村,2026-09-15 03:00,4,23.527,7.69,4.92,231.995,2.175,0.85,,0.01,1.688,,,2026-09-15 04:25:51
重庆市,长江流域,南洞沟,2026-09-15 03:00,2,24.43,8.14,6.06,325.637,11.407,0.56,,0.015,0.408,,,2026-09-15 04:25:51
重庆市,长江流域,郁江桥,2026-09-15 03:00,2,23.96,7.81,7.14,276.016,11.116,1.21,,0.022,1.216,,,2026-09-15 04:25:51
四川省,长江流域,二江寺,2026-09-15 03:00,3,21.64,7.82,6.06,510.2,19,2.51,0.249,0.117,2.993,,,2026-09-15 04:25:51
四川省,长江流域,岳店子下,2026-09-15 03:00,3,22.17224,7.87,6.35,451.1429,4.8704,2.26,0.084,0.163,4.47411,,,2026-09-15 04:25:51
四川省,长江流域,三邑大桥,2026-09-15 02:00,2,21.69,7.85,6.89,285.67,28.3,1.28,0.002,0.038,1.6815,,,2026-09-15 04:25:51
四川省,长江流域,宏缘,2026-09-15 03:00,3,21.85,7.93,8.07,439.33,16.66,1.71,0.104,0.114,3.203,,,2026-09-15 04:25:51
四川省,长江流域,李家湾,2026-09-15 03:00,3,24.38,7.55,7.41,357.6,63.1,3.61,0.002,0.158,3.603,,,2026-09-15 04:25:51
四川省,长江流域,廖家堰,2026-09-15 03:00,3,25.883,7.88,7.42,1008.45,31.779,4.12,0.169,0.164,2.326,,,2026-09-15 04:25:51
四川省,长江流域,脚仙村,2026-09-15 03:00,3,23.37,7.48,7.98,360,65.1,3.4,0.19,0.176,4.023,,,2026-09-15 04:25:51
四川省,长江流域,龙洞,2026-09-15 03:00,1,21.27,8.25,8.04,685,8.627,1.14,0.01,0.01,0.62718,,,2026-09-15 04:25:51
四川省,长江流域,倮果,2026-09-15 03:00,1,22.41,8.25,7.82,690.4079,15.71933,1.07,0.007,0.014,0.69703,,,2026-09-15 04:25:51
四川省,长江流域,雅砻江口,2026-09-15 03:00,1,19.341,7.6,8.48,261.3223,6.9338,1.3,0.009,0.012,0.67817,,,2026-09-15 04:25:51
四川省,长江流域,柏枝,2026-09-15 03:00,1,19.68,8.1,7.98,190.4737,11.72817,1.05,0.004,0.008,0.47385,,,2026-09-15 04:25:51
四川省,长江流域,湾凼,2026-09-15 03:00,3,25.04608,7.6,5.13,690.5095,7.982274,3.93,0.003,0.033,0.319279,,,2026-09-15 04:25:51
四川省,长江流域,手爬岩,2026-09-15 03:00,2,23.62,7.9,7.45,433.299,32.5214,1.41,,0.059,1.7648,,,2026-09-15 04:25:51
四川省,长江流域,沱江大桥,2026-09-15 03:00,3,26.12,7.87,7.47,455.9791,67.14327,1.87,0.019,0.161,2.776442,,,2026-09-15 04:25:51
四川省,长江流域,醒觉溪,2026-09-15 03:00,2,26.35,8.42,8.34,402.3,24.68,2.38,0.029,0.042,3.163,,,2026-09-15 04:25:51
四川省,长江流域,胡市大桥,2026-09-15 03:00,5,29,7.33,2.09,426.4135,8.1776,5.31,0.145,0.153,1.0214,,,2026-09-15 04:25:51
四川省,长江流域,大磨子,2026-09-15 03:00,3,25.129,7.47,7.78,406.729,63.021,2.5,0.111,0.124,2.817,,,2026-09-15 04:25:51
四川省,长江流域,泸天化大桥,2026-09-15 03:00,2,27.07,7.99,7.71,422.451,15.3227,1.4,,0.034,2.7592,,,2026-09-15 04:25:51
四川省,长江流域,纳溪大渡口,2026-09-15 03:00,2,23.51,7.8,7.46,394.615,17.43,1.67,,0.068,1.6788,,,2026-09-15 04:25:51
四川省,长江流域,两汇水,2026-09-15 03:00,2,24.11271,7.84,7.88,154.294,9.710293,1.68,0.008,0.039,1.018,,,2026-09-15 04:25:51
四川省,长江流域,太平渡,2026-09-15 04:00,2,24.89566,8.34,7.77,527.4778,17.32345,1.26,0.025,0.041,3.889,,,2026-09-15 04:25:51
四川省,长江流域,八角,2026-09-15 03:00,3,22.03,7.83,5.83,537.3,15.67,1.33,0.312,0.138,2.73,,,2026-09-15 04:25:51
四川省,长江流域,象山,2026-09-15 03:00,5,24.55,7.29,2.63,470.39,10.2,4.33,0.222,0.163,1.567,,,2026-09-15 04:25:51
四川省,长江流域,双江桥,2026-09-15 03:00,3,21.45,8.2,8.07,556.48,46.29,1.84,0.017,0.145,2.811,,,2026-09-15 04:25:51
四川省,长江流域,三川,2026-09-15 03:00,4,21.19,7.98,7.99,571.5,34.56,1.32,0.012,0.249,3.529,,,2026-09-15 04:25:51
四川省,长江流域,西平镇,2026-09-15 03:00,3,21.64,8.12,7.77,520.38,35.58,2.5,0.011,0.151,4.425,,,2026-09-15 04:25:51
四川省,长江流域,平武水文站,2026-09-15 03:00,1,14.23,8.38,9.2,233.9694,37.86325,0.5,0.009,0.01,0.78721,,,2026-09-15 04:25:51
四川省,长江流域,丰谷,2026-09-15 03:00,2,20.9502,7.87,8.18,282.2074,17.81863,0.99,0.043,0.039,0.18953,,,2026-09-15 04:25:51
四川省,长江流域,鲁班岛,2026-09-15 03:00,2,23.50987,8.39,6.91,254.4598,10.7545,1.44,0.01,0.013,0.24128,0.00395,1.128744,2026-09-15 04:25:51
四川省,长江流域,北川通口,2026-09-15 03:00,1,17.64464,8.27,9.37,233.6257,58.95954,0.91,0.003,0.007,1.08429,,,2026-09-15 04:25:51
四川省,长江流域,八庙沟,2026-09-15 03:00,1,21.02,8.27,8.27,319.447,46.71241,1.83,0.007,0.02,2.41323,,,2026-09-15 04:25:51
四川省,长江流域,姚渡,2026-09-15 03:00,1,18.55193,8.23,8.73,332.0315,32.90022,1.74,0.009,0.003,1.67,,,2026-09-15 04:25:51
四川省,长江流域,苴国村,2026-09-15 03:00,1,23.47,8,7.58,292.8575,5.32865,1.32,0.005,0.01,1.12083,,,2026-09-15 04:25:51
四川省,长江流域,上石盘,2026-09-15 03:00,1,22.69,8.2,7.82,350.4834,18.84169,1.27,0.01,0.017,1.38417,,,2026-09-15 04:25:51
四川省,长江流域,清泉乡,2026-09-15 03:00,3,25.3,7.61,5.41,283,8.1711,1.64,0.028,0.028,0.865,,,2026-09-15 04:25:51
四川省,长江流域,大安,2026-09-15 03:00,6,26.19,7.47,0.99,561.107,6.3,4.79,0.542,0.283,1.2363,,,2026-09-15 04:25:51
四川省,长江流域,百顷,2026-09-15 03:00,2,21.76,7.92,8.22,361,12.14,1.31,0.065,0.063,2.413,,,2026-09-15 04:25:51
四川省,长江流域,梓江大桥,2026-09-15 03:00,3,24.46,7.74,5.48,375.6,15.8,3.19,0.067,0.038,1.4,,,2026-09-15 04:25:51
四川省,长江流域,大埂,2026-09-15 03:00,5,26.63,7.46,2.5,469.5,3.63,4.55,0.143,0.064,0.679106,,,2026-09-15 04:25:51
四川省,长江流域,李码头,2026-09-15 03:00,2,19.63083,8.01,8.04,250.7213,131.8764,1.12,0.003,0.041,1.84218,,,2026-09-15 04:25:51
四川省,长江流域,马边河河口,2026-09-15 03:00,2,21.0359,7.62,8,258.6923,7.24738,1.04,0.01,0.047,2.09013,,,2026-09-15 04:25:51
四川省,长江流域,悦来渡口,2026-09-15 03:00,3,22.913,7.66,6.53,374.817,15.29,2.54,0.248,0.154,4.624,,,2026-09-15 04:25:51
四川省,长江流域,金溪电站,2026-09-15 03:00,4,25.92,7.56,4.53,317.767,15.4625,2.1,0.01,0.041,1.666,,,2026-09-15 04:25:51
四川省,长江流域,升钟水库铁炉寺,2026-09-15 03:00,3,25.04,7.83,5.3,347.89,3.68,4.36,,0.019,3.291,,,2026-09-15 04:25:51
四川省,长江流域,沙溪,2026-09-15 03:00,2,23.66,7.65,6.19,279.86,7.72,2.53,0.01,0.016,1.395,,,2026-09-15 04:25:51
四川省,长江流域,黄龙溪,2026-09-15 03:00,3,21.341,7.78,6.75,505.246,11.707,2.76,0.03,0.12,3.522,,,2026-09-15 04:25:51
四川省,长江流域,彭山岷江大桥,2026-09-15 03:00,2,22.41,7.86,7.63,461.1068,12.13841,1.64,0.005,0.094,3.07629,,,2026-09-15 04:25:51
四川省,长江流域,龟都府,2026-09-15 03:00,2,17.83,8.06,9.22,212.5151,23.21897,1.33,0.013,0.055,1.18298,,,2026-09-15 04:25:51
四川省,长江流域,越溪河两河口,2026-09-15 03:00,3,20.69,7.57,7.37,492,21.5,4.45,0.085,0.079,2.639,,,2026-09-15 04:25:51
四川省,长江流域,月波,2026-09-15 03:00,2,21.09,7.23,8.62,313.3,30.2,1.7,0.164,0.084,2.622,,,2026-09-15 04:25:51
四川省,长江流域,凉姜沟,2026-09-15 03:00,2,21.94,7.82,8.21,299.5209,23.08607,2.22,0.083,0.07,3.685393,,,2026-09-15 04:25:51
四川省,长江流域,挂弓山,2026-09-15 03:00,2,28.87392,7.86,6.54,,22.63805,,,,,,,2026-09-15 04:25:51
四川省,长江流域,蔡家渡口,2026-09-15 03:00,3,25.24099,7.56,5.68,400.8938,15.42308,2.13,0.001,0.054,2.93247,,,2026-09-15 04:25:51
四川省,长江流域,三块石,2026-09-15 04:00,1,23.46,7.93,7.96,491.63,7.88,0.9,,0.016,1.047,,,2026-09-15 04:25:51
四川省,长江流域,洛亥,2026-09-15 03:00,2,19.61,8.15,8.29,314.332,3.876712,0.79,0.011,0.058,3.56,,,2026-09-15 04:25:51
四川省,长江流域,摇金,2026-09-15 03:00,4,25.48,7.57,3.72,416.94,25.55,3.65,0.134,0.162,0.567,,,2026-09-15 04:25:51
四川省,长江流域,金子,2026-09-15 03:00,2,27.1,7.89,6.47,308.72,13.23,1.78,0.055,0.032,1.3573,,,2026-09-15 04:25:51
四川省,长江流域,幺滩,2026-09-15 03:00,2,26.84,7.92,7,546.76,16.2,2.38,0.068,0.077,1.572,,,2026-09-15 04:25:51
四川省,长江流域,团堡岭,2026-09-15 03:00,3,27.72,7.95,5.07,265.09,21.262,2.45,0.014,0.045,1.278,,,2026-09-15 04:25:51
四川省,长江流域,江陵,2026-09-15 03:00,3,25.95,7.84,5.56,242.43,10.37,2.96,0.024,0.041,1.09,,,2026-09-15 04:25:51
四川省,长江流域,大蹬沟,2026-09-15 03:00,4,27.47,7.89,4.88,236.3,22.4,2.52,0.016,0.037,1.2,,,2026-09-15 04:25:51
四川省,长江流域,白兔乡,2026-09-15 03:00,5,26.2,7.51,2.59,380.8,5.82,4.52,0.263,0.111,0.886,,,2026-09-15 04:25:51
四川省,长江流域,联盟桥,2026-09-15 03:00,3,23.35,7.42,5.25,372.82,11.63,3.88,0.055,0.09,1.5682,,,2026-09-15 04:25:51
四川省,长江流域,舵石盘,2026-09-15 03:00,4,26.19,7.7,3.58,329.9,18.8,2.75,0.056,0.042,1.617,,,2026-09-15 04:25:51
四川省,长江流域,车家河,2026-09-15 03:00,3,26.85,7.75,5.45,290.5,16.65,1.95,0.043,0.031,1.187,,,2026-09-15 04:25:51
四川省,长江流域,三谷庄,2026-09-15 03:00,1,20.36,8.19,7.63,219.5883,7.82546,1.09,0.006,0.01,0.62865,,,2026-09-15 04:25:51
四川省,长江流域,大岗山,2026-09-15 03:00,1,17.38,7.96,7.99,214.6908,12.60933,0.87,0.009,0.013,0.6084,,,2026-09-15 04:25:51
四川省,长江流域,手傍岩,2026-09-15 03:00,2,24.19,7.93,6.79,324.4,12.4,1.95,,0.036,1.032,,,2026-09-15 04:25:51
四川省,长江流域,幸福村,2026-09-15 03:00,3,22.09,7.86,8.58,344.2,33.8,3.96,0.22,0.184,3.41,,,2026-09-15 04:25:51
四川省,长江流域,拱城铺渡口,2026-09-15 03:00,3,22.13,7.79,8.38,398.37,30.33,3.3,0.126,0.179,3.383,,,2026-09-15 04:25:51
四川省,长江流域,县城马踏石点,2026-09-15 03:00,1,13.9743,8.46,10.41,353.2007,51.51668,0.73,0.031,0.01,0.69323,,,2026-09-15 04:25:51
四川省,长江流域,小水沟,2026-09-15 03:00,1,9.76729,8.33,8.08,223.6494,48.25502,1.37,0.053,0.016,,,,2026-09-15 04:25:51
四川省,长江流域,竹巴龙村,2026-09-15 04:00,4,12.69,8.34,6.62,1504.1,549.1,3.41,0.472,0.211,3.455,,,2026-09-15 04:25:51
四川省,长江流域,昔街大桥,2026-09-15 03:00,2,20.08,7.83,7.7,237.41,29.49,1.34,0.108,0.082,3.621,,,2026-09-15 04:25:51
四川省,长江流域,阿七大桥,2026-09-15 03:00,2,19.17,7.78,7.24,229.7342,47.75703,1.52,0.027,0.064,2.18418,,,2026-09-15 04:25:51
四川省,长江流域,邛海湖心,2026-09-15 03:00,4,25.06,8.01,4.96,317.9691,4.80866,2.34,0.015,0.018,0.21694,0.00189,294525.4,2026-09-15 04:25:51
贵州省,长江流域,棉花渡,2026-09-15 03:00,3,23.024,7.74,5.9,457.78,0.6977,1.42,,0.075,2.5927,,,2026-09-15 04:25:51
贵州省,长江流域,贵铝泵房,2026-09-15 03:00,2,23.6499,8.13,7.65,376.124,2.8765,2.7,0.014,0.006,1.6503,0.00979,1752045,2026-09-15 04:25:51
贵州省,长江流域,花鱼洞,2026-09-15 03:00,4,23.011,7.51,3.97,320.5117,3.7623,2.52,0.004,0.02,0.927,0.00158,3187990,2026-09-15 04:25:51
贵州省,长江流域,麦穰,2026-09-15 03:00,3,23.01,8.07,6.58,651.47,7.65,2.31,0.102,0.174,5.662,,,2026-09-15 04:25:51
贵州省,珠江流域,青岩,2026-09-15 03:00,3,22.18,7.89,5.3,572.9351,2.9098,1.15,,0.04,3.896,,,2026-09-15 04:25:51
贵州省,长江流域,龙场,2026-09-15 03:00,2,21.05,7.96,6.47,399.74,2.29,0.82,0.035,0.015,3.701,,,2026-09-15 04:25:51
贵州省,珠江流域,发耳,2026-09-15 03:00,2,22.68,8.5,6.34,325.273,30.911,0.86,,0.061,3.262,,,2026-09-15 04:25:51
贵州省,长江流域,打秋坪,2026-09-15 03:00,2,24.54,7.84,6.53,551.9,4.8,1.14,0.107,0.06,3.412,,,2026-09-15 04:25:51
贵州省,长江流域,鱼塘大桥,2026-09-15 03:00,2,25.4,8,7.37,333.77,2.361,0.52,,0.01,1.45,,,2026-09-15 04:25:51
贵州省,长江流域,沿江渡,2026-09-15 03:00,2,26.38,8.9,8.48,342.55,5.99,2.52,0.01,0.013,2.041,,,2026-09-15 04:25:51
贵州省,长江流域,鲤鱼塘,2026-09-15 03:00,3,25.63,7.56,5.44,500.88,1.05,1.33,0.001,0.051,3.058,,,2026-09-15 04:25:51
贵州省,长江流域,坡渡,2026-09-15 03:00,1,23.47,8.08,8.05,326.61,5.57,0.56,0.006,0.008,0.558,,,2026-09-15 04:25:51
贵州省,长江流域,余庆河暗溪坪,2026-09-15 03:00,2,24.78,7.72,8.44,321.7,6.86,1.02,0.04,0.032,1.677,,,2026-09-15 04:25:51
贵州省,长江流域,羊柱头渡口,2026-09-15 03:00,4,23.55,7.65,6.75,738.97,5.393,2.86,0.528,0.262,8.751,,,2026-09-15 04:25:51
贵州省,长江流域,鲢鱼溪,2026-09-15 03:00,1,25.479,8.24,8.31,409.476,7.38,1.3,0.04,0.017,3.057,,,2026-09-15 04:25:51
贵州省,长江流域,长沙,2026-09-15 03:00,1,25.1092,8.28,7.71,252.452,12.7549,1.73,0.016,0.017,1.2028,,,2026-09-15 04:25:51
贵州省,长江流域,茅台,2026-09-15 03:00,1,23.69,8.22,7.76,399.32,2.29,0.79,,0.017,4.098,,,2026-09-15 04:25:51
贵州省,珠江流域,黄果树,2026-09-15 03:00,1,22.493,8.28,8.76,638.2,16.42,1.18,,0.02,3.51,,,2026-09-15 04:25:51
贵州省,长江流域,斯拉河大桥,2026-09-15 03:00,2,24.65,8.61,9.65,357.06,9.65,2.54,0.011,0.018,3.652,,,2026-09-15 04:25:51
贵州省,珠江流域,打邦,2026-09-15 03:00,1,27.69,8.35,9.82,442.01,4.593,1.89,,0.014,2.889,,,2026-09-15 04:25:51
贵州省,长江流域,小屯,2026-09-15 03:00,2,24.7,8.07,7.87,374.1838,5.559,2.31,,0.031,4.427,,,2026-09-15 04:25:51
贵州省,长江流域,清水铺,2026-09-15 03:00,1,22.329,8.34,8.06,422.974,8.826,0.61,0.005,0.02,5.094,,,2026-09-15 04:25:51
贵州省,长江流域,大桥边,2026-09-15 03:00,1,19.559,8,7.75,346.27,7.283,0.61,,0.016,4.101,,,2026-09-15 04:25:51
贵州省,长江流域,鱼市,2026-09-15 03:00,2,25.97,8.19,8.4,411.475,3.478326,0.73,0.014,0.025,0.89035,,,2026-09-15 04:25:51
贵州省,长江流域,下干溪,2026-09-15 03:00,2,25.16,7.88,6.56,377.74,3.51,0.41,0.016,0.015,2.037,,,2026-09-15 04:25:51
贵州省,珠江流域,坝草,2026-09-15 03:00,1,26.6356,8.26,9.57,386.198,3.7061,1.32,0.02,0.007,3.016,,,2026-09-15 04:25:51
贵州省,珠江流域,万峰湖,2026-09-15 03:00,3,25.71,8.3,7.33,319.67,7.1,1.28,,0.028,2.887,0.027,1055638,2026-09-15 04:25:51
贵州省,珠江流域,岔河口,2026-09-15 03:00,2,25.4355,8.53,8.94,265.3239,4.4556,3.85,,0.016,1.6712,,,2026-09-15 04:25:51
贵州省,珠江流域,蔗香北,2026-09-15 03:00,1,26.14,8.07,10.84,286.4706,4.676,1.09,0.012,0.01,2.4765,,,2026-09-15 04:25:51
贵州省,珠江流域,黄泥河,2026-09-15 03:00,2,19.8029,8.15,7.46,402.4705,13.1308,0.62,,0.025,2.8805,,,2026-09-15 04:25:51
贵州省,珠江流域,赵家渡,2026-09-15 03:00,2,22.35,8.16,7.75,421.233,5.13,0.78,0.021,0.031,4.673,,,2026-09-15 04:25:51
贵州省,珠江流域,坡脚,2026-09-15 03:00,2,23.71,7.88,6.51,418.834,21.203,0.96,,0.03,4.4372,,,2026-09-15 04:25:51
贵州省,珠江流域,蔗香南,2026-09-15 03:00,1,28.34,8.57,9.09,289.1,5.77,1.25,0.008,0.012,2.4992,,,2026-09-15 04:25:51
贵州省,长江流域,金紫,2026-09-15 03:00,2,25.11,8.43,7.42,162.055,10.16,1.03,0.025,0.019,0.957,,,2026-09-15 04:25:51
贵州省,珠江流域,从江大桥,2026-09-15 03:00,1,25.596,7.55,8.94,94.257,7.928,0.84,0.006,0.009,0.551,,,2026-09-15 04:25:51
贵州省,长江流域,平敏大桥,2026-09-15 03:00,2,26,8.54,9.85,137.41,7.87,1.34,,0.025,0.754,,,2026-09-15 04:25:51
贵州省,长江流域,旁海,2026-09-15 03:00,2,24.32,8.42,8.49,463.68,11.45,1.11,0.027,0.06,2.058,,,2026-09-15 04:25:51
贵州省,长江流域,重安江大桥,2026-09-15 03:00,3,22.41,8.38,8.01,557.521,1.986,0.53,0.012,0.11,2.896,,,2026-09-15 04:25:51
贵州省,珠江流域,榕江,2026-09-15 03:00,2,26.5,8.26,7.98,144.26,5.21,0.74,0.003,0.021,0.604,,,2026-09-15 04:25:51
贵州省,珠江流域,新华,2026-09-15 03:00,1,25.544,8.39,8.84,230.963,3.683,0.7,0.018,0.013,0.853,,,2026-09-15 04:25:51
贵州省,长江流域,甘溪高碑,2026-09-15 03:00,2,24.43,8.11,8.67,349.7,13.97,2.36,,0.04,0.6071,,,2026-09-15 04:25:51
贵州省,长江流域,跳鱼洞,2026-09-15 03:00,3,22.29,7.81,5.7,431.5,6.37,1.67,0.092,0.114,2.295,,,2026-09-15 04:25:51
贵州省,长江流域,凤山桥边,2026-09-15 03:00,2,22.5929,8.31,8,575.48,2.2149,1.07,0.005,0.063,2.845,,,2026-09-15 04:25:51
贵州省,珠江流域,边外河,2026-09-15 04:00,1,24.52,7.83,7.58,339.06,4.35,0.67,,0.007,1.854,,,2026-09-15 04:25:51
贵州省,珠江流域,界牌,2026-09-15 03:00,1,23.893,8.22,10.24,306.819,2.66,0.79,0.017,0.009,0.61,,,2026-09-15 04:25:51
贵州省,珠江流域,甲茶,2026-09-15 03:00,4,23.7155,7.65,4.92,325.1287,0.366,0.69,0.004,0.006,1.12,,,2026-09-15 04:25:51
云南省,长江流域,通仙桥,2026-09-15 03:00,3,20.3,7.96,6.07,453.528,15.902,2.05,0.004,0.154,5.432,,,2026-09-15 04:25:51
云南省,长江流域,普渡河桥,2026-09-15 03:00,3,22.56,7.88,5.68,545.8948,21.1977,3.38,0.097,0.076,2.7919,,,2026-09-15 04:25:51
云南省,珠江流域,禄丰村,2026-09-15 03:00,5,23.46,8.13,7.23,476.104,99.9258,7.24,,0.373,5.65,,,2026-09-15 04:25:51
云南省,滇池流域,回龙村,2026-09-15 03:00,3,21.09,7.84,5.1,696.6221,13.5013,2.98,,0.027,2.6149,,,2026-09-15 04:25:51
云南省,滇池流域,船房五社桥头,2026-09-15 03:00,4,21.16,7.48,3.86,559.7958,4.8682,4.97,0.154,0.067,5.8629,,,2026-09-15 04:25:51
云南省,滇池流域,王大桥,2026-09-15 03:00,4,20.81,6.99,5.06,620.3609,7.7199,3.53,0.038,0.268,8.6436,,,2026-09-15 04:25:51
云南省,滇池流域,大观河入湖口,2026-09-15 03:00,3,20.87,7.97,5.83,437.0508,26.2249,1.99,0.034,0.116,5.0318,,,2026-09-15 04:25:51
云南省,滇池流域,大渔乡土罗村入湖口,2026-09-15 03:00,5,19.3,7.56,2.7,539.2446,20.009,2.93,0.038,0.071,7.382,,,2026-09-15 04:25:51
云南省,滇池流域,新河村入湖口,2026-09-15 03:00,3,21.34,8.01,6.24,397.65,24.929,2.05,0.007,0.12,4.0522,,,2026-09-15 04:25:51
云南省,珠江流域,阳宗海中,2026-09-15 04:00,3,23.57,8.97,6.51,410.925,3.185,4.06,0.061,0.015,0.446,0.0123,6903798,2026-09-15 04:25:51
云南省,长江流域,富民大桥,2026-09-15 03:00,4,21.58,8.26,4.59,555.2686,40.271,7.3,0.048,0.174,3.0001,,,2026-09-15 04:25:51
云南省,滇池流域,严家村桥,2026-09-15 03:00,3,20.77485,8.01,6.55,427.6172,14.13844,1.67,0.03,0.102,5.186862,,,2026-09-15 04:25:51
云南省,滇池流域,宝丰村入湖口,2026-09-15 03:00,3,19.68,7.93,5.42,646.74,12.29,1.78,0.128,0.101,4.312,,,2026-09-15 04:25:51
云南省,滇池流域,江尾下闸,2026-09-15 03:00,4,21.35,7.76,4.51,341.9877,13.857,1.66,0.044,0.03,2.317,,,2026-09-15 04:25:51
云南省,滇池流域,茨巷河入湖口,2026-09-15 03:00,4,20.6,7.6,4.42,350.7677,4.5704,2.82,,0.027,2.242,,,2026-09-15 04:25:51
云南省,滇池流域,东大河滇池入湖口,2026-09-15 03:00,4,20.91,8.93,3.56,286.9684,11.7647,2.4,0.008,0.11,1.903,,,2026-09-15 04:25:51
云南省,滇池流域,草海中心,2026-09-15 04:00,4,21.17,8.44,11.13,379.52,43.01,5.19,,0.061,3.414,0.03566,6.268386,2026-09-15 04:25:51
云南省,滇池流域,灰湾中,2026-09-15 04:00,4,21.74,8.93,8.05,388.695,53.414,7.91,0.038,0.059,1.388,0.01266,3.36669,2026-09-15 04:25:51
云南省,滇池流域,观音山东,2026-09-15 02:00,4,21.65,8.95,6.31,383.76,26.77,6.51,0.034,0.056,0.952,0.01714,6.544199,2026-09-15 04:25:51
云南省,滇池流域,观音山中,2026-09-15 04:00,4,21.39,,7.38,356.679,13.895,5.6,,0.051,0.953,0.00667,1.46157,2026-09-15 04:25:51
云南省,滇池流域,观音山西,2026-09-15 04:00,4,22.16,8.92,7.84,368,45.16,8.91,0.016,0.058,1.228,0.00838,9.250723,2026-09-15 04:25:51
云南省,滇池流域,海口西,2026-09-15 04:00,4,22.17,,8.34,358.43,27.3,6.46,,0.056,0.673,0.00632,9.31288,2026-09-15 04:25:51
云南省,滇池流域,滇池南,2026-09-15 04:00,4,20.98,,7.63,386.86,39.58,7.55,,0.058,0.8,0.05007,1.562791,2026-09-15 04:25:51
云南省,滇池流域,晋城小寨,2026-09-15 03:00,2,18.59,8,6.47,526.5475,11.6024,2.47,,0.068,7.744,,,2026-09-15 04:25:51
云南省,长江流域,牛栏江河口,2026-09-15 03:00,3,20.6,8.1,5.8,495.501,17.059,1.77,0.042,0.066,5.176,,,2026-09-15 04:25:51
云南省,珠江流域,狗街,2026-09-15 03:00,3,22.14,7.75,6.12,572.2717,20.21614,2.58,0.087,0.176,5.650831,,,2026-09-15 04:25:51
云南省,珠江流域,花山水库出水口,2026-09-15 03:00,2,21.86,8.4,7.01,320.0695,2.1448,0.91,0.004,0.003,2.8126,,,2026-09-15 04:25:51
云南省,长江流域,以礼河水文站,2026-09-15 03:00,2,17.61,7.78,6.39,265.5784,24.2318,1.31,0.031,0.05,2.0162,,,2026-09-15 04:25:51
云南省,珠江流域,厂房大桥,2026-09-15 03:00,3,21.7,8.47,11.82,295.881,12.1031,4.72,0.014,0.1,3.4695,,,2026-09-15 04:25:51
云南省,珠江流域,天生桥,2026-09-15 03:00,4,20.769,7.94,6.89,570.43,9.394,2.52,0.08,0.272,5.934,,,2026-09-15 04:25:51
云南省,长江流域,牛栏江大桥,2026-09-15 03:00,2,20.07,8.07,7.21,388.62,34.628,1.26,0.008,0.047,2.622,,,2026-09-15 04:25:51
云南省,珠江流域,九甸大桥,2026-09-15 03:00,2,22.3639,8.25,6.3,545.105,45.26597,1.67,0.007,0.096,5.27558,,,2026-09-15 04:25:51
云南省,西南诸河,坝洪村,2026-09-15 03:00,2,25.87,8.18,8.18,384.2663,272.0394,0.98,0.005,0.039,1.64487,,,2026-09-15 04:25:51
云南省,珠江流域,抚仙湖心,2026-09-15 04:00,2,23.05,8.85,7.55,280.66,1.831,1.48,,0.011,0.11,0.00214,4915943,2026-09-15 04:25:51
云南省,西南诸河,绿汁江大桥,2026-09-15 03:00,2,21.65955,8.29,7.27,679.9432,92.65004,1.26,0.04,0.036,2.38002,,,2026-09-15 04:25:51
云南省,珠江流域,杞麓湖心,2026-09-15 04:00,3,22.29,8.65,6,754.53,6.05,6,0.208,0.018,1.531,0.02517,8547417,2026-09-15 04:25:51
云南省,珠江流域,永昌桥,2026-09-15 03:00,3,19.7409,8.03,6.18,435.0062,19.87281,1.55,0.017,0.13,3.21304,,,2026-09-15 04:25:51
云南省,珠江流域,星云湖心,2026-09-15 04:00,3,22.72,,5.41,522.163,54.15,5.19,0.002,0.016,0.554,0.00795,4.73962,2026-09-15 04:25:51
云南省,西南诸河,红旗桥,2026-09-15 03:00,1,21.12805,8.03,8.33,353.9205,189.0279,1.06,,0.006,0.3454287,,,2026-09-15 04:25:51
云南省,西南诸河,湾甸,2026-09-15 03:00,3,24.78218,8.4,8.05,432.1284,104.9566,1.13,0.003,0.106,2.68631,,,2026-09-15 04:25:51
云南省,西南诸河,永保桥,2026-09-15 03:00,1,21.72622,8.18,7.6,428.5345,25.23864,1.1,0.007,0.007,0.60402,,,2026-09-15 04:25:51
云南省,西南诸河,龙江桥,2026-09-15 03:00,1,20.99494,7.19,7.75,96.61335,27.0593,1.67,0.006,0.02,0.67102,,,2026-09-15 04:25:51
云南省,长江流域,云贵桥,2026-09-15 03:00,1,17.58,8.2,8.58,397.292,11.887,1.46,0.009,0.015,3.221,,,2026-09-15 04:25:51
云南省,长江流域,头屯河,2026-09-15 03:00,1,17.64,7.9,7.6,434.364,5.24,0.51,,0.02,5.217,,,2026-09-15 04:25:51
云南省,长江流域,邓家河,2026-09-15 03:00,2,20.4,7.64,6.74,395.358,13.787,0.37,0.005,0.046,2.752,,,2026-09-15 04:25:51
云南省,长江流域,横江桥,2026-09-15 03:00,2,21.01,8.08,8.49,244.79,82.33,1.63,,0.05,2.926,,,2026-09-15 04:25:51
云南省,长江流域,程海湖中,2026-09-15 03:00,3,25.44477,,7.12,1381.887,5.04787,5.13,0.017,0.016,0.83933,0.00552,8323.289,2026-09-15 04:25:51
云南省,长江流域,金江桥,2026-09-15 03:00,1,21.25,8.05,8.23,658.0089,17.84532,1.65,0.028,0.017,0.94924,,,2026-09-15 04:25:51
云南省,长江流域,龙兴村,2026-09-15 03:00,4,17.88,7.8,6.4,464.2856,18.214,1.96,0.371,0.232,3.33167,,,2026-09-15 04:25:51
云南省,西南诸河,土卡河水文站,2026-09-15 03:00,2,26.55516,7.96,6.85,203.3382,36.80951,1.16,,0.018,0.9682723,,,2026-09-15 04:25:51
云南省,西南诸河,孟拉桥,2026-09-15 03:00,2,23.15,7.16,7.27,98.53303,79.55759,0.93,0.007,0.006,0.71032,,,2026-09-15 04:25:51
云南省,西南诸河,莲花乡,2026-09-15 03:00,4,23.79645,7.39,4.87,274.4518,20.30009,2.62,0.913,0.169,4.817,,,2026-09-15 04:25:51
云南省,西南诸河,嘎旧,2026-09-15 03:00,2,22.1,7.99,6.94,401.7966,12.20846,1.2,0.014,0.01,0.60697,,,2026-09-15 04:25:51
云南省,西南诸河,景临桥,2026-09-15 03:00,3,24.84,7.45,5.74,348.1122,19.99522,2.07,0.035,0.024,1.14103,,,2026-09-15 04:25:51
云南省,西南诸河,孟定大桥,2026-09-15 03:00,2,24.18,7.81,8.12,245.3582,258.5485,1.33,0.047,0.024,1.63547,,,2026-09-15 04:25:51
云南省,西南诸河,小黑江检查站,2026-09-15 03:00,1,23.30209,7.65,7.85,177.2444,141.2878,,0.013,0.014,0.9581,,,2026-09-15 04:25:51
云南省,西南诸河,水文站,2026-09-15 03:00,2,20.84,8.02,6.37,427.2153,28.11349,1.85,0.178,0.049,1.74083,,,2026-09-15 04:25:51
云南省,长江流域,西观桥,2026-09-15 03:00,3,22.82,7.67,5.7,606.6312,25.56839,2.54,0.015,0.065,4.51419,,,2026-09-15 04:25:51
云南省,西南诸河,那发出境,2026-09-15 03:00,2,25.39,7.84,7.67,156.1178,65.29,0.91,,0.056,0.9012,,,2026-09-15 04:25:51
云南省,西南诸河,中越桥,2026-09-15 03:00,2,24.23,8.1,9.65,282.0587,38.247,0.59,0.078,0.059,,,,2026-09-15 04:25:51
云南省,西南诸河,龙脖渡口,2026-09-15 03:00,2,26.25,7.99,7.73,291.3186,46.8422,0.84,,0.055,1.7705,,,2026-09-15 04:25:51
云南省,西南诸河,河口县医院,2026-09-15 04:00,1,22.96502,8.69,8.47,,3.456356,,,,,,,2026-09-15 04:25:51
云南省,西南诸河,小河底河,2026-09-15 03:00,2,23.94,8.31,8.84,475.1354,78.1728,1.02,,0.047,1.5862,,,2026-09-15 04:25:51
云南省,珠江流域,异龙湖中,2026-09-15 04:00,5,23.12,8.66,8.43,412.51,6.226,10.13,0.011,0.021,0.666,0.03045,272649.2,2026-09-15 04:25:51
云南省,珠江流域,长虹桥,2026-09-15 03:00,3,22.88,8.25,7.19,543.3582,88.3582,4.44,0.003,0.152,4.4686,,,2026-09-15 04:25:51
云南省,珠江流域,江边桥,2026-09-15 03:00,3,23.34,7.81,7.36,494.05,82.25,1.46,,0.109,4.1085,,,2026-09-15 04:25:51
云南省,西南诸河,天保农场,2026-09-15 03:00,2,23.43,8.08,9.53,372.4,5.32,0.61,0.001,0.026,3.0809,,,2026-09-15 04:25:51
云南省,西南诸河,南利大桥,2026-09-15 03:00,2,23.06,8.21,6.86,299.87,14.16,0.75,0.094,0.022,1.405,,,2026-09-15 04:25:51
云南省,珠江流域,谷拉河大桥,2026-09-15 03:00,1,28.42,8.4,8.69,202.72,1.267,1.73,0.01,0.006,0.623,,,2026-09-15 04:25:51
云南省,西南诸河,关累码头,2026-09-15 03:00,2,23.08652,7.71,7.01,285.6177,48.24652,0.83,0.003,0.018,1.03083,,,2026-09-15 04:25:51
云南省,西南诸河,勐仑大桥,2026-09-15 03:00,2,23.83,8.11,7.65,241.0697,76.4359,0.39,0.009,0.038,0.95,,,2026-09-15 04:25:51
云南省,西南诸河,风情园大桥,2026-09-15 03:00,2,22.78381,7.76,8.03,99.05677,99.75494,1.12,0.002,0.04,2.7671,,,2026-09-15 04:25:51
云南省,西南诸河,打洛江大桥,2026-09-15 03:00,1,24.9726,7.84,7.78,133.7719,148.9839,0.26,0.01,0.016,0.5357,,,2026-09-15 04:25:51
云南省,西南诸河,洱海湖心,2026-09-15 04:00,2,24,8.72,6.77,282.7,6.94,3.83,0.002,0.024,0.529,0.00737,16500,2026-09-15 04:25:51
云南省,西南诸河,交汇口,2026-09-15 03:00,2,20.93924,8.36,7.77,295.3579,1397.62,1.4,0.006,0.029,0.81149,,,2026-09-15 04:25:51
云南省,西南诸河,徐村桥,2026-09-15 03:00,2,21.24,7.88,7.29,246.2813,60.21027,1.16,0.009,0.036,1.12297,,,2026-09-15 04:25:51
云南省,西南诸河,江尾,2026-09-15 03:00,3,22.84583,8.12,5.94,315.7816,33.92664,1.34,0.004,0.031,0.91082,,,2026-09-15 04:25:51
云南省,西南诸河,四级坝,2026-09-15 03:00,3,21.8,7.4,7.2,325.7532,6.22278,2.83,0.393,0.13,2.83528,,,2026-09-15 04:25:51
云南省,西南诸河,汇流电站,2026-09-15 03:00,1,24.75291,6.95,8.01,85.97423,48.91209,1.15,0.007,0.02,0.89248,,,2026-09-15 04:25:51
云南省,西南诸河,姐告大桥,2026-09-15 03:00,2,24.18683,7.69,7.13,140.0642,103.4495,1.12,0.002,0.03,1.7876,,,2026-09-15 04:25:51
云南省,西南诸河,迭撒大桥,2026-09-15 03:00,2,25.41539,6.85,6.28,106.4716,101.8248,2.75,0.125,0.058,3.38572,,,2026-09-15 04:25:51
云南省,西南诸河,风平,2026-09-15 03:00,2,22.69,7.98,7.49,207.5612,40.47199,1.75,0.054,0.071,1.00412,,,2026-09-15 04:25:51
云南省,西南诸河,拉甲木底桥,2026-09-15 03:00,1,19.42984,8.18,10.03,334.1763,336.9596,0.87,0.009,0.003,0.28747,,,2026-09-15 04:25:51
云南省,西南诸河,丙舍桥,2026-09-15 03:00,1,20.03252,8.28,9.3,383.4492,362.5919,0.88,0.002,0.004,0.29247,,,2026-09-15 04:25:51
云南省,长江流域,贺龙桥,2026-09-15 03:00,1,18.60723,8.42,8.35,1005.597,67.62564,1.25,0.075,0.02,1.08785,,,2026-09-15 04:25:51
云南省,西南诸河,中路村,2026-09-15 03:00,1,18.23,8.44,8.07,472.0511,23.85134,0.77,0.015,0.004,0.37907,,,2026-09-15 04:25:51
西藏自治区,西南诸河,才纳,2026-09-15 03:00,2,13.593,7.96,6.8,207.396,65.934,1.7,0.055,0.04,0.545,,,2026-09-15 04:25:51
西藏自治区,西南诸河,米瑞,2026-09-15 03:00,2,14.124,8.11,7.41,207.674,164.746,1.65,0.028,0.068,0.28,,,2026-09-15 04:25:51
陕西省,黄河流域,灞河口,2026-09-15 03:00,2,22.99,8.28,8.44,358.4082,18.2855,2.58,0.042,0.038,4.4723,,,2026-09-15 04:25:51
陕西省,黄河流域,三郎村,2026-09-15 03:00,2,22.95,7.58,7.53,450.922,29.837,3.08,0.279,0.063,4.676,,,2026-09-15 04:25:51
陕西省,黄河流域,沙王渡,2026-09-15 02:00,3,23.45,8.01,6.73,697.9481,910.8155,5.29,0.028,0.171,5.7896,,,2026-09-15 04:25:51
陕西省,黄河流域,岔口,2026-09-15 03:00,2,20.88,7.8,8.36,848.28,16.905,3.17,0.082,0.082,7.9353,,,2026-09-15 04:25:51
陕西省,黄河流域,下桃水电站,2026-09-15 03:00,2,19.501,8.36,9.03,1120.2,1064.75,2.41,,0.01,3.527,,,2026-09-15 04:25:51
陕西省,长江流域,黄牛铺,2026-09-15 03:00,2,17.41,7.87,7.75,154.5483,2.1039,2.81,,0.012,1.096,,,2026-09-15 04:25:51
陕西省,黄河流域,魏家堡,2026-09-15 03:00,2,23.12,7.99,7.06,616.9559,175.3873,2.87,0.164,0.1,6.289,,,2026-09-15 04:25:51
陕西省,黄河流域,卧龙寺桥,2026-09-15 04:00,2,19.5,8.17,8.28,578.0515,123.7132,3.11,0.024,0.054,4.416,,,2026-09-15 04:25:51
陕西省,长江流域,灶火庵,2026-09-15 03:00,2,20.05,8.15,7.76,299.2155,49.2005,1.97,0.021,0.031,1.88,,,2026-09-15 04:25:51
陕西省,黄河流域,咸阳铁桥,2026-09-15 03:00,2,23.5,7.89,7.5,576.79,378.6063,3.73,,0.1,5.6121,,,2026-09-15 04:25:51
陕西省,黄河流域,兴平,2026-09-15 03:00,3,22.57,7.98,7.04,593.2961,438.8073,3.83,,0.166,4.7519,,,2026-09-15 04:25:51
陕西省,黄河流域,泾河桥,2026-09-15 03:00,2,24.04,8.27,7.45,1254.08,346.2501,2.7,,0.098,5.4899,,,2026-09-15 04:25:51
陕西省,黄河流域,黑河张家桥,2026-09-15 03:00,2,19.64,8.17,7.54,572.8149,77.9259,2.25,0.17,0.039,2.0063,,,2026-09-15 04:25:51
陕西省,黄河流域,潼关吊桥,2026-09-15 02:00,3,22.62,7.88,6.4,806.5133,,4.28,0.005,0.091,6.3666,,,2026-09-15 04:25:51
陕西省,黄河流域,王谦村,2026-09-15 03:00,3,22.19,8.22,7.79,1454.5,1116.5,4.38,0.011,0.103,2.764,,,2026-09-15 04:25:51
陕西省,黄河流域,张家庄,2026-09-15 02:00,2,23.05,8.02,7.32,378.7294,20.428,2.89,0.025,0.033,4.027,,,2026-09-15 04:25:51
陕西省,黄河流域,杨家畔村,2026-09-15 03:00,2,21.19,8.64,7.91,1184.027,63.50046,2.98,,0.068,5.0071,,,2026-09-15 04:25:51
陕西省,黄河流域,昝家山,2026-09-15 03:00,2,19.29,8.37,9.14,575.08,66.19583,2.02,0.025,0.041,3.5491,,,2026-09-15 04:25:51
陕西省,黄河流域,寺滩,2026-09-15 03:00,3,21.44,8.83,8.05,909.683,185.0872,2.17,0.002,0.126,5.1451,,,2026-09-15 04:25:51
陕西省,黄河流域,朱家沟,2026-09-15 03:00,5,19.27,8.27,7.26,1096.652,358.2184,3.28,0.096,0.323,6.4641,,,2026-09-15 04:25:51
陕西省,长江流域,烈金坝,2026-09-15 03:00,1,18.99,8.25,8.04,339.06,4.777,0.26,0.01,0.02,1.1327,,,2026-09-15 04:25:51
陕西省,长江流域,南柳渡,2026-09-15 03:00,2,21.73,7.74,7.11,268.7927,21.6435,2.14,0.034,0.055,1.77,,,2026-09-15 04:25:51
陕西省,长江流域,白水江,2026-09-15 03:00,2,21.38,8.11,7.5,300.2905,26.592,1.77,0.022,0.024,1.2157,,,2026-09-15 04:25:51
陕西省,黄河流域,柏树坪,2026-09-15 03:00,2,21.66999,8.48,9.14,1059.415,113.5512,1.9,0.021,0.042,3.5611,,,2026-09-15 04:25:51
陕西省,黄河流域,温家川,2026-09-15 03:00,2,20.07,8.39,7.9,1412.939,41.14696,2.48,0.004,0.033,3.5531,,,2026-09-15 04:25:51
陕西省,黄河流域,碛塄,2026-09-15 03:00,2,19.6,8.3,8.45,1021.428,51.06471,1.77,0.002,0.026,3.2621,,,2026-09-15 04:25:51
陕西省,黄河流域,高家川,2026-09-15 03:00,2,18.77,8.39,8.23,856.494,207.7237,2.31,,0.069,3.5261,,,2026-09-15 04:25:51
陕西省,黄河流域,鱼河,2026-09-15 03:00,3,18.14,8.34,7.61,752.102,34.64606,3.4,0.024,0.133,4.1961,,,2026-09-15 04:25:51
陕西省,长江流域,白河城关,2026-09-15 03:00,2,24.98,7.73,7.72,251.2487,6.28,2.3,0.024,0.025,1.396,0.021328,,2026-09-15 04:25:51
陕西省,长江流域,南江河出陕界,2026-09-15 03:00,1,22.13,7.97,8.42,218.8116,16.0308,0.7,,0.01,0.4856,,,2026-09-15 04:25:51
陕西省,长江流域,小钢桥,2026-09-15 03:00,3,25.46,7.53,5.02,313.69,7.14,2.09,,0.028,1.326,,,2026-09-15 04:25:51
陕西省,长江流域,老君关,2026-09-15 03:00,3,24.61,7.56,5.47,250.365,11.4737,2.84,,0.032,1.64,,,2026-09-15 04:25:51
陕西省,长江流域,瀛湖坝前,2026-09-15 03:00,3,25.61,8.13,5.78,210.7772,9.6705,2.48,,0.016,0.777,0.04601,1850993,2026-09-15 04:25:51
陕西省,长江流域,构峪口,2026-09-15 03:00,3,22.06,7.96,5.68,397.5896,10.3175,1.96,,0.011,1.967,,,2026-09-15 04:25:51
陕西省,长江流域,丹凤下,2026-09-15 03:00,2,20.86,8.3,8.01,432.6655,10.4173,2.18,,0.021,2.5133,,,2026-09-15 04:25:51
陕西省,黄河流域,灵口,2026-09-15 03:00,1,20.63,8.22,8.17,607.1248,5.2328,1.18,0.009,0.007,1.3803,,,2026-09-15 04:25:51
甘肃省,黄河流域,扶和桥,2026-09-15 03:00,2,15.7,8.18,8.11,502.9615,41.07267,2.17,0.085,0.024,1.90212,,,2026-09-15 04:25:51
甘肃省,黄河流域,新城桥,2026-09-15 03:00,2,16.74,8.25,7.24,532.898,222.285,2.89,0.009,0.066,1.5637,,,2026-09-15 04:25:51
甘肃省,黄河流域,湟水桥,2026-09-15 03:00,3,16.23,8.39,7.2,615.927,223.736,,0.084,0.11,3.539,,,2026-09-15 04:25:51
甘肃省,西北诸河,迎山坡,2026-09-15 03:00,1,14.16249,8.24,8.13,529.5074,12.40595,0.59,0.048,0.009,1.95219,,,2026-09-15 04:25:51
甘肃省,黄河流域,青城桥,2026-09-15 03:00,2,17.49611,8.23,7.88,525.6094,169.527,1.89,0.127,0.039,1.90926,,,2026-09-15 04:25:51
甘肃省,黄河流域,五佛寺,2026-09-15 03:00,5,17.74486,8.24,7.08,605.5789,400.8721,2.01,0.184,0.32,2.436,,,2026-09-15 04:25:51
甘肃省,黄河流域,靖远桥,2026-09-15 03:00,2,16.68228,8.18,6.61,556.2729,202.869,,,,,,,2026-09-15 04:25:51
甘肃省,黄河流域,桦林,2026-09-15 03:00,2,16.1,8.37,8.72,830.4,,2.35,0.094,0.033,3.724,,,2026-09-15 04:25:51
甘肃省,黄河流域,葡萄园,2026-09-15 03:00,2,20.18,8.37,7.97,776.552,1391.43,3.7,0.005,0.084,6.554,,,2026-09-15 04:25:51
甘肃省,西北诸河,红崖山水库,2026-09-15 03:00,2,20.40774,8.61,9.05,513.119,13.80162,1.61,0.013,0.019,1.1836,0.00489,2269685,2026-09-15 04:25:51
甘肃省,黄河流域,先明峡桥,2026-09-15 03:00,1,12.41815,8.61,8.61,483.5873,21.79763,0.26,0.023,0.002,1.64444,,,2026-09-15 04:25:51
甘肃省,西北诸河,莺落峡,2026-09-15 03:00,1,14,8.4,8.53,678.5026,8.05973,0.5,0.026,0.009,1.20572,,,2026-09-15 04:25:51
甘肃省,西北诸河,皇城水库,2026-09-15 03:00,1,10.41571,8.22,8.7,502.5329,11.5631,0.9,0.007,0.003,1.43556,,,2026-09-15 04:25:51
甘肃省,西北诸河,六坝桥,2026-09-15 03:00,2,16.02188,8.36,8.77,656.5154,53.10987,1.6,0.079,0.028,2.32688,,,2026-09-15 04:25:51
甘肃省,黄河流域,长庆桥,2026-09-15 03:00,2,20.27,8.43,7.42,750.028,249.7173,0.99,0.006,0.092,4.2061,,,2026-09-15 04:25:51
甘肃省,黄河流域,洮园桥,2026-09-15 03:00,2,17.81,8.35,7.78,425.2249,132.0028,2.78,0.085,0.052,3.86909,,,2026-09-15 04:25:51
甘肃省,长江流域,固水子村,2026-09-15 03:00,2,15.59,8.33,8.78,342.8,267,2.36,,0.067,0.947,,,2026-09-15 04:25:51
甘肃省,长江流域,两水桥,2026-09-15 03:00,2,,8.41,,350.965,209.4777,3.82,0.014,,1.2991,,,2026-09-15 04:25:51
甘肃省,黄河流域,折桥,2026-09-15 03:00,2,14.26,8.61,7.83,511.1993,183.3409,2.25,0.17,0.057,2.65711,,,2026-09-15 04:25:51
甘肃省,黄河流域,地沟桥,2026-09-15 03:00,2,12.99,8.59,8.29,506.4442,221.2661,1.95,0.064,0.022,2.30737,,,2026-09-15 04:25:51
甘肃省,黄河流域,玛曲,2026-09-15 03:00,2,9.9684,8.37,6.68,383.3221,60.68655,3.06,0.05,0.03,1.65362,,,2026-09-15 04:25:51
青海省,黄河流域,小峡桥,2026-09-15 03:00,2,14.81457,8.38,9,640.5311,57.92776,3.13,0.117,0.075,3.45703,,,2026-09-15 04:25:51
青海省,黄河流域,润泽桥,2026-09-15 03:00,2,13.25365,8.16,8.51,443.848,63.93578,3.22,0.096,0.049,2.575,,,2026-09-15 04:25:51
青海省,黄河流域,大河家,2026-09-15 03:00,2,22.55091,8.05,6.11,,0.21881,,,,,,,2026-09-15 04:25:51
青海省,黄河流域,边墙村,2026-09-15 03:00,3,16.39596,8.46,8.03,756.2947,234.6304,3.98,0.307,0.127,5.1949,,,2026-09-15 04:25:51
青海省,黄河流域,峡塘,2026-09-15 03:00,1,12.17771,8.45,7.82,548.0431,35.34938,1.11,0.006,0.008,1.19703,,,2026-09-15 04:25:51
青海省,西北诸河,布哈河入青海湖口,2026-09-15 03:00,2,11.84192,8.42,7.35,551.7903,96.75607,0.84,0.005,0.005,1.024,,,2026-09-15 04:25:51
青海省,黄河流域,唐乃亥,2026-09-15 03:00,2,15.63177,8.47,6.72,444.918,83.82784,1.59,0.097,0.031,1.03604,,,2026-09-15 04:25:51
青海省,黄河流域,龙羊峡库区出水口,2026-09-15 03:00,1,11.35025,8.18,8.13,460.1269,6.68003,1.09,0.002,0.008,0.76116,0.00116,277917.3,2026-09-15 04:25:51
青海省,长江流域,直门达,2026-09-15 03:00,4,18.07,7.27,7.42,1727.875,655.4375,2.79,0.336,0.272,1.366788,,,2026-09-15 04:25:51
青海省,西北诸河,总场水闸,2026-09-15 03:00,1,10.31,8.57,7.69,777.7799,38.01582,0.28,0.005,0.005,0.74245,,,2026-09-15 04:25:51
青海省,西北诸河,纳赤台,2026-09-15 03:00,6,7.166,8.39,7.74,776.7,713.9,2.71,0.4,1.019,0.007,,,2026-09-15 04:25:51
青海省,西北诸河,德令哈市水厂旁,2026-09-15 03:00,3,10.6423,8.24,9.49,709.5228,1500.575,4.56,0.006,0.078,1.30977,,,2026-09-15 04:25:51
宁夏回族自治区,黄河流域,叶盛公路桥,2026-09-15 03:00,-1,,,,,,,,,,,,2026-09-15 04:25:51
宁夏回族自治区,黄河流域,银古公路桥,2026-09-15 03:00,6,18.63901,7.66,1.7,873.3026,1154.967,1.81,0.358,0.088,3.62541,,,2026-09-15 04:25:51
宁夏回族自治区,黄河流域,平罗黄河大桥,2026-09-15 03:00,2,20.14,8.12,6.27,1038.94,,1.68,,0.062,4.053,,,2026-09-15 04:25:51
宁夏回族自治区,黄河流域,麻黄沟,2026-09-15 03:00,2,21.19,8.31,7.15,994.473,558.016,2.29,,0.063,3.4155,,,2026-09-15 04:25:51
宁夏回族自治区,黄河流域,金沙湾,2026-09-15 03:00,3,29.519,7.55,6.86,,11.504,,,0.195,4.745,,,2026-09-15 04:25:51
宁夏回族自治区,黄河流域,弹筝峡,2026-09-15 03:00,2,12.74,8.29,8.3,654.55,17.615,0.99,0.027,0.033,3.032,,,2026-09-15 04:25:51
宁夏回族自治区,黄河流域,沟圈,2026-09-15 03:00,2,18.67,8.58,7.75,1345.852,99.48886,2.92,0.029,0.037,2.1371,,,2026-09-15 04:25:51
宁夏回族自治区,黄河流域,中卫下河沿,2026-09-15 03:00,2,18.5,8.38,7.98,673.6,996.1,2.79,,0.079,2.827,,,2026-09-15 04:25:51
宁夏回族自治区,黄河流域,泉眼山,2026-09-15 03:00,3,19.14,8.21,8.04,7501.746,1665.966,3.98,0.264,0.116,22.7961,,,2026-09-15 04:25:51
新疆维吾尔自治区,西北诸河,青年渠,2026-09-15 03:00,1,14.81,8.18,9.66,415.1856,20.64495,0.26,0.001,0.004,1.20545,,,2026-09-15 04:25:51
新疆维吾尔自治区,西北诸河,七纺桥,2026-09-15 03:00,2,13.34,8.5,8.17,2321.04,24.36025,0.65,0.059,0.024,10.52709,,,2026-09-15 04:25:51
新疆维吾尔自治区,西北诸河,赛湖2,2026-09-15 03:00,3,16.35243,,5.59,3046.293,9.59686,0.55,0.178,0.001,0.46207,0.0096,22830,2026-09-15 04:25:51
新疆维吾尔自治区,西北诸河,哈尔莫墩,2026-09-15 03:00,1,15.72,8.2,9.42,342.0399,4.84994,0.82,0.004,0.012,0.36459,,,2026-09-15 04:25:51
新疆维吾尔自治区,西北诸河,汇合口,2026-09-15 03:00,2,23.66,7.65,6.59,512.4793,8.02713,2.01,0.012,0.009,0.20974,,,2026-09-15 04:25:51
新疆维吾尔自治区,西北诸河,兰干,2026-09-15 03:00,2,22.73246,8.28,6.52,687.5743,3.24033,2.25,0.009,0.008,0.52302,,,2026-09-15 04:25:51
新疆维吾尔自治区,西北诸河,塔提让,2026-09-15 03:00,1,16.66,8.47,7.81,1125.204,921.6457,0.25,0.012,0.005,0.77083,,,2026-09-15 04:25:51
新疆维吾尔自治区,西北诸河,塔里木拦河闸,2026-09-15 03:00,1,17.50256,8.1,8.2,586.5668,3583.604,0.5,0.003,0.011,0.87922,,,2026-09-15 04:25:51
新疆维吾尔自治区,西北诸河,十二医院,2026-09-15 03:00,2,18.05833,7.85,7.15,1265.556,109.7896,0.52,0.169,0.004,0.01641,,,2026-09-15 04:25:51
新疆维吾尔自治区,西北诸河,依干其渡口,2026-09-15 03:00,3,18.93778,8.37,7.75,511.3764,873.9219,3.29,0.003,0.103,2.92328,,,2026-09-15 04:25:51
新疆维吾尔自治区,西北诸河,喀河大桥,2026-09-15 03:00,2,18.98393,8.16,7.38,1163.397,0.89265,0.28,0.001,0.008,1.78248,,,2026-09-15 04:25:51
新疆维吾尔自治区,西北诸河,科布大桥,2026-09-15 03:00,1,15.02064,8.19,8.27,326.6975,104.1818,0.14,0.002,0.003,0.72402,,,2026-09-15 04:25:51
新疆维吾尔自治区,西北诸河,龙口大桥,2026-09-15 03:00,1,17.47644,7.67,8.42,287.0899,6.04813,0.76,0.007,0.008,0.63766,,,2026-09-15 04:25:51
新疆维吾尔自治区,西北诸河,羊场大桥,2026-09-15 03:00,2,19.92,8.02,7.35,528.7308,85.17435,0.55,0.018,0.016,1.73272,,,2026-09-15 04:25:51
新疆维吾尔自治区,西北诸河,喀什河大桥,2026-09-15 03:00,1,16.55,8.13,10.6,248.4054,11.58995,0.68,0.005,0.004,0.88568,,,2026-09-15 04:25:51
新疆维吾尔自治区,西北诸河,霍城63团伊犁河大桥,2026-09-15 03:00,4,23.567,7.57,3.99,375.252,1160.682,0.34,0.305,0.026,1.002,,,2026-09-15 04:25:51
新疆维吾尔自治区,西北诸河,英牙尔乡,2026-09-15 03:00,2,20.90221,8.11,8.49,337.3672,63.48309,2.49,0.007,0.073,1.2724,,,2026-09-15 04:25:51
新疆维吾尔自治区,西北诸河,雅马渡大桥,2026-09-15 03:00,2,17.834,7.54,6.48,288.556,11.379,0.26,0.009,0.011,0.763,,,2026-09-15 04:25:51
新疆维吾尔自治区,西北诸河,布尔津河大桥,2026-09-15 03:00,1,18.21,7.39,8.38,57.68336,8.07923,1.18,0.005,0.003,0.21893,,,2026-09-15 04:25:51
新疆维吾尔自治区,西北诸河,乌伦古湖码头,2026-09-15 03:00,3,20.69728,8.83,7.99,3759.533,11.54377,4.03,0.003,0.022,0.81723,0.02429,854797.4,2026-09-15 04:25:51
新疆维吾尔自治区,西北诸河,北屯大桥,2026-09-15 03:00,2,19.80042,7.56,7.46,75.21302,14.52436,0.62,0.005,0.007,0.45446,,,2026-09-15 04:25:51
新疆维吾尔自治区,西北诸河,布尔津水文站,2026-09-15 03:00,1,20.63,7.82,8.55,202.5057,19.65187,1.54,0.014,0.016,1.14,,,2026-09-15 04:25:51
新疆维吾尔自治区,西北诸河,额河南湾,2026-09-15 03:00,1,21.359,7.81,8.07,191.7177,0.0063,0.88,0.012,0.011,0.79274,,,2026-09-15 04:25:51
