省份,流域,断面名称,监测时间,水质类别,水温(℃),pH(无量纲),溶解氧(mg/L),电导率(μS/cm),浊度(NTU),高锰酸盐指数(mg/L),氨氮(mg/L),总磷(mg/L),总氮(mg/L),叶绿素α(mg/L),藻密度(cells/L),抓取时间
北京市,海河流域,鼓楼外大街,2026-09-28 09:00,4,23.25,7.26,3.34,349.49,7.06,2.34,0.19,0.038,2.045,,,2026-09-28 10:25:57
北京市,海河流域,广北滨河路,2026-09-28 09:00,2,22.94,7.65,7.18,319.85,12.61,2.38,0.072,0.034,1.756,,,2026-09-28 10:25:57
北京市,海河流域,沙窝,2026-09-28 09:00,4,24.11,7.22,4.73,742.55,20.538,4.53,0.716,0.102,5.641,,,2026-09-28 10:25:57
北京市,海河流域,新八里桥,2026-09-28 09:00,4,23.48,7.12,3.44,522.582,2.722,3.99,,0.136,3.492,,,2026-09-28 10:25:57
北京市,海河流域,大红门闸上,2026-09-28 09:00,2,21.13,7.52,6.27,897.3,10.904,2.82,0.064,0.081,6.805,,,2026-09-28 10:25:57
北京市,海河流域,南大荒桥,2026-09-28 09:00,2,21.93,8.59,8.62,949.5,53.56,2.64,0.011,0.033,1.779,,,2026-09-28 10:25:57
北京市,海河流域,清河闸,2026-09-28 09:00,-1,,,,,,,,,,,,2026-09-28 10:25:57
北京市,海河流域,花园路,2026-09-28 09:00,4,20.13,7.42,4.18,714.032,4.926,2.18,0.206,0.045,7.97,,,2026-09-28 10:25:57
北京市,海河流域,白石桥,2026-09-28 09:00,2,23.92,7.74,6.35,310.03,19.283,1.92,0.092,0.01,1.523,,,2026-09-28 10:25:57
北京市,海河流域,八间房漫水桥,2026-09-28 09:00,4,22.9,7.64,4.57,852.4,11.27,3.28,0.046,0.079,4.3296,,,2026-09-28 10:25:57
北京市,海河流域,码头,2026-09-28 09:00,4,22.45,7.68,4.38,1065.84,23.437,3.33,0.855,0.108,7.808,,,2026-09-28 10:25:57
北京市,海河流域,罗庄,2026-09-28 09:00,2,23.05,8.05,8.18,1239.614,8.453417,3.33,0.059,0.087,5.7331,,,2026-09-28 10:25:57
北京市,海河流域,小屯桥,2026-09-28 09:00,3,23.3,7.89,5.37,1382.196,6.84184,3.91,0.018,0.081,5.6061,,,2026-09-28 10:25:57
北京市,海河流域,东店,2026-09-28 08:00,2,20.79663,7.8,8.62,728.2678,40.8449,3.23,0.071,0.099,10.95238,,,2026-09-28 10:25:57
北京市,海河流域,密云水库,2026-09-28 09:00,2,23.43565,8.3,8.87,418.994,0.896451,2.21,0.01,0.006,3.232644,,,2026-09-28 10:25:57
北京市,海河流域,大关桥,2026-09-28 09:00,2,21.36,8.21,8.14,451.44,27.39,2.16,0.091,0.019,3.8951,,,2026-09-28 10:25:57
北京市,海河流域,辛庄桥,2026-09-28 09:00,2,17.45,8.16,10.06,590.098,42.56987,1.35,,0.027,7.9731,,,2026-09-28 10:25:57
北京市,海河流域,谷家营,2026-09-28 09:00,2,21.09,7.91,7.34,545.802,12.134,3.49,0.387,0.077,3.122,,,2026-09-28 10:25:57
北京市,海河流域,后城,2026-09-28 09:00,1,12.95,8.31,9.81,583.514,13.02164,1.53,0.026,0.02,10.4041,,,2026-09-28 10:25:57
天津市,海河流域,三岔口,2026-09-28 09:00,4,24.96,7.83,3.32,845.9939,25.02067,5.37,0.204,0.132,1.6447,,,2026-09-28 10:25:57
天津市,海河流域,北洋桥,2026-09-28 09:00,4,25.19191,7.48,4,851.8314,32.3888,5.28,0.344,0.16,1.967179,,,2026-09-28 10:25:57
天津市,海河流域,井冈山桥,2026-09-28 09:00,4,24.37,7.55,4.12,854.26,31.55609,5.15,0.841,0.168,2.3881,,,2026-09-28 10:25:57
天津市,海河流域,大红桥,2026-09-28 10:00,5,25.16,7.47,2.99,941.949,31.71726,4.35,0.633,0.116,2.3671,,,2026-09-28 10:25:57
天津市,海河流域,曹庄子泵站,2026-09-28 09:00,2,25.14,7.72,6.92,272.77,1.67,1.28,0.03,0.002,0.912,,,2026-09-28 10:25:57
天津市,海河流域,生产圈闸,2026-09-28 09:00,6,23.69597,7.28,0.47,977.8748,7.823492,5.28,0.55,0.124,2.211177,,,2026-09-28 10:25:57
天津市,海河流域,土门楼,2026-09-28 03:00,6,,5,,,,4.33,0.175,0.096,5.828,,,2026-09-28 10:25:57
天津市,海河流域,尔王庄泵站,2026-09-28 09:00,4,25.66,7.38,4.94,296.607,13.35144,2.05,,0.012,0.6141,,,2026-09-28 10:25:57
天津市,海河流域,塘汉公路桥,2026-09-28 09:00,6,22.68,7.51,1.48,1225.049,38.44638,5.2,0.121,0.129,3.7521,,,2026-09-28 10:25:57
天津市,海河流域,海河大闸,2026-09-28 09:00,3,25.65,7.89,5.27,4243.315,33.0702,3.82,0.219,0.149,1.9798,,,2026-09-28 10:25:57
天津市,海河流域,北排水河防潮闸,2026-09-28 09:00,5,20.18,7.89,2.75,1667.9,34.6648,3.98,0.009,0.071,0.7369,,,2026-09-28 10:25:57
天津市,海河流域,沧浪渠出境,2026-09-28 09:00,4,24.34,7.92,3.35,6649.6,1372.116,9.47,,,,,,2026-09-28 10:25:57
天津市,海河流域,万家码头,2026-09-28 09:00,4,24.68,8.21,6.71,1944.72,46.45,6.39,0.024,0.113,0.981,,,2026-09-28 10:25:57
天津市,海河流域,蓟运河防潮闸,2026-09-28 09:00,4,21.67392,7.74,5.27,1161.733,24.93514,6.1,0.331,0.197,2.359988,,,2026-09-28 10:25:57
天津市,海河流域,青静黄防潮闸,2026-09-28 09:00,4,26.02032,8.44,7.55,5423.604,39.09817,8.64,0.086,0.181,0.863237,,,2026-09-28 10:25:57
天津市,海河流域,马棚口防潮闸,2026-09-28 09:00,4,24.66,8.14,6.33,2800.2,146.906,7.89,0.417,0.13,2.652,,,2026-09-28 10:25:57
天津市,海河流域,阎辛庄,2026-09-28 09:00,6,19.43877,7.37,1.83,2781.692,26.00155,4.54,0.587,,,,,2026-09-28 10:25:57
天津市,海河流域,于桥水库库中心,2026-09-28 10:00,4,24,8.52,7.89,418.84,9.45,6.12,0.269,0.044,1.846,0.02543,2.238467,2026-09-28 10:25:57
天津市,海河流域,于桥水库出口,2026-09-28 09:00,3,23.81,8.21,5.59,386.804,14.74305,4.75,0.139,0.053,2.0651,,,2026-09-28 10:25:57
天津市,海河流域,黎河桥,2026-09-28 09:00,3,21.427,7.25,6.29,724.7,25.54,,0.094,0.153,11.191,,,2026-09-28 10:25:57
天津市,海河流域,沙河桥,2026-09-28 09:00,2,22.5,7.54,6.89,627.59,12.523,1.19,,0.044,10.14,,,2026-09-28 10:25:57
天津市,海河流域,果河桥,2026-09-28 09:00,2,23.62,8.27,9.79,666.3748,6.2239,1.63,0.03,0.064,10.7329,,,2026-09-28 10:25:57
天津市,海河流域,西屯桥,2026-09-28 09:00,6,23.35,7.59,1.27,535.49,10.175,3.71,0.981,0.057,3.792,,,2026-09-28 10:25:57
河北省,海河流域,下槐镇,2026-09-28 09:00,2,21.53,8.44,8.17,628.497,55.7503,1.22,,0.034,2.9606,,,2026-09-28 10:25:57
河北省,海河流域,地都,2026-09-28 09:00,2,20.08,8.13,6.82,1168.104,58.541,1.78,0.238,0.097,6.577,,,2026-09-28 10:25:57
河北省,海河流域,平山桥,2026-09-28 09:00,1,21.8,8.05,7.51,1025.05,30.226,1.23,,0.011,5.618,,,2026-09-28 10:25:57
河北省,海河流域,兆通,2026-09-28 09:00,1,24.83,8.6,9.56,277.93,2.67,1.89,0.007,0.007,0.6058,,,2026-09-28 10:25:57
河北省,海河流域,大石桥,2026-09-28 09:00,3,25.19365,7.55,5.88,1343.423,16.55917,5.36,0.442,0.161,12.76961,,,2026-09-28 10:25:57
河北省,海河流域,涧河口,2026-09-28 09:00,4,23.93312,7.44,4.26,1138.015,5.825209,6.66,0.069,0.131,1.44153,,,2026-09-28 10:25:57
河北省,海河流域,丰北闸,2026-09-28 09:00,4,26.38248,7.74,6.94,1286.862,16.84104,6.21,0.029,0.174,0.776601,,,2026-09-28 10:25:57
河北省,海河流域,滦县大桥,2026-09-28 09:00,3,22.51,7.69,5.86,654.642,13.75089,2.64,0.031,0.037,4.6031,,,2026-09-28 10:25:57
河北省,海河流域,刘家庄,2026-09-28 09:00,1,18.75,8.1,7.7,588.7858,17.62,0.9,0.032,0.016,4.38,,,2026-09-28 10:25:57
河北省,海河流域,岳城水库出口,2026-09-28 09:00,1,24.24,8.6,11.08,551.048,11.99014,1.88,0.001,0.001,2.3941,,,2026-09-28 10:25:57
河北省,海河流域,曲周,2026-09-28 09:00,4,24.06,7.89,4.79,1031.559,16.272,2.41,0.149,0.1,3.514,,,2026-09-28 10:25:57
河北省,海河流域,沙阳,2026-09-28 09:00,3,23.4,7.82,5.2,1664.81,94.96,2.74,0.056,0.065,3.3207,,,2026-09-28 10:25:57
河北省,海河流域,艾辛庄,2026-09-28 09:00,4,22.46508,7.63,6.14,1369.208,11.20387,6.09,0.279,0.183,13.78049,,,2026-09-28 10:25:57
河北省,海河流域,后西吴桥,2026-09-28 09:00,3,24.2,8.4,6.36,992.11,61.15,3.42,0.105,0.172,11.859,,,2026-09-28 10:25:57
河北省,海河流域,北河店,2026-09-28 09:00,2,23.49,7.81,6.45,552.0657,4.1877,1.78,0.041,0.022,5.108,,,2026-09-28 10:25:57
河北省,海河流域,白合,2026-09-28 09:00,4,19.65,7.86,8.18,397.46,778.52,9.01,,,,,,2026-09-28 10:25:57
河北省,海河流域,杜里村,2026-09-28 09:00,2,15.2,8.48,10.15,431.44,53.62,2.14,,0.062,3.201,,,2026-09-28 10:25:57
河北省,海河流域,温泉屯,2026-09-28 09:00,3,17.77,8.4,8.53,1093.366,73.95602,4.64,,0.109,6.2901,,,2026-09-28 10:25:57
河北省,海河流域,八号桥,2026-09-28 09:00,3,16.8,8.49,8.73,1078.996,93.4875,3.74,0.185,0.129,4.412692,,,2026-09-28 10:25:57
河北省,海河流域,左卫桥,2026-09-28 09:00,6,12.71,8.39,9.83,870.309,2130.764,7.31,0.011,0.414,16.7001,,,2026-09-28 10:25:57
河北省,海河流域,四道甸,2026-09-28 09:00,1,14.33,8.4,10.24,459.767,23.3018,1.85,0.015,0.017,6.1281,,,2026-09-28 10:25:57
河北省,海河流域,上二道河子,2026-09-28 09:00,2,18.29,7.9,7.57,507.843,6.099023,2.72,0.004,,7.2171,,,2026-09-28 10:25:57
河北省,辽河流域,甸子,2026-09-28 09:00,2,13.63,8.06,10.27,437.88,15.28,2.04,0.032,0.032,6.869,,,2026-09-28 10:25:57
河北省,海河流域,何老营,2026-09-28 09:00,4,22.99387,8.47,6.82,3516.404,8.856129,6.7,0.042,0.095,0.877896,,,2026-09-28 10:25:57
河北省,海河流域,大口河口,2026-09-28 09:00,3,23.4,7.79,5.09,15255.03,311.47,3.89,,0.168,,,,2026-09-28 10:25:57
河北省,海河流域,四埝村桥,2026-09-28 09:00,4,24.41,8.36,5.4,4810.05,17.459,6.54,0.044,0.136,0.93,,,2026-09-28 10:25:57
河北省,海河流域,大王务,2026-09-28 09:00,4,23.5,7.73,3.83,856.568,20.88191,4.76,,0.066,0.7561,,,2026-09-28 10:25:57
河北省,海河流域,杨洼闸,2026-09-28 09:00,3,24.15,7.23,,902.11,19.72,3.94,0.959,0.112,4.746,,,2026-09-28 10:25:57
河北省,海河流域,吴村,2026-09-28 09:00,4,24.57,7.54,3.93,783.77,23.55,3.46,0.544,0.142,4.903,,,2026-09-28 10:25:57
河北省,海河流域,台头,2026-09-28 09:00,5,24.82759,7.47,2.05,1720.611,18.82775,4.92,0.578,0.103,1.6631,,,2026-09-28 10:25:57
河北省,海河流域,桑梓红旗闸,2026-09-28 09:00,3,23.15779,7.93,6.11,676.924,54.54659,4.45,0.356,0.161,9.6561,,,2026-09-28 10:25:57
河北省,海河流域,三小营,2026-09-28 09:00,3,22.07737,7.48,7.49,1033.948,14.07602,4.04,0.215,0.087,1.97503,,,2026-09-28 10:25:57
河北省,海河流域,小范桥,2026-09-28 09:00,4,24.68,7.67,4.02,954.546,1.916,4.89,0.016,0.053,0.6984,,,2026-09-28 10:25:57
河北省,海河流域,衡水湖大湖心,2026-09-28 09:00,3,24.51,8.52,6.78,1313.203,21.915,5.88,0.03,0.03,0.788,0.03698,1.40119,2026-09-28 10:25:57
河北省,海河流域,南张村,2026-09-28 09:00,1,26.08,8.42,7.95,259.08,3.337,1.64,0.012,0.009,0.7464,,,2026-09-28 10:25:57
河北省,海河流域,安州,2026-09-28 09:00,4,25.4,7.63,4.71,1225.816,34.1936,3.92,0.172,0.072,5.191,,,2026-09-28 10:25:57
河北省,海河流域,膳马庙村北,2026-09-28 09:00,3,24.75,7.73,6.6,1152.794,45.3791,4.01,0.108,0.078,7.1173,,,2026-09-28 10:25:57
河北省,海河流域,南刘庄,2026-09-28 10:00,4,24.61,7.61,4.81,689.05,6.2,5.33,0.034,0.047,0.728,0.0101,4562894,2026-09-28 10:25:57
河北省,海河流域,烧车淀,2026-09-28 10:00,2,23.81,7.65,6.81,579,0.38,2.96,,0.017,2.799,0.0041,2919414,2026-09-28 10:25:57
河北省,海河流域,圈头,2026-09-28 10:00,3,24.44,8.21,7.42,766.02,1.839,4.43,,0.018,0.552,0.0023,1197990,2026-09-28 10:25:57
河北省,海河流域,采蒲台,2026-09-28 09:00,3,24.96306,7.67,5.99,688.4691,0.21235,3.73,0.015,0.02,0.418301,0.002542,361675.7,2026-09-28 10:25:57
河北省,海河流域,光淀张庄,2026-09-28 10:00,5,24.39,7.43,2.66,747.41,5.79,2.14,0.02,0.02,1.424,0.00156,1947422,2026-09-28 10:25:57
山西省,黄河流域,韩武村,2026-09-28 09:00,6,22.21,7.73,5.12,1292.41,11.08,5.72,2.068,0.275,8.574,,,2026-09-28 10:25:57
山西省,黄河流域,上兰,2026-09-28 09:00,2,19.4,8.17,7.19,644.496,10.56608,1.78,0.001,,1.4031,,,2026-09-28 10:25:57
山西省,黄河流域,汾河水库出口,2026-09-28 09:00,1,21.18,8.5,9.12,580.062,2.994038,1.65,0.012,0.002,1.2481,0.0104731,288124,2026-09-28 10:25:57
山西省,海河流域,堡子湾,2026-09-28 09:00,3,12.07,8.18,8.93,797.681,123.0883,5.39,0.892,0.132,6.4311,,,2026-09-28 10:25:57
山西省,海河流域,册田水库出口,2026-09-28 09:00,3,20,8.69,8.84,1076.725,9.57618,4.42,0.006,0.08,0.9341,,,2026-09-28 10:25:57
山西省,海河流域,古家坡,2026-09-28 09:00,6,17.92,8.12,5.24,1196.16,28.31937,7.36,3.04,0.367,5.1261,,,2026-09-28 10:25:57
山西省,海河流域,利仁皂,2026-09-28 09:00,6,15.27,7.74,6.52,1104.604,43.39284,4.72,3.354,0.25,6.2591,,,2026-09-28 10:25:57
山西省,海河流域,王家庄,2026-09-28 09:00,1,20.46,8.19,8.83,633.95,20.89,1.8,0.007,0.019,4.145,,,2026-09-28 10:25:57
山西省,海河流域,司徒桥,2026-09-28 09:00,4,20.48,7.71,4.76,659.2401,23.6335,4.58,0.059,0.053,1.725,,,2026-09-28 10:25:57
山西省,海河流域,关河水库出口,2026-09-28 09:00,2,20.25,7.95,8.34,525.33,8.074,3.91,0.003,0.022,1.5933,,,2026-09-28 10:25:57
山西省,海河流域,北寨,2026-09-28 09:00,4,19.59,7.66,4.09,939.28,43.47,4.2,0.668,0.111,6.3053,,,2026-09-28 10:25:57
山西省,海河流域,后湾水库出口,2026-09-28 09:00,2,21,8.3,7.26,477.6,4.106,2.92,,0.017,0.563,,,2026-09-28 10:25:57
山西省,黄河流域,龙头,2026-09-28 09:00,2,18.08,8.16,7.19,628.74,52.86,2.07,,0.023,3.4227,,,2026-09-28 10:25:57
山西省,黄河流域,拴驴泉,2026-09-28 09:00,1,21.17,8.1,8.29,810.0175,13.2349,1.26,0.055,0.013,4.2998,,,2026-09-28 10:25:57
山西省,黄河流域,张峰水库出口,2026-09-28 09:00,2,23.3722,7.76,6.35,532.8089,10.1808,0.85,0.009,0.004,2.916633,,,2026-09-28 10:25:57
山西省,海河流域,东榆林水库出口,2026-09-28 09:00,4,19.77,7.69,4.75,714.817,28.82566,,0.293,0.063,2.6471,,,2026-09-28 10:25:57
山西省,黄河流域,杀虎口,2026-09-28 09:00,2,15.41,8.19,8.46,610.97,33.03661,2.99,0.003,0.046,2.4981,,,2026-09-28 10:25:57
山西省,海河流域,王寨村,2026-09-28 09:00,2,20.75,8.25,8.01,622.937,67.549,0.93,,0.031,3.669,,,2026-09-28 10:25:57
山西省,黄河流域,安固桥,2026-09-28 09:00,5,19.652,7.6,2.7,2527.826,39.0186,5.06,0.248,0.152,17.0612,,,2026-09-28 10:25:57
山西省,黄河流域,王庄桥南,2026-09-28 09:00,4,21.61,8.3,7.68,1575.784,40.65,8.18,0.023,0.094,6.304,,,2026-09-28 10:25:57
山西省,黄河流域,郝村,2026-09-28 09:00,4,21.68,7.96,4.64,1034.436,63.8942,4.98,,0.092,3.0062,,,2026-09-28 10:25:57
山西省,黄河流域,龙门,2026-09-28 09:00,2,21.31,7.93,8.96,969.9489,1370.974,,0.025,0.055,3.407,,,2026-09-28 10:25:57
山西省,黄河流域,张留庄,2026-09-28 09:00,4,22.76,8.46,7.74,7847.425,80.324,8.53,0.144,0.151,7.033,,,2026-09-28 10:25:57
山西省,黄河流域,上亳城,2026-09-28 09:00,2,21.1,8.15,7.76,925.688,29.065,1.7,0.226,0.038,7.4624,,,2026-09-28 10:25:57
山西省,黄河流域,小韩村,2026-09-28 09:00,3,22.44,7.66,5.95,1756.44,31.664,3.61,0.202,0.14,8.371,,,2026-09-28 10:25:57
山西省,海河流域,梵王寺,2026-09-28 09:00,3,12.84,8.2,7.68,1147.687,9.419324,2.19,0.809,0.075,5.7331,,,2026-09-28 10:25:57
山西省,海河流域,代县桥,2026-09-28 09:00,4,17.18,8.58,8.58,690.47,493.1184,4.27,0.013,0.243,5.2661,,,2026-09-28 10:25:57
山西省,海河流域,定襄桥,2026-09-28 09:00,4,19.31,7.68,3.94,694.156,670.8003,6.82,0.016,0.252,4.5061,,,2026-09-28 10:25:57
山西省,海河流域,南庄,2026-09-28 09:00,2,19.26,8.34,8.3,563.211,117.5928,3.39,,0.08,5.4511,,,2026-09-28 10:25:57
山西省,海河流域,坪上桥,2026-09-28 09:00,3,15.95,8.55,8.98,434.862,104.7308,5.58,0.002,0.094,6.8431,,,2026-09-28 10:25:57
山西省,黄河流域,河西村,2026-09-28 09:00,1,15.28,8.21,8.88,558.3,25.43,1.12,0.01,0.019,3.072,,,2026-09-28 10:25:57
山西省,黄河流域,上平望,2026-09-28 09:00,3,22.13,7.7,5.43,1290.11,160.99,5.27,0.302,0.117,7.297,,,2026-09-28 10:25:57
山西省,黄河流域,黑城村,2026-09-28 09:00,3,19.61,8.06,7.76,685.6159,,4.27,0.07,0.129,,,,2026-09-28 10:25:57
山西省,黄河流域,曲立,2026-09-28 09:00,2,14.92,7.97,7.6,617.022,57.9516,1.85,0.11,0.088,5.6381,,,2026-09-28 10:25:57
山西省,黄河流域,裴家川口,2026-09-28 09:00,2,15.87,8.52,10.4,474.897,49.66061,1.51,0.016,0.041,4.2471,,,2026-09-28 10:25:57
山西省,黄河流域,碛口,2026-09-28 09:00,2,20.32,8.43,9.11,950.03,6.090996,3.75,0.063,0.011,6.0601,,,2026-09-28 10:25:57
山西省,黄河流域,裴沟,2026-09-28 09:00,1,19.31,8.56,7.56,874.374,34.27788,1.99,0.02,0.019,4.9821,,,2026-09-28 10:25:57
山西省,黄河流域,三川河两河口桥,2026-09-28 09:00,3,21.61,8.06,6.69,904.638,18.44875,3.64,0.874,0.163,7.1411,,,2026-09-28 10:25:57
山西省,黄河流域,碧村,2026-09-28 09:00,3,17.79,8.41,9.25,715.913,24.0822,4.07,,0.062,6.0511,,,2026-09-28 10:25:57
山西省,黄河流域,北峪口,2026-09-28 09:00,2,18.65901,8.08,7.32,556.613,57.58514,2.06,0.014,0.034,2.8931,,,2026-09-28 10:25:57
山西省,黄河流域,南姚,2026-09-28 09:00,4,21.18,7.77,3.26,1203.11,31.81,4.51,0.312,0.134,5.133,,,2026-09-28 10:25:57
内蒙古自治区,黄河流域,大黑河入黄口,2026-09-28 09:00,4,16.38,7.91,5.8,931.2447,765.5029,8.66,,0.17,7.5401,,,2026-09-28 10:25:57
内蒙古自治区,黄河流域,磴口,2026-09-28 09:00,2,17.81,8.46,8.31,758.6786,550.6883,2.52,0.217,0.061,4.8,,,2026-09-28 10:25:57
内蒙古自治区,松花江流域,根河口内,2026-09-28 09:00,2,14.72,6.1,9.47,85.41,5.03,3.51,,0.015,0.144,,,2026-09-28 10:25:57
内蒙古自治区,松花江流域,李屯,2026-09-28 09:00,2,12.49,7.73,12.52,99.595,17.9017,3.99,,0.028,0.518,,,2026-09-28 10:25:57
内蒙古自治区,松花江流域,陶海,2026-09-28 09:00,3,10.9,7.64,10.66,180.7,14.7,4.28,,0.051,0.35,,,2026-09-28 10:25:57
内蒙古自治区,松花江流域,嵯岗,2026-09-28 10:00,4,14.11,8.03,8.81,226.507,55.985,7.02,0.014,0.08,0.535,,,2026-09-28 10:25:57
内蒙古自治区,松花江流域,成吉思汗,2026-09-28 09:00,1,13.16,7.23,10.36,148.48,9.39,1.74,,0.018,1.124,,,2026-09-28 10:25:57
内蒙古自治区,松花江流域,讷尔克气,2026-09-28 09:00,2,9.6,7.25,10.55,75.695,6.322,3.77,,0.018,0.332,,,2026-09-28 10:25:57
内蒙古自治区,黄河流域,总排干入黄口,2026-09-28 09:00,4,17.341,8.78,7.95,3915.437,273.251,7.61,0.433,0.178,2.2692,,,2026-09-28 10:25:57
内蒙古自治区,黄河流域,三盛公,2026-09-28 09:00,1,20.05647,8.37,8.66,826.037,493.5439,1.87,0.097,,2.27015,,,2026-09-28 10:25:57
内蒙古自治区,松花江流域,大山矿,2026-09-28 09:00,2,8.13,7.8,11.05,166.89,3.43,2.36,,0.024,0.262,,,2026-09-28 10:25:57
内蒙古自治区,松花江流域,斯力很,2026-09-28 08:00,2,13.8,8.02,9.63,253.1,27.8,2.32,,0.036,2.644,,,2026-09-28 10:25:57
内蒙古自治区,松花江流域,察尔森水库西入口,2026-09-28 09:00,3,16.71,8.13,9.49,167.78,52.14,3.41,,0.032,1.341,0.0094,1562420,2026-09-28 10:25:57
内蒙古自治区,西北诸河,哨马营,2026-09-28 09:00,1,15.55612,8.51,9.2,730.0264,35.01505,,0.041,0.009,1.81163,,,2026-09-28 10:25:57
辽宁省,辽河流域,蒲河沿,2026-09-28 09:00,6,19.97,7.49,1.18,905.9,30.4,7.07,0.052,0.117,3.858,,,2026-09-28 10:25:57
辽宁省,辽河流域,于台,2026-09-28 09:00,2,19.22,7.45,6.65,879.769,16.332,3.52,0.33,0.064,6.558,,,2026-09-28 10:25:57
辽宁省,辽河流域,砂山,2026-09-28 09:00,2,19.21,7.73,6.43,753.481,12.796,2.9,0.085,0.045,5.395,,,2026-09-28 10:25:57
辽宁省,辽河流域,巨流河大桥,2026-09-28 09:00,2,18.06,8.06,8.81,647.8,97.4,,0.013,0.098,2.758,,,2026-09-28 10:25:57
辽宁省,辽河流域,兴国桥,2026-09-28 09:00,2,14.12,7.57,10.41,651.225,4.92,2.04,0.035,0.013,1.225,,,2026-09-28 10:25:57
辽宁省,辽河流域,城子坦,2026-09-28 09:00,2,20.98206,8.34,8.62,252.5308,8.89546,1.29,0.034,0.039,1.51634,,,2026-09-28 10:25:57
辽宁省,辽河流域,麦家,2026-09-28 09:00,5,21.94,7.36,2.82,496.9,18.7,3.87,0.367,0.101,2.013,,,2026-09-28 10:25:57
辽宁省,辽河流域,复州湾大桥,2026-09-28 09:00,3,19.6431,7.78,6.88,693.652,15.6703,4.08,0.069,0.071,6.535,,,2026-09-28 10:25:57
辽宁省,辽河流域,三台子,2026-09-28 09:00,2,22.20001,8.05,8.13,836.1772,11.21013,3.44,0.086,0.044,2.88465,,,2026-09-28 10:25:57
辽宁省,辽河流域,万泰,2026-09-28 09:00,2,22.43,7.41,6.79,144.213,6.24524,2.14,0.02,0.016,2.46455,,,2026-09-28 10:25:57
辽宁省,辽河流域,登化,2026-09-28 09:00,3,20.089,8.74,10.73,697.689,18.899,5.74,0.035,0.138,4.009,,,2026-09-28 10:25:57
辽宁省,辽河流域,小姐庙,2026-09-28 09:00,4,19.8,7.58,3.69,772,3.59,2.74,0.262,0.085,5.611,,,2026-09-28 10:25:57
辽宁省,辽河流域,口子街,2026-09-28 09:00,1,18.52,7.94,8.05,325.8,3.18176,1.79,0.068,0.016,3.254,,,2026-09-28 10:25:57
辽宁省,辽河流域,牛庄,2026-09-28 09:00,4,19.3329,7.87,3.72,619.377,31.9305,4.5,0.41,0.077,3.388,,,2026-09-28 10:25:57
辽宁省,辽河流域,关门山大桥,2026-09-28 09:00,1,17.66,8.21,10.5,413.707,6.357,0.96,,0.008,4.737,,,2026-09-28 10:25:57
辽宁省,辽河流域,刘家台,2026-09-28 09:00,2,18.623,7.71,6.42,703.834,16.855,2.81,0.307,0.082,5.242,,,2026-09-28 10:25:57
辽宁省,辽河流域,大伙房水库,2026-09-28 09:00,2,20.27,6.81,8.33,219.23,11.37,,0.05,0.03,4.138,0.03666,,2026-09-28 10:25:57
辽宁省,辽河流域,戈布桥,2026-09-28 10:00,2,16.11,7.24,7.97,647.47,4.87,2.43,0.208,0.047,4.705,,,2026-09-28 10:25:57
辽宁省,辽河流域,台沟,2026-09-28 09:00,2,17.65,8.18,10.57,260.95,8.77,1,0.002,0.023,3.274,,,2026-09-28 10:25:57
辽宁省,辽河流域,古楼,2026-09-28 09:00,1,16.89,7.98,11.36,300.54,63.22,0.98,,0.014,5.3842,,,2026-09-28 10:25:57
辽宁省,辽河流域,北太子河入观音阁水库口,2026-09-28 09:00,1,17.65,8.03,9.74,247.8,26.57,1.42,0.012,0.011,4.081531,,,2026-09-28 10:25:57
辽宁省,辽河流域,老官砬子,2026-09-28 09:00,1,17.47,8,9.98,315.4,5.6,1.52,0.022,0.01,2.7816,,,2026-09-28 10:25:57
辽宁省,辽河流域,兴安,2026-09-28 09:00,3,19.55,7.54,5.22,531.9,4.3,2.35,0.722,0.035,4.8078,,,2026-09-28 10:25:57
辽宁省,辽河流域,凤鸣电站,2026-09-28 09:00,2,19.66,7.57,6.76,192.23,1.85,2.65,0.007,0.033,3.228,,,2026-09-28 10:25:57
辽宁省,辽河流域,南太子河入库口,2026-09-28 09:00,2,17.12,7.26,7.41,189.4,2.03,0.52,0.01,0.006,4.638,,,2026-09-28 10:25:57
辽宁省,辽河流域,江桥,2026-09-28 09:00,4,21.64,7.16,4.69,155.4,1.55,1.45,,0.013,2.499,,,2026-09-28 10:25:57
辽宁省,辽河流域,爱河大桥,2026-09-28 09:00,2,21.0785,7.17,7.19,223.675,4.83898,1.46,0.049,0.019,3.67,,,2026-09-28 10:25:57
辽宁省,辽河流域,蒲石河大桥,2026-09-28 09:00,1,20.99,7.97,9.07,227.95,3.335,1.5,0.006,0.017,2.669,,,2026-09-28 10:25:57
辽宁省,辽河流域,王家沟,2026-09-28 09:00,1,18.11,8.13,8.01,660.03,5.86,1.82,,0.018,5.053,,,2026-09-28 10:25:57
辽宁省,辽河流域,西八千,2026-09-28 09:00,2,17.55,8.39,9.28,771.48,13.79,2.1,0.023,0.04,4.741,,,2026-09-28 10:25:57
辽宁省,辽河流域,张家堡,2026-09-28 09:00,2,18.48,8.13,8.29,736.45,7.235,1.96,,0.033,5.149,,,2026-09-28 10:25:57
辽宁省,辽河流域,女儿河入河口,2026-09-28 09:00,2,20.47,7.76,7.81,879.88,14.37,1.23,0.145,0.036,18.166,,,2026-09-28 10:25:57
辽宁省,辽河流域,何家信子,2026-09-28 09:00,2,17.9,7.97,7.08,481.6,5.88,2.61,0.03,0.018,1.342,,,2026-09-28 10:25:57
辽宁省,辽河流域,西树林,2026-09-28 09:00,3,20.3,7.99,6.82,927.41,23.05,4.37,0.306,0.102,5.54,,,2026-09-28 10:25:57
辽宁省,辽河流域,高台子,2026-09-28 09:00,6,19.14,7.42,0.58,1242.85,14.661,4.22,0.399,0.119,8.025,,,2026-09-28 10:25:57
辽宁省,辽河流域,茧场,2026-09-28 09:00,1,19.14,8.08,9.41,335.2832,12.10637,1.88,0.006,0.011,6.55747,,,2026-09-28 10:25:57
辽宁省,辽河流域,大清河口,2026-09-28 09:00,4,21.54,7.78,4.17,504.34,21.117,4.97,0.322,0.067,4.587,,,2026-09-28 10:25:57
辽宁省,辽河流域,东羊角,2026-09-28 09:00,3,17.57,7.59,7.08,717.4,20.1,2.93,0.173,0.145,6.26,,,2026-09-28 10:25:57
辽宁省,辽河流域,下口子,2026-09-28 09:00,3,20.13,7.58,5.55,638.6,7.85,2.11,0.015,0.04,4.423,,,2026-09-28 10:25:57
辽宁省,辽河流域,河洪桥,2026-09-28 08:00,4,17.8114,7.72,7.08,758.753,13.2104,3.99,1.031,0.15,7.112,,,2026-09-28 10:25:57
辽宁省,辽河流域,二道河水库口,2026-09-28 09:00,1,15.8746,7.99,9.02,439.587,2.06684,0.96,0.004,0.007,3.328,,,2026-09-28 10:25:57
辽宁省,辽河流域,下王家,2026-09-28 09:00,2,19.1342,7.48,8.2,607.513,3.86349,1.54,,0.021,4.697,,,2026-09-28 10:25:57
辽宁省,辽河流域,汤河桥,2026-09-28 09:00,2,18.81,7.46,6.34,560.5,10.1699,1.85,0.094,0.033,4.876,,,2026-09-28 10:25:57
辽宁省,辽河流域,下达河入汤河水库口,2026-09-28 09:00,2,16.3958,8.28,11.06,431.809,3.357,2.05,0.02,0.017,3.982,,,2026-09-28 10:25:57
辽宁省,辽河流域,丁家柳河桥,2026-09-28 09:00,4,18.06,7.51,4.47,1096.8,89.771,9.61,0.496,0.214,2.156,,,2026-09-28 10:25:57
辽宁省,辽河流域,盘锦兴安,2026-09-28 10:00,5,19.59,7.49,2.28,604.01,118.55,6.99,0.033,0.102,1.365,,,2026-09-28 10:25:57
辽宁省,辽河流域,曙光大桥,2026-09-28 09:00,4,20.8,7.5,4.75,907.93,49.67,,0.421,0.133,1.91,,,2026-09-28 10:25:57
辽宁省,辽河流域,胜利塘,2026-09-28 09:00,6,20.05,7.62,1.86,1127.33,41.05,4.98,0.143,0.088,1.125,,,2026-09-28 10:25:57
辽宁省,辽河流域,鲜峰桥,2026-09-28 09:00,3,18.53,7.6,6.34,1130.18,29.473,4.98,0.178,0.112,6.465,,,2026-09-28 10:25:57
辽宁省,辽河流域,通江口,2026-09-28 09:00,4,17.05,8.69,14.75,670.21,38.56,7.7,,0.102,3.878,,,2026-09-28 10:25:57
辽宁省,辽河流域,珠尔山,2026-09-28 10:00,3,16.82,7.18,5.88,533.13,73.66,5.73,0.266,0.131,3.019,,,2026-09-28 10:25:57
辽宁省,辽河流域,凡河一号桥,2026-09-28 10:00,2,19.53,8.54,7.44,336.6,39.3,2.75,,0.045,3.591,,,2026-09-28 10:25:57
辽宁省,辽河流域,松树水文站,2026-09-28 09:00,4,15.03,7.65,7.95,376.5,242.73,8.82,0.215,0.274,6.806,,,2026-09-28 10:25:57
辽宁省,辽河流域,亮子河入河口,2026-09-28 09:00,4,14.65,7.44,5.8,631.34,26.18,5.52,1.302,0.236,5.075,,,2026-09-28 10:25:57
辽宁省,辽河流域,凌鸿大桥,2026-09-28 09:00,2,18.75,8.16,8.37,762.2,15.9,1.73,0.021,0.035,10.76,,,2026-09-28 10:25:57
辽宁省,辽河流域,大凌河西支入河口,2026-09-28 09:00,2,15.36,8.26,10.56,879.18,8.25,1.91,0.003,0.069,22.364,,,2026-09-28 10:25:57
辽宁省,辽河流域,李家湾大桥,2026-09-28 09:00,2,12.8,8.04,9.98,528.4,42.5,1.1,,0.038,5.38,,,2026-09-28 10:25:57
辽宁省,辽河流域,王家窝棚,2026-09-28 09:00,2,16.29,7.43,7.75,589.5,1.6,1.8,0.118,0.072,5.521,,,2026-09-28 10:25:57
辽宁省,辽河流域,红石碑入海前,2026-09-28 09:00,3,21.08,8.25,10.06,1043.339,28.314,4.19,0.114,0.083,3.558,,,2026-09-28 10:25:57
辽宁省,辽河流域,小渔场,2026-09-28 09:00,4,21.81,7.46,3.86,23990.44,1.422,1.63,0.211,0.049,4.58,,,2026-09-28 10:25:57
吉林省,松花江流域,新立城大坝,2026-09-28 09:00,3,18.51,8.86,5.69,293.6375,17.7038,4.76,0.069,0.043,0.669,,,2026-09-28 10:25:57
吉林省,松花江流域,松花江村,2026-09-28 09:00,2,17.89,6.89,8.85,230.01,26.37,3.24,0.038,0.096,3.684,,,2026-09-28 10:25:57
吉林省,松花江流域,靠山南楼,2026-09-28 09:00,3,16.27,8.06,9.25,598.15,33.81,5.31,0.119,0.137,4.589,,,2026-09-28 10:25:57
吉林省,松花江流域,砖瓦窑桥,2026-09-28 09:00,3,13.98,7.68,6.98,703.32,28.23,,,0.11,5.656,,,2026-09-28 10:25:57
吉林省,松花江流域,镇江口,2026-09-28 09:00,3,17,7.84,9.32,244.4,38.14,4.26,0.083,0.091,3.844,,,2026-09-28 10:25:57
吉林省,松花江流域,靠山大桥,2026-09-28 09:00,4,16.44,8.1,9.81,726.24,67.2,5.58,0.031,0.213,5.179,,,2026-09-28 10:25:57
吉林省,松花江流域,饮马河大桥,2026-09-28 09:00,2,17.42,7.67,8.52,242.18,33.89,3.18,,0.062,2.873,,,2026-09-28 10:25:57
吉林省,松花江流域,刘珍屯,2026-09-28 09:00,3,16.62,7.33,7.95,532.08,39.37,3.82,0.256,0.114,4.199,,,2026-09-28 10:25:57
吉林省,松花江流域,周家河口,2026-09-28 10:00,2,14.93,7.48,9.41,513.85,40.28,3.25,0.111,0.051,2.462,,,2026-09-28 10:25:57
吉林省,松花江流域,白旗,2026-09-28 09:00,2,17.681,7.29,8.79,253.396,33.4785,,0.041,0.056,3.9807,,,2026-09-28 10:25:57
吉林省,松花江流域,白山大桥,2026-09-28 09:00,4,16.43,6.71,5.32,113.481,32.593,6.05,0.013,0.045,2.038,,,2026-09-28 10:25:57
吉林省,松花江流域,福兴,2026-09-28 09:00,3,15.99,7.78,7.49,391.853,70.404,3.96,0.086,0.102,1.937,,,2026-09-28 10:25:57
吉林省,松花江流域,桦树林,2026-09-28 09:00,3,17.04,7.45,7.21,179.575,36.918,5.77,0.035,0.05,2.235,0.00214,659456,2026-09-28 10:25:57
吉林省,松花江流域,官厅桥,2026-09-28 09:00,5,16.12,7.19,2.86,398.5,4.934,2.17,0.246,0.06,1.289,,,2026-09-28 10:25:57
吉林省,松花江流域,蛟河口,2026-09-28 09:00,2,13.265,7.35,9.68,307.127,36.974,3.23,0.242,0.08,4.838,,,2026-09-28 10:25:57
吉林省,松花江流域,哨口,2026-09-28 09:00,2,19.0061,7.22,8.32,243.486,10.7329,3.44,0.059,0.047,3.6233,,,2026-09-28 10:25:57
吉林省,松花江流域,肖家船口,2026-09-28 09:00,2,14.3036,7.24,10.07,206.214,21.2721,2.04,0.052,0.052,3.285,,,2026-09-28 10:25:57
吉林省,松花江流域,烟筒山,2026-09-28 09:00,2,13.77,7.6,7.35,354.787,67.931,3.19,0.109,0.097,3.78,,,2026-09-28 10:25:57
吉林省,辽河流域,四双大桥,2026-09-28 09:00,2,15.8,8.12,10.24,642.3,17.43,3.19,,0.047,1.856,,,2026-09-28 10:25:57
吉林省,辽河流域,城子上,2026-09-28 09:00,2,15.18,7.95,10.55,528.96,9.11,3.72,0.078,0.061,,,,2026-09-28 10:25:57
吉林省,辽河流域,六家子,2026-09-28 09:00,2,14.3,7.97,12.02,733.2,6.3,2.46,0.009,0.078,7.9403,,,2026-09-28 10:25:57
吉林省,辽河流域,林家,2026-09-28 09:00,3,15.4,8,9.93,777.3,16,5.2,0.03,0.132,,,,2026-09-28 10:25:57
吉林省,辽河流域,河清,2026-09-28 09:00,2,16.22,7.61,6.08,642.2,41.39,3.96,0.045,0.069,3.763,,,2026-09-28 10:25:57
吉林省,辽河流域,民主,2026-09-28 09:00,2,17.394,8.1,9.17,399,11.796,3.17,0.061,0.037,3.206,,,2026-09-28 10:25:57
吉林省,松花江流域,高集岗桥,2026-09-28 09:00,4,14.4,7.7,9.59,262.7,159.184,7.68,0.292,0.237,4.498,,,2026-09-28 10:25:57
吉林省,辽河流域,云峰,2026-09-28 09:00,2,20.667,7.35,6.93,139.356,1.763,2.05,0.023,0.019,1.58,,,2026-09-28 10:25:57
吉林省,辽河流域,老虎哨,2026-09-28 06:00,2,20.718,7.39,7.49,117.412,5.7,1.95,0.024,0.014,1.971,,,2026-09-28 10:25:57
吉林省,辽河流域,鸠谷,2026-09-28 09:00,2,12,7.55,10.72,131.1,22.4,2.52,0.105,0.067,1.332,,,2026-09-28 10:25:57
吉林省,辽河流域,葫芦套,2026-09-28 09:00,2,16.64,7.79,9.26,140.268,15.803,2.13,0.019,0.029,1.058,,,2026-09-28 10:25:57
吉林省,辽河流域,大阳岔,2026-09-28 09:00,1,11.24,8.11,7.78,275.332,4.035,0.59,,0.015,1.394,,,2026-09-28 10:25:57
吉林省,松花江流域,松林,2026-09-28 10:00,3,17.62,7.49,9.07,309.27,22.33,4.88,0.082,0.079,3.62,,,2026-09-28 10:25:57
吉林省,松花江流域,白沙滩,2026-09-28 10:00,3,16.4,7.71,9.13,153.39,55.64,5.39,0.085,0.09,1.358,,,2026-09-28 10:25:57
吉林省,松花江流域,月亮湖下,2026-09-28 09:00,3,16.46,8.49,7.65,452.52,88.02,5.8,,0.065,1.429,,,2026-09-28 10:25:57
吉林省,松花江流域,圈河,2026-09-28 09:00,2,16.426,8.03,9.59,192.141,38.084,3.13,0.08,0.051,1.714,,,2026-09-28 10:25:57
吉林省,松花江流域,大山,2026-09-28 09:00,3,16,7.8,9.63,169.368,14.168,4.97,0.3,0.147,2.579,,,2026-09-28 10:25:57
吉林省,松花江流域,崇善,2026-09-28 09:00,5,10.17,7.63,9.72,114.824,81.16,9.32,0.379,0.304,3.111,,,2026-09-28 10:25:57
吉林省,松花江流域,榆树川,2026-09-28 09:00,2,15.84,8.14,11.09,220.241,18.11,2.15,0.013,0.033,2.239,,,2026-09-28 10:25:57
吉林省,松花江流域,磨盘大桥,2026-09-28 09:00,3,18.05,7.73,7.72,287.507,8.272,4.05,0.384,0.126,2.968,,,2026-09-28 10:25:57
吉林省,松花江流域,西崴子,2026-09-28 09:00,3,15.33,8.18,10.75,202.575,27.3378,4.17,0.017,0.013,1.432,,,2026-09-28 10:25:57
吉林省,松花江流域,三家子,2026-09-28 09:00,2,17.27,7.49,9.28,131.41,9.921,3.62,0.331,0.076,1.799,,,2026-09-28 10:25:57
吉林省,松花江流域,建封路大桥,2026-09-28 09:00,2,9.93,7.61,10.74,197.345,22.263,2.2,0.02,0.067,0.694,,,2026-09-28 10:25:57
黑龙江省,松花江流域,摆渡镇,2026-09-28 09:00,3,16.323,7.91,8.51,233.201,42.298,5.2,0.05,0.126,1.876,,,2026-09-28 10:25:57
黑龙江省,松花江流域,苗家,2026-09-28 09:00,3,16.5,8.62,11.05,263.7,19.6,4.42,0.024,0.122,1.187,,,2026-09-28 10:25:57
黑龙江省,松花江流域,磨盘山水库出口,2026-09-28 09:00,3,19.389,6.58,6.18,71.25,5.44,5.59,0.014,0.022,1.933,0.0299,20224,2026-09-28 10:25:57
黑龙江省,松花江流域,朱顺屯,2026-09-28 09:00,4,18.0809,7.77,7.04,216.061,71.1775,6.78,0.058,0.116,1.487,,,2026-09-28 10:25:57
黑龙江省,松花江流域,阿什河口内,2026-09-28 09:00,6,17.747,7.01,4.46,687.69,16.63,4.2,2.679,0.217,15.256,,,2026-09-28 10:25:57
黑龙江省,松花江流域,呼兰河口内,2026-09-28 09:00,4,14.99,7.41,9.29,287.21,70.04,6.13,0.125,0.145,2.084,,,2026-09-28 10:25:57
黑龙江省,松花江流域,大顶子山,2026-09-28 09:00,3,17.7957,7.62,7.34,229.461,38.0475,5.33,0.057,0.096,2.671,,,2026-09-28 10:25:57
黑龙江省,松花江流域,牡丹江口内,2026-09-28 09:00,3,19.93,7.7,9.07,,1.34,,0.088,0.113,2.322,,,2026-09-28 10:25:57
黑龙江省,松花江流域,拉哈,2026-09-28 09:00,4,13.85,7.56,9.03,128.645,40.43,6.2,,0.071,1.246,,,2026-09-28 10:25:57
黑龙江省,松花江流域,查哈阳乡,2026-09-28 09:00,2,12.8,7.68,10.24,99.7,17.9,3.21,0.015,0.028,0.552,,,2026-09-28 10:25:57
黑龙江省,松花江流域,音河水库,2026-09-28 09:00,2,16.12,7.82,8.56,232.94,74.35,3.44,,0.065,3.835,,,2026-09-28 10:25:57
黑龙江省,松花江流域,浏园,2026-09-28 09:00,3,14.89,7.45,8.69,156.2,41.5,5.09,,0.064,1.869,,,2026-09-28 10:25:57
黑龙江省,松花江流域,富源村,2026-09-28 09:00,4,16.55,7.69,8.93,104.49,16.06,8.25,0.022,0.054,0.76,,,2026-09-28 10:25:57
黑龙江省,松花江流域,858九队,2026-09-28 09:00,3,20.56,7.04,8.88,145.6,66.1535,5.07,0.39,0.146,1.8262,,,2026-09-28 10:25:57
黑龙江省,松花江流域,名山,2026-09-28 09:00,4,13.131,7.68,10.73,132.747,17.621,7.5,0.019,0.02,0.421,,,2026-09-28 10:25:57
黑龙江省,松花江流域,饶河上,2026-09-28 09:00,3,15.56,7.19,7.98,97.1,16.426,5.42,0.01,0.054,0.676,,,2026-09-28 10:25:57
黑龙江省,松花江流域,挠力河口内,2026-09-28 09:00,3,14.467,7.2,7.02,170.188,39.397,5.45,0.016,0.068,0.611,,,2026-09-28 10:25:57
黑龙江省,松花江流域,肇源,2026-09-28 10:00,4,17.36,8.21,10.77,259.1,41.25,6.92,0.116,0.105,1.321,,,2026-09-28 10:25:57
黑龙江省,松花江流域,嫩江口内,2026-09-28 09:00,4,16.75,7.77,9.11,171.599,71.148,6.51,0.02,0.097,1.433,,,2026-09-28 10:25:57
黑龙江省,松花江流域,友好,2026-09-28 09:00,5,10.71,7.29,10.33,105.803,10.398,11.41,0.019,0.052,1.491,,,2026-09-28 10:25:57
黑龙江省,松花江流域,嘉荫,2026-09-28 09:00,4,13.39,7.81,10.96,128.076,5.533,8.36,0.03,0.03,0.265,,,2026-09-28 10:25:57
黑龙江省,松花江流域,双河渠首,2026-09-28 09:00,2,13.83,7.28,9.72,145.2,12.2,3.53,,0.033,3.107,,,2026-09-28 10:25:57
黑龙江省,松花江流域,宏克利,2026-09-28 09:00,3,17.28,7.44,8.95,220.9,42.08,5.54,,0.111,2.015,,,2026-09-28 10:25:57
黑龙江省,松花江流域,海浪,2026-09-28 09:00,3,15.33,7.27,10.01,158.2,44.83,4.34,0.12,0.085,3.223,,,2026-09-28 10:25:57
黑龙江省,松花江流域,三道,2026-09-28 09:00,5,20.18,7.11,7,118.91,82.9,4.91,0.048,0.117,3.152,0.052246,28416,2026-09-28 10:25:57
黑龙江省,松花江流域,电视塔,2026-09-28 09:00,5,19.94,6.83,5.33,97.1,84.795,7.52,0.065,0.131,2.907,0.00259,16000,2026-09-28 10:25:57
黑龙江省,松花江流域,海浪河口内,2026-09-28 09:00,2,13.89,6.93,10.02,122.9,34.46,3.7,0.06,0.012,2.318,,,2026-09-28 10:25:57
黑龙江省,松花江流域,黑河下,2026-09-28 05:00,4,10.76,7.72,9.96,154.7504,12.5388,6.9,0.025,0.038,0.4425,,,2026-09-28 10:25:57
黑龙江省,松花江流域,呼玛上,2026-09-28 09:00,4,11.041,7.54,11.47,162.463,7.761,6.8,0.036,0.033,0.667,,,2026-09-28 10:25:57
黑龙江省,松花江流域,呼玛河口内,2026-09-28 09:00,3,10.9,7.4,10.31,70.896,1.13,5.71,0.033,0.026,0.23,,,2026-09-28 10:25:57
黑龙江省,松花江流域,加格达奇上,2026-09-28 09:00,2,9.53,7.03,10.18,65.851,3.5572,3.38,,0.008,0.194,,,2026-09-28 10:25:57
上海市,长江流域,富锦路桥,2026-09-28 10:00,6,28,7.44,1.87,522.7,128.1,3.72,0.055,0.153,2.868,,,2026-09-28 10:25:57
上海市,太湖流域,明星路桥,2026-09-28 09:00,4,27.72,7.3,4.12,427.145,32.32416,4.14,0.091,0.114,1.1964,,,2026-09-28 10:25:57
上海市,太湖流域,临江,2026-09-28 09:00,4,,,,,,5.96,0.033,0.286,2.226,,,2026-09-28 10:25:57
上海市,太湖流域,浙江路桥,2026-09-28 09:00,5,27.149,7.34,2.75,664.461,58.5,3.01,,0.119,2.725,,,2026-09-28 10:25:57
上海市,太湖流域,闵行西界,2026-09-28 10:00,4,27.95,7.21,3.38,518.35,55.44,3.44,0.079,,1.727,,,2026-09-28 10:25:57
上海市,太湖流域,吴淞口,2026-09-28 09:00,4,27.694,7.47,3.93,471.16,104.872,2.65,,0.11,2.059,,,2026-09-28 10:25:57
上海市,太湖流域,蕴川路桥,2026-09-28 10:00,4,26.37,7.48,4.32,490.28,87.85,2.9,,0.12,2.546,,,2026-09-28 10:25:57
上海市,太湖流域,黄渡,2026-09-28 09:00,4,27.35,7.49,4.11,654.8,51.55,3.19,0.124,0.115,2.177,,,2026-09-28 10:25:57
上海市,太湖流域,三甲港,2026-09-28 09:00,2,27.5,7.77,6.6,480.5,62,1.72,0.122,0.082,1.84,,,2026-09-28 10:25:57
上海市,太湖流域,二团,2026-09-28 09:00,4,27.9,7.55,4.92,444.67,31.92,3.37,0.009,0.115,1.646,,,2026-09-28 10:25:57
上海市,太湖流域,横潦泾,2026-09-28 09:00,4,27.33,7.33,4.29,429.85,57.83,3.58,,0.118,1.866,,,2026-09-28 10:25:57
上海市,太湖流域,斜塘口,2026-09-28 09:00,4,27.92,7.22,3.32,423.34,48.19,2.8,,0.054,1.54,,,2026-09-28 10:25:57
上海市,太湖流域,急水港桥,2026-09-28 09:00,4,27.14,7.34,3.17,506.8,43.4,2.93,0.058,0.079,1.494,0.0128,3277740,2026-09-28 10:25:57
上海市,太湖流域,淀峰,2026-09-28 09:00,3,27.46,8.12,6.6,447.95,48.79,3.9,0.0004,0.102,1.199,,,2026-09-28 10:25:57
上海市,太湖流域,太浦河桥,2026-09-28 10:00,4,27.44,7.25,3.18,377.6,30.81,3.38,,0.071,1.402,,,2026-09-28 10:25:57
上海市,太湖流域,钱桥,2026-09-28 09:00,4,27.2,7.52,3.78,492.9,32.8,2.47,0.069,0.11,1.602,,,2026-09-28 10:25:57
上海市,长江流域,七效港西桥,2026-09-28 09:00,3,27.21,7.65,5.2,514.01,44.54,3.17,0.093,0.103,1.845,,,2026-09-28 10:25:57
上海市,长江流域,五效,2026-09-28 09:00,3,26.87,7.61,6.6,338.68,35.95,2.52,0.063,0.104,1.754,,,2026-09-28 10:25:57
江苏省,长江流域,陈浅,2026-09-28 09:00,6,24.44,7.18,1.31,362.2,56.34,5.26,0.391,0.207,1.795,,,2026-09-28 10:25:57
江苏省,长江流域,七桥瓮,2026-09-28 09:00,6,25.26,7.3,1.16,410.99,31.66,4.57,0.623,0.127,2.671,,,2026-09-28 10:25:57
江苏省,长江流域,节制闸,2026-09-28 09:00,5,24.43,7.19,2.95,352,19.49,4.98,0.755,0.159,2.405,,,2026-09-28 10:25:57
江苏省,长江流域,钱家渡,2026-09-28 09:00,4,26.8,7.58,4.62,277.79,30.24,3.26,0.024,0.064,0.78,,,2026-09-28 10:25:57
江苏省,太湖流域,锡东水厂,2026-09-28 10:00,3,26.55,8.73,7.25,369.89,15.31,2.91,0.05,0.041,0.26,0.00803,4424060,2026-09-28 10:25:57
江苏省,太湖流域,蠡桥,2026-09-28 09:00,4,26.34,7.36,3.37,442.53,11.24,2.1,0.309,0.048,0.898,,,2026-09-28 10:25:57
江苏省,太湖流域,百渎港桥,2026-09-28 09:00,4,27.03,7.36,3.88,497.6,43.75,2.64,0.011,0.115,2.467,,,2026-09-28 10:25:57
江苏省,太湖流域,殷村港桥,2026-09-28 10:00,5,26.34,7.27,2.63,424.86,46.58,3.17,0.09,0.099,2.106,,,2026-09-28 10:25:57
江苏省,太湖流域,大浦港桥,2026-09-28 09:00,4,26.83,7.41,3.12,406.5,47,3.72,0.12,0.088,1.484,,,2026-09-28 10:25:57
江苏省,太湖流域,五牧,2026-09-28 09:00,3,25.85,7.03,5.06,314.99,23.41,2.06,0.212,0.107,2.464,,,2026-09-28 10:25:57
江苏省,太湖流域,拖山,2026-09-28 10:00,4,26.47,8.94,7.79,325.16,47.9,3.7,0.018,0.071,1.085,0.00592,1.169924,2026-09-28 10:25:57
江苏省,太湖流域,五里湖心,2026-09-28 10:00,4,26.64,7.73,6.37,408.39,23.12365,2.69,,0.064,0.397,0.00539,5703122,2026-09-28 10:25:57
江苏省,太湖流域,金潼桥,2026-09-28 09:00,5,26.21,7.31,2.35,427.3,27.64,3.64,0.73,0.142,2.711,,,2026-09-28 10:25:57
江苏省,太湖流域,大港桥,2026-09-28 09:00,4,25.1,6.76,4.72,158.43,1.56,2.68,0.065,0.03,1.187,,,2026-09-28 10:25:57
江苏省,太湖流域,潘家坝,2026-09-28 10:00,4,26.53,7.47,4.26,394.09,36.55,2.74,0.049,0.09,1.858,,,2026-09-28 10:25:57
江苏省,太湖流域,长济桥,2026-09-28 09:00,2,26.24,7.73,6.2,297.7,24.44,1.93,0.09,0.077,1.786,,,2026-09-28 10:25:57
江苏省,太湖流域,钓邾大桥,2026-09-28 09:00,3,27.14,7.55,5.05,500.55,37.19,2.23,0.194,0.101,1.624,,,2026-09-28 10:25:57
江苏省,长江流域,小湾,2026-09-28 09:00,2,26.09,7.78,6.26,292.51,17.91,1.67,,0.056,1.458,,,2026-09-28 10:25:57
江苏省,淮河流域,李庄,2026-09-28 09:00,3,25.31,8.35,6.28,619.6,8.6,4.39,0.129,0.094,3.761,,,2026-09-28 10:25:57
江苏省,淮河流域,李集桥,2026-09-28 09:00,4,24.62,7.79,3.65,1335.5,5.4,4.11,0.078,0.061,0.976,,,2026-09-28 10:25:57
江苏省,淮河流域,华山闸,2026-09-28 09:00,4,24.53,8.31,4.56,1213.2,5.88,4.95,0.015,0.064,0.77,,,2026-09-28 10:25:57
江苏省,淮河流域,沙庄桥,2026-09-28 09:00,4,24.93,7.7,3.86,1268.7,15.6,6.34,0.177,0.146,1.24,,,2026-09-28 10:25:57
江苏省,淮河流域,张楼,2026-09-28 09:00,4,25.557,7.74,4.96,1231.986,15.996,3.68,0.114,0.092,0.923,,,2026-09-28 10:25:57
江苏省,淮河流域,沙集西闸,2026-09-28 09:00,4,24.38,7.43,3.04,784.1,38.71,3.9,0.121,0.1,0.892,,,2026-09-28 10:25:57
江苏省,淮河流域,艾山西大桥,2026-09-28 09:00,4,23.667,7.87,4.76,1096.56,19.324,7.27,0.092,0.181,4.599,,,2026-09-28 10:25:57
江苏省,淮河流域,下楼公路桥,2026-09-28 09:00,3,23.06,7.23,5.06,1091.37,7.14,4.59,0.13,0.087,0.9625,,,2026-09-28 10:25:57
江苏省,长江流域,魏村,2026-09-28 09:00,2,25.87,7.66,6.2,296.13,28.83,1.76,0.005,0.072,1.597,,,2026-09-28 10:25:57
江苏省,太湖流域,姚巷桥,2026-09-28 10:00,3,27.15,7.96,5.56,394.48,8.15,2.69,0.063,0.069,1.747,,,2026-09-28 10:25:57
江苏省,太湖流域,黄埝桥,2026-09-28 09:00,5,24.49,6.97,2.4,327.3,40.57,,0.5,0.247,2.415,,,2026-09-28 10:25:57
江苏省,太湖流域,落蓬湾,2026-09-28 09:00,4,27.45,7.22,4.2,281.3,97.3,3.62,0.152,0.078,1.157,,,2026-09-28 10:25:57
江苏省,太湖流域,九号桥,2026-09-28 09:00,4,24.89,7.26,3.05,378.3,40.1,3.06,0.498,0.149,3.235,,,2026-09-28 10:25:57
江苏省,太湖流域,胥湖心,2026-09-28 10:00,2,26.98,8.26,6.87,340.1,8.96,2.59,,0.005,0.156,0.0017,197431.8,2026-09-28 10:25:57
江苏省,太湖流域,乌龟山南,2026-09-28 10:00,3,26.29,8.67,7.54,357.441,30.008,3.24,0.008,0.03,0.43,0.00244,1.276693,2026-09-28 10:25:57
江苏省,太湖流域,望亭上游,2026-09-28 09:00,3,26.8,7.61,6.48,586.73,34.61,2.28,0.15,0.122,2.988,,,2026-09-28 10:25:57
江苏省,太湖流域,千灯浦口,2026-09-28 10:00,4,27.45,7.37,4.19,555.302,28.023,2.99,0.036,0.092,0.9165,,,2026-09-28 10:25:57
江苏省,太湖流域,朱厍港口,2026-09-28 09:00,4,26.7,7.31,3.99,522.2,21.6,3.16,0.003,0.079,1.063,,,2026-09-28 10:25:57
江苏省,太湖流域,浏河闸,2026-09-28 09:00,4,26.87,7.34,3.31,563.247,124.436,3.73,0.128,0.164,1.9959,,,2026-09-28 10:25:57
江苏省,太湖流域,江边闸,2026-09-28 09:00,3,26.13,7.66,5.39,586.6,29.17,2.46,0.027,0.082,1.401,,,2026-09-28 10:25:57
江苏省,太湖流域,瓜泾口西,2026-09-28 09:00,6,27.48,7.38,1.93,349.1,7.95,5.24,0.521,0.07,1.365,,,2026-09-28 10:25:57
江苏省,太湖流域,航管站,2026-09-28 09:00,2,27.69,8.65,7.22,371.76,10.65,2.43,0.023,0.015,0.221,,,2026-09-28 10:25:57
江苏省,太湖流域,越溪桥,2026-09-28 09:00,5,27.08,7.49,2.96,403.6,40.4,4.48,0.153,0.117,1.133,,,2026-09-28 10:25:57
江苏省,太湖流域,312国道桥,2026-09-28 09:00,3,26.91,8.69,5.66,363.18,12.95,3.21,0.016,0.034,0.319,,,2026-09-28 10:25:57
江苏省,太湖流域,赵屯,2026-09-28 09:00,3,27.37,7.48,5.23,742.77,46.065,2.97,,0.11,2.2562,,,2026-09-28 10:25:57
江苏省,淮河流域,东安闸桥西,2026-09-28 09:00,5,24.26,7.18,2.18,1005.6,51.76,6.66,0.461,0.288,3.1,,,2026-09-28 10:25:57
江苏省,长江流域,九圩港桥,2026-09-28 09:00,5,24.94,7.42,2.1,519.2,500.33,4.64,0.388,0.237,1.287,,,2026-09-28 10:25:57
江苏省,长江流域,碾砣港闸,2026-09-28 10:00,5,24.28,7.42,2.57,507.8,44,4.9,0.398,0.319,1.952,,,2026-09-28 10:25:57
江苏省,长江流域,聚南大桥,2026-09-28 09:00,6,26.25,7.34,1.12,792.2,13.1,4.05,0.18,0.101,1.196,,,2026-09-28 10:25:57
江苏省,长江流域,大洋港桥,2026-09-28 09:00,4,25.91,7.5,3.47,930.9,33.92,3.78,0.389,0.223,2.537,,,2026-09-28 10:25:57
江苏省,长江流域,塘芦港闸,2026-09-28 09:00,6,26.045,7.48,1.74,1263.9,46.451,4.7,0.294,0.166,1.574,,,2026-09-28 10:25:57
江苏省,淮河流域,小洋口,2026-09-28 09:00,5,23.96,7.4,2.04,1313.9,28.34,5.41,0.379,0.275,0.968,,,2026-09-28 10:25:57
江苏省,淮河流域,环东闸口,2026-09-28 09:00,1,25.99,7.26,8.44,,0.09,,,,1.67,,,2026-09-28 10:25:57
江苏省,淮河流域,北凌新闸,2026-09-28 09:00,6,24.18,7.74,1.62,1630,70.37,6.18,0.591,0.342,,,,2026-09-28 10:25:57
江苏省,淮河流域,新浦大桥,2026-09-28 09:00,4,24.759,6.69,4.88,675.423,13.515,3.6,0.007,0.085,1.049,,,2026-09-28 10:25:57
江苏省,淮河流域,柴米河桥,2026-09-28 09:00,6,23.24,7.38,1.85,733.07,16.08,4.58,0.278,0.13,1.342,,,2026-09-28 10:25:57
江苏省,淮河流域,善后河闸,2026-09-28 09:00,5,24.318,7.15,3.6,794.93,42.081,4.75,0.026,0.393,1.924,,,2026-09-28 10:25:57
江苏省,淮河流域,灌河大桥,2026-09-28 09:00,5,24.83,7.43,2.03,808.6,536,6.33,0.2,0.203,2.089,,,2026-09-28 10:25:57
江苏省,淮河流域,新村桥,2026-09-28 09:00,4,24.221,7.38,3.5,749.02,14.07,5.22,0.095,0.114,1.993,,,2026-09-28 10:25:57
江苏省,淮河流域,沭南闸,2026-09-28 09:00,3,24.435,7.79,6.43,762.7,15.9,5.61,0.015,0.077,1.06,,,2026-09-28 10:25:57
江苏省,淮河流域,袁闸,2026-09-28 09:00,4,23.75,7.34,3.94,723.4,63.99,3.9,0.07,0.09,1.601,,,2026-09-28 10:25:57
江苏省,淮河流域,墩尚水漫桥,2026-09-28 09:00,6,24.803,7.54,0.36,699.498,16.606,5.19,0.014,0.062,1.306,,,2026-09-28 10:25:57
江苏省,淮河流域,烧香北闸,2026-09-28 09:00,3,24.475,8.06,8.72,5042.57,24.3,5.57,0.033,0.114,1.771,,,2026-09-28 10:25:57
江苏省,淮河流域,大浦闸,2026-09-28 09:00,3,25.198,7.46,8.15,1257.92,53.77,3.9,,0.104,6.03,,,2026-09-28 10:25:57
江苏省,淮河流域,大板跳闸,2026-09-28 09:00,2,24.094,7.65,6.28,1364.96,40.42,3.81,0.1,0.06,1.783,,,2026-09-28 10:25:57
江苏省,淮河流域,海头大桥,2026-09-28 09:00,4,23.47,8.04,8.49,667.06,29.97,6.72,0.03,0.121,1.105,,,2026-09-28 10:25:57
江苏省,淮河流域,坝头桥,2026-09-28 09:00,3,24.141,8.55,9.1,481.7,13.54,5.39,0.013,0.069,1.192,,,2026-09-28 10:25:57
江苏省,淮河流域,郑园桥,2026-09-28 09:00,3,24.002,7.72,6.86,945.164,14.114,4.41,0.227,0.084,1.728,,,2026-09-28 10:25:57
江苏省,淮河流域,四队桥,2026-09-28 10:00,5,25.16,7.45,2.71,716.46,36.21,3.68,0.07,0.109,2.572,,,2026-09-28 10:25:57
江苏省,淮河流域,新浦二桥,2026-09-28 09:00,4,24.373,7.33,4.59,878.176,12.81,4.46,0.023,0.096,1.342,,,2026-09-28 10:25:57
江苏省,淮河流域,淮河大桥,2026-09-28 09:00,2,25.16,7.57,6.2,455.06,36.06,2.84,0.098,0.098,2.311,,,2026-09-28 10:25:57
江苏省,淮河流域,五叉河口,2026-09-28 09:00,4,24.18,7.79,4.7,482.87,41.756,3.27,0.116,0.074,1.577,,,2026-09-28 10:25:57
江苏省,淮河流域,戴楼衡阳,2026-09-28 09:00,3,25.21,7.74,5.09,421.48,25.71,3.6,0.108,0.062,1.291,0.02389,,2026-09-28 10:25:57
江苏省,淮河流域,总渠苏嘴,2026-09-28 10:00,2,23.438,7.81,6.04,362.71,31.56,2.52,0.024,0.066,2.502,,,2026-09-28 10:25:57
江苏省,淮河流域,唐曹,2026-09-28 09:00,4,23.06,7.62,3.8,465,70.36,4.04,0.329,0.16,0.995,,,2026-09-28 10:25:57
江苏省,淮河流域,新洋港闸,2026-09-28 10:00,6,25.3,7.45,1.02,950.67,18.94,4.95,0.174,0.13,1.636,,,2026-09-28 10:25:57
江苏省,淮河流域,富民桥,2026-09-28 10:00,4,24.57,7.51,4.08,1360.25,6.15,,0.012,0.093,1.082,,,2026-09-28 10:25:57
江苏省,淮河流域,龙冈凤凰桥,2026-09-28 09:00,5,25.31,7.32,2.19,601.5,22.14,4.17,0.232,0.111,1.464,,,2026-09-28 10:25:57
江苏省,淮河流域,六垛闸,2026-09-28 09:00,6,24.845,7.23,1.14,829.14,11.86,5.39,0.103,0.136,1.428,,,2026-09-28 10:25:57
江苏省,淮河流域,泰东大桥,2026-09-28 10:00,4,25.01,7.62,4.13,361.63,12.52,2.56,0.071,0.092,1.578,,,2026-09-28 10:25:57
江苏省,淮河流域,城北大桥,2026-09-28 09:00,6,24.982,7.29,1.55,767.9,14.37,5.98,0.285,0.166,1.394,,,2026-09-28 10:25:57
江苏省,淮河流域,草堰大桥,2026-09-28 10:00,4,25.566,7.45,3.32,532.701,42.737,3.57,0.232,0.131,2.088,,,2026-09-28 10:25:57
江苏省,淮河流域,射阳河闸,2026-09-28 10:00,4,25.02,7.35,3.87,810.6,27.45,5.43,0.036,0.111,1.334,,,2026-09-28 10:25:57
江苏省,淮河流域,黄沙港闸,2026-09-28 10:00,5,25.13,7.4,2.47,829.28,24.41,6.04,0.313,,1.485,,,2026-09-28 10:25:57
江苏省,淮河流域,斗龙港闸,2026-09-28 09:00,6,23.929,7.24,0.85,846.859,25.054,4.26,0.084,0.124,1.756,,,2026-09-28 10:25:57
江苏省,淮河流域,川东闸,2026-09-28 10:00,4,25.1,7.21,3.57,878.06,26.49,3.44,0.097,0.2,1.987,,,2026-09-28 10:25:57
江苏省,淮河流域,头罾闸,2026-09-28 10:00,5,25.02,7.86,2.49,737.33,21.38,3.77,0.043,0.098,1.38,,,2026-09-28 10:25:57
江苏省,淮河流域,王港闸,2026-09-28 09:00,6,24.75,7.39,1.95,1721.15,22.96,3.97,0.33,0.206,1.701,,,2026-09-28 10:25:57
江苏省,长江流域,三江营,2026-09-28 09:00,2,25.95,7.74,6.2,290.1,54.8,2.01,,0.071,1.392,,,2026-09-28 10:25:57
江苏省,淮河流域,槐泗河口,2026-09-28 09:00,3,25.56,7.67,5.55,448.3,45.13,3.16,0.134,0.096,2.067,,,2026-09-28 10:25:57
江苏省,淮河流域,大运河船闸,2026-09-28 09:00,2,25.44,7.68,6.18,281.6,83.8,1.87,0.018,0.084,2.029,,,2026-09-28 10:25:57
江苏省,淮河流域,三垛西大桥,2026-09-28 10:00,-1,,,,,,,,,,,,2026-09-28 10:25:57
江苏省,淮河流域,江都西闸,2026-09-28 09:00,2,25.35,7.49,6.07,307.2,61.92,2.47,,0.088,1.512,,,2026-09-28 10:25:57
江苏省,长江流域,冻青桥,2026-09-28 09:00,6,24.48,7.26,1.9,342.2,21.05,4.67,2.373,0.319,3.791,,,2026-09-28 10:25:57
江苏省,长江流域,小河口上游,2026-09-28 09:00,3,26.16,7.62,5.81,318.7,22.46,3.18,0.113,0.128,1.876,,,2026-09-28 10:25:57
江苏省,淮河流域,曹庄桥,2026-09-28 09:00,5,24.3,7.11,2.52,358.9,19.94,4.05,0.21,0.181,1.43,,,2026-09-28 10:25:57
江苏省,太湖流域,辛丰镇,2026-09-28 09:00,4,24.57,7.1,4.27,323.4,63.65,6.38,0.498,0.248,2.788,,,2026-09-28 10:25:57
江苏省,太湖流域,林家闸,2026-09-28 09:00,3,25.89,7.72,6.33,293,19.42,2.53,,0.105,1.8512,,,2026-09-28 10:25:57
江苏省,长江流域,新河桥,2026-09-28 09:00,6,25.06,7.21,1.92,316.8,7.17,3.25,1.288,0.176,4.236,,,2026-09-28 10:25:57
江苏省,太湖流域,新港桥,2026-09-28 09:00,4,24.1,7.05,3.43,295.7,25.8,4.91,0.321,0.185,2.58,,,2026-09-28 10:25:57
江苏省,太湖流域,吕城,2026-09-28 09:00,4,24.61,7.15,3.18,305.73,30.8,5.98,0.244,0.277,2.467,,,2026-09-28 10:25:57
江苏省,淮河流域,海陵大桥,2026-09-28 09:00,2,25.92,7.8,6.38,288.4,17.24,1.44,0.007,0.057,1.438,,,2026-09-28 10:25:57
江苏省,长江流域,马甸闸西,2026-09-28 10:00,5,24.05,7.38,3.71,416.4,31.77,4.44,0.884,0.31,2.439,,,2026-09-28 10:25:57
江苏省,长江流域,祥和大桥,2026-09-28 09:00,5,25.05,7.32,2.25,478.5,12.07,3.25,1.346,0.177,2.371,,,2026-09-28 10:25:57
江苏省,长江流域,新十圩港大桥,2026-09-28 09:00,4,25.69,7.5,3,328.1,37.32,2.53,0.195,0.103,1.939,,,2026-09-28 10:25:57
江苏省,淮河流域,马陵翻水站,2026-09-28 09:00,2,24.54,7.97,6.14,548.6,45.55,3.64,0.059,0.06,0.889,,,2026-09-28 10:25:57
江苏省,淮河流域,临淮乡入湖口,2026-09-28 09:00,4,25.32,7.6,5.24,750.9,13.41,6.29,0.072,0.062,1.027,,,2026-09-28 10:25:57
江苏省,淮河流域,砖瓦厂,2026-09-28 09:00,5,24.64,8.1,2.86,804.8,20.63,4.22,0.144,0.156,0.778,,,2026-09-28 10:25:57
江苏省,淮河流域,顾勒大桥,2026-09-28 09:00,4,25.1,7.71,4.17,703.57,25.87,4.18,0.134,0.103,0.756,,,2026-09-28 10:25:57
江苏省,淮河流域,团结闸,2026-09-28 09:00,4,24.13,8.56,5.98,1372.8,9.33,6.76,0.145,,1.147,,,2026-09-28 10:25:57
江苏省,淮河流域,大屈,2026-09-28 09:00,4,23.6,7.62,4.28,872.2,14.7,5.83,0.193,0.106,1.265,,,2026-09-28 10:25:57
浙江省,浙闽片河流,小金山,2026-09-28 09:00,2,28.97,,10.7,143.178,3.42,1.97,0.004,0.013,0.6094,,,2026-09-28 10:25:57
浙江省,浙闽片河流,三潭岛,2026-09-28 09:00,1,28.87,,8.97,123.682,2.191,1.31,,0.007,0.4707,,,2026-09-28 10:25:57
浙江省,浙闽片河流,千岛湖大坝前,2026-09-28 09:00,1,29.86,,8.93,130.357,1.932,1.52,0.023,0.008,0.6358,,,2026-09-28 10:25:57
浙江省,太湖流域,汪家埠,2026-09-28 09:00,2,27.34,7.49,6.02,292.6,9.02,2.99,0.149,0.051,2.161,,,2026-09-28 10:25:57
浙江省,太湖流域,奉口,2026-09-28 09:00,4,27.82,7.05,4.23,212.5,22.67,3.47,0.248,0.082,2.017,,,2026-09-28 10:25:57
浙江省,浙闽片河流,桐君山,2026-09-28 09:00,2,27.41,7.46,7.32,192.15,5.65,2.01,0.018,0.054,1.38,,,2026-09-28 10:25:57
浙江省,浙闽片河流,洋溪渡,2026-09-28 09:00,2,19.67,7.04,6.68,156.887,4.398,0.97,0.004,0.008,0.8345,,,2026-09-28 10:25:57
浙江省,浙闽片河流,浦阳江出口,2026-09-28 09:00,2,28.18,7.71,6.44,202.3,18.78,1.89,0.058,0.064,1.708,,,2026-09-28 10:25:57
浙江省,太湖流域,五杭运河大桥,2026-09-28 09:00,4,28.54,7.2,4.07,336.7,24.41,2.88,0.37,0.083,2.428,,,2026-09-28 10:25:57
浙江省,浙闽片河流,桐庐,2026-09-28 09:00,2,26.43,7.45,7.18,195.5,13.8,1.64,0.01,0.043,1.354,,,2026-09-28 10:25:57
浙江省,浙闽片河流,街口,2026-09-28 07:00,6,29.5,9.08,10.6,150.77,0.73,2.38,0.014,0.032,0.773,,,2026-09-28 10:25:57
浙江省,浙闽片河流,溪口,2026-09-28 10:00,2,26.21,6.49,6.78,107.91,7.57,1.53,0.014,0.036,2.176,,,2026-09-28 10:25:57
浙江省,浙闽片河流,清林渡,2026-09-28 10:00,3,28.958,7.3,5.83,321.23,28.94,3.59,0.029,0.101,1.784,,,2026-09-28 10:25:57
浙江省,浙闽片河流,水车,2026-09-28 09:00,2,28.979,7.71,8.87,1067.08,5.202,3.43,0.468,0.076,1.715,,,2026-09-28 10:25:57
浙江省,浙闽片河流,大嵩,2026-09-28 09:00,3,29.43,7.19,5.78,498.83,7.93,2.12,0.038,0.08,1.257,,,2026-09-28 10:25:57
浙江省,浙闽片河流,北湖中心,2026-09-28 09:00,4,28.26,6.41,4.17,96.21,19.93,2.51,0.026,0.036,0.73,0.01881,293355.5,2026-09-28 10:25:57
浙江省,浙闽片河流,长汀,2026-09-28 10:00,4,35.98,7.32,4.71,132.95,5.79,1.83,0.027,0.033,1.207,,,2026-09-28 10:25:57
浙江省,浙闽片河流,菁江渡,2026-09-28 09:00,3,29.29,7.1,5.34,155.66,24.37,2.12,0.093,0.069,1.693,,,2026-09-28 10:25:57
浙江省,浙闽片河流,梁桥,2026-09-28 10:00,3,26.75,6.65,5.86,97.4,3.33,1.1,0.054,0.057,1.837,,,2026-09-28 10:25:57
浙江省,浙闽片河流,四灶浦闸,2026-09-28 09:00,2,27.75,8.48,6.66,4129.54,7.64,3.36,0.011,0.044,0.862,,,2026-09-28 10:25:57
浙江省,浙闽片河流,赵山渡,2026-09-28 09:00,1,26.78,7.21,8.25,41.11,4.55,1.08,0.003,0.007,0.449,,,2026-09-28 10:25:57
浙江省,浙闽片河流,小旦,2026-09-28 09:00,2,27.36,7.17,6.61,76.26,32.14,1.5,0.029,0.074,0.88,,,2026-09-28 10:25:57
浙江省,浙闽片河流,龙湾,2026-09-28 09:00,2,28.34,7.91,6.46,35980,1914,1.35,0.099,0.062,1.361,,,2026-09-28 10:25:57
浙江省,浙闽片河流,大荆,2026-09-28 09:00,2,29.31,7.05,7.46,259.5,4.15,0.87,0.011,0.013,0.64,,,2026-09-28 10:25:57
浙江省,浙闽片河流,蒲岐,2026-09-28 09:00,2,29.63,7.27,6.83,236,15.78,2.46,0.039,0.055,1.146,,,2026-09-28 10:25:57
浙江省,浙闽片河流,沙头,2026-09-28 09:00,1,29.06,7.1,7.75,51.11,0.56,0.56,0.001,0.008,0.586,,,2026-09-28 10:25:57
浙江省,浙闽片河流,清水埠,2026-09-28 09:00,3,27.72,8.25,5.24,2492.18,,1.31,0.006,0.05,1.31,,,2026-09-28 10:25:57
浙江省,浙闽片河流,江口渡,2026-09-28 09:00,2,28.86,7.95,7.39,37540,1221,1.32,0.13,0.083,2.153,,,2026-09-28 10:25:57
浙江省,浙闽片河流,第三农业站,2026-09-28 09:00,2,27.44,7.99,6.44,35138.7,1465.49,1.17,0.014,0.055,,,,2026-09-28 10:25:57
浙江省,太湖流域,王江泾,2026-09-28 09:00,5,28.09,7.01,2.22,429.56,35.9,3.18,0.073,0.068,2.226,,,2026-09-28 10:25:57
浙江省,太湖流域,湘家荡,2026-09-28 09:00,3,27.76,8.15,5.9,467.72,24.88,2.82,0.024,0.099,0.373,,,2026-09-28 10:25:57
浙江省,太湖流域,池家浜水文站,2026-09-28 09:00,4,28.4117,7.08,3.7,405.26,27.2274,2.41,0.086,0.08,1.366,,,2026-09-28 10:25:57
浙江省,太湖流域,长山闸一号桥,2026-09-28 09:00,3,28.4001,7.47,5.53,407.32,29.4809,3.36,0.018,0.08,2.183,,,2026-09-28 10:25:57
浙江省,太湖流域,南台头闸一号桥,2026-09-28 09:00,3,28.5,7.61,5.4,458.2,27.82,3.22,0.023,0.103,2.328,,,2026-09-28 10:25:57
浙江省,太湖流域,上塘河排涝闸,2026-09-28 09:00,4,27.57,7.64,4.22,432.88,11.16,3.19,0.024,0.05,1.638,,,2026-09-28 10:25:57
浙江省,太湖流域,盐官排涝枢纽,2026-09-28 09:00,2,28.44,8.58,8.94,421.6,,3.22,0.013,0.085,2.3,,,2026-09-28 10:25:57
浙江省,太湖流域,卫八路桥,2026-09-28 09:00,4,28.11,7.44,3.97,468.23,74.451,3.22,0.091,0.112,1.712,,,2026-09-28 10:25:57
浙江省,太湖流域,漕廊公路桥,2026-09-28 09:00,5,27.83681,7.27,2.67,459.7227,32.09383,3.71,0.117,0.121,1.63943,,,2026-09-28 10:25:57
浙江省,太湖流域,朱枫公路桥,2026-09-28 09:00,4,27.62,7.12,3.91,482.58,66.58,3.42,0.07,0.069,1.684,,,2026-09-28 10:25:57
浙江省,太湖流域,红旗塘大坝,2026-09-28 09:00,4,27.87,7.33,4.69,417.8,92.48,3.45,0.013,0.078,1.896,,,2026-09-28 10:25:57
浙江省,太湖流域,枫南大桥,2026-09-28 10:00,4,28.0242,7.37,3.29,429.68,39.6349,3.58,0.072,0.122,1.691,,,2026-09-28 10:25:57
浙江省,太湖流域,青阳汇,2026-09-28 09:00,4,27.6,7.32,3.66,408.8,88.06,4.11,0.012,0.163,2.092,,,2026-09-28 10:25:57
浙江省,太湖流域,小新村,2026-09-28 09:00,4,27.13,7.3,3.38,434.4,56.32,4.22,0.035,0.129,2.126,,,2026-09-28 10:25:57
浙江省,太湖流域,乌镇北,2026-09-28 09:00,5,27.2,7.03,2.61,330.6,51.03,3.53,0.028,0.084,2.217,,,2026-09-28 10:25:57
浙江省,太湖流域,新港口,2026-09-28 09:00,2,27.57,8.38,7.18,284.67,76.77,2.82,0.096,0.054,1.669,0.06635,,2026-09-28 10:25:57
浙江省,太湖流域,大钱,2026-09-28 09:00,3,27.37,8.63,6.65,286.0624,80.50725,4.32,0.108,0.073,1.26872,,,2026-09-28 10:25:57
浙江省,太湖流域,南浔,2026-09-28 09:00,4,27.82,7.4,4.64,337.6,36.3,3.47,0.162,0.083,2.057,,,2026-09-28 10:25:57
浙江省,太湖流域,城西大桥,2026-09-28 10:00,4,27.53,7.17,3.06,247.71,28.45,,0.028,0.064,2.092,,,2026-09-28 10:25:57
浙江省,太湖流域,汤溇,2026-09-28 09:00,2,27.54,8.62,6.45,307.107,35.3393,3.38,0.054,0.048,0.8519,,,2026-09-28 10:25:57
浙江省,太湖流域,塘浦,2026-09-28 10:00,3,26.53,6.54,5.84,123.62,28.95,2.86,0.168,,1.673,,,2026-09-28 10:25:57
浙江省,太湖流域,荆湾,2026-09-28 10:00,3,27.7,6.45,5.45,182.08,9.45,1.98,0.057,0.03,1.446,,,2026-09-28 10:25:57
浙江省,太湖流域,铁路桥,2026-09-28 10:00,4,27.67,6.52,3.78,211.97,8.24,2.49,0.049,0.044,1.885,,,2026-09-28 10:25:57
浙江省,太湖流域,小梅口,2026-09-28 09:00,3,27.42,7.38,5.11,287.6,43.41,3.08,0.052,0.05,1.577,,,2026-09-28 10:25:57
浙江省,太湖流域,杨家浦,2026-09-28 10:00,4,26.85452,7.65,4.57,332.1995,38.29671,3.39,0.074,0.09,1.712401,,,2026-09-28 10:25:57
浙江省,太湖流域,新塘,2026-09-28 09:00,4,27.01,7.19,3.22,325.7,82.5,3.24,0.393,0.087,1.816,,,2026-09-28 10:25:57
浙江省,太湖流域,合溪,2026-09-28 10:00,4,27.27,7.17,3.55,320,32.8,3.01,0.302,0.033,1.661,,,2026-09-28 10:25:57
浙江省,浙闽片河流,曹娥江大闸闸前,2026-09-28 09:00,2,28.013,7.9,8.91,229.191,10.27,3.13,0.061,0.056,1.85,,,2026-09-28 10:25:57
浙江省,浙闽片河流,屠家埠,2026-09-28 09:00,3,29.093,7.07,5.55,157.333,14.232,1.78,0.142,0.059,1.641,,,2026-09-28 10:25:57
浙江省,浙闽片河流,葛山头,2026-09-28 10:00,4,28.7,7.01,3.91,187.86,16.27,3.29,0.141,0.069,1.932,,,2026-09-28 10:25:57
浙江省,浙闽片河流,湄池,2026-09-28 09:00,4,29.84,7.24,4.86,527.45,30.64,2.97,0.04,0.104,2.281,,,2026-09-28 10:25:57
浙江省,浙闽片河流,王家泾,2026-09-28 09:00,6,29.49,6.63,1.33,212.66,8.87,5.59,0.048,0.094,,,,2026-09-28 10:25:57
浙江省,浙闽片河流,汤曹汇合口,2026-09-28 09:00,2,29.2,7.52,7.32,241.3,19.11,2.5,0.032,0.03,,,,2026-09-28 10:25:57
浙江省,浙闽片河流,义东桥,2026-09-28 09:00,3,29.055,7.32,5.65,569.372,12.143,3.89,0.128,0.137,3.268,,,2026-09-28 10:25:57
浙江省,浙闽片河流,塔下洲,2026-09-28 09:00,3,29.95,8.66,10.18,511.648,10.442,5.28,0.072,0.072,2.6369,,,2026-09-28 10:25:57
浙江省,浙闽片河流,东关桥,2026-09-28 09:00,3,31.635,7.87,6.87,731.312,8.083,4.11,0.039,0.142,2.839,,,2026-09-28 10:25:57
浙江省,浙闽片河流,费垅,2026-09-28 09:00,3,29.42,7.79,7.89,552.635,9.329,3.44,0.288,0.119,2.7736,,,2026-09-28 10:25:57
浙江省,浙闽片河流,台口,2026-09-28 09:00,2,28.38,8.4,6.79,246.638,17.579,2.24,0.057,0.066,1.5499,,,2026-09-28 10:25:57
浙江省,浙闽片河流,南江桥,2026-09-28 10:00,3,30.86,8.13,7.61,463.696,2.487,3.85,0.073,0.103,1.8573,,,2026-09-28 10:25:57
浙江省,浙闽片河流,横山,2026-09-28 10:00,2,29.7,7.74,7.6,294.009,2.167,1.98,0.027,0.031,1.1583,,,2026-09-28 10:25:57
浙江省,浙闽片河流,洪坞桥,2026-09-28 09:00,2,29.12,7.75,7.87,517.6,3.39,3.03,0.066,0.099,2.619,,,2026-09-28 10:25:57
浙江省,浙闽片河流,章店,2026-09-28 10:00,4,29.78,7.81,6.53,324.915,10.64,5.64,0.924,0.218,3.2194,,,2026-09-28 10:25:57
浙江省,浙闽片河流,将军岩,2026-09-28 09:00,2,29.746,7.25,8.87,346.84,3.18,2.5,0.009,0.081,1.53,,,2026-09-28 10:25:57
浙江省,浙闽片河流,浮石渡,2026-09-28 09:00,2,29.8,7.44,6.33,251.17,1.7,1.23,0.084,0.046,1.327,,,2026-09-28 10:25:57
浙江省,浙闽片河流,双港口,2026-09-28 09:00,3,28.85,7.03,5.36,186.36,4.3,1.97,0.061,0.06,1.097,,,2026-09-28 10:25:57
浙江省,浙闽片河流,郑家,2026-09-28 09:00,2,26.69,6.32,7.3,84.6,14.33,0.73,0.008,0.012,0.953,,,2026-09-28 10:25:57
浙江省,浙闽片河流,下界首,2026-09-28 09:00,1,29.81,7.91,8.05,218.03,7.63,1.19,0.02,0.014,0.469,,,2026-09-28 10:25:57
浙江省,浙闽片河流,下童,2026-09-28 09:00,2,27.96,7.15,6.4,319.23,13.54,1.93,0.043,0.031,1.298,,,2026-09-28 10:25:57
浙江省,浙闽片河流,东迹渡,2026-09-28 09:00,2,23.71,6.55,6.8,37.25,4.32,1.13,0.02,0.012,0.827,,,2026-09-28 10:25:57
浙江省,长江流域,苏庄,2026-09-28 09:00,2,28.14104,7.21,6.21,75.2597,1.5622,2.16,,0.018,0.25385,,,2026-09-28 10:25:57
浙江省,浙闽片河流,临城,2026-09-28 09:00,2,28.74,7.7,6.07,2631,5.1,3.75,0.073,0.043,0.839,,,2026-09-28 10:25:57
浙江省,浙闽片河流,长潭水库坝口,2026-09-28 09:00,2,28.862,,10.67,46.826,7.16,1.83,0.003,0.013,0.237,,,2026-09-28 10:25:57
浙江省,浙闽片河流,金清新闸,2026-09-28 10:00,4,28.92,7.54,4.77,768.953,59.518,3.28,0.095,0.143,2.5817,,,2026-09-28 10:25:57
浙江省,浙闽片河流,里石门水库,2026-09-28 09:00,2,28.57,,10.38,64.365,2.484,3.06,0.024,0.011,0.265,0.00229,779863.8,2026-09-28 10:25:57
浙江省,浙闽片河流,温峤,2026-09-28 09:00,6,29.318,9.2,18.47,569.327,13.35,3.38,0.012,0.051,1.012,,,2026-09-28 10:25:57
浙江省,浙闽片河流,沙段,2026-09-28 09:00,2,29.1,7.34,7.17,167.945,3.971,2.94,0.013,0.029,1.1862,,,2026-09-28 10:25:57
浙江省,浙闽片河流,柏枝岙,2026-09-28 09:00,2,29.148,7.26,8.19,184.1,8.413,1.32,0.025,0.046,1.354,,,2026-09-28 10:25:57
浙江省,浙闽片河流,均溪,2026-09-28 10:00,2,26.54,6.38,6.62,44.51,4.72,1.34,0.031,0.012,0.585,,,2026-09-28 10:25:57
浙江省,浙闽片河流,风化,2026-09-28 10:00,2,28.98,7.27,8.09,94.51,7.3,1.26,0.019,0.026,0.836,,,2026-09-28 10:25:57
浙江省,浙闽片河流,堰后,2026-09-28 09:00,2,29.5,7.33,7.58,189.9,2.18,1.52,0.043,0.031,2.004,,,2026-09-28 10:25:57
浙江省,浙闽片河流,沙湾上,2026-09-28 10:00,1,24.77,7.51,8.14,33.557,0.887,0.9,0.07,0.011,0.201,,,2026-09-28 10:25:57
浙江省,浙闽片河流,小溪口,2026-09-28 09:00,3,24.6,6.74,5.88,34.942,10.785,1.37,,0.011,0.4662,,,2026-09-28 10:25:57
安徽省,巢湖流域,三胜大队渡口,2026-09-28 09:00,3,25.88,8.34,6.35,313.309,22.2536,5.76,0.075,0.108,0.6713,,,2026-09-28 10:25:57
安徽省,巢湖流域,兆河入湖口渡口,2026-09-28 09:00,3,25.96,7.28,5.1,311.358,10.1656,4.43,0.105,0.041,0.9029,,,2026-09-28 10:25:57
安徽省,巢湖流域,牛角大圩,2026-09-28 09:00,4,25.64,7.34,3.58,252.7,83.0422,4.11,,0.112,2.422,,,2026-09-28 10:25:57
安徽省,巢湖流域,北闸渡口,2026-09-28 09:00,4,25.113,6.62,4.11,192.898,24.261,5.25,0.16,0.08,1.557,,,2026-09-28 10:25:57
安徽省,巢湖流域,希望桥,2026-09-28 09:00,6,25.1,7.06,1.78,304.5,13.1,3.63,1.903,,6.723,,,2026-09-28 10:25:57
安徽省,巢湖流域,石堆渡口,2026-09-28 09:00,4,25.36,6.77,3.75,212.0163,35.4794,3.36,0.1,0.088,1.481,,,2026-09-28 10:25:57
安徽省,巢湖流域,柘皋大桥,2026-09-28 09:00,5,25.37,7.18,2.78,401.4196,31.3551,5.94,0.25,0.091,0.8705,,,2026-09-28 10:25:57
安徽省,巢湖流域,湖滨,2026-09-28 10:00,4,25.08,8.49,6.38,283.21,160.19,3.94,,0.097,0.924,0.00261,5615789,2026-09-28 10:25:57
安徽省,巢湖流域,黄麓,2026-09-28 10:00,4,26.76,,7.08,292.74,29.818,5.62,,0.071,0.419,0.00872,9932145,2026-09-28 10:25:57
安徽省,巢湖流域,三河镇大桥,2026-09-28 09:00,4,24.32,7.09,4.4,253.3,27.76,4.96,0.172,0.134,,,,2026-09-28 10:25:57
安徽省,巢湖流域,三河镇新大桥,2026-09-28 09:00,4,25.34,6.89,4.67,154.7,13.98,4.06,0.15,0.081,1.764,,,2026-09-28 10:25:57
安徽省,巢湖流域,施口,2026-09-28 09:00,5,25.76,7.14,2.82,741.2764,35.2562,4.83,0.893,0.145,6.243,,,2026-09-28 10:25:57
安徽省,巢湖流域,靠近大坝,2026-09-28 10:00,2,25.17,7.88,7.43,125.62,5.42,,0.025,0.019,0.41,0.01023,8367063,2026-09-28 10:25:57
安徽省,巢湖流域,新河入湖区,2026-09-28 10:00,4,25.52,7.55,6.68,182.44,37.01,,,0.064,0.573,0.00554,4.005148,2026-09-28 10:25:57
安徽省,巢湖流域,西半湖湖心,2026-09-28 10:00,4,24.87,8.38,6.68,351.58,24.32,3.85,0.0004,0.089,0.892,0.00179,5085851,2026-09-28 10:25:57
安徽省,巢湖流域,龟山,2026-09-28 10:00,3,24.72,8.94,8.01,309.6,23.56,4.7,,,0.534,0.00771,2.146648,2026-09-28 10:25:57
安徽省,巢湖流域,东半湖湖心,2026-09-28 10:00,4,25.181,,7.9,285.806,15.188,5.24,,0.054,0.664,0.00358,2.616558,2026-09-28 10:25:57
安徽省,巢湖流域,忠庙,2026-09-28 10:00,4,25.03,8.8,7.1,282.5,33.69,5.73,0.003,0.098,0.559,0.01377,6366732,2026-09-28 10:25:57
安徽省,巢湖流域,兆河入湖区,2026-09-28 10:00,4,25.17,8.66,7.6,296.08,25.8,5.48,,0.082,0.557,0.00347,6281981,2026-09-28 10:25:57
安徽省,巢湖流域,双桥河入湖口,2026-09-28 09:00,5,25.99,7.43,2.47,371.8278,27.0226,4.33,0.161,0.086,0.6885,,,2026-09-28 10:25:57
安徽省,巢湖流域,繁华大道桥,2026-09-28 09:00,5,25.15,7.03,2.17,554.1788,20.425,5.46,1.142,,4.025,,,2026-09-28 10:25:57
安徽省,长江流域,东西梁山,2026-09-28 09:00,2,26.72,7.82,6.24,304.4268,22.0387,1.42,0.064,0.063,1.8774,,,2026-09-28 10:25:57
安徽省,长江流域,宝塔根,2026-09-28 09:00,2,26.72,7.2,6.62,123.6706,37.8977,,0.074,0.031,1.0398,,,2026-09-28 10:25:57
安徽省,巢湖流域,裕溪口,2026-09-28 09:00,4,25.75,7.36,4.82,324.6097,65.4013,3.92,0.204,0.085,1.4717,,,2026-09-28 10:25:57
安徽省,长江流域,荻港,2026-09-28 09:00,4,25.64,7.48,3.98,531.2,48.9772,3.85,0.119,0.066,1.5239,,,2026-09-28 10:25:57
安徽省,长江流域,澛港桥,2026-09-28 09:00,4,25.86,7.14,4.58,293.3887,8.8122,2.83,0.041,0.059,2.907,,,2026-09-28 10:25:57
安徽省,长江流域,西河入裕溪河口,2026-09-28 09:00,4,26.57,7.03,3.35,301.6829,27.9074,3.15,0.12,0.058,1.3903,,,2026-09-28 10:25:57
安徽省,淮河流域,沫河口,2026-09-28 09:00,3,24.91,7.77,6.26,670.9292,22.34,4.16,0.084,0.185,2.867,,,2026-09-28 10:25:57
安徽省,淮河流域,关咀,2026-09-28 09:00,5,24.18544,7.58,2.95,941.8853,9.28304,5.17,0.076,0.138,0.64366,,,2026-09-28 10:25:57
安徽省,淮河流域,五河,2026-09-28 09:00,5,22.99,7.7,2.15,980.4088,22.85907,4.39,0.065,0.11,2.30043,,,2026-09-28 10:25:57
安徽省,淮河流域,蚌埠固镇,2026-09-28 09:00,4,24.55,7.74,3.79,1209.646,24.16,4.06,0.099,0.128,,,,2026-09-28 10:25:57
安徽省,淮河流域,蚌埠闸上,2026-09-28 09:00,4,24.15,7.61,4.87,586.76,27.61,3.34,0.076,0.152,2.533,,,2026-09-28 10:25:57
安徽省,淮河流域,湖沟,2026-09-28 09:00,6,24.17863,7.8,1.17,1292.04,22.15045,3.72,0.077,0.082,3.13596,,,2026-09-28 10:25:57
安徽省,淮河流域,石头埠,2026-09-28 09:00,3,24.75,7.64,5,604.8784,35.21138,3.4,0.07,0.104,3.13864,,,2026-09-28 10:25:57
安徽省,淮河流域,鲁台孜,2026-09-28 09:00,3,24.36,7.59,5.91,591.6832,44.05641,3.16,0.042,0.098,3.01778,,,2026-09-28 10:25:57
安徽省,淮河流域,西淝河闸下,2026-09-28 09:00,4,24.39851,7.42,3.26,808.1112,20.00237,5.08,0.097,0.083,1.70277,,,2026-09-28 10:25:57
安徽省,淮河流域,新城口,2026-09-28 09:00,4,24.51225,7.63,3.78,559.2364,29.3259,3.11,0.003,0.106,3.42562,,,2026-09-28 10:25:57
安徽省,淮河流域,焦岗湖,2026-09-28 10:00,4,23.55,7.56,4.35,661.36,121.78,3.88,0.018,0.035,0.835,0.00487,5961486,2026-09-28 10:25:57
安徽省,淮河流域,大店岗,2026-09-28 09:00,2,24.54,6.96,6.15,176.2654,48.97995,3.07,0.058,0.075,2.88071,,,2026-09-28 10:25:57
安徽省,淮河流域,五里闸,2026-09-28 09:00,4,23.61,6.98,3.94,254.567,51.92958,3.85,0.056,0.055,1.06446,,,2026-09-28 10:25:57
安徽省,淮河流域,白洋淀渡口,2026-09-28 09:00,4,20.12903,6.74,4.27,236.197,58.17759,7.13,0.152,0.191,3.55555,,,2026-09-28 10:25:57
安徽省,长江流域,三兴村,2026-09-28 09:00,3,26.29,7.6,5.84,331.8091,18.34168,2.63,0.04,0.05,1.91,,,2026-09-28 10:25:57
安徽省,长江流域,得胜河入江口,2026-09-28 09:00,3,25.6628,7.6,5.27,398.3,20.8445,4.15,0.194,0.184,2.2089,,,2026-09-28 10:25:57
安徽省,长江流域,姑溪河大桥,2026-09-28 09:00,3,26.361,7.16,5.48,251.49,54.8646,5.67,0.105,0.078,,,,2026-09-28 10:25:57
安徽省,长江流域,当涂查湾,2026-09-28 09:00,3,26.98,7.29,5.46,199.6343,45.4079,2.67,,0.041,1.621,,,2026-09-28 10:25:57
安徽省,长江流域,乌江,2026-09-28 09:00,2,25.32133,7.75,6.64,353.27,44.11486,2.27,0.021,0.053,1.424775,,,2026-09-28 10:25:57
安徽省,长江流域,雨山河下游,2026-09-28 09:00,4,25.9797,7.21,3.25,642.7458,13.5005,,1.395,0.197,6.632,,,2026-09-28 10:25:57
安徽省,淮河流域,小王桥,2026-09-28 09:00,6,24.71,7.41,0.13,1337,10.8,4.26,0.317,0.098,1.264,,,2026-09-28 10:25:57
安徽省,淮河流域,后常桥,2026-09-28 09:00,3,24.65586,8.46,5.51,1118.653,3.6554,5.36,0.035,0.099,,,,2026-09-28 10:25:57
安徽省,淮河流域,李大桥闸,2026-09-28 09:00,6,23.52,7.8,1.53,1383.93,6.556,9.71,0.175,0.07,0.7826,,,2026-09-28 10:25:57
安徽省,长江流域,顺安河入江口,2026-09-28 09:00,2,25.69905,7.48,8.82,393.7766,27.60078,1.65,0.018,0.047,2.00715,,,2026-09-28 10:25:57
安徽省,长江流域,陈家墩,2026-09-28 09:00,2,26.34,7.76,7.4,312.1868,30.9676,1.65,0.047,0.056,2.32046,,,2026-09-28 10:25:57
安徽省,长江流域,枞阳大闸,2026-09-28 09:00,2,26.16,7.44,6.31,163.0052,34.7789,,,,,,,2026-09-28 10:25:57
安徽省,长江流域,武昌湖,2026-09-28 09:00,4,27.74,7.28,4.55,206.5571,8.65847,2.98,0.009,0.031,0.7703,0.00799,3843112,2026-09-28 10:25:57
安徽省,长江流域,前江口,2026-09-28 09:00,2,26.79271,7.62,6.48,319.1812,28.60143,,0.062,0.058,2.91997,,,2026-09-28 10:25:57
安徽省,长江流域,花亭湖坝前,2026-09-28 09:00,2,27.37,7.96,7.5,82.34855,1.3172,2.21,0.007,0.013,0.40337,0.00427,596611.4,2026-09-28 10:25:57
安徽省,长江流域,华阳河入江口,2026-09-28 09:00,2,28.7,8.53,10.61,317.7341,10.20456,3.13,0.007,0.041,1.15074,,,2026-09-28 10:25:57
安徽省,长江流域,水厂取水口,2026-09-28 09:00,2,26.33569,8.95,7.83,127.7866,5.18581,1.97,0.008,0.025,0.64555,,,2026-09-28 10:25:57
安徽省,长江流域,车轴寺大桥,2026-09-28 09:00,2,26.93,8.44,8.36,123.2283,3.66752,2.19,0.007,0.031,0.6614,,,2026-09-28 10:25:57
安徽省,浙闽片河流,篁墩,2026-09-28 09:00,2,28.29145,7.39,7.03,205.4486,2.0488,2.31,0.067,0.049,,,,2026-09-28 10:25:57
安徽省,浙闽片河流,率水大桥,2026-09-28 09:00,2,29.92963,7.2,7.5,85.9641,6.33112,1.78,0.054,0.028,0.70064,,,2026-09-28 10:25:57
安徽省,浙闽片河流,横江大桥,2026-09-28 09:00,2,30.50908,8.73,11.64,305.5464,49.70023,,0.002,0.027,0.40789,,,2026-09-28 10:25:57
安徽省,长江流域,太平湖湖心,2026-09-28 10:00,2,27.9,8.99,9.61,99.77,2.95,2.41,0.048,0.01,0.406,0.00193,1453209,2026-09-28 10:25:57
安徽省,浙闽片河流,新管,2026-09-28 09:00,2,32.56113,8.3,7.95,284.2232,4.09042,3.08,0.01,0.039,0.92584,,,2026-09-28 10:25:57
安徽省,淮河流域,天长化工厂,2026-09-28 09:00,5,23.82,7.04,2.38,426.7709,36.49,5.75,0.303,0.183,2.1883,,,2026-09-28 10:25:57
安徽省,淮河流域,公路桥,2026-09-28 09:00,4,24.39,7.13,4.21,441.1603,35.7413,5.01,0.722,0.098,1.496,,,2026-09-28 10:25:57
安徽省,淮河流域,小柳巷,2026-09-28 09:00,3,24.86,7.5,6.34,589.91,41.846,3.56,0.248,0.125,2.774,,,2026-09-28 10:25:57
安徽省,长江流域,水口,2026-09-28 09:00,4,23.24,7.09,5.76,558.2429,121.382,7.47,0.36,0.288,3.5718,,,2026-09-28 10:25:57
安徽省,长江流域,乌衣下,2026-09-28 09:00,5,24.96,7.08,2.88,551.19,27.24,3.73,1.145,0.156,2.731,,,2026-09-28 10:25:57
安徽省,长江流域,襄河大桥,2026-09-28 09:00,4,24.5,6.99,3.24,409.413,71.7966,6.08,0.822,0.221,2.25,,,2026-09-28 10:25:57
安徽省,长江流域,清流河口,2026-09-28 09:00,4,23.77897,7.04,5.48,494.6537,54.60943,5.83,0.499,0.284,2.00715,,,2026-09-28 10:25:57
安徽省,淮河流域,阜阳段下,2026-09-28 09:00,2,24.02061,7.64,6.51,909.1245,29.51936,3.92,0.103,0.098,5.10335,,,2026-09-28 10:25:57
安徽省,淮河流域,杨湖,2026-09-28 09:00,3,24.90104,7.74,6.86,867.1441,52.83752,2.98,0.112,0.135,4.83517,,,2026-09-28 10:25:57
安徽省,淮河流域,张大桥,2026-09-28 09:00,3,24.156,7.89,7.52,1492.9,31.33,3.55,0.103,0.122,9.968,,,2026-09-28 10:25:57
安徽省,淮河流域,王家坝,2026-09-28 09:00,3,23.808,7.75,6.33,485.3,16.591,3.15,0.127,0.126,3.344,,,2026-09-28 10:25:57
安徽省,淮河流域,界首七渡口,2026-09-28 09:00,3,23.31,7.61,8.06,841.3,22.62,2.75,0.688,0.139,5.385,,,2026-09-28 10:25:57
安徽省,淮河流域,阜南,2026-09-28 09:00,4,23.72,7.28,3.56,631.1284,3.38236,4.84,0.036,0.089,0.7295,,,2026-09-28 10:25:57
安徽省,淮河流域,阜阳段上游,2026-09-28 09:00,2,23.85275,7.72,6.24,906.0703,6.89119,2.83,0.024,0.096,5.56257,,,2026-09-28 10:25:57
安徽省,淮河流域,奎河苏皖省界,2026-09-28 09:00,4,24.42,7.38,3.39,999.1,18.1,4.81,1.024,0.179,4.726,,,2026-09-28 10:25:57
安徽省,淮河流域,东坪集,2026-09-28 09:00,4,24.15,7.82,3.64,1302.463,28.53965,3.31,0.136,0.083,3.05919,,,2026-09-28 10:25:57
安徽省,淮河流域,符离闸,2026-09-28 09:00,4,24.0838,7.83,3.38,938.7007,32.46405,7.07,0.058,0.12,1.01723,,,2026-09-28 10:25:57
安徽省,淮河流域,芦岭桥,2026-09-28 09:00,4,24.36,7.88,3.07,1148.14,9.59,4.67,0.211,0.06,0.9504,,,2026-09-28 10:25:57
安徽省,淮河流域,工农兵大桥,2026-09-28 09:00,4,23.41126,7.27,3.96,353.0269,13.48002,4.31,0.135,0.062,1.361,,,2026-09-28 10:25:57
安徽省,淮河流域,陶洪集,2026-09-28 09:00,3,23.82375,7.14,6.38,103.8369,29.94478,4.19,0.101,0.078,2.07062,,,2026-09-28 10:25:57
安徽省,淮河流域,东湖闸,2026-09-28 09:00,3,23.33,7.4,7.38,211.6014,76.69261,2.9,0.06,0.111,1.31306,,,2026-09-28 10:25:57
安徽省,淮河流域,新安渡口,2026-09-28 09:00,2,24.47,7.31,7.46,176.1278,8.56917,3.06,0.059,0.039,1.91273,,,2026-09-28 10:25:57
安徽省,淮河流域,响洪甸水库出水口,2026-09-28 09:00,4,19.47,6.84,4.28,80.67101,2.04768,2.16,0.012,0.008,1.03525,,,2026-09-28 10:25:57
安徽省,淮河流域,丁埠大桥,2026-09-28 09:00,2,22.35191,7.39,8.81,114.9204,63.49612,3.74,0.001,0.071,1.863,,,2026-09-28 10:25:57
安徽省,巢湖流域,将军宕大桥,2026-09-28 09:00,3,24.48,6.63,5.16,157.126,47.793,4.65,0.104,0.126,1.885,,,2026-09-28 10:25:57
安徽省,淮河流域,固始李畈,2026-09-28 09:00,4,23.76,6.79,3.76,188.0817,4.05696,3.27,0.014,0.053,2.03388,,,2026-09-28 10:25:57
安徽省,淮河流域,龙亢,2026-09-28 08:00,5,24.42,7.55,2.31,1064.26,37.77,3.85,0.015,,,,,2026-09-28 10:25:57
安徽省,淮河流域,涡阳义门大桥,2026-09-28 09:00,5,24.53,7.52,2.59,1215.627,33.5304,5.76,0.266,0.137,2.7613,,,2026-09-28 10:25:57
安徽省,淮河流域,利辛段,2026-09-28 09:00,6,24.2,7.51,1,799.71,6.8,5.16,0.189,0.143,1.991,,,2026-09-28 10:25:57
安徽省,长江流域,五步沟,2026-09-28 09:00,2,26.58209,7.68,6.69,317.4626,20.3141,1.54,0.026,0.052,2.4057,,,2026-09-28 10:25:57
安徽省,长江流域,张溪,2026-09-28 09:00,2,27.83,7.65,7.04,268.0979,4.11938,1.1,0.013,0.013,0.59151,,,2026-09-28 10:25:57
安徽省,长江流域,青通河河口,2026-09-28 09:00,4,27.60018,7.43,3.59,247.9574,47.85646,3.42,0.067,0.068,2.04815,,,2026-09-28 10:25:57
安徽省,长江流域,秋浦河入江口,2026-09-28 09:00,3,26.86083,7.61,5.03,264.426,23.78129,1.45,0.024,0.037,1.32786,,,2026-09-28 10:25:57
安徽省,长江流域,东流,2026-09-28 09:00,4,27.59,7.67,4.79,253.0679,61.05659,3.76,0.134,0.07,,,,2026-09-28 10:25:57
安徽省,长江流域,南漪湖西湖湖心,2026-09-28 10:00,4,26.08,7.4,5.73,177.97,76.35,,,0.058,,0.0044,980772.6,2026-09-28 10:25:57
安徽省,太湖流域,殷桥,2026-09-28 09:00,4,26.72926,7.16,3.11,306.2552,25.94078,5.49,0.007,0.069,2.20675,,,2026-09-28 10:25:57
安徽省,长江流域,泾南交界,2026-09-28 09:00,2,25.67,7.38,6.12,120.532,13.1555,1.73,0.001,0.029,0.7917,,,2026-09-28 10:25:57
安徽省,长江流域,汪溪,2026-09-28 09:00,2,25.03,7.39,6.84,164.3461,9.7036,1.22,0.054,0.03,1.0814,,,2026-09-28 10:25:57
安徽省,长江流域,狮子口,2026-09-28 09:00,3,26.92,7.47,6.43,758.585,10.694,4.64,0.038,0.066,1.94,,,2026-09-28 10:25:57
安徽省,长江流域,东村桥,2026-09-28 09:00,3,25.15071,7.64,5.24,476.4247,18.79467,3.3,0.069,0.079,0.8865,,,2026-09-28 10:25:57
安徽省,长江流域,旌泾交界,2026-09-28 09:00,2,27.42789,7.55,7.1,205.8718,11.74822,2.9,0.007,0.096,1.14335,,,2026-09-28 10:25:57
安徽省,长江流域,水碧桥,2026-09-28 09:00,4,25.88,7.16,4.86,293.3295,12.94612,1.73,0.036,0.041,1.82616,,,2026-09-28 10:25:57
福建省,浙闽片河流,闽侯竹岐,2026-09-28 09:00,2,28.1,6.82,6.9,89.89,,1.72,0.01,0.03,1.044,,,2026-09-28 10:25:57
福建省,浙闽片河流,闽安,2026-09-28 10:00,3,29.88,6.98,5.74,732.28,329.1,,0.096,0.125,2.247,,,2026-09-28 10:25:57
福建省,浙闽片河流,连江荷山渡口,2026-09-28 10:00,2,27.922,7.02,7.59,52.52,17.067,1.24,0.03,0.048,0.653,,,2026-09-28 10:25:57
福建省,浙闽片河流,永泰横龙,2026-09-28 09:00,2,29.521,8.74,9.08,45.351,0.275,,0.01,0.038,0.157,,,2026-09-28 10:25:57
福建省,浙闽片河流,闽清雄江,2026-09-28 09:00,6,30.86,9.69,10.93,104.765,10.16,2.45,0.029,0.032,0.867,,,2026-09-28 10:25:57
福建省,浙闽片河流,梅溪口,2026-09-28 10:00,2,28.11,7.36,7.54,101.61,9.21,2.16,0.036,0.073,0.913,,,2026-09-28 10:25:57
福建省,浙闽片河流,隘头潭,2026-09-28 09:00,2,28.58,6.32,6.44,201.68,2.564,0.28,0.009,0.014,0.7386,,,2026-09-28 10:25:57
福建省,浙闽片河流,园头桥,2026-09-28 09:00,2,29.38,6.87,6.41,120.78,17.73,,0.171,0.099,3.523,,,2026-09-28 10:25:57
福建省,浙闽片河流,江口桥,2026-09-28 10:00,2,29.58,7.8,8.25,84.48,4.54,1.46,0.008,0.042,,,,2026-09-28 10:25:57
福建省,浙闽片河流,将乐万全,2026-09-28 09:00,4,27.454,6.94,4.96,65.101,1.265,1.61,0.032,0.023,0.97,,,2026-09-28 10:25:57
福建省,浙闽片河流,宁化肖家,2026-09-28 09:00,2,27.724,7.06,7.47,81.891,2.237,1.33,0.013,0.063,0.774,,,2026-09-28 10:25:57
福建省,浙闽片河流,永安安砂水库下游,2026-09-28 09:00,4,26.459,6.44,4.06,74.493,4.609,1.42,0.04,0.031,0.975,,,2026-09-28 10:25:57
福建省,浙闽片河流,永安贡川桥,2026-09-28 08:00,2,26.59,6.99,6.28,120.61,8.68,1.32,0.02,0.046,0.982,,,2026-09-28 10:25:57
福建省,浙闽片河流,斑竹溪渡口,2026-09-28 09:00,2,27.679,6.84,6.22,126.945,6.002,1.57,0.011,0.054,1.244,,,2026-09-28 10:25:57
福建省,浙闽片河流,建宁袁庄,2026-09-28 09:00,2,27.358,7.21,12.44,76.945,4.414,1.66,0.011,0.054,1.065,,,2026-09-28 10:25:57
福建省,浙闽片河流,大田高才,2026-09-28 10:00,6,29.558,9.06,8.84,91.067,1.852,2.2,0.054,0.022,0.446,,,2026-09-28 10:25:57
福建省,浙闽片河流,尤溪拥口大桥,2026-09-28 09:00,2,24.96,7.15,6.5,112.492,37.207,1.39,0.046,0.041,1.0842,,,2026-09-28 10:25:57
福建省,浙闽片河流,南安康美桥,2026-09-28 09:00,3,27.98,6.95,7.27,104.637,54.575,1.11,0.088,0.174,1.4421,,,2026-09-28 10:25:57
福建省,浙闽片河流,永春东关桥,2026-09-28 09:00,3,28.37,6.72,5.84,142.9834,30.00101,1.5,0.067,0.052,2.977,,,2026-09-28 10:25:57
福建省,浙闽片河流,安溪罗内桥,2026-09-28 09:00,2,28.222,7.2,7.38,85.75,18.156,0.99,0.18,0.043,1.49,,,2026-09-28 10:25:57
福建省,浙闽片河流,南安霞东桥,2026-09-28 09:00,2,29.89,7.06,6.46,130.465,9.248,1.03,0.126,0.07,2.2813,,,2026-09-28 10:25:57
福建省,浙闽片河流,华安西陂,2026-09-28 10:00,2,28.21191,7.06,7.64,169.2682,18.14857,2.04,0.038,0.058,1.21,,,2026-09-28 10:25:57
福建省,浙闽片河流,南靖靖城桥,2026-09-28 10:00,3,29.95,6.67,5.76,170,9.285,1.98,0.067,0.048,6.942,,,2026-09-28 10:25:57
福建省,浙闽片河流,诏安澳子头,2026-09-28 10:00,3,29.39,7.34,7.28,112.318,3.688,,0.044,0.125,1.9644,,,2026-09-28 10:25:57
福建省,浙闽片河流,南靖洪濑汤坑桥,2026-09-28 09:00,2,29.661,6.53,6.98,234.5,10.29,0.63,0.047,0.051,,,,2026-09-28 10:25:57
福建省,浙闽片河流,浦南水文站,2026-09-28 10:00,2,27.81799,7.28,6.81,170.3,19.931,1.08,0.013,0.079,1.411,,,2026-09-28 10:25:57
福建省,浙闽片河流,南溪浮宫桥,2026-09-28 10:00,5,31.55,6.84,2.41,1381.212,322.911,2.62,,0.158,3.1888,,,2026-09-28 10:25:57
福建省,浙闽片河流,上坂,2026-09-28 10:00,3,30.13,6.24,5.02,174.181,18.398,1.95,0.296,0.111,4.4553,,,2026-09-28 10:25:57
福建省,浙闽片河流,云霄高塘渡口,2026-09-28 10:00,2,29.43,6.77,6.31,122.215,7.462,,0.101,0.096,5.3833,,,2026-09-28 10:25:57
福建省,浙闽片河流,水汾桥,2026-09-28 09:00,4,28.46,6.93,4.91,184.03,15.35,1.55,0.047,0.047,1.115,,,2026-09-28 10:25:57
福建省,浙闽片河流,十里庵,2026-09-28 09:00,2,30.04,6.81,6.17,126.24,6.34,1.7,0.048,0.05,1.283,,,2026-09-28 10:25:57
福建省,浙闽片河流,邵武晒口桥,2026-09-28 10:00,2,29.69,7.26,7.69,171.63,7.37,1.51,0.06,0.04,1.06,,,2026-09-28 10:25:57
福建省,浙闽片河流,武夷山兴田,2026-09-28 09:00,2,30.41007,7.03,7.2,38.19324,8.32192,1.84,0.001,0.019,0.55144,,,2026-09-28 10:25:57
福建省,浙闽片河流,浪石,2026-09-28 09:00,3,30.292,6.76,5.61,119.888,2.458,1.33,0.058,0.048,1.199,,,2026-09-28 10:25:57
福建省,浙闽片河流,将乐樟应,2026-09-28 09:00,3,29.60147,6.9,5.76,71.081,3.56259,1.61,0.022,0.022,0.777,,,2026-09-28 10:25:57
福建省,浙闽片河流,建阳坪州大桥,2026-09-28 09:00,1,30.15,7.36,7.94,162.35,5.76,,,,,,,2026-09-28 10:25:57
福建省,浙闽片河流,政和西津,2026-09-28 09:00,2,30.203,7.15,6.69,100.482,5.866,1.82,0.099,,1.025,,,2026-09-28 10:25:57
福建省,浙闽片河流,雁石桥,2026-09-28 10:00,2,27.91,7.59,8.18,290.044,19.647,1.12,0.003,0.056,1.494,,,2026-09-28 10:25:57
福建省,珠江流域,长汀美西桥,2026-09-28 10:00,2,28.75,6.94,6.22,139.494,5.957,2.04,0.063,0.089,,,,2026-09-28 10:25:57
福建省,浙闽片河流,福安赛岐,2026-09-28 09:00,4,28.62,6.88,6.65,475.76,262.25,5.04,0.092,0.203,1.281,,,2026-09-28 10:25:57
福建省,浙闽片河流,八都,2026-09-28 10:00,2,26.8,7.08,8.35,44.368,1.663,1.69,0.015,0.052,0.919,,,2026-09-28 10:25:57
福建省,浙闽片河流,福安白塔,2026-09-28 09:00,2,27.078,7.23,6.66,46.56,5.78,1.01,0.017,0.033,1.198,,,2026-09-28 10:25:57
福建省,浙闽片河流,古田黄田,2026-09-28 09:00,2,31.011,8.51,8.67,113.806,6.318,2.14,0.057,0.044,1.177,,,2026-09-28 10:25:57
福建省,浙闽片河流,福安洪口,2026-09-28 10:00,2,27.35,7.13,8.37,43,8.23,0.93,0.013,0.042,0.961,,,2026-09-28 10:25:57
江西省,长江流域,周坊,2026-09-28 09:00,2,28.11,7.16,7.37,131.4178,8.87285,1.52,0.003,0.036,1.19168,,,2026-09-28 10:25:57
江西省,长江流域,大港,2026-09-28 09:00,2,28.93,7.53,8.37,142.93,26.98,1.51,0.092,0.048,1.734,,,2026-09-28 10:25:57
江西省,长江流域,新联,2026-09-28 10:00,3,28.21,6.94,7.73,169.56,81.48,4.41,0.058,0.069,2.0127,,,2026-09-28 10:25:57
江西省,长江流域,生米,2026-09-28 10:00,2,21.578,6.88,10.32,134.845,4.535,1.5,0.022,0.044,0.963,,,2026-09-28 10:25:57
江西省,长江流域,滁槎,2026-09-28 09:00,3,28.77,6.56,5.27,158.45,7.82,1.66,0.011,0.061,1.874,,,2026-09-28 10:25:57
江西省,长江流域,塔城,2026-09-28 10:00,2,30.71,7.81,6.97,100.44,15.33,2.36,0.021,0.035,1.208,,,2026-09-28 10:25:57
江西省,长江流域,昌邑,2026-09-28 09:00,2,28.49,7.58,7.69,137.75,26.68,1.56,0.001,0.054,1.173,,,2026-09-28 10:25:57
江西省,长江流域,八一桥,2026-09-28 10:00,2,29.64,7.64,7.79,123.725,15.805,1.97,0.226,0.047,1.0007,,,2026-09-28 10:25:57
江西省,长江流域,焦石坝,2026-09-28 09:00,2,29.32,7.52,6.66,113.08,16.1,2.45,0.088,0.039,0.9939,,,2026-09-28 10:25:57
江西省,长江流域,鲇鱼山,2026-09-28 09:00,2,30.83,7.32,7.66,233.55,5.67,1.4,0.05,0.03,1.325,,,2026-09-28 10:25:57
江西省,长江流域,戴村,2026-09-28 09:00,2,30.72,7.27,6.52,734.061,16.23,1.81,0.086,0.023,0.762,,,2026-09-28 10:25:57
江西省,长江流域,南河河口,2026-09-28 09:00,4,29.69,7.01,4.92,229.89,4.03,2.73,,0.103,1.808,,,2026-09-28 10:25:57
江西省,长江流域,镇埠,2026-09-28 10:00,2,28,6.68,6.76,97.76,0.01,1.42,,0.032,0.206,,,2026-09-28 10:25:57
江西省,长江流域,龙山口,2026-09-28 10:00,2,27.74,8.41,6.86,278.166,4.302,1.23,,0.026,0.4923,,,2026-09-28 10:25:57
江西省,长江流域,桐车湾,2026-09-28 10:00,3,29.41,8.01,8.28,387.673,2.137,2.19,0.034,0.108,2.3588,,,2026-09-28 10:25:57
江西省,长江流域,金鱼石,2026-09-28 09:00,2,28.91,7.69,7.09,320.82,5.88,1.12,0.018,0.069,1.854,,,2026-09-28 10:25:57
江西省,长江流域,邓家洲,2026-09-28 09:00,3,29.96,8.02,9.32,614.1814,3.59992,5.2,0.017,0.145,,,,2026-09-28 10:25:57
江西省,长江流域,吴城修河,2026-09-28 07:00,2,27.396,7.11,6.82,123.38,26.62,1.91,0.107,0.05,1.0407,,,2026-09-28 10:25:57
江西省,长江流域,姚港,2026-09-28 09:00,2,25.85,7.5,7.42,395.28,28.32,1.52,0.048,0.071,1.853,,,2026-09-28 10:25:57
江西省,长江流域,湖口,2026-09-28 10:00,2,26.1605,7.94,7.16,353.74,22.54,2.41,0.017,0.067,2.555,,,2026-09-28 10:25:57
江西省,长江流域,蛤蟆石,2026-09-28 10:00,3,28.45,6.73,5.95,132.25,28.05,2.24,,0.038,1.824,0.00096,264968.1,2026-09-28 10:25:57
江西省,长江流域,都昌,2026-09-28 09:00,4,29.06,6.62,4.26,168.09,48.91,2.79,,0.046,1.41,0.0255,1.412,2026-09-28 10:25:57
江西省,长江流域,潦河河口,2026-09-28 09:00,2,28.77,6.79,6.1,135.53,18.16,1.86,0.035,0.042,0.8488,,,2026-09-28 10:25:57
江西省,长江流域,三都,2026-09-28 09:00,2,27.39,6.77,6.18,106.36,2.23,0.88,0.007,0.024,0.703,,,2026-09-28 10:25:57
江西省,长江流域,柘林湖坝上,2026-09-28 09:00,2,27.795,8.56,10.75,100.21,1.667,2.2,0.003,0.009,0.486,,,2026-09-28 10:25:57
江西省,长江流域,洋港镇,2026-09-28 09:00,1,25.512,7.51,9.16,329.175,1.165,0.55,0.001,,0.64824,,,2026-09-28 10:25:57
江西省,长江流域,修水界上桥,2026-09-28 09:00,4,28.48,7.5,3.64,161.457,3.462,3.21,0.029,0.085,1.10873,,,2026-09-28 10:25:57
江西省,长江流域,共青城寨下,2026-09-28 09:00,4,28.2,7.39,4.53,573.9,31.3,4.31,0.773,0.096,2.905,,,2026-09-28 10:25:57
江西省,长江流域,罗坊,2026-09-28 10:00,2,30.16,7.31,6.31,301.349,22.726,3.37,0.067,0.066,1.4178,,,2026-09-28 10:25:57
江西省,长江流域,孔目江江口,2026-09-28 10:00,2,30.44,7.6,6.59,337.701,20.066,2.47,0.1,0.059,0.8285,,,2026-09-28 10:25:57
江西省,长江流域,浮桥,2026-09-28 10:00,2,29.38,7.67,6.24,261.157,8.849,3.25,0.099,0.052,1.3451,,,2026-09-28 10:25:57
江西省,长江流域,傣家村,2026-09-28 10:00,3,29.99,8.9,6.95,175.863,6.953,4.08,0.083,0.04,0.6902,0.00581,2.033226,2026-09-28 10:25:57
江西省,长江流域,炭埠周家,2026-09-28 09:00,2,28.88,7,8.81,144.61,4.74,0.59,,0.04,0.921,,,2026-09-28 10:25:57
江西省,长江流域,白塔河河口,2026-09-28 09:00,3,30.35,6.68,5.53,95.988,4.746,1.72,0.073,0.04,0.5912,,,2026-09-28 10:25:57
江西省,长江流域,土桥,2026-09-28 10:00,2,30.09,7.28,6.8,172.165,3.756,2.02,0.027,0.043,1.0587,,,2026-09-28 10:25:57
江西省,长江流域,流口村,2026-09-28 09:00,2,31.45,7.11,7.19,170.8583,14.11346,2.42,,0.052,1.190111,,,2026-09-28 10:25:57
江西省,长江流域,市自来水厂,2026-09-28 09:00,1,29.24,7.27,7.73,97.046,4.229,1.08,0.08,0.019,0.4953,,,2026-09-28 10:25:57
江西省,长江流域,新庙前,2026-09-28 09:00,2,30.56,7.61,7.31,140.187,22.339,0.85,0.006,0.037,1.315,,,2026-09-28 10:25:57
江西省,长江流域,赣县梅林,2026-09-28 10:00,2,29.82,7.44,7.96,139.835,6.45,1.54,0.032,0.051,1.2513,,,2026-09-28 10:25:57
江西省,长江流域,梓坑,2026-09-28 09:00,2,29.97,7.35,6.37,112.864,7.194,2.68,0.061,0.058,1.2589,,,2026-09-28 10:25:57
江西省,长江流域,峡山,2026-09-28 10:00,2,30.86,7.58,7.68,119.316,3.681,1.27,0.052,0.071,0.8307,,,2026-09-28 10:25:57
江西省,长江流域,梅江江口,2026-09-28 09:00,2,31.63,7.98,8.08,104.539,13.172,1.72,0.048,0.063,0.5745,,,2026-09-28 10:25:57
江西省,长江流域,平江江口,2026-09-28 10:00,2,28.59,7.33,7.03,121.69,18.621,1.62,0.153,0.045,0.5957,,,2026-09-28 10:25:57
江西省,长江流域,上犹江江口,2026-09-28 10:00,2,26.3,6.95,7.25,93.665,11.078,1.44,0.054,0.014,0.5882,,,2026-09-28 10:25:57
江西省,长江流域,龙南自来水厂,2026-09-28 10:00,2,27.96,7.48,6.9,98.798,2.236,1.04,0.023,0.026,0.7695,,,2026-09-28 10:25:57
江西省,长江流域,桃江江口,2026-09-28 09:00,2,30.25,7.38,6.38,198.007,1.223,0.76,0.042,0.031,2.0557,,,2026-09-28 10:25:57
江西省,长江流域,汝城多发电站,2026-09-28 09:00,2,23.98,7.13,7.4,78.02,3.4,1.03,,0.021,0.56,,,2026-09-28 10:25:57
江西省,珠江流域,兴宁电站,2026-09-28 09:00,1,29.73,7.81,9.44,68.6947,3.031658,1.55,0.044,0.02,2.320942,,,2026-09-28 10:25:57
江西省,长江流域,通津,2026-09-28 10:00,2,31.55,7.77,8.23,107.154,23.522,1.73,0.14,0.043,1.0627,,,2026-09-28 10:25:57
江西省,长江流域,金滩,2026-09-28 10:00,2,30.32,7.51,8.17,116.508,12.435,1.61,0.085,0.043,0.964,,,2026-09-28 10:25:57
江西省,长江流域,孤江江口,2026-09-28 09:00,3,31.64,7.25,5.74,90.494,7.915,2.17,0.033,0.069,0.3727,,,2026-09-28 10:25:57
江西省,长江流域,禾水河口,2026-09-28 09:00,2,29.94,7.48,7.02,123.14,12.298,1.25,0.079,0.033,0.6142,,,2026-09-28 10:25:57
江西省,长江流域,蜀水河口,2026-09-28 09:00,2,30.95,7.25,6.67,68.916,12.745,1.37,0.091,0.043,0.6359,,,2026-09-28 10:25:57
江西省,长江流域,遂川江江口,2026-09-28 09:00,2,28.06,7.49,7.47,85.78,56.028,1.31,0.033,0.099,1.0524,,,2026-09-28 10:25:57
江西省,长江流域,乌江江口,2026-09-28 10:00,2,31.59,7.95,8.82,151.013,4.35,1.8,0.077,0.037,0.5113,,,2026-09-28 10:25:57
江西省,长江流域,大洋洲,2026-09-28 10:00,2,29.28,7.54,7.61,109.191,8.692,0.92,0.085,0.04,1.0962,,,2026-09-28 10:25:57
江西省,长江流域,棚下,2026-09-28 09:00,2,27.64,7.35,6.83,165.9949,6.91,1.69,0.052,0.075,0.992,,,2026-09-28 10:25:57
江西省,长江流域,丰城小港口,2026-09-28 09:00,2,29.811,7.41,8.21,112.84,6.5117,1.3,0.019,0.035,1.0631,,,2026-09-28 10:25:57
江西省,长江流域,高安市青州村,2026-09-28 09:00,2,30.82,7.86,6.84,210.28,4.06,1.38,0.007,0.044,1.049,,,2026-09-28 10:25:57
江西省,长江流域,良田村,2026-09-28 09:00,2,32.59,7.64,6.17,212.32,7.99,2.17,0.006,0.052,1.107,,,2026-09-28 10:25:57
江西省,长江流域,三洪村,2026-09-28 09:00,2,30.7,6.82,6.23,102.89,14.16,1.54,0.011,0.043,0.858,,,2026-09-28 10:25:57
江西省,长江流域,肖江江口,2026-09-28 10:00,2,30.115,7.35,7.33,127.261,12.01,3.54,0.057,0.047,0.919,,,2026-09-28 10:25:57
江西省,长江流域,修河港口,2026-09-28 10:00,2,27.7,6.82,6.98,44.3,1.97,0.73,0.001,0.005,0.206,,,2026-09-28 10:25:57
江西省,长江流域,超坊,2026-09-28 10:00,2,28.99,7.96,7.51,97.232,15.951,2.55,0.164,0.068,0.9655,,,2026-09-28 10:25:57
江西省,长江流域,钟岭水厂,2026-09-28 09:00,2,30.15,7.68,6.68,85.23,29.23,3.39,,0.079,0.8322,,,2026-09-28 10:25:57
江西省,长江流域,临水河口,2026-09-28 09:00,2,28.84,6.98,7.37,92.99,10.64,2.4,0.091,0.056,0.754,,,2026-09-28 10:25:57
江西省,长江流域,赵家湾,2026-09-28 09:00,3,30.446,7.01,5.31,238.378,28.3164,1.55,0.036,0.034,1.006,,,2026-09-28 10:25:57
江西省,长江流域,康山,2026-09-28 09:00,5,31.09,6.74,6.03,139.01,38.91,3.06,0.225,0.106,1.624,0.012,829000,2026-09-28 10:25:57
江西省,长江流域,野鸡山村,2026-09-28 09:00,2,30.06,7.65,9.34,1360.75,11.14,1.73,0.041,0.025,1.244,,,2026-09-28 10:25:57
江西省,长江流域,瑞洪大桥,2026-09-28 09:00,4,31.61,6.77,3.92,137.38,18.28,1.59,,0.045,0.904,,,2026-09-28 10:25:57
江西省,长江流域,弋阳,2026-09-28 09:00,2,30.51,7.41,6.5,157.78,9.76,1.58,,0.059,1.063,,,2026-09-28 10:25:57
江西省,长江流域,鄱阳花园,2026-09-28 10:00,2,30.56,8.14,9.04,193.84,4,2.18,0.027,0.028,1.332,,,2026-09-28 10:25:57
江西省,长江流域,洎水河河口,2026-09-28 09:00,3,30.11,6.82,5.78,258.78,8.46,,0.054,0.063,1.632,,,2026-09-28 10:25:57
江西省,长江流域,铅山,2026-09-28 02:00,2,30.3,7.58,8.15,175.08,4.5,,,0.087,0.925,,,2026-09-28 10:25:57
江西省,长江流域,旗山,2026-09-28 09:00,2,30.37,6.98,6.12,169.93,10.47,1.64,0.066,0.066,0.977,,,2026-09-28 10:25:57
江西省,长江流域,应家坊,2026-09-28 09:00,2,30.23,7.12,6.78,180.2,9.05,2.4,0.056,0.075,1.705,,,2026-09-28 10:25:57
山东省,淮河流域,辛丰庄,2026-09-28 09:00,2,24.942,7.79,8.12,1212.23,31.695,3.32,0.175,0.07,6.577,,,2026-09-28 10:25:57
山东省,黄河流域,泺口,2026-09-28 09:00,2,23.93,8.34,8.27,749.42,545.91,1.85,0.135,0.084,2.861,,,2026-09-28 10:25:57
山东省,淮河流域,睦里庄,2026-09-28 09:00,4,22.256,7.25,4.56,799.582,7.865,2.16,0.044,0.037,1.059,,,2026-09-28 10:25:57
山东省,黄河流域,卧虎山水库,2026-09-28 09:00,1,22.09,8.1,9.28,497.359,5.931,1.46,0.005,0.013,3.553,,,2026-09-28 10:25:57
山东省,淮河流域,斜拉桥,2026-09-28 09:00,4,22.713,7.52,4.09,915.884,34.945,4.92,0.412,0.062,1.065,,,2026-09-28 10:25:57
山东省,淮河流域,马连庄,2026-09-28 09:00,1,21.389,7.73,10.07,1031.6,4.119,1.72,,0.012,21.883,,,2026-09-28 10:25:57
山东省,淮河流域,吉利河水库出口,2026-09-28 09:00,3,23.527,8.09,6.84,333.057,10.907,5.07,0.012,0.047,0.983,,,2026-09-28 10:25:57
山东省,淮河流域,墨水河入海口,2026-09-28 09:00,4,24.418,7.6,5.76,1685.62,55.69,7.44,0.457,0.253,6.128,,,2026-09-28 10:25:57
山东省,淮河流域,韩旺大桥,2026-09-28 10:00,2,22.357,8.15,10.37,873.344,3.04,2.27,0.016,0.005,26.04,,,2026-09-28 10:25:57
山东省,淮河流域,台儿庄大桥,2026-09-28 09:00,2,24.93,7.84,6.87,1244.33,22.62,3.57,0.194,0.073,2.543,,,2026-09-28 10:25:57
山东省,淮河流域,群乐桥,2026-09-28 09:00,3,20.6,7.8,5.65,2159.38,28.834,4.7,0.022,0.088,2.622,,,2026-09-28 10:25:57
山东省,淮河流域,王晁桥,2026-09-28 09:00,5,24.115,7.63,2.77,1060.7,23.45,3.39,1.992,0.316,6.822,,,2026-09-28 10:25:57
山东省,淮河流域,十字河大桥,2026-09-28 09:00,2,24.463,7.97,8.49,1327.94,4.72,3.78,0.004,0.042,0.503,,,2026-09-28 10:25:57
山东省,淮河流域,贾庄闸,2026-09-28 09:00,3,23.83,7.61,6.52,1402.56,12.954,4.4,0.278,0.117,5.641,,,2026-09-28 10:25:57
山东省,淮河流域,支脉河陈桥,2026-09-28 09:00,2,23.508,8.26,9.66,7235.726,32.94,,0.06,0.093,1.704,,,2026-09-28 10:25:57
山东省,淮河流域,新夹河大桥,2026-09-28 09:00,4,22.13223,7.65,5.31,1191.811,21.25,7.31,0.058,0.078,0.58807,,,2026-09-28 10:25:57
山东省,淮河流域,桥头,2026-09-28 09:00,4,21.68,7.84,4.7,785.912,7.71,7.5,0.069,0.191,2.777,,,2026-09-28 10:25:57
山东省,淮河流域,东村河入海口,2026-09-28 09:00,4,20.301,7.07,4.21,710.323,56.469,4.05,0.115,0.099,2.303,,,2026-09-28 10:25:57
山东省,淮河流域,羊口,2026-09-28 09:00,6,24.088,7.83,1.98,4949.423,66.448,5.77,0.199,0.148,3.858,,,2026-09-28 10:25:57
山东省,淮河流域,峡山水库库中,2026-09-28 09:00,3,24.15,8.77,7.45,738.83,19.46,5.08,,0.03,0.363,0.01411,1.425917,2026-09-28 10:25:57
山东省,淮河流域,柳疃桥,2026-09-28 09:00,4,23.906,8.04,10.71,1535.671,24.181,6.88,0.011,0.008,7.209,,,2026-09-28 10:25:57
山东省,淮河流域,张建桥,2026-09-28 09:00,2,23,7.72,7.94,2690.159,9.482,3.31,0.179,0.049,11.912,,,2026-09-28 10:25:57
山东省,淮河流域,兖州南大桥,2026-09-28 09:00,4,24.227,7.56,3.43,1158.46,10.763,4.07,0.023,0.06,1.7584,,,2026-09-28 10:25:57
山东省,淮河流域,105公路桥,2026-09-28 09:00,4,25.025,7.7,3.73,1616.26,63.052,5.42,0.075,0.143,2.483,,,2026-09-28 10:25:57
山东省,淮河流域,高河桥,2026-09-28 09:00,5,25.316,7.86,2.48,1422.41,27.731,4.75,0.11,0.105,1.825,,,2026-09-28 10:25:57
山东省,淮河流域,西石佛,2026-09-28 09:00,4,24.791,7.58,3.27,1264.5,12.38,3.56,0.389,0.074,3.708,,,2026-09-28 10:25:57
山东省,淮河流域,老运河微山段,2026-09-28 09:00,4,25.542,7.79,3.98,1295.15,13.854,3.64,0.065,0.035,1.006,,,2026-09-28 10:25:57
山东省,淮河流域,李集,2026-09-28 09:00,4,24.458,8.05,4.45,1258.5,15.456,3.83,0.066,0.104,1.409,,,2026-09-28 10:25:57
山东省,淮河流域,尹沟,2026-09-28 09:00,2,24.28,8.1,7.84,1039.43,28.97,3.38,0.138,0.031,0.791,0.04,,2026-09-28 10:25:57
山东省,淮河流域,西支河入湖口,2026-09-28 09:00,3,25.7,8.52,7.74,1337.01,13.268,5,0.017,0.054,1.054,,,2026-09-28 10:25:57
山东省,淮河流域,东石佛,2026-09-28 09:00,2,24.683,7.96,6.46,1217.185,73.517,,0.004,0.027,0.988,,,2026-09-28 10:25:57
山东省,淮河流域,西姚,2026-09-28 09:00,6,24.961,8.03,1.89,1218,30.96,3.17,0.034,0.141,1.177,,,2026-09-28 10:25:57
山东省,淮河流域,鲁桥,2026-09-28 09:00,4,25.329,7.79,4.43,1778.96,28.547,4.62,0.142,0.062,0.84,,,2026-09-28 10:25:57
山东省,淮河流域,牛庄闸,2026-09-28 09:00,4,24.86,7.59,3.42,1005.53,14.053,3.88,0.02,0.003,1.296,,,2026-09-28 10:25:57
山东省,淮河流域,湘子庙,2026-09-28 09:00,4,24.49,8.2,3.85,2091.53,58.959,4.2,0.028,0.236,2.96749,,,2026-09-28 10:25:57
山东省,黄河流域,戴村坝,2026-09-28 09:00,2,25.1,7.66,7.85,933.94,0.6,2.42,0.064,0.03,2.744,,,2026-09-28 10:25:57
山东省,黄河流域,徐家汶,2026-09-28 09:00,3,21.31016,7.75,7.95,1407.797,2.436,2.42,0.096,0.103,37.45543,,,2026-09-28 10:25:57
山东省,淮河流域,南桥,2026-09-28 10:00,4,23.806,8.19,9.04,1628.536,28.524,8.17,0.16,0.121,1.583,,,2026-09-28 10:25:57
山东省,淮河流域,大古镇,2026-09-28 09:00,6,23.29,6.83,3.96,689.11,18.93,4.16,2.055,0.208,,,,2026-09-28 10:25:57
山东省,淮河流域,夏庄,2026-09-28 09:00,4,21.75,7.84,5.45,1000.1,13.2,6.34,0.542,0.266,3.79994,,,2026-09-28 10:25:57
山东省,黄河流域,贺小庄,2026-09-28 10:00,4,24.335,7.65,4.84,843.044,8.262,4,0.068,0.008,1.134,,,2026-09-28 10:25:57
山东省,淮河流域,临沂北大桥,2026-09-28 09:00,6,23.94,9.13,9.01,417.48,22.463,7.49,0.046,0.077,1.436,,,2026-09-28 10:25:57
山东省,淮河流域,捷庄,2026-09-28 09:00,4,24.42,7.48,5.1,700.253,11.389,6.22,0.128,0.097,1.088,,,2026-09-28 10:25:57
山东省,淮河流域,临沭大兴桥,2026-09-28 09:00,3,24.386,7.59,7.69,621.095,12.75,5.97,,0.139,1.231,,,2026-09-28 10:25:57
山东省,淮河流域,310公路桥,2026-09-28 09:00,6,24.18,7.26,0.82,728.42,3.41,3.7,0.029,0.108,0.321,,,2026-09-28 10:25:57
山东省,淮河流域,沙沟桥,2026-09-28 09:00,4,22.49,7.39,3.94,735.38,11.87,3.63,0.095,0.097,2.073,,,2026-09-28 10:25:57
山东省,淮河流域,云蒙湖湖心,2026-09-28 09:00,3,21.28,8.56,9.31,419.8,1.54,4.22,0.11,0.019,2.874,0.01165,9556190,2026-09-28 10:25:57
山东省,海河流域,第三店,2026-09-28 09:00,3,24.382,7.63,5.05,972.793,76.736,2.38,0.044,0.032,2.045,,,2026-09-28 10:25:57
山东省,海河流域,董姑桥,2026-09-28 10:00,4,23.415,8.02,4.88,1252,20.016,3.94,0.012,0.046,0.899,,,2026-09-28 10:25:57
山东省,海河流域,油坊桥,2026-09-28 10:00,3,24.309,8.07,6.59,1084.205,87.897,2.32,0.09,0.12,4.837,,,2026-09-28 10:25:57
山东省,海河流域,秤勾湾,2026-09-28 09:00,3,24.91,7.93,5.49,1065.71,46.21,,0.725,0.121,6.9894,,,2026-09-28 10:25:57
山东省,海河流域,北湖,2026-09-28 10:00,2,24.74,8.73,9.28,934.62,1.58,2.62,0.081,0.014,1.573,0.01301,6509506,2026-09-28 10:25:57
山东省,海河流域,小泊头桥,2026-09-28 09:00,2,24.252,8.03,6.75,1296.509,18.341,2.28,0.029,0.095,5.503,,,2026-09-28 10:25:57
山东省,海河流域,胜利桥,2026-09-28 09:00,3,24.203,8.29,8.51,2455.991,12.874,5.78,0.089,0.118,,,,2026-09-28 10:25:57
山东省,海河流域,富国,2026-09-28 09:00,4,23.927,8.14,4.71,2545.51,23.41,5.19,0.054,0.092,1.285,,,2026-09-28 10:25:57
山东省,海河流域,芦家河子水库,2026-09-28 09:00,3,22.817,8.86,5.68,845.424,26.713,3.84,0.023,0.045,1.206,,,2026-09-28 10:25:57
山东省,海河流域,三角洼水库,2026-09-28 09:00,2,25.398,8.77,9.5,1009.622,34.32,2.25,0.03,0.033,0.769,,,2026-09-28 10:25:57
山东省,淮河流域,西闸,2026-09-28 09:00,3,23.984,7.74,6.54,1852.179,9.096,3.65,0.28,0.137,5.813,,,2026-09-28 10:25:57
山东省,淮河流域,范李,2026-09-28 09:00,3,24.756,8.03,7.12,2150.535,22.581,3.53,0.18,0.149,5.406,,,2026-09-28 10:25:57
山东省,海河流域,邵家,2026-09-28 09:00,5,25.181,7.15,3.13,13117.82,441.74,14.42,0.025,0.173,,,,2026-09-28 10:25:57
山东省,淮河流域,于楼,2026-09-28 09:00,5,23.969,8.33,2.2,2101.59,23.435,5.24,0.092,0.23,0.91,,,2026-09-28 10:25:57
山东省,淮河流域,徐寨,2026-09-28 09:00,3,24.308,8.19,7.2,2211.55,21.937,4.32,0.101,0.131,2.188,,,2026-09-28 10:25:57
河南省,黄河流域,七里铺,2026-09-28 09:00,3,23.962,7.82,7.2,728.479,20.6056,2.32,0.152,0.14,5.105,,,2026-09-28 10:25:57
河南省,淮河流域,尖岗水库,2026-09-28 08:00,2,24.17,8.73,9.47,256.54,2.9633,2.58,,0.009,0.2634,,,2026-09-28 10:25:57
河南省,淮河流域,新郑黄甫寨,2026-09-28 09:00,2,23.76,7.77,6.65,1060.68,15.16,3.55,0.299,0.051,3.981,,,2026-09-28 10:25:57
河南省,淮河流域,通许邸阁,2026-09-28 09:00,3,23.56,8.01,6.76,941.95,101.68,3.81,0.095,0.118,1.875,,,2026-09-28 10:25:57
河南省,淮河流域,中牟陈桥,2026-09-28 09:00,3,24.35,7.67,6.89,759.74,50.27,4.01,0.43,0.114,5.9663,,,2026-09-28 10:25:57
河南省,黄河流域,高崖寨,2026-09-28 09:00,2,22.5,8.03,7.1,496.63,10.35,2.35,0.034,0.042,3.311,,,2026-09-28 10:25:57
河南省,黄河流域,龙门大桥,2026-09-28 09:00,3,21.7,8.17,8.03,630.978,31.072,3.75,0.252,0.136,5.115,,,2026-09-28 10:25:57
河南省,淮河流域,紫罗山,2026-09-28 09:00,2,21.1271,7.9,8.2,277.0666,50.75073,3.77,0.093,0.077,4.41487,,,2026-09-28 10:25:57
河南省,黄河流域,白马寺,2026-09-28 09:00,3,23.34,7.8,6.61,640.6,23.6,2.03,0.164,0.113,4.047,,,2026-09-28 10:25:57
河南省,黄河流域,潭头,2026-09-28 09:00,2,20.449,8.08,8.64,532.8,7.1943,1.39,0.04,0.026,3.1,,,2026-09-28 10:25:57
河南省,淮河流域,大陈闸,2026-09-28 09:00,2,23.99038,7.89,6.68,832.7903,7.1714,1.04,0.007,0.042,7.25944,,,2026-09-28 10:25:57
河南省,淮河流域,白龟山水库,2026-09-28 09:00,4,23.06,7.54,4.05,362.87,4.74,3.44,0.005,0.021,1.1,0.02618,2072000,2026-09-28 10:25:57
河南省,淮河流域,杨寨中村,2026-09-28 09:00,3,21.24,7.7,6.93,675.98,42.19,2.97,0.068,0.13,8.081,,,2026-09-28 10:25:57
河南省,淮河流域,舞钢石庄桥,2026-09-28 09:00,4,22.53494,7.51,6.15,645.9938,14.77899,3.95,0.729,0.243,4.95857,,,2026-09-28 10:25:57
河南省,海河流域,彰武水库,2026-09-28 09:00,1,24.255,8.02,9.12,580.5,3.9,1.74,,0.008,2.5462,,,2026-09-28 10:25:57
河南省,海河流域,冯宿桥,2026-09-28 09:00,3,23.94,7.79,5.22,802.7061,12.149,2.76,0.359,0.056,4.8846,,,2026-09-28 10:25:57
河南省,海河流域,五陵,2026-09-28 09:00,3,24.02,7.83,6.56,1282.5,87.2,3.15,0.022,0.188,6.933,,,2026-09-28 10:25:57
河南省,海河流域,石辛庄,2026-09-28 09:00,3,23.94,8.23,6.75,1444.275,32.902,4.52,0.189,0.138,9.0206,,,2026-09-28 10:25:57
河南省,海河流域,黄花营,2026-09-28 09:00,1,24.81,8.3,8.75,497.3595,5.7976,1.02,0.011,0.013,4.6968,,,2026-09-28 10:25:57
河南省,海河流域,前枋城,2026-09-28 09:00,2,23.321,7.59,7.41,603.58,8.091,1.47,0.008,,5.5846,,,2026-09-28 10:25:57
河南省,海河流域,卫河小河口,2026-09-28 09:00,3,23.36,7.84,6.36,1327.889,125.5,3.52,0.385,0.171,7.2921,,,2026-09-28 10:25:57
河南省,海河流域,修武水文站,2026-09-28 09:00,4,24.13,7.89,7.72,2485.519,47.06,4.12,0.479,0.211,8.4428,,,2026-09-28 10:25:57
河南省,海河流域,获嘉东碑村,2026-09-28 09:00,3,23.94,7.72,6.59,2227.18,37.26,4.11,0.098,0.153,5.479,,,2026-09-28 10:25:57
河南省,黄河流域,封丘陶北,2026-09-28 09:00,3,23.96,8.03,6.94,1020.08,53.36,2.34,0.036,0.116,3.098,,,2026-09-28 10:25:57
河南省,黄河流域,封丘王堤,2026-09-28 09:00,3,23.731,7.71,7.15,1018.45,42.15,3.82,0.311,0.109,3.2348,,,2026-09-28 10:25:57
河南省,海河流域,新乡贾太湖,2026-09-28 09:00,3,23.34,8.16,8.7,962.891,470.318,2.86,,0.156,3.4717,,,2026-09-28 10:25:57
河南省,黄河流域,武陟渠首,2026-09-28 09:00,2,23.84,7.92,8.05,916.92,32.18,1.49,0.032,0.075,4.482,,,2026-09-28 10:25:57
河南省,黄河流域,孟州石井,2026-09-28 09:00,4,24.19996,7.74,4.81,3195.298,30.98943,6.8,0.097,0.22,7.71702,,,2026-09-28 10:25:57
河南省,黄河流域,孟州还封村,2026-09-28 09:00,3,23.37774,7.81,6.41,1730.693,9.38437,1.72,0.056,0.125,10.80504,,,2026-09-28 10:25:57
河南省,海河流域,南乐元村集,2026-09-28 09:00,3,22.08,7.97,8.82,1260.67,156.23,3.2,0.074,0.144,6.998,,,2026-09-28 10:25:57
河南省,海河流域,南乐水文站,2026-09-28 09:00,5,24.17,7.82,5.16,863.0481,132.48,5.99,0.555,0.319,,,,2026-09-28 10:25:57
河南省,海河流域,濮阳西水坡,2026-09-28 09:00,3,25.69,8.38,5.44,794.33,18.63,2.57,0.051,0.013,1.003,,,2026-09-28 10:25:57
河南省,黄河流域,濮阳大韩桥,2026-09-28 09:00,4,23.56,7.4,3.19,923.48,55.2,2.5,0.127,0.121,1.247,,,2026-09-28 10:25:57
河南省,淮河流域,白沙水库,2026-09-28 09:00,4,23.7634,7.77,4.67,725.896,3.5129,2.91,0.008,0.018,3.5974,,,2026-09-28 10:25:57
河南省,淮河流域,召陵武湾,2026-09-28 09:00,2,23.57,7.82,7.38,636.7,50.6,3.52,0.083,0.09,4.369,,,2026-09-28 10:25:57
河南省,淮河流域,郾城漯邓桥,2026-09-28 09:00,3,24.7,7.57,5.05,1611,20.6,3.89,0.056,0.195,4.338,,,2026-09-28 10:25:57
河南省,淮河流域,叶舞公路桥,2026-09-28 09:00,2,22.891,7.43,6.9,360.16,14.092,3.18,0.003,0.077,2.999,,,2026-09-28 10:25:57
河南省,淮河流域,临颍高村桥,2026-09-28 09:00,3,23.9,7.54,6.53,962.99,20.94,,0.671,0.186,9.735,,,2026-09-28 10:25:57
河南省,淮河流域,舞阳马湾,2026-09-28 09:00,3,23.613,7.72,5.85,607.939,22.588,2.64,0.04,0.056,4.605,,,2026-09-28 10:25:57
河南省,黄河流域,洛河大桥,2026-09-28 09:00,1,20.6,8.24,8.69,446.828,10.76,1.12,0.079,0.018,1.707,,,2026-09-28 10:25:57
河南省,黄河流域,三门峡水库,2026-09-28 09:00,2,22.24,8.09,7.21,1064.128,464.2213,1.47,0.01,0.018,3.94566,0.00608,2989190,2026-09-28 10:25:57
河南省,长江流域,淅川荆紫关,2026-09-28 09:00,2,22.96434,7.96,6.99,393.748,6.319891,1.43,0.005,0.017,1.749,,,2026-09-28 10:25:57
河南省,长江流域,淅川史家湾,2026-09-28 09:00,2,22.97,7.9,7.94,412.062,6.473,1.25,,0.024,1.811,0.00162,,2026-09-28 10:25:57
河南省,长江流域,淅川高湾,2026-09-28 09:00,2,22.14,7.81,7.53,404.335,19.376,0.95,0.019,0.038,1.6198,0.0042,,2026-09-28 10:25:57
河南省,长江流域,淅川张营,2026-09-28 09:00,4,24.79,7.53,4.09,330.415,5.242,,0.009,0.022,1.4036,0.00219068,,2026-09-28 10:25:57
河南省,长江流域,五龙泉,2026-09-28 09:00,3,23.88,7.72,5.15,263.98,4.87,1.74,0.001,0.013,0.838,0.0016,717996.3,2026-09-28 10:25:57
河南省,长江流域,宋岗,2026-09-28 09:00,2,24.445,8,6.74,261.3,6.905,1.25,,0.01,0.79,0.003114,999289.5,2026-09-28 10:25:57
河南省,长江流域,陶岔,2026-09-28 09:00,3,24.51,7.98,5.87,259.031,4.306,1.53,,0.013,0.8787,0.0021,752968,2026-09-28 10:25:57
河南省,长江流域,三道河,2026-09-28 09:00,1,20.369,6.68,8.47,577.2,64.466,0.8,0.072,0.008,4.941,,,2026-09-28 10:25:57
河南省,长江流域,上河,2026-09-28 09:00,2,20.7,8.01,9.15,188.9473,6.29688,2.27,0.006,0.003,1.46748,,,2026-09-28 10:25:57
河南省,长江流域,方城夏河,2026-09-28 09:00,3,21.71,7.62,5.19,733.1715,28.632,3.15,0.39,0.144,7.228,,,2026-09-28 10:25:57
河南省,长江流域,内乡怀乡桥,2026-09-28 08:00,2,22.68739,7.85,6.56,488.7364,5.77358,1.82,0.004,0.017,2.87162,,,2026-09-28 10:25:57
河南省,淮河流域,新野溧河桥,2026-09-28 07:00,2,22.88729,7.74,7.93,430.267,36.0292,3.43,0.003,0.095,3.08512,,,2026-09-28 10:25:57
河南省,淮河流域,吕楼桥,2026-09-28 09:00,4,23.25,7.58,3.35,1718.572,59.622,4.75,0.144,0.153,1.9155,,,2026-09-28 10:25:57
河南省,淮河流域,黄口,2026-09-28 10:00,3,24.04,8.16,5.73,1873.885,16.727,4.11,0.146,0.066,3.2936,,,2026-09-28 10:25:57
河南省,淮河流域,睢县板桥,2026-09-28 09:00,5,23.34,7.73,4.92,1491.81,166.81,6.83,1.986,0.353,9.239,,,2026-09-28 10:25:57
河南省,淮河流域,永城张板桥,2026-09-28 09:00,4,23.37,8.32,7.26,1413.02,30.56,7.59,0.143,0.204,2.346,,,2026-09-28 10:25:57
河南省,淮河流域,长台关甘岸桥,2026-09-28 09:00,3,22.85,7.39,6.06,315.51,29.63,4.05,0.02,0.06,1.352,,,2026-09-28 10:25:57
河南省,淮河流域,息县大埠口,2026-09-28 09:00,4,23.18412,7.22,3.93,301.6759,7.60804,3.45,,0.05,0.8313,,,2026-09-28 10:25:57
河南省,淮河流域,潢川水文站,2026-09-28 09:00,3,23.5045,6.85,7.09,209.797,19.0996,3.36,0.024,0.122,1.6667,,,2026-09-28 10:25:57
河南省,淮河流域,淮滨北庙,2026-09-28 09:00,2,30.84,8.54,7.03,,75.44327,2.83,0.002,0.07,0.96698,,,2026-09-28 10:25:57
河南省,淮河流域,饮用水源地取水口,2026-09-28 10:00,3,24.08,7.23,5.98,163.74,8.49,3.11,0.102,0.015,0.603,0.047,75000,2026-09-28 10:25:57
河南省,淮河流域,竹竿铺,2026-09-28 09:00,2,22.43,7.49,6.25,188.33,12.72,2.44,0.028,0.052,0.431,,,2026-09-28 10:25:57
河南省,淮河流域,固始马罡,2026-09-28 09:00,3,23.9565,7.42,5.59,206.259,5.5848,2.86,0.01,0.028,0.614,,,2026-09-28 10:25:57
河南省,淮河流域,老沈丘泉河桥,2026-09-28 09:00,5,24.31,7.52,2.7,904.01,35.626,3.37,0.035,0.117,3.4038,,,2026-09-28 10:25:57
河南省,淮河流域,刘寨村后,2026-09-28 09:00,4,24.25,7.7,3.85,1457,54.54,4.29,0.285,0.121,3.1031,,,2026-09-28 10:25:57
河南省,淮河流域,西华大王庄,2026-09-28 10:00,4,23.3161,7.9,6.99,815.92,110.221,4.72,0.73,0.235,4.679,,,2026-09-28 10:25:57
河南省,淮河流域,周口康店,2026-09-28 09:00,4,24.33,7.59,4.81,818.6458,35.1,3.7,0.655,0.139,5.4675,,,2026-09-28 10:25:57
河南省,淮河流域,商水双桥,2026-09-28 09:00,4,23.83,7.48,3.54,777.1189,25.6459,3.15,,0.148,5.555,,,2026-09-28 10:25:57
河南省,淮河流域,鄢陵陶城闸,2026-09-28 09:00,4,23.1,7.63,3.66,1037.1,32.17,3.7,1.097,0.238,8.0362,,,2026-09-28 10:25:57
河南省,淮河流域,鹿邑付桥,2026-09-28 09:00,6,24.63,7.58,1.47,903.256,26.321,4.75,0.194,0.099,2.0629,,,2026-09-28 10:25:57
河南省,淮河流域,西华址坊,2026-09-28 10:00,3,22.77,7.89,6.86,946.17,34.95,2.54,0.11,0.159,6.855,,,2026-09-28 10:25:57
河南省,淮河流域,冯塘邱屯,2026-09-28 09:00,4,23.36,7.45,3.45,1085.971,43.1398,4.21,0.159,0.166,5.8811,,,2026-09-28 10:25:57
河南省,淮河流域,鹿邑宋河桥,2026-09-28 10:00,4,24.29,7.55,4.38,1177,11.42,6.44,0.039,0.159,2.308,,,2026-09-28 10:25:57
河南省,淮河流域,新蔡班台,2026-09-28 09:00,5,23.288,8.82,7.8,,3.583,4.13,0.736,0.322,3.405,,,2026-09-28 10:25:57
河南省,淮河流域,西平杨庄,2026-09-28 09:00,3,21.65,7.47,5.8,793.6279,25.72432,4.14,0.468,0.191,4.75964,,,2026-09-28 10:25:57
河南省,淮河流域,板桥水库,2026-09-28 09:00,4,22.73,7.38,3.34,234.7828,3.54,3.03,0.016,0.021,0.759,,,2026-09-28 10:25:57
河南省,淮河流域,西平王孟寺,2026-09-28 09:00,3,22.57937,7.24,5.37,902.5822,28.87836,2.66,0.081,0.175,3.93056,,,2026-09-28 10:25:57
河南省,淮河流域,新蔡李桥,2026-09-28 09:00,4,23.346,7.98,5.94,838.171,38.11,2.85,0.426,0.288,4.114,,,2026-09-28 10:25:57
河南省,黄河流域,小浪底水库,2026-09-28 09:00,2,23.83,8.14,6.72,986.092,9.85,1.66,0.052,0.031,3.024,,,2026-09-28 10:25:57
河南省,黄河流域,南山,2026-09-28 09:00,2,22.82847,8,7.28,1049.527,11.6511,1.54,0.007,0.021,3.30764,0.00942,2734588,2026-09-28 10:25:57
湖北省,长江流域,朱家河口,2026-09-28 09:00,4,25.4,7.38,4.3,493.562,85.262,4.43,0.06,0.097,2.588,,,2026-09-28 10:25:57
湖北省,长江流域,沐家泾,2026-09-28 10:00,3,25.27,7.07,5.72,206.758,218.143,4.55,0.111,0.127,1.889,,,2026-09-28 10:25:57
湖北省,长江流域,牛山湖湖心,2026-09-28 10:00,2,25.9,7.8,7.4,195.996,21.024,3.83,,0.021,0.437,0.00517,1.611599,2026-09-28 10:25:57
湖北省,长江流域,西梁子湖湖北,2026-09-28 10:00,3,25.9647,7.49,5.7,196.38,23.176,2.9,,0.028,0.166,0.00675,5169510,2026-09-28 10:25:57
湖北省,长江流域,宗关,2026-09-28 09:00,2,24.855,7.78,7.57,370.4,30.21,2.16,0.043,0.069,1.653,0.001422,,2026-09-28 10:25:57
湖北省,长江流域,杨泗港,2026-09-28 09:00,2,26.35,7.75,7.38,304.298,26.57,1.66,,0.032,1.93,,,2026-09-28 10:25:57
湖北省,长江流域,冯集,2026-09-28 09:00,2,25.5,7.39,7.35,232.875,16.51,3.37,0.118,0.08,1.049,,,2026-09-28 10:25:57
湖北省,长江流域,龙口,2026-09-28 09:00,3,25.75,7.39,5.52,216.09,19.78,5.19,0.067,0.06,0.799,,,2026-09-28 10:25:57
湖北省,长江流域,金水闸,2026-09-28 10:00,6,26.14,7.07,1.88,301.44,29.94,5.8,0.243,0.035,1.135,,,2026-09-28 10:25:57
湖北省,长江流域,郭玉,2026-09-28 09:00,2,25.655,7.52,7.96,218.7,12.388,2.5,0.029,0.069,2.012,,,2026-09-28 10:25:57
湖北省,长江流域,滠口,2026-09-28 09:00,4,25.65,7.12,4.85,238.0477,28.96,3.81,0.073,0.071,0.8709,,,2026-09-28 10:25:57
湖北省,长江流域,黄陵大桥,2026-09-28 09:00,3,26.154,7.26,5.72,481.288,41.96,3.78,0.137,0.095,1.315,,,2026-09-28 10:25:57
湖北省,长江流域,太平沙,2026-09-28 09:00,5,24.16,7.34,2.97,501.2,78.82,4.2,0.011,0.102,1.951,,,2026-09-28 10:25:57
湖北省,长江流域,白浒山,2026-09-28 09:00,2,26.35,7.74,6.26,353.7263,30.71657,1.06,0.01,0.077,2.110055,,,2026-09-28 10:25:57
湖北省,长江流域,挖沟泵站,2026-09-28 09:00,4,26.47056,7.13,3.15,1584.037,49.02737,4.52,0.604,0.145,2.63308,,,2026-09-28 10:25:57
湖北省,长江流域,富池闸,2026-09-28 09:00,3,27.61,7.24,5.03,232.2132,19.90403,2.19,0.029,0.043,1.234231,,,2026-09-28 10:25:57
湖北省,长江流域,夹河口,2026-09-28 09:00,4,22.85,7.72,4.51,313.3537,7.27,1.26,0.036,0.014,1.35,,,2026-09-28 10:25:57
湖北省,长江流域,天河口,2026-09-28 09:00,3,21.736,7.76,8.65,347.947,32.093,4.49,0.322,0.107,2.669,,,2026-09-28 10:25:57
湖北省,长江流域,焦家院,2026-09-28 09:00,2,22.04,7.86,6.26,233.963,15.877,1.49,0.011,0.03,1.0677,,,2026-09-28 10:25:57
湖北省,长江流域,孙家湾,2026-09-28 09:00,2,21.21,7.28,7.87,172.16,24.97,3.27,0.03,0.056,2.021,,,2026-09-28 10:25:57
湖北省,长江流域,浪河口,2026-09-28 09:00,2,22.13,7.44,7.93,125.8404,27.5,3.28,0.062,0.031,2.098,,,2026-09-28 10:25:57
湖北省,长江流域,丹江口水库坝上中,2026-09-28 09:00,3,25.08,7.65,5.29,249.102,1.170377,1.81,0.073,0.011,1.1279,0.0017238,4656000,2026-09-28 10:25:57
湖北省,长江流域,陈家坡,2026-09-28 09:00,2,23.46,7.69,6.7,290.01,10.14,2.06,0.026,0.027,1.2198,,,2026-09-28 10:25:57
湖北省,长江流域,潘口水库坝上,2026-09-28 09:00,3,23.18,7.78,5.79,194,2,1.6,,0.01,0.868,,,2026-09-28 10:25:57
湖北省,长江流域,剑河口,2026-09-28 09:00,2,24.73,7.18,7.29,230.05,0.16,2.03,0.012,0.022,1.152,,,2026-09-28 10:25:57
湖北省,长江流域,东湾桥,2026-09-28 09:00,3,19.52,7.51,9.24,202.8254,47.57,,0.176,0.147,3.9246,,,2026-09-28 10:25:57
湖北省,长江流域,玉皇滩,2026-09-28 09:00,1,22.007,8.16,7.93,389.8,3.579,0.59,0.023,0.019,1.449,,,2026-09-28 10:25:57
湖北省,长江流域,神定河口,2026-09-28 09:00,4,21.5,7.05,7.93,400.289,32.026,6.52,1.045,0.233,6.643,,,2026-09-28 10:25:57
湖北省,长江流域,泗河口,2026-09-28 09:00,3,21.11,7.18,7.56,250.65,32.52,5.68,0.217,0.127,2.883,,,2026-09-28 10:25:57
湖北省,长江流域,王河电站,2026-09-28 09:00,2,22,8.03,7.31,409.2078,16.23,2.36,0.08,0.032,1.3732,,,2026-09-28 10:25:57
湖北省,长江流域,隔河岩水库坝上,2026-09-28 09:00,2,20.15,7.84,6.92,227.21,1.93,1.5,0.005,0.013,1.895,0.03402,2154052,2026-09-28 10:25:57
湖北省,长江流域,长沙坝,2026-09-28 09:00,2,24.649,7.49,6.64,433.297,3.737,1.55,0.013,0.042,2.351,,,2026-09-28 10:25:57
湖北省,长江流域,清江大桥,2026-09-28 09:00,-1,,,,,,,,,,,,2026-09-28 10:25:57
湖北省,长江流域,南津关,2026-09-28 10:00,2,26.11,7.74,6.77,401.663,6.13548,2.04,0.007,0.046,2.2909,0.0482415,,2026-09-28 10:25:57
湖北省,长江流域,马渡河,2026-09-28 09:00,2,22.12,7.51,6.43,396,2.03,1.78,0.005,0.026,2.581,,,2026-09-28 10:25:57
湖北省,长江流域,铁路大桥,2026-09-28 09:00,2,21.94,7.85,7.45,436.8,13.5,2.08,0.029,0.061,2.498,,,2026-09-28 10:25:57
湖北省,长江流域,两河口,2026-09-28 09:00,2,23.195,7.62,7.19,573.8959,18.4619,3.02,0.05,0.06,2.6074,,,2026-09-28 10:25:57
湖北省,长江流域,桅杆坪,2026-09-28 09:00,-1,,,,,,,,,,,,2026-09-28 10:25:57
湖北省,长江流域,白石港,2026-09-28 09:00,2,23.5,8.07,7.46,319.596,1.758,2.67,0.001,0.011,1.238,,,2026-09-28 10:25:57
湖北省,长江流域,云池,2026-09-28 09:00,2,24.93,7.72,6.21,392.93,9.39,,,0.045,2.161,,,2026-09-28 10:25:57
湖北省,长江流域,翟湾,2026-09-28 09:00,3,22.41,7.65,5.72,532.3585,57.04557,3.68,0.111,0.158,2.6989,,,2026-09-28 10:25:57
湖北省,长江流域,埠口,2026-09-28 09:00,3,22.74556,7.78,5.12,545.1002,48.87622,3.09,0.221,0.19,2.93007,,,2026-09-28 10:25:57
湖北省,长江流域,张湾,2026-09-28 09:00,3,21.49,7.38,5.61,486.4061,28.15,2.59,0.103,0.159,3.329,,,2026-09-28 10:25:57
湖北省,长江流域,余家湖,2026-09-28 09:00,2,23.43,7.83,6.25,338.3108,24.49,2.47,0.087,0.037,,,,2026-09-28 10:25:57
湖北省,长江流域,聂家滩,2026-09-28 09:00,2,23.17,7.75,6.91,316.0205,14.03,1.85,0.063,0.06,1.566,,,2026-09-28 10:25:57
湖北省,长江流域,汤店,2026-09-28 09:00,4,22.91,7.47,4.11,686.7732,7.66,4.52,0.175,0.099,1.702,,,2026-09-28 10:25:57
湖北省,长江流域,沈湾,2026-09-28 09:00,3,18.99,7.69,5.32,311.5,4.63,2.29,0.062,0.025,1.365,,,2026-09-28 10:25:57
湖北省,长江流域,朱市,2026-09-28 09:00,3,22.07,8.04,7.32,571.7548,29.78,2.81,0.05,0.12,2.068,,,2026-09-28 10:25:57
湖北省,长江流域,茶庵,2026-09-28 09:00,2,23.08,8.17,7.78,345.0782,5.16,1.12,0.02,0.03,1.386,,,2026-09-28 10:25:57
湖北省,长江流域,马兰河口,2026-09-28 09:00,2,21.61,7.93,8.26,284.8,97.49,2.22,0.072,0.067,2.13,,,2026-09-28 10:25:57
湖北省,长江流域,燕矶,2026-09-28 09:00,2,26.36,7.64,6.86,344,27.19,1.35,0.046,0.052,2.058,,,2026-09-28 10:25:57
湖北省,长江流域,东梁子湖湖心,2026-09-28 10:00,3,26.38,7.92,7.25,199.271,34.607,3.32,,0.031,0.989,,,2026-09-28 10:25:57
湖北省,长江流域,梁子湖七星站,2026-09-28 09:00,3,26.44,7.59,5.85,199.6534,22.72165,3.65,0.065,0.02,1.073441,0.03636143,,2026-09-28 10:25:57
湖北省,长江流域,漳河水库库心,2026-09-28 09:00,1,23.87,8.34,9.22,306.9907,10.933,1.75,,0.005,0.485,0.00035,9039000,2026-09-28 10:25:57
湖北省,长江流域,转斗,2026-09-28 09:00,2,22.32,7.64,6.56,426.894,9.2251,2.97,0.012,0.062,1.666,,,2026-09-28 10:25:57
湖北省,长江流域,罗汉闸,2026-09-28 09:00,2,23.2,7.73,9.13,346.14,59.56,0.98,0.015,0.054,1.5539,,,2026-09-28 10:25:57
湖北省,长江流域,京山河邓李港,2026-09-28 09:00,3,25.61,7.71,7.68,462.9264,10.0704,3.25,,0.122,2.064,,,2026-09-28 10:25:57
湖北省,长江流域,马良龚家湾,2026-09-28 09:00,4,23.804,7.23,4.16,548.98,57.9575,2.73,0.105,0.148,2.3845,,,2026-09-28 10:25:57
湖北省,长江流域,应城公路桥,2026-09-28 09:00,2,24.65,7.92,6.41,530.23,10.8386,2.08,0.014,0.028,0.5023,,,2026-09-28 10:25:57
湖北省,长江流域,田店泵站,2026-09-28 09:00,2,24.84,7.84,7.59,493.44,12.7316,2.24,,0.034,0.76841,,,2026-09-28 10:25:57
湖北省,长江流域,垌冢桥,2026-09-28 09:00,4,24.909,7.17,4.12,437.632,20.28,2.51,0.073,0.105,2.052,,,2026-09-28 10:25:57
湖北省,长江流域,新沟闸,2026-09-28 09:00,4,25.61,7.66,4.22,430.99,14.35,3.48,,0.069,1.137,,,2026-09-28 10:25:57
湖北省,长江流域,小河,2026-09-28 09:00,2,25.76,7.97,7.24,406.62,36.98,2.38,0.044,0.07,2.23,,,2026-09-28 10:25:57
湖北省,长江流域,孝昌王店,2026-09-28 09:00,2,24.21,7.27,6.64,368.62,11.7225,3.95,0.069,0.073,2.0967,,,2026-09-28 10:25:57
湖北省,长江流域,孝感河口大桥,2026-09-28 09:00,4,25.21,7.39,4.19,363.514,19.204,4.02,0.016,0.071,1.3032,,,2026-09-28 10:25:57
湖北省,长江流域,大悟河口,2026-09-28 09:00,2,24.02,7.58,7.05,274.3,9.31,3.11,0.054,0.036,0.5737,,,2026-09-28 10:25:57
湖北省,长江流域,安陆桑树,2026-09-28 09:00,3,24.91,7.74,5.38,539.46,16.0118,2,0.02,0.034,0.54118,,,2026-09-28 10:25:57
湖北省,长江流域,隔蒲桥,2026-09-28 09:00,4,25.4,7.1,4.77,403.84,14.375,4.69,0.176,0.061,1.0484,,,2026-09-28 10:25:57
湖北省,长江流域,汉川新堰,2026-09-28 09:00,4,25.64,7.3,3.6,520.8,46.954,,0.175,0.137,2.388,,,2026-09-28 10:25:57
湖北省,长江流域,杨柴湖,2026-09-28 09:00,5,24.6,6.77,4.95,351.1,12.4,4.53,0.011,0.104,0.585,0.00165,953414.4,2026-09-28 10:25:57
湖北省,长江流域,排水闸,2026-09-28 09:00,4,25.74,7.5,4.89,395.0165,43.5984,3.16,,0.049,1.171,0.0011,1.794793,2026-09-28 10:25:57
湖北省,长江流域,洪湖湖心,2026-09-28 09:00,3,26,8.11,6.7,371.892,89.187,2.78,0.046,0.027,1.201,0.0012,48395.6,2026-09-28 10:25:57
湖北省,长江流域,观音寺,2026-09-28 09:00,2,25.26,7.83,6.73,388.71,5.26,,,0.048,2.325,,,2026-09-28 10:25:57
湖北省,长江流域,新刘家台,2026-09-28 09:00,2,25.629,7.89,6.28,429.95,13.005,2.08,0.031,0.049,3.576,,,2026-09-28 10:25:57
湖北省,长江流域,荆州河口,2026-09-28 09:00,2,24.41,7.71,6.96,512.3939,36.2968,3.1,,0.06,2.667,,,2026-09-28 10:25:57
湖北省,长江流域,康家岗,2026-09-28 09:00,2,24.98,8.15,9.82,485.865,29.1839,1.76,,0.027,1.5653,,,2026-09-28 10:25:57
湖北省,长江流域,新河村,2026-09-28 09:00,4,25.047,7.44,3.26,462.3,36.835,3.38,0.222,0.13,2.119,,,2026-09-28 10:25:57
湖北省,长江流域,新滩,2026-09-28 09:00,3,26.067,7.5,5.25,454.25,63.17,3.25,0.021,0.048,2.421,,,2026-09-28 10:25:57
湖北省,长江流域,淤泥湖,2026-09-28 10:00,2,24.7,7.81,7.94,395.1,17.3,1.67,0.024,0.057,1.917,,,2026-09-28 10:25:57
湖北省,长江流域,杨家垱,2026-09-28 09:00,2,24.82,8.04,7.86,407.93,26.07,1.28,0.026,0.064,1.936,,,2026-09-28 10:25:57
湖北省,长江流域,调关,2026-09-28 09:00,2,25.57,7.7,7.84,382.1311,25.4432,1.2,0.042,0.051,2.1599,,,2026-09-28 10:25:57
湖北省,长江流域,三兴公,2026-09-28 09:00,2,25.097,7.97,8.33,508.765,15.19,3.25,0.018,0.054,0.645,,,2026-09-28 10:25:57
湖北省,长江流域,姚集,2026-09-28 09:00,3,25.5,7.68,5.73,456.4,37,2.51,0.074,0.096,1.911,,,2026-09-28 10:25:57
湖北省,长江流域,乌溪沟,2026-09-28 10:00,3,19.06662,7.94,8.07,389.3592,12.52645,1.13,0.045,0.119,3.322563,,,2026-09-28 10:25:57
湖北省,长江流域,白莲河水库坝上,2026-09-28 09:00,6,26.714,6.77,0.82,107.3,1.682,2.31,0.003,0.037,0.4862,0.008065,3135,2026-09-28 10:25:57
湖北省,长江流域,巴河镇河口,2026-09-28 10:00,2,26.671,7.62,7.52,188.7,5.343,2.72,,0.046,0.843,,,2026-09-28 10:25:57
湖北省,长江流域,兰溪大桥,2026-09-28 10:00,3,28.284,7.79,8.46,176.601,6.536,4.08,0.161,0.074,1.513,,,2026-09-28 10:25:57
湖北省,长江流域,中官铺,2026-09-28 09:00,2,26.648,7.74,7.1,346.379,50.92,1.91,0.006,0.052,1.808,,,2026-09-28 10:25:57
湖北省,长江流域,蕲春县八里湖,2026-09-28 09:00,3,28.26,7,5,234.313,104.94,2.72,0.214,0.149,2.235,,,2026-09-28 10:25:57
湖北省,长江流域,咸宁湖心,2026-09-28 10:00,4,27.04,7.82,3.81,245.011,6.428,3.78,0.21,0.053,0.917,0.00552,1935691,2026-09-28 10:25:57
湖北省,长江流域,富水水库,2026-09-28 09:00,3,27.72,8.57,8.77,210.7826,11.41,2.35,0.021,0.029,0.685,0.01,2.3718,2026-09-28 10:25:57
湖北省,长江流域,窑嘴大桥,2026-09-28 09:00,6,27.21,7.28,1.38,406.3511,20.52,2.53,0.14,,2.818,,,2026-09-28 10:25:57
湖北省,长江流域,陆溪口,2026-09-28 09:00,4,26.81,7.18,3.47,229.19,14.8,3.06,0.209,0.067,1.08,,,2026-09-28 10:25:57
湖北省,长江流域,洪下水文站,2026-09-28 09:00,2,26.3,7.84,8.43,165.8,3.54,0.88,0.024,0.038,0.903,,,2026-09-28 10:25:57
湖北省,长江流域,厉山,2026-09-28 09:00,3,23.72,7.41,5.49,283.859,36.07,4.32,0.914,0.194,3.1666,,,2026-09-28 10:25:57
湖北省,长江流域,平林,2026-09-28 09:00,3,24.61,7.55,6.59,381.302,12.535,5.03,0.134,0.068,1.376,,,2026-09-28 10:25:57
湖北省,长江流域,涢水大桥,2026-09-28 09:00,4,24.11,7.32,3.45,403.8613,18.88,3.8,0.086,0.066,0.8279,,,2026-09-28 10:25:57
湖北省,长江流域,江口村,2026-09-28 09:00,1,24.43,8.57,10.7,190.28,6.637,0.93,0.031,0.011,1.041,,,2026-09-28 10:25:57
湖北省,长江流域,恩施大沙坝,2026-09-28 09:00,2,22.98,7.94,7.23,317.71,11.9,1.74,0.044,0.071,3.459,,,2026-09-28 10:25:57
湖北省,长江流域,雪照河,2026-09-28 09:00,2,19,8.19,9.14,325.52,20.5,1.63,,0.072,3.406,,,2026-09-28 10:25:57
湖北省,长江流域,周家坝,2026-09-28 09:00,2,20.82,7.75,7.85,203.34,47.399,1.35,,0.03,,,,2026-09-28 10:25:57
湖北省,长江流域,百福司镇,2026-09-28 09:00,2,23.007,7.57,7.97,253.623,1.292,1.5,0.028,0.026,1.392,,,2026-09-28 10:25:57
湖北省,长江流域,长顺乡,2026-09-28 09:00,2,19.875,7.66,8.86,206.717,84.5252,2.02,0.074,0.042,1.843,,,2026-09-28 10:25:57
湖北省,长江流域,黄腊石,2026-09-28 09:00,2,25.863,7.69,7.03,400.093,3.147,1.7,0.024,0.034,1.845,,,2026-09-28 10:25:57
湖北省,长江流域,乐坪桥,2026-09-28 09:00,2,19.142,7.85,9.65,218.652,12.281,0.9,0.006,0.03,1.131,,,2026-09-28 10:25:57
湖北省,长江流域,积玉口荷花村,2026-09-28 09:00,4,23.54,7.51,4.43,428.1822,41.1297,4.21,0.152,0.105,1.613,,,2026-09-28 10:25:57
湖北省,长江流域,潜江大桥,2026-09-28 09:00,2,23.19,7.71,7.73,366.1827,10.42,2.4,,0.048,1.396,,,2026-09-28 10:25:57
湖北省,长江流域,运粮湖同心队,2026-09-28 09:00,4,24.164,7.52,3.62,471.9,47.99,3.52,0.112,0.132,2.558,,,2026-09-28 10:25:57
湖北省,长江流域,岳口,2026-09-28 09:00,2,25,7.97,6.56,377.7,22.29,2.61,0.011,0.059,1.59,,,2026-09-28 10:25:57
湖北省,长江流域,拖市,2026-09-28 09:00,4,23.49,7.27,3.32,741.5,33.796,,0.204,0.118,2.0786,,,2026-09-28 10:25:57
湖北省,长江流域,阳日湾,2026-09-28 09:00,4,16.428,8.23,9.75,292.72,128.885,2.54,0.133,0.223,1.5689,,,2026-09-28 10:25:57
湖南省,长江流域,昭山,2026-09-28 09:00,2,27.6,7.45,7.76,209,9.1,1.62,,0.062,1.455,,,2026-09-28 10:25:57
湖南省,长江流域,捞刀河口,2026-09-28 09:00,3,27.94,7.03,5.63,269.7,5.5343,2.45,,0.081,2.363,,,2026-09-28 10:25:57
湖南省,长江流域,三角洲,2026-09-28 09:00,3,28.7,7.86,9.31,258.13,6.52,,0.039,0.115,3.161,,,2026-09-28 10:25:57
湖南省,长江流域,胜利,2026-09-28 09:00,3,27.41,7.2,5.67,408.73,5.58,3.04,0.045,0.052,1.35,,,2026-09-28 10:25:57
湖南省,长江流域,桔子洲,2026-09-28 09:00,2,27.41,7.78,7.5,214.8871,9.48,0.84,0.066,0.072,1.345,,,2026-09-28 10:25:57
湖南省,长江流域,湘东沿塘,2026-09-28 09:00,3,32.676,7.33,5.11,88.569,3.833,0.98,0.027,0.033,0.682,,,2026-09-28 10:25:57
湖南省,长江流域,马家河,2026-09-28 03:00,2,28.08,7.59,7.26,212.42,4.16,1.47,0.031,0.05,1.411,,,2026-09-28 10:25:57
湖南省,长江流域,渌水入河口,2026-09-28 10:00,2,29.7434,8.03,8.58,283.2206,4.8594,1.83,0.014,0.065,1.615,,,2026-09-28 10:25:57
湖南省,长江流域,涟水入河口,2026-09-28 10:00,2,29.84,8.04,7.97,352.32,23.09,2.45,0.022,0.039,1.133,,,2026-09-28 10:25:57
湖南省,长江流域,西阳渡口,2026-09-28 09:00,2,27.05,7.92,10.76,331.46,12.543,1.77,0.068,0.027,1.528,,,2026-09-28 10:25:57
湖南省,长江流域,归阳镇,2026-09-28 09:00,2,29.44,7.79,7.73,187.74,13.33,1.4,0.017,0.024,1.121,,,2026-09-28 10:25:57
湖南省,长江流域,耒水入湘江口,2026-09-28 09:00,2,25.9912,7.57,6.34,220.5994,7.7931,1.11,0.006,0.057,1.329,,,2026-09-28 10:25:57
湖南省,长江流域,熬洲,2026-09-28 09:00,2,27.31,7.5,8.66,195.37,2.9895,1.01,,0.042,1.232,,,2026-09-28 10:25:57
湖南省,长江流域,大河滩,2026-09-28 09:00,2,21.72,6.89,6.54,182.03,6.24,0.88,0.013,0.039,1.094,,,2026-09-28 10:25:57
湖南省,长江流域,草市镇,2026-09-28 09:00,2,28.0085,6.57,6.65,112.3163,17.2698,1.03,0.035,0.044,0.821,,,2026-09-28 10:25:57
湖南省,长江流域,洣水入湘江口,2026-09-28 10:00,2,28.395,7.81,6.96,116.98,7.81,1.26,0.02,0.031,0.875,,,2026-09-28 10:25:57
湖南省,长江流域,城北水厂,2026-09-28 09:00,1,27.62,7.91,7.71,212.58,8.27,1.51,0.005,,1.2618,,,2026-09-28 10:25:57
湖南省,长江流域,蒸水入湘江口,2026-09-28 09:00,2,31.0513,8.25,7.84,288.8027,4.9272,3.49,0.03,0.094,1.714,,,2026-09-28 10:25:57
湖南省,长江流域,塘渡口,2026-09-28 09:00,2,28.15,7.91,7.66,157.4724,2.2527,1.26,0.035,0.026,1.097,,,2026-09-28 10:25:57
湖南省,长江流域,窑市,2026-09-28 09:00,2,26.47,7.18,6.93,60.1379,4.9937,1.08,0.02,0.026,0.641,,,2026-09-28 10:25:57
湖南省,长江流域,渡头村,2026-09-28 09:00,2,28.73,7.98,7.68,216.771,5.8502,1.36,0.012,0.04,0.958,,,2026-09-28 10:25:57
湖南省,长江流域,邵水入河口,2026-09-28 09:00,3,28.96,7.45,5.71,451.597,8.326,2.77,0.109,0.087,2.755,,,2026-09-28 10:25:57
湖南省,长江流域,绥宁河口镇,2026-09-28 09:00,2,26.7019,7.43,7.27,91.7331,2.2784,0.74,0.012,0.016,0.5563,,,2026-09-28 10:25:57
湖南省,长江流域,岳阳楼,2026-09-28 09:00,3,26.72,7.68,6.79,234.1381,52.57368,1.65,0.017,0.033,1.3025,0.0010156,229177,2026-09-28 10:25:57
湖南省,长江流域,城陵矶,2026-09-28 10:00,2,26.21,7.64,6.78,235.824,58.94315,2.09,0.007,0.036,1.4535,,,2026-09-28 10:25:57
湖南省,长江流域,荆江口,2026-09-28 09:00,2,25.86,7.66,7.63,395.3356,31.0294,0.94,0.053,0.043,2.1205,,,2026-09-28 10:25:57
湖南省,长江流域,六门闸,2026-09-28 09:00,4,26.43,7.87,4.78,458.9394,32.12,2.48,0.076,0.113,0.707,,,2026-09-28 10:25:57
湖南省,长江流域,南渡,2026-09-28 09:00,2,25.78,7.07,6.8,124.25,12.33,2.07,0.025,0.071,1.253,,,2026-09-28 10:25:57
湖南省,长江流域,八仙桥,2026-09-28 09:00,4,26.44,6.87,4.72,245.6995,6.4274,4.78,0.177,0.122,1.1227,,,2026-09-28 10:25:57
湖南省,长江流域,坡头,2026-09-28 09:00,2,26.69,7.93,8.75,205.2227,26.69635,1.31,,0.036,1.3491,0.0008065,,2026-09-28 10:25:57
湖南省,长江流域,蒋家嘴,2026-09-28 09:00,3,24.61,7.48,6.24,194.3941,26.968,1.63,0.04,0.034,1.0868,0.00209,3.0535,2026-09-28 10:25:57
湖南省,长江流域,澧水三江口,2026-09-28 09:00,2,24.77804,7.73,7.58,242.4303,3.09514,0.89,0.009,0.025,1.04022,,,2026-09-28 10:25:57
湖南省,长江流域,窑坡渡,2026-09-28 09:00,2,24.16,8.01,6.64,292.2327,19.454,1.55,0.097,0.025,1.2136,,,2026-09-28 10:25:57
湖南省,长江流域,马坡湖,2026-09-28 09:00,2,25.47,8.05,7.08,396.194,25.7149,2.04,0.036,0.057,1.895,,,2026-09-28 10:25:57
湖南省,长江流域,陈家河,2026-09-28 09:00,2,26.633,8.11,7.49,198.381,1.972,1.45,0.011,0.031,0.958,,,2026-09-28 10:25:57
湖南省,长江流域,永定澄潭,2026-09-28 09:00,2,26.4,7.66,6.88,234.81,3.105,1.56,0.003,0.022,0.814,,,2026-09-28 10:25:57
湖南省,长江流域,藕池河中支入境,2026-09-28 09:00,6,25.716,7.84,1.48,465.452,15.933,,0.001,0.049,,,,2026-09-28 10:25:57
湖南省,长江流域,万家嘴,2026-09-28 09:00,2,27.56,7.64,6.96,186.7967,13.9895,1.26,0.052,0.047,1.9331,0.0020368,193555.9,2026-09-28 10:25:57
湖南省,长江流域,南嘴,2026-09-28 09:00,3,27.23,8.13,6.88,229.1869,52.49188,0.97,,0.034,1.406,0.014375,378000.4,2026-09-28 10:25:57
湖南省,长江流域,小河嘴,2026-09-28 09:00,3,26.71,7.99,6.48,216.996,30.3759,1.56,,0.048,1.132,0.00526906,5.57634,2026-09-28 10:25:57
湖南省,长江流域,坪口,2026-09-28 09:00,6,27.92,9.01,14.73,180.3,8.314,2.28,0.036,0.038,1.45,,,2026-09-28 10:25:57
湖南省,长江流域,桃谷山,2026-09-28 09:00,2,25.87,7.77,6.03,209.27,8.05,1.69,,0.057,1.546,,,2026-09-28 10:25:57
湖南省,长江流域,头山,2026-09-28 09:00,1,28.47,8.5,9.3,128.66,2.48,0.83,0.004,0.003,0.4448,0.0029,4576000,2026-09-28 10:25:57
湖南省,长江流域,渡口大桥,2026-09-28 09:00,2,29.46,7.26,6.82,159.64,35.4,1.8,0.075,0.096,0.9273,,,2026-09-28 10:25:57
湖南省,长江流域,绿埠头,2026-09-28 10:00,1,28.66,8.07,9.18,185.75,1.72,0.8,0.005,0.014,0.777,,,2026-09-28 10:25:57
湖南省,长江流域,诸葛庙,2026-09-28 09:00,2,28.42,7.54,7.43,177.06,9.49,1.4,,0.021,0.85,,,2026-09-28 10:25:57
湖南省,长江流域,五强溪,2026-09-28 09:00,3,26.95,7.59,5.92,182.269,1.6244,0.86,0.025,0.044,1.079,,,2026-09-28 10:25:57
湖南省,长江流域,铜信溪电站,2026-09-28 09:00,1,26.94,8.1,7.9,322.23,1.39,0.83,0.012,0.015,1.463,,,2026-09-28 10:25:57
湖南省,长江流域,地阳坪公路大桥,2026-09-28 09:00,2,28.19,7.42,7.81,118.07,6.8686,1.22,,0.037,0.385,,,2026-09-28 10:25:57
湖南省,长江流域,托口渠水,2026-09-28 09:00,2,27.4,7.9,7.7,103.4,1.543,1.18,0.008,0.023,0.593,,,2026-09-28 10:25:57
湖南省,长江流域,舞水入河口,2026-09-28 09:00,2,27.22,8.03,6.18,352.1,0.469,1.01,0.01,0.055,1.393,,,2026-09-28 10:25:57
湖南省,长江流域,溪子口,2026-09-28 09:00,3,25.47,7.4,5.62,260.3,0.935,0.56,0.006,0.017,1.329,,,2026-09-28 10:25:57
湖南省,长江流域,球溪,2026-09-28 08:00,2,27.653,7.72,7.68,212.01,5.057,1.57,0.006,0.037,1.651,,,2026-09-28 10:25:57
湖南省,长江流域,街埠头,2026-09-28 09:00,1,29.5,8.36,14.64,362.067,5.5616,,0.0003,0.018,1.291,,,2026-09-28 10:25:57
湖南省,长江流域,浦市上游,2026-09-28 09:00,2,27.8,7.85,7.73,194.55,5.76,0.88,,0.034,1.117,,,2026-09-28 10:25:57
湖南省,长江流域,里耶镇,2026-09-28 09:00,2,23.6,7.72,6.05,242.97,5.52,0.81,,0.017,1.134,,,2026-09-28 10:25:57
湖南省,长江流域,江口,2026-09-28 09:00,4,26.46,7.78,4.95,254.5268,5.7391,0.76,,0.012,1.036,,,2026-09-28 10:25:57
湖南省,长江流域,武水汇合口,2026-09-28 09:00,2,27.91,8,7.81,186.22,7.1979,1.02,,0.028,0.899,,,2026-09-28 10:25:57
广东省,珠江流域,蕉门,2026-09-28 09:00,3,30.745,7.67,5.71,8999.863,212.406,4.41,0.08,0.062,2.365,,,2026-09-28 10:25:57
广东省,珠江流域,洪奇沥,2026-09-28 09:00,3,30.051,7.77,6.84,290.212,311.031,4.7,0.002,0.083,2.469,,,2026-09-28 10:25:57
广东省,珠江流域,莲花山,2026-09-28 09:00,4,30.872,7.36,4.58,607.323,220.022,4.88,0.001,0.106,4.07,,,2026-09-28 10:25:57
广东省,珠江流域,流溪河山庄,2026-09-28 09:00,2,30.563,7.04,6.25,111.048,7.362,1.18,0.039,0.027,1.367,,,2026-09-28 10:25:57
广东省,珠江流域,官坦,2026-09-28 09:00,6,31.294,7.46,5.31,240.889,27.492,41.4,,0.108,2.47,,,2026-09-28 10:25:57
广东省,珠江流域,大龙涌口,2026-09-28 09:00,3,30.965,7.29,5.64,214.317,31.664,1.31,0.007,0.04,1.93,,,2026-09-28 10:25:57
广东省,珠江流域,九龙潭,2026-09-28 09:00,2,30.09,6.77,6.89,85.997,10.761,0.87,0.008,0.025,1.008,,,2026-09-28 10:25:57
广东省,珠江流域,增江口,2026-09-28 09:00,4,31.461,6.78,3.73,87.657,25.867,1.42,0.007,0.043,1.871,,,2026-09-28 10:25:57
广东省,珠江流域,鸦岗,2026-09-28 09:00,5,31.04,7.06,2.17,356.8,38.83,3.26,0.08,0.123,3.589,,,2026-09-28 10:25:57
广东省,珠江流域,墩头基,2026-09-28 09:00,3,31.19,7.4,5.16,416.2979,130.6583,4.69,0.158,0.111,4.46,,,2026-09-28 10:25:57
广东省,珠江流域,大墩,2026-09-28 09:00,3,31.719,6.91,5.38,136.662,17.778,1.25,0.031,0.066,1.851,,,2026-09-28 10:25:57
广东省,珠江流域,十里亭,2026-09-28 09:00,2,29.54,7.94,7.81,233.923,11.921,1.07,0.022,0.028,1.032,,,2026-09-28 10:25:57
广东省,珠江流域,长坝,2026-09-28 09:00,2,30.451,7.82,8.81,85.862,10.982,1.56,0.009,0.029,0.788,,,2026-09-28 10:25:57
广东省,珠江流域,三溪桥,2026-09-28 09:00,2,29.07,8.19,8.23,378.5,3.8,1.4,0.009,0.038,0.918,,,2026-09-28 10:25:57
广东省,珠江流域,高桥,2026-09-28 09:00,2,29.80817,7.36,6.37,187.3376,4.46686,0.98,0.035,0.043,1.01206,,,2026-09-28 10:25:57
广东省,珠江流域,深圳河口,2026-09-28 09:00,4,29.7888,6.91,3.41,11417.05,1025.049,5.87,0.159,0.245,4.79592,,,2026-09-28 10:25:57
广东省,珠江流域,小漠桥,2026-09-28 09:00,2,31.227,8.18,6.75,42450.19,11.033,2.22,0.004,0.019,1.25,,,2026-09-28 10:25:57
广东省,珠江流域,共和村,2026-09-28 09:00,4,29.243,7.35,4.38,4649.824,120.003,4.89,0.605,0.171,8.021,,,2026-09-28 10:25:57
广东省,珠江流域,珠海大桥,2026-09-28 09:00,2,30.12,7.84,6.81,341.783,74.701,1.44,0.019,0.062,2.417,,,2026-09-28 10:25:57
广东省,珠江流域,石角咀水闸,2026-09-28 09:00,4,30.84,7.46,4.46,495.815,103.895,2.62,0.121,0.129,3.06,,,2026-09-28 10:25:57
广东省,珠江流域,鸡啼门大桥,2026-09-28 09:00,2,30.08,7.95,7.1,470.7,54.43,1.49,,0.072,2.622,,,2026-09-28 10:25:57
广东省,珠江流域,布洲,2026-09-28 09:00,2,29.66,8.04,8.01,267.542,48.089,2.27,0.004,0.048,2.142,,,2026-09-28 10:25:57
广东省,珠江流域,隆都,2026-09-28 09:00,2,29.184,7.29,7.77,101.539,10.573,1.29,0.007,0.031,1.696,,,2026-09-28 10:25:57
广东省,珠江流域,海门湾桥闸,2026-09-28 09:00,3,30.46,7.43,5.46,545.72,40.23,4.73,0.742,0.162,3.874,,,2026-09-28 10:25:57
广东省,珠江流域,升平,2026-09-28 09:00,2,29.219,7.23,7.63,138.389,14.194,1.75,0.011,0.034,1.338,,,2026-09-28 10:25:57
广东省,珠江流域,外砂,2026-09-28 09:00,1,30.03,8.09,8.26,101.398,1.759,1.42,0.001,0.017,1.138,,,2026-09-28 10:25:57
广东省,珠江流域,莲阳桥闸,2026-09-28 09:00,2,30.114,7.37,7.34,99.484,6.287,1.44,0.004,0.022,1.136,,,2026-09-28 10:25:57
广东省,珠江流域,大衙,2026-09-28 09:00,2,32.724,7.02,6.17,109.137,18.781,1.46,0.006,0.03,1.37265,,,2026-09-28 10:25:57
广东省,珠江流域,平洲,2026-09-28 09:00,3,30.495,7.42,5.29,194.048,27.874,2.64,0.061,0.084,2.56,,,2026-09-28 10:25:57
广东省,珠江流域,乌洲,2026-09-28 09:00,4,30.818,7.43,4.86,216.309,43.128,1.22,0.001,0.058,1.75,,,2026-09-28 10:25:57
广东省,珠江流域,古劳,2026-09-28 04:00,2,29.74716,7.77,6.8,240.3867,24.48565,1.33,0.003,0.034,1.91665,,,2026-09-28 10:25:57
广东省,珠江流域,苍山渡口,2026-09-28 09:00,4,30.93,7.55,4.97,4744.81,31.111,,0.266,0.114,2.389,,,2026-09-28 10:25:57
广东省,珠江流域,牛湾,2026-09-28 09:00,4,31.23,6.67,4.01,221.56,42.38,3.62,0.045,0.089,2.388,,,2026-09-28 10:25:57
广东省,珠江流域,渠首,2026-09-28 09:00,4,30.39,7.39,4.52,126.3,16.78,4.41,0.253,0.025,0.984,0.00902,2933236,2026-09-28 10:25:57
广东省,珠江流域,黄坡,2026-09-28 09:00,3,31.67,7.14,5.04,130.57,19.25,3,0.068,0.08,1.51,,,2026-09-28 10:25:57
广东省,珠江流域,山角,2026-09-28 09:00,2,31.89,8.21,8.59,149.25,6.08,3.63,0.028,0.03,1.816,,,2026-09-28 10:25:57
广东省,珠江流域,运河管理局,2026-09-28 09:00,3,31.07,7.67,7.42,124.51,26.36,4.38,0.025,0.025,0.87,,,2026-09-28 10:25:57
广东省,珠江流域,排里,2026-09-28 09:00,3,31.76,7.63,8.44,179.95,7.83,5.02,0.031,0.064,1.127,,,2026-09-28 10:25:57
广东省,珠江流域,南渡河桥,2026-09-28 09:00,4,31.83,6.31,3.62,165.64,11.16,3.72,0.098,0.041,,,,2026-09-28 10:25:57
广东省,珠江流域,营仔,2026-09-28 09:00,4,30.8,6.94,4.34,172,13.83,4.63,0.155,0.065,,,,2026-09-28 10:25:57
广东省,珠江流域,黄竹尾水闸,2026-09-28 09:00,4,31.78,7.24,4.53,143.42,15.99,3.79,0.009,0.068,1.878,,,2026-09-28 10:25:57
广东省,珠江流域,塘口,2026-09-28 09:00,2,31.03,8.02,8.75,129.93,5.2,2.81,0.031,0.09,2.039,,,2026-09-28 10:25:57
广东省,珠江流域,石碧,2026-09-28 09:00,3,31.041,6.31,5.65,279.944,29.861,4.59,0.207,0.166,5.343,,,2026-09-28 10:25:57
广东省,珠江流域,石骨水库,2026-09-28 09:00,2,30.428,,8.34,69,5.2852,1.84,0.015,0.014,0.352,,,2026-09-28 10:25:57
广东省,珠江流域,良德水库,2026-09-28 09:00,1,31.23,8.45,8.72,63.168,11.779,1.74,0.019,0.007,,0.00462,782108,2026-09-28 10:25:57
广东省,珠江流域,江口门,2026-09-28 08:00,3,31,6.87,5.35,124.82,14.19,2.54,0.049,0.077,1.849,,,2026-09-28 10:25:57
广东省,珠江流域,米急渡,2026-09-28 09:00,3,30.57,6.97,5.43,121.091,14.793,2.16,0.233,0.1,1.857,,,2026-09-28 10:25:57
广东省,珠江流域,梁村,2026-09-28 09:00,2,30.7943,7.47,6.16,177.8838,18.78403,1.37,0.012,0.056,1.723,,,2026-09-28 10:25:57
广东省,珠江流域,封开城上,2026-09-28 09:00,2,24.336,6.74,9.36,,11.071,,0.006,0.026,2.463,,,2026-09-28 10:25:57
广东省,珠江流域,白沙街,2026-09-28 09:00,2,30.05,7.92,7.22,218.838,7.396,1.08,,0.032,1.288,,,2026-09-28 10:25:57
广东省,珠江流域,黄岗,2026-09-28 09:00,2,30.144,7.96,6.75,244.843,13.66,,0.017,,2.034,,,2026-09-28 10:25:57
广东省,珠江流域,永安,2026-09-28 09:00,2,30.212,7.92,6.61,260.809,23.321,1.88,0.068,0.046,2.35,,,2026-09-28 10:25:57
广东省,珠江流域,紫溪,2026-09-28 09:00,3,30.578,7.12,5.18,526.869,19.43,2.99,0.135,0.055,6.51,,,2026-09-28 10:25:57
广东省,珠江流域,东江江口,2026-09-28 09:00,2,27.8,7.06,7.84,88.33472,8.80882,1.27,0.01,0.027,1.525,,,2026-09-28 10:25:57
广东省,珠江流域,博罗城下,2026-09-28 09:00,2,28.899,7.13,6.33,125.257,9.242,1.75,0.036,0.04,1.798,,,2026-09-28 10:25:57
广东省,珠江流域,惠州汝湖,2026-09-28 09:00,2,29.401,7.24,8.39,87.503,7.42,1.62,0.005,0.03,1.258,,,2026-09-28 10:25:57
广东省,珠江流域,沙河河口,2026-09-28 09:00,4,30.38,6.86,4.13,529.385,12.087,1.76,0.089,0.055,2.144,,,2026-09-28 10:25:57
广东省,珠江流域,马安大桥下,2026-09-28 09:00,4,30.347,6.61,4.22,83.188,20.283,1.92,0.244,0.062,1.883,,,2026-09-28 10:25:57
广东省,珠江流域,虎爪断桥,2026-09-28 09:00,4,31.001,7.21,4.42,9627.66,9.902,3.39,0.418,0.137,8.587,,,2026-09-28 10:25:57
广东省,珠江流域,公庄河口,2026-09-28 09:00,2,30.3,7.15,7.52,200.4,25.6,2.34,,0.083,1.813,,,2026-09-28 10:25:57
广东省,珠江流域,青溪,2026-09-28 09:00,2,28.80193,7.52,7.4,267.1064,5.64944,1.13,0.018,0.041,1.26163,,,2026-09-28 10:25:57
广东省,珠江流域,大麻,2026-09-28 09:00,3,28.76,6.92,5.68,119.322,20.438,1.36,0.001,0.048,1.799,,,2026-09-28 10:25:57
广东省,珠江流域,西阳电站,2026-09-28 09:00,4,30.554,7.04,4.47,119.444,36.169,1.53,0.101,0.066,1.723,,,2026-09-28 10:25:57
广东省,珠江流域,五丰渡口,2026-09-28 09:00,2,27.52,6.82,6.34,97.7,35.37,1.28,0.293,0.042,4.6583,,,2026-09-28 10:25:57
广东省,珠江流域,新铺,2026-09-28 09:00,2,28.36,7.39,6.64,104.01,52.046,,0.129,0.032,1.4679,,,2026-09-28 10:25:57
广东省,珠江流域,海丰西闸,2026-09-28 10:00,2,31.51,7.74,6.97,335,4.9,2.3,0.04,0.019,0.459,,,2026-09-28 10:25:57
广东省,珠江流域,陆丰半湾水闸,2026-09-28 09:00,1,30.261,7.59,8.38,60.259,3.547,1.34,0.002,0.02,0.866,,,2026-09-28 10:25:57
广东省,珠江流域,东溪水闸,2026-09-28 10:00,3,31.77,6.67,6.05,155.42,18.255,4.66,0.174,0.065,0.869,,,2026-09-28 10:25:57
广东省,珠江流域,庙咀里,2026-09-28 09:00,3,28.312,6.84,5.86,167.075,14.719,1.15,0.052,0.025,1.294,,,2026-09-28 10:25:57
广东省,珠江流域,龙川城铁路桥,2026-09-28 09:00,2,28.402,6.84,6.72,79.179,6.158,1.51,0.008,0.03,1.535,,,2026-09-28 10:25:57
广东省,珠江流域,江城,2026-09-28 08:00,3,31.22,6.92,5.46,131.724,18.689,2.39,0.218,0.114,1.574,,,2026-09-28 10:25:57
广东省,珠江流域,尖山,2026-09-28 09:00,4,31.09,6.67,4.67,214.06,44.05,3.8,0.196,0.14,2.356,,,2026-09-28 10:25:57
广东省,珠江流域,埠场,2026-09-28 09:00,4,30.96,6.87,4.36,307.403,17.153,2.62,0.179,0.103,1.359,,,2026-09-28 10:25:57
广东省,珠江流域,大泉,2026-09-28 09:00,4,30.81,6.8,4.07,2769.2,11.8,2.4,0.264,0.079,1.812,,,2026-09-28 10:25:57
广东省,珠江流域,北江石尾,2026-09-28 09:00,2,30.834,7.72,6.67,200.076,25.603,1.09,0.018,0.031,1.283,,,2026-09-28 10:25:57
广东省,珠江流域,石角,2026-09-28 09:00,1,30.7134,7.89,7.5,175.9703,8.569611,1.38,0.001,0.019,1.318,,,2026-09-28 10:25:57
广东省,珠江流域,连江西牛,2026-09-28 09:00,2,30.42,8.15,7.35,226.215,21.257,0.91,0.002,0.02,0.873,,,2026-09-28 10:25:57
广东省,珠江流域,樟村,2026-09-28 09:00,4,31.29,7,4.35,569.253,10.64,3.45,0.241,0.129,7.162,,,2026-09-28 10:25:57
广东省,珠江流域,沙田泗盛,2026-09-28 09:00,4,30.57,6.93,4.04,845.2,121.81,2.38,0.014,0.066,,,,2026-09-28 10:25:57
广东省,珠江流域,旗岭,2026-09-28 09:00,3,31.58,7.31,6.34,514.832,28.91,3.47,0.215,0.165,7.304,,,2026-09-28 10:25:57
广东省,珠江流域,石龙南河,2026-09-28 09:00,2,30.59,6.98,6.28,126.745,13.46,1.36,,0.048,1.51,,,2026-09-28 10:25:57
广东省,珠江流域,中山港码头,2026-09-28 09:00,2,30.16,8.05,7.14,259.46,15.029,1.84,0.038,0.09,2.532,,,2026-09-28 10:25:57
广东省,珠江流域,赤凤,2026-09-28 10:00,2,28.8,6.95,6.54,104.02,21.45,0.9,0.021,0.099,1.481,,,2026-09-28 10:25:57
广东省,珠江流域,凤江桥,2026-09-28 09:00,2,28.416,6.95,6.62,102.464,10.891,1.78,0.04,0.079,2.085,,,2026-09-28 10:25:57
广东省,珠江流域,隆溪大道桥,2026-09-28 09:00,4,29.994,6.57,4.39,539.857,15.322,1.49,0.137,0.027,1.615,,,2026-09-28 10:25:57
广东省,珠江流域,龙石,2026-09-28 09:00,5,30.988,6.8,2.84,164.603,23.55,2.87,0.951,0.126,3.305,,,2026-09-28 10:25:57
广东省,珠江流域,龟山塔,2026-09-28 09:00,2,30.06,7.11,6.76,79.144,2.672,1.12,0.132,0.062,1.0772,,,2026-09-28 10:25:57
广东省,珠江流域,古封,2026-09-28 09:00,2,30.13,7.89,7.04,279.96,6.79,1.15,0.014,0.024,2.189,,,2026-09-28 10:25:57
广东省,珠江流域,都骑,2026-09-28 09:00,3,24.613,8.2,9.09,,9.186,1.96,0.6,,,,,2026-09-28 10:25:57
广西壮族自治区,珠江流域,老口,2026-09-28 09:00,1,29.65303,7.89,9.17,280.3355,6.955795,0.75,0.005,0.018,2.271239,,,2026-09-28 10:25:57
广西壮族自治区,珠江流域,叮当,2026-09-28 09:00,2,30.31,7.72,8.24,322.673,8.224,1.28,0.048,0.061,3.736,,,2026-09-28 10:25:57
广西壮族自治区,珠江流域,六景,2026-09-28 09:00,2,29.68,7.98,6.72,308.49,2.47,1.33,,0.026,2.293,,,2026-09-28 10:25:57
广西壮族自治区,珠江流域,雁江,2026-09-28 08:00,3,30.01656,7.82,5.88,363.8588,3.44881,1.28,0.003,0.016,1.6306,,,2026-09-28 10:25:57
广西壮族自治区,珠江流域,上中,2026-09-28 09:00,2,29.87,7.89,7.13,301.9796,5.36922,1.53,0.016,0.019,1.95108,,,2026-09-28 10:25:57
广西壮族自治区,珠江流域,白马,2026-09-28 09:00,2,28.98,7.97,7.11,394.79,5.96,0.97,0.013,0.023,2.347,,,2026-09-28 10:25:57
广西壮族自治区,珠江流域,露塘,2026-09-28 09:00,1,29.59,7.84,7.63,199.8844,5.50172,1.01,0.008,0.007,1.09938,,,2026-09-28 10:25:57
广西壮族自治区,珠江流域,渔村,2026-09-28 09:00,1,31.336,8.21,7.5,239.077,2.202,1.02,0.009,0.017,1.18,,,2026-09-28 10:25:57
广西壮族自治区,珠江流域,木洞,2026-09-28 09:00,2,30.455,7.51,7.32,84.658,1.762,0.2,0.032,0.004,0.533,,,2026-09-28 10:25:57
广西壮族自治区,珠江流域,龙溪,2026-09-28 09:00,2,30.222,7.67,6.66,161.822,1.876,1.46,0.044,0.016,1.207,,,2026-09-28 10:25:57
广西壮族自治区,珠江流域,阳朔,2026-09-28 09:00,2,30.03,8.07,7.07,230.865,2.09,1.3,0.021,0.042,1.5814,,,2026-09-28 10:25:57
广西壮族自治区,珠江流域,交州,2026-09-28 09:00,2,27.35,7.13,7.22,70.598,2.362,0.68,0.002,0.008,0.516,,,2026-09-28 10:25:57
广西壮族自治区,珠江流域,京南,2026-09-28 09:00,2,30.33904,7.64,7.11,180.6793,2.54937,1.17,0.006,0.027,1.12896,,,2026-09-28 10:25:57
广西壮族自治区,珠江流域,亚桥,2026-09-28 09:00,3,29.27,6.95,6.96,224.057,13.021,1.64,0.022,0.107,2.344,,,2026-09-28 10:25:57
广西壮族自治区,珠江流域,东边埇,2026-09-28 09:00,3,27.93,6.83,5.89,74.1584,27.4725,2.46,0.036,0.086,2.103,,,2026-09-28 10:25:57
广西壮族自治区,珠江流域,南域,2026-09-28 09:00,2,30.35,7,6.65,228.5504,9.29276,3.88,0.026,0.099,2.77174,,,2026-09-28 10:25:57
广西壮族自治区,珠江流域,西门江,2026-09-28 09:00,4,29.94,6.68,4.61,248.302,23.438,2.92,0.313,0.148,2.7549,,,2026-09-28 10:25:57
广西壮族自治区,珠江流域,高速公路桥,2026-09-28 09:00,2,30.72,7.06,6.07,148.34,7.91,3.68,0.103,0.074,1.9812,,,2026-09-28 10:25:57
广西壮族自治区,珠江流域,三滩,2026-09-28 09:00,2,30.26,7.04,6.7,8390.82,5.92,2.75,0.148,0.077,1.202,,,2026-09-28 10:25:57
广西壮族自治区,珠江流域,边贸码头,2026-09-28 09:00,4,28.35,6.92,4.2,114.08,28.89,1.65,0.513,0.145,1.99,,,2026-09-28 10:25:57
广西壮族自治区,珠江流域,高塘,2026-09-28 09:00,2,29.85,6.51,6.73,65.52,16.98,2.51,0.07,0.058,1.687,,,2026-09-28 10:25:57
广西壮族自治区,珠江流域,茅岭大桥,2026-09-28 09:00,2,30.63,7.41,6.88,2011.21,8.51,2.36,0.005,0.049,0.794,,,2026-09-28 10:25:57
广西壮族自治区,珠江流域,钦江东,2026-09-28 09:00,3,29.56164,7.44,5.86,4164.201,15.78727,2.68,0.113,0.045,2.06694,,,2026-09-28 10:25:57
广西壮族自治区,珠江流域,高速公路西桥,2026-09-28 09:00,5,30.73,7.13,4.74,1672.23,30.67,10.22,0.655,0.165,3.332,,,2026-09-28 10:25:57
广西壮族自治区,珠江流域,武林渡口,2026-09-28 09:00,2,29.664,7.83,6.72,315.516,5.224,0.98,0.022,0.024,2.531,,,2026-09-28 10:25:57
广西壮族自治区,珠江流域,火电厂,2026-09-28 09:00,2,30.479,7.92,6.98,303.823,4.653,1.45,0.006,0.025,2.537,,,2026-09-28 10:25:57
广西壮族自治区,珠江流域,自良渡口,2026-09-28 09:00,3,30.14,7.03,5.48,128.8032,17.00306,1.61,0.02,0.061,1.76514,,,2026-09-28 10:25:57
广西壮族自治区,珠江流域,横塘,2026-09-28 09:00,3,30.12,7.26,6.53,394.2229,11.37719,,0.001,0.159,,,,2026-09-28 10:25:57
广西壮族自治区,珠江流域,隘屯,2026-09-28 09:00,2,24.99021,8.15,9.45,356.0815,16.72105,0.26,0.011,0.028,1.82105,,,2026-09-28 10:25:57
广西壮族自治区,珠江流域,公篓,2026-09-28 09:00,2,29.2,8.12,6.93,267.02,5.34,0.97,0.04,0.018,1.168,,,2026-09-28 10:25:57
广西壮族自治区,珠江流域,桂花,2026-09-28 09:00,2,29.07,7.47,6.65,195.5011,6.09423,1.1,0.005,0.034,1.28575,,,2026-09-28 10:25:57
广西壮族自治区,珠江流域,贺街,2026-09-28 09:00,2,29.07,7.7,6.65,205.88,10.144,1.51,,0.035,1.056,,,2026-09-28 10:25:57
广西壮族自治区,珠江流域,杨民,2026-09-28 09:00,2,28.72,7.63,6.13,353.926,1.229,1.23,0.011,0.014,1.843,,,2026-09-28 10:25:57
广西壮族自治区,珠江流域,岩滩水库,2026-09-28 09:00,2,29.111,8.26,11.53,288.388,6.23,1.93,0.005,0.019,1.943,0.010221,6603734,2026-09-28 10:25:57
广西壮族自治区,珠江流域,车渡,2026-09-28 09:00,2,27.735,7.79,7.06,378.376,2.937,1.01,0.012,0.014,2.539,,,2026-09-28 10:25:57
广西壮族自治区,珠江流域,垒亭,2026-09-28 09:00,2,27.21093,7.69,6.93,370.4022,2.08892,0.83,0.006,0.015,1.96829,,,2026-09-28 10:25:57
广西壮族自治区,珠江流域,象州运江老街,2026-09-28 09:00,1,29.75,7.97,7.64,209.19,5.213,0.83,0.007,0.017,1.558,,,2026-09-28 10:25:57
广西壮族自治区,珠江流域,勒马,2026-09-28 09:00,2,28.423,7.88,6.81,322.701,5.017,0.88,0.003,0.016,2.29,,,2026-09-28 10:25:57
广西壮族自治区,珠江流域,上金,2026-09-28 09:00,2,30.29,6.93,6.46,136.6112,38.9229,1.56,,0.02,1.7832,,,2026-09-28 10:25:57
广西壮族自治区,珠江流域,渠立,2026-09-28 09:00,1,28.57,7.85,9.41,269.287,13.757,0.86,0.041,0.011,1.814,,,2026-09-28 10:25:57
广西壮族自治区,珠江流域,棉江,2026-09-28 09:00,2,29.18,7.51,6.87,214.816,12.427,1.2,,0.017,1.5225,,,2026-09-28 10:25:57
海南省,珠江流域,龙塘,2026-09-28 09:00,2,30,7.36,6.69,102.9,6.7,2.22,0.029,0.07,1.55,,,2026-09-28 10:25:57
海南省,珠江流域,儒房,2026-09-28 09:00,2,30.4,7.59,7.05,9928.34,19.1,2.68,0.171,0.05,1.47,,,2026-09-28 10:25:57
海南省,珠江流域,后黎村,2026-09-28 09:00,2,30,7.07,7.2,85,30.1,2.68,0.009,0.068,1.811,,,2026-09-28 10:25:57
海南省,珠江流域,林家村,2026-09-28 09:00,2,29.66,7,7.28,143.23,29.76,,0.03,0.038,2.643,,,2026-09-28 10:25:57
海南省,珠江流域,崖城大桥,2026-09-28 09:00,2,28,6.69,7.89,108.86,94.6,1.98,,0.047,4.057,,,2026-09-28 10:25:57
海南省,珠江流域,藤桥河大桥,2026-09-28 09:00,2,29.12,7.17,7.63,319.87,79.87,2.28,0.01,0.061,1.629,,,2026-09-28 10:25:57
海南省,珠江流域,松涛水库南丰库心,2026-09-28 09:00,2,31.43031,7.76,6.67,73.86742,0.729566,1.01,0.006,0.005,0.2105308,0.0171412,3782872,2026-09-28 10:25:57
海南省,珠江流域,上村桥,2026-09-28 09:00,2,29.6,7.15,6.59,130.3,63.1,3.4,0.048,0.076,1.846,,,2026-09-28 10:25:57
海南省,珠江流域,中和桥,2026-09-28 09:00,3,29.7,7.16,5.81,138.7,35.1,4.33,0.049,0.127,1.214,,,2026-09-28 10:25:57
海南省,珠江流域,汀洲,2026-09-28 09:00,3,28.34,6.26,6.72,64.75,42.76,1.7,0.089,0.115,0.671,,,2026-09-28 10:25:57
海南省,珠江流域,溪仔村,2026-09-28 09:00,2,27.2,6.77,8.03,64.81,16.47,2.19,0.007,0.047,1.156,,,2026-09-28 10:25:57
海南省,珠江流域,羊头外村桥,2026-09-28 09:00,3,30.39,6.78,5.87,98.69,19.03,4.76,0.045,0.109,1.678,,,2026-09-28 10:25:57
海南省,珠江流域,农垦橡胶所一队,2026-09-28 09:00,2,28.5,6.79,7.29,67.5,9.2,0.62,0.01,0.016,1.547,,,2026-09-28 10:25:57
海南省,珠江流域,水涯新区,2026-09-28 09:00,3,30.4,6.73,5.37,171.9,11.7,1.78,0.067,0.041,1.629,,,2026-09-28 10:25:57
海南省,珠江流域,分洪桥,2026-09-28 09:00,2,30.82,6.43,7.31,80.6,8.73,2.53,0.038,0.053,0.914,,,2026-09-28 10:25:57
海南省,珠江流域,后山村,2026-09-28 09:00,6,30.16,6.6,0.86,138.844,23.8617,4.24,0.405,0.208,2.971,,,2026-09-28 10:25:57
海南省,珠江流域,大广坝水库出口,2026-09-28 09:00,5,25.603,6.81,5.23,54.495,338.754,1.79,0.178,0.109,3.304,0.009292,1.59726,2026-09-28 10:25:57
海南省,珠江流域,罗带铁路桥,2026-09-28 09:00,5,29,7.61,6.94,389.9,104.4,5,0.066,0.359,3.764,,,2026-09-28 10:25:57
海南省,珠江流域,山口,2026-09-28 09:00,2,29.75,6.61,7.39,81.01,18.71,2.97,0.015,0.035,1.147,,,2026-09-28 10:25:57
海南省,珠江流域,白仞滩电站,2026-09-28 09:00,3,30.1,7.12,5.94,144.5,46,3.36,0.039,0.161,2.04,,,2026-09-28 10:25:57
海南省,珠江流域,大风,2026-09-28 09:00,3,26.50502,6.63,6.85,82.17306,494.3211,4.53,,0.169,0.1734825,,,2026-09-28 10:25:57
海南省,珠江流域,叉河口,2026-09-28 09:00,2,28.1,7.19,7.3,131.8,29.4,1.71,0.015,0.05,1.375,,,2026-09-28 10:25:57
海南省,珠江流域,乐中,2026-09-28 09:00,2,27.3,7.31,7.56,77.5,251.6,3.13,,0.097,0.533,,,2026-09-28 10:25:57
海南省,珠江流域,跨界桥,2026-09-28 09:00,2,28.2,7.05,6.72,91.3,37,1.8,0.011,0.05,1.683,,,2026-09-28 10:25:57
海南省,珠江流域,群英大坝,2026-09-28 09:00,2,28.1,7.19,7.53,80.8,16.8,1.15,0.01,0.044,1.036,,,2026-09-28 10:25:57
海南省,珠江流域,大溪村,2026-09-28 09:00,2,28.7,7,8.17,267.3,16.5,1.39,0.087,0.054,1.189,,,2026-09-28 10:25:57
重庆市,长江流域,晒网坝,2026-09-28 09:00,2,24.82,7.95,6.56,405.2802,6.3962,1.34,,0.049,1.959,,,2026-09-28 10:25:57
重庆市,长江流域,向家,2026-09-28 09:00,2,23.72,7.63,8.8,213.332,24.126,3.32,,0.063,1.335,,,2026-09-28 10:25:57
重庆市,长江流域,磨刀溪长滩,2026-09-28 09:00,3,24.41,8.58,17.01,191.213,17.12,4.14,0.038,0.048,1.135,,,2026-09-28 10:25:57
重庆市,长江流域,清溪场,2026-09-28 09:00,2,25.1,7.92,7.38,364.5757,13.4308,1.61,,0.056,1.485,,,2026-09-28 10:25:57
重庆市,长江流域,木瓜洞,2026-09-28 09:00,3,26.16,7.59,5.59,407.6366,15.2293,3.67,,0.121,1.878,,,2026-09-28 10:25:57
重庆市,长江流域,寸滩,2026-09-28 09:00,2,24.95,7.8,7.78,359.907,54.007,2.56,,0.097,1.752,,,2026-09-28 10:25:57
重庆市,长江流域,和尚山,2026-09-28 10:00,2,25.02,7.93,7.12,380.81,17.16,1.22,0.136,0.082,1.541,,,2026-09-28 10:25:57
重庆市,长江流域,北温泉,2026-09-28 09:00,2,24.7352,7.78,8.62,347.811,34.6985,3.26,0.052,0.098,2.034,,,2026-09-28 10:25:57
重庆市,长江流域,寨溪大桥,2026-09-28 09:00,2,27.68,7.77,6.01,724.3138,10.7903,2.86,0.077,0.068,2.341,,,2026-09-28 10:25:57
重庆市,长江流域,石门坎,2026-09-28 09:00,1,27.4,8.06,7.59,513.52,1.24,1.1,0.008,0.011,1.398,,,2026-09-28 10:25:57
重庆市,长江流域,玉滩水库,2026-09-28 09:00,3,27.08,9,9.93,410.157,14.36244,5.29,0.006,0.019,0.62715,0.04780113,1.444993,2026-09-28 10:25:57
重庆市,长江流域,御临镇,2026-09-28 09:00,2,26.01,7.81,7.11,592.631,28.86,2.79,,0.094,2.092,,,2026-09-28 10:25:57
重庆市,长江流域,黎家乡崔家岩村,2026-09-28 09:00,3,26.15,7.99,8.49,477.7,5.52,4.1,0.038,0.028,1.424,,,2026-09-28 10:25:57
重庆市,长江流域,运输桥,2026-09-28 09:00,3,26.1,7.5,8.81,327.243,12.3517,4.6,0.019,0.08,0.586,,,2026-09-28 10:25:57
重庆市,长江流域,六剑滩,2026-09-28 09:00,3,24.34,7.7,7.27,478.3,18.78,4.93,0.06,0.124,2.618,,,2026-09-28 10:25:57
重庆市,长江流域,支坪街道,2026-09-28 09:00,2,26.88,7.93,6.97,546.1586,68.2235,,,0.066,2.248,,,2026-09-28 10:25:57
重庆市,长江流域,江津大桥,2026-09-28 09:00,2,23.43,8.07,7.71,376.48,27.69,2.02,,0.053,1.594,,,2026-09-28 10:25:57
重庆市,长江流域,朱杨溪,2026-09-28 09:00,3,26.84,7.9,7.54,751.61,16.16,3.91,,0.136,6.391,,,2026-09-28 10:25:57
重庆市,长江流域,北渡,2026-09-28 09:00,2,26.34,7.91,7.18,513.0818,18.984,1.85,0.071,0.051,1.834,,,2026-09-28 10:25:57
重庆市,长江流域,白杨溪,2026-09-28 09:00,2,26.27,7.7,6.66,178.887,12.518,2.3,0.008,0.052,1.411,,,2026-09-28 10:25:57
重庆市,长江流域,太和,2026-09-28 09:00,2,25.07,7.84,7.57,409.7,10.3,2.48,0.011,0.066,2.546,,,2026-09-28 10:25:57
重庆市,长江流域,官渡,2026-09-28 09:00,-1,,,,,,,,,,,,2026-09-28 10:25:57
重庆市,长江流域,临渡,2026-09-28 09:00,5,26.59,7.29,2.72,691,9.228,3.05,,0.115,2.345,,,2026-09-28 10:25:57
重庆市,长江流域,渠江码头,2026-09-28 10:00,3,21.91,7.49,9.15,278.477,201.825,5.1,,0.148,4.747,,,2026-09-28 10:25:57
重庆市,长江流域,黄桷,2026-09-28 09:00,2,23.66,7.59,6.42,492.636,17.017,2.98,0.026,0.072,2.556,,,2026-09-28 10:25:57
重庆市,长江流域,朱沱,2026-09-28 09:00,1,23.37,8.08,7.79,382.2,9.91,1.44,0.006,,1.799,,,2026-09-28 10:25:57
重庆市,长江流域,四明水厂,2026-09-28 09:00,3,26.76,7.87,5.75,410.1,9.9,5.16,0.017,0.055,0.91,,,2026-09-28 10:25:57
重庆市,长江流域,金狮桥,2026-09-28 09:00,1,21.59,8.23,8.81,225.702,6.055,0.71,,0.008,0.715,,,2026-09-28 10:25:57
重庆市,长江流域,璧南河两河口,2026-09-28 09:00,3,26.43,7.83,6.42,848.605,17.343,4.8,0.006,0.121,3.618,,,2026-09-28 10:25:57
重庆市,长江流域,中和,2026-09-28 09:00,3,26.29,8.04,11.96,555.8,6.51,5.35,0.024,0.106,2.224,,,2026-09-28 10:25:57
重庆市,长江流域,玉溪,2026-09-28 09:00,2,24.2,7.78,7.96,511.9553,23.5773,2.39,0.043,0.098,3.005,,,2026-09-28 10:25:57
重庆市,长江流域,高洞电站,2026-09-28 09:00,4,26.666,7.55,4.9,635.974,5.765,5.13,0.127,0.137,2.421,,,2026-09-28 10:25:57
重庆市,长江流域,巫山乡,2026-09-28 09:00,3,23.45,7.76,9.28,226.335,34.081,5.34,0.057,0.116,2.39,,,2026-09-28 10:25:57
重庆市,长江流域,上河坝,2026-09-28 10:00,4,25.24,7.61,6.54,278.23,29.58,6.33,0.095,0.158,1.362,,,2026-09-28 10:25:57
重庆市,长江流域,芙蓉洞码头,2026-09-28 09:00,1,28.04,8.44,10.21,309.73,26.14,0.7,,0.008,1.417,,,2026-09-28 10:25:57
重庆市,长江流域,鸭江镇,2026-09-28 09:00,2,23.95,7.78,8.22,455.275,26.829,2.95,,0.078,2.586,,,2026-09-28 10:25:57
重庆市,长江流域,江口镇,2026-09-28 09:00,2,25.772,7.86,6.03,325.535,1.035,0.42,0.001,0.012,1.643,,,2026-09-28 10:25:57
重庆市,长江流域,土堡寨,2026-09-28 09:00,-1,,,,,,,,,,,,2026-09-28 10:25:57
重庆市,长江流域,水寨子,2026-09-28 09:00,2,20.33,8.1,9.51,234.283,45.629,1.88,0.003,0.041,0.844,,,2026-09-28 10:25:57
重庆市,长江流域,湖海场,2026-09-28 09:00,3,24.97,7.79,7.38,292.057,18.069,3.1,0.007,0.103,1.93,,,2026-09-28 10:25:57
重庆市,长江流域,卫星桥,2026-09-28 09:00,2,24.92,8.23,8.52,409.3735,28.3289,3.75,0.006,0.075,1.814,,,2026-09-28 10:25:57
重庆市,长江流域,高洞梁,2026-09-28 09:00,2,24.18,7.95,7.54,381.246,35.27,3.38,,0.092,1.821,,,2026-09-28 10:25:57
重庆市,长江流域,苏家,2026-09-28 09:00,2,24.6,7.82,6.76,391.2155,18.4148,1.67,,0.053,2.008,,,2026-09-28 10:25:57
重庆市,长江流域,清水湖渡口,2026-09-28 09:00,2,23.89,8.8,15.47,206.335,3.3418,1.72,0.005,0.021,1.1447,,,2026-09-28 10:25:57
重庆市,长江流域,小江河口,2026-09-28 09:00,2,25.66,7.48,7.54,380.96,6.44,2.73,,0.054,1.4208,,,2026-09-28 10:25:57
重庆市,长江流域,罗汉大桥,2026-09-28 09:00,2,19.68,7.9,9.64,231.35,51.74,3.06,,0.074,2.324,,,2026-09-28 10:25:57
重庆市,长江流域,白帝城,2026-09-28 09:00,-1,,,,,,,,,,,,2026-09-28 10:25:57
重庆市,长江流域,培石,2026-09-28 09:00,2,25.4234,7.66,7.27,402.8929,6.8799,1.01,0.079,0.048,1.596,,,2026-09-28 10:25:57
重庆市,长江流域,花台,2026-09-28 09:00,-1,,,,,,,,,,,,2026-09-28 10:25:57
重庆市,长江流域,化杠,2026-09-28 09:00,2,19.16,7.66,8.64,104.32,4.07,1.94,0.013,0.037,0.7928,,,2026-09-28 10:25:57
重庆市,长江流域,万木,2026-09-28 09:00,2,26.24,7.72,6.77,427.2,3.6,0.61,0.001,0.027,3.519,,,2026-09-28 10:25:57
重庆市,长江流域,红花村,2026-09-28 09:00,2,23.66,7.79,7.35,264.155,8.056,1.09,,0.026,1.889,,,2026-09-28 10:25:57
重庆市,长江流域,南洞沟,2026-09-28 09:00,1,25.63,8.36,12.83,344.803,3.094,0.66,,0.015,0.518,,,2026-09-28 10:25:57
重庆市,长江流域,郁江桥,2026-09-28 09:00,2,22.26,7.88,8.11,277.502,24.014,1.17,,0.033,1.335,,,2026-09-28 10:25:57
四川省,长江流域,二江寺,2026-09-28 09:00,2,19.98,7.82,7.5,380.7,17.2,1.43,0.063,0.068,1.914,,,2026-09-28 10:25:57
四川省,长江流域,岳店子下,2026-09-28 09:00,3,23.33907,7.95,6.79,425.8689,8.59282,1.75,0.066,0.127,2.84805,,,2026-09-28 10:25:57
四川省,长江流域,三邑大桥,2026-09-28 08:00,2,21.53,7.75,6.88,276.58,20.33,1.13,,0.035,1.5675,,,2026-09-28 10:25:57
四川省,长江流域,宏缘,2026-09-28 09:00,2,22.58,7.99,7.57,468.03,5.38,1.37,0.04,0.095,2.901,,,2026-09-28 10:25:57
四川省,长江流域,李家湾,2026-09-28 09:00,3,24.98,7.83,7.87,484.9,9.8,2.65,0.03,0.154,3.402,,,2026-09-28 10:25:57
四川省,长江流域,廖家堰,2026-09-28 09:00,3,26.296,7.83,7.13,892.396,30.853,4.13,0.085,0.153,2.495,,,2026-09-28 10:25:57
四川省,长江流域,脚仙村,2026-09-28 09:00,3,24.96,7.93,7.67,494.2,22.7,2.18,0.024,0.152,3.411,,,2026-09-28 10:25:57
四川省,长江流域,龙洞,2026-09-28 09:00,1,20.78,8.33,8.23,697,9.568,1.22,0.008,0.008,0.49486,,,2026-09-28 10:25:57
四川省,长江流域,倮果,2026-09-28 09:00,1,21.32,8.3,8.08,696.1779,13.30416,1.3,0.003,0.012,0.58382,,,2026-09-28 10:25:57
四川省,长江流域,雅砻江口,2026-09-28 09:00,1,19.424,7.69,8.52,225.7027,18.7936,1.63,0.015,0.015,0.63645,,,2026-09-28 10:25:57
四川省,长江流域,柏枝,2026-09-28 09:00,1,19.86,7.98,7.68,201.8799,38.36325,1.21,0.01,0.009,1.29473,,,2026-09-28 10:25:57
四川省,长江流域,湾凼,2026-09-28 09:00,3,26.6069,7.45,5,609.3709,5.539606,,0.003,0.031,0.30911,,,2026-09-28 10:25:57
四川省,长江流域,手爬岩,2026-09-28 09:00,2,23.55,7.91,7.54,383.883,14.2042,1.45,,0.059,1.4371,,,2026-09-28 10:25:57
四川省,长江流域,沱江大桥,2026-09-28 09:00,3,25.69,7.92,6.78,500.2552,29.87397,2.47,0.019,0.171,2.984127,,,2026-09-28 10:25:57
四川省,长江流域,醒觉溪,2026-09-28 09:00,2,26.24,8.08,7.22,398.7,15.56,1.51,0.031,0.042,2.47,,,2026-09-28 10:25:57
四川省,长江流域,胡市大桥,2026-09-28 09:00,4,27.67,7.43,3.56,471.1108,6.1052,4.9,0.023,0.133,1.1516,,,2026-09-28 10:25:57
四川省,长江流域,大磨子,2026-09-28 09:00,3,25.493,7.73,7.4,497.949,17.632,2.29,0.072,0.14,3.427,,,2026-09-28 10:25:57
四川省,长江流域,泸天化大桥,2026-09-28 09:00,2,26.59,7.94,7.14,464.177,12.8716,1.85,,0.039,2.3127,,,2026-09-28 10:25:57
四川省,长江流域,纳溪大渡口,2026-09-28 09:00,2,22.9,7.74,7.33,355.518,19.264,1.16,0.004,0.072,1.5345,,,2026-09-28 10:25:57
四川省,长江流域,两汇水,2026-09-28 09:00,3,24.35702,7.79,8.18,133.0346,22.625,2.05,0.085,0.133,0.757,,,2026-09-28 10:25:57
四川省,长江流域,太平渡,2026-09-28 10:00,2,28.9853,8.19,7.68,556.3038,11.77909,1.56,0.004,0.047,3.34,,,2026-09-28 10:25:57
四川省,长江流域,八角,2026-09-28 09:00,3,23.6,8.13,7.24,579.1,17.96,1.1,0.055,0.186,3.089,,,2026-09-28 10:25:57
四川省,长江流域,象山,2026-09-28 09:00,3,25.61,7.72,5.2,566.73,5.4,3.86,0.017,0.091,3.448,,,2026-09-28 10:25:57
四川省,长江流域,双江桥,2026-09-28 09:00,3,22.41,8,7.65,597.18,25.33,1.75,0.029,0.11,2.984,,,2026-09-28 10:25:57
四川省,长江流域,三川,2026-09-28 09:00,3,22.01,8.02,7.74,615.6,21.35,0.95,0.021,0.112,3.137,,,2026-09-28 10:25:57
四川省,长江流域,西平镇,2026-09-28 09:00,2,22.98,8.12,7.64,554.6,24.94,1.07,,0.097,3.013,,,2026-09-28 10:25:57
四川省,长江流域,平武水文站,2026-09-28 09:00,1,15.16,8.38,8.96,232.6701,169.6268,1.12,0.007,0.018,0.93189,,,2026-09-28 10:25:57
四川省,长江流域,丰谷,2026-09-28 09:00,2,21.21019,7.98,8.43,278.8463,27.52012,1.31,0.004,0.028,0.18411,,,2026-09-28 10:25:57
四川省,长江流域,鲁班岛,2026-09-28 09:00,2,24.295,8.78,10.19,248.6702,2.64733,1.85,0.003,0.014,0.20126,0.00374,1.911141,2026-09-28 10:25:57
四川省,长江流域,北川通口,2026-09-28 09:00,1,18.56836,8.29,8.82,245.8835,30.0578,0.65,0.005,0.017,1.01774,,,2026-09-28 10:25:57
四川省,长江流域,八庙沟,2026-09-28 09:00,1,22.91,8.3,7.78,362.3589,7.836,0.54,0.007,0.009,1.33795,,,2026-09-28 10:25:57
四川省,长江流域,姚渡,2026-09-28 09:00,1,18.29633,8.25,8.64,327.4543,96.27489,1.58,0.004,0.002,1.146,,,2026-09-28 10:25:57
四川省,长江流域,苴国村,2026-09-28 09:00,1,22.53,8,8.16,303.5429,4.35876,1.37,0.003,0.008,0.94186,,,2026-09-28 10:25:57
四川省,长江流域,上石盘,2026-09-28 09:00,2,22.43,8.03,7.27,347.7907,7.24618,1.51,0.003,0.015,1.51829,,,2026-09-28 10:25:57
四川省,长江流域,清泉乡,2026-09-28 09:00,2,25.49,7.83,7.99,321.6,5.5966,2.1,0.021,0.022,0.905,,,2026-09-28 10:25:57
四川省,长江流域,大安,2026-09-28 09:00,4,25.74,7.55,6.18,555.026,14.7,4.58,0.027,0.211,2.371,,,2026-09-28 10:25:57
四川省,长江流域,百顷,2026-09-28 09:00,2,22.53,7.75,7.84,331.7,9.76,1.12,0.057,0.047,2.06,,,2026-09-28 10:25:57
四川省,长江流域,梓江大桥,2026-09-28 09:00,2,25.52,7.95,6.32,479.5,11.2,3.32,0.01,0.079,3.192,,,2026-09-28 10:25:57
四川省,长江流域,大埂,2026-09-28 09:00,3,26.01,7.77,6.25,572.8,4.62,5.44,0.162,0.096,2.289615,,,2026-09-28 10:25:57
四川省,长江流域,球溪河口,2026-09-28 10:00,4,25.94,7.67,6.05,583.66,26.2,5.41,0.031,0.209,5.413,,,2026-09-28 10:25:57
四川省,长江流域,李码头,2026-09-28 09:00,2,20.1722,7.93,8.26,255.3759,22.14736,0.48,0.005,0.033,1.52077,,,2026-09-28 10:25:57
四川省,长江流域,马边河河口,2026-09-28 09:00,2,20.21221,7.87,8.25,262.7407,6.42101,0.81,0.001,0.033,1.59602,,,2026-09-28 10:25:57
四川省,长江流域,悦来渡口,2026-09-28 09:00,2,23.312,8.04,8.29,381.327,13.206,1.5,0.026,0.085,2.445,,,2026-09-28 10:25:57
四川省,长江流域,金溪电站,2026-09-28 09:00,3,25.31,7.65,5.56,328.872,13.1551,2.11,0.014,0.037,1.657,,,2026-09-28 10:25:57
四川省,长江流域,升钟水库铁炉寺,2026-09-28 09:00,3,25.49,8.72,10.39,326.05,21.43,5,,0.019,2.706,,,2026-09-28 10:25:57
四川省,长江流域,沙溪,2026-09-28 09:00,2,24.7,7.61,6.94,291.79,3.82,1.65,0.009,0.012,1.406,,,2026-09-28 10:25:57
四川省,长江流域,黄龙溪,2026-09-28 09:00,2,22.23,7.77,7.68,406.122,7.394,1.49,,0.067,2.263,,,2026-09-28 10:25:57
四川省,长江流域,彭山岷江大桥,2026-09-28 09:00,2,21.58,7.94,8.54,330.9152,10.18151,1.47,0.005,0.044,1.52565,,,2026-09-28 10:25:57
四川省,长江流域,龟都府,2026-09-28 09:00,2,18.55,8,8.26,234.7209,9.666097,0.52,0.027,0.046,1.066962,,,2026-09-28 10:25:57
四川省,长江流域,越溪河两河口,2026-09-28 09:00,3,25.07,7.67,5.12,518.8,15.1,4.42,0.033,0.089,3.107,,,2026-09-28 10:25:57
四川省,长江流域,月波,2026-09-28 09:00,2,20.69,7.47,7.44,301.9,22.4,1.1,0.111,0.066,1.687,,,2026-09-28 10:25:57
四川省,长江流域,凉姜沟,2026-09-28 09:00,2,21.83,7.89,7.27,286.4357,15.20362,1.64,0.012,0.068,1.865599,,,2026-09-28 10:25:57
四川省,长江流域,挂弓山,2026-09-28 09:00,2,22.68449,7.91,6.97,374.0594,7.64411,1.3,0.009,0.047,1.68508,,,2026-09-28 10:25:57
四川省,长江流域,蔡家渡口,2026-09-28 09:00,2,26.15531,7.85,6.72,814.3296,10.25073,1.67,0.004,0.061,2.68059,,,2026-09-28 10:25:57
四川省,长江流域,三块石,2026-09-28 10:00,1,23.11,7.99,7.61,470.71,6.56,1.09,,0.019,1.094,,,2026-09-28 10:25:57
四川省,长江流域,洛亥,2026-09-28 09:00,2,20.59,8.1,8.08,318.1481,2.385119,0.87,0.005,0.065,3.47,,,2026-09-28 10:25:57
四川省,长江流域,溪口镇平桥村,2026-09-28 10:00,3,24.13,7.5,7.48,296.71,28.98,5.02,0.047,0.076,1.431,,,2026-09-28 10:25:57
四川省,长江流域,摇金,2026-09-28 09:00,3,26.52,7.81,6.57,493.95,25.32,5.48,0.089,0.167,1.46,,,2026-09-28 10:25:57
四川省,长江流域,金子,2026-09-28 09:00,2,25.8,7.85,7.19,290.8,17.56,2.37,0.015,0.042,1.7901,,,2026-09-28 10:25:57
四川省,长江流域,烈面,2026-09-28 10:00,2,26.1,7.55,6.7,298.4,13.2,1.69,0.019,0.047,1.576,,,2026-09-28 10:25:57
四川省,长江流域,幺滩,2026-09-28 09:00,3,25.15,8.09,8.05,495.4,68.6,3.83,0.03,0.13,2.363,,,2026-09-28 10:25:57
四川省,长江流域,江陵,2026-09-28 09:00,3,22.75,8,8.27,294.17,58.76,3.35,0.054,0.126,1.875,,,2026-09-28 10:25:57
四川省,长江流域,大蹬沟,2026-09-28 09:00,3,22.9,7.71,8.34,256.8,75.2,4.02,0.002,0.1,2.491,,,2026-09-28 10:25:57
四川省,长江流域,白兔乡,2026-09-28 09:00,3,23.7,7.96,7.9,437.5,15.53,4.91,0.093,0.149,2.054,,,2026-09-28 10:25:57
四川省,长江流域,联盟桥,2026-09-28 09:00,3,24.55,7.34,5.17,282.81,24.46,,0.005,0.142,1.6099,,,2026-09-28 10:25:57
四川省,长江流域,舵石盘,2026-09-28 09:00,4,21.01,7.97,9.97,241.4,375.3,6.06,0.035,0.282,1.986,,,2026-09-28 10:25:57
四川省,长江流域,车家河,2026-09-28 09:00,3,19.98,8.04,9.62,231.1,196.93,4.09,0.015,0.108,1.656,,,2026-09-28 10:25:57
四川省,长江流域,三谷庄,2026-09-28 09:00,2,20.15078,8.11,7.11,236.3339,7.02256,,0.002,0.011,0.56123,,,2026-09-28 10:25:57
四川省,长江流域,大岗山,2026-09-28 09:00,1,16.93,8.04,7.82,213.5913,17.66595,1.24,0.005,0.011,0.56326,,,2026-09-28 10:25:57
四川省,长江流域,手傍岩,2026-09-28 09:00,2,24.07,7.93,7.32,380,10.3,,0.034,0.044,1.347,,,2026-09-28 10:25:57
四川省,长江流域,幸福村,2026-09-28 09:00,3,24.51,7.91,8.12,451.9,18.7,1.29,0.04,0.106,2.913,,,2026-09-28 10:25:57
四川省,长江流域,拱城铺渡口,2026-09-28 09:00,3,24.31,7.97,8.01,470.03,17.4,0.91,0.027,0.122,2.872,,,2026-09-28 10:25:57
四川省,长江流域,红光村,2026-09-28 10:00,3,24.41,7.57,5.72,657.58,49.86,5.37,0.023,0.136,2.305,,,2026-09-28 10:25:57
四川省,长江流域,两河,2026-09-28 10:00,3,26.15,7.78,5.97,566.7,16.79,5.96,0.049,0.099,2.759,,,2026-09-28 10:25:57
四川省,长江流域,县城马踏石点,2026-09-28 09:00,2,14.15178,8.39,9.95,338.0641,375.3344,2.4,0.21,0.019,,,,2026-09-28 10:25:57
四川省,长江流域,渭门桥,2026-09-28 09:00,1,15.13,8.32,8.51,225.4426,57.03206,0.18,0.003,0.015,0.39953,,,2026-09-28 10:25:57
四川省,长江流域,小水沟,2026-09-28 09:00,1,12.2004,8.31,7.53,226.507,56.05363,1.14,0.049,0.014,0.98071,,,2026-09-28 10:25:57
四川省,长江流域,竹巴龙村,2026-09-28 09:00,2,11.01,8.32,6.93,1678.6,242,1.97,0.226,0.094,1.62,,,2026-09-28 10:25:57
四川省,长江流域,金沙江岗托桥,2026-09-28 09:00,2,11.9,8.41,7.28,1571.1,317.8,3.32,0.327,,1.025,,,2026-09-28 10:25:57
四川省,长江流域,昔街大桥,2026-09-28 09:00,3,21.96,7.65,7.5,203.94,107.35,1.86,0.125,0.115,2.412,,,2026-09-28 10:25:57
四川省,长江流域,阿七大桥,2026-09-28 09:00,2,22.2,7.66,6.04,215.5585,70.75611,1.66,0.025,0.07,2.59542,,,2026-09-28 10:25:57
四川省,长江流域,邛海湖心,2026-09-28 09:00,2,25.43,8.44,7.05,302.3733,3.65138,2.36,0.004,0.018,0.16683,0.00246,68452.03,2026-09-28 10:25:57
贵州省,长江流域,棉花渡,2026-09-28 09:00,2,24.69,7.85,7.07,470.6,0.8516,1.55,,0.06,2.9385,,,2026-09-28 10:25:57
贵州省,长江流域,贵铝泵房,2026-09-28 09:00,2,24.9076,8.5,10.04,353.0616,4.7719,2.64,0.017,0.021,1.3336,0.01882,1967604,2026-09-28 10:25:57
贵州省,长江流域,花鱼洞,2026-09-28 09:00,4,24.7226,7.72,3.99,316.3491,3.3322,1.86,0.107,0.021,0.8533,0.0035,4124050,2026-09-28 10:25:57
贵州省,长江流域,麦穰,2026-09-28 09:00,3,24.58,8.17,6.91,659.28,6.39,2.54,0.088,0.187,5.148,,,2026-09-28 10:25:57
贵州省,珠江流域,青岩,2026-09-28 09:00,2,24.24,8.02,6.2,571.186,3.7332,1.71,,0.036,2.9311,,,2026-09-28 10:25:57
贵州省,长江流域,龙场,2026-09-28 09:00,2,21.4,8.01,6.67,413.56,3.06,0.77,0.013,0.013,3.612,,,2026-09-28 10:25:57
贵州省,珠江流域,发耳,2026-09-28 09:00,3,24.62,8.5,7.22,349.452,127.708,1.68,,0.129,3.072,,,2026-09-28 10:25:57
贵州省,长江流域,打秋坪,2026-09-28 09:00,3,26.58,7.98,7.1,630.3,2.9,1.45,0.086,0.106,4.634,,,2026-09-28 10:25:57
贵州省,长江流域,鱼塘大桥,2026-09-28 09:00,1,25.41,7.93,7.89,345.81,1.837,0.64,,0.01,1.483,,,2026-09-28 10:25:57
贵州省,长江流域,沿江渡,2026-09-28 09:00,2,27.83,8.83,10.13,322.94,4.84,2.95,,0.014,1.746,,,2026-09-28 10:25:57
贵州省,长江流域,鲤鱼塘,2026-09-28 09:00,3,26.59,7.5,5.54,521.08,0.49,1.45,0.028,0.049,3.098,,,2026-09-28 10:25:57
贵州省,长江流域,坡渡,2026-09-28 09:00,1,25.51,8.16,7.9,301.44,3.2,0.33,0.021,0.009,0.446,,,2026-09-28 10:25:57
贵州省,长江流域,余庆河暗溪坪,2026-09-28 09:00,2,25.74,7.77,9.3,328.47,2.39,1.16,,0.026,1.854,,,2026-09-28 10:25:57
贵州省,长江流域,羊柱头渡口,2026-09-28 09:00,4,25.68,7.74,7.05,772.64,1.773,2.53,0.242,0.243,8.486,,,2026-09-28 10:25:57
贵州省,长江流域,鲢鱼溪,2026-09-28 09:00,1,26.328,8.15,7.59,415.965,5.64,1.28,0.018,0.014,2.748,,,2026-09-28 10:25:57
贵州省,长江流域,长沙,2026-09-28 09:00,2,26.4015,8.03,6.59,271.0085,9.3712,1.51,0.044,0.037,1.2581,,,2026-09-28 10:25:57
贵州省,长江流域,茅台,2026-09-28 09:00,2,26.73,8.1,6.71,421.74,4.01,,,0.013,3.757,,,2026-09-28 10:25:57
贵州省,珠江流域,黄果树,2026-09-28 09:00,2,23.9297,8.13,7.88,504.1,14.15,1.08,,0.053,2.17,,,2026-09-28 10:25:57
贵州省,长江流域,斯拉河大桥,2026-09-28 09:00,2,25.85,8.64,10.22,358.21,8.42,2.55,0.015,0.017,3.146,,,2026-09-28 10:25:57
贵州省,珠江流域,打邦,2026-09-28 09:00,1,29.5,8.18,7.5,434.65,7.719,1.62,,0.007,2.765,,,2026-09-28 10:25:57
贵州省,长江流域,小屯,2026-09-28 01:00,2,26.3,8.41,8.17,357.8526,5.223,2.3,,0.023,4.243,,,2026-09-28 10:25:57
贵州省,长江流域,清水铺,2026-09-28 09:00,2,25.233,8.12,7.13,421.399,5.556,1,0.016,0.014,4.288,,,2026-09-28 10:25:57
贵州省,长江流域,大桥边,2026-09-28 09:00,1,20.227,8,7.81,342.136,4.899,0.9,0.008,0.016,3.993,,,2026-09-28 10:25:57
贵州省,长江流域,鱼市,2026-09-28 09:00,1,27.85,8.12,9.53,422.129,2.159433,0.75,0.014,0.019,0.862481,,,2026-09-28 10:25:57
贵州省,长江流域,下干溪,2026-09-28 09:00,2,26.41,8.03,6.94,366.62,3.57,0.91,0.013,0.016,1.835,,,2026-09-28 10:25:57
贵州省,珠江流域,坝草,2026-09-28 09:00,1,26.8996,8.21,8.08,394.685,3.3069,1.08,,0.006,3.0049,,,2026-09-28 10:25:57
贵州省,珠江流域,南盘江三江口,2026-09-28 09:00,1,27.7,8.49,13.74,257.25,10.57,1.5,0.006,0.014,2.427,0.00249,,2026-09-28 10:25:57
贵州省,珠江流域,万峰湖,2026-09-28 09:00,3,27.3,8.31,7.53,317.29,2.31,0.99,0.001,0.028,2.943,0.027,1056686,2026-09-28 10:25:57
贵州省,珠江流域,岔河口,2026-09-28 09:00,2,27.1335,8.93,9.96,258.793,12.3903,2.77,,0.012,1.4221,,,2026-09-28 10:25:57
贵州省,珠江流域,蔗香北,2026-09-28 09:00,1,27.32,8.11,10.52,264.7919,4.7828,1.21,,0.009,2.2988,,,2026-09-28 10:25:57
贵州省,珠江流域,黄泥河,2026-09-28 09:00,2,20.6945,8.15,7.06,437.1403,52.6828,1.45,0.001,0.043,3.5855,,,2026-09-28 10:25:57
贵州省,珠江流域,赵家渡,2026-09-28 09:00,2,23.22,8.2,7.77,418.564,6.49,0.55,0.018,0.034,4.528,,,2026-09-28 10:25:57
贵州省,珠江流域,坡脚,2026-09-28 09:00,2,27.68,8.33,11.72,378.356,21.9423,1.67,,0.021,3.992,,,2026-09-28 10:25:57
贵州省,珠江流域,蔗香南,2026-09-28 09:00,1,29.67,8.68,9.89,262.3,2.09,1.26,0.008,0.015,2.3755,,,2026-09-28 10:25:57
贵州省,长江流域,金紫,2026-09-28 09:00,2,25.12,7.71,6.72,174.2685,9.42,0.73,,0.018,1.074,,,2026-09-28 10:25:57
贵州省,珠江流域,从江大桥,2026-09-28 09:00,1,27.415,7.36,7.54,86.582,8.769,0.8,0.01,0.015,0.455,,,2026-09-28 10:25:57
贵州省,长江流域,平敏大桥,2026-09-28 09:00,2,26.55,7.8,6.76,175.93,9.02,0.82,,0.014,0.516,,,2026-09-28 10:25:57
贵州省,长江流域,旁海,2026-09-28 09:00,2,26.24,8.18,7.02,503.62,10.96,1.25,0.028,0.054,2.132,,,2026-09-28 10:25:57
贵州省,长江流域,重安江大桥,2026-09-28 09:00,2,25.131,8.33,7.27,617.259,2.336,0.77,0.012,0.096,2.926,,,2026-09-28 10:25:57
贵州省,珠江流域,榕江,2026-09-28 09:00,2,28.55,7.77,7.68,151.58,5.72,0.84,0.072,0.029,0.557,,,2026-09-28 10:25:57
贵州省,珠江流域,新华,2026-09-28 09:00,2,26.606,8.16,7.47,220.272,5.158,0.94,0.012,0.013,0.563,,,2026-09-28 10:25:57
贵州省,长江流域,甘溪高碑,2026-09-28 09:00,1,26.35,8.11,7.88,375.5,9.12,1.15,,0.018,0.5154,,,2026-09-28 10:25:57
贵州省,长江流域,跳鱼洞,2026-09-28 09:00,3,24.76,8.06,6.22,492.14,2.85,1.86,0.085,0.124,2.176,,,2026-09-28 10:25:57
贵州省,长江流域,凤山桥边,2026-09-28 09:00,2,25.0589,8.33,8.83,608.32,3.3543,1.96,0.005,0.098,3.506,,,2026-09-28 10:25:57
贵州省,珠江流域,边外河,2026-09-28 10:00,1,26.44,7.81,7.86,340.22,3.92,0.92,,0.005,1.742,,,2026-09-28 10:25:57
贵州省,珠江流域,界牌,2026-09-28 09:00,1,25.431,7.97,7.64,297.279,2.758,,0.02,0.01,0.617,,,2026-09-28 10:25:57
贵州省,珠江流域,甲茶,2026-09-28 09:00,1,24.3959,7.63,7.72,331.9089,0.4523,1.29,0.006,0.007,0.8646,,,2026-09-28 10:25:57
云南省,长江流域,通仙桥,2026-09-28 09:00,3,21.25,7.92,6.1,545.754,14.957,1.81,0.02,0.175,7.202,,,2026-09-28 10:25:57
云南省,长江流域,普渡河桥,2026-09-28 09:00,3,23.52,7.79,5.64,582.0526,8.376,2.72,0.063,0.062,2.8121,,,2026-09-28 10:25:57
云南省,珠江流域,禄丰村,2026-09-28 09:00,2,22.93,8.16,7.46,469.2331,9.2226,1.35,,0.031,4.801,,,2026-09-28 10:25:57
云南省,滇池流域,回龙村,2026-09-28 09:00,3,21.94,7.83,5.25,644.7466,4.5906,2.68,,0.02,3.1951,,,2026-09-28 10:25:57
云南省,滇池流域,船房五社桥头,2026-09-28 09:00,4,22.49,7.49,4.08,569.899,2.945,3.79,0.035,0.043,4.5906,,,2026-09-28 10:25:57
云南省,滇池流域,王大桥,2026-09-28 09:00,4,21.89,7.35,5.04,617.2589,6.5202,3.93,0.246,0.234,9.4518,,,2026-09-28 10:25:57
云南省,滇池流域,大观河入湖口,2026-09-28 09:00,3,20.99,8.01,5.95,435.2358,18.0198,1.66,0.039,0.094,4.7408,,,2026-09-28 10:25:57
云南省,滇池流域,大渔乡土罗村入湖口,2026-09-28 09:00,5,20.74,7.34,2.1,541.2766,22.2928,3.2,0.051,0.071,5.8,,,2026-09-28 10:25:57
云南省,滇池流域,新河村入湖口,2026-09-28 09:00,3,21.43,8.09,6.04,405.47,21.621,1.8,0.013,0.107,4.044,,,2026-09-28 10:25:57
云南省,珠江流域,阳宗海中,2026-09-28 10:00,3,23.48,9,7.38,412.53,3.683,4.13,0.042,0.016,0.42,0.00556,3694390,2026-09-28 10:25:57
云南省,长江流域,富民大桥,2026-09-28 09:00,3,23.4,8.2,5.34,561.5806,29.0793,5.99,0.032,0.136,2.7575,,,2026-09-28 10:25:57
云南省,滇池流域,严家村桥,2026-09-28 09:00,2,20.78022,7.91,6.48,428.7552,11.48602,1.43,0.066,0.089,5.042862,,,2026-09-28 10:25:57
云南省,滇池流域,宝丰村入湖口,2026-09-28 09:00,2,20.78,8.11,7.9,618.98,9.6,1.44,,0.038,3.661,,,2026-09-28 10:25:57
云南省,滇池流域,江尾下闸,2026-09-28 09:00,4,22.68,7.6,4.68,365.579,12.841,0.68,0.066,0.033,2.136,,,2026-09-28 10:25:57
云南省,滇池流域,茨巷河入湖口,2026-09-28 09:00,4,20,7.7,4.61,334.2117,3.2647,2.5,,0.014,1.449,,,2026-09-28 10:25:57
云南省,滇池流域,东大河滇池入湖口,2026-09-28 09:00,4,21.52,8.01,3.03,285.8528,10.8657,2.64,,0.055,1.272,,,2026-09-28 10:25:57
云南省,滇池流域,草海中心,2026-09-28 10:00,4,22.71,8.52,9.05,382.08,48.03,4.2,,0.057,3.465,0.01164,1.000926,2026-09-28 10:25:57
云南省,滇池流域,灰湾中,2026-09-28 10:00,4,22.4,8.87,7.54,392.007,114.853,6.8,0.04,0.071,1.852,0.04556,5.176793,2026-09-28 10:25:57
云南省,滇池流域,观音山东,2026-09-28 08:00,4,22.22,,7.26,388.64,39.96,8.04,,0.068,0.823,0.01591,4.122702,2026-09-28 10:25:57
云南省,滇池流域,观音山中,2026-09-28 10:00,4,22.01,8.95,7.46,354.937,49.849,,,0.059,1.218,0.00635,1.8461,2026-09-28 10:25:57
云南省,滇池流域,观音山西,2026-09-28 10:00,4,22.33,8.86,6.4,389.62,44.93,7.02,0.009,0.056,0.937,0.00836,7.746223,2026-09-28 10:25:57
云南省,滇池流域,海口西,2026-09-28 10:00,3,21.61,,6.57,360.81,24.74,5.44,,0.047,,0.01186,4.79107,2026-09-28 10:25:57
云南省,滇池流域,滇池南,2026-09-28 10:00,4,21.12,,7.69,394.54,39.92,9.33,,0.061,0.714,0.04801,1.714857,2026-09-28 10:25:57
云南省,滇池流域,晋城小寨,2026-09-28 09:00,2,20.17,8.03,6.61,540.8859,4.2223,2.67,0.026,0.076,7.192,,,2026-09-28 10:25:57
云南省,长江流域,牛栏江河口,2026-09-28 09:00,2,21.92,8.04,6.04,525.574,16.369,1.99,0.038,0.05,4.541,,,2026-09-28 10:25:57
云南省,珠江流域,狗街,2026-09-28 09:00,3,24.42,8,7.21,591.5286,12.38602,2.68,0.045,0.15,5.842815,,,2026-09-28 10:25:57
云南省,珠江流域,花山水库出水口,2026-09-28 09:00,2,22.3,8.43,7.14,326.3172,1.9146,0.97,0.003,0.004,2.8368,,,2026-09-28 10:25:57
云南省,长江流域,以礼河水文站,2026-09-28 09:00,3,20.06,7.89,5.73,280.6422,10.6629,2.19,0.01,0.052,2.0343,,,2026-09-28 10:25:57
云南省,珠江流域,厂房大桥,2026-09-28 09:00,2,24.21,8.49,9.63,289.4859,11.8401,3.66,0.013,0.076,2.987,,,2026-09-28 10:25:57
云南省,珠江流域,天生桥,2026-09-28 09:00,1,20.338,8.16,7.8,531.02,5.561,0.8,,0.018,7.5281,,,2026-09-28 10:25:57
云南省,长江流域,牛栏江大桥,2026-09-28 09:00,2,20.98,8,7.08,403.928,24.624,1.26,0.01,0.041,2.472,,,2026-09-28 10:25:57
云南省,珠江流域,盘溪大桥,2026-09-28 09:00,2,23.78,8.07,7.2,523.0629,10.28254,1.49,0.009,0.031,5.07102,,,2026-09-28 10:25:57
云南省,珠江流域,九甸大桥,2026-09-28 09:00,2,24.45492,8.24,7.25,565.0909,25.72999,1.38,0.006,0.072,4.71254,,,2026-09-28 10:25:57
云南省,西南诸河,坝洪村,2026-09-28 09:00,2,28.71,8.16,7.56,365.3784,57.71088,1.1,0.007,0.022,1.15109,,,2026-09-28 10:25:57
云南省,珠江流域,抚仙湖心,2026-09-28 10:00,2,22.65,8.84,7.18,278.14,2.394,2.24,,0.011,0.129,0.00186,1.589873,2026-09-28 10:25:57
云南省,西南诸河,绿汁江大桥,2026-09-28 09:00,2,22.84129,8.16,6.32,648.3669,48.73631,1.44,0.033,0.011,1.19428,,,2026-09-28 10:25:57
云南省,珠江流域,杞麓湖心,2026-09-28 10:00,4,22.58,8.75,7.16,765.08,7.47,7.04,0.078,0.021,1.445,0.04869,9368906,2026-09-28 10:25:57
云南省,珠江流域,永昌桥,2026-09-28 09:00,3,21.66636,8,6.31,473.4258,3.30069,2.36,0.039,0.117,3.5219,,,2026-09-28 10:25:57
云南省,珠江流域,星云湖心,2026-09-28 10:00,4,22.89,8.92,4.38,556.198,25.53,5.46,,,0.725,0.00431,2.785469,2026-09-28 10:25:57
云南省,西南诸河,红旗桥,2026-09-28 09:00,1,19.32067,8.16,9.11,395.1848,357.633,1.24,,0.009,0.4738668,,,2026-09-28 10:25:57
云南省,西南诸河,湾甸,2026-09-28 09:00,2,24.32428,8.34,8.09,449.1754,75.9761,0.92,0.007,0.078,2.36407,,,2026-09-28 10:25:57
云南省,西南诸河,永保桥,2026-09-28 09:00,2,20.87838,8.22,6.91,438.9059,16.69869,1.05,0.003,0.003,0.44337,,,2026-09-28 10:25:57
云南省,西南诸河,龙江桥,2026-09-28 09:00,2,21.69146,7.07,7.27,101.3608,22.02481,1.09,0.005,0.02,0.69022,,,2026-09-28 10:25:57
云南省,长江流域,云贵桥,2026-09-28 09:00,2,18.94,8.15,7.87,395.104,9.863,0.88,0.001,0.021,2.928,,,2026-09-28 10:25:57
云南省,长江流域,头屯河,2026-09-28 09:00,2,19.23,8.11,7.88,423.769,4.22,0.41,,0.021,5.004,,,2026-09-28 10:25:57
云南省,长江流域,邓家河,2026-09-28 09:00,2,22.91,7.72,7.03,405.816,13.578,0.92,0.013,0.024,2.448,,,2026-09-28 10:25:57
云南省,长江流域,横江桥,2026-09-28 09:00,2,21.61,8.14,8.18,281.4,20.96,0.98,,0.032,2.293,,,2026-09-28 10:25:57
云南省,长江流域,程海湖中,2026-09-28 09:00,3,25.57903,,7.01,1318.104,3.44874,5.71,0.021,0.018,0.77512,0.01414,7681.292,2026-09-28 10:25:57
云南省,长江流域,金江桥,2026-09-28 09:00,1,20.4,8.1,9.03,839.1536,13.06817,1.06,0.021,0.01,0.60806,,,2026-09-28 10:25:57
云南省,长江流域,龙兴村,2026-09-28 09:00,5,18.3196,7.74,5.41,467.5399,12.98029,2.68,1.201,0.313,3.82123,,,2026-09-28 10:25:57
云南省,西南诸河,土卡河水文站,2026-09-28 09:00,2,27.05564,7.87,6.21,214.6112,21.38596,1.26,,0.016,0.9789892,,,2026-09-28 10:25:57
云南省,西南诸河,思茅港,2026-09-28 09:00,3,23.29804,7.33,5.22,305.0124,8.10103,1.31,0.013,0.009,1.0491,,,2026-09-28 10:25:57
云南省,西南诸河,孟拉桥,2026-09-28 09:00,2,24.22,7.53,7.49,111.6265,30.86877,1.5,0.012,0.012,0.49538,,,2026-09-28 10:25:57
云南省,西南诸河,莲花乡,2026-09-28 09:00,4,24.35707,7.51,4.58,339.3593,9.87652,3.43,0.658,0.186,6.08365,,,2026-09-28 10:25:57
云南省,西南诸河,嘎旧,2026-09-28 09:00,2,23.09,8.01,6.81,395.7934,12.95506,1.45,0.002,0.013,,,,2026-09-28 10:25:57
云南省,西南诸河,景临桥,2026-09-28 09:00,6,28.41,9.48,12.15,213.439,17.12347,4.48,0.023,0.059,0.88123,,,2026-09-28 10:25:57
云南省,西南诸河,孟定大桥,2026-09-28 09:00,1,24.06,7.87,8.19,266.7147,127.8596,0.69,0.006,0.02,1.35898,,,2026-09-28 10:25:57
云南省,西南诸河,黑箐,2026-09-28 09:00,2,24.28,7.62,6.22,157.9346,124.8147,1.61,0.003,0.037,2.12728,,,2026-09-28 10:25:57
云南省,西南诸河,小黑江检查站,2026-09-28 09:00,1,23.80545,7.23,7.85,,0.0123,,,,,,,2026-09-28 10:25:57
云南省,西南诸河,水文站,2026-09-28 09:00,3,22.42,7.92,5.67,439.9128,21.7179,1.11,0.02,0.033,1.42758,,,2026-09-28 10:25:57
云南省,长江流域,西观桥,2026-09-28 09:00,3,22.47,7.66,5.52,646.3095,39.22805,1.94,0.003,0.012,6.07109,,,2026-09-28 10:25:57
云南省,西南诸河,那发出境,2026-09-28 09:00,2,26.84,7.66,6.45,147.5929,88.97,0.92,,0.054,0.7317,,,2026-09-28 10:25:57
云南省,西南诸河,中越桥,2026-09-28 09:00,2,26.39,8.1,8.99,280.5309,19.9875,0.67,0.087,0.047,2.2135,,,2026-09-28 10:25:57
云南省,西南诸河,龙脖渡口,2026-09-28 09:00,2,27.22,8.14,6.9,322.3124,20.1708,0.41,,0.043,1.1822,,,2026-09-28 10:25:57
云南省,西南诸河,河口县医院,2026-09-28 09:00,2,27.55863,8.14,6.17,311.9145,19.83691,1,,0.048,1.671823,,,2026-09-28 10:25:57
云南省,西南诸河,小河底河,2026-09-28 09:00,2,24.97,8.18,8.56,457.3492,28.0735,1.35,,0.022,,,,2026-09-28 10:25:57
云南省,珠江流域,异龙湖中,2026-09-28 10:00,4,25.41,8.14,3.9,444.5,3.339,6.92,0.032,0.01,0.649,0.00994,37686.5,2026-09-28 10:25:57
云南省,珠江流域,长虹桥,2026-09-28 09:00,2,24.08,8.15,7.4,477.6932,70.2796,2.23,,0.07,4.5816,,,2026-09-28 10:25:57
云南省,珠江流域,江边桥,2026-09-28 09:00,2,25.01,7.78,7.2,510.17,63.04,1.13,,0.078,,,,2026-09-28 10:25:57
云南省,西南诸河,天保农场,2026-09-28 09:00,2,23.83,7.96,8.99,370.3,6.42,0.62,,0.026,3.1397,,,2026-09-28 10:25:57
云南省,西南诸河,南利大桥,2026-09-28 09:00,2,24.39,8.24,6.14,297.54,9.72,0.7,0.01,0.015,1.388,,,2026-09-28 10:25:57
云南省,珠江流域,谷拉河大桥,2026-09-28 09:00,2,30.12,8.5,11.23,203.48,3.838,2.34,0.005,0.006,0.547,,,2026-09-28 10:25:57
云南省,西南诸河,勐仑大桥,2026-09-28 09:00,2,24.93,8.12,7.38,265.9278,37.10803,0.42,0.009,0.023,0.62054,,,2026-09-28 10:25:57
云南省,西南诸河,风情园大桥,2026-09-28 09:00,2,23.10106,7.77,8.01,95.55178,74.5905,0.9,0.002,0.041,1.94454,,,2026-09-28 10:25:57
云南省,西南诸河,勐捧岔河,2026-09-28 09:00,2,24.64,7.95,7.61,295.5997,34.81991,1.2,0.003,0.045,0.69458,,,2026-09-28 10:25:57
云南省,西南诸河,打洛江大桥,2026-09-28 09:00,1,25.9894,7.83,7.58,142.249,72.96442,0.45,0.001,0.015,0.57756,,,2026-09-28 10:25:57
云南省,西南诸河,洱海湖心,2026-09-28 10:00,3,23.31,8.85,6.9,288.4,5.97,4.18,0.01,0.021,0.506,0.01054,12700,2026-09-28 10:25:57
云南省,西南诸河,交汇口,2026-09-28 09:00,2,20.77074,8.36,7.83,340.0267,132.4454,1.52,0.007,0.036,0.76147,,,2026-09-28 10:25:57
云南省,西南诸河,徐村桥,2026-09-28 09:00,2,21.85,7.75,7.16,264.0056,36.86205,1.29,0.0003,0.038,1.19096,,,2026-09-28 10:25:57
云南省,西南诸河,江尾,2026-09-28 09:00,4,23.9278,7.98,4.45,365.4745,16.21951,1.8,0.009,0.018,0.82298,,,2026-09-28 10:25:57
云南省,西南诸河,四级坝,2026-09-28 09:00,3,21.57,7.72,5.9,324.9067,90.81084,3.14,,,,,,2026-09-28 10:25:57
云南省,西南诸河,汇流电站,2026-09-28 09:00,2,24.022,7.01,7.92,93.98528,21.32541,1.34,0.009,0.021,0.83444,,,2026-09-28 10:25:57
云南省,西南诸河,姐告大桥,2026-09-28 09:00,2,24.82371,7.6,6.68,131.3979,87.38495,1.46,0.006,0.026,1.08909,,,2026-09-28 10:25:57
云南省,西南诸河,迭撒大桥,2026-09-28 09:00,2,23.15781,6.87,6.46,141.184,195.3269,1.03,0.021,0.017,1.67477,,,2026-09-28 10:25:57
云南省,西南诸河,风平,2026-09-28 09:00,2,22.5,7.99,7.23,217.8048,32.77901,1.59,0.119,0.078,1.19931,,,2026-09-28 10:25:57
云南省,西南诸河,丙舍桥,2026-09-28 09:00,1,18.05853,8.3,9.89,434.141,533.938,0.88,0.006,0.001,0.39215,,,2026-09-28 10:25:57
云南省,长江流域,贺龙桥,2026-09-28 09:00,1,16.5643,8.39,8.76,961.8756,61.0579,1.32,0.081,0.015,0.95954,,,2026-09-28 10:25:57
云南省,西南诸河,中路村,2026-09-28 09:00,1,16.49,8.45,9.26,475.5582,17.33756,1.34,0.014,0.004,0.57877,,,2026-09-28 10:25:57
西藏自治区,西南诸河,才纳,2026-09-28 09:00,2,12.677,7.93,6.78,213.366,34.008,1.37,0.032,0.016,0.651,,,2026-09-28 10:25:57
西藏自治区,西南诸河,米瑞,2026-09-28 09:00,2,12.447,7.89,7.22,192.482,71.143,1.06,0.023,0.032,0.358,,,2026-09-28 10:25:57
陕西省,黄河流域,灞河口,2026-09-28 09:00,6,22.01,8.04,6.82,421.3258,16.1371,3.27,0.277,0.523,4.717,,,2026-09-28 10:25:57
陕西省,黄河流域,三郎村,2026-09-28 09:00,2,22.93,7.69,6.55,528.688,39.634,3.25,0.146,0.064,4.6433,,,2026-09-28 10:25:57
陕西省,黄河流域,沙王渡,2026-09-28 08:00,2,22.8,8.25,6.35,803.8996,81.2162,3.33,0.008,0.08,5.8895,,,2026-09-28 10:25:57
陕西省,黄河流域,岔口,2026-09-28 09:00,2,21,7.74,8.54,932.156,5.214,3.56,0.003,0.078,8.3685,,,2026-09-28 10:25:57
陕西省,黄河流域,下桃水电站,2026-09-28 09:00,2,20.005,8.42,8.64,1176,1120.7,3.91,,0.002,4.9,,,2026-09-28 10:25:57
陕西省,长江流域,黄牛铺,2026-09-28 09:00,2,15.83,7.76,8.39,125.3942,1.6877,3.02,0.013,0.007,1.104,,,2026-09-28 10:25:57
陕西省,黄河流域,魏家堡,2026-09-28 09:00,2,20.95,8.02,7.32,663.3317,59.2401,2.15,0.046,0.049,4.677,,,2026-09-28 10:25:57
陕西省,黄河流域,卧龙寺桥,2026-09-28 09:00,2,19.87,8.25,8.16,710.1749,46.2002,2.14,0.068,0.027,4.898,,,2026-09-28 10:25:57
陕西省,长江流域,灶火庵,2026-09-28 09:00,1,19.67,8.16,8.01,290.4834,23.4149,1.49,0.023,0.019,1.1476,,,2026-09-28 10:25:57
陕西省,黄河流域,咸阳铁桥,2026-09-28 09:00,2,22.06,8.12,7.36,667.4078,57.2719,2.83,0.12,0.043,6.6263,,,2026-09-28 10:25:57
陕西省,黄河流域,兴平,2026-09-28 09:00,2,21.61,8.02,6.88,659.121,57.2853,2.46,0.009,0.05,6.3097,,,2026-09-28 10:25:57
陕西省,黄河流域,泾河桥,2026-09-28 09:00,2,21.76,8.32,8.24,1281.57,116.6654,2.1,0.038,0.068,,,,2026-09-28 10:25:57
陕西省,黄河流域,黑河张家桥,2026-09-28 09:00,2,20.74,8.18,7.34,668.6868,67.5017,1.56,0.098,0.031,2.2793,,,2026-09-28 10:25:57
陕西省,黄河流域,潼关吊桥,2026-09-28 08:00,3,22.89,8.3,7.01,1083.133,184.7272,3.63,0.095,0.114,6.9344,,,2026-09-28 10:25:57
陕西省,黄河流域,王谦村,2026-09-28 09:00,3,21.999,8.33,8.1,1626,369.1,3.4,0.069,0.109,4.079,,,2026-09-28 10:25:57
陕西省,黄河流域,张家庄,2026-09-28 08:00,2,22.33,7.91,6.17,433.0987,26.8576,3.06,0.073,0.037,3.2165,,,2026-09-28 10:25:57
陕西省,黄河流域,杨家畔村,2026-09-28 09:00,2,21.23,8.79,7.82,1482.589,41.57954,2.7,0.025,0.026,7.5161,,,2026-09-28 10:25:57
陕西省,黄河流域,昝家山,2026-09-28 09:00,2,19.88,8.36,8.65,600.291,64.3624,1.89,0.002,0.025,4.5971,,,2026-09-28 10:25:57
陕西省,黄河流域,寺滩,2026-09-28 09:00,2,21.49,8.61,7.96,1442.596,25.46084,1.6,0.037,0.073,5.5121,,,2026-09-28 10:25:57
陕西省,黄河流域,朱家沟,2026-09-28 09:00,3,20.12,8.33,7.92,1048.412,88.6832,2.49,0.187,0.119,5.2011,,,2026-09-28 10:25:57
陕西省,长江流域,烈金坝,2026-09-28 09:00,2,19.02,8.29,8.04,331.68,6.735,0.55,,0.023,1.1406,,,2026-09-28 10:25:57
陕西省,长江流域,南柳渡,2026-09-28 09:00,2,21.49,7.83,6.69,282.2896,8.0623,1.63,0.11,0.04,1.531,,,2026-09-28 10:25:57
陕西省,长江流域,白水江,2026-09-28 09:00,2,21.38,8.11,7.43,333.0656,21.758,0.82,0.007,0.021,1.0661,,,2026-09-28 10:25:57
陕西省,黄河流域,柏树坪,2026-09-28 09:00,4,21.52998,8.12,8.42,880.731,2556.796,5.29,,0.262,13.6021,,,2026-09-28 10:25:57
陕西省,黄河流域,温家川,2026-09-28 09:00,2,18.83,8.34,8.29,1350.314,25.19438,2.36,0.08,0.042,3.0801,,,2026-09-28 10:25:57
陕西省,黄河流域,碛塄,2026-09-28 09:00,2,19.79,8.01,7.79,795.568,123.1094,2.28,,0.034,3.4031,,,2026-09-28 10:25:57
陕西省,黄河流域,高家川,2026-09-28 09:00,2,18.23,8.39,8.83,825.828,181.3736,3.84,,0.074,3.3121,,,2026-09-28 10:25:57
陕西省,黄河流域,鱼河,2026-09-28 09:00,3,18.54,8.34,8.16,797.209,69.18236,3.55,0.05,0.142,4.1341,,,2026-09-28 10:25:57
陕西省,长江流域,白河城关,2026-09-28 09:00,2,23.17,7.67,8.56,251.5737,18.79,2.12,0.011,0.04,1.484,0.010035,,2026-09-28 10:25:57
陕西省,长江流域,小钢桥,2026-09-28 09:00,2,22.05,7.74,6.87,305.14,5.61,1.68,,0.033,1.259,,,2026-09-28 10:25:57
陕西省,长江流域,老君关,2026-09-28 09:00,2,22.08,7.64,6.62,261.3596,22.491,1.99,,0.034,0.999,,,2026-09-28 10:25:57
陕西省,长江流域,瀛湖坝前,2026-09-28 09:00,2,23.69,7.82,6.91,241.0055,5.2967,2.07,0.001,0.023,1.155,0.04149,2129422,2026-09-28 10:25:57
陕西省,长江流域,构峪口,2026-09-28 09:00,1,21.13,8.22,8.3,408.9051,7.9593,1.24,,0.004,1.936,,,2026-09-28 10:25:57
陕西省,长江流域,丹凤下,2026-09-28 09:00,2,20.14,8.06,7.96,429.6896,9.9863,1.81,0.029,0.049,2.9292,,,2026-09-28 10:25:57
陕西省,黄河流域,灵口,2026-09-28 09:00,1,20.02,8.25,8.16,475.6701,7.4687,0.81,0.036,0.008,1.4347,,,2026-09-28 10:25:57
甘肃省,黄河流域,扶和桥,2026-09-28 09:00,2,15.28,8.17,7.71,529.967,31.5063,1.47,0.09,0.023,1.98326,,,2026-09-28 10:25:57
甘肃省,黄河流域,新城桥,2026-09-28 09:00,2,16.12,8.21,7.41,525.583,81.469,1.76,,0.05,1.8375,,,2026-09-28 10:25:57
甘肃省,黄河流域,湟水桥,2026-09-28 09:00,2,15.14,8.52,7.52,669.548,80.167,1.42,0.063,0.053,3.177,,,2026-09-28 10:25:57
甘肃省,西北诸河,迎山坡,2026-09-28 09:00,1,13.40116,8.16,7.95,569.8652,7.60497,0.62,0.003,0.006,1.56671,,,2026-09-28 10:25:57
甘肃省,黄河流域,青城桥,2026-09-28 09:00,2,16.98912,8.29,7.15,568.1014,79.35854,1.78,0.044,0.02,2.30856,,,2026-09-28 10:25:57
甘肃省,黄河流域,五佛寺,2026-09-28 10:00,2,16.58662,8.33,7.42,744.7313,63.81609,1.52,0.033,0.017,2.666,,,2026-09-28 10:25:57
甘肃省,黄河流域,靖远桥,2026-09-28 09:00,2,16.04119,8.29,7.08,630.7401,55.10087,1.2,0.043,0.02,2.5511,,,2026-09-28 10:25:57
甘肃省,黄河流域,桦林,2026-09-28 09:00,2,15.5,8.44,8.66,810,734.2,3.36,0.03,0.087,5.108,,,2026-09-28 10:25:57
甘肃省,黄河流域,葡萄园,2026-09-28 09:00,2,19.57,8.26,7.75,1018.601,3467.878,3.42,0.044,0.074,6.947,,,2026-09-28 10:25:57
甘肃省,西北诸河,红崖山水库,2026-09-28 09:00,2,17.56536,8.41,7.44,519.5262,31.17353,1.96,0.045,0.024,0.65687,0.01081,2615289,2026-09-28 10:25:57
甘肃省,黄河流域,先明峡桥,2026-09-28 09:00,1,10.99643,8.51,8.55,476.7853,0.80892,1.15,0.007,0.003,1.4244,,,2026-09-28 10:25:57
甘肃省,西北诸河,莺落峡,2026-09-28 09:00,1,13.04,8.43,8.82,704.1183,9.25955,0.73,0.016,0.003,1.37663,,,2026-09-28 10:25:57
甘肃省,西北诸河,皇城水库,2026-09-28 09:00,1,10.21003,8.25,8.85,549.271,7.89472,,,,1.43192,,,2026-09-28 10:25:57
甘肃省,西北诸河,六坝桥,2026-09-28 09:00,1,14.25815,8.42,8.56,680.5616,8.42554,,,,,,,2026-09-28 10:25:57
甘肃省,黄河流域,长庆桥,2026-09-28 09:00,2,18.41,8.4,7.62,853.201,50.25824,0.95,0.018,0.055,4.6711,,,2026-09-28 10:25:57
甘肃省,黄河流域,洮园桥,2026-09-28 09:00,2,14.88,8.31,7.59,394.3021,42.13847,2.82,0.17,0.071,2.99027,,,2026-09-28 10:25:57
甘肃省,长江流域,固水子村,2026-09-28 09:00,3,15.82,8.22,8.89,352.7,1240.6,2.44,0.241,0.105,1.149,,,2026-09-28 10:25:57
甘肃省,长江流域,两水桥,2026-09-28 09:00,2,16.18,8.4,8.51,353.222,158.4753,2.77,0.004,0.03,1.2811,,,2026-09-28 10:25:57
甘肃省,黄河流域,折桥,2026-09-28 09:00,2,20.23,8.22,7.45,,13.84988,,,,,,,2026-09-28 10:25:57
甘肃省,黄河流域,地沟桥,2026-09-28 09:00,2,10.57,8.53,8.7,511.022,87.45146,2.07,0.096,0.027,2.78618,,,2026-09-28 10:25:57
甘肃省,黄河流域,玛曲,2026-09-28 09:00,4,11.79606,8.19,6.09,301.513,163.9877,7.4,0.16,0.051,3.41012,,,2026-09-28 10:25:57
青海省,黄河流域,小峡桥,2026-09-28 09:00,4,12.07181,8.27,8.27,618.5283,138.2912,9.02,0.72,0.286,4.41673,,,2026-09-28 10:25:57
青海省,黄河流域,润泽桥,2026-09-28 09:00,2,10.70869,8.14,8.71,455.3473,75.68583,3.51,0.113,0.072,2.63592,,,2026-09-28 10:25:57
青海省,黄河流域,大河家,2026-09-28 09:00,1,13.30005,8.4,7.76,,0.15613,1.15,0.006,0.002,0.86539,,,2026-09-28 10:25:57
青海省,黄河流域,边墙村,2026-09-28 09:00,2,14.20564,8.41,8.2,724.4559,137.8973,3.07,0.158,0.076,3.8109,,,2026-09-28 10:25:57
青海省,黄河流域,峡塘,2026-09-28 09:00,1,12.09737,8.47,7.76,540.6857,9.98238,1.24,0.003,0.005,0.92835,,,2026-09-28 10:25:57
青海省,黄河流域,金滩,2026-09-28 09:00,1,11.75,8.43,7.5,445.1,8.945,,0.029,0.019,1.089,,,2026-09-28 10:25:57
青海省,西北诸河,布哈河入青海湖口,2026-09-28 09:00,1,8.76138,8.37,7.97,565.2882,25.55996,1.1,0.004,0.005,1.007,,,2026-09-28 10:25:57
青海省,黄河流域,唐乃亥,2026-09-28 09:00,2,13.57375,8.47,7.32,437.0615,72.68543,1.74,0.089,0.03,1.21541,,,2026-09-28 10:25:57
青海省,黄河流域,龙羊峡库区出水口,2026-09-28 09:00,2,14.28364,8.06,6.8,441.4299,7.1047,1.67,0.006,0.007,0.90919,0.00349,286944.2,2026-09-28 10:25:57
青海省,长江流域,直门达,2026-09-28 09:00,3,11.1488,8.38,7.86,1812.875,496.25,1.98,0.654,0.149,1.725103,,,2026-09-28 10:25:57
青海省,西北诸河,总场水闸,2026-09-28 09:00,1,10.13,8.49,8.1,848.955,29.62915,0.35,0.001,0.005,0.73138,,,2026-09-28 10:25:57
青海省,西北诸河,纳赤台,2026-09-28 09:00,2,6.82,8.42,7.88,848,37.65,1.48,0.032,0.051,0.704,,,2026-09-28 10:25:57
青海省,西北诸河,德令哈市水厂旁,2026-09-28 09:00,1,10.10313,8.14,10.06,764.1403,15.1046,0.26,0.001,0.002,1.19781,,,2026-09-28 10:25:57
宁夏回族自治区,黄河流域,银古公路桥,2026-09-28 09:00,2,17.67431,8.3,7.34,860.1133,327.4543,2.43,0.084,0.04,3.33059,,,2026-09-28 10:25:57
宁夏回族自治区,黄河流域,平罗黄河大桥,2026-09-28 09:00,2,19.02,8.35,7.29,914.79,321.23,1.74,,0.067,3.377,,,2026-09-28 10:25:57
宁夏回族自治区,黄河流域,麻黄沟,2026-09-28 09:00,2,19.2,8.27,7.29,877.791,374.73,2.45,,0.078,2.9123,,,2026-09-28 10:25:57
宁夏回族自治区,黄河流域,沙湖,2026-09-28 09:00,3,18.42,8.77,7.81,1413.2,22.65,5.96,0.032,0.026,0.646,0.01561,1355000,2026-09-28 10:25:57
宁夏回族自治区,黄河流域,金沙湾,2026-09-28 09:00,2,17.982,8.38,7.96,847.86,94.25,1.65,,0.058,3.235,,,2026-09-28 10:25:57
宁夏回族自治区,黄河流域,弹筝峡,2026-09-28 09:00,2,12.99,8.39,9.1,678.8,9.401,1.31,0.326,0.042,3.725,,,2026-09-28 10:25:57
宁夏回族自治区,黄河流域,沟圈,2026-09-28 09:00,2,17.6,8.5,8.2,1983.58,133.7845,2.95,0.029,0.05,2.0001,,,2026-09-28 10:25:57
宁夏回族自治区,黄河流域,中卫下河沿,2026-09-28 09:00,2,17.4,8.02,7.95,741.1,131.9,1.71,,0.056,2.887,,,2026-09-28 10:25:57
宁夏回族自治区,黄河流域,泉眼山,2026-09-28 09:00,3,16.95,8.19,8.42,7948.37,548.3219,3.19,0.188,0.138,22.7961,,,2026-09-28 10:25:57
新疆维吾尔自治区,西北诸河,青年渠,2026-09-28 09:00,1,14.37,8.19,9.87,463.0472,11.42338,1.11,0.002,0.003,1.27006,,,2026-09-28 10:25:57
新疆维吾尔自治区,西北诸河,七纺桥,2026-09-28 09:00,1,12.5,8.56,8.42,2273.006,13.69545,0.79,0.003,0.02,10.86672,,,2026-09-28 10:25:57
新疆维吾尔自治区,西北诸河,赛湖2,2026-09-28 09:00,3,15.21745,,5.21,3215.699,9.55778,0.68,0.181,0.004,0.5296,0.00963,21760,2026-09-28 10:25:57
新疆维吾尔自治区,西北诸河,哈尔莫墩,2026-09-28 09:00,1,14.13,8.19,9.58,399.0678,0.0176,1.05,0.009,0.009,0.67826,,,2026-09-28 10:25:57
新疆维吾尔自治区,西北诸河,汇合口,2026-09-28 09:00,1,19.1,7.88,8.2,449.7131,7.59658,1.6,0.011,0.008,0.30011,,,2026-09-28 10:25:57
新疆维吾尔自治区,西北诸河,兰干,2026-09-28 09:00,3,18.56132,8.04,5.54,723.6623,1.72968,1.23,0.042,0.005,0.3172,,,2026-09-28 10:25:57
新疆维吾尔自治区,西北诸河,塔提让,2026-09-28 09:00,1,14.2,8.5,8.27,1151.879,870.0001,0.83,0.006,0.002,0.81905,,,2026-09-28 10:25:57
新疆维吾尔自治区,西北诸河,塔里木拦河闸,2026-09-28 09:00,1,15.31062,8.14,8.46,602.5533,259.2958,0.89,0.003,,0.89021,,,2026-09-28 10:25:57
新疆维吾尔自治区,西北诸河,十二医院,2026-09-28 09:00,2,13.52093,7.66,7.95,1334.895,88.42759,0.9,0.46,0.007,1.32711,,,2026-09-28 10:25:57
新疆维吾尔自治区,西北诸河,依干其渡口,2026-09-28 09:00,1,16.17667,8.28,8.09,485.5079,121.1313,0.67,0.006,0.004,1.12108,,,2026-09-28 10:25:57
新疆维吾尔自治区,西北诸河,喀河大桥,2026-09-28 09:00,1,14.10319,8.07,8.03,1210.86,1.70489,1.16,0.004,0.003,1.52484,,,2026-09-28 10:25:57
新疆维吾尔自治区,西北诸河,科布大桥,2026-09-28 02:00,1,12.36638,8.02,8.03,354.3778,31.06796,0.72,0.002,0.005,0.92798,,,2026-09-28 10:25:57
新疆维吾尔自治区,西北诸河,龙口大桥,2026-09-28 09:00,1,16.81863,7.61,8.5,305.1758,3.76821,0.66,0.008,0.004,0.64639,,,2026-09-28 10:25:57
新疆维吾尔自治区,西北诸河,羊场大桥,2026-09-28 09:00,1,16.63,8.07,8.14,495.0884,48.18703,1.55,0.01,0.012,1.68508,,,2026-09-28 10:25:57
新疆维吾尔自治区,西北诸河,喀什河大桥,2026-09-28 09:00,1,15.99,8.1,10.29,253.7349,21.2738,0.68,0.008,0.004,0.92806,,,2026-09-28 10:25:57
新疆维吾尔自治区,西北诸河,霍城63团伊犁河大桥,2026-09-28 09:00,2,15.829,7.94,8.12,383.682,176.913,0.34,0.042,0.033,0.948,,,2026-09-28 10:25:57
新疆维吾尔自治区,西北诸河,英牙尔乡,2026-09-28 09:00,2,18.20169,8.21,8.69,359.4486,24.90425,1.39,0.007,0.031,1.24444,,,2026-09-28 10:25:57
新疆维吾尔自治区,西北诸河,雅马渡大桥,2026-09-28 09:00,1,16.483,7.69,7.8,290.947,8.751,0.56,0.013,0.007,1.03,,,2026-09-28 10:25:57
新疆维吾尔自治区,西北诸河,布尔津河大桥,2026-09-28 09:00,1,13.53,7.38,8.98,58.65173,6.44833,1.57,0.004,0.005,0.18728,,,2026-09-28 10:25:57
新疆维吾尔自治区,西北诸河,乌伦古湖码头,2026-09-28 09:00,1,20.6899,8.69,7.5,,19.89413,,,,,0.01811,256974,2026-09-28 10:25:57
新疆维吾尔自治区,西北诸河,北屯大桥,2026-09-28 09:00,1,14.71913,7.03,8.04,90.0636,13.45016,0.67,0.006,0.007,0.47456,,,2026-09-28 10:25:57
新疆维吾尔自治区,西北诸河,布尔津水文站,2026-09-28 09:00,1,13.35,7.87,9.98,212.8367,15.14038,1.55,0.018,0.014,1.15683,,,2026-09-28 10:25:57
新疆维吾尔自治区,西北诸河,额河南湾,2026-09-28 10:00,1,12.121,7.39,9.31,209.0913,0.0094,1.12,0.002,0.01,0.54859,,,2026-09-28 10:25:57
北京市,海河流域,鼓楼外大街,2026-09-28 11:00,4,23.31,7.26,3.38,354.87,6.827,2.34,0.19,0.038,2.045,,,2026-09-28 12:25:53
北京市,海河流域,广北滨河路,2026-09-28 11:00,2,23.22,7.69,7.37,321.93,10.5,2.46,0.072,0.034,1.756,,,2026-09-28 12:25:53
北京市,海河流域,沙窝,2026-09-28 11:00,3,24.11,7.2,5.59,744.07,20.488,4.4,0.716,0.102,5.641,,,2026-09-28 12:25:53
北京市,海河流域,新八里桥,2026-09-28 11:00,4,23.96,7.18,4.46,522.987,2.961,3.62,,0.136,3.492,,,2026-09-28 12:25:53
北京市,海河流域,大红门闸上,2026-09-28 11:00,2,21.48,7.64,7.82,901.4,12.65,2.82,0.064,0.081,6.805,,,2026-09-28 12:25:53
北京市,海河流域,南大荒桥,2026-09-28 11:00,2,21.91,8.58,8.63,950.2,43.46,3.02,0.011,0.033,1.779,,,2026-09-28 12:25:53
北京市,海河流域,清河闸,2026-09-28 11:00,-1,,,,,,,,,,,,2026-09-28 12:25:53
北京市,海河流域,花园路,2026-09-28 11:00,3,20.61,7.46,5.16,713.928,4.114,2.18,0.206,0.045,7.97,,,2026-09-28 12:25:53
北京市,海河流域,白石桥,2026-09-28 11:00,2,23.9,7.73,6.57,314.58,10.754,1.92,0.092,0.01,1.523,,,2026-09-28 12:25:53
北京市,海河流域,八间房漫水桥,2026-09-28 11:00,4,23.1,7.67,4.93,854.13,11.47,3.28,0.046,0.079,4.3296,,,2026-09-28 12:25:53
北京市,海河流域,码头,2026-09-28 11:00,4,22.45,7.68,4.52,1064.08,26.328,3.02,0.855,0.108,7.808,,,2026-09-28 12:25:53
北京市,海河流域,罗庄,2026-09-28 11:00,2,23.71,8.3,12.93,1250.442,9.291206,3.33,0.059,0.087,5.7331,,,2026-09-28 12:25:53
北京市,海河流域,小屯桥,2026-09-28 11:00,2,23.3,7.93,6.17,1369.732,6.72481,3.91,0.018,0.081,5.6061,,,2026-09-28 12:25:53
北京市,海河流域,东店,2026-09-28 11:00,2,21.54659,7.86,9.83,728.3666,37.4483,3.18,0.071,0.099,10.95238,,,2026-09-28 12:25:53
北京市,海河流域,密云水库,2026-09-28 11:00,2,23.79874,8.36,9.72,416.3979,1.364837,2.21,0.01,0.006,3.232644,,,2026-09-28 12:25:53
北京市,海河流域,大关桥,2026-09-28 11:00,2,21.12,8.25,8.42,449.71,27.88,2.16,0.091,0.019,3.8951,,,2026-09-28 12:25:53
北京市,海河流域,辛庄桥,2026-09-28 11:00,2,18.8,8.2,10.92,588.812,41.67492,1.37,,0.027,7.9471,,,2026-09-28 12:25:53
北京市,海河流域,谷家营,2026-09-28 11:00,2,21.74,8.43,10.93,545.65,19.013,3.49,0.387,0.077,3.122,,,2026-09-28 12:25:53
北京市,海河流域,后城,2026-09-28 11:00,1,14.13,8.37,10.19,577.697,15.53718,1.52,0.026,0.02,10.2171,,,2026-09-28 12:25:53
天津市,海河流域,三岔口,2026-09-28 11:00,4,24.94,7.83,3.42,824.9577,26.76751,5.37,0.204,0.132,1.6447,,,2026-09-28 12:25:53
天津市,海河流域,北洋桥,2026-09-28 11:00,4,25.29013,7.44,3.58,855.4993,25.20756,5.05,0.344,0.16,1.967179,,,2026-09-28 12:25:53
天津市,海河流域,井冈山桥,2026-09-28 11:00,4,24.37,7.45,3.14,814.211,30.71135,5.15,0.841,0.168,2.3881,,,2026-09-28 12:25:53
天津市,海河流域,大红桥,2026-09-28 11:00,4,25.16,7.51,3.53,924.81,25.54586,4.35,0.633,0.116,2.3671,,,2026-09-28 12:25:53
天津市,海河流域,曹庄子泵站,2026-09-28 11:00,2,25.39,7.77,7.14,273.51,1,1.28,0.03,0.002,0.912,,,2026-09-28 12:25:53
天津市,海河流域,生产圈闸,2026-09-28 11:00,6,23.67861,7.31,1.35,985.8811,13.09226,5.44,0.55,0.124,2.265269,,,2026-09-28 12:25:53
天津市,海河流域,尔王庄泵站,2026-09-28 11:00,3,25.87,7.41,5.25,296.114,13.27665,2.05,,0.012,0.6141,,,2026-09-28 12:25:53
天津市,海河流域,塘汉公路桥,2026-09-28 11:00,6,22.81,7.54,1.75,1233.811,35.63475,5.2,0.121,0.129,3.7521,,,2026-09-28 12:25:53
天津市,海河流域,海河大闸,2026-09-28 11:00,3,25.11,7.96,6.85,4274.119,31.3192,3.82,0.219,0.149,1.9798,,,2026-09-28 12:25:53
天津市,海河流域,北排水河防潮闸,2026-09-28 11:00,5,20.17,7.89,2.82,1678.2,32.8651,4.13,0.009,0.071,0.7369,,,2026-09-28 12:25:53
天津市,海河流域,沧浪渠出境,2026-09-28 11:00,4,24.34,7.93,3.55,6690.4,1760.653,9.05,0.028,,,,,2026-09-28 12:25:53
天津市,海河流域,万家码头,2026-09-28 11:00,4,24.69,8.32,7.54,1967.86,43.9,6.56,0.024,0.113,0.981,,,2026-09-28 12:25:53
天津市,海河流域,蓟运河防潮闸,2026-09-28 11:00,4,21.68175,7.76,5.63,1159.263,27.20455,6.09,0.331,0.197,2.359988,,,2026-09-28 12:25:53
天津市,海河流域,青静黄防潮闸,2026-09-28 11:00,4,26.31422,8.52,9.71,5427.756,43.76888,8.31,0.086,0.181,0.863237,,,2026-09-28 12:25:53
天津市,海河流域,马棚口防潮闸,2026-09-28 11:00,4,,,,,,8.53,0.417,0.13,2.733,,,2026-09-28 12:25:53
天津市,海河流域,阎辛庄,2026-09-28 11:00,5,19.5006,7.37,2.06,2783.807,29.09374,4.54,0.587,,,,,2026-09-28 12:25:53
天津市,海河流域,于桥水库库中心,2026-09-28 12:00,4,24.73,8.78,9.72,417.93,9.15,6.12,0.269,0.044,1.846,0.02369,2.189736,2026-09-28 12:25:53
天津市,海河流域,于桥水库出口,2026-09-28 11:00,3,23.93,8.28,6.1,386.376,12.50884,5.14,0.139,0.053,2.0751,,,2026-09-28 12:25:53
天津市,海河流域,黎河桥,2026-09-28 11:00,3,21.699,7.3,6.7,721.9,22.48,,0.094,0.153,11.191,,,2026-09-28 12:25:53
天津市,海河流域,沙河桥,2026-09-28 11:00,2,22.58,7.55,6.97,628.22,12.305,1.19,,0.044,10.14,,,2026-09-28 12:25:53
天津市,海河流域,果河桥,2026-09-28 11:00,2,24.36,8.73,12.01,657.8913,8.9939,1.63,0.03,0.064,10.7329,,,2026-09-28 12:25:53
天津市,海河流域,西屯桥,2026-09-28 11:00,6,23.81,7.61,1.73,536.81,15.0807,3.87,0.981,0.057,3.792,,,2026-09-28 12:25:53
河北省,海河流域,下槐镇,2026-09-28 11:00,2,21.66,8.44,8.36,627.943,69.4637,1.24,,0.034,2.9606,,,2026-09-28 12:25:53
河北省,海河流域,地都,2026-09-28 11:00,2,20.15,8.17,6.85,1180.402,68.001,1.78,0.238,0.097,6.577,,,2026-09-28 12:25:53
河北省,海河流域,平山桥,2026-09-28 11:00,1,21.8,8.06,7.72,1029.48,29.828,1.25,,0.011,5.618,,,2026-09-28 12:25:53
河北省,海河流域,兆通,2026-09-28 11:00,2,24.83,8.64,10.03,286.35,2.48,2.04,0.007,0.007,0.6058,,,2026-09-28 12:25:53
河北省,海河流域,大石桥,2026-09-28 11:00,3,25.3643,7.59,6.22,1362.764,14.21567,5.36,0.442,0.161,12.76961,,,2026-09-28 12:25:53
河北省,海河流域,涧河口,2026-09-28 11:00,4,24.05651,7.38,3.66,1090.448,14.1451,6.76,0.069,0.131,1.44153,,,2026-09-28 12:25:53
河北省,海河流域,丰北闸,2026-09-28 11:00,4,26.0957,6.53,7.88,,1.195022,6.21,0.029,0.174,0.776601,,,2026-09-28 12:25:53
河北省,海河流域,滦县大桥,2026-09-28 11:00,2,23.07,7.78,7.13,654.986,9.657469,2.64,0.031,0.037,4.6031,,,2026-09-28 12:25:53
河北省,海河流域,刘家庄,2026-09-28 11:00,1,18.87,8.16,8.18,588.7974,15.86,0.9,0.032,0.016,4.38,,,2026-09-28 12:25:53
河北省,海河流域,岳城水库出口,2026-09-28 11:00,1,24.47,8.59,10.79,551.498,12.20212,1.87,0.001,0.001,2.5571,,,2026-09-28 12:25:53
河北省,海河流域,曲周,2026-09-28 11:00,4,24.01,7.9,4.8,1029.606,15.66,2.41,0.149,0.1,3.514,,,2026-09-28 12:25:53
河北省,海河流域,沙阳,2026-09-28 11:00,3,24.1,7.85,5.46,1665.31,98.78,2.85,0.056,0.065,3.3207,,,2026-09-28 12:25:53
河北省,海河流域,艾辛庄,2026-09-28 11:00,4,22.59732,7.71,7.14,1339.948,8.888031,6.66,0.279,0.183,13.78049,,,2026-09-28 12:25:53
河北省,海河流域,后西吴桥,2026-09-28 11:00,3,24.24,8.38,6.39,993,58.56,3.08,0.105,0.172,11.859,,,2026-09-28 12:25:53
河北省,海河流域,北河店,2026-09-28 11:00,2,23.49,7.83,6.64,554.4557,3.6191,1.77,0.041,0.022,5.108,,,2026-09-28 12:25:53
河北省,海河流域,白合,2026-09-28 11:00,4,20.16,7.9,8.34,404.81,1252.04,7.56,,,,,,2026-09-28 12:25:53
河北省,海河流域,杜里村,2026-09-28 11:00,2,16.58,8.5,9.92,428.44,74.46,1.75,,0.062,3.201,,,2026-09-28 12:25:53
河北省,海河流域,温泉屯,2026-09-28 11:00,3,18.35,8.44,9.06,1090.735,74.37392,5.08,,0.118,6.5851,,,2026-09-28 12:25:53
河北省,海河流域,八号桥,2026-09-28 11:00,3,17,8.52,9.51,1079.246,89.0875,3.63,0.187,0.126,2.465923,,,2026-09-28 12:25:53
河北省,海河流域,左卫桥,2026-09-28 11:00,6,17.05,8.35,8.6,869.552,1924.427,7.5,0.011,0.414,16.7821,,,2026-09-28 12:25:53
河北省,海河流域,四道甸,2026-09-28 11:00,1,15.77,8.55,10.48,455.72,21.72186,1.85,0.015,0.017,6.1281,,,2026-09-28 12:25:53
河北省,海河流域,上二道河子,2026-09-28 11:00,2,18.94,7.97,8.36,506.054,5.668595,2.72,0.004,,7.2291,,,2026-09-28 12:25:53
河北省,辽河流域,甸子,2026-09-28 11:00,2,14.74,8.36,12.65,435.57,14.47,2.04,0.032,0.032,6.869,,,2026-09-28 12:25:53
河北省,海河流域,何老营,2026-09-28 11:00,4,23.00743,8.29,5.04,3519.078,10.04881,6.84,0.042,0.095,0.877896,,,2026-09-28 12:25:53
河北省,海河流域,大口河口,2026-09-28 11:00,3,23.51,7.75,6.53,19509.71,316.75,3.93,,0.175,,,,2026-09-28 12:25:53
河北省,海河流域,四埝村桥,2026-09-28 11:00,4,24.43,8.42,6.8,4808.129,16.961,6.26,0.044,0.136,0.93,,,2026-09-28 12:25:53
河北省,海河流域,大王务,2026-09-28 11:00,4,23.55,7.74,4.1,856.256,20.02053,4.72,,0.066,0.8031,,,2026-09-28 12:25:53
河北省,海河流域,杨洼闸,2026-09-28 11:00,6,24.32,7.24,0.01,902.99,19.58,4.04,0.931,0.121,4.851,,,2026-09-28 12:25:53
河北省,海河流域,吴村,2026-09-28 11:00,4,24.58,7.53,3.77,791.29,21.92,3.84,0.501,0.143,4.95,,,2026-09-28 12:25:53
河北省,海河流域,台头,2026-09-28 11:00,5,24.96655,7.48,2.04,1717.925,18.92116,4.92,0.578,0.103,1.6631,,,2026-09-28 12:25:53
河北省,海河流域,桑梓红旗闸,2026-09-28 11:00,3,23.10217,7.95,6.39,687.868,58.35851,4.81,0.356,0.161,9.7471,,,2026-09-28 12:25:53
河北省,海河流域,三小营,2026-09-28 11:00,3,23.21365,7.6,11.02,1030.538,11.35178,4.04,0.215,0.087,1.97503,,,2026-09-28 12:25:53
河北省,海河流域,小范桥,2026-09-28 11:00,4,24.88,7.69,4.11,953.125,2.228,4.82,0.016,0.053,0.6984,,,2026-09-28 12:25:53
河北省,海河流域,衡水湖大湖心,2026-09-28 11:00,3,24.63,8.59,7.31,1316.537,14.865,5.78,0.03,0.03,0.788,0.035935,1.407872,2026-09-28 12:25:53
河北省,海河流域,南张村,2026-09-28 11:00,1,26.19,8.38,7.57,244.63,3.912,1.81,0.012,0.009,0.7464,,,2026-09-28 12:25:53
河北省,海河流域,安州,2026-09-28 11:00,4,25.48,7.62,4.67,1228.392,30.6575,3.82,0.172,0.072,5.191,,,2026-09-28 12:25:53
河北省,海河流域,膳马庙村北,2026-09-28 11:00,3,24.99,7.82,7.89,1151.957,41.6732,4.02,0.108,0.078,7.1173,,,2026-09-28 12:25:53
河北省,海河流域,南刘庄,2026-09-28 12:00,3,25.09,7.76,6.15,686.61,6.75,5.33,0.034,0.047,0.728,0.00883,4555165,2026-09-28 12:25:53
河北省,海河流域,烧车淀,2026-09-28 12:00,2,24.15,7.71,7.68,580.53,0.33,2.96,,0.017,2.799,0.0041,2919414,2026-09-28 12:25:53
河北省,海河流域,圈头,2026-09-28 12:00,3,24.85,8.31,7.86,761.6,1.7,4.43,,0.018,0.552,0.00216,1184869,2026-09-28 12:25:53
河北省,海河流域,采蒲台,2026-09-28 11:00,2,25.05638,7.68,6.06,691.4141,0.108179,3.73,0.015,0.02,0.418301,0.002216,329830.2,2026-09-28 12:25:53
河北省,海河流域,光淀张庄,2026-09-28 12:00,4,24.76,7.47,3,748.29,5.83,2.14,0.02,0.02,1.424,0.00166,1966053,2026-09-28 12:25:53
山西省,黄河流域,韩武村,2026-09-28 11:00,6,22.53,7.81,6.56,1295.5,11.03,5.72,2.068,0.275,8.574,,,2026-09-28 12:25:53
山西省,黄河流域,上兰,2026-09-28 11:00,1,19.54,8.21,7.63,646.619,8.860184,1.78,0.001,,1.4031,,,2026-09-28 12:25:53
山西省,黄河流域,汾河水库出口,2026-09-28 11:00,1,21.18,8.52,9.34,579.618,3.120522,1.65,0.012,0.002,1.2481,0.0104715,287631,2026-09-28 12:25:53
山西省,海河流域,堡子湾,2026-09-28 11:00,3,14.91,8.2,9.16,787.492,95.59462,5.39,0.892,0.132,6.4311,,,2026-09-28 12:25:53
山西省,海河流域,册田水库出口,2026-09-28 11:00,3,20.61,8.76,9.2,1074.261,7.25552,4.42,0.006,0.08,0.9341,,,2026-09-28 12:25:53
山西省,海河流域,古家坡,2026-09-28 11:00,6,18.93,8.22,7.57,1160.133,31.57562,7.36,3.04,0.367,5.1261,,,2026-09-28 12:25:53
山西省,海河流域,利仁皂,2026-09-28 11:00,6,16.67,7.79,7.08,1116.634,55.9589,4.72,3.354,0.25,6.2591,,,2026-09-28 12:25:53
山西省,海河流域,王家庄,2026-09-28 11:00,1,20.58,8.22,9.23,632.44,20.32,1.8,0.007,0.019,4.145,,,2026-09-28 12:25:53
山西省,海河流域,司徒桥,2026-09-28 11:00,3,20.61,7.77,5.71,660.6462,22.3986,4.39,0.059,0.053,1.725,,,2026-09-28 12:25:53
山西省,海河流域,关河水库出口,2026-09-28 11:00,2,20.33,7.96,8.42,525.38,8.111,3.91,0.003,0.022,1.5933,,,2026-09-28 12:25:53
山西省,海河流域,北寨,2026-09-28 11:00,4,19.79,7.69,4.59,945.07,44.26,4.29,0.668,0.111,6.3053,,,2026-09-28 12:25:53
山西省,海河流域,后湾水库出口,2026-09-28 11:00,2,21,8.34,7.58,478.54,3.344,2.97,,0.017,0.563,,,2026-09-28 12:25:53
山西省,黄河流域,龙头,2026-09-28 11:00,2,18.2,8.2,7.51,632.85,43.37,2.07,,0.023,3.4227,,,2026-09-28 12:25:53
山西省,黄河流域,拴驴泉,2026-09-28 11:00,1,21.27,8.09,8.24,810.3936,12.1207,1.16,0.055,0.013,4.2998,,,2026-09-28 12:25:53
山西省,黄河流域,张峰水库出口,2026-09-28 11:00,2,23.3212,7.76,6.36,531.246,10.4622,1.11,0.005,0.004,2.862435,,,2026-09-28 12:25:53
山西省,海河流域,东榆林水库出口,2026-09-28 11:00,3,19.79,7.74,5.13,713.455,27.07121,,0.293,0.063,2.6471,,,2026-09-28 12:25:53
山西省,黄河流域,杀虎口,2026-09-28 11:00,2,17.05,8.29,9.46,606.211,24.99716,2.99,0.003,0.046,2.4981,,,2026-09-28 12:25:53
山西省,海河流域,王寨村,2026-09-28 11:00,2,20.75,8.27,8.24,626.169,65.485,0.91,,0.031,3.653,,,2026-09-28 12:25:53
山西省,黄河流域,安固桥,2026-09-28 11:00,5,19.959,7.61,2.72,2576.476,37.0039,5.38,0.248,0.152,17.0612,,,2026-09-28 12:25:53
山西省,黄河流域,王庄桥南,2026-09-28 11:00,4,21.49,8.46,8.5,1572.728,40.67,8.18,0.023,0.094,6.304,,,2026-09-28 12:25:53
山西省,黄河流域,郝村,2026-09-28 11:00,4,21.74,7.99,4.9,1029.065,64.6557,4.82,,0.092,3.0062,,,2026-09-28 12:25:53
山西省,黄河流域,张留庄,2026-09-28 11:00,4,22.88,8.46,8.46,7226.34,89.284,8.42,0.144,0.151,7.8,,,2026-09-28 12:25:53
山西省,黄河流域,上亳城,2026-09-28 11:00,2,21.23,8.23,8.28,915.52,24.098,2.03,0.226,0.038,7.4624,,,2026-09-28 12:25:53
山西省,黄河流域,小韩村,2026-09-28 11:00,3,22.32,7.68,6.04,1734.61,26.679,3.63,0.202,0.14,8.371,,,2026-09-28 12:25:53
山西省,海河流域,梵王寺,2026-09-28 11:00,3,15.64,8.22,7.68,1117.269,8.86596,2.19,0.809,0.075,5.7331,,,2026-09-28 12:25:53
山西省,海河流域,代县桥,2026-09-28 11:00,4,17.47,8.61,8.83,694.76,359.061,4.27,0.013,0.243,5.2661,,,2026-09-28 12:25:53
山西省,海河流域,定襄桥,2026-09-28 11:00,4,19.7,7.67,4.4,690.321,721.1652,6.82,0.016,0.244,4.5061,,,2026-09-28 12:25:53
山西省,海河流域,南庄,2026-09-28 11:00,2,19.59,8.37,8.35,562.369,113.4846,3.21,,0.056,5.3681,,,2026-09-28 12:25:53
山西省,海河流域,坪上桥,2026-09-28 11:00,3,16.35,8.57,9.04,438.714,102.5938,4.59,0.002,0.094,5.7541,,,2026-09-28 12:25:53
山西省,黄河流域,河西村,2026-09-28 11:00,1,15.6,8.27,9.69,555.2,21.45,1.12,0.01,0.019,3.072,,,2026-09-28 12:25:53
山西省,黄河流域,上平望,2026-09-28 11:00,3,21.95,7.71,5.53,1300.41,173.4,5.39,0.302,0.117,7.297,,,2026-09-28 12:25:53
山西省,黄河流域,黑城村,2026-09-28 11:00,2,19.86,8.05,7.71,649.5184,4819.214,2.55,0.07,0.063,,,,2026-09-28 12:25:53
山西省,黄河流域,曲立,2026-09-28 11:00,2,15.05,7.98,7.82,607.564,54.28236,1.87,0.11,0.08,5.2771,,,2026-09-28 12:25:53
山西省,黄河流域,裴家川口,2026-09-28 11:00,2,17.03,8.65,11.63,463.305,42.11736,1.39,0.016,0.04,3.9201,,,2026-09-28 12:25:53
山西省,黄河流域,碛口,2026-09-28 11:00,3,20.35,8.57,9.91,978.117,5.730656,4.18,0.063,0.014,5.9241,,,2026-09-28 12:25:53
山西省,黄河流域,裴沟,2026-09-28 11:00,1,19.41,8.59,7.74,879.972,44.86047,1.97,0.02,0.02,4.9821,,,2026-09-28 12:25:53
山西省,黄河流域,三川河两河口桥,2026-09-28 11:00,3,21.81,8.27,8.05,895.386,14.56477,3.68,0.874,0.172,7.2691,,,2026-09-28 12:25:53
山西省,黄河流域,碧村,2026-09-28 11:00,4,19.02,8.48,9.35,714.581,24.0895,7.49,,0.039,5.2661,,,2026-09-28 12:25:53
山西省,黄河流域,北峪口,2026-09-28 11:00,2,19.049,8.38,11.3,553.642,53.86947,2.06,0.014,0.034,3.1221,,,2026-09-28 12:25:53
山西省,黄河流域,南姚,2026-09-28 11:00,4,21.23,7.78,3.45,1197.16,27.04,4.51,0.312,0.134,5.133,,,2026-09-28 12:25:53
内蒙古自治区,黄河流域,大黑河入黄口,2026-09-28 11:00,4,16.93,7.94,6.24,926.1631,607.5256,8.66,,0.17,7.5401,,,2026-09-28 12:25:53
内蒙古自治区,黄河流域,磴口,2026-09-28 11:00,2,18.09,8.46,8.32,758.5511,529.407,2.52,0.217,0.061,4.8,,,2026-09-28 12:25:53
内蒙古自治区,松花江流域,根河口内,2026-09-28 11:00,2,16.74,6.17,9.47,95.4,4.06,3.51,,0.015,0.144,,,2026-09-28 12:25:53
内蒙古自治区,松花江流域,李屯,2026-09-28 11:00,2,13.8,7.98,13.34,99.209,22.4639,3.99,,0.028,0.518,,,2026-09-28 12:25:53
内蒙古自治区,松花江流域,陶海,2026-09-28 11:00,3,11.9,7.68,11.02,179.2,14.7,4.28,,0.051,0.35,,,2026-09-28 12:25:53
内蒙古自治区,松花江流域,嵯岗,2026-09-28 12:00,4,14.95,8.03,8.79,227.06,54.674,7.02,0.014,0.08,0.535,,,2026-09-28 12:25:53
内蒙古自治区,松花江流域,成吉思汗,2026-09-28 11:00,1,14.18,7.44,11.36,149.34,8.39,1.74,,0.018,1.124,,,2026-09-28 12:25:53
内蒙古自治区,松花江流域,讷尔克气,2026-09-28 11:00,2,10,7.26,10.71,75.621,5.243,3.77,,0.018,0.332,,,2026-09-28 12:25:53
内蒙古自治区,黄河流域,总排干入黄口,2026-09-28 11:00,4,17.615,8.78,8.23,3908.912,287.371,7.54,0.377,0.194,2.2485,,,2026-09-28 12:25:53
内蒙古自治区,黄河流域,三盛公,2026-09-28 11:00,1,20.52875,8.35,8.67,835.5667,495.6174,1.87,0.097,,2.27015,,,2026-09-28 12:25:53
内蒙古自治区,松花江流域,大山矿,2026-09-28 11:00,2,8.82,7.86,11.47,165.49,3.11,2.36,,0.024,0.262,,,2026-09-28 12:25:53
内蒙古自治区,松花江流域,斯力很,2026-09-28 10:00,2,14.7,8.06,10.67,254.7,37.9,2.32,,0.036,2.644,,,2026-09-28 12:25:53
内蒙古自治区,松花江流域,察尔森水库西入口,2026-09-28 11:00,3,17.7,8.34,9.88,168.15,47.1,3.41,,0.032,1.341,0.01097,1600340,2026-09-28 12:25:53
内蒙古自治区,西北诸河,哨马营,2026-09-28 11:00,1,16.10851,8.55,9.58,741.1173,34.24518,,0.041,0.009,1.81163,,,2026-09-28 12:25:53
辽宁省,辽河流域,蒲河沿,2026-09-28 11:00,6,22.53,7.47,0.6,908.9,29.7,6.96,0.072,0.117,4.034,,,2026-09-28 12:25:53
辽宁省,辽河流域,于台,2026-09-28 11:00,2,19.71,7.43,7.27,876.195,18.083,3.48,0.33,0.064,6.558,,,2026-09-28 12:25:53
辽宁省,辽河流域,砂山,2026-09-28 11:00,2,19.57,7.83,7.4,751.3,11.051,2.62,0.085,0.045,5.395,,,2026-09-28 12:25:53
辽宁省,辽河流域,巨流河大桥,2026-09-28 11:00,2,18.42,8.1,9.28,645.1,96,,0.013,0.098,2.758,,,2026-09-28 12:25:53
辽宁省,辽河流域,兴国桥,2026-09-28 11:00,2,16.37,8.11,17.92,650.952,7.513,2.04,0.035,0.013,1.225,,,2026-09-28 12:25:53
辽宁省,辽河流域,城子坦,2026-09-28 11:00,2,21.56575,8.38,8.63,253.1454,8.76209,1.29,0.034,0.039,1.51634,,,2026-09-28 12:25:53
辽宁省,辽河流域,麦家,2026-09-28 11:00,4,22.49,7.39,3.38,494.2,17.4,4.11,0.395,0.103,1.979,,,2026-09-28 12:25:53
辽宁省,辽河流域,复州湾大桥,2026-09-28 11:00,3,20.4678,7.94,8.34,699.913,17.2123,4.08,0.069,0.071,6.535,,,2026-09-28 12:25:53
辽宁省,辽河流域,三台子,2026-09-28 11:00,2,22.39661,7.91,7.77,803.0804,14.82788,3.44,0.086,0.044,2.88465,,,2026-09-28 12:25:53
辽宁省,辽河流域,万泰,2026-09-28 11:00,2,22.63,7.5,7.18,144.048,6.3113,2.19,0.017,0.015,2.43935,,,2026-09-28 12:25:53
辽宁省,辽河流域,登化,2026-09-28 11:00,6,21.0905,9.18,14.94,697.8,15.4648,5.86,0.022,0.148,4.13,,,2026-09-28 12:25:53
辽宁省,辽河流域,小姐庙,2026-09-28 11:00,4,19.94,7.57,3.62,774.6,2.46,2.82,0.306,0.087,5.366,,,2026-09-28 12:25:53
辽宁省,辽河流域,口子街,2026-09-28 11:00,1,19.3,8.28,10.37,322.8,3.84303,1.79,0.045,0.016,3.314,,,2026-09-28 12:25:53
辽宁省,辽河流域,牛庄,2026-09-28 11:00,6,20.0526,7.64,0.35,655.71,40.3611,5.93,0.419,0.124,3.498,,,2026-09-28 12:25:53
辽宁省,辽河流域,关门山大桥,2026-09-28 11:00,1,18.85,8.46,13.05,408.245,5.918,0.96,,0.008,4.768,,,2026-09-28 12:25:53
辽宁省,辽河流域,刘家台,2026-09-28 11:00,3,18.851,7.69,5.78,711.388,15.188,2.8,0.279,0.078,5.124,,,2026-09-28 12:25:53
辽宁省,辽河流域,大伙房水库,2026-09-28 11:00,2,19.78,6.87,8.5,222.57,12.89,,0.052,0.032,4.123,0.04059,,2026-09-28 12:25:53
辽宁省,辽河流域,戈布桥,2026-09-28 11:00,2,17.09,7.17,10.6,638.49,2.48,2.38,0.175,0.04,4.631,,,2026-09-28 12:25:53
辽宁省,辽河流域,台沟,2026-09-28 11:00,2,18.67,8.45,11.11,260.23,9.46,1,0.002,0.023,3.274,,,2026-09-28 12:25:53
辽宁省,辽河流域,古楼,2026-09-28 11:00,1,20.27,7.85,8.41,268.68,27.99,1.04,,0.014,5.485,,,2026-09-28 12:25:53
辽宁省,辽河流域,北太子河入观音阁水库口,2026-09-28 11:00,1,18.2863,8.59,11.66,240.6,17.9713,1.49,0.01,0.011,4.075712,,,2026-09-28 12:25:53
辽宁省,辽河流域,老官砬子,2026-09-28 11:00,1,18.53,8.31,11.66,313.7,6.7,1.6,0.019,0.012,2.853,,,2026-09-28 12:25:53
辽宁省,辽河流域,兴安,2026-09-28 11:00,3,19.74,7.61,6.62,532.9,4.5,2.29,0.99,0.035,5.54,,,2026-09-28 12:25:53
辽宁省,辽河流域,凤鸣电站,2026-09-28 11:00,2,19.88,7.72,7.92,191.97,2.257,2.47,0.001,0.022,3.245,,,2026-09-28 12:25:53
辽宁省,辽河流域,南太子河入库口,2026-09-28 11:00,1,18.11,7.38,8.15,188.9,2.36,0.29,0.008,0.006,4.725,,,2026-09-28 12:25:53
辽宁省,辽河流域,江桥,2026-09-28 11:00,4,21.36,7.19,4.61,155.3,2.76,1.38,,0.012,2.526,,,2026-09-28 12:25:53
辽宁省,辽河流域,爱河大桥,2026-09-28 11:00,1,22.0481,7.38,8.25,222.994,5.17923,1.31,0.049,0.02,3.588,,,2026-09-28 12:25:53
辽宁省,辽河流域,蒲石河大桥,2026-09-28 11:00,1,20.03,7.82,8.12,227.19,3.196,1.5,0.003,0.015,2.548,,,2026-09-28 12:25:53
辽宁省,辽河流域,王家沟,2026-09-28 11:00,1,18.85,8.2,8.77,659.28,4.94,1.82,,0.018,5.053,,,2026-09-28 12:25:53
辽宁省,辽河流域,西八千,2026-09-28 11:00,2,19.09,8.44,9.84,779.74,15.29,2.1,0.023,0.04,4.741,,,2026-09-28 12:25:53
辽宁省,辽河流域,张家堡,2026-09-28 11:00,2,18.95,8.18,9.2,736.58,6.563,1.96,,0.033,5.149,,,2026-09-28 12:25:53
辽宁省,辽河流域,女儿河入河口,2026-09-28 11:00,2,20.47,7.78,8.14,877.55,13.12,1.23,0.145,0.036,18.166,,,2026-09-28 12:25:53
辽宁省,辽河流域,何家信子,2026-09-28 11:00,2,18.65,8.22,10.26,476.4,4.45,2.61,0.03,0.018,1.342,,,2026-09-28 12:25:53
辽宁省,辽河流域,西树林,2026-09-28 11:00,3,20.79,8.1,8,936.43,20.02,4.37,0.306,0.102,5.54,,,2026-09-28 12:25:53
辽宁省,辽河流域,高台子,2026-09-28 11:00,6,19.15,7.39,0.66,1256.72,25.232,3.98,0.399,0.119,8.025,,,2026-09-28 12:25:53
辽宁省,辽河流域,茧场,2026-09-28 11:00,1,19.72,8.28,10.53,333.2202,11.89327,1.88,0.006,0.011,6.55747,,,2026-09-28 12:25:53
辽宁省,辽河流域,大清河口,2026-09-28 11:00,4,21.66,7.7,3.56,504.77,27.159,4.9,0.281,0.066,4.465,,,2026-09-28 12:25:53
辽宁省,辽河流域,东羊角,2026-09-28 11:00,3,18.06,7.54,7.79,724.8,17.6,2.93,0.173,0.145,6.26,,,2026-09-28 12:25:53
辽宁省,辽河流域,下口子,2026-09-28 11:00,3,20.15,7.6,5.96,640.6,14.73,2.14,0.026,0.048,4.371,,,2026-09-28 12:25:53
辽宁省,辽河流域,二道河水库口,2026-09-28 11:00,1,17.1757,8.16,11.24,434.094,1.9042,0.81,0.003,0.007,3.297,,,2026-09-28 12:25:53
辽宁省,辽河流域,下王家,2026-09-28 11:00,2,20.1166,7.58,10.42,604.777,3.35136,1.55,,0.022,4.771,,,2026-09-28 12:25:53
辽宁省,辽河流域,汤河桥,2026-09-28 11:00,2,19.26,7.53,7.36,554.5,14.7588,1.42,0.083,0.04,5.012,,,2026-09-28 12:25:53
辽宁省,辽河流域,下达河入汤河水库口,2026-09-28 11:00,1,17.6588,8.47,12.44,424.806,3.166,1.97,0.01,0.016,3.924,,,2026-09-28 12:25:53
辽宁省,辽河流域,丁家柳河桥,2026-09-28 11:00,4,18.87,7.58,5.87,1118.24,73.989,8.83,0.496,0.214,2.156,,,2026-09-28 12:25:53
辽宁省,辽河流域,盘锦兴安,2026-09-28 11:00,5,19.72,7.51,2.53,596.28,119.12,6.99,0.033,0.102,1.365,,,2026-09-28 12:25:53
辽宁省,辽河流域,曙光大桥,2026-09-28 11:00,4,20.8,7.48,4.89,870.23,67.09,,0.421,0.133,1.91,,,2026-09-28 12:25:53
辽宁省,辽河流域,胜利塘,2026-09-28 11:00,3,,,,,,4.98,0.143,0.088,1.125,,,2026-09-28 12:25:53
辽宁省,辽河流域,鲜峰桥,2026-09-28 11:00,3,19.18,7.78,8.36,1122.06,31.929,4.98,0.178,0.112,6.465,,,2026-09-28 12:25:53
辽宁省,辽河流域,通江口,2026-09-28 11:00,4,18.09,8.9,17.09,676.44,34.83,7.7,,0.102,3.878,,,2026-09-28 12:25:53
辽宁省,辽河流域,珠尔山,2026-09-28 11:00,3,16.83,7.15,5.52,531.71,78.73,5.73,0.266,0.131,3.019,,,2026-09-28 12:25:53
辽宁省,辽河流域,凡河一号桥,2026-09-28 11:00,2,19.61,8.55,7.51,336.2,39.6,2.75,,0.045,3.591,,,2026-09-28 12:25:53
辽宁省,辽河流域,松树水文站,2026-09-28 11:00,4,16.9,7.72,8.49,382.86,214.04,8.82,0.215,0.274,6.806,,,2026-09-28 12:25:53
辽宁省,辽河流域,亮子河入河口,2026-09-28 11:00,4,15.52,7.53,7.2,619.59,25.76,5.52,1.302,0.236,5.075,,,2026-09-28 12:25:53
辽宁省,辽河流域,凌鸿大桥,2026-09-28 11:00,2,18.62,8.15,8.36,764.5,17,1.78,0.015,0.034,10.897,,,2026-09-28 12:25:53
辽宁省,辽河流域,章吉营,2026-09-28 11:00,2,18.25,8.36,11.7,846.7,1.4,2.08,0.405,0.04,10.804,,,2026-09-28 12:25:53
辽宁省,辽河流域,大凌河西支入河口,2026-09-28 11:00,2,16.48,8.43,15.81,875.78,7.393,1.91,0.003,0.069,22.364,,,2026-09-28 12:25:53
辽宁省,辽河流域,李家湾大桥,2026-09-28 11:00,2,13.6,8.09,10.12,533.1,36.6,1.1,,0.038,5.38,,,2026-09-28 12:25:53
辽宁省,辽河流域,王家窝棚,2026-09-28 11:00,2,17.52,7.62,10.12,586.3,2.2,1.71,0.048,0.066,5.539,,,2026-09-28 12:25:53
辽宁省,辽河流域,红石碑入海前,2026-09-28 11:00,3,21.53,8.46,11.33,1044.808,23.814,4.19,0.114,0.083,3.558,,,2026-09-28 12:25:53
辽宁省,辽河流域,小渔场,2026-09-28 11:00,4,22.65,7.46,4.33,27947.89,1.542,1.56,0.211,0.049,4.58,,,2026-09-28 12:25:53
吉林省,松花江流域,新立城大坝,2026-09-28 11:00,3,18.5425,8.86,5.71,293.85,18.1825,4.45,0.085,0.042,0.661,,,2026-09-28 12:25:53
吉林省,松花江流域,松花江村,2026-09-28 11:00,2,18.57,7.01,9.12,231.75,25.49,3.38,0.04,0.096,3.714,,,2026-09-28 12:25:53
吉林省,松花江流域,靠山南楼,2026-09-28 11:00,3,16.81,8.09,9.66,601.32,34.12,5.14,0.118,0.118,4.729,,,2026-09-28 12:25:53
吉林省,松花江流域,砖瓦窑桥,2026-09-28 11:00,3,14.48,7.71,7.85,729.25,26.22,,,0.11,5.656,,,2026-09-28 12:25:53
吉林省,松花江流域,镇江口,2026-09-28 11:00,3,17.37,7.89,9.49,244.5,38.89,4.19,0.083,0.091,3.844,,,2026-09-28 12:25:53
吉林省,松花江流域,靠山大桥,2026-09-28 11:00,4,17.16,8.16,10.44,729.05,61.6,5.38,0.031,0.213,5.179,,,2026-09-28 12:25:53
吉林省,松花江流域,饮马河大桥,2026-09-28 11:00,2,17.97,7.77,9.53,240.8,35.17,3.52,,0.062,2.873,,,2026-09-28 12:25:53
吉林省,松花江流域,刘珍屯,2026-09-28 11:00,3,17,7.34,8.09,536.04,38.84,3.85,0.256,0.114,4.199,,,2026-09-28 12:25:53
吉林省,松花江流域,周家河口,2026-09-28 12:00,2,16.3,7.56,9.9,512.17,40.55,3.25,0.111,0.051,2.462,,,2026-09-28 12:25:53
吉林省,松花江流域,白旗,2026-09-28 11:00,2,18.0053,7.33,8.95,250.084,34.2402,,0.05,0.06,3.9084,,,2026-09-28 12:25:53
吉林省,松花江流域,白山大桥,2026-09-28 11:00,4,16.4,6.74,5.6,114.045,32.473,6.13,0.012,0.043,1.948,,,2026-09-28 12:25:53
吉林省,松花江流域,福兴,2026-09-28 11:00,2,16.42,7.77,7.55,384.074,66.293,3.72,0.068,0.097,2.208,,,2026-09-28 12:25:53
吉林省,松花江流域,桦树林,2026-09-28 11:00,3,17.54,7.46,7.08,188.549,40.945,5.96,0.035,0.049,2.345,0.00252,659456,2026-09-28 12:25:53
吉林省,松花江流域,官厅桥,2026-09-28 11:00,5,16.28,7.18,2.73,398.4,5.567,2.15,0.228,0.06,1.3,,,2026-09-28 12:25:53
吉林省,松花江流域,蛟河口,2026-09-28 11:00,2,15.003,7.48,10.39,310.456,37.534,3.24,0.108,0.063,4.606,,,2026-09-28 12:25:53
吉林省,松花江流域,哨口,2026-09-28 11:00,2,19.2693,7.28,8.53,242.329,10.9942,3.42,0.032,0.046,3.5363,,,2026-09-28 12:25:53
吉林省,松花江流域,肖家船口,2026-09-28 11:00,2,15.6166,7.29,10.84,208.076,21.4469,2.08,0.048,0.046,3.35,,,2026-09-28 12:25:53
吉林省,松花江流域,烟筒山,2026-09-28 11:00,2,14.21,7.6,7.44,352.097,61.077,3.02,0.102,0.089,3.788,,,2026-09-28 12:25:53
吉林省,辽河流域,四双大桥,2026-09-28 11:00,2,16.67,8.21,11.16,640.07,19.96,3.34,,0.047,1.856,,,2026-09-28 12:25:53
吉林省,辽河流域,城子上,2026-09-28 11:00,2,16.16,8.24,12.97,528.86,9.07,3.79,0.078,0.061,,,,2026-09-28 12:25:53
吉林省,辽河流域,六家子,2026-09-28 11:00,2,15.23,8.15,15.6,740.4,6.4,2.46,0.009,0.078,7.9403,,,2026-09-28 12:25:53
吉林省,辽河流域,林家,2026-09-28 11:00,3,16.2,8.18,11.53,781.6,15.1,5.2,0.03,0.132,,,,2026-09-28 12:25:53
吉林省,辽河流域,河清,2026-09-28 11:00,3,17.11,7.62,6.35,654.9,32.06,4.37,0.045,0.069,3.763,,,2026-09-28 12:25:53
吉林省,辽河流域,民主,2026-09-28 11:00,2,18.281,8.24,10.05,404.3,11.874,3.21,0.022,0.031,3.23,,,2026-09-28 12:25:53
吉林省,松花江流域,高集岗桥,2026-09-28 11:00,4,14.76,7.72,9.66,266.4,136.812,7.68,0.213,0.208,4.498,,,2026-09-28 12:25:53
吉林省,辽河流域,云峰,2026-09-28 11:00,2,21.519,7.37,7.28,130.914,2.4517,2.03,0.022,0.018,1.567,,,2026-09-28 12:25:53
吉林省,辽河流域,鸠谷,2026-09-28 11:00,2,12.3,7.59,10.84,130.5,31.3,2.53,0.088,0.068,1.499,,,2026-09-28 12:25:53
吉林省,辽河流域,葫芦套,2026-09-28 11:00,2,17.4,7.87,9.62,142.725,15.707,2.18,0.015,0.034,1.156,,,2026-09-28 12:25:53
吉林省,辽河流域,大阳岔,2026-09-28 11:00,1,12.14,8.12,7.67,273.274,3.922,0.6,,0.015,1.374,,,2026-09-28 12:25:53
吉林省,松花江流域,松林,2026-09-28 11:00,3,18.05,7.57,9.24,308.98,22.25,4.88,0.082,0.079,3.62,,,2026-09-28 12:25:53
吉林省,松花江流域,白沙滩,2026-09-28 11:00,3,16.52,7.72,9.16,154.48,53.64,5.39,0.085,0.09,1.358,,,2026-09-28 12:25:53
吉林省,松花江流域,月亮湖下,2026-09-28 11:00,3,17.06,8.47,7.85,453.66,85.69,5.8,,0.065,1.429,,,2026-09-28 12:25:53
吉林省,松花江流域,圈河,2026-09-28 11:00,2,16.736,8.12,9.84,191.767,39.563,3.07,0.087,0.047,1.587,,,2026-09-28 12:25:53
吉林省,松花江流域,大山,2026-09-28 11:00,3,16.91,8.1,11.07,161.233,12.857,5.32,0.148,0.11,2.097,,,2026-09-28 12:25:53
吉林省,松花江流域,崇善,2026-09-28 11:00,5,11.32,7.65,9.98,109.641,49.291,9.54,0.492,0.311,3.618,,,2026-09-28 12:25:53
吉林省,松花江流域,榆树川,2026-09-28 11:00,2,17.29,8.37,12.62,219.913,18.455,2.3,0.016,0.034,2.069,,,2026-09-28 12:25:53
吉林省,松花江流域,磨盘大桥,2026-09-28 11:00,3,18.7,7.42,7.36,303.943,8.537,3.94,0.164,0.104,2.532,,,2026-09-28 12:25:53
吉林省,松花江流域,西崴子,2026-09-28 11:00,3,16.71,8.59,12.29,200.523,26.5832,4.11,0.018,0.014,1.525,,,2026-09-28 12:25:53
吉林省,松花江流域,三家子,2026-09-28 11:00,3,18.12,7.52,9.68,143.164,10.132,4.08,0.091,0.056,1.335,,,2026-09-28 12:25:53
吉林省,松花江流域,建封路大桥,2026-09-28 11:00,2,10.24,7.68,10.91,193.777,18.805,2.78,0.016,0.066,0.723,,,2026-09-28 12:25:53
黑龙江省,松花江流域,摆渡镇,2026-09-28 11:00,3,16.706,7.91,8.56,232.923,41.572,5.79,0.049,0.127,1.901,,,2026-09-28 12:25:53
黑龙江省,松花江流域,苗家,2026-09-28 11:00,3,17,8.84,12.69,262.7,21.2,5.08,0.032,0.122,1.192,,,2026-09-28 12:25:53
黑龙江省,松花江流域,磨盘山水库出口,2026-09-28 11:00,3,19.851,6.61,6.42,71.029,5.696,5.74,0.012,0.022,2.01,0.0299,20096,2026-09-28 12:25:53
黑龙江省,松花江流域,朱顺屯,2026-09-28 11:00,4,18.2224,7.76,7.05,216.042,69.0827,7.23,0.058,0.12,1.228,,,2026-09-28 12:25:53
黑龙江省,松花江流域,阿什河口内,2026-09-28 11:00,6,17.942,7.09,5.73,675.26,12.89,4.82,3.068,0.236,15.967,,,2026-09-28 12:25:53
黑龙江省,松花江流域,呼兰河口内,2026-09-28 11:00,4,15.1,7.45,9.27,285.71,71.58,6.54,0.123,0.143,2.121,,,2026-09-28 12:25:53
黑龙江省,松花江流域,大顶子山,2026-09-28 11:00,3,17.969,7.63,7.31,229.254,38.2416,5.48,0.056,0.093,2.737,,,2026-09-28 12:25:53
黑龙江省,松花江流域,牡丹江口内,2026-09-28 11:00,3,19.97,7.61,9.06,,1.4,,0.088,0.113,2.322,,,2026-09-28 12:25:53
黑龙江省,松花江流域,拉哈,2026-09-28 11:00,4,14.24,7.58,9.18,130.424,41.57,6.18,,0.071,1.246,,,2026-09-28 12:25:53
黑龙江省,松花江流域,查哈阳乡,2026-09-28 11:00,2,13.3,7.72,10.42,99.7,20.3,3.21,0.015,0.028,0.552,,,2026-09-28 12:25:53
黑龙江省,松花江流域,音河水库,2026-09-28 11:00,2,16.37,7.82,8.54,232.55,72.68,3.44,,0.065,3.835,,,2026-09-28 12:25:53
黑龙江省,松花江流域,浏园,2026-09-28 11:00,3,15.28,7.47,8.9,156.4,40.9,4.81,,0.064,1.869,,,2026-09-28 12:25:53
黑龙江省,松花江流域,富源村,2026-09-28 11:00,4,17,7.7,8.93,104.45,15.93,8.25,0.022,0.054,0.76,,,2026-09-28 12:25:53
黑龙江省,松花江流域,858九队,2026-09-28 11:00,3,20.7,7.05,8.93,145.4,65.1675,5.43,0.397,0.147,1.5873,,,2026-09-28 12:25:53
黑龙江省,松花江流域,名山,2026-09-28 11:00,4,13.69,7.72,10.93,132.406,17.084,7.7,0.014,0.02,0.423,,,2026-09-28 12:25:53
黑龙江省,松花江流域,饶河上,2026-09-28 11:00,3,15.69,7.19,8.12,97.1,13.79,5.4,0.011,0.053,0.699,,,2026-09-28 12:25:53
黑龙江省,松花江流域,挠力河口内,2026-09-28 11:00,3,14.7,7.24,7.5,170.506,39.391,5.44,0.015,0.071,0.603,,,2026-09-28 12:25:53
黑龙江省,松花江流域,肇源,2026-09-28 11:00,4,17.48,8.27,10.85,257.89,40.96,6.92,0.116,0.105,1.321,,,2026-09-28 12:25:53
黑龙江省,松花江流域,嫩江口内,2026-09-28 11:00,4,16.86,7.79,9.18,171.876,70.532,6.51,0.02,0.097,1.433,,,2026-09-28 12:25:53
黑龙江省,松花江流域,友好,2026-09-28 11:00,5,11.39,7.32,10.56,105.444,10.116,11.41,0.019,0.052,1.491,,,2026-09-28 12:25:53
黑龙江省,松花江流域,嘉荫,2026-09-28 11:00,4,15.13,8,10.95,125.961,4.735,8.21,0.03,0.03,0.265,,,2026-09-28 12:25:53
黑龙江省,松花江流域,双河渠首,2026-09-28 11:00,2,14.74,7.38,10.49,145.1,11.3,3.53,,0.033,3.107,,,2026-09-28 12:25:53
黑龙江省,松花江流域,宏克利,2026-09-28 11:00,3,17.95,7.44,9.02,220.5,41.93,4.3,,0.11,2.047,,,2026-09-28 12:25:53
黑龙江省,松花江流域,海浪,2026-09-28 11:00,3,15.91,7.33,10.59,157.5,43.14,4.37,0.107,0.088,3.368,,,2026-09-28 12:25:53
黑龙江省,松花江流域,三道,2026-09-28 11:00,5,20.24,7.11,7.1,119.06,81.4,4.66,0.047,0.117,3.028,0.052002,28288,2026-09-28 12:25:53
黑龙江省,松花江流域,电视塔,2026-09-28 11:00,5,19.93,6.83,5.35,97,85.131,7.61,0.064,0.129,2.919,0.00259,15936,2026-09-28 12:25:53
黑龙江省,松花江流域,海浪河口内,2026-09-28 11:00,2,14.84,7.04,10.72,117.8,37.55,3.47,0.071,0.014,2.41,,,2026-09-28 12:25:53
黑龙江省,松花江流域,呼玛上,2026-09-28 11:00,4,11.215,7.57,11.52,162.685,7.833,6.83,0.034,0.033,0.621,,,2026-09-28 12:25:53
黑龙江省,松花江流域,呼玛河口内,2026-09-28 11:00,3,11.29,7.45,10.43,70.915,1.12,5.71,0.033,0.026,0.23,,,2026-09-28 12:25:53
黑龙江省,松花江流域,加格达奇上,2026-09-28 11:00,2,10.21,6.87,10.63,65.164,5.8969,3.38,,0.008,0.194,,,2026-09-28 12:25:53
上海市,长江流域,富锦路桥,2026-09-28 12:00,5,27.9,7.5,2.5,519.3,132.5,3.72,0.055,0.153,2.868,,,2026-09-28 12:25:53
上海市,太湖流域,明星路桥,2026-09-28 11:00,4,27.55,7.26,3.78,420.494,25.85627,4.14,0.091,0.114,1.1964,,,2026-09-28 12:25:53
上海市,太湖流域,临江,2026-09-28 11:00,4,27,7.53,4.04,486.35,96.33,5.96,0.033,0.286,2.226,,,2026-09-28 12:25:53
上海市,太湖流域,浙江路桥,2026-09-28 11:00,5,27.185,7.34,2.71,664.98,37.501,4.19,,0.2,3.947,,,2026-09-28 12:25:53
上海市,太湖流域,闵行西界,2026-09-28 12:00,4,27.87,7.3,3.41,532.57,57.12,3.44,0.079,,1.727,,,2026-09-28 12:25:53
上海市,太湖流域,吴淞口,2026-09-28 11:00,4,27.583,7.66,4.62,419.674,133.946,3.55,0.108,0.147,2.513,,,2026-09-28 12:25:53
上海市,太湖流域,蕴川路桥,2026-09-28 12:00,3,26.63,7.6,5.5,456.22,129.52,2.9,,0.12,2.546,,,2026-09-28 12:25:53
上海市,太湖流域,黄渡,2026-09-28 11:00,4,27.26,7.51,4.17,655.7,54.78,3.33,0.131,0.12,2.264,,,2026-09-28 12:25:53
上海市,太湖流域,三甲港,2026-09-28 11:00,2,27.3,7.88,7.12,388.2,478.7,1.73,0.118,0.086,1.803,,,2026-09-28 12:25:53
上海市,太湖流域,二团,2026-09-28 11:00,3,27.61,7.58,5.1,446.51,37.31,3.46,0.006,0.117,1.655,,,2026-09-28 12:25:53
上海市,太湖流域,横潦泾,2026-09-28 11:00,4,27.33,7.35,4.48,430.44,58.67,3.39,,0.107,1.836,,,2026-09-28 12:25:53
上海市,太湖流域,斜塘口,2026-09-28 11:00,4,27.94,7.22,3.57,417.54,45.23,3.11,,0.051,1.459,,,2026-09-28 12:25:53
上海市,太湖流域,急水港桥,2026-09-28 11:00,5,27.02,7.25,2.54,505.2,21.3,2.93,0.058,0.079,1.494,0.0119,2165545,2026-09-28 12:25:53
上海市,太湖流域,淀峰,2026-09-28 11:00,2,27.31,8.22,7.1,450.22,40.37,3.38,0.04,0.095,1.271,,,2026-09-28 12:25:53
上海市,太湖流域,太浦河桥,2026-09-28 11:00,4,27.51,7.23,3.14,376.63,28.8,3.38,,0.071,1.402,,,2026-09-28 12:25:53
上海市,太湖流域,钱桥,2026-09-28 11:00,4,27.2,7.5,3.54,493.5,38.7,2.47,0.069,0.11,1.602,,,2026-09-28 12:25:53
上海市,长江流域,七效港西桥,2026-09-28 11:00,3,27.19,7.64,5.32,500.13,43.43,3.17,0.093,0.103,1.845,,,2026-09-28 12:25:53
上海市,长江流域,五效,2026-09-28 11:00,3,27.01,7.64,6.73,338.36,34.51,2.3,0.06,0.105,1.601,,,2026-09-28 12:25:53
江苏省,长江流域,陈浅,2026-09-28 11:00,6,24.51,7.18,0.78,381.1,48.06,4.97,0.412,0.192,2.057,,,2026-09-28 12:25:53
江苏省,长江流域,七桥瓮,2026-09-28 11:00,6,25.09,7.28,1.4,394.9,30.98,4.72,0.798,0.131,2.566,,,2026-09-28 12:25:53
江苏省,长江流域,节制闸,2026-09-28 11:00,4,24.45,7.2,3.08,352.16,17.45,4.82,0.618,0.134,2.343,,,2026-09-28 12:25:53
江苏省,长江流域,钱家渡,2026-09-28 11:00,4,26.88,7.6,4.83,276.97,26.9,3.26,0.024,0.064,0.78,,,2026-09-28 12:25:53
江苏省,太湖流域,锡东水厂,2026-09-28 12:00,3,26.6,8.82,7.89,371.32,13.73,2.91,0.05,0.041,0.26,0.00897,4628990,2026-09-28 12:25:53
江苏省,太湖流域,蠡桥,2026-09-28 11:00,4,26.36,7.35,3.4,435.65,10.93,2.1,0.309,0.048,0.898,,,2026-09-28 12:25:53
江苏省,太湖流域,百渎港桥,2026-09-28 11:00,4,27.09,7.36,3.83,503.8,42.83,2.64,0.011,0.115,2.467,,,2026-09-28 12:25:53
江苏省,太湖流域,殷村港桥,2026-09-28 11:00,5,26.4,7.31,2.78,428.41,38.94,3.17,0.09,0.099,2.106,,,2026-09-28 12:25:53
江苏省,太湖流域,大浦港桥,2026-09-28 11:00,4,26.84,7.42,3.27,414,57.1,3.72,0.12,0.088,1.484,,,2026-09-28 12:25:53
江苏省,太湖流域,五牧,2026-09-28 11:00,3,25.78,7.04,5.18,311.14,25.05,2.06,0.212,0.107,2.464,,,2026-09-28 12:25:53
江苏省,太湖流域,拖山,2026-09-28 12:00,4,26.58,8.92,8.05,319.33,46.82,3.7,0.018,0.071,1.085,0.00568,1.054584,2026-09-28 12:25:53
江苏省,太湖流域,五里湖心,2026-09-28 12:00,4,26.71,7.77,6.62,407.82,22.41741,2.69,,0.064,0.397,0.00484,5824881,2026-09-28 12:25:53
江苏省,太湖流域,金潼桥,2026-09-28 11:00,6,26.11,7.25,1.54,426.9,23.33,3.46,0.686,0.136,2.573,,,2026-09-28 12:25:53
江苏省,太湖流域,大港桥,2026-09-28 11:00,3,25,6.71,5.06,161.1,1.41,2.68,0.065,0.03,1.187,,,2026-09-28 12:25:53
江苏省,太湖流域,潘家坝,2026-09-28 12:00,4,26.5,7.49,4.5,388.75,38.69,2.74,0.049,0.09,1.858,,,2026-09-28 12:25:53
江苏省,太湖流域,长济桥,2026-09-28 11:00,2,26.23,7.72,6.17,298.8,25.1,1.72,0.034,0.068,1.547,,,2026-09-28 12:25:53
江苏省,太湖流域,钓邾大桥,2026-09-28 11:00,3,27.12,7.55,5.11,499.86,36.01,2.23,0.194,0.101,1.624,,,2026-09-28 12:25:53
江苏省,长江流域,小湾,2026-09-28 11:00,2,26.01,7.77,6.29,293.37,19.11,1.67,,0.056,1.458,,,2026-09-28 12:25:53
江苏省,淮河流域,李庄,2026-09-28 11:00,3,25.39,8.42,6.88,619.2,9.3,4.48,0.132,0.102,3.925,,,2026-09-28 12:25:53
江苏省,淮河流域,李集桥,2026-09-28 11:00,4,24.62,7.8,3.92,1334.11,5.22,4.11,0.078,0.061,0.976,,,2026-09-28 12:25:53
江苏省,淮河流域,华山闸,2026-09-28 11:00,3,24.54,8.34,5.04,1214.2,6.58,0.27,0.024,0.069,0.809,,,2026-09-28 12:25:53
江苏省,淮河流域,沙庄桥,2026-09-28 11:00,5,24.93,7.61,2.9,1269.1,16.2,6.25,0.206,0.139,1.259,,,2026-09-28 12:25:53
江苏省,淮河流域,张楼,2026-09-28 11:00,3,25.679,7.76,5.23,1231.461,14.103,3.68,0.114,0.092,0.923,,,2026-09-28 12:25:53
江苏省,淮河流域,沙集西闸,2026-09-28 11:00,4,24.32,7.49,3.45,783.94,38.21,3.9,0.121,0.1,0.892,,,2026-09-28 12:25:53
江苏省,淮河流域,艾山西大桥,2026-09-28 11:00,4,23.805,8,5.91,1069.11,19.125,7.12,0.146,0.192,4.494,,,2026-09-28 12:25:53
江苏省,淮河流域,下楼公路桥,2026-09-28 11:00,3,23.15,7.27,5.74,1092.21,7.71,4.59,0.13,0.087,0.9625,,,2026-09-28 12:25:53
江苏省,长江流域,魏村,2026-09-28 11:00,2,25.78,7.61,6.01,298.84,31.82,1.76,0.005,0.072,1.597,,,2026-09-28 12:25:53
江苏省,太湖流域,姚巷桥,2026-09-28 12:00,3,27.15,7.99,5.88,394.45,7.36,2.69,0.063,0.069,1.747,,,2026-09-28 12:25:53
江苏省,太湖流域,黄埝桥,2026-09-28 11:00,5,24.5,6.98,2.49,333.2,34.73,,0.47,0.284,2.603,,,2026-09-28 12:25:53
江苏省,太湖流域,落蓬湾,2026-09-28 11:00,4,27.47,7.16,3.8,281.5,109.2,3.53,0.127,0.066,1.115,,,2026-09-28 12:25:53
江苏省,太湖流域,九号桥,2026-09-28 11:00,4,24.79,7.26,3.04,380,34.1,3.32,0.498,0.144,3.284,,,2026-09-28 12:25:53
江苏省,太湖流域,胥湖心,2026-09-28 12:00,2,27.19,8.38,7.48,340.39,9.01,2.59,,0.005,0.156,0.0013,168756.6,2026-09-28 12:25:53
江苏省,太湖流域,乌龟山南,2026-09-28 12:00,3,26.36,8.68,7.76,357.89,30.596,3.24,0.008,0.03,0.43,0.00255,1.187611,2026-09-28 12:25:53
江苏省,太湖流域,望亭上游,2026-09-28 11:00,3,26.86,7.63,6.6,605.4,29.1,2.28,0.15,0.122,2.988,,,2026-09-28 12:25:53
江苏省,太湖流域,千灯浦口,2026-09-28 12:00,4,27.44,7.29,3.71,557.531,28.125,2.99,0.036,0.092,0.9165,,,2026-09-28 12:25:53
江苏省,太湖流域,朱厍港口,2026-09-28 11:00,4,26.5,7.33,4.14,520.9,34.6,3.16,0.003,0.079,1.063,,,2026-09-28 12:25:53
江苏省,太湖流域,浏河闸,2026-09-28 11:00,4,26.87,7.36,3.72,559.999,63.948,3.73,0.128,0.164,1.9959,,,2026-09-28 12:25:53
江苏省,太湖流域,江边闸,2026-09-28 11:00,3,26.27,7.69,5.55,589.3,32.5,2.36,0.028,0.083,1.556,,,2026-09-28 12:25:53
江苏省,太湖流域,瓜泾口西,2026-09-28 11:00,6,27.23,7.35,1.52,350.8,8.42,5.24,0.521,0.07,1.365,,,2026-09-28 12:25:53
江苏省,太湖流域,航管站,2026-09-28 11:00,2,27.79,8.66,7.23,372.29,11.49,2.43,0.023,0.015,0.221,,,2026-09-28 12:25:53
江苏省,太湖流域,越溪桥,2026-09-28 11:00,4,26.96,7.56,3.13,403.3,42.7,4.63,0.17,0.113,1.194,,,2026-09-28 12:25:53
江苏省,太湖流域,312国道桥,2026-09-28 11:00,3,27,8.67,5.48,363.92,13.09,3.21,0.016,0.034,0.319,,,2026-09-28 12:25:53
江苏省,太湖流域,赵屯,2026-09-28 11:00,3,27.25,7.49,5.15,766.076,61.42,2.97,,0.11,2.2562,,,2026-09-28 12:25:53
江苏省,淮河流域,东安闸桥西,2026-09-28 11:00,6,24.28,7.18,1.94,979.4,48.02,7.3,0.38,0.311,3.33,,,2026-09-28 12:25:53
江苏省,长江流域,九圩港桥,2026-09-28 11:00,6,24.75,7.44,1.93,487.8,475.89,5.63,0.391,0.299,1.017,,,2026-09-28 12:25:53
江苏省,长江流域,碾砣港闸,2026-09-28 11:00,5,24.28,7.41,2.52,508.6,46.18,4.9,0.398,0.319,1.952,,,2026-09-28 12:25:53
江苏省,长江流域,聚南大桥,2026-09-28 11:00,6,26.18,7.33,1.04,790.1,13.17,4.34,0.188,0.105,1.259,,,2026-09-28 12:25:53
江苏省,长江流域,大洋港桥,2026-09-28 11:00,4,25.93,7.51,3.55,924,30.36,3.68,0.382,0.224,2.482,,,2026-09-28 12:25:53
江苏省,长江流域,塘芦港闸,2026-09-28 11:00,6,26.045,7.49,1.62,1240.15,24.073,5.28,0.311,0.182,1.642,,,2026-09-28 12:25:53
江苏省,淮河流域,小洋口,2026-09-28 11:00,5,23.94,7.41,2.14,1301.9,27.46,5.67,0.499,0.299,1.09,,,2026-09-28 12:25:53
江苏省,淮河流域,环东闸口,2026-09-28 11:00,1,26.06,7.23,8.42,,0.1,,,,1.595,,,2026-09-28 12:25:53
江苏省,淮河流域,北凌新闸,2026-09-28 11:00,6,24.13,7.75,1.74,1741.1,30.57,6.25,0.587,0.394,,,,2026-09-28 12:25:53
江苏省,淮河流域,新浦大桥,2026-09-28 11:00,3,24.758,6.73,5.38,674.826,13.638,3.88,0.005,0.086,1.063,,,2026-09-28 12:25:53
江苏省,淮河流域,柴米河桥,2026-09-28 11:00,5,23.36,7.39,2.1,731.79,15.33,4.74,0.272,0.134,1.367,,,2026-09-28 12:25:53
江苏省,淮河流域,善后河闸,2026-09-28 11:00,5,24.329,7.17,3.69,798.294,60.024,5.02,0.034,0.348,1.832,,,2026-09-28 12:25:53
江苏省,淮河流域,灌河大桥,2026-09-28 11:00,5,24.89,7.42,2.35,796.7,298.6,8.97,0.24,0.387,3.672,,,2026-09-28 12:25:53
江苏省,淮河流域,新村桥,2026-09-28 11:00,4,24.322,7.42,4.29,747.58,14.12,5.21,0.099,0.122,2.057,,,2026-09-28 12:25:53
江苏省,淮河流域,沭南闸,2026-09-28 11:00,3,24.435,7.83,6.81,761.11,15.23,5.5,0.016,0.082,1.036,,,2026-09-28 12:25:53
江苏省,淮河流域,袁闸,2026-09-28 11:00,4,24.07,7.34,4.22,714.67,67.36,4.07,0.065,0.086,1.69,,,2026-09-28 12:25:53
江苏省,淮河流域,墩尚水漫桥,2026-09-28 11:00,6,24.868,7.58,0.53,698.786,17.425,5.4,0.022,0.066,1.322,,,2026-09-28 12:25:53
江苏省,淮河流域,烧香北闸,2026-09-28 11:00,3,24.471,8.03,8.3,5461.63,213.42,5.26,0.044,0.117,2.046,,,2026-09-28 12:25:53
江苏省,淮河流域,大浦闸,2026-09-28 11:00,2,25.278,7.48,8.41,1257.65,55.46,3.92,,0.099,6.074,,,2026-09-28 12:25:53
江苏省,淮河流域,大板跳闸,2026-09-28 11:00,3,24.18,7.72,6.86,1381.43,48.42,4.05,0.101,0.058,1.746,,,2026-09-28 12:25:53
江苏省,淮河流域,海头大桥,2026-09-28 11:00,4,23.62,8.37,9.87,665.02,25.3,6.74,0.036,0.119,1.13,,,2026-09-28 12:25:53
江苏省,淮河流域,坝头桥,2026-09-28 11:00,3,24.323,8.78,10.56,479.07,13.22,5.67,0.018,0.074,1.276,,,2026-09-28 12:25:53
江苏省,淮河流域,郑园桥,2026-09-28 11:00,3,24.148,7.92,8.46,945.304,13.099,4.36,0.261,0.09,1.788,,,2026-09-28 12:25:53
江苏省,淮河流域,四队桥,2026-09-28 11:00,5,25.22,7.46,2.91,717.26,34.03,3.68,0.07,0.109,2.572,,,2026-09-28 12:25:53
江苏省,淮河流域,新浦二桥,2026-09-28 11:00,4,24.45,7.35,4.87,869.07,12.14,4.74,,0.098,1.381,,,2026-09-28 12:25:53
江苏省,淮河流域,淮河大桥,2026-09-28 11:00,2,25.13,7.56,6.17,455.98,34.36,2.84,0.098,0.098,2.311,,,2026-09-28 12:25:53
江苏省,淮河流域,五叉河口,2026-09-28 11:00,4,24.12,7.8,4.81,486.643,38.161,3.27,0.116,0.074,1.577,,,2026-09-28 12:25:53
江苏省,淮河流域,戴楼衡阳,2026-09-28 11:00,3,25.18,7.76,5.42,421.16,26.34,3.6,0.108,0.062,1.291,0.02299,,2026-09-28 12:25:53
江苏省,淮河流域,总渠苏嘴,2026-09-28 12:00,2,23.603,7.88,6.18,361.26,31.82,2.52,0.024,0.066,2.502,,,2026-09-28 12:25:53
江苏省,淮河流域,唐曹,2026-09-28 11:00,4,23.06,7.64,3.92,463.6,66.74,4.17,0.301,0.151,1.075,,,2026-09-28 12:25:53
江苏省,淮河流域,新洋港闸,2026-09-28 11:00,6,25.3,7.46,1.16,950.7,19.25,4.95,0.174,0.13,1.636,,,2026-09-28 12:25:53
江苏省,淮河流域,富民桥,2026-09-28 11:00,4,24.86,7.66,3.73,1905.4,5.58,,0.012,0.093,1.082,,,2026-09-28 12:25:53
江苏省,淮河流域,龙冈凤凰桥,2026-09-28 11:00,5,25.34,7.31,2.41,602.62,24.28,4.16,0.266,0.114,1.482,,,2026-09-28 12:25:53
江苏省,淮河流域,六垛闸,2026-09-28 11:00,6,24.955,7.23,1.21,835.45,11.5,5.7,0.118,0.139,1.438,,,2026-09-28 12:25:53
江苏省,淮河流域,泰东大桥,2026-09-28 11:00,4,24.98,7.6,4.17,361.23,10.38,2.56,0.071,0.092,1.578,,,2026-09-28 12:25:53
江苏省,淮河流域,城北大桥,2026-09-28 11:00,5,24.99,7.31,2.03,773.36,14.12,6.22,0.288,0.168,1.42,,,2026-09-28 12:25:53
江苏省,淮河流域,草堰大桥,2026-09-28 11:00,4,25.556,7.44,3.31,534.852,49.044,3.57,0.232,0.131,2.088,,,2026-09-28 12:25:53
江苏省,淮河流域,射阳河闸,2026-09-28 11:00,4,25,7.36,4.08,809.83,26.87,5.43,0.036,0.111,1.334,,,2026-09-28 12:25:53
江苏省,淮河流域,黄沙港闸,2026-09-28 11:00,5,25.1,7.4,2.66,827.68,24.88,6.04,0.313,,1.485,,,2026-09-28 12:25:53
江苏省,淮河流域,斗龙港闸,2026-09-28 11:00,6,23.926,7.25,0.85,857.083,25.538,4.4,0.088,0.12,1.733,,,2026-09-28 12:25:53
江苏省,淮河流域,川东闸,2026-09-28 11:00,4,25.16,7.21,3.67,861.03,22.84,3.44,0.097,0.2,1.987,,,2026-09-28 12:25:53
江苏省,淮河流域,头罾闸,2026-09-28 11:00,5,25.18,7.87,2.64,737.45,21.37,3.77,0.043,0.098,1.38,,,2026-09-28 12:25:53
江苏省,淮河流域,王港闸,2026-09-28 11:00,5,24.72,7.4,2.11,1707.55,17.9,4.01,0.36,0.212,1.739,,,2026-09-28 12:25:53
江苏省,长江流域,三江营,2026-09-28 11:00,2,25.84,7.69,6.11,290.9,47.9,2.01,,0.071,1.392,,,2026-09-28 12:25:53
江苏省,淮河流域,槐泗河口,2026-09-28 11:00,3,25.48,7.68,5.67,428.3,46.57,3.18,0.119,0.098,2.033,,,2026-09-28 12:25:53
江苏省,淮河流域,大运河船闸,2026-09-28 11:00,2,25.46,7.67,6.11,281.4,85.6,2.16,0.02,0.088,2.057,,,2026-09-28 12:25:53
江苏省,淮河流域,三垛西大桥,2026-09-28 11:00,-1,,,,,,,,,,,,2026-09-28 12:25:53
江苏省,淮河流域,江都西闸,2026-09-28 11:00,3,25.35,7.46,5.75,325.79,72.62,2.47,,0.088,1.512,,,2026-09-28 12:25:53
江苏省,长江流域,冻青桥,2026-09-28 11:00,6,24.52,7.24,1.69,338.2,22.59,4.24,2.051,0.255,3.502,,,2026-09-28 12:25:53
江苏省,长江流域,小河口上游,2026-09-28 11:00,3,25.96,7.54,5.38,335.4,59.3,2,0.078,0.077,1.656,,,2026-09-28 12:25:53
江苏省,淮河流域,曹庄桥,2026-09-28 11:00,5,24.26,7.1,2.49,361.6,18.01,4.49,0.219,0.191,1.584,,,2026-09-28 12:25:53
江苏省,太湖流域,辛丰镇,2026-09-28 11:00,4,24.55,7.11,4.18,321.6,52.17,6.23,0.555,0.237,3.019,,,2026-09-28 12:25:53
江苏省,太湖流域,林家闸,2026-09-28 11:00,3,25.76,7.68,6.18,297,16.71,2.53,,0.105,1.8512,,,2026-09-28 12:25:53
江苏省,长江流域,新河桥,2026-09-28 11:00,6,25.03,7.16,1.45,331.2,6.98,2.81,1.032,0.152,3.173,,,2026-09-28 12:25:53
江苏省,太湖流域,新港桥,2026-09-28 11:00,3,23.79,7.2,6.22,298.6,29.9,4.86,0.329,0.167,2.463,,,2026-09-28 12:25:53
江苏省,太湖流域,吕城,2026-09-28 11:00,5,24.69,7.16,2.99,316.41,27.35,5.98,0.244,0.277,2.467,,,2026-09-28 12:25:53
江苏省,淮河流域,海陵大桥,2026-09-28 11:00,2,25.92,7.82,6.49,288.5,16.67,1.38,0.006,0.057,1.441,,,2026-09-28 12:25:53
江苏省,长江流域,马甸闸西,2026-09-28 11:00,5,24.08,7.35,3.4,424.5,32.99,4.44,0.884,0.31,2.439,,,2026-09-28 12:25:53
江苏省,长江流域,祥和大桥,2026-09-28 11:00,5,25.08,7.31,2.15,474.6,14.07,2.79,1.097,0.182,2.492,,,2026-09-28 12:25:53
江苏省,长江流域,新十圩港大桥,2026-09-28 11:00,4,25.71,7.5,3.38,333.2,69.93,2.71,0.246,0.113,2.113,,,2026-09-28 12:25:53
江苏省,淮河流域,马陵翻水站,2026-09-28 11:00,2,24.66,7.99,6.24,551.48,46.52,3.64,0.059,0.06,0.889,,,2026-09-28 12:25:53
江苏省,淮河流域,临淮乡入湖口,2026-09-28 11:00,4,25.26,7.63,5.58,752.5,11.89,6.43,0.106,0.068,1.14,,,2026-09-28 12:25:53
江苏省,淮河流域,砖瓦厂,2026-09-28 11:00,5,24.61,8.09,2.83,805.5,24.04,4.59,0.157,0.16,0.86,,,2026-09-28 12:25:53
江苏省,淮河流域,顾勒大桥,2026-09-28 11:00,4,25.19,7.7,3.92,712.38,26.48,4.18,0.134,0.103,0.756,,,2026-09-28 12:25:53
江苏省,淮河流域,团结闸,2026-09-28 11:00,4,24.08,8.57,6.2,1373.9,9.75,6.57,0.16,,1.166,,,2026-09-28 12:25:53
江苏省,淮河流域,大屈,2026-09-28 11:00,3,23.7,7.71,5.36,872.1,13.5,5.79,0.204,0.103,1.322,,,2026-09-28 12:25:53
浙江省,浙闽片河流,小金山,2026-09-28 11:00,2,29.2,,11.41,144.672,3.256,2.31,0.007,0.016,0.5715,,,2026-09-28 12:25:53
浙江省,浙闽片河流,三潭岛,2026-09-28 11:00,1,29.13,,9.22,123.863,2.264,1.38,0.002,0.008,0.4496,,,2026-09-28 12:25:53
浙江省,浙闽片河流,千岛湖大坝前,2026-09-28 11:00,1,30.11,,9.3,130.684,1.886,1.57,0.012,0.009,0.6481,,,2026-09-28 12:25:53
浙江省,太湖流域,汪家埠,2026-09-28 11:00,3,27.37,7.42,5.67,276.9,9.14,2.99,0.149,0.051,2.161,,,2026-09-28 12:25:53
浙江省,太湖流域,奉口,2026-09-28 11:00,4,27.81,7.02,4.2,205.4,34.68,3.47,0.248,0.082,2.017,,,2026-09-28 12:25:53
浙江省,浙闽片河流,桐君山,2026-09-28 11:00,2,27.82,7.47,7.37,186.6,9.35,2.01,0.018,0.054,1.38,,,2026-09-28 12:25:53
浙江省,浙闽片河流,洋溪渡,2026-09-28 11:00,1,19.73,7.21,7.72,155.147,5.693,1.17,0.004,0.01,0.8359,,,2026-09-28 12:25:53
浙江省,浙闽片河流,浦阳江出口,2026-09-28 11:00,2,28.24,7.72,6.41,202.6,17.49,1.73,0.04,0.059,1.679,,,2026-09-28 12:25:53
浙江省,太湖流域,五杭运河大桥,2026-09-28 11:00,4,28.58,7.2,4.05,342.3,17.58,2.88,0.37,0.083,2.428,,,2026-09-28 12:25:53
浙江省,浙闽片河流,桐庐,2026-09-28 11:00,2,26.41,7.44,7.29,194.6,13.3,1.45,0.011,0.045,1.344,,,2026-09-28 12:25:53
浙江省,浙闽片河流,溪口,2026-09-28 11:00,2,26.4,6.5,6.98,107.54,7.72,1.53,0.014,0.036,2.176,,,2026-09-28 12:25:53
浙江省,浙闽片河流,清林渡,2026-09-28 11:00,3,29.02,7.33,6.23,320.78,28.404,3.59,0.029,0.101,1.784,,,2026-09-28 12:25:53
浙江省,浙闽片河流,水车,2026-09-28 11:00,2,29.5,8.11,9.16,3386.65,25.096,3.47,0.438,0.08,1.636,,,2026-09-28 12:25:53
浙江省,浙闽片河流,大嵩,2026-09-28 11:00,2,29.84,7.32,6.25,503.26,7.69,2.36,0.027,0.07,1.204,,,2026-09-28 12:25:53
浙江省,浙闽片河流,北湖中心,2026-09-28 11:00,3,29.32,6.5,6.08,96.12,19.75,2.72,0.024,0.036,0.696,0.01798,287785.6,2026-09-28 12:25:53
浙江省,浙闽片河流,长汀,2026-09-28 11:00,3,36.01,7.4,5.1,133.03,5.83,1.83,0.027,0.033,1.207,,,2026-09-28 12:25:53
浙江省,浙闽片河流,菁江渡,2026-09-28 11:00,3,29.43,7.12,5.61,155.72,26.41,2.3,0.101,0.071,1.652,,,2026-09-28 12:25:53
浙江省,浙闽片河流,梁桥,2026-09-28 12:00,2,27.2,6.77,6.67,98.85,1.99,1.1,0.054,0.057,1.837,,,2026-09-28 12:25:53
浙江省,浙闽片河流,四灶浦闸,2026-09-28 11:00,2,27.82,8.58,8.02,4130.55,82.07,3.49,0.011,0.046,0.855,,,2026-09-28 12:25:53
浙江省,浙闽片河流,赵山渡,2026-09-28 11:00,1,27,7.24,8.38,41.21,4.61,1.08,0.003,0.007,0.449,,,2026-09-28 12:25:53
浙江省,浙闽片河流,小旦,2026-09-28 11:00,2,27.78,7.17,6.58,76.1,24.96,1.5,0.029,0.074,0.88,,,2026-09-28 12:25:53
浙江省,浙闽片河流,龙湾,2026-09-28 11:00,2,29.31,7.94,6.66,38600,49.47,1.35,0.099,0.062,1.361,,,2026-09-28 12:25:53
浙江省,浙闽片河流,大荆,2026-09-28 11:00,1,29.86,7.11,7.71,355.8,5.45,1.18,0.013,0.014,0.651,,,2026-09-28 12:25:53
浙江省,浙闽片河流,蒲岐,2026-09-28 11:00,2,31.17,7.81,8.85,247.7,13.68,2.5,0.042,0.051,1.159,,,2026-09-28 12:25:53
浙江省,浙闽片河流,沙头,2026-09-28 11:00,1,29.73,7.29,8.05,51.46,0.7,0.77,,0.009,0.591,,,2026-09-28 12:25:53
浙江省,浙闽片河流,清水埠,2026-09-28 11:00,3,28.08,8.1,5.07,5779.08,1860.86,1.31,0.006,0.05,1.31,,,2026-09-28 12:25:53
浙江省,浙闽片河流,江口渡,2026-09-28 11:00,2,28.98,7.96,6.54,37410,813.7,1.32,0.13,0.083,2.153,,,2026-09-28 12:25:53
浙江省,浙闽片河流,第三农业站,2026-09-28 11:00,2,27.69,7.97,6.53,33614.3,195.98,1.17,0.014,0.055,,,,2026-09-28 12:25:53
浙江省,太湖流域,王江泾,2026-09-28 11:00,5,28,6.84,2.38,430.22,32.74,3.23,0.08,0.069,2.226,,,2026-09-28 12:25:53
浙江省,太湖流域,湘家荡,2026-09-28 11:00,3,27.68,8.07,5.82,466.8,29.48,2.82,0.026,0.114,0.405,,,2026-09-28 12:25:53
浙江省,太湖流域,池家浜水文站,2026-09-28 11:00,4,28.327,7.08,3.73,406.65,25.0598,2.59,0.064,0.078,1.469,,,2026-09-28 12:25:53
浙江省,太湖流域,长山闸一号桥,2026-09-28 11:00,2,28.6702,7.54,6.32,409.9,25.7649,3.71,0.007,0.079,2.184,,,2026-09-28 12:25:53
浙江省,太湖流域,南台头闸一号桥,2026-09-28 11:00,3,28.74,7.7,5.79,461.3,28.92,3.22,0.023,0.103,2.328,,,2026-09-28 12:25:53
浙江省,太湖流域,上塘河排涝闸,2026-09-28 11:00,4,27.59,7.6,4.28,431.9,11.7,3.1,0.021,0.048,1.643,,,2026-09-28 12:25:53
浙江省,太湖流域,盐官排涝枢纽,2026-09-28 11:00,2,28.28,8.36,8.25,427.4,18.03,3.22,0.013,0.085,2.3,,,2026-09-28 12:25:53
浙江省,太湖流域,卫八路桥,2026-09-28 11:00,4,28.11,7.44,4.08,473.94,58.479,3.22,0.091,0.112,1.712,,,2026-09-28 12:25:53
浙江省,太湖流域,漕廊公路桥,2026-09-28 11:00,5,27.67183,7.25,2.37,469.6549,24.23719,3.71,0.117,0.121,1.63943,,,2026-09-28 12:25:53
浙江省,太湖流域,朱枫公路桥,2026-09-28 11:00,4,27.57,7.07,3.8,467.97,81.02,3.09,0.057,0.068,1.658,,,2026-09-28 12:25:53
浙江省,太湖流域,红旗塘大坝,2026-09-28 11:00,4,27.85,7.33,4.74,421.3,63.32,3.45,0.013,0.078,1.896,,,2026-09-28 12:25:53
浙江省,太湖流域,枫南大桥,2026-09-28 11:00,5,28.0145,7.33,2.99,422.11,38.5923,3.58,0.072,0.122,1.691,,,2026-09-28 12:25:53
浙江省,太湖流域,青阳汇,2026-09-28 11:00,4,27.58,7.3,3.55,406.5,89.15,3.97,0.014,0.15,2.041,,,2026-09-28 12:25:53
浙江省,太湖流域,小新村,2026-09-28 11:00,4,27.11,7.29,3.51,428.3,62.84,4.22,0.035,0.129,2.126,,,2026-09-28 12:25:53
浙江省,太湖流域,乌镇北,2026-09-28 11:00,5,27.26,7.04,2.69,331.2,53.69,3.51,0.015,0.077,2.177,,,2026-09-28 12:25:53
浙江省,太湖流域,新港口,2026-09-28 11:00,2,27.66,8.45,7.47,283.81,74.52,2.82,0.096,0.054,1.669,0.07012,,2026-09-28 12:25:53
浙江省,太湖流域,大钱,2026-09-28 11:00,3,27.31,8.75,7.4,286.7182,80.4036,4.32,0.108,0.073,1.26872,,,2026-09-28 12:25:53
浙江省,太湖流域,南浔,2026-09-28 11:00,4,27.82,7.43,4.95,337.5,30.9,3.47,0.162,0.083,2.057,,,2026-09-28 12:25:53
浙江省,太湖流域,城西大桥,2026-09-28 11:00,4,27.66,7.2,3.58,243.82,28.45,,0.028,0.064,2.092,,,2026-09-28 12:25:53
浙江省,太湖流域,汤溇,2026-09-28 11:00,2,27.51,8.67,6.67,308.4465,40.8038,3.38,0.054,0.048,0.8519,,,2026-09-28 12:25:53
浙江省,太湖流域,塘浦,2026-09-28 11:00,3,26.62,6.53,5.92,124.24,28.83,2.86,0.168,,1.673,,,2026-09-28 12:25:53
浙江省,太湖流域,荆湾,2026-09-28 11:00,3,27.9,6.5,5.7,185.06,7.97,1.98,0.057,0.03,1.446,,,2026-09-28 12:25:53
浙江省,太湖流域,铁路桥,2026-09-28 11:00,4,27.68,6.51,3.8,211.11,7.89,2.49,0.049,0.044,1.885,,,2026-09-28 12:25:53
浙江省,太湖流域,小梅口,2026-09-28 11:00,3,27.6,7.55,5.88,289.3,38.56,3.08,0.052,0.05,1.577,,,2026-09-28 12:25:53
浙江省,太湖流域,杨家浦,2026-09-28 12:00,4,27.18113,7.71,4.5,333.6616,37.46212,3.39,0.074,0.09,1.712401,,,2026-09-28 12:25:53
浙江省,太湖流域,新塘,2026-09-28 11:00,4,27.19,7.22,3.69,329.1,37.34,5.17,0.501,0.167,2.393,,,2026-09-28 12:25:53
浙江省,太湖流域,合溪,2026-09-28 11:00,4,27.33,7.19,3.81,323.6,31.25,3.01,0.302,0.033,1.661,,,2026-09-28 12:25:53
浙江省,浙闽片河流,曹娥江大闸闸前,2026-09-28 11:00,4,28.099,7.96,9.1,228.51,9.727,3.32,0.105,0.261,1.7,,,2026-09-28 12:25:53
浙江省,浙闽片河流,屠家埠,2026-09-28 11:00,2,29.923,7.14,6.3,155.779,12.127,1.81,0.159,0.058,1.741,,,2026-09-28 12:25:53
浙江省,浙闽片河流,葛山头,2026-09-28 11:00,4,28.74,7,3.88,186.73,14.79,3.29,0.141,0.069,1.932,,,2026-09-28 12:25:53
浙江省,浙闽片河流,湄池,2026-09-28 11:00,3,29.78,7.38,5.4,533.33,26.24,3.62,0.148,0.114,2.606,,,2026-09-28 12:25:53
浙江省,浙闽片河流,王家泾,2026-09-28 11:00,5,29.67,6.66,2.01,209.6,9.7,5.67,0.123,0.08,,,,2026-09-28 12:25:53
浙江省,浙闽片河流,汤曹汇合口,2026-09-28 11:00,2,29.38,7.57,7.59,242.86,18.43,2.39,0.035,0.028,,,,2026-09-28 12:25:53
浙江省,浙闽片河流,义东桥,2026-09-28 11:00,3,29.425,7.38,6.28,569.277,11.631,3.93,0.087,0.126,2.985,,,2026-09-28 12:25:53
浙江省,浙闽片河流,塔下洲,2026-09-28 11:00,3,30.27,8.66,10.15,514.322,7.921,5.53,0.084,0.081,2.5094,,,2026-09-28 12:25:53
浙江省,浙闽片河流,东关桥,2026-09-28 11:00,3,32.416,7.93,6.9,727.204,8.051,4.16,0.05,0.149,2.865,,,2026-09-28 12:25:53
浙江省,浙闽片河流,费垅,2026-09-28 11:00,3,30.39,7.78,8.04,550.964,9.913,3.49,0.262,0.111,2.746,,,2026-09-28 12:25:53
浙江省,浙闽片河流,台口,2026-09-28 11:00,2,29.44,8.52,7.91,260.051,16.265,2.22,0.045,0.063,1.5696,,,2026-09-28 12:25:53
浙江省,浙闽片河流,南江桥,2026-09-28 12:00,3,30.93,8.6,7.6,463.518,2.851,3.85,0.073,0.103,1.8573,,,2026-09-28 12:25:53
浙江省,浙闽片河流,横山,2026-09-28 12:00,2,30,7.81,8.07,293.832,1.787,1.98,0.027,0.031,1.1583,,,2026-09-28 12:25:53
浙江省,浙闽片河流,洪坞桥,2026-09-28 11:00,2,31.4,8.72,9.86,513.4,5.15,3.03,0.066,0.099,2.619,,,2026-09-28 12:25:53
浙江省,浙闽片河流,章店,2026-09-28 12:00,4,31.33,8.51,9.76,318.77,9.89,5.64,0.924,0.218,3.2194,,,2026-09-28 12:25:53
浙江省,浙闽片河流,将军岩,2026-09-28 11:00,3,30.503,7.34,8.84,347.6,3.6,4.85,0.009,0.081,1.53,,,2026-09-28 12:25:53
浙江省,浙闽片河流,浮石渡,2026-09-28 11:00,2,30.53,7.67,7.05,253.84,1.15,1.72,0.073,0.045,1.319,,,2026-09-28 12:25:53
浙江省,浙闽片河流,双港口,2026-09-28 11:00,3,29.71,7.13,5.83,191.83,2.9,2.24,0.132,0.069,1.241,,,2026-09-28 12:25:53
浙江省,浙闽片河流,郑家,2026-09-28 11:00,1,27.01,6.35,7.55,84.63,14.03,0.92,0.008,0.012,0.919,,,2026-09-28 12:25:53
浙江省,浙闽片河流,下界首,2026-09-28 11:00,1,30.46,7.98,8.21,218.123,7.39,1.67,0.021,0.02,0.54,,,2026-09-28 12:25:53
浙江省,浙闽片河流,下童,2026-09-28 11:00,2,28.26,7.23,6.48,316.67,13.77,2.1,0.056,0.031,1.282,,,2026-09-28 12:25:53
浙江省,浙闽片河流,东迹渡,2026-09-28 11:00,2,23.98,6.58,7.21,37.07,3.88,1.04,0.013,0.009,0.827,,,2026-09-28 12:25:53
浙江省,长江流域,苏庄,2026-09-28 11:00,2,28.58004,7.25,7,77.86621,1.83454,2.16,,0.018,0.25385,,,2026-09-28 12:25:53
浙江省,浙闽片河流,临城,2026-09-28 11:00,2,29.17,7.93,7.47,2831,7.23,3.57,0.068,0.044,0.883,,,2026-09-28 12:25:53
浙江省,浙闽片河流,长潭水库坝口,2026-09-28 11:00,2,29.346,,10.53,47.009,3.664,1.82,0.005,0.014,0.243,,,2026-09-28 12:25:53
浙江省,浙闽片河流,金清新闸,2026-09-28 12:00,4,28.54,7.54,4.81,1492.696,70.389,3.28,0.095,0.143,2.5817,,,2026-09-28 12:25:53
浙江省,浙闽片河流,里石门水库,2026-09-28 11:00,2,30.39,,10.35,67.014,2.008,3.01,0.017,0.011,0.2621,0.00183,673355.1,2026-09-28 12:25:53
浙江省,浙闽片河流,温峤,2026-09-28 11:00,6,29.593,9.38,18.4,568.57,15.294,3.29,0.014,0.052,0.967,,,2026-09-28 12:25:53
浙江省,浙闽片河流,永宁江口,2026-09-28 11:00,2,29.37,8.06,8.68,88.843,52.87,1.77,0.018,0.058,0.7178,,,2026-09-28 12:25:53
浙江省,浙闽片河流,沙段,2026-09-28 11:00,2,29.61,7.29,7.12,171.688,4.665,2.89,0.02,0.033,1.2157,,,2026-09-28 12:25:53
浙江省,浙闽片河流,柏枝岙,2026-09-28 11:00,2,29.829,7.28,8.29,182.072,15.239,1.24,0.023,0.043,1.363,,,2026-09-28 12:25:53
浙江省,浙闽片河流,均溪,2026-09-28 11:00,2,27.02,6.44,6.63,44.42,4.2,1.34,0.031,0.012,0.585,,,2026-09-28 12:25:53
浙江省,浙闽片河流,风化,2026-09-28 11:00,2,29.21,7.3,8.06,94.75,5.99,1.26,0.019,0.026,0.836,,,2026-09-28 12:25:53
浙江省,浙闽片河流,堰后,2026-09-28 11:00,2,29.79,7.24,7.72,190,3.09,1.52,0.043,0.031,2.004,,,2026-09-28 12:25:53
浙江省,浙闽片河流,沙湾上,2026-09-28 12:00,1,25.14,7.64,8.37,33.803,0.778,0.9,0.07,0.011,0.201,,,2026-09-28 12:25:53
浙江省,浙闽片河流,小溪口,2026-09-28 11:00,2,25.07,6.74,6.01,34.785,8.318,1.37,,0.011,0.4662,,,2026-09-28 12:25:53
安徽省,巢湖流域,三胜大队渡口,2026-09-28 11:00,3,25.87,8.31,6.31,313.17,25.0775,5.76,0.075,0.108,0.6793,,,2026-09-28 12:25:53
安徽省,巢湖流域,兆河入湖口渡口,2026-09-28 11:00,4,25.96,7.26,4.69,311.422,12.0413,4.43,0.105,0.041,0.9029,,,2026-09-28 12:25:53
安徽省,巢湖流域,牛角大圩,2026-09-28 11:00,4,25.64,7.34,3.63,255.4,87.5626,4.11,,0.112,2.422,,,2026-09-28 12:25:53
安徽省,巢湖流域,北闸渡口,2026-09-28 11:00,4,24.977,6.59,4.35,194.006,19.71,5.25,0.16,0.085,1.626,,,2026-09-28 12:25:53
安徽省,巢湖流域,希望桥,2026-09-28 11:00,6,25,7.07,1.82,308.1,12.9,3.63,1.903,,6.723,,,2026-09-28 12:25:53
安徽省,巢湖流域,石堆渡口,2026-09-28 11:00,4,25.35,6.76,3.78,213.4357,40.1041,3.36,0.1,0.088,1.4837,,,2026-09-28 12:25:53
安徽省,巢湖流域,柘皋大桥,2026-09-28 11:00,5,25.26,7.17,2.72,392.698,28.0468,5.94,0.25,0.091,0.8971,,,2026-09-28 12:25:53
安徽省,巢湖流域,湖滨,2026-09-28 12:00,4,25.08,8.47,6.47,283.59,26.97,3.94,,0.097,0.924,0.00247,7808267,2026-09-28 12:25:53
安徽省,巢湖流域,黄麓,2026-09-28 12:00,4,26.74,,7.04,292.36,27.696,5.62,,0.071,0.419,0.00872,1.001728,2026-09-28 12:25:53
安徽省,巢湖流域,三河镇大桥,2026-09-28 11:00,4,24.18,7.1,4.5,246.8,43.91,4.96,0.172,0.134,,,,2026-09-28 12:25:53
安徽省,巢湖流域,三河镇新大桥,2026-09-28 11:00,4,25.29,6.87,4.82,157.7,14.26,4.06,0.15,0.081,1.764,,,2026-09-28 12:25:53
安徽省,巢湖流域,施口,2026-09-28 11:00,5,25.76,7.11,2.35,690.9183,35.2913,4.83,0.893,0.145,6.243,,,2026-09-28 12:25:53
安徽省,巢湖流域,靠近大坝,2026-09-28 12:00,2,25.06,7.61,6.69,122.67,5.37,,0.025,0.019,0.41,0.01289,7714500,2026-09-28 12:25:53
安徽省,巢湖流域,新河入湖区,2026-09-28 12:00,4,25.53,7.1,5.43,198.73,26.32,,,0.064,0.573,0.00357,2.461174,2026-09-28 12:25:53
安徽省,巢湖流域,西半湖湖心,2026-09-28 12:00,4,24.84,8.39,6.71,346.12,24.26,3.85,0.0004,0.089,0.892,0.0018,5475059,2026-09-28 12:25:53
安徽省,巢湖流域,龟山,2026-09-28 12:00,3,24.72,8.89,7.94,309.43,21.54,4.7,,,0.534,0.00774,2.131501,2026-09-28 12:25:53
安徽省,巢湖流域,东半湖湖心,2026-09-28 12:00,4,25.178,,7.98,285.676,16.071,5.24,,0.054,0.664,0.00367,2.684509,2026-09-28 12:25:53
安徽省,巢湖流域,忠庙,2026-09-28 12:00,4,25,8.8,7.01,281.28,30.17,5.73,0.003,0.098,0.559,0.01255,5227884,2026-09-28 12:25:53
安徽省,巢湖流域,兆河入湖区,2026-09-28 12:00,4,25.12,8.64,7.51,296.38,29.26,5.48,,0.082,,0.00298,6428016,2026-09-28 12:25:53
安徽省,巢湖流域,双桥河入湖口,2026-09-28 11:00,5,25.98,7.42,2.46,365.8335,26.3256,4.33,0.161,0.086,0.6643,,,2026-09-28 12:25:53
安徽省,巢湖流域,繁华大道桥,2026-09-28 11:00,5,25.03,7.05,2.54,553.0104,22.6813,5.46,1.142,,4.025,,,2026-09-28 12:25:53
安徽省,长江流域,东西梁山,2026-09-28 11:00,2,26.79,7.83,6.26,305.2451,22.6105,1.42,0.064,0.064,1.8886,,,2026-09-28 12:25:53
安徽省,长江流域,宝塔根,2026-09-28 11:00,2,26.83,7.28,6.65,144.4122,27.0363,,0.074,0.031,0.9695,,,2026-09-28 12:25:53
安徽省,巢湖流域,裕溪口,2026-09-28 11:00,3,25.87,7.42,5.32,323.7247,78.9375,3.92,0.204,0.085,1.4236,,,2026-09-28 12:25:53
安徽省,长江流域,荻港,2026-09-28 11:00,4,26.24,7.48,4.13,509,47.3747,3.85,0.119,0.069,1.5025,,,2026-09-28 12:25:53
安徽省,长江流域,澛港桥,2026-09-28 11:00,4,26.47,7.17,4.72,295.6155,13.9223,2.83,0.041,0.059,2.907,,,2026-09-28 12:25:53
安徽省,长江流域,西河入裕溪河口,2026-09-28 11:00,4,26.59,7.05,3.61,305.62,32.7183,3.15,0.12,0.058,1.3903,,,2026-09-28 12:25:53
安徽省,淮河流域,沫河口,2026-09-28 11:00,3,24.91,7.77,6.16,664.634,25.36,4.16,0.084,0.185,2.867,,,2026-09-28 12:25:53
安徽省,淮河流域,关咀,2026-09-28 11:00,5,24.20847,7.56,2.13,943.0739,9.77404,5.17,0.076,0.138,0.64366,,,2026-09-28 12:25:53
安徽省,淮河流域,五河,2026-09-28 11:00,5,22.96,7.72,2.25,979.0063,23.33109,4.39,0.065,0.11,2.30043,,,2026-09-28 12:25:53
安徽省,淮河流域,蚌埠固镇,2026-09-28 11:00,4,24.515,7.74,4.05,1213.253,23.61,4.06,0.099,0.128,,,,2026-09-28 12:25:53
安徽省,淮河流域,蚌埠闸上,2026-09-28 11:00,3,24.14,7.63,5.07,584.82,23.73,3.42,0.072,0.154,2.367,,,2026-09-28 12:25:53
安徽省,淮河流域,湖沟,2026-09-28 11:00,6,24.17022,7.8,1.14,1291.447,24.49605,3.72,0.077,0.082,3.13596,,,2026-09-28 12:25:53
安徽省,淮河流域,石头埠,2026-09-28 11:00,3,24.75,7.65,5.19,603.3008,36.04782,3.4,0.07,0.104,3.13864,,,2026-09-28 12:25:53
安徽省,淮河流域,鲁台孜,2026-09-28 11:00,3,24.39,7.56,5.89,595.7001,47.5288,3.16,0.042,0.098,3.01778,,,2026-09-28 12:25:53
安徽省,淮河流域,西淝河闸下,2026-09-28 11:00,4,24.33499,7.41,3.44,806.2686,21.1043,5.08,0.097,0.083,1.70277,,,2026-09-28 12:25:53
安徽省,淮河流域,新城口,2026-09-28 11:00,4,24.51964,7.66,3.93,561.615,28.26698,3.11,0.003,0.106,3.42562,,,2026-09-28 12:25:53
安徽省,淮河流域,焦岗湖,2026-09-28 12:00,4,23.43,7.58,4.56,661.16,130.18,3.88,0.018,0.035,0.835,0.00469,5783131,2026-09-28 12:25:53
安徽省,淮河流域,大店岗,2026-09-28 11:00,2,24.35,7,6.2,176.009,45.84141,3.07,0.058,0.075,2.88071,,,2026-09-28 12:25:53
安徽省,淮河流域,五里闸,2026-09-28 11:00,4,23.55,7.03,4.07,262.0363,55.39297,3.85,0.056,0.055,1.06446,,,2026-09-28 12:25:53
安徽省,淮河流域,白洋淀渡口,2026-09-28 11:00,4,19.97079,6.66,4.18,214.2488,102.8646,7.13,0.152,0.191,3.55555,,,2026-09-28 12:25:53
安徽省,长江流域,三兴村,2026-09-28 11:00,3,26.16,7.6,5.85,329.7712,14.78169,2.63,0.04,0.05,1.91,,,2026-09-28 12:25:53
安徽省,长江流域,得胜河入江口,2026-09-28 11:00,3,25.3665,7.62,5.47,406.2,21.8648,4.15,0.194,0.184,2.1119,,,2026-09-28 12:25:53
安徽省,长江流域,姑溪河大桥,2026-09-28 11:00,3,26.48,7.19,5.62,250.76,32.3673,5.65,0.105,0.078,,,,2026-09-28 12:25:53
安徽省,长江流域,当涂查湾,2026-09-28 11:00,2,27.1,7.3,7.95,216.117,30.7456,2.67,,0.041,1.621,,,2026-09-28 12:25:53
安徽省,长江流域,乌江,2026-09-28 11:00,2,25.3241,7.76,6.04,341.1676,40.32439,2.27,0.021,0.053,1.424775,,,2026-09-28 12:25:53
安徽省,长江流域,雨山河下游,2026-09-28 11:00,4,25.756,7.27,3.52,640.58,14.5814,,1.395,0.197,6.632,,,2026-09-28 12:25:53
安徽省,淮河流域,小王桥,2026-09-28 11:00,6,24.71,7.42,0.16,1338.54,8.62,4.26,0.317,0.098,1.264,,,2026-09-28 12:25:53
安徽省,淮河流域,后常桥,2026-09-28 11:00,3,24.61489,8.49,5.73,1119.023,2.98179,5.36,0.035,0.099,,,,2026-09-28 12:25:53
安徽省,淮河流域,李大桥闸,2026-09-28 11:00,6,23.42,7.8,1.31,1386.42,6.796,9.71,0.175,0.07,0.7826,,,2026-09-28 12:25:53
安徽省,长江流域,顺安河入江口,2026-09-28 11:00,2,25.90379,7.53,8.97,363.0599,26.91454,1.65,0.018,0.047,2.00715,,,2026-09-28 12:25:53
安徽省,长江流域,陈家墩,2026-09-28 11:00,2,26.46,7.77,7.29,312.9196,31.6345,1.65,0.047,0.056,2.32046,,,2026-09-28 12:25:53
安徽省,长江流域,枞阳大闸,2026-09-28 11:00,2,26.28,7.49,6.56,165.1328,36.94289,,,,,,,2026-09-28 12:25:53
安徽省,长江流域,武昌湖,2026-09-28 11:00,3,28.39,7.35,5.34,205.929,8.68007,2.98,0.009,0.031,0.7703,0.00687,4069048,2026-09-28 12:25:53
安徽省,长江流域,前江口,2026-09-28 11:00,2,27.27298,7.53,6.64,319.6184,27.02306,,0.062,0.058,2.91997,,,2026-09-28 12:25:53
安徽省,长江流域,花亭湖坝前,2026-09-28 11:00,2,27.64,8.16,7.78,82.49337,1.85576,2.21,0.007,0.013,0.40337,0.00338,569916.3,2026-09-28 12:25:53
安徽省,长江流域,华阳河入江口,2026-09-28 11:00,2,29.08,8.63,11.64,317.2398,11.42703,3.13,0.007,0.041,1.15074,,,2026-09-28 12:25:53
安徽省,长江流域,水厂取水口,2026-09-28 11:00,6,26.83232,9.16,9.66,127.9234,4.84224,1.97,0.008,0.025,0.64555,,,2026-09-28 12:25:53
安徽省,长江流域,车轴寺大桥,2026-09-28 11:00,2,27.08,8.51,8.7,125.2632,3.49897,2.19,0.007,0.031,0.6614,,,2026-09-28 12:25:53
安徽省,浙闽片河流,篁墩,2026-09-28 11:00,6,31.86651,9.19,11.83,201.5445,10.26719,2.31,0.067,0.049,,,,2026-09-28 12:25:53
安徽省,浙闽片河流,率水大桥,2026-09-28 11:00,2,30.69166,7.5,8.48,86.26383,5.88704,1.78,0.054,0.028,0.70064,,,2026-09-28 12:25:53
安徽省,浙闽片河流,横江大桥,2026-09-28 11:00,2,31.46587,8.94,12.32,302.6035,43.68992,,0.002,0.027,0.40789,,,2026-09-28 12:25:53
安徽省,长江流域,太平湖湖心,2026-09-28 12:00,2,29.13,,9.54,100.23,3.62,2.41,0.048,0.01,0.406,0.0013,1387214,2026-09-28 12:25:53
安徽省,浙闽片河流,新管,2026-09-28 11:00,2,33.48577,8.53,9.94,283.797,3.92626,3.08,0.01,0.039,0.92584,,,2026-09-28 12:25:53
安徽省,淮河流域,天长化工厂,2026-09-28 11:00,5,23.7,7.03,2.32,422.9984,34.91,5.75,0.303,0.183,2.3128,,,2026-09-28 12:25:53
安徽省,淮河流域,公路桥,2026-09-28 11:00,3,24.38,7.12,5.3,435.036,31.4687,5.01,0.722,0.098,1.496,,,2026-09-28 12:25:53
安徽省,淮河流域,小柳巷,2026-09-28 11:00,3,24.83,7.48,6.26,589.86,46.423,3.44,0.248,0.139,2.901,,,2026-09-28 12:25:53
安徽省,长江流域,水口,2026-09-28 11:00,4,23.21,6.98,5.39,525.5937,66.3662,7.47,0.36,0.288,3.5718,,,2026-09-28 12:25:53
安徽省,长江流域,乌衣下,2026-09-28 11:00,5,24.91,7.06,2.75,510.41,26.48,3.73,1.145,0.156,2.683,,,2026-09-28 12:25:53
安徽省,长江流域,襄河大桥,2026-09-28 11:00,4,24.43,7.02,3.28,394.8162,67.2182,6.08,0.822,0.221,2.25,,,2026-09-28 12:25:53
安徽省,长江流域,清流河口,2026-09-28 11:00,4,24.29629,7.07,4.53,555.1793,63.79905,5.83,0.499,0.284,2.00715,,,2026-09-28 12:25:53
安徽省,淮河流域,阜阳段下,2026-09-28 11:00,2,24.02178,7.64,6.51,919.2825,30.935,3.92,0.103,0.098,5.10335,,,2026-09-28 12:25:53
安徽省,淮河流域,杨湖,2026-09-28 11:00,3,24.89553,7.76,6.96,872.5012,48.92997,2.98,0.112,0.135,4.83517,,,2026-09-28 12:25:53
安徽省,淮河流域,张大桥,2026-09-28 11:00,3,24.131,7.9,7.8,1470.72,30.53,3.55,0.103,0.122,9.968,,,2026-09-28 12:25:53
安徽省,淮河流域,王家坝,2026-09-28 11:00,3,23.757,7.79,6.97,490.2,9.826,3.15,0.127,0.126,3.303,,,2026-09-28 12:25:53
安徽省,淮河流域,界首七渡口,2026-09-28 11:00,3,23.19,7.58,7.92,847,23.34,2.75,0.688,0.139,5.385,,,2026-09-28 12:25:53
安徽省,淮河流域,阜南,2026-09-28 11:00,4,23.72,7.27,3.67,631.1015,3.24781,4.84,0.036,0.089,0.7295,,,2026-09-28 12:25:53
安徽省,淮河流域,阜阳段上游,2026-09-28 11:00,3,23.77248,7.72,5.75,902.6274,7.42552,2.83,0.024,0.096,5.56257,,,2026-09-28 12:25:53
安徽省,淮河流域,奎河苏皖省界,2026-09-28 11:00,4,24.19,7.64,4.18,1073.7,207,4.94,1,0.18,4.576,,,2026-09-28 12:25:53
安徽省,淮河流域,东坪集,2026-09-28 11:00,4,24.13,7.82,3.66,1304.397,33.45051,3.31,0.136,0.083,3.05919,,,2026-09-28 12:25:53
安徽省,淮河流域,符离闸,2026-09-28 11:00,4,23.71869,7.69,3.58,933.6483,31.01431,7.07,0.058,0.12,1.01723,,,2026-09-28 12:25:53
安徽省,淮河流域,芦岭桥,2026-09-28 11:00,5,24.26,7.85,2.65,1148.089,9.64,4.67,0.211,0.06,0.9504,,,2026-09-28 12:25:53
安徽省,淮河流域,工农兵大桥,2026-09-28 11:00,4,23.38693,7.28,4.04,354.2619,14.44228,4.31,0.135,0.062,1.361,,,2026-09-28 12:25:53
安徽省,淮河流域,陶洪集,2026-09-28 11:00,3,23.82375,7.14,6.39,103.1038,28.21004,4.19,0.101,0.078,2.07062,,,2026-09-28 12:25:53
安徽省,淮河流域,东湖闸,2026-09-28 11:00,3,23.29,7.45,7.6,208.898,101.93,2.9,0.06,0.111,1.31306,,,2026-09-28 12:25:53
安徽省,淮河流域,新安渡口,2026-09-28 11:00,2,24.53,7.3,7.28,175.5299,7.31741,3.06,0.059,0.039,1.91273,,,2026-09-28 12:25:53
安徽省,淮河流域,响洪甸水库出水口,2026-09-28 11:00,4,19.55,6.86,4.6,81.07764,1.95599,2.16,0.012,0.008,1.03525,,,2026-09-28 12:25:53
安徽省,淮河流域,丁埠大桥,2026-09-28 11:00,2,22.37485,7.33,8.88,115.3815,61.09651,3.74,0.001,0.071,1.863,,,2026-09-28 12:25:53
安徽省,巢湖流域,将军宕大桥,2026-09-28 11:00,3,24.54,6.61,5.11,153.288,38.654,4.65,0.104,0.126,1.885,,,2026-09-28 12:25:53
安徽省,淮河流域,固始李畈,2026-09-28 11:00,4,23.7,6.83,4.73,181.4873,3.75233,3.27,0.014,0.053,2.03388,,,2026-09-28 12:25:53
安徽省,淮河流域,龙亢,2026-09-28 10:00,5,24.42,7.54,2.29,1064.11,38.69,3.85,0.015,,,,,2026-09-28 12:25:53
安徽省,淮河流域,涡阳义门大桥,2026-09-28 11:00,4,24.51,7.51,3.42,1207.709,33.6324,5.76,0.257,0.137,2.7613,,,2026-09-28 12:25:53
安徽省,淮河流域,利辛段,2026-09-28 11:00,6,24.08,7.51,0.93,801.31,6.67,5.16,0.189,0.143,1.991,,,2026-09-28 12:25:53
安徽省,长江流域,五步沟,2026-09-28 11:00,2,26.79222,7.69,6.76,317.8943,18.91121,1.54,0.026,0.052,2.4057,,,2026-09-28 12:25:53
安徽省,长江流域,张溪,2026-09-28 11:00,2,28.24,7.67,7.4,267.8317,4.74654,1.1,0.013,0.013,0.59151,,,2026-09-28 12:25:53
安徽省,长江流域,青通河河口,2026-09-28 11:00,3,28.10086,7.45,5.51,249.5018,41.85642,3.42,0.067,0.068,2.04815,,,2026-09-28 12:25:53
安徽省,长江流域,秋浦河入江口,2026-09-28 11:00,3,27.1531,7.62,5.13,261.6288,23.1933,1.45,0.024,0.037,1.32786,,,2026-09-28 12:25:53
安徽省,长江流域,东流,2026-09-28 11:00,2,29.83,8.2,7.47,252.6282,78.53206,3.76,0.134,0.07,,,,2026-09-28 12:25:53
安徽省,长江流域,南漪湖西湖湖心,2026-09-28 12:00,4,26.09,7.41,5.85,177.7,87.84,,,0.058,,0.00397,1013853,2026-09-28 12:25:53
安徽省,太湖流域,殷桥,2026-09-28 11:00,4,27.06624,7.24,4.03,311.9988,30.51776,5.49,0.007,0.069,2.20675,,,2026-09-28 12:25:53
安徽省,长江流域,泾南交界,2026-09-28 11:00,2,25.67,7.45,6.57,123.1178,12.0481,1.78,0.001,0.029,0.7917,,,2026-09-28 12:25:53
安徽省,长江流域,汪溪,2026-09-28 11:00,2,25.27,7.4,6.64,178.7585,9.7209,1.26,0.054,0.03,1.0814,,,2026-09-28 12:25:53
安徽省,长江流域,狮子口,2026-09-28 11:00,3,26.97,7.58,7.79,770.169,9.934,4.64,0.038,0.071,1.94,,,2026-09-28 12:25:53
安徽省,长江流域,东村桥,2026-09-28 11:00,3,25.44181,7.69,5.75,492.3911,6.00439,3.3,0.069,0.079,0.8865,,,2026-09-28 12:25:53
安徽省,长江流域,旌泾交界,2026-09-28 11:00,2,27.93473,7.58,7.69,205.0663,11.53266,2.9,0.007,0.096,1.14335,,,2026-09-28 12:25:53
安徽省,长江流域,水碧桥,2026-09-28 11:00,4,26.07,7.15,4.99,294.5873,11.67287,1.73,0.036,0.041,1.82616,,,2026-09-28 12:25:53
福建省,浙闽片河流,闽侯竹岐,2026-09-28 11:00,2,28.3,6.81,6.84,90.56,,1.72,0.01,0.03,1.044,,,2026-09-28 12:25:53
福建省,浙闽片河流,闽安,2026-09-28 11:00,3,29.91,7.04,5.32,2307.66,1356.73,,0.096,0.125,2.247,,,2026-09-28 12:25:53
福建省,浙闽片河流,连江荷山渡口,2026-09-28 11:00,2,28.112,7,7.44,57.32,16.891,1.24,0.03,0.048,0.653,,,2026-09-28 12:25:53
福建省,浙闽片河流,永泰横龙,2026-09-28 11:00,2,29.802,8.81,9.35,45.408,1.215,,0.01,0.038,0.157,,,2026-09-28 12:25:53
福建省,浙闽片河流,闽清雄江,2026-09-28 11:00,6,31.43,9.65,11.14,107.34,7.22,2.45,0.029,0.032,0.867,,,2026-09-28 12:25:53
福建省,浙闽片河流,梅溪口,2026-09-28 11:00,2,28.84,7.5,8.22,101.62,9.52,2.16,0.036,0.073,0.913,,,2026-09-28 12:25:53
福建省,浙闽片河流,隘头潭,2026-09-28 11:00,1,29.94,6.37,7.97,201.658,2.171,0.33,0.004,0.016,0.7035,,,2026-09-28 12:25:53
福建省,浙闽片河流,园头桥,2026-09-28 11:00,3,30.16,6.9,6.58,118.23,17.22,,0.187,0.102,3.549,,,2026-09-28 12:25:53
福建省,浙闽片河流,江口桥,2026-09-28 11:00,2,29.32,7.52,7,1411.85,13.5,1.46,0.008,0.042,,,,2026-09-28 12:25:53
福建省,浙闽片河流,将乐万全,2026-09-28 11:00,3,28.071,7.03,5.87,64.813,1.331,1.53,0.032,0.025,0.93,,,2026-09-28 12:25:53
福建省,浙闽片河流,宁化肖家,2026-09-28 11:00,2,28.232,7.24,7.74,81.189,2.736,1.33,0.013,0.063,0.774,,,2026-09-28 12:25:53
福建省,浙闽片河流,永安安砂水库下游,2026-09-28 11:00,4,26.874,6.48,4.49,74.769,4.559,1.48,0.038,0.032,0.964,,,2026-09-28 12:25:53
福建省,浙闽片河流,永安贡川桥,2026-09-28 10:00,2,27.59,7,6.48,113.18,7.48,1.32,0.02,0.046,0.982,,,2026-09-28 12:25:53
福建省,浙闽片河流,斑竹溪渡口,2026-09-28 11:00,2,28.108,6.88,6.45,126.888,5.796,1.51,0.012,0.05,1.15,,,2026-09-28 12:25:53
福建省,浙闽片河流,建宁袁庄,2026-09-28 11:00,2,29.36,7.51,11.38,74.873,5.602,1.66,0.011,0.054,1.065,,,2026-09-28 12:25:53
福建省,浙闽片河流,大田高才,2026-09-28 11:00,6,30.484,9.07,8.68,90.094,1.697,2.2,0.054,0.022,0.446,,,2026-09-28 12:25:53
福建省,浙闽片河流,尤溪拥口大桥,2026-09-28 11:00,2,25.15,7.18,6.5,112.762,37.187,1.44,0.057,0.044,1.1108,,,2026-09-28 12:25:53
福建省,浙闽片河流,南安康美桥,2026-09-28 11:00,3,28.72,6.98,7.68,107.662,51.688,1.3,0.072,0.164,1.5832,,,2026-09-28 12:25:53
福建省,浙闽片河流,永春东关桥,2026-09-28 11:00,2,29.59,6.9,7.14,145.7948,20.4065,1.63,0.101,0.065,3.131,,,2026-09-28 12:25:53
福建省,浙闽片河流,安溪罗内桥,2026-09-28 11:00,2,28.212,7.17,7.25,86.14,20.63,1.61,0.176,0.045,1.732,,,2026-09-28 12:25:53
福建省,浙闽片河流,南安霞东桥,2026-09-28 11:00,2,30.51,7.17,7.14,129.6,8.102,1.08,0.096,0.074,2.2574,,,2026-09-28 12:25:53
福建省,浙闽片河流,华安西陂,2026-09-28 12:00,2,29.03577,7.08,7.64,168.5888,19.00998,2.04,0.038,0.058,1.21,,,2026-09-28 12:25:53
福建省,浙闽片河流,南靖靖城桥,2026-09-28 12:00,2,31.15,6.62,6.01,162.4,7.049,1.98,0.067,0.048,6.942,,,2026-09-28 12:25:53
福建省,浙闽片河流,诏安澳子头,2026-09-28 12:00,3,29.9,7.64,9.02,112.806,3.781,,0.044,0.125,1.9644,,,2026-09-28 12:25:53
福建省,浙闽片河流,南靖洪濑汤坑桥,2026-09-28 11:00,2,30.894,6.55,7.38,240.2,15.978,0.83,0.052,0.053,,,,2026-09-28 12:25:53
福建省,浙闽片河流,浦南水文站,2026-09-28 12:00,2,28.1973,7.29,6.74,171.5,16.391,1.08,0.013,0.079,1.411,,,2026-09-28 12:25:53
福建省,浙闽片河流,南溪浮宫桥,2026-09-28 12:00,4,31.43,7.17,4.57,7342.642,121.595,2.62,,0.158,3.1888,,,2026-09-28 12:25:53
福建省,浙闽片河流,上坂,2026-09-28 12:00,4,30.23,6.15,4.21,170.409,23.612,1.95,0.296,0.111,4.4553,,,2026-09-28 12:25:53
福建省,浙闽片河流,云霄高塘渡口,2026-09-28 12:00,2,30.24,6.79,6.67,120.115,6.66,,0.101,0.096,5.3833,,,2026-09-28 12:25:53
福建省,浙闽片河流,水汾桥,2026-09-28 11:00,4,28.61,6.93,4.94,183.65,14.94,1.55,0.047,0.047,1.115,,,2026-09-28 12:25:53
福建省,浙闽片河流,十里庵,2026-09-28 11:00,2,30.68,6.92,6.44,121.85,5.61,1.88,0.044,0.049,1.3,,,2026-09-28 12:25:53
福建省,浙闽片河流,邵武晒口桥,2026-09-28 11:00,2,30.03,7.4,8,169.11,7.29,1.51,0.06,0.04,1.06,,,2026-09-28 12:25:53
福建省,浙闽片河流,武夷山兴田,2026-09-28 11:00,2,32.21391,7.19,7.45,38.36868,8.80325,1.84,0.001,0.019,0.55144,,,2026-09-28 12:25:53
福建省,浙闽片河流,浪石,2026-09-28 11:00,3,30.651,6.77,5.75,119.737,2.261,1.3,0.055,0.052,1.04,,,2026-09-28 12:25:53
福建省,浙闽片河流,将乐樟应,2026-09-28 11:00,3,29.75677,6.93,5.91,71.24,3.85845,1.61,0.022,0.022,0.777,,,2026-09-28 12:25:53
福建省,浙闽片河流,建阳坪州大桥,2026-09-28 10:00,1,30.96,7.39,7.88,162.65,5.989,,,,,,,2026-09-28 12:25:53
福建省,浙闽片河流,政和西津,2026-09-28 11:00,2,30.745,7.18,6.77,100.907,5.351,1.82,0.099,,1.025,,,2026-09-28 12:25:53
福建省,浙闽片河流,雁石桥,2026-09-28 12:00,2,28.78,7.56,7.85,287.817,21.302,1.12,0.003,0.056,1.494,,,2026-09-28 12:25:53
福建省,珠江流域,长汀美西桥,2026-09-28 12:00,2,30.54,6.96,6.65,137.874,6.48,2.04,0.063,0.089,,,,2026-09-28 12:25:53
福建省,浙闽片河流,福安赛岐,2026-09-28 11:00,4,29.37,6.87,3.84,2776.49,182.04,4.73,0.078,0.193,1.349,,,2026-09-28 12:25:53
福建省,浙闽片河流,八都,2026-09-28 12:00,6,25,9.13,9.23,1409.982,393.68,1.69,0.015,0.052,0.919,,,2026-09-28 12:25:53
福建省,浙闽片河流,福安白塔,2026-09-28 11:00,2,27.153,7.23,6.81,45.35,6.04,1.14,0.017,0.033,1.198,,,2026-09-28 12:25:53
福建省,浙闽片河流,古田黄田,2026-09-28 11:00,2,31.866,8.67,9.04,115.114,6.391,2.16,0.057,0.048,1.152,,,2026-09-28 12:25:53
福建省,浙闽片河流,福安洪口,2026-09-28 11:00,2,27.62,7.04,7.54,47.01,13.53,0.93,0.013,0.042,0.961,,,2026-09-28 12:25:53
江西省,长江流域,周坊,2026-09-28 11:00,2,28.63,7.2,7.56,131.3814,7.75211,1.52,0.003,0.036,1.19168,,,2026-09-28 12:25:53
江西省,长江流域,大港,2026-09-28 11:00,2,29.88,7.57,8.47,142.72,30.31,1.51,0.092,0.048,1.734,,,2026-09-28 12:25:53
江西省,长江流域,新联,2026-09-28 11:00,3,28.83,6.92,7.61,169.6,89.2,4.41,0.058,0.069,2.0127,,,2026-09-28 12:25:53
江西省,长江流域,生米,2026-09-28 11:00,2,22.283,6.86,10.01,135.394,4.822,1.5,0.022,0.044,0.963,,,2026-09-28 12:25:53
江西省,长江流域,滁槎,2026-09-28 11:00,3,29.66,6.58,5.18,160.19,7.3,1.66,0.011,0.061,1.874,,,2026-09-28 12:25:53
江西省,长江流域,塔城,2026-09-28 11:00,2,31.17,7.87,7.15,100.81,16.06,2.36,0.021,0.035,1.208,,,2026-09-28 12:25:53
江西省,长江流域,昌邑,2026-09-28 11:00,2,29.1,7.61,7.87,137.7,27.17,1.56,0.001,0.054,1.173,,,2026-09-28 12:25:53
江西省,长江流域,八一桥,2026-09-28 12:00,2,30.58,7.69,7.81,123.71,11.167,1.97,0.226,0.047,1.0007,,,2026-09-28 12:25:53
江西省,长江流域,焦石坝,2026-09-28 11:00,2,30.29,7.97,8.68,111.54,13.3,2.45,0.088,0.039,0.9939,,,2026-09-28 12:25:53
江西省,长江流域,鲇鱼山,2026-09-28 11:00,2,31.08,7.36,7.85,233.57,5.9,1.5,0.033,0.029,1.332,,,2026-09-28 12:25:53
江西省,长江流域,戴村,2026-09-28 11:00,2,31.391,7.42,7.1,694.601,15.83,1.81,0.086,0.023,0.762,,,2026-09-28 12:25:53
江西省,长江流域,南河河口,2026-09-28 11:00,4,30.16,6.99,4.96,231.57,4.33,2.34,,0.108,1.808,,,2026-09-28 12:25:53
江西省,长江流域,镇埠,2026-09-28 11:00,2,28.54,6.83,7.62,98.47,0.04,1.42,,0.032,0.206,,,2026-09-28 12:25:53
江西省,长江流域,龙山口,2026-09-28 12:00,2,28.02,8.33,6.66,277.241,3.909,1.23,,0.026,0.4923,,,2026-09-28 12:25:53
江西省,长江流域,桐车湾,2026-09-28 12:00,3,30.47,8.32,10.71,392.82,2.114,2.19,0.034,0.108,2.3588,,,2026-09-28 12:25:53
江西省,长江流域,金鱼石,2026-09-28 11:00,2,29.37,7.76,8.08,317.35,5.43,1.12,0.018,0.069,1.854,,,2026-09-28 12:25:53
江西省,长江流域,邓家洲,2026-09-28 11:00,3,31.04,8.47,11.99,602.7733,9.75198,5.2,0.017,0.145,,,,2026-09-28 12:25:53
江西省,长江流域,姚港,2026-09-28 12:00,2,26.02,7.5,7.43,395.93,26.99,1.56,0.061,0.071,1.768,,,2026-09-28 12:25:53
江西省,长江流域,湖口,2026-09-28 11:00,2,26.508,7.94,7.18,354.1,21.98,2.41,0.017,0.067,2.555,,,2026-09-28 12:25:53
江西省,长江流域,蛤蟆石,2026-09-28 11:00,3,28.93,6.77,6.25,131.31,26.09,2.24,,0.038,1.824,0.00115,265843.9,2026-09-28 12:25:53
江西省,长江流域,都昌,2026-09-28 11:00,4,29.17,6.62,4.37,167.46,48.86,2.71,,0.051,1.44,0.02894,1.425,2026-09-28 12:25:53
江西省,长江流域,潦河河口,2026-09-28 11:00,2,29.2,6.91,6.65,135.65,15.971,1.86,0.035,0.042,0.8488,,,2026-09-28 12:25:53
江西省,长江流域,三都,2026-09-28 11:00,2,27.44,6.8,6.61,106.36,2.42,0.88,0.007,0.023,0.838,,,2026-09-28 12:25:53
江西省,长江流域,柘林湖坝上,2026-09-28 11:00,2,28.005,8.56,11.05,100.9,1.951,2.2,0.003,0.009,0.486,,,2026-09-28 12:25:53
江西省,长江流域,洋港镇,2026-09-28 11:00,1,27.24,7.87,12.04,316.886,3.862,0.55,0.001,,0.64824,,,2026-09-28 12:25:53
江西省,长江流域,修水界上桥,2026-09-28 11:00,4,30.31,8.48,4.91,164.621,6.15,3.21,0.029,0.085,1.10873,,,2026-09-28 12:25:53
江西省,长江流域,共青城寨下,2026-09-28 11:00,3,28.8,7.49,5.34,553.2,25.9,4.31,0.773,0.096,2.905,,,2026-09-28 12:25:53
江西省,长江流域,罗坊,2026-09-28 12:00,2,31.17,7.38,6.15,304.705,26.453,3.37,0.067,0.066,1.4178,,,2026-09-28 12:25:53
江西省,长江流域,孔目江江口,2026-09-28 12:00,2,31.98,7.75,7.52,342.842,16.566,2.47,0.1,0.059,0.8285,,,2026-09-28 12:25:53
江西省,长江流域,浮桥,2026-09-28 12:00,2,30.31,7.66,7.48,272.896,9.237,3.25,0.099,0.052,1.3451,,,2026-09-28 12:25:53
江西省,长江流域,傣家村,2026-09-28 12:00,3,31.44,8.93,6.86,176.265,7.029,4.08,0.083,0.04,0.6902,0.00416,1.898787,2026-09-28 12:25:53
江西省,长江流域,炭埠周家,2026-09-28 11:00,2,30.11,7.02,8.72,145.25,2.59,0.48,,0.04,0.921,,,2026-09-28 12:25:53
江西省,长江流域,白塔河河口,2026-09-28 11:00,2,31.74,6.82,8.59,97.005,4.428,1.64,0.067,0.038,0.5468,,,2026-09-28 12:25:53
江西省,长江流域,土桥,2026-09-28 12:00,2,30.82,7.36,6.87,172.454,8.363,2.02,0.027,0.043,1.0587,,,2026-09-28 12:25:53
江西省,长江流域,流口村,2026-09-28 11:00,2,32.19,7.25,8.47,169.6273,7.301388,2.42,,0.052,1.190111,,,2026-09-28 12:25:53
江西省,长江流域,市自来水厂,2026-09-28 11:00,2,30.22,7.23,7.5,98.969,3.916,1.14,0.075,0.021,0.4382,,,2026-09-28 12:25:53
江西省,长江流域,新庙前,2026-09-28 11:00,2,30.97,7.81,7.75,139.191,23.953,0.85,0.006,0.037,1.315,,,2026-09-28 12:25:53
江西省,长江流域,赣县梅林,2026-09-28 12:00,2,30.66,7.75,8.75,139.712,6.103,1.54,0.032,0.051,1.2513,,,2026-09-28 12:25:53
江西省,长江流域,梓坑,2026-09-28 11:00,2,30.71,7.48,6.98,113.068,7.346,2.63,0.063,0.058,1.293,,,2026-09-28 12:25:53
江西省,长江流域,峡山,2026-09-28 12:00,2,30.98,7.56,7.61,119.799,2.895,1.27,0.052,0.071,0.8307,,,2026-09-28 12:25:53
江西省,长江流域,梅江江口,2026-09-28 11:00,2,32.04,8.35,8.92,103.951,11.854,1.75,0.07,0.066,0.5547,,,2026-09-28 12:25:53
江西省,长江流域,平江江口,2026-09-28 12:00,2,29.22,7.42,7.63,124.132,14.881,1.62,0.153,0.045,0.5957,,,2026-09-28 12:25:53
江西省,长江流域,上犹江江口,2026-09-28 12:00,1,26.73,7.04,7.66,99.176,10.82,1.44,0.054,0.014,0.5882,,,2026-09-28 12:25:53
江西省,长江流域,龙南自来水厂,2026-09-28 12:00,2,28.57,7.34,7.7,101.237,2.532,1.04,0.023,0.026,0.7695,,,2026-09-28 12:25:53
江西省,长江流域,桃江江口,2026-09-28 11:00,2,31.58,7.68,7.55,199.457,0.981,0.76,0.041,0.032,2.1149,,,2026-09-28 12:25:53
江西省,长江流域,汝城多发电站,2026-09-28 11:00,2,24.13,7.14,7.71,78.02,3.52,1.05,0.005,0.024,0.621,,,2026-09-28 12:25:53
江西省,珠江流域,兴宁电站,2026-09-28 11:00,1,29.74,8.34,11.06,68.6359,3.184171,1.55,0.044,0.02,2.320942,,,2026-09-28 12:25:53
江西省,长江流域,通津,2026-09-28 12:00,2,31.04,7.81,8.96,112.261,24.028,1.73,0.14,0.043,1.0627,,,2026-09-28 12:25:53
江西省,长江流域,金滩,2026-09-28 12:00,2,30.87,7.62,8.56,116.263,10.984,1.61,0.085,0.043,0.964,,,2026-09-28 12:25:53
江西省,长江流域,孤江江口,2026-09-28 11:00,3,33.8,7.26,5.82,91.576,7.426,2.23,0.033,0.052,0.3909,,,2026-09-28 12:25:53
江西省,长江流域,禾水河口,2026-09-28 11:00,2,30.25,7.49,7.32,124.181,17.363,1.4,0.087,0.034,0.6514,,,2026-09-28 12:25:53
江西省,长江流域,蜀水河口,2026-09-28 11:00,2,32.14,7.18,6.29,66.43,12.961,1.3,0.081,0.043,0.4824,,,2026-09-28 12:25:53
江西省,长江流域,遂川江江口,2026-09-28 11:00,3,29.21,7.71,8.35,98.564,34.352,1.5,0.041,0.123,1.0507,,,2026-09-28 12:25:53
江西省,长江流域,乌江江口,2026-09-28 12:00,2,32.65,8.43,10.52,149.12,3.13,1.8,0.077,0.037,0.5113,,,2026-09-28 12:25:53
江西省,长江流域,大洋洲,2026-09-28 12:00,2,29.61,7.62,7.78,109.236,7.819,0.92,0.085,0.04,1.0962,,,2026-09-28 12:25:53
江西省,长江流域,棚下,2026-09-28 11:00,2,28.03,7.39,7.32,165.2345,6.07,1.69,0.052,0.075,0.992,,,2026-09-28 12:25:53
江西省,长江流域,丰城小港口,2026-09-28 11:00,2,30.3,7.43,8.13,112.8,6.4575,1.3,0.019,0.035,1.0631,,,2026-09-28 12:25:53
江西省,长江流域,高安市青州村,2026-09-28 11:00,2,31.43,7.87,6.9,212.38,4.32,1.59,0.012,0.041,1.038,,,2026-09-28 12:25:53
江西省,长江流域,良田村,2026-09-28 11:00,2,35.53,7.68,6.05,208.64,6.72,1.93,0.006,,1.132,,,2026-09-28 12:25:53
江西省,长江流域,三洪村,2026-09-28 11:00,2,31.88,6.88,6.99,109.27,14.45,1.73,0.011,0.042,0.847,,,2026-09-28 12:25:53
江西省,长江流域,肖江江口,2026-09-28 11:00,2,30.227,7.33,7.43,120.341,9.349,3.54,0.057,0.047,0.919,,,2026-09-28 12:25:53
江西省,长江流域,修河港口,2026-09-28 12:00,1,28.4,6.87,7.56,41.55,1.03,0.73,0.001,0.005,0.206,,,2026-09-28 12:25:53
江西省,长江流域,超坊,2026-09-28 12:00,2,30.4,8.2,7.68,96.743,13.128,2.55,0.164,0.068,0.9655,,,2026-09-28 12:25:53
江西省,长江流域,钟岭水厂,2026-09-28 11:00,2,30.75,7.93,7.74,83.08,23.37,3.45,,0.094,0.8322,,,2026-09-28 12:25:53
江西省,长江流域,临水河口,2026-09-28 11:00,2,29.63,7.07,8.1,92.82,9.62,2.4,0.091,0.056,0.754,,,2026-09-28 12:25:53
江西省,长江流域,赵家湾,2026-09-28 11:00,2,31.586,7.14,6.31,243.469,26.1747,1.27,0.033,0.034,1.007,,,2026-09-28 12:25:53
江西省,长江流域,康山,2026-09-28 11:00,5,34.49,6.64,7.44,140.78,53.57,2.95,0.225,0.106,1.594,0.0002,,2026-09-28 12:25:53
江西省,长江流域,野鸡山村,2026-09-28 11:00,2,30.67,7.67,9.29,1355.82,11.61,1.73,0.041,0.025,1.244,,,2026-09-28 12:25:53
江西省,长江流域,瑞洪大桥,2026-09-28 11:00,4,33.34,6.8,4.16,137.52,18.63,1.59,,0.045,0.904,,,2026-09-28 12:25:53
江西省,长江流域,弋阳,2026-09-28 11:00,2,30.8,7.43,6.73,157.98,8.02,1.64,,0.059,1.083,,,2026-09-28 12:25:53
江西省,长江流域,鄱阳花园,2026-09-28 11:00,2,30.69,8.29,9.44,195.67,4.23,2.18,0.027,0.028,1.332,,,2026-09-28 12:25:53
江西省,长江流域,洎水河河口,2026-09-28 11:00,2,31.17,6.98,6.95,256.6,8.69,,0.054,0.062,1.44,,,2026-09-28 12:25:53
江西省,长江流域,铅山,2026-09-28 11:00,2,31.4,7.87,8.23,170.06,19.82,,,0.087,0.925,,,2026-09-28 12:25:53
江西省,长江流域,旗山,2026-09-28 11:00,2,30.77,6.93,6.34,170.3,9.17,1.71,0.062,0.063,1.056,,,2026-09-28 12:25:53
江西省,长江流域,应家坊,2026-09-28 11:00,2,30.78,7.12,6.86,181.36,9.14,2.13,0.036,0.074,1.608,,,2026-09-28 12:25:53
山东省,淮河流域,辛丰庄,2026-09-28 11:00,2,25.004,7.77,7.9,1215.17,35.063,3.78,0.181,0.092,6.864,,,2026-09-28 12:25:53
山东省,黄河流域,泺口,2026-09-28 11:00,2,24.04,8.33,8.37,751.38,511.92,1.85,0.137,0.068,2.973,,,2026-09-28 12:25:53
山东省,淮河流域,睦里庄,2026-09-28 11:00,4,22.381,7.27,4.76,805.768,10.343,2.33,0.039,0.037,0.985,,,2026-09-28 12:25:53
山东省,黄河流域,卧虎山水库,2026-09-28 11:00,1,22.33,8.11,9.64,495.633,5.941,1.31,0.004,0.013,3.59,,,2026-09-28 12:25:53
山东省,淮河流域,斜拉桥,2026-09-28 11:00,3,22.99,7.6,5.57,915.274,25.419,5.54,0.289,0.06,1.276,,,2026-09-28 12:25:53
山东省,淮河流域,马连庄,2026-09-28 11:00,2,22.67,7.82,11.25,1025.6,4.081,2.16,,0.011,21.503,,,2026-09-28 12:25:53
山东省,淮河流域,吉利河水库出口,2026-09-28 11:00,3,24.056,8.24,6.9,332.8,11.872,5.16,0.012,0.051,0.928,,,2026-09-28 12:25:53
山东省,淮河流域,墨水河入海口,2026-09-28 11:00,4,24.783,7.73,8.92,1679.26,64.62,7.47,0.384,0.263,6.544,,,2026-09-28 12:25:53
山东省,淮河流域,韩旺大桥,2026-09-28 11:00,2,22.364,8.19,10.69,871.366,2.986,2.27,0.016,0.005,26.04,,,2026-09-28 12:25:53
山东省,淮河流域,台儿庄大桥,2026-09-28 11:00,2,25,7.84,6.88,1244.18,23.75,3.53,0.194,0.072,2.492,,,2026-09-28 12:25:53
山东省,淮河流域,群乐桥,2026-09-28 11:00,4,20.75,7.84,4.76,2150.02,22.931,4.99,0.025,0.095,2.786,,,2026-09-28 12:25:53
山东省,淮河流域,王晁桥,2026-09-28 11:00,5,24.155,7.62,2.75,1055.93,21.488,3.37,1.668,0.299,6.237,,,2026-09-28 12:25:53
山东省,淮河流域,十字河大桥,2026-09-28 11:00,2,24.473,8.03,8.9,1326,4.83,3.82,,0.05,0.545,,,2026-09-28 12:25:53
山东省,淮河流域,贾庄闸,2026-09-28 11:00,3,23.83,7.62,6.66,1409.87,11.659,4.58,0.299,0.127,5.749,,,2026-09-28 12:25:53
山东省,淮河流域,支脉河陈桥,2026-09-28 11:00,2,23.913,8.28,10.12,7250.122,55.518,,0.078,0.094,1.674,,,2026-09-28 12:25:53
山东省,淮河流域,新夹河大桥,2026-09-28 11:00,4,22.7349,7.89,7.16,1181.164,19.25,7.31,0.058,0.078,0.58807,,,2026-09-28 12:25:53
山东省,淮河流域,桥头,2026-09-28 11:00,4,22.13,8.04,6.2,788.018,12.75,7.55,0.066,0.197,2.804,,,2026-09-28 12:25:53
山东省,淮河流域,东村河入海口,2026-09-28 11:00,3,20.93,7.11,5.47,712.313,55.336,4.25,0.136,0.115,2.303,,,2026-09-28 12:25:53
山东省,淮河流域,羊口,2026-09-28 11:00,6,24.285,7.83,1.81,4972.099,63.054,5.59,0.228,0.171,4.015,,,2026-09-28 12:25:53
山东省,淮河流域,峡山水库库中,2026-09-28 12:00,3,24.36,8.87,7.83,736.35,7.27,5.08,,0.03,0.363,0.01792,1.656373,2026-09-28 12:25:53
山东省,淮河流域,柳疃桥,2026-09-28 11:00,4,24.009,8.12,11.34,1536.54,24.856,6.88,0.011,0.008,7.209,,,2026-09-28 12:25:53
山东省,淮河流域,张建桥,2026-09-28 11:00,2,23.19,7.92,8.33,2690.439,8.905,3.79,0.232,0.051,12.115,,,2026-09-28 12:25:53
山东省,淮河流域,兖州南大桥,2026-09-28 11:00,3,24.307,7.68,5.6,1174.53,11.717,4.31,0.043,0.069,1.8117,,,2026-09-28 12:25:53
山东省,淮河流域,105公路桥,2026-09-28 11:00,4,25.045,7.69,3.81,1614.49,60.677,5.09,0.069,0.143,2.512,,,2026-09-28 12:25:53
山东省,淮河流域,高河桥,2026-09-28 11:00,5,25.366,7.87,2.56,1426.73,24.038,4.88,0.128,0.112,1.944,,,2026-09-28 12:25:53
山东省,淮河流域,西石佛,2026-09-28 11:00,4,24.836,7.58,3.43,1265,10.849,3.53,0.385,0.074,3.723,,,2026-09-28 12:25:53
山东省,淮河流域,老运河微山段,2026-09-28 11:00,4,25.556,7.81,4.26,1299.59,14.229,4.41,0.074,0.037,1.006,,,2026-09-28 12:25:53
山东省,淮河流域,李集,2026-09-28 11:00,4,24.469,8.02,4.4,1281,16.652,3.8,0.068,0.1,1.419,,,2026-09-28 12:25:53
山东省,淮河流域,尹沟,2026-09-28 11:00,2,24.28,8.1,7.87,1039.77,29.45,3.57,0.138,0.036,0.918,0.05,,2026-09-28 12:25:53
山东省,淮河流域,西支河入湖口,2026-09-28 11:00,3,25.715,8.47,7.53,1335.15,16.029,4.92,0.022,0.053,1.257,,,2026-09-28 12:25:53
山东省,淮河流域,东石佛,2026-09-28 11:00,2,24.763,8.03,7.12,1215.145,62.593,,0.001,0.03,0.93,,,2026-09-28 12:25:53
山东省,淮河流域,西姚,2026-09-28 11:00,5,25.008,8.12,2.34,1211,30.01,3.37,0.033,0.141,1.17,,,2026-09-28 12:25:53
山东省,淮河流域,鲁桥,2026-09-28 11:00,4,25.393,7.8,4.53,1796.35,30.342,4.76,0.146,0.062,0.846,,,2026-09-28 12:25:53
山东省,淮河流域,牛庄闸,2026-09-28 11:00,4,24.994,7.8,4.97,1004.21,13.407,3.95,0.037,0.006,1.447,,,2026-09-28 12:25:53
山东省,淮河流域,湘子庙,2026-09-28 11:00,5,24.5,8.21,2.86,2098.79,57.231,4.14,0.023,0.241,2.9558,,,2026-09-28 12:25:53
山东省,黄河流域,戴村坝,2026-09-28 11:00,2,25.12,7.62,7.43,935.8,1.25,2.42,0.064,0.03,2.744,,,2026-09-28 12:25:53
山东省,黄河流域,徐家汶,2026-09-28 11:00,3,21.57095,7.86,9.12,1408.166,3.1415,2.36,0.096,0.103,37.43243,,,2026-09-28 12:25:53
山东省,淮河流域,南桥,2026-09-28 11:00,4,24.052,8.32,10.04,1622.696,27.612,8.17,0.16,0.121,1.583,,,2026-09-28 12:25:53
山东省,淮河流域,大古镇,2026-09-28 11:00,5,23.46,6.86,4.92,694,19.35,4.15,1.646,0.209,,,,2026-09-28 12:25:53
山东省,淮河流域,夏庄,2026-09-28 11:00,4,22.11,8.18,9.24,1003,11.8,6.46,0.458,0.27,3.58434,,,2026-09-28 12:25:53
山东省,黄河流域,贺小庄,2026-09-28 11:00,3,24.345,7.64,5.1,843.747,8.237,4,0.068,0.008,1.134,,,2026-09-28 12:25:53
山东省,淮河流域,临沂北大桥,2026-09-28 11:00,6,23.7,9.03,9.08,424.1,20.12,7.84,0.051,0.082,1.438,,,2026-09-28 12:25:53
山东省,淮河流域,捷庄,2026-09-28 11:00,4,24.51,7.61,6.34,702.706,12.582,6.38,0.145,0.101,1.166,,,2026-09-28 12:25:53
山东省,淮河流域,临沭大兴桥,2026-09-28 11:00,3,24.139,7.81,8.31,652.345,13.562,5.62,,0.139,1.1,,,2026-09-28 12:25:53
山东省,淮河流域,310公路桥,2026-09-28 11:00,6,24.31,7.27,0.99,727.01,3.16,3.89,0.032,0.117,0.325,,,2026-09-28 12:25:53
山东省,淮河流域,沙沟桥,2026-09-28 11:00,4,22.51,7.41,4.46,732.15,11.36,3.86,0.041,0.096,2.15,,,2026-09-28 12:25:53
山东省,淮河流域,云蒙湖湖心,2026-09-28 11:00,3,21.28,8.65,9.57,418.9,1.68,4.31,0.116,0.021,2.834,0.01356,9062310,2026-09-28 12:25:53
山东省,海河流域,第三店,2026-09-28 11:00,3,24.726,7.74,5.87,966.684,89.63,2.59,0.049,0.033,2.002,,,2026-09-28 12:25:53
山东省,海河流域,董姑桥,2026-09-28 11:00,4,23.375,7.99,4.69,1250,18.844,3.94,0.012,0.046,0.899,,,2026-09-28 12:25:53
山东省,海河流域,油坊桥,2026-09-28 11:00,3,24.423,8.09,6.54,1084.614,91.672,2.32,0.09,0.12,4.837,,,2026-09-28 12:25:53
山东省,海河流域,秤勾湾,2026-09-28 11:00,3,25.39,7.91,5.25,1065.6,34.18,,0.725,0.121,6.9178,,,2026-09-28 12:25:53
山东省,海河流域,北湖,2026-09-28 12:00,2,24.82,8.74,9.54,945.05,1.49,2.62,0.081,0.014,1.573,0.00852,5933349,2026-09-28 12:25:53
山东省,海河流域,小泊头桥,2026-09-28 11:00,2,24.296,8.05,6.78,1293.165,20.604,2.46,0.034,0.1,5.584,,,2026-09-28 12:25:53
山东省,海河流域,胜利桥,2026-09-28 11:00,3,24.317,8.39,9.56,2447.546,14.958,5.69,0.097,0.128,,,,2026-09-28 12:25:53
山东省,海河流域,富国,2026-09-28 11:00,3,24.091,8.31,8.2,2534.61,24.32,5.11,0.07,0.098,1.336,,,2026-09-28 12:25:53
山东省,海河流域,芦家河子水库,2026-09-28 11:00,3,22.953,8.92,6.49,844.432,27.086,4.08,0.024,0.05,1.197,,,2026-09-28 12:25:53
山东省,海河流域,三角洼水库,2026-09-28 11:00,2,25.391,8.82,9.53,1009.718,33.851,2.35,0.026,0.03,0.775,,,2026-09-28 12:25:53
山东省,淮河流域,西闸,2026-09-28 11:00,3,24.242,7.8,7.64,1814.571,8.796,3.82,0.273,0.137,5.582,,,2026-09-28 12:25:53
山东省,淮河流域,范李,2026-09-28 11:00,3,24.973,8.1,7.75,2132.795,18.95,3.8,0.153,0.153,5.39,,,2026-09-28 12:25:53
山东省,海河流域,邵家,2026-09-28 11:00,5,25.21,7.21,6.86,13748.15,207.47,11.97,0.055,0.184,,,,2026-09-28 12:25:53
山东省,淮河流域,于楼,2026-09-28 11:00,4,24.059,8.48,4.27,2091.52,21.922,5.24,0.116,0.236,0.899,,,2026-09-28 12:25:53
山东省,淮河流域,徐寨,2026-09-28 11:00,3,24.355,8.21,7.48,2171.49,24.214,4.74,0.118,0.15,2.535,,,2026-09-28 12:25:53
河南省,黄河流域,七里铺,2026-09-28 11:00,3,24.022,7.85,7.59,734.731,24.1361,2.47,0.152,0.142,5.105,,,2026-09-28 12:25:53
河南省,淮河流域,新郑黄甫寨,2026-09-28 11:00,2,23.8,7.81,7.22,1058.5,14.38,3.55,0.299,0.051,3.981,,,2026-09-28 12:25:53
河南省,淮河流域,通许邸阁,2026-09-28 11:00,3,23.68,8.03,7.17,943.17,107.86,4.14,0.11,0.121,1.896,,,2026-09-28 12:25:53
河南省,淮河流域,中牟陈桥,2026-09-28 11:00,3,24.63,7.69,7.61,768.5,52.72,4.01,0.43,0.092,5.9663,,,2026-09-28 12:25:53
河南省,黄河流域,高崖寨,2026-09-28 11:00,2,22.5,8.06,7.7,498.37,9.99,2.66,0.041,0.044,3.453,,,2026-09-28 12:25:53
河南省,黄河流域,龙门大桥,2026-09-28 11:00,3,21.695,8.13,8.09,633.114,29.644,3.64,0.048,0.127,5.021,,,2026-09-28 12:25:53
河南省,淮河流域,紫罗山,2026-09-28 11:00,2,21.19869,7.92,8.22,278.0801,49.6123,3.77,0.093,0.077,4.41487,,,2026-09-28 12:25:53
河南省,黄河流域,白马寺,2026-09-28 11:00,3,23.45,7.79,6.61,642.5,22.4,2.16,0.197,0.12,4.056,,,2026-09-28 12:25:53
河南省,黄河流域,潭头,2026-09-28 11:00,2,20.52,8.24,9.44,527.3,8.1403,1.67,0.099,0.026,3.251,,,2026-09-28 12:25:53
河南省,淮河流域,大陈闸,2026-09-28 11:00,2,24.02079,7.85,6.59,831.679,8.8959,1.04,0.007,0.042,7.25944,,,2026-09-28 12:25:53
河南省,淮河流域,白龟山水库,2026-09-28 11:00,4,23.07,7.51,3.85,363.11,5,3.44,0.005,0.021,1.1,0.02533,1938000,2026-09-28 12:25:53
河南省,淮河流域,杨寨中村,2026-09-28 11:00,3,21.35,7.71,6.79,669.76,47.4,3.18,0.088,0.14,8.091,,,2026-09-28 12:25:53
河南省,淮河流域,舞钢石庄桥,2026-09-28 11:00,4,22.72169,7.53,6.2,645.6936,15.24874,3.95,0.729,0.243,4.95857,,,2026-09-28 12:25:53
河南省,海河流域,彰武水库,2026-09-28 11:00,1,24.838,8.02,9.16,579.2,3.99,1.59,,0.009,2.2812,,,2026-09-28 12:25:53
河南省,海河流域,冯宿桥,2026-09-28 11:00,3,24.28,7.76,5.03,806.0172,12.105,2.76,0.359,0.056,4.8846,,,2026-09-28 12:25:53
河南省,海河流域,五陵,2026-09-28 11:00,3,24.2,7.84,6.63,1283.2,88.8,3.21,0.022,0.179,6.933,,,2026-09-28 12:25:53
河南省,海河流域,石辛庄,2026-09-28 11:00,3,24.14,8.35,8.24,1434.851,30.572,4.52,0.189,0.138,9.0206,,,2026-09-28 12:25:53
河南省,海河流域,黄花营,2026-09-28 11:00,1,25.39,8.31,9.19,496.3238,3.78,1.02,0.011,0.013,4.6968,,,2026-09-28 12:25:53
河南省,海河流域,前枋城,2026-09-28 11:00,1,23.454,7.61,7.53,603.04,7.779,1.25,0.008,,5.5846,,,2026-09-28 12:25:53
河南省,海河流域,卫河小河口,2026-09-28 11:00,3,23.46,7.85,6.48,1325.434,127.54,3.52,0.385,0.171,7.5035,,,2026-09-28 12:25:53
河南省,海河流域,修武水文站,2026-09-28 11:00,4,24.08,7.9,7.51,2534.499,44.52,4.12,0.479,0.211,8.4428,,,2026-09-28 12:25:53
河南省,海河流域,获嘉东碑村,2026-09-28 11:00,3,23.99,7.73,6.67,2296.17,43.07,5.08,0.098,0.153,5.479,,,2026-09-28 12:25:53
河南省,黄河流域,封丘陶北,2026-09-28 10:00,3,23.97,8.05,6.95,1020.24,47.66,2.34,0.036,0.116,3.098,,,2026-09-28 12:25:53
河南省,黄河流域,封丘王堤,2026-09-28 11:00,3,23.783,7.75,7.45,1017.64,39.69,3.82,0.311,0.109,3.2348,,,2026-09-28 12:25:53
河南省,海河流域,新乡贾太湖,2026-09-28 11:00,3,23.34,8.15,8.67,956.547,556.126,2.76,,0.156,3.4717,,,2026-09-28 12:25:53
河南省,黄河流域,武陟渠首,2026-09-28 11:00,2,23.87,7.93,8.08,909.99,31.27,1.69,0.032,0.075,4.548,,,2026-09-28 12:25:53
河南省,黄河流域,孟州石井,2026-09-28 11:00,4,24.40487,7.91,6.23,3005.209,33.66475,6.8,0.097,0.22,7.71702,,,2026-09-28 12:25:53
河南省,黄河流域,孟州还封村,2026-09-28 11:00,3,23.48461,7.82,6.7,1756.374,9.65457,1.72,0.056,0.125,10.80504,,,2026-09-28 12:25:53
河南省,海河流域,南乐元村集,2026-09-28 11:00,3,22.06,7.98,8.96,1268.52,158.46,3.2,0.074,0.144,6.998,,,2026-09-28 12:25:53
河南省,海河流域,南乐水文站,2026-09-28 11:00,5,24.3,7.82,5.33,860.9461,167.21,5.99,0.555,0.319,,,,2026-09-28 12:25:53
河南省,海河流域,濮阳西水坡,2026-09-28 11:00,2,26.05,8.67,6.61,797.84,18.44,2.54,0.051,0.013,1.003,,,2026-09-28 12:25:53
河南省,黄河流域,濮阳大韩桥,2026-09-28 11:00,4,23.59,7.4,3.01,920.71,55.16,2.5,0.127,0.096,1.247,,,2026-09-28 12:25:53
河南省,淮河流域,白沙水库,2026-09-28 11:00,4,23.7406,7.78,4.87,722.644,3.6959,2.91,0.008,0.018,3.5974,,,2026-09-28 12:25:53
河南省,淮河流域,召陵武湾,2026-09-28 11:00,2,23.61,7.8,7.45,643.9,45.86,3.52,0.083,0.09,4.263,,,2026-09-28 12:25:53
河南省,淮河流域,郾城漯邓桥,2026-09-28 11:00,3,24.5,7.56,5.03,1601.6,16.45,3.89,0.056,0.195,4.338,,,2026-09-28 12:25:53
河南省,淮河流域,叶舞公路桥,2026-09-28 11:00,2,22.956,7.43,7.08,336.15,14.359,3.2,0.004,0.074,2.882,,,2026-09-28 12:25:53
河南省,淮河流域,临颍高村桥,2026-09-28 11:00,3,24,7.54,6.66,958.94,13.46,,0.671,0.186,9.735,,,2026-09-28 12:25:53
河南省,淮河流域,舞阳马湾,2026-09-28 11:00,2,23.61,7.74,6.01,608.992,21.951,2.62,0.042,0.054,4.721,,,2026-09-28 12:25:53
河南省,黄河流域,洛河大桥,2026-09-28 11:00,1,20.73,8.29,9.8,451.634,7.891,1.12,0.079,0.018,1.707,,,2026-09-28 12:25:53
河南省,黄河流域,三门峡水库,2026-09-28 11:00,2,22.29,8.09,7.23,1065.129,661.1295,1.47,0.01,0.018,3.94566,0.00724,3587734,2026-09-28 12:25:53
河南省,长江流域,淅川荆紫关,2026-09-28 11:00,1,22.85357,8.02,7.59,392.5982,6.103206,1.49,0.003,0.019,1.756,,,2026-09-28 12:25:53
河南省,长江流域,淅川史家湾,2026-09-28 11:00,2,23.08,7.94,8.37,411.49,6.895,1.25,,0.024,1.811,0.0014,,2026-09-28 12:25:53
河南省,长江流域,淅川高湾,2026-09-28 11:00,2,22.14,7.82,7.59,399.901,22.053,0.95,0.019,0.038,1.6198,0.0044,,2026-09-28 12:25:53
河南省,长江流域,淅川张营,2026-09-28 11:00,4,24.9,7.5,3.48,330.205,4.728,,0.009,0.022,1.4036,0.00161641,,2026-09-28 12:25:53
河南省,长江流域,五龙泉,2026-09-28 11:00,3,23.88,7.75,5.11,263.86,5.03,1.74,0.001,0.013,0.838,0.0015,718066.8,2026-09-28 12:25:53
河南省,长江流域,宋岗,2026-09-28 11:00,2,24.455,8,6.8,268.65,7.1925,1.16,,0.012,0.79,0.002799,1004198,2026-09-28 12:25:53
河南省,长江流域,陶岔,2026-09-28 11:00,3,24.57,7.99,5.98,259.203,5.499,1.53,,0.013,0.8787,0.0028,755583,2026-09-28 12:25:53
河南省,长江流域,三道河,2026-09-28 11:00,1,20.339,6.7,8.57,573.85,65.431,0.8,0.072,0.008,4.941,,,2026-09-28 12:25:53
河南省,长江流域,上河,2026-09-28 11:00,2,20.76,8.12,9.4,188.0544,6.4944,2.27,0.006,0.003,1.46748,,,2026-09-28 12:25:53
河南省,长江流域,方城夏河,2026-09-28 11:00,3,21.73,7.64,5.81,736.5225,24.982,2.7,0.37,0.152,7.352,,,2026-09-28 12:25:53
河南省,长江流域,内乡怀乡桥,2026-09-28 10:00,2,22.76359,7.87,7.12,487.5714,6.22999,2,0.007,0.02,3.1651,,,2026-09-28 12:25:53
河南省,淮河流域,吕楼桥,2026-09-28 11:00,4,23.35,7.59,3.91,1717.622,60.542,4.75,0.144,0.153,1.9155,,,2026-09-28 12:25:53
河南省,淮河流域,黄口,2026-09-28 12:00,3,24.15,8.24,6.75,1886.373,15.062,4.11,0.146,0.066,3.2936,,,2026-09-28 12:25:53
河南省,淮河流域,睢县板桥,2026-09-28 11:00,5,23.38,7.82,6.04,1524.33,163.58,7.57,1.598,0.341,8.377,,,2026-09-28 12:25:53
河南省,淮河流域,永城张板桥,2026-09-28 11:00,4,23.4,8.39,9.06,1352.3,125.52,8.27,0.113,0.217,2.474,,,2026-09-28 12:25:53
河南省,淮河流域,长台关甘岸桥,2026-09-28 11:00,3,22.86,7.4,6.17,315.87,9.95,4.03,0.023,0.059,1.352,,,2026-09-28 12:25:53
河南省,淮河流域,息县大埠口,2026-09-28 11:00,4,23.1318,7.22,4.34,300.5798,8.77521,3.45,,0.05,0.8313,,,2026-09-28 12:25:53
河南省,淮河流域,潢川水文站,2026-09-28 11:00,3,23.442,6.82,6.95,211.097,21.3802,3.36,0.024,0.122,1.6667,,,2026-09-28 12:25:53
河南省,淮河流域,淮滨北庙,2026-09-28 11:00,2,23.6,7.47,7.48,218.9232,82.1767,2.83,0.002,0.07,0.96698,,,2026-09-28 12:25:53
河南省,淮河流域,饮用水源地取水口,2026-09-28 11:00,2,24.08,7.23,6.09,163.33,7.98,3.11,0.102,0.015,0.603,0.047,78000,2026-09-28 12:25:53
河南省,淮河流域,竹竿铺,2026-09-28 11:00,2,22.84,7.49,6.24,187.92,12.95,2.44,0.028,0.052,0.431,,,2026-09-28 12:25:53
河南省,淮河流域,固始马罡,2026-09-28 11:00,3,23.9136,7.45,5.87,206.115,5.1173,3.1,0.012,0.024,0.634,,,2026-09-28 12:25:53
河南省,淮河流域,老沈丘泉河桥,2026-09-28 11:00,5,24.31,7.53,2.66,904.242,34.479,3.37,0.035,0.117,3.4038,,,2026-09-28 12:25:53
河南省,淮河流域,刘寨村后,2026-09-28 11:00,4,24.4,7.71,3.22,1455,47.92,4.37,0.304,0.131,3.0618,,,2026-09-28 12:25:53
河南省,淮河流域,西华大王庄,2026-09-28 11:00,4,23.3273,7.91,7.12,805.58,103.858,4.72,0.73,0.235,4.679,,,2026-09-28 12:25:53
河南省,淮河流域,周口康店,2026-09-28 11:00,4,24.33,7.63,4.85,842.4442,33.26,3.7,0.655,0.139,5.4675,,,2026-09-28 12:25:53
河南省,淮河流域,商水双桥,2026-09-28 11:00,4,23.86,7.53,3.64,773.0306,22.1306,3.15,,0.148,5.555,,,2026-09-28 12:25:53
河南省,淮河流域,鄢陵陶城闸,2026-09-28 11:00,4,23.1,7.64,4.09,1032.4,34.98,3.7,1.097,0.238,8.0362,,,2026-09-28 12:25:53
河南省,淮河流域,鹿邑付桥,2026-09-28 11:00,6,24.63,7.58,1.42,918.093,23.861,4.75,0.194,0.099,2.0629,,,2026-09-28 12:25:53
河南省,淮河流域,西华址坊,2026-09-28 11:00,3,22.79,7.89,7.01,946.58,35.25,2.54,0.11,0.159,6.855,,,2026-09-28 12:25:53
河南省,淮河流域,冯塘邱屯,2026-09-28 11:00,4,23.34,7.47,3.41,1085.633,39.71347,4.21,0.159,0.166,5.8811,,,2026-09-28 12:25:53
河南省,淮河流域,鹿邑宋河桥,2026-09-28 11:00,4,24.34,7.61,5.21,1174.65,10.65,6.44,0.039,0.159,2.308,,,2026-09-28 12:25:53
河南省,淮河流域,新蔡班台,2026-09-28 11:00,5,23.275,8.83,7.81,,3.583,4.13,0.736,0.322,3.405,,,2026-09-28 12:25:53
河南省,淮河流域,西平杨庄,2026-09-28 11:00,3,21.77,7.49,5.72,846.4211,24.35694,4.14,0.468,0.191,4.75964,,,2026-09-28 12:25:53
河南省,淮河流域,板桥水库,2026-09-28 11:00,4,22.85,7.4,3.06,238.7612,2.7,3.03,0.016,0.021,0.759,,,2026-09-28 12:25:53
河南省,淮河流域,西平王孟寺,2026-09-28 11:00,4,22.71916,7.24,4.69,905.7059,27.90943,2.66,0.081,0.175,3.93056,,,2026-09-28 12:25:53
河南省,淮河流域,新蔡李桥,2026-09-28 11:00,4,23.43,7.97,5.94,840.271,30.628,3.25,0.413,0.296,4.048,,,2026-09-28 12:25:53
河南省,黄河流域,小浪底水库,2026-09-28 11:00,2,23.95,8.14,6.79,983.964,9.471,1.66,0.052,0.031,3.024,,,2026-09-28 12:25:53
河南省,黄河流域,南山,2026-09-28 11:00,2,22.90312,8.06,7.66,1049.716,11.34491,1.54,0.007,0.021,3.30764,0.01215,3200000,2026-09-28 12:25:53
湖北省,长江流域,朱家河口,2026-09-28 11:00,4,25.491,7.37,4.3,494.938,88.664,4.46,0.063,0.105,2.637,,,2026-09-28 12:25:53
湖北省,长江流域,沐家泾,2026-09-28 11:00,3,25.39,7.06,5.74,205.479,287.294,4.55,0.111,0.127,1.889,,,2026-09-28 12:25:53
湖北省,长江流域,牛山湖湖心,2026-09-28 12:00,2,25.91,7.77,7.31,196.42,21.54,3.83,,0.021,0.437,0.0055,1.602935,2026-09-28 12:25:53
湖北省,长江流域,西梁子湖湖北,2026-09-28 12:00,3,26.0123,7.56,6.01,196.57,22.717,2.9,,0.028,0.166,0.00614,5195487,2026-09-28 12:25:53
湖北省,长江流域,宗关,2026-09-28 11:00,2,24.862,7.76,7.51,373.4,27.39,2.3,0.038,0.071,1.653,0.001123,,2026-09-28 12:25:53
湖北省,长江流域,杨泗港,2026-09-28 11:00,2,26.35,7.74,7.39,300.661,26.54,1.66,,0.032,1.93,,,2026-09-28 12:25:53
湖北省,长江流域,冯集,2026-09-28 11:00,2,25.39,7.33,7.41,231.215,15.89,3.41,0.13,0.094,1.112,,,2026-09-28 12:25:53
湖北省,长江流域,龙口,2026-09-28 11:00,3,25.82,7.43,6.16,215.78,18.07,5.19,0.067,0.06,0.833,,,2026-09-28 12:25:53
湖北省,长江流域,金水闸,2026-09-28 12:00,6,26.28,7.07,1.85,297.5,40.36,5.8,0.243,0.035,1.135,,,2026-09-28 12:25:53
湖北省,长江流域,郭玉,2026-09-28 11:00,2,25.545,7.47,7.75,225.65,13.267,2.52,0.034,0.072,2.029,,,2026-09-28 12:25:53
湖北省,长江流域,滠口,2026-09-28 11:00,4,25.65,7.1,4.75,238.3213,32.99,3.81,0.073,0.071,0.8682,,,2026-09-28 12:25:53
湖北省,长江流域,黄陵大桥,2026-09-28 11:00,2,26.272,7.27,6.02,488.954,44.332,3.71,0.128,0.095,1.31,,,2026-09-28 12:25:53
湖北省,长江流域,太平沙,2026-09-28 11:00,5,25.12,7.34,2.98,501.5,58.28,4.22,0.008,0.111,2.086,,,2026-09-28 12:25:53
湖北省,长江流域,白浒山,2026-09-28 11:00,2,26.35,7.75,6.28,356.8394,36.47603,1.06,0.01,0.077,2.110055,,,2026-09-28 12:25:53
湖北省,长江流域,挖沟泵站,2026-09-28 11:00,4,26.6575,7.12,3.26,1581.498,42.73666,4.65,0.604,0.145,2.63308,,,2026-09-28 12:25:53
湖北省,长江流域,富池闸,2026-09-28 12:00,4,28.48,7.25,4.99,231.5636,20.22858,2.19,0.029,0.043,1.234231,,,2026-09-28 12:25:53
湖北省,长江流域,夹河口,2026-09-28 11:00,4,23.21,7.7,4.13,316.9461,12.31,1.17,0.035,0.016,1.368,,,2026-09-28 12:25:53
湖北省,长江流域,天河口,2026-09-28 11:00,3,21.775,7.78,8.68,354.816,30.732,4.49,0.322,0.107,2.669,,,2026-09-28 12:25:53
湖北省,长江流域,焦家院,2026-09-28 11:00,2,22.04,7.86,6.04,238.707,11.534,2.18,0.022,0.044,1.3238,,,2026-09-28 12:25:53
湖北省,长江流域,孙家湾,2026-09-28 11:00,2,21.15,7.28,7.89,172.58,25.64,3.53,0.028,0.053,2.076,,,2026-09-28 12:25:53
湖北省,长江流域,浪河口,2026-09-28 11:00,2,22.1,7.44,7.99,123.7247,26.68,3.28,0.062,0.031,2.383,,,2026-09-28 12:25:53
湖北省,长江流域,丹江口水库坝上中,2026-09-28 11:00,3,25.03,7.65,5.26,248.87,1.237809,1.81,0.073,0.011,1.1279,0.0017595,5071000,2026-09-28 12:25:53
湖北省,长江流域,陈家坡,2026-09-28 11:00,2,23.42,7.7,6.71,290.23,11.52,2.06,0.026,0.027,1.2198,,,2026-09-28 12:25:53
湖北省,长江流域,潘口水库坝上,2026-09-28 11:00,3,23.18,7.76,5.7,194,1.9,1.6,,0.01,0.868,,,2026-09-28 12:25:53
湖北省,长江流域,剑河口,2026-09-28 11:00,2,24.8,7.2,7.6,230.49,0.22,2.03,0.012,0.022,1.152,,,2026-09-28 12:25:53
湖北省,长江流域,东湾桥,2026-09-28 11:00,3,19.54,7.53,9.29,203.9997,46.3,,0.176,0.147,3.8511,,,2026-09-28 12:25:53
湖北省,长江流域,玉皇滩,2026-09-28 11:00,1,22.071,8.22,8.28,376.8,2.882,0.59,0.023,0.019,1.449,,,2026-09-28 12:25:53
湖北省,长江流域,神定河口,2026-09-28 11:00,3,21.5,7.06,8.28,395.216,33.657,5.52,0.392,0.176,5.864,,,2026-09-28 12:25:53
湖北省,长江流域,泗河口,2026-09-28 11:00,3,21.11,7.22,7.77,243.2,30.891,5.68,0.217,0.127,2.883,,,2026-09-28 12:25:53
湖北省,长江流域,王河电站,2026-09-28 11:00,2,22,8.03,7.35,408.0325,15.22,2.36,0.08,0.038,1.3732,,,2026-09-28 12:25:53
湖北省,长江流域,隔河岩水库坝上,2026-09-28 11:00,2,20.09,7.85,7.1,227.21,2,1.5,0.005,0.013,1.895,0.03435,2153093,2026-09-28 12:25:53
湖北省,长江流域,长沙坝,2026-09-28 11:00,2,24.673,7.51,6.86,435.225,3.333,1.58,0.011,0.042,2.351,,,2026-09-28 12:25:53
湖北省,长江流域,清江大桥,2026-09-28 11:00,2,21.54,7.56,7.23,370.857,11.693,,,,,,,2026-09-28 12:25:53
湖北省,长江流域,南津关,2026-09-28 11:00,2,26.12,7.74,6.76,401.662,5.098794,2.04,0.007,0.046,2.2909,0.0767223,,2026-09-28 12:25:53
湖北省,长江流域,马渡河,2026-09-28 11:00,2,22.16,7.61,8.35,392.32,1.99,1.78,0.005,0.026,2.581,,,2026-09-28 12:25:53
湖北省,长江流域,铁路大桥,2026-09-28 11:00,2,21.94,7.85,7.38,436.9,14.3,2.08,0.029,0.061,2.498,,,2026-09-28 12:25:53
湖北省,长江流域,两河口,2026-09-28 11:00,2,23.251,7.62,7.28,568.3016,20.612,3.02,0.05,0.06,2.6074,,,2026-09-28 12:25:53
湖北省,长江流域,桅杆坪,2026-09-28 11:00,-1,,,,,,,,,,,,2026-09-28 12:25:53
湖北省,长江流域,白石港,2026-09-28 11:00,2,23.49,8.05,7.52,320.478,2.933,2.67,0.001,0.011,1.238,,,2026-09-28 12:25:53
湖北省,长江流域,云池,2026-09-28 11:00,2,25.38,7.78,6.45,394.78,8.07,,,0.045,2.161,,,2026-09-28 12:25:53
湖北省,长江流域,翟湾,2026-09-28 11:00,3,22.42,7.64,5.84,528.1851,56.0627,3.88,0.111,0.158,2.9644,,,2026-09-28 12:25:53
湖北省,长江流域,埠口,2026-09-28 11:00,4,22.80067,7.75,4.8,550.4504,53.11419,3.09,0.221,0.19,2.93007,,,2026-09-28 12:25:53
湖北省,长江流域,张湾,2026-09-28 11:00,3,22.17,7.46,6.39,487.887,28.75,2.59,0.103,0.159,3.329,,,2026-09-28 12:25:53
湖北省,长江流域,余家湖,2026-09-28 11:00,2,23.48,7.85,6.34,347.0599,25.34,2.47,0.087,0.037,,,,2026-09-28 12:25:53
湖北省,长江流域,聂家滩,2026-09-28 11:00,2,23.05,7.75,6.95,314.7947,12.96,1.85,0.063,0.06,1.566,,,2026-09-28 12:25:53
湖北省,长江流域,汤店,2026-09-28 11:00,4,22.9,7.48,4.08,689.1695,6.96,4.52,0.175,0.099,1.702,,,2026-09-28 12:25:53
湖北省,长江流域,沈湾,2026-09-28 11:00,3,19.07,7.7,5.37,318.6,5.53,2.29,0.062,0.025,1.365,,,2026-09-28 12:25:53
湖北省,长江流域,朱市,2026-09-28 11:00,3,22.05,8.03,7.15,564.2323,29.71,2.81,0.05,0.12,2.068,,,2026-09-28 12:25:53
湖北省,长江流域,茶庵,2026-09-28 11:00,2,22.98,8.22,8.35,343.1547,4.06,1.12,0.02,0.03,1.386,,,2026-09-28 12:25:53
湖北省,长江流域,马兰河口,2026-09-28 11:00,2,21.34,7.94,8.35,281.3,71.17,2.22,0.072,0.067,2.178,,,2026-09-28 12:25:53
湖北省,长江流域,燕矶,2026-09-28 11:00,2,26.36,7.7,7.3,347.45,30.37,1.35,0.046,0.052,2.058,,,2026-09-28 12:25:53
湖北省,长江流域,东梁子湖湖心,2026-09-28 12:00,3,26.41,7.92,7.31,199.459,34.619,3.32,,0.031,0.989,,,2026-09-28 12:25:53
湖北省,长江流域,梁子湖七星站,2026-09-28 12:00,2,26.56,7.71,6.4,198.9855,21.38425,3.65,0.065,0.02,1.073441,0.03447243,,2026-09-28 12:25:53
湖北省,长江流域,漳河水库库心,2026-09-28 11:00,1,23.88,8.36,9.25,306.9998,10.8898,1.75,,0.005,0.485,0.00025,9791000,2026-09-28 12:25:53
湖北省,长江流域,转斗,2026-09-28 11:00,2,22.32,7.65,6.59,420.178,9.4764,3.04,0.012,0.062,1.666,,,2026-09-28 12:25:53
湖北省,长江流域,罗汉闸,2026-09-28 11:00,2,23.23,7.74,9.15,345.92,32.32,0.98,0.015,0.054,1.5539,,,2026-09-28 12:25:53
湖北省,长江流域,京山河邓李港,2026-09-28 11:00,3,25.71,7.74,7.56,462.5482,17.6353,3.25,,0.122,2.064,,,2026-09-28 12:25:53
湖北省,长江流域,马良龚家湾,2026-09-28 11:00,4,23.828,7.21,4.16,552.931,53.4961,2.73,0.105,0.148,2.3845,,,2026-09-28 12:25:53
湖北省,长江流域,应城公路桥,2026-09-28 11:00,2,24.65,7.92,6.55,528.38,11.0358,2.08,0.014,0.028,0.5023,,,2026-09-28 12:25:53
湖北省,长江流域,田店泵站,2026-09-28 11:00,2,24.89,7.87,7.78,490.86,13.8243,2.24,,0.034,0.76841,,,2026-09-28 12:25:53
湖北省,长江流域,垌冢桥,2026-09-28 11:00,4,24.775,7.17,4.17,447.798,23.685,2.63,0.102,0.118,2.246,,,2026-09-28 12:25:53
湖北省,长江流域,新沟闸,2026-09-28 11:00,4,25.61,7.66,4.27,431.37,14.97,3.48,,0.069,1.137,,,2026-09-28 12:25:53
湖北省,长江流域,小河,2026-09-28 11:00,2,25.8,7.96,7.26,411.36,40.72,2.38,0.044,0.07,2.23,,,2026-09-28 12:25:53
湖北省,长江流域,孝昌王店,2026-09-28 11:00,2,24.18,7.28,6.8,366.21,7.0349,3.95,0.069,0.073,2.0967,,,2026-09-28 12:25:53
湖北省,长江流域,孝感河口大桥,2026-09-28 11:00,4,25.26,7.4,4.27,362.236,18.53,4.02,0.016,0.071,1.3032,,,2026-09-28 12:25:53
湖北省,长江流域,大悟河口,2026-09-28 11:00,2,24.09,7.6,7.22,272.9,11.83,3.11,0.054,0.036,0.5737,,,2026-09-28 12:25:53
湖北省,长江流域,安陆桑树,2026-09-28 11:00,3,24.91,7.76,5.51,538.82,15.8842,2,0.02,0.034,0.54118,,,2026-09-28 12:25:53
湖北省,长江流域,隔蒲桥,2026-09-28 11:00,3,25.46,7.11,5.15,401.25,12.986,4.69,0.176,0.061,1.0484,,,2026-09-28 12:25:53
湖北省,长江流域,汉川新堰,2026-09-28 11:00,4,25.64,7.31,3.54,525.22,41.823,,0.175,0.137,2.388,,,2026-09-28 12:25:53
湖北省,长江流域,杨柴湖,2026-09-28 11:00,5,24.7,6.76,4.9,345.8,12.5,4.53,0.011,0.104,0.585,0.00324,3694483,2026-09-28 12:25:53
湖北省,长江流域,排水闸,2026-09-28 11:00,4,25.74,7.49,4.81,394.8651,47.1634,3.16,,0.049,1.171,0.00099,1.724517,2026-09-28 12:25:53
湖北省,长江流域,洪湖湖心,2026-09-28 11:00,3,26,8.1,6.71,371.768,77.426,2.82,0.07,0.039,1.289,0.0012,43333.2,2026-09-28 12:25:53
湖北省,长江流域,观音寺,2026-09-28 11:00,2,25.27,7.85,6.82,388.96,6.19,,,0.048,2.325,,,2026-09-28 12:25:53
湖北省,长江流域,新刘家台,2026-09-28 11:00,2,25.645,7.89,6.36,431.45,11.876,2.09,0.03,0.042,3.283,,,2026-09-28 12:25:53
湖北省,长江流域,荆州河口,2026-09-28 11:00,2,24.41,7.73,7.02,507.548,40.1744,3.1,,0.06,2.667,,,2026-09-28 12:25:53
湖北省,长江流域,康家岗,2026-09-28 11:00,2,25.1,8.15,9.73,485.195,29.9134,1.76,,0.027,1.5653,,,2026-09-28 12:25:53
湖北省,长江流域,新河村,2026-09-28 11:00,4,25.275,7.45,3.32,463.95,33.635,3.66,0.227,0.143,2.095,,,2026-09-28 12:25:53
湖北省,长江流域,新滩,2026-09-28 11:00,3,26.1,7.5,5.28,454.25,58.295,3.49,0.01,0.099,2.383,,,2026-09-28 12:25:53
湖北省,长江流域,淤泥湖,2026-09-28 12:00,2,24.7,7.85,8.01,393.9,17.5,1.67,0.024,0.057,1.917,,,2026-09-28 12:25:53
湖北省,长江流域,杨家垱,2026-09-28 11:00,2,24.88,8.05,7.9,408.45,27.15,1.28,0.026,0.064,1.936,,,2026-09-28 12:25:53
湖北省,长江流域,调关,2026-09-28 11:00,2,25.79,7.75,7.76,380.7846,26.5774,1.2,0.042,0.051,2.1599,,,2026-09-28 12:25:53
湖北省,长江流域,三兴公,2026-09-28 11:00,2,25.094,7.98,8.4,508.922,15.809,3.25,0.018,0.054,0.645,,,2026-09-28 12:25:53
湖北省,长江流域,姚集,2026-09-28 11:00,3,25.4,7.67,5.66,455.8,39.2,2.51,0.074,0.096,1.911,,,2026-09-28 12:25:53
湖北省,长江流域,乌溪沟,2026-09-28 12:00,3,19.17655,7.93,8.2,389.7565,18.05863,1.13,0.045,0.119,3.322563,,,2026-09-28 12:25:53
湖北省,长江流域,白莲河水库坝上,2026-09-28 11:00,6,26.797,6.91,1.46,108,1.871,2.57,0.003,0.038,0.4717,0.015353,5841,2026-09-28 12:25:53
湖北省,长江流域,巴河镇河口,2026-09-28 11:00,2,26.706,7.86,7.94,188.328,5.661,2.72,,0.046,0.843,,,2026-09-28 12:25:53
湖北省,长江流域,兰溪大桥,2026-09-28 11:00,3,28.385,8.11,9.4,176.433,8.554,4.08,0.161,0.074,1.513,,,2026-09-28 12:25:53
湖北省,长江流域,中官铺,2026-09-28 11:00,2,26.906,7.75,7.07,343.921,48.83,1.94,0.008,0.054,1.842,,,2026-09-28 12:25:53
湖北省,长江流域,蕲春县八里湖,2026-09-28 11:00,3,28.65,7.07,5.08,235.5238,114.24,2.69,0.218,0.143,2.284,,,2026-09-28 12:25:53
湖北省,长江流域,咸宁湖心,2026-09-28 12:00,4,27.13,7.81,4.12,246.009,7.344,3.78,0.21,0.053,0.917,0.00628,2116271,2026-09-28 12:25:53
湖北省,长江流域,富水水库,2026-09-28 11:00,3,27.73,8.58,8.98,210.8507,13.03,2.35,0.021,0.029,0.685,0.02,2.499,2026-09-28 12:25:53
湖北省,长江流域,窑嘴大桥,2026-09-28 11:00,6,27.92,7.27,1.81,409.4772,20.35,2.53,0.14,,2.818,,,2026-09-28 12:25:53
湖北省,长江流域,陆溪口,2026-09-28 11:00,4,26.94,7.22,3.62,228.9,14.67,3.06,0.209,0.067,1.197,,,2026-09-28 12:25:53
湖北省,长江流域,洪下水文站,2026-09-28 11:00,2,26.6,8.07,8.79,164.7,3.73,0.88,0.024,0.038,0.903,,,2026-09-28 12:25:53
湖北省,长江流域,厉山,2026-09-28 11:00,3,23.92,7.38,5.22,299.8995,46.06,4.32,0.914,0.194,3.1666,,,2026-09-28 12:25:53
湖北省,长江流域,平林,2026-09-28 11:00,3,24.59,7.54,6.59,382.134,12.596,5.12,0.134,0.068,1.376,,,2026-09-28 12:25:53
湖北省,长江流域,涢水大桥,2026-09-28 11:00,4,24.12,7.33,3.71,402.2583,19.41,3.8,0.086,0.066,0.8081,,,2026-09-28 12:25:53
湖北省,长江流域,江口村,2026-09-28 11:00,1,24.43,8.53,10.29,188.93,5.839,0.93,0.031,0.011,1.041,,,2026-09-28 12:25:53
湖北省,长江流域,恩施大沙坝,2026-09-28 11:00,2,23.82,7.94,7.27,316.99,12,1.74,0.044,0.071,3.459,,,2026-09-28 12:25:53
湖北省,长江流域,雪照河,2026-09-28 11:00,2,19.1,8.2,9.15,327.32,20.432,1.63,,0.072,3.406,,,2026-09-28 12:25:53
湖北省,长江流域,周家坝,2026-09-28 11:00,2,20.86,7.77,7.9,203.45,46.21,1.35,,0.03,,,,2026-09-28 12:25:53
湖北省,长江流域,百福司镇,2026-09-28 11:00,2,23.514,7.6,7.93,253.025,1.397,1.31,0.024,0.03,1.434,,,2026-09-28 12:25:53
湖北省,长江流域,长顺乡,2026-09-28 11:00,2,20.027,7.69,8.8,206.107,80.3984,2.18,0.067,0.04,1.829,,,2026-09-28 12:25:53
湖北省,长江流域,黄腊石,2026-09-28 11:00,2,25.894,7.69,7.05,400.54,2.894,1.39,0.025,0.035,1.839,,,2026-09-28 12:25:53
湖北省,长江流域,乐坪桥,2026-09-28 11:00,2,19.374,7.87,9.64,217.576,10.819,1.04,0.004,0.03,1.172,,,2026-09-28 12:25:53
湖北省,长江流域,积玉口荷花村,2026-09-28 11:00,4,23.54,7.53,4.7,425.0645,50.7699,4.21,0.152,0.105,1.613,,,2026-09-28 12:25:53
湖北省,长江流域,潜江大桥,2026-09-28 11:00,2,23.34,7.76,8.26,364.827,10.2,2.4,,0.048,1.396,,,2026-09-28 12:25:53
湖北省,长江流域,运粮湖同心队,2026-09-28 11:00,4,24.103,7.49,3.03,506.75,43.495,3.32,0.108,0.135,2.477,,,2026-09-28 12:25:53
湖北省,长江流域,岳口,2026-09-28 11:00,2,25,7.98,6.65,376.3,20.3,2.61,0.011,0.059,1.945,,,2026-09-28 12:25:53
湖北省,长江流域,拖市,2026-09-28 11:00,4,23.49,7.28,3.49,807.9,31.118,,0.204,0.118,1.9753,,,2026-09-28 12:25:53
湖北省,长江流域,阳日湾,2026-09-28 11:00,4,16.469,8.23,10.02,279.188,180.782,2.54,0.133,0.223,1.5689,,,2026-09-28 12:25:53
湖南省,长江流域,昭山,2026-09-28 11:00,2,27.7,7.5,8.04,209,7.9,1.42,,0.051,1.452,,,2026-09-28 12:25:53
湖南省,长江流域,捞刀河口,2026-09-28 11:00,2,28.24,7.26,7.08,270.5,4.388,2.45,,0.081,2.363,,,2026-09-28 12:25:53
湖南省,长江流域,三角洲,2026-09-28 11:00,3,28.8,8,9.6,258.36,5.41,,0.039,0.115,3.161,,,2026-09-28 12:25:53
湖南省,长江流域,胜利,2026-09-28 11:00,3,27.68,7.19,5.76,409.35,7.3,3.04,0.045,0.052,1.35,,,2026-09-28 12:25:53
湖南省,长江流域,桔子洲,2026-09-28 11:00,2,27.54,7.81,7.6,215.4233,10.43,0.84,0.066,0.072,1.345,,,2026-09-28 12:25:53
湖南省,长江流域,湘东沿塘,2026-09-28 11:00,4,37.567,7.36,4.46,88.816,3.526,0.98,0.027,0.033,0.682,,,2026-09-28 12:25:53
湖南省,长江流域,渌水入河口,2026-09-28 11:00,2,30.181,8.08,9.08,284.0707,6.1673,1.83,0.014,0.065,1.615,,,2026-09-28 12:25:53
湖南省,长江流域,涟水入河口,2026-09-28 11:00,2,30.12,8.21,8.42,350.91,23.25,2.45,0.022,0.039,1.133,,,2026-09-28 12:25:53
湖南省,长江流域,西阳渡口,2026-09-28 11:00,2,27.28,7.91,10.8,342.69,19.891,1.77,0.068,0.027,1.528,,,2026-09-28 12:25:53
湖南省,长江流域,归阳镇,2026-09-28 11:00,2,29.95,7.93,8.54,185.54,117.17,1.45,0.014,0.024,1.088,,,2026-09-28 12:25:53
湖南省,长江流域,耒水入湘江口,2026-09-28 11:00,2,26.4858,7.59,6.5,220.2237,6.8054,1.17,0.007,0.057,1.366,,,2026-09-28 12:25:53
湖南省,长江流域,熬洲,2026-09-28 11:00,2,28.25,7.62,7.9,192.5997,5.8546,1.01,,0.042,1.232,,,2026-09-28 12:25:53
湖南省,长江流域,大河滩,2026-09-28 11:00,2,22.03,6.88,6.63,179.71,6.5,0.91,0.015,0.041,1.069,,,2026-09-28 12:25:53
湖南省,长江流域,草市镇,2026-09-28 11:00,2,28.3537,6.58,6.76,110.5996,12.7423,1.24,0.041,0.043,0.823,,,2026-09-28 12:25:53
湖南省,长江流域,洣水入湘江口,2026-09-28 11:00,2,28.718,7.85,7.32,117.3,6.66,1.26,0.02,0.031,0.875,,,2026-09-28 12:25:53
湖南省,长江流域,城北水厂,2026-09-28 11:00,1,27.37,7.89,7.83,202.86,8.36,1.51,0.005,,1.2618,,,2026-09-28 12:25:53
湖南省,长江流域,蒸水入湘江口,2026-09-28 11:00,2,31.531,8.63,10.16,270.3176,4.3377,3.64,0.034,0.097,1.724,,,2026-09-28 12:25:53
湖南省,长江流域,塘渡口,2026-09-28 11:00,2,28.84,8.11,7.97,154.9584,2.1434,1.26,0.035,0.025,1.097,,,2026-09-28 12:25:53
湖南省,长江流域,窑市,2026-09-28 11:00,2,26.83,7.22,7.3,59.7737,4.5215,1.08,0.02,0.026,0.641,,,2026-09-28 12:25:53
湖南省,长江流域,渡头村,2026-09-28 11:00,2,28.8,8.19,8.75,214.833,4.2347,1.36,0.012,0.04,0.958,,,2026-09-28 12:25:53
湖南省,长江流域,邵水入河口,2026-09-28 11:00,3,29.09,7.45,5.64,450.227,7.89,2.77,0.109,0.087,2.755,,,2026-09-28 12:25:53
湖南省,长江流域,绥宁河口镇,2026-09-28 11:00,1,26.8853,7.48,7.76,91.7533,2.2396,0.8,0.012,0.017,0.5563,,,2026-09-28 12:25:53
湖南省,长江流域,岳阳楼,2026-09-28 11:00,3,26.72,7.69,6.82,236.1909,51.06677,1.65,0.017,0.033,1.3025,0.0026719,225499,2026-09-28 12:25:53
湖南省,长江流域,城陵矶,2026-09-28 12:00,2,26.27,7.65,6.69,237.781,47.60272,2.09,0.007,0.036,1.4535,,,2026-09-28 12:25:53
湖南省,长江流域,荆江口,2026-09-28 11:00,2,26,7.69,7.68,395.8454,28.6187,0.94,0.053,0.043,2.1277,,,2026-09-28 12:25:53
湖南省,长江流域,六门闸,2026-09-28 11:00,3,26.93,7.9,5.18,462.1293,33.63,2.48,0.076,0.113,0.707,,,2026-09-28 12:25:53
湖南省,长江流域,南渡,2026-09-28 11:00,2,25.94,7.04,6.88,125.1,12.98,2.07,0.025,0.071,1.253,,,2026-09-28 12:25:53
湖南省,长江流域,八仙桥,2026-09-28 11:00,3,27.01,6.81,5.46,249.8073,51.1145,4.38,0.177,0.122,1.1227,,,2026-09-28 12:25:53
湖南省,长江流域,坡头,2026-09-28 11:00,2,26.61,7.91,8.24,205.3855,27.22975,1.31,,0.036,1.3341,0.0007899,,2026-09-28 12:25:53
湖南省,长江流域,蒋家嘴,2026-09-28 11:00,3,25,7.5,6.19,194.9372,22.95,1.63,0.04,0.034,1.0868,0.00193,3.0688,2026-09-28 12:25:53
湖南省,长江流域,澧水三江口,2026-09-28 11:00,2,24.85248,7.72,7.45,243.128,3.07732,0.89,0.009,0.025,1.04022,,,2026-09-28 12:25:53
湖南省,长江流域,窑坡渡,2026-09-28 11:00,2,24.28,8.05,6.68,292.3718,18.281,1.55,0.097,0.025,1.2136,,,2026-09-28 12:25:53
湖南省,长江流域,马坡湖,2026-09-28 11:00,2,25.51,8.03,7.01,398.543,24.651,2.04,0.036,0.057,1.895,,,2026-09-28 12:25:53
湖南省,长江流域,陈家河,2026-09-28 11:00,2,26.671,8.24,7.93,197.804,3.832,1.45,0.011,0.031,0.958,,,2026-09-28 12:25:53
湖南省,长江流域,永定澄潭,2026-09-28 11:00,2,26.25,7.63,7.17,236.28,2.885,1.56,0.003,0.022,0.814,,,2026-09-28 12:25:53
湖南省,长江流域,藕池河中支入境,2026-09-28 11:00,6,25.681,7.84,1.26,465.345,14.565,,0.001,0.049,,,,2026-09-28 12:25:53
湖南省,长江流域,万家嘴,2026-09-28 11:00,2,27.68,7.66,7.1,186.9998,10.36792,1.26,0.052,0.047,1.9331,0.0020283,206388.7,2026-09-28 12:25:53
湖南省,长江流域,南嘴,2026-09-28 11:00,3,27.29,8.15,6.96,213.3345,53.60098,0.97,,0.034,1.406,0.01775,406000.4,2026-09-28 12:25:53
湖南省,长江流域,小河嘴,2026-09-28 11:00,3,26.61,8.07,6.78,216.25,37.1796,1.56,,0.048,1.132,0.00924483,5.41895,2026-09-28 12:25:53
湖南省,长江流域,坪口,2026-09-28 11:00,6,28.12,9.09,15.46,180.3,29.252,2.28,0.036,0.038,1.45,,,2026-09-28 12:25:53
湖南省,长江流域,桃谷山,2026-09-28 11:00,2,26.01,7.73,6.01,208.523,6.6791,1.69,,0.057,1.546,,,2026-09-28 12:25:53
湖南省,长江流域,头山,2026-09-28 11:00,1,28.74,8.48,9.34,128.69,1.93,0.83,0.004,0.003,0.4448,0.0029,4498000,2026-09-28 12:25:53
湖南省,长江流域,渡口大桥,2026-09-28 11:00,2,29.58,7.3,6.98,155.35,15.4,1.8,0.075,0.096,0.9993,,,2026-09-28 12:25:53
湖南省,长江流域,绿埠头,2026-09-28 11:00,1,28.93,8.17,9.87,185.37,1.61,0.8,0.005,0.014,0.777,,,2026-09-28 12:25:53
湖南省,长江流域,诸葛庙,2026-09-28 11:00,2,28.78,7.59,7.61,176.75,7.38,1.4,,0.023,0.853,,,2026-09-28 12:25:53
湖南省,长江流域,五强溪,2026-09-28 11:00,2,26.95,7.62,6.06,182.074,1.7305,0.86,0.025,0.044,1.079,,,2026-09-28 12:25:53
湖南省,长江流域,铜信溪电站,2026-09-28 11:00,2,28.03,8.13,7.94,322.28,1.17,1.89,0.012,0.099,,,,2026-09-28 12:25:53
湖南省,长江流域,地阳坪公路大桥,2026-09-28 11:00,2,28.43,7.54,8.24,117.837,5.7689,1.41,,0.037,0.385,,,2026-09-28 12:25:53
湖南省,长江流域,托口渠水,2026-09-28 11:00,2,27.52,7.97,7.8,103.3,1.813,1.18,0.008,0.023,0.593,,,2026-09-28 12:25:53
湖南省,长江流域,舞水入河口,2026-09-28 11:00,2,27.29,8.03,6.21,352.5,0.46,1.01,0.01,0.055,1.393,,,2026-09-28 12:25:53
湖南省,长江流域,溪子口,2026-09-28 11:00,3,25.53,7.41,5.62,260.5,0.929,0.56,0.006,0.017,1.329,,,2026-09-28 12:25:53
湖南省,长江流域,街埠头,2026-09-28 11:00,1,29.73,8.48,16.2,360.156,7.7589,,0.0003,0.018,1.291,,,2026-09-28 12:25:53
湖南省,长江流域,浦市上游,2026-09-28 11:00,2,28.4,7.91,8.29,196.49,5.64,0.88,,0.034,1.117,,,2026-09-28 12:25:53
湖南省,长江流域,里耶镇,2026-09-28 11:00,2,23.95,7.74,6.2,242.32,5.01,0.9,,0.018,1.179,,,2026-09-28 12:25:53
湖南省,长江流域,江口,2026-09-28 11:00,3,27.3,7.79,5.19,254.7066,5.8037,0.7,,0.012,1.036,,,2026-09-28 12:25:53
湖南省,长江流域,武水汇合口,2026-09-28 11:00,2,28.27,8.09,8.47,187.101,5.4651,1.14,,0.028,0.899,,,2026-09-28 12:25:53
广东省,珠江流域,蕉门,2026-09-28 11:00,3,30.31,7.73,5.68,14256.34,255.972,5.45,0.051,0.075,2.905,,,2026-09-28 12:25:53
广东省,珠江流域,洪奇沥,2026-09-28 11:00,3,30.066,7.74,6.17,683.678,127.048,4.2,0.004,0.084,2.522,,,2026-09-28 12:25:53
广东省,珠江流域,莲花山,2026-09-28 11:00,4,31.302,7.3,4.22,606.634,127.013,4.91,0.002,0.113,4.17,,,2026-09-28 12:25:53
广东省,珠江流域,流溪河山庄,2026-09-28 11:00,2,31.35,7.14,7.26,110.587,8.08,1.41,0.002,0.021,1.311,,,2026-09-28 12:25:53
广东省,珠江流域,官坦,2026-09-28 11:00,6,31.321,7.5,5.37,294.877,68.17,41.4,0.005,0.093,2.274,,,2026-09-28 12:25:53
广东省,珠江流域,大龙涌口,2026-09-28 11:00,3,31.101,7.39,5.96,221.549,27.738,1.68,0.005,0.043,2.18,,,2026-09-28 12:25:53
广东省,珠江流域,九龙潭,2026-09-28 11:00,2,30.375,6.89,7.26,87.101,11.584,1.14,0.008,0.027,1.01,,,2026-09-28 12:25:53
广东省,珠江流域,增江口,2026-09-28 11:00,4,31.928,6.78,3.86,90.811,33.598,1.5,0.014,0.047,1.538,,,2026-09-28 12:25:53
广东省,珠江流域,鸦岗,2026-09-28 11:00,5,31.67,7.05,2.41,358.9,56.54,3.36,0.108,0.128,3.719,,,2026-09-28 12:25:53
广东省,珠江流域,墩头基,2026-09-28 11:00,4,31.53,7.37,4.78,448.4175,135.7832,4.64,0.139,0.109,4.21,,,2026-09-28 12:25:53
广东省,珠江流域,大墩,2026-09-28 11:00,3,31.931,6.95,5.76,136.477,22.099,1.25,0.031,0.066,1.851,,,2026-09-28 12:25:53
广东省,珠江流域,十里亭,2026-09-28 11:00,2,30.003,8.05,8.28,234.127,19.352,0.93,0.018,0.029,1.027,,,2026-09-28 12:25:53
广东省,珠江流域,长坝,2026-09-28 11:00,2,30.658,8.11,8.93,85.469,10.073,1.56,0.011,0.044,0.774,,,2026-09-28 12:25:53
广东省,珠江流域,三溪桥,2026-09-28 11:00,2,29.32,8.17,7.74,377.95,3.31,1.4,0.005,0.036,0.933,,,2026-09-28 12:25:53
广东省,珠江流域,高桥,2026-09-28 11:00,2,30.32975,7.32,6.7,184.1062,6.0377,0.98,0.035,0.043,1.01206,,,2026-09-28 12:25:53
广东省,珠江流域,深圳河口,2026-09-28 11:00,4,30.4815,7.2,5.9,15726.4,95.44553,5.87,0.159,0.245,4.79592,,,2026-09-28 12:25:53
广东省,珠江流域,小漠桥,2026-09-28 11:00,2,32.061,8.04,6.23,34877.99,13.923,2.97,,0.019,1.01,,,2026-09-28 12:25:53
广东省,珠江流域,共和村,2026-09-28 11:00,4,29.15,7.55,5.72,7108.159,36.669,6.31,0.549,0.252,9.887,,,2026-09-28 12:25:53
广东省,珠江流域,珠海大桥,2026-09-28 11:00,2,30.73,7.9,7.38,346.485,57.158,1.44,0.019,0.062,2.417,,,2026-09-28 12:25:53
广东省,珠江流域,石角咀水闸,2026-09-28 11:00,4,31.1,7.5,4.45,492.758,88.039,2.62,0.121,0.129,2.887,,,2026-09-28 12:25:53
广东省,珠江流域,鸡啼门大桥,2026-09-28 11:00,2,30.24,7.94,7.02,606.2,67.95,1.49,,0.072,2.622,,,2026-09-28 12:25:53
广东省,珠江流域,布洲,2026-09-28 11:00,2,29.79,8.04,8.01,270.367,51.625,2.27,0.004,0.048,2.142,,,2026-09-28 12:25:53
广东省,珠江流域,隆都,2026-09-28 11:00,2,29.666,7.27,8.15,101.534,9.719,1.23,0.007,0.034,1.777,,,2026-09-28 12:25:53
广东省,珠江流域,海门湾桥闸,2026-09-28 11:00,3,32.76,8.38,12.23,524.16,36.98,4.28,0.742,0.162,3.874,,,2026-09-28 12:25:53
广东省,珠江流域,升平,2026-09-28 11:00,2,29.751,7.14,7.35,3384.736,10.16,1.48,0.042,0.047,1.525,,,2026-09-28 12:25:53
广东省,珠江流域,外砂,2026-09-28 11:00,1,30.841,8.33,8.6,101.924,1.223,1.16,0.005,0.02,1.137,,,2026-09-28 12:25:53
广东省,珠江流域,莲阳桥闸,2026-09-28 11:00,2,30.824,7.6,8.44,98.113,5.199,1.13,0.004,0.026,1.217,,,2026-09-28 12:25:53
广东省,珠江流域,大衙,2026-09-28 11:00,2,33.167,7.14,6.83,109.387,15.509,1.46,0.006,0.03,1.37265,,,2026-09-28 12:25:53
广东省,珠江流域,平洲,2026-09-28 11:00,3,30.991,7.5,5.51,193.236,19.432,2.39,0.02,0.086,2.147,,,2026-09-28 12:25:53
广东省,珠江流域,乌洲,2026-09-28 11:00,3,31.049,7.53,5.57,217.706,24.694,1.47,0.002,0.068,2,,,2026-09-28 12:25:53
广东省,珠江流域,苍山渡口,2026-09-28 11:00,3,30.96,7.68,5.68,7499.3,56.601,,0.266,0.114,2.389,,,2026-09-28 12:25:53
广东省,珠江流域,牛湾,2026-09-28 11:00,3,32.4,6.82,5.55,230.44,46.34,3.62,0.045,0.089,2.388,,,2026-09-28 12:25:53
广东省,珠江流域,渠首,2026-09-28 11:00,4,31.13,7.61,4.99,126.11,18.34,4.41,0.253,0.025,0.984,0.00901,3236996,2026-09-28 12:25:53
广东省,珠江流域,黄坡,2026-09-28 11:00,2,32.32,7.34,6.24,128.9,16.86,3,0.068,0.08,1.51,,,2026-09-28 12:25:53
广东省,珠江流域,山角,2026-09-28 11:00,2,32.88,8.49,9.24,148.91,6.24,3.63,0.028,0.03,1.816,,,2026-09-28 12:25:53
广东省,珠江流域,运河管理局,2026-09-28 11:00,3,32.01,8.19,8.84,125.3,27.93,4.38,0.025,0.025,0.87,,,2026-09-28 12:25:53
广东省,珠江流域,排里,2026-09-28 11:00,3,31.78,7.93,9.55,179.91,8.43,5.02,0.031,0.064,1.127,,,2026-09-28 12:25:53
广东省,珠江流域,南渡河桥,2026-09-28 11:00,3,32.43,6.4,5.92,164.04,11.11,3.72,0.098,0.041,,,,2026-09-28 12:25:53
广东省,珠江流域,营仔,2026-09-28 11:00,3,31.3,7.08,5.81,171.96,13.61,4.63,0.155,0.065,,,,2026-09-28 12:25:53
广东省,珠江流域,黄竹尾水闸,2026-09-28 11:00,2,32.52,7.71,6.8,144.77,16.29,4,0.009,0.068,1.878,,,2026-09-28 12:25:53
广东省,珠江流域,塘口,2026-09-28 11:00,2,31.88,8.66,10.43,128.43,5.6,2.81,0.031,0.09,2.039,,,2026-09-28 12:25:53
广东省,珠江流域,石碧,2026-09-28 11:00,3,31.535,6.32,6.13,281.236,29.324,4.59,0.207,0.166,5.343,,,2026-09-28 12:25:53
广东省,珠江流域,石骨水库,2026-09-28 11:00,2,30.643,,8.61,69.9,6.7952,1.84,0.015,0.014,0.352,,,2026-09-28 12:25:53
广东省,珠江流域,良德水库,2026-09-28 11:00,1,32.1,8.4,8.63,63.442,11.876,1.74,0.019,0.007,,0.00452,1154540,2026-09-28 12:25:53
广东省,珠江流域,江口门,2026-09-28 10:00,3,31.37,6.9,5.64,124.8,13.6,2.54,0.049,0.077,1.849,,,2026-09-28 12:25:53
广东省,珠江流域,米急渡,2026-09-28 11:00,2,31.06,7.01,6.07,119.918,11.456,2.16,0.233,0.1,1.857,,,2026-09-28 12:25:53
广东省,珠江流域,梁村,2026-09-28 11:00,2,30.8894,7.49,6.34,182.9552,19.29686,1.41,0.026,0.062,1.784,,,2026-09-28 12:25:53
广东省,珠江流域,封开城上,2026-09-28 11:00,2,24.266,7.36,9.23,,11.337,,0.009,0.028,2.463,,,2026-09-28 12:25:53
广东省,珠江流域,白沙街,2026-09-28 11:00,2,30.047,7.84,7.04,218.642,9.977,1.08,,0.032,1.288,,,2026-09-28 12:25:53
广东省,珠江流域,黄岗,2026-09-28 11:00,2,30.407,7.99,7.03,243.433,18.764,,0.01,0.016,2.111,,,2026-09-28 12:25:53
广东省,珠江流域,永安,2026-09-28 11:00,2,30.643,7.69,6.47,261.551,26.759,1.41,0.004,0.03,2.27,,,2026-09-28 12:25:53
广东省,珠江流域,紫溪,2026-09-28 11:00,3,30.387,7.12,5.28,532.443,24.73,2.93,0.16,0.095,6.66,,,2026-09-28 12:25:53
广东省,珠江流域,东江江口,2026-09-28 11:00,2,28.3,7.14,8.23,88.36591,6.579988,1.18,0.013,0.021,1.329,,,2026-09-28 12:25:53
广东省,珠江流域,博罗城下,2026-09-28 11:00,2,29.406,7.16,6.62,124.16,13.802,1.56,0.066,0.046,1.854,,,2026-09-28 12:25:53
广东省,珠江流域,惠州汝湖,2026-09-28 11:00,2,29.835,7.5,8.76,87.106,6.279,2.09,0.008,0.03,1.249,,,2026-09-28 12:25:53
广东省,珠江流域,沙河河口,2026-09-28 11:00,4,30.957,6.84,3.79,531.45,7.476,2.9,0.562,0.078,3.236,,,2026-09-28 12:25:53
广东省,珠江流域,马安大桥下,2026-09-28 11:00,4,30.113,6.62,4.07,83.532,39.769,2.19,0.202,0.061,1.795,,,2026-09-28 12:25:53
广东省,珠江流域,虎爪断桥,2026-09-28 11:00,4,31.573,7.29,4.82,10857.36,9.175,3.22,0.548,0.13,8.059,,,2026-09-28 12:25:53
广东省,珠江流域,公庄河口,2026-09-28 11:00,2,31.5,7.25,9.29,203.7,22.9,2.31,,0.083,1.907,,,2026-09-28 12:25:53
广东省,珠江流域,青溪,2026-09-28 11:00,2,29.35452,7.53,7.36,278.0556,4.8877,1.13,0.018,0.041,1.26163,,,2026-09-28 12:25:53
广东省,珠江流域,大麻,2026-09-28 11:00,3,29.364,7.08,5.74,119.231,18.456,1.35,,0.048,1.804,,,2026-09-28 12:25:53
广东省,珠江流域,西阳电站,2026-09-28 11:00,4,30.91,7.06,4.76,121.492,25.152,1.45,0.126,0.067,1.889,,,2026-09-28 12:25:53
广东省,珠江流域,五丰渡口,2026-09-28 11:00,2,28.11,6.81,6.17,97.9,39.25,1.44,0.291,0.041,4.7671,,,2026-09-28 12:25:53
广东省,珠江流域,新铺,2026-09-28 11:00,2,28.52,7.38,6.39,103.164,35.546,,0.129,0.032,1.4679,,,2026-09-28 12:25:53
广东省,珠江流域,海丰西闸,2026-09-28 12:00,2,32.85,7.99,7.44,360.7,5.4,2.3,0.04,0.019,0.459,,,2026-09-28 12:25:53
广东省,珠江流域,陆丰半湾水闸,2026-09-28 11:00,1,30.987,8.04,8.94,60.13,4.994,1.42,0.008,0.02,0.864,,,2026-09-28 12:25:53
广东省,珠江流域,东溪水闸,2026-09-28 12:00,3,31.8,6.9,7.06,156.545,18.806,4.66,0.174,0.065,0.869,,,2026-09-28 12:25:53
广东省,珠江流域,庙咀里,2026-09-28 11:00,2,29.056,6.89,6.1,180.675,13.95,1.34,0.054,0.027,1.35,,,2026-09-28 12:25:53
广东省,珠江流域,龙川城铁路桥,2026-09-28 11:00,2,29.225,7,7.64,79.345,8.332,1.4,0.013,0.033,1.526,,,2026-09-28 12:25:53
广东省,珠江流域,江城,2026-09-28 10:00,3,31.22,6.92,5.46,131.724,18.689,2.39,0.218,0.114,1.574,,,2026-09-28 12:25:53
广东省,珠江流域,尖山,2026-09-28 11:00,4,31.22,6.67,4.21,430.75,73.97,3.8,0.196,0.14,2.356,,,2026-09-28 12:25:53
广东省,珠江流域,埠场,2026-09-28 11:00,4,31.27,6.88,4.35,303.466,34.778,2.62,0.179,0.103,1.359,,,2026-09-28 12:25:53
广东省,珠江流域,大泉,2026-09-28 11:00,4,31.42,6.87,4.07,6716.6,26.8,2.4,0.264,0.079,1.812,,,2026-09-28 12:25:53
广东省,珠江流域,北江石尾,2026-09-28 11:00,2,31.278,7.91,7.18,197.617,20.783,1.37,0.01,0.033,1.372,,,2026-09-28 12:25:53
广东省,珠江流域,石角,2026-09-28 11:00,2,30.8293,8,7.7,176.2538,10.27094,1.24,0.001,0.022,1.341,,,2026-09-28 12:25:53
广东省,珠江流域,连江西牛,2026-09-28 11:00,2,30.602,8.23,7.79,225.821,21.814,0.88,,0.021,0.912,,,2026-09-28 12:25:53
广东省,珠江流域,樟村,2026-09-28 11:00,4,31.39,7,4.36,570.718,13.03,3.45,0.241,0.129,7.143,,,2026-09-28 12:25:53
广东省,珠江流域,沙田泗盛,2026-09-28 11:00,2,,,,,,2.49,0.014,0.066,,,,2026-09-28 12:25:53
广东省,珠江流域,旗岭,2026-09-28 11:00,3,31.95,7.35,6.67,506.831,29.87,3.47,0.073,0.165,7.04,,,2026-09-28 12:25:53
广东省,珠江流域,石龙南河,2026-09-28 11:00,2,30.83,7.04,6.9,128.024,17.755,1.4,,0.048,1.508,,,2026-09-28 12:25:53
广东省,珠江流域,中山港码头,2026-09-28 11:00,2,30.17,8,7.01,271.93,28.007,1.84,0.038,0.09,2.532,,,2026-09-28 12:25:53
广东省,珠江流域,赤凤,2026-09-28 12:00,2,29.4,7,6.88,104.6,21.09,0.9,0.021,0.099,1.481,,,2026-09-28 12:25:53
广东省,珠江流域,凤江桥,2026-09-28 11:00,2,28.576,6.96,6.6,103.185,8.659,1.95,0.062,0.09,2.127,,,2026-09-28 12:25:53
广东省,珠江流域,隆溪大道桥,2026-09-28 11:00,3,30.831,6.64,5.67,331.596,14.795,1.4,0.093,0.033,1.49,,,2026-09-28 12:25:53
广东省,珠江流域,龙石,2026-09-28 11:00,4,31.414,6.85,3.09,160.461,17.06,2.94,0.973,0.148,3.453,,,2026-09-28 12:25:53
广东省,珠江流域,龟山塔,2026-09-28 11:00,2,31.11,7.37,7.72,78.013,2.001,1.12,0.132,0.062,1.0772,,,2026-09-28 12:25:53
广东省,珠江流域,古封,2026-09-28 11:00,2,30.64,7.88,7.08,279.4,8.22,1.15,0.014,0.024,2.189,,,2026-09-28 12:25:53
广东省,珠江流域,都骑,2026-09-28 11:00,4,25.28,8.23,9,,9.113,1.96,1.008,,,,,2026-09-28 12:25:53
广西壮族自治区,珠江流域,老口,2026-09-28 11:00,1,29.9933,7.92,9.88,279.7515,12.38182,0.75,0.005,0.018,2.271239,,,2026-09-28 12:25:53
广西壮族自治区,珠江流域,叮当,2026-09-28 11:00,2,30.63,7.79,9.17,323.486,8.592,1.28,0.048,0.061,3.736,,,2026-09-28 12:25:53
广西壮族自治区,珠江流域,六景,2026-09-28 11:00,2,29.99,8.01,6.95,309.08,3.93,1.3,,0.026,2.293,,,2026-09-28 12:25:53
广西壮族自治区,珠江流域,雁江,2026-09-28 10:00,2,30.46445,7.85,6.08,366.6175,5.35951,1.24,0.002,0.017,1.68552,,,2026-09-28 12:25:53
广西壮族自治区,珠江流域,上中,2026-09-28 11:00,2,30.66,7.94,7.32,304.2948,8.52739,1.53,0.016,0.019,1.95108,,,2026-09-28 12:25:53
广西壮族自治区,珠江流域,白马,2026-09-28 11:00,2,29.82,8.02,7.58,392.45,5.09,0.97,0.013,0.023,2.347,,,2026-09-28 12:25:53
广西壮族自治区,珠江流域,露塘,2026-09-28 11:00,1,29.91,7.85,7.75,200.4974,12.92889,1.01,0.008,0.007,1.09938,,,2026-09-28 12:25:53
广西壮族自治区,珠江流域,渔村,2026-09-28 11:00,1,31.344,8.25,7.51,240.078,2.779,1.22,0.006,0.02,1.165,,,2026-09-28 12:25:53
广西壮族自治区,珠江流域,木洞,2026-09-28 11:00,2,30.292,7.49,7.16,84.652,1.28,0.56,0.018,0.005,0.556,,,2026-09-28 12:25:53
广西壮族自治区,珠江流域,龙溪,2026-09-28 11:00,2,30.638,7.81,7.16,162.063,2.129,1.4,0.051,0.019,1.308,,,2026-09-28 12:25:53
广西壮族自治区,珠江流域,阳朔,2026-09-28 11:00,2,30.09,8.03,6.94,231.354,2.05,1.46,0.019,0.042,1.6173,,,2026-09-28 12:25:53
广西壮族自治区,珠江流域,交州,2026-09-28 11:00,2,27.542,7.19,7.36,71.783,2.557,1.06,0.001,0.01,0.536,,,2026-09-28 12:25:53
广西壮族自治区,珠江流域,京南,2026-09-28 11:00,2,30.69408,7.54,6.93,181.521,3.03813,1.17,0.006,0.027,1.12896,,,2026-09-28 12:25:53
广西壮族自治区,珠江流域,亚桥,2026-09-28 11:00,3,30.02,6.97,7.06,226.348,16.758,1.64,0.022,0.107,2.344,,,2026-09-28 12:25:53
广西壮族自治区,珠江流域,东边埇,2026-09-28 11:00,2,28.42,6.89,6.22,75.2266,27.4067,2.46,0.036,0.086,2.103,,,2026-09-28 12:25:53
广西壮族自治区,珠江流域,南域,2026-09-28 11:00,2,31.04,7.08,7.43,226.9597,7.14712,3.88,0.026,0.099,2.77174,,,2026-09-28 12:25:53
广西壮族自治区,珠江流域,西门江,2026-09-28 11:00,4,30.42,6.69,4.6,234.608,26.979,2.92,0.313,0.148,2.7549,,,2026-09-28 12:25:53
广西壮族自治区,珠江流域,高速公路桥,2026-09-28 11:00,2,31.22,7.12,6.64,149.49,8.87,3.73,0.107,0.075,2.0165,,,2026-09-28 12:25:53
广西壮族自治区,珠江流域,三滩,2026-09-28 11:00,2,30.99,7.29,11.14,6799.98,9.38,2.75,0.148,0.077,1.202,,,2026-09-28 12:25:53
广西壮族自治区,珠江流域,边贸码头,2026-09-28 11:00,4,29.08,6.85,4.03,116.84,28.8,1.65,0.513,0.145,1.99,,,2026-09-28 12:25:53
广西壮族自治区,珠江流域,高塘,2026-09-28 11:00,2,30.09,6.59,7.29,65.46,16.98,2.51,0.07,0.058,1.687,,,2026-09-28 12:25:53
广西壮族自治区,珠江流域,茅岭大桥,2026-09-28 11:00,2,30.85,7.43,6.93,2284.51,10.85,2.36,0.005,0.049,0.794,,,2026-09-28 12:25:53
广西壮族自治区,珠江流域,钦江东,2026-09-28 11:00,2,30.13017,7.43,6.03,3666.707,23.90915,2.68,0.113,0.045,2.06694,,,2026-09-28 12:25:53
广西壮族自治区,珠江流域,高速公路西桥,2026-09-28 11:00,4,30.92,6.9,4.01,1055.87,26.67,5.24,0.655,0.165,3.332,,,2026-09-28 12:25:53
广西壮族自治区,珠江流域,武林渡口,2026-09-28 11:00,2,30.484,7.86,7.04,315.555,35.331,0.98,0.015,0.023,2.505,,,2026-09-28 12:25:53
广西壮族自治区,珠江流域,火电厂,2026-09-28 11:00,2,30.58,7.95,6.99,303.902,5.954,1.6,0.009,0.023,2.499,,,2026-09-28 12:25:53
广西壮族自治区,珠江流域,自良渡口,2026-09-28 11:00,3,30.32,7.04,5.65,128.9742,17.03633,1.61,0.02,0.061,1.76514,,,2026-09-28 12:25:53
广西壮族自治区,珠江流域,横塘,2026-09-28 11:00,3,31.04,7.27,6.77,397.638,9.45136,,0.001,0.159,,,,2026-09-28 12:25:53
广西壮族自治区,珠江流域,隘屯,2026-09-28 11:00,2,25.1721,8.17,9.55,356.2152,19.55614,0.18,0.011,0.025,1.757177,,,2026-09-28 12:25:53
广西壮族自治区,珠江流域,公篓,2026-09-28 11:00,2,29.77,8.13,6.89,266.34,3.54,0.97,0.031,0.02,1.169,,,2026-09-28 12:25:53
广西壮族自治区,珠江流域,桂花,2026-09-28 11:00,2,29.81,7.61,6.94,195.8139,6.02015,1.1,0.005,0.034,1.28575,,,2026-09-28 12:25:53
广西壮族自治区,珠江流域,贺街,2026-09-28 11:00,2,29.58,7.77,7.27,211.24,10.2,1.51,,0.035,1.056,,,2026-09-28 12:25:53
广西壮族自治区,珠江流域,杨民,2026-09-28 11:00,2,28.92,7.62,6.16,354.009,1.399,1.24,0.017,0.016,1.855,,,2026-09-28 12:25:53
广西壮族自治区,珠江流域,岩滩水库,2026-09-28 11:00,2,29.711,8.48,12.45,286.358,5.948,1.93,0.001,0.02,1.921,0.011188,6066873,2026-09-28 12:25:53
广西壮族自治区,珠江流域,车渡,2026-09-28 11:00,2,27.808,7.81,7.06,377.458,2.925,1.07,0.014,0.017,2.534,,,2026-09-28 12:25:53
广西壮族自治区,珠江流域,垒亭,2026-09-28 11:00,1,27.7594,7.75,7.62,370.8758,1.72195,0.83,0.006,0.015,1.96829,,,2026-09-28 12:25:53
广西壮族自治区,珠江流域,象州运江老街,2026-09-28 11:00,1,29.939,8.05,7.97,208.702,4.916,1.03,0.008,0.019,1.541,,,2026-09-28 12:25:53
广西壮族自治区,珠江流域,勒马,2026-09-28 11:00,2,28.445,7.9,6.78,322.606,4.76,0.97,0.007,0.019,2.309,,,2026-09-28 12:25:53
广西壮族自治区,珠江流域,上金,2026-09-28 11:00,2,30.66,6.95,6.87,135.8013,38.2833,1.56,,0.02,1.7832,,,2026-09-28 12:25:53
广西壮族自治区,珠江流域,渠立,2026-09-28 11:00,1,29.2,7.87,12.17,325.627,11.223,0.86,0.041,0.011,1.814,,,2026-09-28 12:25:53
广西壮族自治区,珠江流域,棉江,2026-09-28 11:00,2,29.66,7.57,7.36,215.17,11.851,1.2,,0.017,1.5225,,,2026-09-28 12:25:53
海南省,珠江流域,龙塘,2026-09-28 11:00,2,30.7,7.53,7.12,99,5.8,2.22,0.029,0.07,1.55,,,2026-09-28 12:25:53
海南省,珠江流域,儒房,2026-09-28 11:00,2,31.3,7.78,8.03,10831.1,20.5,2.68,0.171,0.05,1.47,,,2026-09-28 12:25:53
海南省,珠江流域,后黎村,2026-09-28 11:00,2,30.7,7.2,7.91,85,30.5,2.68,0.009,0.068,1.811,,,2026-09-28 12:25:53
海南省,珠江流域,林家村,2026-09-28 11:00,2,29.79,7.02,7.51,143.28,30.25,,0.03,0.038,2.643,,,2026-09-28 12:25:53
海南省,珠江流域,崖城大桥,2026-09-28 11:00,2,28.9,6.7,7.93,108.9,101.4,1.98,,0.047,4.057,,,2026-09-28 12:25:53
海南省,珠江流域,藤桥河大桥,2026-09-28 11:00,2,29.36,7.21,7.99,284.53,80.51,2.44,0.01,0.061,1.629,,,2026-09-28 12:25:53
海南省,珠江流域,松涛水库南丰库心,2026-09-28 11:00,2,31.58808,7.79,6.72,74.05614,0.6961782,1.1,0.006,0.006,0.2180502,0.01723183,3684281,2026-09-28 12:25:53
海南省,珠江流域,上村桥,2026-09-28 11:00,2,29.8,7.15,6.51,128.8,65.3,3.4,0.048,0.076,1.846,,,2026-09-28 12:25:53
海南省,珠江流域,中和桥,2026-09-28 11:00,3,30.6,7.19,6.4,136.5,29.7,4.33,0.049,0.127,1.214,,,2026-09-28 12:25:53
海南省,珠江流域,汀洲,2026-09-28 11:00,3,29.4,6.29,6.76,62.84,40.06,1.7,0.089,0.122,0.72,,,2026-09-28 12:25:53
海南省,珠江流域,溪仔村,2026-09-28 11:00,2,28.2,6.78,8.23,64.65,15.9,2.19,0.007,0.047,1.156,,,2026-09-28 12:25:53
海南省,珠江流域,羊头外村桥,2026-09-28 11:00,3,30.77,6.84,6.41,97.52,16.84,4.76,0.045,0.109,1.678,,,2026-09-28 12:25:53
海南省,珠江流域,农垦橡胶所一队,2026-09-28 11:00,1,28.9,6.79,7.52,67.5,8.6,0.62,0.01,0.016,1.547,,,2026-09-28 12:25:53
海南省,珠江流域,水涯新区,2026-09-28 11:00,2,31.6,6.79,6.34,509,9.7,1.73,0.067,0.041,1.629,,,2026-09-28 12:25:53
海南省,珠江流域,分洪桥,2026-09-28 11:00,2,31.67,6.54,8.07,78.05,5.53,2.53,0.038,0.053,0.914,,,2026-09-28 12:25:53
海南省,珠江流域,后山村,2026-09-28 11:00,6,30.72,6.6,0.81,140.914,24.1564,4.24,0.405,0.208,2.971,,,2026-09-28 12:25:53
海南省,珠江流域,大广坝水库出口,2026-09-28 11:00,4,25.777,6.83,5.24,52.686,407.844,1.79,0.157,0.1,2.794,0.011496,2.00066,2026-09-28 12:25:53
海南省,珠江流域,罗带铁路桥,2026-09-28 11:00,5,30.3,7.62,7.04,394,92.8,5,0.066,0.359,3.764,,,2026-09-28 12:25:53
海南省,珠江流域,山口,2026-09-28 11:00,2,30.85,6.61,7.5,84.02,18.6,2.97,0.015,0.035,1.147,,,2026-09-28 12:25:53
海南省,珠江流域,白仞滩电站,2026-09-28 11:00,3,30.8,7.19,6.45,143.8,47.5,3.36,0.039,0.161,2.04,,,2026-09-28 12:25:53
海南省,珠江流域,大风,2026-09-28 11:00,3,26.96957,6.6,6.87,81.32616,472.4275,4.53,,0.169,0.1734825,,,2026-09-28 12:25:53
海南省,珠江流域,叉河口,2026-09-28 11:00,2,28.3,7.17,7.39,132.6,26.8,1.71,0.015,0.05,1.375,,,2026-09-28 12:25:53
海南省,珠江流域,乐中,2026-09-28 11:00,2,27.7,7.31,7.64,78.1,228,3.13,,0.097,0.533,,,2026-09-28 12:25:53
海南省,珠江流域,跨界桥,2026-09-28 11:00,2,28.4,7.08,7.02,91.2,38.3,1.8,0.011,0.05,1.683,,,2026-09-28 12:25:53
海南省,珠江流域,群英大坝,2026-09-28 11:00,2,28.5,7.23,7.56,83.2,17.4,1.15,0.01,0.044,1.036,,,2026-09-28 12:25:53
海南省,珠江流域,大溪村,2026-09-28 11:00,2,29.4,7.09,8.91,216.9,14.9,1.39,0.087,0.054,1.189,,,2026-09-28 12:25:53
重庆市,长江流域,晒网坝,2026-09-28 11:00,2,24.91,7.96,6.55,405.1832,6.2162,1.34,,0.049,1.959,,,2026-09-28 12:25:53
重庆市,长江流域,向家,2026-09-28 11:00,2,23.8,7.7,9.18,212.443,26.831,3.32,,0.063,1.335,,,2026-09-28 12:25:53
重庆市,长江流域,磨刀溪长滩,2026-09-28 11:00,2,25.26,8.67,18.26,198.344,16.587,3.68,0.036,0.047,1.144,,,2026-09-28 12:25:53
重庆市,长江流域,清溪场,2026-09-28 11:00,2,25.27,7.93,7.44,365.3758,13.1447,1.61,,0.056,1.485,,,2026-09-28 12:25:53
重庆市,长江流域,木瓜洞,2026-09-28 11:00,3,26.64,7.59,5.5,416.5019,14.2059,3.43,,0.121,1.878,,,2026-09-28 12:25:53
重庆市,长江流域,寸滩,2026-09-28 11:00,2,25.13,7.79,7.75,362.952,56.693,2.56,,0.097,1.752,,,2026-09-28 12:25:53
重庆市,长江流域,和尚山,2026-09-28 12:00,2,24.66,7.94,7.4,380.02,15.28,1.22,0.136,0.082,1.541,,,2026-09-28 12:25:53
重庆市,长江流域,北温泉,2026-09-28 11:00,2,24.6517,7.76,8.42,349.33,30.3433,3.33,0.039,0.099,2.038,,,2026-09-28 12:25:53
重庆市,长江流域,寨溪大桥,2026-09-28 11:00,2,27.93,7.82,6.41,734.6669,8.4729,2.86,0.077,0.068,2.341,,,2026-09-28 12:25:53
重庆市,长江流域,石门坎,2026-09-28 11:00,1,27.64,8.15,8.48,512.09,1.11,1.1,0.008,0.011,1.398,,,2026-09-28 12:25:53
重庆市,长江流域,玉滩水库,2026-09-28 11:00,3,27.06,8.98,10.31,410.2007,14.7696,5.41,0.006,0.019,0.62715,0.04604169,1.578486,2026-09-28 12:25:53
重庆市,长江流域,御临镇,2026-09-28 11:00,2,26,7.82,7.06,606.87,27.585,2.79,,0.094,2.092,,,2026-09-28 12:25:53
重庆市,长江流域,黎家乡崔家岩村,2026-09-28 11:00,2,26.04,7.84,7.24,472.25,5.32,3.75,0.038,0.028,1.424,,,2026-09-28 12:25:53
重庆市,长江流域,运输桥,2026-09-28 11:00,3,26.34,7.54,9.4,327.2226,10.1634,4.7,0.019,0.08,0.586,,,2026-09-28 12:25:53
重庆市,长江流域,六剑滩,2026-09-28 11:00,3,24.34,7.69,7.29,476.2,19.26,5.23,0.081,0.131,3.095,,,2026-09-28 12:25:53
重庆市,长江流域,支坪街道,2026-09-28 11:00,2,26.79,7.9,6.75,545.4498,73.0585,,,0.066,2.248,,,2026-09-28 12:25:53
重庆市,长江流域,江津大桥,2026-09-28 11:00,2,23.51,8.08,7.7,378.3,26.74,2.02,,0.053,1.594,,,2026-09-28 12:25:53
重庆市,长江流域,朱杨溪,2026-09-28 11:00,3,26.84,7.9,7.5,752.49,15.56,3.99,,0.136,6.391,,,2026-09-28 12:25:53
重庆市,长江流域,北渡,2026-09-28 11:00,2,26.3,7.9,7.05,514.1767,25.497,1.85,0.071,0.051,1.834,,,2026-09-28 12:25:53
重庆市,长江流域,白杨溪,2026-09-28 11:00,2,26.28,7.71,6.66,179.25,10.308,2.28,0.009,0.055,1.402,,,2026-09-28 12:25:53
重庆市,长江流域,太和,2026-09-28 11:00,2,25.15,7.86,7.68,410.8,11.6,2.48,0.011,0.066,2.546,,,2026-09-28 12:25:53
重庆市,长江流域,官渡,2026-09-28 11:00,-1,,,,,,,,,,,,2026-09-28 12:25:53
重庆市,长江流域,临渡,2026-09-28 11:00,5,26.6,7.28,2.51,715.6,9.722,3.05,,0.115,2.345,,,2026-09-28 12:25:53
重庆市,长江流域,渠江码头,2026-09-28 12:00,3,21.79,7.49,9.2,279.046,225.499,5.1,,0.148,4.747,,,2026-09-28 12:25:53
重庆市,长江流域,黄桷,2026-09-28 11:00,2,24.15,7.62,6.35,493.145,16.835,3.11,0.024,0.073,2.536,,,2026-09-28 12:25:53
重庆市,长江流域,朱沱,2026-09-28 11:00,1,23.36,8.09,7.82,379.8,8.93,1.54,0.004,,1.559,,,2026-09-28 12:25:53
重庆市,长江流域,四明水厂,2026-09-28 11:00,3,26.79,7.89,5.98,407.1,7.6,5.4,0.037,0.06,0.939,,,2026-09-28 12:25:53
重庆市,长江流域,金狮桥,2026-09-28 11:00,1,22.19,8.38,9.37,235.719,6.258,0.74,,0.009,0.687,,,2026-09-28 12:25:53
重庆市,长江流域,璧南河两河口,2026-09-28 11:00,3,26.44,7.83,6.51,827.5,15.662,4.86,0.006,0.121,3.618,,,2026-09-28 12:25:53
重庆市,长江流域,中和,2026-09-28 11:00,3,26.18,7.96,10.64,560.9,5.44,5.35,0.024,0.106,2.224,,,2026-09-28 12:25:53
重庆市,长江流域,玉溪,2026-09-28 11:00,2,24.2,7.78,8.02,512.2737,23.0538,2.39,0.043,0.098,3.005,,,2026-09-28 12:25:53
重庆市,长江流域,高洞电站,2026-09-28 11:00,4,26.686,7.55,4.81,635.959,6.648,5.13,0.127,0.137,2.421,,,2026-09-28 12:25:53
重庆市,长江流域,巫山乡,2026-09-28 11:00,3,23.5,7.8,9.34,225.996,33.569,5.44,0.06,0.116,2.44,,,2026-09-28 12:25:53
重庆市,长江流域,上河坝,2026-09-28 11:00,4,25.25,7.61,6.57,296.75,29.82,6.33,0.095,0.158,1.362,,,2026-09-28 12:25:53
重庆市,长江流域,芙蓉洞码头,2026-09-28 11:00,1,28.27,8.43,10.25,308.98,66.32,0.7,,0.008,1.417,,,2026-09-28 12:25:53
重庆市,长江流域,鸭江镇,2026-09-28 11:00,2,24.08,7.8,8.29,452.357,27.662,2.95,,0.078,2.586,,,2026-09-28 12:25:53
重庆市,长江流域,江口镇,2026-09-28 11:00,2,25.88,7.9,6.29,325.306,1.125,0.42,0.001,0.012,1.643,,,2026-09-28 12:25:53
重庆市,长江流域,土堡寨,2026-09-28 11:00,-1,,,,,,,,,,,,2026-09-28 12:25:53
重庆市,长江流域,水寨子,2026-09-28 11:00,2,20.09,8.1,9.77,231.85,68.067,1.84,0.003,0.041,0.844,,,2026-09-28 12:25:53
重庆市,长江流域,湖海场,2026-09-28 11:00,3,24.37,7.69,7.54,244.542,29.891,3.1,0.007,0.103,1.93,,,2026-09-28 12:25:53
重庆市,长江流域,卫星桥,2026-09-28 11:00,2,25.01,8.23,8.36,407.6551,22.8552,3.75,0.006,0.075,1.814,,,2026-09-28 12:25:53
重庆市,长江流域,高洞梁,2026-09-28 11:00,2,24.2,7.95,7.54,383.779,33.355,3.38,,0.092,1.821,,,2026-09-28 12:25:53
重庆市,长江流域,苏家,2026-09-28 11:00,2,24.69,7.82,6.82,390.2568,17.6141,1.67,,0.053,2.008,,,2026-09-28 12:25:53
重庆市,长江流域,清水湖渡口,2026-09-28 11:00,2,22.92,8.67,9.83,200.936,3.6054,1.84,0.006,0.022,1.2699,,,2026-09-28 12:25:53
重庆市,长江流域,小江河口,2026-09-28 11:00,3,25.66,7.48,5.56,381.86,5.48,2.73,,0.054,1.4208,,,2026-09-28 12:25:53
重庆市,长江流域,罗汉大桥,2026-09-28 11:00,2,19.54,7.9,9.63,236.34,50.68,3.06,,0.074,2.324,,,2026-09-28 12:25:53
重庆市,长江流域,白帝城,2026-09-28 11:00,2,25.28,7.87,6.75,389.573,11.091,,,,,,,2026-09-28 12:25:53
重庆市,长江流域,培石,2026-09-28 11:00,2,25.4205,7.73,7.26,401.681,6.5906,1.01,0.079,0.048,1.6094,,,2026-09-28 12:25:53
重庆市,长江流域,花台,2026-09-28 11:00,-1,,,,,,,,,,,,2026-09-28 12:25:53
重庆市,长江流域,化杠,2026-09-28 11:00,2,19.34,7.69,8.65,100.08,3.92,1.94,0.013,0.037,0.7928,,,2026-09-28 12:25:53
重庆市,长江流域,万木,2026-09-28 11:00,2,29.87,7.81,7.58,427.83,3,0.61,0.001,0.027,3.519,,,2026-09-28 12:25:53
重庆市,长江流域,红花村,2026-09-28 11:00,2,24.342,7.79,7.33,263.884,8.317,1.09,,0.026,1.889,,,2026-09-28 12:25:53
重庆市,长江流域,南洞沟,2026-09-28 11:00,1,26.11,8.42,15.35,343.266,2.007,1.07,,0.018,0.61,,,2026-09-28 12:25:53
重庆市,长江流域,郁江桥,2026-09-28 11:00,2,22.38,7.88,8.17,277.067,22.234,1.17,,0.033,1.335,,,2026-09-28 12:25:53
四川省,长江流域,二江寺,2026-09-28 11:00,2,20,7.85,7.65,380.1,15.6,1.43,0.063,0.068,1.914,,,2026-09-28 12:25:53
四川省,长江流域,岳店子下,2026-09-28 11:00,3,23.47202,7.99,7.4,426.4998,9.02497,1.75,0.066,0.127,2.84805,,,2026-09-28 12:25:53
四川省,长江流域,三邑大桥,2026-09-28 10:00,2,21.51,7.77,6.92,277.32,16.39,1.13,,0.035,1.5675,,,2026-09-28 12:25:53
四川省,长江流域,宏缘,2026-09-28 11:00,2,22.6,7.99,7.6,471.98,5.63,1.55,0.041,0.093,2.921,,,2026-09-28 12:25:53
四川省,长江流域,李家湾,2026-09-28 11:00,3,24.98,7.82,7.81,484.6,13.9,2.65,0.03,0.154,3.402,,,2026-09-28 12:25:53
四川省,长江流域,廖家堰,2026-09-28 11:00,3,26.314,7.83,7.13,893.11,34.815,3.86,0.096,0.154,2.513,,,2026-09-28 12:25:53
四川省,长江流域,脚仙村,2026-09-28 11:00,3,25.01,7.91,7.69,493.2,25.9,2.37,0.029,0.152,3.372,,,2026-09-28 12:25:53
四川省,长江流域,龙洞,2026-09-28 11:00,1,20.91,8.31,8.27,671,5.934,1.22,0.008,0.008,0.49486,,,2026-09-28 12:25:53
四川省,长江流域,倮果,2026-09-28 11:00,1,21.39,8.3,8.54,698.0903,23.82888,1.3,0.003,0.012,0.58382,,,2026-09-28 12:25:53
四川省,长江流域,雅砻江口,2026-09-28 11:00,1,19.474,7.67,9.03,224.8917,19.9272,1.63,0.015,0.015,0.63645,,,2026-09-28 12:25:53
四川省,长江流域,柏枝,2026-09-28 11:00,1,19.91,8.02,7.67,202.0132,38.38751,1.21,0.01,0.009,1.29473,,,2026-09-28 12:25:53
四川省,长江流域,湾凼,2026-09-28 11:00,4,26.69122,7.46,4.67,610.6506,6.784266,,0.006,0.035,0.341964,,,2026-09-28 12:25:53
四川省,长江流域,手爬岩,2026-09-28 11:00,2,23.5,7.91,7.55,379.972,15.487,1.45,,0.059,1.4371,,,2026-09-28 12:25:53
四川省,长江流域,沱江大桥,2026-09-28 11:00,3,25.74,7.92,6.8,501.2227,25.09413,2.47,0.019,0.171,2.984127,,,2026-09-28 12:25:53
四川省,长江流域,醒觉溪,2026-09-28 11:00,2,26.29,8.09,7.21,399.3,16.21,1.34,0.033,0.042,2.536,,,2026-09-28 12:25:53
四川省,长江流域,胡市大桥,2026-09-28 11:00,4,27.68,7.45,3.74,471.7205,7.6864,4.9,0.023,0.133,1.1516,,,2026-09-28 12:25:53
四川省,长江流域,大磨子,2026-09-28 11:00,3,25.477,7.72,7.47,498.649,17.601,2.01,0.067,0.139,3.508,,,2026-09-28 12:25:53
四川省,长江流域,泸天化大桥,2026-09-28 11:00,2,26.58,7.93,7.07,464.282,12.2724,1.85,,0.039,2.3127,,,2026-09-28 12:25:53
四川省,长江流域,纳溪大渡口,2026-09-28 11:00,2,22.9,7.75,7.28,360.193,14.901,1.16,0.004,0.072,1.5345,,,2026-09-28 12:25:53
四川省,长江流域,两汇水,2026-09-28 11:00,2,24.38516,7.8,8.18,132.9374,19.11591,2.07,0.019,0.063,1.003,,,2026-09-28 12:25:53
四川省,长江流域,太平渡,2026-09-28 12:00,2,30.06134,8.26,7.99,556.2997,11.54624,1.56,0.004,0.047,3.34,,,2026-09-28 12:25:53
四川省,长江流域,八角,2026-09-28 11:00,3,23.6,8.15,7.82,583.3,17.82,0.97,0.024,0.177,2.713,,,2026-09-28 12:25:53
四川省,长江流域,象山,2026-09-28 11:00,3,25.61,7.73,5.12,566.01,5.5,3.86,0.017,0.091,3.448,,,2026-09-28 12:25:53
四川省,长江流域,双江桥,2026-09-28 11:00,3,22.41,8.02,7.8,599.8,23.06,1.75,0.029,0.11,2.984,,,2026-09-28 12:25:53
四川省,长江流域,三川,2026-09-28 11:00,3,22.08,8.05,7.88,614.4,17.87,0.95,0.021,0.112,3.137,,,2026-09-28 12:25:53
四川省,长江流域,西平镇,2026-09-28 11:00,2,22.97,8.12,7.68,555.13,25.85,1.07,,0.097,3.013,,,2026-09-28 12:25:53
四川省,长江流域,平武水文站,2026-09-28 11:00,1,15.14,8.37,8.99,230.5924,306.5602,1.12,0.007,0.018,0.93189,,,2026-09-28 12:25:53
四川省,长江流域,丰谷,2026-09-28 11:00,2,21.22866,7.98,8.36,280.0338,27.78418,1.31,0.004,0.028,0.18411,,,2026-09-28 12:25:53
四川省,长江流域,鲁班岛,2026-09-28 11:00,2,24.1602,8.76,10.07,248.9935,3.21425,1.85,0.003,0.014,0.20126,0.00442,1.850773,2026-09-28 12:25:53
四川省,长江流域,北川通口,2026-09-28 11:00,1,18.6453,8.29,8.84,245.8906,30.8526,0.65,0.005,0.017,1.01774,,,2026-09-28 12:25:53
四川省,长江流域,八庙沟,2026-09-28 11:00,1,22.86,8.29,7.83,360.8446,8.28813,0.54,0.007,0.009,1.33795,,,2026-09-28 12:25:53
四川省,长江流域,姚渡,2026-09-28 11:00,1,18.28288,8.25,8.61,327.6259,48.38205,1.64,0.011,0.003,1.207,,,2026-09-28 12:25:53
四川省,长江流域,苴国村,2026-09-28 11:00,1,22.53,8.01,8.2,303.6696,4.68374,1.37,0.003,0.008,0.94186,,,2026-09-28 12:25:53
四川省,长江流域,上石盘,2026-09-28 11:00,2,22.55,8.03,7.28,348.5633,7.46645,1.51,0.003,0.015,1.51829,,,2026-09-28 12:25:53
四川省,长江流域,清泉乡,2026-09-28 11:00,2,25.3,7.76,7.5,321.2,7.089,2.1,0.021,0.022,0.905,,,2026-09-28 12:25:53
四川省,长江流域,大安,2026-09-28 11:00,4,25.7,7.53,5.93,551.573,13.6,4.58,0.027,0.211,2.371,,,2026-09-28 12:25:53
四川省,长江流域,百顷,2026-09-28 11:00,2,22.5,7.79,7.78,334.41,12.49,1.24,0.059,0.046,1.974,,,2026-09-28 12:25:53
四川省,长江流域,梓江大桥,2026-09-28 11:00,2,25.36,7.93,6.19,478.6,10.7,3.32,0.01,0.079,3.192,,,2026-09-28 12:25:53
四川省,长江流域,大埂,2026-09-28 11:00,3,25.9,7.78,6.3,576.4,4.89,5.47,0.181,0.099,2.279232,,,2026-09-28 12:25:53
四川省,长江流域,球溪河口,2026-09-28 11:00,4,25.51,7.64,6.19,583.89,24.7,5.41,0.031,0.209,5.413,,,2026-09-28 12:25:53
四川省,长江流域,李码头,2026-09-28 11:00,2,20.21766,7.97,8.42,256.6741,22.03801,0.48,0.005,0.033,1.52077,,,2026-09-28 12:25:53
四川省,长江流域,马边河河口,2026-09-28 11:00,2,20.28969,7.94,8.54,261.7435,6.38062,0.81,0.001,0.033,1.59602,,,2026-09-28 12:25:53
四川省,长江流域,悦来渡口,2026-09-28 11:00,2,23.291,8.04,8.36,381.458,15.185,1.64,0.033,0.085,2.41,,,2026-09-28 12:25:53
四川省,长江流域,金溪电站,2026-09-28 11:00,3,25.16,7.64,5.54,327.236,14.8571,2.11,0.014,0.037,1.657,,,2026-09-28 12:25:53
四川省,长江流域,升钟水库铁炉寺,2026-09-28 11:00,3,25.37,8.71,10.26,324.43,22.63,5,,0.019,2.706,,,2026-09-28 12:25:53
四川省,长江流域,沙溪,2026-09-28 11:00,2,24.7,7.65,7.28,290.65,3.87,1.85,0.011,0.012,1.385,,,2026-09-28 12:25:53
四川省,长江流域,黄龙溪,2026-09-28 11:00,2,22.195,7.75,6.82,403.657,5.957,1.63,0.099,0.067,2.27,,,2026-09-28 12:25:53
四川省,长江流域,彭山岷江大桥,2026-09-28 11:00,2,21.51,7.95,8.52,325.9662,13.40384,1.47,0.005,0.044,1.52565,,,2026-09-28 12:25:53
四川省,长江流域,龟都府,2026-09-28 11:00,2,18.66,8,8.17,236.7606,10.91206,0.52,0.027,0.044,1.066962,,,2026-09-28 12:25:53
四川省,长江流域,越溪河两河口,2026-09-28 11:00,3,25.15,7.68,5.08,520.6,15.6,4.42,0.033,0.089,3.107,,,2026-09-28 12:25:53
四川省,长江流域,月波,2026-09-28 11:00,2,20.71,7.49,7.5,303.8,22.6,1.21,0.075,0.066,1.657,,,2026-09-28 12:25:53
四川省,长江流域,凉姜沟,2026-09-28 11:00,2,21.71,7.89,7.26,286.7998,14.51824,1.74,0.012,0.068,2.431507,,,2026-09-28 12:25:53
四川省,长江流域,挂弓山,2026-09-28 11:00,2,22.7122,7.9,6.92,374.4604,8.02217,1.3,0.009,0.047,1.68508,,,2026-09-28 12:25:53
四川省,长江流域,蔡家渡口,2026-09-28 11:00,2,26.13049,7.84,6.65,808.5088,9.57722,1.67,0.004,0.061,2.68059,,,2026-09-28 12:25:53
四川省,长江流域,三块石,2026-09-28 12:00,1,23.11,7.99,7.59,470.31,6.54,1.09,,0.019,1.094,,,2026-09-28 12:25:53
四川省,长江流域,洛亥,2026-09-28 11:00,2,20.73,8.21,8.53,316.2263,2.22387,1.21,0.006,0.065,3.464,,,2026-09-28 12:25:53
四川省,长江流域,溪口镇平桥村,2026-09-28 11:00,3,24.17,7.47,7.46,296.81,30.48,5.02,0.047,0.076,1.431,,,2026-09-28 12:25:53
四川省,长江流域,摇金,2026-09-28 11:00,3,26.52,7.81,6.63,493.36,22.63,5.48,0.089,0.167,1.46,,,2026-09-28 12:25:53
四川省,长江流域,金子,2026-09-28 11:00,2,25.8,7.86,7.18,290.67,20.09,2.3,0.013,0.042,1.8165,,,2026-09-28 12:25:53
四川省,长江流域,烈面,2026-09-28 11:00,2,26,7.55,6.8,298.8,12,1.69,0.019,0.047,1.576,,,2026-09-28 12:25:53
四川省,长江流域,幺滩,2026-09-28 11:00,3,25.2,8.1,8.14,503.03,35.38,3.83,0.03,0.13,2.363,,,2026-09-28 12:25:53
四川省,长江流域,江陵,2026-09-28 11:00,3,22.82,7.99,8.27,295.35,74.84,3.35,0.063,0.135,1.895,,,2026-09-28 12:25:53
四川省,长江流域,大蹬沟,2026-09-28 11:00,3,22.9,7.72,8.35,258.1,74,4.02,0.002,0.1,2.491,,,2026-09-28 12:25:53
四川省,长江流域,白兔乡,2026-09-28 11:00,3,23.7,7.96,7.9,437.1,21.02,4.91,0.093,0.149,2.054,,,2026-09-28 12:25:53
四川省,长江流域,联盟桥,2026-09-28 11:00,3,24.51,7.35,5.39,283.33,22.39,,0.005,0.142,1.6099,,,2026-09-28 12:25:53
四川省,长江流域,舵石盘,2026-09-28 11:00,4,20.95,7.97,9.92,242.6,387.3,6.06,0.035,0.282,1.986,,,2026-09-28 12:25:53
四川省,长江流域,车家河,2026-09-28 11:00,3,19.98,8.04,9.64,232.3,182.99,4.09,0.015,0.108,1.656,,,2026-09-28 12:25:53
四川省,长江流域,三谷庄,2026-09-28 11:00,2,20.27042,8.13,7.15,235.8221,7.26843,,0.002,0.011,0.56123,,,2026-09-28 12:25:53
四川省,长江流域,大岗山,2026-09-28 11:00,1,16.86,8.07,7.82,213.78,17.24958,1.24,0.005,0.011,0.56326,,,2026-09-28 12:25:53
四川省,长江流域,手傍岩,2026-09-28 11:00,2,24.07,7.95,7.52,379.9,10.8,,0.034,0.044,1.347,,,2026-09-28 12:25:53
四川省,长江流域,幸福村,2026-09-28 11:00,3,24.57,7.91,8.16,450.9,18.8,1.32,0.04,0.107,2.908,,,2026-09-28 12:25:53
四川省,长江流域,拱城铺渡口,2026-09-28 11:00,3,24.3,7.97,8.04,471.41,20.42,0.91,0.027,0.122,2.872,,,2026-09-28 12:25:53
四川省,长江流域,红光村,2026-09-28 11:00,3,24.41,7.57,5.76,657.46,47.78,5.37,0.023,0.136,2.305,,,2026-09-28 12:25:53
四川省,长江流域,两河,2026-09-28 11:00,3,26.14,7.8,5.97,566.86,10.14,5.96,0.049,0.099,2.759,,,2026-09-28 12:25:53
四川省,长江流域,县城马踏石点,2026-09-28 11:00,2,14.0261,8.37,9.8,331.7171,567.4974,2.4,0.21,0.019,,,,2026-09-28 12:25:53
四川省,长江流域,渭门桥,2026-09-28 11:00,1,15.18,8.31,8.52,215.7508,52.45376,0.18,0.003,0.015,0.39953,,,2026-09-28 12:25:53
四川省,长江流域,小水沟,2026-09-28 11:00,1,12.45838,8.32,7.55,227.3868,51.31704,1.14,0.049,0.014,0.98071,,,2026-09-28 12:25:53
四川省,长江流域,竹巴龙村,2026-09-28 11:00,3,12.1,8.29,6.94,1678.4,260.7,2.04,0.268,0.102,1.845,,,2026-09-28 12:25:53
四川省,长江流域,金沙江岗托桥,2026-09-28 11:00,2,12.1,8.41,7.28,1570.3,351.2,2.98,0.307,,0.985,,,2026-09-28 12:25:53
四川省,长江流域,昔街大桥,2026-09-28 11:00,3,22.06,7.65,7.51,204.31,75.47,1.86,0.125,0.115,2.412,,,2026-09-28 12:25:53
四川省,长江流域,阿七大桥,2026-09-28 11:00,2,22.86,7.68,6.07,213.0113,102.408,1.66,0.025,0.07,2.59542,,,2026-09-28 12:25:53
四川省,长江流域,邛海湖心,2026-09-28 11:00,2,25.96,8.45,7.26,301.9296,3.44026,2.36,0.004,0.018,0.16683,0.00148,46977.98,2026-09-28 12:25:53
贵州省,长江流域,棉花渡,2026-09-28 11:00,2,25.67,7.86,7.41,469.79,0.6658,1.54,,0.06,2.9385,,,2026-09-28 12:25:53
贵州省,长江流域,贵铝泵房,2026-09-28 11:00,2,25.1035,8.6,10.46,352.053,6.1976,2.64,0.017,0.021,1.3336,0.01632,2017026,2026-09-28 12:25:53
贵州省,长江流域,花鱼洞,2026-09-28 11:00,4,25.0914,7.73,4.21,316.096,4.5627,1.86,0.107,0.021,0.8215,0.00366,4217536,2026-09-28 12:25:53
贵州省,长江流域,麦穰,2026-09-28 11:00,3,24.69,8.26,7.57,658.04,6.49,2.54,0.088,0.187,5.148,,,2026-09-28 12:25:53
贵州省,珠江流域,青岩,2026-09-28 11:00,2,25.08,8.47,10.91,547.5898,3.847,1.71,,0.036,2.9311,,,2026-09-28 12:25:53
贵州省,长江流域,龙场,2026-09-28 11:00,2,21.66,8.09,7.33,412.49,2.99,0.77,0.013,0.013,3.612,,,2026-09-28 12:25:53
贵州省,珠江流域,发耳,2026-09-28 11:00,3,27.5,8.48,7.16,363.185,121.64,1.68,,0.129,3.072,,,2026-09-28 12:25:53
贵州省,长江流域,打秋坪,2026-09-28 11:00,3,26.71,8.08,7.75,601,2.3,1.45,0.086,0.106,4.634,,,2026-09-28 12:25:53
贵州省,长江流域,鱼塘大桥,2026-09-28 11:00,1,25.74,8,8.34,344.01,3.509,0.64,,0.01,1.483,,,2026-09-28 12:25:53
贵州省,长江流域,沿江渡,2026-09-28 11:00,2,28.8,8.87,10.73,322.43,7.09,2.82,,0.014,1.746,,,2026-09-28 12:25:53
贵州省,长江流域,鲤鱼塘,2026-09-28 11:00,3,26.95,7.52,5.72,520.95,0.471,1.47,0.028,0.049,3.084,,,2026-09-28 12:25:53
贵州省,长江流域,坡渡,2026-09-28 11:00,1,25.87,8.23,8.13,298.59,2.99,0.61,0.021,0.009,0.446,,,2026-09-28 12:25:53
贵州省,长江流域,余庆河暗溪坪,2026-09-28 11:00,2,26.23,7.85,9.68,328.48,3.41,1.16,,0.026,1.854,,,2026-09-28 12:25:53
贵州省,长江流域,羊柱头渡口,2026-09-28 11:00,4,25.91,7.82,7.31,766.83,0.89,2.53,0.242,0.243,8.486,,,2026-09-28 12:25:53
贵州省,长江流域,鲢鱼溪,2026-09-28 11:00,1,26.293,8.14,7.62,417.642,4.61,1.21,0.021,0.014,2.693,,,2026-09-28 12:25:53
贵州省,长江流域,长沙,2026-09-28 11:00,2,26.5166,8.04,6.85,270.4765,8.3942,1.51,0.044,0.037,1.2581,,,2026-09-28 12:25:53
贵州省,长江流域,茅台,2026-09-28 12:00,2,27.33,8.17,6.84,420.84,4.95,,,0.013,3.757,,,2026-09-28 12:25:53
贵州省,珠江流域,黄果树,2026-09-28 11:00,2,24.0055,8.14,8.1,496.5,14.14,1.08,,0.053,2.17,,,2026-09-28 12:25:53
贵州省,长江流域,斯拉河大桥,2026-09-28 11:00,2,26.22,8.7,10.38,357.28,7.68,2.55,0.015,0.017,3.146,,,2026-09-28 12:25:53
贵州省,珠江流域,打邦,2026-09-28 11:00,2,29.62,8.23,7.21,434.25,7.32,1.62,,0.007,2.765,,,2026-09-28 12:25:53
贵州省,长江流域,小屯,2026-09-28 11:00,2,26.4,8.44,8.35,356.6389,6.926,2.27,,0.022,4.347,,,2026-09-28 12:25:53
贵州省,长江流域,清水铺,2026-09-28 11:00,1,25.498,8.22,7.73,423.15,10.513,1,0.016,0.014,4.288,,,2026-09-28 12:25:53
贵州省,长江流域,大桥边,2026-09-28 11:00,1,20.594,8.02,7.9,341.904,4.93,0.9,0.008,0.016,3.993,,,2026-09-28 12:25:53
贵州省,长江流域,鱼市,2026-09-28 11:00,1,28.12,8.14,9.98,419.923,2.113992,0.75,0.014,0.019,0.862481,,,2026-09-28 12:25:53
贵州省,长江流域,下干溪,2026-09-28 11:00,2,26.48,7.96,6.36,369.7,3.11,0.91,0.013,0.016,1.835,,,2026-09-28 12:25:53
贵州省,珠江流域,坝草,2026-09-28 11:00,1,26.9868,8.22,8.09,395.462,3.2801,1.08,,0.006,3.0049,,,2026-09-28 12:25:53
贵州省,珠江流域,南盘江三江口,2026-09-28 11:00,1,28.16,8.52,13.95,259.46,9.99,1.5,0.005,0.015,2.434,0.00247,,2026-09-28 12:25:53
贵州省,珠江流域,万峰湖,2026-09-28 11:00,3,28.09,8.32,7.57,316.86,2.42,0.99,0.001,0.028,2.943,0.027,1057145,2026-09-28 12:25:53
贵州省,珠江流域,岔河口,2026-09-28 11:00,2,27.202,8.98,10.38,259.9222,12.7565,2.77,,0.012,1.4221,,,2026-09-28 12:25:53
贵州省,珠江流域,蔗香北,2026-09-28 11:00,1,27.92,8.1,10.63,265.9413,5.0529,1.21,,0.009,2.2988,,,2026-09-28 12:25:53
贵州省,珠江流域,黄泥河,2026-09-28 11:00,2,21.0585,8.15,7,445.6458,62.4167,1.45,0.001,0.043,3.5855,,,2026-09-28 12:25:53
贵州省,珠江流域,赵家渡,2026-09-28 11:00,2,23.92,8.27,8.27,420.668,5.48,0.55,0.018,0.034,4.528,,,2026-09-28 12:25:53
贵州省,珠江流域,坡脚,2026-09-28 11:00,2,28.4,8.37,11.7,379.0018,20.6407,1.67,,0.021,3.992,,,2026-09-28 12:25:53
贵州省,珠江流域,蔗香南,2026-09-28 11:00,1,29.99,8.69,9.84,259.1,1.99,1.26,0.008,0.015,2.3755,,,2026-09-28 12:25:53
贵州省,长江流域,金紫,2026-09-28 11:00,2,25.2,7.65,6.28,174.059,9.12,0.73,,0.018,1.074,,,2026-09-28 12:25:53
贵州省,珠江流域,从江大桥,2026-09-28 11:00,1,28.046,7.46,8.14,86.564,1.799,1.13,0.012,0.014,0.447,,,2026-09-28 12:25:53
贵州省,长江流域,平敏大桥,2026-09-28 11:00,2,26.69,7.91,7.48,175.71,10,0.82,,0.014,0.516,,,2026-09-28 12:25:53
贵州省,长江流域,旁海,2026-09-28 11:00,2,26.48,8.19,7.16,503.45,10.3,1.25,0.028,0.054,2.132,,,2026-09-28 12:25:53
贵州省,长江流域,重安江大桥,2026-09-28 11:00,2,25.235,8.38,7.58,625.157,2.339,1.16,0.011,0.097,2.925,,,2026-09-28 12:25:53
贵州省,珠江流域,榕江,2026-09-28 11:00,2,28.92,7.91,7.79,152.66,5.72,0.84,0.072,0.029,0.557,,,2026-09-28 12:25:53
贵州省,珠江流域,新华,2026-09-28 11:00,2,26.558,8.14,7.47,221.269,6.873,0.72,0.016,0.013,0.591,,,2026-09-28 12:25:53
贵州省,长江流域,甘溪高碑,2026-09-28 11:00,1,26.84,8.25,8.39,372.7,9.67,1.15,,0.018,0.5154,,,2026-09-28 12:25:53
贵州省,长江流域,跳鱼洞,2026-09-28 11:00,3,24.81,8.07,6.44,492.15,2.58,1.86,0.085,0.124,2.218,,,2026-09-28 12:25:53
贵州省,长江流域,凤山桥边,2026-09-28 11:00,2,24.8739,8.21,8.17,629.96,1.2899,1.96,0.005,0.098,3.539,,,2026-09-28 12:25:53
贵州省,珠江流域,边外河,2026-09-28 12:00,1,26.68,7.79,7.52,341.18,3.69,0.92,,0.005,1.742,,,2026-09-28 12:25:53
贵州省,珠江流域,界牌,2026-09-28 11:00,1,25.818,8.03,8.31,297.042,4,,0.021,0.01,0.628,,,2026-09-28 12:25:53
贵州省,珠江流域,甲茶,2026-09-28 11:00,1,24.492,7.63,7.81,332.3177,0.4524,1.29,0.006,0.007,0.8646,,,2026-09-28 12:25:53
云南省,长江流域,通仙桥,2026-09-28 11:00,3,21.86,7.98,6.58,545.321,11.407,1.7,0.02,0.175,7.202,,,2026-09-28 12:25:53
云南省,长江流域,普渡河桥,2026-09-28 11:00,2,24.38,8.05,7.08,579.3795,7.5533,2.65,0.063,0.062,2.8121,,,2026-09-28 12:25:53
云南省,珠江流域,禄丰村,2026-09-28 11:00,2,23.47,8.36,9.38,456.1782,8.0031,1.35,,0.031,4.801,,,2026-09-28 12:25:53
云南省,滇池流域,回龙村,2026-09-28 11:00,2,22.18,7.97,6.48,639.2355,4.7555,2.68,,0.02,3.1951,,,2026-09-28 12:25:53
云南省,滇池流域,船房五社桥头,2026-09-28 11:00,4,22.73,7.55,4.54,570.7061,2.75,3.79,0.035,0.043,4.5906,,,2026-09-28 12:25:53
云南省,滇池流域,王大桥,2026-09-28 11:00,4,22.04,7.42,5.75,614.3509,6.6459,4.01,0.246,0.234,9.4518,,,2026-09-28 12:25:53
云南省,滇池流域,大观河入湖口,2026-09-28 11:00,2,21.11,8.03,6.11,435.6078,16.2239,1.66,0.039,0.094,4.7408,,,2026-09-28 12:25:53
云南省,滇池流域,大渔乡土罗村入湖口,2026-09-28 11:00,4,21.1,7.57,4.61,540.0671,30.6985,3.13,0.051,0.071,5.8,,,2026-09-28 12:25:53
云南省,滇池流域,新河村入湖口,2026-09-28 11:00,3,21.31,8.05,6.05,405.31,18.119,1.8,0.013,0.107,4.044,,,2026-09-28 12:25:53
云南省,珠江流域,阳宗海中,2026-09-28 12:00,3,23.48,,7.44,412.007,3.815,4.13,0.042,0.016,0.42,0.00411,10300,2026-09-28 12:25:53
云南省,长江流域,富民大桥,2026-09-28 11:00,4,24.04,8.05,4.94,582.7965,34.7351,5.93,0.032,0.136,2.7575,,,2026-09-28 12:25:53
云南省,滇池流域,严家村桥,2026-09-28 11:00,2,21.11881,7.95,6.59,429.5519,13.25437,1.55,0.066,0.089,5.042862,,,2026-09-28 12:25:53
云南省,滇池流域,宝丰村入湖口,2026-09-28 11:00,2,22.58,8.34,13.64,583.94,9.94,1.44,,0.038,3.661,,,2026-09-28 12:25:53
云南省,滇池流域,江尾下闸,2026-09-28 11:00,2,22.92,7.86,6.49,364.3313,17.6869,0.68,0.066,0.033,2.136,,,2026-09-28 12:25:53
云南省,滇池流域,茨巷河入湖口,2026-09-28 11:00,2,20.96,8.31,10.28,326.9718,1.8131,2.5,,0.014,1.449,,,2026-09-28 12:25:53
云南省,滇池流域,东大河滇池入湖口,2026-09-28 11:00,3,22.85,8.33,5.48,280.9293,10.0001,2.64,,0.055,1.272,,,2026-09-28 12:25:53
云南省,滇池流域,草海中心,2026-09-28 12:00,4,23.08,8.68,10.16,369.52,50.27,4.2,,0.057,3.465,0.01116,1.12842,2026-09-28 12:25:53
云南省,滇池流域,灰湾中,2026-09-28 12:00,4,22.46,8.92,7.93,392.513,109.582,6.8,0.04,0.071,1.852,0.04458,4.97037,2026-09-28 12:25:53
云南省,滇池流域,观音山东,2026-09-28 10:00,4,22.28,,7.48,388.6,41.4,8.04,,0.068,0.823,0.01606,3.998401,2026-09-28 12:25:53
云南省,滇池流域,观音山中,2026-09-28 12:00,4,22.18,9,7.78,354.601,49.491,,,0.059,1.218,0.00639,1.90251,2026-09-28 12:25:53
云南省,滇池流域,观音山西,2026-09-28 12:00,4,22.67,,7.49,387.68,50.09,7.02,0.009,0.056,0.937,0.00851,9.572439,2026-09-28 12:25:53
云南省,滇池流域,海口西,2026-09-28 12:00,3,21.74,,6.97,360.59,24.39,5.44,,0.047,,0.01231,4.9545,2026-09-28 12:25:53
云南省,滇池流域,滇池南,2026-09-28 12:00,4,21.52,,8.35,396.02,39.27,9.33,,0.061,0.714,0.04557,1.52882,2026-09-28 12:25:53
云南省,滇池流域,晋城小寨,2026-09-28 11:00,2,21.34,8.25,8.6,535.4128,4.3499,2.28,0.026,0.076,7.192,,,2026-09-28 12:25:53
云南省,长江流域,牛栏江河口,2026-09-28 11:00,2,22.29,8.28,7.73,540.01,14.635,1.99,0.038,0.05,4.541,,,2026-09-28 12:25:53
云南省,珠江流域,狗街,2026-09-28 11:00,3,24.91,8.24,9.53,587.0185,11.53243,3.24,0.045,0.151,5.842815,,,2026-09-28 12:25:53
云南省,珠江流域,花山水库出水口,2026-09-28 11:00,2,22.78,8.43,7.18,329.5857,1.8935,0.84,0.003,0.004,2.8647,,,2026-09-28 12:25:53
云南省,长江流域,以礼河水文站,2026-09-28 11:00,2,20.79,7.93,6.05,279.4049,7.4567,2.19,0.01,0.052,2.0343,,,2026-09-28 12:25:53
云南省,珠江流域,厂房大桥,2026-09-28 11:00,3,25.05,8.65,10.12,285.0836,11.3941,4.23,0.013,0.076,2.987,,,2026-09-28 12:25:53
云南省,珠江流域,天生桥,2026-09-28 11:00,1,,,,,,0.8,,0.018,7.5281,,,2026-09-28 12:25:53
云南省,长江流域,牛栏江大桥,2026-09-28 11:00,2,21.66,8.03,7.28,403.278,26.208,1.24,0.01,0.042,2.445,,,2026-09-28 12:25:53
云南省,珠江流域,盘溪大桥,2026-09-28 11:00,2,25.23,8.22,8.38,521.6343,13.5293,1.49,0.009,0.031,5.07102,,,2026-09-28 12:25:53
云南省,珠江流域,九甸大桥,2026-09-28 11:00,2,24.90702,8.29,7.52,562.3465,23.28931,1.38,0.006,0.072,4.71254,,,2026-09-28 12:25:53
云南省,西南诸河,坝洪村,2026-09-28 11:00,2,30.09,8.18,7.75,366.833,43.28061,1.1,0.007,0.022,1.15109,,,2026-09-28 12:25:53
云南省,珠江流域,抚仙湖心,2026-09-28 12:00,2,22.67,8.84,7.19,278.18,2.243,2.24,,0.011,0.129,0.00207,1.64873,2026-09-28 12:25:53
云南省,西南诸河,绿汁江大桥,2026-09-28 11:00,2,23.56446,8.26,7.16,634.1163,31.78824,1.44,0.033,0.011,1.19428,,,2026-09-28 12:25:53
云南省,珠江流域,杞麓湖心,2026-09-28 12:00,4,22.6,8.76,6.99,765.28,7.91,7.04,0.078,0.021,1.445,0.04956,9242551,2026-09-28 12:25:53
云南省,珠江流域,永昌桥,2026-09-28 11:00,3,22.2112,8.18,7.35,470.8801,3.37931,2.36,0.039,0.117,3.5219,,,2026-09-28 12:25:53
云南省,珠江流域,星云湖心,2026-09-28 12:00,3,23.21,,5.47,554.199,25.96,5.46,,,0.725,0.00524,3.009915,2026-09-28 12:25:53
云南省,西南诸河,红旗桥,2026-09-28 11:00,1,19.51826,8.15,9.15,396.161,352.3145,1.32,,0.009,0.4738668,,,2026-09-28 12:25:53
云南省,西南诸河,湾甸,2026-09-28 11:00,2,25.21436,8.37,8.05,441.8786,72.77023,0.92,0.007,0.078,2.36407,,,2026-09-28 12:25:53
云南省,西南诸河,永保桥,2026-09-28 11:00,2,20.99778,8.23,6.9,439.3403,17.10319,1.05,0.003,0.003,0.44337,,,2026-09-28 12:25:53
云南省,西南诸河,龙江桥,2026-09-28 11:00,2,22.3792,7.14,7.32,101.4939,24.35277,1.09,0.005,0.02,0.69022,,,2026-09-28 12:25:53
云南省,长江流域,云贵桥,2026-09-28 11:00,2,19.29,8.17,8.12,394.649,8.271,0.9,,0.021,2.891,,,2026-09-28 12:25:53
云南省,长江流域,头屯河,2026-09-28 11:00,2,21.31,8.3,8.41,427.098,3.31,0.41,,0.021,5.004,,,2026-09-28 12:25:53
云南省,长江流域,邓家河,2026-09-28 11:00,2,23.2,7.87,8.06,404.964,18.194,0.87,0.009,0.025,2.476,,,2026-09-28 12:25:53
云南省,长江流域,横江桥,2026-09-28 11:00,2,21.69,8.15,8.27,281.12,21.4,1.2,,0.032,2.293,,,2026-09-28 12:25:53
云南省,长江流域,程海湖中,2026-09-28 11:00,3,26.31304,,8.27,1318.332,4.20799,5.71,0.021,0.018,0.77512,0.00539,5621.64,2026-09-28 12:25:53
云南省,长江流域,金江桥,2026-09-28 11:00,1,21.14,8.08,8.77,835.2833,12.68795,1.06,0.021,0.01,0.60806,,,2026-09-28 12:25:53
云南省,长江流域,龙兴村,2026-09-28 11:00,5,19.08164,7.77,5.6,467.5876,13.08219,2.68,1.201,0.313,3.82123,,,2026-09-28 12:25:53
云南省,西南诸河,土卡河水文站,2026-09-28 11:00,2,27.77834,7.9,6.65,216.3259,20.66574,1.26,,0.016,0.9789892,,,2026-09-28 12:25:53
云南省,西南诸河,思茅港,2026-09-28 11:00,3,23.86924,7.35,5.21,305.2092,8.13511,1.31,0.013,0.009,1.0491,,,2026-09-28 12:25:53
云南省,西南诸河,孟拉桥,2026-09-28 11:00,1,25.6,7.73,7.57,113.2871,31.50463,1.5,0.012,0.012,0.49538,,,2026-09-28 12:25:53
云南省,西南诸河,莲花乡,2026-09-28 11:00,4,24.82238,7.52,4.85,338.0176,11.20969,3.43,0.658,0.186,6.08365,,,2026-09-28 12:25:53
云南省,西南诸河,嘎旧,2026-09-28 11:00,2,23.53,7.98,6.79,396.0259,14.34852,1.45,0.002,0.013,,,,2026-09-28 12:25:53
云南省,西南诸河,景临桥,2026-09-28 11:00,6,29.25,9.51,12.59,214.5666,17.59802,4.48,0.023,0.059,0.88123,,,2026-09-28 12:25:53
云南省,西南诸河,孟定大桥,2026-09-28 11:00,1,24.33,7.9,8.22,264.8865,136.9237,0.69,0.006,0.02,1.35898,,,2026-09-28 12:25:53
云南省,西南诸河,黑箐,2026-09-28 11:00,2,24.46,7.64,6.17,157.8448,103.555,1.61,0.003,0.037,2.12728,,,2026-09-28 12:25:53
云南省,西南诸河,小黑江检查站,2026-09-28 11:00,1,24.05731,7.44,7.73,,0.015,,,,,,,2026-09-28 12:25:53
云南省,西南诸河,水文站,2026-09-28 11:00,2,23.12,8.3,8.42,431.3222,16.69668,1.11,0.02,0.033,1.42758,,,2026-09-28 12:25:53
云南省,长江流域,西观桥,2026-09-28 11:00,1,23.77,8.21,7.64,611.3829,52.13041,1.94,0.003,0.012,6.07109,,,2026-09-28 12:25:53
云南省,西南诸河,那发出境,2026-09-28 11:00,2,27.28,7.69,6.54,146.4713,89.86,1.03,,0.054,0.7317,,,2026-09-28 12:25:53
云南省,西南诸河,中越桥,2026-09-28 11:00,2,26.74,8.14,9.19,279.6747,16.1146,0.67,0.087,0.047,2.2135,,,2026-09-28 12:25:53
云南省,西南诸河,龙脖渡口,2026-09-28 11:00,2,27.58,8.16,7.16,320.6429,19.2597,0.41,,0.043,1.1822,,,2026-09-28 12:25:53
云南省,西南诸河,河口县医院,2026-09-28 11:00,2,27.79824,8.13,6.14,318.0803,20.72031,1,,0.048,1.671823,,,2026-09-28 12:25:53
云南省,西南诸河,小河底河,2026-09-28 11:00,1,25.61,8.19,8.66,460.5882,35.3366,1.18,,0.019,,,,2026-09-28 12:25:53
云南省,珠江流域,异龙湖中,2026-09-28 12:00,4,25.79,8.43,7.2,438.22,4.186,6.92,0.032,0.01,0.649,0.01228,56302.81,2026-09-28 12:25:53
云南省,珠江流域,长虹桥,2026-09-28 11:00,2,24.46,8.15,7.42,483.3577,68.9795,2.26,,0.07,4.5816,,,2026-09-28 12:25:53
云南省,珠江流域,江边桥,2026-09-28 11:00,2,25.72,7.82,7.33,509.94,60.67,1.13,,0.078,,,,2026-09-28 12:25:53
云南省,西南诸河,天保农场,2026-09-28 11:00,2,24.42,8.04,8.83,359.9,9.93,0.62,,0.026,3.1397,,,2026-09-28 12:25:53
云南省,西南诸河,南利大桥,2026-09-28 11:00,2,24.76,8.26,6.28,296.94,8.8,0.9,0.01,0.015,1.388,,,2026-09-28 12:25:53
云南省,珠江流域,谷拉河大桥,2026-09-28 11:00,2,30.74,8.47,10.88,204.7,4.174,2.09,0.005,0.006,0.547,,,2026-09-28 12:25:53
云南省,西南诸河,勐仑大桥,2026-09-28 11:00,2,25.06,8.13,7.59,267.8298,33.44941,0.42,0.009,0.023,0.62054,,,2026-09-28 12:25:53
云南省,西南诸河,风情园大桥,2026-09-28 11:00,2,23.43497,8.3,7.87,105.4926,151.6858,0.9,0.002,0.041,1.94454,,,2026-09-28 12:25:53
云南省,西南诸河,勐捧岔河,2026-09-28 11:00,2,27.14,7.95,7.56,296.8779,33.86115,1.2,0.003,0.045,0.69458,,,2026-09-28 12:25:53
云南省,西南诸河,打洛江大桥,2026-09-28 11:00,1,26.22308,7.88,7.65,143.9238,66.73133,0.45,0.001,0.015,0.57756,,,2026-09-28 12:25:53
云南省,西南诸河,洱海湖心,2026-09-28 12:00,3,24.16,8.93,7.6,288.39,5.62,4.18,0.01,0.021,0.506,0.00233,16300,2026-09-28 12:25:53
云南省,西南诸河,交汇口,2026-09-28 11:00,2,21.2616,8.37,7.82,338.8668,125.8524,1.52,0.007,0.036,0.76147,,,2026-09-28 12:25:53
云南省,西南诸河,徐村桥,2026-09-28 11:00,2,22.55,7.79,7.18,263.7726,28.54856,1.29,0.0003,0.038,1.19096,,,2026-09-28 12:25:53
云南省,西南诸河,江尾,2026-09-28 11:00,3,24.52961,8.04,5.29,375.0552,16.31338,1.8,0.009,0.018,0.82298,,,2026-09-28 12:25:53
云南省,西南诸河,四级坝,2026-09-28 11:00,3,21.92,7.76,5.89,325.8258,78.05206,3.14,,,,,,2026-09-28 12:25:53
云南省,西南诸河,汇流电站,2026-09-28 11:00,2,24.3905,7.21,8.07,94.95609,27.55693,1.34,0.009,0.021,0.83444,,,2026-09-28 12:25:53
云南省,西南诸河,姐告大桥,2026-09-28 11:00,2,25.88676,7.61,6.73,130.8637,81.49088,1.46,0.006,0.026,1.08909,,,2026-09-28 12:25:53
云南省,西南诸河,迭撒大桥,2026-09-28 11:00,2,23.65423,6.86,6.58,141.0038,230.0208,1.03,0.021,0.017,1.67477,,,2026-09-28 12:25:53
云南省,西南诸河,风平,2026-09-28 11:00,2,23.33,8.04,7.34,216.8891,26.00827,1.59,0.119,0.078,1.19931,,,2026-09-28 12:25:53
云南省,西南诸河,丙舍桥,2026-09-28 11:00,1,18.465,8.32,9.98,435.3901,567.5994,0.88,0.006,0.001,0.39215,,,2026-09-28 12:25:53
云南省,长江流域,贺龙桥,2026-09-28 11:00,1,16.8662,8.38,8.77,967.8222,60.68734,1.32,0.081,0.015,0.95954,,,2026-09-28 12:25:53
云南省,西南诸河,中路村,2026-09-28 11:00,1,16.64,8.44,9.4,475.7537,17.86724,1.34,0.014,0.004,0.57877,,,2026-09-28 12:25:53
西藏自治区,西南诸河,才纳,2026-09-28 11:00,2,12.82,7.94,6.84,212.748,33.322,1.23,0.035,0.018,0.651,,,2026-09-28 12:25:53
西藏自治区,西南诸河,米瑞,2026-09-28 11:00,2,12.471,7.89,7.23,194.331,68.968,1.11,0.022,0.03,0.305,,,2026-09-28 12:25:53
陕西省,黄河流域,灞河口,2026-09-28 11:00,6,22.07,8.05,6.97,420.376,22.9176,2.9,0.277,0.523,4.717,,,2026-09-28 12:25:53
陕西省,黄河流域,三郎村,2026-09-28 11:00,2,22.96,7.64,6.08,530.838,31.107,3.23,0.146,0.064,4.6433,,,2026-09-28 12:25:53
陕西省,黄河流域,沙王渡,2026-09-28 10:00,2,22.86,8.29,6.62,800.4907,81.8646,3.33,0.008,0.08,5.8895,,,2026-09-28 12:25:53
陕西省,黄河流域,岔口,2026-09-28 11:00,2,21.36,7.86,9.15,896.557,7.649,3.34,0.003,0.078,8.3685,,,2026-09-28 12:25:53
陕西省,黄河流域,下桃水电站,2026-09-28 11:00,3,20.082,8.42,8.73,1145.2,1151.45,4.13,,,4.843,,,2026-09-28 12:25:53
陕西省,长江流域,黄牛铺,2026-09-28 11:00,2,16.04,8,8.76,125.049,1.8549,3.02,0.013,0.007,1.104,,,2026-09-28 12:25:53
陕西省,黄河流域,魏家堡,2026-09-28 11:00,2,20.83,8.02,7.42,661.2964,66.8644,2.21,0.046,0.049,4.677,,,2026-09-28 12:25:53
陕西省,黄河流域,卧龙寺桥,2026-09-28 12:00,2,19.87,8.33,8.58,699.1522,51.9346,2.14,0.068,0.027,4.898,,,2026-09-28 12:25:53
陕西省,长江流域,灶火庵,2026-09-28 11:00,1,19.58,8.25,8.65,290.5511,20.7718,1.3,0.023,0.019,1.1476,,,2026-09-28 12:25:53
陕西省,黄河流域,咸阳铁桥,2026-09-28 11:00,2,22.18,8.02,6.89,648.4228,64.0866,2.72,0.12,0.043,6.6263,,,2026-09-28 12:25:53
陕西省,黄河流域,兴平,2026-09-28 11:00,2,21.62,8.05,7.28,648.8226,63.937,2.8,0.009,0.05,6.3097,,,2026-09-28 12:25:53
陕西省,黄河流域,泾河桥,2026-09-28 11:00,2,22.24,8.37,9.21,1274.26,107.8072,2.27,0.038,0.068,,,,2026-09-28 12:25:53
陕西省,黄河流域,黑河张家桥,2026-09-28 11:00,2,20.86,8.23,7.69,670.8654,66.6546,1.64,0.098,0.031,2.2793,,,2026-09-28 12:25:53
陕西省,黄河流域,潼关吊桥,2026-09-28 10:00,3,22.86,8.25,6.72,1080.51,199.5073,3.63,0.095,0.114,6.9344,,,2026-09-28 12:25:53
陕西省,黄河流域,王谦村,2026-09-28 11:00,3,22.107,8.32,7.99,1592.5,371.4,3.22,0.116,0.106,4.283,,,2026-09-28 12:25:53
陕西省,黄河流域,张家庄,2026-09-28 10:00,2,22.33,7.93,6.31,435.2664,28.1175,3.06,0.073,0.037,3.2165,,,2026-09-28 12:25:53
陕西省,黄河流域,杨家畔村,2026-09-28 11:00,2,21.31,8.8,8.1,1484.254,38.7865,2.7,0.025,0.026,7.5161,,,2026-09-28 12:25:53
陕西省,黄河流域,昝家山,2026-09-28 11:00,2,19.96,8.38,8.68,598.893,64.11098,1.89,0.002,0.025,4.5971,,,2026-09-28 12:25:53
陕西省,黄河流域,寺滩,2026-09-28 11:00,2,21.53,8.63,8.24,1437.03,24.46276,1.6,0.037,0.073,5.5121,,,2026-09-28 12:25:53
陕西省,黄河流域,朱家沟,2026-09-28 11:00,3,20.85,8.42,10.15,1069.357,31.02571,2.78,0.187,0.119,5.2011,,,2026-09-28 12:25:53
陕西省,长江流域,烈金坝,2026-09-28 11:00,2,18.99,8.29,8,330.53,6.998,0.7,,0.023,1.1406,,,2026-09-28 12:25:53
陕西省,长江流域,南柳渡,2026-09-28 11:00,2,21.49,7.81,6.78,285.3618,8.0557,1.82,0.11,0.04,1.531,,,2026-09-28 12:25:53
陕西省,长江流域,白水江,2026-09-28 11:00,2,21.26,8.15,7.76,332.2625,22.559,0.77,0.007,0.021,1.0661,,,2026-09-28 12:25:53
陕西省,黄河流域,柏树坪,2026-09-28 11:00,4,21.51998,8.13,8.46,880.756,2535.114,5.47,,0.262,14.0931,,,2026-09-28 12:25:53
陕西省,黄河流域,温家川,2026-09-28 11:00,2,19.62,8.45,9.78,1343.569,23.44009,2.36,0.08,0.042,3.0801,,,2026-09-28 12:25:53
陕西省,黄河流域,碛塄,2026-09-28 11:00,2,20.25,8.05,7.69,797.267,95.01975,2.28,,0.034,3.4031,,,2026-09-28 12:25:53
陕西省,黄河流域,高家川,2026-09-28 11:00,2,19.12,8.4,9.07,816.143,166.4668,3.84,,0.074,3.3121,,,2026-09-28 12:25:53
陕西省,黄河流域,鱼河,2026-09-28 11:00,3,20.05,8.39,8.42,836.594,72.22299,3.52,0.05,0.142,4.1341,,,2026-09-28 12:25:53
陕西省,长江流域,白河城关,2026-09-28 11:00,2,23.05,7.65,8.44,251.8849,18.19,2.12,0.011,0.04,1.484,0.007739,,2026-09-28 12:25:53
陕西省,长江流域,小钢桥,2026-09-28 11:00,2,21.96,7.74,6.82,305.96,6.34,1.63,,0.033,1.259,,,2026-09-28 12:25:53
陕西省,长江流域,老君关,2026-09-28 11:00,2,21.96,7.63,6.14,263.1661,30.3652,1.98,,0.034,0.999,,,2026-09-28 12:25:53
陕西省,长江流域,瀛湖坝前,2026-09-28 11:00,2,23.54,7.83,6.8,240.5948,5.3599,2.1,0.001,0.023,1.155,0.04104,2206763,2026-09-28 12:25:53
陕西省,长江流域,构峪口,2026-09-28 11:00,1,21.33,8.22,8.33,408.4635,9.3064,1.24,,0.004,1.936,,,2026-09-28 12:25:53
陕西省,长江流域,丹凤下,2026-09-28 11:00,2,20.26,8.14,8.43,426.507,10.3692,1.96,0.029,0.049,2.9292,,,2026-09-28 12:25:53
陕西省,黄河流域,灵口,2026-09-28 11:00,1,20.06,8.31,8.8,471.7806,7.0706,0.88,0.036,0.008,1.4347,,,2026-09-28 12:25:53
甘肃省,黄河流域,扶和桥,2026-09-28 11:00,2,15.42,8.21,7.98,530.4376,32.22018,1.47,0.09,0.023,1.98326,,,2026-09-28 12:25:53
甘肃省,黄河流域,新城桥,2026-09-28 11:00,2,16.23,8.22,7.47,522.951,67.8,1.76,,0.05,1.8375,,,2026-09-28 12:25:53
甘肃省,黄河流域,湟水桥,2026-09-28 11:00,2,15.19,8.52,7.6,686.34,59.435,1.62,0.063,0.053,3.177,,,2026-09-28 12:25:53
甘肃省,西北诸河,迎山坡,2026-09-28 11:00,1,13.44318,8.18,8.15,571.4116,7.02733,0.62,0.003,0.006,1.56671,,,2026-09-28 12:25:53
甘肃省,黄河流域,青城桥,2026-09-28 11:00,2,16.88351,8.28,6.99,596.7809,63.64834,1.78,0.044,0.02,2.30856,,,2026-09-28 12:25:53
甘肃省,黄河流域,五佛寺,2026-09-28 12:00,2,16.80738,8.34,7.48,753.0561,62.91273,1.52,0.033,0.017,2.666,,,2026-09-28 12:25:53
甘肃省,黄河流域,靖远桥,2026-09-28 11:00,2,16.17055,8.29,7.14,631.1556,48.84319,1.2,0.043,0.02,2.5511,,,2026-09-28 12:25:53
甘肃省,黄河流域,桦林,2026-09-28 11:00,2,15.8,8.43,8.68,799.5,806.7,3.36,0.047,0.092,5.108,,,2026-09-28 12:25:53
甘肃省,黄河流域,葡萄园,2026-09-28 11:00,2,19.6,8.26,7.81,1010.105,3810.504,2.67,0.044,0.059,6.947,,,2026-09-28 12:25:53
甘肃省,西北诸河,红崖山水库,2026-09-28 11:00,2,17.52163,8.39,7.36,518.7061,32.93179,1.96,0.045,0.024,0.65687,0.00901,2247470,2026-09-28 12:25:53
甘肃省,黄河流域,先明峡桥,2026-09-28 11:00,1,11.67489,8.53,8.54,480.3139,3.16904,1.15,0.007,0.003,1.4244,,,2026-09-28 12:25:53
甘肃省,西北诸河,莺落峡,2026-09-28 11:00,1,13.39,8.46,8.95,704.0363,9.47054,0.73,0.016,0.003,1.37663,,,2026-09-28 12:25:53
甘肃省,西北诸河,皇城水库,2026-09-28 11:00,1,10.23518,8.25,8.85,549.9521,7.84191,,,,1.43192,,,2026-09-28 12:25:53
甘肃省,西北诸河,六坝桥,2026-09-28 11:00,1,18.1035,8.5,7.89,,8.57253,,,,,,,2026-09-28 12:25:53
甘肃省,黄河流域,长庆桥,2026-09-28 11:00,2,18.55,8.43,8.03,846.524,60.28504,0.99,0.018,0.057,4.6011,,,2026-09-28 12:25:53
甘肃省,黄河流域,洮园桥,2026-09-28 11:00,2,15.03,8.34,7.8,390.7066,42.72672,2.82,0.17,0.071,2.99027,,,2026-09-28 12:25:53
甘肃省,长江流域,固水子村,2026-09-28 11:00,3,15.57,8.22,9.01,348,1122.5,2.59,0.241,0.146,1.271,,,2026-09-28 12:25:53
甘肃省,长江流域,两水桥,2026-09-28 11:00,3,16.2,8.4,8.47,355.772,320.9398,4.01,0.004,,1.3451,,,2026-09-28 12:25:53
甘肃省,黄河流域,折桥,2026-09-28 11:00,2,20.26,8.27,7.44,,18.3677,,,,,,,2026-09-28 12:25:53
甘肃省,黄河流域,地沟桥,2026-09-28 11:00,2,10.94,8.52,8.65,512.4435,83.4195,2.07,0.096,0.027,2.78618,,,2026-09-28 12:25:53
甘肃省,黄河流域,玛曲,2026-09-28 11:00,4,11.78761,8.21,6.12,302.0825,159.6873,7.4,0.16,0.051,3.41012,,,2026-09-28 12:25:53
青海省,黄河流域,小峡桥,2026-09-28 11:00,4,12.19147,8.29,8.36,612.3172,113.6258,9.02,0.72,0.286,4.41673,,,2026-09-28 12:25:53
青海省,黄河流域,润泽桥,2026-09-28 11:00,2,11.03251,8.21,8.92,453.7676,80.44046,3.51,0.113,0.072,2.63592,,,2026-09-28 12:25:53
青海省,黄河流域,大河家,2026-09-28 11:00,2,20.22952,7.58,6.52,,0.10911,1.15,0.006,0.002,0.86539,,,2026-09-28 12:25:53
青海省,黄河流域,边墙村,2026-09-28 11:00,2,14.41096,8.4,8.27,727.4604,222.0418,3.07,0.158,0.076,3.8109,,,2026-09-28 12:25:53
青海省,黄河流域,峡塘,2026-09-28 11:00,1,12.40704,8.49,7.84,541.2349,10.27598,1.24,0.003,0.005,0.92835,,,2026-09-28 12:25:53
青海省,黄河流域,金滩,2026-09-28 11:00,1,11.99,8.48,7.71,444.4,7.255,,0.023,0.02,0.994,,,2026-09-28 12:25:53
青海省,西北诸河,布哈河入青海湖口,2026-09-28 11:00,1,8.96173,8.37,8.2,564.9341,22.99308,1.1,0.004,0.005,1.007,,,2026-09-28 12:25:53
青海省,黄河流域,唐乃亥,2026-09-28 11:00,2,13.65116,8.47,7.31,437.5936,71.02736,1.74,0.089,0.03,1.21541,,,2026-09-28 12:25:53
青海省,黄河流域,龙羊峡库区出水口,2026-09-28 11:00,2,14.22909,8.07,6.79,441.2981,7.20942,1.67,0.006,0.007,0.90919,0.00336,286483.3,2026-09-28 12:25:53
青海省,长江流域,直门达,2026-09-28 11:00,3,11.28,8.38,7.89,1833.375,469.5125,2,0.662,0.187,1.725103,,,2026-09-28 12:25:53
青海省,西北诸河,总场水闸,2026-09-28 11:00,1,11.11,8.5,7.99,845.5204,25.60604,0.35,0.001,0.005,0.73138,,,2026-09-28 12:25:53
青海省,西北诸河,纳赤台,2026-09-28 11:00,2,8.068,8.43,7.8,850,38.01,1.48,0.032,0.051,0.704,,,2026-09-28 12:25:53
青海省,西北诸河,德令哈市水厂旁,2026-09-28 11:00,1,10.87258,8.15,9.98,765.7755,81.90769,0.26,0.001,0.002,1.19781,,,2026-09-28 12:25:53
宁夏回族自治区,黄河流域,银古公路桥,2026-09-28 11:00,2,17.92216,8.31,7.41,861.6872,269.5996,2.43,0.084,0.04,3.33059,,,2026-09-28 12:25:53
宁夏回族自治区,黄河流域,平罗黄河大桥,2026-09-28 11:00,2,19.06,8.36,7.29,915.18,337.07,1.92,,0.067,3.422,,,2026-09-28 12:25:53
宁夏回族自治区,黄河流域,麻黄沟,2026-09-28 12:00,2,19.21,8.29,7.45,895.69,387.737,2.45,,0.081,2.9325,,,2026-09-28 12:25:53
宁夏回族自治区,黄河流域,沙湖,2026-09-28 11:00,3,18.61,8.78,8.13,1411,23.7,5.96,0.032,0.026,0.646,0.01406,977000,2026-09-28 12:25:53
宁夏回族自治区,黄河流域,金沙湾,2026-09-28 11:00,2,18.026,8.41,8.05,846.3,88.995,1.81,,0.057,3.16,,,2026-09-28 12:25:53
宁夏回族自治区,黄河流域,弹筝峡,2026-09-28 11:00,2,13.9,8.46,9.9,669.25,8.117,0.94,0.157,0.027,3.533,,,2026-09-28 12:25:53
宁夏回族自治区,黄河流域,沟圈,2026-09-28 11:00,2,18.02,8.53,8.25,2004.256,132.2137,2.9,0.029,0.048,2.0021,,,2026-09-28 12:25:53
宁夏回族自治区,黄河流域,中卫下河沿,2026-09-28 11:00,2,17.6,8.06,8.08,736.8,131.6,1.71,,0.056,2.887,,,2026-09-28 12:25:53
宁夏回族自治区,黄河流域,泉眼山,2026-09-28 11:00,3,17.54,8.21,8.67,8034.4,494.0506,3.19,0.188,0.139,24.3441,,,2026-09-28 12:25:53
新疆维吾尔自治区,西北诸河,青年渠,2026-09-28 11:00,1,14.23,8.18,9.93,463.0207,13.61745,1.11,0.002,0.003,1.27006,,,2026-09-28 12:25:53
新疆维吾尔自治区,西北诸河,七纺桥,2026-09-28 11:00,1,13.02,8.64,8.96,2286.235,13.17927,0.79,0.003,0.02,10.86672,,,2026-09-28 12:25:53
新疆维吾尔自治区,西北诸河,赛湖2,2026-09-28 11:00,3,15.31153,,5.15,3218.975,9.5625,0.68,0.181,0.004,0.5296,0.00937,21850,2026-09-28 12:25:53
新疆维吾尔自治区,西北诸河,哈尔莫墩,2026-09-28 11:00,1,14.91,8.3,10.17,396.4525,0.0197,1.05,0.009,0.009,0.67826,,,2026-09-28 12:25:53
新疆维吾尔自治区,西北诸河,汇合口,2026-09-28 11:00,1,19.23,7.91,8.38,451.7049,6.6279,1.6,0.011,0.008,0.30011,,,2026-09-28 12:25:53
新疆维吾尔自治区,西北诸河,兰干,2026-09-28 11:00,2,18.63246,8.08,6.03,726.0248,1.54984,1.23,0.042,0.005,0.3172,,,2026-09-28 12:25:53
新疆维吾尔自治区,西北诸河,塔提让,2026-09-28 11:00,1,14.72,8.5,8.29,1149.158,815.3085,0.83,0.006,0.002,0.81905,,,2026-09-28 12:25:53
新疆维吾尔自治区,西北诸河,塔里木拦河闸,2026-09-28 11:00,1,15.46945,8.14,8.49,602.2578,187.7517,0.89,0.003,,0.89021,,,2026-09-28 12:25:53
新疆维吾尔自治区,西北诸河,十二医院,2026-09-28 11:00,2,13.41241,7.7,8.54,1363.863,201.9448,0.9,0.46,0.007,1.32711,,,2026-09-28 12:25:53
新疆维吾尔自治区,西北诸河,依干其渡口,2026-09-28 11:00,1,15.87659,8.27,8.24,479.9265,113.8436,0.67,0.006,0.004,1.12108,,,2026-09-28 12:25:53
新疆维吾尔自治区,西北诸河,喀河大桥,2026-09-28 11:00,1,17.18276,8.18,9.4,1260.983,1.6103,1.16,0.004,0.003,1.52484,,,2026-09-28 12:25:53
新疆维吾尔自治区,西北诸河,科布大桥,2026-09-28 11:00,1,12.67618,8.04,8.88,372.3337,34.0764,0.69,0.01,0.005,0.90847,,,2026-09-28 12:25:53
新疆维吾尔自治区,西北诸河,龙口大桥,2026-09-28 11:00,1,16.85147,7.61,8.53,304.658,3.29322,0.66,0.008,0.004,0.64639,,,2026-09-28 12:25:53
新疆维吾尔自治区,西北诸河,羊场大桥,2026-09-28 11:00,1,16.73,8.07,8.19,494.3845,46.53047,1.55,0.01,0.012,1.68508,,,2026-09-28 12:25:53
新疆维吾尔自治区,西北诸河,喀什河大桥,2026-09-28 11:00,1,16.09,8.11,10.34,253.7724,15.82993,0.68,0.008,0.004,0.92806,,,2026-09-28 12:25:53
新疆维吾尔自治区,西北诸河,霍城63团伊犁河大桥,2026-09-28 11:00,2,16.298,7.99,8.12,385.317,176.945,0.34,0.043,0.035,0.864,,,2026-09-28 12:25:53
新疆维吾尔自治区,西北诸河,英牙尔乡,2026-09-28 11:00,2,18.17334,8.2,8.9,360.8244,23.70183,1.39,0.007,0.031,1.24444,,,2026-09-28 12:25:53
新疆维吾尔自治区,西北诸河,雅马渡大桥,2026-09-28 11:00,1,16.71,7.8,7.94,289.434,7.954,0.55,0.014,0.007,0.984,,,2026-09-28 12:25:53
新疆维吾尔自治区,西北诸河,布尔津河大桥,2026-09-28 11:00,1,13.45,7.55,9.47,58.41569,6.27825,1.57,0.004,0.005,0.18728,,,2026-09-28 12:25:53
新疆维吾尔自治区,西北诸河,乌伦古湖码头,2026-09-28 11:00,2,20.83781,8.55,7.45,3619.83,13.11092,,,,,0.02002,546369.4,2026-09-28 12:25:53
新疆维吾尔自治区,西北诸河,北屯大桥,2026-09-28 11:00,1,14.93756,7.21,8.62,89.10691,13.64119,0.67,0.006,0.007,0.47456,,,2026-09-28 12:25:53
新疆维吾尔自治区,西北诸河,布尔津水文站,2026-09-28 11:00,1,13.85,7.95,10.25,211.6974,13.14054,1.55,0.018,0.014,1.15683,,,2026-09-28 12:25:53
新疆维吾尔自治区,西北诸河,额河南湾,2026-09-28 11:00,1,12.106,7.4,9.27,209.7007,0.0076,1.12,0.002,0.01,0.54859,,,2026-09-28 12:25:53
