省份,流域,断面名称,监测时间,水质类别,水温(℃),pH(无量纲),溶解氧(mg/L),电导率(μS/cm),浊度(NTU),高锰酸盐指数(mg/L),氨氮(mg/L),总磷(mg/L),总氮(mg/L),叶绿素α(mg/L),藻密度(cells/L),抓取时间
北京市,海河流域,鼓楼外大街,2026-09-16 00:00,2,24.22,7.64,6.55,410.54,15.839,1.61,0.048,0.023,2.181,,,2026-09-16 01:09:32
北京市,海河流域,广北滨河路,2026-09-16 00:00,2,23.98,7.83,6.98,397.87,8.97,1.58,0.03,0.022,2.027,,,2026-09-16 01:09:32
北京市,海河流域,沙窝,2026-09-16 00:00,2,24.67,7.37,7.43,780.45,10.589,3.71,0.071,0.062,4.758,,,2026-09-16 01:09:32
北京市,海河流域,新八里桥,2026-09-16 00:00,4,25.32,7.55,4.44,784.541,5.237,3.58,0.029,0.086,6.601,,,2026-09-16 01:09:32
北京市,海河流域,大红门闸上,2026-09-16 00:00,2,22.86,7.83,7.73,986,9.175,2.61,,0.067,8.694,,,2026-09-16 01:09:32
北京市,海河流域,南大荒桥,2026-09-16 00:00,2,22.89,8.53,9.75,927.6,19.35,2.85,0.012,0.025,2.012,,,2026-09-16 01:09:32
北京市,海河流域,清河闸,2026-09-16 00:00,3,22.54,7.79,5.81,761.53,4.667,2.09,,0.056,5.022,,,2026-09-16 01:09:32
北京市,海河流域,花园路,2026-09-16 00:00,2,21.79,7.64,6.91,697.418,4.097,1.24,0.084,0.038,6.848,,,2026-09-16 01:09:32
北京市,海河流域,白石桥,2026-09-16 00:00,1,24.75,7.79,7.6,331.73,4.796,1.9,0.005,0.014,2.067,,,2026-09-16 01:09:32
北京市,海河流域,八间房漫水桥,2026-09-16 00:00,2,22.7,7.9,7.38,881.72,7.89,3,0.005,0.042,3.9397,,,2026-09-16 01:09:32
北京市,海河流域,码头,2026-09-16 00:00,2,23.66,7.46,9.73,1050.88,19.523,2.6,0.051,0.06,9.05,,,2026-09-16 01:09:32
北京市,海河流域,罗庄,2026-09-16 00:00,2,24.61,8.12,8.42,1187.801,7.004047,3.34,,0.065,6.9301,,,2026-09-16 01:09:32
北京市,海河流域,小屯桥,2026-09-16 00:00,3,24.5,8.49,10.88,1296.357,7.750569,4.02,,0.07,6.2581,,,2026-09-16 01:09:32
北京市,海河流域,东店,2026-09-16 00:00,2,20.64834,7.99,9.61,740.1334,55.87286,1.79,0.045,0.065,13.50703,,,2026-09-16 01:09:32
北京市,海河流域,密云水库,2026-09-16 00:00,1,24.21124,8.27,8.53,418.5413,2.880869,1.75,0.01,0.007,3.151043,,,2026-09-16 01:09:32
北京市,海河流域,大关桥,2026-09-16 00:00,2,23.72,8.17,8.28,432.39,27.1,2.61,0.102,0.023,3.7651,,,2026-09-16 01:09:32
北京市,海河流域,辛庄桥,2026-09-16 00:00,2,20.51,8.02,8.27,595.931,46.31313,1.29,,0.024,8.1661,,,2026-09-16 01:09:32
北京市,海河流域,谷家营,2026-09-16 00:00,2,22.74,8.96,16.54,528.935,2.713,3.97,0.056,0.076,2.476,,,2026-09-16 01:09:32
北京市,海河流域,后城,2026-09-16 00:00,1,14.82,8.19,8.35,585.412,29.32815,1.42,0.033,0.016,10.3201,,,2026-09-16 01:09:32
天津市,海河流域,北洋桥,2026-09-16 00:00,4,24.61684,7.29,4.46,1044.884,20.46956,3.69,0.688,0.098,2.120127,,,2026-09-16 01:09:32
天津市,海河流域,井冈山桥,2026-09-16 00:00,4,24.61,7.79,4.2,1055.32,14.52356,3.9,0.865,0.14,1.7051,,,2026-09-16 01:09:32
天津市,海河流域,大红桥,2026-09-16 00:00,5,24.56,7.72,2.91,926.297,41.46981,3.65,0.126,0.077,1.9591,,,2026-09-16 01:09:32
天津市,海河流域,曹庄子泵站,2026-09-16 00:00,2,25.98,7.84,6.66,250.96,1.43,1.49,0.048,0.006,0.776,,,2026-09-16 01:09:32
天津市,海河流域,生产圈闸,2026-09-16 00:00,6,23.70334,7.38,1.14,1204.942,12.9873,4.42,0.382,0.102,2.028967,,,2026-09-16 01:09:32
天津市,海河流域,尔王庄泵站,2026-09-16 00:00,3,26.1,7.53,5.22,286.058,20.35806,1.93,,,0.6771,,,2026-09-16 01:09:32
天津市,海河流域,塘汉公路桥,2026-09-16 00:00,5,22.87,7.47,2.83,1180.32,93.42608,5.36,0.171,0.156,3.9481,,,2026-09-16 01:09:32
天津市,海河流域,海河大闸,2026-09-16 00:00,3,25.23,8.5,11.07,3216.902,28.2377,4.94,0.15,0.111,1.6934,,,2026-09-16 01:09:32
天津市,海河流域,北排水河防潮闸,2026-09-16 00:00,5,19.45,7.7,2.74,1715,27.5845,3.95,,0.082,1.425,,,2026-09-16 01:09:32
天津市,海河流域,沧浪渠出境,2026-09-16 00:00,4,24.94,7.81,3.09,7314.9,1371.38,7.86,,0.229,1.5977,,,2026-09-16 01:09:32
天津市,海河流域,万家码头,2026-09-16 00:00,4,24.7,8.43,8.54,2396.96,29.73,6.25,0.039,0.084,0.975,,,2026-09-16 01:09:32
天津市,海河流域,蓟运河防潮闸,2026-09-16 00:00,3,21.94376,7.73,6.76,996.5764,21.7258,6,0.231,0.194,1.77931,,,2026-09-16 01:09:32
天津市,海河流域,青静黄防潮闸,2026-09-16 00:00,6,26.70136,9.04,15.26,5046.77,47.25132,11.34,0.071,0.167,0.893497,,,2026-09-16 01:09:32
天津市,海河流域,马棚口防潮闸,2026-09-16 00:00,4,24.62,7.81,6.66,2896.5,50.2266,7.05,0.45,0.093,3.165,,,2026-09-16 01:09:32
天津市,海河流域,阎辛庄,2026-09-16 00:00,6,18.96234,7.28,1.33,2215.536,39.46336,5.04,0.694,0.151,3.336629,,,2026-09-16 01:09:32
天津市,海河流域,于桥水库出口,2026-09-16 00:00,3,24.77,8.33,7.49,387.404,18.04152,5,0.123,0.045,2.3531,,,2026-09-16 01:09:32
天津市,海河流域,黎河桥,2026-09-16 00:00,2,21.883,7.61,10.89,733.1,11.86,1.43,,0.095,11.58,,,2026-09-16 01:09:32
天津市,海河流域,沙河桥,2026-09-16 00:00,2,22.5,7.62,7.48,647.96,13.036,1.49,0.229,0.091,9.711,,,2026-09-16 01:09:32
天津市,海河流域,西屯桥,2026-09-16 00:00,4,24.55,7.42,4.73,471.22,23.3518,4.2,0.255,0.073,2.669,,,2026-09-16 01:09:32
河北省,海河流域,下槐镇,2026-09-16 00:00,-1,,,,,,,,,,,,2026-09-16 01:09:32
河北省,海河流域,地都,2026-09-16 00:00,2,20.51,8.28,6.77,1231.783,61.572,1.71,0.397,0.073,6.923,,,2026-09-16 01:09:32
河北省,海河流域,平山桥,2026-09-16 00:00,1,22.53,8.17,8.78,1011.08,26.263,1.14,,0.005,5.146,,,2026-09-16 01:09:32
河北省,海河流域,兆通,2026-09-16 00:00,1,25.32,8.58,9.09,283.31,3.29,1.47,,0.007,0.7235,,,2026-09-16 01:09:32
河北省,海河流域,大石桥,2026-09-16 00:00,3,24.91606,7.91,7.46,1427.141,23.79662,5.13,0.179,0.147,11.22888,,,2026-09-16 01:09:32
河北省,海河流域,涧河口,2026-09-16 00:00,4,24.49965,8.07,5.76,1386.569,25.39437,7.03,0.05,0.133,0.974775,,,2026-09-16 01:09:32
河北省,海河流域,丰北闸,2026-09-16 00:00,3,26.59697,7.8,7.36,976.3804,33.19486,5.66,,0.173,0.43178,,,2026-09-16 01:09:32
河北省,海河流域,滦县大桥,2026-09-16 00:00,2,23.15,8.08,8.85,597.443,8.562612,2.39,,0.031,4.5711,,,2026-09-16 01:09:32
河北省,海河流域,刘家庄,2026-09-16 00:00,1,18.76,8.1,7.54,574.7662,13.99,1.1,0.015,0.012,4.246,,,2026-09-16 01:09:32
河北省,海河流域,岳城水库出口,2026-09-16 00:00,1,24.6,8.49,10.77,564.947,6.007708,1.89,0.002,0.002,2.5431,,,2026-09-16 01:09:32
河北省,海河流域,曲周,2026-09-16 00:00,2,24.06,8.19,10.28,1015.801,17.612,3.84,,0.049,4.11,,,2026-09-16 01:09:32
河北省,海河流域,沙阳,2026-09-16 00:00,2,25.54,7.99,10.76,1592.73,72.3,3.11,0.037,0.068,3.2247,,,2026-09-16 01:09:32
河北省,海河流域,艾辛庄,2026-09-16 00:00,3,24.5509,7.63,6.88,1213.539,10.02202,4.93,0.022,0.111,8.722425,,,2026-09-16 01:09:32
河北省,海河流域,后西吴桥,2026-09-16 00:00,3,26.47,8.32,5.97,969.14,76.3,3.49,0.092,0.156,8.5151,,,2026-09-16 01:09:32
河北省,海河流域,北河店,2026-09-16 00:00,2,23.5,7.92,6.96,608.9501,5.8644,1.23,,0.018,6.476,,,2026-09-16 01:09:32
河北省,海河流域,白合,2026-09-16 00:00,2,20.77,8.24,8.6,532.39,45.38,1.13,,0.051,4.202,,,2026-09-16 01:09:32
河北省,海河流域,杜里村,2026-09-16 00:00,2,17.94,8.43,9.53,423.23,68.53,0.82,,0.05,3.3521,,,2026-09-16 01:09:32
河北省,海河流域,温泉屯,2026-09-16 00:00,3,18.71,8.22,7.28,1102.663,206.5091,4.66,0.009,0.139,8.1391,,,2026-09-16 01:09:32
河北省,海河流域,左卫桥,2026-09-16 00:00,4,17.53,8.47,8.54,861.472,542.7688,5.26,0.017,0.224,12.3431,,,2026-09-16 01:09:32
河北省,海河流域,四道甸,2026-09-16 00:00,3,18.14,8.24,8.16,462.658,909.2528,4.12,0.015,0.058,7.0121,,,2026-09-16 01:09:32
河北省,海河流域,上二道河子,2026-09-16 00:00,2,21.28,7.91,7.32,498.957,3.289874,2.6,0.018,,7.3671,,,2026-09-16 01:09:32
河北省,辽河流域,甸子,2026-09-16 00:00,2,16.42,7.86,6.72,459.33,18.3,2.29,0.027,0.027,8.238,,,2026-09-16 01:09:32
河北省,海河流域,何老营,2026-09-16 00:00,3,22.54022,8.43,8.75,3635.128,7.785613,5.62,0.014,0.095,0.81275,,,2026-09-16 01:09:32
河北省,海河流域,大口河口,2026-09-16 00:00,3,23.16,7.65,6.55,16273.55,374.46,3.02,0.046,0.135,2.818,,,2026-09-16 01:09:32
河北省,海河流域,四埝村桥,2026-09-16 00:00,4,24.55,8.66,15.14,4036.741,14.475,6.26,0.038,0.096,0.77,,,2026-09-16 01:09:32
河北省,海河流域,大王务,2026-09-16 00:00,3,23.65,8.08,9.09,838.453,22.98465,5.55,0.016,0.064,0.8521,,,2026-09-16 01:09:32
河北省,海河流域,台头,2026-09-16 00:00,2,24.37505,8.08,8.13,872.3921,17.07847,3.88,,0.049,0.9251,,,2026-09-16 01:09:32
河北省,海河流域,桑梓红旗闸,2026-09-16 00:00,2,22.87606,8.04,8.04,726.122,27.76858,2.37,0.012,0.079,11.7761,,,2026-09-16 01:09:32
河北省,海河流域,三小营,2026-09-16 00:00,2,22.1458,7.67,6.77,1003.6,14.58968,3.9,0.046,0.095,2.188704,,,2026-09-16 01:09:32
河北省,海河流域,小范桥,2026-09-16 00:00,3,25.13,8.4,8.91,920.214,3.694,4.92,0.016,0.036,0.6181,,,2026-09-16 01:09:32
河北省,海河流域,衡水湖大湖心,2026-09-16 00:00,3,24.88,8.77,9.91,1308.62,15.829,5.74,0.005,0.028,0.736,0.03302,7928647,2026-09-16 01:09:32
河北省,海河流域,南张村,2026-09-16 00:00,1,26.43,8.48,8.19,235.95,3.989,1.6,0.042,0.007,0.6452,,,2026-09-16 01:09:32
河北省,海河流域,安州,2026-09-16 00:00,6,24.92,7.22,0.57,1133.43,9.2374,,0.179,0.096,5.005,,,2026-09-16 01:09:32
河北省,海河流域,膳马庙村北,2026-09-16 00:00,3,24.99,7.92,10.62,1001.63,62.6687,5.06,0.07,0.079,6.1256,,,2026-09-16 01:09:32
河北省,海河流域,南刘庄,2026-09-16 00:00,3,24.85,7.68,6.9,713,6.32,,0.04,0.039,0.679,0.00601,1197933,2026-09-16 01:09:32
河北省,海河流域,烧车淀,2026-09-16 00:00,2,24.51,8.06,14.68,519.44,0.44,2.45,0.01,0.017,2.932,0.0041,2919414,2026-09-16 01:09:32
河北省,海河流域,圈头,2026-09-16 00:00,3,24.95,8.56,9.58,793.44,1.34,4.53,0.029,0.021,0.572,0.00153,689462.9,2026-09-16 01:09:32
河北省,海河流域,采蒲台,2026-09-16 00:00,2,24.67786,8.08,9.86,675.8586,0.432104,3.87,0.014,0.019,0.261664,0.002066,470227.5,2026-09-16 01:09:32
河北省,海河流域,光淀张庄,2026-09-16 00:00,3,24.94,7.58,5.07,756.38,5.45,2.48,0.036,0.018,1.804,0.00069,431937.2,2026-09-16 01:09:32
山西省,黄河流域,韩武村,2026-09-16 00:00,4,23.42,8.15,6.56,1250.01,17.3,7.03,0.168,0.174,8.215,,,2026-09-16 01:09:32
山西省,黄河流域,上兰,2026-09-16 00:00,2,20.64,8.22,6.94,656.433,8.220981,1.53,0.016,,1.7701,,,2026-09-16 01:09:32
山西省,黄河流域,汾河水库出口,2026-09-16 00:00,1,22.27,8.49,7.84,615.731,2.220338,0.96,0.004,,1.4031,0.010459,289347,2026-09-16 01:09:32
山西省,海河流域,堡子湾,2026-09-16 00:00,2,15.54,8.1,7.53,825.006,2.140106,1.75,0.017,0.032,8.0531,,,2026-09-16 01:09:32
山西省,海河流域,册田水库出口,2026-09-16 00:00,3,20.9,8.68,6.66,1078.78,18.31596,4.65,0.002,0.077,0.9191,,,2026-09-16 01:09:32
山西省,海河流域,古家坡,2026-09-16 00:00,6,20.96,7.96,0.01,1448.743,50.01859,8.84,0.006,0.301,2.8251,,,2026-09-16 01:09:32
山西省,海河流域,利仁皂,2026-09-16 00:00,3,20.96,8.2,5.86,1584.233,19.88769,5,0.016,0.099,4.6601,,,2026-09-16 01:09:32
山西省,海河流域,白羊墅,2026-09-16 00:00,2,20.64,8.12,7.5,1295.63,63.619,2.05,,0.069,7.063,,,2026-09-16 01:09:32
山西省,海河流域,王家庄,2026-09-16 00:00,2,20.95,8.23,8.39,595.64,27.89,2.14,0.005,0.03,2.823,,,2026-09-16 01:09:32
山西省,海河流域,司徒桥,2026-09-16 00:00,3,22.05,8.2,9.35,601.1147,21.1269,4.76,,0.05,1.214,,,2026-09-16 01:09:32
山西省,海河流域,关河水库出口,2026-09-16 00:00,3,20.55,7.85,5.11,531.55,10.45,3.94,0.017,0.026,1.5939,,,2026-09-16 01:09:32
山西省,海河流域,北寨,2026-09-16 00:00,3,21,7.92,7.85,912.96,31.15,4.8,0.008,0.078,6.5065,,,2026-09-16 01:09:32
山西省,海河流域,后湾水库出口,2026-09-16 00:00,3,21.61,7.87,5.6,479.87,3.755,2.77,0.044,0.016,0.648,,,2026-09-16 01:09:32
山西省,黄河流域,龙头,2026-09-16 00:00,2,19.54,8.19,7,596.8,50.04,1.98,,0.022,3.1519,,,2026-09-16 01:09:32
山西省,黄河流域,拴驴泉,2026-09-16 00:00,1,21.55,8.15,8.87,790.1285,13.5907,1.09,,0.014,3.983,,,2026-09-16 01:09:32
山西省,海河流域,东榆林水库出口,2026-09-16 00:00,2,20.28,8.59,13.07,702.933,11.55047,3.24,0.223,0.067,2.8151,,,2026-09-16 01:09:32
山西省,黄河流域,杀虎口,2026-09-16 00:00,2,16.68,8.31,7.54,608.783,54.4282,3.5,0.011,0.055,1.9691,,,2026-09-16 01:09:32
山西省,海河流域,王寨村,2026-09-16 00:00,2,21,8.27,7.81,613.844,71.512,1.21,,0.033,3.516,,,2026-09-16 01:09:32
山西省,黄河流域,安固桥,2026-09-16 00:00,3,21.296,7.88,6.82,852.678,74.9299,2.55,0.086,0.115,7.1135,,,2026-09-16 01:09:32
山西省,黄河流域,王庄桥南,2026-09-16 00:00,4,21.97,8.36,7.59,1104.899,60.32,9.44,0.001,0.17,5.098,,,2026-09-16 01:09:32
山西省,黄河流域,郝村,2026-09-16 00:00,3,21.13,8.15,7.67,991.1187,55.6319,4.99,0.003,0.096,2.3765,,,2026-09-16 01:09:32
山西省,黄河流域,龙门,2026-09-16 00:00,2,22.16,8.02,9.79,1111.424,256.9134,2.17,0.016,0.066,2.785,,,2026-09-16 01:09:32
山西省,黄河流域,张留庄,2026-09-16 00:00,4,24.68,8.73,8.15,8357.574,77.889,7.85,0.051,0.144,8.275,,,2026-09-16 01:09:32
山西省,黄河流域,上亳城,2026-09-16 00:00,2,22.08,8.01,7.4,924.932,28.662,1.9,0.037,0.038,5.4401,,,2026-09-16 01:09:32
山西省,黄河流域,小韩村,2026-09-16 00:00,4,22.93,7.48,4.5,1839.91,32.717,3.27,0.315,0.141,7.926,,,2026-09-16 01:09:32
山西省,海河流域,梵王寺,2026-09-16 00:00,2,14.5,8.16,9.02,1088.891,58.30464,2.01,0.094,0.031,5.6101,,,2026-09-16 01:09:32
山西省,海河流域,代县桥,2026-09-16 00:00,2,17.71,8.57,8.91,697.128,90.28581,1.97,0.005,0.056,5.8891,,,2026-09-16 01:09:32
山西省,海河流域,定襄桥,2026-09-16 00:00,4,20.18,7.96,4.82,650.02,657.9235,5.68,0.001,0.162,5.2001,,,2026-09-16 01:09:32
山西省,海河流域,南庄,2026-09-16 00:00,3,20.09,8.32,8.11,541.264,119.023,5.12,,0.174,8.9861,,,2026-09-16 01:09:32
山西省,海河流域,坪上桥,2026-09-16 00:00,1,16.82,8.54,8.74,433.826,12.05253,0.95,,0.011,4.1361,,,2026-09-16 01:09:32
山西省,黄河流域,河西村,2026-09-16 00:00,2,17.82,8.25,7.56,564.6,36.47,1.15,0.019,0.034,3.17,,,2026-09-16 01:09:32
山西省,黄河流域,上平望,2026-09-16 00:00,6,23.45,7.8,5.89,1166.01,123.37,16.79,0.179,0.105,7.656,,,2026-09-16 01:09:32
山西省,黄河流域,黑城村,2026-09-16 00:00,2,21.68,8.26,7.48,826.5142,57.268,1.75,0.023,0.033,4.125,,,2026-09-16 01:09:32
山西省,黄河流域,曲立,2026-09-16 00:00,2,16.34,8.02,7.69,617.518,64.77796,2.14,0.026,0.069,4.9601,,,2026-09-16 01:09:32
山西省,黄河流域,裴家川口,2026-09-16 00:00,1,18.88,8.12,8.04,479.93,38.36487,1.26,0.015,0.01,3.6341,,,2026-09-16 01:09:32
山西省,黄河流域,碛口,2026-09-16 00:00,4,22.13,8.46,6.94,1061.457,8.140821,7.65,0.127,0.038,8.0641,,,2026-09-16 01:09:32
山西省,黄河流域,裴沟,2026-09-16 00:00,2,21.23,8.85,6.44,863.464,13.39559,2.74,0.233,0.023,6.3621,,,2026-09-16 01:09:32
山西省,黄河流域,三川河两河口桥,2026-09-16 00:00,3,22,8.41,6.79,829.043,6.700498,3.13,0.053,0.157,6.5521,,,2026-09-16 01:09:32
山西省,黄河流域,碧村,2026-09-16 00:00,1,20.22,8.32,8.33,643.77,22.15805,1.73,0.028,0.02,4.8001,,,2026-09-16 01:09:32
山西省,黄河流域,北峪口,2026-09-16 00:00,2,20.83839,8.11,7.28,495.783,34.88656,1.85,0.034,0.026,2.3571,,,2026-09-16 01:09:32
山西省,黄河流域,南姚,2026-09-16 00:00,4,21.32,8.13,8.76,989.6,48.42,7.35,0.535,0.145,6.812,,,2026-09-16 01:09:32
内蒙古自治区,松花江流域,根河口内,2026-09-16 00:00,3,14.34,6.18,8.74,87.19,13.61,5.45,,0.022,0.187,,,2026-09-16 01:09:32
内蒙古自治区,松花江流域,李屯,2026-09-16 00:00,3,13.73,7.32,9.33,97.531,28.6887,5.5,,0.044,0.478,,,2026-09-16 01:09:32
内蒙古自治区,松花江流域,陶海,2026-09-16 00:00,3,13.7,7.56,9.81,148.8,18.3,5.17,,0.055,0.351,,,2026-09-16 01:09:32
内蒙古自治区,松花江流域,嵯岗,2026-09-16 00:00,4,15.38,7.94,9.08,208.715,54.743,9.09,,0.084,0.523,,,2026-09-16 01:09:32
内蒙古自治区,松花江流域,成吉思汗,2026-09-16 00:00,2,15.62,7.14,9.17,141.7,14.24,2.03,,0.025,1.205,,,2026-09-16 01:09:32
内蒙古自治区,松花江流域,讷尔克气,2026-09-16 00:00,3,12,7.17,10.12,73.631,7.176,5.07,,0.019,0.331,,,2026-09-16 01:09:32
内蒙古自治区,松花江流域,大山矿,2026-09-16 00:00,2,11.24,7.99,10.19,226.65,9.52,2.85,,0.023,0.224,,,2026-09-16 01:09:32
内蒙古自治区,松花江流域,察尔森水库西入口,2026-09-16 00:00,3,18.19,7.62,7.28,163.81,53.27,3.42,,0.031,1.44,0.00707,4314560,2026-09-16 01:09:32
辽宁省,辽河流域,于台,2026-09-16 00:00,4,20.57,7.11,5.47,875.995,7.919,3.78,1.135,0.07,6.75,,,2026-09-16 01:09:32
辽宁省,辽河流域,巨流河大桥,2026-09-16 00:00,4,20.87,8.41,12.06,550,63.7,8.16,,0.099,1.511,,,2026-09-16 01:09:32
辽宁省,辽河流域,兴国桥,2026-09-16 00:00,3,17.84,7.2,5.61,678.606,7.617,2.78,,0.018,1.289,,,2026-09-16 01:09:32
辽宁省,辽河流域,麦家,2026-09-16 00:00,3,22.17,7.98,7.16,483.6,19.03,4.47,0.058,0.076,1.967,,,2026-09-16 01:09:32
辽宁省,辽河流域,复州湾大桥,2026-09-16 00:00,2,20.7126,7.97,7.47,565.163,2.87818,3.6,0.038,0.045,3.7,,,2026-09-16 01:09:32
辽宁省,辽河流域,万泰,2026-09-16 00:00,2,23.93,8.68,10.18,141.266,7.59731,3.32,0.009,0.018,2.56606,,,2026-09-16 01:09:32
辽宁省,辽河流域,登化,2026-09-16 00:00,4,21.6839,8.79,15.08,647.543,19.5473,6.61,0.022,0.134,4.07,,,2026-09-16 01:09:32
辽宁省,辽河流域,小姐庙,2026-09-16 00:00,2,22.35,7.91,6.27,768.3,6.59,2.08,0.051,0.072,4.467,,,2026-09-16 01:09:32
辽宁省,辽河流域,口子街,2026-09-16 00:00,1,21.85,8.92,9.77,288,3.75417,1.81,0.036,0.013,3.215,,,2026-09-16 01:09:32
辽宁省,辽河流域,牛庄,2026-09-16 00:00,3,21.7993,8.01,5.42,626.068,25.6798,4.3,0.11,0.079,2.868,,,2026-09-16 01:09:32
辽宁省,辽河流域,关门山大桥,2026-09-16 00:00,2,19.78,8.1,7.08,388.018,4.175,1.39,,0.008,4.723,,,2026-09-16 01:09:32
辽宁省,辽河流域,刘家台,2026-09-16 00:00,3,20.527,8.56,9.97,727.357,32.7,4.03,0.015,0.088,4.313,,,2026-09-16 01:09:32
辽宁省,辽河流域,凤鸣电站,2026-09-16 00:00,1,20.24,8.18,8.75,223.79,5.095,1.8,,0.02,3.157,,,2026-09-16 01:09:32
辽宁省,辽河流域,南太子河入库口,2026-09-16 00:00,1,19.19,7.88,8.53,188.1,1.98,0.32,0.009,0.006,4.762,,,2026-09-16 01:09:32
辽宁省,辽河流域,江桥,2026-09-16 00:00,3,22.37,7.15,5.25,155.3,11.31,1.46,,0.014,2.466,,,2026-09-16 01:09:32
辽宁省,辽河流域,爱河大桥,2026-09-16 00:00,2,21.6914,7.46,6.92,212.855,5.22147,1.31,0.037,0.028,3.678,,,2026-09-16 01:09:32
辽宁省,辽河流域,蒲石河大桥,2026-09-16 00:00,1,22.44,7.68,8.37,223.63,2.879,1.56,0.044,0.014,3.183,,,2026-09-16 01:09:32
辽宁省,辽河流域,王家沟,2026-09-16 00:00,2,21.91,8.17,8.21,664.46,11.72,2.21,,0.026,5.268,,,2026-09-16 01:09:32
辽宁省,辽河流域,张家堡,2026-09-16 00:00,2,21.5,8.2,8.37,732.57,7.941,2.33,,0.039,5.15,,,2026-09-16 01:09:32
辽宁省,辽河流域,女儿河入河口,2026-09-16 00:00,2,22.29,8.09,13.86,946.88,17.01,1.55,,0.033,14.821,,,2026-09-16 01:09:32
辽宁省,辽河流域,何家信子,2026-09-16 00:00,2,21.68,8.2,6.4,470.3,5.47,3.23,,0.027,1.219,,,2026-09-16 01:09:32
辽宁省,辽河流域,高台子,2026-09-16 00:00,6,19.66,7.53,1.54,1280.61,12.694,4.47,3.157,0.11,10.039,,,2026-09-16 01:09:32
辽宁省,辽河流域,大清河口,2026-09-16 00:00,4,22.54,8.69,11.12,501.03,20.563,6.14,0.063,0.072,4.657,,,2026-09-16 01:09:32
辽宁省,辽河流域,东羊角,2026-09-16 00:00,3,20.1,7.72,7.8,759.2,16.7,3.02,0.318,0.153,6.937,,,2026-09-16 01:09:32
辽宁省,辽河流域,下口子,2026-09-16 00:00,2,21.45,8.16,9.32,630,4.53,2.76,0.009,0.047,4.117,,,2026-09-16 01:09:32
辽宁省,辽河流域,河洪桥,2026-09-16 00:00,3,19.9258,7.37,8.1,629.765,20.836,3.42,0.15,0.117,7.879,,,2026-09-16 01:09:32
辽宁省,辽河流域,二道河水库口,2026-09-16 00:00,2,18.6963,7.96,7.1,406.504,1.87512,0.92,0.003,0.007,3.161,,,2026-09-16 01:09:32
辽宁省,辽河流域,下王家,2026-09-16 00:00,2,20.0555,7.42,6.25,602.297,1.69517,1.54,,0.021,4.853,,,2026-09-16 01:09:32
辽宁省,辽河流域,汤河桥,2026-09-16 00:00,2,20.75,7.9,9.42,520.1,3.74573,1.31,0.014,0.025,4.156,,,2026-09-16 01:09:32
辽宁省,辽河流域,下达河入汤河水库口,2026-09-16 00:00,2,17.008,7.91,6.65,425.167,2.447,1.67,0.003,0.012,3.826,,,2026-09-16 01:09:32
辽宁省,辽河流域,丁家柳河桥,2026-09-16 00:00,4,22.27,8.02,6.71,709.189,48.995,7.5,0.05,0.153,1.156,,,2026-09-16 01:09:32
辽宁省,辽河流域,盘锦兴安,2026-09-16 00:00,4,20.82,7.71,3.05,538.17,35.7,6.33,0.022,0.085,1.23,,,2026-09-16 01:09:32
辽宁省,辽河流域,曙光大桥,2026-09-16 00:00,3,22.6,7.69,6.08,972.65,92.03,5,0.049,0.114,1.999,,,2026-09-16 01:09:32
辽宁省,辽河流域,胜利塘,2026-09-16 00:00,5,21.75,7.74,2.66,1437.51,35.26,6.22,0.048,0.108,1.204,,,2026-09-16 01:09:32
辽宁省,辽河流域,鲜峰桥,2026-09-16 00:00,5,22.06,8.37,10.18,910.845,71.887,10.03,,0.224,0.674,,,2026-09-16 01:09:32
辽宁省,辽河流域,通江口,2026-09-16 00:00,3,20.61,8.23,10.76,767.39,51.51,5.2,,0.091,3.531,,,2026-09-16 01:09:32
辽宁省,辽河流域,柴河水库入库口,2026-09-16 00:00,2,19.19,8.07,9.88,464.21,25.49,2.16,,0.046,6.492,,,2026-09-16 01:09:32
辽宁省,辽河流域,亮子河入河口,2026-09-16 00:00,3,19.73,8.03,8.48,721.72,51.39,4.99,0.029,0.184,3.406,,,2026-09-16 01:09:32
辽宁省,辽河流域,清河水库入库口,2026-09-16 00:00,2,16.61,7.67,7.59,341.72,7.89,1.65,,0.046,6.987,,,2026-09-16 01:09:32
辽宁省,辽河流域,大凌河西支入河口,2026-09-16 00:00,2,17.22,7.98,6.77,925.48,5.401,1.37,,0.023,20.831,,,2026-09-16 01:09:32
辽宁省,辽河流域,李家湾大桥,2026-09-16 00:00,2,17.1,7.84,8.2,492.1,53.1,1.41,,0.035,4.698,,,2026-09-16 01:09:32
辽宁省,辽河流域,红石碑入海前,2026-09-16 00:00,3,22.37,8.59,16.72,1145.062,32.698,5.38,,0.066,3.237,,,2026-09-16 01:09:32
辽宁省,辽河流域,小渔场,2026-09-16 00:00,2,23.26,7.62,6.75,25193.88,1.354,1.63,0.114,0.047,5.07,,,2026-09-16 01:09:32
吉林省,松花江流域,靠山南楼,2026-09-16 00:00,3,18.53,8.18,9.55,611.7,36.78,5.48,0.13,0.182,4.984,,,2026-09-16 01:09:32
吉林省,松花江流域,砖瓦窑桥,2026-09-16 00:00,4,15.87,7.68,6.34,561.08,32.86,6.96,0.067,0.137,3.634,,,2026-09-16 01:09:32
吉林省,松花江流域,镇江口,2026-09-16 00:00,3,18.11,7.79,9.1,305,67.85,4.54,0.056,0.128,3.959,,,2026-09-16 01:09:32
吉林省,松花江流域,靠山大桥,2026-09-16 00:00,4,17.91,8.27,10.53,764.75,71.5,6.24,0.038,0.235,5.131,,,2026-09-16 01:09:32
吉林省,松花江流域,饮马河大桥,2026-09-16 00:00,2,18.17,7.32,7.3,245.01,38.87,3.2,,0.067,3.097,,,2026-09-16 01:09:32
吉林省,松花江流域,刘珍屯,2026-09-16 00:00,3,18.48,7.72,9.86,484.08,46.6,4.76,,0.153,2.965,,,2026-09-16 01:09:32
吉林省,松花江流域,周家河口,2026-09-16 00:00,2,14.8,6.94,7.1,703.17,53.45,1.96,0.119,0.049,2.943,,,2026-09-16 01:09:32
吉林省,松花江流域,白山大桥,2026-09-16 00:00,4,18.14,6.82,5.25,110.248,31.84,6.58,,0.047,2.141,,,2026-09-16 01:09:32
吉林省,松花江流域,福兴,2026-09-16 00:00,3,18.94,8.93,11.4,360.619,26.009,4.8,0.02,0.054,2.921,,,2026-09-16 01:09:32
吉林省,松花江流域,桦树林,2026-09-16 00:00,4,17.97,7.64,7.24,183.688,40.915,6.33,0.027,0.068,2.478,0.01685,679936,2026-09-16 01:09:32
吉林省,松花江流域,官厅桥,2026-09-16 00:00,2,18.59,7.44,6.67,380.7,28.096,3.36,0.165,0.08,1.436,,,2026-09-16 01:09:32
吉林省,松花江流域,蛟河口,2026-09-16 00:00,3,16.388,7.31,7.75,338.037,38.282,4.5,0.092,0.072,4.856,,,2026-09-16 01:09:32
吉林省,松花江流域,哨口,2026-09-16 00:00,2,19.4544,7.06,8.03,234.711,42.4522,3.85,0.101,0.075,3.9901,,,2026-09-16 01:09:32
吉林省,松花江流域,肖家船口,2026-09-16 00:00,2,13.8231,6.51,6.9,202.771,8.8468,1.78,0.052,0.042,2.7359,,,2026-09-16 01:09:32
吉林省,松花江流域,烟筒山,2026-09-16 00:00,2,17.86,8.06,9.57,358.547,47.684,2.33,0.073,0.06,3.693,,,2026-09-16 01:09:32
吉林省,辽河流域,四双大桥,2026-09-16 00:00,2,17.67,8.17,9.55,674.4,30.57,3.24,,0.05,1.962,,,2026-09-16 01:09:32
吉林省,辽河流域,城子上,2026-09-16 00:00,2,20.01,8.36,8.1,529.78,7.04,3.43,0.002,0.052,3.174,,,2026-09-16 01:09:32
吉林省,辽河流域,六家子,2026-09-16 00:00,3,18.03,7.89,9.6,838.6,9.6,3.7,0.038,0.11,8.701,,,2026-09-16 01:09:32
吉林省,辽河流域,林家,2026-09-16 00:00,3,19.1,7.98,8.46,833.1,26.4,5.87,0.017,0.138,7.799,,,2026-09-16 01:09:32
吉林省,辽河流域,河清,2026-09-16 00:00,2,17.59,8.05,7.38,877.5,9.37,3.61,,0.036,3.91,,,2026-09-16 01:09:32
吉林省,辽河流域,民主,2026-09-16 00:00,2,19.567,8.72,10.17,333,20.68,3.56,0.007,0.024,2.98,,,2026-09-16 01:09:32
吉林省,松花江流域,高集岗桥,2026-09-16 00:00,2,19.26,8.6,11.42,274.4,13.923,2.02,0.019,0.031,3.643,,,2026-09-16 01:09:32
吉林省,辽河流域,云峰,2026-09-16 00:00,4,20.381,7.13,4.78,137.541,19.5162,2.18,0.019,0.02,1.751,,,2026-09-16 01:09:32
吉林省,辽河流域,老虎哨,2026-09-16 00:00,2,20.762,7.4,7.27,115.177,18.1988,2.83,0.045,0.013,2.079,,,2026-09-16 01:09:32
吉林省,辽河流域,鸠谷,2026-09-16 00:00,2,11.6,7.51,10.03,136.4,22.3,1.86,0.078,0.059,1.159,,,2026-09-16 01:09:32
吉林省,辽河流域,葫芦套,2026-09-16 00:00,2,19.28,8.13,9.02,129.417,22.142,1.95,0.012,0.028,1.126,,,2026-09-16 01:09:32
吉林省,辽河流域,大阳岔,2026-09-16 00:00,2,10.12,8,6.9,286.601,8.344,0.46,,0.016,1.602,,,2026-09-16 01:09:32
吉林省,松花江流域,圈河,2026-09-16 00:00,2,18.985,7.75,9.19,125.514,68.723,3.51,0.063,0.073,1.428,,,2026-09-16 01:09:32
吉林省,松花江流域,大山,2026-09-16 00:00,3,18.44,8.38,9.95,167.845,41.303,4.94,0.255,0.137,2.275,,,2026-09-16 01:09:32
吉林省,松花江流域,崇善,2026-09-16 00:00,3,10.35,7.53,10.52,93.297,24.924,4.02,0.045,0.108,0.919,,,2026-09-16 01:09:32
吉林省,松花江流域,榆树川,2026-09-16 00:00,2,16.42,7.99,8.71,218.65,23.437,2.63,0.012,0.05,2.18,,,2026-09-16 01:09:32
吉林省,松花江流域,石井,2026-09-16 00:00,2,17.45,7.89,8.87,247.654,68.698,3.45,0.096,0.095,2.104,,,2026-09-16 01:09:32
吉林省,松花江流域,三家子,2026-09-16 00:00,2,19.8,7.52,8.95,98.032,40.766,3.72,0.025,0.048,1.105,,,2026-09-16 01:09:32
吉林省,松花江流域,建封路大桥,2026-09-16 00:00,2,10.47,7.65,10.12,201.266,9.133,1.38,0.01,0.072,0.716,,,2026-09-16 01:09:32
黑龙江省,松花江流域,苗家,2026-09-16 00:00,3,29.7,7.5,8.25,,,3.89,0.031,0.136,1.68,,,2026-09-16 01:09:32
黑龙江省,松花江流域,磨盘山水库出口,2026-09-16 00:00,3,20.542,6.81,7.41,70.202,4.283,5.24,0.029,0.022,1.955,0.0036,20096,2026-09-16 01:09:32
黑龙江省,松花江流域,朱顺屯,2026-09-16 00:00,4,19.6035,7.76,6.9,227.693,88.4492,6.99,0.058,0.142,1.659,,,2026-09-16 01:09:32
黑龙江省,松花江流域,阿什河口内,2026-09-16 00:00,3,18.909,7.27,5.79,631.64,10.55,3.73,0.897,0.135,6.436,,,2026-09-16 01:09:32
黑龙江省,松花江流域,大顶子山,2026-09-16 00:00,3,19.4222,7.74,7.87,245.014,49.5114,5.3,0.057,0.108,3.358,,,2026-09-16 01:09:32
黑龙江省,松花江流域,拉哈,2026-09-16 00:00,4,18.61,7.7,7.86,112.964,36.19,8.15,,0.085,1.354,,,2026-09-16 01:09:32
黑龙江省,松花江流域,查哈阳乡,2026-09-16 00:00,3,15.1,7.55,9.62,94.5,25.5,4.04,,0.036,0.637,,,2026-09-16 01:09:32
黑龙江省,松花江流域,音河水库,2026-09-16 00:00,3,17.55,7.71,8.03,229.38,126.17,4.5,,0.095,3.368,,,2026-09-16 01:09:32
黑龙江省,松花江流域,浏园,2026-09-16 00:00,4,17.77,7.45,8.35,125.5,58,8.08,,0.079,2.201,,,2026-09-16 01:09:32
黑龙江省,松花江流域,富源村,2026-09-16 00:00,4,17.39,7.58,8.04,101.66,24.71,9.06,0.018,0.066,0.747,,,2026-09-16 01:09:32
黑龙江省,松花江流域,泄洪1闸,2026-09-16 00:00,4,17.826,8.77,9.45,246.311,117.794,6.35,,0.06,1.368,0.012,16384,2026-09-16 01:09:32
黑龙江省,松花江流域,858九队,2026-09-16 00:00,6,22.99,9.34,8.72,,,5.82,0.152,0.098,1.3019,,,2026-09-16 01:09:32
黑龙江省,松花江流域,名山,2026-09-16 00:00,4,15.457,7.71,9.46,131.295,31.268,8.56,0.057,0.04,0.559,,,2026-09-16 01:09:32
黑龙江省,松花江流域,饶河上,2026-09-16 00:00,4,17.91,6.88,6.19,75.9,14.246,9.49,0.015,0.059,0.917,,,2026-09-16 01:09:32
黑龙江省,松花江流域,嫩江口内,2026-09-16 00:00,4,18.48,7.78,8.84,168.866,77.767,6.97,,0.1,1.522,,,2026-09-16 01:09:32
黑龙江省,松花江流域,友好,2026-09-16 00:00,6,12.74,7.1,9.79,84.519,16.613,16.34,0.017,0.063,1.28,,,2026-09-16 01:09:32
黑龙江省,松花江流域,嘉荫,2026-09-16 00:00,4,15.48,7.51,9.1,127.311,17.047,9.52,0.033,0.048,0.335,,,2026-09-16 01:09:32
黑龙江省,松花江流域,双河渠首,2026-09-16 00:00,3,14.67,7.13,9.4,129.4,25.5,5.88,,0.068,2.744,,,2026-09-16 01:09:32
黑龙江省,松花江流域,三岔口,2026-09-16 00:00,4,17.99,7.42,8.64,146.338,49.386,7.83,0.065,0.069,1.598,,,2026-09-16 01:09:32
黑龙江省,松花江流域,海浪,2026-09-16 00:00,2,17.5,7.71,10.11,143.6,42.58,3.38,0.017,0.064,2.575,,,2026-09-16 01:09:32
黑龙江省,松花江流域,电视塔,2026-09-16 00:00,5,21.08,7.06,5.98,100.1,83.213,7.93,0.052,0.127,2.641,0.00262,15424,2026-09-16 01:09:32
黑龙江省,松花江流域,海浪河口内,2026-09-16 00:00,2,16.44,6.83,8.88,109.7,42.69,3.52,0.022,0.016,2.324,,,2026-09-16 01:09:32
黑龙江省,松花江流域,黑河下,2026-09-16 00:00,4,13.9,7.58,9.48,151.2326,21.3535,8.35,0.037,0.054,0.5773,,,2026-09-16 01:09:32
黑龙江省,松花江流域,呼玛河口内,2026-09-16 00:00,3,13.51,7.46,9.75,74.093,2.21,5.56,,0.022,0.21,,,2026-09-16 01:09:32
黑龙江省,松花江流域,加格达奇上,2026-09-16 00:00,3,11.53,6.99,9.69,64.659,5.6791,4.29,,0.011,0.237,,,2026-09-16 01:09:32
上海市,长江流域,富锦路桥,2026-09-16 00:00,3,28.2,7.7,5.21,561.5,56.2,3.28,0.011,0.138,2.748,,,2026-09-16 01:09:32
上海市,太湖流域,闵行西界,2026-09-16 00:00,4,27.4,7.42,4.29,430.89,51.9,2.71,,0.093,1.483,,,2026-09-16 01:09:32
上海市,太湖流域,吴淞口,2026-09-16 00:00,4,27.434,7.69,4.98,461.687,91.064,2.64,0.034,0.118,2.361,,,2026-09-16 01:09:32
上海市,太湖流域,蕴川路桥,2026-09-16 00:00,3,26.38,7.85,6.02,446.85,81.35,2.59,,0.109,1.837,,,2026-09-16 01:09:32
上海市,太湖流域,三甲港,2026-09-16 00:00,3,27.85,7.93,7.29,413.1,109.48,3.08,0.18,0.147,1.865,,,2026-09-16 01:09:32
上海市,太湖流域,急水港桥,2026-09-16 00:00,4,26.89,7.37,3.82,485.8,33.2,3.68,0.005,0.081,1.782,0.0139,4299065,2026-09-16 01:09:32
江苏省,长江流域,陈浅,2026-09-16 00:00,4,25.68,7.49,4.68,236.1,39.49,2.64,0.091,0.177,1.368,,,2026-09-16 01:09:32
江苏省,长江流域,七桥瓮,2026-09-16 00:00,3,27.06,7.79,5.78,342.24,36.19,3,0.043,0.094,2.41,,,2026-09-16 01:09:32
江苏省,长江流域,节制闸,2026-09-16 00:00,2,26.16,7.76,6.79,268.22,33.38,2.46,0.053,0.077,1.632,,,2026-09-16 01:09:32
江苏省,长江流域,钱家渡,2026-09-16 00:00,3,27.68,7.62,5.07,268.59,45.89,2.95,0.01,0.067,0.753,,,2026-09-16 01:09:32
江苏省,太湖流域,锡东水厂,2026-09-16 00:00,3,26.55,8.81,8.15,382.21,21.42,2.62,0.049,0.034,0.69,0.00581,1666990,2026-09-16 01:09:32
江苏省,太湖流域,蠡桥,2026-09-16 00:00,2,26.75,8.11,6.83,384.55,45.08,2.59,0.113,0.046,0.442,,,2026-09-16 01:09:32
江苏省,太湖流域,百渎港桥,2026-09-16 00:00,4,27.81,7.55,4.61,476.5,35.82,3.05,,0.107,2.132,,,2026-09-16 01:09:32
江苏省,太湖流域,大浦港桥,2026-09-16 00:00,3,27.44,7.58,5.37,385.5,75.2,4.71,0.08,0.117,1.432,,,2026-09-16 01:09:32
江苏省,太湖流域,五牧,2026-09-16 00:00,3,27.13,7.23,5.58,337.28,33.59,1.89,0.103,0.114,2.621,,,2026-09-16 01:09:32
江苏省,太湖流域,拖山,2026-09-16 00:00,5,26.86,,9.71,355.16,50.21,3.87,,0.101,1.333,0.00599,1.065734,2026-09-16 01:09:32
江苏省,太湖流域,五里湖心,2026-09-16 00:00,4,26.9,8.36,7.64,395.51,30.52548,3.53,,0.078,0.348,0.00664,1.086872,2026-09-16 01:09:32
江苏省,太湖流域,大港桥,2026-09-16 00:00,2,25.6,6.88,8.07,143.99,3.14,2.44,0.027,0.025,1.779,,,2026-09-16 01:09:32
江苏省,太湖流域,潘家坝,2026-09-16 00:00,3,27.56,7.46,5.08,359.14,61.25,2.41,,0.104,1.921,,,2026-09-16 01:09:32
江苏省,太湖流域,长济桥,2026-09-16 00:00,2,27.2,7.96,7.3,288.5,21.96,1.64,0.011,0.064,1.889,,,2026-09-16 01:09:32
江苏省,太湖流域,钓邾大桥,2026-09-16 00:00,2,27.44,7.99,6.69,415.08,83.48,2.97,0.106,0.08,1.347,,,2026-09-16 01:09:32
江苏省,长江流域,小湾,2026-09-16 00:00,2,26.72,7.89,6.82,270.16,31.13,1.54,,0.062,1.821,,,2026-09-16 01:09:32
江苏省,淮河流域,李庄,2026-09-16 00:00,3,26.09,8.09,7.34,616.8,12.5,4.92,0.101,0.132,2.459,,,2026-09-16 01:09:32
江苏省,淮河流域,华山闸,2026-09-16 00:00,4,24.95,8.27,4.56,1172.8,8.86,4.87,0.024,0.051,0.782,,,2026-09-16 01:09:32
江苏省,淮河流域,沙庄桥,2026-09-16 00:00,4,26.21,8.22,7.63,1190.3,23.1,7.6,0.064,0.081,1.554,,,2026-09-16 01:09:32
江苏省,淮河流域,艾山西大桥,2026-09-16 00:00,4,24.946,8.14,14.86,793.362,23.592,6.72,0.059,0.068,4.292,,,2026-09-16 01:09:32
江苏省,淮河流域,下楼公路桥,2026-09-16 00:00,2,24.57,7.68,10.33,954.65,18.99,3.82,0.086,0.063,0.7709,,,2026-09-16 01:09:32
江苏省,长江流域,魏村,2026-09-16 00:00,2,26.73,7.82,6.84,272.01,41.16,1.32,,0.069,1.802,,,2026-09-16 01:09:32
江苏省,太湖流域,姚巷桥,2026-09-16 00:00,2,27.76,8.52,8.03,376.02,11.72,3.48,,0.08,1.736,,,2026-09-16 01:09:32
江苏省,太湖流域,黄埝桥,2026-09-16 00:00,2,26.72,7.78,6.07,323.5,61.14,1.95,0.058,0.096,1.79,,,2026-09-16 01:09:32
江苏省,太湖流域,落蓬湾,2026-09-16 00:00,2,28.78,7.84,8.3,280.4,53.3,3.66,0.035,0.068,0.849,,,2026-09-16 01:09:32
江苏省,太湖流域,九号桥,2026-09-16 00:00,2,26.56,7.87,6.75,277.2,37.2,1.55,0.019,0.071,1.907,,,2026-09-16 01:09:32
江苏省,太湖流域,胥湖心,2026-09-16 00:00,2,26.58,8.99,8.98,283.75,8.56,2.24,0.001,0.007,0.165,0.0009,215269,2026-09-16 01:09:32
江苏省,太湖流域,乌龟山南,2026-09-16 00:00,3,25.9,8.8,8.09,373.251,24.86,2.85,,0.045,0.476,0.00684,7947148,2026-09-16 01:09:32
江苏省,太湖流域,望亭上游,2026-09-16 00:00,3,27.22,7.63,6.44,564.77,24.41,2.73,0.277,0.111,2.703,,,2026-09-16 01:09:32
江苏省,太湖流域,千灯浦口,2026-09-16 00:00,4,26.97,7.28,4.15,559.701,30.033,3.2,0.006,0.092,1.2126,,,2026-09-16 01:09:32
江苏省,太湖流域,朱厍港口,2026-09-16 00:00,3,26.1,7.57,5.89,470.9,26.6,3.63,,0.081,0.821,,,2026-09-16 01:09:32
江苏省,太湖流域,浏河闸,2026-09-16 00:00,2,27.6,8.02,6.36,331.217,39.209,1.86,,0.09,1.9338,,,2026-09-16 01:09:32
江苏省,太湖流域,江边闸,2026-09-16 00:00,2,26.63,8.04,6,441.5,23.89,2.8,,0.069,1.139,,,2026-09-16 01:09:32
江苏省,太湖流域,瓜泾口西,2026-09-16 00:00,3,26.81,9,7.69,349.7,9.34,5.8,,0.053,0.788,,,2026-09-16 01:09:32
江苏省,太湖流域,航管站,2026-09-16 00:00,2,27.86,8.9,8.31,366.15,8.06,3.07,,0.023,0.278,,,2026-09-16 01:09:32
江苏省,太湖流域,越溪桥,2026-09-16 00:00,3,27.08,7.69,7.63,489.2,34.8,4.44,0.162,0.1,2.028,,,2026-09-16 01:09:32
江苏省,太湖流域,赵屯,2026-09-16 00:00,3,27.13,7.59,5.37,810.54,46.948,3.41,0.072,0.126,2.9,,,2026-09-16 01:09:32
江苏省,长江流域,九圩港桥,2026-09-16 00:00,3,26.78,7.75,5.95,285.5,42.47,1.47,0.023,0.074,1.51,,,2026-09-16 01:09:32
江苏省,长江流域,碾砣港闸,2026-09-16 00:00,2,26.84,7.81,6.34,293,67.34,2.01,0.026,0.088,1.848,,,2026-09-16 01:09:32
江苏省,长江流域,聚南大桥,2026-09-16 00:00,4,27.79,7.71,3.92,807,51.89,2.38,0.061,0.131,1.893,,,2026-09-16 01:09:32
江苏省,长江流域,大洋港桥,2026-09-16 00:00,3,27.2,7.81,6.13,511.3,41.53,1.96,,0.144,,,,2026-09-16 01:09:32
江苏省,长江流域,塘芦港闸,2026-09-16 00:00,3,27.856,7.81,6.13,4123.45,6.172,5.73,0.097,0.168,1.224,,,2026-09-16 01:09:32
江苏省,淮河流域,小洋口,2026-09-16 00:00,3,25.79,7.97,11.27,993.6,22.33,5.26,0.023,0.164,1.007,,,2026-09-16 01:09:32
江苏省,淮河流域,环东闸口,2026-09-16 00:00,4,26.55,7.57,4.26,778.6,30.44,3.6,0.032,0.208,1.841,,,2026-09-16 01:09:32
江苏省,淮河流域,北凌新闸,2026-09-16 00:00,3,25.4,8.45,11.97,1298.7,12.26,5.64,0.058,0.179,1.449,,,2026-09-16 01:09:32
江苏省,淮河流域,总渠苏嘴,2026-09-16 00:00,3,23.41,7.53,5.63,445.91,34.68,4.09,0.045,0.08,2.775,,,2026-09-16 01:09:32
江苏省,淮河流域,唐曹,2026-09-16 00:00,4,24.38,7.32,3.45,472.2,98.66,4.87,0.303,0.169,0.628,,,2026-09-16 01:09:32
江苏省,长江流域,三江营,2026-09-16 00:00,2,26.38,7.91,7.47,267.4,48.2,2.04,,0.08,1.859,,,2026-09-16 01:09:32
江苏省,淮河流域,槐泗河口,2026-09-16 00:00,2,26.08,8.09,6.63,465.4,40.66,3.24,0.045,0.085,1.865,,,2026-09-16 01:09:32
江苏省,淮河流域,大运河船闸,2026-09-16 00:00,3,26.95,7.78,6.26,331.6,97,2.08,0.029,0.105,2.769,,,2026-09-16 01:09:32
江苏省,淮河流域,江都西闸,2026-09-16 00:00,3,26.31,7.68,7.15,276.18,125.79,2.55,,0.107,2.376,,,2026-09-16 01:09:32
江苏省,长江流域,冻青桥,2026-09-16 00:00,3,26.38,7.88,6.59,466.5,44.62,3.76,0.085,0.121,1.807,,,2026-09-16 01:09:32
江苏省,长江流域,小河口上游,2026-09-16 00:00,2,26.71,7.88,7,259.3,36.43,1.88,0.045,0.08,1.548,,,2026-09-16 01:09:32
江苏省,淮河流域,曹庄桥,2026-09-16 00:00,3,26.1,7.58,5.88,274.8,63.78,2.11,,0.078,1.745,,,2026-09-16 01:09:32
江苏省,太湖流域,辛丰镇,2026-09-16 00:00,2,26.83,7.91,6.59,274.6,49.44,2.06,0.032,0.086,1.654,,,2026-09-16 01:09:32
江苏省,太湖流域,林家闸,2026-09-16 00:00,2,26.69,7.83,7.02,269.4,33.64,2.07,,0.086,1.9409,,,2026-09-16 01:09:32
江苏省,太湖流域,新港桥,2026-09-16 00:00,2,26.63,7.64,6.17,313.7,9.4,2.08,0.006,0.035,1.325,,,2026-09-16 01:09:32
江苏省,太湖流域,吕城,2026-09-16 00:00,3,26.99,7.69,6.23,289.44,43.12,2.36,,0.11,1.946,,,2026-09-16 01:09:32
江苏省,淮河流域,海陵大桥,2026-09-16 00:00,2,26.65,7.87,6.61,273.3,51.16,1.72,0.015,0.067,1.741,,,2026-09-16 01:09:32
江苏省,长江流域,马甸闸西,2026-09-16 00:00,2,26.71,7.8,6.88,273.5,31.55,1.8,0.018,0.057,1.991,,,2026-09-16 01:09:32
江苏省,长江流域,祥和大桥,2026-09-16 00:00,4,26.54,7.47,4.34,342.5,38.4,2.4,0.183,0.114,1.824,,,2026-09-16 01:09:32
江苏省,长江流域,新十圩港大桥,2026-09-16 00:00,3,26.97,7.72,5.94,316.3,53.01,2.45,0.074,0.103,2.115,,,2026-09-16 01:09:32
江苏省,淮河流域,临淮乡入湖口,2026-09-16 00:00,4,27.36,8.34,7.52,683.7,17.99,6.03,0.073,0.056,0.941,,,2026-09-16 01:09:32
江苏省,淮河流域,砖瓦厂,2026-09-16 00:00,3,26.81,8.57,9.06,773.1,50.62,5.29,0.015,0.145,0.727,,,2026-09-16 01:09:32
江苏省,淮河流域,团结闸,2026-09-16 00:00,4,26.8,8.92,12.28,1448.5,12.16,8.13,0.019,0.053,0.993,,,2026-09-16 01:09:32
江苏省,淮河流域,大屈,2026-09-16 00:00,4,25.96,8.56,10.43,952.8,18.17,6.91,0.069,0.079,0.724,,,2026-09-16 01:09:32
浙江省,浙闽片河流,小金山,2026-09-16 00:00,2,28.92,,9.58,137.262,3.995,2.09,0.003,0.017,0.6962,,,2026-09-16 01:09:32
浙江省,浙闽片河流,三潭岛,2026-09-16 00:00,1,28.09,8.99,7.59,119.204,2.536,1.44,0.002,0.01,0.6088,,,2026-09-16 01:09:32
浙江省,浙闽片河流,千岛湖大坝前,2026-09-16 00:00,2,29.25,8.53,7.09,128.62,1.76,1.44,0.022,0.008,0.6746,,,2026-09-16 01:09:32
浙江省,浙闽片河流,洋溪渡,2026-09-16 00:00,2,19.5,7.12,6.25,158.93,2.313,0.88,0.002,0.01,0.8554,,,2026-09-16 01:09:32
浙江省,浙闽片河流,桐庐,2026-09-16 00:00,2,25.79,7.28,6.37,185.7,8.3,1.53,,0.065,1.721,,,2026-09-16 01:09:32
浙江省,浙闽片河流,清林渡,2026-09-16 00:00,3,27.642,7.36,7.2,270.398,32.362,3.39,0.032,0.116,2.597,,,2026-09-16 01:09:32
浙江省,浙闽片河流,梁桥,2026-09-16 00:00,2,25.32,6.79,7.05,100.05,21.04,1.16,0.029,0.054,2.074,,,2026-09-16 01:09:32
浙江省,太湖流域,杨家浦,2026-09-16 00:00,3,27.30517,8.12,7.17,281.9601,58.91651,2.83,0.012,0.106,2.056171,,,2026-09-16 01:09:32
浙江省,浙闽片河流,曹娥江大闸闸前,2026-09-16 00:00,2,26.414,8.11,10.23,196.7,7.357,2.84,0.014,0.053,1.836,,,2026-09-16 01:09:32
浙江省,浙闽片河流,屠家埠,2026-09-16 00:00,2,27.478,7.97,8.57,140.041,14.135,1.81,0.06,0.046,1.859,,,2026-09-16 01:09:32
浙江省,浙闽片河流,葛山头,2026-09-16 00:00,3,26.9,6.87,5.21,138.84,17.4,2.11,0.087,0.051,1.858,,,2026-09-16 01:09:32
浙江省,浙闽片河流,义东桥,2026-09-16 00:00,3,27.332,8.3,9.06,310.843,17.217,3.05,0.192,0.126,2.615,,,2026-09-16 01:09:32
浙江省,浙闽片河流,塔下洲,2026-09-16 00:00,3,27.02,8.07,8.12,,,5.16,0.058,0.091,2.3948,,,2026-09-16 01:09:32
浙江省,浙闽片河流,东关桥,2026-09-16 00:00,3,28.162,7.57,6.21,495.805,9.822,3.5,0.054,0.158,2.767,,,2026-09-16 01:09:32
浙江省,浙闽片河流,费垅,2026-09-16 00:00,3,27.35,7.7,8.81,313.422,12.232,2.88,0.264,0.139,2.7083,,,2026-09-16 01:09:32
浙江省,浙闽片河流,台口,2026-09-16 00:00,1,25.71,7.9,7.93,,846.079,1.95,,,1.1709,,,2026-09-16 01:09:32
浙江省,浙闽片河流,南江桥,2026-09-16 00:00,3,25.98,8.4,6.87,405.303,2.292,3.27,0.061,0.102,2.107,,,2026-09-16 01:09:32
浙江省,浙闽片河流,横山,2026-09-16 00:00,2,28.18,7.7,7.47,206.69,2.15,1.84,0.015,0.049,1.2006,,,2026-09-16 01:09:32
浙江省,浙闽片河流,章店,2026-09-16 00:00,3,26.55,7.96,6.87,308.784,2.371,3.84,0.034,0.169,2.22,,,2026-09-16 01:09:32
浙江省,浙闽片河流,长潭水库坝口,2026-09-16 00:00,2,27.094,8,10.28,44.117,1.532,2.09,0.003,0.014,0.325,,,2026-09-16 01:09:32
浙江省,浙闽片河流,老鼠屿,2026-09-16 00:00,2,26,7.93,7.25,30854.6,2090.23,2.08,,0.057,1.305,,,2026-09-16 01:09:32
浙江省,浙闽片河流,里石门水库,2026-09-16 00:00,2,27.16,,13,63.476,2.094,3.8,0.012,0.017,0.3871,0.00897,1489681,2026-09-16 01:09:32
浙江省,浙闽片河流,温峤,2026-09-16 00:00,3,26.763,7.23,5.92,569.866,17.412,2.41,0.04,0.095,2.038,,,2026-09-16 01:09:32
浙江省,浙闽片河流,永宁江口,2026-09-16 00:00,2,26.68,7.26,6.53,68.003,20.701,1.4,0.09,0.042,0.7471,,,2026-09-16 01:09:32
浙江省,浙闽片河流,沙段,2026-09-16 00:00,2,26.44,7.13,7.48,114.957,7.544,2.41,0.027,0.036,1.2618,,,2026-09-16 01:09:32
浙江省,浙闽片河流,柏枝岙,2026-09-16 00:00,2,26.969,7.28,7.65,104.088,7.552,0.82,0.002,0.036,1.106,,,2026-09-16 01:09:32
浙江省,浙闽片河流,沙湾上,2026-09-16 00:00,1,22.5,7.15,8.43,,3.027,0.45,0.088,0.01,0.1676,,,2026-09-16 01:09:32
浙江省,浙闽片河流,小溪口,2026-09-16 00:00,2,24.74,6.76,6.34,30.939,9.686,1.34,,0.008,0.5195,,,2026-09-16 01:09:32
安徽省,巢湖流域,三胜大队渡口,2026-09-16 00:00,4,27.48,8.44,5.36,300.882,55.9632,6.81,0.119,0.124,0.8529,,,2026-09-16 01:09:32
安徽省,巢湖流域,兆河入湖口渡口,2026-09-16 00:00,4,27.17,8.81,7.79,301.507,46.7167,6.29,0.018,0.07,1.2297,,,2026-09-16 01:09:32
安徽省,巢湖流域,牛角大圩,2026-09-16 00:00,3,27.32,7.54,5.09,276.7,84.1022,4.15,,0.124,2.438,,,2026-09-16 01:09:32
安徽省,巢湖流域,北闸渡口,2026-09-16 00:00,3,25.82,6.96,5.61,151.398,16.432,4.48,0.039,0.047,1.126,,,2026-09-16 01:09:32
安徽省,巢湖流域,希望桥,2026-09-16 00:00,2,27.1,7.53,7.07,542.9,16.6,3.68,0.16,0.072,5.43,,,2026-09-16 01:09:32
安徽省,巢湖流域,石堆渡口,2026-09-16 00:00,3,26.8,7.26,5.52,200.931,30.4792,5.08,0.104,0.101,1.4507,,,2026-09-16 01:09:32
安徽省,巢湖流域,柘皋大桥,2026-09-16 00:00,6,26.1,9.41,9.96,291.5081,27.3823,6.67,0.038,0.072,0.56,,,2026-09-16 01:09:32
安徽省,巢湖流域,湖滨,2026-09-16 00:00,4,26.3,,7.4,273.37,26.32,4.4,,0.088,0.751,0.00442,4341986,2026-09-16 01:09:32
安徽省,巢湖流域,黄麓,2026-09-16 00:00,4,27.67,,7.74,293.2,20.435,5.51,,0.064,0.388,0.00679,4129349,2026-09-16 01:09:32
安徽省,巢湖流域,三河镇大桥,2026-09-16 00:00,2,26.35,7.23,7.17,177.3,6.47,3.48,0.057,0.056,1.055,,,2026-09-16 01:09:32
安徽省,巢湖流域,三河镇新大桥,2026-09-16 00:00,2,27.76,7.96,8.49,98.11,15.69,3.52,0.066,0.051,0.942,,,2026-09-16 01:09:32
安徽省,巢湖流域,施口,2026-09-16 00:00,3,26.97,8.09,5.27,358.9856,56.6263,5.53,0.188,0.187,3.197,,,2026-09-16 01:09:32
安徽省,巢湖流域,靠近大坝,2026-09-16 00:00,2,26.63,,8.66,148.74,9.94,3.96,,0.023,0.309,0.02137,4.904554,2026-09-16 01:09:32
安徽省,巢湖流域,新河入湖区,2026-09-16 00:00,5,26.43,,7.64,286.97,47.25,4.87,,0.102,0.505,0.00232,3.262671,2026-09-16 01:09:32
安徽省,巢湖流域,西半湖湖心,2026-09-16 00:00,4,26.09,,8.56,300.77,24.41,5.11,0.002,0.075,0.32,0.00604,4947031,2026-09-16 01:09:32
安徽省,巢湖流域,龟山,2026-09-16 00:00,4,26.14,,8.22,306.92,35.88,5.12,,0.075,0.618,0.01475,3.069335,2026-09-16 01:09:32
安徽省,巢湖流域,东半湖湖心,2026-09-16 00:00,4,25.886,,8.23,256.612,21.987,5.23,0.003,0.066,0.415,0.00347,1.187978,2026-09-16 01:09:32
安徽省,巢湖流域,忠庙,2026-09-16 00:00,4,26.01,,7.86,282.19,32.7,5.55,0.023,0.09,0.385,0.01078,4511406,2026-09-16 01:09:32
安徽省,巢湖流域,兆河入湖区,2026-09-16 00:00,4,25.76,8.88,7.8,300.95,24.14,4.88,,0.078,0.306,0.00294,7370673,2026-09-16 01:09:32
安徽省,巢湖流域,双桥河入湖口,2026-09-16 00:00,4,27.09,7.48,4.56,419.5343,35.2931,4.09,0.075,0.072,0.591,,,2026-09-16 01:09:32
安徽省,巢湖流域,繁华大道桥,2026-09-16 00:00,3,26.96,7.36,6.5,976.4045,50.0294,5.48,0.17,0.193,6.686,,,2026-09-16 01:09:32
安徽省,长江流域,东西梁山,2026-09-16 00:00,2,26.48,7.91,7.05,247.7818,48.8958,1.42,0.125,0.077,1.8043,,,2026-09-16 01:09:32
安徽省,长江流域,宝塔根,2026-09-16 00:00,2,26.71,7.83,7.1,250.899,34.5288,2.02,0.065,0.051,1.6225,,,2026-09-16 01:09:32
安徽省,巢湖流域,裕溪口,2026-09-16 00:00,3,26.83,7.59,5.9,319.5604,52.7286,2.7,0.156,0.07,1.3391,,,2026-09-16 01:09:32
安徽省,长江流域,荻港,2026-09-16 00:00,3,26.47,7.59,5.72,435.8,31.9205,2.87,0.171,0.08,1.3596,,,2026-09-16 01:09:32
安徽省,长江流域,澛港桥,2026-09-16 00:00,2,26.22,8.13,6.95,229.1704,11.3448,3.59,0.017,0.063,1.328,,,2026-09-16 01:09:32
安徽省,长江流域,西河入裕溪河口,2026-09-16 00:00,4,27.31,7.44,3.75,305.6754,63.2185,3.32,0.175,0.086,0.9189,,,2026-09-16 01:09:32
安徽省,淮河流域,沫河口,2026-09-16 00:00,4,26.72,7.68,5.92,545.6389,31.59,4.7,0.076,0.223,2.687,,,2026-09-16 01:09:32
安徽省,淮河流域,蚌埠固镇,2026-09-16 00:00,3,26.47,8.01,6.82,1087.3,38.13,4.34,0.041,0.108,3.8078,,,2026-09-16 01:09:32
安徽省,淮河流域,焦岗湖,2026-09-16 00:00,3,25.65,8.25,7.25,665.94,16.13,4.47,,0.035,0.374,0.00727,9627100,2026-09-16 01:09:32
安徽省,长江流域,得胜河入江口,2026-09-16 00:00,2,26.1421,7.82,6.39,374.1,20.2651,3.07,0.117,0.099,1.773,,,2026-09-16 01:09:32
安徽省,长江流域,姑溪河大桥,2026-09-16 00:00,3,26.844,7.62,7.73,194.79,51.2935,4.75,0.063,0.071,0.995,,,2026-09-16 01:09:32
安徽省,长江流域,当涂查湾,2026-09-16 00:00,2,27.7,7.34,6.58,185.61,33.457,2.46,,0.029,1.545,,,2026-09-16 01:09:32
安徽省,长江流域,雨山河下游,2026-09-16 00:00,3,26.6702,8.04,8.42,646.9673,22.1377,5.15,0.118,0.151,4.11,,,2026-09-16 01:09:32
安徽省,淮河流域,小王桥,2026-09-16 00:00,4,26,7.99,3.38,1333.58,16.19,6.42,,0.09,1.055,,,2026-09-16 01:09:32
安徽省,淮河流域,李大桥闸,2026-09-16 00:00,5,25.15,8.01,2.59,1384.26,28.598,8.5,0.072,0.065,0.6818,,,2026-09-16 01:09:32
安徽省,长江流域,太平湖湖心,2026-09-16 00:00,2,27.31,8.48,8.24,99.07,2.47,2.3,,0.009,0.408,0.00325,1659648,2026-09-16 01:09:32
安徽省,淮河流域,天长化工厂,2026-09-16 00:00,5,25.75,7.15,2.32,526.254,58.31,4.11,0.169,0.148,2.5466,,,2026-09-16 01:09:32
安徽省,淮河流域,公路桥,2026-09-16 00:00,3,26.36,7.55,6.6,387.3521,31.8365,5.54,0.123,0.092,1.013,,,2026-09-16 01:09:32
安徽省,淮河流域,小柳巷,2026-09-16 00:00,3,25.53,7.34,5.97,435.71,17.327,3.9,0.009,0.129,1.95,,,2026-09-16 01:09:32
安徽省,长江流域,水口,2026-09-16 00:00,3,26.33,8.07,8.14,616.6257,57.3768,5.36,0.15,0.158,1.9159,,,2026-09-16 01:09:32
安徽省,长江流域,乌衣下,2026-09-16 00:00,4,27.33,8.43,13.48,787.43,16.76,6.5,0.02,0.062,3.437,,,2026-09-16 01:09:32
安徽省,长江流域,襄河大桥,2026-09-16 00:00,3,26.35,7.34,5.93,429.1973,38.704,4.47,0.083,0.083,0.882,,,2026-09-16 01:09:32
安徽省,淮河流域,张大桥,2026-09-16 00:00,3,25.947,7.96,11.51,1316.94,82.78,4.32,0.105,0.083,8.8553,,,2026-09-16 01:09:32
安徽省,淮河流域,王家坝,2026-09-16 00:00,3,25.969,8.15,8.76,484.2,16.704,4.1,0.063,0.168,1.979,,,2026-09-16 01:09:32
安徽省,淮河流域,界首七渡口,2026-09-16 00:00,3,26.7,7.67,6.8,801.5,18.13,3,0.167,0.124,5.088,,,2026-09-16 01:09:32
安徽省,淮河流域,奎河苏皖省界,2026-09-16 00:00,3,25.26,7.86,7.79,1375.8,27,5.71,0.09,0.122,5.227,,,2026-09-16 01:09:32
安徽省,淮河流域,芦岭桥,2026-09-16 00:00,3,26.35,8.71,9.2,1118.715,13.4,4.85,0.055,0.052,0.8466,,,2026-09-16 01:09:32
安徽省,淮河流域,利辛段,2026-09-16 00:00,4,26.59,8.1,10.19,984.65,5.51,6.01,0.029,0.091,2.494,,,2026-09-16 01:09:32
安徽省,长江流域,南漪湖西湖湖心,2026-09-16 00:00,4,26.51,7.71,7.03,172.8,46.04,3.61,,0.058,0.697,0.01142,2894616,2026-09-16 01:09:32
安徽省,长江流域,泾南交界,2026-09-16 00:00,2,24.95,7.65,7.24,137.9611,4.4436,1.71,0.005,0.023,0.6346,,,2026-09-16 01:09:32
安徽省,长江流域,汪溪,2026-09-16 00:00,2,25.4,7.64,7.56,190.2204,9.0374,0.97,0.027,0.024,1.085,,,2026-09-16 01:09:32
安徽省,长江流域,狮子口,2026-09-16 00:00,3,25.88,8.5,9.46,1071.741,9.456,5.03,,0.059,2.8257,,,2026-09-16 01:09:32
福建省,浙闽片河流,永泰横龙,2026-09-16 00:00,2,25.296,8.14,9.1,38.077,7.47,1.2,0.006,0.03,0.365,,,2026-09-16 01:09:32
福建省,浙闽片河流,闽清雄江,2026-09-16 00:00,2,28.75,7.46,7.3,101.732,5.16,2.2,0.007,0.03,1.198,,,2026-09-16 01:09:32
福建省,浙闽片河流,隘头潭,2026-09-16 00:00,3,27.82,6.34,5.69,145.898,1.644,0.59,0.008,0.016,0.856,,,2026-09-16 01:09:32
福建省,浙闽片河流,尤溪拥口大桥,2026-09-16 00:00,2,23.51,7.23,7.39,109.391,3652.94,1.5,,0.05,1.1755,,,2026-09-16 01:09:32
福建省,浙闽片河流,南安康美桥,2026-09-16 00:00,4,26.19,6.98,7.61,80.466,105.709,0.54,0.144,0.279,0.7468,,,2026-09-16 01:09:32
福建省,浙闽片河流,永春东关桥,2026-09-16 00:00,2,24.52,6.18,6.61,89.89581,36.3669,1.22,0.081,0.048,2.287,,,2026-09-16 01:09:32
福建省,浙闽片河流,安溪罗内桥,2026-09-16 00:00,2,25.552,7.22,7.8,77.77,26.63,1.4,0.164,0.045,3.121,,,2026-09-16 01:09:32
福建省,浙闽片河流,南安霞东桥,2026-09-16 00:00,3,26.59,7.12,7.06,116.204,26.032,0.54,0.276,0.113,2.0926,,,2026-09-16 01:09:32
福建省,浙闽片河流,华安西陂,2026-09-16 00:00,2,24.80462,7.11,9.08,131.5978,37.05965,1.19,0.011,0.034,0.994,,,2026-09-16 01:09:32
福建省,浙闽片河流,南靖靖城桥,2026-09-16 00:00,6,32.53,4.27,7.43,,,1.22,0.033,0.031,6.593,,,2026-09-16 01:09:32
福建省,浙闽片河流,诏安澳子头,2026-09-16 00:00,2,28.36,7.7,8.85,90.167,4.774,1.14,0.084,0.1,1.9333,,,2026-09-16 01:09:32
福建省,浙闽片河流,南靖洪濑汤坑桥,2026-09-16 00:00,2,27.131,6.45,7.84,223,17.669,0.86,0.043,0.043,15.652,,,2026-09-16 01:09:32
福建省,浙闽片河流,浦南水文站,2026-09-16 00:00,2,25.99573,7.14,7.71,137.6,38.301,0.6,0.24,0.042,1.389,,,2026-09-16 01:09:32
福建省,浙闽片河流,南溪浮宫桥,2026-09-16 00:00,3,27.62,7.01,6.95,408.889,413.575,2.02,0.136,0.153,3.2954,,,2026-09-16 01:09:32
福建省,浙闽片河流,上坂,2026-09-16 00:00,3,27.65,6.41,6.32,144.945,34.799,1.06,0.427,0.13,4.8969,,,2026-09-16 01:09:32
福建省,浙闽片河流,云霄高塘渡口,2026-09-16 00:00,3,27.94,6.74,6.8,113.821,17.198,0.71,0.192,0.122,5.092,,,2026-09-16 01:09:32
福建省,浙闽片河流,水汾桥,2026-09-16 00:00,2,26.72,6.79,6.06,158.37,8.13,1.34,0.038,0.044,1.11,,,2026-09-16 01:09:32
福建省,浙闽片河流,建瓯蓬墩,2026-09-16 00:00,2,29.001,6.91,6.24,62.05,7.82,1.34,0.207,0.03,1.117,,,2026-09-16 01:09:32
福建省,浙闽片河流,将乐樟应,2026-09-16 00:00,2,28.58498,6.95,6.64,66.976,2.09736,1.87,0.007,0.022,0.809,,,2026-09-16 01:09:32
福建省,浙闽片河流,建阳坪州大桥,2026-09-16 00:00,2,28.05,7.22,8.5,108.57,6.739,1.81,0.017,0.039,1.011,,,2026-09-16 01:09:32
福建省,浙闽片河流,雁石桥,2026-09-16 00:00,2,27.16,7.64,8.46,281.02,24.04,1.02,0.135,0.049,1.676,,,2026-09-16 01:09:32
福建省,珠江流域,长汀美西桥,2026-09-16 00:00,2,25.91,7.02,7.46,122.559,9.911,1.39,0.083,0.073,0.8325,,,2026-09-16 01:09:32
福建省,浙闽片河流,八都,2026-09-16 00:00,2,25.4,6.96,8.71,39.964,3.141,1.66,0.012,0.048,0.837,,,2026-09-16 01:09:32
江西省,长江流域,大港,2026-09-16 00:00,2,26.82,7.44,8.03,129.05,37.1,1.91,0.075,0.058,1.553,,,2026-09-16 01:09:32
江西省,长江流域,滁槎,2026-09-16 00:00,2,26.54,6.32,6.14,128.73,17.87,1.84,0.042,0.066,1.968,,,2026-09-16 01:09:32
江西省,长江流域,昌邑,2026-09-16 00:00,2,26.29,7.61,7.47,126.27,37.26,2.59,,0.066,1.401,,,2026-09-16 01:09:32
江西省,长江流域,八一桥,2026-09-16 00:00,2,27.43,7.44,7.55,110.484,30.736,2.63,0.127,0.063,0.8807,,,2026-09-16 01:09:32
江西省,长江流域,焦石坝,2026-09-16 00:00,2,26.18,7.9,9.15,95.04,11.4,2.45,0.075,0.044,1.1642,,,2026-09-16 01:09:32
江西省,长江流域,戴村,2026-09-16 00:00,2,29.172,7.34,6.95,542.235,19.88,1.15,0.042,0.021,0.629,,,2026-09-16 01:09:32
江西省,长江流域,龙山口,2026-09-16 00:00,2,26,8.47,8.53,264.012,5.308,2,0.011,0.023,0.7231,,,2026-09-16 01:09:32
江西省,长江流域,桐车湾,2026-09-16 00:00,3,27.04,8.01,5.99,354.93,2.869,2.02,0.058,0.09,1.7123,,,2026-09-16 01:09:32
江西省,长江流域,金鱼石,2026-09-16 00:00,2,27.09,7.75,7.39,297.56,4.95,0.82,0.008,0.058,1.967,,,2026-09-16 01:09:32
江西省,长江流域,吴城修河,2026-09-16 00:00,2,26.953,7.33,8.51,106.52,18.63,2.04,0.003,0.022,0.6382,,,2026-09-16 01:09:32
江西省,长江流域,姚港,2026-09-16 00:00,2,26.12,7.77,7.65,348.38,22.74,1.54,0.044,0.067,1.458,,,2026-09-16 01:09:32
江西省,长江流域,潦河河口,2026-09-16 00:00,2,27.15,7.04,7.36,129.62,20.26,1.96,0.026,0.044,0.7147,,,2026-09-16 01:09:32
江西省,长江流域,柘林湖坝上,2026-09-16 00:00,2,27.718,8.26,10.28,99.6,1.246,2.1,,0.01,0.514,,,2026-09-16 01:09:32
江西省,长江流域,共青城寨下,2026-09-16 00:00,3,27.9,7.69,5.83,480.8,28,3.66,0.302,0.092,1.755,,,2026-09-16 01:09:32
江西省,长江流域,罗坊,2026-09-16 00:00,2,27.73,7.48,6.8,240.561,21.604,3.31,0.087,0.088,1.3783,,,2026-09-16 01:09:32
江西省,长江流域,孔目江江口,2026-09-16 00:00,3,28.33,7.38,5.73,364.622,20.978,2.82,0.111,0.072,1.1373,,,2026-09-16 01:09:32
江西省,长江流域,浮桥,2026-09-16 00:00,2,27.32,7.73,6.99,185.076,9.526,3.36,0.094,0.066,1.279,,,2026-09-16 01:09:32
江西省,长江流域,傣家村,2026-09-16 00:00,3,27.76,,8.39,173.822,6.769,4.53,0.095,0.043,0.6995,0.02111,2.258007,2026-09-16 01:09:32
江西省,长江流域,炭埠周家,2026-09-16 00:00,2,27.4,7.04,9.68,120.89,5.76,1.62,,0.043,1,,,2026-09-16 01:09:32
江西省,长江流域,白塔河河口,2026-09-16 00:00,2,27.3,6.8,6.21,86.117,4.63,1.67,0.072,0.041,0.5901,,,2026-09-16 01:09:32
江西省,长江流域,土桥,2026-09-16 00:00,2,27.81,7.42,7.33,130.381,3.413,2.57,0.034,0.044,0.9371,,,2026-09-16 01:09:32
江西省,长江流域,流口村,2026-09-16 00:00,2,28.77,7.08,7.34,133.4633,9.313354,1.81,,0.056,1.179885,,,2026-09-16 01:09:32
江西省,长江流域,市自来水厂,2026-09-16 00:00,2,27.02,7.14,8,90.496,8.682,0.12,0.091,0.039,0.8204,,,2026-09-16 01:09:32
江西省,长江流域,新庙前,2026-09-16 00:00,2,27.68,7.23,6.98,108.328,25.71,0.86,0.025,0.048,1.369,,,2026-09-16 01:09:32
江西省,长江流域,赣县梅林,2026-09-16 00:00,3,27.78,7.36,6.73,118.518,10.386,1.52,0.093,0.112,1.4793,,,2026-09-16 01:09:32
江西省,长江流域,梓坑,2026-09-16 00:00,2,27.33,7.32,6.72,101.098,10.423,2.32,0.109,0.079,1.3312,,,2026-09-16 01:09:32
江西省,长江流域,峡山,2026-09-16 00:00,3,28.66,7.35,6.93,102.847,3.898,1.41,0.176,0.107,1.1086,,,2026-09-16 01:09:32
江西省,长江流域,梅江江口,2026-09-16 00:00,2,29.01,7.27,7,99.806,12.373,1.49,0.135,0.079,0.9281,,,2026-09-16 01:09:32
江西省,长江流域,平江江口,2026-09-16 00:00,2,28.3,7.35,7.09,119.087,15.626,1.62,0.109,0.048,0.8099,,,2026-09-16 01:09:32
江西省,长江流域,上犹江江口,2026-09-16 00:00,2,26.31,6.99,7.65,70.894,15.499,1.72,0.107,0.024,0.5504,,,2026-09-16 01:09:32
江西省,长江流域,龙南自来水厂,2026-09-16 00:00,2,26.98,7.58,7.99,170.732,4.206,1.06,0.044,0.029,0.7422,,,2026-09-16 01:09:32
江西省,长江流域,桃江江口,2026-09-16 00:00,2,26.8,7.2,6.54,151.926,14.311,0.87,0.093,0.053,2.0391,,,2026-09-16 01:09:32
江西省,长江流域,大余城郊,2026-09-16 00:00,2,25,7.13,8.86,78.414,10.678,0.82,0.155,0.023,0.7895,,,2026-09-16 01:09:32
江西省,珠江流域,兴宁电站,2026-09-16 00:00,2,29.25,8.98,14.5,66.9874,5.242105,2.05,0.007,0.028,2.13463,,,2026-09-16 01:09:32
江西省,长江流域,通津,2026-09-16 00:00,2,26.15,7.15,7.14,89.562,32.4,1.23,0.116,0.065,0.8685,,,2026-09-16 01:09:32
江西省,长江流域,金滩,2026-09-16 00:00,2,27.34,7.2,6.75,98.236,19.816,1.04,0.169,0.064,1.0067,,,2026-09-16 01:09:32
江西省,长江流域,孤江江口,2026-09-16 00:00,2,28.31,7.39,7.5,75.363,8.631,2.14,0.054,0.046,0.6432,,,2026-09-16 01:09:32
江西省,长江流域,禾水河口,2026-09-16 00:00,2,28.01,7.38,7.12,120.36,15.297,1.68,0.14,0.044,0.7927,,,2026-09-16 01:09:32
江西省,长江流域,蜀水河口,2026-09-16 00:00,2,27.03,7.12,7.89,70.881,22.873,0.55,0.161,0.058,0.833,,,2026-09-16 01:09:32
江西省,长江流域,乌江江口,2026-09-16 00:00,2,28.62,7.62,7.72,136.15,6.574,1.32,0.075,0.042,0.6956,,,2026-09-16 01:09:32
江西省,长江流域,棚下,2026-09-16 00:00,2,26.31,7.3,7.58,140.6066,8.59,1.59,0.036,0.056,1.001,,,2026-09-16 01:09:32
江西省,长江流域,丰城小港口,2026-09-16 00:00,2,27.453,7.25,8.84,97.43,93.1803,1.66,0.019,0.059,1.274,,,2026-09-16 01:09:32
江西省,长江流域,修河港口,2026-09-16 00:00,1,25.66,7.15,8.37,42.24,1.89,0.42,0.006,0.006,0.321,,,2026-09-16 01:09:32
江西省,长江流域,超坊,2026-09-16 00:00,2,27.69,7.87,7.51,94.074,18.564,2.16,0.21,0.068,0.8171,,,2026-09-16 01:09:32
江西省,长江流域,钟岭水厂,2026-09-16 00:00,2,28.35,7.42,7.65,77.8,15.46,2.47,0.002,0.044,0.9098,,,2026-09-16 01:09:32
江西省,长江流域,临水河口,2026-09-16 00:00,2,26.43,6.98,8.21,83.45,9.64,1.93,0.07,0.054,0.867,,,2026-09-16 01:09:32
江西省,长江流域,康山,2026-09-16 00:00,5,26.79,6.56,6.31,112.13,63.19,3.05,0.189,0.103,1.297,0.0132,750000,2026-09-16 01:09:32
江西省,长江流域,瑞洪大桥,2026-09-16 00:00,4,30.5,6.8,4.54,116.02,24.01,1.84,,0.042,0.85,,,2026-09-16 01:09:32
江西省,长江流域,旗山,2026-09-16 00:00,2,28.37,7.49,7.56,137.41,7.44,1.59,0.041,0.062,1.073,,,2026-09-16 01:09:32
山东省,黄河流域,泺口,2026-09-16 00:00,2,24.87,8.34,7.66,695.13,227.26,2.24,0.111,0.068,2.709,,,2026-09-16 01:09:32
山东省,淮河流域,台儿庄大桥,2026-09-16 00:00,2,25.76,7.95,6.83,1227.08,21.56,3.29,0.158,0.046,2.456,,,2026-09-16 01:09:32
山东省,淮河流域,群乐桥,2026-09-16 00:00,3,20.5,7.91,6.86,1817.55,38.884,4.44,0.022,0.075,2.821,,,2026-09-16 01:09:32
山东省,淮河流域,王晁桥,2026-09-16 00:00,4,23.976,7.77,4.12,1138.07,18.259,2.34,0.053,0.131,6,,,2026-09-16 01:09:32
山东省,淮河流域,十字河大桥,2026-09-16 00:00,3,25.181,7.96,8.42,1307.76,4.643,4.54,0.006,0.032,0.417,,,2026-09-16 01:09:32
山东省,淮河流域,贾庄闸,2026-09-16 00:00,3,24.86,7.93,8.04,1320.29,9.509,4.11,0.008,0.089,4.997,,,2026-09-16 01:09:32
山东省,淮河流域,峡山水库库中,2026-09-16 00:00,4,24.83,8.89,8.66,752.58,6.9,6.65,,0.027,0.39,0.03319,1.492499,2026-09-16 01:09:32
山东省,淮河流域,兖州南大桥,2026-09-16 00:00,3,25.434,7.97,9.71,1070.73,5.667,4.17,0.028,0.058,1.2014,,,2026-09-16 01:09:32
山东省,淮河流域,105公路桥,2026-09-16 00:00,4,26.001,7.7,3.37,1545.31,50.256,5.21,0.098,0.146,2.964,,,2026-09-16 01:09:32
山东省,淮河流域,高河桥,2026-09-16 00:00,4,25.916,8.34,7.46,1361.36,18.452,6.14,0.011,0.095,1.595,,,2026-09-16 01:09:32
山东省,淮河流域,老运河微山段,2026-09-16 00:00,2,24.238,7.79,8.85,,2383.79,3.65,0.064,0.035,1.15,,,2026-09-16 01:09:32
山东省,淮河流域,尹沟,2026-09-16 00:00,2,25.25,8.25,7.9,937.54,17.97,3.67,0.197,0.034,0.914,0.04,,2026-09-16 01:09:32
山东省,淮河流域,西支河入湖口,2026-09-16 00:00,3,25.95,8.24,6.47,1337.78,15.287,5.92,0.012,0.023,1.069,,,2026-09-16 01:09:32
山东省,淮河流域,鲁桥,2026-09-16 00:00,3,25.886,8.14,7.38,1629.65,23.889,5.6,0.013,0.068,0.774,,,2026-09-16 01:09:32
山东省,淮河流域,牛庄闸,2026-09-16 00:00,2,25.977,8.33,8.83,967.872,8.052,3.58,0.031,0.002,0.933,,,2026-09-16 01:09:32
山东省,淮河流域,湘子庙,2026-09-16 00:00,5,25.07,8.24,2.29,1683.37,84.554,4.82,0.056,0.255,3.17336,,,2026-09-16 01:09:32
山东省,黄河流域,戴村坝,2026-09-16 00:00,3,26.22,7.53,5.86,876.27,2.84,2.19,0.076,0.018,2.554,,,2026-09-16 01:09:32
山东省,黄河流域,徐家汶,2026-09-16 00:00,2,23.86917,8.02,9.1,1344.624,2.3195,1.79,0.025,0.056,37.09055,,,2026-09-16 01:09:32
山东省,淮河流域,大古镇,2026-09-16 00:00,3,25.98,7.46,11.28,858.77,20.31,4.82,0.01,0.084,5.957,,,2026-09-16 01:09:32
山东省,淮河流域,夏庄,2026-09-16 00:00,5,24.04,6.74,12.83,1307,18.3,11.42,0.031,0.174,3.4384,,,2026-09-16 01:09:32
山东省,淮河流域,临沂北大桥,2026-09-16 00:00,4,23.58,9,12.19,454.83,21.302,8.18,0.013,0.081,2.032,,,2026-09-16 01:09:32
山东省,淮河流域,捷庄,2026-09-16 00:00,4,25.51,7.71,18.73,669.911,17.829,9.41,0.057,0.104,1.089,,,2026-09-16 01:09:32
山东省,淮河流域,临沭大兴桥,2026-09-16 00:00,4,24.756,7.06,9.44,558.595,7.25,6.72,0.004,0.065,0.734,,,2026-09-16 01:09:32
山东省,淮河流域,310公路桥,2026-09-16 00:00,6,23.74,7.26,1.96,807.7,5.34,3.41,0.046,0.081,0.253,,,2026-09-16 01:09:32
山东省,淮河流域,沙沟桥,2026-09-16 00:00,4,21.95,7.45,4.77,782.19,4.8,3.83,0.112,0.063,3.666,,,2026-09-16 01:09:32
山东省,淮河流域,云蒙湖湖心,2026-09-16 00:00,3,21.99,,11.8,415.9,1.18,5.22,,0.024,2.966,0.01873,7243580,2026-09-16 01:09:32
山东省,海河流域,油坊桥,2026-09-16 00:00,3,24.527,8.05,6.53,892.175,99.37,2.18,0.118,0.112,4.088,,,2026-09-16 01:09:32
山东省,海河流域,秤勾湾,2026-09-16 00:00,3,24.28,8.13,7.31,1035.27,94.07,2.43,0.752,0.122,7.3413,,,2026-09-16 01:09:32
山东省,海河流域,北湖,2026-09-16 00:00,2,25.21,8.71,9.14,929.87,3.19,2.88,,0.014,1.344,0.01402,7290675,2026-09-16 01:09:32
山东省,淮河流域,于楼,2026-09-16 00:00,4,25.13,8.9,10.93,2072.5,38.344,6.38,0.026,0.205,1.06,,,2026-09-16 01:09:32
山东省,淮河流域,徐寨,2026-09-16 00:00,3,25.316,8.8,11.57,1716.96,21.422,4.61,,0.13,1.101,,,2026-09-16 01:09:32
河南省,黄河流域,七里铺,2026-09-16 00:00,3,25.5912,8.01,7.98,677.167,15.4213,2.93,0.106,0.125,4.5,,,2026-09-16 01:09:32
河南省,淮河流域,尖岗水库,2026-09-16 00:00,2,26.08,8.89,11.71,256.5787,3.4561,2.56,,0.008,0.3287,,,2026-09-16 01:09:32
河南省,淮河流域,新郑黄甫寨,2026-09-16 00:00,2,25.8,8.11,13.39,935.85,15.19,3.72,0.004,0.041,3.2833,,,2026-09-16 01:09:32
河南省,淮河流域,中牟陈桥,2026-09-16 00:00,4,25.89,8.14,10.09,813.87,41.81,6.91,,0.114,5.3417,,,2026-09-16 01:09:32
河南省,黄河流域,高崖寨,2026-09-16 00:00,2,25.14,8.36,7.18,500.74,5.92,2.6,,0.032,3.128,,,2026-09-16 01:09:32
河南省,黄河流域,白马寺,2026-09-16 00:00,3,25.72,8.04,9.63,742,13.6,2.3,0.016,0.185,4.634,,,2026-09-16 01:09:32
河南省,海河流域,彰武水库,2026-09-16 00:00,1,25.19,8.36,10.02,564.7,3.92,1.56,,0.011,2.8744,,,2026-09-16 01:09:32
河南省,海河流域,冯宿桥,2026-09-16 00:00,2,25.38,8.04,6.38,753.8531,16.825,3.79,0.278,0.098,5.9702,,,2026-09-16 01:09:32
河南省,海河流域,五陵,2026-09-16 00:00,3,24.09,7.92,6.76,1211.5,80.8,2.77,0.037,0.193,7.173,,,2026-09-16 01:09:32
河南省,海河流域,石辛庄,2026-09-16 00:00,3,25.46,7.96,20.42,1252.485,8.951,5.24,0.301,0.067,7.5589,,,2026-09-16 01:09:32
河南省,海河流域,黄花营,2026-09-16 00:00,1,25.41,8.25,9.49,497.3149,4.8716,0.74,,0.016,4.9818,,,2026-09-16 01:09:32
河南省,海河流域,前枋城,2026-09-16 00:00,1,22.555,8.06,9.05,562.92,9.373,1.37,0.006,,5.4208,,,2026-09-16 01:09:32
河南省,海河流域,卫河小河口,2026-09-16 00:00,3,24.81,8.05,7.85,1312.746,125.09,3.18,0.97,0.191,7.6784,,,2026-09-16 01:09:32
河南省,海河流域,修武水文站,2026-09-16 00:00,4,25.05,7.89,7.42,2441.394,49.34,4.47,0.487,0.26,9.0587,,,2026-09-16 01:09:32
河南省,海河流域,获嘉东碑村,2026-09-16 00:00,4,26.51,8,6.57,2002.88,123.27,6.3,0.059,0.22,4.797,,,2026-09-16 01:09:32
河南省,黄河流域,封丘陶北,2026-09-16 00:00,2,25.05,8.35,12.79,961.54,27.22,3.65,0.008,0.058,2.849,,,2026-09-16 01:09:32
河南省,黄河流域,封丘王堤,2026-09-16 00:00,3,25.364,8.18,8.53,895.3,48.6,4.23,0.022,0.079,1.6694,,,2026-09-16 01:09:32
河南省,海河流域,新乡贾太湖,2026-09-16 00:00,3,25.87,8.27,7.64,718.779,811.741,3.16,0.011,0.13,3.5138,,,2026-09-16 01:09:32
河南省,黄河流域,武陟渠首,2026-09-16 00:00,2,25.73,7.99,9.24,861.1,33.4,1.57,0.022,0.045,5.043,,,2026-09-16 01:09:32
河南省,海河流域,南乐元村集,2026-09-16 00:00,3,22.25,7.92,8.84,1313.44,125.47,2.22,0.051,0.19,7.239,,,2026-09-16 01:09:32
河南省,海河流域,南乐水文站,2026-09-16 00:00,4,25.15,7.84,4.54,775.9705,19.54,6.11,0.563,0.238,3.7417,,,2026-09-16 01:09:32
河南省,海河流域,濮阳西水坡,2026-09-16 00:00,3,25.21,8.64,5.6,821.74,3.66,2.81,0.037,0.012,0.743,,,2026-09-16 01:09:32
河南省,黄河流域,濮阳大韩桥,2026-09-16 00:00,4,24.37,7.62,3.31,1198.45,53.14,7.69,1.14,0.16,3.094,,,2026-09-16 01:09:32
河南省,淮河流域,白沙水库,2026-09-16 00:00,2,25.4182,8.06,6.63,703.119,3.1138,3.81,0.028,0.017,3.5869,,,2026-09-16 01:09:32
河南省,淮河流域,召陵武湾,2026-09-16 00:00,2,25.11,7.87,7.65,568,27.82,3.53,0.042,0.063,3.84,,,2026-09-16 01:09:32
河南省,淮河流域,郾城漯邓桥,2026-09-16 00:00,4,25.8,7.9,6.77,1799.3,26.5,3.08,0.032,0.205,3.348,,,2026-09-16 01:09:32
河南省,淮河流域,叶舞公路桥,2026-09-16 00:00,2,25.112,7.56,7.53,316.14,15.744,3.72,0.006,0.069,2.331,,,2026-09-16 01:09:32
河南省,淮河流域,临颍高村桥,2026-09-16 00:00,3,26.12,7.73,7.41,1148.37,13.17,2.49,0.41,0.118,10.525,,,2026-09-16 01:09:32
河南省,黄河流域,洛河大桥,2026-09-16 00:00,1,22.54,8.21,8.14,591.197,10.504,0.91,0.073,0.015,1.7089,,,2026-09-16 01:09:32
河南省,长江流域,淅川荆紫关,2026-09-16 00:00,1,25.05309,8.28,7.72,348.6866,4.248848,1.92,0.005,0.013,1.189,,,2026-09-16 01:09:32
河南省,长江流域,淅川史家湾,2026-09-16 00:00,1,24.42,8.13,8.18,405.847,7.66,1.49,,0.015,1.3967,0.00142,,2026-09-16 01:09:32
河南省,长江流域,淅川高湾,2026-09-16 00:00,2,23.82,8.03,8.08,392.315,12.056,1.8,0.014,0.025,1.4563,0.0036,,2026-09-16 01:09:32
河南省,长江流域,淅川张营,2026-09-16 00:00,3,26.83,7.85,5.1,321.431,5.9,3.46,0.031,0.029,1.5778,0.00302326,,2026-09-16 01:09:32
河南省,长江流域,五龙泉,2026-09-16 00:00,2,25.71,8.15,6.34,262.4,2.39,1.77,0.006,0.011,0.766,0.0019,716702.8,2026-09-16 01:09:32
河南省,长江流域,陶岔,2026-09-16 00:00,2,26.73,8.24,6.57,261.55,4.348,1.49,,0.013,0.7856,0.0028,749562,2026-09-16 01:09:32
河南省,淮河流域,吕楼桥,2026-09-16 00:00,4,23.94,7.82,3.7,1556.448,37.797,2.16,0.088,0.055,0.4264,,,2026-09-16 01:09:32
河南省,淮河流域,黄口,2026-09-16 00:00,3,25.63,8.3,16.68,1421.203,16.722,5.33,0.09,0.081,4.1877,,,2026-09-16 01:09:32
河南省,淮河流域,长台关甘岸桥,2026-09-16 00:00,3,25.75,7.67,7.7,312.11,11.34,4.42,,0.051,0.88,,,2026-09-16 01:09:32
河南省,淮河流域,潢川水文站,2026-09-16 00:00,2,25.2877,7.21,8.07,246.595,15.4777,3.33,0.041,0.076,0.4741,,,2026-09-16 01:09:32
河南省,淮河流域,竹竿铺,2026-09-16 00:00,2,25.42,8.97,9.25,194.04,13.16,3.67,0.03,0.048,0.491,,,2026-09-16 01:09:32
河南省,淮河流域,固始马罡,2026-09-16 00:00,2,25.8837,8.47,8.91,201.892,6.8058,3.38,0.016,0.031,0.513,,,2026-09-16 01:09:32
河南省,淮河流域,老沈丘泉河桥,2026-09-16 00:00,3,26.49,7.76,5,1245.968,34.09,3.78,0.022,0.094,2.1588,,,2026-09-16 01:09:32
河南省,淮河流域,刘寨村后,2026-09-16 00:00,3,25.54,7.93,6.15,1356,10.5,5.23,0.089,0.074,2.537,,,2026-09-16 01:09:32
河南省,淮河流域,周口康店,2026-09-16 00:00,2,25.65,7.71,7.58,815.2978,8.95,2.91,0.171,0.062,4.8815,,,2026-09-16 01:09:32
河南省,淮河流域,商水双桥,2026-09-16 00:00,2,25.15,7.8,6.87,841.4837,18.943,2.68,0.18,0.097,5.244,,,2026-09-16 01:09:32
河南省,淮河流域,鄢陵陶城闸,2026-09-16 00:00,3,25.1,7.81,6.54,1295.1,11.53,3.51,0.318,0.168,8.9537,,,2026-09-16 01:09:32
河南省,淮河流域,鹿邑付桥,2026-09-16 00:00,3,26.06,7.76,7.85,632.903,25.253,5.36,0.083,0.068,2.2055,,,2026-09-16 01:09:32
河南省,淮河流域,板桥水库,2026-09-16 00:00,3,24.05,8.27,7.28,193.1716,4.91,4.47,0.012,0.019,0.527,,,2026-09-16 01:09:32
河南省,黄河流域,小浪底水库,2026-09-16 00:00,2,25.52,8.06,7.01,901.523,14.853,1.93,0.055,0.031,2.8897,,,2026-09-16 01:09:32
湖北省,长江流域,牛山湖湖心,2026-09-16 00:00,3,26.24,8.56,9.06,191.3,13.571,5.1,,0.028,,0.00479,1.992837,2026-09-16 01:09:32
湖北省,长江流域,西梁子湖湖北,2026-09-16 00:00,3,26.085,7.7,6.17,194.38,27.252,3.52,,0.034,0.164,0.00368,1.057282,2026-09-16 01:09:32
湖北省,长江流域,杨泗港,2026-09-16 00:00,2,26.7,7.7,7.53,280.584,30.74,0.68,,0.033,1.528,,,2026-09-16 01:09:32
湖北省,长江流域,龙口,2026-09-16 00:00,6,26.24,9.05,12.16,194.61,11.76,7.34,0.038,0.064,1.067,,,2026-09-16 01:09:32
湖北省,长江流域,金水闸,2026-09-16 00:00,6,26.73,7.21,1.73,312.14,30.87,6.34,0.224,0.035,0.897,,,2026-09-16 01:09:32
湖北省,长江流域,滠口,2026-09-16 00:00,3,27.11,8.74,8.55,222.8926,38.99,4.57,0.107,0.141,1.3516,,,2026-09-16 01:09:32
湖北省,长江流域,港洲村,2026-09-16 00:00,3,27.49,8.08,9.68,432,13.9255,4.18,0.02,0.127,0.933,,,2026-09-16 01:09:32
湖北省,长江流域,白浒山,2026-09-16 00:00,2,26.23,7.85,6.95,325.7995,39.37681,1.69,0.012,0.088,1.504708,,,2026-09-16 01:09:32
湖北省,长江流域,挖沟泵站,2026-09-16 00:00,2,27.77783,7.34,6.36,1232.077,32.88267,3.77,0.101,0.093,1.814395,,,2026-09-16 01:09:32
湖北省,长江流域,富池闸,2026-09-16 00:00,2,27.27,7.98,8.24,220.6341,9.457729,2.28,0.013,0.037,0.8533893,,,2026-09-16 01:09:32
湖北省,长江流域,大冶湖闸,2026-09-16 00:00,4,29.26,8.81,12.35,298.86,25.65,6.57,0.076,0.078,1.124,,,2026-09-16 01:09:32
湖北省,长江流域,夹河口,2026-09-16 00:00,3,24.53,7.71,5.13,288.1881,5.84,1.6,0.031,0.013,1.432,,,2026-09-16 01:09:32
湖北省,长江流域,孙家湾,2026-09-16 00:00,2,26.46,8.56,8.46,235.06,15.18,3.42,0.023,0.032,1.121,,,2026-09-16 01:09:32
湖北省,长江流域,浪河口,2026-09-16 00:00,2,26.32,8.34,9.31,173.666,3.77,3.98,0.022,0.028,0.774,,,2026-09-16 01:09:32
湖北省,长江流域,丹江口水库坝上中,2026-09-16 00:00,2,27,8.05,6.84,244.076,1.805054,1.93,0.079,0.006,0.8755,0.0046445,557000,2026-09-16 01:09:32
湖北省,长江流域,陈家坡,2026-09-16 00:00,3,25.23,7.73,5.38,278.5,7.22,2.3,0.022,0.02,1.2684,,,2026-09-16 01:09:32
湖北省,长江流域,潘口水库坝上,2026-09-16 00:00,2,25.23,8.87,10,191.2,8.6,2.69,,0.013,0.642,,,2026-09-16 01:09:32
湖北省,长江流域,剑河口,2026-09-16 00:00,2,27.12,7.95,7.62,218.81,0.47,2.76,0.009,0.022,1.016,,,2026-09-16 01:09:32
湖北省,长江流域,王河电站,2026-09-16 00:00,1,24.77,8.07,8.07,412.0242,9.95,1.6,0.027,0.012,0.9971,,,2026-09-16 01:09:32
湖北省,长江流域,隔河岩水库坝上,2026-09-16 00:00,1,20.38,8.37,7.75,245.99,2.11,1.19,0.004,0.009,1.838,0.04065,2434464,2026-09-16 01:09:32
湖北省,长江流域,长沙坝,2026-09-16 00:00,3,26.097,7.62,5.73,478.825,8.36,1.65,0.011,0.041,2.023,,,2026-09-16 01:09:32
湖北省,长江流域,清江大桥,2026-09-16 00:00,3,21.41,7.47,5.65,327.727,5.309,1.11,,0.009,2.584,,,2026-09-16 01:09:32
湖北省,长江流域,南津关,2026-09-16 00:00,2,27.19,7.78,6.38,423.016,4.039086,2.13,,0.051,2.8308,0.0234939,,2026-09-16 01:09:32
湖北省,长江流域,马渡河,2026-09-16 00:00,2,22.29,7.69,12.58,310.65,12.22,3.2,0.009,0.009,2.215,,,2026-09-16 01:09:32
湖北省,长江流域,铁路大桥,2026-09-16 00:00,2,23.86,7.88,7.12,548.2,15.9,2.1,0.024,0.031,1.527,,,2026-09-16 01:09:32
湖北省,长江流域,两河口,2026-09-16 00:00,2,25.589,7.7,7.41,592.2786,19.0001,2.9,0.043,0.046,3.3493,,,2026-09-16 01:09:32
湖北省,长江流域,桅杆坪,2026-09-16 00:00,3,19.58,7.4,5.58,280.44,0.88,1.12,0.002,0.031,2.844,,,2026-09-16 01:09:32
湖北省,长江流域,白石港,2026-09-16 00:00,2,25.43,8.25,7.57,319.696,4.027,2.36,0.001,0.006,1.226,,,2026-09-16 01:09:32
湖北省,长江流域,云池,2026-09-16 00:00,2,25.86,7.9,7.14,415.02,8.59,1.16,,0.052,2.486,,,2026-09-16 01:09:32
湖北省,长江流域,翟湾,2026-09-16 00:00,2,24.83,7.76,6.35,487.0125,31.85964,2.68,0.012,0.087,2.1234,,,2026-09-16 01:09:32
湖北省,长江流域,张湾,2026-09-16 00:00,2,25.34,8.45,10.78,462.0024,21.57,3.73,0.084,0.087,2.044,,,2026-09-16 01:09:32
湖北省,长江流域,余家湖,2026-09-16 00:00,2,26.79,7.92,6.88,326.1402,27.35,2.19,0.03,0.025,1.206,,,2026-09-16 01:09:32
湖北省,长江流域,聂家滩,2026-09-16 00:00,6,25.82,8.14,8.18,308.1143,30.06,2.15,0.038,0.426,1.419,,,2026-09-16 01:09:32
湖北省,长江流域,汤店,2026-09-16 00:00,4,26.04,7.32,3.84,666.2444,11.03,4.01,0.102,0.063,1.344,,,2026-09-16 01:09:32
湖北省,长江流域,沈湾,2026-09-16 00:00,3,17.77,7.64,5.36,327.9,3.76,2.01,0.028,0.017,1.326,,,2026-09-16 01:09:32
湖北省,长江流域,朱市,2026-09-16 00:00,2,24.96,8.06,7.56,598.5546,29.53,2.64,0.033,0.099,1.736,,,2026-09-16 01:09:32
湖北省,长江流域,茶庵,2026-09-16 00:00,1,26.32,8.27,8.2,354.8857,21.26,1.43,0.014,0.016,1.803,,,2026-09-16 01:09:32
湖北省,长江流域,马兰河口,2026-09-16 00:00,2,24.39,8.02,7.68,386.2,7,1.79,0.015,0.036,2.021,,,2026-09-16 01:09:32
湖北省,长江流域,燕矶,2026-09-16 00:00,2,26.39,7.75,7.5,321.09,30.6,1.59,0.088,0.054,1.737,,,2026-09-16 01:09:32
湖北省,长江流域,东梁子湖湖心,2026-09-16 00:00,3,26.23,8.02,8.23,193.357,20.189,3.86,,0.04,0.248,,,2026-09-16 01:09:32
湖北省,长江流域,梁子湖七星站,2026-09-16 00:00,3,26.79,8.02,7.06,203.4323,27.86218,4.44,0.095,0.018,1.138738,0.03745146,,2026-09-16 01:09:32
湖北省,长江流域,漳河水库库心,2026-09-16 00:00,1,25.33,8.3,8.88,308.1745,11.3845,1.53,,0.001,0.412,0.00031,9702000,2026-09-16 01:09:32
湖北省,长江流域,转斗,2026-09-16 00:00,2,24.85,8.02,7.91,402.694,7.6302,2.84,0.001,0.029,1.331,,,2026-09-16 01:09:32
湖北省,长江流域,罗汉闸,2026-09-16 00:00,2,25.46,8.34,10.05,358.73,61.29,3.07,0.026,0.045,1.2937,,,2026-09-16 01:09:32
湖北省,长江流域,京山河邓李港,2026-09-16 00:00,2,27.05,7.67,8.05,482.7705,18.3803,3.12,,0.085,1.597,,,2026-09-16 01:09:32
湖北省,长江流域,马良龚家湾,2026-09-16 00:00,3,25.866,7.49,7.88,1261.81,81.3306,4.13,0.243,0.174,3.3826,,,2026-09-16 01:09:32
湖北省,长江流域,应城公路桥,2026-09-16 00:00,2,26.1,7.98,8.5,594.47,11.9765,2.15,0.016,0.022,0.0945,,,2026-09-16 01:09:32
湖北省,长江流域,田店泵站,2026-09-16 00:00,2,26.48,8.23,7.58,493.23,12.818,2.27,,0.024,0.27676,,,2026-09-16 01:09:32
湖北省,长江流域,新沟闸,2026-09-16 00:00,2,27.18,8.5,11.76,419.44,11.65,3.38,,0.048,0.674,,,2026-09-16 01:09:32
湖北省,长江流域,小河,2026-09-16 00:00,2,27.2,8.33,9.49,363.13,36.45,2.78,0.037,0.042,1.507,,,2026-09-16 01:09:32
湖北省,长江流域,孝昌王店,2026-09-16 00:00,4,26.38,8.49,8.92,331.22,15.0538,6.76,0.019,0.131,1.0981,,,2026-09-16 01:09:32
湖北省,长江流域,孝感河口大桥,2026-09-16 00:00,3,26.84,8.34,8.57,290.443,11.86,4.51,0.024,0.049,1.2202,,,2026-09-16 01:09:32
湖北省,长江流域,大悟河口,2026-09-16 00:00,2,25.77,8.45,8.5,255.2,5.94,2.58,,0.025,0.2281,,,2026-09-16 01:09:32
湖北省,长江流域,安陆桑树,2026-09-16 00:00,2,26.23,7.7,7.6,508.37,12.3294,2.91,,0.023,0.46752,,,2026-09-16 01:09:32
湖北省,长江流域,隔蒲桥,2026-09-16 00:00,4,26.47,7.37,9.09,495.59,11.997,6.35,0.057,0.045,1.0753,,,2026-09-16 01:09:32
湖北省,长江流域,汉川新堰,2026-09-16 00:00,4,26.72,7.21,3.93,448.94,47.237,2.77,0.087,0.118,1.804,,,2026-09-16 01:09:32
湖北省,长江流域,杨柴湖,2026-09-16 00:00,5,24.3,6.82,2.21,355.3,14.1,4.22,0.003,0.082,0.435,0.00177,1014471,2026-09-16 01:09:32
湖北省,长江流域,排水闸,2026-09-16 00:00,3,26.22,7.51,6.09,390.574,42.5173,2.78,0.0002,0.046,1.307,0.00079,1.981244,2026-09-16 01:09:32
湖北省,长江流域,洪湖湖心,2026-09-16 00:00,4,26.6,7.96,6.83,365.066,135.255,3.17,0.102,0.055,1.594,0.0005,73365,2026-09-16 01:09:32
湖北省,长江流域,观音寺,2026-09-16 00:00,2,26.47,7.8,7.96,403.04,9.4,1.41,,0.057,2.766,,,2026-09-16 01:09:32
湖北省,长江流域,淤泥湖,2026-09-16 00:00,2,26.2,8.63,10.45,399.2,84.2,2.79,0.012,0.06,1.737,,,2026-09-16 01:09:32
湖北省,长江流域,杨家垱,2026-09-16 00:00,2,26.21,8.39,10.01,371.08,36.34,1.82,0.026,0.034,1.511,,,2026-09-16 01:09:32
湖北省,长江流域,调关,2026-09-16 00:00,2,26.71,7.86,7.61,384.9582,8.2205,1.45,,0.054,2.3126,,,2026-09-16 01:09:32
湖北省,长江流域,姚集,2026-09-16 00:00,2,27.2,7.71,7.4,452.7,9.6,2.31,0.057,0.06,1.504,,,2026-09-16 01:09:32
湖北省,长江流域,乌溪沟,2026-09-16 00:00,2,23.78389,7.85,6.92,361.1105,26.2048,1.15,0.032,0.036,1.430282,,,2026-09-16 01:09:32
湖北省,长江流域,蕲春县八里湖,2026-09-16 00:00,3,28.5,7.28,6.44,203.0395,53.91,2.4,0.164,0.144,1.262,,,2026-09-16 01:09:32
湖北省,长江流域,咸宁湖心,2026-09-16 00:00,4,27.62,8.15,5.63,231.089,64.838,6.26,0.138,0.06,0.939,0.03236,2.479522,2026-09-16 01:09:32
湖北省,长江流域,富水水库,2026-09-16 00:00,2,27.6,8.76,8.18,237.3051,12.48,2.72,0.018,0.021,0.658,0.01,2.1633,2026-09-16 01:09:32
湖北省,长江流域,窑嘴大桥,2026-09-16 00:00,3,27.69,7.51,5.81,409.7908,20.28,2.27,,0.055,2.924,,,2026-09-16 01:09:32
湖北省,长江流域,陆溪口,2026-09-16 00:00,4,27.9,7.26,4.18,224.13,16.98,3.31,0.266,0.067,1.762,,,2026-09-16 01:09:32
湖北省,长江流域,洪下水文站,2026-09-16 00:00,6,27,9.15,15.36,157,7.93,1.41,0.009,0.045,0.898,,,2026-09-16 01:09:32
湖北省,长江流域,厉山,2026-09-16 00:00,3,26.29,7.63,7.02,553.8003,14.2,3.29,0.034,0.118,5.1223,,,2026-09-16 01:09:32
湖北省,长江流域,平林,2026-09-16 00:00,3,26.11,8.86,10.29,332.782,4.122,5.21,0.019,0.057,0.756,,,2026-09-16 01:09:32
湖北省,长江流域,涢水大桥,2026-09-16 00:00,3,26.22,8.16,10.32,413.273,15.11,4.2,0.016,0.04,0.4161,,,2026-09-16 01:09:32
湖北省,长江流域,江口村,2026-09-16 00:00,1,25.75,8.54,10,183.42,6.632,0.81,,0.013,0.907,,,2026-09-16 01:09:32
湖北省,长江流域,恩施大沙坝,2026-09-16 00:00,6,17.92,7.45,1.09,362.85,4.9,1.75,0.132,0.123,3.728,,,2026-09-16 01:09:32
湖北省,长江流域,雪照河,2026-09-16 00:00,2,19.09,8.2,8.08,380.84,12.593,0.95,,0.039,3.159,,,2026-09-16 01:09:32
湖北省,长江流域,周家坝,2026-09-16 00:00,2,23.4,7.79,6.87,222.8,14.885,0.68,,0.01,1.855,,,2026-09-16 01:09:32
湖北省,长江流域,潜江大桥,2026-09-16 00:00,2,24.88,7.99,9.84,420.0212,17.86,2.4,,0.021,0.879,,,2026-09-16 01:09:32
湖北省,长江流域,岳口,2026-09-16 00:00,2,26.7,8.49,8.67,373.9,11.22,2.76,0.009,0.038,1.267,,,2026-09-16 01:09:32
湖北省,长江流域,拖市,2026-09-16 00:00,3,25.54,7.29,9.61,873.9,23.347,4.8,,0.048,0.8219,,,2026-09-16 01:09:32
湖北省,长江流域,阳日湾,2026-09-16 00:00,2,19.355,7.83,8.27,353.629,28.709,0.55,0.086,0.09,1.2124,,,2026-09-16 01:09:32
湖南省,长江流域,昭山,2026-09-16 00:00,2,26,7.3,7.35,191.6,22.7,1.89,,0.056,1.489,,,2026-09-16 01:09:32
湖南省,长江流域,捞刀河口,2026-09-16 00:00,3,27.71,7.04,5.01,224.4,93.0452,2.4,0.072,0.054,1.936,,,2026-09-16 01:09:32
湖南省,长江流域,三角洲,2026-09-16 00:00,3,27.74,8.72,10.37,198,3.6,2.28,0.015,0.104,2.815,,,2026-09-16 01:09:32
湖南省,长江流域,胜利,2026-09-16 00:00,2,27.28,7.67,8.29,293.56,5.75,2.94,0.044,0.058,1.424,,,2026-09-16 01:09:32
湖南省,长江流域,桔子洲,2026-09-16 00:00,3,25.94,7.69,6.92,195.9928,14.53,1.78,0.124,0.111,2.233,,,2026-09-16 01:09:32
湖南省,长江流域,西阳渡口,2026-09-16 00:00,2,25.71,8.44,14.59,297.57,6.374,1.37,,0.021,2.137,,,2026-09-16 01:09:32
湖南省,长江流域,熬洲,2026-09-16 00:00,2,25.03,7.38,7.25,181.9327,8.9164,1.07,0.014,0.062,1.3657,,,2026-09-16 01:09:32
湖南省,长江流域,洣水入湘江口,2026-09-16 00:00,2,26.363,7.64,7.05,101.87,16.85,1.38,0.041,0.053,1.167,,,2026-09-16 01:09:32
湖南省,长江流域,城北水厂,2026-09-16 00:00,2,24.84,7.71,7.45,206.77,13.71,1.9,0.023,0.063,1.2687,,,2026-09-16 01:09:32
湖南省,长江流域,塘渡口,2026-09-16 00:00,2,25.09,7.83,8,162.7462,2.1637,0.74,0.014,0.024,1.62,,,2026-09-16 01:09:32
湖南省,长江流域,窑市,2026-09-16 00:00,1,24.06,7.18,7.94,51.7106,4.4532,1.42,0.018,0.02,0.382,,,2026-09-16 01:09:32
湖南省,长江流域,渡头村,2026-09-16 00:00,2,27.15,7.9,7.6,205.957,3.7745,1.02,0.027,0.048,1.236,,,2026-09-16 01:09:32
湖南省,长江流域,邵水入河口,2026-09-16 00:00,2,27.31,7.6,6.82,388.572,4.653,2.03,0.24,0.072,2.175,,,2026-09-16 01:09:32
湖南省,长江流域,绥宁河口镇,2026-09-16 00:00,1,23.6899,7.59,8.53,100.412,3.2653,0.77,0.011,0.019,0.7367,,,2026-09-16 01:09:32
湖南省,长江流域,岳阳楼,2026-09-16 00:00,3,26.78,7.72,7.24,203.739,47.43972,1.55,0.003,0.034,1.2354,0.00075,204905,2026-09-16 01:09:32
湖南省,长江流域,城陵矶,2026-09-16 00:00,2,26.04,7.53,6.61,202.588,53.58435,2.27,0.012,0.041,0.9919,,,2026-09-16 01:09:32
湖南省,长江流域,荆江口,2026-09-16 00:00,2,27.76,7.92,7.67,407.4931,22.1306,0.99,0.06,0.062,2.1834,,,2026-09-16 01:09:32
湖南省,长江流域,六门闸,2026-09-16 00:00,2,26.82,8.84,8.65,427.475,11.8,2.58,0.021,0.047,0.635,,,2026-09-16 01:09:32
湖南省,长江流域,南渡,2026-09-16 00:00,2,26.15,7.16,8.96,112.69,12.16,1.16,0.037,0.066,1.291,,,2026-09-16 01:09:32
湖南省,长江流域,八仙桥,2026-09-16 00:00,4,26.93,7.08,8.91,193.4358,28.1965,6.07,0.071,0.09,0.9371,,,2026-09-16 01:09:32
湖南省,长江流域,坡头,2026-09-16 00:00,2,27.41,8.08,7.98,203.0027,27.37835,0.98,,0.037,1.4851,0.0008177,,2026-09-16 01:09:32
湖南省,长江流域,蒋家嘴,2026-09-16 00:00,3,24.4,7.72,6.86,198.6051,22.675,1.48,0.064,0.03,1.1591,0.00194,1.5048,2026-09-16 01:09:32
湖南省,长江流域,马坡湖,2026-09-16 00:00,2,27.46,8.76,11.86,390.981,31.7819,2.63,,0.061,1.602,,,2026-09-16 01:09:32
湖南省,长江流域,永定澄潭,2026-09-16 00:00,2,25.86,7.86,7.4,210.24,4.349,1.08,0.009,0.023,0.402,,,2026-09-16 01:09:32
湖南省,长江流域,万家嘴,2026-09-16 00:00,2,27.68,7.76,7.59,181.5493,15.43,1.07,0.039,0.04,1.8001,0.0020941,193437.1,2026-09-16 01:09:32
湖南省,长江流域,南嘴,2026-09-16 00:00,3,27.84,8.1,7.32,220.9012,76.60033,1.23,,0.043,1.4711,0.01925,520000.8,2026-09-16 01:09:32
湖南省,长江流域,小河嘴,2026-09-16 00:00,2,27.32,8.25,7.32,219.766,21.1442,1.29,,0.025,0.915,0.00294276,5.44616,2026-09-16 01:09:32
湖南省,长江流域,坪口,2026-09-16 00:00,6,25.88,9.14,15.98,186.8,36.755,3.66,0.026,0.035,1.518,,,2026-09-16 01:09:32
湖南省,长江流域,桃谷山,2026-09-16 00:00,2,26.71,7.91,7.45,214.756,17.592,1.2,,0.046,1.168,,,2026-09-16 01:09:32
湖南省,长江流域,头山,2026-09-16 00:00,1,26.81,8.27,8.51,125.79,2.27,0.4,,0.004,0.4952,0.0026,5539000,2026-09-16 01:09:32
湖南省,长江流域,渡口大桥,2026-09-16 00:00,2,27.64,7.21,7.41,133.94,14.29,2.27,0.062,0.088,1.1559,,,2026-09-16 01:09:32
湖南省,长江流域,五强溪,2026-09-16 00:00,3,28.61,7.63,5.64,189.711,2.1821,0.95,,0.032,1.186,,,2026-09-16 01:09:32
湖南省,长江流域,铜信溪电站,2026-09-16 00:00,1,27.31,8.43,9.44,295.35,2.2,0.8,0.02,0.015,1.224,,,2026-09-16 01:09:32
湖南省,长江流域,地阳坪公路大桥,2026-09-16 00:00,2,25.53,7.12,7.14,96.3032,4.8851,1.49,0.023,0.038,0.442,,,2026-09-16 01:09:32
湖南省,长江流域,托口渠水,2026-09-16 00:00,2,27.63,8.41,8.99,103.7,5.184,1.86,0.004,0.024,0.542,,,2026-09-16 01:09:32
湖南省,长江流域,舞水入河口,2026-09-16 00:00,2,22.65,8.57,8.91,,0.037,,0.001,0.039,,,,2026-09-16 01:09:32
湖南省,长江流域,溪子口,2026-09-16 00:00,3,25.43,7.39,5.72,238.9,1.621,0.65,0.001,0.013,1.277,,,2026-09-16 01:09:32
湖南省,长江流域,球溪,2026-09-16 00:00,2,24.838,7.71,7.97,204.8,4.758,1.74,0.012,0.052,1.871,,,2026-09-16 01:09:32
湖南省,长江流域,街埠头,2026-09-16 00:00,2,28.3,8.52,16.84,350.155,3.1911,2.68,,0.054,1.787,,,2026-09-16 01:09:32
湖南省,长江流域,浦市上游,2026-09-16 00:00,2,27.08,7.94,8.14,173.78,7.3,0.74,0.008,0.036,0.949,,,2026-09-16 01:09:32
湖南省,长江流域,江口,2026-09-16 00:00,3,26.1,7.78,5.53,318.1501,1.9329,0.59,0.019,0.011,2.237,,,2026-09-16 01:09:32
湖南省,长江流域,武水汇合口,2026-09-16 00:00,2,27.18,7.83,7.71,179.85,7.2216,1.04,0.001,0.029,0.771,,,2026-09-16 01:09:32
广东省,珠江流域,珠海大桥,2026-09-16 00:00,3,28.55,7.55,5.46,350.672,82.566,1.79,0.175,0.069,2.607,,,2026-09-16 01:09:32
广东省,珠江流域,石角咀水闸,2026-09-16 00:00,4,29.97,7.29,3.68,514.512,67.744,3.09,0.12,0.125,3.15,,,2026-09-16 01:09:32
广东省,珠江流域,鸡啼门大桥,2026-09-16 00:00,3,28.47,7.6,5.6,2269,101.8,1.61,,0.076,2.586,,,2026-09-16 01:09:32
广东省,珠江流域,布洲,2026-09-16 00:00,2,27.97,7.78,6.56,251.681,80.644,2.34,0.006,0.064,2.45,,,2026-09-16 01:09:32
广东省,珠江流域,海门湾桥闸,2026-09-16 00:00,5,30.08,7.21,2.85,339.93,55.46,3.73,1.177,0.163,3.888,,,2026-09-16 01:09:32
广东省,珠江流域,苍山渡口,2026-09-16 00:00,3,29.19,7.58,5.26,4938.88,67.628,1.87,0.064,0.136,2.524,,,2026-09-16 01:09:32
广东省,珠江流域,牛湾,2026-09-16 00:00,4,29.76,6.72,3.96,204.17,26.21,3.28,0.029,0.097,2.216,,,2026-09-16 01:09:32
广东省,珠江流域,渠首,2026-09-16 00:00,3,29.72,8.08,6.51,124.89,22.35,5.96,0.004,0.024,0.755,0.01502,6384521,2026-09-16 01:09:32
广东省,珠江流域,黄坡,2026-09-16 00:00,4,29.64,6.94,4.63,135.99,30.76,3.04,0.065,0.123,2.22,,,2026-09-16 01:09:32
广东省,珠江流域,山角,2026-09-16 00:00,3,30.27,7.99,8.96,136.5,7.43,4.07,0.005,0.032,2.112,,,2026-09-16 01:09:32
广东省,珠江流域,运河管理局,2026-09-16 00:00,4,29.49,8.37,8.4,118.55,33.34,6.46,,0.027,0.866,,,2026-09-16 01:09:32
广东省,珠江流域,排里,2026-09-16 00:00,3,29.69,7.4,8.45,162.63,16.18,5.68,0.039,0.101,1.541,,,2026-09-16 01:09:32
广东省,珠江流域,南渡河桥,2026-09-16 00:00,4,29.51,6.49,3.2,178.73,21.67,4.6,1.27,0.073,4.051,,,2026-09-16 01:09:32
广东省,珠江流域,营仔,2026-09-16 00:00,3,29.47,7.06,5,178.85,15.43,5.54,0.106,0.072,1.416,,,2026-09-16 01:09:32
广东省,珠江流域,黄竹尾水闸,2026-09-16 00:00,3,30.19,7.09,5.14,157.58,29.37,,0.06,0.101,2.284,,,2026-09-16 01:09:32
广东省,珠江流域,塘口,2026-09-16 00:00,3,29.25,7.03,6.07,138.21,15,2.45,0.28,0.135,2.181,,,2026-09-16 01:09:32
广东省,珠江流域,石骨水库,2026-09-16 00:00,2,30.077,,8.27,66.35,2.6739,2.35,0.021,0.021,0.489,,,2026-09-16 01:09:32
广东省,珠江流域,良德水库,2026-09-16 00:00,1,30,7.96,8.27,62.486,11.829,1.6,0.009,0.007,0.189,0.0069,2569780,2026-09-16 01:09:32
广东省,珠江流域,米急渡,2026-09-16 00:00,3,28.38,6.88,5.86,104.843,50.435,2.09,0.191,0.115,2.074,,,2026-09-16 01:09:32
广东省,珠江流域,公庄河口,2026-09-16 00:00,2,29.5,7.24,7.38,168,34.9,2.17,,0.098,1.811,,,2026-09-16 01:09:32
广东省,珠江流域,五丰渡口,2026-09-16 00:00,2,26.32,6.81,6.95,77.2,83.67,1.58,0.09,0.051,3.9661,,,2026-09-16 01:09:32
广东省,珠江流域,新铺,2026-09-16 00:00,2,27.54,7.26,6.59,92.472,37.865,0.96,0.214,0.035,1.7429,,,2026-09-16 01:09:32
广东省,珠江流域,海丰西闸,2026-09-16 00:00,3,30.95,7.22,5.69,75.7,3,3.39,,0.037,0.516,,,2026-09-16 01:09:32
广东省,珠江流域,东溪水闸,2026-09-16 00:00,4,30.9,6.67,4.6,189.21,33.735,5.07,0.282,0.064,1.67,,,2026-09-16 01:09:32
广东省,珠江流域,江城,2026-09-16 00:00,3,28.68,6.76,5.74,112.524,20.609,3.09,0.298,0.151,1.626,,,2026-09-16 01:09:32
广东省,珠江流域,尖山,2026-09-16 00:00,4,28.66,6.6,3.55,224.03,31.55,4.8,0.279,0.214,2.395,,,2026-09-16 01:09:32
广东省,珠江流域,埠场,2026-09-16 00:00,3,29.13,6.82,5.28,254.641,25.879,2.74,0.248,0.127,1.802,,,2026-09-16 01:09:32
广东省,珠江流域,大泉,2026-09-16 00:00,4,27.78,6.55,3.06,884.5,36.7,4.53,0.719,0.235,2.443,,,2026-09-16 01:09:32
广东省,珠江流域,樟村,2026-09-16 00:00,5,30.28,7.05,2.53,409.308,6.52,3.44,1.422,0.174,5.922,,,2026-09-16 01:09:32
广东省,珠江流域,沙田泗盛,2026-09-16 00:00,4,28.99,6.79,3.6,627.6,72.6,2.7,0.054,0.08,2.714,,,2026-09-16 01:09:32
广东省,珠江流域,旗岭,2026-09-16 00:00,6,28.89,6.84,2.09,353.554,90.51,3.3,2.018,0.377,5.832,,,2026-09-16 01:09:32
广东省,珠江流域,石龙南河,2026-09-16 00:00,2,29.63,6.9,6.54,120.285,15.934,1.4,,0.055,1.621,,,2026-09-16 01:09:32
广东省,珠江流域,中山港码头,2026-09-16 00:00,2,28.59,7.57,6.58,253.92,69.743,1.37,0.107,0.074,3.065,,,2026-09-16 01:09:32
广东省,珠江流域,龟山塔,2026-09-16 00:00,2,29.2,7.21,7.25,74.498,13.017,1,0.116,0.066,0.9862,,,2026-09-16 01:09:32
广东省,珠江流域,古封,2026-09-16 00:00,2,28.53,7.82,6.76,272.56,23.64,1.42,0.028,0.043,2.415,,,2026-09-16 01:09:32
广西壮族自治区,珠江流域,老口,2026-09-16 00:00,2,27.89958,7.86,8.85,297.4248,14.89046,0.88,,0.029,2.722248,,,2026-09-16 01:09:32
广西壮族自治区,珠江流域,叮当,2026-09-16 00:00,2,27.84,7.51,6.8,318.027,14.236,1.3,0.033,0.063,3.9917,,,2026-09-16 01:09:32
广西壮族自治区,珠江流域,六景,2026-09-16 00:00,2,27.87,7.83,6.47,302.86,22.73,1.46,0.037,0.034,1.417,,,2026-09-16 01:09:32
广西壮族自治区,珠江流域,白马,2026-09-16 00:00,2,27.28,7.96,6.93,390.81,5.96,1.26,0.034,0.027,2.469,,,2026-09-16 01:09:32
广西壮族自治区,珠江流域,阳朔,2026-09-16 00:00,2,27.85,8.24,7.97,232.809,3.17,1.08,0.02,0.036,1.5757,,,2026-09-16 01:09:32
广西壮族自治区,珠江流域,东边埇,2026-09-16 00:00,2,26.8,6.75,6.75,71.1902,24.6364,1.96,0.038,0.079,1.383,,,2026-09-16 01:09:32
广西壮族自治区,珠江流域,西门江,2026-09-16 00:00,3,28.47,6.76,5.35,282.496,23.394,3.02,0.154,0.132,3.2794,,,2026-09-16 01:09:32
广西壮族自治区,珠江流域,三滩,2026-09-16 00:00,2,27.87,6.99,7.66,5442.86,6.06,2.12,0.216,0.054,0.936,,,2026-09-16 01:09:32
广西壮族自治区,珠江流域,边贸码头,2026-09-16 00:00,2,27.44,6.97,7.57,62.05,7.54,1.39,0.202,0.072,1.504,,,2026-09-16 01:09:32
广西壮族自治区,珠江流域,高塘,2026-09-16 00:00,2,27.92,6.55,6.74,67.56,12.19,2.24,0.022,0.055,2.018,,,2026-09-16 01:09:32
广西壮族自治区,珠江流域,茅岭大桥,2026-09-16 00:00,2,28.44,7.1,7.15,660.11,11.59,2.46,0.003,0.047,0.993,,,2026-09-16 01:09:32
广西壮族自治区,珠江流域,高速公路西桥,2026-09-16 00:00,5,28.44,7.14,3.67,1880.36,32.78,4.74,1.962,0.25,4.884,,,2026-09-16 01:09:32
广西壮族自治区,珠江流域,隘屯,2026-09-16 00:00,2,22.93576,8.14,10.1,366.1297,5.409919,0.23,0.012,0.021,1.863678,,,2026-09-16 01:09:32
广西壮族自治区,珠江流域,公篓,2026-09-16 00:00,1,26.59,8.13,8.13,285.29,21.11,1.21,0.034,0.019,1.255,,,2026-09-16 01:09:32
广西壮族自治区,珠江流域,贺街,2026-09-16 00:00,2,27.3,7.91,7.74,229.13,13.467,0.63,0.036,0.037,1.373,,,2026-09-16 01:09:32
广西壮族自治区,珠江流域,上金,2026-09-16 00:00,3,27.87,6.76,5.68,140.2829,64.554,1.62,0.001,0.026,2.0602,,,2026-09-16 01:09:32
广西壮族自治区,珠江流域,渠立,2026-09-16 00:00,1,27.14,8.06,11.04,266.558,27.512,0.65,,0.018,2.337,,,2026-09-16 01:09:32
广西壮族自治区,珠江流域,棉江,2026-09-16 00:00,2,27.75,7.72,6.49,208.771,27.492,1.83,0.056,0.028,2.1331,,,2026-09-16 01:09:32
海南省,珠江流域,儒房,2026-09-16 00:00,3,27.6,6.8,6.92,140.82,99,4.78,0.16,0.136,1.717,,,2026-09-16 01:09:32
海南省,珠江流域,后黎村,2026-09-16 00:00,3,27.5,6.9,7.58,75.9,75.3,4.14,0.069,0.106,1.8,,,2026-09-16 01:09:32
海南省,珠江流域,林家村,2026-09-16 00:00,2,27.11,6.94,8.1,90.87,104.13,2.49,0.012,0.048,3.417,,,2026-09-16 01:09:32
海南省,珠江流域,崖城大桥,2026-09-16 00:00,2,27.3,6.96,7.99,95.96,136.9,2.66,,0.061,4.059,,,2026-09-16 01:09:32
海南省,珠江流域,藤桥河大桥,2026-09-16 00:00,3,26.82,6.67,8.09,84.46,342.99,4.45,,0.179,1.443,,,2026-09-16 01:09:32
海南省,珠江流域,松涛水库南丰库心,2026-09-16 00:00,2,29.37273,7.51,6.37,75.86107,0.8366685,0.99,0.005,0.006,0.2737821,0.01696342,2514512,2026-09-16 01:09:32
海南省,珠江流域,上村桥,2026-09-16 00:00,3,27.7,6.94,7.42,104.2,97.7,4.69,0.039,0.107,1.888,,,2026-09-16 01:09:32
海南省,珠江流域,中和桥,2026-09-16 00:00,4,27.7,6.92,5.73,121.8,107.8,5.96,0.252,0.252,1.727,,,2026-09-16 01:09:32
海南省,珠江流域,羊头外村桥,2026-09-16 00:00,3,28.21,6.09,5.4,67.98,69.49,5.52,0.082,0.133,2.21,,,2026-09-16 01:09:32
海南省,珠江流域,农垦橡胶所一队,2026-09-16 00:00,1,27.8,6.64,7.86,67.9,4.8,1.26,0.025,0.02,1.791,,,2026-09-16 01:09:32
海南省,珠江流域,水涯新区,2026-09-16 00:00,4,28.6,6.62,4.93,131.9,6.6,3.09,0.111,0.059,1.928,,,2026-09-16 01:09:32
海南省,珠江流域,分洪桥,2026-09-16 00:00,2,27.36,6.11,7.53,68.2,82.07,3.49,0.052,0.085,1.299,,,2026-09-16 01:09:32
海南省,珠江流域,后山村,2026-09-16 00:00,6,28.78,6.65,1.07,151.075,25.1635,6.65,0.125,0.279,2.594,,,2026-09-16 01:09:32
海南省,珠江流域,大广坝水库出口,2026-09-16 00:00,6,24.975,6.85,6.13,47.409,894.845,4.7,0.513,0.206,4.743,0.025776,5.30385,2026-09-16 01:09:32
海南省,珠江流域,罗带铁路桥,2026-09-16 00:00,6,27.5,6.9,7.44,261.9,206.8,6.37,,0.434,3.465,,,2026-09-16 01:09:32
海南省,珠江流域,山口,2026-09-16 00:00,2,27.66,6.93,7.63,87.65,42.18,3.25,0.104,0.058,1.488,,,2026-09-16 01:09:32
海南省,珠江流域,白仞滩电站,2026-09-16 00:00,4,27.9,6.91,8.21,106.3,102.2,5.37,0.037,0.24,1.767,,,2026-09-16 01:09:32
海南省,珠江流域,大风,2026-09-16 00:00,3,26.78454,6.53,7.58,88.40768,208.5255,3.49,0.018,0.127,0.8313204,,,2026-09-16 01:09:32
海南省,珠江流域,叉河口,2026-09-16 00:00,2,27.6,7.23,7.59,207.3,38.1,1.7,0.034,0.061,2.05,,,2026-09-16 01:09:32
海南省,珠江流域,跨界桥,2026-09-16 00:00,3,24.8,7.01,8.66,58.8,657.6,5.81,,0.183,1.05,,,2026-09-16 01:09:32
海南省,珠江流域,大溪村,2026-09-16 00:00,2,26.5,6.81,7.89,84.3,81.9,2.7,0.045,0.091,1.666,,,2026-09-16 01:09:32
重庆市,长江流域,晒网坝,2026-09-16 00:00,2,26.36,8.03,7.05,410.2444,10.484,1.39,,0.041,1.686,,,2026-09-16 01:09:32
重庆市,长江流域,向家,2026-09-16 00:00,2,25.75,7.9,7.62,254.7,20.546,3.32,0.015,0.03,0.998,,,2026-09-16 01:09:32
重庆市,长江流域,磨刀溪长滩,2026-09-16 00:00,4,23.93,7.47,4.46,177.11,17.264,2.95,0.011,0.032,0.778,,,2026-09-16 01:09:32
重庆市,长江流域,清溪场,2026-09-16 00:00,2,25.28,7.99,7.26,406.5855,22.0359,,,0.053,1.544,,,2026-09-16 01:09:32
重庆市,长江流域,木瓜洞,2026-09-16 00:00,5,25.94,7.27,2.88,362.6971,13.0682,3.96,0.076,0.118,1.494,,,2026-09-16 01:09:32
重庆市,长江流域,寸滩,2026-09-16 00:00,2,24.47,7.95,7.54,440.597,43.151,1.9,0.037,0.083,1.975,,,2026-09-16 01:09:32
重庆市,长江流域,和尚山,2026-09-16 00:00,2,24.42,7.94,6.98,417.06,41.03,1.68,0.204,0.074,1.754,,,2026-09-16 01:09:32
重庆市,长江流域,北温泉,2026-09-16 00:00,2,27.5751,7.86,6.72,335.712,19.2196,2.18,,0.013,1.854,,,2026-09-16 01:09:32
重庆市,长江流域,寨溪大桥,2026-09-16 00:00,2,26,7.79,6.17,996.4783,16.0935,2.6,0.025,0.038,1.712,,,2026-09-16 01:09:32
重庆市,长江流域,石门坎,2026-09-16 00:00,5,24.39,8.07,2.2,510.45,2.36,1.02,,0.01,1.132,,,2026-09-16 01:09:32
重庆市,长江流域,玉滩水库,2026-09-16 00:00,4,26.7,7.43,4.49,421.1413,13.57479,4.6,0.061,0.006,0.84097,0.04151141,1.584049,2026-09-16 01:09:32
重庆市,长江流域,御临镇,2026-09-16 00:00,4,28.65,7.5,4.36,417.175,19.613,,,,,,,2026-09-16 01:09:32
重庆市,长江流域,黎家乡崔家岩村,2026-09-16 00:00,6,25.67,7.24,1.99,359.8,21.62,4.29,0.235,0.069,1.114,,,2026-09-16 01:09:32
重庆市,长江流域,运输桥,2026-09-16 00:00,5,26.13,7.31,2.25,337.812,6.7604,4.75,0.061,0.105,0.724,,,2026-09-16 01:09:32
重庆市,长江流域,支坪街道,2026-09-16 00:00,2,26.28,8.18,6.71,508.184,30.131,1.92,,0.048,1.886,,,2026-09-16 01:09:32
重庆市,长江流域,江津大桥,2026-09-16 00:00,2,23.51,8.02,7.65,422.5,44.72,1.77,0.002,0.069,1.942,,,2026-09-16 01:09:32
重庆市,长江流域,朱杨溪,2026-09-16 00:00,3,27.21,7.65,6.94,665.85,19.79,3.99,0.045,0.165,4.432,,,2026-09-16 01:09:32
重庆市,长江流域,北渡,2026-09-16 00:00,2,26.9,7.85,6.67,587.8433,19.632,1.38,0.094,0.053,1.909,,,2026-09-16 01:09:32
重庆市,长江流域,白杨溪,2026-09-16 00:00,2,26.76,7.6,6.51,129.69,5.953,2.66,0.008,0.021,1.085,,,2026-09-16 01:09:32
重庆市,长江流域,太和,2026-09-16 00:00,2,26.61,7.86,6.23,369.26,19,2,0.038,0.034,1.941,,,2026-09-16 01:09:32
重庆市,长江流域,官渡,2026-09-16 00:00,3,29.6,7.7,5.33,309.6111,11.58,3.42,,0.058,1.093,,,2026-09-16 01:09:32
重庆市,长江流域,临渡,2026-09-16 00:00,3,27.59,7.63,5.72,400.3,17.14,2.53,,0.066,1.841,,,2026-09-16 01:09:32
重庆市,长江流域,渠江码头,2026-09-16 00:00,4,28.66,7.45,4.27,274.519,13.829,2.68,0.021,0.06,1.656,,,2026-09-16 01:09:32
重庆市,长江流域,四明水厂,2026-09-16 00:00,4,25.29,7.89,6.11,394.7,13.6,6.5,0.041,0.074,1.08,,,2026-09-16 01:09:32
重庆市,长江流域,金狮桥,2026-09-16 00:00,1,20.74,8.26,8.71,217.285,7.537,1.27,,0.009,0.925,,,2026-09-16 01:09:32
重庆市,长江流域,璧南河两河口,2026-09-16 00:00,3,25.83,7.47,5.86,676.623,14.483,4.62,0.084,0.126,1.635,,,2026-09-16 01:09:32
重庆市,长江流域,中和,2026-09-16 00:00,6,27.14,7.2,0.42,537.7,6.18,4.93,0.502,0.174,0.756,,,2026-09-16 01:09:32
重庆市,长江流域,玉溪,2026-09-16 00:00,2,24.2,7.7,7.57,463.2993,21.8786,1.99,0.043,0.058,1.887,,,2026-09-16 01:09:32
重庆市,长江流域,高洞电站,2026-09-16 00:00,6,27.587,7.34,0.95,719.551,4.714,4.27,0.386,0.08,2.241,,,2026-09-16 01:09:32
重庆市,长江流域,巫山乡,2026-09-16 00:00,3,22.87,7.72,8.32,255.047,14.699,3.6,0.008,0.102,1.497,,,2026-09-16 01:09:32
重庆市,长江流域,芙蓉洞码头,2026-09-16 00:00,1,27.56,8.51,10.51,267.01,7.86,0.95,,0.013,1.238,,,2026-09-16 01:09:32
重庆市,长江流域,鸭江镇,2026-09-16 00:00,2,26.6,7.85,8.11,498.383,9.19,2.15,0.001,0.059,2.488,,,2026-09-16 01:09:32
重庆市,长江流域,江口镇,2026-09-16 00:00,2,26.059,7.96,6.38,321.345,1.331,0.66,,0.012,1.492,,,2026-09-16 01:09:32
重庆市,长江流域,土堡寨,2026-09-16 00:00,1,17.49,8.25,9.48,481.04,3.252,0.36,,0.004,0.697,,,2026-09-16 01:09:32
重庆市,长江流域,水寨子,2026-09-16 00:00,1,22.28,8.21,8,257.656,4.174,1.48,,0.012,0.499,,,2026-09-16 01:09:32
重庆市,长江流域,湖海场,2026-09-16 00:00,2,24.49,7.63,6.49,293.825,10.598,2.72,0.045,0.074,1.512,,,2026-09-16 01:09:32
重庆市,长江流域,卫星桥,2026-09-16 00:00,2,25.04,7.88,7.21,356.0859,17.6543,3.31,0.043,0.055,0.28,,,2026-09-16 01:09:32
重庆市,长江流域,高洞梁,2026-09-16 00:00,3,24.8,7.74,5.98,514.983,34.302,2.64,0.039,0.044,0.204,,,2026-09-16 01:09:32
重庆市,长江流域,清水湖渡口,2026-09-16 00:00,1,24.55,8.83,13,204.05,5.9755,,0.013,0.02,1.1311,,,2026-09-16 01:09:32
重庆市,长江流域,小江河口,2026-09-16 00:00,3,26.26,7.8,5.04,370.09,3.43,2.32,0.012,0.039,1.7989,,,2026-09-16 01:09:32
重庆市,长江流域,汤溪河江口,2026-09-16 00:00,1,20.4,7.99,8.18,316.307,13.695,0.44,,0.007,0.791,,,2026-09-16 01:09:32
重庆市,长江流域,罗汉大桥,2026-09-16 00:00,2,24.62,8.12,7.76,354.37,11.94,1,0.02,0.028,0.677,,,2026-09-16 01:09:32
重庆市,长江流域,白帝城,2026-09-16 00:00,2,26,7.79,6.18,359.548,30.278,1.27,0.004,0.046,1.683,,,2026-09-16 01:09:32
重庆市,长江流域,培石,2026-09-16 00:00,2,25.9064,7.93,7.23,398.8596,12.5637,1.26,0.068,0.058,1.8427,,,2026-09-16 01:09:32
重庆市,长江流域,花台,2026-09-16 00:00,1,20.02,8.13,8.21,413.1026,8.7474,0.59,,0.01,0.907,,,2026-09-16 01:09:32
重庆市,长江流域,化杠,2026-09-16 00:00,2,17.08,7.79,8.51,162.17,10.71,2.6,,0.066,2.1766,,,2026-09-16 01:09:32
重庆市,长江流域,万木,2026-09-16 00:00,3,23.84,7.77,5.88,430.65,1.3,0.75,0.01,0.033,3.618,,,2026-09-16 01:09:32
重庆市,长江流域,红花村,2026-09-16 00:00,3,24.105,7.68,5.76,232.008,1.425,0.92,,0.008,1.616,,,2026-09-16 01:09:32
重庆市,长江流域,南洞沟,2026-09-16 00:00,1,24.43,8.27,7.87,325.898,4.692,0.6,,0.014,0.379,,,2026-09-16 01:09:32
重庆市,长江流域,郁江桥,2026-09-16 00:00,1,24.42,8.08,8.38,266.27,9.221,1.19,,0.016,1.308,,,2026-09-16 01:09:32
四川省,长江流域,二江寺,2026-09-16 00:00,2,21.32,7.85,7.83,469.4,19.8,2.04,0.139,0.099,2.666,,,2026-09-16 01:09:32
四川省,长江流域,李家湾,2026-09-16 00:00,3,24.02,7.56,7.12,361,45.6,3.94,0.037,0.164,3.712,,,2026-09-16 01:09:32
四川省,长江流域,廖家堰,2026-09-16 00:00,3,25.129,7.73,7.36,995.841,39.646,4.3,0.289,0.172,2.466,,,2026-09-16 01:09:32
四川省,长江流域,脚仙村,2026-09-16 00:00,3,23.01,7.41,7.93,356.5,64,4.17,0.159,0.195,4.008,,,2026-09-16 01:09:32
四川省,长江流域,湾凼,2026-09-16 00:00,4,24.33213,7.52,3.06,673.1671,9.332182,3.97,0.008,0.035,0.36214,,,2026-09-16 01:09:32
四川省,长江流域,手爬岩,2026-09-16 00:00,2,23.02,7.84,7.43,422.566,33.7523,1.62,,0.072,1.8071,,,2026-09-16 01:09:32
四川省,长江流域,沱江大桥,2026-09-16 00:00,3,25.38,7.72,7.24,422.4297,69.79928,2.4,0.012,0.181,2.944502,,,2026-09-16 01:09:32
四川省,长江流域,醒觉溪,2026-09-16 00:00,2,25.64,8.27,7.65,418.3,18.23,1.91,0.031,0.036,2.882,,,2026-09-16 01:09:32
四川省,长江流域,胡市大桥,2026-09-16 00:00,6,28.39,7.32,1.5,426.5805,8.5529,5.33,0.149,0.166,1.1656,,,2026-09-16 01:09:32
四川省,长江流域,泸天化大桥,2026-09-16 00:00,2,26.48,7.9,7.08,432.797,15.4244,1.61,,0.039,2.7099,,,2026-09-16 01:09:32
四川省,长江流域,纳溪大渡口,2026-09-16 00:00,2,23.1,7.75,7.33,394.502,12.352,1.38,0.001,0.069,1.7519,,,2026-09-16 01:09:32
四川省,长江流域,两汇水,2026-09-16 00:00,2,23.47947,7.86,7.98,150.7793,8.561745,1.52,0.003,0.037,1.062,,,2026-09-16 01:09:32
四川省,长江流域,象山,2026-09-16 00:00,4,23.87,7.37,3.39,470.03,17.7,4.42,0.124,0.151,1.785,,,2026-09-16 01:09:32
四川省,长江流域,双江桥,2026-09-16 00:00,3,21.2,8.19,8.03,545.62,53.35,1.94,0.042,0.159,3.17,,,2026-09-16 01:09:32
四川省,长江流域,三川,2026-09-16 00:00,3,21.14,7.98,7.92,562.5,36.12,1.28,0.026,0.159,3.449,,,2026-09-16 01:09:32
四川省,长江流域,西平镇,2026-09-16 00:00,3,21.4,8.12,8.28,543.39,45.99,2.8,0.074,0.157,3.983,,,2026-09-16 01:09:32
四川省,长江流域,姚渡,2026-09-16 00:00,1,18.45437,8.21,8.63,327.5201,37.42226,1.68,0.018,0.007,1.71,,,2026-09-16 01:09:32
四川省,长江流域,清泉乡,2026-09-16 00:00,3,24.75,7.59,5.58,282.3,8.2833,1.7,0.016,0.038,0.908,,,2026-09-16 01:09:32
四川省,长江流域,大安,2026-09-16 00:00,6,25.73,7.23,0.47,563.49,8,4.84,0.615,0.312,1.4161,,,2026-09-16 01:09:32
四川省,长江流域,梓江大桥,2026-09-16 00:00,3,24.46,7.72,5.21,377.6,18.6,3.05,0.056,0.042,1.275,,,2026-09-16 01:09:32
四川省,长江流域,大埂,2026-09-16 00:00,5,25.9,7.46,2.37,468.7,6.07,5.03,0.165,0.068,0.711904,,,2026-09-16 01:09:32
四川省,长江流域,球溪河口,2026-09-16 00:00,4,23.82,7.65,6.88,513.74,27.1,5.63,0.164,0.208,5.152,,,2026-09-16 01:09:32
四川省,长江流域,金溪电站,2026-09-16 00:00,4,25.74,7.58,4.64,317.036,14.5084,2.03,0.014,0.037,1.637,,,2026-09-16 01:09:32
四川省,长江流域,升钟水库铁炉寺,2026-09-16 00:00,4,24.8,7.79,4.97,347.79,4.13,4.35,,0.019,3.324,,,2026-09-16 01:09:32
四川省,长江流域,龟都府,2026-09-16 00:00,2,17.75,8.08,8.83,209.5634,20.68333,1.45,0.011,0.052,1.262704,,,2026-09-16 01:09:32
四川省,长江流域,越溪河两河口,2026-09-16 00:00,3,20.44,7.57,7.07,493.3,20.5,4.31,0.078,0.081,2.631,,,2026-09-16 01:09:32
四川省,长江流域,月波,2026-09-16 00:00,2,20.66,7.36,9.04,288.9,22.3,1.65,0.092,0.063,2.279,,,2026-09-16 01:09:32
四川省,长江流域,凉姜沟,2026-09-16 00:00,2,21.46,7.84,8.34,293.3499,9.200412,2.25,0.122,0.072,2.88128,,,2026-09-16 01:09:32
四川省,长江流域,三块石,2026-09-16 00:00,2,23.35,7.93,7.46,490.7,8.83,0.9,,0.017,1.034,,,2026-09-16 01:09:32
四川省,长江流域,洛亥,2026-09-16 00:00,2,19.21,8.17,8.27,322.1751,5.69837,0.84,0.026,0.063,3.385,,,2026-09-16 01:09:32
四川省,长江流域,幺滩,2026-09-16 00:00,2,26.36,7.93,7.11,546.07,13.55,2.56,0.094,0.083,1.71,,,2026-09-16 01:09:32
四川省,长江流域,团堡岭,2026-09-16 00:00,3,26.99,7.93,5.48,264.86,23.141,2.45,0.022,0.049,1.28,,,2026-09-16 01:09:32
四川省,长江流域,大蹬沟,2026-09-16 00:00,3,27.11,7.9,5.06,236.4,26.7,3.03,0.011,0.038,0.768,,,2026-09-16 01:09:32
四川省,长江流域,白兔乡,2026-09-16 00:00,4,25.5,7.61,3.35,382.4,5.8,4.58,0.223,0.109,0.906,,,2026-09-16 01:09:32
四川省,长江流域,联盟桥,2026-09-16 00:00,3,22.14,7.42,5.66,329.73,29,4.71,0.418,0.137,1.5304,,,2026-09-16 01:09:32
四川省,长江流域,舵石盘,2026-09-16 00:00,4,25.59,7.66,3.24,313.9,19.9,2.76,0.076,0.048,1.695,,,2026-09-16 01:09:32
四川省,长江流域,车家河,2026-09-16 00:00,2,25.97,7.7,7.27,308.8,32.38,1.93,0.13,0.042,1.402,,,2026-09-16 01:09:32
四川省,长江流域,手傍岩,2026-09-16 00:00,2,23.59,7.94,6.69,337.1,11,,,,1.355,,,2026-09-16 01:09:32
四川省,长江流域,幸福村,2026-09-16 00:00,5,22.1,7.87,8.73,371,28.1,6.22,0.142,0.319,3.244,,,2026-09-16 01:09:32
四川省,长江流域,拱城铺渡口,2026-09-16 00:00,3,22.25,7.86,8.57,429.57,31.64,2.79,0.094,0.177,2.811,,,2026-09-16 01:09:32
四川省,长江流域,竹巴龙村,2026-09-16 00:00,3,12.33,8.34,6.62,1514.9,415.4,2.52,0.353,0.155,2.693,,,2026-09-16 01:09:32
四川省,长江流域,昔街大桥,2026-09-16 00:00,2,19.76,7.81,7.67,236.66,37.27,1.22,0.132,0.077,3.848,,,2026-09-16 01:09:32
贵州省,长江流域,棉花渡,2026-09-16 00:00,2,23.981,7.82,7.04,461.91,0.8359,1.36,,0.057,2.8922,,,2026-09-16 01:09:32
贵州省,长江流域,贵铝泵房,2026-09-16 00:00,2,23.8895,8.37,9.22,373.9925,6.6047,2.73,0.014,0.009,1.6,0.01356,1772985,2026-09-16 01:09:32
贵州省,长江流域,花鱼洞,2026-09-16 00:00,2,23.3319,7.55,6.32,320.8775,11.8436,2.98,0.007,0.019,1.0045,0.00247,2489067,2026-09-16 01:09:32
贵州省,长江流域,麦穰,2026-09-16 00:00,3,23.13,8.04,6.54,648.51,6.8,2.47,0.102,0.182,5.552,,,2026-09-16 01:09:32
贵州省,珠江流域,青岩,2026-09-16 00:00,3,23.03,7.94,5.47,558.8574,7.0429,0.9,,0.042,3.931,,,2026-09-16 01:09:32
贵州省,长江流域,龙场,2026-09-16 00:00,2,21.05,7.95,6.79,398.37,2.34,0.73,0.023,0.014,3.719,,,2026-09-16 01:09:32
贵州省,珠江流域,发耳,2026-09-16 00:00,2,21.64,8.3,6.36,331.948,10.691,0.95,0.007,0.065,3.332,,,2026-09-16 01:09:32
贵州省,长江流域,打秋坪,2026-09-16 00:00,2,24.18,7.93,8.08,511.1,3.2,1.07,0.104,0.057,3.283,,,2026-09-16 01:09:32
贵州省,长江流域,鱼塘大桥,2026-09-16 00:00,2,25.38,8,7.28,332.94,1.846,0.04,,0.01,1.541,,,2026-09-16 01:09:32
贵州省,长江流域,沿江渡,2026-09-16 00:00,2,26.27,8.83,8.17,342.89,5.45,2.51,0.006,0.013,2.058,,,2026-09-16 01:09:32
贵州省,长江流域,鲤鱼塘,2026-09-16 00:00,3,25.52,7.5,5.86,498.78,1.658,1.27,,0.052,3.05,,,2026-09-16 01:09:32
贵州省,长江流域,坡渡,2026-09-16 00:00,1,22.98,8.04,8.08,326.86,4.29,0.51,0.013,0.006,0.586,,,2026-09-16 01:09:32
贵州省,长江流域,余庆河暗溪坪,2026-09-16 00:00,2,25.14,7.64,8.45,323.81,6.86,1.11,0.008,0.033,1.442,,,2026-09-16 01:09:32
贵州省,长江流域,羊柱头渡口,2026-09-16 00:00,4,23.67,7.81,6.92,744.7,3.73,3.11,0.819,0.264,8.65,,,2026-09-16 01:09:32
贵州省,长江流域,茅台,2026-09-16 00:00,1,23.44,8.23,7.8,399.27,3.84,0.76,,0.016,4.063,,,2026-09-16 01:09:32
贵州省,珠江流域,黄果树,2026-09-16 00:00,2,22.572,8.3,9.19,647.9,16.22,1.13,,0.026,3.391,,,2026-09-16 01:09:32
贵州省,长江流域,斯拉河大桥,2026-09-16 00:00,2,24.65,8.72,10.65,356.33,12.4,2.69,0.014,0.02,3.578,,,2026-09-16 01:09:32
贵州省,珠江流域,打邦,2026-09-16 00:00,2,27.45,8.39,10.04,444,4.533,2.02,,0.013,2.873,,,2026-09-16 01:09:32
贵州省,长江流域,小屯,2026-09-16 00:00,2,24.7,8.57,9.42,366.1569,5.979,2.79,,0.041,4.481,,,2026-09-16 01:09:32
贵州省,长江流域,鱼市,2026-09-16 00:00,2,26.83,8.26,8.17,407.303,2.595351,1.11,0.008,0.023,0.885134,,,2026-09-16 01:09:32
贵州省,长江流域,下干溪,2026-09-16 00:00,2,25.28,7.84,6.16,384.6,3.6,0.46,0.059,0.016,2.689,,,2026-09-16 01:09:32
贵州省,珠江流域,坝草,2026-09-16 00:00,1,26.418,8.27,9.98,383.194,3.8255,1.49,0.022,0.008,3.0291,,,2026-09-16 01:09:32
贵州省,珠江流域,万峰湖,2026-09-16 00:00,2,25.57,8.52,7.57,321.92,3.58,1.29,0.01,0.023,2.865,0.027,1056031,2026-09-16 01:09:32
贵州省,珠江流域,岔河口,2026-09-16 00:00,3,25.6269,8.71,9.99,261.265,4.5167,4.13,,0.016,1.6082,,,2026-09-16 01:09:32
贵州省,珠江流域,蔗香北,2026-09-16 00:00,1,27.44,8.19,12.64,286.8872,4.3152,0.95,0.014,0.007,2.4934,,,2026-09-16 01:09:32
贵州省,珠江流域,黄泥河,2026-09-16 00:00,2,19.4959,8.13,7.48,407.9238,17.9377,0.56,,0.026,2.9536,,,2026-09-16 01:09:32
贵州省,珠江流域,赵家渡,2026-09-16 00:00,2,22.36,8.12,7.63,430.136,7.36,0.83,0.049,0.039,4.758,,,2026-09-16 01:09:32
贵州省,珠江流域,坡脚,2026-09-16 00:00,2,23.71,7.9,6.5,418.4112,8.5324,0.94,0.009,0.023,4.4394,,,2026-09-16 01:09:32
贵州省,珠江流域,蔗香南,2026-09-16 00:00,1,28.46,8.53,9.64,289,4.02,1.24,0.012,0.012,2.6452,,,2026-09-16 01:09:32
贵州省,长江流域,金紫,2026-09-16 00:00,2,25.19,8.32,7.12,161.5879,7.91,1.16,0.036,0.017,0.892,,,2026-09-16 01:09:32
贵州省,长江流域,平敏大桥,2026-09-16 00:00,2,26.24,8.56,10.29,132.14,8.22,0.81,,0.024,0.666,,,2026-09-16 01:09:32
贵州省,长江流域,旁海,2026-09-16 00:00,2,24.34,8.41,8.82,469.43,10.26,1.06,0.035,0.056,2.082,,,2026-09-16 01:09:32
贵州省,珠江流域,榕江,2026-09-16 00:00,2,26.98,8.23,8.49,129.84,4.3,0.77,0.034,0.026,0.562,,,2026-09-16 01:09:32
贵州省,长江流域,甘溪高碑,2026-09-16 00:00,2,25.82,8.32,10.94,338.1,14.13,2.6,,0.038,0.4634,,,2026-09-16 01:09:32
贵州省,长江流域,跳鱼洞,2026-09-16 00:00,3,22.43,7.91,6.06,436.28,5.72,1.95,0.077,0.11,2.448,,,2026-09-16 01:09:32
贵州省,长江流域,凤山桥边,2026-09-16 00:00,2,23.8251,8.47,10.33,536.78,2.2816,1.15,0.004,0.064,2.746,,,2026-09-16 01:09:32
贵州省,珠江流域,边外河,2026-09-16 00:00,2,24.52,7.82,7.35,334.58,4.19,0.62,,0.006,1.874,,,2026-09-16 01:09:32
贵州省,珠江流域,甲茶,2026-09-16 00:00,2,24.0369,7.69,6.04,322.8893,0.3669,0.76,0.002,0.007,1.0525,,,2026-09-16 01:09:32
云南省,长江流域,通仙桥,2026-09-16 00:00,3,19.92,8.02,6.15,455.678,16.685,2.19,0.008,0.152,4.587,,,2026-09-16 01:09:32
云南省,长江流域,普渡河桥,2026-09-16 00:00,3,22.27,7.92,5.84,552.672,20.6736,3.34,0.028,0.075,2.7333,,,2026-09-16 01:09:32
云南省,珠江流域,禄丰村,2026-09-16 00:00,3,23.47,8.12,7.24,491.1372,40.6648,1.96,0.014,0.15,4.999,,,2026-09-16 01:09:32
云南省,滇池流域,回龙村,2026-09-16 00:00,3,21.1,7.89,5.01,683.6206,14.5697,3.32,0.058,0.033,2.8637,,,2026-09-16 01:09:32
云南省,滇池流域,船房五社桥头,2026-09-16 00:00,4,21.04,7.48,3.78,562.2394,5.4691,4.62,0.21,0.065,5.3842,,,2026-09-16 01:09:32
云南省,滇池流域,王大桥,2026-09-16 00:00,4,20.72,7.08,4.96,608.9056,8.6409,3.05,0.058,0.174,8.2919,,,2026-09-16 01:09:32
云南省,滇池流域,大观河入湖口,2026-09-16 00:00,3,21.11,8.04,6.09,464.3584,26.7657,2.5,0.134,0.104,4.9589,,,2026-09-16 01:09:32
云南省,滇池流域,大渔乡土罗村入湖口,2026-09-16 00:00,4,19.41,7.7,3.23,538.179,19.5358,3.02,0.04,0.074,7.508,,,2026-09-16 01:09:32
云南省,滇池流域,新河村入湖口,2026-09-16 00:00,3,21.07,8.02,6.08,426.97,25.676,2.06,0.011,0.107,4.1227,,,2026-09-16 01:09:32
云南省,珠江流域,阳宗海中,2026-09-16 00:00,2,23.27,8.97,6.41,410.827,3.247,3.9,0.066,0.015,0.43,0.01302,1.380897,2026-09-16 01:09:32
云南省,长江流域,富民大桥,2026-09-16 00:00,4,21.82,8.24,4.6,546.4029,33.4592,6.84,0.055,0.181,3.1521,,,2026-09-16 01:09:32
云南省,滇池流域,严家村桥,2026-09-16 00:00,2,21.10206,8.02,6.6,457.5258,15.03072,1.55,0.026,0.082,4.875612,,,2026-09-16 01:09:32
云南省,滇池流域,宝丰村入湖口,2026-09-16 00:00,3,19.69,8.09,5.77,628.19,13.44,1.96,0.032,0.067,4.061,,,2026-09-16 01:09:32
云南省,滇池流域,江尾下闸,2026-09-16 00:00,4,20.99,7.81,4.86,342.225,14.4721,1.84,0.051,0.042,2.378,,,2026-09-16 01:09:32
云南省,滇池流域,茨巷河入湖口,2026-09-16 00:00,2,20.62,7.88,6.05,333.7938,4.328,2.57,,0.02,2.535,,,2026-09-16 01:09:32
云南省,滇池流域,东大河滇池入湖口,2026-09-16 00:00,6,20.69,9.53,5.74,282.9669,13.2106,2.84,0.002,0.082,1.838,,,2026-09-16 01:09:32
云南省,滇池流域,草海中心,2026-09-16 00:00,4,21.09,8.62,11.86,380.52,49.28,4.17,,0.055,3.201,0.01743,6.43448,2026-09-16 01:09:32
云南省,滇池流域,灰湾中,2026-09-16 00:00,4,21.41,8.87,8.69,391.948,47.099,9.68,0.033,0.059,1.615,0.0152,4.595778,2026-09-16 01:09:32
云南省,滇池流域,观音山中,2026-09-16 00:00,4,21.23,,7.35,357.517,13.062,6.48,,0.051,1.099,0.00728,1.36187,2026-09-16 01:09:32
云南省,滇池流域,观音山西,2026-09-16 00:00,5,21.91,8.94,7.91,370.16,49.51,12.13,0.026,0.063,1.418,0.00774,9.432147,2026-09-16 01:09:32
云南省,滇池流域,海口西,2026-09-16 00:00,4,21.75,,8.31,360.07,25.25,6.02,,0.053,0.734,0.00703,1.52571,2026-09-16 01:09:32
云南省,滇池流域,滇池南,2026-09-16 00:00,4,20.77,,7.68,384.63,40.68,8.14,,0.06,0.843,0.04343,1.622047,2026-09-16 01:09:32
云南省,滇池流域,晋城小寨,2026-09-16 00:00,2,18.36,8.04,6.36,556.4215,16.3224,2.81,0.06,0.076,8.034,,,2026-09-16 01:09:32
云南省,长江流域,牛栏江河口,2026-09-16 00:00,3,20.11,8.17,5.94,495.119,13.755,1.98,0.044,0.062,5.084,,,2026-09-16 01:09:32
云南省,珠江流域,狗街,2026-09-16 00:00,3,21.93,7.74,5.99,570.7259,15.17776,2.7,0.084,0.172,5.829762,,,2026-09-16 01:09:32
云南省,珠江流域,花山水库出水口,2026-09-16 00:00,2,21.7,8.38,7.01,320.1458,2.0886,0.98,0.006,0.002,2.8857,,,2026-09-16 01:09:32
云南省,长江流域,以礼河水文站,2026-09-16 00:00,2,17.73,7.79,6.45,266.3535,20.0772,1.33,0.021,0.047,1.9762,,,2026-09-16 01:09:32
云南省,珠江流域,厂房大桥,2026-09-16 00:00,3,22.26,8.33,10.41,304.6967,13.5989,4.5,0.039,0.106,3.6471,,,2026-09-16 01:09:32
云南省,珠江流域,天生桥,2026-09-16 00:00,4,20.733,8.02,7.04,584.47,13.929,2.64,0.063,0.299,,,,2026-09-16 01:09:32
云南省,长江流域,牛栏江大桥,2026-09-16 00:00,2,19.9,8.07,7.22,390.546,36.812,1.26,0.005,0.05,2.581,,,2026-09-16 01:09:32
云南省,珠江流域,抚仙湖心,2026-09-16 00:00,2,23.05,8.83,7.3,281.8,1.923,1.46,,0.01,0.107,0.00255,4699015,2026-09-16 01:09:32
云南省,珠江流域,杞麓湖心,2026-09-16 00:00,3,22,8.67,6.37,755.78,5.68,5.86,0.211,0.018,1.639,0.02636,8519997,2026-09-16 01:09:32
云南省,珠江流域,星云湖心,2026-09-16 00:00,3,22.49,,5.32,520.578,17.11,5.34,0.009,0.015,0.626,0.00723,4.025684,2026-09-16 01:09:32
云南省,西南诸河,红旗桥,2026-09-16 00:00,1,20.95714,8.02,8.39,363.8038,241.3058,1.05,,0.006,0.3945002,,,2026-09-16 01:09:32
云南省,长江流域,云贵桥,2026-09-16 00:00,1,17.83,8.23,8.44,385.426,9.196,1.78,0.012,0.014,3.127,,,2026-09-16 01:09:32
云南省,长江流域,头屯河,2026-09-16 00:00,2,17.77,8.06,7.52,432.779,4.76,0.5,,0.024,5.311,,,2026-09-16 01:09:32
云南省,长江流域,横江桥,2026-09-16 00:00,2,20.64,8.09,8.44,253.34,58.5,1.44,,0.044,2.771,,,2026-09-16 01:09:32
云南省,西南诸河,土卡河水文站,2026-09-16 00:00,2,26.54375,7.93,6.76,205.1203,37.26706,1.11,,0.018,0.9872552,,,2026-09-16 01:09:32
云南省,西南诸河,那发出境,2026-09-16 00:00,2,25.88,7.73,7.42,145.6606,81.93,0.97,,0.049,0.7564,,,2026-09-16 01:09:32
云南省,西南诸河,中越桥,2026-09-16 00:00,2,24.34,8.11,9.67,280.7465,19.27,0.75,0.064,0.059,3.0513,,,2026-09-16 01:09:32
云南省,西南诸河,龙脖渡口,2026-09-16 00:00,2,26.13,7.97,7.79,278.3725,43.7986,0.8,,0.058,1.717,,,2026-09-16 01:09:32
云南省,西南诸河,小河底河,2026-09-16 00:00,2,23.93,8.29,8.9,471.6154,66.1345,0.94,,0.046,1.589,,,2026-09-16 01:09:32
云南省,珠江流域,异龙湖中,2026-09-16 00:00,4,23.13,8.56,7.67,423.93,4.841,9.44,0.037,0.018,0.706,0.02485,151083.5,2026-09-16 01:09:32
云南省,珠江流域,长虹桥,2026-09-16 00:00,3,22.89,8.27,7.26,531.6112,91.4631,3.72,,0.107,4.0841,,,2026-09-16 01:09:32
云南省,珠江流域,江边桥,2026-09-16 00:00,3,23.91,7.85,7.3,499.1,88.36,1.46,,0.114,3.7267,,,2026-09-16 01:09:32
云南省,西南诸河,天保农场,2026-09-16 00:00,2,23.46,8.08,9.55,377.5,5.07,0.45,0.003,0.025,3.0657,,,2026-09-16 01:09:32
云南省,西南诸河,南利大桥,2026-09-16 00:00,2,23.06,8.2,6.15,301.29,15.83,0.67,0.074,0.021,1.418,,,2026-09-16 01:09:32
云南省,珠江流域,谷拉河大桥,2026-09-16 00:00,1,28.54,8.42,8.85,203.02,1.2,1.45,0.011,0.007,0.649,,,2026-09-16 01:09:32
云南省,西南诸河,洱海湖心,2026-09-16 00:00,3,23.82,8.69,6.42,283.99,11.99,4.06,0.019,0.028,0.558,0.01781,19700,2026-09-16 01:09:32
陕西省,黄河流域,灞河口,2026-09-16 00:00,2,23.95,8.54,8.34,376.0723,23.3404,2.7,0.005,0.036,4.1996,,,2026-09-16 01:09:32
陕西省,黄河流域,三郎村,2026-09-16 00:00,2,23.91,7.82,9.62,458.958,27.131,3.42,0.118,0.056,4.7107,,,2026-09-16 01:09:32
陕西省,黄河流域,岔口,2026-09-16 00:00,2,21.96,7.76,8.07,841.295,16.871,3.06,0.101,0.082,7.6044,,,2026-09-16 01:09:32
陕西省,长江流域,黄牛铺,2026-09-16 00:00,2,18.15,7.86,7.54,161.6378,1.8062,2.6,,0.015,1.068,,,2026-09-16 01:09:32
陕西省,黄河流域,魏家堡,2026-09-16 00:00,2,22.9,8.02,7.52,577.0791,120.9095,2.8,0.044,0.077,5.358,,,2026-09-16 01:09:32
陕西省,黄河流域,卧龙寺桥,2026-09-16 00:00,2,22.54,8.26,7.66,556.3159,72.7057,2.76,0.013,0.038,3.191,,,2026-09-16 01:09:32
陕西省,长江流域,灶火庵,2026-09-16 00:00,2,19.68,8.05,7.65,317.2767,72.4208,1.79,0.018,0.032,1.8761,,,2026-09-16 01:09:32
陕西省,黄河流域,咸阳铁桥,2026-09-16 00:00,2,23.87,7.98,7.44,595.8569,116.0469,2.82,0.011,0.078,5.6495,,,2026-09-16 01:09:32
陕西省,黄河流域,兴平,2026-09-16 00:00,2,24.04,7.99,6.79,618.0705,350.9127,3.04,,0.099,5.9872,,,2026-09-16 01:09:32
陕西省,黄河流域,泾河桥,2026-09-16 00:00,3,23.8,8.3,7.56,1532.32,481.8156,3.92,,0.128,3.1952,,,2026-09-16 01:09:32
陕西省,黄河流域,黑河张家桥,2026-09-16 00:00,2,19.64,8.17,7.5,580.9418,73.3389,2.18,0.146,0.036,2.0031,,,2026-09-16 01:09:32
陕西省,黄河流域,杨家畔村,2026-09-16 00:00,2,21.4,8.69,7.68,1192.557,59.01735,3.14,,0.046,5.1291,,,2026-09-16 01:09:32
陕西省,黄河流域,昝家山,2026-09-16 00:00,2,19.88,8.38,8.76,577.637,55.29577,2.06,0.025,0.035,3.7091,,,2026-09-16 01:09:32
陕西省,黄河流域,寺滩,2026-09-16 00:00,5,21.83,8.76,7.8,1025.178,1163.08,3.38,,0.396,6.3511,,,2026-09-16 01:09:32
陕西省,黄河流域,朱家沟,2026-09-16 00:00,5,21.22,8.4,7.1,1111.337,26.21541,2.65,0.073,0.343,7.0321,,,2026-09-16 01:09:32
陕西省,长江流域,烈金坝,2026-09-16 00:00,2,19.25,8.25,7.96,337.63,3.881,0.28,0.004,0.021,1.0649,,,2026-09-16 01:09:32
陕西省,长江流域,南柳渡,2026-09-16 00:00,2,22.21,7.78,7.99,277.9055,14.7147,1.94,0.011,0.048,1.614,,,2026-09-16 01:09:32
陕西省,长江流域,白水江,2026-09-16 00:00,2,21.15,8.14,7.58,307.5538,20.299,1.53,0.02,0.021,1.1942,,,2026-09-16 01:09:32
陕西省,黄河流域,柏树坪,2026-09-16 00:00,2,21.77,8.46,8.86,1048.115,251.7184,2.34,,0.071,4.2571,,,2026-09-16 01:09:32
陕西省,黄河流域,温家川,2026-09-16 00:00,2,21.84,8.4,7.59,1385.119,34.82383,1.95,0.007,0.027,3.6881,,,2026-09-16 01:09:32
陕西省,黄河流域,碛塄,2026-09-16 00:00,2,19.62,8.3,8.52,993.612,57.3617,2.01,,0.033,3.3401,,,2026-09-16 01:09:32
陕西省,黄河流域,高家川,2026-09-16 00:00,5,22.02,8.71,7.92,,,14.68,,0.063,3.6011,,,2026-09-16 01:09:32
陕西省,黄河流域,鱼河,2026-09-16 00:00,3,20.16,8.4,7.13,701.046,35.21824,3.53,0.02,0.131,3.3571,,,2026-09-16 01:09:32
陕西省,长江流域,白河城关,2026-09-16 00:00,2,24.98,7.73,7.98,246.0325,5.3,2.33,0.033,0.023,1.391,0.021345,,2026-09-16 01:09:32
陕西省,长江流域,南江河出陕界,2026-09-16 00:00,1,21.99,7.98,8.55,220.0838,16.9408,0.62,,0.01,0.4792,,,2026-09-16 01:09:32
陕西省,长江流域,小钢桥,2026-09-16 00:00,3,25.44,7.61,5.54,313.76,7.59,2.18,,0.028,1.37,,,2026-09-16 01:09:32
陕西省,长江流域,老君关,2026-09-16 00:00,3,25.1,7.58,5.77,251.8512,11.303,2.54,,0.002,1.476,,,2026-09-16 01:09:32
陕西省,长江流域,瀛湖坝前,2026-09-16 00:00,2,25.61,8.05,7.2,211.3416,9.2993,2.13,,0.016,0.874,0.04573,1408327,2026-09-16 01:09:32
陕西省,长江流域,构峪口,2026-09-16 00:00,-1,,,,,,,,,,,,2026-09-16 01:09:32
陕西省,长江流域,丹凤下,2026-09-16 00:00,2,20.74,8.31,8.01,433.3137,11.1495,2.21,,0.023,2.4969,,,2026-09-16 01:09:32
陕西省,黄河流域,灵口,2026-09-16 00:00,2,21.24,8.29,7.43,558.0062,5.1073,1.01,0.012,0.009,1.2986,,,2026-09-16 01:09:32
甘肃省,黄河流域,新城桥,2026-09-16 00:00,2,16.61,8.23,7.14,533.042,156.524,1.77,0.02,0.064,1.4713,,,2026-09-16 01:09:32
甘肃省,黄河流域,湟水桥,2026-09-16 00:00,3,17.51,8.43,7.11,653.188,164.624,2.96,0.071,0.102,3.59,,,2026-09-16 01:09:32
甘肃省,黄河流域,五佛寺,2026-09-16 00:00,2,17.80248,8.24,7.02,634.7862,401.1104,1.74,0.154,0.006,2.31,,,2026-09-16 01:09:32
甘肃省,黄河流域,桦林,2026-09-16 00:00,2,17.7,8.44,8.69,696.3,1033.3,3.32,0.006,0.058,4.256,,,2026-09-16 01:09:32
甘肃省,黄河流域,葡萄园,2026-09-16 00:00,2,20.3,8.38,7.95,819.163,1432.608,3.7,,0.089,6.422,,,2026-09-16 01:09:32
甘肃省,黄河流域,长庆桥,2026-09-16 00:00,2,21.23,8.41,7.31,793.008,211.3839,1.25,0.012,0.09,,,,2026-09-16 01:09:32
甘肃省,长江流域,固水子村,2026-09-16 00:00,2,16.33,8.31,8.61,352.5,226.8,1.95,,0.084,0.985,,,2026-09-16 01:09:32
甘肃省,长江流域,两水桥,2026-09-16 00:00,2,,8.41,,356.513,220.725,2.68,0.01,,1.3341,,,2026-09-16 01:09:32
宁夏回族自治区,黄河流域,平罗黄河大桥,2026-09-16 00:00,5,19.75,7.66,2.01,898.64,1961.19,2.48,0.146,0.055,3.941,,,2026-09-16 01:09:32
宁夏回族自治区,黄河流域,麻黄沟,2026-09-16 00:00,3,21.04,7.97,5.5,947.272,,2.13,,0.042,3.677,,,2026-09-16 01:09:32
宁夏回族自治区,黄河流域,沟圈,2026-09-16 00:00,2,19.9,8.62,7.28,1328.316,81.04317,2.87,0.03,0.031,1.9431,,,2026-09-16 01:09:32
宁夏回族自治区,黄河流域,中卫下河沿,2026-09-16 00:00,2,18.8,8.38,7.96,621.3,1014.5,3.6,,0.086,2.399,,,2026-09-16 01:09:32
宁夏回族自治区,黄河流域,泉眼山,2026-09-16 00:00,2,20.48,8.06,7.7,7861.27,1618.482,3.41,0.298,0.091,25.4751,,,2026-09-16 01:09:32
北京市,海河流域,鼓楼外大街,2026-09-16 01:00,2,24.25,7.64,6.59,410.88,16.39,1.61,0.047,0.024,2.079,,,2026-09-16 02:25:59
北京市,海河流域,广北滨河路,2026-09-16 01:00,2,23.88,7.8,6.88,398.22,7.95,1.58,0.049,0.025,1.669,,,2026-09-16 02:25:59
北京市,海河流域,沙窝,2026-09-16 01:00,2,24.67,7.36,7.14,784.07,12.577,3.71,0.074,0.064,5.008,,,2026-09-16 02:25:59
北京市,海河流域,新八里桥,2026-09-16 01:00,4,25.18,7.39,3.02,791.179,6.194,3.58,0.7,0.147,8.064,,,2026-09-16 02:25:59
北京市,海河流域,大红门闸上,2026-09-16 01:00,2,22.7,7.76,7.13,988.5,10.564,2.61,,0.063,9.056,,,2026-09-16 02:25:59
北京市,海河流域,南大荒桥,2026-09-16 01:00,2,22.77,8.52,9.52,928.1,20.27,2.85,0.006,0.025,1.989,,,2026-09-16 02:25:59
北京市,海河流域,清河闸,2026-09-16 01:00,3,22.32,7.74,5.6,795.73,4.956,2.09,,0.058,5.657,,,2026-09-16 02:25:59
北京市,海河流域,花园路,2026-09-16 01:00,2,21.67,7.59,6.04,696.431,2.454,1.24,0.14,0.038,7.09,,,2026-09-16 02:25:59
北京市,海河流域,白石桥,2026-09-16 01:00,1,24.98,7.81,7.61,334.01,4.32,1.9,0.02,0.012,1.997,,,2026-09-16 02:25:59
北京市,海河流域,八间房漫水桥,2026-09-16 01:00,2,22.7,7.89,7.02,879.37,7.82,3.02,0.015,0.04,4.0627,,,2026-09-16 02:25:59
北京市,海河流域,码头,2026-09-16 01:00,2,23.57,7.48,9.59,1047.75,19.564,2.6,0.046,0.062,8.613,,,2026-09-16 02:25:59
北京市,海河流域,罗庄,2026-09-16 01:00,2,24.42,8.1,8.5,1186.951,6.50896,3.27,0.01,0.06,6.9461,,,2026-09-16 02:25:59
北京市,海河流域,小屯桥,2026-09-16 01:00,3,24.52,8.46,10.51,1294.146,7.851275,4.02,,0.065,6.3391,,,2026-09-16 02:25:59
北京市,海河流域,东店,2026-09-16 01:00,2,20.67435,7.99,9.6,739.9493,55.47472,1.79,0.036,0.067,13.09956,,,2026-09-16 02:25:59
北京市,海河流域,密云水库,2026-09-16 01:00,1,24.15952,8.27,8.45,418.6524,3.230212,1.46,0.009,0.007,3.208432,,,2026-09-16 02:25:59
北京市,海河流域,大关桥,2026-09-16 01:00,2,23.65,8.14,8.16,432.35,12.18,2.49,0.112,0.023,3.7961,,,2026-09-16 02:25:59
北京市,海河流域,辛庄桥,2026-09-16 01:00,2,20.38,8.01,8.42,596.441,52.29815,1.29,,0.024,8.1661,,,2026-09-16 02:25:59
北京市,海河流域,谷家营,2026-09-16 01:00,2,22.7,8.92,15.81,529.907,3.348,3.5,0.05,0.061,2.47,,,2026-09-16 02:25:59
北京市,海河流域,后城,2026-09-16 01:00,1,14.73,8.18,8.37,586.513,23.35941,1.42,0.032,0.016,10.3201,,,2026-09-16 02:25:59
天津市,海河流域,三岔口,2026-09-16 01:00,5,25.14,7.75,2.45,933.4222,26.22864,3.65,0.133,0.059,0.6891,,,2026-09-16 02:25:59
天津市,海河流域,北洋桥,2026-09-16 01:00,4,24.61969,7.28,4.35,1047.184,21.21233,3.69,0.908,0.106,2.120127,,,2026-09-16 02:25:59
天津市,海河流域,井冈山桥,2026-09-16 01:00,4,24.85,7.79,4.2,1050.943,15.60452,3.74,0.689,0.123,1.4871,,,2026-09-16 02:25:59
天津市,海河流域,大红桥,2026-09-16 01:00,5,24.56,7.72,2.98,928.295,43.56995,3.51,0.114,0.069,1.7311,,,2026-09-16 02:25:59
天津市,海河流域,曹庄子泵站,2026-09-16 01:00,2,25.89,7.82,6.57,251.15,1.81,1.44,0.045,0.007,0.773,,,2026-09-16 02:25:59
天津市,海河流域,生产圈闸,2026-09-16 01:00,6,23.70849,7.44,1.88,1204.234,12.92423,4.42,0.419,0.102,2.028967,,,2026-09-16 02:25:59
天津市,海河流域,尔王庄泵站,2026-09-16 01:00,3,26.19,7.55,5.44,285.719,19.62057,1.75,,,0.6771,,,2026-09-16 02:25:59
天津市,海河流域,塘汉公路桥,2026-09-16 01:00,5,22.93,7.48,2.39,1182.999,97.1462,4.97,0.269,0.15,3.8531,,,2026-09-16 02:25:59
天津市,海河流域,海河大闸,2026-09-16 01:00,3,25.4,8.5,10.72,3422.66,29.3554,4.94,0.167,0.113,1.7552,,,2026-09-16 02:25:59
天津市,海河流域,北排水河防潮闸,2026-09-16 01:00,5,19.57,7.71,2.7,1721.7,29.5208,3.95,,0.081,1.4404,,,2026-09-16 02:25:59
天津市,海河流域,沧浪渠出境,2026-09-16 01:00,5,24.9,7.8,2.88,6778.6,1498.284,7.86,,0.229,1.5977,,,2026-09-16 02:25:59
天津市,海河流域,万家码头,2026-09-16 01:00,4,24.7,8.39,7.99,2413.88,34.09,6.25,0.018,0.083,0.94,,,2026-09-16 02:25:59
天津市,海河流域,蓟运河防潮闸,2026-09-16 01:00,3,21.79251,7.71,6.65,981.9369,20.75167,6,0.22,0.19,1.77931,,,2026-09-16 02:25:59
天津市,海河流域,青静黄防潮闸,2026-09-16 01:00,5,26.45854,8.97,13.26,5062.116,55.79205,11.34,0.084,0.157,0.758638,,,2026-09-16 02:25:59
天津市,海河流域,马棚口防潮闸,2026-09-16 01:00,4,24.61,7.79,6.63,2869.3,42.2864,7.05,0.441,0.092,3.165,,,2026-09-16 02:25:59
天津市,海河流域,阎辛庄,2026-09-16 01:00,6,18.93496,7.26,1.3,2215.863,40.70535,5.04,0.632,0.146,3.657467,,,2026-09-16 02:25:59
天津市,海河流域,于桥水库出口,2026-09-16 01:00,3,24.78,8.38,7.88,387.581,16.40836,5,0.122,0.045,2.3531,,,2026-09-16 02:25:59
天津市,海河流域,黎河桥,2026-09-16 01:00,2,21.817,7.58,10.28,732.6,10.67,1.43,,0.087,11.478,,,2026-09-16 02:25:59
天津市,海河流域,沙河桥,2026-09-16 01:00,2,22.46,7.61,7.47,649.66,10.8,1.3,0.229,0.088,10.058,,,2026-09-16 02:25:59
天津市,海河流域,果河桥,2026-09-16 01:00,2,25.35,8.75,7.14,607.1273,4.9959,1.99,0.015,0.066,11.2227,,,2026-09-16 02:25:59
天津市,海河流域,西屯桥,2026-09-16 01:00,4,24.52,7.42,4.53,472.59,39.4652,4.2,0.263,0.064,2.672,,,2026-09-16 02:25:59
河北省,海河流域,下槐镇,2026-09-16 01:00,-1,,,,,,,,,,,,2026-09-16 02:25:59
河北省,海河流域,地都,2026-09-16 01:00,2,20.35,8.28,6.76,1228.289,27.374,1.47,0.395,0.068,6.509,,,2026-09-16 02:25:59
河北省,海河流域,平山桥,2026-09-16 01:00,1,22.4,8.15,8.37,1011.08,26.053,1.14,0.006,0.005,4.916,,,2026-09-16 02:25:59
河北省,海河流域,兆通,2026-09-16 01:00,1,25.31,8.57,8.9,285.16,2.28,1.47,,0.006,0.7107,,,2026-09-16 02:25:59
河北省,海河流域,大石桥,2026-09-16 01:00,3,24.78239,7.95,7.19,1420.613,23.92711,5.39,0.248,0.159,11.40733,,,2026-09-16 02:25:59
河北省,海河流域,涧河口,2026-09-16 01:00,4,24.47916,8.02,5,1380.286,23.6684,7.03,0.055,0.128,1.01119,,,2026-09-16 02:25:59
河北省,海河流域,丰北闸,2026-09-16 01:00,3,26.5491,7.74,7.33,975.0883,38.87904,5.66,,0.16,0.499048,,,2026-09-16 02:25:59
河北省,海河流域,滦县大桥,2026-09-16 01:00,2,23.06,8.06,8.77,598.63,8.478939,2.37,,0.033,4.5911,,,2026-09-16 02:25:59
河北省,海河流域,刘家庄,2026-09-16 01:00,1,18.61,8.11,7.56,573.5505,13.37,1.13,0.015,0.013,4.233,,,2026-09-16 02:25:59
河北省,海河流域,岳城水库出口,2026-09-16 01:00,1,24.59,8.49,10.73,563.799,7.016406,1.89,0.016,0.002,2.5431,,,2026-09-16 02:25:59
河北省,海河流域,曲周,2026-09-16 01:00,2,24.12,8.17,9.98,1016.529,19.183,3.84,,0.047,4.037,,,2026-09-16 02:25:59
河北省,海河流域,沙阳,2026-09-16 01:00,2,25.18,7.92,9.37,1589.09,64.92,3.11,0.054,0.064,3.2686,,,2026-09-16 02:25:59
河北省,海河流域,艾辛庄,2026-09-16 01:00,4,,,,,,4.93,1.478,0.102,10.23715,,,2026-09-16 02:25:59
河北省,海河流域,后西吴桥,2026-09-16 01:00,3,26.3,8.32,6.1,971.14,70.38,3.49,0.101,0.157,10.9647,,,2026-09-16 02:25:59
河北省,海河流域,北河店,2026-09-16 01:00,2,23.45,7.91,6.86,609.6738,3.0498,1.23,,0.019,6.46,,,2026-09-16 02:25:59
河北省,海河流域,白合,2026-09-16 01:00,2,20.74,8.24,8.55,532.26,40.99,1.13,,0.042,4.787,,,2026-09-16 02:25:59
河北省,海河流域,杜里村,2026-09-16 01:00,2,17.49,8.44,9.63,424.7,53.1,0.82,,0.058,3.452,,,2026-09-16 02:25:59
河北省,海河流域,温泉屯,2026-09-16 01:00,3,18.95,8.35,7.63,1111.33,180.3054,4.66,0.004,0.139,8.1391,,,2026-09-16 02:25:59
河北省,海河流域,八号桥,2026-09-16 01:00,3,20.4,8.42,7.58,1080.997,165.8125,4.29,0.26,0.115,2.15248,,,2026-09-16 02:25:59
河北省,海河流域,左卫桥,2026-09-16 01:00,4,16.95,8.5,8.62,868.045,507.246,5.26,0.011,0.224,12.3431,,,2026-09-16 02:25:59
河北省,海河流域,四道甸,2026-09-16 01:00,5,18.21,8.24,8.23,458.665,762.9701,4.12,0.163,0.391,11.8041,,,2026-09-16 02:25:59
河北省,海河流域,上二道河子,2026-09-16 01:00,2,21.02,7.9,7.18,499.551,3.815838,2.6,0.014,,7.3671,,,2026-09-16 02:25:59
河北省,辽河流域,甸子,2026-09-16 01:00,2,15.89,7.77,6.65,460.6,18.27,2.21,0.023,0.025,7.916,,,2026-09-16 02:25:59
河北省,海河流域,何老营,2026-09-16 01:00,3,22.57498,8.43,8.58,3639.702,7.826024,5.62,0.005,0.094,0.845394,,,2026-09-16 02:25:59
河北省,海河流域,大口河口,2026-09-16 01:00,4,23.15,7.69,4.89,18128.55,266.53,3.02,0.08,0.135,3.839,,,2026-09-16 02:25:59
河北省,海河流域,四埝村桥,2026-09-16 01:00,4,24.54,8.64,14.1,4039.143,15.156,6.26,0.034,0.095,0.793,,,2026-09-16 02:25:59
河北省,海河流域,大王务,2026-09-16 01:00,3,23.66,8.16,10.73,837.71,20.37018,5.55,,0.068,0.8521,,,2026-09-16 02:25:59
河北省,海河流域,杨洼闸,2026-09-16 01:00,6,24.55,7.56,1.49,914.09,18.89,4.21,,0.077,5.457,,,2026-09-16 02:25:59
河北省,海河流域,吴村,2026-09-16 01:00,3,25.21,8.36,,706.73,8.9,5.17,0.039,0.086,4.384,,,2026-09-16 02:25:59
河北省,海河流域,台头,2026-09-16 02:00,2,24.37468,8.04,7.65,922.0121,18.66482,3.63,,0.043,0.9171,,,2026-09-16 02:25:59
河北省,海河流域,桑梓红旗闸,2026-09-16 01:00,2,22.77178,8.03,7.92,726.934,32.05056,2.37,0.034,0.078,11.7761,,,2026-09-16 02:25:59
河北省,海河流域,三小营,2026-09-16 01:00,2,22.25481,7.66,6.61,1004.01,13.81696,3.82,0.051,0.091,2.33502,,,2026-09-16 02:25:59
河北省,海河流域,小范桥,2026-09-16 01:00,3,25.12,8.36,8.75,919.845,3.206,4.92,0.01,0.037,0.5448,,,2026-09-16 02:25:59
河北省,海河流域,衡水湖大湖心,2026-09-16 01:00,3,24.99,8.74,9.55,1307.274,21.215,5.74,0.009,0.028,0.736,0.028896,7869631,2026-09-16 02:25:59
河北省,海河流域,南张村,2026-09-16 01:00,1,26.78,8.45,8.23,237.11,2.76,1.6,0.048,0.007,0.6393,,,2026-09-16 02:25:59
河北省,海河流域,安州,2026-09-16 01:00,6,24.93,7.2,0.66,1131.335,8.8086,,0.186,0.106,4.995,,,2026-09-16 02:25:59
河北省,海河流域,膳马庙村北,2026-09-16 01:00,3,24.87,7.91,10.14,1001.811,49.6155,5.06,0.145,0.087,6.1313,,,2026-09-16 02:25:59
河北省,海河流域,南刘庄,2026-09-16 02:00,2,24.58,7.67,6.74,712.09,5.68,,0.04,0.024,0.676,0.00515,753131.3,2026-09-16 02:25:59
河北省,海河流域,烧车淀,2026-09-16 02:00,2,24.28,8,14.63,518.71,0.33,1.66,0.01,0.015,2.906,0.0041,2919414,2026-09-16 02:25:59
河北省,海河流域,圈头,2026-09-16 02:00,3,24.68,8.46,9.14,795.28,1.3383,4.6,0.029,0.021,0.538,0.00284,682810.5,2026-09-16 02:25:59
河北省,海河流域,采蒲台,2026-09-16 01:00,2,24.67525,8.08,9.82,675.9688,0.340391,3.87,0.017,0.018,0.329439,0.002094,430374.9,2026-09-16 02:25:59
河北省,海河流域,光淀张庄,2026-09-16 02:00,4,24.72,7.55,4.86,756.78,5.47,2.4,0.036,0.018,1.804,0.00092,430010.9,2026-09-16 02:25:59
山西省,黄河流域,韩武村,2026-09-16 01:00,4,23.18,8.04,5.83,1250.49,19.6,7.03,0.428,0.193,8.467,,,2026-09-16 02:25:59
山西省,黄河流域,上兰,2026-09-16 01:00,2,20.5,8.19,6.93,655.884,9.72411,1.53,0.017,0.002,1.7701,,,2026-09-16 02:25:59
山西省,黄河流域,汾河水库出口,2026-09-16 01:00,1,22.14,8.5,7.9,616.424,2.228532,0.96,0.008,0.002,1.4031,0.0104539,290476,2026-09-16 02:25:59
山西省,海河流域,堡子湾,2026-09-16 01:00,2,14.8,8.12,7.69,829.145,3.966051,1.67,0.007,0.024,8.0531,,,2026-09-16 02:25:59
山西省,海河流域,册田水库出口,2026-09-16 01:00,3,20.85,8.67,6.84,1078.442,18.58534,4.66,0.002,0.077,0.9171,,,2026-09-16 02:25:59
山西省,海河流域,古家坡,2026-09-16 01:00,6,20.53,7.97,0.01,1459.086,51.74759,8.84,0.005,0.311,2.4331,,,2026-09-16 02:25:59
山西省,海河流域,利仁皂,2026-09-16 01:00,3,19.92,8.12,5.9,1589.858,19.40242,4.9,0.006,0.096,5.7581,,,2026-09-16 02:25:59
山西省,海河流域,白羊墅,2026-09-16 01:00,2,20.27,8.11,7.57,1309.57,67.744,2.05,0.233,0.088,7.2,,,2026-09-16 02:25:59
山西省,海河流域,王家庄,2026-09-16 01:00,2,20.95,8.23,8.39,596.16,25.26,2.14,0.008,0.028,2.935,,,2026-09-16 02:25:59
山西省,海河流域,司徒桥,2026-09-16 01:00,3,21.83,8.19,9.45,600.7978,21.9135,4.76,,0.054,1.199,,,2026-09-16 02:25:59
山西省,海河流域,关河水库出口,2026-09-16 01:00,3,20.58,7.87,5.33,528.17,8.761,3.94,0.009,0.026,1.6094,,,2026-09-16 02:25:59
山西省,海河流域,北寨,2026-09-16 01:00,3,20.76,7.92,7.64,895.34,33.11,4.8,0.011,0.086,6.6622,,,2026-09-16 02:25:59
山西省,海河流域,后湾水库出口,2026-09-16 01:00,3,21.6,7.8,5.5,481.56,4.948,2.77,0.058,0.017,0.677,,,2026-09-16 02:25:59
山西省,黄河流域,龙头,2026-09-16 01:00,2,19.3,8.22,6.96,594.32,44.65,1.98,,0.022,3.1653,,,2026-09-16 02:25:59
山西省,黄河流域,拴驴泉,2026-09-16 01:00,1,21.54,8.15,8.81,789.1405,13.5479,1.09,,0.013,4.0955,,,2026-09-16 02:25:59
山西省,黄河流域,张峰水库出口,2026-09-16 01:00,2,24.1766,7.78,6.17,525.9331,21.1209,1.24,0.008,0.004,2.943327,,,2026-09-16 02:25:59
山西省,海河流域,东榆林水库出口,2026-09-16 01:00,2,20.25,8.57,12.59,703.787,10.57743,3.23,0.209,0.068,2.7531,,,2026-09-16 02:25:59
山西省,黄河流域,杀虎口,2026-09-16 01:00,2,16.51,8.3,7.62,609.276,63.61056,3.54,0.012,0.062,2.0331,,,2026-09-16 02:25:59
山西省,海河流域,王寨村,2026-09-16 01:00,2,20.92,8.26,7.8,612.693,67.148,1.21,,0.034,3.516,,,2026-09-16 02:25:59
山西省,黄河流域,安固桥,2026-09-16 01:00,3,21.176,7.86,6.78,850.031,75.2925,2.55,0.059,0.108,7.4472,,,2026-09-16 02:25:59
山西省,黄河流域,王庄桥南,2026-09-16 01:00,4,21.73,8.34,7.57,1099.221,54.82,9.44,0.004,0.156,4.846,,,2026-09-16 02:25:59
山西省,黄河流域,郝村,2026-09-16 01:00,3,20.97,8.12,7.11,995.311,55.8301,4.99,0.003,0.097,2.2476,,,2026-09-16 02:25:59
山西省,黄河流域,龙门,2026-09-16 01:00,2,22.15,8.03,9.85,1113.109,260.2487,2.17,0.017,0.066,2.906,,,2026-09-16 02:25:59
山西省,黄河流域,张留庄,2026-09-16 01:00,4,24.68,8.74,8.34,8394.42,68.755,7.85,0.053,0.128,8.275,,,2026-09-16 02:25:59
山西省,黄河流域,上亳城,2026-09-16 01:00,2,21.59,8.02,7.53,929.206,25.972,1.9,0.044,0.043,5.9027,,,2026-09-16 02:25:59
山西省,黄河流域,小韩村,2026-09-16 01:00,4,22.8,7.48,4.45,1835.76,31.822,3.27,0.39,0.139,7.786,,,2026-09-16 02:25:59
山西省,海河流域,梵王寺,2026-09-16 01:00,2,14.12,8.17,9.23,1089.24,65.88795,1.82,0.185,0.043,5.6101,,,2026-09-16 02:25:59
山西省,海河流域,代县桥,2026-09-16 01:00,2,17.6,8.57,8.75,691.395,92.21278,1.3,0.001,0.043,5.4601,,,2026-09-16 02:25:59
山西省,海河流域,定襄桥,2026-09-16 01:00,4,19.82,7.96,4.92,647.45,714.5405,5.68,,0.162,5.2001,,,2026-09-16 02:25:59
山西省,海河流域,南庄,2026-09-16 01:00,3,19.96,8.31,8.08,541.319,114.9399,5.12,,0.174,8.9861,,,2026-09-16 02:25:59
山西省,海河流域,坪上桥,2026-09-16 01:00,1,16.45,8.54,8.83,436.152,17.47499,0.95,0.019,0.011,4.1361,,,2026-09-16 02:25:59
山西省,黄河流域,河西村,2026-09-16 01:00,2,17.46,8.25,7.63,564.1,38.78,0.76,0.014,0.029,3.17,,,2026-09-16 02:25:59
山西省,黄河流域,上平望,2026-09-16 01:00,6,23.45,7.81,5.87,1167.41,141.19,16.79,0.164,0.102,7.507,,,2026-09-16 02:25:59
山西省,黄河流域,黑城村,2026-09-16 01:00,2,21.31,8.25,7.57,820.1931,55.6273,1.75,0.03,0.041,3.902,,,2026-09-16 02:25:59
山西省,黄河流域,曲立,2026-09-16 01:00,2,15.92,8.02,7.77,621.913,68.14038,2.14,0.048,0.069,4.9601,,,2026-09-16 02:25:59
山西省,黄河流域,裴家川口,2026-09-16 01:00,1,18.38,8.12,8.18,480.29,43.79951,1.26,0.013,0.01,3.6341,,,2026-09-16 02:25:59
山西省,黄河流域,碛口,2026-09-16 01:00,4,21.73,8.44,7.12,1054.793,7.875618,7.65,0.069,0.038,8.0641,,,2026-09-16 02:25:59
山西省,黄河流域,裴沟,2026-09-16 02:00,2,20.39,8.77,6.68,863.755,13.92038,2.56,0.082,0.022,6.3061,,,2026-09-16 02:25:59
山西省,黄河流域,三川河两河口桥,2026-09-16 01:00,3,22.02,8.36,7.05,830.154,7.223017,3.13,0.049,0.157,6.5521,,,2026-09-16 02:25:59
山西省,黄河流域,碧村,2026-09-16 01:00,1,19.74,8.32,8.77,641.299,24.57716,1.73,0.026,0.02,4.8001,,,2026-09-16 02:25:59
山西省,黄河流域,北峪口,2026-09-16 01:00,2,20.72127,8.1,7.31,499.435,40.66282,1.85,0.04,0.026,2.3571,,,2026-09-16 02:25:59
山西省,黄河流域,南姚,2026-09-16 01:00,4,21.17,8.11,8.33,970.32,44.33,7.35,0.388,0.132,6.526,,,2026-09-16 02:25:59
内蒙古自治区,黄河流域,磴口,2026-09-16 01:00,2,19.58,8.3,7.75,939.247,203.9516,0.88,0.093,0.03,2.18617,,,2026-09-16 02:25:59
内蒙古自治区,松花江流域,根河口内,2026-09-16 01:00,4,17.95,6.54,7.83,86.58,13.89,6.04,,0.022,0.189,,,2026-09-16 02:25:59
内蒙古自治区,松花江流域,李屯,2026-09-16 01:00,3,13.73,7.32,9.29,97.823,25.705,5.5,,0.044,0.467,,,2026-09-16 02:25:59
内蒙古自治区,松花江流域,陶海,2026-09-16 01:00,3,13.7,7.56,9.54,149.3,20.1,5.17,,0.055,0.347,,,2026-09-16 02:25:59
内蒙古自治区,松花江流域,嵯岗,2026-09-16 02:00,4,15.1,7.96,9.01,207.982,55.271,9.37,,0.088,0.533,,,2026-09-16 02:25:59
内蒙古自治区,松花江流域,成吉思汗,2026-09-16 01:00,2,15.48,7.12,9.11,143.11,12.43,2.15,,0.021,1.179,,,2026-09-16 02:25:59
内蒙古自治区,松花江流域,讷尔克气,2026-09-16 01:00,3,12.11,7.18,10.06,73.683,6.922,4.94,0.001,0.018,0.334,,,2026-09-16 02:25:59
内蒙古自治区,黄河流域,总排干入黄口,2026-09-16 01:00,4,19.587,8.62,8.09,3645.559,86.394,9.93,1.011,0.172,2.7181,,,2026-09-16 02:25:59
内蒙古自治区,黄河流域,三盛公,2026-09-16 01:00,2,22.27608,8.12,7.15,1005.876,1401.756,2.7,0.051,0.034,3.00309,,,2026-09-16 02:25:59
内蒙古自治区,松花江流域,大山矿,2026-09-16 01:00,2,11.04,7.97,9.94,226.85,9.34,2.92,,0.023,0.231,,,2026-09-16 02:25:59
内蒙古自治区,松花江流域,斯力很,2026-09-16 00:00,2,17,8,8.71,272.6,36.6,2.38,,0.042,2.588,,,2026-09-16 02:25:59
内蒙古自治区,松花江流域,察尔森水库西入口,2026-09-16 01:00,3,18.22,7.61,7.29,163.83,52.82,3.54,,0.031,1.456,0.00715,4111600,2026-09-16 02:25:59
辽宁省,辽河流域,蒲河沿,2026-09-16 01:00,4,20.4,8.25,5.2,796,31,7.74,0.019,0.141,3.386,,,2026-09-16 02:25:59
辽宁省,辽河流域,于台,2026-09-16 01:00,3,20.2,7.04,5.27,869.438,6.398,3.78,0.975,0.091,7.707,,,2026-09-16 02:25:59
辽宁省,辽河流域,巨流河大桥,2026-09-16 01:00,4,20.75,8.38,11.53,552.1,66.3,8.16,,0.106,1.811,,,2026-09-16 02:25:59
辽宁省,辽河流域,城子坦,2026-09-16 01:00,6,22.67898,9.46,12.02,258.2955,7.79833,3.21,0.013,0.04,2.33727,,,2026-09-16 02:25:59
辽宁省,辽河流域,麦家,2026-09-16 01:00,3,22.16,7.99,7.21,483.8,18.97,4.47,0.058,0.076,1.967,,,2026-09-16 02:25:59
辽宁省,辽河流域,复州湾大桥,2026-09-16 01:00,2,20.5335,7.94,7.55,566.134,5.33786,3.64,0.039,0.044,3.789,,,2026-09-16 02:25:59
辽宁省,辽河流域,三台子,2026-09-16 01:00,3,22.86026,8.48,10.03,1146.547,14.23712,4.76,0.027,0.09,3.37957,,,2026-09-16 02:25:59
辽宁省,辽河流域,万泰,2026-09-16 01:00,2,23.78,8.66,10.15,141.233,7.53315,3.32,0.009,0.018,2.56606,,,2026-09-16 02:25:59
辽宁省,辽河流域,登化,2026-09-16 01:00,4,21.5992,8.72,14.2,651.037,18.5516,6.61,0.022,0.134,4.07,,,2026-09-16 02:25:59
辽宁省,辽河流域,小姐庙,2026-09-16 01:00,2,22.25,7.9,6.31,769.9,7.29,2.08,0.051,0.072,4.467,,,2026-09-16 02:25:59
辽宁省,辽河流域,口子街,2026-09-16 01:00,1,21.55,8.79,8.79,291.5,3.51295,1.81,0.036,0.013,3.215,,,2026-09-16 02:25:59
辽宁省,辽河流域,牛庄,2026-09-16 01:00,3,21.623,7.98,5.12,628.473,17.7293,4.3,0.11,0.079,2.868,,,2026-09-16 02:25:59
辽宁省,辽河流域,关门山大桥,2026-09-16 01:00,2,19.52,8.03,6.82,390.031,4.154,1.39,,0.008,4.723,,,2026-09-16 02:25:59
辽宁省,辽河流域,刘家台,2026-09-16 01:00,3,20.448,8.52,9.28,736.955,30.628,4.03,0.015,0.088,4.313,,,2026-09-16 02:25:59
辽宁省,辽河流域,大伙房水库,2026-09-16 01:00,2,21.44,6.8,7.92,219.27,16.31,3.23,0.049,0.041,4.207,0.04161,,2026-09-16 02:25:59
辽宁省,辽河流域,戈布桥,2026-09-16 01:00,2,18.7,7.42,7.1,689.47,28.76,2.49,0.062,0.056,3.925,,,2026-09-16 02:25:59
辽宁省,辽河流域,北杂木,2026-09-16 00:00,1,18.6493,7.31,9.56,352.0574,4.8582,1.78,,0.02,5.484,,,2026-09-16 02:25:59
辽宁省,辽河流域,台沟,2026-09-16 01:00,2,18.03,7.81,8.24,258.77,5.71,1.16,,0.027,3.664,,,2026-09-16 02:25:59
辽宁省,辽河流域,北太子河入观音阁水库口,2026-09-16 01:00,1,18.6813,7.62,7.84,261.0625,20.1838,1.43,0.007,0.016,4.69428,,,2026-09-16 02:25:59
辽宁省,辽河流域,老官砬子,2026-09-16 01:00,1,19.18,8.4,9.77,353.7,3.1,1.96,0.018,0.015,2.417,,,2026-09-16 02:25:59
辽宁省,辽河流域,兴安,2026-09-16 01:00,4,20.78,7.65,4.06,481,3.1,2.06,0.062,0.047,3.201,,,2026-09-16 02:25:59
辽宁省,辽河流域,凤鸣电站,2026-09-16 01:00,1,20.12,8.15,8.74,223.87,5.665,1.8,,0.02,3.157,,,2026-09-16 02:25:59
辽宁省,辽河流域,南太子河入库口,2026-09-16 01:00,1,18.89,7.63,8.04,187.9,2.02,0.32,0.009,0.006,4.762,,,2026-09-16 02:25:59
辽宁省,辽河流域,江桥,2026-09-16 01:00,3,22.15,7.21,5.71,155.2,11.71,1.46,,0.014,2.466,,,2026-09-16 02:25:59
辽宁省,辽河流域,爱河大桥,2026-09-16 01:00,2,21.5615,7.42,6.83,213.119,5.4247,1.31,0.037,0.028,3.678,,,2026-09-16 02:25:59
辽宁省,辽河流域,蒲石河大桥,2026-09-16 01:00,1,22.2,7.65,8.23,224.03,2.927,1.56,0.044,0.014,3.183,,,2026-09-16 02:25:59
辽宁省,辽河流域,王家沟,2026-09-16 01:00,2,21.89,8.16,7.99,664.38,8.98,2.21,0.006,0.024,5.068,,,2026-09-16 02:25:59
辽宁省,辽河流域,西八千,2026-09-16 01:00,2,20.77,8.46,8.34,683.08,5.17,3.15,0.027,0.035,4.289,,,2026-09-16 02:25:59
辽宁省,辽河流域,张家堡,2026-09-16 01:00,2,21.51,8.18,8.02,733.95,8.034,2.33,,0.038,5.15,,,2026-09-16 02:25:59
辽宁省,辽河流域,女儿河入河口,2026-09-16 01:00,2,22.3,8.07,12.37,944.3,14.16,1.55,,0.033,14.842,,,2026-09-16 02:25:59
辽宁省,辽河流域,何家信子,2026-09-16 01:00,2,21.56,8.15,6.42,467.6,3.24,3.23,0.005,0.022,1.145,,,2026-09-16 02:25:59
辽宁省,辽河流域,西树林,2026-09-16 01:00,3,21.63,8.05,7.15,893.6,27.6,4.34,0.126,0.14,5.369,,,2026-09-16 02:25:59
辽宁省,辽河流域,高台子,2026-09-16 01:00,6,19.64,7.54,1.64,1287.58,14.094,4.47,3.019,0.138,9.11,,,2026-09-16 02:25:59
辽宁省,辽河流域,茧场,2026-09-16 01:00,6,20.62,9.02,9.86,301.4222,11.14593,1.87,0.009,0.007,6.18196,,,2026-09-16 02:25:59
辽宁省,辽河流域,大清河口,2026-09-16 01:00,4,22.5,8.68,11.14,501.6,20.17,6.14,0.063,0.072,4.657,,,2026-09-16 02:25:59
辽宁省,辽河流域,东羊角,2026-09-16 01:00,3,20.01,7.68,7.39,756.3,17.3,3.02,0.289,0.151,7.071,,,2026-09-16 02:25:59
辽宁省,辽河流域,下口子,2026-09-16 01:00,2,21.59,8.1,9.04,630.8,27,2.76,0.009,0.047,4.117,,,2026-09-16 02:25:59
辽宁省,辽河流域,河洪桥,2026-09-16 01:00,3,19.8323,7.38,7.95,626.182,31.9357,3.42,0.15,0.117,7.879,,,2026-09-16 02:25:59
辽宁省,辽河流域,二道河水库口,2026-09-16 01:00,2,18.4683,7.89,6.79,409.887,1.99715,0.92,0.003,0.007,3.161,,,2026-09-16 02:25:59
辽宁省,辽河流域,下王家,2026-09-16 01:00,2,19.9113,7.42,6.38,605.75,2.14081,1.54,,0.021,4.853,,,2026-09-16 02:25:59
辽宁省,辽河流域,汤河桥,2026-09-16 01:00,2,20.58,7.86,8.82,522,3.56846,1.31,0.014,0.025,4.156,,,2026-09-16 02:25:59
辽宁省,辽河流域,下达河入汤河水库口,2026-09-16 01:00,2,16.7788,7.9,6.63,427.399,2.466,1.67,0.003,0.012,3.826,,,2026-09-16 02:25:59
辽宁省,辽河流域,丁家柳河桥,2026-09-16 01:00,4,22.17,8,6.49,695.092,49.05,7.5,0.068,0.149,1.232,,,2026-09-16 02:25:59
辽宁省,辽河流域,盘锦兴安,2026-09-16 02:00,4,20.81,7.72,3.4,537.14,40.25,6.59,0.03,0.087,1.164,,,2026-09-16 02:25:59
辽宁省,辽河流域,曙光大桥,2026-09-16 01:00,3,22.55,7.69,6.04,965.49,87.74,5,0.025,0.112,1.936,,,2026-09-16 02:25:59
辽宁省,辽河流域,胜利塘,2026-09-16 01:00,6,21.75,7.69,1.6,1443.91,38.79,6.22,0.052,0.102,1.224,,,2026-09-16 02:25:59
辽宁省,辽河流域,鲜峰桥,2026-09-16 01:00,5,21.88,8.31,8.71,894.594,76.945,10.03,,0.22,0.687,,,2026-09-16 02:25:59
辽宁省,辽河流域,清辽,2026-09-16 01:00,2,19.664,7.68,7.38,542,12.3,2.61,0.05,0.055,6.029,,,2026-09-16 02:25:59
辽宁省,辽河流域,通江口,2026-09-16 01:00,3,20.62,8.2,10.13,772.88,52.59,5.2,,0.102,3.951,,,2026-09-16 02:25:59
辽宁省,辽河流域,珠尔山,2026-09-16 02:00,4,20.09,8.42,11.42,557.56,27.6,7.17,0.007,0.091,1.977,,,2026-09-16 02:25:59
辽宁省,辽河流域,柴河水库入库口,2026-09-16 01:00,2,19.04,8.06,9.43,462.31,21.68,2.16,,0.041,6.589,,,2026-09-16 02:25:59
辽宁省,辽河流域,凡河一号桥,2026-09-16 02:00,2,22,9,10.16,335.9,20.2,2.58,,0.043,4.164,,,2026-09-16 02:25:59
辽宁省,辽河流域,亮子河入河口,2026-09-16 01:00,3,19.51,7.92,7.47,719.08,48.18,4.99,0.053,0.193,3.477,,,2026-09-16 02:25:59
辽宁省,辽河流域,清河水库入库口,2026-09-16 01:00,2,16.13,7.64,7.8,342.09,6.41,1.65,,0.046,7.147,,,2026-09-16 02:25:59
辽宁省,辽河流域,凌鸿大桥,2026-09-16 01:00,2,21.17,8.26,8.77,765.9,14.2,1.45,0.006,0.029,10.784,,,2026-09-16 02:25:59
辽宁省,辽河流域,章吉营,2026-09-16 01:00,2,21.12,8.31,8.38,852,6,1.87,,0.031,9.638,,,2026-09-16 02:25:59
辽宁省,辽河流域,大凌河西支入河口,2026-09-16 01:00,2,17.09,7.97,6.69,924.52,4.72,1.37,,0.023,21.024,,,2026-09-16 02:25:59
辽宁省,辽河流域,李家湾大桥,2026-09-16 01:00,2,16.9,7.86,8.3,499.8,44.5,1.35,,0.038,4.453,,,2026-09-16 02:25:59
辽宁省,辽河流域,王家窝棚,2026-09-16 01:00,2,18.65,7.49,6.82,578.3,1.9,1.64,0.001,0.044,5.196,,,2026-09-16 02:25:59
辽宁省,辽河流域,红石碑入海前,2026-09-16 01:00,3,22.37,8.54,15.4,1144.781,29.905,5.38,,0.072,3.213,,,2026-09-16 02:25:59
辽宁省,辽河流域,小渔场,2026-09-16 01:00,2,23.5,7.54,6.07,25811.68,1.414,1.63,0.301,0.046,5.07,,,2026-09-16 02:25:59
吉林省,松花江流域,新立城大坝,2026-09-16 01:00,6,20.0038,9.18,9.14,280.1,16.7063,5.69,0.046,0.06,0.932,,,2026-09-16 02:25:59
吉林省,松花江流域,松花江村,2026-09-16 01:00,3,18.48,7.16,8.32,254.3,73.71,3.81,0.093,0.197,3.97,,,2026-09-16 02:25:59
吉林省,松花江流域,靠山南楼,2026-09-16 01:00,3,18.28,8.17,9.51,607.21,37.41,5.48,0.13,0.182,4.984,,,2026-09-16 02:25:59
吉林省,松花江流域,砖瓦窑桥,2026-09-16 01:00,4,15.74,7.66,6.25,560.16,33.77,6.96,0.028,0.125,3.634,,,2026-09-16 02:25:59
吉林省,松花江流域,镇江口,2026-09-16 01:00,3,18.01,7.8,9.09,305.3,69.21,4.54,0.055,0.123,3.972,,,2026-09-16 02:25:59
吉林省,松花江流域,靠山大桥,2026-09-16 01:00,4,17.86,8.29,10.31,764.43,71.4,6.24,0.042,0.242,5.131,,,2026-09-16 02:25:59
吉林省,松花江流域,饮马河大桥,2026-09-16 01:00,2,18.14,7.3,7.3,243.49,37.55,3.2,,0.062,2.996,,,2026-09-16 02:25:59
吉林省,松花江流域,刘珍屯,2026-09-16 01:00,3,18.36,7.7,9.81,484.03,46.86,4.76,0.002,0.151,3.015,,,2026-09-16 02:25:59
吉林省,松花江流域,周家河口,2026-09-16 01:00,2,14.45,6.93,6.92,702.31,55.1,1.51,0.138,0.042,2.896,,,2026-09-16 02:25:59
吉林省,松花江流域,白山大桥,2026-09-16 01:00,4,16.66,6.8,5.41,112.82,28.496,6.58,,0.047,2.141,,,2026-09-16 02:25:59
吉林省,松花江流域,福兴,2026-09-16 01:00,3,18.87,8.93,11.31,361.917,25.895,4.8,0.02,0.054,2.921,,,2026-09-16 02:25:59
吉林省,松花江流域,桦树林,2026-09-16 01:00,4,17.88,7.63,7.2,183.281,39.073,6.33,0.027,0.068,2.478,0.01587,675840,2026-09-16 02:25:59
吉林省,松花江流域,官厅桥,2026-09-16 01:00,2,18.44,7.43,6.48,380.9,29.046,3.36,0.165,0.08,1.436,,,2026-09-16 02:25:59
吉林省,松花江流域,蛟河口,2026-09-16 01:00,3,15.964,7.29,7.79,338.214,36.064,4.5,0.092,0.072,4.856,,,2026-09-16 02:25:59
吉林省,松花江流域,哨口,2026-09-16 01:00,2,19.3561,7.05,8.09,234.384,42.8793,3.85,0.101,0.075,3.9901,,,2026-09-16 02:25:59
吉林省,松花江流域,肖家船口,2026-09-16 01:00,2,13.6466,6.55,6.78,202.949,9.3552,1.78,0.052,0.042,2.7359,,,2026-09-16 02:25:59
吉林省,松花江流域,烟筒山,2026-09-16 01:00,2,17.76,8.12,9.5,358.708,55.076,2.33,0.073,0.06,3.693,,,2026-09-16 02:25:59
吉林省,辽河流域,四双大桥,2026-09-16 01:00,2,17.67,8.16,9.31,678.34,27.98,3.24,,0.054,2.037,,,2026-09-16 02:25:59
吉林省,辽河流域,城子上,2026-09-16 01:00,2,19.76,8.19,7.68,515.7,6.85,3.43,0.007,0.051,3.174,,,2026-09-16 02:25:59
吉林省,辽河流域,六家子,2026-09-16 01:00,3,17.75,7.87,9.34,838.2,9.4,3.7,0.038,0.106,8.5044,,,2026-09-16 02:25:59
吉林省,辽河流域,林家,2026-09-16 01:00,3,19,7.93,8.26,834.1,26.9,5.87,0.016,0.132,7.883,,,2026-09-16 02:25:59
吉林省,辽河流域,河清,2026-09-16 01:00,2,17.58,7.99,6.86,901.2,10.1,3.61,,0.031,4.449,,,2026-09-16 02:25:59
吉林省,辽河流域,民主,2026-09-16 01:00,2,19.597,8.73,10.14,331.3,20.609,3.56,0.007,0.024,2.98,,,2026-09-16 02:25:59
吉林省,松花江流域,高集岗桥,2026-09-16 01:00,2,19.21,8.58,10.88,273.2,12.476,2.02,0.019,0.031,3.643,,,2026-09-16 02:25:59
吉林省,辽河流域,云峰,2026-09-16 01:00,4,20.486,7.11,4.84,130.407,19.905,2.18,0.019,0.02,1.751,,,2026-09-16 02:25:59
吉林省,辽河流域,老虎哨,2026-09-16 01:00,2,20.707,7.4,7.25,115.042,18.343,2.83,0.045,0.013,2.079,,,2026-09-16 02:25:59
吉林省,辽河流域,鸠谷,2026-09-16 01:00,2,11.4,7.49,10.04,136,22.9,1.86,0.078,0.059,1.159,,,2026-09-16 02:25:59
吉林省,辽河流域,葫芦套,2026-09-16 01:00,2,19.11,8.07,8.9,130.012,22.334,1.95,0.012,0.028,1.126,,,2026-09-16 02:25:59
吉林省,辽河流域,大阳岔,2026-09-16 01:00,2,10.08,8,6.86,287.179,8.108,0.46,,0.016,1.602,,,2026-09-16 02:25:59
吉林省,松花江流域,松林,2026-09-16 01:00,3,18.46,7.24,8.05,309.86,20.28,4.12,0.053,0.075,3.338,,,2026-09-16 02:25:59
吉林省,松花江流域,白沙滩,2026-09-16 00:00,4,,8.1,,,,6.51,0.098,0.096,1.34,,,2026-09-16 02:25:59
吉林省,松花江流域,圈河,2026-09-16 01:00,2,18.933,7.77,9.19,125.521,81.058,3.51,0.063,0.073,1.428,,,2026-09-16 02:25:59
吉林省,松花江流域,大山,2026-09-16 01:00,3,18.13,8.33,9.75,162.737,40.519,4.94,0.255,0.137,2.275,,,2026-09-16 02:25:59
吉林省,松花江流域,崇善,2026-09-16 01:00,3,10.15,7.53,10.51,93.543,25.059,4.02,0.045,0.108,0.919,,,2026-09-16 02:25:59
吉林省,松花江流域,榆树川,2026-09-16 01:00,2,16.26,7.96,8.6,218.931,21.94,2.63,0.012,0.05,2.18,,,2026-09-16 02:25:59
吉林省,松花江流域,石井,2026-09-16 01:00,2,16.98,7.84,8.86,246.722,66.728,3.45,0.096,0.095,2.104,,,2026-09-16 02:25:59
吉林省,松花江流域,三家子,2026-09-16 01:00,2,19.71,7.51,8.88,97.279,40.91,3.72,0.025,0.048,1.105,,,2026-09-16 02:25:59
吉林省,松花江流域,建封路大桥,2026-09-16 01:00,2,10.18,7.66,10.16,201.683,9.383,1.38,0.01,0.072,0.716,,,2026-09-16 02:25:59
黑龙江省,松花江流域,苗家,2026-09-16 01:00,3,30.1,7.59,8.26,,,3.89,0.031,0.136,1.68,,,2026-09-16 02:25:59
黑龙江省,松花江流域,磨盘山水库出口,2026-09-16 01:00,3,20.497,6.84,7.46,70.1,4.127,5.24,0.029,0.022,1.955,0.0035,20096,2026-09-16 02:25:59
黑龙江省,松花江流域,朱顺屯,2026-09-16 01:00,4,19.5975,7.76,6.88,227.42,90.6541,6.99,0.058,0.142,1.659,,,2026-09-16 02:25:59
黑龙江省,松花江流域,阿什河口内,2026-09-16 01:00,3,18.562,7.24,5.24,629.34,12.08,3.73,0.897,0.135,6.436,,,2026-09-16 02:25:59
黑龙江省,松花江流域,呼兰河口内,2026-09-16 01:00,4,16.07,7.45,8.69,244.3,152.26,9.33,0.254,0.215,2.514,,,2026-09-16 02:25:59
黑龙江省,松花江流域,大顶子山,2026-09-16 01:00,3,19.3594,7.74,7.86,244.899,49.1535,5.3,0.057,0.108,3.358,,,2026-09-16 02:25:59
黑龙江省,松花江流域,牡丹江口内,2026-09-16 01:00,4,15.84,7.43,9.58,137.52,63.9,6.14,0.123,0.146,2.298,,,2026-09-16 02:25:59
黑龙江省,松花江流域,拉哈,2026-09-16 01:00,4,18.51,7.71,7.79,112.964,34.3,8.15,,0.085,1.316,,,2026-09-16 02:25:59
黑龙江省,松花江流域,查哈阳乡,2026-09-16 01:00,3,14.9,7.58,9.59,94.6,27.4,4.04,,0.036,0.637,,,2026-09-16 02:25:59
黑龙江省,松花江流域,音河水库,2026-09-16 01:00,3,17.55,7.68,7.89,229.33,136.47,4.5,,0.095,3.406,,,2026-09-16 02:25:59
黑龙江省,松花江流域,浏园,2026-09-16 01:00,4,17.67,7.45,8.37,125.5,57.5,8.08,,0.091,2.2,,,2026-09-16 02:25:59
黑龙江省,松花江流域,富源村,2026-09-16 01:00,4,17.4,7.53,8.13,101.61,24.22,9.06,0.022,0.066,0.787,,,2026-09-16 02:25:59
黑龙江省,松花江流域,泄洪1闸,2026-09-16 01:00,4,17.752,8.75,9.4,246.402,112.522,6.35,,0.06,1.368,0.012,16384,2026-09-16 02:25:59
黑龙江省,松花江流域,858九队,2026-09-16 01:00,6,22.88,9.33,8.76,,,5.82,0.152,0.098,1.3019,,,2026-09-16 02:25:59
黑龙江省,松花江流域,名山,2026-09-16 01:00,4,15.372,7.71,9.45,131.43,31.601,8.56,0.057,0.04,0.559,,,2026-09-16 02:25:59
黑龙江省,松花江流域,饶河上,2026-09-16 01:00,4,17.91,6.88,6.16,76,12.131,9.49,0.015,0.059,0.917,,,2026-09-16 02:25:59
黑龙江省,松花江流域,肇源,2026-09-16 02:00,4,18.74,7.78,8.72,253.87,47.01,7.68,0.143,0.116,1.208,,,2026-09-16 02:25:59
黑龙江省,松花江流域,嫩江口内,2026-09-16 01:00,4,18.49,7.8,8.82,168.318,79.275,6.97,,0.11,1.532,,,2026-09-16 02:25:59
黑龙江省,松花江流域,友好,2026-09-16 01:00,6,12.68,7.13,9.83,84.758,16.372,16.34,0.017,0.063,1.209,,,2026-09-16 02:25:59
黑龙江省,松花江流域,嘉荫,2026-09-16 01:00,4,15.27,7.49,9.08,127.683,17.362,9.52,0.028,0.048,0.779,,,2026-09-16 02:25:59
黑龙江省,松花江流域,双河渠首,2026-09-16 01:00,3,14.5,7.12,9.21,132.2,26.3,5.88,,0.063,2.857,,,2026-09-16 02:25:59
黑龙江省,松花江流域,海浪,2026-09-16 01:00,2,17.3,7.68,10.02,143.1,42.5,3.38,0.017,0.064,2.575,,,2026-09-16 02:25:59
黑龙江省,松花江流域,电视塔,2026-09-16 01:00,5,21.01,7.06,5.96,100.1,83.921,7.93,0.052,0.127,2.641,0.00262,15360,2026-09-16 02:25:59
黑龙江省,松花江流域,海浪河口内,2026-09-16 01:00,2,16.26,6.82,8.88,111.1,42.95,3.52,0.022,0.016,2.324,,,2026-09-16 02:25:59
黑龙江省,松花江流域,黑河下,2026-09-16 01:00,4,13.87,7.58,9.44,151.141,20.8269,8.19,0.039,0.052,0.5806,,,2026-09-16 02:25:59
黑龙江省,松花江流域,呼玛上,2026-09-16 01:00,4,14.118,7.47,10.01,157.982,12.632,8.05,0.042,0.058,0.901,,,2026-09-16 02:25:59
黑龙江省,松花江流域,呼玛河口内,2026-09-16 01:00,3,13.51,7.46,10.18,74.037,1.72,5.6,,0.022,0.21,,,2026-09-16 02:25:59
黑龙江省,松花江流域,加格达奇上,2026-09-16 01:00,3,11.53,6.98,9.77,64.735,4.8516,4.29,,0.011,0.175,,,2026-09-16 02:25:59
上海市,长江流域,富锦路桥,2026-09-16 01:00,3,28.2,7.71,5.22,556.5,50.1,3.51,0.001,0.141,3.416,,,2026-09-16 02:25:59
上海市,太湖流域,明星路桥,2026-09-16 01:00,3,26.71,7.4,6.33,436.696,44.00611,4.05,0.075,0.101,1.17205,,,2026-09-16 02:25:59
上海市,太湖流域,临江,2026-09-16 01:00,3,26.61,7.66,5.01,424.17,85.05,,,,,,,2026-09-16 02:25:59
上海市,太湖流域,浙江路桥,2026-09-16 01:00,4,27.574,7.64,4.28,406.772,42.866,3.17,,0.152,2.231,,,2026-09-16 02:25:59
上海市,太湖流域,闵行西界,2026-09-16 02:00,4,27.4,7.3,4.06,445.62,49.08,3.13,0.006,0.109,1.755,,,2026-09-16 02:25:59
上海市,太湖流域,吴淞口,2026-09-16 01:00,3,27.392,7.71,5.28,439.194,96.109,2.64,0.034,0.118,2.361,,,2026-09-16 02:25:59
上海市,太湖流域,蕴川路桥,2026-09-16 02:00,3,26.38,7.85,6.13,439.25,81.42,2.71,,0.11,1.805,,,2026-09-16 02:25:59
上海市,太湖流域,黄渡,2026-09-16 01:00,4,27,7.54,4.74,661.6,45.92,3.3,0.177,0.126,2.413,,,2026-09-16 02:25:59
上海市,太湖流域,三甲港,2026-09-16 01:00,3,27.75,7.91,7.29,411.9,95.91,3.08,0.18,0.147,1.865,,,2026-09-16 02:25:59
上海市,太湖流域,二团,2026-09-16 01:00,3,26.89,7.68,6.04,458.15,30.88,2.49,,0.118,1.645,,,2026-09-16 02:25:59
上海市,太湖流域,横潦泾,2026-09-16 01:00,4,26.73,7.41,4.31,387.25,65.75,3.21,,0.1,1.538,,,2026-09-16 02:25:59
上海市,太湖流域,斜塘口,2026-09-16 01:00,4,27.83,7.31,4.22,395.81,51.75,3.23,,0.054,1.306,,,2026-09-16 02:25:59
上海市,太湖流域,急水港桥,2026-09-16 01:00,4,26.77,7.35,3.55,486.1,27.5,3.65,0.014,0.082,1.786,0.0124,3833275,2026-09-16 02:25:59
上海市,太湖流域,淀峰,2026-09-16 01:00,3,26.55,8.56,8.39,399.88,48.62,4.22,,0.135,1.086,,,2026-09-16 02:25:59
上海市,太湖流域,太浦河桥,2026-09-16 01:00,4,26.94,7.31,3.54,342.84,43.95,3.61,0.01,0.088,1.475,,,2026-09-16 02:25:59
上海市,太湖流域,钱桥,2026-09-16 01:00,3,26.7,7.62,5.47,408.7,44.8,2.44,0.016,0.119,1.544,,,2026-09-16 02:25:59
上海市,长江流域,七效港西桥,2026-09-16 01:00,2,26.98,7.92,7.8,370.14,43.03,2.48,,0.088,1.824,,,2026-09-16 02:25:59
上海市,长江流域,五效,2026-09-16 01:00,2,27.23,7.82,7.29,325.64,48.17,1.5,,0.042,1.401,,,2026-09-16 02:25:59
江苏省,长江流域,陈浅,2026-09-16 01:00,4,25.39,7.49,4.57,235.8,42.97,2.64,0.091,0.177,1.368,,,2026-09-16 02:25:59
江苏省,长江流域,七桥瓮,2026-09-16 01:00,3,27.06,7.78,5.72,345.31,45.66,3,0.043,0.094,2.41,,,2026-09-16 02:25:59
江苏省,长江流域,节制闸,2026-09-16 01:00,2,26.11,7.75,6.76,268.15,31.55,2.46,0.053,0.077,1.632,,,2026-09-16 02:25:59
江苏省,长江流域,钱家渡,2026-09-16 01:00,3,27.51,7.57,5.13,268.26,37.62,2.87,0.016,0.067,0.781,,,2026-09-16 02:25:59
江苏省,太湖流域,锡东水厂,2026-09-16 02:00,3,26.46,8.75,7.83,382.68,23.11,2.63,0.051,0.035,0.687,0.00524,1149090,2026-09-16 02:25:59
江苏省,太湖流域,蠡桥,2026-09-16 01:00,2,26.73,8.15,6.82,383.3,46.79,2.62,0.142,0.054,0.417,,,2026-09-16 02:25:59
江苏省,太湖流域,百渎港桥,2026-09-16 01:00,4,27.74,7.57,4.77,461.5,36.72,2.67,,0.109,2.108,,,2026-09-16 02:25:59
江苏省,太湖流域,殷村港桥,2026-09-16 02:00,4,27.01,7.35,4.11,390.6,34.74,3.28,0.036,0.09,1.138,,,2026-09-16 02:25:59
江苏省,太湖流域,大浦港桥,2026-09-16 01:00,3,27.44,7.58,5.35,385,79.2,4.55,0.075,0.108,1.367,,,2026-09-16 02:25:59
江苏省,太湖流域,五牧,2026-09-16 01:00,3,27.11,7.24,5.74,336.17,28.41,1.84,0.121,0.114,2.621,,,2026-09-16 02:25:59
江苏省,太湖流域,拖山,2026-09-16 02:00,5,26.74,,9.52,355.67,50.76,3.94,,0.11,1.268,0.00464,1.139532,2026-09-16 02:25:59
江苏省,太湖流域,五里湖心,2026-09-16 02:00,4,26.7,8.18,7.02,396.07,31.67287,3.62,,0.078,0.348,0.0068,1.111777,2026-09-16 02:25:59
江苏省,太湖流域,大港桥,2026-09-16 01:00,2,25.5,6.86,7.77,143.91,3.58,2.34,0.042,0.026,1.786,,,2026-09-16 02:25:59
江苏省,太湖流域,潘家坝,2026-09-16 01:00,3,27.55,7.51,5.29,353.03,69.01,2.56,,0.098,1.896,,,2026-09-16 02:25:59
江苏省,太湖流域,长济桥,2026-09-16 01:00,2,27.19,7.95,7.23,288.3,21,1.64,0.011,0.064,1.889,,,2026-09-16 02:25:59
江苏省,太湖流域,钓邾大桥,2026-09-16 01:00,2,27.39,7.96,6.6,415.6,35.18,2.97,0.114,0.079,1.412,,,2026-09-16 02:25:59
江苏省,长江流域,小湾,2026-09-16 01:00,2,26.72,7.89,6.98,270.39,31.48,1.65,,0.063,1.788,,,2026-09-16 02:25:59
江苏省,淮河流域,李庄,2026-09-16 01:00,3,26.05,8.05,7.19,617.2,13.2,4.92,0.101,0.132,2.459,,,2026-09-16 02:25:59
江苏省,淮河流域,蔺家坝,2026-09-16 01:00,5,25.62,7.58,2.32,1575.2,42.1,5.45,0.028,0.122,1.261,,,2026-09-16 02:25:59
江苏省,淮河流域,李集桥,2026-09-16 01:00,4,25.6,8.07,4.76,1343.99,10.95,4.37,0.173,0.062,1.007,,,2026-09-16 02:25:59
江苏省,淮河流域,华山闸,2026-09-16 01:00,4,24.9,8.25,4.48,1173.4,9.63,4.87,0.024,0.051,0.782,,,2026-09-16 02:25:59
江苏省,淮河流域,沙庄桥,2026-09-16 01:00,4,26.1,8.23,7.95,1188.7,21.5,7.6,0.064,0.081,1.554,,,2026-09-16 02:25:59
江苏省,淮河流域,张楼,2026-09-16 01:00,3,26.371,7.76,5.12,1266.771,12.686,3.94,0.211,0.085,1.073,,,2026-09-16 02:25:59
江苏省,淮河流域,沙集西闸,2026-09-16 01:00,3,26.27,7.66,5.02,712.11,25.54,2.92,0.072,0.097,0.827,,,2026-09-16 02:25:59
江苏省,淮河流域,艾山西大桥,2026-09-16 01:00,4,24.96,8.05,14.19,792.279,23.979,6.72,0.059,0.068,4.292,,,2026-09-16 02:25:59
江苏省,淮河流域,下楼公路桥,2026-09-16 01:00,2,24.32,7.62,9.98,952.76,18.31,3.62,0.098,0.066,0.7595,,,2026-09-16 02:25:59
江苏省,长江流域,魏村,2026-09-16 01:00,2,26.72,7.81,6.8,272.77,38.23,1.27,,0.073,1.826,,,2026-09-16 02:25:59
江苏省,太湖流域,姚巷桥,2026-09-16 01:00,2,27.63,8.34,7.33,377.35,15.77,3.17,,0.085,1.749,,,2026-09-16 02:25:59
江苏省,太湖流域,黄埝桥,2026-09-16 01:00,3,26.69,7.76,5.91,326.9,36.42,1.95,0.058,0.096,1.79,,,2026-09-16 02:25:59
江苏省,太湖流域,落蓬湾,2026-09-16 01:00,2,28.42,7.79,8.06,280.4,47.8,3.66,0.035,0.068,0.849,,,2026-09-16 02:25:59
江苏省,太湖流域,九号桥,2026-09-16 01:00,2,26.59,7.87,6.72,277.8,33.5,1.55,0.019,0.071,1.907,,,2026-09-16 02:25:59
江苏省,太湖流域,胥湖心,2026-09-16 02:00,2,26.38,8.92,8.66,273.72,8.15,2.25,0.001,0.006,0.165,0.0007,180444.5,2026-09-16 02:25:59
江苏省,太湖流域,乌龟山南,2026-09-16 02:00,2,25.85,8.76,8.03,373.761,22.455,2.77,,0.024,0.476,0.0055,6602349,2026-09-16 02:25:59
江苏省,太湖流域,望亭上游,2026-09-16 01:00,3,27.22,7.63,6.46,577.63,21.68,2.73,0.198,0.113,2.596,,,2026-09-16 02:25:59
江苏省,太湖流域,千灯浦口,2026-09-16 02:00,4,26.85,7.27,4.1,561.899,38.92,3.21,0.008,0.09,1.4843,,,2026-09-16 02:25:59
江苏省,太湖流域,朱厍港口,2026-09-16 01:00,3,26.1,7.53,5.64,472.3,22.3,3.68,,0.087,0.832,,,2026-09-16 02:25:59
江苏省,太湖流域,浏河闸,2026-09-16 01:00,2,27.6,7.99,6.56,329.236,38.395,1.56,,0.076,1.8772,,,2026-09-16 02:25:59
江苏省,太湖流域,江边闸,2026-09-16 01:00,3,26.62,8.02,5.89,440.6,24.03,2.8,,0.069,1.139,,,2026-09-16 02:25:59
江苏省,太湖流域,瓜泾口西,2026-09-16 01:00,3,26.78,8.97,7.39,347.8,10.88,5.66,,0.046,0.749,,,2026-09-16 02:25:59
江苏省,太湖流域,航管站,2026-09-16 01:00,2,27.85,8.81,7.88,367.24,9.46,3.15,,0.024,0.277,,,2026-09-16 02:25:59
江苏省,太湖流域,越溪桥,2026-09-16 01:00,3,27.08,7.68,7.42,489.3,38.9,4.44,0.162,0.1,2.028,,,2026-09-16 02:25:59
江苏省,太湖流域,312国道桥,2026-09-16 01:00,2,26.92,8.69,7.49,359.3,17.3,3.55,0.02,0.033,0.358,,,2026-09-16 02:25:59
江苏省,太湖流域,赵屯,2026-09-16 01:00,3,27.23,7.54,5.52,808.395,66.066,3.38,0.051,0.124,2.9668,,,2026-09-16 02:25:59
江苏省,淮河流域,东安闸桥西,2026-09-16 01:00,3,26.6,7.41,5.12,736.8,42.68,3.7,0.037,0.119,,,,2026-09-16 02:25:59
江苏省,长江流域,九圩港桥,2026-09-16 01:00,3,26.75,7.73,5.95,285.2,40.91,1.47,0.023,0.074,1.51,,,2026-09-16 02:25:59
江苏省,长江流域,碾砣港闸,2026-09-16 01:00,2,26.79,7.8,6.3,293.4,64.45,2.01,0.026,0.088,1.848,,,2026-09-16 02:25:59
江苏省,长江流域,聚南大桥,2026-09-16 01:00,4,27.72,7.68,3.85,814.8,49.59,2.38,0.061,0.131,1.893,,,2026-09-16 02:25:59
江苏省,长江流域,大洋港桥,2026-09-16 01:00,3,27.11,7.82,6.11,523.9,39.12,1.96,,0.144,,,,2026-09-16 02:25:59
江苏省,长江流域,塘芦港闸,2026-09-16 01:00,3,27.759,7.76,5.56,4035.46,7.508,5.73,0.097,0.168,1.224,,,2026-09-16 02:25:59
江苏省,淮河流域,小洋口,2026-09-16 01:00,3,25.74,7.94,10.61,986.4,22.19,5.26,0.023,0.164,1.007,,,2026-09-16 02:25:59
江苏省,淮河流域,环东闸口,2026-09-16 01:00,4,26.48,7.57,4.15,778.8,30.32,3.6,0.032,0.208,1.841,,,2026-09-16 02:25:59
江苏省,淮河流域,北凌新闸,2026-09-16 01:00,3,25.4,8.48,12.67,1298.4,12.08,5.64,0.058,0.179,1.449,,,2026-09-16 02:25:59
江苏省,淮河流域,新浦大桥,2026-09-16 01:00,3,25.489,8.69,10.49,717.917,14.268,4.32,0.003,0.094,0.936,,,2026-09-16 02:25:59
江苏省,淮河流域,柴米河桥,2026-09-16 01:00,3,24.47,7.53,5.84,658.81,22.23,5.11,0.074,0.11,1.651,,,2026-09-16 02:25:59
江苏省,淮河流域,善后河闸,2026-09-16 01:00,4,25.7,7.47,4.99,706.359,52.388,3.66,0.059,0.219,1.58,,,2026-09-16 02:25:59
江苏省,淮河流域,灌河大桥,2026-09-16 01:00,4,25.94,7.6,3.3,1237,311.1,5.55,0.13,0.262,2.353,,,2026-09-16 02:25:59
江苏省,淮河流域,新村桥,2026-09-16 01:00,3,25.224,7.49,5.34,682.85,19.74,4.4,0.066,0.142,2.807,,,2026-09-16 02:25:59
江苏省,淮河流域,沭南闸,2026-09-16 01:00,3,24.942,7.95,7.21,734.89,27.93,6,0.017,0.08,1.212,,,2026-09-16 02:25:59
江苏省,淮河流域,袁闸,2026-09-16 01:00,3,26.3,7.68,5.17,576.19,71.73,4.03,0.064,0.098,1.466,,,2026-09-16 02:25:59
江苏省,淮河流域,墩尚水漫桥,2026-09-16 01:00,6,24.612,7.59,0.97,645.211,7.688,5.08,0.005,0.051,1.254,,,2026-09-16 02:25:59
江苏省,淮河流域,大浦闸,2026-09-16 01:00,3,26.35,8.04,13.88,1000.94,58.61,4.31,0.079,0.092,5.453,,,2026-09-16 02:25:59
江苏省,淮河流域,海头大桥,2026-09-16 01:00,6,24.82,9.02,10.8,629.97,40.29,7.8,0.023,0.162,1.277,,,2026-09-16 02:25:59
江苏省,淮河流域,坝头桥,2026-09-16 01:00,4,25.226,8.99,12.06,464.63,13.63,6.63,0.002,0.065,1.248,,,2026-09-16 02:25:59
江苏省,淮河流域,郑园桥,2026-09-16 01:00,3,25.672,8.71,13.9,645.812,8.482,4.53,0.024,0.098,2.424,,,2026-09-16 02:25:59
江苏省,淮河流域,四队桥,2026-09-16 02:00,5,25.09,7.52,2.99,661.96,39.68,4.54,0.065,0.11,2.939,,,2026-09-16 02:25:59
江苏省,淮河流域,新浦二桥,2026-09-16 01:00,2,25.163,7.76,6.77,809.484,18.39,3.8,0.009,0.071,1.728,,,2026-09-16 02:25:59
江苏省,淮河流域,淮河大桥,2026-09-16 01:00,2,26.85,7.68,6.26,430.23,44.35,2.85,0.097,0.092,1.927,,,2026-09-16 02:25:59
江苏省,淮河流域,五叉河口,2026-09-16 01:00,2,25.47,8.52,7.07,537.527,58.996,3.79,0.103,0.057,1.713,,,2026-09-16 02:25:59
江苏省,淮河流域,戴楼衡阳,2026-09-16 01:00,2,26.31,8.65,8.13,398.38,5.5,3.58,0.013,0.026,1.214,0.02006,,2026-09-16 02:25:59
江苏省,淮河流域,总渠苏嘴,2026-09-16 01:00,3,23.4,7.51,5.68,446.66,32.58,4.08,0.04,0.079,2.7,,,2026-09-16 02:25:59
江苏省,淮河流域,唐曹,2026-09-16 01:00,4,24.27,7.32,3.43,467.2,98.27,4.87,0.303,0.169,0.628,,,2026-09-16 02:25:59
江苏省,淮河流域,新洋港闸,2026-09-16 02:00,5,26.48,7.56,2.42,921.53,37.14,5.03,0.084,0.158,2.248,,,2026-09-16 02:25:59
江苏省,淮河流域,富民桥,2026-09-16 02:00,5,25.95,7.29,2.98,628.79,23.54,3.29,0.035,0.122,1.491,,,2026-09-16 02:25:59
江苏省,淮河流域,龙冈凤凰桥,2026-09-16 01:00,4,26.35,7.36,3.35,591.32,25.32,4.71,0.116,0.094,1.486,,,2026-09-16 02:25:59
江苏省,淮河流域,六垛闸,2026-09-16 01:00,4,26.225,7.34,4.57,760.55,14.5,5.08,0.015,0.118,1.69,,,2026-09-16 02:25:59
江苏省,淮河流域,泰东大桥,2026-09-16 02:00,2,26.41,7.79,6.32,337.28,13.09,2.23,0.048,0.083,1.875,,,2026-09-16 02:25:59
江苏省,淮河流域,城北大桥,2026-09-16 01:00,5,26.418,7.4,2.59,674.54,20.93,5.6,0.248,0.156,1.607,,,2026-09-16 02:25:59
江苏省,淮河流域,草堰大桥,2026-09-16 02:00,4,26.905,7.44,4.57,490.076,70.372,3.73,0.091,0.128,2.146,,,2026-09-16 02:25:59
江苏省,淮河流域,射阳河闸,2026-09-16 02:00,3,26.2,7.53,5.46,788.83,29.56,5.18,0.063,0.111,1.752,,,2026-09-16 02:25:59
江苏省,淮河流域,黄沙港闸,2026-09-16 02:00,5,26.23,7.44,2.1,782.51,23.07,5.62,0.045,0.186,1.699,,,2026-09-16 02:25:59
江苏省,淮河流域,斗龙港闸,2026-09-16 01:00,6,24.798,7.27,1.77,837.536,31.782,5.59,0.056,0.157,2.208,,,2026-09-16 02:25:59
江苏省,淮河流域,川东闸,2026-09-16 02:00,4,26.39,7.47,3.41,1185.83,19.58,4.64,0.077,0.28,2.684,,,2026-09-16 02:25:59
江苏省,淮河流域,头罾闸,2026-09-16 02:00,3,25.69,8.08,5.12,686.57,23.21,4.04,0.026,0.094,1.329,,,2026-09-16 02:25:59
江苏省,淮河流域,王港闸,2026-09-16 01:00,4,25.41,7.35,4.11,1390.9,29.24,5.61,0.019,0.192,1.709,,,2026-09-16 02:25:59
江苏省,长江流域,三江营,2026-09-16 01:00,2,26.37,7.93,7.49,267,45.4,1.81,,0.066,1.82,,,2026-09-16 02:25:59
江苏省,淮河流域,槐泗河口,2026-09-16 01:00,2,26.11,8.09,6.59,464.9,39.74,3.24,0.045,0.085,1.865,,,2026-09-16 02:25:59
江苏省,淮河流域,大运河船闸,2026-09-16 01:00,3,26.9,7.78,6.18,329.7,95.1,2.08,0.029,0.105,2.769,,,2026-09-16 02:25:59
江苏省,淮河流域,三垛西大桥,2026-09-16 01:00,4,26.12,7.16,3.51,586.8,46.7,5.42,0.116,0.14,2.084,,,2026-09-16 02:25:59
江苏省,淮河流域,江都西闸,2026-09-16 01:00,2,26.21,7.68,7.16,274.08,123.95,2.32,,0.099,2.212,,,2026-09-16 02:25:59
江苏省,长江流域,冻青桥,2026-09-16 01:00,3,26.28,7.87,6.31,469.4,44.94,3.76,0.085,0.121,1.807,,,2026-09-16 02:25:59
江苏省,长江流域,小河口上游,2026-09-16 01:00,2,26.69,7.86,7,259.7,30.3,1.88,0.045,0.08,1.548,,,2026-09-16 02:25:59
江苏省,淮河流域,曹庄桥,2026-09-16 01:00,3,26.04,7.59,5.97,270,61.09,2.11,,0.078,1.745,,,2026-09-16 02:25:59
江苏省,太湖流域,辛丰镇,2026-09-16 01:00,2,26.83,7.89,6.62,272.6,48.07,2.06,0.032,0.086,1.654,,,2026-09-16 02:25:59
江苏省,太湖流域,林家闸,2026-09-16 01:00,2,26.68,7.83,6.98,272.3,26.36,1.94,,0.087,1.9345,,,2026-09-16 02:25:59
江苏省,太湖流域,新港桥,2026-09-16 01:00,3,26.66,7.55,5.55,313.5,11.4,2.08,0.006,0.035,1.325,,,2026-09-16 02:25:59
江苏省,太湖流域,吕城,2026-09-16 01:00,3,26.91,7.7,6.26,287.59,39.67,2.32,,0.106,1.914,,,2026-09-16 02:25:59
江苏省,淮河流域,海陵大桥,2026-09-16 01:00,2,26.67,7.88,6.71,273.3,38.37,1.72,0.015,0.067,1.741,,,2026-09-16 02:25:59
江苏省,长江流域,马甸闸西,2026-09-16 02:00,2,26.64,7.78,6.91,279.6,31.18,1.69,0.016,0.054,1.972,,,2026-09-16 02:25:59
江苏省,长江流域,祥和大桥,2026-09-16 01:00,4,26.5,7.48,4.32,350.6,26.91,2.4,0.183,0.114,1.824,,,2026-09-16 02:25:59
江苏省,长江流域,新十圩港大桥,2026-09-16 01:00,3,26.9,7.71,5.77,317.9,56.29,2.45,0.074,0.103,2.115,,,2026-09-16 02:25:59
江苏省,长江流域,夏仕港大桥,2026-09-16 01:00,2,26.44,7.69,6.66,272.44,31.57,1.62,0.025,0.063,1.994,,,2026-09-16 02:25:59
江苏省,淮河流域,马陵翻水站,2026-09-16 01:00,2,24.95,8.09,6.57,534.22,53.41,3.06,0.066,0.053,1.468,,,2026-09-16 02:25:59
江苏省,淮河流域,临淮乡入湖口,2026-09-16 01:00,4,27.23,8.29,7.09,684.4,15.5,6.03,0.073,0.056,0.941,,,2026-09-16 02:25:59
江苏省,淮河流域,砖瓦厂,2026-09-16 01:00,3,26.71,8.5,7.68,774.6,51.34,5.29,0.015,0.145,0.727,,,2026-09-16 02:25:59
江苏省,淮河流域,顾勒大桥,2026-09-16 01:00,3,25.45,8.65,8.23,655.82,35.01,4.01,0.058,0.079,0.699,,,2026-09-16 02:25:59
江苏省,淮河流域,团结闸,2026-09-16 01:00,4,26.7,8.91,11.92,1444.2,11.9,8.13,0.019,0.053,0.993,,,2026-09-16 02:25:59
江苏省,淮河流域,大屈,2026-09-16 01:00,4,25.59,8.47,9.6,955.2,12.56,6.91,0.069,0.079,0.724,,,2026-09-16 02:25:59
浙江省,浙闽片河流,小金山,2026-09-16 01:00,2,28.86,,9.19,136.838,4.058,2.09,0.003,0.017,0.6962,,,2026-09-16 02:25:59
浙江省,浙闽片河流,三潭岛,2026-09-16 01:00,2,28.05,8.98,7.49,119.095,2.41,1.44,0.002,0.01,0.6088,,,2026-09-16 02:25:59
浙江省,浙闽片河流,千岛湖大坝前,2026-09-16 01:00,2,29.23,8.53,7.07,128.519,1.751,1.44,0.022,0.008,0.6746,,,2026-09-16 02:25:59
浙江省,太湖流域,汪家埠,2026-09-16 01:00,2,26.03,7.62,7.19,257.25,5.47,2.56,0.1,0.05,2.353,,,2026-09-16 02:25:59
浙江省,太湖流域,奉口,2026-09-16 01:00,3,27.13,7.2,5.06,231.4,7.8,1.97,0.075,0.042,2.407,,,2026-09-16 02:25:59
浙江省,浙闽片河流,桐君山,2026-09-16 01:00,2,26.83,7.54,7.55,158.24,6.99,1.76,0.028,0.072,1.76,,,2026-09-16 02:25:59
浙江省,浙闽片河流,洋溪渡,2026-09-16 01:00,2,19.48,7.07,6.2,160.202,2.471,0.88,0.002,0.01,0.8554,,,2026-09-16 02:25:59
浙江省,浙闽片河流,浦阳江出口,2026-09-16 01:00,3,27.04,7.69,5.93,191.9,30.73,1.56,0.059,0.047,1.638,,,2026-09-16 02:25:59
浙江省,太湖流域,五杭运河大桥,2026-09-16 01:00,4,27.48,7.25,4.37,347.3,20.52,3.12,0.362,0.085,2.433,,,2026-09-16 02:25:59
浙江省,浙闽片河流,桐庐,2026-09-16 01:00,2,25.65,7.26,6.39,186.3,8.3,1.53,,0.065,1.721,,,2026-09-16 02:25:59
浙江省,浙闽片河流,街口,2026-09-16 01:00,2,28.68,8.13,7.77,158.94,0.38,1.37,0.007,0.032,0.792,,,2026-09-16 02:25:59
浙江省,浙闽片河流,溪口,2026-09-16 01:00,2,25.51,7.35,9.8,109.33,5.02,0.51,0.013,0.024,2.033,,,2026-09-16 02:25:59
浙江省,浙闽片河流,清林渡,2026-09-16 02:00,3,27.407,7.35,7.29,271.525,33.33,3.48,0.031,0.116,2.397,,,2026-09-16 02:25:59
浙江省,浙闽片河流,大嵩,2026-09-16 01:00,3,26.98,6.85,5.12,259.39,16.61,1.63,0.038,0.055,1.596,,,2026-09-16 02:25:59
浙江省,浙闽片河流,北湖中心,2026-09-16 01:00,3,26.17,6.58,5.62,92.78,32.5,2.98,0.033,0.041,0.908,0.03212,335894.9,2026-09-16 02:25:59
浙江省,浙闽片河流,长汀,2026-09-16 02:00,2,26.22,7.93,11.04,134.02,5.29,1.41,,0.027,1.317,,,2026-09-16 02:25:59
浙江省,浙闽片河流,菁江渡,2026-09-16 01:00,3,27.44,7.23,6.67,189.29,22.21,4.52,0.07,0.069,1.801,,,2026-09-16 02:25:59
浙江省,浙闽片河流,梁桥,2026-09-16 01:00,2,25.14,6.69,6.9,100.17,6.59,1.21,0.029,0.056,2.16,,,2026-09-16 02:25:59
浙江省,浙闽片河流,四灶浦闸,2026-09-16 01:00,3,26.47,8.48,6.42,4516.24,7.44,5.4,0.004,0.04,0.806,,,2026-09-16 02:25:59
浙江省,浙闽片河流,赵山渡,2026-09-16 01:00,1,23.98,6.72,8.01,34.72,11.59,1.09,0.002,0.011,0.534,,,2026-09-16 02:25:59
浙江省,浙闽片河流,小旦,2026-09-16 01:00,2,24.81,6.97,6.72,49.03,4.12,1.25,0.007,0.036,0.71,,,2026-09-16 02:25:59
浙江省,浙闽片河流,龙湾,2026-09-16 01:00,2,26.07,8.06,7.07,20020,104,0.99,0.058,0.061,1.173,,,2026-09-16 02:25:59
浙江省,浙闽片河流,大荆,2026-09-16 01:00,2,26.21,7.08,8.62,121.1,6.48,1.34,0.024,0.024,0.745,,,2026-09-16 02:25:59
浙江省,浙闽片河流,蒲岐,2026-09-16 01:00,2,27.37,7.08,6.18,180.8,13.38,3,0.308,0.093,1.96,,,2026-09-16 02:25:59
浙江省,浙闽片河流,沙头,2026-09-16 01:00,1,26.93,7.5,8.8,44.09,0.87,0.78,0.01,0.013,0.56,,,2026-09-16 02:25:59
浙江省,浙闽片河流,清水埠,2026-09-16 01:00,3,26.15,8.41,5.22,771.55,2016.04,0.96,0.006,0.043,1.018,,,2026-09-16 02:25:59
浙江省,浙闽片河流,江口渡,2026-09-16 01:00,2,26.34,7.93,9,29550,276,1.15,0.126,0.084,2.061,,,2026-09-16 02:25:59
浙江省,浙闽片河流,第三农业站,2026-09-16 01:00,3,25.95,7.97,5.9,23203.1,164.5,2.68,,0.094,1.678,,,2026-09-16 02:25:59
浙江省,太湖流域,王江泾,2026-09-16 01:00,4,27.53,7.01,4.48,463.57,35.51,3.48,0.032,0.074,1.743,,,2026-09-16 02:25:59
浙江省,太湖流域,湘家荡,2026-09-16 01:00,2,26.71,8.22,7.79,472.12,22.77,2.98,0.032,0.097,0.548,,,2026-09-16 02:25:59
浙江省,太湖流域,池家浜水文站,2026-09-16 01:00,4,27.7889,7.16,4.4,356.93,30.27,3.71,0.064,0.07,1.181,,,2026-09-16 02:25:59
浙江省,太湖流域,长山闸一号桥,2026-09-16 01:00,3,26.8103,7.27,7.66,381.57,52.2201,3.89,0.009,0.106,2.474,,,2026-09-16 02:25:59
浙江省,太湖流域,南台头闸一号桥,2026-09-16 01:00,4,27.84,7.31,3.55,373,99.71,4.01,0.021,0.127,2.24,,,2026-09-16 02:25:59
浙江省,太湖流域,上塘河排涝闸,2026-09-16 01:00,3,26.87,7.91,5.18,407.89,10.6,3.33,0.019,0.07,1.285,,,2026-09-16 02:25:59
浙江省,太湖流域,盐官排涝枢纽,2026-09-16 01:00,3,26.31,7.32,5.71,395.1,31.97,3.63,0.033,0.106,2.339,,,2026-09-16 02:25:59
浙江省,太湖流域,卫八路桥,2026-09-16 01:00,4,26.64,7.45,4.33,546.855,25.463,,0.064,0.092,1.448,,,2026-09-16 02:25:59
浙江省,太湖流域,漕廊公路桥,2026-09-16 01:00,4,27.3085,7.25,3.55,450.6822,35.58113,3.62,0.13,0.126,1.40161,,,2026-09-16 02:25:59
浙江省,太湖流域,朱枫公路桥,2026-09-16 01:00,4,27.41,7.08,4.32,461.23,46.41,3.25,0.027,0.079,1.565,,,2026-09-16 02:25:59
浙江省,太湖流域,红旗塘大坝,2026-09-16 01:00,3,27.42,7.32,5.58,391.4,45.26,3.36,0.011,0.069,1.523,,,2026-09-16 02:25:59
浙江省,太湖流域,枫南大桥,2026-09-16 02:00,4,27.3646,7.3,3.55,434.11,45.2693,3.75,0.055,0.128,1.598,,,2026-09-16 02:25:59
浙江省,太湖流域,青阳汇,2026-09-16 01:00,3,26.97,7.41,5.39,404.8,72.87,4.44,0.026,0.15,1.6,,,2026-09-16 02:25:59
浙江省,太湖流域,小新村,2026-09-16 01:00,4,26.61,7.36,3.24,415.5,52.47,4.43,0.032,0.133,1.629,,,2026-09-16 02:25:59
浙江省,太湖流域,乌镇北,2026-09-16 01:00,4,26.61,7.1,3.27,299.6,61.97,3.32,0.03,0.082,2.409,,,2026-09-16 02:25:59
浙江省,太湖流域,新港口,2026-09-16 01:00,2,27.48,8.43,8.15,264.45,109.71,3.23,0.13,0.069,2.212,0.05692,,2026-09-16 02:25:59
浙江省,太湖流域,大钱,2026-09-16 01:00,2,26.76,8.51,8.11,229.9374,68.49348,2.64,0.092,0.054,2.0965,,,2026-09-16 02:25:59
浙江省,太湖流域,南浔,2026-09-16 01:00,4,27.12,7.32,4.46,313.5,75.4,3.11,0.124,0.105,3.431,,,2026-09-16 02:25:59
浙江省,太湖流域,城西大桥,2026-09-16 02:00,3,26.65,7.27,5.99,152.43,24.5,1.89,0.039,0.04,1.967,,,2026-09-16 02:25:59
浙江省,太湖流域,汤溇,2026-09-16 01:00,2,26.73,8.98,8.75,279.9749,40.9461,2.99,0.056,0.041,1.5347,,,2026-09-16 02:25:59
浙江省,太湖流域,塘浦,2026-09-16 02:00,3,25.51,7.08,5.56,106.66,11.51,1.39,,0.021,0.96,,,2026-09-16 02:25:59
浙江省,太湖流域,荆湾,2026-09-16 02:00,3,27.28,6.6,5.55,172.98,7.29,1.33,0.034,0.026,1.441,,,2026-09-16 02:25:59
浙江省,太湖流域,铁路桥,2026-09-16 02:00,3,27.64,6.6,5.82,150.8,9.1,1.99,0.031,0.038,1.821,,,2026-09-16 02:25:59
浙江省,太湖流域,小梅口,2026-09-16 01:00,2,27.2,7.98,7.29,282,97.74,3.14,0.031,0.064,1.939,,,2026-09-16 02:25:59
浙江省,太湖流域,杨家浦,2026-09-16 02:00,3,26.93822,8.03,7.01,281.6004,60.63855,2.72,0.013,0.103,2.06997,,,2026-09-16 02:25:59
浙江省,太湖流域,新塘,2026-09-16 01:00,2,27.34,8.05,6.73,294.8,85.03,3.36,0.036,0.092,1.795,,,2026-09-16 02:25:59
浙江省,太湖流域,合溪,2026-09-16 02:00,2,27.31,7.88,6.7,292.7,84.95,2.63,0.057,0.047,1.815,,,2026-09-16 02:25:59
浙江省,浙闽片河流,曹娥江大闸闸前,2026-09-16 01:00,2,26.474,8.19,10.29,197.344,6.518,2.84,0.014,0.053,1.836,,,2026-09-16 02:25:59
浙江省,浙闽片河流,屠家埠,2026-09-16 01:00,2,27.453,8.02,8.53,140.496,13.607,1.81,0.06,0.046,1.859,,,2026-09-16 02:25:59
浙江省,浙闽片河流,葛山头,2026-09-16 01:00,3,26.79,6.78,5.08,140.1,16.91,2.11,0.087,0.051,1.858,,,2026-09-16 02:25:59
浙江省,浙闽片河流,湄池,2026-09-16 01:00,3,28.11,7.43,6.57,385.03,19.48,3.75,0.04,0.11,2.522,,,2026-09-16 02:25:59
浙江省,浙闽片河流,王家泾,2026-09-16 01:00,3,27.58,7.36,6.57,217.86,14.54,5.38,0.035,0.054,1.484,,,2026-09-16 02:25:59
浙江省,浙闽片河流,汤曹汇合口,2026-09-16 01:00,2,27.28,7.27,7.23,154.51,32.15,2.2,,0.046,2.25,,,2026-09-16 02:25:59
浙江省,浙闽片河流,义东桥,2026-09-16 01:00,3,27.127,8.22,9.02,318.353,14.773,3.05,0.192,0.126,2.615,,,2026-09-16 02:25:59
浙江省,浙闽片河流,塔下洲,2026-09-16 02:00,3,26.76,8.62,10.47,487.36,6.965,4.69,0.048,0.077,2.2783,,,2026-09-16 02:25:59
浙江省,浙闽片河流,东关桥,2026-09-16 01:00,3,28.036,7.62,6.45,491.499,11.361,3.5,0.054,0.158,2.767,,,2026-09-16 02:25:59
浙江省,浙闽片河流,费垅,2026-09-16 01:00,3,27.35,7.82,9.04,318.237,12.489,2.88,0.264,0.139,2.7083,,,2026-09-16 02:25:59
浙江省,浙闽片河流,台口,2026-09-16 01:00,1,25.59,8.3,7.83,155.87,699.575,1.95,,,1.1709,,,2026-09-16 02:25:59
浙江省,浙闽片河流,南江桥,2026-09-16 01:00,3,25.64,8.29,6.83,405.373,2.298,3.27,0.061,0.102,2.107,,,2026-09-16 02:25:59
浙江省,浙闽片河流,横山,2026-09-16 02:00,2,28.07,7.69,7.45,206.622,3.412,1.79,0.025,0.05,1.2495,,,2026-09-16 02:25:59
浙江省,浙闽片河流,洪坞桥,2026-09-16 01:00,3,26.98,7.35,6.12,316.2,2.97,2.51,0.044,0.109,2.642,,,2026-09-16 02:25:59
浙江省,浙闽片河流,章店,2026-09-16 02:00,3,25.9,7.46,6.26,319.031,3.179,2.85,0.062,0.11,2.1156,,,2026-09-16 02:25:59
浙江省,浙闽片河流,将军岩,2026-09-16 01:00,2,27.724,7.07,7.42,237.8,7.71,1.68,0.009,0.083,1.699,,,2026-09-16 02:25:59
浙江省,浙闽片河流,浮石渡,2026-09-16 01:00,2,27.9,7.37,7.26,169.15,11.66,1.56,0.044,0.046,1.509,,,2026-09-16 02:25:59
浙江省,浙闽片河流,双港口,2026-09-16 01:00,2,26.06,7.31,6.8,111.08,4.99,2.02,0.014,0.05,1.145,,,2026-09-16 02:25:59
浙江省,浙闽片河流,郑家,2026-09-16 01:00,1,25.29,6.4,7.86,72.22,20.72,0.67,0.007,0.018,0.982,,,2026-09-16 02:25:59
浙江省,浙闽片河流,下界首,2026-09-16 01:00,1,27.92,8.16,8.76,159.74,8.26,1.16,0.016,0.014,0.587,,,2026-09-16 02:25:59
浙江省,浙闽片河流,下童,2026-09-16 01:00,3,26.44,6.91,5.17,238.28,17.66,1.76,0.092,0.051,1.539,,,2026-09-16 02:25:59
浙江省,浙闽片河流,东迹渡,2026-09-16 01:00,1,19.54,6.59,9.4,,0.59,,0.01,,0.808,,,2026-09-16 02:25:59
浙江省,长江流域,苏庄,2026-09-16 01:00,1,26.09899,7.71,7.84,63.26608,124.5381,1.41,0.007,0.02,0.32799,,,2026-09-16 02:25:59
浙江省,浙闽片河流,临城,2026-09-16 01:00,3,27.87,8.63,10.86,3235,0.36,4.23,0.042,0.041,0.9,,,2026-09-16 02:25:59
浙江省,浙闽片河流,长潭水库坝口,2026-09-16 01:00,2,26.896,7.86,10.43,44.17,4.331,2.09,0.003,0.014,0.325,,,2026-09-16 02:25:59
浙江省,浙闽片河流,老鼠屿,2026-09-16 01:00,2,25.98,7.94,6.89,26837.5,564.074,2.08,,0.057,1.305,,,2026-09-16 02:25:59
浙江省,浙闽片河流,金清新闸,2026-09-16 02:00,4,26.27,7.35,3.09,672.654,54.707,3.83,0.453,0.165,2.949,,,2026-09-16 02:25:59
浙江省,浙闽片河流,里石门水库,2026-09-16 01:00,2,27.09,,13.8,63.05,2.165,3.8,0.012,0.017,0.3871,0.00945,1672389,2026-09-16 02:25:59
浙江省,浙闽片河流,温峤,2026-09-16 01:00,3,26.727,7.2,5.74,579.955,18.03,2.41,0.04,0.095,2.038,,,2026-09-16 02:25:59
浙江省,浙闽片河流,永宁江口,2026-09-16 01:00,2,26.58,7.23,6.51,68.021,20.929,1.4,0.09,0.042,0.7471,,,2026-09-16 02:25:59
浙江省,浙闽片河流,沙段,2026-09-16 01:00,2,26.34,7.09,7.47,115.002,7.384,2.41,0.027,0.036,1.2618,,,2026-09-16 02:25:59
浙江省,浙闽片河流,柏枝岙,2026-09-16 01:00,2,26.887,7.26,7.63,102.7,7.692,0.82,0.002,0.036,1.106,,,2026-09-16 02:25:59
浙江省,浙闽片河流,均溪,2026-09-16 01:00,2,26.43,6.73,6.92,44.48,4.74,1.32,0.022,0.009,0.652,,,2026-09-16 02:25:59
浙江省,浙闽片河流,风化,2026-09-16 01:00,2,27.13,7.23,8.26,94.36,6.49,1.16,0.021,0.041,1.176,,,2026-09-16 02:25:59
浙江省,浙闽片河流,临江,2026-09-16 02:00,2,25.2,6.71,7.69,56.94,6.4,1.12,0.087,0.03,0.672,,,2026-09-16 02:25:59
浙江省,浙闽片河流,堰后,2026-09-16 01:00,2,27.32,7.34,7.77,166.3,2.62,1.32,0.031,0.042,2.008,,,2026-09-16 02:25:59
浙江省,浙闽片河流,沙湾上,2026-09-16 02:00,1,22.06,7.14,8.47,,2.781,0.38,0.086,0.011,0.1951,,,2026-09-16 02:25:59
浙江省,浙闽片河流,小溪口,2026-09-16 01:00,2,24.68,6.77,6.36,30.969,10.474,1.34,,0.008,0.5195,,,2026-09-16 02:25:59
安徽省,巢湖流域,三胜大队渡口,2026-09-16 01:00,4,27.45,8.42,5.37,301.092,57.0227,6.76,0.13,0.13,0.8529,,,2026-09-16 02:25:59
安徽省,巢湖流域,兆河入湖口渡口,2026-09-16 01:00,4,27.16,8.73,7.38,301.972,43.7237,6.29,0.011,0.07,1.2661,,,2026-09-16 02:25:59
安徽省,巢湖流域,牛角大圩,2026-09-16 01:00,4,27.2,7.52,4.98,276.6,78.6024,4.15,,0.123,2.398,,,2026-09-16 02:25:59
安徽省,巢湖流域,北闸渡口,2026-09-16 01:00,3,25.873,6.97,5.77,151.049,22.84,4.24,0.036,0.047,1.126,,,2026-09-16 02:25:59
安徽省,巢湖流域,希望桥,2026-09-16 01:00,2,27,7.58,6.95,542.2,15.7,3.68,0.171,0.071,5.472,,,2026-09-16 02:25:59
安徽省,巢湖流域,石堆渡口,2026-09-16 01:00,3,26.68,7.23,5.19,201.0291,30.5249,4.11,0.107,0.101,1.4507,,,2026-09-16 02:25:59
安徽省,巢湖流域,柘皋大桥,2026-09-16 01:00,6,26.1,9.31,8.97,290.828,25.8667,6.67,0.034,0.071,0.56,,,2026-09-16 02:25:59
安徽省,巢湖流域,湖滨,2026-09-16 02:00,4,26.18,,7.32,273.12,26.83,4.18,,0.088,0.987,0.00407,4177456,2026-09-16 02:25:59
安徽省,巢湖流域,黄麓,2026-09-16 02:00,4,27.61,,7.75,294.25,20.441,5.3,,0.064,0.423,0.00718,4090432,2026-09-16 02:25:59
安徽省,巢湖流域,三河镇大桥,2026-09-16 01:00,2,26.25,7.19,6.88,176.8,5.75,3.71,0.057,0.055,1.041,,,2026-09-16 02:25:59
安徽省,巢湖流域,三河镇新大桥,2026-09-16 01:00,2,27.68,7.88,8.32,98.2,14.85,3.24,0.075,0.047,0.883,,,2026-09-16 02:25:59
安徽省,巢湖流域,施口,2026-09-16 01:00,3,26.96,8.2,5.34,356.0515,60.1058,5.53,0.177,0.186,3.007,,,2026-09-16 02:25:59
安徽省,巢湖流域,靠近大坝,2026-09-16 02:00,2,26.47,,8.17,148.52,9.74,3.94,,0.024,0.279,0.02029,1.563016,2026-09-16 02:25:59
安徽省,巢湖流域,新河入湖区,2026-09-16 02:00,5,26.21,,7.29,285.26,48.32,4.96,,0.102,0.581,0.00229,3.556256,2026-09-16 02:25:59
安徽省,巢湖流域,西半湖湖心,2026-09-16 02:00,4,25.96,,8.34,301.24,23.52,4.34,0.002,0.08,0.571,0.00502,4733627,2026-09-16 02:25:59
安徽省,巢湖流域,龟山,2026-09-16 02:00,4,26.12,,7.92,307.96,33.59,4.86,,0.078,0.31,0.01424,3.129136,2026-09-16 02:25:59
安徽省,巢湖流域,东半湖湖心,2026-09-16 02:00,4,25.74,,8.24,256.125,22.843,5.01,0.003,0.066,0.771,0.00346,1.367805,2026-09-16 02:25:59
安徽省,巢湖流域,忠庙,2026-09-16 02:00,4,25.87,,7.8,282.26,33.4,5.38,0.023,0.093,0.722,0.00895,5049528,2026-09-16 02:25:59
安徽省,巢湖流域,兆河入湖区,2026-09-16 02:00,4,25.62,8.83,7.67,300.87,23.82,4.76,,0.076,0.306,0.00297,6554172,2026-09-16 02:25:59
安徽省,巢湖流域,双桥河入湖口,2026-09-16 01:00,4,27.08,7.52,4.61,421.4083,37.2692,4.1,0.104,0.086,0.591,,,2026-09-16 02:25:59
安徽省,巢湖流域,繁华大道桥,2026-09-16 01:00,3,26.95,7.35,6.32,976.6998,53.6121,5.29,0.194,0.194,6.461,,,2026-09-16 02:25:59
安徽省,长江流域,东西梁山,2026-09-16 01:00,2,26.47,7.92,7.06,247.6806,44.1565,1.41,0.119,0.077,1.8043,,,2026-09-16 02:25:59
安徽省,长江流域,宝塔根,2026-09-16 01:00,2,26.72,7.81,7,247.2674,47.1792,2.03,0.061,0.054,1.6225,,,2026-09-16 02:25:59
安徽省,巢湖流域,裕溪口,2026-09-16 01:00,3,26.72,7.61,5.94,312.749,40.3821,2.68,0.135,0.07,1.3391,,,2026-09-16 02:25:59
安徽省,长江流域,荻港,2026-09-16 01:00,3,26.29,7.58,5.68,434,33.3532,2.87,0.171,0.08,1.3596,,,2026-09-16 02:25:59
安徽省,长江流域,澛港桥,2026-09-16 01:00,2,26.12,8.04,6.53,230.8944,11.9041,3.59,0.02,0.063,1.311,,,2026-09-16 02:25:59
安徽省,长江流域,西河入裕溪河口,2026-09-16 01:00,4,27.32,7.45,3.68,304.1214,56.0508,3.08,0.194,0.084,0.9189,,,2026-09-16 02:25:59
安徽省,淮河流域,沫河口,2026-09-16 01:00,3,26.72,7.68,5.68,543.6537,32.91,4.63,0.066,0.2,2.715,,,2026-09-16 02:25:59
安徽省,淮河流域,关咀,2026-09-16 01:00,4,26.02099,7.89,4.02,944.0286,25.24911,5.83,0.103,0.112,0.55828,,,2026-09-16 02:25:59
安徽省,淮河流域,五河,2026-09-16 01:00,3,26.05,8.36,6.85,929.1453,8.53186,5.49,0.027,0.07,1.4097,,,2026-09-16 02:25:59
安徽省,淮河流域,蚌埠固镇,2026-09-16 01:00,3,26.36,8.01,6.81,1085.702,40.45,4.27,0.078,0.118,3.8078,,,2026-09-16 02:25:59
安徽省,淮河流域,蚌埠闸上,2026-09-16 01:00,4,26.24,7.57,4.98,407.65,20.83,3.2,0.134,0.171,1.883,,,2026-09-16 02:25:59
安徽省,淮河流域,湖沟,2026-09-16 01:00,5,25.6873,8,2.6,1169.127,28.96979,3.95,0.092,0.071,3.16509,,,2026-09-16 02:25:59
安徽省,淮河流域,石头埠,2026-09-16 01:00,4,26.76,8.1,4.69,555.644,27.52685,3.23,0.057,0.118,3.39906,,,2026-09-16 02:25:59
安徽省,淮河流域,鲁台孜,2026-09-16 01:00,3,26.82,7.55,5.98,508.5575,29.54517,3.21,0.033,0.092,2.61936,,,2026-09-16 02:25:59
安徽省,淮河流域,西淝河闸下,2026-09-16 01:00,3,26.3727,7.81,5.88,806.614,13.90136,5.44,0.028,0.067,1.08442,,,2026-09-16 02:25:59
安徽省,淮河流域,新城口,2026-09-16 01:00,4,27.31306,7.61,4.25,426.3362,35.94967,2.86,0.006,0.116,3.14322,,,2026-09-16 02:25:59
安徽省,淮河流域,焦岗湖,2026-09-16 02:00,3,25.34,8.18,6.7,668.48,15.15,4.1,,0.035,0.289,0.00698,9940810,2026-09-16 02:25:59
安徽省,淮河流域,大店岗,2026-09-16 01:00,2,27.24,6.67,7.66,136.9822,26.13493,2.59,0.028,0.047,1.60186,,,2026-09-16 02:25:59
安徽省,淮河流域,五里闸,2026-09-16 01:00,2,26.52,7.44,6.18,293.5452,38.64277,3.96,0.028,0.05,0.99779,,,2026-09-16 02:25:59
安徽省,淮河流域,白洋淀渡口,2026-09-16 01:00,4,26.71341,6.93,4.19,211.401,56.51746,3.58,0.061,0.08,2.93576,,,2026-09-16 02:25:59
安徽省,长江流域,三兴村,2026-09-16 01:00,2,26.29,7.77,7.54,258.9701,43.93414,2.59,0.06,0.057,2.544,,,2026-09-16 02:25:59
安徽省,长江流域,得胜河入江口,2026-09-16 01:00,3,26.5116,7.76,6.04,375.7,19.3218,3.23,0.134,0.105,1.773,,,2026-09-16 02:25:59
安徽省,长江流域,姑溪河大桥,2026-09-16 01:00,3,26.729,7.6,7.94,194.52,51.1588,4.75,0.072,0.071,0.995,,,2026-09-16 02:25:59
安徽省,长江流域,当涂查湾,2026-09-16 01:00,2,27.58,7.33,6.66,188.8985,30.3321,2.63,,0.029,1.54,,,2026-09-16 02:25:59
安徽省,长江流域,乌江,2026-09-16 01:00,2,25.74755,7.89,7.07,259.5102,32.58783,,,,,,,2026-09-16 02:25:59
安徽省,长江流域,雨山河下游,2026-09-16 01:00,3,26.7807,7.98,8.16,643.2211,23.0668,5.15,0.101,0.151,4.184,,,2026-09-16 02:25:59
安徽省,淮河流域,小王桥,2026-09-16 01:00,4,25.91,7.99,3.2,1328.21,15.19,6.27,,0.094,1.043,,,2026-09-16 02:25:59
安徽省,淮河流域,后常桥,2026-09-16 01:00,3,26.20597,8.66,6.86,1229.51,79.67961,5.47,0.026,0.088,0.92709,,,2026-09-16 02:25:59
安徽省,淮河流域,李大桥闸,2026-09-16 01:00,5,25.15,7.96,2.33,1384.08,26.428,8.34,0.072,0.053,0.6704,,,2026-09-16 02:25:59
安徽省,长江流域,顺安河入江口,2026-09-16 01:00,2,26.18106,7.51,9.67,385.057,27.23141,2.07,0.023,0.031,1.44427,,,2026-09-16 02:25:59
安徽省,长江流域,陈家墩,2026-09-16 01:00,2,26.31,7.76,7.94,239.2,28.6433,1.57,0.049,0.048,1.87871,,,2026-09-16 02:25:59
安徽省,长江流域,枞阳大闸,2026-09-16 01:00,3,26.65,8.57,7.34,161.1411,49.34785,4.51,0.008,0.063,0.88834,,,2026-09-16 02:25:59
安徽省,长江流域,武昌湖,2026-09-16 01:00,4,25.71,7.22,4.4,159.3868,19.03956,3.37,0.036,0.033,0.79991,0.00872,7222259,2026-09-16 02:25:59
安徽省,长江流域,前江口,2026-09-16 01:00,2,26.36184,7.77,6.69,257.5124,38.92193,2.66,0.091,0.061,2.79913,,,2026-09-16 02:25:59
安徽省,长江流域,花亭湖坝前,2026-09-16 01:00,2,28.17,8.95,9.45,86.95873,5.31727,2.65,0.009,0.014,0.39894,0.00651,762709.8,2026-09-16 02:25:59
安徽省,长江流域,华阳河入江口,2026-09-16 01:00,2,26.9,8.19,7.7,299.7313,18.9519,2.49,0.034,0.049,0.58993,,,2026-09-16 02:25:59
安徽省,长江流域,水厂取水口,2026-09-16 01:00,6,26.43,9.31,9.6,120.7129,2.71816,1.86,0.007,0.027,0.52237,,,2026-09-16 02:25:59
安徽省,长江流域,车轴寺大桥,2026-09-16 01:00,4,27.34,7.39,4.97,113.9552,6.20234,1.85,0.013,0.029,1.01849,,,2026-09-16 02:25:59
安徽省,浙闽片河流,篁墩,2026-09-16 01:00,2,26.69105,7.72,6.44,150.169,5.91998,2.04,0.086,0.04,1.3675,,,2026-09-16 02:25:59
安徽省,浙闽片河流,率水大桥,2026-09-16 01:00,2,27.01344,8.9,11.23,69.29811,0.5339,1.82,0.026,0.021,0.53989,,,2026-09-16 02:25:59
安徽省,浙闽片河流,横江大桥,2026-09-16 01:00,2,28.65785,8.93,8.75,225.071,20.73491,3.15,0.022,0.022,0.52262,,,2026-09-16 02:25:59
安徽省,浙闽片河流,浦口,2026-09-16 01:00,4,27.17,7.89,4.76,480.6309,16.9529,2.18,0.075,0.047,1.2307,,,2026-09-16 02:25:59
安徽省,长江流域,太平湖湖心,2026-09-16 02:00,2,27.28,8.46,8.16,99.06,2.67,2.07,,0.009,0.408,0.00327,1408503,2026-09-16 02:25:59
安徽省,浙闽片河流,新管,2026-09-16 01:00,2,26.47047,8.53,7.9,232.0599,2.26151,1.97,0.006,0.029,0.68068,,,2026-09-16 02:25:59
安徽省,淮河流域,天长化工厂,2026-09-16 01:00,5,25.63,7.16,2.37,523.3741,53.68,4.16,0.173,0.153,2.5466,,,2026-09-16 02:25:59
安徽省,淮河流域,公路桥,2026-09-16 01:00,3,26.24,7.49,7.2,386.7192,32.9176,5.4,0.152,0.104,1.013,,,2026-09-16 02:25:59
安徽省,淮河流域,小柳巷,2026-09-16 01:00,3,25.58,7.35,6.2,435.84,17.296,3.9,0.01,0.129,1.95,,,2026-09-16 02:25:59
安徽省,长江流域,水口,2026-09-16 01:00,3,26.21,8.07,8.21,615.7474,58.4856,5.51,0.16,0.173,1.9159,,,2026-09-16 02:25:59
安徽省,长江流域,乌衣下,2026-09-16 01:00,4,27.22,8.38,14,786.06,11.98,6.64,0.024,0.055,3.437,,,2026-09-16 02:25:59
安徽省,长江流域,襄河大桥,2026-09-16 01:00,3,26.23,7.35,6.17,429.9951,34.159,4.35,0.084,0.076,0.835,,,2026-09-16 02:25:59
安徽省,长江流域,清流河口,2026-09-16 01:00,3,26.77754,7.91,6.98,456.7855,52.56414,4.06,0.083,0.164,0.49017,,,2026-09-16 02:25:59
安徽省,淮河流域,阜阳段下,2026-09-16 01:00,2,25.70035,8.14,7.28,900.8716,14.45315,,,,3.82747,,,2026-09-16 02:25:59
安徽省,淮河流域,杨湖,2026-09-16 01:00,3,27.26455,8.05,7.65,790.9709,9.95618,2.05,0.059,0.127,4.10555,,,2026-09-16 02:25:59
安徽省,淮河流域,张大桥,2026-09-16 01:00,3,25.753,7.95,11.21,1321.5,84.75,4.01,0.061,0.083,8.729,,,2026-09-16 02:25:59
安徽省,淮河流域,王家坝,2026-09-16 01:00,3,25.866,8.03,7.88,496.9,18.647,3.97,0.068,0.164,1.945,,,2026-09-16 02:25:59
安徽省,淮河流域,界首七渡口,2026-09-16 01:00,3,26.47,7.71,7.45,798.7,19.7,2.75,0.045,0.113,5.015,,,2026-09-16 02:25:59
安徽省,淮河流域,阜南,2026-09-16 01:00,3,25.52,7.66,6.11,634.4435,2.72627,4.47,0.013,0.072,0.69178,,,2026-09-16 02:25:59
安徽省,淮河流域,奎河苏皖省界,2026-09-16 01:00,3,25.26,7.85,7.72,1378.7,27,5.71,0.09,0.122,5.227,,,2026-09-16 02:25:59
安徽省,淮河流域,东坪集,2026-09-16 01:00,3,25.91,8,5.3,1220.997,19.92073,4.28,0.274,0.069,4.27448,,,2026-09-16 02:25:59
安徽省,淮河流域,符离闸,2026-09-16 01:00,4,25.51612,8.64,9.48,947.5359,32.95087,8.25,0.019,0.102,1.0734,,,2026-09-16 02:25:59
安徽省,淮河流域,芦岭桥,2026-09-16 01:00,3,26.25,8.69,9.38,1117.757,14.98,4.9,0.054,0.053,0.8421,,,2026-09-16 02:25:59
安徽省,淮河流域,工农兵大桥,2026-09-16 01:00,3,24.96157,7.79,8.19,312.3225,12.32161,4.35,0.064,0.053,0.619,,,2026-09-16 02:25:59
安徽省,淮河流域,陶洪集,2026-09-16 01:00,2,24.98094,7.31,8.83,88.1823,20.01091,2.44,0.028,0.046,1.38734,,,2026-09-16 02:25:59
安徽省,淮河流域,东湖闸,2026-09-16 01:00,3,24.98,7.4,7.04,218.198,84.95452,2.93,0.083,0.15,1.35851,,,2026-09-16 02:25:59
安徽省,淮河流域,新安渡口,2026-09-16 01:00,6,26.45,9.44,11.93,158.7477,6.72159,4.11,0.01,0.031,1.36787,,,2026-09-16 02:25:59
安徽省,淮河流域,响洪甸水库出水口,2026-09-16 01:00,4,21.21,6.89,4.8,95.55851,1.24206,2.29,0.0002,0.009,0.9669,,,2026-09-16 02:25:59
安徽省,淮河流域,丁埠大桥,2026-09-16 01:00,6,25.48723,9.06,10.04,137.0318,6.16955,2.71,0.001,0.037,0.215,,,2026-09-16 02:25:59
安徽省,巢湖流域,将军宕大桥,2026-09-16 01:00,3,26.34,6.79,5.9,108.435,21.564,2.54,0.074,0.035,0.974,,,2026-09-16 02:25:59
安徽省,淮河流域,固始李畈,2026-09-16 01:00,2,25.52,7.22,10.21,242.9406,2.14748,2.19,0.009,0.043,1.96006,,,2026-09-16 02:25:59
安徽省,淮河流域,涡阳义门大桥,2026-09-16 01:00,5,26.12,7.63,2.88,1304.055,14.0159,7.76,0.817,0.124,6.0718,,,2026-09-16 02:25:59
安徽省,淮河流域,利辛段,2026-09-16 01:00,3,26.48,8.03,8.8,989.17,4.89,5.87,0.029,0.093,2.5,,,2026-09-16 02:25:59
安徽省,长江流域,五步沟,2026-09-16 01:00,2,26.52009,7.88,7.24,242.6517,39.34967,2.18,0.059,0.053,2.23796,,,2026-09-16 02:25:59
安徽省,长江流域,张溪,2026-09-16 01:00,2,27.1,7.75,7.49,232.3549,3.90677,1.2,0.005,0.009,0.50382,,,2026-09-16 02:25:59
安徽省,长江流域,青通河河口,2026-09-16 01:00,4,27.33649,7.53,4.82,237.6403,73.44572,2.8,0.087,0.053,2.10146,,,2026-09-16 02:25:59
安徽省,长江流域,秋浦河入江口,2026-09-16 01:00,2,27.11972,7.85,6.66,230.2336,54.79089,1.48,0.023,0.025,1.01626,,,2026-09-16 02:25:59
安徽省,长江流域,东流,2026-09-16 01:00,4,26.94,7.27,4.06,186.652,28.79419,2.28,0.078,0.04,1.71543,,,2026-09-16 02:25:59
安徽省,长江流域,南漪湖西湖湖心,2026-09-16 02:00,4,26.43,7.63,6.72,173.02,46.24,3.73,,0.056,0.697,0.01058,2848087,2026-09-16 02:25:59
安徽省,太湖流域,殷桥,2026-09-16 01:00,5,27.42643,7.22,2.61,284.6762,47.36331,6.59,0.004,0.082,2.89501,,,2026-09-16 02:25:59
安徽省,长江流域,泾南交界,2026-09-16 01:00,2,24.71,7.62,7.08,137.242,7.508,1.71,0.004,0.021,0.6265,,,2026-09-16 02:25:59
安徽省,长江流域,汪溪,2026-09-16 01:00,2,25.39,7.65,7.48,190.0494,8.5076,0.97,0.03,0.024,1.085,,,2026-09-16 02:25:59
安徽省,长江流域,狮子口,2026-09-16 01:00,3,26,8.44,9.64,1044.106,9.977,4.66,,0.057,2.9262,,,2026-09-16 02:25:59
安徽省,长江流域,东村桥,2026-09-16 01:00,3,24.43678,7.55,5.98,447.7939,4.14579,2.14,0.009,0.044,0.85594,,,2026-09-16 02:25:59
安徽省,长江流域,旌泾交界,2026-09-16 01:00,2,25.324,8.13,7.86,184.549,7.052,1.58,0.002,0.061,0.69,,,2026-09-16 02:25:59
安徽省,长江流域,水碧桥,2026-09-16 01:00,4,24.75,7.15,4.46,218.2778,9.975,1.46,0.008,0.033,1.76878,,,2026-09-16 02:25:59
福建省,浙闽片河流,闽侯竹岐,2026-09-16 01:00,2,27.04,6.86,7.33,89.88,24.95,1.82,0.022,0.041,1.212,,,2026-09-16 02:25:59
福建省,浙闽片河流,闽安,2026-09-16 02:00,3,27.74,7.09,5.69,2340.51,378.01,3.89,0.165,0.163,2.237,,,2026-09-16 02:25:59
福建省,浙闽片河流,连江荷山渡口,2026-09-16 02:00,2,25.814,7.01,7.67,47.55,22.474,1.77,0.027,0.054,0.585,,,2026-09-16 02:25:59
福建省,浙闽片河流,永泰横龙,2026-09-16 01:00,2,25.249,8.15,9.1,37.999,6.876,1.2,0.008,0.031,0.455,,,2026-09-16 02:25:59
福建省,浙闽片河流,闽清雄江,2026-09-16 01:00,2,28.71,7.3,6.67,101.453,5.33,2.2,0.006,0.03,1.191,,,2026-09-16 02:25:59
福建省,浙闽片河流,梅溪口,2026-09-16 02:00,4,24.16,7.4,9.27,83.55,18.13,7.47,0.03,0.047,0.748,,,2026-09-16 02:25:59
福建省,浙闽片河流,隘头潭,2026-09-16 01:00,3,27.49,6.33,5.78,146.805,1.995,0.59,0.008,0.016,0.856,,,2026-09-16 02:25:59
福建省,浙闽片河流,将乐万全,2026-09-16 01:00,4,26.512,6.91,4.88,63.13,1.875,1.83,0.043,0.035,1.03,,,2026-09-16 02:25:59
福建省,浙闽片河流,宁化肖家,2026-09-16 01:00,2,26.147,7.03,7.62,78.576,2.283,1.27,0.046,0.063,0.873,,,2026-09-16 02:25:59
福建省,浙闽片河流,永安安砂水库下游,2026-09-16 01:00,3,24.909,6.49,5.29,64.625,9.544,1.67,0.033,0.051,1.042,,,2026-09-16 02:25:59
福建省,浙闽片河流,永安贡川桥,2026-09-16 00:00,2,25.3,6.95,6.78,97.3,16.2,1.61,0.058,0.059,1.029,,,2026-09-16 02:25:59
福建省,浙闽片河流,斑竹溪渡口,2026-09-16 01:00,2,26.262,6.84,6.53,123.08,7.062,1.51,0.023,0.05,1.297,,,2026-09-16 02:25:59
福建省,浙闽片河流,建宁袁庄,2026-09-16 01:00,2,25.082,7.08,10.14,68.806,2.676,1.14,0.02,0.051,1.01,,,2026-09-16 02:25:59
福建省,浙闽片河流,大田高才,2026-09-16 02:00,1,28.536,8.94,8.93,88.511,2.084,1.98,0.054,0.019,0.491,,,2026-09-16 02:25:59
福建省,浙闽片河流,尤溪拥口大桥,2026-09-16 01:00,2,23.54,7.21,7.34,109.582,3653.366,1.5,,0.05,1.1755,,,2026-09-16 02:25:59
福建省,浙闽片河流,南安康美桥,2026-09-16 01:00,4,26.08,6.99,7.62,80.664,107.811,0.54,0.144,0.279,0.7468,,,2026-09-16 02:25:59
福建省,浙闽片河流,永春东关桥,2026-09-16 01:00,2,24.35,6.25,6.64,88.6943,36.2616,1.22,0.081,0.048,2.287,,,2026-09-16 02:25:59
福建省,浙闽片河流,安溪罗内桥,2026-09-16 01:00,2,25.37,7.18,7.8,78.26,29.29,1.4,0.164,0.045,3.121,,,2026-09-16 02:25:59
福建省,浙闽片河流,南安霞东桥,2026-09-16 01:00,3,26.53,7.07,7.04,116.419,26.778,0.54,0.276,0.113,2.0926,,,2026-09-16 02:25:59
福建省,浙闽片河流,华安西陂,2026-09-16 02:00,2,24.83725,7.05,8.98,131.9629,36.53889,1.18,0.011,0.045,0.958,,,2026-09-16 02:25:59
福建省,浙闽片河流,南靖靖城桥,2026-09-16 02:00,6,32.47,4.28,7.43,,,1.22,0.033,0.031,6.593,,,2026-09-16 02:25:59
福建省,浙闽片河流,诏安澳子头,2026-09-16 02:00,2,28.2,7.57,8.51,90.119,4.378,1,0.081,0.094,1.933,,,2026-09-16 02:25:59
福建省,浙闽片河流,南靖洪濑汤坑桥,2026-09-16 01:00,2,26.943,6.45,7.83,221.4,19.205,0.86,0.043,0.043,15.652,,,2026-09-16 02:25:59
福建省,浙闽片河流,浦南水文站,2026-09-16 02:00,2,26.00997,7.15,7.68,135.9,31.713,0.62,0.178,0.045,1.41,,,2026-09-16 02:25:59
福建省,浙闽片河流,南溪浮宫桥,2026-09-16 02:00,3,27.25,7.12,7.14,1860.703,100.594,1.93,0.156,0.199,2.8388,,,2026-09-16 02:25:59
福建省,浙闽片河流,上坂,2026-09-16 02:00,3,27.49,6.34,6.4,144.65,35.618,0.93,0.42,0.13,4.8141,,,2026-09-16 02:25:59
福建省,浙闽片河流,云霄高塘渡口,2026-09-16 02:00,3,27.8,6.74,7.14,109.321,14.904,0.5,0.179,0.12,4.9925,,,2026-09-16 02:25:59
福建省,浙闽片河流,水汾桥,2026-09-16 01:00,2,26.84,6.91,6.21,158.64,8.81,1.34,0.046,0.042,1.12,,,2026-09-16 02:25:59
福建省,浙闽片河流,十里庵,2026-09-16 01:00,2,28.56,6.58,6.63,96.16,5.32,1.2,0.03,0.051,1.37,,,2026-09-16 02:25:59
福建省,浙闽片河流,邵武晒口桥,2026-09-16 01:00,2,26.9,7.27,7.3,139.02,8.37,0.94,0.019,0.037,0.97,,,2026-09-16 02:25:59
福建省,浙闽片河流,武夷山兴田,2026-09-16 01:00,2,26.83023,6.91,7.05,46.55045,16.933,1.49,0.013,0.012,0.56846,,,2026-09-16 02:25:59
福建省,浙闽片河流,建瓯蓬墩,2026-09-16 01:00,2,28.99,6.94,6.17,62.12,7.41,1.34,0.215,0.031,1.122,,,2026-09-16 02:25:59
福建省,浙闽片河流,浪石,2026-09-16 01:00,2,28.634,6.69,6.12,94.715,1.837,1.47,0.063,0.051,1.173,,,2026-09-16 02:25:59
福建省,浙闽片河流,将乐樟应,2026-09-16 01:00,2,28.40833,6.97,6.53,67.001,1.9508,1.87,0.01,0.023,0.796,,,2026-09-16 02:25:59
福建省,浙闽片河流,建阳坪州大桥,2026-09-16 01:00,2,28.11,7.25,8.72,108.6,6.914,1.81,0.017,0.038,1.001,,,2026-09-16 02:25:59
福建省,浙闽片河流,政和西津,2026-09-16 01:00,2,28.945,7.14,6.91,95.459,12.22,2.18,0.058,0.03,1.071,,,2026-09-16 02:25:59
福建省,浙闽片河流,雁石桥,2026-09-16 02:00,2,27.11,7.66,8.34,280.829,268.628,0.99,0.103,0.048,1.456,,,2026-09-16 02:25:59
福建省,珠江流域,长汀美西桥,2026-09-16 02:00,2,25.78,7.02,7.5,119.563,14.805,1.42,0.083,0.075,7.4927,,,2026-09-16 02:25:59
福建省,浙闽片河流,福安赛岐,2026-09-16 01:00,3,26.31,6.93,5.09,1355.51,141.7,2.67,0.03,0.068,1.315,,,2026-09-16 02:25:59
福建省,浙闽片河流,八都,2026-09-16 01:00,2,25.39,6.88,8.57,39.94,3.083,1.66,0.01,0.047,0.934,,,2026-09-16 02:25:59
福建省,浙闽片河流,古田黄田,2026-09-16 01:00,2,29.445,7.67,7.93,88.896,8.704,2.61,0.058,0.06,1.268,,,2026-09-16 02:25:59
福建省,浙闽片河流,福安洪口,2026-09-16 02:00,2,25.35,7.12,8.49,43.45,25.48,1.02,0.032,0.047,0.976,,,2026-09-16 02:25:59
江西省,长江流域,周坊,2026-09-16 01:00,2,25.41,7,7.66,107.5347,21.8319,1.6,0.007,0.056,1.29287,,,2026-09-16 02:25:59
江西省,长江流域,大港,2026-09-16 01:00,2,26.76,7.45,7.82,129.34,37.94,1.48,0.073,0.058,1.587,,,2026-09-16 02:25:59
江西省,长江流域,生米,2026-09-16 02:00,2,23.76,6.7,8.47,118.399,14.981,1.52,0.04,0.086,1.086,,,2026-09-16 02:25:59
江西省,长江流域,滁槎,2026-09-16 01:00,2,26.49,6.32,6.27,128.59,19.36,1.84,0.049,0.066,2.025,,,2026-09-16 02:25:59
江西省,长江流域,塔城,2026-09-16 02:00,2,26.8,8.1,8.03,89.54,60.72,2.6,0.034,0.066,1.259,,,2026-09-16 02:25:59
江西省,长江流域,昌邑,2026-09-16 01:00,2,26.21,7.62,7.46,126.31,37.67,2.59,,0.067,1.445,,,2026-09-16 02:25:59
江西省,长江流域,八一桥,2026-09-16 02:00,2,27.35,7.45,7.54,109.372,26.967,2.56,0.125,0.071,0.9551,,,2026-09-16 02:25:59
江西省,长江流域,焦石坝,2026-09-16 01:00,2,26.16,7.85,8.81,94.65,12.1,2.45,0.084,0.039,1.1296,,,2026-09-16 02:25:59
江西省,长江流域,鲇鱼山,2026-09-16 01:00,2,29.3,7.31,6.54,201.67,4.88,1.54,0.02,0.038,1.311,,,2026-09-16 02:25:59
江西省,长江流域,戴村,2026-09-16 01:00,2,29.07,7.3,6.8,542.956,12.34,1.12,0.043,0.021,0.622,,,2026-09-16 02:25:59
江西省,长江流域,南河河口,2026-09-16 01:00,5,27.73,6.78,2.68,247.61,22.7,1.61,0.21,0.126,2.389,,,2026-09-16 02:25:59
江西省,长江流域,镇埠,2026-09-16 02:00,2,26.69,6.85,6.23,96.62,0.06,1.31,0.001,0.019,0.508,,,2026-09-16 02:25:59
江西省,长江流域,龙山口,2026-09-16 02:00,2,25.97,8.5,8.08,264.004,6.915,1.6,0.003,0.025,0.637,,,2026-09-16 02:25:59
江西省,长江流域,桐车湾,2026-09-16 02:00,3,26.55,7.94,5.84,350.23,1.806,1.98,0.056,0.082,1.703,,,2026-09-16 02:25:59
江西省,长江流域,金鱼石,2026-09-16 01:00,2,27.08,7.75,7.29,298.33,4.61,0.82,0.021,0.056,2.045,,,2026-09-16 02:25:59
江西省,长江流域,吴城修河,2026-09-16 01:00,2,26.953,7.3,8.4,106.72,17.28,2.13,0.002,0.023,0.6886,,,2026-09-16 02:25:59
江西省,长江流域,姚港,2026-09-16 01:00,2,26.14,7.77,7.61,344.66,23.22,1.54,0.044,0.067,1.458,,,2026-09-16 02:25:59
江西省,长江流域,湖口,2026-09-16 02:00,2,26.0676,7.89,7.38,327.47,30.11,1.86,0.005,0.074,2,,,2026-09-16 02:25:59
江西省,长江流域,蛤蟆石,2026-09-16 02:00,3,26.25,7.12,7.75,111.72,39.81,2.55,,0.05,1.899,0.001,264410.8,2026-09-16 02:25:59
江西省,长江流域,都昌,2026-09-16 01:00,3,26.35,7.15,6.85,133.03,84.55,3.45,,0.04,1.11,0.03025,2.549,2026-09-16 02:25:59
江西省,长江流域,潦河河口,2026-09-16 01:00,2,27.02,7.06,7.19,128.84,15.041,1.96,0.027,0.04,0.7044,,,2026-09-16 02:25:59
江西省,长江流域,三都,2026-09-16 01:00,2,26.63,7.04,8,112.83,2.5,1.5,0.017,0.039,0.708,,,2026-09-16 02:25:59
江西省,长江流域,柘林湖坝上,2026-09-16 01:00,2,27.806,8.26,10.11,99.66,0.968,2.1,,0.009,0.518,,,2026-09-16 02:25:59
江西省,长江流域,洋港镇,2026-09-16 01:00,3,23.855,7.42,5.96,331.74,1.189,0.39,0.003,0.004,0.74523,,,2026-09-16 02:25:59
江西省,长江流域,修水界上桥,2026-09-16 01:00,6,26.85,9.04,5.48,129.784,3.88,2.65,0.009,0.058,0.73966,,,2026-09-16 02:25:59
江西省,长江流域,共青城寨下,2026-09-16 01:00,3,27.8,7.69,5.99,480.3,25.8,3.46,0.291,0.071,1.742,,,2026-09-16 02:25:59
江西省,长江流域,罗坊,2026-09-16 02:00,2,27.59,7.48,7.46,241.335,21.728,3.23,0.115,0.082,1.3343,,,2026-09-16 02:25:59
江西省,长江流域,孔目江江口,2026-09-16 02:00,3,28.21,7.33,5.34,365.686,23.395,2.91,0.221,0.077,1.1579,,,2026-09-16 02:25:59
江西省,长江流域,浮桥,2026-09-16 02:00,2,27.3,7.76,6.84,184.2,9.401,3.43,0.096,0.068,1.3415,,,2026-09-16 02:25:59
江西省,长江流域,傣家村,2026-09-16 02:00,3,27.74,8.97,7.8,174.407,6.8,4.43,0.09,0.041,0.6589,0.02101,2.225981,2026-09-16 02:25:59
江西省,长江流域,炭埠周家,2026-09-16 01:00,2,27.49,7.05,8.66,120.87,4.1,1.62,,0.042,1,,,2026-09-16 02:25:59
江西省,长江流域,白塔河河口,2026-09-16 01:00,2,27.21,6.73,6,86.139,5.058,1.67,0.072,0.041,0.5901,,,2026-09-16 02:25:59
江西省,长江流域,土桥,2026-09-16 02:00,2,27.44,7.4,7.2,130.736,3.387,2.59,0.034,0.044,0.9546,,,2026-09-16 02:25:59
江西省,长江流域,流口村,2026-09-16 01:00,2,28.58,7.04,6.92,133.6189,12.88886,1.62,,0.053,1.155597,,,2026-09-16 02:25:59
江西省,长江流域,市自来水厂,2026-09-16 01:00,2,26.8,7.08,7.99,89.973,8.338,0.12,0.091,0.039,0.8204,,,2026-09-16 02:25:59
江西省,长江流域,新庙前,2026-09-16 01:00,2,27.68,7.21,6.93,108.008,24.877,0.86,0.025,0.048,1.369,,,2026-09-16 02:25:59
江西省,长江流域,赣县梅林,2026-09-16 02:00,3,27.75,7.34,6.57,119.569,9.585,1.46,0.095,0.102,1.3325,,,2026-09-16 02:25:59
江西省,长江流域,梓坑,2026-09-16 01:00,2,27.33,7.3,6.98,101.105,10.518,2.32,0.109,0.079,1.3312,,,2026-09-16 02:25:59
江西省,长江流域,峡山,2026-09-16 02:00,3,28.65,7.35,6.89,102.918,3.931,1.36,0.149,0.105,1.1004,,,2026-09-16 02:25:59
江西省,长江流域,梅江江口,2026-09-16 01:00,2,29.05,7.26,7.07,99.75,12.719,1.49,0.135,0.079,0.9281,,,2026-09-16 02:25:59
江西省,长江流域,平江江口,2026-09-16 02:00,2,27.92,7.33,7.02,118.885,14.511,1.58,0.098,0.048,0.8005,,,2026-09-16 02:25:59
江西省,长江流域,上犹江江口,2026-09-16 02:00,2,25.99,7.08,7.47,69.445,16.382,1.78,0.11,0.025,0.584,,,2026-09-16 02:25:59
江西省,长江流域,龙南自来水厂,2026-09-16 02:00,2,26.55,7.4,7.53,254.829,3.935,1.03,0.034,0.023,0.7927,,,2026-09-16 02:25:59
江西省,长江流域,桃江江口,2026-09-16 01:00,2,26.75,7.21,6.5,151.817,13.456,0.87,0.093,0.053,2.0391,,,2026-09-16 02:25:59
江西省,长江流域,大余城郊,2026-09-16 01:00,2,24.99,7.22,8.93,81.69,8.42,0.82,0.155,0.023,0.7895,,,2026-09-16 02:25:59
江西省,长江流域,汝城多发电站,2026-09-16 01:00,2,22.09,7.05,8.39,61.99,6.07,0.76,,0.026,0.675,,,2026-09-16 02:25:59
江西省,珠江流域,兴宁电站,2026-09-16 01:00,2,29.48,8.97,13.75,66.7883,4.186541,2.05,0.007,0.028,2.13463,,,2026-09-16 02:25:59
江西省,长江流域,通津,2026-09-16 02:00,2,26.09,7.19,7.07,89.804,31.295,1.19,0.12,0.062,0.9367,,,2026-09-16 02:25:59
江西省,长江流域,金滩,2026-09-16 01:00,2,27.28,7.21,6.73,98.066,19.768,1.04,0.169,0.064,1.0067,,,2026-09-16 02:25:59
江西省,长江流域,孤江江口,2026-09-16 01:00,2,28.14,7.34,7.26,75.369,8.713,2.14,0.054,0.046,0.6432,,,2026-09-16 02:25:59
江西省,长江流域,禾水河口,2026-09-16 01:00,2,27.95,7.38,7.09,120.976,14.943,1.68,0.14,0.044,0.7927,,,2026-09-16 02:25:59
江西省,长江流域,蜀水河口,2026-09-16 01:00,2,26.92,7.11,7.79,70.639,19.998,0.55,0.161,0.058,0.833,,,2026-09-16 02:25:59
江西省,长江流域,乌江江口,2026-09-16 02:00,2,28.46,7.56,7.21,136.477,11.66,1.23,0.094,0.044,0.7704,,,2026-09-16 02:25:59
江西省,长江流域,棚下,2026-09-16 01:00,2,26.32,7.28,7.56,142.5558,8.55,1.59,0.035,0.056,1.065,,,2026-09-16 02:25:59
江西省,长江流域,丰城小港口,2026-09-16 01:00,2,27.382,7.25,9.29,97.52,74.3646,1.54,0.015,0.056,1.2144,,,2026-09-16 02:25:59
江西省,长江流域,高安市青州村,2026-09-16 01:00,2,27.81,7.98,8.41,193.9,2.79,1.99,0.005,0.054,1.196,,,2026-09-16 02:25:59
江西省,长江流域,良田村,2026-09-16 01:00,2,25.34,7.97,8.13,204.99,3.07,1.82,0.005,0.045,1.246,,,2026-09-16 02:25:59
江西省,长江流域,三洪村,2026-09-16 01:00,2,27.4,6.88,6.57,103.3,17.46,1.2,0.008,0.037,0.783,,,2026-09-16 02:25:59
江西省,长江流域,肖江江口,2026-09-16 01:00,3,28.568,7.28,5.42,258.131,20.414,3.11,0.051,0.105,1.234,,,2026-09-16 02:25:59
江西省,长江流域,修河港口,2026-09-16 01:00,1,25.44,7.15,8.36,42.21,2.52,0.49,0.006,0.007,0.317,,,2026-09-16 02:25:59
江西省,长江流域,超坊,2026-09-16 02:00,2,27.23,7.85,7.53,94.549,20.414,2.34,0.187,0.058,0.8399,,,2026-09-16 02:25:59
江西省,长江流域,钟岭水厂,2026-09-16 01:00,2,28.26,7.51,7.86,75.97,17.82,2.61,,0.048,0.9379,,,2026-09-16 02:25:59
江西省,长江流域,临水河口,2026-09-16 01:00,2,26.54,7.01,8.08,83.1,8.77,1.93,0.076,0.051,0.873,,,2026-09-16 02:25:59
江西省,长江流域,赵家湾,2026-09-16 01:00,3,28.889,7.1,5.92,254.835,25.6141,1.44,0.026,0.031,1.022,,,2026-09-16 02:25:59
江西省,长江流域,康山,2026-09-16 01:00,5,26.64,6.58,6.45,112.2,62.23,3.05,0.189,0.103,1.297,0.0131,669000,2026-09-16 02:25:59
江西省,长江流域,野鸡山村,2026-09-16 01:00,2,28.6,7.24,6.98,750.48,1.83,2.01,0.064,0.029,0.67,,,2026-09-16 02:25:59
江西省,长江流域,瑞洪大桥,2026-09-16 01:00,4,30.26,6.81,4.52,115.89,22.68,1.84,,0.043,1.027,,,2026-09-16 02:25:59
江西省,长江流域,弋阳,2026-09-16 01:00,2,28.3,7.55,7.59,147.68,2.47,1.59,,0.06,1.058,,,2026-09-16 02:25:59
江西省,长江流域,鄱阳花园,2026-09-16 02:00,2,28.56,7.76,8.12,165.78,5.57,2.46,0.032,0.015,1.576,,,2026-09-16 02:25:59
江西省,长江流域,洎水河河口,2026-09-16 01:00,2,28.96,7.12,6.23,397.97,10.8,2.29,0.036,0.04,1.168,,,2026-09-16 02:25:59
江西省,长江流域,铅山,2026-09-16 01:00,2,28.59,7.72,8.63,154.67,5.18,2.25,0.066,0.076,0.788,,,2026-09-16 02:25:59
江西省,长江流域,旗山,2026-09-16 01:00,2,28.19,7.47,7.43,138.18,5.45,1.59,0.041,0.062,1.073,,,2026-09-16 02:25:59
江西省,长江流域,应家坊,2026-09-16 01:00,2,28.09,7.25,7.21,164.96,4.47,1.7,0.074,0.084,1.281,,,2026-09-16 02:25:59
山东省,淮河流域,辛丰庄,2026-09-16 01:00,2,24.421,7.91,9.82,1166.69,19.534,2.37,0.081,0.016,6.51,,,2026-09-16 02:25:59
山东省,黄河流域,泺口,2026-09-16 01:00,2,24.8,8.34,7.78,695.8,267.71,2.24,0.111,0.068,2.709,,,2026-09-16 02:25:59
山东省,淮河流域,睦里庄,2026-09-16 01:00,3,22.784,7.44,5.5,762.741,8.203,2.67,0.02,0.044,1.031,,,2026-09-16 02:25:59
山东省,黄河流域,卧虎山水库,2026-09-16 01:00,1,22.68,8.05,9.03,522.538,5.572,1.68,,0.009,3.933,,,2026-09-16 02:25:59
山东省,淮河流域,斜拉桥,2026-09-16 01:00,6,22.962,7.46,0.47,854.164,31.001,6.42,0.467,0.083,1.197,,,2026-09-16 02:25:59
山东省,淮河流域,马连庄,2026-09-16 01:00,2,23.045,7.74,9.42,967.49,4.55,2.49,,0.012,15.508,,,2026-09-16 02:25:59
山东省,淮河流域,吉利河水库出口,2026-09-16 01:00,3,23.478,8.71,7.81,336.914,10.342,4.61,0.018,0.044,0.76,,,2026-09-16 02:25:59
山东省,淮河流域,墨水河入海口,2026-09-16 01:00,5,26.059,7.99,10.11,2029.91,2.88,10.13,0.05,0.183,6.243,,,2026-09-16 02:25:59
山东省,淮河流域,韩旺大桥,2026-09-16 02:00,2,23.947,7.71,8.97,843.746,2.34,2.1,0.016,0.009,24.22,,,2026-09-16 02:25:59
山东省,淮河流域,台儿庄大桥,2026-09-16 01:00,2,25.72,7.98,6.75,1222.89,30.22,3.29,0.158,0.046,2.456,,,2026-09-16 02:25:59
山东省,淮河流域,群乐桥,2026-09-16 01:00,3,20.5,7.89,6.87,1795.78,47.135,4.44,0.022,0.075,2.821,,,2026-09-16 02:25:59
山东省,淮河流域,王晁桥,2026-09-16 01:00,4,23.878,7.76,4.11,1137.13,18.351,2.34,0.053,0.131,6,,,2026-09-16 02:25:59
山东省,淮河流域,十字河大桥,2026-09-16 01:00,3,25.07,7.93,8.25,1307.43,4.543,4.54,0.006,0.032,0.417,,,2026-09-16 02:25:59
山东省,淮河流域,贾庄闸,2026-09-16 01:00,3,24.79,7.9,8,1319.67,10.6,4.11,0.008,0.089,4.997,,,2026-09-16 02:25:59
山东省,淮河流域,支脉河陈桥,2026-09-16 01:00,5,25.397,8.3,8.36,7400.994,51.685,10.44,0.018,0.139,2.543,,,2026-09-16 02:25:59
山东省,淮河流域,新夹河大桥,2026-09-16 01:00,2,21.67204,8.66,7.03,842.9434,1.96875,3.77,0.041,0.007,1.60329,,,2026-09-16 02:25:59
山东省,淮河流域,桥头,2026-09-16 01:00,4,21.59,7.67,4.44,849.532,15.91,7.41,0.442,0.218,4.76,,,2026-09-16 02:25:59
山东省,淮河流域,东村河入海口,2026-09-16 01:00,3,22.231,7.32,10.03,708.661,28.659,4.78,0.036,0.063,1.873,,,2026-09-16 02:25:59
山东省,淮河流域,羊口,2026-09-16 01:00,6,24.441,7.83,1.59,4691.921,64.683,5.39,0.152,0.197,4.235,,,2026-09-16 02:25:59
山东省,淮河流域,峡山水库库中,2026-09-16 02:00,5,24.8,8.89,8.68,752.3,7.29,11.55,,0.027,0.31,0.03165,1.530236,2026-09-16 02:25:59
山东省,淮河流域,柳疃桥,2026-09-16 01:00,3,25.116,7.66,10.44,1468.766,35.856,5.87,0.031,0.078,6.295,,,2026-09-16 02:25:59
山东省,淮河流域,张建桥,2026-09-16 01:00,2,24.101,7.78,8.4,2756.372,7.169,3.28,0.068,0.051,12.364,,,2026-09-16 02:25:59
山东省,淮河流域,兖州南大桥,2026-09-16 01:00,3,25.314,7.94,9.14,1063.15,7.2,4.17,0.028,0.058,1.2014,,,2026-09-16 02:25:59
山东省,淮河流域,105公路桥,2026-09-16 01:00,4,25.957,7.69,3.27,1545.06,48.931,5.21,0.098,0.146,2.964,,,2026-09-16 02:25:59
山东省,淮河流域,高河桥,2026-09-16 01:00,4,25.904,8.31,6.94,1362.99,20.685,6.14,0.011,0.095,1.595,,,2026-09-16 02:25:59
山东省,淮河流域,西石佛,2026-09-16 01:00,4,25.194,7.54,4.66,1255,41.315,4.09,0.089,0.049,2.808,,,2026-09-16 02:25:59
山东省,淮河流域,老运河微山段,2026-09-16 01:00,2,24.056,7.79,8.87,,2410.77,3.65,0.064,0.035,1.15,,,2026-09-16 02:25:59
山东省,淮河流域,李集,2026-09-16 01:00,3,24.749,8.35,7.41,1149.5,16.316,4.2,0.001,0.064,1.56,,,2026-09-16 02:25:59
山东省,淮河流域,尹沟,2026-09-16 01:00,2,25.2,8.28,7.94,940.53,17.26,3.67,0.163,0.034,0.914,0.03,,2026-09-16 02:25:59
山东省,淮河流域,西支河入湖口,2026-09-16 01:00,3,25.887,8.21,6.16,1337.08,14.312,5.92,0.012,0.023,1.069,,,2026-09-16 02:25:59
山东省,淮河流域,东石佛,2026-09-16 01:00,3,25.005,7.73,5.18,1184.452,21.059,3.6,0.027,0.026,1.166,,,2026-09-16 02:25:59
山东省,淮河流域,西姚,2026-09-16 01:00,4,25.652,7.92,4.36,1307,28.22,3.7,0.108,0.205,2.208,,,2026-09-16 02:25:59
山东省,淮河流域,鲁桥,2026-09-16 01:00,3,25.864,8.14,7.32,1646.49,24.61,5.6,0.013,0.068,0.774,,,2026-09-16 02:25:59
山东省,淮河流域,牛庄闸,2026-09-16 01:00,2,25.905,8.29,8.53,969.021,8.142,3.58,0.031,0.002,0.933,,,2026-09-16 02:25:59
山东省,淮河流域,湘子庙,2026-09-16 01:00,5,24.97,8.23,2.26,1681.83,82.04,4.82,0.056,0.255,3.17336,,,2026-09-16 02:25:59
山东省,黄河流域,戴村坝,2026-09-16 01:00,2,26.47,7.55,6.17,875.58,19.13,2.19,0.083,0.014,2.692,,,2026-09-16 02:25:59
山东省,黄河流域,徐家汶,2026-09-16 01:00,2,23.68374,7.97,8.94,1350.361,1.3845,1.79,0.028,0.052,37.09055,,,2026-09-16 02:25:59
山东省,淮河流域,南桥,2026-09-16 02:00,4,23.136,8.4,8.12,1511.793,25.937,6.38,0.131,0.096,1.798,,,2026-09-16 02:25:59
山东省,淮河流域,大古镇,2026-09-16 01:00,3,25.8,7.4,10.74,880.71,19.63,4.82,0.01,0.084,5.957,,,2026-09-16 02:25:59
山东省,淮河流域,夏庄,2026-09-16 01:00,5,23.81,6.35,10.92,1326.6,14.1,11.42,0.031,0.174,3.4384,,,2026-09-16 02:25:59
山东省,黄河流域,贺小庄,2026-09-16 02:00,2,24.695,7.98,7.93,836.408,6.684,3.73,0.091,0.018,1.491,,,2026-09-16 02:25:59
山东省,淮河流域,临沂北大桥,2026-09-16 01:00,4,23.65,8.97,11.94,451.18,21.938,8.18,0.013,0.081,2.032,,,2026-09-16 02:25:59
山东省,淮河流域,捷庄,2026-09-16 01:00,4,25.4,7.69,19.47,645.592,18.277,9.41,0.057,0.104,1.089,,,2026-09-16 02:25:59
山东省,淮河流域,临沭大兴桥,2026-09-16 01:00,4,24.756,7.06,9.38,550.782,7.563,6.72,0.004,0.065,0.734,,,2026-09-16 02:25:59
山东省,淮河流域,310公路桥,2026-09-16 01:00,6,23.46,7.24,1.88,808.67,5.37,3.41,0.046,0.081,0.253,,,2026-09-16 02:25:59
山东省,淮河流域,沙沟桥,2026-09-16 01:00,4,21.94,7.44,4.59,782.18,4.66,3.83,0.12,0.063,3.666,,,2026-09-16 02:25:59
山东省,淮河流域,云蒙湖湖心,2026-09-16 01:00,3,21.99,,11.42,419.5,4.79,5.22,,0.024,2.966,0.01863,7373420,2026-09-16 02:25:59
山东省,海河流域,第三店,2026-09-16 01:00,2,25.701,8.4,11.77,890.258,30.294,3.44,0.028,0.035,2.876,,,2026-09-16 02:25:59
山东省,海河流域,董姑桥,2026-09-16 02:00,2,23.809,8.31,6.66,1104,34.095,3.74,0.04,,0.781,,,2026-09-16 02:25:59
山东省,海河流域,油坊桥,2026-09-16 02:00,3,24.438,8.05,6.55,928.92,96.77,2.08,0.117,0.11,4.216,,,2026-09-16 02:25:59
山东省,海河流域,秤勾湾,2026-09-16 01:00,3,24.25,8.13,7.21,1046.71,82.61,2.44,0.683,0.122,7.3413,,,2026-09-16 02:25:59
山东省,海河流域,北湖,2026-09-16 02:00,2,24.94,8.68,8.86,927.46,3.46,2.9,,0.014,1.409,0.0145,7212867,2026-09-16 02:25:59
山东省,海河流域,小泊头桥,2026-09-16 01:00,2,23.931,8.02,7.68,1131.671,13.907,2.19,0.031,0.095,4.788,,,2026-09-16 02:25:59
山东省,海河流域,胜利桥,2026-09-16 01:00,4,24.371,8.28,13.57,2294.122,21.134,6.98,0.047,0.117,1.982,,,2026-09-16 02:25:59
山东省,海河流域,富国,2026-09-16 01:00,3,23.583,7.94,,2092.27,17.32,5.66,0.036,0.067,1.173,,,2026-09-16 02:25:59
山东省,海河流域,芦家河子水库,2026-09-16 01:00,6,22.808,9.16,10.58,834.441,27.626,4.32,0.022,0.045,1.068,,,2026-09-16 02:25:59
山东省,海河流域,三角洼水库,2026-09-16 01:00,2,23.892,8.42,9.93,1007.788,23.363,2.29,0.045,0.039,1.027,,,2026-09-16 02:25:59
山东省,淮河流域,西闸,2026-09-16 01:00,3,24.684,8.01,8.77,1574.192,13.726,4.28,0.089,0.108,6.806,,,2026-09-16 02:25:59
山东省,淮河流域,范李,2026-09-16 01:00,3,24.767,8.05,5.45,2014.024,25.205,3.53,0.221,0.151,5.636,,,2026-09-16 02:25:59
山东省,海河流域,邵家,2026-09-16 01:00,5,25.788,7.67,20.1,9581.48,429.02,13.62,0.042,0.114,2.472,,,2026-09-16 02:25:59
山东省,淮河流域,于楼,2026-09-16 01:00,4,24.984,8.83,9.9,2082.03,39.943,6.38,0.026,0.205,1.06,,,2026-09-16 02:25:59
山东省,淮河流域,徐寨,2026-09-16 01:00,3,25.221,8.77,11.12,1715.36,22.582,4.61,,0.13,1.101,,,2026-09-16 02:25:59
河南省,黄河流域,七里铺,2026-09-16 01:00,3,25.459,8,7.82,674.762,14.9216,2.93,0.099,0.125,4.572,,,2026-09-16 02:25:59
河南省,淮河流域,尖岗水库,2026-09-16 01:00,2,25.98,8.88,11.63,256.174,2.7721,2.56,,0.008,0.3501,,,2026-09-16 02:25:59
河南省,淮河流域,新郑黄甫寨,2026-09-16 01:00,2,25.44,8.07,12.14,931.11,14.18,3.72,0.005,0.04,3.2466,,,2026-09-16 02:25:59
河南省,淮河流域,通许邸阁,2026-09-16 01:00,4,25.48,7.97,6.47,862.49,155.65,2.91,0.102,0.238,3.299,,,2026-09-16 02:25:59
河南省,淮河流域,中牟陈桥,2026-09-16 01:00,4,25.73,8.06,9.53,816.31,40.22,6.91,,0.114,5.3417,,,2026-09-16 02:25:59
河南省,黄河流域,高崖寨,2026-09-16 01:00,2,25.13,8.35,6.99,504.05,5.69,2.6,,0.032,3.128,,,2026-09-16 02:25:59
河南省,黄河流域,龙门大桥,2026-09-16 01:00,2,24.643,8.41,8.14,499.243,15.908,3.59,,0.044,3.512,,,2026-09-16 02:25:59
河南省,淮河流域,紫罗山,2026-09-16 01:00,3,22.81949,7.88,7.87,267.9222,55.95193,4.05,0.089,0.059,4.25135,,,2026-09-16 02:25:59
河南省,黄河流域,白马寺,2026-09-16 01:00,3,25.62,8,9.28,740.8,14.1,2.3,0.016,0.185,4.634,,,2026-09-16 02:25:59
河南省,黄河流域,潭头,2026-09-16 01:00,2,22.674,8.05,7.19,538.4,5.9655,1.13,0.002,0.014,2.849,,,2026-09-16 02:25:59
河南省,淮河流域,大陈闸,2026-09-16 01:00,2,25.65232,8.1,11.79,820.8664,6.21555,1.57,0.003,0.022,8.16915,,,2026-09-16 02:25:59
河南省,淮河流域,白龟山水库,2026-09-16 01:00,3,26.33,8.75,13.36,344.85,5.42,5.04,0.008,0.042,0.881,0.0374,2739000,2026-09-16 02:25:59
河南省,淮河流域,杨寨中村,2026-09-16 01:00,2,22.76,7.99,7.84,688.49,26.9,2.8,0.036,0.096,7.834,,,2026-09-16 02:25:59
河南省,淮河流域,舞钢石庄桥,2026-09-16 01:00,3,24.20619,7.61,5.72,670.845,17.43254,2.97,0.032,0.164,4.74059,,,2026-09-16 02:25:59
河南省,海河流域,彰武水库,2026-09-16 01:00,1,25.053,8.17,9.58,565.8,4.47,1.56,,0.011,2.8744,,,2026-09-16 02:25:59
河南省,海河流域,冯宿桥,2026-09-16 01:00,2,25.02,8.02,6.26,754.9296,17.183,3.26,0.313,0.084,5.9184,,,2026-09-16 02:25:59
河南省,海河流域,五陵,2026-09-16 01:00,3,23.99,7.92,6.88,1214.3,74.2,2.77,0.041,0.193,7.271,,,2026-09-16 02:25:59
河南省,海河流域,石辛庄,2026-09-16 01:00,3,25.23,7.9,18.84,1251.832,8.605,4.92,0.23,0.064,7.6206,,,2026-09-16 02:25:59
河南省,海河流域,黄花营,2026-09-16 01:00,1,25.285,8.25,9.21,497.6542,5.0361,0.74,,0.016,5.0126,,,2026-09-16 02:25:59
河南省,海河流域,前枋城,2026-09-16 01:00,1,22.535,8.05,8.37,563.58,9.089,1.37,0.007,,5.1312,,,2026-09-16 02:25:59
河南省,海河流域,卫河小河口,2026-09-16 01:00,3,24.68,8.04,7.54,1304.603,127.94,3.2,0.677,0.191,7.6784,,,2026-09-16 02:25:59
河南省,海河流域,修武水文站,2026-09-16 01:00,4,25.05,7.87,7.21,2413.065,45.96,4.11,0.316,0.238,9.0817,,,2026-09-16 02:25:59
河南省,海河流域,获嘉东碑村,2026-09-16 01:00,4,25.88,8.05,6.67,1529.6,124.97,6.3,0.056,0.227,5.052,,,2026-09-16 02:25:59
河南省,黄河流域,封丘陶北,2026-09-16 01:00,2,24.93,8.28,12.06,963.01,27.12,3.6,0.002,0.064,2.889,,,2026-09-16 02:25:59
河南省,黄河流域,封丘王堤,2026-09-16 01:00,3,25.146,8.16,8.47,890.8,43.44,4.23,0.046,0.09,1.7934,,,2026-09-16 02:25:59
河南省,海河流域,新乡贾太湖,2026-09-16 01:00,3,25.75,8.25,7.48,716.543,768.637,3.16,0.004,0.171,3.6083,,,2026-09-16 02:25:59
河南省,黄河流域,武陟渠首,2026-09-16 01:00,2,25.72,7.97,9.32,871.24,34.15,1.57,0.019,0.058,5.043,,,2026-09-16 02:25:59
河南省,黄河流域,孟州石井,2026-09-16 01:00,4,27.81218,7.55,4.61,7093.396,10.67598,4.49,0.121,0.171,3.94938,,,2026-09-16 02:25:59
河南省,黄河流域,孟州还封村,2026-09-16 01:00,3,24.92783,7.93,6.81,1483.084,16.68865,1.48,0.084,0.161,10.80514,,,2026-09-16 02:25:59
河南省,海河流域,南乐元村集,2026-09-16 01:00,3,22.3,7.93,8.69,1331.4,159.27,2.38,0.062,0.19,7.766,,,2026-09-16 02:25:59
河南省,海河流域,南乐水文站,2026-09-16 01:00,4,24.94,7.84,4.65,774.0953,20.3,5.45,0.563,0.187,3.7417,,,2026-09-16 02:25:59
河南省,海河流域,濮阳西水坡,2026-09-16 01:00,3,25.09,8.56,5.79,825.54,3.37,2.81,0.046,0.01,0.768,,,2026-09-16 02:25:59
河南省,黄河流域,濮阳大韩桥,2026-09-16 01:00,4,24.24,7.51,3.09,1198.48,60.69,7.67,0.112,0.16,3.227,,,2026-09-16 02:25:59
河南省,淮河流域,白沙水库,2026-09-16 01:00,2,25.3616,8.05,6.44,703.134,4.8084,3.81,0.028,0.016,3.517,,,2026-09-16 02:25:59
河南省,淮河流域,召陵武湾,2026-09-16 01:00,2,25.05,7.87,7.63,568.9,27.16,3.53,0.041,0.063,3.84,,,2026-09-16 02:25:59
河南省,淮河流域,郾城漯邓桥,2026-09-16 01:00,4,25.7,7.91,6.78,1798.7,27.45,3.16,0.042,0.229,3.348,,,2026-09-16 02:25:59
河南省,淮河流域,叶舞公路桥,2026-09-16 01:00,2,25.065,7.57,7.52,318.09,15.531,3.72,0.006,0.069,2.331,,,2026-09-16 02:25:59
河南省,淮河流域,临颍高村桥,2026-09-16 01:00,3,26,7.73,7.47,1142.75,15.2,2.48,0.345,0.118,10.525,,,2026-09-16 02:25:59
河南省,淮河流域,舞阳马湾,2026-09-16 01:00,2,25.174,8.29,10.1,612.956,25.629,3.14,0.02,0.037,4.64,,,2026-09-16 02:25:59
河南省,黄河流域,洛河大桥,2026-09-16 01:00,1,22.66,8.2,8.14,590.215,27.087,0.97,0.074,0.017,1.7115,,,2026-09-16 02:25:59
河南省,长江流域,淅川荆紫关,2026-09-16 01:00,2,24.93483,8.22,7.29,348.935,4.344482,1.92,0.005,0.013,1.189,,,2026-09-16 02:25:59
河南省,长江流域,淅川史家湾,2026-09-16 01:00,1,24.3,8.1,8.02,407.026,7.628,1.33,,0.016,1.3807,0.00155,,2026-09-16 02:25:59
河南省,长江流域,淅川高湾,2026-09-16 01:00,2,23.71,8.02,8.08,392.326,11.091,1.93,0.015,0.026,1.4066,0.0036,,2026-09-16 02:25:59
河南省,长江流域,淅川张营,2026-09-16 01:00,3,26.83,7.88,5.27,320.875,5.887,3.02,0.016,0.027,1.5438,0.00271768,,2026-09-16 02:25:59
河南省,长江流域,五龙泉,2026-09-16 01:00,2,25.77,8.15,6.56,262.2,2.3,1.77,0.004,0.011,0.766,0.0019,715273.8,2026-09-16 02:25:59
河南省,长江流域,宋岗,2026-09-16 01:00,2,26.372,8.18,6.79,266.1,5.59,1.44,0.009,0.008,0.738,0.002692,1028193,2026-09-16 02:25:59
河南省,长江流域,陶岔,2026-09-16 01:00,2,26.69,8.23,6.4,261.496,3.362,1.53,,0.014,0.8137,0.0026,748198,2026-09-16 02:25:59
河南省,长江流域,三道河,2026-09-16 01:00,1,22.192,8.14,8.5,531.401,5.687,0.77,0.005,0.006,2.112,,,2026-09-16 02:25:59
河南省,长江流域,上河,2026-09-16 01:00,2,22.79,8.21,8.35,225.4663,5.77845,2.1,0.002,0.006,0.2057,,,2026-09-16 02:25:59
河南省,长江流域,方城夏河,2026-09-16 01:00,3,24.13,7.83,5.77,633.199,32.666,3.52,0.01,0.109,6.836,,,2026-09-16 02:25:59
河南省,长江流域,内乡怀乡桥,2026-09-16 00:00,2,24.23215,8.4,11.74,452.0525,4.73316,2.26,0.002,0.016,2.64848,,,2026-09-16 02:25:59
河南省,淮河流域,新野溧河桥,2026-09-16 01:00,3,25.81996,7.62,6.87,378.3853,26.55347,4.5,0.009,0.077,1.88894,,,2026-09-16 02:25:59
河南省,淮河流域,吕楼桥,2026-09-16 01:00,4,23.34,7.81,3.51,1555.866,35.453,2.69,0.097,0.054,0.4173,,,2026-09-16 02:25:59
河南省,淮河流域,黄口,2026-09-16 01:00,3,25.48,8.23,14.83,1457.057,20.716,5.33,0.082,0.074,4.0896,,,2026-09-16 02:25:59
河南省,淮河流域,睢县板桥,2026-09-16 01:00,4,23.94,8.11,6.9,1217.05,72.93,6.21,0.066,0.136,5.147,,,2026-09-16 02:25:59
河南省,淮河流域,永城张板桥,2026-09-16 01:00,4,24.69,8.36,4.15,1452.07,99.62,9.82,0.007,0.265,1.593,,,2026-09-16 02:25:59
河南省,淮河流域,长台关甘岸桥,2026-09-16 01:00,3,25.67,7.66,7.26,309.18,11.45,4.42,,0.051,0.88,,,2026-09-16 02:25:59
河南省,淮河流域,息县大埠口,2026-09-16 01:00,2,24.87186,8.26,8.16,291.8038,7.91846,3.74,0.017,0.035,0.53002,,,2026-09-16 02:25:59
河南省,淮河流域,潢川水文站,2026-09-16 01:00,2,25.0822,7.14,7.19,249.571,17.4968,3.55,0.039,0.082,0.471,,,2026-09-16 02:25:59
河南省,淮河流域,淮滨北庙,2026-09-16 01:00,2,25.99,7.69,7.06,221.6401,113.8461,2.27,0.002,0.048,0.60563,,,2026-09-16 02:25:59
河南省,淮河流域,饮用水源地取水口,2026-09-16 01:00,3,25.76,9,11.13,163.86,7.57,4.64,0.003,0.025,0.618,0.096,77000,2026-09-16 02:25:59
河南省,淮河流域,竹竿铺,2026-09-16 01:00,2,24.47,8.95,9.33,195.7,13.14,3.31,0.034,0.049,0.487,,,2026-09-16 02:25:59
河南省,淮河流域,固始马罡,2026-09-16 01:00,2,25.6318,8.31,8.77,202.534,7.0219,3.38,0.016,0.031,0.513,,,2026-09-16 02:25:59
河南省,淮河流域,老沈丘泉河桥,2026-09-16 01:00,4,26.48,7.76,4.91,1245.585,33.22,3.79,0.025,0.089,2.1784,,,2026-09-16 02:25:59
河南省,淮河流域,刘寨村后,2026-09-16 01:00,3,25.49,7.92,5.88,1358,12.98,5.23,0.089,0.074,2.537,,,2026-09-16 02:25:59
河南省,淮河流域,西华大王庄,2026-09-16 01:00,3,25.4691,8.46,15.28,835.02,37.2214,4.49,0.097,0.084,3.559,,,2026-09-16 02:25:59
河南省,淮河流域,周口康店,2026-09-16 01:00,2,25.54,7.65,7.25,804.6816,7.49,3.08,0.12,0.059,4.8787,,,2026-09-16 02:25:59
河南省,淮河流域,商水双桥,2026-09-16 01:00,2,25.15,7.78,6.59,835.4963,17.6791,2.72,0.204,0.095,5.282,,,2026-09-16 02:25:59
河南省,淮河流域,鄢陵陶城闸,2026-09-16 01:00,3,25,7.8,6.4,1292.1,12.42,3.54,0.297,0.172,9.2018,,,2026-09-16 02:25:59
河南省,淮河流域,鹿邑付桥,2026-09-16 01:00,3,25.84,7.71,7.58,633.577,24.171,5.6,0.064,0.063,2.051,,,2026-09-16 02:25:59
河南省,淮河流域,西华址坊,2026-09-16 02:00,3,24.94,8.07,8.08,996.54,34.33,2.96,0.031,0.106,5.852,,,2026-09-16 02:25:59
河南省,淮河流域,冯塘邱屯,2026-09-16 01:00,3,25.02,7.66,5.22,1059.984,46.66667,4.74,0.045,0.125,4.8756,,,2026-09-16 02:25:59
河南省,淮河流域,鹿邑宋河桥,2026-09-16 01:00,5,24.6,7.72,2.53,1063.16,72.32,7.3,0.064,0.215,2.448,,,2026-09-16 02:25:59
河南省,淮河流域,新蔡班台,2026-09-16 01:00,4,25.591,7.82,7.16,610.599,29.548,3.7,0.103,0.256,2.45,,,2026-09-16 02:25:59
河南省,淮河流域,西平杨庄,2026-09-16 01:00,3,23.81119,7.88,7.29,1113.21,13.76941,2.47,0.043,0.117,5.36227,,,2026-09-16 02:25:59
河南省,淮河流域,板桥水库,2026-09-16 01:00,3,23.95,8.29,6.61,192.946,4.69,4.14,0.011,0.016,0.55,,,2026-09-16 02:25:59
河南省,淮河流域,西平王孟寺,2026-09-16 01:00,3,24.2767,7.17,7.33,1011.732,17.44076,3.39,0.078,0.132,5.23314,,,2026-09-16 02:25:59
河南省,淮河流域,新蔡李桥,2026-09-16 01:00,4,25.741,8.1,6.78,1107.672,17.633,2.12,0.079,0.208,3.66,,,2026-09-16 02:25:59
河南省,黄河流域,小浪底水库,2026-09-16 01:00,2,25.39,8.06,6.64,905.594,14.92,1.84,0.05,0.031,2.8891,,,2026-09-16 02:25:59
河南省,黄河流域,南山,2026-09-16 01:00,2,22.50107,8.28,9.05,992.1824,14.66702,1.93,0.01,0.021,3.02841,0.01363,3792121,2026-09-16 02:25:59
湖北省,长江流域,朱家河口,2026-09-16 01:00,4,26.923,7.26,3.06,603.738,69.938,4.33,0.114,0.116,4.647,,,2026-09-16 02:25:59
湖北省,长江流域,沐家泾,2026-09-16 01:00,3,25.99,7.54,7.3,211.902,66.629,4.92,0.005,0.09,1.078,,,2026-09-16 02:25:59
湖北省,长江流域,牛山湖湖心,2026-09-16 02:00,3,26.31,8.68,9.62,190.618,12.472,4.81,,0.028,,0.00398,1.797886,2026-09-16 02:25:59
湖北省,长江流域,西梁子湖湖北,2026-09-16 01:00,3,26.0495,7.65,6.07,194.55,27.776,3.46,,0.037,0.552,0.00339,9793493,2026-09-16 02:25:59
湖北省,长江流域,宗关,2026-09-16 02:00,2,26.447,8.54,8.99,363,13.907,2.38,0.033,0.043,1.034,0.006233,,2026-09-16 02:25:59
湖北省,长江流域,杨泗港,2026-09-16 01:00,2,26.71,7.72,7.58,288.121,29.78,0.83,,0.035,1.533,,,2026-09-16 02:25:59
湖北省,长江流域,冯集,2026-09-16 02:00,3,26.04,8.96,9.36,207.152,20.133,3.76,0.059,0.181,0.988,,,2026-09-16 02:25:59
湖北省,长江流域,龙口,2026-09-16 01:00,6,26.18,9.02,12.34,194.71,10.82,7.34,0.038,0.063,1.067,,,2026-09-16 02:25:59
湖北省,长江流域,金水闸,2026-09-16 02:00,6,26.7,7.21,1.9,309.27,29.33,6.39,0.237,0.028,0.919,,,2026-09-16 02:25:59
湖北省,长江流域,郭玉,2026-09-16 01:00,2,26.568,8.94,11.27,165.8,11.478,3.18,0.02,0.061,1.184,,,2026-09-16 02:25:59
湖北省,长江流域,滠口,2026-09-16 01:00,3,27.1,8.59,7.88,223.5454,37.26,4.57,0.089,0.119,1.3516,,,2026-09-16 02:25:59
湖北省,长江流域,港洲村,2026-09-16 01:00,2,27.39,8.03,9.34,431.6,14.747,3.83,0.018,0.1,1.007,,,2026-09-16 02:25:59
湖北省,长江流域,黄陵大桥,2026-09-16 01:00,4,25.914,7.32,3.23,492.29,19.48,4.75,0.081,0.073,1.141,,,2026-09-16 02:25:59
湖北省,长江流域,太平沙,2026-09-16 01:00,5,24.76,7.34,2.25,498.1,19.92,4.32,0.013,0.09,2.328,,,2026-09-16 02:25:59
湖北省,长江流域,白浒山,2026-09-16 01:00,2,26.2,7.85,6.91,326.4101,31.97595,1.77,0.012,0.098,1.512341,,,2026-09-16 02:25:59
湖北省,长江流域,挖沟泵站,2026-09-16 01:00,2,27.84214,7.33,6.04,1261.117,36.75708,3.77,0.118,0.096,1.814395,,,2026-09-16 02:25:59
湖北省,长江流域,富池闸,2026-09-16 01:00,2,27.27,7.88,7.76,221.1953,11.27071,2.34,0.01,0.032,0.7903533,,,2026-09-16 02:25:59
湖北省,长江流域,大冶湖闸,2026-09-16 01:00,4,29.15,8.78,12.13,298.22,26.3,6.54,0.078,0.078,1.111,,,2026-09-16 02:25:59
湖北省,长江流域,夹河口,2026-09-16 01:00,3,24.53,7.7,5.22,287.7688,6.12,1.6,0.031,0.013,1.432,,,2026-09-16 02:25:59
湖北省,长江流域,天河口,2026-09-16 01:00,2,24.78,7.94,7.64,388.137,5.227,1.75,0.128,0.031,1.1344,,,2026-09-16 02:25:59
湖北省,长江流域,焦家院,2026-09-16 01:00,2,23.01,7.9,6.65,244.393,6.754,1.97,0.013,0.016,0.9669,,,2026-09-16 02:25:59
湖北省,长江流域,孙家湾,2026-09-16 01:00,2,26.34,8.54,8.46,235.37,12.55,3.42,0.023,0.032,1.121,,,2026-09-16 02:25:59
湖北省,长江流域,浪河口,2026-09-16 01:00,2,26.31,8.21,8.82,173.5261,4.38,3.71,0.02,0.025,0.744,,,2026-09-16 02:25:59
湖北省,长江流域,丹江口水库坝上中,2026-09-16 01:00,2,27.01,8.05,6.85,244.024,1.946017,1.95,0.072,0.006,0.8925,0.0050819,1292000,2026-09-16 02:25:59
湖北省,长江流域,陈家坡,2026-09-16 01:00,3,25.23,7.7,5.15,278.82,7.32,2.3,0.022,0.02,1.2908,,,2026-09-16 02:25:59
湖北省,长江流域,潘口水库坝上,2026-09-16 01:00,2,25.11,8.77,9.17,192.1,9.4,2.66,,0.013,0.65,,,2026-09-16 02:25:59
湖北省,长江流域,剑河口,2026-09-16 01:00,2,26.94,8.03,7.85,218.82,0.25,2.5,0.011,0.019,0.996,,,2026-09-16 02:25:59
湖北省,长江流域,东湾桥,2026-09-16 01:00,2,22.19,8.06,8.08,485.7841,12.77,3.2,0.04,0.06,2.6975,,,2026-09-16 02:25:59
湖北省,长江流域,神定河口,2026-09-16 01:00,3,24.1,7.5,7.38,609.196,14.748,3.27,0.066,0.17,10.2,,,2026-09-16 02:25:59
湖北省,长江流域,泗河口,2026-09-16 01:00,2,23.66,7.85,7.16,769.996,7.156,3.68,0.094,0.088,5.879,,,2026-09-16 02:25:59
湖北省,长江流域,王河电站,2026-09-16 01:00,1,24.65,8.06,7.99,411.9642,10.18,1.51,0.026,0.012,0.9893,,,2026-09-16 02:25:59
湖北省,长江流域,隔河岩水库坝上,2026-09-16 01:00,1,20.64,8.42,7.86,243.38,1.99,1.19,0.004,0.009,1.929,0.03984,2510809,2026-09-16 02:25:59
湖北省,长江流域,长沙坝,2026-09-16 01:00,3,26.093,7.61,5.72,481.987,5.408,1.65,0.011,0.041,2.023,,,2026-09-16 02:25:59
湖北省,长江流域,清江大桥,2026-09-16 01:00,3,21.53,7.48,5.71,327.358,6.299,1.11,,0.011,2.642,,,2026-09-16 02:25:59
湖北省,长江流域,南津关,2026-09-16 02:00,2,26.99,7.77,6.72,422.242,4.712372,2.03,,0.051,2.7473,0.0268446,,2026-09-16 02:25:59
湖北省,长江流域,马渡河,2026-09-16 01:00,2,22.18,7.52,11.29,313.31,7.69,3.66,0.007,0.01,2.121,,,2026-09-16 02:25:59
湖北省,长江流域,铁路大桥,2026-09-16 01:00,2,23.74,7.84,6.87,550.7,14.8,2.1,0.03,0.032,1.616,,,2026-09-16 02:25:59
湖北省,长江流域,两河口,2026-09-16 01:00,2,25.46,7.68,7.3,591.7047,18.9069,2.99,0.045,0.044,3.3835,,,2026-09-16 02:25:59
湖北省,长江流域,桅杆坪,2026-09-16 01:00,3,19.71,7.41,5.54,280.15,0.84,1.12,0.001,0.025,2.848,,,2026-09-16 02:25:59
湖北省,长江流域,白石港,2026-09-16 01:00,2,25.42,8.25,7.46,319.932,2.003,2.36,0.004,0.005,1.237,,,2026-09-16 02:25:59
湖北省,长江流域,云池,2026-09-16 01:00,2,25.84,7.85,7.28,409.97,9.38,1.16,,0.05,2.48,,,2026-09-16 02:25:59
湖北省,长江流域,翟湾,2026-09-16 01:00,2,24.7,7.79,6.36,488.4345,29.62938,2.68,0.015,0.085,2.1234,,,2026-09-16 02:25:59
湖北省,长江流域,埠口,2026-09-16 01:00,2,26.26514,8.55,7.55,496.6829,15.40287,3.91,0.023,0.072,2.07616,,,2026-09-16 02:25:59
湖北省,长江流域,张湾,2026-09-16 01:00,2,25.02,8.33,10.38,464.3026,20.82,3.82,0.076,0.091,2.044,,,2026-09-16 02:25:59
湖北省,长江流域,余家湖,2026-09-16 01:00,2,26.56,7.91,6.88,328.0132,27.9,2.2,0.043,0.027,1.183,,,2026-09-16 02:25:59
湖北省,长江流域,聂家滩,2026-09-16 01:00,2,25.82,8.07,7.41,308.8909,29.51,1.91,0.033,0.044,1.422,,,2026-09-16 02:25:59
湖北省,长江流域,汤店,2026-09-16 01:00,4,26.04,7.29,3.42,689.5186,9.47,4.37,0.122,0.072,1.447,,,2026-09-16 02:25:59
湖北省,长江流域,沈湾,2026-09-16 01:00,3,17.64,7.63,5.34,328.3,2.68,1.86,0.027,0.016,1.325,,,2026-09-16 02:25:59
湖北省,长江流域,朱市,2026-09-16 01:00,3,24.94,8.04,7.52,598.0724,29.29,2.78,0.064,0.107,1.736,,,2026-09-16 02:25:59
湖北省,长江流域,茶庵,2026-09-16 01:00,1,26.31,8.24,8.04,349.4783,20.68,1.26,0.026,0.011,1.803,,,2026-09-16 02:25:59
湖北省,长江流域,马兰河口,2026-09-16 01:00,2,24.39,8.01,7.61,386.3,4.86,1.87,0.021,0.038,1.968,,,2026-09-16 02:25:59
湖北省,长江流域,燕矶,2026-09-16 01:00,2,26.42,7.7,7.64,320.52,36.99,1.48,0.079,0.052,1.734,,,2026-09-16 02:25:59
湖北省,长江流域,东梁子湖湖心,2026-09-16 02:00,3,26.22,7.98,7.94,193.549,21.196,3.71,,0.046,0.251,,,2026-09-16 02:25:59
湖北省,长江流域,梁子湖七星站,2026-09-16 01:00,3,26.8,8,6.98,203.4911,28.59846,4.59,0.054,0.016,1.222205,0.04142383,,2026-09-16 02:25:59
湖北省,长江流域,漳河水库库心,2026-09-16 01:00,1,25.34,8.3,8.83,307.7077,11.0084,1.53,,,0.416,0.00035,9108000,2026-09-16 02:25:59
湖北省,长江流域,转斗,2026-09-16 01:00,2,24.75,8.01,7.6,381.062,5.8883,2.84,0.002,0.03,1.331,,,2026-09-16 02:25:59
湖北省,长江流域,罗汉闸,2026-09-16 01:00,2,25.54,8.33,9.95,359.06,103.13,3.07,0.025,0.04,1.2916,,,2026-09-16 02:25:59
湖北省,长江流域,京山河邓李港,2026-09-16 01:00,2,27.06,7.68,8.2,482.907,18.1498,3.03,,0.086,1.474,,,2026-09-16 02:25:59
湖北省,长江流域,马良龚家湾,2026-09-16 01:00,3,25.825,7.47,7.43,1265.58,69.8624,4.13,0.197,0.166,3.3573,,,2026-09-16 02:25:59
湖北省,长江流域,应城公路桥,2026-09-16 01:00,2,26.09,7.97,8.19,591.72,12.7888,2.15,0.029,0.02,0.2022,,,2026-09-16 02:25:59
湖北省,长江流域,田店泵站,2026-09-16 01:00,2,26.5,8.2,7.56,492.07,8.0797,2.31,,0.024,0.27736,,,2026-09-16 02:25:59
湖北省,长江流域,垌冢桥,2026-09-16 01:00,4,26.473,7.4,4.96,380.495,10.882,2.54,0.055,0.103,1.782,,,2026-09-16 02:25:59
湖北省,长江流域,新沟闸,2026-09-16 01:00,2,27.15,8.4,10.83,419.75,10.81,3.38,,0.046,0.683,,,2026-09-16 02:25:59
湖北省,长江流域,小河,2026-09-16 01:00,2,27.19,8.33,9.58,361.78,37.64,2.78,0.07,0.048,1.537,,,2026-09-16 02:25:59
湖北省,长江流域,孝昌王店,2026-09-16 01:00,4,26.35,8.1,8.46,331.77,15.1509,6.76,0.029,0.129,1.2068,,,2026-09-16 02:25:59
湖北省,长江流域,孝感河口大桥,2026-09-16 01:00,3,26.71,8.21,8.33,290.828,14.239,4.51,0.042,0.048,1.2047,,,2026-09-16 02:25:59
湖北省,长江流域,大悟河口,2026-09-16 01:00,2,25.65,8.36,8.56,255.5,6.03,2.58,,0.026,0.2303,,,2026-09-16 02:25:59
湖北省,长江流域,安陆桑树,2026-09-16 01:00,2,26.12,7.65,7.28,509.55,14.315,2.91,0.017,0.024,0.54225,,,2026-09-16 02:25:59
湖北省,长江流域,隔蒲桥,2026-09-16 01:00,4,26.22,7.27,8.68,468.74,13.237,6.35,0.097,0.043,1.0495,,,2026-09-16 02:25:59
湖北省,长江流域,汉川新堰,2026-09-16 01:00,4,26.72,7.22,4.21,448.18,45.946,2.77,0.062,0.121,1.7,,,2026-09-16 02:25:59
湖北省,长江流域,杨柴湖,2026-09-16 01:00,5,24.3,6.81,2.64,358.9,13.3,4.22,0.01,0.075,0.437,0.00143,885814.6,2026-09-16 02:25:59
湖北省,长江流域,排水闸,2026-09-16 01:00,3,26.11,7.5,6.08,390.3107,42.6365,2.78,0.004,0.047,1.21,0.00098,1.920588,2026-09-16 02:25:59
湖北省,长江流域,洪湖湖心,2026-09-16 01:00,4,26.4,7.93,6.59,364.839,122.519,3.17,0.102,0.055,1.594,0.0004,62916.8,2026-09-16 02:25:59
湖北省,长江流域,观音寺,2026-09-16 01:00,2,26.35,7.81,7.14,402.95,9.1,1.41,,0.056,2.715,,,2026-09-16 02:25:59
湖北省,长江流域,新刘家台,2026-09-16 01:00,2,27.666,7.79,6.04,421.6,11.321,2.03,0.076,0.034,1.356,,,2026-09-16 02:25:59
湖北省,长江流域,荆州河口,2026-09-16 01:00,2,25.61,7.53,7.45,554.9788,29.1417,3.1,0.026,0.037,1.9219,,,2026-09-16 02:25:59
湖北省,长江流域,新河村,2026-09-16 01:00,4,26.82,7.43,3.6,420.7,23.68,3.1,0.146,0.124,1.879,,,2026-09-16 02:25:59
湖北省,长江流域,新滩,2026-09-16 01:00,3,27.332,7.5,5.02,374.9,47.875,2.79,0.025,0.036,1.628,,,2026-09-16 02:25:59
湖北省,长江流域,淤泥湖,2026-09-16 02:00,2,26.2,8.59,10.4,399,85.7,2.67,0.012,0.067,1.807,,,2026-09-16 02:25:59
湖北省,长江流域,杨家垱,2026-09-16 01:00,2,26.2,8.42,9.92,372.24,31.38,1.82,0.037,0.035,1.558,,,2026-09-16 02:25:59
湖北省,长江流域,调关,2026-09-16 01:00,2,26.53,7.87,7.51,383.2187,14.3176,1.45,,0.054,2.3126,,,2026-09-16 02:25:59
湖北省,长江流域,三兴公,2026-09-16 01:00,2,25.812,7.86,11.16,555.608,38.976,3.03,0.01,0.051,0.631,,,2026-09-16 02:25:59
湖北省,长江流域,姚集,2026-09-16 01:00,2,27.2,7.74,8.34,443.4,9.7,2.35,0.052,0.049,1.28,,,2026-09-16 02:25:59
湖北省,长江流域,乌溪沟,2026-09-16 02:00,2,23.6368,7.86,7.04,359.3751,21.76785,1.16,0.03,0.034,1.4704,,,2026-09-16 02:25:59
湖北省,长江流域,白莲河水库坝上,2026-09-16 01:00,5,26.869,6.87,2.03,111.7,1.953,2.99,0.009,0.034,0.2747,0.013617,6117,2026-09-16 02:25:59
湖北省,长江流域,巴河镇河口,2026-09-16 02:00,2,27.083,7.53,6.12,188.715,10.274,3.63,0.021,0.051,0.718,,,2026-09-16 02:25:59
湖北省,长江流域,兰溪大桥,2026-09-16 01:00,3,28.473,7.35,5.81,173.454,4.889,4.16,0.063,0.077,1.258,,,2026-09-16 02:25:59
湖北省,长江流域,中官铺,2026-09-16 01:00,2,26.649,7.74,7.41,317.089,38.67,2.06,,0.054,1.451,,,2026-09-16 02:25:59
湖北省,长江流域,蕲春县八里湖,2026-09-16 01:00,3,28.42,7.23,6.34,183.3594,48.12,2.4,0.164,0.144,1.262,,,2026-09-16 02:25:59
湖北省,长江流域,咸宁湖心,2026-09-16 02:00,4,27.5,8.08,5.38,230.699,61.106,5.68,0.138,0.062,0.921,0.03453,2.28175,2026-09-16 02:25:59
湖北省,长江流域,富水水库,2026-09-16 01:00,3,27.6,8.78,8.1,236.9551,13.75,2.41,0.014,0.03,0.646,0.01,2.1807,2026-09-16 02:25:59
湖北省,长江流域,窑嘴大桥,2026-09-16 01:00,3,27.56,7.5,5.29,409.1518,19.87,2.06,,0.05,2.924,,,2026-09-16 02:25:59
湖北省,长江流域,陆溪口,2026-09-16 01:00,4,27.91,7.28,4.31,224.49,15.19,3.38,0.224,0.059,1.762,,,2026-09-16 02:25:59
湖北省,长江流域,洪下水文站,2026-09-16 01:00,6,26.9,9.11,14.69,157,7.06,1.31,0.012,0.038,0.873,,,2026-09-16 02:25:59
湖北省,长江流域,厉山,2026-09-16 01:00,3,26.06,7.61,5.75,501.8362,15.89,3.37,0.027,0.138,5.9798,,,2026-09-16 02:25:59
湖北省,长江流域,平林,2026-09-16 01:00,3,25.99,8.82,10.26,332.867,3.86,5.21,0.017,0.057,0.756,,,2026-09-16 02:25:59
湖北省,长江流域,涢水大桥,2026-09-16 01:00,3,26.19,8.1,9.64,413.4563,14.65,4.15,0.027,0.04,0.4161,,,2026-09-16 02:25:59
湖北省,长江流域,江口村,2026-09-16 01:00,1,25.71,8.55,10.13,183.32,6.916,0.81,,0.013,0.876,,,2026-09-16 02:25:59
湖北省,长江流域,恩施大沙坝,2026-09-16 01:00,6,18.6,7.42,1.21,364.36,5.3,1.75,0.14,0.119,3.865,,,2026-09-16 02:25:59
湖北省,长江流域,雪照河,2026-09-16 01:00,2,19.59,8.23,8.09,388.4,12.604,0.95,,0.029,2.73,,,2026-09-16 02:25:59
湖北省,长江流域,周家坝,2026-09-16 01:00,2,23.4,7.83,6.86,221.92,14.639,0.68,,0.008,1.863,,,2026-09-16 02:25:59
湖北省,长江流域,百福司镇,2026-09-16 01:00,2,24.914,7.57,7.36,238.257,0.955,1.23,0.03,0.015,1.101,,,2026-09-16 02:25:59
湖北省,长江流域,长顺乡,2026-09-16 01:00,1,22.983,7.54,7.61,219.728,10.1715,1.25,0.017,0.015,1.092,,,2026-09-16 02:25:59
湖北省,长江流域,黄腊石,2026-09-16 01:00,2,25.611,7.52,8.37,378.714,5.118,1.29,0.011,0.041,2.321,,,2026-09-16 02:25:59
湖北省,长江流域,乐坪桥,2026-09-16 01:00,1,23,7.73,8.18,235.293,3.228,0.98,0.001,0.012,0.767,,,2026-09-16 02:25:59
湖北省,长江流域,潜江大桥,2026-09-16 01:00,2,24.79,7.99,9.68,417.1752,20.24,2.42,0.007,0.022,0.879,,,2026-09-16 02:25:59
湖北省,长江流域,运粮湖同心队,2026-09-16 01:00,4,26.17,7.46,3.77,459.5,28.79,2.75,0.107,0.09,2.382,,,2026-09-16 02:25:59
湖北省,长江流域,岳口,2026-09-16 01:00,2,26.7,8.47,8.52,374.3,10.39,2.76,0.01,0.036,1.309,,,2026-09-16 02:25:59
湖北省,长江流域,拖市,2026-09-16 01:00,3,25.53,7.32,8.43,864.2,21.686,4.8,0.058,0.06,0.8219,,,2026-09-16 02:25:59
湖北省,长江流域,阳日湾,2026-09-16 01:00,2,19.357,7.79,8.25,354.855,15.97,0.31,0.088,0.088,1.098,,,2026-09-16 02:25:59
湖南省,长江流域,昭山,2026-09-16 01:00,2,25.9,7.29,7.33,191.8,26.5,1.89,,0.056,1.489,,,2026-09-16 02:25:59
湖南省,长江流域,捞刀河口,2026-09-16 01:00,4,27.61,7.03,4.94,224.1,85.4893,2.44,0.083,0.054,1.948,,,2026-09-16 02:25:59
湖南省,长江流域,三角洲,2026-09-16 01:00,3,27.73,8.54,9.36,198.65,4.33,2.09,0.017,0.109,2.823,,,2026-09-16 02:25:59
湖南省,长江流域,胜利,2026-09-16 01:00,2,27.21,7.71,7.61,294.7,6.18,2.88,0.032,0.056,1.367,,,2026-09-16 02:25:59
湖南省,长江流域,桔子洲,2026-09-16 01:00,2,25.83,7.66,6.9,195.7283,12.82,1.21,0.061,0.069,1.552,,,2026-09-16 02:25:59
湖南省,长江流域,湘东沿塘,2026-09-16 01:00,2,29.098,7.45,7.07,63.3,4.635,1.39,0.022,0.037,1.361,,,2026-09-16 02:25:59
湖南省,长江流域,马家河,2026-09-16 02:00,2,26.51,7.47,7.2,215.82,10.46,1.71,,0.055,1.595,,,2026-09-16 02:25:59
湖南省,长江流域,渌水入河口,2026-09-16 02:00,2,27.3619,7.45,6.83,252.4825,8.3686,1.55,0.038,0.093,1.81,,,2026-09-16 02:25:59
湖南省,长江流域,涟水入河口,2026-09-16 01:00,2,28.36,7.93,8.37,350.9,22.84,2.53,0.015,0.047,1.26,,,2026-09-16 02:25:59
湖南省,长江流域,西阳渡口,2026-09-16 01:00,2,25.77,8.46,14.09,300.4,49.326,1.55,,0.021,1.734,,,2026-09-16 02:25:59
湖南省,长江流域,归阳镇,2026-09-16 01:00,2,26.83,7.5,7.63,169.7,7.09,1.55,0.036,0.043,1.25,,,2026-09-16 02:25:59
湖南省,长江流域,舂陵水入湘江口,2026-09-16 02:00,2,26.0098,7.87,7.8,242.9144,9.1233,1,0.019,0.048,1.2327,,,2026-09-16 02:25:59
湖南省,长江流域,耒水入湘江口,2026-09-16 01:00,2,25.3972,7.45,6.19,238.3797,10.5009,1.17,0.014,0.074,1.717,,,2026-09-16 02:25:59
湖南省,长江流域,熬洲,2026-09-16 01:00,2,25.15,7.37,7.56,179.4985,7.9761,1.06,0.012,0.059,1.3633,,,2026-09-16 02:25:59
湖南省,长江流域,大河滩,2026-09-16 01:00,2,20.55,7.25,7.5,178.84,1.59,1.22,0.021,0.039,1.205,,,2026-09-16 02:25:59
湖南省,长江流域,草市镇,2026-09-16 01:00,2,26.3282,6.5,7.79,97.5086,17.2132,1.18,0.194,0.051,1.108,,,2026-09-16 02:25:59
湖南省,长江流域,洣水入湘江口,2026-09-16 01:00,2,26.257,7.65,6.99,102.69,17.65,1.38,0.041,0.053,1.167,,,2026-09-16 02:25:59
湖南省,长江流域,城北水厂,2026-09-16 01:00,2,24.96,7.7,7.37,205.93,14.69,1.98,0.018,0.061,1.2832,,,2026-09-16 02:25:59
湖南省,长江流域,蒸水入湘江口,2026-09-16 01:00,3,29.3372,7.79,6.53,282.4554,7.6392,3.37,0.04,0.119,2.134,,,2026-09-16 02:25:59
湖南省,长江流域,塘渡口,2026-09-16 01:00,2,25.17,7.89,7.94,161.6178,2.215,0.74,0.024,0.024,1.62,,,2026-09-16 02:25:59
湖南省,长江流域,窑市,2026-09-16 01:00,1,23.94,7.14,7.86,52.212,4.7434,1.42,0.016,0.02,0.383,,,2026-09-16 02:25:59
湖南省,长江流域,渡头村,2026-09-16 01:00,2,27.19,7.92,7.35,206.499,3.6573,0.87,0.013,0.045,1.165,,,2026-09-16 02:25:59
湖南省,长江流域,邵水入河口,2026-09-16 01:00,2,27.3,7.61,6.86,387.7,4.635,2.03,0.356,0.09,2.408,,,2026-09-16 02:25:59
湖南省,长江流域,岳阳楼,2026-09-16 01:00,3,26.72,7.69,6.95,204.771,54.04866,1.4,0.003,0.035,1.1902,0.0008555,209778,2026-09-16 02:25:59
湖南省,长江流域,樟树港,2026-09-16 01:00,3,24.346,7.7,10.3,203.128,16.439,1.36,0.004,0.13,0.975,,,2026-09-16 02:25:59
湖南省,长江流域,城陵矶,2026-09-16 02:00,2,26.03,7.51,6.62,202.441,63.92167,2.24,,0.039,0.9505,,,2026-09-16 02:25:59
湖南省,长江流域,荆江口,2026-09-16 01:00,2,27.67,7.88,7.64,407.4806,16.4485,0.99,0.054,0.062,2.1834,,,2026-09-16 02:25:59
湖南省,长江流域,六门闸,2026-09-16 01:00,2,26.45,8.77,8.19,430.879,11.21,2.02,0.02,0.043,0.631,,,2026-09-16 02:25:59
湖南省,长江流域,南渡,2026-09-16 01:00,2,26.1,7.16,8.98,112.67,9.44,0.87,0.038,0.07,1.321,,,2026-09-16 02:25:59
湖南省,长江流域,八仙桥,2026-09-16 01:00,3,26.91,7,8.43,192.0577,26.398,5.54,0.086,0.095,0.9839,,,2026-09-16 02:25:59
湖南省,长江流域,坡头,2026-09-16 01:00,2,27.4,8.04,9.15,202.7563,28.69468,0.98,,0.037,1.4851,0.0008319,,2026-09-16 02:25:59
湖南省,长江流域,蒋家嘴,2026-09-16 01:00,3,23.92,7.71,6.76,198.3803,19.926,1.39,0.059,0.029,1.1346,0.00205,3.0081,2026-09-16 02:25:59
湖南省,长江流域,澧水三江口,2026-09-16 01:00,1,25.49766,7.91,8.19,224.1581,3.1475,0.74,0.007,0.015,1.02561,,,2026-09-16 02:25:59
湖南省,长江流域,窑坡渡,2026-09-16 01:00,2,25.13,8.02,7.03,279.2437,17.115,1.18,0.064,0.009,1.3789,,,2026-09-16 02:25:59
湖南省,长江流域,马坡湖,2026-09-16 01:00,2,27.32,8.72,11.02,390.642,24.3766,2.6,,0.057,1.674,,,2026-09-16 02:25:59
湖南省,长江流域,陈家河,2026-09-16 01:00,2,27.633,7.96,6.88,194.23,2.449,1.1,,0.037,1.022,,,2026-09-16 02:25:59
湖南省,长江流域,永定澄潭,2026-09-16 01:00,2,25.68,7.84,7.14,211.05,4.078,1.05,0.002,0.021,0.415,,,2026-09-16 02:25:59
湖南省,长江流域,万家嘴,2026-09-16 01:00,2,27.68,7.76,7.7,181.9936,15.33534,0.98,0.038,0.039,1.7671,0.0020886,198791.4,2026-09-16 02:25:59
湖南省,长江流域,南嘴,2026-09-16 01:00,3,27.65,8.21,7.54,226.5027,70.57292,1.23,,0.04,1.3061,0.02025,556000.8,2026-09-16 02:25:59
湖南省,长江流域,小河嘴,2026-09-16 01:00,2,27.2,8.08,7.29,220.24,19.09,1.29,,0.024,0.951,0.00337621,5.43903,2026-09-16 02:25:59
湖南省,长江流域,坪口,2026-09-16 01:00,6,25.72,9.06,14.91,189.9,30.072,4.95,0.024,0.033,1.383,,,2026-09-16 02:25:59
湖南省,长江流域,桃谷山,2026-09-16 01:00,2,26.23,7.92,6.82,213.529,10.2785,1.22,,0.044,1.254,,,2026-09-16 02:25:59
湖南省,长江流域,头山,2026-09-16 01:00,1,26.78,8.27,8.54,125.8,2.14,0.56,,0.002,0.4883,0.0026,5315000,2026-09-16 02:25:59
湖南省,长江流域,渡口大桥,2026-09-16 01:00,2,27.52,7.2,7.4,133.18,14.25,2.14,0.061,0.086,1.1559,,,2026-09-16 02:25:59
湖南省,长江流域,绿埠头,2026-09-16 02:00,2,24.85,7.58,8.08,180.52,19.27,0.4,0.006,0.026,1.146,,,2026-09-16 02:25:59
湖南省,长江流域,诸葛庙,2026-09-16 01:00,2,25.11,7.55,8.61,166.83,24.6,1.69,0.01,0.04,0.975,,,2026-09-16 02:25:59
湖南省,长江流域,五强溪,2026-09-16 01:00,3,28.52,7.66,5.62,189.509,2.2388,0.89,,0.033,1.18,,,2026-09-16 02:25:59
湖南省,长江流域,铜信溪电站,2026-09-16 01:00,1,27.17,8.39,9.19,296.69,2.04,0.81,0.029,0.014,1.28,,,2026-09-16 02:25:59
湖南省,长江流域,地阳坪公路大桥,2026-09-16 01:00,2,25.35,7.04,6.61,95.9739,4.5135,1.49,0.028,,0.469,,,2026-09-16 02:25:59
湖南省,长江流域,托口渠水,2026-09-16 01:00,2,27.55,8.37,8.95,103.6,6.096,1.66,0.004,0.022,0.545,,,2026-09-16 02:25:59
湖南省,长江流域,舞水入河口,2026-09-16 01:00,2,22.65,8.58,8.98,,0.037,,0.001,0.04,,,,2026-09-16 02:25:59
湖南省,长江流域,溪子口,2026-09-16 01:00,3,25.44,7.39,5.7,238.9,1.636,0.63,0.005,0.018,1.298,,,2026-09-16 02:25:59
湖南省,长江流域,球溪,2026-09-16 01:00,2,24.822,7.73,7.97,205.13,4.613,1.7,0.013,0.05,1.82,,,2026-09-16 02:25:59
湖南省,长江流域,街埠头,2026-09-16 01:00,2,28.28,8.49,15.65,351.492,3.0258,2.96,,0.049,1.775,,,2026-09-16 02:25:59
湖南省,长江流域,浦市上游,2026-09-16 01:00,2,27.02,7.91,7.87,175.16,7.21,0.74,0.01,0.036,0.868,,,2026-09-16 02:25:59
湖南省,长江流域,里耶镇,2026-09-16 01:00,1,24.25,8.06,7.7,221.95,4.49,1.05,0.01,0.016,1.131,,,2026-09-16 02:25:59
湖南省,长江流域,江口,2026-09-16 01:00,3,25.86,7.8,5.52,314.9035,2.0403,0.59,,0.01,1.605,,,2026-09-16 02:25:59
湖南省,长江流域,武水汇合口,2026-09-16 01:00,2,27.16,7.8,7.59,179.583,6.3182,1.04,0.001,0.028,0.815,,,2026-09-16 02:25:59
广东省,珠江流域,蕉门,2026-09-16 01:00,2,29.074,7.75,6.32,9279.61,52.505,2.72,0.007,0.041,2.293,,,2026-09-16 02:25:59
广东省,珠江流域,洪奇沥,2026-09-16 01:00,2,28.087,7.59,6.02,608.086,103.627,,0.002,0.067,2.332,,,2026-09-16 02:25:59
广东省,珠江流域,莲花山,2026-09-16 01:00,4,29.805,7.33,4.56,382.751,136.726,3.63,0.001,0.085,3.06,,,2026-09-16 02:25:59
广东省,珠江流域,流溪河山庄,2026-09-16 01:00,2,29.11,6.97,6.07,100.178,6.124,0.14,0.004,0.027,1.329,,,2026-09-16 02:25:59
广东省,珠江流域,官坦,2026-09-16 01:00,3,29.49,7.42,5.22,265.258,37.529,3.02,0.004,0.071,2.288,,,2026-09-16 02:25:59
广东省,珠江流域,大龙涌口,2026-09-16 01:00,3,28.935,7.23,5.55,190.346,21.24,2.49,,0.06,2.27,,,2026-09-16 02:25:59
广东省,珠江流域,九龙潭,2026-09-16 01:00,1,29.166,7.03,8.17,73.094,8.514,0.81,0.002,0.02,0.856,,,2026-09-16 02:25:59
广东省,珠江流域,增江口,2026-09-16 01:00,2,29.339,7.04,6.17,117.019,46.497,1.22,0.012,0.039,1.408,,,2026-09-16 02:25:59
广东省,珠江流域,鸦岗,2026-09-16 01:00,4,30.02,7.18,3.89,296.4,56.75,2.72,0.112,0.098,2.997,,,2026-09-16 02:25:59
广东省,珠江流域,墩头基,2026-09-16 01:00,4,29.78,7.38,4.94,276.5006,100.3466,3.65,0.056,0.092,3.38,,,2026-09-16 02:25:59
广东省,珠江流域,大墩,2026-09-16 01:00,3,30.589,6.96,5.76,133.325,34.176,3.02,0.029,0.065,1.84,,,2026-09-16 02:25:59
广东省,珠江流域,十里亭,2026-09-16 01:00,2,26.483,8,7.81,234.57,13.904,0.92,0.007,0.034,1.128,,,2026-09-16 02:25:59
广东省,珠江流域,长坝,2026-09-16 01:00,2,27.556,6.9,6.87,80.387,13.509,1.29,0.006,0.034,0.867,,,2026-09-16 02:25:59
广东省,珠江流域,三溪桥,2026-09-16 01:00,2,26.53,8.09,8.47,453.22,4.91,0.93,,0.049,1.086,,,2026-09-16 02:25:59
广东省,珠江流域,高桥,2026-09-16 01:00,2,27.20854,7.34,6.7,155.461,9.14617,0.7,0.006,0.058,1.126,,,2026-09-16 02:25:59
广东省,珠江流域,深圳河口,2026-09-16 01:00,4,28.44442,6.95,4.44,14309.92,17.14131,3.9,0.604,0.163,2.86853,,,2026-09-16 02:25:59
广东省,珠江流域,小漠桥,2026-09-16 01:00,2,30.238,8.14,6.84,30638.21,8.032,3.55,,0.02,1.15,,,2026-09-16 02:25:59
广东省,珠江流域,共和村,2026-09-16 01:00,4,28.445,7.17,3.41,3670.413,14.604,4.48,0.947,0.158,6.926,,,2026-09-16 02:25:59
广东省,珠江流域,珠海大桥,2026-09-16 01:00,3,28.44,7.54,5.27,688.652,73.487,1.79,0.031,0.061,2.582,,,2026-09-16 02:25:59
广东省,珠江流域,石角咀水闸,2026-09-16 01:00,4,29.73,7.3,3.68,518.941,72.16,3.09,0.153,0.132,3.15,,,2026-09-16 02:25:59
广东省,珠江流域,鸡啼门大桥,2026-09-16 01:00,3,28.5,7.61,5.81,4494,66.95,1.61,,0.075,2.57,,,2026-09-16 02:25:59
广东省,珠江流域,布洲,2026-09-16 01:00,2,27.87,7.79,6.45,251.43,74.679,2.27,0.006,0.062,2.467,,,2026-09-16 02:25:59
广东省,珠江流域,隆都,2026-09-16 01:00,2,27.627,7.06,6.89,99.49,30.468,1.8,0.008,0.049,2.194,,,2026-09-16 02:25:59
广东省,珠江流域,海门湾桥闸,2026-09-16 01:00,4,29.97,7.2,3.09,338.93,54.6,3.73,1.233,0.155,3.901,,,2026-09-16 02:25:59
广东省,珠江流域,升平,2026-09-16 01:00,2,27.738,7.14,8.14,132.889,33.997,1.89,0.012,0.052,1.717,,,2026-09-16 02:25:59
广东省,珠江流域,外砂,2026-09-16 01:00,2,28.476,7.18,7.28,107.342,24.458,1.2,0.04,0.038,1.22,,,2026-09-16 02:25:59
广东省,珠江流域,莲阳桥闸,2026-09-16 01:00,2,28.338,6.93,7.12,98.456,31.647,0.76,0.017,0.043,1.674,,,2026-09-16 02:25:59
广东省,珠江流域,大衙,2026-09-16 01:00,2,30.674,6.94,6.52,105.271,32.71,1.34,,0.051,1.41465,,,2026-09-16 02:25:59
广东省,珠江流域,平洲,2026-09-16 01:00,3,28.453,7.49,5.56,189.64,18.158,2.21,0.186,0.075,2.3,,,2026-09-16 02:25:59
广东省,珠江流域,乌洲,2026-09-16 01:00,3,28.109,7.42,5.37,184.659,36.126,0.78,0.004,0.057,1.74,,,2026-09-16 02:25:59
广东省,珠江流域,苍山渡口,2026-09-16 01:00,3,29.14,7.62,5.44,5283.28,36.137,1.91,0.072,0.118,2.559,,,2026-09-16 02:25:59
广东省,珠江流域,牛湾,2026-09-16 01:00,4,29.72,6.72,3.9,181.45,27.54,3.3,0.039,0.1,2.23,,,2026-09-16 02:25:59
广东省,珠江流域,渠首,2026-09-16 01:00,3,29.69,7.81,6.06,125.13,26.76,5.96,0.041,0.028,0.823,0.01436,6664092,2026-09-16 02:25:59
广东省,珠江流域,黄坡,2026-09-16 01:00,4,29.53,6.96,4.6,135.16,32.01,3.04,0.048,0.117,2.195,,,2026-09-16 02:25:59
广东省,珠江流域,山角,2026-09-16 01:00,3,30.17,7.97,9.53,136.71,7.49,4.07,0.007,0.03,2.1,,,2026-09-16 02:25:59
广东省,珠江流域,运河管理局,2026-09-16 01:00,4,29.38,8.3,8.07,118.22,35.52,6.46,,0.028,0.881,,,2026-09-16 02:25:59
广东省,珠江流域,排里,2026-09-16 01:00,3,29.45,7.18,7.02,161.04,16.43,5.68,0.017,0.096,1.563,,,2026-09-16 02:25:59
广东省,珠江流域,南渡河桥,2026-09-16 01:00,5,29.51,6.45,2.89,179.48,21.85,4.6,1.268,0.07,4.084,,,2026-09-16 02:25:59
广东省,珠江流域,营仔,2026-09-16 01:00,3,29.34,7.05,5.15,178.7,15.45,5.54,0.112,0.07,1.388,,,2026-09-16 02:25:59
广东省,珠江流域,黄竹尾水闸,2026-09-16 01:00,4,30.06,7.04,4.85,153.71,25.99,,0.071,0.104,2.299,,,2026-09-16 02:25:59
广东省,珠江流域,塘口,2026-09-16 01:00,3,29.16,7.03,5.97,138.35,15.6,2.45,0.296,0.141,2.194,,,2026-09-16 02:25:59
广东省,珠江流域,石碧,2026-09-16 01:00,5,28.913,6.06,2.03,255.291,70.507,5.95,0.643,0.292,3.948,,,2026-09-16 02:25:59
广东省,珠江流域,石骨水库,2026-09-16 01:00,2,30.047,,8.3,66.02,2.776,2.59,0.007,0.018,0.491,,,2026-09-16 02:25:59
广东省,珠江流域,良德水库,2026-09-16 01:00,1,29.88,7.91,8.26,62.336,12.452,1.6,0.017,0.007,0.245,0.00641,2644270,2026-09-16 02:25:59
广东省,珠江流域,江口门,2026-09-16 00:00,3,29.17,6.77,6,115.73,25.52,2.72,0.159,0.121,2.421,,,2026-09-16 02:25:59
广东省,珠江流域,米急渡,2026-09-16 01:00,3,28.38,6.88,5.74,104.422,50.937,2.09,0.209,0.115,2.002,,,2026-09-16 02:25:59
广东省,珠江流域,梁村,2026-09-16 01:00,2,28.3257,7.54,6.96,172.7868,20.39282,1.16,0.022,0.061,1.749,,,2026-09-16 02:25:59
广东省,珠江流域,封开城上,2026-09-16 01:00,2,28.478,7.77,6.83,278.691,31.534,1.23,0.01,0.036,2.77,,,2026-09-16 02:25:59
广东省,珠江流域,白沙街,2026-09-16 01:00,2,28.764,8.51,9.56,204.777,6.276,1.68,0.011,0.041,1.393,,,2026-09-16 02:25:59
广东省,珠江流域,黄岗,2026-09-16 01:00,3,28.657,7.47,5.77,230.064,28.506,1.88,0.006,,2.593,,,2026-09-16 02:25:59
广东省,珠江流域,永安,2026-09-16 01:00,2,28.51,7.35,6.01,255.619,35.682,2.01,0.007,0.042,2.66,,,2026-09-16 02:25:59
广东省,珠江流域,紫溪,2026-09-16 01:00,4,29.316,6.96,3.41,401.388,28.657,3.29,0.633,0.104,5.7,,,2026-09-16 02:25:59
广东省,珠江流域,东江江口,2026-09-16 01:00,2,28.9,7.15,7.37,92.29032,14.09192,1.31,0.006,0.03,1.741,,,2026-09-16 02:25:59
广东省,珠江流域,博罗城下,2026-09-16 01:00,2,28.68,7.1,6.23,141.252,14.994,1.95,0.024,0.062,2.204,,,2026-09-16 02:25:59
广东省,珠江流域,惠州汝湖,2026-09-16 01:00,2,29.116,7.22,8.67,97.421,8.253,2.05,0.008,0.037,1.434,,,2026-09-16 02:25:59
广东省,珠江流域,沙河河口,2026-09-16 01:00,4,29.342,6.84,4.72,241.288,24.287,1.85,0.298,0.091,3.019,,,2026-09-16 02:25:59
广东省,珠江流域,马安大桥下,2026-09-16 01:00,3,29.068,6.65,5.82,73.441,16.984,1.8,0.135,0.066,1.711,,,2026-09-16 02:25:59
广东省,珠江流域,虎爪断桥,2026-09-16 01:00,6,29.04,7.21,2.66,2566.648,19.879,4.37,2.041,0.2,7.096,,,2026-09-16 02:25:59
广东省,珠江流域,公庄河口,2026-09-16 01:00,2,29.4,7.26,7.35,169.5,31.4,2.17,0.02,0.097,1.811,,,2026-09-16 02:25:59
广东省,珠江流域,青溪,2026-09-16 01:00,3,26.73019,6.9,5.07,101.1452,10.02219,0.92,0.033,0.059,1.12883,,,2026-09-16 02:25:59
广东省,珠江流域,大麻,2026-09-16 01:00,2,28.067,6.96,6.29,107.407,30.135,1.45,0.004,0.056,2.253,,,2026-09-16 02:25:59
广东省,珠江流域,西阳电站,2026-09-16 01:00,3,28.883,7.09,5.98,121.276,19.211,1.67,0.059,0.06,1.951,,,2026-09-16 02:25:59
广东省,珠江流域,五丰渡口,2026-09-16 01:00,2,26.31,6.81,6.93,77.3,93.71,1.58,0.09,0.051,3.9661,,,2026-09-16 02:25:59
广东省,珠江流域,新铺,2026-09-16 01:00,2,27.54,7.26,6.52,92.644,37.7,0.96,0.214,0.035,1.7429,,,2026-09-16 02:25:59
广东省,珠江流域,海丰西闸,2026-09-16 02:00,2,30.92,7.22,6.21,76.8,4.2,2.86,,0.035,0.516,,,2026-09-16 02:25:59
广东省,珠江流域,陆丰半湾水闸,2026-09-16 01:00,2,29.128,7.33,8.6,57.702,16.124,1.5,0.007,0.032,1.073,,,2026-09-16 02:25:59
广东省,珠江流域,东溪水闸,2026-09-16 02:00,4,30.69,6.66,4.34,191.558,34.701,4.83,0.282,0.06,1.615,,,2026-09-16 02:25:59
广东省,珠江流域,庙咀里,2026-09-16 01:00,2,26.327,7,7.84,92.861,17.82,0.86,0.021,0.031,1.533,,,2026-09-16 02:25:59
广东省,珠江流域,龙川城铁路桥,2026-09-16 01:00,2,27.405,6.65,7.01,83.504,20.841,1.41,0.008,0.038,1.52,,,2026-09-16 02:25:59
广东省,珠江流域,江城,2026-09-16 01:00,3,28.77,6.77,5.6,115.306,20.422,3.09,0.264,0.131,1.581,,,2026-09-16 02:25:59
广东省,珠江流域,尖山,2026-09-16 01:00,4,28.66,6.66,3.68,258.16,34.1,4.8,0.358,0.153,2.334,,,2026-09-16 02:25:59
广东省,珠江流域,埠场,2026-09-16 01:00,4,29.13,6.8,4.93,256.812,27.247,2.74,0.187,0.119,1.413,,,2026-09-16 02:25:59
广东省,珠江流域,大泉,2026-09-16 01:00,4,27.78,6.58,3.32,1577.7,29.3,4.53,0.684,0.196,2.188,,,2026-09-16 02:25:59
广东省,珠江流域,北江石尾,2026-09-16 01:00,2,28.082,7.47,6.97,180.381,7.38,0.97,0.006,0.038,1.223,,,2026-09-16 02:25:59
广东省,珠江流域,石角,2026-09-16 01:00,2,28.4036,7.8,7.69,172.3518,10.28668,1.24,0.002,0.041,1.418,,,2026-09-16 02:25:59
广东省,珠江流域,连江西牛,2026-09-16 01:00,2,28.262,8.55,11.48,206.525,6.561,1.33,0.008,0.023,0.909,,,2026-09-16 02:25:59
广东省,珠江流域,樟村,2026-09-16 01:00,5,30.23,7.03,2.58,408.759,10.03,2.99,1.357,0.176,5.94,,,2026-09-16 02:25:59
广东省,珠江流域,沙田泗盛,2026-09-16 01:00,4,28.88,6.76,3.76,738.23,62.3,2.7,,0.08,2.714,,,2026-09-16 02:25:59
广东省,珠江流域,旗岭,2026-09-16 01:00,5,28.9,6.85,2.39,351.504,39.46,1.98,1.951,0.312,5.832,,,2026-09-16 02:25:59
广东省,珠江流域,石龙南河,2026-09-16 01:00,2,29.62,6.91,6.46,119.582,18.207,1.4,,0.055,1.621,,,2026-09-16 02:25:59
广东省,珠江流域,中山港码头,2026-09-16 01:00,2,28.58,7.56,6.43,253.69,58.161,1.45,0.092,0.076,3.065,,,2026-09-16 02:25:59
广东省,珠江流域,凤江桥,2026-09-16 01:00,2,28.338,6.98,7.36,98.013,27.358,1.93,0.056,0.084,2.225,,,2026-09-16 02:25:59
广东省,珠江流域,隆溪大道桥,2026-09-16 01:00,3,28.488,6.49,5.9,82.671,8.803,1.71,0.037,0.028,1.247,,,2026-09-16 02:25:59
广东省,珠江流域,龙石,2026-09-16 01:00,4,29.805,6.76,3.32,142.118,14.317,2.05,0.99,0.111,3.144,,,2026-09-16 02:25:59
广东省,珠江流域,龟山塔,2026-09-16 01:00,2,29.19,7.19,7.18,74.805,12.282,1,0.116,0.066,0.9862,,,2026-09-16 02:25:59
广东省,珠江流域,古封,2026-09-16 01:00,2,28.41,7.83,6.83,273.1,21.22,1.42,0.021,0.039,2.386,,,2026-09-16 02:25:59
广东省,珠江流域,都骑,2026-09-16 01:00,2,28.31,7.67,7.55,247.429,12.388,2.08,0.002,0.03,2.239,,,2026-09-16 02:25:59
广西壮族自治区,珠江流域,老口,2026-09-16 01:00,2,27.90376,7.85,8.85,297.2524,13.14686,0.88,,0.03,2.717634,,,2026-09-16 02:25:59
广西壮族自治区,珠江流域,叮当,2026-09-16 01:00,2,27.84,7.51,6.77,318.975,12.729,1.3,0.035,0.062,3.9229,,,2026-09-16 02:25:59
广西壮族自治区,珠江流域,六景,2026-09-16 01:00,2,27.76,7.84,6.5,303.79,20.33,1.46,0.028,0.035,2.79,,,2026-09-16 02:25:59
广西壮族自治区,珠江流域,雁江,2026-09-16 00:00,2,27.91892,7.86,6.41,356.8986,8.27527,1.3,0.006,0.021,1.69948,,,2026-09-16 02:25:59
广西壮族自治区,珠江流域,上中,2026-09-16 01:00,2,28.29,7.69,6.41,297.3708,16.22859,1.4,0.032,0.021,2.99821,,,2026-09-16 02:25:59
广西壮族自治区,珠江流域,白马,2026-09-16 01:00,2,27.17,7.96,6.96,392.99,5.6,1.26,0.054,0.029,2.472,,,2026-09-16 02:25:59
广西壮族自治区,珠江流域,露塘,2026-09-16 01:00,1,28.28,7.99,8.43,188.2367,1.67125,0.79,,0.005,1.19138,,,2026-09-16 02:25:59
广西壮族自治区,珠江流域,渔村,2026-09-16 01:00,1,29.711,8.25,8.08,214.107,3.566,1.11,0.016,0.017,1.436,,,2026-09-16 02:25:59
广西壮族自治区,珠江流域,木洞,2026-09-16 01:00,1,28.716,7.67,7.92,90.099,1.767,0.41,0.001,0.004,0.625,,,2026-09-16 02:25:59
广西壮族自治区,珠江流域,龙溪,2026-09-16 01:00,1,28.019,8.18,9.03,170.718,1.181,1.08,0.007,0.02,1.544,,,2026-09-16 02:25:59
广西壮族自治区,珠江流域,阳朔,2026-09-16 01:00,2,27.86,8.26,8,232.416,3.03,1.08,0.02,0.036,1.5757,,,2026-09-16 02:25:59
广西壮族自治区,珠江流域,交州,2026-09-16 01:00,1,26.032,7.46,7.91,69.442,1.615,0.44,0.007,0.01,0.441,,,2026-09-16 02:25:59
广西壮族自治区,珠江流域,京南,2026-09-16 01:00,2,28.68346,7.6,7.33,156.6578,2.00775,1.43,0.012,0.05,1.39872,,,2026-09-16 02:25:59
广西壮族自治区,珠江流域,亚桥,2026-09-16 01:00,2,28.81,7.24,7.11,,0.212,1.17,0.017,0.087,2.539,,,2026-09-16 02:25:59
广西壮族自治区,珠江流域,东边埇,2026-09-16 01:00,2,26.73,6.78,6.8,70.7717,25.5091,1.96,0.032,0.084,1.976,,,2026-09-16 02:25:59
广西壮族自治区,珠江流域,南域,2026-09-16 01:00,2,28.78,7.01,6.7,230.9532,9.09725,3.41,0.029,0.09,3.07393,,,2026-09-16 02:25:59
广西壮族自治区,珠江流域,西门江,2026-09-16 01:00,3,28.49,6.78,5.68,249.581,23.616,3.02,0.206,0.13,3.2176,,,2026-09-16 02:25:59
广西壮族自治区,珠江流域,高速公路桥,2026-09-16 01:00,2,27.64,7.43,6.85,141.2,12.21,3.87,0.111,0.098,1.7306,,,2026-09-16 02:25:59
广西壮族自治区,珠江流域,三滩,2026-09-16 01:00,2,27.6,6.85,7.54,2524.06,5.87,2.12,0.217,0.052,0.946,,,2026-09-16 02:25:59
广西壮族自治区,珠江流域,边贸码头,2026-09-16 01:00,2,27.5,6.95,7.32,63.63,7.38,1.39,0.317,0.084,1.556,,,2026-09-16 02:25:59
广西壮族自治区,珠江流域,高塘,2026-09-16 01:00,2,27.91,6.54,6.75,67.54,11.85,2.24,0.056,0.055,1.948,,,2026-09-16 02:25:59
广西壮族自治区,珠江流域,茅岭大桥,2026-09-16 01:00,2,28.36,7.05,7.2,388,11.57,2.46,0.014,0.043,1.002,,,2026-09-16 02:25:59
广西壮族自治区,珠江流域,钦江东,2026-09-16 01:00,2,27.22849,7.64,7.47,247.5963,52.51678,2.18,0.061,0.039,2.50686,,,2026-09-16 02:25:59
广西壮族自治区,珠江流域,高速公路西桥,2026-09-16 01:00,5,28.69,7.11,3.79,1996.21,28.08,4.74,1.685,0.209,4.696,,,2026-09-16 02:25:59
广西壮族自治区,珠江流域,武林渡口,2026-09-16 01:00,2,28.223,7.84,6.66,304.314,17.907,1.43,0.038,0.046,3.09,,,2026-09-16 02:25:59
广西壮族自治区,珠江流域,火电厂,2026-09-16 01:00,2,28.152,7.74,6.81,296.021,21.617,1.47,0.017,0.045,,,,2026-09-16 02:25:59
广西壮族自治区,珠江流域,自良渡口,2026-09-16 01:00,3,28.1,7.08,5.96,120.5935,27.16323,1.38,0.015,0.06,1.97659,,,2026-09-16 02:25:59
广西壮族自治区,珠江流域,横塘,2026-09-16 01:00,3,27.72,7.39,7.38,452.644,27.6994,2.58,0.01,0.154,3.53249,,,2026-09-16 02:25:59
广西壮族自治区,珠江流域,隘屯,2026-09-16 01:00,2,22.98422,8.06,10.07,366.03,5.863731,0.23,0.015,0.021,1.863678,,,2026-09-16 02:25:59
广西壮族自治区,珠江流域,公篓,2026-09-16 01:00,1,26.46,8.12,7.88,286.47,5.08,1.19,0.034,0.019,1.255,,,2026-09-16 02:25:59
广西壮族自治区,珠江流域,桂花,2026-09-16 01:00,2,26.37,7.97,8.29,190.2844,4.49199,1.16,0.006,0.042,1.48734,,,2026-09-16 02:25:59
广西壮族自治区,珠江流域,贺街,2026-09-16 01:00,2,27.16,7.85,7.33,218.96,13.741,0.67,0.046,0.038,1.373,,,2026-09-16 02:25:59
广西壮族自治区,珠江流域,杨民,2026-09-16 01:00,2,27.642,7.83,7.18,350.399,1.107,1.15,0.026,0.016,2.104,,,2026-09-16 02:25:59
广西壮族自治区,珠江流域,岩滩水库,2026-09-16 01:00,2,27.641,8.44,11.6,304.884,15.59,1.84,0.005,0.021,1.986,0.008472,3082299,2026-09-16 02:25:59
广西壮族自治区,珠江流域,车渡,2026-09-16 01:00,2,26.584,7.77,6.73,371.377,11.218,0.86,0.013,0.015,2.652,,,2026-09-16 02:25:59
广西壮族自治区,珠江流域,垒亭,2026-09-16 01:00,2,26.12317,7.74,6.6,371.9419,2.68172,0.72,0.009,0.015,2.00868,,,2026-09-16 02:25:59
广西壮族自治区,珠江流域,象州运江老街,2026-09-16 01:00,2,27.931,7.85,7.05,214.091,10.378,0.89,0.005,0.015,1.498,,,2026-09-16 02:25:59
广西壮族自治区,珠江流域,勒马,2026-09-16 01:00,2,27.574,7.93,7.21,322.363,2.791,0.85,0.004,0.023,2.46,,,2026-09-16 02:25:59
广西壮族自治区,珠江流域,上金,2026-09-16 01:00,3,27.87,6.78,5.7,139.9442,67.1238,1.62,0.009,0.024,2.047,,,2026-09-16 02:25:59
广西壮族自治区,珠江流域,渠立,2026-09-16 01:00,1,27.02,7.98,11.01,265.716,25.841,0.65,,0.018,2.368,,,2026-09-16 02:25:59
广西壮族自治区,珠江流域,棉江,2026-09-16 01:00,2,27.74,7.72,6.46,208.321,28.166,1.83,0.042,0.022,1.8407,,,2026-09-16 02:25:59
海南省,珠江流域,儒房,2026-09-16 01:00,3,27.5,6.89,6.85,137.34,99.3,4.78,0.14,0.125,1.608,,,2026-09-16 02:25:59
海南省,珠江流域,后黎村,2026-09-16 01:00,3,27.6,6.93,7.62,76.2,67.5,4.14,0.063,0.101,1.795,,,2026-09-16 02:25:59
海南省,珠江流域,林家村,2026-09-16 01:00,2,27,6.95,8.12,91.3,93.05,2.49,0.01,0.049,3.393,,,2026-09-16 02:25:59
海南省,珠江流域,崖城大桥,2026-09-16 01:00,2,27.3,6.96,8.07,96.03,124.2,2.66,,0.053,3.585,,,2026-09-16 02:25:59
海南省,珠江流域,藤桥河大桥,2026-09-16 01:00,3,26.82,6.66,7.95,88.11,304.9,4.45,,0.175,1.552,,,2026-09-16 02:25:59
海南省,珠江流域,松涛水库南丰库心,2026-09-16 01:00,2,29.35296,7.52,6.43,75.75609,0.583793,0.99,0.005,0.006,0.2737821,0.01697844,2647067,2026-09-16 02:25:59
海南省,珠江流域,上村桥,2026-09-16 01:00,3,27.7,6.93,7.36,103.9,105.9,4.69,0.041,0.101,1.881,,,2026-09-16 02:25:59
海南省,珠江流域,中和桥,2026-09-16 01:00,4,27.8,6.92,5.6,122.5,99,5.96,0.221,0.244,1.871,,,2026-09-16 02:25:59
海南省,珠江流域,羊头外村桥,2026-09-16 01:00,3,28.21,6.12,5.46,68.36,67.23,5.52,0.092,0.124,2.123,,,2026-09-16 02:25:59
海南省,珠江流域,农垦橡胶所一队,2026-09-16 01:00,1,27.8,6.66,7.98,67.6,4.1,1.26,0.019,0.019,1.764,,,2026-09-16 02:25:59
海南省,珠江流域,水涯新区,2026-09-16 01:00,2,28.4,6.64,6.02,131.5,5.5,3.09,0.116,0.061,1.908,,,2026-09-16 02:25:59
海南省,珠江流域,分洪桥,2026-09-16 01:00,2,27.31,6.16,7.67,66.46,81.37,3.49,0.057,0.087,1.456,,,2026-09-16 02:25:59
海南省,珠江流域,后山村,2026-09-16 01:00,6,28.67,6.65,1.17,152.277,23.7843,6.65,0.169,0.282,2.821,,,2026-09-16 02:25:59
海南省,珠江流域,大广坝水库出口,2026-09-16 01:00,6,25.025,6.82,6.1,48.403,769.132,4.7,0.513,0.206,4.743,0.023698,4.96128,2026-09-16 02:25:59
海南省,珠江流域,罗带铁路桥,2026-09-16 01:00,6,27.4,6.93,7.43,262.8,197.5,6.37,,0.432,3.422,,,2026-09-16 02:25:59
海南省,珠江流域,山口,2026-09-16 01:00,2,27.66,6.97,7.64,88.12,39.89,3.25,0.127,0.053,1.431,,,2026-09-16 02:25:59
海南省,珠江流域,白仞滩电站,2026-09-16 01:00,4,27.7,6.93,8.13,107.2,96.4,5.37,0.036,0.23,1.766,,,2026-09-16 02:25:59
海南省,珠江流域,大风,2026-09-16 01:00,3,26.72918,6.53,7.55,90.14143,218.0846,3.49,0.001,0.121,0.8453512,,,2026-09-16 02:25:59
海南省,珠江流域,叉河口,2026-09-16 01:00,2,27.6,7.2,7.5,209,36.7,1.7,0.034,0.062,2.094,,,2026-09-16 02:25:59
海南省,珠江流域,跨界桥,2026-09-16 01:00,3,24.8,7.02,8.66,59.7,657.3,5.81,,0.158,1.374,,,2026-09-16 02:25:59
海南省,珠江流域,大溪村,2026-09-16 01:00,2,26.5,6.83,7.85,82.4,71.5,2.7,0.056,0.081,1.706,,,2026-09-16 02:25:59
重庆市,长江流域,晒网坝,2026-09-16 01:00,2,26.36,8.04,7.08,410.1519,10.619,1.39,,0.041,1.656,,,2026-09-16 02:25:59
重庆市,长江流域,向家,2026-09-16 01:00,2,25.75,7.89,7.54,255.342,17.837,3.32,0.015,0.034,0.997,,,2026-09-16 02:25:59
重庆市,长江流域,磨刀溪长滩,2026-09-16 01:00,4,23.69,7.46,4.34,177.236,17.29,2.95,0.011,0.032,0.778,,,2026-09-16 02:25:59
重庆市,长江流域,清溪场,2026-09-16 01:00,2,25.3,8,7.26,407.5703,22.6531,,,0.054,1.58,,,2026-09-16 02:25:59
重庆市,长江流域,木瓜洞,2026-09-16 01:00,4,25.32,7.28,3.91,358.2889,13.951,3.96,0.051,0.118,1.55,,,2026-09-16 02:25:59
重庆市,长江流域,寸滩,2026-09-16 01:00,2,24.45,7.96,7.52,442.854,42.476,1.9,0.056,0.087,1.987,,,2026-09-16 02:25:59
重庆市,长江流域,和尚山,2026-09-16 02:00,2,24.55,7.93,6.59,417.27,44.94,1.48,0.197,0.071,1.7,,,2026-09-16 02:25:59
重庆市,长江流域,北温泉,2026-09-16 01:00,2,27.6295,7.91,7.73,335.03,27.5856,2.18,,0.013,1.854,,,2026-09-16 02:25:59
重庆市,长江流域,寨溪大桥,2026-09-16 01:00,2,25.98,7.81,6.24,996.5229,15.4523,2.6,0.04,0.049,1.889,,,2026-09-16 02:25:59
重庆市,长江流域,石门坎,2026-09-16 01:00,6,24.39,8.04,1.64,511.93,2.28,1.02,,0.033,0.985,,,2026-09-16 02:25:59
重庆市,长江流域,玉滩水库,2026-09-16 01:00,4,26.59,7.42,4.59,422.4909,13.97557,4.6,0.062,0.007,0.84532,0.04174551,1.522864,2026-09-16 02:25:59
重庆市,长江流域,御临镇,2026-09-16 01:00,4,28.53,7.51,4.71,416.728,17.026,,0.165,0.084,2.043,,,2026-09-16 02:25:59
重庆市,长江流域,黎家乡崔家岩村,2026-09-16 01:00,5,25.59,7.24,2.1,359.9,22.03,4.29,0.283,0.073,1.183,,,2026-09-16 02:25:59
重庆市,长江流域,运输桥,2026-09-16 01:00,5,26.12,7.31,2.12,337.8091,6.6549,4.75,0.06,0.109,0.697,,,2026-09-16 02:25:59
重庆市,长江流域,六剑滩,2026-09-16 01:00,4,27.11,7.38,3.25,319.7,13.74,4.82,0.044,0.165,1.421,,,2026-09-16 02:25:59
重庆市,长江流域,支坪街道,2026-09-16 01:00,2,26.16,8.17,6.55,497.0345,29.6775,1.92,,0.049,1.887,,,2026-09-16 02:25:59
重庆市,长江流域,江津大桥,2026-09-16 01:00,2,23.51,8.03,7.64,422.04,43.15,1.77,0.002,0.065,1.937,,,2026-09-16 02:25:59
重庆市,长江流域,朱杨溪,2026-09-16 01:00,3,27.09,7.65,6.86,664.38,18.34,3.99,0.038,0.164,4.359,,,2026-09-16 02:25:59
重庆市,长江流域,北渡,2026-09-16 01:00,2,26.89,7.87,6.66,586.9833,19.775,1.38,0.088,0.049,1.817,,,2026-09-16 02:25:59
重庆市,长江流域,白杨溪,2026-09-16 01:00,2,26.64,7.6,6.52,130.305,5.383,2.66,0.008,0.021,1.085,,,2026-09-16 02:25:59
重庆市,长江流域,太和,2026-09-16 01:00,2,26.59,7.87,6.34,373.33,14,2,0.038,0.036,1.93,,,2026-09-16 02:25:59
重庆市,长江流域,官渡,2026-09-16 01:00,3,29.49,7.7,5.25,309.5685,11.8,3.42,,0.058,1.673,,,2026-09-16 02:25:59
重庆市,长江流域,临渡,2026-09-16 01:00,3,27.45,7.65,5.92,396.7,19.377,2.53,,0.04,2.208,,,2026-09-16 02:25:59
重庆市,长江流域,渠江码头,2026-09-16 01:00,4,28.65,7.45,4.36,275.537,13.529,2.81,0.026,0.06,1.613,,,2026-09-16 02:25:59
重庆市,长江流域,朱沱,2026-09-16 01:00,2,23.43,8.06,7.18,433,21.35,1.56,0.009,0.073,1.927,,,2026-09-16 02:25:59
重庆市,长江流域,四明水厂,2026-09-16 01:00,4,25.18,7.89,6.11,394.9,12.6,6.5,0.041,0.074,1.08,,,2026-09-16 02:25:59
重庆市,长江流域,金狮桥,2026-09-16 01:00,1,21.11,8.25,8.61,217.069,7.317,1.27,,0.009,0.925,,,2026-09-16 02:25:59
重庆市,长江流域,璧南河两河口,2026-09-16 01:00,3,25.83,7.46,5.37,674.356,13.614,4.62,0.116,0.133,1.491,,,2026-09-16 02:25:59
重庆市,长江流域,中和,2026-09-16 01:00,6,27.07,7.2,1.02,537.1,5.46,4.93,0.523,0.175,0.758,,,2026-09-16 02:25:59
重庆市,长江流域,玉溪,2026-09-16 01:00,2,24.08,7.7,7.57,463.8586,23.0672,1.44,0.055,0.057,1.908,,,2026-09-16 02:25:59
重庆市,长江流域,高洞电站,2026-09-16 01:00,6,27.525,7.36,0.98,718.878,4.714,4.27,0.398,0.081,2.17,,,2026-09-16 02:25:59
重庆市,长江流域,巫山乡,2026-09-16 01:00,3,22.75,7.72,8.36,254.036,15.806,3.6,0.008,0.102,1.497,,,2026-09-16 02:25:59
重庆市,长江流域,上河坝,2026-09-16 02:00,3,25.73,7.5,5.12,603.14,9.07,4.12,0.312,0.153,0.796,,,2026-09-16 02:25:59
重庆市,长江流域,芙蓉洞码头,2026-09-16 01:00,1,27.39,8.52,10.92,261.8,8.21,0.84,,0.012,1.225,,,2026-09-16 02:25:59
重庆市,长江流域,鸭江镇,2026-09-16 01:00,2,26.55,7.86,7.97,496.639,10.79,2.15,,0.056,2.467,,,2026-09-16 02:25:59
重庆市,长江流域,江口镇,2026-09-16 01:00,2,25.983,7.99,6.25,321.281,1.484,0.66,,0.012,1.546,,,2026-09-16 02:25:59
重庆市,长江流域,土堡寨,2026-09-16 01:00,1,17.5,8.26,9.47,481.013,3.158,0.36,,0.004,0.822,,,2026-09-16 02:25:59
重庆市,长江流域,水寨子,2026-09-16 01:00,1,22.27,8.2,7.95,257.734,3.462,1.48,,0.014,0.528,,,2026-09-16 02:25:59
重庆市,长江流域,湖海场,2026-09-16 01:00,2,24.37,7.63,6.45,294.57,9.383,2.5,0.041,0.08,1.536,,,2026-09-16 02:25:59
重庆市,长江流域,卫星桥,2026-09-16 01:00,2,24.93,7.87,6.92,356.9623,17.7086,3.12,0.049,0.054,0.328,,,2026-09-16 02:25:59
重庆市,长江流域,高洞梁,2026-09-16 01:00,3,24.7,7.74,5.85,516.592,29.209,2.64,0.037,0.048,0.195,,,2026-09-16 02:25:59
重庆市,长江流域,清水湖渡口,2026-09-16 01:00,1,24.24,8.77,12.77,206.308,6.0396,,0.013,0.02,1.1311,,,2026-09-16 02:25:59
重庆市,长江流域,小江河口,2026-09-16 01:00,3,26.25,7.79,5.01,369.65,3.54,2.32,0.007,0.041,1.7853,,,2026-09-16 02:25:59
重庆市,长江流域,汤溪河江口,2026-09-16 01:00,1,20.4,8,8.15,315.764,10.91,0.44,,0.007,0.784,,,2026-09-16 02:25:59
重庆市,长江流域,罗汉大桥,2026-09-16 01:00,2,24.62,8.14,7.85,354.39,12.2,1.04,0.014,0.027,0.825,,,2026-09-16 02:25:59
重庆市,长江流域,白帝城,2026-09-16 01:00,2,26,7.8,6.18,359.536,30.784,1.27,0.002,0.046,1.711,,,2026-09-16 02:25:59
重庆市,长江流域,培石,2026-09-16 01:00,2,25.9,7.87,7.01,399.4295,11.1096,1.23,0.07,0.058,1.8427,,,2026-09-16 02:25:59
重庆市,长江流域,花台,2026-09-16 01:00,1,19.29,8.11,7.94,414.417,9.8551,0.59,,0.011,0.885,,,2026-09-16 02:25:59
重庆市,长江流域,化杠,2026-09-16 01:00,2,16.89,7.8,8.57,161.58,10.72,2.74,,0.063,2.055,,,2026-09-16 02:25:59
重庆市,长江流域,万木,2026-09-16 01:00,3,23.83,7.77,5.85,430.12,1.2,0.75,0.01,0.034,3.54,,,2026-09-16 02:25:59
重庆市,长江流域,红花村,2026-09-16 01:00,4,23.767,7.71,4.97,232.017,2.86,0.92,,0.009,1.611,,,2026-09-16 02:25:59
重庆市,长江流域,南洞沟,2026-09-16 01:00,2,24.43,8.24,7.44,325.958,4.489,0.6,,0.014,0.379,,,2026-09-16 02:25:59
重庆市,长江流域,郁江桥,2026-09-16 01:00,1,24.27,8.03,8.06,265.598,7.479,1.19,0.001,0.02,1.36,,,2026-09-16 02:25:59
四川省,长江流域,二江寺,2026-09-16 01:00,2,21.24,7.83,6.53,457.9,20.8,2.04,0.116,0.099,2.531,,,2026-09-16 02:25:59
四川省,长江流域,岳店子下,2026-09-16 01:00,3,22.121,7.92,6.52,464.1998,7.59645,2.12,0.079,0.15,4.23381,,,2026-09-16 02:25:59
四川省,长江流域,三邑大桥,2026-09-16 00:00,2,21.53,7.8,6.47,281.3,39.93,1.64,0.014,0.052,2.0378,,,2026-09-16 02:25:59
四川省,长江流域,宏缘,2026-09-16 01:00,3,21.29,7.96,8,470.21,10.46,1.85,0.098,0.123,3.209,,,2026-09-16 02:25:59
四川省,长江流域,李家湾,2026-09-16 01:00,3,24.02,7.57,7.15,360.7,41.5,3.94,0.042,0.175,3.748,,,2026-09-16 02:25:59
四川省,长江流域,廖家堰,2026-09-16 01:00,3,25.003,7.74,7.29,992.622,40.247,4.3,0.289,0.172,2.466,,,2026-09-16 02:25:59
四川省,长江流域,脚仙村,2026-09-16 01:00,3,22.98,7.48,7.86,356.8,58.5,4.17,0.159,0.195,4.008,,,2026-09-16 02:25:59
四川省,长江流域,龙洞,2026-09-16 01:00,1,21.39,8.26,8.13,678,10.569,1.05,0.009,0.009,0.60918,,,2026-09-16 02:25:59
四川省,长江流域,倮果,2026-09-16 01:00,1,22.56,8.26,7.96,685.2252,17.66923,0.85,0.005,0.013,0.67169,,,2026-09-16 02:25:59
四川省,长江流域,雅砻江口,2026-09-16 01:00,1,19.369,7.58,8.89,262.4878,8.0088,1.12,0.011,0.009,0.62273,,,2026-09-16 02:25:59
四川省,长江流域,柏枝,2026-09-16 01:00,1,19.66,8.08,7.92,190.2591,9.80243,1.29,0.007,0.008,0.47632,,,2026-09-16 02:25:59
四川省,长江流域,湾凼,2026-09-16 01:00,4,24.33213,7.51,3.17,675.1132,7.523994,3.97,0.008,0.035,0.36214,,,2026-09-16 02:25:59
四川省,长江流域,手爬岩,2026-09-16 01:00,2,23.02,7.85,7.41,407.869,27.5429,1.62,,0.058,1.4437,,,2026-09-16 02:25:59
四川省,长江流域,沱江大桥,2026-09-16 01:00,3,25.27,7.71,7.24,420.1325,97.99591,2.44,0.014,0.17,3.01926,,,2026-09-16 02:25:59
四川省,长江流域,醒觉溪,2026-09-16 01:00,2,25.58,8.3,7.66,417,20.7,1.91,0.031,0.036,2.882,,,2026-09-16 02:25:59
四川省,长江流域,胡市大桥,2026-09-16 01:00,6,28.34,7.31,1.53,426.2008,9.2209,5.19,0.169,0.168,1.1437,,,2026-09-16 02:25:59
四川省,长江流域,大磨子,2026-09-16 01:00,3,24.54,7.4,7.59,377.677,50.771,3.09,0.107,0.133,3.337,,,2026-09-16 02:25:59
四川省,长江流域,泸天化大桥,2026-09-16 01:00,2,26.47,7.91,7.08,430.009,14.6579,1.61,,0.035,2.6984,,,2026-09-16 02:25:59
四川省,长江流域,纳溪大渡口,2026-09-16 01:00,2,23.1,7.76,7.36,394.351,12.483,1.38,0.002,0.072,1.8096,,,2026-09-16 02:25:59
四川省,长江流域,两汇水,2026-09-16 01:00,2,23.39259,7.87,7.99,150.5251,8.870787,1.52,0.003,0.037,1.062,,,2026-09-16 02:25:59
四川省,长江流域,太平渡,2026-09-16 02:00,2,24.86577,8.37,7.73,550.6693,16.46115,1.35,0.013,0.038,3.638,,,2026-09-16 02:25:59
四川省,长江流域,八角,2026-09-16 01:00,3,22.08,7.9,6.29,561.5,21.33,1.2,0.23,0.14,2.769,,,2026-09-16 02:25:59
四川省,长江流域,象山,2026-09-16 01:00,4,23.94,7.35,3.36,467.63,11.8,4.42,0.116,0.154,1.795,,,2026-09-16 02:25:59
四川省,长江流域,双江桥,2026-09-16 01:00,3,21.32,8.19,8.02,544.65,47.8,1.94,0.024,0.147,2.877,,,2026-09-16 02:25:59
四川省,长江流域,三川,2026-09-16 01:00,4,21.05,8,7.96,556.5,34.36,1.23,,0.209,3.439,,,2026-09-16 02:25:59
四川省,长江流域,西平镇,2026-09-16 01:00,3,21.4,8.13,8.44,543.48,43.62,2.8,0.062,0.153,4.092,,,2026-09-16 02:25:59
四川省,长江流域,平武水文站,2026-09-16 01:00,1,14.54,8.41,9.05,252.7223,31.18982,0.46,0.01,0.009,0.69025,,,2026-09-16 02:25:59
四川省,长江流域,丰谷,2026-09-16 01:00,2,21.03139,7.9,8.31,290.4942,24.00946,1.21,0.062,0.034,,,,2026-09-16 02:25:59
四川省,长江流域,鲁班岛,2026-09-16 01:00,2,23.27364,8.38,7.02,254.4026,8.48448,1.64,0.002,0.014,0.26031,0.00373,1.074297,2026-09-16 02:25:59
四川省,长江流域,北川通口,2026-09-16 01:00,1,17.49581,8.28,9.6,246.404,43.71387,0.77,0.007,0.012,0.97657,,,2026-09-16 02:25:59
四川省,长江流域,八庙沟,2026-09-16 01:00,1,21.18,8.28,8.24,318.523,33.66798,1.65,0.008,0.019,2.39464,,,2026-09-16 02:25:59
四川省,长江流域,姚渡,2026-09-16 01:00,1,18.45704,8.21,8.6,329.3301,34.81493,1.68,0.018,0.007,1.71,,,2026-09-16 02:25:59
四川省,长江流域,苴国村,2026-09-16 01:00,1,23.19,7.92,8.1,276.472,6.15518,1.41,0.01,0.01,1.16841,,,2026-09-16 02:25:59
四川省,长江流域,上石盘,2026-09-16 01:00,2,22.29,8.1,7.36,361.8069,13.86366,1.17,0.003,0.016,1.44334,,,2026-09-16 02:25:59
四川省,长江流域,清泉乡,2026-09-16 01:00,3,24.73,7.59,5.58,282.1,8.3445,1.7,0.015,0.039,0.94,,,2026-09-16 02:25:59
四川省,长江流域,大安,2026-09-16 01:00,6,25.75,7.25,1.3,551.273,8.7,4.84,0.659,0.323,1.404,,,2026-09-16 02:25:59
四川省,长江流域,百顷,2026-09-16 01:00,2,21.28,7.65,8.17,337.81,19.18,1.41,0.094,0.063,2.167,,,2026-09-16 02:25:59
四川省,长江流域,梓江大桥,2026-09-16 01:00,3,24.51,7.71,5.29,377.3,15.5,3.05,0.044,0.06,1.236,,,2026-09-16 02:25:59
四川省,长江流域,大埂,2026-09-16 01:00,5,25.9,7.44,2.22,468.2,3.56,5.03,0.165,0.068,0.711904,,,2026-09-16 02:25:59
四川省,长江流域,球溪河口,2026-09-16 02:00,4,24.06,7.66,6.77,509.69,29.2,5.79,0.162,0.212,5.236,,,2026-09-16 02:25:59
四川省,长江流域,李码头,2026-09-16 01:00,2,19.36235,8.02,8.76,244.5466,18.55219,0.14,0.01,0.037,1.77527,,,2026-09-16 02:25:59
四川省,长江流域,马边河河口,2026-09-16 01:00,2,20.86045,7.74,7.93,258.5728,8.07512,2.14,0.001,0.051,1.98586,,,2026-09-16 02:25:59
四川省,长江流域,悦来渡口,2026-09-16 01:00,3,22.811,7.7,6.88,375.466,12.871,3.58,0.178,0.166,4.719,,,2026-09-16 02:25:59
四川省,长江流域,金溪电站,2026-09-16 01:00,4,25.75,7.58,4.65,317.422,13.8622,2.03,0.01,0.04,1.637,,,2026-09-16 02:25:59
四川省,长江流域,升钟水库铁炉寺,2026-09-16 01:00,4,24.75,7.78,4.98,347.25,4.03,4.35,,0.019,3.217,,,2026-09-16 02:25:59
四川省,长江流域,沙溪,2026-09-16 01:00,2,23.39,7.67,6.23,282.55,7.41,2.59,0.01,0.016,1.424,,,2026-09-16 02:25:59
四川省,长江流域,黄龙溪,2026-09-16 01:00,3,21.53,7.74,6.49,487.234,18.21,3.46,0.125,0.152,3.568,,,2026-09-16 02:25:59
四川省,长江流域,彭山岷江大桥,2026-09-16 01:00,3,22.32,7.71,7.07,479.4573,16.1681,2.78,0.035,0.115,3.34231,,,2026-09-16 02:25:59
四川省,长江流域,龟都府,2026-09-16 01:00,2,17.69,8,8.98,210.0915,23.4679,1.45,,0.052,1.262704,,,2026-09-16 02:25:59
四川省,长江流域,越溪河两河口,2026-09-16 01:00,3,20.57,7.57,7.05,492.9,18.4,4.31,0.078,0.079,2.672,,,2026-09-16 02:25:59
四川省,长江流域,月波,2026-09-16 01:00,2,20.69,7.35,9.01,289.9,20.9,1.65,0.092,0.063,2.279,,,2026-09-16 02:25:59
四川省,长江流域,凉姜沟,2026-09-16 01:00,2,21.35,7.81,8.62,292.9194,8.197678,2.25,0.018,0.072,2.88128,,,2026-09-16 02:25:59
四川省,长江流域,挂弓山,2026-09-16 01:00,2,22.54536,7.87,7.03,409.8589,8.84572,1.11,0.024,0.038,1.87039,,,2026-09-16 02:25:59
四川省,长江流域,蔡家渡口,2026-09-16 01:00,2,25.15258,7.74,6.9,476.7811,16.96096,1.94,0.008,0.06,3.17299,,,2026-09-16 02:25:59
四川省,长江流域,三块石,2026-09-16 02:00,1,23.35,7.93,7.56,491.02,8.43,0.91,0.002,0.013,1.042,,,2026-09-16 02:25:59
四川省,长江流域,洛亥,2026-09-16 01:00,2,19.1,8.16,8.49,317.5523,4.996531,0.84,0.026,0.063,3.385,,,2026-09-16 02:25:59
四川省,长江流域,溪口镇平桥村,2026-09-16 02:00,3,22.73,7.42,6.12,402.82,19.13,4.44,0.011,0.085,0.785,,,2026-09-16 02:25:59
四川省,长江流域,摇金,2026-09-16 01:00,4,24.29,7.62,4.93,412.96,39.1,3.86,0.143,0.14,0.606,,,2026-09-16 02:25:59
四川省,长江流域,金子,2026-09-16 01:00,2,26,7.91,6.45,304.33,12.68,1.76,0.055,0.03,1.4538,,,2026-09-16 02:25:59
四川省,长江流域,烈面,2026-09-16 02:00,3,26.8,7.44,5.81,272.9,13.1,1.71,0.044,0.038,1.481,,,2026-09-16 02:25:59
四川省,长江流域,幺滩,2026-09-16 01:00,2,26.29,7.93,7.11,546.25,13.16,2.45,0.094,0.076,1.733,,,2026-09-16 02:25:59
四川省,长江流域,团堡岭,2026-09-16 01:00,3,26.97,7.94,5.46,266.3,22.571,2.45,0.015,0.049,1.306,,,2026-09-16 02:25:59
四川省,长江流域,江陵,2026-09-16 01:00,2,24.87,7.8,6.1,257.05,8.4,2.8,0.013,0.048,1.13,,,2026-09-16 02:25:59
四川省,长江流域,大蹬沟,2026-09-16 01:00,3,27.08,7.92,5.13,236,25.2,3.03,0.016,0.038,1.125,,,2026-09-16 02:25:59
四川省,长江流域,白兔乡,2026-09-16 01:00,4,25.4,7.63,3.53,381.9,6.87,4.58,0.195,0.109,0.836,,,2026-09-16 02:25:59
四川省,长江流域,联盟桥,2026-09-16 01:00,3,22.09,7.42,5.68,330.54,32.21,4.71,0.253,0.137,1.7933,,,2026-09-16 02:25:59
四川省,长江流域,舵石盘,2026-09-16 01:00,4,25.59,7.66,3.3,313.4,21,2.76,0.077,0.046,1.74,,,2026-09-16 02:25:59
四川省,长江流域,车家河,2026-09-16 01:00,2,25.99,7.73,7.56,307.4,23.13,1.93,0.152,0.065,1.199,,,2026-09-16 02:25:59
四川省,长江流域,三谷庄,2026-09-16 01:00,1,20.25,8.19,7.65,220.2381,8.10821,0.93,0.003,0.01,0.64896,,,2026-09-16 02:25:59
四川省,长江流域,大岗山,2026-09-16 01:00,1,17.27,7.94,8.02,216.1156,10.65355,0.72,0.004,0.011,0.54774,,,2026-09-16 02:25:59
四川省,长江流域,手傍岩,2026-09-16 01:00,2,23.59,7.92,6.7,337.6,12.2,,,,1.355,,,2026-09-16 02:25:59
四川省,长江流域,幸福村,2026-09-16 01:00,5,22.11,7.9,8.7,372.4,28.8,6.22,0.142,0.319,3.244,,,2026-09-16 02:25:59
四川省,长江流域,拱城铺渡口,2026-09-16 01:00,3,22.25,7.87,8.49,430.72,29.36,2.79,0.08,0.167,2.874,,,2026-09-16 02:25:59
四川省,长江流域,红光村,2026-09-16 02:00,3,22.28,7.41,5.47,491.21,49.81,5.1,0.053,0.158,1.233,,,2026-09-16 02:25:59
四川省,长江流域,县城马踏石点,2026-09-16 01:00,1,14.22709,8.49,10.24,351.6348,85.46082,0.65,0.021,0.009,0.67719,,,2026-09-16 02:25:59
四川省,长江流域,渭门桥,2026-09-16 01:00,1,14.15,8.29,8.64,238.7151,31.61237,1.32,0.006,0.012,0.37302,,,2026-09-16 02:25:59
四川省,长江流域,小水沟,2026-09-16 01:00,1,10.08525,8.32,7.99,224.1603,40.87476,1.19,0.046,0.013,0.92482,,,2026-09-16 02:25:59
四川省,长江流域,竹巴龙村,2026-09-16 01:00,3,12.23,8.33,6.65,1525.2,398.9,2.56,0.359,0.162,2.623,,,2026-09-16 02:25:59
四川省,长江流域,昔街大桥,2026-09-16 01:00,2,19.8,7.8,7.6,236.08,30.03,1.34,0.132,0.076,3.848,,,2026-09-16 02:25:59
四川省,长江流域,阿七大桥,2026-09-16 01:00,2,19.77,7.8,6.84,240.1465,39.01693,1.55,0.079,0.083,2.2913,,,2026-09-16 02:25:59
四川省,长江流域,邛海湖心,2026-09-16 01:00,4,25.06,8.04,4.84,319.0043,4.92412,2.32,0.014,0.018,0.19788,0.00214,60492.36,2026-09-16 02:25:59
贵州省,长江流域,棉花渡,2026-09-16 01:00,2,24.192,7.81,6.95,462.09,0.8034,1.36,,0.057,2.901,,,2026-09-16 02:25:59
贵州省,长江流域,贵铝泵房,2026-09-16 01:00,2,23.8273,8.36,9.07,374.2981,4.3813,2.79,0.012,0.009,1.6003,0.01235,1753852,2026-09-16 02:25:59
贵州省,长江流域,花鱼洞,2026-09-16 01:00,3,23.2393,7.52,5.45,320.9476,4.5358,2.98,0.007,0.034,1.0045,0.00196,2595234,2026-09-16 02:25:59
贵州省,长江流域,麦穰,2026-09-16 01:00,3,23.13,8.02,6.44,650.46,6.82,2.47,0.125,0.173,5.855,,,2026-09-16 02:25:59
贵州省,珠江流域,青岩,2026-09-16 01:00,3,22.83,7.94,5.42,558.729,4.8119,0.9,,0.038,3.7727,,,2026-09-16 02:25:59
贵州省,长江流域,龙场,2026-09-16 01:00,2,21.05,7.99,6.66,398.15,2.39,0.73,0.03,0.014,3.717,,,2026-09-16 02:25:59
贵州省,珠江流域,发耳,2026-09-16 01:00,3,21.83,8.29,5.94,333.222,7.759,0.95,0.005,0.059,3.359,,,2026-09-16 02:25:59
贵州省,长江流域,打秋坪,2026-09-16 01:00,2,24.42,7.92,8.11,529.9,2.9,1.07,0.106,0.057,3.349,,,2026-09-16 02:25:59
贵州省,长江流域,鱼塘大桥,2026-09-16 01:00,2,25.31,8.02,7.3,333.59,1.76,0.04,,0.01,1.482,,,2026-09-16 02:25:59
贵州省,长江流域,沿江渡,2026-09-16 01:00,2,26.26,8.86,8.25,342.58,4.75,2.51,0.007,0.012,2.257,,,2026-09-16 02:25:59
贵州省,长江流域,鲤鱼塘,2026-09-16 01:00,3,25.61,7.5,5.88,499.05,1.835,1.27,0.001,0.051,3.05,,,2026-09-16 02:25:59
贵州省,长江流域,坡渡,2026-09-16 01:00,1,23.03,8.06,8.06,326.73,4.21,0.51,0.013,0.007,0.637,,,2026-09-16 02:25:59
贵州省,长江流域,余庆河暗溪坪,2026-09-16 01:00,2,24.9,7.66,8.17,323.21,7.19,1.11,0.015,0.036,1.72,,,2026-09-16 02:25:59
贵州省,长江流域,羊柱头渡口,2026-09-16 01:00,4,23.74,7.78,6.79,744.57,3.74,3.11,0.46,0.241,8.162,,,2026-09-16 02:25:59
贵州省,长江流域,鲢鱼溪,2026-09-16 01:00,2,23.477,8.26,8.3,431.001,14.9,4,0.047,0.029,6.444,,,2026-09-16 02:25:59
贵州省,长江流域,长沙,2026-09-16 01:00,2,24.4007,8.16,7.21,251.9967,7.9529,1.6,0.016,0.017,1.2169,,,2026-09-16 02:25:59
贵州省,长江流域,茅台,2026-09-16 01:00,1,23.44,8.22,7.84,399.6,2.2,0.74,,0.017,3.746,,,2026-09-16 02:25:59
贵州省,珠江流域,黄果树,2026-09-16 01:00,2,22.6058,8.29,9.02,642.4,17.01,1.13,,0.021,3.573,,,2026-09-16 02:25:59
贵州省,长江流域,斯拉河大桥,2026-09-16 01:00,2,24.65,8.7,10.28,356.4,13.68,2.69,0.016,0.02,3.516,,,2026-09-16 02:25:59
贵州省,珠江流域,打邦,2026-09-16 01:00,2,27.44,8.36,9.66,445.48,4.049,2.02,,0.012,2.857,,,2026-09-16 02:25:59
贵州省,长江流域,小屯,2026-09-16 01:00,2,24.7,8.44,8.78,366.4763,6.706,2.79,,0.041,4.678,,,2026-09-16 02:25:59
贵州省,长江流域,清水铺,2026-09-16 01:00,3,22.559,8.45,7.68,390.57,3.588,5.71,0.014,0.017,5.11,,,2026-09-16 02:25:59
贵州省,长江流域,大桥边,2026-09-16 01:00,1,20.182,8.01,7.58,337.07,6.789,0.88,,0.018,4.012,,,2026-09-16 02:25:59
贵州省,长江流域,鱼市,2026-09-16 01:00,2,26.61,8.24,8.33,407.537,2.57649,1.11,0.015,0.022,0.885134,,,2026-09-16 02:25:59
贵州省,长江流域,下干溪,2026-09-16 01:00,2,25.39,7.87,6.17,384.34,3.26,0.39,0.052,0.017,2.356,,,2026-09-16 02:25:59
贵州省,珠江流域,坝草,2026-09-16 01:00,1,26.3358,8.26,9.53,382.852,3.9152,1.49,0.032,0.007,3.0333,,,2026-09-16 02:25:59
贵州省,珠江流域,万峰湖,2026-09-16 01:00,2,25.58,8.51,7.44,321.29,3.73,1.28,0.002,0.023,2.896,0.027,1056097,2026-09-16 02:25:59
贵州省,珠江流域,岔河口,2026-09-16 01:00,3,25.6587,8.86,10.8,255.8938,5.4322,4.13,,0.016,1.6409,,,2026-09-16 02:25:59
贵州省,珠江流域,蔗香北,2026-09-16 01:00,1,26.36,8.03,10.67,283.9796,4.8803,0.95,0.017,0.008,2.5088,,,2026-09-16 02:25:59
贵州省,珠江流域,黄泥河,2026-09-16 01:00,2,19.4732,8.12,7.39,410.4396,18.7646,0.76,,0.029,2.9376,,,2026-09-16 02:25:59
贵州省,珠江流域,赵家渡,2026-09-16 01:00,2,22.35,8.12,7.69,428.322,6.59,0.83,0.107,0.072,4.974,,,2026-09-16 02:25:59
贵州省,珠江流域,坡脚,2026-09-16 01:00,2,23.71,7.9,6.42,418.0072,8.2362,0.94,0.013,0.03,4.6675,,,2026-09-16 02:25:59
贵州省,珠江流域,蔗香南,2026-09-16 01:00,1,28.34,8.53,9.6,288.8,3.84,1.24,0.009,0.012,2.6078,,,2026-09-16 02:25:59
贵州省,长江流域,金紫,2026-09-16 01:00,1,25.32,8.59,7.71,158.8333,7.09,0.79,0.023,0.015,0.99,,,2026-09-16 02:25:59
贵州省,珠江流域,从江大桥,2026-09-16 01:00,1,25.875,7.48,8.46,91.752,2.006,0.88,0.002,0.01,0.6,,,2026-09-16 02:25:59
贵州省,长江流域,平敏大桥,2026-09-16 01:00,2,26.12,8.51,9.88,132.44,7.68,0.81,,0.024,0.721,,,2026-09-16 02:25:59
贵州省,长江流域,旁海,2026-09-16 01:00,2,24.2,8.41,8.42,470.93,11.25,1.06,0.035,0.054,2.013,,,2026-09-16 02:25:59
贵州省,长江流域,重安江大桥,2026-09-16 01:00,3,23.181,8.4,7.86,616.536,1.671,0.58,0.015,0.106,3.024,,,2026-09-16 02:25:59
贵州省,珠江流域,榕江,2026-09-16 01:00,2,26.98,8.25,8.3,133.03,4.21,0.77,0.019,0.023,0.556,,,2026-09-16 02:25:59
贵州省,珠江流域,新华,2026-09-16 01:00,1,25.706,8.23,8.81,181.284,8.982,0.55,0.023,0.014,0.747,,,2026-09-16 02:25:59
贵州省,长江流域,甘溪高碑,2026-09-16 01:00,2,25.64,8.23,9.61,340.9,12.02,2.6,,0.039,0.5065,,,2026-09-16 02:25:59
贵州省,长江流域,跳鱼洞,2026-09-16 01:00,3,22.63,7.93,6.05,437.69,3.65,1.74,0.081,0.11,2.448,,,2026-09-16 02:25:59
贵州省,长江流域,凤山桥边,2026-09-16 01:00,2,23.6699,8.45,9.84,537.83,1.5768,1.15,,0.064,2.746,,,2026-09-16 02:25:59
贵州省,珠江流域,边外河,2026-09-16 02:00,2,24.52,7.83,7.48,337.18,3.83,0.6,,0.006,1.846,,,2026-09-16 02:25:59
贵州省,珠江流域,界牌,2026-09-16 01:00,1,24.236,8.3,10.86,304.818,2.838,0.81,0.018,0.009,0.61,,,2026-09-16 02:25:59
贵州省,珠江流域,甲茶,2026-09-16 01:00,3,24.0175,7.68,5.95,323.7066,0.1129,0.76,0.002,0.007,1.0525,,,2026-09-16 02:25:59
云南省,长江流域,通仙桥,2026-09-16 01:00,3,19.92,8,6.18,454.584,16.124,2.19,0.004,0.168,5.187,,,2026-09-16 02:25:59
云南省,长江流域,普渡河桥,2026-09-16 01:00,3,22.2,7.89,5.88,553.0278,19.9671,3.34,0.117,0.082,2.9079,,,2026-09-16 02:25:59
云南省,珠江流域,禄丰村,2026-09-16 01:00,3,23.46,8.13,7.21,491.0581,34.1491,1.96,0.012,0.152,5.337,,,2026-09-16 02:25:59
云南省,滇池流域,回龙村,2026-09-16 01:00,4,21.09,7.87,4.87,680.2976,14.5014,3.32,0.031,0.03,2.3087,,,2026-09-16 02:25:59
云南省,滇池流域,船房五社桥头,2026-09-16 01:00,4,21.04,7.46,3.47,562.301,5.1435,4.62,0.2,0.061,5.0504,,,2026-09-16 02:25:59
云南省,滇池流域,王大桥,2026-09-16 01:00,4,20.71,7.06,4.79,614.2531,9.0114,3.05,0.06,0.187,8.5798,,,2026-09-16 02:25:59
云南省,滇池流域,大观河入湖口,2026-09-16 01:00,3,21.1,8.02,5.88,465.044,76.2852,2.1,0.166,0.108,4.9595,,,2026-09-16 02:25:59
云南省,滇池流域,大渔乡土罗村入湖口,2026-09-16 01:00,5,19.4,7.64,2.81,540.5435,17.5872,3.02,0.054,0.061,7.731,,,2026-09-16 02:25:59
云南省,滇池流域,新河村入湖口,2026-09-16 01:00,3,21.19,8.05,6.12,428.2,22.218,2.06,0.004,0.106,4.0013,,,2026-09-16 02:25:59
云南省,珠江流域,阳宗海中,2026-09-16 02:00,2,23.3,8.95,6.33,411.278,3.131,3.81,0.066,0.015,0.418,0.01227,7112030,2026-09-16 02:25:59
云南省,长江流域,富民大桥,2026-09-16 01:00,4,21.7,8.21,4.63,553.2936,31.8473,6.84,0.089,0.168,3.4271,,,2026-09-16 02:25:59
云南省,滇池流域,严家村桥,2026-09-16 01:00,2,20.99847,8.07,6.6,455.476,15.025,1.55,0.035,0.081,4.939365,,,2026-09-16 02:25:59
云南省,滇池流域,宝丰村入湖口,2026-09-16 01:00,3,19.8,8.08,5.85,646.17,13.46,1.6,0.016,0.07,4.169,,,2026-09-16 02:25:59
云南省,滇池流域,江尾下闸,2026-09-16 01:00,4,20.99,7.79,4.78,341.7393,14.3236,1.84,0.042,0.034,2.438,,,2026-09-16 02:25:59
云南省,滇池流域,茨巷河入湖口,2026-09-16 01:00,3,20.48,7.79,5.72,337.3185,4.1259,2.57,,0.022,2.267,,,2026-09-16 02:25:59
云南省,滇池流域,东大河滇池入湖口,2026-09-16 01:00,6,20.59,9.37,4.88,286.5235,12.5223,2.84,,0.098,1.944,,,2026-09-16 02:25:59
云南省,滇池流域,草海中心,2026-09-16 02:00,4,21.09,8.54,11.54,383.17,33.95,5.24,,0.055,3.352,0.01674,6.152944,2026-09-16 02:25:59
云南省,滇池流域,灰湾中,2026-09-16 02:00,4,21.32,8.82,8.61,392.968,49.488,8.13,0.033,0.059,1.869,0.01455,4.532687,2026-09-16 02:25:59
云南省,滇池流域,观音山东,2026-09-16 00:00,4,21.29,8.94,6.46,383.67,22.94,6.64,0.034,0.057,0.945,0.01719,6.133341,2026-09-16 02:25:59
云南省,滇池流域,观音山中,2026-09-16 02:00,4,21.17,,7.2,357.541,13.143,6.48,,0.051,1.036,0.00695,1.38325,2026-09-16 02:25:59
云南省,滇池流域,观音山西,2026-09-16 02:00,4,21.88,8.9,7.62,371.07,50.07,9.63,0.026,0.064,1.237,0.00769,9.494762,2026-09-16 02:25:59
云南省,滇池流域,海口西,2026-09-16 02:00,3,21.64,,8.13,359.99,26.34,5.62,,0.049,0.734,0.00699,1.35037,2026-09-16 02:25:59
云南省,滇池流域,滇池南,2026-09-16 02:00,4,20.77,,7.51,384.76,41.82,7.43,,0.06,0.788,0.04532,1.650209,2026-09-16 02:25:59
云南省,滇池流域,晋城小寨,2026-09-16 01:00,2,18.59,8,6.37,561.5159,13.8195,2.81,0.023,0.086,8.178,,,2026-09-16 02:25:59
云南省,长江流域,牛栏江河口,2026-09-16 01:00,3,20.11,8.15,5.87,494.503,14.185,1.98,0.045,0.061,4.79,,,2026-09-16 02:25:59
云南省,珠江流域,狗街,2026-09-16 01:00,3,21.89,7.73,5.97,571.7526,18.23876,2.7,0.075,0.172,5.829762,,,2026-09-16 02:25:59
云南省,珠江流域,花山水库出水口,2026-09-16 01:00,2,21.69,8.38,6.95,319.5737,2.0401,0.98,,0.002,2.8857,,,2026-09-16 02:25:59
云南省,长江流域,以礼河水文站,2026-09-16 01:00,2,17.74,7.78,6.23,268.1748,19.5828,1.33,0.021,0.05,1.9568,,,2026-09-16 02:25:59
云南省,珠江流域,厂房大桥,2026-09-16 01:00,3,22.41,8.32,10.25,307.6265,17.062,4.5,0.051,0.109,3.6749,,,2026-09-16 02:25:59
云南省,珠江流域,天生桥,2026-09-16 01:00,5,20.691,8.02,7,585.69,11.117,2.53,0.062,0.31,,,,2026-09-16 02:25:59
云南省,长江流域,牛栏江大桥,2026-09-16 01:00,2,19.84,8.06,7.21,391.805,35.677,1.26,0.005,0.05,2.581,,,2026-09-16 02:25:59
云南省,珠江流域,九甸大桥,2026-09-16 01:00,2,22.59461,8.31,6.33,528.3329,37.3814,1.63,0.004,0.091,4.82115,,,2026-09-16 02:25:59
云南省,西南诸河,坝洪村,2026-09-16 01:00,2,25.99,8.21,8.15,371.6032,178.8124,0.88,0.005,0.04,1.55055,,,2026-09-16 02:25:59
云南省,珠江流域,抚仙湖心,2026-09-16 02:00,2,23.16,8.82,7.16,281.99,1.872,1.44,,0.01,0.112,0.00263,4895075,2026-09-16 02:25:59
云南省,西南诸河,绿汁江大桥,2026-09-16 01:00,1,26.05925,8.19,7.75,,0.04736,,,,,,,2026-09-16 02:25:59
云南省,珠江流域,杞麓湖心,2026-09-16 02:00,3,21.97,8.65,6.12,756.27,11.84,5.87,0.211,0.018,1.71,0.02713,8645067,2026-09-16 02:25:59
云南省,珠江流域,永昌桥,2026-09-16 01:00,3,19.78905,8.04,6.13,448.6043,21.13105,1.64,0.064,0.12,4.01224,,,2026-09-16 02:25:59
云南省,珠江流域,星云湖心,2026-09-16 02:00,3,22.46,,5.26,522.312,17.14,5.34,0.009,0.015,0.594,0.00727,4.137376,2026-09-16 02:25:59
云南省,西南诸河,红旗桥,2026-09-16 01:00,1,20.84162,8.04,8.43,364.6349,239.1096,1.05,,0.006,0.4491385,,,2026-09-16 02:25:59
云南省,西南诸河,湾甸,2026-09-16 01:00,2,24.95186,8.39,8.07,433.6446,91.28384,1.13,0.008,0.1,,,,2026-09-16 02:25:59
云南省,西南诸河,永保桥,2026-09-16 01:00,1,21.4887,8.17,7.61,428.4337,31.17006,,,,,,,2026-09-16 02:25:59
云南省,西南诸河,龙江桥,2026-09-16 01:00,1,21.34755,7.29,7.55,97.06916,22.48599,1.67,0.006,0.02,0.62897,,,2026-09-16 02:25:59
云南省,长江流域,云贵桥,2026-09-16 01:00,1,17.84,8.22,8.43,389.352,9.557,1.78,0.012,0.014,3.127,,,2026-09-16 02:25:59
云南省,长江流域,头屯河,2026-09-16 01:00,2,17.76,8.05,7.53,431.187,4.18,0.5,,0.021,5.114,,,2026-09-16 02:25:59
云南省,长江流域,横江桥,2026-09-16 01:00,2,20.64,8.11,8.45,254.13,55.54,1.44,,0.042,2.771,,,2026-09-16 02:25:59
云南省,长江流域,程海湖中,2026-09-16 01:00,3,25.42799,,6.6,1380.858,5.04572,5.61,0.013,0.016,0.8104,0.00536,7727.852,2026-09-16 02:25:59
云南省,长江流域,金江桥,2026-09-16 01:00,1,20.67,7.98,8.41,657.5284,18.17926,1.16,0.028,0.018,0.84051,,,2026-09-16 02:25:59
云南省,长江流域,龙兴村,2026-09-16 01:00,4,18.21,7.75,5.34,427.0075,79.46242,3.17,0.407,0.26,4.02509,,,2026-09-16 02:25:59
云南省,西南诸河,土卡河水文站,2026-09-16 01:00,2,26.54946,7.93,6.76,205.3,38.13731,1.11,,0.019,0.9872552,,,2026-09-16 02:25:59
云南省,西南诸河,思茅港,2026-09-16 01:00,3,22.95026,7.33,5.48,306.7018,14.76776,1.47,0.021,0.011,1.26674,,,2026-09-16 02:25:59
云南省,西南诸河,孟拉桥,2026-09-16 01:00,2,24.04,7.18,7.21,100.8179,73.41954,0.74,0.018,0.007,0.83237,,,2026-09-16 02:25:59
云南省,西南诸河,莲花乡,2026-09-16 01:00,6,24.06473,7.48,4.19,270.0092,56.3645,4.26,2.602,0.208,5.24499,,,2026-09-16 02:25:59
云南省,西南诸河,嘎旧,2026-09-16 01:00,2,22.28,8,7.08,401.6815,12.10099,1.26,0.023,0.01,0.61323,,,2026-09-16 02:25:59
云南省,西南诸河,景临桥,2026-09-16 01:00,4,23.65,7.33,4.31,353.3886,24.57274,1.77,0.039,0.028,1.12429,,,2026-09-16 02:25:59
云南省,西南诸河,孟定大桥,2026-09-16 01:00,1,24.58,7.85,8.05,227.6244,240.3932,0.54,0.007,0.016,1.53854,,,2026-09-16 02:25:59
云南省,西南诸河,小黑江检查站,2026-09-16 01:00,1,23.69572,7.62,7.77,171.1345,93.47491,0.73,0.008,0.012,0.93945,,,2026-09-16 02:25:59
云南省,西南诸河,水文站,2026-09-16 01:00,2,21.16,8.04,6.27,428.8014,25.75563,1.6,0.135,0.048,1.59856,,,2026-09-16 02:25:59
云南省,长江流域,西观桥,2026-09-16 01:00,2,23.26,7.76,6.13,573.0555,30.55503,2.28,0.013,0.051,4.59764,,,2026-09-16 02:25:59
云南省,西南诸河,那发出境,2026-09-16 01:00,2,25.88,7.72,7.4,145.8545,71.06,0.97,,0.048,0.7914,,,2026-09-16 02:25:59
云南省,西南诸河,中越桥,2026-09-16 01:00,2,24.34,8.11,9.72,280.5386,30.3523,0.62,0.077,0.057,3.0521,,,2026-09-16 02:25:59
云南省,西南诸河,龙脖渡口,2026-09-16 01:00,2,26.13,7.97,7.81,278.5048,46.0952,0.8,,0.057,1.6651,,,2026-09-16 02:25:59
云南省,西南诸河,小河底河,2026-09-16 01:00,2,23.82,8.29,8.9,471.1558,65.3992,0.94,,0.046,1.589,,,2026-09-16 02:25:59
云南省,珠江流域,异龙湖中,2026-09-16 02:00,4,23.08,8.52,7.45,425.4,5.156,9.83,0.037,0.017,0.677,0.02313,144158.2,2026-09-16 02:25:59
云南省,珠江流域,长虹桥,2026-09-16 01:00,2,22.99,8.27,7.17,533.2574,95.5383,3.72,,0.097,4.1044,,,2026-09-16 02:25:59
云南省,珠江流域,江边桥,2026-09-16 01:00,3,23.91,7.84,7.36,498.37,89.85,1.75,,0.117,3.993,,,2026-09-16 02:25:59
云南省,西南诸河,天保农场,2026-09-16 01:00,2,23.47,8.08,9.57,373.9,5.11,0.46,0.003,0.024,3.124,,,2026-09-16 02:25:59
云南省,西南诸河,南利大桥,2026-09-16 01:00,2,23.06,8.21,6.76,301.46,15.35,0.67,0.078,0.021,1.429,,,2026-09-16 02:25:59
云南省,珠江流域,谷拉河大桥,2026-09-16 01:00,1,28.42,8.4,8.55,202.69,1.019,1.45,0.01,0.007,0.673,,,2026-09-16 02:25:59
云南省,西南诸河,关累码头,2026-09-16 01:00,2,23.06569,7.75,6.95,288.8096,39.92687,0.7,0.005,0.017,1.0366,,,2026-09-16 02:25:59
云南省,西南诸河,勐仑大桥,2026-09-16 01:00,2,23.86,8.18,7.64,244.1513,82.47955,,0.004,0.035,0.9055,,,2026-09-16 02:25:59
云南省,西南诸河,风情园大桥,2026-09-16 01:00,2,22.60019,7.7,8.02,96.5155,92.89326,1.28,0.002,0.048,3.62975,,,2026-09-16 02:25:59
云南省,西南诸河,打洛江大桥,2026-09-16 01:00,1,25.05637,7.76,7.74,130.6699,130.9128,0.26,0.009,0.013,0.53279,,,2026-09-16 02:25:59
云南省,西南诸河,洱海湖心,2026-09-16 02:00,3,23.71,8.56,5.64,284.82,12,4.24,0.019,0.025,0.551,0.01015,10500,2026-09-16 02:25:59
云南省,西南诸河,交汇口,2026-09-16 01:00,2,20.74636,8.4,7.78,319.5584,511.8083,1.37,0.006,0.03,0.85033,,,2026-09-16 02:25:59
云南省,西南诸河,徐村桥,2026-09-16 01:00,2,21.43,7.9,7.23,239.364,66.54873,1.19,0.005,0.035,1.05458,,,2026-09-16 02:25:59
云南省,西南诸河,江尾,2026-09-16 01:00,3,22.85275,8.14,5.85,331.748,31.54816,1.37,0.007,0.031,0.88809,,,2026-09-16 02:25:59
云南省,西南诸河,四级坝,2026-09-16 01:00,3,22.09,7.91,7.08,317.2404,1.94732,2.52,0.142,0.111,2.25368,,,2026-09-16 02:25:59
云南省,西南诸河,汇流电站,2026-09-16 01:00,2,24.72289,6.97,8.01,80.2993,50.01612,1.21,0.004,0.021,0.79007,,,2026-09-16 02:25:59
云南省,西南诸河,姐告大桥,2026-09-16 01:00,2,24.47195,7.68,7.13,143.9645,89.44723,1.09,0.007,0.028,1.48296,,,2026-09-16 02:25:59
云南省,西南诸河,迭撒大桥,2026-09-16 01:00,3,25.10085,6.79,6.2,122.1134,261.5505,4.07,0.194,0.076,4.53562,,,2026-09-16 02:25:59
云南省,西南诸河,风平,2026-09-16 01:00,2,22.94,8.02,7.12,185.3389,101.7625,2.55,0.027,0.088,1.14367,,,2026-09-16 02:25:59
云南省,西南诸河,拉甲木底桥,2026-09-16 01:00,1,18.83089,8.18,10.21,324.3654,622.1632,0.87,0.003,0.005,0.27384,,,2026-09-16 02:25:59
云南省,西南诸河,丙舍桥,2026-09-16 01:00,1,19.382,8.29,9.41,387.8122,491.0626,1.11,0.006,0.007,0.30777,,,2026-09-16 02:25:59
云南省,长江流域,贺龙桥,2026-09-16 01:00,2,18.42375,8.32,8.44,999.8452,55.12542,1,0.058,0.023,0.88834,,,2026-09-16 02:25:59
云南省,西南诸河,中路村,2026-09-16 01:00,1,18.18,8.44,8.06,473.294,24.3197,0.65,0.018,0.004,0.42298,,,2026-09-16 02:25:59
西藏自治区,西南诸河,才纳,2026-09-16 01:00,2,13.472,7.94,6.88,207.434,101.485,1.63,0.071,0.048,0.557,,,2026-09-16 02:25:59
西藏自治区,西南诸河,米瑞,2026-09-16 01:00,2,13.424,8.12,7.51,197.026,141.185,1.5,0.027,0.063,0.31,,,2026-09-16 02:25:59
陕西省,黄河流域,灞河口,2026-09-16 01:00,2,23.71,8.53,8.43,377.2287,23.4839,2.7,0.007,0.035,4.1107,,,2026-09-16 02:25:59
陕西省,黄河流域,三郎村,2026-09-16 01:00,2,23.91,7.9,10.1,458.293,27.513,3.42,0.112,0.059,4.8991,,,2026-09-16 02:25:59
陕西省,黄河流域,沙王渡,2026-09-16 00:00,3,24.05,8.11,6.71,799.1287,1378.021,5.16,0.017,0.138,5.8505,,,2026-09-16 02:25:59
陕西省,黄河流域,岔口,2026-09-16 01:00,2,21.74,7.75,8.09,846.958,16.781,3.06,0.092,0.084,7.9234,,,2026-09-16 02:25:59
陕西省,黄河流域,下桃水电站,2026-09-16 01:00,2,20.193,8.38,8.9,1143.2,1041.45,3.18,,,1.413,,,2026-09-16 02:25:59
陕西省,长江流域,黄牛铺,2026-09-16 01:00,2,17.9,7.88,7.57,161.9058,1.8167,2.6,,0.01,1.008,,,2026-09-16 02:25:59
陕西省,黄河流域,魏家堡,2026-09-16 01:00,2,22.88,7.99,7.53,573.4055,111.3196,2.8,0.034,0.06,3.731,,,2026-09-16 02:25:59
陕西省,黄河流域,卧龙寺桥,2026-09-16 01:00,2,22.3,8.26,7.76,555.0884,66.9887,2.71,0.016,0.035,3.364,,,2026-09-16 02:25:59
陕西省,长江流域,灶火庵,2026-09-16 01:00,2,19.65,8.07,7.67,320.402,79.128,1.79,0.04,0.041,1.8668,,,2026-09-16 02:25:59
陕西省,黄河流域,咸阳铁桥,2026-09-16 01:00,2,23.88,7.99,7.4,597.1896,114.2995,2.82,0.012,0.075,4.5022,,,2026-09-16 02:25:59
陕西省,黄河流域,兴平,2026-09-16 01:00,2,23.91,8,6.77,617.1823,293.087,3.04,,0.099,5.9872,,,2026-09-16 02:25:59
陕西省,黄河流域,泾河桥,2026-09-16 01:00,3,23.67,8.3,7.54,1529.03,672.0752,3.92,,0.128,3.1952,,,2026-09-16 02:25:59
陕西省,黄河流域,黑河张家桥,2026-09-16 01:00,2,19.65,8.17,7.5,580.9025,60.844,2.18,0.133,0.033,2.0317,,,2026-09-16 02:25:59
陕西省,黄河流域,潼关吊桥,2026-09-16 00:00,2,23.36,7.95,6.56,881.611,3992.418,3.63,0.002,0.087,6.1648,,,2026-09-16 02:25:59
陕西省,黄河流域,王谦村,2026-09-16 01:00,3,22.715,8.25,7.76,1402,1254.1,5.85,0.218,0.163,2.78,,,2026-09-16 02:25:59
陕西省,黄河流域,杨家畔村,2026-09-16 01:00,2,21.4,8.68,7.8,1195.839,72.58321,3.14,,0.035,5.1141,,,2026-09-16 02:25:59
陕西省,黄河流域,昝家山,2026-09-16 01:00,2,19.71,8.39,8.84,578.024,54.1228,1.9,0.029,0.035,3.6901,,,2026-09-16 02:25:59
陕西省,黄河流域,寺滩,2026-09-16 01:00,5,21.66,8.76,7.86,1026.135,1012.91,4.03,,0.36,6.5001,,,2026-09-16 02:25:59
陕西省,黄河流域,朱家沟,2026-09-16 01:00,4,20.74,8.38,7.16,1106.547,28.27941,2.65,0.088,0.291,6.6521,,,2026-09-16 02:25:59
陕西省,长江流域,烈金坝,2026-09-16 01:00,2,19.13,8.25,7.98,337.91,4.813,0.28,0.002,0.021,1.1349,,,2026-09-16 02:25:59
陕西省,长江流域,南柳渡,2026-09-16 01:00,2,22.11,7.76,7.86,280.0259,15.4062,1.94,0.018,0.047,1.755,,,2026-09-16 02:25:59
陕西省,长江流域,白水江,2026-09-16 01:00,2,21.14,8.12,7.52,308.282,23.658,1.53,0.028,0.022,1.1449,,,2026-09-16 02:25:59
陕西省,黄河流域,柏树坪,2026-09-16 01:00,2,21.70999,8.48,8.88,1050.775,334.2903,2.34,,0.092,4.2571,,,2026-09-16 02:25:59
陕西省,黄河流域,温家川,2026-09-16 01:00,2,21.45,8.39,7.7,1383.525,32.91206,1.98,0.005,0.027,3.4411,,,2026-09-16 02:25:59
陕西省,黄河流域,碛塄,2026-09-16 01:00,2,19.62,8.31,8.23,993.071,54.40199,1.79,,0.029,3.1641,,,2026-09-16 02:25:59
陕西省,黄河流域,高家川,2026-09-16 01:00,5,19.49,8.41,8.11,833.87,170.9102,14.43,,0.063,3.6011,,,2026-09-16 02:25:59
陕西省,黄河流域,鱼河,2026-09-16 01:00,3,19.72,8.37,7.29,706.653,39.73811,3.53,0.022,0.131,3.3571,,,2026-09-16 02:25:59
陕西省,长江流域,白河城关,2026-09-16 01:00,2,25.03,7.74,7.7,246.7987,6.08,2.33,0.035,0.022,1.375,0.020887,,2026-09-16 02:25:59
陕西省,长江流域,南江河出陕界,2026-09-16 01:00,1,21.98,7.98,8.45,219.964,14.2884,0.62,0.036,0.01,0.4792,,,2026-09-16 02:25:59
陕西省,长江流域,小钢桥,2026-09-16 01:00,3,25.45,7.59,5.41,313.42,7.78,2.18,,0.029,1.415,,,2026-09-16 02:25:59
陕西省,长江流域,老君关,2026-09-16 01:00,3,24.99,7.6,5.7,251.7831,11.2953,2.54,,0.033,1.557,,,2026-09-16 02:25:59
陕西省,长江流域,瀛湖坝前,2026-09-16 01:00,2,25.61,8.08,6.87,211.3035,9.6061,2.13,,0.017,0.889,0.04584,1488084,2026-09-16 02:25:59
陕西省,长江流域,构峪口,2026-09-16 01:00,-1,,,,,,,,,,,,2026-09-16 02:25:59
陕西省,长江流域,丹凤下,2026-09-16 01:00,2,20.63,8.31,8.05,433.332,10.4182,2.21,,0.022,2.5601,,,2026-09-16 02:25:59
陕西省,黄河流域,灵口,2026-09-16 01:00,1,20.88,8.27,7.8,556.7459,4.8724,1.01,0.011,0.008,1.3406,,,2026-09-16 02:25:59
甘肃省,黄河流域,扶和桥,2026-09-16 01:00,2,15.92,8.18,8.26,502.4289,33.60824,2.53,0.075,0.019,1.72022,,,2026-09-16 02:25:59
甘肃省,黄河流域,新城桥,2026-09-16 01:00,2,16.63,8.23,7.23,531.692,153.853,2.1,0.011,0.059,1.4867,,,2026-09-16 02:25:59
甘肃省,黄河流域,湟水桥,2026-09-16 01:00,2,17.51,8.45,7.13,639.182,135.856,2.96,0.064,0.093,3.572,,,2026-09-16 02:25:59
甘肃省,西北诸河,迎山坡,2026-09-16 01:00,1,13.68655,8.21,8,529.7108,14.07356,0.55,0.028,0.008,1.78353,,,2026-09-16 02:25:59
甘肃省,黄河流域,青城桥,2026-09-16 01:00,2,17.55485,8.22,7.86,536.3503,209.5068,1.49,0.112,0.033,2.03914,,,2026-09-16 02:25:59
甘肃省,黄河流域,五佛寺,2026-09-16 01:00,2,17.82057,8.23,7.05,637.1245,456.4085,1.74,0.154,0.006,2.31,,,2026-09-16 02:25:59
甘肃省,黄河流域,靖远桥,2026-09-16 01:00,2,17.02352,8.27,6.98,560.4905,313.9412,1.15,0.132,0.026,2.25927,,,2026-09-16 02:25:59
甘肃省,黄河流域,桦林,2026-09-16 01:00,2,17.7,8.44,8.32,698.1,810.1,3.32,0.006,0.058,4.197,,,2026-09-16 02:25:59
甘肃省,黄河流域,葡萄园,2026-09-16 01:00,2,20.19,8.38,8.01,820.361,1510.505,3.7,,0.089,6.739,,,2026-09-16 02:25:59
甘肃省,西北诸河,红崖山水库,2026-09-16 01:00,2,19.18451,8.61,8.93,514.7302,17.11849,1.76,0.021,0.022,1.03353,0.00505,2889441,2026-09-16 02:25:59
甘肃省,黄河流域,先明峡桥,2026-09-16 01:00,1,12.16873,8.49,10.56,523.2318,30.7739,,0.026,0.004,1.70843,,,2026-09-16 02:25:59
甘肃省,西北诸河,莺落峡,2026-09-16 01:00,1,13.96,8.4,8.57,678.3579,8.32471,0.54,0.027,0.008,1.24731,,,2026-09-16 02:25:59
甘肃省,西北诸河,皇城水库,2026-09-16 01:00,1,10.59988,8.18,8.66,504.1801,9.92169,1.09,0.012,0.002,1.39459,,,2026-09-16 02:25:59
甘肃省,西北诸河,六坝桥,2026-09-16 01:00,2,17.42615,8.38,8.45,683.7565,32.97584,1.37,0.051,0.021,2.39661,,,2026-09-16 02:25:59
甘肃省,黄河流域,长庆桥,2026-09-16 01:00,2,20.76,8.41,7.42,790.723,212.0978,1.25,0.018,0.09,,,,2026-09-16 02:25:59
甘肃省,黄河流域,洮园桥,2026-09-16 01:00,2,18.04,8.36,7.68,425.9698,115.233,2.55,0.083,0.05,3.90885,,,2026-09-16 02:25:59
甘肃省,长江流域,固水子村,2026-09-16 01:00,2,16.32,8.34,8.61,350.5,234.3,1.95,,0.084,0.985,,,2026-09-16 02:25:59
甘肃省,长江流域,两水桥,2026-09-16 01:00,2,,8.43,,354.63,297.3861,2.68,0.002,,1.3341,,,2026-09-16 02:25:59
甘肃省,黄河流域,折桥,2026-09-16 01:00,2,14.43,8.61,7.24,470.4291,,2.8,0.353,0.082,3.75536,,,2026-09-16 02:25:59
甘肃省,黄河流域,地沟桥,2026-09-16 01:00,2,13.11,8.57,8.27,506.432,269.2838,2.52,0.134,0.03,3.73306,,,2026-09-16 02:25:59
甘肃省,黄河流域,玛曲,2026-09-16 01:00,2,9.80525,8.37,6.68,376.9535,64.52371,,,,,,,2026-09-16 02:25:59
青海省,黄河流域,小峡桥,2026-09-16 01:00,3,14.57434,8.31,8.89,663.7317,624.6843,3.92,0.905,0.198,2.01882,,,2026-09-16 02:25:59
青海省,黄河流域,润泽桥,2026-09-16 01:00,2,13.27571,8.15,8.44,451.0382,69.91785,2.89,0.114,0.051,2.51635,,,2026-09-16 02:25:59
青海省,黄河流域,大河家,2026-09-16 01:00,2,13.25768,8.21,7.85,510.0412,238.3271,1.23,0.247,0.052,1.15884,,,2026-09-16 02:25:59
青海省,黄河流域,边墙村,2026-09-16 01:00,2,16.67988,8.49,8.03,746.0268,125.3273,2.86,0.106,0.081,3.92056,,,2026-09-16 02:25:59
青海省,黄河流域,峡塘,2026-09-16 01:00,1,12.61635,8.46,7.68,545.7328,22.7246,0.89,0.001,0.007,1.10977,,,2026-09-16 02:25:59
青海省,西北诸河,布哈河入青海湖口,2026-09-16 01:00,2,11.74743,8.43,7.36,551.6392,80.17297,0.88,0.004,0.004,0.924,,,2026-09-16 02:25:59
青海省,黄河流域,唐乃亥,2026-09-16 01:00,2,15.26664,8.47,6.81,447.9894,61.90167,2.51,0.106,0.049,1.11026,,,2026-09-16 02:25:59
青海省,黄河流域,龙羊峡库区出水口,2026-09-16 01:00,1,11.3521,8.17,7.89,460.1414,6.60047,1.27,0.004,0.007,0.76431,0.00119,278749.3,2026-09-16 02:25:59
青海省,长江流域,直门达,2026-09-16 01:00,4,11.7438,8.4,7.43,1766,669.0625,2.51,0.817,0.263,1.035333,,,2026-09-16 02:25:59
青海省,西北诸河,总场水闸,2026-09-16 01:00,1,10.59,8.58,7.63,821.4888,39.97258,0.38,0.01,0.005,0.74494,,,2026-09-16 02:25:59
青海省,西北诸河,纳赤台,2026-09-16 01:00,3,7.043,8.36,7.74,775.4,111.27,0.48,0.024,0.189,0.039,,,2026-09-16 02:25:59
青海省,西北诸河,德令哈市水厂旁,2026-09-16 01:00,2,11.3324,8.24,9.31,694.325,908.1086,2.04,0.005,0.047,1.56805,,,2026-09-16 02:25:59
宁夏回族自治区,黄河流域,银古公路桥,2026-09-16 01:00,3,19.18215,7.81,5.16,749.0646,1053.675,2.28,0.404,0.084,3.24875,,,2026-09-16 02:25:59
宁夏回族自治区,黄河流域,平罗黄河大桥,2026-09-16 01:00,5,19.66,7.67,2.3,890.63,2463.33,2.48,0.146,0.055,3.941,,,2026-09-16 02:25:59
宁夏回族自治区,黄河流域,弹筝峡,2026-09-16 01:00,2,13.72,8.36,8.11,656.55,16.918,1.1,0.027,0.033,3.039,,,2026-09-16 02:25:59
宁夏回族自治区,黄河流域,沟圈,2026-09-16 01:00,2,19.71,8.6,7.27,1333.711,89.17977,2.87,0.029,0.031,1.9431,,,2026-09-16 02:25:59
宁夏回族自治区,黄河流域,中卫下河沿,2026-09-16 01:00,2,18.8,8.39,8.04,619.8,890.9,3.6,,0.086,2.399,,,2026-09-16 02:25:59
宁夏回族自治区,黄河流域,泉眼山,2026-09-16 01:00,2,20.36,8.06,7.93,7745.919,1508.982,3.41,0.289,0.091,25.4751,,,2026-09-16 02:25:59
新疆维吾尔自治区,西北诸河,青年渠,2026-09-16 01:00,1,15.19,8.16,9.39,416.0776,19.56818,0.22,0.002,0.004,1.20345,,,2026-09-16 02:25:59
新疆维吾尔自治区,西北诸河,七纺桥,2026-09-16 01:00,2,13.3,8.48,7.89,2318.074,13.51646,0.69,0.042,0.024,10.48295,,,2026-09-16 02:25:59
新疆维吾尔自治区,西北诸河,赛湖2,2026-09-16 01:00,3,16.82765,,5.09,3083.922,9.63344,0.52,0.183,0.002,0.45945,0.00977,22960,2026-09-16 02:25:59
新疆维吾尔自治区,西北诸河,哈尔莫墩,2026-09-16 01:00,1,15.36,8.15,9.45,345.8298,4.2843,0.73,0.008,0.013,,,,2026-09-16 02:25:59
新疆维吾尔自治区,西北诸河,汇合口,2026-09-16 01:00,2,23.51,7.69,7,518.0452,6.11209,1.94,0.012,0.011,0.23318,,,2026-09-16 02:25:59
新疆维吾尔自治区,西北诸河,兰干,2026-09-16 01:00,2,25.0135,8.35,6.51,661.1768,3.63599,2.5,0.001,0.008,0.48154,,,2026-09-16 02:25:59
新疆维吾尔自治区,西北诸河,塔提让,2026-09-16 01:00,1,17.83,8.48,7.56,1116.999,1312.763,0.15,0.005,0.003,1.01897,,,2026-09-16 02:25:59
新疆维吾尔自治区,西北诸河,塔里木拦河闸,2026-09-16 01:00,1,18.49299,8.13,8.08,557.7947,893.7129,0.6,0.002,0.005,0.86873,,,2026-09-16 02:25:59
新疆维吾尔自治区,西北诸河,十二医院,2026-09-16 01:00,2,18.21182,7.91,7.57,1284.727,50.00528,1.8,0.343,0.028,0.50289,,,2026-09-16 02:25:59
新疆维吾尔自治区,西北诸河,依干其渡口,2026-09-16 01:00,2,19.0928,8.31,7.63,740.5482,1241.537,2.23,0.007,0.072,7.04077,,,2026-09-16 02:25:59
新疆维吾尔自治区,西北诸河,喀河大桥,2026-09-16 01:00,2,20.14433,7.86,7.35,880.5105,23.89137,0.22,0.004,0.006,1.11532,,,2026-09-16 02:25:59
新疆维吾尔自治区,西北诸河,科布大桥,2026-09-16 01:00,1,15.49748,8.21,8.17,328.6816,122.7765,0.04,0.009,0.003,0.70645,,,2026-09-16 02:25:59
新疆维吾尔自治区,西北诸河,龙口大桥,2026-09-16 01:00,1,17.42586,7.67,8.51,288.7099,5.54148,0.4,0.006,0.008,0.63053,,,2026-09-16 02:25:59
新疆维吾尔自治区,西北诸河,羊场大桥,2026-09-16 01:00,2,20.19,8.01,7.33,520.2431,87.36573,0.59,0.013,0.015,1.81957,,,2026-09-16 02:25:59
新疆维吾尔自治区,西北诸河,喀什河大桥,2026-09-16 01:00,1,16.63,8.1,10.32,249.1321,7.71745,0.35,0.002,0.004,0.84051,,,2026-09-16 02:25:59
新疆维吾尔自治区,西北诸河,霍城63团伊犁河大桥,2026-09-16 01:00,2,19.756,7.87,6.76,328.893,1101.174,0.25,0.025,0.032,0.716,,,2026-09-16 02:25:59
新疆维吾尔自治区,西北诸河,英牙尔乡,2026-09-16 01:00,2,20.93773,8.15,8.65,298.3823,31.20853,2.04,0.002,0.057,1.22952,,,2026-09-16 02:25:59
新疆维吾尔自治区,西北诸河,雅马渡大桥,2026-09-16 01:00,1,18.044,7.63,7.72,285.571,9.134,0.02,0.01,0.011,0.801,,,2026-09-16 02:25:59
新疆维吾尔自治区,西北诸河,布尔津河大桥,2026-09-16 01:00,1,18.47,7.68,8.62,59.76276,12.21713,1.25,0.002,0.005,0.21012,,,2026-09-16 02:25:59
新疆维吾尔自治区,西北诸河,乌伦古湖码头,2026-09-16 01:00,2,21.13775,8.81,7.78,3778.373,11.52037,3.79,0.002,0.02,0.78024,0.02136,804371,2026-09-16 02:25:59
新疆维吾尔自治区,西北诸河,北屯大桥,2026-09-16 01:00,1,19.50765,7.75,7.71,77.62083,14.23786,0.52,0.005,0.008,0.45089,,,2026-09-16 02:25:59
新疆维吾尔自治区,西北诸河,布尔津水文站,2026-09-16 01:00,1,20.63,8.04,8.8,203.9682,15.0548,1.65,0.021,0.017,1.22448,,,2026-09-16 02:25:59
新疆维吾尔自治区,西北诸河,额河南湾,2026-09-16 01:00,1,21.065,7.87,8.08,186.5418,0.0072,0.99,0.012,0.011,0.80941,,,2026-09-16 02:25:59
