省份,流域,断面名称,监测时间,水质类别,水温(℃),pH(无量纲),溶解氧(mg/L),电导率(μS/cm),浊度(NTU),高锰酸盐指数(mg/L),氨氮(mg/L),总磷(mg/L),总氮(mg/L),叶绿素α(mg/L),藻密度(cells/L),抓取时间
北京市,海河流域,鼓楼外大街,2026-09-10 00:00,2,25.14,7.56,6.8,381.33,18.916,2.05,0.061,0.025,1.806,,,2026-09-10 00:46:40
北京市,海河流域,广北滨河路,2026-09-10 00:00,2,24.14,7.82,6.71,390.77,11.26,1.4,0.04,0.023,1.188,,,2026-09-10 00:46:40
北京市,海河流域,沙窝,2026-09-10 00:00,2,25.6,7.32,6.56,754.2,10.965,3.64,0.097,0.085,4.42,,,2026-09-10 00:46:40
北京市,海河流域,新八里桥,2026-09-10 00:00,3,25.18,7.76,5.12,719.811,1.986,3.62,0.037,0.114,6.459,,,2026-09-10 00:46:40
北京市,海河流域,大红门闸上,2026-09-10 00:00,2,22.77,7.7,7.74,991.8,13.607,2.8,,0.079,9.8,,,2026-09-10 00:46:40
北京市,海河流域,南大荒桥,2026-09-10 00:00,2,23.83,8.55,9.97,891.1,15.74,2.78,0.002,0.025,1.737,,,2026-09-10 00:46:40
北京市,海河流域,清河闸,2026-09-10 00:00,2,21.97,7.74,6.18,753.76,7.107,2.46,,0.071,6.704,,,2026-09-10 00:46:40
北京市,海河流域,花园路,2026-09-10 00:00,2,22.04,7.61,6.58,667.017,5.411,1.55,0.021,0.042,7.226,,,2026-09-10 00:46:40
北京市,海河流域,白石桥,2026-09-10 00:00,2,26.31,7.84,7.43,322.13,6.027,2.14,0.001,0.014,1.7,,,2026-09-10 00:46:40
北京市,海河流域,八间房漫水桥,2026-09-10 00:00,2,23.2,7.75,6.01,877.79,8.72,2.95,0.034,0.061,3.7437,,,2026-09-10 00:46:40
北京市,海河流域,码头,2026-09-10 00:00,2,23.48,7.44,6.69,1058.57,21.139,2.51,0.086,0.066,7.277,,,2026-09-10 00:46:40
北京市,海河流域,罗庄,2026-09-10 00:00,2,24.9,8.19,10.47,1142.773,9.103422,2.88,0.038,0.097,6.8561,,,2026-09-10 00:46:40
北京市,海河流域,小屯桥,2026-09-10 00:00,3,24.5,8.35,10.14,1283.543,8.535986,4.04,0.015,0.095,6.0431,,,2026-09-10 00:46:40
北京市,海河流域,东店,2026-09-10 00:00,3,20.56528,7.95,9.41,737.936,109.6249,2.56,0.051,0.109,13.37445,,,2026-09-10 00:46:40
北京市,海河流域,密云水库,2026-09-10 00:00,2,25.05814,8.31,8.89,415.6684,3.727453,2.04,0.082,0.01,3.722178,,,2026-09-10 00:46:40
北京市,海河流域,大关桥,2026-09-10 00:00,2,24.97,8.26,9.22,429.27,12.64,2.44,0.041,0.02,3.7961,,,2026-09-10 00:46:40
北京市,海河流域,谷家营,2026-09-10 00:00,2,24.03,8.42,19.69,528.901,8.385,3.64,0.089,0.084,2.205,,,2026-09-10 00:46:40
天津市,海河流域,北洋桥,2026-09-10 00:00,4,25.50409,7.33,3.58,1150.875,31.89666,3.45,1.149,0.132,2.437462,,,2026-09-10 00:46:40
天津市,海河流域,井冈山桥,2026-09-10 00:00,4,25.28,7.59,3.1,1199.722,40.74645,4.49,0.98,0.153,2.1601,,,2026-09-10 00:46:40
天津市,海河流域,大红桥,2026-09-10 00:00,6,25.53,7.64,1.18,1218.12,39.14149,3.91,0.264,0.077,2.2221,,,2026-09-10 00:46:40
天津市,海河流域,曹庄子泵站,2026-09-10 00:00,3,27.92,7.6,5.87,279.94,2.41,1.66,0.058,0.007,0.747,,,2026-09-10 00:46:40
天津市,海河流域,生产圈闸,2026-09-10 00:00,6,24.41425,7.32,0.01,1226.644,10.61993,4.54,1.469,0.169,2.804746,,,2026-09-10 00:46:40
天津市,海河流域,尔王庄泵站,2026-09-10 00:00,4,26.23,7.4,3.69,286.551,6.508109,2.02,0.033,,0.6491,,,2026-09-10 00:46:40
天津市,海河流域,海河大闸,2026-09-10 00:00,3,24.99,7.95,5.4,3415.737,19.4341,4.61,0.268,0.154,2.0169,,,2026-09-10 00:46:40
天津市,海河流域,北排水河防潮闸,2026-09-10 00:00,6,19.2,7.48,0.51,1326.9,49.958,4.5,0.111,0.12,2.159,,,2026-09-10 00:46:40
天津市,海河流域,沧浪渠出境,2026-09-10 00:00,5,22.72,7.75,2.89,5504.4,855.927,8.03,,0.281,1.3938,,,2026-09-10 00:46:40
天津市,海河流域,蓟运河防潮闸,2026-09-10 00:00,-1,,,,,,,,,,,,2026-09-10 00:46:40
天津市,海河流域,青静黄防潮闸,2026-09-10 00:00,4,25.07029,8.59,4.5,6070.095,27.08472,8.46,0.434,0.213,1.318511,,,2026-09-10 00:46:40
天津市,海河流域,马棚口防潮闸,2026-09-10 00:00,4,24.01,7.67,6.4,2576.7,56.5154,7.85,0.9,0.1,4.567,,,2026-09-10 00:46:40
天津市,海河流域,阎辛庄,2026-09-10 00:00,6,19.6952,7.15,1.73,1837.258,51.77047,5.77,0.221,0.168,4.519284,,,2026-09-10 00:46:40
天津市,海河流域,黎河桥,2026-09-10 00:00,3,22.416,7.47,8.08,794,9.66,2.05,0.147,0.184,11.443,,,2026-09-10 00:46:40
天津市,海河流域,沙河桥,2026-09-10 00:00,2,23.46,7.56,6.38,649.28,15.835,1.34,0.255,0.082,10.326,,,2026-09-10 00:46:40
天津市,海河流域,西屯桥,2026-09-10 00:00,3,25.03,7.64,6.26,475.52,29.6548,5.13,0.185,0.097,3.159,,,2026-09-10 00:46:40
河北省,海河流域,下槐镇,2026-09-10 00:00,3,18.76,8.5,8.92,549.26,373.9793,4.43,0.067,0.139,4.5431,,,2026-09-10 00:46:40
河北省,海河流域,地都,2026-09-10 00:00,4,18.67,8.1,7.08,952.123,165.694,3.21,1.284,0.104,6.184,,,2026-09-10 00:46:40
河北省,海河流域,平山桥,2026-09-10 00:00,2,20.71,7.87,8.06,1141.56,46.662,1.99,0.279,0.021,5.316,,,2026-09-10 00:46:40
河北省,海河流域,兆通,2026-09-10 00:00,1,24.95,8.52,8.56,272.29,3.86,1.56,0.004,0.007,0.8544,,,2026-09-10 00:46:40
河北省,海河流域,大石桥,2026-09-10 00:00,6,22.94216,7.46,5.47,1051.002,33.06548,9.28,4.57,0.412,10.99607,,,2026-09-10 00:46:40
河北省,海河流域,涧河口,2026-09-10 00:00,4,24.0863,7.94,7.24,1572.372,29.06992,6.18,0.095,0.114,0.918596,,,2026-09-10 00:46:40
河北省,海河流域,丰北闸,2026-09-10 00:00,4,26.79258,8.06,8.96,851.2421,16.28676,6.12,,0.193,0.711413,,,2026-09-10 00:46:40
河北省,海河流域,滦县大桥,2026-09-10 00:00,2,23.5,7.95,6.66,591.867,12.22146,2.26,0.042,0.036,4.6551,,,2026-09-10 00:46:40
河北省,海河流域,刘家庄,2026-09-10 00:00,2,17.76,8.23,8.14,582.297,41.09,1.53,0.046,0.041,3.677,,,2026-09-10 00:46:40
河北省,海河流域,曲周,2026-09-10 00:00,3,22.79,7.9,5.71,1000.661,31.444,1.92,0.087,0.115,3.77,,,2026-09-10 00:46:40
河北省,海河流域,沙阳,2026-09-10 00:00,2,21.21,8.27,10.6,1525.31,81.32,2.31,0.096,0.062,3.1488,,,2026-09-10 00:46:40
河北省,海河流域,艾辛庄,2026-09-10 00:00,6,22.49068,7.35,2.37,896.5619,7.303348,5.48,3.893,0.25,10.42752,,,2026-09-10 00:46:40
河北省,海河流域,后西吴桥,2026-09-10 00:00,6,23.12,7.91,6.1,759.12,55.36,5.3,3.27,0.308,10.959,,,2026-09-10 00:46:40
河北省,海河流域,白合,2026-09-10 00:00,2,19.31,8.23,8.94,504.88,158.26,1.27,,0.085,3.52,,,2026-09-10 00:46:40
河北省,海河流域,杜里村,2026-09-10 00:00,3,16.19,8.54,10.23,430.45,77.66,1.57,,0.115,3.188,,,2026-09-10 00:46:40
河北省,海河流域,四道甸,2026-09-10 00:00,1,17.69,8.4,8.51,439.401,12.47586,1.79,0.009,0.012,,,,2026-09-10 00:46:40
河北省,辽河流域,甸子,2026-09-10 00:00,2,16.07,7.84,6.88,446.33,26.29,1.79,0.031,0.033,7.178,,,2026-09-10 00:46:40
河北省,海河流域,何老营,2026-09-10 00:00,3,23.56119,8.56,9.95,3279.119,10.71185,5.78,,0.117,0.9144,,,2026-09-10 00:46:40
河北省,海河流域,大口河口,2026-09-10 00:00,4,22.18,7.85,5.86,11615.51,83.87,5.55,0.202,0.201,4.363,,,2026-09-10 00:46:40
河北省,海河流域,四埝村桥,2026-09-10 00:00,3,23.95,7.99,5.67,4005.67,20.002,5.45,0.233,0.117,1.056,,,2026-09-10 00:46:40
河北省,海河流域,台头,2026-09-10 00:00,2,25.21338,7.83,6.29,729.931,24.05265,2.52,0.051,0.035,0.8181,,,2026-09-10 00:46:40
河北省,海河流域,三小营,2026-09-10 00:00,3,22.17659,7.51,6.36,975.5276,20.92872,4.04,0.056,0.103,2.987451,,,2026-09-10 00:46:40
河北省,海河流域,南张村,2026-09-10 00:00,1,26.26,8.35,8.55,247.57,2.959,1.79,0.034,0.008,0.7123,,,2026-09-10 00:46:40
河北省,海河流域,安州,2026-09-10 00:00,6,25.16,7.47,1.75,967.341,34.3734,12.93,0.208,0.078,2.835,,,2026-09-10 00:46:40
河北省,海河流域,膳马庙村北,2026-09-10 00:00,4,25.23,7.48,4.34,1023.291,41.6681,4.7,0.327,0.1,4.8085,,,2026-09-10 00:46:40
河北省,海河流域,南刘庄,2026-09-10 00:00,4,24.7,7.48,4.16,695.45,5.78,4.15,0.053,0.045,0.867,0.00608,991627.8,2026-09-10 00:46:40
河北省,海河流域,烧车淀,2026-09-10 00:00,2,24.13,7.87,10.61,520.4,0.27,3.13,,0.001,2.838,0.01125,,2026-09-10 00:46:40
河北省,海河流域,圈头,2026-09-10 00:00,3,24.8,8.12,6.87,7226.77,1.8902,4.32,,0.024,0.423,0.00397,3120403,2026-09-10 00:46:40
河北省,海河流域,采蒲台,2026-09-10 00:00,3,24.81022,7.46,5.97,700.9118,0.639097,3.85,,0.026,0.324908,0.002279,571883.9,2026-09-10 00:46:40
河北省,海河流域,光淀张庄,2026-09-10 00:00,5,24.7,7.47,2.25,731.99,5.74,2.57,0.077,0.023,1.319,0.00086,1014043,2026-09-10 00:46:40
山西省,黄河流域,韩武村,2026-09-10 00:00,6,20.64,7.49,6.2,875.84,28.76,6.21,2.384,0.341,6.686,,,2026-09-10 00:46:40
山西省,黄河流域,上兰,2026-09-10 00:00,2,21.14,8.16,7.13,693.735,7.742307,1.34,0.015,0.002,1.4781,,,2026-09-10 00:46:40
山西省,黄河流域,汾河水库出口,2026-09-10 00:00,3,22.39,8.13,5.45,618.209,2.374394,2.09,0.013,,1.4001,0.0104408,290784,2026-09-10 00:46:40
山西省,海河流域,堡子湾,2026-09-10 00:00,2,14.4,8.41,7.23,791.841,23.66344,1.49,0.01,0.047,6.3771,,,2026-09-10 00:46:40
山西省,海河流域,册田水库出口,2026-09-10 00:00,3,21.94,8.63,7.35,1079.031,19.7916,4.7,0.116,0.08,0.8401,,,2026-09-10 00:46:40
山西省,海河流域,古家坡,2026-09-10 00:00,6,19.57,8.06,0.01,1336.475,34.87787,8.88,0.934,0.366,3.5401,,,2026-09-10 00:46:40
山西省,海河流域,利仁皂,2026-09-10 00:00,3,19.87,8.18,6.39,1562.348,16.23189,5.56,0.006,0.139,5.0801,,,2026-09-10 00:46:40
山西省,海河流域,白羊墅,2026-09-10 00:00,4,17.7,8.23,7.88,1016.95,139.712,8.86,1.31,0.269,6.911,,,2026-09-10 00:46:40
山西省,海河流域,王家庄,2026-09-10 00:00,2,20.36,8.36,8.79,601.67,43.23,2.62,0.01,0.046,2.562,,,2026-09-10 00:46:40
山西省,海河流域,司徒桥,2026-09-10 00:00,4,19.75,7.63,3.46,584.9727,44.6963,3.7,0.153,0.065,1.052,,,2026-09-10 00:46:40
山西省,海河流域,关河水库出口,2026-09-10 00:00,4,21.59,7.72,4.42,475.86,9.369,4.14,0.009,0.028,1.4186,,,2026-09-10 00:46:40
山西省,海河流域,北寨,2026-09-10 00:00,3,18.82,7.66,5.64,1048.04,26.92,4.96,0.436,0.091,7.4647,,,2026-09-10 00:46:40
山西省,海河流域,后湾水库出口,2026-09-10 00:00,3,22.33,7.81,5.19,475.73,4.03,3.07,0.055,0.021,0.661,,,2026-09-10 00:46:40
山西省,黄河流域,龙头,2026-09-10 00:00,2,16.96,8.28,7.34,552.47,61.68,2.95,0.125,0.044,3.2369,,,2026-09-10 00:46:40
山西省,黄河流域,拴驴泉,2026-09-10 00:00,2,21.03,8.08,8.31,761.6514,23.3439,1.58,,0.022,4.3267,,,2026-09-10 00:46:40
山西省,海河流域,东榆林水库出口,2026-09-10 00:00,4,19.89,7.74,4.41,714.625,22.12979,2.82,0.467,0.071,2.7801,,,2026-09-10 00:46:40
山西省,黄河流域,杀虎口,2026-09-10 00:00,3,15.8,8.24,7.88,600.212,76.89059,4.82,0.007,0.061,1.6391,,,2026-09-10 00:46:40
山西省,黄河流域,安固桥,2026-09-10 00:00,6,18.532,7.5,3.73,1868.06,35.1324,7.61,4.125,0.515,16.9222,,,2026-09-10 00:46:40
山西省,黄河流域,王庄桥南,2026-09-10 00:00,4,19.05,8.01,7.61,1291.026,200.78,9.29,0.549,0.259,7.549,,,2026-09-10 00:46:40
山西省,黄河流域,郝村,2026-09-10 00:00,3,19.31,7.83,6.35,856.3942,94.4336,3.75,0.236,0.114,3.2436,,,2026-09-10 00:46:40
山西省,黄河流域,张留庄,2026-09-10 00:00,6,21.55,7.96,4.98,4555.318,115.544,10.2,4.59,0.325,11.565,,,2026-09-10 00:46:40
山西省,黄河流域,上亳城,2026-09-10 00:00,6,18.91,8.06,8.71,949.664,34.102,3.15,6.069,0.077,11.3249,,,2026-09-10 00:46:40
山西省,黄河流域,小韩村,2026-09-10 00:00,6,20.76,7.55,2.65,903.34,61.378,6.88,4.159,0.397,6.129,,,2026-09-10 00:46:40
山西省,海河流域,梵王寺,2026-09-10 00:00,6,13.87,8.23,9.03,1086.081,94.20412,3.56,0.434,0.495,5.7821,,,2026-09-10 00:46:40
山西省,海河流域,代县桥,2026-09-10 00:00,2,17.55,8.55,8.77,656.719,140.3715,1.85,0.016,0.069,4.1961,,,2026-09-10 00:46:40
山西省,海河流域,定襄桥,2026-09-10 00:00,5,18.83,7.87,5.06,610.902,909.175,7.84,0.005,0.308,4.6721,,,2026-09-10 00:46:40
山西省,黄河流域,河西村,2026-09-10 00:00,2,14.65,8.4,8.2,563,73.93,1.36,0.097,0.065,3.437,,,2026-09-10 00:46:40
山西省,黄河流域,上平望,2026-09-10 00:00,4,20.8,7.66,5.33,1053.41,284.25,8.85,0.549,0.177,6.023,,,2026-09-10 00:46:40
山西省,黄河流域,黑城村,2026-09-10 00:00,3,18.02,8.21,8.4,722.9691,640.2847,4.08,0.577,0.113,4.623,,,2026-09-10 00:46:40
山西省,黄河流域,曲立,2026-09-10 00:00,3,14.79,8.31,7.71,576.208,161.1991,3.88,0.075,0.121,4.2571,,,2026-09-10 00:46:40
山西省,黄河流域,裴沟,2026-09-10 00:00,6,16.84,8.42,8.09,549.787,417.2979,5.8,2.073,0.279,6.1631,,,2026-09-10 00:46:40
山西省,黄河流域,南姚,2026-09-10 00:00,6,18.18,7.4,,946.14,27.7,9.85,5.766,0.35,9.733,,,2026-09-10 00:46:40
内蒙古自治区,松花江流域,根河口内,2026-09-10 00:00,4,13.83,6.9,8.1,82.74,19.36,6.12,,0.027,0.236,,,2026-09-10 00:46:40
内蒙古自治区,松花江流域,李屯,2026-09-10 00:00,4,14.75,7.15,9.02,85.368,38.3285,8.56,,0.058,0.766,,,2026-09-10 00:46:40
内蒙古自治区,松花江流域,陶海,2026-09-10 00:00,4,14.4,7.53,9.73,146.2,21.7,6.27,,0.059,0.408,,,2026-09-10 00:46:40
内蒙古自治区,松花江流域,嵯岗,2026-09-10 00:00,4,15.66,7.94,8.98,227.44,55.992,9.1,,0.101,0.539,,,2026-09-10 00:46:40
内蒙古自治区,松花江流域,成吉思汗,2026-09-10 00:00,2,16.49,7.11,8.92,137.84,15.11,2.57,,0.026,1.148,,,2026-09-10 00:46:40
内蒙古自治区,松花江流域,讷尔克气,2026-09-10 00:00,3,12.36,7.08,9.85,71.963,11.107,5.25,0.004,0.024,0.336,,,2026-09-10 00:46:40
内蒙古自治区,松花江流域,大山矿,2026-09-10 00:00,2,11.9,7.99,10.12,220.18,10.69,3.3,,0.025,0.235,,,2026-09-10 00:46:40
内蒙古自治区,松花江流域,察尔森水库西入口,2026-09-10 00:00,3,19.41,7.73,8.9,162.79,52.48,3.59,,0.029,1.444,0.0127,3620690,2026-09-10 00:46:40
辽宁省,辽河流域,于台,2026-09-10 00:00,3,20.24,7.09,5.48,915.795,15.358,3.29,0.277,0.06,6.913,,,2026-09-10 00:46:40
辽宁省,辽河流域,巨流河大桥,2026-09-10 00:00,4,21.23,8.55,10.17,600.9,89.2,8.32,,0.136,1.768,,,2026-09-10 00:46:40
辽宁省,辽河流域,兴国桥,2026-09-10 00:00,2,16.48,7.19,6.54,636.75,7.458,2.48,,0.024,1.582,,,2026-09-10 00:46:40
辽宁省,辽河流域,复州湾大桥,2026-09-10 00:00,2,19.2816,8.37,9.62,575.46,4.74452,3.67,0.007,0.068,4.74,,,2026-09-10 00:46:40
辽宁省,辽河流域,万泰,2026-09-10 00:00,2,24,7.89,7.44,142.245,8.69269,3.12,0.022,0.022,2.58092,,,2026-09-10 00:46:40
辽宁省,辽河流域,登化,2026-09-10 00:00,4,20.7695,8.92,15.37,612.059,19.127,6.55,0.018,0.13,4.733,,,2026-09-10 00:46:40
辽宁省,辽河流域,小姐庙,2026-09-10 00:00,3,21.04,7.74,5.31,719,9.76,2.08,0.052,0.08,3.735,,,2026-09-10 00:46:40
辽宁省,辽河流域,口子街,2026-09-10 00:00,1,20.83,8.69,8.96,288.6,4.27095,1.93,0.023,0.02,3.434,,,2026-09-10 00:46:40
辽宁省,辽河流域,牛庄,2026-09-10 00:00,2,21.3832,8.06,6.08,648.398,27.966,4,0.118,0.08,3.006,,,2026-09-10 00:46:40
辽宁省,辽河流域,关门山大桥,2026-09-10 00:00,1,19.09,8.16,7.59,384.269,4.376,1.37,,0.009,4.581,,,2026-09-10 00:46:40
辽宁省,辽河流域,刘家台,2026-09-10 00:00,2,20.096,8.13,8.73,695.355,29.566,3.13,0.022,0.086,3.862,,,2026-09-10 00:46:40
辽宁省,辽河流域,凤鸣电站,2026-09-10 00:00,2,20.91,8.27,9.75,213.76,4.43,2.36,,0.018,3.276,,,2026-09-10 00:46:40
辽宁省,辽河流域,蒲石河大桥,2026-09-10 00:00,1,22.2,7.68,8.23,213.32,3.101,1.37,0.032,0.016,2.418,,,2026-09-10 00:46:40
辽宁省,辽河流域,王家沟,2026-09-10 00:00,2,21.3,8.12,8.1,670.16,11.5,2.1,0.006,0.038,5.228,,,2026-09-10 00:46:40
辽宁省,辽河流域,张家堡,2026-09-10 00:00,2,21.16,8.14,8.88,729.24,7.973,2.11,,0.052,5.812,,,2026-09-10 00:46:40
辽宁省,辽河流域,女儿河入河口,2026-09-10 00:00,2,22.04,8.16,12.07,972.97,14.61,1.07,,0.039,13.04,,,2026-09-10 00:46:40
辽宁省,辽河流域,何家信子,2026-09-10 00:00,2,20.61,8.31,8.4,465.4,13.19,2.95,,0.022,0.857,,,2026-09-10 00:46:40
辽宁省,辽河流域,高台子,2026-09-10 00:00,6,20.25,7.58,0.98,1181.92,20.593,4.46,0.735,0.103,8.505,,,2026-09-10 00:46:40
辽宁省,辽河流域,大清河口,2026-09-10 00:00,3,23.3,8.48,7.82,526.22,27.884,5.87,0.081,0.067,4.273,,,2026-09-10 00:46:40
辽宁省,辽河流域,东羊角,2026-09-10 00:00,4,19.77,7.51,6.98,734.3,17.5,3.76,1.482,0.241,7.503,,,2026-09-10 00:46:40
辽宁省,辽河流域,河洪桥,2026-09-10 00:00,3,19.6491,7.62,8.07,790.937,13.62,3.35,0.314,0.131,7.154,,,2026-09-10 00:46:40
辽宁省,辽河流域,下王家,2026-09-10 00:00,2,20.3939,7.37,6.31,628.032,4.7265,1.38,,0.027,5.458,,,2026-09-10 00:46:40
辽宁省,辽河流域,汤河桥,2026-09-10 00:00,2,19.97,7.89,9.96,556.2,4.55683,0.21,,0.034,3.402,,,2026-09-10 00:46:40
辽宁省,辽河流域,下达河入汤河水库口,2026-09-10 00:00,2,15.8973,7.94,7.29,427.509,2.516,1.6,,0.012,3.895,,,2026-09-10 00:46:40
辽宁省,辽河流域,盘锦兴安,2026-09-10 00:00,4,20.45,8.04,4.77,543.79,47.5,7.12,,0.132,1.826,,,2026-09-10 00:46:40
辽宁省,辽河流域,曙光大桥,2026-09-10 00:00,3,22.98,7.61,5.63,1002.31,118.89,5.61,0.029,0.19,2.215,,,2026-09-10 00:46:40
辽宁省,辽河流域,胜利塘,2026-09-10 00:00,4,20.91,7.6,3.11,1055.24,58.03,5.82,0.062,0.11,1.407,,,2026-09-10 00:46:40
辽宁省,辽河流域,鲜峰桥,2026-09-10 00:00,4,20.61,8.54,20.74,1069.7,67.385,9.12,,0.171,1.275,,,2026-09-10 00:46:40
辽宁省,辽河流域,通江口,2026-09-10 00:00,4,20.85,8.17,11.08,733.92,58.2,6.79,,0.102,3.788,,,2026-09-10 00:46:40
辽宁省,辽河流域,柴河水库入库口,2026-09-10 00:00,3,19.54,7.97,9.35,450.02,63.12,5.05,,0.096,6.481,,,2026-09-10 00:46:40
辽宁省,辽河流域,松树水文站,2026-09-10 00:00,2,19.13,7.98,8.2,453.65,60.18,3.9,,0.079,8.4,,,2026-09-10 00:46:40
辽宁省,辽河流域,亮子河入河口,2026-09-10 00:00,4,19.35,7.79,7.3,669.36,21.49,5.01,0.068,0.201,3.392,,,2026-09-10 00:46:40
辽宁省,辽河流域,清河水库入库口,2026-09-10 00:00,2,16.24,7.64,8.09,337.33,9.43,1.46,,0.064,7.267,,,2026-09-10 00:46:40
辽宁省,辽河流域,大凌河西支入河口,2026-09-10 00:00,2,16.35,8.06,7.67,954.63,8.923,1.48,,0.052,21.034,,,2026-09-10 00:46:40
辽宁省,辽河流域,李家湾大桥,2026-09-10 00:00,2,16.3,7.83,8.46,494.6,34,1.16,,0.033,5.294,,,2026-09-10 00:46:40
辽宁省,辽河流域,红石碑入海前,2026-09-10 00:00,3,21.65,8.27,10.9,1132.249,19.584,4.12,0.045,0.066,3.061,,,2026-09-10 00:46:40
吉林省,松花江流域,镇江口,2026-09-10 00:00,4,19.58,7.86,8.93,314.4,67.61,6.07,,0.127,3.764,,,2026-09-10 00:46:40
吉林省,松花江流域,周家河口,2026-09-10 00:00,2,17.29,7.46,6.35,630.17,361.34,3.64,0.079,0.071,3.42,,,2026-09-10 00:46:40
吉林省,松花江流域,白旗,2026-09-10 00:00,3,19.1565,7.25,7.83,260.355,56.7642,4.04,0.044,0.122,5.0484,,,2026-09-10 00:46:40
吉林省,松花江流域,白山大桥,2026-09-10 00:00,4,18.51,6.73,5.17,105.102,36.548,6.29,,0.051,2.14,,,2026-09-10 00:46:40
吉林省,松花江流域,桦树林,2026-09-10 00:00,4,18.65,7.55,7.79,170.464,40.45,6.12,0.017,0.059,2.561,0.00623,684032,2026-09-10 00:46:40
吉林省,松花江流域,官厅桥,2026-09-10 00:00,6,19.52,7.06,1.82,420.2,33.346,2.75,0.184,0.088,1.68,,,2026-09-10 00:46:40
吉林省,松花江流域,蛟河口,2026-09-10 00:00,3,16.598,7.48,7.85,296.977,39.947,4.69,0.06,0.067,4.483,,,2026-09-10 00:46:40
吉林省,松花江流域,哨口,2026-09-10 00:00,3,19.695,7.03,7.67,284.451,49.2137,4.01,0.131,0.102,4.2984,,,2026-09-10 00:46:40
吉林省,松花江流域,肖家船口,2026-09-10 00:00,3,14.791,6.59,7.19,203.807,8.0562,5.8,0.261,0.199,3.3762,,,2026-09-10 00:46:40
吉林省,松花江流域,烟筒山,2026-09-10 00:00,2,18.27,8.13,9.63,345.239,45.621,2.74,0.064,0.06,3.917,,,2026-09-10 00:46:40
吉林省,辽河流域,六家子,2026-09-10 00:00,3,17.38,7.87,8.64,729.6,17.6,2.73,0.022,0.116,10.5198,,,2026-09-10 00:46:40
吉林省,辽河流域,林家,2026-09-10 00:00,3,18.9,7.79,8.34,842.3,29.3,4.99,0.02,0.164,9,,,2026-09-10 00:46:40
吉林省,辽河流域,河清,2026-09-10 00:00,3,17.46,7.85,6.3,1124.7,9.94,4.1,,0.041,6.282,,,2026-09-10 00:46:40
吉林省,辽河流域,云峰,2026-09-10 00:00,4,20.738,7.11,4.89,131.062,19.5292,2.24,0.012,0.02,1.767,,,2026-09-10 00:46:40
吉林省,辽河流域,老虎哨,2026-09-10 00:00,2,20.815,7.27,6.47,116.477,17.4911,2.84,0.03,0.014,2.075,,,2026-09-10 00:46:40
吉林省,辽河流域,鸠谷,2026-09-10 00:00,2,12.8,7.42,9.25,120.4,15.3,2.75,0.074,0.051,1.229,,,2026-09-10 00:46:40
吉林省,松花江流域,月亮湖下,2026-09-10 00:00,4,19.05,8.71,8.6,451.64,125.06,6.95,,0.067,1.219,,,2026-09-10 00:46:40
吉林省,松花江流域,圈河,2026-09-10 00:00,3,18.194,7.62,9.04,120.271,86.597,4.09,0.09,0.085,1.621,,,2026-09-10 00:46:40
吉林省,松花江流域,大山,2026-09-10 00:00,3,19.74,8.57,10.42,156.548,41.91,5.84,0.051,0.09,1.646,,,2026-09-10 00:46:40
吉林省,松花江流域,榆树川,2026-09-10 00:00,2,16.99,7.98,8.7,208.334,20.333,2.82,0.016,0.038,1.906,,,2026-09-10 00:46:40
吉林省,松花江流域,建封路大桥,2026-09-10 00:00,2,10.14,7.66,10.26,205.12,12.794,1.11,0.008,0.072,0.794,,,2026-09-10 00:46:40
黑龙江省,松花江流域,苗家,2026-09-10 00:00,3,19.9,7.91,9.52,201.2,50.1,4.61,0.035,0.164,2.153,,,2026-09-10 00:46:40
黑龙江省,松花江流域,磨盘山水库出口,2026-09-10 00:00,2,21.444,6.8,7.32,69.859,4.222,,0.022,0.019,1.949,0.0044,20480,2026-09-10 00:46:40
黑龙江省,松花江流域,查哈阳乡,2026-09-10 00:00,3,15.9,7.49,9.45,89.7,34.1,5.38,,0.041,0.517,,,2026-09-10 00:46:40
黑龙江省,松花江流域,音河水库,2026-09-10 00:00,3,19.36,7.7,8.02,225,146.71,4.98,,0.108,3.293,,,2026-09-10 00:46:40
黑龙江省,松花江流域,江桥,2026-09-10 00:00,3,19.39,7.79,8.68,144.788,72.935,5.66,,0.07,2.616,,,2026-09-10 00:46:40
黑龙江省,松花江流域,富源村,2026-09-10 00:00,4,18.63,7.67,8.01,112.91,39.88,7.72,0.017,0.08,0.802,,,2026-09-10 00:46:40
黑龙江省,松花江流域,泄洪1闸,2026-09-10 00:00,3,17.739,8.21,9.6,259.65,110.558,4.28,,0.04,1.17,0.017,15744,2026-09-10 00:46:40
黑龙江省,松花江流域,肇源,2026-09-10 00:00,4,19.93,8,8.27,305.36,43.36,7.76,0.173,0.134,1.3,,,2026-09-10 00:46:40
黑龙江省,松花江流域,嫩江口内,2026-09-10 00:00,4,19.6,7.87,8.54,193.341,106.974,6.65,,0.11,1.803,,,2026-09-10 00:46:40
黑龙江省,松花江流域,友好,2026-09-10 00:00,6,12.84,6.9,9.67,71.279,21.767,20.94,0.017,0.063,1.673,,,2026-09-10 00:46:40
黑龙江省,松花江流域,嘉荫,2026-09-10 00:00,5,16.51,7.33,8.76,111.076,18.513,11.58,0.032,0.057,0.86,,,2026-09-10 00:46:40
黑龙江省,松花江流域,双河渠首,2026-09-10 00:00,-1,,,,,,,,,,,,2026-09-10 00:46:40
黑龙江省,松花江流域,三岔口,2026-09-10 00:00,4,18.18,7.36,8.72,120.12,59.603,9.94,0.111,0.102,1.634,,,2026-09-10 00:46:40
黑龙江省,松花江流域,海浪,2026-09-10 00:00,3,17.63,7.36,9.73,126.9,65.47,5.86,0.049,0.102,3.224,,,2026-09-10 00:46:40
黑龙江省,松花江流域,电视塔,2026-09-10 00:00,5,22.36,7.06,5.63,102.2,66.372,7.94,0.037,0.112,2.501,0.00259,16000,2026-09-10 00:46:40
黑龙江省,松花江流域,黑河下,2026-09-10 00:00,4,15.24,7.61,8.7,143.1764,25.4424,9.5,0.016,0.056,0.5622,,,2026-09-10 00:46:40
黑龙江省,松花江流域,呼玛河口内,2026-09-10 00:00,4,14.66,7.42,9.29,72.925,2.91,6.97,,0.025,0.194,,,2026-09-10 00:46:40
黑龙江省,松花江流域,加格达奇上,2026-09-10 00:00,3,12.05,6.93,9.45,63.837,8.4746,5.06,,0.015,0.233,,,2026-09-10 00:46:40
上海市,长江流域,富锦路桥,2026-09-10 00:00,3,28.5,7.88,5.5,494.5,78.8,3.35,0.002,0.142,2.774,,,2026-09-10 00:46:40
上海市,太湖流域,临江,2026-09-10 00:00,6,28.34,7.54,4.64,378.84,46.91,5.73,0.231,0.417,2.248,,,2026-09-10 00:46:40
上海市,太湖流域,闵行西界,2026-09-10 00:00,4,28.46,7.43,4.19,371.84,46.58,3.01,,0.096,1.519,,,2026-09-10 00:46:40
上海市,太湖流域,吴淞口,2026-09-10 00:00,3,28.298,7.97,7.02,374.939,80.382,2.92,0.007,0.137,1.986,,,2026-09-10 00:46:40
上海市,太湖流域,蕴川路桥,2026-09-10 00:00,3,26.39,7.81,6.06,489.66,83.64,3,,0.142,2.257,,,2026-09-10 00:46:40
上海市,太湖流域,三甲港,2026-09-10 00:00,2,27.9,8.01,7.33,384.5,48.29,2.47,0.077,0.093,1.904,,,2026-09-10 00:46:40
上海市,太湖流域,急水港桥,2026-09-10 00:00,4,26.81,7.43,3.09,416.9,26.6,3.35,0.042,0.085,0.983,0.0076,4213980,2026-09-10 00:46:40
江苏省,长江流域,陈浅,2026-09-10 00:00,5,25.86,7.33,2.31,408.7,20.69,3.31,0.035,0.064,1.574,,,2026-09-10 00:46:40
江苏省,长江流域,七桥瓮,2026-09-10 00:00,3,27.74,7.76,5.03,338.67,33.28,2.96,0.063,0.1,1.623,,,2026-09-10 00:46:40
江苏省,长江流域,节制闸,2026-09-10 00:00,2,26.74,7.76,6.8,292.66,27.34,2.22,0.032,0.072,1.588,,,2026-09-10 00:46:40
江苏省,长江流域,钱家渡,2026-09-10 00:00,2,28.28,8.08,7.27,268.84,32.14,3.37,,0.059,0.978,,,2026-09-10 00:46:40
江苏省,太湖流域,锡东水厂,2026-09-10 00:00,3,26.11,8.74,8.83,377.72,25,2.72,0.048,0.039,0.937,0.01954,2982200,2026-09-10 00:46:40
江苏省,太湖流域,百渎港桥,2026-09-10 00:00,4,28.5,7.52,4.27,461,48.14,4.85,,0.11,1.104,,,2026-09-10 00:46:40
江苏省,太湖流域,大浦港桥,2026-09-10 00:00,3,27.8,7.65,6.11,393.1,74.7,4.17,0.072,0.116,1.886,,,2026-09-10 00:46:40
江苏省,太湖流域,拖山,2026-09-10 00:00,4,26.65,,8.22,366.19,93.36,5.98,,0.087,1.034,0.00256,2.397577,2026-09-10 00:46:40
江苏省,太湖流域,五里湖心,2026-09-10 00:00,5,27.03,8.26,7.17,389.65,41.32997,4.28,,0.105,0.408,0.00484,2.414569,2026-09-10 00:46:40
江苏省,太湖流域,金潼桥,2026-09-10 00:00,2,28.76,7.92,7.95,316.5,30.02,1.79,0.037,0.066,1.89,,,2026-09-10 00:46:40
江苏省,太湖流域,大港桥,2026-09-10 00:00,2,25.3,6.62,6.43,140.21,4.42,2.28,0.042,0.028,2.279,,,2026-09-10 00:46:40
江苏省,太湖流域,潘家坝,2026-09-10 00:00,3,28.38,7.39,5.44,394.57,60.47,4.1,,0.11,1.855,,,2026-09-10 00:46:40
江苏省,太湖流域,长济桥,2026-09-10 00:00,2,27.8,7.94,6.95,305.5,20.33,1.67,0.003,0.064,1.898,,,2026-09-10 00:46:40
江苏省,长江流域,小湾,2026-09-10 00:00,2,27.85,7.92,6.78,300.88,30.31,1.36,,0.059,1.843,,,2026-09-10 00:46:40
江苏省,淮河流域,沙庄桥,2026-09-10 00:00,4,27.07,8.02,5.01,1197.8,23.8,7.12,0.165,0.122,1.785,,,2026-09-10 00:46:40
江苏省,淮河流域,艾山西大桥,2026-09-10 00:00,4,23.787,8.19,8.94,868.35,24.15,7.25,0.062,0.112,5.052,,,2026-09-10 00:46:40
江苏省,长江流域,魏村,2026-09-10 00:00,2,27.71,7.8,6.47,302.81,35.23,1.25,,0.069,1.956,,,2026-09-10 00:46:40
江苏省,太湖流域,姚巷桥,2026-09-10 00:00,4,28.57,8.09,3.85,343.53,11.3,4.54,,0.113,2.268,,,2026-09-10 00:46:40
江苏省,太湖流域,落蓬湾,2026-09-10 00:00,3,28.54,7.56,5.71,268.4,37.6,3.9,0.033,0.068,1.442,,,2026-09-10 00:46:40
江苏省,太湖流域,九号桥,2026-09-10 00:00,2,27.32,7.93,6.97,306.6,25.7,2.01,0.012,0.066,1.797,,,2026-09-10 00:46:40
江苏省,太湖流域,胥湖心,2026-09-10 00:00,1,26.09,8.96,8.18,328.93,8.18,1.56,,0.01,0.131,0.0006,334623,2026-09-10 00:46:40
江苏省,太湖流域,乌龟山南,2026-09-10 00:00,4,26.31,,8.83,368.393,65.481,4.22,,0.058,0.648,0.00307,2.529531,2026-09-10 00:46:40
江苏省,太湖流域,千灯浦口,2026-09-10 00:00,4,27.09,7.08,3.24,489.343,37.718,3.7,0.033,0.139,0.8462,,,2026-09-10 00:46:40
江苏省,太湖流域,朱厍港口,2026-09-10 00:00,3,26.1,7.41,5.05,442.6,27.6,3.51,,0.105,1.026,,,2026-09-10 00:46:40
江苏省,太湖流域,浏河闸,2026-09-10 00:00,4,28.33,7.61,3.55,550.575,34.676,3.16,,0.13,2.0176,,,2026-09-10 00:46:40
江苏省,太湖流域,瓜泾口西,2026-09-10 00:00,3,28.16,8.84,6.82,351.6,11.65,5.08,,0.047,0.698,,,2026-09-10 00:46:40
江苏省,太湖流域,航管站,2026-09-10 00:00,2,27.84,8.99,8.17,364.81,10.19,3.3,,0.03,0.36,,,2026-09-10 00:46:40
江苏省,太湖流域,越溪桥,2026-09-10 00:00,4,26.96,7.32,3.05,490.5,43.2,3.86,0.574,0.102,2.745,,,2026-09-10 00:46:40
江苏省,太湖流域,赵屯,2026-09-10 00:00,3,27.29,7.61,5.38,728.012,48.583,3.65,0.032,0.134,2.45,,,2026-09-10 00:46:40
江苏省,淮河流域,东安闸桥西,2026-09-10 00:00,4,27.87,7.46,4.22,845.3,37.12,4.16,,0.164,1.807,,,2026-09-10 00:46:40
江苏省,长江流域,九圩港桥,2026-09-10 00:00,2,27.14,7.87,6.24,321.7,39.65,1.58,0.011,0.067,1.281,,,2026-09-10 00:46:40
江苏省,长江流域,碾砣港闸,2026-09-10 00:00,2,27.32,7.95,6.77,320.5,38.7,1.46,0.01,0.075,2.141,,,2026-09-10 00:46:40
江苏省,长江流域,聚南大桥,2026-09-10 00:00,3,28.9,7.8,6.16,993.4,9.36,3.8,0.045,0.105,1.053,,,2026-09-10 00:46:40
江苏省,长江流域,塘芦港闸,2026-09-10 00:00,4,28.396,7.64,3.54,1912.68,13.059,4.46,0.172,0.192,1.544,,,2026-09-10 00:46:40
江苏省,淮河流域,小洋口,2026-09-10 00:00,4,26.13,8.13,12.13,1068.3,21.95,7.02,0.034,0.237,0.803,,,2026-09-10 00:46:40
江苏省,淮河流域,环东闸口,2026-09-10 00:00,4,27.64,7.6,3.65,1025.7,41.83,5.29,0.149,0.289,2.143,,,2026-09-10 00:46:40
江苏省,淮河流域,北凌新闸,2026-09-10 00:00,5,26.33,8.55,16.34,1599.6,22.36,7.81,0.044,0.325,1.995,,,2026-09-10 00:46:40
江苏省,淮河流域,总渠苏嘴,2026-09-10 00:00,2,23.04,7.71,6.15,430.77,168.43,3.67,0.074,0.096,1.757,,,2026-09-10 00:46:40
江苏省,淮河流域,唐曹,2026-09-10 00:00,3,24.26,7.55,5.08,452.2,97.46,5.2,0.226,0.144,0.453,,,2026-09-10 00:46:40
江苏省,长江流域,三江营,2026-09-10 00:00,2,27.68,8,7.45,311.8,31.2,1.67,,0.067,1.945,,,2026-09-10 00:46:40
江苏省,淮河流域,槐泗河口,2026-09-10 00:00,2,26.73,8.14,6.99,456.5,47.13,3.37,0.026,0.091,1.808,,,2026-09-10 00:46:40
江苏省,淮河流域,大运河船闸,2026-09-10 00:00,3,26.09,7.82,6.62,435.9,110.8,4.19,0.075,0.119,2.148,,,2026-09-10 00:46:40
江苏省,长江流域,冻青桥,2026-09-10 00:00,3,26.94,7.89,5.82,450.8,69.92,3.67,0.08,0.152,1.771,,,2026-09-10 00:46:40
江苏省,长江流域,小河口上游,2026-09-10 00:00,2,27.57,7.92,6.93,288.4,58.75,1.57,0.055,0.079,1.665,,,2026-09-10 00:46:40
江苏省,淮河流域,曹庄桥,2026-09-10 00:00,3,27.33,7.72,5.7,392.5,40.72,2.61,,0.085,1.499,,,2026-09-10 00:46:40
江苏省,太湖流域,辛丰镇,2026-09-10 00:00,2,27.64,7.91,6.51,305.2,34.69,1.92,0.028,0.087,1.736,,,2026-09-10 00:46:40
江苏省,太湖流域,林家闸,2026-09-10 00:00,3,27.69,7.91,6.95,299.2,23.4,2.38,,0.141,2.1139,,,2026-09-10 00:46:40
江苏省,长江流域,新河桥,2026-09-10 00:00,2,28.28,8.56,9.46,298.1,14.78,2.92,0.05,0.059,0.833,,,2026-09-10 00:46:40
江苏省,太湖流域,新港桥,2026-09-10 00:00,2,27.21,7.92,7.32,317.7,32.7,1.66,0.021,0.031,0.892,,,2026-09-10 00:46:40
江苏省,太湖流域,吕城,2026-09-10 00:00,3,28.09,7.73,6.04,320.89,35.86,2.45,,0.115,2.101,,,2026-09-10 00:46:40
江苏省,淮河流域,海陵大桥,2026-09-10 00:00,2,27.45,7.91,6.85,303.2,28.75,1.75,0.012,0.065,1.788,,,2026-09-10 00:46:40
江苏省,长江流域,马甸闸西,2026-09-10 00:00,2,27.99,7.88,6.99,304.6,25.08,1.62,0.007,0.055,2.098,,,2026-09-10 00:46:40
江苏省,长江流域,祥和大桥,2026-09-10 00:00,4,26.81,7.5,4.4,513.2,23.17,2.94,0.368,0.16,1.77,,,2026-09-10 00:46:40
江苏省,长江流域,新十圩港大桥,2026-09-10 00:00,3,26.69,7.72,5.73,380.1,65.18,3.19,0.047,0.126,1.894,,,2026-09-10 00:46:40
江苏省,淮河流域,临淮乡入湖口,2026-09-10 00:00,3,26.86,8.05,6.34,694.9,27.39,5.93,0.075,0.06,0.852,,,2026-09-10 00:46:40
江苏省,淮河流域,砖瓦厂,2026-09-10 00:00,3,25.99,8.46,7.67,761.4,47.1,5.18,0.016,0.157,0.729,,,2026-09-10 00:46:40
江苏省,淮河流域,团结闸,2026-09-10 00:00,4,26.7,8.76,8.8,1482.4,13.78,7.42,0.011,0.055,0.996,,,2026-09-10 00:46:40
江苏省,淮河流域,大屈,2026-09-10 00:00,4,26,8.16,8.13,883.52,14.998,6.38,0.057,0.115,1.062,,,2026-09-10 00:46:40
浙江省,浙闽片河流,小金山,2026-09-10 00:00,2,29.44,,8.52,136.239,2.801,1.91,0.003,0.014,0.746,,,2026-09-10 00:46:40
浙江省,浙闽片河流,三潭岛,2026-09-10 00:00,1,28.75,,8.22,119.473,2.69,1.52,,0.01,0.5733,,,2026-09-10 00:46:40
浙江省,浙闽片河流,千岛湖大坝前,2026-09-10 00:00,2,30.16,8.98,8.25,127.553,2.041,1.61,0.022,0.011,0.627,,,2026-09-10 00:46:40
浙江省,浙闽片河流,洋溪渡,2026-09-10 00:00,2,19.73,7.18,6.34,161.233,2.588,0.88,0.003,0.013,0.8536,,,2026-09-10 00:46:40
浙江省,浙闽片河流,清林渡,2026-09-10 00:00,5,28.481,6.99,2.01,287.608,31.596,3.1,0.023,0.148,2.742,,,2026-09-10 00:46:40
浙江省,浙闽片河流,水车,2026-09-10 00:00,2,26.533,7.35,7.3,158.422,15.267,1.88,0.031,0.037,1.155,,,2026-09-10 00:46:40
浙江省,浙闽片河流,梁桥,2026-09-10 00:00,2,25.98,6.9,7.63,63.86,6.56,1.21,0.019,0.035,1.485,,,2026-09-10 00:46:40
浙江省,太湖流域,杨家浦,2026-09-10 00:00,3,27.22655,7.63,5.98,224.2049,29.73978,2.43,0.003,0.082,2.203418,,,2026-09-10 00:46:40
浙江省,浙闽片河流,曹娥江大闸闸前,2026-09-10 00:00,2,27.607,7.48,8.02,204.214,16.336,2.81,0.094,0.072,2.17,,,2026-09-10 00:46:40
浙江省,浙闽片河流,屠家埠,2026-09-10 00:00,2,27.766,7.61,8.6,129.625,13.627,3.67,0.04,0.057,2.213,,,2026-09-10 00:46:40
浙江省,浙闽片河流,葛山头,2026-09-10 00:00,4,27.58,6.79,3.51,163.55,10.91,2.19,0.131,0.067,2.219,,,2026-09-10 00:46:40
浙江省,浙闽片河流,义东桥,2026-09-10 00:00,3,26.794,7.3,6.03,253.75,12.812,2.71,0.052,0.109,2.176,,,2026-09-10 00:46:40
浙江省,浙闽片河流,塔下洲,2026-09-10 00:00,3,26.74,7.56,7.03,323.39,7.871,4.49,0.04,0.089,2.3848,,,2026-09-10 00:46:40
浙江省,浙闽片河流,东关桥,2026-09-10 00:00,3,28.164,7.32,5.35,394.375,7.355,3.29,0.048,0.135,2.93,,,2026-09-10 00:46:40
浙江省,浙闽片河流,费垅,2026-09-10 00:00,3,27.56,7.29,7.02,251.348,14.672,2.88,0.251,0.137,2.6655,,,2026-09-10 00:46:40
浙江省,浙闽片河流,南江桥,2026-09-10 00:00,3,26.93,8.16,6.7,505.625,3.544,2.99,0.05,0.132,2.3183,,,2026-09-10 00:46:40
浙江省,浙闽片河流,章店,2026-09-10 00:00,3,27.19,7.66,6.63,239.466,3.347,3.4,0.035,0.17,2.2701,,,2026-09-10 00:46:40
浙江省,浙闽片河流,长潭水库坝口,2026-09-10 00:00,2,27.461,8.39,10.19,44.421,1.214,1.65,0.003,0.012,0.307,,,2026-09-10 00:46:40
浙江省,浙闽片河流,老鼠屿,2026-09-10 00:00,3,28.04,7.86,5.91,21549.3,2216.07,1.9,,0.067,1.876,,,2026-09-10 00:46:40
浙江省,浙闽片河流,金清新闸,2026-09-10 00:00,6,27.23,7.16,1.57,766.748,53.389,3.99,0.064,0.204,2.8508,,,2026-09-10 00:46:40
浙江省,浙闽片河流,里石门水库,2026-09-10 00:00,2,27.51,,13.54,61.457,2.244,2.8,0.008,0.016,0.4247,0.01036,2174950,2026-09-10 00:46:40
浙江省,浙闽片河流,温峤,2026-09-10 00:00,3,27.694,7.4,8.24,262.139,23.434,2.42,0.097,0.119,2.162,,,2026-09-10 00:46:40
浙江省,浙闽片河流,沙段,2026-09-10 00:00,2,27,7.14,7.54,100.65,10.51,2.63,0.066,0.05,1.3876,,,2026-09-10 00:46:40
浙江省,浙闽片河流,柏枝岙,2026-09-10 00:00,2,26.732,6.91,7.83,86.899,7.144,0.76,0.007,0.033,1.269,,,2026-09-10 00:46:40
浙江省,浙闽片河流,沙湾上,2026-09-10 00:00,1,21.71,7.33,8.69,,5.225,1.22,0.116,0.008,0.2227,,,2026-09-10 00:46:40
浙江省,浙闽片河流,小溪口,2026-09-10 00:00,3,24.12,6.74,5.93,31.184,12.908,1.37,,0.01,0.5357,,,2026-09-10 00:46:40
安徽省,巢湖流域,兆河入湖口渡口,2026-09-10 00:00,4,27.9,8.89,8.83,310.836,45.0058,6.06,,0.054,0.8544,,,2026-09-10 00:46:40
安徽省,巢湖流域,牛角大圩,2026-09-10 00:00,4,27.68,7.45,3.86,280.4,73.6706,4.74,,0.127,2.357,,,2026-09-10 00:46:40
安徽省,巢湖流域,希望桥,2026-09-10 00:00,3,26.5,7.32,5.12,518.4,31.3,3.79,0.305,0.105,6.032,,,2026-09-10 00:46:40
安徽省,巢湖流域,湖滨,2026-09-10 00:00,4,25.85,,9.44,268.89,23.73,4.62,0.005,0.08,1.048,0.0058,7569440,2026-09-10 00:46:40
安徽省,巢湖流域,黄麓,2026-09-10 00:00,4,27.85,,7.68,282.38,26.185,5.31,,0.072,0.356,0.00899,6395429,2026-09-10 00:46:40
安徽省,巢湖流域,三河镇新大桥,2026-09-10 00:00,2,27.26,7.94,8.95,90.33,12.68,3.43,0.073,0.051,1.15,,,2026-09-10 00:46:40
安徽省,巢湖流域,靠近大坝,2026-09-10 00:00,3,26.73,7.68,5.73,158.11,8,3.85,0.065,0.027,0.381,0.01288,7914194,2026-09-10 00:46:40
安徽省,巢湖流域,新河入湖区,2026-09-10 00:00,5,25.92,,7.27,302.7,103.99,6.67,,0.144,0.721,0.00531,1.05276,2026-09-10 00:46:40
安徽省,巢湖流域,西半湖湖心,2026-09-10 00:00,4,25.66,,8.78,289.77,28.12,5.24,,0.086,0.69,0.01386,1.014505,2026-09-10 00:46:40
安徽省,巢湖流域,龟山,2026-09-10 00:00,4,25.94,8.86,8.62,326.99,26.36,4.76,,0.061,0.601,0.01537,1.298209,2026-09-10 00:46:40
安徽省,巢湖流域,东半湖湖心,2026-09-10 00:00,5,26.073,,8.02,248.513,50.384,5.82,,0.101,0.821,0.00546,1.340839,2026-09-10 00:46:40
安徽省,巢湖流域,忠庙,2026-09-10 00:00,4,23.86,,8.05,266.55,61.04,5.88,0.01,0.09,0.804,0.02279,1.123305,2026-09-10 00:46:40
安徽省,巢湖流域,兆河入湖区,2026-09-10 00:00,4,25.99,8.94,7.88,301.63,61.72,6.28,,0.1,0.308,0.00749,1.393334,2026-09-10 00:46:40
安徽省,长江流域,西河入裕溪河口,2026-09-10 00:00,2,27.92,7.58,6.73,327.9068,53.5138,3.82,0.144,0.094,0.9305,,,2026-09-10 00:46:40
安徽省,淮河流域,焦岗湖,2026-09-10 00:00,3,25.5,8.06,6.07,678.27,1016.36,4.57,,0.041,0.673,0.00663,2.48026,2026-09-10 00:46:40
安徽省,淮河流域,小王桥,2026-09-10 00:00,3,27.24,7.78,5.16,1517.12,15.12,5.45,0.052,0.076,1.29,,,2026-09-10 00:46:40
安徽省,长江流域,太平湖湖心,2026-09-10 00:00,2,27.64,8.22,7.7,98.95,2.21,2.07,,0.01,0.447,0.00227,5977250,2026-09-10 00:46:40
安徽省,淮河流域,公路桥,2026-09-10 00:00,3,26.6,7.5,6.36,378.7063,32.4628,5.34,0.175,0.102,0.921,,,2026-09-10 00:46:40
安徽省,淮河流域,奎河苏皖省界,2026-09-10 00:00,4,26.1,7.7,7.44,1279.6,29.2,6.24,0.051,0.138,5.308,,,2026-09-10 00:46:40
安徽省,长江流域,南漪湖西湖湖心,2026-09-10 00:00,4,27.59,8.84,7.68,168.99,32.15,4.26,0.006,0.052,0.833,0.01363,3788408,2026-09-10 00:46:40
安徽省,长江流域,泾南交界,2026-09-10 00:00,2,25.07,7.73,7.27,174.4847,4.3067,1.57,0.005,0.026,0.7827,,,2026-09-10 00:46:40
福建省,浙闽片河流,永泰横龙,2026-09-10 00:00,2,26.036,7.48,8.57,38.287,35.531,0.8,0.032,0.045,0.707,,,2026-09-10 00:46:40
福建省,浙闽片河流,闽清雄江,2026-09-10 00:00,6,29.52,9.11,10,110.426,5.03,2.32,0.012,0.03,1.104,,,2026-09-10 00:46:40
福建省,浙闽片河流,隘头潭,2026-09-10 00:00,3,26.32,6.24,5.64,155.756,1.94,0.35,0.014,0.012,0.7889,,,2026-09-10 00:46:40
福建省,浙闽片河流,尤溪拥口大桥,2026-09-10 00:00,2,24.84,7.06,7.02,82.465,100.832,1.52,0.136,0.066,1.4875,,,2026-09-10 00:46:40
福建省,浙闽片河流,永春东关桥,2026-09-10 00:00,2,24.09,6.2,6.97,79.40724,77.69341,1.33,0.147,0.056,2.546,,,2026-09-10 00:46:40
福建省,浙闽片河流,安溪罗内桥,2026-09-10 00:00,2,25.018,7.24,8.05,67.75,44.36,0.95,0.136,0.037,3.672,,,2026-09-10 00:46:40
福建省,浙闽片河流,南安霞东桥,2026-09-10 00:00,2,26.59,7.08,7.23,103.947,46.122,0.49,0.214,0.082,2.0057,,,2026-09-10 00:46:40
福建省,浙闽片河流,华安西陂,2026-09-10 00:00,2,24.34001,7.19,9.32,134.1548,36.93005,1.24,0.012,0.038,1.144,,,2026-09-10 00:46:40
福建省,浙闽片河流,南靖靖城桥,2026-09-10 00:00,2,25.64,6.51,7.69,135.9,53.05,0.95,0.091,0.042,7.023,,,2026-09-10 00:46:40
福建省,浙闽片河流,南靖洪濑汤坑桥,2026-09-10 00:00,2,25.502,6.32,7.78,198.9,18.033,0.72,0.046,0.057,14.187,,,2026-09-10 00:46:40
福建省,浙闽片河流,浦南水文站,2026-09-10 00:00,2,25.14185,7,8.08,110.2,65.11,2.87,0.182,0.054,1.513,,,2026-09-10 00:46:40
福建省,浙闽片河流,南溪浮宫桥,2026-09-10 00:00,3,26.6,7.03,6.42,3943.142,42.995,2.17,0.212,0.164,3.7469,,,2026-09-10 00:46:40
福建省,浙闽片河流,上坂,2026-09-10 00:00,3,26.74,6.49,6.57,138.458,48.371,0.57,0.176,0.188,3.8203,,,2026-09-10 00:46:40
福建省,浙闽片河流,云霄高塘渡口,2026-09-10 00:00,3,26.76,6.65,6.58,110.057,22.497,0.55,0.252,0.14,4.6986,,,2026-09-10 00:46:40
福建省,浙闽片河流,水汾桥,2026-09-10 00:00,2,26.51,6.8,7.05,127.32,15.7,1.47,0.048,0.047,1.334,,,2026-09-10 00:46:40
福建省,浙闽片河流,建瓯蓬墩,2026-09-10 00:00,2,28.618,6.86,6.76,54.84,7.76,1.42,0.174,0.043,1.047,,,2026-09-10 00:46:40
福建省,浙闽片河流,将乐樟应,2026-09-10 00:00,3,27.66409,6.86,5.87,62.031,4.96503,1.74,0.017,0.024,0.794,,,2026-09-10 00:46:40
福建省,浙闽片河流,建阳坪州大桥,2026-09-10 00:00,2,27.81,7.34,9.1,110.34,6.616,1.76,0.016,0.047,1.123,,,2026-09-10 00:46:40
福建省,浙闽片河流,雁石桥,2026-09-10 00:00,2,24.95,7.66,9.39,259.439,29.813,0.64,0.048,0.064,1.101,,,2026-09-10 00:46:40
福建省,珠江流域,长汀美西桥,2026-09-10 00:00,2,25.19,6.91,7.44,85.231,13.524,1.49,0.124,0.1,0.0098,,,2026-09-10 00:46:40
江西省,长江流域,大港,2026-09-10 00:00,2,26.03,7.28,7.66,118.25,92.61,2.14,0.073,0.088,1.577,,,2026-09-10 00:46:40
江西省,长江流域,八一桥,2026-09-10 00:00,3,26.78,7.28,6.93,107.837,60.929,0.78,0.113,0.104,0.7948,,,2026-09-10 00:46:40
江西省,长江流域,焦石坝,2026-09-10 00:00,2,26.45,7.66,9.39,87.27,23.5,2.53,0.087,0.059,1.3155,,,2026-09-10 00:46:40
江西省,长江流域,戴村,2026-09-10 00:00,2,29.492,7.34,6.74,480.076,15.25,2.25,0.257,0.026,1.11,,,2026-09-10 00:46:40
江西省,长江流域,龙山口,2026-09-10 00:00,4,25.29,8.18,7.76,229.642,8.421,8.24,0.035,0.038,0.7778,,,2026-09-10 00:46:40
江西省,长江流域,桐车湾,2026-09-10 00:00,2,26.42,8,7.41,311.799,8.242,1.54,0.086,0.087,1.5876,,,2026-09-10 00:46:40
江西省,长江流域,金鱼石,2026-09-10 00:00,2,26.84,7.68,7.1,279.06,6.52,1.74,0.023,0.075,1.855,,,2026-09-10 00:46:40
江西省,长江流域,吴城修河,2026-09-10 00:00,1,26.839,7.38,8.16,105.9,28.91,1.79,0.003,0.019,0.9739,,,2026-09-10 00:46:40
江西省,长江流域,潦河河口,2026-09-10 00:00,2,27.49,7.27,7.81,112.21,9.908,1.96,,0.046,0.9549,,,2026-09-10 00:46:40
江西省,长江流域,柘林湖坝上,2026-09-10 00:00,2,27.788,7.66,7.74,100.64,0.967,2.07,,0.009,0.52,,,2026-09-10 00:46:40
江西省,长江流域,共青城寨下,2026-09-10 00:00,2,27.1,8.09,10.44,382,18.6,3.5,0.003,0.045,1.404,,,2026-09-10 00:46:40
江西省,长江流域,罗坊,2026-09-10 00:00,2,27.08,7.73,7.63,213.174,26.268,3.27,0.049,0.094,1.2536,,,2026-09-10 00:46:40
江西省,长江流域,孔目江江口,2026-09-10 00:00,3,28.6,8.24,8.1,326.958,30.955,4.43,0.015,0.1,1.2239,,,2026-09-10 00:46:40
江西省,长江流域,浮桥,2026-09-10 00:00,2,26.46,7.64,6.98,182.907,9.855,3.12,0.117,0.096,1.2952,,,2026-09-10 00:46:40
江西省,长江流域,傣家村,2026-09-10 00:00,3,26.48,7.84,6.22,184.437,6.988,3.83,0.077,0.042,0.9728,0.01604,1.605087,2026-09-10 00:46:40
江西省,长江流域,白塔河河口,2026-09-10 00:00,2,27.53,6.8,6.14,75.125,4.834,1.81,0.076,0.044,0.6308,,,2026-09-10 00:46:40
江西省,长江流域,土桥,2026-09-10 00:00,2,28.03,7.35,7.02,121.827,5.022,2.53,0.039,0.058,1.0516,,,2026-09-10 00:46:40
江西省,长江流域,流口村,2026-09-10 00:00,2,29.02,6.99,7.08,111.9464,9.135409,1.9,,0.061,1.114241,,,2026-09-10 00:46:40
江西省,长江流域,市自来水厂,2026-09-10 00:00,2,26.33,7.13,7.78,96.342,15.631,0.83,0.152,0.063,0.8034,,,2026-09-10 00:46:40
江西省,长江流域,新庙前,2026-09-10 00:00,2,27.01,7.03,6.53,100.674,37.072,1.81,0.139,0.055,1.4971,,,2026-09-10 00:46:40
江西省,长江流域,峡山,2026-09-10 00:00,3,27.42,7.2,7.02,90.413,11.706,2.14,,0.139,0.9393,,,2026-09-10 00:46:40
江西省,长江流域,梅江江口,2026-09-10 00:00,3,28.74,7.25,6.62,89.091,14.47,2.06,0.146,0.102,1.0408,,,2026-09-10 00:46:40
江西省,长江流域,平江江口,2026-09-10 00:00,2,27.55,7.32,6.83,110.127,35.645,1.85,0.221,0.069,0.7343,,,2026-09-10 00:46:40
江西省,长江流域,上犹江江口,2026-09-10 00:00,2,26.48,6.99,7.54,74.647,17.454,1.71,0.153,0.036,0.5075,,,2026-09-10 00:46:40
江西省,长江流域,龙南自来水厂,2026-09-10 00:00,2,26.21,7.37,7.73,73.108,10.181,1.21,0.113,0.042,0.8431,,,2026-09-10 00:46:40
江西省,长江流域,桃江江口,2026-09-10 00:00,2,26.36,7,6.3,114.425,22.878,1.52,0.148,0.088,1.5386,,,2026-09-10 00:46:40
江西省,长江流域,金滩,2026-09-10 00:00,2,26.65,7.08,6.85,88.805,38.796,1.87,0.048,0.079,0.7644,,,2026-09-10 00:46:40
江西省,长江流域,孤江江口,2026-09-10 00:00,2,26.98,7.18,7.25,56.324,10.925,2.1,0.047,0.061,0.6698,,,2026-09-10 00:46:40
江西省,长江流域,禾水河口,2026-09-10 00:00,2,27.23,7.24,6.63,108.545,21.626,2.03,0.243,0.059,0.7466,,,2026-09-10 00:46:40
江西省,长江流域,遂川江江口,2026-09-10 00:00,4,25.25,7.23,7.76,66.803,139.989,1.02,0.118,0.28,1.3627,,,2026-09-10 00:46:40
江西省,长江流域,乌江江口,2026-09-10 00:00,2,27.93,7.34,6.42,119.727,16.758,1.52,0.169,0.069,0.902,,,2026-09-10 00:46:40
江西省,长江流域,修河港口,2026-09-10 00:00,1,25.44,7.13,8.43,41.83,2.61,0.38,0.012,0.006,0.542,,,2026-09-10 00:46:40
江西省,长江流域,超坊,2026-09-10 00:00,2,27.08,7.69,7.64,85.6,22.871,2.13,0.253,0.083,1.0079,,,2026-09-10 00:46:40
江西省,长江流域,钟岭水厂,2026-09-10 00:00,2,27.53,7.45,7.62,81.09,18.89,2.95,,0.071,1.2124,,,2026-09-10 00:46:40
江西省,长江流域,临水河口,2026-09-10 00:00,2,25.91,6.8,7.75,77.58,11.37,2.1,0.084,0.075,1.236,,,2026-09-10 00:46:40
江西省,长江流域,瑞洪大桥,2026-09-10 00:00,4,30.26,6.87,4.79,126.87,21.53,2.58,,0.049,0.96,,,2026-09-10 00:46:40
山东省,淮河流域,贾庄闸,2026-09-10 00:00,3,25.15,7.62,6.4,1183.27,11.234,3.95,0.006,0.113,5.063,,,2026-09-10 00:46:40
山东省,淮河流域,峡山水库库中,2026-09-10 00:00,4,25.02,8.48,7.04,750.31,191.89,8.6,0.002,0.034,0.27,0.01811,1.166923,2026-09-10 00:46:40
山东省,淮河流域,高河桥,2026-09-10 00:00,4,26.786,7.9,3.26,1420.47,40.528,5.38,0.093,0.113,2.102,,,2026-09-10 00:46:40
山东省,淮河流域,鲁桥,2026-09-10 00:00,3,26.517,7.93,5.16,1500.68,27.286,5.41,0.087,0.073,0.832,,,2026-09-10 00:46:40
山东省,淮河流域,牛庄闸,2026-09-10 00:00,2,26.016,7.84,7.62,919.853,16.092,3.53,0.033,0.003,1.498,,,2026-09-10 00:46:40
山东省,淮河流域,湘子庙,2026-09-10 00:00,6,25.81,8.06,0.53,1615.19,96.409,5.75,0.029,0.307,3.42932,,,2026-09-10 00:46:40
山东省,黄河流域,徐家汶,2026-09-10 00:00,2,21.80036,7.65,6.43,1368.16,1.3725,1.59,0.118,0.059,37.53155,,,2026-09-10 00:46:40
山东省,淮河流域,大古镇,2026-09-10 00:00,3,22.74,7.57,9.57,809.86,28.09,5.16,0.022,0.109,4.127,,,2026-09-10 00:46:40
山东省,淮河流域,临沂北大桥,2026-09-10 00:00,4,23.62,8.78,8.35,437.58,22.597,8.05,0.016,0.088,2.326,,,2026-09-10 00:46:40
山东省,淮河流域,捷庄,2026-09-10 00:00,4,26,7.65,9.4,633.483,22.554,9.62,0.059,0.122,1.292,,,2026-09-10 00:46:40
山东省,淮河流域,临沭大兴桥,2026-09-10 00:00,3,24.857,7.34,7.34,636.72,10.125,5.49,0.041,0.103,0.88,,,2026-09-10 00:46:40
山东省,淮河流域,310公路桥,2026-09-10 00:00,6,23.53,7.28,1.7,848.61,4.98,3.22,0.051,0.1,0.217,,,2026-09-10 00:46:40
山东省,淮河流域,云蒙湖湖心,2026-09-10 00:00,3,22.14,8.36,7.66,417.7,1.57,4.21,0.133,0.023,2.892,0.01582,5232970,2026-09-10 00:46:40
山东省,海河流域,北湖,2026-09-10 00:00,2,25.88,8.77,8.82,918.86,20.8,2.73,0.037,0.015,1.488,0.01226,6210118,2026-09-10 00:46:40
山东省,淮河流域,于楼,2026-09-10 00:00,3,24.654,8.28,5.16,1875.49,62.185,5.68,0.334,0.172,1.33,,,2026-09-10 00:46:40
山东省,淮河流域,徐寨,2026-09-10 00:00,3,25.087,8.34,6.38,1715.04,43.554,5.24,0.051,0.165,1.922,,,2026-09-10 00:46:40
河南省,黄河流域,七里铺,2026-09-10 00:00,3,24.7219,8,7.53,599.561,20.7757,2.93,0.108,0.134,4.136,,,2026-09-10 00:46:40
河南省,淮河流域,新郑黄甫寨,2026-09-10 00:00,2,25.11,7.65,6.22,948.19,22.43,3.26,0.252,0.05,3.4853,,,2026-09-10 00:46:40
河南省,淮河流域,中牟陈桥,2026-09-10 00:00,3,22.92,8.04,8.07,808.8,39.88,5.22,0.155,0.115,4.8289,,,2026-09-10 00:46:40
河南省,黄河流域,高崖寨,2026-09-10 00:00,2,22.12,8.01,7.07,462.24,8.93,2.69,0.266,0.056,2.623,,,2026-09-10 00:46:40
河南省,黄河流域,白马寺,2026-09-10 00:00,4,23.57,7.61,6.07,616.1,28.5,2.76,0.22,0.238,4.568,,,2026-09-10 00:46:40
河南省,海河流域,彰武水库,2026-09-10 00:00,2,23.706,8.04,8.3,591.2,4.05,2.28,,0.016,2.9518,,,2026-09-10 00:46:40
河南省,海河流域,五陵,2026-09-10 00:00,3,22.13,7.93,7.08,1268.9,89.7,2.94,0.128,0.179,7.528,,,2026-09-10 00:46:40
河南省,海河流域,前枋城,2026-09-10 00:00,1,20.56,7.95,7.88,554.88,7.768,1.3,0.013,,5.2262,,,2026-09-10 00:46:40
河南省,海河流域,获嘉东碑村,2026-09-10 00:00,3,21.51,7.91,7.02,1642.46,111.34,5.8,0.277,0.19,4.599,,,2026-09-10 00:46:40
河南省,黄河流域,封丘陶北,2026-09-10 00:00,4,21.44,8.07,7.33,1055.72,75.17,6.16,0.169,0.25,3.143,,,2026-09-10 00:46:40
河南省,黄河流域,封丘王堤,2026-09-10 00:00,2,19.738,7.63,6.87,871.64,54.99,3.28,0.21,0.096,2.9388,,,2026-09-10 00:46:40
河南省,海河流域,新乡贾太湖,2026-09-10 00:00,3,21.89,8.26,8.15,680.131,653.007,3.06,0.036,0.118,3.3838,,,2026-09-10 00:46:40
河南省,黄河流域,武陟渠首,2026-09-10 00:00,2,22.06,8.06,8.82,863.77,35.11,1.27,0.029,0.052,4.352,,,2026-09-10 00:46:40
河南省,海河流域,南乐元村集,2026-09-10 00:00,3,22.14,7.84,8.62,1363.3,119.51,2.72,0.222,0.196,7.001,,,2026-09-10 00:46:40
河南省,黄河流域,濮阳大韩桥,2026-09-10 00:00,4,22.72,7.43,3.7,809.49,58.71,3.53,0.087,0.116,1.083,,,2026-09-10 00:46:40
河南省,淮河流域,白沙水库,2026-09-10 00:00,3,25.3602,8.2,6.79,708.957,7.3575,4.17,0.021,0.021,3.4806,,,2026-09-10 00:46:40
河南省,淮河流域,叶舞公路桥,2026-09-10 00:00,2,23.589,7.44,6.83,309.61,22.929,3.85,0.028,0.088,2.441,,,2026-09-10 00:46:40
河南省,黄河流域,洛河大桥,2026-09-10 00:00,2,21.21,8.32,8.19,464.416,15.909,0.98,0.178,0.027,1.7387,,,2026-09-10 00:46:40
河南省,长江流域,淅川荆紫关,2026-09-10 00:00,2,23.54806,7.94,6.18,352.6474,0.638847,1.62,0.008,0.013,1.21,,,2026-09-10 00:46:40
河南省,长江流域,淅川史家湾,2026-09-10 00:00,2,25.02,7.97,6.53,383.979,9.596,1.77,0.024,0.017,1.3876,0.0016,,2026-09-10 00:46:40
河南省,长江流域,淅川高湾,2026-09-10 00:00,2,24.55,8.01,8.44,391.962,14.362,1.64,0.063,0.026,1.4207,0.0038,,2026-09-10 00:46:40
河南省,长江流域,淅川张营,2026-09-10 00:00,4,27.9,7.88,4.45,319.797,5.952,3.71,0.139,0.026,1.5466,0.00339655,,2026-09-10 00:46:40
河南省,长江流域,陶岔,2026-09-10 00:00,2,26.73,8.24,6.11,253.895,4.901,1.46,0.017,0.014,0.8412,0.0022,754246,2026-09-10 00:46:40
河南省,淮河流域,吕楼桥,2026-09-10 00:00,4,21.89,7.78,4.43,1544.072,38.258,3.21,0.122,0.072,0.5148,,,2026-09-10 00:46:40
河南省,淮河流域,黄口,2026-09-10 00:00,4,26.81,7.73,4.17,1635.771,9.844,4.88,0.566,0.085,4.4585,,,2026-09-10 00:46:40
河南省,淮河流域,老沈丘泉河桥,2026-09-10 00:00,4,27.32,7.72,4.49,1105.406,31.009,3.89,0.089,0.149,2.6736,,,2026-09-10 00:46:40
河南省,淮河流域,刘寨村后,2026-09-10 00:00,4,26.47,7.9,5.44,1319,38.14,6.07,0.051,0.097,2.1258,,,2026-09-10 00:46:40
河南省,淮河流域,鹿邑付桥,2026-09-10 00:00,4,26.8,7.66,3.72,604.653,23.38,4.56,0.17,0.093,2.4009,,,2026-09-10 00:46:40
河南省,黄河流域,小浪底水库,2026-09-10 00:00,2,27.68,8.08,6.01,941.222,9.29,1.87,0.06,0.028,3.033,,,2026-09-10 00:46:40
湖北省,长江流域,牛山湖湖心,2026-09-10 00:00,3,26.02,8.12,7.94,191.603,24.35,,,0.031,,0.00506,2.274434,2026-09-10 00:46:40
湖北省,长江流域,西梁子湖湖北,2026-09-10 00:00,3,26.3686,7.94,7.14,192.86,44.056,4.37,,0.046,0.698,0.00342,1.566439,2026-09-10 00:46:40
湖北省,长江流域,杨泗港,2026-09-10 00:00,2,26.7,7.66,7.68,248.686,89.13,0.89,,0.063,2.615,,,2026-09-10 00:46:40
湖北省,长江流域,龙口,2026-09-10 00:00,4,26.14,8.33,6.45,210.23,19.98,6.23,0.064,0.049,0.852,,,2026-09-10 00:46:40
湖北省,长江流域,金水闸,2026-09-10 00:00,5,26.38,7.05,2.17,298.81,35.66,6.28,0.197,0.062,1.129,,,2026-09-10 00:46:40
湖北省,长江流域,港洲村,2026-09-10 00:00,3,26.97,7.55,6.18,452.2,33.655,5.93,0.135,0.185,0.01,,,2026-09-10 00:46:40
湖北省,长江流域,白浒山,2026-09-10 00:00,3,26.23,7.75,6.93,280.0211,57.33953,1.84,0.021,0.102,1.495974,,,2026-09-10 00:46:40
湖北省,长江流域,挖沟泵站,2026-09-10 00:00,3,27.52387,7.28,5.67,1506.405,34.73425,4.7,0.028,0.123,2.052041,,,2026-09-10 00:46:40
湖北省,长江流域,富池闸,2026-09-10 00:00,2,27.63,7.46,7.11,218.4411,14.56639,2.04,0.015,0.047,1.059186,,,2026-09-10 00:46:40
湖北省,长江流域,丹江口水库坝上中,2026-09-10 00:00,3,27.75,8.02,5.96,240.583,2.432128,1.59,0.079,0.006,0.8268,0.0031511,3009000,2026-09-10 00:46:40
湖北省,长江流域,潘口水库坝上,2026-09-10 00:00,2,26.22,8.68,8.21,181.5,9.1,2.68,,0.012,0.44,,,2026-09-10 00:46:40
湖北省,长江流域,玉皇滩,2026-09-10 00:00,2,24.862,8.13,7.26,361.5,6.29,1.52,0.027,0.009,1.12,,,2026-09-10 00:46:40
湖北省,长江流域,隔河岩水库坝上,2026-09-10 00:00,1,20.27,8.32,7.6,236.8,2.31,1.26,0.004,0.009,1.809,0.04259,2254953,2026-09-10 00:46:40
湖北省,长江流域,长沙坝,2026-09-10 00:00,2,27.727,8.34,8.07,466.577,7.504,2.05,0.026,0.023,1.913,,,2026-09-10 00:46:40
湖北省,长江流域,清江大桥,2026-09-10 00:00,3,21.17,7.47,5.75,325.216,5.772,0.96,,0.012,2.663,,,2026-09-10 00:46:40
湖北省,长江流域,南津关,2026-09-10 00:00,2,27.2,7.8,6.96,427.716,4.657583,1.5,0.004,0.044,2.1705,0.0192521,,2026-09-10 00:46:40
湖北省,长江流域,马渡河,2026-09-10 00:00,2,20.79,7.48,6.6,365.91,3.1,2.57,0.006,0.01,2.385,,,2026-09-10 00:46:40
湖北省,长江流域,铁路大桥,2026-09-10 00:00,2,23.74,7.83,6.73,519.4,18.6,,,,,,,2026-09-10 00:46:40
湖北省,长江流域,两河口,2026-09-10 00:00,2,24.42,7.83,7.39,600.949,18.2437,2.89,,0.049,3.5209,,,2026-09-10 00:46:40
湖北省,长江流域,桅杆坪,2026-09-10 00:00,3,18.98,7.44,5.46,282.41,0.87,1.24,0.002,0.026,2.866,,,2026-09-10 00:46:40
湖北省,长江流域,白石港,2026-09-10 00:00,2,25.15,8.16,7.28,319.315,2.798,,,,,,,2026-09-10 00:46:40
湖北省,长江流域,翟湾,2026-09-10 00:00,2,22.78,7.72,6.24,470.313,39.5768,3.18,0.076,0.092,1.741,,,2026-09-10 00:46:40
湖北省,长江流域,沈湾,2026-09-10 00:00,3,17.3,7.65,5.91,327.9,6.69,2.06,0.029,0.014,1.37,,,2026-09-10 00:46:40
湖北省,长江流域,东梁子湖湖心,2026-09-10 00:00,3,26.22,7.66,7.04,189.945,33.876,4.05,,0.05,0.886,,,2026-09-10 00:46:40
湖北省,长江流域,梁子湖七星站,2026-09-10 00:00,2,24.87,6.78,8.56,,0.4985907,1.02,0.119,0.019,1.46685,0.03030928,,2026-09-10 00:46:40
湖北省,长江流域,漳河水库库心,2026-09-10 00:00,1,25.83,8.36,8.46,320.1828,1.6944,1.56,,0.001,0.423,0.00023,1.1726,2026-09-10 00:46:40
湖北省,长江流域,转斗,2026-09-10 00:00,2,24.61,8.36,8.4,387.584,8.7962,2.96,0.009,0.029,1.38,,,2026-09-10 00:46:40
湖北省,长江流域,罗汉闸,2026-09-10 00:00,3,25.52,8.12,8.85,359.7,60.49,3.75,0.045,0.156,1.5393,,,2026-09-10 00:46:40
湖北省,长江流域,京山河邓李港,2026-09-10 00:00,2,26.38,7.55,7.75,479.0513,19.852,2.95,,0.097,1.586,,,2026-09-10 00:46:40
湖北省,长江流域,马良龚家湾,2026-09-10 00:00,3,25.632,7.37,6.94,1845.95,76.8288,4.65,0.424,0.19,4.3352,,,2026-09-10 00:46:40
湖北省,长江流域,应城公路桥,2026-09-10 00:00,2,23.69,8.12,8.25,613.9,18.8341,2.36,0.024,0.027,0.249,,,2026-09-10 00:46:40
湖北省,长江流域,田店泵站,2026-09-10 00:00,2,25.57,8.11,7.54,507.93,39.237,2.07,,0.03,0.43444,,,2026-09-10 00:46:40
湖北省,长江流域,新沟闸,2026-09-10 00:00,2,26.7,7.82,6.11,403.26,15.28,3.02,,0.075,1.026,,,2026-09-10 00:46:40
湖北省,长江流域,小河,2026-09-10 00:00,2,27.2,8.53,10.12,365.72,25.11,3.14,0.007,0.039,1.562,,,2026-09-10 00:46:40
湖北省,长江流域,孝昌王店,2026-09-10 00:00,3,24.92,6.46,7.06,355.16,11.7506,4.01,0.045,0.057,0.9231,,,2026-09-10 00:46:40
湖北省,长江流域,孝感河口大桥,2026-09-10 00:00,3,26.71,7.71,5.96,282.579,18.489,4.44,0.032,0.065,1.3465,,,2026-09-10 00:46:40
湖北省,长江流域,大悟河口,2026-09-10 00:00,2,22.51,7.8,8.36,249.5,7.54,2.83,,0.028,0.2998,,,2026-09-10 00:46:40
湖北省,长江流域,安陆桑树,2026-09-10 00:00,2,25.87,7.71,6.33,475.79,20.3394,3.45,0.041,0.034,0.46331,,,2026-09-10 00:46:40
湖北省,长江流域,隔蒲桥,2026-09-10 00:00,4,25.76,7.21,4.94,376.37,12.831,5.24,0.154,0.058,1.6159,,,2026-09-10 00:46:40
湖北省,长江流域,汉川新堰,2026-09-10 00:00,4,26.72,7.37,4.33,437.58,38.692,3.24,0.09,0.136,1.91,,,2026-09-10 00:46:40
湖北省,长江流域,杨柴湖,2026-09-10 00:00,6,24.1,6.76,1.68,344.7,13.2,3.88,0.012,0.086,0.365,0.00144,756221.6,2026-09-10 00:46:40
湖北省,长江流域,排水闸,2026-09-10 00:00,4,25.65,7.62,6.82,389.185,67.9329,2.85,,0.066,1.512,0.00147,3.197718,2026-09-10 00:46:40
湖北省,长江流域,洪湖湖心,2026-09-10 00:00,4,24.9,8.1,7.57,359.591,277.766,5.08,0.141,0.078,2.152,0.0035,144968,2026-09-10 00:46:40
湖北省,长江流域,观音寺,2026-09-10 00:00,-1,,,,,,,,,,,,2026-09-10 00:46:40
湖北省,长江流域,荆州河口,2026-09-10 00:00,2,26.21,7.53,6.22,528.3349,57.7662,3.14,0.064,0.044,2.3651,,,2026-09-10 00:46:40
湖北省,长江流域,康家岗,2026-09-10 00:00,2,26.31,8.19,10.21,377.566,27.4934,1.82,,0.021,1.3294,,,2026-09-10 00:46:40
湖北省,长江流域,淤泥湖,2026-09-10 00:00,2,27.7,8.68,9.12,406.2,27.1,2.55,0.018,0.067,1.598,,,2026-09-10 00:46:40
湖北省,长江流域,杨家垱,2026-09-10 00:00,2,25.85,8.72,10.11,398.16,35.68,2.23,0.018,0.057,1.594,,,2026-09-10 00:46:40
湖北省,长江流域,姚集,2026-09-10 00:00,2,27.4,7.71,6.27,457.2,12,2.16,0.057,0.047,1.486,,,2026-09-10 00:46:40
湖北省,长江流域,乌溪沟,2026-09-10 00:00,3,25.29728,7.61,5.38,339.128,8.560473,1.32,0.034,0.036,1.578889,,,2026-09-10 00:46:40
湖北省,长江流域,咸宁湖心,2026-09-10 00:00,4,27.31,7.93,5.66,220.192,106.381,6.03,0.169,0.074,0.966,0.01349,1.092056,2026-09-10 00:46:40
湖北省,长江流域,陆溪口,2026-09-10 00:00,3,27.88,7.31,5.82,225.69,7.86,3.38,0.192,0.063,1.143,,,2026-09-10 00:46:40
湖北省,长江流域,洪下水文站,2026-09-10 00:00,2,25.6,7.77,8.09,161.8,5.16,1.23,0.047,0.058,1.24,,,2026-09-10 00:46:40
湖北省,长江流域,平林,2026-09-10 00:00,3,26.5,8.08,6.85,313.517,6.247,4.32,0.004,0.062,0.775,,,2026-09-10 00:46:40
湖北省,长江流域,江口村,2026-09-10 00:00,1,26.95,8.49,9.04,189.88,6.386,0.83,,0.014,0.889,,,2026-09-10 00:46:40
湖北省,长江流域,恩施大沙坝,2026-09-10 00:00,3,24.79,7.57,6.59,359,9.3,2.61,0.878,0.154,4.056,,,2026-09-10 00:46:40
湖北省,长江流域,雪照河,2026-09-10 00:00,1,20.57,8.24,8.09,342.73,14.228,0.3,,0.02,2.274,,,2026-09-10 00:46:40
湖北省,长江流域,周家坝,2026-09-10 00:00,2,23.16,7.76,6.55,232.93,7.414,0.56,,0.005,2.078,,,2026-09-10 00:46:40
湖北省,长江流域,积玉口荷花村,2026-09-10 00:00,3,25.58,7.79,5.57,390.5858,40.3161,4.11,0.111,0.106,1.223,,,2026-09-10 00:46:40
湖北省,长江流域,拖市,2026-09-10 00:00,4,26.01,7.38,3.9,745.9,40.949,3.76,0.053,0.103,1.3481,,,2026-09-10 00:46:40
湖北省,长江流域,阳日湾,2026-09-10 00:00,2,19.509,7.93,8.39,355.191,9.002,0.72,0.06,0.058,1.1849,,,2026-09-10 00:46:40
湖南省,长江流域,昭山,2026-09-10 00:00,3,25.1,7.16,7.39,174,217.4,2.94,,0.121,1.449,,,2026-09-10 00:46:40
湖南省,长江流域,捞刀河口,2026-09-10 00:00,2,26.79,6.92,6.3,205.3,10.5297,2.86,0.082,0.075,1.767,,,2026-09-10 00:46:40
湖南省,长江流域,三角洲,2026-09-10 00:00,3,27.13,6.95,5.63,193.16,19.44,1.91,0.053,0.131,2.899,,,2026-09-10 00:46:40
湖南省,长江流域,胜利,2026-09-10 00:00,2,26.22,8.25,9.16,247.98,14.53,3.18,0.026,0.077,1.454,,,2026-09-10 00:46:40
湖南省,长江流域,西阳渡口,2026-09-10 00:00,2,25.32,7.89,9.19,315.69,4.248,2.48,,0.032,1.563,,,2026-09-10 00:46:40
湖南省,长江流域,洣水入湘江口,2026-09-10 00:00,2,25.739,7.34,6.5,94.27,17.22,2.09,0.06,0.068,1.187,,,2026-09-10 00:46:40
湖南省,长江流域,塘渡口,2026-09-10 00:00,2,23.62,7.81,8.31,169.0752,6.9063,0.97,0.029,0.031,1.843,,,2026-09-10 00:46:40
湖南省,长江流域,窑市,2026-09-10 00:00,2,24.31,7.37,8.17,44.3282,6.6466,1.03,0.02,0.022,0.448,,,2026-09-10 00:46:40
湖南省,长江流域,渡头村,2026-09-10 00:00,2,24.95,7.77,7.23,197.971,8.2638,1.6,0.055,0.066,1.257,,,2026-09-10 00:46:40
湖南省,长江流域,邵水入河口,2026-09-10 00:00,2,26.46,7.5,6.68,349.652,8.24,2.38,0.154,0.083,2.107,,,2026-09-10 00:46:40
湖南省,长江流域,绥宁河口镇,2026-09-10 00:00,2,23.4712,7.63,8.92,99.148,6.7438,0.75,0.009,0.025,0.8145,,,2026-09-10 00:46:40
湖南省,长江流域,岳阳楼,2026-09-10 00:00,3,26.05,7.7,7.36,192.1915,55.74001,1.86,0.002,0.044,1.2404,0.0013125,212799,2026-09-10 00:46:40
湖南省,长江流域,城陵矶,2026-09-10 00:00,2,25.56,7.54,7.04,213.768,53.31127,2.52,,0.046,1.0405,,,2026-09-10 00:46:40
湖南省,长江流域,南渡,2026-09-10 00:00,3,25.98,6.94,7.72,96.59,18.05,2.15,0.063,0.116,1.482,,,2026-09-10 00:46:40
湖南省,长江流域,坡头,2026-09-10 00:00,2,26.44,8.09,7.94,205.0759,26.71203,0.72,,0.034,1.6271,0.0008031,,2026-09-10 00:46:40
湖南省,长江流域,蒋家嘴,2026-09-10 00:00,3,22.47,7.69,6.34,198.9294,21.84,1.33,0.04,0.034,1.2629,0.00185,1.4922,2026-09-10 00:46:40
湖南省,长江流域,马坡湖,2026-09-10 00:00,2,27.68,8.53,9.12,411.688,23.1726,2.22,,0.055,1.38,,,2026-09-10 00:46:40
湖南省,长江流域,永定澄潭,2026-09-10 00:00,2,26.11,7.87,7.06,215.18,3.97,0.86,0.003,0.017,0.52,,,2026-09-10 00:46:40
湖南省,长江流域,万家嘴,2026-09-10 00:00,2,27.61,7.68,7.07,172.2173,17.45909,0.98,0.034,0.049,2.02,0.0020897,205171.1,2026-09-10 00:46:40
湖南省,长江流域,南嘴,2026-09-10 00:00,4,27.24,8.06,7.17,227.9564,85.08815,2.3,,0.058,1.3371,0.0335,876000.8,2026-09-10 00:46:40
湖南省,长江流域,小河嘴,2026-09-10 00:00,3,26.6,8.33,7.62,224.638,34.6501,1.54,,0.036,0.956,0.00756306,5.51478,2026-09-10 00:46:40
湖南省,长江流域,坪口,2026-09-10 00:00,2,26.1,8.74,13.99,206,20.242,1.85,0.022,0.03,1.613,,,2026-09-10 00:46:40
湖南省,长江流域,桃谷山,2026-09-10 00:00,2,26.21,7.85,7.08,213.832,22.8465,1.25,,0.048,1.17,,,2026-09-10 00:46:40
湖南省,长江流域,五强溪,2026-09-10 00:00,3,29.13,7.58,5.36,193.771,2.6466,0.95,,0.032,1.124,,,2026-09-10 00:46:40
湖南省,长江流域,地阳坪公路大桥,2026-09-10 00:00,2,26.26,7.02,6.94,92.4516,6.0552,1.47,,0.036,0.501,,,2026-09-10 00:46:40
湖南省,长江流域,舞水入河口,2026-09-10 00:00,2,28.2,7.93,6.84,322.2,1.828,1.51,0.014,0.062,1.614,,,2026-09-10 00:46:40
湖南省,长江流域,溪子口,2026-09-10 00:00,3,25.04,7.36,5.79,239.8,1.165,0.59,0.003,0.017,1.279,,,2026-09-10 00:46:40
湖南省,长江流域,球溪,2026-09-10 00:00,2,23.948,7.65,9.32,194.28,12.575,1.27,0.012,0.074,1.848,,,2026-09-10 00:46:40
湖南省,长江流域,街埠头,2026-09-10 00:00,2,27.8,7.71,7.41,347.328,5.638,3.1,,0.072,2.101,,,2026-09-10 00:46:40
湖南省,长江流域,浦市上游,2026-09-10 00:00,2,26.71,7.84,7.39,173.2,4.53,0.82,0.002,0.035,0.998,,,2026-09-10 00:46:40
湖南省,长江流域,武水汇合口,2026-09-10 00:00,2,27.54,7.76,7.54,180.39,5.3372,1.09,,0.028,0.9,,,2026-09-10 00:46:40
广东省,珠江流域,珠海大桥,2026-09-10 00:00,3,28.55,7.56,5.24,268.877,172.21,2.28,,0.09,2.271,,,2026-09-10 00:46:40
广东省,珠江流域,石角咀水闸,2026-09-10 00:00,4,30.46,7.35,3.96,406.637,149.781,3.01,0.123,0.175,2.855,,,2026-09-10 00:46:40
广东省,珠江流域,鸡啼门大桥,2026-09-10 00:00,3,29.05,7.59,5.56,357.3,180.8,2.51,,0.135,2.485,,,2026-09-10 00:46:40
广东省,珠江流域,布洲,2026-09-10 00:00,2,27.76,7.73,6.39,238.239,170.779,2.65,,0.085,3.226,,,2026-09-10 00:46:40
广东省,珠江流域,海门湾桥闸,2026-09-10 00:00,4,29.78,7.31,4.65,401.99,30.42,3.82,0.432,0.112,2.749,,,2026-09-10 00:46:40
广东省,珠江流域,苍山渡口,2026-09-10 00:00,4,29.6,7.5,4.47,3300.38,40.731,2.2,0.104,0.159,2.473,,,2026-09-10 00:46:40
广东省,珠江流域,渠首,2026-09-10 00:00,4,30.06,7.61,4.66,122.69,15.74,5.72,0.079,0.026,0.794,0.01717,5073448,2026-09-10 00:46:40
广东省,珠江流域,黄坡,2026-09-10 00:00,4,30.01,6.99,4.5,130.68,27.41,3.51,0.08,0.113,2.178,,,2026-09-10 00:46:40
广东省,珠江流域,运河管理局,2026-09-10 00:00,4,30.16,8.61,8.4,120.21,40.91,6.79,,0.019,0.838,,,2026-09-10 00:46:40
广东省,珠江流域,排里,2026-09-10 00:00,4,31.28,7.88,9.33,164.69,14.97,6.26,0.001,0.1,1.619,,,2026-09-10 00:46:40
广东省,珠江流域,南渡河桥,2026-09-10 00:00,4,31.09,6.64,4.89,183.4,29.52,5.07,0.808,0.077,3.602,,,2026-09-10 00:46:40
广东省,珠江流域,营仔,2026-09-10 00:00,4,30.56,7.51,7.82,178.27,15.68,6.15,0.024,0.072,1.649,,,2026-09-10 00:46:40
广东省,珠江流域,黄竹尾水闸,2026-09-10 00:00,4,30.08,6.93,3.88,131.13,23.47,3.68,0.047,0.1,2.002,,,2026-09-10 00:46:40
广东省,珠江流域,塘口,2026-09-10 00:00,2,29.81,8.13,10.15,120.49,4.4,2.52,0.035,0.081,1.994,,,2026-09-10 00:46:40
广东省,珠江流域,石骨水库,2026-09-10 00:00,2,30.81,,9.33,69.58,3.3865,2.49,0.018,0.022,0.449,,,2026-09-10 00:46:40
广东省,珠江流域,良德水库,2026-09-10 00:00,1,30.74,8.27,8.99,63.869,11.509,1.85,0.015,0.007,0.238,0.00676,2979460,2026-09-10 00:46:40
广东省,珠江流域,米急渡,2026-09-10 00:00,2,29.11,6.97,6.16,109.191,45.212,2.25,0.159,0.096,2.103,,,2026-09-10 00:46:40
广东省,珠江流域,五丰渡口,2026-09-10 00:00,2,25.68,6.7,7.5,67.2,210.9,3.13,0.176,0.066,4.2968,,,2026-09-10 00:46:40
广东省,珠江流域,新铺,2026-09-10 00:00,2,26.39,7.32,7.71,79.103,122.32,2.05,0.092,0.044,3.2496,,,2026-09-10 00:46:40
广东省,珠江流域,海丰西闸,2026-09-10 00:00,3,29.99,6.95,5.19,65,6.2,3.15,0.089,0.021,0.702,,,2026-09-10 00:46:40
广东省,珠江流域,东溪水闸,2026-09-10 00:00,3,30.67,6.84,5.78,179.335,20.448,4.99,0.256,0.058,1.169,,,2026-09-10 00:46:40
广东省,珠江流域,江城,2026-09-10 00:00,3,29.53,6.97,,112.617,13.292,2.85,0.056,0.13,1.694,,,2026-09-10 00:46:40
广东省,珠江流域,尖山,2026-09-10 00:00,4,29.39,6.57,3.75,171.69,36.83,4.56,0.255,0.177,2.236,,,2026-09-10 00:46:40
广东省,珠江流域,埠场,2026-09-10 00:00,3,29.5,6.78,6.05,207.469,27.88,3.05,0.061,0.113,1.7,,,2026-09-10 00:46:40
广东省,珠江流域,大泉,2026-09-10 00:00,4,30.57,6.65,3.85,4648.9,12.6,3.58,0.371,0.137,2.179,,,2026-09-10 00:46:40
广东省,珠江流域,樟村,2026-09-10 00:00,4,31.02,6.95,4.47,401.984,5.51,3.1,0.705,0.148,4.987,,,2026-09-10 00:46:40
广东省,珠江流域,旗岭,2026-09-10 00:00,4,30.11,7.04,3.79,398.09,26.57,2.1,0.303,0.186,5.365,,,2026-09-10 00:46:40
广东省,珠江流域,中山港码头,2026-09-10 00:00,3,28.78,7.58,5.89,237.32,146.475,1.64,0.206,0.111,3.004,,,2026-09-10 00:46:40
广东省,珠江流域,赤凤,2026-09-10 00:00,3,26.84,6.92,7.61,85.6,109.99,1.73,,0.128,1.579,,,2026-09-10 00:46:40
广东省,珠江流域,龟山塔,2026-09-10 00:00,2,29.03,7.13,7.2,74.962,11.069,1.14,0.162,0.079,1.4387,,,2026-09-10 00:46:40
广东省,珠江流域,古封,2026-09-10 00:00,2,28.29,7.69,6.31,264.8,81.42,1.65,0.063,0.046,2.848,,,2026-09-10 00:46:40
广西壮族自治区,珠江流域,老口,2026-09-10 00:00,2,27.86332,7.74,7.87,297.3279,39.17065,1.08,,0.035,3.302633,,,2026-09-10 00:46:40
广西壮族自治区,珠江流域,叮当,2026-09-10 00:00,2,28.43,7.54,7.82,302.601,14.645,1.39,0.018,0.07,3.9429,,,2026-09-10 00:46:40
广西壮族自治区,珠江流域,六景,2026-09-10 00:00,2,27.99,7.73,6.22,301.78,40.02,1.74,,0.04,2.829,,,2026-09-10 00:46:40
广西壮族自治区,珠江流域,白马,2026-09-10 00:00,2,27.4,7.91,6.84,387.32,7.94,1.09,,0.036,2.59,,,2026-09-10 00:46:40
广西壮族自治区,珠江流域,东边埇,2026-09-10 00:00,2,27.33,6.68,6.73,68.9103,21.245,1.86,0.028,0.07,1.427,,,2026-09-10 00:46:40
广西壮族自治区,珠江流域,西门江,2026-09-10 00:00,3,28.85,6.9,5.54,270.731,37.276,3.19,0.172,0.187,3.1603,,,2026-09-10 00:46:40
广西壮族自治区,珠江流域,三滩,2026-09-10 00:00,2,28.68,6.88,7.58,5157.85,5.62,1.56,0.142,0.039,0.92,,,2026-09-10 00:46:40
广西壮族自治区,珠江流域,边贸码头,2026-09-10 00:00,2,28.96,6.98,7.64,91.82,7.04,1.53,0.121,0.06,1.317,,,2026-09-10 00:46:40
广西壮族自治区,珠江流域,高塘,2026-09-10 00:00,2,28.76,6.46,7.49,61.42,16.76,1.99,,0.057,1.922,,,2026-09-10 00:46:40
广西壮族自治区,珠江流域,茅岭大桥,2026-09-10 00:00,3,28.9,6.92,7.21,501.85,16.24,2.71,0.112,0.124,1.203,,,2026-09-10 00:46:40
广西壮族自治区,珠江流域,高速公路西桥,2026-09-10 00:00,4,30.73,7.03,4.72,1914.25,37.64,4.26,0.25,0.115,2.565,,,2026-09-10 00:46:40
广西壮族自治区,珠江流域,公篓,2026-09-10 00:00,1,28.92,8.4,10.1,273.89,29.09,1.21,0.024,0.015,1.231,,,2026-09-10 00:46:40
广西壮族自治区,珠江流域,贺街,2026-09-10 00:00,2,26.87,7.58,6.87,209.42,14.645,0.74,0.028,0.043,1.248,,,2026-09-10 00:46:40
广西壮族自治区,珠江流域,上金,2026-09-10 00:00,3,28.96,6.44,5.71,145.4486,102.1413,1.68,,0.028,2.351,,,2026-09-10 00:46:40
广西壮族自治区,珠江流域,渠立,2026-09-10 00:00,2,27.38,7.75,8.55,273.181,44.421,2.59,,0.022,2.454,,,2026-09-10 00:46:40
广西壮族自治区,珠江流域,棉江,2026-09-10 00:00,2,28.09,7.68,6.52,214.042,52.499,1.46,,0.022,2.294,,,2026-09-10 00:46:40
海南省,珠江流域,儒房,2026-09-10 00:00,2,30.4,7.54,6.93,8537.4,16.9,3.15,0.187,0.065,1.264,,,2026-09-10 00:46:40
海南省,珠江流域,后黎村,2026-09-10 00:00,2,30.3,7.06,7.49,89.7,26.4,2.56,0.014,0.059,1.111,,,2026-09-10 00:46:40
海南省,珠江流域,林家村,2026-09-10 00:00,2,30.76,7.17,7.79,139.24,14.49,1.18,0.035,0.029,2.096,,,2026-09-10 00:46:40
海南省,珠江流域,崖城大桥,2026-09-10 00:00,2,27.9,6.58,7.03,148.22,35.7,1.69,0.017,0.067,3.379,,,2026-09-10 00:46:40
海南省,珠江流域,藤桥河大桥,2026-09-10 00:00,2,29.94,7.48,7.77,740.19,16.13,2.43,0.004,0.083,1.575,,,2026-09-10 00:46:40
海南省,珠江流域,上村桥,2026-09-10 00:00,2,29.7,7.08,7.26,150.4,29.6,3.39,,0.07,1.924,,,2026-09-10 00:46:40
海南省,珠江流域,中和桥,2026-09-10 00:00,3,29.4,7.13,5.74,131.7,31.6,4.13,0.039,0.1,1.56,,,2026-09-10 00:46:40
海南省,珠江流域,溪仔村,2026-09-10 00:00,2,29.6,6.96,7.72,92.59,3.79,2.1,,0.029,0.752,,,2026-09-10 00:46:40
海南省,珠江流域,羊头外村桥,2026-09-10 00:00,4,31.99,7.15,7.24,139.85,49.11,6.02,0.012,0.123,1.757,,,2026-09-10 00:46:40
海南省,珠江流域,农垦橡胶所一队,2026-09-10 00:00,2,28.2,6.82,7.49,64.7,29.5,1.85,0.029,0.037,2.01,,,2026-09-10 00:46:40
海南省,珠江流域,水涯新区,2026-09-10 00:00,3,28.9,6.8,5,128.9,21.2,3.35,0.153,0.067,1.958,,,2026-09-10 00:46:40
海南省,珠江流域,分洪桥,2026-09-10 00:00,2,31.19,6.92,8.47,88.51,15.45,2.92,0.006,0.026,0.477,,,2026-09-10 00:46:40
海南省,珠江流域,后山村,2026-09-10 00:00,6,31.56,6.8,1.61,168.949,26.0853,7.18,0.491,0.254,2.98,,,2026-09-10 00:46:40
海南省,珠江流域,大广坝水库出口,2026-09-10 00:00,4,26.055,7.08,7,65.151,66.343,2.02,0.059,0.06,1.354,0.00469,5806480,2026-09-10 00:46:40
海南省,珠江流域,罗带铁路桥,2026-09-10 00:00,3,31.2,8.43,14.66,20061.5,18.5,5.99,0.178,0.195,1.664,,,2026-09-10 00:46:40
海南省,珠江流域,山口,2026-09-10 00:00,2,30.33,6.97,6.39,90.39,16.79,2.27,0.015,0.027,,,,2026-09-10 00:46:40
海南省,珠江流域,白仞滩电站,2026-09-10 00:00,3,30.7,7.28,5.96,145.4,24.7,3.28,0.04,0.14,1.494,,,2026-09-10 00:46:40
海南省,珠江流域,大风,2026-09-10 00:00,2,28.75107,6.37,6.58,101.4048,50.3993,2.86,,0.055,1.110274,,,2026-09-10 00:46:40
海南省,珠江流域,叉河口,2026-09-10 00:00,2,29.5,7.17,7.73,167.2,68.9,2.47,0.004,0.053,2.421,,,2026-09-10 00:46:40
海南省,珠江流域,乐中,2026-09-10 00:00,2,27.9,7.33,7.5,86.7,33.8,1.57,,0.034,0.762,,,2026-09-10 00:46:40
海南省,珠江流域,跨界桥,2026-09-10 00:00,2,29.2,8.37,8.36,88.6,10.1,3.16,0.005,0.05,1.199,,,2026-09-10 00:46:40
海南省,珠江流域,群英大坝,2026-09-10 00:00,2,29.3,7.23,7.41,82,38.3,3.34,0.034,0.078,1.509,,,2026-09-10 00:46:40
海南省,珠江流域,大溪村,2026-09-10 00:00,2,29.5,7,7.04,142,22.5,1.91,0.063,0.077,0.924,,,2026-09-10 00:46:40
重庆市,长江流域,晒网坝,2026-09-10 00:00,2,26.84,7.84,6.36,376.5656,23.9106,1.8,0.027,0.048,2.007,,,2026-09-10 00:46:40
重庆市,长江流域,向家,2026-09-10 00:00,2,28.5,8.52,9.11,183.964,12.775,3.39,,0.037,1.198,,,2026-09-10 00:46:40
重庆市,长江流域,磨刀溪长滩,2026-09-10 00:00,2,26.59,8.54,11.32,177.704,15.208,3.53,,0.039,0.774,,,2026-09-10 00:46:40
重庆市,长江流域,清溪场,2026-09-10 00:00,2,26.71,8.09,7.77,433.1047,16.2472,1.15,,0.04,1.315,,,2026-09-10 00:46:40
重庆市,长江流域,木瓜洞,2026-09-10 00:00,3,31.12,7.98,7.75,322.7993,49.3273,5.02,,0.107,2.028,,,2026-09-10 00:46:40
重庆市,长江流域,寸滩,2026-09-10 00:00,2,26.15,8.05,8.06,422.249,20.732,1.21,0.01,0.047,1.563,,,2026-09-10 00:46:40
重庆市,长江流域,和尚山,2026-09-10 00:00,2,26.71,8,7.5,376.44,14.84,1.18,0.143,0.06,1.41,,,2026-09-10 00:46:40
重庆市,长江流域,寨溪大桥,2026-09-10 00:00,2,29.63,8.11,9.43,954.2603,10.0745,2.75,0.03,0.052,1.853,,,2026-09-10 00:46:40
重庆市,长江流域,石门坎,2026-09-10 00:00,2,27.16,8.12,7.35,486.34,2.39,0.61,,0.007,1.164,,,2026-09-10 00:46:40
重庆市,长江流域,玉滩水库,2026-09-10 00:00,3,30.42,8.3,10.98,356.6928,17.28492,5.96,0.016,0.008,0.83068,0.04650443,1.495053,2026-09-10 00:46:40
重庆市,长江流域,御临镇,2026-09-10 00:00,3,33.04,8.9,24.74,348.472,10.541,4.27,,0.031,1.118,,,2026-09-10 00:46:40
重庆市,长江流域,支坪街道,2026-09-10 00:00,2,30.77,8.38,8.07,402.4407,31.908,3.14,,0.045,1.916,,,2026-09-10 00:46:40
重庆市,长江流域,江津大桥,2026-09-10 00:00,2,25.43,8.13,7.93,403.84,29.42,1.69,0.005,0.039,1.226,,,2026-09-10 00:46:40
重庆市,长江流域,朱杨溪,2026-09-10 00:00,3,31.94,7.9,6.53,686.97,23.63,4.44,,0.144,4.166,,,2026-09-10 00:46:40
重庆市,长江流域,北渡,2026-09-10 00:00,2,29.56,7.98,6.17,575.3604,18.648,1.74,0.138,0.058,2.039,,,2026-09-10 00:46:40
重庆市,长江流域,白杨溪,2026-09-10 00:00,2,30.13,8.26,8.63,118.862,6.062,3.38,0.002,0.024,1.058,,,2026-09-10 00:46:40
重庆市,长江流域,太和,2026-09-10 00:00,2,30.23,8.11,7.95,371.64,23.6,2.1,0.014,0.022,1.885,,,2026-09-10 00:46:40
重庆市,长江流域,官渡,2026-09-10 00:00,3,32.17,8.53,21.65,273.9854,13.37,4.57,,0.035,1.609,,,2026-09-10 00:46:40
重庆市,长江流域,临渡,2026-09-10 00:00,2,31.44,8.31,10.24,362.9,10.036,2.93,,0.039,1.625,,,2026-09-10 00:46:40
重庆市,长江流域,渠江码头,2026-09-10 00:00,4,31.95,8.5,13.16,271.498,14.189,7.07,0.003,0.039,1.368,,,2026-09-10 00:46:40
重庆市,长江流域,四明水厂,2026-09-10 00:00,4,31.59,8.01,6.57,394.8,19.5,6.65,,0.088,0.96,,,2026-09-10 00:46:40
重庆市,长江流域,金狮桥,2026-09-10 00:00,1,23.38,8.45,9.83,211.288,5.533,1.19,,0.006,0.831,,,2026-09-10 00:46:40
重庆市,长江流域,中和,2026-09-10 00:00,4,30.65,8.85,24.45,536.3,12.28,7.34,0.029,0.094,1.014,,,2026-09-10 00:46:40
重庆市,长江流域,高洞电站,2026-09-10 00:00,1,31.186,8.12,10.29,691.989,7.697,,,,,,,2026-09-10 00:46:40
重庆市,长江流域,巫山乡,2026-09-10 00:00,2,27.08,8.02,7.95,253.722,15.061,3.59,0.001,0.089,1.298,,,2026-09-10 00:46:40
重庆市,长江流域,芙蓉洞码头,2026-09-10 00:00,1,30.22,8.52,12.28,240.2,16.94,0.78,,0.013,1.109,,,2026-09-10 00:46:40
重庆市,长江流域,鸭江镇,2026-09-10 00:00,2,28.05,7.88,7.78,502.616,5.497,2.16,,0.065,2.679,,,2026-09-10 00:46:40
重庆市,长江流域,江口镇,2026-09-10 00:00,2,26.744,7.94,6.7,323.957,0.784,0.78,,0.014,1.536,,,2026-09-10 00:46:40
重庆市,长江流域,土堡寨,2026-09-10 00:00,1,19.35,8.24,9.19,485.761,2.202,0.24,,0.003,0.818,,,2026-09-10 00:46:40
重庆市,长江流域,水寨子,2026-09-10 00:00,1,22.75,8.14,7.74,260.709,3.684,1.52,,0.012,0.492,,,2026-09-10 00:46:40
重庆市,长江流域,湖海场,2026-09-10 00:00,3,28.1,8.38,8.9,252.897,15.163,4.05,,0.072,1.458,,,2026-09-10 00:46:40
重庆市,长江流域,卫星桥,2026-09-10 00:00,2,30.12,8.03,7.45,337.7654,13.758,3.12,0.006,0.042,0.283,,,2026-09-10 00:46:40
重庆市,长江流域,高洞梁,2026-09-10 00:00,2,30.98,8.09,7.38,488.376,26.286,2.63,0.008,0.036,0.208,,,2026-09-10 00:46:40
重庆市,长江流域,苏家,2026-09-10 00:00,2,26.24,7.95,7.65,425.5121,22.7348,1.52,0.001,0.045,1.724,,,2026-09-10 00:46:40
重庆市,长江流域,清水湖渡口,2026-09-10 00:00,6,26.46,9.15,19.74,179.227,9.2404,1.33,0.004,0.021,0.7493,,,2026-09-10 00:46:40
重庆市,长江流域,小江河口,2026-09-10 00:00,2,28.79,8.51,8.84,357.69,5.17,3.71,0.005,0.034,1.453,,,2026-09-10 00:46:40
重庆市,长江流域,汤溪河江口,2026-09-10 00:00,1,23.43,8.02,7.96,307.437,14.495,0.43,,0.006,0.7,,,2026-09-10 00:46:40
重庆市,长江流域,罗汉大桥,2026-09-10 00:00,1,28.82,8.32,9.02,306.21,9.25,1.02,0.001,0.017,0.633,,,2026-09-10 00:46:40
重庆市,长江流域,白帝城,2026-09-10 00:00,2,26.6,7.83,6.47,359.368,30.778,1.21,,0.047,1.845,,,2026-09-10 00:46:40
重庆市,长江流域,花台,2026-09-10 00:00,2,24.97,8.13,7.45,541.4633,10.5778,0.53,,0.012,0.962,,,2026-09-10 00:46:40
重庆市,长江流域,万木,2026-09-10 00:00,2,24.38,7.77,6.39,427.66,1.7,0.78,0.003,0.035,3.364,,,2026-09-10 00:46:40
重庆市,长江流域,红花村,2026-09-10 00:00,1,25.36,8.41,11.67,221.047,2.57,1.43,,0.01,1.594,,,2026-09-10 00:46:40
重庆市,长江流域,南洞沟,2026-09-10 00:00,1,26.12,8.48,9.28,318.034,5.729,0.61,,0.014,0.577,,,2026-09-10 00:46:40
重庆市,长江流域,郁江桥,2026-09-10 00:00,2,27.43,7.87,7.45,305.927,7.933,1.24,0.008,0.024,1.225,,,2026-09-10 00:46:40
四川省,长江流域,二江寺,2026-09-10 00:00,3,22.51,7.66,6.31,298.2,179.8,5.58,0.8,0.163,2.505,,,2026-09-10 00:46:40
四川省,长江流域,李家湾,2026-09-10 00:00,3,30.79,8.21,7.87,465.5,9.7,2.62,0.006,0.119,2.956,,,2026-09-10 00:46:40
四川省,长江流域,廖家堰,2026-09-10 00:00,3,30.807,7.91,7.24,800.045,25.82,5.08,0.05,0.115,2.374,,,2026-09-10 00:46:40
四川省,长江流域,脚仙村,2026-09-10 00:00,3,30.28,8.25,7.77,484.7,10.8,1.83,0.01,0.106,3.069,,,2026-09-10 00:46:40
四川省,长江流域,湾凼,2026-09-10 00:00,2,28.80228,7.71,6.71,775.8961,13.6768,3.82,0.006,0.036,0.30343,,,2026-09-10 00:46:40
四川省,长江流域,手爬岩,2026-09-10 00:00,2,25.01,7.98,7.7,420.797,25.022,1.22,,0.042,1.2346,,,2026-09-10 00:46:40
四川省,长江流域,沱江大桥,2026-09-10 00:00,3,31.6,8.2,7.44,428.3845,23.38122,2.55,0.003,0.132,2.751968,,,2026-09-10 00:46:40
四川省,长江流域,醒觉溪,2026-09-10 00:00,2,29.14,8.38,8.23,407.9,14.23,1.76,0.024,0.047,3.202,,,2026-09-10 00:46:40
四川省,长江流域,胡市大桥,2026-09-10 00:00,4,31.84,8.69,16.66,415.7964,10.101,6.02,0.0003,0.087,0.8334,,,2026-09-10 00:46:40
四川省,长江流域,泸天化大桥,2026-09-10 00:00,2,30.02,8.37,11.18,390.016,10.4739,1.66,,0.038,2.8659,,,2026-09-10 00:46:40
四川省,长江流域,纳溪大渡口,2026-09-10 00:00,2,24.54,7.86,7.56,380.307,10.446,1.18,,0.057,1.2823,,,2026-09-10 00:46:40
四川省,长江流域,两汇水,2026-09-10 00:00,2,29.21725,8.14,6.89,148.3242,198.935,1.52,0.006,0.029,0.832,,,2026-09-10 00:46:40
四川省,长江流域,太平渡,2026-09-10 00:00,2,29.03941,8.32,7.17,509.4179,17.0672,1.13,0.04,0.05,3.772,,,2026-09-10 00:46:40
四川省,长江流域,象山,2026-09-10 00:00,3,28.5,7.78,6.35,467.39,11.2,5.4,0.057,0.144,1.149,,,2026-09-10 00:46:40
四川省,长江流域,三川,2026-09-10 00:00,6,22.91,7.33,0.42,699.3,66.62,1.05,0.198,0.106,2.172,,,2026-09-10 00:46:40
四川省,长江流域,西平镇,2026-09-10 00:00,3,24.29,7.93,7.39,467.67,227.54,2.03,0.382,0.114,2.534,,,2026-09-10 00:46:40
四川省,长江流域,姚渡,2026-09-10 00:00,1,21.63802,8.19,7.63,351.4725,67.30026,1.13,0.005,0.008,1.503,,,2026-09-10 00:46:40
四川省,长江流域,清泉乡,2026-09-10 00:00,3,27.97,7.76,5.9,290.5,7.713,2.12,0.055,0.021,0.909,,,2026-09-10 00:46:40
四川省,长江流域,大安,2026-09-10 00:00,3,29.84,8.02,5.52,537.279,13.8,5.87,,0.151,0.7551,,,2026-09-10 00:46:40
四川省,长江流域,梓江大桥,2026-09-10 00:00,2,28.18,8.25,7.91,379,15.2,2.59,0.01,0.022,1.458,,,2026-09-10 00:46:40
四川省,长江流域,大埂,2026-09-10 00:00,3,30.85,8.18,8.15,492.6,7,5.05,0.212,0.039,0.44186,,,2026-09-10 00:46:40
四川省,长江流域,球溪河口,2026-09-10 00:00,3,30.31,8.17,7.5,543.6,17.4,5.19,0.053,0.153,5.348,,,2026-09-10 00:46:40
四川省,长江流域,金溪电站,2026-09-10 00:00,3,28.03,7.82,5.99,328.513,16.399,2.27,0.013,0.036,1.569,,,2026-09-10 00:46:40
四川省,长江流域,升钟水库铁炉寺,2026-09-10 00:00,4,27.25,7.89,4.62,364.81,4.52,4.68,,0.02,3.389,,,2026-09-10 00:46:40
四川省,长江流域,越溪河两河口,2026-09-10 00:00,3,28.65,7.65,5.13,476.2,18.5,5.67,0.125,0.124,3.485,,,2026-09-10 00:46:40
四川省,长江流域,月波,2026-09-10 00:00,2,22,7.58,8.74,285.6,83.1,1.41,0.331,0.051,1.545,,,2026-09-10 00:46:40
四川省,长江流域,凉姜沟,2026-09-10 00:00,2,23.04,8.11,8.73,258.2541,26.15945,1.39,0.016,0.047,1.303956,,,2026-09-10 00:46:40
四川省,长江流域,三块石,2026-09-10 00:00,1,23.51,8,7.81,497.25,8.07,0.91,0.004,0.018,0.995,,,2026-09-10 00:46:40
四川省,长江流域,洛亥,2026-09-10 00:00,2,23.36,8.12,7.91,276.9476,97.11124,0.76,0.099,0.056,3.031,,,2026-09-10 00:46:40
四川省,长江流域,幺滩,2026-09-10 00:00,2,31.81,8.55,8.76,454.4,13.88,3,0.035,0.068,1.391,,,2026-09-10 00:46:40
四川省,长江流域,团堡岭,2026-09-10 00:00,2,30.21,8.56,7.67,249.4,20.559,2.87,0.02,0.026,1.075,,,2026-09-10 00:46:40
四川省,长江流域,大蹬沟,2026-09-10 00:00,3,29.53,8,5.93,240.8,21.1,2.69,0.025,0.031,1.003,,,2026-09-10 00:46:40
四川省,长江流域,白兔乡,2026-09-10 00:00,4,29.8,7.78,3.8,370.2,7.21,4.15,,0.038,0.533,,,2026-09-10 00:46:40
四川省,长江流域,联盟桥,2026-09-10 00:00,3,29.38,7.5,7.09,391.22,10.43,4.49,,0.073,1.6536,,,2026-09-10 00:46:40
四川省,长江流域,舵石盘,2026-09-10 00:00,3,29.21,7.94,5.3,239.7,15.5,3.01,,0.037,1.209,,,2026-09-10 00:46:40
四川省,长江流域,车家河,2026-09-10 00:00,2,29.01,7.96,7.22,292.9,24.01,3.05,0.028,0.052,0.992,,,2026-09-10 00:46:40
四川省,长江流域,手傍岩,2026-09-10 00:00,2,29.14,8.03,6.22,382.8,10.8,1.96,0.032,0.033,1.554,,,2026-09-10 00:46:40
四川省,长江流域,幸福村,2026-09-10 00:00,2,29.3,8.37,7.65,454.2,85.5,1.84,0.017,0.064,2.45,,,2026-09-10 00:46:40
四川省,长江流域,拱城铺渡口,2026-09-10 00:00,2,29,8.33,9.96,511.07,229.48,1.69,,0.072,2.278,,,2026-09-10 00:46:40
四川省,长江流域,昔街大桥,2026-09-10 00:00,2,23.43,7.76,7.18,218.72,45.58,1.21,0.089,0.079,3.347,,,2026-09-10 00:46:40
贵州省,长江流域,棉花渡,2026-09-10 00:00,3,23.809,7.76,5.72,454.59,0.2336,1.7,,0.055,2.6223,,,2026-09-10 00:46:40
贵州省,长江流域,贵铝泵房,2026-09-10 00:00,2,25.2584,8.56,10.39,355.9588,7.6622,3.15,0.02,0.016,1.6382,0.01746,1798240,2026-09-10 00:46:40
贵州省,长江流域,花鱼洞,2026-09-10 00:00,4,24.0313,7.49,3.38,325.0758,3.9486,2,0.142,0.018,0.9645,0.00213,3690690,2026-09-10 00:46:40
贵州省,长江流域,麦穰,2026-09-10 00:00,4,24.57,8.04,6.71,648.05,7.78,2.72,0.123,0.204,5.409,,,2026-09-10 00:46:40
贵州省,珠江流域,青岩,2026-09-10 00:00,3,24.39,7.92,5.02,555.1494,5.3624,0.73,,0.047,3.6108,,,2026-09-10 00:46:40
贵州省,长江流域,龙场,2026-09-10 00:00,2,21.38,7.85,6.62,390.58,6.98,0.89,,0.012,3.669,,,2026-09-10 00:46:40
贵州省,珠江流域,发耳,2026-09-10 00:00,2,23.35,8.28,6.16,341.741,83.876,0.92,,0.082,3.389,,,2026-09-10 00:46:40
贵州省,长江流域,打秋坪,2026-09-10 00:00,2,25.74,7.88,6.97,554.3,5.2,1.2,0.085,0.097,4.368,,,2026-09-10 00:46:40
贵州省,长江流域,鱼塘大桥,2026-09-10 00:00,2,25.27,7.93,7.26,333.02,1.888,0.6,,0.01,1.484,,,2026-09-10 00:46:40
贵州省,长江流域,坡渡,2026-09-10 00:00,1,25.51,8.05,7.71,325.19,6.74,0.54,,0.008,0.54,,,2026-09-10 00:46:40
贵州省,长江流域,余庆河暗溪坪,2026-09-10 00:00,2,25.62,7.64,8.57,322.85,6.47,0.94,0.01,0.039,1.625,,,2026-09-10 00:46:40
贵州省,长江流域,羊柱头渡口,2026-09-10 00:00,4,25.2,7.8,7.34,761.05,3.217,3.27,0.461,0.224,7.622,,,2026-09-10 00:46:40
贵州省,长江流域,茅台,2026-09-10 00:00,2,25.96,8.23,7.11,392.59,14.26,0.76,,0.025,4.211,,,2026-09-10 00:46:40
贵州省,珠江流域,黄果树,2026-09-10 00:00,2,24.6753,8.27,8.43,597.5,17.55,0.98,,0.033,2.473,,,2026-09-10 00:46:40
贵州省,长江流域,斯拉河大桥,2026-09-10 00:00,2,26.94,8.8,10.75,346.54,52.86,3,0.034,0.015,3.619,,,2026-09-10 00:46:40
贵州省,珠江流域,打邦,2026-09-10 00:00,1,29.15,8.37,9.05,442.46,4.674,1.54,0.001,0.014,3.069,,,2026-09-10 00:46:40
贵州省,长江流域,小屯,2026-09-10 00:00,2,26.6,8.68,13.95,352.3987,6.85,2.81,,0.03,4.222,,,2026-09-10 00:46:40
贵州省,长江流域,鱼市,2026-09-10 00:00,2,27.09,8.09,7.38,409.176,5.485708,3.55,0.009,,,,,2026-09-10 00:46:40
贵州省,珠江流域,坝草,2026-09-10 00:00,1,27.9647,8.28,9.88,381.06,3.5813,1.28,0.023,0.007,3.0174,,,2026-09-10 00:46:40
贵州省,珠江流域,岔河口,2026-09-10 00:00,2,26.473,8.86,10.79,258.8846,12.5124,3.82,,0.017,1.6163,,,2026-09-10 00:46:40
贵州省,珠江流域,蔗香北,2026-09-10 00:00,1,28.33,8.14,10.82,288.3813,3.726,0.9,0.005,0.007,2.2038,,,2026-09-10 00:46:40
贵州省,珠江流域,黄泥河,2026-09-10 00:00,2,20.83,8.13,7.15,410.6899,14.9571,0.61,,0.025,3.0207,,,2026-09-10 00:46:40
贵州省,珠江流域,赵家渡,2026-09-10 00:00,2,23.2,8.15,6.89,420.897,5.23,0.64,,0.032,4.536,,,2026-09-10 00:46:40
贵州省,珠江流域,坡脚,2026-09-10 00:00,2,24.21,7.83,6.89,419.1693,21.7239,0.99,,0.028,4.5932,,,2026-09-10 00:46:40
贵州省,珠江流域,蔗香南,2026-09-10 00:00,1,29.61,8.56,9.59,284.5,3.79,0.95,,0.011,2.4574,,,2026-09-10 00:46:40
贵州省,长江流域,平敏大桥,2026-09-10 00:00,2,27.08,7.89,7.46,138.52,7.03,1.1,,0.024,0.715,,,2026-09-10 00:46:40
贵州省,长江流域,旁海,2026-09-10 00:00,3,25.4,8.43,8.12,470.1,10.55,0.74,0.023,0.12,2.153,,,2026-09-10 00:46:40
贵州省,珠江流域,榕江,2026-09-10 00:00,2,28.19,8.28,8.18,129.69,4.94,0.73,0.026,0.032,0.594,,,2026-09-10 00:46:40
贵州省,长江流域,甘溪高碑,2026-09-10 00:00,2,27.44,8.39,9.95,339.8,14.23,2.73,0.003,0.041,0.5616,,,2026-09-10 00:46:40
贵州省,长江流域,跳鱼洞,2026-09-10 00:00,3,23.22,7.92,5.77,400.3,4.09,1.98,0.085,0.106,2.162,,,2026-09-10 00:46:40
贵州省,长江流域,凤山桥边,2026-09-10 00:00,2,24.8583,8.3,9.45,655.27,2.7814,1.65,0.004,0.089,3.769,,,2026-09-10 00:46:40
贵州省,珠江流域,边外河,2026-09-10 00:00,1,25.12,7.81,7.53,335.08,4.05,0.61,0.001,0.004,1.889,,,2026-09-10 00:46:40
贵州省,珠江流域,甲茶,2026-09-10 00:00,3,23.8983,7.64,5.4,324.6766,0.2931,0.9,0.002,0.008,1.0945,,,2026-09-10 00:46:40
云南省,长江流域,通仙桥,2026-09-10 00:00,3,21.63,7.96,6.09,468.896,16.869,1.82,,0.155,5.406,,,2026-09-10 00:46:40
云南省,长江流域,普渡河桥,2026-09-10 00:00,3,24.38,8.1,6.84,536.7809,31.7161,4.07,0.105,0.114,2.865,,,2026-09-10 00:46:40
云南省,珠江流域,禄丰村,2026-09-10 00:00,3,25.03,8.12,6.99,480.0711,22.5278,1.95,,0.106,5.033,,,2026-09-10 00:46:40
云南省,滇池流域,回龙村,2026-09-10 00:00,3,23.15,7.9,5.11,569.9425,19.1743,2.83,,0.033,2.5681,,,2026-09-10 00:46:40
云南省,滇池流域,船房五社桥头,2026-09-10 00:00,3,25.13,7.76,7.06,567.3071,8.8173,5.53,0.084,0.082,6.3637,,,2026-09-10 00:46:40
云南省,滇池流域,王大桥,2026-09-10 00:00,4,21.78,7.01,4.94,593.7419,13.3008,3.25,0.095,0.235,7.4421,,,2026-09-10 00:46:40
云南省,滇池流域,大观河入湖口,2026-09-10 00:00,3,21.84,8.08,6.17,425.4112,31.8333,1.96,0.082,0.11,4.9974,,,2026-09-10 00:46:40
云南省,滇池流域,大渔乡土罗村入湖口,2026-09-10 00:00,5,22.93,7.61,2.13,475.5743,32.3486,3.35,0.061,0.115,8.652,,,2026-09-10 00:46:40
云南省,滇池流域,新河村入湖口,2026-09-10 00:00,3,21.92,7.9,5.85,410.47,20.955,2.05,0.028,0.102,4.217,,,2026-09-10 00:46:40
云南省,珠江流域,阳宗海中,2026-09-10 00:00,3,25.87,,7.67,399.31,0.865,4.14,,0.012,0.719,0.00812,15900,2026-09-10 00:46:40
云南省,长江流域,富民大桥,2026-09-10 00:00,4,24.47,8.19,4.39,506.1843,61.228,9.85,0.042,0.226,2.849,,,2026-09-10 00:46:40
云南省,滇池流域,严家村桥,2026-09-10 00:00,2,21.81449,8.05,6.48,420.1625,20.42534,1.66,0.037,0.09,4.99092,,,2026-09-10 00:46:40
云南省,滇池流域,宝丰村入湖口,2026-09-10 00:00,3,21.39,7.99,5.83,573.52,18.7,1.39,0.033,0.067,3.812,,,2026-09-10 00:46:40
云南省,滇池流域,江尾下闸,2026-09-10 00:00,5,23.04,7.51,2.85,337.1874,3.974,1.6,0.086,0.042,2.855,,,2026-09-10 00:46:40
云南省,滇池流域,茨巷河入湖口,2026-09-10 00:00,3,24.42,7.72,5.21,337.7897,6.6867,2.55,,0.032,2.394,,,2026-09-10 00:46:40
云南省,滇池流域,东大河滇池入湖口,2026-09-10 00:00,6,24.42,9.7,4.6,295.8242,13.0016,3.32,0.004,0.077,1.824,,,2026-09-10 00:46:40
云南省,滇池流域,草海中心,2026-09-10 00:00,4,25.42,8.84,13,345.41,96.19,4.86,,0.057,2.735,0.01255,5.659574,2026-09-10 00:46:40
云南省,滇池流域,灰湾中,2026-09-10 00:00,4,25.01,,14.46,364.972,352.453,7.69,0.028,0.049,1.58,0.01276,5.850723,2026-09-10 00:46:40
云南省,滇池流域,观音山西,2026-09-10 00:00,4,25.22,,16.35,365.09,101.9,8.01,0.019,0.052,0.959,0.00511,7.279091,2026-09-10 00:46:40
云南省,滇池流域,海口西,2026-09-10 00:00,4,25.6,,15.74,323.6,35.02,7.39,,0.056,0.665,0.00976,4.7201,2026-09-10 00:46:40
云南省,滇池流域,滇池南,2026-09-10 00:00,4,23.14,,12.63,377.39,45.57,7.46,,0.05,1.065,0.04146,1.971786,2026-09-10 00:46:40
云南省,滇池流域,晋城小寨,2026-09-10 00:00,3,21.02,8.1,6.26,554.783,16.6278,2.43,,0.101,8.926,,,2026-09-10 00:46:40
云南省,长江流域,牛栏江河口,2026-09-10 00:00,3,23.14,8.1,5.46,488.958,16.924,2.22,0.002,0.077,4.972,,,2026-09-10 00:46:40
云南省,珠江流域,花山水库出水口,2026-09-10 00:00,2,23.2,8.42,7.27,324.7158,2.0931,1.23,,0.006,2.7507,,,2026-09-10 00:46:40
云南省,长江流域,以礼河水文站,2026-09-10 00:00,2,20.17,7.78,6.1,263.2931,17.8741,1.03,0.036,0.049,2.1083,,,2026-09-10 00:46:40
云南省,珠江流域,厂房大桥,2026-09-10 00:00,3,20.23,8.15,8.52,372.5226,28.1686,2,0.005,0.106,3.2141,,,2026-09-10 00:46:40
云南省,长江流域,牛栏江大桥,2026-09-10 00:00,2,21.3,8.05,7.02,385.377,40.148,0.8,0.005,0.052,3.782,,,2026-09-10 00:46:40
云南省,珠江流域,抚仙湖心,2026-09-10 00:00,1,24.79,8.86,8.04,284.86,3.69,1.49,0.002,0.007,0.101,0.00155,2742040,2026-09-10 00:46:40
云南省,珠江流域,杞麓湖心,2026-09-10 00:00,4,24.4,,9.6,743.24,12.34,6.49,0.181,0.02,1.621,0.02649,8030445,2026-09-10 00:46:40
云南省,珠江流域,星云湖心,2026-09-10 00:00,3,24.18,,8.33,515.466,32.68,5.8,,0.014,0.639,0.00487,4.255168,2026-09-10 00:46:40
云南省,西南诸河,红旗桥,2026-09-10 00:00,1,21.62029,8.01,8.22,340.7037,445.1398,1,,0.007,0.4521604,,,2026-09-10 00:46:40
云南省,长江流域,云贵桥,2026-09-10 00:00,1,19.54,8.16,7.54,379.938,12.789,0.96,0.02,0.013,3.286,,,2026-09-10 00:46:40
云南省,长江流域,头屯河,2026-09-10 00:00,2,19.04,8.14,7.31,424.034,4.89,0.61,0.024,0.024,4.761,,,2026-09-10 00:46:40
云南省,长江流域,邓家河,2026-09-10 00:00,2,23.65,7.86,7.39,381.587,25.277,0.43,,0.059,3.13,,,2026-09-10 00:46:40
云南省,西南诸河,土卡河水文站,2026-09-10 00:00,2,26.61492,7.95,6.87,203.7754,30.76766,1.11,,0.018,1.088189,,,2026-09-10 00:46:40
云南省,西南诸河,那发出境,2026-09-10 00:00,2,26.6,7.76,7.64,137.922,36.78,0.62,,0.04,0.7697,,,2026-09-10 00:46:40
云南省,西南诸河,中越桥,2026-09-10 00:00,2,25.93,8.1,8.74,279.0689,46.1156,0.52,,0.038,2.1885,,,2026-09-10 00:46:40
云南省,西南诸河,龙脖渡口,2026-09-10 00:00,2,27.34,7.9,7.63,280.5817,54.1962,1.52,,0.052,1.7416,,,2026-09-10 00:46:40
云南省,西南诸河,河口县医院,2026-09-10 00:00,2,27.48304,7.53,7.13,274.6661,51.28,1.77,,0.057,1.830667,,,2026-09-10 00:46:40
云南省,珠江流域,异龙湖中,2026-09-10 00:00,4,26.84,8.63,8.23,420.14,4.048,7.36,0.016,0.012,0.7,0.02013,196478.2,2026-09-10 00:46:40
云南省,珠江流域,长虹桥,2026-09-10 00:00,3,24.67,8.19,7.12,516.3003,91.9943,2.98,,0.106,4.4014,,,2026-09-10 00:46:40
云南省,珠江流域,江边桥,2026-09-10 00:00,3,25.36,7.8,7.16,479,134.68,1.82,,0.12,3.1846,,,2026-09-10 00:46:40
云南省,西南诸河,天保农场,2026-09-10 00:00,2,23.8,8.06,9.72,378.1,12.44,0.28,,0.026,2.9998,,,2026-09-10 00:46:40
云南省,西南诸河,南利大桥,2026-09-10 00:00,4,24.63,7.99,4.97,317.28,12.34,6,0.033,0.021,1.443,,,2026-09-10 00:46:40
云南省,西南诸河,洱海湖心,2026-09-10 00:00,3,24.65,8.78,7.43,288.1,13.08,4.43,0.033,0.024,0.652,0.00895,10200,2026-09-10 00:46:40
陕西省,黄河流域,灞河口,2026-09-10 00:00,3,21.3,8.05,8.39,468.3648,26.3144,3.4,0.822,0.068,4.7,,,2026-09-10 00:46:40
陕西省,黄河流域,三郎村,2026-09-10 00:00,4,23.56,7.42,4.73,566.506,32.343,4.03,0.587,0.098,4.7639,,,2026-09-10 00:46:40
陕西省,黄河流域,岔口,2026-09-10 00:00,6,18.19,7.9,8.46,409.628,2072.748,8.3,2.16,0.452,7.8853,,,2026-09-10 00:46:40
陕西省,长江流域,黄牛铺,2026-09-10 00:00,4,13.89,7.43,9.25,81.8696,57.1305,9.4,,0.057,2.11,,,2026-09-10 00:46:40
陕西省,黄河流域,魏家堡,2026-09-10 00:00,3,24.41,7.62,7.45,322.3911,1273.746,5.4,0.474,0.184,6.087,,,2026-09-10 00:46:40
陕西省,黄河流域,卧龙寺桥,2026-09-10 00:00,4,20,8.15,7.95,889.1149,,9.81,0.091,0.138,5.132,,,2026-09-10 00:46:40
陕西省,长江流域,灶火庵,2026-09-10 00:00,4,16.61,8.17,8.9,135.4737,574.073,9.34,,0.223,1.6813,,,2026-09-10 00:46:40
陕西省,黄河流域,黑河张家桥,2026-09-10 00:00,2,23.88,8.38,7.51,555.658,76.5576,2.63,0.059,0.041,1.4715,,,2026-09-10 00:46:40
陕西省,黄河流域,杨家畔村,2026-09-10 00:00,5,18.49,8.57,8.61,1417.595,2500.821,5.86,0.711,0.382,7.0491,,,2026-09-10 00:46:40
陕西省,黄河流域,昝家山,2026-09-10 00:00,3,17.67,8.39,10.2,508.119,,2.89,0.134,0.132,2.8931,,,2026-09-10 00:46:40
陕西省,黄河流域,寺滩,2026-09-10 00:00,6,20.2,8.83,8.24,,0.156042,4.47,0.145,0.422,6.5881,,,2026-09-10 00:46:40
陕西省,黄河流域,朱家沟,2026-09-10 00:00,6,17.55,8.12,8.11,683.561,,5.17,0.523,0.445,4.3781,,,2026-09-10 00:46:40
陕西省,长江流域,烈金坝,2026-09-10 00:00,2,20.46,8.18,7.49,318.8,3.472,1.17,0.004,0.024,1.0552,,,2026-09-10 00:46:40
陕西省,长江流域,白水江,2026-09-10 00:00,2,21.38,8.11,7.39,336.6831,17.399,0.84,0.005,0.02,0.9298,,,2026-09-10 00:46:40
陕西省,黄河流域,柏树坪,2026-09-10 00:00,3,21.43998,8.32,8.51,964.26,489.2504,3.37,,0.148,5.9301,,,2026-09-10 00:46:40
陕西省,黄河流域,温家川,2026-09-10 00:00,4,18.58,8.33,8.05,1232.924,222.6707,7.71,0.266,0.067,4.0281,,,2026-09-10 00:46:40
陕西省,黄河流域,碛塄,2026-09-10 00:00,2,22,8.33,8.25,953.422,25.38573,1.72,0.015,0.025,2.7581,,,2026-09-10 00:46:40
陕西省,黄河流域,高家川,2026-09-10 00:00,2,17.03,8.41,8.53,792.052,205.7581,3.51,,0.068,3.3011,,,2026-09-10 00:46:40
陕西省,长江流域,南江河出陕界,2026-09-10 00:00,1,22.68,8.01,8.48,212.0969,18.3994,0.66,,0.008,0.4657,,,2026-09-10 00:46:40
陕西省,长江流域,小钢桥,2026-09-10 00:00,2,26.9,7.92,6.26,303.77,14.95,2.54,0.023,0.026,1.401,,,2026-09-10 00:46:40
陕西省,长江流域,老君关,2026-09-10 00:00,4,24.86,7.47,4.93,249.7928,13.2362,2.78,,0.029,1.638,,,2026-09-10 00:46:40
陕西省,长江流域,构峪口,2026-09-10 00:00,3,21.91,7.91,5.12,377.4297,2.3639,2.23,,0.01,2.05,,,2026-09-10 00:46:40
陕西省,黄河流域,灵口,2026-09-10 00:00,1,19.17,8.26,7.83,485.2368,11.9462,1.31,0.015,0.012,1.6356,,,2026-09-10 00:46:40
甘肃省,黄河流域,新城桥,2026-09-10 00:00,3,16.29,8.25,7.82,630.601,675.95,2.55,0.023,0.148,2.0587,,,2026-09-10 00:46:40
甘肃省,黄河流域,湟水桥,2026-09-10 00:00,3,15.9,8.39,7.35,645.551,308.792,3.18,0.109,0.135,3.542,,,2026-09-10 00:46:40
甘肃省,黄河流域,五佛寺,2026-09-10 00:00,2,18.69505,8.27,7.11,743.5942,120.3686,1.34,0.039,0.014,2.836,,,2026-09-10 00:46:40
甘肃省,黄河流域,桦林,2026-09-10 00:00,2,14.7,8.04,8.37,742.9,735.5,3.9,0.356,0.082,2.996,,,2026-09-10 00:46:40
甘肃省,黄河流域,葡萄园,2026-09-10 00:00,2,18.37,7.93,7.92,606.399,2810.95,3.85,0.045,0.086,7.133,,,2026-09-10 00:46:40
甘肃省,长江流域,固水子村,2026-09-10 00:00,2,17.43,8.3,8.43,376.3,585,2.01,0.022,0.087,0.966,,,2026-09-10 00:46:40
宁夏回族自治区,黄河流域,平罗黄河大桥,2026-09-10 00:00,2,19.88,8.38,7.33,1042.31,360.71,2.05,,0.092,3.633,,,2026-09-10 00:46:40
宁夏回族自治区,黄河流域,麻黄沟,2026-09-10 00:00,2,20.05,8.31,7.31,984.675,566.621,2.54,,0.073,3.0162,,,2026-09-10 00:46:40
宁夏回族自治区,黄河流域,中卫下河沿,2026-09-10 00:00,-1,,,,,,,,,,,,2026-09-10 00:46:40
北京市,海河流域,鼓楼外大街,2026-09-10 01:00,2,25.13,7.54,6.89,381.73,19.965,2.05,0.069,0.025,1.806,,,2026-09-10 02:25:49
北京市,海河流域,广北滨河路,2026-09-10 02:00,2,24.06,7.8,6.4,390.77,15.46,1.46,0.058,0.027,2.016,,,2026-09-10 02:25:49
北京市,海河流域,沙窝,2026-09-10 02:00,2,25.52,7.34,6.83,761.5,9.671,3.68,0.096,0.084,4.482,,,2026-09-10 02:25:49
北京市,海河流域,新八里桥,2026-09-10 02:00,4,24.72,7.56,4,691.189,2.566,3.63,0.047,0.102,6.891,,,2026-09-10 02:25:49
北京市,海河流域,大红门闸上,2026-09-10 02:00,2,22.29,7.63,6.88,990.1,11.582,3.08,,0.073,9.671,,,2026-09-10 02:25:49
北京市,海河流域,南大荒桥,2026-09-10 02:00,2,23.51,8.5,9.32,892.3,19.11,2.71,0.003,0.02,1.847,,,2026-09-10 02:25:49
北京市,海河流域,清河闸,2026-09-10 02:00,3,21.71,7.66,5.78,809.64,7.817,2.39,,0.07,6.82,,,2026-09-10 02:25:49
北京市,海河流域,花园路,2026-09-10 02:00,3,21.79,7.54,5.37,666.587,5.2,1.84,0.139,0.042,6.307,,,2026-09-10 02:25:49
北京市,海河流域,白石桥,2026-09-10 02:00,2,26.17,7.84,7.21,322.24,5.443,2.02,0.009,0.013,1.629,,,2026-09-10 02:25:49
北京市,海河流域,八间房漫水桥,2026-09-10 02:00,3,23.1,7.75,5.72,878.31,9.12,2.95,0.033,0.061,3.7437,,,2026-09-10 02:25:49
北京市,海河流域,码头,2026-09-10 02:00,2,23.17,7.43,6.45,1057.94,20.86,2.44,0.091,0.069,7.239,,,2026-09-10 02:25:49
北京市,海河流域,罗庄,2026-09-10 02:00,2,24.88,8.17,10.24,1142.65,8.599236,2.88,0.033,0.097,6.8561,,,2026-09-10 02:25:49
北京市,海河流域,小屯桥,2026-09-10 02:00,2,24.21,8.3,9.56,1295.583,8.217225,3.78,,0.096,5.8931,,,2026-09-10 02:25:49
北京市,海河流域,东店,2026-09-10 01:00,3,20.55102,7.96,9.42,737.8903,107.3647,2.56,0.056,0.109,13.37445,,,2026-09-10 02:25:49
北京市,海河流域,密云水库,2026-09-10 02:00,1,24.92168,8.28,8.64,416.5095,4.352354,1.83,0.027,0.005,3.247007,,,2026-09-10 02:25:49
北京市,海河流域,大关桥,2026-09-10 02:00,2,24.74,8.24,8.99,428.43,18.16,2.57,0.086,0.02,3.8251,,,2026-09-10 02:25:49
北京市,海河流域,辛庄桥,2026-09-10 02:00,2,19.66,8.01,8.33,580.056,58.96663,1.99,,0.034,8.0891,,,2026-09-10 02:25:49
北京市,海河流域,谷家营,2026-09-10 02:00,2,23.76,7.78,8.77,539.391,16.448,3.29,0.079,0.077,2.136,,,2026-09-10 02:25:49
北京市,海河流域,后城,2026-09-10 02:00,2,14.42,8.31,8.89,581.378,37.78771,1.61,0.021,0.031,9.9701,,,2026-09-10 02:25:49
天津市,海河流域,三岔口,2026-09-10 01:00,6,25.98,7.69,1.69,1275.185,25.91537,3.91,0.308,0.073,1.19491,,,2026-09-10 02:25:49
天津市,海河流域,北洋桥,2026-09-10 02:00,4,25.40208,7.32,3.3,1168.679,29.31794,3.76,0.679,0.124,1.973688,,,2026-09-10 02:25:49
天津市,海河流域,井冈山桥,2026-09-10 02:00,4,25.22,7.59,3.15,1189.867,41.12907,3.92,0.545,0.113,1.6701,,,2026-09-10 02:25:49
天津市,海河流域,大红桥,2026-09-10 02:00,6,25.52,7.63,1.08,1253.845,36.92604,3.97,0.262,0.081,2.1841,,,2026-09-10 02:25:49
天津市,海河流域,曹庄子泵站,2026-09-10 02:00,3,27.91,7.61,5.79,279.76,2.02,1.61,0.067,0.006,0.758,,,2026-09-10 02:25:49
天津市,海河流域,生产圈闸,2026-09-10 02:00,6,24.28982,7.31,0.01,1224.276,10.24991,4.23,1.525,0.157,2.66244,,,2026-09-10 02:25:49
天津市,海河流域,尔王庄泵站,2026-09-10 02:00,4,26.28,7.43,4.06,286.51,6.066809,2.15,0.016,0.003,0.6621,,,2026-09-10 02:25:49
天津市,海河流域,海河大闸,2026-09-10 02:00,3,24.87,7.93,5.33,3424.689,21.4378,5.02,0.293,0.15,2.0615,,,2026-09-10 02:25:49
天津市,海河流域,北排水河防潮闸,2026-09-10 02:00,6,19.2,7.48,0.5,1330,43.6084,4.16,0.179,0.102,2.0954,,,2026-09-10 02:25:49
天津市,海河流域,沧浪渠出境,2026-09-10 02:00,4,22.05,7.79,3.6,5980.5,687.757,8.08,,0.287,0.9642,,,2026-09-10 02:25:49
天津市,海河流域,万家码头,2026-09-10 01:00,4,24.82,7.86,3.87,1854.17,27.08,5.85,0.038,0.092,1.35,,,2026-09-10 02:25:49
天津市,海河流域,蓟运河防潮闸,2026-09-10 02:00,-1,,,,,,,,,,,,2026-09-10 02:25:49
天津市,海河流域,青静黄防潮闸,2026-09-10 02:00,4,24.93436,8.57,4.26,6079.789,28.13472,0.36,0.468,0.214,1.252356,,,2026-09-10 02:25:49
天津市,海河流域,马棚口防潮闸,2026-09-10 02:00,4,23.89,7.66,6.26,2572.3,54.8922,7.13,0.899,0.095,4.639,,,2026-09-10 02:25:49
天津市,海河流域,阎辛庄,2026-09-10 02:00,6,19.58436,7.16,1.78,1837.768,52.6122,5.6,0.216,0.156,4.216074,,,2026-09-10 02:25:49
天津市,海河流域,于桥水库出口,2026-09-10 01:00,4,25.49,8.24,4.67,398.789,13.57409,5.29,0.128,0.034,2.1321,,,2026-09-10 02:25:49
天津市,海河流域,黎河桥,2026-09-10 02:00,3,22.142,7.44,7.47,740.1,10.71,1.74,0.078,0.161,11.419,,,2026-09-10 02:25:49
天津市,海河流域,沙河桥,2026-09-10 01:00,2,23.36,7.54,6.04,660.07,16.044,1.34,0.271,0.084,10.326,,,2026-09-10 02:25:49
天津市,海河流域,果河桥,2026-09-10 01:00,2,24.77,7.82,7.47,660.8674,6.8483,1.34,0.002,0.087,11.0966,,,2026-09-10 02:25:49
天津市,海河流域,西屯桥,2026-09-10 01:00,3,24.9,7.62,6.33,474.78,32.2542,5.13,0.124,0.098,2.908,,,2026-09-10 02:25:49
河北省,海河流域,下槐镇,2026-09-10 01:00,3,18.73,8.49,8.9,546.091,291.2928,4.43,0.171,0.139,4.5431,,,2026-09-10 02:25:49
河北省,海河流域,地都,2026-09-10 02:00,3,18.46,8.09,7.15,937.836,175.183,3.09,0.855,0.104,6.157,,,2026-09-10 02:25:49
河北省,海河流域,平山桥,2026-09-10 02:00,2,20.46,7.83,7.87,1131.34,44.174,2.04,0.193,0.026,5.12,,,2026-09-10 02:25:49
河北省,海河流域,兆通,2026-09-10 02:00,1,24.83,8.51,8.39,272.59,3.35,1.58,0.004,0.005,0.8117,,,2026-09-10 02:25:49
河北省,海河流域,大石桥,2026-09-10 02:00,5,22.81482,7.43,5.4,1079.069,34.18091,5.57,1.646,0.204,9.618604,,,2026-09-10 02:25:49
河北省,海河流域,涧河口,2026-09-10 02:00,4,23.88018,7.9,7.12,1556.21,28.32598,6.24,0.123,0.116,1.066032,,,2026-09-10 02:25:49
河北省,海河流域,丰北闸,2026-09-10 02:00,3,26.54822,8.03,9.13,852.7403,17.13758,5.81,,0.183,0.637588,,,2026-09-10 02:25:49
河北省,海河流域,滦县大桥,2026-09-10 02:00,2,23.37,7.94,6.66,592.99,11.82551,2.29,0.04,0.036,4.5841,,,2026-09-10 02:25:49
河北省,海河流域,刘家庄,2026-09-10 02:00,2,17.51,8.23,8.16,586.5481,37.32,1.51,0.035,0.032,3.889,,,2026-09-10 02:25:49
河北省,海河流域,岳城水库出口,2026-09-10 02:00,2,24.48,8.27,7.12,569.534,24.06297,1.46,0.023,0.03,2.7881,,,2026-09-10 02:25:49
河北省,海河流域,曲周,2026-09-10 01:00,3,22.68,7.9,5.72,1000.622,29.084,1.92,0.101,0.115,3.77,,,2026-09-10 02:25:49
河北省,海河流域,沙阳,2026-09-10 01:00,2,21.22,8.24,10.53,1522.44,68.03,2.31,0.117,0.062,3.1488,,,2026-09-10 02:25:49
河北省,海河流域,艾辛庄,2026-09-10 02:00,6,22.16725,7.39,2.79,857.7036,8.280195,6.84,4.065,0.794,12.71116,,,2026-09-10 02:25:49
河北省,海河流域,后西吴桥,2026-09-10 01:00,6,23.21,7.91,6.67,760.25,60.79,5.3,2.818,0.294,10.959,,,2026-09-10 02:25:49
河北省,海河流域,北河店,2026-09-10 01:00,3,23.96,7.78,5.26,576.8966,3.0407,1.62,0.008,0.022,5.797,,,2026-09-10 02:25:49
河北省,海河流域,白合,2026-09-10 02:00,2,19.18,8.22,8.9,506.56,100.8,1.03,,0.092,3.611,,,2026-09-10 02:25:49
河北省,海河流域,杜里村,2026-09-10 02:00,2,15.45,8.53,10.41,433.19,43.44,1.61,,0.071,3.0823,,,2026-09-10 02:25:49
河北省,海河流域,温泉屯,2026-09-10 02:00,4,18.7,8.17,7.51,1082.392,783.1492,8.15,,0.295,10.6131,,,2026-09-10 02:25:49
河北省,海河流域,八号桥,2026-09-10 01:00,3,20.5,8.4,7.6,1079.62,258.025,4.92,0.408,0.122,2.276665,,,2026-09-10 02:25:49
河北省,海河流域,左卫桥,2026-09-10 02:00,4,14.52,8.56,9.29,841.059,705.2183,5.42,0.017,0.3,12.9841,,,2026-09-10 02:25:49
河北省,海河流域,四道甸,2026-09-10 02:00,1,17.21,8.34,8.69,440.553,17.36939,1.63,0.01,0.013,0.7791,,,2026-09-10 02:25:49
河北省,海河流域,上二道河子,2026-09-10 02:00,2,20.77,7.94,6.92,473.118,5.55703,2.6,0.019,,7.1701,,,2026-09-10 02:25:49
河北省,辽河流域,甸子,2026-09-10 02:00,2,14.81,7.74,6.87,451.61,27.04,1.61,0.034,0.032,7.515,,,2026-09-10 02:25:49
河北省,海河流域,何老营,2026-09-10 02:00,3,23.40363,8.47,9.69,3301.366,11.34905,5.53,,0.109,0.836498,,,2026-09-10 02:25:49
河北省,海河流域,大口河口,2026-09-10 02:00,3,22.32,7.89,6.11,7237.08,81.19,4.27,0.066,0.11,3.039,,,2026-09-10 02:25:49
河北省,海河流域,四埝村桥,2026-09-10 01:00,3,23.94,7.99,6.32,4009.593,21.157,5.45,0.227,0.117,1.056,,,2026-09-10 02:25:49
河北省,海河流域,大王务,2026-09-10 01:00,4,23.92,7.61,3.5,775.668,16.13993,4.58,,0.054,0.7661,,,2026-09-10 02:25:49
河北省,海河流域,杨洼闸,2026-09-10 01:00,3,25.04,7.92,7.15,903.1,24.33,4.99,,0.132,5.658,,,2026-09-10 02:25:49
河北省,海河流域,吴村,2026-09-10 01:00,3,25.51,7.7,5.24,759.72,8.2,3.96,0.089,0.124,5.217,,,2026-09-10 02:25:49
河北省,海河流域,台头,2026-09-10 02:00,2,25.09598,7.81,6.17,731.3564,28.12141,2.24,0.054,0.034,0.7941,,,2026-09-10 02:25:49
河北省,海河流域,桑梓红旗闸,2026-09-10 01:00,2,22.91941,7.96,7.33,726.863,36.16585,2.61,0.204,0.096,11.4521,,,2026-09-10 02:25:49
河北省,海河流域,三小营,2026-09-10 02:00,3,22.05842,7.51,6.09,979.4042,19.60768,3.87,0.059,0.101,2.855249,,,2026-09-10 02:25:49
河北省,海河流域,小范桥,2026-09-10 01:00,4,24.76,7.69,3.88,945.146,2.771,4.07,0.056,0.043,0.784,,,2026-09-10 02:25:49
河北省,海河流域,衡水湖大湖心,2026-09-10 01:00,3,23.91,8.59,7.98,1298.22,15.64,5.77,0.016,0.032,0.704,0.032196,1.223727,2026-09-10 02:25:49
河北省,海河流域,南张村,2026-09-10 02:00,1,26.44,8.36,8.67,250.18,2.778,1.67,0.034,0.008,0.7366,,,2026-09-10 02:25:49
河北省,海河流域,安州,2026-09-10 01:00,6,25.05,7.46,1.82,969.4785,31.828,12.93,0.218,0.08,2.835,,,2026-09-10 02:25:49
河北省,海河流域,膳马庙村北,2026-09-10 01:00,4,25.11,7.49,4.4,1023.999,39.9184,4.7,0.33,0.103,4.8085,,,2026-09-10 02:25:49
河北省,海河流域,南刘庄,2026-09-10 02:00,4,24.55,7.47,3.65,694.25,5.66,3.36,0.053,0.04,0.869,0.00534,1042875,2026-09-10 02:25:49
河北省,海河流域,烧车淀,2026-09-10 02:00,2,24.01,7.79,9.16,522.43,0.27,2.62,,,2.779,0.01125,,2026-09-10 02:25:49
河北省,海河流域,圈头,2026-09-10 02:00,3,24.68,8.03,6.33,7222.36,1.746,4.25,,0.029,0.424,0.00361,2640758,2026-09-10 02:25:49
河北省,海河流域,采蒲台,2026-09-10 02:00,3,24.68527,7.43,5.82,700.9593,0.577186,3.61,,0.025,0.326081,0.002098,473946.9,2026-09-10 02:25:49
河北省,海河流域,光淀张庄,2026-09-10 02:00,5,24.61,7.49,2.37,729.92,6.15,2.42,0.077,0.023,1.249,0.00159,1071242,2026-09-10 02:25:49
山西省,黄河流域,韩武村,2026-09-10 02:00,6,20.39,7.48,6.11,896.56,26.49,5.84,2.755,0.327,6.793,,,2026-09-10 02:25:49
山西省,黄河流域,上兰,2026-09-10 02:00,2,20.87,8.11,7.11,689.149,9.610681,1.18,0.006,0.003,1.7411,,,2026-09-10 02:25:49
山西省,黄河流域,汾河水库出口,2026-09-10 02:00,3,22.27,8.24,5.41,622.921,2.429755,2.09,0.012,,1.4001,0.0104437,292975,2026-09-10 02:25:49
山西省,海河流域,堡子湾,2026-09-10 02:00,2,13.11,8.42,7.48,797.765,20.94949,1.52,0.015,0.047,6.3401,,,2026-09-10 02:25:49
山西省,海河流域,册田水库出口,2026-09-10 02:00,3,21.94,8.58,7.57,,31.74395,4.91,0.103,0.08,0.8101,,,2026-09-10 02:25:49
山西省,海河流域,古家坡,2026-09-10 02:00,6,18.3,8.05,0.01,1349.954,33.50993,8.84,0.841,0.355,3.3581,,,2026-09-10 02:25:49
山西省,海河流域,利仁皂,2026-09-10 02:00,3,18.24,8.07,6.43,1565.755,15.55142,4.68,0.019,0.12,5.6131,,,2026-09-10 02:25:49
山西省,海河流域,白羊墅,2026-09-10 02:00,3,17.25,8.25,8.16,981.67,124.83,3.38,0.819,0.118,7.728,,,2026-09-10 02:25:49
山西省,海河流域,王家庄,2026-09-10 02:00,2,20.34,8.35,8.74,599.97,43.48,2.64,0.009,0.041,2.965,,,2026-09-10 02:25:49
山西省,海河流域,司徒桥,2026-09-10 02:00,4,19.63,7.63,3.45,584.7862,47.1978,3.76,0.157,0.067,1.041,,,2026-09-10 02:25:49
山西省,海河流域,关河水库出口,2026-09-10 02:00,4,21.57,7.74,4.63,473.11,8.68,4.22,0.021,0.03,1.4024,,,2026-09-10 02:25:49
山西省,海河流域,北寨,2026-09-10 02:00,3,18.71,7.65,5.52,1039.67,25.77,4.89,0.597,0.108,7.464,,,2026-09-10 02:25:49
山西省,海河流域,后湾水库出口,2026-09-10 01:00,3,22.22,7.81,5.24,475.67,3.953,3.07,0.054,0.021,0.661,,,2026-09-10 02:25:49
山西省,黄河流域,龙头,2026-09-10 02:00,2,16.91,8.3,7.33,557.16,57.2,2.87,0.177,0.043,3.3396,,,2026-09-10 02:25:49
山西省,黄河流域,拴驴泉,2026-09-10 02:00,2,20.92,8.08,8.36,763.2778,24.651,1.6,,0.021,4.3972,,,2026-09-10 02:25:49
山西省,黄河流域,张峰水库出口,2026-09-10 02:00,3,24.8491,7.8,5.89,518.8069,11.3297,2.67,0.008,0.004,2.965696,,,2026-09-10 02:25:49
山西省,海河流域,东榆林水库出口,2026-09-10 02:00,4,19.89,7.78,4.86,714.028,20.04414,2.58,0.429,0.065,2.8841,,,2026-09-10 02:25:49
山西省,黄河流域,杀虎口,2026-09-10 02:00,3,15.67,8.26,8.03,597.022,67.51526,5.05,0.013,0.054,1.7161,,,2026-09-10 02:25:49
山西省,海河流域,王寨村,2026-09-10 01:00,2,19.17,8.28,8.26,570.853,109.145,2.03,0.118,0.045,3.933,,,2026-09-10 02:25:49
山西省,黄河流域,安固桥,2026-09-10 01:00,6,18.573,7.52,3.84,1868.123,30.9008,7.61,3.765,0.515,16.9222,,,2026-09-10 02:25:49
山西省,黄河流域,王庄桥南,2026-09-10 01:00,4,19.05,7.99,7.47,1298.027,183.64,9.29,0.549,0.259,8.184,,,2026-09-10 02:25:49
山西省,黄河流域,郝村,2026-09-10 01:00,3,19.31,7.83,6.39,880.0159,71.089,3.75,0.158,0.115,3.2436,,,2026-09-10 02:25:49
山西省,黄河流域,张留庄,2026-09-10 02:00,6,21.45,7.99,4.22,5054.066,107.622,9.26,4.68,0.289,11.42,,,2026-09-10 02:25:49
山西省,黄河流域,上亳城,2026-09-10 02:00,6,18.77,8.07,8.88,991.487,34.834,3.25,6.639,0.087,12.1741,,,2026-09-10 02:25:49
山西省,黄河流域,小韩村,2026-09-10 01:12,6,20.62,7.54,2.29,847.74,60.199,6.88,10.686,0.365,6.129,,,2026-09-10 02:25:49
山西省,海河流域,梵王寺,2026-09-10 02:00,6,12.97,8.26,9.26,1065.217,150.7646,3.2,0.47,0.49,5.2071,,,2026-09-10 02:25:49
山西省,海河流域,代县桥,2026-09-10 02:00,2,16.97,8.54,8.92,657.06,138.3772,1.82,0.014,0.073,4.1961,,,2026-09-10 02:25:49
山西省,海河流域,定襄桥,2026-09-10 02:00,5,18.57,7.87,5.18,607.501,1023.033,7.76,0.009,0.304,4.4791,,,2026-09-10 02:25:49
山西省,海河流域,坪上桥,2026-09-10 02:00,2,14.83,8.6,9.43,431.028,47.53882,1.93,0.004,0.058,4.4671,,,2026-09-10 02:25:49
山西省,黄河流域,河西村,2026-09-10 02:00,2,14.17,8.37,8.26,562.4,63.64,1.31,0.048,0.076,3.362,,,2026-09-10 02:25:49
山西省,黄河流域,上平望,2026-09-10 02:00,4,20.68,7.67,5.6,1095.22,334.87,8.78,0.758,0.189,6.236,,,2026-09-10 02:25:49
山西省,黄河流域,黑城村,2026-09-10 02:00,3,17.8,8.23,8.46,741.409,578.1123,4.25,0.768,0.134,4.979,,,2026-09-10 02:25:49
山西省,黄河流域,曲立,2026-09-10 02:00,3,14.4,8.32,7.85,578.264,167.8676,3.77,0.046,0.132,4.2241,,,2026-09-10 02:25:49
山西省,黄河流域,裴家川口,2026-09-10 02:00,2,15.77,8.21,8.77,509.312,113.3047,2.28,,0.072,4.8571,,,2026-09-10 02:25:49
山西省,黄河流域,碛口,2026-09-10 02:00,3,17.33,8.51,8.16,862.649,45.51454,4.42,0.763,0.126,8.2471,,,2026-09-10 02:25:49
山西省,黄河流域,裴沟,2026-09-10 02:00,4,16.59,8.42,8.14,573.199,451.1137,4.78,1.118,0.225,4.9261,,,2026-09-10 02:25:49
山西省,黄河流域,三川河两河口桥,2026-09-10 02:00,4,18.85,7.97,7.71,762.678,88.98185,5.32,0.891,0.228,6.2591,,,2026-09-10 02:25:49
山西省,黄河流域,碧村,2026-09-10 02:00,3,17.29,8.43,9.56,642.906,38.67472,2.88,0.333,0.104,5.8211,,,2026-09-10 02:25:49
山西省,黄河流域,北峪口,2026-09-10 02:00,2,18.66934,7.96,6.01,565.23,31.46265,1.6,0.024,0.022,3.2541,,,2026-09-10 02:25:49
山西省,黄河流域,南姚,2026-09-10 02:00,6,18.15,7.4,,906.58,26.68,9.36,7.129,0.455,10.214,,,2026-09-10 02:25:49
内蒙古自治区,黄河流域,磴口,2026-09-10 01:00,2,18.32,8.29,7.86,971.2039,271.8829,1.84,0.142,0.048,2.01325,,,2026-09-10 02:25:49
内蒙古自治区,松花江流域,根河口内,2026-09-10 02:00,4,13.95,6.87,9,83.5,19.74,6.43,,0.027,0.238,,,2026-09-10 02:25:49
内蒙古自治区,松花江流域,李屯,2026-09-10 02:00,4,14.75,7.16,8.98,85.732,36.6255,8.49,,0.057,0.765,,,2026-09-10 02:25:49
内蒙古自治区,松花江流域,陶海,2026-09-10 01:00,4,14.3,7.53,9.8,146.4,23.5,6.29,,0.059,0.413,,,2026-09-10 02:25:49
内蒙古自治区,松花江流域,嵯岗,2026-09-10 02:00,4,15.4,7.95,8.96,227.162,54.791,8.04,,0.101,0.56,,,2026-09-10 02:25:49
内蒙古自治区,松花江流域,成吉思汗,2026-09-10 02:00,2,15.99,7.09,8.9,138.36,14.91,2.29,,0.026,1.135,,,2026-09-10 02:25:49
内蒙古自治区,松花江流域,讷尔克气,2026-09-10 01:00,3,12.56,7.1,9.86,72.062,11.136,5.25,0.005,0.021,0.279,,,2026-09-10 02:25:49
内蒙古自治区,黄河流域,总排干入黄口,2026-09-10 02:00,4,18.891,8.91,10.22,3635.548,166.371,9.64,0.884,0.164,2.7301,,,2026-09-10 02:25:49
内蒙古自治区,黄河流域,卧佛下,2026-09-10 01:00,2,11.95,8.35,10.69,764.8244,12.45085,2.53,0.06,0.019,7.83741,,,2026-09-10 02:25:49
内蒙古自治区,松花江流域,大山矿,2026-09-10 02:00,2,11.64,7.96,10.1,219.96,10.72,3.2,,0.025,0.243,,,2026-09-10 02:25:49
内蒙古自治区,松花江流域,斯力很,2026-09-10 00:00,3,17.1,7.75,8.55,267.2,228.2,5.95,,0.091,3.327,,,2026-09-10 02:25:49
内蒙古自治区,松花江流域,察尔森水库西入口,2026-09-10 02:00,3,19.41,7.67,8.53,163.03,47.56,3.48,,0.032,1.441,0.01198,3373270,2026-09-10 02:25:49
辽宁省,辽河流域,蒲河沿,2026-09-10 02:00,5,17.21,7.53,2.7,671,43.3,6.07,,0.159,2.767,,,2026-09-10 02:25:49
辽宁省,辽河流域,于台,2026-09-10 02:00,3,18.98,7.01,5.74,935.663,9.785,3.25,0.7,0.094,7.898,,,2026-09-10 02:25:49
辽宁省,辽河流域,巨流河大桥,2026-09-10 02:00,4,20.99,8.48,9.22,599.3,89.8,7.8,,0.141,1.72,,,2026-09-10 02:25:49
辽宁省,辽河流域,兴国桥,2026-09-10 02:00,2,15.6,7.15,6.22,644.373,6.113,1.9,,0.02,1.37,,,2026-09-10 02:25:49
辽宁省,辽河流域,城子坦,2026-09-10 01:00,2,21.31737,8.13,9.43,270.6884,9.16562,1.78,0.026,0.044,3.27848,,,2026-09-10 02:25:49
辽宁省,辽河流域,麦家,2026-09-10 01:00,3,22.06,7.81,5.78,479.8,20.69,4.62,0.15,0.097,2.336,,,2026-09-10 02:25:49
辽宁省,辽河流域,复州湾大桥,2026-09-10 02:00,2,18.8451,8.15,8.72,575.109,8.12398,3.6,0.007,0.064,4.628,,,2026-09-10 02:25:49
辽宁省,辽河流域,三台子,2026-09-10 01:00,3,23.09677,8.24,8.05,1205.524,13.45827,5.02,0.066,0.132,3.65628,,,2026-09-10 02:25:49
辽宁省,辽河流域,万泰,2026-09-10 01:00,2,23.92,7.8,7.2,142.105,8.67496,3.12,0.022,0.022,2.58092,,,2026-09-10 02:25:49
辽宁省,辽河流域,登化,2026-09-10 02:00,3,20.4574,8.79,13.08,616.195,18.9649,5.57,0.016,0.132,4.733,,,2026-09-10 02:25:49
辽宁省,辽河流域,小姐庙,2026-09-10 02:00,3,21.09,7.74,5.29,724.3,7.84,2.11,0.064,0.083,3.734,,,2026-09-10 02:25:49
辽宁省,辽河流域,口子街,2026-09-10 01:00,1,20.44,8.48,8.09,291.5,3.93391,1.93,0.023,0.02,3.434,,,2026-09-10 02:25:49
辽宁省,辽河流域,牛庄,2026-09-10 02:00,2,21.0981,8.06,6.04,647.903,41.7403,3.86,0.118,0.077,2.994,,,2026-09-10 02:25:49
辽宁省,辽河流域,关门山大桥,2026-09-10 02:00,2,18.76,7.98,7.04,382.736,5.257,1.46,,0.009,4.629,,,2026-09-10 02:25:49
辽宁省,辽河流域,刘家台,2026-09-10 02:00,2,19.763,8.1,8.72,692.639,33.937,2.97,0.013,0.082,3.57,,,2026-09-10 02:25:49
辽宁省,辽河流域,大伙房水库,2026-09-10 02:00,2,22.98,7.25,8.43,214.64,17.12,3.6,0.052,0.044,4.217,0.07547,,2026-09-10 02:25:49
辽宁省,辽河流域,戈布桥,2026-09-10 02:00,2,19.98,8.46,10.47,680.3,5.11,2.93,0.037,0.056,4.637,,,2026-09-10 02:25:49
辽宁省,辽河流域,北杂木,2026-09-10 01:00,2,18.21,7.48,9.91,331.82,4.76,1.88,,0.025,5.762,,,2026-09-10 02:25:49
辽宁省,辽河流域,北太子河入观音阁水库口,2026-09-10 02:00,2,18.6975,7.77,8.64,266.6875,31.855,1.37,0.024,0.025,5.045161,,,2026-09-10 02:25:49
辽宁省,辽河流域,老官砬子,2026-09-10 02:00,1,18.46,7.86,8.61,329.9,4.4,1.8,0.018,0.018,2.834,,,2026-09-10 02:25:49
辽宁省,辽河流域,兴安,2026-09-10 02:00,2,21.25,7.76,6.21,445.6,11.4,1.61,0.006,0.028,2.992,,,2026-09-10 02:25:49
辽宁省,辽河流域,凤鸣电站,2026-09-10 01:00,2,20.93,8.4,10.77,217.17,4.34,2.36,,0.018,3.276,,,2026-09-10 02:25:49
辽宁省,辽河流域,南太子河入库口,2026-09-10 01:00,1,18.99,7.62,8.06,192.1,1.99,0.48,0.009,0.007,4.712,,,2026-09-10 02:25:49
辽宁省,辽河流域,江桥,2026-09-10 01:00,3,21.72,7.15,5.42,158.7,14.17,1.25,,0.014,2.62,,,2026-09-10 02:25:49
辽宁省,辽河流域,蒲石河大桥,2026-09-10 01:00,1,22.07,7.67,8.19,213.59,3.163,1.37,0.032,0.016,2.418,,,2026-09-10 02:25:49
辽宁省,辽河流域,王家沟,2026-09-10 01:00,2,21.17,8.12,7.97,669.17,11.57,2.1,0.008,0.026,5.228,,,2026-09-10 02:25:49
辽宁省,辽河流域,西八千,2026-09-10 01:00,2,20.32,8.56,8.85,660.39,16.76,3.71,0.038,0.032,4.945,,,2026-09-10 02:25:49
辽宁省,辽河流域,张家堡,2026-09-10 02:00,3,21.71,8.12,8.75,732.47,9.091,2.02,0.723,0.051,5.871,,,2026-09-10 02:25:49
辽宁省,辽河流域,女儿河入河口,2026-09-10 02:00,2,21.94,8.05,10.11,977.76,13.24,1.14,,0.037,13.403,,,2026-09-10 02:25:49
辽宁省,辽河流域,何家信子,2026-09-10 02:00,2,19.98,8.18,7.07,466.2,3.29,2.94,,0.026,0.978,,,2026-09-10 02:25:49
辽宁省,辽河流域,西树林,2026-09-10 01:00,3,22.31,7.94,6.86,872.5,22.7,4.24,0.338,0.153,5.146,,,2026-09-10 02:25:49
辽宁省,辽河流域,高台子,2026-09-10 01:00,6,20.22,7.59,1.08,1180.48,16.341,4.46,,0.103,8.505,,,2026-09-10 02:25:49
辽宁省,辽河流域,茧场,2026-09-10 01:00,6,19.17,9.09,10.45,301.9039,415.7084,1.73,0.008,0.008,6.2441,,,2026-09-10 02:25:49
辽宁省,辽河流域,大清河口,2026-09-10 01:00,3,23.23,8.47,7.67,526.83,31.978,5.87,0.081,0.067,4.273,,,2026-09-10 02:25:49
辽宁省,辽河流域,东羊角,2026-09-10 02:00,4,19.28,7.52,6.93,718.8,18.7,3.6,0.872,0.214,6.894,,,2026-09-10 02:25:49
辽宁省,辽河流域,河洪桥,2026-09-10 01:00,3,19.5685,7.62,7.85,786.014,14.3332,3.35,0.314,0.131,7.154,,,2026-09-10 02:25:49
辽宁省,辽河流域,下王家,2026-09-10 01:00,2,20.1748,7.36,6.25,628.952,4.96407,1.38,,0.027,5.458,,,2026-09-10 02:25:49
辽宁省,辽河流域,汤河桥,2026-09-10 02:00,2,19.55,7.79,8.68,556,4.87258,0.32,0.0002,0.034,3.354,,,2026-09-10 02:25:49
辽宁省,辽河流域,下达河入汤河水库口,2026-09-10 01:00,2,15.7422,7.93,7.29,427.704,2.521,1.6,,0.012,3.895,,,2026-09-10 02:25:49
辽宁省,辽河流域,丁家柳河桥,2026-09-10 01:00,4,21.42,8.33,9.04,608.031,42.417,7.65,0.116,0.128,1.12,,,2026-09-10 02:25:49
辽宁省,辽河流域,盘锦兴安,2026-09-10 02:00,4,20.45,8.06,4.82,544.42,47.17,6.79,,0.141,1.681,,,2026-09-10 02:25:49
辽宁省,辽河流域,曙光大桥,2026-09-10 02:00,3,22.86,7.62,5.49,1000.37,104.01,5.07,0.075,0.138,2.218,,,2026-09-10 02:25:49
辽宁省,辽河流域,胜利塘,2026-09-10 01:00,4,20.91,7.58,3.04,1043.2,58.44,5.82,0.061,0.102,1.407,,,2026-09-10 02:25:49
辽宁省,辽河流域,鲜峰桥,2026-09-10 02:00,4,20.25,8.39,16.31,1072.87,57.732,8.86,,0.181,1.146,,,2026-09-10 02:25:49
辽宁省,辽河流域,清辽,2026-09-10 02:00,2,19.873,7.66,8.47,475.2,35.9,2.77,,0.061,5.355,,,2026-09-10 02:25:49
辽宁省,辽河流域,通江口,2026-09-10 02:00,4,20.5,8.14,10.19,737.24,63.55,6.43,,0.102,3.795,,,2026-09-10 02:25:49
辽宁省,辽河流域,珠尔山,2026-09-10 02:00,4,20.12,8.27,10.54,510.26,35.88,6.62,,0.103,2.297,,,2026-09-10 02:25:49
辽宁省,辽河流域,柴河水库入库口,2026-09-10 02:00,2,18.81,7.94,8.63,448.84,41.61,3.4,,0.072,6.543,,,2026-09-10 02:25:49
辽宁省,辽河流域,凡河一号桥,2026-09-10 02:00,2,22.49,8.78,9.21,343.3,23.2,2.59,,0.046,3.5775,,,2026-09-10 02:25:49
辽宁省,辽河流域,松树水文站,2026-09-10 01:00,2,18.52,7.96,7.83,452.68,53.2,3.9,,0.084,8.477,,,2026-09-10 02:25:49
辽宁省,辽河流域,亮子河入河口,2026-09-10 02:00,3,18.5,7.68,6.35,659.4,20.68,5.02,0.071,0.194,3.321,,,2026-09-10 02:25:49
辽宁省,辽河流域,清河水库入库口,2026-09-10 01:00,2,15.74,7.64,8.28,338.35,10.99,1.46,,0.055,7.119,,,2026-09-10 02:25:49
辽宁省,辽河流域,凌鸿大桥,2026-09-10 02:00,2,21.24,8.29,8.69,758.6,20.5,1.62,0.008,0.035,10.839,,,2026-09-10 02:25:49
辽宁省,辽河流域,章吉营,2026-09-10 02:00,2,20.01,8.17,8.55,815.7,15,1.61,0.011,0.038,10.27,,,2026-09-10 02:25:49
辽宁省,辽河流域,大凌河西支入河口,2026-09-10 02:00,2,15.85,8.04,7.84,961.59,9.791,1.59,,0.052,20.868,,,2026-09-10 02:25:49
辽宁省,辽河流域,李家湾大桥,2026-09-10 02:00,2,15.4,7.86,8.74,509.1,30.7,1.02,,0.031,4.998,,,2026-09-10 02:25:49
辽宁省,辽河流域,王家窝棚,2026-09-10 02:00,2,18.26,7.47,7.21,515.1,2.6,1.72,0.008,0.062,4.431,,,2026-09-10 02:25:49
辽宁省,辽河流域,红石碑入海前,2026-09-10 02:00,2,21.65,8.21,10.28,1133.641,21.832,3.98,0.058,0.067,3.221,,,2026-09-10 02:25:49
辽宁省,辽河流域,小渔场,2026-09-10 01:00,6,23.53,7.23,1.43,28855.45,2.653,1.65,0.277,0.062,4.181,,,2026-09-10 02:25:49
吉林省,松花江流域,新立城大坝,2026-09-10 01:00,3,22.22,8.59,6.02,281.3,23.9875,4.7,0.053,0.039,1.094,,,2026-09-10 02:25:49
吉林省,松花江流域,松花江村,2026-09-10 02:00,3,19.09,7.01,8.12,261.33,74.9,4.19,0.09,0.193,4.048,,,2026-09-10 02:25:49
吉林省,松花江流域,靠山南楼,2026-09-10 02:00,4,18.84,8.12,8.94,621.72,52.06,7.14,0.292,0.197,4.526,,,2026-09-10 02:25:49
吉林省,松花江流域,砖瓦窑桥,2026-09-10 01:00,3,16.12,7.7,6.56,523.91,42.06,3.98,0.04,0.14,1.753,,,2026-09-10 02:25:49
吉林省,松花江流域,镇江口,2026-09-10 01:00,4,19.46,7.87,8.85,313.9,66.47,6.07,,0.127,3.764,,,2026-09-10 02:25:49
吉林省,松花江流域,靠山大桥,2026-09-10 01:00,5,18.36,8.31,10.48,775.89,98.4,8.73,0.062,0.312,4.353,,,2026-09-10 02:25:49
吉林省,松花江流域,饮马河大桥,2026-09-10 01:00,2,19.52,7.42,6.98,236.5,37.43,3.44,,0.059,2.3,,,2026-09-10 02:25:49
吉林省,松花江流域,刘珍屯,2026-09-10 01:00,3,19.24,7.6,9.49,486.36,46.59,4.54,0.007,0.169,3.244,,,2026-09-10 02:25:49
吉林省,松花江流域,周家河口,2026-09-10 02:00,5,17.42,7.47,6.41,623.91,251.31,11.55,0.073,0.399,3.193,,,2026-09-10 02:25:49
吉林省,松花江流域,白旗,2026-09-10 01:00,3,19.0236,7.21,7.81,261.014,57.5395,4.04,0.044,0.122,5.0484,,,2026-09-10 02:25:49
吉林省,松花江流域,白山大桥,2026-09-10 02:00,4,18.07,6.74,5.26,107.444,35.014,6.78,,0.053,2.206,,,2026-09-10 02:25:49
吉林省,松花江流域,福兴,2026-09-10 01:00,6,20.43,9.16,14.49,337.305,27.76,4.94,0.024,0.064,3.544,,,2026-09-10 02:25:49
吉林省,松花江流域,桦树林,2026-09-10 02:00,4,18.61,7.49,7.39,168.085,37.6,6.04,0.019,0.065,2.664,0.00467,675840,2026-09-10 02:25:49
吉林省,松花江流域,官厅桥,2026-09-10 01:00,5,19.68,7.13,2.76,396.5,27.708,2.75,0.184,0.088,1.68,,,2026-09-10 02:25:49
吉林省,松花江流域,蛟河口,2026-09-10 01:00,3,16.162,7.46,7.9,294.911,40.661,4.69,0.06,0.067,4.483,,,2026-09-10 02:25:49
吉林省,松花江流域,哨口,2026-09-10 01:00,3,19.6374,7.02,7.67,280.048,48.7899,4.01,0.131,0.102,4.2984,,,2026-09-10 02:25:49
吉林省,松花江流域,肖家船口,2026-09-10 01:00,3,14.7558,6.64,7.32,205.685,6.7399,5.8,0.261,0.199,3.3762,,,2026-09-10 02:25:49
吉林省,松花江流域,烟筒山,2026-09-10 01:00,2,18.06,8.09,9.52,345.981,44.745,2.74,0.064,0.06,3.917,,,2026-09-10 02:25:49
吉林省,辽河流域,四双大桥,2026-09-10 01:00,3,19.26,8.19,10.69,639.41,65.66,5.83,,0.104,2.049,,,2026-09-10 02:25:49
吉林省,辽河流域,城子上,2026-09-10 01:00,2,20.01,7.91,7.5,479.85,8.07,3.1,,0.072,2.981,,,2026-09-10 02:25:49
吉林省,辽河流域,六家子,2026-09-10 02:00,3,16.63,7.85,8.6,732.4,19.4,2.32,0.024,0.119,9.0275,,,2026-09-10 02:25:49
吉林省,辽河流域,林家,2026-09-10 02:00,3,18.4,7.77,8.32,838.8,31.7,4.79,0.028,0.159,9.083,,,2026-09-10 02:25:49
吉林省,辽河流域,河清,2026-09-10 02:00,2,17.09,7.81,6.16,1090.8,10.71,3.8,,0.041,5.988,,,2026-09-10 02:25:49
吉林省,辽河流域,民主,2026-09-10 01:00,2,19.086,8.84,11.12,329.4,20.052,3.51,0.012,0.027,3.143,,,2026-09-10 02:25:49
吉林省,松花江流域,高集岗桥,2026-09-10 01:00,2,19.44,8.05,9.06,284.2,23.993,2.94,0.019,0.04,3.724,,,2026-09-10 02:25:49
吉林省,辽河流域,云峰,2026-09-10 02:00,4,20.655,7.12,4.8,135.493,19.1185,2.18,0.012,0.02,1.759,,,2026-09-10 02:25:49
吉林省,辽河流域,老虎哨,2026-09-10 02:00,2,26.013,7.42,8.77,,14.6189,2.71,0.032,0.013,2.157,,,2026-09-10 02:25:49
吉林省,辽河流域,鸠谷,2026-09-10 02:00,2,12.6,7.47,9.44,123,16.9,2.73,0.148,0.057,1.378,,,2026-09-10 02:25:49
吉林省,辽河流域,葫芦套,2026-09-10 01:00,2,18.74,7.97,8.82,122.597,27.797,2.28,0.012,0.037,1.18,,,2026-09-10 02:25:49
吉林省,辽河流域,大阳岔,2026-09-10 01:00,2,9.84,8.07,7.14,291.628,7.93,0.44,,0.016,1.568,,,2026-09-10 02:25:49
吉林省,松花江流域,松林,2026-09-10 02:00,2,18.21,7.26,8.17,312.18,22.59,3.92,0.061,0.086,3.303,,,2026-09-10 02:25:49
吉林省,松花江流域,白沙滩,2026-09-10 02:00,4,19.1,7.68,8.59,128.31,43.94,7.07,0.146,0.115,1.595,,,2026-09-10 02:25:49
吉林省,松花江流域,月亮湖下,2026-09-10 02:00,4,19.06,8.7,8.58,453.24,122.46,6.78,,0.058,1.189,,,2026-09-10 02:25:49
吉林省,松花江流域,圈河,2026-09-10 02:00,3,17.977,7.62,9.08,120.536,90.904,4.06,0.092,0.085,2.276,,,2026-09-10 02:25:49
吉林省,松花江流域,大山,2026-09-10 02:00,3,19.2,8.39,9.79,150.425,42.167,5.52,0.044,0.086,1.663,,,2026-09-10 02:25:49
吉林省,松花江流域,崇善,2026-09-10 01:00,4,11.5,7.01,10.26,100.75,27.073,6.06,0.031,0.116,1.022,,,2026-09-10 02:25:49
吉林省,松花江流域,榆树川,2026-09-10 02:00,2,16.8,7.95,8.54,208.822,20.143,2.79,0.02,0.037,1.808,,,2026-09-10 02:25:49
吉林省,松花江流域,石井,2026-09-10 01:00,3,16.86,7.77,8.83,252.679,114.247,4.23,0.123,0.142,2.409,,,2026-09-10 02:25:49
吉林省,松花江流域,三家子,2026-09-10 01:00,3,18.62,7.45,9.08,99.53,47.461,4.17,0.022,0.042,1.208,,,2026-09-10 02:25:49
吉林省,松花江流域,建封路大桥,2026-09-10 01:00,2,9.86,7.66,10.28,205.761,11.857,1.11,0.008,0.072,0.794,,,2026-09-10 02:25:49
黑龙江省,松花江流域,苗家,2026-09-10 01:00,3,19.7,7.88,9.38,201.5,50.1,4.61,0.035,0.164,2.153,,,2026-09-10 02:25:49
黑龙江省,松花江流域,磨盘山水库出口,2026-09-10 02:00,2,21.355,6.78,7.13,69.812,4.267,,0.022,0.02,1.994,0.0037,20480,2026-09-10 02:25:49
黑龙江省,松花江流域,朱顺屯,2026-09-10 01:00,4,21.3581,7.77,6.6,244.024,85.7644,6.93,0.053,0.144,1.706,,,2026-09-10 02:25:49
黑龙江省,松花江流域,阿什河口内,2026-09-10 01:00,4,19.203,7.08,3.26,672.76,29.04,4.91,1.44,0.134,5.77,,,2026-09-10 02:25:49
黑龙江省,松花江流域,呼兰河口内,2026-09-10 02:00,5,17.11,7.37,9.46,184.75,388.99,13.12,0.483,0.35,3.559,,,2026-09-10 02:25:49
黑龙江省,松花江流域,大顶子山,2026-09-10 01:00,3,21.0021,7.59,7.16,245.293,49.2288,5.18,0.058,0.119,3.622,,,2026-09-10 02:25:49
黑龙江省,松花江流域,拉哈,2026-09-10 01:00,4,19.11,7.7,7.69,112.06,45.94,8.57,,0.092,1.381,,,2026-09-10 02:25:49
黑龙江省,松花江流域,查哈阳乡,2026-09-10 02:00,3,15.6,7.52,9.42,89.5,37.6,5.44,,0.04,0.531,,,2026-09-10 02:25:49
黑龙江省,松花江流域,音河水库,2026-09-10 02:00,3,19.23,7.71,8.1,224.98,146.26,4.85,,0.108,3.277,,,2026-09-10 02:25:49
黑龙江省,松花江流域,浏园,2026-09-10 01:00,4,18.3,7.4,8.3,119.1,76.6,8.29,,0.088,2.364,,,2026-09-10 02:25:49
黑龙江省,松花江流域,江桥,2026-09-10 02:00,3,19.25,7.8,8.55,144.186,71.7,5.71,,0.07,2.571,,,2026-09-10 02:25:49
黑龙江省,松花江流域,富源村,2026-09-10 02:00,4,18.39,7.62,8.33,112.63,39.4,7.9,0.016,0.079,0.788,,,2026-09-10 02:25:49
黑龙江省,松花江流域,泄洪1闸,2026-09-10 02:00,3,17.522,8.18,9.51,259.764,101.447,4.9,,0.04,1.166,0.016,15744,2026-09-10 02:25:49
黑龙江省,松花江流域,858九队,2026-09-10 01:00,4,21.69,8.93,8.72,130,21.6827,6.19,0.195,0.184,1.3287,,,2026-09-10 02:25:49
黑龙江省,松花江流域,名山,2026-09-10 01:00,5,17.012,7.6,8.92,117.365,31.67,10.5,0.051,0.037,0.694,,,2026-09-10 02:25:49
黑龙江省,松花江流域,饶河上,2026-09-10 01:00,5,18.82,6.76,5.8,67.1,19.807,11.54,0.035,0.066,2.092,,,2026-09-10 02:25:49
黑龙江省,松花江流域,肇源,2026-09-10 02:00,4,19.77,8.06,8.25,304.61,43.08,7.53,0.172,0.163,1.307,,,2026-09-10 02:25:49
黑龙江省,松花江流域,嫩江口内,2026-09-10 02:00,4,19.59,7.89,8.52,194.581,116.091,6.65,,0.108,1.795,,,2026-09-10 02:25:49
黑龙江省,松花江流域,友好,2026-09-10 01:00,6,12.8,6.93,9.69,71.218,21.464,20.94,0.023,0.063,1.626,,,2026-09-10 02:25:49
黑龙江省,松花江流域,嘉荫,2026-09-10 02:00,5,16.38,7.36,8.77,111.068,18.449,11.32,0.03,0.055,1.007,,,2026-09-10 02:25:49
黑龙江省,松花江流域,双河渠首,2026-09-10 01:00,-1,,,,,,,,,,,,2026-09-10 02:25:49
黑龙江省,松花江流域,三岔口,2026-09-10 02:00,4,17.78,7.34,8.69,120.28,61.145,9.63,0.104,0.095,1.527,,,2026-09-10 02:25:49
黑龙江省,松花江流域,海浪,2026-09-10 02:00,3,17.39,7.36,9.72,128.7,67.09,5.96,0.044,0.099,3.236,,,2026-09-10 02:25:49
黑龙江省,松花江流域,三道,2026-09-10 01:00,5,22.62,7.21,5.83,119.5,118.96,5.24,0.06,0.129,3.659,0.053223,29824,2026-09-10 02:25:49
黑龙江省,松花江流域,电视塔,2026-09-10 02:00,5,22.23,7.05,5.61,102.4,64.747,7.98,0.038,0.113,2.523,0.00259,16000,2026-09-10 02:25:49
黑龙江省,松花江流域,海浪河口内,2026-09-10 01:00,2,16.15,6.77,9.27,112.1,41.23,3.9,0.039,0.025,2.687,,,2026-09-10 02:25:49
黑龙江省,松花江流域,黑河下,2026-09-10 02:00,4,15.05,7.61,8.72,143.377,24.5307,9.11,0.018,0.052,0.5586,,,2026-09-10 02:25:49
黑龙江省,松花江流域,呼玛上,2026-09-10 02:00,4,15.29,7.46,9.48,144.309,23.479,8.71,0.054,0.082,1.172,,,2026-09-10 02:25:49
黑龙江省,松花江流域,呼玛河口内,2026-09-10 02:00,4,14.76,7.39,9.47,72.794,1.66,6.77,,0.026,0.206,,,2026-09-10 02:25:49
黑龙江省,松花江流域,加格达奇上,2026-09-10 02:00,3,11.92,6.92,9.57,63.932,7.5371,5.09,,0.015,0.262,,,2026-09-10 02:25:49
上海市,长江流域,富锦路桥,2026-09-10 02:00,3,28.5,7.81,5.39,528.2,67.3,3.26,0.02,0.142,2.459,,,2026-09-10 02:25:49
上海市,太湖流域,明星路桥,2026-09-10 01:00,3,26.97,7.33,5.39,420.1991,64.75535,3.83,0.089,0.122,1.22777,,,2026-09-10 02:25:49
上海市,太湖流域,临江,2026-09-10 02:00,4,28.29,7.53,4.52,378.36,41.11,3.02,0.03,0.12,1.573,,,2026-09-10 02:25:49
上海市,太湖流域,浙江路桥,2026-09-10 02:00,4,28.202,7.45,4.03,452.444,36.544,3.5,0.018,0.182,2.699,,,2026-09-10 02:25:49
上海市,太湖流域,闵行西界,2026-09-10 02:00,4,28.57,7.42,4.16,365.32,53.5,3.15,,0.098,1.482,,,2026-09-10 02:25:49
上海市,太湖流域,吴淞口,2026-09-10 02:00,3,28.185,7.97,6.97,390.746,47.042,2.24,0.001,0.112,1.973,,,2026-09-10 02:25:49
上海市,太湖流域,蕴川路桥,2026-09-10 02:00,3,26.24,7.8,6,489.27,82.32,3.03,,0.134,2.278,,,2026-09-10 02:25:49
上海市,太湖流域,黄渡,2026-09-10 02:00,3,27.48,7.62,5.16,541.4,55.19,3.57,0.146,0.133,1.65,,,2026-09-10 02:25:49
上海市,太湖流域,三甲港,2026-09-10 02:00,2,27.67,8.01,7.4,383.2,51.73,2.5,0.097,0.096,1.949,,,2026-09-10 02:25:49
上海市,太湖流域,二团,2026-09-10 02:00,3,27.79,7.72,5.41,470.77,30.05,2.6,0.019,0.126,1.767,,,2026-09-10 02:25:49
上海市,太湖流域,横潦泾,2026-09-10 02:00,4,27.83,7.42,4.35,363.97,68.96,3.59,,0.109,1.591,,,2026-09-10 02:25:49
上海市,太湖流域,斜塘口,2026-09-10 02:00,4,28.29,7.4,4.3,361.52,61.74,3.75,0.001,0.058,1.558,,,2026-09-10 02:25:49
上海市,太湖流域,急水港桥,2026-09-10 02:00,4,26.54,7.53,3.94,419.1,23.5,3.38,0.037,0.081,1.15,0.0107,4235433,2026-09-10 02:25:49
上海市,太湖流域,淀峰,2026-09-10 02:00,3,26.56,7.83,6.74,389.38,68.08,4.48,0.006,0.146,1.379,,,2026-09-10 02:25:49
上海市,太湖流域,太浦河桥,2026-09-10 02:00,4,27.5,7.39,3.87,329.15,40.96,3.4,0.044,0.067,1.169,,,2026-09-10 02:25:49
上海市,太湖流域,钱桥,2026-09-10 02:00,3,27.1,7.58,5.02,380.1,42.8,2.35,0.024,0.109,1.456,,,2026-09-10 02:25:49
上海市,长江流域,五效,2026-09-10 02:00,2,27.97,7.99,7.14,362.62,36.77,1.55,,0.044,1.292,,,2026-09-10 02:25:49
江苏省,长江流域,陈浅,2026-09-10 02:00,6,25.3,7.31,1.76,408.9,20.26,3.31,0.038,0.065,1.658,,,2026-09-10 02:25:49
江苏省,长江流域,七桥瓮,2026-09-10 02:00,3,27.53,7.77,5.18,337.87,33.68,2.8,0.077,0.093,1.651,,,2026-09-10 02:25:49
江苏省,长江流域,节制闸,2026-09-10 01:00,2,26.69,7.75,6.76,292.13,30.51,2.22,0.032,0.072,1.588,,,2026-09-10 02:25:49
江苏省,长江流域,钱家渡,2026-09-10 01:00,2,28.13,8.04,7.25,269.41,31.15,3.37,,0.057,0.864,,,2026-09-10 02:25:49
江苏省,太湖流域,锡东水厂,2026-09-10 02:00,3,25.89,8.75,8.7,377.2,22.49,2.53,0.049,0.039,0.948,0.02075,2757430,2026-09-10 02:25:49
江苏省,太湖流域,蠡桥,2026-09-10 01:00,2,26.79,7.87,6.61,389.05,38.82,2.43,0.15,0.053,0.563,,,2026-09-10 02:25:49
江苏省,太湖流域,百渎港桥,2026-09-10 01:00,4,28.4,7.48,4.08,476.6,44.84,4.85,0.007,0.126,1.805,,,2026-09-10 02:25:49
江苏省,太湖流域,殷村港桥,2026-09-10 02:00,4,27,7.35,4.57,380.24,35.97,4.26,0.049,0.091,0.814,,,2026-09-10 02:25:49
江苏省,太湖流域,大浦港桥,2026-09-10 02:00,3,27.8,7.61,5.87,393.9,64.2,4.17,0.067,0.112,1.754,,,2026-09-10 02:25:49
江苏省,太湖流域,五牧,2026-09-10 01:00,3,27.58,7.17,5.68,382.81,27.37,2.66,0.095,0.124,2.532,,,2026-09-10 02:25:49
江苏省,太湖流域,拖山,2026-09-10 02:00,4,26.39,,7.86,366.19,82.01,5.77,,0.078,0.98,0.00279,2.198315,2026-09-10 02:25:49
江苏省,太湖流域,五里湖心,2026-09-10 02:00,5,26.88,8.23,6.98,389.85,39.01191,4.03,,0.105,0.438,0.00496,1.932544,2026-09-10 02:25:49
江苏省,太湖流域,金潼桥,2026-09-10 02:00,2,28.64,7.92,7.98,320,31.15,1.85,0.055,0.065,1.963,,,2026-09-10 02:25:49
江苏省,太湖流域,大港桥,2026-09-10 02:00,3,25.1,6.58,5.83,138.17,4.56,2.31,0.04,0.028,2.21,,,2026-09-10 02:25:49
江苏省,太湖流域,潘家坝,2026-09-10 02:00,3,28.2,7.4,5.44,393.51,41.11,4.09,,0.11,1.794,,,2026-09-10 02:25:49
江苏省,太湖流域,长济桥,2026-09-10 02:00,2,27.79,7.92,6.84,305.4,17.76,1.6,0.006,0.063,1.933,,,2026-09-10 02:25:49
江苏省,太湖流域,钓邾大桥,2026-09-10 01:00,2,27.45,8.31,6.89,380.94,39.62,2.73,0.109,0.07,1.146,,,2026-09-10 02:25:49
江苏省,长江流域,小湾,2026-09-10 02:00,2,27.8,7.91,6.86,299.47,27.65,1.54,,0.063,1.879,,,2026-09-10 02:25:49
江苏省,淮河流域,李庄,2026-09-10 01:00,3,26.86,7.9,5.9,602.2,13.4,5.26,0.146,0.133,2.408,,,2026-09-10 02:25:49
江苏省,淮河流域,蔺家坝,2026-09-10 01:00,4,26.96,7.68,3.11,1428.6,57.9,5.58,0.035,0.1,1.195,,,2026-09-10 02:25:49
江苏省,淮河流域,李集桥,2026-09-10 01:00,4,26.32,8.2,4.68,1331.86,17.23,4.76,0.115,0.058,0.836,,,2026-09-10 02:25:49
江苏省,淮河流域,华山闸,2026-09-10 01:00,3,26.16,8.36,5.18,1173.4,11.22,5.48,0.031,0.07,0.882,,,2026-09-10 02:25:49
江苏省,淮河流域,沙庄桥,2026-09-10 02:00,4,26.98,8,4.58,1197.7,23.7,7.04,0.166,0.117,1.782,,,2026-09-10 02:25:49
江苏省,淮河流域,张楼,2026-09-10 01:00,3,26.779,7.96,6.22,1247.681,17.813,4.34,0.179,0.072,1.07,,,2026-09-10 02:25:49
江苏省,淮河流域,沙集西闸,2026-09-10 01:00,4,26.33,7.51,4.54,775.99,30.12,3.44,0.143,0.122,1.07,,,2026-09-10 02:25:49
江苏省,淮河流域,艾山西大桥,2026-09-10 01:00,4,23.731,8.16,8.43,873.594,22.739,7.25,0.062,0.112,5.052,,,2026-09-10 02:25:49
江苏省,淮河流域,下楼公路桥,2026-09-10 01:00,3,25.17,7.5,8.1,1070.43,13.49,5.06,0.125,0.094,0.9462,,,2026-09-10 02:25:49
江苏省,长江流域,魏村,2026-09-10 02:00,2,27.68,7.79,6.45,301.81,37.68,1.34,,0.07,1.957,,,2026-09-10 02:25:49
江苏省,太湖流域,姚巷桥,2026-09-10 02:00,4,28.49,7.88,3.24,344.31,11.22,4.06,0.041,0.109,2.22,,,2026-09-10 02:25:49
江苏省,太湖流域,黄埝桥,2026-09-10 01:00,3,27.34,7.82,6.27,346.6,49.8,2,0.046,0.106,1.95,,,2026-09-10 02:25:49
江苏省,太湖流域,落蓬湾,2026-09-10 02:00,2,28.9,7.58,6,269.7,42.7,3.64,0.03,0.066,1.406,,,2026-09-10 02:25:49
江苏省,太湖流域,九号桥,2026-09-10 01:00,2,27.31,7.93,7,306.7,27.1,2.01,0.012,0.066,1.797,,,2026-09-10 02:25:49
江苏省,太湖流域,胥湖心,2026-09-10 02:00,2,25.82,8.92,7.93,328.84,8.2,1.7,,0.011,0.146,0.0006,137011.9,2026-09-10 02:25:49
江苏省,太湖流域,乌龟山南,2026-09-10 02:00,4,26.08,8.96,8.58,368.829,65.023,4.21,,0.06,0.639,0.00306,2.296663,2026-09-10 02:25:49
江苏省,太湖流域,望亭上游,2026-09-10 01:00,3,27.55,7.55,6.15,536.54,32.6,3.48,0.121,0.135,2.828,,,2026-09-10 02:25:49
江苏省,太湖流域,千灯浦口,2026-09-10 02:00,4,26.85,7.12,3.29,488.063,35.719,3.79,0.036,0.132,0.8611,,,2026-09-10 02:25:49
江苏省,太湖流域,朱厍港口,2026-09-10 02:00,4,26,7.38,4.89,442,45.4,3.35,,0.103,0.949,,,2026-09-10 02:25:49
江苏省,太湖流域,浏河闸,2026-09-10 02:00,4,28.25,7.64,3.6,549.979,33.275,3.14,0.006,0.134,1.9823,,,2026-09-10 02:25:49
江苏省,太湖流域,江边闸,2026-09-10 01:00,2,26.99,8.22,7.05,420.9,38.96,3.19,,0.093,1.261,,,2026-09-10 02:25:49
江苏省,太湖流域,瓜泾口西,2026-09-10 01:00,3,28.07,8.82,6.75,350.3,9.38,5.08,,0.047,0.733,,,2026-09-10 02:25:49
江苏省,太湖流域,航管站,2026-09-10 02:00,2,27.82,8.99,8,364.26,9.37,3.08,,0.029,0.321,,,2026-09-10 02:25:49
江苏省,太湖流域,越溪桥,2026-09-10 02:00,5,26.68,7.33,2.79,497.8,43,3.86,0.38,0.102,2.819,,,2026-09-10 02:25:49
江苏省,太湖流域,312国道桥,2026-09-10 01:00,2,25.9,8.91,7.86,356.36,27.53,3.46,0.013,0.038,0.519,,,2026-09-10 02:25:49
江苏省,太湖流域,赵屯,2026-09-10 02:00,3,27.13,7.6,5.3,734.772,47.161,3.39,0.019,0.133,2.4742,,,2026-09-10 02:25:49
江苏省,淮河流域,东安闸桥西,2026-09-10 02:00,4,27.7,7.5,4.23,845.1,37.09,4.04,,0.176,1.772,,,2026-09-10 02:25:49
江苏省,长江流域,九圩港桥,2026-09-10 02:00,2,27.25,7.85,6.29,318,63.34,1.64,0.013,0.073,1.261,,,2026-09-10 02:25:49
江苏省,长江流域,碾砣港闸,2026-09-10 02:00,2,27.27,7.94,6.77,317.8,224.91,1.51,0.012,0.076,1.991,,,2026-09-10 02:25:49
江苏省,长江流域,聚南大桥,2026-09-10 02:00,3,28.7,7.82,6.34,993.6,8.94,3.66,0.057,0.101,0.929,,,2026-09-10 02:25:49
江苏省,长江流域,大洋港桥,2026-09-10 01:00,4,27.79,7.64,4.33,597,33.62,3.06,0.159,0.198,2.249,,,2026-09-10 02:25:49
江苏省,长江流域,塘芦港闸,2026-09-10 02:00,4,28.203,7.64,3.52,1877.76,14.357,4.24,0.168,0.187,1.519,,,2026-09-10 02:25:49
江苏省,淮河流域,小洋口,2026-09-10 01:00,4,26.1,8.07,11.25,1071.2,22.97,7.02,0.034,0.237,0.803,,,2026-09-10 02:25:49
江苏省,淮河流域,环东闸口,2026-09-10 02:00,4,27.53,7.58,3.52,1031,40.59,4.96,0.171,0.266,2.268,,,2026-09-10 02:25:49
江苏省,淮河流域,北凌新闸,2026-09-10 02:00,5,26.06,8.52,14.92,1578.7,23.36,7.48,0.028,0.314,1.95,,,2026-09-10 02:25:49
江苏省,淮河流域,新浦大桥,2026-09-10 02:00,3,25.564,8.28,8.11,726.258,16.362,3.92,0.008,0.108,0.887,,,2026-09-10 02:25:49
江苏省,淮河流域,柴米河桥,2026-09-10 02:00,3,25.46,7.43,7.56,718.95,12.15,4.85,0.127,0.115,1.427,,,2026-09-10 02:25:49
江苏省,淮河流域,善后河闸,2026-09-10 02:00,4,26.481,7.79,4.99,742.317,50.378,3.33,0.051,0.233,1.731,,,2026-09-10 02:25:49
江苏省,淮河流域,灌河大桥,2026-09-10 02:00,4,26.7,7.55,4.39,696.6,208.7,5.94,0.115,0.246,2.426,,,2026-09-10 02:25:49
江苏省,淮河流域,新村桥,2026-09-10 02:00,3,25.788,7.7,6.15,625.3,21.81,4.21,0.058,0.13,3.107,,,2026-09-10 02:25:49
江苏省,淮河流域,沭南闸,2026-09-10 02:00,4,24.711,8.17,7.46,757.1,35.74,6.59,0.03,0.002,1.603,,,2026-09-10 02:25:49
江苏省,淮河流域,袁闸,2026-09-10 02:00,4,33.53,7.54,3.86,556.57,68.34,4.02,0.046,0.09,1.705,,,2026-09-10 02:25:49
江苏省,淮河流域,墩尚水漫桥,2026-09-10 02:00,4,25.626,7.86,3,600.848,11.519,7.06,0.042,0.07,1.563,,,2026-09-10 02:25:49
江苏省,淮河流域,烧香北闸,2026-09-10 02:00,3,24.755,8.9,11.19,5971.39,37.64,5.65,0.027,0.13,2.581,,,2026-09-10 02:25:49
江苏省,淮河流域,大浦闸,2026-09-10 02:00,3,25.683,7.55,9.02,1049.51,58.76,3.77,0.081,0.104,6.073,,,2026-09-10 02:25:49
江苏省,淮河流域,大板跳闸,2026-09-10 02:00,3,24.595,8.07,9.57,3625.15,42.85,4.93,0.009,0.037,5.991,,,2026-09-10 02:25:49
江苏省,淮河流域,海头大桥,2026-09-10 02:00,4,23.77,8.67,7.25,616.95,36.11,6.51,0.049,0.192,1.093,,,2026-09-10 02:25:49
江苏省,淮河流域,坝头桥,2026-09-10 02:00,3,24.555,8.24,6.91,469.34,16.56,5.68,0.036,0.066,1.229,,,2026-09-10 02:25:49
江苏省,淮河流域,郑园桥,2026-09-10 02:00,3,25.291,7.84,11.08,717.299,31.859,4.5,0.085,0.113,1.594,,,2026-09-10 02:25:49
江苏省,淮河流域,四队桥,2026-09-10 02:00,4,26.22,7.56,3.3,696.2,69.99,4.86,0.069,0.135,3.016,,,2026-09-10 02:25:49
江苏省,淮河流域,新浦二桥,2026-09-10 02:00,3,25.274,7.69,6.26,814.669,22.99,3.87,0.024,0.101,2.466,,,2026-09-10 02:25:49
江苏省,淮河流域,淮河大桥,2026-09-10 01:00,3,27.25,8.05,7.88,434.18,36.06,4.24,0.085,0.09,1.85,,,2026-09-10 02:25:49
江苏省,淮河流域,五叉河口,2026-09-10 01:00,2,25.56,8.56,7.6,496.333,66.856,3.45,0.124,0.058,2.008,,,2026-09-10 02:25:49
江苏省,淮河流域,戴楼衡阳,2026-09-10 01:00,3,26.44,8.72,8.71,407.96,7,4.04,0.046,0.051,1.379,0.02087,,2026-09-10 02:25:49
江苏省,淮河流域,总渠苏嘴,2026-09-10 02:00,2,22.67,7.7,6.18,430.2,165.69,3.24,0.068,0.097,1.734,,,2026-09-10 02:25:49
江苏省,淮河流域,唐曹,2026-09-10 02:00,4,23.93,7.47,4.84,454.6,100.37,5.21,0.247,0.15,0.531,,,2026-09-10 02:25:49
江苏省,淮河流域,新洋港闸,2026-09-10 02:00,4,26.75,7.64,3.35,830.67,22.32,4.45,0.031,0.161,2.506,,,2026-09-10 02:25:49
江苏省,淮河流域,富民桥,2026-09-10 02:00,4,26.36,7.24,3.5,705.65,27.49,4.47,0.084,0.16,1.786,,,2026-09-10 02:25:49
江苏省,淮河流域,龙冈凤凰桥,2026-09-10 02:00,4,27.19,7.37,3.48,597.84,20.89,4.71,0.113,0.089,1.565,,,2026-09-10 02:25:49
江苏省,淮河流域,六垛闸,2026-09-10 02:00,3,27.295,7.86,7.08,488.21,45.74,3.87,0.025,0.111,2.317,,,2026-09-10 02:25:49
江苏省,淮河流域,泰东大桥,2026-09-10 02:00,3,27.07,7.78,5.91,394.38,9.83,2.43,0.048,0.093,1.344,,,2026-09-10 02:25:49
江苏省,淮河流域,城北大桥,2026-09-10 02:00,5,26.808,7.38,2.58,663.38,24.71,5.6,0.274,0.164,1.808,,,2026-09-10 02:25:49
江苏省,淮河流域,草堰大桥,2026-09-10 02:00,4,27.167,7.42,3.52,555.477,46.21,4.66,0.037,0.165,2.264,,,2026-09-10 02:25:49
江苏省,淮河流域,射阳河闸,2026-09-10 02:00,3,26.71,7.64,6.11,1072.6,29.01,4.88,0.128,0.117,1.7,,,2026-09-10 02:25:49
江苏省,淮河流域,黄沙港闸,2026-09-10 02:00,5,26.52,7.49,2.55,785.06,22.86,5.15,0.025,0.166,2.015,,,2026-09-10 02:25:49
江苏省,淮河流域,斗龙港闸,2026-09-10 02:00,6,25.581,7.25,0.36,827.989,33.105,5.68,0.015,0.185,2.643,,,2026-09-10 02:25:49
江苏省,淮河流域,川东闸,2026-09-10 02:00,6,26.8,7.51,2.56,1730.83,10.7,6.62,0.735,0.451,4.065,,,2026-09-10 02:25:49
江苏省,淮河流域,头罾闸,2026-09-10 02:00,3,25.78,8.17,5.97,500.66,27.5,3.37,0.021,0.103,1.771,,,2026-09-10 02:25:49
江苏省,淮河流域,王港闸,2026-09-10 02:00,4,25.71,7.31,3.47,1489.62,30.37,5.82,0.136,0.284,2.041,,,2026-09-10 02:25:49
江苏省,长江流域,三江营,2026-09-10 02:00,2,27.77,8.01,7.47,309.1,30.5,1.78,,0.063,1.701,,,2026-09-10 02:25:49
江苏省,淮河流域,槐泗河口,2026-09-10 01:00,2,26.71,8.14,6.94,456.1,47.61,3.37,0.026,0.091,1.808,,,2026-09-10 02:25:49
江苏省,淮河流域,大运河船闸,2026-09-10 01:00,3,26,7.81,6.08,436.2,118.8,4.19,0.075,0.119,2.148,,,2026-09-10 02:25:49
江苏省,淮河流域,三垛西大桥,2026-09-10 02:00,4,26.71,7.2,3.41,621,52.2,5.29,0.177,0.144,2.265,,,2026-09-10 02:25:49
江苏省,长江流域,冻青桥,2026-09-10 02:00,3,26.72,7.87,5.89,454.5,75.3,4.18,0.082,0.144,1.791,,,2026-09-10 02:25:49
江苏省,长江流域,小河口上游,2026-09-10 01:00,2,27.54,7.9,6.92,287.5,58.56,1.57,0.055,0.079,1.665,,,2026-09-10 02:25:49
江苏省,淮河流域,曹庄桥,2026-09-10 01:00,3,27.31,7.73,5.64,397,43.93,2.61,,0.085,1.499,,,2026-09-10 02:25:49
江苏省,太湖流域,辛丰镇,2026-09-10 02:00,2,27.52,7.85,6.22,311.9,26.98,1.73,0.021,0.079,1.687,,,2026-09-10 02:25:49
江苏省,太湖流域,林家闸,2026-09-10 02:00,2,27.55,7.92,6.99,299.7,26.35,2.18,,0.099,2.1139,,,2026-09-10 02:25:49
江苏省,长江流域,新河桥,2026-09-10 02:00,2,28.1,8.3,8.6,298.6,13.09,2.55,0.047,0.062,0.859,,,2026-09-10 02:25:49
江苏省,太湖流域,新港桥,2026-09-10 02:00,2,27.19,7.85,7.02,316.7,27.3,1.66,0.021,0.031,0.892,,,2026-09-10 02:25:49
江苏省,太湖流域,吕城,2026-09-10 02:00,3,27.87,7.7,5.98,318.51,37.61,2.24,,0.112,2.021,,,2026-09-10 02:25:49
江苏省,淮河流域,海陵大桥,2026-09-10 02:00,2,27.33,7.91,6.8,303.5,28.03,1.75,0.013,0.067,1.809,,,2026-09-10 02:25:49
江苏省,长江流域,马甸闸西,2026-09-10 02:00,2,27.82,7.92,7.22,302.4,25.75,1.6,0.01,0.056,2.025,,,2026-09-10 02:25:49
江苏省,长江流域,祥和大桥,2026-09-10 02:00,4,26.73,7.52,4.52,520.7,20.3,3.07,0.309,0.141,1.652,,,2026-09-10 02:25:49
江苏省,长江流域,新十圩港大桥,2026-09-10 02:00,3,26.97,7.77,6.34,326.3,44.47,3.38,0.107,0.156,1.95,,,2026-09-10 02:25:49
江苏省,长江流域,夏仕港大桥,2026-09-10 02:00,2,27.36,7.76,6.24,300.3,39.4,1.47,0.019,0.063,1.938,,,2026-09-10 02:25:49
江苏省,淮河流域,马陵翻水站,2026-09-10 01:00,2,25.93,8.02,6.7,520.13,58.19,2.87,0.065,0.061,1.732,,,2026-09-10 02:25:49
江苏省,淮河流域,临淮乡入湖口,2026-09-10 01:00,3,26.86,8.04,6.16,695.4,25.21,5.93,0.075,0.06,0.852,,,2026-09-10 02:25:49
江苏省,淮河流域,砖瓦厂,2026-09-10 01:00,3,25.84,8.44,7.51,763.5,49.07,5.18,0.016,0.157,0.729,,,2026-09-10 02:25:49
江苏省,淮河流域,顾勒大桥,2026-09-10 01:00,3,25.42,7.98,6.25,679.91,78.96,4.31,0.132,0.084,0.963,,,2026-09-10 02:25:49
江苏省,淮河流域,团结闸,2026-09-10 01:00,4,26.73,8.74,8.42,1478.1,13.92,7.42,0.011,0.055,0.996,,,2026-09-10 02:25:49
江苏省,淮河流域,大屈,2026-09-10 01:00,4,25.875,8.23,8.28,887.2,12.908,6.38,0.057,0.115,1.062,,,2026-09-10 02:25:49
浙江省,浙闽片河流,小金山,2026-09-10 02:00,2,29.37,8.97,8.13,136.776,2.829,2,0.006,0.015,0.731,,,2026-09-10 02:25:49
浙江省,浙闽片河流,三潭岛,2026-09-10 02:00,1,28.68,,7.98,119.311,2.524,1.44,0.001,0.01,0.5749,,,2026-09-10 02:25:49
浙江省,浙闽片河流,千岛湖大坝前,2026-09-10 02:00,1,30.09,8.94,8.18,127.688,2.003,1.57,0.024,0.009,0.6328,,,2026-09-10 02:25:49
浙江省,太湖流域,汪家埠,2026-09-10 02:00,2,26.32,7.51,6.9,288.7,6.23,2.89,0.154,0.069,2.502,,,2026-09-10 02:25:49
浙江省,太湖流域,奉口,2026-09-10 02:00,2,21.77,6.76,9.29,,7.97,1.97,0.005,0.077,2.679,,,2026-09-10 02:25:49
浙江省,浙闽片河流,桐君山,2026-09-10 02:00,2,26.79,7.64,8.94,135.97,16.75,1.03,0.02,0.044,1.63,,,2026-09-10 02:25:49
浙江省,浙闽片河流,洋溪渡,2026-09-10 02:00,2,19.77,7.19,6.19,161.431,3.42,0.9,0.008,0.015,0.8652,,,2026-09-10 02:25:49
浙江省,浙闽片河流,浦阳江出口,2026-09-10 02:00,2,25.89,7.51,6.65,173.2,20.28,1.66,0.037,0.056,1.577,,,2026-09-10 02:25:49
浙江省,太湖流域,五杭运河大桥,2026-09-10 02:00,4,28.09,7.1,3.34,338.8,23.04,3.36,0.215,0.094,2.463,,,2026-09-10 02:25:49
浙江省,浙闽片河流,桐庐,2026-09-10 01:00,2,25.85,7.29,6.44,205.6,9.2,1.76,,0.073,1.876,,,2026-09-10 02:25:49
浙江省,浙闽片河流,街口,2026-09-10 02:00,2,29.54,8.37,8.75,170.15,0.98,2.02,0.01,0.036,0.821,,,2026-09-10 02:25:49
浙江省,浙闽片河流,溪口,2026-09-10 02:00,2,24.81,6.37,7.17,77.39,6.71,0.74,0.016,0.02,1.726,,,2026-09-10 02:25:49
浙江省,浙闽片河流,清林渡,2026-09-10 02:00,5,28.187,6.99,2.68,288.302,31.277,3.17,0.026,0.147,2.78,,,2026-09-10 02:25:49
浙江省,浙闽片河流,水车,2026-09-10 02:00,2,26.369,7.17,7.09,131.776,13.25,1.87,0.037,0.034,1.081,,,2026-09-10 02:25:49
浙江省,浙闽片河流,大嵩,2026-09-10 01:00,4,28.01,6.87,4.97,126.99,13.17,1.59,0.079,0.061,1.571,,,2026-09-10 02:25:49
浙江省,浙闽片河流,北湖中心,2026-09-10 01:00,3,26.18,6.67,6.09,91.95,35.75,3.54,0.065,0.049,0.963,0.00531,416573.6,2026-09-10 02:25:49
浙江省,浙闽片河流,长汀,2026-09-10 02:00,2,26.4,7.54,9.46,123.71,5.82,1.19,,0.041,1.567,,,2026-09-10 02:25:49
浙江省,浙闽片河流,菁江渡,2026-09-10 02:00,4,28.37,6.9,4.93,191.19,26.67,4.92,0.113,0.082,2.337,,,2026-09-10 02:25:49
浙江省,浙闽片河流,梁桥,2026-09-10 02:00,2,25.14,6.95,7.57,62.44,12.87,1.15,0.02,0.037,1.436,,,2026-09-10 02:25:49
浙江省,浙闽片河流,四灶浦闸,2026-09-10 02:00,4,26.44,8.37,6.11,4388.69,8.27,9.93,0.005,0.048,0.832,,,2026-09-10 02:25:49
浙江省,浙闽片河流,赵山渡,2026-09-10 01:00,1,23.27,6.67,7.64,37.53,15.45,1.1,0.013,0.015,0.643,,,2026-09-10 02:25:49
浙江省,浙闽片河流,小旦,2026-09-10 02:00,2,24.63,6.89,6.3,52.55,3.14,1.29,0.014,0.043,0.875,,,2026-09-10 02:25:49
浙江省,浙闽片河流,龙湾,2026-09-10 02:00,2,26.39,8.08,6.57,6891,1120,1.23,0.181,0.046,1.23,,,2026-09-10 02:25:49
浙江省,浙闽片河流,大荆,2026-09-10 02:00,1,26.27,7.2,8.34,138.5,4.32,0.81,0.012,0.017,0.713,,,2026-09-10 02:25:49
浙江省,浙闽片河流,蒲岐,2026-09-10 02:00,2,27.94,7.53,7.74,109,13.42,2.66,0.105,0.074,1.416,,,2026-09-10 02:25:49
浙江省,浙闽片河流,清水埠,2026-09-10 02:00,2,26.34,7.29,6.64,72.47,133.67,1.95,,0.018,1.001,,,2026-09-10 02:25:49
浙江省,浙闽片河流,江口渡,2026-09-10 02:00,2,26.96,7.94,8.64,22150,456.2,0.98,0.199,0.086,1.76,,,2026-09-10 02:25:49
浙江省,浙闽片河流,第三农业站,2026-09-10 00:00,3,27.41,7.98,5.19,19649.3,670.56,1.26,0.091,0.062,1.039,,,2026-09-10 02:25:49
浙江省,太湖流域,王江泾,2026-09-10 02:00,4,27.65,7.15,4.67,341.56,39.14,3.35,0.028,0.072,1.628,,,2026-09-10 02:25:49
浙江省,太湖流域,湘家荡,2026-09-10 02:00,3,26.91,7.81,7,474.08,30.97,2.64,0.036,0.119,0.707,,,2026-09-10 02:25:49
浙江省,太湖流域,池家浜水文站,2026-09-10 02:00,3,27.9866,7.01,5.06,340.16,33.4059,3.63,0.049,0.062,0.91,,,2026-09-10 02:25:49
浙江省,太湖流域,长山闸一号桥,2026-09-10 02:00,4,27.9108,7.15,3.12,371.02,42.0775,4.08,0.016,0.116,2.323,,,2026-09-10 02:25:49
浙江省,太湖流域,南台头闸一号桥,2026-09-10 02:00,4,28.26,7.24,3.19,414.1,93.08,3.85,0.025,0.128,2.291,,,2026-09-10 02:25:49
浙江省,太湖流域,上塘河排涝闸,2026-09-10 02:00,2,26.44,6.84,6.55,396.91,9.99,3.22,0.024,0.086,1.61,,,2026-09-10 02:25:49
浙江省,太湖流域,盐官排涝枢纽,2026-09-10 02:00,3,27.8,7.32,5.11,387.5,31.7,3.45,0.022,0.115,2.206,,,2026-09-10 02:25:49
浙江省,太湖流域,卫八路桥,2026-09-10 01:00,4,27.45,7.34,3.51,507.923,30.679,3.95,0.065,0.12,1.474,,,2026-09-10 02:25:49
浙江省,太湖流域,漕廊公路桥,2026-09-10 01:00,4,27.42179,7.25,3.7,420.4015,35.98555,4.06,0.107,0.156,1.42142,,,2026-09-10 02:25:49
浙江省,太湖流域,朱枫公路桥,2026-09-10 02:00,4,27.48,6.97,4.28,426.39,56.58,3.88,0.039,0.076,1.537,,,2026-09-10 02:25:49
浙江省,太湖流域,红旗塘大坝,2026-09-10 02:00,3,27.89,7.26,5.38,373.6,41.3,3.63,0.031,0.073,1.567,,,2026-09-10 02:25:49
浙江省,太湖流域,枫南大桥,2026-09-10 02:00,4,27.8964,7.36,3.43,425.79,74.2052,3.98,0.063,0.142,1.533,,,2026-09-10 02:25:49
浙江省,太湖流域,青阳汇,2026-09-10 01:00,4,27.44,7.27,4.48,398.2,75.61,4.38,0.027,0.158,1.754,,,2026-09-10 02:25:49
浙江省,太湖流域,小新村,2026-09-10 02:00,4,26.95,7.28,3.2,404.5,80.54,4.4,0.023,0.155,1.827,,,2026-09-10 02:25:49
浙江省,太湖流域,乌镇北,2026-09-10 01:00,4,27.38,7.06,3.5,293.2,51.37,3.58,0.028,0.082,2.31,,,2026-09-10 02:25:49
浙江省,太湖流域,新港口,2026-09-10 01:00,2,26.98,8.14,7.96,204.96,89.71,3.3,0.106,0.081,2.474,0.06587,,2026-09-10 02:25:49
浙江省,太湖流域,大钱,2026-09-10 01:00,3,25.92,7.98,7.41,232.6956,188.1849,3.47,0.181,0.102,2.64463,,,2026-09-10 02:25:49
浙江省,太湖流域,南浔,2026-09-10 02:00,4,27.51,7.27,4.52,290.1,47.8,2.84,0.077,0.089,2.851,,,2026-09-10 02:25:49
浙江省,太湖流域,城西大桥,2026-09-10 02:00,3,26.54,7.16,5.89,130.65,23.97,1.36,0.044,0.047,2.081,,,2026-09-10 02:25:49
浙江省,太湖流域,汤溇,2026-09-10 01:00,3,26.37,8.97,7.69,325.0324,70.5471,4.36,0.097,0.076,1.3703,,,2026-09-10 02:25:49
浙江省,太湖流域,塘浦,2026-09-10 02:00,2,24.91,6.81,6.05,112.84,14.04,1.15,0.004,0.028,1.188,,,2026-09-10 02:25:49
浙江省,太湖流域,荆湾,2026-09-10 02:00,3,26.71,6.44,5.21,146.1,14.09,1.45,0.056,0.037,1.516,,,2026-09-10 02:25:49
浙江省,太湖流域,铁路桥,2026-09-10 02:00,3,27.27,6.52,5.48,136.42,11.99,1.85,0.062,0.05,2.024,,,2026-09-10 02:25:49
浙江省,太湖流域,小梅口,2026-09-10 02:00,2,26.6,7.45,6.8,237.4,114.7,3.55,0.027,0.086,2.388,,,2026-09-10 02:25:49
浙江省,太湖流域,杨家浦,2026-09-10 02:00,3,26.81101,7.6,5.88,221.7296,30.29622,2.59,0.003,0.083,2.244339,,,2026-09-10 02:25:49
浙江省,太湖流域,新塘,2026-09-10 02:00,3,27.38,7.24,5.24,242.6,39.91,3.25,0.061,0.074,2.275,,,2026-09-10 02:25:49
浙江省,太湖流域,合溪,2026-09-10 02:00,3,27.25,7.28,5.71,213.7,32.03,1.83,0.052,0.029,1.754,,,2026-09-10 02:25:49
浙江省,浙闽片河流,曹娥江大闸闸前,2026-09-10 02:00,2,27.481,7.47,7.92,207.668,16.625,2.83,0.094,0.071,2.139,,,2026-09-10 02:25:49
浙江省,浙闽片河流,屠家埠,2026-09-10 01:00,2,27.628,7.64,8.49,129.782,13.596,3.67,0.04,0.057,2.213,,,2026-09-10 02:25:49
浙江省,浙闽片河流,葛山头,2026-09-10 02:00,4,27.34,6.79,3.24,163.41,10,2.07,0.149,0.064,2.313,,,2026-09-10 02:25:49
浙江省,浙闽片河流,湄池,2026-09-10 02:00,3,28.39,7.33,5.45,363.93,19.06,2.97,0.069,0.104,2.559,,,2026-09-10 02:25:49
浙江省,浙闽片河流,王家泾,2026-09-10 02:00,4,27.84,6.79,3.83,206.38,13.78,4.9,0.073,0.052,2.137,,,2026-09-10 02:25:49
浙江省,浙闽片河流,汤曹汇合口,2026-09-10 02:00,2,27.72,7.17,7.37,145.74,26.37,2.1,0.017,0.048,2.262,,,2026-09-10 02:25:49
浙江省,浙闽片河流,义东桥,2026-09-10 02:00,3,26.242,7.23,5.81,250.043,14.848,2.76,0.115,0.109,2.228,,,2026-09-10 02:25:49
浙江省,浙闽片河流,塔下洲,2026-09-10 02:00,3,26.57,7.57,7.48,297.948,7.059,4.4,0.043,0.088,2.3544,,,2026-09-10 02:25:49
浙江省,浙闽片河流,东关桥,2026-09-10 02:00,3,27.86,7.3,5.55,402.683,7.551,3.24,0.076,0.131,2.919,,,2026-09-10 02:25:49
浙江省,浙闽片河流,费垅,2026-09-10 02:00,3,27.37,7.23,6.78,245.054,10.913,2.64,0.188,0.136,2.4396,,,2026-09-10 02:25:49
浙江省,浙闽片河流,南江桥,2026-09-10 02:00,3,26.49,7.96,6.58,517.323,3.145,2.89,0.048,0.122,2.4626,,,2026-09-10 02:25:49
浙江省,浙闽片河流,洪坞桥,2026-09-10 01:00,3,27.87,7.21,6.44,238.1,4.56,2.33,0.035,0.118,2.656,,,2026-09-10 02:25:49
浙江省,浙闽片河流,章店,2026-09-10 02:00,3,26.67,7.51,6.21,237.618,2.826,3.36,0.033,0.157,2.2974,,,2026-09-10 02:25:49
浙江省,浙闽片河流,将军岩,2026-09-10 02:00,3,28.353,7,6.82,208.08,16.91,2.14,0.025,0.113,1.816,,,2026-09-10 02:25:49
浙江省,浙闽片河流,浮石渡,2026-09-10 02:00,2,29.12,7.69,7.76,192.16,7.38,2.12,0.034,0.05,1.669,,,2026-09-10 02:25:49
浙江省,浙闽片河流,双港口,2026-09-10 02:00,3,27.39,7.48,5.97,124.12,4.16,2.25,0.015,0.071,1.5,,,2026-09-10 02:25:49
浙江省,浙闽片河流,郑家,2026-09-10 02:00,2,25.03,6.38,7.93,76.07,23.42,0.63,0.01,0.029,1.115,,,2026-09-10 02:25:49
浙江省,浙闽片河流,下界首,2026-09-10 02:00,1,27.98,8,8.68,156.6,7.01,1.01,0.017,0.017,0.652,,,2026-09-10 02:25:49
浙江省,浙闽片河流,下童,2026-09-10 02:00,2,26.38,6.98,6.2,201.3,19.17,1.64,0.048,0.048,1.475,,,2026-09-10 02:25:49
浙江省,长江流域,苏庄,2026-09-10 01:00,2,28.46835,7.32,6.72,72.07963,0.64891,1.47,0.006,0.019,0.23697,,,2026-09-10 02:25:49
浙江省,浙闽片河流,临城,2026-09-10 02:00,2,27.43,8.01,8.48,2856,11.32,3.53,0.048,0.043,1.205,,,2026-09-10 02:25:49
浙江省,浙闽片河流,长潭水库坝口,2026-09-10 01:00,2,27.213,8.27,10.73,44.462,1.594,1.65,0.003,0.012,0.307,,,2026-09-10 02:25:49
浙江省,浙闽片河流,老鼠屿,2026-09-10 02:00,3,28.77,7.86,5.2,16479.9,1947.4,1.23,,0.059,1.959,,,2026-09-10 02:25:49
浙江省,浙闽片河流,金清新闸,2026-09-10 02:00,6,27.12,7.15,1.96,779.671,53.799,3.99,0.064,0.232,2.8233,,,2026-09-10 02:25:49
浙江省,浙闽片河流,里石门水库,2026-09-10 02:00,2,27.38,,12.63,61.065,2.025,2.6,0.009,0.014,0.421,0.01017,1930633,2026-09-10 02:25:49
浙江省,浙闽片河流,温峤,2026-09-10 02:00,3,27.561,7.34,7.7,263.23,23.34,2.4,0.103,0.103,2.223,,,2026-09-10 02:25:49
浙江省,浙闽片河流,沙段,2026-09-10 02:00,2,26.89,7.13,7.48,100.814,10.416,2.29,0.027,0.045,1.2412,,,2026-09-10 02:25:49
浙江省,浙闽片河流,柏枝岙,2026-09-10 02:00,2,26.641,6.98,7.81,87.492,7.139,0.69,0.01,0.032,1.292,,,2026-09-10 02:25:49
浙江省,浙闽片河流,均溪,2026-09-10 02:00,3,24.88,6.34,5.38,45.57,9.99,1.26,0.016,0.02,0.756,,,2026-09-10 02:25:49
浙江省,浙闽片河流,风化,2026-09-10 02:00,2,26.05,7,7.84,80.24,12.71,1.14,0.01,0.044,1.135,,,2026-09-10 02:25:49
浙江省,浙闽片河流,堰后,2026-09-10 02:00,2,26.07,7.17,7.78,91.8,8.01,1.13,0.041,0.039,1.452,,,2026-09-10 02:25:49
浙江省,浙闽片河流,沙湾上,2026-09-10 02:00,1,21.43,7.3,8.71,,5.26,1.08,0.125,0.014,0.2653,,,2026-09-10 02:25:49
浙江省,浙闽片河流,小溪口,2026-09-10 02:00,3,24.04,6.75,5.99,31.349,13.125,1.37,,0.01,0.5357,,,2026-09-10 02:25:49
安徽省,巢湖流域,三胜大队渡口,2026-09-10 01:00,3,28.03,8.65,6.11,290.178,51.0446,5.68,0.124,0.134,0.7935,,,2026-09-10 02:25:49
安徽省,巢湖流域,兆河入湖口渡口,2026-09-10 02:00,4,27.89,8.92,8.86,310.071,41.3287,6.25,,0.061,1.0219,,,2026-09-10 02:25:49
安徽省,巢湖流域,牛角大圩,2026-09-10 02:00,4,27.44,7.44,3.83,279.4,72.216,4.69,,0.133,2.39,,,2026-09-10 02:25:49
安徽省,巢湖流域,北闸渡口,2026-09-10 01:00,3,25.491,7.02,6.69,118.178,26.578,4.18,0.023,0.05,1.091,,,2026-09-10 02:25:49
安徽省,巢湖流域,希望桥,2026-09-10 02:00,4,26.3,7.34,4.95,518.7,31,3.85,0.324,0.112,6.332,,,2026-09-10 02:25:49
安徽省,巢湖流域,石堆渡口,2026-09-10 01:00,4,26.56,7.1,3.93,199.6365,44.0724,4.04,0.135,0.111,1.5854,,,2026-09-10 02:25:49
安徽省,巢湖流域,柘皋大桥,2026-09-10 01:00,6,26.34,9.07,7.36,297.536,32.9163,5.34,0.045,0.074,0.4823,,,2026-09-10 02:25:49
安徽省,巢湖流域,湖滨,2026-09-10 02:00,4,25.71,,9.17,263.18,25.41,4.75,0.005,0.083,1.247,0.00596,7568688,2026-09-10 02:25:49
安徽省,巢湖流域,黄麓,2026-09-10 02:00,4,27.63,,7.5,285.48,26.847,5.34,,0.075,0.38,0.00903,6456498,2026-09-10 02:25:49
安徽省,巢湖流域,三河镇大桥,2026-09-10 01:00,3,26.34,7.08,5.64,179.2,11.13,3.58,0.063,0.075,1.353,,,2026-09-10 02:25:49
安徽省,巢湖流域,三河镇新大桥,2026-09-10 01:00,2,27.21,7.86,8.82,90.49,13.98,3.43,0.064,0.051,1.15,,,2026-09-10 02:25:49
安徽省,巢湖流域,施口,2026-09-10 01:00,4,27.44,7.36,3.73,753.0521,62.4783,5.14,0.164,0.151,5.591,,,2026-09-10 02:25:49
安徽省,巢湖流域,靠近大坝,2026-09-10 02:00,2,26.8,8.04,6.4,153.8,9,3.43,0.065,0.024,0.357,0.0147,9820686,2026-09-10 02:25:49
安徽省,巢湖流域,新河入湖区,2026-09-10 02:00,5,25.74,,6.94,294.04,102.28,7.79,,0.156,0.917,0.00468,1.085438,2026-09-10 02:25:49
安徽省,巢湖流域,西半湖湖心,2026-09-10 02:00,4,25.5,,8.61,288.83,27.48,4.83,,0.09,0.661,0.01285,1.017036,2026-09-10 02:25:49
安徽省,巢湖流域,龟山,2026-09-10 02:00,4,25.78,8.83,8.51,327.13,24.95,4.5,,0.065,0.293,0.01443,1.302702,2026-09-10 02:25:49
安徽省,巢湖流域,东半湖湖心,2026-09-10 02:00,4,25.898,,7.89,247.814,44.357,5.73,,0.097,0.835,0.00537,1.373326,2026-09-10 02:25:49
安徽省,巢湖流域,忠庙,2026-09-10 02:00,4,24.55,,7.64,265.67,64.46,5.35,0.01,0.086,0.771,0.02577,1.254955,2026-09-10 02:25:49
安徽省,巢湖流域,兆河入湖区,2026-09-10 02:00,5,25.81,8.92,7.7,303.22,55.84,6.5,,0.111,0.305,0.00736,1.395106,2026-09-10 02:25:49
安徽省,巢湖流域,双桥河入湖口,2026-09-10 01:00,4,27.22,7.51,3.28,407.935,59.6177,3.8,0.121,0.089,0.7653,,,2026-09-10 02:25:49
安徽省,巢湖流域,繁华大道桥,2026-09-10 01:00,4,27.04,7.31,3.77,661.1664,58.9086,5.26,0.185,0.173,4.713,,,2026-09-10 02:25:49
安徽省,长江流域,东西梁山,2026-09-10 01:00,2,27.2,7.94,7.08,272.744,47.042,1.36,0.124,0.079,1.9219,,,2026-09-10 02:25:49
安徽省,长江流域,宝塔根,2026-09-10 01:00,2,27.44,7.82,7.02,268.8681,47.2906,1.8,0.072,0.057,1.7475,,,2026-09-10 02:25:49
安徽省,巢湖流域,裕溪口,2026-09-10 01:00,2,27.43,7.8,6.4,316.4089,39.5861,2.65,0.031,0.065,1.2954,,,2026-09-10 02:25:49
安徽省,长江流域,荻港,2026-09-10 01:00,2,26.42,7.69,6.48,372.3,19.5968,3.31,0.074,0.075,1.3539,,,2026-09-10 02:25:49
安徽省,长江流域,澛港桥,2026-09-10 01:00,2,26.46,7.86,6.32,243.8814,17.2744,2.94,0.034,0.07,1.583,,,2026-09-10 02:25:49
安徽省,长江流域,西河入裕溪河口,2026-09-10 01:00,2,27.92,7.57,6.7,328.0539,54.2318,3.75,0.129,0.084,0.9305,,,2026-09-10 02:25:49
安徽省,淮河流域,沫河口,2026-09-10 01:00,3,27.08,7.66,6,509.7902,50.74,5,0.053,0.168,2.453,,,2026-09-10 02:25:49
安徽省,淮河流域,关咀,2026-09-10 01:00,4,25.95325,7.77,3.79,868.8574,27.0659,,,,,,,2026-09-10 02:25:49
安徽省,淮河流域,五河,2026-09-10 01:00,4,26.81,8.02,4.44,912.7298,28.14404,5.95,0.079,0.124,2.48477,,,2026-09-10 02:25:49
安徽省,淮河流域,蚌埠固镇,2026-09-10 01:00,3,26.84,7.82,5.19,1067.929,43.24,4.22,0.119,0.145,4.2753,,,2026-09-10 02:25:49
安徽省,淮河流域,蚌埠闸上,2026-09-10 02:00,3,26.99,7.62,5.12,494.24,22.03,3.45,0.049,0.139,2.494,,,2026-09-10 02:25:49
安徽省,淮河流域,湖沟,2026-09-10 01:00,4,26.70133,8.07,3.19,1119.674,27.99069,4.28,0.08,0.089,4.09865,,,2026-09-10 02:25:49
安徽省,淮河流域,石头埠,2026-09-10 01:00,4,27.25,7.99,4.96,434.9969,26.5289,3.51,0.065,0.11,2.96242,,,2026-09-10 02:25:49
安徽省,淮河流域,鲁台孜,2026-09-10 01:00,3,27.52,7.54,6.22,548.424,42.35403,3.36,0.035,0.103,3.14729,,,2026-09-10 02:25:49
安徽省,淮河流域,西淝河闸下,2026-09-10 01:00,4,27.55477,7.58,4.57,768.0615,18.85288,5.47,0.037,0.08,1.15427,,,2026-09-10 02:25:49
安徽省,淮河流域,新城口,2026-09-10 01:00,4,27.88885,7.55,3.96,417.0208,25.04836,3.19,0.008,0.097,2.92105,,,2026-09-10 02:25:49
安徽省,淮河流域,焦岗湖,2026-09-10 02:00,3,25.34,8.08,5.88,679.13,1015.3,4.22,,0.041,0.676,0.00635,2.725826,2026-09-10 02:25:49
安徽省,淮河流域,大店岗,2026-09-10 01:00,2,27.71,6.67,7.67,120.1996,13.03319,2.38,0.018,0.034,1.21082,,,2026-09-10 02:25:49
安徽省,淮河流域,五里闸,2026-09-10 01:00,4,26.27,7.2,4.12,286.6856,43.86933,3.91,0.039,0.066,1.12923,,,2026-09-10 02:25:49
安徽省,淮河流域,白洋淀渡口,2026-09-10 01:00,3,26.90073,7.07,5.26,178.187,52.39068,3.35,0.05,0.083,3.08829,,,2026-09-10 02:25:49
安徽省,长江流域,三兴村,2026-09-10 01:00,2,26.93,7.78,7.39,281.5621,23.8403,2.38,0.041,0.053,2.3,,,2026-09-10 02:25:49
安徽省,长江流域,得胜河入江口,2026-09-10 01:00,2,27.2283,7.82,6.3,349.9,17.8687,3,0.111,0.091,1.6479,,,2026-09-10 02:25:49
安徽省,长江流域,姑溪河大桥,2026-09-10 01:00,2,26.869,7.06,6.51,202.5018,53.9906,3.34,0.151,0.061,1.149,,,2026-09-10 02:25:49
安徽省,长江流域,当涂查湾,2026-09-10 01:00,2,27.7,7.34,6.32,169.2277,24.4259,2.55,,0.037,1.811,,,2026-09-10 02:25:49
安徽省,长江流域,乌江,2026-09-10 01:00,3,26.43408,7.83,6.25,295.4584,38.32383,0.81,0.036,0.122,1.460354,,,2026-09-10 02:25:49
安徽省,长江流域,雨山河下游,2026-09-10 01:00,3,27.9713,7.33,6.45,887.4268,9.5012,5.5,0.239,0.114,5.329,,,2026-09-10 02:25:49
安徽省,淮河流域,小王桥,2026-09-10 02:00,4,27.11,7.76,4.58,1549.15,15.44,5.33,0.071,0.08,1.267,,,2026-09-10 02:25:49
安徽省,淮河流域,后常桥,2026-09-10 01:00,4,27.37151,8.09,4.93,1185.726,18.94906,5.01,0.069,0.089,1.02512,,,2026-09-10 02:25:49
安徽省,淮河流域,李大桥闸,2026-09-10 01:00,6,26.12,7.81,0.88,1361.44,10.608,7.84,0.106,0.064,0.7349,,,2026-09-10 02:25:49
安徽省,长江流域,顺安河入江口,2026-09-10 01:00,2,26.70303,7.56,9.71,283.27,39.09468,1.74,0.046,0.051,1.80872,,,2026-09-10 02:25:49
安徽省,长江流域,陈家墩,2026-09-10 01:00,2,27.09,7.77,6.72,261.2621,25.41865,1.52,0.048,0.054,2.14177,,,2026-09-10 02:25:49
安徽省,长江流域,枞阳大闸,2026-09-10 01:00,3,27.25,8.79,8.2,160.1265,52.39994,4.51,0.005,0.06,0.94971,,,2026-09-10 02:25:49
安徽省,长江流域,武昌湖,2026-09-10 01:00,4,25.96,8.55,6.53,182.381,47.89256,5.42,0.002,0.053,0.96472,0.01704,9130910,2026-09-10 02:25:49
安徽省,长江流域,前江口,2026-09-10 01:00,2,26.63082,7.84,6.71,258.9267,46.30574,2.2,0.082,0.058,2.99834,,,2026-09-10 02:25:49
安徽省,长江流域,花亭湖坝前,2026-09-10 01:00,2,28.51,8.88,8.57,86.39407,1.93962,2.51,0.001,0.013,0.38475,0.00595,856297.8,2026-09-10 02:25:49
安徽省,长江流域,华阳河入江口,2026-09-10 01:00,2,27.18,7.82,6.96,301.1742,54.51433,2.03,0.033,0.045,0.65471,,,2026-09-10 02:25:49
安徽省,长江流域,水厂取水口,2026-09-10 01:00,2,25.74,8.83,6.6,111.2154,2.03077,1.55,0.005,0.024,0.81842,,,2026-09-10 02:25:49
安徽省,长江流域,车轴寺大桥,2026-09-10 01:00,2,27.46,8.86,8.71,95.87986,3.80523,2.04,0.009,0.026,0.90717,,,2026-09-10 02:25:49
安徽省,浙闽片河流,篁墩,2026-09-10 01:00,2,26.91824,7.73,6.63,141.1767,14.00854,2.11,0.106,0.044,1.55365,,,2026-09-10 02:25:49
安徽省,浙闽片河流,率水大桥,2026-09-10 01:00,2,26.37788,7.73,8.49,,4.24753,1.49,0.031,0.023,0.61613,,,2026-09-10 02:25:49
安徽省,浙闽片河流,横江大桥,2026-09-10 01:00,6,28.62213,9.07,9.49,199.9606,73.04745,3.67,0.138,0.043,0.7188,,,2026-09-10 02:25:49
安徽省,浙闽片河流,浦口,2026-09-10 01:00,3,27.5,8.28,5.44,263.114,16.30078,1.66,0.059,0.039,1.11575,,,2026-09-10 02:25:49
安徽省,长江流域,太平湖湖心,2026-09-10 02:00,2,27.54,8.13,7.62,99.06,2.19,2.05,,0.01,0.442,0.00214,5748688,2026-09-10 02:25:49
安徽省,浙闽片河流,新管,2026-09-10 01:00,2,25.91779,8.18,8.33,205.8585,3.18471,1.49,0.001,0.032,1.22093,,,2026-09-10 02:25:49
安徽省,淮河流域,天长化工厂,2026-09-10 01:00,5,27.43,7.22,2.5,435.3513,56.04,4.17,0.23,0.161,,,,2026-09-10 02:25:49
安徽省,淮河流域,公路桥,2026-09-10 01:00,3,26.49,7.51,6.27,382.3389,32.5888,5.27,0.17,0.102,0.932,,,2026-09-10 02:25:49
安徽省,淮河流域,小柳巷,2026-09-10 01:00,3,26.69,7.31,5.56,415.96,30.022,4,0.008,0.113,1.912,,,2026-09-10 02:25:49
安徽省,长江流域,水口,2026-09-10 01:00,3,26.23,7.75,5.88,656.2387,35.5062,4.91,0.1,0.141,2.2441,,,2026-09-10 02:25:49
安徽省,长江流域,乌衣下,2026-09-10 01:00,4,28.34,7.97,9.99,637.05,21.33,6.84,0.031,0.074,2.752,,,2026-09-10 02:25:49
安徽省,长江流域,襄河大桥,2026-09-10 01:00,6,26.36,7.12,1.92,697.108,50.8184,4.76,0.235,0.123,0.706,,,2026-09-10 02:25:49
安徽省,长江流域,清流河口,2026-09-10 01:00,3,27.09533,8.03,8.22,389.0866,25.69639,3.83,0.058,0.134,0.83105,,,2026-09-10 02:25:49
安徽省,淮河流域,阜阳段下,2026-09-10 01:00,3,26.85623,7.94,5.55,768.2983,9.30935,3.52,0.027,0.099,4.94648,,,2026-09-10 02:25:49
安徽省,淮河流域,杨湖,2026-09-10 01:00,3,27.80403,7.97,7.34,778.4401,8.69661,,0.054,0.151,3.84628,,,2026-09-10 02:25:49
安徽省,淮河流域,张大桥,2026-09-10 01:00,3,25.65,7.94,7.45,1319.48,57.78,4.15,0.225,0.1,10.4493,,,2026-09-10 02:25:49
安徽省,淮河流域,王家坝,2026-09-10 01:00,3,26.735,8.3,7.54,463.1,19.424,3.85,0.1,0.153,2.828,,,2026-09-10 02:25:49
安徽省,淮河流域,界首七渡口,2026-09-10 01:00,3,24.9,7.84,8.15,813.1,16.78,3.24,0.402,0.123,4.571,,,2026-09-10 02:25:49
安徽省,淮河流域,阜南,2026-09-10 01:00,6,23.65,9.11,8.47,,5.24973,,,,,,,2026-09-10 02:25:49
安徽省,淮河流域,奎河苏皖省界,2026-09-10 01:00,4,26.11,7.7,7.33,1281.4,29.2,6.24,0.051,0.138,5.308,,,2026-09-10 02:25:49
安徽省,淮河流域,东坪集,2026-09-10 01:00,3,26.79,8.07,6.58,1145.237,38.11753,4.45,0.118,0.088,4.10624,,,2026-09-10 02:25:49
安徽省,淮河流域,符离闸,2026-09-10 01:00,4,26.39772,7.99,3.81,927.0256,10.5253,6.86,0.079,0.102,1.31979,,,2026-09-10 02:25:49
安徽省,淮河流域,芦岭桥,2026-09-10 01:00,3,26.47,8.23,5.91,1128.655,11.14,5.15,0.069,0.055,0.9718,,,2026-09-10 02:25:49
安徽省,淮河流域,工农兵大桥,2026-09-10 01:00,3,26.90873,7.7,7.19,296.2455,16.15587,4.44,0.054,0.047,0.675,,,2026-09-10 02:25:49
安徽省,淮河流域,陶洪集,2026-09-10 01:00,2,24.37309,7.15,8.41,77.05553,41.23606,2.35,0.031,0.048,1.5886,,,2026-09-10 02:25:49
安徽省,淮河流域,东湖闸,2026-09-10 01:00,3,25.76,7.41,6.97,216.5487,61.51143,3.22,0.118,0.17,1.29701,,,2026-09-10 02:25:49
安徽省,淮河流域,新安渡口,2026-09-10 01:00,2,26.07,7.7,8.72,162.5161,7.21838,3.38,0.02,0.038,1.62222,,,2026-09-10 02:25:49
安徽省,淮河流域,响洪甸水库出水口,2026-09-10 01:00,4,20.29,6.81,3.73,93.90384,1.44425,1.91,0.009,0.01,1.11614,,,2026-09-10 02:25:49
安徽省,淮河流域,丁埠大桥,2026-09-10 01:00,2,26.3578,8.69,8.66,132.4887,3.74274,2.02,0.004,0.033,0.206,,,2026-09-10 02:25:49
安徽省,巢湖流域,将军宕大桥,2026-09-10 01:00,2,25.97,6.63,6.49,115.277,17.838,2.08,0.018,0.03,0.969,,,2026-09-10 02:25:49
安徽省,淮河流域,固始李畈,2026-09-10 01:00,4,25.38,6.77,4.61,180.5534,7.11096,2.02,0.008,0.042,2.04784,,,2026-09-10 02:25:49
安徽省,淮河流域,涡阳义门大桥,2026-09-10 01:00,6,27.46,7.39,1.19,1142.193,13.442,6.75,1.084,0.098,6.0815,,,2026-09-10 02:25:49
安徽省,淮河流域,利辛段,2026-09-10 01:00,5,26.24,7.53,2.31,1004.55,6.72,5.34,0.099,0.174,4.117,,,2026-09-10 02:25:49
安徽省,长江流域,五步沟,2026-09-10 01:00,2,27.01,7.94,7.2,260.2415,43.66187,1.99,0.059,0.053,2.45168,,,2026-09-10 02:25:49
安徽省,长江流域,张溪,2026-09-10 01:00,1,26.48,7.89,8.09,229.5409,3.6018,1,0.007,0.009,0.55804,,,2026-09-10 02:25:49
安徽省,长江流域,青通河河口,2026-09-10 01:00,3,26.76526,7.55,5.57,235.1256,78.55221,2.83,0.053,0.054,1.76131,,,2026-09-10 02:25:49
安徽省,长江流域,秋浦河入江口,2026-09-10 01:00,2,27.29029,7.9,6.59,230.6282,42.24099,1.83,0.011,0.027,1.18898,,,2026-09-10 02:25:49
安徽省,长江流域,东流,2026-09-10 01:00,4,26.38,7.26,3.21,174.5676,20.51351,1.92,0.037,0.033,1.19182,,,2026-09-10 02:25:49
安徽省,长江流域,南漪湖西湖湖心,2026-09-10 02:00,4,27.37,8.73,7.41,167.03,32.59,4.18,,0.054,0.79,0.01338,3740023,2026-09-10 02:25:49
安徽省,太湖流域,殷桥,2026-09-10 01:00,4,27.7446,7.14,3.43,263.6027,35.75216,6.69,0.075,0.09,2.59512,,,2026-09-10 02:25:49
安徽省,长江流域,泾南交界,2026-09-10 01:00,2,25.06,7.71,7.1,175.2807,7.5659,1.57,0.003,0.026,0.797,,,2026-09-10 02:25:49
安徽省,长江流域,汪溪,2026-09-10 01:00,2,25.31,7.62,7.66,183.0227,12.8257,0.9,0.037,0.036,1.3273,,,2026-09-10 02:25:49
安徽省,长江流域,狮子口,2026-09-10 01:00,2,26.69,7.65,8.21,433.716,5.348,3.22,,0.06,1.8812,,,2026-09-10 02:25:49
安徽省,长江流域,东村桥,2026-09-10 01:00,2,25.25194,7.62,6.21,474.4052,4.93578,1.83,0.013,0.046,0.87651,,,2026-09-10 02:25:49
安徽省,长江流域,旌泾交界,2026-09-10 01:00,2,24.938,7.94,7.58,159.242,7.447,1.59,0.004,0.072,0.904,,,2026-09-10 02:25:49
安徽省,长江流域,水碧桥,2026-09-10 01:00,3,25.69,7.1,5.3,170.3638,55.83158,2.83,0.003,0.045,1.08208,,,2026-09-10 02:25:49
福建省,浙闽片河流,闽侯竹岐,2026-09-10 01:00,2,27.59,6.87,7.1,94.07,15.7,1.85,0.022,0.04,1.263,,,2026-09-10 02:25:49
福建省,浙闽片河流,闽安,2026-09-10 02:00,3,28.78,6.94,5.91,850.54,357.48,3.8,0.148,0.112,2.181,,,2026-09-10 02:25:49
福建省,浙闽片河流,连江荷山渡口,2026-09-10 02:00,2,26.348,6.99,7.46,53.77,34.045,1.93,0.045,0.059,0.692,,,2026-09-10 02:25:49
福建省,浙闽片河流,永泰横龙,2026-09-10 02:00,2,25.865,7.42,8.53,38.392,32.934,0.91,0.023,0.042,0.656,,,2026-09-10 02:25:49
福建省,浙闽片河流,闽清雄江,2026-09-10 02:00,2,29.12,8.97,9.15,109.359,4.89,2.5,0.01,0.03,1.051,,,2026-09-10 02:25:49
福建省,浙闽片河流,梅溪口,2026-09-10 02:00,3,24.35,7.37,8.88,80.25,26.9,2.49,0.15,0.137,1.002,,,2026-09-10 02:25:49
福建省,浙闽片河流,隘头潭,2026-09-10 02:00,2,25.94,6.47,6.24,135.891,2.205,0.42,0.024,0.013,0.831,,,2026-09-10 02:25:49
福建省,浙闽片河流,将乐万全,2026-09-10 02:00,4,26.437,6.91,4.5,60.801,4.337,1.71,0.04,0.06,1.039,,,2026-09-10 02:25:49
福建省,浙闽片河流,宁化肖家,2026-09-10 02:00,2,26.321,7.01,7.39,73.822,5.754,1.31,0.037,0.074,0.968,,,2026-09-10 02:25:49
福建省,浙闽片河流,永安安砂水库下游,2026-09-10 02:00,3,24.97,6.58,5.69,65.418,11.654,2.08,0.027,0.056,1.045,,,2026-09-10 02:25:49
福建省,浙闽片河流,永安贡川桥,2026-09-10 00:00,2,25.59,7.03,6.41,95.52,14.97,1.72,0.033,0.05,1.284,,,2026-09-10 02:25:49
福建省,浙闽片河流,斑竹溪渡口,2026-09-10 02:00,2,26.474,6.86,6.46,110.387,11.718,1.7,0.024,0.051,1.447,,,2026-09-10 02:25:49
福建省,浙闽片河流,建宁袁庄,2026-09-10 02:00,2,25.958,7.12,10.58,75.579,5.368,1.36,0.016,0.077,1.313,,,2026-09-10 02:25:49
福建省,浙闽片河流,大田高才,2026-09-10 02:00,2,28.812,8.9,9.48,88.708,4.054,1.91,0.046,0.023,0.498,,,2026-09-10 02:25:49
福建省,浙闽片河流,尤溪拥口大桥,2026-09-10 02:00,2,24.81,7.06,7,82.499,101.841,1.41,0.173,0.066,1.4929,,,2026-09-10 02:25:49
福建省,浙闽片河流,永春东关桥,2026-09-10 02:00,2,23.99,6.22,6.83,82.35628,75.74938,1.42,0.151,0.055,2.531,,,2026-09-10 02:25:49
福建省,浙闽片河流,安溪罗内桥,2026-09-10 02:00,2,24.675,7.15,8.07,68.35,42.82,1.02,0.136,0.038,3.54,,,2026-09-10 02:25:49
福建省,浙闽片河流,南安霞东桥,2026-09-10 02:00,2,26.41,7.06,7.35,104.023,41.138,0.48,0.181,0.086,2.2227,,,2026-09-10 02:25:49
福建省,浙闽片河流,华安西陂,2026-09-10 02:00,2,24.57352,7.13,9.19,133.6504,35.38953,1.83,0.007,0.043,1.136,,,2026-09-10 02:25:49
福建省,浙闽片河流,南靖靖城桥,2026-09-10 02:00,2,25.37,6.58,7.73,134.9,51.97,1.31,0.124,0.041,7.089,,,2026-09-10 02:25:49
福建省,浙闽片河流,南靖洪濑汤坑桥,2026-09-10 02:00,2,25.17,6.36,7.95,195.4,19.478,0.66,0.045,0.058,14.221,,,2026-09-10 02:25:49
福建省,浙闽片河流,浦南水文站,2026-09-10 02:00,2,25.04295,7,8.01,114.4,75.22,0.79,0.006,0.074,1.394,,,2026-09-10 02:25:49
福建省,浙闽片河流,南溪浮宫桥,2026-09-10 02:00,2,26.83,6.86,6.74,895.192,184.018,1.6,0.172,0.1,3.5653,,,2026-09-10 02:25:49
福建省,浙闽片河流,上坂,2026-09-10 02:00,3,26.65,6.56,6.55,139.134,56.253,1.33,0.178,0.149,4.6352,,,2026-09-10 02:25:49
福建省,浙闽片河流,云霄高塘渡口,2026-09-10 02:00,3,26.62,6.66,6.58,110.454,24.906,0.72,0.254,0.131,4.7045,,,2026-09-10 02:25:49
福建省,浙闽片河流,水汾桥,2026-09-10 02:00,2,26.49,6.93,6.99,128.99,16.91,1.47,0.04,0.045,1.29,,,2026-09-10 02:25:49
福建省,浙闽片河流,十里庵,2026-09-10 02:00,2,27.76,6.82,6.52,85.53,15.5,1.45,0.032,0.061,1.425,,,2026-09-10 02:25:49
福建省,浙闽片河流,邵武晒口桥,2026-09-10 02:00,2,27.33,7.16,7.6,106.65,8.59,0.89,0.031,0.032,0.903,,,2026-09-10 02:25:49
福建省,浙闽片河流,武夷山兴田,2026-09-10 01:00,2,26.60395,6.89,7.11,37.98535,8.45816,1.44,0.016,0.015,0.5572,,,2026-09-10 02:25:49
福建省,浙闽片河流,建瓯蓬墩,2026-09-10 02:00,2,28.174,6.91,6.56,55.29,7.8,1.45,0.15,0.043,1.041,,,2026-09-10 02:25:49
福建省,浙闽片河流,浪石,2026-09-10 02:00,2,27.598,6.68,6.08,73.199,3.31,1.41,0.062,0.046,1.061,,,2026-09-10 02:25:49
福建省,浙闽片河流,将乐樟应,2026-09-10 02:00,3,27.66409,6.87,5.77,62.1,4.3184,1.73,0.023,0.026,0.786,,,2026-09-10 02:25:49
福建省,浙闽片河流,建阳坪州大桥,2026-09-10 01:00,2,27.82,7.38,9.32,109.49,6.429,1.76,0.013,0.044,1.085,,,2026-09-10 02:25:49
福建省,浙闽片河流,政和西津,2026-09-10 01:00,2,28.163,7.22,7.47,78.908,12.5,1.93,0.044,0.036,1.156,,,2026-09-10 02:25:49
福建省,浙闽片河流,雁石桥,2026-09-10 02:00,2,24.65,7.63,9.43,261.992,31.232,0.67,0.131,0.064,1.028,,,2026-09-10 02:25:49
福建省,珠江流域,长汀美西桥,2026-09-10 02:00,2,24.68,6.9,7.48,81.574,13.02,1.52,0.116,0.095,0.8758,,,2026-09-10 02:25:49
福建省,浙闽片河流,八都,2026-09-10 01:00,2,25.35,6.9,8.22,40.207,7.129,1.74,0.014,0.062,0.977,,,2026-09-10 02:25:49
福建省,浙闽片河流,古田黄田,2026-09-10 01:00,2,28.989,8.42,9.28,85.456,14.385,2.76,0.08,0.061,1.306,,,2026-09-10 02:25:49
江西省,长江流域,大港,2026-09-10 02:00,2,25.91,7.29,7.27,118.28,87.45,2.28,0.07,0.082,1.599,,,2026-09-10 02:25:49
江西省,长江流域,新联,2026-09-10 02:00,3,25.96,6.87,8.11,166.58,127.53,5.22,0.026,0.08,2.7137,,,2026-09-10 02:25:49
江西省,长江流域,生米,2026-09-10 02:00,2,29.713,7.25,7.29,116.247,55.445,2.04,0.072,0.084,0.959,,,2026-09-10 02:25:49
江西省,长江流域,滁槎,2026-09-10 01:00,2,25.73,6.21,6.22,108.29,66.26,1.98,0.214,0.092,2.963,,,2026-09-10 02:25:49
江西省,长江流域,塔城,2026-09-10 02:00,2,27.15,7.94,8.21,85.38,22.42,2.32,0.019,0.063,1.281,,,2026-09-10 02:25:49
江西省,长江流域,八一桥,2026-09-10 02:00,3,26.73,7.27,6.94,108.378,68.682,0.83,0.114,0.104,0.8218,,,2026-09-10 02:25:49
江西省,长江流域,焦石坝,2026-09-10 02:00,2,26.41,7.67,9.07,86.85,23.9,2.46,0.085,0.057,1.3107,,,2026-09-10 02:25:49
江西省,长江流域,鲇鱼山,2026-09-10 01:00,2,29.51,7.42,6.2,181.8,6.83,1.84,0.024,0.038,1.238,,,2026-09-10 02:25:49
江西省,长江流域,戴村,2026-09-10 02:00,2,29.175,7.26,6.42,482.791,12.31,2.25,0.193,0.026,1.048,,,2026-09-10 02:25:49
江西省,长江流域,南河河口,2026-09-10 02:00,4,27.74,6.84,3.62,240.39,8.55,2.04,0.108,0.106,2.112,,,2026-09-10 02:25:49
江西省,长江流域,镇埠,2026-09-10 02:00,2,27.3,7.39,6.85,89.26,1.2,1.77,,0.028,0.674,,,2026-09-10 02:25:49
江西省,长江流域,龙山口,2026-09-10 02:00,2,24.95,8.11,7.57,230.832,8.247,2.09,0.039,0.039,0.7413,,,2026-09-10 02:25:49
江西省,长江流域,桐车湾,2026-09-10 02:00,2,26.15,8,7.32,309.209,6.754,1.66,0.098,0.09,1.6675,,,2026-09-10 02:25:49
江西省,长江流域,金鱼石,2026-09-10 02:00,2,26.85,7.67,6.99,280.63,6.23,1.83,0.016,0.075,1.74,,,2026-09-10 02:25:49
江西省,长江流域,邓家洲,2026-09-10 01:00,2,26.88,7.86,7.39,490.9774,6.363,1.83,0.013,0.091,2.01668,,,2026-09-10 02:25:49
江西省,长江流域,吴城修河,2026-09-10 02:00,1,26.706,7.35,8.09,106.14,21.29,1.79,0.008,0.019,0.8739,,,2026-09-10 02:25:49
江西省,长江流域,姚港,2026-09-10 02:00,2,26.45,7.84,7.51,343.65,26.15,1.84,0.08,0.071,1.47,,,2026-09-10 02:25:49
江西省,长江流域,湖口,2026-09-10 02:00,2,26.4005,7.9,7.37,311.82,29.61,2.11,0.01,0.07,2.177,,,2026-09-10 02:25:49
江西省,长江流域,蛤蟆石,2026-09-10 02:00,4,26.16,6.9,7.39,103.01,68.31,2.34,,0.064,2.236,0.00481,252640,2026-09-10 02:25:49
江西省,长江流域,都昌,2026-09-10 02:00,3,26.16,6.97,6.69,112.47,124.39,2.68,,0.041,1.409,0.03624,1.243,2026-09-10 02:25:49
江西省,长江流域,潦河河口,2026-09-10 02:00,2,27.37,7.27,7.73,112.38,6.013,1.72,,0.04,0.9443,,,2026-09-10 02:25:49
江西省,长江流域,三都,2026-09-10 01:00,2,25.75,6.83,6.64,100.21,3.87,0.87,0.007,0.055,0.919,,,2026-09-10 02:25:49
江西省,长江流域,柘林湖坝上,2026-09-10 02:00,1,27.754,7.77,7.77,100.62,0.967,2,,0.008,0.514,,,2026-09-10 02:25:49
江西省,长江流域,洋港镇,2026-09-10 01:00,2,23.873,7.9,6.57,319.633,3.045,0.18,0.002,0.009,1.07133,,,2026-09-10 02:25:49
江西省,长江流域,修水界上桥,2026-09-10 01:00,2,26.9,8.16,7.05,126.718,,2.52,0.004,0.098,1.58252,,,2026-09-10 02:25:49
江西省,长江流域,共青城寨下,2026-09-10 02:00,2,27,8.05,10.18,382.9,18,3.5,0.005,0.044,1.404,,,2026-09-10 02:25:49
江西省,长江流域,罗坊,2026-09-10 02:00,2,26.92,7.72,7.54,216.471,27.064,3.24,0.147,0.095,1.2988,,,2026-09-10 02:25:49
江西省,长江流域,孔目江江口,2026-09-10 02:00,3,27.96,7.94,7.02,324.499,31.473,4.59,0.05,0.108,1.2659,,,2026-09-10 02:25:49
江西省,长江流域,浮桥,2026-09-10 02:00,2,26.28,7.64,6.86,184.343,9.757,2.83,0.11,0.09,1.3462,,,2026-09-10 02:25:49
江西省,长江流域,傣家村,2026-09-10 02:00,3,26.34,7.84,6.32,183.695,6.678,3.86,0.073,0.042,1.0202,0.01581,1.629365,2026-09-10 02:25:49
江西省,长江流域,白塔河河口,2026-09-10 02:00,3,27.15,6.74,5.73,75.537,5.052,1.83,0.074,0.043,0.6498,,,2026-09-10 02:25:49
江西省,长江流域,土桥,2026-09-10 02:00,2,27.86,7.36,7.04,121.928,3.847,2.61,0.046,0.057,1.0709,,,2026-09-10 02:25:49
江西省,长江流域,流口村,2026-09-10 02:00,2,28.9,6.96,6.97,112.0334,8.480733,1.85,0.005,0.062,1.144193,,,2026-09-10 02:25:49
江西省,长江流域,市自来水厂,2026-09-10 02:00,2,26.27,7.14,7.74,96.012,14.682,0.56,0.148,0.057,0.8161,,,2026-09-10 02:25:49
江西省,长江流域,新庙前,2026-09-10 02:00,2,27.08,7.04,6.51,100.823,29.586,1.79,0.136,0.058,1.5164,,,2026-09-10 02:25:49
江西省,长江流域,峡山,2026-09-10 02:00,3,27.44,7.21,7.09,90.775,10.291,2.14,,0.136,0.8965,,,2026-09-10 02:25:49
江西省,长江流域,梅江江口,2026-09-10 02:00,3,28.68,7.22,6.81,89.393,16.002,2.09,0.268,0.128,0.88,,,2026-09-10 02:25:49
江西省,长江流域,平江江口,2026-09-10 02:00,2,27.3,7.32,6.79,110.641,31.423,1.73,0.216,0.068,0.6964,,,2026-09-10 02:25:49
江西省,长江流域,上犹江江口,2026-09-10 02:00,2,26.03,6.96,7.41,74.63,16.986,1.78,0.144,0.034,0.6127,,,2026-09-10 02:25:49
江西省,长江流域,龙南自来水厂,2026-09-10 02:00,2,25.85,7.37,7.75,73.828,9.964,1.02,0.096,0.039,0.8689,,,2026-09-10 02:25:49
江西省,长江流域,桃江江口,2026-09-10 02:00,2,26.36,7.03,6.28,114.446,20.818,1.56,0.142,0.082,1.3704,,,2026-09-10 02:25:49
江西省,长江流域,汝城多发电站,2026-09-10 02:00,2,21.59,7.22,8.68,63.84,8.72,0.87,,0.027,0.675,,,2026-09-10 02:25:49
江西省,长江流域,金滩,2026-09-10 02:00,2,26.59,7.1,6.81,89.73,38.563,1.91,0.046,0.077,0.891,,,2026-09-10 02:25:49
江西省,长江流域,孤江江口,2026-09-10 02:00,2,26.75,7.16,7.2,56.627,10.723,2.03,0.046,0.055,0.7367,,,2026-09-10 02:25:49
江西省,长江流域,禾水河口,2026-09-10 02:00,2,27.2,7.26,6.64,108.381,33.038,1.9,0.205,0.056,0.7709,,,2026-09-10 02:25:49
江西省,长江流域,遂川江江口,2026-09-10 02:00,5,25.25,7.22,7.63,70.735,117.266,0.92,,0.317,1.3394,,,2026-09-10 02:25:49
江西省,长江流域,乌江江口,2026-09-10 02:00,2,27.64,7.32,6.5,120.474,16.614,1.54,0.162,0.068,0.9186,,,2026-09-10 02:25:49
江西省,长江流域,高安市青州村,2026-09-10 02:00,2,27.2,7.84,7.42,199.15,5.08,2.13,0.007,0.076,1.413,,,2026-09-10 02:25:49
江西省,长江流域,良田村,2026-09-10 02:00,2,23.75,7.65,6.96,191.49,8.41,1.99,0.005,0.07,1.434,,,2026-09-10 02:25:49
江西省,长江流域,三洪村,2026-09-10 02:00,2,27.37,7.16,7.52,87.66,15.05,1.3,0.01,0.051,0.809,,,2026-09-10 02:25:49
江西省,长江流域,肖江江口,2026-09-10 02:00,3,27.529,7.1,5.31,251.82,12.48,3.36,0.05,0.053,1.423,,,2026-09-10 02:25:49
江西省,长江流域,修河港口,2026-09-10 02:00,1,25.51,7.1,8.27,41.85,2.54,0.52,0.008,0.009,0.464,,,2026-09-10 02:25:49
江西省,长江流域,超坊,2026-09-10 02:00,2,26.56,7.66,7.7,86.307,25.868,2.01,0.238,0.073,1.0592,,,2026-09-10 02:25:49
江西省,长江流域,钟岭水厂,2026-09-10 02:00,2,27.12,7.44,7.21,77.54,33.96,2.74,,0.065,1.2125,,,2026-09-10 02:25:49
江西省,长江流域,临水河口,2026-09-10 02:00,2,25.51,6.86,7.91,76.28,11.8,2.05,0.09,0.072,1.206,,,2026-09-10 02:25:49
江西省,长江流域,赵家湾,2026-09-10 02:00,2,28.774,7.01,6.01,164.518,18.7255,1.68,0.013,0.038,1.161,,,2026-09-10 02:25:49
江西省,长江流域,康山,2026-09-10 01:00,4,26.14,6.69,7.07,96.93,64.49,3.02,0.186,0.086,1.313,0.0129,744000,2026-09-10 02:25:49
江西省,长江流域,野鸡山村,2026-09-10 02:00,2,29.32,7.69,7.73,631.85,12.49,1.82,0.045,0.026,0.694,,,2026-09-10 02:25:49
江西省,长江流域,瑞洪大桥,2026-09-10 02:00,4,29.78,6.87,4.67,126.98,20.8,3.23,,0.046,1.151,,,2026-09-10 02:25:49
江西省,长江流域,弋阳,2026-09-10 02:00,2,28.42,7.55,7.58,120.84,2.37,1.54,,0.063,0.919,,,2026-09-10 02:25:49
江西省,长江流域,鄱阳花园,2026-09-10 02:00,2,28.55,7.36,7.4,144.18,6.34,2.48,0.113,0.014,1.6,,,2026-09-10 02:25:49
江西省,长江流域,洎水河河口,2026-09-10 02:00,3,28.11,6.84,5.78,669.99,7.9,2.47,0.061,0.034,1.09,,,2026-09-10 02:25:49
江西省,长江流域,铅山,2026-09-10 02:00,2,28.56,7.79,8.64,141.02,6.82,2.12,0.04,0.075,0.534,,,2026-09-10 02:25:49
江西省,长江流域,旗山,2026-09-10 02:00,2,28.71,7.41,7.3,117.41,7.05,1.7,0.029,0.063,0.942,,,2026-09-10 02:25:49
江西省,长江流域,应家坊,2026-09-10 02:00,2,28.65,7.24,7.03,141.76,5.11,2.05,0.079,0.081,1,,,2026-09-10 02:25:49
山东省,淮河流域,辛丰庄,2026-09-10 02:00,3,24.687,7.76,5.93,1179,30.781,3.02,0.27,0.06,7.136,,,2026-09-10 02:25:49
山东省,黄河流域,泺口,2026-09-10 01:00,2,23.27,8.4,7.76,623.14,175.87,2.27,,0.075,2.533,,,2026-09-10 02:25:49
山东省,淮河流域,睦里庄,2026-09-10 02:00,4,22.302,7.4,4.88,723.319,1.964,2.86,0.024,0.047,1.138,,,2026-09-10 02:25:49
山东省,黄河流域,卧虎山水库,2026-09-10 02:00,1,23.34,7.95,8.4,523.623,5.258,1.7,0.001,0.013,3.942,,,2026-09-10 02:25:49
山东省,淮河流域,斜拉桥,2026-09-10 02:00,3,23.256,8.24,6.07,859.089,6.421,6,0.208,0.057,1.241,,,2026-09-10 02:25:49
山东省,淮河流域,马连庄,2026-09-10 02:00,2,20.832,7.82,9.3,933.3,4.569,2.44,,0.015,12.207,,,2026-09-10 02:25:49
山东省,淮河流域,吉利河水库出口,2026-09-10 02:00,3,23.216,8.32,6.25,336.329,11.615,5.13,,0.07,0.778,,,2026-09-10 02:25:49
山东省,淮河流域,墨水河入海口,2026-09-10 02:00,6,24.569,7.45,2.86,2229.03,74.39,10.89,2.519,0.568,9.542,,,2026-09-10 02:25:49
山东省,淮河流域,韩旺大桥,2026-09-10 02:00,2,22.065,7.87,7.83,871.981,2.298,2.22,0.012,0.011,22.19,,,2026-09-10 02:25:49
山东省,淮河流域,台儿庄大桥,2026-09-10 01:00,3,27.94,6.85,8.01,,0.11,,0.825,,,,,2026-09-10 02:25:49
山东省,淮河流域,群乐桥,2026-09-10 01:00,3,20.43,7.8,6.69,1568.58,64.897,5.26,0.024,0.088,1.96,,,2026-09-10 02:25:49
山东省,淮河流域,王晁桥,2026-09-10 01:00,4,24.156,7.71,3.42,1134.25,19.649,,0.072,0.122,5.515,,,2026-09-10 02:25:49
山东省,淮河流域,十字河大桥,2026-09-10 01:00,3,25.858,7.59,5.08,1245.2,4.933,5.13,0.009,0.042,0.482,,,2026-09-10 02:25:49
山东省,淮河流域,贾庄闸,2026-09-10 01:00,3,25.03,7.6,6.25,1183.48,12.203,3.95,0.006,0.113,5.063,,,2026-09-10 02:25:49
山东省,淮河流域,支脉河陈桥,2026-09-10 02:00,3,22.757,7.55,6.65,3448.282,68.12,5.42,0.066,0.134,3.047,,,2026-09-10 02:25:49
山东省,淮河流域,新夹河大桥,2026-09-10 01:00,4,20.90358,7.9,6.23,977.4549,1.83594,6.73,0.037,0.016,0.21355,,,2026-09-10 02:25:49
山东省,淮河流域,桥头,2026-09-10 02:00,4,22.16,8.54,7.56,859.523,22.88,8.09,0.3,0.235,4.755,,,2026-09-10 02:25:49
山东省,淮河流域,东村河入海口,2026-09-10 02:00,4,20.793,7.46,6.88,721.751,33.094,6.74,0.042,0.109,2.489,,,2026-09-10 02:25:49
山东省,淮河流域,羊口,2026-09-10 02:00,4,25.777,7.92,6.47,13987.41,61.532,6.2,0.39,0.199,3.609,,,2026-09-10 02:25:49
山东省,淮河流域,峡山水库库中,2026-09-10 02:00,5,24.95,8.25,6.18,754.73,241.38,11.2,0.002,0.032,0.331,,1.074254,2026-09-10 02:25:49
山东省,淮河流域,柳疃桥,2026-09-10 02:00,3,23.272,7.98,10.4,1433.317,23.134,5.19,0.03,0.086,7.109,,,2026-09-10 02:25:49
山东省,淮河流域,张建桥,2026-09-10 02:00,3,23.054,7.73,6.61,2436.541,17.878,4.71,0.045,0.064,12.307,,,2026-09-10 02:25:49
山东省,淮河流域,兖州南大桥,2026-09-10 01:00,2,22.987,7.86,6.72,1001.12,10.846,3.9,0.066,0.076,0.9809,,,2026-09-10 02:25:49
山东省,淮河流域,105公路桥,2026-09-10 01:00,5,27.13,7.67,2.53,1547.38,64.76,5.11,0.186,0.161,3.593,,,2026-09-10 02:25:49
山东省,淮河流域,高河桥,2026-09-10 01:00,4,26.697,7.9,3.08,1421.35,40.243,5.38,0.093,0.113,2.102,,,2026-09-10 02:25:49
山东省,淮河流域,西石佛,2026-09-10 02:00,4,25.965,7.63,4.94,1277,16.993,3.86,0.147,0.061,3.326,,,2026-09-10 02:25:49
山东省,淮河流域,老运河微山段,2026-09-10 01:00,4,27.5,7.87,4.9,1318.43,13.498,3.99,0.069,0.033,1.145,,,2026-09-10 02:25:49
山东省,淮河流域,李集,2026-09-10 02:00,2,25.144,8.38,6.51,1089,21.88,4,0.007,0.065,1.767,,,2026-09-10 02:25:49
山东省,淮河流域,尹沟,2026-09-10 01:00,2,25.47,8.09,7.29,913.36,21.37,3.6,0.188,0.036,1.048,0.04,,2026-09-10 02:25:49
山东省,淮河流域,西支河入湖口,2026-09-10 01:00,3,26.991,8.11,5.54,1334.07,16.008,5.71,0.057,0.055,1.347,,,2026-09-10 02:25:49
山东省,淮河流域,东石佛,2026-09-10 02:00,4,25.542,7.6,3.85,1169.637,11.449,4.81,0.165,0.042,1.639,,,2026-09-10 02:25:49
山东省,淮河流域,西姚,2026-09-10 02:00,4,26.666,7.97,4.66,1316,28.73,3.7,0.132,0.189,2.43,,,2026-09-10 02:25:49
山东省,淮河流域,鲁桥,2026-09-10 01:00,3,26.394,7.94,5.16,1510.63,26.92,5.41,0.087,0.073,0.832,,,2026-09-10 02:25:49
山东省,淮河流域,牛庄闸,2026-09-10 01:00,2,25.959,7.83,7.53,919.07,15.687,3.53,0.033,0.003,1.498,,,2026-09-10 02:25:49
山东省,淮河流域,湘子庙,2026-09-10 02:00,5,25.69,8.06,2.65,1617.11,90.608,5.6,0.057,0.3,3.40556,,,2026-09-10 02:25:49
山东省,黄河流域,戴村坝,2026-09-10 01:00,2,25.73,7.64,6.88,839.13,2.2,2.47,0.104,0.018,2.481,,,2026-09-10 02:25:49
山东省,黄河流域,徐家汶,2026-09-10 02:00,2,21.54838,7.65,6.58,1363.205,1.429,1.59,0.068,0.062,37.40332,,,2026-09-10 02:25:49
山东省,淮河流域,南桥,2026-09-10 02:00,4,22.771,7.58,3.2,1109.995,39.255,5.72,0.249,0.108,1.723,,,2026-09-10 02:25:49
山东省,淮河流域,大古镇,2026-09-10 02:00,3,22.49,7.49,8.85,845.75,29.82,4.98,0.021,0.12,4.286,,,2026-09-10 02:25:49
山东省,淮河流域,夏庄,2026-09-10 01:00,6,21.14,9.75,8.71,736.6,28.4,12.55,0.026,0.238,2.14009,,,2026-09-10 02:25:49
山东省,黄河流域,贺小庄,2026-09-10 02:00,3,23.672,7.45,5.63,826.68,7.336,3.57,0.116,0.029,1.959,,,2026-09-10 02:25:49
山东省,淮河流域,临沂北大桥,2026-09-10 01:00,4,23.66,8.79,8.48,436.52,22.431,8.05,0.016,0.088,2.326,,,2026-09-10 02:25:49
山东省,淮河流域,捷庄,2026-09-10 02:00,4,25.67,7.66,8.82,624.731,21.987,7.18,0.114,0.125,1.261,,,2026-09-10 02:25:49
山东省,淮河流域,临沭大兴桥,2026-09-10 01:00,3,24.898,7.34,7.34,636.72,10.562,5.49,0.041,0.103,0.88,,,2026-09-10 02:25:49
山东省,淮河流域,310公路桥,2026-09-10 01:00,6,23.38,7.26,1.57,849.88,4.64,3.22,0.051,0.1,0.217,,,2026-09-10 02:25:49
山东省,淮河流域,沙沟桥,2026-09-10 01:00,3,22.15,7.47,5.67,776.51,5.44,3.88,0.111,0.063,3.09,,,2026-09-10 02:25:49
山东省,淮河流域,云蒙湖湖心,2026-09-10 01:00,3,22.15,8.3,7.34,421.1,1.48,4.21,0.133,0.023,2.892,0.01529,4923110,2026-09-10 02:25:49
山东省,海河流域,第三店,2026-09-10 02:00,4,24.139,8.01,4.99,854.318,30.278,2.65,0.031,0.063,3.751,,,2026-09-10 02:25:49
山东省,海河流域,董姑桥,2026-09-10 02:00,5,23.551,7.75,2.71,1150.5,44.3,3.43,0.143,0.015,0.67,,,2026-09-10 02:25:49
山东省,海河流域,油坊桥,2026-09-10 02:00,3,23.831,8.06,6.56,925.816,94.719,2.04,0.119,0.112,4.648,,,2026-09-10 02:25:49
山东省,海河流域,秤勾湾,2026-09-10 01:00,3,23.84,8.15,7.36,1058.43,92.62,2.41,0.704,0.129,6.875,,,2026-09-10 02:25:49
山东省,海河流域,北湖,2026-09-10 02:00,2,25.85,8.77,8.78,923.9,23.78,2.6,0.037,0.016,1.365,0.01204,6439799,2026-09-10 02:25:49
山东省,海河流域,小泊头桥,2026-09-10 01:00,2,23.69,8.16,7.9,987.675,31.661,2.05,0.05,0.093,3.948,,,2026-09-10 02:25:49
山东省,海河流域,胜利桥,2026-09-10 01:00,3,24.499,7.89,5.81,2209.764,26.95,5.69,0.098,0.133,2.474,,,2026-09-10 02:25:49
山东省,海河流域,芦家河子水库,2026-09-10 02:00,6,23.231,9.08,8.17,828.473,26.347,4.25,0.019,0.048,1.111,,,2026-09-10 02:25:49
山东省,海河流域,三角洼水库,2026-09-10 02:00,2,23.862,8.34,9.97,1012.261,25.667,2.27,0.054,0.036,1.082,,,2026-09-10 02:25:49
山东省,淮河流域,西闸,2026-09-10 02:00,3,24.594,7.92,6.1,1707.366,18.899,4.68,0.836,0.163,7.248,,,2026-09-10 02:25:49
山东省,淮河流域,范李,2026-09-10 02:00,4,25.569,7.94,4.86,1927.184,25.986,3.86,0.23,0.175,4.951,,,2026-09-10 02:25:49
山东省,海河流域,大山,2026-09-10 01:00,4,24.644,8.05,4.13,2865.976,11.328,5.76,0.072,0.084,1.081,,,2026-09-10 02:25:49
山东省,海河流域,邵家,2026-09-10 02:00,5,24.403,7.73,7.32,8164.26,28.05,11.34,0.223,0.122,2.293,,,2026-09-10 02:25:49
山东省,淮河流域,于楼,2026-09-10 01:00,4,24.595,8.25,4.8,1875.59,65.577,5.68,0.334,0.172,1.33,,,2026-09-10 02:25:49
山东省,淮河流域,徐寨,2026-09-10 01:00,3,25.047,8.32,6.08,1706.24,41.713,5.24,0.051,0.165,1.922,,,2026-09-10 02:25:49
河南省,黄河流域,七里铺,2026-09-10 02:00,3,24.8458,7.98,7.31,598.123,23.3412,2.82,0.12,0.129,4.014,,,2026-09-10 02:25:49
河南省,淮河流域,尖岗水库,2026-09-10 01:00,2,25.49,8.69,10.17,259.1987,2.9642,2.35,0.0003,0.011,0.3779,,,2026-09-10 02:25:49
河南省,淮河流域,新郑黄甫寨,2026-09-10 02:00,2,24.73,7.64,6.44,946.28,22.35,3.24,0.258,0.056,3.582,,,2026-09-10 02:25:49
河南省,淮河流域,通许邸阁,2026-09-10 02:00,4,23.56,7.94,4.49,915.5,91.27,5.63,0.123,0.173,1.531,,,2026-09-10 02:25:49
河南省,淮河流域,中牟陈桥,2026-09-10 02:00,3,22.87,7.93,7.44,799.04,40.79,5.16,0.496,0.132,5.0273,,,2026-09-10 02:25:49
河南省,黄河流域,高崖寨,2026-09-10 01:00,2,22.01,8.01,7.17,467.01,9.35,2.69,0.266,0.056,2.623,,,2026-09-10 02:25:49
河南省,黄河流域,龙门大桥,2026-09-10 01:00,2,19.83,8.09,9.04,505.031,84.905,3.64,0.3,0.073,3.686,,,2026-09-10 02:25:49
河南省,淮河流域,紫罗山,2026-09-10 01:00,3,19.1797,7.77,8.38,242.0769,66.50144,4.48,0.361,0.094,4.83089,,,2026-09-10 02:25:49
河南省,黄河流域,白马寺,2026-09-10 01:00,4,23.46,7.61,6.09,615.2,28.3,2.76,0.22,0.238,4.568,,,2026-09-10 02:25:49
河南省,黄河流域,潭头,2026-09-10 02:00,2,20.553,8.05,8,530.8,5.7595,1.53,0.291,0.011,3.119,,,2026-09-10 02:25:49
河南省,淮河流域,大陈闸,2026-09-10 01:00,2,26.07372,8.01,7.08,860.8275,4.51109,,,,,,,2026-09-10 02:25:49
河南省,淮河流域,白龟山水库,2026-09-10 02:00,4,25.04,7.44,3.4,329.5,11.06,4.31,0.075,0.033,1.068,0.03625,3562000,2026-09-10 02:25:49
河南省,淮河流域,杨寨中村,2026-09-10 02:00,2,19.8,7.86,7.27,675.86,27.38,3.39,0.201,0.092,7.404,,,2026-09-10 02:25:49
河南省,淮河流域,舞钢石庄桥,2026-09-10 01:00,4,21.2295,7.51,4.81,761.087,12.41074,3.6,1.188,0.214,8.08286,,,2026-09-10 02:25:49
河南省,海河流域,彰武水库,2026-09-10 02:00,1,23.056,8.03,8.12,591,4.37,1.83,,0.015,3.1767,,,2026-09-10 02:25:49
河南省,海河流域,冯宿桥,2026-09-10 01:00,4,22.6,7.62,4.43,638.6211,14.15,2.87,0.276,0.06,4.1639,,,2026-09-10 02:25:49
河南省,海河流域,五陵,2026-09-10 02:00,3,21.91,7.94,7.31,1232.7,82.4,2.88,0.116,0.147,7.565,,,2026-09-10 02:25:49
河南省,海河流域,石辛庄,2026-09-10 01:00,3,23.66,7.81,6.41,1170.122,6.653,4.48,0.184,0.083,6.9949,,,2026-09-10 02:25:49
河南省,海河流域,黄花营,2026-09-10 01:00,2,24.67,8.1,7.09,499.8732,2.4898,0.53,,0.015,4.7769,,,2026-09-10 02:25:49
河南省,海河流域,前枋城,2026-09-10 02:00,1,20.471,7.95,7.7,555.95,7.004,1.31,0.012,,5.1551,,,2026-09-10 02:25:49
河南省,海河流域,卫河小河口,2026-09-10 01:00,4,21.2,7.99,6.62,1266.387,91.3,2.72,0.374,0.238,7.6761,,,2026-09-10 02:25:49
河南省,海河流域,修武水文站,2026-09-10 01:00,3,22.52,7.79,7.28,2514.628,55.94,3.86,0.763,0.179,7.9684,,,2026-09-10 02:25:49
河南省,海河流域,获嘉东碑村,2026-09-10 02:00,3,21.25,7.88,6.75,1719.13,110.93,5.06,0.105,0.186,4.756,,,2026-09-10 02:25:49
河南省,黄河流域,封丘陶北,2026-09-10 02:00,4,21.43,8.06,7.24,991.29,69.26,5.55,0.172,0.259,3.209,,,2026-09-10 02:25:49
河南省,黄河流域,封丘王堤,2026-09-10 02:00,2,19.549,7.63,6.88,870.05,52.91,3.31,0.222,0.1,3.0588,,,2026-09-10 02:25:49
河南省,海河流域,新乡贾太湖,2026-09-10 02:00,3,21.77,8.23,8.14,680.614,749.675,3.16,0.064,0.138,3.5293,,,2026-09-10 02:25:49
河南省,黄河流域,武陟渠首,2026-09-10 01:00,2,22,8.05,8.88,863.37,34.99,1.16,0.028,0.047,4.496,,,2026-09-10 02:25:49
河南省,黄河流域,孟州还封村,2026-09-10 01:00,4,21.00548,7.48,6.02,1201.781,38.57207,3.62,1.32,0.286,10.6461,,,2026-09-10 02:25:49
河南省,海河流域,南乐元村集,2026-09-10 02:00,4,22.16,7.85,8.57,1347.81,143.67,3.25,0.191,0.248,6.982,,,2026-09-10 02:25:49
河南省,海河流域,南乐水文站,2026-09-10 01:00,4,24.41,7.68,4.3,736.8972,98.11,6.01,0.291,0.188,3.7211,,,2026-09-10 02:25:49
河南省,黄河流域,濮阳大韩桥,2026-09-10 02:00,4,23.1,7.39,3.6,815.31,63.78,3.48,0.048,0.113,1.125,,,2026-09-10 02:25:49
河南省,淮河流域,白沙水库,2026-09-10 02:00,2,25.2197,8.15,6.53,708.112,18.6824,3.83,0.024,0.021,3.4933,,,2026-09-10 02:25:49
河南省,淮河流域,召陵武湾,2026-09-10 01:00,2,25.93,8,7.32,615.9,19.9,3.53,0.072,0.079,4.962,,,2026-09-10 02:25:49
河南省,淮河流域,郾城漯邓桥,2026-09-10 01:00,4,23.3,7.81,6.24,1860.2,33.74,3.08,0.086,0.214,3.715,,,2026-09-10 02:25:49
河南省,淮河流域,叶舞公路桥,2026-09-10 02:00,2,23.458,7.43,6.76,308.38,23.042,3.82,0.026,0.085,2.623,,,2026-09-10 02:25:49
河南省,淮河流域,临颍高村桥,2026-09-10 01:00,3,23.44,7.69,7.74,1102.71,15.96,2.7,0.602,0.135,9.85,,,2026-09-10 02:25:49
河南省,淮河流域,舞阳马湾,2026-09-10 01:00,2,26.579,8.02,7.55,611.1,18.756,2.49,0.052,0.042,4.939,,,2026-09-10 02:25:49
河南省,黄河流域,洛河大桥,2026-09-10 02:00,2,20.97,8.34,8.37,463.095,19.044,1.33,0.262,0.052,1.949,,,2026-09-10 02:25:49
河南省,长江流域,淅川荆紫关,2026-09-10 02:00,3,23.4708,7.9,5.77,352.7803,0.308399,1.65,0.006,0.024,1.333,,,2026-09-10 02:25:49
河南省,长江流域,淅川史家湾,2026-09-10 02:00,2,25.02,7.95,6.49,385.412,9.607,1.7,0.028,0.018,1.3594,0.00172,,2026-09-10 02:25:49
河南省,长江流域,淅川高湾,2026-09-10 02:00,2,24.47,8.02,8.47,391.1,15.493,1.94,0.067,0.025,1.3725,0.004,,2026-09-10 02:25:49
河南省,长江流域,淅川张营,2026-09-10 02:00,4,27.92,7.94,4.66,319.431,6.986,3.48,0.086,0.025,1.5655,0.0032924,,2026-09-10 02:25:49
河南省,长江流域,五龙泉,2026-09-10 01:00,2,25.75,8,6.79,258,4.99,1.9,0.021,0.016,0.807,0.0018,713003,2026-09-10 02:25:49
河南省,长江流域,宋岗,2026-09-10 01:00,2,26.802,8.13,6.25,271.6,4.0655,1.38,0.017,0.009,0.672,0.001848,1018444,2026-09-10 02:25:49
河南省,长江流域,陶岔,2026-09-10 02:00,2,26.63,8.22,6.01,258.677,4.89,1.44,0.024,0.014,1.1479,0.002,752474,2026-09-10 02:25:49
河南省,长江流域,三道河,2026-09-10 02:00,1,19.564,8.11,9.13,444.355,5.497,0.74,0.005,0.004,2.167,,,2026-09-10 02:25:49
河南省,长江流域,上河,2026-09-10 01:00,2,22.7,7.92,8.3,217.0753,5.5131,2.07,0.006,0.007,0.3399,,,2026-09-10 02:25:49
河南省,长江流域,方城夏河,2026-09-10 02:00,3,20.62,7.74,5.9,659.881,40.642,2.08,0.12,0.106,5.914,,,2026-09-10 02:25:49
河南省,长江流域,内乡怀乡桥,2026-09-10 01:00,2,25.30331,7.03,6.64,397.5546,15.05208,2.22,0.01,0.022,1.83036,,,2026-09-10 02:25:49
河南省,淮河流域,新野溧河桥,2026-09-10 01:00,2,21.70177,7.71,7.83,356.9405,34.09007,3.98,0.075,0.091,1.76153,,,2026-09-10 02:25:49
河南省,淮河流域,吕楼桥,2026-09-10 02:00,4,21.41,7.76,3.92,1554.091,31.556,3.04,0.132,0.073,0.6478,,,2026-09-10 02:25:49
河南省,淮河流域,黄口,2026-09-10 02:00,4,26.8,7.7,3.58,1635.958,9.563,4.64,0.557,0.085,4.5089,,,2026-09-10 02:25:49
河南省,淮河流域,睢县板桥,2026-09-10 02:00,4,22.65,7.79,6.33,1413.17,69.44,6.81,0.264,0.14,4.576,,,2026-09-10 02:25:49
河南省,淮河流域,永城张板桥,2026-09-10 02:00,4,26.01,8.5,9.63,1350.75,33.29,8.44,0.023,0.211,1.831,,,2026-09-10 02:25:49
河南省,淮河流域,长台关甘岸桥,2026-09-10 01:00,2,23.21,7.51,6.24,319.41,12.74,3.82,,0.063,1.121,,,2026-09-10 02:25:49
河南省,淮河流域,息县大埠口,2026-09-10 01:00,3,25.21149,7.5,5.11,287.2294,15.30092,3.58,0.027,0.051,0.78647,,,2026-09-10 02:25:49
河南省,淮河流域,潢川水文站,2026-09-10 01:00,2,24.3525,6.84,7.7,244.363,15.6874,3.48,0.037,0.081,1.1559,,,2026-09-10 02:25:49
河南省,淮河流域,淮滨北庙,2026-09-10 01:00,2,26.66,7.6,6.95,216.3597,37.44241,2.37,0.003,0.059,0.79147,,,2026-09-10 02:25:49
河南省,淮河流域,饮用水源地取水口,2026-09-10 02:00,2,25.04,8.06,7.23,169.03,6.06,3.99,0.01,0.022,0.627,0.084,20000,2026-09-10 02:25:49
河南省,淮河流域,竹竿铺,2026-09-10 01:00,2,24.93,8.18,6.83,187.52,15.97,2.97,0.051,0.052,0.629,,,2026-09-10 02:25:49
河南省,淮河流域,固始马罡,2026-09-10 01:00,3,25.5301,7.43,5.04,191.688,8.0519,3.11,0.022,0.036,0.5341,,,2026-09-10 02:25:49
河南省,淮河流域,老沈丘泉河桥,2026-09-10 02:00,4,27.2,7.72,4.31,1105.325,30.753,3.8,0.104,0.154,2.6669,,,2026-09-10 02:25:49
河南省,淮河流域,刘寨村后,2026-09-10 02:00,3,26.37,7.89,5.2,1320,41.46,5.99,0.063,0.1,2.0693,,,2026-09-10 02:25:49
河南省,淮河流域,西华大王庄,2026-09-10 02:00,3,23.3001,8.21,7.57,821.2,39.8197,4.98,0.104,0.106,3.073,,,2026-09-10 02:25:49
河南省,淮河流域,周口康店,2026-09-10 01:00,2,26.74,7.54,6.75,677.6193,11.62,3.2,0.116,0.062,3.5846,,,2026-09-10 02:25:49
河南省,淮河流域,商水双桥,2026-09-10 01:00,2,25.51,7.81,6.7,911.9013,16.6086,3.44,0.077,0.083,6.081,,,2026-09-10 02:25:49
河南省,淮河流域,鄢陵陶城闸,2026-09-10 01:00,3,22.5,7.83,5.92,1267.4,10.53,3.15,0.518,0.15,9.0928,,,2026-09-10 02:25:49
河南省,淮河流域,鹿邑付桥,2026-09-10 02:00,4,26.67,7.66,3.6,604.708,21.82,4.72,0.18,0.094,2.4397,,,2026-09-10 02:25:49
河南省,淮河流域,西华址坊,2026-09-10 02:00,3,21.49,7.96,7.08,962.18,31.11,3.52,0.126,0.121,6.317,,,2026-09-10 02:25:49
河南省,淮河流域,冯塘邱屯,2026-09-10 01:00,4,23.71,7.51,3.25,1028.492,38.04614,4.72,0.127,0.136,5.39442,,,2026-09-10 02:25:49
河南省,淮河流域,鹿邑宋河桥,2026-09-10 02:00,6,24.49,7.86,0.32,1333.31,79.37,7.24,1.174,0.188,5.057,,,2026-09-10 02:25:49
河南省,淮河流域,西平杨庄,2026-09-10 01:00,3,23.2247,7.91,6.76,1378.486,18.62258,2.34,0.091,0.146,4.91224,,,2026-09-10 02:25:49
河南省,淮河流域,板桥水库,2026-09-10 01:00,4,24.05,7.67,3.85,193.2058,7.52,3.76,0.055,0.022,0.632,,,2026-09-10 02:25:49
河南省,淮河流域,西平王孟寺,2026-09-10 01:00,4,22.1339,7.56,4.69,891.3934,38.04787,3.91,0.081,0.182,4.31274,,,2026-09-10 02:25:49
河南省,淮河流域,新蔡李桥,2026-09-10 01:00,4,23.711,8.12,7.42,987.862,41.1,2.49,0.12,0.255,2.624,,,2026-09-10 02:25:49
河南省,黄河流域,小浪底水库,2026-09-10 02:00,2,27.55,8.06,6.08,941.072,9.184,2.05,0.059,0.028,3.0311,,,2026-09-10 02:25:49
河南省,黄河流域,南山,2026-09-10 01:00,2,23.61738,8.1,6.15,863.6622,23.69792,1.8,0.009,0.024,3.29437,0.00496,2501126,2026-09-10 02:25:49
湖北省,长江流域,朱家河口,2026-09-10 01:00,4,26.899,7.34,4.22,590.225,60.225,4.26,0.047,0.127,4.634,,,2026-09-10 02:25:49
湖北省,长江流域,牛山湖湖心,2026-09-10 02:00,3,25.92,8.14,7.95,191.584,28.504,,,0.038,,0.00511,2.413066,2026-09-10 02:25:49
湖北省,长江流域,西梁子湖湖北,2026-09-10 02:00,4,26.1816,7.84,6.95,193.06,47.255,4.2,,0.051,0.7,0.00338,1.51968,2026-09-10 02:25:49
湖北省,长江流域,宗关,2026-09-10 02:00,2,26.929,8.6,8.97,356.2,10.951,2.23,0.013,0.051,1.294,0.017948,,2026-09-10 02:25:49
湖北省,长江流域,杨泗港,2026-09-10 02:00,2,26.8,7.69,7.64,232.437,63.91,0.74,,0.061,2.563,,,2026-09-10 02:25:49
湖北省,长江流域,冯集,2026-09-10 02:00,3,26.17,7.24,5.28,235.457,20.722,3.64,0.285,0.184,1.318,,,2026-09-10 02:25:49
湖北省,长江流域,龙口,2026-09-10 02:00,4,26.13,8.22,6.22,211.63,20.62,6.12,0.066,0.054,0.905,,,2026-09-10 02:25:49
湖北省,长江流域,金水闸,2026-09-10 02:00,5,26.31,7.04,2.6,299.56,33.58,6.07,0.224,0.064,1.167,,,2026-09-10 02:25:49
湖北省,长江流域,郭玉,2026-09-10 02:00,2,25.627,8.37,7.2,207.65,18.42,3.32,0.089,0.082,1.576,,,2026-09-10 02:25:49
湖北省,长江流域,滠口,2026-09-10 01:00,4,25.77,7.67,4.97,218.1932,55.18,5.21,0.173,0.096,1.328,,,2026-09-10 02:25:49
湖北省,长江流域,港洲村,2026-09-10 02:00,3,26.83,7.54,6.08,457.3,27.12,4.16,0.065,0.115,0.846,,,2026-09-10 02:25:49
湖北省,长江流域,黄陵大桥,2026-09-10 02:00,4,26.121,7.32,4.39,407.797,20.736,3.53,0.125,0.125,1.847,,,2026-09-10 02:25:49
湖北省,长江流域,太平沙,2026-09-10 02:00,4,23.34,7.37,3.19,481.4,20.33,4.23,0.014,0.076,1.72,,,2026-09-10 02:25:49
湖北省,长江流域,白浒山,2026-09-10 02:00,2,26.23,7.74,6.87,279.7907,48.64394,1.63,0.021,0.088,1.459666,,,2026-09-10 02:25:49
湖北省,长江流域,挖沟泵站,2026-09-10 02:00,3,27.1627,7.24,5.27,1498.044,37.58721,4.52,0.073,0.126,1.985502,,,2026-09-10 02:25:49
湖北省,长江流域,富池闸,2026-09-10 02:00,2,27.4,7.45,6.63,218.3707,14.59128,2.14,0.018,0.048,1.052339,,,2026-09-10 02:25:49
湖北省,长江流域,大冶湖闸,2026-09-10 01:00,3,29.14,7.91,5.67,304.11,21.56,4.86,0.11,0.08,0.919,,,2026-09-10 02:25:49
湖北省,长江流域,夹河口,2026-09-10 01:00,3,23.45,7.64,5.1,283.9544,6.31,2.34,0.01,0.012,1.485,,,2026-09-10 02:25:49
湖北省,长江流域,天河口,2026-09-10 01:00,2,24.536,7.83,7.27,400.907,5.265,2,0.121,0.042,1.2733,,,2026-09-10 02:25:49
湖北省,长江流域,焦家院,2026-09-10 02:00,3,23.13,7.57,5.79,245.66,7.213,2.24,0.012,0.015,1,,,2026-09-10 02:25:49
湖北省,长江流域,孙家湾,2026-09-10 01:00,2,26.59,8.43,7.57,231.81,14.78,3.25,0.03,0.055,1.226,,,2026-09-10 02:25:49
湖北省,长江流域,浪河口,2026-09-10 01:00,4,27.38,7.5,4.64,178.9568,6.17,3.27,0.054,0.027,0.824,,,2026-09-10 02:25:49
湖北省,长江流域,丹江口水库坝上中,2026-09-10 02:00,2,27.62,8.01,6.02,240.832,2.656767,1.65,0.058,0.005,0.7974,0.0036331,1356000,2026-09-10 02:25:49
湖北省,长江流域,陈家坡,2026-09-10 01:00,3,24.98,7.87,5.36,246.13,6.87,2.56,0.029,0.02,1.1845,,,2026-09-10 02:25:49
湖北省,长江流域,潘口水库坝上,2026-09-10 02:00,2,26.16,8.64,7.99,182,5.9,2.64,,0.012,0.474,,,2026-09-10 02:25:49
湖北省,长江流域,剑河口,2026-09-10 01:00,2,27.84,8.16,7.61,214.05,0.64,2.34,0.03,0.023,1.022,,,2026-09-10 02:25:49
湖北省,长江流域,东湾桥,2026-09-10 01:00,3,19.03,7.98,8.7,492.1713,9.44,4.12,0.059,0.082,2.8838,,,2026-09-10 02:25:49
湖北省,长江流域,玉皇滩,2026-09-10 01:00,2,24.802,8.12,7.18,362.3,5.42,1.52,0.027,0.009,1.12,,,2026-09-10 02:25:49
湖北省,长江流域,神定河口,2026-09-10 01:00,4,22.7,7.63,8.38,384.988,36.112,5.55,0.185,0.201,7.306,,,2026-09-10 02:25:49
湖北省,长江流域,泗河口,2026-09-10 02:00,4,21.72,7.58,6.17,728.657,11.399,4.6,1.07,0.132,6.464,,,2026-09-10 02:25:49
湖北省,长江流域,王河电站,2026-09-10 01:00,2,24.65,8.09,6.57,385.1296,11.11,1.86,0.047,0.017,1.0652,,,2026-09-10 02:25:49
湖北省,长江流域,隔河岩水库坝上,2026-09-10 02:00,1,20.28,8.31,7.51,235.81,2.14,1.2,0.004,0.009,1.851,0.04195,2227015,2026-09-10 02:25:49
湖北省,长江流域,长沙坝,2026-09-10 02:00,2,27.662,8.33,7.84,466.954,16.604,2.04,0.031,0.025,1.879,,,2026-09-10 02:25:49
湖北省,长江流域,清江大桥,2026-09-10 02:00,3,21.29,7.49,5.8,324.83,7.136,1.06,,0.01,2.637,,,2026-09-10 02:25:49
湖北省,长江流域,南津关,2026-09-10 02:00,2,27.2,7.79,6.81,427.697,5.262087,1.67,0.007,0.045,2.2573,0.0196349,,2026-09-10 02:25:49
湖北省,长江流域,马渡河,2026-09-10 01:00,2,20.68,7.43,6.04,369.49,2.99,2.57,0.004,0.01,2.385,,,2026-09-10 02:25:49
湖北省,长江流域,铁路大桥,2026-09-10 02:00,2,23.61,7.77,6.59,532.7,18.4,2.12,0.072,0.04,1.539,,,2026-09-10 02:25:49
湖北省,长江流域,两河口,2026-09-10 01:00,2,24.212,7.8,7.32,602.8766,18.3487,2.89,0.025,0.041,3.5209,,,2026-09-10 02:25:49
湖北省,长江流域,桅杆坪,2026-09-10 02:00,3,19.83,7.39,5.59,282.14,1.26,1.2,0.002,0.031,2.843,,,2026-09-10 02:25:49
湖北省,长江流域,白石港,2026-09-10 02:00,2,25.09,8.16,7.19,319.267,3.897,2.17,0.071,0.011,1.209,,,2026-09-10 02:25:49
湖北省,长江流域,翟湾,2026-09-10 02:00,2,22.54,7.72,6.24,470.6432,38.02729,3.14,0.095,0.098,1.9076,,,2026-09-10 02:25:49
湖北省,长江流域,埠口,2026-09-10 01:00,3,24.10229,8.09,5.54,453.188,16.34879,3.87,0.031,0.078,1.05206,,,2026-09-10 02:25:49
湖北省,长江流域,张湾,2026-09-10 01:00,2,23.64,7.84,8.04,456.3759,20.68,3.65,0.121,0.092,2.161,,,2026-09-10 02:25:49
湖北省,长江流域,余家湖,2026-09-10 01:00,2,26.07,7.93,7.23,327.6612,34.6,2.47,0.109,0.032,1.412,,,2026-09-10 02:25:49
湖北省,长江流域,聂家滩,2026-09-10 01:00,2,25.22,7.87,6.33,296.0233,33.8,2.14,0.078,0.037,1.446,,,2026-09-10 02:25:49
湖北省,长江流域,汤店,2026-09-10 01:00,4,24.01,7.33,3.96,642.6279,11.45,5.12,0.154,0.066,2.703,,,2026-09-10 02:25:49
湖北省,长江流域,沈湾,2026-09-10 02:00,3,17.27,7.66,5.96,328.9,5.04,2.05,0.032,0.015,1.388,,,2026-09-10 02:25:49
湖北省,长江流域,朱市,2026-09-10 01:00,3,23.77,7.83,5.85,501.4193,31.03,2.6,0.099,0.093,1.596,,,2026-09-10 02:25:49
湖北省,长江流域,茶庵,2026-09-10 01:00,2,24.91,8.09,7.29,347.7327,20.84,1.46,0.047,0.014,1.498,,,2026-09-10 02:25:49
湖北省,长江流域,马兰河口,2026-09-10 01:00,2,23.94,7.81,7.41,346.5,5.17,1.68,0.025,0.035,1.642,,,2026-09-10 02:25:49
湖北省,长江流域,燕矶,2026-09-10 01:00,2,26.68,7.62,7.35,285.69,54.87,1.48,0.113,0.073,1.924,,,2026-09-10 02:25:49
湖北省,长江流域,东梁子湖湖心,2026-09-10 02:00,4,25.93,7.61,6.88,190.265,29.702,4.09,,0.053,0.894,,,2026-09-10 02:25:49
湖北省,长江流域,梁子湖七星站,2026-09-10 02:00,2,25.36,6.6,8.48,,0.5214074,1.07,0.119,0.019,1.46685,0.03105912,,2026-09-10 02:25:49
湖北省,长江流域,漳河水库库心,2026-09-10 02:00,1,25.68,8.37,8.42,319.2987,1.7467,1.54,,0.0003,0.422,0.00046,1.0621,2026-09-10 02:25:49
湖北省,长江流域,转斗,2026-09-10 02:00,2,24.49,8.42,8.38,369.187,7.43,2.73,0.017,0.03,1.355,,,2026-09-10 02:25:49
湖北省,长江流域,罗汉闸,2026-09-10 02:00,3,25.3,8.12,8.78,359.11,56.36,3.55,0.042,0.123,1.5209,,,2026-09-10 02:25:49
湖北省,长江流域,京山河邓李港,2026-09-10 02:00,2,26.19,7.54,8.2,476.2856,19.9658,3.25,,0.097,1.624,,,2026-09-10 02:25:49
湖北省,长江流域,马良龚家湾,2026-09-10 01:00,3,25.525,7.36,6.62,1919.72,69.9337,4.65,0.813,0.19,4.3352,,,2026-09-10 02:25:49
湖北省,长江流域,应城公路桥,2026-09-10 01:00,2,23.45,8.11,8.11,614.68,19.4052,2.36,0.07,0.029,0.216,,,2026-09-10 02:25:49
湖北省,长江流域,田店泵站,2026-09-10 02:00,2,25.49,8.12,7.52,505.87,11.9203,1.94,,0.03,0.43725,,,2026-09-10 02:25:49
湖北省,长江流域,垌冢桥,2026-09-10 02:00,3,24.996,7.51,5.85,378.132,12.627,2.46,0.072,0.133,1.844,,,2026-09-10 02:25:49
湖北省,长江流域,新沟闸,2026-09-10 02:00,3,26.56,7.77,5.85,404.61,13.55,2.93,,0.071,1.046,,,2026-09-10 02:25:49
湖北省,长江流域,小河,2026-09-10 02:00,2,27.08,8.55,10.16,363.4,23.61,3.23,0.039,0.041,1.747,,,2026-09-10 02:25:49
湖北省,长江流域,孝昌王店,2026-09-10 02:00,2,24.87,6.45,6.85,353.93,10.0495,3.9,0.063,0.061,0.9134,,,2026-09-10 02:25:49
湖北省,长江流域,孝感河口大桥,2026-09-10 02:00,3,26.72,7.62,5.84,282.98,19.315,4.34,0.037,0.068,1.3402,,,2026-09-10 02:25:49
湖北省,长江流域,大悟河口,2026-09-10 02:00,2,22.16,7.65,8.11,251.6,7.31,2.81,,0.028,0.2857,,,2026-09-10 02:25:49
湖北省,长江流域,安陆桑树,2026-09-10 02:00,3,25.63,7.71,5.75,475.95,20.1001,3.41,0.046,0.035,0.46138,,,2026-09-10 02:25:49
湖北省,长江流域,隔蒲桥,2026-09-10 02:00,4,25.42,7.11,4.85,375.52,13.519,5.12,0.182,0.059,1.1994,,,2026-09-10 02:25:49
湖北省,长江流域,汉川新堰,2026-09-10 02:00,4,26.6,7.39,4.72,435.82,38.387,3.59,0.075,0.13,1.977,,,2026-09-10 02:25:49
湖北省,长江流域,杨柴湖,2026-09-10 02:00,4,24,6.79,3.25,345.8,20.7,4.48,0.012,0.088,0.538,0.00148,1128272,2026-09-10 02:25:49
湖北省,长江流域,排水闸,2026-09-10 02:00,4,25.38,7.62,7.56,388.9594,71.1539,2.89,,0.068,1.494,0.00176,3.050933,2026-09-10 02:25:49
湖北省,长江流域,洪湖湖心,2026-09-10 02:00,4,24.5,8.08,7.44,359.89,305.56,5.3,0.155,0.08,2.274,0.0031,159051,2026-09-10 02:25:49
湖北省,长江流域,观音寺,2026-09-10 01:00,-1,,,,,,,,,,,,2026-09-10 02:25:49
湖北省,长江流域,新刘家台,2026-09-10 02:00,2,26.544,8.22,7.55,389.35,10.784,2.12,0.029,0.038,1.591,,,2026-09-10 02:25:49
湖北省,长江流域,荆州河口,2026-09-10 01:00,2,26.09,7.52,6.16,530.4159,46.6701,3.14,0.078,0.046,2.353,,,2026-09-10 02:25:49
湖北省,长江流域,康家岗,2026-09-10 02:00,1,25.22,8.14,10.11,374.929,28.1698,1.33,,0.02,1.3656,,,2026-09-10 02:25:49
湖北省,长江流域,新河村,2026-09-10 02:00,4,27.282,7.44,3.15,436.1,25.36,3.21,0.219,0.122,2.01,,,2026-09-10 02:25:49
湖北省,长江流域,新滩,2026-09-10 02:00,4,27.317,7.56,4.76,382.25,29.15,3.16,0.004,0.034,1.323,,,2026-09-10 02:25:49
湖北省,长江流域,淤泥湖,2026-09-10 02:00,2,27.5,8.66,9.2,404.6,27.2,2.3,0.018,0.065,1.56,,,2026-09-10 02:25:49
湖北省,长江流域,杨家垱,2026-09-10 02:00,2,25.6,8.67,10.01,403.99,32.09,1.9,0.023,0.046,1.545,,,2026-09-10 02:25:49
湖北省,长江流域,砖瓦厂,2026-09-10 02:00,2,26.51,8.02,7.47,482.2863,13.7509,1.35,0.031,0.037,2.0631,,,2026-09-10 02:25:49
湖北省,长江流域,三兴公,2026-09-10 01:00,3,24.923,7.59,5.99,603.264,13.654,2.81,0.112,0.051,0.789,,,2026-09-10 02:25:49
湖北省,长江流域,姚集,2026-09-10 02:00,2,27.2,7.69,6.28,454.3,13.5,2.12,0.069,0.05,1.515,,,2026-09-10 02:25:49
湖北省,长江流域,乌溪沟,2026-09-10 02:00,2,24.66329,7.86,6.89,357.4568,7.790356,1.54,0.033,0.04,1.597566,,,2026-09-10 02:25:49
湖北省,长江流域,白莲河水库坝上,2026-09-10 02:00,3,27.429,7.63,5.65,112.7,4.485,3.26,0.003,0.025,0.5449,0.009932,41844,2026-09-10 02:25:49
湖北省,长江流域,巴河镇河口,2026-09-10 02:00,2,27.717,8.01,7.48,184.436,10.268,3.33,,0.064,0.747,,,2026-09-10 02:25:49
湖北省,长江流域,兰溪大桥,2026-09-10 02:00,3,28.928,7.41,5.77,175.799,5.81,3.93,0.037,0.064,1.196,,,2026-09-10 02:25:49
湖北省,长江流域,中官铺,2026-09-10 02:00,2,27.177,7.77,7.08,293.665,34.59,1.88,,0.056,1.592,,,2026-09-10 02:25:49
湖北省,长江流域,蕲春县八里湖,2026-09-10 01:00,3,28.52,7.86,7.71,193.39,38.97,2.99,0.129,0.121,1.265,,,2026-09-10 02:25:49
湖北省,长江流域,咸宁湖心,2026-09-10 02:00,4,27.07,7.83,5.44,219.441,107.143,6.29,0.169,0.076,0.962,0.01409,1.186181,2026-09-10 02:25:49
湖北省,长江流域,富水水库,2026-09-10 01:00,3,28.21,8.52,6.9,242.9211,10.4,2.21,0.013,0.026,0.595,0.01,2.0957,2026-09-10 02:25:49
湖北省,长江流域,窑嘴大桥,2026-09-10 01:00,4,26.89,7.33,3.52,388.6918,20.23,2.01,0.008,0.07,3.594,,,2026-09-10 02:25:49
湖北省,长江流域,陆溪口,2026-09-10 02:00,3,27.78,7.31,5.97,225.41,7.94,3.12,0.174,0.063,1.096,,,2026-09-10 02:25:49
湖北省,长江流域,洪下水文站,2026-09-10 02:00,2,25.7,7.86,8.17,163.6,4.99,1.26,0.05,0.059,1.237,,,2026-09-10 02:25:49
湖北省,长江流域,厉山,2026-09-10 01:00,3,24.97,7.68,6.4,531.5912,24.75,4.79,0.059,0.109,2.1772,,,2026-09-10 02:25:49
湖北省,长江流域,平林,2026-09-10 02:00,3,26.33,7.97,6.75,314.134,8.563,4.41,0.003,0.065,0.829,,,2026-09-10 02:25:49
湖北省,长江流域,涢水大桥,2026-09-10 01:00,3,26.94,7.61,5.11,408.5331,19.28,4.39,0.079,0.072,0.6225,,,2026-09-10 02:25:49
湖北省,长江流域,江口村,2026-09-10 02:00,1,26.71,8.43,8.81,191.5,6.945,0.62,,0.013,0.937,,,2026-09-10 02:25:49
湖北省,长江流域,恩施大沙坝,2026-09-10 01:00,3,24.55,7.46,6.35,359.51,9.2,2.61,0.639,0.136,3.804,,,2026-09-10 02:25:49
湖北省,长江流域,雪照河,2026-09-10 02:00,1,20.93,8.26,7.94,344.99,14.021,0.58,,0.019,2.383,,,2026-09-10 02:25:49
湖北省,长江流域,周家坝,2026-09-10 02:00,2,23.16,7.76,6.41,233.48,7.279,0.64,,0.003,2.08,,,2026-09-10 02:25:49
湖北省,长江流域,百福司镇,2026-09-10 02:00,1,25.392,7.58,7.51,233.188,0.928,0.92,0.028,0.015,1.138,,,2026-09-10 02:25:49
湖北省,长江流域,长顺乡,2026-09-10 02:00,1,22.199,7.54,8.18,228.351,3.2882,1.12,0.004,0.009,1.272,,,2026-09-10 02:25:49
湖北省,长江流域,黄腊石,2026-09-10 01:00,2,26.462,7.46,7.63,363.457,14.22,1.81,0.005,0.047,2.786,,,2026-09-10 02:25:49
湖北省,长江流域,乐坪桥,2026-09-10 01:00,1,24.526,7.86,8.06,225.743,4.638,0.62,,0.019,0.851,,,2026-09-10 02:25:49
湖北省,长江流域,积玉口荷花村,2026-09-10 01:00,3,25.34,7.79,5.55,389.2116,38.4362,4.11,0.126,0.101,1.253,,,2026-09-10 02:25:49
湖北省,长江流域,潜江大桥,2026-09-10 01:00,2,23.67,8.3,8.77,,0.48,2.95,0.002,0.036,1.378,,,2026-09-10 02:25:49
湖北省,长江流域,运粮湖同心队,2026-09-10 01:00,4,26.183,7.47,3.74,457.7,24.26,3.1,0.059,0.092,2.02,,,2026-09-10 02:25:49
湖北省,长江流域,岳口,2026-09-10 01:00,2,27,8.3,6.77,376.5,16.49,2.55,0.037,0.045,1.65,,,2026-09-10 02:25:49
湖北省,长江流域,拖市,2026-09-10 02:00,4,25.78,7.4,4.06,763.9,37.046,4.02,0.119,0.111,1.6936,,,2026-09-10 02:25:49
湖北省,长江流域,阳日湾,2026-09-10 02:00,2,19.485,7.88,8.34,354.369,6.555,0.67,0.057,0.036,1.1314,,,2026-09-10 02:25:49
湖南省,长江流域,昭山,2026-09-10 01:00,3,25.1,7.17,7.39,173.9,251.2,2.94,,0.121,1.449,,,2026-09-10 02:25:49
湖南省,长江流域,捞刀河口,2026-09-10 01:00,3,26.67,6.9,5.8,204,11.9156,2.86,0.088,0.075,1.767,,,2026-09-10 02:25:49
湖南省,长江流域,三角洲,2026-09-10 02:00,3,26.99,6.98,5.57,193.41,18.39,2.22,0.065,0.137,2.902,,,2026-09-10 02:25:49
湖南省,长江流域,胜利,2026-09-10 02:00,2,26.04,7.96,7.99,244.4,14.61,3.09,0.038,0.068,1.442,,,2026-09-10 02:25:49
湖南省,长江流域,桔子洲,2026-09-10 01:00,2,24.65,7.56,6.98,179.2343,38,1.5,0.089,0.082,1.969,,,2026-09-10 02:25:49
湖南省,长江流域,湘东沿塘,2026-09-10 01:00,3,32.699,7.18,5.9,59.608,10.879,1.32,0.027,0.049,1.733,,,2026-09-10 02:25:49
湖南省,长江流域,马家河,2026-09-10 02:00,2,25.42,7.35,7.94,180.21,26.65,2.21,,0.062,1.57,,,2026-09-10 02:25:49
湖南省,长江流域,渌水入河口,2026-09-10 02:00,2,26.7343,7.11,6.9,203.1284,9.306,2.45,0.04,0.084,1.634,,,2026-09-10 02:25:49
湖南省,长江流域,涟水入河口,2026-09-10 02:00,2,28.09,7.89,7.52,326.93,23.32,3.39,0.017,0.062,1.5269,,,2026-09-10 02:25:49
湖南省,长江流域,西阳渡口,2026-09-10 02:00,2,25.32,7.89,9.19,315.69,4.248,1.92,,0.027,1.422,,,2026-09-10 02:25:49
湖南省,长江流域,舂陵水入湘江口,2026-09-10 02:00,2,24.3896,7.79,7.87,255.1913,13.6387,1.29,0.028,0.054,1.3253,,,2026-09-10 02:25:49
湖南省,长江流域,耒水入湘江口,2026-09-10 02:00,2,24.7451,7.41,6.75,232.7777,22.337,1.8,0.024,0.088,1.744,,,2026-09-10 02:25:49
湖南省,长江流域,熬洲,2026-09-10 01:00,2,24.9,7.23,8.05,148.4175,27.1432,1.56,0.067,0.097,1.2384,,,2026-09-10 02:25:49
湖南省,长江流域,大河滩,2026-09-10 02:00,2,22.99,7.18,6.95,199.56,3.46,1.36,0.023,0.056,1.709,,,2026-09-10 02:25:49
湖南省,长江流域,草市镇,2026-09-10 02:00,2,24.9146,6.48,7.74,66.4236,53.1523,1.32,0.039,0.061,1.064,,,2026-09-10 02:25:49
湖南省,长江流域,洣水入湘江口,2026-09-10 02:00,2,25.408,7.38,6.95,92.19,17.7,2.12,0.073,0.067,1.142,,,2026-09-10 02:25:49
湖南省,长江流域,城北水厂,2026-09-10 01:00,2,24.36,7.68,8.4,217.31,22.06,1.98,0.041,0.074,1.4452,,,2026-09-10 02:25:49
湖南省,长江流域,蒸水入湘江口,2026-09-10 02:00,4,28.3564,7.45,4.64,282.0022,14.8532,4.03,0.056,0.145,2.533,,,2026-09-10 02:25:49
湖南省,长江流域,塘渡口,2026-09-10 02:00,2,23.53,7.86,8.33,169.4526,7.1801,1.1,0.029,0.03,1.842,,,2026-09-10 02:25:49
湖南省,长江流域,窑市,2026-09-10 02:00,2,24.43,7.44,8.21,44.3367,5.8415,1.36,0.014,0.022,0.442,,,2026-09-10 02:25:49
湖南省,长江流域,渡头村,2026-09-10 02:00,2,24.9,7.76,7.22,198.182,7.8682,1.59,0.06,0.06,1.302,,,2026-09-10 02:25:49
湖南省,长江流域,邵水入河口,2026-09-10 02:00,2,26.4,7.5,6.62,350.03,8.171,2.33,0.172,0.085,2.264,,,2026-09-10 02:25:49
湖南省,长江流域,绥宁河口镇,2026-09-10 01:00,2,23.5701,7.62,8.96,99.4997,7.0176,0.75,0.009,0.024,0.8145,,,2026-09-10 02:25:49
湖南省,长江流域,岳阳楼,2026-09-10 02:00,3,25.87,7.65,7.55,192.9361,66.43196,1.84,0.016,0.044,1.2573,0.0011563,219403,2026-09-10 02:25:49
湖南省,长江流域,樟树港,2026-09-10 01:00,4,20.25,7.68,11.52,196.792,33.512,1.93,0.055,0.218,0.338,,,2026-09-10 02:25:49
湖南省,长江流域,城陵矶,2026-09-10 02:00,2,25.44,7.52,7.03,205.442,65.76035,2.42,0.017,0.045,0.9997,,,2026-09-10 02:25:49
湖南省,长江流域,荆江口,2026-09-10 01:00,2,26.1,7.86,7.5,416.8874,13.8858,0.74,0.052,0.035,1.9106,,,2026-09-10 02:25:49
湖南省,长江流域,六门闸,2026-09-10 01:00,2,25.49,8.15,7.39,423.8739,9.92,1.77,0.01,0.048,0.8,,,2026-09-10 02:25:49
湖南省,长江流域,南渡,2026-09-10 02:00,3,25.81,6.95,7.77,97.48,19.28,2.02,0.058,0.13,1.466,,,2026-09-10 02:25:49
湖南省,长江流域,八仙桥,2026-09-10 01:00,2,25.96,7.14,6.9,158.9385,13.149,3.52,0.054,0.052,1.1965,,,2026-09-10 02:25:49
湖南省,长江流域,坡头,2026-09-10 02:00,2,26.12,8.05,8.21,207.4198,26.6472,1.1,,0.033,1.5661,0.0007831,,2026-09-10 02:25:49
湖南省,长江流域,蒋家嘴,2026-09-10 01:00,3,22.11,7.7,6.35,199.4844,19.227,1.3,0.038,0.034,1.2629,0.00173,3.2561,2026-09-10 02:25:49
湖南省,长江流域,澧水三江口,2026-09-10 01:00,2,25.86368,7.84,7.7,226.3983,4.74161,0.81,0.004,0.022,1.16086,,,2026-09-10 02:25:49
湖南省,长江流域,窑坡渡,2026-09-10 01:00,2,25.13,8.05,6.85,268.5524,16.652,1.31,0.056,0.021,1.5155,,,2026-09-10 02:25:49
湖南省,长江流域,马坡湖,2026-09-10 02:00,2,27.32,8.5,8.54,412.18,26.4809,2.03,,0.053,1.43,,,2026-09-10 02:25:49
湖南省,长江流域,陈家河,2026-09-10 02:00,2,26.966,8.05,7.15,193.032,4.497,1.18,,0.032,1.098,,,2026-09-10 02:25:49
湖南省,长江流域,永定澄潭,2026-09-10 02:00,2,25.67,7.83,6.62,213.71,3.602,1.1,0.009,0.024,0.518,,,2026-09-10 02:25:49
湖南省,长江流域,万家嘴,2026-09-10 02:00,2,27.68,7.68,7.05,173.6433,19.86337,1.14,0.039,0.048,1.8631,0.0020864,186743.5,2026-09-10 02:25:49
湖南省,长江流域,南嘴,2026-09-10 02:00,4,26.88,8.04,7.37,218.9439,95.02975,2.05,,0.056,1.3381,0.0305,804000.8,2026-09-10 02:25:49
湖南省,长江流域,小河嘴,2026-09-10 01:00,3,26.71,8.14,8.29,224.135,32.974,1.46,,0.031,0.986,0.0110819,5.50662,2026-09-10 02:25:49
湖南省,长江流域,坪口,2026-09-10 02:00,2,25.79,8.38,11.78,207.3,18.759,1.86,0.021,0.026,1.504,,,2026-09-10 02:25:49
湖南省,长江流域,桃谷山,2026-09-10 02:00,2,25.25,7.8,6.02,210.604,12.7208,1.18,,0.045,1.214,,,2026-09-10 02:25:49
湖南省,长江流域,头山,2026-09-10 01:00,1,27.02,8.3,8.44,126.34,2.53,0.3,,0.004,0.5242,0.0032,5188000,2026-09-10 02:25:49
湖南省,长江流域,渡口大桥,2026-09-10 01:00,3,26.2,7.19,6.8,134.71,24.36,2.43,0.088,0.104,1.3873,,,2026-09-10 02:25:49
湖南省,长江流域,绿埠头,2026-09-10 02:00,2,24.84,7.62,8.24,175.53,6.78,0.57,0.01,0.032,1.349,,,2026-09-10 02:25:49
湖南省,长江流域,诸葛庙,2026-09-10 02:00,2,24.95,7.2,7.46,156.08,33.19,1.53,0.018,0.056,1.06,,,2026-09-10 02:25:49
湖南省,长江流域,五强溪,2026-09-10 02:00,3,29,7.6,5.39,192.96,2.1717,1.02,,0.034,1.14,,,2026-09-10 02:25:49
湖南省,长江流域,铜信溪电站,2026-09-10 01:00,1,27.65,8.65,10.48,265.82,3.46,0.88,0.013,0.016,1.135,,,2026-09-10 02:25:49
湖南省,长江流域,地阳坪公路大桥,2026-09-10 01:00,2,26.02,6.98,6.74,89.0609,5.7507,1.47,,0.036,0.501,,,2026-09-10 02:25:49
湖南省,长江流域,托口渠水,2026-09-10 02:00,2,27.55,7.87,7.46,102.7,2.604,1.41,0.012,0.016,0.515,,,2026-09-10 02:25:49
湖南省,长江流域,舞水入河口,2026-09-10 02:00,2,28.09,7.93,6.74,322.8,2.098,1.43,0.013,0.061,1.554,,,2026-09-10 02:25:49
湖南省,长江流域,溪子口,2026-09-10 02:00,3,24.89,7.41,5.75,239.8,1.208,0.58,0.003,0.019,1.294,,,2026-09-10 02:25:49
湖南省,长江流域,球溪,2026-09-10 02:00,2,23.965,7.71,9.21,194.26,11.673,1.29,0.011,0.071,1.804,,,2026-09-10 02:25:49
湖南省,长江流域,街埠头,2026-09-10 02:00,2,27.56,7.7,7.21,353.056,5.2441,3.03,,0.072,2.101,,,2026-09-10 02:25:49
湖南省,长江流域,浦市上游,2026-09-10 01:00,2,26.47,7.79,7.14,174.79,4.4,0.82,0.009,0.032,1.041,,,2026-09-10 02:25:49
湖南省,长江流域,里耶镇,2026-09-10 02:00,2,24.13,7.99,7.24,233.66,5.8,0.86,0.018,0.024,1.268,,,2026-09-10 02:25:49
湖南省,长江流域,江口,2026-09-10 01:00,3,26.54,7.77,5.5,335.2212,3.3454,0.64,0.02,0.011,1.888,,,2026-09-10 02:25:49
湖南省,长江流域,武水汇合口,2026-09-10 01:00,2,27.42,7.74,7.5,181.232,4.8366,1.09,0.002,0.027,0.9,,,2026-09-10 02:25:49
广东省,珠江流域,蕉门,2026-09-10 01:00,3,29.273,7.65,5.81,5736.151,224.585,5.18,0.003,0.063,3.16,,,2026-09-10 02:25:49
广东省,珠江流域,洪奇沥,2026-09-10 01:00,4,28.02,7.58,5.47,263.437,210.739,6.7,0.006,0.07,1.918,,,2026-09-10 02:25:49
广东省,珠江流域,莲花山,2026-09-10 02:00,4,29.423,7.23,4.15,231.036,163.278,3.75,,0.085,2.55,,,2026-09-10 02:25:49
广东省,珠江流域,流溪河山庄,2026-09-10 01:00,2,29.34,6.95,6.24,88.223,8.896,1.84,0.001,0.032,1.219,,,2026-09-10 02:25:49
广东省,珠江流域,官坦,2026-09-10 02:00,3,29.188,7.4,5.57,257.242,28.802,3.06,0.003,0.068,2.127,,,2026-09-10 02:25:49
广东省,珠江流域,大龙涌口,2026-09-10 02:00,3,28.953,7.16,5.59,213.062,20.012,1.63,0.029,0.069,2.07,,,2026-09-10 02:25:49
广东省,珠江流域,九龙潭,2026-09-10 02:00,2,28.3,6.89,7.68,74.674,8.885,0.73,0.001,0.031,1.048,,,2026-09-10 02:25:49
广东省,珠江流域,增江口,2026-09-10 01:00,2,28.123,6.82,6.52,106.117,20.26,1.24,0.009,0.035,1.264,,,2026-09-10 02:25:49
广东省,珠江流域,鸦岗,2026-09-10 01:00,4,30.09,7.02,3.03,272.9,72.51,3.04,0.19,0.11,3.163,,,2026-09-10 02:25:49
广东省,珠江流域,墩头基,2026-09-10 01:00,4,29.47,7.2,4.33,239.4148,50.2309,3.32,0.043,0.087,2.87,,,2026-09-10 02:25:49
广东省,珠江流域,大墩,2026-09-10 01:00,3,29.968,7,5.72,124.875,32.382,1.52,0.091,0.083,1.7,,,2026-09-10 02:25:49
广东省,珠江流域,十里亭,2026-09-10 02:00,2,25.22,7.93,7.67,233.775,15.727,0.9,0.015,0.042,1.411,,,2026-09-10 02:25:49
广东省,珠江流域,长坝,2026-09-10 02:00,2,27.209,6.89,7.17,80.439,17.734,1.64,0.006,0.046,1.008,,,2026-09-10 02:25:49
广东省,珠江流域,三溪桥,2026-09-10 02:00,2,26.94,8.08,7.93,419.97,8.4,1.24,,0.058,1.149,,,2026-09-10 02:25:49
广东省,珠江流域,高桥,2026-09-10 01:00,2,26.32925,7.37,6.69,160.2228,14.11384,0.82,0.011,0.068,1.23936,,,2026-09-10 02:25:49
广东省,珠江流域,深圳河口,2026-09-10 01:00,3,29.99259,7.05,5.04,6440.587,26.46032,3.1,0.41,0.131,2.487,,,2026-09-10 02:25:49
广东省,珠江流域,小漠桥,2026-09-10 01:00,2,30.023,7.96,6.18,21414.33,8.857,3.08,,0.019,1.06,,,2026-09-10 02:25:49
广东省,珠江流域,共和村,2026-09-10 01:00,5,29.054,7.16,2.94,1194.027,21.726,4.41,0.882,0.169,5.972,,,2026-09-10 02:25:49
广东省,珠江流域,珠海大桥,2026-09-10 02:00,3,28.43,7.58,5.54,242.089,187.637,1.94,,0.083,2.333,,,2026-09-10 02:25:49
广东省,珠江流域,石角咀水闸,2026-09-10 02:00,4,30.32,7.36,3.91,404.636,149.762,2.66,0.073,0.165,3.006,,,2026-09-10 02:25:49
广东省,珠江流域,鸡啼门大桥,2026-09-10 02:00,3,28.97,7.59,5.45,332.8,186,2.23,,0.115,2.385,,,2026-09-10 02:25:49
广东省,珠江流域,布洲,2026-09-10 02:00,2,27.65,7.75,6.38,237.738,211.282,2.35,,0.068,3.011,,,2026-09-10 02:25:49
广东省,珠江流域,隆都,2026-09-10 01:00,2,26.793,7.08,6.99,97.871,68.407,2.3,,0.059,3.334,,,2026-09-10 02:25:49
广东省,珠江流域,海门湾桥闸,2026-09-10 02:00,4,29.61,7.26,4.33,399.38,31.85,3.75,0.456,0.113,2.787,,,2026-09-10 02:25:49
广东省,珠江流域,升平,2026-09-10 02:00,2,27.749,7.26,7.23,14687.74,47.554,1.92,0.026,0.044,1.734,,,2026-09-10 02:25:49
广东省,珠江流域,外砂,2026-09-10 01:00,2,27.591,7.03,7.06,102.061,90.921,1.89,0.017,0.042,1.3,,,2026-09-10 02:25:49
广东省,珠江流域,莲阳桥闸,2026-09-10 02:00,2,27.359,6.86,7.2,94.023,122.513,1.28,0.002,0.052,2.617,,,2026-09-10 02:25:49
广东省,珠江流域,大衙,2026-09-10 01:00,2,30.258,6.66,6.56,102.755,83.963,1.64,0.034,0.055,1.45946,,,2026-09-10 02:25:49
广东省,珠江流域,平洲,2026-09-10 02:00,3,28.594,7.42,5.52,198.738,15.805,1.8,0.001,0.064,1.9,,,2026-09-10 02:25:49
广东省,珠江流域,乌洲,2026-09-10 02:00,2,27.9,7.51,6.12,174.829,29.586,1.11,0.008,0.065,1.81,,,2026-09-10 02:25:49
广东省,珠江流域,古劳,2026-09-10 01:00,3,28.18128,7.62,5.88,221.9155,109.6472,1.75,0.1,0.044,1.60134,,,2026-09-10 02:25:49
广东省,珠江流域,苍山渡口,2026-09-10 02:00,4,29.57,7.5,4.42,3532.98,42.438,1.93,0.056,0.124,2.476,,,2026-09-10 02:25:49
广东省,珠江流域,渠首,2026-09-10 02:00,4,29.69,7.23,3.37,123.43,18.44,5.08,0.142,0.024,0.813,0.01533,4836125,2026-09-10 02:25:49
广东省,珠江流域,黄坡,2026-09-10 01:00,4,29.79,6.98,4.24,132.88,27.47,3.34,0.137,0.109,2.232,,,2026-09-10 02:25:49
广东省,珠江流域,山角,2026-09-10 01:00,-1,,,,,,,,,,,,2026-09-10 02:25:49
广东省,珠江流域,运河管理局,2026-09-10 02:00,4,29.98,8.44,7.77,119.86,41.24,6.45,,0.017,0.858,,,2026-09-10 02:25:49
广东省,珠江流域,排里,2026-09-10 01:00,4,31.28,7.8,9.25,165.52,15.28,6.26,0.022,0.094,1.654,,,2026-09-10 02:25:49
广东省,珠江流域,南渡河桥,2026-09-10 02:00,4,30.85,6.64,4.71,183.86,27.19,5.03,0.819,0.077,3.597,,,2026-09-10 02:25:49
广东省,珠江流域,营仔,2026-09-10 02:00,4,30.22,7.11,5.77,178.3,16.4,6.15,0.051,0.072,1.681,,,2026-09-10 02:25:49
广东省,珠江流域,黄竹尾水闸,2026-09-10 01:00,4,29.95,6.92,3.75,132.14,24.36,3.68,0.051,0.097,2.061,,,2026-09-10 02:25:49
广东省,珠江流域,塘口,2026-09-10 02:00,2,29.81,8.13,10.15,120.49,4.4,2.23,0.042,0.075,1.986,,,2026-09-10 02:25:49
广东省,珠江流域,石碧,2026-09-10 01:00,5,29.59,6.18,2.06,312.566,114.294,5.24,0.554,0.233,4.04,,,2026-09-10 02:25:49
广东省,珠江流域,石骨水库,2026-09-10 02:00,3,30.601,,9.13,69.33,4.4983,2.54,0.02,0.028,0.452,,,2026-09-10 02:25:49
广东省,珠江流域,良德水库,2026-09-10 02:00,1,30.49,8.18,8.77,62.948,12.694,1.94,0.021,0.008,0.278,0.00629,3202920,2026-09-10 02:25:49
广东省,珠江流域,江口门,2026-09-10 00:00,3,29.41,6.72,5.68,126.08,21.78,2.75,0.081,0.109,2.52,,,2026-09-10 02:25:49
广东省,珠江流域,米急渡,2026-09-10 02:00,3,28.99,6.97,5.94,109.961,37.727,2.02,0.135,0.095,2.063,,,2026-09-10 02:25:49
广东省,珠江流域,梁村,2026-09-10 01:00,2,27.7503,7.44,7.14,168.6961,26.08361,1.47,0.002,0.078,2.062,,,2026-09-10 02:25:49
广东省,珠江流域,封开城上,2026-09-10 02:00,2,27.821,7.63,6.68,276.482,98.63,1.94,0.001,0.054,4.15,,,2026-09-10 02:25:49
广东省,珠江流域,白沙街,2026-09-10 01:00,2,29.312,7.8,7.87,207.105,8.562,0.72,0.013,0.042,1.505,,,2026-09-10 02:25:49
广东省,珠江流域,黄岗,2026-09-10 02:00,3,28.18,7.52,5.54,213.516,101.272,2.99,0.003,0.036,4.013,,,2026-09-10 02:25:49
广东省,珠江流域,永安,2026-09-10 02:00,3,27.859,7.29,5.88,232.285,103.234,2.51,0.009,0.039,4.01,,,2026-09-10 02:25:49
广东省,珠江流域,紫溪,2026-09-10 02:00,5,30.082,6.96,2.83,384.89,28.349,2.9,0.615,0.14,5.38,,,2026-09-10 02:25:49
广东省,珠江流域,东江江口,2026-09-10 01:00,2,28.81,7.01,7.24,93.18203,31.8212,1.4,0.012,0.037,1.993,,,2026-09-10 02:25:49
广东省,珠江流域,博罗城下,2026-09-10 02:00,3,27.471,6.8,5.78,125.344,39,1.93,0.06,0.057,2.138,,,2026-09-10 02:25:49
广东省,珠江流域,惠州汝湖,2026-09-10 02:00,2,27.99,6.74,6.34,93.28,14.855,1.36,0.002,0.04,1.55,,,2026-09-10 02:25:49
广东省,珠江流域,沙河河口,2026-09-10 02:00,3,28.985,6.83,5.15,218.671,16.755,1.55,0.205,0.082,1.849,,,2026-09-10 02:25:49
广东省,珠江流域,马安大桥下,2026-09-10 02:00,3,28.524,6.61,5.37,59.92,25.398,2.06,0.11,0.067,1.605,,,2026-09-10 02:25:49
广东省,珠江流域,虎爪断桥,2026-09-10 02:00,4,30.152,7.38,5.36,4626.574,11.274,4.42,1.055,0.175,7.76,,,2026-09-10 02:25:49
广东省,珠江流域,公庄河口,2026-09-10 01:00,3,29.1,7.16,7.39,152.6,86.1,2.57,0.007,0.135,1.738,,,2026-09-10 02:25:49
广东省,珠江流域,青溪,2026-09-10 01:00,4,26.77811,6.89,4.74,107.2886,15.61945,1.29,0.043,0.064,1.07616,,,2026-09-10 02:25:49
广东省,珠江流域,大麻,2026-09-10 02:00,2,27.41,7.01,6.79,99.477,75.991,1.84,,0.063,2.98,,,2026-09-10 02:25:49
广东省,珠江流域,西阳电站,2026-09-10 02:00,2,26.672,6.99,6.54,119.687,27.318,2.08,0.035,,2.214,,,2026-09-10 02:25:49
广东省,珠江流域,五丰渡口,2026-09-10 02:00,2,25.7,6.71,7.42,67.8,216.1,3.13,0.176,0.066,4.2968,,,2026-09-10 02:25:49
广东省,珠江流域,新铺,2026-09-10 02:00,2,26.35,7.32,7.74,78.68,117.257,2.05,0.092,0.044,3.2496,,,2026-09-10 02:25:49
广东省,珠江流域,海丰西闸,2026-09-10 02:00,4,29.98,6.92,4.23,64.8,6.5,3.3,0.089,0.026,0.986,,,2026-09-10 02:25:49
广东省,珠江流域,陆丰半湾水闸,2026-09-10 01:00,2,28.271,7.2,8.64,56.476,14.259,1.38,0.008,0.034,1.085,,,2026-09-10 02:25:49
广东省,珠江流域,东溪水闸,2026-09-10 02:00,3,30.51,6.82,5.58,180.266,22.921,4.6,0.305,0.056,1.275,,,2026-09-10 02:25:49
广东省,珠江流域,庙咀里,2026-09-10 01:00,2,25.805,6.87,7.97,95.004,25.609,1.37,0.044,0.045,1.821,,,2026-09-10 02:25:49
广东省,珠江流域,龙川城铁路桥,2026-09-10 01:00,4,28.043,6.68,4.78,91.22,11.602,1.77,0.014,0.034,1.414,,,2026-09-10 02:25:49
广东省,珠江流域,江城,2026-09-10 01:00,3,29.52,6.88,,116.417,17.08,2.85,0.056,0.115,1.584,,,2026-09-10 02:25:49
广东省,珠江流域,尖山,2026-09-10 01:00,4,29.27,6.57,3.73,151.82,36.03,4.56,0.348,0.174,2.236,,,2026-09-10 02:25:49
广东省,珠江流域,埠场,2026-09-10 02:00,3,29.5,6.79,6.1,185.111,54.47,3.26,0.061,0.112,1.266,,,2026-09-10 02:25:49
广东省,珠江流域,大泉,2026-09-10 02:00,4,30.44,6.6,3.53,3135.6,11.8,3.47,0.5,0.086,1.72,,,2026-09-10 02:25:49
广东省,珠江流域,北江石尾,2026-09-10 02:00,2,27.326,7.43,7.33,164.838,14.218,1.11,0.019,0.055,1.216,,,2026-09-10 02:25:49
广东省,珠江流域,石角,2026-09-10 02:00,2,27.56,7.59,7.54,163.2807,14.05165,1.3,0.002,0.042,1.617,,,2026-09-10 02:25:49
广东省,珠江流域,连江西牛,2026-09-10 02:00,2,27.297,8.12,8.54,215.811,7.222,1.32,0.003,0.034,1.041,,,2026-09-10 02:25:49
广东省,珠江流域,樟村,2026-09-10 02:00,4,31.07,6.94,3.68,392.737,11.14,3.09,0.588,0.143,4.863,,,2026-09-10 02:25:49
广东省,珠江流域,沙田泗盛,2026-09-10 01:00,4,28.71,6.69,3.67,595.25,47.65,2.61,,0.075,2.524,,,2026-09-10 02:25:49
广东省,珠江流域,旗岭,2026-09-10 02:00,4,29.51,7.03,4.02,404.389,29.79,1.03,0.67,0.191,5.542,,,2026-09-10 02:25:49
广东省,珠江流域,石龙南河,2026-09-10 01:00,2,28.28,6.82,6.55,107.145,32.335,1.37,0.004,0.073,1.711,,,2026-09-10 02:25:49
广东省,珠江流域,中山港码头,2026-09-10 02:00,2,28.44,7.64,6.22,228.64,168.633,1.51,0.186,0.097,2.948,,,2026-09-10 02:25:49
广东省,珠江流域,赤凤,2026-09-10 02:00,3,26.94,6.92,7.57,85.12,107.68,1.67,,0.131,1.489,,,2026-09-10 02:25:49
广东省,珠江流域,凤江桥,2026-09-10 02:00,2,27.21,6.9,7.12,101.873,49.085,1.87,0.072,0.096,2.497,,,2026-09-10 02:25:49
广东省,珠江流域,隆溪大道桥,2026-09-10 02:00,2,27.566,6.4,6.06,97.607,11.03,1.44,0.084,0.04,1.518,,,2026-09-10 02:25:49
广东省,珠江流域,龙石,2026-09-10 02:00,5,28.601,6.74,2.38,144.371,28.856,2.52,0.791,0.135,3.246,,,2026-09-10 02:25:49
广东省,珠江流域,龟山塔,2026-09-10 02:00,2,28.75,7.05,6.6,76.071,16.691,1.01,0.129,0.067,1.2484,,,2026-09-10 02:25:49
广东省,珠江流域,古封,2026-09-10 01:00,2,28.17,7.7,6.35,267.82,91.08,1.65,0.063,0.046,2.848,,,2026-09-10 02:25:49
广东省,珠江流域,都骑,2026-09-10 01:00,2,28.006,7.59,7.1,245.353,64.69,2.5,0.006,0.041,3.225,,,2026-09-10 02:25:49
广西壮族自治区,珠江流域,老口,2026-09-10 02:00,2,27.89819,7.73,7.89,293.8898,39.07922,1.13,,0.034,3.261281,,,2026-09-10 02:25:49
广西壮族自治区,珠江流域,叮当,2026-09-10 02:00,2,28.32,7.53,7.72,303.086,13.5,1.41,0.031,0.072,3.8822,,,2026-09-10 02:25:49
广西壮族自治区,珠江流域,六景,2026-09-10 01:00,2,27.87,7.74,6.27,301.73,37.62,1.74,,0.039,2.896,,,2026-09-10 02:25:49
广西壮族自治区,珠江流域,雁江,2026-09-10 01:00,2,28.51599,7.98,6.93,362.2773,4.72901,1.46,0.004,0.023,1.97452,,,2026-09-10 02:25:49
广西壮族自治区,珠江流域,上中,2026-09-10 01:00,3,28.33,7.73,5.51,308.2769,43.24142,1.55,0.059,0.025,4.65769,,,2026-09-10 02:25:49
广西壮族自治区,珠江流域,白马,2026-09-10 02:00,2,27.4,7.92,6.88,389.4,7.53,1.09,0.001,0.037,2.59,,,2026-09-10 02:25:49
广西壮族自治区,珠江流域,露塘,2026-09-10 01:00,1,29.03,8.04,8.47,175.5506,4.08146,0.55,0.022,0.008,0.98495,,,2026-09-10 02:25:49
广西壮族自治区,珠江流域,渔村,2026-09-10 01:00,2,29.571,8.11,8.1,211.598,2.627,1.18,0.001,0.024,1.427,,,2026-09-10 02:25:49
广西壮族自治区,珠江流域,木洞,2026-09-10 02:00,1,28.743,7.72,8.11,92.804,5.634,0.49,0.034,0.005,0.659,,,2026-09-10 02:25:49
广西壮族自治区,珠江流域,龙溪,2026-09-10 02:00,2,28.135,7.87,8.38,166.455,3.444,1.49,0.004,0.041,1.642,,,2026-09-10 02:25:49
广西壮族自治区,珠江流域,阳朔,2026-09-10 01:00,2,28.21,8.31,8.06,218.89,4.57,1.2,0.02,0.047,1.6509,,,2026-09-10 02:25:49
广西壮族自治区,珠江流域,交州,2026-09-10 02:00,1,25.293,7.06,7.52,61.505,2.588,0.96,,0.012,0.552,,,2026-09-10 02:25:49
广西壮族自治区,珠江流域,京南,2026-09-10 01:00,2,28.67818,7.56,7.33,173.2008,2.42868,1.21,0.01,0.048,1.40007,,,2026-09-10 02:25:49
广西壮族自治区,珠江流域,亚桥,2026-09-10 01:00,2,27.35,7.22,8.44,239.713,20.074,1.86,0.013,0.099,2.653,,,2026-09-10 02:25:49
广西壮族自治区,珠江流域,东边埇,2026-09-10 02:00,2,27.09,6.71,6.77,69.0176,22.4761,2.01,0.026,0.073,1.472,,,2026-09-10 02:25:49
广西壮族自治区,珠江流域,南域,2026-09-10 01:00,3,29.49,7,7.1,618.433,8.39057,3.76,0.02,0.112,3.25705,,,2026-09-10 02:25:49
广西壮族自治区,珠江流域,西门江,2026-09-10 02:00,4,28.67,6.86,4.88,317.086,39.798,3.37,0.29,0.178,3.162,,,2026-09-10 02:25:49
广西壮族自治区,珠江流域,高速公路桥,2026-09-10 02:00,2,29.15,7.31,7.02,141.06,8.62,3.51,0.059,0.08,1.7312,,,2026-09-10 02:25:49
广西壮族自治区,珠江流域,三滩,2026-09-10 01:00,2,,,,,,1.56,0.157,0.039,0.92,,,2026-09-10 02:25:49
广西壮族自治区,珠江流域,边贸码头,2026-09-10 01:00,3,28.96,6.95,7.46,108.07,6.81,1.42,0.463,0.112,1.723,,,2026-09-10 02:25:49
广西壮族自治区,珠江流域,高塘,2026-09-10 02:00,2,28.87,6.46,7.1,61.01,17.5,1.82,0.016,0.056,1.855,,,2026-09-10 02:25:49
广西壮族自治区,珠江流域,茅岭大桥,2026-09-10 02:00,2,28.83,6.69,7.22,200.5,15.07,2.15,,0.06,1.163,,,2026-09-10 02:25:49
广西壮族自治区,珠江流域,钦江东,2026-09-10 01:00,2,28.17287,7.49,6.91,1470.123,93.58204,2.6,0.087,0.044,2.55824,,,2026-09-10 02:25:49
广西壮族自治区,珠江流域,高速公路西桥,2026-09-10 02:00,4,29.95,7.07,4.51,1827.29,43.63,4.16,0.432,0.152,3.84,,,2026-09-10 02:25:49
广西壮族自治区,珠江流域,武林渡口,2026-09-10 02:00,2,28.088,7.72,6.29,289.456,49.053,2.45,0.077,0.053,3.65,,,2026-09-10 02:25:49
广西壮族自治区,珠江流域,火电厂,2026-09-10 02:00,2,28.067,7.6,6.37,271.275,73.106,2.05,,0.043,2.904,,,2026-09-10 02:25:49
广西壮族自治区,珠江流域,自良渡口,2026-09-10 01:00,2,28.08,7.13,6.35,119.0722,19.88269,1.22,0.02,0.065,2.10788,,,2026-09-10 02:25:49
广西壮族自治区,珠江流域,横塘,2026-09-10 01:00,3,29.6,7.32,6.99,406.4837,19.641,2.44,0.002,0.14,3.17333,,,2026-09-10 02:25:49
广西壮族自治区,珠江流域,隘屯,2026-09-10 02:00,1,24.65197,8.01,9.62,348.1125,8.01881,0.25,0.011,0.016,1.672192,,,2026-09-10 02:25:49
广西壮族自治区,珠江流域,公篓,2026-09-10 02:00,1,28.52,8.41,10.11,276.55,10.32,1.21,0.033,0.017,1.204,,,2026-09-10 02:25:49
广西壮族自治区,珠江流域,桂花,2026-09-10 01:00,2,25.32,7.22,7.28,173.9549,4.54781,1.26,0.005,0.056,1.6297,,,2026-09-10 02:25:49
广西壮族自治区,珠江流域,贺街,2026-09-10 02:00,2,27.15,7.55,7.02,220.91,13.713,0.74,0.033,0.045,1.392,,,2026-09-10 02:25:49
广西壮族自治区,珠江流域,杨民,2026-09-10 01:00,2,27.561,7.83,7,357.221,2.741,1.35,0.036,0.02,2.073,,,2026-09-10 02:25:49
广西壮族自治区,珠江流域,岩滩水库,2026-09-10 01:00,1,29.201,7.92,11.58,298.692,11.864,1.48,0.002,0.006,1.921,0.019473,2440117,2026-09-10 02:25:49
广西壮族自治区,珠江流域,车渡,2026-09-10 02:00,2,26.512,7.7,6.75,378.085,10.851,0.75,0.008,0.023,2.776,,,2026-09-10 02:25:49
广西壮族自治区,珠江流域,垒亭,2026-09-10 01:00,2,26.33305,7.71,6.57,369.166,3.38744,0.86,0.019,0.018,2.0355,,,2026-09-10 02:25:49
广西壮族自治区,珠江流域,象州运江老街,2026-09-10 02:00,2,28.745,7.96,7.54,210.419,8.692,0.82,0.003,0.021,1.401,,,2026-09-10 02:25:49
广西壮族自治区,珠江流域,勒马,2026-09-10 01:00,2,27.569,7.83,6.53,317.65,2.757,1.12,0.01,0.029,2.51,,,2026-09-10 02:25:49
广西壮族自治区,珠江流域,上金,2026-09-10 02:00,3,28.96,6.45,5.74,145.3648,101.7482,1.73,,0.028,2.4008,,,2026-09-10 02:25:49
广西壮族自治区,珠江流域,渠立,2026-09-10 02:00,2,27.31,7.74,8.5,274.519,42.018,2.4,,0.018,2.475,,,2026-09-10 02:25:49
广西壮族自治区,珠江流域,棉江,2026-09-10 02:00,2,28.07,7.68,6.5,212.902,53.809,1.28,,0.022,2.3232,,,2026-09-10 02:25:49
海南省,珠江流域,龙塘,2026-09-10 01:00,3,30.3,7.14,5.94,105.4,5.8,2.52,0.019,0.086,1.601,,,2026-09-10 02:25:49
海南省,珠江流域,儒房,2026-09-10 02:00,2,30.1,7.45,7.15,7854.31,27,3.15,0.153,0.069,1.258,,,2026-09-10 02:25:49
海南省,珠江流域,后黎村,2026-09-10 02:00,2,30.3,7.1,7.51,89.5,27.1,2.7,0.014,0.058,1.017,,,2026-09-10 02:25:49
海南省,珠江流域,林家村,2026-09-10 02:00,2,30.5,7.13,7.5,139.69,14.89,1.33,0.044,0.03,2.041,,,2026-09-10 02:25:49
海南省,珠江流域,崖城大桥,2026-09-10 01:00,2,27.8,6.6,7.28,145.74,36.4,1.69,0.006,0.073,3.312,,,2026-09-10 02:25:49
海南省,珠江流域,藤桥河大桥,2026-09-10 01:00,2,29.61,7.46,7.49,730.43,15.58,2.16,0.009,0.075,1.141,,,2026-09-10 02:25:49
海南省,珠江流域,松涛水库南丰库心,2026-09-10 01:00,2,30.94998,7.83,6.99,74.83807,1.017596,0.65,0.002,0.005,0.194574,0.01689892,2718724,2026-09-10 02:25:49
海南省,珠江流域,上村桥,2026-09-10 02:00,2,29.6,7.06,7.21,149.5,27.4,3.35,0.01,0.066,1.929,,,2026-09-10 02:25:49
海南省,珠江流域,中和桥,2026-09-10 02:00,3,29.4,7.13,6.05,132.4,32,4.01,0.059,0.099,1.478,,,2026-09-10 02:25:49
海南省,珠江流域,汀洲,2026-09-10 01:00,2,29.63,6.67,6.4,87.17,5.12,0.97,0.027,0.065,0.907,,,2026-09-10 02:25:49
海南省,珠江流域,龙江,2026-09-10 01:00,2,29,7.18,7.06,77.99,12.49,1.95,0.002,0.037,0.83,,,2026-09-10 02:25:49
海南省,珠江流域,溪仔村,2026-09-10 02:00,2,29.4,6.88,7.33,92.56,4.49,1.99,,0.028,0.776,,,2026-09-10 02:25:49
海南省,珠江流域,羊头外村桥,2026-09-10 01:00,4,31.9,7.13,6.99,144.13,51.33,6.02,0.025,0.122,2.157,,,2026-09-10 02:25:49
海南省,珠江流域,农垦橡胶所一队,2026-09-10 02:00,2,28.1,6.86,7.53,65.9,28.7,1.66,0.043,0.036,1.79,,,2026-09-10 02:25:49
海南省,珠江流域,水涯新区,2026-09-10 01:00,3,28.8,6.8,5.01,122.5,21.8,3.35,0.124,0.067,1.958,,,2026-09-10 02:25:49
海南省,珠江流域,分洪桥,2026-09-10 02:00,2,30.94,6.69,7.45,89.77,16.55,2.64,0.007,0.033,0.389,,,2026-09-10 02:25:49
海南省,珠江流域,后山村,2026-09-10 01:00,6,31.46,6.81,1.13,170.176,22.7891,7.18,0.47,0.244,2.75,,,2026-09-10 02:25:49
海南省,珠江流域,大广坝水库出口,2026-09-10 02:00,4,25.939,7.05,6.9,64.156,71.033,1.97,0.057,0.055,1.295,0.00468,5731070,2026-09-10 02:25:49
海南省,珠江流域,罗带铁路桥,2026-09-10 02:00,4,31,8.33,12.86,17526.4,16.4,6.06,0.021,0.218,1.989,,,2026-09-10 02:25:49
海南省,珠江流域,山口,2026-09-10 02:00,2,30.21,6.97,6.21,90.43,18.52,2.37,0.017,0.025,0.874,,,2026-09-10 02:25:49
海南省,珠江流域,白仞滩电站,2026-09-10 02:00,3,30.6,7.33,6.34,146.2,27.6,3.39,0.043,0.147,1.419,,,2026-09-10 02:25:49
海南省,珠江流域,大风,2026-09-10 02:00,2,27.99446,6.45,6.62,95.2887,56.02876,2.18,,0.053,1.091594,,,2026-09-10 02:25:49
海南省,珠江流域,叉河口,2026-09-10 02:00,2,29.3,7.14,7.64,166.6,71.4,2.43,0.011,0.051,2.398,,,2026-09-10 02:25:49
海南省,珠江流域,乐中,2026-09-10 02:00,2,27.9,7.32,7.43,86.5,32.7,1.64,,0.036,0.743,,,2026-09-10 02:25:49
海南省,珠江流域,跨界桥,2026-09-10 02:00,2,29,7.92,7.53,89.9,10,2.93,0.011,0.048,1.217,,,2026-09-10 02:25:49
海南省,珠江流域,群英大坝,2026-09-10 02:00,2,28.4,7.18,6.97,83.1,29,3.14,0.04,0.059,1.482,,,2026-09-10 02:25:49
海南省,珠江流域,大溪村,2026-09-10 02:00,2,29.3,6.98,6.96,148.7,23.7,2.01,0.051,0.073,1.391,,,2026-09-10 02:25:49
重庆市,长江流域,晒网坝,2026-09-10 02:00,2,26.74,7.85,6.36,375.8098,27.9304,1.87,0.021,0.049,2.029,,,2026-09-10 02:25:49
重庆市,长江流域,向家,2026-09-10 02:00,2,28.06,8.41,8.86,184.501,12.687,3.41,,0.037,1.214,,,2026-09-10 02:25:49
重庆市,长江流域,磨刀溪长滩,2026-09-10 01:00,2,26.44,8.5,10.8,177.643,15.3,3.53,,0.039,0.774,,,2026-09-10 02:25:49
重庆市,长江流域,清溪场,2026-09-10 01:00,2,26.67,8.08,7.67,433.343,18.5702,1.15,,0.039,1.334,,,2026-09-10 02:25:49
重庆市,长江流域,木瓜洞,2026-09-10 01:00,3,30.76,7.92,7.7,320.9211,48.9234,4.77,,0.104,1.996,,,2026-09-10 02:25:49
重庆市,长江流域,寸滩,2026-09-10 01:00,2,26.27,8.06,7.98,418.823,18.71,1.21,0.055,0.053,1.564,,,2026-09-10 02:25:49
重庆市,长江流域,和尚山,2026-09-10 02:00,2,27.07,7.95,6.59,376.69,15.69,1.01,0.135,0.059,1.385,,,2026-09-10 02:25:49
重庆市,长江流域,北温泉,2026-09-10 02:00,1,28.9208,8.13,7.73,329.92,7.50698,1.75,,0.006,1.679,,,2026-09-10 02:25:49
重庆市,长江流域,寨溪大桥,2026-09-10 01:00,2,29.5,8.08,9.27,955.142,9.8418,2.75,0.038,0.049,1.853,,,2026-09-10 02:25:49
重庆市,长江流域,石门坎,2026-09-10 01:00,2,27.04,8.1,7.22,486.8,2.37,0.61,,0.007,1.164,,,2026-09-10 02:25:49
重庆市,长江流域,玉滩水库,2026-09-10 01:00,3,30.34,8.22,10.19,357.1163,17.64642,5.96,0.017,0.008,0.83068,0.04388099,1.5618,2026-09-10 02:25:49
重庆市,长江流域,御临镇,2026-09-10 01:00,3,32.8,8.89,23.38,347.607,7.716,4.27,,0.031,1.118,,,2026-09-10 02:25:49
重庆市,长江流域,黎家乡崔家岩村,2026-09-10 01:00,3,30.76,8.45,11.4,353.25,18.17,5.67,0.012,0.047,0.704,,,2026-09-10 02:25:49
重庆市,长江流域,运输桥,2026-09-10 01:00,5,27.94,7.4,2.81,346.2014,7.3423,4.75,0.027,0.107,0.653,,,2026-09-10 02:25:49
重庆市,长江流域,六剑滩,2026-09-10 02:00,6,30.18,9.01,11.62,308.7,36.67,5.39,0.017,0.104,1.113,,,2026-09-10 02:25:49
重庆市,长江流域,支坪街道,2026-09-10 01:00,2,30.63,8.36,7.56,392.3982,33.3174,3.14,,0.042,1.884,,,2026-09-10 02:25:49
重庆市,长江流域,江津大桥,2026-09-10 02:00,2,25.43,8.14,8,408.45,29.57,1.45,0.007,0.037,1.207,,,2026-09-10 02:25:49
重庆市,长江流域,朱杨溪,2026-09-10 01:00,3,31.69,7.88,6.5,686.15,18.11,4.44,0.006,0.141,4.166,,,2026-09-10 02:25:49
重庆市,长江流域,北渡,2026-09-10 02:00,2,29.56,7.99,6.14,575.1995,17.089,1.66,0.124,0.055,1.969,,,2026-09-10 02:25:49
重庆市,长江流域,白杨溪,2026-09-10 02:00,2,29.9,8.26,8.72,118.861,5.557,3.38,0.002,0.024,1.058,,,2026-09-10 02:25:49
重庆市,长江流域,太和,2026-09-10 02:00,2,30.1,8.03,7.59,372.74,18.6,2.13,0.012,0.021,1.843,,,2026-09-10 02:25:49
重庆市,长江流域,官渡,2026-09-10 02:00,3,31.67,8.12,11.16,289.6284,12.46,4.23,,0.035,1.459,,,2026-09-10 02:25:49
重庆市,长江流域,临渡,2026-09-10 02:00,2,31.2,8.16,8.54,390.7,11.676,2.1,,0.024,1.93,,,2026-09-10 02:25:49
重庆市,长江流域,渠江码头,2026-09-10 02:00,2,31.69,8.49,12.46,273.392,11.313,3.63,0.009,0.033,1.429,,,2026-09-10 02:25:49
重庆市,长江流域,朱沱,2026-09-10 02:00,2,25.28,8.12,7.48,400.4,10.58,1.3,0.005,0.048,1.109,,,2026-09-10 02:25:49
重庆市,长江流域,四明水厂,2026-09-10 02:00,4,31.34,8.04,6.58,393.2,21.4,6.65,,0.088,0.96,,,2026-09-10 02:25:49
重庆市,长江流域,金狮桥,2026-09-10 02:00,1,23.38,8.45,9.83,211.288,5.533,1.19,,0.006,0.831,,,2026-09-10 02:25:49
重庆市,长江流域,璧南河两河口,2026-09-10 01:00,4,30.92,7,10.71,632.201,13.921,6.4,,0.065,1.847,,,2026-09-10 02:25:49
重庆市,长江流域,中和,2026-09-10 02:00,4,30.41,8.64,16.79,540.7,13.22,6.95,0.031,0.092,0.996,,,2026-09-10 02:25:49
重庆市,长江流域,玉溪,2026-09-10 01:00,2,27.09,7.8,8.06,423.4035,11.3316,1.85,0.027,0.026,1.876,,,2026-09-10 02:25:49
重庆市,长江流域,高洞电站,2026-09-10 01:00,2,31.109,7.98,9.23,692.373,7.588,,0.011,0.05,2.077,,,2026-09-10 02:25:49
重庆市,长江流域,巫山乡,2026-09-10 02:00,2,26.96,7.99,7.97,253.567,15.114,3.59,0.001,0.089,1.298,,,2026-09-10 02:25:49
重庆市,长江流域,上河坝,2026-09-10 02:00,3,29.32,7.97,6.13,505.57,6.65,4.74,0.06,0.07,0.469,,,2026-09-10 02:25:49
重庆市,长江流域,芙蓉洞码头,2026-09-10 02:00,1,30.11,8.51,12.16,219.94,16.17,1.02,,0.01,1.114,,,2026-09-10 02:25:49
重庆市,长江流域,鸭江镇,2026-09-10 01:00,2,28.05,7.89,7.65,504.048,5.131,2.16,,0.065,2.679,,,2026-09-10 02:25:49
重庆市,长江流域,江口镇,2026-09-10 01:00,2,26.644,7.97,6.62,324.149,0.676,0.78,,0.014,1.602,,,2026-09-10 02:25:49
重庆市,长江流域,白马,2026-09-10 01:00,2,25.35,7.85,8.17,407.401,4.074,0.63,0.001,0.028,3.006,,,2026-09-10 02:25:49
重庆市,长江流域,土堡寨,2026-09-10 02:00,1,19.22,8.26,9.2,487.314,1.754,0.3,,0.002,0.836,,,2026-09-10 02:25:49
重庆市,长江流域,水寨子,2026-09-10 01:00,1,22.64,8.13,7.7,261.02,3.262,1.52,0.001,0.01,0.49,,,2026-09-10 02:25:49
重庆市,长江流域,湖海场,2026-09-10 02:00,2,27.86,8.35,8.54,251.55,12.999,3.07,,0.061,1.253,,,2026-09-10 02:25:49
重庆市,长江流域,卫星桥,2026-09-10 01:00,2,29.99,8.04,7.67,332.3669,23.1819,3.12,0.01,0.039,0.255,,,2026-09-10 02:25:49
重庆市,长江流域,高洞梁,2026-09-10 01:00,2,30.73,8.04,7.21,489.093,25.449,2.63,0.012,0.036,0.117,,,2026-09-10 02:25:49
重庆市,长江流域,苏家,2026-09-10 01:00,2,26.18,7.95,8.02,425.6344,25.211,1.52,0.004,0.045,1.724,,,2026-09-10 02:25:49
重庆市,长江流域,清水湖渡口,2026-09-10 02:00,6,26.89,9.17,22.94,185.206,7.5279,1.33,0.004,0.021,0.7493,,,2026-09-10 02:25:49
重庆市,长江流域,小江河口,2026-09-10 01:00,2,28.55,8.42,8.19,357.95,6.54,3.71,0.004,0.032,1.453,,,2026-09-10 02:25:49
重庆市,长江流域,汤溪河江口,2026-09-10 01:00,1,23.54,8.03,7.83,307.579,16.796,0.43,,0.006,0.7,,,2026-09-10 02:25:49
重庆市,长江流域,罗汉大桥,2026-09-10 02:00,1,28.59,8.31,8.87,307.13,8.89,1.02,0.001,0.017,0.633,,,2026-09-10 02:25:49
重庆市,长江流域,白帝城,2026-09-10 02:00,2,26.6,7.84,6.44,359.396,31.358,1.22,,0.048,1.882,,,2026-09-10 02:25:49
重庆市,长江流域,培石,2026-09-10 01:00,2,26.5269,7.81,7.12,392.4611,13.9089,1.48,0.096,0.061,2.2584,,,2026-09-10 02:25:49
重庆市,长江流域,花台,2026-09-10 01:00,2,23.53,8.14,7.14,548.3609,10.4788,0.53,,0.013,0.962,,,2026-09-10 02:25:49
重庆市,长江流域,化杠,2026-09-10 01:00,2,21.01,7.77,7.75,184.51,11.64,2.4,,0.074,2.5376,,,2026-09-10 02:25:49
重庆市,长江流域,万木,2026-09-10 01:00,2,24.19,7.75,6.27,425.66,1.4,0.8,0.0002,0.035,3.556,,,2026-09-10 02:25:49
重庆市,长江流域,红花村,2026-09-10 01:00,1,24.563,8.35,10.48,220.9,2.637,1.43,,0.012,1.665,,,2026-09-10 02:25:49
重庆市,长江流域,南洞沟,2026-09-10 02:00,1,25.99,8.45,8.68,318.07,4.966,0.61,,0.014,0.577,,,2026-09-10 02:25:49
重庆市,长江流域,郁江桥,2026-09-10 01:00,2,27.32,7.89,7.5,308.502,6.965,1.24,0.009,0.025,1.225,,,2026-09-10 02:25:49
四川省,长江流域,二江寺,2026-09-10 02:00,4,22.56,7.59,5.97,304.8,140.9,6.34,0.728,0.195,2.677,,,2026-09-10 02:25:49
四川省,长江流域,岳店子下,2026-09-10 01:00,3,25.77927,7.84,5.8,468.7082,27.80744,2.94,0.284,0.16,3.38788,,,2026-09-10 02:25:49
四川省,长江流域,三邑大桥,2026-09-10 00:00,3,22.77,7.7,5.84,278.94,26.82,2.23,0.004,0.072,2.2394,,,2026-09-10 02:25:49
四川省,长江流域,宏缘,2026-09-10 02:00,6,23.36,7.66,7.51,304.05,514.07,8.62,1.093,1.013,3.048,,,2026-09-10 02:25:49
四川省,长江流域,李家湾,2026-09-10 02:00,3,30.67,8.21,7.65,463.6,8.5,2.3,0.01,0.118,2.942,,,2026-09-10 02:25:49
四川省,长江流域,廖家堰,2026-09-10 02:00,3,30.213,7.85,6.86,807.238,30.864,4.78,0.063,0.114,2.366,,,2026-09-10 02:25:49
四川省,长江流域,脚仙村,2026-09-10 02:00,3,30.09,8.18,7.69,484.7,13.7,1.66,0.012,0.101,3.06,,,2026-09-10 02:25:49
四川省,长江流域,龙洞,2026-09-10 01:00,1,21.39,8.23,8.18,667,14.709,1.08,0.006,0.012,0.79439,,,2026-09-10 02:25:49
四川省,长江流域,倮果,2026-09-10 01:00,1,22.62,8.2,7.91,665.0156,41.80727,1.22,0.01,0.017,0.95721,,,2026-09-10 02:25:49
四川省,长江流域,雅砻江口,2026-09-10 01:00,1,19.526,7.58,8.66,260.4266,10.0261,1.03,0.005,0.01,0.63625,,,2026-09-10 02:25:49
四川省,长江流域,柏枝,2026-09-10 01:00,1,19.8,8.08,7.79,200.8098,6.95644,0.84,0.005,0.008,0.41126,,,2026-09-10 02:25:49
四川省,长江流域,湾凼,2026-09-10 02:00,2,28.86473,7.67,6.55,775.5374,10.10921,3.82,0.006,0.036,0.30343,,,2026-09-10 02:25:49
四川省,长江流域,手爬岩,2026-09-10 02:00,2,24.82,8,7.69,419.68,21.9666,1.28,,0.041,1.235,,,2026-09-10 02:25:49
四川省,长江流域,沱江大桥,2026-09-10 02:00,3,31.43,8.19,7.12,427.4039,24.05191,2.43,0.012,0.131,2.724904,,,2026-09-10 02:25:49
四川省,长江流域,醒觉溪,2026-09-10 01:00,2,29.14,8.34,8.12,407.5,23.48,1.76,0.024,0.047,3.202,,,2026-09-10 02:25:49
四川省,长江流域,胡市大桥,2026-09-10 02:00,3,31.53,8.65,14.03,416.8469,11.8593,5.69,0.004,0.084,0.8458,,,2026-09-10 02:25:49
四川省,长江流域,大磨子,2026-09-10 02:00,2,31.43,8.14,7.86,461.585,12.792,2.54,0.044,0.096,2.924,,,2026-09-10 02:25:49
四川省,长江流域,泸天化大桥,2026-09-10 02:00,2,29.85,8.38,11.05,391.876,11.1414,1.56,,0.037,2.8496,,,2026-09-10 02:25:49
四川省,长江流域,纳溪大渡口,2026-09-10 02:00,2,24.36,7.84,7.48,379.188,10.997,1.02,,0.059,1.3063,,,2026-09-10 02:25:49
四川省,长江流域,两汇水,2026-09-10 02:00,4,28.67052,8.13,6.97,149.6861,477.9305,1.45,0.092,0.258,,,,2026-09-10 02:25:49
四川省,长江流域,太平渡,2026-09-10 02:00,2,28.40651,8.37,7.28,503.3622,17.05021,1.13,0.04,0.05,3.772,,,2026-09-10 02:25:49
四川省,长江流域,八角,2026-09-10 01:00,3,21.65,7.79,8.25,303.2,698.2,2.51,0.293,0.195,2.926,,,2026-09-10 02:25:49
四川省,长江流域,象山,2026-09-10 02:00,3,28.25,7.7,5.44,470.71,10.6,4.98,0.082,0.148,1.077,,,2026-09-10 02:25:49
四川省,长江流域,三川,2026-09-10 02:00,6,22.66,7.31,0.87,653.7,24.22,,,,,,,2026-09-10 02:25:49
四川省,长江流域,西平镇,2026-09-10 01:00,4,24.17,7.94,7.39,483.58,288.4,2.03,0.159,0.222,2.641,,,2026-09-10 02:25:49
四川省,长江流域,平武水文站,2026-09-10 01:00,3,15.73,8.35,9.09,173.4268,319.5249,4.31,0.001,0.025,1.82336,,,2026-09-10 02:25:49
四川省,长江流域,丰谷,2026-09-10 01:00,2,24.42283,7.96,7.06,319.5843,12.43338,0.51,0.025,0.014,0.76424,,,2026-09-10 02:25:49
四川省,长江流域,鲁班岛,2026-09-10 01:00,2,26.3019,8.59,6.58,245.4473,1.81904,1.64,0.007,0.011,0.18209,0.00237,6.890301,2026-09-10 02:25:49
四川省,长江流域,北川通口,2026-09-10 01:00,1,21.11028,8.47,9.9,281.9257,24.91349,0.62,0.004,0.018,1.05802,,,2026-09-10 02:25:49
四川省,长江流域,八庙沟,2026-09-10 01:00,1,24.2,8.27,7.57,344.5065,8.83835,1.08,0.01,0.014,1.4727,,,2026-09-10 02:25:49
四川省,长江流域,姚渡,2026-09-10 02:00,1,21.4375,8.18,7.66,349.2673,48.94342,1.14,0.009,0.005,1.436,,,2026-09-10 02:25:49
四川省,长江流域,苴国村,2026-09-10 01:00,2,23.72,7.96,7.48,279.1081,5.85103,1.55,0.01,0.011,1.17127,,,2026-09-10 02:25:49
四川省,长江流域,上石盘,2026-09-10 01:00,3,23.77,7.85,5.7,401.5491,9.34474,1.46,0.016,0.018,1.75966,,,2026-09-10 02:25:49
四川省,长江流域,南渡,2026-09-10 01:00,2,23.27,7.91,6.29,413.3156,39.87486,3.4,0.119,0.042,1.41264,,,2026-09-10 02:25:49
四川省,长江流域,清泉乡,2026-09-10 02:00,2,27.81,7.82,6.04,288.2,8.1413,2.18,0.06,0.022,0.852,,,2026-09-10 02:25:49
四川省,长江流域,大安,2026-09-10 02:00,4,29.62,7.94,4.81,537.223,13.3,5.44,0.021,0.18,0.7252,,,2026-09-10 02:25:49
四川省,长江流域,百顷,2026-09-10 02:00,2,27.46,7.82,6.77,367.03,7.14,1.17,0.044,0.022,1.929,,,2026-09-10 02:25:49
四川省,长江流域,梓江大桥,2026-09-10 02:00,2,28.12,8.22,7.69,378.9,17.9,2.42,0.015,0.023,1.427,,,2026-09-10 02:25:49
四川省,长江流域,大埂,2026-09-10 02:00,3,30.66,8.1,7.85,463.5,4.26,5.06,0.206,0.037,0.454174,,,2026-09-10 02:25:49
四川省,长江流域,球溪河口,2026-09-10 02:00,3,29.88,8.12,7.3,543.44,22.7,5.22,0.063,0.155,5.332,,,2026-09-10 02:25:49
四川省,长江流域,李码头,2026-09-10 01:00,2,21.42946,8.06,7.37,270.7705,15.66928,0.6,0.013,0.031,1.35272,,,2026-09-10 02:25:49
四川省,长江流域,马边河河口,2026-09-10 01:00,2,21.81296,7.72,7.49,223.4048,22.0006,1.21,0.016,0.044,1.86414,,,2026-09-10 02:25:49
四川省,长江流域,悦来渡口,2026-09-10 01:00,2,26.009,8.13,7.95,381.128,32.371,1.94,0.117,0.093,3.294,,,2026-09-10 02:25:49
四川省,长江流域,金溪电站,2026-09-10 02:00,3,27.92,7.76,5.66,327.795,15.3978,2.24,0.012,0.034,1.589,,,2026-09-10 02:25:49
四川省,长江流域,升钟水库铁炉寺,2026-09-10 01:00,4,27.09,7.9,4.72,364.88,4.9,4.58,,0.02,3.424,,,2026-09-10 02:25:49
四川省,长江流域,沙溪,2026-09-10 02:00,2,24.22,7.69,6.11,275.09,11.17,2.74,0.014,0.016,1.386,,,2026-09-10 02:25:49
四川省,长江流域,黄龙溪,2026-09-10 01:00,4,21.817,7.47,5.86,253.822,135.615,4.49,0.616,0.22,2.404,,,2026-09-10 02:25:49
四川省,长江流域,彭山岷江大桥,2026-09-10 01:00,4,23.7,7.5,4.23,286.5945,72.65851,4.69,0.517,0.154,2.78911,,,2026-09-10 02:25:49
四川省,长江流域,龟都府,2026-09-10 02:00,2,19.49,7.99,8.6,208.7145,14.72508,0.68,,0.03,2.049277,,,2026-09-10 02:25:49
四川省,长江流域,越溪河两河口,2026-09-10 02:00,3,28.53,7.71,5.87,472.7,20.8,5.67,0.131,0.102,3.656,,,2026-09-10 02:25:49
四川省,长江流域,月波,2026-09-10 02:00,2,21.9,7.59,9.04,285.6,30,1.36,0.246,0.046,1.526,,,2026-09-10 02:25:49
四川省,长江流域,凉姜沟,2026-09-10 02:00,2,22.92,8.09,8.97,263.0376,21.46094,1.61,0.004,0.054,2.222955,,,2026-09-10 02:25:49
四川省,长江流域,挂弓山,2026-09-10 01:00,2,23.54461,7.91,7.72,391.5223,7.24136,0.79,0.01,0.026,1.27021,,,2026-09-10 02:25:49
四川省,长江流域,蔡家渡口,2026-09-10 01:00,2,30.09041,8.23,12.24,543.035,14.40217,2.24,0.001,0.042,3.08735,,,2026-09-10 02:25:49
四川省,长江流域,三块石,2026-09-10 02:00,1,23.59,8.01,7.8,496.24,7.03,1.27,0.005,0.016,0.986,,,2026-09-10 02:25:49
四川省,长江流域,洛亥,2026-09-10 02:00,2,23.01,8.13,7.96,264.0144,216.6144,0.76,0.099,0.056,3.031,,,2026-09-10 02:25:49
四川省,长江流域,溪口镇平桥村,2026-09-10 02:00,4,26.87,7.31,4.86,323.35,11.92,4.56,0.003,0.07,0.756,,,2026-09-10 02:25:49
四川省,长江流域,摇金,2026-09-10 02:00,3,31.47,8.1,6.91,422.42,25.03,4.57,0.031,0.129,0.371,,,2026-09-10 02:25:49
四川省,长江流域,烈面,2026-09-10 02:00,2,29.4,7.57,6,280,14.9,1.49,0.052,0.035,1.432,,,2026-09-10 02:25:49
四川省,长江流域,幺滩,2026-09-10 02:00,2,31.44,8.48,8.03,451.29,14.25,3.26,0.039,0.069,1.357,,,2026-09-10 02:25:49
四川省,长江流域,团堡岭,2026-09-10 02:00,2,30.01,8.51,7.4,250.64,21.165,2.78,0.013,0.028,1.074,,,2026-09-10 02:25:49
四川省,长江流域,江陵,2026-09-10 02:00,3,29.14,8.07,5.99,240.58,9.38,2.9,0.012,0.028,1.107,,,2026-09-10 02:25:49
四川省,长江流域,大蹬沟,2026-09-10 02:00,3,29.29,8,5.85,240.8,19,2.78,0.022,0.032,1.04,,,2026-09-10 02:25:49
四川省,长江流域,白兔乡,2026-09-10 02:00,4,29.5,7.7,3.27,371.2,7.63,3.94,,0.039,0.469,,,2026-09-10 02:25:49
四川省,长江流域,联盟桥,2026-09-10 02:00,3,29.06,7.46,6.05,389.24,11.49,4.41,,0.074,1.5261,,,2026-09-10 02:25:49
四川省,长江流域,舵石盘,2026-09-10 02:00,3,29,7.92,5.2,239.6,15.6,2.98,,0.035,1.203,,,2026-09-10 02:25:49
四川省,长江流域,车家河,2026-09-10 02:00,2,28.77,7.91,6.91,294.1,25.81,2.63,0.03,0.033,1.07,,,2026-09-10 02:25:49
四川省,长江流域,三谷庄,2026-09-10 01:00,1,21.65,8.42,7.88,218.8475,14.01286,1.26,0.005,0.012,0.73903,,,2026-09-10 02:25:49
四川省,长江流域,大岗山,2026-09-10 01:00,1,17.91,7.99,7.93,214.1977,10.67784,0.76,0.001,0.013,0.59465,,,2026-09-10 02:25:49
四川省,长江流域,手傍岩,2026-09-10 01:00,2,29.03,8.01,6.07,380.7,10.8,1.96,0.044,0.028,1.476,,,2026-09-10 02:25:49
四川省,长江流域,幸福村,2026-09-10 02:00,3,28.87,8.33,8.08,458.5,171.4,2.71,0.065,0.129,2.466,,,2026-09-10 02:25:49
四川省,长江流域,拱城铺渡口,2026-09-10 02:00,3,28.2,8.28,9.37,510.64,348.54,2.42,,0.156,2.421,,,2026-09-10 02:25:49
四川省,长江流域,红光村,2026-09-10 02:00,4,28.08,7.57,4.82,550.41,48.7,5.76,0.019,0.108,0.79,,,2026-09-10 02:25:49
四川省,长江流域,两河,2026-09-10 02:00,3,30.06,7.74,5.11,427.51,13.56,5.33,0.026,0.097,0.275,,,2026-09-10 02:25:49
四川省,长江流域,县城马踏石点,2026-09-10 01:00,1,15.55082,8.51,10.15,368.6915,18.16283,0.58,0.015,0.009,0.63308,,,2026-09-10 02:25:49
四川省,长江流域,渭门桥,2026-09-10 01:00,1,16.18,8.23,8.15,217.6129,18.28251,0.11,0.009,0.01,0.37232,,,2026-09-10 02:25:49
四川省,长江流域,小水沟,2026-09-10 01:00,2,13.96817,8.43,7.11,260.1601,22.77534,0.46,0.03,0.012,0.67947,,,2026-09-10 02:25:49
四川省,长江流域,竹巴龙村,2026-09-10 02:00,3,14.84,8.32,6.24,1605.1,260.7,1.6,0.224,0.104,2.005,,,2026-09-10 02:25:49
四川省,长江流域,昔街大桥,2026-09-10 02:00,2,23.38,7.77,7.25,219.16,43.63,2.09,0.096,0.094,3.176,,,2026-09-10 02:25:49
四川省,长江流域,阿七大桥,2026-09-10 01:00,2,24.02,7.85,6.69,263.5945,44.19951,1.29,0.036,0.074,2.36567,,,2026-09-10 02:25:49
四川省,长江流域,邛海湖心,2026-09-10 01:00,2,27.64,8.73,8.6,304.5808,4.89604,2.64,0.008,0.018,0.19187,0.00588,61620.5,2026-09-10 02:25:49
贵州省,长江流域,棉花渡,2026-09-10 02:00,3,23.567,7.76,5.66,453.38,0.2,1.54,,0.06,2.5535,,,2026-09-10 02:25:49
贵州省,长江流域,贵铝泵房,2026-09-10 02:00,2,25.0058,8.49,9.63,359.5536,7.1595,2.92,0.013,0.009,1.6542,0.01457,1794487,2026-09-10 02:25:49
贵州省,长江流域,花鱼洞,2026-09-10 02:00,5,24.0118,7.53,2.87,324.8204,2.4587,1.98,0.148,0.018,0.97,0.00268,3807324,2026-09-10 02:25:49
贵州省,长江流域,麦穰,2026-09-10 02:00,4,24.46,8.03,6.68,651.78,8.57,2.97,0.109,0.205,5.338,,,2026-09-10 02:25:49
贵州省,珠江流域,青岩,2026-09-10 02:00,3,23.99,7.91,5.15,563.9197,4.1433,1.11,,0.045,3.5941,,,2026-09-10 02:25:49
贵州省,长江流域,龙场,2026-09-10 02:00,2,21.2,7.86,6.3,390.26,6.63,0.88,,0.012,3.701,,,2026-09-10 02:25:49
贵州省,珠江流域,发耳,2026-09-10 01:00,2,,,,,,0.92,,0.072,3.383,,,2026-09-10 02:25:49
贵州省,长江流域,打秋坪,2026-09-10 02:00,2,25.5,7.86,6.65,553.5,4.2,1.24,0.092,0.096,4.376,,,2026-09-10 02:25:49
贵州省,长江流域,鱼塘大桥,2026-09-10 01:00,2,25.28,7.93,7.28,333.31,1.8,0.6,,0.009,1.382,,,2026-09-10 02:25:49
贵州省,长江流域,沿江渡,2026-09-10 01:00,2,27.7,8.95,8.78,331.38,6.47,2.91,0.011,0.015,2.617,,,2026-09-10 02:25:49
贵州省,长江流域,鲤鱼塘,2026-09-10 01:00,3,26.24,7.5,5.67,498.9,1.955,1.28,0.002,0.056,3.127,,,2026-09-10 02:25:49
贵州省,长江流域,坡渡,2026-09-10 01:00,1,25.53,8.05,7.7,325.22,6.8,0.54,,0.007,0.54,,,2026-09-10 02:25:49
贵州省,长江流域,余庆河暗溪坪,2026-09-10 02:00,2,25.26,7.67,8.82,321.19,8.46,1.04,0.014,0.038,1.732,,,2026-09-10 02:25:49
贵州省,长江流域,羊柱头渡口,2026-09-10 02:00,4,25.19,7.78,7.31,763.59,3.62,3.12,0.441,0.23,8.193,,,2026-09-10 02:25:49
贵州省,长江流域,鲢鱼溪,2026-09-10 02:00,5,28.067,8.41,8.58,427.176,22.78,13.2,0.162,0.083,4.119,,,2026-09-10 02:25:49
贵州省,长江流域,长沙,2026-09-10 01:00,1,30.4734,8.62,7.62,245.6761,13.5014,1.35,0.008,0.013,1.1341,,,2026-09-10 02:25:49
贵州省,长江流域,茅台,2026-09-10 01:00,2,26.08,8.22,7.3,394.31,12.55,0.76,,0.025,4.507,,,2026-09-10 02:25:49
贵州省,珠江流域,黄果树,2026-09-10 02:00,2,24.6379,8.26,8.09,606.6,17.83,0.6,,0.021,3.184,,,2026-09-10 02:25:49
贵州省,长江流域,斯拉河大桥,2026-09-10 02:00,2,26.81,8.72,10.27,346.38,50.4,2.97,0.034,0.016,3.563,,,2026-09-10 02:25:49
贵州省,珠江流域,打邦,2026-09-10 02:00,2,29.02,8.35,8.91,441.27,4.248,2.03,,0.013,3.06,,,2026-09-10 02:25:49
贵州省,长江流域,小屯,2026-09-10 02:00,2,26.4,8.55,12.3,351.2439,6.657,2.74,,0.031,4.302,,,2026-09-10 02:25:49
贵州省,长江流域,清水铺,2026-09-10 01:00,2,25.32,8.35,7.48,451.797,5.377,0.67,0.008,0.024,5.224,,,2026-09-10 02:25:49
贵州省,长江流域,大桥边,2026-09-10 02:00,2,20.435,7.94,7.36,349.409,9.537,0.9,,0.033,4.223,,,2026-09-10 02:25:49
贵州省,长江流域,鱼市,2026-09-10 02:00,3,27.19,8.11,8.19,416.03,4.046956,4.36,0.009,,,,,2026-09-10 02:25:49
贵州省,长江流域,下干溪,2026-09-10 01:00,2,26.36,7.91,6.92,355.43,3.65,0.41,0.033,0.017,2.121,,,2026-09-10 02:25:49
贵州省,珠江流域,坝草,2026-09-10 02:00,1,27.6388,8.23,9.55,380.196,4.0029,1.23,0.024,0.007,3.0143,,,2026-09-10 02:25:49
贵州省,珠江流域,万峰湖,2026-09-10 01:00,2,26.88,8.57,7.98,310.82,3.42,1.04,0.001,0.02,2.706,0.027,1055048,2026-09-10 02:25:49
贵州省,珠江流域,岔河口,2026-09-10 01:00,2,26.471,8.89,10.71,255.4665,12.8786,3.82,,0.017,1.6163,,,2026-09-10 02:25:49
贵州省,珠江流域,蔗香北,2026-09-10 02:00,1,26.72,7.97,9.19,284.8536,5.7341,0.94,0.005,0.009,2.22,,,2026-09-10 02:25:49
贵州省,珠江流域,黄泥河,2026-09-10 01:00,2,20.8371,8.13,7.11,411.3413,13.7285,0.61,,0.027,3.0207,,,2026-09-10 02:25:49
贵州省,珠江流域,赵家渡,2026-09-10 01:00,2,23.1,8.14,6.5,420.68,5.1,0.64,,0.031,4.682,,,2026-09-10 02:25:49
贵州省,珠江流域,坡脚,2026-09-10 01:00,2,24.19,7.84,7.2,419.2927,21.4234,0.99,,0.029,4.5932,,,2026-09-10 02:25:49
贵州省,珠江流域,蔗香南,2026-09-10 02:00,1,29.5,8.52,9.28,281.8,3.53,0.97,0.007,0.012,2.4451,,,2026-09-10 02:25:49
贵州省,长江流域,金紫,2026-09-10 01:00,3,24.83,7.65,5.96,172.6639,5.06,0.36,0.003,0.017,1.193,,,2026-09-10 02:25:49
贵州省,珠江流域,从江大桥,2026-09-10 02:00,1,26.746,7.46,8.63,96.209,3.564,1.02,0.02,0.013,0.579,,,2026-09-10 02:25:49
贵州省,长江流域,平敏大桥,2026-09-10 01:00,2,26.96,7.81,7.34,137.51,6.97,1.1,,0.024,0.757,,,2026-09-10 02:25:49
贵州省,长江流域,旁海,2026-09-10 01:00,3,25.16,8.44,7.93,471.94,11.14,0.74,0.026,0.134,2.21,,,2026-09-10 02:25:49
贵州省,长江流域,重安江大桥,2026-09-10 02:00,3,24.755,8.38,7.48,596.887,1.967,0.64,0.014,0.168,3.038,,,2026-09-10 02:25:49
贵州省,珠江流域,榕江,2026-09-10 01:00,2,28.19,8.28,8.14,131.03,5.28,0.73,0.012,0.023,0.594,,,2026-09-10 02:25:49
贵州省,珠江流域,新华,2026-09-10 02:00,2,26.971,8.09,7.85,221.968,21.326,1,0.062,0.043,1.322,,,2026-09-10 02:25:49
贵州省,长江流域,甘溪高碑,2026-09-10 01:00,2,27.32,8.33,9.11,341.6,14,2.73,0.001,0.046,0.5616,,,2026-09-10 02:25:49
贵州省,长江流域,跳鱼洞,2026-09-10 01:00,3,23.35,7.93,5.78,400.54,2.86,1.98,0.087,0.107,2.162,,,2026-09-10 02:25:49
贵州省,长江流域,凤山桥边,2026-09-10 02:00,2,24.7002,8.27,8.88,664.99,2.1432,1.32,0.006,0.086,3.977,,,2026-09-10 02:25:49
贵州省,珠江流域,边外河,2026-09-10 02:00,1,25,7.82,7.57,338.5,3.48,0.7,0.005,0.004,1.836,,,2026-09-10 02:25:49
贵州省,珠江流域,界牌,2026-09-10 02:00,1,24.22,8.19,10.34,310.877,3.931,0.51,0.019,0.009,0.803,,,2026-09-10 02:25:49
贵州省,珠江流域,甲茶,2026-09-10 01:00,3,23.8914,7.65,5.38,324.6567,0.2442,0.9,0.002,0.008,1.0945,,,2026-09-10 02:25:49
云南省,长江流域,通仙桥,2026-09-10 01:00,3,21.74,7.95,6.19,467.892,21.828,1.82,0.05,0.155,5.406,,,2026-09-10 02:25:49
云南省,长江流域,普渡河桥,2026-09-10 01:00,3,24.37,8.1,6.73,537.2864,28.7072,4.07,0.081,0.11,2.7737,,,2026-09-10 02:25:49
云南省,珠江流域,禄丰村,2026-09-10 02:00,3,24.91,8.13,6.98,480.7001,19.6209,1.8,,0.104,4.998,,,2026-09-10 02:25:49
云南省,滇池流域,回龙村,2026-09-10 01:00,3,23.02,7.87,5.08,576.7929,16.8001,2.83,,0.032,2.5681,,,2026-09-10 02:25:49
云南省,滇池流域,船房五社桥头,2026-09-10 01:00,3,24.89,7.72,6.82,566.543,7.6671,5.53,0.068,0.087,5.9713,,,2026-09-10 02:25:49
云南省,滇池流域,王大桥,2026-09-10 02:00,4,21.78,6.99,4.98,594.1553,11.0794,3.77,0.109,0.287,8.5659,,,2026-09-10 02:25:49
云南省,滇池流域,大观河入湖口,2026-09-10 02:00,3,21.59,8.01,5.81,428.0539,33.6802,2.1,0.038,0.108,4.8842,,,2026-09-10 02:25:49
云南省,滇池流域,大渔乡土罗村入湖口,2026-09-10 02:00,6,21.96,7.48,1.45,486.923,22.1154,2.74,0.067,0.086,8.715,,,2026-09-10 02:25:49
云南省,滇池流域,新河村入湖口,2026-09-10 02:00,3,22.15,7.92,5.93,411.85,21.63,2.05,0.032,0.103,4.1924,,,2026-09-10 02:25:49
云南省,珠江流域,阳宗海中,2026-09-10 02:00,3,25.81,,7.59,399.662,0.97,4.03,,0.011,0.631,0.00865,16500,2026-09-10 02:25:49
云南省,长江流域,富民大桥,2026-09-10 01:00,4,24.47,8.2,4.59,509.8255,58.3456,9.85,0.064,0.226,2.849,,,2026-09-10 02:25:49
云南省,滇池流域,严家村桥,2026-09-10 02:00,2,21.42217,8.01,6.39,420.6336,21.9818,1.65,0.032,0.089,5.056198,,,2026-09-10 02:25:49
云南省,滇池流域,宝丰村入湖口,2026-09-10 02:00,3,20.79,7.99,5.86,612.3,17.54,1.81,0.038,0.079,3.756,,,2026-09-10 02:25:49
云南省,滇池流域,江尾下闸,2026-09-10 02:00,5,22.81,7.47,2.68,335.6105,4.833,1.29,0.086,0.026,2.562,,,2026-09-10 02:25:49
云南省,滇池流域,茨巷河入湖口,2026-09-10 02:00,4,23.15,7.6,4.51,357.0788,7.6505,2.63,,0.037,2.53,,,2026-09-10 02:25:49
云南省,滇池流域,东大河滇池入湖口,2026-09-10 01:00,6,23.94,9.59,3.91,298.6112,12.3791,3.32,0.013,0.087,1.824,,,2026-09-10 02:25:49
云南省,滇池流域,草海中心,2026-09-10 02:00,4,25,8.77,12.6,349.79,100.64,4.75,,0.052,2.338,0.01494,6.163024,2026-09-10 02:25:49
云南省,滇池流域,灰湾中,2026-09-10 02:00,4,24.53,,12.79,362.396,480.305,8.83,0.028,0.049,1.521,0.01155,4.965785,2026-09-10 02:25:49
云南省,滇池流域,观音山东,2026-09-10 00:00,4,23.59,,7.53,381.35,31.4,6.31,0.002,0.033,0.957,0.01198,6.153364,2026-09-10 02:25:49
云南省,滇池流域,观音山中,2026-09-10 02:00,3,22.55,,8.61,314.286,17.132,5.75,,0.038,1.05,0.00882,1.65992,2026-09-10 02:25:49
云南省,滇池流域,观音山西,2026-09-10 02:00,4,23.99,,11.77,356.23,94.78,8.82,0.019,0.058,1.111,0.00674,8.181326,2026-09-10 02:25:49
云南省,滇池流域,海口西,2026-09-10 02:00,4,24.15,,12.04,316.93,24.04,7.81,,0.053,0.663,0.00899,3.27682,2026-09-10 02:25:49
云南省,滇池流域,滇池南,2026-09-10 02:00,4,22.98,,11.31,377.33,44.01,7.75,,0.049,0.912,0.04183,1.92419,2026-09-10 02:25:49
云南省,滇池流域,晋城小寨,2026-09-10 01:00,2,21.03,8.07,6.34,553.1146,17.3649,2.43,,0.086,8.926,,,2026-09-10 02:25:49
云南省,长江流域,牛栏江河口,2026-09-10 02:00,3,23.08,8.09,5.36,489.482,17.843,2.24,0.017,0.085,4.583,,,2026-09-10 02:25:49
云南省,珠江流域,狗街,2026-09-10 02:00,3,25.04,7.9,5.29,531.9863,12.61144,2.41,0.077,0.109,5.38987,,,2026-09-10 02:25:49
云南省,珠江流域,花山水库出水口,2026-09-10 01:00,2,23.15,8.42,7.17,324.0131,1.9508,1.23,,0.006,2.7507,,,2026-09-10 02:25:49
云南省,长江流域,以礼河水文站,2026-09-10 01:00,2,19.81,7.76,6.01,263.3862,21.2181,1.03,0.018,0.048,1.9616,,,2026-09-10 02:25:49
云南省,珠江流域,厂房大桥,2026-09-10 02:00,3,20.7,8.17,8.37,367.3673,25.6924,1.73,0.031,0.101,3.1878,,,2026-09-10 02:25:49
云南省,长江流域,牛栏江大桥,2026-09-10 02:00,2,21.18,8.04,7.01,385.436,42.424,0.8,0.005,0.052,3.782,,,2026-09-10 02:25:49
云南省,珠江流域,盘溪大桥,2026-09-10 01:00,2,24.19,7.95,7.34,499.2556,23.08721,1.51,0.01,0.033,5.78633,,,2026-09-10 02:25:49
云南省,珠江流域,九甸大桥,2026-09-10 01:00,2,25.18383,8.4,6.19,504.2597,52.23198,,0.004,0.069,4.09544,,,2026-09-10 02:25:49
云南省,西南诸河,坝洪村,2026-09-10 01:00,2,26.97,8.23,7.75,360.8924,491.7248,0.91,0.011,0.04,1.76209,,,2026-09-10 02:25:49
云南省,珠江流域,抚仙湖心,2026-09-10 02:00,1,24.73,8.86,8.03,284.4,3.521,1.48,0.002,0.01,0.112,0.00158,2103115,2026-09-10 02:25:49
云南省,西南诸河,绿汁江大桥,2026-09-10 01:00,2,23.74353,8.18,7.11,621.7931,886.5372,1.47,0.028,0.046,2.42366,,,2026-09-10 02:25:49
云南省,珠江流域,杞麓湖心,2026-09-10 02:00,4,23.87,8.95,8.56,743.97,11.23,6.52,0.181,0.02,1.457,0.02941,8739215,2026-09-10 02:25:49
云南省,珠江流域,永昌桥,2026-09-10 01:00,3,21.99674,7.98,5.98,406.6297,25.52825,1.58,0.009,0.11,2.55142,,,2026-09-10 02:25:49
云南省,珠江流域,星云湖心,2026-09-10 02:00,3,23.98,,7.12,516.181,32.57,5.96,,0.009,0.657,0.00531,4.305894,2026-09-10 02:25:49
云南省,西南诸河,红旗桥,2026-09-10 02:00,1,21.53153,8.04,8.2,343.3275,416.6111,1.05,,0.007,0.4448724,,,2026-09-10 02:25:49
云南省,西南诸河,湾甸,2026-09-10 01:00,2,24.98955,8.3,8.11,380.2422,689.6594,2.16,0.01,0.097,4.73665,,,2026-09-10 02:25:49
云南省,西南诸河,永保桥,2026-09-10 01:00,2,22.06226,8.14,7.49,422.6974,73.69868,1.22,0.007,0.007,1.12934,,,2026-09-10 02:25:49
云南省,长江流域,云贵桥,2026-09-10 02:00,1,19.42,8.15,7.57,383.983,13.267,0.96,0.02,0.013,3.286,,,2026-09-10 02:25:49
云南省,长江流域,头屯河,2026-09-10 01:00,2,19.12,8.13,7.33,426.09,5.34,0.61,0.025,0.022,4.761,,,2026-09-10 02:25:49
云南省,长江流域,邓家河,2026-09-10 02:00,2,23.77,7.87,7.46,381.807,21.761,0.43,,0.059,3.13,,,2026-09-10 02:25:49
云南省,长江流域,横江桥,2026-09-10 01:00,2,23.66,8.15,8.3,288.31,40.8,0.99,,0.04,2.896,,,2026-09-10 02:25:49
云南省,长江流域,程海湖中,2026-09-10 01:00,3,26.38819,,8.99,1382.886,4.79969,5.74,0.015,0.016,0.8962,0.00798,7161.817,2026-09-10 02:25:49
云南省,长江流域,新华,2026-09-10 01:00,2,18.54579,8.41,7.91,854.2556,50.08587,1.44,0.064,0.021,0.67208,,,2026-09-10 02:25:49
云南省,长江流域,金江桥,2026-09-10 01:00,1,23.33,8.13,8.21,691.3492,13.5883,1.55,0.015,0.013,0.8276,,,2026-09-10 02:25:49
云南省,长江流域,龙兴村,2026-09-10 01:00,4,19.4,7.71,5.03,441.338,21.1636,2.57,0.822,0.27,3.43302,,,2026-09-10 02:25:49
云南省,西南诸河,土卡河水文站,2026-09-10 02:00,2,26.62771,7.94,6.82,203.7314,30.99471,1.11,,0.017,1.053164,,,2026-09-10 02:25:49
云南省,西南诸河,思茅港,2026-09-10 00:00,3,23.0595,7.41,5.94,314.2826,24.92689,1.77,0.032,0.014,1.57537,,,2026-09-10 02:25:49
云南省,西南诸河,孟拉桥,2026-09-10 01:00,2,24.15,7.19,7.19,97.45741,200.8105,1.26,0.025,0.012,0.9737,,,2026-09-10 02:25:49
云南省,西南诸河,莲花乡,2026-09-10 01:00,4,24.7805,7.51,4.86,255.9044,38.3541,2.26,1.232,0.147,3.95001,,,2026-09-10 02:25:49
云南省,西南诸河,嘎旧,2026-09-10 01:00,2,22.45,7.95,6.77,402.4045,15.1088,1.48,0.016,0.013,0.64727,,,2026-09-10 02:25:49
云南省,西南诸河,景临桥,2026-09-10 01:00,2,24.26,7.84,6.91,324.2692,34.32331,1.48,0.029,0.026,1.03574,,,2026-09-10 02:25:49
云南省,西南诸河,孟定大桥,2026-09-10 01:00,1,24.95,7.7,7.79,235.1583,825.3074,0.84,0.008,0.016,1.45433,,,2026-09-10 02:25:49
云南省,西南诸河,小黑江检查站,2026-09-10 01:00,2,23.91746,7.64,7.73,163.5544,210.6412,1.74,0.081,0.024,0.86536,,,2026-09-10 02:25:49
云南省,西南诸河,水文站,2026-09-10 01:00,3,24.06,8.17,5.83,374.5934,129.4801,1.6,0.008,0.055,1.40695,,,2026-09-10 02:25:49
云南省,长江流域,西观桥,2026-09-10 01:00,3,24.92,7.78,5.23,371.442,62.25233,1.96,0.019,0.051,2.03944,,,2026-09-10 02:25:49
云南省,西南诸河,那发出境,2026-09-10 02:00,2,26.6,7.8,7.64,137.7075,34.65,0.59,,0.04,0.7535,,,2026-09-10 02:25:49
云南省,西南诸河,中越桥,2026-09-10 02:00,2,25.9,8.1,8.99,279.8384,39.9809,0.55,,0.04,2.7628,,,2026-09-10 02:25:49
云南省,西南诸河,龙脖渡口,2026-09-10 02:00,2,27.22,7.94,7.75,285.9833,54.375,1,,0.056,1.7942,,,2026-09-10 02:25:49
云南省,西南诸河,河口县医院,2026-09-10 02:00,2,27.47234,7.55,7.06,275.3392,59.32216,1.71,0.003,0.057,1.865703,,,2026-09-10 02:25:49
云南省,珠江流域,异龙湖中,2026-09-10 02:00,4,26.69,8.61,7.91,420.38,4.194,7.19,0.016,0.013,0.517,0.02105,251425.2,2026-09-10 02:25:49
云南省,珠江流域,长虹桥,2026-09-10 01:00,3,24.56,8.21,7.1,518.854,91.8317,2.98,,0.106,4.4014,,,2026-09-10 02:25:49
云南省,珠江流域,江边桥,2026-09-10 01:00,3,25.36,7.8,7.1,479.83,134.11,1.82,,0.121,3.446,,,2026-09-10 02:25:49
云南省,西南诸河,天保农场,2026-09-10 02:00,2,23.64,8.06,9.68,370,17.98,0.51,,0.032,3.0708,,,2026-09-10 02:25:49
云南省,西南诸河,南利大桥,2026-09-10 01:00,3,24.64,8.04,5.08,311.38,11.98,6,0.043,0.021,1.443,,,2026-09-10 02:25:49
云南省,珠江流域,谷拉河大桥,2026-09-10 01:00,1,29.76,8.69,11.14,196.62,5.1,1.65,0.013,0.005,0.584,,,2026-09-10 02:25:49
云南省,西南诸河,关累码头,2026-09-10 01:00,2,23.45205,7.71,6.69,287.5853,79.3682,0.71,0.004,0.017,1.05325,,,2026-09-10 02:25:49
云南省,西南诸河,勐仑大桥,2026-09-10 01:00,2,24.26,7.99,7.68,218.9942,204.8676,0.77,0.004,0.036,1.08665,,,2026-09-10 02:25:49
云南省,西南诸河,风情园大桥,2026-09-10 01:00,2,24.12109,7.75,7.7,105.8399,210.9534,1.34,0.008,0.037,3.57463,,,2026-09-10 02:25:49
云南省,西南诸河,打洛江大桥,2026-09-10 01:00,1,25.55126,7.71,7.69,119.2022,339.0198,0.49,0.008,0.017,0.6245,,,2026-09-10 02:25:49
云南省,西南诸河,洱海湖心,2026-09-10 02:00,2,24.58,8.72,6.96,288.19,11.24,3.99,0.033,0.021,0.61,0.00797,10700,2026-09-10 02:25:49
云南省,西南诸河,交汇口,2026-09-10 01:00,2,21.09741,8.32,7.74,280.8003,788.2844,1.68,0.005,0.033,0.83602,,,2026-09-10 02:25:49
云南省,西南诸河,徐村桥,2026-09-10 01:00,2,22.62,7.97,7.31,237.6912,222.129,1.34,0.009,0.039,1.16626,,,2026-09-10 02:25:49
云南省,西南诸河,江尾,2026-09-10 01:00,3,24.28453,8.05,5.81,323.803,90.69604,3.83,0.007,0.029,0.62691,,,2026-09-10 02:25:49
云南省,西南诸河,四级坝,2026-09-10 01:00,2,22.85,7.91,6.62,316.3925,2.70057,2.49,0.092,0.088,0.98581,,,2026-09-10 02:25:49
云南省,西南诸河,汇流电站,2026-09-10 01:00,2,25.80409,7.14,7.83,93.743,129.4511,1.18,0.009,0.022,0.88099,,,2026-09-10 02:25:49
云南省,西南诸河,姐告大桥,2026-09-10 01:00,2,25.15896,7.76,7.02,165.1223,117.9605,1.52,0.009,0.039,4.75069,,,2026-09-10 02:25:49
云南省,西南诸河,迭撒大桥,2026-09-10 01:00,3,26.42543,6.84,5.95,103.782,103.8144,2.34,0.131,0.048,3.52402,,,2026-09-10 02:25:49
云南省,西南诸河,风平,2026-09-10 01:00,2,22.73,8.01,7.66,181.5215,306.0168,1.77,0.01,0.081,1.07851,,,2026-09-10 02:25:49
云南省,西南诸河,拉甲木底桥,2026-09-10 01:00,1,20.66422,8.16,10.26,327.9721,213.7092,0.7,0.005,0.005,0.2689,,,2026-09-10 02:25:49
云南省,西南诸河,丙舍桥,2026-09-10 01:00,1,20.76444,8.29,9,368.1882,521.8415,0.83,0.002,0.005,0.30303,,,2026-09-10 02:25:49
云南省,长江流域,贺龙桥,2026-09-10 01:00,1,18.67473,8.4,8.23,919.8793,45.59272,0.92,0.077,0.011,0.66294,,,2026-09-10 02:25:49
云南省,西南诸河,中路村,2026-09-10 01:00,1,18.05,8.43,8.24,470.4548,27.52938,0.87,0.023,0.004,0.49223,,,2026-09-10 02:25:49
西藏自治区,西南诸河,才纳,2026-09-10 02:00,2,14.56,7.85,6.63,206.737,41.931,1.03,0.04,0.023,0.523,,,2026-09-10 02:25:49
西藏自治区,西南诸河,米瑞,2026-09-10 01:00,2,13.517,8.24,7.33,172.068,436.237,1.94,0.016,0.074,0.179,,,2026-09-10 02:25:49
陕西省,黄河流域,灞河口,2026-09-10 02:00,3,20.95,8.05,8.4,452.2318,27.4474,3.39,0.98,0.081,4.8257,,,2026-09-10 02:25:49
陕西省,黄河流域,三郎村,2026-09-10 02:00,4,23.46,7.4,4.67,568.531,34.682,4.03,1.12,0.123,5.1567,,,2026-09-10 02:25:49
陕西省,黄河流域,沙王渡,2026-09-10 00:00,5,22.97,7.74,3.39,814.7553,133.3416,5.95,1.714,0.198,5.9773,,,2026-09-10 02:25:49
陕西省,黄河流域,岔口,2026-09-10 02:00,6,17.96,7.94,8.85,436.71,2774.651,6.99,2.105,0.456,8.0615,,,2026-09-10 02:25:49
陕西省,黄河流域,下桃水电站,2026-09-10 01:00,2,18.784,8.25,9.12,993.24,1030.05,2.83,0.076,0.044,4.362,,,2026-09-10 02:25:49
陕西省,长江流域,黄牛铺,2026-09-10 02:00,4,13.77,7.52,9.33,82.864,44.9955,8.92,,0.048,2.092,,,2026-09-10 02:25:49
陕西省,黄河流域,魏家堡,2026-09-10 01:00,3,24.2,7.66,7.96,297.986,775.0365,5.4,0.088,0.184,6.087,,,2026-09-10 02:25:49
陕西省,黄河流域,卧龙寺桥,2026-09-10 02:00,3,20.23,8.2,8.33,880.3929,1630.298,5.2,0.182,,6.291,,,2026-09-10 02:25:49
陕西省,长江流域,灶火庵,2026-09-10 02:00,5,16.35,8.19,8.95,135.0247,413.3472,11.71,,0.204,1.9077,,,2026-09-10 02:25:49
陕西省,黄河流域,咸阳铁桥,2026-09-10 01:00,3,21.57,7.82,6.2,659.045,21.9483,3.54,0.72,0.062,6.2814,,,2026-09-10 02:25:49
陕西省,黄河流域,兴平,2026-09-10 01:00,2,20.89,7.89,6.44,699.0031,130.8932,3.24,0.187,0.087,5.2652,,,2026-09-10 02:25:49
陕西省,黄河流域,泾河桥,2026-09-10 01:00,2,19.93,8.32,8.16,1269.84,81.176,2.22,0.067,0.058,4.1862,,,2026-09-10 02:25:49
陕西省,黄河流域,黑河张家桥,2026-09-10 02:00,2,23.88,8.38,7.53,554.1462,80.8182,2.59,0.052,0.037,1.4002,,,2026-09-10 02:25:49
陕西省,黄河流域,潼关吊桥,2026-09-10 00:00,3,22.02,8.22,7.33,997.9849,190.2096,4.15,0.24,0.101,6.3201,,,2026-09-10 02:25:49
陕西省,黄河流域,王谦村,2026-09-10 02:00,4,21.049,7.96,6.57,1219,1269.9,8.23,1.075,0.215,3.57,,,2026-09-10 02:25:49
陕西省,黄河流域,张家庄,2026-09-10 00:00,4,20.39,7.58,4.86,372.171,24.6817,,,,4.4522,,,2026-09-10 02:25:49
陕西省,黄河流域,杨家畔村,2026-09-10 02:00,5,18.39,8.56,8.64,1527.527,2629.907,5.92,,0.398,6.4021,,,2026-09-10 02:25:49
陕西省,黄河流域,昝家山,2026-09-10 02:00,3,17.45,8.4,10.38,513.856,,2.97,0.025,0.126,2.6671,,,2026-09-10 02:25:49
陕西省,黄河流域,寺滩,2026-09-10 02:00,6,23.09,8.87,7.68,,0.123839,22.64,0.145,0.422,6.5881,,,2026-09-10 02:25:49
陕西省,黄河流域,朱家沟,2026-09-10 02:00,5,17.42,8.12,8.13,696.633,3959.741,4.36,0.496,0.379,4.1751,,,2026-09-10 02:25:49
陕西省,长江流域,烈金坝,2026-09-10 02:00,2,20.33,8.19,7.54,320.4,3.561,0.96,0.009,0.024,1.0734,,,2026-09-10 02:25:49
陕西省,长江流域,南柳渡,2026-09-10 01:00,3,24.38,7.73,5.03,291.742,21.4671,2.32,0.418,0.103,2.206,,,2026-09-10 02:25:49
陕西省,长江流域,白水江,2026-09-10 02:00,2,21.16,8.1,7.41,336.3273,16.175,0.89,,0.022,1.0684,,,2026-09-10 02:25:49
陕西省,黄河流域,柏树坪,2026-09-10 02:00,3,21.37,8.33,8.59,962.812,542.6288,3.32,,0.139,5.8321,,,2026-09-10 02:25:49
陕西省,黄河流域,温家川,2026-09-10 02:00,4,17.98,8.33,8.25,1236.788,220.6622,7.33,0.22,0.062,4.2901,,,2026-09-10 02:25:49
陕西省,黄河流域,碛塄,2026-09-10 02:00,2,22.08,8.3,8.19,954.049,31.18084,1.73,0.014,0.025,2.7381,,,2026-09-10 02:25:49
陕西省,黄河流域,高家川,2026-09-10 02:00,2,16.38,8.41,8.75,795.128,198.5543,3.64,,0.072,3.3301,,,2026-09-10 02:25:49
陕西省,黄河流域,鱼河,2026-09-10 02:00,4,16.81,8.21,7.67,747.265,88.23973,4.45,0.224,0.211,4.3841,,,2026-09-10 02:25:49
陕西省,长江流域,白河城关,2026-09-10 01:00,2,25.94,7.7,7.07,239.094,14.51,2.6,0.014,0.036,1.337,0.016559,,2026-09-10 02:25:49
陕西省,长江流域,南江河出陕界,2026-09-10 01:00,1,22.7,8.02,8.37,211.9657,16.046,0.66,,0.008,0.4657,,,2026-09-10 02:25:49
陕西省,长江流域,小钢桥,2026-09-10 02:00,2,26.89,7.92,6.15,304.17,15.49,2.45,0.02,0.026,1.488,,,2026-09-10 02:25:49
陕西省,长江流域,老君关,2026-09-10 02:00,4,24.84,7.49,4.56,241.8785,15.0245,2.84,,0.029,1.721,,,2026-09-10 02:25:49
陕西省,长江流域,瀛湖坝前,2026-09-10 01:00,2,26.22,8.42,7.9,199.6917,22.04,2.21,0.016,0.018,0.727,0.04568,3739159,2026-09-10 02:25:49
陕西省,长江流域,构峪口,2026-09-10 02:00,3,21.93,7.94,5.13,378.5628,2.1582,2.25,,0.01,2.001,,,2026-09-10 02:25:49
陕西省,黄河流域,灵口,2026-09-10 01:00,1,19.05,8.27,7.87,485.3873,11.0676,1.31,0.034,0.013,1.6356,,,2026-09-10 02:25:49
甘肃省,黄河流域,扶和桥,2026-09-10 01:00,2,15.92,8.17,7.95,516.1799,344.4669,2.14,0.293,0.009,4.19738,,,2026-09-10 02:25:49
甘肃省,黄河流域,新城桥,2026-09-10 02:00,3,16.39,8.23,7.37,594.691,546.039,2.84,0.039,0.13,2.197,,,2026-09-10 02:25:49
甘肃省,黄河流域,湟水桥,2026-09-10 02:00,3,15.9,8.4,7.28,640.259,248.375,2.9,0.095,0.12,3.293,,,2026-09-10 02:25:49
甘肃省,西北诸河,迎山坡,2026-09-10 01:00,1,14.27188,8.27,7.97,524.5251,9.96572,0.51,0.019,0.008,1.63251,,,2026-09-10 02:25:49
甘肃省,黄河流域,青城桥,2026-09-10 01:00,2,18.40858,8.17,6.51,608.0135,23.84042,1.41,0.037,0.02,2.22999,,,2026-09-10 02:25:49
甘肃省,黄河流域,五佛寺,2026-09-10 02:00,2,18.62799,8.23,7.01,727.222,109.8139,1.28,0.046,0.018,2.755,,,2026-09-10 02:25:49
甘肃省,黄河流域,靖远桥,2026-09-10 01:00,2,18.0732,8.22,6.61,679.7831,41.47953,1.11,0.061,0.025,2.79565,,,2026-09-10 02:25:49
甘肃省,黄河流域,桦林,2026-09-10 02:00,2,14.5,8.02,8.24,717.2,843.9,3.95,0.311,0.069,2.622,,,2026-09-10 02:25:49
甘肃省,黄河流域,葡萄园,2026-09-10 02:00,2,18.1,7.92,7.78,676.554,1653.922,3.59,,0.086,6.562,,,2026-09-10 02:25:49
甘肃省,黄河流域,先明峡桥,2026-09-10 01:00,1,12.85674,8.59,8.55,466.1588,24.5654,0.04,0.039,0.007,1.69624,,,2026-09-10 02:25:49
甘肃省,西北诸河,莺落峡,2026-09-10 01:00,1,14.77,8.4,9.07,682.1822,11.77109,0.65,0.042,0.015,1.32853,,,2026-09-10 02:25:49
甘肃省,西北诸河,皇城水库,2026-09-10 01:00,1,11.81652,8.21,8.34,485.7835,11.65669,0.98,0.003,0.002,1.35482,,,2026-09-10 02:25:49
甘肃省,西北诸河,六坝桥,2026-09-10 01:00,2,15.31795,8.38,8.92,651.1583,147.7047,2.69,0.198,0.049,3.48633,,,2026-09-10 02:25:49
甘肃省,黄河流域,长庆桥,2026-09-10 02:00,3,17.93,8.09,6.96,656.479,2260.693,3.13,0.004,0.13,4.5531,,,2026-09-10 02:25:49
甘肃省,黄河流域,洮园桥,2026-09-10 01:00,3,16.86,8.28,7.59,432.8498,565.9511,4.04,0.446,0.145,15.09985,,,2026-09-10 02:25:49
甘肃省,长江流域,固水子村,2026-09-10 02:00,3,17.43,8.27,8.4,370.6,2371.3,2.69,,0.115,0.851,,,2026-09-10 02:25:49
甘肃省,长江流域,两水桥,2026-09-10 01:00,2,,8.38,,372.238,960.0522,3.35,,0.003,2.2251,,,2026-09-10 02:25:49
甘肃省,黄河流域,折桥,2026-09-10 01:00,2,12.72,8.48,9.9,448.8745,,3.16,0.306,0.067,3.40391,,,2026-09-10 02:25:49
甘肃省,黄河流域,地沟桥,2026-09-10 01:00,3,11.57,8.54,8.85,489.5002,474.6228,5.98,0.385,0.057,6.90136,,,2026-09-10 02:25:49
甘肃省,黄河流域,玛曲,2026-09-10 01:00,2,11.8159,8.42,6.31,399.5748,50.96494,0.47,,,1.19548,,,2026-09-10 02:25:49
青海省,黄河流域,小峡桥,2026-09-10 01:00,3,13.75383,8.39,9.15,670.958,124.9779,4.83,0.233,0.127,3.99111,,,2026-09-10 02:25:49
青海省,黄河流域,润泽桥,2026-09-10 01:00,2,13.53276,8.15,8.47,487.4445,83.3838,3.09,0.109,0.058,3.03701,,,2026-09-10 02:25:49
青海省,黄河流域,大河家,2026-09-10 01:00,1,13.70575,8.36,7.69,503.0938,56.5685,1.08,0.006,0.014,0.78917,,,2026-09-10 02:25:49
青海省,黄河流域,边墙村,2026-09-10 01:00,5,14.72564,8.38,8.23,782.7549,477.7991,8.65,0.807,0.366,6.91322,,,2026-09-10 02:25:49
青海省,黄河流域,峡塘,2026-09-10 01:00,1,13.0724,8.45,7.75,514.2115,47.798,1.27,0.008,0.013,0.83207,,,2026-09-10 02:25:49
青海省,西北诸河,布哈河入青海湖口,2026-09-10 01:00,2,11.7379,8.41,7.42,520.6027,192.6404,0.93,0.003,0.004,0.642,,,2026-09-10 02:25:49
青海省,黄河流域,唐乃亥,2026-09-10 01:00,2,15.9585,8.45,6.74,436.5492,140.6397,3.53,0.195,0.098,1.64629,,,2026-09-10 02:25:49
青海省,黄河流域,龙羊峡库区出水口,2026-09-10 01:00,2,14.60331,8.06,6.87,442.8415,6.03642,0.98,0.005,0.008,0.77195,0.00132,299843.2,2026-09-10 02:25:49
青海省,长江流域,直门达,2026-09-10 02:00,3,14.5875,8.42,6.95,1651.875,434.05,2.04,0.539,0.123,1.010291,,,2026-09-10 02:25:49
青海省,西北诸河,总场水闸,2026-09-10 01:00,2,11.82,8.56,7.4,750.3961,238.3521,0.59,0.006,0.025,1.41367,,,2026-09-10 02:25:49
青海省,西北诸河,纳赤台,2026-09-10 01:00,4,8.398,8.45,7.31,723.4,154.96,1.23,0.096,0.291,0.006,,,2026-09-10 02:25:49
青海省,西北诸河,德令哈市水厂旁,2026-09-10 01:00,1,11.43829,8.17,9.24,793.1151,8.55533,0.32,0.001,0.004,1.18865,,,2026-09-10 02:25:49
宁夏回族自治区,黄河流域,叶盛公路桥,2026-09-10 01:00,2,19.37,8.17,7.67,951,258.1,1.42,,0.037,3.294,,,2026-09-10 02:25:49
宁夏回族自治区,黄河流域,银古公路桥,2026-09-10 01:00,2,18.66101,8.43,7.47,1014.79,124.2387,1.44,0.088,0.047,3.14993,,,2026-09-10 02:25:49
宁夏回族自治区,黄河流域,平罗黄河大桥,2026-09-10 02:00,2,19.86,8.38,7.31,1039.32,349.39,2.13,,0.091,3.789,,,2026-09-10 02:25:49
宁夏回族自治区,黄河流域,麻黄沟,2026-09-10 02:00,2,19.82,8.31,7.38,988.891,541.005,2.54,,0.073,3.0162,,,2026-09-10 02:25:49
宁夏回族自治区,黄河流域,金沙湾,2026-09-10 01:00,2,19.44,8.39,7.82,869.14,141.825,1.79,0.002,0.058,3.298,,,2026-09-10 02:25:49
宁夏回族自治区,黄河流域,弹筝峡,2026-09-10 02:00,4,17.72,8.29,7.81,,7.604,,0.046,0.254,2.909,,,2026-09-10 02:25:49
宁夏回族自治区,黄河流域,沟圈,2026-09-10 02:00,4,16.38,8.33,8.1,945.701,527.9739,4.34,1.053,0.137,6.9471,,,2026-09-10 02:25:49
宁夏回族自治区,黄河流域,中卫下河沿,2026-09-10 02:00,1,18.8,8.57,7.85,794.8,266.8,,,,,,,2026-09-10 02:25:49
宁夏回族自治区,黄河流域,泉眼山,2026-09-10 02:00,3,16.67,8.16,8.86,7804.006,2291.661,3.78,0.404,0.164,29.4441,,,2026-09-10 02:25:49
新疆维吾尔自治区,西北诸河,青年渠,2026-09-10 01:00,1,14.69,8.15,10.35,393.8463,59.03666,1.91,0.01,0.007,1.14211,,,2026-09-10 02:25:49
新疆维吾尔自治区,西北诸河,七纺桥,2026-09-10 01:00,1,13.5,8.46,8.08,2289.423,18.07552,0.78,0.023,0.019,10.60075,,,2026-09-10 02:25:49
新疆维吾尔自治区,西北诸河,赛湖2,2026-09-10 01:00,3,16.29881,,5.03,3040.463,6.84375,0.55,0.166,0.001,0.61633,0.00904,28980,2026-09-10 02:25:49
新疆维吾尔自治区,西北诸河,哈尔莫墩,2026-09-10 01:00,1,16.36,8.16,9.15,331.7794,3.00883,0.61,0.008,0.007,0.50487,,,2026-09-10 02:25:49
新疆维吾尔自治区,西北诸河,汇合口,2026-09-10 01:00,4,21.59,7.39,4.11,575.8954,4.60299,2.85,0.012,0.009,0.19062,,,2026-09-10 02:25:49
新疆维吾尔自治区,西北诸河,兰干,2026-09-10 01:00,2,22.96464,8.39,7.01,757.3965,3.16839,2.38,0.005,0.009,0.51604,,,2026-09-10 02:25:49
新疆维吾尔自治区,西北诸河,塔提让,2026-09-10 01:00,1,17.96,8.47,7.6,1137.532,987.1431,0.19,0.005,0.002,0.93549,,,2026-09-10 02:25:49
新疆维吾尔自治区,西北诸河,龙口,2026-09-10 01:00,1,18.90813,8.21,8.42,668.1931,2677.26,0.43,0.007,0.008,1.02837,,,2026-09-10 02:25:49
新疆维吾尔自治区,西北诸河,塔里木拦河闸,2026-09-10 01:00,1,17.16797,8.09,8.31,581.4305,3852.976,0.34,0.004,0.005,1.06409,,,2026-09-10 02:25:49
新疆维吾尔自治区,西北诸河,十二医院,2026-09-10 01:00,3,18.88255,7.69,7.03,1277.623,27.00647,1.68,0.833,,1.49136,,,2026-09-10 02:25:49
新疆维吾尔自治区,西北诸河,依干其渡口,2026-09-10 01:00,2,19.4729,8.33,7.65,716.5634,951.1884,2.11,0.008,0.094,3.5497,,,2026-09-10 02:25:49
新疆维吾尔自治区,西北诸河,喀河大桥,2026-09-10 01:00,2,20.42843,7.92,7.06,1152.562,1.444,0.19,0.009,0.002,1.85424,,,2026-09-10 02:25:49
新疆维吾尔自治区,西北诸河,科布大桥,2026-09-10 01:00,1,14.87002,8.22,8.36,324.6656,112.9171,0.28,0.008,0.005,0.73463,,,2026-09-10 02:25:49
新疆维吾尔自治区,西北诸河,龙口大桥,2026-09-10 01:00,1,17.48906,7.77,9.18,278.3261,8.64471,0.55,0.005,0.007,0.6008,,,2026-09-10 02:25:49
新疆维吾尔自治区,西北诸河,羊场大桥,2026-09-10 01:00,2,19.07,7.99,7.46,533.2474,108.7532,,0.014,0.016,1.76523,,,2026-09-10 02:25:49
新疆维吾尔自治区,西北诸河,喀什河大桥,2026-09-10 01:00,1,16.35,8.1,10.53,246.8058,21.01739,0.53,0.006,0.005,0.85201,,,2026-09-10 02:25:49
新疆维吾尔自治区,西北诸河,霍城63团伊犁河大桥,2026-09-10 01:00,2,18.496,7.73,6.9,355.979,256.113,1.76,0.061,0.049,0.702,,,2026-09-10 02:25:49
新疆维吾尔自治区,西北诸河,英牙尔乡,2026-09-10 01:00,3,20.58942,7.97,8.22,339.0724,252.4638,5.07,0.004,0.113,1.48006,,,2026-09-10 02:25:49
新疆维吾尔自治区,西北诸河,雅马渡大桥,2026-09-10 01:00,3,18.169,7.59,5.88,278.143,31.388,0.85,0.002,0.017,0.751,,,2026-09-10 02:25:49
新疆维吾尔自治区,西北诸河,布尔津河大桥,2026-09-10 01:00,1,18.24,7.5,8.8,55.37142,6.97732,1.21,0.003,0.004,0.25457,,,2026-09-10 02:25:49
新疆维吾尔自治区,西北诸河,乌伦古湖码头,2026-09-10 01:00,3,22.93465,8.67,8.13,3765.632,10.16373,4.12,0.008,0.017,0.38931,0.01923,632907.4,2026-09-10 02:25:49
新疆维吾尔自治区,西北诸河,北屯大桥,2026-09-10 01:00,1,19.45244,7.62,7.86,82.30298,14.36159,0.57,0.002,0.008,0.48473,,,2026-09-10 02:25:49
新疆维吾尔自治区,西北诸河,布尔津水文站,2026-09-10 01:00,1,20.04,8.17,8.74,219.2241,10.22075,,,,,,,2026-09-10 02:25:49
北京市,海河流域,鼓楼外大街,2026-09-10 04:00,2,24.81,7.52,6.85,383.31,18.831,2.1,0.069,0.026,1.873,,,2026-09-10 05:01:45
北京市,海河流域,广北滨河路,2026-09-10 04:00,2,24.06,7.77,6.41,394.6,12.95,1.46,0.058,0.027,2.016,,,2026-09-10 05:01:45
北京市,海河流域,沙窝,2026-09-10 04:00,2,25.28,7.33,6.98,761.5,8.678,3.68,0.096,0.084,4.482,,,2026-09-10 05:01:45
北京市,海河流域,新八里桥,2026-09-10 04:00,4,24.22,7.44,3.24,667.823,3.362,3.63,0.047,0.102,6.891,,,2026-09-10 05:01:45
北京市,海河流域,大红门闸上,2026-09-10 04:00,2,21.98,7.59,6.49,990.3,10.172,3.08,,0.073,9.671,,,2026-09-10 05:01:45
北京市,海河流域,南大荒桥,2026-09-10 04:00,2,23.25,8.48,8.91,892,19.9,2.71,0.003,0.02,1.847,,,2026-09-10 05:01:45
北京市,海河流域,清河闸,2026-09-10 04:00,2,21.25,7.62,6.01,759.12,9.461,2.39,,0.07,6.82,,,2026-09-10 05:01:45
北京市,海河流域,花园路,2026-09-10 04:00,3,21.61,7.51,5.23,664.192,5.587,1.84,0.139,0.042,6.307,,,2026-09-10 05:01:45
北京市,海河流域,白石桥,2026-09-10 04:00,2,25.59,7.83,6.98,323.18,5.671,2.02,0.009,0.013,1.629,,,2026-09-10 05:01:45
北京市,海河流域,八间房漫水桥,2026-09-10 04:00,3,22.7,7.73,5.62,872.97,8.5,2.98,0.033,0.061,3.6731,,,2026-09-10 05:01:45
北京市,海河流域,码头,2026-09-10 04:00,2,22.85,7.42,6.22,1056.73,20.85,2.44,0.091,0.069,7.239,,,2026-09-10 05:01:45
北京市,海河流域,罗庄,2026-09-10 04:00,2,24.4,8.1,8.88,1144.966,7.496834,2.92,0.033,0.096,6.8321,,,2026-09-10 05:01:45
北京市,海河流域,小屯桥,2026-09-10 04:00,2,23.84,8.23,8.54,1310.943,8.327225,3.78,,0.096,5.8931,,,2026-09-10 05:01:45
北京市,海河流域,东店,2026-09-10 04:00,3,20.21241,7.97,9.56,737.2846,101.7989,2.46,0.056,0.109,13.28289,,,2026-09-10 05:01:45
北京市,海河流域,密云水库,2026-09-10 04:00,1,24.66396,8.28,8.58,416.7004,3.890674,1.83,0.027,0.005,3.247007,,,2026-09-10 05:01:45
北京市,海河流域,大关桥,2026-09-10 04:00,2,24.38,8.17,8.62,428.94,111.04,2.57,0.086,0.02,3.8251,,,2026-09-10 05:01:45
北京市,海河流域,辛庄桥,2026-09-10 04:00,2,18.59,8.02,8.38,586.035,51.37604,1.99,,0.034,8.0891,,,2026-09-10 05:01:45
北京市,海河流域,谷家营,2026-09-10 04:00,2,23.55,7.78,8.72,540.456,18.805,3.29,0.079,0.077,2.136,,,2026-09-10 05:01:45
北京市,海河流域,后城,2026-09-10 04:00,2,14.49,8.3,8.77,577.998,25.14964,1.61,0.021,0.031,9.9701,,,2026-09-10 05:01:45
天津市,海河流域,三岔口,2026-09-10 03:00,6,25.86,7.68,1.64,1270.948,27.72481,3.91,0.308,0.073,1.19491,,,2026-09-10 05:01:45
天津市,海河流域,北洋桥,2026-09-10 04:00,4,25.28061,7.29,3.04,1166.473,27.88217,3.76,0.679,0.124,1.973688,,,2026-09-10 05:01:45
天津市,海河流域,井冈山桥,2026-09-10 04:00,4,25.06,7.59,3.26,1195.858,37.36274,3.92,0.545,0.113,1.6701,,,2026-09-10 05:01:45
天津市,海河流域,大红桥,2026-09-10 04:00,6,25.29,7.62,0.6,1274.658,39.01053,3.97,0.262,0.081,2.1841,,,2026-09-10 05:01:45
天津市,海河流域,曹庄子泵站,2026-09-10 04:00,3,27.79,7.62,5.88,280.22,2.36,1.61,0.067,0.006,0.758,,,2026-09-10 05:01:45
天津市,海河流域,生产圈闸,2026-09-10 04:00,6,24.1895,7.31,0.01,1219.461,9.67366,4.23,1.525,0.157,2.66244,,,2026-09-10 05:01:45
天津市,海河流域,尔王庄泵站,2026-09-10 04:00,4,26.32,7.47,4.43,286.464,6.568063,2.15,0.016,0.003,0.6621,,,2026-09-10 05:01:45
天津市,海河流域,海河大闸,2026-09-10 04:00,3,24.75,7.91,5.15,3442.366,23.3826,5.02,0.293,0.15,2.0615,,,2026-09-10 05:01:45
天津市,海河流域,北排水河防潮闸,2026-09-10 04:00,6,19.2,7.48,0.6,1327.7,49.247,4.16,0.179,0.102,2.0954,,,2026-09-10 05:01:45
天津市,海河流域,沧浪渠出境,2026-09-10 04:00,4,22.17,7.78,3.43,5863.8,367.1,8.08,,0.287,0.9642,,,2026-09-10 05:01:45
天津市,海河流域,万家码头,2026-09-10 04:00,4,24.57,7.87,3.53,1942.25,25.28,6.14,0.038,0.092,1.35,,,2026-09-10 05:01:45
天津市,海河流域,蓟运河防潮闸,2026-09-10 04:00,-1,,,,,,,,,,,,2026-09-10 05:01:45
天津市,海河流域,青静黄防潮闸,2026-09-10 04:00,4,24.81277,8.57,4.04,6090.422,26.43567,,0.468,0.214,1.252356,,,2026-09-10 05:01:45
天津市,海河流域,马棚口防潮闸,2026-09-10 04:00,4,23.77,7.66,6.2,2580.7,54.698,7.13,0.899,0.095,4.639,,,2026-09-10 05:01:45
天津市,海河流域,阎辛庄,2026-09-10 04:00,6,19.52804,7.15,1.9,1840.055,50.48539,5.6,0.216,0.156,4.216074,,,2026-09-10 05:01:45
天津市,海河流域,于桥水库出口,2026-09-10 04:00,4,25.37,8.13,4.41,399.428,10.34076,5.09,0.177,0.035,2.1631,,,2026-09-10 05:01:45
天津市,海河流域,黎河桥,2026-09-10 04:00,3,21.923,7.44,7.94,762.2,9.61,1.74,0.078,0.161,11.419,,,2026-09-10 05:01:45
天津市,海河流域,沙河桥,2026-09-10 04:00,2,23.23,7.54,6.13,668.56,13.518,1.22,0.271,0.084,10.292,,,2026-09-10 05:01:45
天津市,海河流域,果河桥,2026-09-10 03:00,2,24.59,7.82,7.5,662.601,7.1606,1.34,0.002,0.087,11.0966,,,2026-09-10 05:01:45
天津市,海河流域,西屯桥,2026-09-10 04:00,3,24.67,7.51,5.77,470.59,28.428,4.89,0.124,0.098,2.908,,,2026-09-10 05:01:45
河北省,海河流域,下槐镇,2026-09-10 04:00,3,18.24,8.49,9.04,554.551,319.343,4.15,0.171,0.119,4.3236,,,2026-09-10 05:01:45
河北省,海河流域,地都,2026-09-10 04:00,3,18.22,8.12,7.43,938.322,196.889,3.09,0.855,0.104,6.157,,,2026-09-10 05:01:45
河北省,海河流域,平山桥,2026-09-10 04:00,2,20.1,7.82,7.76,1115.4,39.798,2.04,0.193,0.026,5.12,,,2026-09-10 05:01:45
河北省,海河流域,兆通,2026-09-10 04:00,1,24.71,8.49,8.38,272.31,1.65,1.58,0.004,0.005,0.8117,,,2026-09-10 05:01:45
河北省,海河流域,大石桥,2026-09-10 04:00,5,22.63849,7.47,5.36,1089.516,31.88371,5.57,1.646,0.204,9.618604,,,2026-09-10 05:01:45
河北省,海河流域,涧河口,2026-09-10 04:00,4,23.71674,7.85,6.75,1545.897,32.51568,6.24,0.123,0.116,1.066032,,,2026-09-10 05:01:45
河北省,海河流域,丰北闸,2026-09-10 04:00,3,26.30691,7.99,9.1,853.4893,17.80303,5.81,,0.183,0.637588,,,2026-09-10 05:01:45
河北省,海河流域,滦县大桥,2026-09-10 04:00,2,23.2,7.93,6.48,594.497,11.32213,2.29,0.04,0.036,4.5841,,,2026-09-10 05:01:45
河北省,海河流域,刘家庄,2026-09-10 04:00,2,17.15,8.2,8.19,592.2225,37.01,1.51,0.035,0.032,3.889,,,2026-09-10 05:01:45
河北省,海河流域,岳城水库出口,2026-09-10 04:00,2,24.36,8.26,7.13,570.244,21.34259,1.46,0.023,0.03,2.7881,,,2026-09-10 05:01:45
河北省,海河流域,曲周,2026-09-10 04:00,3,22.22,7.87,5.63,1003.584,33.848,2.17,0.101,0.11,3.861,,,2026-09-10 05:01:45
河北省,海河流域,沙阳,2026-09-10 04:00,2,21.45,8.2,11.09,1523.36,76.17,2.04,0.117,0.058,3.1084,,,2026-09-10 05:01:45
河北省,海河流域,艾辛庄,2026-09-10 04:00,6,22.17219,7.38,2.48,945.7415,8.8394,6.84,4.065,0.794,12.71116,,,2026-09-10 05:01:45
河北省,海河流域,后西吴桥,2026-09-10 04:00,6,22.74,7.97,6.44,763.38,61.36,4.8,2.818,0.294,11.1311,,,2026-09-10 05:01:45
河北省,海河流域,北河店,2026-09-10 04:00,4,23.73,7.75,4.92,579.8885,2.6616,1.94,0.008,0.022,5.797,,,2026-09-10 05:01:45
河北省,海河流域,白合,2026-09-10 04:00,2,18.82,8.2,8.94,507.24,96.55,1.03,,0.092,3.611,,,2026-09-10 05:01:45
河北省,海河流域,杜里村,2026-09-10 04:00,2,14.7,8.52,10.59,435.52,52.18,1.61,,0.071,3.0823,,,2026-09-10 05:01:45
河北省,海河流域,温泉屯,2026-09-10 04:00,4,18.35,8.04,7.21,1078.612,698.6205,8.15,,0.295,10.6131,,,2026-09-10 05:01:45
河北省,海河流域,八号桥,2026-09-10 03:00,3,19.8,8.35,7.48,1074.121,251.4125,4.92,0.41,0.142,1.852667,,,2026-09-10 05:01:45
河北省,海河流域,左卫桥,2026-09-10 04:00,4,13.4,8.57,9.68,854.345,542.4711,5.42,0.017,0.3,12.9841,,,2026-09-10 05:01:45
河北省,海河流域,四道甸,2026-09-10 04:00,1,16.19,8.31,8.86,447.209,15.69825,1.63,0.01,0.013,,,,2026-09-10 05:01:45
河北省,海河流域,上二道河子,2026-09-10 04:00,2,20.55,7.94,6.94,473.188,6.665213,2.6,0.019,,7.1701,,,2026-09-10 05:01:45
河北省,辽河流域,甸子,2026-09-10 04:00,2,13.73,7.73,7.11,457.35,24.64,1.61,0.034,0.032,7.515,,,2026-09-10 05:01:45
河北省,海河流域,何老营,2026-09-10 04:00,3,23.22325,8.4,9.53,3311.582,9.048983,5.53,,0.109,0.836498,,,2026-09-10 05:01:45
河北省,海河流域,大口河口,2026-09-10 04:00,3,22.45,7.91,6.3,6730.18,100.44,4.27,0.066,0.11,3.039,,,2026-09-10 05:01:45
河北省,海河流域,四埝村桥,2026-09-10 04:00,4,23.7,7.96,4.48,4009.137,23.384,5.59,0.227,0.114,0.9,,,2026-09-10 05:01:45
河北省,海河流域,大王务,2026-09-10 04:00,5,23.63,7.55,2.67,781.599,14.24111,4.58,,0.054,0.7661,,,2026-09-10 05:01:45
河北省,海河流域,杨洼闸,2026-09-10 03:00,3,24.81,8.03,7.6,923.63,25.62,3.97,0.01,0.102,5.53,,,2026-09-10 05:01:45
河北省,海河流域,吴村,2026-09-10 03:00,3,25.42,7.72,5.38,760.93,7.32,,0.107,0.125,4.925,,,2026-09-10 05:01:45
河北省,海河流域,台头,2026-09-10 04:00,3,24.85763,7.79,5.93,742.5492,29.20598,2.24,0.054,0.034,0.7941,,,2026-09-10 05:01:45
河北省,海河流域,桑梓红旗闸,2026-09-10 04:00,2,22.46251,7.95,7.07,727.611,36.94429,2.61,0.204,0.096,11.4001,,,2026-09-10 05:01:45
河北省,海河流域,三小营,2026-09-10 04:00,3,21.81638,7.5,5.86,984.6971,18.98638,3.87,0.059,0.101,2.855249,,,2026-09-10 05:01:45
河北省,海河流域,小范桥,2026-09-10 04:00,4,24.43,7.65,3.41,944.305,2.549,4.52,0.056,0.043,0.784,,,2026-09-10 05:01:45
河北省,海河流域,衡水湖大湖心,2026-09-10 04:00,3,23.55,8.56,7.68,1298.072,10.848,5.66,0.016,0.032,0.704,0.03786,1.184933,2026-09-10 05:01:45
河北省,海河流域,南张村,2026-09-10 04:00,1,26.19,8.31,8.36,245.78,3.702,1.67,0.034,0.008,0.7366,,,2026-09-10 05:01:45
河北省,海河流域,安州,2026-09-10 04:00,6,24.73,7.46,1.59,970.399,37.1218,12.93,0.218,0.08,2.988,,,2026-09-10 05:01:45
河北省,海河流域,膳马庙村北,2026-09-10 04:00,4,24.87,7.48,3.97,1027.489,41.6623,4.47,0.33,0.103,4.8543,,,2026-09-10 05:01:45
河北省,海河流域,南刘庄,2026-09-10 04:00,4,24.43,7.51,4.07,691.06,7.59,3.36,0.056,0.035,0.869,0.00702,1468006,2026-09-10 05:01:45
河北省,海河流域,烧车淀,2026-09-10 04:00,2,23.81,7.69,7.05,524.43,0.38,2.62,,,2.779,0.01125,,2026-09-10 05:01:45
河北省,海河流域,圈头,2026-09-10 04:00,3,24.55,8.02,6.27,7368.53,1.6911,4.25,,0.025,0.424,0.00336,2966656,2026-09-10 05:01:45
河北省,海河流域,采蒲台,2026-09-10 04:00,2,24.58897,7.45,6,700.1469,0.657935,3.61,,0.025,0.326081,0.002229,452498.8,2026-09-10 05:01:45
河北省,海河流域,光淀张庄,2026-09-10 04:00,6,24.56,7.46,1.92,729.01,5.77,2.42,0.098,0.022,1.131,0.00105,945773.8,2026-09-10 05:01:45
山西省,黄河流域,韩武村,2026-09-10 04:00,6,20.25,7.46,5.35,907.39,25.64,5.84,2.755,0.327,6.793,,,2026-09-10 05:01:45
山西省,黄河流域,上兰,2026-09-10 04:00,2,20.62,8.1,7.15,684.975,8.318925,1.18,0.006,0.003,1.7411,,,2026-09-10 05:01:45
山西省,黄河流域,汾河水库出口,2026-09-10 04:00,3,22.26,8.23,5.17,620.183,2.508254,1.87,0.012,0.002,1.3891,0.0104444,291480,2026-09-10 05:01:45
山西省,海河流域,堡子湾,2026-09-10 04:00,2,11.98,8.41,7.68,802.627,15.5693,1.52,0.015,0.047,6.3401,,,2026-09-10 05:01:45
山西省,海河流域,册田水库出口,2026-09-10 04:00,3,25.07,8.46,7.3,,7.777589,4.91,0.103,0.08,0.8101,,,2026-09-10 05:01:45
山西省,海河流域,古家坡,2026-09-10 04:00,6,17.68,7.98,0.01,1348.776,33.45731,8.84,0.841,0.355,3.3581,,,2026-09-10 05:01:45
山西省,海河流域,利仁皂,2026-09-10 04:00,3,17.04,8.01,6.61,1572.694,15.53533,4.68,0.019,0.12,5.6131,,,2026-09-10 05:01:45
山西省,海河流域,白羊墅,2026-09-10 04:00,3,16.71,8.3,8.35,926.76,170.951,3.38,0.819,0.118,7.728,,,2026-09-10 05:01:45
山西省,海河流域,王家庄,2026-09-10 04:00,2,20.11,8.35,8.82,599.67,51.85,2.64,0.009,0.041,2.965,,,2026-09-10 05:01:45
山西省,海河流域,司徒桥,2026-09-10 04:00,4,19.39,7.61,3.32,584.8058,48.0219,3.76,0.157,0.067,1.041,,,2026-09-10 05:01:45
山西省,海河流域,关河水库出口,2026-09-10 04:00,4,21.47,7.74,4.81,473.02,9.255,4.22,0.021,0.03,1.4024,,,2026-09-10 05:01:45
山西省,海河流域,北寨,2026-09-10 04:00,3,18.32,7.64,5.25,1000.41,28.89,4.89,0.597,0.108,7.464,,,2026-09-10 05:01:45
山西省,海河流域,后湾水库出口,2026-09-10 04:00,3,22.11,7.76,5.04,476.56,4.415,2.89,0.054,0.021,0.7,,,2026-09-10 05:01:45
山西省,黄河流域,龙头,2026-09-10 04:00,2,16.49,8.26,7.32,564.04,59.64,2.87,0.177,0.043,3.3396,,,2026-09-10 05:01:45
山西省,黄河流域,拴驴泉,2026-09-10 04:00,2,20.9,8.08,8.25,763.1922,25.3927,1.6,,0.021,4.3972,,,2026-09-10 05:01:45
山西省,黄河流域,张峰水库出口,2026-09-10 03:00,3,24.8342,7.8,5.94,518.4337,11.3831,2.67,0.008,0.004,2.965696,,,2026-09-10 05:01:45
山西省,海河流域,东榆林水库出口,2026-09-10 04:00,2,20.01,7.93,6.29,717.261,15.13398,2.58,0.429,0.065,2.8841,,,2026-09-10 05:01:45
山西省,黄河流域,杀虎口,2026-09-10 04:00,3,15.63,8.26,7.95,595.348,51.38992,5.05,0.013,0.054,1.7161,,,2026-09-10 05:01:45
山西省,海河流域,王寨村,2026-09-10 04:00,2,18.68,8.29,8.28,575.428,93.26,2.07,0.118,0.045,3.933,,,2026-09-10 05:01:45
山西省,黄河流域,安固桥,2026-09-10 04:00,6,18.198,7.49,3.51,1928.329,35.5801,7.14,3.765,0.412,22.499,,,2026-09-10 05:01:45
山西省,黄河流域,王庄桥南,2026-09-10 04:00,4,18.93,7.98,7.46,1264.05,218.47,9.13,1.338,0.272,8.184,,,2026-09-10 05:01:45
山西省,黄河流域,郝村,2026-09-10 04:00,3,19.06,7.87,6.49,946.8509,78.1401,3.82,0.158,0.115,3.2799,,,2026-09-10 05:01:45
山西省,黄河流域,张留庄,2026-09-10 04:00,6,21.44,8.01,3.44,5353.487,104.463,9.26,4.68,0.289,11.42,,,2026-09-10 05:01:45
山西省,黄河流域,上亳城,2026-09-10 04:00,6,18.66,8.07,8.91,1002.764,31.723,3.25,6.639,0.087,12.1741,,,2026-09-10 05:01:45
山西省,黄河流域,小韩村,2026-09-10 04:00,6,20.27,7.55,2.47,739.95,69.692,6.88,10.686,0.554,6.129,,,2026-09-10 05:01:45
山西省,海河流域,梵王寺,2026-09-10 04:00,6,12.32,8.27,9.34,1085.113,105.4195,3.2,0.47,0.49,5.2071,,,2026-09-10 05:01:45
山西省,海河流域,代县桥,2026-09-10 04:00,2,16.83,8.54,8.97,652.286,132.2705,1.82,0.014,0.073,,,,2026-09-10 05:01:45
山西省,海河流域,定襄桥,2026-09-10 04:00,5,18.09,7.87,5.64,611.142,909.3144,7.76,0.009,0.304,4.4791,,,2026-09-10 05:01:45
山西省,海河流域,坪上桥,2026-09-10 04:00,2,14.55,8.6,9.45,433.755,40.00574,1.93,0.004,0.058,4.4671,,,2026-09-10 05:01:45
山西省,黄河流域,河西村,2026-09-10 04:00,2,13.77,8.35,8.36,558.1,65.13,1.31,0.048,0.076,3.362,,,2026-09-10 05:01:45
山西省,黄河流域,上平望,2026-09-10 04:00,4,20.61,7.64,5.41,1115.55,298.13,8.78,0.758,0.189,6.236,,,2026-09-10 05:01:45
山西省,黄河流域,黑城村,2026-09-10 04:00,3,17.53,8.24,8.51,776.9508,610.5282,4.25,0.768,0.134,4.979,,,2026-09-10 05:01:45
山西省,黄河流域,曲立,2026-09-10 04:00,3,14.29,8.33,7.84,578.579,159.2652,3.77,0.046,0.132,4.2241,,,2026-09-10 05:01:45
山西省,黄河流域,裴家川口,2026-09-10 04:00,2,15.27,8.22,8.87,514.026,100.7551,2.28,,0.072,4.8571,,,2026-09-10 05:01:45
山西省,黄河流域,碛口,2026-09-10 04:00,3,17.01,8.49,8.19,891.351,40.19963,4.42,0.763,0.126,8.2471,,,2026-09-10 05:01:45
山西省,黄河流域,裴沟,2026-09-10 04:00,4,16.61,8.42,8.08,591.672,463.5361,4.78,1.118,0.225,4.9261,,,2026-09-10 05:01:45
山西省,黄河流域,三川河两河口桥,2026-09-10 04:00,4,18.34,7.98,7.69,763.113,85.80812,5.32,0.891,0.228,6.2591,,,2026-09-10 05:01:45
山西省,黄河流域,碧村,2026-09-10 04:00,3,16.91,8.41,9.56,642.712,37.14691,2.88,0.333,0.104,5.8211,,,2026-09-10 05:01:45
山西省,黄河流域,北峪口,2026-09-10 04:00,2,18.22665,7.97,6.02,564.168,27.29643,1.6,0.024,0.022,3.2541,,,2026-09-10 05:01:45
山西省,黄河流域,南姚,2026-09-10 04:00,6,17.73,7.38,,868.03,25.95,9.36,7.129,0.455,10.214,,,2026-09-10 05:01:45
内蒙古自治区,黄河流域,磴口,2026-09-10 03:00,2,18.06,8.29,7.86,969.3862,281.435,1.84,0.142,0.048,2.01325,,,2026-09-10 05:01:45
内蒙古自治区,松花江流域,根河口内,2026-09-10 04:00,4,14.35,6.87,8.21,83.24,19.15,6.43,,0.027,0.238,,,2026-09-10 05:01:45
内蒙古自治区,松花江流域,李屯,2026-09-10 04:00,4,14.62,7.16,8.96,86.034,39.45,8.49,,0.057,0.765,,,2026-09-10 05:01:45
内蒙古自治区,松花江流域,陶海,2026-09-10 04:00,4,13.9,7.52,9.8,146.7,22.9,6.29,,0.059,0.413,,,2026-09-10 05:01:45
内蒙古自治区,松花江流域,嵯岗,2026-09-10 04:00,4,15.13,7.93,9.02,227.678,56.23,8.04,,0.101,0.56,,,2026-09-10 05:01:45
内蒙古自治区,松花江流域,成吉思汗,2026-09-10 04:00,2,15.49,7.06,8.91,138.74,17.75,2.29,,0.026,1.135,,,2026-09-10 05:01:45
内蒙古自治区,松花江流域,讷尔克气,2026-09-10 04:00,3,11.85,7.07,9.78,72.275,9.933,5.55,0.005,0.021,0.279,,,2026-09-10 05:01:45
内蒙古自治区,黄河流域,总排干入黄口,2026-09-10 03:00,4,18.72,8.91,10.13,3633.017,183.164,9.64,0.884,0.164,2.7301,,,2026-09-10 05:01:45
内蒙古自治区,黄河流域,卧佛下,2026-09-10 03:00,2,11.63,8.35,10.82,766.424,23.11701,2.53,0.06,0.019,7.83741,,,2026-09-10 05:01:45
内蒙古自治区,松花江流域,大山矿,2026-09-10 04:00,2,11.26,7.96,10.07,219.22,10.54,3.2,,0.025,0.243,,,2026-09-10 05:01:45
内蒙古自治区,松花江流域,斯力很,2026-09-10 02:00,3,16.7,7.75,8.63,266.4,164.5,5.95,,0.091,3.327,,,2026-09-10 05:01:45
内蒙古自治区,松花江流域,察尔森水库西入口,2026-09-10 04:00,3,19.16,7.68,8.65,162.86,48.61,3.48,,0.032,1.441,0.01121,3457020,2026-09-10 05:01:45
辽宁省,辽河流域,蒲河沿,2026-09-10 03:00,5,17.03,7.52,2.6,672,41.2,6.07,,0.159,2.767,,,2026-09-10 05:01:45
辽宁省,辽河流域,于台,2026-09-10 04:00,3,20.99,7.28,5.79,931.688,11.977,3.25,0.7,0.094,7.898,,,2026-09-10 05:01:45
辽宁省,辽河流域,巨流河大桥,2026-09-10 04:00,4,20.71,8.42,8.79,598.5,88.7,7.8,,0.141,1.72,,,2026-09-10 05:01:45
辽宁省,辽河流域,兴国桥,2026-09-10 04:00,2,14.98,7.14,6.42,647.295,5.003,1.9,,0.02,1.37,,,2026-09-10 05:01:45
辽宁省,辽河流域,城子坦,2026-09-10 03:00,2,20.6078,8.01,8.81,269.859,10.08803,1.78,0.026,0.044,3.27848,,,2026-09-10 05:01:45
辽宁省,辽河流域,麦家,2026-09-10 04:00,3,21.69,7.75,5.16,480.7,20.88,4.4,0.167,0.097,2.493,,,2026-09-10 05:01:45
辽宁省,辽河流域,复州湾大桥,2026-09-10 04:00,2,18.3526,8.01,7.72,576.713,4.86384,3.6,0.007,0.064,4.628,,,2026-09-10 05:01:45
辽宁省,辽河流域,三台子,2026-09-10 03:00,3,23.03106,8.24,7.96,1219.658,16.20967,5.02,0.066,0.132,3.65628,,,2026-09-10 05:01:45
辽宁省,辽河流域,万泰,2026-09-10 04:00,2,23.77,7.59,6.69,141.038,8.30938,2.66,0.023,0.023,2.58823,,,2026-09-10 05:01:45
辽宁省,辽河流域,登化,2026-09-10 04:00,3,20.1587,8.65,11.27,615.31,19.8416,5.57,0.016,0.132,4.733,,,2026-09-10 05:01:45
辽宁省,辽河流域,小姐庙,2026-09-10 04:00,4,20.78,7.7,4.75,735.1,8.32,2.11,0.064,0.083,3.734,,,2026-09-10 05:01:45
辽宁省,辽河流域,口子街,2026-09-10 04:00,2,19.62,7.87,6.48,296.3,3.89862,1.92,0.026,0.02,3.41,,,2026-09-10 05:01:45
辽宁省,辽河流域,牛庄,2026-09-10 04:00,2,20.6756,8.06,6.08,649.11,61.5194,3.86,0.118,0.077,2.994,,,2026-09-10 05:01:45
辽宁省,辽河流域,关门山大桥,2026-09-10 04:00,2,18.1,7.87,6.8,386.835,4.172,1.46,,0.009,4.629,,,2026-09-10 05:01:45
辽宁省,辽河流域,刘家台,2026-09-10 04:00,2,19.231,8.05,8.09,702.411,31.603,2.97,0.013,0.082,3.57,,,2026-09-10 05:01:45
辽宁省,辽河流域,大伙房水库,2026-09-10 03:00,2,22.98,7.3,8.47,214.51,17.44,3.6,0.052,0.044,4.217,0.07754,,2026-09-10 05:01:45
辽宁省,辽河流域,戈布桥,2026-09-10 03:00,2,19.89,8.48,10.62,676.01,6.26,2.93,0.037,0.056,4.637,,,2026-09-10 05:01:45
辽宁省,辽河流域,北杂木,2026-09-10 03:00,2,17.7,7.38,9.79,331.12,3.79,1.85,,0.021,5.62,,,2026-09-10 05:01:45
辽宁省,辽河流域,北太子河入观音阁水库口,2026-09-10 03:00,2,18.435,7.7,8.44,272.8,24.2975,1.37,0.024,0.025,5.045161,,,2026-09-10 05:01:45
辽宁省,辽河流域,老官砬子,2026-09-10 03:00,1,18.15,7.82,8.59,326.2,4.9,1.8,0.018,0.018,2.834,,,2026-09-10 05:01:45
辽宁省,辽河流域,兴安,2026-09-10 03:00,2,21.13,7.72,6.08,443.2,13.8,1.61,0.006,0.028,2.992,,,2026-09-10 05:01:45
辽宁省,辽河流域,凤鸣电站,2026-09-10 04:00,1,20.6,8.34,10.51,228.06,5.613,1.99,,0.017,3.265,,,2026-09-10 05:01:45
辽宁省,辽河流域,南太子河入库口,2026-09-10 04:00,1,17.83,7.59,8.15,191.5,2.08,0.44,0.009,0.007,4.71,,,2026-09-10 05:01:45
辽宁省,辽河流域,江桥,2026-09-10 04:00,3,21.41,7.17,5.75,158.8,12.32,1.25,,0.015,2.559,,,2026-09-10 05:01:45
辽宁省,辽河流域,蒲石河大桥,2026-09-10 04:00,1,22.08,7.65,8.23,213.75,3.195,1.39,0.03,0.015,2.569,,,2026-09-10 05:01:45
辽宁省,辽河流域,王家沟,2026-09-10 04:00,2,20.19,8.07,7.6,668.93,15.01,1.98,0.008,0.026,5.168,,,2026-09-10 05:01:45
辽宁省,辽河流域,西八千,2026-09-10 03:00,2,19.76,8.54,8.64,658.5,14.33,3.44,0.031,0.032,4.86,,,2026-09-10 05:01:45
辽宁省,辽河流域,张家堡,2026-09-10 04:00,3,20.9,7.98,8.09,736.23,11.586,2.02,0.723,0.051,5.871,,,2026-09-10 05:01:45
辽宁省,辽河流域,女儿河入河口,2026-09-10 04:00,2,21.72,7.98,9.14,978.46,15.13,1.14,,0.037,13.403,,,2026-09-10 05:01:45
辽宁省,辽河流域,何家信子,2026-09-10 04:00,2,19.01,8.07,6.05,473.2,3.99,2.94,,0.026,0.978,,,2026-09-10 05:01:45
辽宁省,辽河流域,西树林,2026-09-10 03:00,3,22.12,7.89,6.54,873.3,24,4.25,0.337,0.154,5.14,,,2026-09-10 05:01:45
辽宁省,辽河流域,高台子,2026-09-10 04:00,6,20.25,7.58,1.51,1183.64,17.191,3.95,,0.1,7.282,,,2026-09-10 05:01:45
辽宁省,辽河流域,茧场,2026-09-10 03:00,1,18.87,8.95,9.41,302.6356,163.0775,1.73,0.008,0.008,6.2441,,,2026-09-10 05:01:45
辽宁省,辽河流域,大清河口,2026-09-10 04:00,3,22.89,8.38,6.75,528,36.738,5.74,0.081,0.068,4.326,,,2026-09-10 05:01:45
辽宁省,辽河流域,东羊角,2026-09-10 04:00,4,18.67,7.48,6.47,719.1,19.2,3.6,0.872,0.214,6.894,,,2026-09-10 05:01:45
辽宁省,辽河流域,河洪桥,2026-09-10 04:00,3,19.1703,7.49,7.16,797.253,16.6289,3.08,0.239,0.122,7.035,,,2026-09-10 05:01:45
辽宁省,辽河流域,下王家,2026-09-10 04:00,3,19.6369,7.35,5.91,629.175,4.04522,1.38,,0.027,5.531,,,2026-09-10 05:01:45
辽宁省,辽河流域,汤河桥,2026-09-10 04:00,2,19.08,7.69,7.53,559.7,4.43563,0.32,0.0002,0.034,3.354,,,2026-09-10 05:01:45
辽宁省,辽河流域,下达河入汤河水库口,2026-09-10 04:00,2,15.4919,7.94,7.28,425.273,2.542,1.55,,0.01,3.841,,,2026-09-10 05:01:45
辽宁省,辽河流域,丁家柳河桥,2026-09-10 04:00,4,20.94,8.18,7.86,600.302,45.133,7.61,0.116,0.128,1.12,,,2026-09-10 05:01:45
辽宁省,辽河流域,盘锦兴安,2026-09-10 04:00,4,20.43,8.11,4.9,542.76,47.66,6.79,,0.141,1.681,,,2026-09-10 05:01:45
辽宁省,辽河流域,曙光大桥,2026-09-10 04:00,3,22.65,7.6,5.45,1000.79,89.23,5.07,0.075,0.138,2.218,,,2026-09-10 05:01:45
辽宁省,辽河流域,胜利塘,2026-09-10 04:00,5,20.79,7.58,2.4,1009.6,54.38,5.67,0.061,0.102,1.331,,,2026-09-10 05:01:45
辽宁省,辽河流域,鲜峰桥,2026-09-10 04:00,4,19.63,8.25,13.89,1067.92,70.315,8.86,,0.181,1.146,,,2026-09-10 05:01:45
辽宁省,辽河流域,清辽,2026-09-10 03:00,2,19.846,7.65,8.28,478.8,36.8,2.77,,0.061,5.355,,,2026-09-10 05:01:45
辽宁省,辽河流域,通江口,2026-09-10 04:00,4,20,8.1,9.57,743.3,63.49,6.43,,0.102,3.795,,,2026-09-10 05:01:45
辽宁省,辽河流域,珠尔山,2026-09-10 03:00,4,19.9,8.19,9.96,511.27,35.94,6.62,,0.103,2.297,,,2026-09-10 05:01:45
辽宁省,辽河流域,柴河水库入库口,2026-09-10 04:00,2,17.82,7.87,8.08,452.99,41.99,3.4,,0.072,6.543,,,2026-09-10 05:01:45
辽宁省,辽河流域,凡河一号桥,2026-09-10 03:00,2,22.36,8.79,9.16,343.3,23,2.59,,0.046,3.5775,,,2026-09-10 05:01:45
辽宁省,辽河流域,松树水文站,2026-09-10 04:00,2,17.63,7.86,8.33,448.9,56.37,3.86,,0.084,8.477,,,2026-09-10 05:01:45
辽宁省,辽河流域,亮子河入河口,2026-09-10 04:00,3,17.51,7.58,5.69,648.16,23.48,5.02,0.071,0.194,3.321,,,2026-09-10 05:01:45
辽宁省,辽河流域,清河水库入库口,2026-09-10 04:00,2,14.17,7.61,8.61,337.9,14.16,1.42,,0.055,7.119,,,2026-09-10 05:01:45
辽宁省,辽河流域,凌鸿大桥,2026-09-10 03:00,2,20.97,8.27,8.4,758.9,20.3,1.62,0.008,0.035,10.839,,,2026-09-10 05:01:45
辽宁省,辽河流域,章吉营,2026-09-10 03:00,2,19.8,8.16,8.45,814.6,12.4,1.61,0.011,0.038,10.27,,,2026-09-10 05:01:45
辽宁省,辽河流域,大凌河西支入河口,2026-09-10 04:00,2,15.1,8.01,8.4,965.41,9.577,1.59,,0.052,20.868,,,2026-09-10 05:01:45
辽宁省,辽河流域,李家湾大桥,2026-09-10 04:00,2,14.3,7.87,8.96,517.7,33.1,1.02,,0.031,4.998,,,2026-09-10 05:01:45
辽宁省,辽河流域,王家窝棚,2026-09-10 03:00,2,18.07,7.48,7.2,515.8,2.4,1.72,0.008,0.062,4.431,,,2026-09-10 05:01:45
辽宁省,辽河流域,红石碑入海前,2026-09-10 04:00,2,21.41,8.16,10.01,1135.156,23.75,3.98,0.058,0.067,3.221,,,2026-09-10 05:01:45
辽宁省,辽河流域,小渔场,2026-09-10 04:00,2,23.5,7.32,6.56,28261.87,2.481,1.64,0.277,0.062,4.181,,,2026-09-10 05:01:45
吉林省,松花江流域,新立城大坝,2026-09-10 03:00,3,22.1225,8.59,5.96,281.775,24.5588,4.74,0.061,0.042,1.126,,,2026-09-10 05:01:45
吉林省,松花江流域,松花江村,2026-09-10 03:00,3,18.94,7.03,8.11,261.04,78.03,4.19,0.09,0.193,4.048,,,2026-09-10 05:01:45
吉林省,松花江流域,靠山南楼,2026-09-10 03:00,4,18.72,8.1,8.79,619.01,51.09,7.14,0.292,0.197,4.526,,,2026-09-10 05:01:45
吉林省,松花江流域,砖瓦窑桥,2026-09-10 04:00,3,15.86,7.64,5.95,528.01,42.28,3.96,0.04,0.14,1.753,,,2026-09-10 05:01:45
吉林省,松花江流域,镇江口,2026-09-10 04:00,3,19.21,7.82,8.72,313.9,87.99,4.63,,0.127,3.79,,,2026-09-10 05:01:45
吉林省,松花江流域,靠山大桥,2026-09-10 04:00,5,17.87,8.22,9.77,770.69,117.2,8.73,0.062,0.312,4.353,,,2026-09-10 05:01:45
吉林省,松花江流域,饮马河大桥,2026-09-10 04:00,2,19.27,7.49,7.12,234.78,39.87,3.59,,0.059,2.3,,,2026-09-10 05:01:45
吉林省,松花江流域,刘珍屯,2026-09-10 04:00,3,18.73,7.55,8.8,487.35,48.82,4.56,0.007,0.169,3.244,,,2026-09-10 05:01:45
吉林省,松花江流域,周家河口,2026-09-10 04:00,5,16.92,7.52,6.58,636.73,199.96,11.55,0.073,0.399,3.193,,,2026-09-10 05:01:45
吉林省,松花江流域,白旗,2026-09-10 04:00,3,18.7944,7.29,7.87,256.952,62.5219,3.93,0.041,0.109,4.7058,,,2026-09-10 05:01:45
吉林省,松花江流域,白山大桥,2026-09-10 04:00,4,17.18,6.81,5.51,110.331,33.894,6.78,,0.053,2.206,,,2026-09-10 05:01:45
吉林省,松花江流域,福兴,2026-09-10 04:00,6,20.25,9.1,13.23,335.646,28.098,5.14,0.014,0.063,3.635,,,2026-09-10 05:01:45
吉林省,松花江流域,桦树林,2026-09-10 04:00,4,18.51,7.46,7.13,169.752,38.176,6.04,0.019,0.065,2.664,0.00513,675840,2026-09-10 05:01:45
吉林省,松花江流域,官厅桥,2026-09-10 04:00,4,19.46,7.3,4.16,371.1,33.682,2.75,0.184,0.088,1.68,,,2026-09-10 05:01:45
吉林省,松花江流域,蛟河口,2026-09-10 04:00,3,14.962,7.44,8.14,293.609,39.242,4.29,0.085,0.058,4.533,,,2026-09-10 05:01:45
吉林省,松花江流域,哨口,2026-09-10 04:00,2,19.3643,7.05,7.75,266.243,49.7889,3.99,0.119,0.099,4.2696,,,2026-09-10 05:01:45
吉林省,松花江流域,肖家船口,2026-09-10 04:00,2,14.3248,6.65,7.23,210.068,2.4645,1.8,0.065,0.044,2.1401,,,2026-09-10 05:01:45
吉林省,松花江流域,烟筒山,2026-09-10 04:00,2,17.45,8.05,8.77,348.845,49.374,2.82,0.068,0.066,4.028,,,2026-09-10 05:01:45
吉林省,辽河流域,四双大桥,2026-09-10 04:00,4,18.89,8.1,9.02,623.12,81.32,6.25,,0.104,2.049,,,2026-09-10 05:01:45
吉林省,辽河流域,城子上,2026-09-10 04:00,2,18.44,7.8,7.48,539.8,10.02,3.22,,0.072,2.981,,,2026-09-10 05:01:45
吉林省,辽河流域,六家子,2026-09-10 04:00,3,16.24,7.85,8.59,727.1,19.2,2.32,0.024,0.119,9.0275,,,2026-09-10 05:01:45
吉林省,辽河流域,林家,2026-09-10 04:00,3,17.9,7.75,8.18,835.3,35.3,4.79,0.028,0.159,9.083,,,2026-09-10 05:01:45
吉林省,辽河流域,河清,2026-09-10 04:00,3,16.84,7.77,5.83,1043.4,10.13,3.8,,0.041,5.988,,,2026-09-10 05:01:45
吉林省,辽河流域,民主,2026-09-10 04:00,2,19.045,8.81,10.54,330.6,20.496,2.61,0.011,0.023,3.199,,,2026-09-10 05:01:45
吉林省,松花江流域,高集岗桥,2026-09-10 04:00,2,18.26,7.87,8.46,286.3,22.767,2.84,0.018,0.041,3.779,,,2026-09-10 05:01:45
吉林省,辽河流域,云峰,2026-09-10 04:00,3,20.946,7.11,5.07,129.193,19.5688,2.18,0.012,0.02,1.759,,,2026-09-10 05:01:45
吉林省,辽河流域,老虎哨,2026-09-10 04:00,2,20.369,7.22,6.29,116.858,18.2788,2.71,0.032,0.013,2.157,,,2026-09-10 05:01:45
吉林省,辽河流域,鸠谷,2026-09-10 04:00,2,12,7.47,9.77,126.3,20.3,2.73,0.148,0.057,1.378,,,2026-09-10 05:01:45
吉林省,辽河流域,葫芦套,2026-09-10 04:00,2,18.24,7.9,8.73,123.387,26.832,2.28,0.013,0.035,1.166,,,2026-09-10 05:01:45
吉林省,辽河流域,大阳岔,2026-09-10 04:00,2,9.74,8.07,7.2,291.25,7.981,0.47,,0.017,1.407,,,2026-09-10 05:01:45
吉林省,松花江流域,松林,2026-09-10 03:00,2,18.14,7.24,8.2,311.59,22.09,3.92,0.061,0.086,3.303,,,2026-09-10 05:01:45
吉林省,松花江流域,白沙滩,2026-09-10 03:00,4,18.89,7.65,8.52,128.25,43.97,7.07,0.146,0.115,1.595,,,2026-09-10 05:01:45
吉林省,松花江流域,月亮湖下,2026-09-10 04:00,4,18.94,8.69,8.53,453.49,134.71,6.78,,0.058,1.189,,,2026-09-10 05:01:45
吉林省,松花江流域,圈河,2026-09-10 04:00,3,17.742,7.62,9.1,120.821,109.289,4.06,0.092,0.085,,,,2026-09-10 05:01:45
吉林省,松花江流域,大山,2026-09-10 04:00,3,18.77,8.12,9.04,152.145,40.977,5.52,0.044,0.086,1.663,,,2026-09-10 05:01:45
吉林省,松花江流域,崇善,2026-09-10 04:00,3,10.52,7.18,11.2,90.455,27.91,5.69,0.033,0.092,0.952,,,2026-09-10 05:01:45
吉林省,松花江流域,榆树川,2026-09-10 04:00,2,16.5,7.9,8.44,209.407,23.307,2.79,0.02,0.037,1.808,,,2026-09-10 05:01:45
吉林省,松花江流域,石井,2026-09-10 04:00,3,15.86,7.78,9.05,252.852,102.648,4.07,0.116,0.133,2.46,,,2026-09-10 05:01:45
吉林省,松花江流域,三家子,2026-09-10 04:00,3,18,7.4,9,100.394,46.485,4.37,0.023,0.093,1.373,,,2026-09-10 05:01:45
吉林省,松花江流域,建封路大桥,2026-09-10 04:00,2,9.76,7.65,10.24,206.087,13.054,1.02,0.011,0.07,0.738,,,2026-09-10 05:01:45
黑龙江省,松花江流域,苗家,2026-09-10 04:00,3,19.3,7.81,9.06,201.5,47.2,4.26,0.02,0.152,2.206,,,2026-09-10 05:01:45
黑龙江省,松花江流域,磨盘山水库出口,2026-09-10 04:00,2,21.253,6.75,7.15,69.829,4.53,,0.022,0.02,1.994,0.0038,20480,2026-09-10 05:01:45
黑龙江省,松花江流域,朱顺屯,2026-09-10 04:00,4,21.259,7.78,6.62,244.066,83.0952,6.95,0.052,0.147,1.801,,,2026-09-10 05:01:45
黑龙江省,松花江流域,阿什河口内,2026-09-10 04:00,5,18.999,7.08,3.1,675.37,36.87,4.6,1.582,0.138,5.866,,,2026-09-10 05:01:45
黑龙江省,松花江流域,呼兰河口内,2026-09-10 03:00,5,16.69,7.39,9.6,185.53,390.81,13.12,0.483,0.35,3.559,,,2026-09-10 05:01:45
黑龙江省,松花江流域,大顶子山,2026-09-10 04:00,3,20.8207,7.59,7.15,245.44,47.3209,5.36,0.058,0.12,3.658,,,2026-09-10 05:01:45
黑龙江省,松花江流域,拉哈,2026-09-10 04:00,4,18.86,7.68,7.62,111.948,45.78,8.4,,0.092,1.381,,,2026-09-10 05:01:45
黑龙江省,松花江流域,查哈阳乡,2026-09-10 04:00,3,15.3,7.46,9.4,89.9,33.3,5.44,,0.04,0.531,,,2026-09-10 05:01:45
黑龙江省,松花江流域,音河水库,2026-09-10 04:00,3,19.07,7.71,8.06,225.01,143.74,4.85,,0.108,3.277,,,2026-09-10 05:01:45
黑龙江省,松花江流域,浏园,2026-09-10 04:00,4,18.15,7.4,8.36,119.2,75.9,8.43,,0.088,2.364,,,2026-09-10 05:01:45
黑龙江省,松花江流域,富源村,2026-09-10 04:00,4,18.5,7.67,8.06,112.58,37.57,7.9,0.016,0.079,0.788,,,2026-09-10 05:01:45
黑龙江省,松花江流域,泄洪1闸,2026-09-10 04:00,3,17.256,8.17,9.49,259.596,108.764,4.9,,0.04,1.166,0.017,15808,2026-09-10 05:01:45
黑龙江省,松花江流域,858九队,2026-09-10 04:00,4,21.17,8.89,8.81,129.8,21.0055,6.32,0.188,0.184,1.2444,,,2026-09-10 05:01:45
黑龙江省,松花江流域,名山,2026-09-10 04:00,5,16.754,7.61,8.94,117.787,31.056,10.56,0.049,0.034,0.645,,,2026-09-10 05:01:45
黑龙江省,松花江流域,饶河上,2026-09-10 04:00,5,18.55,6.74,5.69,67.3,16.105,10.77,0.008,0.061,0.907,,,2026-09-10 05:01:45
黑龙江省,松花江流域,肇源,2026-09-10 04:00,4,19.47,7.99,8.31,300.35,43.94,7.53,0.172,0.163,1.307,,,2026-09-10 05:01:45
黑龙江省,松花江流域,嫩江口内,2026-09-10 04:00,4,19.45,7.86,8.49,194.515,100.756,6.65,,0.108,1.795,,,2026-09-10 05:01:45
黑龙江省,松花江流域,友好,2026-09-10 04:00,6,12.29,6.88,9.68,70.214,23.276,20.58,0.023,0.063,1.626,,,2026-09-10 05:01:45
黑龙江省,松花江流域,嘉荫,2026-09-10 04:00,5,16.12,7.34,8.83,112.016,19.426,11.32,0.03,0.055,1.007,,,2026-09-10 05:01:45
黑龙江省,松花江流域,双河渠首,2026-09-10 04:00,-1,,,,,,,,,,,,2026-09-10 05:01:45
黑龙江省,松花江流域,三岔口,2026-09-10 04:00,4,17.49,7.32,8.62,124.252,58.958,9.63,0.104,0.095,1.527,,,2026-09-10 05:01:45
黑龙江省,松花江流域,海浪,2026-09-10 04:00,3,17.15,7.37,9.72,129.6,66.36,5.96,0.044,0.099,3.236,,,2026-09-10 05:01:45
黑龙江省,松花江流域,三道,2026-09-10 04:00,5,22.6,7.21,5.81,119.57,116.65,5.46,0.06,0.127,3.552,0.053467,29824,2026-09-10 05:01:45
黑龙江省,松花江流域,电视塔,2026-09-10 04:00,5,22.21,7.03,5.54,102.1,64.924,7.98,0.038,0.113,2.523,0.00259,15936,2026-09-10 05:01:45
黑龙江省,松花江流域,海浪河口内,2026-09-10 04:00,2,15.57,6.76,9.19,115,43.19,3.94,0.037,0.024,2.359,,,2026-09-10 05:01:45
黑龙江省,松花江流域,黑河下,2026-09-10 04:00,4,14.92,7.61,8.71,143.86,26.726,9.11,0.018,0.052,0.5586,,,2026-09-10 05:01:45
黑龙江省,松花江流域,呼玛上,2026-09-10 03:00,4,15.289,7.46,9.44,145.139,26.153,8.71,0.054,0.082,1.172,,,2026-09-10 05:01:45
黑龙江省,松花江流域,呼玛河口内,2026-09-10 04:00,4,14.4,7.38,9.27,72.59,2.3,6.77,,0.026,0.206,,,2026-09-10 05:01:45
黑龙江省,松花江流域,加格达奇上,2026-09-10 04:00,3,11.44,6.92,9.36,64.009,9.7894,5.09,,0.015,0.262,,,2026-09-10 05:01:45
上海市,长江流域,富锦路桥,2026-09-10 04:00,3,28.3,7.68,5.01,565.2,65.4,3.26,0.02,0.142,2.459,,,2026-09-10 05:01:45
上海市,太湖流域,明星路桥,2026-09-10 03:00,3,26.58,7.37,5.54,414.2319,89.54128,3.83,0.089,0.122,1.22777,,,2026-09-10 05:01:45
上海市,太湖流域,临江,2026-09-10 04:00,4,28.05,7.51,4.45,379.19,58.62,3.02,0.03,0.12,1.573,,,2026-09-10 05:01:45
上海市,太湖流域,浙江路桥,2026-09-10 03:00,4,28.225,7.45,4.03,447.548,37.603,3.5,0.018,0.182,2.699,,,2026-09-10 05:01:45
上海市,太湖流域,闵行西界,2026-09-10 04:00,4,28.48,7.42,4.06,362.76,33.46,3.15,,0.098,1.482,,,2026-09-10 05:01:45
上海市,太湖流域,吴淞口,2026-09-10 04:00,3,28.264,7.81,5.98,414.646,61.521,2.24,0.001,0.112,1.973,,,2026-09-10 05:01:45
上海市,太湖流域,蕴川路桥,2026-09-10 04:00,3,26.16,7.79,5.89,489.54,71.1,3.03,,0.134,2.278,,,2026-09-10 05:01:45
上海市,太湖流域,黄渡,2026-09-10 03:00,3,27.38,7.62,5.17,541.5,55.23,3.57,0.146,0.133,1.65,,,2026-09-10 05:01:45
上海市,太湖流域,三甲港,2026-09-10 04:00,2,27.66,8.02,7.41,380.6,52.05,2.5,0.097,0.096,1.949,,,2026-09-10 05:01:45
上海市,太湖流域,二团,2026-09-10 03:00,3,27.75,7.72,5.39,470.36,32.3,2.6,0.019,0.126,1.767,,,2026-09-10 05:01:45
上海市,太湖流域,横潦泾,2026-09-10 03:00,4,27.82,7.39,4.28,368.76,68.53,3.59,,0.109,,,,2026-09-10 05:01:45
上海市,太湖流域,斜塘口,2026-09-10 03:00,4,28.22,7.43,4.23,356.89,52.89,3.75,0.001,0.058,1.558,,,2026-09-10 05:01:45
上海市,太湖流域,急水港桥,2026-09-10 04:00,4,26.53,7.53,4.01,420.7,27.4,3.38,0.037,0.081,1.15,0.0081,3457828,2026-09-10 05:01:45
上海市,太湖流域,淀峰,2026-09-10 03:00,3,26.65,7.82,6.26,390.38,69.18,4.48,0.006,0.146,1.379,,,2026-09-10 05:01:45
上海市,太湖流域,太浦河桥,2026-09-10 03:00,4,27.28,7.47,4.26,344.08,47.51,3.4,0.044,0.067,1.169,,,2026-09-10 05:01:45
上海市,太湖流域,钱桥,2026-09-10 03:00,4,27.1,7.58,4.97,380.2,43.1,2.35,0.024,0.109,1.456,,,2026-09-10 05:01:45
上海市,长江流域,五效,2026-09-10 03:00,2,27.89,8.01,7.18,364.57,34.83,1.55,,0.044,1.292,,,2026-09-10 05:01:45
江苏省,长江流域,陈浅,2026-09-10 04:00,5,24.92,7.32,2.12,411.3,24.72,3.31,0.038,0.065,1.658,,,2026-09-10 05:01:45
江苏省,长江流域,七桥瓮,2026-09-10 04:00,3,27.53,7.79,5.36,337.31,32.88,2.8,0.077,0.093,1.651,,,2026-09-10 05:01:45
江苏省,长江流域,节制闸,2026-09-10 04:00,2,26.51,7.73,6.68,290.49,29.55,2.31,0.034,0.069,1.598,,,2026-09-10 05:01:45
江苏省,长江流域,钱家渡,2026-09-10 04:00,2,27.89,8,7,269.72,33.91,3.61,,0.057,,,,2026-09-10 05:01:45
江苏省,太湖流域,锡东水厂,2026-09-10 04:00,3,25.61,8.71,8.52,378.13,22.43,2.53,0.049,0.039,0.948,0.02024,2534260,2026-09-10 05:01:45
江苏省,太湖流域,蠡桥,2026-09-10 04:00,2,26.61,7.85,6.66,388.14,32.95,2.43,0.15,0.053,0.563,,,2026-09-10 05:01:45
江苏省,太湖流域,百渎港桥,2026-09-10 04:00,4,28.07,7.46,3.86,494.5,39.89,4.08,0.007,0.126,1.805,,,2026-09-10 05:01:45
江苏省,太湖流域,殷村港桥,2026-09-10 03:00,4,26.77,7.36,4.48,378.49,33.85,4.26,0.049,0.091,0.814,,,2026-09-10 05:01:45
江苏省,太湖流域,大浦港桥,2026-09-10 04:00,3,27.56,7.62,5.92,382.1,60,4.17,0.067,0.112,1.754,,,2026-09-10 05:01:45
江苏省,太湖流域,五牧,2026-09-10 04:00,3,27.4,7.16,5.55,382.69,44.07,2.66,0.095,0.124,2.532,,,2026-09-10 05:01:45
江苏省,太湖流域,拖山,2026-09-10 04:00,4,26.18,,7.8,367.71,72.19,5.77,,0.083,0.883,0.00231,2.089416,2026-09-10 05:01:45
江苏省,太湖流域,五里湖心,2026-09-10 04:00,5,26.8,8.16,6.8,389.94,38.60023,4.03,,0.115,0.421,0.00485,2.105479,2026-09-10 05:01:45
江苏省,太湖流域,金潼桥,2026-09-10 04:00,2,28.52,7.92,7.96,317,32.76,1.85,0.055,0.065,1.963,,,2026-09-10 05:01:45
江苏省,太湖流域,大港桥,2026-09-10 04:00,3,25.1,6.57,5.77,137.21,4.62,2.31,0.04,0.028,2.21,,,2026-09-10 05:01:45
江苏省,太湖流域,潘家坝,2026-09-10 04:00,3,28.09,7.42,5.44,390.12,45.58,4.09,,0.11,1.794,,,2026-09-10 05:01:45
江苏省,太湖流域,长济桥,2026-09-10 04:00,2,27.66,7.95,6.88,305.3,17.94,1.6,0.006,0.063,1.933,,,2026-09-10 05:01:45
江苏省,太湖流域,钓邾大桥,2026-09-10 04:00,2,27.09,7.98,6.32,389.89,142.2,2.73,0.109,0.07,1.146,,,2026-09-10 05:01:45
江苏省,长江流域,小湾,2026-09-10 04:00,2,27.76,7.91,6.71,299.74,23.91,1.54,,0.063,1.879,,,2026-09-10 05:01:45
江苏省,淮河流域,李庄,2026-09-10 04:00,3,26.73,7.87,5.61,603.1,13.3,4.98,0.176,0.135,2.439,,,2026-09-10 05:01:45
江苏省,淮河流域,蔺家坝,2026-09-10 03:00,4,26.87,7.66,3.01,1427.5,56.5,5.55,0.036,0.097,1.128,,,2026-09-10 05:01:45
江苏省,淮河流域,李集桥,2026-09-10 03:00,4,26.27,8.18,4.78,1332.3,14.93,4.76,0.115,0.058,0.836,,,2026-09-10 05:01:45
江苏省,淮河流域,华山闸,2026-09-10 04:00,4,25.98,8.32,4.84,1172.8,10.43,5.46,0.035,0.07,0.9,,,2026-09-10 05:01:45
江苏省,淮河流域,沙庄桥,2026-09-10 04:00,4,26.96,7.99,4.46,1198.6,23.6,7.04,0.166,0.117,1.782,,,2026-09-10 05:01:45
江苏省,淮河流域,张楼,2026-09-10 03:00,3,26.697,7.96,6.19,1248.044,15.507,4.34,0.179,0.072,1.07,,,2026-09-10 05:01:45
江苏省,淮河流域,沙集西闸,2026-09-10 03:00,4,26.15,7.51,3.67,755.64,29.06,3.44,0.143,0.122,1.07,,,2026-09-10 05:01:45
江苏省,淮河流域,艾山西大桥,2026-09-10 04:00,4,23.12,8.13,8.1,885.518,21.468,6.59,0.071,0.108,,,,2026-09-10 05:01:45
江苏省,淮河流域,下楼公路桥,2026-09-10 04:00,3,24.93,7.45,7.1,1070.65,13.57,5.06,0.125,0.094,0.9462,,,2026-09-10 05:01:45
江苏省,长江流域,魏村,2026-09-10 04:00,2,27.64,7.8,6.46,301.88,26.19,1.34,,0.07,1.957,,,2026-09-10 05:01:45
江苏省,太湖流域,姚巷桥,2026-09-10 04:00,5,28.28,7.79,2.9,344.45,10.33,4.06,0.041,0.109,2.22,,,2026-09-10 05:01:45
江苏省,太湖流域,黄埝桥,2026-09-10 04:00,3,27.08,7.81,6.14,344.2,51.26,2.05,0.048,0.102,1.943,,,2026-09-10 05:01:45
江苏省,太湖流域,落蓬湾,2026-09-10 04:00,3,28.78,7.58,5.88,268.7,39.8,3.64,0.03,0.066,1.406,,,2026-09-10 05:01:45
江苏省,太湖流域,九号桥,2026-09-10 04:00,2,27.32,7.9,7.01,300,53.7,1.57,0.011,0.063,1.759,,,2026-09-10 05:01:45
江苏省,太湖流域,胥湖心,2026-09-10 04:00,1,25.52,8.88,7.73,325.41,8.08,1.7,,0.01,0.143,0.0006,331049.3,2026-09-10 05:01:45
江苏省,太湖流域,乌龟山南,2026-09-10 04:00,4,25.84,8.86,8.27,370.002,61.7,4.21,,0.057,0.672,0.00312,1.61848,2026-09-10 05:01:45
江苏省,太湖流域,望亭上游,2026-09-10 04:00,3,27.42,7.57,6.12,523.06,94.11,3.48,0.121,0.135,2.828,,,2026-09-10 05:01:45
江苏省,太湖流域,千灯浦口,2026-09-10 04:00,3,26.24,7.56,5.32,482.432,43.182,3.79,0.036,0.132,0.8611,,,2026-09-10 05:01:45
江苏省,太湖流域,朱厍港口,2026-09-10 04:00,4,25.8,7.35,4.73,441,60.6,3.35,,0.103,0.949,,,2026-09-10 05:01:45
江苏省,太湖流域,浏河闸,2026-09-10 04:00,4,28.19,7.62,3.42,550.579,34.318,3.14,0.006,0.134,1.9823,,,2026-09-10 05:01:45
江苏省,太湖流域,江边闸,2026-09-10 04:00,2,26.85,8.23,7.14,421.5,37.44,2.81,,0.076,1.031,,,2026-09-10 05:01:45
江苏省,太湖流域,瓜泾口西,2026-09-10 04:00,3,27.98,8.75,6.6,350.8,12.12,5.08,,0.047,0.733,,,2026-09-10 05:01:45
江苏省,太湖流域,航管站,2026-09-10 04:00,2,27.75,8.97,7.8,364.59,9.23,3.08,,0.029,0.321,,,2026-09-10 05:01:45
江苏省,太湖流域,越溪桥,2026-09-10 04:00,5,26.47,7.31,2.8,501.4,40.5,3.86,0.38,0.102,2.819,,,2026-09-10 05:01:45
江苏省,太湖流域,312国道桥,2026-09-10 03:00,2,25.59,8.84,7.8,359.86,27.53,3.46,0.013,0.038,0.519,,,2026-09-10 05:01:45
江苏省,太湖流域,赵屯,2026-09-10 04:00,3,27,7.6,5.54,746.703,47.442,3.39,0.019,0.133,2.4742,,,2026-09-10 05:01:45
江苏省,淮河流域,东安闸桥西,2026-09-10 04:00,4,27.63,7.46,4.45,850.2,32.13,4.04,,0.176,1.772,,,2026-09-10 05:01:45
江苏省,长江流域,九圩港桥,2026-09-10 04:00,2,27.16,7.86,6.3,318.2,37.37,1.64,0.013,0.073,1.261,,,2026-09-10 05:01:45
江苏省,长江流域,碾砣港闸,2026-09-10 04:00,2,27.16,7.97,6.95,318.3,66.98,1.51,0.012,0.076,1.991,,,2026-09-10 05:01:45
江苏省,长江流域,聚南大桥,2026-09-10 04:00,3,28.56,7.81,6.08,990.3,8.76,3.66,0.057,0.101,0.929,,,2026-09-10 05:01:45
江苏省,长江流域,大洋港桥,2026-09-10 04:00,4,27.42,7.61,4.19,586.8,32.2,3.21,0.167,0.207,2.279,,,2026-09-10 05:01:45
江苏省,长江流域,塘芦港闸,2026-09-10 04:00,4,28.25,7.62,3.46,2073.18,12.858,4.24,0.168,0.187,1.519,,,2026-09-10 05:01:45
江苏省,淮河流域,小洋口,2026-09-10 04:00,4,25.63,7.89,8.76,1088.2,24.18,6.95,0.066,0.249,0.911,,,2026-09-10 05:01:45
江苏省,淮河流域,环东闸口,2026-09-10 04:00,4,27.48,7.58,3.4,1031.5,40,4.96,0.171,0.266,2.268,,,2026-09-10 05:01:45
江苏省,淮河流域,北凌新闸,2026-09-10 04:00,5,26.05,8.44,13.05,1568.6,22.1,7.48,0.028,0.314,1.95,,,2026-09-10 05:01:45
江苏省,淮河流域,新浦大桥,2026-09-10 03:00,3,25.501,8.26,8.04,726.699,15.992,3.92,0.008,0.108,0.887,,,2026-09-10 05:01:45
江苏省,淮河流域,柴米河桥,2026-09-10 03:00,3,25.4,7.43,7.46,717.81,11.67,4.85,0.127,0.115,1.427,,,2026-09-10 05:01:45
江苏省,淮河流域,善后河闸,2026-09-10 03:00,4,26.453,7.83,5.09,740.468,53.022,3.33,0.051,0.233,1.731,,,2026-09-10 05:01:45
江苏省,淮河流域,灌河大桥,2026-09-10 03:00,4,26.63,7.54,4.42,695.8,152.8,5.94,0.115,0.246,2.426,,,2026-09-10 05:01:45
江苏省,淮河流域,新村桥,2026-09-10 03:00,3,25.717,7.69,6.16,625.62,21.18,4.21,0.058,0.13,3.107,,,2026-09-10 05:01:45
江苏省,淮河流域,沭南闸,2026-09-10 03:00,4,24.626,8.14,7.29,757.5,36.31,6.59,0.03,0.002,1.603,,,2026-09-10 05:01:45
江苏省,淮河流域,袁闸,2026-09-10 03:00,4,33.22,7.56,3.98,558.15,77.14,4.02,0.046,0.09,1.705,,,2026-09-10 05:01:45
江苏省,淮河流域,墩尚水漫桥,2026-09-10 03:00,5,25.576,7.85,2.93,601.636,11.481,7.06,0.042,0.07,1.563,,,2026-09-10 05:01:45
江苏省,淮河流域,烧香北闸,2026-09-10 03:00,3,24.638,8.91,10.99,5962.73,41.61,5.65,0.027,0.13,2.581,,,2026-09-10 05:01:45
江苏省,淮河流域,大浦闸,2026-09-10 03:00,3,25.609,7.56,9.01,1050.25,59,3.77,0.081,0.104,6.073,,,2026-09-10 05:01:45
江苏省,淮河流域,大板跳闸,2026-09-10 03:00,3,24.533,8.06,9.51,3558.44,45.33,4.93,0.009,0.037,5.991,,,2026-09-10 05:01:45
江苏省,淮河流域,海头大桥,2026-09-10 03:00,4,23.77,8.65,6.84,615.25,34.72,6.51,0.049,0.192,1.093,,,2026-09-10 05:01:45
江苏省,淮河流域,坝头桥,2026-09-10 03:00,3,24.463,8.23,6.85,469.36,16.63,5.68,0.036,0.066,1.229,,,2026-09-10 05:01:45
江苏省,淮河流域,郑园桥,2026-09-10 03:00,3,25.265,7.82,10.97,715.724,31.602,4.5,0.085,0.113,1.594,,,2026-09-10 05:01:45
江苏省,淮河流域,四队桥,2026-09-10 03:00,4,26.11,7.54,3.16,692.73,65.88,4.86,0.069,0.135,3.016,,,2026-09-10 05:01:45
江苏省,淮河流域,新浦二桥,2026-09-10 03:00,3,25.086,7.68,6.19,813.818,22.5,3.8,0.03,0.102,2.44,,,2026-09-10 05:01:45
江苏省,淮河流域,淮河大桥,2026-09-10 03:00,3,27.22,8.07,7.88,428.96,31.69,4.24,0.085,0.09,1.85,,,2026-09-10 05:01:45
江苏省,淮河流域,五叉河口,2026-09-10 03:00,2,25.32,8.54,7.41,497.068,71.917,3.45,0.124,0.058,2.008,,,2026-09-10 05:01:45
江苏省,淮河流域,戴楼衡阳,2026-09-10 03:00,3,26.28,8.68,8.61,408.54,7.1,4.04,0.046,0.051,1.379,0.02138,,2026-09-10 05:01:45
江苏省,淮河流域,总渠苏嘴,2026-09-10 04:00,2,22.62,7.73,6.25,429.72,167.89,3.24,0.068,0.097,1.734,,,2026-09-10 05:01:45
江苏省,淮河流域,唐曹,2026-09-10 04:00,4,23.66,7.47,4.86,455.7,100.18,5.21,0.247,0.15,0.531,,,2026-09-10 05:01:45
江苏省,淮河流域,新洋港闸,2026-09-10 03:00,4,26.75,7.64,3.38,830.24,22.83,4.45,0.031,0.161,2.506,,,2026-09-10 05:01:45
江苏省,淮河流域,富民桥,2026-09-10 03:00,4,26.31,7.26,3.03,704.08,28.01,4.47,0.084,0.16,1.786,,,2026-09-10 05:01:45
江苏省,淮河流域,龙冈凤凰桥,2026-09-10 03:00,4,27.09,7.37,3.51,603.7,21.94,4.71,0.113,0.089,1.565,,,2026-09-10 05:01:45
江苏省,淮河流域,六垛闸,2026-09-10 03:00,3,27.217,7.83,6.99,492.89,49.19,3.87,0.025,0.111,2.317,,,2026-09-10 05:01:45
江苏省,淮河流域,泰东大桥,2026-09-10 03:00,2,27.01,7.78,6,395.34,11.36,2.43,0.048,0.093,1.344,,,2026-09-10 05:01:45
江苏省,淮河流域,城北大桥,2026-09-10 03:00,5,26.803,7.38,2.62,662.83,24.18,5.6,0.274,0.164,1.808,,,2026-09-10 05:01:45
江苏省,淮河流域,草堰大桥,2026-09-10 03:00,4,27.079,7.44,3.55,553.77,46.977,4.66,0.037,0.165,2.264,,,2026-09-10 05:01:45
江苏省,淮河流域,射阳河闸,2026-09-10 03:00,3,26.62,7.66,6.17,1155.12,29.53,4.88,0.128,0.117,1.7,,,2026-09-10 05:01:45
江苏省,淮河流域,黄沙港闸,2026-09-10 03:00,5,26.39,7.48,2.56,786.2,23.31,5.15,0.025,0.166,2.015,,,2026-09-10 05:01:45
江苏省,淮河流域,斗龙港闸,2026-09-10 03:00,6,25.556,7.25,0.39,827.063,33.441,5.68,0.015,0.185,2.643,,,2026-09-10 05:01:45
江苏省,淮河流域,川东闸,2026-09-10 03:00,6,26.77,7.5,2.08,1731.88,11.54,6.62,0.735,0.451,4.065,,,2026-09-10 05:01:45
江苏省,淮河流域,头罾闸,2026-09-10 03:00,3,25.64,8.17,5.98,500.23,27.72,3.37,0.021,0.103,1.771,,,2026-09-10 05:01:45
江苏省,淮河流域,王港闸,2026-09-10 03:00,4,25.6,7.3,3.28,1488.24,29.07,5.82,0.136,0.284,2.041,,,2026-09-10 05:01:45
江苏省,长江流域,三江营,2026-09-10 04:00,2,27.41,7.96,7.39,304.9,85.8,1.78,,0.063,1.701,,,2026-09-10 05:01:45
江苏省,淮河流域,槐泗河口,2026-09-10 04:00,2,26.56,8.14,6.87,456.8,44.81,3.31,0.026,0.089,1.784,,,2026-09-10 05:01:45
江苏省,淮河流域,大运河船闸,2026-09-10 04:00,3,25.71,7.81,6,437.4,105.1,4.12,0.077,0.118,2.183,,,2026-09-10 05:01:45
江苏省,淮河流域,三垛西大桥,2026-09-10 03:00,4,26.62,7.21,3.43,622.5,51.3,5.29,0.177,0.144,2.265,,,2026-09-10 05:01:45
江苏省,长江流域,冻青桥,2026-09-10 04:00,3,26.55,7.87,5.61,454.6,66.98,4.18,0.082,0.144,1.791,,,2026-09-10 05:01:45
江苏省,长江流域,小河口上游,2026-09-10 04:00,2,27.46,7.9,6.91,286.1,58.91,1.75,0.053,0.081,1.688,,,2026-09-10 05:01:45
江苏省,淮河流域,曹庄桥,2026-09-10 04:00,3,27.15,7.71,5.54,394.5,41.07,2.78,,0.091,1.507,,,2026-09-10 05:01:45
江苏省,太湖流域,辛丰镇,2026-09-10 04:00,2,27.47,7.86,6.21,312.8,33.65,1.73,0.021,0.079,1.687,,,2026-09-10 05:01:45
江苏省,太湖流域,林家闸,2026-09-10 04:00,2,27.57,7.9,6.95,298.9,22.56,2.18,,0.099,2.1139,,,2026-09-10 05:01:45
江苏省,长江流域,新河桥,2026-09-10 04:00,2,27.94,8.24,8.25,298.9,12.94,2.55,0.047,0.062,0.859,,,2026-09-10 05:01:45
江苏省,太湖流域,新港桥,2026-09-10 04:00,2,26.78,7.79,6.59,318,30,2.58,0.024,0.034,0.903,,,2026-09-10 05:01:45
江苏省,太湖流域,吕城,2026-09-10 04:00,3,27.68,7.7,5.96,318.59,32.43,2.24,,0.112,2.021,,,2026-09-10 05:01:45
江苏省,淮河流域,海陵大桥,2026-09-10 04:00,2,27.31,7.9,6.78,302.2,28.15,1.75,0.013,0.067,1.809,,,2026-09-10 05:01:45
江苏省,长江流域,马甸闸西,2026-09-10 04:00,2,27.56,7.65,6.64,356,26.36,1.6,0.01,0.056,2.025,,,2026-09-10 05:01:45
江苏省,长江流域,祥和大桥,2026-09-10 04:00,3,26.66,7.56,5.27,522.3,21.33,3.07,0.309,0.141,1.652,,,2026-09-10 05:01:45
江苏省,长江流域,新十圩港大桥,2026-09-10 04:00,3,27.04,7.78,6.36,317.5,31.84,3.38,0.107,0.156,1.95,,,2026-09-10 05:01:45
江苏省,长江流域,夏仕港大桥,2026-09-10 03:00,2,27.38,7.79,6.5,289.55,43.63,1.53,0.023,0.063,1.947,,,2026-09-10 05:01:45
江苏省,淮河流域,马陵翻水站,2026-09-10 03:00,2,25.75,8,6.6,518.45,53.99,2.87,0.065,0.061,1.732,,,2026-09-10 05:01:45
江苏省,淮河流域,临淮乡入湖口,2026-09-10 04:00,3,26.56,8.02,6.06,696.9,21.22,5.64,0.116,0.057,0.938,,,2026-09-10 05:01:45
江苏省,淮河流域,砖瓦厂,2026-09-10 04:00,3,25.28,8.43,7.18,765.2,52.81,5.09,0.016,0.153,0.656,,,2026-09-10 05:01:45
江苏省,淮河流域,顾勒大桥,2026-09-10 03:00,3,25.04,7.94,6.27,678.72,77.56,4.31,0.132,0.084,0.963,,,2026-09-10 05:01:45
江苏省,淮河流域,团结闸,2026-09-10 04:00,4,26.41,8.72,7.94,1481.7,13.36,7.19,0.011,0.055,0.977,,,2026-09-10 05:01:45
江苏省,淮河流域,大屈,2026-09-10 04:00,4,25.25,8.18,8.01,899.84,14.857,6.23,0.07,0.113,1.019,,,2026-09-10 05:01:45
浙江省,浙闽片河流,小金山,2026-09-10 04:00,2,29.33,8.91,7.78,136.83,2.688,2,0.006,0.015,0.731,,,2026-09-10 05:01:45
浙江省,浙闽片河流,三潭岛,2026-09-10 04:00,1,28.63,,7.76,119.009,2.446,1.44,0.001,0.01,0.5749,,,2026-09-10 05:01:45
浙江省,浙闽片河流,千岛湖大坝前,2026-09-10 04:00,1,29.95,8.85,7.76,128.232,1.946,1.57,0.024,0.009,0.6328,,,2026-09-10 05:01:45
浙江省,太湖流域,汪家埠,2026-09-10 03:00,2,26.22,7.5,6.92,288.28,5.71,2.89,0.154,0.069,2.502,,,2026-09-10 05:01:45
浙江省,太湖流域,奉口,2026-09-10 03:00,2,21.68,6.74,9.31,,8.06,1.97,0.005,0.077,2.679,,,2026-09-10 05:01:45
浙江省,浙闽片河流,桐君山,2026-09-10 03:00,2,26.81,7.69,9.13,134.64,25.02,1.03,0.02,0.044,1.63,,,2026-09-10 05:01:45
浙江省,浙闽片河流,洋溪渡,2026-09-10 04:00,2,19.55,7.13,6.14,158.773,3.205,0.9,0.008,0.015,0.8652,,,2026-09-10 05:01:45
浙江省,浙闽片河流,浦阳江出口,2026-09-10 03:00,2,26.43,7.44,6.35,170.3,17.25,1.66,0.037,0.056,1.577,,,2026-09-10 05:01:45
浙江省,太湖流域,五杭运河大桥,2026-09-10 03:00,4,28.2,7.1,3.36,335.4,23.02,3.36,0.215,0.094,2.463,,,2026-09-10 05:01:45
浙江省,浙闽片河流,桐庐,2026-09-10 04:00,2,25.58,7.27,6.52,204.8,7.7,1.65,,0.073,1.879,,,2026-09-10 05:01:45
浙江省,浙闽片河流,街口,2026-09-10 03:00,2,29.5,8.3,8.6,169.82,0.94,2.02,0.01,0.036,0.821,,,2026-09-10 05:01:45
浙江省,浙闽片河流,溪口,2026-09-10 03:00,2,24.64,6.34,7.14,77.59,6.83,0.74,0.016,0.02,1.726,,,2026-09-10 05:01:45
浙江省,浙闽片河流,清林渡,2026-09-10 04:00,5,28.356,6.99,2.02,287.52,31.438,3.17,0.026,0.147,2.78,,,2026-09-10 05:01:45
浙江省,浙闽片河流,水车,2026-09-10 04:00,2,26.271,7.24,7.09,151.392,12.986,1.87,0.037,0.034,1.081,,,2026-09-10 05:01:45
浙江省,浙闽片河流,大嵩,2026-09-10 03:00,3,27.88,6.92,5.18,127.75,16.68,1.46,0.041,0.058,1.611,,,2026-09-10 05:01:45
浙江省,浙闽片河流,北湖中心,2026-09-10 03:00,3,26,6.62,5.9,91.15,46.36,3.29,0.06,0.046,0.949,0.00569,485052.6,2026-09-10 05:01:45
浙江省,浙闽片河流,长汀,2026-09-10 03:00,2,26.37,7.53,9.36,123.79,6.27,1.19,,0.041,1.567,,,2026-09-10 05:01:45
浙江省,浙闽片河流,菁江渡,2026-09-10 03:00,4,28.34,6.91,4.79,191.11,26.42,4.92,0.113,0.082,2.337,,,2026-09-10 05:01:45
浙江省,浙闽片河流,梁桥,2026-09-10 04:00,2,25.12,6.87,7.39,62.89,9.19,1.15,0.02,0.037,1.436,,,2026-09-10 05:01:45
浙江省,浙闽片河流,四灶浦闸,2026-09-10 03:00,3,26.1,8.34,5.82,4388.98,8.18,,0.005,0.048,0.832,,,2026-09-10 05:01:45
浙江省,浙闽片河流,赵山渡,2026-09-10 03:00,1,23.17,6.68,7.66,37.45,16.63,1.09,0.013,0.015,0.615,,,2026-09-10 05:01:45
浙江省,浙闽片河流,小旦,2026-09-10 03:00,2,24.6,6.93,6.28,52.81,3.05,1.29,0.014,0.043,0.875,,,2026-09-10 05:01:45
浙江省,浙闽片河流,龙湾,2026-09-10 03:00,2,26.09,8.09,6.58,4671,647.9,1.23,0.181,0.046,1.23,,,2026-09-10 05:01:45
浙江省,浙闽片河流,大荆,2026-09-10 03:00,1,26.16,7.18,8.23,121.9,4.8,0.81,0.012,0.017,0.713,,,2026-09-10 05:01:45
浙江省,浙闽片河流,蒲岐,2026-09-10 03:00,2,27.82,7.35,7.58,110,13.6,2.66,0.105,0.074,1.416,,,2026-09-10 05:01:45
浙江省,浙闽片河流,清水埠,2026-09-10 03:00,2,26.61,7.29,6.61,71.89,109.21,1.95,,0.018,1.001,,,2026-09-10 05:01:45
浙江省,浙闽片河流,江口渡,2026-09-10 03:00,2,26.73,7.93,8.59,16090,552.6,0.98,0.199,0.086,1.76,,,2026-09-10 05:01:45
浙江省,浙闽片河流,第三农业站,2026-09-10 01:00,2,23.7,8.08,7.05,8923.5,781.73,1.26,0.091,0.062,1.039,,,2026-09-10 05:01:45
浙江省,太湖流域,王江泾,2026-09-10 03:00,4,27.67,7.18,4.68,375.09,39.2,3.35,0.028,0.072,1.628,,,2026-09-10 05:01:45
浙江省,太湖流域,湘家荡,2026-09-10 03:00,3,26.84,7.78,6.97,473.29,30.21,2.64,0.036,0.119,0.707,,,2026-09-10 05:01:45
浙江省,太湖流域,池家浜水文站,2026-09-10 03:00,4,28.1207,7.02,4.99,342.59,35.0111,3.63,0.049,0.062,0.91,,,2026-09-10 05:01:45
浙江省,太湖流域,长山闸一号桥,2026-09-10 03:00,4,27.878,7.14,3.1,370.81,41.9018,4.08,0.016,0.116,2.323,,,2026-09-10 05:01:45
浙江省,太湖流域,南台头闸一号桥,2026-09-10 03:00,5,28.14,7.23,2.94,379.3,122.1,3.85,0.025,0.128,2.291,,,2026-09-10 05:01:45
浙江省,太湖流域,上塘河排涝闸,2026-09-10 03:00,2,25.67,6.83,7.9,397.98,9.6,3.22,0.024,0.086,1.61,,,2026-09-10 05:01:45
浙江省,太湖流域,盐官排涝枢纽,2026-09-10 03:00,3,27.76,7.35,5.37,393.3,36.28,3.45,0.022,0.115,2.206,,,2026-09-10 05:01:45
浙江省,太湖流域,卫八路桥,2026-09-10 03:00,4,27.16,7.3,3.26,511.149,31.832,3.76,0.072,0.12,1.537,,,2026-09-10 05:01:45
浙江省,太湖流域,漕廊公路桥,2026-09-10 03:00,4,27.41615,7.34,4.12,421.3512,61.22738,4.06,0.111,0.141,1.44612,,,2026-09-10 05:01:45
浙江省,太湖流域,朱枫公路桥,2026-09-10 03:00,4,27.45,6.99,4.39,421.57,74.04,3.88,0.039,0.076,1.537,,,2026-09-10 05:01:45
浙江省,太湖流域,红旗塘大坝,2026-09-10 03:00,3,27.9,7.27,5.4,372,39.71,3.63,0.031,0.073,1.567,,,2026-09-10 05:01:45
浙江省,太湖流域,青阳汇,2026-09-10 03:00,3,27.63,7.35,5.1,390.8,132.2,4.42,0.016,0.159,1.777,,,2026-09-10 05:01:45
浙江省,太湖流域,小新村,2026-09-10 03:00,4,26.92,7.28,3.11,406.6,81.02,4.4,0.023,0.155,1.827,,,2026-09-10 05:01:45
浙江省,太湖流域,乌镇北,2026-09-10 03:00,4,27.26,7.06,3.33,298.7,37.93,3.46,0.039,0.08,2.28,,,2026-09-10 05:01:45
浙江省,太湖流域,新港口,2026-09-10 03:00,2,26.7,8.13,7.91,201.43,88.26,3.3,0.106,0.081,2.474,0.06271,,2026-09-10 05:01:45
浙江省,太湖流域,大钱,2026-09-10 03:00,3,25.57,7.9,7.25,226.3505,204.6983,3.47,0.181,0.102,2.64463,,,2026-09-10 05:01:45
浙江省,太湖流域,南浔,2026-09-10 03:00,4,27.48,7.28,4.54,289.4,46.6,2.84,0.077,0.089,2.851,,,2026-09-10 05:01:45
浙江省,太湖流域,城西大桥,2026-09-10 03:00,3,26.4,7.17,5.81,130.66,23.26,,0.044,0.047,2.081,,,2026-09-10 05:01:45
浙江省,太湖流域,汤溇,2026-09-10 03:00,3,26,8.87,7.42,337.1003,60.684,4.36,0.097,0.076,1.3703,,,2026-09-10 05:01:45
浙江省,太湖流域,塘浦,2026-09-10 03:00,2,24.76,6.8,6.11,113.08,13.73,1.15,0.004,0.028,1.188,,,2026-09-10 05:01:45
浙江省,太湖流域,荆湾,2026-09-10 03:00,3,26.63,6.45,5.07,146.31,17.61,1.45,0.056,0.037,1.516,,,2026-09-10 05:01:45
浙江省,太湖流域,铁路桥,2026-09-10 03:00,3,27.22,6.51,5.38,136.62,11.31,1.85,0.062,0.05,2.024,,,2026-09-10 05:01:45
浙江省,太湖流域,小梅口,2026-09-10 03:00,2,26.5,7.46,6.75,237.9,99.67,3.55,0.027,0.086,2.388,,,2026-09-10 05:01:45
浙江省,太湖流域,杨家浦,2026-09-10 04:00,3,26.96256,7.57,5.39,224.0953,30.55009,2.59,0.003,0.083,2.244339,,,2026-09-10 05:01:45
浙江省,太湖流域,新塘,2026-09-10 03:00,3,27.35,7.23,5.2,244,37.9,3.25,0.061,0.074,2.275,,,2026-09-10 05:01:45
浙江省,太湖流域,合溪,2026-09-10 03:00,3,27.09,7.25,5.54,213.6,32.09,1.83,0.052,0.029,1.754,,,2026-09-10 05:01:45
浙江省,浙闽片河流,曹娥江大闸闸前,2026-09-10 04:00,2,27.34,7.47,7.92,208.483,16.335,2.83,0.094,0.071,2.139,,,2026-09-10 05:01:45
浙江省,浙闽片河流,屠家埠,2026-09-10 04:00,2,27.255,7.51,8.34,131.736,14.098,,0.041,0.057,2.227,,,2026-09-10 05:01:45
浙江省,浙闽片河流,葛山头,2026-09-10 04:00,4,27.1,6.81,3.31,164.1,9.98,2.07,0.149,0.064,2.313,,,2026-09-10 05:01:45
浙江省,浙闽片河流,湄池,2026-09-10 03:00,3,28.12,7.32,5.49,330.87,20.74,2.97,0.069,0.104,2.559,,,2026-09-10 05:01:45
浙江省,浙闽片河流,王家泾,2026-09-10 03:00,4,27.75,6.75,3.76,209.67,13.46,4.9,0.073,0.052,2.137,,,2026-09-10 05:01:45
浙江省,浙闽片河流,汤曹汇合口,2026-09-10 03:00,2,27.71,7.16,7.36,145.79,26.39,2.1,0.017,0.048,2.262,,,2026-09-10 05:01:45
浙江省,浙闽片河流,义东桥,2026-09-10 04:00,3,26.162,7.21,5.75,243.755,14.733,2.76,0.115,0.109,2.228,,,2026-09-10 05:01:45
浙江省,浙闽片河流,塔下洲,2026-09-10 04:00,3,26.34,7.62,7.87,287.896,8.155,4.4,0.043,0.088,2.3544,,,2026-09-10 05:01:45
浙江省,浙闽片河流,东关桥,2026-09-10 04:00,3,27.779,7.29,5.23,400.499,7.165,3.24,0.076,0.131,2.919,,,2026-09-10 05:01:45
浙江省,浙闽片河流,费垅,2026-09-10 04:00,3,27.35,7.2,6.53,242.904,12.232,2.64,0.188,0.136,2.4396,,,2026-09-10 05:01:45
浙江省,浙闽片河流,南江桥,2026-09-10 04:00,3,25.98,7.86,6.64,526.361,2.858,,0.048,0.122,2.4626,,,2026-09-10 05:01:45
浙江省,浙闽片河流,洪坞桥,2026-09-10 03:00,3,27.41,7.18,6.28,244.7,3.33,2.27,0.039,0.119,2.673,,,2026-09-10 05:01:45
浙江省,浙闽片河流,章店,2026-09-10 04:00,3,26.11,7.42,6.02,239.093,2.591,3.36,0.033,0.157,2.2974,,,2026-09-10 05:01:45
浙江省,浙闽片河流,将军岩,2026-09-10 03:00,3,28.331,7,7.11,210.43,15.96,2.14,0.025,0.113,1.816,,,2026-09-10 05:01:45
浙江省,浙闽片河流,浮石渡,2026-09-10 03:00,2,29.11,7.64,7.67,190.77,6.89,2.12,0.034,0.05,1.669,,,2026-09-10 05:01:45
浙江省,浙闽片河流,双港口,2026-09-10 03:00,3,27.26,7.42,5.64,123.81,3.24,2.25,0.015,0.071,1.5,,,2026-09-10 05:01:45
浙江省,浙闽片河流,郑家,2026-09-10 03:00,2,24.96,6.38,7.92,80.71,24.12,0.63,0.01,0.029,1.115,,,2026-09-10 05:01:45
浙江省,浙闽片河流,下界首,2026-09-10 04:00,1,27.88,8.18,9.18,157.046,8.55,1.01,0.017,0.017,0.652,,,2026-09-10 05:01:45
浙江省,浙闽片河流,下童,2026-09-10 03:00,2,26.34,6.98,6.06,200.96,17.88,1.64,0.048,0.048,1.475,,,2026-09-10 05:01:45
浙江省,长江流域,苏庄,2026-09-10 03:00,2,27.91288,7.38,6.68,71.62276,0.5953,1.27,0.007,0.017,0.19623,,,2026-09-10 05:01:45
浙江省,浙闽片河流,临城,2026-09-10 03:00,2,27.38,7.95,8.17,2915,13.37,3.53,0.048,0.043,1.205,,,2026-09-10 05:01:45
浙江省,浙闽片河流,长潭水库坝口,2026-09-10 04:00,2,27.27,8.06,9.9,44.221,1.149,1.58,0.003,0.012,0.307,,,2026-09-10 05:01:45
浙江省,浙闽片河流,老鼠屿,2026-09-10 04:00,4,26.83,7.94,4.83,13722.5,1722.97,1.23,,0.059,1.959,,,2026-09-10 05:01:45
浙江省,浙闽片河流,金清新闸,2026-09-10 04:00,5,26.96,7.18,2.3,799.284,51.993,3.99,0.064,0.232,2.8233,,,2026-09-10 05:01:45
浙江省,浙闽片河流,里石门水库,2026-09-10 04:00,2,27.25,,12.3,60.577,2.312,2.6,0.009,0.014,0.421,0.00997,2062880,2026-09-10 05:01:45
浙江省,浙闽片河流,温峤,2026-09-10 04:00,3,27.457,7.27,7.19,267.552,25.038,2.4,0.103,0.103,2.223,,,2026-09-10 05:01:45
浙江省,浙闽片河流,沙段,2026-09-10 04:00,2,26.83,7.13,7.42,100.465,11.72,2.29,0.027,0.045,1.2412,,,2026-09-10 05:01:45
浙江省,浙闽片河流,柏枝岙,2026-09-10 04:00,2,26.559,6.91,7.78,88.195,7.188,0.69,0.01,0.032,1.292,,,2026-09-10 05:01:45
浙江省,浙闽片河流,均溪,2026-09-10 03:00,3,24.88,6.39,5.39,45.6,9.37,1.26,0.016,0.02,0.756,,,2026-09-10 05:01:45
浙江省,浙闽片河流,风化,2026-09-10 03:00,2,25.98,7.01,7.7,79.94,15.31,1.14,0.01,0.044,1.135,,,2026-09-10 05:01:45
浙江省,浙闽片河流,临江,2026-09-10 03:00,2,25.09,6.77,7.94,45.39,7.71,1.07,0.047,0.036,0.588,,,2026-09-10 05:01:45
浙江省,浙闽片河流,堰后,2026-09-10 03:00,2,26.02,7.16,7.77,92.72,8.08,1.13,0.041,0.039,1.452,,,2026-09-10 05:01:45
浙江省,浙闽片河流,沙湾上,2026-09-10 04:00,1,21.16,7.25,8.75,,5.354,1.08,0.125,0.014,,,,2026-09-10 05:01:45
浙江省,浙闽片河流,小溪口,2026-09-10 04:00,3,23.8,6.71,5.94,31.717,18.936,1.37,,0.009,0.5332,,,2026-09-10 05:01:45
安徽省,巢湖流域,三胜大队渡口,2026-09-10 04:00,3,27.81,8.62,6.09,288.633,55.3686,5.68,0.124,0.134,0.7935,,,2026-09-10 05:01:45
安徽省,巢湖流域,兆河入湖口渡口,2026-09-10 04:00,4,27.77,8.77,8.29,311.857,32.976,6.25,,0.061,1.0219,,,2026-09-10 05:01:45
安徽省,巢湖流域,牛角大圩,2026-09-10 04:00,4,27.32,7.43,3.6,281.8,84.2136,4.69,,0.133,2.39,,,2026-09-10 05:01:45
安徽省,巢湖流域,北闸渡口,2026-09-10 04:00,3,24.898,6.96,6.5,117.041,25.213,4.18,0.023,0.05,1.091,,,2026-09-10 05:01:45
安徽省,巢湖流域,希望桥,2026-09-10 04:00,3,26.1,7.34,5.07,517.7,29.7,3.85,0.324,0.112,6.332,,,2026-09-10 05:01:45
安徽省,巢湖流域,柘皋大桥,2026-09-10 04:00,6,26.21,9.03,7.01,296.3492,32.2639,5.34,0.045,0.074,0.4823,,,2026-09-10 05:01:45
安徽省,巢湖流域,湖滨,2026-09-10 04:00,4,25.63,,8.96,260.08,27.22,4.75,0.001,0.079,1.381,0.00631,7288204,2026-09-10 05:01:45
安徽省,巢湖流域,黄麓,2026-09-10 04:00,4,27.49,,7.35,285.57,29.007,5.34,,0.078,0.412,0.00864,6912666,2026-09-10 05:01:45
安徽省,巢湖流域,三河镇大桥,2026-09-10 04:00,3,26.11,7.08,5.62,187.7,12.13,3.58,0.063,0.075,1.374,,,2026-09-10 05:01:45
安徽省,巢湖流域,三河镇新大桥,2026-09-10 04:00,2,27.01,7.75,8.56,90.39,13.06,3.08,0.064,0.048,1.109,,,2026-09-10 05:01:45
安徽省,巢湖流域,施口,2026-09-10 04:00,4,27.09,7.39,3.84,733.5824,51.3211,5.14,0.164,0.151,5.591,,,2026-09-10 05:01:45
安徽省,巢湖流域,靠近大坝,2026-09-10 04:00,2,26.78,8.05,6.35,154.31,8.97,3.43,0.032,0.025,0.346,0.01443,1.009476,2026-09-10 05:01:45
安徽省,巢湖流域,新河入湖区,2026-09-10 04:00,5,25.59,,6.88,305.62,83.12,7.79,,0.138,1.125,0.00421,9.203009,2026-09-10 05:01:45
安徽省,巢湖流域,西半湖湖心,2026-09-10 04:00,4,25.35,,8.56,308.42,27.68,4.83,,0.089,0.674,0.014,1.021204,2026-09-10 05:01:45
安徽省,巢湖流域,龟山,2026-09-10 04:00,4,25.63,8.85,8.4,327.12,25.43,4.5,,0.065,0.327,0.01431,1.246706,2026-09-10 05:01:45
安徽省,巢湖流域,东半湖湖心,2026-09-10 04:00,4,25.726,,7.78,247.385,38.822,5.73,,0.089,0.845,0.00531,1.354528,2026-09-10 05:01:45
安徽省,巢湖流域,忠庙,2026-09-10 04:00,4,24.78,,7.35,262.95,68.22,5.35,0.007,0.087,0.838,0.02756,9784165,2026-09-10 05:01:45
安徽省,巢湖流域,兆河入湖区,2026-09-10 04:00,5,25.65,8.9,7.56,305.2,53.32,6.5,,0.107,0.384,0.00773,1.392136,2026-09-10 05:01:45
安徽省,巢湖流域,双桥河入湖口,2026-09-10 04:00,4,27.06,7.5,3.15,398.7058,56.9961,3.8,0.121,0.089,0.7653,,,2026-09-10 05:01:45
安徽省,巢湖流域,繁华大道桥,2026-09-10 04:00,4,26.83,7.28,3.38,687.2538,52.9135,5.26,0.185,0.173,4.713,,,2026-09-10 05:01:45
安徽省,长江流域,东西梁山,2026-09-10 04:00,2,27.08,7.93,7.12,271.4238,63.2723,1.36,0.124,0.079,1.9219,,,2026-09-10 05:01:45
安徽省,长江流域,宝塔根,2026-09-10 04:00,2,27.32,7.82,7.01,267.9445,40.1098,1.8,0.072,0.057,1.7475,,,2026-09-10 05:01:45
安徽省,巢湖流域,裕溪口,2026-09-10 04:00,2,27.32,7.77,6.3,322.7195,47.2022,2.65,0.031,0.065,1.3902,,,2026-09-10 05:01:45
安徽省,长江流域,荻港,2026-09-10 04:00,2,26.24,7.65,6.11,369,20.4112,2.84,0.081,0.069,1.3564,,,2026-09-10 05:01:45
安徽省,长江流域,澛港桥,2026-09-10 04:00,3,26.22,7.75,5.77,236.084,16.3207,2.94,0.034,0.07,1.583,,,2026-09-10 05:01:45
安徽省,长江流域,西河入裕溪河口,2026-09-10 04:00,2,27.56,7.54,6.52,336.1313,49.9662,3.75,0.129,0.084,0.975,,,2026-09-10 05:01:45
安徽省,淮河流域,沫河口,2026-09-10 04:00,3,26.96,7.66,6.17,510.6529,49.5,5,0.053,0.168,2.453,,,2026-09-10 05:01:45
安徽省,淮河流域,关咀,2026-09-10 03:00,4,25.80502,7.75,3.36,869.4443,24.84002,,,,,,,2026-09-10 05:01:45
安徽省,淮河流域,五河,2026-09-10 03:00,4,26.71,8,4.26,912.7122,30.69252,5.95,0.079,0.124,2.48477,,,2026-09-10 05:01:45
安徽省,淮河流域,蚌埠固镇,2026-09-10 04:00,4,26.716,7.81,4.99,1068.102,36.19,4.22,0.119,0.145,4.2674,,,2026-09-10 05:01:45
安徽省,淮河流域,蚌埠闸上,2026-09-10 03:00,4,26.83,7.58,4.86,491.74,18.34,3.45,0.049,0.139,2.494,,,2026-09-10 05:01:45
安徽省,淮河流域,湖沟,2026-09-10 03:00,4,26.62771,8.06,3.08,1122.32,27.57637,4.28,0.08,0.089,4.09865,,,2026-09-10 05:01:45
安徽省,淮河流域,石头埠,2026-09-10 03:00,3,27.12,7.97,5.07,452.0356,27.3948,3.51,0.065,0.11,2.96242,,,2026-09-10 05:01:45
安徽省,淮河流域,鲁台孜,2026-09-10 03:00,3,27.43,7.53,6.21,529.1639,45.74194,3.36,0.035,0.103,3.14729,,,2026-09-10 05:01:45
安徽省,淮河流域,西淝河闸下,2026-09-10 03:00,4,27.3832,7.56,4.54,765.4481,19.56674,5.47,0.037,0.08,1.15427,,,2026-09-10 05:01:45
安徽省,淮河流域,新城口,2026-09-10 03:00,4,27.83357,7.57,4,416.0914,25.44125,3.19,0.008,0.097,2.92105,,,2026-09-10 05:01:45
安徽省,淮河流域,焦岗湖,2026-09-10 04:00,3,25.2,8.04,5.84,678.83,1016.01,4.22,0.002,0.04,0.621,0.0065,2.97983,2026-09-10 05:01:45
安徽省,淮河流域,大店岗,2026-09-10 03:00,2,27.57,6.62,7.53,120.6308,14.70986,2.38,0.018,0.034,1.21082,,,2026-09-10 05:01:45
安徽省,淮河流域,五里闸,2026-09-10 03:00,4,26.15,7.2,4.05,286.5757,45.41211,3.91,0.039,0.066,1.12923,,,2026-09-10 05:01:45
安徽省,淮河流域,白洋淀渡口,2026-09-10 03:00,3,26.73569,7.07,5.14,180.3378,54.67209,3.35,0.05,0.083,3.08829,,,2026-09-10 05:01:45
安徽省,长江流域,三兴村,2026-09-10 03:00,2,26.84,7.78,7.37,277.4329,23.86892,2.38,0.041,0.053,2.3,,,2026-09-10 05:01:45
安徽省,长江流域,得胜河入江口,2026-09-10 04:00,2,26.489,7.79,6.27,339.2,17.3012,3,0.111,0.091,1.818,,,2026-09-10 05:01:45
安徽省,长江流域,姑溪河大桥,2026-09-10 04:00,2,26.656,7.05,6.58,194.6123,54.6359,3.34,0.151,0.061,1.149,,,2026-09-10 05:01:45
安徽省,长江流域,当涂查湾,2026-09-10 04:00,2,27.46,7.34,6.37,167.5805,24.8743,2.55,,0.037,1.811,,,2026-09-10 05:01:45
安徽省,长江流域,乌江,2026-09-10 03:00,3,26.40329,7.85,6.24,294.6812,27.03036,0.81,0.036,0.122,1.460354,,,2026-09-10 05:01:45
安徽省,长江流域,雨山河下游,2026-09-10 04:00,3,27.5353,7.34,6.3,900.9002,8.4624,5.5,0.239,0.114,5.329,,,2026-09-10 05:01:45
安徽省,淮河流域,小王桥,2026-09-10 04:00,4,26.99,7.74,4.45,1543.59,15.12,5.33,0.071,0.08,1.267,,,2026-09-10 05:01:45
安徽省,淮河流域,后常桥,2026-09-10 03:00,4,27.28337,8.01,4.39,1186.929,6.85099,5.01,0.069,0.089,1.02512,,,2026-09-10 05:01:45
安徽省,淮河流域,李大桥闸,2026-09-10 04:00,6,25.88,7.82,0.77,1359.88,12.658,7.84,0.106,0.064,0.7349,,,2026-09-10 05:01:45
安徽省,长江流域,顺安河入江口,2026-09-10 03:00,2,26.62517,7.53,9.48,291.564,35.00505,1.74,0.046,0.051,1.80872,,,2026-09-10 05:01:45
安徽省,长江流域,陈家墩,2026-09-10 03:00,2,26.92,7.78,6.74,261.3208,27.11338,1.52,0.048,0.054,2.14177,,,2026-09-10 05:01:45
安徽省,长江流域,枞阳大闸,2026-09-10 03:00,3,27.04,8.7,7.96,160.09,53.64609,4.51,0.005,0.06,0.94971,,,2026-09-10 05:01:45
安徽省,长江流域,武昌湖,2026-09-10 03:00,4,25.64,8.26,6.07,182.4324,54.77273,5.42,0.002,0.053,0.96472,0.01722,9178406,2026-09-10 05:01:45
安徽省,长江流域,前江口,2026-09-10 03:00,2,26.54525,7.85,6.71,259.4728,45.3514,2.2,0.082,0.058,2.99834,,,2026-09-10 05:01:45
安徽省,长江流域,花亭湖坝前,2026-09-10 03:00,2,28.43,8.79,8.43,86.25594,1.99089,2.51,0.001,0.013,0.38475,0.0061,859621.6,2026-09-10 05:01:45
安徽省,长江流域,华阳河入江口,2026-09-10 03:00,2,27.08,7.76,6.79,300.3748,51.8718,2.03,0.033,0.045,0.65471,,,2026-09-10 05:01:45
安徽省,长江流域,水厂取水口,2026-09-10 03:00,2,25.19,8.75,6.28,111.7645,1.7699,1.55,0.005,0.024,0.81842,,,2026-09-10 05:01:45
安徽省,长江流域,车轴寺大桥,2026-09-10 03:00,2,27.17,8.81,8.32,96.84936,4.11016,2.04,0.009,0.026,0.90717,,,2026-09-10 05:01:45
安徽省,浙闽片河流,篁墩,2026-09-10 03:00,2,26.99594,7.73,6.64,140.3118,13.79902,2.11,0.106,0.044,1.55365,,,2026-09-10 05:01:45
安徽省,浙闽片河流,率水大桥,2026-09-10 03:00,2,23.78765,8.38,8.81,,8.25112,1.49,0.031,0.023,0.61613,,,2026-09-10 05:01:45
安徽省,浙闽片河流,横江大桥,2026-09-10 03:00,2,28.57901,8.91,8.51,203.3563,79.39933,3.67,0.138,0.043,0.7188,,,2026-09-10 05:01:45
安徽省,浙闽片河流,浦口,2026-09-10 03:00,3,27.3,8.19,5.33,270.0252,16.71234,1.66,0.059,0.039,1.11575,,,2026-09-10 05:01:45
安徽省,长江流域,太平湖湖心,2026-09-10 04:00,2,27.57,8.08,7.46,99.18,2.1,2.05,,0.01,0.439,0.00215,5912900,2026-09-10 05:01:45
安徽省,浙闽片河流,新管,2026-09-10 03:00,2,26.02251,8.44,9,200.7905,2.93763,1.49,0.001,0.032,1.22093,,,2026-09-10 05:01:45
安徽省,淮河流域,天长化工厂,2026-09-10 04:00,5,27.07,7.19,2.31,435.3764,56.58,4.17,0.23,0.161,,,,2026-09-10 05:01:45
安徽省,淮河流域,公路桥,2026-09-10 04:00,3,26.35,7.48,6.41,380.6098,31.555,5.27,0.17,0.104,0.932,,,2026-09-10 05:01:45
安徽省,淮河流域,小柳巷,2026-09-10 04:00,3,26.36,7.29,5.35,416.3,27.523,4,0.008,0.113,1.912,,,2026-09-10 05:01:45
安徽省,长江流域,水口,2026-09-10 04:00,3,25.73,7.66,5.52,653.8279,33.5713,4.91,0.1,0.141,2.2441,,,2026-09-10 05:01:45
安徽省,长江流域,乌衣下,2026-09-10 04:00,4,28.07,7.77,8.79,645.43,19.33,6.84,0.031,0.074,2.752,,,2026-09-10 05:01:45
安徽省,长江流域,襄河大桥,2026-09-10 04:00,5,26.13,7.12,2.54,693.794,50.7758,4.76,0.235,0.123,0.706,,,2026-09-10 05:01:45
安徽省,长江流域,清流河口,2026-09-10 03:00,3,26.94574,7.86,7.31,391.4667,28.94508,3.83,0.058,0.134,0.83105,,,2026-09-10 05:01:45
安徽省,淮河流域,阜阳段下,2026-09-10 03:00,3,26.68267,7.95,5.57,768.0061,9.76218,3.52,0.027,0.099,4.94648,,,2026-09-10 05:01:45
安徽省,淮河流域,杨湖,2026-09-10 03:00,3,27.67451,7.98,7.29,776.0861,8.38762,,0.054,0.151,3.84628,,,2026-09-10 05:01:45
安徽省,淮河流域,张大桥,2026-09-10 04:00,3,25.42,7.92,7.01,1328.41,46.52,4.15,0.225,0.1,10.4493,,,2026-09-10 05:01:45
安徽省,淮河流域,王家坝,2026-09-10 04:00,3,26.639,8.3,7.37,489.8,17.546,3.85,0.1,0.153,2.828,,,2026-09-10 05:01:45
安徽省,淮河流域,界首七渡口,2026-09-10 04:00,3,24.37,7.76,7.62,859.3,16.37,3.24,0.402,0.123,4.571,,,2026-09-10 05:01:45
安徽省,淮河流域,阜南,2026-09-10 03:00,1,23.75,8.6,8.45,,5.19267,,,,,,,2026-09-10 05:01:45
安徽省,淮河流域,奎河苏皖省界,2026-09-10 04:00,3,25.76,7.66,6.93,1284.8,29.3,5.91,0.07,0.129,4.715,,,2026-09-10 05:01:45
安徽省,淮河流域,东坪集,2026-09-10 03:00,3,26.71,8.05,6.44,1147.549,37.29855,4.45,0.118,0.088,4.10624,,,2026-09-10 05:01:45
安徽省,淮河流域,符离闸,2026-09-10 03:00,4,25.82432,7.82,3.31,921.897,10.02913,6.86,0.079,0.102,1.31979,,,2026-09-10 05:01:45
安徽省,淮河流域,芦岭桥,2026-09-10 04:00,3,26.24,8.24,5.71,1128.254,10.98,5.15,0.069,0.055,0.9718,,,2026-09-10 05:01:45
安徽省,淮河流域,工农兵大桥,2026-09-10 03:00,3,26.66444,7.54,6.89,296.2079,14.67955,4.44,0.054,0.047,0.675,,,2026-09-10 05:01:45
安徽省,淮河流域,陶洪集,2026-09-10 03:00,2,24.26928,7.15,8.37,77.02203,45.3541,2.35,0.031,0.048,1.5886,,,2026-09-10 05:01:45
安徽省,淮河流域,东湖闸,2026-09-10 03:00,3,25.61,7.37,6.93,216.3198,57.76957,3.22,0.118,0.17,1.29701,,,2026-09-10 05:01:45
安徽省,淮河流域,新安渡口,2026-09-10 03:00,2,26.03,7.53,8.11,160.2198,7.17705,3.38,0.02,0.038,1.62222,,,2026-09-10 05:01:45
安徽省,淮河流域,响洪甸水库出水口,2026-09-10 03:00,4,19.94,6.82,3.76,93.86623,1.44425,1.91,0.009,0.01,1.11614,,,2026-09-10 05:01:45
安徽省,淮河流域,丁埠大桥,2026-09-10 03:00,2,26.19384,8.62,8.44,132.5989,4.89183,2.02,0.004,0.033,0.206,,,2026-09-10 05:01:45
安徽省,巢湖流域,将军宕大桥,2026-09-10 03:00,2,30.62,7.55,7.44,,,2.08,0.018,0.03,0.969,,,2026-09-10 05:01:45
安徽省,淮河流域,固始李畈,2026-09-10 03:00,4,25.23,6.75,4.34,178.1604,7.42351,2.02,0.008,0.042,2.04784,,,2026-09-10 05:01:45
安徽省,淮河流域,涡阳义门大桥,2026-09-10 03:00,6,27.44,7.4,1.32,1139.621,13.6596,6.75,1.164,0.098,6.0815,,,2026-09-10 05:01:45
安徽省,淮河流域,利辛段,2026-09-10 04:00,5,26.12,7.58,2.86,1010.78,6.39,5.34,0.099,0.174,4.117,,,2026-09-10 05:01:45
安徽省,长江流域,五步沟,2026-09-10 03:00,2,26.96,7.95,7.19,260.2753,43.3201,1.99,0.059,0.053,2.45168,,,2026-09-10 05:01:45
安徽省,长江流域,张溪,2026-09-10 03:00,1,26.29,7.92,8.54,230.1886,10.59554,1,0.007,0.009,0.55804,,,2026-09-10 05:01:45
安徽省,长江流域,青通河河口,2026-09-10 03:00,3,26.68447,7.51,5.28,234.0624,80.17964,2.83,0.053,0.054,1.76131,,,2026-09-10 05:01:45
安徽省,长江流域,秋浦河入江口,2026-09-10 03:00,2,27.12946,7.86,6.43,229.3922,40.06717,1.83,0.011,0.027,1.18898,,,2026-09-10 05:01:45
安徽省,长江流域,东流,2026-09-10 03:00,4,26.32,7.28,3.36,174.8176,20.67482,1.92,0.037,0.033,1.19182,,,2026-09-10 05:01:45
安徽省,长江流域,南漪湖西湖湖心,2026-09-10 04:00,4,27.16,8.69,7.23,169.64,29.72,4.18,,0.054,0.785,0.01374,3763662,2026-09-10 05:01:45
安徽省,太湖流域,殷桥,2026-09-10 03:00,4,27.5557,7.16,3.51,265.0868,38.86656,6.69,0.075,0.09,2.59512,,,2026-09-10 05:01:45
安徽省,长江流域,泾南交界,2026-09-10 04:00,2,24.71,7.62,6.66,172.1937,4.2581,1.64,0.003,0.022,0.797,,,2026-09-10 05:01:45
安徽省,长江流域,汪溪,2026-09-10 04:00,2,25.16,7.63,7.88,179.3791,10.8513,0.9,0.037,0.036,1.3273,,,2026-09-10 05:01:45
安徽省,长江流域,狮子口,2026-09-10 04:00,2,26.12,7.67,8.33,446.137,8.014,3.22,,0.06,1.8812,,,2026-09-10 05:01:45
安徽省,长江流域,东村桥,2026-09-10 03:00,2,25.13355,7.61,6.26,474.4244,6.20264,1.83,0.013,0.046,0.87651,,,2026-09-10 05:01:45
安徽省,长江流域,旌泾交界,2026-09-10 03:00,2,24.366,7.69,7.32,161.239,7.843,1.59,0.004,0.072,0.904,,,2026-09-10 05:01:45
安徽省,长江流域,水碧桥,2026-09-10 03:00,3,25.69,7.1,5.23,169.6756,55.3479,2.83,0.003,0.045,1.08208,,,2026-09-10 05:01:45
福建省,浙闽片河流,闽侯竹岐,2026-09-10 03:00,2,27.49,6.9,7.15,91.86,15.52,1.85,0.022,0.04,1.263,,,2026-09-10 05:01:45
福建省,浙闽片河流,闽安,2026-09-10 03:00,3,28.78,6.91,5.9,363.32,348.82,3.8,0.148,0.112,2.181,,,2026-09-10 05:01:45
福建省,浙闽片河流,连江荷山渡口,2026-09-10 03:00,2,26.173,6.99,7.5,55.21,39.897,1.93,0.045,0.059,0.692,,,2026-09-10 05:01:45
福建省,浙闽片河流,永泰横龙,2026-09-10 04:00,2,25.44,7.35,8.45,38.319,34.594,0.91,0.023,0.042,0.656,,,2026-09-10 05:01:45
福建省,浙闽片河流,闽清雄江,2026-09-10 04:00,2,29.36,8.79,8.95,109.07,4.89,2.5,0.01,0.03,1.051,,,2026-09-10 05:01:45
福建省,浙闽片河流,梅溪口,2026-09-10 03:00,2,24.15,7.34,8.99,80.59,38.73,2.07,0.144,0.085,0.839,,,2026-09-10 05:01:45
福建省,浙闽片河流,隘头潭,2026-09-10 04:00,3,25.75,6.38,5.96,143.588,2.313,0.42,0.024,0.013,0.831,,,2026-09-10 05:01:45
福建省,浙闽片河流,将乐万全,2026-09-10 03:00,4,26.364,6.91,4.5,60.856,4.556,1.71,0.04,0.06,1.039,,,2026-09-10 05:01:45
福建省,浙闽片河流,宁化肖家,2026-09-10 03:00,2,26.291,7,7.38,73.704,6.794,1.31,0.037,0.074,0.968,,,2026-09-10 05:01:45
福建省,浙闽片河流,永安安砂水库下游,2026-09-10 03:00,3,24.975,6.57,5.65,65.408,11.691,2.08,0.027,0.056,1.045,,,2026-09-10 05:01:45
福建省,浙闽片河流,永安贡川桥,2026-09-10 02:00,2,25.55,7.02,6.41,95.2,16.01,1.72,0.033,0.05,1.284,,,2026-09-10 05:01:45
福建省,浙闽片河流,斑竹溪渡口,2026-09-10 03:00,2,26.446,6.89,6.51,110.556,10.196,1.7,0.024,0.051,1.447,,,2026-09-10 05:01:45
福建省,浙闽片河流,建宁袁庄,2026-09-10 03:00,2,25.928,7.14,10.17,75.521,5.483,1.36,0.016,0.077,1.313,,,2026-09-10 05:01:45
福建省,浙闽片河流,大田高才,2026-09-10 03:00,2,28.713,8.89,9.36,88.636,3.391,1.91,0.046,0.023,0.498,,,2026-09-10 05:01:45
福建省,浙闽片河流,尤溪拥口大桥,2026-09-10 04:00,2,24.74,7.04,6.93,82.606,104.404,1.41,0.173,0.066,1.4929,,,2026-09-10 05:01:45
福建省,浙闽片河流,永春东关桥,2026-09-10 04:00,2,23.9,6.26,6.94,87.67103,78.03768,1.42,0.151,0.055,2.531,,,2026-09-10 05:01:45
福建省,浙闽片河流,安溪罗内桥,2026-09-10 04:00,2,24.669,7.22,8.06,68.3,36.56,1.02,0.136,0.038,3.54,,,2026-09-10 05:01:45
福建省,浙闽片河流,南安霞东桥,2026-09-10 04:00,2,26.32,7.07,7.28,102.749,42.513,0.48,0.181,0.086,2.2227,,,2026-09-10 05:01:45
福建省,浙闽片河流,华安西陂,2026-09-10 04:00,2,24.28717,7.26,9.27,131.2912,34.15677,1.83,0.007,0.043,1.136,,,2026-09-10 05:01:45
福建省,浙闽片河流,南靖靖城桥,2026-09-10 04:00,2,25.37,6.49,7.56,135.3,54.54,1.31,0.124,0.041,7.089,,,2026-09-10 05:01:45
福建省,浙闽片河流,南靖洪濑汤坑桥,2026-09-10 04:00,2,25.249,6.33,7.95,196.3,18.357,0.66,0.045,0.058,14.221,,,2026-09-10 05:01:45
福建省,浙闽片河流,浦南水文站,2026-09-10 04:00,2,25.02619,7.01,8.04,113.9,66.72,0.79,0.006,0.074,1.394,,,2026-09-10 05:01:45
福建省,浙闽片河流,南溪浮宫桥,2026-09-10 04:00,2,26.89,6.73,6.51,347.538,129.469,1.6,0.172,0.1,3.5653,,,2026-09-10 05:01:45
福建省,浙闽片河流,上坂,2026-09-10 04:00,3,26.68,6.56,6.67,140.261,50.521,1.33,0.178,0.149,4.6352,,,2026-09-10 05:01:45
福建省,浙闽片河流,云霄高塘渡口,2026-09-10 04:00,3,26.49,6.63,6.53,111.44,19.542,0.72,0.254,0.131,4.7045,,,2026-09-10 05:01:45
福建省,浙闽片河流,水汾桥,2026-09-10 04:00,2,26.49,6.83,6.98,132.04,15.35,1.47,0.04,0.045,1.29,,,2026-09-10 05:01:45
福建省,浙闽片河流,十里庵,2026-09-10 03:00,2,27.75,6.78,6.48,87.21,15.36,1.45,0.032,0.061,1.425,,,2026-09-10 05:01:45
福建省,浙闽片河流,邵武晒口桥,2026-09-10 03:00,2,27.15,7.19,7.63,122.6,8.56,0.89,0.031,0.032,0.903,,,2026-09-10 05:01:45
福建省,浙闽片河流,武夷山兴田,2026-09-10 03:00,2,26.08785,6.84,7.04,41.30001,13.94465,1.44,0.016,0.015,0.5572,,,2026-09-10 05:01:45
福建省,浙闽片河流,建瓯蓬墩,2026-09-10 04:00,2,27.849,6.78,6.38,56.13,8.43,1.45,0.15,0.043,1.041,,,2026-09-10 05:01:45
福建省,浙闽片河流,浪石,2026-09-10 03:00,2,27.464,6.73,6.08,73.955,3.109,1.41,0.062,0.046,1.061,,,2026-09-10 05:01:45
福建省,浙闽片河流,将乐樟应,2026-09-10 04:00,3,27.43976,6.81,5.49,62.076,6.53714,1.73,0.023,0.026,0.786,,,2026-09-10 05:01:45
福建省,浙闽片河流,建阳坪州大桥,2026-09-10 04:00,2,27.63,7.42,9.14,108.99,6.602,1.64,0.013,0.044,1.085,,,2026-09-10 05:01:45
福建省,浙闽片河流,政和西津,2026-09-10 03:00,2,27.847,7.15,7.19,80.803,13.317,2,0.059,0.034,1.199,,,2026-09-10 05:01:45
福建省,浙闽片河流,雁石桥,2026-09-10 04:00,2,24.4,7.62,9.46,258.518,25.953,0.67,0.131,0.064,1.028,,,2026-09-10 05:01:45
福建省,珠江流域,长汀美西桥,2026-09-10 04:00,2,24.4,6.88,7.48,79.185,12.859,1.52,0.116,0.095,0.8758,,,2026-09-10 05:01:45
福建省,浙闽片河流,八都,2026-09-10 03:00,2,25.05,6.68,9.63,40.971,40.697,1.74,0.014,0.062,0.977,,,2026-09-10 05:01:45
福建省,浙闽片河流,古田黄田,2026-09-10 03:00,2,28.545,7.84,8.36,88.363,15.558,2.62,0.079,0.058,1.295,,,2026-09-10 05:01:45
江西省,长江流域,大港,2026-09-10 04:00,2,25.8,7.29,7.69,117.76,86.98,2.28,0.07,0.082,,,,2026-09-10 05:01:45
江西省,长江流域,新联,2026-09-10 03:00,3,25.74,6.83,8.03,165.54,50.39,5.22,0.026,0.08,2.7137,,,2026-09-10 05:01:45
江西省,长江流域,生米,2026-09-10 03:00,2,29.211,7.26,7.38,115.839,54.602,2.04,0.072,0.084,0.959,,,2026-09-10 05:01:45
江西省,长江流域,滁槎,2026-09-10 04:00,2,25.52,6.22,6.19,108.28,64.38,1.98,0.214,0.092,2.963,,,2026-09-10 05:01:45
江西省,长江流域,塔城,2026-09-10 03:00,2,26.76,7.78,8.06,86.45,21.89,2.32,0.019,0.063,1.281,,,2026-09-10 05:01:45
江西省,长江流域,八一桥,2026-09-10 04:00,3,26.61,7.34,7.01,109.941,58.641,0.83,,0.104,0.8218,,,2026-09-10 05:01:45
江西省,长江流域,焦石坝,2026-09-10 04:00,2,26,7.57,8.68,87.45,23.5,2.46,0.085,0.057,1.3107,,,2026-09-10 05:01:45
江西省,长江流域,鲇鱼山,2026-09-10 03:00,2,29.39,7.41,6.15,181.24,6.96,1.67,0.037,0.037,1.153,,,2026-09-10 05:01:45
江西省,长江流域,戴村,2026-09-10 04:00,2,28.852,7.21,6.24,481.515,13.66,2.25,0.193,0.026,1.048,,,2026-09-10 05:01:45
江西省,长江流域,南河河口,2026-09-10 03:00,4,27.74,6.82,3.36,240.78,9.01,2.04,0.108,0.106,2.112,,,2026-09-10 05:01:45
江西省,长江流域,镇埠,2026-09-10 03:00,2,27.08,7.25,6.66,89.17,1.2,1.77,,0.028,0.674,,,2026-09-10 05:01:45
江西省,长江流域,龙山口,2026-09-10 04:00,2,24.54,8.02,7.42,231.079,9.251,2.09,0.039,0.039,0.7413,,,2026-09-10 05:01:45
江西省,长江流域,桐车湾,2026-09-10 04:00,2,25.59,7.98,7.41,311.393,6.139,1.66,0.098,0.09,1.6675,,,2026-09-10 05:01:45
江西省,长江流域,金鱼石,2026-09-10 04:00,2,26.95,7.69,6.86,281.27,6.18,1.83,0.016,0.075,1.74,,,2026-09-10 05:01:45
江西省,长江流域,邓家洲,2026-09-10 03:00,2,26.6,7.78,6.5,487.9928,6.37823,1.83,0.013,0.091,2.01668,,,2026-09-10 05:01:45
江西省,长江流域,吴城修河,2026-09-10 04:00,1,26.505,7.32,7.97,106.35,18.61,1.79,0.008,0.019,0.8739,,,2026-09-10 05:01:45
江西省,长江流域,姚港,2026-09-10 03:00,2,26.45,7.83,7.55,343.46,25.82,1.84,0.08,0.071,1.47,,,2026-09-10 05:01:45
江西省,长江流域,湖口,2026-09-10 03:00,2,26.4008,7.89,7.34,311.69,30.59,2.11,0.01,0.07,2.177,,,2026-09-10 05:01:45
江西省,长江流域,蛤蟆石,2026-09-10 03:00,4,26.09,6.89,7.41,103.17,66.48,2.34,,0.064,2.236,0.0049,268080,2026-09-10 05:01:45
江西省,长江流域,都昌,2026-09-10 03:00,3,26.05,6.94,6.55,112.6,115.44,2.68,,0.041,1.409,0.03636,1.222,2026-09-10 05:01:45
江西省,长江流域,潦河河口,2026-09-10 04:00,2,27.3,7.22,7.67,112.4,8.577,1.72,,0.04,0.9443,,,2026-09-10 05:01:45
江西省,长江流域,三都,2026-09-10 03:00,2,25.64,6.86,6.66,100.93,3.37,1.73,0.008,0.058,0.926,,,2026-09-10 05:01:45
江西省,长江流域,柘林湖坝上,2026-09-10 04:00,1,27.665,7.65,7.62,100.76,0.966,2,,0.008,0.514,,,2026-09-10 05:01:45
江西省,长江流域,洋港镇,2026-09-10 03:00,2,23.604,7.83,6.57,320.787,2.423,0.18,0.002,0.009,1.07133,,,2026-09-10 05:01:45
江西省,长江流域,修水界上桥,2026-09-10 03:00,2,26.12,7.45,7.45,121.149,,2.52,0.004,0.098,1.58252,,,2026-09-10 05:01:45
江西省,长江流域,共青城寨下,2026-09-10 04:00,2,26.8,7.93,9.18,383.6,21.5,3.42,0.005,0.044,1.464,,,2026-09-10 05:01:45
江西省,长江流域,罗坊,2026-09-10 04:00,2,26.78,7.68,7.44,220.697,25.986,3.24,0.147,0.095,1.2988,,,2026-09-10 05:01:45
江西省,长江流域,孔目江江口,2026-09-10 04:00,3,27.74,7.75,6.67,330.941,22.834,4.59,0.05,0.108,1.2659,,,2026-09-10 05:01:45
江西省,长江流域,浮桥,2026-09-10 04:00,2,26.09,7.68,6.86,183.502,9.975,2.83,0.11,0.09,1.3462,,,2026-09-10 05:01:45
江西省,长江流域,傣家村,2026-09-10 04:00,3,26.25,7.76,6.06,183.611,6.646,3.86,0.073,0.042,1.0202,0.01614,1.652549,2026-09-10 05:01:45
江西省,长江流域,白塔河河口,2026-09-10 04:00,3,26.78,6.72,5.53,75.866,4.558,1.83,0.074,0.043,0.6498,,,2026-09-10 05:01:45
江西省,长江流域,土桥,2026-09-10 04:00,2,27.65,7.35,7,121.627,3.798,2.61,0.046,0.057,1.0709,,,2026-09-10 05:01:45
江西省,长江流域,流口村,2026-09-10 04:00,2,28.79,6.96,6.97,112.0584,8.091438,1.85,0.005,0.062,1.144193,,,2026-09-10 05:01:45
江西省,长江流域,市自来水厂,2026-09-10 04:00,2,26.26,7.13,7.76,93.794,15.788,0.56,0.148,0.057,0.8161,,,2026-09-10 05:01:45
江西省,长江流域,新庙前,2026-09-10 04:00,2,27.16,7,6.53,101.103,33.802,1.69,0.12,0.055,1.542,,,2026-09-10 05:01:45
江西省,长江流域,峡山,2026-09-10 04:00,3,27.52,7.2,7.22,90.882,10.182,2.14,,0.136,0.8965,,,2026-09-10 05:01:45
江西省,长江流域,梅江江口,2026-09-10 04:00,3,28.51,7.22,6.67,89.678,17.531,2.09,0.268,0.128,0.88,,,2026-09-10 05:01:45
江西省,长江流域,平江江口,2026-09-10 04:00,2,26.82,7.33,6.81,111.448,36.667,1.73,0.216,0.068,0.6964,,,2026-09-10 05:01:45
江西省,长江流域,上犹江江口,2026-09-10 04:00,2,25.61,6.92,7.3,74.724,17.004,1.78,0.144,0.034,0.6127,,,2026-09-10 05:01:45
江西省,长江流域,龙南自来水厂,2026-09-10 04:00,2,25.46,7.3,7.83,73.977,9.048,1.02,0.096,0.039,0.8689,,,2026-09-10 05:01:45
江西省,长江流域,桃江江口,2026-09-10 04:00,2,26.32,7.01,6.26,114.56,19.481,1.56,0.142,0.082,1.3704,,,2026-09-10 05:01:45
江西省,长江流域,汝城多发电站,2026-09-10 03:00,2,21.55,7.27,8.7,63.01,8.63,0.87,,0.027,0.675,,,2026-09-10 05:01:45
江西省,长江流域,金滩,2026-09-10 04:00,2,26.43,7.08,6.74,91.26,40.534,1.91,0.046,0.077,0.891,,,2026-09-10 05:01:45
江西省,长江流域,孤江江口,2026-09-10 04:00,2,26.65,7.15,7.16,56.939,10.265,2.03,0.046,0.055,0.7367,,,2026-09-10 05:01:45
江西省,长江流域,禾水河口,2026-09-10 04:00,2,27.14,7.3,6.9,108.718,19.781,1.9,0.205,0.056,0.7709,,,2026-09-10 05:01:45
江西省,长江流域,遂川江江口,2026-09-10 04:00,5,25.01,7.25,7.71,69.144,129.349,0.92,,0.317,1.3394,,,2026-09-10 05:01:45
江西省,长江流域,乌江江口,2026-09-10 04:00,2,27.41,7.33,6.46,121.386,13.415,1.54,0.162,0.068,0.9186,,,2026-09-10 05:01:45
江西省,长江流域,高安市青州村,2026-09-10 03:00,2,27.01,7.84,7.51,198.7,5.33,2.13,0.007,0.076,1.413,,,2026-09-10 05:01:45
江西省,长江流域,良田村,2026-09-10 03:00,2,23.48,7.65,6.95,191.53,8.39,1.99,0.005,0.07,1.434,,,2026-09-10 05:01:45
江西省,长江流域,三洪村,2026-09-10 03:00,2,27.25,7.15,7.23,87.72,15.56,1.3,0.01,0.051,0.809,,,2026-09-10 05:01:45
江西省,长江流域,肖江江口,2026-09-10 03:00,3,27.48,7.12,5.16,252.088,13.121,3.36,0.05,0.053,1.423,,,2026-09-10 05:01:45
江西省,长江流域,修河港口,2026-09-10 04:00,1,25.54,7.1,8.26,42.14,2.73,0.52,0.008,0.009,0.464,,,2026-09-10 05:01:45
江西省,长江流域,超坊,2026-09-10 04:00,2,26.17,7.63,7.69,86.487,22.475,2.01,0.238,0.073,1.0592,,,2026-09-10 05:01:45
江西省,长江流域,钟岭水厂,2026-09-10 04:00,2,26.75,7.34,6.88,81.08,20.16,2.74,,0.065,1.2125,,,2026-09-10 05:01:45
江西省,长江流域,临水河口,2026-09-10 04:00,2,25.21,6.78,7.69,75.62,11.9,2.05,0.09,0.072,1.206,,,2026-09-10 05:01:45
江西省,长江流域,赵家湾,2026-09-10 03:00,2,28.636,7.01,6.07,164.473,19.0181,1.68,0.013,0.038,1.161,,,2026-09-10 05:01:45
江西省,长江流域,康山,2026-09-10 04:00,4,25.64,6.64,7.01,97.51,59.27,2.92,0.186,0.086,1.313,0.0128,718000,2026-09-10 05:01:45
江西省,长江流域,野鸡山村,2026-09-10 03:00,2,29.21,7.64,7.51,632.28,13.07,1.82,0.045,0.026,0.694,,,2026-09-10 05:01:45
江西省,长江流域,瑞洪大桥,2026-09-10 04:00,4,29.41,6.84,4.52,126.72,22.42,3.23,,0.046,1.151,,,2026-09-10 05:01:45
江西省,长江流域,弋阳,2026-09-10 03:00,2,28.25,7.52,7.48,121.01,2.22,1.54,,0.063,0.919,,,2026-09-10 05:01:45
江西省,长江流域,鄱阳花园,2026-09-10 03:00,2,28.48,7.36,7.76,144.3,6.53,2.48,0.113,0.014,1.6,,,2026-09-10 05:01:45
江西省,长江流域,洎水河河口,2026-09-10 03:00,3,27.78,6.84,5.63,671.46,8.1,2.47,0.061,0.034,1.09,,,2026-09-10 05:01:45
江西省,长江流域,铅山,2026-09-10 03:00,2,28.37,7.75,8.64,141.09,6.07,2.12,,0.075,0.534,,,2026-09-10 05:01:45
江西省,长江流域,旗山,2026-09-10 04:00,2,28.54,7.41,7.27,117.38,4.64,1.7,0.029,0.063,0.942,,,2026-09-10 05:01:45
江西省,长江流域,应家坊,2026-09-10 03:00,2,28.52,7.23,7.06,142.04,5.33,2.05,0.079,0.081,1,,,2026-09-10 05:01:45
山东省,淮河流域,辛丰庄,2026-09-10 03:00,3,24.614,7.75,5.86,1175.81,31.02,3.02,0.27,0.06,7.136,,,2026-09-10 05:01:45
山东省,黄河流域,泺口,2026-09-10 04:00,2,23.03,8.38,7.53,622.75,220.03,2.27,,0.059,2.61,,,2026-09-10 05:01:45
山东省,淮河流域,睦里庄,2026-09-10 03:00,4,22.084,7.4,4.77,725.622,2.076,2.86,0.024,0.047,1.138,,,2026-09-10 05:01:45
山东省,黄河流域,卧虎山水库,2026-09-10 03:00,1,23.27,7.95,8.36,522.989,5.35,1.7,0.001,0.013,3.942,,,2026-09-10 05:01:45
山东省,淮河流域,斜拉桥,2026-09-10 03:00,3,23.231,8.18,5.83,858.918,7.302,6,0.208,0.057,1.241,,,2026-09-10 05:01:45
山东省,淮河流域,马连庄,2026-09-10 03:00,2,20.591,7.77,9.01,936.04,4.39,2.44,,0.015,12.207,,,2026-09-10 05:01:45
山东省,淮河流域,吉利河水库出口,2026-09-10 03:00,3,23.113,8.3,6.18,336.278,12.441,5.13,,0.07,0.778,,,2026-09-10 05:01:45
山东省,淮河流域,墨水河入海口,2026-09-10 03:00,6,24.447,7.45,3.46,2217.53,76.57,10.89,2.519,0.568,9.542,,,2026-09-10 05:01:45
山东省,淮河流域,韩旺大桥,2026-09-10 03:00,2,22.011,7.85,7.66,872.338,2.944,2.22,0.012,0.011,22.19,,,2026-09-10 05:01:45
山东省,淮河流域,台儿庄大桥,2026-09-10 04:00,3,27.8,6.97,8.03,,0.11,,0.825,,,,,2026-09-10 05:01:45
山东省,淮河流域,群乐桥,2026-09-10 04:00,3,20.33,7.7,5.89,1581.62,37.699,4.9,0.026,0.087,2.009,,,2026-09-10 05:01:45
山东省,淮河流域,王晁桥,2026-09-10 04:00,4,23.967,7.68,3.23,1131.49,18.82,,0.065,0.124,5.452,,,2026-09-10 05:01:45
山东省,淮河流域,十字河大桥,2026-09-10 04:00,4,25.592,7.54,4.51,1244.76,5.287,5.08,0.008,0.043,0.462,,,2026-09-10 05:01:45
山东省,淮河流域,贾庄闸,2026-09-10 04:00,3,24.7,7.58,6.18,1191.14,11.293,3.73,0.015,0.113,5.14,,,2026-09-10 05:01:45
山东省,淮河流域,支脉河陈桥,2026-09-10 03:00,3,22.576,7.55,6.49,3490.78,51.795,5.42,0.066,0.134,3.047,,,2026-09-10 05:01:45
山东省,淮河流域,新夹河大桥,2026-09-10 03:00,4,20.5531,7.84,5.74,969.1823,1.84375,6.73,0.037,0.016,0.21355,,,2026-09-10 05:01:45
山东省,淮河流域,桥头,2026-09-10 03:00,4,22.16,8.52,7.43,859.242,22.88,8.09,0.3,0.235,4.755,,,2026-09-10 05:01:45
山东省,淮河流域,东村河入海口,2026-09-10 03:00,4,20.6,7.42,6.24,722.698,30.791,6.74,0.042,0.109,2.489,,,2026-09-10 05:01:45
山东省,淮河流域,羊口,2026-09-10 03:00,4,25.864,7.88,4.88,12122.77,61.72,6.2,0.39,0.199,3.609,,,2026-09-10 05:01:45
山东省,淮河流域,峡山水库库中,2026-09-10 04:00,3,24.9,8.26,6.13,754.7,248.83,,0.042,0.031,0.402,0.01393,1.032421,2026-09-10 05:01:45
山东省,淮河流域,柳疃桥,2026-09-10 03:00,3,23.152,7.96,10.02,1434.934,23.598,5.19,0.03,0.086,7.109,,,2026-09-10 05:01:45
山东省,淮河流域,张建桥,2026-09-10 03:00,3,22.991,7.69,7.03,2463.709,9.239,4.71,0.045,0.064,12.307,,,2026-09-10 05:01:45
山东省,淮河流域,兖州南大桥,2026-09-10 04:00,2,22.753,7.84,6.52,1000.16,9.89,3.98,0.042,0.073,1.1426,,,2026-09-10 05:01:45
山东省,淮河流域,105公路桥,2026-09-10 04:00,5,26.963,7.66,2.43,1529.46,60.244,4.74,0.188,0.174,3.684,,,2026-09-10 05:01:45
山东省,淮河流域,高河桥,2026-09-10 04:00,5,26.507,7.87,2.86,1423.8,41.385,5.48,0.099,0.114,2.178,,,2026-09-10 05:01:45
山东省,淮河流域,西石佛,2026-09-10 03:00,4,25.923,7.61,4.85,1278,16.438,3.86,0.147,0.061,3.326,,,2026-09-10 05:01:45
山东省,淮河流域,老运河微山段,2026-09-10 04:00,4,27.326,7.85,4.7,1315.87,13.373,3.84,0.078,0.033,1.184,,,2026-09-10 05:01:45
山东省,淮河流域,李集,2026-09-10 03:00,2,25.13,8.37,6.46,1090,19.486,4,0.007,0.065,1.767,,,2026-09-10 05:01:45
山东省,淮河流域,尹沟,2026-09-10 04:00,2,25.31,8.05,7.11,913.96,21.55,3.6,0.188,0.036,1.048,0.04,,2026-09-10 05:01:45
山东省,淮河流域,西支河入湖口,2026-09-10 04:00,3,26.848,8.08,5.15,1333.74,17.157,5.72,0.059,0.053,1.354,,,2026-09-10 05:01:45
山东省,淮河流域,东石佛,2026-09-10 03:00,4,25.528,7.6,3.63,1169.854,10.925,4.81,0.165,0.042,1.639,,,2026-09-10 05:01:45
山东省,淮河流域,西姚,2026-09-10 03:00,4,26.594,7.96,4.51,1316,29.645,3.7,0.132,0.189,2.43,,,2026-09-10 05:01:45
山东省,淮河流域,鲁桥,2026-09-10 04:00,4,26.202,7.92,4.96,1528.48,28.928,5.06,0.1,0.07,0.816,,,2026-09-10 05:01:45
山东省,淮河流域,牛庄闸,2026-09-10 04:00,2,25.791,7.78,7.16,916.805,17.193,3.29,0.04,0.004,1.52,,,2026-09-10 05:01:45
山东省,淮河流域,湘子庙,2026-09-10 04:00,4,25.69,8.06,5.89,1620.21,87.15,5.6,0.057,0.3,3.40556,,,2026-09-10 05:01:45
山东省,黄河流域,戴村坝,2026-09-10 04:00,2,25.68,7.58,6.43,839.59,4.25,2.47,0.104,0.018,2.481,,,2026-09-10 05:01:45
山东省,黄河流域,徐家汶,2026-09-10 04:00,2,21.47433,7.65,6.63,1362.96,1.6175,1.59,0.068,0.062,37.40332,,,2026-09-10 05:01:45
山东省,淮河流域,南桥,2026-09-10 03:00,5,22.669,7.56,2.89,1109.693,36.689,5.72,0.249,0.108,1.723,,,2026-09-10 05:01:45
山东省,淮河流域,大古镇,2026-09-10 04:00,3,22.32,7.39,8.05,814.87,30.22,4.98,0.021,0.12,4.286,,,2026-09-10 05:01:45
山东省,淮河流域,夏庄,2026-09-10 04:00,6,20.42,9.51,5.64,765.1,26.2,11.68,0.026,0.222,,,,2026-09-10 05:01:45
山东省,黄河流域,贺小庄,2026-09-10 03:00,2,23.589,7.43,6.1,827.129,6.884,3.57,0.116,0.029,1.959,,,2026-09-10 05:01:45
山东省,淮河流域,临沂北大桥,2026-09-10 04:00,4,23.4,8.79,8.38,437.34,22.602,7.86,0.019,0.095,2.379,,,2026-09-10 05:01:45
山东省,淮河流域,捷庄,2026-09-10 04:00,4,25.52,7.64,8.08,631.267,20.027,7.18,0.114,0.125,1.261,,,2026-09-10 05:01:45
山东省,淮河流域,临沭大兴桥,2026-09-10 04:00,3,24.363,7.44,8,644.532,10.562,5.48,0.029,0.101,0.901,,,2026-09-10 05:01:45
山东省,淮河流域,310公路桥,2026-09-10 04:00,6,23.05,7.26,1.28,848.71,4.77,3.22,0.049,0.091,0.288,,,2026-09-10 05:01:45
山东省,淮河流域,沙沟桥,2026-09-10 04:00,3,21.94,7.45,5.44,776.92,5.05,3.88,0.111,0.063,3.09,,,2026-09-10 05:01:45
山东省,淮河流域,云蒙湖湖心,2026-09-10 04:00,3,22.06,8.22,7.15,423.8,1.75,4.2,0.107,0.021,2.901,0.01489,5007050,2026-09-10 05:01:45
山东省,海河流域,第三店,2026-09-10 03:00,4,24.07,7.99,4.98,854.678,30.238,2.65,0.031,0.063,3.751,,,2026-09-10 05:01:45
山东省,海河流域,董姑桥,2026-09-10 03:00,5,23.528,7.74,2.66,1150,43.39,3.43,0.143,0.015,0.67,,,2026-09-10 05:01:45
山东省,海河流域,油坊桥,2026-09-10 04:00,3,23.633,8.11,6.82,926.58,105.308,2.04,0.119,0.112,4.648,,,2026-09-10 05:01:45
山东省,海河流域,秤勾湾,2026-09-10 04:00,3,23.73,8.13,7.48,1060.24,103.71,2.41,0.704,0.129,6.875,,,2026-09-10 05:01:45
山东省,海河流域,北湖,2026-09-10 04:00,2,25.79,8.77,8.68,917.69,24.8,2.6,0.032,0.014,1.36,0.01132,5461781,2026-09-10 05:01:45
山东省,海河流域,小泊头桥,2026-09-10 03:00,2,23.562,8.14,7.71,977.976,23.555,2.1,0.055,0.092,4.034,,,2026-09-10 05:01:45
山东省,海河流域,胜利桥,2026-09-10 03:00,3,24.399,7.87,5.59,2168.36,25.533,5.72,0.1,0.136,,,,2026-09-10 05:01:45
山东省,海河流域,芦家河子水库,2026-09-10 03:00,6,23.227,9.06,7.82,828.92,26.626,4.25,0.019,0.048,1.111,,,2026-09-10 05:01:45
山东省,海河流域,三角洼水库,2026-09-10 03:00,2,23.842,8.34,9.92,1011.668,24.091,2.27,0.054,0.036,1.082,,,2026-09-10 05:01:45
山东省,淮河流域,西闸,2026-09-10 03:00,3,24.516,7.9,6.17,1707.767,18.509,4.1,0.909,0.163,5.579,,,2026-09-10 05:01:45
山东省,淮河流域,范李,2026-09-10 03:00,4,25.542,7.94,4.75,1929.136,26.592,3.52,0.219,0.166,5.056,,,2026-09-10 05:01:45
山东省,海河流域,大山,2026-09-10 03:00,4,24.547,8.04,3.9,2861.863,11.572,5.5,0.083,0.087,1.279,,,2026-09-10 05:01:45
山东省,海河流域,邵家,2026-09-10 03:00,5,24.221,7.71,7.08,8218.83,32.97,11.34,0.223,0.122,2.293,,,2026-09-10 05:01:45
山东省,淮河流域,于楼,2026-09-10 04:00,4,24.388,8.2,4.18,1879.73,70.157,5.55,0.371,0.18,1.391,,,2026-09-10 05:01:45
山东省,淮河流域,徐寨,2026-09-10 04:00,3,24.955,8.24,5.12,1716.68,49.416,5.19,0.072,0.166,1.886,,,2026-09-10 05:01:45
河南省,黄河流域,七里铺,2026-09-10 04:00,3,24.3713,8,7.52,605.815,19.6872,2.82,0.12,0.129,4.014,,,2026-09-10 05:01:45
河南省,淮河流域,尖岗水库,2026-09-10 04:00,2,25.37,8.67,9.98,259.1632,3.4783,2.35,0.0003,0.011,0.3779,,,2026-09-10 05:01:45
河南省,淮河流域,新郑黄甫寨,2026-09-10 04:00,2,24.99,7.64,6,948.66,21.98,3.24,0.258,0.056,3.582,,,2026-09-10 05:01:45
河南省,淮河流域,通许邸阁,2026-09-10 03:00,4,23.44,7.92,4.23,916.48,107.23,5.63,0.123,0.173,1.531,,,2026-09-10 05:01:45
河南省,淮河流域,中牟陈桥,2026-09-10 04:00,3,22.75,7.89,7.27,778.7,45.73,5.16,0.496,0.132,5.0273,,,2026-09-10 05:01:45
河南省,黄河流域,高崖寨,2026-09-10 04:00,2,21.88,7.99,7.03,456.53,9.2,2.59,0.276,0.058,2.712,,,2026-09-10 05:01:45
河南省,黄河流域,龙门大桥,2026-09-10 03:00,2,19.684,8.07,9.02,505.635,91.26,3.44,0.265,0.086,3.397,,,2026-09-10 05:01:45
河南省,淮河流域,紫罗山,2026-09-10 03:00,3,19.06696,7.78,8.45,238.6876,64.44122,4.48,0.361,0.094,4.83089,,,2026-09-10 05:01:45
河南省,黄河流域,白马寺,2026-09-10 04:00,4,23.1,7.62,6.33,612.6,26.6,2.56,0.235,0.228,4.553,,,2026-09-10 05:01:45
河南省,黄河流域,潭头,2026-09-10 03:00,2,20.538,8.04,8,530.8,6.0318,1.53,0.291,0.011,3.119,,,2026-09-10 05:01:45
河南省,淮河流域,大陈闸,2026-09-10 03:00,2,25.83587,8,6.81,859.4076,4.6698,,,,,,,2026-09-10 05:01:45
河南省,淮河流域,白龟山水库,2026-09-10 03:00,4,25,7.42,3.37,328.95,10.87,4.31,0.075,0.033,1.068,0.03687,3583000,2026-09-10 05:01:45
河南省,淮河流域,杨寨中村,2026-09-10 03:00,2,19.79,7.84,7.37,676.84,31.74,3.39,0.201,0.092,7.404,,,2026-09-10 05:01:45
河南省,淮河流域,舞钢石庄桥,2026-09-10 03:00,4,21.11701,7.51,4.84,769.0469,15.93644,3.6,1.188,0.214,8.08286,,,2026-09-10 05:01:45
河南省,海河流域,彰武水库,2026-09-10 04:00,1,23.445,8.06,8.13,592.7,4.05,1.83,,0.015,3.1767,,,2026-09-10 05:01:45
河南省,海河流域,冯宿桥,2026-09-10 04:00,4,22.38,7.58,3.46,637.3718,12.093,2.87,0.276,0.06,4.1639,,,2026-09-10 05:01:45
河南省,海河流域,五陵,2026-09-10 04:00,3,21.72,7.94,7.09,1216.4,88.6,2.88,0.116,0.147,7.565,,,2026-09-10 05:01:45
河南省,海河流域,石辛庄,2026-09-10 04:00,3,22.95,7.84,6.06,1166.489,7.118,4.48,0.184,0.083,6.9949,,,2026-09-10 05:01:45
河南省,海河流域,黄花营,2026-09-10 04:00,2,24.55,8.08,6.83,499.6446,2.1258,0.53,,0.015,4.7769,,,2026-09-10 05:01:45
河南省,海河流域,前枋城,2026-09-10 04:00,1,20.351,7.95,7.94,557.14,6.402,1.31,0.012,,5.1551,,,2026-09-10 05:01:45
河南省,海河流域,卫河小河口,2026-09-10 04:00,4,20.84,7.98,6.62,1226.3,66.54,2.72,0.374,0.238,7.6761,,,2026-09-10 05:01:45
河南省,海河流域,修武水文站,2026-09-10 04:00,3,21.92,7.79,7.02,2457.286,53.92,3.86,0.763,0.179,7.9684,,,2026-09-10 05:01:45
河南省,海河流域,获嘉东碑村,2026-09-10 04:00,3,20.96,7.89,6.96,1641.57,134.24,5.06,0.105,0.186,4.756,,,2026-09-10 05:01:45
河南省,黄河流域,封丘陶北,2026-09-10 04:00,4,21.56,7.86,6.22,952.17,72.64,5.55,0.172,0.259,3.209,,,2026-09-10 05:01:45
河南省,黄河流域,封丘王堤,2026-09-10 04:00,2,19.355,7.59,6.71,869.87,63.19,3.31,0.222,0.1,3.0588,,,2026-09-10 05:01:45
河南省,海河流域,新乡贾太湖,2026-09-10 04:00,3,21.42,8.23,8.12,678.724,713.587,3.16,0.064,0.138,3.5293,,,2026-09-10 05:01:45
河南省,黄河流域,武陟渠首,2026-09-10 04:00,2,21.48,8.04,8.8,868.72,35.93,1.16,0.028,0.047,4.496,,,2026-09-10 05:01:45
河南省,黄河流域,孟州还封村,2026-09-10 03:00,4,20.71456,7.49,6.11,1201.207,42.43804,3.62,1.32,0.286,10.6461,,,2026-09-10 05:01:45
河南省,海河流域,南乐元村集,2026-09-10 04:00,4,22.09,7.86,8.6,1357.27,120.93,3.25,0.191,0.248,6.982,,,2026-09-10 05:01:45
河南省,海河流域,南乐水文站,2026-09-10 04:00,4,24.3,7.68,4.17,743.6528,114.24,6.01,0.291,0.188,3.7211,,,2026-09-10 05:01:45
河南省,黄河流域,濮阳大韩桥,2026-09-10 04:00,4,22.56,7.4,3.44,810.97,54.36,3.48,0.048,0.113,1.125,,,2026-09-10 05:01:45
河南省,淮河流域,白沙水库,2026-09-10 04:00,2,25.1936,8.11,6.4,706.491,10.6613,3.83,0.024,0.021,3.4933,,,2026-09-10 05:01:45
河南省,淮河流域,召陵武湾,2026-09-10 04:00,2,25.68,7.98,7.24,619,22.47,3.53,0.072,0.079,4.962,,,2026-09-10 05:01:45
河南省,淮河流域,郾城漯邓桥,2026-09-10 04:00,4,23,7.78,6.03,1861.8,27.54,3.08,0.086,0.214,3.715,,,2026-09-10 05:01:45
河南省,淮河流域,叶舞公路桥,2026-09-10 04:00,2,23.279,7.42,6.81,309.09,22.776,3.82,0.026,0.085,2.623,,,2026-09-10 05:01:45
河南省,淮河流域,临颍高村桥,2026-09-10 04:00,3,23.09,7.7,7.76,1109.74,16.66,2.7,0.602,0.135,9.85,,,2026-09-10 05:01:45
河南省,淮河流域,舞阳马湾,2026-09-10 03:00,2,26.514,8.02,7.54,613.363,18.851,2.21,0.05,0.041,5.11,,,2026-09-10 05:01:45
河南省,黄河流域,洛河大桥,2026-09-10 04:00,2,21.03,8.37,8.43,462.604,32.763,1.33,0.262,0.052,1.949,,,2026-09-10 05:01:45
河南省,长江流域,淅川荆紫关,2026-09-10 04:00,3,23.34544,7.88,5.55,352.8595,0.312463,1.65,0.006,0.024,1.333,,,2026-09-10 05:01:45
河南省,长江流域,淅川史家湾,2026-09-10 04:00,2,24.8,7.94,6.38,385.251,8.831,1.7,0.028,0.018,1.3594,0.00154,,2026-09-10 05:01:45
河南省,长江流域,淅川高湾,2026-09-10 04:00,2,24.43,8,8.46,395.263,16.006,1.94,0.067,0.025,1.3725,0.004,,2026-09-10 05:01:45
河南省,长江流域,淅川张营,2026-09-10 04:00,4,27.8,7.87,4.35,319.891,5.951,3.48,0.086,0.025,1.5655,0.00323484,,2026-09-10 05:01:45
河南省,长江流域,五龙泉,2026-09-10 04:00,2,25.89,7.96,6.44,257.46,5.69,1.9,0.021,0.016,0.807,0.0018,709929.6,2026-09-10 05:01:45
河南省,长江流域,宋岗,2026-09-10 03:00,2,26.783,8.14,6.36,271.8,4.241,1.36,0.014,0.008,0.699,0.002517,1018764,2026-09-10 05:01:45
河南省,长江流域,陶岔,2026-09-10 04:00,3,26.49,8.18,5.83,258.93,4.921,1.44,0.024,0.014,1.1479,0.0029,753442,2026-09-10 05:01:45
河南省,长江流域,三道河,2026-09-10 03:00,1,19.456,8.08,9.12,456.653,5.556,0.74,0.005,0.004,2.167,,,2026-09-10 05:01:45
河南省,长江流域,上河,2026-09-10 03:00,2,22.48,7.88,8.31,218.0753,5.544,2.07,0.006,0.007,0.3399,,,2026-09-10 05:01:45
河南省,长江流域,方城夏河,2026-09-10 03:00,3,20.54,7.73,5.82,663.2064,40.707,2.08,0.12,0.106,5.914,,,2026-09-10 05:01:45
河南省,长江流域,内乡怀乡桥,2026-09-10 03:00,2,25.22624,6.78,6.49,398.2072,15.37568,2.22,0.01,0.022,1.83036,,,2026-09-10 05:01:45
河南省,淮河流域,新野溧河桥,2026-09-10 03:00,2,21.48848,7.77,7.82,357.2021,34.06184,3.98,0.075,0.091,1.76153,,,2026-09-10 05:01:45
河南省,淮河流域,吕楼桥,2026-09-10 04:00,4,21.17,7.74,3.76,1552.691,32.498,3.04,0.132,0.073,0.6478,,,2026-09-10 05:01:45
河南省,淮河流域,黄口,2026-09-10 04:00,4,26.68,7.68,3.21,1638.707,8.706,4.64,0.557,0.085,4.5089,,,2026-09-10 05:01:45
河南省,淮河流域,睢县板桥,2026-09-10 03:00,4,22.44,7.78,6.18,1406.67,68.22,6.81,0.264,0.14,4.576,,,2026-09-10 05:01:45
河南省,淮河流域,永城张板桥,2026-09-10 03:00,4,25.97,8.5,9.31,1352.34,32.3,8.44,0.023,0.211,1.831,,,2026-09-10 05:01:45
河南省,淮河流域,长台关甘岸桥,2026-09-10 04:00,2,23.13,7.44,6.5,317.57,13.24,3.87,,0.061,1.135,,,2026-09-10 05:01:45
河南省,淮河流域,息县大埠口,2026-09-10 03:00,3,24.8592,7.45,5.01,288.0443,15.86796,3.47,0.027,0.053,0.78654,,,2026-09-10 05:01:45
河南省,淮河流域,潢川水文站,2026-09-10 04:00,2,24.0219,6.78,7.59,247.071,14.0783,3.48,0.037,0.081,1.1559,,,2026-09-10 05:01:45
河南省,淮河流域,淮滨北庙,2026-09-10 03:00,2,26.47,7.54,6.77,216.7868,40.79621,2.37,0.003,0.059,0.79147,,,2026-09-10 05:01:45
河南省,淮河流域,饮用水源地取水口,2026-09-10 03:00,2,25.04,7.99,7.14,168.61,6.14,3.99,0.01,0.022,0.627,0.082,28000,2026-09-10 05:01:45
河南省,淮河流域,竹竿铺,2026-09-10 04:00,2,24.66,8.2,6.9,186.91,15.52,2.97,0.051,0.052,0.629,,,2026-09-10 05:01:45
河南省,淮河流域,固始马罡,2026-09-10 04:00,4,25.5083,7.41,4.59,191.637,8.337,2.79,0.025,0.034,0.5671,,,2026-09-10 05:01:45
河南省,淮河流域,老沈丘泉河桥,2026-09-10 04:00,4,27.08,7.72,4.28,1103.751,31.038,3.8,0.104,0.154,2.6669,,,2026-09-10 05:01:45
河南省,淮河流域,刘寨村后,2026-09-10 04:00,3,26.27,7.88,5.01,1320,45.31,5.99,0.063,0.1,2.0693,,,2026-09-10 05:01:45
河南省,淮河流域,西华大王庄,2026-09-10 03:00,3,22.9383,8.15,8.17,895.84,42.6102,4.98,0.104,0.106,3.073,,,2026-09-10 05:01:45
河南省,淮河流域,周口康店,2026-09-10 04:00,2,26.67,7.5,6.85,699.0647,13.26,3.2,0.116,0.062,3.5846,,,2026-09-10 05:01:45
河南省,淮河流域,商水双桥,2026-09-10 04:00,2,25.28,7.79,6.36,931.8638,16.0641,3.44,0.077,0.083,6.081,,,2026-09-10 05:01:45
河南省,淮河流域,鄢陵陶城闸,2026-09-10 04:00,3,22.3,7.82,5.75,1262.6,11.5,3.15,0.518,0.15,9.0928,,,2026-09-10 05:01:45
河南省,淮河流域,鹿邑付桥,2026-09-10 04:00,4,26.56,7.64,3.39,603.091,23.658,4.72,0.18,0.094,2.4397,,,2026-09-10 05:01:45
河南省,淮河流域,西华址坊,2026-09-10 03:00,3,21.47,7.96,7.02,961.87,31.64,3.52,0.126,0.121,6.317,,,2026-09-10 05:01:45
河南省,淮河流域,冯塘邱屯,2026-09-10 03:00,5,23.51,7.49,2.64,1035.959,22.15513,4.72,0.127,0.136,5.39442,,,2026-09-10 05:01:45
河南省,淮河流域,鹿邑宋河桥,2026-09-10 03:00,6,24.42,7.85,0.31,1334.54,81.01,7.24,1.174,0.188,5.057,,,2026-09-10 05:01:45
河南省,淮河流域,西平杨庄,2026-09-10 03:00,3,23.094,7.91,6.79,1377.755,19.78909,,0.091,0.146,4.91224,,,2026-09-10 05:01:45
河南省,淮河流域,板桥水库,2026-09-10 04:00,4,23.94,7.66,3.81,192.7908,7.32,3.76,0.055,0.022,0.632,,,2026-09-10 05:01:45
河南省,淮河流域,西平王孟寺,2026-09-10 03:00,4,21.78843,7.55,4.32,884.8371,35.14232,3.96,0.091,0.191,4.3438,,,2026-09-10 05:01:45
河南省,淮河流域,新蔡李桥,2026-09-10 03:00,4,23.279,8.12,7.41,989.3,40.44,2.59,0.11,0.236,2.697,,,2026-09-10 05:01:45
河南省,黄河流域,小浪底水库,2026-09-10 04:00,2,27.59,8.06,6.15,939.878,8.921,2.05,0.059,0.028,3.0808,,,2026-09-10 05:01:45
河南省,黄河流域,南山,2026-09-10 03:00,2,23.58134,8.13,6.2,864.3753,22.08023,1.8,0.009,0.024,3.29437,0.00499,2531068,2026-09-10 05:01:45
湖北省,长江流域,朱家河口,2026-09-10 03:00,4,26.862,7.32,4.08,576.575,60.195,4.1,0.113,0.124,5.14,,,2026-09-10 05:01:45
湖北省,长江流域,牛山湖湖心,2026-09-10 04:00,3,25.73,8.02,7.55,192.137,21.49,,,0.032,,0.00429,1.802218,2026-09-10 05:01:45
湖北省,长江流域,西梁子湖湖北,2026-09-10 04:00,3,25.9683,7.74,6.68,193.63,43.26,4.2,,0.041,0.717,0.0031,1.449541,2026-09-10 05:01:45
湖北省,长江流域,宗关,2026-09-10 03:00,2,26.89,8.61,8.93,352.9,11.046,2.23,0.013,0.051,1.294,0.018188,,2026-09-10 05:01:45
湖北省,长江流域,杨泗港,2026-09-10 04:00,2,26.59,7.68,7.68,249.848,80.39,0.74,,0.061,2.563,,,2026-09-10 05:01:45
湖北省,长江流域,冯集,2026-09-10 03:00,3,26.15,7.23,5.29,235.352,21.086,3.64,0.285,0.184,1.318,,,2026-09-10 05:01:45
湖北省,长江流域,龙口,2026-09-10 04:00,4,25.9,8.13,6.03,210.5,19.81,6.12,0.066,0.054,0.905,,,2026-09-10 05:01:45
湖北省,长江流域,金水闸,2026-09-10 04:00,5,26.32,7.06,2.33,302.57,33.84,6.07,0.224,0.064,1.167,,,2026-09-10 05:01:45
湖北省,长江流域,郭玉,2026-09-10 03:00,2,25.515,8.27,6.94,208.5,16.325,3.32,0.089,0.082,1.576,,,2026-09-10 05:01:45
湖北省,长江流域,滠口,2026-09-10 04:00,4,25.42,7.6,4.91,217.0938,55.96,5.21,0.173,0.096,1.306,,,2026-09-10 05:01:45
湖北省,长江流域,港洲村,2026-09-10 04:00,3,26.71,7.53,5.76,455.15,24.12,4.16,0.065,0.115,0.846,,,2026-09-10 05:01:45
湖北省,长江流域,黄陵大桥,2026-09-10 03:00,4,26.161,7.32,3.38,407.713,25.468,3.53,0.125,0.125,1.847,,,2026-09-10 05:01:45
湖北省,长江流域,太平沙,2026-09-10 03:00,4,23.27,7.39,3.29,492.4,20.14,4.23,0.014,0.076,1.72,,,2026-09-10 05:01:45
湖北省,长江流域,白浒山,2026-09-10 04:00,2,26.23,7.74,6.84,279.2659,56.28573,1.63,0.021,0.088,1.459666,,,2026-09-10 05:01:45
湖北省,长江流域,挖沟泵站,2026-09-10 04:00,4,26.94475,7.21,4.97,1499.647,38.32254,4.52,0.073,0.126,1.985502,,,2026-09-10 05:01:45
湖北省,长江流域,富池闸,2026-09-10 04:00,2,27.27,7.44,6.84,219.3014,12.23613,2.14,0.018,0.048,1.052339,,,2026-09-10 05:01:45
湖北省,长江流域,大冶湖闸,2026-09-10 04:00,4,29.01,7.68,4.76,305.51,22.82,4.86,0.11,0.08,0.919,,,2026-09-10 05:01:45
湖北省,长江流域,夹河口,2026-09-10 04:00,3,23.8,7.66,5.22,282.1367,6.78,2.31,0.008,0.013,1.472,,,2026-09-10 05:01:45
湖北省,长江流域,天河口,2026-09-10 04:00,2,24.165,7.68,7.55,420.447,5.9,2,0.121,0.042,1.2733,,,2026-09-10 05:01:45
湖北省,长江流域,焦家院,2026-09-10 03:00,3,23.12,7.58,5.79,244.41,6.457,2.24,0.012,0.015,1,,,2026-09-10 05:01:45
湖北省,长江流域,孙家湾,2026-09-10 04:00,2,26.56,8.44,7.3,227.82,15.46,3.11,0.033,0.056,1.235,,,2026-09-10 05:01:45
湖北省,长江流域,浪河口,2026-09-10 04:00,4,27.26,7.48,4.63,178.711,7.06,3.18,0.056,0.027,0.824,,,2026-09-10 05:01:45
湖北省,长江流域,丹江口水库坝上中,2026-09-10 04:00,2,27.55,8,6.02,241.183,2.613389,1.65,0.058,0.005,0.7974,0.0033711,2003000,2026-09-10 05:01:45
湖北省,长江流域,陈家坡,2026-09-10 04:00,4,24.9,7.82,4.89,249.76,5.43,2.56,0.029,0.02,1.1845,,,2026-09-10 05:01:45
湖北省,长江流域,潘口水库坝上,2026-09-10 04:00,2,26.07,8.6,7.7,183.3,5.8,2.64,,0.012,0.474,,,2026-09-10 05:01:45
湖北省,长江流域,剑河口,2026-09-10 04:00,2,27.75,8.14,7.17,214.3,0.12,2.3,0.035,0.023,1.022,,,2026-09-10 05:01:45
湖北省,长江流域,东湾桥,2026-09-10 04:00,3,18.91,7.97,8.79,503.8695,13.77,4.12,0.059,0.082,2.8838,,,2026-09-10 05:01:45
湖北省,长江流域,玉皇滩,2026-09-10 04:00,2,24.72,8.15,7.31,363.3,5.59,1.49,0.025,0.011,1.211,,,2026-09-10 05:01:45
湖北省,长江流域,神定河口,2026-09-10 03:00,4,22.7,7.66,8.39,380.138,31.298,6.37,0.376,0.203,6.432,,,2026-09-10 05:01:45
湖北省,长江流域,泗河口,2026-09-10 03:00,4,21.61,7.57,6.05,719.424,10.448,4.6,1.07,0.132,6.464,,,2026-09-10 05:01:45
湖北省,长江流域,王河电站,2026-09-10 04:00,2,24.53,8.09,6.51,384.4172,14.29,1.86,0.047,0.017,1.0652,,,2026-09-10 05:01:45
湖北省,长江流域,隔河岩水库坝上,2026-09-10 04:00,2,20.09,8.26,7.3,238.18,2.2,1.2,0.004,0.009,1.851,0.04162,2423643,2026-09-10 05:01:45
湖北省,长江流域,长沙坝,2026-09-10 03:00,2,27.667,8.33,7.86,468.484,17.948,2.04,0.031,0.025,1.879,,,2026-09-10 05:01:45
湖北省,长江流域,清江大桥,2026-09-10 04:00,3,21.19,7.48,5.72,324.39,7.538,1.06,,0.01,2.637,,,2026-09-10 05:01:45
湖北省,长江流域,南津关,2026-09-10 04:00,2,27.19,7.79,6.88,427.035,4.471534,1.67,0.007,0.045,2.2573,0.0193609,,2026-09-10 05:01:45
湖北省,长江流域,马渡河,2026-09-10 04:00,4,20.29,7.35,4.59,376.94,3.42,2.74,0.004,0.01,2.47,,,2026-09-10 05:01:45
湖北省,长江流域,铁路大桥,2026-09-10 04:00,2,23.38,7.72,6.28,543.2,14.3,2.12,0.072,0.04,1.539,,,2026-09-10 05:01:45
湖北省,长江流域,两河口,2026-09-10 04:00,2,23.632,7.81,7.17,604.704,18.4644,3.01,0.025,0.041,3.6291,,,2026-09-10 05:01:45
湖北省,长江流域,桅杆坪,2026-09-10 04:00,3,19.58,7.38,5.65,282.46,1.67,1.2,0.002,0.031,2.843,,,2026-09-10 05:01:45
湖北省,长江流域,白石港,2026-09-10 04:00,2,24.93,8.15,7.11,318.74,3,2.17,0.071,0.011,1.209,,,2026-09-10 05:01:45
湖北省,长江流域,翟湾,2026-09-10 04:00,2,22.53,7.7,6.05,472.0683,37.15868,3.14,0.095,0.098,1.9076,,,2026-09-10 05:01:45
湖北省,长江流域,埠口,2026-09-10 03:00,3,23.97646,8.06,5.36,452.9432,16.75576,3.87,0.031,0.078,1.05206,,,2026-09-10 05:01:45
湖北省,长江流域,张湾,2026-09-10 04:00,2,24.14,7.89,7.93,456.8029,16.38,3.65,0.121,0.092,2.161,,,2026-09-10 05:01:45
湖北省,长江流域,余家湖,2026-09-10 04:00,2,26.3,7.91,6.92,323.3267,27.95,2.47,0.109,0.032,1.412,,,2026-09-10 05:01:45
湖北省,长江流域,聂家滩,2026-09-10 04:00,2,24.02,7.76,6.57,310.4786,32.19,2.14,0.078,0.037,1.446,,,2026-09-10 05:01:45
湖北省,长江流域,汤店,2026-09-10 04:00,4,23.75,7.32,3.84,660.8992,11.51,5.12,0.154,0.066,2.703,,,2026-09-10 05:01:45
湖北省,长江流域,沈湾,2026-09-10 04:00,3,16.96,7.63,5.75,326.5,8,2.05,0.032,0.015,1.388,,,2026-09-10 05:01:45
湖北省,长江流域,朱市,2026-09-10 04:00,3,23.49,7.81,5.6,500.8065,30.62,2.6,0.099,0.093,1.596,,,2026-09-10 05:01:45
湖北省,长江流域,茶庵,2026-09-10 04:00,2,24.88,8.04,7.11,347.8752,21.26,1.46,0.047,0.014,1.498,,,2026-09-10 05:01:45
湖北省,长江流域,马兰河口,2026-09-10 04:00,2,23.79,7.77,7.12,346.7,7.76,1.68,0.025,0.035,1.642,,,2026-09-10 05:01:45
湖北省,长江流域,燕矶,2026-09-10 04:00,2,26.61,7.67,7.27,284.83,44.41,1.48,0.113,0.073,1.924,,,2026-09-10 05:01:45
湖北省,长江流域,东梁子湖湖心,2026-09-10 04:00,4,25.69,7.62,7.02,190.199,28.078,4.09,,0.053,0.485,,,2026-09-10 05:01:45
湖北省,长江流域,梁子湖七星站,2026-09-10 04:00,2,25.59,6.6,8.55,,0.5667183,1.07,0.119,0.019,1.46685,0.03162011,,2026-09-10 05:01:45
湖北省,长江流域,漳河水库库心,2026-09-10 04:00,1,25.57,8.37,8.45,320.2875,1.7779,1.54,,0.0003,0.422,0.0001,1.1358,2026-09-10 05:01:45
湖北省,长江流域,转斗,2026-09-10 04:00,2,24.47,8.22,8.1,417.082,9.2736,2.73,0.017,0.03,1.355,,,2026-09-10 05:01:45
湖北省,长江流域,罗汉闸,2026-09-10 04:00,3,25.1,8.11,8.78,359.11,57.96,3.55,0.042,0.123,1.5209,,,2026-09-10 05:01:45
湖北省,长江流域,京山河邓李港,2026-09-10 04:00,2,26.07,7.52,7.79,475.9734,19.825,3.25,,0.097,1.624,,,2026-09-10 05:01:45
湖北省,长江流域,马良龚家湾,2026-09-10 04:00,3,25.153,7.37,5.75,2025.26,71.3554,5.3,0.813,0.197,4.8128,,,2026-09-10 05:01:45
湖北省,长江流域,应城公路桥,2026-09-10 04:00,2,23.2,8.08,7.85,608.95,15.3896,2.43,0.07,0.029,0.216,,,2026-09-10 05:01:45
湖北省,长江流域,田店泵站,2026-09-10 04:00,2,25.3,8.08,7.53,509.85,33.4765,1.94,,0.03,0.43725,,,2026-09-10 05:01:45
湖北省,长江流域,垌冢桥,2026-09-10 03:00,3,24.878,7.52,5.84,378.561,12.756,2.46,0.072,0.133,1.844,,,2026-09-10 05:01:45
湖北省,长江流域,新沟闸,2026-09-10 04:00,3,26.45,7.78,5.88,407.06,17.46,2.93,,0.071,1.046,,,2026-09-10 05:01:45
湖北省,长江流域,小河,2026-09-10 04:00,2,27.08,8.57,10.25,361.04,26.44,3.23,0.039,0.041,1.747,,,2026-09-10 05:01:45
湖北省,长江流域,孝昌王店,2026-09-10 04:00,2,24.48,6.43,6.65,348.8,10.6003,3.9,0.063,0.061,0.9134,,,2026-09-10 05:01:45
湖北省,长江流域,孝感河口大桥,2026-09-10 04:00,3,26.47,7.69,5.82,282.354,17.69,4.34,0.037,0.068,1.3402,,,2026-09-10 05:01:45
湖北省,长江流域,大悟河口,2026-09-10 04:00,2,21.67,7.56,7.85,253.6,7.21,2.81,,0.028,0.2857,,,2026-09-10 05:01:45
湖北省,长江流域,安陆桑树,2026-09-10 04:00,3,25.29,7.7,5.69,475.45,19.2489,3.41,0.046,0.035,0.46138,,,2026-09-10 05:01:45
湖北省,长江流域,隔蒲桥,2026-09-10 04:00,4,25.44,7.17,4.64,376.7,12.138,5.12,0.182,0.059,1.1994,,,2026-09-10 05:01:45
湖北省,长江流域,汉川新堰,2026-09-10 04:00,4,26.49,7.4,4.5,433.78,38.282,3.59,0.075,0.13,1.977,,,2026-09-10 05:01:45
湖北省,长江流域,杨柴湖,2026-09-10 04:00,6,23.7,6.76,1.76,341.9,13.7,4.48,0.012,0.088,0.538,0.00143,750046.9,2026-09-10 05:01:45
湖北省,长江流域,排水闸,2026-09-10 04:00,4,25.09,7.65,7,388.6886,86.5391,2.89,,0.068,1.494,0.00133,3.372783,2026-09-10 05:01:45
湖北省,长江流域,洪湖湖心,2026-09-10 04:00,4,24.1,8.12,7.71,359.367,291.965,5.3,0.155,0.08,2.274,0.003,144899,2026-09-10 05:01:45
湖北省,长江流域,观音寺,2026-09-10 04:00,-1,,,,,,,,,,,,2026-09-10 05:01:45
湖北省,长江流域,新刘家台,2026-09-10 03:00,2,26.477,8.21,7.43,389.2,10.094,2.12,0.029,0.038,1.591,,,2026-09-10 05:01:45
湖北省,长江流域,荆州河口,2026-09-10 04:00,2,25.97,7.52,6,529.1049,45.3541,3.06,0.078,0.046,2.353,,,2026-09-10 05:01:45
湖北省,长江流域,康家岗,2026-09-10 04:00,1,25.94,8.08,9.65,379.814,26.6502,1.33,,0.02,1.3656,,,2026-09-10 05:01:45
湖北省,长江流域,新河村,2026-09-10 03:00,4,27.189,7.45,3.04,439.5,22.595,3.21,0.219,0.122,2.01,,,2026-09-10 05:01:45
湖北省,长江流域,新滩,2026-09-10 03:00,4,27.295,7.56,4.69,381.65,28.675,3.16,0.004,0.034,1.323,,,2026-09-10 05:01:45
湖北省,长江流域,淤泥湖,2026-09-10 04:00,2,27.2,8.64,9.13,403.5,27.5,2.3,0.016,0.073,1.461,,,2026-09-10 05:01:45
湖北省,长江流域,杨家垱,2026-09-10 04:00,2,25.35,8.62,9.79,410.34,31.39,1.9,0.023,0.046,1.545,,,2026-09-10 05:01:45
湖北省,长江流域,三兴公,2026-09-10 03:00,3,24.742,7.58,5.44,603.8,13.874,2.81,0.112,0.051,0.789,,,2026-09-10 05:01:45
湖北省,长江流域,姚集,2026-09-10 04:00,3,27.1,7.69,5.88,460,12.9,2.12,0.069,0.05,1.515,,,2026-09-10 05:01:45
湖北省,长江流域,乌溪沟,2026-09-10 04:00,2,23.93888,7.97,7.42,376.4259,8.462935,1.54,0.033,0.04,1.597566,,,2026-09-10 05:01:45
湖北省,长江流域,白莲河水库坝上,2026-09-10 03:00,3,27.442,7.63,5.3,115.2,4.64,3.26,0.003,0.025,0.5449,0.01046,41339,2026-09-10 05:01:45
湖北省,长江流域,巴河镇河口,2026-09-10 03:00,2,27.62,7.98,7.44,184.289,10.354,3.33,,0.064,0.747,,,2026-09-10 05:01:45
湖北省,长江流域,兰溪大桥,2026-09-10 03:00,3,28.898,7.32,5.42,176.982,5.915,3.93,0.037,0.064,1.196,,,2026-09-10 05:01:45
湖北省,长江流域,中官铺,2026-09-10 03:00,2,27.147,7.76,7.14,291.893,31.81,1.88,,0.056,1.592,,,2026-09-10 05:01:45
湖北省,长江流域,蕲春县八里湖,2026-09-10 04:00,3,28.16,7.69,7.12,193.7826,38.39,2.91,0.128,0.114,1.312,,,2026-09-10 05:01:45
湖北省,长江流域,咸宁湖心,2026-09-10 04:00,4,26.82,7.76,5.28,218.516,125.899,6.29,0.167,0.073,0.962,0.01498,1.221874,2026-09-10 05:01:45
湖北省,长江流域,富水水库,2026-09-10 04:00,3,27.96,8.47,6.88,241.4215,12.49,2.21,0.013,0.026,0.595,0.01,2.0539,2026-09-10 05:01:45
湖北省,长江流域,窑嘴大桥,2026-09-10 04:00,4,26.83,7.33,3.24,385.5145,20.74,2.01,0.008,0.07,3.594,,,2026-09-10 05:01:45
湖北省,长江流域,陆溪口,2026-09-10 04:00,3,27.66,7.35,5.24,225.24,5.73,3.12,0.174,0.063,1.096,,,2026-09-10 05:01:45
湖北省,长江流域,洪下水文站,2026-09-10 04:00,2,25.7,7.91,8.3,164.4,4.65,1.26,0.05,0.059,1.237,,,2026-09-10 05:01:45
湖北省,长江流域,厉山,2026-09-10 04:00,3,24.25,7.66,6.16,440.3279,24.41,4.79,0.059,0.109,2.1772,,,2026-09-10 05:01:45
湖北省,长江流域,平林,2026-09-10 04:00,3,26.27,8.03,6.69,314.155,9.67,4.41,0.003,0.065,0.829,,,2026-09-10 05:01:45
湖北省,长江流域,涢水大桥,2026-09-10 04:00,4,26.7,7.58,4.65,407.6823,19.09,4.39,0.079,0.072,0.6225,,,2026-09-10 05:01:45
湖北省,长江流域,江口村,2026-09-10 04:00,1,26.35,8.41,8.79,194.45,5.404,0.62,,0.013,0.937,,,2026-09-10 05:01:45
湖北省,长江流域,恩施大沙坝,2026-09-10 04:00,4,24.44,7.55,4.19,367.04,8.2,2.35,0.639,0.136,3.804,,,2026-09-10 05:01:45
湖北省,长江流域,雪照河,2026-09-10 04:00,1,20.56,8.22,7.72,350.31,14.099,0.58,,0.019,2.383,,,2026-09-10 05:01:45
湖北省,长江流域,周家坝,2026-09-10 04:00,2,23.07,7.73,6.27,233.46,7.394,0.64,,0.003,2.08,,,2026-09-10 05:01:45
湖北省,长江流域,百福司镇,2026-09-10 03:00,1,25.371,7.57,7.5,232.798,0.803,0.92,0.028,0.015,1.138,,,2026-09-10 05:01:45
湖北省,长江流域,长顺乡,2026-09-10 03:00,1,22.194,7.52,8.27,228.603,2.7317,1.12,0.004,0.009,1.272,,,2026-09-10 05:01:45
湖北省,长江流域,黄腊石,2026-09-10 03:00,2,26.44,7.46,7.45,363.395,8.888,1.81,0.005,0.047,2.786,,,2026-09-10 05:01:45
湖北省,长江流域,乐坪桥,2026-09-10 03:00,1,24.53,7.83,8.05,224.473,1.306,0.58,0.007,0.015,0.851,,,2026-09-10 05:01:45
湖北省,长江流域,积玉口荷花村,2026-09-10 04:00,3,24.74,7.82,5.65,385.2995,40.7083,3.77,0.126,0.101,1.253,,,2026-09-10 05:01:45
湖北省,长江流域,潜江大桥,2026-09-10 04:00,2,23.43,8.27,8.76,,,2.95,0.002,0.036,1.378,,,2026-09-10 05:01:45
湖北省,长江流域,运粮湖同心队,2026-09-10 03:00,4,25.868,7.5,3.94,456.45,28.045,3.13,0.069,0.091,2.153,,,2026-09-10 05:01:45
湖北省,长江流域,岳口,2026-09-10 04:00,2,26.9,8.28,6.74,377,18.37,2.55,0.037,0.045,1.663,,,2026-09-10 05:01:45
湖北省,长江流域,拖市,2026-09-10 04:00,4,25.32,7.4,4.07,775.8,42.23,4.02,0.119,0.111,1.6936,,,2026-09-10 05:01:45
湖北省,长江流域,阳日湾,2026-09-10 04:00,2,19.332,7.87,8.38,360.089,11.815,0.67,0.057,0.036,1.1314,,,2026-09-10 05:01:45
湖南省,长江流域,昭山,2026-09-10 04:00,2,24.9,7.19,7.52,172.4,355.8,2.41,,0.092,1.413,,,2026-09-10 05:01:45
湖南省,长江流域,捞刀河口,2026-09-10 04:00,3,26.41,6.83,5.25,202.8,11.6944,2.59,0.088,0.07,1.827,,,2026-09-10 05:01:45
湖南省,长江流域,三角洲,2026-09-10 04:00,3,26.93,6.94,5.44,194.04,8.76,2.22,0.065,0.137,2.902,,,2026-09-10 05:01:45
湖南省,长江流域,胜利,2026-09-10 04:00,2,25.91,7.55,7.41,241.02,14.14,3.09,0.038,0.068,1.442,,,2026-09-10 05:01:45
湖南省,长江流域,桔子洲,2026-09-10 04:00,2,24.59,7.61,7.05,178.6061,45.91,1.5,0.089,0.082,1.969,,,2026-09-10 05:01:45
湖南省,长江流域,湘东沿塘,2026-09-10 03:00,2,26.497,7.19,7.42,59.611,10.069,1.36,0.028,0.048,1.706,,,2026-09-10 05:01:45
湖南省,长江流域,马家河,2026-09-10 03:00,2,25.35,7.38,7.93,180.56,26.33,2.21,,0.062,1.57,,,2026-09-10 05:01:45
湖南省,长江流域,渌水入河口,2026-09-10 03:00,2,26.6641,7.13,6.94,206.7958,8.5404,2.45,0.04,0.084,1.634,,,2026-09-10 05:01:45
湖南省,长江流域,涟水入河口,2026-09-10 03:00,2,28.01,7.89,7.59,326.64,23.46,3.39,0.017,0.062,1.5269,,,2026-09-10 05:01:45
湖南省,长江流域,西阳渡口,2026-09-10 04:00,2,25.32,7.89,9.19,315.69,4.248,1.92,,0.027,1.422,,,2026-09-10 05:01:45
湖南省,长江流域,舂陵水入湘江口,2026-09-10 03:00,2,24.4122,7.79,7.86,255.1089,13.2954,1.29,0.028,0.054,1.3253,,,2026-09-10 05:01:45
湖南省,长江流域,耒水入湘江口,2026-09-10 03:00,2,24.6787,7.41,6.74,232.9275,22.9887,1.8,0.024,0.088,1.744,,,2026-09-10 05:01:45
湖南省,长江流域,熬洲,2026-09-10 04:00,2,24.79,7.23,7.7,148.2969,22.4848,1.56,0.067,0.097,1.2384,,,2026-09-10 05:01:45
湖南省,长江流域,大河滩,2026-09-10 03:00,2,22.91,7.16,6.93,199.12,3.47,1.36,0.023,0.056,1.709,,,2026-09-10 05:01:45
湖南省,长江流域,草市镇,2026-09-10 03:00,2,24.883,6.47,8.03,66.0742,48.4592,1.32,0.039,0.061,1.064,,,2026-09-10 05:01:45
湖南省,长江流域,洣水入湘江口,2026-09-10 04:00,2,25.364,7.36,6.53,93.94,16.6,2.12,0.073,0.067,1.142,,,2026-09-10 05:01:45
湖南省,长江流域,城北水厂,2026-09-10 04:00,2,24.25,7.67,8.08,220.1,19.62,1.98,0.041,0.074,1.4452,,,2026-09-10 05:01:45
湖南省,长江流域,蒸水入湘江口,2026-09-10 03:00,4,28.3595,7.45,4.59,282.1109,16.4764,4.03,0.056,0.145,2.533,,,2026-09-10 05:01:45
湖南省,长江流域,塘渡口,2026-09-10 04:00,2,23.38,7.79,8.27,169.7544,8.27,1.1,0.029,0.03,1.842,,,2026-09-10 05:01:45
湖南省,长江流域,窑市,2026-09-10 04:00,2,24.43,7.45,8.19,44.6995,5.9725,1.36,0.014,0.022,0.442,,,2026-09-10 05:01:45
湖南省,长江流域,渡头村,2026-09-10 04:00,2,24.81,7.76,7.26,198.391,7.1723,1.59,0.06,0.06,1.302,,,2026-09-10 05:01:45
湖南省,长江流域,邵水入河口,2026-09-10 04:00,2,26.33,7.47,6.49,351.795,9.351,2.33,0.172,0.085,2.264,,,2026-09-10 05:01:45
湖南省,长江流域,绥宁河口镇,2026-09-10 04:00,2,23.3433,7.63,8.9,101.316,6.3841,0.89,0.009,0.024,0.8329,,,2026-09-10 05:01:45
湖南省,长江流域,岳阳楼,2026-09-10 04:00,3,25.66,7.72,7.68,193.615,57.83387,1.84,0.016,0.044,1.2573,0.0012656,221777,2026-09-10 05:01:45
湖南省,长江流域,樟树港,2026-09-10 03:00,4,19.982,7.71,11.59,196.877,35.22,1.93,0.055,0.218,0.338,,,2026-09-10 05:01:45
湖南省,长江流域,城陵矶,2026-09-10 04:00,2,25.34,7.55,7.02,209.719,54.68143,2.42,0.017,0.045,0.9997,,,2026-09-10 05:01:45
湖南省,长江流域,荆江口,2026-09-10 04:00,2,25.86,7.82,7.83,417.0401,13.2248,0.74,0.052,0.035,1.9106,,,2026-09-10 05:01:45
湖南省,长江流域,六门闸,2026-09-10 04:00,2,25.13,8.03,6.21,425.8428,12,1.77,0.01,0.048,0.8,,,2026-09-10 05:01:45
湖南省,长江流域,南渡,2026-09-10 04:00,3,25.56,6.94,7.72,97.2,21.47,2.02,0.058,0.13,1.466,,,2026-09-10 05:01:45
湖南省,长江流域,八仙桥,2026-09-10 04:00,2,25.6,7.15,6.77,157.4646,11.5646,3.52,0.054,0.052,1.1965,,,2026-09-10 05:01:45
湖南省,长江流域,坡头,2026-09-10 04:00,2,25.96,8.12,7.86,208.5152,26.48673,1.1,,0.033,1.5661,0.0007966,,2026-09-10 05:01:45
湖南省,长江流域,蒋家嘴,2026-09-10 04:00,3,21.63,7.7,6.26,199.2817,20.857,1.3,0.038,0.033,1.2889,0.00179,1.5156,2026-09-10 05:01:45
湖南省,长江流域,澧水三江口,2026-09-10 03:00,2,25.81876,7.86,7.81,225.2642,6.40423,0.81,0.004,0.022,1.16086,,,2026-09-10 05:01:45
湖南省,长江流域,窑坡渡,2026-09-10 03:00,2,25.06,8.01,6.82,269.0109,14.27,1.31,0.056,0.021,1.5155,,,2026-09-10 05:01:45
湖南省,长江流域,马坡湖,2026-09-10 04:00,2,27.08,8.46,8.54,413.323,23.3574,2.03,,0.053,1.43,,,2026-09-10 05:01:45
湖南省,长江流域,陈家河,2026-09-10 03:00,2,26.853,8.05,7.15,192.684,5.966,1.18,,0.032,1.098,,,2026-09-10 05:01:45
湖南省,长江流域,永定澄潭,2026-09-10 04:00,2,25.31,7.73,6.32,214.65,5.264,1.1,0.009,0.024,0.518,,,2026-09-10 05:01:45
湖南省,长江流域,万家嘴,2026-09-10 04:00,2,27.68,7.7,7.1,174.4539,16.90334,1.14,0.039,0.048,1.8631,0.0020782,187230,2026-09-10 05:01:45
湖南省,长江流域,南嘴,2026-09-10 04:00,4,26.64,8,6.92,220.5137,88.49084,2.05,,0.056,1.3381,0.026125,760000.8,2026-09-10 05:01:45
湖南省,长江流域,小河嘴,2026-09-10 04:00,3,26.11,8.12,7.07,223.038,25.6711,1.46,,0.031,0.986,0.00465772,5.46113,2026-09-10 05:01:45
湖南省,长江流域,坪口,2026-09-10 04:00,2,25.62,8.43,12.01,206.7,18.842,1.86,0.021,0.026,1.504,,,2026-09-10 05:01:45
湖南省,长江流域,桃谷山,2026-09-10 04:00,2,25.51,7.8,6.65,213.41,11.8036,1.18,,0.045,1.214,,,2026-09-10 05:01:45
湖南省,长江流域,头山,2026-09-10 04:00,1,26.78,8.24,8.26,126.2,2.58,0.3,,0.004,0.5242,0.003,5182000,2026-09-10 05:01:45
湖南省,长江流域,渡口大桥,2026-09-10 04:00,3,26.19,7.21,6.96,132.32,17.88,2.43,0.088,0.104,1.3873,,,2026-09-10 05:01:45
湖南省,长江流域,绿埠头,2026-09-10 03:00,2,24.84,7.63,8.22,175.55,5.98,0.57,0.01,0.032,1.349,,,2026-09-10 05:01:45
湖南省,长江流域,诸葛庙,2026-09-10 03:00,2,24.93,7.2,7.53,156.16,31.19,1.53,0.018,0.056,1.06,,,2026-09-10 05:01:45
湖南省,长江流域,五强溪,2026-09-10 04:00,3,29.02,7.6,5.48,193.567,2.6643,1.02,,0.034,1.14,,,2026-09-10 05:01:45
湖南省,长江流域,铜信溪电站,2026-09-10 04:00,1,27.24,8.58,9.96,268.79,3.37,0.88,0.013,0.016,1.135,,,2026-09-10 05:01:45
湖南省,长江流域,地阳坪公路大桥,2026-09-10 04:00,2,25.59,6.87,6.69,84.4762,5.3327,1.47,,0.034,0.496,,,2026-09-10 05:01:45
湖南省,长江流域,托口渠水,2026-09-10 04:00,2,27.34,7.8,7.2,104.4,2.897,1.41,0.012,0.016,0.515,,,2026-09-10 05:01:45
湖南省,长江流域,舞水入河口,2026-09-10 04:00,2,28.05,7.92,6.81,322.6,2.104,1.43,0.013,0.061,1.554,,,2026-09-10 05:01:45
湖南省,长江流域,溪子口,2026-09-10 04:00,3,24.91,7.38,5.95,239.9,1.075,0.58,0.003,0.019,1.294,,,2026-09-10 05:01:45
湖南省,长江流域,球溪,2026-09-10 04:00,2,23.894,7.66,9.24,194.69,11.268,1.29,0.011,0.071,1.804,,,2026-09-10 05:01:45
湖南省,长江流域,街埠头,2026-09-10 04:00,2,27.32,7.67,7.02,352.92,5.1648,3.03,,0.072,2.101,,,2026-09-10 05:01:45
湖南省,长江流域,浦市上游,2026-09-10 04:00,2,26.47,7.74,6.98,177.41,5.23,0.77,0.009,0.032,1.041,,,2026-09-10 05:01:45
湖南省,长江流域,里耶镇,2026-09-10 03:00,2,24.02,7.98,6.97,233.17,5.08,0.86,0.018,0.024,1.268,,,2026-09-10 05:01:45
湖南省,长江流域,江口,2026-09-10 04:00,3,26.34,7.75,5.56,354.951,2.7374,0.41,0.02,0.011,1.888,,,2026-09-10 05:01:45
湖南省,长江流域,武水汇合口,2026-09-10 04:00,2,27.18,7.68,7.28,182.77,5.5572,0.93,0.002,0.027,0.89,,,2026-09-10 05:01:45
广东省,珠江流域,蕉门,2026-09-10 03:00,3,29,7.59,5.55,4609.655,181.244,2.96,0.028,0.038,2.195,,,2026-09-10 05:01:45
广东省,珠江流域,洪奇沥,2026-09-10 03:00,3,27.896,7.59,5.51,255.019,234.011,5.22,0.007,0.061,2.187,,,2026-09-10 05:01:45
广东省,珠江流域,莲花山,2026-09-10 03:00,4,29.294,7.25,4.54,233.589,118.83,3.75,,0.085,2.55,,,2026-09-10 05:01:45
广东省,珠江流域,流溪河山庄,2026-09-10 03:00,2,28.962,6.96,6.22,90.333,11.002,1.57,0.032,0.037,1.358,,,2026-09-10 05:01:45
广东省,珠江流域,官坦,2026-09-10 03:00,3,29.025,7.46,5.53,280.479,24.004,3.06,0.003,0.068,2.127,,,2026-09-10 05:01:45
广东省,珠江流域,大龙涌口,2026-09-10 03:00,3,28.681,7.27,5.82,206.976,18.399,1.63,0.029,0.069,2.07,,,2026-09-10 05:01:45
广东省,珠江流域,九龙潭,2026-09-10 03:00,2,28.135,6.95,7.67,74.461,9.107,0.73,0.001,0.031,1.048,,,2026-09-10 05:01:45
广东省,珠江流域,增江口,2026-09-10 03:00,2,28.435,6.92,7.43,85.601,20.999,1.42,0.007,0.047,1.863,,,2026-09-10 05:01:45
广东省,珠江流域,鸦岗,2026-09-10 03:00,4,30.02,7.04,3.07,269.8,42.18,2.89,0.185,0.102,2.807,,,2026-09-10 05:01:45
广东省,珠江流域,墩头基,2026-09-10 03:00,4,29.21,7.14,3.3,237.3464,54.48136,3.59,0.056,0.091,3.01,,,2026-09-10 05:01:45
广东省,珠江流域,大墩,2026-09-10 03:00,3,29.878,7,5.61,122.821,14.347,1.52,0.091,0.083,1.7,,,2026-09-10 05:01:45
广东省,珠江流域,十里亭,2026-09-10 03:00,2,25.19,7.92,7.66,234.531,15.161,0.9,0.015,0.042,1.411,,,2026-09-10 05:01:45
广东省,珠江流域,长坝,2026-09-10 03:00,2,27.098,7.12,7.21,80.688,16.099,1.64,0.006,0.046,1.008,,,2026-09-10 05:01:45
广东省,珠江流域,三溪桥,2026-09-10 03:00,2,26.9,8.08,7.86,420.04,8.27,1.24,,0.058,1.149,,,2026-09-10 05:01:45
广东省,珠江流域,高桥,2026-09-10 03:00,2,26.31303,7.36,6.76,156.6729,14.7517,0.82,0.011,0.068,1.23936,,,2026-09-10 05:01:45
广东省,珠江流域,深圳河口,2026-09-10 03:00,4,29.66662,6.88,3.79,2200.465,23.90829,3.1,0.41,0.131,2.487,,,2026-09-10 05:01:45
广东省,珠江流域,小漠桥,2026-09-10 03:00,2,29.892,8.19,6.27,32028.9,9.738,2.23,0.023,0.018,1.18,,,2026-09-10 05:01:45
广东省,珠江流域,共和村,2026-09-10 03:00,5,28.925,7.2,2.72,805.765,27.795,4.19,0.931,0.146,5.58,,,2026-09-10 05:01:45
广东省,珠江流域,珠海大桥,2026-09-10 04:00,3,28.3,7.58,5.5,250.503,160.839,1.94,,0.083,2.333,,,2026-09-10 05:01:45
广东省,珠江流域,石角咀水闸,2026-09-10 04:00,4,30.1,7.36,4.02,400.009,146.995,2.66,0.073,0.165,3.006,,,2026-09-10 05:01:45
广东省,珠江流域,鸡啼门大桥,2026-09-10 04:00,3,28.77,7.59,5.4,319.7,185,2.23,,0.115,2.385,,,2026-09-10 05:01:45
广东省,珠江流域,布洲,2026-09-10 04:00,2,27.53,7.73,6.85,232.477,203.311,2.35,,0.068,3.011,,,2026-09-10 05:01:45
广东省,珠江流域,隆都,2026-09-10 03:00,2,26.521,7.1,6.97,98.166,64.445,2.25,0.005,0.058,3.156,,,2026-09-10 05:01:45
广东省,珠江流域,海门湾桥闸,2026-09-10 04:00,4,29.52,7.26,4.1,393.79,33.19,3.75,0.456,0.113,2.787,,,2026-09-10 05:01:45
广东省,珠江流域,升平,2026-09-10 03:00,2,27.718,7.19,7.52,12900.67,79.621,1.92,0.026,0.044,1.734,,,2026-09-10 05:01:45
广东省,珠江流域,外砂,2026-09-10 03:00,2,27.523,7.06,7.03,102.697,86.767,1.9,0.013,0.044,1.301,,,2026-09-10 05:01:45
广东省,珠江流域,莲阳桥闸,2026-09-10 03:00,2,26.445,7.08,7.58,94.413,118.196,1.28,0.002,0.052,2.617,,,2026-09-10 05:01:45
广东省,珠江流域,大衙,2026-09-10 03:00,2,30.254,6.69,6.57,102.699,108.004,1.64,0.034,0.055,1.45946,,,2026-09-10 05:01:45
广东省,珠江流域,平洲,2026-09-10 03:00,3,28.506,7.35,5.51,198.944,15.663,1.8,0.001,0.064,1.9,,,2026-09-10 05:01:45
广东省,珠江流域,乌洲,2026-09-10 03:00,2,27.852,7.5,6.14,175.316,19.531,1.11,0.008,0.065,1.81,,,2026-09-10 05:01:45
广东省,珠江流域,古劳,2026-09-10 03:00,3,28.11887,7.64,5.89,221.5377,107.2618,1.75,0.1,0.044,1.60134,,,2026-09-10 05:01:45
广东省,珠江流域,苍山渡口,2026-09-10 04:00,4,29.52,7.46,4.3,2084.81,66.565,1.93,0.056,0.124,2.476,,,2026-09-10 05:01:45
广东省,珠江流域,渠首,2026-09-10 04:00,4,29.57,7.17,3.09,123.57,15.25,5.08,0.142,0.024,0.813,0.01577,4793641,2026-09-10 05:01:45
广东省,珠江流域,黄坡,2026-09-10 04:00,4,29.64,6.98,4.27,132.05,26.43,3.34,0.137,0.109,2.232,,,2026-09-10 05:01:45
广东省,珠江流域,山角,2026-09-10 04:00,-1,,,,,,,,,,,,2026-09-10 05:01:45
广东省,珠江流域,运河管理局,2026-09-10 04:00,4,29.86,8.31,7.52,119.82,37.49,6.45,,0.017,0.858,,,2026-09-10 05:01:45
广东省,珠江流域,排里,2026-09-10 04:00,4,31.03,7.48,8.64,164.77,15.53,6.03,0.022,0.094,1.654,,,2026-09-10 05:01:45
广东省,珠江流域,南渡河桥,2026-09-10 04:00,4,30.84,6.6,4.35,183.65,27.7,5.03,0.819,0.077,3.597,,,2026-09-10 05:01:45
广东省,珠江流域,营仔,2026-09-10 04:00,4,30.32,7.16,6.24,177.16,15.78,6.15,0.051,0.072,1.681,,,2026-09-10 05:01:45
广东省,珠江流域,黄竹尾水闸,2026-09-10 04:00,4,29.83,6.9,3.52,132.11,26.34,3.49,0.051,0.097,2.061,,,2026-09-10 05:01:45
广东省,珠江流域,塘口,2026-09-10 04:00,2,29.81,8.13,10.15,120.49,4.4,2.23,0.042,0.075,1.986,,,2026-09-10 05:01:45
广东省,珠江流域,石碧,2026-09-10 03:00,5,29.397,6.17,2.12,297.859,124.253,5.24,0.554,0.233,4.04,,,2026-09-10 05:01:45
广东省,珠江流域,石骨水库,2026-09-10 04:00,3,30.448,,8.92,68.94,3.5251,2.54,0.02,0.028,0.452,,,2026-09-10 05:01:45
广东省,珠江流域,良德水库,2026-09-10 04:00,1,30.61,8.17,8.72,63.197,11.887,1.94,0.021,0.008,0.278,0.00629,3128430,2026-09-10 05:01:45
广东省,珠江流域,江口门,2026-09-10 02:00,3,29.34,6.71,5.66,127.32,20.86,2.75,0.081,0.109,2.52,,,2026-09-10 05:01:45
广东省,珠江流域,米急渡,2026-09-10 04:00,3,28.99,6.93,5.97,111.158,37.361,2.02,0.135,0.095,2.063,,,2026-09-10 05:01:45
广东省,珠江流域,梁村,2026-09-10 03:00,2,27.5854,7.45,7.2,163.2133,17.98933,1.31,0.01,0.075,2.008,,,2026-09-10 05:01:45
广东省,珠江流域,封开城上,2026-09-10 03:00,2,27.793,7.64,6.62,277.553,97.638,1.94,0.001,0.054,4.15,,,2026-09-10 05:01:45
广东省,珠江流域,白沙街,2026-09-10 03:00,2,29.234,7.79,7.85,206.865,6.009,0.72,0.013,0.042,1.505,,,2026-09-10 05:01:45
广东省,珠江流域,黄岗,2026-09-10 03:00,3,28.176,7.5,5.53,213.208,110.853,2.99,0.003,0.036,4.013,,,2026-09-10 05:01:45
广东省,珠江流域,永安,2026-09-10 03:00,3,27.806,7.3,5.96,231.749,93.528,2.51,0.009,0.039,4.01,,,2026-09-10 05:01:45
广东省,珠江流域,紫溪,2026-09-10 03:00,5,29.951,6.96,2.56,384.303,28.035,2.9,0.615,0.14,5.38,,,2026-09-10 05:01:45
广东省,珠江流域,东江江口,2026-09-10 03:00,2,28.84,7.09,7.3,92.91839,37.28199,1.37,0.011,0.04,2.163,,,2026-09-10 05:01:45
广东省,珠江流域,博罗城下,2026-09-10 03:00,3,27.468,6.81,5.81,119.397,65.469,1.93,0.06,0.057,2.138,,,2026-09-10 05:01:45
广东省,珠江流域,惠州汝湖,2026-09-10 03:00,2,27.906,6.81,6.36,93.533,17.585,1.36,0.002,0.04,1.55,,,2026-09-10 05:01:45
广东省,珠江流域,沙河河口,2026-09-10 03:00,3,28.996,6.85,5.1,217.267,14.509,1.55,0.205,0.082,1.849,,,2026-09-10 05:01:45
广东省,珠江流域,马安大桥下,2026-09-10 03:00,3,28.387,6.65,5.83,60.256,25.768,2.06,0.11,0.067,1.605,,,2026-09-10 05:01:45
广东省,珠江流域,虎爪断桥,2026-09-10 03:00,4,29.606,7.44,5.78,6058.621,6.967,4.42,1.055,0.175,7.76,,,2026-09-10 05:01:45
广东省,珠江流域,公庄河口,2026-09-10 04:00,3,28.9,7.12,7.29,148.5,178.6,2.57,0.007,0.135,1.738,,,2026-09-10 05:01:45
广东省,珠江流域,青溪,2026-09-10 03:00,4,26.73865,6.89,4.65,104.2141,15.5614,1.29,0.043,0.064,1.07616,,,2026-09-10 05:01:45
广东省,珠江流域,大麻,2026-09-10 03:00,2,27.34,6.97,6.92,99.767,84.144,1.84,,0.063,2.98,,,2026-09-10 05:01:45
广东省,珠江流域,西阳电站,2026-09-10 03:00,2,26.617,6.98,6.38,120.736,28.642,2.08,0.035,,2.214,,,2026-09-10 05:01:45
广东省,珠江流域,五丰渡口,2026-09-10 04:00,2,25.83,6.67,7.47,67.8,236.5,2.95,0.172,0.066,4.2294,,,2026-09-10 05:01:45
广东省,珠江流域,新铺,2026-09-10 04:00,2,26.19,7.33,7.77,80.262,104.142,2.1,0.097,0.044,3.3665,,,2026-09-10 05:01:45
广东省,珠江流域,海丰西闸,2026-09-10 04:00,4,29.91,6.85,3.63,65.2,5.4,3.3,0.089,0.038,1.033,,,2026-09-10 05:01:45
广东省,珠江流域,陆丰半湾水闸,2026-09-10 03:00,2,28.078,7.15,8.34,56.613,10.605,1.35,0.005,0.03,1.034,,,2026-09-10 05:01:45
广东省,珠江流域,东溪水闸,2026-09-10 04:00,3,30.38,6.84,5.68,182.239,20.189,4.6,0.299,0.056,1.275,,,2026-09-10 05:01:45
广东省,珠江流域,庙咀里,2026-09-10 03:00,2,25.787,6.92,8.09,89.472,26.826,1.45,0.043,0.04,1.749,,,2026-09-10 05:01:45
广东省,珠江流域,龙川城铁路桥,2026-09-10 03:00,4,28.009,6.73,4.82,91.275,9.896,1.68,0.011,0.035,1.417,,,2026-09-10 05:01:45
广东省,珠江流域,江城,2026-09-10 04:00,3,29.52,6.89,6.49,116.241,23.365,2.92,0.287,0.115,1.584,,,2026-09-10 05:01:45
广东省,珠江流域,尖山,2026-09-10 04:00,4,29.01,6.5,3.27,139.66,36.73,4.58,0.348,0.174,2.252,,,2026-09-10 05:01:45
广东省,珠江流域,埠场,2026-09-10 04:00,3,29.37,6.69,5.18,175.47,105.126,3.26,0.061,0.112,1.266,,,2026-09-10 05:01:45
广东省,珠江流域,大泉,2026-09-10 04:00,4,30.23,6.59,3.25,920.5,10.8,3.47,0.5,0.086,1.72,,,2026-09-10 05:01:45
广东省,珠江流域,北江石尾,2026-09-10 03:00,2,27.298,7.43,7.27,165.639,15.195,1.11,0.019,0.055,1.216,,,2026-09-10 05:01:45
广东省,珠江流域,石角,2026-09-10 03:00,2,27.5723,7.66,7.58,162.8159,12.93318,1.3,0.002,0.042,1.617,,,2026-09-10 05:01:45
广东省,珠江流域,连江西牛,2026-09-10 03:00,2,27.218,8.06,8.36,216.596,7.005,1.32,0.003,0.034,1.041,,,2026-09-10 05:01:45
广东省,珠江流域,樟村,2026-09-10 04:00,4,30.92,6.94,3.27,372.686,7.95,3.09,0.588,0.143,4.863,,,2026-09-10 05:01:45
广东省,珠江流域,沙田泗盛,2026-09-10 04:00,4,28.58,6.69,3.39,450.29,68.35,2.61,,0.075,2.129,,,2026-09-10 05:01:45
广东省,珠江流域,旗岭,2026-09-10 04:00,4,29.38,7.06,4.16,410.418,29.51,1.03,0.67,0.191,5.542,,,2026-09-10 05:01:45
广东省,珠江流域,石龙南河,2026-09-10 04:00,2,28.4,6.77,6.28,115.572,27.749,1.37,0.004,0.073,1.8,,,2026-09-10 05:01:45
广东省,珠江流域,中山港码头,2026-09-10 04:00,2,28.46,7.62,6.23,229.84,163.529,1.51,0.186,0.097,2.948,,,2026-09-10 05:01:45
广东省,珠江流域,赤凤,2026-09-10 03:00,3,,,,,,1.67,,0.131,1.489,,,2026-09-10 05:01:45
广东省,珠江流域,凤江桥,2026-09-10 03:00,2,27.032,6.9,7.11,101.735,45.966,1.87,0.072,0.096,2.497,,,2026-09-10 05:01:45
广东省,珠江流域,地都,2026-09-10 03:00,3,27.857,7.17,5.33,6920.045,34.177,3.51,0.002,0.089,3.146,,,2026-09-10 05:01:45
广东省,珠江流域,隆溪大道桥,2026-09-10 03:00,2,27.553,6.52,6.12,87.728,16.556,1.44,0.084,0.04,1.518,,,2026-09-10 05:01:45
广东省,珠江流域,龙石,2026-09-10 03:00,5,28.7,6.8,2.3,177.08,28.884,2.52,0.791,0.135,3.246,,,2026-09-10 05:01:45
广东省,珠江流域,龟山塔,2026-09-10 04:00,2,28.55,7.02,6.41,76.938,12.903,1.01,0.129,0.067,1.2484,,,2026-09-10 05:01:45
广东省,珠江流域,古封,2026-09-10 04:00,2,28.11,7.7,6.35,264.3,76.32,1.61,0.063,0.046,2.806,,,2026-09-10 05:01:45
广东省,珠江流域,都骑,2026-09-10 03:00,2,28.002,7.58,7.02,243.553,61.807,2.52,0.007,0.043,3.293,,,2026-09-10 05:01:45
广西壮族自治区,珠江流域,老口,2026-09-10 04:00,2,27.74582,7.74,8.06,291.5659,38.75601,1.13,,0.034,3.261281,,,2026-09-10 05:01:45
广西壮族自治区,珠江流域,叮当,2026-09-10 04:00,2,28.31,7.51,7.78,304.499,12.059,1.41,0.031,0.072,3.8822,,,2026-09-10 05:01:45
广西壮族自治区,珠江流域,六景,2026-09-10 04:00,2,27.87,7.73,6.25,300.41,38.78,1.75,,0.039,2.896,,,2026-09-10 05:01:45
广西壮族自治区,珠江流域,雁江,2026-09-10 03:00,2,28.3954,7.94,6.68,361.8665,4.83044,1.46,0.004,0.023,1.97452,,,2026-09-10 05:01:45
广西壮族自治区,珠江流域,上中,2026-09-10 03:00,3,28.33,7.72,5.57,308.1185,42.18978,1.55,0.059,0.025,4.65769,,,2026-09-10 05:01:45
广西壮族自治区,珠江流域,白马,2026-09-10 04:00,2,27.4,7.94,7.19,394.28,7.61,1.14,0.001,0.037,2.639,,,2026-09-10 05:01:45
广西壮族自治区,珠江流域,露塘,2026-09-10 03:00,1,28.93,8.03,8.39,184.9667,1.16365,0.55,0.022,0.008,0.98495,,,2026-09-10 05:01:45
广西壮族自治区,珠江流域,渔村,2026-09-10 03:00,2,29.509,8.18,8.22,212.32,2.559,1.19,0.005,0.023,1.423,,,2026-09-10 05:01:45
广西壮族自治区,珠江流域,木洞,2026-09-10 03:00,1,28.65,7.74,8.07,92.321,0.803,0.49,0.034,0.005,0.659,,,2026-09-10 05:01:45
广西壮族自治区,珠江流域,龙溪,2026-09-10 03:00,2,27.942,7.83,8.25,165.933,2.455,1.49,0.004,0.041,1.642,,,2026-09-10 05:01:45
广西壮族自治区,珠江流域,阳朔,2026-09-10 04:00,2,28.09,8.27,7.92,219.754,4.72,1.2,0.02,0.047,1.6509,,,2026-09-10 05:01:45
广西壮族自治区,珠江流域,交州,2026-09-10 03:00,2,25.284,6.86,7.49,61.301,1.961,0.96,,0.012,0.552,,,2026-09-10 05:01:45
广西壮族自治区,珠江流域,京南,2026-09-10 03:00,2,28.6641,7.53,7.15,172.6797,2.46992,1.21,0.01,0.048,1.40007,,,2026-09-10 05:01:45
广西壮族自治区,珠江流域,亚桥,2026-09-10 03:00,2,26.72,7.15,8.34,250.422,24.098,1.86,0.013,0.099,2.653,,,2026-09-10 05:01:45
广西壮族自治区,珠江流域,东边埇,2026-09-10 04:00,2,27.09,6.72,6.75,68.8167,22.4294,2.01,0.026,0.073,1.472,,,2026-09-10 05:01:45
广西壮族自治区,珠江流域,南域,2026-09-10 03:00,3,29.36,7.04,7.21,468.3653,8.94757,3.76,0.02,0.112,3.25705,,,2026-09-10 05:01:45
广西壮族自治区,珠江流域,西门江,2026-09-10 04:00,4,28.49,6.83,4.48,278.912,39.746,3.37,0.29,0.178,3.162,,,2026-09-10 05:01:45
广西壮族自治区,珠江流域,高速公路桥,2026-09-10 03:00,2,29.19,7.33,7.05,140.02,8.03,3.51,0.059,0.08,1.7312,,,2026-09-10 05:01:45
广西壮族自治区,珠江流域,三滩,2026-09-10 04:00,-1,,,,,,,,,,,,2026-09-10 05:01:45
广西壮族自治区,珠江流域,边贸码头,2026-09-10 04:00,3,28.59,6.84,6.78,70.77,5.89,1.42,0.463,0.112,1.723,,,2026-09-10 05:01:45
广西壮族自治区,珠江流域,高塘,2026-09-10 04:00,2,28.75,6.45,7.1,60.96,17.43,1.82,0.016,0.056,1.855,,,2026-09-10 05:01:45
广西壮族自治区,珠江流域,茅岭大桥,2026-09-10 04:00,2,28.71,6.55,7.13,124.5,14.93,2.15,,0.06,1.163,,,2026-09-10 05:01:45
广西壮族自治区,珠江流域,钦江东,2026-09-10 03:00,2,27.61923,7.49,7,1480.972,110.7594,2.6,0.087,0.044,2.55824,,,2026-09-10 05:01:45
广西壮族自治区,珠江流域,高速公路西桥,2026-09-10 04:00,4,29.55,6.97,4.04,1382.75,57.37,4.16,0.432,0.152,3.84,,,2026-09-10 05:01:45
广西壮族自治区,珠江流域,武林渡口,2026-09-10 03:00,2,28.044,7.75,6.32,288.914,45.797,2.45,0.077,0.053,3.65,,,2026-09-10 05:01:45
广西壮族自治区,珠江流域,火电厂,2026-09-10 03:00,2,28.029,7.6,6.38,271.733,70.717,2.05,,0.043,2.904,,,2026-09-10 05:01:45
广西壮族自治区,珠江流域,自良渡口,2026-09-10 03:00,2,28.05,7.12,6.3,120.2732,20.2024,1.22,0.02,0.065,2.10788,,,2026-09-10 05:01:45
广西壮族自治区,珠江流域,横塘,2026-09-10 03:00,3,29.35,7.35,6.99,410.936,18.79738,2.44,0.002,0.14,3.17333,,,2026-09-10 05:01:45
广西壮族自治区,珠江流域,隘屯,2026-09-10 04:00,1,24.49487,8.05,9.66,349.2368,7.007658,0.25,0.011,0.016,1.672192,,,2026-09-10 05:01:45
广西壮族自治区,珠江流域,公篓,2026-09-10 04:00,1,28.41,8.38,10.13,277.04,37.11,1.21,0.033,0.017,1.204,,,2026-09-10 05:01:45
广西壮族自治区,珠江流域,桂花,2026-09-10 03:00,2,25.1,7.23,6.78,175.128,4.54109,1.26,0.005,0.056,1.6297,,,2026-09-10 05:01:45
广西壮族自治区,珠江流域,贺街,2026-09-10 04:00,2,27.58,7.61,7.36,221.31,13.339,0.74,0.033,0.045,1.392,,,2026-09-10 05:01:45
广西壮族自治区,珠江流域,杨民,2026-09-10 03:00,2,27.416,7.84,6.93,357.294,1.593,1.34,0.031,0.02,2.084,,,2026-09-10 05:01:45
广西壮族自治区,珠江流域,岩滩水库,2026-09-10 03:00,1,29.25,7.88,11.21,300.099,12.141,1.48,0.002,0.007,1.865,0.019308,2714460,2026-09-10 05:01:45
广西壮族自治区,珠江流域,车渡,2026-09-10 03:00,2,26.533,7.73,6.75,377.451,10.833,0.75,0.008,0.023,2.776,,,2026-09-10 05:01:45
广西壮族自治区,珠江流域,垒亭,2026-09-10 03:00,2,26.32469,7.7,6.56,369.2468,10.38814,0.86,0.019,0.018,2.0355,,,2026-09-10 05:01:45
广西壮族自治区,珠江流域,象州运江老街,2026-09-10 03:00,2,28.678,7.99,7.53,210.67,8.839,0.82,0.003,0.021,1.401,,,2026-09-10 05:01:45
广西壮族自治区,珠江流域,勒马,2026-09-10 03:00,2,27.57,7.83,6.55,317.265,2.757,0.96,0.007,0.028,2.59,,,2026-09-10 05:01:45
广西壮族自治区,珠江流域,上金,2026-09-10 04:00,2,28.96,6.44,6.61,144.8929,95.9717,1.73,,0.028,2.4008,,,2026-09-10 05:01:45
广西壮族自治区,珠江流域,渠立,2026-09-10 04:00,2,27.26,7.75,8.5,275.701,41.733,2.4,,0.018,2.475,,,2026-09-10 05:01:45
广西壮族自治区,珠江流域,棉江,2026-09-10 04:00,2,27.98,7.66,6.49,212.535,52.588,1.28,,0.022,2.3232,,,2026-09-10 05:01:45
海南省,珠江流域,龙塘,2026-09-10 04:00,2,30.3,7.21,6.07,109,5.7,2.52,0.019,0.086,1.601,,,2026-09-10 05:01:45
海南省,珠江流域,儒房,2026-09-10 04:00,2,29.9,7.37,6.75,7788.46,19.4,3.15,0.153,0.069,1.258,,,2026-09-10 05:01:45
海南省,珠江流域,后黎村,2026-09-10 04:00,2,30.3,7.07,7.26,89.7,26.6,2.7,0.014,0.058,1.017,,,2026-09-10 05:01:45
海南省,珠江流域,林家村,2026-09-10 04:00,2,30.15,7.09,7.37,140.02,14.87,1.33,0.044,0.03,2.041,,,2026-09-10 05:01:45
海南省,珠江流域,崖城大桥,2026-09-10 04:00,2,27.6,6.58,6.92,150.32,41.5,1.56,0.006,0.073,3.312,,,2026-09-10 05:01:45
海南省,珠江流域,藤桥河大桥,2026-09-10 04:00,2,29.53,7.46,7.48,690.22,15.01,2.16,0.009,0.075,1.141,,,2026-09-10 05:01:45
海南省,珠江流域,松涛水库南丰库心,2026-09-10 04:00,2,30.84179,7.96,7.04,74.70872,0.6224346,0.64,0.002,0.005,0.194574,0.01701225,2801888,2026-09-10 05:01:45
海南省,珠江流域,上村桥,2026-09-10 04:00,2,29.5,7.05,7.14,152.7,28.3,3.35,0.01,0.066,1.929,,,2026-09-10 05:01:45
海南省,珠江流域,中和桥,2026-09-10 04:00,3,29.4,7.12,5.72,133.3,31.6,4.01,0.059,0.099,1.478,,,2026-09-10 05:01:45
海南省,珠江流域,汀洲,2026-09-10 04:00,2,29.52,6.67,6.28,94.16,6.77,0.97,0.027,0.065,0.907,,,2026-09-10 05:01:45
海南省,珠江流域,龙江,2026-09-10 04:00,2,28.76,7.18,7.08,73.29,12.88,1.95,0.002,0.037,0.83,,,2026-09-10 05:01:45
海南省,珠江流域,溪仔村,2026-09-10 04:00,2,29.3,6.84,7.14,92.72,3.05,1.99,,0.028,0.776,,,2026-09-10 05:01:45
海南省,珠江流域,羊头外村桥,2026-09-10 04:00,3,31.61,7.05,6.47,154.96,50.94,5.93,0.025,0.122,2.157,,,2026-09-10 05:01:45
海南省,珠江流域,农垦橡胶所一队,2026-09-10 04:00,2,28,6.8,7.54,66.1,27.5,1.66,0.043,0.036,1.79,,,2026-09-10 05:01:45
海南省,珠江流域,水涯新区,2026-09-10 04:00,3,28.2,6.86,5.32,110.7,12,2.88,0.124,0.062,1.897,,,2026-09-10 05:01:45
海南省,珠江流域,分洪桥,2026-09-10 04:00,2,31.04,6.56,6.98,90.39,17.73,2.64,0.007,0.033,0.389,,,2026-09-10 05:01:45
海南省,珠江流域,后山村,2026-09-10 04:00,6,31.22,6.81,0.49,172.244,21.7326,6.72,0.47,0.244,2.75,,,2026-09-10 05:01:45
海南省,珠江流域,大广坝水库出口,2026-09-10 04:00,4,25.948,7.05,6.96,64.309,67.134,1.97,0.057,0.055,1.295,0.004624,4968040,2026-09-10 05:01:45
海南省,珠江流域,罗带铁路桥,2026-09-10 04:00,4,30.6,8.14,10.93,14116.3,16.6,6.06,0.021,0.218,1.989,,,2026-09-10 05:01:45
海南省,珠江流域,山口,2026-09-10 04:00,2,30.09,6.94,6.19,90.51,18.02,2.37,0.017,0.025,0.874,,,2026-09-10 05:01:45
海南省,珠江流域,白仞滩电站,2026-09-10 04:00,3,30.5,7.33,7.28,145.7,26.4,3.39,0.043,0.147,1.419,,,2026-09-10 05:01:45
海南省,珠江流域,大风,2026-09-10 04:00,2,27.48201,6.27,6.59,91.81321,52.85168,2.18,,0.053,1.091594,,,2026-09-10 05:01:45
海南省,珠江流域,叉河口,2026-09-10 04:00,2,29,7.13,7.72,167.6,68.8,2.43,0.011,0.051,2.398,,,2026-09-10 05:01:45
海南省,珠江流域,乐中,2026-09-10 04:00,2,27.8,7.31,7.42,86.9,35,1.64,,0.036,0.743,,,2026-09-10 05:01:45
海南省,珠江流域,跨界桥,2026-09-10 04:00,2,29,8.11,7.98,89.5,8.6,2.93,0.011,0.048,1.217,,,2026-09-10 05:01:45
海南省,珠江流域,群英大坝,2026-09-10 04:00,2,28.4,7.14,6.9,83.7,26.4,3.14,0.04,0.059,1.482,,,2026-09-10 05:01:45
海南省,珠江流域,大溪村,2026-09-10 04:00,2,29.2,7.06,6.82,103.7,23.4,2.01,0.051,0.073,1.391,,,2026-09-10 05:01:45
重庆市,长江流域,晒网坝,2026-09-10 04:00,2,26.71,7.82,6.28,375.4268,28.7196,1.87,0.021,0.049,2.029,,,2026-09-10 05:01:45
重庆市,长江流域,向家,2026-09-10 04:00,2,27.8,8.39,8.82,184.867,13.583,3.41,,0.037,1.214,,,2026-09-10 05:01:45
重庆市,长江流域,磨刀溪长滩,2026-09-10 04:00,2,26.33,8.37,9.02,177.766,15.507,3.19,0.001,0.037,0.774,,,2026-09-10 05:01:45
重庆市,长江流域,清溪场,2026-09-10 04:00,2,26.62,8.07,7.65,431.868,19.2508,1.34,,0.039,1.334,,,2026-09-10 05:01:45
重庆市,长江流域,木瓜洞,2026-09-10 04:00,3,30.12,7.88,7.01,320.9284,46.0259,4.77,,0.104,1.996,,,2026-09-10 05:01:45
重庆市,长江流域,寸滩,2026-09-10 04:00,2,26.03,8.05,8,413.617,23.641,1.21,0.055,0.053,1.564,,,2026-09-10 05:01:45
重庆市,长江流域,和尚山,2026-09-10 04:00,2,26.7,7.97,6.77,374.92,14.32,1.01,0.135,0.059,1.385,,,2026-09-10 05:01:45
重庆市,长江流域,北温泉,2026-09-10 04:00,1,29.779,8.13,8.51,329.304,8.33747,1.75,,0.006,1.679,,,2026-09-10 05:01:45
重庆市,长江流域,寨溪大桥,2026-09-10 04:00,2,29.62,7.96,8.35,954.2374,14.5018,2.32,0.038,0.049,1.817,,,2026-09-10 05:01:45
重庆市,长江流域,石门坎,2026-09-10 04:00,2,26.91,8.04,7.21,488.1,2.59,0.68,,0.007,1.137,,,2026-09-10 05:01:45
重庆市,长江流域,玉滩水库,2026-09-10 04:00,3,29.85,8.23,9.84,357.931,17.19047,5.36,0.017,0.008,0.8028,0.04391297,1.589611,2026-09-10 05:01:45
重庆市,长江流域,御临镇,2026-09-10 04:00,3,32.42,8.69,21.98,355.285,8.275,4.27,,0.031,1.118,,,2026-09-10 05:01:45
重庆市,长江流域,黎家乡崔家岩村,2026-09-10 04:00,3,30.27,8.03,7.44,353.97,18.2,5.11,0.012,0.047,0.704,,,2026-09-10 05:01:45
重庆市,长江流域,运输桥,2026-09-10 04:00,5,27.93,7.41,2.95,345.7221,6.5515,4.99,0.027,0.107,0.653,,,2026-09-10 05:01:45
重庆市,长江流域,六剑滩,2026-09-10 03:00,6,30.11,9.06,11.89,308.4,36.68,5.39,0.017,0.104,1.113,,,2026-09-10 05:01:45
重庆市,长江流域,支坪街道,2026-09-10 04:00,2,30.75,8.42,8.42,380.3541,34.6661,3.09,,0.042,1.884,,,2026-09-10 05:01:45
重庆市,长江流域,江津大桥,2026-09-10 04:00,2,25.32,8.13,7.93,411.79,29.77,1.45,0.007,0.037,1.207,,,2026-09-10 05:01:45
重庆市,长江流域,朱杨溪,2026-09-10 04:00,3,31.33,7.81,6.4,683.61,18.8,4.15,0.006,0.141,4.165,,,2026-09-10 05:01:45
重庆市,长江流域,北渡,2026-09-10 04:00,2,29.68,8,6.3,574.9561,18.231,1.66,0.124,0.055,1.969,,,2026-09-10 05:01:45
重庆市,长江流域,白杨溪,2026-09-10 03:00,2,29.69,8.19,8.33,119.743,5.821,3.34,,0.023,1.06,,,2026-09-10 05:01:45
重庆市,长江流域,太和,2026-09-10 04:00,2,29.98,8.03,7.41,372.82,25.7,2.13,0.012,0.021,1.843,,,2026-09-10 05:01:45
重庆市,长江流域,官渡,2026-09-10 04:00,3,31.34,7.91,9.05,295.244,16.42,4.23,,0.035,1.459,,,2026-09-10 05:01:45
重庆市,长江流域,临渡,2026-09-10 04:00,2,31.32,7.81,6.29,478.1,19.104,2.1,,0.024,1.93,,,2026-09-10 05:01:45
重庆市,长江流域,渠江码头,2026-09-10 04:00,2,31.57,8.42,11.4,274.954,11.123,3.63,0.009,0.033,1.429,,,2026-09-10 05:01:45
重庆市,长江流域,朱沱,2026-09-10 03:00,2,25.16,8.1,7.53,399,11.15,1.3,0.005,0.048,1.109,,,2026-09-10 05:01:45
重庆市,长江流域,四明水厂,2026-09-10 04:00,4,30.35,8.03,6.05,393,27.3,6.51,0.011,0.083,0.947,,,2026-09-10 05:01:45
重庆市,长江流域,金狮桥,2026-09-10 04:00,1,23.38,8.45,9.83,211.288,5.533,1.19,,0.006,0.831,,,2026-09-10 05:01:45
重庆市,长江流域,璧南河两河口,2026-09-10 04:00,3,30.58,7.06,6.46,645.437,14.933,5.62,,0.065,1.847,,,2026-09-10 05:01:45
重庆市,长江流域,中和,2026-09-10 04:00,4,30.35,8.57,14.38,541.5,14.32,6.95,0.031,0.092,0.996,,,2026-09-10 05:01:45
重庆市,长江流域,玉溪,2026-09-10 04:00,2,27.09,7.86,8.21,423.2683,10.3544,1.85,0.027,0.026,1.876,,,2026-09-10 05:01:45
重庆市,长江流域,高洞电站,2026-09-10 04:00,3,30.824,7.88,8.46,693.823,8.9,5.83,0.011,0.05,2.077,,,2026-09-10 05:01:45
重庆市,长江流域,巫山乡,2026-09-10 04:00,2,26.5,7.89,7.97,254.913,14.315,3.5,0.003,0.086,1.242,,,2026-09-10 05:01:45
重庆市,长江流域,上河坝,2026-09-10 03:00,3,28.91,7.94,6.05,509.41,6.03,4.74,0.06,0.07,0.469,,,2026-09-10 05:01:45
重庆市,长江流域,芙蓉洞码头,2026-09-10 04:00,1,30.1,8.49,11.85,236.91,16.54,1.02,,0.01,1.114,,,2026-09-10 05:01:45
重庆市,长江流域,鸭江镇,2026-09-10 04:00,2,28.04,7.87,7.75,501.248,4.316,2.18,,0.063,2.669,,,2026-09-10 05:01:45
重庆市,长江流域,江口镇,2026-09-10 04:00,2,26.58,7.92,6.49,324.062,0.748,0.74,,0.013,1.602,,,2026-09-10 05:01:45
重庆市,长江流域,土堡寨,2026-09-10 04:00,1,18.86,8.24,9.28,491.819,1.999,0.3,,0.002,0.836,,,2026-09-10 05:01:45
重庆市,长江流域,水寨子,2026-09-10 04:00,1,22.52,8.1,7.66,260.514,3.502,1.26,0.001,0.01,0.49,,,2026-09-10 05:01:45
重庆市,长江流域,湖海场,2026-09-10 04:00,2,27.77,8.3,8.2,257.497,11.671,3.07,,0.061,1.253,,,2026-09-10 05:01:45
重庆市,长江流域,卫星桥,2026-09-10 04:00,2,29.87,8.05,8.22,336.5665,20.4656,3.16,0.01,0.039,0.255,,,2026-09-10 05:01:45
重庆市,长江流域,高洞梁,2026-09-10 04:00,2,30,7.92,6.02,488.681,22.933,2.67,0.012,0.039,0.117,,,2026-09-10 05:01:45
重庆市,长江流域,苏家,2026-09-10 04:00,2,26.14,7.97,7.83,424.1313,21.2121,1.38,0.004,0.045,1.738,,,2026-09-10 05:01:45
重庆市,长江流域,清水湖渡口,2026-09-10 04:00,6,25.49,9.04,17.32,184.252,6.8194,1.23,0.004,0.02,0.8974,,,2026-09-10 05:01:45
重庆市,长江流域,小江河口,2026-09-10 04:00,2,28.36,8.39,7.87,358.65,5.55,3.3,0.004,0.032,1.4332,,,2026-09-10 05:01:45
重庆市,长江流域,汤溪河江口,2026-09-10 04:00,1,23.06,8.01,7.59,307.462,14.816,0.33,,0.006,0.711,,,2026-09-10 05:01:45
重庆市,长江流域,罗汉大桥,2026-09-10 04:00,1,28.42,8.3,8.37,306.46,9.11,1.02,0.001,0.017,0.633,,,2026-09-10 05:01:45
重庆市,长江流域,白帝城,2026-09-10 04:00,2,26.5,7.83,6.44,359.988,31.083,1.22,,0.048,1.882,,,2026-09-10 05:01:45
重庆市,长江流域,培石,2026-09-10 04:00,2,26.4646,7.79,7.49,391.1935,13.5057,1.48,0.096,0.061,2.2584,,,2026-09-10 05:01:45
重庆市,长江流域,花台,2026-09-10 04:00,2,24.12,8.08,7.4,556.4976,9.2594,0.52,,0.013,0.997,,,2026-09-10 05:01:45
重庆市,长江流域,化杠,2026-09-10 04:00,2,20.69,7.76,7.8,184.29,10.62,2.4,,0.074,2.5376,,,2026-09-10 05:01:45
重庆市,长江流域,万木,2026-09-10 04:00,3,24.07,7.72,5.79,425.39,1.4,0.8,0.0002,0.035,3.556,,,2026-09-10 05:01:45
重庆市,长江流域,红花村,2026-09-10 04:00,1,24.991,8.34,11.04,221.34,2.458,1.27,,0.012,1.665,,,2026-09-10 05:01:45
重庆市,长江流域,南洞沟,2026-09-10 04:00,1,25.87,8.45,8.77,317.582,5.721,0.7,,0.014,0.554,,,2026-09-10 05:01:45
重庆市,长江流域,郁江桥,2026-09-10 04:00,2,27.2,7.86,7.34,313.838,7.533,1.23,0.009,0.025,1.247,,,2026-09-10 05:01:45
四川省,长江流域,二江寺,2026-09-10 04:00,4,22.54,7.67,5.77,315.3,113.5,6.34,0.728,0.195,2.677,,,2026-09-10 05:01:45
四川省,长江流域,岳店子下,2026-09-10 03:00,3,25.3732,7.87,5.85,482.1801,20.40598,2.94,0.284,0.16,3.38788,,,2026-09-10 05:01:45
四川省,长江流域,三邑大桥,2026-09-10 02:00,3,22.7,7.71,5.92,281.96,24.13,2.23,0.004,0.072,2.2394,,,2026-09-10 05:01:45
四川省,长江流域,宏缘,2026-09-10 03:00,6,22.87,7.65,7.94,293.82,473.17,8.62,1.093,1.013,3.048,,,2026-09-10 05:01:45
四川省,长江流域,李家湾,2026-09-10 04:00,3,30.46,8.19,7.39,463.5,8.8,2.3,0.01,0.118,2.942,,,2026-09-10 05:01:45
四川省,长江流域,廖家堰,2026-09-10 04:00,3,30.085,7.91,7.09,807.455,34.376,4.78,0.063,0.114,2.366,,,2026-09-10 05:01:45
四川省,长江流域,脚仙村,2026-09-10 04:00,3,29.97,8.24,7.57,484.4,13.7,1.66,0.012,0.101,3.06,,,2026-09-10 05:01:45
四川省,长江流域,龙洞,2026-09-10 03:00,1,21.39,8.22,8.19,669,13.825,1.08,0.006,0.012,0.79439,,,2026-09-10 05:01:45
四川省,长江流域,倮果,2026-09-10 03:00,1,22.56,8.2,7.83,666.6458,19.47957,1.22,0.01,0.017,0.95721,,,2026-09-10 05:01:45
四川省,长江流域,雅砻江口,2026-09-10 03:00,1,19.549,7.59,8.34,259.7698,9.0466,1.03,0.005,0.01,0.63625,,,2026-09-10 05:01:45
四川省,长江流域,柏枝,2026-09-10 03:00,1,19.8,8.07,7.79,200.8328,6.75767,0.84,0.005,0.008,0.41126,,,2026-09-10 05:01:45
四川省,长江流域,湾凼,2026-09-10 04:00,3,27.73819,7.62,5.03,757.6916,22.77887,3.73,0.003,0.036,0.301495,,,2026-09-10 05:01:45
四川省,长江流域,手爬岩,2026-09-10 04:00,2,24.68,7.99,7.66,424.589,25.1761,1.28,,0.041,1.235,,,2026-09-10 05:01:45
四川省,长江流域,沱江大桥,2026-09-10 04:00,3,31.19,8.19,6.96,427.4826,19.9481,2.43,0.012,0.131,2.724904,,,2026-09-10 05:01:45
四川省,长江流域,醒觉溪,2026-09-10 04:00,2,28.96,8.38,8.29,407,22.72,1.79,0.034,0.044,3.248,,,2026-09-10 05:01:45
四川省,长江流域,胡市大桥,2026-09-10 04:00,3,31.35,8.61,12.79,416.6411,11.5683,5.69,0.004,0.084,0.8458,,,2026-09-10 05:01:45
四川省,长江流域,大磨子,2026-09-10 03:00,2,31.342,8.15,7.87,461.979,8.274,2.54,0.044,0.096,2.924,,,2026-09-10 05:01:45
四川省,长江流域,泸天化大桥,2026-09-10 04:00,2,29.73,8.38,11.18,392.409,12.0563,1.56,,0.037,2.8496,,,2026-09-10 05:01:45
四川省,长江流域,纳溪大渡口,2026-09-10 04:00,2,24.27,7.82,7.44,378.232,10.445,1.02,,0.059,1.3063,,,2026-09-10 05:01:45
四川省,长江流域,两汇水,2026-09-10 04:00,4,28.31446,8.05,7.01,149.7632,112.2877,1.45,0.092,0.258,,,,2026-09-10 05:01:45
四川省,长江流域,太平渡,2026-09-10 04:00,2,27.78744,8.31,7.39,495.6464,17.05415,1.13,0.04,0.05,3.772,,,2026-09-10 05:01:45
四川省,长江流域,八角,2026-09-10 03:00,6,21.32,7.83,8.35,297.5,608.4,4,0.512,1.204,2.033,,,2026-09-10 05:01:45
四川省,长江流域,象山,2026-09-10 04:00,3,28.09,7.68,5.26,470.73,11.8,4.98,0.082,0.148,1.077,,,2026-09-10 05:01:45
四川省,长江流域,三川,2026-09-10 04:00,6,22.42,7.3,1.34,610.4,15.86,,,,,,,2026-09-10 05:01:45
四川省,长江流域,西平镇,2026-09-10 04:00,4,24.31,8,7.62,573.11,406.95,3.68,0.159,0.222,2.641,,,2026-09-10 05:01:45
四川省,长江流域,平武水文站,2026-09-10 03:00,3,15.63,8.35,9.1,180.3537,327.3383,4.31,0.001,0.025,1.82336,,,2026-09-10 05:01:45
四川省,长江流域,丰谷,2026-09-10 03:00,2,24.4881,7.94,7.15,321.2193,12.846,0.51,0.025,0.014,0.76424,,,2026-09-10 05:01:45
四川省,长江流域,鲁班岛,2026-09-10 03:00,2,25.94328,8.52,6.27,246.8059,2.12231,1.64,0.007,0.011,0.18209,0.00231,2.93253,2026-09-10 05:01:45
四川省,长江流域,北川通口,2026-09-10 03:00,1,20.48274,8.44,10.32,278.0575,25.0519,0.62,0.004,0.018,1.05802,,,2026-09-10 05:01:45
四川省,长江流域,八庙沟,2026-09-10 03:00,1,24.11,8.28,7.52,344.4527,8.1266,1.08,0.01,0.014,1.4727,,,2026-09-10 05:01:45
四川省,长江流域,姚渡,2026-09-10 04:00,1,21.21631,8.19,7.75,353.854,51.63211,1.14,0.009,0.005,1.436,,,2026-09-10 05:01:45
四川省,长江流域,苴国村,2026-09-10 03:00,2,23.63,7.93,7.42,278.8187,5.63665,1.55,0.01,0.011,1.17127,,,2026-09-10 05:01:45
四川省,长江流域,上石盘,2026-09-10 03:00,3,23.68,7.82,5.74,392.0425,9.54242,1.46,0.016,0.018,1.75966,,,2026-09-10 05:01:45
四川省,长江流域,南渡,2026-09-10 03:00,3,23.39,7.83,5.71,432.6597,35.72241,3.4,0.119,0.042,1.41264,,,2026-09-10 05:01:45
四川省,长江流域,清泉乡,2026-09-10 04:00,2,27.68,7.82,6.06,287.3,7.7785,2.18,0.06,0.022,0.852,,,2026-09-10 05:01:45
四川省,长江流域,大安,2026-09-10 04:00,3,29.39,7.84,5.31,537.112,13.8,5.44,0.021,0.18,0.7252,,,2026-09-10 05:01:45
四川省,长江流域,百顷,2026-09-10 03:00,2,27.48,7.83,6.86,366.67,8.84,1.17,0.044,0.022,1.929,,,2026-09-10 05:01:45
四川省,长江流域,梓江大桥,2026-09-10 04:00,2,27.88,8.21,7.6,378.6,15.9,2.42,0.015,0.023,1.427,,,2026-09-10 05:01:45
四川省,长江流域,大埂,2026-09-10 04:00,3,30.27,8.04,7.36,460.9,3.26,5.06,0.206,0.037,0.454174,,,2026-09-10 05:01:45
四川省,长江流域,球溪河口,2026-09-10 04:00,3,29.75,8.19,7.03,539.46,17.1,5.22,0.063,0.155,5.332,,,2026-09-10 05:01:45
四川省,长江流域,李码头,2026-09-10 03:00,2,21.26084,8.05,7.38,268.5088,14.73857,0.6,0.013,0.031,1.35272,,,2026-09-10 05:01:45
四川省,长江流域,马边河河口,2026-09-10 03:00,2,21.76108,7.72,7.49,223.9258,20.35706,1.21,0.016,0.044,1.86414,,,2026-09-10 05:01:45
四川省,长江流域,悦来渡口,2026-09-10 03:00,2,25.818,8.03,8.26,383.692,56.092,1.94,0.061,0.086,2.711,,,2026-09-10 05:01:45
四川省,长江流域,金溪电站,2026-09-10 04:00,3,27.8,7.74,5.58,326.662,16.0925,2.24,0.012,0.034,1.589,,,2026-09-10 05:01:45
四川省,长江流域,升钟水库铁炉寺,2026-09-10 04:00,4,27.03,7.9,4.91,365.9,5.07,4.58,,0.02,3.424,,,2026-09-10 05:01:45
四川省,长江流域,沙溪,2026-09-10 03:00,2,24.2,7.69,6.15,274.27,9.82,2.74,0.014,0.016,1.386,,,2026-09-10 05:01:45
四川省,长江流域,黄龙溪,2026-09-10 03:00,4,21.516,7.5,6.31,291.171,254.994,5.25,,0.266,1.939,,,2026-09-10 05:01:45
四川省,长江流域,彭山岷江大桥,2026-09-10 03:00,3,23.65,7.58,5.1,305.8652,80.10766,4.69,0.517,0.154,2.78911,,,2026-09-10 05:01:45
四川省,长江流域,龟都府,2026-09-10 04:00,2,19.41,8.02,8.56,194.6929,18.26745,0.68,,0.03,2.049277,,,2026-09-10 05:01:45
四川省,长江流域,越溪河两河口,2026-09-10 04:00,3,28.29,7.71,6,472.3,22.6,5.67,0.131,0.102,3.656,,,2026-09-10 05:01:45
四川省,长江流域,月波,2026-09-10 04:00,2,21.78,7.61,9.18,285.1,23.8,1.36,0.246,0.046,1.526,,,2026-09-10 05:01:45
四川省,长江流域,凉姜沟,2026-09-10 04:00,2,22.92,8.11,8.66,268.1384,18.00351,1.61,0.004,0.054,2.222955,,,2026-09-10 05:01:45
四川省,长江流域,挂弓山,2026-09-10 03:00,2,23.42707,7.91,7.63,393.1738,7.99564,0.79,0.01,0.026,1.27021,,,2026-09-10 05:01:45
四川省,长江流域,蔡家渡口,2026-09-10 03:00,2,29.90423,8.24,11.59,504.7744,19.09487,2.24,0.001,0.042,3.08735,,,2026-09-10 05:01:45
四川省,长江流域,三块石,2026-09-10 04:00,1,23.47,7.99,7.7,495.91,7.31,1.27,0.005,0.016,0.986,,,2026-09-10 05:01:45
四川省,长江流域,洛亥,2026-09-10 04:00,2,21.46,8.18,8.22,292.5848,164.5202,3.37,0.246,0.099,1.606,,,2026-09-10 05:01:45
四川省,长江流域,溪口镇平桥村,2026-09-10 03:00,4,26.73,7.28,4.9,323.41,12.08,4.56,0.003,0.07,0.756,,,2026-09-10 05:01:45
四川省,长江流域,摇金,2026-09-10 03:00,3,31.33,8.07,6.54,424.05,26.24,4.57,0.031,0.129,0.371,,,2026-09-10 05:01:45
四川省,长江流域,烈面,2026-09-10 03:00,2,29.4,7.56,6.06,280,13.4,1.49,0.052,0.035,1.432,,,2026-09-10 05:01:45
四川省,长江流域,幺滩,2026-09-10 04:00,2,30.97,8.42,7.46,444.56,14.91,3.26,0.039,0.069,1.357,,,2026-09-10 05:01:45
四川省,长江流域,团堡岭,2026-09-10 04:00,2,30,8.5,7.4,249.64,20.559,2.78,0.013,0.028,1.074,,,2026-09-10 05:01:45
四川省,长江流域,江陵,2026-09-10 03:00,2,29.07,8.08,6.03,240.29,9.2,2.9,0.012,0.028,1.107,,,2026-09-10 05:01:45
四川省,长江流域,大蹬沟,2026-09-10 04:00,3,29.17,7.99,5.83,240.6,19.4,2.78,0.022,0.032,1.04,,,2026-09-10 05:01:45
四川省,长江流域,白兔乡,2026-09-10 04:00,5,29.5,7.68,2.83,371.2,7.34,3.94,,0.039,0.469,,,2026-09-10 05:01:45
四川省,长江流域,联盟桥,2026-09-10 04:00,3,28.4,7.39,5.18,388.2,10.29,4.41,,0.074,1.5261,,,2026-09-10 05:01:45
四川省,长江流域,舵石盘,2026-09-10 04:00,4,28.97,7.9,4.97,237.5,15.9,2.98,,0.035,1.203,,,2026-09-10 05:01:45
四川省,长江流域,车家河,2026-09-10 04:00,2,28.6,7.85,7.06,293.6,21.77,2.63,0.03,0.033,1.07,,,2026-09-10 05:01:45
四川省,长江流域,三谷庄,2026-09-10 03:00,1,21.42,8.35,7.87,218.2675,19.21296,1.26,0.005,0.012,0.73903,,,2026-09-10 05:01:45
四川省,长江流域,大岗山,2026-09-10 03:00,1,17.81,7.96,7.9,214.2315,10.77502,0.76,0.001,0.013,0.59465,,,2026-09-10 05:01:45
四川省,长江流域,手傍岩,2026-09-10 04:00,2,29.01,7.97,6.1,382.3,9.5,2.02,0.044,0.028,1.476,,,2026-09-10 05:01:45
四川省,长江流域,幸福村,2026-09-10 04:00,3,28.74,8.39,8.63,462.9,359.3,2.71,0.065,0.129,2.466,,,2026-09-10 05:01:45
四川省,长江流域,拱城铺渡口,2026-09-10 04:00,3,27.51,8.02,8.38,518.77,1018.47,2.42,,0.156,2.421,,,2026-09-10 05:01:45
四川省,长江流域,红光村,2026-09-10 03:00,4,27.72,7.55,4.53,550.25,55.3,5.82,0.034,0.112,0.834,,,2026-09-10 05:01:45
四川省,长江流域,两河,2026-09-10 03:00,4,29.84,7.7,4.85,427.76,15.38,5.24,0.038,0.099,0.321,,,2026-09-10 05:01:45
四川省,长江流域,县城马踏石点,2026-09-10 03:00,1,15.43783,8.49,10.13,369.1782,21.46258,0.58,0.015,0.009,0.63308,,,2026-09-10 05:01:45
四川省,长江流域,渭门桥,2026-09-10 03:00,1,16.15,8.21,8.05,214.7052,33.62193,0.11,0.009,0.01,0.37232,,,2026-09-10 05:01:45
四川省,长江流域,小水沟,2026-09-10 03:00,2,13.66156,8.43,7.19,253.7512,37.49056,0.46,0.03,0.012,0.67947,,,2026-09-10 05:01:45
四川省,长江流域,竹巴龙村,2026-09-10 04:00,3,14.61,8.31,6.18,1512.9,222.1,1.94,0.229,0.103,2.076,,,2026-09-10 05:01:45
四川省,长江流域,昔街大桥,2026-09-10 04:00,2,23.27,7.77,7.26,218.34,29.21,2.09,0.096,0.094,3.176,,,2026-09-10 05:01:45
四川省,长江流域,阿七大桥,2026-09-10 03:00,2,23.84,7.87,6.63,255.4855,47.76492,1.29,0.036,0.074,2.36567,,,2026-09-10 05:01:45
四川省,长江流域,邛海湖心,2026-09-10 03:00,2,27.48,8.67,8.25,305.6507,4.83553,2.64,0.008,0.018,0.19187,0.0059,53154.71,2026-09-10 05:01:45
贵州省,长江流域,棉花渡,2026-09-10 04:00,3,23.499,7.75,5.32,453.25,0.1666,1.54,,0.06,2.5535,,,2026-09-10 05:01:45
贵州省,长江流域,贵铝泵房,2026-09-10 04:00,2,24.9062,8.47,9.7,357.4854,5.6372,2.92,0.013,0.009,1.6542,0.02084,1827356,2026-09-10 05:01:45
贵州省,长江流域,花鱼洞,2026-09-10 04:00,5,23.9768,7.5,2.68,325.8853,2.279,1.98,0.148,0.018,0.97,0.00244,3729366,2026-09-10 05:01:45
贵州省,长江流域,麦穰,2026-09-10 04:00,4,24.35,8.02,6.73,649.59,7.97,2.97,0.109,0.205,5.338,,,2026-09-10 05:01:45
贵州省,珠江流域,青岩,2026-09-10 04:00,4,23.88,7.9,4.98,564.158,3.902,1.11,,0.045,3.5941,,,2026-09-10 05:01:45
贵州省,长江流域,龙场,2026-09-10 04:00,2,21.12,7.82,6.4,390.25,6.82,0.88,,0.012,3.701,,,2026-09-10 05:01:45
贵州省,珠江流域,发耳,2026-09-10 04:00,-1,,,,,,,,,,,,2026-09-10 05:01:45
贵州省,长江流域,打秋坪,2026-09-10 04:00,2,25.12,7.84,6.49,549.9,4.9,1.24,0.092,0.096,4.376,,,2026-09-10 05:01:45
贵州省,长江流域,鱼塘大桥,2026-09-10 04:00,2,25.28,7.93,7.29,332.86,1.953,0.64,,0.009,1.382,,,2026-09-10 05:01:45
贵州省,长江流域,沿江渡,2026-09-10 04:00,2,27.47,8.88,8.23,332.42,4.48,2.59,0.011,0.015,2.617,,,2026-09-10 05:01:45
贵州省,长江流域,鲤鱼塘,2026-09-10 04:00,3,25.99,7.48,5.7,499.6,2.443,1.24,0.002,0.056,3.104,,,2026-09-10 05:01:45
贵州省,长江流域,坡渡,2026-09-10 04:00,1,25.28,8.04,7.75,326.42,6.71,0.39,,0.007,0.515,,,2026-09-10 05:01:45
贵州省,长江流域,余庆河暗溪坪,2026-09-10 04:00,2,25.38,7.65,8.66,321.55,7.27,1.04,0.014,0.038,1.732,,,2026-09-10 05:01:45
贵州省,长江流域,羊柱头渡口,2026-09-10 04:00,4,25.16,7.78,7.31,763.17,4.24,3.12,0.441,0.23,8.193,,,2026-09-10 05:01:45
贵州省,长江流域,鲢鱼溪,2026-09-10 03:00,5,27.955,8.41,8.56,426.247,22.95,13.2,0.162,0.083,4.119,,,2026-09-10 05:01:45
贵州省,长江流域,长沙,2026-09-10 03:00,2,30.0902,8.56,7.4,247.9953,12.2395,1.35,0.008,0.013,1.1341,,,2026-09-10 05:01:45
贵州省,长江流域,茅台,2026-09-10 04:00,2,25.73,8.2,7.01,393.92,13.88,0.92,,0.025,4.507,,,2026-09-10 05:01:45
贵州省,珠江流域,黄果树,2026-09-10 04:00,2,24.5444,8.29,8.39,609.5,16.59,0.6,,0.021,3.184,,,2026-09-10 05:01:45
贵州省,长江流域,斯拉河大桥,2026-09-10 04:00,2,26.45,8.75,10.14,346.75,44.08,2.97,0.034,0.016,3.563,,,2026-09-10 05:01:45
贵州省,珠江流域,打邦,2026-09-10 04:00,2,28.9,8.33,9.13,441.66,4.26,2.03,,0.013,3.06,,,2026-09-10 05:01:45
贵州省,长江流域,大关桥,2026-09-10 03:00,2,20.064,8.18,7.18,425.688,2.527,0.52,0.126,0.012,4.648,,,2026-09-10 05:01:45
贵州省,长江流域,小屯,2026-09-10 04:00,2,26.4,8.61,12.31,352.8283,6.355,2.74,,0.031,4.302,,,2026-09-10 05:01:45
贵州省,长江流域,清水铺,2026-09-10 03:00,2,25.057,8.29,7.51,453.261,4.763,0.67,0.008,0.024,5.224,,,2026-09-10 05:01:45
贵州省,长江流域,大桥边,2026-09-10 03:00,2,20.582,7.94,7.34,349.163,10.438,0.9,,0.033,4.223,,,2026-09-10 05:01:45
贵州省,长江流域,鱼市,2026-09-10 04:00,3,27.43,8.16,8.15,415.827,4.537462,4.36,0.009,,,,,2026-09-10 05:01:45
贵州省,长江流域,下干溪,2026-09-10 04:00,3,26.24,7.82,5.62,360.85,3.01,0.41,0.033,0.017,2.121,,,2026-09-10 05:01:45
贵州省,珠江流域,坝草,2026-09-10 04:00,1,27.7911,8.26,9.48,380.697,3.5577,1.23,0.024,0.007,3.0143,,,2026-09-10 05:01:45
贵州省,珠江流域,万峰湖,2026-09-10 04:00,2,26.76,8.56,7.83,312.49,3.45,1.04,0.001,0.02,2.706,0.026,1055965,2026-09-10 05:01:45
贵州省,珠江流域,岔河口,2026-09-10 04:00,2,26.4799,8.79,9.59,260.2274,12.4514,3.37,,0.017,1.6298,,,2026-09-10 05:01:45
贵州省,珠江流域,蔗香北,2026-09-10 04:00,1,28.14,8.1,10.54,288.3713,4.2703,0.94,0.005,0.009,2.22,,,2026-09-10 05:01:45
贵州省,珠江流域,黄泥河,2026-09-10 04:00,2,20.6577,8.16,7.21,412.9029,15.0562,0.69,,0.027,2.9185,,,2026-09-10 05:01:45
贵州省,珠江流域,赵家渡,2026-09-10 04:00,2,22.84,8.13,7.04,423.121,5.61,0.64,,0.031,4.682,,,2026-09-10 05:01:45
贵州省,珠江流域,坡脚,2026-09-10 04:00,2,23.96,7.83,6.95,419.5757,21.3077,0.93,,0.029,4.5748,,,2026-09-10 05:01:45
贵州省,珠江流域,蔗香南,2026-09-10 04:00,1,29.61,8.51,9.27,287.5,3.68,0.97,0.007,0.012,2.4451,,,2026-09-10 05:01:45
贵州省,长江流域,金紫,2026-09-10 04:00,2,24.86,7.69,6.13,171.7165,6.6,0.36,0.003,0.017,1.193,,,2026-09-10 05:01:45
贵州省,珠江流域,从江大桥,2026-09-10 03:00,1,26.655,7.46,8.61,96.42,1.908,1.02,0.02,0.013,0.579,,,2026-09-10 05:01:45
贵州省,长江流域,平敏大桥,2026-09-10 04:00,2,26.71,7.68,6.94,134.93,5.88,0.81,,0.024,0.757,,,2026-09-10 05:01:45
贵州省,长江流域,旁海,2026-09-10 04:00,3,25.04,8.41,7.72,473.15,10.56,0.79,0.026,0.134,2.21,,,2026-09-10 05:01:45
贵州省,长江流域,重安江大桥,2026-09-10 03:00,3,24.599,8.36,7.43,593.798,1.918,0.64,0.014,0.168,3.038,,,2026-09-10 05:01:45
贵州省,珠江流域,榕江,2026-09-10 04:00,2,28.32,8.15,7.77,123.96,5.06,0.69,0.012,0.023,0.567,,,2026-09-10 05:01:45
贵州省,珠江流域,新华,2026-09-10 03:00,2,26.732,8.1,7.9,228.947,21.651,1,0.062,0.043,1.322,,,2026-09-10 05:01:45
贵州省,长江流域,甘溪高碑,2026-09-10 04:00,2,26.84,8.3,9.62,343.7,13.96,3.01,0.001,0.046,0.6636,,,2026-09-10 05:01:45
贵州省,长江流域,跳鱼洞,2026-09-10 04:00,3,23.33,7.95,6.07,401.12,2.43,1.79,0.087,0.107,2.091,,,2026-09-10 05:01:45
贵州省,长江流域,凤山桥边,2026-09-10 04:00,2,24.3339,8.19,7.76,672.33,2.48,1.32,0.006,0.086,3.977,,,2026-09-10 05:01:45
贵州省,珠江流域,边外河,2026-09-10 04:00,1,24.97,7.82,7.69,337.57,3.92,0.7,0.005,0.004,1.836,,,2026-09-10 05:01:45
贵州省,珠江流域,界牌,2026-09-10 03:00,1,24.209,8.18,10.18,310.784,3.065,0.51,0.019,0.009,0.803,,,2026-09-10 05:01:45
贵州省,珠江流域,甲茶,2026-09-10 04:00,3,23.8329,7.64,5.32,324.6722,0.2441,0.65,0.001,0.007,1.1075,,,2026-09-10 05:01:45
云南省,长江流域,通仙桥,2026-09-10 04:00,3,21.46,7.95,6.05,453.238,25.397,1.58,0.05,0.154,5.558,,,2026-09-10 05:01:45
云南省,长江流域,普渡河桥,2026-09-10 04:00,3,24.25,8.07,6.85,536.835,32.9803,4.09,0.081,0.11,2.7737,,,2026-09-10 05:01:45
云南省,珠江流域,禄丰村,2026-09-10 04:00,3,24.59,8.1,6.97,478.5529,20.8643,1.8,,0.104,4.998,,,2026-09-10 05:01:45
云南省,滇池流域,回龙村,2026-09-10 04:00,3,22.45,7.85,5.13,577.2323,16.4538,2.86,,0.032,2.2769,,,2026-09-10 05:01:45
云南省,滇池流域,船房五社桥头,2026-09-10 04:00,3,24.41,7.59,5.83,564.2261,8.1847,5.56,0.068,0.087,5.9713,,,2026-09-10 05:01:45
云南省,滇池流域,王大桥,2026-09-10 04:00,4,21.66,7,4.87,593.4714,13.4443,3.77,0.109,0.287,8.5659,,,2026-09-10 05:01:45
云南省,滇池流域,大观河入湖口,2026-09-10 04:00,3,21.23,7.97,5.66,430.2429,34.1326,2.1,0.038,0.108,4.8842,,,2026-09-10 05:01:45
云南省,滇池流域,大渔乡土罗村入湖口,2026-09-10 04:00,6,21.23,7.43,1.27,490.3789,19.6696,2.74,0.067,0.086,8.715,,,2026-09-10 05:01:45
云南省,滇池流域,新河村入湖口,2026-09-10 04:00,3,22.28,7.94,5.88,412.89,20.698,2.05,0.032,0.103,4.1924,,,2026-09-10 05:01:45
云南省,珠江流域,阳宗海中,2026-09-10 04:00,3,25.34,,7.76,399.467,0.905,4.03,,0.012,0.605,0.01018,11100,2026-09-10 05:01:45
云南省,长江流域,富民大桥,2026-09-10 04:00,4,24.47,8.15,4.34,507.95,51.9988,9.7,0.064,0.235,3.6512,,,2026-09-10 05:01:45
云南省,滇池流域,严家村桥,2026-09-10 04:00,2,21.11044,7.97,6.35,420.9129,21.70362,1.65,0.032,0.089,5.056198,,,2026-09-10 05:01:45
云南省,滇池流域,宝丰村入湖口,2026-09-10 04:00,3,20.29,8,5.95,626.64,18.94,1.81,0.038,0.079,3.756,,,2026-09-10 05:01:45
云南省,滇池流域,江尾下闸,2026-09-10 04:00,4,22.56,7.47,3.03,329.1297,4.9278,1.29,0.086,0.026,2.562,,,2026-09-10 05:01:45
云南省,滇池流域,茨巷河入湖口,2026-09-10 04:00,4,21.57,7.52,3.84,373.1664,7.8299,2.63,,0.037,2.53,,,2026-09-10 05:01:45
云南省,滇池流域,东大河滇池入湖口,2026-09-10 04:00,5,22.24,8.76,2.75,320.147,11.4628,2.94,0.013,0.087,1.946,,,2026-09-10 05:01:45
云南省,滇池流域,草海中心,2026-09-10 04:00,3,24.82,8.65,11.79,353.82,73.52,4.75,,0.05,2.373,0.01232,7.470831,2026-09-10 05:01:45
云南省,滇池流域,灰湾中,2026-09-10 04:00,4,24.09,,12.06,361.797,422.741,8.83,0.024,0.046,1.546,0.01248,4.670543,2026-09-10 05:01:45
云南省,滇池流域,观音山东,2026-09-10 02:00,4,23.26,,6.46,381.34,28.39,6.31,0.002,0.033,0.957,0.01201,5.684688,2026-09-10 05:01:45
云南省,滇池流域,观音山中,2026-09-10 04:00,3,22.49,,8.37,314.497,18.27,5.75,,0.044,0.974,0.00892,1.59564,2026-09-10 05:01:45
云南省,滇池流域,观音山西,2026-09-10 04:00,4,23.32,,9.6,358.56,87.75,8.82,0.024,0.056,1.061,0.00705,8.077457,2026-09-10 05:01:45
云南省,滇池流域,海口西,2026-09-10 04:00,4,24,,10.94,311.52,23.06,7.81,,0.052,0.632,0.00883,3.29529,2026-09-10 05:01:45
云南省,滇池流域,滇池南,2026-09-10 04:00,4,22.78,,9.91,377.17,35.59,7.75,,0.047,0.902,0.04321,1.885081,2026-09-10 05:01:45
云南省,滇池流域,晋城小寨,2026-09-10 04:00,2,20.06,8.06,6.46,552.1572,19.8748,2.42,,0.086,8.177,,,2026-09-10 05:01:45
云南省,长江流域,牛栏江河口,2026-09-10 04:00,3,22.77,8.08,5.45,486.945,20.756,2.24,0.017,0.085,4.583,,,2026-09-10 05:01:45
云南省,珠江流域,狗街,2026-09-10 04:00,3,25.02,7.9,5.24,532.7256,12.6381,2.41,0.077,0.109,5.38987,,,2026-09-10 05:01:45
云南省,珠江流域,花山水库出水口,2026-09-10 04:00,2,23.03,8.4,7.17,323.8741,1.8611,1.22,,0.007,2.7409,,,2026-09-10 05:01:45
云南省,长江流域,以礼河水文站,2026-09-10 04:00,3,19.45,7.7,5.65,262.9453,18.3298,1.36,0.018,0.048,1.9616,,,2026-09-10 05:01:45
云南省,珠江流域,厂房大桥,2026-09-10 04:00,3,20.83,8.17,8.3,367.8593,22.6841,1.73,0.031,0.101,3.1878,,,2026-09-10 05:01:45
云南省,长江流域,牛栏江大桥,2026-09-10 04:00,2,20.72,8.05,7.06,385.083,47.165,0.57,0.012,0.063,4.589,,,2026-09-10 05:01:45
云南省,珠江流域,盘溪大桥,2026-09-10 03:00,2,26.04,8.62,6.94,,0.10451,1.51,0.01,0.033,5.78633,,,2026-09-10 05:01:45
云南省,珠江流域,九甸大桥,2026-09-10 03:00,2,24.98142,8.41,6.48,500.9615,51.15368,,0.004,0.069,4.09544,,,2026-09-10 05:01:45
云南省,西南诸河,坝洪村,2026-09-10 03:00,2,27.2,8.19,7.8,351.3277,690.3174,0.91,0.011,0.04,1.76209,,,2026-09-10 05:01:45
云南省,珠江流域,抚仙湖心,2026-09-10 04:00,1,24.67,8.86,7.94,283.85,3.705,1.48,0.007,0.01,0.108,0.00168,2307608,2026-09-10 05:01:45
云南省,西南诸河,绿汁江大桥,2026-09-10 03:00,2,23.2378,8.2,7.21,646.873,703.1188,1.47,0.028,0.046,2.42366,,,2026-09-10 05:01:45
云南省,珠江流域,杞麓湖心,2026-09-10 04:00,4,23.64,8.89,7.87,744.91,11.97,6.52,0.185,0.021,1.46,0.02733,8841374,2026-09-10 05:01:45
云南省,珠江流域,永昌桥,2026-09-10 03:00,3,21.70643,7.99,6.09,403.4367,27.94734,1.58,0.009,0.11,2.55142,,,2026-09-10 05:01:45
云南省,珠江流域,星云湖心,2026-09-10 04:00,3,25.09,,9.61,514.489,31.48,5.96,,0.009,0.665,0.00504,3.454605,2026-09-10 05:01:45
云南省,西南诸河,红旗桥,2026-09-10 04:00,1,21.40111,8.02,8.23,345.8528,422.1669,1.05,,0.007,0.4448724,,,2026-09-10 05:01:45
云南省,西南诸河,湾甸,2026-09-10 03:00,2,24.50104,8.31,8.3,390.3977,687.6338,2.16,0.01,0.097,4.73665,,,2026-09-10 05:01:45
云南省,西南诸河,永保桥,2026-09-10 03:00,2,22.06089,8.14,7.48,424.6327,65.62774,1.22,0.007,0.007,1.12934,,,2026-09-10 05:01:45
云南省,长江流域,云贵桥,2026-09-10 04:00,1,19.3,8.15,7.54,389.202,11.538,1.56,0.015,0.015,3.326,,,2026-09-10 05:01:45
云南省,长江流域,头屯河,2026-09-10 04:00,2,18.75,8.13,7.37,425.732,5.42,0.62,0.025,0.022,4.691,,,2026-09-10 05:01:45
云南省,长江流域,邓家河,2026-09-10 04:00,3,22.93,7.5,5.96,395.699,14.382,0.44,,0.056,3.243,,,2026-09-10 05:01:45
云南省,长江流域,横江桥,2026-09-10 04:00,2,23.77,8.15,8.32,285.84,53.93,1.19,,0.04,2.896,,,2026-09-10 05:01:45
云南省,长江流域,程海湖中,2026-09-10 03:00,3,26.42334,,9.14,1382.485,4.35218,5.74,0.015,0.016,0.8962,0.00592,7446.847,2026-09-10 05:01:45
云南省,长江流域,金江桥,2026-09-10 03:00,1,22.81,8.06,8.12,685.736,14.33945,1.55,0.015,0.013,0.8276,,,2026-09-10 05:01:45
云南省,长江流域,龙兴村,2026-09-10 03:00,4,18.92,7.76,5.79,419.2166,117.2326,2.57,0.822,0.27,3.43302,,,2026-09-10 05:01:45
云南省,西南诸河,土卡河水文站,2026-09-10 04:00,2,26.65326,7.94,6.75,203.2315,30.36594,1.11,,0.017,1.053164,,,2026-09-10 05:01:45
云南省,西南诸河,思茅港,2026-09-10 01:00,3,22.97998,7.38,5.63,310.8038,22.06137,1.49,0.032,0.014,1.53587,,,2026-09-10 05:01:45
云南省,西南诸河,孟拉桥,2026-09-10 03:00,2,23.72,7.13,7.27,96.88437,226.5002,1.26,0.025,0.012,0.9737,,,2026-09-10 05:01:45
云南省,西南诸河,莲花乡,2026-09-10 03:00,4,24.34752,7.5,4.91,261.2052,34.47061,2.26,1.232,0.147,3.95001,,,2026-09-10 05:01:45
云南省,西南诸河,嘎旧,2026-09-10 03:00,2,22.41,7.96,6.86,402.4251,14.56677,1.48,0.016,0.013,0.64727,,,2026-09-10 05:01:45
云南省,西南诸河,景临桥,2026-09-10 03:00,2,24.06,7.83,6.82,327.8157,31.1024,1.48,0.029,0.026,1.03574,,,2026-09-10 05:01:45
云南省,西南诸河,孟定大桥,2026-09-10 03:00,1,24.58,7.7,7.84,238.2824,917.9095,0.84,0.008,0.016,1.45433,,,2026-09-10 05:01:45
云南省,西南诸河,小黑江检查站,2026-09-10 03:00,2,23.7719,7.62,7.72,162.677,191.434,1.74,0.081,0.024,0.86536,,,2026-09-10 05:01:45
云南省,西南诸河,水文站,2026-09-10 03:00,3,24,8.2,5.88,372.5071,153.9884,1.6,0.008,0.055,1.40695,,,2026-09-10 05:01:45
云南省,长江流域,西观桥,2026-09-10 03:00,3,24.2,7.68,5.15,365.2142,66.84298,1.96,0.019,0.051,2.03944,,,2026-09-10 05:01:45
云南省,西南诸河,那发出境,2026-09-10 04:00,2,26.43,7.8,7.63,141.2074,33.47,0.59,,0.04,0.7535,,,2026-09-10 05:01:45
云南省,西南诸河,中越桥,2026-09-10 04:00,2,25.75,8.1,8.86,280.2069,38.3823,0.55,,0.04,2.7628,,,2026-09-10 05:01:45
云南省,西南诸河,龙脖渡口,2026-09-10 04:00,2,26.98,7.92,7.77,283.4718,49.5412,1,,0.056,1.7942,,,2026-09-10 05:01:45
云南省,西南诸河,河口县医院,2026-09-10 04:00,2,27.16926,7.44,7.15,274.1474,63.01617,1.71,0.003,0.057,1.865703,,,2026-09-10 05:01:45
云南省,珠江流域,异龙湖中,2026-09-10 04:00,4,26.61,8.6,7.82,420.46,4.275,7.19,0.016,0.012,0.6,0.02165,278419.1,2026-09-10 05:01:45
云南省,珠江流域,长虹桥,2026-09-10 04:00,3,24.36,8.21,7.08,521.2995,96.5717,3.01,,0.107,4.1577,,,2026-09-10 05:01:45
云南省,珠江流域,江边桥,2026-09-10 04:00,3,25.12,7.81,7.12,482.63,122.52,1.8,,0.121,3.446,,,2026-09-10 05:01:45
云南省,西南诸河,天保农场,2026-09-10 04:00,2,23.59,8.07,9.75,379,10.62,0.51,,0.032,3.0708,,,2026-09-10 05:01:45
云南省,西南诸河,南利大桥,2026-09-10 04:00,4,24.38,8.06,4.85,306.41,11.53,6,0.043,0.019,1.466,,,2026-09-10 05:01:45
云南省,珠江流域,谷拉河大桥,2026-09-10 04:00,1,29.76,8.68,11.28,195.8,5.145,1.65,0.013,0.005,0.584,,,2026-09-10 05:01:45
云南省,西南诸河,关累码头,2026-09-10 03:00,2,23.40337,7.69,6.69,287.2313,81.70284,0.71,0.004,0.017,1.05325,,,2026-09-10 05:01:45
云南省,西南诸河,勐仑大桥,2026-09-10 03:00,2,24.16,7.99,7.7,219.3864,208.9999,0.77,0.004,0.036,1.08665,,,2026-09-10 05:01:45
云南省,西南诸河,风情园大桥,2026-09-10 03:00,2,23.97466,7.68,7.77,107.4522,256.3687,1.34,0.008,0.037,3.57463,,,2026-09-10 05:01:45
云南省,西南诸河,打洛江大桥,2026-09-10 03:00,1,25.32058,7.7,7.74,118.8233,326.093,0.49,0.008,0.017,0.6245,,,2026-09-10 05:01:45
云南省,西南诸河,洱海湖心,2026-09-10 04:00,2,24.46,8.64,6.22,288.39,11.04,3.99,0.041,0.021,0.61,0.00828,17000,2026-09-10 05:01:45
云南省,西南诸河,交汇口,2026-09-10 03:00,2,20.86527,8.49,7.78,278.8342,913.4467,1.68,0.005,0.033,0.83602,,,2026-09-10 05:01:45
云南省,西南诸河,徐村桥,2026-09-10 03:00,2,22.23,7.94,7.2,242.7542,157.1674,1.34,0.009,0.039,1.16626,,,2026-09-10 05:01:45
云南省,西南诸河,江尾,2026-09-10 03:00,3,24.27903,8.06,5.81,324.3116,80.74066,3.83,0.007,0.029,0.62691,,,2026-09-10 05:01:45
云南省,西南诸河,四级坝,2026-09-10 03:00,2,22.67,7.91,6.65,314.7748,4.30967,2.49,0.092,0.088,0.98581,,,2026-09-10 05:01:45
云南省,西南诸河,汇流电站,2026-09-10 03:00,2,25.46326,7.05,7.81,89.6533,566.619,1.18,0.009,0.022,0.88099,,,2026-09-10 05:01:45
云南省,西南诸河,姐告大桥,2026-09-10 03:00,2,24.45101,7.73,7.02,145.5496,114.1275,1.52,0.009,0.039,4.75069,,,2026-09-10 05:01:45
云南省,西南诸河,迭撒大桥,2026-09-10 03:00,2,25.77193,6.86,6.08,102.221,95.7299,2.34,0.131,0.048,3.52402,,,2026-09-10 05:01:45
云南省,西南诸河,风平,2026-09-10 03:00,2,22.28,8.01,7.69,186.5495,256.3139,1.77,0.01,0.081,1.07851,,,2026-09-10 05:01:45
云南省,西南诸河,拉甲木底桥,2026-09-10 03:00,1,20.54076,8.15,10.19,326.3188,220.9796,0.7,0.005,0.005,0.2689,,,2026-09-10 05:01:45
云南省,西南诸河,丙舍桥,2026-09-10 03:00,1,20.72379,8.26,9.01,368.4506,406.0287,0.83,0.002,0.005,0.30303,,,2026-09-10 05:01:45
云南省,长江流域,贺龙桥,2026-09-10 03:00,1,18.63156,8.42,8.78,921.5356,44.52264,0.92,0.077,0.011,0.66294,,,2026-09-10 05:01:45
云南省,西南诸河,中路村,2026-09-10 03:00,1,17.97,8.42,8.19,470.0781,27.54811,0.87,0.023,0.004,0.49223,,,2026-09-10 05:01:45
西藏自治区,西南诸河,才纳,2026-09-10 03:00,2,14.422,7.86,6.64,205.909,43.46,1.03,0.04,0.023,0.523,,,2026-09-10 05:01:45
西藏自治区,西南诸河,米瑞,2026-09-10 03:00,3,13.504,8.25,7.31,173.279,432.499,2.85,0.026,0.127,0.074,,,2026-09-10 05:01:45
陕西省,黄河流域,灞河口,2026-09-10 04:00,3,20.69,8.03,8.52,432.0915,33.4735,3.39,0.98,0.081,4.8257,,,2026-09-10 05:01:45
陕西省,黄河流域,三郎村,2026-09-10 04:00,4,23.43,7.38,4.43,569.222,39.4,4.03,1.12,0.123,5.1567,,,2026-09-10 05:01:45
陕西省,黄河流域,沙王渡,2026-09-10 02:00,5,22.85,7.74,3.3,813.7273,129.9233,5.95,1.714,0.198,5.9773,,,2026-09-10 05:01:45
陕西省,黄河流域,岔口,2026-09-10 04:00,6,17.83,7.91,8.84,454.072,2716.929,6.99,2.105,0.456,8.0615,,,2026-09-10 05:01:45
陕西省,黄河流域,下桃水电站,2026-09-10 03:00,2,18.621,8.25,9.34,991.84,1011.75,2.57,0.051,0.043,4.083,,,2026-09-10 05:01:45
陕西省,长江流域,黄牛铺,2026-09-10 04:00,4,13.76,7.45,9.26,83.3857,44.1057,8.92,,0.048,2.092,,,2026-09-10 05:01:45
陕西省,黄河流域,魏家堡,2026-09-10 04:00,-1,,,,,,,,,,,,2026-09-10 05:01:45
陕西省,黄河流域,卧龙寺桥,2026-09-10 04:00,3,19.38,8.14,8.27,824.1424,,5.2,0.182,,6.291,,,2026-09-10 05:01:45
陕西省,长江流域,灶火庵,2026-09-10 04:00,5,16.1,8.12,9,136.006,352.9684,11.71,,0.204,1.9077,,,2026-09-10 05:01:45
陕西省,黄河流域,咸阳铁桥,2026-09-10 04:00,3,21.45,7.83,6.33,658.7,22.0465,3.25,0.72,0.062,6.2814,,,2026-09-10 05:01:45
陕西省,黄河流域,兴平,2026-09-10 04:00,2,20.64,7.9,6.47,770.3826,224.3805,3.76,0.187,0.087,5.2652,,,2026-09-10 05:01:45
陕西省,黄河流域,泾河桥,2026-09-10 04:00,2,19.71,8.3,8.18,1293.18,82.9066,2.22,0.067,0.058,4.1862,,,2026-09-10 05:01:45
陕西省,黄河流域,黑河张家桥,2026-09-10 04:00,2,23.76,8.38,7.54,550.8229,73.2663,2.59,0.052,0.037,1.4002,,,2026-09-10 05:01:45
陕西省,黄河流域,潼关吊桥,2026-09-10 02:00,3,21.79,8.2,7.17,1033.459,249.8532,4.15,0.24,0.101,6.3201,,,2026-09-10 05:01:45
陕西省,黄河流域,王谦村,2026-09-10 03:00,4,20.974,7.97,6.47,1221,1264.6,8.23,1.075,0.215,3.57,,,2026-09-10 05:01:45
陕西省,黄河流域,张家庄,2026-09-10 02:00,4,20.38,7.58,4.65,370.8065,22.8671,,,,4.4522,,,2026-09-10 05:01:45
陕西省,黄河流域,杨家畔村,2026-09-10 04:00,5,18.36,8.59,8.6,1591.394,2866.167,5.92,,0.398,6.4021,,,2026-09-10 05:01:45
陕西省,黄河流域,昝家山,2026-09-10 04:00,3,17.43,8.41,10.2,521.839,4326.707,2.97,0.025,0.126,2.6671,,,2026-09-10 05:01:45
陕西省,黄河流域,寺滩,2026-09-10 04:00,6,23.28,8.9,7.62,,0.121778,22.64,0.145,0.422,6.5881,,,2026-09-10 05:01:45
陕西省,黄河流域,朱家沟,2026-09-10 04:00,5,17.19,8.13,8.05,714.53,,4.36,0.496,0.379,4.1751,,,2026-09-10 05:01:45
陕西省,长江流域,烈金坝,2026-09-10 04:00,2,20.21,8.19,7.56,320.13,3.814,0.96,0.009,0.024,1.0734,,,2026-09-10 05:01:45
陕西省,长江流域,南柳渡,2026-09-10 04:00,3,23.54,7.74,5.59,267.7767,43.839,2.98,0.418,0.103,2.206,,,2026-09-10 05:01:45
陕西省,长江流域,白水江,2026-09-10 04:00,2,21.02,8.08,7.41,336.8318,16.113,0.89,,0.022,1.0684,,,2026-09-10 05:01:45
陕西省,黄河流域,柏树坪,2026-09-10 04:00,3,21.27002,8.33,8.66,966.766,426.4428,3.32,,0.139,5.8321,,,2026-09-10 05:01:45
陕西省,黄河流域,温家川,2026-09-10 04:00,4,17.59,8.33,8.24,1247.73,204.3071,7.33,0.22,0.062,4.2901,,,2026-09-10 05:01:45
陕西省,黄河流域,碛塄,2026-09-10 04:00,2,22.05,8.31,8.27,952.595,27.1316,1.73,0.014,0.025,2.7381,,,2026-09-10 05:01:45
陕西省,黄河流域,高家川,2026-09-10 04:00,2,15.88,8.4,8.75,808.715,194.8619,3.64,,0.072,3.3301,,,2026-09-10 05:01:45
陕西省,黄河流域,鱼河,2026-09-10 04:00,4,16.52,8.28,7.74,754.33,69.92569,4.45,0.224,0.211,4.3841,,,2026-09-10 05:01:45
陕西省,长江流域,白河城关,2026-09-10 04:00,2,25.76,7.69,6.87,239.0497,11.75,2.6,0.014,0.036,1.337,0.012635,,2026-09-10 05:01:45
陕西省,长江流域,南江河出陕界,2026-09-10 04:00,1,22.71,8.01,8.4,212.4933,13.0163,0.7,,0.008,0.4688,,,2026-09-10 05:01:45
陕西省,长江流域,小钢桥,2026-09-10 04:00,2,26.89,7.9,6.04,304.37,14.02,2.45,0.02,0.026,1.488,,,2026-09-10 05:01:45
陕西省,长江流域,老君关,2026-09-10 04:00,4,24.73,7.45,4.63,247.0155,16.3981,2.84,,0.029,1.721,,,2026-09-10 05:01:45
陕西省,长江流域,瀛湖坝前,2026-09-10 04:00,2,26.21,8.35,7.53,200.8919,21.9765,2.21,0.016,0.018,0.727,0.04585,3274508,2026-09-10 05:01:45
陕西省,长江流域,构峪口,2026-09-10 04:00,3,22.03,7.9,5.54,380.0597,2.9322,2.25,,0.01,2.001,,,2026-09-10 05:01:45
陕西省,黄河流域,灵口,2026-09-10 04:00,1,18.81,8.26,7.9,491.7257,12.7296,0.92,0.034,0.013,1.7108,,,2026-09-10 05:01:45
甘肃省,黄河流域,扶和桥,2026-09-10 03:00,2,15.87,8.17,8.07,518.4016,188.9682,2.14,0.293,0.009,4.19738,,,2026-09-10 05:01:45
甘肃省,黄河流域,新城桥,2026-09-10 04:00,3,16.45,8.23,7.3,594.323,546.761,2.84,0.039,0.13,2.197,,,2026-09-10 05:01:45
甘肃省,黄河流域,湟水桥,2026-09-10 04:00,3,15.64,8.38,7.3,646.534,322.473,2.9,0.095,0.12,3.293,,,2026-09-10 05:01:45
甘肃省,西北诸河,迎山坡,2026-09-10 03:00,1,14.14985,8.25,7.95,523.9471,8.68731,0.51,0.019,0.008,1.63251,,,2026-09-10 05:01:45
甘肃省,黄河流域,青城桥,2026-09-10 03:00,2,18.27813,8.15,6.35,589.6523,33.04003,1.41,0.037,0.02,2.22999,,,2026-09-10 05:01:45
甘肃省,黄河流域,五佛寺,2026-09-10 04:00,2,18.46167,8.22,6.95,718.5533,92.13688,1.28,0.046,0.018,2.755,,,2026-09-10 05:01:45
甘肃省,黄河流域,靖远桥,2026-09-10 03:00,2,17.96487,8.23,6.63,671.4597,38.24343,1.11,0.061,0.025,2.79565,,,2026-09-10 05:01:45
甘肃省,黄河流域,桦林,2026-09-10 04:00,-1,,,,,,,,,,,,2026-09-10 05:01:45
甘肃省,黄河流域,葡萄园,2026-09-10 04:00,2,18.06,7.93,7.8,596.554,757.3248,3.59,,0.086,6.562,,,2026-09-10 05:01:45
甘肃省,黄河流域,先明峡桥,2026-09-10 03:00,1,12.87026,8.6,8.56,466.4451,30.31614,0.04,0.039,0.007,1.69624,,,2026-09-10 05:01:45
甘肃省,西北诸河,莺落峡,2026-09-10 03:00,1,14.74,8.41,9.22,682.1883,11.54528,0.65,0.042,0.015,1.32853,,,2026-09-10 05:01:45
甘肃省,西北诸河,皇城水库,2026-09-10 03:00,1,11.52236,8.21,8.38,487.6552,13.10233,0.98,0.003,0.002,1.35482,,,2026-09-10 05:01:45
甘肃省,西北诸河,六坝桥,2026-09-10 03:00,2,15.13067,8.37,8.96,650.574,141.6514,2.69,0.198,0.049,3.48633,,,2026-09-10 05:01:45
甘肃省,黄河流域,长庆桥,2026-09-10 04:00,3,17.81,8.07,6.8,662.894,2298.673,3.13,0.004,0.13,4.5531,,,2026-09-10 05:01:45
甘肃省,黄河流域,洮园桥,2026-09-10 03:00,3,16.58,8.29,7.59,433.6374,727.2709,4.04,0.446,0.145,15.09985,,,2026-09-10 05:01:45
甘肃省,长江流域,固水子村,2026-09-10 04:00,3,17.17,8.29,8.51,365.3,1581.6,2.69,,0.115,0.851,,,2026-09-10 05:01:45
甘肃省,长江流域,两水桥,2026-09-10 04:00,3,,8.31,,360.547,1688.731,4.09,0.001,0.052,1.9111,,,2026-09-10 05:01:45
甘肃省,黄河流域,折桥,2026-09-10 03:00,2,12.54,8.42,10.12,472.882,,3.16,0.306,0.067,3.40391,,,2026-09-10 05:01:45
甘肃省,黄河流域,地沟桥,2026-09-10 03:00,3,11.51,8.55,8.79,499.5253,379.2189,5.98,0.385,0.057,6.90136,,,2026-09-10 05:01:45
甘肃省,黄河流域,玛曲,2026-09-10 03:00,2,11.52456,8.41,6.32,399.689,49.51615,0.47,,,1.19548,,,2026-09-10 05:01:45
青海省,黄河流域,小峡桥,2026-09-10 03:00,3,13.49251,8.39,9.22,664.7257,99.04968,4.83,0.233,0.127,3.99111,,,2026-09-10 05:01:45
青海省,黄河流域,润泽桥,2026-09-10 03:00,2,13.14727,8.17,8.58,486.039,115.8887,3.09,0.109,0.058,3.03701,,,2026-09-10 05:01:45
青海省,黄河流域,大河家,2026-09-10 03:00,1,13.23224,8.32,7.69,511.601,49.04176,1.08,0.006,0.014,0.78917,,,2026-09-10 05:01:45
青海省,黄河流域,边墙村,2026-09-10 03:00,5,14.62741,8.4,8.29,766.2638,387.9881,8.65,0.807,0.366,6.91322,,,2026-09-10 05:01:45
青海省,黄河流域,峡塘,2026-09-10 03:00,1,12.90931,8.44,7.71,515.4648,48.79624,1.27,0.008,0.013,0.83207,,,2026-09-10 05:01:45
青海省,西北诸河,布哈河入青海湖口,2026-09-10 03:00,2,11.26112,8.4,7.48,521.4922,175.1115,0.93,0.003,0.004,0.642,,,2026-09-10 05:01:45
青海省,黄河流域,唐乃亥,2026-09-10 03:00,2,15.80091,8.47,6.74,442.2444,126.888,3.53,0.195,0.098,1.64629,,,2026-09-10 05:01:45
青海省,黄河流域,龙羊峡库区出水口,2026-09-10 03:00,2,14.58273,8.06,6.84,443.1874,6.13182,0.98,0.005,0.008,0.77195,0.00134,299869.1,2026-09-10 05:01:45
青海省,长江流域,直门达,2026-09-10 03:00,3,14.5713,8.42,6.98,1657.25,441.35,2.04,0.539,0.123,1.010291,,,2026-09-10 05:01:45
青海省,西北诸河,总场水闸,2026-09-10 03:00,2,11.68,8.56,7.42,745.7878,195.7579,0.59,0.006,0.025,1.41367,,,2026-09-10 05:01:45
青海省,西北诸河,纳赤台,2026-09-10 03:00,4,8.233,8.44,7.31,726.5,150.61,1.23,0.096,0.291,0.006,,,2026-09-10 05:01:45
青海省,西北诸河,德令哈市水厂旁,2026-09-10 03:00,1,11.08156,8.19,9.38,797.8628,20.70673,0.24,0.007,0.003,1.19486,,,2026-09-10 05:01:45
宁夏回族自治区,黄河流域,叶盛公路桥,2026-09-10 04:00,2,19.25,8.16,7.67,975.1,213.31,1.6,,0.037,3.27,,,2026-09-10 05:01:45
宁夏回族自治区,黄河流域,银古公路桥,2026-09-10 03:00,2,18.73803,8.44,7.47,1014.991,127.9179,,0.088,0.047,3.14993,,,2026-09-10 05:01:45
宁夏回族自治区,黄河流域,平罗黄河大桥,2026-09-10 04:00,2,19.51,8.38,7.29,1026.73,331.06,2.13,,0.091,3.789,,,2026-09-10 05:01:45
宁夏回族自治区,黄河流域,麻黄沟,2026-09-10 04:00,2,19.68,8.31,7.32,984.39,525.178,2.47,,0.073,3.121,,,2026-09-10 05:01:45
宁夏回族自治区,黄河流域,金沙湾,2026-09-10 03:00,2,19.342,8.41,7.84,870.73,128.86,1.91,0.001,0.056,3.004,,,2026-09-10 05:01:45
宁夏回族自治区,黄河流域,弹筝峡,2026-09-10 03:00,4,17.87,8.23,7.76,,7.852,,0.046,0.254,2.909,,,2026-09-10 05:01:45
宁夏回族自治区,黄河流域,沟圈,2026-09-10 04:00,4,16.05,8.34,8.2,947.011,393.6292,4.34,1.053,0.137,6.9471,,,2026-09-10 05:01:45
宁夏回族自治区,黄河流域,中卫下河沿,2026-09-10 04:00,1,18.6,8.6,7.87,789.4,136.7,,,,,,,2026-09-10 05:01:45
宁夏回族自治区,黄河流域,泉眼山,2026-09-10 04:00,3,16.19,8.16,8.91,7541.244,2408.95,3.78,0.404,0.164,29.4441,,,2026-09-10 05:01:45
新疆维吾尔自治区,西北诸河,青年渠,2026-09-10 03:00,1,14.27,8.15,10.61,391.521,56.47774,1.91,0.01,0.007,1.14211,,,2026-09-10 05:01:45
新疆维吾尔自治区,西北诸河,七纺桥,2026-09-10 03:00,1,13.44,8.46,8.11,2285.522,19.30313,0.78,0.023,0.019,10.60075,,,2026-09-10 05:01:45
新疆维吾尔自治区,西北诸河,赛湖2,2026-09-10 03:00,4,16.20134,,4.98,3039.521,6.81855,0.55,0.166,0.001,0.61633,0.00904,28900,2026-09-10 05:01:45
新疆维吾尔自治区,西北诸河,哈尔莫墩,2026-09-10 03:00,1,16.21,8.15,9.13,333.2061,1.04823,0.61,0.008,0.007,0.50487,,,2026-09-10 05:01:45
新疆维吾尔自治区,西北诸河,汇合口,2026-09-10 03:00,4,21.26,7.39,3.99,577.5381,4.99842,2.85,0.012,0.009,0.19062,,,2026-09-10 05:01:45
新疆维吾尔自治区,西北诸河,兰干,2026-09-10 03:00,2,22.2957,8.31,6.89,760.1302,3.2763,2.38,0.005,0.009,0.51604,,,2026-09-10 05:01:45
新疆维吾尔自治区,西北诸河,塔提让,2026-09-10 03:00,1,16.8,8.45,7.78,1147.437,1042.282,0.19,0.005,0.002,0.93549,,,2026-09-10 05:01:45
新疆维吾尔自治区,西北诸河,龙口,2026-09-10 03:00,1,18.72365,8.24,8.53,660.5502,3628.923,0.43,0.007,0.008,1.02837,,,2026-09-10 05:01:45
新疆维吾尔自治区,西北诸河,塔里木拦河闸,2026-09-10 03:00,1,17.01085,8.1,8.29,571.3387,3154.25,0.34,0.004,0.005,1.06409,,,2026-09-10 05:01:45
新疆维吾尔自治区,西北诸河,十二医院,2026-09-10 03:00,3,18.77275,7.68,7.03,1274.827,28.79917,1.68,0.833,,1.49136,,,2026-09-10 05:01:45
新疆维吾尔自治区,西北诸河,依干其渡口,2026-09-10 03:00,2,19.01408,8.32,7.74,674.9993,1020.099,2.11,0.008,0.094,3.5497,,,2026-09-10 05:01:45
新疆维吾尔自治区,西北诸河,喀河大桥,2026-09-10 03:00,2,19.43046,7.92,7.2,1123.059,2.20837,0.19,0.009,0.002,1.85424,,,2026-09-10 05:01:45
新疆维吾尔自治区,西北诸河,科布大桥,2026-09-10 03:00,1,14.04419,8.2,8.5,319.2748,116.3706,0.28,0.008,0.005,0.73463,,,2026-09-10 05:01:45
新疆维吾尔自治区,西北诸河,龙口大桥,2026-09-10 03:00,1,17.49186,7.77,9.18,278.1757,7.44142,0.55,0.005,0.007,0.6008,,,2026-09-10 05:01:45
新疆维吾尔自治区,西北诸河,羊场大桥,2026-09-10 03:00,2,18.83,7.98,7.47,536.0403,99.85384,,0.014,0.016,1.76523,,,2026-09-10 05:01:45
新疆维吾尔自治区,西北诸河,喀什河大桥,2026-09-10 03:00,1,16.4,8.12,10.54,247.819,27.9438,0.53,0.006,0.005,0.85201,,,2026-09-10 05:01:45
新疆维吾尔自治区,西北诸河,霍城63团伊犁河大桥,2026-09-10 03:00,2,18.224,7.73,6.86,354.94,250.615,1.6,0.051,0.048,0.746,,,2026-09-10 05:01:45
新疆维吾尔自治区,西北诸河,英牙尔乡,2026-09-10 03:00,3,20.28913,7.94,8.24,340.8494,265.9741,5.07,0.004,0.113,1.48006,,,2026-09-10 05:01:45
新疆维吾尔自治区,西北诸河,雅马渡大桥,2026-09-10 03:00,2,17.899,7.55,6.35,278.389,21.658,0.83,0.007,0.017,0.736,,,2026-09-10 05:01:45
新疆维吾尔自治区,西北诸河,布尔津河大桥,2026-09-10 03:00,1,17.93,7.28,8.65,55.00452,7.05042,1.21,0.003,0.004,0.25457,,,2026-09-10 05:01:45
新疆维吾尔自治区,西北诸河,乌伦古湖码头,2026-09-10 03:00,3,23.30636,8.67,8.12,3769.208,10.16373,4.12,0.008,0.017,0.38931,0.02105,640496,2026-09-10 05:01:45
新疆维吾尔自治区,西北诸河,北屯大桥,2026-09-10 03:00,1,19.14709,7.29,7.73,82.64221,14.30878,0.57,0.002,0.008,0.48473,,,2026-09-10 05:01:45
新疆维吾尔自治区,西北诸河,布尔津水文站,2026-09-10 03:00,1,19.68,8.02,8.61,212.6165,10.57743,,,,,,,2026-09-10 05:01:45
