省份,流域,断面名称,监测时间,水质类别,水温(℃),pH(无量纲),溶解氧(mg/L),电导率(μS/cm),浊度(NTU),高锰酸盐指数(mg/L),氨氮(mg/L),总磷(mg/L),总氮(mg/L),叶绿素α(mg/L),藻密度(cells/L),抓取时间
北京市,海河流域,广北滨河路,2026-08-09 00:00,4,27.38,7.53,4.72,375.66,13.96,2.57,0.368,0.044,3.209,,,2026-08-09 00:25:34
北京市,海河流域,大红门闸上,2026-08-09 00:00,3,24.87,7.38,5.44,909.4,16.355,5.63,0.431,0.112,6.736,,,2026-08-09 00:25:34
北京市,海河流域,南大荒桥,2026-08-09 00:00,2,29.16,8.51,7.48,857.6,20.17,3.22,0.008,0.041,1.693,,,2026-08-09 00:25:34
北京市,海河流域,清河闸,2026-08-09 00:00,2,23.11,7.62,6.53,682.34,10.902,2.32,,0.044,5.434,,,2026-08-09 00:25:34
北京市,海河流域,花园路,2026-08-09 00:00,4,24.2,7.34,4.38,752.667,24.546,2.61,0.141,0.042,7.463,,,2026-08-09 00:25:34
北京市,海河流域,白石桥,2026-08-09 00:00,3,25.71,7.42,5.55,398.22,2.546,2.23,0.118,0.024,3.382,,,2026-08-09 00:25:34
北京市,海河流域,八间房漫水桥,2026-08-09 00:00,5,29.8,7.39,2.03,788,6.09,3.4,0.036,0.152,2.9992,,,2026-08-09 00:25:34
北京市,海河流域,码头,2026-08-09 00:00,4,28.04,7.34,4.53,844.11,42.514,3.46,0.195,0.077,6.161,,,2026-08-09 00:25:34
北京市,海河流域,罗庄,2026-08-09 00:00,5,31.83,7.53,2.46,1091.373,6.292102,3.86,0.031,0.167,4.4241,,,2026-08-09 00:25:34
北京市,海河流域,小屯桥,2026-08-09 00:00,3,32.41,8.31,8.99,1107.051,12.62445,4.68,,0.196,4.0641,,,2026-08-09 00:25:34
北京市,海河流域,东店,2026-08-09 00:00,3,26.0615,7.76,7.44,644.7409,47.21006,2.98,0.093,0.122,10.71631,,,2026-08-09 00:25:34
北京市,海河流域,密云水库,2026-08-09 00:00,2,29.38524,8.06,8.96,415.9218,2.864706,2.68,0.065,0.007,3.450789,,,2026-08-09 00:25:34
北京市,海河流域,大关桥,2026-08-09 00:00,2,29.9,8.23,10.28,412.41,40.41,3.77,0.185,0.067,4.9111,,,2026-08-09 00:25:34
北京市,海河流域,谷家营,2026-08-09 00:00,2,29.25,7.9,9.74,547.895,12.422,2.8,0.165,0.043,3.214,,,2026-08-09 00:25:34
天津市,海河流域,北洋桥,2026-08-09 00:00,3,31.71975,7.84,5.11,1023.933,71.68539,4.3,0.233,0.163,1.264628,,,2026-08-09 00:25:34
天津市,海河流域,大红桥,2026-08-09 00:00,6,32.08,7.48,0.53,1250.04,20.68194,3.84,0.19,0.07,1.9081,,,2026-08-09 00:25:34
天津市,海河流域,曹庄子泵站,2026-08-09 00:00,3,31.46,7.66,5.54,267.67,1.61,1.38,0.089,0.005,0.869,,,2026-08-09 00:25:34
天津市,海河流域,生产圈闸,2026-08-09 00:00,6,30.94816,7.67,0.14,1213.557,32.8772,4.39,0.694,0.163,1.989651,,,2026-08-09 00:25:34
天津市,海河流域,北排水河防潮闸,2026-08-09 00:00,6,19.65,7.99,1.01,1531.7,47.4109,3.95,0.075,0.135,1.0961,,,2026-08-09 00:25:34
天津市,海河流域,沧浪渠出境,2026-08-09 00:00,4,28.08,7.91,4.03,15900.5,80.939,9.35,,0.225,2.2661,,,2026-08-09 00:25:34
天津市,海河流域,蓟运河防潮闸,2026-08-09 00:00,4,31.64065,7.38,3.69,681.2183,40.70574,4.64,0.444,0.14,1.907478,,,2026-08-09 00:25:34
天津市,海河流域,青静黄防潮闸,2026-08-09 00:00,4,30.91285,8.18,6.67,6124.544,85.74287,8.12,0.164,0.18,0.912108,,,2026-08-09 00:25:34
天津市,海河流域,马棚口防潮闸,2026-08-09 00:00,3,29.19,8.02,6.88,15747.5,125.233,5.8,0.469,0.132,3.753,,,2026-08-09 00:25:34
天津市,海河流域,阎辛庄,2026-08-09 00:00,6,21.18779,7.21,1.93,1184.138,36.51394,3.65,0.029,0.127,3.493125,,,2026-08-09 00:25:34
天津市,海河流域,于桥水库库中心,2026-08-09 00:00,4,29.6,8.68,8.88,358.51,7.69,6.02,0.006,0.035,2.703,0.04258,1.307934,2026-08-09 00:25:34
天津市,海河流域,黎河桥,2026-08-09 00:00,3,28.719,8.2,12.15,730.4,19.68,3.71,0.02,0.138,8.881,,,2026-08-09 00:25:34
河北省,海河流域,地都,2026-08-09 00:00,4,23.47,7.89,6.47,831.651,366.125,6.43,0.607,0.152,6.9,,,2026-08-09 00:25:34
河北省,海河流域,平山桥,2026-08-09 00:00,2,25.78,7.86,6.51,1191.19,53.618,1.77,0.072,0.085,5.758,,,2026-08-09 00:25:34
河北省,海河流域,大石桥,2026-08-09 00:00,3,28.85131,7.35,5.24,984.306,28.37474,5.49,0.777,0.158,9.449965,,,2026-08-09 00:25:34
河北省,海河流域,涧河口,2026-08-09 00:00,3,31.29894,7.93,6.28,959.9047,21.93812,4.21,0.252,0.103,2.692009,,,2026-08-09 00:25:34
河北省,海河流域,丰北闸,2026-08-09 00:00,6,31.79572,7.4,6.73,1312.681,15.66131,9.62,2.193,0.264,5.372108,,,2026-08-09 00:25:34
河北省,海河流域,新开河口,2026-08-09 00:00,2,32.60516,7.02,6.08,46390.63,4.809317,1.8,0.094,0.029,1.247341,,,2026-08-09 00:25:34
河北省,海河流域,刘家庄,2026-08-09 00:00,2,23.35,8.43,7.63,541.148,175.54,2.36,0.068,0.081,2.875,,,2026-08-09 00:25:34
河北省,海河流域,艾辛庄,2026-08-09 00:00,6,28.15503,7.52,5.68,943.7435,54.27707,7.03,2.239,0.239,7.64303,,,2026-08-09 00:25:34
河北省,海河流域,后西吴桥,2026-08-09 00:00,4,30.59,8.04,4.65,817.86,70.6,3.87,0.409,0.201,6.4892,,,2026-08-09 00:25:34
河北省,海河流域,四道甸,2026-08-09 00:00,5,24.41,8.21,7.65,374.145,250.2978,13.4,0.765,0.272,11.5131,,,2026-08-09 00:25:34
河北省,辽河流域,甸子,2026-08-09 00:00,3,19.01,7.8,7.24,361.55,52.58,3.16,0.196,0.11,5.49,,,2026-08-09 00:25:34
河北省,海河流域,何老营,2026-08-09 00:00,4,29.54705,7.8,7.34,4186.258,13.28869,6.77,,0.075,0.988914,,,2026-08-09 00:25:34
河北省,海河流域,大口河口,2026-08-09 00:00,3,28.12,7.99,6.54,8382.48,70.14,4.52,0.753,0.1,3.174,,,2026-08-09 00:25:34
河北省,海河流域,台头,2026-08-09 00:00,3,32.04674,7.8,5.38,748.1982,15.68373,3.55,0.041,0.034,0.5791,,,2026-08-09 00:25:34
河北省,海河流域,三小营,2026-08-09 00:00,5,30.65765,7.46,2.4,962.1285,49.24638,5.17,0.159,0.152,2.420447,,,2026-08-09 00:25:34
河北省,海河流域,南张村,2026-08-09 00:00,2,32.27,8.31,9.11,323.42,7.989,2.09,0.019,0.011,0.8589,,,2026-08-09 00:25:34
河北省,海河流域,烧车淀,2026-08-09 00:00,2,32.01,7.97,11.51,606.31,4.25,2.43,0.096,0.001,2.209,0.00136,2919414,2026-08-09 00:25:34
河北省,海河流域,圈头,2026-08-09 00:00,2,32.03,8.6,8.44,642.86,3.6858,1.93,0.02,0.02,0.482,0.00212,3370676,2026-08-09 00:25:34
河北省,海河流域,采蒲台,2026-08-09 00:00,2,31.3098,7.57,7.59,728.1771,0.220373,2.8,0.028,0.019,0.24867,0.002737,413848.7,2026-08-09 00:25:34
河北省,海河流域,光淀张庄,2026-08-09 00:00,5,32.18,7.45,2.74,591.11,4.76,3.37,0.024,0.028,1.892,0.0013,2212141,2026-08-09 00:25:34
山西省,黄河流域,韩武村,2026-08-09 00:00,4,28,7.66,3.37,1060.91,21.53,5.94,0.939,0.22,7.033,,,2026-08-09 00:25:34
山西省,黄河流域,汾河水库出口,2026-08-09 00:00,2,25.4,8.18,6.43,726.512,3.710716,1.93,0.018,0.001,1.4481,0.0105089,297639,2026-08-09 00:25:34
山西省,海河流域,册田水库出口,2026-08-09 00:00,4,21.7,7.84,4.2,1215.326,13.56765,3.37,0.117,0.147,1.0721,,,2026-08-09 00:25:34
山西省,海河流域,古家坡,2026-08-09 00:00,4,28.65,8.54,3.3,800.615,106.0117,8.15,0.007,0.223,2.1181,,,2026-08-09 00:25:34
山西省,黄河流域,龙头,2026-08-09 00:00,3,24.02,8.17,6.69,576.41,113.88,4.5,,0.048,3.5968,,,2026-08-09 00:25:34
山西省,黄河流域,拴驴泉,2026-08-09 00:00,1,25.73,8.24,8.12,692.8328,21.1723,1.86,,0.019,4.2917,,,2026-08-09 00:25:34
山西省,海河流域,东榆林水库出口,2026-08-09 00:00,2,25.81,8.15,7.72,717.674,10.38615,3.33,0.154,0.059,2.0651,,,2026-08-09 00:25:34
山西省,黄河流域,杀虎口,2026-08-09 00:00,3,22.06,8.14,6.49,560.131,73.62106,5.22,0.013,0.063,1.4351,,,2026-08-09 00:25:34
山西省,黄河流域,张留庄,2026-08-09 00:00,5,28.39,8.5,4.71,6113.721,112.95,,,0.304,10.421,,,2026-08-09 00:25:34
山西省,黄河流域,上亳城,2026-08-09 00:00,2,25.83,7.97,7.6,850.035,41.444,1.78,,0.051,4.494,,,2026-08-09 00:25:34
山西省,海河流域,梵王寺,2026-08-09 00:00,3,20.44,8.04,6.83,1099.66,80.70589,3.1,0.949,0.096,5.7691,,,2026-08-09 00:25:34
山西省,海河流域,代县桥,2026-08-09 00:00,5,23.32,8.38,7.45,707.361,351.1886,13.61,0.006,0.128,4.2921,,,2026-08-09 00:25:34
山西省,黄河流域,河西村,2026-08-09 00:00,3,23.44,8.29,6.99,544.9,196,2.34,,0.122,3.519,,,2026-08-09 00:25:34
山西省,黄河流域,上平望,2026-08-09 00:00,4,27.85,7.46,3.97,1034.23,881.7,6.45,0.476,0.081,6.89,,,2026-08-09 00:25:34
内蒙古自治区,松花江流域,根河口内,2026-08-09 00:00,5,21.12,6.55,5.9,70.73,36.6,14.13,,0.058,0.527,,,2026-08-09 00:25:34
内蒙古自治区,松花江流域,嵯岗,2026-08-09 00:00,4,23.05,7.66,7.03,205.502,20.979,9.7,,0.109,0.503,,,2026-08-09 00:25:34
内蒙古自治区,松花江流域,察尔森水库西入口,2026-08-09 00:00,3,24.02,7.78,6.27,167.84,30.69,4,0.002,0.035,1.59,0.04331,2283760,2026-08-09 00:25:34
辽宁省,辽河流域,于台,2026-08-09 00:00,4,21.64,6.95,4.68,844.453,1.764,3.46,0.093,0.068,7.538,,,2026-08-09 00:25:34
辽宁省,辽河流域,巨流河大桥,2026-08-09 00:00,3,24.85,8.11,7.98,487.2,158.9,5.88,,0.138,3.602,,,2026-08-09 00:25:34
辽宁省,辽河流域,兴国桥,2026-08-09 00:00,3,20.35,7.22,5.62,706.735,7.431,2.36,,0.033,2.57,,,2026-08-09 00:25:34
辽宁省,辽河流域,登化,2026-08-09 00:00,4,29.6838,8.58,9.26,626.373,29.6431,7.46,0.038,0.221,1.162,,,2026-08-09 00:25:34
辽宁省,辽河流域,张家堡,2026-08-09 00:00,2,24.88,8.28,7.65,660.76,21.233,3.61,0.106,0.057,5.442,,,2026-08-09 00:25:34
辽宁省,辽河流域,鲜峰桥,2026-08-09 00:00,3,25.2,8.83,24.73,568.795,19.243,5.98,0.018,0.14,7.654,,,2026-08-09 00:25:34
辽宁省,辽河流域,通江口,2026-08-09 00:00,5,25.45,8.02,13.99,608.33,94.99,12.56,,0.213,4.067,,,2026-08-09 00:25:34
辽宁省,辽河流域,松树水文站,2026-08-09 00:00,3,23.29,8,9.4,448.24,21.09,3.8,,0.109,9.011,,,2026-08-09 00:25:34
辽宁省,辽河流域,大凌河西支入河口,2026-08-09 00:00,2,20.29,8.08,7.13,979,24.548,2.2,0.002,0.072,20.059,,,2026-08-09 00:25:34
吉林省,松花江流域,周家河口,2026-08-09 00:00,3,16.18,7.47,7.13,480.92,59.49,5.46,0.014,0.125,2.991,,,2026-08-09 00:25:34
吉林省,辽河流域,六家子,2026-08-09 00:00,4,21.17,7.62,6.83,619.4,58.7,5.64,0.332,0.211,8.5591,,,2026-08-09 00:25:34
吉林省,辽河流域,林家,2026-08-09 00:00,4,22.63,8.07,9.55,975.7493,36.3551,8.26,0.033,0.137,6.874,,,2026-08-09 00:25:34
吉林省,辽河流域,河清,2026-08-09 00:00,3,19.42,7.74,7.39,510.4,24.2,4.18,,0.077,5.002,,,2026-08-09 00:25:34
吉林省,松花江流域,月亮湖下,2026-08-09 00:00,4,24.17,7.49,5.18,170.51,123.76,6.88,,0.152,1.829,,,2026-08-09 00:25:34
黑龙江省,松花江流域,查哈阳乡,2026-08-09 00:00,4,20.8,7.46,8.44,95.6,63.3,7.6,0.014,0.061,0.885,,,2026-08-09 00:25:34
黑龙江省,松花江流域,音河水库,2026-08-09 00:00,4,23.8,7.44,6.72,205.58,242.57,6.54,,0.158,2.343,,,2026-08-09 00:25:34
黑龙江省,松花江流域,江桥,2026-08-09 00:00,4,24.48,7.66,7.24,154.365,191.497,8.41,,0.115,4.305,,,2026-08-09 00:25:34
黑龙江省,松花江流域,嫩江口内,2026-08-09 00:00,4,25.63,7.59,7.32,164.393,158.719,6.49,,0.138,2.176,,,2026-08-09 00:25:34
黑龙江省,松花江流域,嘉荫,2026-08-09 00:00,5,19.47,7.05,8.42,97.89,32.092,14,0.03,0.052,0.827,,,2026-08-09 00:25:34
黑龙江省,松花江流域,双河渠首,2026-08-09 00:00,5,18.98,6.68,7.86,101.2,86.2,13.72,0.032,0.165,3.202,,,2026-08-09 00:25:34
黑龙江省,松花江流域,黑河下,2026-08-09 00:00,5,20.32,7.68,7.87,125.1865,36.139,12.55,,0.056,0.4224,,,2026-08-09 00:25:34
黑龙江省,松花江流域,加格达奇上,2026-08-09 00:00,4,14.35,6.79,8.35,57.668,28.87,8.43,,0.034,0.277,,,2026-08-09 00:25:34
上海市,长江流域,富锦路桥,2026-08-09 00:00,4,32.1,7.84,4.9,474,52.5,4.21,0.028,0.163,2.173,,,2026-08-09 00:25:34
上海市,太湖流域,临江,2026-08-09 00:00,4,32.39,7.64,4.52,530.53,32.65,3.69,0.025,0.135,2,,,2026-08-09 00:25:34
上海市,太湖流域,闵行西界,2026-08-09 00:00,4,32.52,7.42,3.64,476.83,34.29,3.64,,0.125,1.862,,,2026-08-09 00:25:34
上海市,太湖流域,吴淞口,2026-08-09 00:00,2,31.169,7.89,6.47,350.911,21.957,1.98,,0.087,1.846,,,2026-08-09 00:25:34
上海市,太湖流域,蕴川路桥,2026-08-09 00:00,4,29.74,7.48,4.41,450.25,11.82,4.39,0.067,0.232,2.632,,,2026-08-09 00:25:34
上海市,太湖流域,三甲港,2026-08-09 00:00,3,31.39,7.77,5.81,373.9,66.03,3.02,0.329,0.131,1.632,,,2026-08-09 00:25:34
上海市,太湖流域,急水港桥,2026-08-09 00:00,4,30.89,7.59,4.26,562.7,18.2,3.03,0.01,0.091,1.326,0.0105,5345990,2026-08-09 00:25:34
江苏省,太湖流域,锡东水厂,2026-08-09 00:00,3,29.9,8.54,6.79,460.16,47.98,3.16,,0.045,0.734,0.0048,7358740,2026-08-09 00:25:34
江苏省,太湖流域,兰山嘴,2026-08-09 00:00,5,30.31,8.59,6.48,330.79,130.58,6.61,0.009,0.134,1.243,0.01095,2.672164,2026-08-09 00:25:34
江苏省,太湖流域,大浦港桥,2026-08-09 00:00,4,31.93,7.48,4.84,396.2,61.2,4.93,0.103,0.13,1.255,,,2026-08-09 00:25:34
江苏省,太湖流域,拖山,2026-08-09 00:00,4,30.75,8.84,6.64,416.95,58.52,6.71,,0.086,0.994,0.01113,3.255123,2026-08-09 00:25:34
江苏省,太湖流域,五里湖心,2026-08-09 00:00,5,31.05,8.1,6.71,467,34.69049,4.41,0.1,0.121,0.718,0.0066,2.14435,2026-08-09 00:25:34
江苏省,太湖流域,大港桥,2026-08-09 00:00,4,29.5,6.86,3.99,156.03,2.31,1.72,0.066,0.038,0.507,,,2026-08-09 00:25:34
江苏省,长江流域,小湾,2026-08-09 00:00,3,30.7,7.83,5.68,281,120.06,1.51,0.006,0.059,1.477,,,2026-08-09 00:25:34
江苏省,长江流域,魏村,2026-08-09 00:00,3,30.86,7.67,5.68,289.08,11.97,1.45,,0.065,1.641,,,2026-08-09 00:25:34
江苏省,太湖流域,姚巷桥,2026-08-09 00:00,4,32.65,7.57,4.57,410.51,10.82,3.64,0.144,0.095,1.901,,,2026-08-09 00:25:34
江苏省,太湖流域,胥湖心,2026-08-09 00:00,2,30.39,,7.35,356.1,8.64,2.45,,0.011,0.173,0.0006,360218.7,2026-08-09 00:25:34
江苏省,太湖流域,乌龟山南,2026-08-09 00:00,4,30.51,8.5,6.92,293.794,52.878,3.48,,0.058,0.493,0.0086,1.145117,2026-08-09 00:25:34
江苏省,太湖流域,千灯浦口,2026-08-09 00:00,4,30.09,7.24,3.17,661.633,41.052,4.27,0.169,0.139,1.3769,,,2026-08-09 00:25:34
江苏省,太湖流域,朱厍港口,2026-08-09 00:00,5,29.5,7.28,2.73,611.5,23,4.01,0.005,0.1,0.879,,,2026-08-09 00:25:34
江苏省,太湖流域,浏河闸,2026-08-09 00:00,4,31.5,7.59,3.15,582.151,46.217,5.3,0.026,0.173,1.8905,,,2026-08-09 00:25:34
江苏省,太湖流域,航管站,2026-08-09 00:00,2,31.67,8.25,6.38,439.61,10.54,2.24,0.012,0.02,0.348,,,2026-08-09 00:25:34
江苏省,太湖流域,赵屯,2026-08-09 00:00,4,30.95,7.52,4.35,766.765,38.626,4.48,0.15,0.198,2.6429,,,2026-08-09 00:25:34
江苏省,淮河流域,总渠苏嘴,2026-08-09 00:00,3,27.78,7.71,5.63,526.46,186.86,5.83,0.203,0.083,2.399,,,2026-08-09 00:25:34
江苏省,太湖流域,吕城,2026-08-09 00:00,3,31.27,7.67,5.25,299.37,26.02,2.38,,0.099,1.816,,,2026-08-09 00:25:34
浙江省,浙闽片河流,清林渡,2026-08-09 00:00,4,32.009,7.28,4.56,315.253,53.708,6.37,0.278,0.147,2.846,,,2026-08-09 00:25:34
浙江省,浙闽片河流,梁桥,2026-08-09 00:00,4,28.51,6.79,4.45,89.23,2.56,1.6,0.043,0.056,1.589,,,2026-08-09 00:25:34
浙江省,浙闽片河流,小旦,2026-08-09 00:00,2,27.40828,6.59,7.52,78.60825,39.7869,0.94,0.056,0.029,0.921046,,,2026-08-09 00:25:34
浙江省,浙闽片河流,蒲岐,2026-08-09 00:00,5,28.17,7.01,5.11,285.9,138.5,5.97,1.54,0.13,3.36302,,,2026-08-09 00:25:34
浙江省,浙闽片河流,沙头,2026-08-09 00:00,2,29.66,6.82,6.7,54.863,3.812,1.66,0.027,0.013,0.6825,,,2026-08-09 00:25:34
浙江省,太湖流域,杨家浦,2026-08-09 00:00,4,30.24126,7.68,4.97,442.8689,111.7516,6.37,0.051,0.147,1.233746,,,2026-08-09 00:25:34
浙江省,浙闽片河流,曹娥江大闸闸前,2026-08-09 00:00,3,30.031,7.46,5.57,281.498,32.76,3.55,0.051,0.102,2.138,,,2026-08-09 00:25:34
浙江省,浙闽片河流,费垅,2026-08-09 00:00,3,30.29,7.31,5.79,551.683,58.791,4.41,0.442,0.19,2.7668,,,2026-08-09 00:25:34
浙江省,浙闽片河流,南江桥,2026-08-09 00:00,3,29.25,7.59,5.46,340.574,7.391,4.37,0.052,0.148,2.4139,,,2026-08-09 00:25:34
浙江省,浙闽片河流,横山,2026-08-09 00:00,3,31.01,7.39,5.71,244.634,4.491,2.1,0.042,0.031,1.2698,,,2026-08-09 00:25:34
浙江省,浙闽片河流,章店,2026-08-09 00:00,4,29.28,7.37,4.08,312.623,23.377,7.17,0.935,0.207,3.2476,,,2026-08-09 00:25:34
浙江省,浙闽片河流,里石门水库,2026-08-09 00:00,2,30.67,,8.54,75.476,2.624,3.23,0.006,0.013,0.4527,0.00759,1007558,2026-08-09 00:25:34
浙江省,浙闽片河流,沙段,2026-08-09 00:00,2,29.3,7.22,6.86,128.269,23.007,3.34,0.118,0.085,1.3596,,,2026-08-09 00:25:34
浙江省,浙闽片河流,沙湾上,2026-08-09 00:00,2,24.25,7.14,7.96,28.471,2.751,1.17,0.163,0.012,0.2799,,,2026-08-09 00:25:34
浙江省,浙闽片河流,小溪口,2026-08-09 00:00,2,23.66,6.89,6.37,35.775,6.782,1.44,,0.015,0.4937,,,2026-08-09 00:25:34
安徽省,巢湖流域,兆河入湖口渡口,2026-08-09 00:00,4,33.27,8.91,9.64,359.468,19.3209,6.51,,0.041,0.8676,,,2026-08-09 00:25:34
安徽省,巢湖流域,牛角大圩,2026-08-09 00:00,4,32.3,7.97,6.78,416.867,84.2058,6.09,,0.133,2.137,,,2026-08-09 00:25:34
安徽省,巢湖流域,希望桥,2026-08-09 00:00,3,31.8,7.58,6.74,516.4,32.2,4.06,0.06,0.115,4.513,,,2026-08-09 00:25:34
安徽省,巢湖流域,湖滨,2026-08-09 00:00,5,31.72,,5.93,295.72,62.46,6.77,,0.142,2.075,0.00355,2.308872,2026-08-09 00:25:34
安徽省,巢湖流域,黄麓,2026-08-09 00:00,4,32.13,8.64,5.92,335.66,17.882,5.86,0.036,0.06,0.587,0.00425,3219752,2026-08-09 00:25:34
安徽省,巢湖流域,靠近大坝,2026-08-09 00:00,2,31.91,,7.93,178.37,4.43,3.77,,0.017,0.397,0.01157,7277487,2026-08-09 00:25:34
安徽省,巢湖流域,新河入湖区,2026-08-09 00:00,5,31.24,,5.68,264.66,52.49,6.25,0.074,0.152,1.12,0.0079,5.728234,2026-08-09 00:25:34
安徽省,巢湖流域,西半湖湖心,2026-08-09 00:00,6,32,,6.86,383.39,61.38,6.57,,0.228,1.099,0.00609,1.039481,2026-08-09 00:25:34
安徽省,巢湖流域,龟山,2026-08-09 00:00,4,32.5,8.93,6.45,365.91,27.01,4.52,,0.058,0.835,0.00423,1.56608,2026-08-09 00:25:34
安徽省,巢湖流域,东半湖湖心,2026-08-09 00:00,4,32.246,,6.75,350.381,15.419,5.57,,0.054,0.54,0.00458,2.140246,2026-08-09 00:25:34
安徽省,巢湖流域,忠庙,2026-08-09 00:00,4,31.06,,7.73,291.11,79.89,6.9,0.013,0.072,0.546,0.04138,3.99078,2026-08-09 00:25:34
安徽省,巢湖流域,兆河入湖区,2026-08-09 00:00,4,30.99,,8.33,325.96,28.76,6.54,,0.062,0.648,0.00752,3.18543,2026-08-09 00:25:34
安徽省,淮河流域,焦岗湖,2026-08-09 00:00,3,32.34,8.3,6.32,591.31,120.44,5.01,0.003,0.031,0.258,0.00713,9394849,2026-08-09 00:25:34
安徽省,淮河流域,小王桥,2026-08-09 00:00,6,32.96,7.78,1.39,1761.57,8.19,4.65,0.088,0.06,1.31,,,2026-08-09 00:25:34
安徽省,长江流域,太平湖湖心,2026-08-09 00:00,2,31.12,,9.52,96.21,5.46,2.97,,0.014,0.43,0.00663,1.162495,2026-08-09 00:25:34
安徽省,长江流域,南漪湖西湖湖心,2026-08-09 00:00,4,31.49,,6.57,216.64,25.1,6.36,,0.085,0.737,0.0097,9377127,2026-08-09 00:25:34
福建省,浙闽片河流,永泰横龙,2026-08-09 00:00,6,30.694,9.18,8.74,43.888,4.601,2.09,0.005,0.048,0.29,,,2026-08-09 00:25:34
福建省,浙闽片河流,闽清雄江,2026-08-09 00:00,6,31.82,9.21,8.6,105.992,4.76,3.15,0.023,0.018,1.156,,,2026-08-09 00:25:34
福建省,浙闽片河流,隘头潭,2026-08-09 00:00,3,30.27,6.37,5.74,176.546,2.412,1.83,0.068,0.067,0.5667,,,2026-08-09 00:25:34
福建省,浙闽片河流,尤溪拥口大桥,2026-08-09 00:00,3,30.58,7.12,5.52,137.862,68.597,3.98,0.074,0.128,2.2461,,,2026-08-09 00:25:34
福建省,浙闽片河流,南安康美桥,2026-08-09 00:00,3,29.48,7.06,6.17,133.387,8.836,2.56,0.152,0.142,2.3142,,,2026-08-09 00:25:34
福建省,浙闽片河流,安溪罗内桥,2026-08-09 00:00,3,29.93,7.04,5.14,98.41,34.79,1.52,0.379,0.112,3.717,,,2026-08-09 00:25:34
福建省,浙闽片河流,南安霞东桥,2026-08-09 00:00,4,30.82,6.96,4.76,131.935,13.262,1.44,0.233,0.082,2.4985,,,2026-08-09 00:25:34
福建省,浙闽片河流,华安西陂,2026-08-09 00:00,3,28.03638,7.15,5.52,208.8512,13.97223,1.89,0.054,0.074,1.558,,,2026-08-09 00:25:34
福建省,浙闽片河流,南靖靖城桥,2026-08-09 00:00,2,29.7,6.62,6.91,161.6,4.728,1.26,0.071,0.058,7.959,,,2026-08-09 00:25:34
福建省,浙闽片河流,诏安澳子头,2026-08-09 00:00,3,30.97,8.66,10.86,81.937,5.335,3.21,0.163,0.122,1.4345,,,2026-08-09 00:25:34
福建省,浙闽片河流,南靖洪濑汤坑桥,2026-08-09 00:00,2,29.465,6.61,6.51,244.1,14.435,1.19,0.028,0.046,14.064,,,2026-08-09 00:25:34
福建省,浙闽片河流,浦南水文站,2026-08-09 00:00,2,28.91815,7.02,6.76,173.2,43.273,1.34,0.217,0.061,1.731,,,2026-08-09 00:25:34
福建省,浙闽片河流,南溪浮宫桥,2026-08-09 00:00,4,31.32,7.08,4.65,4096.842,64.865,2.37,0.154,0.119,3.0228,,,2026-08-09 00:25:34
福建省,浙闽片河流,上坂,2026-08-09 00:00,4,30.68,6.58,4.91,186.783,27.236,1.85,0.211,0.097,5.2527,,,2026-08-09 00:25:34
福建省,浙闽片河流,云霄高塘渡口,2026-08-09 00:00,3,29.52,6.67,5.2,137.334,13.88,1.33,0.303,0.106,5.4538,,,2026-08-09 00:25:34
福建省,浙闽片河流,水汾桥,2026-08-09 00:00,4,30.39,6.89,4.2,297.41,4.2,1.89,0.044,0.047,1.289,,,2026-08-09 00:25:34
福建省,浙闽片河流,建瓯蓬墩,2026-08-09 00:00,3,30.925,6.95,5.89,67.33,8.05,1.55,0.071,0.034,1.192,,,2026-08-09 00:25:34
福建省,浙闽片河流,将乐樟应,2026-08-09 00:00,2,30.97293,6.95,6.3,83.842,20.13852,2.09,0.047,0.013,0.673,,,2026-08-09 00:25:34
福建省,浙闽片河流,雁石桥,2026-08-09 00:00,2,27.56,7.58,7.21,296.051,19.582,1.74,0.346,0.08,2.213,,,2026-08-09 00:25:34
福建省,珠江流域,长汀美西桥,2026-08-09 00:00,2,29.54,6.94,6.86,186.711,2.501,1.71,0.084,0.064,1.0964,,,2026-08-09 00:25:34
江西省,长江流域,大港,2026-08-09 00:00,2,31.49,7.64,8.51,191.78,20.46,2.16,,0.065,1.501,,,2026-08-09 00:25:34
江西省,长江流域,昌邑,2026-08-09 00:00,2,30.52,8.18,6.66,183.09,18.51,2.53,,0.065,1.658,,,2026-08-09 00:25:34
江西省,长江流域,八一桥,2026-08-09 00:00,2,32.09,7.68,6.49,167.451,15.564,2.93,0.222,0.076,1.1824,,,2026-08-09 00:25:34
江西省,长江流域,焦石坝,2026-08-09 00:00,3,29.93,7.37,5.78,118.64,23,3.13,,0.055,1.431,,,2026-08-09 00:25:34
江西省,长江流域,戴村,2026-08-09 00:00,2,32.044,7.3,6.37,477.669,10.75,1.88,0.04,0.026,0.658,,,2026-08-09 00:25:34
江西省,长江流域,龙山口,2026-08-09 00:00,2,29.88,8.26,6.87,280.012,6.281,2.99,0.052,0.053,0.9203,,,2026-08-09 00:25:34
江西省,长江流域,桐车湾,2026-08-09 00:00,4,29.68,7.65,3.44,328.705,12.374,3.19,0.095,0.146,,,,2026-08-09 00:25:34
江西省,长江流域,金鱼石,2026-08-09 00:00,3,31.21,7.57,5.41,367.45,3.24,2.22,0.032,0.098,2.415,,,2026-08-09 00:25:34
江西省,长江流域,吴城修河,2026-08-09 00:00,2,30.367,7.69,8.16,104.58,19.17,2.19,0.006,0.034,0.9464,,,2026-08-09 00:25:34
江西省,长江流域,姚港,2026-08-09 00:00,2,30.12,7.68,6.84,380.52,24.54,1.64,0.061,0.081,1.426,,,2026-08-09 00:25:34
江西省,长江流域,潦河河口,2026-08-09 00:00,2,30.61,7.29,7.5,105.36,18.604,2,0.033,0.056,0.8432,,,2026-08-09 00:25:34
江西省,长江流域,柘林湖坝上,2026-08-09 00:00,1,31.524,8.94,8.74,105.43,0.653,1.97,,0.008,0.633,,,2026-08-09 00:25:34
江西省,长江流域,共青城寨下,2026-08-09 00:00,2,31.7,7.82,6.7,382.4,28.7,2.98,0.041,0.072,1.467,,,2026-08-09 00:25:34
江西省,长江流域,罗坊,2026-08-09 00:00,2,31.52,7.73,6.59,271.187,21.47,3.5,0.098,0.067,1.0407,,,2026-08-09 00:25:34
江西省,长江流域,孔目江江口,2026-08-09 00:00,2,32.16,7.78,6.54,283.041,19.644,2.62,0.02,0.052,0.6077,,,2026-08-09 00:25:34
江西省,长江流域,浮桥,2026-08-09 00:00,3,31.44,7.5,5.04,231.045,9.475,2.07,0.069,0.055,0.9573,,,2026-08-09 00:25:34
江西省,长江流域,傣家村,2026-08-09 00:00,3,32.16,8.31,6.17,193.899,6.213,3.98,0.097,0.031,0.7344,0.00608,2.291426,2026-08-09 00:25:34
江西省,长江流域,白塔河河口,2026-08-09 00:00,3,29.87,6.63,5.19,106.112,6.074,2.52,0.122,0.046,1.6013,,,2026-08-09 00:25:34
江西省,长江流域,土桥,2026-08-09 00:00,2,30.65,7.52,7.03,162.582,3.602,2.12,0.024,0.047,1.1778,,,2026-08-09 00:25:34
江西省,长江流域,流口村,2026-08-09 00:00,2,32.43,7.16,6.98,151.8027,10.00835,1.66,,0.064,1.231241,,,2026-08-09 00:25:34
江西省,长江流域,市自来水厂,2026-08-09 00:00,2,30.18,7.15,7.56,106.125,12.573,0.86,0.061,0.04,0.9918,,,2026-08-09 00:25:34
江西省,长江流域,新庙前,2026-08-09 00:00,2,30.61,7.36,7.35,137.712,24.583,1.21,0.025,0.03,1.4524,,,2026-08-09 00:25:34
江西省,长江流域,赣县梅林,2026-08-09 00:00,2,30.98,7.64,6.98,146.237,5.661,2.05,0.083,0.07,1.4452,,,2026-08-09 00:25:34
江西省,长江流域,梓坑,2026-08-09 00:00,3,30.93,7.36,5.72,134.745,10.012,3.88,0.068,0.078,1.6625,,,2026-08-09 00:25:34
江西省,长江流域,峡山,2026-08-09 00:00,2,31.85,7.33,6.79,139.441,2.592,1.79,0.069,0.078,1.1619,,,2026-08-09 00:25:34
江西省,长江流域,梅江江口,2026-08-09 00:00,2,32.63,7.62,7,117.817,10.088,2.78,0.068,0.06,0.9169,,,2026-08-09 00:25:34
江西省,长江流域,平江江口,2026-08-09 00:00,2,30.63,7.35,6.79,137.479,21.339,2.61,0.166,0.052,1.0255,,,2026-08-09 00:25:34
江西省,长江流域,上犹江江口,2026-08-09 00:00,1,28.59,7.14,7.78,85.22,9.414,1.67,0.036,0.014,0.6507,,,2026-08-09 00:25:34
江西省,长江流域,龙南自来水厂,2026-08-09 00:00,2,29.63,7.77,7.55,98.076,21.613,1.1,0.049,0.035,0.7236,,,2026-08-09 00:25:34
江西省,长江流域,桃江江口,2026-08-09 00:00,3,29.34,7.14,5.09,151.255,14.872,1.54,0.124,0.078,1.7611,,,2026-08-09 00:25:34
江西省,长江流域,大余城郊,2026-08-09 00:00,2,26.79,7.13,7.51,77.984,11.453,1.69,0.05,0.035,0.8854,,,2026-08-09 00:25:34
江西省,珠江流域,兴宁电站,2026-08-09 00:00,6,31.93,9.18,17.12,105.414,2.896931,2.45,0.007,0.018,2.235943,,,2026-08-09 00:25:34
江西省,长江流域,通津,2026-08-09 00:00,2,29.85,7.42,6.68,150.809,9.112,0.89,0.057,0.041,1.1529,,,2026-08-09 00:25:34
江西省,长江流域,金滩,2026-08-09 00:00,2,31.8,7.39,6.52,140.753,10.388,1.93,0.062,0.042,1.0895,,,2026-08-09 00:25:34
江西省,长江流域,孤江江口,2026-08-09 00:00,3,31.79,7.24,5.9,117.649,5.906,3.78,0.005,0.041,1.1664,,,2026-08-09 00:25:34
江西省,长江流域,禾水河口,2026-08-09 00:00,2,31.43,7.86,7.39,150.607,4.251,2.16,0.015,0.033,0.6798,,,2026-08-09 00:25:34
江西省,长江流域,蜀水河口,2026-08-09 00:00,2,31.41,7.05,6.71,83.104,30.134,1.47,0.102,0.058,0.7362,,,2026-08-09 00:25:34
江西省,长江流域,遂川江江口,2026-08-09 00:00,2,31.51,7.5,7.13,99.004,19.479,1.08,0.135,0.066,0.9382,,,2026-08-09 00:25:34
江西省,长江流域,乌江江口,2026-08-09 00:00,2,33.49,8.22,8.07,185.178,9.232,2.24,0.086,,,,,2026-08-09 00:25:34
江西省,长江流域,大洋洲,2026-08-09 00:00,2,31.6,7.75,7.54,146.777,9.491,1.69,0.048,0.038,1.105,,,2026-08-09 00:25:34
江西省,长江流域,棚下,2026-08-09 00:00,3,29.71,7.18,5.83,186.4516,7.16,2.55,0.113,0.094,1.488,,,2026-08-09 00:25:34
江西省,长江流域,丰城小港口,2026-08-09 00:00,2,31.624,7.38,9.02,141.51,21.2634,1.79,0.03,0.04,1.1588,,,2026-08-09 00:25:34
江西省,长江流域,修河港口,2026-08-09 00:00,1,29.74,7.06,7.93,42.82,3.41,0.7,,0.01,0.33,,,2026-08-09 00:25:34
江西省,长江流域,超坊,2026-08-09 00:00,2,29.92,8.08,6.69,114.862,25.524,3.29,0.188,0.09,0.7052,,,2026-08-09 00:25:34
江西省,长江流域,钟岭水厂,2026-08-09 00:00,2,30.61,7.27,6.05,92.57,20.13,2.9,,0.064,1.2877,,,2026-08-09 00:25:34
江西省,长江流域,临水河口,2026-08-09 00:00,2,29.88,6.95,6.98,119.69,7.44,2.65,0.06,0.041,1.218,,,2026-08-09 00:25:34
江西省,长江流域,旗山,2026-08-09 00:00,2,31.4,7.5,6.96,146.95,5.26,1.63,0.016,0.057,0.884,,,2026-08-09 00:25:34
山东省,淮河流域,峡山水库库中,2026-08-09 00:00,3,30.61,8.2,5.69,793.9,7.67,4.38,0.182,0.029,0.839,0.00544,6706920,2026-08-09 00:25:34
山东省,黄河流域,徐家汶,2026-08-09 00:00,3,28.68351,7.73,6.23,1047.047,493.7119,3.02,0.117,0.163,29.81966,,,2026-08-09 00:25:34
山东省,淮河流域,大古镇,2026-08-09 00:00,4,30.25,8.17,9.03,860.82,37.61,6.65,0.029,0.165,3.236,,,2026-08-09 00:25:34
山东省,海河流域,北湖,2026-08-09 00:00,2,30.69,8.75,9.53,967.86,1.78,2.26,,0.01,2.162,0.00451,2853070,2026-08-09 00:25:34
河南省,淮河流域,中牟陈桥,2026-08-09 00:00,4,30.83,8.72,9.88,553.99,34.57,6.44,0.005,0.058,3.0438,,,2026-08-09 00:25:34
河南省,海河流域,前枋城,2026-08-09 00:00,2,28.733,7.99,7.25,523.92,8.469,0.86,,,5.1619,,,2026-08-09 00:25:34
河南省,海河流域,获嘉东碑村,2026-08-09 00:00,6,30.59,7.26,2.92,1944.94,378.52,8.13,0.219,0.624,3.518,,,2026-08-09 00:25:34
河南省,黄河流域,封丘王堤,2026-08-09 00:00,5,30.696,7.3,2.04,923.8,45.18,5.1,0.138,0.154,1.7124,,,2026-08-09 00:25:34
河南省,海河流域,南乐元村集,2026-08-09 00:00,6,24.53,7.68,7.71,1415.57,120.63,3.44,0.105,0.406,7.305,,,2026-08-09 00:25:34
河南省,黄河流域,濮阳大韩桥,2026-08-09 00:00,4,28.55,7.48,3.17,959.8,56.77,3.39,0.362,0.197,1.088,,,2026-08-09 00:25:34
河南省,淮河流域,白沙水库,2026-08-09 00:00,2,30.5173,8.39,9.25,805.317,8.6903,2.99,0.019,0.018,3.6816,,,2026-08-09 00:25:34
河南省,淮河流域,叶舞公路桥,2026-08-09 00:00,3,30.142,7.57,5.81,377.1,7.024,2.2,0.007,0.029,1.026,,,2026-08-09 00:25:34
河南省,长江流域,淅川荆紫关,2026-08-09 00:00,6,24.08996,7.86,8.37,264.079,204.7893,6.78,0.223,0.589,,,,2026-08-09 00:25:34
河南省,长江流域,淅川史家湾,2026-08-09 00:00,4,26.46,7.81,7.57,273.743,334.156,6.5,,0.226,3.7959,0.00442,,2026-08-09 00:25:34
河南省,长江流域,淅川张营,2026-08-09 00:00,2,30.1,8.8,16.48,318.285,7.94,2.4,,0.02,0.7225,0.01000208,,2026-08-09 00:25:34
河南省,长江流域,陶岔,2026-08-09 00:00,2,30.72,8.49,7.05,256.993,3.34,1.69,0.008,0.013,0.8222,0.0018,791923,2026-08-09 00:25:34
河南省,淮河流域,吕楼桥,2026-08-09 00:00,6,29.37,7.65,1.52,1412.24,51.521,3.11,0.155,0.077,0.6556,,,2026-08-09 00:25:34
河南省,淮河流域,黄口,2026-08-09 00:00,3,29.22,7.78,5.44,1154.368,9.932,5.12,0.072,0.074,3.1221,,,2026-08-09 00:25:34
河南省,淮河流域,刘寨村后,2026-08-09 00:00,4,32.62,7.69,4.64,900.6,22.79,5.49,0.004,0.081,2.655,,,2026-08-09 00:25:34
河南省,黄河流域,小浪底水库,2026-08-09 00:00,4,27.32,7.83,4.24,853.446,1024.564,6.41,,0.096,4.2257,,,2026-08-09 00:25:34
湖北省,长江流域,牛山湖湖心,2026-08-09 00:00,3,33.17,8.95,8.5,165.844,16.288,5.08,,0.018,0.211,0.00483,1.620264,2026-08-09 00:25:34
湖北省,长江流域,西梁子湖湖北,2026-08-09 00:00,3,32.2772,8.42,5.6,178.25,26.17,4.73,0.049,0.032,0.641,0.00456,2.00286,2026-08-09 00:25:34
湖北省,长江流域,杨泗港,2026-08-09 00:00,2,29.36,7.81,7.63,297.283,40.08,1.86,,0.069,1.817,,,2026-08-09 00:25:34
湖北省,长江流域,龙口,2026-08-09 00:00,3,33.68,8.66,7.06,178.08,15.55,5.77,,0.047,0.837,,,2026-08-09 00:25:34
湖北省,长江流域,金水闸,2026-08-09 00:00,5,32.07,7.03,2.25,260.59,23.87,5.82,0.035,0.062,1.035,,,2026-08-09 00:25:34
湖北省,长江流域,港洲村,2026-08-09 00:00,3,33.17,7.87,8.57,406.3,8.5075,5.62,0.012,0.098,0.657,,,2026-08-09 00:25:34
湖北省,长江流域,白浒山,2026-08-09 00:00,3,29.26,7.85,5.18,340.6429,47.3218,1.3,0.001,0.082,1.759714,,,2026-08-09 00:25:34
湖北省,长江流域,挖沟泵站,2026-08-09 00:00,3,33.94667,7.33,5.79,1192.788,12.20673,5.15,,0.098,1.789087,,,2026-08-09 00:25:34
湖北省,长江流域,富池闸,2026-08-09 00:00,2,32.75,7.62,10.44,195.1621,16.59857,2.99,0.02,0.04,0.7506597,,,2026-08-09 00:25:34
湖北省,长江流域,丹江口水库坝上中,2026-08-09 00:00,1,30.99,8.49,8.31,234.681,1.201509,1.84,0.069,0.002,0.788,0.0043597,2.1269,2026-08-09 00:25:34
湖北省,长江流域,潘口水库坝上,2026-08-09 00:00,1,30.3,8.94,12.89,176.1,3.4,1.81,,0.009,0.212,,,2026-08-09 00:25:34
湖北省,长江流域,隔河岩水库坝上,2026-08-09 00:00,2,20.89,8.55,7.56,198.87,2.54,1.42,,0.012,1.812,0.03564,4202732,2026-08-09 00:25:34
湖北省,长江流域,长沙坝,2026-08-09 00:00,2,27.044,8.35,8.47,443.514,2.551,1.69,0.009,0.033,1.784,,,2026-08-09 00:25:34
湖北省,长江流域,白石港,2026-08-09 00:00,2,30.53,8.39,7.42,307.189,4.074,1.94,0.012,0.009,1.113,,,2026-08-09 00:25:34
湖北省,长江流域,翟湾,2026-08-09 00:00,4,29.77,7.48,4.57,412.3147,40.14365,4.78,0.027,0.105,3.7046,,,2026-08-09 00:25:34
湖北省,长江流域,沈湾,2026-08-09 00:00,2,16.77,7.64,6.39,315.4,11.95,1.86,0.03,0.023,1.39,,,2026-08-09 00:25:34
湖北省,长江流域,东梁子湖湖心,2026-08-09 00:00,4,32.72,8.76,6.02,160.546,26.797,5.72,,0.054,0.275,,,2026-08-09 00:25:34
湖北省,长江流域,梁子湖七星站,2026-08-09 00:00,4,33.02,8.28,5.19,186.2219,23.15556,6.35,0.104,0.014,1.346903,0.03448869,,2026-08-09 00:25:34
湖北省,长江流域,漳河水库库心,2026-08-09 00:00,1,30.96,,8.15,310.9146,3.6716,1.71,0.036,0.004,0.465,0.00025,1.02053,2026-08-09 00:25:34
湖北省,长江流域,转斗,2026-08-09 00:00,3,29.07,8.23,8.19,392.01,20.7923,4.21,0.009,0.058,1.413,,,2026-08-09 00:25:34
湖北省,长江流域,罗汉闸,2026-08-09 00:00,2,30.66,8.36,8.91,318.41,60.19,3.52,0.024,0.079,1.0992,,,2026-08-09 00:25:34
湖北省,长江流域,田店泵站,2026-08-09 00:00,2,33.25,8.1,6.1,409.91,13.5729,2.6,0.01,0.026,0.50038,,,2026-08-09 00:25:34
湖北省,长江流域,新沟闸,2026-08-09 00:00,4,32.76,7.57,4.34,383.07,16.67,4.59,0.005,0.078,1.067,,,2026-08-09 00:25:34
湖北省,长江流域,孝昌王店,2026-08-09 00:00,3,33.06,7.57,7.24,294.14,14.7365,5.77,0.04,0.14,1.4828,,,2026-08-09 00:25:34
湖北省,长江流域,安陆桑树,2026-08-09 00:00,2,33.53,7.78,7.9,484.13,17.2395,2.44,0.011,0.023,0.39319,,,2026-08-09 00:25:34
湖北省,长江流域,隔蒲桥,2026-08-09 00:00,3,33.53,7.48,6.38,413.29,20.324,5.06,0.04,0.068,1.6487,,,2026-08-09 00:25:34
湖北省,长江流域,汉川新堰,2026-08-09 00:00,5,33.04,7.14,2.23,445.75,36.978,3.57,0.313,0.16,1.945,,,2026-08-09 00:25:34
湖北省,长江流域,杨柴湖,2026-08-09 00:00,4,29.4,6.92,3.52,318,25.4,3.76,,0.067,0.309,0.00222,2471460,2026-08-09 00:25:34
湖北省,长江流域,排水闸,2026-08-09 00:00,4,31.19,7.7,6.14,303.8955,55.9303,2.94,,0.054,0.767,0.00143,5500030,2026-08-09 00:25:34
湖北省,长江流域,康家岗,2026-08-09 00:00,2,28.35,7.65,7.45,379.209,43.311,1.64,,0.072,,,,2026-08-09 00:25:34
湖北省,长江流域,淤泥湖,2026-08-09 00:00,4,28.9,7.93,7.32,376.2,43.2,1.58,0.009,0.208,2.432,,,2026-08-09 00:25:34
湖北省,长江流域,调关,2026-08-09 00:00,2,28.2,7.74,7.44,386.7393,47.9339,1.53,0.026,0.066,2.4159,,,2026-08-09 00:25:34
湖北省,长江流域,姚集,2026-08-09 00:00,4,30.6,7.46,4.4,417.2,50,2.82,0.048,0.105,1.833,,,2026-08-09 00:25:34
湖北省,长江流域,乌溪沟,2026-08-09 00:00,3,23.29603,8.11,8.11,317.0543,40.97239,1.5,0.068,0.157,2.400762,,,2026-08-09 00:25:34
湖北省,长江流域,咸宁湖心,2026-08-09 00:00,4,33.02,8.6,6.5,192.755,22.627,6.88,0.018,0.086,1.193,0.01339,3.309381,2026-08-09 00:25:34
湖北省,长江流域,陆溪口,2026-08-09 00:00,4,30.58,7.93,4.88,197.15,14.17,3.29,0.118,0.045,1.151,,,2026-08-09 00:25:34
湖北省,长江流域,洪下水文站,2026-08-09 00:00,2,31.1,8.63,9.63,145.8,19.4,1.55,0.006,0.044,0.894,,,2026-08-09 00:25:34
湖北省,长江流域,平林,2026-08-09 00:00,4,32.33,7.36,5.8,354.195,6.888,6.4,0.058,0.083,0.983,,,2026-08-09 00:25:34
湖北省,长江流域,阳日湾,2026-08-09 00:00,2,20.481,7.99,8.64,300.109,14.359,1.07,0.016,0.044,1.461,,,2026-08-09 00:25:34
湖南省,长江流域,三角洲,2026-08-09 00:00,3,31.64,7.99,8.79,202.57,9.78,2.61,0.017,0.112,2.654,,,2026-08-09 00:25:34
湖南省,长江流域,胜利,2026-08-09 00:00,4,29.82,7.14,3.84,323.13,11.97,3.37,0.168,0.093,1.579,,,2026-08-09 00:25:34
湖南省,长江流域,洣水入湘江口,2026-08-09 00:00,2,31.114,7.61,6.27,154.54,8.69,1.72,0.026,0.047,1.524,,,2026-08-09 00:25:34
湖南省,长江流域,窑市,2026-08-09 00:00,2,26.83,7.57,8.06,46.3186,6.0408,1.06,,0.022,0.435,,,2026-08-09 00:25:34
湖南省,长江流域,邵水入河口,2026-08-09 00:00,4,30.36,7.37,4.99,449.747,11.088,2.69,0.205,0.074,3.053,,,2026-08-09 00:25:34
湖南省,长江流域,岳阳楼,2026-08-09 00:00,3,31.45,7.86,6.32,250.6187,49.00954,1.33,0.008,0.044,1.2943,0.0009922,256992,2026-08-09 00:25:34
湖南省,长江流域,城陵矶,2026-08-09 00:00,2,29.29,7.74,6.15,292.792,73.1123,2.2,0.003,0.064,1.1957,,,2026-08-09 00:25:34
湖南省,长江流域,南渡,2026-08-09 00:00,4,30.32,6.88,4.66,138.5,9.46,2.09,0.218,0.102,1.763,,,2026-08-09 00:25:34
湖南省,长江流域,马坡湖,2026-08-09 00:00,3,28.65,7.94,7.24,373.864,46.3122,1.72,,0.129,2.321,,,2026-08-09 00:25:34
湖南省,长江流域,万家嘴,2026-08-09 00:00,2,29.37,7.42,6.28,175.1896,11.86818,1.19,0.04,0.044,1.9851,0.0019889,207807.8,2026-08-09 00:25:34
湖南省,长江流域,小河嘴,2026-08-09 00:00,2,30.59,8.06,6.63,198.369,8.1272,,0.002,0.022,1.095,0.0013534,5.48099,2026-08-09 00:25:34
湖南省,长江流域,桃谷山,2026-08-09 00:00,2,29.25,7.68,6.59,192.823,22.9519,2.7,,0.06,1.616,,,2026-08-09 00:25:34
湖南省,长江流域,五强溪,2026-08-09 00:00,2,30.22,8.45,9.31,181.675,3.1042,1.32,,0.027,1.147,,,2026-08-09 00:25:34
湖南省,长江流域,溪子口,2026-08-09 00:00,2,25.17,7.54,7.06,259.2,5.738,0.35,0.024,0.039,1.318,,,2026-08-09 00:25:34
广东省,珠江流域,珠海大桥,2026-08-09 00:00,2,30.01,7.88,7.17,273.065,36.035,1.36,,0.056,1.791,,,2026-08-09 00:25:34
广东省,珠江流域,石角咀水闸,2026-08-09 00:00,4,31.81,7.01,4.64,505.585,56.507,2.9,0.29,0.145,2.526,,,2026-08-09 00:25:34
广东省,珠江流域,布洲,2026-08-09 00:00,2,28.73,7.79,7.47,239.989,46.112,1.61,0.069,0.059,2.082,,,2026-08-09 00:25:34
广东省,珠江流域,海门湾桥闸,2026-08-09 00:00,3,30.46,7.19,6.91,332.52,52.12,4.12,0.686,0.163,2.919,,,2026-08-09 00:25:34
广东省,珠江流域,牛湾,2026-08-09 00:00,5,30.32,6.45,2.62,176.42,30.54,4.03,0.079,0.164,2.171,,,2026-08-09 00:25:34
广东省,珠江流域,渠首,2026-08-09 00:00,3,31.27,8.96,7.93,120.73,15.17,5.89,,0.022,0.847,0.0063,6498950,2026-08-09 00:25:34
广东省,珠江流域,山角,2026-08-09 00:00,6,31.88,9.25,15.95,123.42,11.17,6.03,0.007,0.082,2.334,,,2026-08-09 00:25:34
广东省,珠江流域,运河管理局,2026-08-09 00:00,3,31.94,8.54,8.54,122.03,32.27,5.96,,0.034,0.869,,,2026-08-09 00:25:34
广东省,珠江流域,南渡河桥,2026-08-09 00:00,5,30.6,6.47,2.55,204.99,36.08,6.71,1.551,0.105,3.458,,,2026-08-09 00:25:34
广东省,珠江流域,塘口,2026-08-09 00:00,4,29.73,6.71,4.06,117.53,34.2,3.19,0.099,0.2,2.892,,,2026-08-09 00:25:34
广东省,珠江流域,石骨水库,2026-08-09 00:00,1,31.578,,8.76,68.04,5.8061,1.75,0.028,0.01,0.448,,,2026-08-09 00:25:34
广东省,珠江流域,良德水库,2026-08-09 00:00,1,31.84,8.34,8.27,64.745,11.665,1.45,,0.004,0.163,0.00589,856595,2026-08-09 00:25:34
广东省,珠江流域,五丰渡口,2026-08-09 00:00,2,30.43,7.11,7.97,90.7,12.04,1.68,0.136,0.035,3.5275,,,2026-08-09 00:25:34
广东省,珠江流域,新铺,2026-08-09 00:00,3,30.43,7.25,5.42,129.465,1.367,2.02,0.09,0.032,1.5876,,,2026-08-09 00:25:34
广东省,珠江流域,海丰西闸,2026-08-09 00:00,2,31.83,7.48,7.59,61.9,2.5,2.96,,0.03,0.517,,,2026-08-09 00:25:34
广东省,珠江流域,东溪水闸,2026-08-09 00:00,3,32.83,6.6,5.37,165.396,29.118,4.47,0.089,0.077,1.547,,,2026-08-09 00:25:34
广东省,珠江流域,江城,2026-08-09 00:00,3,30.64,6.8,6.35,110.858,25.989,2.28,0.091,0.113,1.34,,,2026-08-09 00:25:34
广东省,珠江流域,尖山,2026-08-09 00:00,3,31.09,6.61,6.36,131.82,18.15,3.62,0.153,0.146,2.24,,,2026-08-09 00:25:34
广东省,珠江流域,埠场,2026-08-09 00:00,3,30.23,6.78,6.39,134.45,18.851,2.16,0.094,0.108,1.235,,,2026-08-09 00:25:34
广东省,珠江流域,大泉,2026-08-09 00:00,4,31.91,6.66,3.76,215.1,22.3,4.02,0.22,0.157,2.301,,,2026-08-09 00:25:34
广东省,珠江流域,樟村,2026-08-09 00:00,3,31.13,6.9,7.15,364.324,16.4,3.25,0.386,0.129,5.181,,,2026-08-09 00:25:34
广东省,珠江流域,旗岭,2026-08-09 00:00,4,30.47,7.12,4.62,366.276,34.47,2.22,0.192,0.198,5.31,,,2026-08-09 00:25:34
广东省,珠江流域,中山港码头,2026-08-09 00:00,2,29.69,7.77,6.82,246.56,19.354,1.64,0.144,0.073,3.09,,,2026-08-09 00:25:34
广东省,珠江流域,赤凤,2026-08-09 00:00,3,30.22,7.38,8.07,104.49,13.06,1.57,0.016,0.109,1.681,,,2026-08-09 00:25:34
广东省,珠江流域,龟山塔,2026-08-09 00:00,2,29.27,7.01,6.66,71.245,24.528,1.03,0.201,0.06,1.143,,,2026-08-09 00:25:34
广西壮族自治区,珠江流域,老口,2026-08-09 00:00,2,29.39972,7.84,8.33,286.2242,8.597573,1.17,0.002,0.03,2.151762,,,2026-08-09 00:25:34
广西壮族自治区,珠江流域,叮当,2026-08-09 00:00,2,30.14,7.58,6.69,331.061,15.583,1.53,0.033,0.083,3.9542,,,2026-08-09 00:25:34
广西壮族自治区,珠江流域,白马,2026-08-09 00:00,2,27.89,7.82,6.21,324.11,12.89,1.87,,0.029,1.906,,,2026-08-09 00:25:34
广西壮族自治区,珠江流域,东边埇,2026-08-09 00:00,3,28.17,6.43,6.55,77.9841,38.6196,2.56,0.056,0.114,2.439,,,2026-08-09 00:25:34
广西壮族自治区,珠江流域,西门江,2026-08-09 00:00,4,30.54,6.76,4.46,263.355,29.893,3.68,0.24,0.187,3.1601,,,2026-08-09 00:25:34
广西壮族自治区,珠江流域,边贸码头,2026-08-09 00:00,2,27.99,6.65,7.35,51.74,12.96,1.16,0.156,0.064,1.454,,,2026-08-09 00:25:34
广西壮族自治区,珠江流域,高塘,2026-08-09 00:00,3,28.82,6.08,6.74,53.83,77.89,3.19,0.078,0.101,2.21,,,2026-08-09 00:25:34
广西壮族自治区,珠江流域,茅岭大桥,2026-08-09 00:00,2,28.83,6.16,6.96,58.96,23.53,1.53,0.05,0.06,1.221,,,2026-08-09 00:25:34
广西壮族自治区,珠江流域,高速公路西桥,2026-08-09 00:00,4,30.73,6.57,3.25,640.16,99.22,5.65,0.556,0.195,2.909,,,2026-08-09 00:25:34
广西壮族自治区,珠江流域,公篓,2026-08-09 00:00,2,25.65,7.82,6.09,257.94,6.48,1.24,0.044,0.018,1.357,,,2026-08-09 00:25:34
广西壮族自治区,珠江流域,贺街,2026-08-09 00:00,2,28.2,7.74,7.87,188.22,18.123,1.18,0.05,0.063,1.26,,,2026-08-09 00:25:34
广西壮族自治区,珠江流域,上金,2026-08-09 00:00,4,29.2,6.63,4.95,106.6592,88.8789,3.02,,0.038,2.2188,,,2026-08-09 00:25:34
广西壮族自治区,珠江流域,渠立,2026-08-09 00:00,2,28.84,7.84,8.53,236.706,36.374,1.52,,0.024,1.835,,,2026-08-09 00:25:34
广西壮族自治区,珠江流域,棉江,2026-08-09 00:00,2,28.55,7.9,6.88,218.619,32.456,1.76,,0.025,1.9311,,,2026-08-09 00:25:34
海南省,珠江流域,儒房,2026-08-09 00:00,3,30.7,6.98,6,495.08,34.6,4.53,0.189,0.148,1.804,,,2026-08-09 00:25:34
海南省,珠江流域,上村桥,2026-08-09 00:00,5,28.4,6.74,4.39,143.4,570.7,6.53,,0.361,1.251,,,2026-08-09 00:25:34
海南省,珠江流域,中和桥,2026-08-09 00:00,3,29,6.79,5.82,167,33.6,5.51,0.349,0.2,2.423,,,2026-08-09 00:25:34
海南省,珠江流域,溪仔村,2026-08-09 00:00,3,28.2,6.61,6.43,73.49,26.31,4.77,0.013,0.089,1.081,,,2026-08-09 00:25:34
海南省,珠江流域,羊头外村桥,2026-08-09 00:00,4,29.91,6.66,6,114.41,46,6.81,0.07,0.154,1.956,,,2026-08-09 00:25:34
海南省,珠江流域,农垦橡胶所一队,2026-08-09 00:00,2,29.2,6.72,7.56,67.3,14.3,1.67,,0.026,1.452,,,2026-08-09 00:25:34
海南省,珠江流域,分洪桥,2026-08-09 00:00,2,31.2,7.02,10.65,84.89,21.53,2.01,,0.027,0.552,,,2026-08-09 00:25:34
海南省,珠江流域,后山村,2026-08-09 00:00,5,31.3,6.69,2.05,164.279,29.243,7.23,0.635,0.248,3.114,,,2026-08-09 00:25:34
海南省,珠江流域,罗带铁路桥,2026-08-09 00:00,6,27.8,7.01,6.8,295.6,301,9.72,0.197,0.586,4.507,,,2026-08-09 00:25:34
海南省,珠江流域,山口,2026-08-09 00:00,3,29.84,6.75,5.43,88.09,26.73,3.58,0.046,0.042,1.152,,,2026-08-09 00:25:34
海南省,珠江流域,白仞滩电站,2026-08-09 00:00,4,30.4,7.27,6.71,155.6,30,4.9,0.026,0.205,2.188,,,2026-08-09 00:25:34
海南省,珠江流域,大风,2026-08-09 00:00,6,27.0933,6.81,5.24,206.2399,258.0222,6.83,0.025,0.473,2.578805,,,2026-08-09 00:25:34
海南省,珠江流域,叉河口,2026-08-09 00:00,4,27.1,7.19,6.9,267.6,118.7,5.86,0.19,0.218,3.655,,,2026-08-09 00:25:34
海南省,珠江流域,跨界桥,2026-08-09 00:00,3,26.2,6.67,7.32,75.9,68.3,3.59,0.018,0.108,2.062,,,2026-08-09 00:25:34
海南省,珠江流域,群英大坝,2026-08-09 00:00,2,27.7,7.07,6.87,84.4,21.8,3.21,0.053,0.075,1.357,,,2026-08-09 00:25:34
海南省,珠江流域,大溪村,2026-08-09 00:00,3,28.5,7.08,5.94,200.4,33,4.81,0.13,0.133,1.841,,,2026-08-09 00:25:34
重庆市,长江流域,晒网坝,2026-08-09 00:00,2,27.23,7.89,7.54,369.7962,32.2389,1.67,,0.053,1.837,,,2026-08-09 00:25:34
重庆市,长江流域,北渡,2026-08-09 00:00,2,25.92,7.98,7.31,379.3389,200.031,2.97,0.104,0.084,3.35,,,2026-08-09 00:25:34
重庆市,长江流域,太和,2026-08-09 00:00,2,27.31,7.68,6.08,350.57,47.4,,,,,,,2026-08-09 00:25:34
重庆市,长江流域,渠江码头,2026-08-09 00:00,3,27.53,7.4,7.64,271.364,267.747,5.1,,0.134,4.515,,,2026-08-09 00:25:34
重庆市,长江流域,中和,2026-08-09 00:00,4,29.8,8,7.1,511.9,11.15,6.45,0.023,0.155,1.164,,,2026-08-09 00:25:34
重庆市,长江流域,芙蓉洞码头,2026-08-09 00:00,1,28.76,8.64,10.82,188.22,12.38,1.11,0.001,0.012,1.02,,,2026-08-09 00:25:34
重庆市,长江流域,湖海场,2026-08-09 00:00,4,23.77,7.53,7.82,211.174,344.196,7.97,,0.213,1.774,,,2026-08-09 00:25:34
重庆市,长江流域,罗汉大桥,2026-08-09 00:00,2,27.39,7.96,8.52,180.12,477.35,2.3,0.045,0.063,1.421,,,2026-08-09 00:25:34
四川省,长江流域,二江寺,2026-08-09 00:00,3,24.96,7.42,5.15,398.5,93,1.69,0.06,0.069,1.851,,,2026-08-09 00:25:34
四川省,长江流域,三邑大桥,2026-08-09 00:00,2,23.32,7.6,7.4,235.4244,302.4574,1.21,0.005,0.033,1.4775,,,2026-08-09 00:25:34
四川省,长江流域,李家湾,2026-08-09 00:00,3,27.88,7.53,7.22,413.6,33.2,4.41,0.014,0.188,6.648,,,2026-08-09 00:25:34
四川省,长江流域,湾凼,2026-08-09 00:00,4,27.33089,7.46,3.02,640.205,24.58865,3.79,0.006,0.077,0.454969,,,2026-08-09 00:25:34
四川省,长江流域,手爬岩,2026-08-09 00:00,2,24.83,7.82,7.03,456.666,40.3754,1.71,,0.068,2.3066,,,2026-08-09 00:25:34
四川省,长江流域,沱江大桥,2026-08-09 00:00,3,28.42,7.57,6.35,415.1994,69.81577,4.55,0.008,0.169,6.488465,,,2026-08-09 00:25:34
四川省,长江流域,胡市大桥,2026-08-09 00:00,4,29.81,7.24,3.55,348.3989,16.7027,5.72,0.005,0.124,2.732,,,2026-08-09 00:25:34
四川省,长江流域,泸天化大桥,2026-08-09 00:00,2,29.36,7.79,7.34,394.089,12.9408,1.83,,0.05,2.4342,,,2026-08-09 00:25:34
四川省,长江流域,纳溪大渡口,2026-08-09 00:00,2,24.18,7.78,6.98,400.5,39.223,1.5,,0.074,1.5351,,,2026-08-09 00:25:34
四川省,长江流域,两汇水,2026-08-09 00:00,2,27.21085,8.08,7.34,132.5913,210.0655,2.32,0.154,0.068,0.93,,,2026-08-09 00:25:34
四川省,长江流域,太平渡,2026-08-09 00:00,3,26.77142,8,7.76,454.6818,57.82313,2.1,0.071,0.11,3.399,,,2026-08-09 00:25:34
四川省,长江流域,双江桥,2026-08-09 00:00,3,25.66,8.06,6.2,595.64,47.46,1.76,,0.118,2.039,,,2026-08-09 00:25:34
四川省,长江流域,姚渡,2026-08-09 00:00,1,23.38909,8.23,7.7,361.3527,18.91262,0.96,0.024,0.003,1.593,,,2026-08-09 00:25:34
四川省,长江流域,清泉乡,2026-08-09 00:00,2,24.91,7.69,7.48,235.1,93.2222,3.53,,0.065,1.339,,,2026-08-09 00:25:34
四川省,长江流域,金溪电站,2026-08-09 00:00,2,25.63,7.81,8.34,351.392,34.9962,2.64,0.032,0.04,1.447,,,2026-08-09 00:25:34
四川省,长江流域,升钟水库铁炉寺,2026-08-09 00:00,3,29.41,8.66,12.11,323.22,4.5,4.4,0.001,0.027,1.284,,,2026-08-09 00:25:34
四川省,长江流域,三块石,2026-08-09 00:00,2,23.59,8.04,7.31,557.67,7.95,1.14,0.013,0.016,0.988,,,2026-08-09 00:25:34
四川省,长江流域,幺滩,2026-08-09 00:00,3,28.77,7.93,7.25,366.97,45.23,3.91,0.032,0.137,2.684,,,2026-08-09 00:25:34
四川省,长江流域,大蹬沟,2026-08-09 00:00,3,24.93,7.55,7.34,205.3,114.2,4.31,,0.079,1.842,,,2026-08-09 00:25:34
四川省,长江流域,白兔乡,2026-08-09 00:00,3,28.2,7.98,6.82,363.7,29.29,4.9,,0.125,1.763,,,2026-08-09 00:25:34
四川省,长江流域,舵石盘,2026-08-09 00:00,3,25.71,7.78,7.16,252.6,114.2,3.87,0.027,0.111,2.324,,,2026-08-09 00:25:34
四川省,长江流域,车家河,2026-08-09 00:00,3,25.76,7.8,7.66,275.5,62.13,3.43,0.005,0.106,1.862,,,2026-08-09 00:25:34
四川省,长江流域,竹巴龙村,2026-08-09 00:00,3,15.74,8.13,5.98,1541.5,332.6,1.97,0.311,0.154,0.896,,,2026-08-09 00:25:34
贵州省,长江流域,棉花渡,2026-08-09 00:00,2,24.2,7.91,7.1,466.8,0.9122,1.54,,0.048,2.9316,,,2026-08-09 00:25:34
贵州省,长江流域,贵铝泵房,2026-08-09 00:00,2,26.1246,8.95,11.59,326.5282,10.5186,2.8,0.048,0.009,2.1809,0.02819,1829891,2026-08-09 00:25:34
贵州省,长江流域,花鱼洞,2026-08-09 00:00,6,23.7335,7.33,0.96,340.1156,2.6949,2.3,0.135,0.019,1.1588,0.0024,2300447,2026-08-09 00:25:34
贵州省,长江流域,龙场,2026-08-09 00:00,2,20.58,7.9,7.24,387.78,5.4,0.75,0.006,0.023,3.997,,,2026-08-09 00:25:34
贵州省,长江流域,打秋坪,2026-08-09 00:00,2,24.43,7.9,6.91,442.4,14.7,1.55,0.108,0.08,4.038,,,2026-08-09 00:25:34
贵州省,长江流域,余庆河暗溪坪,2026-08-09 00:00,1,26.83,7.96,8.97,316.42,4.64,0.92,,0.017,1.206,,,2026-08-09 00:25:34
贵州省,长江流域,羊柱头渡口,2026-08-09 00:00,3,24.11,7.79,7.48,579.01,26.748,2.19,0.536,0.151,5.985,,,2026-08-09 00:25:34
贵州省,长江流域,茅台,2026-08-09 00:00,2,25.19,8.32,7.47,418.59,24.65,0.71,,0.034,4.352,,,2026-08-09 00:25:34
贵州省,长江流域,小屯,2026-08-09 00:00,2,26.5,8.79,11.52,357.1307,8.769,3.06,0.01,0.051,4.225,,,2026-08-09 00:25:34
贵州省,长江流域,鱼市,2026-08-09 00:00,2,28.64,8.03,7.51,315.927,6.883303,0.8,0.012,0.039,1.196221,,,2026-08-09 00:25:34
贵州省,长江流域,凤山桥边,2026-08-09 00:00,3,24.3078,8.26,7.5,519.79,3.7909,1.34,0.205,0.105,3.577,,,2026-08-09 00:25:34
贵州省,珠江流域,边外河,2026-08-09 00:00,1,24.4,8.02,8,312.47,2.93,0.74,,0.007,1.954,,,2026-08-09 00:25:34
云南省,珠江流域,阳宗海中,2026-08-09 00:00,3,24.26,9,7.62,428.26,1.964,4.24,,0.015,0.637,0.00699,1241792,2026-08-09 00:25:34
云南省,滇池流域,严家村桥,2026-08-09 00:00,3,19.89483,7.64,5.6,402.7633,31.61093,1.53,0.156,0.073,3.533972,,,2026-08-09 00:25:34
云南省,滇池流域,草海中心,2026-08-09 00:00,4,23.17,7.96,4.73,407.18,34.6,5.25,0.174,0.058,3.08,0.02662,2.789113,2026-08-09 00:25:34
云南省,滇池流域,灰湾中,2026-08-09 00:00,4,21.8,,8.48,392.483,42.913,5.88,0.092,0.071,0.931,0.01158,4.449332,2026-08-09 00:25:34
云南省,滇池流域,观音山西,2026-08-09 00:00,4,22.16,8.74,6.93,407.31,38.92,9,0.001,0.067,1.008,0.0079,7.607155,2026-08-09 00:25:34
云南省,滇池流域,海口西,2026-08-09 00:00,3,22.22,,8.82,355.56,26.96,5.2,,0.049,0.62,0.02512,4.50401,2026-08-09 00:25:34
云南省,滇池流域,滇池南,2026-08-09 00:00,4,21.57,,7.65,392.78,31.85,7.25,,0.053,0.8,0.0597,1.531446,2026-08-09 00:25:34
云南省,珠江流域,抚仙湖心,2026-08-09 00:00,1,23.63,8.85,8,271.39,3.025,1.82,0.009,0.009,0.113,0.00295,2.071945,2026-08-09 00:25:34
云南省,珠江流域,杞麓湖心,2026-08-09 00:00,4,23.11,,6.99,772.88,6.82,6.61,,0.012,1.772,0.03096,9519213,2026-08-09 00:25:34
云南省,珠江流域,星云湖心,2026-08-09 00:00,4,23.57,,8.64,515.201,11.33,6.09,,0.021,0.854,0.0056,5.788038,2026-08-09 00:25:34
云南省,西南诸河,土卡河水文站,2026-08-09 00:00,2,25.49258,7.95,8.79,207.9328,135.0028,1.61,,0.047,0.723736,,,2026-08-09 00:25:34
云南省,西南诸河,河口县医院,2026-08-09 00:00,1,23.42498,7.85,8.43,,4.019044,,,,,,,2026-08-09 00:25:34
云南省,珠江流域,异龙湖中,2026-08-09 00:00,4,25.55,8.66,8.71,440.05,2.976,7.81,,0.015,0.403,0.02818,279206,2026-08-09 00:25:34
云南省,西南诸河,天保农场,2026-08-09 00:00,2,23.73,8.23,8.76,371,18.27,0.73,,0.038,3.4593,,,2026-08-09 00:25:34
云南省,西南诸河,洱海湖心,2026-08-09 00:00,2,23.13,8.63,6.18,285.29,13,3.93,0.005,0.021,0.449,0.01494,,2026-08-09 00:25:34
陕西省,黄河流域,灞河口,2026-08-09 00:00,3,25.69,8.1,7.43,297.795,192.5833,3.58,,0.122,4.1168,,,2026-08-09 00:25:34
陕西省,黄河流域,三郎村,2026-08-09 00:00,3,25.59,7.49,8.01,301.696,168.452,4.47,0.061,0.134,4.2819,,,2026-08-09 00:25:34
陕西省,黄河流域,岔口,2026-08-09 00:00,3,22.33,8.19,8.61,653.173,1050.721,5.47,0.11,0.12,5.8088,,,2026-08-09 00:25:34
陕西省,黄河流域,卧龙寺桥,2026-08-09 00:00,2,26.99,8.41,7.25,785.5731,78.3962,2.56,,0.054,3.153,,,2026-08-09 00:25:34
陕西省,长江流域,灶火庵,2026-08-09 00:00,2,23.76,8.3,7.2,306.7795,117.8359,3.39,,0.056,1.4863,,,2026-08-09 00:25:34
陕西省,黄河流域,黑河张家桥,2026-08-09 00:00,2,22.67,8.08,7.52,514.2087,85.1831,2.03,0.022,0.029,2.0066,,,2026-08-09 00:25:34
陕西省,黄河流域,朱家沟,2026-08-09 00:00,4,24.84,8,6.2,755.749,2659.833,4.67,0.731,0.294,4.9911,,,2026-08-09 00:25:34
陕西省,黄河流域,温家川,2026-08-09 00:00,3,29.12,8.41,6.18,1246.093,213.7646,5.37,,0.084,2.6621,,,2026-08-09 00:25:34
陕西省,黄河流域,高家川,2026-08-09 00:00,2,27.88,8.33,7.28,805.331,221.8946,1.95,,0.076,3.4541,,,2026-08-09 00:25:34
陕西省,长江流域,老君关,2026-08-09 00:00,3,25.63,7.52,6.52,257.0642,128.0356,4.37,,0.096,2.104,,,2026-08-09 00:25:34
陕西省,长江流域,构峪口,2026-08-09 00:00,2,20.93,8.08,8.09,320.589,87.5601,3.26,,0.064,2.115,,,2026-08-09 00:25:34
甘肃省,黄河流域,湟水桥,2026-08-09 00:00,2,23.12,8.47,8.32,823.469,40.973,1.58,0.069,0.026,3.428,,,2026-08-09 00:25:34
甘肃省,黄河流域,五佛寺,2026-08-09 00:00,2,20.88952,8.29,6.84,649.2512,257.9791,2.24,0.175,0.028,2.912,,,2026-08-09 00:25:34
甘肃省,长江流域,固水子村,2026-08-09 00:00,2,22.45,8.29,7.3,381,183.8,0.72,,0.04,1.244,,,2026-08-09 00:25:34
宁夏回族自治区,黄河流域,平罗黄河大桥,2026-08-09 00:00,2,25.07,8.23,6.62,846.49,711.1,1.34,,0.058,2.57,,,2026-08-09 00:25:34
宁夏回族自治区,黄河流域,麻黄沟,2026-08-09 00:00,3,25.74,8.14,5.83,917.609,658.185,2.45,,0.077,2.3155,,,2026-08-09 00:25:34
宁夏回族自治区,黄河流域,中卫下河沿,2026-08-09 00:00,2,22,8.2,7.09,628.8,334.1,1.95,,0.085,2.09,,,2026-08-09 00:25:34
北京市,海河流域,鼓楼外大街,2026-08-09 00:00,5,26.24,7.13,2.72,443.02,15.633,3.31,1.022,0.077,4.477,,,2026-08-09 00:57:58
北京市,海河流域,沙窝,2026-08-09 00:00,6,29.13,7.35,3.11,751.8,21.567,6.03,3.116,0.222,6.541,,,2026-08-09 00:57:58
北京市,海河流域,新八里桥,2026-08-09 00:00,6,27.73,7.11,0.69,502.779,11.851,3.93,0.357,0.158,4.741,,,2026-08-09 00:57:58
北京市,海河流域,辛庄桥,2026-08-09 00:00,3,27.27,8.16,7.33,598.543,214.2339,4.16,,,11.6291,,,2026-08-09 00:57:58
北京市,海河流域,后城,2026-08-09 00:00,6,21.41,8.16,7.12,497.361,1357.294,8.19,,0.489,19.5171,,,2026-08-09 00:57:58
天津市,海河流域,井冈山桥,2026-08-09 00:00,5,31.39,7.9,2.61,1155.065,51.14842,4.26,0.448,0.116,1.6711,,,2026-08-09 00:57:58
天津市,海河流域,尔王庄泵站,2026-08-09 00:00,3,32.42,7.64,5.66,237.331,10.00854,2.32,,0.001,0.4751,,,2026-08-09 00:57:58
天津市,海河流域,塘汉公路桥,2026-08-09 00:00,5,27.99,7.66,2.99,885.395,38.11011,4.46,0.08,0.152,4.1841,,,2026-08-09 00:57:58
天津市,海河流域,海河大闸,2026-08-09 00:00,5,28.95,7.63,2.29,2375.097,17.1673,4.53,0.131,0.222,2.7671,,,2026-08-09 00:57:58
天津市,海河流域,万家码头,2026-08-09 00:00,4,29.71,8,4.64,1851.74,16.27,6.54,0.099,0.113,1.142,,,2026-08-09 00:57:58
天津市,海河流域,于桥水库出口,2026-08-09 00:00,3,30.09,8.89,10.7,375.909,11.84621,4.57,0.002,0.033,2.8031,,,2026-08-09 00:57:58
天津市,海河流域,沙河桥,2026-08-09 00:00,2,28.03,7.81,9.99,459.55,32.165,2.31,0.042,0.068,9.381,,,2026-08-09 00:57:58
天津市,海河流域,西屯桥,2026-08-09 00:00,4,30.6,7.36,4.41,432.74,29.9273,3.58,0.08,0.051,2.94,,,2026-08-09 00:57:58
河北省,海河流域,下槐镇,2026-08-09 00:00,6,25.12,8.1,7.7,374.132,1153.821,9.35,0.004,0.559,3.9577,,,2026-08-09 00:57:58
河北省,海河流域,兆通,2026-08-09 00:00,1,31,8.55,8.9,293.11,4.38,1.98,0.01,,0.9209,,,2026-08-09 00:57:58
河北省,海河流域,滦县大桥,2026-08-09 00:00,2,,,8.97,502.704,15.30254,2.8,0.014,0.024,4.8741,,,2026-08-09 00:57:58
河北省,海河流域,岳城水库出口,2026-08-09 00:00,1,30.16,8.24,10.74,591.807,3.063432,1.43,0.012,,2.6591,,,2026-08-09 00:57:58
河北省,海河流域,曲周,2026-08-09 00:00,4,29.68,7.55,4.22,944.58,10.875,2.58,0.024,0.073,2.241,,,2026-08-09 00:57:58
河北省,海河流域,沙阳,2026-08-09 00:00,3,29.95,7.86,9.04,870.66,48.86,4.14,,0.062,1.0147,,,2026-08-09 00:57:58
河北省,海河流域,北河店,2026-08-09 00:00,5,30.01,7.56,2.83,533.1906,1.3052,1.99,0.062,0.019,4.134,,,2026-08-09 00:57:58
河北省,海河流域,杜里村,2026-08-09 00:00,4,21.72,8.43,9.2,427.87,99.13,7.51,,0.133,2.2002,,,2026-08-09 00:57:58
河北省,海河流域,温泉屯,2026-08-09 00:00,5,24.16,8.44,6.82,1191.08,502.5067,9.02,0.017,0.32,14.2381,,,2026-08-09 00:57:58
河北省,海河流域,左卫桥,2026-08-09 00:00,4,23.43,8.43,7.91,704.516,293.0721,7.82,0.24,0.211,6.5141,,,2026-08-09 00:57:58
河北省,海河流域,上二道河子,2026-08-09 00:00,2,25.69,8.08,6.54,453.808,9.276798,2.54,0.012,0.003,6.9701,,,2026-08-09 00:57:58
河北省,海河流域,四埝村桥,2026-08-09 00:00,4,29.57,8.15,4.84,3602.875,31.389,6,0.082,0.135,0.862,,,2026-08-09 00:57:58
河北省,海河流域,大王务,2026-08-09 00:00,4,30.07,7.53,3.33,871.03,9.738519,7.67,0.014,0.099,0.4231,,,2026-08-09 00:57:58
河北省,海河流域,桑梓红旗闸,2026-08-09 00:00,2,29.10091,8.07,8.88,608.399,22.36794,3.31,0.035,0.095,11.6441,,,2026-08-09 00:57:58
河北省,海河流域,小范桥,2026-08-09 00:00,3,31.79,8.39,6.57,841.684,1.519,4.75,0.004,0.039,0.4695,,,2026-08-09 00:57:58
河北省,海河流域,衡水湖大湖心,2026-08-09 00:00,3,30.43,8.43,6.48,1537.257,18.813,5.46,0.04,0.026,0.819,0.0361,2.14142,2026-08-09 00:57:58
河北省,海河流域,安州,2026-08-09 00:00,6,31.52,7.29,0.62,874.5256,58.2558,3.46,0.188,0.086,2.91,,,2026-08-09 00:57:58
河北省,海河流域,膳马庙村北,2026-08-09 00:00,6,32.14,7.41,0.43,1066.76,35.4771,5.04,0.416,0.114,3.3017,,,2026-08-09 00:57:58
山西省,黄河流域,上兰,2026-08-09 00:00,2,23.27,8.35,7.12,643.581,4.956832,1.57,0.013,,2.0081,,,2026-08-09 00:57:58
山西省,海河流域,堡子湾,2026-08-09 00:00,2,22.64,8.22,6.67,767.405,74.96601,2.16,0.019,0.073,6.4981,,,2026-08-09 00:57:58
山西省,海河流域,白羊墅,2026-08-09 00:00,3,25.35,8.09,6.05,1010.68,167.062,3.24,0.342,0.126,5.477,,,2026-08-09 00:57:58
山西省,海河流域,王家庄,2026-08-09 00:00,2,26.49,8.33,8.09,655.02,65.46,2.95,0.007,0.064,2.649,,,2026-08-09 00:57:58
山西省,海河流域,司徒桥,2026-08-09 00:00,3,26.39,7.82,5.16,513.0525,43.337,3.7,,0.052,2.351,,,2026-08-09 00:57:58
山西省,海河流域,关河水库出口,2026-08-09 00:00,4,25.56,7.65,3.05,556.64,6.014,4.09,0.06,0.027,0.8021,,,2026-08-09 00:57:58
山西省,海河流域,北寨,2026-08-09 00:00,4,25.19,7.65,3.99,694.05,41.48,3.77,0.013,0.08,4.606,,,2026-08-09 00:57:58
山西省,海河流域,王寨村,2026-08-09 00:00,2,24.78,8.25,7.15,670.666,121.993,2.03,,0.055,2.468,,,2026-08-09 00:57:58
山西省,黄河流域,安固桥,2026-08-09 00:00,6,28.301,7.47,2.36,1757.457,64.2048,7.8,2.815,0.359,11.8186,,,2026-08-09 00:57:58
山西省,黄河流域,王庄桥南,2026-08-09 00:00,5,27.27,7.79,6.21,1146.199,317.42,11.04,0.443,0.3,4.809,,,2026-08-09 00:57:58
山西省,黄河流域,郝村,2026-08-09 00:00,3,25.71,7.92,6.95,721.8982,84.5152,5.3,0.01,0.119,2.5938,,,2026-08-09 00:57:58
山西省,黄河流域,小韩村,2026-08-09 00:00,6,26.28,7.47,0.95,1036.98,115.6,5.49,0.775,0.311,5.229,,,2026-08-09 00:57:58
山西省,海河流域,定襄桥,2026-08-09 00:00,4,27.28,8.02,3.05,691.513,40.41246,2.69,0.005,0.056,3.6571,,,2026-08-09 00:57:58
山西省,海河流域,南庄,2026-08-09 00:00,4,24.74,8.25,7.58,509.055,353.4843,7.63,,0.182,8.8281,,,2026-08-09 00:57:58
山西省,海河流域,坪上桥,2026-08-09 00:00,2,21.71,8.14,7.79,330.668,569.1313,3.78,0.01,0.074,5.1401,,,2026-08-09 00:57:58
山西省,黄河流域,曲立,2026-08-09 00:00,3,22.17,7.99,5.67,578.855,162.2641,3.21,0.013,0.152,4.1621,,,2026-08-09 00:57:58
山西省,黄河流域,裴家川口,2026-08-09 00:00,3,25.22,8.34,6.74,497.288,561.1971,2.51,0.027,0.192,5.3981,,,2026-08-09 00:57:58
山西省,黄河流域,碛口,2026-08-09 00:00,4,27.92,8.56,7.66,956.078,3923.506,4.48,0.697,0.232,13.7501,,,2026-08-09 00:57:58
山西省,黄河流域,裴沟,2026-08-09 00:00,4,24.73,8.21,5.77,642.403,,5.9,0.276,0.273,5.1171,,,2026-08-09 00:57:58
山西省,黄河流域,三川河两河口桥,2026-08-09 00:00,4,26.45,8.14,6.82,546.525,4048.17,4.74,0.029,0.287,3.6891,,,2026-08-09 00:57:58
山西省,黄河流域,碧村,2026-08-09 00:00,2,27.1,8.51,7.7,629.076,58.00124,2.95,0.025,0.062,5.2661,,,2026-08-09 00:57:58
山西省,黄河流域,北峪口,2026-08-09 00:00,2,21.15816,8.03,6.9,488.672,23.32116,2.02,0.101,0.002,2.0891,,,2026-08-09 00:57:58
山西省,黄河流域,南姚,2026-08-09 00:00,4,27.86,7.56,3.81,1656.76,120.48,4.36,0.358,0.156,2.258,,,2026-08-09 00:57:58
内蒙古自治区,松花江流域,陶海,2026-08-09 00:00,5,21.3,7.01,6.74,103.3,38.8,11.87,,0.104,0.666,,,2026-08-09 00:57:58
内蒙古自治区,松花江流域,讷尔克气,2026-08-09 00:00,4,15.87,6.86,8.02,61.37,22.744,9.68,,0.036,0.237,,,2026-08-09 00:57:58
内蒙古自治区,松花江流域,大山矿,2026-08-09 00:00,3,16.4,7.85,8.04,125.9,2,4.35,,0.034,0.349,,,2026-08-09 00:57:58
辽宁省,辽河流域,麦家,2026-08-09 00:00,4,30.66,7.88,5.19,360.3,26.26,6.08,0.096,0.2,1.115,,,2026-08-09 00:57:58
辽宁省,辽河流域,复州湾大桥,2026-08-09 00:00,2,25.562,8.18,6.93,540.389,5.488,3.24,0.011,0.064,2.646,,,2026-08-09 00:57:58
辽宁省,辽河流域,万泰,2026-08-09 00:00,6,30.19,9.06,11.14,151.413,8.46546,3.11,0.035,0.023,2.64036,,,2026-08-09 00:57:58
辽宁省,辽河流域,小姐庙,2026-08-09 00:00,3,26.93,7.92,6.41,549.6,34.02,3.41,0.119,0.111,3.94,,,2026-08-09 00:57:58
辽宁省,辽河流域,口子街,2026-08-09 00:00,6,25.92,9.08,9.29,283.4,4.41417,2.04,0.026,0.021,2.497,,,2026-08-09 00:57:58
辽宁省,辽河流域,关门山大桥,2026-08-09 00:00,3,25.14,7.84,5.13,379.486,4.873,1.42,,0.014,5.139,,,2026-08-09 00:57:58
辽宁省,辽河流域,凤鸣电站,2026-08-09 00:00,2,15.22,7.6,8.65,224.08,9.114,1.73,0.018,0.028,2.993,,,2026-08-09 00:57:58
辽宁省,辽河流域,南太子河入库口,2026-08-09 00:00,3,25.96,7.38,5.83,193.6,2.67,0.76,0.007,0.008,6.242,,,2026-08-09 00:57:58
辽宁省,辽河流域,蒲石河大桥,2026-08-09 00:00,1,27.5,7.65,7.6,208.17,2.993,1.19,0.018,0.015,4.023,,,2026-08-09 00:57:58
辽宁省,辽河流域,王家沟,2026-08-09 00:00,2,25.51,8.16,7.36,708.96,18.98,2.91,,0.04,5.214,,,2026-08-09 00:57:58
辽宁省,辽河流域,女儿河入河口,2026-08-09 00:00,2,27.83,8.26,13.41,765.15,26.69,1.95,0.01,0.047,6.54,,,2026-08-09 00:57:58
辽宁省,辽河流域,何家信子,2026-08-09 00:00,2,24.21,8.27,8.72,463.5,10.28,3.52,0.078,0.036,1.725,,,2026-08-09 00:57:58
辽宁省,辽河流域,高台子,2026-08-09 00:00,6,20.73,7.63,1.62,991.382,26.949,5.38,,0.081,5.224,,,2026-08-09 00:57:58
辽宁省,辽河流域,大清河口,2026-08-09 00:00,4,30.15,8.62,9.69,492.8,23.299,7.63,0.076,0.072,3.913,,,2026-08-09 00:57:58
辽宁省,辽河流域,下口子,2026-08-09 00:00,2,22.42,7.94,7.35,483.5,33.76,2.34,0.051,0.059,3.631,,,2026-08-09 00:57:58
辽宁省,辽河流域,河洪桥,2026-08-09 00:00,3,26.2725,8.52,8.98,675.262,19.5192,5.27,0.031,0.133,4.724,,,2026-08-09 00:57:58
辽宁省,辽河流域,二道河水库口,2026-08-09 00:00,3,22.6162,7.89,5.57,393.693,2.96858,1.01,0.003,0.007,3.458,,,2026-08-09 00:57:58
辽宁省,辽河流域,下王家,2026-08-09 00:00,2,26.2027,7.71,7.95,436.044,13.2185,2.28,,0.034,4.729,,,2026-08-09 00:57:58
辽宁省,辽河流域,汤河桥,2026-08-09 00:00,2,25.21,7.8,9.35,554.1,7.85648,1.68,0.031,0.032,4.133,,,2026-08-09 00:57:58
辽宁省,辽河流域,下达河入汤河水库口,2026-08-09 00:00,3,22.2165,7.82,5.91,453.329,5.126,1.8,0.002,0.022,3.788,,,2026-08-09 00:57:58
辽宁省,辽河流域,胜利塘,2026-08-09 00:00,5,26.1,7.8,2.32,938.85,55.46,7.26,0.046,0.119,1.891,,,2026-08-09 00:57:58
辽宁省,辽河流域,亮子河入河口,2026-08-09 00:00,3,24.44,8.07,7.14,567.78,23.72,5.1,,0.192,4.229,,,2026-08-09 00:57:58
辽宁省,辽河流域,李家湾大桥,2026-08-09 00:00,2,17.1,7.57,6.61,534.9,35.2,0.35,,0.033,4.442,,,2026-08-09 00:57:58
辽宁省,辽河流域,红石碑入海前,2026-08-09 00:00,3,27.07,8.42,16.92,1029.13,25.342,5.54,0.02,0.081,4.781,,,2026-08-09 00:57:58
辽宁省,辽河流域,小渔场,2026-08-09 00:00,2,25.06,7.89,6.61,641.838,10.831,2.06,,0.028,4.857,,,2026-08-09 00:57:58
吉林省,松花江流域,砖瓦窑桥,2026-08-09 00:00,4,18.35,7.7,5.54,348.61,207.81,8.15,0.047,0.282,3.046,,,2026-08-09 00:57:58
吉林省,松花江流域,镇江口,2026-08-09 00:00,4,22,7.54,7.39,218.2,158.91,7.05,,0.181,4.625,,,2026-08-09 00:57:58
吉林省,松花江流域,饮马河大桥,2026-08-09 00:00,3,21.58,6.91,5.32,237.58,70.2,3.45,0.001,0.092,2.052,,,2026-08-09 00:57:58
吉林省,松花江流域,白旗,2026-08-09 00:00,3,19.1291,7.04,7.29,168.411,110.607,4.6,0.098,0.141,5.8457,,,2026-08-09 00:57:58
吉林省,松花江流域,白山大桥,2026-08-09 00:00,4,14.06,6.94,7.01,113.644,43.529,6.29,0.018,0.051,2.002,,,2026-08-09 00:57:58
吉林省,松花江流域,福兴,2026-08-09 00:00,3,26.7,8.11,10.61,281.189,48.812,4.23,0.0001,0.101,4.055,,,2026-08-09 00:57:58
吉林省,松花江流域,桦树林,2026-08-09 00:00,4,18.09,7.15,6.74,136.22,74.004,6.23,0.028,0.09,2.439,0.01733,667648,2026-08-09 00:57:58
吉林省,松花江流域,官厅桥,2026-08-09 00:00,3,22.71,7.39,9.62,222.4,17.523,4.17,0.066,0.106,3.483,,,2026-08-09 00:57:58
吉林省,松花江流域,烟筒山,2026-08-09 00:00,2,23.39,7.76,7.91,302.714,41.049,3.9,0.045,0.089,3.957,,,2026-08-09 00:57:58
吉林省,辽河流域,四双大桥,2026-08-09 00:00,4,24.34,8.15,7.46,527.96,223.8,7.74,,0.201,2.429,,,2026-08-09 00:57:58
吉林省,辽河流域,城子上,2026-08-09 00:00,3,23.76,7.93,7.51,493.51,42.48,4.72,,0.083,2.17,,,2026-08-09 00:57:58
吉林省,辽河流域,民主,2026-08-09 00:00,2,27.073,8.39,7.66,293.9,12.294,3.12,0.009,0.061,3.534,,,2026-08-09 00:57:58
吉林省,松花江流域,高集岗桥,2026-08-09 00:00,3,25.23,8.18,8.52,268.8,42.456,4.3,0.019,0.074,4.6,,,2026-08-09 00:57:58
吉林省,辽河流域,云峰,2026-08-09 00:00,3,18.956,7.14,5.38,127.793,29.3908,2.01,0.022,0.02,1.744,,,2026-08-09 00:57:58
吉林省,辽河流域,老虎哨,2026-08-09 00:00,2,22.604,7.42,7.25,111.193,17.3364,2.72,0.025,0.012,2.225,,,2026-08-09 00:57:58
吉林省,辽河流域,鸠谷,2026-08-09 00:00,2,19,7.64,8.49,125.6,18.7,2.87,0.072,0.068,1.33,,,2026-08-09 00:57:58
吉林省,辽河流域,葫芦套,2026-08-09 00:00,2,26.34,8.62,8.4,129.991,24.381,2.98,0.014,0.038,1.189,,,2026-08-09 00:57:58
吉林省,辽河流域,大阳岔,2026-08-09 00:00,2,10.49,7.94,7.4,300.698,3.079,0.56,,0.016,1.522,,,2026-08-09 00:57:58
吉林省,松花江流域,石井,2026-08-09 00:00,2,22.6,7.75,7.74,229.174,47.675,3.98,0.012,0.096,1.925,,,2026-08-09 00:57:58
吉林省,松花江流域,三家子,2026-08-09 00:00,4,22.13,7.34,8.08,103.271,83.836,7.04,0.097,0.082,1.649,,,2026-08-09 00:57:58
吉林省,松花江流域,建封路大桥,2026-08-09 00:00,2,14.13,7.77,9.47,207.991,24.868,0.49,0.024,0.066,0.763,,,2026-08-09 00:57:58
黑龙江省,松花江流域,苗家,2026-08-09 00:00,4,25.4,7.26,7.15,142.9,176.6,6.52,0.088,0.256,3.402,,,2026-08-09 00:57:58
黑龙江省,松花江流域,磨盘山水库出口,2026-08-09 00:00,4,24.55,7.96,10.13,63.865,11.335,6.49,0.023,0.048,2.133,0.0059,23040,2026-08-09 00:57:58
黑龙江省,松花江流域,朱顺屯,2026-08-09 00:00,4,26.138,7.21,4.66,182.449,156.996,6.37,0.072,0.176,2.89,,,2026-08-09 00:57:58
黑龙江省,松花江流域,阿什河口内,2026-08-09 00:00,5,23.435,6.92,2.8,337.21,133.2,6.61,0.555,0.291,4.022,,,2026-08-09 00:57:58
黑龙江省,松花江流域,大顶子山,2026-08-09 00:00,4,26.9024,7.27,4.46,192.258,36.3809,7.06,0.126,0.123,8.32,,,2026-08-09 00:57:58
黑龙江省,松花江流域,浏园,2026-08-09 00:00,4,22.73,7.32,6.5,160.3,119,8.59,,0.103,2.952,,,2026-08-09 00:57:58
黑龙江省,松花江流域,泄洪1闸,2026-08-09 00:00,4,24.175,8.83,9.16,248.835,99.96,5.75,0.035,0.067,0.431,0.018,14656,2026-08-09 00:57:58
黑龙江省,松花江流域,858九队,2026-08-09 00:00,4,24.91,6.53,3.36,162.3,,5.91,0.028,0.196,1.541,,,2026-08-09 00:57:58
黑龙江省,松花江流域,穆棱河口内,2026-08-09 00:00,5,20.4,6.48,2.46,82.0164,27.6178,5.11,0.027,0.121,3.652,,,2026-08-09 00:57:58
黑龙江省,松花江流域,名山,2026-08-09 00:00,5,21.86,7.3,7.63,100.407,55,13.83,0.098,0.048,0.638,,,2026-08-09 00:57:58
黑龙江省,松花江流域,饶河上,2026-08-09 00:00,5,22.28,7.08,5.34,68.3,41.692,10.71,0.037,0.08,1.694,,,2026-08-09 00:57:58
黑龙江省,松花江流域,挠力河口内,2026-08-09 00:00,4,24.542,7.21,4.88,197.39,43.575,7.15,0.08,0.161,0.676,,,2026-08-09 00:57:58
黑龙江省,松花江流域,友好,2026-08-09 00:00,6,18.5,7.04,8.52,84.64,16.678,18.67,0.01,0.076,1.877,,,2026-08-09 00:57:58
黑龙江省,松花江流域,海浪,2026-08-09 00:00,4,21.5,7.09,8.9,100.9,109.49,7.78,0.059,0.12,3.755,,,2026-08-09 00:57:58
黑龙江省,松花江流域,三道,2026-08-09 00:00,5,23.32,6.92,5.62,110.34,278.73,7.64,0.132,0.173,3.694,,35328,2026-08-09 00:57:58
黑龙江省,松花江流域,电视塔,2026-08-09 00:00,5,23.77,6.67,3.93,89.3,181.62,10.16,0.086,0.188,3.54,0.00276,13184,2026-08-09 00:57:58
黑龙江省,松花江流域,呼玛河口内,2026-08-09 00:00,4,17.67,7.31,10.27,62.624,8.98,7.66,0.004,0.03,0.309,,,2026-08-09 00:57:58
江苏省,长江流域,陈浅,2026-08-09 00:00,6,32.63,7.63,1.73,335.3,70.94,5.51,0.175,0.211,1.103,,,2026-08-09 00:57:58
江苏省,长江流域,七桥瓮,2026-08-09 00:00,4,31.79,7.22,3.12,470.9,47.42,4.58,0.186,0.131,2.313,,,2026-08-09 00:57:58
江苏省,长江流域,节制闸,2026-08-09 00:00,2,31.07,8.57,12.29,287.17,11.85,2.96,0.006,0.09,1.441,,,2026-08-09 00:57:58
江苏省,长江流域,钱家渡,2026-08-09 00:00,2,32.3,8.17,6.24,264.33,67.68,3.68,,0.085,1.819,,,2026-08-09 00:57:58
江苏省,太湖流域,蠡桥,2026-08-09 00:00,4,30.95,7.64,4.23,489.22,38.45,2.97,0.508,0.082,1.293,,,2026-08-09 00:57:58
江苏省,太湖流域,百渎港桥,2026-08-09 00:00,5,32.18,7.7,2.59,411.1,63.37,5.3,0.006,0.139,1.081,,,2026-08-09 00:57:58
江苏省,太湖流域,五牧,2026-08-09 00:00,3,31.07,7.29,5.14,312.84,38.88,2.41,0.153,0.141,2.291,,,2026-08-09 00:57:58
江苏省,太湖流域,金潼桥,2026-08-09 00:00,3,32.67,7.75,5.48,445.8,41.54,3.82,0.373,0.127,2.178,,,2026-08-09 00:57:58
江苏省,太湖流域,长济桥,2026-08-09 00:00,2,31.32,7.96,6.5,282.4,8.78,1.79,0.045,0.089,1.552,,,2026-08-09 00:57:58
江苏省,太湖流域,钓邾大桥,2026-08-09 00:00,4,31.57,8.78,6.97,557.59,37.54,6.71,0.119,0.217,1.5,,,2026-08-09 00:57:58
江苏省,淮河流域,港上桥,2026-08-09 00:00,5,29.68,7.7,2.18,389.8,4.84,5.14,0.048,0.041,1.86,,,2026-08-09 00:57:58
江苏省,淮河流域,李庄,2026-08-09 00:00,4,32.52,8.42,8.58,558.9,11.4,7.4,0.268,0.126,3.927,,,2026-08-09 00:57:58
江苏省,淮河流域,华山闸,2026-08-09 00:00,3,31.82,8.42,5.68,1155.7,10.13,5.02,0.006,0.065,0.67,,,2026-08-09 00:57:58
江苏省,淮河流域,沙庄桥,2026-08-09 00:00,4,32.8,7.8,6.82,957.8,29.4,8.56,0.63,0.132,2.814,,,2026-08-09 00:57:58
江苏省,淮河流域,艾山西大桥,2026-08-09 00:00,4,31.215,7.92,6.11,1008.78,52.115,7.82,0.195,0.284,6.161,,,2026-08-09 00:57:58
江苏省,淮河流域,下楼公路桥,2026-08-09 00:00,4,32.07,7.45,8.44,1145.53,19.83,7.75,0.063,0.207,1.6179,,,2026-08-09 00:57:58
江苏省,太湖流域,黄埝桥,2026-08-09 00:00,3,31.09,7.71,5.69,341.8,26.82,2.91,0.107,0.095,1.368,,,2026-08-09 00:57:58
江苏省,太湖流域,落蓬湾,2026-08-09 00:00,3,32.79,8.05,6.5,292.5,43.7,4.68,0.052,0.069,1.106,,,2026-08-09 00:57:58
江苏省,太湖流域,九号桥,2026-08-09 00:00,2,30.22,8.03,8.09,379.8,37.1,2.13,0.061,0.082,1.916,,,2026-08-09 00:57:58
江苏省,太湖流域,望亭上游,2026-08-09 00:00,3,31.2,7.62,7.2,556.46,141.77,2.98,0.167,0.126,2.79,,,2026-08-09 00:57:58
江苏省,太湖流域,江边闸,2026-08-09 00:00,3,30.98,8.35,7.7,544.4,41.46,4.28,,0.131,1.467,,,2026-08-09 00:57:58
江苏省,太湖流域,瓜泾口西,2026-08-09 00:00,4,31.6,7.66,3.81,404.2,9.55,3.61,0.067,0.037,0.691,,,2026-08-09 00:57:58
江苏省,太湖流域,越溪桥,2026-08-09 00:00,4,31.57,7.35,3.02,458.8,63,6.55,0.454,0.126,1.978,,,2026-08-09 00:57:58
江苏省,淮河流域,东安闸桥西,2026-08-09 00:00,5,32.04,7.76,4.92,1010.8,85.85,8.06,,0.331,2.426,,,2026-08-09 00:57:58
江苏省,长江流域,九圩港桥,2026-08-09 00:00,2,30.78,8.34,9.09,270.6,24.93,1.92,0.012,0.059,1.173,,,2026-08-09 00:57:58
江苏省,长江流域,碾砣港闸,2026-08-09 00:00,3,30.77,7.74,5.53,292.3,22.91,1.94,0.02,0.073,1.472,,,2026-08-09 00:57:58
江苏省,长江流域,聚南大桥,2026-08-09 00:00,6,32.79,7.38,1.77,797.8,11.39,4.79,0.117,0.158,0.989,,,2026-08-09 00:57:58
江苏省,长江流域,大洋港桥,2026-08-09 00:00,4,31.76,8,4.71,517.5,27.47,1.98,,0.164,1.53,,,2026-08-09 00:57:58
江苏省,长江流域,塘芦港闸,2026-08-09 00:00,5,32.585,7.58,2.93,1150.22,15.376,4.04,0.193,0.201,1.393,,,2026-08-09 00:57:58
江苏省,淮河流域,小洋口,2026-08-09 00:00,4,29.78,7.76,5.82,1038.1,58.38,5.14,0.219,0.252,1.534,,,2026-08-09 00:57:58
江苏省,淮河流域,环东闸口,2026-08-09 00:00,4,32.29,7.74,4.19,2572.3,32.8,6.68,,0.292,2.415,,,2026-08-09 00:57:58
江苏省,淮河流域,北凌新闸,2026-08-09 00:00,5,30.56,7.71,3.79,1315.5,22.96,8.23,0.417,0.304,2.836,,,2026-08-09 00:57:58
江苏省,淮河流域,唐曹,2026-08-09 00:00,5,30.06,7.24,2.34,522.1,74.76,5.17,0.383,0.201,0.804,,,2026-08-09 00:57:58
江苏省,淮河流域,槐泗河口,2026-08-09 00:00,3,31.74,8.08,5.75,434.3,34.05,3.85,0.068,0.08,1.263,,,2026-08-09 00:57:58
江苏省,淮河流域,大运河船闸,2026-08-09 00:00,3,31.43,7.94,7.99,505.2,90.9,5.87,0.074,0.11,1.485,,,2026-08-09 00:57:58
江苏省,长江流域,冻青桥,2026-08-09 00:00,4,31.97,7.59,3.29,449.4,44.95,4.71,0.287,0.138,1.728,,,2026-08-09 00:57:58
江苏省,长江流域,小河口上游,2026-08-09 00:00,3,30.94,7.78,5.99,291.5,41.04,1.72,0.022,0.076,1.413,,,2026-08-09 00:57:58
江苏省,淮河流域,曹庄桥,2026-08-09 00:00,4,31.43,7.28,3.05,544,24.97,5.96,0.148,0.16,1.356,,,2026-08-09 00:57:58
江苏省,太湖流域,辛丰镇,2026-08-09 00:00,2,31.18,7.88,6.64,295.6,19.64,2.27,0.057,0.071,1.505,,,2026-08-09 00:57:58
江苏省,太湖流域,林家闸,2026-08-09 00:00,2,30.84,7.87,6.95,286.8,11.43,2.3,,0.083,1.4684,,,2026-08-09 00:57:58
江苏省,长江流域,新河桥,2026-08-09 00:00,3,32.1,8.79,8.1,220.8,32.53,5.52,0.015,0.106,0.724,,,2026-08-09 00:57:58
江苏省,太湖流域,新港桥,2026-08-09 00:00,3,31.13,7.54,5.52,263,21.2,2.38,0.058,0.043,1.141,,,2026-08-09 00:57:58
江苏省,淮河流域,海陵大桥,2026-08-09 00:00,2,30.98,8.12,7.16,289.9,13.49,1.74,0.01,0.062,1.511,,,2026-08-09 00:57:58
江苏省,长江流域,马甸闸西,2026-08-09 00:00,2,31.31,7.73,6.84,472.2,41.88,2.88,0.043,0.056,1.885,,,2026-08-09 00:57:58
江苏省,长江流域,祥和大桥,2026-08-09 00:00,4,31.2,7.45,3.34,388.5,2.44,2.76,0.263,0.11,1.414,,,2026-08-09 00:57:58
江苏省,长江流域,新十圩港大桥,2026-08-09 00:00,2,30.46,8.03,7.45,306.5,9.75,2.55,0.006,0.095,1.516,,,2026-08-09 00:57:58
江苏省,淮河流域,临淮乡入湖口,2026-08-09 00:00,4,32.94,8.58,8.74,631.9,25.06,9.16,0.014,0.081,1.054,,,2026-08-09 00:57:58
江苏省,淮河流域,砖瓦厂,2026-08-09 00:00,4,32.6,8.2,14.25,720.5,49.83,7.84,,0.204,1.399,,,2026-08-09 00:57:58
江苏省,淮河流域,团结闸,2026-08-09 00:00,4,31.07,8.37,4.93,1380.2,7.92,7,0.1,0.061,1.188,,,2026-08-09 00:57:58
江苏省,淮河流域,大屈,2026-08-09 00:00,4,32.5,8.19,8.62,765.12,18.48,7.8,0.114,0.178,2.019,,,2026-08-09 00:57:58
浙江省,浙闽片河流,小金山,2026-08-09 00:00,2,31.75,,10.75,131.609,5.285,2.16,0.004,0.016,0.607,,,2026-08-09 00:57:58
浙江省,浙闽片河流,三潭岛,2026-08-09 00:00,2,30.88,,11.04,125.466,3.518,2.23,0.005,0.012,0.4493,,,2026-08-09 00:57:58
浙江省,浙闽片河流,千岛湖大坝前,2026-08-09 00:00,1,32.21,,10.17,131.826,2.973,1.97,0.014,0.01,0.554,,,2026-08-09 00:57:58
浙江省,浙闽片河流,洋溪渡,2026-08-09 00:00,3,17.19,7.01,5.36,144.608,4.428,0.99,0.0002,0.01,0.8581,,,2026-08-09 00:57:58
浙江省,浙闽片河流,桐庐,2026-08-09 00:00,2,22.96,7.3,7.26,160.5,17.8,1.19,0.008,0.08,1.1,,,2026-08-09 00:57:58
浙江省,浙闽片河流,水车,2026-08-09 00:00,2,24.954,6.82,8,63.286,27.955,2.9,,0.054,,,,2026-08-09 00:57:58
浙江省,浙闽片河流,屠家埠,2026-08-09 00:00,3,28.61,7.05,6.17,140.612,34.048,3.41,0.125,0.116,1.796,,,2026-08-09 00:57:58
浙江省,浙闽片河流,义东桥,2026-08-09 00:00,5,27.514,6.67,2.54,207.13,23.926,4.17,1.184,0.211,3.524,,,2026-08-09 00:57:58
浙江省,浙闽片河流,东关桥,2026-08-09 00:00,3,31.302,7.3,5.14,596.456,79.36,4.72,0.113,0.193,3.031,,,2026-08-09 00:57:58
浙江省,浙闽片河流,台口,2026-08-09 00:00,2,26.72,7.77,7.29,169.693,35.529,2.35,0.067,0.072,1.843,,,2026-08-09 00:57:58
浙江省,浙闽片河流,长潭水库坝口,2026-08-09 00:00,2,30.063,7.88,7.24,51.857,1.817,2.38,0.002,0.013,0.339,,,2026-08-09 00:57:58
浙江省,浙闽片河流,温峤,2026-08-09 00:00,4,28.954,7.35,4.09,330.778,52.718,4.68,0.633,0.171,2.441,,,2026-08-09 00:57:58
浙江省,浙闽片河流,柏枝岙,2026-08-09 00:00,2,26.713,6.9,7.48,83.708,29.785,1.73,0.11,0.057,1.434,,,2026-08-09 00:57:58
安徽省,巢湖流域,三胜大队渡口,2026-08-09 00:00,3,32.56,8.72,6.56,357.062,36.7804,4.81,0.069,0.083,0.48,,,2026-08-09 00:57:58
安徽省,巢湖流域,北闸渡口,2026-08-09 00:00,2,31.308,6.71,6.14,187.808,53.607,3.85,0.31,0.072,2.134,,,2026-08-09 00:57:58
安徽省,巢湖流域,石堆渡口,2026-08-09 00:00,4,31.74,7.05,4.67,221.4403,75.7762,4.68,0.129,0.107,2.2768,,,2026-08-09 00:57:58
安徽省,巢湖流域,柘皋大桥,2026-08-09 00:00,4,32.65,7.9,4.94,339.8688,76.4544,5.65,0.07,0.088,0.7114,,,2026-08-09 00:57:58
安徽省,巢湖流域,三河镇大桥,2026-08-09 00:00,6,31.58,6.51,1.43,288.7723,31.6,4.22,0.35,0.138,2.24,,,2026-08-09 00:57:58
安徽省,巢湖流域,三河镇新大桥,2026-08-09 00:00,3,32.64,7.14,5.29,133.3,10.11,3.9,0.096,0.048,1.204,,,2026-08-09 00:57:58
安徽省,巢湖流域,施口,2026-08-09 00:00,5,32.68,7.3,2.22,647.0588,47.942,5.6,0.291,0.158,4.452,,,2026-08-09 00:57:58
安徽省,巢湖流域,双桥河入湖口,2026-08-09 00:00,4,32.79,7.63,4.45,331.4947,48.2117,3.3,0.091,0.098,0.7978,,,2026-08-09 00:57:58
安徽省,巢湖流域,繁华大道桥,2026-08-09 00:00,5,32.3,7.17,2.56,565.3936,52.851,6.2,0.241,0.173,4.008,,,2026-08-09 00:57:58
安徽省,长江流域,东西梁山,2026-08-09 00:00,3,30.71,7.9,5.96,297.0055,35.0043,1.47,0.205,0.073,1.582,,,2026-08-09 00:57:58
安徽省,长江流域,宝塔根,2026-08-09 00:00,2,30.83,7.76,6.26,295.3112,35.0796,1.76,0.054,0.058,1.602,,,2026-08-09 00:57:58
安徽省,巢湖流域,裕溪口,2026-08-09 00:00,4,31.57,7.66,4.94,365.7179,69.0944,4.44,0.29,0.093,1.1981,,,2026-08-09 00:57:58
安徽省,长江流域,荻港,2026-08-09 00:00,5,30.97,7.38,2.75,543.4,105.6681,4.87,0.265,0.092,1.3673,,,2026-08-09 00:57:58
安徽省,长江流域,澛港桥,2026-08-09 00:00,3,30.69,7.5,5.16,219.8655,21.2963,3.13,0.086,0.056,1.981,,,2026-08-09 00:57:58
安徽省,长江流域,西河入裕溪河口,2026-08-09 00:00,3,32.18,7.96,5.78,380.5498,62.6316,4.47,0.167,0.09,0.806,,,2026-08-09 00:57:58
安徽省,淮河流域,蚌埠固镇,2026-08-09 00:00,3,29.5,6.92,7.14,,,4.69,0.09,0.153,1.0791,,,2026-08-09 00:57:58
安徽省,长江流域,得胜河入江口,2026-08-09 00:00,2,31.066,7.92,6.05,343.2,14.3182,3.56,0.058,0.084,1.6375,,,2026-08-09 00:57:58
安徽省,长江流域,姑溪河大桥,2026-08-09 00:00,3,31.7,7.39,6.32,275.1484,44.6606,4.41,0.033,0.068,1.071,,,2026-08-09 00:57:58
安徽省,长江流域,当涂查湾,2026-08-09 00:00,3,32.07,7.29,5.15,252.962,39.9537,2.68,,0.137,1.911,,,2026-08-09 00:57:58
安徽省,长江流域,雨山河下游,2026-08-09 00:00,3,30.8097,7.46,6.15,943.2639,22.4882,3.78,0.438,0.175,7.918,,,2026-08-09 00:57:58
安徽省,淮河流域,李大桥闸,2026-08-09 00:00,5,31.07,8.53,2.97,1404.91,8.289,6.91,0.055,0.04,0.6017,,,2026-08-09 00:57:58
安徽省,淮河流域,天长化工厂,2026-08-09 00:00,4,31.45,7.33,3.93,392.7097,58.09,7.84,0.17,0.108,1.6599,,,2026-08-09 00:57:58
安徽省,淮河流域,公路桥,2026-08-09 00:00,4,32.66,7.48,5.59,447.6837,39.3038,6.51,0.142,0.115,0.882,,,2026-08-09 00:57:58
安徽省,淮河流域,小柳巷,2026-08-09 00:00,3,30.28,7.28,5.34,412.55,44.518,3.11,0.009,0.126,1.701,,,2026-08-09 00:57:58
安徽省,长江流域,水口,2026-08-09 00:00,4,31.91,7.8,5.25,545.1067,77.5008,7.12,0.153,0.23,1.5304,,,2026-08-09 00:57:58
安徽省,长江流域,乌衣下,2026-08-09 00:00,4,33.19,8.67,12.99,606.5045,30.0786,9.45,0.074,0.084,1.745,,,2026-08-09 00:57:58
安徽省,长江流域,襄河大桥,2026-08-09 00:00,5,32.42,7.22,2.6,643.6088,58.3745,6.4,0.272,0.123,0.786,,,2026-08-09 00:57:58
安徽省,淮河流域,张大桥,2026-08-09 00:00,3,33.51,8.19,6.66,1063.77,37.71,5,0.15,0.072,1.5764,,,2026-08-09 00:57:58
安徽省,淮河流域,王家坝,2026-08-09 00:00,3,32.206,7.72,6.14,308.7,31.33,4.37,0.201,0.118,2.258,,,2026-08-09 00:57:58
安徽省,淮河流域,界首七渡口,2026-08-09 00:00,3,31.21,7.48,5.71,654.3,21.58,3.29,0.641,0.121,2.556,,,2026-08-09 00:57:58
安徽省,淮河流域,奎河苏皖省界,2026-08-09 00:00,4,32.42,7.52,9.04,1090.4,33.4,6.47,0.035,0.134,3.798,,,2026-08-09 00:57:58
安徽省,淮河流域,芦岭桥,2026-08-09 00:00,3,32.6,8.23,6.52,1217.382,8.36,4.54,0.032,0.056,0.6881,,,2026-08-09 00:57:58
安徽省,淮河流域,利辛段,2026-08-09 00:00,4,32.82,7.92,4.5,758.01,7.55,5.29,0.046,0.058,0.734,,,2026-08-09 00:57:58
安徽省,长江流域,泾南交界,2026-08-09 00:00,2,27.1,7.41,7.31,108.7135,16.7416,1.66,0.01,0.024,0.9261,,,2026-08-09 00:57:58
安徽省,长江流域,汪溪,2026-08-09 00:00,2,24.19,7.34,7.98,127.8887,21.9263,1.5,0.043,0.038,1.249,,,2026-08-09 00:57:58
安徽省,长江流域,狮子口,2026-08-09 00:00,4,30.85,8.34,8,1120.393,142.295,6.81,0.193,0.168,2.8165,,,2026-08-09 00:57:58
福建省,浙闽片河流,永春东关桥,2026-08-09 00:00,4,28.8,6.45,4.72,115.6433,25.07564,1.11,0.147,0.106,2.877,,,2026-08-09 00:57:58
福建省,浙闽片河流,建阳坪州大桥,2026-08-09 00:00,2,30.94,7.44,7.92,121.71,6.426,1.93,0.008,0.037,1.231,,,2026-08-09 00:57:58
福建省,浙闽片河流,八都,2026-08-09 00:00,2,25.48,7.14,6.79,41.355,8.548,1.72,0.01,0.037,0.908,,,2026-08-09 00:57:58
福建省,浙闽片河流,福安白塔,2026-08-09 00:00,2,29.772,8.14,6.61,56.88,8.96,1.57,0.033,0.074,1.22,,,2026-08-09 00:57:58
江西省,长江流域,滁槎,2026-08-09 00:00,4,31.35,6.39,3.62,186.27,7.97,2.39,0.022,0.098,1.805,,,2026-08-09 00:57:58
江西省,长江流域,炭埠周家,2026-08-09 00:00,2,32,6.94,6.63,151.35,4.15,1.95,0.01,0.04,1.367,,,2026-08-09 00:57:58
江西省,长江流域,康山,2026-08-09 00:00,5,30.54,6.7,6.26,145.15,66.18,4.52,0.235,0.126,1.443,0.0138,602000,2026-08-09 00:57:58
江西省,长江流域,瑞洪大桥,2026-08-09 00:00,5,33.78,6.79,2.76,151.26,30.48,1.95,0.002,0.049,1.315,,,2026-08-09 00:57:58
山东省,黄河流域,泺口,2026-08-09 00:00,2,29.44,8.01,9.25,1019.46,1459.32,1.94,0.121,0.061,2.829,,,2026-08-09 00:57:58
山东省,淮河流域,台儿庄大桥,2026-08-09 00:00,3,30.93,7.9,5.02,1323.23,4.29,4.39,0.073,0.028,0.86,,,2026-08-09 00:57:58
山东省,淮河流域,群乐桥,2026-08-09 00:00,5,26.75,7.59,2.2,1424.16,11.64,4.03,0.022,0.095,3.807,,,2026-08-09 00:57:58
山东省,淮河流域,十字河大桥,2026-08-09 00:00,3,32.447,8.11,6.62,1267.97,4.131,4.61,0.005,0.016,0.559,,,2026-08-09 00:57:58
山东省,淮河流域,贾庄闸,2026-08-09 00:00,3,32.67,7.44,7.24,1091.14,8.735,3.91,0.011,0.107,4.102,,,2026-08-09 00:57:58
山东省,淮河流域,兖州南大桥,2026-08-09 00:00,4,31.208,7.59,4.1,923.932,15.79,4.56,0.04,0.08,1.3369,,,2026-08-09 00:57:58
山东省,淮河流域,105公路桥,2026-08-09 00:00,6,32.741,7.56,1.05,1865.34,38.137,6.17,1.065,0.278,3.585,,,2026-08-09 00:57:58
山东省,淮河流域,高河桥,2026-08-09 00:00,6,32.604,7.76,1.65,1550.99,67.979,6.64,0.137,0.167,3.565,,,2026-08-09 00:57:58
山东省,淮河流域,老运河微山段,2026-08-09 00:00,3,32.635,8.07,6.74,1458.09,21.494,5.84,0.028,0.058,1.483,,,2026-08-09 00:57:58
山东省,淮河流域,尹沟,2026-08-09 00:00,3,31.94,8.04,7.43,692.03,37.16,5.36,0.133,0.053,1.805,0.04,,2026-08-09 00:57:58
山东省,淮河流域,西支河入湖口,2026-08-09 00:00,4,33.178,7.93,4.45,1354.33,17.561,6.46,0.067,0.049,2.354,,,2026-08-09 00:57:58
山东省,淮河流域,鲁桥,2026-08-09 00:00,3,33.13,8.04,9.89,1766.91,29.754,5.6,0.01,0.097,1.992,,,2026-08-09 00:57:58
山东省,淮河流域,牛庄闸,2026-08-09 00:00,2,32.513,8.26,6.67,986.729,21.621,3.54,0.016,0.011,4.46,,,2026-08-09 00:57:58
山东省,淮河流域,湘子庙,2026-08-09 00:00,6,32.01,7.82,0.83,1296.45,49.314,6.06,0.751,0.321,4.07312,,,2026-08-09 00:57:58
山东省,黄河流域,戴村坝,2026-08-09 00:00,2,32.51,7.41,6.68,774.17,2.32,2.88,0.11,0.025,2.938,,,2026-08-09 00:57:58
山东省,淮河流域,夏庄,2026-08-09 00:00,6,27.41,9.2,6.02,856.8,17.3,10.81,0.009,0.376,2.30525,,,2026-08-09 00:57:58
山东省,淮河流域,临沂北大桥,2026-08-09 00:00,3,29.8,8.51,9.32,473.6,26.29,5.87,0.12,0.144,5.348,,,2026-08-09 00:57:58
山东省,淮河流域,捷庄,2026-08-09 00:00,3,32.38,8.08,8.39,578.017,18.515,5.1,0.1,0.165,1.297,,,2026-08-09 00:57:58
山东省,淮河流域,临沭大兴桥,2026-08-09 00:00,3,30.723,7.56,7.38,445.313,13.312,5.35,0.055,0.122,1.435,,,2026-08-09 00:57:58
山东省,淮河流域,310公路桥,2026-08-09 00:00,6,30.63,7.35,1.25,1058.57,2.41,3.16,0.045,0.139,1.184,,,2026-08-09 00:57:58
山东省,淮河流域,沙沟桥,2026-08-09 00:00,4,27.11,7.48,4.47,745.94,12.52,4.59,0.105,0.15,4.165,,,2026-08-09 00:57:58
山东省,淮河流域,云蒙湖湖心,2026-08-09 00:00,3,23.95,8.65,11.24,400.2,7.2,4.34,,0.027,3.567,0.01818,3586890,2026-08-09 00:57:58
山东省,海河流域,油坊桥,2026-08-09 00:00,3,30.969,8.27,6.9,922.263,95.328,1.6,0.12,0.104,3.661,,,2026-08-09 00:57:58
山东省,海河流域,秤勾湾,2026-08-09 00:00,3,30.37,7.98,5.95,996.28,56.78,2.21,0.672,0.114,5.7436,,,2026-08-09 00:57:58
山东省,淮河流域,于楼,2026-08-09 00:00,3,29.76,8.07,11.17,1672.51,45.614,5.49,,0.096,1.672,,,2026-08-09 00:57:58
山东省,淮河流域,徐寨,2026-08-09 00:00,4,30.892,8.5,9.56,1384.16,58.429,9.12,0.015,0.256,2.198,,,2026-08-09 00:57:58
河南省,黄河流域,七里铺,2026-08-09 00:00,5,24.5939,7.92,8.01,444.425,139.134,3.74,0.198,0.337,2.903,,,2026-08-09 00:57:58
河南省,淮河流域,尖岗水库,2026-08-09 00:00,2,29.5,8.84,9.02,260.5293,1.6245,2.5,0.003,0.011,0.3149,,,2026-08-09 00:57:58
河南省,淮河流域,新郑黄甫寨,2026-08-09 00:00,3,30.35,7.56,6.72,608.37,29.66,4.3,0.426,0.081,2.5903,,,2026-08-09 00:57:58
河南省,黄河流域,高崖寨,2026-08-09 00:00,3,23.57,7.99,7.26,402.25,299.93,4.77,0.381,0.143,0.458,,,2026-08-09 00:57:58
河南省,黄河流域,白马寺,2026-08-09 00:00,4,23.58,7.82,8.19,416,389.9,5.21,0.172,0.207,2.318,,,2026-08-09 00:57:58
河南省,海河流域,彰武水库,2026-08-09 00:00,1,29.264,8.13,9.38,573.5,4.48,0.72,0.008,0.019,3.6632,,,2026-08-09 00:57:58
河南省,海河流域,五陵,2026-08-09 00:00,5,29.49,7.66,3.47,1201.5,106.1,3.51,0.289,0.31,7.075,,,2026-08-09 00:57:58
河南省,海河流域,石辛庄,2026-08-09 00:00,4,30.3,7.96,14.49,1163.349,21.346,6.3,0.051,0.108,8.5984,,,2026-08-09 00:57:58
河南省,海河流域,黄花营,2026-08-09 00:00,1,29.37,8.28,10.59,447.3009,2.5627,0.16,,0.012,5.5778,,,2026-08-09 00:57:58
河南省,海河流域,卫河小河口,2026-08-09 00:00,4,28.43,7.93,6.38,1396.773,133.37,5.25,0.697,0.263,9.5394,,,2026-08-09 00:57:58
河南省,海河流域,修武水文站,2026-08-09 00:00,3,29.03,7.96,7.75,1802.649,51.18,4.07,0.39,0.171,6.7211,,,2026-08-09 00:57:58
河南省,海河流域,新乡贾太湖,2026-08-09 00:00,2,29.01,7.99,7.79,882.236,155.553,2.81,0.053,0.048,2.954,,,2026-08-09 00:57:58
河南省,黄河流域,武陟渠首,2026-08-09 00:00,3,26.62,8.02,7.33,695.23,105.39,1.75,0.068,0.156,3.907,,,2026-08-09 00:57:58
河南省,海河流域,南乐水文站,2026-08-09 00:00,4,30.76,7.86,3.91,677.2217,37.22,6.49,0.399,0.192,2.8253,,,2026-08-09 00:57:58
河南省,海河流域,濮阳西水坡,2026-08-09 00:00,3,30.9,8.51,5.2,905.89,5.99,2.23,,0.016,0.894,,,2026-08-09 00:57:58
河南省,淮河流域,召陵武湾,2026-08-09 00:00,2,27.28,7.84,6.99,637.3,14.46,2.52,0.09,0.054,1.963,,,2026-08-09 00:57:58
河南省,淮河流域,郾城漯邓桥,2026-08-09 00:00,4,30.1,7.75,5,1557.7,19.43,3.13,0.024,0.212,3.338,,,2026-08-09 00:57:58
河南省,淮河流域,临颍高村桥,2026-08-09 00:00,4,30.31,7.51,5.5,984.67,21.54,4.58,0.431,0.208,7.519,,,2026-08-09 00:57:58
河南省,长江流域,五龙泉,2026-08-09 00:00,2,28.77,8.45,7.23,262.29,3.7,2.2,0.016,0.013,0.827,0.0017,711387.4,2026-08-09 00:57:58
河南省,淮河流域,潢川水文站,2026-08-09 00:00,3,30.4257,6.94,5.28,265.087,24.4812,3.06,0.026,0.105,0.5246,,,2026-08-09 00:57:58
河南省,淮河流域,竹竿铺,2026-08-09 00:00,4,29.27,7.43,3.36,166.91,12.58,2.63,0.021,0.064,0.827,,,2026-08-09 00:57:58
河南省,淮河流域,周口康店,2026-08-09 00:00,3,32.45,7.56,5.57,744.783,17.54,3.26,0.103,0.101,2.071,,,2026-08-09 00:57:58
河南省,淮河流域,商水双桥,2026-08-09 00:00,3,31.93,7.69,5.05,626.6783,9.1055,2.83,0.009,0.043,1.483,,,2026-08-09 00:57:58
河南省,淮河流域,鄢陵陶城闸,2026-08-09 00:00,4,30.3,7.74,4.46,933.3,28.9,4.28,0.502,0.21,5.0376,,,2026-08-09 00:57:58
河南省,淮河流域,板桥水库,2026-08-09 00:00,4,27.91,8.41,4.89,284.3544,3.53,3.76,0.013,0.015,0.295,,,2026-08-09 00:57:58
湖北省,长江流域,滠口,2026-08-09 00:00,3,32.57,7.88,6.98,229.4562,42.18,5.18,0.106,0.107,1.0357,,,2026-08-09 00:57:58
湖北省,长江流域,大冶湖闸,2026-08-09 00:00,3,34.66,8.55,8.94,301.86,23.54,4.66,0.087,0.062,0.706,,,2026-08-09 00:57:58
湖北省,长江流域,天河口,2026-08-09 00:00,3,30.55,8.18,6.39,373.67,24.72,2.49,0.361,0.102,1.421,,,2026-08-09 00:57:58
湖北省,长江流域,孙家湾,2026-08-09 00:00,3,32.17,8.93,10.65,221.09,12.5,4.24,0.011,0.058,1.114,,,2026-08-09 00:57:58
湖北省,长江流域,浪河口,2026-08-09 00:00,3,31.63,8.87,9.92,163.0848,13.38,4.4,0.052,0.051,1.376,,,2026-08-09 00:57:58
湖北省,长江流域,陈家坡,2026-08-09 00:00,3,28.97,8.32,8.84,286.66,40.75,1.82,0.792,0.051,1.5562,,,2026-08-09 00:57:58
湖北省,长江流域,剑河口,2026-08-09 00:00,2,31.51,8.66,11.2,211.31,0.32,1.76,0.01,0.022,0.635,,,2026-08-09 00:57:58
湖北省,长江流域,东湾桥,2026-08-09 00:00,3,28.45,8.07,7.38,391.3161,20.43,5.95,0.088,0.107,3.1173,,,2026-08-09 00:57:58
湖北省,长江流域,王河电站,2026-08-09 00:00,2,29.36,8.2,7.25,388.8668,10.6,1.59,0.016,0.015,0.94,,,2026-08-09 00:57:58
湖北省,长江流域,清江大桥,2026-08-09 00:00,2,22.14,7.85,8.76,318.932,54.114,2.12,0.009,0.076,3.839,,,2026-08-09 00:57:58
湖北省,长江流域,南津关,2026-08-09 00:00,2,27.32,7.93,6.9,496.1,12.39503,1.23,0.018,0.043,1.6513,0.0208853,,2026-08-09 00:57:58
湖北省,长江流域,马渡河,2026-08-09 00:00,2,22.2,7.52,6.96,386.17,9.36,2.1,0.002,0.053,2.961,,,2026-08-09 00:57:58
湖北省,长江流域,铁路大桥,2026-08-09 00:00,2,25.31,7.99,7.62,464,31.4,2.3,,0.099,2.565,,,2026-08-09 00:57:58
湖北省,长江流域,两河口,2026-08-09 00:00,3,30.06,8.05,8,493.5551,43.9356,5.17,0.048,0.134,2.6666,,,2026-08-09 00:57:58
湖北省,长江流域,桅杆坪,2026-08-09 00:00,2,18.48,7.48,6.69,281.26,3.36,1.26,,0.032,2.831,,,2026-08-09 00:57:58
湖北省,长江流域,云池,2026-08-09 00:00,2,26.57,7.89,6.93,393.95,19.69,1.26,,0.043,1.964,,,2026-08-09 00:57:58
湖北省,长江流域,张湾,2026-08-09 00:00,4,30.01,7.18,4.44,377.4131,53.37,5.06,0.177,0.157,5.305,,,2026-08-09 00:57:58
湖北省,长江流域,余家湖,2026-08-09 00:00,2,28.12,7.83,6.48,355.1216,15.78,2.48,0.042,0.04,1.534,,,2026-08-09 00:57:58
湖北省,长江流域,聂家滩,2026-08-09 00:00,2,30.05,8.2,7.86,307.2387,24.84,2.45,,0.069,0.947,,,2026-08-09 00:57:58
湖北省,长江流域,汤店,2026-08-09 00:00,4,31.34,7.01,4.13,605.8474,5.35,5.5,0.019,0.041,1.033,,,2026-08-09 00:57:58
湖北省,长江流域,朱市,2026-08-09 00:00,2,30.62,7.94,7.23,493.8743,24,3.33,0.048,,1.106,,,2026-08-09 00:57:58
湖北省,长江流域,茶庵,2026-08-09 00:00,2,29.11,8.03,6.98,305.7903,26,1.66,0.047,0.028,0.637,,,2026-08-09 00:57:58
湖北省,长江流域,马兰河口,2026-08-09 00:00,3,29.14,7.9,6.74,324.7,13.51,4.94,0.151,0.077,2.729,,,2026-08-09 00:57:58
湖北省,长江流域,燕矶,2026-08-09 00:00,2,29.74,7.71,6.93,334.88,39.57,1.39,0.102,0.058,1.948,,,2026-08-09 00:57:58
湖北省,长江流域,京山河邓李港,2026-08-09 00:00,3,33.37,7.75,7.94,463.7758,10.1435,3.56,0.005,0.132,2.522,,,2026-08-09 00:57:58
湖北省,长江流域,马良龚家湾,2026-08-09 00:00,4,32.839,7.74,5.34,2121.22,59.3881,6.75,0.704,0.209,4.8829,,,2026-08-09 00:57:58
湖北省,长江流域,应城公路桥,2026-08-09 00:00,2,32.67,7.99,7.75,507.57,22.07,2.63,0.009,0.034,0.4828,,,2026-08-09 00:57:58
湖北省,长江流域,小河,2026-08-09 00:00,2,31.93,8.24,7.04,380.72,91.92,3.47,0.006,0.076,2.27,,,2026-08-09 00:57:58
湖北省,长江流域,大悟河口,2026-08-09 00:00,3,32.62,7.6,5.42,237.2,11.99,3.12,0.004,0.117,0.339,,,2026-08-09 00:57:58
湖北省,长江流域,洪湖湖心,2026-08-09 00:00,4,31.4,7.97,6.03,294.133,281.718,4.54,0.138,0.076,1.231,0.0013,193394,2026-08-09 00:57:58
湖北省,长江流域,观音寺,2026-08-09 00:00,2,27.55,7.88,7.09,407.27,31.67,1.29,,0.054,2.537,,,2026-08-09 00:57:58
湖北省,长江流域,荆州河口,2026-08-09 00:00,3,31.31,7.97,9.32,586.0787,40.5719,4.83,,0.095,2.8401,,,2026-08-09 00:57:58
湖北省,长江流域,杨家垱,2026-08-09 00:00,3,28,7.8,7.41,357.78,40.09,1.42,0.009,0.196,2.347,,,2026-08-09 00:57:58
湖北省,长江流域,富水水库,2026-08-09 00:00,2,32.59,,10.7,209.8053,12.13,2.9,0.009,0.013,0.632,0.01,1.8992,2026-08-09 00:57:58
湖北省,长江流域,窑嘴大桥,2026-08-09 00:00,2,32.68,7.64,7.23,365.2913,15.81,1.98,,0.057,2.292,,,2026-08-09 00:57:58
湖北省,长江流域,厉山,2026-08-09 00:00,4,30.86,7.68,4.68,359.0268,29.66,5.51,0.109,0.06,0.8475,,,2026-08-09 00:57:58
湖北省,长江流域,涢水大桥,2026-08-09 00:00,3,32.59,7.79,7.38,405.3958,10.25,4.01,0.03,0.059,0.4098,,,2026-08-09 00:57:58
湖北省,长江流域,江口村,2026-08-09 00:00,1,27.8,8.69,10.61,188.77,5.03,1.05,,0.011,1.363,,,2026-08-09 00:57:58
湖北省,长江流域,雪照河,2026-08-09 00:00,3,19.85,8.37,9.71,295.64,67.642,2.37,0.116,0.102,3.714,,,2026-08-09 00:57:58
湖北省,长江流域,周家坝,2026-08-09 00:00,2,20.87,8.07,9.48,178.85,130.45,1.44,,0.049,2.733,,,2026-08-09 00:57:58
湖北省,长江流域,积玉口荷花村,2026-08-09 00:00,3,31.14,7.93,6.85,338.3519,41.6454,4.26,,0.114,0.876,,,2026-08-09 00:57:58
湖北省,长江流域,潜江大桥,2026-08-09 00:00,2,30.32,8.51,8.58,313.3948,26,2.97,0.065,0.09,1.229,,,2026-08-09 00:57:58
湖北省,长江流域,岳口,2026-08-09 00:00,3,29.5,8.35,7.06,328.1,38.92,2.8,0.062,0.118,1.302,,,2026-08-09 00:57:58
湖北省,长江流域,拖市,2026-08-09 00:00,4,30.62,7.33,3.76,544.9,28.223,4.87,0.091,0.12,1.4923,,,2026-08-09 00:57:58
湖南省,长江流域,昭山,2026-08-09 00:00,2,31.1,7.42,6.22,225.5,13.2,1.67,,0.053,1.451,,,2026-08-09 00:57:58
湖南省,长江流域,捞刀河口,2026-08-09 00:00,4,32.48,6.87,3.81,225.3,17.3412,1.86,0.113,0.073,1.711,,,2026-08-09 00:57:58
湖南省,长江流域,桔子洲,2026-08-09 00:00,2,31.5,7.88,6.51,262.2915,10.24,1.02,0.027,0.062,1.434,,,2026-08-09 00:57:58
湖南省,长江流域,西阳渡口,2026-08-09 00:00,1,30.58,8.42,13.34,243.45,5.549,1.96,,0.01,1.17,,,2026-08-09 00:57:58
湖南省,长江流域,熬洲,2026-08-09 00:00,2,28.89,7.46,6.48,204.0852,3.0194,1.75,0.014,0.054,1.23,,,2026-08-09 00:57:58
湖南省,长江流域,城北水厂,2026-08-09 00:00,2,30.83,8.29,7.76,216.83,6.01,1.34,0.018,0.063,1.0819,,,2026-08-09 00:57:58
湖南省,长江流域,塘渡口,2026-08-09 00:00,2,29.81,7.75,6.67,134.9328,3.1178,0.92,,0.02,0.996,,,2026-08-09 00:57:58
湖南省,长江流域,渡头村,2026-08-09 00:00,2,29.33,7.7,6.18,216.479,7.2116,1.76,0.057,0.063,1.574,,,2026-08-09 00:57:58
湖南省,长江流域,绥宁河口镇,2026-08-09 00:00,2,26.0268,7.35,7.58,69.49,4.924,0.85,0.009,0.021,0.4321,,,2026-08-09 00:57:58
湖南省,长江流域,荆江口,2026-08-09 00:00,2,30.09,7.66,6.42,378.1894,82.5626,2.03,0.124,0.099,3.2688,,,2026-08-09 00:57:58
湖南省,长江流域,六门闸,2026-08-09 00:00,3,30.81,7.53,5.38,442.2084,13.37,2.27,0.016,0.099,1.43,,,2026-08-09 00:57:58
湖南省,长江流域,八仙桥,2026-08-09 00:00,3,31.81,7.18,5.87,191.5624,11.1147,3.38,0.07,0.058,0.81,,,2026-08-09 00:57:58
湖南省,长江流域,坡头,2026-08-09 00:00,2,30.24,8.07,7.52,153.3964,14.4094,1.18,,0.037,1.4121,0.0008781,,2026-08-09 00:57:58
湖南省,长江流域,蒋家嘴,2026-08-09 00:00,3,28.86,7.53,6.25,175.6724,14.58,1.11,0.026,0.027,1.1549,0.00212,1.7457,2026-08-09 00:57:58
湖南省,长江流域,永定澄潭,2026-08-09 00:00,3,24,7.76,8.74,196.83,52.52,0.51,0.005,0.157,0.766,,,2026-08-09 00:57:58
湖南省,长江流域,坪口,2026-08-09 00:00,2,29.83,8.63,10.57,217.4,20.112,1.86,,0.024,1.377,,,2026-08-09 00:57:58
湖南省,长江流域,头山,2026-08-09 00:00,2,29.44,8.5,8.58,119.9,7.24,0.54,,0.012,0.6079,0.0026,4031000,2026-08-09 00:57:58
湖南省,长江流域,渡口大桥,2026-08-09 00:00,3,31.41,7.15,5.64,163.89,17.8,3.34,0.028,0.076,1.374,,,2026-08-09 00:57:58
湖南省,长江流域,铜信溪电站,2026-08-09 00:00,2,25.73,7.94,8.11,207.36,16.31,1.13,0.073,0.026,1.231,,,2026-08-09 00:57:58
湖南省,长江流域,地阳坪公路大桥,2026-08-09 00:00,2,27.83,6.98,7.03,90.5314,7.4966,1.8,0.037,0.063,0.809,,,2026-08-09 00:57:58
湖南省,长江流域,托口渠水,2026-08-09 00:00,2,29.8,8.14,7.01,71.5,2.939,1.61,0.007,0.021,0.623,,,2026-08-09 00:57:58
湖南省,长江流域,舞水入河口,2026-08-09 00:00,3,29.51,7.8,5.01,310,2.487,1.52,0.034,0.063,1.596,,,2026-08-09 00:57:58
湖南省,长江流域,球溪,2026-08-09 00:00,2,30.841,7.76,6.68,224.03,1.938,1.68,0.02,0.044,1.487,,,2026-08-09 00:57:58
湖南省,长江流域,街埠头,2026-08-09 00:00,3,32.79,8.11,11.96,363.268,4.8047,4.13,0.022,0.032,1.712,,,2026-08-09 00:57:58
湖南省,长江流域,浦市上游,2026-08-09 00:00,2,29.74,7.78,7.43,201.8,6.07,0.96,,0.049,1.101,,,2026-08-09 00:57:58
湖南省,长江流域,江口,2026-08-09 00:00,2,26.82,7.8,7.22,249.3756,9.7394,1.21,,0.023,1.116,,,2026-08-09 00:57:58
湖南省,长江流域,武水汇合口,2026-08-09 00:00,2,29.48,7.59,6.71,188.421,5.2998,0.92,0.012,0.03,0.996,,,2026-08-09 00:57:58
广东省,珠江流域,鸡啼门大桥,2026-08-09 00:00,2,29.94,7.75,6.79,277.2,19.99,1.52,0.009,0.072,2.378,,,2026-08-09 00:57:58
广东省,珠江流域,苍山渡口,2026-08-09 00:00,4,30.35,7.27,4.47,304.553,15.732,2.55,0.019,0.121,2.029,,,2026-08-09 00:57:58
广东省,珠江流域,黄坡,2026-08-09 00:00,3,32.68,7.1,5.91,146.43,21.58,4.27,,0.115,2.159,,,2026-08-09 00:57:58
广东省,珠江流域,排里,2026-08-09 00:00,4,31.65,6.91,6.62,146.4,21.79,6.98,0.057,0.203,2.753,,,2026-08-09 00:57:58
广东省,珠江流域,营仔,2026-08-09 00:00,4,30.56,6.83,4.97,159.47,16.43,5.87,0.401,0.15,2.808,,,2026-08-09 00:57:58
广东省,珠江流域,黄竹尾水闸,2026-08-09 00:00,4,30.19,6.86,3.97,121.31,41.49,4.61,0.141,0.203,3.004,,,2026-08-09 00:57:58
广东省,珠江流域,公庄河口,2026-08-09 00:00,3,30,7.02,6.9,135.5,45.5,2.55,0.034,0.102,1.66,,,2026-08-09 00:57:58
广东省,珠江流域,沙田泗盛,2026-08-09 00:00,4,29.46,6.41,3.64,191.96,28.93,3.32,0.088,0.071,1.735,,,2026-08-09 00:57:58
广东省,珠江流域,石龙南河,2026-08-09 00:00,2,28.09,6.78,6.62,111.145,28.407,1.42,0.004,0.055,1.354,,,2026-08-09 00:57:58
广东省,珠江流域,古封,2026-08-09 00:00,2,28.23,7.85,7.22,267.56,27.2,1.22,0.022,0.038,2.368,,,2026-08-09 00:57:58
广西壮族自治区,珠江流域,六景,2026-08-09 00:00,2,29.68,7.82,6.54,315.12,16.3,1.55,,0.036,2.234,,,2026-08-09 00:57:58
广西壮族自治区,珠江流域,阳朔,2026-08-09 00:00,2,29.18,7.99,7.61,234.599,3.15,1.45,0.004,0.052,1.7143,,,2026-08-09 00:57:58
广西壮族自治区,珠江流域,三滩,2026-08-09 00:00,-1,,,,,,,,,,,,2026-08-09 00:57:58
广西壮族自治区,珠江流域,隘屯,2026-08-09 00:00,2,25.42101,8.01,8.85,357.3256,21.32644,0.62,0.027,0.027,1.697633,,,2026-08-09 00:57:58
海南省,珠江流域,龙塘,2026-08-09 00:00,3,29.7,6.89,5.28,113.3,28.1,3.98,0.152,0.198,1.824,,,2026-08-09 00:57:58
海南省,珠江流域,后黎村,2026-08-09 00:00,4,29.6,6.7,3.54,95.5,26.8,3.53,0.007,0.141,1.613,,,2026-08-09 00:57:58
海南省,珠江流域,林家村,2026-08-09 00:00,2,28.24,7.24,7.97,116.83,46.65,2.73,0.024,0.034,2.651,,,2026-08-09 00:57:58
海南省,珠江流域,崖城大桥,2026-08-09 00:00,2,27.8,6.66,6.94,122.24,75.8,2.53,0.011,0.083,4.272,,,2026-08-09 00:57:58
海南省,珠江流域,藤桥河大桥,2026-08-09 00:00,3,28.8,7.27,7.5,734.61,28.7,3.99,0.018,0.125,1.767,,,2026-08-09 00:57:58
海南省,珠江流域,松涛水库南丰库心,2026-08-09 00:00,2,30.16349,7.53,6.7,75.55577,0.6856933,0.96,0.002,0.004,0.1653548,0.01402551,1477840,2026-08-09 00:57:58
海南省,珠江流域,汀洲,2026-08-09 00:00,3,29.13,6.5,5.69,119.52,29.63,4.11,0.14,0.193,1.198,,,2026-08-09 00:57:58
海南省,珠江流域,龙江,2026-08-09 00:00,2,28.81,7.19,7.12,77.11,12.32,3.05,0.019,0.068,0.854,,,2026-08-09 00:57:58
海南省,珠江流域,水涯新区,2026-08-09 00:00,4,29.8,6.47,3.88,121,49.5,4.83,0.084,0.146,1.779,,,2026-08-09 00:57:58
海南省,珠江流域,大广坝水库出口,2026-08-09 00:00,4,28.484,7.24,3.48,93.706,1.993,1.95,,0.016,0.741,0.004867,2798650,2026-08-09 00:57:58
海南省,珠江流域,乐中,2026-08-09 00:00,2,26.4,7.17,7.14,88.9,48.3,2.61,,0.056,0.841,,,2026-08-09 00:57:58
重庆市,长江流域,向家,2026-08-09 00:00,3,24.81,7.6,8.69,154.489,104.039,5.16,,0.107,2.004,,,2026-08-09 00:57:58
重庆市,长江流域,清溪场,2026-08-09 00:00,2,26.88,7.81,7.27,417.915,52.0883,2.02,,0.075,2.424,,,2026-08-09 00:57:58
重庆市,长江流域,木瓜洞,2026-08-09 00:00,3,29.3,7.9,6.09,430.4235,100.1252,4.52,0.024,0.117,1.881,,,2026-08-09 00:57:58
重庆市,长江流域,寸滩,2026-08-09 00:00,2,26.15,7.8,7.48,428.108,47.238,1.51,0.054,0.063,2.121,,,2026-08-09 00:57:58
重庆市,长江流域,和尚山,2026-08-09 00:00,2,25.73,7.89,6.9,418.95,64.59,1.51,0.183,0.081,2.097,,,2026-08-09 00:57:58
重庆市,长江流域,北温泉,2026-08-09 00:00,2,27.7133,7.76,7.97,313.125,106.314,2.59,0.046,0.068,1.84,,,2026-08-09 00:57:58
重庆市,长江流域,寨溪大桥,2026-08-09 00:00,2,28.23,7.89,7.33,994.711,29.9186,2.48,0.042,0.052,2.443,,,2026-08-09 00:57:58
重庆市,长江流域,石门坎,2026-08-09 00:00,1,25.11,8.25,8.18,414.47,71.76,0.87,0.021,0.013,1.54,,,2026-08-09 00:57:58
重庆市,长江流域,玉滩水库,2026-08-09 00:00,3,27.43,7.87,7.86,393.6049,13.10125,5.39,0.012,0.016,0.61565,0.03952786,8220248,2026-08-09 00:57:58
重庆市,长江流域,御临镇,2026-08-09 00:00,3,29.98,7.96,6.75,287.075,27.54,4.25,,0.079,1.942,,,2026-08-09 00:57:58
重庆市,长江流域,黎家乡崔家岩村,2026-08-09 00:00,3,29.43,8.95,20.17,285.18,9.44,5.42,,0.056,1.092,,,2026-08-09 00:57:58
重庆市,长江流域,运输桥,2026-08-09 00:00,4,26.37,7.55,4.05,349.0219,19.4485,4.97,0.031,0.071,1.898,,,2026-08-09 00:57:58
重庆市,长江流域,支坪街道,2026-08-09 00:00,-1,,,,,,,,,,,,2026-08-09 00:57:58
重庆市,长江流域,江津大桥,2026-08-09 00:00,2,25,8.03,7.44,457.45,39.3,1.22,,0.064,2.191,,,2026-08-09 00:57:58
重庆市,长江流域,朱杨溪,2026-08-09 00:00,3,30.96,7.85,6.61,807.5,22.86,5.24,0.011,0.119,2.789,,,2026-08-09 00:57:58
重庆市,长江流域,白杨溪,2026-08-09 00:00,2,30.26,7.96,7.32,113.27,5.92,3.18,,0.022,1.001,,,2026-08-09 00:57:58
重庆市,长江流域,官渡,2026-08-09 00:00,3,28.64,7.4,6.65,312.3189,154.83,3.78,,0.113,2.266,,,2026-08-09 00:57:58
重庆市,长江流域,临渡,2026-08-09 00:00,3,29.61,7.54,5.62,487.1,27.255,3.83,,0.071,1.507,,,2026-08-09 00:57:58
重庆市,长江流域,黄桷,2026-08-09 00:00,3,26.64,7.64,5.56,555.883,11.544,2.38,0.035,0.08,2.827,,,2026-08-09 00:57:58
重庆市,长江流域,四明水厂,2026-08-09 00:00,3,29.17,8.01,7.99,356.4,35.5,5.39,,0.081,1.123,,,2026-08-09 00:57:58
重庆市,长江流域,金狮桥,2026-08-09 00:00,1,20.98,8.15,8.48,219.216,4.963,1.03,0.042,0.008,0.834,,,2026-08-09 00:57:58
重庆市,长江流域,璧南河两河口,2026-08-09 00:00,4,29.82,8.21,8.12,814.187,13.96,6.77,,0.11,2.291,,,2026-08-09 00:57:58
重庆市,长江流域,玉溪,2026-08-09 00:00,3,26.01,7.48,6.46,425.3114,55.094,3.8,0.056,0.136,3.731,,,2026-08-09 00:57:58
重庆市,长江流域,高洞电站,2026-08-09 00:00,4,30.73,7.48,4.05,513.025,17.548,5.32,0.055,0.049,1.805,,,2026-08-09 00:57:58
重庆市,长江流域,鸭江镇,2026-08-09 00:00,2,27.33,7.87,8.1,550.36,7.167,1.54,0.027,0.038,2.34,,,2026-08-09 00:57:58
重庆市,长江流域,江口镇,2026-08-09 00:00,2,24.658,8,6.8,301.82,8.665,0.63,0.014,0.016,1.671,,,2026-08-09 00:57:58
重庆市,长江流域,土堡寨,2026-08-09 00:00,3,17.99,8.34,9.84,223.882,424.576,5.17,,0.174,1.513,,,2026-08-09 00:57:58
重庆市,长江流域,水寨子,2026-08-09 00:00,2,20.21,7.86,7.6,239.754,23.597,1.1,0.018,0.021,0.393,,,2026-08-09 00:57:58
重庆市,长江流域,卫星桥,2026-08-09 00:00,4,25.64,8.27,9.09,310.9039,126.1306,8.48,,0.131,1.544,,,2026-08-09 00:57:58
重庆市,长江流域,高洞梁,2026-08-09 00:00,3,26.73,7.97,7.49,333.159,81.667,4.34,,0.086,1.705,,,2026-08-09 00:57:58
重庆市,长江流域,清水湖渡口,2026-08-09 00:00,6,28.65,9.05,17.13,177.119,6.096,1.05,0.019,0.026,0.9576,,,2026-08-09 00:57:58
重庆市,长江流域,小江河口,2026-08-09 00:00,4,29.04,7.76,4.39,445.92,8.33,3.3,0.017,0.052,1.05,,,2026-08-09 00:57:58
重庆市,长江流域,汤溪河江口,2026-08-09 00:00,2,18.94,8.06,9.88,249.103,64.088,1.34,,0.028,1.22,,,2026-08-09 00:57:58
重庆市,长江流域,白帝城,2026-08-09 00:00,2,27.41,7.94,6.51,374.818,34.112,1.34,0.002,0.047,1.294,,,2026-08-09 00:57:58
重庆市,长江流域,培石,2026-08-09 00:00,2,26.868,7.94,6.85,403.8825,27.1783,1.16,0.166,0.038,1.4617,,,2026-08-09 00:57:58
重庆市,长江流域,花台,2026-08-09 00:00,2,23.98,8.16,7.63,332.1276,18.1193,0.46,,0.022,1.144,,,2026-08-09 00:57:58
重庆市,长江流域,化杠,2026-08-09 00:00,2,20.63,7.68,8,108.48,30.06,2.05,0.037,0.062,1.6695,,,2026-08-09 00:57:58
重庆市,长江流域,万木,2026-08-09 00:00,2,24.45,7.8,6.74,400.98,3.4,0.75,0.006,0.037,3.197,,,2026-08-09 00:57:58
重庆市,长江流域,红花村,2026-08-09 00:00,2,22.462,7.91,10.08,232.533,112.541,1.74,,0.049,1.405,,,2026-08-09 00:57:58
重庆市,长江流域,南洞沟,2026-08-09 00:00,1,26.11,8.36,8.56,283.86,13.937,1.08,0.004,0.019,0.588,,,2026-08-09 00:57:58
重庆市,长江流域,郁江桥,2026-08-09 00:00,2,23.86,7.88,7.99,236.616,48.346,1.42,,0.037,1.683,,,2026-08-09 00:57:58
四川省,长江流域,廖家堰,2026-08-09 00:00,3,27.428,8.36,7.64,,,4.86,0.037,0.122,4.429,,,2026-08-09 00:57:58
四川省,长江流域,脚仙村,2026-08-09 00:00,3,28.18,7.65,7.08,447.6,61.9,4.3,0.043,0.161,7.387,,,2026-08-09 00:57:58
四川省,长江流域,醒觉溪,2026-08-09 00:00,2,27.42,8.06,6.78,414,8.85,1.51,0.04,0.042,4.248,,,2026-08-09 00:57:58
四川省,长江流域,象山,2026-08-09 00:00,3,29.19,7.79,5.97,485.17,13.2,5.12,0.023,0.126,7.036,,,2026-08-09 00:57:58
四川省,长江流域,三川,2026-08-09 00:00,3,26.23,8.16,6.89,605.6,33.54,1.17,,0.116,2.581,,,2026-08-09 00:57:58
四川省,长江流域,西平镇,2026-08-09 00:00,2,28.03,8.06,6.7,531.33,28.51,2.19,,0.085,3.105,,,2026-08-09 00:57:58
四川省,长江流域,大安,2026-08-09 00:00,4,29.84,7.62,7.14,485.614,11.1,5.55,0.2,0.24,2.0235,,,2026-08-09 00:57:58
四川省,长江流域,梓江大桥,2026-08-09 00:00,3,28.06,7.83,5.99,345.2,22.5,4.45,,0.111,4.727,,,2026-08-09 00:57:58
四川省,长江流域,球溪河口,2026-08-09 00:00,4,29.08,7.79,6.98,565.25,28.3,6.46,0.025,0.209,14.381,,,2026-08-09 00:57:58
四川省,长江流域,龟都府,2026-08-09 00:00,2,21.84,8.11,8.46,212.6412,27.59258,0.42,0.008,0.037,2.535403,,,2026-08-09 00:57:58
四川省,长江流域,越溪河两河口,2026-08-09 00:00,4,29.35,7.38,4.06,538.9,16.4,5.45,0.055,0.107,4.097,,,2026-08-09 00:57:58
四川省,长江流域,月波,2026-08-09 00:00,2,22.87,7.47,7.44,275.1,22.9,2.08,0.05,0.058,2.396,,,2026-08-09 00:57:58
四川省,长江流域,凉姜沟,2026-08-09 00:00,2,24.48,7.97,7.74,279.8023,43.23922,2,0.002,0.075,3.307538,,,2026-08-09 00:57:58
四川省,长江流域,洛亥,2026-08-09 00:00,2,21.97,8.15,7.98,337.8562,4.042707,1.4,0.004,0.076,3.239,,,2026-08-09 00:57:58
四川省,长江流域,金子,2026-08-09 00:00,2,26.1,7.83,9.21,280.91,60.73,2.94,0.092,0.085,2.8129,,,2026-08-09 00:57:58
四川省,长江流域,联盟桥,2026-08-09 00:00,3,27.32,7.38,6.87,220.33,48.8,4.48,,0.095,1.3889,,,2026-08-09 00:57:58
四川省,长江流域,手傍岩,2026-08-09 00:00,2,24.44,7.91,7.69,254.8,117.2,3.76,,0.081,1.459,,,2026-08-09 00:57:58
四川省,长江流域,幸福村,2026-08-09 00:00,3,28.04,7.82,7.48,423.1,15.8,2.73,0.032,0.136,4.498,,,2026-08-09 00:57:58
四川省,长江流域,拱城铺渡口,2026-08-09 00:00,3,28.52,7.79,7.28,447.05,18.71,2.06,,0.122,3.658,,,2026-08-09 00:57:58
四川省,长江流域,昔街大桥,2026-08-09 00:00,2,21.35,7.74,7.48,192.6,162.61,1.64,0.091,0.085,1.499,,,2026-08-09 00:57:58
贵州省,长江流域,麦穰,2026-08-09 00:00,4,24.45,7.95,5.68,632.21,4.5,3.01,0.124,0.254,4.984,,,2026-08-09 00:57:58
贵州省,珠江流域,青岩,2026-08-09 00:00,3,23.76,8.01,5.41,524.5419,5.7622,2.7,,0.08,3.8872,,,2026-08-09 00:57:58
贵州省,珠江流域,发耳,2026-08-09 00:00,3,22.41,8.14,7.4,336.098,43.996,1.28,,0.105,3.838,,,2026-08-09 00:57:58
贵州省,长江流域,鱼塘大桥,2026-08-09 00:00,2,25.51,8,7.32,325.74,1.807,0.76,,0.01,1.538,,,2026-08-09 00:57:58
贵州省,长江流域,沿江渡,2026-08-09 00:00,2,29.89,8.88,10.18,297.11,7.08,3.83,0.007,0.024,2.131,,,2026-08-09 00:57:58
贵州省,长江流域,鲤鱼塘,2026-08-09 00:00,2,26.11,7.74,6.45,468.24,2.759,1.48,,0.061,3.445,,,2026-08-09 00:57:58
贵州省,长江流域,坡渡,2026-08-09 00:00,2,23.1,7.99,6.65,276.84,24.34,1.06,0.015,0.012,0.956,,,2026-08-09 00:57:58
贵州省,珠江流域,黄果树,2026-08-09 00:00,1,23.1104,8.25,9.57,555.5,23.11,0.9,,0.02,3.826,,,2026-08-09 00:57:58
贵州省,长江流域,斯拉河大桥,2026-08-09 00:00,2,25.25,8.57,10.64,387.74,27.97,1.21,,0.021,4.81,,,2026-08-09 00:57:58
贵州省,珠江流域,打邦,2026-08-09 00:00,2,29.74,8.36,11.69,355.9,13.692,2.42,0.029,0.03,2.895,,,2026-08-09 00:57:58
贵州省,长江流域,下干溪,2026-08-09 00:00,2,23.6,7.83,7.33,281.99,30.43,1.05,0.165,0.036,2.678,,,2026-08-09 00:57:58
贵州省,珠江流域,坝草,2026-08-09 00:00,1,27.6328,8.33,9.91,389.54,4.8248,1.28,0.008,0.01,3.1728,,,2026-08-09 00:57:58
贵州省,珠江流域,万峰湖,2026-08-09 00:00,6,27.43,8.2,11.16,311.17,14.26,0.72,2.245,,2.239,,,2026-08-09 00:57:58
贵州省,珠江流域,蔗香北,2026-08-09 00:00,1,28.77,8.04,9.97,276.0673,3.722,1.01,,0.008,1.9495,,,2026-08-09 00:57:58
贵州省,珠江流域,黄泥河,2026-08-09 00:00,2,19.232,8.1,7.73,397.8405,30.4325,1.03,,0.045,4.1848,,,2026-08-09 00:57:58
贵州省,珠江流域,赵家渡,2026-08-09 00:00,2,22.1,8.08,7.98,399.501,23.79,0.67,0.05,0.032,4.86,,,2026-08-09 00:57:58
贵州省,珠江流域,坡脚,2026-08-09 00:00,2,24.55,8.09,7.76,412.3694,21.0596,0.82,0.0002,0.026,4.6127,,,2026-08-09 00:57:58
贵州省,珠江流域,蔗香南,2026-08-09 00:00,1,30.36,8.45,8.77,284.2,9.53,1.35,0.007,0.012,2.4459,,,2026-08-09 00:57:58
贵州省,长江流域,金紫,2026-08-09 00:00,2,25.8,7.66,6.44,177.9178,4.98,2.13,0.007,0.034,1.371,,,2026-08-09 00:57:58
贵州省,长江流域,平敏大桥,2026-08-09 00:00,2,27.68,7.43,7.13,114.49,20.12,1.25,,0.028,0.599,,,2026-08-09 00:57:58
贵州省,长江流域,旁海,2026-08-09 00:00,2,26.18,8.63,6.86,413.26,25.27,1.3,,0.038,1.958,,,2026-08-09 00:57:58
贵州省,珠江流域,榕江,2026-08-09 00:00,2,26.85,7.49,7.93,97.15,61.53,1.22,,0.041,1.404,,,2026-08-09 00:57:58
贵州省,长江流域,甘溪高碑,2026-08-09 00:00,2,28.55,8.56,9.7,264.2,22.81,1.86,,0.033,0.443,,,2026-08-09 00:57:58
贵州省,长江流域,跳鱼洞,2026-08-09 00:00,3,24.36,7.84,5.15,331.32,11.95,2.52,0.179,0.117,2.277,,,2026-08-09 00:57:58
贵州省,珠江流域,甲茶,2026-08-09 00:00,2,23.798,7.74,6.34,329.393,0.9007,0.79,0.006,0.008,1.0513,,,2026-08-09 00:57:58
云南省,长江流域,通仙桥,2026-08-09 00:00,6,20.53,7.68,5.79,495.107,58.226,2.63,0.203,0.45,5.383,,,2026-08-09 00:57:58
云南省,长江流域,普渡河桥,2026-08-09 00:00,3,21.74,8.09,7.5,451.1232,134.2786,4.77,0.041,0.155,2.8236,,,2026-08-09 00:57:58
云南省,珠江流域,禄丰村,2026-08-09 00:00,4,22.86,8.07,7.35,454.916,145.8917,3.8,0.011,0.224,5.204,,,2026-08-09 00:57:58
云南省,滇池流域,回龙村,2026-08-09 00:00,3,21.87,7.73,5.23,575.4412,23.0045,2.67,0.022,0.072,4.4128,,,2026-08-09 00:57:58
云南省,滇池流域,船房五社桥头,2026-08-09 00:00,2,22.47,7.35,7.18,560.7999,5.0439,3.98,0.073,0.067,6.9067,,,2026-08-09 00:57:58
云南省,滇池流域,王大桥,2026-08-09 00:00,5,20.86,6.9,3.65,584.8075,21.4338,3.24,0.091,0.334,8.7613,,,2026-08-09 00:57:58
云南省,滇池流域,大观河入湖口,2026-08-09 00:00,2,20.13,7.7,6.02,415.3849,12.3408,1.59,0.169,0.063,3.7536,,,2026-08-09 00:57:58
云南省,滇池流域,大渔乡土罗村入湖口,2026-08-09 00:00,4,21.72,7.57,4.55,379.8163,36.9688,2.9,0.02,0.088,4.404,,,2026-08-09 00:57:58
云南省,滇池流域,新河村入湖口,2026-08-09 00:00,5,20.05,7.38,2.96,430.05,12.449,2.55,0.387,0.088,4.618,,,2026-08-09 00:57:58
云南省,长江流域,富民大桥,2026-08-09 00:00,5,22.54,7.88,5.22,450.395,63.7914,6.37,0.112,0.386,3.2289,,,2026-08-09 00:57:58
云南省,滇池流域,宝丰村入湖口,2026-08-09 00:00,3,20.68,7.94,5.34,651.17,21.66,2.29,0.246,0.14,4.242,,,2026-08-09 00:57:58
云南省,滇池流域,江尾下闸,2026-08-09 00:00,5,21.72,7.62,4.88,405.8665,62.5056,7.46,0.431,0.32,3.955,,,2026-08-09 00:57:58
云南省,滇池流域,茨巷河入湖口,2026-08-09 00:00,3,21.57,7.64,5.51,360.4594,18.8326,4.84,0.078,0.187,3.271,,,2026-08-09 00:57:58
云南省,滇池流域,东大河滇池入湖口,2026-08-09 00:00,4,21.52,7.28,4.03,268.9915,18.0141,3.42,0.087,0.158,5.372,,,2026-08-09 00:57:58
云南省,滇池流域,观音山中,2026-08-09 00:00,3,22.07,,7.08,332.43,12.594,4.41,0.013,0.048,0.881,0.01151,1.28087,2026-08-09 00:57:58
云南省,滇池流域,晋城小寨,2026-08-09 00:00,4,19.45,7.96,6.59,496.545,180.8022,3.11,0.189,0.208,10.828,,,2026-08-09 00:57:58
云南省,长江流域,牛栏江河口,2026-08-09 00:00,3,20.6,7.8,5.16,496.296,41.722,2.63,0.079,0.184,6.484,,,2026-08-09 00:57:58
云南省,珠江流域,狗街,2026-08-09 00:00,3,23.22,7.75,6.47,507.1896,67.58181,3.41,0.086,0.16,6.996172,,,2026-08-09 00:57:58
云南省,珠江流域,花山水库出水口,2026-08-09 00:00,1,22.76,8.37,7.77,332.332,1.4921,0.75,0.006,0.008,2.7245,,,2026-08-09 00:57:58
云南省,长江流域,以礼河水文站,2026-08-09 00:00,4,18.73,7.63,4.35,366.2957,14.6109,1.39,0.044,0.065,3.4187,,,2026-08-09 00:57:58
云南省,珠江流域,厂房大桥,2026-08-09 00:00,6,23.73,9.18,9.62,276.1187,12.2514,4.65,0.086,0.119,3.7794,,,2026-08-09 00:57:58
云南省,长江流域,牛栏江大桥,2026-08-09 00:00,2,20.54,8,8.26,361.644,81.264,1.95,0.098,0.092,4.218,,,2026-08-09 00:57:58
云南省,西南诸河,红旗桥,2026-08-09 00:00,1,21.18413,8.03,8.18,294.2354,557.4265,0.97,0.004,0.007,0.4764701,,,2026-08-09 00:57:58
云南省,长江流域,云贵桥,2026-08-09 00:00,2,17.14,8.13,8.57,388.04,29.398,2.04,0.03,0.022,3.95,,,2026-08-09 00:57:58
云南省,长江流域,头屯河,2026-08-09 00:00,2,18.01,8.14,7.83,394.585,15.81,0.68,0.017,0.039,5.632,,,2026-08-09 00:57:58
云南省,长江流域,邓家河,2026-08-09 00:00,2,21.93,7.94,7.85,338.106,27.276,0.59,,0.098,3.316,,,2026-08-09 00:57:58
云南省,长江流域,横江桥,2026-08-09 00:00,2,23.3,8.16,8.19,289.15,54.82,0.98,,0.033,3.075,,,2026-08-09 00:57:58
云南省,西南诸河,那发出境,2026-08-09 00:00,2,25.87,7.95,8.01,120.6145,330.42,1.55,,0.095,0.6503,,,2026-08-09 00:57:58
云南省,西南诸河,龙脖渡口,2026-08-09 00:00,2,26.62,7.84,8.09,254.0874,212.559,2.35,0.028,0.086,1.8,,,2026-08-09 00:57:58
云南省,西南诸河,小河底河,2026-08-09 00:00,-1,,,,,,,,,,,,2026-08-09 00:57:58
云南省,珠江流域,长虹桥,2026-08-09 00:00,4,23.35,8.04,7.58,477.2834,504.9697,4.53,,0.262,6.1906,,,2026-08-09 00:57:58
云南省,西南诸河,南利大桥,2026-08-09 00:00,2,26.12,8.16,7.54,289.47,81.14,1.25,,0.039,1.925,,,2026-08-09 00:57:58
云南省,珠江流域,谷拉河大桥,2026-08-09 00:00,1,31.47,8.68,12.26,180.37,2.813,1.41,,0.003,0.445,,,2026-08-09 00:57:58
陕西省,长江流域,黄牛铺,2026-08-09 00:00,2,23.5,7.87,6.77,144.5936,2.4524,3.17,0.001,0.012,1.061,,,2026-08-09 00:57:58
陕西省,黄河流域,魏家堡,2026-08-09 00:00,3,26.23,8.06,6.89,590.3281,166.8924,3.22,0.004,0.106,5.077,,,2026-08-09 00:57:58
陕西省,黄河流域,咸阳铁桥,2026-08-09 00:00,3,28.12,7.88,6.62,463.9204,141.6516,3.65,,0.111,4.9546,,,2026-08-09 00:57:58
陕西省,黄河流域,兴平,2026-08-09 00:00,2,28.5,8.21,6.39,525.7322,262.2277,3.9,0.029,0.092,5.6256,,,2026-08-09 00:57:58
陕西省,黄河流域,泾河桥,2026-08-09 00:00,2,29.23,8.3,7.24,1268.66,21.694,2.4,0.002,0.03,4.4244,,,2026-08-09 00:57:58
陕西省,长江流域,烈金坝,2026-08-09 00:00,2,22.23,7.91,7.27,322.08,16.965,0.49,,0.03,1.0257,,,2026-08-09 00:57:58
陕西省,长江流域,白水江,2026-08-09 00:00,2,25.36,8.16,7.34,312.2963,12.888,1.66,,0.029,1.4162,,,2026-08-09 00:57:58
陕西省,黄河流域,柏树坪,2026-08-09 00:00,4,21.60993,8.53,8.98,,12.14071,3.75,,0.215,7.5371,,,2026-08-09 00:57:58
陕西省,黄河流域,碛塄,2026-08-09 00:00,1,27.3,8.67,8.4,853.263,13.93593,1.69,,0.013,2.0041,,,2026-08-09 00:57:58
陕西省,黄河流域,鱼河,2026-08-09 00:00,3,26.56,8.4,5.88,759.735,518.1907,4.44,0.022,0.161,3.4571,,,2026-08-09 00:57:58
陕西省,长江流域,白河城关,2026-08-09 00:00,6,24.12,7.81,7.48,243.9557,319.79,5.39,0.711,0.589,5.56,0.044001,,2026-08-09 00:57:58
陕西省,长江流域,南江河出陕界,2026-08-09 00:00,-1,,,,,,,,,,,,2026-08-09 00:57:58
陕西省,长江流域,小钢桥,2026-08-09 00:00,3,23.77,7.59,8.3,205.84,48.49,4.55,,0.073,3.583,,,2026-08-09 00:57:58
陕西省,长江流域,瀛湖坝前,2026-08-09 00:00,1,28.96,8.54,10.15,222.1262,11.9763,1.9,0.003,,,0.03763,2828112,2026-08-09 00:57:58
甘肃省,黄河流域,桦林,2026-08-09 00:00,2,22.7,8.08,6.91,992.5,,1.83,,0.051,5.442,,,2026-08-09 00:57:58
甘肃省,黄河流域,葡萄园,2026-08-09 00:00,2,26.45,8.38,7.06,942.552,,3.09,0.047,0.065,5.828,,,2026-08-09 00:57:58
甘肃省,长江流域,两水桥,2026-08-09 00:00,1,22.9,8.3,7.67,426.504,97.43207,1.19,,,1.2201,,,2026-08-09 00:57:58
宁夏回族自治区,黄河流域,叶盛公路桥,2026-08-09 00:00,2,22.04,8.25,7.21,844.8,530.1,1.95,,0.095,2.795,,,2026-08-09 00:57:58
宁夏回族自治区,黄河流域,沙湖,2026-08-09 00:00,4,25.09,8.61,7.85,1522.6,19.61,7.94,0.001,0.031,0.941,0.01248,2.5258,2026-08-09 00:57:58
宁夏回族自治区,黄河流域,沟圈,2026-08-09 00:00,2,23.73,8.44,6.67,1288.544,155.5931,3.04,0.02,0.065,3.1401,,,2026-08-09 00:57:58
宁夏回族自治区,黄河流域,泉眼山,2026-08-09 00:00,5,23.38,7.83,8.03,7509.985,77.52883,5.99,0.849,0.371,9.3441,,,2026-08-09 00:57:58
