省份,流域,断面名称,监测时间,水质类别,水温(℃),pH(无量纲),溶解氧(mg/L),电导率(μS/cm),浊度(NTU),高锰酸盐指数(mg/L),氨氮(mg/L),总磷(mg/L),总氮(mg/L),叶绿素α(mg/L),藻密度(cells/L),抓取时间
北京市,海河流域,新八里桥,2026-08-03 00:00,5,29.05,7.33,2.68,629.003,19.459,3.13,0.086,0.114,6.667,,,2026-08-03 00:25:32
北京市,海河流域,大红门闸上,2026-08-03 00:00,5,25.23,7.32,2.65,1093.1,20.699,2.68,,0.064,7.652,,,2026-08-03 00:25:32
北京市,海河流域,南大荒桥,2026-08-03 00:00,2,28.93,8.32,7.05,839.5,28.81,3.5,0.07,0.045,1.983,,,2026-08-03 00:25:32
北京市,海河流域,清河闸,2026-08-03 00:00,3,23.95,7.56,5.49,647.02,95.596,3.52,0.12,0.058,5.748,,,2026-08-03 00:25:32
北京市,海河流域,花园路,2026-08-03 00:00,6,25.05,7.43,5.14,546.471,56.079,7.8,3.061,0.309,7.141,,,2026-08-03 00:25:32
北京市,海河流域,白石桥,2026-08-03 00:00,2,25.47,7.54,6.86,348.59,3.567,3.97,0.374,0.036,3.76,,,2026-08-03 00:25:32
北京市,海河流域,码头,2026-08-03 00:00,4,29.25,7.26,3.37,607.01,50.429,3.59,0.894,0.12,3.893,,,2026-08-03 00:25:32
北京市,海河流域,罗庄,2026-08-03 00:00,5,32.23,7.51,2.4,1243.972,5.950881,3.71,0.04,0.127,5.5091,,,2026-08-03 00:25:32
北京市,海河流域,小屯桥,2026-08-03 00:00,4,32.01,7.72,4.92,1253.225,13.94294,4.68,0.129,0.246,4.2121,,,2026-08-03 00:25:32
北京市,海河流域,东店,2026-08-03 00:00,3,25.31274,7.67,5.6,643.0475,71.45352,3.55,0.255,0.155,11.69168,,,2026-08-03 00:25:32
北京市,海河流域,密云水库,2026-08-03 00:00,2,29.60169,8.19,9.59,415.9387,2.316912,2.55,0.067,0.007,3.562531,,,2026-08-03 00:25:32
北京市,海河流域,大关桥,2026-08-03 00:00,3,31,8.05,5.9,420.49,58.78,2.82,0.124,0.036,4.3451,,,2026-08-03 00:25:32
北京市,海河流域,谷家营,2026-08-03 00:00,2,30.14,8.09,10.57,538.969,3.517,2.71,0.066,0.029,3.33,,,2026-08-03 00:25:32
天津市,海河流域,北洋桥,2026-08-03 00:00,4,32.47191,7.68,5.45,1118.985,89.70932,5.19,0.251,0.214,1.819498,,,2026-08-03 00:25:32
天津市,海河流域,大红桥,2026-08-03 00:00,6,31.96,7.34,0.07,1369.075,34.69613,4.78,0.491,0.088,2.7371,,,2026-08-03 00:25:32
天津市,海河流域,曹庄子泵站,2026-08-03 00:00,3,31.68,7.75,5.73,263.9,1.79,1.53,0.047,0.006,0.788,,,2026-08-03 00:25:32
天津市,海河流域,生产圈闸,2026-08-03 00:00,6,29.51547,7.41,0.01,1210.273,39.42377,4.91,1.806,0.166,3.215037,,,2026-08-03 00:25:32
天津市,海河流域,北排水河防潮闸,2026-08-03 00:00,6,19.66,8.03,1.42,1859.8,23.2687,4.15,0.024,0.076,0.7658,,,2026-08-03 00:25:32
天津市,海河流域,沧浪渠出境,2026-08-03 00:00,5,31.14,7.92,2.88,4342.8,400.511,6.04,0.326,0.171,3.232,,,2026-08-03 00:25:32
天津市,海河流域,青静黄防潮闸,2026-08-03 00:00,4,31.93055,8.09,7.04,5157.327,21.31907,7.77,0.092,0.104,1.010121,,,2026-08-03 00:25:32
天津市,海河流域,马棚口防潮闸,2026-08-03 00:00,4,30.79,7.74,4.81,2255.2,222.0121,6.27,0.372,0.07,1.912,,,2026-08-03 00:25:32
天津市,海河流域,阎辛庄,2026-08-03 00:00,4,,,,,,4.78,0.036,0.285,5.576746,,,2026-08-03 00:25:32
天津市,海河流域,于桥水库库中心,2026-08-03 00:00,3,30.92,9,13.28,358.32,15.04,5.77,,0.034,3.165,0.05828,,2026-08-03 00:25:32
天津市,海河流域,黎河桥,2026-08-03 00:00,3,28.151,7.67,7.99,691.5,17.35,3.72,0.123,0.169,9.699,,,2026-08-03 00:25:32
河北省,海河流域,地都,2026-08-03 00:00,4,23.2,7.42,5.87,944.027,269.054,3.79,1.464,0.114,5.017,,,2026-08-03 00:25:32
河北省,海河流域,平山桥,2026-08-03 00:00,2,27.95,7.91,6.93,1326.6,19.645,1.69,0.035,0.032,5.443,,,2026-08-03 00:25:32
河北省,海河流域,大石桥,2026-08-03 00:00,3,30.82035,8.03,7.49,1099.743,20.90855,5.55,0.067,0.147,10.29331,,,2026-08-03 00:25:32
河北省,海河流域,涧河口,2026-08-03 00:00,3,32.70178,8.41,10.4,689.4575,36.09064,4.91,0.023,0.066,3.921571,,,2026-08-03 00:25:32
河北省,海河流域,丰北闸,2026-08-03 00:00,4,34.29829,7.99,9.25,677.4366,19.69243,7.38,,0.084,3.827382,,,2026-08-03 00:25:32
河北省,海河流域,新开河口,2026-08-03 00:00,3,35.133,7.01,5.72,46177.45,4.069613,2.13,0.08,0.025,1.161068,,,2026-08-03 00:25:32
河北省,海河流域,刘家庄,2026-08-03 00:00,5,23.73,8.37,7.33,494.2588,440.27,5.94,0.414,0.365,,,,2026-08-03 00:25:32
河北省,海河流域,四道甸,2026-08-03 00:00,3,26.74,8.44,7.4,441.581,59.6431,5.45,0.001,0.083,7.9801,,,2026-08-03 00:25:32
河北省,辽河流域,甸子,2026-08-03 00:00,2,24.05,7.68,6.22,337.73,49.78,3.5,0.005,0.093,4.591,,,2026-08-03 00:25:32
河北省,海河流域,何老营,2026-08-03 00:00,4,29.62323,8.06,4.04,3913.688,26.28696,7,,0.2,1.562721,,,2026-08-03 00:25:32
河北省,海河流域,台头,2026-08-03 00:00,3,32.09754,7.44,5.14,1113.459,11.7798,3.6,0.054,0.052,0.3871,,,2026-08-03 00:25:32
河北省,海河流域,南张村,2026-08-03 00:00,2,32.02,8.37,8.36,313.36,10.07,2.13,0.051,0.012,0.7959,,,2026-08-03 00:25:32
河北省,海河流域,烧车淀,2026-08-03 00:00,2,32.12,8.35,13.08,536.35,2.57,2.38,0.017,,2.356,0.00136,6442844,2026-08-03 00:25:32
河北省,海河流域,圈头,2026-08-03 00:00,3,32.35,8.63,8.88,652.57,1.3725,4.87,0.016,0.01,0.303,0.00301,1.154987,2026-08-03 00:25:32
河北省,海河流域,采蒲台,2026-08-03 00:00,2,31.16581,7.94,11.12,732.2313,0.318908,2.9,0.056,0.021,0.988787,0.002087,628539.8,2026-08-03 00:25:32
河北省,海河流域,光淀张庄,2026-08-03 00:00,3,32.59,7.71,6.11,522.92,4.97,3.1,,0.027,1.599,0.00429,6685364,2026-08-03 00:25:32
山西省,黄河流域,韩武村,2026-08-03 00:00,6,28.12,7.37,1.68,969.65,55.32,6.99,1.054,0.269,6.679,,,2026-08-03 00:25:32
山西省,黄河流域,汾河水库出口,2026-08-03 00:00,2,26.48,8.32,7.45,734.499,3.189956,1.86,0.008,0.003,1.3991,0.0104961,298435,2026-08-03 00:25:32
山西省,海河流域,古家坡,2026-08-03 00:00,4,26.28,8.71,4.97,948.686,52.99881,8.34,0.001,0.199,2.0911,,,2026-08-03 00:25:32
山西省,黄河流域,龙头,2026-08-03 00:00,3,24.74,8.11,6.55,570.03,126.16,4.48,,0.056,3.329,,,2026-08-03 00:25:32
山西省,黄河流域,拴驴泉,2026-08-03 00:00,1,25.49,8.21,8.46,731.2258,18.4612,1.39,,0.016,4.0352,,,2026-08-03 00:25:32
山西省,海河流域,东榆林水库出口,2026-08-03 00:00,3,27.25,8.05,5.07,667.328,17.81877,3.76,0.091,0.086,1.9321,,,2026-08-03 00:25:32
山西省,黄河流域,张留庄,2026-08-03 00:00,6,26.37,7.95,2.42,5257.055,121.032,5.64,4.805,0.262,12.334,,,2026-08-03 00:25:32
山西省,黄河流域,上亳城,2026-08-03 00:00,4,26.05,7.96,6.6,867.794,45.212,1.99,0.048,0.299,5.6963,,,2026-08-03 00:25:32
山西省,海河流域,梵王寺,2026-08-03 00:00,4,19.71,7.77,7.57,592.039,4241.822,8.94,,0.169,1.0051,,,2026-08-03 00:25:32
山西省,海河流域,代县桥,2026-08-03 00:00,2,22.94,7.9,6.67,653.929,1877.945,1.31,0.011,0.051,5.2031,,,2026-08-03 00:25:32
山西省,黄河流域,河西村,2026-08-03 00:00,5,22.39,8.03,6.36,429.7,,4.64,0.023,0.304,7.41,,,2026-08-03 00:25:32
山西省,黄河流域,黑城村,2026-08-03 00:00,3,23,8.12,8.25,609.3839,3148.42,4.16,0.075,0.084,3.094,,,2026-08-03 00:25:32
内蒙古自治区,松花江流域,根河口内,2026-08-03 00:00,5,21.49,6.67,6.07,83.54,46.95,11.87,,0.06,0.472,,,2026-08-03 00:25:32
内蒙古自治区,松花江流域,嵯岗,2026-08-03 00:00,5,27.23,7.4,5.41,196.915,20.824,10.72,,0.133,0.614,,,2026-08-03 00:25:32
内蒙古自治区,松花江流域,成吉思汗,2026-08-03 00:00,2,21.32,7.11,8.37,129.17,24.08,3.74,,0.037,1.065,,,2026-08-03 00:25:32
内蒙古自治区,松花江流域,察尔森水库西入口,2026-08-03 00:00,3,26.69,7.53,7.13,163.79,28.73,4.01,0.036,0.029,1.588,0.01452,1535030,2026-08-03 00:25:32
辽宁省,辽河流域,于台,2026-08-03 00:00,4,23.35,6.92,4.77,834.261,1.469,3.72,0.035,0.068,6.155,,,2026-08-03 00:25:32
辽宁省,辽河流域,巨流河大桥,2026-08-03 00:00,4,27.74,7.87,6.93,515.7,263.2,7.9,,0.198,3.931,,,2026-08-03 00:25:32
辽宁省,辽河流域,登化,2026-08-03 00:00,4,31.8942,8.05,10.85,601.326,48.0639,9.3,0.081,0.236,2.364,,,2026-08-03 00:25:32
辽宁省,辽河流域,张家堡,2026-08-03 00:00,2,29.95,8.18,7.82,669.63,20.905,3.93,,0.052,5.324,,,2026-08-03 00:25:32
辽宁省,辽河流域,鲜峰桥,2026-08-03 00:00,4,30.88,8.15,25.16,632.683,62.334,8.1,0.101,0.119,7.606,,,2026-08-03 00:25:32
辽宁省,辽河流域,通江口,2026-08-03 00:00,4,30.43,8.42,10.91,690.69,124.8,8.91,,0.235,4.711,,,2026-08-03 00:25:32
辽宁省,辽河流域,松树水文站,2026-08-03 00:00,2,28.16,7.81,6.69,416.8,37.62,3.24,,0.053,9.015,,,2026-08-03 00:25:32
辽宁省,辽河流域,大凌河西支入河口,2026-08-03 00:00,3,23.66,7.95,6.83,919.13,40.342,5.27,,0.072,19.746,,,2026-08-03 00:25:32
吉林省,松花江流域,周家河口,2026-08-03 00:00,3,19.29,7.56,6.88,477.54,123.75,5.85,0.027,0.135,2.568,,,2026-08-03 00:25:32
吉林省,辽河流域,六家子,2026-08-03 00:00,6,25.34,7.5,4.85,675.2,209.5,8.86,0.346,0.414,9.5576,,,2026-08-03 00:25:32
吉林省,辽河流域,林家,2026-08-03 00:00,4,27.44,7.9,9.44,924.2907,50.2794,9.91,,0.184,6.165,,,2026-08-03 00:25:32
吉林省,辽河流域,河清,2026-08-03 00:00,3,21.88,7.64,5.02,550.7,95.5,5.19,0.011,0.119,5.198,,,2026-08-03 00:25:32
吉林省,松花江流域,月亮湖下,2026-08-03 00:00,4,28.81,7.43,4.95,151.15,52.88,6.75,0.015,0.12,1.226,,,2026-08-03 00:25:32
黑龙江省,松花江流域,查哈阳乡,2026-08-03 00:00,4,20.9,7.42,8.3,92.8,151.5,8.84,0.004,0.091,0.925,,,2026-08-03 00:25:32
黑龙江省,松花江流域,音河水库,2026-08-03 00:00,4,24.53,7.21,5.51,196.77,289.74,8.55,,0.183,2.019,,,2026-08-03 00:25:32
黑龙江省,松花江流域,江桥,2026-08-03 00:00,4,25.8,7.52,6.76,156.57,172.792,6.78,,0.116,4.423,,,2026-08-03 00:25:32
黑龙江省,松花江流域,富源村,2026-08-03 00:00,4,24.52,7.33,5.86,105.97,27.91,8.49,0.004,0.074,0.834,,,2026-08-03 00:25:32
黑龙江省,松花江流域,嫩江口内,2026-08-03 00:00,4,28.77,7.38,6.09,158.998,90.346,6.06,,0.113,1.737,,,2026-08-03 00:25:32
黑龙江省,松花江流域,嘉荫,2026-08-03 00:00,5,22.39,7.09,8.88,99.111,42.849,12.31,0.045,0.059,0.739,,,2026-08-03 00:25:32
黑龙江省,松花江流域,黑河下,2026-08-03 00:00,6,21.17,7.39,7.18,104.1904,54.7965,15.37,,0.063,0.5218,,,2026-08-03 00:25:32
黑龙江省,松花江流域,加格达奇上,2026-08-03 00:00,5,15.35,6.59,7.91,50.084,63.3725,13.34,,0.061,0.899,,,2026-08-03 00:25:32
上海市,长江流域,富锦路桥,2026-08-03 00:00,4,33.3,7.5,3.43,472,66.8,3.51,0.063,0.156,2.289,,,2026-08-03 00:25:32
上海市,太湖流域,闵行西界,2026-08-03 00:00,5,32.75,7.29,2.22,507.26,39.59,3.64,,0.129,2.2,,,2026-08-03 00:25:32
上海市,太湖流域,吴淞口,2026-08-03 00:00,5,32.225,7.37,2.1,534.94,60.578,3.49,0.078,0.144,2.59,,,2026-08-03 00:25:32
上海市,太湖流域,蕴川路桥,2026-08-03 00:00,4,31.7,7.59,4.1,416.16,61.83,2.98,,0.119,1.912,,,2026-08-03 00:25:32
上海市,太湖流域,三甲港,2026-08-03 00:00,3,32.35,7.74,5.62,370.2,56.16,2.33,0.114,0.092,1.523,,,2026-08-03 00:25:32
上海市,太湖流域,急水港桥,2026-08-03 00:00,4,32.53,7.42,3.86,563.3,11,3.52,,0.098,1.596,0.0084,4558464,2026-08-03 00:25:32
江苏省,太湖流域,锡东水厂,2026-08-03 00:00,3,33.1,8.51,6.39,456.48,30.84,2.45,0.009,0.032,0.572,0.00428,3081390,2026-08-03 00:25:32
江苏省,太湖流域,兰山嘴,2026-08-03 00:00,4,33.09,,8.68,341.21,59.53,5.65,0.002,0.085,0.712,0.0078,1.196877,2026-08-03 00:25:32
江苏省,太湖流域,大浦港桥,2026-08-03 00:00,3,34.15,7.65,5.88,420.5,61.2,4.78,,0.128,1.256,,,2026-08-03 00:25:32
江苏省,太湖流域,拖山,2026-08-03 00:00,4,33.85,8.99,8.34,418.36,33.15,5.07,,0.06,0.826,0.01731,2.398985,2026-08-03 00:25:32
江苏省,太湖流域,五里湖心,2026-08-03 00:00,4,33.47,8.91,8.71,458.66,22.39116,5.19,,0.071,0.561,0.01008,2.883949,2026-08-03 00:25:32
江苏省,太湖流域,大港桥,2026-08-03 00:00,2,32.1,7.85,7.96,147.9,1.89,2.7,0.023,0.026,0.772,,,2026-08-03 00:25:32
江苏省,长江流域,小湾,2026-08-03 00:00,3,30.59,7.76,5.28,258.64,25.09,1.52,,0.061,1.519,,,2026-08-03 00:25:32
江苏省,长江流域,魏村,2026-08-03 00:00,3,30.84,7.62,5.29,263.57,27.06,1.61,,0.062,1.493,,,2026-08-03 00:25:32
江苏省,太湖流域,姚巷桥,2026-08-03 00:00,2,34.28,8.19,8.11,405.13,15.57,3.95,0.129,0.073,1.996,,,2026-08-03 00:25:32
江苏省,太湖流域,胥湖心,2026-08-03 00:00,2,33.27,,8.76,357.43,9.24,2.09,,0.011,0.178,0.0006,245674.5,2026-08-03 00:25:32
江苏省,太湖流域,乌龟山南,2026-08-03 00:00,2,33.12,8.44,6.86,417.1,5.019,2.24,,0.018,0.362,0.00279,2647271,2026-08-03 00:25:32
江苏省,太湖流域,千灯浦口,2026-08-03 00:00,5,31.95,7.19,2.58,652.871,46.46,5.27,0.075,0.148,1.581,,,2026-08-03 00:25:32
江苏省,太湖流域,朱厍港口,2026-08-03 00:00,4,31.1,7.12,3.01,598.3,9.3,3.8,0.017,0.083,0.701,,,2026-08-03 00:25:32
江苏省,太湖流域,浏河闸,2026-08-03 00:00,5,32.11,7.61,2.3,407.118,119.572,2.98,,0.096,1.3718,,,2026-08-03 00:25:32
江苏省,太湖流域,航管站,2026-08-03 00:00,2,34.39,8.41,6.02,448.08,14.69,2.26,,0.017,0.573,,,2026-08-03 00:25:32
江苏省,太湖流域,赵屯,2026-08-03 00:00,4,31.81,7.51,3.63,789.028,42.575,3.9,0.052,0.154,2.7432,,,2026-08-03 00:25:32
江苏省,淮河流域,总渠苏嘴,2026-08-03 00:00,4,29.9,7.69,4.31,483.66,81.51,3.77,0.138,0.093,1.753,,,2026-08-03 00:25:32
江苏省,太湖流域,吕城,2026-08-03 00:00,3,31.76,7.68,5.22,275.2,35.59,2.41,,0.103,1.611,,,2026-08-03 00:25:32
浙江省,浙闽片河流,清林渡,2026-08-03 00:00,4,33.193,7.64,5.74,353.164,36.846,6.93,0.071,0.126,2.752,,,2026-08-03 00:25:32
浙江省,浙闽片河流,梁桥,2026-08-03 00:00,2,30.97,7.1,6.55,116.87,1.47,1.57,0.006,0.051,1.768,,,2026-08-03 00:25:32
浙江省,浙闽片河流,小旦,2026-08-03 00:00,1,28.52529,7.53,15.81,100.2332,560.4085,,,,,,,2026-08-03 00:25:32
浙江省,浙闽片河流,蒲岐,2026-08-03 00:00,2,31.26,7.26,6.09,608.9,38.37,2.46,0.057,0.078,1.36987,,,2026-08-03 00:25:32
浙江省,浙闽片河流,沙头,2026-08-03 00:00,2,32.43,7.25,7.06,49.83,1.582,1.12,0.042,0.012,0.7452,,,2026-08-03 00:25:32
浙江省,太湖流域,杨家浦,2026-08-03 00:00,3,34.07037,8.55,6.73,435.8724,41.77485,3.86,0.012,0.101,0.634578,,,2026-08-03 00:25:32
浙江省,浙闽片河流,曹娥江大闸闸前,2026-08-03 00:00,6,30.978,9.28,6.81,354.631,17.853,4.34,0.026,0.079,1.513,,,2026-08-03 00:25:32
浙江省,浙闽片河流,塔下洲,2026-08-03 00:00,4,33.14,8.94,12.02,493.227,10.093,6.7,0.026,0.14,2.7176,,,2026-08-03 00:25:32
浙江省,浙闽片河流,费垅,2026-08-03 00:00,3,32.55,8.27,9.34,432.595,16.035,4.18,0.226,0.132,2.6976,,,2026-08-03 00:25:32
浙江省,浙闽片河流,南江桥,2026-08-03 00:00,3,32.59,8.15,5.21,576.139,3.082,5.1,0.012,0.116,2.0512,,,2026-08-03 00:25:32
浙江省,浙闽片河流,横山,2026-08-03 00:00,2,31.78,7.65,8.19,215.549,3.752,1.75,0.018,0.031,1.3214,,,2026-08-03 00:25:32
浙江省,浙闽片河流,章店,2026-08-03 00:00,6,32.4,9.18,6.56,359.726,11.315,9.98,0.025,0.236,2.5684,,,2026-08-03 00:25:32
浙江省,浙闽片河流,金清新闸,2026-08-03 00:00,3,31.09,7.56,5.9,2298.425,44.17,4.99,0.12,0.198,2.2071,,,2026-08-03 00:25:32
浙江省,浙闽片河流,里石门水库,2026-08-03 00:00,2,31.75,,11.46,79.945,2.565,3.25,0.006,0.013,0.4633,0.00878,1058766,2026-08-03 00:25:32
浙江省,浙闽片河流,永宁江口,2026-08-03 00:00,3,30.72,7.44,5.63,126.125,29.278,2.59,0.183,0.109,1.05,,,2026-08-03 00:25:32
浙江省,浙闽片河流,沙段,2026-08-03 00:00,2,32.08,7.3,6.69,132.394,2.29,2.52,0.038,0.044,1.2633,,,2026-08-03 00:25:32
浙江省,浙闽片河流,沙湾上,2026-08-03 00:00,2,24.79,7.29,8.03,33.599,5.746,1.42,0.161,0.014,0.3424,,,2026-08-03 00:25:32
浙江省,浙闽片河流,小溪口,2026-08-03 00:00,6,31.08,9.1,9.92,99.222,5.323,1.92,,0.026,1.1532,,,2026-08-03 00:25:32
安徽省,巢湖流域,兆河入湖口渡口,2026-08-03 00:00,6,32.4,9.04,11.52,351.508,20.5701,6.11,,0.043,0.7697,,,2026-08-03 00:25:32
安徽省,巢湖流域,牛角大圩,2026-08-03 00:00,4,31.32,7.53,4.75,466.733,36.6668,4.8,,0.099,1.912,,,2026-08-03 00:25:32
安徽省,巢湖流域,希望桥,2026-08-03 00:00,3,32.7,8.17,10.22,544,14.8,4.23,0.106,0.107,5.022,,,2026-08-03 00:25:32
安徽省,巢湖流域,湖滨,2026-08-03 00:00,5,32.68,,14.2,370.06,39.95,6.73,,0.103,1.082,0.01128,2.612146,2026-08-03 00:25:32
安徽省,巢湖流域,黄麓,2026-08-03 00:00,4,32.27,,10.26,312.08,20.909,6.66,,0.058,0.428,0.00855,6963115,2026-08-03 00:25:32
安徽省,巢湖流域,靠近大坝,2026-08-03 00:00,2,32.08,,8.34,172.2,129.76,2.81,,0.023,0.518,0.01319,4638559,2026-08-03 00:25:32
安徽省,巢湖流域,新河入湖区,2026-08-03 00:00,4,31.31,,7.83,232.34,66.98,6.5,,0.054,1.115,0.00957,5.116892,2026-08-03 00:25:32
安徽省,巢湖流域,西半湖湖心,2026-08-03 00:00,4,31.97,,9.76,373.95,24.66,6.06,,0.095,0.48,0.01101,1.299312,2026-08-03 00:25:32
安徽省,巢湖流域,龟山,2026-08-03 00:00,4,33.19,,11.17,356.38,31.55,5.42,,0.054,0.382,0.00623,2.40547,2026-08-03 00:25:32
安徽省,巢湖流域,东半湖湖心,2026-08-03 00:00,4,32.413,,8.84,348.354,14.494,7.04,,0.044,0.621,0.00469,2.006843,2026-08-03 00:25:32
安徽省,巢湖流域,忠庙,2026-08-03 00:00,4,31.37,,10.94,299.06,28.71,7.67,,0.064,0.695,0.03885,5.466358,2026-08-03 00:25:32
安徽省,巢湖流域,兆河入湖区,2026-08-03 00:00,4,31.52,,9.83,349.11,43.8,6.26,,0.033,0.44,0.00412,1.114059,2026-08-03 00:25:32
安徽省,淮河流域,焦岗湖,2026-08-03 00:00,3,33.09,8.53,7.55,617.24,22.66,5.99,0.006,0.032,0.365,0.00924,8945551,2026-08-03 00:25:32
安徽省,淮河流域,小王桥,2026-08-03 00:00,2,32.59,7.69,7.53,1579.58,9.14,3.57,0.01,0.05,1.385,,,2026-08-03 00:25:32
安徽省,长江流域,太平湖湖心,2026-08-03 00:00,2,32.14,,12.37,102.96,6.49,3.02,0.002,0.016,0.407,0.01277,1.097396,2026-08-03 00:25:32
安徽省,长江流域,南漪湖西湖湖心,2026-08-03 00:00,4,34.57,,12.46,202.91,12.91,6.75,,0.062,0.738,0.00893,9386002,2026-08-03 00:25:32
福建省,浙闽片河流,永泰横龙,2026-08-03 00:00,6,29.656,9.29,10.03,42.862,4.853,1.87,0.019,0.046,0.294,,,2026-08-03 00:25:32
福建省,浙闽片河流,闽清雄江,2026-08-03 00:00,2,31.29,8.8,7.58,101.674,2.99,2.14,0.019,0.017,1.06,,,2026-08-03 00:25:32
福建省,浙闽片河流,隘头潭,2026-08-03 00:00,3,28.64,6.39,5.23,201.198,2.564,1.44,0.058,0.066,0.5098,,,2026-08-03 00:25:32
福建省,浙闽片河流,尤溪拥口大桥,2026-08-03 00:00,3,29.12,7.06,6.04,121.589,20.164,2.59,0.247,0.103,1.89,,,2026-08-03 00:25:32
福建省,浙闽片河流,南安康美桥,2026-08-03 00:00,3,27.66,7.01,6.67,124.794,10.716,2.02,0.132,0.112,2.1912,,,2026-08-03 00:25:32
福建省,浙闽片河流,安溪罗内桥,2026-08-03 00:00,2,27.902,7.05,6.38,85.28,27.43,0.56,0.231,0.097,3.333,,,2026-08-03 00:25:32
福建省,浙闽片河流,南安霞东桥,2026-08-03 00:00,3,28.86,6.8,5.34,99.584,39.493,0.89,0.178,0.119,2.249,,,2026-08-03 00:25:32
福建省,浙闽片河流,华安西陂,2026-08-03 00:00,4,26.40521,7.04,3.96,199.9881,13.19509,2.26,0.129,0.093,1.804,,,2026-08-03 00:25:32
福建省,浙闽片河流,南靖靖城桥,2026-08-03 00:00,2,28.03,6.35,6.26,150.4,23.98,1.59,0.192,0.091,8.312,,,2026-08-03 00:25:32
福建省,浙闽片河流,诏安澳子头,2026-08-03 00:00,3,29.14,6.97,8.62,96.676,3.396,3.42,0.194,0.169,1.4661,,,2026-08-03 00:25:32
福建省,浙闽片河流,南靖洪濑汤坑桥,2026-08-03 00:00,2,27.651,6.52,7.19,220.6,13.923,0.89,0.048,0.048,13.999,,,2026-08-03 00:25:32
福建省,浙闽片河流,南溪浮宫桥,2026-08-03 00:00,4,29.79,6.74,4.48,954.451,361.452,3.2,0.096,0.193,3.2942,,,2026-08-03 00:25:32
福建省,浙闽片河流,上坂,2026-08-03 00:00,4,28.99,6.49,4.48,181.267,27.083,1.12,0.382,0.155,5.0864,,,2026-08-03 00:25:32
福建省,浙闽片河流,云霄高塘渡口,2026-08-03 00:00,3,27.81,6.64,5.15,133.818,25.067,1.44,0.31,0.122,5.2777,,,2026-08-03 00:25:32
福建省,浙闽片河流,水汾桥,2026-08-03 00:00,3,29.89,7.06,5.63,315.28,4.53,2.14,0.093,0.057,1.349,,,2026-08-03 00:25:32
福建省,浙闽片河流,建瓯蓬墩,2026-08-03 00:00,2,30.482,6.79,6.08,64.57,8.16,1.53,0.153,0.036,1.336,,,2026-08-03 00:25:32
福建省,浙闽片河流,将乐樟应,2026-08-03 00:00,2,30.06405,6.94,6.76,78.075,8.82258,2.29,0.05,0.02,0.793,,,2026-08-03 00:25:32
福建省,浙闽片河流,雁石桥,2026-08-03 00:00,2,26.6,7.53,7.85,249.705,27.78,1.41,0.04,0.074,1.772,,,2026-08-03 00:25:32
福建省,珠江流域,长汀美西桥,2026-08-03 00:00,3,27.31,7,5.92,174.611,3.09,1.64,0.095,0.101,1.5219,,,2026-08-03 00:25:32
福建省,浙闽片河流,八都,2026-08-03 00:00,2,27.57,7.36,6.81,49.487,6.227,1.77,0.02,0.061,1.097,,,2026-08-03 00:25:32
江西省,长江流域,昌邑,2026-08-03 00:00,2,30.43,8.14,6.99,174.79,12.26,2.33,0.012,0.064,1.453,,,2026-08-03 00:25:32
江西省,长江流域,八一桥,2026-08-03 00:00,2,31.68,7.56,7.15,155.057,9.364,3.21,0.218,0.071,1.3383,,,2026-08-03 00:25:32
江西省,长江流域,焦石坝,2026-08-03 00:00,2,30.02,7.55,8.32,128.49,13.3,2.87,,0.046,1.6581,,,2026-08-03 00:25:32
江西省,长江流域,戴村,2026-08-03 00:00,2,31.936,7.43,7.43,435.809,10.23,2.7,0.491,0.024,1.303,,,2026-08-03 00:25:32
江西省,长江流域,龙山口,2026-08-03 00:00,2,28.62,8.4,7.88,283.977,4.607,2.12,0.029,0.034,0.6175,,,2026-08-03 00:25:32
江西省,长江流域,桐车湾,2026-08-03 00:00,3,30.6,8.15,5.64,404.767,2.793,2.7,0.064,0.136,2.6968,,,2026-08-03 00:25:32
江西省,长江流域,金鱼石,2026-08-03 00:00,2,31.33,7.52,6.38,344.91,2.72,2.13,0.049,0.098,2.038,,,2026-08-03 00:25:32
江西省,长江流域,吴城修河,2026-08-03 00:00,2,29.375,6.94,7.66,91.83,26.08,2.36,,0.048,1.1057,,,2026-08-03 00:25:32
江西省,长江流域,姚港,2026-08-03 00:00,2,29.76,7.63,6.41,357.01,19.85,1.71,0.074,0.075,1.363,,,2026-08-03 00:25:32
江西省,长江流域,潦河河口,2026-08-03 00:00,2,30.3,6.75,7.1,82.52,26.506,2.03,0.067,0.072,1.124,,,2026-08-03 00:25:32
江西省,长江流域,柘林湖坝上,2026-08-03 00:00,1,29.635,7.72,8.98,102.98,0.634,1.92,,0.01,0.857,,,2026-08-03 00:25:32
江西省,长江流域,共青城寨下,2026-08-03 00:00,2,31.3,7.69,7.64,317.8,28.8,2.88,0.102,0.087,1.659,,,2026-08-03 00:25:32
江西省,长江流域,罗坊,2026-08-03 00:00,3,32.29,8.11,8.4,341.455,19.002,4.2,0.128,0.076,1.2893,,,2026-08-03 00:25:32
江西省,长江流域,孔目江江口,2026-08-03 00:00,2,29.95,7.7,6.55,345.261,13.574,2.29,0.056,0.054,0.9148,,,2026-08-03 00:25:32
江西省,长江流域,浮桥,2026-08-03 00:00,2,31.36,7.48,6.33,275.076,9.746,3.55,0.096,0.06,1.3131,,,2026-08-03 00:25:32
江西省,长江流域,傣家村,2026-08-03 00:00,3,31.18,8.67,8.02,188.37,6.875,4.34,0.105,0.035,0.7998,0.0079,3.101749,2026-08-03 00:25:32
江西省,长江流域,白塔河河口,2026-08-03 00:00,3,29.56,6.52,5.56,100.361,7.139,2.47,0.108,0.044,1.5149,,,2026-08-03 00:25:32
江西省,长江流域,土桥,2026-08-03 00:00,2,29.87,7.37,6.43,167.54,5.377,2.3,0.036,0.068,1.4343,,,2026-08-03 00:25:32
江西省,长江流域,流口村,2026-08-03 00:00,2,30.86,7.04,6.45,161.9401,9.951384,1.82,,0.072,1.547048,,,2026-08-03 00:25:32
江西省,长江流域,市自来水厂,2026-08-03 00:00,2,27.76,6.94,6.59,106.711,15.372,1.81,0.217,0.053,1.1547,,,2026-08-03 00:25:32
江西省,长江流域,新庙前,2026-08-03 00:00,2,28.59,7.07,6.33,127.272,24.43,2.54,0.142,0.042,1.7251,,,2026-08-03 00:25:32
江西省,长江流域,赣县梅林,2026-08-03 00:00,2,29.33,7.39,6.22,136.413,9.518,2.12,0.107,0.085,1.5361,,,2026-08-03 00:25:32
江西省,长江流域,梓坑,2026-08-03 00:00,3,29.97,7.34,5.71,136.794,8.209,3.82,0.071,0.083,1.6379,,,2026-08-03 00:25:32
江西省,长江流域,峡山,2026-08-03 00:00,2,30.17,7.24,6.12,134.176,2.178,1.87,0.066,0.086,1.4233,,,2026-08-03 00:25:32
江西省,长江流域,梅江江口,2026-08-03 00:00,2,31.06,7.35,6.04,117.066,13.382,2.74,0.08,0.075,1.0313,,,2026-08-03 00:25:32
江西省,长江流域,平江江口,2026-08-03 00:00,2,29.07,7.43,7.16,135.004,12.579,1.61,0.13,0.044,0.8186,,,2026-08-03 00:25:32
江西省,长江流域,上犹江江口,2026-08-03 00:00,2,27.09,7.05,7.13,83.864,9.698,1.64,0.09,0.023,0.5662,,,2026-08-03 00:25:32
江西省,长江流域,龙南自来水厂,2026-08-03 00:00,2,26.67,7.41,7.59,112.289,29.455,1.02,0.096,0.034,0.8097,,,2026-08-03 00:25:32
江西省,长江流域,桃江江口,2026-08-03 00:00,4,27.64,7,4.88,130.857,24.086,1.95,0.286,0.112,1.6777,,,2026-08-03 00:25:32
江西省,长江流域,大余城郊,2026-08-03 00:00,2,26.73,7.08,7.77,76.846,15.838,1.87,0.097,0.056,1.0483,,,2026-08-03 00:25:32
江西省,珠江流域,兴宁电站,2026-08-03 00:00,6,29.28,9.22,21,106.238,4.203686,2.82,0.008,0.023,2.320681,,,2026-08-03 00:25:32
江西省,长江流域,通津,2026-08-03 00:00,2,28.97,7.31,6.14,137.173,12.382,0.99,0.086,0.051,1.1209,,,2026-08-03 00:25:32
江西省,长江流域,金滩,2026-08-03 00:00,2,31.24,7.34,6.01,147.391,10.74,1.43,0.065,0.046,1.2257,,,2026-08-03 00:25:32
江西省,长江流域,孤江江口,2026-08-03 00:00,2,31.61,7.26,6.32,112.854,4.604,2.87,0.011,0.033,0.6364,,,2026-08-03 00:25:32
江西省,长江流域,禾水河口,2026-08-03 00:00,2,30.24,7.73,7.44,148.164,3.698,2.29,0.018,0.041,0.96,,,2026-08-03 00:25:32
江西省,长江流域,蜀水河口,2026-08-03 00:00,2,29.29,7.13,6.65,94.967,55.156,0.95,0.097,0.048,0.9526,,,2026-08-03 00:25:32
江西省,长江流域,遂川江江口,2026-08-03 00:00,3,29,7.28,5.49,108.877,15.995,1.02,0.097,0.06,1.3304,,,2026-08-03 00:25:32
江西省,长江流域,乌江江口,2026-08-03 00:00,2,32.27,7.8,8.15,177.117,8.708,2.8,0.102,0.036,1.4498,,,2026-08-03 00:25:32
江西省,长江流域,大洋洲,2026-08-03 00:00,2,31.26,7.6,7.61,138.386,9.612,1.63,0.068,0.056,1.2633,,,2026-08-03 00:25:32
江西省,长江流域,棚下,2026-08-03 00:00,5,28.61,6.86,2.37,147.5889,4.93,2.33,0.014,0.088,1.149,,,2026-08-03 00:25:32
江西省,长江流域,丰城小港口,2026-08-03 00:00,2,30.761,7.35,6.75,150.51,8.8426,2.12,0.012,0.042,1.1476,,,2026-08-03 00:25:32
江西省,长江流域,修河港口,2026-08-03 00:00,1,28.44,7.22,8.76,40.58,19.74,0.88,0.004,0.011,0.364,,,2026-08-03 00:25:32
江西省,长江流域,超坊,2026-08-03 00:00,3,30.06,7.71,6.87,113.836,33.709,4.21,0.069,0.118,1.4438,,,2026-08-03 00:25:32
江西省,长江流域,钟岭水厂,2026-08-03 00:00,3,31.2,8.3,10.83,89.79,26.17,3.99,,0.101,1.486,,,2026-08-03 00:25:32
江西省,长江流域,临水河口,2026-08-03 00:00,2,30.19,7.22,9.58,115.75,8.23,2.49,0.056,0.037,1.372,,,2026-08-03 00:25:32
山东省,淮河流域,峡山水库库中,2026-08-03 00:00,3,31.61,8.71,8.78,768.9,15.89,5.13,,0.021,1.082,0.00579,1.46769,2026-08-03 00:25:32
山东省,淮河流域,大古镇,2026-08-03 00:00,3,32.98,7.75,7.99,817.79,26.51,5.97,0.085,0.189,2.834,,,2026-08-03 00:25:32
山东省,海河流域,北湖,2026-08-03 00:00,2,30.49,8.74,9.28,952.46,1.35,2.27,,0.011,2.221,0.00516,1762208,2026-08-03 00:25:32
河南省,淮河流域,中牟陈桥,2026-08-03 00:00,2,30.9,7.67,7.92,728.41,35.61,3.5,0.023,0.067,5.6219,,,2026-08-03 00:25:32
河南省,海河流域,获嘉东碑村,2026-08-03 00:00,6,31.37,7.68,1.53,1294.77,52.7,5.25,4.668,0.451,6.674,,,2026-08-03 00:25:32
河南省,黄河流域,封丘陶北,2026-08-03 00:00,5,32.71,7.5,2.27,957.23,6.73,6.48,0.27,0.362,2.344,,,2026-08-03 00:25:32
河南省,黄河流域,封丘王堤,2026-08-03 00:00,4,32.972,7.78,7.64,830.86,83.49,6.62,0.318,0.265,3.0373,,,2026-08-03 00:25:32
河南省,海河流域,新乡贾太湖,2026-08-03 00:00,2,31.58,8.27,11.53,747.447,56.304,3.71,0.032,0.044,2.639,,,2026-08-03 00:25:32
河南省,海河流域,南乐元村集,2026-08-03 00:00,4,23.95,7.52,7.45,1329.96,74.08,3.1,0.085,0.211,6.787,,,2026-08-03 00:25:32
河南省,黄河流域,濮阳大韩桥,2026-08-03 00:00,5,29.97,7.5,2.29,695.51,53.66,5.53,0.863,0.292,1.99,,,2026-08-03 00:25:32
河南省,淮河流域,白沙水库,2026-08-03 00:00,2,29.7681,8.34,8.1,826.563,5.3406,2.57,0.021,0.021,3.9208,,,2026-08-03 00:25:32
河南省,淮河流域,叶舞公路桥,2026-08-03 00:00,2,31.464,7.61,6.41,365.12,7.904,2.49,0.005,0.031,0.982,,,2026-08-03 00:25:32
河南省,黄河流域,洛河大桥,2026-08-03 00:00,-1,,,,,,,,,,,,2026-08-03 00:25:32
河南省,长江流域,淅川史家湾,2026-08-03 00:00,3,30.21,7.92,5.94,381.037,19.796,1.42,,0.028,1.1178,0.00221,,2026-08-03 00:25:32
河南省,长江流域,淅川高湾,2026-08-03 00:00,2,30.22,7.71,7.42,338.892,11.701,2.02,,0.053,0.7605,0.0067,,2026-08-03 00:25:32
河南省,长江流域,淅川张营,2026-08-03 00:00,2,30.95,8.21,7.05,359.055,4.917,2.14,,0.014,0.7342,0.00900947,,2026-08-03 00:25:32
河南省,长江流域,陶岔,2026-08-03 00:00,2,30.19,8.56,8.25,254.955,4.084,1.46,,0.012,0.8541,0.002,786198,2026-08-03 00:25:32
河南省,淮河流域,吕楼桥,2026-08-03 00:00,6,31.44,7.47,1.58,1303.415,51.161,4.25,0.102,0.094,0.7948,,,2026-08-03 00:25:32
河南省,淮河流域,黄口,2026-08-03 00:00,4,29.65,7.78,4.56,1144.888,9.142,5.3,0.251,0.07,2.7692,,,2026-08-03 00:25:32
河南省,淮河流域,老沈丘泉河桥,2026-08-03 00:00,2,33.04,8.01,6.94,709.356,8.233,3.71,0.008,0.097,0.5996,,,2026-08-03 00:25:32
河南省,淮河流域,刘寨村后,2026-08-03 00:00,4,31.86,7.63,3.67,889.7,27.91,4.86,0.327,0.119,3.5825,,,2026-08-03 00:25:32
河南省,淮河流域,鹿邑付桥,2026-08-03 00:00,2,33.25,8.6,14.8,1012.326,9.21,4,0.029,0.039,0.5308,,,2026-08-03 00:25:32
河南省,黄河流域,小浪底水库,2026-08-03 00:00,3,29.49,8.03,5.98,1102.79,21.587,2.16,0.009,0.032,2.8183,,,2026-08-03 00:25:32
湖北省,长江流域,牛山湖湖心,2026-08-03 00:00,3,32.08,8.98,8.68,172.209,14.274,4.18,,0.022,0.323,0.00544,1.745899,2026-08-03 00:25:32
湖北省,长江流域,西梁子湖湖北,2026-08-03 00:00,3,32.7456,,8.53,167.72,25.422,5.44,0.124,0.022,0.591,0.00856,1.506691,2026-08-03 00:25:32
湖北省,长江流域,杨泗港,2026-08-03 00:00,2,29.24,7.74,6.64,284.97,46.55,1.73,,0.056,1.603,,,2026-08-03 00:25:32
湖北省,长江流域,龙口,2026-08-03 00:00,4,30.51,8,6.82,190.42,7.55,6.12,,0.041,0.733,,,2026-08-03 00:25:32
湖北省,长江流域,金水闸,2026-08-03 00:00,4,30.62,7.16,3.49,257.43,41.85,4.27,0.102,0.062,0.958,,,2026-08-03 00:25:32
湖北省,长江流域,港洲村,2026-08-03 00:00,3,33.64,7.92,10.77,360.2,60.41,4.01,0.015,0.107,0.519,,,2026-08-03 00:25:32
湖北省,长江流域,富池闸,2026-08-03 00:00,2,31.03,8.22,8.46,225.1695,6.521798,2.66,0.009,0.052,1.166402,,,2026-08-03 00:25:32
湖北省,长江流域,丹江口水库坝上中,2026-08-03 00:00,1,30.63,8.49,8.53,250.191,0.764773,1.62,0.116,0.009,0.8882,0.0013301,1.9609,2026-08-03 00:25:32
湖北省,长江流域,潘口水库坝上,2026-08-03 00:00,1,30.18,8.79,11.24,177.1,2,1.59,,0.007,0.211,,,2026-08-03 00:25:32
湖北省,长江流域,隔河岩水库坝上,2026-08-03 00:00,2,20.51,8.58,7.41,190.58,2.5,1.29,,0.015,1.779,0.03548,4145401,2026-08-03 00:25:32
湖北省,长江流域,长沙坝,2026-08-03 00:00,2,25.796,8.22,8.75,384.211,12.247,2.5,0.012,0.033,1.332,,,2026-08-03 00:25:32
湖北省,长江流域,白石港,2026-08-03 00:00,2,30.36,8.34,7.38,310.733,3.249,2.24,0.008,0.026,1.156,,,2026-08-03 00:25:32
湖北省,长江流域,沈湾,2026-08-03 00:00,2,15.67,7.64,6.72,323,4.36,1.82,0.014,0.011,1.366,,,2026-08-03 00:25:32
湖北省,长江流域,东梁子湖湖心,2026-08-03 00:00,4,31.37,8.53,7,173.223,32.625,5.95,,0.058,0.742,,,2026-08-03 00:25:32
湖北省,长江流域,梁子湖七星站,2026-08-03 00:00,4,31.57,8.52,4.96,176.2562,21.66203,6.09,0.106,0.009,1.229992,0.03201987,2.95617,2026-08-03 00:25:32
湖北省,长江流域,漳河水库库心,2026-08-03 00:00,1,31.14,8.28,8.12,312.7702,3.8156,1.67,0.033,0.004,0.47,0.00035,6.8772,2026-08-03 00:25:32
湖北省,长江流域,转斗,2026-08-03 00:00,2,29.81,8.28,8.54,399.72,13.8208,3.94,0.016,0.083,1.126,,,2026-08-03 00:25:32
湖北省,长江流域,罗汉闸,2026-08-03 00:00,2,30.81,8.08,7.97,363.63,128.57,2.4,0.025,0.08,1.3644,,,2026-08-03 00:25:32
湖北省,长江流域,田店泵站,2026-08-03 00:00,3,32.54,8.05,5.98,411.79,15.801,2.89,0.008,0.041,0.75803,,,2026-08-03 00:25:32
湖北省,长江流域,新沟闸,2026-08-03 00:00,4,32.03,7.27,3,335.45,17.22,4.64,0.128,0.122,1.473,,,2026-08-03 00:25:32
湖北省,长江流域,孝昌王店,2026-08-03 00:00,4,32.72,7.56,7.17,257.05,25.1683,6.01,0.028,0.176,1.7541,,,2026-08-03 00:25:32
湖北省,长江流域,安陆桑树,2026-08-03 00:00,2,33.41,7.94,10.58,478.08,16.1487,3.18,0.012,0.035,0.50657,,,2026-08-03 00:25:32
湖北省,长江流域,隔蒲桥,2026-08-03 00:00,3,33.54,7.69,6.6,374.8,20.97,5.14,0.032,0.09,1.9053,,,2026-08-03 00:25:32
湖北省,长江流域,汉川新堰,2026-08-03 00:00,5,32.47,7.17,2.81,453.39,29.092,4.28,0.132,0.165,1.764,,,2026-08-03 00:25:32
湖北省,长江流域,杨柴湖,2026-08-03 00:00,4,29.9,7.16,4.44,308.5,36.6,2.79,,0.043,0.556,0.00244,3292747,2026-08-03 00:25:32
湖北省,长江流域,排水闸,2026-08-03 00:00,4,31.32,8.51,7.71,294.1093,72.8951,3.04,,0.057,1.296,0.00028,4665962,2026-08-03 00:25:32
湖北省,长江流域,康家岗,2026-08-03 00:00,2,28.35,7.71,7.1,371.062,30.2002,1.31,,0.059,1.88,,,2026-08-03 00:25:32
湖北省,长江流域,淤泥湖,2026-08-03 00:00,3,29,7.85,7.44,374.6,29.6,1.97,0.001,0.129,2.014,,,2026-08-03 00:25:32
湖北省,长江流域,调关,2026-08-03 00:00,2,27.97,7.79,7.7,384.6421,29.7626,1.28,,0.056,2.0025,,,2026-08-03 00:25:32
湖北省,长江流域,姚集,2026-08-03 00:00,3,30.7,7.56,5.1,406.7,25,,0.06,0.086,1.426,,,2026-08-03 00:25:32
湖北省,长江流域,乌溪沟,2026-08-03 00:00,3,24.00287,8.15,8.02,343.9084,20.74756,1.32,0.035,0.104,2.312552,,,2026-08-03 00:25:32
湖北省,长江流域,咸宁湖心,2026-08-03 00:00,4,32.66,8.62,7.54,188.089,29.495,6.79,0.07,,1.217,0.01332,3.389464,2026-08-03 00:25:32
湖北省,长江流域,陆溪口,2026-08-03 00:00,2,30.81,8.41,9.26,186.75,12.97,3.98,0.155,0.057,1.295,,,2026-08-03 00:25:32
湖北省,长江流域,洪下水文站,2026-08-03 00:00,2,31.1,8.97,9.81,140.8,6.95,1.36,0.009,0.038,0.919,,,2026-08-03 00:25:32
湖北省,长江流域,平林,2026-08-03 00:00,4,32.54,8.28,11.61,339.054,11.67,7.57,0.03,0.104,1.432,,,2026-08-03 00:25:32
湖北省,长江流域,阳日湾,2026-08-03 00:00,2,21.569,8.01,8.09,342.278,12.679,1.9,0.03,0.089,1.5623,,,2026-08-03 00:25:32
湖南省,长江流域,三角洲,2026-08-03 00:00,4,30.05,7.09,4.98,209.7,22.68,1.71,0.04,0.124,2.928,,,2026-08-03 00:25:32
湖南省,长江流域,胜利,2026-08-03 00:00,3,29.66,7.22,5.26,237.38,10.63,3.3,0.062,0.076,1.393,,,2026-08-03 00:25:32
湖南省,长江流域,舂陵水入湘江口,2026-08-03 00:00,2,30.1659,8.35,8.78,256.8035,6.1003,2.32,0.011,0.047,0.9505,,,2026-08-03 00:25:32
湖南省,长江流域,洣水入湘江口,2026-08-03 00:00,2,30.937,7.54,6.38,144.05,12.22,2.73,0.014,0.045,1.108,,,2026-08-03 00:25:32
湖南省,长江流域,窑市,2026-08-03 00:00,2,25.99,7.52,8.42,42.6415,8.69,0.99,,0.026,0.399,,,2026-08-03 00:25:32
湖南省,长江流域,邵水入河口,2026-08-03 00:00,2,31.5,7.65,6.49,452.271,11.945,2.33,0.032,0.079,2.499,,,2026-08-03 00:25:32
湖南省,长江流域,岳阳楼,2026-08-03 00:00,3,31.08,7.83,6.62,237.1196,40.49648,1.4,0.004,0.039,1.2303,0.0015312,203771,2026-08-03 00:25:32
湖南省,长江流域,城陵矶,2026-08-03 00:00,2,29.18,7.75,6.39,285.852,34.90492,1.88,0.017,0.049,1.1851,,,2026-08-03 00:25:32
湖南省,长江流域,南渡,2026-08-03 00:00,2,29.71,7.46,7.43,117.56,9.57,2.2,0.035,0.088,1.571,,,2026-08-03 00:25:32
湖南省,长江流域,马坡湖,2026-08-03 00:00,3,28.77,7.99,7.36,374.828,40.4866,1.6,,0.107,2.085,,,2026-08-03 00:25:32
湖南省,长江流域,万家嘴,2026-08-03 00:00,2,30.34,7.61,7.27,175.6631,15.50411,1.33,0.025,0.047,1.9141,0.0020516,194397.4,2026-08-03 00:25:32
湖南省,长江流域,小河嘴,2026-08-03 00:00,3,30.11,8.15,7.7,201.419,13.0814,1.38,0.007,0.031,1.03,0.00176867,5.51636,2026-08-03 00:25:32
湖南省,长江流域,桃谷山,2026-08-03 00:00,2,30.1,7.92,7.24,200.575,18.5305,1.28,,0.045,1.562,,,2026-08-03 00:25:32
湖南省,长江流域,五强溪,2026-08-03 00:00,2,31.19,8.71,10.82,178.798,3.2406,1.5,0.001,0.029,1.123,,,2026-08-03 00:25:32
湖南省,长江流域,溪子口,2026-08-03 00:00,2,23.98,7.57,7.45,247.4,1.307,0.58,0.019,0.022,1.405,,,2026-08-03 00:25:32
广东省,珠江流域,珠海大桥,2026-08-03 00:00,3,27.45,7.72,6.59,230.559,65.257,2.39,0.327,0.11,2.115,,,2026-08-03 00:25:32
广东省,珠江流域,石角咀水闸,2026-08-03 00:00,5,28.04,6.8,2.13,409.066,72.745,3.62,1.675,0.275,3.1,,,2026-08-03 00:25:32
广东省,珠江流域,布洲,2026-08-03 00:00,2,26.81,7.64,6.86,216.403,69.801,,0.072,0.091,2.611,,,2026-08-03 00:25:32
广东省,珠江流域,海门湾桥闸,2026-08-03 00:00,3,28.16,7.1,6,408.92,39.04,5.15,0.333,0.171,2.433,,,2026-08-03 00:25:32
广东省,珠江流域,牛湾,2026-08-03 00:00,4,28.38,6.53,4.35,198.49,75.77,4.35,0.215,0.181,2.182,,,2026-08-03 00:25:32
广东省,珠江流域,山角,2026-08-03 00:00,3,30.66,6.83,6.52,128.02,21.07,4.39,0.023,0.069,2.658,,,2026-08-03 00:25:32
广东省,珠江流域,运河管理局,2026-08-03 00:00,3,30.35,8.05,8.02,130.26,36.28,5.49,0.02,0.032,0.916,,,2026-08-03 00:25:32
广东省,珠江流域,南渡河桥,2026-08-03 00:00,6,30.5,6.54,1.42,198.79,30.98,6.32,0.754,0.087,2.996,,,2026-08-03 00:25:32
广东省,珠江流域,塘口,2026-08-03 00:00,4,29.09,6.81,4.07,122.1,41.6,3.52,0.217,0.222,2.887,,,2026-08-03 00:25:32
广东省,珠江流域,石骨水库,2026-08-03 00:00,2,30.074,,8.25,66.07,2.4464,1.6,0.027,0.015,0.465,,,2026-08-03 00:25:32
广东省,珠江流域,良德水库,2026-08-03 00:00,2,30.86,8.33,8.12,64.8,11.364,2.06,,0.013,0.263,0.00669,1042810,2026-08-03 00:25:32
广东省,珠江流域,米急渡,2026-08-03 00:00,3,28.22,6.95,6.53,89.52,183.196,3.24,0.181,0.187,2.173,,,2026-08-03 00:25:32
广东省,珠江流域,五丰渡口,2026-08-03 00:00,3,27.46,6.66,5.8,93.4,58.2,2.04,0.437,0.064,4.4887,,,2026-08-03 00:25:32
广东省,珠江流域,新铺,2026-08-03 00:00,4,28.46,7.1,4.97,116.786,7.117,1.91,0.114,0.043,1.6758,,,2026-08-03 00:25:32
广东省,珠江流域,海丰西闸,2026-08-03 00:00,2,27.26,6.47,6.9,46.8,30.7,3.3,0.093,0.064,0.733,,,2026-08-03 00:25:32
广东省,珠江流域,东溪水闸,2026-08-03 00:00,5,28.28,6.44,2.03,332.403,262.144,5.79,0.504,0.103,1.42,,,2026-08-03 00:25:32
广东省,珠江流域,江城,2026-08-03 00:00,3,28.56,6.76,6.04,103.953,37.464,2.89,0.117,0.169,1.662,,,2026-08-03 00:25:32
广东省,珠江流域,埠场,2026-08-03 00:00,3,28.53,6.71,5.7,137.065,21.645,3.2,0.137,0.198,1.893,,,2026-08-03 00:25:32
广东省,珠江流域,樟村,2026-08-03 00:00,5,28.02,6.99,2.3,260.533,17.93,3.28,1.507,0.213,4.038,,,2026-08-03 00:25:32
广东省,珠江流域,旗岭,2026-08-03 00:00,5,27.08,6.95,2.46,264.329,65.04,2.28,0.619,0.22,3.406,,,2026-08-03 00:25:32
广东省,珠江流域,中山港码头,2026-08-03 00:00,4,27.86,7.39,4.54,270.71,26.643,2.36,1.323,0.159,2.794,,,2026-08-03 00:25:32
广东省,珠江流域,赤凤,2026-08-03 00:00,3,27.43,6.85,6.57,89.28,70.01,1.98,0.036,0.13,1.908,,,2026-08-03 00:25:32
广东省,珠江流域,龟山塔,2026-08-03 00:00,2,26.14,6.87,7.01,59.444,74.382,2.13,0.056,0.056,1.0773,,,2026-08-03 00:25:32
广西壮族自治区,珠江流域,叮当,2026-08-03 00:00,2,29.81,7.55,6.6,325.997,15.608,1.51,0.026,0.069,3.7319,,,2026-08-03 00:25:32
广西壮族自治区,珠江流域,白马,2026-08-03 00:00,2,27.65,7.78,6.11,329.91,11.48,0.91,0.039,0.034,1.948,,,2026-08-03 00:25:32
广西壮族自治区,珠江流域,东边埇,2026-08-03 00:00,3,27.93,6.56,7.35,78.4647,40.9336,1.83,0.051,0.12,2.287,,,2026-08-03 00:25:32
广西壮族自治区,珠江流域,西门江,2026-08-03 00:00,4,30.55,6.83,4.68,430.843,29.969,3.41,0.319,0.155,3.0884,,,2026-08-03 00:25:32
广西壮族自治区,珠江流域,边贸码头,2026-08-03 00:00,1,26.54,6.61,8.1,45.03,19.36,,,,,,,2026-08-03 00:25:32
广西壮族自治区,珠江流域,高塘,2026-08-03 00:00,3,28.97,6.28,6.39,64.18,84.52,3.39,0.125,0.106,2.596,,,2026-08-03 00:25:32
广西壮族自治区,珠江流域,高速公路西桥,2026-08-03 00:00,3,31.66,6.97,7.15,1440.36,61.44,5.9,0.141,0.191,2.336,,,2026-08-03 00:25:32
广西壮族自治区,珠江流域,公篓,2026-08-03 00:00,2,25.42,7.87,6.62,267.66,9.01,1.24,0.054,0.021,1.396,,,2026-08-03 00:25:32
广西壮族自治区,珠江流域,贺街,2026-08-03 00:00,2,26.82,7.65,7.83,151.73,18.673,1.04,0.034,0.049,1.12,,,2026-08-03 00:25:32
广西壮族自治区,珠江流域,上金,2026-08-03 00:00,2,29.08,6.66,6.28,85.7646,121.9274,2.82,,0.047,1.5721,,,2026-08-03 00:25:32
广西壮族自治区,珠江流域,渠立,2026-08-03 00:00,2,28.95,7.91,8.53,276.211,20.55,1.38,,0.021,1.789,,,2026-08-03 00:25:32
广西壮族自治区,珠江流域,棉江,2026-08-03 00:00,2,29.01,7.18,6.15,177.536,52.344,2.04,,0.033,2.3338,,,2026-08-03 00:25:32
海南省,珠江流域,儒房,2026-08-03 00:00,3,30.5,7.26,5.03,12595.9,9.5,2.6,0.317,0.077,1.381,,,2026-08-03 00:25:32
海南省,珠江流域,上村桥,2026-08-03 00:00,3,30.2,7.1,5.38,556.9,53.8,3.4,0.03,0.086,1.366,,,2026-08-03 00:25:32
海南省,珠江流域,中和桥,2026-08-03 00:00,3,30.5,7.02,5.1,205.1,23.5,4.57,0.148,0.116,1.011,,,2026-08-03 00:25:32
海南省,珠江流域,溪仔村,2026-08-03 00:00,2,28.3,6.72,7.44,85.46,3.51,2.04,0.04,0.028,0.599,,,2026-08-03 00:25:32
海南省,珠江流域,羊头外村桥,2026-08-03 00:00,4,28.82,6.61,5.65,125.93,59.3,8.28,0.153,0.157,2.094,,,2026-08-03 00:25:32
海南省,珠江流域,农垦橡胶所一队,2026-08-03 00:00,2,28,6.65,7.51,75.2,22.6,2.65,0.01,0.039,1.736,,,2026-08-03 00:25:32
海南省,珠江流域,分洪桥,2026-08-03 00:00,2,30.94,6.7,9.18,102.38,22.68,2.86,,0.035,0.571,,,2026-08-03 00:25:32
海南省,珠江流域,后山村,2026-08-03 00:00,5,31.17,6.67,2.33,160.087,23.2516,6.43,0.74,0.257,3.055,,,2026-08-03 00:25:32
海南省,珠江流域,罗带铁路桥,2026-08-03 00:00,3,30.5,8.01,8.19,43158.1,10,3.01,0.863,0.127,0.883,,,2026-08-03 00:25:32
海南省,珠江流域,山口,2026-08-03 00:00,2,30.82,6.94,6.11,93.84,17.32,2.33,0.042,0.028,0.446,,,2026-08-03 00:25:32
海南省,珠江流域,白仞滩电站,2026-08-03 00:00,4,30.2,7.05,4.13,187.9,8.8,4,0.177,0.095,1.832,,,2026-08-03 00:25:32
海南省,珠江流域,大风,2026-08-03 00:00,2,29.72569,6.77,6.2,107.7102,14.16926,2.11,0.003,0.039,1.201013,,,2026-08-03 00:25:32
海南省,珠江流域,叉河口,2026-08-03 00:00,2,30.9,7.81,8.2,140.9,13.1,2.81,0.006,0.06,1.488,,,2026-08-03 00:25:32
海南省,珠江流域,跨界桥,2026-08-03 00:00,2,30,7.17,7.64,99.9,24,3.1,0.001,0.064,1.208,,,2026-08-03 00:25:32
海南省,珠江流域,群英大坝,2026-08-03 00:00,2,28.5,7.02,6.58,85.1,18.8,4,0.106,0.084,1.415,,,2026-08-03 00:25:32
海南省,珠江流域,大溪村,2026-08-03 00:00,4,28.4,6.91,4.89,218.4,15.8,4.07,0.263,0.149,1.702,,,2026-08-03 00:25:32
重庆市,长江流域,晒网坝,2026-08-03 00:00,2,27.44,8.1,7.04,383.0793,25.1698,1.14,,0.034,1.247,,,2026-08-03 00:25:32
重庆市,长江流域,太和,2026-08-03 00:00,3,27.43,7.91,8.38,327.6,604.8,3.14,0.008,0.129,1.823,,,2026-08-03 00:25:32
重庆市,长江流域,渠江码头,2026-08-03 00:00,2,32.07,7.64,7.41,318.215,14.078,2.62,0.015,0.031,1.226,,,2026-08-03 00:25:32
重庆市,长江流域,芙蓉洞码头,2026-08-03 00:00,1,28.64,8.7,9.43,178.07,43.02,1.63,,0.014,1.023,,,2026-08-03 00:25:32
重庆市,长江流域,罗汉大桥,2026-08-03 00:00,2,29.93,8.24,8.21,290.35,13,1.77,0.032,0.05,1.256,,,2026-08-03 00:25:32
四川省,长江流域,二江寺,2026-08-03 00:00,3,24.77,7.59,6.21,452.7,20.9,2.31,0.311,0.135,2.598,,,2026-08-03 00:25:32
四川省,长江流域,三邑大桥,2026-08-03 00:00,2,23.48,7.6,7.41,270.8823,94.3464,1.64,0.019,0.054,1.9185,,,2026-08-03 00:25:32
四川省,长江流域,李家湾,2026-08-03 00:00,5,28.36,7.42,6.73,426.1,279.2,4.17,0.059,0.303,2.259,,,2026-08-03 00:25:32
四川省,长江流域,湾凼,2026-08-03 00:00,6,27.8441,7.41,1.55,656.8587,14.58287,3.97,0.008,0.044,0.481152,,,2026-08-03 00:25:32
四川省,长江流域,手爬岩,2026-08-03 00:00,3,26.53,7.72,6.69,428.251,113.834,2.33,,0.122,2.1113,,,2026-08-03 00:25:32
四川省,长江流域,沱江大桥,2026-08-03 00:00,4,30.21,7.71,6.72,379.6793,210.0054,3.76,0.003,0.219,2.61761,,,2026-08-03 00:25:32
四川省,长江流域,胡市大桥,2026-08-03 00:00,3,30.31,7.59,6.23,423.8737,17.1438,5.83,0.055,0.075,1.091,,,2026-08-03 00:25:32
四川省,长江流域,泸天化大桥,2026-08-03 00:00,3,29.86,7.66,5.68,400.404,15.7982,1.61,0.015,0.041,2.0563,,,2026-08-03 00:25:32
四川省,长江流域,纳溪大渡口,2026-08-03 00:00,3,25.01,7.69,6.95,397.891,236.463,3.11,0.019,0.146,3.2234,,,2026-08-03 00:25:32
四川省,长江流域,两汇水,2026-08-03 00:00,3,26.66184,7.79,7.36,135.1633,85.1529,3.21,0.123,0.193,0.699,,,2026-08-03 00:25:32
四川省,长江流域,太平渡,2026-08-03 00:00,2,27.82227,8.2,7.46,512.3147,41.12678,1.72,0.038,0.069,3.327,,,2026-08-03 00:25:32
四川省,长江流域,三川,2026-08-03 00:00,-1,,,,,,,,,,,,2026-08-03 00:25:32
四川省,长江流域,姚渡,2026-08-03 00:00,2,21.35958,8.08,7.61,250.4132,132.9035,2.91,0.105,0.005,3.61,,,2026-08-03 00:25:32
四川省,长江流域,清泉乡,2026-08-03 00:00,6,23.23,7.69,9.67,196.8,995.081,11.14,,0.592,2.822,,,2026-08-03 00:25:32
四川省,长江流域,大埂,2026-08-03 00:00,4,27.38,7.49,4.33,433.9,35.14,4.28,0.457,0.193,2.301153,,,2026-08-03 00:25:32
四川省,长江流域,金溪电站,2026-08-03 00:00,2,24.67,7.79,9.32,350.168,192.538,3.02,0.01,0.06,1.261,,,2026-08-03 00:25:32
四川省,长江流域,升钟水库铁炉寺,2026-08-03 00:00,4,24.1,7.43,3.06,336.58,130.71,6.13,0.408,0.059,4.209,,,2026-08-03 00:25:32
四川省,长江流域,三块石,2026-08-03 00:00,2,23.46,8.09,7.47,542.76,3.67,1.02,0.02,0.014,0.932,,,2026-08-03 00:25:32
四川省,长江流域,幺滩,2026-08-03 00:00,3,31.08,7.95,5.18,483.6,63.14,3.37,0.048,0.097,0.912,,,2026-08-03 00:25:32
四川省,长江流域,团堡岭,2026-08-03 00:00,2,31.22,8.14,6.37,324.02,3.948,3.44,0.058,0.024,0.759,,,2026-08-03 00:25:32
四川省,长江流域,大蹬沟,2026-08-03 00:00,4,30.14,7.58,4.5,265.4,17.6,3,0.242,0.033,0.928,,,2026-08-03 00:25:32
四川省,长江流域,白兔乡,2026-08-03 00:00,4,30,7.63,4.1,382.7,12.97,5.1,,0.048,0.547,,,2026-08-03 00:25:32
四川省,长江流域,舵石盘,2026-08-03 00:00,4,29.69,7.73,3.51,345.3,15.3,2.49,0.036,0.045,1.094,,,2026-08-03 00:25:32
四川省,长江流域,车家河,2026-08-03 00:00,4,31.08,7.61,4.48,318,6.13,1.78,,0.054,0.715,,,2026-08-03 00:25:32
四川省,长江流域,竹巴龙村,2026-08-03 00:00,6,14.65,8.16,7.16,2141.1,1130.5,6.11,1.036,0.591,4.012,,,2026-08-03 00:25:32
贵州省,长江流域,棉花渡,2026-08-03 00:00,2,24.255,7.9,6.06,453.88,0.9421,1.56,,0.044,2.7814,,,2026-08-03 00:25:32
贵州省,长江流域,贵铝泵房,2026-08-03 00:00,2,26.068,8.63,8.11,339.7437,10.5179,2.63,0.048,0.014,2.3217,0.01656,2812704,2026-08-03 00:25:32
贵州省,长江流域,花鱼洞,2026-08-03 00:00,6,23.2669,7.33,0.49,369.6062,3.0636,2.23,0.047,0.014,1.6164,0.00219,1671872,2026-08-03 00:25:32
贵州省,珠江流域,青岩,2026-08-03 00:00,3,25.45,7.92,5.1,525.7153,7.3566,1.99,,0.044,4.403,,,2026-08-03 00:25:32
贵州省,长江流域,龙场,2026-08-03 00:00,2,20.68,7.93,7.34,399.95,4.9,0.62,,0.013,4.214,,,2026-08-03 00:25:32
贵州省,长江流域,打秋坪,2026-08-03 00:00,2,26.1,8.08,7.19,522.7,5.2,1.11,,0.051,3.222,,,2026-08-03 00:25:32
贵州省,长江流域,余庆河暗溪坪,2026-08-03 00:00,2,26.35,7.61,6.49,316.59,3.79,0.79,0.003,0.027,1.4,,,2026-08-03 00:25:32
贵州省,长江流域,羊柱头渡口,2026-08-03 00:00,4,25.91,7.79,7.25,721.46,19.067,2.54,0.578,0.219,8.277,,,2026-08-03 00:25:32
贵州省,长江流域,茅台,2026-08-03 00:00,2,25.97,8.15,7.14,411.07,41.94,0.7,,0.014,4.129,,,2026-08-03 00:25:32
贵州省,珠江流域,打邦,2026-08-03 00:00,2,30.35,8.2,9.8,375.27,6.551,2.12,0.025,0.018,3.06,,,2026-08-03 00:25:32
贵州省,长江流域,小屯,2026-08-03 00:00,2,26.5,8.94,10.79,352.8631,7.979,3.2,0.017,0.053,4.394,,,2026-08-03 00:25:32
贵州省,长江流域,鱼市,2026-08-03 00:00,1,30.83,8.47,11.07,365.067,4.194209,0.81,0.009,0.02,0.864582,,,2026-08-03 00:25:32
贵州省,长江流域,凤山桥边,2026-08-03 00:00,2,24.6802,8.33,8.54,582.39,2.1709,1.18,0.042,0.09,3.309,,,2026-08-03 00:25:32
贵州省,珠江流域,边外河,2026-08-03 00:00,1,24.28,8.07,8.09,308.09,2.96,0.86,,0.009,2.048,,,2026-08-03 00:25:32
云南省,珠江流域,阳宗海中,2026-08-03 00:00,2,24.96,,8.18,424.399,1.868,3.67,,0.013,0.634,0.00738,1324498,2026-08-03 00:25:32
云南省,滇池流域,严家村桥,2026-08-03 00:00,5,21.79424,7.29,2.35,486.4958,89.00518,2.04,0.446,0.16,6.213923,,,2026-08-03 00:25:32
云南省,滇池流域,草海中心,2026-08-03 00:00,4,23.74,8.77,9.41,367.72,15.9,6.02,,0.058,2.562,0.07371,7.182381,2026-08-03 00:25:32
云南省,滇池流域,灰湾中,2026-08-03 00:00,4,23.17,,8.01,392.042,58.607,6.74,0.087,0.09,0.785,0.01343,1.436813,2026-08-03 00:25:32
云南省,滇池流域,观音山中,2026-08-03 00:00,4,23.18,9,5.93,333.883,10.873,6.26,,0.054,1.225,0.00853,9.66112,2026-08-03 00:25:32
云南省,滇池流域,观音山西,2026-08-03 00:00,4,23.55,8.94,7.16,413.03,34.6,6.66,0.083,0.07,0.61,0.005,4.246903,2026-08-03 00:25:32
云南省,滇池流域,海口西,2026-08-03 00:00,4,23.01,,3.76,418.3,29.07,5.48,,0.051,0.858,0.01252,4.46607,2026-08-03 00:25:32
云南省,滇池流域,滇池南,2026-08-03 00:00,4,22.91,,7.3,420.67,64.36,7.22,0.003,0.051,0.666,0.0491,1.268485,2026-08-03 00:25:32
云南省,珠江流域,抚仙湖心,2026-08-03 00:00,1,23.72,8.8,8.05,288.71,2.262,1.44,0.029,0.01,0.105,0.00379,1.081863,2026-08-03 00:25:32
云南省,珠江流域,杞麓湖心,2026-08-03 00:00,4,23.82,,6.59,763.48,6.55,6.32,,0.014,1.574,0.03946,9283354,2026-08-03 00:25:32
云南省,珠江流域,星云湖心,2026-08-03 00:00,3,24.18,,5.7,511.583,2.39,,,0.018,0.687,0.00444,2.791194,2026-08-03 00:25:32
云南省,西南诸河,土卡河水文站,2026-08-03 00:00,2,26.61066,7.81,6.82,212.5843,60.62147,1.17,,0.023,1.000099,,,2026-08-03 00:25:32
云南省,西南诸河,中越桥,2026-08-03 00:00,2,25.38,8.03,9.2,282.7513,203.631,1.08,,0.082,3.2429,,,2026-08-03 00:25:32
云南省,西南诸河,河口县医院,2026-08-03 00:00,4,27.06862,7.16,7.52,271.9413,179.6757,2.49,,0.246,1.828432,,,2026-08-03 00:25:32
云南省,珠江流域,异龙湖中,2026-08-03 00:00,4,26.74,8.65,8.57,451.98,3.378,6.73,,0.012,0.398,0.02481,183577,2026-08-03 00:25:32
云南省,西南诸河,天保农场,2026-08-03 00:00,2,23.83,8.19,8.85,373.1,24.78,1.28,,0.048,3.4446,,,2026-08-03 00:25:32
云南省,西南诸河,洱海湖心,2026-08-03 00:00,3,23.82,8.64,6.48,287.37,3.88,4.77,0.01,0.026,0.533,0.01854,1.00096,2026-08-03 00:25:32
陕西省,黄河流域,三郎村,2026-08-03 00:00,5,27.29,7.29,4.25,447.015,34.116,4.23,1.545,0.207,4.7229,,,2026-08-03 00:25:32
陕西省,长江流域,黄牛铺,2026-08-03 00:00,2,26.14,7.33,6.72,,0.4437,,,,,,,2026-08-03 00:25:32
陕西省,黄河流域,卧龙寺桥,2026-08-03 00:00,3,20.48,8.02,8.11,415.2919,392.7798,5.71,,0.088,4.273,,,2026-08-03 00:25:32
陕西省,长江流域,灶火庵,2026-08-03 00:00,4,19.43,8.18,8.35,211.1642,280.6772,6.59,,0.073,1.9588,,,2026-08-03 00:25:32
陕西省,黄河流域,昝家山,2026-08-03 00:00,4,24.48,8.42,8.21,502.023,1949.295,6.82,0.05,0.225,3.8161,,,2026-08-03 00:25:32
陕西省,黄河流域,温家川,2026-08-03 00:00,4,23.91,8.29,6.85,1041.346,1396.082,8.91,,0.111,2.9191,,,2026-08-03 00:25:32
陕西省,黄河流域,高家川,2026-08-03 00:00,4,22.62,8.36,7.99,720.979,731.6882,5.28,,0.257,2.3421,,,2026-08-03 00:25:32
陕西省,长江流域,老君关,2026-08-03 00:00,4,27.56,7.59,4.57,267.3741,73.3034,2.11,0.023,0.035,1.14,,,2026-08-03 00:25:32
陕西省,长江流域,构峪口,2026-08-03 00:00,2,24.82,7.77,7.34,345.532,68.3603,2.6,,0.024,1.445,,,2026-08-03 00:25:32
陕西省,长江流域,丹凤下,2026-08-03 00:00,6,22.31,8.04,8.02,342.6593,2371.758,13.18,,1.311,1.7283,,,2026-08-03 00:25:32
甘肃省,黄河流域,新城桥,2026-08-03 00:00,2,17.98,8.27,7.26,563.31,129.927,2.43,0.089,0.074,1.7146,,,2026-08-03 00:25:32
甘肃省,黄河流域,湟水桥,2026-08-03 00:00,2,21.06,8.5,7.65,811.086,149.805,1.54,0.095,0.066,2.925,,,2026-08-03 00:25:32
甘肃省,黄河流域,五佛寺,2026-08-03 00:00,2,19.44884,8.25,7.02,660.4762,320.6097,2.44,0.369,0.021,3.149,,,2026-08-03 00:25:32
甘肃省,长江流域,固水子村,2026-08-03 00:00,3,18.65,8.27,7.88,334,623,2.7,,0.125,1.14,,,2026-08-03 00:25:32
宁夏回族自治区,黄河流域,平罗黄河大桥,2026-08-03 00:00,2,23.26,8.22,6.59,981.16,1258.05,1.71,,0.053,2.846,,,2026-08-03 00:25:32
宁夏回族自治区,黄河流域,麻黄沟,2026-08-03 00:00,3,23.57,8.03,5.93,957.126,,1.91,,0.045,3.1033,,,2026-08-03 00:25:32
宁夏回族自治区,黄河流域,中卫下河沿,2026-08-03 00:00,2,21.5,8.19,7.22,640.9,437.7,2.36,,0.081,2.268,,,2026-08-03 00:25:32
北京市,海河流域,鼓楼外大街,2026-08-03 00:00,4,26.54,7.28,3.85,434.51,19.14,7.11,0.517,0.148,5.147,,,2026-08-03 01:29:46
北京市,海河流域,广北滨河路,2026-08-03 01:00,2,26.79,7.54,6.73,305.54,48.37,2.57,0.204,0.029,2.94,,,2026-08-03 01:29:46
北京市,海河流域,沙窝,2026-08-03 00:00,4,30.47,7.5,4.24,829.5,39.702,4.46,0.06,0.122,3.972,,,2026-08-03 01:29:46
北京市,海河流域,新八里桥,2026-08-03 01:00,6,28.85,7.25,1.48,624.968,16.229,3.13,1.026,0.114,6.667,,,2026-08-03 01:29:46
北京市,海河流域,大红门闸上,2026-08-03 01:00,6,25.23,7.28,1.03,1085.2,24.279,2.68,5.544,0.064,12.298,,,2026-08-03 01:29:46
北京市,海河流域,南大荒桥,2026-08-03 01:00,2,28.91,8.33,7.06,843.1,28.77,3.5,0.067,0.045,1.983,,,2026-08-03 01:29:46
北京市,海河流域,清河闸,2026-08-03 01:00,3,23.47,7.58,5.68,728.45,86.077,3.52,0.142,0.058,5.748,,,2026-08-03 01:29:46
北京市,海河流域,花园路,2026-08-03 01:00,5,25.88,7.43,5.3,294.716,103.12,7.8,0.794,0.309,7.141,,,2026-08-03 01:29:46
北京市,海河流域,白石桥,2026-08-03 01:00,3,26.09,7.27,5.45,272.59,16.02,3.97,0.279,0.036,3.76,,,2026-08-03 01:29:46
北京市,海河流域,八间房漫水桥,2026-08-03 01:00,6,30.3,7.42,1.86,820.51,12.46,3.24,0.241,0.088,2.8973,,,2026-08-03 01:29:46
北京市,海河流域,码头,2026-08-03 01:00,4,29.13,7.26,3.39,603.75,57.995,3.59,0.91,0.12,3.893,,,2026-08-03 01:29:46
北京市,海河流域,罗庄,2026-08-03 01:00,5,32.48,7.51,2.09,1252.353,6.208625,3.71,0.041,0.127,5.5091,,,2026-08-03 01:29:46
北京市,海河流域,小屯桥,2026-08-03 01:00,4,31.72,7.66,4.12,1260.698,15.28049,4.68,0.18,0.246,4.2121,,,2026-08-03 01:29:46
北京市,海河流域,密云水库,2026-08-03 01:00,2,29.57471,8.19,9.39,416.1451,2.68479,2.55,0.078,0.007,3.562531,,,2026-08-03 01:29:46
北京市,海河流域,大关桥,2026-08-03 01:00,3,30.88,7.99,5.26,426.93,60.06,2.82,0.189,0.036,4.3451,,,2026-08-03 01:29:46
北京市,海河流域,辛庄桥,2026-08-03 01:00,2,28,7.94,7.07,520.894,57.96664,1.87,,0.023,6.9151,,,2026-08-03 01:29:46
北京市,海河流域,谷家营,2026-08-03 01:00,2,30.07,8.03,9.74,542.732,3.093,2.71,0.065,0.029,3.33,,,2026-08-03 01:29:46
北京市,海河流域,后城,2026-08-03 01:00,3,22.16,8.28,8.52,534.636,115.4207,3,0.017,0.157,11.0701,,,2026-08-03 01:29:46
天津市,海河流域,三岔口,2026-08-03 00:00,6,32.25,7.62,0.1,1335.823,35.50156,4.25,0.333,0.12,0.97796,,,2026-08-03 01:29:46
天津市,海河流域,井冈山桥,2026-08-03 01:00,5,31.51,7.58,2.48,1296.371,40.76803,4.56,1.191,0.168,2.8391,,,2026-08-03 01:29:46
天津市,海河流域,大红桥,2026-08-03 01:00,6,31.96,7.35,0.1,1366.039,34.17025,4.78,0.491,0.088,2.7371,,,2026-08-03 01:29:46
天津市,海河流域,曹庄子泵站,2026-08-03 01:00,3,31.64,7.74,5.68,263.7,1.54,1.53,0.051,0.006,0.788,,,2026-08-03 01:29:46
天津市,海河流域,生产圈闸,2026-08-03 01:00,6,29.57295,7.41,0.004,1215.709,41.48977,4.91,1.806,0.166,3.215037,,,2026-08-03 01:29:46
天津市,海河流域,尔王庄泵站,2026-08-03 00:00,2,31.97,7.75,7.32,244.003,14.96755,2.13,,,0.5511,,,2026-08-03 01:29:46
天津市,海河流域,塘汉公路桥,2026-08-03 00:00,6,27.5,7.49,1.55,1093.976,50.57003,5.08,0.202,0.175,4.1941,,,2026-08-03 01:29:46
天津市,海河流域,海河大闸,2026-08-03 00:00,6,28.85,7.57,1.87,2685.246,13.4372,4.37,0.822,0.195,3.1537,,,2026-08-03 01:29:46
天津市,海河流域,北排水河防潮闸,2026-08-03 01:00,6,19.9,8.09,1.72,1837.8,25.0513,4.15,0.036,0.076,0.7658,,,2026-08-03 01:29:46
天津市,海河流域,沧浪渠出境,2026-08-03 01:00,5,31.02,7.9,2.93,4307.7,449.841,6.04,0.326,0.171,3.232,,,2026-08-03 01:29:46
天津市,海河流域,万家码头,2026-08-03 00:00,6,29.45,7.53,1.79,1517.89,20.45,0.87,0.052,0.089,1.116,,,2026-08-03 01:29:46
天津市,海河流域,青静黄防潮闸,2026-08-03 01:00,4,32.16261,8.05,7.32,5166.314,22.28548,7.77,0.107,0.104,1.010121,,,2026-08-03 01:29:46
天津市,海河流域,马棚口防潮闸,2026-08-03 01:00,4,30.9,7.6,4.43,1789.5,193.0389,6.27,0.255,0.07,1.912,,,2026-08-03 01:29:46
天津市,海河流域,阎辛庄,2026-08-03 01:00,4,,,,,,4.78,0.038,0.285,5.576746,,,2026-08-03 01:29:46
天津市,海河流域,于桥水库库中心,2026-08-03 01:00,3,30.91,8.96,12.94,358.53,6.82,5.71,,0.035,3.093,0.06317,,2026-08-03 01:29:46
天津市,海河流域,于桥水库出口,2026-08-03 00:00,3,30.21,8.9,13.53,353.269,10.11817,4.95,0.019,0.04,3.4141,,,2026-08-03 01:29:46
天津市,海河流域,黎河桥,2026-08-03 01:00,3,27.91,7.58,6.84,676.3,16.25,3.72,0.212,0.169,9.699,,,2026-08-03 01:29:46
天津市,海河流域,沙河桥,2026-08-03 00:00,2,27.55,7.88,10.58,521.09,21.963,1.58,0.011,0.039,9.973,,,2026-08-03 01:29:46
天津市,海河流域,果河桥,2026-08-03 00:00,2,29.65,8.3,10.66,599.8044,8.7381,2.22,0.033,0.082,9.368,,,2026-08-03 01:29:46
天津市,海河流域,西屯桥,2026-08-03 00:00,4,29.14,7.36,3.55,451.83,79.3592,4.41,0.123,0.075,3.17,,,2026-08-03 01:29:46
河北省,海河流域,下槐镇,2026-08-03 00:00,3,28.78,8.17,7.1,504.882,451.8281,2.8,,0.101,3.1131,,,2026-08-03 01:29:46
河北省,海河流域,地都,2026-08-03 01:00,4,23.19,7.43,5.87,940.981,315.389,3.79,1.464,0.114,6.045,,,2026-08-03 01:29:46
河北省,海河流域,平山桥,2026-08-03 01:00,2,27.83,7.88,6.43,1319.03,20.09,1.69,0.053,0.032,5.443,,,2026-08-03 01:29:46
河北省,海河流域,兆通,2026-08-03 00:00,1,31.18,8.6,9.08,291.95,3.67,1.92,0.006,0.007,0.875,,,2026-08-03 01:29:46
河北省,海河流域,大石桥,2026-08-03 01:00,3,30.78233,7.98,7.05,1103.874,20.87725,5.55,0.056,0.147,10.29331,,,2026-08-03 01:29:46
河北省,海河流域,涧河口,2026-08-03 01:00,3,32.61196,8.47,9.98,695.7968,12.93813,4.91,0.028,0.066,3.921571,,,2026-08-03 01:29:46
河北省,海河流域,丰北闸,2026-08-03 01:00,4,34.16283,7.97,8.85,683.7037,19.39055,7.38,,0.084,3.827382,,,2026-08-03 01:29:46
河北省,海河流域,滦县大桥,2026-08-03 00:00,2,25.47,8.16,9.63,523.578,12.81097,2.51,0.033,0.029,5.0411,,,2026-08-03 01:29:46
河北省,海河流域,新开河口,2026-08-03 01:00,3,34.31322,7.05,5.86,46130.36,4.136336,2.13,0.08,0.025,1.161068,,,2026-08-03 01:29:46
河北省,海河流域,刘家庄,2026-08-03 01:00,5,23.35,8.36,7.26,493.0279,408.65,5.94,0.5,0.365,,,,2026-08-03 01:29:46
河北省,海河流域,岳城水库出口,2026-08-03 01:00,1,30.15,8.27,10.59,600.38,5.975686,1.55,0.003,0.001,2.7481,,,2026-08-03 01:29:46
河北省,海河流域,曲周,2026-08-03 00:00,5,31.63,7.45,2.58,825.83,21.837,2.99,0.001,0.106,3.093,,,2026-08-03 01:29:46
河北省,海河流域,沙阳,2026-08-03 00:00,3,32.04,7.92,6.5,656.6,175.75,4.41,,0.108,1.784,,,2026-08-03 01:29:46
河北省,海河流域,艾辛庄,2026-08-03 00:00,4,27.96608,7.49,4.71,742.106,116.0311,6.69,0.535,0.249,6.035427,,,2026-08-03 01:29:46
河北省,海河流域,后西吴桥,2026-08-03 00:00,4,32.35,7.69,3.33,621.99,57.58,4.76,1.107,0.295,5.3857,,,2026-08-03 01:29:46
河北省,海河流域,北河店,2026-08-03 00:00,6,29.37,7.42,0.73,577.3841,4.2635,1.81,0.006,0.02,6.338,,,2026-08-03 01:29:46
河北省,海河流域,白合,2026-08-03 00:00,6,27.76,8.21,7.49,407.08,764.32,7.02,,0.587,5.509,,,2026-08-03 01:29:46
河北省,海河流域,杜里村,2026-08-03 00:00,3,23.29,8.35,8.67,368.07,1789.47,5.25,,0.154,3.7321,,,2026-08-03 01:29:46
河北省,海河流域,温泉屯,2026-08-03 01:00,6,24.69,8.28,6.4,948.821,4346.43,9,0.117,0.892,19.9891,,,2026-08-03 01:29:46
河北省,海河流域,左卫桥,2026-08-03 01:00,5,24.03,8.39,8.16,706.199,3738.915,3.32,0.012,0.35,12.7621,,,2026-08-03 01:29:46
河北省,海河流域,四道甸,2026-08-03 01:00,3,26.39,8.42,7.44,441.986,70.94978,5.45,0.008,0.083,7.9801,,,2026-08-03 01:29:46
河北省,辽河流域,甸子,2026-08-03 01:00,2,23.85,7.68,6.23,339.24,48.96,3.5,0.007,0.093,4.591,,,2026-08-03 01:29:46
河北省,海河流域,何老营,2026-08-03 01:00,4,29.64481,8.02,3.12,3916.974,26.16837,7,,0.2,1.562721,,,2026-08-03 01:29:46
河北省,海河流域,大口河口,2026-08-03 00:00,4,30.03,7.84,4.78,12058.27,366.01,,,0.107,4.179,,,2026-08-03 01:29:46
河北省,海河流域,四埝村桥,2026-08-03 00:00,3,31.81,8.35,5.81,3104.476,25.16,5.91,0.024,0.1,1.1,,,2026-08-03 01:29:46
河北省,海河流域,大王务,2026-08-03 00:00,4,30.81,7.64,3.98,770.357,18.34802,8.92,0.003,0.216,1.1531,,,2026-08-03 01:29:46
河北省,海河流域,台头,2026-08-03 01:00,3,32.23603,7.48,5.41,1083.369,11.76606,3.6,0.033,0.052,0.3871,,,2026-08-03 01:29:46
河北省,海河流域,桑梓红旗闸,2026-08-03 00:00,3,28.94246,8.06,9.01,651.806,21.80917,5.95,,0.092,11.1081,,,2026-08-03 01:29:46
河北省,海河流域,小范桥,2026-08-03 00:00,3,32.16,8.71,8.3,801.212,1.149,4.6,0.003,0.034,0.4838,,,2026-08-03 01:29:46
河北省,海河流域,衡水湖大湖心,2026-08-03 00:00,3,31.41,8.66,9.45,1529.861,26.51,5.56,0.035,0.029,0.742,0.027796,1.728072,2026-08-03 01:29:46
河北省,海河流域,南张村,2026-08-03 01:00,2,32.65,8.41,8.11,309.82,8.869,2.13,0.05,0.012,0.7959,,,2026-08-03 01:29:46
河北省,海河流域,安州,2026-08-03 00:00,4,32.8,7.49,3.11,1076.291,47.9683,2.7,0.372,0.081,3.37,,,2026-08-03 01:29:46
河北省,海河流域,膳马庙村北,2026-08-03 00:00,4,32.26,7.6,4,1023.315,72.2483,7.07,0.651,0.156,3.6437,,,2026-08-03 01:29:46
河北省,海河流域,烧车淀,2026-08-03 01:00,2,32.27,8.34,12.82,530.1,4.1,2.7,0.008,,2.423,0.00136,3825438,2026-08-03 01:29:46
河北省,海河流域,圈头,2026-08-03 01:00,3,32.24,8.65,8.96,651.56,1.242,4.57,0.016,0.011,0.221,0.00298,1.149255,2026-08-03 01:29:46
河北省,海河流域,光淀张庄,2026-08-03 01:00,3,32.5,7.59,5.05,526.27,4.65,3.03,,0.024,1.52,0.00436,6288434,2026-08-03 01:29:46
山西省,黄河流域,韩武村,2026-08-03 01:00,6,27.76,7.37,1.5,990.1,44.59,6.99,2.383,0.269,6.679,,,2026-08-03 01:29:46
山西省,黄河流域,上兰,2026-08-03 01:00,2,22.05,8.31,7.32,628.457,4.587461,1.65,0.006,0.002,2.0761,,,2026-08-03 01:29:46
山西省,黄河流域,汾河水库出口,2026-08-03 01:00,1,26.36,8.31,7.56,735.133,3.133083,1.86,0.008,0.003,1.3991,0.0105054,299094,2026-08-03 01:29:46
山西省,海河流域,堡子湾,2026-08-03 01:00,5,20.7,8.02,5.68,743.234,334.2492,11.12,0.279,0.34,4.6711,,,2026-08-03 01:29:46
山西省,海河流域,册田水库出口,2026-08-03 01:00,4,20,7.94,4.44,1261.652,13.00156,3.18,0.245,0.167,1.2571,,,2026-08-03 01:29:46
山西省,海河流域,古家坡,2026-08-03 01:00,4,25.81,8.63,4.76,958.325,48.82344,8.34,0.022,0.199,2.0911,,,2026-08-03 01:29:46
山西省,海河流域,闫家庄大桥,2026-08-03 00:00,-1,,,,,,,,,,,,2026-08-03 01:29:46
山西省,海河流域,白羊墅,2026-08-03 00:00,6,26.07,7.42,2.65,1008.78,0.901,11.55,2.316,0.732,6.173,,,2026-08-03 01:29:46
山西省,海河流域,王家庄,2026-08-03 00:00,2,27.1,8.29,7.94,686.94,102.82,3.56,0.005,0.073,2.32,,,2026-08-03 01:29:46
山西省,海河流域,司徒桥,2026-08-03 00:00,4,27.83,7.63,4.19,530.061,30.5324,3.52,,0.043,1.877,,,2026-08-03 01:29:46
山西省,海河流域,关河水库出口,2026-08-03 00:00,4,25.2,7.52,4.31,608.55,4.654,4.12,0.109,0.025,0.8886,,,2026-08-03 01:29:46
山西省,海河流域,北寨,2026-08-03 00:00,3,25.7,7.53,5.89,679.36,43.01,4.18,0.541,0.094,4.3514,,,2026-08-03 01:29:46
山西省,海河流域,后湾水库出口,2026-08-03 00:00,4,25.64,7.87,4.41,493.6,4.51,2.93,0.007,0.026,1.167,,,2026-08-03 01:29:46
山西省,黄河流域,龙头,2026-08-03 01:00,3,24,8.11,6.25,561.05,117.11,4.48,,0.056,3.329,,,2026-08-03 01:29:46
山西省,黄河流域,拴驴泉,2026-08-03 01:00,1,25.39,8.2,8.46,730.2546,18.7367,1.39,,0.016,4.0352,,,2026-08-03 01:29:46
山西省,黄河流域,张峰水库出口,2026-08-03 01:00,2,26.777,8.26,7.74,531.5093,8.112,2.17,0.008,0.004,3.0823,,,2026-08-03 01:29:46
山西省,海河流域,东榆林水库出口,2026-08-03 01:00,3,27.14,8.1,5.61,667.419,20.83414,3.76,0.092,0.086,1.9321,,,2026-08-03 01:29:46
山西省,黄河流域,杀虎口,2026-08-03 01:00,3,22.75,8.21,6.65,415.42,135.2531,5.07,0.003,0.091,0.8121,,,2026-08-03 01:29:46
山西省,海河流域,王寨村,2026-08-03 00:00,2,26.54,8.15,6.58,689.679,71.239,1.69,,0.045,2.642,,,2026-08-03 01:29:46
山西省,黄河流域,安固桥,2026-08-03 00:00,5,27.16,7.59,2.86,1651.794,84.4514,6.38,1.242,0.179,8.0805,,,2026-08-03 01:29:46
山西省,黄河流域,郝村,2026-08-03 00:00,4,25.65,7.71,4.16,1106.814,43.7402,5.94,0.176,0.123,1.3011,,,2026-08-03 01:29:46
山西省,黄河流域,龙门,2026-08-03 00:00,2,26.06,8.33,7.19,999.3693,2963.686,2.92,,0.086,1.939,,,2026-08-03 01:29:46
山西省,黄河流域,张留庄,2026-08-03 01:00,6,26.37,7.95,2.77,4969.086,151.587,5.64,2.79,0.262,12.334,,,2026-08-03 01:29:46
山西省,黄河流域,上亳城,2026-08-03 01:00,4,25.57,7.97,6.65,875.13,43.628,1.99,,0.299,5.6963,,,2026-08-03 01:29:46
山西省,黄河流域,小韩村,2026-08-03 00:00,6,26.53,7.51,0.53,1320.18,51.387,7.38,5.829,0.447,5.027,,,2026-08-03 01:29:46
山西省,海河流域,梵王寺,2026-08-03 01:00,4,19.59,7.82,7.63,630.583,3749.567,8.94,,0.169,1.0051,,,2026-08-03 01:29:46
山西省,海河流域,代县桥,2026-08-03 01:00,2,22.82,7.89,6.75,655.322,2046.561,1.31,0.009,0.051,5.2031,,,2026-08-03 01:29:46
山西省,海河流域,定襄桥,2026-08-03 00:00,6,26.68,8.14,6.1,680.024,3198.605,9.51,0.003,0.464,,,,2026-08-03 01:29:46
山西省,海河流域,南庄,2026-08-03 00:00,3,25.89,8.19,7.08,581.424,222.8431,3.54,,0.122,6.3471,,,2026-08-03 01:29:46
山西省,海河流域,坪上桥,2026-08-03 01:00,3,21.71,8.15,7.54,420.891,301.2752,4.3,0.013,0.195,10.9461,,,2026-08-03 01:29:46
山西省,黄河流域,河西村,2026-08-03 01:00,5,22.22,8.06,6.64,426.9,,4.64,0.023,0.304,7.41,,,2026-08-03 01:29:46
山西省,黄河流域,上平望,2026-08-03 00:00,3,28.39,7.65,5.88,1054.39,322.12,4.7,0.075,0.047,5.171,,,2026-08-03 01:29:46
山西省,黄河流域,黑城村,2026-08-03 01:00,3,22.89,8.14,8.22,612.759,3447.582,4.16,0.069,0.084,3.094,,,2026-08-03 01:29:46
山西省,黄河流域,曲立,2026-08-03 01:00,6,21.79,7.65,2,336.398,2652.456,9.44,0.015,0.608,3.7911,,,2026-08-03 01:29:46
山西省,黄河流域,裴家川口,2026-08-03 01:00,6,21.97,8.23,7.25,442.9,3178.472,8.02,0.011,0.44,6.6851,,,2026-08-03 01:29:46
山西省,黄河流域,裴沟,2026-08-03 01:00,4,22.55,8.11,7.09,433.481,3268.015,5.48,0.746,0.226,4.1191,,,2026-08-03 01:29:46
山西省,黄河流域,三川河两河口桥,2026-08-03 01:00,4,24.18,7.81,6.63,434.379,2619.979,5.16,0.673,0.24,2.8161,,,2026-08-03 01:29:46
山西省,黄河流域,碧村,2026-08-03 01:00,6,22.16,8.35,8.89,543.891,3058.874,9.13,2.765,0.672,8.3041,,,2026-08-03 01:29:46
山西省,黄河流域,北峪口,2026-08-03 01:00,2,20.75781,8.01,6.78,490.695,32.13756,2.18,0.087,0.03,2.3491,,,2026-08-03 01:29:46
山西省,黄河流域,南姚,2026-08-03 00:00,6,28.64,7.46,1.39,950.07,40.46,5.4,1.529,0.147,5.257,,,2026-08-03 01:29:46
内蒙古自治区,黄河流域,磴口,2026-08-03 00:00,2,23.84,8.31,7.48,931.3634,150.7793,0.3,0.051,0.036,1.96251,,,2026-08-03 01:29:46
内蒙古自治区,松花江流域,根河口内,2026-08-03 01:00,5,21.63,6.63,6.06,83.32,45.42,11.87,,0.06,0.472,,,2026-08-03 01:29:46
内蒙古自治区,松花江流域,陶海,2026-08-03 00:00,5,22.9,7.18,7.23,127.4,35.1,10.49,,0.105,0.465,,,2026-08-03 01:29:46
内蒙古自治区,松花江流域,嵯岗,2026-08-03 01:00,5,27.34,7.46,5.24,194.221,21.891,10.72,,0.132,0.618,,,2026-08-03 01:29:46
内蒙古自治区,松花江流域,成吉思汗,2026-08-03 01:00,2,21.2,7.09,8.25,129.48,23.66,3.74,,0.037,1.065,,,2026-08-03 01:29:46
内蒙古自治区,松花江流域,讷尔克气,2026-08-03 00:00,5,17.85,6.68,7.15,56.31,40.537,12.43,,0.063,1.022,,,2026-08-03 01:29:46
内蒙古自治区,黄河流域,总排干入黄口,2026-08-03 01:00,4,22.797,8.86,7.32,3044.818,121.003,7.45,0.133,0.074,1.3672,,,2026-08-03 01:29:46
内蒙古自治区,黄河流域,三盛公,2026-08-03 00:00,2,27.58187,8.49,7.93,858.0328,334.9721,2.12,0.076,0.036,1.42068,,,2026-08-03 01:29:46
内蒙古自治区,黄河流域,卧佛下,2026-08-03 00:00,5,18.36,8.18,6.87,666.5916,887.8093,11.02,0.869,0.079,9.32533,,,2026-08-03 01:29:46
内蒙古自治区,松花江流域,大山矿,2026-08-03 00:00,3,18.7,7.77,7.51,127.1,3,4.55,,0.038,0.391,,,2026-08-03 01:29:46
内蒙古自治区,松花江流域,察尔森水库西入口,2026-08-03 01:00,3,26.81,8.24,7.08,163.56,28.61,4.01,0.028,0.029,1.588,0.01468,1406590,2026-08-03 01:29:46
辽宁省,辽河流域,蒲河沿,2026-08-03 01:00,6,29.51,7.41,0.05,564.3,14.2,5.55,0.161,0.174,2.0134,,,2026-08-03 01:29:46
辽宁省,辽河流域,巨流河大桥,2026-08-03 01:00,4,27.62,7.9,6.96,515.5,285,7.9,,0.198,3.931,,,2026-08-03 01:29:46
辽宁省,辽河流域,城子坦,2026-08-03 00:00,6,31.6997,9.15,9.29,246.8806,3.05511,2.19,0.003,0.033,3.43431,,,2026-08-03 01:29:46
辽宁省,辽河流域,麦家,2026-08-03 00:00,4,32.33,7.55,4.58,333.5,26.3,4.89,0.402,0.22,1.842,,,2026-08-03 01:29:46
辽宁省,辽河流域,复州湾大桥,2026-08-03 00:00,2,31.4978,8.32,7.4,566.021,2.63911,3.15,0.012,0.071,3.753,,,2026-08-03 01:29:46
辽宁省,辽河流域,三台子,2026-08-03 00:00,3,31.92473,8.79,10.77,576.4497,14.57782,5.04,0.008,0.13,4.7267,,,2026-08-03 01:29:46
辽宁省,辽河流域,万泰,2026-08-03 00:00,2,31,8.88,10.81,145.385,5.81055,2.37,0.018,0.013,2.23284,,,2026-08-03 01:29:46
辽宁省,辽河流域,小姐庙,2026-08-03 00:00,3,28.89,7.76,5.91,472.2,17.5,3.4,0.124,0.135,4.427,,,2026-08-03 01:29:46
辽宁省,辽河流域,口子街,2026-08-03 00:00,3,28.85,8.23,5.32,299.1,13.6201,1.61,0.025,0.022,3.05,,,2026-08-03 01:29:46
辽宁省,辽河流域,关门山大桥,2026-08-03 01:00,4,26.16,7.58,4.34,345.698,27.422,1.9,,0.03,5.515,,,2026-08-03 01:29:46
辽宁省,辽河流域,大伙房水库,2026-08-03 01:00,3,24.38,6.66,7.16,203.84,27.93,4.06,0.077,0.098,4.169,,,2026-08-03 01:29:46
辽宁省,辽河流域,北太子河入观音阁水库口,2026-08-03 01:00,2,25.55,7.6,7.29,249.3125,27.7463,2,0.028,0.024,7.612556,,,2026-08-03 01:29:46
辽宁省,辽河流域,老官砬子,2026-08-03 01:00,2,20.99,7.65,8.23,314,9.5,2.16,0.042,0.028,3.727,,,2026-08-03 01:29:46
辽宁省,辽河流域,兴安,2026-08-03 01:00,4,22.58,7.49,4.96,403.4,15.8,2.38,0.132,0.05,3.874,,,2026-08-03 01:29:46
辽宁省,辽河流域,凤鸣电站,2026-08-03 00:00,2,20.33,7.59,7.23,223,19.135,2.14,0.021,0.036,3.417,,,2026-08-03 01:29:46
辽宁省,辽河流域,南太子河入库口,2026-08-03 00:00,2,26.16,7.34,6.17,177,2.87,0.87,0.012,0.007,5.968,,,2026-08-03 01:29:46
辽宁省,辽河流域,蒲石河大桥,2026-08-03 00:00,2,25.21,7.31,7.21,200.12,3.313,1.3,0.088,0.017,3.847,,,2026-08-03 01:29:46
辽宁省,辽河流域,王家沟,2026-08-03 00:00,2,25.86,8.1,8.02,737.32,17.4,2.59,,0.038,4.927,,,2026-08-03 01:29:46
辽宁省,辽河流域,张家堡,2026-08-03 01:00,2,29.46,8.12,6.56,676.02,22.035,3.93,0.001,0.052,5.324,,,2026-08-03 01:29:46
辽宁省,辽河流域,女儿河入河口,2026-08-03 00:00,2,30.86,8.07,10.56,755.69,19.81,2.19,0.001,0.042,6.49,,,2026-08-03 01:29:46
辽宁省,辽河流域,何家信子,2026-08-03 00:00,3,29.89,7.82,5.07,443.2,10.06,3.65,0.149,0.035,1.978,,,2026-08-03 01:29:46
辽宁省,辽河流域,高台子,2026-08-03 00:00,6,20.01,7.63,0.56,780.697,75.344,4.8,0.079,0.133,3.299,,,2026-08-03 01:29:46
辽宁省,辽河流域,茧场,2026-08-03 00:00,2,30.76,8.27,7.17,277.052,8.31925,1.85,0.012,0.013,4.07734,,,2026-08-03 01:29:46
辽宁省,辽河流域,大清河口,2026-08-03 00:00,4,32.57,8.95,19.79,485.36,18.484,7.7,0.104,0.08,4.575,,,2026-08-03 01:29:46
辽宁省,辽河流域,下口子,2026-08-03 00:00,2,22.17,7.9,6.42,408.6,19.2,2.66,0.039,0.078,3.748,,,2026-08-03 01:29:46
辽宁省,辽河流域,河洪桥,2026-08-03 00:00,3,28.4695,7.67,5.75,629.754,51.9961,4.54,0.365,0.137,4.328,,,2026-08-03 01:29:46
辽宁省,辽河流域,二道河水库口,2026-08-03 00:00,3,23.057,7.9,5.69,410.122,4.69538,1.19,0.004,0.008,3.584,,,2026-08-03 01:29:46
辽宁省,辽河流域,下王家,2026-08-03 00:00,2,24.8397,7.51,7.49,392.615,16.0931,2.26,0.001,0.033,4.19,,,2026-08-03 01:29:46
辽宁省,辽河流域,汤河桥,2026-08-03 01:00,3,28.36,7.5,5.54,525.8,8.16798,1.26,0.071,0.036,3.82,,,2026-08-03 01:29:46
辽宁省,辽河流域,下达河入汤河水库口,2026-08-03 00:00,3,25.6806,7.85,5.81,457.494,9.693,2.04,0.028,0.023,4.085,,,2026-08-03 01:29:46
辽宁省,辽河流域,胜利塘,2026-08-03 00:00,6,29.48,7.63,1.02,983.76,46.3,6.55,0.069,0.128,2.072,,,2026-08-03 01:29:46
辽宁省,辽河流域,鲜峰桥,2026-08-03 01:00,4,30.52,8,17.21,646.672,56.571,8.1,0.073,0.119,7.606,,,2026-08-03 01:29:46
辽宁省,辽河流域,清辽,2026-08-03 01:00,3,25.22,7.7,6.82,455.5,12.4,3.49,0.338,0.132,8.54,,,2026-08-03 01:29:46
辽宁省,辽河流域,通江口,2026-08-03 01:00,4,30.23,8.42,9.99,691.68,137.81,8.91,,0.235,4.711,,,2026-08-03 01:29:46
辽宁省,辽河流域,松树水文站,2026-08-03 01:00,2,27.82,7.76,6.42,406.98,35.9,3.24,0.03,0.053,9.015,,,2026-08-03 01:29:46
辽宁省,辽河流域,亮子河入河口,2026-08-03 00:00,4,27.93,7.49,4.15,551.88,55.24,5.86,0.073,0.272,5.313,,,2026-08-03 01:29:46
辽宁省,辽河流域,凌鸿大桥,2026-08-03 01:00,2,29.91,8.08,6.12,725.4,11.1,2.05,,0.033,10.51,,,2026-08-03 01:29:46
辽宁省,辽河流域,大凌河西支入河口,2026-08-03 01:00,3,23.43,7.94,6.77,921.23,40.851,5.27,,0.072,19.746,,,2026-08-03 01:29:46
辽宁省,辽河流域,李家湾大桥,2026-08-03 00:00,4,21.5,7.69,7.62,540.6,288.6,6.39,0.021,0.198,4.245,,,2026-08-03 01:29:46
辽宁省,辽河流域,王家窝棚,2026-08-03 01:00,3,26.49,7.55,5.48,533.1,14.2,2.19,,0.103,5.464,,,2026-08-03 01:29:46
辽宁省,辽河流域,红石碑入海前,2026-08-03 00:00,2,31.64,8.35,16.11,1057.28,8.186,3.76,0.027,0.073,5.63,,,2026-08-03 01:29:46
辽宁省,辽河流域,小渔场,2026-08-03 00:00,3,28.65,8.19,5.74,562.883,13.971,2.09,0.195,0.026,5.322,,,2026-08-03 01:29:46
吉林省,松花江流域,砖瓦窑桥,2026-08-03 01:00,-1,,,,,,,,,,,,2026-08-03 01:29:46
吉林省,松花江流域,镇江口,2026-08-03 00:00,4,23.88,7.45,6.89,206.4,209.94,5.55,,0.208,4.986,,,2026-08-03 01:29:46
吉林省,松花江流域,周家河口,2026-08-03 01:00,3,19.23,7.57,6.86,480.93,116.24,5.85,0.037,0.119,2.732,,,2026-08-03 01:29:46
吉林省,松花江流域,白旗,2026-08-03 00:00,3,19.8645,6.91,6.28,165.851,203.053,5.01,0.124,0.182,7.4747,,,2026-08-03 01:29:46
吉林省,松花江流域,白山大桥,2026-08-03 01:00,4,13.05,6.89,7.32,110.24,63.826,6.98,0.032,0.071,1.954,,,2026-08-03 01:29:46
吉林省,松花江流域,桦树林,2026-08-03 01:00,4,17.8,7.14,6.82,132.967,227.391,8.62,0.101,0.214,3.736,0.01532,745472,2026-08-03 01:29:46
吉林省,松花江流域,官厅桥,2026-08-03 00:00,3,25.61,7.16,6.89,187.8,70.42,5.92,0.105,0.146,5.024,,,2026-08-03 01:29:46
吉林省,松花江流域,烟筒山,2026-08-03 00:00,3,27.19,7.72,7.41,294.325,153.47,5.38,0.113,0.141,5.713,,,2026-08-03 01:29:46
吉林省,辽河流域,四双大桥,2026-08-03 00:00,4,27.85,7.68,4.96,422.97,1444.29,8.23,,0.272,2.827,,,2026-08-03 01:29:46
吉林省,辽河流域,城子上,2026-08-03 00:00,3,26.89,7.69,7.08,469.87,67.53,4.28,,0.084,1.827,,,2026-08-03 01:29:46
吉林省,辽河流域,六家子,2026-08-03 01:00,6,25.39,7.5,4.75,681.1,196.5,8.86,0.71,0.414,9.5576,,,2026-08-03 01:29:46
吉林省,辽河流域,林家,2026-08-03 01:00,4,27.32,7.78,8.65,919.8422,46.922,9.91,,0.184,6.165,,,2026-08-03 01:29:46
吉林省,辽河流域,河清,2026-08-03 01:00,3,22.09,7.65,5.1,539.9,81.77,5.19,0.001,0.119,5.198,,,2026-08-03 01:29:46
吉林省,辽河流域,民主,2026-08-03 00:00,2,26.494,8.33,7.73,280.9,15.864,3.51,0.012,0.03,3.779,,,2026-08-03 01:29:46
吉林省,松花江流域,高集岗桥,2026-08-03 00:00,6,25.32,7.5,7.52,192.8,1103.4,11.65,0.519,0.444,,,,2026-08-03 01:29:46
吉林省,辽河流域,云峰,2026-08-03 01:00,3,18.205,7.14,5.17,141.815,28.5644,2.17,0.036,0.024,1.865,,,2026-08-03 01:29:46
吉林省,辽河流域,老虎哨,2026-08-03 01:00,2,21.218,7.3,6.98,110.935,17.8821,1.86,0.025,0.011,2.355,,,2026-08-03 01:29:46
吉林省,辽河流域,鸠谷,2026-08-03 01:00,3,15.4,7.51,9.67,116.3,22.1,4.09,0.071,0.07,1.592,,,2026-08-03 01:29:46
吉林省,辽河流域,葫芦套,2026-08-03 00:00,3,24.42,7.72,8.34,123.696,43.729,4.3,0.024,0.072,1.545,,,2026-08-03 01:29:46
吉林省,辽河流域,大阳岔,2026-08-03 00:00,2,10.52,7.82,7.43,297.187,3.881,0.52,,0.018,1.594,,,2026-08-03 01:29:46
吉林省,松花江流域,松林,2026-08-03 01:00,3,25.02,6.59,7.32,176.95,88.17,5.53,0.302,0.169,3.629,,,2026-08-03 01:29:46
吉林省,松花江流域,白沙滩,2026-08-03 01:00,4,25.44,7.49,7.45,145.82,75.49,9.14,0.365,0.198,2.679,,,2026-08-03 01:29:46
吉林省,松花江流域,月亮湖下,2026-08-03 01:00,4,28.81,7.47,5.19,150.35,52.74,6.75,0.033,0.12,1.226,,,2026-08-03 01:29:46
吉林省,松花江流域,崇善,2026-08-03 00:00,6,17.65,7.08,8.59,99.657,33.946,10.85,0.024,0.459,2.36,,,2026-08-03 01:29:46
吉林省,松花江流域,石井,2026-08-03 00:00,4,22.15,7.57,7.7,211.419,255.025,7.34,0.148,0.223,2.232,,,2026-08-03 01:29:46
吉林省,松花江流域,三家子,2026-08-03 00:00,4,27.33,6.33,7.95,,13.16,7.01,0.063,0.08,2.036,,,2026-08-03 01:29:46
吉林省,松花江流域,建封路大桥,2026-08-03 00:00,4,15.74,7.65,9.28,175.71,93.674,7.26,0.062,0.078,0.72,,,2026-08-03 01:29:46
黑龙江省,松花江流域,苗家,2026-08-03 00:00,4,27.2,7.32,7.13,120.4,166.6,5.75,0.072,0.227,2.896,,,2026-08-03 01:29:46
黑龙江省,松花江流域,磨盘山水库出口,2026-08-03 01:00,4,25.83,7.62,9.34,62.582,9.089,6.46,0.026,0.046,2.131,0.0064,23680,2026-08-03 01:29:46
黑龙江省,松花江流域,朱顺屯,2026-08-03 00:00,4,28.2678,7.18,4.25,184.97,121.287,6.36,0.076,0.165,2.772,,,2026-08-03 01:29:46
黑龙江省,松花江流域,阿什河口内,2026-08-03 00:00,5,26.868,7.07,2.87,386.96,21.33,4.55,0.296,0.178,2.758,,,2026-08-03 01:29:46
黑龙江省,松花江流域,呼兰河口内,2026-08-03 01:00,6,24.48,7.28,4.42,230.91,816.27,17.82,0.864,0.529,4.391,,,2026-08-03 01:29:46
黑龙江省,松花江流域,大顶子山,2026-08-03 00:00,4,28.5379,7.2,4.1,193.006,211.877,8.08,0.122,0.103,9.447,,,2026-08-03 01:29:46
黑龙江省,松花江流域,查哈阳乡,2026-08-03 01:00,4,20.8,7.46,8.31,93.4,152.7,8.84,0.01,0.091,0.925,,,2026-08-03 01:29:46
黑龙江省,松花江流域,音河水库,2026-08-03 01:00,4,24.6,7.22,5.79,195.23,295.82,8.55,,0.183,2.019,,,2026-08-03 01:29:46
黑龙江省,松花江流域,浏园,2026-08-03 00:00,4,23.58,7.22,6.32,146.2,179.6,8.37,,0.125,3.405,,,2026-08-03 01:29:46
黑龙江省,松花江流域,江桥,2026-08-03 01:00,4,25.68,7.57,6.76,156.615,151.333,6.78,,0.116,4.423,,,2026-08-03 01:29:46
黑龙江省,松花江流域,富源村,2026-08-03 01:00,4,24.56,7.32,6.19,105.27,28.41,8.49,0.004,0.074,0.834,,,2026-08-03 01:29:46
黑龙江省,松花江流域,858九队,2026-08-03 00:00,4,23.36,6.74,4.74,173,87.2665,7.53,0.192,0.132,2.1481,,,2026-08-03 01:29:46
黑龙江省,松花江流域,穆棱河口内,2026-08-03 00:00,4,21.09,7.22,4.78,230.037,14.4346,4.84,0.071,0.088,2.3315,,,2026-08-03 01:29:46
黑龙江省,松花江流域,名山,2026-08-03 00:00,5,22.962,7.35,7.8,104.589,51.721,12.67,0.085,0.051,0.647,,,2026-08-03 01:29:46
黑龙江省,松花江流域,饶河上,2026-08-03 00:00,4,22.41,7.25,6.4,72.5,39.948,9.14,0.048,0.066,1.426,,,2026-08-03 01:29:46
黑龙江省,松花江流域,挠力河口内,2026-08-03 00:00,3,26.038,7.1,5.29,153.972,57.95,5.78,0.137,0.175,1.139,,,2026-08-03 01:29:46
黑龙江省,松花江流域,嫩江口内,2026-08-03 01:00,4,28.67,7.42,6.09,160.365,88.535,6.06,,0.113,1.737,,,2026-08-03 01:29:46
黑龙江省,松花江流域,友好,2026-08-03 00:00,6,19.94,6.91,8.05,75.018,33.673,21.55,0.025,0.096,2.146,,,2026-08-03 01:29:46
黑龙江省,松花江流域,嘉荫,2026-08-03 01:00,5,22.5,7.08,8.88,98.872,42.75,12.31,0.03,0.057,0.739,,,2026-08-03 01:29:46
黑龙江省,松花江流域,宏克利,2026-08-03 00:00,5,23.66,6.26,6.24,136.9,219.17,12.31,0.148,0.325,5.317,,,2026-08-03 01:29:46
黑龙江省,松花江流域,海浪,2026-08-03 00:00,5,18.92,6.76,9.62,68.9,873.92,13.24,0.417,0.351,,,,2026-08-03 01:29:46
黑龙江省,松花江流域,黑河下,2026-08-03 01:00,6,21.17,7.4,7.16,104.1686,54.8255,15.37,,0.062,0.4998,,,2026-08-03 01:29:46
黑龙江省,松花江流域,呼玛上,2026-08-03 01:00,5,21.679,6.82,7.78,106.123,26.695,14.82,0.057,0.109,1.17,,,2026-08-03 01:29:46
黑龙江省,松花江流域,呼玛河口内,2026-08-03 00:00,4,20.03,7.34,8.86,67.797,4.5,8.44,0.024,0.031,0.374,,,2026-08-03 01:29:46
黑龙江省,松花江流域,加格达奇上,2026-08-03 01:00,5,15.48,6.6,7.91,50.072,52.4648,13.34,,0.061,0.899,,,2026-08-03 01:29:46
上海市,长江流域,富锦路桥,2026-08-03 01:00,4,33.2,7.51,3.39,471.9,60.3,3.51,0.047,0.156,3.129,,,2026-08-03 01:29:46
上海市,太湖流域,明星路桥,2026-08-03 00:00,4,32.45,7.3,4.68,466.2729,49.50166,5.4,0.158,0.189,2.55162,,,2026-08-03 01:29:46
上海市,太湖流域,临江,2026-08-03 01:00,5,32.34,7.43,2.84,480.71,47.17,,,,,,,2026-08-03 01:29:46
上海市,太湖流域,闵行西界,2026-08-03 01:00,5,32.85,7.29,2.21,508.15,40.51,3.64,0.03,0.144,2.322,,,2026-08-03 01:29:46
上海市,太湖流域,吴淞口,2026-08-03 01:00,5,32.1,7.43,2.72,490.735,74.315,3.49,0.078,0.144,2.59,,,2026-08-03 01:29:46
上海市,太湖流域,蕴川路桥,2026-08-03 01:00,4,31.91,7.57,3.94,418.43,61.63,2.98,,0.129,2.177,,,2026-08-03 01:29:46
上海市,太湖流域,黄渡,2026-08-03 01:00,5,32.74,7.38,2.49,627,42.22,3.71,0.199,0.166,2.242,,,2026-08-03 01:29:46
上海市,太湖流域,三甲港,2026-08-03 01:00,3,32.21,7.72,5.65,354.6,71.52,2.33,0.114,0.092,1.523,,,2026-08-03 01:29:46
上海市,太湖流域,横潦泾,2026-08-03 01:00,5,32.58,7.26,2.68,461.34,53.32,4.48,,0.145,2.13,,,2026-08-03 01:29:46
上海市,太湖流域,斜塘口,2026-08-03 01:00,5,33.68,7.43,2.87,479.15,33.92,3.95,,0.08,1.644,,,2026-08-03 01:29:46
上海市,太湖流域,急水港桥,2026-08-03 01:00,5,32.37,7.3,2.52,562.8,9.5,3.52,0.007,0.083,1.511,0.0056,3439127,2026-08-03 01:29:46
上海市,太湖流域,淀峰,2026-08-03 01:00,3,32.74,8.88,6.15,506.34,109.86,5.03,0.027,0.14,1.375,,,2026-08-03 01:29:46
上海市,太湖流域,太浦河桥,2026-08-03 01:00,5,32.82,7.35,2.87,407.67,32.62,4.18,,0.103,1.52,,,2026-08-03 01:29:46
上海市,太湖流域,钱桥,2026-08-03 01:00,3,32.4,8,6.13,500.1,36.8,4.19,,0.127,1.825,,,2026-08-03 01:29:46
上海市,长江流域,七效港西桥,2026-08-03 01:00,3,29.71,8.45,9.05,401.34,69.97,3.51,,0.112,0.694,,,2026-08-03 01:29:46
上海市,长江流域,五效,2026-08-03 01:00,2,32.18,7.96,6.55,306.74,29.49,1.37,,0.04,1.212,,,2026-08-03 01:29:46
江苏省,长江流域,陈浅,2026-08-03 00:00,4,33.64,7.61,4.61,355,31.71,5.28,0.121,0.133,1.074,,,2026-08-03 01:29:46
江苏省,长江流域,七桥瓮,2026-08-03 00:00,3,32.79,7.59,8.67,354.03,23.38,3.66,0.052,0.104,1.464,,,2026-08-03 01:29:46
江苏省,长江流域,节制闸,2026-08-03 00:00,2,30.57,7.71,6.02,275.89,23.44,1.4,0.033,0.077,1.573,,,2026-08-03 01:29:46
江苏省,长江流域,钱家渡,2026-08-03 00:00,3,34.01,7.85,5.67,247.52,46.7,3.01,,0.065,1.145,,,2026-08-03 01:29:46
江苏省,太湖流域,锡东水厂,2026-08-03 01:00,3,33.06,8.52,6.4,456.18,30.97,2.45,0.021,0.03,0.602,0.00417,2849430,2026-08-03 01:29:46
江苏省,太湖流域,兰山嘴,2026-08-03 01:00,4,32.94,,8.5,344.02,54.43,5.68,,0.099,0.799,0.00706,1.189194,2026-08-03 01:29:46
江苏省,太湖流域,蠡桥,2026-08-03 00:00,2,33.81,7.69,6.02,506.38,54.63,3.46,0.276,0.072,1.166,,,2026-08-03 01:29:46
江苏省,太湖流域,百渎港桥,2026-08-03 00:00,6,33.79,7.4,1.94,447,38.35,2.63,0.049,0.125,1.953,,,2026-08-03 01:29:46
江苏省,太湖流域,殷村港桥,2026-08-03 01:00,5,33.86,7.26,2.79,402.87,35.64,4.16,0.065,0.134,1.562,,,2026-08-03 01:29:46
江苏省,太湖流域,大浦港桥,2026-08-03 01:00,3,34.16,7.67,5.91,421.8,56.7,4.78,,0.123,1.249,,,2026-08-03 01:29:46
江苏省,太湖流域,五牧,2026-08-03 00:00,6,37.62,7.11,4.51,335.82,31.56,3.54,0.229,1.058,2.275,,,2026-08-03 01:29:46
江苏省,太湖流域,拖山,2026-08-03 01:00,4,33.75,8.96,8.08,418.38,32.85,4.92,,0.063,0.818,0.01716,2.320942,2026-08-03 01:29:46
江苏省,太湖流域,五里湖心,2026-08-03 01:00,4,33.42,8.9,8.53,458.18,22.96796,4.56,,0.067,0.534,0.00878,3.174644,2026-08-03 01:29:46
江苏省,太湖流域,金潼桥,2026-08-03 00:00,3,31.31,7.77,5.61,265.8,36.43,1.95,0.02,0.064,1.624,,,2026-08-03 01:29:46
江苏省,太湖流域,大港桥,2026-08-03 01:00,2,31.8,7.79,7.92,148.01,2.03,2.7,0.03,0.026,0.772,,,2026-08-03 01:29:46
江苏省,太湖流域,长济桥,2026-08-03 01:00,3,30.72,7.74,5.38,265.8,13.57,1.77,0.007,0.087,1.464,,,2026-08-03 01:29:46
江苏省,太湖流域,钓邾大桥,2026-08-03 00:00,3,32.93,7.61,7.02,561.81,24.71,5.71,0.171,0.106,1.784,,,2026-08-03 01:29:46
江苏省,长江流域,小湾,2026-08-03 01:00,3,30.61,7.76,5.17,258.33,31.85,1.52,,0.061,1.342,,,2026-08-03 01:29:46
江苏省,淮河流域,港上桥,2026-08-03 00:00,4,34.07,7.65,7.97,399,4.95,6.17,0.153,0.052,3.083,,,2026-08-03 01:29:46
江苏省,淮河流域,李庄,2026-08-03 00:00,4,32.43,8.96,9.34,604.9,12.8,6.45,0.054,0.255,4.76,,,2026-08-03 01:29:46
江苏省,淮河流域,李集桥,2026-08-03 00:00,3,31.99,8.85,12.52,1406.42,6.54,5.8,0.07,0.056,0.704,,,2026-08-03 01:29:46
江苏省,淮河流域,华山闸,2026-08-03 00:00,3,32.56,8.71,9.19,1146.4,7.84,5,0.001,0.053,0.624,,,2026-08-03 01:29:46
江苏省,淮河流域,沙庄桥,2026-08-03 01:00,4,33.13,8.4,14.09,1264.1,33.4,9.38,0.883,0.169,2.95,,,2026-08-03 01:29:46
江苏省,淮河流域,张楼,2026-08-03 00:00,3,31.716,7.86,6.01,1243.726,11.983,4.03,0.042,0.067,1.444,,,2026-08-03 01:29:46
江苏省,淮河流域,沙集西闸,2026-08-03 00:00,4,32.8,7.55,4.59,1041.81,30.73,3.55,0.132,0.101,2.936,,,2026-08-03 01:29:46
江苏省,淮河流域,艾山西大桥,2026-08-03 00:00,4,33.218,8.44,10.68,867.193,26.869,7.17,,0.247,6.093,,,2026-08-03 01:29:46
江苏省,淮河流域,下楼公路桥,2026-08-03 00:00,6,31.1,7.19,7.81,798.6,23.79,9.15,0.094,0.405,2.0184,,,2026-08-03 01:29:46
江苏省,长江流域,魏村,2026-08-03 01:00,3,30.84,7.62,5.29,263.78,32.87,1.61,,0.065,1.531,,,2026-08-03 01:29:46
江苏省,太湖流域,姚巷桥,2026-08-03 01:00,2,34.28,8.14,8.19,404.79,21.66,3.95,0.097,0.073,1.933,,,2026-08-03 01:29:46
江苏省,太湖流域,黄埝桥,2026-08-03 00:00,3,31.23,7.68,5.21,303.1,44.48,1.7,0.053,0.092,1.573,,,2026-08-03 01:29:46
江苏省,太湖流域,落蓬湾,2026-08-03 00:00,3,34.02,7.8,7.66,303.7,44.6,5.26,0.043,0.066,1.411,,,2026-08-03 01:29:46
江苏省,太湖流域,九号桥,2026-08-03 00:00,3,30.22,7.67,5.03,310.9,16.1,1.84,0.008,0.067,1.434,,,2026-08-03 01:29:46
江苏省,太湖流域,胥湖心,2026-08-03 01:00,2,33.16,,8.68,356.99,9.27,1.91,,0.011,0.176,0.0006,311532.9,2026-08-03 01:29:46
江苏省,太湖流域,乌龟山南,2026-08-03 01:00,2,33.01,8.44,6.84,416.667,4.457,2.19,0.0003,0.018,0.356,0.00267,2840350,2026-08-03 01:29:46
江苏省,太湖流域,望亭上游,2026-08-03 00:00,3,32.22,7.59,5.47,435.93,39.35,2.73,0.152,0.12,2.506,,,2026-08-03 01:29:46
江苏省,太湖流域,千灯浦口,2026-08-03 01:00,5,32.17,7.19,2.37,650.682,43.078,5.27,0.075,0.148,1.581,,,2026-08-03 01:29:46
江苏省,太湖流域,朱厍港口,2026-08-03 01:00,4,31.3,7.1,3.11,600.3,9.9,3.8,0.028,0.083,0.718,,,2026-08-03 01:29:46
江苏省,太湖流域,浏河闸,2026-08-03 01:00,5,32.23,7.57,2.24,406.446,61.714,2.98,,0.096,1.3718,,,2026-08-03 01:29:46
江苏省,太湖流域,江边闸,2026-08-03 00:00,4,31.59,7.92,4.67,413.7,8.25,2.79,0.088,0.062,1.108,,,2026-08-03 01:29:46
江苏省,太湖流域,瓜泾口西,2026-08-03 00:00,2,33.7,8.57,6.88,397.5,6.74,3.69,,0.026,0.507,,,2026-08-03 01:29:46
江苏省,太湖流域,航管站,2026-08-03 01:00,2,34.36,8.45,6.12,447.58,14.23,2.26,,0.017,0.547,,,2026-08-03 01:29:46
江苏省,太湖流域,越溪桥,2026-08-03 01:00,4,33.3,7.35,4.44,460,36.7,6.56,0.22,0.133,1.357,,,2026-08-03 01:29:46
江苏省,太湖流域,312国道桥,2026-08-03 00:00,3,34.37,8.64,8.24,423.82,17.4,4.05,,0.049,0.794,,,2026-08-03 01:29:46
江苏省,太湖流域,赵屯,2026-08-03 01:00,4,31.93,7.48,3.63,773.417,44.416,3.9,0.052,0.154,2.7432,,,2026-08-03 01:29:46
江苏省,淮河流域,东安闸桥西,2026-08-03 01:00,5,32.87,7.42,3.5,917.1,43.34,7.81,0.287,0.352,2.828,,,2026-08-03 01:29:46
江苏省,长江流域,九圩港桥,2026-08-03 00:00,4,31.3,7.59,4.74,267.7,30.86,1.84,0.015,0.07,1.12,,,2026-08-03 01:29:46
江苏省,长江流域,碾砣港闸,2026-08-03 00:00,4,31.01,7.65,4.74,268.8,38.32,1.84,0.01,0.08,1.831,,,2026-08-03 01:29:46
江苏省,长江流域,聚南大桥,2026-08-03 00:00,6,33.88,7.47,1.49,613.1,13.82,3.53,0.136,0.196,1.882,,,2026-08-03 01:29:46
江苏省,长江流域,大洋港桥,2026-08-03 00:00,4,32.89,7.66,3.22,508.2,40.13,2.52,,0.176,1.741,,,2026-08-03 01:29:46
江苏省,长江流域,塘芦港闸,2026-08-03 01:00,4,33.829,7.77,9.59,3029.12,6.804,4.65,0.143,0.232,1.115,,,2026-08-03 01:29:46
江苏省,淮河流域,小洋口,2026-08-03 00:00,5,31.2,7.65,5.46,1229.5,31.89,9.24,0.318,0.336,2.603,,,2026-08-03 01:29:46
江苏省,淮河流域,环东闸口,2026-08-03 01:00,6,33.19,7.33,1.02,900.1,37.23,7.26,0.26,0.308,3.137,,,2026-08-03 01:29:46
江苏省,淮河流域,北凌新闸,2026-08-03 00:00,5,32.6,7.8,4.3,1368.5,19.26,9.17,0.223,0.36,2.961,,,2026-08-03 01:29:46
江苏省,淮河流域,新浦大桥,2026-08-03 01:00,3,32.414,8.03,11.38,750.256,11.243,5.28,0.003,0.103,3.486,,,2026-08-03 01:29:46
江苏省,淮河流域,柴米河桥,2026-08-03 01:00,3,33.85,8.01,11.53,809.62,15.63,5.73,0.241,0.15,2.3777,,,2026-08-03 01:29:46
江苏省,淮河流域,善后河闸,2026-08-03 01:00,5,33.556,7.63,2.01,939.284,17.307,5.03,0.013,0.146,4.048,,,2026-08-03 01:29:46
江苏省,淮河流域,灌河大桥,2026-08-03 01:00,6,32.68,7.36,0.67,811.9,141.1,7.04,0.051,0.308,3.516,,,2026-08-03 01:29:46
江苏省,淮河流域,新村桥,2026-08-03 01:00,4,29.468,7.34,3.98,765.35,6.91,5.47,0.027,0.129,3.726,,,2026-08-03 01:29:46
江苏省,淮河流域,沭南闸,2026-08-03 01:00,4,26.825,7.88,7.84,,31.93,6.16,0.042,0.117,4.001,,,2026-08-03 01:29:46
江苏省,淮河流域,墩尚水漫桥,2026-08-03 01:00,4,30.357,7.44,3.42,607.843,11.944,4.95,0.015,0.068,3.589,,,2026-08-03 01:29:46
江苏省,淮河流域,大浦闸,2026-08-03 01:00,4,33.718,7.81,12.74,1136.02,17.57,6.08,0.026,0.066,5.591,,,2026-08-03 01:29:46
江苏省,淮河流域,大板跳闸,2026-08-03 01:00,3,32.588,7.82,5.4,3867.49,17.61,5.45,0.07,0.071,5.223,,,2026-08-03 01:29:46
江苏省,淮河流域,海头大桥,2026-08-03 01:00,6,32.1,9.26,10.64,612.28,38.47,5.47,0.035,0.179,4.174,,,2026-08-03 01:29:46
江苏省,淮河流域,坝头桥,2026-08-03 01:00,3,34.018,8.76,9.47,401.86,7.32,5.73,,0.038,0.929,,,2026-08-03 01:29:46
江苏省,淮河流域,郑园桥,2026-08-03 01:00,4,32.45,8.81,9.74,651.855,33.096,6.43,0.047,0.208,3.553,,,2026-08-03 01:29:46
江苏省,淮河流域,四队桥,2026-08-03 01:00,4,33.89,7.65,4.92,878.33,14.47,5.65,0.023,0.122,2.543,,,2026-08-03 01:29:46
江苏省,淮河流域,新浦二桥,2026-08-03 01:00,3,32.761,7.4,7.5,810.555,15.99,4.91,0.018,0.128,3.982,,,2026-08-03 01:29:46
江苏省,淮河流域,淮河大桥,2026-08-03 00:00,3,32.74,7.61,5.46,441.32,45.4,4.54,0.171,0.124,2.161,,,2026-08-03 01:29:46
江苏省,淮河流域,五叉河口,2026-08-03 00:00,3,32.44,7.8,5.84,939.49,39.278,3.74,0.077,0.085,2.599,,,2026-08-03 01:29:46
江苏省,淮河流域,戴楼衡阳,2026-08-03 00:00,6,30.21,7.46,1.48,414.93,17.22,3.47,0.031,0.066,0.899,0.02522,,2026-08-03 01:29:46
江苏省,淮河流域,总渠苏嘴,2026-08-03 01:00,4,29.8,7.68,4.27,491.51,74.23,3.77,0.138,0.093,1.753,,,2026-08-03 01:29:46
江苏省,淮河流域,唐曹,2026-08-03 00:00,4,32.52,7.49,4.4,510.7,120.83,6.16,0.274,0.199,0.742,,,2026-08-03 01:29:46
江苏省,淮河流域,新洋港闸,2026-08-03 01:00,6,32.83,7.31,1.59,723.84,14.28,6.98,0.188,0.192,2.058,,,2026-08-03 01:29:46
江苏省,淮河流域,富民桥,2026-08-03 01:00,4,31.67,7.16,3.1,713.53,21.75,6.45,0.012,0.188,1.892,,,2026-08-03 01:29:46
江苏省,淮河流域,龙冈凤凰桥,2026-08-03 01:00,6,34.24,7.26,1.95,608.92,24.18,7.46,0.369,0.163,2.103,,,2026-08-03 01:29:46
江苏省,淮河流域,六垛闸,2026-08-03 01:00,2,32.162,7.64,6.56,627.95,33.53,3.36,0.025,0.09,1.305,,,2026-08-03 01:29:46
江苏省,淮河流域,泰东大桥,2026-08-03 01:00,4,31.54,7.43,4.14,399.2,10.23,3.51,0.048,0.107,1.163,,,2026-08-03 01:29:46
江苏省,淮河流域,城北大桥,2026-08-03 01:00,6,33.121,7.38,0.93,534.46,22.63,7.87,1.817,0.272,3.611,,,2026-08-03 01:29:46
江苏省,淮河流域,草堰大桥,2026-08-03 01:00,6,33.38,7.28,1.48,635.722,32.534,7.5,0.124,0.2,2.612,,,2026-08-03 01:29:46
江苏省,淮河流域,射阳河闸,2026-08-03 01:00,5,31.2,7.3,3.64,764.94,27.56,7.52,1.511,0.2,4.059,,,2026-08-03 01:29:46
江苏省,淮河流域,黄沙港闸,2026-08-03 01:00,5,32.58,7.19,2.19,667.25,20.55,8.4,0.894,0.227,3.158,,,2026-08-03 01:29:46
江苏省,淮河流域,斗龙港闸,2026-08-03 01:00,4,31.365,7.35,3.9,1019.032,19.891,8.04,0.273,0.269,2.512,,,2026-08-03 01:29:46
江苏省,淮河流域,川东闸,2026-08-03 01:00,5,32.81,7.05,2.07,866.76,14.48,7.93,0.838,0.369,4.084,,,2026-08-03 01:29:46
江苏省,淮河流域,头罾闸,2026-08-03 01:00,3,32.32,8.38,7.86,741.81,17.01,4.23,0.037,0.07,1.255,,,2026-08-03 01:29:46
江苏省,淮河流域,王港闸,2026-08-03 01:00,5,32.69,7.51,3.84,1546.08,17.59,6.68,0.356,0.375,3.358,,,2026-08-03 01:29:46
江苏省,长江流域,三江营,2026-08-03 01:00,3,31.17,7.76,5.31,285.1,54.4,2.26,,0.087,2.025,,,2026-08-03 01:29:46
江苏省,淮河流域,槐泗河口,2026-08-03 00:00,4,32.78,8.04,4.63,401.6,64.03,4.48,0.167,0.096,1.762,,,2026-08-03 01:29:46
江苏省,淮河流域,大运河船闸,2026-08-03 00:00,4,32.71,7.86,4.79,516.2,129.3,5,0.113,0.132,2.115,,,2026-08-03 01:29:46
江苏省,淮河流域,江都西闸,2026-08-03 01:00,4,32.04,7.53,4.3,414.6,74.9,4.32,,0.117,2.106,,,2026-08-03 01:29:46
江苏省,长江流域,冻青桥,2026-08-03 01:00,5,32.69,7.58,2.97,406.8,120.29,6.25,0.266,0.227,1.727,,,2026-08-03 01:29:46
江苏省,长江流域,小河口上游,2026-08-03 00:00,3,30.8,7.74,5.63,266,29.02,2.18,0.033,0.073,1.458,,,2026-08-03 01:29:46
江苏省,淮河流域,曹庄桥,2026-08-03 00:00,4,32.16,7.52,3.45,452.1,68.16,4.36,,0.136,1.655,,,2026-08-03 01:29:46
江苏省,太湖流域,辛丰镇,2026-08-03 01:00,3,31.18,7.82,5.52,276.7,37.4,2.59,0.018,0.081,1.485,,,2026-08-03 01:29:46
江苏省,太湖流域,林家闸,2026-08-03 00:00,3,30.86,7.77,6.46,263.2,15.43,1.75,,0.111,1.4372,,,2026-08-03 01:29:46
江苏省,长江流域,新河桥,2026-08-03 01:00,3,33.77,8.8,13.2,218.3,24.34,4.46,0.006,0.068,1.003,,,2026-08-03 01:29:46
江苏省,太湖流域,新港桥,2026-08-03 01:00,4,32.31,7.4,4.68,263,17,1.27,0.02,0.052,1.21,,,2026-08-03 01:29:46
江苏省,太湖流域,吕城,2026-08-03 01:00,3,31.72,7.67,5.16,275.93,30.87,2.41,,0.098,1.55,,,2026-08-03 01:29:46
江苏省,淮河流域,海陵大桥,2026-08-03 01:00,3,30.94,7.81,5.1,275.5,19.96,1.87,0.016,0.068,1.368,,,2026-08-03 01:29:46
江苏省,长江流域,马甸闸西,2026-08-03 01:00,3,30.72,7.66,5.81,260.9,39.61,1.96,0.012,0.052,1.408,,,2026-08-03 01:29:46
江苏省,长江流域,祥和大桥,2026-08-03 01:00,5,32.26,7.28,2.2,331.2,4.46,2.32,0.226,0.111,1.553,,,2026-08-03 01:29:46
江苏省,长江流域,新十圩港大桥,2026-08-03 01:00,4,31.11,7.67,4.87,292.7,19.46,2.35,0.008,0.081,1.666,,,2026-08-03 01:29:46
江苏省,长江流域,夏仕港大桥,2026-08-03 01:00,3,30.63,7.47,5.37,262.82,19.05,1.57,0.024,0.056,1.421,,,2026-08-03 01:29:46
江苏省,淮河流域,马陵翻水站,2026-08-03 00:00,2,31.56,8.36,6.23,945.5,26.32,3.37,0.037,0.063,1.827,,,2026-08-03 01:29:46
江苏省,淮河流域,临淮乡入湖口,2026-08-03 00:00,4,34.97,8.62,12.19,642.2,29.99,9.02,0.007,0.066,0.938,,,2026-08-03 01:29:46
江苏省,淮河流域,砖瓦厂,2026-08-03 00:00,4,34.21,7.86,12.36,744.8,50.04,7.38,,0.169,3.737,,,2026-08-03 01:29:46
江苏省,淮河流域,顾勒大桥,2026-08-03 00:00,4,33.435,7.68,6.3,687.36,17.58,7.08,0.644,0.262,3.011,,,2026-08-03 01:29:46
江苏省,淮河流域,团结闸,2026-08-03 00:00,5,31.5,8.15,2.91,1358.5,16.64,8.12,0.031,0.071,1.285,,,2026-08-03 01:29:46
江苏省,淮河流域,大屈,2026-08-03 00:00,4,34.25,7.92,13.08,708.48,25.83,8.79,0.128,0.204,2.458,,,2026-08-03 01:29:46
浙江省,浙闽片河流,小金山,2026-08-03 01:00,2,31.74,,11.12,130.429,3.965,2.09,0.006,0.018,0.6853,,,2026-08-03 01:29:46
浙江省,浙闽片河流,三潭岛,2026-08-03 01:00,1,31.43,,11.26,124.783,3.19,1.92,0.003,0.01,0.4841,,,2026-08-03 01:29:46
浙江省,浙闽片河流,千岛湖大坝前,2026-08-03 01:00,2,33.52,,9.92,131.049,3.224,1.67,0.03,0.013,0.5139,,,2026-08-03 01:29:46
浙江省,太湖流域,汪家埠,2026-08-03 01:00,3,30.59,7.94,8.34,270.77,17.57,4.09,0.069,0.078,2.598,,,2026-08-03 01:29:46
浙江省,太湖流域,奉口,2026-08-03 01:00,3,33.72,7.36,5.03,202.7,17.99,2.61,0.028,0.044,2.05,,,2026-08-03 01:29:46
浙江省,浙闽片河流,桐君山,2026-08-03 01:00,2,28.53,7.67,8.13,157.8,2.8,1.22,0.024,0.033,1.228,,,2026-08-03 01:29:46
浙江省,浙闽片河流,洋溪渡,2026-08-03 01:00,3,16.9,6.96,5.19,144.776,3.673,1.12,,0.014,0.8286,,,2026-08-03 01:29:46
浙江省,浙闽片河流,浦阳江出口,2026-08-03 01:00,1,27.7,7.68,7.5,169,16.22,1.56,0.044,0.015,1.099,,,2026-08-03 01:29:46
浙江省,太湖流域,五杭运河大桥,2026-08-03 01:00,5,32.84,7.19,2.92,287.7,40.51,2.91,0.165,0.112,1.891,,,2026-08-03 01:29:46
浙江省,浙闽片河流,桐庐,2026-08-03 00:00,2,24.58,7.41,7.98,160.9,13,1.55,,0.045,1.121,,,2026-08-03 01:29:46
浙江省,浙闽片河流,街口,2026-08-03 01:00,2,31.3,8.73,9.43,114.09,0.76,1.7,,0.028,1.073,,,2026-08-03 01:29:46
浙江省,浙闽片河流,溪口,2026-08-03 01:00,1,28.44,6.9,8.04,115.92,4.87,1.66,0.006,0.018,2.025,,,2026-08-03 01:29:46
浙江省,浙闽片河流,清林渡,2026-08-03 01:00,4,32.866,7.54,5.7,355.496,37.248,6.93,0.071,0.126,2.752,,,2026-08-03 01:29:46
浙江省,浙闽片河流,水车,2026-08-03 01:00,2,32.197,7.74,6.86,566.255,4.904,2.39,0.018,0.028,1.012,,,2026-08-03 01:29:46
浙江省,浙闽片河流,长汀,2026-08-03 01:00,1,31.85,8.92,9.56,175.35,1.62,1.41,0.002,0.016,1.776,,,2026-08-03 01:29:46
浙江省,浙闽片河流,菁江渡,2026-08-03 01:00,4,32.78,7.24,4.8,205.68,43.25,4.52,0.116,0.143,2.742,,,2026-08-03 01:29:46
浙江省,浙闽片河流,梁桥,2026-08-03 01:00,2,30.89,7.01,6,117.22,1.25,1.57,0.006,0.051,1.768,,,2026-08-03 01:29:46
浙江省,浙闽片河流,四灶浦闸,2026-08-03 01:00,3,32.99,8.65,7.69,3858.42,7.07,5.58,0.013,0.034,0.786,,,2026-08-03 01:29:46
浙江省,浙闽片河流,小旦,2026-08-03 01:00,1,28.64534,7.81,17.01,110.3164,780.8279,,0.048,,,,,2026-08-03 01:29:46
浙江省,浙闽片河流,龙湾,2026-08-03 01:00,2,30.21,7.96,6.28,32100,1747,1.2,0.172,0.064,1.382,,,2026-08-03 01:29:46
浙江省,浙闽片河流,大荆,2026-08-03 01:00,1,31.94,7.04,7.51,67.93,14.94,1.19,0.008,0.013,0.714,,,2026-08-03 01:29:46
浙江省,浙闽片河流,蒲岐,2026-08-03 01:00,2,31.08,7.23,6.1,585.8,27.98,2.46,0.1,0.078,1.36987,,,2026-08-03 01:29:46
浙江省,浙闽片河流,沙头,2026-08-03 01:00,2,32.31,7.3,7.08,49.807,1.579,1.12,0.042,0.012,0.7452,,,2026-08-03 01:29:46
浙江省,浙闽片河流,清水埠,2026-08-03 01:00,4,30.61,8.07,4.02,9439.43,1280.21,1.94,0.099,0.09,2.867,,,2026-08-03 01:29:46
浙江省,浙闽片河流,江口渡,2026-08-03 01:00,2,29.92,7.92,6.28,44220,515,1.83,0.447,0.094,2.666,,,2026-08-03 01:29:46
浙江省,浙闽片河流,第三农业站,2026-08-03 01:00,2,30.45,8.05,7.04,37207.8,103.88,1.83,0.228,0.059,1.722,,,2026-08-03 01:29:46
浙江省,太湖流域,王江泾,2026-08-03 01:00,4,33.72,7.37,4,481.87,26.27,4.21,0.052,0.108,1.692,,,2026-08-03 01:29:46
浙江省,太湖流域,湘家荡,2026-08-03 01:00,4,30.73,8.28,6.2,527.74,2.63,2.89,0.203,0.259,1.1,,,2026-08-03 01:29:46
浙江省,太湖流域,池家浜水文站,2026-08-03 01:00,6,34.0731,6.97,3.33,433.29,25.8781,46.56,0.037,0.095,1.603,,,2026-08-03 01:29:46
浙江省,太湖流域,长山闸一号桥,2026-08-03 01:00,4,33.8247,8.72,12.41,428.51,39.1747,6.06,0.03,0.133,2.477,,,2026-08-03 01:29:46
浙江省,太湖流域,南台头闸一号桥,2026-08-03 01:00,4,32.32,7.61,4.62,458,16.91,4.94,0.025,0.145,2.77,,,2026-08-03 01:29:46
浙江省,太湖流域,上塘河排涝闸,2026-08-03 01:00,3,31.17,7.62,5.4,447.63,18.91,1.96,0.004,0.146,2.422,,,2026-08-03 01:29:46
浙江省,太湖流域,盐官排涝枢纽,2026-08-03 01:00,3,31.45,7.36,5.15,390.5,16.98,2.98,0.032,0.144,2.438,,,2026-08-03 01:29:46
浙江省,太湖流域,卫八路桥,2026-08-03 00:00,5,33.1,7.27,2.77,509.471,48.457,5.61,0.128,0.169,4.291,,,2026-08-03 01:29:46
浙江省,太湖流域,漕廊公路桥,2026-08-03 00:00,6,32.77138,7.23,1.75,537.156,24.15562,6.66,0.208,0.185,3.01921,,,2026-08-03 01:29:46
浙江省,太湖流域,朱枫公路桥,2026-08-03 01:00,4,32.86,7.1,3.04,519.82,65.43,4.62,0.059,0.123,2.414,,,2026-08-03 01:29:46
浙江省,太湖流域,枫南大桥,2026-08-03 01:00,5,33.2975,7.3,2.73,494.11,41.9869,4.99,0.04,0.18,2.108,,,2026-08-03 01:29:46
浙江省,太湖流域,青阳汇,2026-08-03 01:00,6,33.06,7.11,1.54,439.7,42.5,5.56,0.015,0.151,3.183,,,2026-08-03 01:29:46
浙江省,太湖流域,小新村,2026-08-03 01:00,5,33.18,7.19,2.44,468.8,35.21,6.02,0.05,0.183,3.118,,,2026-08-03 01:29:46
浙江省,太湖流域,新港口,2026-08-03 00:00,3,35.27,8.81,8.33,387.05,65.11,5.43,0.089,0.073,0.894,0.02563,,2026-08-03 01:29:46
浙江省,太湖流域,大钱,2026-08-03 00:00,4,34.34,8.38,4.41,371.0525,75.55139,5.92,0.065,0.073,0.9891,,,2026-08-03 01:29:46
浙江省,太湖流域,南浔,2026-08-03 01:00,4,33.75,7.32,3.45,416.4,198.8,4.63,0.088,0.127,1.893,,,2026-08-03 01:29:46
浙江省,太湖流域,城西大桥,2026-08-03 01:00,4,33.12,7.58,4.95,422.24,40,4.11,0.077,,1.425,,,2026-08-03 01:29:46
浙江省,太湖流域,汤溇,2026-08-03 00:00,2,34.59,8.68,6.59,352.4676,42.0033,3.75,0.059,0.045,0.8646,,,2026-08-03 01:29:46
浙江省,太湖流域,塘浦,2026-08-03 01:00,2,27.99,6.98,6.77,117.35,11.88,1.5,0.034,0.022,1.037,,,2026-08-03 01:29:46
浙江省,太湖流域,荆湾,2026-08-03 01:00,3,31.11,6.48,5.61,182.91,8.15,2.26,0.04,0.026,1.675,,,2026-08-03 01:29:46
浙江省,太湖流域,铁路桥,2026-08-03 01:00,3,33.63,6.56,5.75,203.36,3.19,2.41,0.014,0.033,1.839,,,2026-08-03 01:29:46
浙江省,太湖流域,小梅口,2026-08-03 01:00,3,34.22,8.05,5.02,384,72.08,5.49,0.016,0.069,0.849,,,2026-08-03 01:29:46
浙江省,太湖流域,杨家浦,2026-08-03 01:00,3,33.87086,8.5,6.6,433.2578,41.7989,3.86,0.011,0.101,0.634578,,,2026-08-03 01:29:46
浙江省,太湖流域,新塘,2026-08-03 01:00,3,34.87,8.36,5.36,399.9,73.29,5.62,0.024,0.106,0.788,,,2026-08-03 01:29:46
浙江省,太湖流域,合溪,2026-08-03 01:00,3,35.02,8.41,8.63,413.5,81.04,5.5,0.024,0.068,0.785,,,2026-08-03 01:29:46
浙江省,浙闽片河流,曹娥江大闸闸前,2026-08-03 01:00,6,31.025,9.25,6.63,366.627,18.41,4.34,0.026,0.079,1.513,,,2026-08-03 01:29:46
浙江省,浙闽片河流,屠家埠,2026-08-03 01:00,4,32.157,7.08,3.96,169.398,16.584,3.09,0.254,0.088,1.877,,,2026-08-03 01:29:46
浙江省,浙闽片河流,葛山头,2026-08-03 01:00,4,32.81,6.99,3.69,185.47,14.44,2.78,0.034,0.058,2.152,,,2026-08-03 01:29:46
浙江省,浙闽片河流,湄池,2026-08-03 01:00,3,33.97,7.5,6.04,423.06,24.61,4.35,0.018,0.147,2.918,,,2026-08-03 01:29:46
浙江省,浙闽片河流,王家泾,2026-08-03 01:00,4,33.79,7.29,4.4,274.17,25.52,7.28,0.018,0.091,1.27,,,2026-08-03 01:29:46
浙江省,浙闽片河流,汤曹汇合口,2026-08-03 01:00,2,32.73,7.76,6.92,213.91,9.12,2.62,0.052,0.043,2.414,,,2026-08-03 01:29:46
浙江省,浙闽片河流,义东桥,2026-08-03 01:00,3,32.285,7.32,5.97,376.006,17.612,4.33,0.023,0.156,3.332,,,2026-08-03 01:29:46
浙江省,浙闽片河流,塔下洲,2026-08-03 01:00,4,33.1,8.85,11.31,495.454,148.968,6.7,0.026,0.14,2.7176,,,2026-08-03 01:29:46
浙江省,浙闽片河流,东关桥,2026-08-03 01:00,4,33.181,7.42,4.98,647.363,7.894,4.15,0.054,0.143,2.961,,,2026-08-03 01:29:46
浙江省,浙闽片河流,费垅,2026-08-03 01:00,3,32.5,8.22,9.12,432.834,15.007,4.18,0.226,0.132,2.6976,,,2026-08-03 01:29:46
浙江省,浙闽片河流,台口,2026-08-03 00:00,3,31.32,8.32,5.97,185.733,29.639,2.26,0.023,0.054,1.742,,,2026-08-03 01:29:46
浙江省,浙闽片河流,南江桥,2026-08-03 01:00,3,32.14,7.97,5.33,561.909,2.696,5.1,0.012,0.116,2.0512,,,2026-08-03 01:29:46
浙江省,浙闽片河流,横山,2026-08-03 01:00,2,31.81,7.6,7.87,215.999,2.61,1.75,0.018,0.031,1.3214,,,2026-08-03 01:29:46
浙江省,浙闽片河流,章店,2026-08-03 01:00,6,31.87,9.03,5.48,360.093,12.264,9.98,0.025,0.236,2.5684,,,2026-08-03 01:29:46
浙江省,浙闽片河流,浮石渡,2026-08-03 01:00,2,31.72,7.52,6.26,218.76,5.98,1.98,0.041,0.045,1.606,,,2026-08-03 01:29:46
浙江省,浙闽片河流,双港口,2026-08-03 01:00,2,31.48,7,6.1,154.79,12.11,2.23,0.013,0.066,1.702,,,2026-08-03 01:29:46
浙江省,浙闽片河流,郑家,2026-08-03 01:00,3,31.17,6.69,5.25,181.84,10.22,2.22,0.026,0.041,1.464,,,2026-08-03 01:29:46
浙江省,浙闽片河流,下界首,2026-08-03 01:00,1,30.89,8.3,9.1,176.194,6.45,1.18,0.009,0.019,1.044,,,2026-08-03 01:29:46
浙江省,浙闽片河流,下童,2026-08-03 01:00,3,30.71,7.19,5.11,221.17,11.9,2.01,0.062,0.057,1.627,,,2026-08-03 01:29:46
浙江省,浙闽片河流,东迹渡,2026-08-03 01:00,3,26.01,6.73,5.35,46.65,2.62,0.79,0.019,0.024,1.054,,,2026-08-03 01:29:46
浙江省,长江流域,苏庄,2026-08-03 00:00,2,29.92487,7.13,6.44,61.1247,5.03443,1.37,0.014,0.029,0.60723,,,2026-08-03 01:29:46
浙江省,浙闽片河流,长潭水库坝口,2026-08-03 00:00,2,32.076,,9.39,54.504,6.722,2.36,0.004,0.014,0.344,,,2026-08-03 01:29:46
浙江省,浙闽片河流,老鼠屿,2026-08-03 01:00,2,31,7.86,6.51,32201.6,2348.33,3.16,,0.067,1.795,,,2026-08-03 01:29:46
浙江省,浙闽片河流,金清新闸,2026-08-03 01:00,3,30.96,7.55,5.88,2311.782,44.038,4.99,0.12,0.198,2.2071,,,2026-08-03 01:29:46
浙江省,浙闽片河流,里石门水库,2026-08-03 01:00,2,31.79,,11.14,79.278,2.792,3.25,0.006,0.013,0.4633,0.00872,1001650,2026-08-03 01:29:46
浙江省,浙闽片河流,温峤,2026-08-03 00:00,3,32.644,8.03,10.89,350.94,21.411,5.58,0.058,0.146,1.915,,,2026-08-03 01:29:46
浙江省,浙闽片河流,永宁江口,2026-08-03 01:00,3,30.65,7.4,5.44,127.024,27.639,2.59,0.183,0.109,1.05,,,2026-08-03 01:29:46
浙江省,浙闽片河流,沙段,2026-08-03 01:00,2,32.07,7.3,6.58,132.391,2.234,2.52,0.038,0.044,1.2633,,,2026-08-03 01:29:46
浙江省,浙闽片河流,柏枝岙,2026-08-03 01:00,2,30.653,7.07,7.6,111.674,5.741,1.28,0.009,0.027,1.451,,,2026-08-03 01:29:46
浙江省,浙闽片河流,均溪,2026-08-03 01:00,1,29.64,8.28,8.45,53.88,2.47,1.8,0.026,0.012,0.603,,,2026-08-03 01:29:46
浙江省,浙闽片河流,风化,2026-08-03 01:00,2,30.49,7.07,6,128.8,8.7,1.75,0.082,0.046,1.403,,,2026-08-03 01:29:46
浙江省,浙闽片河流,堰后,2026-08-03 01:00,2,31.21,7.64,7.56,212.3,3.07,1.84,0.016,0.034,1.877,,,2026-08-03 01:29:46
浙江省,浙闽片河流,沙湾上,2026-08-03 01:00,2,24.77,7.28,8.02,33.592,5.496,1.42,0.161,0.014,0.3424,,,2026-08-03 01:29:46
浙江省,浙闽片河流,小溪口,2026-08-03 01:00,6,30.97,9.06,9.7,97.97,5.502,1.92,,0.026,1.1532,,,2026-08-03 01:29:46
安徽省,巢湖流域,三胜大队渡口,2026-08-03 00:00,3,32.8,8.87,10.59,381.332,37.8826,5.33,0.069,0.088,0.4037,,,2026-08-03 01:29:46
安徽省,巢湖流域,兆河入湖口渡口,2026-08-03 01:00,4,32.16,8.89,10.65,352.936,20.3933,6.11,,0.043,0.7697,,,2026-08-03 01:29:46
安徽省,巢湖流域,牛角大圩,2026-08-03 01:00,4,31.44,7.58,4.91,468.65,43.8768,4.8,,0.099,1.912,,,2026-08-03 01:29:46
安徽省,巢湖流域,北闸渡口,2026-08-03 00:00,3,31.295,7.33,7.3,165.548,42.358,4.07,0.026,0.054,1.795,,,2026-08-03 01:29:46
安徽省,巢湖流域,希望桥,2026-08-03 01:00,3,32.6,8.13,9.77,556.6,14.1,4.23,0.078,0.107,5.022,,,2026-08-03 01:29:46
安徽省,巢湖流域,石堆渡口,2026-08-03 00:00,5,30.57,6.74,2.81,218.0932,33.7849,4.56,0.088,0.092,2.4717,,,2026-08-03 01:29:46
安徽省,巢湖流域,柘皋大桥,2026-08-03 00:00,3,33.54,8.68,8.44,376.7881,66.3393,5.55,0.031,0.082,0.7119,,,2026-08-03 01:29:46
安徽省,巢湖流域,湖滨,2026-08-03 01:00,4,32.68,,14.2,370.06,39.95,6.02,,0.1,1.055,0.01128,2.559159,2026-08-03 01:29:46
安徽省,巢湖流域,黄麓,2026-08-03 01:00,4,32.21,,10.15,310.54,21.796,6.13,,0.059,0.584,0.0089,6826628,2026-08-03 01:29:46
安徽省,巢湖流域,三河镇大桥,2026-08-03 00:00,3,32.16,6.98,6.01,328.2511,22.24,5.18,0.074,0.101,2.074,,,2026-08-03 01:29:46
安徽省,巢湖流域,三河镇新大桥,2026-08-03 00:00,2,32.23,7.31,6.61,120.9,7.86,3.15,0.08,0.042,1.303,,,2026-08-03 01:29:46
安徽省,巢湖流域,施口,2026-08-03 00:00,4,31.94,7.3,3.33,518.616,50.7691,5.9,0.387,0.171,4.89,,,2026-08-03 01:29:46
安徽省,巢湖流域,靠近大坝,2026-08-03 01:00,2,32.07,,8.29,172.01,3.91,2.55,,0.017,0.459,0.01429,5002736,2026-08-03 01:29:46
安徽省,巢湖流域,新河入湖区,2026-08-03 01:00,4,31.2,,7.94,232.57,103.07,5.68,,0.056,1.145,0.00996,6.860146,2026-08-03 01:29:46
安徽省,巢湖流域,西半湖湖心,2026-08-03 01:00,4,31.92,,9.46,374.08,24.25,5.72,0.016,0.099,0.378,0.01095,1.321106,2026-08-03 01:29:46
安徽省,巢湖流域,龟山,2026-08-03 01:00,4,33.15,,11.11,350.39,37.72,4.84,,0.051,0.325,0.00668,2.1582,2026-08-03 01:29:46
安徽省,巢湖流域,东半湖湖心,2026-08-03 01:00,4,32.344,,8.68,347.001,14.931,6.37,,0.044,0.691,0.0048,1.883961,2026-08-03 01:29:46
安徽省,巢湖流域,忠庙,2026-08-03 01:00,4,31.16,,10.82,294.44,32.73,7.12,,0.066,0.655,0.03301,5.900524,2026-08-03 01:29:46
安徽省,巢湖流域,兆河入湖区,2026-08-03 01:00,4,31.45,,9.63,350.15,47.12,6.09,,0.031,0.425,0.00351,1.17374,2026-08-03 01:29:46
安徽省,巢湖流域,双桥河入湖口,2026-08-03 00:00,2,33.16,7.77,8.05,443.7606,26.9601,3.55,0.047,0.046,1.3067,,,2026-08-03 01:29:46
安徽省,巢湖流域,繁华大道桥,2026-08-03 00:00,4,32.57,7.17,3.24,496.885,37.3379,6.61,0.144,0.164,3.606,,,2026-08-03 01:29:46
安徽省,长江流域,东西梁山,2026-08-03 00:00,3,30.47,7.82,5.64,268.8056,39.3551,1.89,0.1,0.075,1.6388,,,2026-08-03 01:29:46
安徽省,长江流域,宝塔根,2026-08-03 00:00,3,30.83,7.68,5.99,266.19,24.6382,1.81,0.077,0.057,1.6585,,,2026-08-03 01:29:46
安徽省,巢湖流域,裕溪口,2026-08-03 00:00,3,31.95,8.02,6.17,375.4223,71.5992,4.41,0.213,0.099,1.2604,,,2026-08-03 01:29:46
安徽省,长江流域,荻港,2026-08-03 00:00,3,32.34,7.48,5.68,372.5,32.2697,3.77,0.095,0.067,1.1207,,,2026-08-03 01:29:46
安徽省,长江流域,澛港桥,2026-08-03 00:00,2,31.06,7.64,6.26,244.7165,23.442,2.63,0.057,0.059,1.594,,,2026-08-03 01:29:46
安徽省,长江流域,西河入裕溪河口,2026-08-03 00:00,4,32.31,7.19,3.93,294.5215,59.6146,3.25,0.182,0.083,1.6315,,,2026-08-03 01:29:46
安徽省,淮河流域,五河,2026-08-03 00:00,4,31.8,8.62,10.17,995.3896,9.63585,7.2,0.02,0.073,1.14936,,,2026-08-03 01:29:46
安徽省,淮河流域,湖沟,2026-08-03 00:00,4,30.80128,8.14,4.13,1915.203,15.92956,5.56,0.075,0.091,1.03581,,,2026-08-03 01:29:46
安徽省,淮河流域,石头埠,2026-08-03 00:00,4,31.24,7.59,4.31,564.0449,21.14868,2.86,0.065,0.089,2.08728,,,2026-08-03 01:29:46
安徽省,淮河流域,鲁台孜,2026-08-03 00:00,3,32.11,7.38,5.59,574.5939,23.07642,2.85,0.036,0.084,1.73505,,,2026-08-03 01:29:46
安徽省,淮河流域,西淝河闸下,2026-08-03 00:00,3,34.69881,8.62,9.68,845.0677,6.97166,5.53,0.016,0.04,1.10024,,,2026-08-03 01:29:46
安徽省,淮河流域,新城口,2026-08-03 00:00,4,31.54077,7.58,3.97,430.3601,27.48992,,0.009,0.083,1.32619,,,2026-08-03 01:29:46
安徽省,淮河流域,焦岗湖,2026-08-03 01:00,3,32.89,8.48,7.12,624.34,20.83,5.6,0.004,0.033,0.328,0.0088,8703916,2026-08-03 01:29:46
安徽省,淮河流域,大店岗,2026-08-03 00:00,2,31.85,7.3,8.55,118.7937,16.15007,3.08,0.028,0.054,1.47784,,,2026-08-03 01:29:46
安徽省,淮河流域,五里闸,2026-08-03 00:00,3,34.89,8.68,9.67,308.0767,29.38603,4.87,0.03,0.048,0.87337,,,2026-08-03 01:29:46
安徽省,淮河流域,白洋淀渡口,2026-08-03 00:00,4,33.03589,7.12,3.58,256.3261,75.95394,4.75,0.067,0.109,3.22345,,,2026-08-03 01:29:46
安徽省,长江流域,三兴村,2026-08-03 00:00,3,30.39,7.6,5.81,280.2103,47.79411,2.59,0.048,0.056,2.437,,,2026-08-03 01:29:46
安徽省,长江流域,得胜河入江口,2026-08-03 00:00,3,31.286,8.13,7.4,319.6,683.3539,3.8,0.026,0.103,1.5528,,,2026-08-03 01:29:46
安徽省,长江流域,姑溪河大桥,2026-08-03 00:00,2,33.522,7.5,6.94,226.6267,34.6778,3.76,0.021,0.051,0.964,,,2026-08-03 01:29:46
安徽省,长江流域,当涂查湾,2026-08-03 00:00,3,33.17,6.92,5.36,166.4718,23.2574,2.76,,0.057,1.636,,,2026-08-03 01:29:46
安徽省,长江流域,雨山河下游,2026-08-03 00:00,3,32.4823,7.83,9.81,700.2737,18.6329,4.92,0.038,0.133,6.089,,,2026-08-03 01:29:46
安徽省,淮河流域,小王桥,2026-08-03 01:00,2,32.47,7.68,7.37,1565.89,9.47,3.57,0.009,0.048,1.396,,,2026-08-03 01:29:46
安徽省,淮河流域,后常桥,2026-08-03 00:00,4,32.30319,8.83,9.49,1473.895,113.8534,6.49,0.028,0.083,0.93179,,,2026-08-03 01:29:46
安徽省,淮河流域,李大桥闸,2026-08-03 00:00,4,31.93,8.82,7,1433.13,7.059,7.37,0.045,0.046,0.6977,,,2026-08-03 01:29:46
安徽省,长江流域,顺安河入江口,2026-08-03 00:00,2,28.06431,7.64,7.97,425.3187,67.37727,2.82,0.015,0.034,1.33039,,,2026-08-03 01:29:46
安徽省,长江流域,陈家墩,2026-08-03 00:00,2,30.43,7.82,6.44,269.7217,40.94666,1.6,0.064,0.062,1.9657,,,2026-08-03 01:29:46
安徽省,长江流域,枞阳大闸,2026-08-03 00:00,2,31.77,8.2,7.16,165.0303,29.64953,3.91,0.006,0.041,1.13033,,,2026-08-03 01:29:46
安徽省,长江流域,武昌湖,2026-08-03 00:00,3,33.89,8.61,9.38,164.9485,3.84151,4.1,0.008,0.03,0.70533,0.00926,4675402,2026-08-03 01:29:46
安徽省,长江流域,前江口,2026-08-03 00:00,1,22.71634,6.22,9.84,,21.63741,,,,,,,2026-08-03 01:29:46
安徽省,长江流域,花亭湖坝前,2026-08-03 00:00,2,31.3833,,9.5,88.02355,4.712,2.52,0.002,0.016,0.53955,0.00698,371739.4,2026-08-03 01:29:46
安徽省,长江流域,华阳河入江口,2026-08-03 00:00,3,34.61,8.5,8.08,298.4077,46.96375,5.2,0.003,0.045,0.70502,,,2026-08-03 01:29:46
安徽省,长江流域,水厂取水口,2026-08-03 00:00,2,30.26,8.09,6.57,92.46394,4.50248,1.68,0.013,0.039,1.32701,,,2026-08-03 01:29:46
安徽省,浙闽片河流,篁墩,2026-08-03 00:00,2,31.32545,7.77,7,131.0527,13.58399,1.57,0.168,0.071,1.85395,,,2026-08-03 01:29:46
安徽省,浙闽片河流,率水大桥,2026-08-03 00:00,2,32.11987,7.95,10.8,66.40789,19.08124,1.53,0.008,0.024,0.82066,,,2026-08-03 01:29:46
安徽省,浙闽片河流,横江大桥,2026-08-03 00:00,6,32.97865,9.12,12.77,211.2142,6.98427,2.5,0.032,0.031,0.84216,,,2026-08-03 01:29:46
安徽省,浙闽片河流,浦口,2026-08-03 00:00,4,32.21,8.42,4.41,310.543,6.28879,2.51,0.005,0.054,1.3055,,,2026-08-03 01:29:46
安徽省,长江流域,太平湖湖心,2026-08-03 01:00,2,32.03,,12.28,102.53,5.28,3.29,0.006,0.015,0.437,0.01298,1.138325,2026-08-03 01:29:46
安徽省,浙闽片河流,新管,2026-08-03 00:00,2,30.12136,8.26,6.96,243.5617,2.80318,1.8,0.001,0.025,0.85954,,,2026-08-03 01:29:46
安徽省,淮河流域,天长化工厂,2026-08-03 00:00,6,32.17,7.1,1.91,598.0662,38.12,6.98,0.102,0.094,2.0566,,,2026-08-03 01:29:46
安徽省,淮河流域,公路桥,2026-08-03 00:00,4,33.53,8.07,7.85,423.6728,18.3593,6.79,0.091,0.09,0.945,,,2026-08-03 01:29:46
安徽省,淮河流域,小柳巷,2026-08-03 00:00,3,30.26,7.16,5.2,419.63,42.469,3.37,0.008,0.128,1.743,,,2026-08-03 01:29:46
安徽省,长江流域,水口,2026-08-03 00:00,4,34.64,8.69,14.98,590.5668,24.2007,6.49,0.058,0.142,2.059,,,2026-08-03 01:29:46
安徽省,长江流域,乌衣下,2026-08-03 00:00,4,33.67,8.26,9.91,451.9829,12.8504,7.79,0.06,0.083,1.671,,,2026-08-03 01:29:46
安徽省,长江流域,襄河大桥,2026-08-03 00:00,4,34.15,7.22,6.23,625.655,36.5529,6.49,0.111,0.096,1.001,,,2026-08-03 01:29:46
安徽省,长江流域,清流河口,2026-08-03 00:00,4,35.29411,8.46,10.78,369.1521,16.09743,7.51,0.01,0.104,2.25322,,,2026-08-03 01:29:46
安徽省,淮河流域,阜阳段下,2026-08-03 00:00,4,32.16025,7.56,4.57,769.4247,11.20302,3.22,0.049,0.082,2.71466,,,2026-08-03 01:29:46
安徽省,淮河流域,杨湖,2026-08-03 00:00,3,32.68802,7.61,6.24,756.2133,18.1077,1.76,0.067,0.132,1.68788,,,2026-08-03 01:29:46
安徽省,淮河流域,张大桥,2026-08-03 00:00,3,34.47,8.69,10.72,1055.02,3.98,4.52,0.042,0.077,1.8028,,,2026-08-03 01:29:46
安徽省,淮河流域,王家坝,2026-08-03 00:00,3,32.117,7.56,6.71,352.7,38.991,5.21,0.122,0.136,2.345,,,2026-08-03 01:29:46
安徽省,淮河流域,界首七渡口,2026-08-03 00:00,3,31.79,7.32,5.21,667.8,19.81,3.28,0.449,0.125,2.968,,,2026-08-03 01:29:46
安徽省,淮河流域,阜南,2026-08-03 00:00,4,31.79,8.39,10.86,642.5369,3.27582,6.67,0.009,0.087,0.9443,,,2026-08-03 01:29:46
安徽省,淮河流域,阜阳段上游,2026-08-03 00:00,6,29.73511,7.35,1.86,728.239,16.57111,2.9,0.019,0.091,3.00742,,,2026-08-03 01:29:46
安徽省,淮河流域,奎河苏皖省界,2026-08-03 00:00,4,31.81,7.16,3.49,970.3,44.1,7.56,0.106,0.245,2.973,,,2026-08-03 01:29:46
安徽省,淮河流域,东坪集,2026-08-03 00:00,4,32.94,8.65,9.21,1654.286,26.65288,6.19,0.054,0.083,0.87348,,,2026-08-03 01:29:46
安徽省,淮河流域,符离闸,2026-08-03 00:00,4,31.72207,6.53,3.35,931.9781,8.20894,6.14,0.031,0.147,1.56618,,,2026-08-03 01:29:46
安徽省,淮河流域,芦岭桥,2026-08-03 00:00,3,33.16,8.34,12.24,1205.382,7.54,4.55,0.029,0.07,0.8015,,,2026-08-03 01:29:46
安徽省,淮河流域,工农兵大桥,2026-08-03 00:00,5,32.84823,7.69,6.53,283.3323,11.16432,13.05,0.007,0.056,0.638,,,2026-08-03 01:29:46
安徽省,淮河流域,陶洪集,2026-08-03 00:00,2,28.54054,7.88,9.65,92.6808,15.26665,2.46,0.025,0.032,1.48416,,,2026-08-03 01:29:46
安徽省,淮河流域,东湖闸,2026-08-03 00:00,4,32.12,7.76,3.23,277.9219,29.48555,4.28,0.13,0.081,1.31453,,,2026-08-03 01:29:46
安徽省,淮河流域,新安渡口,2026-08-03 00:00,3,27.67,7.18,5.47,119.9974,7.00193,2.52,0.063,0.032,1.21386,,,2026-08-03 01:29:46
安徽省,淮河流域,响洪甸水库出水口,2026-08-03 00:00,3,17.31,7.01,5.17,80.90176,1.49238,1.89,0.005,0.006,0.90186,,,2026-08-03 01:29:46
安徽省,淮河流域,丁埠大桥,2026-08-03 00:00,2,31.07026,8.27,8.88,99.48398,2.23835,1.8,0.006,0.04,0.654,,,2026-08-03 01:29:46
安徽省,巢湖流域,将军宕大桥,2026-08-03 00:00,2,32.1,6.8,6.22,120.026,13.826,2.78,0.031,0.039,1.138,,,2026-08-03 01:29:46
安徽省,淮河流域,固始李畈,2026-08-03 00:00,2,31.56,7.28,7.52,224.5893,8.98374,2.66,0.008,0.038,1.32738,,,2026-08-03 01:29:46
安徽省,淮河流域,涡阳义门大桥,2026-08-03 00:00,4,32.03,7.62,3.55,1163.249,25.2268,3.85,0.109,0.087,2.4145,,,2026-08-03 01:29:46
安徽省,淮河流域,利辛段,2026-08-03 00:00,3,33.44,8.36,7.64,807.94,5.76,5.98,0.044,0.057,0.819,,,2026-08-03 01:29:46
安徽省,长江流域,五步沟,2026-08-03 00:00,2,30.7,7.68,,258.728,32.35454,2.04,0.047,0.046,2.00996,,,2026-08-03 01:29:46
安徽省,长江流域,张溪,2026-08-03 00:00,2,30.78,7.8,8.4,239.0914,23.10663,1.6,0.008,0.028,1.23616,,,2026-08-03 01:29:46
安徽省,长江流域,青通河河口,2026-08-03 00:00,5,31.34318,7.42,2.27,217.1049,5.36415,3.51,0.016,0.041,1.12557,,,2026-08-03 01:29:46
安徽省,长江流域,秋浦河入江口,2026-08-03 00:00,2,32.7205,8.43,8.8,216.4642,11.69749,2.86,0.008,0.033,0.8826,,,2026-08-03 01:29:46
安徽省,长江流域,东流,2026-08-03 00:00,2,32.89,8.59,9.22,96.75708,11.53381,3.03,0.033,0.032,1.28944,,,2026-08-03 01:29:46
安徽省,长江流域,南漪湖西湖湖心,2026-08-03 01:00,4,34.3,,12.81,202.49,11.24,6.47,,0.061,0.704,0.00992,9872876,2026-08-03 01:29:46
安徽省,太湖流域,殷桥,2026-08-03 00:00,5,31.93299,7.16,2.75,287.6231,35.2259,6.23,0.01,0.089,2.17511,,,2026-08-03 01:29:46
安徽省,长江流域,泾南交界,2026-08-03 00:00,2,28.68,7.6,7.52,121.9711,6.7676,1.8,0.002,0.025,0.8775,,,2026-08-03 01:29:46
安徽省,长江流域,汪溪,2026-08-03 00:00,2,31.81,8.54,13.55,222.2868,6.0581,1.57,0.031,0.033,1.0927,,,2026-08-03 01:29:46
安徽省,长江流域,狮子口,2026-08-03 00:00,4,32.19,7.7,7.27,1260.233,34.255,6.02,0.116,0.131,3.5824,,,2026-08-03 01:29:46
安徽省,长江流域,东村桥,2026-08-03 00:00,4,29.94579,7.61,4.79,443.9901,9.04332,3.99,0.042,0.094,1.285,,,2026-08-03 01:29:46
安徽省,长江流域,旌泾交界,2026-08-03 00:00,2,31.28,8.42,6.86,176.005,20.534,2.6,0.002,0.047,0.722,,,2026-08-03 01:29:46
安徽省,长江流域,水碧桥,2026-08-03 00:00,6,29.38,6.92,0.89,203.5892,9.11899,2.83,0.008,0.036,1.20623,,,2026-08-03 01:29:46
福建省,浙闽片河流,闽侯竹岐,2026-08-03 00:00,3,29.94,6.93,5.88,98.15,11.35,1.76,0.007,0.025,1.245,,,2026-08-03 01:29:46
福建省,浙闽片河流,闽安,2026-08-03 01:00,3,31.03,7.53,6.07,5180.98,637.77,3.36,0.169,0.103,1.884,,,2026-08-03 01:29:46
福建省,浙闽片河流,连江荷山渡口,2026-08-03 01:00,2,30.038,7.22,6.09,90.35,2016.783,2.13,0.06,0.084,1.237,,,2026-08-03 01:29:46
福建省,浙闽片河流,永泰横龙,2026-08-03 01:00,6,29.606,9.29,9.86,42.398,4.355,1.87,0.026,0.046,0.317,,,2026-08-03 01:29:46
福建省,浙闽片河流,闽清雄江,2026-08-03 01:00,2,31.3,8.81,7.54,101.424,2.75,2.14,0.02,0.016,0.998,,,2026-08-03 01:29:46
福建省,浙闽片河流,梅溪口,2026-08-03 01:00,2,28.52,7.24,7.66,128.72,20.16,3.46,0.055,0.096,1.451,,,2026-08-03 01:29:46
福建省,浙闽片河流,隘头潭,2026-08-03 01:00,3,28.44,6.41,5.32,202.884,2.531,1.44,0.058,0.066,0.5098,,,2026-08-03 01:29:46
福建省,浙闽片河流,园头桥,2026-08-03 01:00,3,28.88,6.69,6.39,93.19,17.32,1.16,0.07,0.112,2.725,,,2026-08-03 01:29:46
福建省,浙闽片河流,江口桥,2026-08-03 01:00,3,30.65,,6.83,1933.93,32.79,2.08,0.016,0.108,1.023,,,2026-08-03 01:29:46
福建省,浙闽片河流,将乐万全,2026-08-03 01:00,4,27.699,6.83,3.93,64.832,0.366,1.67,0.033,0.018,0.989,,,2026-08-03 01:29:46
福建省,浙闽片河流,宁化肖家,2026-08-03 01:00,2,28.434,6.96,7.62,108.441,13.087,2.46,0.054,0.087,1.987,,,2026-08-03 01:29:46
福建省,浙闽片河流,永安安砂水库下游,2026-08-03 01:00,5,27.008,6.45,2.94,91.533,2.386,1.68,0.033,0.031,1.214,,,2026-08-03 01:29:46
福建省,浙闽片河流,斑竹溪渡口,2026-08-03 01:00,3,29.495,7,5.54,206.708,3.455,1.85,0.016,0.059,1.636,,,2026-08-03 01:29:46
福建省,浙闽片河流,建宁袁庄,2026-08-03 01:00,3,28.971,6.93,5.8,110.397,3.33,2.06,0.026,0.07,1.749,,,2026-08-03 01:29:46
福建省,浙闽片河流,大田高才,2026-08-03 01:00,6,30.039,9.91,17.53,109.22,2.747,1.93,0.043,0.033,0.59,,,2026-08-03 01:29:46
福建省,浙闽片河流,尤溪拥口大桥,2026-08-03 01:00,3,28.95,7.02,6.04,118.96,19.102,2.59,0.247,0.103,1.89,,,2026-08-03 01:29:46
福建省,浙闽片河流,南安康美桥,2026-08-03 01:00,3,27.62,7,6.66,124.736,10.865,2.02,0.132,0.112,2.1912,,,2026-08-03 01:29:46
福建省,浙闽片河流,永春东关桥,2026-08-03 01:00,3,27.38,6.42,5.16,112.0884,17.15718,0.78,0.113,0.087,3.051,,,2026-08-03 01:29:46
福建省,浙闽片河流,安溪罗内桥,2026-08-03 01:00,2,27.756,6.97,6.42,85.24,28.6,0.56,0.231,0.097,3.333,,,2026-08-03 01:29:46
福建省,浙闽片河流,南安霞东桥,2026-08-03 01:00,3,28.82,6.79,5.3,99.437,36.784,0.89,0.178,0.119,2.249,,,2026-08-03 01:29:46
福建省,浙闽片河流,华安西陂,2026-08-03 01:00,4,27.11435,6.83,3.78,197.2742,13.28748,2.26,0.129,0.093,1.804,,,2026-08-03 01:29:46
福建省,浙闽片河流,南靖靖城桥,2026-08-03 01:00,2,27.98,6.48,6.39,152.9,22.3,1.59,0.192,0.091,8.312,,,2026-08-03 01:29:46
福建省,浙闽片河流,诏安澳子头,2026-08-03 01:00,3,29.15,6.94,8.34,96.8,3.311,3.42,0.194,0.169,1.4661,,,2026-08-03 01:29:46
福建省,浙闽片河流,南靖洪濑汤坑桥,2026-08-03 01:00,2,27.593,6.52,7.17,219.1,14.569,0.89,0.048,0.048,13.999,,,2026-08-03 01:29:46
福建省,浙闽片河流,浦南水文站,2026-08-03 01:00,2,27.24916,6.95,7.21,152.1,30.198,1.6,0.087,0.084,1.984,,,2026-08-03 01:29:46
福建省,浙闽片河流,南溪浮宫桥,2026-08-03 01:00,3,29.37,6.81,5.3,1705.161,366.799,3.2,0.096,0.193,3.2942,,,2026-08-03 01:29:46
福建省,浙闽片河流,上坂,2026-08-03 01:00,4,29.02,6.44,4.56,172.157,28.612,1.12,0.382,0.155,5.0864,,,2026-08-03 01:29:46
福建省,浙闽片河流,云霄高塘渡口,2026-08-03 01:00,3,27.75,6.63,5.14,133.825,24.32,1.44,0.31,0.122,5.2777,,,2026-08-03 01:29:46
福建省,浙闽片河流,水汾桥,2026-08-03 01:00,3,29.82,7.05,5.18,318.23,4.39,2.14,0.075,0.057,1.345,,,2026-08-03 01:29:46
福建省,浙闽片河流,十里庵,2026-08-03 01:00,3,30.41,6.88,5.25,137.39,3.26,1.82,0.047,0.054,1.649,,,2026-08-03 01:29:46
福建省,浙闽片河流,邵武晒口桥,2026-08-03 01:00,2,28.14,7.14,7.19,93.44,10.1,1.43,0.018,0.07,1.358,,,2026-08-03 01:29:46
福建省,浙闽片河流,武夷山兴田,2026-08-03 00:00,3,28.06865,6.75,5.96,40.99127,12.9753,1.4,0.023,0.038,0.8484,,,2026-08-03 01:29:46
福建省,浙闽片河流,建瓯蓬墩,2026-08-03 01:00,2,30.387,6.89,6.06,64.73,8.02,1.53,0.13,0.036,1.299,,,2026-08-03 01:29:46
福建省,浙闽片河流,浪石,2026-08-03 01:00,3,29.982,6.89,5.92,117.375,1.983,2.11,0.069,0.081,1.474,,,2026-08-03 01:29:46
福建省,浙闽片河流,将乐樟应,2026-08-03 01:00,2,29.93119,6.93,6.3,78.266,29.1038,2.29,0.046,0.02,0.758,,,2026-08-03 01:29:46
福建省,浙闽片河流,建阳坪州大桥,2026-08-03 00:00,2,29.97,7.06,7.85,99.55,7.687,2,0.028,0.046,1.361,,,2026-08-03 01:29:46
福建省,浙闽片河流,雁石桥,2026-08-03 01:00,2,26.41,7.52,7.92,248.715,21.09,1.41,0.04,0.074,1.772,,,2026-08-03 01:29:46
福建省,珠江流域,长汀美西桥,2026-08-03 01:00,3,27.25,6.98,5.8,174.668,3.449,1.64,0.095,0.101,1.5219,,,2026-08-03 01:29:46
福建省,浙闽片河流,福安赛岐,2026-08-03 01:00,4,29.36,6.92,3.86,4149.01,50.16,3.86,0.085,0.133,1.868,,,2026-08-03 01:29:46
福建省,浙闽片河流,八都,2026-08-03 01:00,2,27.61,7.38,6.78,49.496,5.197,1.77,0.02,0.058,1.054,,,2026-08-03 01:29:46
福建省,浙闽片河流,福安白塔,2026-08-03 00:00,2,29.545,7.3,6.53,52.43,10.38,1.55,0.021,0.071,1.234,,,2026-08-03 01:29:46
福建省,浙闽片河流,福安洪口,2026-08-03 01:00,2,26.26,7.32,7.62,54.36,8.85,1.29,0.021,0.058,1.291,,,2026-08-03 01:29:46
江西省,长江流域,周坊,2026-08-03 00:00,2,29.75,8.22,7.9,159.6561,5.84425,2.39,0.01,0.059,1.32977,,,2026-08-03 01:29:46
江西省,长江流域,新联,2026-08-03 01:00,3,30.95,6.48,5.49,160.17,16.09,4.1,0.009,0.06,1.8582,,,2026-08-03 01:29:46
江西省,长江流域,生米,2026-08-03 01:00,2,31.143,7.24,7.16,181.428,7.307,1.56,0.032,0.056,1.457,,,2026-08-03 01:29:46
江西省,长江流域,滁槎,2026-08-03 00:00,4,30.61,6.43,4.57,174.45,10.93,2.08,0.066,0.094,1.822,,,2026-08-03 01:29:46
江西省,长江流域,昌邑,2026-08-03 01:00,2,30.44,8.13,6.95,174.45,11.63,2.33,0.019,0.064,1.453,,,2026-08-03 01:29:46
江西省,长江流域,八一桥,2026-08-03 01:00,2,31.63,7.54,7.06,155.089,9.732,3.21,0.218,0.071,1.3383,,,2026-08-03 01:29:46
江西省,长江流域,焦石坝,2026-08-03 01:00,2,29.93,7.6,8.27,128.56,12.1,2.87,,0.046,1.6581,,,2026-08-03 01:29:46
江西省,长江流域,戴村,2026-08-03 01:00,2,31.894,7.42,7.46,437.352,9.88,2.7,0.252,0.024,1.303,,,2026-08-03 01:29:46
江西省,长江流域,南河河口,2026-08-03 01:00,2,30.27,7.09,7.68,185.33,13.79,1.26,0.004,0.051,1.836,,,2026-08-03 01:29:46
江西省,长江流域,镇埠,2026-08-03 01:00,2,28.43,6.95,7.45,75.29,1.06,1.27,,0.016,0.615,,,2026-08-03 01:29:46
江西省,长江流域,龙山口,2026-08-03 01:00,2,28.7,8.48,7.61,283.178,5.647,2.12,0.029,0.034,0.6175,,,2026-08-03 01:29:46
江西省,长江流域,桐车湾,2026-08-03 01:00,3,30.19,7.98,5.11,408.192,2.995,2.69,0.055,0.121,2.8863,,,2026-08-03 01:29:46
江西省,长江流域,金鱼石,2026-08-03 01:00,3,31.15,7.45,5.33,346.78,3.01,2.13,0.037,0.098,2.031,,,2026-08-03 01:29:46
江西省,长江流域,邓家洲,2026-08-03 00:00,2,30.55,7.85,8.1,485.9985,12.23316,2.18,0.106,0.075,1.89963,,,2026-08-03 01:29:46
江西省,长江流域,吴城修河,2026-08-03 01:00,2,29.414,6.93,7.58,92.31,30.54,2.36,0.009,0.048,1.1057,,,2026-08-03 01:29:46
江西省,长江流域,姚港,2026-08-03 01:00,2,29.76,7.63,6.53,357.19,21,1.71,0.074,0.075,1.363,,,2026-08-03 01:29:46
江西省,长江流域,湖口,2026-08-03 01:00,2,29.2718,7.77,6.58,330.06,38.4,1.55,0.008,0.067,2.069,,,2026-08-03 01:29:46
江西省,长江流域,蛤蟆石,2026-08-03 01:00,4,31.03,7.08,7.45,132.87,20.11,3.4,0.003,0.053,1.528,0.00362,233454.3,2026-08-03 01:29:46
江西省,长江流域,都昌,2026-08-03 01:00,3,30.65,7.14,6.44,80.69,55.24,3.4,,0.037,0.657,0.06126,3.944,2026-08-03 01:29:46
江西省,长江流域,潦河河口,2026-08-03 01:00,2,30.09,6.75,7.07,81.94,27.263,2.03,0.049,0.072,1.124,,,2026-08-03 01:29:46
江西省,长江流域,柘林湖坝上,2026-08-03 01:00,1,29.633,7.75,8.88,102.94,0.634,1.92,,0.01,0.857,,,2026-08-03 01:29:46
江西省,长江流域,洋港镇,2026-08-03 00:00,2,26.79,7.5,6.09,339.791,4.795,0.23,0.004,0.007,1.08469,,,2026-08-03 01:29:46
江西省,长江流域,修水界上桥,2026-08-03 00:00,4,31.97,8.7,4.26,132.5016,9.33461,3.37,0.009,0.127,1.49943,,,2026-08-03 01:29:46
江西省,长江流域,共青城寨下,2026-08-03 01:00,2,31.2,7.68,7.48,315.9,29,2.88,0.12,0.086,1.659,,,2026-08-03 01:29:46
江西省,长江流域,罗坊,2026-08-03 01:00,3,32.08,7.96,8.14,343.639,18.919,4.2,0.128,0.076,1.2893,,,2026-08-03 01:29:46
江西省,长江流域,孔目江江口,2026-08-03 01:00,3,29.81,7.69,5.44,343.945,13.572,2.29,0.056,0.054,0.9148,,,2026-08-03 01:29:46
江西省,长江流域,浮桥,2026-08-03 01:00,2,31.34,7.53,6.19,287.893,9.555,3.55,0.096,0.06,1.3131,,,2026-08-03 01:29:46
江西省,长江流域,傣家村,2026-08-03 01:00,3,31.18,8.63,7.95,185.94,6.525,4.34,0.105,0.035,0.7998,0.00817,3.043553,2026-08-03 01:29:46
江西省,长江流域,炭埠周家,2026-08-03 00:00,2,31.26,6.82,6.29,141.31,4.42,2.8,,0.05,2.102,,,2026-08-03 01:29:46
江西省,长江流域,白塔河河口,2026-08-03 01:00,3,29.6,6.55,5.41,100.215,6.408,2.47,0.108,0.044,1.5149,,,2026-08-03 01:29:46
江西省,长江流域,土桥,2026-08-03 01:00,2,29.52,7.36,6.42,166.54,6.202,2.3,0.036,0.068,1.4343,,,2026-08-03 01:29:46
江西省,长江流域,流口村,2026-08-03 01:00,2,30.84,7.04,6.47,159.3807,9.89167,1.82,,0.076,1.545662,,,2026-08-03 01:29:46
江西省,长江流域,市自来水厂,2026-08-03 01:00,2,27.64,6.92,6.58,109.005,14.831,1.81,0.217,0.053,1.1547,,,2026-08-03 01:29:46
江西省,长江流域,新庙前,2026-08-03 01:00,2,28.59,7.05,6.32,125.684,25.829,2.54,0.142,0.042,1.7251,,,2026-08-03 01:29:46
江西省,长江流域,赣县梅林,2026-08-03 01:00,2,29.19,7.37,6.07,135.295,10.302,2.12,0.107,0.085,1.5361,,,2026-08-03 01:29:46
江西省,长江流域,梓坑,2026-08-03 01:00,3,29.94,7.31,5.45,136.718,8.162,3.82,0.071,0.083,1.6379,,,2026-08-03 01:29:46
江西省,长江流域,峡山,2026-08-03 01:00,2,30.15,7.24,6.11,134.125,3.1,1.87,0.066,0.086,1.4233,,,2026-08-03 01:29:46
江西省,长江流域,梅江江口,2026-08-03 01:00,2,31.02,7.4,6.82,116.64,11.087,2.74,0.08,0.075,1.0313,,,2026-08-03 01:29:46
江西省,长江流域,平江江口,2026-08-03 01:00,2,28.93,7.37,7.07,134.677,14.797,1.61,0.13,0.044,0.8186,,,2026-08-03 01:29:46
江西省,长江流域,上犹江江口,2026-08-03 01:00,2,26.92,7.03,7.04,83.127,9.234,1.64,0.09,0.023,0.5662,,,2026-08-03 01:29:46
江西省,长江流域,龙南自来水厂,2026-08-03 01:00,2,26.49,7.38,7.55,102.511,29.309,1.02,0.096,0.034,0.8097,,,2026-08-03 01:29:46
江西省,长江流域,桃江江口,2026-08-03 01:00,4,27.63,7.01,4.89,131.087,23.264,1.95,0.286,0.112,1.6777,,,2026-08-03 01:29:46
江西省,长江流域,大余城郊,2026-08-03 01:00,2,26.43,7.3,7.9,74.025,33.763,1.87,0.097,0.056,1.0483,,,2026-08-03 01:29:46
江西省,长江流域,汝城多发电站,2026-08-03 01:00,2,22.98,7.25,7.77,65.44,17.12,0.12,0.018,0.048,0.98,,,2026-08-03 01:29:46
江西省,珠江流域,兴宁电站,2026-08-03 01:00,6,29.49,9.27,23,106.663,4.425617,2.82,0.008,0.023,2.320681,,,2026-08-03 01:29:46
江西省,长江流域,通津,2026-08-03 01:00,2,28.95,7.31,6.08,137.753,12.377,0.99,0.086,0.051,1.1209,,,2026-08-03 01:29:46
江西省,长江流域,金滩,2026-08-03 01:00,2,31.2,7.32,6.02,147.743,11.611,1.43,0.065,0.046,1.2257,,,2026-08-03 01:29:46
江西省,长江流域,孤江江口,2026-08-03 01:00,2,31.57,7.23,6.34,112.728,4.663,2.87,0.011,0.033,0.6364,,,2026-08-03 01:29:46
江西省,长江流域,禾水河口,2026-08-03 01:00,2,30.2,7.72,7.4,148.418,3.471,2.29,0.018,0.041,0.96,,,2026-08-03 01:29:46
江西省,长江流域,蜀水河口,2026-08-03 01:00,2,29.07,7.12,6.62,93.905,24.835,0.95,0.097,0.048,0.9526,,,2026-08-03 01:29:46
江西省,长江流域,遂川江江口,2026-08-03 01:00,3,28.77,7.26,5.71,101.1,21.057,1.02,0.097,0.06,1.3304,,,2026-08-03 01:29:46
江西省,长江流域,乌江江口,2026-08-03 01:00,2,32.12,7.6,7.28,178.043,7.535,2.8,0.102,0.036,1.4498,,,2026-08-03 01:29:46
江西省,长江流域,大洋洲,2026-08-03 01:00,2,31.19,7.6,7.59,138.349,8.596,1.63,0.068,0.056,1.2633,,,2026-08-03 01:29:46
江西省,长江流域,棚下,2026-08-03 01:00,5,28.74,6.8,2.3,148.5517,4.85,2.33,0.014,0.088,1.214,,,2026-08-03 01:29:46
江西省,长江流域,丰城小港口,2026-08-03 01:00,2,30.73,7.38,6.86,159.06,8.8655,2.12,0.017,0.042,1.1565,,,2026-08-03 01:29:46
江西省,长江流域,高安市青州村,2026-08-03 01:00,3,30.66,7.35,5.59,162.38,11.35,2.26,0.015,0.077,2.151,,,2026-08-03 01:29:46
江西省,长江流域,良田村,2026-08-03 01:00,3,28.95,7.22,5.15,154.21,8.2,2.73,0.017,0.096,1.857,,,2026-08-03 01:29:46
江西省,长江流域,三洪村,2026-08-03 01:00,2,29.86,6.95,6.67,65.62,18.16,1.05,0.028,0.06,1.239,,,2026-08-03 01:29:46
江西省,长江流域,肖江江口,2026-08-03 01:00,3,31.892,6.97,7.1,200.434,17.805,5.88,0.402,0.056,2.869,,,2026-08-03 01:29:46
江西省,长江流域,修河港口,2026-08-03 01:00,1,28.24,7.16,8.62,40.68,2.29,0.88,0.004,0.011,0.364,,,2026-08-03 01:29:46
江西省,长江流域,超坊,2026-08-03 01:00,3,29.72,7.62,7.28,114.154,35.832,4.21,0.069,0.118,1.4438,,,2026-08-03 01:29:46
江西省,长江流域,钟岭水厂,2026-08-03 01:00,3,30.97,8.25,10.12,89.16,22.95,3.99,,0.101,1.4011,,,2026-08-03 01:29:46
江西省,长江流域,临水河口,2026-08-03 01:00,2,30.24,7.15,8.8,114.63,8.34,2.49,0.073,0.037,1.228,,,2026-08-03 01:29:46
江西省,长江流域,赵家湾,2026-08-03 01:00,2,31.484,6.74,6.02,179.405,14.9113,1.49,0.098,0.034,1.162,,,2026-08-03 01:29:46
江西省,长江流域,康山,2026-08-03 00:00,5,30.94,6.91,6.91,143.4,41.37,4.02,0.138,0.125,1.406,0.0134,572000,2026-08-03 01:29:46
江西省,长江流域,野鸡山村,2026-08-03 01:00,2,31.84,7.47,11.32,405.46,24.89,1.39,0.05,0.031,1.011,,,2026-08-03 01:29:46
江西省,长江流域,瑞洪大桥,2026-08-03 00:00,5,32.96,6.67,2.72,134.62,29.43,2.15,,0.052,1.049,,,2026-08-03 01:29:46
江西省,长江流域,弋阳,2026-08-03 01:00,2,29.85,7.48,7.09,144.71,6.38,2.09,0.008,0.072,1.122,,,2026-08-03 01:29:46
江西省,长江流域,鄱阳花园,2026-08-03 01:00,2,31.12,7.58,9.17,95.72,9.52,2.21,0.278,0.051,2.314,,,2026-08-03 01:29:46
江西省,长江流域,洎水河河口,2026-08-03 01:00,3,31.64,6.64,5.5,635.75,6.57,1.67,0.129,0.02,1.154,,,2026-08-03 01:29:46
江西省,长江流域,铅山,2026-08-03 01:00,2,29.82,7.72,8.27,142.22,7.78,1.87,0.01,0.08,0.453,,,2026-08-03 01:29:46
江西省,长江流域,旗山,2026-08-03 01:00,2,30.09,7.29,6.59,141.67,9.07,1.8,0.04,0.072,1.161,,,2026-08-03 01:29:46
江西省,长江流域,应家坊,2026-08-03 01:00,2,30.97,7.09,6.69,160.98,51.73,2.18,0.129,0.091,1.631,,,2026-08-03 01:29:46
山东省,淮河流域,辛丰庄,2026-08-03 01:00,2,31.483,7.86,9.14,1133.08,11.378,3.95,0.376,0.052,7.836,,,2026-08-03 01:29:46
山东省,黄河流域,泺口,2026-08-03 00:00,2,31.11,8.02,8.24,1012.36,777.81,2.44,0.139,0.057,2.945,,,2026-08-03 01:29:46
山东省,淮河流域,睦里庄,2026-08-03 01:00,4,30.657,7.35,4.38,633.895,8.272,4.72,0.079,0.064,0.963,,,2026-08-03 01:29:46
山东省,黄河流域,卧虎山水库,2026-08-03 01:00,1,28.76,8.12,9.16,506.41,3.348,1.08,0.008,0.008,4.859,,,2026-08-03 01:29:46
山东省,淮河流域,斜拉桥,2026-08-03 01:00,6,30.4,7.71,1.4,788.903,128.271,5.98,0.253,0.046,1.156,,,2026-08-03 01:29:46
山东省,淮河流域,马连庄,2026-08-03 01:00,4,31.461,7.4,4.62,813.44,5.291,3.41,,0.034,10.467,,,2026-08-03 01:29:46
山东省,淮河流域,吉利河水库出口,2026-08-03 01:00,3,30.355,8.46,6.09,330.684,8.379,5.18,0.0001,0.04,1.14,,,2026-08-03 01:29:46
山东省,淮河流域,墨水河入海口,2026-08-03 01:00,5,32.751,7.61,12.37,1842.72,80.38,12.88,,0.232,4.416,,,2026-08-03 01:29:46
山东省,淮河流域,韩旺大桥,2026-08-03 01:00,3,31.082,7.86,5.65,718,2.897,0.98,0.016,0.012,23.34,,,2026-08-03 01:29:46
山东省,淮河流域,台儿庄大桥,2026-08-03 00:00,1,26.35,6.46,8.47,,0.11,,0.085,,,,,2026-08-03 01:29:46
山东省,淮河流域,群乐桥,2026-08-03 00:00,4,23.12,7.64,4.4,1268.66,5.056,3.15,0.023,0.132,4.511,,,2026-08-03 01:29:46
山东省,淮河流域,王晁桥,2026-08-03 00:00,4,32.127,7.64,3.98,1304.4,19.819,3.49,0.064,0.251,5.369,,,2026-08-03 01:29:46
山东省,淮河流域,十字河大桥,2026-08-03 00:00,3,33.646,8.42,9.13,1272.17,6.423,4.13,0.002,0.037,1.036,,,2026-08-03 01:29:46
山东省,淮河流域,支脉河陈桥,2026-08-03 01:00,5,34.35,7.45,2.86,4631.485,162.183,6.79,0.068,0.126,2.585,,,2026-08-03 01:29:46
山东省,淮河流域,新夹河大桥,2026-08-03 00:00,3,32.26369,8.19,6.1,698.2327,4.125,5.69,0.059,0.048,1.17568,,,2026-08-03 01:29:46
山东省,淮河流域,桥头,2026-08-03 01:00,4,27.92,7.87,5.97,1108.946,9.34,6.25,0.236,0.138,2.485,,,2026-08-03 01:29:46
山东省,淮河流域,东村河入海口,2026-08-03 01:00,3,30.995,7.5,9.22,745.586,36.317,5.96,0.015,0.098,1.141,,,2026-08-03 01:29:46
山东省,淮河流域,羊口,2026-08-03 01:00,6,30.838,7.55,0.12,3011.137,44.953,4.06,0.15,0.22,3.97,,,2026-08-03 01:29:46
山东省,淮河流域,峡山水库库中,2026-08-03 01:00,3,31.54,8.73,8.63,766.33,11.71,4.86,,0.022,1.224,0.00553,1.52929,2026-08-03 01:29:46
山东省,淮河流域,柳疃桥,2026-08-03 01:00,4,32.412,7.58,9.05,1179.902,21.68,8.12,0.038,0.127,5.242,,,2026-08-03 01:29:46
山东省,淮河流域,张建桥,2026-08-03 01:00,4,33.394,7.63,4.74,1588.569,23.737,4.64,,0.06,,,,2026-08-03 01:29:46
山东省,淮河流域,兖州南大桥,2026-08-03 00:00,3,32.278,7.79,5.13,793.82,20.485,4.5,0.017,0.061,1.6377,,,2026-08-03 01:29:46
山东省,淮河流域,105公路桥,2026-08-03 00:00,6,31.676,7.53,1.95,2198.66,22.838,5.21,0.759,0.01,3.556,,,2026-08-03 01:29:46
山东省,淮河流域,高河桥,2026-08-03 00:00,4,32.474,8.05,6.48,1542.34,27.506,7.34,0.855,0.217,3.583,,,2026-08-03 01:29:46
山东省,淮河流域,西石佛,2026-08-03 01:00,3,32.308,7.66,5.72,1043,10.561,4.64,0.336,0.137,2.159,,,2026-08-03 01:29:46
山东省,淮河流域,老运河微山段,2026-08-03 00:00,4,32.305,8.52,10.2,1561.46,15.226,6.76,0.01,0.056,1.223,,,2026-08-03 01:29:46
山东省,淮河流域,尹沟,2026-08-03 00:00,3,32.09,8.07,7.38,678.4,22.96,4.95,0.127,0.052,1.471,0.04,,2026-08-03 01:29:46
山东省,淮河流域,西支河入湖口,2026-08-03 00:00,6,31.663,7.5,1.59,952.291,30.797,6.04,1.376,0.149,4.814,,,2026-08-03 01:29:46
山东省,淮河流域,东石佛,2026-08-03 01:00,3,31.745,7.91,7.72,931.781,38.184,4.82,0.167,0.11,3.063,,,2026-08-03 01:29:46
山东省,淮河流域,鲁桥,2026-08-03 00:00,3,33.04,7.78,7.38,1604.89,22.722,5.24,0.016,0.073,2.544,,,2026-08-03 01:29:46
山东省,淮河流域,牛庄闸,2026-08-03 00:00,2,32.591,8.01,7.08,979.937,28.416,2.94,0.017,0.019,4.438,,,2026-08-03 01:29:46
山东省,淮河流域,湘子庙,2026-08-03 01:00,6,30.04,7.7,1.39,887.218,89.683,6.28,1.313,0.38,5.32927,,,2026-08-03 01:29:46
山东省,黄河流域,戴村坝,2026-08-03 00:00,2,32.5,7.86,8.74,748.25,4.28,3.06,0.101,0.029,2.536,,,2026-08-03 01:29:46
山东省,黄河流域,徐家汶,2026-08-03 00:00,4,27.4876,7.65,3.8,924.4989,22.12288,3.61,0.014,0.248,22.91628,,,2026-08-03 01:29:46
山东省,淮河流域,南桥,2026-08-03 01:00,6,32.983,7.65,1.55,1466.038,33.493,7.18,0.256,0.16,1.225,,,2026-08-03 01:29:46
山东省,淮河流域,大古镇,2026-08-03 01:00,3,32.69,7.59,6.68,822.08,27.31,5.97,0.085,0.189,2.834,,,2026-08-03 01:29:46
山东省,淮河流域,夏庄,2026-08-03 00:00,6,31.81,9.06,5.37,681.6,14.4,9.27,0.012,0.381,3.18116,,,2026-08-03 01:29:46
山东省,黄河流域,贺小庄,2026-08-03 01:00,3,31.456,7.95,5.53,705.091,6.382,3.98,0.072,0.046,2.114,,,2026-08-03 01:29:46
山东省,淮河流域,临沂北大桥,2026-08-03 00:00,4,30.59,8.93,14.97,493.17,13.102,6.35,0.095,0.223,5.863,,,2026-08-03 01:29:46
山东省,淮河流域,捷庄,2026-08-03 01:00,4,32.18,7.4,3.18,678.687,10.289,4.75,0.137,0.184,2.989,,,2026-08-03 01:29:46
山东省,淮河流域,临沭大兴桥,2026-08-03 00:00,4,32.383,8.12,9.56,523.439,6.313,5.56,,0.207,2.728,,,2026-08-03 01:29:46
山东省,淮河流域,310公路桥,2026-08-03 00:00,6,32.21,7.35,0.73,1151.25,1.25,3.28,0.043,0.122,2.417,,,2026-08-03 01:29:46
山东省,淮河流域,沙沟桥,2026-08-03 00:00,4,27.81,7.43,4.22,731.38,14.08,3.95,0.077,0.135,4.479,,,2026-08-03 01:29:46
山东省,淮河流域,云蒙湖湖心,2026-08-03 00:00,3,24.86,,15.79,378.5,6.69,4.85,,0.029,3.037,0.02997,3980290,2026-08-03 01:29:46
山东省,海河流域,第三店,2026-08-03 01:00,5,32.31,7.48,2.79,1293.998,75.456,3.2,0.146,0.114,3.807,,,2026-08-03 01:29:46
山东省,海河流域,董姑桥,2026-08-03 01:00,4,25.694,7.78,4.36,1131.5,165.88,5.74,0.028,0.145,1.243,,,2026-08-03 01:29:46
山东省,海河流域,油坊桥,2026-08-03 01:00,2,31.084,7.6,6.5,874.848,58.636,1.58,0.085,0.096,3.841,,,2026-08-03 01:29:46
山东省,海河流域,秤勾湾,2026-08-03 00:00,3,30.55,7.86,5.62,1012.06,37.23,2.59,0.608,0.103,5.5674,,,2026-08-03 01:29:46
山东省,海河流域,北湖,2026-08-03 01:00,2,30.44,8.75,9.27,952.59,1.29,2.22,0.003,0.01,2.278,0.00522,2058839,2026-08-03 01:29:46
山东省,海河流域,小泊头桥,2026-08-03 01:00,3,30.814,7.65,5.55,1073.232,72.239,2.16,0.062,0.145,4.65,,,2026-08-03 01:29:46
山东省,海河流域,芦家河子水库,2026-08-03 01:00,6,33.055,9.11,10.16,819.299,17.507,2.36,,0.018,1.458,,,2026-08-03 01:29:46
山东省,淮河流域,西闸,2026-08-03 01:00,4,31.923,7.72,7.92,1529.026,11.343,5.88,0.494,0.223,3.991,,,2026-08-03 01:29:46
山东省,淮河流域,范李,2026-08-03 01:00,4,32.18,7.92,4.66,1604.606,199.677,3.67,0.168,0.174,4.916,,,2026-08-03 01:29:46
山东省,海河流域,邵家,2026-08-03 01:00,6,32.558,7.11,14.1,8317.87,88.21,13.49,3.109,0.187,7.405,,,2026-08-03 01:29:46
山东省,淮河流域,于楼,2026-08-03 00:00,5,30.392,7.76,2.01,1296.43,92.995,8.51,1.121,0.286,4.788,,,2026-08-03 01:29:46
山东省,淮河流域,徐寨,2026-08-03 00:00,5,30.324,7.61,2.48,1038.77,72.924,7.49,0.838,0.336,3.843,,,2026-08-03 01:29:46
河南省,黄河流域,七里铺,2026-08-03 01:00,4,30.0099,7.72,6.32,584.251,27.785,2.76,0.14,0.216,3.373,,,2026-08-03 01:29:46
河南省,淮河流域,尖岗水库,2026-08-03 00:00,2,30.46,8.8,8.54,261.2251,1.9393,2.25,0.003,0.01,0.3011,,,2026-08-03 01:29:46
河南省,淮河流域,通许邸阁,2026-08-03 01:00,3,32.16,8.07,7.1,911.85,146.12,3.7,0.067,0.121,2.711,,,2026-08-03 01:29:46
河南省,淮河流域,中牟陈桥,2026-08-03 01:00,2,30.5,7.62,7.42,731.63,37.6,3.5,0.023,0.067,5.6219,,,2026-08-03 01:29:46
河南省,黄河流域,高崖寨,2026-08-03 00:00,3,28.14,7.99,5.26,471.9,19.66,2.16,0.088,0.056,2.109,,,2026-08-03 01:29:46
河南省,淮河流域,紫罗山,2026-08-03 00:00,2,23.62944,7.84,6.84,306.0318,14.11304,3.2,0.008,0.028,2.6668,,,2026-08-03 01:29:46
河南省,黄河流域,白马寺,2026-08-03 00:00,3,31.19,7.69,5.57,619.8,27.6,1.7,0.078,0.136,2.918,,,2026-08-03 01:29:46
河南省,淮河流域,大陈闸,2026-08-03 00:00,2,32.07366,8.07,9.89,554.5267,7.25045,3.1,0.007,0.031,2.70004,,,2026-08-03 01:29:46
河南省,淮河流域,白龟山水库,2026-08-03 01:00,2,30.44,8.51,8.66,507.89,6.36,2.64,0.001,0.015,0.369,0.02919,5999000,2026-08-03 01:29:46
河南省,淮河流域,杨寨中村,2026-08-03 01:00,2,28.96,7.69,6.69,448.77,9.85,2.85,0.006,0.056,3.267,,,2026-08-03 01:29:46
河南省,淮河流域,舞钢石庄桥,2026-08-03 00:00,4,30.93991,7.41,3.28,681.1141,9.8931,3.33,0.045,0.217,5.36758,,,2026-08-03 01:29:46
河南省,海河流域,彰武水库,2026-08-03 00:00,2,30.112,7.76,6.79,536.9,7.46,1.46,0.014,0.012,3.1352,,,2026-08-03 01:29:46
河南省,海河流域,五陵,2026-08-03 00:00,5,30.52,7.56,2.97,1286.4,92.4,3.37,0.095,0.322,8.21,,,2026-08-03 01:29:46
河南省,海河流域,石辛庄,2026-08-03 00:00,3,32.507,8.26,7.96,1225.472,17.879,4.74,0.131,0.119,9.1772,,,2026-08-03 01:29:46
河南省,海河流域,黄花营,2026-08-03 00:00,1,30.44,8.29,10.63,448.6747,2.8665,0.45,,0.014,5.5523,,,2026-08-03 01:29:46
河南省,海河流域,前枋城,2026-08-03 00:00,2,29.71,7.91,6.25,507.56,8.118,1.17,,,3.6949,,,2026-08-03 01:29:46
河南省,海河流域,卫河小河口,2026-08-03 00:00,5,29.9,7.7,2.45,1556.672,140.94,4,1.685,0.264,8.2229,,,2026-08-03 01:29:46
河南省,海河流域,修武水文站,2026-08-03 00:00,3,30.95,7.98,10.45,2261.827,36.47,4.22,0.308,0.184,8.0327,,,2026-08-03 01:29:46
河南省,海河流域,获嘉东碑村,2026-08-03 01:00,6,31.09,7.73,1.63,1412.69,50.87,5.25,4.668,0.451,6.674,,,2026-08-03 01:29:46
河南省,黄河流域,封丘陶北,2026-08-03 01:00,5,32.59,7.47,2.45,946.12,5.79,6.48,0.237,0.362,2.344,,,2026-08-03 01:29:46
河南省,黄河流域,封丘王堤,2026-08-03 01:00,4,32.793,7.67,6.64,829.83,69.92,6.62,0.335,0.265,3.0373,,,2026-08-03 01:29:46
河南省,海河流域,新乡贾太湖,2026-08-03 01:00,2,31.45,8.2,11.67,748.044,42.627,3.71,0.033,0.044,2.639,,,2026-08-03 01:29:46
河南省,黄河流域,武陟渠首,2026-08-03 01:00,-1,,,,,,,,,,,,2026-08-03 01:29:46
河南省,黄河流域,孟州石井,2026-08-03 00:00,4,30.42794,7.5,,2546.231,16.97626,6.67,0.202,0.252,5.96609,,,2026-08-03 01:29:46
河南省,黄河流域,孟州还封村,2026-08-03 00:00,5,27.46234,7.31,3.27,732.5294,215.7655,5.47,0.622,0.386,8.88207,,,2026-08-03 01:29:46
河南省,海河流域,南乐元村集,2026-08-03 01:00,4,24.39,7.55,7.13,1320.47,112.2,3.1,0.069,0.211,6.787,,,2026-08-03 01:29:46
河南省,海河流域,南乐水文站,2026-08-03 00:00,4,32.18,7.73,3.85,744.1611,106.57,5.42,0.069,0.156,2.8679,,,2026-08-03 01:29:46
河南省,海河流域,濮阳西水坡,2026-08-03 01:00,2,31.83,8.61,7.97,879.79,7.33,2.38,,0.018,0.959,,,2026-08-03 01:29:46
河南省,黄河流域,濮阳大韩桥,2026-08-03 01:00,5,29.69,7.52,2.32,694.24,64.33,5.53,0.863,0.292,1.99,,,2026-08-03 01:29:46
河南省,淮河流域,白沙水库,2026-08-03 01:00,2,29.7251,8.35,8.3,811.644,5.9143,2.57,0.021,0.021,3.9208,,,2026-08-03 01:29:46
河南省,淮河流域,临颍吴刘闸,2026-08-03 01:00,3,29.96,7.72,5.11,807.39,24,3.17,0.051,0.116,3.969,,,2026-08-03 01:29:46
河南省,淮河流域,召陵武湾,2026-08-03 00:00,2,31.49,7.64,6.02,613.5,17.83,2.27,0.012,0.064,1.187,,,2026-08-03 01:29:46
河南省,淮河流域,郾城漯邓桥,2026-08-03 00:00,4,31.1,7.66,4.95,1461.6,25.48,2.8,0.031,0.188,4.822,,,2026-08-03 01:29:46
河南省,淮河流域,叶舞公路桥,2026-08-03 01:00,3,31.402,7.57,5.98,369.62,8.212,2.49,0.005,0.031,0.982,,,2026-08-03 01:29:46
河南省,淮河流域,临颍高村桥,2026-08-03 00:00,4,31.57,7.54,6.26,954.71,31.53,4.56,0.482,0.217,8.167,,,2026-08-03 01:29:46
河南省,黄河流域,洛河大桥,2026-08-03 01:00,-1,,,,,,,,,,,,2026-08-03 01:29:46
河南省,长江流域,淅川史家湾,2026-08-03 01:00,3,30.3,7.9,5.86,384.565,21.206,1.42,,0.026,1.2106,0.00223,,2026-08-03 01:29:46
河南省,长江流域,淅川高湾,2026-08-03 01:00,2,30.1,7.7,7.46,339.066,16.41,2.02,,0.048,0.7358,0.0068,,2026-08-03 01:29:46
河南省,长江流域,淅川张营,2026-08-03 01:00,3,30.73,8.07,5.99,358.645,3.818,2.14,,0.014,0.7342,0.00699909,,2026-08-03 01:29:46
河南省,长江流域,五龙泉,2026-08-03 00:00,1,29.52,8.39,7.58,264.68,2.48,1.74,0.001,0.006,0.706,0.0016,707180.8,2026-08-03 01:29:46
河南省,长江流域,宋岗,2026-08-03 01:00,1,29.064,8.56,7.6,262.7,11.955,1.59,0.002,0.007,0.723,0.003492,1228437,2026-08-03 01:29:46
河南省,长江流域,陶岔,2026-08-03 01:00,2,30.03,8.55,7.85,254.431,3.554,1.46,,0.012,0.8215,0.0017,786767,2026-08-03 01:29:46
河南省,长江流域,三道河,2026-08-03 01:00,2,26.965,7.64,7.45,740.826,4.232,0.46,0.013,0.004,1.525,,,2026-08-03 01:29:46
河南省,长江流域,上河,2026-08-03 00:00,2,28.1,6.49,7.24,226.1461,16.07063,2.43,0.008,0.014,0.37679,,,2026-08-03 01:29:46
河南省,长江流域,内乡怀乡桥,2026-08-03 00:00,3,27.94795,7.91,6.3,244.5657,26.1899,4.65,0.01,0.028,2.81631,,,2026-08-03 01:29:46
河南省,淮河流域,新野溧河桥,2026-08-03 00:00,3,31.57934,7.65,6.26,384.2633,25.36364,3.6,0.003,0.104,1.52331,,,2026-08-03 01:29:46
河南省,淮河流域,吕楼桥,2026-08-03 01:00,6,30.95,7.46,1.28,1351.639,41.688,4.25,0.104,0.095,0.8029,,,2026-08-03 01:29:46
河南省,淮河流域,黄口,2026-08-03 01:00,4,29.83,7.8,4.51,1136.697,9.378,5.3,0.184,0.067,2.6523,,,2026-08-03 01:29:46
河南省,淮河流域,睢县板桥,2026-08-03 01:00,5,33.09,7.58,5.42,822.57,66.9,7.62,0.533,0.32,4.58,,,2026-08-03 01:29:46
河南省,淮河流域,永城张板桥,2026-08-03 01:00,3,31.23,8.56,7.38,1153.47,8.53,,0.014,0.149,1.391,,,2026-08-03 01:29:46
河南省,淮河流域,长台关甘岸桥,2026-08-03 00:00,2,32.23,7.86,6.06,369.77,6.3,3.33,0.008,0.043,0.54,,,2026-08-03 01:29:46
河南省,淮河流域,息县大埠口,2026-08-03 00:00,3,31.37802,8.39,6.95,323.8365,8.89334,5,0.016,0.076,0.99473,,,2026-08-03 01:29:46
河南省,淮河流域,潢川水文站,2026-08-03 00:00,4,29.7883,7.15,6.11,176.724,60.1768,6.09,0.071,0.292,0.9181,,,2026-08-03 01:29:46
河南省,淮河流域,淮滨北庙,2026-08-03 00:00,2,35.14,8.75,10.16,224.9882,17.65869,3.48,0.006,0.065,0.65846,,,2026-08-03 01:29:46
河南省,淮河流域,饮用水源地取水口,2026-08-03 01:00,5,31.28,,9.87,171.88,9.69,4.22,0.012,0.107,0.344,0.031,7000,2026-08-03 01:29:46
河南省,淮河流域,竹竿铺,2026-08-03 00:00,3,29.46,7.83,6.17,158.98,21.02,2.87,0.035,0.118,1.121,,,2026-08-03 01:29:46
河南省,淮河流域,固始马罡,2026-08-03 00:00,2,32.573,8.19,12.42,140.309,8.3244,2.07,0.002,0.022,0.7416,,,2026-08-03 01:29:46
河南省,淮河流域,老沈丘泉河桥,2026-08-03 01:00,3,32.94,7.91,5.86,712.873,11.577,3.71,0.008,0.092,0.6311,,,2026-08-03 01:29:46
河南省,淮河流域,刘寨村后,2026-08-03 01:00,4,31.72,7.6,3.49,893.8,27.69,4.86,0.327,0.119,3.5825,,,2026-08-03 01:29:46
河南省,淮河流域,西华大王庄,2026-08-03 01:00,3,31.6786,8.29,12.15,487.11,30.7409,3.1,0.139,0.15,2.632,,,2026-08-03 01:29:46
河南省,淮河流域,周口康店,2026-08-03 00:00,4,31.46,7.32,4.58,584.0001,31.36,2.97,0.123,0.119,1.5664,,,2026-08-03 01:29:46
河南省,淮河流域,商水双桥,2026-08-03 00:00,2,32.2,8.1,11.57,598.6769,4.8256,2.84,0.017,0.032,1.111,,,2026-08-03 01:29:46
河南省,淮河流域,鄢陵陶城闸,2026-08-03 00:00,5,30.1,7.59,2.08,962.8,18.95,3.85,0.3,0.208,6.2547,,,2026-08-03 01:29:46
河南省,淮河流域,鹿邑付桥,2026-08-03 01:00,2,32.77,8.57,15.44,1016.319,9.647,4,0.045,0.039,0.5308,,,2026-08-03 01:29:46
河南省,淮河流域,西华址坊,2026-08-03 01:00,4,31.74,7.73,4.41,774.81,42.47,3.63,0.013,0.087,3.222,,,2026-08-03 01:29:46
河南省,淮河流域,冯塘邱屯,2026-08-03 00:00,4,32.08,7.45,3.35,811.201,30.00324,4.99,0.035,0.134,2.40875,,,2026-08-03 01:29:46
河南省,淮河流域,鹿邑宋河桥,2026-08-03 01:00,4,29.62,7.97,14.28,1272.04,13.97,7.91,0.022,0.113,1.653,,,2026-08-03 01:29:46
河南省,淮河流域,西平王孟寺,2026-08-03 00:00,3,29.45813,7.1,5.04,657.2925,8.60725,3.1,0.042,0.152,,,,2026-08-03 01:29:46
河南省,黄河流域,小浪底水库,2026-08-03 01:00,3,29.5,8.04,5.94,1104.426,23.983,2.16,0.013,0.036,2.7914,,,2026-08-03 01:29:46
湖北省,长江流域,沐家泾,2026-08-03 01:00,3,30.47,7.21,6.02,152.644,71.366,4.67,0.011,0.13,1.704,,,2026-08-03 01:29:46
湖北省,长江流域,牛山湖湖心,2026-08-03 01:00,3,32.02,8.98,8.61,172.182,14.326,4.09,,0.022,0.175,0.00562,1.754563,2026-08-03 01:29:46
湖北省,长江流域,西梁子湖湖北,2026-08-03 01:00,3,32.6659,,8.28,168.72,25.33,5.37,0.129,0.025,0.625,0.00847,1.574233,2026-08-03 01:29:46
湖北省,长江流域,宗关,2026-08-03 01:00,2,30.944,7.21,6.02,380.3,48.94,2.48,0.008,0.077,1.295,0.003388,,2026-08-03 01:29:46
湖北省,长江流域,杨泗港,2026-08-03 01:00,2,29.13,7.77,6.8,287.686,47.16,1.73,,0.056,1.603,,,2026-08-03 01:29:46
湖北省,长江流域,冯集,2026-08-03 01:00,6,33.28,9.66,15.25,201.853,61.837,5.57,0.008,0.192,1.597,,,2026-08-03 01:29:46
湖北省,长江流域,龙口,2026-08-03 01:00,4,32.95,7.8,6.17,189.41,8,6.12,,0.041,0.733,,,2026-08-03 01:29:46
湖北省,长江流域,金水闸,2026-08-03 01:00,4,30.83,7.14,3.28,256.7,42.21,4.27,0.102,0.061,0.958,,,2026-08-03 01:29:46
湖北省,长江流域,郭玉,2026-08-03 01:00,3,32.998,8.76,8.54,179.95,31.58,4.33,,0.138,1.691,,,2026-08-03 01:29:46
湖北省,长江流域,滠口,2026-08-03 00:00,3,32.69,8.12,9.9,229.6087,35.6,4.83,0.083,0.081,1.0487,,,2026-08-03 01:29:46
湖北省,长江流域,港洲村,2026-08-03 01:00,3,33.43,7.83,10.25,338.4,63.595,4.01,0.014,0.08,0.519,,,2026-08-03 01:29:46
湖北省,长江流域,黄陵大桥,2026-08-03 01:00,5,31.609,7.24,2.14,412.307,13.194,7.5,0.35,0.172,1.691,,,2026-08-03 01:29:46
湖北省,长江流域,富池闸,2026-08-03 01:00,2,31.12,8.24,8.13,224.9594,8.096025,2.66,0.005,0.052,1.166402,,,2026-08-03 01:29:46
湖北省,长江流域,大冶湖闸,2026-08-03 00:00,3,32.3,8.64,11.7,287.92,26.25,4.89,0.076,0.074,0.832,,,2026-08-03 01:29:46
湖北省,长江流域,夹河口,2026-08-03 00:00,1,28.02,7.77,7.9,322.3858,4.71,0.09,0.015,0.002,1.05,,,2026-08-03 01:29:46
湖北省,长江流域,天河口,2026-08-03 00:00,2,29.9,7.84,6.15,351.31,25.5,2.71,0.082,0.049,1.129,,,2026-08-03 01:29:46
湖北省,长江流域,焦家院,2026-08-03 01:00,2,21.96,7.73,7.8,234.045,9.259,1.56,0.039,0.06,0.9929,,,2026-08-03 01:29:46
湖北省,长江流域,孙家湾,2026-08-03 00:00,3,27.57,7.16,5.32,220.3,26.4,4.6,0.01,0.076,2.412,,,2026-08-03 01:29:46
湖北省,长江流域,浪河口,2026-08-03 00:00,2,30.43,8.32,8.6,160.8395,2.7,2.04,0.019,0.025,1.626,,,2026-08-03 01:29:46
湖北省,长江流域,丹江口水库坝上中,2026-08-03 01:00,1,30.63,8.51,8.74,249.941,0.746902,1.62,0.078,0.009,0.8882,0.0015692,2.1209,2026-08-03 01:29:46
湖北省,长江流域,陈家坡,2026-08-03 00:00,2,29.7,8.4,6.66,259.27,3.09,1.78,0.046,0.025,1.0315,,,2026-08-03 01:29:46
湖北省,长江流域,潘口水库坝上,2026-08-03 01:00,1,30.17,8.78,11.19,177.5,2.3,1.59,,0.008,0.238,,,2026-08-03 01:29:46
湖北省,长江流域,剑河口,2026-08-03 00:00,1,31.81,8.41,9.94,211.54,2.09,1.59,0.008,0.018,0.662,,,2026-08-03 01:29:46
湖北省,长江流域,东湾桥,2026-08-03 00:00,3,27.05,8.04,7.9,419.6626,18.49,4.5,0.042,0.096,2.5976,,,2026-08-03 01:29:46
湖北省,长江流域,玉皇滩,2026-08-03 00:00,2,28.552,8.12,7.05,330.9,11.017,1.67,0.112,0.022,1.224,,,2026-08-03 01:29:46
湖北省,长江流域,泗河口,2026-08-03 01:00,4,26.36,7.23,4.77,401.988,32.325,4.67,0.532,0.179,3.517,,,2026-08-03 01:29:46
湖北省,长江流域,王河电站,2026-08-03 00:00,2,29.48,8.15,6.8,385.4477,12.81,1.42,0.049,0.017,0.8391,,,2026-08-03 01:29:46
湖北省,长江流域,隔河岩水库坝上,2026-08-03 01:00,2,20.85,8.7,7.72,184.95,2.68,1.29,,0.015,1.779,0.03564,4027333,2026-08-03 01:29:46
湖北省,长江流域,长沙坝,2026-08-03 01:00,2,25.822,8.25,9.02,376.95,4.411,2.5,0.012,0.033,1.332,,,2026-08-03 01:29:46
湖北省,长江流域,清江大桥,2026-08-03 00:00,2,22.31,7.6,7.4,316.372,29.949,1.88,,,3.861,,,2026-08-03 01:29:46
湖北省,长江流域,南津关,2026-08-03 01:00,2,26.59,7.83,7.27,469.841,15.53012,1.13,0.022,0.05,1.9818,0.0192005,,2026-08-03 01:29:46
湖北省,长江流域,马渡河,2026-08-03 00:00,2,22.92,7.44,6.63,406.25,24.97,1.79,0.001,0.031,4.023,,,2026-08-03 01:29:46
湖北省,长江流域,铁路大桥,2026-08-03 00:00,3,27.88,7.81,6.2,517.5,28.2,2.24,0.002,0.12,2.877,,,2026-08-03 01:29:46
湖北省,长江流域,桅杆坪,2026-08-03 00:00,2,18.25,7.49,6.93,281.63,3.8,1.22,,0.026,2.736,,,2026-08-03 01:29:46
湖北省,长江流域,白石港,2026-08-03 01:00,2,30.25,8.35,7.22,312.184,7.176,2.24,0.008,0.026,1.156,,,2026-08-03 01:29:46
湖北省,长江流域,云池,2026-08-03 00:00,2,26.16,7.77,6.69,382.58,14.38,1.47,,0.046,2.342,,,2026-08-03 01:29:46
湖北省,长江流域,翟湾,2026-08-03 01:00,3,29.78,7.69,5.19,457.1136,22.75994,3.29,0.035,0.085,2.7071,,,2026-08-03 01:29:46
湖北省,长江流域,埠口,2026-08-03 00:00,6,30.91827,7.13,1.9,453.5478,28.53138,8.05,0.496,0.174,8.22754,,,2026-08-03 01:29:46
湖北省,长江流域,张湾,2026-08-03 00:00,3,30.68,7.39,5.51,430.4597,37.62,4.7,0.199,0.17,3.667,,,2026-08-03 01:29:46
湖北省,长江流域,余家湖,2026-08-03 00:00,3,31.41,7.79,5.77,350.9616,13.93,2.91,0.058,0.057,1.489,,,2026-08-03 01:29:46
湖北省,长江流域,聂家滩,2026-08-03 00:00,3,28.72,7.66,5.77,306.5391,33.63,2.45,0.042,0.053,0.899,,,2026-08-03 01:29:46
湖北省,长江流域,汤店,2026-08-03 00:00,3,31.49,7.18,5.16,570.5673,6.82,5.99,0.008,0.042,1.24,,,2026-08-03 01:29:46
湖北省,长江流域,沈湾,2026-08-03 01:00,2,15.78,7.64,6.69,324.8,3.79,1.82,0.017,0.011,1.366,,,2026-08-03 01:29:46
湖北省,长江流域,朱市,2026-08-03 00:00,3,31.41,7.84,7.04,472.9768,36.46,4.25,0.067,0.117,1.542,,,2026-08-03 01:29:46
湖北省,长江流域,茶庵,2026-08-03 00:00,4,28.29,7.55,4.99,312.0227,25.96,2.02,0.049,0.041,1.158,,,2026-08-03 01:29:46
湖北省,长江流域,马兰河口,2026-08-03 00:00,2,30.05,7.85,6.21,398.4,9.31,2.64,0.063,0.052,2.437,,,2026-08-03 01:29:46
湖北省,长江流域,燕矶,2026-08-03 00:00,2,29.38,7.73,7.1,325.12,39.64,1.55,0.124,0.062,1.815,,,2026-08-03 01:29:46
湖北省,长江流域,东梁子湖湖心,2026-08-03 01:00,4,31.3,8.49,6.69,173.548,32.033,5.32,,0.052,0.755,,,2026-08-03 01:29:46
湖北省,长江流域,梁子湖七星站,2026-08-03 01:00,4,31.66,8.57,5.38,176.6232,22.37329,6.09,0.072,0.006,1.229992,0.03467864,2.92069,2026-08-03 01:29:46
湖北省,长江流域,漳河水库库心,2026-08-03 01:00,1,31.02,8.28,8.01,312.7835,3.4769,1.67,0.034,0.004,0.47,0.00036,8.9232,2026-08-03 01:29:46
湖北省,长江流域,转斗,2026-08-03 01:00,2,29.8,8.26,8.21,401.937,14.7779,3.94,0.011,0.083,1.126,,,2026-08-03 01:29:46
湖北省,长江流域,罗汉闸,2026-08-03 01:00,2,30.64,8.03,8.27,363.03,141.57,2.4,0.025,0.08,1.3644,,,2026-08-03 01:29:46
湖北省,长江流域,京山河邓李港,2026-08-03 00:00,3,32.38,7.56,6.65,481.8058,11.8274,3.7,0.02,0.145,2.214,,,2026-08-03 01:29:46
湖北省,长江流域,马良龚家湾,2026-08-03 00:00,4,31.978,7.52,7.23,1023.06,52.3353,6.57,0.18,0.239,2.1625,,,2026-08-03 01:29:46
湖北省,长江流域,应城公路桥,2026-08-03 00:00,2,33.16,8.24,8.93,471.53,18.271,2.67,0.003,0.048,0.572,,,2026-08-03 01:29:46
湖北省,长江流域,田店泵站,2026-08-03 01:00,3,32.54,8,5.89,407.9,10.4002,2.89,0.009,0.041,0.75803,,,2026-08-03 01:29:46
湖北省,长江流域,垌冢桥,2026-08-03 01:00,6,30.7,7,1.72,366.992,13.38,3.83,0.138,0.189,2.422,,,2026-08-03 01:29:46
湖北省,长江流域,新沟闸,2026-08-03 01:00,5,31.78,7.28,2.99,335.48,17.61,4.64,0.154,0.122,1.473,,,2026-08-03 01:29:46
湖北省,长江流域,小河,2026-08-03 01:00,2,31.81,8.07,6.34,370.55,73.61,3.01,0.018,0.075,1.841,,,2026-08-03 01:29:46
湖北省,长江流域,孝昌王店,2026-08-03 01:00,4,32.66,7.61,6.9,256.15,19.9936,6.01,0.028,0.176,1.7541,,,2026-08-03 01:29:46
湖北省,长江流域,大悟河口,2026-08-03 00:00,4,32.68,7.47,4.32,223.1,10.67,2.07,0.015,0.055,0.312,,,2026-08-03 01:29:46
湖北省,长江流域,安陆桑树,2026-08-03 01:00,2,33.22,7.94,9.74,480.32,17.2674,3.18,0.025,0.035,0.50657,,,2026-08-03 01:29:46
湖北省,长江流域,隔蒲桥,2026-08-03 01:00,3,33.42,7.71,6.78,375.84,19.821,5.14,0.043,0.09,1.2402,,,2026-08-03 01:29:46
湖北省,长江流域,汉川新堰,2026-08-03 01:00,5,32.42,7.18,2.88,456.1,29.211,4.28,0.136,0.165,1.764,,,2026-08-03 01:29:46
湖北省,长江流域,杨柴湖,2026-08-03 01:00,4,29.5,7.14,4.32,308.6,33.8,2.79,,0.041,0.556,0.00174,2666028,2026-08-03 01:29:46
湖北省,长江流域,排水闸,2026-08-03 01:00,4,31.08,8.42,7.49,296.0204,73.3615,3.04,,0.058,1.296,0.00025,4545244,2026-08-03 01:29:46
湖北省,长江流域,洪湖湖心,2026-08-03 01:00,4,32.2,8.41,7.63,305.434,87.603,3.72,0.061,0.056,1.225,0.0015,109377,2026-08-03 01:29:46
湖北省,长江流域,观音寺,2026-08-03 00:00,2,27.43,7.87,7.37,404.09,23.78,1.07,,0.048,2.289,,,2026-08-03 01:29:46
湖北省,长江流域,新刘家台,2026-08-03 01:00,3,31.825,7.73,5.11,364.4,49.145,3.42,0.01,0.093,1.564,,,2026-08-03 01:29:46
湖北省,长江流域,荆州河口,2026-08-03 00:00,3,31.54,7.6,7.19,492.0994,33.9426,4.79,0.056,0.117,2.2765,,,2026-08-03 01:29:46
湖北省,长江流域,康家岗,2026-08-03 01:00,2,28.23,7.71,7.21,371.619,31.5429,1.31,0.002,0.059,1.88,,,2026-08-03 01:29:46
湖北省,长江流域,新河村,2026-08-03 01:00,5,31.251,7.35,2.12,399.25,20.45,4.6,0.365,0.13,2.123,,,2026-08-03 01:29:46
湖北省,长江流域,新滩,2026-08-03 01:00,5,31.629,7.46,2.27,510.5,64.45,3.57,0.002,0.038,1.944,,,2026-08-03 01:29:46
湖北省,长江流域,淤泥湖,2026-08-03 01:00,3,29,7.84,7.45,374.5,30.6,2.05,0.001,0.109,2.026,,,2026-08-03 01:29:46
湖北省,长江流域,杨家垱,2026-08-03 00:00,3,28.14,7.83,7.34,369.9,38.22,1.17,0.01,0.125,2.227,,,2026-08-03 01:29:46
湖北省,长江流域,调关,2026-08-03 01:00,2,27.96,7.81,7.62,385.0758,29.89,1.28,0.0004,0.056,2.0025,,,2026-08-03 01:29:46
湖北省,长江流域,三兴公,2026-08-03 00:00,3,31.945,7.96,15.2,489.918,11.792,4.3,,0.062,0.658,,,2026-08-03 01:29:46
湖北省,长江流域,东关桥,2026-08-03 00:00,4,31.8,7.37,3.28,375.4,42.3,3.53,0.065,0.135,3.0031,,,2026-08-03 01:29:46
湖北省,长江流域,姚集,2026-08-03 01:00,3,30.6,7.41,5.17,406.4,24.4,,0.052,0.085,1.516,,,2026-08-03 01:29:46
湖北省,长江流域,乌溪沟,2026-08-03 01:00,3,23.89423,8.15,7.97,342.9669,23.08088,1.32,0.035,0.104,2.312552,,,2026-08-03 01:29:46
湖北省,长江流域,白莲河水库坝上,2026-08-03 01:00,3,29.685,,8.5,119.2,4.462,2.9,0.023,0.028,0.3877,0.027505,48400,2026-08-03 01:29:46
湖北省,长江流域,巴河镇河口,2026-08-03 01:00,2,31.003,8.8,8.04,124.807,5.927,3.78,0.007,0.063,0.999,,,2026-08-03 01:29:46
湖北省,长江流域,兰溪大桥,2026-08-03 01:00,6,30.596,9.1,10.51,138.967,12.339,5.16,0.043,0.066,0.909,,,2026-08-03 01:29:46
湖北省,长江流域,中官铺,2026-08-03 01:00,2,29.501,7.77,6.84,339.306,43.33,1.63,0.003,0.059,1.685,,,2026-08-03 01:29:46
湖北省,长江流域,蕲春县八里湖,2026-08-03 00:00,3,31.81,7.29,6.63,177.3025,210.67,4.69,0.634,0.12,3.659,,,2026-08-03 01:29:46
湖北省,长江流域,咸宁湖心,2026-08-03 01:00,3,32.58,8.52,7.04,188.626,34.056,5.96,0.13,,1.223,0.01019,3.289645,2026-08-03 01:29:46
湖北省,长江流域,富水水库,2026-08-03 00:00,2,31.49,,11.35,200.2626,12.45,3.2,0.014,0.024,0.799,0.01,1.707,2026-08-03 01:29:46
湖北省,长江流域,窑嘴大桥,2026-08-03 00:00,2,31.45,7.98,9.66,337.8461,18.32,1.99,,0.055,1.331,,,2026-08-03 01:29:46
湖北省,长江流域,陆溪口,2026-08-03 01:00,2,30.57,8.31,8.54,189.68,14.63,3.98,0.154,0.051,1.295,,,2026-08-03 01:29:46
湖北省,长江流域,洪下水文站,2026-08-03 01:00,2,31.1,8.95,10.8,144.8,4.83,1.36,0.009,0.038,0.919,,,2026-08-03 01:29:46
湖北省,长江流域,厉山,2026-08-03 00:00,4,30.37,7.68,4.86,415.7632,28.49,5.53,0.033,0.056,1.9658,,,2026-08-03 01:29:46
湖北省,长江流域,平林,2026-08-03 01:00,4,32.7,8.33,11.28,340.846,11.574,7.57,0.03,0.104,1.432,,,2026-08-03 01:29:46
湖北省,长江流域,涢水大桥,2026-08-03 00:00,3,33.09,8.74,18.01,364.8451,16.41,4.86,0.009,0.091,0.6569,,,2026-08-03 01:29:46
湖北省,长江流域,江口村,2026-08-03 00:00,1,30.47,8.75,10.91,170.42,4.536,1.32,,0.014,1.084,,,2026-08-03 01:29:46
湖北省,长江流域,恩施大沙坝,2026-08-03 00:00,3,25.62,7.87,8.18,323.29,15.2,2.42,0.313,0.11,3.841,,,2026-08-03 01:29:46
湖北省,长江流域,雪照河,2026-08-03 00:00,2,23.95,8.37,8.19,374.14,16.335,1.53,,0.09,4.028,,,2026-08-03 01:29:46
湖北省,长江流域,周家坝,2026-08-03 00:00,2,23.18,7.77,7.26,242.89,2.791,0.83,0.006,0.015,2.09,,,2026-08-03 01:29:46
湖北省,长江流域,百福司镇,2026-08-03 01:00,2,26.174,8.05,10.46,217.48,1.707,1.72,0.001,0.025,1.178,,,2026-08-03 01:29:46
湖北省,长江流域,长顺乡,2026-08-03 01:00,1,23.278,7.84,9.06,218.609,6.0985,1.24,0.005,0.011,1.303,,,2026-08-03 01:29:46
湖北省,长江流域,积玉口荷花村,2026-08-03 00:00,5,31.52,7.4,2.96,378.5787,32.8137,3.86,0.077,0.118,1.105,,,2026-08-03 01:29:46
湖北省,长江流域,潜江大桥,2026-08-03 00:00,2,30.2,8.19,8.41,340.8557,33.71,2.22,0.095,0.072,1.427,,,2026-08-03 01:29:46
湖北省,长江流域,岳口,2026-08-03 00:00,2,29.2,7.95,7.74,355.8,40.05,2.74,0.104,0.078,1.645,,,2026-08-03 01:29:46
湖北省,长江流域,拖市,2026-08-03 00:00,6,30.86,7.19,1.2,492.8,33.325,5.25,0.283,0.175,2.2357,,,2026-08-03 01:29:46
湖北省,长江流域,阳日湾,2026-08-03 01:00,2,21.621,8,8.04,342.645,14.1,1.9,0.013,0.089,1.5623,,,2026-08-03 01:29:46
湖南省,长江流域,昭山,2026-08-03 00:00,2,30.8,7.62,7.09,205.2,10.2,1.34,,0.05,1.348,,,2026-08-03 01:29:46
湖南省,长江流域,捞刀河口,2026-08-03 00:00,2,32.66,8.23,9.31,208.5,9.075,1.45,0.042,0.065,1.855,,,2026-08-03 01:29:46
湖南省,长江流域,三角洲,2026-08-03 01:00,4,29.95,7.07,4.73,212,23.83,1.71,0.092,0.124,2.928,,,2026-08-03 01:29:46
湖南省,长江流域,胜利,2026-08-03 01:00,4,29.69,7.14,4.32,237.82,10.29,3.3,0.062,0.076,1.393,,,2026-08-03 01:29:46
湖南省,长江流域,桔子洲,2026-08-03 00:00,2,31.15,7.9,6.72,234.393,11,1.27,0.038,0.063,1.653,,,2026-08-03 01:29:46
湖南省,长江流域,湘东沿塘,2026-08-03 00:00,2,28.762,6.8,6.19,95.081,9.033,2.62,0.094,0.082,1.729,,,2026-08-03 01:29:46
湖南省,长江流域,马家河,2026-08-03 01:00,2,31.73,7.63,6.24,240.9,4.74,1.95,,0.06,1.418,,,2026-08-03 01:29:46
湖南省,长江流域,涟水入河口,2026-08-03 01:00,2,32.33,7.92,6.39,344.97,23.12,2.74,0.014,0.047,1.4386,,,2026-08-03 01:29:46
湖南省,长江流域,西阳渡口,2026-08-03 01:00,3,30.59,8.44,15.06,261.71,23.148,4.41,,0.021,1.119,,,2026-08-03 01:29:46
湖南省,长江流域,归阳镇,2026-08-03 01:00,2,31.17,7.58,6.57,179.01,1.47,1.31,0.013,0.035,1.157,,,2026-08-03 01:29:46
湖南省,长江流域,舂陵水入湘江口,2026-08-03 01:00,2,30.1583,8.26,8.27,256.8694,6.1521,2.32,0.011,0.047,0.9505,,,2026-08-03 01:29:46
湖南省,长江流域,耒水入湘江口,2026-08-03 01:00,4,29.1838,7.38,4.57,256.1522,6.0318,2.12,0.009,0.096,1.67,,,2026-08-03 01:29:46
湖南省,长江流域,熬洲,2026-08-03 00:00,2,28.74,7.39,6.19,206.6501,3.3369,1.3,0.027,0.059,1.19,,,2026-08-03 01:29:46
湖南省,长江流域,大河滩,2026-08-03 01:00,2,23.45,7.14,7.21,197.6,0.64,1.58,0.021,0.044,1.004,,,2026-08-03 01:29:46
湖南省,长江流域,草市镇,2026-08-03 01:00,2,29.9672,6.64,6.69,133.9637,6.7871,2.1,0.04,0.052,1.252,,,2026-08-03 01:29:46
湖南省,长江流域,洣水入湘江口,2026-08-03 01:00,3,30.734,7.49,5.89,144.76,12.65,2.73,0.014,0.045,1.108,,,2026-08-03 01:29:46
湖南省,长江流域,城北水厂,2026-08-03 00:00,2,29.19,7.95,6.86,221.16,7.03,1.58,0.031,0.062,1.3922,,,2026-08-03 01:29:46
湖南省,长江流域,蒸水入湘江口,2026-08-03 01:00,3,31.756,7.7,5.25,291.5529,17.3018,3.93,0.093,0.131,1.833,,,2026-08-03 01:29:46
湖南省,长江流域,塘渡口,2026-08-03 00:00,2,29.48,7.76,6.83,137.5332,1.7677,0.95,,0.024,1.178,,,2026-08-03 01:29:46
湖南省,长江流域,窑市,2026-08-03 01:00,2,26.11,7.55,8.38,42.4504,8.6078,0.99,,0.025,0.394,,,2026-08-03 01:29:46
湖南省,长江流域,渡头村,2026-08-03 00:00,2,30.23,7.82,6.77,198.808,1.6789,1.45,0.024,0.051,1.266,,,2026-08-03 01:29:46
湖南省,长江流域,邵水入河口,2026-08-03 01:00,2,31.44,7.62,6.53,451.129,11.409,2.33,0.148,0.079,2.499,,,2026-08-03 01:29:46
湖南省,长江流域,绥宁河口镇,2026-08-03 00:00,2,25.4569,7.53,7.97,81.1729,7.2446,0.68,0.013,0.024,0.6052,,,2026-08-03 01:29:46
湖南省,长江流域,藕池河东支入境,2026-08-03 00:00,2,28.81,8.14,7.57,367.859,14.577,0.36,0.023,0.042,1.769,,,2026-08-03 01:29:46
湖南省,长江流域,岳阳楼,2026-08-03 01:00,3,31.08,7.82,6.69,237.6793,43.93249,1.4,0.009,0.039,1.2303,0.0016797,200444,2026-08-03 01:29:46
湖南省,长江流域,樟树港,2026-08-03 00:00,3,25.158,7.82,8.7,256.282,10.211,1.44,0.028,0.135,1.134,,,2026-08-03 01:29:46
湖南省,长江流域,城陵矶,2026-08-03 01:00,2,29.09,7.74,6.49,289.351,48.52526,1.88,0.012,0.049,1.1851,,,2026-08-03 01:29:46
湖南省,长江流域,荆江口,2026-08-03 00:00,2,30.1,7.74,6.99,377.2186,21.0741,1.23,0.078,0.068,1.8902,,,2026-08-03 01:29:46
湖南省,长江流域,六门闸,2026-08-03 00:00,2,31.06,7.74,6.26,426.646,12.82,1.35,0.019,0.07,1.419,,,2026-08-03 01:29:46
湖南省,长江流域,南渡,2026-08-03 01:00,2,29.77,7.49,7.64,116.47,9.19,2.2,0.035,0.088,1.571,,,2026-08-03 01:29:46
湖南省,长江流域,八仙桥,2026-08-03 00:00,3,31.17,7.57,8.7,155.905,11.0423,4.24,0.056,0.066,1.0585,,,2026-08-03 01:29:46
湖南省,长江流域,坡头,2026-08-03 01:00,2,30.54,8.21,9.24,155.4941,17.76257,0.95,,0.029,1.3021,0.0008471,,2026-08-03 01:29:46
湖南省,长江流域,蒋家嘴,2026-08-03 00:00,2,28.87,7.65,6.38,177.9651,13.931,1.1,0.037,0.021,1.0707,0.00229,2.1358,2026-08-03 01:29:46
湖南省,长江流域,澧水三江口,2026-08-03 00:00,2,29.97379,8.27,8.45,234.7825,15.31069,0.88,0.006,0.044,1.21688,,,2026-08-03 01:29:46
湖南省,长江流域,窑坡渡,2026-08-03 00:00,4,30.21,7.78,4.75,246.9753,25.205,2.21,0.111,0.048,1.2306,,,2026-08-03 01:29:46
湖南省,长江流域,马坡湖,2026-08-03 01:00,3,28.67,7.98,7.28,374.419,39.8713,1.6,,0.134,2.137,,,2026-08-03 01:29:46
湖南省,长江流域,陈家河,2026-08-03 01:00,2,29.644,8.07,7.25,181.107,3.865,1.91,0.09,0.032,1.075,,,2026-08-03 01:29:46
湖南省,长江流域,永定澄潭,2026-08-03 01:00,2,27.88,8.19,7.78,203.6,11.251,0.87,0.004,0.045,0.669,,,2026-08-03 01:29:46
湖南省,长江流域,藕池河中支入境,2026-08-03 00:00,2,29.21,7.91,7.82,366.507,20.37,2.21,0.001,0.054,1.833,,,2026-08-03 01:29:46
湖南省,长江流域,万家嘴,2026-08-03 01:00,2,30.34,7.61,7.35,176.7269,15.7205,1.33,0.02,0.047,1.9141,0.0020347,206593.7,2026-08-03 01:29:46
湖南省,长江流域,南嘴,2026-08-03 01:00,4,31.15,7.88,7.43,224.3133,86.66189,1.76,,0.067,1.3351,0.025375,732000.8,2026-08-03 01:29:46
湖南省,长江流域,小河嘴,2026-08-03 01:00,2,29.98,8.07,7.63,201.184,17.0438,1.38,0.012,0.025,1.027,0.0020511,5.54474,2026-08-03 01:29:46
湖南省,长江流域,坪口,2026-08-03 01:00,2,29.88,8.76,11.79,204.1,22.791,1.53,0.019,0.021,1.243,,,2026-08-03 01:29:46
湖南省,长江流域,桃谷山,2026-08-03 01:00,2,29.98,7.91,6.43,201.021,12.4506,1.28,,0.042,1.607,,,2026-08-03 01:29:46
湖南省,长江流域,头山,2026-08-03 00:00,1,28.83,8.59,8.4,120.09,1.48,0.53,,0.008,0.7836,0.0021,3795000,2026-08-03 01:29:46
湖南省,长江流域,渡口大桥,2026-08-03 00:00,3,30.19,6.96,5.66,138.09,30.99,2.82,0.066,0.086,1.1935,,,2026-08-03 01:29:46
湖南省,长江流域,绿埠头,2026-08-03 01:00,2,28.08,7.5,7.22,167.2,3.1,0.87,0.006,0.031,1.022,,,2026-08-03 01:29:46
湖南省,长江流域,诸葛庙,2026-08-03 01:00,2,29.61,7.36,6.59,159.71,16.45,1.19,0.018,0.033,0.742,,,2026-08-03 01:29:46
湖南省,长江流域,五强溪,2026-08-03 01:00,2,31.07,8.63,9.93,179.206,2.4802,1.5,0.003,0.029,1.142,,,2026-08-03 01:29:46
湖南省,长江流域,铜信溪电站,2026-08-03 00:00,2,30.48,8.26,7.47,281.19,2.72,,0.018,0.012,1.338,,,2026-08-03 01:29:46
湖南省,长江流域,地阳坪公路大桥,2026-08-03 00:00,2,26.86,7.15,7.49,80.6746,6.0478,1.25,,0.034,0.521,,,2026-08-03 01:29:46
湖南省,长江流域,托口渠水,2026-08-03 01:00,2,29.6,8.18,7.1,73.8,2.485,1.36,0.002,0.025,0.632,,,2026-08-03 01:29:46
湖南省,长江流域,舞水入河口,2026-08-03 01:00,2,31.55,8.29,8.31,292.2,1.566,1.28,0.006,0.043,1.32,,,2026-08-03 01:29:46
湖南省,长江流域,溪子口,2026-08-03 01:00,2,23.7,7.55,7.45,246.2,1.451,0.58,0.012,0.022,1.378,,,2026-08-03 01:29:46
湖南省,长江流域,球溪,2026-08-03 01:00,2,29.395,7.58,6.27,204.67,2.628,1.9,0.014,0.057,1.692,,,2026-08-03 01:29:46
湖南省,长江流域,街埠头,2026-08-03 00:00,2,32.05,8.38,15.67,367.515,5.7834,2.71,0.017,0.02,1.215,,,2026-08-03 01:29:46
湖南省,长江流域,浦市上游,2026-08-03 00:00,2,29.65,8.07,8.21,152.93,3.75,0.93,0.005,0.039,1.023,,,2026-08-03 01:29:46
湖南省,长江流域,里耶镇,2026-08-03 01:00,2,25.66,7.85,7.25,252.32,2.4,1.06,0.01,0.02,1.337,,,2026-08-03 01:29:46
湖南省,长江流域,江口,2026-08-03 00:00,1,28.51,7.95,8.34,275.3803,2.0869,0.93,,0.014,1.148,,,2026-08-03 01:29:46
湖南省,长江流域,武水汇合口,2026-08-03 00:00,2,29.84,8.15,9.11,148.053,6.1068,1.16,0.008,0.024,0.852,,,2026-08-03 01:29:46
广东省,珠江流域,蕉门,2026-08-03 01:00,2,27.997,7.78,6.95,338.213,55.127,3.38,0.009,0.068,2.073,,,2026-08-03 01:29:46
广东省,珠江流域,官坦,2026-08-03 01:00,3,27.846,7.47,5.84,165.803,27.055,3.81,0.008,0.094,1.897,,,2026-08-03 01:29:46
广东省,珠江流域,大龙涌口,2026-08-03 01:00,3,27.157,7.09,5.48,167.901,31.706,2.23,0.007,0.102,2.75,,,2026-08-03 01:29:46
广东省,珠江流域,大墩,2026-08-03 00:00,3,27.56,6.85,5.39,97.697,84.699,1.77,0.211,0.104,2.103,,,2026-08-03 01:29:46
广东省,珠江流域,十里亭,2026-08-03 01:00,2,26.582,7.81,6.58,191.576,36.796,1.81,0.052,0.07,1.608,,,2026-08-03 01:29:46
广东省,珠江流域,长坝,2026-08-03 01:00,2,26.611,6.95,6.45,81.486,30.138,2.32,0.045,0.036,1.366,,,2026-08-03 01:29:46
广东省,珠江流域,三溪桥,2026-08-03 01:00,3,27.29,8.07,7.77,297.47,19.3,2.07,0.018,0.107,1.415,,,2026-08-03 01:29:46
广东省,珠江流域,高桥,2026-08-03 00:00,3,25.98745,7.19,5.78,125.66,34.90144,1.82,0.078,0.073,1.40309,,,2026-08-03 01:29:46
广东省,珠江流域,深圳河口,2026-08-03 00:00,4,25.89368,6.81,3.43,274.21,130.1035,5.28,0.346,0.184,2.31843,,,2026-08-03 01:29:46
广东省,珠江流域,珠海大桥,2026-08-03 01:00,3,27.58,7.68,6.42,260.157,67.316,2.39,,0.11,2.115,,,2026-08-03 01:29:46
广东省,珠江流域,石角咀水闸,2026-08-03 01:00,5,28.05,6.8,2.16,409.353,67.092,3.62,1.803,0.275,3.1,,,2026-08-03 01:29:46
广东省,珠江流域,鸡啼门大桥,2026-08-03 00:00,3,27.51,7.39,5.62,351,63.4,2.42,0.042,0.169,2.029,,,2026-08-03 01:29:46
广东省,珠江流域,布洲,2026-08-03 01:00,2,26.8,7.64,6.94,225.584,52.431,,0.076,0.091,2.611,,,2026-08-03 01:29:46
广东省,珠江流域,海门湾桥闸,2026-08-03 01:00,3,27.68,7.05,5.82,378.84,49.56,5.15,0.654,0.171,2.774,,,2026-08-03 01:29:46
广东省,珠江流域,大衙,2026-08-03 00:00,3,30.111,6.37,5.43,81.263,229.324,1.99,0.185,0.084,1.84081,,,2026-08-03 01:29:46
广东省,珠江流域,古劳,2026-08-03 00:00,2,27.71723,7.1,6.27,231.1199,41.70399,2.43,0.083,0.086,2.06829,,,2026-08-03 01:29:46
广东省,珠江流域,苍山渡口,2026-08-03 00:00,4,28.59,6.98,3.21,202.109,43.359,2.51,0.043,0.148,1.978,,,2026-08-03 01:29:46
广东省,珠江流域,渠首,2026-08-03 01:00,3,30.48,8.25,5.87,120.04,16.46,5.14,0.003,0.024,0.908,0.01591,4901087,2026-08-03 01:29:46
广东省,珠江流域,黄坡,2026-08-03 00:00,6,29.89,6.82,1.96,173.98,44.2,4.23,0.59,0.151,2.255,,,2026-08-03 01:29:46
广东省,珠江流域,山角,2026-08-03 01:00,3,30.54,6.77,6.32,127.97,18.34,4.39,0.072,0.069,2.658,,,2026-08-03 01:29:46
广东省,珠江流域,运河管理局,2026-08-03 01:00,3,30.23,7.84,7.37,130.16,34.94,5.49,0.017,0.032,0.916,,,2026-08-03 01:29:46
广东省,珠江流域,排里,2026-08-03 00:00,4,31.28,7.67,8.3,174.09,13.88,6.94,0.032,0.126,1.668,,,2026-08-03 01:29:46
广东省,珠江流域,南渡河桥,2026-08-03 01:00,6,30.48,6.53,1.29,198.86,30.61,6.32,0.71,0.087,2.996,,,2026-08-03 01:29:46
广东省,珠江流域,营仔,2026-08-03 00:00,4,30.74,6.95,3.49,168.55,12.59,5.78,0.079,0.095,1.93,,,2026-08-03 01:29:46
广东省,珠江流域,黄竹尾水闸,2026-08-03 00:00,5,29.22,6.79,2.77,132.73,51.93,3.76,0.136,0.194,3.137,,,2026-08-03 01:29:46
广东省,珠江流域,塘口,2026-08-03 01:00,4,29.09,6.81,4.01,123.15,42.4,3.52,0.22,0.218,2.887,,,2026-08-03 01:29:46
广东省,珠江流域,石碧,2026-08-03 00:00,4,29.302,6.26,4.06,234.802,113.438,4.94,0.506,0.239,3.075,,,2026-08-03 01:29:46
广东省,珠江流域,石骨水库,2026-08-03 01:00,2,30.069,,8.21,65.91,3.2277,1.6,0.027,0.015,0.465,,,2026-08-03 01:29:46
广东省,珠江流域,良德水库,2026-08-03 01:00,2,30.74,8.28,8.06,64.558,11.158,2.06,,0.013,0.263,0.00663,782108,2026-08-03 01:29:46
广东省,珠江流域,米急渡,2026-08-03 01:00,3,28.26,6.96,6.44,89.875,132.313,3.24,0.158,0.187,2.173,,,2026-08-03 01:29:46
广东省,珠江流域,白沙街,2026-08-03 00:00,2,28.246,7.54,7.07,163.622,16.229,1.74,0.077,0.054,1.605,,,2026-08-03 01:29:46
广东省,珠江流域,惠州汝湖,2026-08-03 01:00,2,24.596,6.65,6.09,82.497,30.485,1.8,0.011,0.063,2.062,,,2026-08-03 01:29:46
广东省,珠江流域,公庄河口,2026-08-03 00:00,3,27.2,6.93,6.88,120.3,103,4.13,0.077,0.176,1.693,,,2026-08-03 01:29:46
广东省,珠江流域,青溪,2026-08-03 00:00,2,29.37898,7.38,7.12,135.0323,2.77226,1.37,0.02,0.052,1.48294,,,2026-08-03 01:29:46
广东省,珠江流域,五丰渡口,2026-08-03 01:00,3,27.38,6.64,5.69,92.8,56.96,2.04,0.437,0.064,4.4887,,,2026-08-03 01:29:46
广东省,珠江流域,新铺,2026-08-03 01:00,4,28.36,7.09,4.96,115.016,6.696,1.91,0.114,0.043,1.6758,,,2026-08-03 01:29:46
广东省,珠江流域,海丰西闸,2026-08-03 01:00,2,27.27,6.56,6.68,47,26.4,3.03,0.092,0.055,0.68,,,2026-08-03 01:29:46
广东省,珠江流域,东溪水闸,2026-08-03 01:00,6,28.23,6.44,1.84,308.487,268.962,5.97,0.629,0.124,1.594,,,2026-08-03 01:29:46
广东省,珠江流域,江城,2026-08-03 01:00,3,28.56,6.76,6.04,103.953,37.464,2.89,0.117,0.169,1.662,,,2026-08-03 01:29:46
广东省,珠江流域,尖山,2026-08-03 00:00,-1,,,,,,,,,,,,2026-08-03 01:29:46
广东省,珠江流域,埠场,2026-08-03 01:00,3,28.53,6.69,5.54,135.302,22.699,3.2,0.103,0.198,1.893,,,2026-08-03 01:29:46
广东省,珠江流域,大泉,2026-08-03 00:00,4,28.75,6.72,3.37,227,35.2,5.63,0.459,0.222,2.66,,,2026-08-03 01:29:46
广东省,珠江流域,北江石尾,2026-08-03 01:00,2,27.415,7.44,6.25,165.149,33.386,2.05,0.144,0.069,1.919,,,2026-08-03 01:29:46
广东省,珠江流域,樟村,2026-08-03 01:00,5,27.81,7.02,2.88,260.075,60.38,3.28,1.488,0.213,4.038,,,2026-08-03 01:29:46
广东省,珠江流域,沙田泗盛,2026-08-03 00:00,5,27.35,6.38,2.61,198.06,55.85,3.59,0.475,0.12,2.411,,,2026-08-03 01:29:46
广东省,珠江流域,旗岭,2026-08-03 01:00,5,26.97,6.95,2.42,263.885,60.21,2.28,0.86,0.22,3.406,,,2026-08-03 01:29:46
广东省,珠江流域,石龙南河,2026-08-03 00:00,3,26.83,6.68,5.78,109.692,66.792,2.13,0.094,0.087,1.666,,,2026-08-03 01:29:46
广东省,珠江流域,中山港码头,2026-08-03 01:00,4,27.68,7.38,4.7,275.45,16.702,2.36,1.323,0.108,2.794,,,2026-08-03 01:29:46
广东省,珠江流域,赤凤,2026-08-03 01:00,3,27.34,6.85,6.54,88.83,69.1,1.98,0.064,0.13,1.908,,,2026-08-03 01:29:46
广东省,珠江流域,龟山塔,2026-08-03 01:00,2,26.13,6.85,6.96,60.09,78.705,2.13,0.056,0.056,1.0773,,,2026-08-03 01:29:46
广东省,珠江流域,古封,2026-08-03 00:00,2,27.64,7.79,7.29,259.68,30.64,1.32,0.022,0.035,2.352,,,2026-08-03 01:29:46
广西壮族自治区,珠江流域,叮当,2026-08-03 01:00,2,29.78,7.55,6.65,325.768,14.514,1.51,0.039,0.069,3.7319,,,2026-08-03 01:29:46
广西壮族自治区,珠江流域,六景,2026-08-03 00:00,2,29.32,7.82,6.32,321.15,15.65,1.52,,0.04,2.375,,,2026-08-03 01:29:46
广西壮族自治区,珠江流域,雁江,2026-08-03 00:00,3,28.02157,7.86,5.53,320.3033,6.46124,1.24,0.029,0.025,1.99883,,,2026-08-03 01:29:46
广西壮族自治区,珠江流域,上中,2026-08-03 00:00,2,29.95,7.78,7.33,332.8618,9.90889,1.25,0.018,0.024,2.36171,,,2026-08-03 01:29:46
广西壮族自治区,珠江流域,白马,2026-08-03 01:00,2,27.61,7.79,6.12,330.08,10.68,0.91,0.022,0.033,1.948,,,2026-08-03 01:29:46
广西壮族自治区,珠江流域,露塘,2026-08-03 00:00,1,27.15,7.81,8.34,187.2095,6.79862,0.88,0.02,0.013,1.49969,,,2026-08-03 01:29:46
广西壮族自治区,珠江流域,阳朔,2026-08-03 00:00,2,28.02,7.85,7.59,204.97,5.28,1.24,0.005,0.053,1.7289,,,2026-08-03 01:29:46
广西壮族自治区,珠江流域,京南,2026-08-03 00:00,2,28.69051,7.69,7.82,174.4115,5.63832,0.74,0.008,0.037,1.59785,,,2026-08-03 01:29:46
广西壮族自治区,珠江流域,亚桥,2026-08-03 00:00,3,28.53,7.19,7.03,180.393,13.072,2.72,0.032,0.161,2.639,,,2026-08-03 01:29:46
广西壮族自治区,珠江流域,东边埇,2026-08-03 01:00,3,27.88,6.56,7.34,79.1326,41.8302,1.83,0.068,0.12,2.287,,,2026-08-03 01:29:46
广西壮族自治区,珠江流域,南域,2026-08-03 00:00,3,30.53,7.18,6.99,190.4627,12.90745,3.44,0.028,0.112,2.8829,,,2026-08-03 01:29:46
广西壮族自治区,珠江流域,西门江,2026-08-03 01:00,4,30.43,6.84,4.64,414.353,36.069,3.41,0.369,0.155,3.0884,,,2026-08-03 01:29:46
广西壮族自治区,珠江流域,高速公路桥,2026-08-03 01:00,4,28.66,7.01,5.97,148.67,58.76,5.8,0.577,0.277,2.8681,,,2026-08-03 01:29:46
广西壮族自治区,珠江流域,三滩,2026-08-03 00:00,2,26.24,6.46,8.14,31.81,28.58,1.32,0.056,0.05,0.863,,,2026-08-03 01:29:46
广西壮族自治区,珠江流域,边贸码头,2026-08-03 01:00,1,26.66,6.6,7.96,46.08,19.03,,,,,,,2026-08-03 01:29:46
广西壮族自治区,珠江流域,高塘,2026-08-03 01:00,3,29,6.31,6.38,65.28,68.62,3.39,0.12,0.106,2.596,,,2026-08-03 01:29:46
广西壮族自治区,珠江流域,茅岭大桥,2026-08-03 00:00,6,27.74,5.87,6.99,54.84,99.89,3.16,0.07,0.085,1.402,,,2026-08-03 01:29:46
广西壮族自治区,珠江流域,钦江东,2026-08-03 00:00,4,29.01978,7.15,4.84,322.5158,98.6852,3.12,0.081,0.06,2.11245,,,2026-08-03 01:29:46
广西壮族自治区,珠江流域,高速公路西桥,2026-08-03 01:00,3,31.87,6.84,6.91,1310.28,55.2,5.9,0.183,0.191,2.336,,,2026-08-03 01:29:46
广西壮族自治区,珠江流域,武林渡口,2026-08-03 01:00,2,28.066,7.87,7.04,268.791,39.441,1.78,0.002,0.038,2.85,,,2026-08-03 01:29:46
广西壮族自治区,珠江流域,火电厂,2026-08-03 01:00,2,30.296,7.61,6.13,291.409,17.425,1.9,,0.062,2.478,,,2026-08-03 01:29:46
广西壮族自治区,珠江流域,自良渡口,2026-08-03 00:00,2,28.8,6.98,6.05,116.9479,59.17031,2.16,0.048,0.082,2.29702,,,2026-08-03 01:29:46
广西壮族自治区,珠江流域,横塘,2026-08-03 00:00,4,28.75,6.96,6.39,170.2772,83.10834,3.97,0.002,0.235,3.79514,,,2026-08-03 01:29:46
广西壮族自治区,珠江流域,隘屯,2026-08-03 01:00,2,25.34875,8.26,8.85,358.6115,27.91038,0.76,0.018,0.033,1.786793,,,2026-08-03 01:29:46
广西壮族自治区,珠江流域,公篓,2026-08-03 01:00,2,25.4,7.9,6.49,268.52,7.06,1.24,0.054,0.021,1.396,,,2026-08-03 01:29:46
广西壮族自治区,珠江流域,桂花,2026-08-03 00:00,2,26.98,7.36,7.05,181.8063,7.82311,0.97,0.022,0.067,1.58237,,,2026-08-03 01:29:46
广西壮族自治区,珠江流域,贺街,2026-08-03 01:00,2,26.78,7.62,7.76,148.64,18.937,1.04,0.034,0.049,1.12,,,2026-08-03 01:29:46
广西壮族自治区,珠江流域,车渡,2026-08-03 01:00,2,25.687,7.77,7.02,349.126,24.031,0.95,0.016,0.017,2.607,,,2026-08-03 01:29:46
广西壮族自治区,珠江流域,垒亭,2026-08-03 00:00,1,24.88745,7.79,7.56,348.6635,22.97231,1.08,0.013,0.016,1.98192,,,2026-08-03 01:29:46
广西壮族自治区,珠江流域,象州运江老街,2026-08-03 01:00,2,27.477,7.77,7.91,175.895,26.722,0.84,0.005,0.031,1.458,,,2026-08-03 01:29:46
广西壮族自治区,珠江流域,上金,2026-08-03 01:00,2,28.96,6.67,6.14,85.1777,123.7399,2.82,,0.044,1.5721,,,2026-08-03 01:29:46
广西壮族自治区,珠江流域,渠立,2026-08-03 01:00,2,28.96,7.86,8.73,275.702,18.98,1.38,,0.021,1.789,,,2026-08-03 01:29:46
广西壮族自治区,珠江流域,棉江,2026-08-03 01:00,2,29.01,7.18,6.17,176.669,50.539,2.04,,0.033,2.3338,,,2026-08-03 01:29:46
海南省,珠江流域,龙塘,2026-08-03 00:00,4,30.7,6.98,4.66,123.2,12,2.71,0.05,0.083,1.229,,,2026-08-03 01:29:46
海南省,珠江流域,儒房,2026-08-03 01:00,4,30.7,7.22,4.69,14680.4,10.2,2.6,0.451,0.077,1.381,,,2026-08-03 01:29:46
海南省,珠江流域,后黎村,2026-08-03 00:00,4,30,6.9,3.85,99.3,12.4,1.82,0.005,0.044,0.705,,,2026-08-03 01:29:46
海南省,珠江流域,林家村,2026-08-03 00:00,2,31.42,7.53,8.26,225.67,5.46,1.55,0.071,0.025,1.44,,,2026-08-03 01:29:46
海南省,珠江流域,崖城大桥,2026-08-03 00:00,2,30,6.74,7.25,111.68,36.8,2.2,0.01,0.041,2.455,,,2026-08-03 01:29:46
海南省,珠江流域,藤桥河大桥,2026-08-03 00:00,3,29.47,7.16,7.19,227.2,26.79,4.48,0.045,0.131,1.914,,,2026-08-03 01:29:46
海南省,珠江流域,松涛水库南丰库心,2026-08-03 00:00,2,31.00143,7.53,6.46,77.00917,1.236952,0.74,,0.005,0.1261834,0.01381106,1031350,2026-08-03 01:29:46
海南省,珠江流域,上村桥,2026-08-03 01:00,3,30.2,7.09,5.72,534.9,60.4,3.4,0.019,0.086,1.366,,,2026-08-03 01:29:46
海南省,珠江流域,中和桥,2026-08-03 01:00,4,30.6,6.98,4.78,199.6,23.2,4.57,0.133,0.118,1.011,,,2026-08-03 01:29:46
海南省,珠江流域,汀洲,2026-08-03 00:00,3,28.06,6.48,5.86,101,69.78,4.11,0.229,0.2,0.938,,,2026-08-03 01:29:46
海南省,珠江流域,龙江,2026-08-03 00:00,2,27.94,6.64,7.34,72.17,55.99,3.02,0.033,0.088,0.772,,,2026-08-03 01:29:46
海南省,珠江流域,溪仔村,2026-08-03 01:00,2,28.2,6.74,7.64,85.47,5.16,2.04,0.056,0.028,0.599,,,2026-08-03 01:29:46
海南省,珠江流域,羊头外村桥,2026-08-03 01:00,4,28.79,6.62,5.71,124.16,66.93,8.28,0.106,0.157,2.094,,,2026-08-03 01:29:46
海南省,珠江流域,农垦橡胶所一队,2026-08-03 01:00,2,28,6.68,7.53,75.2,22.6,2.65,0.015,0.034,1.736,,,2026-08-03 01:29:46
海南省,珠江流域,分洪桥,2026-08-03 01:00,2,30.82,6.75,7.68,101.31,22.98,2.86,0.008,0.035,0.571,,,2026-08-03 01:29:46
海南省,珠江流域,后山村,2026-08-03 01:00,5,31.19,6.66,2.08,160.218,20.3859,6.43,0.986,0.257,3.055,,,2026-08-03 01:29:46
海南省,珠江流域,大广坝水库出口,2026-08-03 01:00,4,29.11,7.25,3.35,94.799,2.456,1.77,,0.017,0.729,0.004585,1095900,2026-08-03 01:29:46
海南省,珠江流域,罗带铁路桥,2026-08-03 01:00,3,30.5,8,8.32,41430.8,12.8,3.01,0.696,0.127,0.883,,,2026-08-03 01:29:46
海南省,珠江流域,山口,2026-08-03 01:00,2,30.81,6.96,6.29,93.93,17.16,2.33,0.049,0.028,0.446,,,2026-08-03 01:29:46
海南省,珠江流域,白仞滩电站,2026-08-03 01:00,4,30.3,7.06,4.92,186,9.3,4,0.276,0.095,1.832,,,2026-08-03 01:29:46
海南省,珠江流域,大风,2026-08-03 01:00,2,29.71735,6.84,6.03,109.9945,12.71968,2.11,0.006,0.039,1.201013,,,2026-08-03 01:29:46
海南省,珠江流域,叉河口,2026-08-03 01:00,2,31,7.78,8.22,153.3,12.2,2.81,0.01,0.054,1.488,,,2026-08-03 01:29:46
海南省,珠江流域,乐中,2026-08-03 00:00,4,28.4,7.15,6.49,95.8,75.5,5.95,,0.201,5.672,,,2026-08-03 01:29:46
海南省,珠江流域,跨界桥,2026-08-03 01:00,2,30,7.12,7.43,99.9,24.3,3.1,0.005,0.064,1.208,,,2026-08-03 01:29:46
海南省,珠江流域,群英大坝,2026-08-03 01:00,2,28.4,7.08,6.87,85.2,18.2,4,0.07,0.076,1.415,,,2026-08-03 01:29:46
海南省,珠江流域,大溪村,2026-08-03 01:00,3,29,7.04,6.02,164,27.2,4.07,0.102,0.149,1.702,,,2026-08-03 01:29:46
重庆市,长江流域,晒网坝,2026-08-03 01:00,2,27.44,8.1,6.99,384.9492,31.3411,1.14,,0.034,1.247,,,2026-08-03 01:29:46
重庆市,长江流域,向家,2026-08-03 00:00,2,27.32,7.63,7.97,192.4,20.813,3.19,,0.042,1.117,,,2026-08-03 01:29:46
重庆市,长江流域,磨刀溪长滩,2026-08-03 01:00,6,26.94,9.04,12.04,160.515,12.369,4.24,0.086,0.039,0.692,,,2026-08-03 01:29:46
重庆市,长江流域,清溪场,2026-08-03 00:00,2,27.35,7.88,7.1,411.0529,94.3832,2.22,,0.069,1.359,,,2026-08-03 01:29:46
重庆市,长江流域,木瓜洞,2026-08-03 00:00,2,31.49,8.56,10.33,346.8933,15.2664,3.83,0.01,0.04,0.456,,,2026-08-03 01:29:46
重庆市,长江流域,寸滩,2026-08-03 00:00,1,27.96,7.91,7.64,369.64,154.793,,0.041,,,,,2026-08-03 01:29:46
重庆市,长江流域,和尚山,2026-08-03 01:00,3,25.35,7.91,6.59,382.34,58.57,1.24,0.249,0.103,1.227,,,2026-08-03 01:29:46
重庆市,长江流域,北温泉,2026-08-03 01:00,3,29.8176,7.91,9.15,350.475,263.175,3.24,0.248,0.112,3.859,,,2026-08-03 01:29:46
重庆市,长江流域,寨溪大桥,2026-08-03 00:00,2,29.98,7.84,7.39,1253.554,23.1096,2.41,0.034,0.024,1.818,,,2026-08-03 01:29:46
重庆市,长江流域,石门坎,2026-08-03 00:00,2,26.82,8.12,7.48,470.96,8.73,0.86,0.011,0.006,1.342,,,2026-08-03 01:29:46
重庆市,长江流域,玉滩水库,2026-08-03 00:00,2,26.94,7.55,6.05,465.229,12.29287,3.42,0.012,0.013,0.95115,0.03706723,3547985,2026-08-03 01:29:46
重庆市,长江流域,御临镇,2026-08-03 00:00,4,32.42,7.6,3.48,394.888,84.066,3.04,0.047,0.034,0.966,,,2026-08-03 01:29:46
重庆市,长江流域,黎家乡崔家岩村,2026-08-03 00:00,6,29.68,7.37,0.56,246.41,10.8,3.63,0.044,0.049,0.635,,,2026-08-03 01:29:46
重庆市,长江流域,运输桥,2026-08-03 00:00,4,26.85,7.61,4.82,352.9533,9.0991,4.7,0.004,0.074,2.009,,,2026-08-03 01:29:46
重庆市,长江流域,六剑滩,2026-08-03 01:00,3,30.88,8.69,10.22,284.9,21.06,5.27,0.02,0.064,0.958,,,2026-08-03 01:29:46
重庆市,长江流域,支坪街道,2026-08-03 00:00,3,30.61,7.99,5.54,495.7766,30.1981,1.44,,0.021,1.797,,,2026-08-03 01:29:46
重庆市,长江流域,江津大桥,2026-08-03 00:00,2,25.01,7.95,7.07,410.66,83.66,1.58,0.008,0.083,1.528,,,2026-08-03 01:29:46
重庆市,长江流域,朱杨溪,2026-08-03 00:00,4,30.59,7.36,4.78,667.71,21.89,5.15,0.222,0.112,2.268,,,2026-08-03 01:29:46
重庆市,长江流域,北渡,2026-08-03 00:00,2,29.56,8.12,7.03,612.9767,12.984,1.1,0.064,0.022,1.518,,,2026-08-03 01:29:46
重庆市,长江流域,白杨溪,2026-08-03 01:00,3,29.9,7.63,5.68,140.248,7.395,2.48,0.038,0.032,1.007,,,2026-08-03 01:29:46
重庆市,长江流域,太和,2026-08-03 01:00,3,27.2,7.91,8.42,326.64,614.2,3.14,,0.129,1.823,,,2026-08-03 01:29:46
重庆市,长江流域,官渡,2026-08-03 00:00,3,32.54,7.5,5.73,329.071,24.35,2.62,0.022,0.039,1.081,,,2026-08-03 01:29:46
重庆市,长江流域,临渡,2026-08-03 00:00,2,30.34,7.66,6.88,344,61.821,1.51,0.054,0.073,1.929,,,2026-08-03 01:29:46
重庆市,长江流域,渠江码头,2026-08-03 01:00,2,31.94,7.64,7.46,319.378,15.857,2.62,0.017,0.031,1.226,,,2026-08-03 01:29:46
重庆市,长江流域,黄桷,2026-08-03 01:00,3,28.22,7.7,5.46,690.117,34.328,3.06,0.024,0.071,1.812,,,2026-08-03 01:29:46
重庆市,长江流域,朱沱,2026-08-03 01:00,3,25.14,7.98,7.15,410.2,88.88,2.02,0.042,0.121,1.978,,,2026-08-03 01:29:46
重庆市,长江流域,四明水厂,2026-08-03 01:00,4,28.51,7.46,4.72,370.8,84.9,5.34,,0.085,1.245,,,2026-08-03 01:29:46
重庆市,长江流域,金狮桥,2026-08-03 01:00,1,19.16,8.13,8.95,217.169,5.02,1.09,0.029,0.006,0.832,,,2026-08-03 01:29:46
重庆市,长江流域,中和,2026-08-03 00:00,4,30.53,7.41,5.08,508.3,8.82,6.7,0.089,0.053,0.937,,,2026-08-03 01:29:46
重庆市,长江流域,高洞电站,2026-08-03 00:00,5,30.85,7.31,2.99,470.572,27.759,5.06,0.317,0.057,1.54,,,2026-08-03 01:29:46
重庆市,长江流域,巫山乡,2026-08-03 01:00,3,28.28,7.78,7.01,245.929,16.156,4.61,0.069,0.097,1.373,,,2026-08-03 01:29:46
重庆市,长江流域,上河坝,2026-08-03 01:00,3,31.88,8.09,5.73,659.66,8.37,5.11,0.028,0.077,0.221,,,2026-08-03 01:29:46
重庆市,长江流域,芙蓉洞码头,2026-08-03 01:00,1,28.16,8.45,8.94,198.65,38.3,1.63,,0.014,1.006,,,2026-08-03 01:29:46
重庆市,长江流域,鸭江镇,2026-08-03 00:00,2,27.93,7.98,7.86,486.745,6.365,1.45,0.016,0.027,1.713,,,2026-08-03 01:29:46
重庆市,长江流域,江口镇,2026-08-03 00:00,2,25.616,8.11,7.45,316.253,1.754,0.23,,0.008,1.734,,,2026-08-03 01:29:46
重庆市,长江流域,土堡寨,2026-08-03 00:00,1,20.72,8.28,8.83,439.241,8.016,0.26,,0.007,1.003,,,2026-08-03 01:29:46
重庆市,长江流域,水寨子,2026-08-03 00:00,1,22.52,8.23,8.59,249.298,4.658,1.35,0.037,0.014,0.395,,,2026-08-03 01:29:46
重庆市,长江流域,湖海场,2026-08-03 00:00,2,26.29,7.6,7.29,218.542,85.286,3.46,,0.051,0.859,,,2026-08-03 01:29:46
重庆市,长江流域,卫星桥,2026-08-03 00:00,3,31.34,7.86,5.99,300.9201,17.9522,4.47,0.066,0.038,0.288,,,2026-08-03 01:29:46
重庆市,长江流域,高洞梁,2026-08-03 00:00,2,31.46,7.83,6.96,463.921,30.976,2.74,,0.032,0.318,,,2026-08-03 01:29:46
重庆市,长江流域,苏家,2026-08-03 00:00,2,26.85,7.93,7.14,416.8956,71.102,1.66,0.028,0.055,1.807,,,2026-08-03 01:29:46
重庆市,长江流域,清水湖渡口,2026-08-03 01:00,2,28.84,8.95,13.01,183.659,4.1664,1.03,0.014,0.023,0.7943,,,2026-08-03 01:29:46
重庆市,长江流域,汤溪河江口,2026-08-03 00:00,1,21.75,8.04,8.65,277.186,24.894,0.55,,0.008,0.802,,,2026-08-03 01:29:46
重庆市,长江流域,罗汉大桥,2026-08-03 01:00,2,29.93,8.24,8.1,290.07,12.89,1.77,0.036,0.05,1.289,,,2026-08-03 01:29:46
重庆市,长江流域,白帝城,2026-08-03 01:00,2,27.05,8.06,7.25,381.299,41.156,1.06,,0.045,1.638,,,2026-08-03 01:29:46
重庆市,长江流域,培石,2026-08-03 00:00,2,27.0637,7.87,6.85,396.5056,33.9564,1.2,0.242,0.044,2.0937,,,2026-08-03 01:29:46
重庆市,长江流域,花台,2026-08-03 00:00,2,25.81,8.18,7.07,542.4025,13.5307,0.58,,0.016,1.242,,,2026-08-03 01:29:46
重庆市,长江流域,化杠,2026-08-03 00:00,2,23.03,7.69,7.75,125.95,9.81,2.44,0.015,0.052,1.9061,,,2026-08-03 01:29:46
重庆市,长江流域,万木,2026-08-03 00:00,2,24.19,7.72,6.47,399.09,3.7,0.91,0.003,0.03,3.169,,,2026-08-03 01:29:46
重庆市,长江流域,红花村,2026-08-03 00:00,1,23.846,7.71,8.38,277.64,,1.11,0.008,0.02,1.774,,,2026-08-03 01:29:46
重庆市,长江流域,南洞沟,2026-08-03 00:00,1,27.44,8.55,14.29,277.475,40.977,1,,0.016,0.956,,,2026-08-03 01:29:46
重庆市,长江流域,郁江桥,2026-08-03 00:00,1,28.4,8.2,8.69,312.097,7.004,0.75,,0.017,1.268,,,2026-08-03 01:29:46
四川省,长江流域,二江寺,2026-08-03 01:00,3,24.7,7.61,6.19,458.2,12,2.31,0.357,0.135,2.598,,,2026-08-03 01:29:46
四川省,长江流域,岳店子下,2026-08-03 00:00,3,25.82933,7.45,5.99,417.2155,9.65329,3.22,0.084,0.17,10.61135,,,2026-08-03 01:29:46
四川省,长江流域,三邑大桥,2026-08-03 01:00,2,23.55,7.55,7.24,271.2146,79.34,1.64,0.036,0.066,1.9185,,,2026-08-03 01:29:46
四川省,长江流域,宏缘,2026-08-03 01:00,5,23.74,7.7,7.3,399.66,64.32,5.29,0.379,0.38,4.736,,,2026-08-03 01:29:46
四川省,长江流域,李家湾,2026-08-03 01:00,5,28.24,7.41,6.63,423.6,275.6,4.17,0.017,0.303,2.259,,,2026-08-03 01:29:46
四川省,长江流域,廖家堰,2026-08-03 01:00,6,27.213,7.34,6.67,908.561,17.431,3.86,2.051,,4.55,,,2026-08-03 01:29:46
四川省,长江流域,脚仙村,2026-08-03 01:00,5,26.53,7.37,7.15,414.3,612.9,6.17,0.268,0.354,2.999,,,2026-08-03 01:29:46
四川省,长江流域,龙洞,2026-08-03 00:00,1,21.12,8.18,7.94,664,27.008,1.09,0.052,0.018,0.95274,,,2026-08-03 01:29:46
四川省,长江流域,倮果,2026-08-03 00:00,2,22.28,8.19,7.53,664.9344,27.12831,1.21,0.01,0.023,1.69213,,,2026-08-03 01:29:46
四川省,长江流域,雅砻江口,2026-08-03 00:00,5,19.873,7.48,8.85,205.2137,757.1586,10.05,0.535,0.287,4.8,,,2026-08-03 01:29:46
四川省,长江流域,柏枝,2026-08-03 00:00,1,19.64,8.04,8.38,216.2726,12.35387,0.58,0.005,0.009,0.58214,,,2026-08-03 01:29:46
四川省,长江流域,湾凼,2026-08-03 01:00,6,27.85555,7.36,1.22,663.4696,14.04546,3.97,0.008,0.044,0.481152,,,2026-08-03 01:29:46
四川省,长江流域,手爬岩,2026-08-03 01:00,3,26.63,7.71,6.63,431.505,126.361,2.33,,0.122,2.1113,,,2026-08-03 01:29:46
四川省,长江流域,沱江大桥,2026-08-03 01:00,4,30.1,7.7,6.76,383.8361,200.5776,3.76,0.014,0.25,2.61761,,,2026-08-03 01:29:46
四川省,长江流域,醒觉溪,2026-08-03 00:00,2,28.71,8.25,7.4,398.7,2.8,1.86,0.026,0.019,3.151,,,2026-08-03 01:29:46
四川省,长江流域,胡市大桥,2026-08-03 01:00,3,30.18,7.54,5.95,423.9495,18.2171,5.83,0.14,0.122,1.2572,,,2026-08-03 01:29:46
四川省,长江流域,大磨子,2026-08-03 01:00,3,29.652,7.24,6.82,425.191,110.378,3.48,0.125,0.189,2.53,,,2026-08-03 01:29:46
四川省,长江流域,泸天化大桥,2026-08-03 01:00,3,29.85,7.69,5.79,400.37,15.6461,1.61,0.022,0.041,2.0563,,,2026-08-03 01:29:46
四川省,长江流域,纳溪大渡口,2026-08-03 01:00,3,25.01,7.69,6.97,397.722,254.681,3.11,,0.146,3.2234,,,2026-08-03 01:29:46
四川省,长江流域,两汇水,2026-08-03 01:00,3,26.595,7.79,7.4,136.5279,72.67418,3.21,0.123,0.193,0.699,,,2026-08-03 01:29:46
四川省,长江流域,太平渡,2026-08-03 01:00,2,27.32573,8.18,7.56,516.0643,107.1592,1.72,0.038,0.069,3.327,,,2026-08-03 01:29:46
四川省,长江流域,象山,2026-08-03 00:00,5,26.42,7.7,5.54,427.46,200.3,10.91,0.253,0.316,7.213,,,2026-08-03 01:29:46
四川省,长江流域,双江桥,2026-08-03 00:00,4,24.54,8.21,7.2,445.97,101.41,2.58,,0.204,2.557,,,2026-08-03 01:29:46
四川省,长江流域,三川,2026-08-03 01:00,-1,,,,,,,,,,,,2026-08-03 01:29:46
四川省,长江流域,西平镇,2026-08-03 00:00,3,24.89,7.61,5.65,451.47,84.83,5.16,0.187,0.171,5.597,,,2026-08-03 01:29:46
四川省,长江流域,平武水文站,2026-08-03 00:00,1,16.94,8.42,9.28,238.9929,109.6441,1.49,0.008,0.019,1.08675,,,2026-08-03 01:29:46
四川省,长江流域,丰谷,2026-08-03 00:00,2,22.16543,7.83,8.17,259.9606,98.78046,2.92,0.004,0.073,1.99785,,,2026-08-03 01:29:46
四川省,长江流域,鲁班岛,2026-08-03 00:00,2,25.80387,8.63,7.12,238.9622,7.60244,1.96,0.009,0.018,0.2197,0.00195,9138036,2026-08-03 01:29:46
四川省,长江流域,北川通口,2026-08-03 00:00,1,20.20269,8.39,9.92,222.936,145.1592,1.31,0.006,0.008,1.69962,,,2026-08-03 01:29:46
四川省,长江流域,八庙沟,2026-08-03 00:00,5,21.88,8.11,8.04,268.4059,614.5014,10.76,0.01,0.005,5.77592,,,2026-08-03 01:29:46
四川省,长江流域,姚渡,2026-08-03 01:00,2,21.3359,8.05,7.58,251.2184,93.34229,2.91,0.105,0.005,3.61,,,2026-08-03 01:29:46
四川省,长江流域,苴国村,2026-08-03 00:00,2,21.75,7.82,8.14,220.4123,106.9456,2.64,0.006,0.046,2.42212,,,2026-08-03 01:29:46
四川省,长江流域,清泉乡,2026-08-03 01:00,6,23.11,7.71,9.48,189.8,965.726,11.14,,0.592,2.822,,,2026-08-03 01:29:46
四川省,长江流域,大安,2026-08-03 00:00,4,29.71,7.37,4.11,538.099,9.1,4.63,0.108,0.111,0.7609,,,2026-08-03 01:29:46
四川省,长江流域,百顷,2026-08-03 01:00,3,23.43,7.85,8.53,330.65,106.16,4.09,0.412,0.158,4.217,,,2026-08-03 01:29:46
四川省,长江流域,梓江大桥,2026-08-03 00:00,4,24.25,7.81,8.03,305.2,395.7,9.21,0.276,0.248,3.139,,,2026-08-03 01:29:46
四川省,长江流域,大埂,2026-08-03 01:00,4,27.38,7.46,4.44,422.7,33.01,4.28,0.457,0.193,2.301153,,,2026-08-03 01:29:46
四川省,长江流域,球溪河口,2026-08-03 01:00,6,25.28,7.27,5.23,453.91,1328.2,12.52,1.11,0.662,,,,2026-08-03 01:29:46
四川省,长江流域,李码头,2026-08-03 00:00,2,21.59614,7.99,8.78,225.3636,132.1469,3.29,0.002,0.089,4.14898,,,2026-08-03 01:29:46
四川省,长江流域,马边河河口,2026-08-03 00:00,2,22.76504,7.6,6.57,248.9707,23.39911,1.7,0.008,0.06,2.60732,,,2026-08-03 01:29:46
四川省,长江流域,金溪电站,2026-08-03 01:00,2,24.55,7.8,9.54,348.477,199.188,3.02,0.012,,1.261,,,2026-08-03 01:29:46
四川省,长江流域,升钟水库铁炉寺,2026-08-03 01:00,4,24.11,7.44,3.13,334.87,128.54,6.13,0.389,0.059,4.209,,,2026-08-03 01:29:46
四川省,长江流域,沙溪,2026-08-03 01:00,2,23.93,8,10.06,327.97,39.76,2.4,0.065,0.033,0.816,,,2026-08-03 01:29:46
四川省,长江流域,彭山岷江大桥,2026-08-03 00:00,4,25.24,7.45,4.12,378.7512,137.7687,3.73,0.021,0.168,3.56257,,,2026-08-03 01:29:46
四川省,长江流域,龟都府,2026-08-03 01:00,3,21.84,7.99,9.05,187.5796,139.594,1.96,0.005,0.117,1.746315,,,2026-08-03 01:29:46
四川省,长江流域,越溪河两河口,2026-08-03 00:00,4,28.04,7.44,3.03,501.4,17.8,5.81,0.269,0.184,3.15,,,2026-08-03 01:29:46
四川省,长江流域,月波,2026-08-03 00:00,3,23.64,7.3,7.11,330,75.8,3.62,0.21,0.132,5.998,,,2026-08-03 01:29:46
四川省,长江流域,凉姜沟,2026-08-03 01:00,3,24.75,7.68,7.03,320.2703,76.46832,3.86,0.002,0.149,6.789878,,,2026-08-03 01:29:46
四川省,长江流域,挂弓山,2026-08-03 00:00,3,24.16065,7.84,7.56,410.0795,397.6578,5.44,0.01,0.079,7.84369,,,2026-08-03 01:29:46
四川省,长江流域,蔡家渡口,2026-08-03 00:00,4,30.13433,7.48,4.79,721.2374,12.00737,2.59,0.028,0.066,1.9843,,,2026-08-03 01:29:46
四川省,长江流域,三块石,2026-08-03 01:00,2,23.47,8.09,7.47,543.44,3.85,1.02,0.02,0.013,0.915,,,2026-08-03 01:29:46
四川省,长江流域,洛亥,2026-08-03 00:00,3,20.42,8.04,7.3,337.5755,8.451568,1.64,0.147,0.18,4.417,,,2026-08-03 01:29:46
四川省,长江流域,溪口镇平桥村,2026-08-03 01:00,3,27.39,7.6,6.28,606.7,14.67,3.64,0.103,0.111,0.615,,,2026-08-03 01:29:46
四川省,长江流域,摇金,2026-08-03 01:00,3,27.28,7.74,7.2,322.02,202.6,4.76,0.039,0.177,0.696,,,2026-08-03 01:29:46
四川省,长江流域,烈面,2026-08-03 01:00,2,27.7,7.59,7.46,327.6,110.2,1.25,0.025,0.054,1.046,,,2026-08-03 01:29:46
四川省,长江流域,幺滩,2026-08-03 01:00,3,30.96,7.94,5.16,483.52,57.64,3.37,0.073,0.081,0.891,,,2026-08-03 01:29:46
四川省,长江流域,团堡岭,2026-08-03 01:00,2,30.95,8.11,6.32,323.16,3.991,3.44,0.064,0.024,0.759,,,2026-08-03 01:29:46
四川省,长江流域,江陵,2026-08-03 01:00,3,29.02,7.9,5.43,288.5,119.82,2.39,0.012,0.053,1.105,,,2026-08-03 01:29:46
四川省,长江流域,大蹬沟,2026-08-03 01:00,4,30.14,7.58,4.42,265,17.4,3,0.031,0.033,0.928,,,2026-08-03 01:29:46
四川省,长江流域,白兔乡,2026-08-03 01:00,4,30.1,7.65,3.87,360.9,12.76,5.1,,0.048,0.547,,,2026-08-03 01:29:46
四川省,长江流域,联盟桥,2026-08-03 00:00,4,29.38,7.47,3.95,334.34,47.64,4.69,0.129,0.102,0.8751,,,2026-08-03 01:29:46
四川省,长江流域,舵石盘,2026-08-03 01:00,4,29.58,7.72,3.56,345.8,16.6,2.49,0.032,0.045,1.094,,,2026-08-03 01:29:46
四川省,长江流域,车家河,2026-08-03 01:00,4,30.96,7.58,4.55,318.7,14.74,1.78,,0.054,0.715,,,2026-08-03 01:29:46
四川省,长江流域,三谷庄,2026-08-03 00:00,2,20.11,8,6.97,209.1595,22.04368,1.93,0.01,0.018,1.10264,,,2026-08-03 01:29:46
四川省,长江流域,大岗山,2026-08-03 00:00,1,17.2,8.13,7.94,207.5251,18.16079,0.97,0.008,0.012,0.85234,,,2026-08-03 01:29:46
四川省,长江流域,手傍岩,2026-08-03 00:00,6,22.26,7.81,8.49,200,1322.5,9.17,,0.418,1.569,,,2026-08-03 01:29:46
四川省,长江流域,幸福村,2026-08-03 01:00,5,24.66,7.76,8.79,338.3,214.3,5.67,0.308,0.31,5.523,,,2026-08-03 01:29:46
四川省,长江流域,拱城铺渡口,2026-08-03 00:00,4,25.01,7.56,7.2,374.89,202.13,4.64,0.117,0.23,4.017,,,2026-08-03 01:29:46
四川省,长江流域,红光村,2026-08-03 01:00,4,27.53,7.39,3.63,439.44,41.78,4.04,0.209,0.118,0.887,,,2026-08-03 01:29:46
四川省,长江流域,两河,2026-08-03 01:00,5,30.18,7.24,2.5,394.82,11.64,4.62,,0.106,0.397,,,2026-08-03 01:29:46
四川省,长江流域,县城马踏石点,2026-08-03 00:00,1,15.32417,8.38,9.11,344.4755,75.13406,0.81,0.051,0.016,0.79439,,,2026-08-03 01:29:46
四川省,长江流域,渭门桥,2026-08-03 00:00,1,15.71,8.24,7.87,250.0904,39.08634,1.15,0.005,0.019,0.45864,,,2026-08-03 01:29:46
四川省,长江流域,小水沟,2026-08-03 00:00,2,12.38373,8.39,7.17,235.6786,60.81682,1.06,0.041,0.019,0.84796,,,2026-08-03 01:29:46
四川省,长江流域,竹巴龙村,2026-08-03 01:00,6,14.24,8.17,7.19,2122.9,1109,6.11,1.036,0.591,4.012,,,2026-08-03 01:29:46
四川省,长江流域,金沙江岗托桥,2026-08-03 01:00,4,15,8.38,9.67,2041.3,1016.1,3.57,0.758,0.286,1.659,,,2026-08-03 01:29:46
四川省,长江流域,昔街大桥,2026-08-03 01:00,6,,,,,,12.17,0.093,0.552,0.461,,,2026-08-03 01:29:46
四川省,长江流域,阿七大桥,2026-08-03 00:00,5,20.65,7.8,6.83,138.5928,1438.525,14.69,0.931,0.334,,,,2026-08-03 01:29:46
四川省,长江流域,邛海湖心,2026-08-03 00:00,2,26.74,8.56,7.23,315.4083,4.76032,2.3,0.008,0.022,0.35425,,49395.06,2026-08-03 01:29:46
贵州省,长江流域,棉花渡,2026-08-03 01:00,2,24.393,7.9,6.03,453.81,0.8543,1.56,,0.044,2.7814,,,2026-08-03 01:29:46
贵州省,长江流域,贵铝泵房,2026-08-03 01:00,2,25.98,8.54,7.84,342.4069,7.862,2.63,0.048,0.014,2.3217,0.01685,2758443,2026-08-03 01:29:46
贵州省,长江流域,花鱼洞,2026-08-03 01:00,6,23.3415,7.31,0.83,367.8626,4.542,2.23,0.047,0.014,1.6164,0.00356,1677438,2026-08-03 01:29:46
贵州省,长江流域,麦穰,2026-08-03 00:00,3,24.34,7.98,5.67,632.99,5.86,2.27,0.119,0.196,4.962,,,2026-08-03 01:29:46
贵州省,珠江流域,青岩,2026-08-03 01:00,4,25.2,7.9,4.77,533.7859,4.4414,1.99,,0.044,4.403,,,2026-08-03 01:29:46
贵州省,长江流域,龙场,2026-08-03 01:00,2,20.66,7.95,7.07,399.88,4.86,0.62,0.001,0.013,4.214,,,2026-08-03 01:29:46
贵州省,珠江流域,发耳,2026-08-03 00:00,3,22.33,8.16,7.51,358.927,93.24,1.76,,0.135,3.568,,,2026-08-03 01:29:46
贵州省,长江流域,打秋坪,2026-08-03 01:00,2,25.74,8.04,7.02,501.3,4.8,1.11,,0.051,3.222,,,2026-08-03 01:29:46
贵州省,长江流域,鱼塘大桥,2026-08-03 00:00,1,25.51,8.06,8.17,319.99,0.153,0.62,,0.007,1.638,,,2026-08-03 01:29:46
贵州省,长江流域,沿江渡,2026-08-03 00:00,3,29.9,8.9,9.46,301.39,6.72,4.1,0.001,0.025,2.345,,,2026-08-03 01:29:46
贵州省,长江流域,鲤鱼塘,2026-08-03 00:00,2,27.19,7.64,6.71,463.97,2.51,1.28,,0.038,3.348,,,2026-08-03 01:29:46
贵州省,长江流域,坡渡,2026-08-03 00:00,3,25.63,7.98,5.49,304.66,8.5,0.91,0.022,0.007,0.688,,,2026-08-03 01:29:46
贵州省,长江流域,余庆河暗溪坪,2026-08-03 01:00,4,26.47,7.59,4.7,316.68,3.81,0.79,,0.027,1.4,,,2026-08-03 01:29:46
贵州省,长江流域,羊柱头渡口,2026-08-03 01:00,4,25.76,7.77,7.44,676.91,15.672,2.54,0.646,0.219,8.277,,,2026-08-03 01:29:46
贵州省,长江流域,长沙,2026-08-03 00:00,3,29.0415,7.99,6.49,260.3922,10.6571,5.13,0.02,,,,,2026-08-03 01:29:46
贵州省,珠江流域,黄果树,2026-08-03 00:00,1,24.3878,8.25,8.45,558.8,20.2,1.06,0.065,0.015,3.861,,,2026-08-03 01:29:46
贵州省,长江流域,斯拉河大桥,2026-08-03 00:00,1,23.65,8.25,8.32,411.81,2.42,1.03,,0.016,4.766,,,2026-08-03 01:29:46
贵州省,珠江流域,打邦,2026-08-03 01:00,2,30.23,8.11,8.82,372.59,7.482,2.12,0.025,0.018,3.06,,,2026-08-03 01:29:46
贵州省,长江流域,小屯,2026-08-03 01:00,2,26.4,8.7,9.41,356.2053,7.656,3.2,0.028,0.053,4.394,,,2026-08-03 01:29:46
贵州省,长江流域,清水铺,2026-08-03 00:00,3,22.089,8.13,8.13,375.917,110.331,4.13,0.008,0.127,13.894,,,2026-08-03 01:29:46
贵州省,长江流域,大桥边,2026-08-03 01:00,2,19.119,8.18,8.29,350.45,9.1,1.99,0.024,0.046,4.083,,,2026-08-03 01:29:46
贵州省,长江流域,鱼市,2026-08-03 01:00,1,30.71,8.44,10.97,365.189,3.839672,0.81,0.002,0.02,0.864582,,,2026-08-03 01:29:46
贵州省,长江流域,下干溪,2026-08-03 00:00,3,27.68,7.82,5.85,367.67,7.08,0.82,0.085,0.018,2.342,,,2026-08-03 01:29:46
贵州省,珠江流域,坝草,2026-08-03 00:00,1,27.3248,8.3,8.47,389.688,4.1681,1.31,,0.01,3.3004,,,2026-08-03 01:29:46
贵州省,珠江流域,南盘江三江口,2026-08-03 01:00,2,27.28,8.17,13.63,355.94,12.04,2.73,0.014,0.029,4.707,0.00423,,2026-08-03 01:29:46
贵州省,珠江流域,岔河口,2026-08-03 00:00,2,26.3629,8.63,9.49,273.991,3.4791,3.21,,0.024,2.376,,,2026-08-03 01:29:46
贵州省,珠江流域,蔗香北,2026-08-03 00:00,1,26.98,7.95,11.92,287.6114,5.1051,1.03,0.006,0.011,2.4383,,,2026-08-03 01:29:46
贵州省,珠江流域,黄泥河,2026-08-03 00:00,6,19.0121,7.92,7.89,355.3357,439.1996,10.11,,0.487,,,,2026-08-03 01:29:46
贵州省,珠江流域,赵家渡,2026-08-03 00:00,2,22.26,8.11,7.72,398.974,10.51,0.62,0.074,0.026,4.648,,,2026-08-03 01:29:46
贵州省,珠江流域,坡脚,2026-08-03 00:00,2,23.71,7.91,6.6,415.6097,21.5641,0.78,,0.026,4.6625,,,2026-08-03 01:29:46
贵州省,珠江流域,蔗香南,2026-08-03 00:00,1,30.35,8.45,9.81,306.2,6.25,1.3,0.006,0.012,2.6376,,,2026-08-03 01:29:46
贵州省,长江流域,金紫,2026-08-03 00:00,2,27.48,8.69,9.49,151.1692,17.05,0.92,0.025,0.026,1.169,,,2026-08-03 01:29:46
贵州省,珠江流域,从江大桥,2026-08-03 01:00,1,27.027,7.49,7.51,82.241,7.201,0.77,0.005,0.017,0.797,,,2026-08-03 01:29:46
贵州省,长江流域,平敏大桥,2026-08-03 00:00,2,26.72,7.42,6.82,111.3,9.15,0.96,,0.018,0.539,,,2026-08-03 01:29:46
贵州省,长江流域,旁海,2026-08-03 00:00,2,26.85,8.62,6.82,459.39,24.62,1,,0.044,1.862,,,2026-08-03 01:29:46
贵州省,长江流域,重安江大桥,2026-08-03 01:00,2,25.517,8.36,7.43,525.964,1.687,0.72,0.012,0.083,2.346,,,2026-08-03 01:29:46
贵州省,珠江流域,榕江,2026-08-03 00:00,2,28.23,7.93,8,118.34,10.73,0.83,,0.022,0.666,,,2026-08-03 01:29:46
贵州省,珠江流域,新华,2026-08-03 01:00,2,25.782,8.1,8.07,188.24,28.158,0.85,0.031,0.027,1.278,,,2026-08-03 01:29:46
贵州省,长江流域,甘溪高碑,2026-08-03 00:00,2,28.39,8.48,10.09,284.5,12.97,1.17,,0.029,0.4688,,,2026-08-03 01:29:46
贵州省,长江流域,跳鱼洞,2026-08-03 00:00,4,25.28,7.88,4.43,441.47,8.02,1.49,0.145,0.05,1.379,,,2026-08-03 01:29:46
贵州省,长江流域,凤山桥边,2026-08-03 01:00,2,24.3491,8.27,7.96,583.58,2.1092,1.18,0.042,0.09,3.309,,,2026-08-03 01:29:46
贵州省,珠江流域,边外河,2026-08-03 01:00,1,24.28,8.05,8.03,306.85,3.04,0.86,0.001,0.009,2.037,,,2026-08-03 01:29:46
贵州省,珠江流域,界牌,2026-08-03 01:00,3,26.259,8.23,5.75,304.006,7.507,0.91,0.012,0.015,0.884,,,2026-08-03 01:29:46
贵州省,珠江流域,甲茶,2026-08-03 00:00,1,24.5049,7.84,7.78,314.5522,1.1055,1.07,0.007,0.012,1.0778,,,2026-08-03 01:29:46
云南省,长江流域,通仙桥,2026-08-03 00:00,5,21.53,7.58,5.36,516.015,110.756,1.67,0.38,0.4,7.44,,,2026-08-03 01:29:46
云南省,长江流域,普渡河桥,2026-08-03 00:00,4,23.41,8.07,6.99,472.3638,101.4117,5.03,0.06,0.226,2.7693,,,2026-08-03 01:29:46
云南省,珠江流域,禄丰村,2026-08-03 00:00,3,24.31,8.09,7.06,474.1083,148.402,2.73,,0.17,6.869,,,2026-08-03 01:29:46
云南省,滇池流域,回龙村,2026-08-03 00:00,4,22.91,7.7,4.81,522.5959,36.0039,3.23,0.102,0.091,3.9726,,,2026-08-03 01:29:46
云南省,滇池流域,船房五社桥头,2026-08-03 00:00,2,23.09,7.39,6.67,554.5796,4.478,3.82,0.187,0.068,5.4477,,,2026-08-03 01:29:46
云南省,滇池流域,王大桥,2026-08-03 00:00,5,21.53,6.91,2.73,568.1324,11.2471,2.59,1.861,0.163,7.1397,,,2026-08-03 01:29:46
云南省,滇池流域,大观河入湖口,2026-08-03 00:00,4,21.96,7.55,4.54,477.1224,20.9662,3.14,0.342,0.174,5.7935,,,2026-08-03 01:29:46
云南省,滇池流域,大渔乡土罗村入湖口,2026-08-03 00:00,4,23.41,7.46,3.88,347.973,37.909,2.84,0.027,0.094,4.178,,,2026-08-03 01:29:46
云南省,滇池流域,新河村入湖口,2026-08-03 00:00,6,21.91,7.46,4.08,447.52,33.491,11.47,1.071,1.729,10.7062,,,2026-08-03 01:29:46
云南省,珠江流域,阳宗海中,2026-08-03 01:00,3,24.99,,8.2,424.485,1.764,4.26,,0.013,0.529,0.00742,1309848,2026-08-03 01:29:46
云南省,长江流域,富民大桥,2026-08-03 00:00,4,24.35,8.02,5,456.9726,77.4697,6.41,0.02,0.245,2.1139,,,2026-08-03 01:29:46
云南省,滇池流域,严家村桥,2026-08-03 01:00,5,21.50178,7.45,2.5,450.1926,40.81594,2.04,0.446,0.16,6.213923,,,2026-08-03 01:29:46
云南省,滇池流域,宝丰村入湖口,2026-08-03 00:00,4,21.15,7.81,4.77,598.03,62.86,1.98,0.583,0.163,4.919,,,2026-08-03 01:29:46
云南省,滇池流域,江尾下闸,2026-08-03 00:00,4,22.32,7.69,4.27,414.0818,22.0395,1.73,0.067,0.092,4.027,,,2026-08-03 01:29:46
云南省,滇池流域,茨巷河入湖口,2026-08-03 00:00,3,22.9,7.61,5.11,338.8976,15.7173,4.2,0.057,0.067,3.235,,,2026-08-03 01:29:46
云南省,滇池流域,东大河滇池入湖口,2026-08-03 00:00,4,21.66,7.26,4.99,279.6045,43.5039,5.24,0.24,0.274,5.072,,,2026-08-03 01:29:46
云南省,滇池流域,草海中心,2026-08-03 01:00,4,23.71,8.77,9.06,367.78,17.86,5.94,,0.057,2.629,0.05849,6.24568,2026-08-03 01:29:46
云南省,滇池流域,灰湾中,2026-08-03 01:00,4,23.12,,7.86,392.139,61.637,7.14,0.08,0.093,0.903,0.01431,1.463115,2026-08-03 01:29:46
云南省,滇池流域,观音山中,2026-08-03 01:00,4,23.27,8.97,5.58,334.386,10.93,6.1,,0.057,1.026,0.00826,9.56877,2026-08-03 01:29:46
云南省,滇池流域,观音山西,2026-08-03 01:00,4,23.55,8.92,6.99,414.15,35.21,6.94,0.092,0.071,0.58,0.00483,4.389072,2026-08-03 01:29:46
云南省,滇池流域,海口西,2026-08-03 01:00,4,23.48,,3.75,409.58,31.19,5.48,,0.053,0.886,0.01194,5.64062,2026-08-03 01:29:46
云南省,滇池流域,滇池南,2026-08-03 01:00,4,22.88,,7.29,420.7,41.92,7.32,0.012,0.053,0.654,0.04775,1.316624,2026-08-03 01:29:46
云南省,滇池流域,晋城小寨,2026-08-03 00:00,2,20.05,7.93,6.37,424.0419,231.7482,2.84,0.016,0.095,6.474,,,2026-08-03 01:29:46
云南省,长江流域,牛栏江河口,2026-08-03 00:00,4,22.04,7.82,4.92,484.11,109.633,3.09,0.104,0.248,6.904,,,2026-08-03 01:29:46
云南省,珠江流域,狗街,2026-08-03 01:00,3,23.48,7.83,6.36,484.3566,95.25681,3.42,0.044,0.154,7.942447,,,2026-08-03 01:29:46
云南省,珠江流域,花山水库出水口,2026-08-03 00:00,2,22.97,8.34,7.25,332.3484,2.0536,1.18,0.015,0.007,2.7122,,,2026-08-03 01:29:46
云南省,长江流域,以礼河水文站,2026-08-03 00:00,3,19.7,7.69,5.25,326.3903,13.8611,1.34,0.018,0.053,2.4548,,,2026-08-03 01:29:46
云南省,珠江流域,厂房大桥,2026-08-03 00:00,3,20.93,8.07,7.21,369.6688,73.8399,3.32,0.306,0.185,4.343,,,2026-08-03 01:29:46
云南省,长江流域,牛栏江大桥,2026-08-03 01:00,2,20.91,7.95,8.1,349.977,164.37,1.96,0.035,0.096,4.261,,,2026-08-03 01:29:46
云南省,珠江流域,盘溪大桥,2026-08-03 00:00,2,22.93,7.88,7.56,532.7742,115.0587,1.97,0.004,0.084,7.36452,,,2026-08-03 01:29:46
云南省,珠江流域,九甸大桥,2026-08-03 00:00,3,24.60229,8.18,7.22,555.7435,151.6071,2.37,0.007,0.131,5.46459,,,2026-08-03 01:29:46
云南省,西南诸河,坝洪村,2026-08-03 00:00,2,26.81,7.7,7.12,231.1941,1082.926,1.15,0.005,0.039,2.19415,,,2026-08-03 01:29:46
云南省,珠江流域,抚仙湖心,2026-08-03 01:00,1,23.37,8.77,7.93,289.68,2.221,1.47,0.029,0.009,0.106,0.00362,8371569,2026-08-03 01:29:46
云南省,西南诸河,绿汁江大桥,2026-08-03 00:00,2,24.25915,8.27,6.63,455.7762,1701.298,1.96,0.006,0.051,2.33639,,,2026-08-03 01:29:46
云南省,珠江流域,杞麓湖心,2026-08-03 01:00,4,23.79,,6.47,764.35,6.28,6.07,,0.012,1.56,0.03613,9489277,2026-08-03 01:29:46
云南省,珠江流域,永昌桥,2026-08-03 00:00,3,22.6656,7.67,5.75,470.2859,64.32129,2.25,0.002,0.188,4.52228,,,2026-08-03 01:29:46
云南省,珠江流域,星云湖心,2026-08-03 01:00,3,23.95,,5.61,509.227,,,,0.011,0.628,0.00398,2.85357,2026-08-03 01:29:46
云南省,西南诸河,红旗桥,2026-08-03 00:00,1,22.18167,8.02,8.03,294.6628,192.9785,1.23,0.003,0.011,0.5448684,,,2026-08-03 01:29:46
云南省,西南诸河,湾甸,2026-08-03 00:00,2,25.08759,8.3,9.54,420.5983,256.4519,1.51,0.005,0.095,3.94146,,,2026-08-03 01:29:46
云南省,西南诸河,永保桥,2026-08-03 00:00,1,21.70294,8.27,7.53,400.5876,67.51337,1.17,0.009,0.013,0.94526,,,2026-08-03 01:29:46
云南省,西南诸河,龙江桥,2026-08-03 00:00,2,20.3746,7.45,8.25,78.32511,62.10456,1.59,0.01,0.021,0.8269,,,2026-08-03 01:29:46
云南省,长江流域,云贵桥,2026-08-03 01:00,2,18.13,8.06,8.8,363.991,522.673,2.22,0.028,0.035,3.824,,,2026-08-03 01:29:46
云南省,长江流域,头屯河,2026-08-03 00:00,-1,,,,,,,,,,,,2026-08-03 01:29:46
云南省,长江流域,邓家河,2026-08-03 01:00,4,20.84,8.07,8.08,260.021,100.066,1.3,0.058,0.288,3.272,,,2026-08-03 01:29:46
云南省,长江流域,横江桥,2026-08-03 00:00,6,22.71,7.96,9.49,255.67,2995.7,9.13,2.586,0.472,1.75,,,2026-08-03 01:29:46
云南省,长江流域,程海湖中,2026-08-03 00:00,3,25.57805,,7.1,1416.684,9.85479,5.32,0.013,0.02,0.92113,0.01094,29053.75,2026-08-03 01:29:46
云南省,长江流域,新华,2026-08-03 00:00,1,19.09547,8.41,7.7,675.8094,61.04535,1.08,0.047,0.016,0.58897,,,2026-08-03 01:29:46
云南省,长江流域,金江桥,2026-08-03 00:00,1,21.76,8.05,8.08,641.9775,20.81036,1.57,0.023,0.017,1.04089,,,2026-08-03 01:29:46
云南省,长江流域,龙兴村,2026-08-03 00:00,4,19.59,7.66,4.08,415.4781,216.6761,2.78,0.612,0.267,4.09085,,,2026-08-03 01:29:46
云南省,西南诸河,土卡河水文站,2026-08-03 01:00,2,26.60355,7.8,6.79,210.4279,71.42355,1.17,,0.023,1.000099,,,2026-08-03 01:29:46
云南省,西南诸河,思茅港,2026-08-03 00:00,3,22.49836,7.3,5.43,352.8033,43.75889,1.79,0.049,0.011,1.7709,,,2026-08-03 01:29:46
云南省,西南诸河,孟拉桥,2026-08-03 00:00,1,24.82,7.44,8.51,108.0641,165.3865,1.02,0.054,0.015,1.96889,,,2026-08-03 01:29:46
云南省,西南诸河,莲花乡,2026-08-03 00:00,4,24.79866,7.46,5.53,247.0014,218.3726,2.65,1.393,0.173,5.08814,,,2026-08-03 01:29:46
云南省,西南诸河,嘎旧,2026-08-03 00:00,2,20.88,7.89,6.9,423.0588,15.12246,1.37,0.001,0.013,0.61144,,,2026-08-03 01:29:46
云南省,西南诸河,景临桥,2026-08-03 00:00,2,21.97,7.78,7.04,385.44,65.9308,1.32,0.061,0.025,0.88941,,,2026-08-03 01:29:46
云南省,西南诸河,孟定大桥,2026-08-03 00:00,2,23.5,7.66,7.51,220.3327,709.7294,1.24,0.076,0.034,1.70765,,,2026-08-03 01:29:46
云南省,西南诸河,黑箐,2026-08-03 00:00,2,23.6,7.74,7.48,139.6793,400.2924,1.46,0.005,0.031,2.49885,,,2026-08-03 01:29:46
云南省,西南诸河,小黑江检查站,2026-08-03 00:00,1,23.03136,7.79,7.58,156.58,563.6332,1.1,0.017,0.015,1.83505,,,2026-08-03 01:29:46
云南省,西南诸河,水文站,2026-08-03 00:00,3,23.83,8.06,5.92,394.5437,438.6119,3.23,0.07,0.053,3.30324,,,2026-08-03 01:29:46
云南省,长江流域,西观桥,2026-08-03 00:00,3,22.65,7.52,5.04,352.3992,176.7547,3.03,0.075,0.062,2.76629,,,2026-08-03 01:29:46
云南省,西南诸河,那发出境,2026-08-03 00:00,2,25.4,7.88,7.78,124.3652,179.89,0.98,,0.078,0.7154,,,2026-08-03 01:29:46
云南省,西南诸河,中越桥,2026-08-03 01:00,2,25.43,8.03,9.24,283.3226,200.7192,1.08,,0.079,3.3798,,,2026-08-03 01:29:46
云南省,西南诸河,蚂蟥堡桥,2026-08-03 00:00,-1,,,,,,,,,,,,2026-08-03 01:29:46
云南省,西南诸河,龙脖渡口,2026-08-03 00:00,2,26.74,7.79,7.39,276.2202,180.957,1.87,0.005,0.06,1.9539,,,2026-08-03 01:29:46
云南省,西南诸河,河口县医院,2026-08-03 01:00,4,27.10403,7.27,7.46,272.0464,194.2863,2.49,,0.246,1.828432,,,2026-08-03 01:29:46
云南省,西南诸河,小河底河,2026-08-03 00:00,3,26.41,8.31,8.36,388.9234,702.8737,3.14,,0.199,1.5839,,,2026-08-03 01:29:46
云南省,珠江流域,异龙湖中,2026-08-03 01:00,4,26.7,8.65,8.44,451.99,3.453,6.66,,0.015,0.358,0.02603,182077,2026-08-03 01:29:46
云南省,珠江流域,长虹桥,2026-08-03 00:00,4,24.08,8.09,7.5,504.0352,346.1453,3.49,,0.207,9.5548,,,2026-08-03 01:29:46
云南省,西南诸河,天保农场,2026-08-03 01:00,2,23.83,8.19,8.84,372.1,20.42,1.28,,0.043,3.5016,,,2026-08-03 01:29:46
云南省,西南诸河,南利大桥,2026-08-03 00:00,2,25.22,7.52,7.72,319.09,22.41,0.86,,0.028,2.11,,,2026-08-03 01:29:46
云南省,珠江流域,谷拉河大桥,2026-08-03 00:00,1,31.59,8.56,10.16,201.64,2.394,1.37,0.002,0.007,0.467,,,2026-08-03 01:29:46
云南省,西南诸河,关累码头,2026-08-03 00:00,2,23.10596,7.72,6.36,304.4421,119.8179,0.82,0.004,0.015,1.01639,,,2026-08-03 01:29:46
云南省,西南诸河,勐仑大桥,2026-08-03 00:00,2,24.08,7.99,7.86,192.9785,262.7798,0.93,0.003,0.04,1.53093,,,2026-08-03 01:29:46
云南省,西南诸河,风情园大桥,2026-08-03 00:00,2,23.11195,7.7,8.01,138.3254,585.2999,2.19,0.008,0.026,5.33112,,,2026-08-03 01:29:46
云南省,西南诸河,打洛江大桥,2026-08-03 00:00,2,25.555,7.85,7.86,141.0468,457.8297,0.79,0.008,0.021,0.87446,,,2026-08-03 01:29:46
云南省,西南诸河,洱海湖心,2026-08-03 01:00,3,23.86,8.67,6.54,286.81,3.4,4.45,0.01,0.026,0.515,0.01803,1.00028,2026-08-03 01:29:46
云南省,西南诸河,交汇口,2026-08-03 00:00,2,20.75754,8.38,7.99,259.813,1219.699,1.83,0.005,0.026,1.19383,,,2026-08-03 01:29:46
云南省,西南诸河,徐村桥,2026-08-03 00:00,2,21.53,7.85,7.98,200.0968,590.0107,1.46,0.01,0.064,1.66522,,,2026-08-03 01:29:46
云南省,西南诸河,江尾,2026-08-03 00:00,2,22.38678,7.95,6.37,265.3676,53.16863,1.82,0.006,0.053,1.39274,,,2026-08-03 01:29:46
云南省,西南诸河,四级坝,2026-08-03 00:00,4,20.53,7.77,6.45,181.489,668.956,7.98,1.243,,4.79758,,,2026-08-03 01:29:46
云南省,西南诸河,汇流电站,2026-08-03 00:00,2,24.14041,6.14,8.26,67.71545,93.18122,1.2,0.008,0.037,1.14933,,,2026-08-03 01:29:46
云南省,西南诸河,迭撒大桥,2026-08-03 00:00,2,25.30927,6.75,7.18,89.04944,252.966,1.49,0.049,0.021,2.3731,,,2026-08-03 01:29:46
云南省,西南诸河,风平,2026-08-03 00:00,2,23.07,7.84,8.07,186.1097,110.4246,1.89,0.009,0.079,1.08044,,,2026-08-03 01:29:46
云南省,西南诸河,拉甲木底桥,2026-08-03 00:00,1,19.67225,8.24,9.71,292.3694,188.0594,0.95,0.007,0.004,0.16865,,,2026-08-03 01:29:46
云南省,西南诸河,丙舍桥,2026-08-03 00:00,1,21.41,8.25,9.58,301.5791,277.8126,1.3,0.008,0.013,0.94277,,,2026-08-03 01:29:46
云南省,长江流域,贺龙桥,2026-08-03 00:00,2,19.39454,8.31,8.2,769.6144,178.7322,2.72,0.235,0.032,1.9321,,,2026-08-03 01:29:46
云南省,西南诸河,中路村,2026-08-03 00:00,2,19.12,8.39,6.85,436.2555,18.18449,1.22,0.016,0.003,0.4438,,,2026-08-03 01:29:46
陕西省,黄河流域,灞河口,2026-08-03 00:00,2,25.82,8,7.2,398.6938,97.6701,3.7,0.137,0.087,2.6031,,,2026-08-03 01:29:46
陕西省,黄河流域,三郎村,2026-08-03 01:00,5,27.16,7.33,4.71,442.373,33.683,4.23,1.547,0.207,4.7229,,,2026-08-03 01:29:46
陕西省,黄河流域,下桃水电站,2026-08-03 01:00,2,22.729,8.21,8.25,680.18,1074.55,2.96,,0.094,4.008,,,2026-08-03 01:29:46
陕西省,长江流域,黄牛铺,2026-08-03 01:00,2,26.14,7.36,6.75,,0.4436,,,,,,,2026-08-03 01:29:46
陕西省,黄河流域,卧龙寺桥,2026-08-03 01:00,3,20.48,8.01,8.2,415.2919,571.7075,5.71,,0.088,4.273,,,2026-08-03 01:29:46
陕西省,长江流域,灶火庵,2026-08-03 01:00,4,19.31,8.19,8.42,195.9554,319.7408,6.59,,0.073,1.9588,,,2026-08-03 01:29:46
陕西省,黄河流域,咸阳铁桥,2026-08-03 00:00,2,25.07,7.61,6.98,556.5656,775.7469,3.83,0.007,0.092,5.6574,,,2026-08-03 01:29:46
陕西省,黄河流域,兴平,2026-08-03 00:00,3,23.79,7.77,5.85,546.6676,406.467,4.86,0.02,0.106,5.1393,,,2026-08-03 01:29:46
陕西省,黄河流域,泾河桥,2026-08-03 00:00,2,25.36,8.37,7.24,815.55,28.8971,2.05,0.05,0.029,3.17,,,2026-08-03 01:29:46
陕西省,黄河流域,黑河张家桥,2026-08-03 01:00,2,22.19,7.97,7.13,450.4311,11.2585,2.92,0.007,0.079,2.5778,,,2026-08-03 01:29:46
陕西省,黄河流域,王谦村,2026-08-03 01:00,3,26.926,8.02,5.38,1321.5,1125.45,3.89,0.034,0.082,3.396,,,2026-08-03 01:29:46
陕西省,黄河流域,昝家山,2026-08-03 01:00,4,24.24,8.43,8.51,464.317,2135.198,6.82,0.05,0.225,3.8161,,,2026-08-03 01:29:46
陕西省,黄河流域,寺滩,2026-08-03 01:00,6,26.89,8.61,7.18,,0.133009,21.68,,0.166,5.5891,,,2026-08-03 01:29:46
陕西省,长江流域,烈金坝,2026-08-03 00:00,2,19.48,7.62,7.9,277.4,26.634,1.94,,0.044,1.306,,,2026-08-03 01:29:46
陕西省,长江流域,白水江,2026-08-03 00:00,4,20.16,8.07,7.98,245.3109,295.89,7.45,,0.115,2.3925,,,2026-08-03 01:29:46
陕西省,黄河流域,柏树坪,2026-08-03 01:00,3,26.3,8.01,6.36,962.541,3415.499,3.06,,0.173,6.5431,,,2026-08-03 01:29:46
陕西省,黄河流域,温家川,2026-08-03 01:00,4,23.77,8.29,6.98,1025.728,1418.962,8.91,,0.111,2.9191,,,2026-08-03 01:29:46
陕西省,黄河流域,碛塄,2026-08-03 00:00,2,25.03,8.53,8.05,926.981,53.25222,3.25,,0.038,2.0371,,,2026-08-03 01:29:46
陕西省,黄河流域,高家川,2026-08-03 01:00,4,22.51,8.36,8.05,724.833,766.1893,5.28,,0.257,2.3421,,,2026-08-03 01:29:46
陕西省,黄河流域,鱼河,2026-08-03 01:00,3,21.9,8.18,7.51,708.055,109.3359,4.54,0.142,0.168,4.0491,,,2026-08-03 01:29:46
陕西省,长江流域,南江河出陕界,2026-08-03 00:00,2,25.47,7.98,7.04,205.2445,33.3512,0.71,,0.012,0.5298,,,2026-08-03 01:29:46
陕西省,长江流域,老君关,2026-08-03 01:00,4,27.57,7.61,4.46,269.8711,67.0834,2.11,0.068,0.035,1.14,,,2026-08-03 01:29:46
陕西省,长江流域,瀛湖坝前,2026-08-03 00:00,3,28.97,7.79,5.64,225.3442,11.6349,1.88,0.007,0.016,0.924,0.04183,1018211,2026-08-03 01:29:46
陕西省,长江流域,构峪口,2026-08-03 01:00,2,24.83,7.79,6.4,345.662,71.7432,2.6,,0.024,1.445,,,2026-08-03 01:29:46
陕西省,长江流域,丹凤下,2026-08-03 01:00,6,22.32,8.02,7.99,335.1359,2089.661,13.18,,1.311,1.7283,,,2026-08-03 01:29:46
陕西省,黄河流域,灵口,2026-08-03 00:00,6,22.08,7.98,7.66,301.422,417.405,6,,1.271,2.1366,,,2026-08-03 01:29:46
甘肃省,黄河流域,扶和桥,2026-08-03 00:00,2,16.27,8.24,8.23,531.8002,458.5153,1.95,0.102,0.028,2.46752,,,2026-08-03 01:29:46
甘肃省,黄河流域,新城桥,2026-08-03 01:00,2,18.11,8.26,7.34,565.776,136.233,2.43,0.034,0.064,1.6638,,,2026-08-03 01:29:46
甘肃省,黄河流域,湟水桥,2026-08-03 01:00,2,20.9,8.51,7.74,778.014,87.434,1.54,0.086,0.066,2.925,,,2026-08-03 01:29:46
甘肃省,西北诸河,迎山坡,2026-08-03 00:00,2,19.06477,8.18,7.48,627.7045,16.88396,0.63,0.087,0.024,2.03623,,,2026-08-03 01:29:46
甘肃省,黄河流域,青城桥,2026-08-03 00:00,2,17.84154,8.14,7.19,536.7638,62.31162,1.6,0.047,0.022,1.89736,,,2026-08-03 01:29:46
甘肃省,黄河流域,五佛寺,2026-08-03 01:00,2,19.38325,8.25,7.01,654.5543,266.4573,2.44,0.369,0.021,3.149,,,2026-08-03 01:29:46
甘肃省,黄河流域,靖远桥,2026-08-03 00:00,2,17.45086,8.31,7.02,562.4845,67.4078,1.26,0.077,0.019,1.82955,,,2026-08-03 01:29:46
甘肃省,黄河流域,葡萄园,2026-08-03 01:00,2,21.54,8.07,7.32,636.599,713.9594,2.88,0.006,0.065,4.436,,,2026-08-03 01:29:46
甘肃省,黄河流域,先明峡桥,2026-08-03 00:00,1,15.04721,8.47,7.72,431.6016,29.22813,1.58,0.026,0.004,1.32118,,,2026-08-03 01:29:46
甘肃省,西北诸河,莺落峡,2026-08-03 00:00,1,16.13,8.35,8.27,642.4202,6.51447,0.15,0.017,0.005,1.17785,,,2026-08-03 01:29:46
甘肃省,西北诸河,皇城水库,2026-08-03 00:00,2,15.25535,8.12,7.43,472.3702,20.92078,0.72,0.003,0.007,1.66721,,,2026-08-03 01:29:46
甘肃省,西北诸河,六坝桥,2026-08-03 00:00,1,24.83915,8.35,8.12,1248.185,5.36054,0.91,0.004,0.002,2.82978,,,2026-08-03 01:29:46
甘肃省,黄河流域,洮园桥,2026-08-03 00:00,2,19.68,8.28,7.3,368.567,351.1765,2.8,0.056,0.048,2.90619,,,2026-08-03 01:29:46
甘肃省,长江流域,固水子村,2026-08-03 01:00,3,18.68,8.27,7.86,333.7,637.2,2.7,,0.125,1.14,,,2026-08-03 01:29:46
甘肃省,长江流域,两水桥,2026-08-03 00:00,2,18.89,8.24,8.28,340.72,176.4039,2.51,,,1.4081,,,2026-08-03 01:29:46
甘肃省,黄河流域,折桥,2026-08-03 00:00,4,16.19,8.37,8.02,434.1634,680.9415,7.24,0.361,0.119,4.49226,,,2026-08-03 01:29:46
甘肃省,黄河流域,玛曲,2026-08-03 00:00,2,14.56101,8.4,6.19,411.5474,85.51117,2.51,0.076,0.032,1.5856,,,2026-08-03 01:29:46
青海省,黄河流域,小峡桥,2026-08-03 00:00,3,19.27213,8.31,6.45,888.1708,50.35577,4,0.174,0.186,4.32099,,,2026-08-03 01:29:46
青海省,黄河流域,润泽桥,2026-08-03 00:00,2,17.19316,8.2,7.66,510.7162,40.04812,2.68,0.262,0.074,3.37039,,,2026-08-03 01:29:46
青海省,黄河流域,大河家,2026-08-03 00:00,1,12.96369,8.14,8.16,497.2675,46.5799,1.11,0.002,0.005,0.65411,,,2026-08-03 01:29:46
青海省,黄河流域,边墙村,2026-08-03 00:00,2,20.02398,8.46,7.22,1041.049,414.7206,2.69,0.352,0.096,4.20225,,,2026-08-03 01:29:46
青海省,黄河流域,峡塘,2026-08-03 00:00,1,15.88781,8.5,8.06,515.4723,33.17757,0.86,0.005,0.012,0.93774,,,2026-08-03 01:29:46
青海省,西北诸河,布哈河入青海湖口,2026-08-03 00:00,2,14.47149,8.36,6.97,494.3299,157.0132,0.96,0.007,0.004,0.626,,,2026-08-03 01:29:46
青海省,黄河流域,唐乃亥,2026-08-03 00:00,2,17.19584,8.4,6.79,457.2207,88.20198,2.11,0.007,0.027,0.89866,,,2026-08-03 01:29:46
青海省,黄河流域,龙羊峡库区出水口,2026-08-03 00:00,2,13.21901,8.27,7.45,451.4596,5.62848,1.19,0.003,0.008,0.59635,0.00794,293324.8,2026-08-03 01:29:46
青海省,长江流域,直门达,2026-08-03 01:00,6,13.8925,8.42,7.15,2023.5,1684.25,4.94,0.305,1.465,,,,2026-08-03 01:29:46
青海省,西北诸河,德令哈市水厂旁,2026-08-03 00:00,2,11.65281,8.12,7.06,763.2536,6.27724,0.41,0.008,0.004,1.31671,,,2026-08-03 01:29:46
宁夏回族自治区,黄河流域,叶盛公路桥,2026-08-03 00:00,2,21.92,8.22,7.13,825,483.7,1.87,,0.079,2.781,,,2026-08-03 01:29:46
宁夏回族自治区,黄河流域,银古公路桥,2026-08-03 00:00,2,21.87169,8.33,6.48,784.0925,464.4095,2.33,0.165,0.072,2.774,,,2026-08-03 01:29:46
宁夏回族自治区,黄河流域,平罗黄河大桥,2026-08-03 01:00,2,23.18,8.23,6.59,983.63,1248,1.71,,0.053,2.846,,,2026-08-03 01:29:46
宁夏回族自治区,黄河流域,麻黄沟,2026-08-03 01:00,3,23.94,8.04,5.88,955.801,,1.91,,0.045,3.1033,,,2026-08-03 01:29:46
宁夏回族自治区,黄河流域,沙湖,2026-08-03 00:00,4,22.92,8.62,7.65,1563.6,36.22,7.58,0.029,0.038,1.085,0.01439,3.6361,2026-08-03 01:29:46
宁夏回族自治区,黄河流域,沟圈,2026-08-03 01:00,3,20.83,8.4,7.32,1299.801,466.3323,3.79,0.268,0.109,6.3831,,,2026-08-03 01:29:46
宁夏回族自治区,黄河流域,中卫下河沿,2026-08-03 01:00,2,21.1,8.18,7.51,642.4,747.8,2.36,,0.081,2.268,,,2026-08-03 01:29:46
宁夏回族自治区,黄河流域,泉眼山,2026-08-03 01:00,3,20.48,8.18,8.41,6327.686,429.0563,5.01,0.161,0.168,21.1661,,,2026-08-03 01:29:46
新疆维吾尔自治区,西北诸河,青年渠,2026-08-03 00:00,1,16.03,8.17,9.03,316.1779,30.89451,0.62,0.004,0.008,1.09124,,,2026-08-03 01:29:46
新疆维吾尔自治区,西北诸河,七纺桥,2026-08-03 00:00,2,13.73,8.55,7.99,2173.958,19.56519,0.62,0.026,0.023,11.31925,,,2026-08-03 01:29:46
新疆维吾尔自治区,西北诸河,赛湖2,2026-08-03 00:00,3,19.28997,8.97,5.87,3180.951,16.71079,0.36,0.293,0.001,0.56348,0.01066,31370,2026-08-03 01:29:46
新疆维吾尔自治区,西北诸河,哈尔莫墩,2026-08-03 00:00,1,18.15,8.14,7.86,320.776,17.76427,0.3,0.002,0.011,0.39503,,,2026-08-03 01:29:46
新疆维吾尔自治区,西北诸河,汇合口,2026-08-03 00:00,2,26.2,8.42,7.52,749.47,21.4771,2.23,0.004,0.01,0.37461,,,2026-08-03 01:29:46
新疆维吾尔自治区,西北诸河,兰干,2026-08-03 00:00,2,27.53506,8.59,6.86,785.7209,11.17808,1.9,0.001,0.011,0.63421,,,2026-08-03 01:29:46
新疆维吾尔自治区,西北诸河,塔提让,2026-08-03 00:00,2,25.64,8.32,6.04,1052.438,4099.992,0.08,0.002,0.003,0.85533,,,2026-08-03 01:29:46
新疆维吾尔自治区,西北诸河,塔里木拦河闸,2026-08-03 00:00,1,20.03287,8.02,7.89,366.2352,1126.094,0.1,0.01,0.006,0.41322,,,2026-08-03 01:29:46
新疆维吾尔自治区,西北诸河,十二医院,2026-08-03 00:00,1,20.89916,7.83,9.12,1208.22,459.2453,,,,0.603,,,2026-08-03 01:29:46
新疆维吾尔自治区,西北诸河,依干其渡口,2026-08-03 00:00,1,22.29864,8.35,7.66,401.6558,78.13181,0.24,0.003,0.006,0.57203,,,2026-08-03 01:29:46
新疆维吾尔自治区,西北诸河,喀河大桥,2026-08-03 00:00,2,22.87299,8.12,7.02,580.1329,62.55976,0.13,0.005,0.002,0.92814,,,2026-08-03 01:29:46
新疆维吾尔自治区,西北诸河,龙口大桥,2026-08-03 00:00,1,18.54624,7.62,8.04,245.3232,9.76298,0.51,0.002,0.006,0.57285,,,2026-08-03 01:29:46
新疆维吾尔自治区,西北诸河,羊场大桥,2026-08-03 00:00,4,21.23,7.83,4.81,1075.958,1.296,0.004,0.076,0.009,0.68986,,,2026-08-03 01:29:46
新疆维吾尔自治区,西北诸河,喀什河大桥,2026-08-03 00:00,1,17.68,7.98,9.56,224.205,15.77878,1.06,0.008,0.013,0.79963,,,2026-08-03 01:29:46
新疆维吾尔自治区,西北诸河,英牙尔乡,2026-08-03 00:00,2,26.26576,8.39,7.27,425.9891,22.66656,2.04,0.002,0.037,1.38655,,,2026-08-03 01:29:46
新疆维吾尔自治区,西北诸河,布尔津河大桥,2026-08-03 00:00,1,24.46,7.86,7.77,65.52348,8.11399,1.02,0.002,0.005,0.14903,,,2026-08-03 01:29:46
新疆维吾尔自治区,西北诸河,乌伦古湖码头,2026-08-03 00:00,2,24.82561,8.71,6.56,3785.336,10.07017,3.35,0.007,0.013,0.52872,0.01614,591016.3,2026-08-03 01:29:46
新疆维吾尔自治区,西北诸河,北屯大桥,2026-08-03 00:00,1,25.71888,8.36,8.39,84.96528,12.49408,0.8,0.008,0.007,0.37213,,,2026-08-03 01:29:46
新疆维吾尔自治区,西北诸河,布尔津水文站,2026-08-03 00:00,2,26.31,7.89,8,171.8413,34.56693,2.38,0.085,0.039,2.47174,,,2026-08-03 01:29:46
新疆维吾尔自治区,西北诸河,额河南湾,2026-08-03 01:00,1,25.886,8.13,7.81,180.7496,5.7344,1.84,0.005,0.011,0.44173,,,2026-08-03 01:29:46
