省份,流域,断面名称,监测时间,水质类别,水温(℃),pH(无量纲),溶解氧(mg/L),电导率(μS/cm),浊度(NTU),高锰酸盐指数(mg/L),氨氮(mg/L),总磷(mg/L),总氮(mg/L),叶绿素α(mg/L),藻密度(cells/L),抓取时间
北京市,海河流域,广北滨河路,2026-08-14 00:00,3,27.7,7.57,5.45,378.99,7,2.7,0.185,0.041,2.412,,,2026-08-14 00:25:42
北京市,海河流域,新八里桥,2026-08-14 00:00,6,27.48,7.15,0.97,631.106,1.955,4.2,0.652,0.255,5.295,,,2026-08-14 00:25:42
北京市,海河流域,大红门闸上,2026-08-14 00:00,3,25.11,7.37,5.42,848.1,11.481,2.43,0.278,0.132,5.256,,,2026-08-14 00:25:42
北京市,海河流域,南大荒桥,2026-08-14 00:00,2,28.56,8.46,7.66,837.8,35.51,3.09,0.014,0.055,2.133,,,2026-08-14 00:25:42
北京市,海河流域,清河闸,2026-08-14 00:00,2,23.83,7.75,6.54,734.9,8.549,2.83,,0.065,5.907,,,2026-08-14 00:25:42
北京市,海河流域,花园路,2026-08-14 00:00,3,23.85,7.44,5.02,728.434,24.264,2.46,0.115,0.074,6.678,,,2026-08-14 00:25:42
北京市,海河流域,白石桥,2026-08-14 00:00,2,26.08,7.59,6.61,403.9,3.559,2.76,0.042,0.02,3.281,,,2026-08-14 00:25:42
北京市,海河流域,八间房漫水桥,2026-08-14 00:00,4,28.2,7.55,4.08,751.44,8.05,2.82,0.003,0.114,2.8039,,,2026-08-14 00:25:42
北京市,海河流域,码头,2026-08-14 00:00,2,26.95,7.44,6.78,998.38,45.745,3.39,0.283,0.077,6.906,,,2026-08-14 00:25:42
北京市,海河流域,罗庄,2026-08-14 00:00,4,28.97,7.58,4.4,1107.44,7.880961,2.28,0.033,0.171,4.1331,,,2026-08-14 00:25:42
北京市,海河流域,小屯桥,2026-08-14 00:00,5,29,7.59,2.89,1838.266,7.484222,4.74,0.049,0.165,4.8521,,,2026-08-14 00:25:42
北京市,海河流域,东店,2026-08-14 00:00,3,23.8143,7.45,5.41,483.2403,35.25478,3.76,0.505,0.187,6.859994,,,2026-08-14 00:25:42
北京市,海河流域,密云水库,2026-08-14 00:00,2,28.34875,8.24,9.16,411.0381,1.970373,2.41,,0.006,3.476586,,,2026-08-14 00:25:42
北京市,海河流域,大关桥,2026-08-14 00:00,2,28.69,8.26,9.06,413.78,23.06,3.85,0.152,0.057,4.6181,,,2026-08-14 00:25:42
北京市,海河流域,谷家营,2026-08-14 00:00,2,28.37,8.08,10.12,550.231,6.589,3.19,0.217,0.059,2.97,,,2026-08-14 00:25:42
天津市,海河流域,北洋桥,2026-08-14 00:00,6,28.41652,7.36,1.82,1015.388,54.44466,4.27,1.154,0.213,2.559554,,,2026-08-14 00:25:42
天津市,海河流域,大红桥,2026-08-14 00:00,6,30.24,7.42,0.48,1548,17.06893,4.03,0.634,0.092,2.0331,,,2026-08-14 00:25:42
天津市,海河流域,曹庄子泵站,2026-08-14 00:00,3,30.83,7.63,5.36,272.2,3.18,1.37,0.067,0.003,0.877,,,2026-08-14 00:25:42
天津市,海河流域,北排水河防潮闸,2026-08-14 00:00,6,19.57,7.81,0.67,1433.9,47.2725,3.82,0.041,0.132,1.0731,,,2026-08-14 00:25:42
天津市,海河流域,沧浪渠出境,2026-08-14 00:00,6,28.31,7.84,1.69,3643.9,446.026,6.98,0.336,0.301,2.2463,,,2026-08-14 00:25:42
天津市,海河流域,蓟运河防潮闸,2026-08-14 00:00,5,30.49097,7.2,2.11,963.9326,40.6058,4.55,0.523,0.148,2.253104,,,2026-08-14 00:25:42
天津市,海河流域,青静黄防潮闸,2026-08-14 00:00,5,30.30417,8.34,2.72,9405.971,49.54596,7.71,0.34,0.166,1.276154,,,2026-08-14 00:25:42
天津市,海河流域,马棚口防潮闸,2026-08-14 00:00,4,28.35,7.68,5.67,1691.5,163.4728,7.31,0.254,0.133,2.356,,,2026-08-14 00:25:42
天津市,海河流域,阎辛庄,2026-08-14 00:00,6,20.64229,7.22,0.64,1163.296,46.94623,3.95,0.063,0.117,3.800622,,,2026-08-14 00:25:42
天津市,海河流域,黎河桥,2026-08-14 00:00,3,24.259,7.48,6.42,760.9,25.82,2.27,0.217,0.156,9.714,,,2026-08-14 00:25:42
河北省,海河流域,地都,2026-08-14 00:00,5,23.19,7.9,6.86,953.654,344.471,5.52,1.537,0.186,6.623,,,2026-08-14 00:25:42
河北省,海河流域,平山桥,2026-08-14 00:00,4,26.38,7.69,6.65,881.67,263.515,4.33,0.223,0.239,5.035,,,2026-08-14 00:25:42
河北省,海河流域,大石桥,2026-08-14 00:00,6,27.81952,6.94,3.25,1054.604,23.47047,8.13,3.511,0.358,10.17018,,,2026-08-14 00:25:42
河北省,海河流域,涧河口,2026-08-14 00:00,4,27.37116,7.74,4.25,776.0541,82.65578,5.4,0.186,0.13,3.533894,,,2026-08-14 00:25:42
河北省,海河流域,丰北闸,2026-08-14 00:00,4,30.61237,7.45,7.04,790.3982,18.06371,4.87,0.185,0.213,3.504907,,,2026-08-14 00:25:42
河北省,海河流域,刘家庄,2026-08-14 00:00,3,21.9,8.28,7.68,572.3358,229.88,3.15,0.148,0.128,2.525,,,2026-08-14 00:25:42
河北省,海河流域,艾辛庄,2026-08-14 00:00,5,26.26079,7.37,2.67,666.2374,129.7022,6.71,1.672,0.284,7.025987,,,2026-08-14 00:25:42
河北省,海河流域,白合,2026-08-14 00:00,2,25.11,8.28,8.01,503.25,79.85,1.73,,0.057,4.093,,,2026-08-14 00:25:42
河北省,海河流域,四道甸,2026-08-14 00:00,2,23.61,8.36,7.73,400.422,65.06787,2.97,0.009,0.044,6.6361,,,2026-08-14 00:25:42
河北省,辽河流域,甸子,2026-08-14 00:00,2,20.34,7.79,6.93,350.63,31.31,2.56,0.011,0.079,6.159,,,2026-08-14 00:25:42
河北省,海河流域,何老营,2026-08-14 00:00,4,28.22237,7.97,6.39,4073.382,13.90931,6.88,,0.085,1.048981,,,2026-08-14 00:25:42
河北省,海河流域,大口河口,2026-08-14 00:00,3,26.78,8.12,5.25,8399.03,136.25,5.78,0.742,0.191,3.033,,,2026-08-14 00:25:42
河北省,海河流域,台头,2026-08-14 00:00,3,29.83819,7.56,5.05,655.6924,22.4024,3.99,0.038,0.037,0.5781,,,2026-08-14 00:25:42
河北省,海河流域,三小营,2026-08-14 00:00,4,27.22791,7.03,3.55,337.8068,28.59569,4.02,0.857,0.237,2.502387,,,2026-08-14 00:25:42
河北省,海河流域,南张村,2026-08-14 00:00,1,30.19,8.31,8.21,275.97,11.928,1.89,0.009,0.011,0.8809,,,2026-08-14 00:25:42
河北省,海河流域,烧车淀,2026-08-14 00:00,2,29.48,7.74,7.44,547.26,2.03,2.38,,0.011,2.781,0.00228,2315397,2026-08-14 00:25:42
河北省,海河流域,圈头,2026-08-14 00:00,3,29.77,7.96,5.47,659.43,1.2427,4.2,,0.024,0.584,0.00277,3545400,2026-08-14 00:25:42
河北省,海河流域,采蒲台,2026-08-14 00:00,2,29.30714,7.62,6.04,713.7654,0.129476,2.2,,0.023,0.259328,0.002396,538996.3,2026-08-14 00:25:42
河北省,海河流域,光淀张庄,2026-08-14 00:00,4,29.63,7.5,3.21,594.08,5.49,2.5,0.065,0.027,1.78,0.00587,1625628,2026-08-14 00:25:42
山西省,黄河流域,韩武村,2026-08-14 00:00,6,27.26,7.63,3.23,1064.21,24.64,7.28,3.69,0.341,8.343,,,2026-08-14 00:25:42
山西省,黄河流域,汾河水库出口,2026-08-14 00:00,2,26.12,8.3,8.94,697.156,4.556149,2.17,0.019,0.003,1.3881,0.0106233,299615,2026-08-14 00:25:42
山西省,海河流域,册田水库出口,2026-08-14 00:00,4,20,7.83,4.15,1233.106,12.66784,3.37,0.082,0.173,1.2721,,,2026-08-14 00:25:42
山西省,海河流域,古家坡,2026-08-14 00:00,4,25.08,8.19,4.56,753.069,74.30731,7,0.009,0.213,2.5661,,,2026-08-14 00:25:42
山西省,海河流域,司徒桥,2026-08-14 00:00,4,24.26,7.67,3.89,525.0289,64.3056,3.76,0.3,0.068,2.165,,,2026-08-14 00:25:42
山西省,黄河流域,龙头,2026-08-14 00:00,2,21.72,8.2,7.34,580.56,103.08,3.55,,0.04,3.3897,,,2026-08-14 00:25:42
山西省,黄河流域,拴驴泉,2026-08-14 00:00,5,19.23,8.23,8.16,675.8212,39.2585,4.32,1.634,0.034,5.9929,,,2026-08-14 00:25:42
山西省,海河流域,东榆林水库出口,2026-08-14 00:00,4,25.32,7.63,3.23,760.631,25.0125,3.28,0.293,0.07,2.1751,,,2026-08-14 00:25:42
山西省,黄河流域,杀虎口,2026-08-14 00:00,3,22.02,8.28,6.47,520.003,84.09187,4.69,0.015,0.065,1.3351,,,2026-08-14 00:25:42
山西省,黄河流域,张留庄,2026-08-14 00:00,5,27.6,7.89,2.78,3276.057,141.793,6.43,1.096,0.216,8.172,,,2026-08-14 00:25:42
山西省,黄河流域,上亳城,2026-08-14 00:00,3,23.61,7.98,7.41,905.462,42.038,2.16,0.516,0.057,7.0651,,,2026-08-14 00:25:42
山西省,海河流域,梵王寺,2026-08-14 00:00,2,17.87,7.99,6.75,1321.059,168.329,3.23,0.493,0.091,5.6751,,,2026-08-14 00:25:42
山西省,海河流域,代县桥,2026-08-14 00:00,3,22.69,8.56,7.5,697.383,325.3641,3.03,0.018,0.183,3.0791,,,2026-08-14 00:25:42
山西省,黄河流域,河西村,2026-08-14 00:00,4,23.48,8.28,6.81,546.7,309.09,3.64,,0.227,6.215,,,2026-08-14 00:25:42
山西省,黄河流域,上平望,2026-08-14 00:00,3,26.94,7.81,6.14,1091.54,312.24,5.01,0.119,0.084,5.578,,,2026-08-14 00:25:42
山西省,黄河流域,黑城村,2026-08-14 00:00,2,25.19,8.1,7.52,613.4547,4333.91,2.85,0.061,0.069,4.302,,,2026-08-14 00:25:42
内蒙古自治区,松花江流域,根河口内,2026-08-14 00:00,4,19.06,6.71,7.59,84.91,51.77,8.47,,0.055,0.435,,,2026-08-14 00:25:42
内蒙古自治区,松花江流域,嵯岗,2026-08-14 00:00,5,22.39,7.62,6.86,189.517,24.408,10.69,,0.094,0.546,,,2026-08-14 00:25:42
内蒙古自治区,松花江流域,成吉思汗,2026-08-14 00:00,2,21.07,7.27,8.21,142.86,14.52,2.68,,0.024,1.145,,,2026-08-14 00:25:42
内蒙古自治区,松花江流域,察尔森水库西入口,2026-08-14 00:00,4,24.26,8.28,8.37,166.18,24.5,,0.001,0.065,1.678,0.01222,7447570,2026-08-14 00:25:42
辽宁省,辽河流域,于台,2026-08-14 00:00,3,22.86,6.89,5.76,796.189,17.218,3.52,0.241,0.074,6.546,,,2026-08-14 00:25:42
辽宁省,辽河流域,巨流河大桥,2026-08-14 00:00,4,25.93,8.18,8.29,515.3,107.2,6.74,,0.138,3.13,,,2026-08-14 00:25:42
辽宁省,辽河流域,兴国桥,2026-08-14 00:00,3,21.72,6.94,5.32,706.38,8.037,2.25,,0.029,2.487,,,2026-08-14 00:25:42
辽宁省,辽河流域,登化,2026-08-14 00:00,4,28.2106,7.61,4.97,2027.25,22.0159,7.04,0.206,0.206,1.457,,,2026-08-14 00:25:42
辽宁省,辽河流域,小姐庙,2026-08-14 00:00,4,28.8,7.75,4.88,563.9,16.03,3.05,0.116,0.098,4.028,,,2026-08-14 00:25:42
辽宁省,辽河流域,张家堡,2026-08-14 00:00,3,27.17,8.15,6.74,639.9,39.678,4.2,0.008,0.061,5.138,,,2026-08-14 00:25:42
辽宁省,辽河流域,盘锦兴安,2026-08-14 00:00,4,24.92,8.12,6.85,509.47,179.87,7.76,,0.17,4.336,,,2026-08-14 00:25:42
辽宁省,辽河流域,鲜峰桥,2026-08-14 00:00,3,28.65,8.61,,585.215,14.342,5.49,0.014,0.109,7.816,,,2026-08-14 00:25:42
辽宁省,辽河流域,通江口,2026-08-14 00:00,5,26.66,7.87,11.99,542.68,65.1,13.43,0.001,0.165,2.84,,,2026-08-14 00:25:42
辽宁省,辽河流域,松树水文站,2026-08-14 00:00,3,25.64,8.25,10.15,468.4,22.27,4.04,,0.062,7.673,,,2026-08-14 00:25:42
辽宁省,辽河流域,大凌河西支入河口,2026-08-14 00:00,2,20.41,8.07,7.03,956.77,30.934,2.68,,0.067,20.166,,,2026-08-14 00:25:42
吉林省,辽河流域,六家子,2026-08-14 00:00,3,21.66,7.8,8.03,769.1,43,3.18,0.051,0.16,8.325,,,2026-08-14 00:25:42
吉林省,辽河流域,林家,2026-08-14 00:00,4,24.2,8.09,8.77,1023.6,28.2,7.21,0.017,0.127,6.941,,,2026-08-14 00:25:42
吉林省,辽河流域,河清,2026-08-14 00:00,3,19.55,7.64,5.49,622.6,25.94,3.52,0.001,0.053,4.77,,,2026-08-14 00:25:42
吉林省,松花江流域,月亮湖下,2026-08-14 00:00,4,25.18,7.6,6.11,162.55,90.09,6.21,,0.113,1.644,,,2026-08-14 00:25:42
黑龙江省,松花江流域,查哈阳乡,2026-08-14 00:00,3,21.5,7.51,8.37,101.9,43.5,5.22,,0.05,0.612,,,2026-08-14 00:25:42
黑龙江省,松花江流域,音河水库,2026-08-14 00:00,4,23.81,7.5,6.73,212.31,235.68,6.54,,0.154,2.51,,,2026-08-14 00:25:42
黑龙江省,松花江流域,江桥,2026-08-14 00:00,4,24.96,7.65,7.1,159.195,107.078,6.19,,0.079,3.884,,,2026-08-14 00:25:42
黑龙江省,松花江流域,富源村,2026-08-14 00:00,5,22.59,7.33,6.68,97,27.36,10.97,0.004,0.081,0.991,,,2026-08-14 00:25:42
黑龙江省,松花江流域,嫩江口内,2026-08-14 00:00,4,25.39,7.53,7.03,160.757,140.137,6.96,,0.126,2.061,,,2026-08-14 00:25:42
黑龙江省,松花江流域,嘉荫,2026-08-14 00:00,5,21.05,7.32,8.98,108,30.242,12.68,0.028,0.053,0.672,,,2026-08-14 00:25:42
黑龙江省,松花江流域,双河渠首,2026-08-14 00:00,4,20.29,6.88,7.87,128.4,44.5,6.36,0.062,0.101,3.16,,,2026-08-14 00:25:42
黑龙江省,松花江流域,黑河下,2026-08-14 00:00,5,20.2,7.66,7.7,127.3246,32.512,12.31,0.015,0.061,0.5387,,,2026-08-14 00:25:42
黑龙江省,松花江流域,加格达奇上,2026-08-14 00:00,4,14.82,6.86,8.5,62.673,18.1192,6.2,,0.024,0.32,,,2026-08-14 00:25:42
上海市,长江流域,富锦路桥,2026-08-14 00:00,5,28.5,7.38,2.31,405.9,24.6,3.7,0.523,0.229,2.583,,,2026-08-14 00:25:42
上海市,太湖流域,临江,2026-08-14 00:00,5,27.92,7.21,2.42,383.69,54.83,3.86,0.369,0.204,2.466,,,2026-08-14 00:25:42
上海市,太湖流域,闵行西界,2026-08-14 00:00,5,28.08,7.02,2.88,356.19,45.18,4.21,0.158,0.201,2.254,,,2026-08-14 00:25:42
上海市,太湖流域,吴淞口,2026-08-14 00:00,4,28.149,7.53,4.19,364.832,114.488,4.12,0.201,0.216,2.921,,,2026-08-14 00:25:42
上海市,太湖流域,急水港桥,2026-08-14 00:00,5,27.25,7.21,2.17,407.7,22.6,3.34,0.204,0.115,1.452,0.0043,2029325,2026-08-14 00:25:42
江苏省,长江流域,陈浅,2026-08-14 00:00,3,23.57,8.98,8.55,,0.03,4.5,0.324,0.172,1.119,,,2026-08-14 00:25:42
江苏省,太湖流域,锡东水厂,2026-08-14 00:00,4,27.21,8.15,7.16,411.83,61.77,2.72,0.05,0.055,0.915,0.00323,5781020,2026-08-14 00:25:42
江苏省,太湖流域,大浦港桥,2026-08-14 00:00,5,27.56,7.07,2.48,298.1,50.3,4.43,0.397,0.134,2.692,,,2026-08-14 00:25:42
江苏省,太湖流域,拖山,2026-08-14 00:00,5,27.52,8.08,6.88,385.46,72.84,5.26,0.091,0.145,1.386,0.00796,1.401473,2026-08-14 00:25:42
江苏省,太湖流域,五里湖心,2026-08-14 00:00,4,27.53,7.76,6.62,426.71,28.0894,3.15,0.229,0.099,0.879,0.00352,6366162,2026-08-14 00:25:42
江苏省,太湖流域,大港桥,2026-08-14 00:00,2,23.8,6.3,7.33,107.17,2.33,0.95,0.064,0.023,4.303,,,2026-08-14 00:25:42
江苏省,长江流域,小湾,2026-08-14 00:00,3,28.83,7.69,5.52,307.69,27.3,2.06,0.009,0.082,1.846,,,2026-08-14 00:25:42
江苏省,长江流域,魏村,2026-08-14 00:00,3,28.68,7.53,5.08,308.53,35.35,1.92,,0.082,1.804,,,2026-08-14 00:25:42
江苏省,太湖流域,姚巷桥,2026-08-14 00:00,5,27.72,7.14,2.38,367.73,16.27,3.66,0.523,0.287,5.561,,,2026-08-14 00:25:42
江苏省,太湖流域,胥湖心,2026-08-14 00:00,1,28.11,8.92,9.44,329.55,8.91,1.35,,0.01,0.144,0.0008,168345.1,2026-08-14 00:25:42
江苏省,太湖流域,乌龟山南,2026-08-14 00:00,4,27.64,8.1,7.33,409.555,68.134,2.59,,0.08,0.758,0.00242,6786442,2026-08-14 00:25:42
江苏省,太湖流域,千灯浦口,2026-08-14 00:00,4,27.05,7.28,3.34,457.217,39.508,3.53,0.393,0.14,1.3904,,,2026-08-14 00:25:42
江苏省,太湖流域,朱厍港口,2026-08-14 00:00,4,27.1,7.33,3.6,502.4,47.7,3.55,0.075,0.143,1.198,,,2026-08-14 00:25:42
江苏省,太湖流域,航管站,2026-08-14 00:00,4,28.76,7.45,4.82,384.58,11.67,2.89,0.617,0.148,2.619,,,2026-08-14 00:25:42
江苏省,太湖流域,赵屯,2026-08-14 00:00,5,27.19,7.12,2.17,422.413,37.661,3.6,0.605,0.22,2.1056,,,2026-08-14 00:25:42
江苏省,淮河流域,总渠苏嘴,2026-08-14 00:00,3,23.66,7.55,5.69,466.22,253.51,5.26,0.201,0.078,3.178,,,2026-08-14 00:25:42
江苏省,太湖流域,吕城,2026-08-14 00:00,5,26.84,7,2.21,288.83,24.01,5.6,0.936,0.31,3.19,,,2026-08-14 00:25:42
江苏省,淮河流域,海陵大桥,2026-08-14 00:00,6,27.03,7.32,1.87,409.4,21.85,4.46,0.872,0.189,2.634,,,2026-08-14 00:25:42
浙江省,浙闽片河流,清林渡,2026-08-14 00:00,3,27.648,6.99,5.28,244.654,25.174,3.81,0.502,0.127,3.546,,,2026-08-14 00:25:42
浙江省,浙闽片河流,梁桥,2026-08-14 00:00,5,25.9,6.55,4.19,112,8.79,2.1,0.119,0.356,2.773,,,2026-08-14 00:25:42
浙江省,太湖流域,杨家浦,2026-08-14 00:00,4,27.31423,7.06,4.47,178.4173,53.51594,3.24,0.104,0.128,3.253273,,,2026-08-14 00:25:42
浙江省,浙闽片河流,曹娥江大闸闸前,2026-08-14 00:00,3,27.007,7.16,5.67,123.847,68.983,3.04,0.225,0.11,3.517,,,2026-08-14 00:25:42
浙江省,浙闽片河流,葛山头,2026-08-14 00:00,4,26.9,6.47,4.06,148.29,41.31,2.61,0.253,0.09,3.647,,,2026-08-14 00:25:42
浙江省,浙闽片河流,塔下洲,2026-08-14 00:00,3,29.88,7.27,6,220.957,132.194,4.44,0.104,0.098,2.6041,,,2026-08-14 00:25:42
浙江省,浙闽片河流,费垅,2026-08-14 00:00,3,28.89,7.03,6.32,217.703,20.26,3.83,0.405,0.16,3.0587,,,2026-08-14 00:25:42
浙江省,浙闽片河流,南江桥,2026-08-14 00:00,3,29.28,7.57,5.83,232.633,12.014,3.16,0.035,0.132,2.302,,,2026-08-14 00:25:42
浙江省,浙闽片河流,横山,2026-08-14 00:00,3,28.13,7.2,5.5,140.902,10.329,2.31,0.158,0.048,1.4411,,,2026-08-14 00:25:42
浙江省,浙闽片河流,沙湾上,2026-08-14 00:00,1,23.35,7.15,8.13,25.498,4.833,1.61,0.096,0.01,0.2664,,,2026-08-14 00:25:42
浙江省,浙闽片河流,小溪口,2026-08-14 00:00,2,24.92,6.94,6.5,36.62,36.447,1.48,,0.025,0.6145,,,2026-08-14 00:25:42
安徽省,巢湖流域,兆河入湖口渡口,2026-08-14 00:00,4,27.29,6.63,4.54,200.874,43.0776,4.85,0.512,0.087,2.1309,,,2026-08-14 00:25:42
安徽省,巢湖流域,牛角大圩,2026-08-14 00:00,4,27.68,7.32,3.68,331.894,62.769,5.47,0.494,0.129,2.413,,,2026-08-14 00:25:42
安徽省,巢湖流域,希望桥,2026-08-14 00:00,5,27.3,7.16,2.05,486.9,17,3.27,1.708,0.127,4.013,,,2026-08-14 00:25:42
安徽省,巢湖流域,湖滨,2026-08-14 00:00,5,27.51,7.78,3.84,305.22,62.17,5.61,0.08,0.182,2.798,0.01024,616245.5,2026-08-14 00:25:42
安徽省,巢湖流域,黄麓,2026-08-14 00:00,4,27.85,7.64,5.99,322.29,47.585,4.41,0.318,0.096,1.107,0.00795,767625.9,2026-08-14 00:25:42
安徽省,巢湖流域,靠近大坝,2026-08-14 00:00,3,28.12,7.93,5.99,179.44,8.37,3.34,0.079,0.023,0.351,0.00737,7824299,2026-08-14 00:25:42
安徽省,巢湖流域,新河入湖区,2026-08-14 00:00,6,27.01,6.83,4.39,227.71,130.21,9.36,0.199,0.211,1.49,0.00491,2.72615,2026-08-14 00:25:42
安徽省,巢湖流域,西半湖湖心,2026-08-14 00:00,5,27.59,7.77,5.96,428.5,43.84,5.26,0.669,0.187,2.512,0.00512,3189178,2026-08-14 00:25:42
安徽省,巢湖流域,龟山,2026-08-14 00:00,4,27.88,7.89,6.6,393.28,34.61,2.71,0.274,0.075,1.01,0.00444,1463220,2026-08-14 00:25:42
安徽省,巢湖流域,东半湖湖心,2026-08-14 00:00,5,27.94,7.58,5.28,300.175,36.512,4.79,0.328,0.168,1.153,0.00543,4057642,2026-08-14 00:25:42
安徽省,巢湖流域,忠庙,2026-08-14 00:00,5,26.28,7.42,4.7,246.92,138.93,5.45,0.152,0.104,1.299,0.00933,6954279,2026-08-14 00:25:42
安徽省,淮河流域,焦岗湖,2026-08-14 00:00,3,26.33,8.17,6.7,678.81,20.79,4.28,0.071,0.038,0.96,0.00703,7119766,2026-08-14 00:25:42
安徽省,淮河流域,小王桥,2026-08-14 00:00,6,28.81,7.82,1.01,1209.09,11.29,5.75,1.372,0.179,2.934,,,2026-08-14 00:25:42
安徽省,长江流域,太平湖湖心,2026-08-14 00:00,2,30.09,,8.64,97.04,6.74,2.82,,0.015,0.439,0.00597,9930935,2026-08-14 00:25:42
安徽省,长江流域,南漪湖西湖湖心,2026-08-14 00:00,5,29.24,7.71,6.78,207.25,48.9,4.81,0.136,0.125,1.017,0.00523,6948816,2026-08-14 00:25:42
福建省,浙闽片河流,永泰横龙,2026-08-14 00:00,2,29.878,8.45,7.2,43.482,5.193,1.59,0.017,0.044,0.314,,,2026-08-14 00:25:42
福建省,浙闽片河流,闽清雄江,2026-08-14 00:00,2,31.09,7.96,6.74,120.676,1.73,2.98,0.013,0.02,1.31,,,2026-08-14 00:25:42
福建省,浙闽片河流,隘头潭,2026-08-14 00:00,3,30.22,6.34,5.81,221.53,2.601,1.55,0.075,0.06,0.4096,,,2026-08-14 00:25:42
福建省,浙闽片河流,尤溪拥口大桥,2026-08-14 00:00,3,29.44,7.04,5.44,121.976,15.196,2.76,0.215,0.057,1.377,,,2026-08-14 00:25:42
福建省,浙闽片河流,南安康美桥,2026-08-14 00:00,3,29.56,7.08,5.8,148.734,92.222,2.3,0.429,0.152,2.1752,,,2026-08-14 00:25:42
福建省,浙闽片河流,安溪罗内桥,2026-08-14 00:00,3,29.542,7.1,5.47,110.9,16.673,1.14,0.23,0.067,1.975,,,2026-08-14 00:25:42
福建省,浙闽片河流,南安霞东桥,2026-08-14 00:00,3,31.13,7.04,5.39,143.404,7.481,2.05,0.292,0.106,2.48,,,2026-08-14 00:25:42
福建省,浙闽片河流,华安西陂,2026-08-14 00:00,3,27.34358,7.13,5.61,213.3706,19.69686,2.01,0.03,0.055,1.408,,,2026-08-14 00:25:42
福建省,浙闽片河流,南靖靖城桥,2026-08-14 00:00,2,29.89,6.61,6.75,171.9,15.378,1.28,0.109,0.063,6.78,,,2026-08-14 00:25:42
福建省,浙闽片河流,诏安澳子头,2026-08-14 00:00,6,32.29,9.59,13.63,106.314,14.315,4.57,0.237,0.166,1.4297,,,2026-08-14 00:25:42
福建省,浙闽片河流,南靖洪濑汤坑桥,2026-08-14 00:00,2,30.122,6.76,6.7,255,10.077,0.89,0.014,0.044,14.378,,,2026-08-14 00:25:42
福建省,浙闽片河流,浦南水文站,2026-08-14 00:00,2,28.90487,7.08,6.85,176.8,36.87,1.48,0.143,0.074,1.895,,,2026-08-14 00:25:42
福建省,浙闽片河流,南溪浮宫桥,2026-08-14 00:00,3,30.4,7.42,5.87,15364.52,433.346,2.6,0.07,0.164,3.2756,,,2026-08-14 00:25:42
福建省,浙闽片河流,上坂,2026-08-14 00:00,4,30.41,6.39,4.27,188.894,20.633,2.4,0.272,0.117,4.9329,,,2026-08-14 00:25:42
福建省,浙闽片河流,云霄高塘渡口,2026-08-14 00:00,2,30.68,7.03,7.23,145.015,4.676,1.86,0.084,0.089,5.392,,,2026-08-14 00:25:42
福建省,浙闽片河流,水汾桥,2026-08-14 00:00,2,31.94,8.42,9.27,211.96,2.77,2.79,0.051,0.043,1.005,,,2026-08-14 00:25:42
福建省,浙闽片河流,建瓯蓬墩,2026-08-14 00:00,2,28.024,6.67,6.14,45.03,31.85,2.53,0.155,0.086,1.365,,,2026-08-14 00:25:42
福建省,浙闽片河流,将乐樟应,2026-08-14 00:00,3,29.83101,6.95,5.49,76.603,3.63318,1.82,0.072,0.013,0.819,,,2026-08-14 00:25:42
福建省,浙闽片河流,雁石桥,2026-08-14 00:00,2,29.35,7.67,7.32,334.571,15.679,1.32,0.023,0.072,2.044,,,2026-08-14 00:25:42
福建省,珠江流域,长汀美西桥,2026-08-14 00:00,3,28.22,6.83,5.38,222.903,2.539,1.38,0.078,0.071,1.2748,,,2026-08-14 00:25:42
江西省,长江流域,大港,2026-08-14 00:00,2,30.27,7.63,8.2,186.4,13.54,2.27,,0.06,1.384,,,2026-08-14 00:25:42
江西省,长江流域,昌邑,2026-08-14 00:00,2,29.22,8.17,6.38,185.37,21.57,2.2,,0.064,1.472,,,2026-08-14 00:25:42
江西省,长江流域,八一桥,2026-08-14 00:00,2,30.93,7.67,7.33,155.634,12.54,2.74,0.127,0.063,1.3176,,,2026-08-14 00:25:42
江西省,长江流域,焦石坝,2026-08-14 00:00,2,28.22,7.64,8.09,122.08,16.7,3.14,,0.053,1.4828,,,2026-08-14 00:25:42
江西省,长江流域,戴村,2026-08-14 00:00,2,30.22,7.33,7.3,349.909,12.72,1.8,0.025,0.032,0.765,,,2026-08-14 00:25:42
江西省,长江流域,龙山口,2026-08-14 00:00,2,27.12,8.1,7.29,331.486,5.54,2.41,0.019,0.031,0.651,,,2026-08-14 00:25:42
江西省,长江流域,桐车湾,2026-08-14 00:00,3,26.68,7.92,5.85,390.445,2.833,2.8,0.066,0.135,2.6452,,,2026-08-14 00:25:42
江西省,长江流域,金鱼石,2026-08-14 00:00,4,27.93,7.46,4.97,351.17,3.15,2.26,0.048,0.104,1.936,,,2026-08-14 00:25:42
江西省,长江流域,吴城修河,2026-08-14 00:00,2,28.239,7.2,7.87,114.95,17.98,1.89,,0.026,1.0712,,,2026-08-14 00:25:42
江西省,长江流域,潦河河口,2026-08-14 00:00,2,28.81,6.85,6.97,118.69,24.14,1.82,0.068,0.054,1.0811,,,2026-08-14 00:25:42
江西省,长江流域,柘林湖坝上,2026-08-14 00:00,1,29.398,8.61,8.3,100.24,0.632,1.83,,0.008,0.72,,,2026-08-14 00:25:42
江西省,长江流域,共青城寨下,2026-08-14 00:00,3,28.1,7.39,5.55,294,89.7,4.38,0.697,0.135,2.876,,,2026-08-14 00:25:42
江西省,长江流域,罗坊,2026-08-14 00:00,2,29.82,7.45,6.33,325.586,21.79,3.33,0.156,0.071,1.5934,,,2026-08-14 00:25:42
江西省,长江流域,孔目江江口,2026-08-14 00:00,2,28.21,7.69,6.71,331.62,21.613,2.15,0.075,0.055,0.8251,,,2026-08-14 00:25:42
江西省,长江流域,浮桥,2026-08-14 00:00,2,28.7,7.42,6.3,303.493,9.409,3.61,0.078,0.048,1.4035,,,2026-08-14 00:25:42
江西省,长江流域,傣家村,2026-08-14 00:00,4,29.96,8,4.8,219.962,5.852,4.34,0.125,0.043,0.719,0.00837,2.561909,2026-08-14 00:25:42
江西省,长江流域,白塔河河口,2026-08-14 00:00,3,27.19,6.51,5.88,59.902,11.554,2.11,0.148,0.051,1.0878,,,2026-08-14 00:25:42
江西省,长江流域,土桥,2026-08-14 00:00,2,27.43,7.14,6.38,107.798,9.859,2.46,0.107,0.069,1.1132,,,2026-08-14 00:25:42
江西省,长江流域,流口村,2026-08-14 00:00,3,28.28,6.71,5.87,98.30791,9.723042,1.8,0.02,0.075,1.147979,,,2026-08-14 00:25:42
江西省,长江流域,市自来水厂,2026-08-14 00:00,2,29.15,7.1,6.01,109.504,16.819,0.7,0.116,0.057,0.9807,,,2026-08-14 00:25:42
江西省,长江流域,新庙前,2026-08-14 00:00,2,29.73,7.19,6.61,136.394,31.536,1.41,0.029,0.029,1.4099,,,2026-08-14 00:25:42
江西省,长江流域,赣县梅林,2026-08-14 00:00,3,29.94,7.36,5.5,159.71,16.47,2.12,0.138,0.095,1.6931,,,2026-08-14 00:25:42
江西省,长江流域,梓坑,2026-08-14 00:00,3,29.97,7.27,5.54,139.21,8.687,3.07,0.078,0.075,1.613,,,2026-08-14 00:25:42
江西省,长江流域,峡山,2026-08-14 00:00,3,31.16,7.32,5.72,149.553,2.199,1.68,0.075,0.077,1.0843,,,2026-08-14 00:25:42
江西省,长江流域,梅江江口,2026-08-14 00:00,3,30.45,7.3,5.92,122.37,13.626,2.22,0.084,0.063,0.9671,,,2026-08-14 00:25:42
江西省,长江流域,平江江口,2026-08-14 00:00,3,29.08,7.13,6.19,119.962,65.798,3.68,0.347,0.116,1.2041,,,2026-08-14 00:25:42
江西省,长江流域,上犹江江口,2026-08-14 00:00,2,27.54,7,6.82,79.886,9.738,1.97,0.068,0.019,0.6274,,,2026-08-14 00:25:42
江西省,长江流域,龙南自来水厂,2026-08-14 00:00,2,30.2,8.3,8,90.959,20.267,0.96,0.031,0.031,0.7492,,,2026-08-14 00:25:42
江西省,长江流域,桃江江口,2026-08-14 00:00,3,30.39,7.3,5.37,181.732,9.222,1.69,0.066,0.054,1.6946,,,2026-08-14 00:25:42
江西省,长江流域,大余城郊,2026-08-14 00:00,2,26.73,7.2,6.18,101.281,7.365,0.91,0.034,0.038,1.0319,,,2026-08-14 00:25:42
江西省,珠江流域,兴宁电站,2026-08-14 00:00,6,31.43,9.31,21,108.121,3.43042,3.02,0.007,0.019,2.224201,,,2026-08-14 00:25:42
江西省,长江流域,通津,2026-08-14 00:00,2,27.71,7.23,6.16,153.296,9.601,0.96,0.071,0.043,1.3837,,,2026-08-14 00:25:42
江西省,长江流域,金滩,2026-08-14 00:00,3,30.87,7.4,5.72,168.747,9.938,1.7,0.06,0.042,0.9608,,,2026-08-14 00:25:42
江西省,长江流域,孤江江口,2026-08-14 00:00,2,29.93,7.37,6.03,122.982,4.719,2.98,0.015,0.09,0.8621,,,2026-08-14 00:25:42
江西省,长江流域,禾水河口,2026-08-14 00:00,2,29.78,7.72,6.74,158.88,5.19,1.83,0.054,0.038,0.5791,,,2026-08-14 00:25:42
江西省,长江流域,蜀水河口,2026-08-14 00:00,3,29.24,6.84,5.31,90.915,13.571,1.49,0.097,0.058,0.9309,,,2026-08-14 00:25:42
江西省,长江流域,遂川江江口,2026-08-14 00:00,2,29.92,7.32,6,128.389,19.327,1.03,0.065,0.047,1.136,,,2026-08-14 00:25:42
江西省,长江流域,乌江江口,2026-08-14 00:00,2,30.63,7.6,6.86,181.158,6.682,2.23,0.08,0.039,1.0082,,,2026-08-14 00:25:42
江西省,长江流域,棚下,2026-08-14 00:00,3,26.68,7.18,5.79,151.9435,14.1,2.63,0.084,0.091,1.49,,,2026-08-14 00:25:42
江西省,长江流域,丰城小港口,2026-08-14 00:00,2,30.31,7.28,6.97,141.88,17.4182,1.35,,0.042,1.1399,,,2026-08-14 00:25:42
江西省,长江流域,修河港口,2026-08-14 00:00,2,28.58,6.86,6.57,46.23,1.4,0.57,0.003,0.01,0.324,,,2026-08-14 00:25:42
江西省,长江流域,超坊,2026-08-14 00:00,2,29.09,7.6,6.98,112.147,33.193,3.35,0.068,0.096,1.3996,,,2026-08-14 00:25:42
江西省,长江流域,钟岭水厂,2026-08-14 00:00,2,30.04,7.32,7.17,94.9,26.62,3.69,0.028,0.071,1.4506,,,2026-08-14 00:25:42
江西省,长江流域,临水河口,2026-08-14 00:00,2,28.16,6.72,6.69,102.35,10.4,2.81,0.187,0.069,1.358,,,2026-08-14 00:25:42
山东省,淮河流域,峡山水库库中,2026-08-14 00:00,3,29.49,8.66,7.6,762.3,144.15,4.99,,0.033,0.805,0.0133,1.07143,2026-08-14 00:25:42
山东省,黄河流域,徐家汶,2026-08-14 00:00,6,26.46205,7.67,5.97,789.8787,96.63875,4.67,0.665,0.511,18.3638,,,2026-08-14 00:25:42
山东省,淮河流域,大古镇,2026-08-14 00:00,4,29.35,7.55,7.16,880.61,26.76,7.26,0.009,0.249,8.243,,,2026-08-14 00:25:42
山东省,海河流域,油坊桥,2026-08-14 00:00,4,28.204,7.64,4.84,746.383,264.773,2.73,0.299,0.184,1.414,,,2026-08-14 00:25:42
山东省,海河流域,北湖,2026-08-14 00:00,2,29.18,8.74,9.04,935.28,1.92,2.35,,0.011,2.122,0.00428,2354215,2026-08-14 00:25:42
河南省,海河流域,五陵,2026-08-14 00:00,4,24.43,7.79,4.86,1348.2,82.1,3.88,0.316,0.22,7.075,,,2026-08-14 00:25:42
河南省,海河流域,前枋城,2026-08-14 00:00,1,20.839,7.96,7.6,519.2,6.348,1.36,0.014,0.007,5.3916,,,2026-08-14 00:25:42
河南省,海河流域,获嘉东碑村,2026-08-14 00:00,6,26.92,8.2,1.73,972.3,32.42,3.99,1.988,0.326,4.018,,,2026-08-14 00:25:42
河南省,黄河流域,封丘陶北,2026-08-14 00:00,6,25.53,7.29,3.41,589.08,77.58,12.76,0.677,0.439,2.586,,,2026-08-14 00:25:42
河南省,黄河流域,封丘王堤,2026-08-14 00:00,6,26.334,7.45,4.81,765.87,40.64,5.22,3.109,0.341,5.6329,,,2026-08-14 00:25:42
河南省,海河流域,新乡贾太湖,2026-08-14 00:00,3,26.58,8.31,8.57,655.293,275.897,3.24,0.107,0.136,2.5322,,,2026-08-14 00:25:42
河南省,海河流域,南乐元村集,2026-08-14 00:00,4,22.71,7.52,5.44,975.81,88.75,2.53,0.182,0.202,6.201,,,2026-08-14 00:25:42
河南省,黄河流域,濮阳大韩桥,2026-08-14 00:00,6,26.53,7.55,2.05,683.03,149.59,6.76,2.974,0.706,2.222,,,2026-08-14 00:25:42
河南省,淮河流域,白沙水库,2026-08-14 00:00,3,26.9982,7.83,5.33,782.479,11.6486,2.47,0.083,0.024,3.5679,,,2026-08-14 00:25:42
河南省,长江流域,淅川荆紫关,2026-08-14 00:00,3,24.66854,7.92,7.09,292.8351,59.3734,4.42,0.005,0.186,1.108,,,2026-08-14 00:25:42
河南省,长江流域,淅川史家湾,2026-08-14 00:00,2,25.17,7.91,7.7,295.616,63.234,3.79,,0.074,2.5188,0.00268,,2026-08-14 00:25:42
河南省,长江流域,淅川高湾,2026-08-14 00:00,4,25.03,7.83,8.29,292.623,57.252,6.67,,0.097,3.4697,0.0065,,2026-08-14 00:25:42
河南省,长江流域,淅川张营,2026-08-14 00:00,2,28.04,8.01,6.08,288.357,10.315,3.37,,0.036,1.6902,0.00699626,,2026-08-14 00:25:42
河南省,长江流域,陶岔,2026-08-14 00:00,2,27.97,8.37,6.48,253.635,5.241,1.4,0.014,0.014,0.8143,0.0034,789110,2026-08-14 00:25:42
河南省,淮河流域,吕楼桥,2026-08-14 00:00,6,25.64,7.47,0.45,559.245,48.453,5.5,2.018,0.316,4.5942,,,2026-08-14 00:25:42
河南省,淮河流域,黄口,2026-08-14 00:00,5,25,7.76,2.49,1037.604,7.234,3.6,0.98,0.151,4.2053,,,2026-08-14 00:25:42
河南省,淮河流域,老沈丘泉河桥,2026-08-14 00:00,6,26.36,7.46,0.86,567.46,171.828,6.43,0.776,0.155,4.2676,,,2026-08-14 00:25:42
河南省,淮河流域,刘寨村后,2026-08-14 00:00,5,26.33,7.58,2.07,1019,49.99,4.31,0.659,0.13,2.8008,,,2026-08-14 00:25:42
河南省,淮河流域,鹿邑付桥,2026-08-14 00:00,5,25.72,7.54,2.68,738.311,147.236,4.87,0.773,0.133,4.6898,,,2026-08-14 00:25:42
河南省,黄河流域,小浪底水库,2026-08-14 00:00,4,27.44,7.83,4.56,816.823,24.549,,,,,,,2026-08-14 00:25:42
湖北省,长江流域,牛山湖湖心,2026-08-14 00:00,3,28.97,8.13,6.93,174.879,24.546,4.29,,0.05,0.087,0.00446,2.698995,2026-08-14 00:25:42
湖北省,长江流域,西梁子湖湖北,2026-08-14 00:00,3,29.3237,8.09,6.65,172.07,23.728,4.76,0.038,0.048,0.832,0.00421,2.63671,2026-08-14 00:25:42
湖北省,长江流域,杨泗港,2026-08-14 00:00,2,28.03,7.86,7.84,291.729,44.64,1.41,,0.059,1.87,,,2026-08-14 00:25:42
湖北省,长江流域,金水闸,2026-08-14 00:00,6,29.28,6.98,1.74,273.6,24.38,3.89,0.49,0.058,1.054,,,2026-08-14 00:25:42
湖北省,长江流域,港洲村,2026-08-14 00:00,4,29.19,7.43,3.66,481.3,9.832001,3.65,0.407,0.122,1.117,,,2026-08-14 00:25:42
湖北省,长江流域,白浒山,2026-08-14 00:00,3,28.16,7.9,5.82,331.3072,46.12046,1.06,0.002,0.081,1.698396,,,2026-08-14 00:25:42
湖北省,长江流域,挖沟泵站,2026-08-14 00:00,-1,,,,,,,,,,,,2026-08-14 00:25:42
湖北省,长江流域,富池闸,2026-08-14 00:00,2,29.57,7.44,6.41,215.0027,13.45257,2.87,0.026,0.056,1.107979,,,2026-08-14 00:25:42
湖北省,长江流域,丹江口水库坝上中,2026-08-14 00:00,2,28.82,8.14,6.7,236.641,1.478717,1.28,0.079,0.006,0.8785,0.0038764,1.8484,2026-08-14 00:25:42
湖北省,长江流域,潘口水库坝上,2026-08-14 00:00,2,28.24,8.88,11.96,172.9,9.7,2.2,,0.009,0.236,,,2026-08-14 00:25:42
湖北省,长江流域,隔河岩水库坝上,2026-08-14 00:00,2,20.64,8.52,7.47,199.68,2.01,1.43,,0.012,1.733,0.03402,4229068,2026-08-14 00:25:42
湖北省,长江流域,长沙坝,2026-08-14 00:00,2,25.734,8.06,6.66,471.326,3.749,1.63,0.018,0.018,1.557,,,2026-08-14 00:25:42
湖北省,长江流域,白石港,2026-08-14 00:00,2,26.5,8.35,7.22,306.101,4.868,,,,,,,2026-08-14 00:25:42
湖北省,长江流域,沈湾,2026-08-14 00:00,2,17.18,7.64,6.31,357,43.18,2.98,0.107,0.075,2.176,,,2026-08-14 00:25:42
湖北省,长江流域,东梁子湖湖心,2026-08-14 00:00,4,28.73,7.78,5.15,181.965,48.865,4.79,0.103,0.075,0.724,,,2026-08-14 00:25:42
湖北省,长江流域,梁子湖七星站,2026-08-14 00:00,3,29.21,7.62,5.65,182.3502,39.69294,4.96,0.082,0.016,1.756365,0.03376145,,2026-08-14 00:25:42
湖北省,长江流域,漳河水库库心,2026-08-14 00:00,1,26.89,8.34,8.45,315.6344,4.4252,1.76,0.024,0.003,0.391,0.00012,8.2527,2026-08-14 00:25:42
湖北省,长江流域,转斗,2026-08-14 00:00,4,23.89,7.51,5.13,428.851,168.623,5.48,0.265,0.223,2.115,,,2026-08-14 00:25:42
湖北省,长江流域,罗汉闸,2026-08-14 00:00,4,24.13,7.55,7.14,316.22,112.91,2.09,0.096,0.243,2.0426,,,2026-08-14 00:25:42
湖北省,长江流域,京山河邓李港,2026-08-14 00:00,3,27.27,7.33,6.7,433.0101,22.9658,4.61,0.098,0.159,2.05,,,2026-08-14 00:25:42
湖北省,长江流域,马良龚家湾,2026-08-14 00:00,2,24.843,7.48,6.48,359.847,39.502,3.22,0.106,0.094,1.3836,,,2026-08-14 00:25:42
湖北省,长江流域,田店泵站,2026-08-14 00:00,2,27.38,7.84,7.2,400.83,23.8018,2.03,0.028,0.038,0.54297,,,2026-08-14 00:25:42
湖北省,长江流域,新沟闸,2026-08-14 00:00,5,28.86,7.57,2.86,424.08,41.36,3.36,0.124,0.133,1.846,,,2026-08-14 00:25:42
湖北省,长江流域,孝昌王店,2026-08-14 00:00,4,26.55,7.14,6.43,218.34,42.7805,5.42,0.286,0.223,2.4808,,,2026-08-14 00:25:42
湖北省,长江流域,孝感河口大桥,2026-08-14 00:00,3,28.64,7.37,5.59,299.089,57.805,4.77,0.292,0.151,1.985,,,2026-08-14 00:25:42
湖北省,长江流域,安陆桑树,2026-08-14 00:00,2,26.84,7.89,6.49,449.91,23.4955,2.7,0.037,0.047,0.56159,,,2026-08-14 00:25:42
湖北省,长江流域,隔蒲桥,2026-08-14 00:00,4,28.64,7.43,4.38,344.47,35.788,6.53,0.057,0.115,1.5596,,,2026-08-14 00:25:42
湖北省,长江流域,汉川新堰,2026-08-14 00:00,5,28.28,7.21,2.2,431.93,56.496,3.9,0.566,0.187,2.18,,,2026-08-14 00:25:42
湖北省,长江流域,杨柴湖,2026-08-14 00:00,5,26.1,6.82,2.97,314.4,12.8,5.71,,0.087,0.341,0.00264,,2026-08-14 00:25:42
湖北省,长江流域,康家岗,2026-08-14 00:00,2,26.42,7.81,7.02,403.132,28.3822,1.08,,0.058,,,,2026-08-14 00:25:42
湖北省,长江流域,淤泥湖,2026-08-14 00:00,3,27.1,8.12,7.36,393.9,27.3,1.54,0.007,0.192,1.696,,,2026-08-14 00:25:42
湖北省,长江流域,调关,2026-08-14 00:00,2,26.53,7.89,7.56,405.4688,17.5197,0.93,,0.048,1.5876,,,2026-08-14 00:25:42
湖北省,长江流域,姚集,2026-08-14 00:00,4,26.1,7.42,3.77,495.1,26.2,3.45,0.347,0.106,1.743,,,2026-08-14 00:25:42
湖北省,长江流域,乌溪沟,2026-08-14 00:00,2,22.16845,8.17,8.54,323.286,15.43548,1.15,0.024,0.077,1.898442,,,2026-08-14 00:25:42
湖北省,长江流域,咸宁湖心,2026-08-14 00:00,4,28.69,8.18,5.97,187.423,24.544,5.91,0.11,0.088,1.2,0.01689,2.906702,2026-08-14 00:25:42
湖北省,长江流域,陆溪口,2026-08-14 00:00,3,28.16,7.42,5.53,199.45,16.63,3.13,0.212,0.067,1.804,,,2026-08-14 00:25:42
湖北省,长江流域,洪下水文站,2026-08-14 00:00,2,27.5,7.56,6.55,190.4,4.5,1.07,0.063,0.047,1.098,,,2026-08-14 00:25:42
湖北省,长江流域,平林,2026-08-14 00:00,4,27.56,7.07,4.61,360.614,8.029,5.25,0.527,0.146,1.792,,,2026-08-14 00:25:42
湖北省,长江流域,阳日湾,2026-08-14 00:00,6,17.002,8.09,9.57,287.734,352.456,3.24,0.237,0.6,2.2406,,,2026-08-14 00:25:42
湖南省,长江流域,三角洲,2026-08-14 00:00,4,28.4,7,3.32,231.68,7.02,1.05,0.169,0.141,3.219,,,2026-08-14 00:25:42
湖南省,长江流域,胜利,2026-08-14 00:00,5,27.55,7.03,2.88,405.87,20.22,3.39,0.189,0.091,1.787,,,2026-08-14 00:25:42
湖南省,长江流域,洣水入湘江口,2026-08-14 00:00,2,29.207,7.65,6.39,153.53,9.09,2.17,0.033,0.048,1.432,,,2026-08-14 00:25:42
湖南省,长江流域,窑市,2026-08-14 00:00,2,25.99,7.41,7.35,51.3812,5.989,1.3,,0.025,0.53,,,2026-08-14 00:25:42
湖南省,长江流域,渡头村,2026-08-14 00:00,2,29.39,7.74,6.1,214.686,3.7621,1.88,0.025,0.057,1.376,,,2026-08-14 00:25:42
湖南省,长江流域,邵水入河口,2026-08-14 00:00,4,29.75,7.36,4.74,450.505,16.614,2.66,0.024,0.076,2.375,,,2026-08-14 00:25:42
湖南省,长江流域,岳阳楼,2026-08-14 00:00,4,28.4,7.89,6.62,246.5827,55.61134,1.37,0.019,0.052,1.3161,0.0009219,271335,2026-08-14 00:25:42
湖南省,长江流域,城陵矶,2026-08-14 00:00,2,27.49,7.76,6.21,243.434,54.89857,2.14,0.011,0.054,1.0497,,,2026-08-14 00:25:42
湖南省,长江流域,南渡,2026-08-14 00:00,3,26.45,6.87,5.52,129.32,13.11,1.41,0.209,0.127,1.703,,,2026-08-14 00:25:42
湖南省,长江流域,马坡湖,2026-08-14 00:00,3,26.74,8.05,7.35,390.561,31.4434,1.67,,0.12,1.462,,,2026-08-14 00:25:42
湖南省,长江流域,万家嘴,2026-08-14 00:00,2,28.52,7.5,6.16,178.0086,11.66745,1.3,0.052,0.06,2.1671,0.0019974,191189.2,2026-08-14 00:25:42
湖南省,长江流域,小河嘴,2026-08-14 00:00,3,27.56,7.87,6.2,194.791,17.7782,1.21,,0.044,1.16,0.00098246,5.54242,2026-08-14 00:25:42
湖南省,长江流域,桃谷山,2026-08-14 00:00,2,26.47,7.77,6.51,191.282,18.4727,1.79,0.054,0.07,1.677,,,2026-08-14 00:25:42
湖南省,长江流域,五强溪,2026-08-14 00:00,2,29.24,8.2,7.61,189.236,2.0447,1.15,0.001,0.024,1.227,,,2026-08-14 00:25:42
湖南省,长江流域,溪子口,2026-08-14 00:00,2,25.42,7.49,6.99,249.3,5.626,0.94,0.02,0.032,1.315,,,2026-08-14 00:25:42
湖南省,长江流域,街埠头,2026-08-14 00:00,3,29.98,7.43,5.58,371.205,2.4601,3.68,0.082,0.039,2.013,,,2026-08-14 00:25:42
广东省,珠江流域,珠海大桥,2026-08-14 00:00,2,30.37,8.04,7.6,305.606,32.159,1.15,0.012,0.065,2.443,,,2026-08-14 00:25:42
广东省,珠江流域,石角咀水闸,2026-08-14 00:00,4,32.3,7.09,3.55,460.16,106.167,2.97,0.001,0.173,2.435,,,2026-08-14 00:25:42
广东省,珠江流域,布洲,2026-08-14 00:00,2,29.09,7.92,7.68,266.436,35.134,1.74,0.055,0.06,2.202,,,2026-08-14 00:25:42
广东省,珠江流域,海门湾桥闸,2026-08-14 00:00,3,29.85,7.36,6.71,472.94,30.12,4.36,0.327,0.159,3.341,,,2026-08-14 00:25:42
广东省,珠江流域,牛湾,2026-08-14 00:00,4,31.79,6.6,3.43,156.36,40.19,3.52,0.032,0.119,2.076,,,2026-08-14 00:25:42
广东省,珠江流域,渠首,2026-08-14 00:00,4,31.78,7.85,4.09,120.35,16.91,5.48,0.053,0.018,0.77,0.01523,4197199,2026-08-14 00:25:42
广东省,珠江流域,山角,2026-08-14 00:00,3,32.79,8.22,6.33,125.91,18.23,4.47,0.025,0.051,2.023,,,2026-08-14 00:25:42
广东省,珠江流域,运河管理局,2026-08-14 00:00,3,31.08,7.91,6.92,121.67,33.63,5.8,,0.022,0.882,,,2026-08-14 00:25:42
广东省,珠江流域,南渡河桥,2026-08-14 00:00,6,32.19,6.38,1.11,199.06,21.75,5.95,0.682,0.077,3.077,,,2026-08-14 00:25:42
广东省,珠江流域,塘口,2026-08-14 00:00,3,31.22,6.94,5.91,114.57,12.8,2.71,0.01,0.112,2.106,,,2026-08-14 00:25:42
广东省,珠江流域,石骨水库,2026-08-14 00:00,2,31.927,,10.28,72.05,5.6585,2.15,0.026,0.016,0.441,,,2026-08-14 00:25:42
广东省,珠江流域,良德水库,2026-08-14 00:00,1,32.46,8.24,8.16,64.885,11.471,1.91,,0.003,0.282,0.0057,521406,2026-08-14 00:25:42
广东省,珠江流域,米急渡,2026-08-14 00:00,2,30.45,7.02,6.31,88.609,31.953,1.76,0.053,0.066,1.473,,,2026-08-14 00:25:42
广东省,珠江流域,五丰渡口,2026-08-14 00:00,2,29.81,6.99,7.04,91.7,10.35,1.38,0.119,0.031,3.5838,,,2026-08-14 00:25:42
广东省,珠江流域,新铺,2026-08-14 00:00,2,30.76,7.39,7.05,133.824,21.314,1.98,0.075,0.032,1.4786,,,2026-08-14 00:25:42
广东省,珠江流域,海丰西闸,2026-08-14 00:00,3,31.68,6.96,5.1,61.5,2,2.71,,0.034,0.412,,,2026-08-14 00:25:42
广东省,珠江流域,东溪水闸,2026-08-14 00:00,3,32.75,6.83,5,206.844,199.668,4,0.237,0.062,1.271,,,2026-08-14 00:25:42
广东省,珠江流域,尖山,2026-08-14 00:00,3,32.07,6.69,6.08,221.51,11.94,4.02,0.104,0.149,2.08,,,2026-08-14 00:25:42
广东省,珠江流域,埠场,2026-08-14 00:00,3,31.94,7.04,6.97,257.167,12.327,2.82,0.025,0.116,1.739,,,2026-08-14 00:25:42
广东省,珠江流域,樟村,2026-08-14 00:00,4,31.71,7.08,3.05,439.033,16.63,3.19,1.047,0.168,5.905,,,2026-08-14 00:25:42
广东省,珠江流域,旗岭,2026-08-14 00:00,3,30.72,7.3,5.91,417.649,36.72,2.84,0.191,0.175,6.068,,,2026-08-14 00:25:42
广东省,珠江流域,中山港码头,2026-08-14 00:00,2,30.39,7.72,6.35,285.62,11.247,1.29,0.311,0.086,2.559,,,2026-08-14 00:25:42
广东省,珠江流域,赤凤,2026-08-14 00:00,3,30.83,7.36,7.41,106.26,16.4,1.65,0.016,0.111,1.565,,,2026-08-14 00:25:42
广东省,珠江流域,龟山塔,2026-08-14 00:00,2,29.85,7.11,6.78,71.928,17.13,1.23,0.123,0.061,1.1349,,,2026-08-14 00:25:42
广西壮族自治区,珠江流域,老口,2026-08-14 00:00,2,29.64823,7.78,6.33,274.0613,8.308082,1.31,,0.03,2.367672,,,2026-08-14 00:25:42
广西壮族自治区,珠江流域,叮当,2026-08-14 00:00,2,30.89,7.71,7.89,329.062,14.117,1.53,0.022,0.066,3.741,,,2026-08-14 00:25:42
广西壮族自治区,珠江流域,白马,2026-08-14 00:00,2,28.37,7.81,6.45,317.26,9.13,1.76,,0.027,1.937,,,2026-08-14 00:25:42
广西壮族自治区,珠江流域,东边埇,2026-08-14 00:00,3,29.26,6.33,6.13,73.0842,113.788,2.47,0.068,0.106,2.766,,,2026-08-14 00:25:42
广西壮族自治区,珠江流域,西门江,2026-08-14 00:00,3,32.04,6.87,5.19,760.394,39.744,3.86,0.266,0.178,2.348,,,2026-08-14 00:25:42
广西壮族自治区,珠江流域,边贸码头,2026-08-14 00:00,2,29.69,6.82,7.35,73.77,11.57,1.79,0.063,0.056,1.31,,,2026-08-14 00:25:42
广西壮族自治区,珠江流域,高塘,2026-08-14 00:00,2,31.68,6.32,6.61,77.11,32.29,2.95,0.034,0.071,2.247,,,2026-08-14 00:25:42
广西壮族自治区,珠江流域,茅岭大桥,2026-08-14 00:00,3,31.48,6.76,6.61,436.31,17.91,2.22,0.024,0.145,1.054,,,2026-08-14 00:25:42
广西壮族自治区,珠江流域,高速公路西桥,2026-08-14 00:00,3,33.35,7.37,7.14,2616.36,50.57,4.78,0.005,0.116,1.507,,,2026-08-14 00:25:42
广西壮族自治区,珠江流域,公篓,2026-08-14 00:00,2,26.41,7.86,6.07,255.4,6.87,1.24,0.032,0.017,1.466,,,2026-08-14 00:25:42
广西壮族自治区,珠江流域,贺街,2026-08-14 00:00,2,28.69,7.16,6.43,192.42,16.382,0.87,0.03,0.036,1.007,,,2026-08-14 00:25:42
广西壮族自治区,珠江流域,上金,2026-08-14 00:00,3,30.66,6.75,5.44,118.971,53.6803,2.57,,0.031,2.2993,,,2026-08-14 00:25:42
广西壮族自治区,珠江流域,渠立,2026-08-14 00:00,1,29.32,7.92,8.6,257.848,14.571,1.28,,0.017,1.442,,,2026-08-14 00:25:42
广西壮族自治区,珠江流域,棉江,2026-08-14 00:00,2,29.67,7.71,6.12,202.487,35.091,1.96,,0.028,2.1623,,,2026-08-14 00:25:42
海南省,珠江流域,上村桥,2026-08-14 00:00,3,30.5,6.75,5.13,181.1,50,5.27,,0.144,1.994,,,2026-08-14 00:25:42
海南省,珠江流域,中和桥,2026-08-14 00:00,3,31.8,7.06,5.42,551.2,19.8,3.71,0.077,0.088,0.898,,,2026-08-14 00:25:42
海南省,珠江流域,溪仔村,2026-08-14 00:00,2,31,7.99,10.12,82.73,2.84,2.71,0.002,0.032,0.553,,,2026-08-14 00:25:42
海南省,珠江流域,农垦橡胶所一队,2026-08-14 00:00,2,30.5,6.64,6.76,72.5,7.1,0.9,0.007,0.02,1.559,,,2026-08-14 00:25:42
海南省,珠江流域,分洪桥,2026-08-14 00:00,2,32.41,6.72,6.97,83.26,22.45,,,,,,,2026-08-14 00:25:42
海南省,珠江流域,后山村,2026-08-14 00:00,5,32.78,6.75,2.05,394.402,33.6848,5.45,0.964,0.195,2.906,,,2026-08-14 00:25:42
海南省,珠江流域,罗带铁路桥,2026-08-14 00:00,5,31.3,7.72,7.3,6552.4,24.2,6.62,0.095,0.336,2.657,,,2026-08-14 00:25:42
海南省,珠江流域,山口,2026-08-14 00:00,2,31.98,7.08,7.12,91.47,16.84,3.25,0.018,0.03,0.797,,,2026-08-14 00:25:42
海南省,珠江流域,白仞滩电站,2026-08-14 00:00,3,32.2,7.47,5.5,155.2,15.3,4.13,0.004,0.127,1.589,,,2026-08-14 00:25:42
海南省,珠江流域,大风,2026-08-14 00:00,3,30.72467,6.98,5.83,164.5301,9.846461,2.92,0.001,0.056,1.792517,,,2026-08-14 00:25:42
海南省,珠江流域,叉河口,2026-08-14 00:00,3,31.6,7.84,7.35,233.8,11.2,2.6,0.022,0.104,4.313,,,2026-08-14 00:25:42
海南省,珠江流域,跨界桥,2026-08-14 00:00,2,30.6,8.03,10.12,93.9,18.3,3.28,,0.072,1.789,,,2026-08-14 00:25:42
海南省,珠江流域,群英大坝,2026-08-14 00:00,2,30.4,7.53,8.24,94.6,8.3,2.4,,0.045,0.956,,,2026-08-14 00:25:42
海南省,珠江流域,大溪村,2026-08-14 00:00,3,30.1,6.91,5.93,311.7,14.9,2.3,0.109,0.093,1.52,,,2026-08-14 00:25:42
重庆市,长江流域,晒网坝,2026-08-14 00:00,2,27.39,7.9,6.45,378.3777,25.4681,1.88,,0.057,2.264,,,2026-08-14 00:25:42
重庆市,长江流域,北渡,2026-08-14 00:00,2,27.98,7.9,7.34,430.3776,33.443,2.19,0.051,0.047,2.223,,,2026-08-14 00:25:42
重庆市,长江流域,太和,2026-08-14 00:00,2,29.98,8.17,8.25,346.06,14.5,3.92,,0.05,2.675,,,2026-08-14 00:25:42
重庆市,长江流域,官渡,2026-08-14 00:00,2,29.37,7.46,6.27,340.9333,53.67,3.15,,0.096,2.11,,,2026-08-14 00:25:42
重庆市,长江流域,渠江码头,2026-08-14 00:00,3,29.29,7.48,6.84,315.83,66.685,3.72,0.003,0.113,2.849,,,2026-08-14 00:25:42
重庆市,长江流域,芙蓉洞码头,2026-08-14 00:00,1,28.28,8.54,11.03,211.42,9.12,0.78,,0.011,1.09,,,2026-08-14 00:25:42
重庆市,长江流域,湖海场,2026-08-14 00:00,3,23.29,7.58,8.22,193.879,108.246,4.12,,0.103,1.639,,,2026-08-14 00:25:42
重庆市,长江流域,罗汉大桥,2026-08-14 00:00,2,19.53,7.91,8.89,292.06,15,1.09,0.019,0.049,2.226,,,2026-08-14 00:25:42
重庆市,长江流域,白帝城,2026-08-14 00:00,2,27.09,7.75,6.59,365,40.053,1.54,,0.058,2.026,,,2026-08-14 00:25:42
四川省,长江流域,二江寺,2026-08-14 00:00,2,26.06,7.82,8.23,425.7,6.4,2.07,0.075,0.072,2.256,,,2026-08-14 00:25:42
四川省,长江流域,三邑大桥,2026-08-14 00:00,2,24.05,7.87,6.94,296.9521,32.087,1.23,0.013,0.038,1.6903,,,2026-08-14 00:25:42
四川省,长江流域,李家湾,2026-08-14 00:00,3,30.67,7.74,7.28,445.1,14.2,3.64,0.005,0.178,5.336,,,2026-08-14 00:25:42
四川省,长江流域,湾凼,2026-08-14 00:00,4,28.88966,7.42,3.49,574.5679,20.88471,4.32,0.005,0.057,0.410268,,,2026-08-14 00:25:42
四川省,长江流域,手爬岩,2026-08-14 00:00,2,25.66,7.97,7.33,493.881,17.9881,1.31,,0.047,1.642,,,2026-08-14 00:25:42
四川省,长江流域,沱江大桥,2026-08-14 00:00,3,31.31,7.82,6.47,449.8281,69.65705,3.76,0.013,0.17,6.150816,,,2026-08-14 00:25:42
四川省,长江流域,胡市大桥,2026-08-14 00:00,3,31.9,8.2,10.5,368.5963,12.8004,5.71,0.017,0.115,2.121,,,2026-08-14 00:25:42
四川省,长江流域,泸天化大桥,2026-08-14 00:00,2,31.56,8.21,10.06,362.405,12.4429,2.05,,0.042,2.208,,,2026-08-14 00:25:42
四川省,长江流域,纳溪大渡口,2026-08-14 00:00,2,25.01,7.91,7.26,421.889,14.614,1.01,,0.055,1.45,,,2026-08-14 00:25:42
四川省,长江流域,两汇水,2026-08-14 00:00,2,29.65219,7.95,6.67,148.7716,8.035655,1.46,0.098,0.027,0.751,,,2026-08-14 00:25:42
四川省,长江流域,太平渡,2026-08-14 00:00,2,29.58758,8.27,7.05,474.0787,18.29181,1.3,0.019,0.058,3.252,,,2026-08-14 00:25:42
四川省,长江流域,双江桥,2026-08-14 00:00,3,29.15,8.24,6.78,576.32,35.33,1.67,,0.117,1.905,,,2026-08-14 00:25:42
四川省,长江流域,三川,2026-08-14 00:00,3,27.86,8.04,6.4,590.7,20.01,1.02,,0.116,2.149,,,2026-08-14 00:25:42
四川省,长江流域,姚渡,2026-08-14 00:00,1,24.96419,8.22,7.71,358.8643,16.55406,0.77,0.009,0.002,1.332,,,2026-08-14 00:25:42
四川省,长江流域,清泉乡,2026-08-14 00:00,2,29.74,8.8,19.36,265.8,28.9105,3.27,,0.04,1.281,,,2026-08-14 00:25:42
四川省,长江流域,大埂,2026-08-14 00:00,3,31.59,8.19,8.66,501.9,4.02,5.29,0.177,0.078,1.258954,,,2026-08-14 00:25:42
四川省,长江流域,金溪电站,2026-08-14 00:00,2,27.56,7.94,8.86,371.559,26.4115,2.38,0.009,0.028,1.334,,,2026-08-14 00:25:42
四川省,长江流域,升钟水库铁炉寺,2026-08-14 00:00,6,31.13,9.11,18.22,320.34,17.5,6.16,,0.043,2.468,,,2026-08-14 00:25:42
四川省,长江流域,三块石,2026-08-14 00:00,1,23.94,8.14,7.75,569.27,4.34,0.95,0.012,0.016,1.012,,,2026-08-14 00:25:42
四川省,长江流域,金子,2026-08-14 00:00,2,27.2,7.74,8.06,253.13,45.17,3.9,0.044,0.074,2.8046,,,2026-08-14 00:25:42
四川省,长江流域,幺滩,2026-08-14 00:00,3,31.21,8.18,7.5,389.02,23.8,2.71,,0.119,2.33,,,2026-08-14 00:25:42
四川省,长江流域,团堡岭,2026-08-14 00:00,2,27,7.97,7.82,237.43,43.938,,0.026,0.099,1.967,,,2026-08-14 00:25:42
四川省,长江流域,大蹬沟,2026-08-14 00:00,2,27.73,7.62,6.37,228.2,48.1,3.71,,0.064,1.394,,,2026-08-14 00:25:42
四川省,长江流域,白兔乡,2026-08-14 00:00,4,30.8,8.9,16.29,344,15.18,6.19,,0.071,1.453,,,2026-08-14 00:25:42
四川省,长江流域,舵石盘,2026-08-14 00:00,2,26.19,7.84,6.35,277.2,44.3,3.35,0.0004,0.096,2.059,,,2026-08-14 00:25:42
四川省,长江流域,车家河,2026-08-14 00:00,2,25.75,7.86,7.04,248.6,36.64,2.79,,0.075,1.709,,,2026-08-14 00:25:42
四川省,长江流域,竹巴龙村,2026-08-14 00:00,3,16.08,8.13,5.86,1440.4,106.4,0.94,0.073,0.041,0.821,,,2026-08-14 00:25:42
贵州省,长江流域,棉花渡,2026-08-14 00:00,2,24.152,7.9,6.11,467.66,0.9709,1.56,0.013,0.049,2.9061,,,2026-08-14 00:25:42
贵州省,长江流域,贵铝泵房,2026-08-14 00:00,2,27.1449,8.83,10.05,316.305,10.3294,2.69,0.018,0.008,2.1294,0.02283,1796775,2026-08-14 00:25:42
贵州省,长江流域,花鱼洞,2026-08-14 00:00,6,24.2038,7.36,0.43,340.1772,1.9029,2.2,0.152,0.02,1.113,0.00364,2121318,2026-08-14 00:25:42
贵州省,珠江流域,青岩,2026-08-14 00:00,4,25.08,7.84,4.86,538.0393,6.0842,2.48,,0.057,3.1534,,,2026-08-14 00:25:42
贵州省,长江流域,龙场,2026-08-14 00:00,2,21.49,7.88,6.8,388.57,5.69,0.67,0.022,0.013,3.975,,,2026-08-14 00:25:42
贵州省,长江流域,打秋坪,2026-08-14 00:00,3,25.98,7.73,5.55,497.2,4.8,1.55,0.098,0.085,4.19,,,2026-08-14 00:25:42
贵州省,长江流域,余庆河暗溪坪,2026-08-14 00:00,2,27.67,8.34,10.07,307.76,8.28,1.22,,0.022,1.233,,,2026-08-14 00:25:42
贵州省,长江流域,羊柱头渡口,2026-08-14 00:00,3,26.16,7.82,5.38,675.67,10.13,2,0.299,0.172,6.758,,,2026-08-14 00:25:42
贵州省,长江流域,茅台,2026-08-14 00:00,2,26.57,8.34,7.56,416.2,19.54,0.98,,0.022,3.99,,,2026-08-14 00:25:42
贵州省,珠江流域,打邦,2026-08-14 00:00,2,29.26,8.24,12.62,392.04,15.363,2.11,,0.028,3.277,,,2026-08-14 00:25:42
贵州省,长江流域,小屯,2026-08-14 00:00,2,26.4,8.65,11.16,381.996,7.721,3.04,,0.041,4.211,,,2026-08-14 00:25:42
贵州省,长江流域,鱼市,2026-08-14 00:00,2,28.89,8.2,7.73,351.687,6.402566,0.9,0.012,0.04,0.997788,,,2026-08-14 00:25:42
贵州省,长江流域,凤山桥边,2026-08-14 00:00,2,24.7345,8.3,7.3,569.64,3.3646,1.11,0.06,0.082,3.185,,,2026-08-14 00:25:42
贵州省,珠江流域,边外河,2026-08-14 00:00,1,24.64,8.11,8.09,327.59,5.37,0.8,,0.006,1.947,,,2026-08-14 00:25:42
云南省,珠江流域,阳宗海中,2026-08-14 00:00,3,25.09,,8.3,400.173,1.87,4.27,,0.015,,0.01022,775495.2,2026-08-14 00:25:42
云南省,滇池流域,严家村桥,2026-08-14 00:00,5,20.77619,7.26,2.05,444.5899,8.120665,1.8,1.097,0.127,4.760987,,,2026-08-14 00:25:42
云南省,滇池流域,草海中心,2026-08-14 00:00,4,23.91,7.67,3.32,415.91,8.57,4.93,0.578,0.06,3.348,0.01465,6120797,2026-08-14 00:25:42
云南省,滇池流域,灰湾中,2026-08-14 00:00,4,23.39,,11.54,368.18,40.994,6.46,0.012,0.057,0.8,0.01306,3.782772,2026-08-14 00:25:42
云南省,滇池流域,观音山中,2026-08-14 00:00,3,22.41,,6.53,334.756,4.93,4.75,0.014,0.039,0.837,0.0066,8.38017,2026-08-14 00:25:42
云南省,滇池流域,观音山西,2026-08-14 00:00,4,23.06,8.85,8.46,396.98,36.8,7.25,,0.06,0.762,0.00847,6.274256,2026-08-14 00:25:42
云南省,滇池流域,海口西,2026-08-14 00:00,3,22.72,,6.62,340.53,17.17,4.67,,0.047,0.7,0.00997,2.2668,2026-08-14 00:25:42
云南省,滇池流域,滇池南,2026-08-14 00:00,4,22.43,,9.9,387.2,34.61,7.52,,0.048,0.729,0.04241,1.657772,2026-08-14 00:25:42
云南省,珠江流域,抚仙湖心,2026-08-14 00:00,1,24.13,8.88,8.55,283.6,2.403,1.9,0.014,0.01,0.128,0.00267,7582697,2026-08-14 00:25:42
云南省,珠江流域,杞麓湖心,2026-08-14 00:00,2,24.39,,9.48,776.01,9.25,,,0.021,1.527,0.03875,9181038,2026-08-14 00:25:42
云南省,珠江流域,星云湖心,2026-08-14 00:00,4,23.91,,9,496.614,7.21,7.86,,0.016,0.637,0.0048,1.472226,2026-08-14 00:25:42
云南省,西南诸河,土卡河水文站,2026-08-14 00:00,2,25.8652,7.93,8.29,191.2997,127.6543,1.27,,0.041,0.8537792,,,2026-08-14 00:25:42
云南省,珠江流域,异龙湖中,2026-08-14 00:00,4,27.22,8.64,8.41,454.35,2.485,8.09,,0.015,0.352,0.01822,130263,2026-08-14 00:25:42
云南省,西南诸河,天保农场,2026-08-14 00:00,2,24.29,8.18,8.61,376,8.34,1.22,0.006,0.033,2.9206,,,2026-08-14 00:25:42
云南省,西南诸河,洱海湖心,2026-08-14 00:00,3,24.17,8.93,8.89,275.96,4.3,5.4,0.002,0.025,0.441,0.01075,5120817,2026-08-14 00:25:42
陕西省,黄河流域,灞河口,2026-08-14 00:00,4,24.38,8.02,8.47,227.8858,206.2762,6.64,0.145,0.184,4.1229,,,2026-08-14 00:25:42
陕西省,黄河流域,三郎村,2026-08-14 00:00,3,25.47,7.71,7.76,364.273,119.389,4.02,0.154,0.12,5.0128,,,2026-08-14 00:25:42
陕西省,黄河流域,岔口,2026-08-14 00:00,4,22.93,8.29,8.42,695.108,481.516,8.71,0.049,0.221,6.1788,,,2026-08-14 00:25:42
陕西省,长江流域,黄牛铺,2026-08-14 00:00,3,23.25,8.87,5.88,175.2838,1.3999,2.58,0.003,0.01,0.578,,,2026-08-14 00:25:42
陕西省,黄河流域,魏家堡,2026-08-14 00:00,2,27.01,8.23,6.91,723.0897,98.481,2.47,,0.065,3.08,,,2026-08-14 00:25:42
陕西省,黄河流域,卧龙寺桥,2026-08-14 00:00,2,26.51,8.25,7.35,949.5262,3561.757,2.8,0.047,0.055,4.748,,,2026-08-14 00:25:42
陕西省,长江流域,灶火庵,2026-08-14 00:00,2,24.15,8.29,6.72,352.7203,25.8047,1.45,,0.021,1.2071,,,2026-08-14 00:25:42
陕西省,黄河流域,黑河张家桥,2026-08-14 00:00,2,23.28,8,7.29,501.9112,52.0644,2.07,0.054,0.031,1.9153,,,2026-08-14 00:25:42
陕西省,黄河流域,杨家畔村,2026-08-14 00:00,3,26.83,8.46,9.03,654.883,,3.64,0.115,0.134,2.8651,,,2026-08-14 00:25:42
陕西省,黄河流域,昝家山,2026-08-14 00:00,3,23.64,8.25,8.54,559.319,588.2491,5.47,,0.139,3.2451,,,2026-08-14 00:25:42
陕西省,黄河流域,朱家沟,2026-08-14 00:00,6,25.19,8.06,4.46,1151.089,168.7441,4.68,0.271,0.475,7.1511,,,2026-08-14 00:25:42
陕西省,长江流域,白水江,2026-08-14 00:00,2,26.75,8.23,6.79,312.1396,2.828,0.9,,0.012,1.004,,,2026-08-14 00:25:42
陕西省,黄河流域,温家川,2026-08-14 00:00,4,26.67,8.37,6.55,1094.246,359.4852,8.2,,0.113,2.2101,,,2026-08-14 00:25:42
陕西省,黄河流域,高家川,2026-08-14 00:00,3,25.6,8.29,7.54,775.949,372.3836,3.48,,0.135,3.2261,,,2026-08-14 00:25:42
陕西省,长江流域,小钢桥,2026-08-14 00:00,2,25.96,8.2,9.25,228.4,15.01,3.83,,0.041,3.772,,,2026-08-14 00:25:42
陕西省,长江流域,老君关,2026-08-14 00:00,2,24.68,7.54,6.02,258.7664,84.5508,3.37,,0.074,2.37,,,2026-08-14 00:25:42
陕西省,长江流域,构峪口,2026-08-14 00:00,2,20.96,8.04,6.78,361.5211,30.294,2.88,,0.041,2.125,,,2026-08-14 00:25:42
陕西省,长江流域,丹凤下,2026-08-14 00:00,2,22.21,8.35,7.7,377.0212,32.2449,2.85,0.013,0.073,2.7235,,,2026-08-14 00:25:42
甘肃省,黄河流域,新城桥,2026-08-14 00:00,2,19.45,8.22,7,569.758,145.352,2.26,0.036,0.068,1.6522,,,2026-08-14 00:25:42
甘肃省,黄河流域,湟水桥,2026-08-14 00:00,2,23.24,8.46,7,793.214,214.949,2.98,0.155,0.098,3.915,,,2026-08-14 00:25:42
甘肃省,黄河流域,五佛寺,2026-08-14 00:00,2,20.87437,8.25,6.85,672.8163,1070.02,2.37,0.279,0.045,3.541,,,2026-08-14 00:25:42
甘肃省,长江流域,固水子村,2026-08-14 00:00,2,22.4,8.26,7.47,391.3,224.3,1.03,,0.049,,,,2026-08-14 00:25:42
宁夏回族自治区,黄河流域,平罗黄河大桥,2026-08-14 00:00,3,24.47,7.9,5.09,1145.48,1449.79,1.48,,0.048,2.812,,,2026-08-14 00:25:42
宁夏回族自治区,黄河流域,麻黄沟,2026-08-14 00:00,2,25.5,8.33,6.08,851.98,749.882,2.24,,0.049,2.496,,,2026-08-14 00:25:42
宁夏回族自治区,黄河流域,中卫下河沿,2026-08-14 00:00,2,21.7,8.19,7.15,812.2,1812.7,2.24,,0.066,2.413,,,2026-08-14 00:25:42
北京市,海河流域,鼓楼外大街,2026-08-14 00:00,4,26.37,7.4,4.52,446.37,15.788,3.17,0.153,0.052,3.272,,,2026-08-14 01:24:48
北京市,海河流域,广北滨河路,2026-08-14 01:00,3,27.72,7.58,5.4,380.3,7.17,2.7,0.159,0.041,2.412,,,2026-08-14 01:24:48
北京市,海河流域,沙窝,2026-08-14 00:00,6,27.57,7.12,3,740.5,44.236,5.44,3.007,0.269,5.553,,,2026-08-14 01:24:48
北京市,海河流域,新八里桥,2026-08-14 01:00,6,27.25,7.13,0.85,629.84,1.753,4.2,0.241,0.255,5.295,,,2026-08-14 01:24:48
北京市,海河流域,大红门闸上,2026-08-14 01:00,3,24.98,7.38,5.15,851.7,10.075,2.43,0.243,0.132,5.609,,,2026-08-14 01:24:48
北京市,海河流域,南大荒桥,2026-08-14 01:00,2,28.43,8.44,7.19,839.2,47.51,3.09,0.019,0.055,2.133,,,2026-08-14 01:24:48
北京市,海河流域,清河闸,2026-08-14 01:00,2,23.58,7.69,6.27,740.15,9.255,2.83,,0.065,5.907,,,2026-08-14 01:24:48
北京市,海河流域,花园路,2026-08-14 01:00,4,23.84,7.43,4.8,730.119,20.45,2.46,0.127,0.074,6.678,,,2026-08-14 01:24:48
北京市,海河流域,白石桥,2026-08-14 01:00,2,26.31,7.63,6.72,404.45,4.191,2.76,0.055,0.02,3.281,,,2026-08-14 01:24:48
北京市,海河流域,八间房漫水桥,2026-08-14 01:00,4,28.2,7.55,4.08,751.44,8.05,2.82,0.003,0.114,2.8039,,,2026-08-14 01:24:48
北京市,海河流域,码头,2026-08-14 01:00,2,26.83,7.43,6.63,1000.77,41.248,3.39,0.198,0.077,6.906,,,2026-08-14 01:24:48
北京市,海河流域,罗庄,2026-08-14 01:00,4,28.84,7.54,3.85,1109.982,7.995998,2.28,0.033,0.171,4.1331,,,2026-08-14 01:24:48
北京市,海河流域,小屯桥,2026-08-14 01:00,5,28.87,7.58,2.7,1784.49,6.633657,4.74,0.261,0.165,4.8521,,,2026-08-14 01:24:48
北京市,海河流域,东店,2026-08-14 01:00,3,23.66398,7.41,5.31,491.6562,32.75415,3.76,0.403,0.187,6.859994,,,2026-08-14 01:24:48
北京市,海河流域,密云水库,2026-08-14 01:00,2,28.32762,8.26,9.15,410.8235,3.024705,2.41,0.005,0.006,3.476586,,,2026-08-14 01:24:48
北京市,海河流域,大关桥,2026-08-14 01:00,2,28.57,8.22,8.57,414.46,67.8,3.85,0.111,0.057,4.6181,,,2026-08-14 01:24:48
北京市,海河流域,辛庄桥,2026-08-14 01:00,2,22.93,8.06,7.81,543.813,93.38418,3.29,,0.081,7.1981,,,2026-08-14 01:24:48
北京市,海河流域,谷家营,2026-08-14 01:00,2,28.28,8.06,9.57,551.902,6.201,3.19,0.211,0.059,2.97,,,2026-08-14 01:24:48
北京市,海河流域,后城,2026-08-14 01:00,6,20.59,8.38,7.75,,1169.247,18.15,,0.704,23.6091,,,2026-08-14 01:24:48
天津市,海河流域,三岔口,2026-08-14 00:00,6,29.82,7.66,1.18,1154.815,28.13915,3.68,1.15,0.132,1.32274,,,2026-08-14 01:24:48
天津市,海河流域,北洋桥,2026-08-14 01:00,6,28.32925,7.32,1.49,1000.643,41.57861,4.27,1.154,0.213,2.559554,,,2026-08-14 01:24:48
天津市,海河流域,井冈山桥,2026-08-14 01:00,5,29.19,7.85,2.34,1073.902,32.58212,3.96,0.644,0.154,2.0591,,,2026-08-14 01:24:48
天津市,海河流域,大红桥,2026-08-14 01:00,6,30.24,7.42,0.48,1547.759,17.67966,4.03,0.634,0.092,2.0331,,,2026-08-14 01:24:48
天津市,海河流域,曹庄子泵站,2026-08-14 01:00,3,30.83,7.65,5.39,271.15,3.43,1.37,0.06,0.003,0.877,,,2026-08-14 01:24:48
天津市,海河流域,尔王庄泵站,2026-08-14 00:00,4,30.46,7.49,3.42,251.464,9.581615,2.1,,0.001,0.5551,,,2026-08-14 01:24:48
天津市,海河流域,塘汉公路桥,2026-08-14 00:00,6,26.3,7.5,1,1099.054,75.97251,3.33,0.244,0.172,4.2901,,,2026-08-14 01:24:48
天津市,海河流域,海河大闸,2026-08-14 00:00,6,28.49,7.56,1.25,2531.826,20.4981,4.05,0.804,0.21,2.8273,,,2026-08-14 01:24:48
天津市,海河流域,北排水河防潮闸,2026-08-14 01:00,6,19.81,7.82,0.79,1442.9,45.8466,3.82,0.038,0.132,1.0731,,,2026-08-14 01:24:48
天津市,海河流域,沧浪渠出境,2026-08-14 01:00,6,28.07,7.83,1.54,3642.4,115.75,6.98,0.336,0.301,2.2463,,,2026-08-14 01:24:48
天津市,海河流域,万家码头,2026-08-14 00:00,5,28.32,7.69,2.82,1595.48,19.2,5.94,0.189,0.102,1.157,,,2026-08-14 01:24:48
天津市,海河流域,蓟运河防潮闸,2026-08-14 01:00,5,30.44465,7.23,2.14,962.9133,39.04822,4.55,0.523,0.148,2.253104,,,2026-08-14 01:24:48
天津市,海河流域,青静黄防潮闸,2026-08-14 01:00,5,30.31294,8.34,2.57,9391.086,47.73288,7.71,0.312,0.166,1.276154,,,2026-08-14 01:24:48
天津市,海河流域,马棚口防潮闸,2026-08-14 01:00,4,28.35,7.66,5.22,1561.3,97.27,7.31,0.319,0.133,2.356,,,2026-08-14 01:24:48
天津市,海河流域,阎辛庄,2026-08-14 01:00,6,20.64007,7.23,0.62,1156.82,49.55051,3.95,0.087,0.117,3.800622,,,2026-08-14 01:24:48
天津市,海河流域,于桥水库出口,2026-08-14 00:00,3,27.9,8.37,6.65,387.68,13.42796,4.64,,0.04,2.5271,,,2026-08-14 01:24:48
天津市,海河流域,黎河桥,2026-08-14 01:00,4,24.181,7.44,4.9,762.2,34.29,2.27,0.328,0.175,9.714,,,2026-08-14 01:24:48
天津市,海河流域,沙河桥,2026-08-14 00:00,2,25.27,7.49,6.18,657.35,24.796,1.51,0.404,0.095,9.763,,,2026-08-14 01:24:48
天津市,海河流域,果河桥,2026-08-14 00:00,2,26.74,7.78,7.24,658.5872,12.5502,1.7,0.094,0.085,11.2166,,,2026-08-14 01:24:48
天津市,海河流域,西屯桥,2026-08-14 00:00,4,29.03,7.31,3.19,463.07,23.8295,4.23,0.378,0.08,3.374,,,2026-08-14 01:24:48
河北省,海河流域,下槐镇,2026-08-14 00:00,2,25.28,8.34,7.89,484.252,252.5098,3.06,0.031,0.085,1.9851,,,2026-08-14 01:24:48
河北省,海河流域,地都,2026-08-14 01:00,4,23.16,7.94,6.84,950.202,291.216,5.52,1.444,0.186,6.628,,,2026-08-14 01:24:48
河北省,海河流域,平山桥,2026-08-14 01:00,4,26.26,7.7,6.71,891.99,263.501,4.33,0.219,0.239,5.035,,,2026-08-14 01:24:48
河北省,海河流域,兆通,2026-08-14 00:00,1,29.17,8.6,8.48,283.61,2.7,1.95,0.006,0.008,0.7898,,,2026-08-14 01:24:48
河北省,海河流域,大石桥,2026-08-14 01:00,6,27.80787,7.06,3.06,1074.117,21.30592,8.13,3.601,0.358,10.17018,,,2026-08-14 01:24:48
河北省,海河流域,丰北闸,2026-08-14 01:00,4,30.5037,7.42,6.59,790.7412,18.47572,4.87,0.229,0.213,3.504907,,,2026-08-14 01:24:48
河北省,海河流域,滦县大桥,2026-08-14 00:00,2,23.37,7.92,7.43,474.2,44.84254,2.95,0.04,0.035,4.9541,,,2026-08-14 01:24:48
河北省,海河流域,刘家庄,2026-08-14 01:00,3,21.78,8.28,7.67,573.4301,216.87,3.15,0.214,0.128,2.352,,,2026-08-14 01:24:48
河北省,海河流域,岳城水库出口,2026-08-14 01:00,2,28.09,8.26,6.75,596.365,9.081995,1.57,0.016,,2.6941,,,2026-08-14 01:24:48
河北省,海河流域,曲周,2026-08-14 00:00,5,28.82,7.49,2.96,989.515,31.313,2.44,0.484,0.123,1.733,,,2026-08-14 01:24:48
河北省,海河流域,沙阳,2026-08-14 00:00,4,29.83,7.53,4.4,1296.5,221.61,4.14,0.165,0.111,0.7875,,,2026-08-14 01:24:48
河北省,海河流域,后西吴桥,2026-08-14 00:00,5,29.24,7.76,4.31,634.66,126.71,4.95,1.839,0.238,4.42,,,2026-08-14 01:24:48
河北省,海河流域,北河店,2026-08-14 00:00,4,28.42,7.72,4.15,507.4469,1.4031,2.07,0.001,0.022,4.597,,,2026-08-14 01:24:48
河北省,海河流域,白合,2026-08-14 01:00,2,25.11,8.28,7.97,503.91,71.58,1.73,,0.057,4.093,,,2026-08-14 01:24:48
河北省,海河流域,杜里村,2026-08-14 00:00,3,23.04,8.44,8.93,413.72,108.23,5.44,,0.08,2.5701,,,2026-08-14 01:24:48
河北省,海河流域,温泉屯,2026-08-14 01:00,4,23.46,8.49,6.67,1306.117,161.6436,8.77,0.003,0.122,8.5631,,,2026-08-14 01:24:48
河北省,海河流域,左卫桥,2026-08-14 01:00,5,22.29,8.38,8.17,792.699,2888.959,4.97,0.001,0.391,12.4751,,,2026-08-14 01:24:48
河北省,海河流域,四道甸,2026-08-14 01:00,2,23.42,8.34,7.79,400.674,78.77689,2.97,0.007,0.044,6.6361,,,2026-08-14 01:24:48
河北省,海河流域,上二道河子,2026-08-14 01:00,2,24.62,7.94,6.37,460.891,8.843012,2.48,0.001,,6.4631,,,2026-08-14 01:24:48
河北省,辽河流域,甸子,2026-08-14 01:00,2,20.09,7.78,6.93,349.76,33.3,2.56,0.005,0.079,6.159,,,2026-08-14 01:24:48
河北省,海河流域,何老营,2026-08-14 01:00,4,28.13659,8.03,5.77,4073.877,14.57766,6.88,,0.085,1.048981,,,2026-08-14 01:24:48
河北省,海河流域,大口河口,2026-08-14 01:00,3,27,8.1,5.16,9004.16,296.52,5.78,0.746,0.191,3.033,,,2026-08-14 01:24:48
河北省,海河流域,四埝村桥,2026-08-14 00:00,5,28.7,7.9,2.71,3592.078,30.452,6.36,0.425,0.186,1.777,,,2026-08-14 01:24:48
河北省,海河流域,大王务,2026-08-14 00:00,6,27.4,7.36,0.8,841.172,28.37961,8.22,,0.1,1.2151,,,2026-08-14 01:24:48
河北省,海河流域,杨洼闸,2026-08-14 00:00,3,27.87,7.32,,665.1,12.82,4.32,0.67,0.086,3.036,,,2026-08-14 01:24:48
河北省,海河流域,台头,2026-08-14 01:00,3,29.91681,7.56,5.17,647.335,24.22793,3.99,0.03,0.037,0.5781,,,2026-08-14 01:24:48
河北省,海河流域,桑梓红旗闸,2026-08-14 00:00,4,25.09761,7.57,4.79,417.462,111.0455,4.76,0.31,0.194,8.5731,,,2026-08-14 01:24:48
河北省,海河流域,三小营,2026-08-14 01:00,4,27.17712,7.16,3.49,340.7366,24.51819,4.02,0.778,0.237,2.502387,,,2026-08-14 01:24:48
河北省,海河流域,小范桥,2026-08-14 00:00,4,29.96,7.67,3.32,969.842,1.819,4.79,0.021,0.054,0.9421,,,2026-08-14 01:24:48
河北省,海河流域,衡水湖大湖心,2026-08-14 00:00,3,28.85,8.48,5.85,1410.806,10.398,5.53,0.033,0.026,0.771,0.033625,1.655671,2026-08-14 01:24:48
河北省,海河流域,南张村,2026-08-14 01:00,1,30,8.32,8.26,273.1,11.936,1.89,0.036,0.011,0.8809,,,2026-08-14 01:24:48
河北省,海河流域,安州,2026-08-14 00:00,-1,,,,,,,,,,,,2026-08-14 01:24:48
河北省,海河流域,膳马庙村北,2026-08-14 00:00,6,28.24,7.26,0.08,854.0195,15.2736,6.21,4.141,0.316,10.1676,,,2026-08-14 01:24:48
河北省,海河流域,烧车淀,2026-08-14 01:00,2,29.35,7.68,6.61,548.68,2.05,2.56,0.004,0.009,2.758,0.00228,2617405,2026-08-14 01:24:48
河北省,海河流域,圈头,2026-08-14 01:00,3,29.7,7.97,5.44,659.31,1.5344,4.09,,0.023,0.513,0.00285,3494477,2026-08-14 01:24:48
河北省,海河流域,采蒲台,2026-08-14 01:00,3,29.40199,7.64,5.94,715.2503,0.172588,2.2,,0.023,0.259328,0.003417,666155.4,2026-08-14 01:24:48
河北省,海河流域,光淀张庄,2026-08-14 01:00,5,29.61,7.48,2.96,594.57,4.98,2.47,0.084,0.026,1.659,0.00579,1481875,2026-08-14 01:24:48
山西省,黄河流域,韩武村,2026-08-14 01:00,6,27.03,7.64,3.26,1057.36,21.85,7.28,2.308,0.341,8.343,,,2026-08-14 01:24:48
山西省,黄河流域,上兰,2026-08-14 01:00,2,22.43,8.08,7.22,622.203,7.215998,1.53,0.006,,1.9121,,,2026-08-14 01:24:48
山西省,黄河流域,汾河水库出口,2026-08-14 01:00,2,25.91,8.29,8.76,698.192,4.55728,2.17,0.019,0.003,1.3881,0.0105727,299463,2026-08-14 01:24:48
山西省,海河流域,堡子湾,2026-08-14 01:00,3,19.14,8.27,6.83,768.425,192.6087,5.51,0.015,0.166,5.4631,,,2026-08-14 01:24:48
山西省,海河流域,册田水库出口,2026-08-14 01:00,4,19.63,7.82,4.25,1235.517,12.91581,3.37,0.082,0.173,1.2721,,,2026-08-14 01:24:48
山西省,海河流域,古家坡,2026-08-14 01:00,4,24.6,8.13,4.42,752.792,72.80143,7,0.01,0.213,2.5661,,,2026-08-14 01:24:48
山西省,海河流域,王家庄,2026-08-14 00:00,2,25.18,8.29,8.14,659.85,72.65,3.35,,0.071,1.969,,,2026-08-14 01:24:48
山西省,海河流域,司徒桥,2026-08-14 01:00,4,24.22,7.68,3.83,525.0109,57.4437,3.76,0.263,0.068,2.165,,,2026-08-14 01:24:48
山西省,海河流域,关河水库出口,2026-08-14 00:00,4,25.34,7.73,3.84,537.21,5.085,4.43,0.049,0.028,0.6153,,,2026-08-14 01:24:48
山西省,海河流域,北寨,2026-08-14 00:00,4,23.78,7.66,3.95,656.57,56.98,3.84,0.033,0.075,4.5843,,,2026-08-14 01:24:48
山西省,海河流域,后湾水库出口,2026-08-14 00:00,2,25.49,8.34,7.28,462.64,6.405,3.63,0.003,0.02,0.87,,,2026-08-14 01:24:48
山西省,黄河流域,龙头,2026-08-14 01:00,2,21.48,8.2,7.29,579.11,94.76,3.55,,0.04,3.3897,,,2026-08-14 01:24:48
山西省,黄河流域,拴驴泉,2026-08-14 01:00,4,19.16,8.22,8.19,680.4609,38.2068,4.32,1.42,0.034,5.9929,,,2026-08-14 01:24:48
山西省,黄河流域,张峰水库出口,2026-08-14 01:00,2,26.3223,8.18,7.83,528.5469,5.7373,2.09,0.006,0.004,,,,2026-08-14 01:24:48
山西省,海河流域,东榆林水库出口,2026-08-14 01:00,4,25.19,7.72,3.89,760.21,24.02839,3.28,0.37,0.07,2.1751,,,2026-08-14 01:24:48
山西省,黄河流域,杀虎口,2026-08-14 01:00,3,22.03,8.29,6.75,519.406,82.0632,4.69,0.015,0.065,1.3351,,,2026-08-14 01:24:48
山西省,海河流域,王寨村,2026-08-14 00:00,2,24.37,8.21,7.11,571.515,157.106,3.06,,0.066,3.726,,,2026-08-14 01:24:48
山西省,黄河流域,安固桥,2026-08-14 00:00,3,25.335,7.93,5.96,1228.477,113.9796,3.78,,0.118,5.3852,,,2026-08-14 01:24:48
山西省,黄河流域,王庄桥南,2026-08-14 00:00,4,26.55,8.25,8.56,1094.329,213.09,8.91,0.006,0.199,4.627,,,2026-08-14 01:24:48
山西省,黄河流域,郝村,2026-08-14 00:00,3,25.11,7.81,6.15,858.9355,52.8731,5.01,0.012,0.105,1.3964,,,2026-08-14 01:24:48
山西省,黄河流域,龙门,2026-08-14 00:00,2,26.48,8.42,7.56,889.0357,3327.016,2.97,,0.08,,,,2026-08-14 01:24:48
山西省,黄河流域,张留庄,2026-08-14 01:00,4,27.7,7.92,3.18,3301.252,128.388,6.43,0.961,0.216,8.172,,,2026-08-14 01:24:48
山西省,黄河流域,上亳城,2026-08-14 01:00,2,23.28,7.99,7.5,914.884,41.111,2.16,0.072,0.057,7.0651,,,2026-08-14 01:24:48
山西省,黄河流域,小韩村,2026-08-14 00:00,6,25.09,7.19,1.46,1680.91,58.723,4.58,0.728,0.279,5.695,,,2026-08-14 01:24:48
山西省,海河流域,梵王寺,2026-08-14 01:00,2,17.25,8.07,7.27,1219.288,83.7483,3.23,0.493,0.091,5.6751,,,2026-08-14 01:24:48
山西省,海河流域,代县桥,2026-08-14 01:00,3,22.2,8.54,7.54,704.418,263.0518,3.03,0.001,0.183,3.0791,,,2026-08-14 01:24:48
山西省,海河流域,定襄桥,2026-08-14 00:00,5,24.87,8.06,2.51,652.448,2514.478,11.78,0.001,0.358,,,,2026-08-14 01:24:48
山西省,海河流域,南庄,2026-08-14 00:00,4,24.43,8.13,7.38,542.687,1159.051,9.2,,0.269,11.1641,,,2026-08-14 01:24:48
山西省,海河流域,坪上桥,2026-08-14 01:00,2,20.91,8.19,7.79,378.88,92.03684,3.2,0.012,0.082,3.8791,,,2026-08-14 01:24:48
山西省,黄河流域,河西村,2026-08-14 01:00,4,23.11,8.27,6.86,546.9,302.81,3.64,,0.227,6.215,,,2026-08-14 01:24:48
山西省,黄河流域,上平望,2026-08-14 01:00,3,26.94,7.81,6.06,1092.3,337.33,5.01,0.121,0.084,5.578,,,2026-08-14 01:24:48
山西省,黄河流域,黑城村,2026-08-14 01:00,2,24.94,8.13,7.56,624.6571,3895.455,2.85,0.055,0.069,4.302,,,2026-08-14 01:24:48
山西省,黄河流域,曲立,2026-08-14 01:00,4,21.2,7.84,4.58,522.543,305.9629,5.01,0.025,0.3,4.5081,,,2026-08-14 01:24:48
山西省,黄河流域,裴家川口,2026-08-14 01:00,2,23.21,8.29,7.25,464.913,123.3679,1.67,0.011,0.031,3.4781,,,2026-08-14 01:24:48
山西省,黄河流域,碛口,2026-08-14 01:00,5,26.51,8.54,7.35,866.587,2749.337,5.44,0.025,0.336,16.3311,,,2026-08-14 01:24:48
山西省,黄河流域,裴沟,2026-08-14 01:00,3,24.01,8.15,7.19,468.931,3494.761,3.78,0.015,0.152,3.2611,,,2026-08-14 01:24:48
山西省,黄河流域,三川河两河口桥,2026-08-14 01:00,4,26.18,7.88,6.17,543.126,2030.823,7.06,0.635,0.297,4.7581,,,2026-08-14 01:24:48
山西省,黄河流域,碧村,2026-08-14 01:00,2,25.41,8.48,8.43,625.914,46.01817,2.67,0.022,0.032,5.3471,,,2026-08-14 01:24:48
山西省,黄河流域,北峪口,2026-08-14 01:00,2,21.93195,8.1,7.23,478.142,25.72904,2.04,0.018,0.001,2.0711,,,2026-08-14 01:24:48
山西省,黄河流域,南姚,2026-08-14 00:00,3,26.7,7.85,5.56,744.25,52.27,3.78,0.27,0.117,3.295,,,2026-08-14 01:24:48
内蒙古自治区,黄河流域,磴口,2026-08-14 00:00,2,24.14,8.34,7.72,949.6584,169.1028,1.11,0.021,0.024,1.86787,,,2026-08-14 01:24:48
内蒙古自治区,松花江流域,根河口内,2026-08-14 01:00,4,19.72,6.61,7.41,82.83,50.26,8.47,,0.055,0.446,,,2026-08-14 01:24:48
内蒙古自治区,松花江流域,陶海,2026-08-14 00:00,5,19.7,7.25,7.84,137.7,37.7,10.16,,0.089,0.61,,,2026-08-14 01:24:48
内蒙古自治区,松花江流域,嵯岗,2026-08-14 01:00,5,23.45,7.65,6.33,182.561,23.541,10.69,,0.094,0.543,,,2026-08-14 01:24:48
内蒙古自治区,松花江流域,成吉思汗,2026-08-14 01:00,2,20.82,7.22,8.08,142.56,15.76,2.68,,0.024,1.145,,,2026-08-14 01:24:48
内蒙古自治区,松花江流域,讷尔克气,2026-08-14 00:00,4,15.97,7.02,8.53,67.715,18.762,6.7,,0.03,0.321,,,2026-08-14 01:24:48
内蒙古自治区,黄河流域,总排干入黄口,2026-08-14 01:00,5,25.804,8.59,5.78,2879.39,281.151,7.75,1.785,0.194,2.9447,,,2026-08-14 01:24:48
内蒙古自治区,松花江流域,大山矿,2026-08-14 00:00,2,16,7.85,7.97,135.4,2,3.68,,0.03,0.327,,,2026-08-14 01:24:48
内蒙古自治区,松花江流域,察尔森水库西入口,2026-08-14 01:00,4,24.26,8.19,8.26,166.16,24.64,,,0.065,1.678,0.01548,5739760,2026-08-14 01:24:48
辽宁省,辽河流域,蒲河沿,2026-08-14 01:00,6,26.75,7.47,0.31,655.4,22,6.4,0.101,0.154,1.245,,,2026-08-14 01:24:48
辽宁省,辽河流域,于台,2026-08-14 01:00,3,23.75,6.99,5.13,735.502,16.182,3.52,0.377,0.074,6.546,,,2026-08-14 01:24:48
辽宁省,辽河流域,巨流河大桥,2026-08-14 01:00,4,25.78,8.17,8.04,511.7,111.4,6.74,,0.138,3.13,,,2026-08-14 01:24:48
辽宁省,辽河流域,兴国桥,2026-08-14 01:00,4,21.39,6.92,4.99,706.576,7.124,2.25,,0.029,2.487,,,2026-08-14 01:24:48
辽宁省,辽河流域,城子坦,2026-08-14 00:00,2,29.11374,8.77,8.64,248.6135,10.63365,3.16,0.018,0.049,1.54626,,,2026-08-14 01:24:48
辽宁省,辽河流域,麦家,2026-08-14 00:00,4,29.83,7.56,4.41,378.3,16.5,5,0.128,0.148,0.996,,,2026-08-14 01:24:48
辽宁省,辽河流域,复州湾大桥,2026-08-14 00:00,2,27.8236,8.04,6.45,551.827,4.25222,3.38,0.03,0.061,3.183,,,2026-08-14 01:24:48
辽宁省,辽河流域,三台子,2026-08-14 00:00,3,28.66375,8.23,8.83,901.6046,10.14399,4.48,0.022,0.057,2.61918,,,2026-08-14 01:24:48
辽宁省,辽河流域,万泰,2026-08-14 00:00,6,30.48,9.24,11.77,149.831,8.57213,3.12,0.03,0.019,2.40697,,,2026-08-14 01:24:48
辽宁省,辽河流域,小姐庙,2026-08-14 01:00,4,28.68,7.7,4.4,569,18.59,3.05,0.116,0.098,4.028,,,2026-08-14 01:24:48
辽宁省,辽河流域,口子街,2026-08-14 00:00,2,27.09,8.29,6.94,304.5,4.00163,2.32,0.095,0.021,2.498,,,2026-08-14 01:24:48
辽宁省,辽河流域,关门山大桥,2026-08-14 01:00,4,25.91,7.7,4.02,392.917,4.362,1.9,0.0004,0.019,4.84,,,2026-08-14 01:24:48
辽宁省,辽河流域,大伙房水库,2026-08-14 01:00,3,25.23,6.71,6.8,211.44,21.28,4.1,0.04,0.062,4.279,0.05238,,2026-08-14 01:24:48
辽宁省,辽河流域,戈布桥,2026-08-14 01:00,2,20.51,7.27,6.64,498.82,79.3,3.27,0.092,0.099,4.629,,,2026-08-14 01:24:48
辽宁省,辽河流域,北太子河入观音阁水库口,2026-08-14 01:00,2,25.755,7.68,7.19,261.0375,58.1488,2.01,0.017,0.016,6.277431,,,2026-08-14 01:24:48
辽宁省,辽河流域,老官砬子,2026-08-14 01:00,2,20.21,7.71,7.24,288.7,11.4,1.94,0.042,0.017,3.429,,,2026-08-14 01:24:48
辽宁省,辽河流域,兴安,2026-08-14 01:00,4,22.94,7.64,4.38,428.8,18.8,1.85,0.015,0.037,3.7357,,,2026-08-14 01:24:48
辽宁省,辽河流域,凤鸣电站,2026-08-14 00:00,2,20.68,7.66,6.87,211.67,24.923,2.16,0.033,0.038,2.886,,,2026-08-14 01:24:48
辽宁省,辽河流域,南太子河入库口,2026-08-14 00:00,3,25.76,7.38,5.93,190.8,2.24,0.62,0.006,0.007,5.911,,,2026-08-14 01:24:48
辽宁省,辽河流域,蒲石河大桥,2026-08-14 00:00,1,27.52,7.69,7.95,214.52,2.288,1.28,0.039,0.016,3.3,,,2026-08-14 01:24:48
辽宁省,辽河流域,王家沟,2026-08-14 00:00,2,25.79,8.02,6.86,692.84,15.47,3.08,,0.044,5.052,,,2026-08-14 01:24:48
辽宁省,辽河流域,张家堡,2026-08-14 01:00,3,26.93,8.12,6.19,639.75,39.97,4.2,0.013,0.061,5.138,,,2026-08-14 01:24:48
辽宁省,辽河流域,女儿河入河口,2026-08-14 00:00,2,27.83,8.12,11.06,779.89,17.72,1.93,0.002,0.039,7.558,,,2026-08-14 01:24:48
辽宁省,辽河流域,何家信子,2026-08-14 00:00,2,26.98,8.02,8.62,462.6,8.28,3.56,0.115,0.03,1.458,,,2026-08-14 01:24:48
辽宁省,辽河流域,高台子,2026-08-14 00:00,6,20.85,7.57,0.06,872.357,55.025,,3.864,0.176,17.561,,,2026-08-14 01:24:48
辽宁省,辽河流域,茧场,2026-08-14 00:00,2,27.92,8.05,6.9,273.8342,10.28641,2.04,0.006,0.01,3.0712,,,2026-08-14 01:24:48
辽宁省,辽河流域,大清河口,2026-08-14 00:00,6,29.52,9.06,19.02,469.61,17.647,6.52,0.105,0.08,3.539,,,2026-08-14 01:24:48
辽宁省,辽河流域,下口子,2026-08-14 00:00,2,23,7.96,7.3,492.6,68.63,2.94,0.04,0.083,3.883,,,2026-08-14 01:24:48
辽宁省,辽河流域,河洪桥,2026-08-14 00:00,3,27.1813,8.18,7.49,825.189,19.7288,5.61,0.095,0.133,5.368,,,2026-08-14 01:24:48
辽宁省,辽河流域,二道河水库口,2026-08-14 00:00,3,22.2087,7.9,5.6,417.945,2.66076,1.19,0.002,0.007,3.278,,,2026-08-14 01:24:48
辽宁省,辽河流域,下王家,2026-08-14 00:00,2,26.8226,7.49,6.11,454.154,17.2591,2.12,,0.035,4.677,,,2026-08-14 01:24:48
辽宁省,辽河流域,汤河桥,2026-08-14 01:00,2,26.38,7.6,6.81,515.2,7.22711,0.97,0.019,0.025,3.505,,,2026-08-14 01:24:48
辽宁省,辽河流域,下达河入汤河水库口,2026-08-14 00:00,3,23.8106,7.81,5.52,458.483,6.179,1.75,0.015,0.024,3.096,,,2026-08-14 01:24:48
辽宁省,辽河流域,丁家柳河桥,2026-08-14 00:00,3,27.57,8.17,6.7,500.007,117.967,5.92,0.036,0.142,2.561,,,2026-08-14 01:24:48
辽宁省,辽河流域,盘锦兴安,2026-08-14 01:00,4,24.82,8.12,6.82,506.88,188.5,7.76,,0.163,4.314,,,2026-08-14 01:24:48
辽宁省,辽河流域,胜利塘,2026-08-14 00:00,6,27.29,7.65,1.43,1104.84,40.37,7.45,0.152,0.122,1.51,,,2026-08-14 01:24:48
辽宁省,辽河流域,鲜峰桥,2026-08-14 01:00,3,28.45,8.46,,590.728,13.338,5.49,0.006,0.109,7.816,,,2026-08-14 01:24:48
辽宁省,辽河流域,清辽,2026-08-14 01:00,2,23.712,7.66,6.48,458.7,5.5,2.52,,0.057,6.765,,,2026-08-14 01:24:48
辽宁省,辽河流域,通江口,2026-08-14 01:00,5,26.52,7.76,10.69,537.69,61.17,13.43,0.002,0.165,2.84,,,2026-08-14 01:24:48
辽宁省,辽河流域,珠尔山,2026-08-14 01:00,3,25.63,7.72,7.77,436.08,100.52,5.91,,0.137,3.412,,,2026-08-14 01:24:48
辽宁省,辽河流域,凡河一号桥,2026-08-14 01:00,3,25.87,7.83,7.77,273.9,97.4,3.29,,0.106,5.789,,,2026-08-14 01:24:48
辽宁省,辽河流域,松树水文站,2026-08-14 01:00,3,25.43,8.19,9.57,467.5,23.7,4.04,,0.062,7.673,,,2026-08-14 01:24:48
辽宁省,辽河流域,亮子河入河口,2026-08-14 00:00,3,25.04,7.81,6.05,606.52,22.64,4.51,0.085,0.167,3.58,,,2026-08-14 01:24:48
辽宁省,辽河流域,清河水库入库口,2026-08-14 00:00,2,21.74,7.61,7.13,308.31,49.01,2.26,,0.057,5.98,,,2026-08-14 01:24:48
辽宁省,辽河流域,凌鸿大桥,2026-08-14 01:00,2,27.29,8.2,8.03,761.6,16.9,2.04,,0.033,10.689,,,2026-08-14 01:24:48
辽宁省,辽河流域,大凌河西支入河口,2026-08-14 01:00,2,20.27,8.07,7.01,955.25,27.994,2.68,,0.066,20.166,,,2026-08-14 01:24:48
辽宁省,辽河流域,李家湾大桥,2026-08-14 00:00,2,17.7,7.58,6.59,528.8,27,0.29,,0.028,4.102,,,2026-08-14 01:24:48
辽宁省,辽河流域,王家窝棚,2026-08-14 01:00,3,23.73,7.46,6.21,543,8.8,2.21,,0.118,4.91,,,2026-08-14 01:24:48
辽宁省,辽河流域,红石碑入海前,2026-08-14 00:00,3,27.92,8.01,10.76,1017.02,25.208,4.35,0.132,0.08,4.004,,,2026-08-14 01:24:48
辽宁省,辽河流域,小渔场,2026-08-14 00:00,5,27.35,7.48,2.74,21723.8,4.221,2,0.093,0.03,4.053,,,2026-08-14 01:24:48
吉林省,松花江流域,靠山南楼,2026-08-14 01:00,4,25.98,7.98,6.09,616.85,47.58,8.62,0.345,0.228,3.063,,,2026-08-14 01:24:48
吉林省,松花江流域,砖瓦窑桥,2026-08-14 00:00,4,19.57,7.76,4.78,479.66,49.95,4.96,0.009,0.192,1.377,,,2026-08-14 01:24:48
吉林省,松花江流域,镇江口,2026-08-14 00:00,3,22.85,7.53,7.16,228.9,120.24,5.54,,0.154,3.92,,,2026-08-14 01:24:48
吉林省,松花江流域,饮马河大桥,2026-08-14 00:00,4,22.3,6.93,4.93,236.04,68.84,3.55,,0.088,2.709,,,2026-08-14 01:24:48
吉林省,松花江流域,白旗,2026-08-14 00:00,3,20.993,7.1,7.63,185.637,161.348,5.68,0.154,0.184,7.2959,,,2026-08-14 01:24:48
吉林省,松花江流域,白山大桥,2026-08-14 01:00,3,12.69,6.96,7.15,123.272,31.201,5.34,0.011,0.038,1.91,,,2026-08-14 01:24:48
吉林省,松花江流域,福兴,2026-08-14 00:00,3,26.57,8.6,9.42,304.956,47.957,4.6,0.071,0.084,3.458,,,2026-08-14 01:24:48
吉林省,松花江流域,桦树林,2026-08-14 01:00,4,21.95,7.78,9.54,198.338,50.42,6.37,0.027,0.078,2.833,0.0152,741376,2026-08-14 01:24:48
吉林省,松花江流域,官厅桥,2026-08-14 00:00,3,25.32,7.34,6.99,228,22.024,4.1,0.082,0.092,3.68,,,2026-08-14 01:24:48
吉林省,松花江流域,烟筒山,2026-08-14 00:00,2,25.43,7.62,6.66,314.615,32.997,3.63,0.033,0.073,3.466,,,2026-08-14 01:24:48
吉林省,辽河流域,城子上,2026-08-14 00:00,3,24.72,7.77,7.13,510.24,35.3,4.62,0.014,0.066,2.086,,,2026-08-14 01:24:48
吉林省,辽河流域,六家子,2026-08-14 01:00,3,21.41,7.8,7.97,766.5,43.1,3.18,0.056,0.16,8.6258,,,2026-08-14 01:24:48
吉林省,辽河流域,林家,2026-08-14 01:00,4,24,8.02,8.29,1025.5,30.2,7.21,0.03,0.127,6.941,,,2026-08-14 01:24:48
吉林省,辽河流域,河清,2026-08-14 01:00,3,19.55,7.63,5.42,674,27.67,3.52,,0.053,4.77,,,2026-08-14 01:24:48
吉林省,辽河流域,民主,2026-08-14 00:00,2,26.608,7.88,6.21,298.6,13,2.97,0.016,0.027,2.962,,,2026-08-14 01:24:48
吉林省,松花江流域,高集岗桥,2026-08-14 00:00,3,24.96,7.61,7.11,272.8,58.351,4.54,0.019,0.056,3.866,,,2026-08-14 01:24:48
吉林省,辽河流域,云峰,2026-08-14 01:00,3,19.569,7.11,5.06,124.508,28.6005,2.27,0.028,0.021,2.019,,,2026-08-14 01:24:48
吉林省,辽河流域,老虎哨,2026-08-14 01:00,2,22.939,7.37,6.55,112.983,18.0745,2.97,0.036,0.011,2.239,,,2026-08-14 01:24:48
吉林省,辽河流域,鸠谷,2026-08-14 01:00,2,16.8,7.6,8.89,137,21.1,2.24,0.064,0.056,1.23,,,2026-08-14 01:24:48
吉林省,辽河流域,葫芦套,2026-08-14 00:00,2,27.03,8.37,7.95,127.819,23.754,2.71,0.018,0.035,0.898,,,2026-08-14 01:24:48
吉林省,辽河流域,大阳岔,2026-08-14 00:00,2,10.79,7.91,7.38,301.014,2.338,0.53,0.0003,0.015,1.492,,,2026-08-14 01:24:48
吉林省,松花江流域,松林,2026-08-14 01:00,3,24.31,6.78,7.68,192.52,44.42,4.64,0.182,0.14,3.567,,,2026-08-14 01:24:48
吉林省,松花江流域,白沙滩,2026-08-14 01:00,4,23.79,7.59,7.11,140.02,60.11,7.51,0.195,0.129,1.875,,,2026-08-14 01:24:48
吉林省,松花江流域,月亮湖下,2026-08-14 01:00,4,25.2,7.6,6.02,162.26,89.46,6.21,,0.113,1.644,,,2026-08-14 01:24:48
吉林省,松花江流域,崇善,2026-08-14 00:00,4,18.96,7.57,9.39,83.187,42.613,6.68,0.02,0.126,1.079,,,2026-08-14 01:24:48
吉林省,松花江流域,石井,2026-08-14 00:00,2,23.44,7.96,7.71,251.786,33.639,3.41,0.011,0.079,1.427,,,2026-08-14 01:24:48
吉林省,松花江流域,三家子,2026-08-14 00:00,4,21.78,7.41,8.4,98.534,60.167,6.13,0.029,0.065,1.161,,,2026-08-14 01:24:48
吉林省,松花江流域,建封路大桥,2026-08-14 00:00,2,14.33,7.72,8.96,204.6,15.698,1.68,0.033,0.073,0.805,,,2026-08-14 01:24:48
黑龙江省,松花江流域,苗家,2026-08-14 00:00,4,26.1,7.43,7.39,167.7,124.2,6.73,0.075,0.221,2.782,,,2026-08-14 01:24:48
黑龙江省,松花江流域,磨盘山水库出口,2026-08-14 01:00,4,24.96,8.12,9.49,66.48,4.997,6.07,0.029,0.034,2.018,0.0053,21888,2026-08-14 01:24:48
黑龙江省,松花江流域,阿什河口内,2026-08-14 00:00,6,25.136,6.95,0.64,465.69,27.21,5.48,1.342,0.259,4.187,,,2026-08-14 01:24:48
黑龙江省,松花江流域,呼兰河口内,2026-08-14 01:00,4,22.99,6.78,6.76,186.27,182.65,9.84,0.159,0.228,1.703,,,2026-08-14 01:24:48
黑龙江省,松花江流域,大顶子山,2026-08-14 00:00,4,27.0412,7.24,4.29,197.848,98.8127,6.66,0.13,0.11,7.246,,,2026-08-14 01:24:48
黑龙江省,松花江流域,查哈阳乡,2026-08-14 01:00,3,21.4,7.54,8.39,101.7,36,5.22,,0.052,0.612,,,2026-08-14 01:24:48
黑龙江省,松花江流域,音河水库,2026-08-14 01:00,4,23.8,7.54,6.96,212.57,232.8,6.54,,0.158,2.51,,,2026-08-14 01:24:48
黑龙江省,松花江流域,浏园,2026-08-14 00:00,4,23.57,7.29,6.28,152.5,112.5,8.09,,0.111,3.019,,,2026-08-14 01:24:48
黑龙江省,松花江流域,江桥,2026-08-14 01:00,4,24.84,7.69,7.08,159.329,94.407,6.19,,0.081,3.884,,,2026-08-14 01:24:48
黑龙江省,松花江流域,富源村,2026-08-14 01:00,5,22.47,7.32,6.76,97.1,26.81,10.97,0.009,0.081,0.991,,,2026-08-14 01:24:48
黑龙江省,松花江流域,名山,2026-08-14 00:00,5,21.942,7.58,8.13,116.655,39.204,10.62,0.052,0.044,0.569,,,2026-08-14 01:24:48
黑龙江省,松花江流域,饶河上,2026-08-14 00:00,5,23.37,6.94,3.7,69.5,35.839,10.69,0.033,0.079,1.264,,,2026-08-14 01:24:48
黑龙江省,松花江流域,挠力河口内,2026-08-14 00:00,4,26.349,7.32,5.83,210.493,38.033,7.24,0.057,0.156,0.646,,,2026-08-14 01:24:48
黑龙江省,松花江流域,肇源,2026-08-14 01:00,4,25.49,7.69,6.37,208.85,66.73,7.52,0.296,0.15,0.965,,,2026-08-14 01:24:48
黑龙江省,松花江流域,嫩江口内,2026-08-14 01:00,4,25.3,7.57,7.02,161.231,146.022,6.96,,0.129,2.061,,,2026-08-14 01:24:48
黑龙江省,松花江流域,友好,2026-08-14 00:00,6,20.55,7.01,8.02,86.251,19.462,16.68,0.019,0.075,1.851,,,2026-08-14 01:24:48
黑龙江省,松花江流域,嘉荫,2026-08-14 01:00,5,21.06,7.3,9.08,107.59,30.879,12.68,0.027,0.052,0.672,,,2026-08-14 01:24:48
黑龙江省,松花江流域,双河渠首,2026-08-14 01:00,4,20.18,6.89,7.89,128.3,42.8,6.36,0.05,0.099,3.16,,,2026-08-14 01:24:48
黑龙江省,松花江流域,海浪,2026-08-14 01:00,4,23.62,7.11,8.38,110.5,91.75,6.71,0.058,0.1,3.559,,,2026-08-14 01:24:48
黑龙江省,松花江流域,三道,2026-08-14 00:00,5,24.06,7.09,6.55,112.34,160.06,7.32,0.094,0.156,3.57,0.075195,32128,2026-08-14 01:24:48
黑龙江省,松花江流域,电视塔,2026-08-14 00:00,5,24.82,6.88,5.15,96.4,115.695,9.07,0.062,0.157,3.138,0.00278,13184,2026-08-14 01:24:48
黑龙江省,松花江流域,黑河下,2026-08-14 01:00,5,20.2,7.67,7.7,127.3987,31.745,12.31,0.013,0.06,0.5316,,,2026-08-14 01:24:48
黑龙江省,松花江流域,呼玛上,2026-08-14 01:00,5,20.051,7.25,8.51,129.151,23.421,12.83,0.05,0.101,1.098,,,2026-08-14 01:24:48
黑龙江省,松花江流域,呼玛河口内,2026-08-14 00:00,4,19.14,7.38,9.31,68.233,4.15,6.22,0.017,0.027,0.21,,,2026-08-14 01:24:48
黑龙江省,松花江流域,加格达奇上,2026-08-14 01:00,4,14.87,6.87,8.75,62.777,16.8696,6.2,,0.024,0.32,,,2026-08-14 01:24:48
上海市,长江流域,富锦路桥,2026-08-14 01:00,6,28.7,7.37,1.17,410.3,31.5,3.7,0.484,0.229,2.516,,,2026-08-14 01:24:48
上海市,太湖流域,明星路桥,2026-08-14 00:00,5,27.49,6.71,4.96,264.6986,90.27052,4.81,0.256,0.322,2.46184,,,2026-08-14 01:24:48
上海市,太湖流域,临江,2026-08-14 01:00,5,27.96,7.18,2.53,364.23,49.26,3.86,0.282,0.205,2.395,,,2026-08-14 01:24:48
上海市,太湖流域,闵行西界,2026-08-14 01:00,5,28.1,7.01,2.91,352.01,40.47,4.21,0.196,0.199,2.204,,,2026-08-14 01:24:48
上海市,太湖流域,吴淞口,2026-08-14 01:00,4,28.164,7.58,4.46,360.462,97.563,4.12,0.201,0.216,2.921,,,2026-08-14 01:24:48
上海市,太湖流域,黄渡,2026-08-14 01:00,6,27.32,7.11,1.69,345.8,27.61,3.84,0.8,0.328,3.153,,,2026-08-14 01:24:48
上海市,太湖流域,三甲港,2026-08-14 00:00,5,28.22,7.34,2.94,368.9,74.11,4.77,0.485,0.277,2.324,,,2026-08-14 01:24:48
上海市,太湖流域,二团,2026-08-14 01:00,4,27.07,7.35,3.46,409.62,42.43,4.29,0.13,0.282,2.979,,,2026-08-14 01:24:48
上海市,太湖流域,横潦泾,2026-08-14 01:00,6,27.82,6.99,1.44,298.34,55,5.38,0.479,0.322,3.121,,,2026-08-14 01:24:48
上海市,太湖流域,斜塘口,2026-08-14 01:00,5,28.1,7.12,2.71,337.24,31.35,4.01,0.065,0.132,2.355,,,2026-08-14 01:24:48
上海市,太湖流域,急水港桥,2026-08-14 01:00,5,27.1,7.23,2.39,416.5,22.9,3.34,0.219,0.119,1.511,0.0033,2200868,2026-08-14 01:24:48
上海市,太湖流域,淀峰,2026-08-14 01:00,3,28.2,7.48,5.08,436.93,61.07,3.9,,0.153,1.535,,,2026-08-14 01:24:48
上海市,太湖流域,太浦河桥,2026-08-14 01:00,5,28.03,7.12,2.85,367.6,30.4,3.75,0.245,0.119,2.097,,,2026-08-14 01:24:48
上海市,太湖流域,钱桥,2026-08-14 01:00,6,27.5,7.26,1.77,399.2,26.6,4.7,0.482,0.295,2.792,,,2026-08-14 01:24:48
上海市,长江流域,七效港西桥,2026-08-14 01:00,3,24.36,7.11,5.98,600.85,140.18,4.57,0.615,0.162,2.16,,,2026-08-14 01:24:48
上海市,长江流域,五效,2026-08-14 01:00,3,27.84,7.49,5.66,393.79,35.73,2.31,0.138,0.101,1.654,,,2026-08-14 01:24:48
江苏省,长江流域,陈浅,2026-08-14 01:00,3,23.71,8.24,8.53,,0.03,4.5,0.324,0.172,1.119,,,2026-08-14 01:24:48
江苏省,长江流域,七桥瓮,2026-08-14 00:00,5,26.98,6.99,2.14,345.38,47.14,4.78,0.668,0.137,2.146,,,2026-08-14 01:24:48
江苏省,长江流域,节制闸,2026-08-14 00:00,5,26.2,7.18,2.73,339.42,32.57,5.7,0.608,0.131,2.433,,,2026-08-14 01:24:48
江苏省,长江流域,钱家渡,2026-08-14 00:00,3,29,7.67,5.85,290.62,51.61,4.63,0.095,0.098,1.144,,,2026-08-14 01:24:48
江苏省,太湖流域,锡东水厂,2026-08-14 01:00,4,27.19,8.18,7.17,413.01,58.64,2.72,0.035,0.055,0.91,0.0039,4818740,2026-08-14 01:24:48
江苏省,太湖流域,蠡桥,2026-08-14 00:00,4,27.08,7.32,3.07,425.42,6.45,2.26,1.196,0.167,4.818,,,2026-08-14 01:24:48
江苏省,太湖流域,百渎港桥,2026-08-14 00:00,4,27.44,7.14,3.16,352.5,63.56,4.55,0.309,0.162,2.376,,,2026-08-14 01:24:48
江苏省,太湖流域,殷村港桥,2026-08-14 01:00,5,27.21,6.98,2.34,300.56,68.29,5.02,0.454,0.187,2.354,,,2026-08-14 01:24:48
江苏省,太湖流域,大浦港桥,2026-08-14 01:00,5,27.58,7.06,2.3,298.1,54.1,4.43,0.4,0.127,2.652,,,2026-08-14 01:24:48
江苏省,太湖流域,拖山,2026-08-14 01:00,5,27.52,8.07,6.87,385.9,70.25,4.47,0.15,0.107,1.327,0.00781,1.452662,2026-08-14 01:24:48
江苏省,太湖流域,五里湖心,2026-08-14 01:00,4,27.47,7.76,6.56,426.07,26.03793,3.18,0.235,0.1,0.87,0.00317,6003807,2026-08-14 01:24:48
江苏省,太湖流域,金潼桥,2026-08-14 00:00,6,27.07,7.25,1.14,371.3,30.88,4.9,1.63,0.259,3.939,,,2026-08-14 01:24:48
江苏省,太湖流域,大港桥,2026-08-14 01:00,2,23.9,6.32,7.35,107.64,2.15,0.95,0.06,0.023,4.303,,,2026-08-14 01:24:48
江苏省,太湖流域,长济桥,2026-08-14 00:00,4,28.28,7.41,3.42,379.7,24.68,,0.071,0.124,2.016,,,2026-08-14 01:24:48
江苏省,太湖流域,钓邾大桥,2026-08-14 00:00,4,27.55,7.41,4.82,481.63,21.4,3.48,0.741,0.166,3.304,,,2026-08-14 01:24:48
江苏省,长江流域,小湾,2026-08-14 01:00,3,28.8,7.7,5.46,308.66,34.82,2.06,0.015,0.082,1.839,,,2026-08-14 01:24:48
江苏省,淮河流域,港上桥,2026-08-14 00:00,3,28.78,7.73,5.14,435.4,8.25,4.86,0.045,0.045,2.661,,,2026-08-14 01:24:48
江苏省,淮河流域,李庄,2026-08-14 00:00,4,30.07,7.9,4.39,601.2,10,4.88,0.104,0.204,4.101,,,2026-08-14 01:24:48
江苏省,淮河流域,李集桥,2026-08-14 00:00,4,28.8,7.87,3.13,1409.04,3.45,5.07,0.056,0.068,0.842,,,2026-08-14 01:24:48
江苏省,淮河流域,华山闸,2026-08-14 00:00,3,28.14,8.43,6.2,1128.8,11.79,4.61,0.01,0.063,0.756,,,2026-08-14 01:24:48
江苏省,淮河流域,沙庄桥,2026-08-14 01:00,4,29.5,7.73,4.18,979.5,26.3,7.19,0.485,0.113,2.408,,,2026-08-14 01:24:48
江苏省,淮河流域,张楼,2026-08-14 00:00,4,29.126,7.6,4.48,1260.695,14.07,3.72,0.231,0.077,,,,2026-08-14 01:24:48
江苏省,淮河流域,沙集西闸,2026-08-14 00:00,4,29.43,7.46,3.35,1231.56,30.03,3.65,0.209,0.1,1.321,,,2026-08-14 01:24:48
江苏省,淮河流域,艾山西大桥,2026-08-14 00:00,4,27.913,8.05,7.01,995.011,16.465,6.25,0.044,0.237,5.875,,,2026-08-14 01:24:48
江苏省,淮河流域,下楼公路桥,2026-08-14 00:00,4,28.07,7.41,5.57,1105.36,14.58,6.09,0.102,0.205,1.4401,,,2026-08-14 01:24:48
江苏省,长江流域,魏村,2026-08-14 01:00,3,28.64,7.53,5.02,308.97,35.85,1.92,,0.088,1.869,,,2026-08-14 01:24:48
江苏省,太湖流域,姚巷桥,2026-08-14 01:00,5,27.76,7.15,2.26,369.27,14.08,3.66,0.54,0.235,4.8,,,2026-08-14 01:24:48
江苏省,太湖流域,黄埝桥,2026-08-14 00:00,5,26.57,7.16,2.2,353.4,26.4,5.61,0.889,0.17,3.189,,,2026-08-14 01:24:48
江苏省,太湖流域,落蓬湾,2026-08-14 00:00,4,30.11,7.24,3.81,275.6,22.7,4.48,0.34,0.09,1.466,,,2026-08-14 01:24:48
江苏省,太湖流域,九号桥,2026-08-14 00:00,6,26.84,7.13,0.96,423.9,22,3.03,1.198,0.208,3.437,,,2026-08-14 01:24:48
江苏省,太湖流域,胥湖心,2026-08-14 01:00,1,28.06,8.92,9.33,329.44,8.94,1.32,,0.01,0.144,0.0007,311705.7,2026-08-14 01:24:48
江苏省,太湖流域,乌龟山南,2026-08-14 01:00,4,27.58,8.09,7.34,409.602,68.048,2.47,,0.081,0.701,0.0024,6857902,2026-08-14 01:24:48
江苏省,太湖流域,望亭上游,2026-08-14 00:00,4,27.61,7.38,4.47,409.39,13.19,3.36,0.47,0.158,2.882,,,2026-08-14 01:24:48
江苏省,太湖流域,千灯浦口,2026-08-14 01:00,4,27.17,7.3,3.46,460.296,39.305,3.78,0.377,0.141,1.5015,,,2026-08-14 01:24:48
江苏省,太湖流域,朱厍港口,2026-08-14 01:00,4,27.1,7.33,3.66,502.1,47.6,3.55,0.08,0.143,1.198,,,2026-08-14 01:24:48
江苏省,太湖流域,江边闸,2026-08-14 00:00,4,26.62,7.38,3.69,420.3,65.42,3.75,0.402,0.166,2.612,,,2026-08-14 01:24:48
江苏省,太湖流域,瓜泾口西,2026-08-14 00:00,5,28.68,7.13,2.18,379.8,8.99,3.71,0.718,0.144,1.97,,,2026-08-14 01:24:48
江苏省,太湖流域,航管站,2026-08-14 01:00,3,28.74,7.48,5.01,384.01,10.92,2.89,0.415,0.107,2.53,,,2026-08-14 01:24:48
江苏省,太湖流域,越溪桥,2026-08-14 01:00,6,27.44,7.14,0.84,379.2,18.3,3.18,0.602,0.146,3.6,,,2026-08-14 01:24:48
江苏省,太湖流域,312国道桥,2026-08-14 00:00,3,27.3,8.14,7.21,401.77,48.79,2.88,0.06,0.156,0.824,,,2026-08-14 01:24:48
江苏省,太湖流域,赵屯,2026-08-14 01:00,6,27.19,7.13,1.84,421.614,25.8,3.6,0.605,0.22,2.1056,,,2026-08-14 01:24:48
江苏省,淮河流域,东安闸桥西,2026-08-14 01:00,4,27.15,7.52,4.54,1060.7,57.77,4.91,0.558,0.255,2.487,,,2026-08-14 01:24:48
江苏省,长江流域,九圩港桥,2026-08-14 01:00,4,27.81,7.63,4.3,394.2,22.86,2.6,0.15,0.149,1.392,,,2026-08-14 01:24:48
江苏省,长江流域,碾砣港闸,2026-08-14 00:00,6,26.48,7.4,2.01,459.1,159.76,5.35,1.29,0.429,3.674,,,2026-08-14 01:24:48
江苏省,长江流域,聚南大桥,2026-08-14 01:00,5,28.81,7.55,2.17,853.2,4.98,5.34,0.225,0.148,1.2,,,2026-08-14 01:24:48
江苏省,长江流域,大洋港桥,2026-08-14 00:00,4,27.56,7.7,3.74,731.4,42.05,2.74,0.072,0.201,2.032,,,2026-08-14 01:24:48
江苏省,长江流域,塘芦港闸,2026-08-14 01:00,4,27.745,7.81,4.5,2016.51,16.577,4.63,0.305,0.195,1.718,,,2026-08-14 01:24:48
江苏省,淮河流域,小洋口,2026-08-14 00:00,5,25.27,7.6,4.97,1026.3,29.45,6.15,1.626,0.397,3.488,,,2026-08-14 01:24:48
江苏省,淮河流域,环东闸口,2026-08-14 00:00,5,27.61,7.54,3.13,856.6,65.32,6.36,1.148,0.379,3.343,,,2026-08-14 01:24:48
江苏省,淮河流域,北凌新闸,2026-08-14 00:00,6,26.13,7.43,1.38,1054,20.08,8.58,1.461,0.468,4.65,,,2026-08-14 01:24:48
江苏省,淮河流域,新浦大桥,2026-08-14 01:00,4,29.314,7.52,4.49,818.702,13.961,4.52,0.126,0.152,1.888,,,2026-08-14 01:24:48
江苏省,淮河流域,善后河闸,2026-08-14 01:00,4,29.36,7.73,4.87,956.435,28.287,4.7,0.029,0.262,2.443,,,2026-08-14 01:24:48
江苏省,淮河流域,灌河大桥,2026-08-14 01:00,4,29.21,7.61,3.22,900.9,201.3,6.38,0.082,0.295,6.936,,,2026-08-14 01:24:48
江苏省,淮河流域,新村桥,2026-08-14 01:00,4,29.693,7.35,3.76,835.39,26.66,7.08,0.063,0.19,3.154,,,2026-08-14 01:24:48
江苏省,淮河流域,沭南闸,2026-08-14 01:00,4,28.889,7.7,4.14,619.14,1.36,7.81,0.047,0.122,4.193,,,2026-08-14 01:24:48
江苏省,淮河流域,袁闸,2026-08-14 01:00,4,24.86,7.46,3.01,632.6,85.08,5.16,0.102,0.141,1.204,,,2026-08-14 01:24:48
江苏省,淮河流域,墩尚水漫桥,2026-08-14 01:00,6,26.792,7.4,0.2,604.745,22.423,4.96,0.037,0.071,2.498,,,2026-08-14 01:24:48
江苏省,淮河流域,烧香北闸,2026-08-14 01:00,4,27.973,8.24,7.44,2435.68,,6.52,0.053,0.181,2.939,,,2026-08-14 01:24:48
江苏省,淮河流域,大浦闸,2026-08-14 01:00,3,29.692,7.32,8.13,1352.66,17.5,4.35,0.216,0.096,6.948,,,2026-08-14 01:24:48
江苏省,淮河流域,大板跳闸,2026-08-14 01:00,4,27.89,8.15,7.87,4832.73,43.19,6.38,0.033,0.068,7.222,,,2026-08-14 01:24:48
江苏省,淮河流域,海头大桥,2026-08-14 01:00,4,26.96,7.76,4.38,651.37,30.18,5.43,0.21,0.27,2.789,,,2026-08-14 01:24:48
江苏省,淮河流域,坝头桥,2026-08-14 01:00,3,28.907,8.45,8.58,443.16,13.75,5.07,0.003,0.05,0.919,,,2026-08-14 01:24:48
江苏省,淮河流域,郑园桥,2026-08-14 01:00,4,27.34,7.58,4.95,718.503,22.032,5.13,0.267,0.161,2.337,,,2026-08-14 01:24:48
江苏省,淮河流域,四队桥,2026-08-14 01:00,6,29.4,7.6,1.14,1050.32,72.39,6.76,0.04,0.186,3.095,,,2026-08-14 01:24:48
江苏省,淮河流域,新浦二桥,2026-08-14 01:00,4,28.381,7.33,4.69,986.754,16.92,5.61,0.05,0.187,3.571,,,2026-08-14 01:24:48
江苏省,淮河流域,淮河大桥,2026-08-14 00:00,4,27.96,7.47,4.93,538,107.2,4.39,0.189,0.14,2.478,,,2026-08-14 01:24:48
江苏省,淮河流域,五叉河口,2026-08-14 00:00,3,26.8,7.86,5.54,624.345,103.507,4.69,0.14,0.096,1.911,,,2026-08-14 01:24:48
江苏省,淮河流域,总渠苏嘴,2026-08-14 01:00,3,23.64,7.57,5.8,467.4,267.48,5.26,0.201,0.078,3.178,,,2026-08-14 01:24:48
江苏省,淮河流域,唐曹,2026-08-14 00:00,4,24.98,7.38,4.06,534.3,155.5,5.15,0.336,0.247,0.076,,,2026-08-14 01:24:48
江苏省,淮河流域,新洋港闸,2026-08-14 01:00,6,28.33,7.45,0.82,809.08,23.83,5.64,0.298,0.17,2.112,,,2026-08-14 01:24:48
江苏省,淮河流域,富民桥,2026-08-14 01:00,6,27.26,7.08,4.41,665.39,27.88,0.13,0.024,0.88,1.817,,,2026-08-14 01:24:48
江苏省,淮河流域,龙冈凤凰桥,2026-08-14 01:00,5,28.22,7.33,2.06,577.29,25.49,5.78,0.34,0.133,1.864,,,2026-08-14 01:24:48
江苏省,淮河流域,六垛闸,2026-08-14 01:00,4,27.678,7.51,4.78,494.97,182.05,4.29,0.104,0.239,2.414,,,2026-08-14 01:24:48
江苏省,淮河流域,泰东大桥,2026-08-14 01:00,5,27.09,7.34,2.45,427.95,5.89,3.63,0.565,0.147,1.997,,,2026-08-14 01:24:48
江苏省,淮河流域,城北大桥,2026-08-14 01:00,6,29.987,7.39,1.3,746.71,25.18,7.3,0.85,0.221,2.68,,,2026-08-14 01:24:48
江苏省,淮河流域,草堰大桥,2026-08-14 01:00,6,27.737,7.42,1.84,580.296,50.425,5.75,0.671,0.207,2.883,,,2026-08-14 01:24:48
江苏省,淮河流域,射阳河闸,2026-08-14 01:00,4,28.87,7.34,3.63,781.18,28.36,6.82,0.013,0.154,2.312,,,2026-08-14 01:24:48
江苏省,淮河流域,黄沙港闸,2026-08-14 01:00,5,28.68,7.4,2.48,726.13,22.39,7.6,0.516,0.2,1.938,,,2026-08-14 01:24:48
江苏省,淮河流域,斗龙港闸,2026-08-14 01:00,6,26.65,7.24,1.15,910.359,29.873,6.37,0.509,0.211,2.483,,,2026-08-14 01:24:48
江苏省,淮河流域,川东闸,2026-08-14 01:00,5,27.56,7.24,3.17,984.34,25.86,6.62,0.57,0.365,2.851,,,2026-08-14 01:24:48
江苏省,淮河流域,头罾闸,2026-08-14 01:00,4,29.38,8.02,4.02,758.73,14.03,3.56,0.034,0.097,1.279,,,2026-08-14 01:24:48
江苏省,淮河流域,王港闸,2026-08-14 01:00,6,27.36,7.29,1.04,1226.75,28.46,6.91,0.587,0.343,2.599,,,2026-08-14 01:24:48
江苏省,长江流域,三江营,2026-08-14 01:00,5,26.56,7.73,5.73,373.4,727.4,7.84,,0.321,3.137,,,2026-08-14 01:24:48
江苏省,淮河流域,槐泗河口,2026-08-14 00:00,4,25.78,7.69,6.07,323.1,349.95,7.03,0.223,0.179,3.753,,,2026-08-14 01:24:48
江苏省,淮河流域,大运河船闸,2026-08-14 00:00,4,26.9,7.51,3.34,489.6,84.8,5.63,0.212,0.116,2.117,,,2026-08-14 01:24:48
江苏省,淮河流域,三垛西大桥,2026-08-14 01:00,5,26.49,7.02,2.66,534.6,27.5,5.7,1.062,0.23,3.547,,,2026-08-14 01:24:48
江苏省,淮河流域,江都西闸,2026-08-14 01:00,5,26.77,6.98,2.56,371,33.3,5.53,0.89,0.235,2.641,,,2026-08-14 01:24:48
江苏省,长江流域,冻青桥,2026-08-14 01:00,6,26.54,7.29,2.01,362.1,35.17,4.84,2.93,0.405,4.307,,,2026-08-14 01:24:48
江苏省,长江流域,小河口上游,2026-08-14 00:00,3,28.56,7.63,5.23,302.4,37.44,2.17,0.025,0.082,1.59,,,2026-08-14 01:24:48
江苏省,淮河流域,曹庄桥,2026-08-14 00:00,6,25.95,6.96,1.55,362.6,20.97,5.91,0.975,0.313,2.513,,,2026-08-14 01:24:48
江苏省,太湖流域,辛丰镇,2026-08-14 01:00,4,26.89,7.18,3.03,364.2,53.19,5.97,0.784,0.225,3.021,,,2026-08-14 01:24:48
江苏省,太湖流域,林家闸,2026-08-14 00:00,2,28.61,7.66,6.28,306.9,26.54,2.91,,0.092,1.9858,,,2026-08-14 01:24:48
江苏省,长江流域,新河桥,2026-08-14 01:00,5,26.67,7.23,2.17,367.1,14.43,3.06,0.7,0.136,2.628,,,2026-08-14 01:24:48
江苏省,太湖流域,新港桥,2026-08-14 01:00,4,26.66,7.26,4.12,291.8,29.2,2.7,0.066,0.09,1.859,,,2026-08-14 01:24:48
江苏省,太湖流域,吕城,2026-08-14 01:00,5,26.84,7,2.23,291.2,23.22,5.6,1.065,0.302,3.327,,,2026-08-14 01:24:48
江苏省,淮河流域,海陵大桥,2026-08-14 01:00,6,26.99,7.33,1.9,407.1,22.2,4.46,0.872,0.189,2.634,,,2026-08-14 01:24:48
江苏省,长江流域,马甸闸西,2026-08-14 01:00,5,26.45,7.22,2.57,343.8,32.94,3.76,0.857,0.326,2.267,,,2026-08-14 01:24:48
江苏省,长江流域,祥和大桥,2026-08-14 01:00,6,26.54,7.15,0.48,297.1,4.02,3.53,0.91,0.276,1.732,,,2026-08-14 01:24:48
江苏省,长江流域,新十圩港大桥,2026-08-14 01:00,6,26.11,7.21,1.47,326.7,93.65,3.27,0.668,0.174,2.966,,,2026-08-14 01:24:48
江苏省,长江流域,夏仕港大桥,2026-08-14 01:00,6,26.2,7.18,0.96,356.09,67.32,4.13,0.828,0.257,2.822,,,2026-08-14 01:24:48
江苏省,淮河流域,马陵翻水站,2026-08-14 00:00,3,28.07,8.29,5.93,894.63,23.02,3.87,0.127,0.068,1.287,,,2026-08-14 01:24:48
江苏省,淮河流域,临淮乡入湖口,2026-08-14 00:00,4,28.13,7.78,5.14,669.2,28.28,8.31,0.08,0.104,1.305,,,2026-08-14 01:24:48
江苏省,淮河流域,砖瓦厂,2026-08-14 00:00,4,27.53,7.8,4.76,753.6,46.3,6.17,0.189,0.212,1.879,,,2026-08-14 01:24:48
江苏省,淮河流域,顾勒大桥,2026-08-14 00:00,4,28.59,7.5,4.09,932.86,35.43,6.24,0.607,0.153,2.253,,,2026-08-14 01:24:48
江苏省,淮河流域,团结闸,2026-08-14 00:00,4,27.72,8.68,7.79,1351.3,13.82,6.88,0.05,0.069,1.145,,,2026-08-14 01:24:48
江苏省,淮河流域,大屈,2026-08-14 00:00,4,27.75,7.64,5.8,761.12,13.02,6.75,0.302,0.202,2.15,,,2026-08-14 01:24:48
浙江省,浙闽片河流,小金山,2026-08-14 01:00,2,29.93,,8.22,120.139,3.806,1.89,0.003,0.014,0.7455,,,2026-08-14 01:24:48
浙江省,浙闽片河流,三潭岛,2026-08-14 01:00,2,29.81,,8.25,117.826,2.64,1.79,0.005,0.012,0.5649,,,2026-08-14 01:24:48
浙江省,浙闽片河流,千岛湖大坝前,2026-08-14 01:00,1,31.2,,9.24,129.573,2.803,1.84,0.022,0.01,0.5659,,,2026-08-14 01:24:48
浙江省,浙闽片河流,洋溪渡,2026-08-14 01:00,2,22.4,7.2,6.15,172.35,5.601,1.89,0.034,0.058,1.3881,,,2026-08-14 01:24:48
浙江省,浙闽片河流,浦阳江出口,2026-08-14 01:00,4,27.95,7.1,3.72,232.5,14.41,4.04,0.477,0.112,2.519,,,2026-08-14 01:24:48
浙江省,太湖流域,五杭运河大桥,2026-08-14 01:00,6,28.98,7.03,1.79,311.1,14.71,3.43,0.616,0.148,2.531,,,2026-08-14 01:24:48
浙江省,浙闽片河流,桐庐,2026-08-14 01:00,3,26.58,7.05,5.52,169.5,15.9,2.14,0.189,0.09,2.07,,,2026-08-14 01:24:48
浙江省,浙闽片河流,街口,2026-08-14 01:00,2,30.45,7.65,7.11,142.16,0.7,1.09,0.017,0.023,1.057,,,2026-08-14 01:24:48
浙江省,浙闽片河流,清林渡,2026-08-14 01:00,3,25.461,7.06,6.59,245.796,27.964,3.81,0.502,0.127,3.546,,,2026-08-14 01:24:48
浙江省,浙闽片河流,菁江渡,2026-08-14 01:00,5,28.32,6.74,2.49,173.14,21.88,5.45,0.61,0.128,3.586,,,2026-08-14 01:24:48
浙江省,浙闽片河流,梁桥,2026-08-14 01:00,5,25.66,6.52,4.36,106.45,10.52,2.1,0.119,0.356,2.773,,,2026-08-14 01:24:48
浙江省,浙闽片河流,四灶浦闸,2026-08-14 01:00,3,29.08,8.54,8.03,3918.31,6.65,5.28,0.006,0.042,0.815,,,2026-08-14 01:24:48
浙江省,浙闽片河流,龙湾,2026-08-14 01:00,3,26.57,8.15,5.05,13340,1461,1.49,0.062,0.063,1.323,,,2026-08-14 01:24:48
浙江省,浙闽片河流,大荆,2026-08-14 01:00,2,25.99,6.3,7.2,63.53,22.47,1.2,0.016,0.038,1.072,,,2026-08-14 01:24:48
浙江省,太湖流域,王江泾,2026-08-14 01:00,6,28.52,7.09,1.79,447.26,26.82,4.32,0.487,0.153,2.599,,,2026-08-14 01:24:48
浙江省,太湖流域,湘家荡,2026-08-14 01:00,6,27.14,7.15,1.82,462.49,25.06,2.47,0.038,0.171,0.9,,,2026-08-14 01:24:48
浙江省,太湖流域,池家浜水文站,2026-08-14 01:00,4,28.3137,6.86,3.51,364.34,22.6332,4.42,0.132,0.177,2.114,,,2026-08-14 01:24:48
浙江省,太湖流域,长山闸一号桥,2026-08-14 01:00,6,28.92,7.03,1.81,342.66,42.4729,5.33,0.459,0.279,3.194,,,2026-08-14 01:24:48
浙江省,太湖流域,南台头闸一号桥,2026-08-14 01:00,6,28.82,6.94,1.36,327.2,49.63,5.21,0.453,0.304,3.286,,,2026-08-14 01:24:48
浙江省,太湖流域,上塘河排涝闸,2026-08-14 01:00,4,29.18,7.34,4.49,474.27,10.98,,0.279,,1.7,,,2026-08-14 01:24:48
浙江省,太湖流域,盐官排涝枢纽,2026-08-14 01:00,5,27.61,6.93,3.98,308.7,31.55,4.31,0.595,0.31,3.014,,,2026-08-14 01:24:48
浙江省,太湖流域,卫八路桥,2026-08-14 00:00,5,28.28,7.25,2.24,471.055,20.292,3.45,0.132,0.182,2.628,,,2026-08-14 01:24:48
浙江省,太湖流域,漕廊公路桥,2026-08-14 00:00,6,28.70213,6.93,0.75,285.2144,14.02817,4.9,0.452,0.312,2.56658,,,2026-08-14 01:24:48
浙江省,太湖流域,朱枫公路桥,2026-08-14 01:00,5,27.66,6.98,2.15,366.65,48.9,3.75,0.351,0.172,2.368,,,2026-08-14 01:24:48
浙江省,太湖流域,枫南大桥,2026-08-14 01:00,6,28.0939,7.15,1.63,388.27,32.346,4.01,0.303,0.206,2.068,,,2026-08-14 01:24:48
浙江省,太湖流域,青阳汇,2026-08-14 01:00,6,26.56,6.89,0.98,300.7,22.41,5.31,0.342,0.336,2.501,,,2026-08-14 01:24:48
浙江省,太湖流域,小新村,2026-08-14 01:00,6,27.82,6.92,1.64,332.3,24.25,5.12,0.225,0.264,2.758,,,2026-08-14 01:24:48
浙江省,太湖流域,新港口,2026-08-14 00:00,3,26.52,7.1,5.75,143.42,68.79,2.72,0.226,0.073,3.257,0.06732,,2026-08-14 01:24:48
浙江省,太湖流域,大钱,2026-08-14 00:00,5,28.36,7.15,2.72,348.0262,65.75809,4.9,0.5,0.169,3.00448,,,2026-08-14 01:24:48
浙江省,太湖流域,南浔,2026-08-14 01:00,5,29.22,7.17,2.29,419.1,26.1,4.62,0.447,0.191,3.331,,,2026-08-14 01:24:48
浙江省,太湖流域,城西大桥,2026-08-14 01:00,4,26.86,6.94,3.88,157.93,46.66,2.36,0.129,0.058,3.718,,,2026-08-14 01:24:48
浙江省,太湖流域,汤溇,2026-08-14 00:00,6,29.34,7.01,1.14,363.1613,21.9299,4.52,0.37,0.143,2.3697,,,2026-08-14 01:24:48
浙江省,太湖流域,铁路桥,2026-08-14 01:00,3,27.04,6.26,5.05,133.7,42.05,2.72,0.112,0.104,3.62,,,2026-08-14 01:24:48
浙江省,太湖流域,小梅口,2026-08-14 01:00,3,26.53,6.68,5.4,145.6,94.41,3.21,0.162,0.083,3.341,,,2026-08-14 01:24:48
浙江省,太湖流域,杨家浦,2026-08-14 01:00,4,27.30819,7.07,4.58,177.7308,55.0027,3.24,0.112,0.128,3.253273,,,2026-08-14 01:24:48
浙江省,太湖流域,新塘,2026-08-14 01:00,4,27.13,6.92,4.02,195.2,74.73,4.08,0.376,0.12,3.735,,,2026-08-14 01:24:48
浙江省,太湖流域,合溪,2026-08-14 01:00,2,26.13,7.42,7.47,203,73.22,2.62,0.151,0.047,2.278,,,2026-08-14 01:24:48
浙江省,浙闽片河流,曹娥江大闸闸前,2026-08-14 01:00,3,27.112,7.16,5.71,124.438,66.051,3.04,0.225,0.11,3.517,,,2026-08-14 01:24:48
浙江省,浙闽片河流,屠家埠,2026-08-14 00:00,3,26.822,6.92,7.04,108.82,120.676,3.39,0.074,0.135,2.034,,,2026-08-14 01:24:48
浙江省,浙闽片河流,葛山头,2026-08-14 01:00,4,26.75,6.47,3.9,149.67,39.4,2.61,0.253,0.09,3.647,,,2026-08-14 01:24:48
浙江省,浙闽片河流,湄池,2026-08-14 01:00,4,28.85,6.93,3.02,238.2,21.03,3.96,0.19,0.116,2.718,,,2026-08-14 01:24:48
浙江省,浙闽片河流,王家泾,2026-08-14 01:00,5,29.99,6.61,2.36,195.5,14.18,4.53,0.505,0.102,2.887,,,2026-08-14 01:24:48
浙江省,浙闽片河流,汤曹汇合口,2026-08-14 01:00,3,27.16,6.82,6.76,128.82,37.24,2.62,0.126,0.104,3.369,,,2026-08-14 01:24:48
浙江省,浙闽片河流,义东桥,2026-08-14 01:00,4,27.572,6.88,4.26,174.066,22.914,3.62,0.504,0.164,3.076,,,2026-08-14 01:24:48
浙江省,浙闽片河流,塔下洲,2026-08-14 01:00,3,29.74,7.26,5.92,221.971,472.418,4.44,0.104,0.098,2.6041,,,2026-08-14 01:24:48
浙江省,浙闽片河流,东关桥,2026-08-14 01:00,4,29.984,6.9,3.49,270.127,8.891,3.97,0.096,0.156,3.375,,,2026-08-14 01:24:48
浙江省,浙闽片河流,费垅,2026-08-14 01:00,3,28.94,7.07,6.3,218.931,16.806,3.83,0.405,0.16,3.0587,,,2026-08-14 01:24:48
浙江省,浙闽片河流,台口,2026-08-14 01:00,2,28.09,7.65,6.97,142.457,14.534,1.5,0.033,0.055,1.8138,,,2026-08-14 01:24:48
浙江省,浙闽片河流,南江桥,2026-08-14 01:00,3,29.04,7.54,5.74,233.269,12.644,3.16,0.035,0.132,2.302,,,2026-08-14 01:24:48
浙江省,浙闽片河流,横山,2026-08-14 01:00,3,28.12,7.15,5.37,141.501,9.883,2.31,0.158,0.048,1.4411,,,2026-08-14 01:24:48
浙江省,浙闽片河流,浮石渡,2026-08-14 01:00,2,29.45,7.19,6.22,167.38,9.91,1.48,0.042,0.056,1.805,,,2026-08-14 01:24:48
浙江省,浙闽片河流,双港口,2026-08-14 01:00,2,28.04,6.7,6.06,117.83,35.04,2.54,0.073,0.094,1.839,,,2026-08-14 01:24:48
浙江省,浙闽片河流,郑家,2026-08-14 01:00,2,25.29,6.23,7.86,71.29,55.25,1.74,0.03,0.041,1.301,,,2026-08-14 01:24:48
浙江省,浙闽片河流,下界首,2026-08-14 01:00,2,28.01,7.44,7.08,151.875,8.04,1.14,0.021,0.023,1.163,,,2026-08-14 01:24:48
浙江省,浙闽片河流,下童,2026-08-14 01:00,3,26.58,6.79,5.73,146.89,16.09,2.15,0.18,0.064,1.743,,,2026-08-14 01:24:48
浙江省,浙闽片河流,东迹渡,2026-08-14 01:00,2,20.94,6.82,8.59,,,0.51,0.028,0.027,1.069,,,2026-08-14 01:24:48
浙江省,长江流域,苏庄,2026-08-14 00:00,2,28.08396,7.22,7.51,54.77999,36.55879,2.07,0.009,0.032,0.86531,,,2026-08-14 01:24:48
浙江省,浙闽片河流,长潭水库坝口,2026-08-14 00:00,2,21.109,6.8,8.65,,1.319,1.68,0.012,0.016,0.445,,,2026-08-14 01:24:48
浙江省,浙闽片河流,温峤,2026-08-14 00:00,6,27.209,7.01,1.78,240.401,33.362,2.86,0.539,0.183,2.988,,,2026-08-14 01:24:48
浙江省,浙闽片河流,均溪,2026-08-14 01:00,2,26.36,6.64,7.38,50.48,12.46,2.01,0.021,0.018,0.832,,,2026-08-14 01:24:48
浙江省,浙闽片河流,风化,2026-08-14 01:00,3,26.88,6.9,7.88,82.06,29.92,2.31,0.055,0.105,1.664,,,2026-08-14 01:24:48
浙江省,浙闽片河流,堰后,2026-08-14 01:00,2,27.02,6.96,7.5,89.47,10.6,1.45,0.078,0.045,1.88,,,2026-08-14 01:24:48
浙江省,浙闽片河流,沙湾上,2026-08-14 01:00,1,23.49,7.14,8.08,26.576,4.693,1.61,0.096,0.01,0.2664,,,2026-08-14 01:24:48
浙江省,浙闽片河流,小溪口,2026-08-14 01:00,2,24.89,6.93,6.5,36.653,35.026,1.48,,0.025,0.6145,,,2026-08-14 01:24:48
安徽省,巢湖流域,三胜大队渡口,2026-08-14 00:00,3,28.17,7.55,5.09,369.645,44.4241,4.38,0.249,0.105,0.9993,,,2026-08-14 01:24:48
安徽省,巢湖流域,兆河入湖口渡口,2026-08-14 01:00,4,27.29,6.64,4.35,200.64,37.1004,4.85,0.486,0.087,2.1309,,,2026-08-14 01:24:48
安徽省,巢湖流域,牛角大圩,2026-08-14 01:00,4,27.8,7.32,3.65,332.56,65.2809,5.47,0.519,0.129,2.413,,,2026-08-14 01:24:48
安徽省,巢湖流域,希望桥,2026-08-14 01:00,5,27.2,7.22,2.19,488.1,16.4,3.27,1.595,0.127,4.013,,,2026-08-14 01:24:48
安徽省,巢湖流域,石堆渡口,2026-08-14 00:00,5,27.04,6.53,2.78,147.5915,46.4556,4.09,0.343,0.129,1.9685,,,2026-08-14 01:24:48
安徽省,巢湖流域,柘皋大桥,2026-08-14 00:00,4,26.82,6.82,3.61,256.0977,79.7016,6.11,0.177,0.138,1.5944,,,2026-08-14 01:24:48
安徽省,巢湖流域,湖滨,2026-08-14 01:00,5,27.49,7.79,3.73,310.34,59.78,5.62,0.161,0.178,2.732,0.01021,716114.7,2026-08-14 01:24:48
安徽省,巢湖流域,黄麓,2026-08-14 01:00,5,27.82,7.62,5.88,319.61,47.362,4.44,0.317,0.105,1.161,0.00875,1273420,2026-08-14 01:24:48
安徽省,巢湖流域,施口,2026-08-14 00:00,6,27.69,7.13,1.5,440.3986,38.1304,5.62,1.739,0.196,5.45,,,2026-08-14 01:24:48
安徽省,巢湖流域,靠近大坝,2026-08-14 01:00,3,28.09,7.87,5.96,179.73,8.43,3.36,0.078,0.024,0.354,0.00784,7385328,2026-08-14 01:24:48
安徽省,巢湖流域,新河入湖区,2026-08-14 01:00,5,26.88,6.93,4.95,225.93,127.49,9.36,0.19,0.168,1.435,0.00562,2.476615,2026-08-14 01:24:48
安徽省,巢湖流域,西半湖湖心,2026-08-14 01:00,5,27.57,7.76,5.9,431.14,43.72,4.97,0.675,0.2,2.327,0.00516,3066875,2026-08-14 01:24:48
安徽省,巢湖流域,龟山,2026-08-14 01:00,4,27.88,7.93,6.6,403.11,34.24,2.72,0.275,0.072,0.994,0.00439,2280540,2026-08-14 01:24:48
安徽省,巢湖流域,东半湖湖心,2026-08-14 01:00,5,27.809,7.58,5.27,300.825,36.338,4.64,0.297,0.159,0.977,0.00543,4280380,2026-08-14 01:24:48
安徽省,巢湖流域,忠庙,2026-08-14 01:00,4,26.26,7.44,4.69,262.45,141.61,5.24,0.192,0.099,1.379,0.00876,1.064792,2026-08-14 01:24:48
安徽省,巢湖流域,双桥河入湖口,2026-08-14 00:00,5,27.56,7.34,2.34,415.9103,30.2599,2.86,0.678,0.098,2.9495,,,2026-08-14 01:24:48
安徽省,巢湖流域,繁华大道桥,2026-08-14 00:00,5,27.56,7.05,2.8,413.5914,37.7706,6.5,0.505,0.194,3.274,,,2026-08-14 01:24:48
安徽省,长江流域,东西梁山,2026-08-14 00:00,3,29.38,7.9,5.97,321.0496,25.1717,1.24,0.282,0.075,1.8072,,,2026-08-14 01:24:48
安徽省,长江流域,宝塔根,2026-08-14 00:00,3,27.32,7.22,5.62,151.5914,30.9305,2.29,0.155,0.064,1.5352,,,2026-08-14 01:24:48
安徽省,巢湖流域,裕溪口,2026-08-14 00:00,4,27.92,7.39,4.35,348.9396,75.5532,4.85,0.482,0.105,1.8254,,,2026-08-14 01:24:48
安徽省,长江流域,荻港,2026-08-14 00:00,3,26.36,7.51,6.25,238.3,45.1912,3.1,0.151,0.113,2.0299,,,2026-08-14 01:24:48
安徽省,长江流域,澛港桥,2026-08-14 00:00,3,27.9,7.19,5.07,155.0208,19.264,3.6,0.17,0.084,1.686,,,2026-08-14 01:24:48
安徽省,长江流域,西河入裕溪河口,2026-08-14 00:00,5,27.96,7.06,2.89,304.5897,77.9402,5.32,0.603,0.106,1.749,,,2026-08-14 01:24:48
安徽省,淮河流域,五河,2026-08-14 00:00,4,26.55,7.97,3.9,1341.397,44.59384,5.36,0.168,0.089,2.74583,,,2026-08-14 01:24:48
安徽省,淮河流域,蚌埠固镇,2026-08-14 00:00,4,28.29,7.86,3.48,1546.181,77.19,5.1,0.417,0.19,1.5348,,,2026-08-14 01:24:48
安徽省,淮河流域,蚌埠闸上,2026-08-14 01:00,5,26.64,7.48,2.22,561.7,60.02,5.59,0.177,0.272,0.469,,,2026-08-14 01:24:48
安徽省,淮河流域,湖沟,2026-08-14 00:00,6,27.92285,7.73,0.35,1456.968,56.5684,,0.328,0.111,2.01152,,,2026-08-14 01:24:48
安徽省,淮河流域,石头埠,2026-08-14 00:00,4,27.72,7.53,3.21,436.6797,58.45875,2.83,0.069,0.099,2.14397,,,2026-08-14 01:24:48
安徽省,淮河流域,鲁台孜,2026-08-14 00:00,3,27.84,7.56,5.09,497.6984,128.9123,3.82,0.127,0.118,1.58681,,,2026-08-14 01:24:48
安徽省,淮河流域,西淝河闸下,2026-08-14 00:00,5,28.00644,7.31,2.29,834.9334,13.53878,5.25,0.141,0.061,1.37952,,,2026-08-14 01:24:48
安徽省,淮河流域,新城口,2026-08-14 00:00,4,28.44146,7.53,3.23,435.5912,83.75703,3.15,0.003,0.135,3.50394,,,2026-08-14 01:24:48
安徽省,淮河流域,焦岗湖,2026-08-14 01:00,3,26.3,8.15,6.49,679.17,19.66,4.63,0.072,0.037,1.095,0.00578,6560326,2026-08-14 01:24:48
安徽省,淮河流域,大店岗,2026-08-14 00:00,2,26.19,6.23,6.2,96.1286,32.99578,3.1,0.086,0.074,2.5887,,,2026-08-14 01:24:48
安徽省,淮河流域,五里闸,2026-08-14 00:00,4,27.63,7.34,3.63,319.79,24.51624,4.97,0.149,0.106,1.42377,,,2026-08-14 01:24:48
安徽省,长江流域,三兴村,2026-08-14 00:00,2,28.71,7.67,6.2,327.1949,35.63479,2.05,0.031,0.055,1.993,,,2026-08-14 01:24:48
安徽省,长江流域,姑溪河大桥,2026-08-14 00:00,2,18.365,7.04,8.86,,,3.63,0.189,,1.467,,,2026-08-14 01:24:48
安徽省,长江流域,当涂查湾,2026-08-14 00:00,3,27.34,6.99,5.02,179.8516,34.757,3.28,0.036,0.07,2.384,,,2026-08-14 01:24:48
安徽省,长江流域,雨山河下游,2026-08-14 00:00,4,27.3965,7.09,3.37,777.2888,13.5514,3.92,0.617,0.183,3.845,,,2026-08-14 01:24:48
安徽省,淮河流域,小王桥,2026-08-14 01:00,6,28.81,7.81,0.66,1208.06,11.39,5.75,1.492,0.192,3.263,,,2026-08-14 01:24:48
安徽省,淮河流域,后常桥,2026-08-14 00:00,4,28.82574,8.03,3.18,1190.79,15.57107,5.43,0.317,0.142,1.60613,,,2026-08-14 01:24:48
安徽省,淮河流域,李大桥闸,2026-08-14 00:00,6,27.18,7.55,0.69,1358.96,21.35,9.06,0.28,0.095,1.0765,,,2026-08-14 01:24:48
安徽省,长江流域,顺安河入江口,2026-08-14 00:00,2,26.40666,7.13,6.98,350.994,30.91159,3.69,0.192,0.07,1.85702,,,2026-08-14 01:24:48
安徽省,长江流域,陈家墩,2026-08-14 00:00,2,29.17,7.84,7.19,316.0894,26.57094,1.49,0.048,0.057,1.95463,,,2026-08-14 01:24:48
安徽省,长江流域,枞阳大闸,2026-08-14 00:00,3,28.42,7.62,7.29,144.0303,47.52615,4.05,0.01,0.053,1.19177,,,2026-08-14 01:24:48
安徽省,长江流域,武昌湖,2026-08-14 00:00,3,29.05,7.72,6.63,156.6555,7.83058,4.06,0.001,0.036,0.49868,0.01005,5724957,2026-08-14 01:24:48
安徽省,长江流域,前江口,2026-08-14 00:00,2,29.09117,7.87,6.91,328.2175,24.85204,2.31,0.077,,2.61429,,,2026-08-14 01:24:48
安徽省,长江流域,花亭湖坝前,2026-08-14 00:00,2,30.26434,9,7.65,85.3091,2.20321,2.22,0.005,0.014,0.43799,0.00374,688841.1,2026-08-14 01:24:48
安徽省,长江流域,华阳河入江口,2026-08-14 00:00,4,28.85,7.81,4.12,336.407,24.24006,4.38,0.013,0.043,0.48989,,,2026-08-14 01:24:48
安徽省,长江流域,水厂取水口,2026-08-14 00:00,2,26.42,7.22,9.99,83.85232,67.41743,1.78,0.016,0.053,1.42529,,,2026-08-14 01:24:48
安徽省,长江流域,车轴寺大桥,2026-08-14 00:00,2,27.08,7.26,7.66,84.55402,31.51612,2.01,0.017,0.05,1.66142,,,2026-08-14 01:24:48
安徽省,浙闽片河流,篁墩,2026-08-14 00:00,2,29.01622,7.16,7.32,149.854,76.59136,2.16,0.01,0.064,1.53808,,,2026-08-14 01:24:48
安徽省,浙闽片河流,率水大桥,2026-08-14 00:00,2,28.77891,7.74,8.52,60.10817,14.50659,1.45,0.0003,0.035,0.94056,,,2026-08-14 01:24:48
安徽省,浙闽片河流,横江大桥,2026-08-14 00:00,2,28.81928,7.66,6.94,233.3174,18.63629,,0.029,0.052,0.72853,,,2026-08-14 01:24:48
安徽省,浙闽片河流,浦口,2026-08-14 00:00,2,29.41,7.58,6.64,218.7381,46.30342,1.97,0.005,0.084,1.85698,,,2026-08-14 01:24:48
安徽省,长江流域,太平湖湖心,2026-08-14 01:00,2,29.95,,8.65,96.88,4.82,3.04,,0.016,0.439,0.00631,1.041542,2026-08-14 01:24:48
安徽省,淮河流域,天长化工厂,2026-08-14 00:00,4,25.87,6.86,3.52,237.3468,70.96,4.21,0.241,0.107,2.0037,,,2026-08-14 01:24:48
安徽省,淮河流域,公路桥,2026-08-14 00:00,4,26.6,7.1,5.36,375.2591,64.2408,6.73,0.573,0.191,1.202,,,2026-08-14 01:24:48
安徽省,淮河流域,小柳巷,2026-08-14 00:00,5,28.16,7.2,4.04,584.23,219.581,5.29,0.054,0.301,1.988,,,2026-08-14 01:24:48
安徽省,长江流域,水口,2026-08-14 00:00,6,25.87,6.64,6.55,,0.5734,7.54,0.698,0.753,3.4492,,,2026-08-14 01:24:48
安徽省,长江流域,乌衣下,2026-08-14 00:00,4,26.34,7.1,5.26,280.2125,70.0291,8.85,0.368,0.163,0.917,,,2026-08-14 01:24:48
安徽省,长江流域,襄河大桥,2026-08-14 00:00,4,26.24,7.08,3.08,522.5937,55.2901,6.59,0.607,0.203,0.748,,,2026-08-14 01:24:48
安徽省,淮河流域,阜阳段下,2026-08-14 00:00,6,27.89647,7.53,0.65,633.4233,819.0522,7.36,0.709,0.252,10.08186,,,2026-08-14 01:24:48
安徽省,淮河流域,杨湖,2026-08-14 00:00,5,29.18474,7.25,2.11,698.8232,416.5102,6.95,0.521,0.23,0.46667,,,2026-08-14 01:24:48
安徽省,淮河流域,张大桥,2026-08-14 00:00,6,26.01,7.58,3.1,609.14,105.65,8.25,0.897,0.46,4.9901,,,2026-08-14 01:24:48
安徽省,淮河流域,王家坝,2026-08-14 00:00,4,27.368,7.25,5.12,332.5,102.149,5.87,0.807,0.203,3.672,,,2026-08-14 01:24:48
安徽省,淮河流域,界首七渡口,2026-08-14 00:00,5,25.71,7.56,4.4,418.4,528.87,9.58,1.466,0.39,,,,2026-08-14 01:24:48
安徽省,淮河流域,阜南,2026-08-14 00:00,3,27.54,7.62,5.21,629.8065,5.97111,4.59,0.026,0.112,1.09106,,,2026-08-14 01:24:48
安徽省,淮河流域,奎河苏皖省界,2026-08-14 00:00,6,27.7,7.11,3.56,860.9,25.6,5.69,2.791,0.269,5.88,,,2026-08-14 01:24:48
安徽省,淮河流域,东坪集,2026-08-14 00:00,4,27.37,7.83,4.63,1215.518,72.6423,4.76,0.371,0.121,2.64556,,,2026-08-14 01:24:48
安徽省,淮河流域,符离闸,2026-08-14 00:00,4,28.70848,7.78,3.79,815.915,3.13945,,0.31,0.16,2.23254,,,2026-08-14 01:24:48
安徽省,淮河流域,芦岭桥,2026-08-14 00:00,5,28.4,7.79,2.01,1208.921,4.98,4.08,0.391,0.062,1.2252,,,2026-08-14 01:24:48
安徽省,淮河流域,工农兵大桥,2026-08-14 00:00,4,26.70718,7.36,4.71,256.9134,18.42793,4.36,0.222,0.076,1.222,,,2026-08-14 01:24:48
安徽省,淮河流域,陶洪集,2026-08-14 00:00,2,24.89558,7.23,7.83,77.92639,106.2414,2.56,0.096,0.058,2.63413,,,2026-08-14 01:24:48
安徽省,淮河流域,东湖闸,2026-08-14 00:00,4,26.34,7.23,4.52,248.4682,51.28226,4.26,0.146,0.186,1.37455,,,2026-08-14 01:24:48
安徽省,淮河流域,新安渡口,2026-08-14 00:00,2,25.43,7.36,8.78,86.68582,30.19318,2.89,0.059,0.054,1.8017,,,2026-08-14 01:24:48
安徽省,淮河流域,响洪甸水库出水口,2026-08-14 00:00,4,19.64,6.82,4.41,80.56167,3.31146,2.37,0.003,0.006,1.07096,,,2026-08-14 01:24:48
安徽省,淮河流域,丁埠大桥,2026-08-14 00:00,2,24.63686,7.42,9.52,83.85751,41.77375,3.9,0.003,0.07,1.994,,,2026-08-14 01:24:48
安徽省,巢湖流域,将军宕大桥,2026-08-14 00:00,2,26.14,6.54,6.34,89.072,58.321,2.92,0.05,0.064,0.759,,,2026-08-14 01:24:48
安徽省,淮河流域,固始李畈,2026-08-14 00:00,3,23.73,6.41,7,109.3925,22.36442,3.33,0.006,0.124,2.15046,,,2026-08-14 01:24:48
安徽省,淮河流域,涡阳义门大桥,2026-08-14 00:00,5,27.8,7.45,2.36,1054.865,141.6786,4.66,0.872,0.294,3.5006,,,2026-08-14 01:24:48
安徽省,淮河流域,利辛段,2026-08-14 00:00,6,26.72,7.57,1.7,884.88,9,5.97,0.464,0.16,2.926,,,2026-08-14 01:24:48
安徽省,长江流域,五步沟,2026-08-14 00:00,2,29.66,7.83,6.62,293.4922,18.70825,1.39,0.03,0.051,1.87023,,,2026-08-14 01:24:48
安徽省,长江流域,张溪,2026-08-14 00:00,1,27.43,7.88,9.38,218.95,11.17404,1.23,0.006,0.016,1.01339,,,2026-08-14 01:24:48
安徽省,长江流域,青通河河口,2026-08-14 00:00,4,27.96501,7.23,4.13,211.3438,25.87545,2.34,0.028,0.053,1.52353,,,2026-08-14 01:24:48
安徽省,长江流域,秋浦河入江口,2026-08-14 00:00,3,29.58617,7.59,5.31,247.0634,21.70416,1.69,0.074,0.036,1.4505,,,2026-08-14 01:24:48
安徽省,长江流域,东流,2026-08-14 00:00,2,28.96,7.6,7.23,131.3668,26.48205,2.12,0.03,0.035,1.58191,,,2026-08-14 01:24:48
安徽省,长江流域,南漪湖西湖湖心,2026-08-14 01:00,5,29.24,7.71,6.8,210.51,49.96,4.91,0.108,0.121,0.962,0.00502,5823404,2026-08-14 01:24:48
安徽省,太湖流域,殷桥,2026-08-14 00:00,4,28.11556,7.05,3.73,235.3489,14.0918,7.97,0.039,0.117,2.23593,,,2026-08-14 01:24:48
安徽省,长江流域,泾南交界,2026-08-14 00:00,2,26.44,7.29,7.19,124.6466,16.3376,2.41,0.01,0.058,1.3047,,,2026-08-14 01:24:48
安徽省,长江流域,汪溪,2026-08-14 00:00,2,27.2,7.54,7.08,186.2936,32.6686,1.54,0.082,0.095,1.7682,,,2026-08-14 01:24:48
安徽省,长江流域,东村桥,2026-08-14 00:00,3,27.23486,7.65,6.96,285.832,66.27399,5.74,0.01,0.087,1.93494,,,2026-08-14 01:24:48
安徽省,长江流域,旌泾交界,2026-08-14 00:00,2,28.42,7.53,6.59,151.976,8.563,2.47,0.009,0.094,1.07,,,2026-08-14 01:24:48
安徽省,长江流域,水碧桥,2026-08-14 00:00,4,26.63,7.11,4.52,186.5225,33.73209,3.58,0.002,0.064,1.13529,,,2026-08-14 01:24:48
福建省,浙闽片河流,闽侯竹岐,2026-08-14 00:00,3,30.4,6.81,5.09,107.22,1.79,1.81,0.018,0.028,1.159,,,2026-08-14 01:24:48
福建省,浙闽片河流,闽安,2026-08-14 01:00,3,30.94,7.58,5.61,6536.89,163.95,2.88,0.119,0.095,1.607,,,2026-08-14 01:24:48
福建省,浙闽片河流,连江荷山渡口,2026-08-14 01:00,4,31.288,7.48,3.96,605.96,,3.86,0.076,0.129,1.372,,,2026-08-14 01:24:48
福建省,浙闽片河流,永泰横龙,2026-08-14 01:00,2,29.593,7.87,7.22,42.962,3.749,1.59,0.018,0.044,0.373,,,2026-08-14 01:24:48
福建省,浙闽片河流,闽清雄江,2026-08-14 01:00,2,31.04,7.73,6.55,121.017,1.57,2.98,0.032,0.021,1.34,,,2026-08-14 01:24:48
福建省,浙闽片河流,梅溪口,2026-08-14 01:00,2,28.48,7.3,7.33,134.9,27.18,2.16,0.034,0.089,1.428,,,2026-08-14 01:24:48
福建省,浙闽片河流,隘头潭,2026-08-14 01:00,4,30.08,6.39,4.81,220.244,2.946,1.55,0.075,0.06,0.4096,,,2026-08-14 01:24:48
福建省,浙闽片河流,园头桥,2026-08-14 01:00,4,29.85,6.74,5.39,112.53,84.26,3.5,0.252,0.23,4.307,,,2026-08-14 01:24:48
福建省,浙闽片河流,江口桥,2026-08-14 01:00,6,31.21,10.97,6.34,6327.43,22.41,2.3,0.109,0.125,1.091,,,2026-08-14 01:24:48
福建省,浙闽片河流,将乐万全,2026-08-14 01:00,4,28.011,6.88,3.96,67.154,2.235,1.83,0.027,0.022,0.974,,,2026-08-14 01:24:48
福建省,浙闽片河流,宁化肖家,2026-08-14 01:00,2,28.849,7.06,7.28,115.016,4.085,2.2,0.061,0.08,1.467,,,2026-08-14 01:24:48
福建省,浙闽片河流,永安安砂水库下游,2026-08-14 01:00,5,27.688,6.44,2.57,101.959,2.885,1.54,0.03,0.026,1.448,,,2026-08-14 01:24:48
福建省,浙闽片河流,斑竹溪渡口,2026-08-14 01:00,4,29.858,6.97,4.66,159.193,5.912,3.27,0.021,0.057,1.364,,,2026-08-14 01:24:48
福建省,浙闽片河流,建宁袁庄,2026-08-14 01:00,3,26.861,6.96,5.9,95.463,8.09,1.75,0.099,0.084,1.654,,,2026-08-14 01:24:48
福建省,浙闽片河流,大田高才,2026-08-14 01:00,6,31.19,9.42,16.77,106.05,3.366,2.32,0.054,0.04,0.559,,,2026-08-14 01:24:48
福建省,浙闽片河流,尤溪拥口大桥,2026-08-14 01:00,4,29.44,7,4.97,122.64,13.775,2.76,0.215,0.057,1.377,,,2026-08-14 01:24:48
福建省,浙闽片河流,南安康美桥,2026-08-14 01:00,3,29.49,7.07,5.84,146.784,66.681,2.3,0.429,0.152,2.1752,,,2026-08-14 01:24:48
福建省,浙闽片河流,永春东关桥,2026-08-14 01:00,3,29.27,6.73,5.46,144.9271,5.970218,0.56,0.04,0.07,2.79,,,2026-08-14 01:24:48
福建省,浙闽片河流,安溪罗内桥,2026-08-14 01:00,3,29.345,7.06,5.46,111.6,22.07,1.14,0.23,0.067,1.975,,,2026-08-14 01:24:48
福建省,浙闽片河流,南安霞东桥,2026-08-14 01:00,3,31.17,7,5.16,143.245,7.833,2.05,0.292,0.106,2.48,,,2026-08-14 01:24:48
福建省,浙闽片河流,华安西陂,2026-08-14 01:00,3,28.03279,6.92,5.18,215.0694,17.65335,2.01,0.03,0.055,1.408,,,2026-08-14 01:24:48
福建省,浙闽片河流,南靖靖城桥,2026-08-14 01:00,2,29.89,6.71,6.82,170.1,10.498,1.28,0.109,0.063,6.78,,,2026-08-14 01:24:48
福建省,浙闽片河流,诏安澳子头,2026-08-14 01:00,6,32.29,9.5,12.87,105.527,19.378,4.57,0.237,0.166,1.4297,,,2026-08-14 01:24:48
福建省,浙闽片河流,南靖洪濑汤坑桥,2026-08-14 01:00,2,30.144,6.74,6.63,254.2,9.91,0.89,0.014,0.044,14.378,,,2026-08-14 01:24:48
福建省,浙闽片河流,浦南水文站,2026-08-14 01:00,2,28.86616,7.09,6.82,178.2,38.635,1.48,0.143,0.074,1.895,,,2026-08-14 01:24:48
福建省,浙闽片河流,南溪浮宫桥,2026-08-14 01:00,3,30.3,7.58,5.99,21327.26,147.766,2.6,0.07,0.164,3.2756,,,2026-08-14 01:24:48
福建省,浙闽片河流,上坂,2026-08-14 01:00,4,30.37,6.31,4.41,189.794,17.8,2.4,0.272,0.117,4.9329,,,2026-08-14 01:24:48
福建省,浙闽片河流,云霄高塘渡口,2026-08-14 01:00,2,30.64,7.04,7.4,144.543,4.101,1.86,0.084,0.089,5.392,,,2026-08-14 01:24:48
福建省,浙闽片河流,水汾桥,2026-08-14 01:00,2,31.72,8,7.9,224.85,3.05,2.79,0.05,0.043,1.005,,,2026-08-14 01:24:48
福建省,浙闽片河流,十里庵,2026-08-14 01:00,3,31.17,6.73,5.31,158.51,4.5,1.4,0.056,0.048,1.456,,,2026-08-14 01:24:48
福建省,浙闽片河流,邵武晒口桥,2026-08-14 01:00,2,27.44,7.08,7.66,60.84,13.83,1.71,0.009,0.05,1.007,,,2026-08-14 01:24:48
福建省,浙闽片河流,武夷山兴田,2026-08-14 00:00,2,27.02344,6.7,6.44,30.26641,9.37957,1.36,0.016,0.026,0.61864,,,2026-08-14 01:24:48
福建省,浙闽片河流,建瓯蓬墩,2026-08-14 01:00,2,27.888,6.79,6.14,44.91,27.98,2.53,0.144,0.069,1.157,,,2026-08-14 01:24:48
福建省,浙闽片河流,浪石,2026-08-14 01:00,2,29.912,6.95,6.3,110.765,3.82,1.7,0.097,0.08,1.396,,,2026-08-14 01:24:48
福建省,浙闽片河流,将乐樟应,2026-08-14 01:00,3,29.75677,6.97,5.48,76.362,4.32976,1.82,0.064,0.013,0.836,,,2026-08-14 01:24:48
福建省,浙闽片河流,建阳坪州大桥,2026-08-14 00:00,2,28.45,7,6.92,125.91,8.377,2.25,0.051,0.062,1.554,,,2026-08-14 01:24:48
福建省,浙闽片河流,雁石桥,2026-08-14 01:00,2,29.19,7.65,7.14,333.383,16.205,1.32,0.023,0.072,2.044,,,2026-08-14 01:24:48
福建省,珠江流域,长汀美西桥,2026-08-14 01:00,3,28.11,6.82,5.04,222.067,1.968,1.38,0.078,0.071,1.2748,,,2026-08-14 01:24:48
福建省,浙闽片河流,福安赛岐,2026-08-14 01:00,6,28.89,7.09,4.52,3515.99,272.6,7.02,0.195,0.429,2.605,,,2026-08-14 01:24:48
福建省,浙闽片河流,八都,2026-08-14 00:00,3,29.64,7.23,5.02,15404.46,11.231,1.8,0.062,0.056,1.376,,,2026-08-14 01:24:48
福建省,浙闽片河流,福安白塔,2026-08-14 00:00,2,28.139,7.02,6.29,51.96,12.65,1.88,0.043,0.072,1.307,,,2026-08-14 01:24:48
江西省,长江流域,周坊,2026-08-14 00:00,2,32.58,6.57,7.46,,2.95786,,,,,,,2026-08-14 01:24:48
江西省,长江流域,大港,2026-08-14 01:00,2,30.15,7.62,8.04,186.4,14.72,2.27,,0.06,1.384,,,2026-08-14 01:24:48
江西省,长江流域,新联,2026-08-14 01:00,3,29.73,6.83,7.31,166.1,40.65,5.79,0.097,0.134,3.7522,,,2026-08-14 01:24:48
江西省,长江流域,生米,2026-08-14 01:00,2,31.349,7.16,7.1,177.262,6,1.14,0.032,0.056,1.211,,,2026-08-14 01:24:48
江西省,长江流域,滁槎,2026-08-14 00:00,4,30.18,6.46,4.95,185.13,6.91,3.35,0.013,0.092,1.705,,,2026-08-14 01:24:48
江西省,长江流域,塔城,2026-08-14 01:00,3,28.9,8.85,8.37,130.54,35.03,4.28,0.035,0.126,1.608,,,2026-08-14 01:24:48
江西省,长江流域,昌邑,2026-08-14 01:00,2,29.28,8.17,6.31,184.82,28.65,2.2,,0.064,1.472,,,2026-08-14 01:24:48
江西省,长江流域,八一桥,2026-08-14 01:00,2,30.86,7.61,6.23,156.243,11.489,2.74,0.127,0.063,1.3176,,,2026-08-14 01:24:48
江西省,长江流域,焦石坝,2026-08-14 01:00,2,28.36,7.63,7.76,122.87,17,3.14,,0.053,1.4828,,,2026-08-14 01:24:48
江西省,长江流域,戴村,2026-08-14 01:00,2,30.287,7.34,7.36,344.753,486.3,1.8,0.029,0.032,0.771,,,2026-08-14 01:24:48
江西省,长江流域,南河河口,2026-08-14 01:00,3,28.59,6.8,5.12,201.79,9.31,2.66,0.086,0.102,2.018,,,2026-08-14 01:24:48
江西省,长江流域,镇埠,2026-08-14 01:00,2,28.6,7.22,8.47,89.45,1.27,1.37,,0.024,0.511,,,2026-08-14 01:24:48
江西省,长江流域,龙山口,2026-08-14 01:00,2,27.1,8.13,7.12,330.222,5.546,2.41,0.019,0.031,0.651,,,2026-08-14 01:24:48
江西省,长江流域,桐车湾,2026-08-14 01:00,3,26.53,7.88,5.7,389.928,2.467,2.8,0.066,0.135,2.6452,,,2026-08-14 01:24:48
江西省,长江流域,金鱼石,2026-08-14 01:00,4,27.93,7.46,4.95,352.72,3.08,2.26,0.065,0.104,1.964,,,2026-08-14 01:24:48
江西省,长江流域,邓家洲,2026-08-14 00:00,3,26.79,7.71,5.56,585.0074,8.21026,2.3,0.133,0.089,2.29278,,,2026-08-14 01:24:48
江西省,长江流域,吴城修河,2026-08-14 01:00,2,28.199,7.25,7.92,114.49,15.33,1.89,,0.026,1.0712,,,2026-08-14 01:24:48
江西省,长江流域,姚港,2026-08-14 01:00,3,28.93,7.8,6.69,339.5,39.44,1.94,0.107,0.114,1.337,,,2026-08-14 01:24:48
江西省,长江流域,湖口,2026-08-14 01:00,3,28.3118,7.82,6.67,336,82,2.92,0.044,0.12,2.429,,,2026-08-14 01:24:48
江西省,长江流域,蛤蟆石,2026-08-14 01:00,3,29.03,6.85,6.29,136.06,26.11,3.19,0.006,0.049,1.514,0.0015,239600,2026-08-14 01:24:48
江西省,长江流域,都昌,2026-08-14 01:00,3,29.01,6.71,5.73,142.13,60.47,3.96,,0.039,1.281,,2.606,2026-08-14 01:24:48
江西省,长江流域,潦河河口,2026-08-14 01:00,2,28.82,6.86,7,119.79,19.55,1.82,0.064,0.051,1.0811,,,2026-08-14 01:24:48
江西省,长江流域,柘林湖坝上,2026-08-14 01:00,1,29.233,8.59,8.24,100.76,0.629,1.83,0.0001,0.008,0.72,,,2026-08-14 01:24:48
江西省,长江流域,洋港镇,2026-08-14 00:00,2,24.414,7.27,7.47,223.738,24.952,1.49,0.003,0.017,1.13299,,,2026-08-14 01:24:48
江西省,长江流域,修水界上桥,2026-08-14 00:00,3,27.24,7.07,6,118.041,28.17949,4.82,0.003,0.135,2.68938,,,2026-08-14 01:24:48
江西省,长江流域,共青城寨下,2026-08-14 01:00,3,28,7.44,5.82,304.9,80.5,4.38,0.697,0.135,2.876,,,2026-08-14 01:24:48
江西省,长江流域,罗坊,2026-08-14 01:00,3,29.68,7.41,5.68,328.121,21.076,3.33,0.156,0.071,1.5934,,,2026-08-14 01:24:48
江西省,长江流域,孔目江江口,2026-08-14 01:00,3,28.07,7.66,5.59,330.004,23.32,2.15,0.075,0.055,0.8251,,,2026-08-14 01:24:48
江西省,长江流域,浮桥,2026-08-14 01:00,2,28.59,7.44,6.3,303.077,9.702,3.61,0.078,0.048,1.4035,,,2026-08-14 01:24:48
江西省,长江流域,傣家村,2026-08-14 01:00,4,29.91,7.92,4.61,220.091,5.823,4.34,0.125,0.043,0.719,0.00825,2.568743,2026-08-14 01:24:48
江西省,长江流域,炭埠周家,2026-08-14 00:00,4,28.56,6.48,4.9,103.1,9.7,1.98,0.075,0.068,1.369,,,2026-08-14 01:24:48
江西省,长江流域,白塔河河口,2026-08-14 01:00,3,27.2,6.53,5.79,59.919,9.864,2.11,0.148,0.051,1.0878,,,2026-08-14 01:24:48
江西省,长江流域,土桥,2026-08-14 01:00,2,27.41,7.16,6.45,107.48,11.751,2.46,0.107,0.069,1.1132,,,2026-08-14 01:24:48
江西省,长江流域,流口村,2026-08-14 01:00,3,28.28,6.71,5.83,98.6544,10.04428,1.8,0.012,0.076,1.147979,,,2026-08-14 01:24:48
江西省,长江流域,市自来水厂,2026-08-14 01:00,3,28.86,7.08,5.91,110.287,15.907,0.7,0.116,0.057,0.9807,,,2026-08-14 01:24:48
江西省,长江流域,新庙前,2026-08-14 01:00,2,29.73,7.15,6.56,136.623,34.202,1.41,0.029,0.029,1.4099,,,2026-08-14 01:24:48
江西省,长江流域,赣县梅林,2026-08-14 01:00,3,29.89,7.35,5.35,160.723,16.866,2.12,0.138,0.095,1.6931,,,2026-08-14 01:24:48
江西省,长江流域,梓坑,2026-08-14 01:00,4,29.97,7.24,4.82,139.345,23.399,3.07,0.078,0.075,1.613,,,2026-08-14 01:24:48
江西省,长江流域,峡山,2026-08-14 01:00,2,31.18,7.41,6.5,148.999,3.552,1.68,0.075,0.077,1.0843,,,2026-08-14 01:24:48
江西省,长江流域,梅江江口,2026-08-14 01:00,2,30.38,7.26,6.2,120.624,15.165,2.22,0.084,0.063,0.9671,,,2026-08-14 01:24:48
江西省,长江流域,平江江口,2026-08-14 01:00,3,28.96,7.08,6.12,118.817,84.733,3.68,0.347,0.116,1.2041,,,2026-08-14 01:24:48
江西省,长江流域,上犹江江口,2026-08-14 01:00,2,27.33,6.97,6.67,79.678,10.521,1.97,0.068,0.019,0.6274,,,2026-08-14 01:24:48
江西省,长江流域,龙南自来水厂,2026-08-14 01:00,2,30.07,8.08,7.67,91.131,20.547,0.96,0.031,0.031,0.7492,,,2026-08-14 01:24:48
江西省,长江流域,桃江江口,2026-08-14 01:00,3,30.31,7.28,5.32,181.714,9.155,1.69,0.066,0.054,1.6946,,,2026-08-14 01:24:48
江西省,长江流域,大余城郊,2026-08-14 01:00,2,26.68,7.21,6.29,104.157,9.957,0.91,0.034,0.038,1.0319,,,2026-08-14 01:24:48
江西省,长江流域,汝城多发电站,2026-08-14 01:00,2,24.1,7.13,7.17,70.67,23.73,2.33,0.043,0.067,0.961,,,2026-08-14 01:24:48
江西省,珠江流域,兴宁电站,2026-08-14 01:00,6,31.68,9.31,21.62,107.924,3.243587,3.02,0.007,0.019,2.224201,,,2026-08-14 01:24:48
江西省,长江流域,通津,2026-08-14 01:00,2,27.68,7.23,6.09,153.5,10.413,0.96,0.071,0.043,1.3837,,,2026-08-14 01:24:48
江西省,长江流域,金滩,2026-08-14 01:00,3,30.76,7.34,5.5,167.629,10.592,1.7,0.06,0.042,0.9608,,,2026-08-14 01:24:48
江西省,长江流域,孤江江口,2026-08-14 01:00,2,29.9,7.34,6.01,123.012,4.228,2.98,0.015,0.09,0.8621,,,2026-08-14 01:24:48
江西省,长江流域,禾水河口,2026-08-14 01:00,2,29.78,7.72,6.77,159.938,6.696,1.83,0.054,0.038,0.5791,,,2026-08-14 01:24:48
江西省,长江流域,蜀水河口,2026-08-14 01:00,3,29.08,6.85,5.34,101.157,14.145,1.49,0.097,0.058,0.9309,,,2026-08-14 01:24:48
江西省,长江流域,遂川江江口,2026-08-14 01:00,3,29.93,7.28,5.88,136.033,14.579,1.03,0.065,0.047,1.136,,,2026-08-14 01:24:48
江西省,长江流域,乌江江口,2026-08-14 01:00,2,30.56,7.58,6.68,175.87,7.465,2.23,0.08,0.039,1.0082,,,2026-08-14 01:24:48
江西省,长江流域,棚下,2026-08-14 01:00,3,26.69,7.14,5.78,152.3572,13.9,2.63,0.076,0.091,1.508,,,2026-08-14 01:24:48
江西省,长江流域,丰城小港口,2026-08-14 01:00,2,30.221,7.3,7.19,126.16,20.4929,1.35,,0.042,1.1095,,,2026-08-14 01:24:48
江西省,长江流域,高安市青州村,2026-08-14 01:00,2,30.03,7.52,7.13,191.2,7.48,2.16,0.04,0.06,2.343,,,2026-08-14 01:24:48
江西省,长江流域,良田村,2026-08-14 01:00,2,28.27,7.35,7.18,179.65,8.45,2.14,0.007,0.059,1.45,,,2026-08-14 01:24:48
江西省,长江流域,三洪村,2026-08-14 01:00,2,27.77,6.84,6.31,86.52,18.91,1.13,0.04,0.056,1.095,,,2026-08-14 01:24:48
江西省,长江流域,肖江江口,2026-08-14 01:00,2,31.212,7.31,6.22,229.757,17.144,3.98,0.103,0.075,2.107,,,2026-08-14 01:24:48
江西省,长江流域,修河港口,2026-08-14 01:00,2,27.82,6.83,6.77,42.02,1.85,0.57,0.003,0.01,0.324,,,2026-08-14 01:24:48
江西省,长江流域,超坊,2026-08-14 01:00,2,28.88,7.54,6.89,112.816,37.151,3.35,0.068,0.096,1.3996,,,2026-08-14 01:24:48
江西省,长江流域,钟岭水厂,2026-08-14 01:00,2,29.67,7.35,6.43,99.24,36.16,3.69,0.042,0.072,1.4809,,,2026-08-14 01:24:48
江西省,长江流域,临水河口,2026-08-14 01:00,2,28.42,6.74,6.6,102.93,10.27,2.81,0.128,0.065,1.215,,,2026-08-14 01:24:48
江西省,长江流域,赵家湾,2026-08-14 01:00,3,30.114,6.8,5.58,268.348,27.5584,1.72,0.123,0.04,1.317,,,2026-08-14 01:24:48
江西省,长江流域,康山,2026-08-14 00:00,4,29.41,6.72,6.26,142.12,37.64,2.86,0.212,0.096,1.611,0.013,806000,2026-08-14 01:24:48
江西省,长江流域,野鸡山村,2026-08-14 01:00,3,29.9,7.1,5.65,446.18,29.1,1.91,0.09,0.042,1.152,,,2026-08-14 01:24:48
江西省,长江流域,瑞洪大桥,2026-08-14 01:00,6,31.11,6.74,1.68,147.6,29.82,1.67,,0.061,,,,2026-08-14 01:24:48
江西省,长江流域,弋阳,2026-08-14 01:00,2,27.23,7.23,7.13,103.64,15.63,2.34,0.006,0.077,1.033,,,2026-08-14 01:24:48
江西省,长江流域,鄱阳花园,2026-08-14 01:00,2,29.45,6.97,7.11,131.7,14.88,1.89,0.109,0.04,1.647,,,2026-08-14 01:24:48
江西省,长江流域,洎水河河口,2026-08-14 01:00,2,29.62,6.81,6.65,299.67,10.12,2.03,0.06,0.039,1.035,,,2026-08-14 01:24:48
江西省,长江流域,铅山,2026-08-14 01:00,2,27.4,7.32,8.56,120.78,10.6,2.5,0.069,0.097,0.333,,,2026-08-14 01:24:48
江西省,长江流域,旗山,2026-08-14 01:00,2,27.87,7.21,6.78,96.49,7.45,1.96,0.042,0.071,0.933,,,2026-08-14 01:24:48
江西省,长江流域,应家坊,2026-08-14 01:00,2,28.22,7.05,7.22,128.96,18.49,2.75,0.034,0.099,1.552,,,2026-08-14 01:24:48
山东省,淮河流域,辛丰庄,2026-08-14 01:00,6,27.914,7.67,3.54,895.2,16.233,4.28,2.226,0.09,6.842,,,2026-08-14 01:24:48
山东省,黄河流域,泺口,2026-08-14 00:00,2,26.66,8.38,9.94,,0.11,2.47,0.15,0.058,2.982,,,2026-08-14 01:24:48
山东省,淮河流域,睦里庄,2026-08-14 01:00,6,27.175,7.3,1.99,712.841,9.445,3.94,0.578,0.121,2.465,,,2026-08-14 01:24:48
山东省,黄河流域,卧虎山水库,2026-08-14 01:00,1,26.94,8.04,8.29,505.616,13.835,1.46,0.019,0.009,4.962,,,2026-08-14 01:24:48
山东省,淮河流域,斜拉桥,2026-08-14 01:00,4,28.454,8.94,9.4,858.443,11.523,7.37,0.086,0.048,1.075,,,2026-08-14 01:24:48
山东省,淮河流域,马连庄,2026-08-14 01:00,2,27.625,7.54,6.82,864.87,4.944,2.67,,0.021,10.264,,,2026-08-14 01:24:48
山东省,淮河流域,吉利河水库出口,2026-08-14 01:00,4,28.846,7.57,3.33,329.17,3.614,4.04,0.012,0.037,0.736,,,2026-08-14 01:24:48
山东省,淮河流域,墨水河入海口,2026-08-14 01:00,6,30.334,7.98,8.11,1834.8,21.86,17.57,0.004,0.239,5.177,,,2026-08-14 01:24:48
山东省,淮河流域,韩旺大桥,2026-08-14 01:00,2,26.652,7.87,6.5,808.343,2.898,2.09,0.015,0.012,21.79,,,2026-08-14 01:24:48
山东省,淮河流域,台儿庄大桥,2026-08-14 00:00,3,27.51,7.69,5.95,1325.7,51.07,4,0.095,0.037,1.552,,,2026-08-14 01:24:48
山东省,淮河流域,群乐桥,2026-08-14 00:00,6,25.53,7.54,0.56,1276.91,19.306,3.46,0.021,0.121,4.8,,,2026-08-14 01:24:48
山东省,淮河流域,王晁桥,2026-08-14 00:00,4,27.116,7.48,3.74,916.488,26.025,4.21,0.119,0.177,2.498,,,2026-08-14 01:24:48
山东省,淮河流域,十字河大桥,2026-08-14 00:00,3,27.268,8.06,6.52,1229.5,6.228,4.87,0.019,0.019,0.658,,,2026-08-14 01:24:48
山东省,淮河流域,贾庄闸,2026-08-14 00:00,3,28.64,7.8,6.06,1362.22,9.751,3.95,0.037,0.12,4.152,,,2026-08-14 01:24:48
山东省,淮河流域,支脉河陈桥,2026-08-14 01:00,4,28.055,8,10.17,6603.908,19,8.58,0.123,0.133,3.116,,,2026-08-14 01:24:48
山东省,淮河流域,新夹河大桥,2026-08-14 00:00,4,27.08727,7.53,3.61,844.5167,3.15625,4.55,0.03,0.022,0.18217,,,2026-08-14 01:24:48
山东省,淮河流域,东村河入海口,2026-08-14 01:00,3,26.987,7.24,7.74,652.881,123.881,5.66,0.023,0.08,0.959,,,2026-08-14 01:24:48
山东省,淮河流域,羊口,2026-08-14 01:00,6,29.145,7.46,0.17,6562.05,73.879,4.05,0.092,0.189,3.932,,,2026-08-14 01:24:48
山东省,淮河流域,峡山水库库中,2026-08-14 01:00,3,29.46,8.62,7.54,762.42,142.1,4.75,,0.032,0.702,0.01306,1.16117,2026-08-14 01:24:48
山东省,淮河流域,柳疃桥,2026-08-14 01:00,3,28.343,7.75,6.26,1400.997,19.28,6,0.043,0.125,7.039,,,2026-08-14 01:24:48
山东省,淮河流域,张建桥,2026-08-14 01:00,4,32.229,7.31,4.88,1621.486,20.798,4.42,0.066,0.072,9.462,,,2026-08-14 01:24:48
山东省,淮河流域,兖州南大桥,2026-08-14 00:00,5,28.283,7.49,2.56,799.953,23.186,3.98,0.108,0.076,1.8096,,,2026-08-14 01:24:48
山东省,淮河流域,105公路桥,2026-08-14 00:00,6,29.92,7.54,0.72,1858.71,40.256,5.77,0.931,0.295,3.778,,,2026-08-14 01:24:48
山东省,淮河流域,高河桥,2026-08-14 00:00,6,29.372,7.77,0.96,1777.23,40.015,5.69,0.467,0.201,3.641,,,2026-08-14 01:24:48
山东省,淮河流域,西石佛,2026-08-14 01:00,4,28.917,7.52,4.18,1076,9.321,3.65,0.325,0.138,1.965,,,2026-08-14 01:24:48
山东省,淮河流域,老运河微山段,2026-08-14 00:00,4,29.232,7.77,4.07,1345.27,19.201,5.39,0.241,0.067,1.434,,,2026-08-14 01:24:48
山东省,淮河流域,李集,2026-08-14 01:00,4,27.678,7.92,3.87,916.65,30.905,5.25,0.04,0.122,2.551,,,2026-08-14 01:24:48
山东省,淮河流域,尹沟,2026-08-14 00:00,3,29,8.07,6.09,796.71,30.7,4.59,0.169,0.044,1.784,0.03,,2026-08-14 01:24:48
山东省,淮河流域,西支河入湖口,2026-08-14 00:00,6,30.178,7.81,1.88,1335.13,33.17,6.22,0.112,0.082,2.299,,,2026-08-14 01:24:48
山东省,淮河流域,东石佛,2026-08-14 01:00,4,28.847,7.6,4.21,1035.054,25.362,3.74,0.082,0.041,3.3,,,2026-08-14 01:24:48
山东省,淮河流域,鲁桥,2026-08-14 00:00,3,29.768,7.96,7.26,1753.93,34.329,5.77,0.047,0.103,1.946,,,2026-08-14 01:24:48
山东省,淮河流域,牛庄闸,2026-08-14 00:00,3,28.642,7.8,5.37,940.141,16.922,3.13,0.258,0.025,4.745,,,2026-08-14 01:24:48
山东省,淮河流域,湘子庙,2026-08-14 01:00,6,27.74,8,0.18,1559.51,1.521,6.38,0.558,0.301,2.76345,,,2026-08-14 01:24:48
山东省,黄河流域,戴村坝,2026-08-14 00:00,3,29.36,7.2,5.18,800.76,2.73,2.77,0.105,0.03,3.817,,,2026-08-14 01:24:48
山东省,黄河流域,徐家汶,2026-08-14 01:00,6,26.51704,7.66,6.07,804.3511,105.9373,4.67,0.665,0.511,18.3638,,,2026-08-14 01:24:48
山东省,淮河流域,南桥,2026-08-14 01:00,4,29.168,8.11,3.89,1296.368,38.692,9.94,0.098,0.164,1.173,,,2026-08-14 01:24:48
山东省,淮河流域,大古镇,2026-08-14 01:00,4,29.24,7.48,6.33,880.98,26.85,7.26,0.009,0.249,8.243,,,2026-08-14 01:24:48
山东省,淮河流域,夏庄,2026-08-14 00:00,6,26.92,9.39,9.67,944.1,13.7,9.93,0.009,0.31,2.335,,,2026-08-14 01:24:48
山东省,黄河流域,贺小庄,2026-08-14 01:00,4,27.972,7.13,3.96,796.233,29.137,3.57,0.166,0.053,2.574,,,2026-08-14 01:24:48
山东省,淮河流域,临沂北大桥,2026-08-14 00:00,4,27.43,8.91,11.15,475.96,33.951,7.5,0.025,0.148,4.97,,,2026-08-14 01:24:48
山东省,淮河流域,捷庄,2026-08-14 01:00,4,29.62,7.72,11.37,663.682,14.213,6.11,0.166,0.162,2.658,,,2026-08-14 01:24:48
山东省,淮河流域,临沭大兴桥,2026-08-14 00:00,4,28.464,8.44,12,601.564,23.5,0.61,0.002,0.249,2.509,,,2026-08-14 01:24:48
山东省,淮河流域,310公路桥,2026-08-14 00:00,6,28.39,7.31,1.06,970.85,2.16,3.06,0.025,0.094,2.223,,,2026-08-14 01:24:48
山东省,淮河流域,沙沟桥,2026-08-14 00:00,3,26.44,7.57,5.16,766.93,7.98,3.41,0.067,0.12,4.585,,,2026-08-14 01:24:48
山东省,淮河流域,云蒙湖湖心,2026-08-14 00:00,2,23.23,8.28,9.5,413.1,6.47,3.19,,0.023,3.475,0.01363,3792640,2026-08-14 01:24:48
山东省,海河流域,第三店,2026-08-14 01:00,5,28.213,7.42,2.27,1434.39,56.379,3.21,0.461,0.116,4.121,,,2026-08-14 01:24:48
山东省,海河流域,董姑桥,2026-08-14 01:00,4,24.94,7.72,3.52,1284.5,79,5.38,0.36,0.135,1.67,,,2026-08-14 01:24:48
山东省,海河流域,油坊桥,2026-08-14 01:00,4,28.154,7.57,4.95,749.255,268.192,2.73,0.299,0.184,1.414,,,2026-08-14 01:24:48
山东省,海河流域,秤勾湾,2026-08-14 00:00,3,27.21,7.81,5.87,718.37,99.82,0.23,0.813,0.118,6.5591,,,2026-08-14 01:24:48
山东省,海河流域,北湖,2026-08-14 01:00,2,29.14,8.72,9.03,935.9,1.97,2.28,,0.011,2.114,0.00403,2320089,2026-08-14 01:24:48
山东省,海河流域,小泊头桥,2026-08-14 01:00,4,28.085,7.77,5.17,1040.591,130.062,2.65,0.111,0.221,4.982,,,2026-08-14 01:24:48
山东省,海河流域,芦家河子水库,2026-08-14 01:00,3,28.538,8.84,5.92,834.9,19.031,3.36,0.009,0.042,1.345,,,2026-08-14 01:24:48
山东省,海河流域,三角洼水库,2026-08-14 01:00,2,24.436,8.56,9.96,1087.846,17.237,1.95,0.038,0.028,0.426,,,2026-08-14 01:24:48
山东省,淮河流域,西闸,2026-08-14 01:00,3,28.465,7.76,6.74,2110.948,93.845,4.16,0.26,0.138,6.486,,,2026-08-14 01:24:48
山东省,淮河流域,范李,2026-08-14 01:00,3,29.484,7.75,6.12,1878.11,20.34,3.32,0.13,0.164,5.373,,,2026-08-14 01:24:48
山东省,海河流域,邵家,2026-08-14 01:00,4,29.254,7.68,3.72,5895.35,39.96,7.28,0.144,0.158,2.577,,,2026-08-14 01:24:48
山东省,淮河流域,于楼,2026-08-14 00:00,6,27.542,7.88,1.47,1215.12,204.341,4.7,0.566,0.169,2.846,,,2026-08-14 01:24:48
山东省,淮河流域,徐寨,2026-08-14 00:00,6,26.293,7.58,1.24,1082.15,197.315,6.16,0.907,0.229,4.52,,,2026-08-14 01:24:48
河南省,黄河流域,七里铺,2026-08-14 01:00,6,24.7579,7.7,6.77,379.487,382.643,6.47,0.605,0.728,4.007,,,2026-08-14 01:24:48
河南省,淮河流域,尖岗水库,2026-08-14 00:00,2,27.06,8.66,8.89,260.5317,1.7791,2.03,0.021,0.01,0.4334,,,2026-08-14 01:24:48
河南省,淮河流域,新郑黄甫寨,2026-08-14 00:00,5,24.58,7.53,4.37,376.19,117.54,3.81,0.663,0.319,3.0381,,,2026-08-14 01:24:48
河南省,淮河流域,通许邸阁,2026-08-14 01:00,6,24.64,7.65,2.61,213.78,294.59,7.26,0.564,1.001,1.262,,,2026-08-14 01:24:48
河南省,黄河流域,高崖寨,2026-08-14 00:00,6,23.21,7.87,7.17,337.81,1025.72,11.07,0.028,0.596,,,,2026-08-14 01:24:48
河南省,黄河流域,白马寺,2026-08-14 00:00,6,23.1,7.62,8.12,311.5,2948.3,14.4,0.348,0.95,,,,2026-08-14 01:24:48
河南省,淮河流域,大陈闸,2026-08-14 00:00,2,26.55842,7.86,7.01,,0.50555,,,,,,,2026-08-14 01:24:48
河南省,淮河流域,白龟山水库,2026-08-14 01:00,3,27.17,7.95,5.87,459.16,8.91,2.4,0.026,0.024,0.388,0.02217,7367000,2026-08-14 01:24:48
河南省,淮河流域,舞钢石庄桥,2026-08-14 00:00,6,23.90094,6.91,3.35,244.2668,57.18668,8.74,0.63,0.404,10.22159,,,2026-08-14 01:24:48
河南省,海河流域,彰武水库,2026-08-14 00:00,2,27.277,7.81,7.37,579,4.55,2.21,,0.021,3.6579,,,2026-08-14 01:24:48
河南省,海河流域,冯宿桥,2026-08-14 00:00,3,27.55,7.79,5.46,578.0047,61.414,2.9,0.646,0.143,5.9136,,,2026-08-14 01:24:48
河南省,海河流域,五陵,2026-08-14 01:00,4,24.46,7.79,5.1,1362.8,74.3,3.88,0.412,0.22,7.075,,,2026-08-14 01:24:48
河南省,海河流域,石辛庄,2026-08-14 00:00,4,27.2,7.77,5.38,923.0178,54.985,4.43,1.315,0.272,10.7054,,,2026-08-14 01:24:48
河南省,海河流域,黄花营,2026-08-14 00:00,1,28.12,8.3,10.23,455.6209,3.0463,0.2,,0.011,5.5716,,,2026-08-14 01:24:48
河南省,海河流域,前枋城,2026-08-14 01:00,2,20.853,7.95,7.33,519.54,6.181,1.36,0.014,0.007,5.3916,,,2026-08-14 01:24:48
河南省,海河流域,卫河小河口,2026-08-14 00:00,6,25.28,7.57,0.03,1169.532,34.66,3.78,3.162,0.229,8.1297,,,2026-08-14 01:24:48
河南省,海河流域,修武水文站,2026-08-14 00:00,5,26.09,7.61,5.26,1426.155,155.01,4.78,1.016,0.398,6.595,,,2026-08-14 01:24:48
河南省,海河流域,获嘉东碑村,2026-08-14 01:00,6,26.78,8.13,1.53,970.07,28.71,3.99,1.988,0.326,4.018,,,2026-08-14 01:24:48
河南省,黄河流域,封丘陶北,2026-08-14 01:00,6,25.53,7.27,3.44,591.6,133.72,12.76,0.601,0.439,2.586,,,2026-08-14 01:24:48
河南省,黄河流域,封丘王堤,2026-08-14 01:00,6,26.326,7.45,4.79,759.74,42.82,5.22,3.085,0.341,5.6329,,,2026-08-14 01:24:48
河南省,黄河流域,武陟渠首,2026-08-14 00:00,3,24.83,8.02,,844.14,58.33,1.95,0.213,0.134,4.179,,,2026-08-14 01:24:48
河南省,黄河流域,孟州石井,2026-08-14 00:00,6,28.08942,7.32,1.96,2191.953,44.1012,6.11,1.4,0.319,6.36242,,,2026-08-14 01:24:48
河南省,黄河流域,孟州还封村,2026-08-14 00:00,6,26.20253,7.43,4.12,1378.992,64.15253,3.98,0.791,0.445,9.15448,,,2026-08-14 01:24:48
河南省,海河流域,南乐元村集,2026-08-14 01:00,4,22.77,7.52,5.65,969.89,125.19,2.53,0.215,0.202,6.201,,,2026-08-14 01:24:48
河南省,海河流域,濮阳西水坡,2026-08-14 01:00,4,28.47,8.14,3,874.6,5.76,2.47,,0.017,0.838,,,2026-08-14 01:24:48
河南省,黄河流域,濮阳大韩桥,2026-08-14 01:00,6,26.43,7.57,2.27,681.72,100.72,6.76,2.698,0.706,2.222,,,2026-08-14 01:24:48
河南省,淮河流域,白沙水库,2026-08-14 01:00,3,26.8667,7.81,5.31,782.132,11.7167,2.47,0.083,0.024,3.5679,,,2026-08-14 01:24:48
河南省,淮河流域,召陵武湾,2026-08-14 00:00,6,22.44,8.35,7.76,,604.2,11.36,0.72,1.198,13.057,,,2026-08-14 01:24:48
河南省,淮河流域,郾城漯邓桥,2026-08-14 00:00,6,25.7,6.93,2.25,457.5,42.3,8.29,0.675,0.542,3.92,,,2026-08-14 01:24:48
河南省,长江流域,淅川荆紫关,2026-08-14 01:00,3,24.64159,7.91,7,294.6055,57.0409,4.42,0.005,0.186,1.108,,,2026-08-14 01:24:48
河南省,长江流域,淅川史家湾,2026-08-14 01:00,2,25.14,7.9,7.64,294.244,68.467,3.79,,0.077,2.5935,0.00272,,2026-08-14 01:24:48
河南省,长江流域,淅川高湾,2026-08-14 01:00,4,24.95,7.85,8.31,297.581,55.385,6.67,,0.083,3.2147,0.0061,,2026-08-14 01:24:48
河南省,长江流域,淅川张营,2026-08-14 01:00,2,27.92,7.97,6.01,288.837,9.141,3.37,,0.036,1.6902,0.00672051,,2026-08-14 01:24:48
河南省,长江流域,五龙泉,2026-08-14 00:00,2,27.22,8.18,7.01,264.42,4.61,1.56,0.012,0.01,0.762,0.0017,715281.3,2026-08-14 01:24:48
河南省,长江流域,宋岗,2026-08-14 01:00,2,27.88,8.44,7.09,260.05,4.7245,1.41,0.009,0.007,0.799,0.00437,1196994,2026-08-14 01:24:48
河南省,长江流域,陶岔,2026-08-14 01:00,2,27.92,8.36,6.3,253.816,4.086,1.4,0.008,0.014,0.7653,0.003,783070,2026-08-14 01:24:48
河南省,长江流域,三道河,2026-08-14 01:00,1,20.995,7.47,8.56,350.011,48.08,1.97,0.007,0.012,3.01,,,2026-08-14 01:24:48
河南省,长江流域,上河,2026-08-14 00:00,3,21.69,7.81,9.04,135.712,16.63973,5.18,0.003,0.028,3.45142,,,2026-08-14 01:24:48
河南省,长江流域,内乡怀乡桥,2026-08-14 00:00,3,23.52799,7.73,7.76,241.9209,23.17979,5.19,0.002,0.048,2.4843,,,2026-08-14 01:24:48
河南省,淮河流域,新野溧河桥,2026-08-14 00:00,6,23.98681,7.05,3.73,291.4586,247.0342,12.26,0.101,0.871,11.45622,,,2026-08-14 01:24:48
河南省,淮河流域,吕楼桥,2026-08-14 01:00,6,25.66,7.45,0.38,566.117,46.949,5.5,2.179,0.354,5.1124,,,2026-08-14 01:24:48
河南省,淮河流域,黄口,2026-08-14 01:00,5,25.02,7.77,2.52,1052.658,7.033,3.6,1.063,0.162,4.7448,,,2026-08-14 01:24:48
河南省,淮河流域,睢县板桥,2026-08-14 01:00,6,25.95,7.32,1.21,484.29,158.14,6.93,1.729,0.344,5.886,,,2026-08-14 01:24:48
河南省,淮河流域,永城张板桥,2026-08-14 01:00,4,25.42,7.94,5.73,1243.66,47.86,7.02,0.305,0.18,2.337,,,2026-08-14 01:24:48
河南省,淮河流域,长台关甘岸桥,2026-08-14 00:00,3,26.78,7.66,6.65,374.13,24.64,4.03,0.05,0.114,0.913,,,2026-08-14 01:24:48
河南省,淮河流域,息县大埠口,2026-08-14 00:00,5,25.973,7.16,2.65,293.879,49.30337,3.59,0.091,0.104,1.44794,,,2026-08-14 01:24:48
河南省,淮河流域,潢川水文站,2026-08-14 00:00,6,27.3845,6.6,4.61,166.79,166.003,5.52,0.236,0.536,1.422,,,2026-08-14 01:24:48
河南省,淮河流域,淮滨北庙,2026-08-14 00:00,3,27.41,7.15,5.81,213.4539,240.2983,3.35,0.09,0.111,1.02052,,,2026-08-14 01:24:48
河南省,淮河流域,饮用水源地取水口,2026-08-14 01:00,3,27.57,7.95,6.41,164.48,5.71,3.03,,0.026,0.328,0.044,47000,2026-08-14 01:24:48
河南省,淮河流域,固始马罡,2026-08-14 00:00,4,27.3624,7.25,4.43,154.007,6.2013,2.66,0.019,0.03,0.8277,,,2026-08-14 01:24:48
河南省,淮河流域,老沈丘泉河桥,2026-08-14 01:00,6,26.35,7.46,0.88,567.784,155.606,6.43,0.672,0.155,4.2676,,,2026-08-14 01:24:48
河南省,淮河流域,刘寨村后,2026-08-14 01:00,5,26.33,7.59,2.05,1019,53.83,4.31,0.659,0.13,2.8008,,,2026-08-14 01:24:48
河南省,淮河流域,西华大王庄,2026-08-14 01:00,6,25.275,7.74,3.51,340.06,586.565,4.14,2.578,1.062,2.584,,,2026-08-14 01:24:48
河南省,淮河流域,商水双桥,2026-08-14 00:00,6,25.51,7.3,3.02,523.4921,150.3908,10.91,0.806,0.852,6.14,,,2026-08-14 01:24:48
河南省,淮河流域,鄢陵陶城闸,2026-08-14 00:00,6,24.3,7.7,7.14,305.4,265.85,6.37,0.981,0.737,3.0812,,,2026-08-14 01:24:48
河南省,淮河流域,鹿邑付桥,2026-08-14 01:00,5,25.71,7.54,2.76,727.462,135.914,4.87,0.667,0.133,4.4618,,,2026-08-14 01:24:48
河南省,淮河流域,西华址坊,2026-08-14 01:00,6,24.41,7.55,3.73,445.81,1046.05,12.07,1.404,1.279,,,,2026-08-14 01:24:48
河南省,淮河流域,冯塘邱屯,2026-08-14 00:00,6,25.15,7.31,0.44,448.5254,15.71094,6.05,0.604,0.198,3.29621,,,2026-08-14 01:24:48
河南省,淮河流域,西平杨庄,2026-08-14 00:00,4,24.51165,6.97,4.75,255.8366,117.699,7.36,0.642,0.259,2.78983,,,2026-08-14 01:24:48
河南省,淮河流域,板桥水库,2026-08-14 00:00,6,25.25,7.61,3.31,274.5711,19.88,42.73,0.028,0.031,0.428,,,2026-08-14 01:24:48
河南省,淮河流域,西平王孟寺,2026-08-14 00:00,6,24.21219,6.79,1.93,434.9626,54.49677,8.24,0.911,0.389,8.8191,,,2026-08-14 01:24:48
河南省,黄河流域,小浪底水库,2026-08-14 01:00,4,27.46,7.82,4.41,822.032,23.8,,,0.04,3.278,,,2026-08-14 01:24:48
湖北省,长江流域,沐家泾,2026-08-14 01:00,3,27.56,7.47,5.36,182.29,85.933,5.02,0.017,0.132,1.336,,,2026-08-14 01:24:48
湖北省,长江流域,牛山湖湖心,2026-08-14 01:00,4,28.97,8.08,6.84,175.091,23.504,4.17,,0.053,0.034,0.00444,2.694663,2026-08-14 01:24:48
湖北省,长江流域,西梁子湖湖北,2026-08-14 01:00,3,29.3241,8.05,6.46,172.86,23.728,4.66,0.036,0.046,0.762,0.0038,2.563973,2026-08-14 01:24:48
湖北省,长江流域,杨泗港,2026-08-14 01:00,2,27.91,7.88,7.91,292.114,49.45,1.41,,0.072,1.87,,,2026-08-14 01:24:48
湖北省,长江流域,冯集,2026-08-14 01:00,3,28.6,7.6,6.54,210.841,27.104,4.58,0.065,0.179,1.317,,,2026-08-14 01:24:48
湖北省,长江流域,龙口,2026-08-14 00:00,3,28.65,7.71,5.18,181.9,14.8,5.42,0.092,0.069,1.027,,,2026-08-14 01:24:48
湖北省,长江流域,金水闸,2026-08-14 01:00,6,29.28,6.97,1.02,272.5,25.98,3.89,0.49,0.057,1.054,,,2026-08-14 01:24:48
湖北省,长江流域,郭玉,2026-08-14 01:00,3,29.091,7.71,7.4,194.5,33,4.69,,0.162,2.588,,,2026-08-14 01:24:48
湖北省,长江流域,滠口,2026-08-14 00:00,3,27.34,7.36,5.7,231.1134,51.42,4.44,0.163,0.113,1.4626,,,2026-08-14 01:24:48
湖北省,长江流域,港洲村,2026-08-14 01:00,4,29.17,7.43,3.76,490.75,9.841499,3.65,0.443,0.12,1.117,,,2026-08-14 01:24:48
湖北省,长江流域,黄陵大桥,2026-08-14 01:00,4,29.394,7.4,3.19,467.432,20.382,7.26,0.158,0.111,1.006,,,2026-08-14 01:24:48
湖北省,长江流域,白浒山,2026-08-14 01:00,3,28.16,7.9,5.79,331.7314,55.54855,1.19,0.002,0.081,1.698396,,,2026-08-14 01:24:48
湖北省,长江流域,挖沟泵站,2026-08-14 01:00,-1,,,,,,,,,,,,2026-08-14 01:24:48
湖北省,长江流域,富池闸,2026-08-14 01:00,3,29.57,7.41,5.99,215.3801,10.91904,2.87,0.042,0.056,1.107979,,,2026-08-14 01:24:48
湖北省,长江流域,大冶湖闸,2026-08-14 00:00,4,31.2,7.38,4.52,316.83,26.29,3.71,0.1,0.061,0.53,,,2026-08-14 01:24:48
湖北省,长江流域,夹河口,2026-08-14 00:00,2,20.92,7.75,6.69,271.783,93.67,3.61,0.278,0.055,2.581,,,2026-08-14 01:24:48
湖北省,长江流域,天河口,2026-08-14 00:00,2,26.8,8.05,7.12,381.19,5.89,2.21,0.27,0.053,1.322,,,2026-08-14 01:24:48
湖北省,长江流域,焦家院,2026-08-14 01:00,2,23.25,7.68,6.14,237.777,14.474,2.32,0.016,0.043,1.1469,,,2026-08-14 01:24:48
湖北省,长江流域,孙家湾,2026-08-14 00:00,4,22.6,7.16,8.26,168.62,74.88,8.13,0.135,0.126,2.744,,,2026-08-14 01:24:48
湖北省,长江流域,丹江口水库坝上中,2026-08-14 01:00,2,28.82,8.14,6.73,236.696,2.726218,1.28,0.076,0.006,0.8785,0.0040767,1.8807,2026-08-14 01:24:48
湖北省,长江流域,陈家坡,2026-08-14 00:00,2,26.54,7.88,6.85,273.19,13.63,1.79,0.22,0.03,1.2588,,,2026-08-14 01:24:48
湖北省,长江流域,潘口水库坝上,2026-08-14 01:00,2,28.24,8.88,11.89,176.4,9,2.2,,0.008,0.233,,,2026-08-14 01:24:48
湖北省,长江流域,剑河口,2026-08-14 00:00,3,27.03,7.22,5.39,206.73,15.41,3.96,0.067,0.079,1.916,,,2026-08-14 01:24:48
湖北省,长江流域,东湾桥,2026-08-14 00:00,4,23.06,7.71,8.42,259.2602,38.28,8.77,0.123,0.138,3.3432,,,2026-08-14 01:24:48
湖北省,长江流域,神定河口,2026-08-14 01:00,4,23.8,8.33,8.9,428.033,98.939,6.08,0.308,0.161,5.99,,,2026-08-14 01:24:48
湖北省,长江流域,王河电站,2026-08-14 00:00,2,26.94,8.08,7.39,366.641,16.49,2.61,0.036,0.024,1.3333,,,2026-08-14 01:24:48
湖北省,长江流域,隔河岩水库坝上,2026-08-14 01:00,2,20.76,8.57,7.47,195.13,2.28,1.43,,0.012,1.733,0.03483,4142121,2026-08-14 01:24:48
湖北省,长江流域,长沙坝,2026-08-14 01:00,2,25.693,8,6.77,466.224,3.824,1.63,0.018,0.018,1.557,,,2026-08-14 01:24:48
湖北省,长江流域,清江大桥,2026-08-14 00:00,2,21.65,7.53,6.66,318.799,24.329,1.82,0.003,0.049,3.151,,,2026-08-14 01:24:48
湖北省,长江流域,南津关,2026-08-14 01:00,2,27.08,7.91,7.59,497.97,11.03489,1.16,0.021,0.038,1.4451,0.0208046,,2026-08-14 01:24:48
湖北省,长江流域,马渡河,2026-08-14 00:00,2,20.71,7.58,7.46,382.13,18.69,2.14,0.012,0.059,2.92,,,2026-08-14 01:24:48
湖北省,长江流域,两河口,2026-08-14 00:00,2,25.208,7.96,7.57,481.0131,41.8835,3.79,0.042,0.092,2.9249,,,2026-08-14 01:24:48
湖北省,长江流域,桅杆坪,2026-08-14 00:00,2,18.78,7.45,6.18,282.57,0.87,1.44,,0.032,2.952,,,2026-08-14 01:24:48
湖北省,长江流域,白石港,2026-08-14 01:00,2,26.46,8.38,7.14,304.265,6.458,,,,,,,2026-08-14 01:24:48
湖北省,长江流域,云池,2026-08-14 00:00,2,26.22,7.86,7.49,403.04,10.04,1.4,,0.034,1.627,,,2026-08-14 01:24:48
湖北省,长江流域,沈湾,2026-08-14 01:00,2,17.15,7.64,6.34,357.6,24.3,2.98,0.099,0.075,2.176,,,2026-08-14 01:24:48
湖北省,长江流域,朱市,2026-08-14 00:00,5,23.68,7.61,6.4,288.2904,286.18,8.06,0.971,0.39,4.835,,,2026-08-14 01:24:48
湖北省,长江流域,燕矶,2026-08-14 00:00,2,28.48,7.72,6.89,323.86,55.62,1.79,,0.072,2.237,,,2026-08-14 01:24:48
湖北省,长江流域,东梁子湖湖心,2026-08-14 01:00,4,28.7,7.7,5.14,182.105,48.998,4.78,0.116,0.07,0.772,,,2026-08-14 01:24:48
湖北省,长江流域,梁子湖七星站,2026-08-14 01:00,3,29.21,7.65,5.75,182.3799,40.4965,4.96,0.095,0.012,1.756365,0.03368943,,2026-08-14 01:24:48
湖北省,长江流域,漳河水库库心,2026-08-14 01:00,1,26.78,8.34,8.36,315.0615,4.2001,1.76,0.026,0.003,0.391,2,8.1115,2026-08-14 01:24:48
湖北省,长江流域,转斗,2026-08-14 01:00,4,23.53,7.53,6.11,390.959,240.468,5.48,0.312,0.223,2.115,,,2026-08-14 01:24:48
湖北省,长江流域,罗汉闸,2026-08-14 01:00,4,24.01,7.55,7.34,313.94,136.63,2.09,0.096,0.243,2.0426,,,2026-08-14 01:24:48
湖北省,长江流域,京山河邓李港,2026-08-14 01:00,3,27.16,7.34,6.73,432.0027,23.6862,4.61,0.13,0.163,2.05,,,2026-08-14 01:24:48
湖北省,长江流域,马良龚家湾,2026-08-14 01:00,2,24.565,7.53,6.49,350.992,50.0189,3.22,0.106,0.094,1.3836,,,2026-08-14 01:24:48
湖北省,长江流域,应城公路桥,2026-08-14 00:00,2,27.79,7.96,6,475.05,41.04,2.56,0.058,0.068,0.7906,,,2026-08-14 01:24:48
湖北省,长江流域,田店泵站,2026-08-14 01:00,2,27.25,7.83,7.19,411.77,15.2953,2.03,0.044,0.043,0.54297,,,2026-08-14 01:24:48
湖北省,长江流域,垌冢桥,2026-08-14 01:00,4,27.329,7.21,3.54,348.054,52.741,3.26,0.166,0.207,2.986,,,2026-08-14 01:24:48
湖北省,长江流域,新沟闸,2026-08-14 01:00,5,28.74,7.57,2.87,424.23,36.11,3.36,0.13,0.133,1.846,,,2026-08-14 01:24:48
湖北省,长江流域,小河,2026-08-14 01:00,4,28.41,7.92,4.58,347.08,433.05,,,,,,,2026-08-14 01:24:48
湖北省,长江流域,孝昌王店,2026-08-14 01:00,4,26.55,7.12,6.4,217.27,38.8315,5.42,0.286,0.223,2.4808,,,2026-08-14 01:24:48
湖北省,长江流域,孝感河口大桥,2026-08-14 01:00,3,28.4,7.39,5.66,300.739,56.861,4.77,0.333,0.151,1.985,,,2026-08-14 01:24:48
湖北省,长江流域,大悟河口,2026-08-14 00:00,2,27.33,7.62,6.62,242.4,14.43,3.7,0.046,0.054,0.6334,,,2026-08-14 01:24:48
湖北省,长江流域,安陆桑树,2026-08-14 01:00,2,26.72,7.91,7.26,449.45,28.1759,2.7,0.045,0.047,0.56159,,,2026-08-14 01:24:48
湖北省,长江流域,隔蒲桥,2026-08-14 01:00,4,28.28,7.33,4.36,343.91,37.567,6.53,0.057,0.114,1.5886,,,2026-08-14 01:24:48
湖北省,长江流域,汉川新堰,2026-08-14 01:00,5,28.17,7.21,2.08,429.44,55.611,3.9,0.531,0.187,2.18,,,2026-08-14 01:24:48
湖北省,长江流域,杨柴湖,2026-08-14 01:00,5,26.2,6.82,2.75,315,13.2,5.71,,0.092,0.341,0.00207,67678.3,2026-08-14 01:24:48
湖北省,长江流域,排水闸,2026-08-14 00:00,4,26.23,7.63,6.33,305.4456,108.119,3.49,,0.075,0.834,0.00134,4.947349,2026-08-14 01:24:48
湖北省,长江流域,洪湖湖心,2026-08-14 01:00,4,25.9,7.96,6.97,301.47,317.318,5.34,0.169,0.092,2.048,0.0002,159543,2026-08-14 01:24:48
湖北省,长江流域,观音寺,2026-08-14 00:00,-1,,,,,,,,,,,,2026-08-14 01:24:48
湖北省,长江流域,新刘家台,2026-08-14 01:00,3,26.851,7.78,5,344.35,264.15,5.09,0.005,0.199,2.342,,,2026-08-14 01:24:48
湖北省,长江流域,荆州河口,2026-08-14 00:00,2,26.45,7.79,6.91,569.6917,45.8454,3.56,0.002,0.099,2.5574,,,2026-08-14 01:24:48
湖北省,长江流域,康家岗,2026-08-14 01:00,2,26.29,7.81,7.09,402.898,28.3786,1.08,0.002,0.057,,,,2026-08-14 01:24:48
湖北省,长江流域,新河村,2026-08-14 01:00,5,26.539,7.39,2.21,423,18.251,3.75,,0.127,1.897,,,2026-08-14 01:24:48
湖北省,长江流域,新滩,2026-08-14 01:00,4,28.016,7.55,3.53,356.25,60.455,3.54,,0.128,1.796,,,2026-08-14 01:24:48
湖北省,长江流域,淤泥湖,2026-08-14 01:00,3,27.1,8.12,7.35,393.6,28,1.54,0.007,0.194,1.632,,,2026-08-14 01:24:48
湖北省,长江流域,杨家垱,2026-08-14 00:00,3,25.72,7.9,7.27,379.33,34.85,1.11,0.017,0.196,1.908,,,2026-08-14 01:24:48
湖北省,长江流域,调关,2026-08-14 01:00,2,26.4,7.9,7.6,403.5587,16.4021,0.93,,0.048,1.5876,,,2026-08-14 01:24:48
湖北省,长江流域,砖瓦厂,2026-08-14 01:00,2,26.87,8.03,7.31,480.463,15.4081,1.17,,0.054,1.656,,,2026-08-14 01:24:48
湖北省,长江流域,三兴公,2026-08-14 00:00,6,26.687,7.28,0.25,514.41,7.372,4.08,0.577,0.089,1.554,,,2026-08-14 01:24:48
湖北省,长江流域,东关桥,2026-08-14 00:00,4,26.4,7.57,3.68,430,34.8,2.48,0.128,0.122,3.2476,,,2026-08-14 01:24:48
湖北省,长江流域,姚集,2026-08-14 01:00,4,26.1,7.41,3.98,494.4,26.7,3.45,0.434,0.11,1.811,,,2026-08-14 01:24:48
湖北省,长江流域,乌溪沟,2026-08-14 01:00,2,22.06708,8.15,8.52,323.3609,16.24347,1.15,0.024,0.077,1.898442,,,2026-08-14 01:24:48
湖北省,长江流域,白莲河水库坝上,2026-08-14 01:00,3,28.576,8.94,5.26,111,4.418,3.25,0.022,0.03,0.4144,0.018496,52066,2026-08-14 01:24:48
湖北省,长江流域,巴河镇河口,2026-08-14 01:00,4,29.219,6.78,4.76,140.223,13.732,3.34,0.044,0.084,1.037,,,2026-08-14 01:24:48
湖北省,长江流域,兰溪大桥,2026-08-14 01:00,2,30.393,8.51,10.04,143.825,10.026,3.31,0.054,0.033,0.831,,,2026-08-14 01:24:48
湖北省,长江流域,中官铺,2026-08-14 01:00,2,28.907,7.79,6.79,349.117,59.5,1.79,,0.073,2.194,,,2026-08-14 01:24:48
湖北省,长江流域,蕲春县八里湖,2026-08-14 00:00,3,29.71,7.31,5.41,196.6525,84.74,3.23,0.347,0.176,1.856,,,2026-08-14 01:24:48
湖北省,长江流域,咸宁湖心,2026-08-14 01:00,4,28.66,8.13,5.81,187.527,23.303,5.53,0.163,0.085,1.147,0.0141,2.880597,2026-08-14 01:24:48
湖北省,长江流域,窑嘴大桥,2026-08-14 00:00,6,28.52,7.21,1.36,383.4895,20.82,1.73,0.29,0.102,3.137,,,2026-08-14 01:24:48
湖北省,长江流域,陆溪口,2026-08-14 01:00,3,28.15,7.35,5.34,201,15.11,3.13,0.191,0.066,1.804,,,2026-08-14 01:24:48
湖北省,长江流域,洪下水文站,2026-08-14 01:00,2,27.5,7.51,6.49,186.7,4.96,1.07,0.063,0.047,1.098,,,2026-08-14 01:24:48
湖北省,长江流域,厉山,2026-08-14 00:00,3,25.53,8.28,8.05,,19.44,6,0.213,0.178,1.9284,,,2026-08-14 01:24:48
湖北省,长江流域,平林,2026-08-14 01:00,4,27.56,7.08,4.31,358.764,10.212,5.25,0.527,0.146,1.792,,,2026-08-14 01:24:48
湖北省,长江流域,涢水大桥,2026-08-14 00:00,5,26.03,7.26,2.76,330.05,15.24,4.71,0.256,0.113,1.5682,,,2026-08-14 01:24:48
湖北省,长江流域,江口村,2026-08-14 00:00,1,27.43,8.64,11.04,186.78,3.142,1.13,0.009,0.009,1.196,,,2026-08-14 01:24:48
湖北省,长江流域,雪照河,2026-08-14 00:00,2,21.53,8.28,8.73,340.39,22.328,1.53,,0.066,3.417,,,2026-08-14 01:24:48
湖北省,长江流域,周家坝,2026-08-14 00:00,2,20.97,7.97,8.99,189.62,52.46,0.88,,0.025,2.6,,,2026-08-14 01:24:48
湖北省,长江流域,百福司镇,2026-08-14 01:00,2,22.161,7.63,8.46,213.984,5.409,1.15,0.043,0.035,1.405,,,2026-08-14 01:24:48
湖北省,长江流域,长顺乡,2026-08-14 01:00,2,19.838,7.74,9.42,187.927,83.7921,1.63,0.04,0.039,1.8,,,2026-08-14 01:24:48
湖北省,长江流域,积玉口荷花村,2026-08-14 00:00,4,25.83,7.66,3.77,375.0994,34.1684,4.62,0.332,0.099,1.31,,,2026-08-14 01:24:48
湖北省,长江流域,潜江大桥,2026-08-14 00:00,3,24.64,7.77,6.57,317.4712,140.56,2.74,0.275,0.112,2.449,,,2026-08-14 01:24:48
湖北省,长江流域,运粮湖同心队,2026-08-14 01:00,6,25.402,7.44,1.32,417.65,23.805,3.79,1.03,0.158,2.235,,,2026-08-14 01:24:48
湖北省,长江流域,岳口,2026-08-14 00:00,3,25.9,7.67,5.81,339.5,201.87,4.84,0.436,0.162,3.668,,,2026-08-14 01:24:48
湖北省,长江流域,拖市,2026-08-14 00:00,4,25.17,7.48,4.48,562.5,40.032,7.05,0.401,0.173,1.9465,,,2026-08-14 01:24:48
湖北省,长江流域,阳日湾,2026-08-14 01:00,6,17.108,8.11,9.52,288.302,280.659,3.24,0.197,0.6,2.2406,,,2026-08-14 01:24:48
湖南省,长江流域,昭山,2026-08-14 00:00,2,28.7,7.57,6.66,218.7,11.5,1.63,,0.057,1.499,,,2026-08-14 01:24:48
湖南省,长江流域,捞刀河口,2026-08-14 00:00,5,29.52,6.58,2.29,220.1,18.29,3,0.37,0.085,2.281,,,2026-08-14 01:24:48
湖南省,长江流域,三角洲,2026-08-14 01:00,4,28.3,7.01,3.42,233.23,28.02,1.05,0.137,0.141,3.219,,,2026-08-14 01:24:48
湖南省,长江流域,胜利,2026-08-14 01:00,5,27.65,7.02,2.81,408.8,15.98,3.39,0.194,0.09,1.787,,,2026-08-14 01:24:48
湖南省,长江流域,桔子洲,2026-08-14 00:00,2,29.22,7.83,6.15,251.1784,7.03,1.02,0.054,0.062,1.409,,,2026-08-14 01:24:48
湖南省,长江流域,湘东沿塘,2026-08-14 00:00,2,25.951,7.01,6.96,85.473,8.19,2.83,0.102,0.079,2.094,,,2026-08-14 01:24:48
湖南省,长江流域,马家河,2026-08-14 01:00,2,30.14,7.61,6.17,227.62,4.61,1.92,0.026,0.053,1.497,,,2026-08-14 01:24:48
湖南省,长江流域,渌水入河口,2026-08-14 01:00,4,30.0333,7.54,4.84,278.3792,8.1724,2.42,0.101,0.11,1.908,,,2026-08-14 01:24:48
湖南省,长江流域,涟水入河口,2026-08-14 01:00,3,29.38,7.88,5.78,366.68,29.8,2.54,0.063,0.062,1.5903,,,2026-08-14 01:24:48
湖南省,长江流域,西阳渡口,2026-08-14 01:00,2,28.01,7.84,6.55,333.79,5.844,1.75,0.024,0.029,1.624,,,2026-08-14 01:24:48
湖南省,长江流域,归阳镇,2026-08-14 01:00,2,31,7.6,6.26,176.95,0.3,1.5,0.022,0.031,1.079,,,2026-08-14 01:24:48
湖南省,长江流域,舂陵水入湘江口,2026-08-14 01:00,3,30.3222,7.78,5.64,290.6366,5.7311,1.64,0.033,0.077,1.3271,,,2026-08-14 01:24:48
湖南省,长江流域,耒水入湘江口,2026-08-14 01:00,3,27.9915,7.34,5.45,223.4087,6.7856,1.34,0.033,0.069,1.4,,,2026-08-14 01:24:48
湖南省,长江流域,熬洲,2026-08-14 00:00,2,28.16,7.54,6.47,204.0154,3.5965,0.79,0.02,0.063,1.208,,,2026-08-14 01:24:48
湖南省,长江流域,大河滩,2026-08-14 01:00,3,25.32,6.99,5.48,236.63,1.96,1.97,0.07,0.065,1.247,,,2026-08-14 01:24:48
湖南省,长江流域,草市镇,2026-08-14 01:00,3,28.5397,6.68,5.54,138.908,8.4065,2.38,0.059,0.049,1.359,,,2026-08-14 01:24:48
湖南省,长江流域,洣水入湘江口,2026-08-14 01:00,2,29.002,7.61,6.32,153.57,9.26,2.17,0.033,0.048,1.432,,,2026-08-14 01:24:48
湖南省,长江流域,城北水厂,2026-08-14 00:00,2,30.06,8.23,7.38,220.95,5.18,1.22,0.01,0.052,1.093,,,2026-08-14 01:24:48
湖南省,长江流域,蒸水入湘江口,2026-08-14 01:00,4,30.6765,7.54,4.14,286.2365,18.8873,3.73,0.06,0.132,2.03,,,2026-08-14 01:24:48
湖南省,长江流域,塘渡口,2026-08-14 00:00,2,29.39,7.69,6.4,140.3061,1.8465,1.06,0.034,0.023,1.167,,,2026-08-14 01:24:48
湖南省,长江流域,窑市,2026-08-14 01:00,2,25.99,7.42,7.38,51.361,5.728,1.3,,0.024,0.535,,,2026-08-14 01:24:48
湖南省,长江流域,渡头村,2026-08-14 01:00,2,29.33,7.75,6.05,214.62,4.0999,1.88,0.029,0.057,1.351,,,2026-08-14 01:24:48
湖南省,长江流域,邵水入河口,2026-08-14 01:00,4,29.67,7.38,4.66,451.65,16.787,2.66,0.026,0.076,2.375,,,2026-08-14 01:24:48
湖南省,长江流域,绥宁河口镇,2026-08-14 00:00,1,26.554,7.34,7.5,74.8306,3.0398,0.8,0.007,0.018,0.4457,,,2026-08-14 01:24:48
湖南省,长江流域,藕池河东支入境,2026-08-14 00:00,2,26.619,8.19,7.86,393.731,12.464,0.3,0.021,0.036,1.623,,,2026-08-14 01:24:48
湖南省,长江流域,岳阳楼,2026-08-14 01:00,4,28.29,7.86,6.81,246.8223,65.74161,1.37,0.013,0.052,1.3161,0.0009297,282561,2026-08-14 01:24:48
湖南省,长江流域,樟树港,2026-08-14 00:00,3,24.672,7.53,6.47,272.666,19.525,0.75,0.04,0.145,1.218,,,2026-08-14 01:24:48
湖南省,长江流域,城陵矶,2026-08-14 01:00,2,27.45,7.75,6.3,252.23,62.52788,2.14,0.018,0.054,1.0497,,,2026-08-14 01:24:48
湖南省,长江流域,荆江口,2026-08-14 00:00,2,26.22,7.89,7.41,393.5213,22.074,0.94,0.065,0.052,1.6715,,,2026-08-14 01:24:48
湖南省,长江流域,六门闸,2026-08-14 00:00,4,27.66,7.39,4.44,441.7036,28.19,1.31,0.047,0.117,1.7,,,2026-08-14 01:24:48
湖南省,长江流域,南渡,2026-08-14 01:00,3,26.42,6.86,5.5,129.66,13.9,1.41,0.209,0.127,1.703,,,2026-08-14 01:24:48
湖南省,长江流域,八仙桥,2026-08-14 00:00,4,27.04,6.88,4.26,158.0445,22.4724,4.54,0.205,0.077,1.1845,,,2026-08-14 01:24:48
湖南省,长江流域,坡头,2026-08-14 00:00,2,27.88,8.02,6.85,162.1776,20.02871,0.97,,0.039,1.398,0.0008225,,2026-08-14 01:24:48
湖南省,长江流域,蒋家嘴,2026-08-14 00:00,3,24.59,7.59,5.72,180.1961,16.25,1.13,0.045,0.03,1.1481,0.0025,1.9094,2026-08-14 01:24:48
湖南省,长江流域,澧水三江口,2026-08-14 00:00,2,26.36392,7.97,8.3,237.3189,36.59457,0.09,0.021,0.099,1.26942,,,2026-08-14 01:24:48
湖南省,长江流域,窑坡渡,2026-08-14 00:00,2,25.73,7.95,6.04,239.4065,39.883,1.7,0.13,0.052,1.2199,,,2026-08-14 01:24:48
湖南省,长江流域,马坡湖,2026-08-14 01:00,3,26.72,8.06,7.35,390.785,30.9645,1.67,,0.169,1.57,,,2026-08-14 01:24:48
湖南省,长江流域,陈家河,2026-08-14 01:00,2,27.525,7.94,6.41,189.687,2.946,1.5,0.114,0.033,1.104,,,2026-08-14 01:24:48
湖南省,长江流域,永定澄潭,2026-08-14 01:00,2,24.92,7.89,8.43,203.38,19.371,0.65,0.002,0.098,0.91,,,2026-08-14 01:24:48
湖南省,长江流域,万家嘴,2026-08-14 01:00,2,28.52,7.5,6.28,176.6584,13.56888,1.3,0.049,0.06,2.1671,0.0019952,196632.1,2026-08-14 01:24:48
湖南省,长江流域,南嘴,2026-08-14 01:00,4,27.6,7.7,6.44,201.2332,72.54337,1.46,,0.054,1.2951,0.022125,716000.8,2026-08-14 01:24:48
湖南省,长江流域,小河嘴,2026-08-14 01:00,3,27.56,7.83,6.37,195.39,16.1402,1.21,,0.034,1.168,0.00122756,5.54621,2026-08-14 01:24:48
湖南省,长江流域,坪口,2026-08-14 01:00,2,29.1,7.98,7.14,218.8,17.652,1.6,0.015,0.026,1.446,,,2026-08-14 01:24:48
湖南省,长江流域,桃谷山,2026-08-14 01:00,2,25.93,7.77,6.04,188.568,14.7806,1.79,0.025,0.064,1.654,,,2026-08-14 01:24:48
湖南省,长江流域,头山,2026-08-14 00:00,1,28.22,8.39,8.27,119.2,7.39,0.35,,0.006,0.591,0.0029,9365000,2026-08-14 01:24:48
湖南省,长江流域,渡口大桥,2026-08-14 00:00,4,28.85,6.92,4.44,173.61,19.73,3.85,0.098,0.128,2.056,,,2026-08-14 01:24:48
湖南省,长江流域,诸葛庙,2026-08-14 01:00,3,29.93,7.14,5.86,172.97,7.8,1.35,,0.028,0.818,,,2026-08-14 01:24:48
湖南省,长江流域,五强溪,2026-08-14 01:00,2,29.18,8.13,7.25,190.272,1.8369,1.15,0.003,0.024,1.211,,,2026-08-14 01:24:48
湖南省,长江流域,铜信溪电站,2026-08-14 00:00,2,27.28,8.07,7.67,238.44,5.18,0.96,0.041,0.021,1.367,,,2026-08-14 01:24:48
湖南省,长江流域,地阳坪公路大桥,2026-08-14 00:00,2,27.71,6.99,7.19,86.6569,9.1049,1.8,,0.063,0.567,,,2026-08-14 01:24:48
湖南省,长江流域,托口渠水,2026-08-14 01:00,2,29.34,8.03,6.7,76,3.153,1.11,0.002,0.016,0.54,,,2026-08-14 01:24:48
湖南省,长江流域,舞水入河口,2026-08-14 01:00,3,30.28,7.93,5.31,309.9,1.564,1.45,0.023,0.061,1.48,,,2026-08-14 01:24:48
湖南省,长江流域,溪子口,2026-08-14 01:00,2,25.43,7.52,6.84,250.1,6.034,0.92,0.019,0.032,1.326,,,2026-08-14 01:24:48
湖南省,长江流域,球溪,2026-08-14 01:00,2,30.2,7.77,6.57,221.24,2.708,1.59,,0.041,1.509,,,2026-08-14 01:24:48
湖南省,长江流域,浦市上游,2026-08-14 00:00,2,28.64,7.74,6.67,172.61,4.47,0.9,,0.04,1.131,,,2026-08-14 01:24:48
湖南省,长江流域,里耶镇,2026-08-14 01:00,2,21.86,7.89,8.52,215.05,9.6,0.91,0.004,0.041,1.342,,,2026-08-14 01:24:48
湖南省,长江流域,江口,2026-08-14 00:00,2,25.98,7.74,7.24,238.7751,5.2154,1.48,,0.025,1.046,,,2026-08-14 01:24:48
湖南省,长江流域,武水汇合口,2026-08-14 00:00,2,29.24,7.65,7.14,172.406,4.0541,0.81,0.023,0.028,0.965,,,2026-08-14 01:24:48
广东省,珠江流域,大龙涌口,2026-08-14 01:00,2,30.435,7.4,6.04,222.818,26.728,0.73,,0.068,2.02,,,2026-08-14 01:24:48
广东省,珠江流域,大墩,2026-08-14 00:00,3,30.656,6.95,5.14,98.407,45.446,1.26,0.029,0.062,1.318,,,2026-08-14 01:24:48
广东省,珠江流域,十里亭,2026-08-14 01:00,2,28.212,7.83,6.66,229.88,49.913,1.64,0.024,0.046,1.347,,,2026-08-14 01:24:48
广东省,珠江流域,长坝,2026-08-14 01:00,2,28.68,6.93,6.42,83.071,110.934,1.46,0.007,0.014,1.015,,,2026-08-14 01:24:48
广东省,珠江流域,三溪桥,2026-08-14 01:00,3,27.61,7.96,7.73,272.03,54.84,1.76,0.01,0.104,1.161,,,2026-08-14 01:24:48
广东省,珠江流域,高桥,2026-08-14 00:00,3,28.13687,7.4,5.62,138.0639,40.25483,1.4,0.048,0.06,1.19852,,,2026-08-14 01:24:48
广东省,珠江流域,深圳河口,2026-08-14 00:00,4,30.97055,7.24,4.86,3430.502,53.36242,4.61,0.218,0.183,4.48557,,,2026-08-14 01:24:48
广东省,珠江流域,珠海大桥,2026-08-14 01:00,2,30.13,8.03,7.42,301.218,33.399,1.15,0.017,0.065,2.443,,,2026-08-14 01:24:48
广东省,珠江流域,石角咀水闸,2026-08-14 01:00,4,32.05,7.07,3.57,446.853,115.695,,,0.173,2.435,,,2026-08-14 01:24:48
广东省,珠江流域,鸡啼门大桥,2026-08-14 00:00,2,30.54,7.82,6.45,330,25.57,2.11,0.007,0.077,2.537,,,2026-08-14 01:24:48
广东省,珠江流域,布洲,2026-08-14 01:00,2,28.98,7.93,7.66,264.634,34.321,1.55,0.065,0.044,2.129,,,2026-08-14 01:24:48
广东省,珠江流域,海门湾桥闸,2026-08-14 01:00,3,28.4,7.29,6.89,476.77,26,4.36,0.425,0.159,3.389,,,2026-08-14 01:24:48
广东省,珠江流域,大衙,2026-08-14 00:00,2,33.777,6.96,6.01,116.697,13.449,1.24,,0.033,1.37884,,,2026-08-14 01:24:48
广东省,珠江流域,古劳,2026-08-14 00:00,2,29.22724,7.41,6.88,270.3937,29.35204,0.5,0.005,0.039,1.98719,,,2026-08-14 01:24:48
广东省,珠江流域,苍山渡口,2026-08-14 00:00,3,31.51,7.55,5.66,491.939,28.748,2.37,0.064,0.137,2.127,,,2026-08-14 01:24:48
广东省,珠江流域,牛湾,2026-08-14 01:00,4,31.79,6.6,3.56,150.77,45.47,3.52,0.058,0.119,2.076,,,2026-08-14 01:24:48
广东省,珠江流域,渠首,2026-08-14 01:00,4,31.65,7.82,4.05,120.59,18.66,5.48,0.07,0.018,0.77,0.01362,4060235,2026-08-14 01:24:48
广东省,珠江流域,黄坡,2026-08-14 00:00,6,32.08,6.87,1.66,165.69,21.83,3.46,0.444,0.094,1.713,,,2026-08-14 01:24:48
广东省,珠江流域,山角,2026-08-14 01:00,3,32.75,7.93,6.16,126.57,22.31,4.47,0.05,0.051,2.023,,,2026-08-14 01:24:48
广东省,珠江流域,运河管理局,2026-08-14 01:00,3,31.08,7.69,6.66,121.6,37.76,5.8,,0.022,0.882,,,2026-08-14 01:24:48
广东省,珠江流域,排里,2026-08-14 00:00,3,33.12,7.14,6.14,157.53,13.58,5.6,0.061,0.11,1.807,,,2026-08-14 01:24:48
广东省,珠江流域,南渡河桥,2026-08-14 01:00,6,32.07,6.38,1.03,200.75,20.32,5.95,0.834,0.077,3.077,,,2026-08-14 01:24:48
广东省,珠江流域,营仔,2026-08-14 00:00,4,31.89,6.9,4.16,171.64,9.37,6.38,0.09,0.101,2.283,,,2026-08-14 01:24:48
广东省,珠江流域,黄竹尾水闸,2026-08-14 00:00,5,31.41,6.89,2.74,133.67,24.9,3.42,0.07,0.124,2.382,,,2026-08-14 01:24:48
广东省,珠江流域,塘口,2026-08-14 01:00,3,31.28,6.91,5.86,114.67,13.2,2.71,0.018,0.111,2.106,,,2026-08-14 01:24:48
广东省,珠江流域,石碧,2026-08-14 00:00,4,32.494,6.44,4.18,287.685,39.071,5.7,0.364,0.208,3.168,,,2026-08-14 01:24:48
广东省,珠江流域,石骨水库,2026-08-14 01:00,2,31.779,,10.09,71.55,3.9242,2.15,0.027,0.016,0.441,,,2026-08-14 01:24:48
广东省,珠江流域,良德水库,2026-08-14 01:00,1,32.33,8.16,8.02,64.594,10.809,1.91,,0.003,0.282,0.00575,595892,2026-08-14 01:24:48
广东省,珠江流域,米急渡,2026-08-14 01:00,2,30.45,7.02,6.16,89.319,31.996,1.76,0.053,0.066,1.473,,,2026-08-14 01:24:48
广东省,珠江流域,梁村,2026-08-14 01:00,2,30.0571,7.55,6.82,159.0188,45.57435,1.23,0.013,0.068,1.738,,,2026-08-14 01:24:48
广东省,珠江流域,黄岗,2026-08-14 01:00,2,29.647,7.9,7,245.683,20.185,1.22,0.005,0.029,2.112,,,2026-08-14 01:24:48
广东省,珠江流域,紫溪,2026-08-14 01:00,5,30.709,6.91,2.46,303.873,45.869,1.29,0.028,,5.12,,,2026-08-14 01:24:48
广东省,珠江流域,东江江口,2026-08-14 01:00,1,24.84,7.03,7.68,84.427,10.67843,1.16,0.006,0.016,1.026,,,2026-08-14 01:24:48
广东省,珠江流域,惠州汝湖,2026-08-14 01:00,2,26.864,6.95,7.26,88.942,6.921,1.09,0.007,0.027,1.159,,,2026-08-14 01:24:48
广东省,珠江流域,马安大桥下,2026-08-14 01:00,3,29.227,6.58,5.09,51.379,40.094,3.14,0.098,0.06,1.84,,,2026-08-14 01:24:48
广东省,珠江流域,虎爪断桥,2026-08-14 01:00,3,30.871,7.29,5.25,6711.515,13.285,2.29,0.655,0.173,6.526,,,2026-08-14 01:24:48
广东省,珠江流域,公庄河口,2026-08-14 00:00,3,30,7.09,6.75,145.9,82,2.63,0.095,0.115,1.762,,,2026-08-14 01:24:48
广东省,珠江流域,青溪,2026-08-14 00:00,2,29.76682,7.33,6.72,134.1231,1.73608,1.31,0.015,0.042,1.30324,,,2026-08-14 01:24:48
广东省,珠江流域,西阳电站,2026-08-14 01:00,3,30.994,6.93,5.94,116.726,15.393,1.66,0.037,0.017,1.752,,,2026-08-14 01:24:48
广东省,珠江流域,五丰渡口,2026-08-14 01:00,2,29.71,6.9,6.7,92,9.09,1.38,0.119,0.031,3.5838,,,2026-08-14 01:24:48
广东省,珠江流域,新铺,2026-08-14 01:00,2,30.66,7.4,6.98,135.259,21.697,1.98,0.075,0.032,1.4786,,,2026-08-14 01:24:48
广东省,珠江流域,海丰西闸,2026-08-14 01:00,2,31.64,7.07,6.21,61.5,5.9,2.57,,0.035,0.407,,,2026-08-14 01:24:48
广东省,珠江流域,东溪水闸,2026-08-14 01:00,3,32.69,6.83,5.05,204.088,204.873,4.14,0.25,0.06,1.125,,,2026-08-14 01:24:48
广东省,珠江流域,江城,2026-08-14 00:00,3,32.09,6.98,6.91,104.497,21.264,2.24,0.021,0.105,1.142,,,2026-08-14 01:24:48
广东省,珠江流域,尖山,2026-08-14 01:00,3,31.96,6.65,5.48,261.27,8.16,4.02,0.131,0.149,2.08,,,2026-08-14 01:24:48
广东省,珠江流域,埠场,2026-08-14 01:00,3,31.94,6.95,6.89,191.745,14.331,2.82,0.019,0.116,1.739,,,2026-08-14 01:24:48
广东省,珠江流域,大泉,2026-08-14 00:00,4,32.16,6.77,3.77,2425.2,28.1,4.12,0.465,0.131,2.435,,,2026-08-14 01:24:48
广东省,珠江流域,北江石尾,2026-08-14 01:00,2,29.808,7.52,6.4,160.432,20.306,1.21,0.019,0.044,1.386,,,2026-08-14 01:24:48
广东省,珠江流域,樟村,2026-08-14 01:00,4,31.51,7.06,3.11,437.537,17.67,3.19,1.157,0.168,5.905,,,2026-08-14 01:24:48
广东省,珠江流域,沙田泗盛,2026-08-14 00:00,4,30.31,6.64,4.12,231.48,26.78,3.22,0.177,0.081,2.903,,,2026-08-14 01:24:48
广东省,珠江流域,旗岭,2026-08-14 01:00,3,30.48,7.32,5.84,419.93,34.17,2.84,0.139,0.166,6.068,,,2026-08-14 01:24:48
广东省,珠江流域,石龙南河,2026-08-14 00:00,2,29.15,6.94,6.98,101.07,16.341,1.1,,0.051,1.326,,,2026-08-14 01:24:48
广东省,珠江流域,中山港码头,2026-08-14 01:00,2,30.21,7.71,6.41,284.23,9.424,1.29,0.311,0.06,2.559,,,2026-08-14 01:24:48
广东省,珠江流域,赤凤,2026-08-14 01:00,3,30.72,7.34,7.35,105.98,15.43,1.65,0.012,0.111,1.565,,,2026-08-14 01:24:48
广东省,珠江流域,凤江桥,2026-08-14 01:00,2,30.289,7.59,8.18,99.408,37.227,2.68,0.003,0.062,1.725,,,2026-08-14 01:24:48
广东省,珠江流域,龟山塔,2026-08-14 01:00,2,29.82,7.09,6.7,72.5,15.016,1.23,0.123,0.061,1.1349,,,2026-08-14 01:24:48
广东省,珠江流域,古封,2026-08-14 00:00,2,28.89,7.87,7.16,273.98,13.5,1.07,0.011,0.034,2.179,,,2026-08-14 01:24:48
广西壮族自治区,珠江流域,老口,2026-08-14 01:00,2,29.66023,7.79,6.37,273.7784,8.611918,1.31,,0.03,2.367672,,,2026-08-14 01:24:48
广西壮族自治区,珠江流域,叮当,2026-08-14 01:00,2,30.87,7.71,7.76,328.556,11.557,1.53,0.028,0.063,3.741,,,2026-08-14 01:24:48
广西壮族自治区,珠江流域,六景,2026-08-14 00:00,2,29.87,7.82,6.48,291.63,13.72,1.6,,0.032,2.051,,,2026-08-14 01:24:48
广西壮族自治区,珠江流域,雁江,2026-08-14 00:00,3,28.74056,7.9,5.54,310.5262,6.39327,1.21,0.005,0.016,1.77281,,,2026-08-14 01:24:48
广西壮族自治区,珠江流域,上中,2026-08-14 00:00,2,30.8,7.65,6.57,285.8382,15.93496,1.53,0.023,0.027,2.27928,,,2026-08-14 01:24:48
广西壮族自治区,珠江流域,白马,2026-08-14 01:00,2,28.37,7.81,6.44,316.64,10.46,1.76,,0.027,1.937,,,2026-08-14 01:24:48
广西壮族自治区,珠江流域,露塘,2026-08-14 00:00,2,28.76,7.94,8.38,185.0404,3.76023,0.91,0.022,0.022,1.2354,,,2026-08-14 01:24:48
广西壮族自治区,珠江流域,龙溪,2026-08-14 01:00,2,29.682,7.51,7.22,136.569,3.3,0.09,0.01,0.016,1.127,,,2026-08-14 01:24:48
广西壮族自治区,珠江流域,阳朔,2026-08-14 00:00,2,29.94,8.06,7.27,221.118,3.12,1.25,0.007,0.038,1.6806,,,2026-08-14 01:24:48
广西壮族自治区,珠江流域,京南,2026-08-14 00:00,2,30.4297,7.88,9.01,175.5544,4.60397,0.85,0.01,0.035,,,,2026-08-14 01:24:48
广西壮族自治区,珠江流域,亚桥,2026-08-14 00:00,3,30.57,7.23,7.12,180.84,7.441,2.37,0.018,0.123,2.543,,,2026-08-14 01:24:48
广西壮族自治区,珠江流域,东边埇,2026-08-14 01:00,3,29.1,6.29,6.07,70.8169,157.675,2.47,0.096,0.106,2.766,,,2026-08-14 01:24:48
广西壮族自治区,珠江流域,南域,2026-08-14 00:00,3,32.44,7.09,6.67,226.6084,12.84861,4.75,0.039,0.107,3.16518,,,2026-08-14 01:24:48
广西壮族自治区,珠江流域,西门江,2026-08-14 01:00,3,32.05,6.85,5.08,594.456,35.321,3.86,0.242,0.178,2.348,,,2026-08-14 01:24:48
广西壮族自治区,珠江流域,高速公路桥,2026-08-14 01:00,3,31.09,6.97,5.46,136.75,18.89,4.57,0.032,0.092,1.9692,,,2026-08-14 01:24:48
广西壮族自治区,珠江流域,三滩,2026-08-14 00:00,2,30.5,6.7,8.72,104.32,6.21,1.96,0.036,0.045,0.848,,,2026-08-14 01:24:48
广西壮族自治区,珠江流域,高塘,2026-08-14 01:00,2,31.67,6.34,6.59,69.15,33.56,2.95,0.018,0.071,2.247,,,2026-08-14 01:24:48
广西壮族自治区,珠江流域,茅岭大桥,2026-08-14 01:00,3,31.4,6.71,6.85,306.63,14.51,2.22,0.013,0.145,1.054,,,2026-08-14 01:24:48
广西壮族自治区,珠江流域,钦江东,2026-08-14 00:00,3,30.24724,7.27,5.11,938.7408,165.0444,3.5,0.099,0.047,3.13751,,,2026-08-14 01:24:48
广西壮族自治区,珠江流域,高速公路西桥,2026-08-14 01:00,3,32.82,7.03,5.46,1763.29,42.35,4.78,0.018,0.116,1.507,,,2026-08-14 01:24:48
广西壮族自治区,珠江流域,武林渡口,2026-08-14 01:00,2,29.024,7.89,7.1,308.184,22.037,1.24,0.007,0.031,2.65,,,2026-08-14 01:24:48
广西壮族自治区,珠江流域,火电厂,2026-08-14 01:00,2,31.16,7.81,6.01,298.962,10.76,1.7,0.001,0.035,2.186,,,2026-08-14 01:24:48
广西壮族自治区,珠江流域,横塘,2026-08-14 00:00,3,31.43,7.17,6.56,261.2138,38.01115,2.37,0.01,0.14,3.18115,,,2026-08-14 01:24:48
广西壮族自治区,珠江流域,隘屯,2026-08-14 01:00,2,25.37427,8.09,8.94,357.8735,19.76501,0.51,0.036,0.022,1.719334,,,2026-08-14 01:24:48
广西壮族自治区,珠江流域,公篓,2026-08-14 01:00,2,26.32,7.86,6.08,258.1,4.63,1.24,0.032,0.017,1.466,,,2026-08-14 01:24:48
广西壮族自治区,珠江流域,桂花,2026-08-14 00:00,2,28.99,7.6,6.66,204.7639,5.6759,1.19,0.009,0.041,1.57172,,,2026-08-14 01:24:48
广西壮族自治区,珠江流域,贺街,2026-08-14 01:00,2,28.93,7.16,6.5,205.92,15.583,0.87,0.03,0.036,1.007,,,2026-08-14 01:24:48
广西壮族自治区,珠江流域,车渡,2026-08-14 01:00,1,26.212,7.83,7.74,355.28,18.955,0.97,0.006,0.012,2.596,,,2026-08-14 01:24:48
广西壮族自治区,珠江流域,垒亭,2026-08-14 00:00,1,25.45514,7.81,7.63,356.2258,34.55711,0.81,0.009,0.014,1.94699,,,2026-08-14 01:24:48
广西壮族自治区,珠江流域,上金,2026-08-14 01:00,3,30.61,6.74,5.34,118.7959,53.4777,2.57,,0.03,2.2993,,,2026-08-14 01:24:48
广西壮族自治区,珠江流域,渠立,2026-08-14 01:00,1,29.32,7.91,8.65,257.638,15.374,1.28,,0.017,1.442,,,2026-08-14 01:24:48
广西壮族自治区,珠江流域,棉江,2026-08-14 01:00,2,29.67,7.71,6.1,202.9,36.242,1.96,,0.028,2.1623,,,2026-08-14 01:24:48
海南省,珠江流域,龙塘,2026-08-14 00:00,4,31.1,7.06,4.98,118.6,16.6,2.48,0.025,0.118,1.735,,,2026-08-14 01:24:48
海南省,珠江流域,儒房,2026-08-14 00:00,-1,,,,,,,,,,,,2026-08-14 01:24:48
海南省,珠江流域,后黎村,2026-08-14 00:00,3,31.9,6.85,5.86,92.6,13.3,2.63,,0.084,1.073,,,2026-08-14 01:24:48
海南省,珠江流域,林家村,2026-08-14 00:00,2,32.35,7.35,7.82,181.87,12.35,2.08,0.019,0.023,1.916,,,2026-08-14 01:24:48
海南省,珠江流域,崖城大桥,2026-08-14 00:00,2,29.4,6.59,6.52,135.32,45.5,2.12,0.006,0.068,3.555,,,2026-08-14 01:24:48
海南省,珠江流域,藤桥河大桥,2026-08-14 00:00,2,31.07,7.54,7.76,1051.33,11.48,2.81,,0.079,1.358,,,2026-08-14 01:24:48
海南省,珠江流域,松涛水库南丰库心,2026-08-14 00:00,2,32.17438,7.7,6.59,76.8597,0.4968088,0.78,0.006,0.005,0.162323,0.01395417,1285241,2026-08-14 01:24:48
海南省,珠江流域,上村桥,2026-08-14 01:00,3,30.5,6.78,5.75,182.4,57.7,5.27,,0.144,1.994,,,2026-08-14 01:24:48
海南省,珠江流域,中和桥,2026-08-14 01:00,3,31.7,7.03,5.29,502,19.4,3.71,0.064,0.095,0.898,,,2026-08-14 01:24:48
海南省,珠江流域,汀洲,2026-08-14 00:00,2,30.62,6.62,6.34,98.84,14.29,2.08,0.036,0.086,0.853,,,2026-08-14 01:24:48
海南省,珠江流域,龙江,2026-08-14 00:00,2,30.03,7.26,6.83,76.42,30.92,2.77,0.076,0.054,0.747,,,2026-08-14 01:24:48
海南省,珠江流域,溪仔村,2026-08-14 01:00,2,30.6,7.89,9.75,82.43,3.58,2.71,,0.029,0.553,,,2026-08-14 01:24:48
海南省,珠江流域,农垦橡胶所一队,2026-08-14 01:00,2,30.4,6.65,6.56,72.4,6.9,0.9,0.007,0.021,1.559,,,2026-08-14 01:24:48
海南省,珠江流域,水涯新区,2026-08-14 00:00,6,30.6,6.57,1.85,149.5,17.4,3.76,0.611,0.112,1.911,,,2026-08-14 01:24:48
海南省,珠江流域,分洪桥,2026-08-14 01:00,2,32.19,6.78,6.76,83.73,22.95,,0.018,0.033,,,,2026-08-14 01:24:48
海南省,珠江流域,后山村,2026-08-14 01:00,5,32.89,6.76,2.17,278.972,25.3107,5.45,0.815,0.218,2.906,,,2026-08-14 01:24:48
海南省,珠江流域,大广坝水库出口,2026-08-14 01:00,4,28.197,7.04,3.86,90.62,12.233,2.3,,0.039,1.117,0.004042,1409020,2026-08-14 01:24:48
海南省,珠江流域,罗带铁路桥,2026-08-14 01:00,5,31.2,7.7,7.34,6248.9,24,6.62,0.129,0.336,2.649,,,2026-08-14 01:24:48
海南省,珠江流域,山口,2026-08-14 01:00,2,31.92,7.1,7.04,91.81,16.81,3.25,0.011,0.03,0.797,,,2026-08-14 01:24:48
海南省,珠江流域,白仞滩电站,2026-08-14 01:00,3,31.8,7.47,5.44,157.2,16.2,4.13,0.005,0.127,1.589,,,2026-08-14 01:24:48
海南省,珠江流域,大风,2026-08-14 01:00,3,30.37527,6.97,5.7,167.3154,9.282065,2.92,0.003,0.056,1.792517,,,2026-08-14 01:24:48
海南省,珠江流域,叉河口,2026-08-14 01:00,2,31.7,7.7,7.01,244.2,10.4,2.6,0.013,0.074,4.313,,,2026-08-14 01:24:48
海南省,珠江流域,乐中,2026-08-14 00:00,2,30.3,7.39,7.09,99,24.8,1.48,,0.041,0.807,,,2026-08-14 01:24:48
海南省,珠江流域,跨界桥,2026-08-14 01:00,2,30.4,8.01,9.77,94.1,18.5,3.28,,0.072,1.789,,,2026-08-14 01:24:48
海南省,珠江流域,群英大坝,2026-08-14 01:00,2,30.2,7.41,7.91,95,7.4,2.4,0.001,0.059,0.956,,,2026-08-14 01:24:48
海南省,珠江流域,大溪村,2026-08-14 01:00,3,29.9,6.99,5.4,199.8,21.4,2.3,0.102,0.093,1.52,,,2026-08-14 01:24:48
重庆市,长江流域,晒网坝,2026-08-14 01:00,2,27.41,7.92,6.52,378.6016,28.3888,1.88,,0.057,2.264,,,2026-08-14 01:24:48
重庆市,长江流域,向家,2026-08-14 00:00,3,25.18,7.5,8.33,161.179,68.752,4.55,,0.099,1.942,,,2026-08-14 01:24:48
重庆市,长江流域,清溪场,2026-08-14 00:00,2,26.98,7.92,7.32,425.9832,29.8243,1.52,,0.05,1.72,,,2026-08-14 01:24:48
重庆市,长江流域,木瓜洞,2026-08-14 00:00,3,30.63,8.16,6.74,372.5675,16.8151,4.27,0.004,0.09,1.646,,,2026-08-14 01:24:48
重庆市,长江流域,寸滩,2026-08-14 00:00,2,26.87,7.91,7.67,442.568,25.24,1.79,0.082,0.058,2.067,,,2026-08-14 01:24:48
重庆市,长江流域,和尚山,2026-08-14 01:00,2,26.68,8.04,7.41,424.47,44.18,1.48,0.199,0.076,1.802,,,2026-08-14 01:24:48
重庆市,长江流域,北温泉,2026-08-14 01:00,2,27.7874,7.68,7.79,295.965,106.824,3.52,0.074,0.084,2.349,,,2026-08-14 01:24:48
重庆市,长江流域,寨溪大桥,2026-08-14 00:00,3,28.77,7.67,5.25,820.6624,25.9982,2.96,0.021,0.056,1.992,,,2026-08-14 01:24:48
重庆市,长江流域,石门坎,2026-08-14 00:00,1,25.83,8.28,7.85,401.55,12.15,1.14,0.002,0.017,1.798,,,2026-08-14 01:24:48
重庆市,长江流域,玉滩水库,2026-08-14 00:00,2,28.86,7.77,6.88,400.5056,12.0707,3.53,0.014,0.013,0.34924,0.03951112,4493562,2026-08-14 01:24:48
重庆市,长江流域,御临镇,2026-08-14 00:00,3,30.97,8.13,7.77,298.914,23.572,4.2,,0.064,1.721,,,2026-08-14 01:24:48
重庆市,长江流域,黎家乡崔家岩村,2026-08-14 00:00,3,30.76,9,17.42,287.42,14.46,5.67,,0.059,1.557,,,2026-08-14 01:24:48
重庆市,长江流域,运输桥,2026-08-14 00:00,4,26.97,7.59,4.16,351.4217,8.6617,4.66,0.034,0.078,1.573,,,2026-08-14 01:24:48
重庆市,长江流域,六剑滩,2026-08-14 01:00,3,29.12,7.29,7.16,250.4,11.52,4.36,0.014,0.089,2.405,,,2026-08-14 01:24:48
重庆市,长江流域,支坪街道,2026-08-14 00:00,2,29.9,8.36,8.22,473.9042,41.7103,1.76,,0.041,1.604,,,2026-08-14 01:24:48
重庆市,长江流域,江津大桥,2026-08-14 00:00,2,26.04,8.09,7.79,445.15,33.01,1.29,,0.046,1.496,,,2026-08-14 01:24:48
重庆市,长江流域,朱杨溪,2026-08-14 00:00,2,31.32,7.85,7.2,746.7,22.46,,0.264,,,,,2026-08-14 01:24:48
重庆市,长江流域,北渡,2026-08-14 01:00,2,27.98,7.91,7.24,429.3415,33.517,2.19,0.072,0.047,2.223,,,2026-08-14 01:24:48
重庆市,长江流域,白杨溪,2026-08-14 01:00,2,30.5,7.81,6.78,124.038,15.409,2.25,0.014,0.023,1.336,,,2026-08-14 01:24:48
重庆市,长江流域,太和,2026-08-14 01:00,2,29.61,7.89,6.72,348.65,14.9,3.92,,0.05,2.675,,,2026-08-14 01:24:48
重庆市,长江流域,官渡,2026-08-14 01:00,2,29.37,7.46,6.23,341.8975,56.49,3.15,,0.096,2.11,,,2026-08-14 01:24:48
重庆市,长江流域,临渡,2026-08-14 00:00,3,31.56,7.74,9.34,560.2,18.572,4.36,0.011,0.081,1.675,,,2026-08-14 01:24:48
重庆市,长江流域,渠江码头,2026-08-14 01:00,3,29.26,7.46,6.83,316.006,68.213,3.72,0.003,0.113,2.879,,,2026-08-14 01:24:48
重庆市,长江流域,黄桷,2026-08-14 01:00,3,27.98,7.72,5.43,584.556,11.889,2.06,0.013,0.052,2.414,,,2026-08-14 01:24:48
重庆市,长江流域,朱沱,2026-08-14 01:00,2,25.75,8.14,7.28,452.9,13.51,1.14,0.02,0.06,1.467,,,2026-08-14 01:24:48
重庆市,长江流域,四明水厂,2026-08-14 01:00,3,31.18,8.13,7.58,360.1,32.9,5.48,,0.07,0.781,,,2026-08-14 01:24:48
重庆市,长江流域,金狮桥,2026-08-14 01:00,1,20.75,8.18,8.61,209.927,42.415,1.15,,0.008,0.876,,,2026-08-14 01:24:48
重庆市,长江流域,璧南河两河口,2026-08-14 00:00,2,31.29,8.2,8.24,701.938,16.707,,,0.095,2.017,,,2026-08-14 01:24:48
重庆市,长江流域,中和,2026-08-14 00:00,2,31.14,8.4,29.72,533.3,10.55,,,0.079,,,,2026-08-14 01:24:48
重庆市,长江流域,玉溪,2026-08-14 00:00,2,27.57,7.69,7.55,433.0325,19.6099,3.4,0.025,0.081,4.071,,,2026-08-14 01:24:48
重庆市,长江流域,高洞电站,2026-08-14 00:00,4,32.3,8.3,12.02,578.697,9.139,6.29,0.002,0.038,2.066,,,2026-08-14 01:24:48
重庆市,长江流域,巫山乡,2026-08-14 01:00,2,27.57,7.9,7.25,203.267,13.696,3.89,0.005,0.078,2.187,,,2026-08-14 01:24:48
重庆市,长江流域,上河坝,2026-08-14 01:00,3,31.49,8.53,9.69,322.7,4.85,4.94,0.022,0.082,1.238,,,2026-08-14 01:24:48
重庆市,长江流域,芙蓉洞码头,2026-08-14 01:00,1,27.98,8.28,10.65,226.99,9.92,0.78,,0.011,1.109,,,2026-08-14 01:24:48
重庆市,长江流域,鸭江镇,2026-08-14 00:00,2,28.41,7.91,7.95,525.542,7.337,1.66,0.011,0.047,2.19,,,2026-08-14 01:24:48
重庆市,长江流域,江口镇,2026-08-14 00:00,2,24.926,8.08,6.96,307.762,3.121,0.67,0.002,0.015,1.683,,,2026-08-14 01:24:48
重庆市,长江流域,土堡寨,2026-08-14 00:00,1,17.25,8.36,9.46,285.617,12.363,0.24,,0.013,0.948,,,2026-08-14 01:24:48
重庆市,长江流域,水寨子,2026-08-14 00:00,2,20.45,7.88,7.72,229.428,24.478,1.58,0.006,0.032,0.891,,,2026-08-14 01:24:48
重庆市,长江流域,湖海场,2026-08-14 01:00,3,23.29,7.6,8.2,194.206,99.58,4.12,,0.103,1.639,,,2026-08-14 01:24:48
重庆市,长江流域,卫星桥,2026-08-14 00:00,3,28.29,8.05,7.67,302.5765,50.2899,5.47,,0.101,1.977,,,2026-08-14 01:24:48
重庆市,长江流域,高洞梁,2026-08-14 00:00,2,30.36,8.39,10.9,454.358,23.258,2.87,,0.051,1.093,,,2026-08-14 01:24:48
重庆市,长江流域,苏家,2026-08-14 00:00,2,26.62,7.83,6.96,420.4719,30.0563,1.48,0.018,0.05,1.865,,,2026-08-14 01:24:48
重庆市,长江流域,清水湖渡口,2026-08-14 01:00,6,28.5,9.1,18.45,176.55,6.4711,0.93,0.018,0.023,0.9302,,,2026-08-14 01:24:48
重庆市,长江流域,小江河口,2026-08-14 00:00,2,28.43,8.1,8.17,405.21,6.54,2.96,0.018,0.036,1.3502,,,2026-08-14 01:24:48
重庆市,长江流域,汤溪河江口,2026-08-14 00:00,1,20.04,8.05,8.71,282.55,13.39,0.63,,0.011,0.85,,,2026-08-14 01:24:48
重庆市,长江流域,罗汉大桥,2026-08-14 01:00,2,19.53,7.9,8.82,292.28,15.35,1.09,0.016,0.048,2.281,,,2026-08-14 01:24:48
重庆市,长江流域,白帝城,2026-08-14 01:00,2,27.11,7.76,6.58,365.186,40.689,1.54,,0.058,2.026,,,2026-08-14 01:24:48
重庆市,长江流域,培石,2026-08-14 00:00,2,26.8897,7.85,7.29,389.2769,23.5207,1.22,0.143,0.046,1.5203,,,2026-08-14 01:24:48
重庆市,长江流域,花台,2026-08-14 00:00,1,22.32,8.22,7.71,335.7739,15.1585,0.47,0.051,0.015,0.744,,,2026-08-14 01:24:48
重庆市,长江流域,化杠,2026-08-14 00:00,2,21.69,7.74,7.78,119.78,24.55,2.36,0.013,0.07,1.8837,,,2026-08-14 01:24:48
重庆市,长江流域,万木,2026-08-14 00:00,2,23.95,7.79,6.55,375.51,4.1,0.76,0.0003,0.032,2.742,,,2026-08-14 01:24:48
重庆市,长江流域,红花村,2026-08-14 00:00,2,22.435,7.72,8.78,229.788,78.856,1.34,,0.045,1.715,,,2026-08-14 01:24:48
重庆市,长江流域,南洞沟,2026-08-14 00:00,1,26.84,8.39,10.8,299.876,8.708,0.72,0.002,0.015,0.751,,,2026-08-14 01:24:48
重庆市,长江流域,郁江桥,2026-08-14 00:00,2,23.25,7.86,8.03,211.934,44.951,1.56,,0.04,1.777,,,2026-08-14 01:24:48
四川省,长江流域,二江寺,2026-08-14 01:00,2,25.92,7.65,7.61,430.2,7.6,2.07,0.077,0.071,2.256,,,2026-08-14 01:24:48
四川省,长江流域,岳店子下,2026-08-14 00:00,4,28.82286,7.66,4.98,409.7477,3.65822,1.89,0.036,0.131,3.45429,,,2026-08-14 01:24:48
四川省,长江流域,三邑大桥,2026-08-14 01:00,2,24.07,7.8,6.48,298.8985,29.444,1.23,0.009,0.037,1.6903,,,2026-08-14 01:24:48
四川省,长江流域,宏缘,2026-08-14 01:00,3,28.28,7.99,6.4,483.6,4.77,2.41,0.028,0.102,2.469,,,2026-08-14 01:24:48
四川省,长江流域,李家湾,2026-08-14 01:00,3,30.67,7.76,7.35,445.3,13,3.64,0.006,0.175,5.336,,,2026-08-14 01:24:48
四川省,长江流域,廖家堰,2026-08-14 01:00,3,31.576,7.8,6.7,761.563,5.896,5.78,0.038,0.095,4.002,,,2026-08-14 01:24:48
四川省,长江流域,脚仙村,2026-08-14 01:00,3,30.29,7.85,7.02,457.9,29.2,2.47,0.006,0.126,4.666,,,2026-08-14 01:24:48
四川省,长江流域,龙洞,2026-08-14 00:00,2,21.27,8.3,7.9,625,17.632,0.86,0.022,0.024,0.79485,,,2026-08-14 01:24:48
四川省,长江流域,倮果,2026-08-14 00:00,2,22.6,8.26,7.69,616.2549,32.0821,1.71,0.005,0.03,1.2913,,,2026-08-14 01:24:48
四川省,长江流域,雅砻江口,2026-08-14 00:00,2,19.804,7.63,9.38,220.4159,63.8679,1.8,0.031,0.025,0.84749,,,2026-08-14 01:24:48
四川省,长江流域,柏枝,2026-08-14 00:00,1,19.42,8.01,8.14,210.7072,13.68028,0.74,0.003,0.011,0.70646,,,2026-08-14 01:24:48
四川省,长江流域,湾凼,2026-08-14 01:00,4,28.88966,7.42,3.49,574.5679,20.88471,4.32,0.005,0.057,0.410268,,,2026-08-14 01:24:48
四川省,长江流域,手爬岩,2026-08-14 01:00,2,25.66,7.98,7.28,499.276,16.1357,1.31,,0.047,1.642,,,2026-08-14 01:24:48
四川省,长江流域,沱江大桥,2026-08-14 01:00,4,31.19,7.8,6.2,448.8361,44.10291,3.76,0.003,0.202,6.150816,,,2026-08-14 01:24:48
四川省,长江流域,醒觉溪,2026-08-14 00:00,2,29.57,8.19,7.28,425.6,5.96,1.66,0.021,0.036,3.693,,,2026-08-14 01:24:48
四川省,长江流域,胡市大桥,2026-08-14 01:00,3,31.92,8.22,10.43,369.1038,12.4719,5.71,0.015,0.113,2.16,,,2026-08-14 01:24:48
四川省,长江流域,泸天化大桥,2026-08-14 01:00,2,31.56,8.18,9.77,364.707,12.2889,2.05,,0.04,2.208,,,2026-08-14 01:24:48
四川省,长江流域,纳溪大渡口,2026-08-14 01:00,2,25.01,7.91,7.25,418.924,14.219,1.01,,0.055,1.45,,,2026-08-14 01:24:48
四川省,长江流域,两汇水,2026-08-14 01:00,2,29.50538,7.9,6.67,148.7887,8.165103,1.46,0.098,0.027,0.751,,,2026-08-14 01:24:48
四川省,长江流域,太平渡,2026-08-14 01:00,2,29.32493,8.22,7.11,474.3134,17.97795,1.3,0.019,0.058,3.252,,,2026-08-14 01:24:48
四川省,长江流域,象山,2026-08-14 00:00,3,30.77,8.22,14.9,474.58,5.2,5.01,0.009,0.051,6.005,,,2026-08-14 01:24:48
四川省,长江流域,双江桥,2026-08-14 01:00,3,28.7,8.24,6.79,575.15,36.03,1.67,,0.114,1.905,,,2026-08-14 01:24:48
四川省,长江流域,西平镇,2026-08-14 00:00,2,31.19,8.25,10.52,543.81,10.91,1.84,,0.037,2.619,,,2026-08-14 01:24:48
四川省,长江流域,平武水文站,2026-08-14 00:00,1,18.71,8.5,8.82,288.3665,24.06303,0.64,0.009,0.011,0.72385,,,2026-08-14 01:24:48
四川省,长江流域,丰谷,2026-08-14 00:00,2,27.2057,8.13,7.89,298.1847,13.31055,0.7,0.005,0.021,1.22789,,,2026-08-14 01:24:48
四川省,长江流域,鲁班岛,2026-08-14 00:00,2,29.61926,8.78,11.82,231.6246,4.13202,1.62,0.003,0.011,0.11741,0.00118,3684672,2026-08-14 01:24:48
四川省,长江流域,北川通口,2026-08-14 00:00,1,22.99077,8.46,8.1,242.891,127.1605,1.33,0.01,0.005,1.49674,,,2026-08-14 01:24:48
四川省,长江流域,八庙沟,2026-08-14 00:00,2,28.65,8.14,7.31,359.3526,4.16329,1.52,0.001,0.014,1.85798,,,2026-08-14 01:24:48
四川省,长江流域,姚渡,2026-08-14 01:00,1,24.9058,8.23,7.66,359.0833,20.79232,0.77,0.009,0.002,1.332,,,2026-08-14 01:24:48
四川省,长江流域,苴国村,2026-08-14 00:00,2,25.92,8.04,7.1,333.8629,6.28567,1.43,0.002,0.012,1.124,,,2026-08-14 01:24:48
四川省,长江流域,上石盘,2026-08-14 00:00,2,27.05,7.81,7.3,420.9241,14.73946,2.99,0.005,0.044,1.57861,,,2026-08-14 01:24:48
四川省,长江流域,清泉乡,2026-08-14 01:00,2,29.62,8.72,17.36,274.2,28.7102,3.27,,0.04,1.281,,,2026-08-14 01:24:48
四川省,长江流域,大安,2026-08-14 00:00,3,30.61,8.23,9.97,440.588,10.4,5.21,0.002,0.2,1.009,,,2026-08-14 01:24:48
四川省,长江流域,百顷,2026-08-14 01:00,2,28.96,7.85,7.46,357.96,9.52,2.11,0.011,0.033,2.312,,,2026-08-14 01:24:48
四川省,长江流域,梓江大桥,2026-08-14 00:00,3,31.16,8.59,10.53,359.6,11.5,4.22,,0.07,4.362,,,2026-08-14 01:24:48
四川省,长江流域,大埂,2026-08-14 01:00,3,31.65,8.14,8.54,512.2,3.6,5.29,0.177,0.078,1.258954,,,2026-08-14 01:24:48
四川省,长江流域,球溪河口,2026-08-14 01:00,3,30.88,8.07,6.97,597.69,23.4,5.97,0.016,0.185,12.014,,,2026-08-14 01:24:48
四川省,长江流域,李码头,2026-08-14 00:00,1,25.43525,8.33,7.94,270.9511,17.34862,0.29,0.013,0.019,1.24867,,,2026-08-14 01:24:48
四川省,长江流域,马边河河口,2026-08-14 00:00,2,22.93323,7.66,6.99,220.8449,19.25239,1.54,0.005,0.044,1.83684,,,2026-08-14 01:24:48
四川省,长江流域,金溪电站,2026-08-14 01:00,2,27.56,7.93,8.6,371.483,26.3475,2.38,0.008,0.024,1.334,,,2026-08-14 01:24:48
四川省,长江流域,升钟水库铁炉寺,2026-08-14 01:00,6,30.97,9.12,17.18,319.97,18.26,6.16,,0.043,2.468,,,2026-08-14 01:24:48
四川省,长江流域,沙溪,2026-08-14 01:00,2,23.78,7.92,6.74,269.58,54.29,3.18,0.102,0.06,0.757,,,2026-08-14 01:24:48
四川省,长江流域,彭山岷江大桥,2026-08-14 00:00,2,28.51,7.91,6.03,449.7117,15.91877,2.13,0.04,0.094,2.8887,,,2026-08-14 01:24:48
四川省,长江流域,龟都府,2026-08-14 01:00,2,22.32,8.1,8.46,207.7119,20.95894,0.25,0.041,0.022,2.330637,,,2026-08-14 01:24:48
四川省,长江流域,越溪河两河口,2026-08-14 00:00,3,31.58,7.87,8.82,592.8,9.6,5.19,0.043,0.072,2.558,,,2026-08-14 01:24:48
四川省,长江流域,月波,2026-08-14 01:00,2,23.81,7.52,7.12,270.7,17.1,2.07,0.064,0.05,2.007,,,2026-08-14 01:24:48
四川省,长江流域,凉姜沟,2026-08-14 01:00,2,24.85,7.88,6.89,266.2423,12.4844,1.91,0.016,0.056,2.439659,,,2026-08-14 01:24:48
四川省,长江流域,挂弓山,2026-08-14 00:00,2,24.45892,8.02,7.98,477.46,8.76191,0.96,0.005,0.024,1.42006,,,2026-08-14 01:24:48
四川省,长江流域,蔡家渡口,2026-08-14 00:00,2,32.52548,8.03,8.8,695.7147,53.25452,2.25,0.008,0.065,3.54772,,,2026-08-14 01:24:48
四川省,长江流域,三块石,2026-08-14 01:00,1,23.95,8.14,7.72,568.78,4.23,0.95,0.013,0.015,1.036,,,2026-08-14 01:24:48
四川省,长江流域,洛亥,2026-08-14 00:00,2,23.27,8.18,7.47,335.3303,11.97489,1.02,0.008,0.067,2.857,,,2026-08-14 01:24:48
四川省,长江流域,溪口镇平桥村,2026-08-14 01:00,4,27.32,7.27,4.66,324.74,8.15,5,0.031,0.071,0.843,,,2026-08-14 01:24:48
四川省,长江流域,摇金,2026-08-14 01:00,4,33.71,8.24,8.43,392.24,27.09,6.76,0.035,0.158,1.008,,,2026-08-14 01:24:48
四川省,长江流域,金子,2026-08-14 01:00,2,27,7.74,7.98,253.05,45.82,3.9,0.044,0.074,2.8046,,,2026-08-14 01:24:48
四川省,长江流域,烈面,2026-08-14 01:00,2,27.6,7.33,6.85,263.1,44.4,3.39,0.054,0.073,1.638,,,2026-08-14 01:24:48
四川省,长江流域,幺滩,2026-08-14 01:00,3,31.2,8.18,7.42,389.23,22.97,2.71,,0.118,2.358,,,2026-08-14 01:24:48
四川省,长江流域,团堡岭,2026-08-14 01:00,2,27.01,7.96,7.57,237.59,44.133,,0.039,0.099,1.967,,,2026-08-14 01:24:48
四川省,长江流域,江陵,2026-08-14 01:00,2,27.2,7.9,6.62,219.29,36.11,2.94,0.003,0.068,1.425,,,2026-08-14 01:24:48
四川省,长江流域,大蹬沟,2026-08-14 01:00,2,27.83,7.63,6.37,228.4,66.9,3.71,,0.063,1.004,,,2026-08-14 01:24:48
四川省,长江流域,白兔乡,2026-08-14 01:00,4,30.6,8.9,14.54,340.1,15.51,6.19,,0.059,1.453,,,2026-08-14 01:24:48
四川省,长江流域,联盟桥,2026-08-14 00:00,-1,,,,,,,,,,,,2026-08-14 01:24:48
四川省,长江流域,舵石盘,2026-08-14 01:00,2,26.19,7.86,6.38,276,43.7,3.35,,0.091,2.014,,,2026-08-14 01:24:48
四川省,长江流域,车家河,2026-08-14 01:00,2,25.82,7.84,7,249.2,37.43,2.79,,0.075,1.709,,,2026-08-14 01:24:48
四川省,长江流域,三谷庄,2026-08-14 00:00,2,21.91,8.49,8.1,204.2799,9.59474,2.89,0.003,0.012,0.77476,,,2026-08-14 01:24:48
四川省,长江流域,大岗山,2026-08-14 00:00,1,18.01,8.05,7.85,213.0212,11.68325,0.92,0.003,0.01,0.61036,,,2026-08-14 01:24:48
四川省,长江流域,手傍岩,2026-08-14 00:00,2,29.38,8.11,7.56,298.9,42.1,2.78,,0.056,1.521,,,2026-08-14 01:24:48
四川省,长江流域,幸福村,2026-08-14 01:00,3,29.43,7.8,7.13,426,10.4,2.15,0.029,0.108,3.284,,,2026-08-14 01:24:48
四川省,长江流域,拱城铺渡口,2026-08-14 00:00,3,29.97,8.01,8.47,451.27,11.99,1.87,,0.106,3.007,,,2026-08-14 01:24:48
四川省,长江流域,红光村,2026-08-14 01:00,4,29.33,7.29,3.41,517.28,57.7,4.56,0.068,0.153,3.842,,,2026-08-14 01:24:48
四川省,长江流域,两河,2026-08-14 01:00,4,32.38,7.83,9.09,373.8,15.53,6.02,0.024,0.077,0.406,,,2026-08-14 01:24:48
四川省,长江流域,县城马踏石点,2026-08-14 00:00,1,18.13626,8.41,8.48,371.2932,43.58393,0.66,0.024,0.012,0.58808,,,2026-08-14 01:24:48
四川省,长江流域,小水沟,2026-08-14 00:00,2,14.0333,8.43,6.89,278.567,10.04561,0.1,0.016,0.009,0.42303,,,2026-08-14 01:24:48
四川省,长江流域,竹巴龙村,2026-08-14 01:00,3,16.08,8.13,5.86,1440.4,106.4,0.94,0.073,0.041,0.821,,,2026-08-14 01:24:48
四川省,长江流域,金沙江岗托桥,2026-08-14 01:00,2,17.1,8.33,9.02,1469.6,142.1,1.27,0.125,0.091,0.935,,,2026-08-14 01:24:48
四川省,长江流域,昔街大桥,2026-08-14 00:00,3,23.1,7.69,6.78,195.09,326.33,5.45,0.117,0.159,1.385,,,2026-08-14 01:24:48
四川省,长江流域,阿七大桥,2026-08-14 00:00,3,23.66,7.64,6.08,203.1154,199.8728,4.8,0.422,0.147,3.93162,,,2026-08-14 01:24:48
四川省,长江流域,邛海湖心,2026-08-14 00:00,2,27.09,8.6,7,313.5323,4.77837,2.17,0.007,0.018,0.29229,0.00283,545798.6,2026-08-14 01:24:48
贵州省,长江流域,棉花渡,2026-08-14 01:00,2,24.134,7.89,6.09,467.63,0.9413,1.56,0.007,0.049,2.9061,,,2026-08-14 01:24:48
贵州省,长江流域,贵铝泵房,2026-08-14 01:00,2,26.9548,8.79,9.58,317.9535,5.9645,2.69,0.018,0.008,2.1294,0.01978,1798570,2026-08-14 01:24:48
贵州省,长江流域,花鱼洞,2026-08-14 01:00,6,24.2701,7.34,1.13,334.8347,3.8537,2.2,0.152,0.02,1.113,0.00464,2184290,2026-08-14 01:24:48
贵州省,长江流域,麦穰,2026-08-14 00:00,4,24.6,7.83,4.87,625.52,3.51,2.98,0.18,0.241,4.505,,,2026-08-14 01:24:48
贵州省,珠江流域,青岩,2026-08-14 01:00,4,24.84,7.83,4.82,537.9332,6.328,2.48,,0.057,3.1534,,,2026-08-14 01:24:48
贵州省,长江流域,龙场,2026-08-14 01:00,2,21.46,7.91,6.58,388.73,5.71,0.67,0.028,0.013,3.975,,,2026-08-14 01:24:48
贵州省,珠江流域,发耳,2026-08-14 00:00,2,21.95,8.18,7.4,335.683,46.505,1.38,,0.099,3.594,,,2026-08-14 01:24:48
贵州省,长江流域,打秋坪,2026-08-14 01:00,3,25.75,7.75,5.78,490.1,5.2,1.55,0.087,0.085,4.19,,,2026-08-14 01:24:48
贵州省,长江流域,沿江渡,2026-08-14 00:00,3,28.79,8.77,8.26,291.31,8.98,4.03,0.012,0.02,2.388,,,2026-08-14 01:24:48
贵州省,长江流域,鲤鱼塘,2026-08-14 00:00,2,25.75,7.57,6.47,425.57,2.506,1.63,0.005,0.059,,,,2026-08-14 01:24:48
贵州省,长江流域,坡渡,2026-08-14 00:00,2,24.43,8.07,6.14,287.55,10.83,0.58,0.009,0.007,0.651,,,2026-08-14 01:24:48
贵州省,长江流域,余庆河暗溪坪,2026-08-14 01:00,2,27.55,8.42,10.18,303.03,8.64,1.22,,0.022,1.233,,,2026-08-14 01:24:48
贵州省,长江流域,羊柱头渡口,2026-08-14 01:00,3,26.15,7.78,5.27,680.44,8.345,2,0.338,0.172,6.758,,,2026-08-14 01:24:48
贵州省,长江流域,长沙,2026-08-14 00:00,2,29.8567,8.21,7.53,230.7712,4.041,2.32,0.008,0.023,1.6038,,,2026-08-14 01:24:48
贵州省,珠江流域,黄果树,2026-08-14 00:00,1,24.5214,8.18,8.74,568.8,24.79,0.67,,0.015,3.834,,,2026-08-14 01:24:48
贵州省,长江流域,斯拉河大桥,2026-08-14 00:00,3,27.3,8.89,14.55,327.53,12.55,4.1,,0.032,4.546,,,2026-08-14 01:24:48
贵州省,珠江流域,打邦,2026-08-14 01:00,2,29.01,8.14,12.11,396.54,10.819,2.11,,0.028,3.277,,,2026-08-14 01:24:48
贵州省,长江流域,小屯,2026-08-14 01:00,2,26,8.52,9.21,384.9388,7.87,3.04,,0.041,4.211,,,2026-08-14 01:24:48
贵州省,长江流域,清水铺,2026-08-14 00:00,2,26.213,8.28,7.27,443.054,9.804,0.59,0.002,0.018,5.242,,,2026-08-14 01:24:48
贵州省,长江流域,大桥边,2026-08-14 01:00,2,19.941,8.09,7.32,341.343,5.948,1.4,0.008,0.019,3.894,,,2026-08-14 01:24:48
贵州省,长江流域,鱼市,2026-08-14 01:00,2,28.77,8.18,7.7,353.864,6.123882,0.9,0.007,0.04,0.997788,,,2026-08-14 01:24:48
贵州省,长江流域,下干溪,2026-08-14 00:00,2,26.12,7.86,6.18,311.13,13.79,0.71,0.054,0.023,2.116,,,2026-08-14 01:24:48
贵州省,珠江流域,坝草,2026-08-14 00:00,1,27.9962,8.27,8.81,394.137,3.594,1.28,0.007,0.009,3.2342,,,2026-08-14 01:24:48
贵州省,珠江流域,南盘江三江口,2026-08-14 01:00,2,27.96,8.4,14.05,284.66,21.55,2.52,0.008,0.003,,0.00498,,2026-08-14 01:24:48
贵州省,珠江流域,万峰湖,2026-08-14 00:00,6,9.74,,26.38,,,0.72,,0.531,6.506,,,2026-08-14 01:24:48
贵州省,珠江流域,蔗香北,2026-08-14 00:00,1,27.1,7.97,8.61,269.1678,4.0458,0.98,,0.007,1.7193,,,2026-08-14 01:24:48
贵州省,珠江流域,黄泥河,2026-08-14 00:00,2,19.269,8.1,7.79,383.336,32.5433,0.99,,0.035,3.7902,,,2026-08-14 01:24:48
贵州省,珠江流域,赵家渡,2026-08-14 00:00,2,21.99,8.07,7.93,392.14,13.18,0.61,0.035,0.023,4.726,,,2026-08-14 01:24:48
贵州省,珠江流域,坡脚,2026-08-14 00:00,2,24.67,8.12,7.74,411.2934,20.2544,1.02,,0.025,4.647,,,2026-08-14 01:24:48
贵州省,珠江流域,蔗香南,2026-08-14 00:00,1,30.32,8.5,10.05,279.9,8.53,1.25,0.009,0.015,2.5183,,,2026-08-14 01:24:48
贵州省,长江流域,金紫,2026-08-14 00:00,2,25.91,7.74,7.16,178.8746,5.98,0.33,0.025,0.03,1.318,,,2026-08-14 01:24:48
贵州省,珠江流域,从江大桥,2026-08-14 01:00,1,26.582,7.49,9.13,80.339,13.805,0.98,0.006,0.017,0.961,,,2026-08-14 01:24:48
贵州省,长江流域,平敏大桥,2026-08-14 00:00,2,28.02,7.47,7.18,122.11,26.52,1.16,,0.018,0.695,,,2026-08-14 01:24:48
贵州省,长江流域,旁海,2026-08-14 00:00,2,26.73,8.63,6.31,436.44,26.05,1.22,0.001,0.044,2.055,,,2026-08-14 01:24:48
贵州省,长江流域,重安江大桥,2026-08-14 01:00,2,25.299,8.4,7.38,542.04,3.112,1,0.006,0.062,2.462,,,2026-08-14 01:24:48
贵州省,珠江流域,榕江,2026-08-14 00:00,2,28.43,7.69,7.7,100.66,29.46,0.72,0.017,0.028,0.867,,,2026-08-14 01:24:48
贵州省,珠江流域,新华,2026-08-14 01:00,2,26.711,8.08,7.92,162.823,25.76,0.74,0.053,0.031,1.248,,,2026-08-14 01:24:48
贵州省,长江流域,甘溪高碑,2026-08-14 00:00,2,28.65,8.13,7.58,276.3,18.61,1.57,,0.03,0.3636,,,2026-08-14 01:24:48
贵州省,长江流域,跳鱼洞,2026-08-14 00:00,3,25.11,8.02,6.31,370.21,5.01,2.18,0.101,0.103,2.16,,,2026-08-14 01:24:48
贵州省,长江流域,凤山桥边,2026-08-14 01:00,2,24.6902,8.29,6.92,573.38,3.1784,1.11,0.06,0.082,3.185,,,2026-08-14 01:24:48
贵州省,珠江流域,边外河,2026-08-14 01:00,1,24.55,8.09,8.02,315.44,5.98,0.8,0.002,0.005,1.939,,,2026-08-14 01:24:48
贵州省,珠江流域,甲茶,2026-08-14 00:00,2,24.697,7.74,6.39,324.9875,0.2264,1.34,0.01,0.011,1.0204,,,2026-08-14 01:24:48
云南省,长江流域,通仙桥,2026-08-14 00:00,6,20.66,7.75,5.82,428.05,101.43,2.58,0.024,0.506,4.855,,,2026-08-14 01:24:48
云南省,长江流域,普渡河桥,2026-08-14 00:00,4,21.84,8.03,7.42,435.0388,123.7294,4.81,0.041,0.224,2.9852,,,2026-08-14 01:24:48
云南省,珠江流域,禄丰村,2026-08-14 00:00,4,23.83,8.12,7.18,461.8171,103.9026,3.68,,0.219,7.763,,,2026-08-14 01:24:48
云南省,滇池流域,回龙村,2026-08-14 00:00,4,21.82,7.68,4.94,584.2194,22.6154,2.63,0.019,0.094,4.2714,,,2026-08-14 01:24:48
云南省,滇池流域,船房五社桥头,2026-08-14 00:00,6,22,7.15,4.72,511.9001,5.1485,6.76,2.757,0.625,7.1836,,,2026-08-14 01:24:48
云南省,滇池流域,王大桥,2026-08-14 00:00,4,20.83,6.97,5.09,590.19,10.187,2.91,,0.22,7.353,,,2026-08-14 01:24:48
云南省,滇池流域,大观河入湖口,2026-08-14 00:00,3,20.09,7.58,5.36,436.2589,9.4989,1.85,0.235,0.086,4.0461,,,2026-08-14 01:24:48
云南省,滇池流域,大渔乡土罗村入湖口,2026-08-14 00:00,4,22.32,7.58,4,425.1633,38.9995,2.98,0.016,0.089,5.412,,,2026-08-14 01:24:48
云南省,滇池流域,新河村入湖口,2026-08-14 00:00,6,20.58,7.41,1.69,420.24,7.325,2.14,0.586,0.115,3.5705,,,2026-08-14 01:24:48
云南省,珠江流域,阳宗海中,2026-08-14 01:00,3,25.12,,8.2,400.258,1.912,4.24,,0.014,,0.01046,782751.8,2026-08-14 01:24:48
云南省,长江流域,富民大桥,2026-08-14 00:00,6,23.13,7.9,4.69,447.3503,148.2558,7.14,0.112,0.406,3.1424,,,2026-08-14 01:24:48
云南省,滇池流域,严家村桥,2026-08-14 01:00,5,20.67805,7.34,2.47,443.3216,8.258942,1.8,1.097,0.127,4.760987,,,2026-08-14 01:24:48
云南省,滇池流域,宝丰村入湖口,2026-08-14 00:00,4,20.2,7.96,4.71,650.8,16.66,1.93,0.21,0.108,4.451,,,2026-08-14 01:24:48
云南省,滇池流域,江尾下闸,2026-08-14 00:00,4,21.71,7.49,3.54,397.8621,36.0303,3.07,0.331,0.102,3.28,,,2026-08-14 01:24:48
云南省,滇池流域,茨巷河入湖口,2026-08-14 00:00,3,20.85,7.45,5.12,417.2784,16.6731,,0.06,,,,,2026-08-14 01:24:48
云南省,滇池流域,东大河滇池入湖口,2026-08-14 00:00,3,21.16,7.32,5.58,254.4976,26.8205,5.77,0.107,0.165,5.631,,,2026-08-14 01:24:48
云南省,滇池流域,草海中心,2026-08-14 01:00,4,23.85,7.68,3.15,415.78,7.57,4.69,0.654,0.063,3.44,0.01455,5235244,2026-08-14 01:24:48
云南省,滇池流域,灰湾中,2026-08-14 01:00,4,23.33,,11.38,366.561,111.661,6.43,0.014,0.052,0.635,0.0131,3.72645,2026-08-14 01:24:48
云南省,滇池流域,观音山中,2026-08-14 01:00,3,22.38,,6.29,335.146,4.787,4.54,0.037,0.041,0.855,0.00707,8.6411,2026-08-14 01:24:48
云南省,滇池流域,观音山西,2026-08-14 01:00,4,22.98,8.83,8.4,396.9,38.88,6.48,,0.059,0.844,0.00856,6.954565,2026-08-14 01:24:48
云南省,滇池流域,海口西,2026-08-14 01:00,3,22.67,,6.44,340.84,15.97,4.51,0.007,0.045,0.657,0.01003,2.12738,2026-08-14 01:24:48
云南省,滇池流域,滇池南,2026-08-14 01:00,4,22.36,,9.64,386.67,35.38,7.58,0.001,0.05,0.707,0.04474,1.677145,2026-08-14 01:24:48
云南省,滇池流域,晋城小寨,2026-08-14 00:00,3,19.32,7.96,6.49,475.2371,170.2615,3.19,0.084,0.143,10.421,,,2026-08-14 01:24:48
云南省,长江流域,牛栏江河口,2026-08-14 00:00,3,21.6,7.92,5.43,484.315,41.067,2.82,0.049,0.159,6.505,,,2026-08-14 01:24:48
云南省,珠江流域,狗街,2026-08-14 01:00,3,22.86,7.73,6.65,504.357,51.90555,3.28,0.04,0.14,6.987169,,,2026-08-14 01:24:48
云南省,珠江流域,花山水库出水口,2026-08-14 00:00,2,23.24,8.41,7.25,330.5138,1.3719,1.24,,0.006,2.657,,,2026-08-14 01:24:48
云南省,长江流域,以礼河水文站,2026-08-14 00:00,3,20.18,7.79,5.62,357.531,10.4374,1.7,0.001,0.062,3.0252,,,2026-08-14 01:24:48
云南省,珠江流域,厂房大桥,2026-08-14 00:00,3,20.35,8.29,7.61,371.7715,32.5062,4.11,0.005,0.112,3.7333,,,2026-08-14 01:24:48
云南省,长江流域,牛栏江大桥,2026-08-14 00:00,2,20.33,7.92,7,389.889,72.7,1.72,0.029,0.081,3.854,,,2026-08-14 01:24:48
云南省,珠江流域,盘溪大桥,2026-08-14 00:00,2,22.61,8.01,7.8,504.6147,309.4677,2.19,0.006,0.09,6.9178,,,2026-08-14 01:24:48
云南省,珠江流域,九甸大桥,2026-08-14 00:00,3,24.18111,8.06,7.03,438.4384,277.3101,2.28,0.006,0.125,4.76359,,,2026-08-14 01:24:48
云南省,西南诸河,坝洪村,2026-08-14 00:00,2,26.37,8.04,7.22,284.1397,1914.279,1.42,0.009,0.037,2.34363,,,2026-08-14 01:24:48
云南省,珠江流域,抚仙湖心,2026-08-14 01:00,1,24.19,8.87,8.47,286.66,2.545,1.63,0.014,0.01,0.124,0.00272,7174466,2026-08-14 01:24:48
云南省,西南诸河,绿汁江大桥,2026-08-14 00:00,2,22.37918,8.19,6.85,422.5918,1170.214,1.98,0.004,0.054,2.43736,,,2026-08-14 01:24:48
云南省,珠江流域,杞麓湖心,2026-08-14 01:00,1,24.38,,9.7,774.93,8.74,,,,1.509,0.03955,8792158,2026-08-14 01:24:48
云南省,珠江流域,永昌桥,2026-08-14 00:00,3,22.06314,7.7,5.96,424.7042,94.09844,2.29,0.01,0.172,4.11035,,,2026-08-14 01:24:48
云南省,珠江流域,星云湖心,2026-08-14 01:00,4,24,,9.19,499.585,6.3,7.19,,0.015,0.558,0.00488,1.503472,2026-08-14 01:24:48
云南省,西南诸河,红旗桥,2026-08-14 00:00,1,22.48379,8.05,7.89,324.3231,137.8576,0.96,0.006,0.008,0.4854178,,,2026-08-14 01:24:48
云南省,西南诸河,湾甸,2026-08-14 00:00,2,24.98983,8.31,8.47,411.7025,409.2966,1.4,0.004,0.093,4.05951,,,2026-08-14 01:24:48
云南省,西南诸河,永保桥,2026-08-14 00:00,1,21.36341,8.25,7.51,400.4528,33.50991,0.96,0.002,0.009,0.66725,,,2026-08-14 01:24:48
云南省,西南诸河,龙江桥,2026-08-14 00:00,1,21.73756,7.24,7.8,90.06504,151.795,1.59,0.007,0.019,0.95578,,,2026-08-14 01:24:48
云南省,长江流域,云贵桥,2026-08-14 01:00,2,17.88,8.21,7.93,390.147,29.108,1.09,0.033,0.028,3.642,,,2026-08-14 01:24:48
云南省,长江流域,头屯河,2026-08-14 00:00,2,18.39,8.14,7.4,410.833,8.68,0.51,0.037,0.028,6.111,,,2026-08-14 01:24:48
云南省,长江流域,邓家河,2026-08-14 01:00,2,24.13,7.99,7.4,372.755,27.346,0.53,,0.099,2.763,,,2026-08-14 01:24:48
云南省,长江流域,横江桥,2026-08-14 00:00,2,24.15,8.18,8.09,298.57,27.61,0.69,,0.034,3.083,,,2026-08-14 01:24:48
云南省,长江流域,程海湖中,2026-08-14 00:00,3,26.51759,,8.64,1418.794,10.09592,5.6,0.016,0.02,0.91396,0.00973,6775.367,2026-08-14 01:24:48
云南省,长江流域,新华,2026-08-14 00:00,1,19.64654,8.41,7.64,836.8235,46.61003,0.89,0.055,0.018,0.63655,,,2026-08-14 01:24:48
云南省,长江流域,金江桥,2026-08-14 00:00,1,21.9,8.23,8.68,601.8907,20.13422,1.65,0.022,0.016,1.3024,,,2026-08-14 01:24:48
云南省,长江流域,龙兴村,2026-08-14 00:00,5,20.81,7.66,2.85,461.8958,22.98404,3.22,1.653,0.355,4.39267,,,2026-08-14 01:24:48
云南省,西南诸河,土卡河水文站,2026-08-14 01:00,2,25.91855,7.91,8.22,191.4158,129.0257,1.27,,0.041,0.8537792,,,2026-08-14 01:24:48
云南省,西南诸河,思茅港,2026-08-14 00:00,3,22.44443,7.25,5.48,351.4012,36.81035,1.38,0.048,0.012,1.81135,,,2026-08-14 01:24:48
云南省,西南诸河,孟拉桥,2026-08-14 00:00,1,24.61,7.4,8.55,92.04215,86.03164,0.67,0.024,0.015,,,,2026-08-14 01:24:48
云南省,西南诸河,莲花乡,2026-08-14 00:00,6,24.25184,7.42,5.68,214.6409,243.7449,3.56,2.088,0.198,5.49793,,,2026-08-14 01:24:48
云南省,西南诸河,嘎旧,2026-08-14 00:00,2,21.62,7.91,7.03,406.1524,19.0218,1.43,0.059,0.015,0.66359,,,2026-08-14 01:24:48
云南省,西南诸河,景临桥,2026-08-14 00:00,2,21.85,7.81,6.94,368.0285,27.02834,0.96,0.011,0.021,0.88431,,,2026-08-14 01:24:48
云南省,西南诸河,孟定大桥,2026-08-14 00:00,2,31.89,7.16,6.79,,25.26972,,,,,,,2026-08-14 01:24:48
云南省,西南诸河,黑箐,2026-08-14 00:00,2,24.07,7.54,7,135.7653,775.5684,1.2,0.043,0.024,2.33874,,,2026-08-14 01:24:48
云南省,西南诸河,小黑江检查站,2026-08-14 00:00,2,23.39985,7.51,6.85,185.0603,387.2023,0.86,0.018,0.015,1.81027,,,2026-08-14 01:24:48
云南省,西南诸河,水文站,2026-08-14 00:00,2,21.76,8.05,6.72,311.5952,1023.661,3.06,0.007,0.045,1.96868,,,2026-08-14 01:24:48
云南省,西南诸河,那发出境,2026-08-14 00:00,2,25.94,7.88,7.46,122.2344,425.61,1.47,,0.091,0.6795,,,2026-08-14 01:24:48
云南省,西南诸河,龙脖渡口,2026-08-14 00:00,2,25.79,7.85,8.03,248.0634,200.1095,1.94,0.024,0.07,1.7638,,,2026-08-14 01:24:48
云南省,西南诸河,小河底河,2026-08-14 00:00,3,26.34,8.27,8.35,373.196,1936.214,3.43,,0.184,12.6842,,,2026-08-14 01:24:48
云南省,珠江流域,异龙湖中,2026-08-14 01:00,4,27.2,8.62,8.3,454.98,2.426,7.2,,0.011,0.354,0.01828,139597,2026-08-14 01:24:48
云南省,珠江流域,长虹桥,2026-08-14 00:00,4,24.2,8.06,7.4,486.303,547.382,5.69,0.059,0.247,6.4323,,,2026-08-14 01:24:48
云南省,西南诸河,天保农场,2026-08-14 01:00,2,24.19,8.18,8.64,376.5,9.74,1.22,0.006,0.031,2.9951,,,2026-08-14 01:24:48
云南省,西南诸河,南利大桥,2026-08-14 00:00,2,28,8.14,6.59,297.17,1,,,,,,,2026-08-14 01:24:48
云南省,珠江流域,谷拉河大桥,2026-08-14 00:00,1,32.59,8.71,11.3,171.7,1.555,1.41,0.006,0.005,0.358,,,2026-08-14 01:24:48
云南省,西南诸河,关累码头,2026-08-14 00:00,2,22.99349,7.8,6.57,285.0028,140.0129,0.7,0.001,0.017,1.15961,,,2026-08-14 01:24:48
云南省,西南诸河,勐仑大桥,2026-08-14 00:00,2,23.47,7.97,7.99,187.8612,482.5882,0.78,0.002,0.04,1.29744,,,2026-08-14 01:24:48
云南省,西南诸河,风情园大桥,2026-08-14 00:00,2,23.76289,7.73,8.32,135.3604,312.1601,1.28,0.003,0.022,4.56932,,,2026-08-14 01:24:48
云南省,西南诸河,勐捧岔河,2026-08-14 00:00,2,24.7,7.58,8.93,164.4682,621.1451,1.15,0.004,0.037,0.86369,,,2026-08-14 01:24:48
云南省,西南诸河,打洛江大桥,2026-08-14 00:00,2,25.11932,7.8,7.8,122.9388,751.7623,1.84,0.006,0.022,,,,2026-08-14 01:24:48
云南省,西南诸河,洱海湖心,2026-08-14 01:00,3,24.08,8.89,8.43,276.53,4.8,5.28,0.002,0.023,0.434,0.01275,1.337713,2026-08-14 01:24:48
云南省,西南诸河,交汇口,2026-08-14 00:00,2,21.93048,8.38,7.66,257.0378,1770.084,1.53,0.008,0.031,1.05972,,,2026-08-14 01:24:48
云南省,西南诸河,徐村桥,2026-08-14 00:00,2,23.01,7.9,7.3,240.9965,129.2369,,,,,,,2026-08-14 01:24:48
云南省,西南诸河,江尾,2026-08-14 00:00,2,23.22021,7.91,6.06,282.6174,38.89644,1.29,0.001,0.036,0.69746,,,2026-08-14 01:24:48
云南省,西南诸河,四级坝,2026-08-14 00:00,2,22.91,8.07,7.04,332.1175,21.14012,3.57,0.13,0.094,1.77425,,,2026-08-14 01:24:48
云南省,西南诸河,汇流电站,2026-08-14 00:00,2,24.72575,6.77,8.12,74.69431,85.08463,1.46,0.006,0.034,1.59402,,,2026-08-14 01:24:48
云南省,西南诸河,迭撒大桥,2026-08-14 00:00,2,25.95518,6.74,6.52,101.0842,130.2121,1.92,0.098,0.044,4.11011,,,2026-08-14 01:24:48
云南省,西南诸河,风平,2026-08-14 00:00,2,23.44,7.93,7.85,195.9422,97.53933,1.23,0.006,0.063,1.02548,,,2026-08-14 01:24:48
云南省,西南诸河,拉甲木底桥,2026-08-14 00:00,1,20.39142,8.23,9.87,315.7011,127.5232,1.21,0.009,0.001,0.25511,,,2026-08-14 01:24:48
云南省,西南诸河,丙舍桥,2026-08-14 00:00,1,22.02008,8.2,9.38,334.8587,402.9839,1.65,0.002,0.02,1.0833,,,2026-08-14 01:24:48
云南省,长江流域,贺龙桥,2026-08-14 00:00,2,19.9567,8.36,7.49,1025.789,77.10456,1.17,0.081,0.015,0.9428,,,2026-08-14 01:24:48
云南省,西南诸河,中路村,2026-08-14 00:00,2,19.28,8.33,7.39,475.0902,27.48919,0.99,0.013,0.005,0.53778,,,2026-08-14 01:24:48
西藏自治区,西南诸河,才纳,2026-08-14 01:00,2,17.303,8.11,6.28,200.795,165.506,1.7,0.121,0.069,0.627,,,2026-08-14 01:24:48
陕西省,黄河流域,灞河口,2026-08-14 01:00,4,24.25,8.03,8.44,231.3508,213.4564,6.64,0.145,0.184,4.1229,,,2026-08-14 01:24:48
陕西省,黄河流域,三郎村,2026-08-14 01:00,3,25.33,7.65,7.36,359.719,113.597,4.02,0.226,0.12,5.0128,,,2026-08-14 01:24:48
陕西省,黄河流域,岔口,2026-08-14 01:00,4,22.72,8.28,8.47,691.752,704.134,8.71,0.078,0.221,6.1788,,,2026-08-14 01:24:48
陕西省,长江流域,黄牛铺,2026-08-14 01:00,3,22.77,8.76,5.93,175.9592,1.3536,2.58,0.002,0.01,0.578,,,2026-08-14 01:24:48
陕西省,黄河流域,魏家堡,2026-08-14 01:00,2,26.85,8.21,6.86,724.4334,86.5692,2.47,,0.065,3.08,,,2026-08-14 01:24:48
陕西省,黄河流域,卧龙寺桥,2026-08-14 01:00,2,26.27,8.29,7.35,949.5262,,2.8,0.041,0.055,4.748,,,2026-08-14 01:24:48
陕西省,长江流域,灶火庵,2026-08-14 01:00,2,24.02,8.31,6.73,352.5799,29.921,1.45,,0.021,1.2071,,,2026-08-14 01:24:48
陕西省,黄河流域,咸阳铁桥,2026-08-14 00:00,2,27.11,8.15,7.51,544.595,62.2507,3.29,,0.059,3.8959,,,2026-08-14 01:24:48
陕西省,黄河流域,兴平,2026-08-14 00:00,2,28.13,8.39,6.91,663.9814,128.8699,3.39,0.077,0.061,3.7777,,,2026-08-14 01:24:48
陕西省,黄河流域,泾河桥,2026-08-14 00:00,2,27.53,8.28,6.88,1006.18,30.8607,2.47,0.02,0.034,3.7373,,,2026-08-14 01:24:48
陕西省,黄河流域,黑河张家桥,2026-08-14 01:00,2,23.27,8.01,7.26,502.0475,48.3278,2.07,0.054,0.031,1.9153,,,2026-08-14 01:24:48
陕西省,黄河流域,王谦村,2026-08-14 01:00,2,26.176,8.04,6.29,1173.5,1102.9,3.9,0.016,0.095,3.561,,,2026-08-14 01:24:48
陕西省,黄河流域,杨家畔村,2026-08-14 01:00,3,26.83,8.46,9.06,643.306,,3.64,0.115,0.134,2.8651,,,2026-08-14 01:24:48
陕西省,黄河流域,昝家山,2026-08-14 01:00,3,23.51,8.25,8.62,559.697,557.7194,5.47,,0.139,3.2451,,,2026-08-14 01:24:48
陕西省,黄河流域,寺滩,2026-08-14 01:00,3,26.29,8.37,7.36,615.614,,1.84,,0.107,4.0201,,,2026-08-14 01:24:48
陕西省,黄河流域,朱家沟,2026-08-14 01:00,6,24.72,8.03,4.72,1152.581,150.6213,4.68,0.323,0.475,7.1511,,,2026-08-14 01:24:48
陕西省,长江流域,烈金坝,2026-08-14 01:00,2,22.91,8.02,7.44,325.13,12.039,0.62,,0.03,0.9999,,,2026-08-14 01:24:48
陕西省,长江流域,南柳渡,2026-08-14 00:00,2,28.35,8.45,7.9,275.7202,10.6343,3.57,,0.048,1.819,,,2026-08-14 01:24:48
陕西省,长江流域,白水江,2026-08-14 01:00,2,26.56,8.21,6.75,313.0138,3.084,0.9,,0.012,1.004,,,2026-08-14 01:24:48
陕西省,黄河流域,柏树坪,2026-08-14 01:00,3,28.12637,8.2,7.77,902.917,1010.487,2.77,,0.131,4.3841,,,2026-08-14 01:24:48
陕西省,黄河流域,温家川,2026-08-14 01:00,4,26.18,8.37,6.73,1098.389,389.1663,8.2,,0.113,2.2101,,,2026-08-14 01:24:48
陕西省,黄河流域,碛塄,2026-08-14 00:00,1,24.88,8.58,8.72,886.854,10.22291,1.69,0.005,0.004,2.4741,,,2026-08-14 01:24:48
陕西省,黄河流域,高家川,2026-08-14 01:00,3,25.11,8.29,7.67,782.825,466.4961,3.48,,0.135,3.2261,,,2026-08-14 01:24:48
陕西省,黄河流域,鱼河,2026-08-14 01:00,3,25,8.24,6.64,710.618,65.02215,4.48,0.141,0.185,4.0351,,,2026-08-14 01:24:48
陕西省,长江流域,白河城关,2026-08-14 00:00,3,24.74,7.68,5.94,253.1591,77.52,3.82,0.201,0.171,3.413,0.02704,,2026-08-14 01:24:48
陕西省,长江流域,南江河出陕界,2026-08-14 00:00,2,20.77,8.09,9.28,160.7087,40.4278,1.6,0.007,0.022,0.8269,,,2026-08-14 01:24:48
陕西省,长江流域,老君关,2026-08-14 01:00,2,24.68,7.56,6.04,255.7839,86.0248,3.37,,0.074,2.37,,,2026-08-14 01:24:48
陕西省,长江流域,瀛湖坝前,2026-08-14 00:00,2,27.76,8.29,7.7,222.8601,10.3304,2.09,0.004,0.016,0.736,0.03116,2684803,2026-08-14 01:24:48
陕西省,长江流域,构峪口,2026-08-14 01:00,2,21.02,8.05,6.74,360.4331,30.8914,2.88,,0.041,2.125,,,2026-08-14 01:24:48
陕西省,长江流域,丹凤下,2026-08-14 01:00,2,22.31,8.36,7.7,376.9403,30.2759,2.85,0.014,0.073,2.7235,,,2026-08-14 01:24:48
陕西省,黄河流域,灵口,2026-08-14 00:00,2,22.57,8.36,7.63,469.3912,22.9415,2.3,,0.048,2.2407,,,2026-08-14 01:24:48
甘肃省,黄河流域,扶和桥,2026-08-14 00:00,1,17.43,8.27,8.44,523.6107,57.79927,1.74,0.072,0.02,1.79825,,,2026-08-14 01:24:48
甘肃省,黄河流域,湟水桥,2026-08-14 01:00,2,23.12,8.46,6.95,791.152,190.766,2.98,0.114,0.098,3.915,,,2026-08-14 01:24:48
甘肃省,西北诸河,迎山坡,2026-08-14 00:00,1,20.03565,8.27,7.66,590.5895,10.23484,0.88,0.033,0.016,1.69888,,,2026-08-14 01:24:48
甘肃省,黄河流域,青城桥,2026-08-14 00:00,2,19.97917,8.13,6.78,626.6422,654.8954,1.56,0.012,0.02,2.26835,,,2026-08-14 01:24:48
甘肃省,黄河流域,五佛寺,2026-08-14 01:00,2,20.76752,8.25,6.89,657.9434,802.1504,2.37,0.279,0.045,3.541,,,2026-08-14 01:24:48
甘肃省,黄河流域,靖远桥,2026-08-14 00:00,2,19.6358,8.24,6.47,666.1223,1005.126,2.11,0.359,0.051,2.80495,,,2026-08-14 01:24:48
甘肃省,黄河流域,葡萄园,2026-08-14 01:00,2,26.08,8.31,6.82,991.044,3522.294,2.7,0.05,0.079,7.15,,,2026-08-14 01:24:48
甘肃省,黄河流域,先明峡桥,2026-08-14 00:00,1,17.743,8.56,7.66,446.9973,60.94156,0.75,0.051,0.006,1.70752,,,2026-08-14 01:24:48
甘肃省,西北诸河,莺落峡,2026-08-14 00:00,1,16.38,8.25,8.2,650.6157,4.98383,0.18,0.019,0.006,1.20197,,,2026-08-14 01:24:48
甘肃省,西北诸河,皇城水库,2026-08-14 00:00,2,14.97876,7.99,6.87,487.6386,43.43101,0.85,0.054,0.003,1.95033,,,2026-08-14 01:24:48
甘肃省,西北诸河,六坝桥,2026-08-14 00:00,1,22.88271,8.37,7.51,1259.41,4.2756,0.82,0.008,0.003,2.62972,,,2026-08-14 01:24:48
甘肃省,黄河流域,长庆桥,2026-08-14 01:00,2,26.04,8.17,6.59,882.876,1291.635,2.06,0.008,0.072,3.6131,,,2026-08-14 01:24:48
甘肃省,黄河流域,洮园桥,2026-08-14 00:00,3,21.2,8.28,6.87,418.5472,189.6966,3.83,0.311,0.103,5.38547,,,2026-08-14 01:24:48
甘肃省,长江流域,固水子村,2026-08-14 01:00,2,22.33,8.29,7.5,387.7,164.9,1.03,,0.049,,,,2026-08-14 01:24:48
甘肃省,长江流域,两水桥,2026-08-14 01:00,1,22.46,8.41,7.66,431.827,63.9179,0.72,0.017,0.001,1.1681,,,2026-08-14 01:24:48
甘肃省,黄河流域,折桥,2026-08-14 00:00,4,19.21,8.45,8.66,489.4987,500.7129,7.64,0.263,0.11,4.22174,,,2026-08-14 01:24:48
甘肃省,黄河流域,玛曲,2026-08-14 00:00,3,18.11828,8.37,5.87,425.4174,48.96382,1.69,0.044,0.025,1.18283,,,2026-08-14 01:24:48
青海省,黄河流域,小峡桥,2026-08-14 00:00,3,21.51953,8.25,6.64,1080.303,81.46472,5.43,0.153,0.112,5.1108,,,2026-08-14 01:24:48
青海省,黄河流域,润泽桥,2026-08-14 00:00,2,17.56058,8.16,7.52,633.0826,33.28943,2.1,0.075,0.042,5.27121,,,2026-08-14 01:24:48
青海省,黄河流域,大河家,2026-08-14 00:00,2,14.04582,8.16,8.02,523.6586,56.89702,1.21,0.009,0.022,0.71478,,,2026-08-14 01:24:48
青海省,黄河流域,边墙村,2026-08-14 00:00,6,21.73424,8.55,6.97,1042.508,535.1978,15.25,0.728,0.179,4.17841,,,2026-08-14 01:24:48
青海省,黄河流域,峡塘,2026-08-14 00:00,2,19.01268,8.49,7.07,506.5777,54.0721,1.72,0.005,0.017,1.04687,,,2026-08-14 01:24:48
青海省,西北诸河,布哈河入青海湖口,2026-08-14 00:00,2,16.19484,8.26,6.64,520.7507,11.32158,1.01,0.006,0.003,0.709,,,2026-08-14 01:24:48
青海省,黄河流域,唐乃亥,2026-08-14 00:00,2,17.56163,8.4,6.63,446.678,75.08631,1.78,0.009,0.032,0.75436,,,2026-08-14 01:24:48
青海省,黄河流域,龙羊峡库区出水口,2026-08-14 00:00,2,14.37141,8.19,7.33,445.1179,5.77914,1.25,0.002,0.008,0.59388,0.0082,300249.2,2026-08-14 01:24:48
青海省,长江流域,直门达,2026-08-14 01:00,2,16.645,8.39,6.43,1388.375,285.95,0.9,0.246,0.044,0.974992,,,2026-08-14 01:24:48
青海省,西北诸河,总场水闸,2026-08-14 00:00,2,15.66,8.53,6.81,755.6579,38.99488,0.49,0.008,0.009,0.99104,,,2026-08-14 01:24:48
青海省,西北诸河,纳赤台,2026-08-14 00:00,3,13.096,8.38,6.54,651.7,324.9,0.75,0.048,0.148,0.257,,,2026-08-14 01:24:48
青海省,西北诸河,德令哈市水厂旁,2026-08-14 00:00,1,14.29647,8.05,9.19,767.2736,36.43972,0.44,0.002,0.002,1.50474,,,2026-08-14 01:24:48
宁夏回族自治区,黄河流域,叶盛公路桥,2026-08-14 00:00,2,22.09,7.91,6.85,1074,2282.99,1.45,,0.041,3.148,,,2026-08-14 01:24:48
宁夏回族自治区,黄河流域,银古公路桥,2026-08-14 00:00,3,23.39093,7.91,5.5,1406.671,1860.455,3.15,0.397,0.132,3.76419,,,2026-08-14 01:24:48
宁夏回族自治区,黄河流域,平罗黄河大桥,2026-08-14 01:00,4,24.35,7.87,4.78,1175.99,1659,1.48,,0.048,2.812,,,2026-08-14 01:24:48
宁夏回族自治区,黄河流域,麻黄沟,2026-08-14 01:00,2,25.5,8.33,6.03,855.93,809.782,2.24,,0.049,2.496,,,2026-08-14 01:24:48
宁夏回族自治区,黄河流域,沙湖,2026-08-14 00:00,3,24.48,8.67,8.34,1489.2,15.7,5.8,0.015,0.032,0.989,0.01225,2.3282,2026-08-14 01:24:48
宁夏回族自治区,黄河流域,沟圈,2026-08-14 01:00,2,21.41,8.44,6.76,1247.476,112.2916,3.03,0.029,0.049,1.8281,,,2026-08-14 01:24:48
宁夏回族自治区,黄河流域,中卫下河沿,2026-08-14 01:00,2,,,,,,2.24,,0.066,2.413,,,2026-08-14 01:24:48
宁夏回族自治区,黄河流域,泉眼山,2026-08-14 01:00,6,22.3,7.81,8.41,5408.098,11.58573,0.15,0.001,0.756,,,,2026-08-14 01:24:48
新疆维吾尔自治区,西北诸河,青年渠,2026-08-14 00:00,1,17.42,8.17,8.81,328.6638,23.39464,0.18,0.008,0.008,1.11013,,,2026-08-14 01:24:48
新疆维吾尔自治区,西北诸河,七纺桥,2026-08-14 00:00,1,14.2,8.57,8.08,2279.569,19.37844,,0.007,0.016,12.44211,,,2026-08-14 01:24:48
新疆维吾尔自治区,西北诸河,赛湖2,2026-08-14 00:00,3,19.13151,8.94,5.55,3188.524,31.58995,0.05,0.204,0.001,0.54903,0.00997,31500,2026-08-14 01:24:48
新疆维吾尔自治区,西北诸河,哈尔莫墩,2026-08-14 00:00,1,19.03,8.14,7.61,337.2601,4.17018,0.83,0.009,0.009,0.50082,,,2026-08-14 01:24:48
新疆维吾尔自治区,西北诸河,汇合口,2026-08-14 00:00,2,27.77,8.49,7.1,1079.355,15.48543,2.79,0.009,0.009,0.36666,,,2026-08-14 01:24:48
新疆维吾尔自治区,西北诸河,兰干,2026-08-14 00:00,2,28.52067,8.58,6.32,999.8713,4.62862,2,0.01,0.008,0.55446,,,2026-08-14 01:24:48
新疆维吾尔自治区,西北诸河,塔提让,2026-08-14 00:00,5,23.21,8.26,5.14,1095.744,3941.277,0.25,1.557,0.02,0.81115,,,2026-08-14 01:24:48
新疆维吾尔自治区,西北诸河,塔里木拦河闸,2026-08-14 00:00,1,17.39563,8.08,8.28,464.5971,2248.303,0.22,0.006,0.001,0.60652,,,2026-08-14 01:24:48
新疆维吾尔自治区,西北诸河,十二医院,2026-08-14 00:00,2,21.88331,8,7.08,1303.307,68.16208,0.3,,0.003,0.944,,,2026-08-14 01:24:48
新疆维吾尔自治区,西北诸河,依干其渡口,2026-08-14 00:00,1,20.35287,8.27,7.9,415.4141,582.582,0.2,0.022,0.005,0.72691,,,2026-08-14 01:24:48
新疆维吾尔自治区,西北诸河,喀河大桥,2026-08-14 00:00,1,20.19079,8.15,7.52,431.4752,476.6461,0.4,0.016,0.001,1.60652,,,2026-08-14 01:24:48
新疆维吾尔自治区,西北诸河,科布大桥,2026-08-14 00:00,1,16.0886,8.35,8.09,230.4839,368.3947,0.66,0.008,0.01,0.56157,,,2026-08-14 01:24:48
新疆维吾尔自治区,西北诸河,龙口大桥,2026-08-14 00:00,1,18.38961,7.74,7.85,249.3895,9.65011,0.14,0.004,0.006,0.61485,,,2026-08-14 01:24:48
新疆维吾尔自治区,西北诸河,羊场大桥,2026-08-14 00:00,4,20.46,7.8,3.59,1073.867,1.98174,0.44,0.002,0.005,0.55305,,,2026-08-14 01:24:48
新疆维吾尔自治区,西北诸河,喀什河大桥,2026-08-14 00:00,1,17.81,8.04,9.21,231.065,38.58516,0.89,0.004,0.008,0.58494,,,2026-08-14 01:24:48
新疆维吾尔自治区,西北诸河,英牙尔乡,2026-08-14 00:00,2,23.90532,8.2,7.46,374.0201,32.44835,2.46,0.001,0.053,1.28283,,,2026-08-14 01:24:48
新疆维吾尔自治区,西北诸河,雅马渡大桥,2026-08-14 00:00,2,21.456,8.02,6.39,342.565,43.24,1.22,0.024,0.029,0.629,,,2026-08-14 01:24:48
新疆维吾尔自治区,西北诸河,布尔津河大桥,2026-08-14 00:00,1,24.13,7.62,7.52,69.5055,7.01387,1.15,0.005,0.009,0.14207,,,2026-08-14 01:24:48
新疆维吾尔自治区,西北诸河,乌伦古湖码头,2026-08-14 00:00,3,23.64192,8.79,8.12,3774.001,13.08753,4.38,0.007,0.016,0.45771,0.02142,733868.2,2026-08-14 01:24:48
新疆维吾尔自治区,西北诸河,北屯大桥,2026-08-14 00:00,2,24.78513,8.46,6.35,81.8707,22.7608,0.84,0.004,0.013,1.09561,,,2026-08-14 01:24:48
新疆维吾尔自治区,西北诸河,布尔津水文站,2026-08-14 00:00,2,25.29,7.96,8.99,168.3103,20.71203,2.28,0.033,0.032,1.66052,,,2026-08-14 01:24:48
新疆维吾尔自治区,西北诸河,额河南湾,2026-08-14 01:00,1,24.839,7.99,8.14,193.4433,6.0845,1.47,0.007,0.011,0.45771,,,2026-08-14 01:24:48
