省份,流域,断面名称,监测时间,水质类别,水温(℃),pH(无量纲),溶解氧(mg/L),电导率(μS/cm),浊度(NTU),高锰酸盐指数(mg/L),氨氮(mg/L),总磷(mg/L),总氮(mg/L),叶绿素α(mg/L),藻密度(cells/L),抓取时间
北京市,海河流域,新八里桥,2026-08-12 00:00,6,26.16,7.21,0.03,507.853,13.886,3.24,0.122,0.15,2.528,,,2026-08-12 00:25:40
北京市,海河流域,大红门闸上,2026-08-12 00:00,2,25.35,7.52,6.5,952.3,12.073,2.97,0.024,0.096,7.508,,,2026-08-12 00:25:40
北京市,海河流域,南大荒桥,2026-08-12 00:00,2,28.91,8.42,7.54,837.3,33.16,3.19,0.006,0.047,2.017,,,2026-08-12 00:25:40
北京市,海河流域,清河闸,2026-08-12 00:00,2,23.11,7.66,6.33,767.62,6.273,2.62,,0.038,5.97,,,2026-08-12 00:25:40
北京市,海河流域,白石桥,2026-08-12 00:00,2,28.19,8.15,8.51,381.38,13.411,3.65,0.016,0.023,2.57,,,2026-08-12 00:25:40
北京市,海河流域,八间房漫水桥,2026-08-12 00:00,3,28.9,7.53,,709,8.55,2.82,0.012,0.111,2.9455,,,2026-08-12 00:25:40
北京市,海河流域,码头,2026-08-12 00:00,2,27.92,7.43,8.53,953.76,51.152,3.69,0.026,0.074,6.026,,,2026-08-12 00:25:40
北京市,海河流域,罗庄,2026-08-12 00:00,5,30.44,7.48,2.43,1016.431,7.353892,2.6,0.03,0.174,4.4151,,,2026-08-12 00:25:40
北京市,海河流域,小屯桥,2026-08-12 00:00,4,30.24,7.77,5.59,1094.06,10.21579,4.74,0.062,0.209,3.9631,,,2026-08-12 00:25:40
北京市,海河流域,东店,2026-08-12 00:00,2,25.04625,7.61,6.85,559.5012,35.92005,2.76,0.037,0.08,9.000491,,,2026-08-12 00:25:40
北京市,海河流域,密云水库,2026-08-12 00:00,2,29.14376,8.27,9.53,414.8395,2.0398,2.49,,0.007,3.525326,,,2026-08-12 00:25:40
北京市,海河流域,大关桥,2026-08-12 00:00,2,29.29,8.08,7.96,426.9,58.55,3.78,0.201,0.061,4.6791,,,2026-08-12 00:25:40
北京市,海河流域,谷家营,2026-08-12 00:00,2,29.22,8.14,11.31,553.403,6.72,3.18,0.19,0.051,3.144,,,2026-08-12 00:25:40
天津市,海河流域,北洋桥,2026-08-12 00:00,6,28.26307,7.12,0.5,1011.843,31.50227,5.1,3.42,0.379,5.41397,,,2026-08-12 00:25:40
天津市,海河流域,大红桥,2026-08-12 00:00,6,30.12,7.41,0.02,1216.398,5.942625,3.81,0.123,0.072,1.8691,,,2026-08-12 00:25:40
天津市,海河流域,曹庄子泵站,2026-08-12 00:00,2,31.81,7.66,6.6,261.56,2.33,1.6,0.064,0.006,0.775,,,2026-08-12 00:25:40
天津市,海河流域,北排水河防潮闸,2026-08-12 00:00,6,19.72,7.83,0.43,1358.5,49.8153,4.03,0.086,0.137,1.2585,,,2026-08-12 00:25:40
天津市,海河流域,沧浪渠出境,2026-08-12 00:00,5,30.02,7.88,2.89,4849.8,674.953,6.24,,0.212,1.7567,,,2026-08-12 00:25:40
天津市,海河流域,蓟运河防潮闸,2026-08-12 00:00,5,31.05045,7.29,2.3,736.2548,41.32609,4.41,0.633,0.149,2.019835,,,2026-08-12 00:25:40
天津市,海河流域,青静黄防潮闸,2026-08-12 00:00,4,30.45014,8.24,5,6056.561,100.5171,7.7,0.151,0.183,0.84274,,,2026-08-12 00:25:40
天津市,海河流域,马棚口防潮闸,2026-08-12 00:00,3,29.56,7.97,6.7,14482,137.1111,5.09,0.079,0.093,3.191,,,2026-08-12 00:25:40
天津市,海河流域,阎辛庄,2026-08-12 00:00,6,21.02609,7.18,0.59,1229.609,57.7945,3.88,0.195,0.124,4.143937,,,2026-08-12 00:25:40
天津市,海河流域,于桥水库库中心,2026-08-12 00:00,3,29.45,8.91,10.85,356.59,7.32,5.86,,0.032,2.71,0.04553,1.869128,2026-08-12 00:25:40
天津市,海河流域,黎河桥,2026-08-12 00:00,3,26.591,7.6,8.61,764.5,27.1,3.01,0.092,0.131,9.951,,,2026-08-12 00:25:40
河北省,海河流域,地都,2026-08-12 00:00,-1,,,,,,,,,,,,2026-08-12 00:25:40
河北省,海河流域,平山桥,2026-08-12 00:00,3,26.63,7.82,6.75,929.36,125.681,2.35,0.034,0.111,3.247,,,2026-08-12 00:25:40
河北省,海河流域,大石桥,2026-08-12 00:00,4,28.56099,7.34,4.49,1033.01,62.26797,4.99,0.319,0.135,5.175643,,,2026-08-12 00:25:40
河北省,海河流域,涧河口,2026-08-12 00:00,3,31.45189,8.87,12.63,1402.155,25.9697,5.71,0.052,0.072,1.592568,,,2026-08-12 00:25:40
河北省,海河流域,丰北闸,2026-08-12 00:00,3,33.62228,7.63,8.02,760.9642,21.41149,5.35,,0.165,3.649199,,,2026-08-12 00:25:40
河北省,海河流域,刘家庄,2026-08-12 00:00,3,22.27,8.3,7.72,562.1099,156.01,2.43,0.121,0.12,2.25,,,2026-08-12 00:25:40
河北省,海河流域,艾辛庄,2026-08-12 00:00,4,28.22087,7.82,6.41,876.2138,62.73523,6.45,0.286,0.199,8.399874,,,2026-08-12 00:25:40
河北省,海河流域,四道甸,2026-08-12 00:00,3,24.86,8.32,7.55,384.261,122.3756,4.75,0.013,0.07,7.1891,,,2026-08-12 00:25:40
河北省,辽河流域,甸子,2026-08-12 00:00,2,22.76,7.79,6.36,380.3,39.73,2.67,0.035,0.072,5.805,,,2026-08-12 00:25:40
河北省,海河流域,何老营,2026-08-12 00:00,4,29.37895,7.99,6.79,4185.36,15.17328,6.75,,0.08,1.042904,,,2026-08-12 00:25:40
河北省,海河流域,大口河口,2026-08-12 00:00,4,27.73,8.01,6.06,14283.97,38.19,6.43,0.582,0.221,3.845,,,2026-08-12 00:25:40
河北省,海河流域,台头,2026-08-12 00:00,3,31.02487,7.64,5.57,1325.785,14.82251,5.41,0.066,0.061,0.4531,,,2026-08-12 00:25:40
河北省,海河流域,三小营,2026-08-12 00:00,3,30.47466,7.84,5.8,954.0314,31.67897,5.73,0.058,0.149,2.331193,,,2026-08-12 00:25:40
河北省,海河流域,南张村,2026-08-12 00:00,2,31.78,8.32,8.53,338.03,12.785,2.03,0.018,0.011,0.9279,,,2026-08-12 00:25:40
河北省,海河流域,烧车淀,2026-08-12 00:00,2,30.33,7.68,7.79,577.45,2.12,2.11,0.024,0.007,2.613,0.00228,2315397,2026-08-12 00:25:40
河北省,海河流域,采蒲台,2026-08-12 00:00,2,30.45177,7.65,6.35,728.3978,0.470366,2.26,,0.019,0.301958,0.002161,565722,2026-08-12 00:25:40
河北省,海河流域,光淀张庄,2026-08-12 00:00,5,30.91,7.38,2.8,595.25,5.45,2.39,0.098,0.028,1.221,0.00404,3338877,2026-08-12 00:25:40
山西省,黄河流域,汾河水库出口,2026-08-12 00:00,2,25.76,8.25,8.36,698.92,5.73896,2.08,0.015,,1.4091,0.0105748,297041,2026-08-12 00:25:40
山西省,海河流域,册田水库出口,2026-08-12 00:00,4,20.59,7.84,4.3,1216.681,12.79028,3.49,0.123,0.161,1.1451,,,2026-08-12 00:25:40
山西省,海河流域,古家坡,2026-08-12 00:00,4,29.38,8.6,5.02,783.124,77.20078,8.05,0.029,0.207,1.6051,,,2026-08-12 00:25:40
山西省,海河流域,司徒桥,2026-08-12 00:00,4,25.19,7.77,4.25,541.3373,52.5517,3.52,0.004,0.063,1.982,,,2026-08-12 00:25:40
山西省,黄河流域,龙头,2026-08-12 00:00,2,22.57,8.17,7.56,594.82,107.4,3.49,,0.04,3.7509,,,2026-08-12 00:25:40
山西省,黄河流域,拴驴泉,2026-08-12 00:00,1,25.01,8.23,7.99,706.3459,25.8575,1.66,,0.019,4.2935,,,2026-08-12 00:25:40
山西省,海河流域,东榆林水库出口,2026-08-12 00:00,2,26.89,8.28,9.89,738.136,13.2846,3.47,0.018,0.061,2.1221,,,2026-08-12 00:25:40
山西省,黄河流域,杀虎口,2026-08-12 00:00,3,23.83,8.23,6.17,536.409,67.2868,4.94,0.018,0.063,1.4341,,,2026-08-12 00:25:40
山西省,黄河流域,张留庄,2026-08-12 00:00,4,26.98,8.29,5.96,5555.237,140.378,7.57,0.114,0.233,10.362,,,2026-08-12 00:25:40
山西省,黄河流域,上亳城,2026-08-12 00:00,2,24.01,8.01,7.66,792.326,48.751,2.13,0.0004,0.055,4.5862,,,2026-08-12 00:25:40
山西省,海河流域,梵王寺,2026-08-12 00:00,3,21.23,7.84,6.1,638.225,2469.707,4.84,0.663,0.099,5.4731,,,2026-08-12 00:25:40
山西省,海河流域,代县桥,2026-08-12 00:00,2,23.54,8.5,6.94,714.531,129.4678,1.33,0.018,0.081,4.1771,,,2026-08-12 00:25:40
山西省,黄河流域,河西村,2026-08-12 00:00,2,24.68,8.35,6.7,552.5,106.92,3.45,,,3.72,,,2026-08-12 00:25:40
山西省,黄河流域,上平望,2026-08-12 00:00,3,28.15,7.73,5.79,1116.79,244.56,4.67,0.078,0.084,5.541,,,2026-08-12 00:25:40
山西省,黄河流域,黑城村,2026-08-12 00:00,3,27.45,8.13,7.61,879.0435,472.2765,2.92,0.017,0.139,6.601,,,2026-08-12 00:25:40
内蒙古自治区,松花江流域,嵯岗,2026-08-12 00:00,5,23.01,7.58,6.41,197.802,26.188,10.39,,0.099,0.535,,,2026-08-12 00:25:40
内蒙古自治区,松花江流域,成吉思汗,2026-08-12 00:00,2,21.82,7.22,8.18,142.49,19.08,2.74,,0.026,1.169,,,2026-08-12 00:25:40
内蒙古自治区,松花江流域,察尔森水库西入口,2026-08-12 00:00,3,24.98,8.23,8.39,168.36,26.34,3.91,0.002,0.029,1.463,0.0117,3559630,2026-08-12 00:25:40
辽宁省,辽河流域,于台,2026-08-12 00:00,4,24.67,7.08,4.43,711.025,6.112,3.98,0.175,0.074,6.551,,,2026-08-12 00:25:40
辽宁省,辽河流域,巨流河大桥,2026-08-12 00:00,4,26.41,8.12,8.54,524.4,119.8,6.02,,0.135,3.483,,,2026-08-12 00:25:40
辽宁省,辽河流域,兴国桥,2026-08-12 00:00,4,24.64,6.86,4.24,719.245,7.312,2.38,,0.028,2.49,,,2026-08-12 00:25:40
辽宁省,辽河流域,登化,2026-08-12 00:00,4,28.2106,7.65,4.88,1038.8,35.4544,6.88,0.16,0.238,1.368,,,2026-08-12 00:25:40
辽宁省,辽河流域,小姐庙,2026-08-12 00:00,3,29.56,7.76,5.17,546.7,21.14,2.96,0.096,0.097,3.909,,,2026-08-12 00:25:40
辽宁省,辽河流域,张家堡,2026-08-12 00:00,3,28.37,8.13,6.8,642.3,28.762,4.32,0.112,0.061,5.307,,,2026-08-12 00:25:40
辽宁省,辽河流域,鲜峰桥,2026-08-12 00:00,3,28.94,8.65,,548.493,19.218,5.34,0.005,0.089,6.886,,,2026-08-12 00:25:40
辽宁省,辽河流域,通江口,2026-08-12 00:00,5,28.4,7.97,16.59,503.27,74.09,14.74,,0.167,3.353,,,2026-08-12 00:25:40
辽宁省,辽河流域,松树水文站,2026-08-12 00:00,3,24.21,7.63,5.83,447.36,21.98,3.41,,0.052,8.49,,,2026-08-12 00:25:40
辽宁省,辽河流域,大凌河西支入河口,2026-08-12 00:00,2,22.56,8.07,6.7,963.75,27.825,2.62,,0.052,20.109,,,2026-08-12 00:25:40
吉林省,辽河流域,六家子,2026-08-12 00:00,3,23.82,7.77,7.47,766.2,40.9,2.93,0.061,0.166,8.6971,,,2026-08-12 00:25:40
吉林省,辽河流域,林家,2026-08-12 00:00,4,26.9,8.02,8.51,1008.9,25.6,6.49,0.01,0.119,6.6,,,2026-08-12 00:25:40
吉林省,辽河流域,河清,2026-08-12 00:00,4,21,7.74,4.63,585.4,22.7,4.16,,0.061,4.905,,,2026-08-12 00:25:40
吉林省,松花江流域,月亮湖下,2026-08-12 00:00,4,25.56,7.83,7.45,163.52,103.25,6.47,,0.124,1.663,,,2026-08-12 00:25:40
黑龙江省,松花江流域,查哈阳乡,2026-08-12 00:00,4,22.1,7.48,8.21,97.1,47.6,6.01,0.013,0.054,0.564,,,2026-08-12 00:25:40
黑龙江省,松花江流域,音河水库,2026-08-12 00:00,4,23.92,7.42,6.28,211.45,244.42,6.33,,0.158,2.531,,,2026-08-12 00:25:40
黑龙江省,松花江流域,江桥,2026-08-12 00:00,4,24.88,7.72,7.45,158.357,109.28,6.54,,0.084,3.711,,,2026-08-12 00:25:40
黑龙江省,松花江流域,富源村,2026-08-12 00:00,5,23.44,7.44,7.53,98.54,33.38,10.78,0.013,0.089,1.043,,,2026-08-12 00:25:40
黑龙江省,松花江流域,嫩江口内,2026-08-12 00:00,4,25.39,7.55,7.41,161.814,133.35,6.55,,0.127,2.071,,,2026-08-12 00:25:40
黑龙江省,松花江流域,嘉荫,2026-08-12 00:00,5,22.75,7.3,9.15,106.36,29.153,13.11,0.034,0.051,0.735,,,2026-08-12 00:25:40
黑龙江省,松花江流域,双河渠首,2026-08-12 00:00,4,20.93,6.79,7.88,122.8,47.3,7.33,0.019,0.102,3.077,,,2026-08-12 00:25:40
黑龙江省,松花江流域,黑河下,2026-08-12 00:00,5,19.95,7.63,7.63,123.8872,39.8348,13.61,,0.061,0.4772,,,2026-08-12 00:25:40
黑龙江省,松花江流域,呼玛河口内,2026-08-12 00:00,4,18.26,7.34,10.35,64.096,4.09,6.33,0.028,0.026,0.215,,,2026-08-12 00:25:40
黑龙江省,松花江流域,加格达奇上,2026-08-12 00:00,4,15.87,6.81,8.27,60.864,21.2741,6.88,,0.027,0.312,,,2026-08-12 00:25:40
上海市,长江流域,富锦路桥,2026-08-12 00:00,5,28.5,7.43,2.28,357.3,33.6,3.8,0.413,0.18,2.204,,,2026-08-12 00:25:40
上海市,太湖流域,临江,2026-08-12 00:00,4,28.29,7.37,3.89,389.33,44.73,4.21,0.36,0.198,2.502,,,2026-08-12 00:25:40
上海市,太湖流域,闵行西界,2026-08-12 00:00,4,28.15,7.16,4.33,317.18,39.39,4.09,0.232,0.2,2.443,,,2026-08-12 00:25:40
上海市,太湖流域,蕴川路桥,2026-08-12 00:00,5,27.8,7.22,2.19,354.64,40.1,3.84,0.601,0.241,3.11,,,2026-08-12 00:25:40
上海市,太湖流域,三甲港,2026-08-12 00:00,4,28.09,7.51,5.01,324.1,66.82,4.19,0.699,0.253,2.377,,,2026-08-12 00:25:40
上海市,太湖流域,急水港桥,2026-08-12 00:00,4,27.37,7.44,3.49,460.7,23.3,3.71,0.188,0.125,1.655,0.0031,2899986,2026-08-12 00:25:40
江苏省,长江流域,陈浅,2026-08-12 00:00,4,27.45,7.69,4.23,371.8,45.19,4.49,0.656,0.176,1.949,,,2026-08-12 00:25:40
江苏省,太湖流域,锡东水厂,2026-08-12 00:00,4,26.99,8.09,6.99,410.48,81.98,3.1,0.05,0.076,1.086,0.00396,7079600,2026-08-12 00:25:40
江苏省,太湖流域,拖山,2026-08-12 00:00,5,27.55,8.14,6.58,393.21,242.54,8.02,0.015,0.183,1.859,0.00904,2.301752,2026-08-12 00:25:40
江苏省,太湖流域,五里湖心,2026-08-12 00:00,5,27.76,7.82,6.94,425.34,30.30007,3.54,0.212,0.107,0.741,0.00316,1.002003,2026-08-12 00:25:40
江苏省,太湖流域,大港桥,2026-08-12 00:00,2,24.6,6.43,7.29,108.95,4.7,1.35,0.062,0.029,4.218,,,2026-08-12 00:25:40
江苏省,长江流域,小湾,2026-08-12 00:00,3,29.44,7.82,5.51,293.91,68.9,1.72,0.05,0.073,1.682,,,2026-08-12 00:25:40
江苏省,长江流域,魏村,2026-08-12 00:00,3,29.17,7.59,5.61,295.31,27.64,1.62,0.003,0.078,1.721,,,2026-08-12 00:25:40
江苏省,太湖流域,姚巷桥,2026-08-12 00:00,4,27.88,7.22,3.68,346.92,26.54,3.8,0.523,0.291,4.628,,,2026-08-12 00:25:40
江苏省,太湖流域,胥湖心,2026-08-12 00:00,1,26.89,8.27,7.7,333.84,7.17,1.93,,,0.139,0.0007,305585.8,2026-08-12 00:25:40
江苏省,太湖流域,乌龟山南,2026-08-12 00:00,5,27.14,7.93,6.9,226.623,159.582,5.55,,0.154,0.955,0.00366,3.673821,2026-08-12 00:25:40
江苏省,太湖流域,千灯浦口,2026-08-12 00:00,4,26.33,7.04,3.14,366.543,38.761,3.78,0.308,0.145,1.8409,,,2026-08-12 00:25:40
江苏省,太湖流域,朱厍港口,2026-08-12 00:00,4,27,7.36,4.51,489.8,65.6,4.16,0.066,0.152,1.191,,,2026-08-12 00:25:40
江苏省,太湖流域,浏河闸,2026-08-12 00:00,5,27.23,7.4,2.96,360.013,52.471,4.98,0.352,0.275,2.3415,,,2026-08-12 00:25:40
江苏省,太湖流域,航管站,2026-08-12 00:00,4,28.42,7.33,3.57,385.21,34.33,3.37,0.476,0.147,2.671,,,2026-08-12 00:25:40
江苏省,太湖流域,赵屯,2026-08-12 00:00,4,26.82,7.23,3.55,357.819,35.804,3.5,0.338,0.207,2.4903,,,2026-08-12 00:25:40
江苏省,淮河流域,总渠苏嘴,2026-08-12 00:00,4,24.71,7.5,4.6,467.79,148.55,4.28,0.144,0.118,2.079,,,2026-08-12 00:25:40
江苏省,太湖流域,吕城,2026-08-12 00:00,5,27.09,7.06,2.89,282.64,54.88,6.42,0.645,0.305,3.536,,,2026-08-12 00:25:40
江苏省,淮河流域,海陵大桥,2026-08-12 00:00,5,27.22,7.21,2.75,297.7,25.25,4.75,1.042,0.248,2.847,,,2026-08-12 00:25:40
江苏省,长江流域,祥和大桥,2026-08-12 00:00,6,27.08,7.25,1.5,280.5,5.93,3.79,0.528,0.204,1.469,,,2026-08-12 00:25:40
浙江省,浙闽片河流,清林渡,2026-08-12 00:00,3,25.406,7.25,8.2,256.415,34.545,4.67,0.874,0.162,3.836,,,2026-08-12 00:25:40
浙江省,浙闽片河流,梁桥,2026-08-12 00:00,3,24.34,6.66,7.01,74.74,49.16,2.56,0.054,0.182,2.593,,,2026-08-12 00:25:40
浙江省,浙闽片河流,沙头,2026-08-12 00:00,2,25.15,6.62,7.51,34.046,22.065,1.58,0.072,0.062,0.6051,,,2026-08-12 00:25:40
浙江省,太湖流域,杨家浦,2026-08-12 00:00,4,27.00514,7.22,4.61,195.9792,86.7412,3.82,0.237,0.18,3.444686,,,2026-08-12 00:25:40
浙江省,浙闽片河流,曹娥江大闸闸前,2026-08-12 00:00,4,26.333,7.43,4.64,164.98,105.175,4.87,0.237,0.2,4.167,,,2026-08-12 00:25:40
浙江省,浙闽片河流,费垅,2026-08-12 00:00,3,26.77,7.03,7.07,202.449,49.594,4.67,0.466,0.174,2.8342,,,2026-08-12 00:25:40
浙江省,浙闽片河流,南江桥,2026-08-12 00:00,3,27,7.41,5.95,192.601,29.863,4.01,0.126,0.141,2.2423,,,2026-08-12 00:25:40
浙江省,浙闽片河流,横山,2026-08-12 00:00,2,26.89,7.32,6.46,130.806,47.923,2.67,0.216,0.076,1.2305,,,2026-08-12 00:25:40
浙江省,浙闽片河流,章店,2026-08-12 00:00,4,25.59,7.14,7.01,,0.691,6.36,0.577,0.271,2.9947,,,2026-08-12 00:25:40
浙江省,浙闽片河流,里石门水库,2026-08-12 00:00,2,27.28,7.35,6.94,62.685,21.696,3.21,0.052,0.022,1.4032,0.00308,294660.5,2026-08-12 00:25:40
浙江省,浙闽片河流,沙湾上,2026-08-12 00:00,1,23.25,7.12,8.2,26.895,7.609,1.85,0.131,0.013,0.3696,,,2026-08-12 00:25:40
浙江省,浙闽片河流,小溪口,2026-08-12 00:00,2,24.45,6.86,6.88,32.977,14.875,1.57,,0.017,0.5989,,,2026-08-12 00:25:40
安徽省,巢湖流域,兆河入湖口渡口,2026-08-12 00:00,3,28.25,7.05,5.14,305.163,84.4004,5.91,0.661,0.122,2.5075,,,2026-08-12 00:25:40
安徽省,巢湖流域,牛角大圩,2026-08-12 00:00,6,28.17,5.96,4.34,329.632,62.0083,4.64,0.76,0.141,2.376,,,2026-08-12 00:25:40
安徽省,巢湖流域,希望桥,2026-08-12 00:00,5,27.2,7.15,2.8,274.3,29.1,2.75,1.066,0.129,4.609,,,2026-08-12 00:25:40
安徽省,巢湖流域,湖滨,2026-08-12 00:00,5,27.92,7.88,5.5,343.69,41.43,5.7,0.092,0.194,2.586,0.00672,3181626,2026-08-12 00:25:40
安徽省,巢湖流域,黄麓,2026-08-12 00:00,5,28.35,7.6,5.77,333.69,87.99,5.63,0.282,0.149,1.241,0.00536,1531167,2026-08-12 00:25:40
安徽省,巢湖流域,靠近大坝,2026-08-12 00:00,3,28.82,8.05,5.96,178.87,9.85,3.42,0.066,0.019,0.37,0.00261,4895548,2026-08-12 00:25:40
安徽省,巢湖流域,新河入湖区,2026-08-12 00:00,6,26.7,6.88,4.94,155.55,170.44,8.45,0.29,0.244,1.715,0.00453,7.202578,2026-08-12 00:25:40
安徽省,巢湖流域,西半湖湖心,2026-08-12 00:00,6,28.06,7.67,6,304.99,157.29,6.42,0.086,0.262,0.882,0.00457,1.168654,2026-08-12 00:25:40
安徽省,巢湖流域,龟山,2026-08-12 00:00,4,28.32,8,6.98,358.56,47.38,3.24,0.086,0.066,0.802,0.00445,1.26111,2026-08-12 00:25:40
安徽省,巢湖流域,东半湖湖心,2026-08-12 00:00,5,28.615,7.75,5.65,275.375,42.75,5.76,0.129,0.122,0.96,0.0046,1.463275,2026-08-12 00:25:40
安徽省,巢湖流域,忠庙,2026-08-12 00:00,6,27.32,8.02,5.45,262.29,149.39,6.87,0.074,0.201,1.191,0.01865,3.688296,2026-08-12 00:25:40
安徽省,淮河流域,焦岗湖,2026-08-12 00:00,3,27.33,8.18,6.35,508.95,24.53,5.27,0.112,0.044,0.584,0.00682,1.215207,2026-08-12 00:25:40
安徽省,淮河流域,小王桥,2026-08-12 00:00,6,30.14,7.87,0.69,1392.91,18.7,6.22,0.649,0.143,2.609,,,2026-08-12 00:25:40
安徽省,长江流域,太平湖湖心,2026-08-12 00:00,2,29,8.78,6.7,96.64,4.49,2.46,,0.014,0.508,0.00525,1.130808,2026-08-12 00:25:40
安徽省,长江流域,南漪湖西湖湖心,2026-08-12 00:00,5,28.09,7.66,6.75,211.2,85.14,5.01,,0.148,0.964,0.00741,8189061,2026-08-12 00:25:40
福建省,浙闽片河流,永泰横龙,2026-08-12 00:00,2,29.677,8.89,8.16,45.025,5.787,1.69,0.006,0.03,0.271,,,2026-08-12 00:25:40
福建省,浙闽片河流,闽清雄江,2026-08-12 00:00,2,31.18,7.72,6.59,119.461,2.96,2.18,0.014,0.04,1.294,,,2026-08-12 00:25:40
福建省,浙闽片河流,隘头潭,2026-08-12 00:00,3,29.53,6.36,5.84,215.56,2.355,1.19,0.066,0.058,0.4435,,,2026-08-12 00:25:40
福建省,浙闽片河流,尤溪拥口大桥,2026-08-12 00:00,3,30.08,7.16,6.43,128.186,13.376,3.8,0.57,0.138,2.1003,,,2026-08-12 00:25:40
福建省,浙闽片河流,南安康美桥,2026-08-12 00:00,3,29.31,7.19,6.86,128.369,6.593,2.34,0.102,0.12,2.3427,,,2026-08-12 00:25:40
福建省,浙闽片河流,安溪罗内桥,2026-08-12 00:00,3,29.483,7.04,5.07,103.5,37.32,1.4,0.286,0.087,3.747,,,2026-08-12 00:25:40
福建省,浙闽片河流,南安霞东桥,2026-08-12 00:00,4,30.89,6.85,3.76,137.39,13.934,1.75,0.294,0.128,2.2305,,,2026-08-12 00:25:40
福建省,浙闽片河流,华安西陂,2026-08-12 00:00,4,27.38039,7.08,4.39,217.4697,11.68458,2.47,0.016,0.052,1.297,,,2026-08-12 00:25:40
福建省,浙闽片河流,南靖靖城桥,2026-08-12 00:00,2,28.8,6.55,6.83,169.2,2.747,1.31,0.076,0.068,7.303,,,2026-08-12 00:25:40
福建省,浙闽片河流,诏安澳子头,2026-08-12 00:00,6,30.97,9.01,11.58,87.938,5.593,3.58,0.189,0.13,1.3443,,,2026-08-12 00:25:40
福建省,浙闽片河流,南靖洪濑汤坑桥,2026-08-12 00:00,2,28.617,6.66,6.87,250.3,7.906,0.76,0.008,0.045,0.03,,,2026-08-12 00:25:40
福建省,浙闽片河流,浦南水文站,2026-08-12 00:00,2,28.58346,7.12,6.89,199.4,13.489,1.08,0.055,0.093,1.757,,,2026-08-12 00:25:40
福建省,浙闽片河流,南溪浮宫桥,2026-08-12 00:00,3,30.04,7.67,5.78,22574.78,41.746,3.48,0.081,0.18,3.4507,,,2026-08-12 00:25:40
福建省,浙闽片河流,上坂,2026-08-12 00:00,4,29.72,6.36,4.23,190.001,23.163,1.92,0.252,0.119,5.0362,,,2026-08-12 00:25:40
福建省,浙闽片河流,云霄高塘渡口,2026-08-12 00:00,3,29.77,6.8,5.88,136.474,10.359,1.59,0.119,0.113,5.1838,,,2026-08-12 00:25:40
福建省,浙闽片河流,水汾桥,2026-08-12 00:00,3,30.28,7.02,5.91,280.49,21.07,1.91,0.074,0.045,1.18,,,2026-08-12 00:25:40
福建省,浙闽片河流,建瓯蓬墩,2026-08-12 00:00,3,29.578,6.85,5.96,57.98,9.91,1.64,0.114,0.049,0.995,,,2026-08-12 00:25:40
福建省,浙闽片河流,将乐樟应,2026-08-12 00:00,3,29.81786,6.88,5.29,82.366,2.37556,1.88,0.072,0.016,0.709,,,2026-08-12 00:25:40
福建省,浙闽片河流,雁石桥,2026-08-12 00:00,2,26.9,7.62,7.58,315.805,18.94,1.45,0.041,0.073,1.854,,,2026-08-12 00:25:40
福建省,珠江流域,长汀美西桥,2026-08-12 00:00,4,27.83,6.89,4.46,205.831,6.448,1.52,0.067,0.068,1.2712,,,2026-08-12 00:25:40
江西省,长江流域,大港,2026-08-12 00:00,2,29.9,7.71,8.4,187.35,17.74,2.15,0.002,0.063,1.399,,,2026-08-12 00:25:40
江西省,长江流域,昌邑,2026-08-12 00:00,2,29.3,8.26,6.79,186.42,14.74,2.33,,0.065,1.515,,,2026-08-12 00:25:40
江西省,长江流域,八一桥,2026-08-12 00:00,2,30.96,7.7,6.48,157.374,15.346,3.21,0.231,0.077,1.1927,,,2026-08-12 00:25:40
江西省,长江流域,焦石坝,2026-08-12 00:00,2,26.88,7.43,7.18,120.3,22.5,3.15,,0.057,1.3627,,,2026-08-12 00:25:40
江西省,长江流域,戴村,2026-08-12 00:00,2,29.619,7.22,6.87,353.715,13.24,2.05,0.09,0.032,0.847,,,2026-08-12 00:25:40
江西省,长江流域,龙山口,2026-08-12 00:00,2,26.14,7.86,6.42,325.279,6.413,2.3,0.023,0.033,0.6515,,,2026-08-12 00:25:40
江西省,长江流域,桐车湾,2026-08-12 00:00,3,26.15,7.8,5.62,383.493,5.058,2.89,0.064,0.136,2.8413,,,2026-08-12 00:25:40
江西省,长江流域,金鱼石,2026-08-12 00:00,4,28.77,7.47,4.82,358.95,2.84,2.51,0.07,0.117,2.294,,,2026-08-12 00:25:40
江西省,长江流域,吴城修河,2026-08-12 00:00,2,26.914,7.22,7.7,113.49,16.18,1.83,0.001,0.027,1.0859,,,2026-08-12 00:25:40
江西省,长江流域,潦河河口,2026-08-12 00:00,2,28.12,6.86,6.8,117.87,26.979,1.7,0.06,0.053,1.0039,,,2026-08-12 00:25:40
江西省,长江流域,柘林湖坝上,2026-08-12 00:00,1,29.916,8.78,8.37,103.93,0.708,1.87,0.002,0.009,0.694,,,2026-08-12 00:25:40
江西省,长江流域,共青城寨下,2026-08-12 00:00,3,26.3,7.19,5.72,186.5,118.1,3.82,0.047,0.104,1.877,,,2026-08-12 00:25:40
江西省,长江流域,罗坊,2026-08-12 00:00,3,28.49,7.47,5.87,285.868,20.896,3.29,0.13,0.066,1.1,,,2026-08-12 00:25:40
江西省,长江流域,孔目江江口,2026-08-12 00:00,2,28.43,7.68,6.31,335.709,20.162,2.11,0.096,0.054,0.7967,,,2026-08-12 00:25:40
江西省,长江流域,浮桥,2026-08-12 00:00,3,28.58,7.38,5.56,283.074,9.427,3.27,0.069,0.053,1.4345,,,2026-08-12 00:25:40
江西省,长江流域,傣家村,2026-08-12 00:00,4,30.5,7.67,3.31,220.13,5.574,3.78,0.095,0.043,0.9157,0.00723,2.298456,2026-08-12 00:25:40
江西省,长江流域,白塔河河口,2026-08-12 00:00,2,25.8,6.64,6.69,44.365,47.951,1.43,0.079,0.074,1.0193,,,2026-08-12 00:25:40
江西省,长江流域,土桥,2026-08-12 00:00,2,26.98,7.2,6.42,126.741,20.654,2.59,0.161,0.073,1.2904,,,2026-08-12 00:25:40
江西省,长江流域,流口村,2026-08-12 00:00,3,27.45,6.69,5.94,105.3764,32.25922,2.72,0.119,0.089,1.138265,,,2026-08-12 00:25:40
江西省,长江流域,市自来水厂,2026-08-12 00:00,2,29.17,7.18,7.15,99.004,7.714,0.82,0.1,0.035,0.9364,,,2026-08-12 00:25:40
江西省,长江流域,赣县梅林,2026-08-12 00:00,2,30.12,7.54,6.33,153.697,9.036,1.83,0.069,0.07,1.533,,,2026-08-12 00:25:40
江西省,长江流域,梓坑,2026-08-12 00:00,2,29.52,7.25,6.05,136.14,9.109,2.95,0.077,0.081,1.7694,,,2026-08-12 00:25:40
江西省,长江流域,峡山,2026-08-12 00:00,2,31.09,7.38,6.28,148.624,5.383,1.68,0.08,0.079,1.2487,,,2026-08-12 00:25:40
江西省,长江流域,梅江江口,2026-08-12 00:00,2,30.63,7.45,6.59,121.949,9.739,2.3,0.024,0.061,0.9587,,,2026-08-12 00:25:40
江西省,长江流域,平江江口,2026-08-12 00:00,2,28.87,7.37,6.46,147.295,9.664,1.29,0.066,0.043,1.0239,,,2026-08-12 00:25:40
江西省,长江流域,上犹江江口,2026-08-12 00:00,2,27.54,7.06,7.3,78.879,8.799,1.63,0.025,0.014,0.661,,,2026-08-12 00:25:40
江西省,长江流域,龙南自来水厂,2026-08-12 00:00,2,29.83,8,7.86,173.842,19.664,0.92,0.023,0.026,0.6734,,,2026-08-12 00:25:40
江西省,长江流域,桃江江口,2026-08-12 00:00,3,30.27,7.28,5.23,159.919,9.599,1.55,0.079,0.066,1.699,,,2026-08-12 00:25:40
江西省,长江流域,大余城郊,2026-08-12 00:00,2,26.36,7.27,6.71,86.369,4.92,0.89,0.023,0.03,0.7803,,,2026-08-12 00:25:40
江西省,珠江流域,兴宁电站,2026-08-12 00:00,6,31.31,9.3,20.38,107.414,3.213322,3.03,0.007,0.018,2.202891,,,2026-08-12 00:25:40
江西省,长江流域,通津,2026-08-12 00:00,3,27.89,7.18,5.74,160.61,9.355,0.85,0.066,0.046,1.4641,,,2026-08-12 00:25:40
江西省,长江流域,金滩,2026-08-12 00:00,2,30.79,7.39,6.23,154.772,11.272,1.5,0.08,0.044,1.0513,,,2026-08-12 00:25:40
江西省,长江流域,孤江江口,2026-08-12 00:00,2,29.41,7.46,6.1,142.766,4.635,1.94,0.027,0.044,1.0794,,,2026-08-12 00:25:40
江西省,长江流域,禾水河口,2026-08-12 00:00,2,29.74,7.72,6.41,153.893,4.601,1.93,0.051,0.038,0.6063,,,2026-08-12 00:25:40
江西省,长江流域,蜀水河口,2026-08-12 00:00,2,29.06,7.07,6.18,133.536,13.243,1.02,0.072,0.047,1.1562,,,2026-08-12 00:25:40
江西省,长江流域,遂川江江口,2026-08-12 00:00,3,29.25,7.18,5.67,93.104,19.453,0.99,0.113,0.06,0.98,,,2026-08-12 00:25:40
江西省,长江流域,乌江江口,2026-08-12 00:00,4,30.67,7.43,4.92,199.887,11.942,1.96,0.142,,,,,2026-08-12 00:25:40
江西省,长江流域,大洋洲,2026-08-12 00:00,2,30.03,7.42,6.6,144.175,9.346,1.51,0.144,0.043,1.1662,,,2026-08-12 00:25:40
江西省,长江流域,棚下,2026-08-12 00:00,3,26.8,7.24,5.31,195.0147,12.67,2.98,0.115,0.094,1.638,,,2026-08-12 00:25:40
江西省,长江流域,丰城小港口,2026-08-12 00:00,2,29.768,7.28,6.35,162.54,88.5176,1.57,,0.043,1.1533,,,2026-08-12 00:25:40
江西省,长江流域,修河港口,2026-08-12 00:00,2,28.79,6.9,6.7,44.26,1.4,0.41,,0.012,0.307,,,2026-08-12 00:25:40
江西省,长江流域,超坊,2026-08-12 00:00,2,28.45,7.74,7.14,115.664,28.475,3.16,0.251,0.088,1.4007,,,2026-08-12 00:25:40
江西省,长江流域,钟岭水厂,2026-08-12 00:00,2,28.39,7.17,6.33,94,23.77,3.21,0.003,0.074,1.4279,,,2026-08-12 00:25:40
江西省,长江流域,临水河口,2026-08-12 00:00,2,28.31,6.78,6.84,122.82,14.93,3.13,0.22,0.074,1.55,,,2026-08-12 00:25:40
山东省,淮河流域,峡山水库库中,2026-08-12 00:00,3,30.06,8.5,6.64,761.03,58.36,4.8,0.031,0.039,0.837,0.00852,1.31861,2026-08-12 00:25:40
山东省,黄河流域,徐家汶,2026-08-12 00:00,2,27.63671,7.9,6.96,380.154,49.70173,3.95,0.014,0.096,2.942775,,,2026-08-12 00:25:40
山东省,淮河流域,大古镇,2026-08-12 00:00,4,28.81,7.32,4.33,825.89,29.69,9.67,0.91,0.267,4.351,,,2026-08-12 00:25:40
山东省,海河流域,北湖,2026-08-12 00:00,2,29.76,8.75,9.42,940.31,1.84,2.45,,0.011,2.061,0.00505,2486559,2026-08-12 00:25:40
河南省,淮河流域,中牟陈桥,2026-08-12 00:00,4,28.17,7.55,3.52,639.45,183.61,7.46,1.131,0.151,3.9208,,,2026-08-12 00:25:40
河南省,海河流域,五陵,2026-08-12 00:00,4,27.73,7.92,5.38,1206.1,187.5,4.59,0.038,0.279,7.62,,,2026-08-12 00:25:40
河南省,海河流域,前枋城,2026-08-12 00:00,3,24.17,7.78,5.93,539.4,20.371,1.32,,0.008,4.4958,,,2026-08-12 00:25:40
河南省,海河流域,获嘉东碑村,2026-08-12 00:00,6,27.74,8.2,1.02,1459.98,92.58,4.82,0.797,0.276,4.158,,,2026-08-12 00:25:40
河南省,黄河流域,封丘陶北,2026-08-12 00:00,6,26.5,7.78,3.51,1314.43,176.92,7.22,1.896,0.562,4.197,,,2026-08-12 00:25:40
河南省,黄河流域,封丘王堤,2026-08-12 00:00,5,28.007,7.46,2.51,1006.89,49.67,5.13,0.245,0.196,2.4555,,,2026-08-12 00:25:40
河南省,海河流域,南乐元村集,2026-08-12 00:00,4,23.38,7.67,8.02,1306.67,116.69,3.26,0.116,0.263,7.415,,,2026-08-12 00:25:40
河南省,黄河流域,濮阳大韩桥,2026-08-12 00:00,6,27.85,7.77,2.1,1181.03,80.08,8.53,0.947,0.541,1.908,,,2026-08-12 00:25:40
河南省,淮河流域,白沙水库,2026-08-12 00:00,2,28.4189,8.06,6.74,807.275,7.1731,2.37,0.026,0.012,3.6088,,,2026-08-12 00:25:40
河南省,长江流域,淅川荆紫关,2026-08-12 00:00,4,24.38937,7.92,7.16,282.3858,77.23654,4.74,0.006,0.215,0.95,,,2026-08-12 00:25:40
河南省,长江流域,淅川史家湾,2026-08-12 00:00,2,26.1,7.88,7.01,301.156,86.654,3.57,,0.084,2.5956,0.00238,,2026-08-12 00:25:40
河南省,长江流域,淅川高湾,2026-08-12 00:00,3,27.44,7.59,6.84,289.614,31.933,4.1,,0.075,2.9501,0.0064,,2026-08-12 00:25:40
河南省,长江流域,陶岔,2026-08-12 00:00,2,29.16,8.47,6.94,252.588,4.073,1.73,,0.013,0.7678,0.0039,795608,2026-08-12 00:25:40
河南省,淮河流域,吕楼桥,2026-08-12 00:00,6,28.4,7.81,1.32,1295.13,85.531,9.5,3.11,0.629,6.6561,,,2026-08-12 00:25:40
河南省,淮河流域,黄口,2026-08-12 00:00,6,28.86,7.8,1.01,1211.209,10.709,6.04,0.878,0.145,3.734,,,2026-08-12 00:25:40
河南省,淮河流域,老沈丘泉河桥,2026-08-12 00:00,5,29.42,7.49,2.42,701.447,23.844,3.19,0.083,0.095,1.4491,,,2026-08-12 00:25:40
河南省,淮河流域,刘寨村后,2026-08-12 00:00,5,30.07,7.6,2.29,973.4,39.26,4.72,0.118,0.121,2.4864,,,2026-08-12 00:25:40
河南省,淮河流域,鹿邑付桥,2026-08-12 00:00,6,29.58,7.67,1.82,1018.538,7.377,3.46,0.266,0.064,0.6555,,,2026-08-12 00:25:40
河南省,黄河流域,小浪底水库,2026-08-12 00:00,3,27.5,7.85,5.14,820.262,25.199,2.61,,0.046,3.3158,,,2026-08-12 00:25:40
湖北省,长江流域,牛山湖湖心,2026-08-12 00:00,3,29.63,8.38,7.21,172.712,21.71,4.42,,0.029,0.103,0.00589,3.257856,2026-08-12 00:25:40
湖北省,长江流域,西梁子湖湖北,2026-08-12 00:00,3,30.028,8.35,6.57,175.25,23.906,5.19,0.036,0.037,0.817,0.00453,2.571766,2026-08-12 00:25:40
湖北省,长江流域,杨泗港,2026-08-12 00:00,2,28.64,7.82,7.66,288.406,76.95,1.56,,0.083,2.667,,,2026-08-12 00:25:40
湖北省,长江流域,龙口,2026-08-12 00:00,4,30.79,8.76,8.54,180.44,21.84,6.06,0.017,0.086,1.289,,,2026-08-12 00:25:40
湖北省,长江流域,金水闸,2026-08-12 00:00,6,30.55,6.98,1.78,279,25.84,4.77,0.247,0.061,1.074,,,2026-08-12 00:25:40
湖北省,长江流域,港洲村,2026-08-12 00:00,4,30.44,7.45,4.18,440.65,18.417,3.79,0.214,0.145,0.81,,,2026-08-12 00:25:40
湖北省,长江流域,白浒山,2026-08-12 00:00,3,28.76,7.85,6.88,327.1386,78.64161,1.91,0.001,0.106,1.767961,,,2026-08-12 00:25:40
湖北省,长江流域,挖沟泵站,2026-08-12 00:00,5,31.06965,7.09,2.73,999.5572,19.11652,4.36,0.148,0.105,1.391107,,,2026-08-12 00:25:40
湖北省,长江流域,富池闸,2026-08-12 00:00,3,29.81,7.23,5.39,221.6056,18.40179,2.42,0.067,0.05,1.186502,,,2026-08-12 00:25:40
湖北省,长江流域,丹江口水库坝上中,2026-08-12 00:00,2,29.66,8.33,7.44,234.958,2.237606,1.69,0.084,0.007,0.7696,0.0047786,1.6267,2026-08-12 00:25:40
湖北省,长江流域,潘口水库坝上,2026-08-12 00:00,2,29.33,8.91,12.67,171,3.9,2.15,,0.008,0.219,,,2026-08-12 00:25:40
湖北省,长江流域,隔河岩水库坝上,2026-08-12 00:00,2,20.84,8.56,7.64,200.94,1.94,1.36,,0.013,1.847,0.03499,4248365,2026-08-12 00:25:40
湖北省,长江流域,长沙坝,2026-08-12 00:00,2,26.035,8.24,7.75,447.957,3.744,2.16,0.018,0.023,1.639,,,2026-08-12 00:25:40
湖北省,长江流域,白石港,2026-08-12 00:00,2,27.67,8.29,6.7,315.145,3.136,2.34,0.018,0.008,1.136,,,2026-08-12 00:25:40
湖北省,长江流域,翟湾,2026-08-12 00:00,4,26.38,7.25,3.69,316.6857,240.3736,7.17,1.127,0.253,3.8229,,,2026-08-12 00:25:40
湖北省,长江流域,沈湾,2026-08-12 00:00,2,18.26,7.67,6.25,334.6,155.9,2.39,0.06,0.051,1.64,,,2026-08-12 00:25:40
湖北省,长江流域,东梁子湖湖心,2026-08-12 00:00,4,29.36,7.93,4.94,180.553,42.724,5.03,0.012,0.073,0.849,,,2026-08-12 00:25:40
湖北省,长江流域,梁子湖七星站,2026-08-12 00:00,4,29.22,7.6,4.42,196.3253,30.16526,5.55,0.057,0.012,1.405862,0.03132991,,2026-08-12 00:25:40
湖北省,长江流域,漳河水库库心,2026-08-12 00:00,1,28.46,8.31,8.3,314.8442,4.1149,1.7,0.029,0.004,0.457,9,7.369,2026-08-12 00:25:40
湖北省,长江流域,转斗,2026-08-12 00:00,2,26.18,8.06,7.42,405.53,29.5255,3.61,0.014,0.054,1.428,,,2026-08-12 00:25:40
湖北省,长江流域,罗汉闸,2026-08-12 00:00,2,27.72,8.34,7.85,351.23,48,2.79,0.028,0.08,1.3507,,,2026-08-12 00:25:40
湖北省,长江流域,京山河邓李港,2026-08-12 00:00,3,29.57,7.57,6.7,474.0858,12.337,2.81,0.01,0.145,2.663,,,2026-08-12 00:25:40
湖北省,长江流域,田店泵站,2026-08-12 00:00,2,30.85,7.92,6.63,438.61,21.2217,2.51,0.022,0.03,0.3476,,,2026-08-12 00:25:40
湖北省,长江流域,新沟闸,2026-08-12 00:00,4,30.43,7.55,3.02,480.45,46.22,4.08,1.228,0.129,3.349,,,2026-08-12 00:25:40
湖北省,长江流域,孝昌王店,2026-08-12 00:00,3,28.48,7.61,6.85,314.61,16.7626,5.64,0.073,0.143,1.6724,,,2026-08-12 00:25:40
湖北省,长江流域,孝感河口大桥,2026-08-12 00:00,4,29.73,7.27,4.51,262.996,47.169,4.69,0.164,0.138,2.0409,,,2026-08-12 00:25:40
湖北省,长江流域,安陆桑树,2026-08-12 00:00,3,29.25,7.89,5.82,457.92,19.963,2.67,0.013,0.036,0.56863,,,2026-08-12 00:25:40
湖北省,长江流域,隔蒲桥,2026-08-12 00:00,3,29.98,7.51,6.03,400.66,30.168,5.75,0.062,0.091,2.5479,,,2026-08-12 00:25:40
湖北省,长江流域,汉川新堰,2026-08-12 00:00,5,29.86,7.27,2.72,442.34,54.478,3.86,0.138,0.182,1.651,,,2026-08-12 00:25:40
湖北省,长江流域,杨柴湖,2026-08-12 00:00,4,27.1,6.84,3.51,317,14.5,5.47,,0.078,0.271,0.00323,979213.9,2026-08-12 00:25:40
湖北省,长江流域,排水闸,2026-08-12 00:00,4,27.55,7.78,6.44,305.039,69.7908,3.6,,0.089,0.882,0.00097,4.65055,2026-08-12 00:25:40
湖北省,长江流域,康家岗,2026-08-12 00:00,2,26.92,7.84,7.66,393.921,27.5631,1.18,,0.056,1.8741,,,2026-08-12 00:25:40
湖北省,长江流域,淤泥湖,2026-08-12 00:00,2,28,8.26,7.74,388.3,20.9,1.72,0.008,0.081,1.762,,,2026-08-12 00:25:40
湖北省,长江流域,调关,2026-08-12 00:00,2,27.1,7.89,7.81,403.3827,20.968,1.11,,0.048,1.7136,,,2026-08-12 00:25:40
湖北省,长江流域,姚集,2026-08-12 00:00,4,28,7.47,4.18,473.4,20.3,2.96,0.151,0.093,1.44,,,2026-08-12 00:25:40
湖北省,长江流域,乌溪沟,2026-08-12 00:00,2,22.72299,8.2,8.29,321.5278,20.44049,0.8,0.034,0.092,1.996166,,,2026-08-12 00:25:40
湖北省,长江流域,咸宁湖心,2026-08-12 00:00,4,29.57,8.46,7.3,184.711,22.34,6.31,0.062,0.087,1.16,0.01616,3.393328,2026-08-12 00:25:40
湖北省,长江流域,陆溪口,2026-08-12 00:00,4,28.87,7.54,4.43,199.66,17.71,3.07,0.188,0.062,1.269,,,2026-08-12 00:25:40
湖北省,长江流域,洪下水文站,2026-08-12 00:00,2,28.7,7.97,7.67,178.1,5.07,1.4,0.073,0.042,0.973,,,2026-08-12 00:25:40
湖北省,长江流域,平林,2026-08-12 00:00,4,29.58,7.51,5.4,355.394,9.148,7.92,0.036,0.146,1.283,,,2026-08-12 00:25:40
湖北省,长江流域,阳日湾,2026-08-12 00:00,6,19.413,8.07,8.98,304.984,843.702,6.28,0.164,0.6,2.9432,,,2026-08-12 00:25:40
湖南省,长江流域,三角洲,2026-08-12 00:00,4,29.34,7.06,3.62,222.2,21.69,0.89,0.116,0.135,2.965,,,2026-08-12 00:25:40
湖南省,长江流域,胜利,2026-08-12 00:00,4,28.41,7.04,3,400.16,18.26,3.24,0.158,0.091,1.753,,,2026-08-12 00:25:40
湖南省,长江流域,洣水入湘江口,2026-08-12 00:00,2,29.646,7.66,6.34,151.78,10.19,2.38,0.031,0.047,1.389,,,2026-08-12 00:25:40
湖南省,长江流域,窑市,2026-08-12 00:00,2,26.48,7.45,7.7,48.5135,5.4912,0.94,,0.026,0.457,,,2026-08-12 00:25:40
湖南省,长江流域,渡头村,2026-08-12 00:00,2,29.57,7.73,6.13,215.837,6.183,2.21,0.029,0.059,1.401,,,2026-08-12 00:25:40
湖南省,长江流域,邵水入河口,2026-08-12 00:00,4,30.51,7.34,4.6,453.579,17.05,2.94,0.1,0.08,2.738,,,2026-08-12 00:25:40
湖南省,长江流域,岳阳楼,2026-08-12 00:00,3,29.38,7.93,6.65,244.5647,58.25787,1.34,0.011,0.048,1.3112,0.0010312,303597,2026-08-12 00:25:40
湖南省,长江流域,城陵矶,2026-08-12 00:00,2,28.45,7.79,6.3,250.412,65.43777,2.15,0.003,0.054,1.0459,,,2026-08-12 00:25:40
湖南省,长江流域,南渡,2026-08-12 00:00,4,27.83,6.85,4.94,120.83,13.73,1.48,0.254,0.122,1.768,,,2026-08-12 00:25:40
湖南省,长江流域,马坡湖,2026-08-12 00:00,2,27.68,8.12,7.58,382.049,31.0146,1.67,,0.096,1.9,,,2026-08-12 00:25:40
湖南省,长江流域,万家嘴,2026-08-12 00:00,2,29.25,7.54,6.63,181.035,14.31018,1.4,0.059,0.055,2.1141,0.0019974,194858,2026-08-12 00:25:40
湖南省,长江流域,小河嘴,2026-08-12 00:00,3,28.36,7.9,6.14,192.478,24.9858,1.23,,0.033,1.126,0.00112567,5.55786,2026-08-12 00:25:40
湖南省,长江流域,桃谷山,2026-08-12 00:00,2,27.51,7.76,6.39,194.006,20.5081,1.47,0.002,0.064,1.547,,,2026-08-12 00:25:40
湖南省,长江流域,五强溪,2026-08-12 00:00,2,29.97,8.7,10.11,188.287,2.6055,1.45,,0.023,1.116,,,2026-08-12 00:25:40
湖南省,长江流域,溪子口,2026-08-12 00:00,2,25.4,7.53,6.84,251.1,6.158,0.9,0.012,0.033,1.299,,,2026-08-12 00:25:40
广东省,珠江流域,珠海大桥,2026-08-12 00:00,2,30.23,8.01,7.57,279.586,32.218,1.34,,0.057,2.322,,,2026-08-12 00:25:40
广东省,珠江流域,石角咀水闸,2026-08-12 00:00,4,32.67,7.02,3.27,497.025,106.783,3.09,0.24,0.187,2.943,,,2026-08-12 00:25:40
广东省,珠江流域,布洲,2026-08-12 00:00,2,28.93,7.85,7.32,248.725,38.388,1.69,0.062,0.058,2.139,,,2026-08-12 00:25:40
广东省,珠江流域,海门湾桥闸,2026-08-12 00:00,3,29.73,7.2,5.85,427.73,37.96,4.35,0.764,0.17,3.634,,,2026-08-12 00:25:40
广东省,珠江流域,牛湾,2026-08-12 00:00,4,31.55,6.61,4.04,165.18,38.94,3.58,0.038,0.127,2.172,,,2026-08-12 00:25:40
广东省,珠江流域,渠首,2026-08-12 00:00,4,32.87,,8.07,122.14,20.12,7.14,0.012,0.026,0.869,0.02076,5865659,2026-08-12 00:25:40
广东省,珠江流域,山角,2026-08-12 00:00,6,32.87,9.17,13.84,127.19,20.39,4.92,0.023,0.067,2.196,,,2026-08-12 00:25:40
广东省,珠江流域,运河管理局,2026-08-12 00:00,4,33.17,8.55,8.34,123.74,34.88,6.12,,0.025,0.824,,,2026-08-12 00:25:40
广东省,珠江流域,南渡河桥,2026-08-12 00:00,4,32.56,6.66,3.5,199.2,22.2,6.69,0.895,0.082,3.414,,,2026-08-12 00:25:40
广东省,珠江流域,塘口,2026-08-12 00:00,3,31.95,7.2,7.66,124.04,14,3.54,,0.155,2.224,,,2026-08-12 00:25:40
广东省,珠江流域,石骨水库,2026-08-12 00:00,2,32.42,,9.77,72.05,3.5881,2.46,0.008,0.021,0.499,,,2026-08-12 00:25:40
广东省,珠江流域,良德水库,2026-08-12 00:00,1,32.38,8.23,7.92,64.642,14.817,1.74,,0.005,0.329,0.00541,707622,2026-08-12 00:25:40
广东省,珠江流域,米急渡,2026-08-12 00:00,2,30.45,6.96,6.19,90.648,37.164,1.67,0.047,0.077,1.599,,,2026-08-12 00:25:40
广东省,珠江流域,五丰渡口,2026-08-12 00:00,2,29.03,6.83,6.5,91.6,12.28,1.44,0.141,0.043,3.7474,,,2026-08-12 00:25:40
广东省,珠江流域,新铺,2026-08-12 00:00,3,30.12,7.24,5.1,141.289,0.14,2.06,0.076,0.037,1.6322,,,2026-08-12 00:25:40
广东省,珠江流域,海丰西闸,2026-08-12 00:00,2,31.7,7.13,7.25,55.4,4.9,2.14,,0.034,0.374,,,2026-08-12 00:25:40
广东省,珠江流域,东溪水闸,2026-08-12 00:00,3,32.52,6.99,6.03,175.072,34.635,4.16,0.093,0.06,1.35,,,2026-08-12 00:25:40
广东省,珠江流域,江城,2026-08-12 00:00,3,31.96,6.95,7.16,105.331,25.492,2.37,0.022,0.102,1.221,,,2026-08-12 00:25:40
广东省,珠江流域,尖山,2026-08-12 00:00,3,32.32,6.69,7.58,201.36,8.08,3.92,0.035,0.131,2.029,,,2026-08-12 00:25:40
广东省,珠江流域,埠场,2026-08-12 00:00,3,31.48,6.98,7.69,161.842,11.845,2.5,,0.101,1.553,,,2026-08-12 00:25:40
广东省,珠江流域,大泉,2026-08-12 00:00,4,32.29,6.74,3.72,1087.9,27.1,4.13,0.328,0.156,2.154,,,2026-08-12 00:25:40
广东省,珠江流域,樟村,2026-08-12 00:00,4,31.44,7.1,3.97,397.589,17.69,3.12,0.941,0.167,5.467,,,2026-08-12 00:25:40
广东省,珠江流域,旗岭,2026-08-12 00:00,3,31.02,7.28,5.91,410.658,32.81,2.64,0.237,0.174,5.962,,,2026-08-12 00:25:40
广东省,珠江流域,中山港码头,2026-08-12 00:00,2,30.16,7.72,6.34,268.67,11.081,0.98,0.212,0.075,2.534,,,2026-08-12 00:25:40
广东省,珠江流域,龟山塔,2026-08-12 00:00,2,29.91,7.03,6.81,77.712,20.306,1.02,0.139,0.056,1.1393,,,2026-08-12 00:25:40
广西壮族自治区,珠江流域,老口,2026-08-12 00:00,2,29.49778,7.8,8.55,268.4745,9.410669,1.25,0.001,0.03,2.269009,,,2026-08-12 00:25:40
广西壮族自治区,珠江流域,叮当,2026-08-12 00:00,2,30.63,7.61,7.01,333.409,14.707,1.67,0.02,0.075,3.8209,,,2026-08-12 00:25:40
广西壮族自治区,珠江流域,白马,2026-08-12 00:00,2,28.25,7.79,6.21,319.6,11.61,0.87,,0.031,2.036,,,2026-08-12 00:25:40
广西壮族自治区,珠江流域,东边埇,2026-08-12 00:00,2,29.63,6.49,6.28,79.9321,23.7178,2.06,0.036,0.099,2.755,,,2026-08-12 00:25:40
广西壮族自治区,珠江流域,西门江,2026-08-12 00:00,3,32.02,6.88,5.28,466.814,28.153,3.67,0.279,0.188,2.9114,,,2026-08-12 00:25:40
广西壮族自治区,珠江流域,边贸码头,2026-08-12 00:00,2,30.05,6.75,8.67,61.37,9.66,1.26,0.14,0.062,1.327,,,2026-08-12 00:25:40
广西壮族自治区,珠江流域,高塘,2026-08-12 00:00,2,30.94,6.24,7.17,64.16,43.07,2.75,0.075,0.076,2.295,,,2026-08-12 00:25:40
广西壮族自治区,珠江流域,茅岭大桥,2026-08-12 00:00,2,30.65,6.47,6.9,104.27,19.73,2.15,0.067,0.06,1.08,,,2026-08-12 00:25:40
广西壮族自治区,珠江流域,高速公路西桥,2026-08-12 00:00,3,32.41,6.85,5.23,933.58,82.51,5.54,,0.149,1.946,,,2026-08-12 00:25:40
广西壮族自治区,珠江流域,公篓,2026-08-12 00:00,2,26.13,7.86,6.26,259.3,7.32,1.24,0.036,0.017,1.404,,,2026-08-12 00:25:40
广西壮族自治区,珠江流域,贺街,2026-08-12 00:00,2,28.95,7.44,6.74,202.63,15.211,0.88,0.025,0.044,0.971,,,2026-08-12 00:25:40
广西壮族自治区,珠江流域,上金,2026-08-12 00:00,3,30.41,6.71,5.12,118.4048,68.3438,2.68,,0.033,2.4497,,,2026-08-12 00:25:40
广西壮族自治区,珠江流域,渠立,2026-08-12 00:00,1,29.2,7.86,8.58,243.433,18.678,1.48,,0.018,1.416,,,2026-08-12 00:25:40
广西壮族自治区,珠江流域,棉江,2026-08-12 00:00,2,29.42,7.78,6.89,203.373,33.26,1.87,,0.027,2.0284,,,2026-08-12 00:25:40
海南省,珠江流域,上村桥,2026-08-12 00:00,4,30,6.68,4.23,158.4,79.9,4.48,,0.119,2.101,,,2026-08-12 00:25:40
海南省,珠江流域,中和桥,2026-08-12 00:00,3,32,6.93,5.91,461.3,17.8,4.83,0.13,0.169,1.672,,,2026-08-12 00:25:40
海南省,珠江流域,溪仔村,2026-08-12 00:00,2,29.9,6.99,7.56,87.09,3.96,2.92,,0.043,0.536,,,2026-08-12 00:25:40
海南省,珠江流域,羊头外村桥,2026-08-12 00:00,4,31.49,6.66,5.76,123.21,29.51,7.54,0.036,0.158,1.605,,,2026-08-12 00:25:40
海南省,珠江流域,农垦橡胶所一队,2026-08-12 00:00,2,31.2,6.64,6.9,70.6,7.4,1.25,,0.021,1.599,,,2026-08-12 00:25:40
海南省,珠江流域,分洪桥,2026-08-12 00:00,2,33.15,7.69,15.09,84.43,20.64,3.24,0.007,0.031,0.389,,,2026-08-12 00:25:40
海南省,珠江流域,后山村,2026-08-12 00:00,6,32.48,6.72,1.78,200.033,17.9031,6.83,1.046,0.264,3.098,,,2026-08-12 00:25:40
海南省,珠江流域,罗带铁路桥,2026-08-12 00:00,6,29.5,7.11,5.94,349.5,116.1,7.64,0.007,0.463,4.151,,,2026-08-12 00:25:40
海南省,珠江流域,山口,2026-08-12 00:00,2,31.42,6.99,7.31,90.97,19.81,3.51,0.013,0.038,0.768,,,2026-08-12 00:25:40
海南省,珠江流域,白仞滩电站,2026-08-12 00:00,3,32.1,7.34,5.24,152.3,24.3,4.49,0.008,0.178,2.173,,,2026-08-12 00:25:40
海南省,珠江流域,大风,2026-08-12 00:00,3,30.36795,6.98,5.68,187.2166,15.51818,3.09,,0.09,2.285709,,,2026-08-12 00:25:40
海南省,珠江流域,叉河口,2026-08-12 00:00,2,31.3,7.49,7.47,301.3,9.5,2.71,0.022,0.085,4.338,,,2026-08-12 00:25:40
海南省,珠江流域,跨界桥,2026-08-12 00:00,2,28.7,6.9,7.47,87.9,31.8,3.11,,0.081,1.887,,,2026-08-12 00:25:40
海南省,珠江流域,群英大坝,2026-08-12 00:00,2,29.4,7.19,7.7,93,11.7,2.22,,0.053,1.08,,,2026-08-12 00:25:40
海南省,珠江流域,大溪村,2026-08-12 00:00,3,30.2,6.9,5.83,482.8,16.9,4.69,0.175,0.108,1.702,,,2026-08-12 00:25:40
重庆市,长江流域,晒网坝,2026-08-12 00:00,2,27.44,7.85,6.36,374.1959,34.1982,1.87,,0.058,2.241,,,2026-08-12 00:25:40
重庆市,长江流域,北渡,2026-08-12 00:00,2,27.1,8.01,7.79,467.738,35.779,1.88,0.066,0.044,2.217,,,2026-08-12 00:25:40
重庆市,长江流域,太和,2026-08-12 00:00,3,28.76,7.73,5.49,350.43,25.7,3.78,,0.051,2.806,,,2026-08-12 00:25:40
重庆市,长江流域,渠江码头,2026-08-12 00:00,3,28.4,7.43,7.08,295.078,101.096,3.94,,0.109,3.34,,,2026-08-12 00:25:40
重庆市,长江流域,芙蓉洞码头,2026-08-12 00:00,1,29.25,8.63,14.73,197.43,7.33,1.18,,0.014,0.997,,,2026-08-12 00:25:40
重庆市,长江流域,湖海场,2026-08-12 00:00,2,23.21,7.56,8.24,186.317,135.058,3.63,,0.095,1.648,,,2026-08-12 00:25:40
重庆市,长江流域,罗汉大桥,2026-08-12 00:00,2,20.51,7.99,8.98,281.75,24.66,2.31,0.02,0.055,1.538,,,2026-08-12 00:25:40
重庆市,长江流域,白帝城,2026-08-12 00:00,2,27.09,7.79,6.58,363.612,39.375,1.34,,0.052,1.475,,,2026-08-12 00:25:40
重庆市,长江流域,红花村,2026-08-12 00:00,2,23.123,7.81,9.99,227.45,96.096,1.49,,0.049,1.506,,,2026-08-12 00:25:40
四川省,长江流域,二江寺,2026-08-12 00:00,3,24.83,7.47,5.4,426.4,34.7,1.64,0.082,0.059,1.407,,,2026-08-12 00:25:40
四川省,长江流域,三邑大桥,2026-08-12 00:00,2,23.81,7.72,6.71,293.3803,32.38,1.16,0.004,0.04,1.6455,,,2026-08-12 00:25:40
四川省,长江流域,李家湾,2026-08-12 00:00,3,29.82,7.63,7.19,442.3,18.4,4.2,0.006,0.178,5.941,,,2026-08-12 00:25:40
四川省,长江流域,湾凼,2026-08-12 00:00,4,28.23702,7.46,4.21,583.8515,17.57396,4.5,0.007,0.059,0.420153,,,2026-08-12 00:25:40
四川省,长江流域,手爬岩,2026-08-12 00:00,2,25.43,7.9,7.23,453.74,26.3289,1.66,,0.058,1.7646,,,2026-08-12 00:25:40
四川省,长江流域,沱江大桥,2026-08-12 00:00,3,30.21,7.7,6.29,432.8197,67.55679,3.94,0.018,0.175,5.946365,,,2026-08-12 00:25:40
四川省,长江流域,胡市大桥,2026-08-12 00:00,3,31.13,7.61,6.31,361.0227,11.5638,5.64,0.012,0.128,2.5171,,,2026-08-12 00:25:40
四川省,长江流域,泸天化大桥,2026-08-12 00:00,2,30.88,8.05,8.81,390.558,17.9664,1.93,,0.042,2.3089,,,2026-08-12 00:25:40
四川省,长江流域,纳溪大渡口,2026-08-12 00:00,2,24.91,7.86,7.05,416.983,21.601,1.13,,0.065,1.4246,,,2026-08-12 00:25:40
四川省,长江流域,太平渡,2026-08-12 00:00,2,30.03613,8.22,7.06,478.5126,28.4035,1.41,0.01,0.065,3.401,,,2026-08-12 00:25:40
四川省,长江流域,双江桥,2026-08-12 00:00,3,28.67,8.24,6.79,650.03,27.38,1.62,,0.113,2.056,,,2026-08-12 00:25:40
四川省,长江流域,姚渡,2026-08-12 00:00,1,24.45461,8.21,7.78,359.5506,21.01574,0.8,0.006,0.003,1.336,,,2026-08-12 00:25:40
四川省,长江流域,清泉乡,2026-08-12 00:00,2,29.5,8.67,16.13,269.6,43.2871,3.3,,0.047,1.238,,,2026-08-12 00:25:40
四川省,长江流域,大安,2026-08-12 00:00,4,31.19,8.72,12.88,458.655,12.2,5.55,0.013,0.207,1.5461,,,2026-08-12 00:25:40
四川省,长江流域,大埂,2026-08-12 00:00,3,30.66,7.81,5.69,486.5,7.37,5.46,0.151,0.088,1.385607,,,2026-08-12 00:25:40
四川省,长江流域,金溪电站,2026-08-12 00:00,2,27.2,7.87,8.77,376.009,31.0478,2.31,0.012,0.027,2.609,,,2026-08-12 00:25:40
四川省,长江流域,升钟水库铁炉寺,2026-08-12 00:00,6,32.31,9.03,20,313.22,20.68,5.38,,0.037,1.071,,,2026-08-12 00:25:40
四川省,长江流域,三块石,2026-08-12 00:00,2,23.76,8.08,7.44,564.86,5.33,1.14,0.011,0.015,1.046,,,2026-08-12 00:25:40
四川省,长江流域,幺滩,2026-08-12 00:00,3,30.36,8.1,7.25,388.85,31.59,2.6,,0.142,2.526,,,2026-08-12 00:25:40
四川省,长江流域,团堡岭,2026-08-12 00:00,2,26.54,7.96,9.49,233.94,50.447,3.55,0.046,,2.143,,,2026-08-12 00:25:40
四川省,长江流域,大蹬沟,2026-08-12 00:00,3,26.99,7.57,6.25,220.7,69.4,4.1,,0.068,1.56,,,2026-08-12 00:25:40
四川省,长江流域,白兔乡,2026-08-12 00:00,3,29.4,8.33,8.4,365,22.26,5.5,,0.112,1.684,,,2026-08-12 00:25:40
四川省,长江流域,舵石盘,2026-08-12 00:00,3,26.19,7.71,6.04,275,50.3,3.76,,0.104,2.193,,,2026-08-12 00:25:40
四川省,长江流域,车家河,2026-08-12 00:00,3,25.63,7.81,7.08,258,44.95,3.56,,0.101,1.69,,,2026-08-12 00:25:40
贵州省,长江流域,棉花渡,2026-08-12 00:00,2,24.258,7.91,6.36,470.11,1.0009,1.55,0.02,0.052,2.989,,,2026-08-12 00:25:40
贵州省,长江流域,贵铝泵房,2026-08-12 00:00,2,26.972,8.58,10.24,313.1245,9.9804,2.52,0.046,0.005,2.1348,0.02404,1767066,2026-08-12 00:25:40
贵州省,长江流域,花鱼洞,2026-08-12 00:00,6,24.1746,7.41,1.39,340.2379,5.8641,2.4,0.014,0.018,1.0293,0.0029,2221856,2026-08-12 00:25:40
贵州省,珠江流域,青岩,2026-08-12 00:00,4,24.72,7.89,4.93,540.4535,5.1196,2.33,,0.065,3.1455,,,2026-08-12 00:25:40
贵州省,长江流域,龙场,2026-08-12 00:00,2,21.12,7.9,7.08,393.62,5.64,0.91,0.027,0.013,4.068,,,2026-08-12 00:25:40
贵州省,长江流域,打秋坪,2026-08-12 00:00,2,25.75,7.81,6.26,481.9,6.2,1.23,0.032,0.076,4.167,,,2026-08-12 00:25:40
贵州省,长江流域,余庆河暗溪坪,2026-08-12 00:00,2,27.91,8.28,10.06,310.34,8.93,1.2,,0.021,1.267,,,2026-08-12 00:25:40
贵州省,长江流域,羊柱头渡口,2026-08-12 00:00,3,26.15,7.86,5.74,626.64,12.334,2.12,0.353,0.163,6.391,,,2026-08-12 00:25:40
贵州省,长江流域,茅台,2026-08-12 00:00,2,26.33,8.35,7.52,414.05,23.3,0.81,,0.027,4.245,,,2026-08-12 00:25:40
贵州省,珠江流域,打邦,2026-08-12 00:00,2,28.17,8.24,10.66,400.61,12.386,2.42,0.03,0.038,3.138,,,2026-08-12 00:25:40
贵州省,长江流域,小屯,2026-08-12 00:00,2,26.8,8.75,11.39,379.275,7.47,3,,0.042,4.301,,,2026-08-12 00:25:40
贵州省,长江流域,鱼市,2026-08-12 00:00,2,29.49,8.28,9.17,346.601,4.200224,0.88,0.016,0.027,1.032398,,,2026-08-12 00:25:40
贵州省,长江流域,凤山桥边,2026-08-12 00:00,2,25.2676,8.41,8.09,510.96,2.9285,,0.091,0.078,3.165,,,2026-08-12 00:25:40
贵州省,珠江流域,边外河,2026-08-12 00:00,1,24.4,8.08,7.98,317.05,5.13,0.56,,0.005,2.025,,,2026-08-12 00:25:40
云南省,珠江流域,阳宗海中,2026-08-12 00:00,3,25.55,8.98,7.59,426.071,2.086,4.57,,0.013,0.708,0.00794,883450.9,2026-08-12 00:25:40
云南省,滇池流域,严家村桥,2026-08-12 00:00,2,21.61517,7.73,6.69,405.5666,7.704316,1.6,0.224,0.085,3.695907,,,2026-08-12 00:25:40
云南省,滇池流域,草海中心,2026-08-12 00:00,4,24.82,7.85,4.67,404.25,34.03,4.77,0.408,0.06,3.176,0.01373,4541354,2026-08-12 00:25:40
云南省,滇池流域,灰湾中,2026-08-12 00:00,4,22.98,,11.76,375.906,61.219,5.84,0.018,0.062,1.023,0.01518,6.01701,2026-08-12 00:25:40
云南省,滇池流域,观音山西,2026-08-12 00:00,5,24.64,,12.99,387.75,203.55,13.25,,0.078,1.112,0.01504,2.979708,2026-08-12 00:25:40
云南省,滇池流域,海口西,2026-08-12 00:00,3,26.61,,17.26,333.91,50.82,4.89,,0.042,0.595,0.0121,9.74798,2026-08-12 00:25:40
云南省,滇池流域,滇池南,2026-08-12 00:00,4,23.32,,15.11,388.1,50.77,7.1,,0.053,0.798,0.03191,1.73162,2026-08-12 00:25:40
云南省,珠江流域,抚仙湖心,2026-08-12 00:00,1,23.69,8.87,9.15,269.86,2.534,1.86,0.012,0.008,0.103,0.0027,2.283053,2026-08-12 00:25:40
云南省,珠江流域,杞麓湖心,2026-08-12 00:00,4,24.75,,9.69,769.43,9.74,6.28,,0.011,1.784,0.02782,7697436,2026-08-12 00:25:40
云南省,珠江流域,星云湖心,2026-08-12 00:00,4,24.46,,11.53,452.961,20.12,6.87,,0.018,0.742,0.00521,2.607589,2026-08-12 00:25:40
云南省,西南诸河,土卡河水文站,2026-08-12 00:00,2,25.91434,7.94,8.35,198.4858,132.5405,1.5,,0.044,0.8693699,,,2026-08-12 00:25:40
云南省,珠江流域,异龙湖中,2026-08-12 00:00,4,26.72,8.6,8.29,450.98,2.685,7.31,,0.017,0.511,0.0197,203252,2026-08-12 00:25:40
云南省,西南诸河,天保农场,2026-08-12 00:00,2,24.11,8.18,8.61,371.3,8.21,0.65,0.059,0.026,2.6833,,,2026-08-12 00:25:40
云南省,西南诸河,洱海湖心,2026-08-12 00:00,3,23.66,8.76,7.94,281.17,4.23,5.26,0.004,0.019,0.461,0.01113,5128639,2026-08-12 00:25:40
陕西省,黄河流域,灞河口,2026-08-12 00:00,2,27.75,8.25,7.57,373.6628,38.3938,3.08,0.012,0.058,3.5152,,,2026-08-12 00:25:40
陕西省,黄河流域,三郎村,2026-08-12 00:00,2,27.64,7.85,9.17,362.82,57.278,3.97,0.046,0.091,3.6684,,,2026-08-12 00:25:40
陕西省,长江流域,黄牛铺,2026-08-12 00:00,3,24.94,8.84,5.93,161.6193,1.505,2.79,0.007,0.012,0.674,,,2026-08-12 00:25:40
陕西省,黄河流域,魏家堡,2026-08-12 00:00,2,27.22,8.19,6.94,681.2553,123.9994,3.14,,0.083,4.722,,,2026-08-12 00:25:40
陕西省,黄河流域,卧龙寺桥,2026-08-12 00:00,2,27.48,8.33,7.13,811.6855,40.4677,2.52,,0.028,3.323,,,2026-08-12 00:25:40
陕西省,长江流域,灶火庵,2026-08-12 00:00,2,25.23,8.29,6.7,340.5127,35.1123,1.71,,0.024,1.6059,,,2026-08-12 00:25:40
陕西省,黄河流域,黑河张家桥,2026-08-12 00:00,2,23.14,8.03,7.33,505.0954,55.5205,2.09,0.023,0.032,1.9176,,,2026-08-12 00:25:40
陕西省,黄河流域,杨家畔村,2026-08-12 00:00,3,28.15,8.58,7.32,1081.712,241.124,4.01,,0.146,5.3121,,,2026-08-12 00:25:40
陕西省,黄河流域,朱家沟,2026-08-12 00:00,6,25.92,8.09,5.14,1065.667,384.7811,5.1,0.277,0.49,7.1281,,,2026-08-12 00:25:40
陕西省,长江流域,白水江,2026-08-12 00:00,2,27.19,8.22,7.09,315.4226,7.834,1.24,,0.015,1.1737,,,2026-08-12 00:25:40
陕西省,黄河流域,温家川,2026-08-12 00:00,3,25.79,8.63,6.58,1322.08,69.54898,4.74,0.002,0.049,2.2481,,,2026-08-12 00:25:40
陕西省,黄河流域,高家川,2026-08-12 00:00,2,25,8.27,7.58,811.422,828.1395,1.9,,0.081,4.0181,,,2026-08-12 00:25:40
陕西省,长江流域,老君关,2026-08-12 00:00,2,25.03,7.5,6.09,251.6843,117.6435,3.38,,0.082,2.633,,,2026-08-12 00:25:40
陕西省,长江流域,构峪口,2026-08-12 00:00,2,20.89,8.02,6.91,340.1707,39.6305,3.14,,0.048,2.137,,,2026-08-12 00:25:40
陕西省,长江流域,丹凤下,2026-08-12 00:00,3,22.55,8.31,7.62,392.245,36.9308,3.36,0.172,0.107,3.0328,,,2026-08-12 00:25:40
甘肃省,黄河流域,新城桥,2026-08-12 00:00,3,18.98,8.19,7.28,580.09,1459.547,5.86,,0.182,1.8132,,,2026-08-12 00:25:40
甘肃省,黄河流域,湟水桥,2026-08-12 00:00,2,22.75,8.2,6.72,1101.52,2041.53,1.41,0.088,0.063,4.083,,,2026-08-12 00:25:40
甘肃省,黄河流域,五佛寺,2026-08-12 00:00,2,21.05631,8.3,6.82,621.3724,235.9436,3.18,0.387,0.066,3.818,,,2026-08-12 00:25:40
甘肃省,长江流域,固水子村,2026-08-12 00:00,3,22.24,8.16,7.41,399.9,2165.6,1.98,,0.127,1.534,,,2026-08-12 00:25:40
宁夏回族自治区,黄河流域,平罗黄河大桥,2026-08-12 00:00,2,24.71,8.25,6.5,933.59,749.16,1.5,,0.051,2.62,,,2026-08-12 00:25:40
宁夏回族自治区,黄河流域,麻黄沟,2026-08-12 00:00,2,24.69,8.37,6.17,877.915,878.612,2.32,,0.055,2.4802,,,2026-08-12 00:25:40
宁夏回族自治区,黄河流域,中卫下河沿,2026-08-12 00:00,-1,,,,,,,,,,,,2026-08-12 00:25:40
北京市,海河流域,鼓楼外大街,2026-08-12 00:00,4,27.57,7.44,4.93,458.87,38.034,5.35,0.311,0.109,3.783,,,2026-08-12 01:23:49
北京市,海河流域,广北滨河路,2026-08-12 00:00,-1,,,,,,,,,,,,2026-08-12 01:23:49
北京市,海河流域,沙窝,2026-08-12 00:00,4,28.53,7.52,3.62,620.4,50.53,5.17,1.311,0.088,4.225,,,2026-08-12 01:23:49
北京市,海河流域,新八里桥,2026-08-12 01:00,3,26.04,7.19,,492.287,19.192,3.24,0.709,0.15,2.528,,,2026-08-12 01:23:49
北京市,海河流域,大红门闸上,2026-08-12 01:00,3,25.22,7.49,5.96,958.2,12.854,2.97,0.023,0.096,7.295,,,2026-08-12 01:23:49
北京市,海河流域,南大荒桥,2026-08-12 01:00,2,28.9,8.34,7.46,837.2,51.17,3.19,0.01,0.047,2.017,,,2026-08-12 01:23:49
北京市,海河流域,清河闸,2026-08-12 01:00,2,23.11,7.65,6.13,806.61,7.572,2.62,,0.038,5.97,,,2026-08-12 01:23:49
北京市,海河流域,花园路,2026-08-12 00:00,-1,,,,,,,,,,,,2026-08-12 01:23:49
北京市,海河流域,白石桥,2026-08-12 01:00,2,28.36,8.17,8.97,383.7,13.705,3.65,0.006,0.023,2.57,,,2026-08-12 01:23:49
北京市,海河流域,码头,2026-08-12 01:00,2,27.89,7.42,8.38,957.26,56.94,3.69,0.052,0.074,6.026,,,2026-08-12 01:23:49
北京市,海河流域,罗庄,2026-08-12 01:00,5,30.44,7.48,2.43,1016.431,7.353892,2.6,0.03,0.174,4.4151,,,2026-08-12 01:23:49
北京市,海河流域,小屯桥,2026-08-12 01:00,4,30.11,7.7,4.84,1092.983,8.782637,4.74,0.081,0.209,3.9631,,,2026-08-12 01:23:49
北京市,海河流域,东店,2026-08-12 01:00,2,24.94122,7.59,6.65,564.5411,36.93948,2.76,0.038,0.08,9.000491,,,2026-08-12 01:23:49
北京市,海河流域,密云水库,2026-08-12 01:00,2,29.08411,8.31,9.65,414.1978,1.840852,2.49,0.012,0.007,3.525326,,,2026-08-12 01:23:49
北京市,海河流域,大关桥,2026-08-12 01:00,2,29.17,8,7.33,431.78,71.05,3.78,0.26,0.061,4.6791,,,2026-08-12 01:23:49
北京市,海河流域,辛庄桥,2026-08-12 01:00,3,27.51,8.17,7.38,599.116,172.079,3.9,,0.117,10.9211,,,2026-08-12 01:23:49
北京市,海河流域,谷家营,2026-08-12 01:00,2,29.21,8.13,12.04,553.86,6.815,3.18,0.179,0.051,3.144,,,2026-08-12 01:23:49
北京市,海河流域,后城,2026-08-12 01:00,4,23.7,8.24,7.21,449.439,635.9872,9.41,,0.254,13.3471,,,2026-08-12 01:23:49
天津市,海河流域,三岔口,2026-08-12 00:00,6,30.16,7.61,0.57,986.4001,24.32046,3.7,0.811,0.11,1.34151,,,2026-08-12 01:23:49
天津市,海河流域,井冈山桥,2026-08-12 01:00,6,30.29,7.76,1.72,1162.899,28.03906,4.43,0.946,0.13,2.2211,,,2026-08-12 01:23:49
天津市,海河流域,大红桥,2026-08-12 01:00,6,30,7.39,0.03,1220.827,5.366773,3.81,0.604,0.072,1.8691,,,2026-08-12 01:23:49
天津市,海河流域,曹庄子泵站,2026-08-12 01:00,2,31.81,7.65,6.21,261.47,2.49,1.6,0.061,0.006,0.775,,,2026-08-12 01:23:49
天津市,海河流域,生产圈闸,2026-08-12 01:00,4,,,,,,,0.653,0.217,1.615334,,,2026-08-12 01:23:49
天津市,海河流域,尔王庄泵站,2026-08-12 00:00,2,31.21,7.68,6.07,242.658,9.829183,2.16,,,0.5081,,,2026-08-12 01:23:49
天津市,海河流域,塘汉公路桥,2026-08-12 00:00,5,27.74,7.56,2.03,1040.777,47.32394,3.79,0.124,0.157,4.1371,,,2026-08-12 01:23:49
天津市,海河流域,海河大闸,2026-08-12 00:00,5,28.97,7.57,2.08,2515.742,27.773,4.84,0.378,0.223,2.6304,,,2026-08-12 01:23:49
天津市,海河流域,北排水河防潮闸,2026-08-12 01:00,6,19.94,7.84,0.58,1354.7,51.8251,4.03,0.098,0.137,1.2585,,,2026-08-12 01:23:49
天津市,海河流域,沧浪渠出境,2026-08-12 01:00,4,30.13,7.88,3.1,4543.7,467.152,6.24,,0.212,1.7567,,,2026-08-12 01:23:49
天津市,海河流域,万家码头,2026-08-12 00:00,6,28.68,7.59,1.87,1380.03,22.35,5.93,0.407,0.112,1.28,,,2026-08-12 01:23:49
天津市,海河流域,蓟运河防潮闸,2026-08-12 01:00,5,31.0452,7.29,2.26,735.6945,41.2436,4.41,0.633,0.149,2.019835,,,2026-08-12 01:23:49
天津市,海河流域,马棚口防潮闸,2026-08-12 01:00,3,29.39,8.09,6.6,19894.5,215.3738,5.09,0.039,0.093,3.191,,,2026-08-12 01:23:49
天津市,海河流域,阎辛庄,2026-08-12 01:00,6,20.97951,7.19,0.59,1219.618,59.5118,3.88,0.223,0.124,4.143937,,,2026-08-12 01:23:49
天津市,海河流域,于桥水库库中心,2026-08-12 01:00,3,29.43,8.87,10.59,356.95,7.27,5.78,,0.028,2.743,0.04543,1.856479,2026-08-12 01:23:49
天津市,海河流域,于桥水库出口,2026-08-12 00:00,3,29.51,8.76,15.9,381.917,14.47923,4.62,0.009,0.03,2.6451,,,2026-08-12 01:23:49
天津市,海河流域,黎河桥,2026-08-12 01:00,3,26.508,7.57,8.03,767.9,26,3.01,0.102,0.131,9.951,,,2026-08-12 01:23:49
天津市,海河流域,沙河桥,2026-08-12 00:00,2,26.83,7.7,8.06,664.8,25.358,1.3,0.013,0.057,9.882,,,2026-08-12 01:23:49
天津市,海河流域,果河桥,2026-08-12 00:00,3,28.7,7.65,5.58,633.7212,9.8181,1.6,0.057,0.068,9.3519,,,2026-08-12 01:23:49
天津市,海河流域,西屯桥,2026-08-12 00:00,3,30.36,7.87,6.62,412.22,38.0239,4.76,,0.074,2.888,,,2026-08-12 01:23:49
河北省,海河流域,下槐镇,2026-08-12 00:00,3,26,8.34,7.76,504.894,226.1378,3.09,0.014,0.105,1.9697,,,2026-08-12 01:23:49
河北省,海河流域,地都,2026-08-12 01:00,-1,,,,,,,,,,,,2026-08-12 01:23:49
河北省,海河流域,平山桥,2026-08-12 01:00,3,26.62,7.82,6.68,926.05,128.743,2.35,0.046,0.111,3.247,,,2026-08-12 01:23:49
河北省,海河流域,兆通,2026-08-12 00:00,1,30.2,8.59,8.76,281.28,2.54,1.89,0.006,0.008,0.8134,,,2026-08-12 01:23:49
河北省,海河流域,大石桥,2026-08-12 01:00,4,28.66528,7.33,4.48,1011.331,61.40069,4.99,0.989,0.135,5.175643,,,2026-08-12 01:23:49
河北省,海河流域,涧河口,2026-08-12 01:00,3,31.36201,8.83,12.31,1387.426,29.90802,5.71,0.053,0.072,1.592568,,,2026-08-12 01:23:49
河北省,海河流域,丰北闸,2026-08-12 01:00,3,33.54921,7.6,7.74,760.5526,21.16682,5.35,0.017,0.165,3.649199,,,2026-08-12 01:23:49
河北省,海河流域,滦县大桥,2026-08-12 00:00,2,24.3,8.09,8.95,470.529,30.86465,3.2,0.017,0.024,4.9351,,,2026-08-12 01:23:49
河北省,海河流域,刘家庄,2026-08-12 01:00,3,22.15,8.31,7.73,562.9292,150.09,2.43,0.158,0.11,2.314,,,2026-08-12 01:23:49
河北省,海河流域,岳城水库出口,2026-08-12 01:00,1,29.19,8.28,8.52,590.938,5.855256,1.55,0.018,,2.5831,,,2026-08-12 01:23:49
河北省,海河流域,曲周,2026-08-12 00:00,5,28.71,7.43,2.56,959.866,20.816,2.94,0.95,0.127,2.252,,,2026-08-12 01:23:49
河北省,海河流域,沙阳,2026-08-12 00:00,3,29.17,7.86,6.82,953.06,56.37,4.49,0.008,0.065,0.7404,,,2026-08-12 01:23:49
河北省,海河流域,后西吴桥,2026-08-12 00:00,4,29.36,8.04,4.64,845.29,70.05,3.98,0.072,0.148,7.1916,,,2026-08-12 01:23:49
河北省,海河流域,北河店,2026-08-12 00:00,5,28.91,7.54,2.33,567.1287,0.7365,2.13,0.006,0.023,5.859,,,2026-08-12 01:23:49
河北省,海河流域,白合,2026-08-12 00:00,2,25.45,8.27,7.9,519.94,64.53,1.73,,0.059,4.255,,,2026-08-12 01:23:49
河北省,海河流域,杜里村,2026-08-12 00:00,4,23.41,8.39,8.88,414.47,70.95,7.52,,0.087,2.3483,,,2026-08-12 01:23:49
河北省,海河流域,温泉屯,2026-08-12 00:00,4,24.37,8.51,6.42,1288.211,308.7075,9.31,0.016,0.207,10.9161,,,2026-08-12 01:23:49
河北省,海河流域,左卫桥,2026-08-12 01:00,3,22.29,8.43,8.04,660.568,1098.252,2.9,0.017,0.111,8.0241,,,2026-08-12 01:23:49
河北省,海河流域,四道甸,2026-08-12 01:00,3,24.94,8.3,7.55,384.276,126.093,4.75,0.014,0.07,7.1891,,,2026-08-12 01:23:49
河北省,海河流域,上二道河子,2026-08-12 01:00,2,25.87,7.95,6.21,456.42,8.828915,2.57,0.011,0.001,6.7101,,,2026-08-12 01:23:49
河北省,辽河流域,甸子,2026-08-12 01:00,2,22.5,7.79,6.42,379.19,41.38,2.67,0.015,0.072,5.805,,,2026-08-12 01:23:49
河北省,海河流域,何老营,2026-08-12 01:00,4,29.31443,8.03,6.39,4189.521,15.30816,6.75,,0.08,1.042904,,,2026-08-12 01:23:49
河北省,海河流域,大口河口,2026-08-12 01:00,4,27.86,8,5.97,10636.75,39.97,6.43,0.782,0.221,3.845,,,2026-08-12 01:23:49
河北省,海河流域,四埝村桥,2026-08-12 00:00,5,29.86,7.94,2.68,4902.982,29.698,6.51,0.111,0.111,1.127,,,2026-08-12 01:23:49
河北省,海河流域,大王务,2026-08-12 00:00,5,28.73,7.57,2.53,849.302,12.99998,9.11,0.016,0.073,0.8031,,,2026-08-12 01:23:49
河北省,海河流域,台头,2026-08-12 01:00,3,31.14627,7.65,5.65,1287.377,15.23274,5.41,0.091,0.061,0.4531,,,2026-08-12 01:23:49
河北省,海河流域,桑梓红旗闸,2026-08-12 00:00,2,28.03387,7.96,7.2,629.329,29.64816,2.74,0.064,0.085,11.5541,,,2026-08-12 01:23:49
河北省,海河流域,三小营,2026-08-12 01:00,3,30.41141,7.83,5.13,956.7721,31.96604,5.73,0.102,0.149,2.331193,,,2026-08-12 01:23:49
河北省,海河流域,小范桥,2026-08-12 00:00,3,31.3,8.36,7.99,957.474,2.014,4.98,0.004,0.045,0.6036,,,2026-08-12 01:23:49
河北省,海河流域,衡水湖大湖心,2026-08-12 00:00,3,29.7,8.54,6.97,1425.881,11.211,5.62,0.002,0.028,0.724,0.041984,1.616148,2026-08-12 01:23:49
河北省,海河流域,南张村,2026-08-12 01:00,2,31.66,8.32,8.36,325.78,10.567,2.03,0.019,0.011,0.9279,,,2026-08-12 01:23:49
河北省,海河流域,安州,2026-08-12 00:00,6,29.51,7.3,1.49,853.4913,26.0666,3.22,0.302,0.088,2.08,,,2026-08-12 01:23:49
河北省,海河流域,膳马庙村北,2026-08-12 00:00,4,31.65,7.54,11.81,1287.354,38.2016,6.8,0.118,0.072,4.2633,,,2026-08-12 01:23:49
河北省,海河流域,烧车淀,2026-08-12 01:00,2,30.33,7.61,6.66,578.6,1.99,2.77,0.021,0.006,2.69,0.00228,2516736,2026-08-12 01:23:49
河北省,海河流域,圈头,2026-08-12 01:00,3,30.63,8,5.32,658.66,1.2487,4.34,0.02,0.029,0.345,0.00227,3902904,2026-08-12 01:23:49
河北省,海河流域,光淀张庄,2026-08-12 01:00,5,30.8,7.37,2.69,595.44,5.39,2.63,0.091,0.028,1.223,0.00394,3811260,2026-08-12 01:23:49
山西省,黄河流域,韩武村,2026-08-12 00:00,4,26.92,7.77,3.98,1194.02,15.73,6.28,0.492,0.28,8.893,,,2026-08-12 01:23:49
山西省,黄河流域,上兰,2026-08-12 01:00,2,22.31,8.24,7.36,643.937,7.353642,1.7,0.015,,1.9401,,,2026-08-12 01:23:49
山西省,黄河流域,汾河水库出口,2026-08-12 01:00,2,25.65,8.24,7.95,699.85,5.237765,2.08,0.015,,1.4091,0.0105835,297240,2026-08-12 01:23:49
山西省,海河流域,堡子湾,2026-08-12 01:00,2,20.24,8.26,7.09,711.703,142.6311,2.29,0.01,0.072,6.3871,,,2026-08-12 01:23:49
山西省,海河流域,册田水库出口,2026-08-12 01:00,4,20.47,7.83,4.34,1212.246,12.55631,3.49,0.165,0.161,1.1451,,,2026-08-12 01:23:49
山西省,海河流域,古家坡,2026-08-12 01:00,4,28.94,8.56,4.68,783.794,84.82923,8.05,0.021,0.207,1.6051,,,2026-08-12 01:23:49
山西省,海河流域,白羊墅,2026-08-12 00:00,3,25.23,7.94,6.79,1497.35,37.786,2.44,0.168,0.143,6.969,,,2026-08-12 01:23:49
山西省,海河流域,王家庄,2026-08-12 00:00,2,25.82,8.31,8.14,649.53,82.77,2.96,,0.062,2.339,,,2026-08-12 01:23:49
山西省,海河流域,司徒桥,2026-08-12 01:00,4,25.18,7.76,4.26,541.5274,54.9491,3.52,0.004,0.063,1.982,,,2026-08-12 01:23:49
山西省,海河流域,关河水库出口,2026-08-12 00:00,4,25.8,7.68,3.83,535.76,6.655,4.5,0.048,0.028,0.7161,,,2026-08-12 01:23:49
山西省,海河流域,北寨,2026-08-12 00:00,4,24.1,7.65,4.72,783.42,60.91,4.35,0.213,0.098,5.5123,,,2026-08-12 01:23:49
山西省,海河流域,后湾水库出口,2026-08-12 00:00,2,26.06,8.41,7.61,463.54,5.502,3.41,,0.02,0.959,,,2026-08-12 01:23:49
山西省,黄河流域,龙头,2026-08-12 01:00,2,22.33,8.17,8.2,592.34,117.56,3.49,,0.04,3.7509,,,2026-08-12 01:23:49
山西省,黄河流域,拴驴泉,2026-08-12 01:00,1,25.01,8.23,7.98,706.437,25.48,1.66,,0.019,4.2935,,,2026-08-12 01:23:49
山西省,黄河流域,张峰水库出口,2026-08-12 01:00,2,26.7241,8.19,8.05,526.2328,24.302,2.45,0.006,0.004,2.9637,,,2026-08-12 01:23:49
山西省,海河流域,东榆林水库出口,2026-08-12 01:00,2,26.76,8.25,9.57,741.472,10.48043,3.47,0.174,0.061,2.1221,,,2026-08-12 01:23:49
山西省,黄河流域,杀虎口,2026-08-12 01:00,3,23.72,8.23,6.5,535.865,66.07941,4.94,0.018,0.063,1.4341,,,2026-08-12 01:23:49
山西省,海河流域,王寨村,2026-08-12 00:00,2,24.86,8.23,7.12,641.794,79.55,1.56,,0.045,2.645,,,2026-08-12 01:23:49
山西省,黄河流域,安固桥,2026-08-12 00:00,3,28.213,7.97,5.78,1423.567,124.7772,,0.027,,,,,2026-08-12 01:23:49
山西省,黄河流域,王庄桥南,2026-08-12 00:00,4,28.02,8.23,6.94,1002.192,139.08,9.37,0.004,0.174,3.509,,,2026-08-12 01:23:49
山西省,黄河流域,郝村,2026-08-12 00:00,3,25.47,7.81,6.54,755.8755,54.3198,5.02,0.013,0.116,1.5066,,,2026-08-12 01:23:49
山西省,黄河流域,龙门,2026-08-12 00:00,2,27.21,8.27,7.41,947.4191,1552.376,3.95,,,2.051,,,2026-08-12 01:23:49
山西省,黄河流域,张留庄,2026-08-12 01:00,4,26.86,8.29,5.19,5153.947,141.221,7.57,0.155,0.233,10.362,,,2026-08-12 01:23:49
山西省,黄河流域,上亳城,2026-08-12 01:00,2,23.97,8.01,7.63,795.052,47.493,2.13,0.02,0.055,4.5862,,,2026-08-12 01:23:49
山西省,黄河流域,小韩村,2026-08-12 00:00,5,24.49,7.28,2.26,1702.52,72.658,4.16,0.621,0.25,5.168,,,2026-08-12 01:23:49
山西省,海河流域,梵王寺,2026-08-12 01:00,3,20.68,7.83,6.34,491.703,508.2432,4.84,0.663,0.099,5.4731,,,2026-08-12 01:23:49
山西省,海河流域,代县桥,2026-08-12 01:00,2,23.2,8.44,6.69,722.365,155.7317,1.33,0.001,0.081,4.1771,,,2026-08-12 01:23:49
山西省,海河流域,定襄桥,2026-08-12 00:00,5,26.78,8.39,5.14,696.779,800.3031,7.96,0.018,0.354,3.6081,,,2026-08-12 01:23:49
山西省,海河流域,南庄,2026-08-12 00:00,2,24.67,8.3,7.54,535.447,159.0408,3.86,,0.08,6.0501,,,2026-08-12 01:23:49
山西省,海河流域,坪上桥,2026-08-12 01:00,2,21.16,8.2,7.79,369.327,61.02599,1.6,0.008,0.021,4.2761,,,2026-08-12 01:23:49
山西省,黄河流域,河西村,2026-08-12 01:00,2,24.2,8.31,6.91,554.2,112.12,3.45,,,3.72,,,2026-08-12 01:23:49
山西省,黄河流域,上平望,2026-08-12 01:00,3,28.15,7.73,5.74,1107.63,269.18,4.67,0.103,0.084,5.541,,,2026-08-12 01:23:49
山西省,黄河流域,黑城村,2026-08-12 01:00,3,26.89,8.11,7.65,849.301,554.5118,2.92,0.017,0.139,6.601,,,2026-08-12 01:23:49
山西省,黄河流域,曲立,2026-08-12 01:00,3,21.2,8.02,5.89,610.405,121.4655,2.27,0.001,0.143,5.3061,,,2026-08-12 01:23:49
山西省,黄河流域,裴家川口,2026-08-12 01:00,2,22.9,8.34,7.4,474.814,76.18654,1.83,0.013,0.051,4.4461,,,2026-08-12 01:23:49
山西省,黄河流域,碛口,2026-08-12 01:00,5,26.83,8.59,7.23,888.44,,4.92,0.003,0.327,13.0001,,,2026-08-12 01:23:49
山西省,黄河流域,裴沟,2026-08-12 01:00,3,26.25,8.46,7.84,793.202,399.567,3.08,0.005,0.142,5.2611,,,2026-08-12 01:23:49
山西省,黄河流域,三川河两河口桥,2026-08-12 01:00,5,27.25,8.2,6.53,654.249,1031.872,5.44,0.202,0.31,5.1451,,,2026-08-12 01:23:49
山西省,黄河流域,碧村,2026-08-12 01:00,3,24.18,8.51,8.86,628.078,460.1015,3.31,0.021,0.12,5.4481,,,2026-08-12 01:23:49
山西省,黄河流域,北峪口,2026-08-12 01:00,2,21.84834,8.09,7.25,478.352,29.30733,2.08,0.012,,2.0651,,,2026-08-12 01:23:49
山西省,黄河流域,南姚,2026-08-12 00:00,4,28.73,7.72,3.78,902.59,50.05,4.84,0.76,0.139,4.125,,,2026-08-12 01:23:49
内蒙古自治区,黄河流域,磴口,2026-08-12 00:00,2,24.84,8.34,7.35,986.8561,149.5537,0.44,0.08,0.039,1.62717,,,2026-08-12 01:23:49
内蒙古自治区,松花江流域,根河口内,2026-08-12 00:00,-1,,,,,,,,,,,,2026-08-12 01:23:49
内蒙古自治区,松花江流域,陶海,2026-08-12 00:00,5,21.1,7.12,7.17,129.5,33.1,11.05,,0.087,0.607,,,2026-08-12 01:23:49
内蒙古自治区,松花江流域,嵯岗,2026-08-12 01:00,5,24.26,7.6,6.09,191.619,25.983,10.39,,0.099,0.539,,,2026-08-12 01:23:49
内蒙古自治区,松花江流域,成吉思汗,2026-08-12 01:00,2,21.67,7.18,8.07,143.03,17.35,2.74,,0.026,1.169,,,2026-08-12 01:23:49
内蒙古自治区,松花江流域,讷尔克气,2026-08-12 00:00,4,16.83,6.94,8.45,65.803,23.275,7.39,,0.034,0.254,,,2026-08-12 01:23:49
内蒙古自治区,黄河流域,总排干入黄口,2026-08-12 01:00,4,23.677,8.32,4.54,2154.219,127.469,7.4,1.124,0.299,3.0259,,,2026-08-12 01:23:49
内蒙古自治区,黄河流域,三盛公,2026-08-12 00:00,1,26.93864,7.8,7.54,,,,,,,,,2026-08-12 01:23:49
内蒙古自治区,松花江流域,大山矿,2026-08-12 00:00,2,16.3,7.8,7.94,131.7,3,3.93,,0.033,0.311,,,2026-08-12 01:23:49
内蒙古自治区,松花江流域,察尔森水库西入口,2026-08-12 01:00,3,24.86,8.19,8.3,167.73,27.63,3.91,0.006,0.029,1.463,0.01214,4147340,2026-08-12 01:23:49
辽宁省,辽河流域,蒲河沿,2026-08-12 01:00,6,27.5,7.46,1.95,653.3,11.3,,,0.12,2.554,,,2026-08-12 01:23:49
辽宁省,辽河流域,巨流河大桥,2026-08-12 01:00,4,26.3,8.11,8.39,525.8,124.2,6.02,,0.135,3.483,,,2026-08-12 01:23:49
辽宁省,辽河流域,兴国桥,2026-08-12 01:00,4,24.25,6.85,4.11,718.512,6.738,2.38,,0.028,2.49,,,2026-08-12 01:23:49
辽宁省,辽河流域,城子坦,2026-08-12 00:00,6,30.06766,9.1,9.64,247.3557,18.32716,3.06,0.008,0.041,1.9168,,,2026-08-12 01:23:49
辽宁省,辽河流域,麦家,2026-08-12 00:00,4,30.09,7.64,4.07,370.6,22.21,5.53,0.094,0.17,1.03,,,2026-08-12 01:23:49
辽宁省,辽河流域,复州湾大桥,2026-08-12 00:00,2,28.208,8.47,9.22,536.873,3.97883,3.15,0.019,0.058,2.579,,,2026-08-12 01:23:49
辽宁省,辽河流域,三台子,2026-08-12 00:00,3,29.5179,8.86,12.3,564.2791,19.63182,4.57,0.005,0.049,2.78623,,,2026-08-12 01:23:49
辽宁省,辽河流域,万泰,2026-08-12 00:00,6,30.53,9.2,12.29,149.254,8.1375,3,0.022,0.016,2.37788,,,2026-08-12 01:23:49
辽宁省,辽河流域,小姐庙,2026-08-12 01:00,3,29.52,7.75,5.1,547.2,17.7,2.96,0.096,0.097,3.909,,,2026-08-12 01:23:49
辽宁省,辽河流域,口子街,2026-08-12 00:00,2,28.15,8.72,8.35,282.6,3.42758,1.91,0.045,0.024,2.704,,,2026-08-12 01:23:49
辽宁省,辽河流域,关门山大桥,2026-08-12 01:00,4,27.31,7.68,3.83,392.476,4.73,1.29,0.0001,0.018,4.966,,,2026-08-12 01:23:49
辽宁省,辽河流域,大伙房水库,2026-08-12 01:00,3,25.09,6.75,7.16,209.37,20.95,4.02,0.042,0.062,4.222,0.04048,,2026-08-12 01:23:49
辽宁省,辽河流域,戈布桥,2026-08-12 01:00,2,24.75,7.36,7.5,483.42,73.99,3.58,0.06,0.093,4.551,,,2026-08-12 01:23:49
辽宁省,辽河流域,北太子河入观音阁水库口,2026-08-12 01:00,2,27.05,8.13,6.99,259.925,38.475,1.69,0.017,0.022,6.594349,,,2026-08-12 01:23:49
辽宁省,辽河流域,老官砬子,2026-08-12 01:00,1,21.06,7.78,7.77,282.7,9.7,1.95,0.036,0.016,3.4041,,,2026-08-12 01:23:49
辽宁省,辽河流域,兴安,2026-08-12 01:00,3,22.93,7.68,5.47,355.1,21.2,1.75,0.037,0.039,3.596,,,2026-08-12 01:23:49
辽宁省,辽河流域,凤鸣电站,2026-08-12 00:00,2,20.69,7.66,6.9,206.09,18.308,2.1,0.017,0.03,3.006,,,2026-08-12 01:23:49
辽宁省,辽河流域,南太子河入库口,2026-08-12 00:00,3,27.76,7.41,5.71,196.4,2.5,0.69,0.008,0.008,5.976,,,2026-08-12 01:23:49
辽宁省,辽河流域,蒲石河大桥,2026-08-12 00:00,1,27.98,7.88,8.71,210.68,2.812,1.31,0.029,0.016,3.395,,,2026-08-12 01:23:49
辽宁省,辽河流域,王家沟,2026-08-12 00:00,2,25.99,7.99,7.33,726.2,12.38,2.68,,0.032,5.005,,,2026-08-12 01:23:49
辽宁省,辽河流域,张家堡,2026-08-12 01:00,3,28.01,8.07,6.11,646.39,28.227,4.32,0.008,0.061,5.307,,,2026-08-12 01:23:49
辽宁省,辽河流域,女儿河入河口,2026-08-12 00:00,2,27.59,8.17,13.39,812.65,17.8,1.89,,0.036,7.553,,,2026-08-12 01:23:49
辽宁省,辽河流域,何家信子,2026-08-12 00:00,3,27.72,7.95,5.87,467.1,7.68,4.29,0.117,0.036,1.208,,,2026-08-12 01:23:49
辽宁省,辽河流域,高台子,2026-08-12 00:00,6,20.86,7.59,1.03,914.646,40.036,11.15,,0.113,6.528,,,2026-08-12 01:23:49
辽宁省,辽河流域,茧场,2026-08-12 00:00,1,28.74,8.37,7.5,272.8358,9.69852,1.93,0.006,0.012,3.09332,,,2026-08-12 01:23:49
辽宁省,辽河流域,大清河口,2026-08-12 00:00,4,29.35,8.82,14.7,482.21,15.12,6.38,0.174,0.074,3.687,,,2026-08-12 01:23:49
辽宁省,辽河流域,下口子,2026-08-12 00:00,2,22.23,7.82,6.97,479.9,13.13,2.19,0.034,0.055,8.997,,,2026-08-12 01:23:49
辽宁省,辽河流域,河洪桥,2026-08-12 00:00,3,28.8468,8.65,10.14,745.093,20.0535,5.11,0.021,0.112,5.177,,,2026-08-12 01:23:49
辽宁省,辽河流域,二道河水库口,2026-08-12 00:00,3,25.4477,7.81,5.14,391.812,2.87769,1.26,0.0005,0.007,3.387,,,2026-08-12 01:23:49
辽宁省,辽河流域,下王家,2026-08-12 00:00,2,26.7362,7.57,6.96,444.392,16.014,2.28,,0.033,4.747,,,2026-08-12 01:23:49
辽宁省,辽河流域,汤河桥,2026-08-12 01:00,2,28.69,7.72,7.78,485.1,6.09679,0.61,0.012,0.028,3.412,,,2026-08-12 01:23:49
辽宁省,辽河流域,下达河入汤河水库口,2026-08-12 00:00,4,25.1794,7.74,4.97,453.49,4.912,1.85,0.002,0.021,3.368,,,2026-08-12 01:23:49
辽宁省,辽河流域,胜利塘,2026-08-12 00:00,4,26.7,7.8,4.28,1047.87,32.57,7.2,0.061,0.118,1.514,,,2026-08-12 01:23:49
辽宁省,辽河流域,鲜峰桥,2026-08-12 01:00,3,28.81,8.52,,557.184,18.511,5.34,,0.089,6.886,,,2026-08-12 01:23:49
辽宁省,辽河流域,清辽,2026-08-12 01:00,2,24.335,7.93,9.33,478.7,5.9,2.58,,0.071,6.981,,,2026-08-12 01:23:49
辽宁省,辽河流域,通江口,2026-08-12 01:00,5,28.1,7.84,13.19,505.01,66.47,14.74,,0.167,3.353,,,2026-08-12 01:23:49
辽宁省,辽河流域,珠尔山,2026-08-12 01:00,4,26.75,7.81,8.19,463.05,117.35,6.82,,0.146,2.842,,,2026-08-12 01:23:49
辽宁省,辽河流域,凡河一号桥,2026-08-12 01:00,3,26.12,7.88,7.94,306.9,88.6,3.53,,0.107,5.4627,,,2026-08-12 01:23:49
辽宁省,辽河流域,松树水文站,2026-08-12 01:00,3,24.25,7.65,5.67,447.45,19.51,3.41,,0.052,8.49,,,2026-08-12 01:23:49
辽宁省,辽河流域,亮子河入河口,2026-08-12 00:00,3,27.57,7.79,5.88,544.1,22.91,4.35,,0.174,4.768,,,2026-08-12 01:23:49
辽宁省,辽河流域,清河水库入库口,2026-08-12 00:00,2,26.07,7.64,6.68,288.75,19.59,2.44,,0.074,5.474,,,2026-08-12 01:23:49
辽宁省,辽河流域,凌鸿大桥,2026-08-12 01:00,2,27.9,8.24,7.98,767.7,16.2,2.05,,0.034,11.063,,,2026-08-12 01:23:49
辽宁省,辽河流域,大凌河西支入河口,2026-08-12 01:00,2,22.34,8.06,6.7,965.32,22.087,2.62,,0.055,20.109,,,2026-08-12 01:23:49
辽宁省,辽河流域,李家湾大桥,2026-08-12 00:00,2,18.5,7.57,6.39,537.9,31.7,0.44,,0.037,4.095,,,2026-08-12 01:23:49
辽宁省,辽河流域,王家窝棚,2026-08-12 01:00,3,25.05,7.44,5.91,543,7.1,2.23,,0.096,5.228,,,2026-08-12 01:23:49
辽宁省,辽河流域,红石碑入海前,2026-08-12 00:00,3,28.77,8.6,21.61,1007.62,12.777,4.39,0.025,0.06,4.157,,,2026-08-12 01:23:49
辽宁省,辽河流域,小渔场,2026-08-12 00:00,5,26.75,7.41,2.49,19199.6,5.709,2.78,0.095,0.041,3.948,,,2026-08-12 01:23:49
吉林省,松花江流域,新立城大坝,2026-08-12 00:00,3,22.34,8.69,8.26,,161.6,5.1,0.035,0.045,,,,2026-08-12 01:23:49
吉林省,松花江流域,靠山南楼,2026-08-12 01:00,4,26.44,7.94,7.31,537.11,27.39,7.07,0.203,0.17,3.35,,,2026-08-12 01:23:49
吉林省,松花江流域,砖瓦窑桥,2026-08-12 00:00,4,19.95,7.94,7.67,391.88,134.02,7.69,,0.271,2.861,,,2026-08-12 01:23:49
吉林省,松花江流域,镇江口,2026-08-12 00:00,3,23.09,7.56,7.41,219,139.85,5.46,,0.171,4.467,,,2026-08-12 01:23:49
吉林省,松花江流域,饮马河大桥,2026-08-12 00:00,3,23.87,7.01,5.87,236.24,71.29,3.73,,0.088,3.057,,,2026-08-12 01:23:49
吉林省,松花江流域,白旗,2026-08-12 00:00,3,20.848,7.04,7.1,172.096,100.812,4.7,0.092,0.132,5.0668,,,2026-08-12 01:23:49
吉林省,松花江流域,白山大桥,2026-08-12 01:00,3,12.53,6.97,7.32,122.967,31.464,5.53,0.012,0.038,1.864,,,2026-08-12 01:23:49
吉林省,松花江流域,福兴,2026-08-12 00:00,3,25.9,8.05,9.89,297.407,29.509,4.66,0.071,0.076,3.857,,,2026-08-12 01:23:49
吉林省,松花江流域,桦树林,2026-08-12 01:00,4,18.27,7.1,7.02,133.064,47.435,6.31,0.003,0.074,2.325,0.07324,745472,2026-08-12 01:23:49
吉林省,松花江流域,官厅桥,2026-08-12 00:00,3,25.97,7.7,12.14,221,18.255,4.31,0.067,0.091,3.641,,,2026-08-12 01:23:49
吉林省,松花江流域,烟筒山,2026-08-12 00:00,3,24.81,7.35,5.4,320.986,29.858,3.48,0.032,0.074,3.614,,,2026-08-12 01:23:49
吉林省,辽河流域,四双大桥,2026-08-12 00:00,4,25.69,8.32,10.82,569.36,65.78,8.16,,0.135,1.608,,,2026-08-12 01:23:49
吉林省,辽河流域,城子上,2026-08-12 00:00,3,26.77,7.91,6.28,527.48,58.81,4.6,,0.077,2.278,,,2026-08-12 01:23:49
吉林省,辽河流域,六家子,2026-08-12 01:00,3,23.58,7.77,7.48,767.1,42.2,2.93,0.059,0.166,8.7951,,,2026-08-12 01:23:49
吉林省,辽河流域,林家,2026-08-12 01:00,4,26.7,7.95,8.41,1009.6,26.9,6.49,0.016,0.119,6.6,,,2026-08-12 01:23:49
吉林省,辽河流域,河清,2026-08-12 01:00,4,21.12,7.69,4.39,576.2,24.9,4.16,0.003,0.061,4.905,,,2026-08-12 01:23:49
吉林省,辽河流域,民主,2026-08-12 00:00,2,28.846,8.45,7.67,285.9,12.529,3.01,0.007,0.025,2.992,,,2026-08-12 01:23:49
吉林省,松花江流域,高集岗桥,2026-08-12 00:00,3,28.14,8.24,8.77,278.2,26.357,4.35,0.018,0.076,4.361,,,2026-08-12 01:23:49
吉林省,辽河流域,云峰,2026-08-12 01:00,4,19.07,7.12,4.57,133.302,29.9339,2.58,0.014,0.023,2.062,,,2026-08-12 01:23:49
吉林省,辽河流域,老虎哨,2026-08-12 01:00,2,22.893,7.39,6.61,113.487,16.9054,3.17,0.03,0.014,2.341,,,2026-08-12 01:23:49
吉林省,辽河流域,鸠谷,2026-08-12 01:00,2,17.8,7.63,8.76,129.8,17.9,2.31,0.04,0.055,1.134,,,2026-08-12 01:23:49
吉林省,辽河流域,葫芦套,2026-08-12 00:00,2,27.91,8.29,7.69,125.65,27.896,2.78,0.018,0.041,1.079,,,2026-08-12 01:23:49
吉林省,辽河流域,大阳岔,2026-08-12 00:00,2,10.69,7.92,7.41,300.702,2.859,0.54,0.001,0.015,1.58,,,2026-08-12 01:23:49
吉林省,松花江流域,松林,2026-08-12 01:00,3,24.63,6.82,7.78,200,49.05,5.16,0.194,0.14,3.626,,,2026-08-12 01:23:49
吉林省,松花江流域,白沙滩,2026-08-12 01:00,4,24.49,7.62,7.27,145.04,58.04,7.82,0.216,0.126,1.872,,,2026-08-12 01:23:49
吉林省,松花江流域,月亮湖下,2026-08-12 01:00,4,25.44,7.81,7.42,164.75,95.45,6.47,,0.124,1.663,,,2026-08-12 01:23:49
吉林省,松花江流域,崇善,2026-08-12 00:00,4,19.24,7.49,9.42,84.085,74.766,8.09,0.064,0.186,1.63,,,2026-08-12 01:23:49
吉林省,松花江流域,石井,2026-08-12 00:00,2,23.01,7.86,7.79,240.91,39.867,3.46,0.014,0.084,1.669,,,2026-08-12 01:23:49
吉林省,松花江流域,三家子,2026-08-12 00:00,4,20.92,7.42,8.44,102.462,70.23,6.38,0.038,0.07,1.339,,,2026-08-12 01:23:49
吉林省,松花江流域,建封路大桥,2026-08-12 00:00,2,15.42,7.8,9.04,204.02,17.778,1.2,0.022,0.065,0.761,,,2026-08-12 01:23:49
黑龙江省,松花江流域,苗家,2026-08-12 00:00,4,26.8,7.36,7.57,145.8,155.8,7.46,0.077,0.24,2.977,,,2026-08-12 01:23:49
黑龙江省,松花江流域,磨盘山水库出口,2026-08-12 01:00,4,25.95,8.65,11.36,66.087,6.599,6.31,0.021,0.043,2.052,0.0053,22400,2026-08-12 01:23:49
黑龙江省,松花江流域,朱顺屯,2026-08-12 00:00,4,31.2773,7.98,8.91,,13.806,6.21,0.067,0.174,3.45,,,2026-08-12 01:23:49
黑龙江省,松花江流域,阿什河口内,2026-08-12 00:00,4,25.265,7.03,3.62,449.24,42.15,5.19,0.418,0.206,3.346,,,2026-08-12 01:23:49
黑龙江省,松花江流域,呼兰河口内,2026-08-12 01:00,5,24.27,6.7,4.45,176.59,270.56,11.01,0.326,0.389,2.532,,,2026-08-12 01:23:49
黑龙江省,松花江流域,大顶子山,2026-08-12 00:00,4,27.2357,7.26,4.59,194.705,135.022,6.91,0.11,0.104,7.99,,,2026-08-12 01:23:49
黑龙江省,松花江流域,查哈阳乡,2026-08-12 01:00,4,22,7.53,8.19,98.3,48.1,6.01,0.017,0.054,0.564,,,2026-08-12 01:23:49
黑龙江省,松花江流域,音河水库,2026-08-12 01:00,4,23.92,7.42,6.14,211.71,241.47,6.33,,0.156,2.531,,,2026-08-12 01:23:49
黑龙江省,松花江流域,浏园,2026-08-12 00:00,4,23.91,7.3,6.4,152.3,127,8.4,,0.116,3.156,,,2026-08-12 01:23:49
黑龙江省,松花江流域,江桥,2026-08-12 01:00,4,24.84,7.74,7.39,159.468,102.904,6.54,,0.084,3.711,,,2026-08-12 01:23:49
黑龙江省,松花江流域,富源村,2026-08-12 01:00,5,23.44,7.43,7.55,98.51,32.16,10.78,0.007,0.089,1.043,,,2026-08-12 01:23:49
黑龙江省,松花江流域,858九队,2026-08-12 00:00,5,25.64,6.41,2.3,155.7,16.0442,12.94,0.028,0.159,2.9424,,,2026-08-12 01:23:49
黑龙江省,松花江流域,名山,2026-08-12 00:00,5,22.101,7.45,7.98,111.579,36.754,13.41,0.055,0.041,0.624,,,2026-08-12 01:23:49
黑龙江省,松花江流域,饶河上,2026-08-12 00:00,5,22.52,6.97,4.49,67.3,37.298,10.87,0.032,0.079,1.408,,,2026-08-12 01:23:49
黑龙江省,松花江流域,挠力河口内,2026-08-12 00:00,4,25.124,7.32,6.12,207.122,38.293,7.39,0.053,0.154,0.617,,,2026-08-12 01:23:49
黑龙江省,松花江流域,嫩江口内,2026-08-12 01:00,4,25.4,7.59,7.4,162.059,133.797,6.55,,0.128,2.071,,,2026-08-12 01:23:49
黑龙江省,松花江流域,友好,2026-08-12 00:00,6,21.53,7.09,8.3,90.222,10.38,16.19,0.024,0.065,1.233,,,2026-08-12 01:23:49
黑龙江省,松花江流域,嘉荫,2026-08-12 01:00,5,22.5,7.28,9.28,106.511,29.896,13.11,0.032,0.051,0.735,,,2026-08-12 01:23:49
黑龙江省,松花江流域,双河渠首,2026-08-12 01:00,4,20.82,6.8,7.88,123.2,47.4,7.33,0.014,0.098,3.077,,,2026-08-12 01:23:49
黑龙江省,松花江流域,海浪,2026-08-12 00:00,4,23.77,7.06,8.47,106.5,101.81,6.86,0.056,0.1,3.726,,,2026-08-12 01:23:49
黑龙江省,松花江流域,三道,2026-08-12 00:00,5,23.89,7.04,6.41,110.29,201.27,7.76,0.121,0.172,4.212,0.069336,32256,2026-08-12 01:23:49
黑龙江省,松花江流域,电视塔,2026-08-12 00:00,5,24.36,6.78,4.64,93.1,141.186,9.5,0.065,0.161,3.223,0.00279,13184,2026-08-12 01:23:49
黑龙江省,松花江流域,黑河下,2026-08-12 01:00,5,19.95,7.63,7.63,123.8318,39.5945,13.61,,0.082,0.485,,,2026-08-12 01:23:49
黑龙江省,松花江流域,呼玛上,2026-08-12 01:00,5,20.196,7.14,8.32,121.843,26.934,13.82,0.055,0.106,1.13,,,2026-08-12 01:23:49
黑龙江省,松花江流域,呼玛河口内,2026-08-12 01:00,4,18.79,7.31,10.54,64.583,4.7,6.33,0.021,0.026,0.215,,,2026-08-12 01:23:49
黑龙江省,松花江流域,加格达奇上,2026-08-12 01:00,4,15.88,6.83,8.58,60.97,18.7205,6.88,,0.027,0.312,,,2026-08-12 01:23:49
上海市,长江流域,富锦路桥,2026-08-12 01:00,5,28.5,7.43,2.27,358.6,31.3,3.8,0.437,0.195,2.327,,,2026-08-12 01:23:49
上海市,太湖流域,明星路桥,2026-08-12 00:00,4,26.97,6.75,3.37,248.0562,42.11359,4.78,0.242,0.288,3.00136,,,2026-08-12 01:23:49
上海市,太湖流域,临江,2026-08-12 01:00,4,28.33,7.36,3.96,380.09,42.98,4.21,0.244,0.174,2.404,,,2026-08-12 01:23:49
上海市,太湖流域,闵行西界,2026-08-12 01:00,4,28.17,7.02,4.37,317.97,39.83,4.09,0.225,0.2,2.34,,,2026-08-12 01:23:49
上海市,太湖流域,吴淞口,2026-08-12 01:00,3,29.01,7.67,5.16,390.89,49.958,3.5,0.138,0.166,2.253,,,2026-08-12 01:23:49
上海市,太湖流域,蕴川路桥,2026-08-12 01:00,5,27.73,7.22,2.09,354.35,44.15,3.84,0.588,0.221,2.945,,,2026-08-12 01:23:49
上海市,太湖流域,黄渡,2026-08-12 01:00,4,27.07,7.26,3.29,309,33.46,3.81,0.545,0.226,2.479,,,2026-08-12 01:23:49
上海市,太湖流域,三甲港,2026-08-12 01:00,4,28.07,7.47,4.78,323.8,80.91,4.19,0.699,0.253,2.377,,,2026-08-12 01:23:49
上海市,太湖流域,二团,2026-08-12 01:00,4,26.54,7.4,3.83,385.67,26.73,4.1,0.49,0.294,3.492,,,2026-08-12 01:23:49
上海市,太湖流域,横潦泾,2026-08-12 01:00,4,27.55,7.17,3.63,295.99,61.87,4.92,0.354,0.289,3.159,,,2026-08-12 01:23:49
上海市,太湖流域,斜塘口,2026-08-12 01:00,4,28.17,7.33,4.51,338.28,49.81,4.22,0.126,0.141,2.213,,,2026-08-12 01:23:49
上海市,太湖流域,急水港桥,2026-08-12 01:00,4,27.15,7.48,4.02,459.4,23.5,3.71,0.196,0.124,1.705,0.0033,2295612,2026-08-12 01:23:49
上海市,太湖流域,淀峰,2026-08-12 01:00,3,28.09,7.67,5.89,441.24,104.56,4.25,,0.173,1.541,,,2026-08-12 01:23:49
上海市,太湖流域,太浦河桥,2026-08-12 01:00,4,28.25,7.33,4.68,363.26,30.45,4.02,0.133,0.12,1.723,,,2026-08-12 01:23:49
上海市,太湖流域,钱桥,2026-08-12 01:00,5,26.8,7.27,3.04,371.3,39.1,4.89,0.263,0.306,2.763,,,2026-08-12 01:23:49
上海市,长江流域,七效港西桥,2026-08-12 01:00,3,24.49,6.84,6.46,648.18,158.1,5.92,0.624,0.193,2.155,,,2026-08-12 01:23:49
上海市,长江流域,五效,2026-08-12 01:00,3,27.64,7.59,6.36,358.37,37.87,3.86,0.73,0.158,2.161,,,2026-08-12 01:23:49
江苏省,长江流域,七桥瓮,2026-08-12 01:00,5,27.4,7.01,2.15,333.65,83.33,5.08,0.892,0.188,1.637,,,2026-08-12 01:23:49
江苏省,长江流域,节制闸,2026-08-12 00:00,5,26.71,7.27,2.97,322.78,121.52,6.66,0.893,0.188,2.887,,,2026-08-12 01:23:49
江苏省,长江流域,钱家渡,2026-08-12 00:00,3,28.94,7.81,5.96,274.97,49.34,3.81,0.049,0.088,0.885,,,2026-08-12 01:23:49
江苏省,太湖流域,锡东水厂,2026-08-12 01:00,4,26.98,8.08,6.97,410.26,84.17,3.1,0.065,0.072,1.022,0.00359,7437210,2026-08-12 01:23:49
江苏省,太湖流域,蠡桥,2026-08-12 00:00,4,27.06,7.35,4.53,397.51,20.22,1.96,0.793,0.137,4.629,,,2026-08-12 01:23:49
江苏省,太湖流域,百渎港桥,2026-08-12 00:00,6,27.93,7.07,1.73,347.3,65.45,4.17,0.298,0.261,3.755,,,2026-08-12 01:23:49
江苏省,太湖流域,殷村港桥,2026-08-12 01:00,5,27.39,6.91,2.81,274.64,66.74,5,0.463,0.251,3.257,,,2026-08-12 01:23:49
江苏省,太湖流域,拖山,2026-08-12 01:00,6,27.54,8.12,6.49,392.16,253.02,8.24,0.009,0.201,1.793,0.00924,2.264742,2026-08-12 01:23:49
江苏省,太湖流域,五里湖心,2026-08-12 01:00,5,27.78,7.87,7,429.37,27.93692,3.24,0.225,0.109,0.846,0.00332,9966654,2026-08-12 01:23:49
江苏省,太湖流域,金潼桥,2026-08-12 01:00,5,27.32,7.24,2.38,303.5,57.07,5,0.602,0.206,3.163,,,2026-08-12 01:23:49
江苏省,太湖流域,大港桥,2026-08-12 01:00,2,24.7,6.41,7.35,110.61,5.93,1.35,0.064,0.029,4.218,,,2026-08-12 01:23:49
江苏省,太湖流域,长济桥,2026-08-12 00:00,4,28.16,7.36,3.38,375.8,36.46,3.99,0.559,0.226,3.134,,,2026-08-12 01:23:49
江苏省,太湖流域,钓邾大桥,2026-08-12 00:00,3,27.57,7.4,5.03,455.98,27.64,3.47,0.682,0.159,3.238,,,2026-08-12 01:23:49
江苏省,长江流域,小湾,2026-08-12 01:00,3,29.47,7.83,5.49,293.78,97.52,1.72,0.061,0.077,1.759,,,2026-08-12 01:23:49
江苏省,淮河流域,港上桥,2026-08-12 00:00,6,27.82,7.25,0.13,481.1,1.16,4.34,0.093,0.046,2.49,,,2026-08-12 01:23:49
江苏省,淮河流域,李庄,2026-08-12 00:00,4,30.38,7.97,3.64,603,9.9,4.74,0.22,0.195,4.124,,,2026-08-12 01:23:49
江苏省,淮河流域,李集桥,2026-08-12 00:00,5,29.52,7.94,2.98,1398.51,3.84,5.22,0.075,0.057,0.834,,,2026-08-12 01:23:49
江苏省,淮河流域,华山闸,2026-08-12 00:00,3,29.38,8.33,5.07,1144.3,11.47,4.68,0.024,0.066,0.713,,,2026-08-12 01:23:49
江苏省,淮河流域,沙庄桥,2026-08-12 01:00,4,30.6,7.78,5.13,982.1,29,7.5,0.421,0.109,2.385,,,2026-08-12 01:23:49
江苏省,淮河流域,张楼,2026-08-12 00:00,4,29.656,7.68,4.83,1266.708,11.478,3.99,0.264,0.072,1.607,,,2026-08-12 01:23:49
江苏省,淮河流域,沙集西闸,2026-08-12 00:00,4,29.84,7.61,4.35,1206.75,32.74,4.22,0.21,0.114,1.138,,,2026-08-12 01:23:49
江苏省,淮河流域,艾山西大桥,2026-08-12 00:00,4,27.582,7.96,5,949.829,51.435,7.2,0.052,0.253,5.475,,,2026-08-12 01:23:49
江苏省,淮河流域,下楼公路桥,2026-08-12 00:00,5,28.31,7.16,2.94,1112.86,14.11,7.14,0.35,0.224,1.5766,,,2026-08-12 01:23:49
江苏省,长江流域,魏村,2026-08-12 01:00,3,29.16,7.58,5.57,296.16,28.93,1.62,0.03,0.087,1.809,,,2026-08-12 01:23:49
江苏省,太湖流域,姚巷桥,2026-08-12 01:00,4,27.96,7.25,3.71,348.08,27.22,3.8,0.52,0.273,4.56,,,2026-08-12 01:23:49
江苏省,太湖流域,黄埝桥,2026-08-12 00:00,4,26.71,7.07,3.35,305.1,28.87,5.47,1.312,0.288,3.992,,,2026-08-12 01:23:49
江苏省,太湖流域,落蓬湾,2026-08-12 00:00,3,29.63,7.61,5.59,282.2,27,4.4,0.27,0.074,1.181,,,2026-08-12 01:23:49
江苏省,太湖流域,九号桥,2026-08-12 00:00,6,27.32,7.21,1.93,370.1,45.1,3.38,0.748,0.197,3.141,,,2026-08-12 01:23:49
江苏省,太湖流域,胥湖心,2026-08-12 01:00,2,26.86,8.25,7.63,333.17,7.37,2.02,,,0.137,0.0007,60457.93,2026-08-12 01:23:49
江苏省,太湖流域,乌龟山南,2026-08-12 01:00,5,27.13,7.97,6.92,219.682,157.931,5.93,0.005,0.157,1.022,0.00359,3.590738,2026-08-12 01:23:49
江苏省,太湖流域,望亭上游,2026-08-12 00:00,4,27.25,7.41,4.93,327.57,12.63,3.23,0.432,0.121,2.495,,,2026-08-12 01:23:49
江苏省,太湖流域,千灯浦口,2026-08-12 01:00,5,26.47,7.04,2.6,363.256,38.797,3.56,0.315,0.148,1.7799,,,2026-08-12 01:23:49
江苏省,太湖流域,朱厍港口,2026-08-12 01:00,4,27,7.35,4.62,487,62.2,4.16,0.093,0.152,1.204,,,2026-08-12 01:23:49
江苏省,太湖流域,浏河闸,2026-08-12 01:00,5,27.24,7.39,2.9,359.053,53.87,4.98,0.352,0.275,2.3415,,,2026-08-12 01:23:49
江苏省,太湖流域,江边闸,2026-08-12 00:00,4,27.24,7.47,4.1,471.8,49.65,4.77,0.464,0.199,2.764,,,2026-08-12 01:23:49
江苏省,太湖流域,航管站,2026-08-12 01:00,4,28.43,7.31,3.43,388.71,30.68,3.37,0.459,0.136,2.535,,,2026-08-12 01:23:49
江苏省,太湖流域,越溪桥,2026-08-12 01:00,6,27.32,7.13,0.56,363.4,26.4,3,0.638,0.116,2.519,,,2026-08-12 01:23:49
江苏省,太湖流域,312国道桥,2026-08-12 00:00,4,27.83,7.8,4.9,424.17,23.27,2.72,0.13,0.068,1.101,,,2026-08-12 01:23:49
江苏省,太湖流域,赵屯,2026-08-12 01:00,5,26.95,7.16,2.92,362.401,34.421,3.5,0.338,0.207,2.4903,,,2026-08-12 01:23:49
江苏省,淮河流域,东安闸桥西,2026-08-12 01:00,4,27.74,7.53,4.84,1039.2,51.12,5.1,0.455,0.233,2.242,,,2026-08-12 01:23:49
江苏省,长江流域,九圩港桥,2026-08-12 01:00,4,28.33,7.61,4.13,417.8,26.03,2.83,0.347,0.167,1.456,,,2026-08-12 01:23:49
江苏省,长江流域,碾砣港闸,2026-08-12 00:00,6,27.61,7.5,2.38,545.3,46.36,5.05,0.992,0.401,3.341,,,2026-08-12 01:23:49
江苏省,长江流域,聚南大桥,2026-08-12 01:00,5,28.81,7.57,2.71,884.6,6.38,4.75,0.281,0.157,1.131,,,2026-08-12 01:23:49
江苏省,长江流域,大洋港桥,2026-08-12 00:00,4,27.74,7.86,4.85,503.8,29.1,2.11,,0.175,1.81,,,2026-08-12 01:23:49
江苏省,长江流域,塘芦港闸,2026-08-12 00:00,3,28.355,7.96,5.79,1308.89,17.739,4.13,0.271,0.193,1.478,,,2026-08-12 01:23:49
江苏省,淮河流域,小洋口,2026-08-12 00:00,5,25.54,7.61,5.45,1028,30.28,6.29,1.401,0.367,3.271,,,2026-08-12 01:23:49
江苏省,淮河流域,环东闸口,2026-08-12 00:00,5,28.03,7.49,2.84,881.9,47.1,6.8,1.11,0.3,3.058,,,2026-08-12 01:23:49
江苏省,淮河流域,北凌新闸,2026-08-12 00:00,6,26.58,7.47,1.33,1203.6,17.58,9.77,1.648,0.574,5.598,,,2026-08-12 01:23:49
江苏省,淮河流域,新浦大桥,2026-08-12 01:00,4,29.665,7.42,4.07,817.847,16.084,4.63,0.14,0.146,1.927,,,2026-08-12 01:23:49
江苏省,淮河流域,柴米河桥,2026-08-12 01:00,4,28.49,7.42,3.14,894.8,29.4,5.19,0.245,0.16,1.7159,,,2026-08-12 01:23:49
江苏省,淮河流域,善后河闸,2026-08-12 01:00,4,29.65,7.94,4.32,994.138,28.842,4.92,0.019,0.271,2.583,,,2026-08-12 01:23:49
江苏省,淮河流域,灌河大桥,2026-08-12 01:00,4,29.61,7.66,4.14,874.2,145.3,5.69,0.087,0.188,2.23,,,2026-08-12 01:23:49
江苏省,淮河流域,新村桥,2026-08-12 01:00,5,29.367,7.15,2.87,845.11,19.43,7.7,0.376,0.169,3.476,,,2026-08-12 01:23:49
江苏省,淮河流域,沭南闸,2026-08-12 01:00,4,29.04,7.71,3.96,607.87,1.38,6.51,0.139,0.09,3.701,,,2026-08-12 01:23:49
江苏省,淮河流域,袁闸,2026-08-12 01:00,4,25.45,7.64,4.78,704.06,82.86,4.84,0.096,0.116,1.078,,,2026-08-12 01:23:49
江苏省,淮河流域,墩尚水漫桥,2026-08-12 01:00,6,27.143,7.38,0.11,596.107,13.677,5.22,0.049,0.071,2.454,,,2026-08-12 01:23:49
江苏省,淮河流域,大浦闸,2026-08-12 01:00,4,28.956,7.45,4.54,1227.66,19.05,5.84,1.286,0.141,4.552,,,2026-08-12 01:23:49
江苏省,淮河流域,大板跳闸,2026-08-12 01:00,4,27.842,8.18,7.6,5832.36,12.42,6.3,0.174,0.052,7.927,,,2026-08-12 01:23:49
江苏省,淮河流域,海头大桥,2026-08-12 01:00,4,27.29,8.16,4.59,648.48,29.5,6.06,0.178,0.256,2.798,,,2026-08-12 01:23:49
江苏省,淮河流域,坝头桥,2026-08-12 01:00,3,29.259,7.93,5.79,440.91,10.73,4.73,0.105,0.058,0.952,,,2026-08-12 01:23:49
江苏省,淮河流域,郑园桥,2026-08-12 01:00,3,27.54,7.51,5.77,705.501,32.162,4.97,0.474,0.187,2.483,,,2026-08-12 01:23:49
江苏省,淮河流域,四队桥,2026-08-12 01:00,6,29.42,7.65,1.7,988.41,40.63,6.71,0.072,0.135,3.491,,,2026-08-12 01:23:49
江苏省,淮河流域,新浦二桥,2026-08-12 01:00,5,28.099,7.15,2.42,959.657,15.59,5.82,0.092,0.198,3.459,,,2026-08-12 01:23:49
江苏省,淮河流域,淮河大桥,2026-08-12 00:00,3,28.69,7.53,6.11,395.7,89.86,4.27,0.237,0.151,2.628,,,2026-08-12 01:23:49
江苏省,淮河流域,五叉河口,2026-08-12 00:00,2,29.67,7.94,6.37,901.137,29.104,3.39,0.085,0.061,2.063,,,2026-08-12 01:23:49
江苏省,淮河流域,戴楼衡阳,2026-08-12 00:00,3,27.36,7.68,6.25,417.86,153.58,5.08,0.326,0.126,2.027,0.02547,,2026-08-12 01:23:49
江苏省,淮河流域,总渠苏嘴,2026-08-12 01:00,4,24.54,7.51,4.7,458.53,166.23,4.28,0.144,0.118,2.079,,,2026-08-12 01:23:49
江苏省,淮河流域,唐曹,2026-08-12 00:00,5,26.31,7.15,2.23,546.2,61.13,5.17,0.82,0.207,1.857,,,2026-08-12 01:23:49
江苏省,淮河流域,新洋港闸,2026-08-12 01:00,4,29,7.6,3.04,795.79,24.69,5.92,0.147,0.168,1.916,,,2026-08-12 01:23:49
江苏省,淮河流域,富民桥,2026-08-12 01:00,5,27.35,7.37,4.13,1005.11,27.61,5.84,0.532,0.363,2.419,,,2026-08-12 01:23:49
江苏省,淮河流域,龙冈凤凰桥,2026-08-12 01:00,5,29.18,7.37,2.62,555.03,26.26,5.89,0.242,0.12,1.528,,,2026-08-12 01:23:49
江苏省,淮河流域,六垛闸,2026-08-12 01:00,4,28.896,7.48,4.19,591.36,182.51,4.36,0.074,0.179,1.769,,,2026-08-12 01:23:49
江苏省,淮河流域,泰东大桥,2026-08-12 01:00,4,27.51,7.43,3.14,394.4,7.53,3.46,0.413,0.145,1.89,,,2026-08-12 01:23:49
江苏省,淮河流域,城北大桥,2026-08-12 01:00,6,30.416,7.43,1.94,727.66,25.51,7.43,0.893,0.218,2.676,,,2026-08-12 01:23:49
江苏省,淮河流域,草堰大桥,2026-08-12 01:00,5,28.879,7.53,2.64,569.289,51.404,4.9,0.305,0.19,2.388,,,2026-08-12 01:23:49
江苏省,淮河流域,射阳河闸,2026-08-12 01:00,4,29.79,7.41,3.46,773.89,30.15,6.56,0.474,0.156,2.901,,,2026-08-12 01:23:49
江苏省,淮河流域,黄沙港闸,2026-08-12 01:00,4,29.65,7.5,3.82,729.56,22.44,7.98,0.28,0.2,1.841,,,2026-08-12 01:23:49
江苏省,淮河流域,斗龙港闸,2026-08-12 01:00,5,27.564,7.35,2.53,946.079,31.186,6.47,0.283,0.186,2.295,,,2026-08-12 01:23:49
江苏省,淮河流域,川东闸,2026-08-12 01:00,6,27.68,7.44,4.85,1188.66,24.08,6.53,0.497,0.401,2.909,,,2026-08-12 01:23:49
江苏省,淮河流域,王港闸,2026-08-12 01:00,5,27.7,7.46,2.61,1256.92,34.1,7.88,0.47,0.386,2.209,,,2026-08-12 01:23:49
江苏省,长江流域,三江营,2026-08-12 01:00,3,28.24,7.52,5.05,354.6,89,4.24,0.07,0.125,2.329,,,2026-08-12 01:23:49
江苏省,淮河流域,槐泗河口,2026-08-12 00:00,4,27.02,7.53,5.52,278.6,308.65,6.59,0.417,0.166,2.57,,,2026-08-12 01:23:49
江苏省,淮河流域,大运河船闸,2026-08-12 00:00,3,27.93,7.58,7.55,485.6,76.6,5.81,0.197,0.13,1.718,,,2026-08-12 01:23:49
江苏省,淮河流域,三垛西大桥,2026-08-12 01:00,4,27.33,7.08,3.1,509.2,31.7,6.23,0.792,0.221,3.52,,,2026-08-12 01:23:49
江苏省,淮河流域,江都西闸,2026-08-12 01:00,4,27.5,7.12,3.92,349.8,35.1,4.94,0.569,0.202,2.305,,,2026-08-12 01:23:49
江苏省,长江流域,冻青桥,2026-08-12 01:00,4,26.93,7.24,3,299.6,57.12,5.14,1.234,0.26,3.22,,,2026-08-12 01:23:49
江苏省,长江流域,小河口上游,2026-08-12 00:00,3,29.06,7.67,5.31,298.1,79.41,3.11,0.103,0.116,1.748,,,2026-08-12 01:23:49
江苏省,淮河流域,曹庄桥,2026-08-12 00:00,6,26.72,6.98,1.92,316,39.33,5.41,0.66,0.233,2.254,,,2026-08-12 01:23:49
江苏省,太湖流域,辛丰镇,2026-08-12 01:00,4,27.03,7.21,4.69,303.2,59.55,5.82,0.579,0.227,2.951,,,2026-08-12 01:23:49
江苏省,太湖流域,林家闸,2026-08-12 00:00,3,28.49,7.51,6.09,284.7,18.06,2.78,0.113,0.11,2.1483,,,2026-08-12 01:23:49
江苏省,太湖流域,新港桥,2026-08-12 01:00,4,26.5,7.14,3.84,211.4,55,3.5,0.28,0.124,2.294,,,2026-08-12 01:23:49
江苏省,太湖流域,吕城,2026-08-12 01:00,5,27.1,7.05,2.86,284.64,50.74,6.42,0.752,0.284,3.597,,,2026-08-12 01:23:49
江苏省,淮河流域,海陵大桥,2026-08-12 01:00,5,27.23,7.21,2.65,300.1,21.92,4.75,1.042,0.248,2.847,,,2026-08-12 01:23:49
江苏省,长江流域,马甸闸西,2026-08-12 01:00,4,27.08,7.33,3.57,309.1,42.39,3.59,0.908,0.23,2.381,,,2026-08-12 01:23:49
江苏省,长江流域,祥和大桥,2026-08-12 01:00,6,27.02,7.24,1.45,280.2,6.3,3.79,0.528,0.204,1.469,,,2026-08-12 01:23:49
江苏省,长江流域,新十圩港大桥,2026-08-12 01:00,2,29.34,7.07,8.38,,,,0.295,,3.056,,,2026-08-12 01:23:49
江苏省,长江流域,夏仕港大桥,2026-08-12 01:00,5,26.82,7.19,2.3,312.39,100.59,4.51,0.753,0.364,2.76,,,2026-08-12 01:23:49
江苏省,淮河流域,马陵翻水站,2026-08-12 00:00,3,28.71,8.25,5.6,903.43,36.3,4.11,0.161,0.083,1.436,,,2026-08-12 01:23:49
江苏省,淮河流域,临淮乡入湖口,2026-08-12 00:00,4,29.18,7.8,4.3,631.7,27.14,7.25,0.211,0.097,1.236,,,2026-08-12 01:23:49
江苏省,淮河流域,砖瓦厂,2026-08-12 00:00,4,28.08,7.97,3.48,806.4,30.9,5.64,0.324,0.23,1.647,,,2026-08-12 01:23:49
江苏省,淮河流域,顾勒大桥,2026-08-12 00:00,4,29.95,7.48,3.17,1036.39,50.25,5.04,0.351,0.197,2.234,,,2026-08-12 01:23:49
江苏省,淮河流域,团结闸,2026-08-12 00:00,4,28.49,8.56,6.36,1453.7,31.31,6.96,0.072,0.075,1,,,2026-08-12 01:23:49
江苏省,淮河流域,大屈,2026-08-12 00:00,4,29.75,7.51,3.89,693.28,29.225,6.98,0.735,0.194,2.004,,,2026-08-12 01:23:49
浙江省,浙闽片河流,小金山,2026-08-12 01:00,2,29.69,,7.38,117.554,3.228,1.75,0.003,0.016,0.7971,,,2026-08-12 01:23:49
浙江省,浙闽片河流,三潭岛,2026-08-12 00:00,2,29.01,,7.72,118.399,3.056,2.01,0.005,0.013,0.5856,,,2026-08-12 01:23:49
浙江省,浙闽片河流,千岛湖大坝前,2026-08-12 01:00,1,30.67,,8.38,128.908,2.962,1.68,0.014,0.01,0.6032,,,2026-08-12 01:23:49
浙江省,浙闽片河流,洋溪渡,2026-08-12 01:00,2,22.87,7.31,6.4,210.104,5.733,2.17,0.068,0.041,1.4186,,,2026-08-12 01:23:49
浙江省,浙闽片河流,浦阳江出口,2026-08-12 01:00,4,26.43,7.07,4.06,228,28.62,3.75,0.348,0.1,2.703,,,2026-08-12 01:23:49
浙江省,太湖流域,五杭运河大桥,2026-08-12 01:00,5,28.14,7.18,2.22,281.9,13.65,3.12,0.881,0.14,2.511,,,2026-08-12 01:23:49
浙江省,浙闽片河流,桐庐,2026-08-12 01:00,2,26.85,7.21,6.04,231.7,19.7,2.23,0.183,0.1,1.898,,,2026-08-12 01:23:49
浙江省,浙闽片河流,街口,2026-08-12 01:00,3,30.06,6.97,5.56,123.17,0.62,0.66,0.016,0.023,1.057,,,2026-08-12 01:23:49
浙江省,浙闽片河流,清林渡,2026-08-12 01:00,3,24.748,7.2,8.42,249.747,39.567,4.67,0.874,0.162,3.836,,,2026-08-12 01:23:49
浙江省,浙闽片河流,菁江渡,2026-08-12 01:00,4,26.81,6.85,3.74,201.6,26.8,6.5,0.657,0.196,3.635,,,2026-08-12 01:23:49
浙江省,浙闽片河流,梁桥,2026-08-12 01:00,3,24.08,6.61,6.95,77.18,46.51,2.56,0.054,0.182,2.593,,,2026-08-12 01:23:49
浙江省,浙闽片河流,龙湾,2026-08-12 01:00,2,25.34,8.53,6.16,1609,1479,2.27,0.117,0.083,1.192,,,2026-08-12 01:23:49
浙江省,浙闽片河流,大荆,2026-08-12 01:00,2,24.43,6.09,7.72,46.46,71.15,2.01,0.016,0.09,0.776,,,2026-08-12 01:23:49
浙江省,浙闽片河流,沙头,2026-08-12 01:00,2,25.02,6.71,7.5,33.793,21.731,1.58,0.072,0.062,0.6051,,,2026-08-12 01:23:49
浙江省,太湖流域,王江泾,2026-08-12 01:00,4,28.31,7.2,3.55,426.52,26.77,4.13,0.268,0.13,2.208,,,2026-08-12 01:23:49
浙江省,太湖流域,湘家荡,2026-08-12 01:00,4,27.15,7.26,3.56,453.99,26.54,3.26,0.063,0.179,1.551,,,2026-08-12 01:23:49
浙江省,太湖流域,池家浜水文站,2026-08-12 01:00,4,28.0912,6.98,4.61,357.73,28.3253,4.46,0.139,0.178,2.28,,,2026-08-12 01:23:49
浙江省,太湖流域,长山闸一号桥,2026-08-12 01:00,4,27.7659,7.05,3.08,315.44,44.5254,5.05,0.35,0.285,3.628,,,2026-08-12 01:23:49
浙江省,太湖流域,南台头闸一号桥,2026-08-12 01:00,4,27.45,7.06,3.62,347.4,54.09,4.57,0.307,0.235,3.316,,,2026-08-12 01:23:49
浙江省,太湖流域,上塘河排涝闸,2026-08-12 01:00,5,27.49,6.75,2.38,417.72,10.44,2.76,0.045,0.152,1.798,,,2026-08-12 01:23:49
浙江省,太湖流域,盐官排涝枢纽,2026-08-12 01:00,5,26.84,6.97,4.44,280,40.33,4.55,0.762,0.337,3.201,,,2026-08-12 01:23:49
浙江省,太湖流域,卫八路桥,2026-08-12 00:00,4,27.42,7.36,4.03,392.887,33.399,,,,,,,2026-08-12 01:23:49
浙江省,太湖流域,漕廊公路桥,2026-08-12 00:00,5,27.30566,6.92,2.03,246.6942,27.93034,4.7,0.446,0.291,2.8114,,,2026-08-12 01:23:49
浙江省,太湖流域,朱枫公路桥,2026-08-12 01:00,4,27.19,7.05,3.01,337.04,30.74,3.29,0.366,0.149,2.267,,,2026-08-12 01:23:49
浙江省,太湖流域,枫南大桥,2026-08-12 01:00,5,27.4113,7.11,2.68,345.02,149.4062,3.88,0.228,0.19,2.262,,,2026-08-12 01:23:49
浙江省,太湖流域,青阳汇,2026-08-12 01:00,6,26.7,6.95,1.81,304.9,31.4,4.22,0.098,0.251,2.924,,,2026-08-12 01:23:49
浙江省,太湖流域,小新村,2026-08-12 01:00,5,26.87,6.98,2.6,298.1,35.11,5.09,0.408,0.264,2.892,,,2026-08-12 01:23:49
浙江省,太湖流域,新港口,2026-08-12 00:00,3,26.07,7.18,5.89,145.94,151.56,4.24,0.431,0.108,3.993,0.06826,,2026-08-12 01:23:49
浙江省,太湖流域,大钱,2026-08-12 00:00,4,28.24,7.36,3.53,374.7891,122.4083,5.61,0.573,0.18,2.51747,,,2026-08-12 01:23:49
浙江省,太湖流域,南浔,2026-08-12 01:00,4,28.09,7.23,3.79,385.9,78.5,5.04,0.639,0.201,3.289,,,2026-08-12 01:23:49
浙江省,太湖流域,汤溇,2026-08-12 00:00,5,28.37,7.08,2.29,337.4038,37.2893,4.67,0.514,0.123,2.5418,,,2026-08-12 01:23:49
浙江省,太湖流域,塘浦,2026-08-12 01:00,2,24.98,6.5,7.61,115.21,148.27,2.36,0.101,0.067,1.846,,,2026-08-12 01:23:49
浙江省,太湖流域,荆湾,2026-08-12 01:00,4,25.77,6.11,3.82,127.59,63.73,2.04,0.044,0.077,2.56,,,2026-08-12 01:23:49
浙江省,太湖流域,铁路桥,2026-08-12 01:00,3,26.17,6.22,5.28,133.37,125.43,4.83,0.034,,5.739,,,2026-08-12 01:23:49
浙江省,太湖流域,小梅口,2026-08-12 01:00,4,26.28,6.79,4.02,155.6,232.8,4.54,0.059,0.134,3.872,,,2026-08-12 01:23:49
浙江省,太湖流域,杨家浦,2026-08-12 01:00,4,26.96865,7.21,4.76,192.3972,100.2,3.82,0.196,0.18,3.444686,,,2026-08-12 01:23:49
浙江省,太湖流域,新塘,2026-08-12 01:00,4,26.91,6.97,4.17,209.1,111.1,5.1,0.458,0.142,3.288,,,2026-08-12 01:23:49
浙江省,太湖流域,合溪,2026-08-12 01:00,2,26.08,7.4,7.25,204.2,234.4,3.32,0.119,0.046,2.769,,,2026-08-12 01:23:49
浙江省,浙闽片河流,曹娥江大闸闸前,2026-08-12 01:00,3,26.473,7.32,8.18,165.953,194.267,4.87,0.237,0.2,4.167,,,2026-08-12 01:23:49
浙江省,浙闽片河流,葛山头,2026-08-12 00:00,4,26.71,6.62,4.01,193.11,54.35,2.79,0.142,0.092,3.549,,,2026-08-12 01:23:49
浙江省,浙闽片河流,湄池,2026-08-12 01:00,4,26.96,6.9,3.91,199.34,55.19,4.74,0.203,0.176,2.695,,,2026-08-12 01:23:49
浙江省,浙闽片河流,王家泾,2026-08-12 01:00,5,27.39,6.49,2.81,151.29,23.46,3.79,0.291,0.132,3.124,,,2026-08-12 01:23:49
浙江省,浙闽片河流,汤曹汇合口,2026-08-12 01:00,4,25.44,6.74,6.96,122.77,125.98,3.98,0.146,0.224,4.836,,,2026-08-12 01:23:49
浙江省,浙闽片河流,义东桥,2026-08-12 01:00,5,26.613,6.86,2.35,188.898,24.049,3.75,0.374,0.163,3.106,,,2026-08-12 01:23:49
浙江省,浙闽片河流,东关桥,2026-08-12 01:00,4,27.368,6.9,4.73,231.449,19.84,4.84,0.444,0.17,3.451,,,2026-08-12 01:23:49
浙江省,浙闽片河流,费垅,2026-08-12 01:00,3,26.75,7.07,7.03,204.27,45.887,4.67,0.466,0.174,2.8342,,,2026-08-12 01:23:49
浙江省,浙闽片河流,台口,2026-08-12 01:00,2,25.06,7.47,7.68,112.427,23.219,2.36,,,1.7942,,,2026-08-12 01:23:49
浙江省,浙闽片河流,南江桥,2026-08-12 01:00,3,26.93,7.42,6.1,193.125,20.492,4.01,0.126,0.141,2.2423,,,2026-08-12 01:23:49
浙江省,浙闽片河流,横山,2026-08-12 01:00,2,26.87,7.3,6.31,135.186,46.485,2.67,0.216,0.076,1.2305,,,2026-08-12 01:23:49
浙江省,浙闽片河流,章店,2026-08-12 01:00,6,25.11,5.56,7.13,,0.605,6.36,0.577,0.271,2.9947,,,2026-08-12 01:23:49
浙江省,浙闽片河流,浮石渡,2026-08-12 01:00,2,27.14,7.04,6.16,137.97,23.89,1.93,0.195,0.076,2.267,,,2026-08-12 01:23:49
浙江省,浙闽片河流,双港口,2026-08-12 01:00,3,26.42,6.73,6.72,92.22,65.62,2.86,0.248,0.114,1.747,,,2026-08-12 01:23:49
浙江省,浙闽片河流,郑家,2026-08-12 01:00,2,24.82,6.25,7.93,67.32,63.68,2.26,0.033,,2.671,,,2026-08-12 01:23:49
浙江省,浙闽片河流,下界首,2026-08-12 01:00,3,27.48,7.49,5.99,155.431,11.96,1.44,0.038,0.031,1.568,,,2026-08-12 01:23:49
浙江省,浙闽片河流,下童,2026-08-12 01:00,2,24.61,6.66,7.16,103.9,40,2.22,0.155,0.068,1.447,,,2026-08-12 01:23:49
浙江省,浙闽片河流,东迹渡,2026-08-12 01:00,4,24.59,6.88,4.87,57.43,10.03,1.05,0.052,0.041,1.186,,,2026-08-12 01:23:49
浙江省,长江流域,苏庄,2026-08-12 00:00,2,27.32446,7.46,7.61,62.77489,6.82908,1.58,0.005,0.031,0.57125,,,2026-08-12 01:23:49
浙江省,浙闽片河流,长潭水库坝口,2026-08-12 00:00,2,27.932,7.31,7.13,46.75,17.954,1.78,0.016,0.012,0.452,,,2026-08-12 01:23:49
浙江省,浙闽片河流,里石门水库,2026-08-12 01:00,2,27.32,7.32,6.78,62.749,20.301,3.21,0.052,0.022,1.4032,0.00301,294858.9,2026-08-12 01:23:49
浙江省,浙闽片河流,温峤,2026-08-12 00:00,5,26.167,6.99,2.59,195.665,68.867,2.96,0.296,0.18,2.946,,,2026-08-12 01:23:49
浙江省,浙闽片河流,均溪,2026-08-12 01:00,2,25.69,6.4,6.07,50.56,11.23,1.71,0.035,0.017,0.835,,,2026-08-12 01:23:49
浙江省,浙闽片河流,风化,2026-08-12 01:00,2,25.05,6.91,7.52,74.48,76.54,2.43,0.093,0.098,1.794,,,2026-08-12 01:23:49
浙江省,浙闽片河流,堰后,2026-08-12 01:00,2,24.75,7.05,8.15,73.07,33.36,2.39,0.127,0.06,1.946,,,2026-08-12 01:23:49
浙江省,浙闽片河流,沙湾上,2026-08-12 01:00,1,23.21,7.12,8.19,26.353,7.12,1.85,0.131,0.013,0.3696,,,2026-08-12 01:23:49
浙江省,浙闽片河流,小溪口,2026-08-12 01:00,2,24.45,6.86,6.88,32.977,14.875,1.57,,0.017,0.5989,,,2026-08-12 01:23:49
安徽省,巢湖流域,三胜大队渡口,2026-08-12 00:00,4,28.65,7.56,4.74,364.962,43.81,4.44,0.28,0.098,1.0178,,,2026-08-12 01:23:49
安徽省,巢湖流域,兆河入湖口渡口,2026-08-12 01:00,4,28.14,7.05,4.91,302.125,82.1074,5.91,0.599,0.122,2.5075,,,2026-08-12 01:23:49
安徽省,巢湖流域,牛角大圩,2026-08-12 01:00,6,28.17,5.94,4.42,328.958,56.2379,4.64,0.654,0.141,2.376,,,2026-08-12 01:23:49
安徽省,巢湖流域,希望桥,2026-08-12 01:00,5,27.2,7.2,2.62,283.8,25.8,2.75,1.151,0.129,4.609,,,2026-08-12 01:23:49
安徽省,巢湖流域,石堆渡口,2026-08-12 00:00,4,27.4,6.86,4.09,203.6302,77.0627,5.39,0.427,0.136,2.278,,,2026-08-12 01:23:49
安徽省,巢湖流域,柘皋大桥,2026-08-12 00:00,4,26.94,6.85,3.08,274.7382,82.5043,6.57,0.327,0.143,1.7793,,,2026-08-12 01:23:49
安徽省,巢湖流域,湖滨,2026-08-12 01:00,6,27.91,7.89,5.4,344.03,40,5.06,0.081,0.218,2.407,0.00665,2932049,2026-08-12 01:23:49
安徽省,巢湖流域,黄麓,2026-08-12 01:00,5,28.33,7.6,5.85,333.22,79.419,5.36,0.304,0.134,1.042,0.00481,1380644,2026-08-12 01:23:49
安徽省,巢湖流域,三河镇大桥,2026-08-12 00:00,4,26.49,6.91,3.11,157.8,237.88,5.86,0.321,0.252,2.723,,,2026-08-12 01:23:49
安徽省,巢湖流域,三河镇新大桥,2026-08-12 00:00,5,26.37,7.65,7.96,,0.9,4.69,1.785,,3.981,,,2026-08-12 01:23:49
安徽省,巢湖流域,施口,2026-08-12 00:00,6,27.81,7.12,1.71,412.2767,31.7884,5.51,2.273,0.222,6.489,,,2026-08-12 01:23:49
安徽省,巢湖流域,靠近大坝,2026-08-12 01:00,3,28.81,8.06,5.96,178.94,9.73,3.76,0.064,0.02,0.391,0.00233,4305639,2026-08-12 01:23:49
安徽省,巢湖流域,新河入湖区,2026-08-12 01:00,6,26.88,6.79,3.9,179.25,138.99,8.66,0.259,0.255,1.575,0.00426,5.893946,2026-08-12 01:23:49
安徽省,巢湖流域,西半湖湖心,2026-08-12 01:00,6,28.04,7.67,5.94,301.27,158.72,6.51,0.064,0.248,0.901,0.0045,1.136966,2026-08-12 01:23:49
安徽省,巢湖流域,龟山,2026-08-12 01:00,4,28.3,8.02,7,371.64,47.66,3.22,0.281,0.076,0.982,0.00526,1.33381,2026-08-12 01:23:49
安徽省,巢湖流域,东半湖湖心,2026-08-12 01:00,5,28.532,7.74,5.72,271.092,44.337,5.25,0.255,0.13,1.098,0.00467,1.071811,2026-08-12 01:23:49
安徽省,巢湖流域,忠庙,2026-08-12 01:00,5,27.3,7.86,5.42,267.45,153.11,6.49,0.085,0.185,1.101,0.02101,2.880091,2026-08-12 01:23:49
安徽省,巢湖流域,双桥河入湖口,2026-08-12 00:00,4,27.32,7.39,3.16,391.9767,39.0192,3.17,0.85,0.14,3.0662,,,2026-08-12 01:23:49
安徽省,巢湖流域,繁华大道桥,2026-08-12 00:00,5,27.92,7.09,2.49,389.4592,33.4867,6.26,1.166,0.227,3.77,,,2026-08-12 01:23:49
安徽省,长江流域,东西梁山,2026-08-12 00:00,2,29.61,7.94,6.09,294.1197,37.2503,1.24,0.246,0.074,1.6133,,,2026-08-12 01:23:49
安徽省,长江流域,宝塔根,2026-08-12 00:00,2,27.2,7.23,6.28,121.4992,36.4609,1.98,0.15,0.052,1.3193,,,2026-08-12 01:23:49
安徽省,巢湖流域,裕溪口,2026-08-12 00:00,4,28.52,7.5,4.96,366.5251,86.2982,4.11,0.41,0.097,1.5207,,,2026-08-12 01:23:49
安徽省,长江流域,荻港,2026-08-12 00:00,3,26.12,7.57,6.11,274.4,73.0166,3.76,0.339,0.171,2.3008,,,2026-08-12 01:23:49
安徽省,长江流域,澛港桥,2026-08-12 00:00,3,27.9,7.3,5.32,147.8434,23.4252,2.67,0.215,0.072,1.514,,,2026-08-12 01:23:49
安徽省,长江流域,西河入裕溪河口,2026-08-12 00:00,4,27.92,7.25,4.03,304.7506,92.5223,4.35,0.704,0.122,2.0426,,,2026-08-12 01:23:49
安徽省,淮河流域,五河,2026-08-12 00:00,3,28.28,8.77,8.01,,,5.46,0.209,0.098,2.56538,,,2026-08-12 01:23:49
安徽省,淮河流域,蚌埠固镇,2026-08-12 00:00,4,29.44,8.05,4.76,1827.955,33.55,5.3,0.253,0.152,1.2287,,,2026-08-12 01:23:49
安徽省,淮河流域,蚌埠闸上,2026-08-12 01:00,4,27.71,7.53,4.44,563.29,48.85,5.18,0.153,0.28,0.707,,,2026-08-12 01:23:49
安徽省,淮河流域,湖沟,2026-08-12 00:00,6,28.99138,7.95,1.21,1662.612,32.71589,5.39,0.132,0.105,0.62582,,,2026-08-12 01:23:49
安徽省,淮河流域,石头埠,2026-08-12 00:00,4,29.47,7.68,4.96,474.3188,70.37474,2.87,0.081,0.094,2.20884,,,2026-08-12 01:23:49
安徽省,淮河流域,鲁台孜,2026-08-12 00:00,3,28.98,7.59,5.88,446.0913,114.8591,3.5,0.109,0.105,1.89195,,,2026-08-12 01:23:49
安徽省,淮河流域,西淝河闸下,2026-08-12 00:00,4,29.44672,7.5,3.45,794.9466,9.90417,5.39,0.194,0.083,1.48233,,,2026-08-12 01:23:49
安徽省,淮河流域,新城口,2026-08-12 00:00,4,30.16574,7.68,4.17,643.0975,63.11597,2.96,0.008,0.112,2.47902,,,2026-08-12 01:23:49
安徽省,淮河流域,焦岗湖,2026-08-12 01:00,3,27.3,8.18,6.22,455.59,25.19,4.87,0.114,0.04,0.572,0.0058,1.134334,2026-08-12 01:23:49
安徽省,淮河流域,大店岗,2026-08-12 00:00,3,28.07,6.44,5.2,117.5519,84.40349,4.07,0.128,0.099,3.0729,,,2026-08-12 01:23:49
安徽省,淮河流域,五里闸,2026-08-12 00:00,4,28.81,7.41,4.5,314.4138,20.21935,5.01,0.105,0.052,0.98206,,,2026-08-12 01:23:49
安徽省,长江流域,三兴村,2026-08-12 00:00,2,29.14,7.68,6.2,305.304,38.91845,2.43,0.045,0.059,1.908,,,2026-08-12 01:23:49
安徽省,长江流域,得胜河入江口,2026-08-12 00:00,4,27.4808,7.27,3.45,332,23.8451,6.87,0.513,0.178,1.8716,,,2026-08-12 01:23:49
安徽省,长江流域,姑溪河大桥,2026-08-12 00:00,2,28.532,7.2,6.08,269.7276,32.0954,4,0.14,0.075,1.238,,,2026-08-12 01:23:49
安徽省,长江流域,当涂查湾,2026-08-12 00:00,3,28.42,7.13,5.28,216.2889,32.4128,3.74,0.054,0.079,2.342,,,2026-08-12 01:23:49
安徽省,长江流域,雨山河下游,2026-08-12 00:00,4,27.9137,7.19,3.8,678.0503,15.3538,4.04,0.86,0.17,4.593,,,2026-08-12 01:23:49
安徽省,淮河流域,小王桥,2026-08-12 01:00,6,30.02,7.85,0.28,1414.08,18.57,6.22,0.848,0.149,2.268,,,2026-08-12 01:23:49
安徽省,淮河流域,后常桥,2026-08-12 00:00,5,29.36882,7.92,2.05,1244.199,38.66831,5.55,0.729,0.177,2.78464,,,2026-08-12 01:23:49
安徽省,淮河流域,李大桥闸,2026-08-12 00:00,6,27.92,7.64,1,1378.81,37.003,9.83,0.206,0.118,1.0247,,,2026-08-12 01:23:49
安徽省,长江流域,顺安河入江口,2026-08-12 00:00,2,26.67566,7.17,6.58,548.8435,24.59128,3.28,0.266,0.055,1.62357,,,2026-08-12 01:23:49
安徽省,长江流域,陈家墩,2026-08-12 00:00,2,29.43,7.93,7.28,314.3499,65.18579,1.63,0.057,0.064,1.93443,,,2026-08-12 01:23:49
安徽省,长江流域,枞阳大闸,2026-08-12 00:00,3,28.67,7.99,7,159.3784,60.30996,4.61,0.002,0.061,1.1236,,,2026-08-12 01:23:49
安徽省,长江流域,武昌湖,2026-08-12 00:00,3,28.97,7.87,6.55,174.6269,29.56557,4.08,0.004,0.04,0.582,0.03724,8917177,2026-08-12 01:23:49
安徽省,长江流域,前江口,2026-08-12 00:00,2,29.58302,7.88,6.75,326.6261,21.07158,1.85,0.077,0.053,2.38858,,,2026-08-12 01:23:49
安徽省,长江流域,花亭湖坝前,2026-08-12 00:00,2,30.75245,,7.71,88.06653,1.9793,2.42,0.005,0.015,0.4214,0.00441,431898.7,2026-08-12 01:23:49
安徽省,长江流域,华阳河入江口,2026-08-12 00:00,3,29.66,7.75,6.31,318.8474,10.4608,4.34,0.159,0.048,0.92445,,,2026-08-12 01:23:49
安徽省,长江流域,水厂取水口,2026-08-12 00:00,2,26.42,7.13,7.38,88.01654,14.66497,2.08,0.025,0.053,1.30371,,,2026-08-12 01:23:49
安徽省,长江流域,车轴寺大桥,2026-08-12 00:00,2,26.87,7,7.51,72.62534,23.27376,2.62,0.036,0.065,2.07989,,,2026-08-12 01:23:49
安徽省,浙闽片河流,篁墩,2026-08-12 00:00,2,28.15264,7.08,6.13,120.1244,28.30159,1.66,0.026,0.052,1.19268,,,2026-08-12 01:23:49
安徽省,浙闽片河流,率水大桥,2026-08-12 00:00,2,26.76807,6.72,9.11,67.17913,14.47363,3.15,0.017,0.066,1.26708,,,2026-08-12 01:23:49
安徽省,浙闽片河流,横江大桥,2026-08-12 00:00,2,29.00222,8.1,8.75,269.3027,20.95103,3.59,0.057,0.051,0.88183,,,2026-08-12 01:23:49
安徽省,浙闽片河流,浦口,2026-08-12 00:00,3,27.74,7.49,6.25,212.8105,30.50889,2.45,0.074,0.101,1.79037,,,2026-08-12 01:23:49
安徽省,长江流域,太平湖湖心,2026-08-12 01:00,2,29,8.8,6.63,97,4.72,2.44,0.0002,0.013,0.497,0.00516,1.110436,2026-08-12 01:23:49
安徽省,浙闽片河流,新管,2026-08-12 00:00,2,25.85187,7.77,8.1,186.6634,11.78527,1.43,0.002,0.074,1.98445,,,2026-08-12 01:23:49
安徽省,淮河流域,天长化工厂,2026-08-12 00:00,5,27.19,6.89,2.83,243.6746,206.58,7.15,0.46,0.185,2.9216,,,2026-08-12 01:23:49
安徽省,淮河流域,公路桥,2026-08-12 00:00,4,27.08,7.12,5.98,283.1162,149.3231,6.63,0.566,0.23,0.801,,,2026-08-12 01:23:49
安徽省,淮河流域,小柳巷,2026-08-12 00:00,4,28.7,7.89,6.52,,0.251,3.97,0.065,0.201,1.756,,,2026-08-12 01:23:49
安徽省,长江流域,水口,2026-08-12 00:00,6,27.23,7.24,4.51,322.9608,786.9709,8.58,1.546,1.207,8.6333,,,2026-08-12 01:23:49
安徽省,长江流域,乌衣下,2026-08-12 00:00,4,27.18,7.1,4.28,263.709,258.7692,7.85,1.033,0.23,0.886,,,2026-08-12 01:23:49
安徽省,长江流域,襄河大桥,2026-08-12 00:00,4,27.22,7.11,4.72,507.6377,162.6415,6.99,0.7,0.201,1.095,,,2026-08-12 01:23:49
安徽省,淮河流域,阜阳段下,2026-08-12 00:00,5,30.28928,7.56,2.91,721.3036,176.3279,,,0.16,5.13455,,,2026-08-12 01:23:49
安徽省,淮河流域,杨湖,2026-08-12 00:00,4,30.35078,7.47,4.9,705.1922,261.8091,4.39,0.254,0.189,1.10972,,,2026-08-12 01:23:49
安徽省,淮河流域,张大桥,2026-08-12 00:00,3,29,8.04,5.37,1082.35,27.38,4,0.457,0.131,2.6983,,,2026-08-12 01:23:49
安徽省,淮河流域,王家坝,2026-08-12 00:00,3,29.303,7.68,6.48,453.3,39.178,4.13,0.232,0.155,2.441,,,2026-08-12 01:23:49
安徽省,淮河流域,界首七渡口,2026-08-12 00:00,6,28.39,7.54,6.63,664.4,118.79,5.31,0.774,0.421,2.592,,,2026-08-12 01:23:49
安徽省,淮河流域,阜南,2026-08-12 00:00,4,28.58,7.66,3.52,631.6956,5.54062,5.55,0.019,0.126,1.0758,,,2026-08-12 01:23:49
安徽省,淮河流域,阜阳段上游,2026-08-12 00:00,5,29.32594,7.41,2.45,660.8521,102.4506,3.16,0.088,0.125,4.12317,,,2026-08-12 01:23:49
安徽省,淮河流域,奎河苏皖省界,2026-08-12 00:00,4,28.16,7.06,4.38,998.3,38,5.92,0.476,0.188,5.162,,,2026-08-12 01:23:49
安徽省,淮河流域,东坪集,2026-08-12 00:00,4,29.33,7.99,3.61,1357.811,40.1791,5.04,0.255,0.093,2.03224,,,2026-08-12 01:23:49
安徽省,淮河流域,符离闸,2026-08-12 00:00,5,29.18234,7.62,2.28,813.8654,2.5794,4.78,0.66,0.232,2.39476,,,2026-08-12 01:23:49
安徽省,淮河流域,芦岭桥,2026-08-12 00:00,5,29.25,7.92,2.58,1247.418,5.9,4.54,0.312,0.057,0.9421,,,2026-08-12 01:23:49
安徽省,淮河流域,工农兵大桥,2026-08-12 00:00,4,26.91557,7.2,4.68,263.6387,29.07531,3.9,0.164,0.065,1.049,,,2026-08-12 01:23:49
安徽省,淮河流域,陶洪集,2026-08-12 00:00,2,25.9125,7.23,7.81,81.29731,57.208,2.77,0.088,0.061,2.73505,,,2026-08-12 01:23:49
安徽省,淮河流域,东湖闸,2026-08-12 00:00,3,26.96,7.37,5.54,256.982,51.7682,4.44,0.183,0.184,1.1893,,,2026-08-12 01:23:49
安徽省,淮河流域,新安渡口,2026-08-12 00:00,2,25.97,7.33,8.29,93.67937,38.93251,2.59,0.096,0.058,1.5364,,,2026-08-12 01:23:49
安徽省,淮河流域,响洪甸水库出水口,2026-08-12 00:00,4,20.21,6.87,4.8,79.94037,2.02864,2.5,0.005,0.009,1.20753,,,2026-08-12 01:23:49
安徽省,淮河流域,丁埠大桥,2026-08-12 00:00,2,26.45417,7.56,8.89,100.0397,41.24338,3.57,0.001,0.077,0.966,,,2026-08-12 01:23:49
安徽省,淮河流域,固始李畈,2026-08-12 00:00,3,25.62,6.35,6.51,82.65612,38.31336,4.2,0.001,0.131,3.2531,,,2026-08-12 01:23:49
安徽省,淮河流域,涡阳义门大桥,2026-08-12 00:00,5,29.62,7.56,2.61,1146.609,27.8104,3.9,0.306,0.094,2.7993,,,2026-08-12 01:23:49
安徽省,淮河流域,利辛段,2026-08-12 00:00,3,29.76,7.64,6.2,819.97,9.32,5.13,0.204,0.088,1.105,,,2026-08-12 01:23:49
安徽省,长江流域,五步沟,2026-08-12 00:00,2,29.77,7.87,6.58,300.1188,21.88358,1.44,0.041,0.053,1.93674,,,2026-08-12 01:23:49
安徽省,长江流域,张溪,2026-08-12 00:00,2,27.27,7.55,9.24,224.8928,18.05422,1.77,,0.024,1.21658,,,2026-08-12 01:23:49
安徽省,长江流域,青通河河口,2026-08-12 00:00,4,27.7596,7.22,3.48,250.8316,16.87066,2.34,0.112,0.051,1.62137,,,2026-08-12 01:23:49
安徽省,长江流域,秋浦河入江口,2026-08-12 00:00,3,29.5248,7.7,5.25,244.5028,20.72335,1.59,0.095,0.038,1.6603,,,2026-08-12 01:23:49
安徽省,长江流域,东流,2026-08-12 00:00,3,28.43,7.23,5.43,142.3459,30.00403,2.25,0.149,0.044,1.53653,,,2026-08-12 01:23:49
安徽省,长江流域,南漪湖西湖湖心,2026-08-12 01:00,5,28.03,7.63,6.75,211.44,101.06,5.04,,0.148,0.922,0.00623,7964182,2026-08-12 01:23:49
安徽省,太湖流域,殷桥,2026-08-12 00:00,4,27.51561,7.16,3.02,265.8235,21.24231,7.45,0.085,0.117,2.19193,,,2026-08-12 01:23:49
安徽省,长江流域,泾南交界,2026-08-12 00:00,2,25.67,7.37,7.16,128.9557,20.7324,3.28,0.003,0.082,1.406,,,2026-08-12 01:23:49
安徽省,长江流域,汪溪,2026-08-12 00:00,2,24.43,7.58,7.62,187.0671,43.271,1.75,0.076,0.073,1.9578,,,2026-08-12 01:23:49
安徽省,长江流域,东村桥,2026-08-12 00:00,3,26.23042,7.45,7.15,233.1248,187.1346,5.57,0.005,0.118,2.2668,,,2026-08-12 01:23:49
安徽省,长江流域,旌泾交界,2026-08-12 00:00,3,26.63,7.35,6.62,134.646,14.075,3.6,0.026,0.101,1.307,,,2026-08-12 01:23:49
安徽省,长江流域,水碧桥,2026-08-12 00:00,2,24.96,7.23,6.66,152.6853,62.20715,2.9,0.007,0.076,2.15483,,,2026-08-12 01:23:49
福建省,浙闽片河流,闽侯竹岐,2026-08-12 00:00,3,30.03,6.96,5.55,101.7,1.79,2,0.027,0.034,1.149,,,2026-08-12 01:23:49
福建省,浙闽片河流,闽安,2026-08-12 01:00,3,30.68,7.71,6.13,6854.24,224.8,3.54,0.206,0.101,2.136,,,2026-08-12 01:23:49
福建省,浙闽片河流,连江荷山渡口,2026-08-12 01:00,3,30.083,7.25,6.34,101.91,666.952,3.78,0.193,0.147,1.251,,,2026-08-12 01:23:49
福建省,浙闽片河流,永泰横龙,2026-08-12 01:00,2,29.601,8.66,8,44.336,4.297,1.69,0.008,0.03,0.255,,,2026-08-12 01:23:49
福建省,浙闽片河流,闽清雄江,2026-08-12 01:00,3,31.01,7.39,5.52,120.087,2.39,2.18,0.034,0.036,1.303,,,2026-08-12 01:23:49
福建省,浙闽片河流,梅溪口,2026-08-12 01:00,2,27.24,7.27,7.31,136.73,9.55,2.36,0.051,0.09,1.368,,,2026-08-12 01:23:49
福建省,浙闽片河流,隘头潭,2026-08-12 01:00,3,29.37,6.42,5.1,215.275,2.165,1.19,0.066,0.058,0.4435,,,2026-08-12 01:23:49
福建省,浙闽片河流,园头桥,2026-08-12 01:00,3,30.51,6.88,5.68,161.18,8.06,1.82,0.128,0.197,3.825,,,2026-08-12 01:23:49
福建省,浙闽片河流,江口桥,2026-08-12 01:00,3,30.87,7.46,6.09,7281.48,46.32,2.11,0.058,0.12,1.086,,,2026-08-12 01:23:49
福建省,浙闽片河流,将乐万全,2026-08-12 01:00,4,28.23,6.94,3.84,67.54,2.28,1.92,0.029,0.025,0.98,,,2026-08-12 01:23:49
福建省,浙闽片河流,宁化肖家,2026-08-12 01:00,3,27.659,7.08,7.44,118.501,5.291,2.32,0.107,0.128,1.488,,,2026-08-12 01:23:49
福建省,浙闽片河流,永安安砂水库下游,2026-08-12 01:00,6,27.738,6.4,1.93,102.139,1.29,1.73,0.032,0.026,1.464,,,2026-08-12 01:23:49
福建省,浙闽片河流,斑竹溪渡口,2026-08-12 01:00,4,29.491,6.95,4.44,149.256,4.269,1.97,0.017,0.056,1.3,,,2026-08-12 01:23:49
福建省,浙闽片河流,建宁袁庄,2026-08-12 01:00,3,26.6,6.9,5.69,97.5,5.287,2.16,0.266,0.089,1.975,,,2026-08-12 01:23:49
福建省,浙闽片河流,大田高才,2026-08-12 01:00,6,30.594,9.3,14.23,105.606,2.765,2.2,0.048,0.037,0.595,,,2026-08-12 01:23:49
福建省,浙闽片河流,尤溪拥口大桥,2026-08-12 01:00,3,29.65,7.14,6.04,124.476,14.177,3.8,0.57,0.138,2.1003,,,2026-08-12 01:23:49
福建省,浙闽片河流,南安康美桥,2026-08-12 01:00,3,29.22,7.17,6.81,128.215,5.455,2.34,0.102,0.12,2.3427,,,2026-08-12 01:23:49
福建省,浙闽片河流,永春东关桥,2026-08-12 01:00,4,28.83,6.53,4.84,124.8162,7.14472,0.56,0.074,0.066,2.366,,,2026-08-12 01:23:49
福建省,浙闽片河流,安溪罗内桥,2026-08-12 01:00,3,29.371,6.97,5.13,103.4,37.57,1.4,0.286,0.087,3.747,,,2026-08-12 01:23:49
福建省,浙闽片河流,南安霞东桥,2026-08-12 01:00,4,30.89,6.84,3.94,137.167,15.827,1.75,0.294,0.128,2.2305,,,2026-08-12 01:23:49
福建省,浙闽片河流,华安西陂,2026-08-12 01:00,4,27.97346,6.79,4.04,216.0809,12.19291,2.47,0.016,0.052,1.297,,,2026-08-12 01:23:49
福建省,浙闽片河流,南靖靖城桥,2026-08-12 01:00,2,28.8,6.63,6.8,167.3,2.395,1.31,0.076,0.068,7.303,,,2026-08-12 01:23:49
福建省,浙闽片河流,诏安澳子头,2026-08-12 01:00,3,30.96,8.93,11.24,87.866,6.287,3.58,0.189,0.13,1.3443,,,2026-08-12 01:23:49
福建省,浙闽片河流,南靖洪濑汤坑桥,2026-08-12 01:00,2,28.63,6.67,6.84,252.7,9.028,0.76,0.008,0.045,0.03,,,2026-08-12 01:23:49
福建省,浙闽片河流,浦南水文站,2026-08-12 01:00,2,28.58346,7.12,6.86,199.6,13.558,1.08,0.055,0.093,1.757,,,2026-08-12 01:23:49
福建省,浙闽片河流,南溪浮宫桥,2026-08-12 01:00,3,29.94,7.64,5.61,21840.27,28.376,3.48,0.081,0.18,3.4507,,,2026-08-12 01:23:49
福建省,浙闽片河流,上坂,2026-08-12 01:00,4,29.62,6.28,3.56,190.114,15.892,1.92,0.252,0.119,5.0362,,,2026-08-12 01:23:49
福建省,浙闽片河流,云霄高塘渡口,2026-08-12 01:00,3,29.76,6.82,6.1,136.319,8.88,1.59,0.119,0.113,5.1838,,,2026-08-12 01:23:49
福建省,浙闽片河流,十里庵,2026-08-12 01:00,3,30.61,6.57,5.41,141.39,13.29,1.47,0.058,0.055,1.564,,,2026-08-12 01:23:49
福建省,浙闽片河流,邵武晒口桥,2026-08-12 01:00,2,25.82,7.04,8.1,44.58,18.57,2.48,0.015,0.048,0.839,,,2026-08-12 01:23:49
福建省,浙闽片河流,武夷山兴田,2026-08-12 00:00,2,25.22899,6.73,7.13,28.28891,22.32468,1.82,0.03,0.025,0.57826,,,2026-08-12 01:23:49
福建省,浙闽片河流,建瓯蓬墩,2026-08-12 01:00,3,29.525,6.93,5.93,57.59,9.69,1.64,0.182,0.048,1.058,,,2026-08-12 01:23:49
福建省,浙闽片河流,浪石,2026-08-12 01:00,3,30.01,6.87,6.48,150.696,4.112,1.9,0.116,0.104,1.651,,,2026-08-12 01:23:49
福建省,浙闽片河流,将乐樟应,2026-08-12 01:00,3,29.74717,6.91,5.19,82.276,2.30443,1.88,0.069,0.016,0.748,,,2026-08-12 01:23:49
福建省,浙闽片河流,建阳坪州大桥,2026-08-12 00:00,2,29.18,7.01,6.8,137.8,8.045,2.26,0.065,0.052,1.565,,,2026-08-12 01:23:49
福建省,浙闽片河流,雁石桥,2026-08-12 01:00,2,26.72,7.63,7.66,317.507,13.557,1.45,0.041,0.073,1.854,,,2026-08-12 01:23:49
福建省,珠江流域,长汀美西桥,2026-08-12 01:00,4,27.87,6.88,4.5,204.479,3.249,1.52,0.067,0.068,1.2712,,,2026-08-12 01:23:49
福建省,浙闽片河流,福安赛岐,2026-08-12 01:00,3,28.29,7.13,5.47,546.56,93.02,5.2,0.104,0.167,1.591,,,2026-08-12 01:23:49
福建省,浙闽片河流,八都,2026-08-12 00:00,2,26.49,7.02,6.92,44.772,5.335,1.49,0.013,0.043,1.081,,,2026-08-12 01:23:49
福建省,浙闽片河流,福安白塔,2026-08-12 00:00,2,27.048,6.99,6.44,57.02,29.64,1.98,0.083,0.079,1.419,,,2026-08-12 01:23:49
福建省,浙闽片河流,福安洪口,2026-08-12 01:00,2,24.84,7.51,8.05,46.59,15.15,1.43,0.016,0.051,1.127,,,2026-08-12 01:23:49
江西省,长江流域,周坊,2026-08-12 00:00,3,29.09,7.18,5.52,145.3932,8.87069,1.74,0.007,0.052,1.54005,,,2026-08-12 01:23:49
江西省,长江流域,大港,2026-08-12 01:00,2,29.91,7.68,7.52,187,16.94,2.15,,0.063,1.399,,,2026-08-12 01:23:49
江西省,长江流域,生米,2026-08-12 01:00,2,31.314,7.27,6.59,172.232,8.733,1.2,,0.06,,,,2026-08-12 01:23:49
江西省,长江流域,滁槎,2026-08-12 00:00,4,30.04,6.44,4.06,184.46,9.3,2.4,0.028,0.11,1.672,,,2026-08-12 01:23:49
江西省,长江流域,塔城,2026-08-12 01:00,2,27.83,8.13,7.18,132.48,48.28,3.8,0.07,0.098,1.499,,,2026-08-12 01:23:49
江西省,长江流域,昌邑,2026-08-12 01:00,2,29.34,8.26,6.75,185.93,14.97,2.33,,0.065,1.515,,,2026-08-12 01:23:49
江西省,长江流域,八一桥,2026-08-12 01:00,2,30.92,7.66,6.44,157.271,15.397,3.21,0.231,0.077,1.1927,,,2026-08-12 01:23:49
江西省,长江流域,焦石坝,2026-08-12 01:00,2,26.9,7.46,6.88,122.78,22.4,3.15,,0.057,1.3627,,,2026-08-12 01:23:49
江西省,长江流域,戴村,2026-08-12 01:00,2,29.62,7.22,6.85,351.741,13.99,2.05,0.054,0.032,0.76,,,2026-08-12 01:23:49
江西省,长江流域,南河河口,2026-08-12 01:00,3,27.72,6.79,5.16,201.79,14.44,2.86,0.278,0.11,1.937,,,2026-08-12 01:23:49
江西省,长江流域,镇埠,2026-08-12 01:00,2,28.36,6.7,6.59,91.4,0.71,1.1,0.001,0.024,0.444,,,2026-08-12 01:23:49
江西省,长江流域,龙山口,2026-08-12 01:00,2,26.18,7.96,6.77,324.817,5.665,2.3,0.023,0.033,0.6515,,,2026-08-12 01:23:49
江西省,长江流域,桐车湾,2026-08-12 01:00,3,26.15,7.77,5.21,393.517,4.326,2.89,0.064,0.136,2.8413,,,2026-08-12 01:23:49
江西省,长江流域,金鱼石,2026-08-12 01:00,4,28.66,7.46,4.75,356.24,2.81,2.51,0.083,0.117,2.303,,,2026-08-12 01:23:49
江西省,长江流域,邓家洲,2026-08-12 00:00,3,26.88,7.7,5.78,563.9189,9.42872,2.45,0.184,0.078,2.22944,,,2026-08-12 01:23:49
江西省,长江流域,吴城修河,2026-08-12 01:00,2,26.92,7.2,7.66,113.73,15.69,1.83,0.007,0.027,1.0859,,,2026-08-12 01:23:49
江西省,长江流域,姚港,2026-08-12 01:00,2,28.91,7.76,6.64,356.89,23.69,1.69,0.076,0.096,1.402,,,2026-08-12 01:23:49
江西省,长江流域,湖口,2026-08-12 01:00,2,28.4719,7.88,6.98,344.12,44.28,1.94,0.017,0.073,2.208,,,2026-08-12 01:23:49
江西省,长江流域,蛤蟆石,2026-08-12 01:00,4,29.02,7.02,7.05,132.69,17.12,3.53,0.026,0.054,1.385,0.00193,246240,2026-08-12 01:23:49
江西省,长江流域,都昌,2026-08-12 01:00,5,27.97,6.7,6.1,120.93,128.36,4.19,,0.103,1.29,,4.023,2026-08-12 01:23:49
江西省,长江流域,潦河河口,2026-08-12 01:00,2,28.08,6.87,6.79,118.9,22.46,1.7,0.087,0.053,1.0039,,,2026-08-12 01:23:49
江西省,长江流域,柘林湖坝上,2026-08-12 01:00,1,29.897,8.74,8.31,103.82,0.637,1.87,,0.009,0.694,,,2026-08-12 01:23:49
江西省,长江流域,洋港镇,2026-08-12 00:00,2,26.229,7.4,6.52,213.054,2.124,1.56,0.008,0.01,1.30843,,,2026-08-12 01:23:49
江西省,长江流域,修水界上桥,2026-08-12 00:00,3,27.08,7.43,6.07,129.5203,16.75943,0.83,0.005,0.131,2.80923,,,2026-08-12 01:23:49
江西省,长江流域,共青城寨下,2026-08-12 01:00,3,26.3,7.19,5.72,186.5,118.1,3.82,0.047,0.104,1.877,,,2026-08-12 01:23:49
江西省,长江流域,罗坊,2026-08-12 01:00,3,28.42,7.42,5.69,286.845,21.522,3.29,0.13,0.066,1.1,,,2026-08-12 01:23:49
江西省,长江流域,孔目江江口,2026-08-12 01:00,3,28.37,7.66,5.41,334.257,21.62,2.11,0.096,0.054,0.7967,,,2026-08-12 01:23:49
江西省,长江流域,浮桥,2026-08-12 01:00,3,28.57,7.33,5.23,290.705,9.602,3.27,0.069,0.053,1.4345,,,2026-08-12 01:23:49
江西省,长江流域,傣家村,2026-08-12 01:00,4,30.47,7.66,4.11,220.687,5.899,3.78,0.095,0.043,0.9157,0.00706,2.287904,2026-08-12 01:23:49
江西省,长江流域,炭埠周家,2026-08-12 00:00,3,30.39,6.83,5.42,148.2,12.26,1.82,0.026,0.063,1.197,,,2026-08-12 01:23:49
江西省,长江流域,白塔河河口,2026-08-12 01:00,2,25.79,6.63,6.76,44.52,50.281,1.43,0.079,0.074,1.0193,,,2026-08-12 01:23:49
江西省,长江流域,土桥,2026-08-12 01:00,2,26.96,7.19,6.49,122.403,26.92,2.59,0.161,0.073,1.2904,,,2026-08-12 01:23:49
江西省,长江流域,流口村,2026-08-12 01:00,3,27.45,6.7,5.82,106.8329,24.19161,2.72,0.108,0.095,1.138265,,,2026-08-12 01:23:49
江西省,长江流域,市自来水厂,2026-08-12 01:00,2,29.16,7.17,7.09,97.388,6.817,0.82,0.1,0.035,0.9364,,,2026-08-12 01:23:49
江西省,长江流域,赣县梅林,2026-08-12 01:00,2,29.95,7.51,6.28,155.644,10.129,1.83,0.069,0.07,1.533,,,2026-08-12 01:23:49
江西省,长江流域,梓坑,2026-08-12 01:00,2,29.46,7.27,6.04,136.291,9.397,2.95,0.077,0.081,1.7694,,,2026-08-12 01:23:49
江西省,长江流域,峡山,2026-08-12 01:00,2,31.09,7.39,6.33,148.592,4.03,1.68,0.08,0.079,1.2487,,,2026-08-12 01:23:49
江西省,长江流域,梅江江口,2026-08-12 01:00,2,30.56,7.44,6.6,122.08,10.882,2.3,0.024,0.061,0.9587,,,2026-08-12 01:23:49
江西省,长江流域,平江江口,2026-08-12 01:00,2,28.75,7.34,6.44,147.505,13.65,1.29,0.066,0.043,1.0239,,,2026-08-12 01:23:49
江西省,长江流域,上犹江江口,2026-08-12 01:00,2,27.33,7.06,7.12,77.849,8.021,1.63,0.025,0.014,0.661,,,2026-08-12 01:23:49
江西省,长江流域,龙南自来水厂,2026-08-12 01:00,2,29.43,7.79,7.56,163.333,20.244,0.92,0.023,0.026,0.6734,,,2026-08-12 01:23:49
江西省,长江流域,桃江江口,2026-08-12 01:00,3,30.2,7.27,5.22,159.909,15.129,1.55,0.079,0.066,1.699,,,2026-08-12 01:23:49
江西省,长江流域,大余城郊,2026-08-12 01:00,2,26.26,7.28,6.84,86.473,6.536,0.89,0.023,0.03,0.7803,,,2026-08-12 01:23:49
江西省,长江流域,汝城多发电站,2026-08-12 01:00,2,23.98,7.23,7.48,74.44,4.99,1.06,0.006,0.023,0.641,,,2026-08-12 01:23:49
江西省,珠江流域,兴宁电站,2026-08-12 01:00,6,31.56,9.3,20.75,107.223,3.254441,3.03,0.007,0.018,2.202891,,,2026-08-12 01:23:49
江西省,长江流域,通津,2026-08-12 01:00,3,27.73,7.18,5.71,160.422,9.378,0.85,0.066,0.046,1.4641,,,2026-08-12 01:23:49
江西省,长江流域,金滩,2026-08-12 01:00,3,30.72,7.38,5.93,154.834,12.641,1.5,0.08,0.044,1.0513,,,2026-08-12 01:23:49
江西省,长江流域,孤江江口,2026-08-12 01:00,2,29.27,7.43,6.13,142.927,4.081,1.94,0.027,0.044,1.0794,,,2026-08-12 01:23:49
江西省,长江流域,禾水河口,2026-08-12 01:00,2,29.74,7.72,6.4,153.933,4.571,1.93,0.051,0.038,0.6063,,,2026-08-12 01:23:49
江西省,长江流域,蜀水河口,2026-08-12 01:00,2,28.83,7.07,6.06,131.995,11.627,1.02,0.072,0.047,1.1562,,,2026-08-12 01:23:49
江西省,长江流域,遂川江江口,2026-08-12 01:00,3,29.25,7.12,5.86,94.822,20.037,0.99,0.113,0.06,0.98,,,2026-08-12 01:23:49
江西省,长江流域,乌江江口,2026-08-12 01:00,4,30.56,7.39,4.97,201.156,10.076,1.96,0.142,,,,,2026-08-12 01:23:49
江西省,长江流域,大洋洲,2026-08-12 01:00,2,30.03,7.41,6.58,144.09,9.466,1.51,0.144,0.043,1.1662,,,2026-08-12 01:23:49
江西省,长江流域,棚下,2026-08-12 01:00,3,26.86,7.2,5.31,194.5595,12.13,2.98,0.155,0.094,1.697,,,2026-08-12 01:23:49
江西省,长江流域,丰城小港口,2026-08-12 01:00,2,29.785,7.27,6.4,161.17,93.9803,1.57,,0.043,1.1177,,,2026-08-12 01:23:49
江西省,长江流域,高安市青州村,2026-08-12 01:00,2,28.83,7.49,6.54,186.4,8.11,1.96,0.051,0.058,1.953,,,2026-08-12 01:23:49
江西省,长江流域,良田村,2026-08-12 01:00,2,26.51,7.22,9.88,164.53,4.97,2.16,0.009,0.056,1.576,,,2026-08-12 01:23:49
江西省,长江流域,三洪村,2026-08-12 01:00,3,28.49,6.82,5.74,82.12,16.79,1.6,0.032,0.045,0.943,,,2026-08-12 01:23:49
江西省,长江流域,肖江江口,2026-08-12 01:00,4,30.306,7.14,4.31,245.934,31.758,4.23,0.146,0.103,2.139,,,2026-08-12 01:23:49
江西省,长江流域,修河港口,2026-08-12 01:00,2,28.66,6.86,6.56,44.43,1.66,0.41,,0.012,0.307,,,2026-08-12 01:23:49
江西省,长江流域,超坊,2026-08-12 01:00,2,28.15,7.68,7.1,115.597,28.257,3.16,0.251,0.088,1.4007,,,2026-08-12 01:23:49
江西省,长江流域,钟岭水厂,2026-08-12 01:00,2,28.23,7.27,6.06,93.94,24.59,3.21,0.025,0.079,1.5137,,,2026-08-12 01:23:49
江西省,长江流域,临水河口,2026-08-12 01:00,2,28.21,6.84,6.48,123.09,14.57,3.13,0.2,0.074,1.546,,,2026-08-12 01:23:49
江西省,长江流域,赵家湾,2026-08-12 01:00,3,30.448,6.84,5.48,197.715,32.7583,1.76,0.078,0.049,1.455,,,2026-08-12 01:23:49
江西省,长江流域,康山,2026-08-12 00:00,5,28.25,6.66,6.39,142.35,61.56,3.41,0.314,0.118,1.638,0.0134,701000,2026-08-12 01:23:49
江西省,长江流域,野鸡山村,2026-08-12 01:00,2,29.95,7.14,6.03,701.82,26.22,1.8,0.056,0.036,1.074,,,2026-08-12 01:23:49
江西省,长江流域,瑞洪大桥,2026-08-12 00:00,6,30.51,6.82,1.92,173.4,33.19,1.87,,0.058,1.516,,,2026-08-12 01:23:49
江西省,长江流域,弋阳,2026-08-12 01:00,3,26.87,7.24,7.14,110.14,33.45,2.98,0.085,0.12,1.133,,,2026-08-12 01:23:49
江西省,长江流域,鄱阳花园,2026-08-12 01:00,2,29.41,6.83,6.18,122.67,11.24,1.75,0.14,0.049,1.572,,,2026-08-12 01:23:49
江西省,长江流域,洎水河河口,2026-08-12 01:00,2,29.53,6.81,6.47,292.04,9.98,2.28,0.055,0.036,0.782,,,2026-08-12 01:23:49
江西省,长江流域,铅山,2026-08-12 01:00,3,27.22,7.28,8.69,98.84,25.37,2.79,0.078,0.149,,,,2026-08-12 01:23:49
江西省,长江流域,旗山,2026-08-12 01:00,2,27.22,7.14,6.53,90.84,26.04,2.63,0.089,0.096,1.196,,,2026-08-12 01:23:49
江西省,长江流域,应家坊,2026-08-12 01:00,2,27.4,6.83,7.38,108.83,30.79,3.3,0.009,0.095,1.565,,,2026-08-12 01:23:49
山东省,淮河流域,辛丰庄,2026-08-12 01:00,4,27.897,7.82,4.97,1006.21,32.955,4.45,1.291,0.1,7.44,,,2026-08-12 01:23:49
山东省,黄河流域,泺口,2026-08-12 00:00,2,27.86,7.8,8.44,754.43,,2.06,0.144,0.054,3.022,,,2026-08-12 01:23:49
山东省,淮河流域,睦里庄,2026-08-12 01:00,5,27.895,7.36,2.8,694.33,4.971,4.16,0.568,0.132,2.114,,,2026-08-12 01:23:49
山东省,黄河流域,卧虎山水库,2026-08-12 01:00,1,27.42,7.9,8.28,502.823,5.748,1.17,0.013,0.008,4.84,,,2026-08-12 01:23:49
山东省,淮河流域,斜拉桥,2026-08-12 01:00,4,28.825,7.86,5.23,842.709,20.868,6.35,0.209,0.047,1.03,,,2026-08-12 01:23:49
山东省,淮河流域,马连庄,2026-08-12 01:00,2,29.053,7.58,6.46,850.86,4.962,2.93,0.001,0.022,10.258,,,2026-08-12 01:23:49
山东省,淮河流域,吉利河水库出口,2026-08-12 01:00,5,29.166,7.56,2.06,330.454,3.563,3.84,0.081,0.034,0.805,,,2026-08-12 01:23:49
山东省,淮河流域,墨水河入海口,2026-08-12 01:00,4,30.45,8.01,7.74,1957.2,12.82,8,,0.213,5.594,,,2026-08-12 01:23:49
山东省,淮河流域,韩旺大桥,2026-08-12 01:00,3,27.66,7.94,5.96,809.401,5.359,2.21,0.019,0.015,22.37,,,2026-08-12 01:23:49
山东省,淮河流域,台儿庄大桥,2026-08-12 00:00,4,28.2,7.65,4.55,1330.13,217.95,4.19,0.067,0.03,1.157,,,2026-08-12 01:23:49
山东省,淮河流域,群乐桥,2026-08-12 00:00,6,25.39,7.66,1.28,1749.44,18.524,3.98,0.026,0.133,4.455,,,2026-08-12 01:23:49
山东省,淮河流域,王晁桥,2026-08-12 00:00,4,27.702,7.64,3.95,1367.24,19.692,3.21,0.076,0.191,5.362,,,2026-08-12 01:23:49
山东省,淮河流域,十字河大桥,2026-08-12 00:00,3,27.922,7.99,5.34,1245.64,5.2,4.64,0.027,0.013,0.65,,,2026-08-12 01:23:49
山东省,淮河流域,贾庄闸,2026-08-12 00:00,3,28.84,7.52,6.31,1210.35,12.342,3.85,0.133,0.123,4.091,,,2026-08-12 01:23:49
山东省,淮河流域,支脉河陈桥,2026-08-12 01:00,4,29.646,7.92,6,6541.374,17.82,9.02,0.086,0.156,3.082,,,2026-08-12 01:23:49
山东省,淮河流域,新夹河大桥,2026-08-12 00:00,3,29.74719,7.98,5.52,811.3364,2.78125,4.26,0.048,0.027,0.65034,,,2026-08-12 01:23:49
山东省,淮河流域,东村河入海口,2026-08-12 01:00,4,28.308,7.16,6.42,759.126,97.351,7.19,0.03,0.073,1.381,,,2026-08-12 01:23:49
山东省,淮河流域,羊口,2026-08-12 01:00,6,29.624,7.68,1.65,10896.86,52.339,4.22,0.089,0.207,4.508,,,2026-08-12 01:23:49
山东省,淮河流域,峡山水库库中,2026-08-12 01:00,3,30.03,8.52,6.66,761.82,61.41,4.82,0.033,0.042,0.841,0.00854,1.40639,2026-08-12 01:23:49
山东省,淮河流域,柳疃桥,2026-08-12 01:00,4,29.616,7.64,7.76,1443.516,23.229,7.58,0.069,0.119,6.29,,,2026-08-12 01:23:49
山东省,淮河流域,张建桥,2026-08-12 01:00,3,32.337,7.32,5.45,1395.968,33.015,3.82,0.064,0.068,9.802,,,2026-08-12 01:23:49
山东省,淮河流域,兖州南大桥,2026-08-12 00:00,4,29.759,7.66,4.06,774.476,17.816,4.09,0.115,0.066,1.6764,,,2026-08-12 01:23:49
山东省,淮河流域,105公路桥,2026-08-12 00:00,6,30.969,7.56,0.99,1847.39,50.606,6.58,1.016,0.304,4.238,,,2026-08-12 01:23:49
山东省,淮河流域,高河桥,2026-08-12 00:00,6,30.289,7.78,0.85,1758.86,49.384,5.56,0.435,0.175,4.028,,,2026-08-12 01:23:49
山东省,淮河流域,西石佛,2026-08-12 01:00,5,30.333,7.35,2.34,1013,6.839,3.8,0.363,0.18,1.777,,,2026-08-12 01:23:49
山东省,淮河流域,老运河微山段,2026-08-12 00:00,4,30.371,7.93,4.35,1402.7,23.86,5.63,0.204,0.062,1.327,,,2026-08-12 01:23:49
山东省,淮河流域,李集,2026-08-12 01:00,3,27.958,8.2,5.67,946.45,31.47,4.96,0.03,0.111,2.51,,,2026-08-12 01:23:49
山东省,淮河流域,尹沟,2026-08-12 00:00,3,29.46,8.27,6.62,733.26,39.04,5.87,0.146,0.051,1.802,0.04,,2026-08-12 01:23:49
山东省,淮河流域,西支河入湖口,2026-08-12 00:00,5,31.147,7.92,2.98,1341.62,22.68,6.04,0.104,0.065,2.218,,,2026-08-12 01:23:49
山东省,淮河流域,东石佛,2026-08-12 01:00,4,29.895,7.56,3.78,1015.265,55.253,4.19,0.154,0.042,2.632,,,2026-08-12 01:23:49
山东省,淮河流域,鲁桥,2026-08-12 00:00,3,30.987,8.12,8.76,1811.4,32.942,5.55,0.012,0.1,1.997,,,2026-08-12 01:23:49
山东省,淮河流域,牛庄闸,2026-08-12 00:00,3,30.254,7.93,5.95,935.664,23.805,3.44,0.066,0.011,5.033,,,2026-08-12 01:23:49
山东省,淮河流域,湘子庙,2026-08-12 01:00,6,30.08,7.97,0.88,1557.62,46.174,6.12,0.184,0.322,3.19761,,,2026-08-12 01:23:49
山东省,黄河流域,戴村坝,2026-08-12 00:00,2,30.72,7.43,6.47,789.27,5.31,2.88,0.16,0.028,2.981,,,2026-08-12 01:23:49
山东省,黄河流域,徐家汶,2026-08-12 01:00,2,27.51649,7.89,6.97,389.9152,52.07659,3.95,0.014,0.096,2.942775,,,2026-08-12 01:23:49
山东省,淮河流域,南桥,2026-08-12 01:00,6,29.437,7.62,1.08,1350.217,35.505,10.6,0.104,0.185,1.394,,,2026-08-12 01:23:49
山东省,淮河流域,大古镇,2026-08-12 01:00,4,28.65,7.29,3.74,827.05,28.83,9.67,0.91,0.267,4.351,,,2026-08-12 01:23:49
山东省,淮河流域,夏庄,2026-08-12 00:00,5,26.44,7.82,4.8,631,8.3,6.38,0.054,0.347,2.39492,,,2026-08-12 01:23:49
山东省,黄河流域,贺小庄,2026-08-12 01:00,4,29.286,7.28,4.74,767.823,15.895,3.7,0.183,0.055,1.768,,,2026-08-12 01:23:49
山东省,淮河流域,临沂北大桥,2026-08-12 00:00,4,27.82,8.48,8.39,478.5,28.427,7.72,0.149,0.148,5.178,,,2026-08-12 01:23:49
山东省,淮河流域,捷庄,2026-08-12 01:00,4,29.5,7.44,3.07,611.862,15.064,5.35,0.367,0.162,2.289,,,2026-08-12 01:23:49
山东省,淮河流域,310公路桥,2026-08-12 00:00,6,28.52,7.33,0.83,986.65,1.85,3.21,0.057,0.127,1.145,,,2026-08-12 01:23:49
山东省,淮河流域,沙沟桥,2026-08-12 00:00,5,25.71,7.47,2.65,759.56,9.24,3.9,0.113,0.134,4.311,,,2026-08-12 01:23:49
山东省,淮河流域,云蒙湖湖心,2026-08-12 00:00,2,23.49,8.44,10.26,407.7,7.16,3.87,,0.023,3.579,0.01622,4003630,2026-08-12 01:23:49
山东省,海河流域,第三店,2026-08-12 01:00,4,29.347,7.58,3.67,1481.251,90.994,3.23,0.121,0.089,3.302,,,2026-08-12 01:23:49
山东省,海河流域,董姑桥,2026-08-12 01:00,4,25.483,8.01,4.17,1905,81.62,6.35,0.032,0.094,1.112,,,2026-08-12 01:23:49
山东省,海河流域,油坊桥,2026-08-12 01:00,3,29.506,7.55,5.15,785.439,86.459,2.22,0.191,0.099,2.606,,,2026-08-12 01:23:49
山东省,海河流域,秤勾湾,2026-08-12 00:00,3,28.7,7.98,6.33,718.16,87.2,2.39,0.606,0.095,5.1694,,,2026-08-12 01:23:49
山东省,海河流域,北湖,2026-08-12 01:00,2,29.75,8.75,9.33,941.13,1.94,2.35,,0.01,2.11,0.00494,2134359,2026-08-12 01:23:49
山东省,海河流域,小泊头桥,2026-08-12 01:00,4,29.188,7.76,5.3,1058.987,123.855,2.51,0.097,0.214,4.805,,,2026-08-12 01:23:49
山东省,海河流域,芦家河子水库,2026-08-12 01:00,6,29.681,9.1,7.14,830.242,19.27,2.88,0.004,0.031,1.309,,,2026-08-12 01:23:49
山东省,海河流域,三角洼水库,2026-08-12 01:00,2,25.172,8.6,9.82,1091.19,12.586,2.12,0.037,0.029,0.436,,,2026-08-12 01:23:49
山东省,淮河流域,西闸,2026-08-12 01:00,3,29.057,7.64,6.01,1894.715,72.614,3.7,0.274,0.164,6.927,,,2026-08-12 01:23:49
山东省,淮河流域,范李,2026-08-12 01:00,5,30.068,7.97,2.51,1666.631,151.748,3.43,0.212,0.182,6.049,,,2026-08-12 01:23:49
山东省,海河流域,邵家,2026-08-12 01:00,4,30.268,7.89,6.96,6249.59,81.59,9.24,0.179,0.239,2.818,,,2026-08-12 01:23:49
山东省,淮河流域,于楼,2026-08-12 00:00,4,28.311,8.26,3.92,1466.64,72.968,5.04,0.073,0.132,1.788,,,2026-08-12 01:23:49
山东省,淮河流域,徐寨,2026-08-12 00:00,4,28.353,8.18,4.88,1576.65,47.014,7.72,0.103,0.246,2.213,,,2026-08-12 01:23:49
河南省,黄河流域,七里铺,2026-08-12 01:00,5,27.2723,7.81,6.72,504.658,159.808,4.53,0.228,0.386,3.03,,,2026-08-12 01:23:49
河南省,淮河流域,尖岗水库,2026-08-12 00:00,2,28.02,8.62,8.35,258.1624,1.7597,2.14,0.011,0.007,0.3856,,,2026-08-12 01:23:49
河南省,淮河流域,新郑黄甫寨,2026-08-12 00:00,3,27.58,7.68,5.14,891.56,73.32,3.1,0.48,0.134,3.3903,,,2026-08-12 01:23:49
河南省,淮河流域,通许邸阁,2026-08-12 01:00,4,27.65,7.83,5.61,819.1,99.21,5.15,0.742,0.221,2.599,,,2026-08-12 01:23:49
河南省,淮河流域,中牟陈桥,2026-08-12 01:00,4,27.93,7.57,4.07,636.05,178.79,7.46,1.131,0.151,3.9208,,,2026-08-12 01:23:49
河南省,黄河流域,高崖寨,2026-08-12 00:00,3,25.39,7.92,6.3,411.55,97.6,3.93,0.33,0.106,1.769,,,2026-08-12 01:23:49
河南省,淮河流域,紫罗山,2026-08-12 00:00,3,24.86702,7.94,8.49,,8.73625,4.31,0.174,0.092,3.73965,,,2026-08-12 01:23:49
河南省,黄河流域,白马寺,2026-08-12 00:00,3,25.62,7.73,7.03,482.2,120.3,4.12,0.181,0.133,2.656,,,2026-08-12 01:23:49
河南省,淮河流域,大陈闸,2026-08-12 00:00,4,29.28927,7.52,4.53,653.585,9.90302,1.67,0.089,0.061,4.24334,,,2026-08-12 01:23:49
河南省,淮河流域,白龟山水库,2026-08-12 01:00,3,28.12,8.03,5.32,482.45,6.9,2.29,0.02,0.021,0.312,0.02194,6409000,2026-08-12 01:23:49
河南省,淮河流域,杨寨中村,2026-08-12 01:00,4,25.07,7.51,4.38,396.06,46.68,3,0.147,0.087,2.903,,,2026-08-12 01:23:49
河南省,淮河流域,舞钢石庄桥,2026-08-12 00:00,5,25.50926,7.11,4.63,192.7253,219.2025,9.72,0.92,0.396,23.13749,,,2026-08-12 01:23:49
河南省,海河流域,彰武水库,2026-08-12 00:00,2,28.108,7.96,7.91,575.8,4.64,2.26,,0.017,3.5456,,,2026-08-12 01:23:49
河南省,海河流域,冯宿桥,2026-08-12 00:00,4,27.67,7.74,4.33,661.0762,52.435,3.14,0.391,0.16,4.9648,,,2026-08-12 01:23:49
河南省,海河流域,五陵,2026-08-12 01:00,4,27.65,7.92,5.64,1195.8,174.4,4.59,0.023,0.279,7.62,,,2026-08-12 01:23:49
河南省,海河流域,石辛庄,2026-08-12 00:00,4,28.844,7.89,5.48,1209.237,170.448,5.18,1.46,0.249,14.4205,,,2026-08-12 01:23:49
河南省,海河流域,黄花营,2026-08-12 00:00,1,28.77,8.31,10.56,453.4218,3.1811,0.45,,0.011,5.663,,,2026-08-12 01:23:49
河南省,海河流域,前枋城,2026-08-12 01:00,3,23.794,7.8,5.81,540.26,17.771,1.32,,0.008,4.4958,,,2026-08-12 01:23:49
河南省,海河流域,卫河小河口,2026-08-12 00:00,4,26.86,7.99,4.5,1241.125,138.37,3.78,0.523,0.258,8.2748,,,2026-08-12 01:23:49
河南省,海河流域,修武水文站,2026-08-12 00:00,4,26.73,7.75,5.46,2523.376,142.69,5.62,0.792,0.298,7.8502,,,2026-08-12 01:23:49
河南省,海河流域,获嘉东碑村,2026-08-12 01:00,6,27.59,8.23,0.8,1385.51,83.45,4.82,0.797,0.276,4.158,,,2026-08-12 01:23:49
河南省,黄河流域,封丘陶北,2026-08-12 01:00,6,26.48,7.74,5.81,1277.26,158.96,7.22,3.458,0.562,4.197,,,2026-08-12 01:23:49
河南省,黄河流域,封丘王堤,2026-08-12 01:00,5,27.959,7.47,2.4,1015.71,49.3,5.13,0.285,0.196,2.4555,,,2026-08-12 01:23:49
河南省,海河流域,新乡贾太湖,2026-08-12 00:00,3,26.12,8.16,7.65,569.225,466.546,3.24,0.057,0.136,3.2072,,,2026-08-12 01:23:49
河南省,黄河流域,武陟渠首,2026-08-12 00:00,3,25.11,8.03,7.05,705.77,159.19,1.9,0.089,0.177,3.722,,,2026-08-12 01:23:49
河南省,黄河流域,孟州石井,2026-08-12 00:00,6,27.65954,7.33,0.24,3221.264,41.00069,5.5,0.923,0.239,6.34973,,,2026-08-12 01:23:49
河南省,黄河流域,孟州还封村,2026-08-12 00:00,6,25.35989,7.67,5.76,950.1458,152.0757,6.14,2.394,1.618,11.61739,,,2026-08-12 01:23:49
河南省,海河流域,南乐元村集,2026-08-12 01:00,4,23.64,7.63,7.54,1296.95,146.54,3.26,0.124,0.263,7.415,,,2026-08-12 01:23:49
河南省,海河流域,濮阳西水坡,2026-08-12 01:00,4,29.55,8.41,4.07,889.01,8.23,2.69,,0.019,0.813,,,2026-08-12 01:23:49
河南省,黄河流域,濮阳大韩桥,2026-08-12 01:00,6,27.73,7.77,2,1183.18,118.19,8.53,0.947,0.541,1.908,,,2026-08-12 01:23:49
河南省,淮河流域,白沙水库,2026-08-12 01:00,2,28.321,8.05,6.55,808.288,7.9214,2.37,0.026,0.012,3.6088,,,2026-08-12 01:23:49
河南省,淮河流域,临颍吴刘闸,2026-08-12 01:00,3,27.96,7.8,5.21,754.53,46.77,3.14,0.088,0.118,3.613,,,2026-08-12 01:23:49
河南省,淮河流域,召陵武湾,2026-08-12 00:00,5,28.82,7.84,6.63,518.1,61.61,4.27,0.177,0.317,2.652,,,2026-08-12 01:23:49
河南省,淮河流域,郾城漯邓桥,2026-08-12 00:00,6,26.1,7.14,2.56,301.8,142.37,8.54,0.817,0.767,4.568,,,2026-08-12 01:23:49
河南省,淮河流域,临颍高村桥,2026-08-12 00:00,6,27.18,7.43,5.84,439.46,249.39,9.61,1.948,0.506,9.637,,,2026-08-12 01:23:49
河南省,长江流域,淅川荆紫关,2026-08-12 01:00,4,24.34855,7.9,7.16,282.6961,76.63,4.74,0.006,0.215,0.95,,,2026-08-12 01:23:49
河南省,长江流域,淅川史家湾,2026-08-12 01:00,2,25.98,7.88,6.98,301.572,85.627,3.57,,0.082,2.5342,0.00247,,2026-08-12 01:23:49
河南省,长江流域,淅川高湾,2026-08-12 01:00,3,27.32,7.58,6.85,289.788,34.136,4.1,,0.072,2.9413,0.0062,,2026-08-12 01:23:49
河南省,长江流域,淅川张营,2026-08-12 01:00,3,29,7.95,5.15,309.632,8.089,3.04,,0.028,1.1848,0.00838737,,2026-08-12 01:23:49
河南省,长江流域,宋岗,2026-08-12 01:00,2,28.018,8.49,7.13,272.3,15.5405,1.57,0.005,0.011,0.671,0.003934,1202938,2026-08-12 01:23:49
河南省,长江流域,陶岔,2026-08-12 01:00,2,28.98,8.47,6.84,252.948,3.718,1.73,0.002,0.013,0.8586,0.0042,792255,2026-08-12 01:23:49
河南省,长江流域,三道河,2026-08-12 01:00,1,22.186,7.76,8.11,366.476,42.906,0.92,0.001,0.007,2.946,,,2026-08-12 01:23:49
河南省,长江流域,上河,2026-08-12 00:00,2,24.69,8.07,8.27,194.4444,6.10782,3.12,0.004,0.014,,,,2026-08-12 01:23:49
河南省,长江流域,内乡怀乡桥,2026-08-12 00:00,2,27.91094,7.9,6.39,301.7998,19.39152,3.64,0.01,0.022,2.36656,,,2026-08-12 01:23:49
河南省,淮河流域,新野溧河桥,2026-08-12 00:00,1,26.27569,7.76,8.1,,14.16184,,,,10.42123,,,2026-08-12 01:23:49
河南省,淮河流域,吕楼桥,2026-08-12 01:00,6,28.28,7.8,1.24,1285.811,88.255,9.5,3.222,0.621,6.957,,,2026-08-12 01:23:49
河南省,淮河流域,黄口,2026-08-12 01:00,6,28.85,7.8,1.01,1222.034,10.565,6.04,0.936,0.152,3.2402,,,2026-08-12 01:23:49
河南省,淮河流域,睢县板桥,2026-08-12 01:00,4,27.5,7.41,4,990.25,268.74,6.72,0.556,0.293,6.371,,,2026-08-12 01:23:49
河南省,淮河流域,永城张板桥,2026-08-12 01:00,4,27.95,8.07,3.4,1414.1,49.82,9.93,0.313,0.266,2.32,,,2026-08-12 01:23:49
河南省,淮河流域,长台关甘岸桥,2026-08-12 00:00,3,27.74,7.6,5.12,374.15,21.08,3.96,0.014,0.074,0.895,,,2026-08-12 01:23:49
河南省,淮河流域,息县大埠口,2026-08-12 00:00,4,26.82014,7.3,3.21,327.6646,15.54186,3.97,0.115,0.105,1.00657,,,2026-08-12 01:23:49
河南省,淮河流域,潢川水文站,2026-08-12 00:00,4,28.2149,6.96,5.35,198.449,104.872,5.68,0.122,0.266,1.2262,,,2026-08-12 01:23:49
河南省,淮河流域,淮滨北庙,2026-08-12 00:00,3,28.93,7.18,5.68,199.0853,51.63745,3.37,0.006,0.08,1.05825,,,2026-08-12 01:23:49
河南省,淮河流域,饮用水源地取水口,2026-08-12 01:00,3,28.42,8.04,5.74,166.45,6.79,3.05,,0.022,0.323,0.034,55000,2026-08-12 01:23:49
河南省,淮河流域,竹竿铺,2026-08-12 00:00,4,27.62,7.28,3.72,171.4,17.33,2.55,0.035,0.1,0.973,,,2026-08-12 01:23:49
河南省,淮河流域,固始马罡,2026-08-12 00:00,3,28.3504,7.69,5.62,145.891,6.2284,2.68,0.018,0.029,0.6702,,,2026-08-12 01:23:49
河南省,淮河流域,老沈丘泉河桥,2026-08-12 01:00,5,29.37,7.47,2.05,695.9,24.785,3.19,0.081,0.095,1.4491,,,2026-08-12 01:23:49
河南省,淮河流域,刘寨村后,2026-08-12 01:00,5,30.02,7.61,2.37,985,39.73,4.72,0.118,0.121,2.4864,,,2026-08-12 01:23:49
河南省,淮河流域,西华大王庄,2026-08-12 01:00,6,27.5082,7.72,4.86,639.28,963.411,6.25,0.818,0.827,3.764,,,2026-08-12 01:23:49
河南省,淮河流域,周口康店,2026-08-12 00:00,4,28.74,7.58,4.25,639.4135,145.33,4.31,0.333,0.242,2.0672,,,2026-08-12 01:23:49
河南省,淮河流域,商水双桥,2026-08-12 00:00,5,26.87,7.51,4.12,611.549,466.7868,5.08,0.885,0.365,4.373,,,2026-08-12 01:23:49
河南省,淮河流域,鄢陵陶城闸,2026-08-12 00:00,4,26.9,7.64,3.65,802.7,139.67,4.22,0.837,0.253,5.1003,,,2026-08-12 01:23:49
河南省,淮河流域,鹿邑付桥,2026-08-12 01:00,6,29.57,7.64,1.8,1021.086,7.285,3.46,0.306,0.064,0.6555,,,2026-08-12 01:23:49
河南省,淮河流域,西华址坊,2026-08-12 01:00,5,26.15,7.65,3.84,463.72,241.32,8.43,1.807,0.388,2.463,,,2026-08-12 01:23:49
河南省,淮河流域,冯塘邱屯,2026-08-12 00:00,6,26.46,7.42,1.41,658.7635,19.83735,4.45,1.294,0.165,4.02351,,,2026-08-12 01:23:49
河南省,淮河流域,鹿邑宋河桥,2026-08-12 01:00,4,26.14,7.82,4.37,926.66,31.35,4.68,0.184,0.117,2.611,,,2026-08-12 01:23:49
河南省,淮河流域,西平杨庄,2026-08-12 00:00,5,26.04171,7.2,2.54,429.2209,318.9457,7.47,1.224,0.345,,,,2026-08-12 01:23:49
河南省,淮河流域,板桥水库,2026-08-12 00:00,4,25.38,7.64,3.07,288.2999,3.73,3.47,0.016,0.014,0.289,,,2026-08-12 01:23:49
河南省,黄河流域,小浪底水库,2026-08-12 01:00,3,27.56,7.87,5.26,823.62,25.054,2.61,,0.037,3.2993,,,2026-08-12 01:23:49
湖北省,长江流域,沐家泾,2026-08-12 01:00,3,28.65,7.53,5.45,173.244,72.201,5,0.014,0.115,1.398,,,2026-08-12 01:23:49
湖北省,长江流域,牛山湖湖心,2026-08-12 01:00,3,29.62,8.34,7.08,172.802,20.285,4.28,,0.031,0.211,0.00555,3.067237,2026-08-12 01:23:49
湖北省,长江流域,西梁子湖湖北,2026-08-12 01:00,3,30.006,8.31,6.37,176.52,23.881,4.67,0.035,0.036,0.859,0.00462,2.553582,2026-08-12 01:23:49
湖北省,长江流域,杨泗港,2026-08-12 01:00,2,28.55,7.83,7.76,287.801,66.12,1.56,,0.086,2.667,,,2026-08-12 01:23:49
湖北省,长江流域,冯集,2026-08-12 01:00,4,30.33,7.4,4.94,204.71,17.962,4.29,0.181,0.16,1.153,,,2026-08-12 01:23:49
湖北省,长江流域,龙口,2026-08-12 01:00,4,30.67,8.32,7.15,183.08,21.32,6.06,0.017,0.086,1.289,,,2026-08-12 01:23:49
湖北省,长江流域,金水闸,2026-08-12 01:00,6,30.49,6.96,1.29,276.95,23.56,4.77,0.247,0.061,1.074,,,2026-08-12 01:23:49
湖北省,长江流域,郭玉,2026-08-12 01:00,3,29.002,7.62,5.69,222.8,28.105,4.54,0.036,0.15,2.267,,,2026-08-12 01:23:49
湖北省,长江流域,滠口,2026-08-12 00:00,3,28.91,8.73,10.81,218.4848,41.13,5.13,0.112,0.119,1.0748,,,2026-08-12 01:23:49
湖北省,长江流域,港洲村,2026-08-12 01:00,4,30.38,7.44,4.63,448.4,18.5105,3.79,0.265,0.128,0.81,,,2026-08-12 01:23:49
湖北省,长江流域,黄陵大桥,2026-08-12 01:00,4,30.214,7.54,4.67,436.249,14.314,5.85,0.105,0.097,0.934,,,2026-08-12 01:23:49
湖北省,长江流域,白浒山,2026-08-12 01:00,3,28.67,7.85,7.82,327.91,80.88731,1.78,0.002,0.106,1.767961,,,2026-08-12 01:23:49
湖北省,长江流域,挖沟泵站,2026-08-12 01:00,5,31.047,7.1,2.69,1010.664,18.76222,4.36,0.148,0.105,1.391107,,,2026-08-12 01:23:49
湖北省,长江流域,富池闸,2026-08-12 01:00,3,29.77,7.21,5.12,221.5069,17.28861,2.42,0.061,0.05,1.186502,,,2026-08-12 01:23:49
湖北省,长江流域,大冶湖闸,2026-08-12 00:00,4,30.72,7.2,3,324.34,20.21,3.92,0.148,0.064,0.585,,,2026-08-12 01:23:49
湖北省,长江流域,夹河口,2026-08-12 00:00,2,20.79,7.79,6.88,272.3185,123.41,3.85,0.408,0.072,2.849,,,2026-08-12 01:23:49
湖北省,长江流域,天河口,2026-08-12 00:00,2,27.69,8.12,7.1,375.57,14.8,2.45,0.308,0.062,1.233,,,2026-08-12 01:23:49
湖北省,长江流域,焦家院,2026-08-12 01:00,2,23.01,7.63,6.48,243.849,6.436,1.42,0.013,0.027,0.8682,,,2026-08-12 01:23:49
湖北省,长江流域,孙家湾,2026-08-12 00:00,2,25.49,7.1,7.9,153.37,391.11,3.1,0.006,0.039,0.841,,,2026-08-12 01:23:49
湖北省,长江流域,浪河口,2026-08-12 00:00,2,26.66,8.02,7.65,,,3.65,0.039,0.036,1.139,,,2026-08-12 01:23:49
湖北省,长江流域,丹江口水库坝上中,2026-08-12 01:00,2,29.66,8.34,7.49,235.252,3.617003,1.69,0.118,0.007,0.7696,0.0048128,1.9649,2026-08-12 01:23:49
湖北省,长江流域,陈家坡,2026-08-12 00:00,2,27.64,8,7.88,272.7,16.97,1.77,0.324,0.028,1.2969,,,2026-08-12 01:23:49
湖北省,长江流域,潘口水库坝上,2026-08-12 01:00,2,29.33,8.9,12.58,171,4.1,2.15,,0.009,0.208,,,2026-08-12 01:23:49
湖北省,长江流域,剑河口,2026-08-12 00:00,2,29.62,7.5,7.12,251.12,0.68,1.98,0.142,0.024,0.704,,,2026-08-12 01:23:49
湖北省,长江流域,东湾桥,2026-08-12 00:00,3,24.59,7.76,7.68,315.9196,97.42,5.66,0.05,0.08,2.4727,,,2026-08-12 01:23:49
湖北省,长江流域,神定河口,2026-08-12 01:00,6,26.2,7.93,8.58,265.287,210.956,9.78,2.096,0.432,8.291,,,2026-08-12 01:23:49
湖北省,长江流域,泗河口,2026-08-12 01:00,4,25.94,7.48,7.67,,147.085,6.49,1.087,0.191,5.065,,,2026-08-12 01:23:49
湖北省,长江流域,王河电站,2026-08-12 00:00,2,27.91,8.03,6.81,382.7258,12.3,1.61,0.037,0.019,1.011,,,2026-08-12 01:23:49
湖北省,长江流域,隔河岩水库坝上,2026-08-12 01:00,2,21.11,8.59,7.57,192.68,2.11,1.36,,0.013,1.847,0.03564,4204033,2026-08-12 01:23:49
湖北省,长江流域,长沙坝,2026-08-12 01:00,2,26.032,8.14,7.38,448.647,3.236,2.16,0.018,0.023,1.639,,,2026-08-12 01:23:49
湖北省,长江流域,清江大桥,2026-08-12 00:00,2,21.98,7.68,7.9,323.246,35.212,1.78,0.085,0.066,3.298,,,2026-08-12 01:23:49
湖北省,长江流域,南津关,2026-08-12 01:00,2,27.2,7.95,6.82,503.697,9.138449,1.2,0.018,0.036,1.4734,0.0207246,,2026-08-12 01:23:49
湖北省,长江流域,马渡河,2026-08-12 00:00,2,23.15,7.62,7.17,367.49,9.38,2.29,0.004,0.052,2.935,,,2026-08-12 01:23:49
湖北省,长江流域,铁路大桥,2026-08-12 00:00,2,23.87,8.01,7.63,450.9,37.6,2.53,0.0003,0.065,2.357,,,2026-08-12 01:23:49
湖北省,长江流域,两河口,2026-08-12 00:00,3,27.158,7.93,6.69,478.3538,40.3319,3.79,0.046,0.111,2.6971,,,2026-08-12 01:23:49
湖北省,长江流域,桅杆坪,2026-08-12 00:00,2,18.6,7.52,6.92,284.32,0.74,1.19,,0.033,2.92,,,2026-08-12 01:23:49
湖北省,长江流域,白石港,2026-08-12 01:00,2,27.71,8.29,6.62,315.337,2.626,2.34,0.018,0.008,1.136,,,2026-08-12 01:23:49
湖北省,长江流域,云池,2026-08-12 00:00,2,27.07,7.93,6.81,408.61,10.53,1.17,,0.035,1.61,,,2026-08-12 01:23:49
湖北省,长江流域,翟湾,2026-08-12 01:00,4,26.27,7.28,3.9,316.1601,256.6231,7.17,1.127,0.253,3.8229,,,2026-08-12 01:23:49
湖北省,长江流域,埠口,2026-08-12 00:00,4,26.56,7.28,4.24,340.8625,579.2831,7.81,0.64,0.174,,,,2026-08-12 01:23:49
湖北省,长江流域,张湾,2026-08-12 00:00,3,26.76,7.47,6.37,393.5512,59.33,5.2,0.221,0.193,5.015,,,2026-08-12 01:23:49
湖北省,长江流域,余家湖,2026-08-12 00:00,2,24.14,7.9,7.32,298.5791,27.1,2.26,0.072,0.03,2.533,,,2026-08-12 01:23:49
湖北省,长江流域,聂家滩,2026-08-12 00:00,3,26.42,7.65,5.84,264.235,103.92,3.08,0.254,0.133,1.358,,,2026-08-12 01:23:49
湖北省,长江流域,汤店,2026-08-12 00:00,4,27.25,7.25,3.97,602.3499,10.4,4.27,0.106,0.042,0.98,,,2026-08-12 01:23:49
湖北省,长江流域,沈湾,2026-08-12 01:00,2,18.38,7.67,6.13,333.7,100.73,2.39,0.147,0.051,1.64,,,2026-08-12 01:23:49
湖北省,长江流域,朱市,2026-08-12 00:00,3,26.93,7.99,5.76,464.1122,41.61,3.73,0.378,0.146,1.565,,,2026-08-12 01:23:49
湖北省,长江流域,马兰河口,2026-08-12 00:00,3,33.16,8.33,6.82,,6.31,4.58,0.072,0.062,2.249,,,2026-08-12 01:23:49
湖北省,长江流域,东梁子湖湖心,2026-08-12 01:00,4,29.35,7.86,3.98,183.284,44.971,4.62,0.08,0.066,0.808,,,2026-08-12 01:23:49
湖北省,长江流域,梁子湖七星站,2026-08-12 01:00,4,29.36,7.58,4.15,195.7373,35.75238,5.55,0.097,0.016,1.405862,0.03477155,,2026-08-12 01:23:49
湖北省,长江流域,漳河水库库心,2026-08-12 01:00,1,28.34,8.31,8.22,314.9257,4.4279,1.7,0.027,0.004,0.457,0.00033,8.0569,2026-08-12 01:23:49
湖北省,长江流域,转斗,2026-08-12 01:00,2,26.06,8.07,7.43,399.506,30.1575,3.61,0.011,0.054,1.428,,,2026-08-12 01:23:49
湖北省,长江流域,罗汉闸,2026-08-12 01:00,2,27.68,8.29,8.24,350.99,214.99,2.79,0.028,0.08,1.3507,,,2026-08-12 01:23:49
湖北省,长江流域,京山河邓李港,2026-08-12 01:00,3,29.45,7.55,6.54,473.1266,13.1135,2.81,0.013,0.146,2.663,,,2026-08-12 01:23:49
湖北省,长江流域,马良龚家湾,2026-08-12 00:00,5,28.093,7.5,3.12,1633.2,53.0168,8.44,1.821,0.304,3.942,,,2026-08-12 01:23:49
湖北省,长江流域,应城公路桥,2026-08-12 00:00,2,29.11,7.9,6.58,505.79,34.6261,2.53,0.032,0.055,0.7602,,,2026-08-12 01:23:49
湖北省,长江流域,田店泵站,2026-08-12 01:00,2,30.85,7.9,6.6,456.03,16.6366,2.51,0.04,0.031,0.3476,,,2026-08-12 01:23:49
湖北省,长江流域,垌冢桥,2026-08-12 01:00,5,29.394,7.19,2.79,414.934,53.544,3.26,0.173,0.225,3.067,,,2026-08-12 01:23:49
湖北省,长江流域,新沟闸,2026-08-12 01:00,6,30.31,7.54,3.01,479.08,44.1,4.08,2.044,0.129,3.349,,,2026-08-12 01:23:49
湖北省,长江流域,小河,2026-08-12 01:00,3,30.34,8.26,6.35,343.11,89.07,4.23,0.034,0.086,2.089,,,2026-08-12 01:23:49
湖北省,长江流域,孝昌王店,2026-08-12 01:00,3,28.59,7.52,6.68,313.97,24.2945,5.64,0.073,0.143,1.6724,,,2026-08-12 01:23:49
湖北省,长江流域,孝感河口大桥,2026-08-12 01:00,4,29.49,7.27,4.2,263.406,45.877,4.69,0.158,0.138,2.0409,,,2026-08-12 01:23:49
湖北省,长江流域,大悟河口,2026-08-12 00:00,2,29.17,7.58,6.23,239.6,12.84,3.6,0.011,0.05,0.4426,,,2026-08-12 01:23:49
湖北省,长江流域,安陆桑树,2026-08-12 01:00,3,29.23,7.89,5.51,458.69,19.4493,2.67,0.019,0.036,0.56863,,,2026-08-12 01:23:49
湖北省,长江流域,隔蒲桥,2026-08-12 01:00,3,29.61,7.39,5.96,399.96,30.305,5.75,0.063,0.094,2.5479,,,2026-08-12 01:23:49
湖北省,长江流域,汉川新堰,2026-08-12 01:00,5,29.62,7.26,2.66,440.66,53.688,3.86,0.168,0.182,1.651,,,2026-08-12 01:23:49
湖北省,长江流域,杨柴湖,2026-08-12 01:00,5,26.9,6.85,2.88,316.8,15,5.47,,0.076,0.271,0.00248,907413.9,2026-08-12 01:23:49
湖北省,长江流域,排水闸,2026-08-12 01:00,4,27.43,7.79,6.48,305.1627,72.9609,3.6,,0.066,0.882,0.00106,4.408656,2026-08-12 01:23:49
湖北省,长江流域,洪湖湖心,2026-08-12 01:00,4,27.2,7.92,6.66,309.302,244.721,5.29,0.205,0.096,2.618,0.0005,152632,2026-08-12 01:23:49
湖北省,长江流域,观音寺,2026-08-12 00:00,2,27.19,7.99,7.54,414.76,20.27,1.05,,0.046,1.868,,,2026-08-12 01:23:49
湖北省,长江流域,新刘家台,2026-08-12 01:00,3,28.913,8.06,5.79,328.55,49.68,3.91,0.002,0.099,1.316,,,2026-08-12 01:23:49
湖北省,长江流域,荆州河口,2026-08-12 00:00,3,28.63,7.78,6.29,590.9505,105.7208,5.44,0.114,0.165,2.6184,,,2026-08-12 01:23:49
湖北省,长江流域,康家岗,2026-08-12 01:00,2,26.79,7.84,7.5,394.012,28.2104,1.18,0.003,0.056,1.8741,,,2026-08-12 01:23:49
湖北省,长江流域,新河村,2026-08-12 01:00,5,28.531,7.41,2.35,401.85,25.905,3.82,0.287,0.143,1.767,,,2026-08-12 01:23:49
湖北省,长江流域,新滩,2026-08-12 01:00,5,29.995,7.45,2.47,415.5,30.37,3,0.015,0.101,1.944,,,2026-08-12 01:23:49
湖北省,长江流域,淤泥湖,2026-08-12 01:00,2,27.9,8.25,7.71,388.5,22.2,1.76,0.008,0.082,1.782,,,2026-08-12 01:23:49
湖北省,长江流域,杨家垱,2026-08-12 00:00,2,26.68,8.02,7.69,371.93,31.43,1.19,0.018,0.072,1.931,,,2026-08-12 01:23:49
湖北省,长江流域,调关,2026-08-12 01:00,2,27.01,7.9,7.85,403.31,22.298,1.11,0.191,0.048,1.7136,,,2026-08-12 01:23:49
湖北省,长江流域,三兴公,2026-08-12 00:00,4,27.604,7.42,4.66,476.753,10.035,3.62,0.015,0.072,0.844,,,2026-08-12 01:23:49
湖北省,长江流域,东关桥,2026-08-12 00:00,4,28.7,7.5,3.65,426.7,38.6,2.42,0.283,0.12,2.9279,,,2026-08-12 01:23:49
湖北省,长江流域,姚集,2026-08-12 01:00,4,28,7.46,4.34,471.1,21.6,2.96,0.168,0.088,1.54,,,2026-08-12 01:23:49
湖北省,长江流域,乌溪沟,2026-08-12 01:00,2,22.51507,8.19,8.27,319.6198,20.87653,0.8,0.034,0.092,1.996166,,,2026-08-12 01:23:49
湖北省,长江流域,白莲河水库坝上,2026-08-12 01:00,3,29.75,,6.66,113.3,4.749,3.52,0.012,0.031,0.5062,0.018578,63573,2026-08-12 01:23:49
湖北省,长江流域,巴河镇河口,2026-08-12 01:00,4,30.246,7.41,4.61,140.435,9.897,2.29,0.046,0.085,0.945,,,2026-08-12 01:23:49
湖北省,长江流域,中官铺,2026-08-12 01:00,2,29.092,7.76,6.67,340.789,50.35,1.63,0.008,0.06,1.861,,,2026-08-12 01:23:49
湖北省,长江流域,蕲春县八里湖,2026-08-12 00:00,3,30.3,7.34,5.07,200.6003,100.68,3.42,0.409,0.157,2.138,,,2026-08-12 01:23:49
湖北省,长江流域,咸宁湖心,2026-08-12 01:00,4,29.55,8.42,6.94,185.341,22.572,6.11,0.07,0.086,1.221,0.0114,3.503975,2026-08-12 01:23:49
湖北省,长江流域,窑嘴大桥,2026-08-12 00:00,6,29.38,7.24,1.86,396.7589,22.43,2,0.132,0.083,2.113,,,2026-08-12 01:23:49
湖北省,长江流域,陆溪口,2026-08-12 01:00,4,28.87,7.48,4.24,200.21,17.86,3.07,0.215,0.062,1.269,,,2026-08-12 01:23:49
湖北省,长江流域,洪下水文站,2026-08-12 01:00,2,28.8,8.03,7.72,181.9,4.68,1.4,0.073,0.042,0.973,,,2026-08-12 01:23:49
湖北省,长江流域,厉山,2026-08-12 00:00,4,28.55,7.64,4.88,329.0019,53.48,6.6,0.744,0.201,3.3648,,,2026-08-12 01:23:49
湖北省,长江流域,平林,2026-08-12 01:00,4,29.6,7.74,6.09,353.137,15.745,7.92,0.036,0.146,1.283,,,2026-08-12 01:23:49
湖北省,长江流域,涢水大桥,2026-08-12 00:00,4,28.49,7.51,3.91,375.6767,21.76,3.92,0.119,0.074,0.6808,,,2026-08-12 01:23:49
湖北省,长江流域,江口村,2026-08-12 00:00,1,27.8,8.62,9.82,187.92,3.075,1.16,0.009,0.01,1.243,,,2026-08-12 01:23:49
湖北省,长江流域,雪照河,2026-08-12 00:00,2,21.05,8.23,8.75,318.16,26.486,1.42,,0.064,3.239,,,2026-08-12 01:23:49
湖北省,长江流域,周家坝,2026-08-12 00:00,2,20.73,8.01,9.23,183.57,77.794,1.15,,0.032,2.875,,,2026-08-12 01:23:49
湖北省,长江流域,百福司镇,2026-08-12 01:00,2,21.593,7.77,8.91,211.197,9.933,0.56,0.027,0.028,1.27,,,2026-08-12 01:23:49
湖北省,长江流域,长顺乡,2026-08-12 01:00,2,19.945,7.79,9.47,185.876,82.9528,1.77,0.056,0.052,1.903,,,2026-08-12 01:23:49
湖北省,长江流域,积玉口荷花村,2026-08-12 00:00,4,27.51,7.69,4.24,356.8465,43.5077,4.95,0.151,0.112,1.209,,,2026-08-12 01:23:49
湖北省,长江流域,潜江大桥,2026-08-12 00:00,2,27.8,8.46,7.9,315.1436,28.22,3.11,0.034,0.065,1.214,,,2026-08-12 01:23:49
湖北省,长江流域,岳口,2026-08-12 00:00,3,27.9,8.1,5.73,324,39.17,4.08,0.063,0.076,1.568,,,2026-08-12 01:23:49
湖北省,长江流域,拖市,2026-08-12 00:00,3,26.98,7.54,5.01,494.1,29.801,5.12,0.095,0.11,1.4687,,,2026-08-12 01:23:49
湖北省,长江流域,阳日湾,2026-08-12 01:00,6,19.099,8.13,9.15,287.665,1571.441,6.28,0.164,0.6,2.9432,,,2026-08-12 01:23:49
湖南省,长江流域,昭山,2026-08-12 00:00,2,29.5,7.48,6.25,220.8,10.5,1.64,,0.056,1.452,,,2026-08-12 01:23:49
湖南省,长江流域,捞刀河口,2026-08-12 00:00,4,30.83,6.69,3.11,201.6,22.9469,2.97,0.321,0.093,2.046,,,2026-08-12 01:23:49
湖南省,长江流域,三角洲,2026-08-12 01:00,4,29.31,7.06,3.58,223.12,29.56,0.89,0.128,0.135,2.965,,,2026-08-12 01:23:49
湖南省,长江流域,胜利,2026-08-12 01:00,5,28.49,7.04,2.65,398.53,14.76,3.24,0.169,0.091,1.753,,,2026-08-12 01:23:49
湖南省,长江流域,桔子洲,2026-08-12 00:00,2,29.76,7.86,6.32,248.7499,7.14,1.02,0.052,0.062,1.433,,,2026-08-12 01:23:49
湖南省,长江流域,湘东沿塘,2026-08-12 00:00,2,26.644,6.98,6.29,104.777,6.029,2.55,0.201,0.081,1.951,,,2026-08-12 01:23:49
湖南省,长江流域,马家河,2026-08-12 01:00,2,30.18,7.56,6.06,219.33,5.38,1.98,0.018,0.05,1.465,,,2026-08-12 01:23:49
湖南省,长江流域,渌水入河口,2026-08-12 01:00,3,30.5234,7.49,5.78,291.7034,6.3388,2.24,0.287,0.109,2.322,,,2026-08-12 01:23:49
湖南省,长江流域,涟水入河口,2026-08-12 01:00,3,30.01,7.92,5.79,363.38,29.14,2.62,0.05,0.06,1.5376,,,2026-08-12 01:23:49
湖南省,长江流域,西阳渡口,2026-08-12 01:00,2,29.09,8.24,9.54,339.19,1.593,,0.024,0.031,1.72,,,2026-08-12 01:23:49
湖南省,长江流域,归阳镇,2026-08-12 01:00,2,31.14,7.73,6.35,178.32,1.87,1.42,0.021,0.032,1.145,,,2026-08-12 01:23:49
湖南省,长江流域,舂陵水入湘江口,2026-08-12 01:00,2,31.042,8.28,8.09,275.4509,5.4786,2.22,0.025,0.081,1.0767,,,2026-08-12 01:23:49
湖南省,长江流域,耒水入湘江口,2026-08-12 01:00,3,28.8386,7.5,5.97,223.7976,6.7566,1.58,0.015,0.069,1.423,,,2026-08-12 01:23:49
湖南省,长江流域,熬洲,2026-08-12 00:00,2,28.4,7.53,6.57,201.9996,3.0551,1.81,0.02,0.052,1.384,,,2026-08-12 01:23:49
湖南省,长江流域,大河滩,2026-08-12 01:00,3,25.82,7.02,5.5,233.48,2.46,1.84,0.048,0.07,1.516,,,2026-08-12 01:23:49
湖南省,长江流域,草市镇,2026-08-12 01:00,3,29.3218,6.63,5.38,132.1645,9.8279,2.32,0.072,0.052,1.351,,,2026-08-12 01:23:49
湖南省,长江流域,洣水入湘江口,2026-08-12 01:00,2,29.494,7.6,6.26,151.93,10.39,2.38,0.031,0.047,1.389,,,2026-08-12 01:23:49
湖南省,长江流域,城北水厂,2026-08-12 00:00,2,30.16,8.22,7.3,218.7,5.94,1.04,0.023,0.051,1.0532,,,2026-08-12 01:23:49
湖南省,长江流域,蒸水入湘江口,2026-08-12 01:00,4,31.6148,7.72,4.85,285.8414,17.6615,3.75,0.05,0.136,2.04,,,2026-08-12 01:23:49
湖南省,长江流域,塘渡口,2026-08-12 00:00,2,29.61,7.77,6.53,139.3054,1.6558,1.13,0.036,0.021,1.076,,,2026-08-12 01:23:49
湖南省,长江流域,窑市,2026-08-12 01:00,2,26.59,7.47,7.71,48.4545,5.0605,0.94,,0.025,0.497,,,2026-08-12 01:23:49
湖南省,长江流域,渡头村,2026-08-12 01:00,2,29.55,7.74,6.1,215.48,4.9888,2.21,0.026,0.059,1.5,,,2026-08-12 01:23:49
湖南省,长江流域,邵水入河口,2026-08-12 01:00,4,30.51,7.36,4.93,453.932,16.933,2.94,0.255,0.08,2.738,,,2026-08-12 01:23:49
湖南省,长江流域,绥宁河口镇,2026-08-12 00:00,1,26.5504,7.42,7.86,75.4707,3.7943,0.95,0.004,0.02,0.5598,,,2026-08-12 01:23:49
湖南省,长江流域,藕池河东支入境,2026-08-12 00:00,2,27.344,8.21,8.02,382.925,12.849,0.31,0.027,0.042,1.924,,,2026-08-12 01:23:49
湖南省,长江流域,岳阳楼,2026-08-12 01:00,3,29.38,7.88,6.77,243.0024,64.2905,1.34,0.01,0.048,1.3112,0.0009609,304616,2026-08-12 01:23:49
湖南省,长江流域,樟树港,2026-08-12 00:00,3,25.242,7.6,6.67,280.281,15.99,0.65,0.021,0.113,1.39,,,2026-08-12 01:23:49
湖南省,长江流域,城陵矶,2026-08-12 01:00,2,28.45,7.77,6.35,250.092,69.27386,2.15,0.012,0.054,1.0459,,,2026-08-12 01:23:49
湖南省,长江流域,荆江口,2026-08-12 00:00,2,27.3,7.89,7.65,388.3553,31.9058,1.01,0.078,0.062,1.8936,,,2026-08-12 01:23:49
湖南省,长江流域,六门闸,2026-08-12 00:00,3,28.38,7.5,5.02,436.4872,27.49,2.06,0.033,0.127,1.804,,,2026-08-12 01:23:49
湖南省,长江流域,南渡,2026-08-12 01:00,3,27.68,6.86,5.06,123.08,13.18,1.48,0.254,0.122,1.768,,,2026-08-12 01:23:49
湖南省,长江流域,八仙桥,2026-08-12 00:00,6,28.37,7,4.29,186.126,22.1074,17.06,0.192,0.084,0.9413,,,2026-08-12 01:23:49
湖南省,长江流域,坡头,2026-08-12 01:00,2,28.38,8.06,9.38,154.2893,22.08868,0.97,,0.036,1.3871,0.0017223,,2026-08-12 01:23:49
湖南省,长江流域,蒋家嘴,2026-08-12 00:00,3,25.6,7.6,5.66,176.0536,21.22,1.24,0.042,0.026,1.1392,0.00245,1.8234,2026-08-12 01:23:49
湖南省,长江流域,澧水三江口,2026-08-12 00:00,2,27.15104,7.93,8.31,233.8864,38.41285,,0.02,0.096,1.33273,,,2026-08-12 01:23:49
湖南省,长江流域,窑坡渡,2026-08-12 00:00,2,26.82,7.94,6.17,232.6229,51.282,1.73,0.18,0.058,1.1421,,,2026-08-12 01:23:49
湖南省,长江流域,马坡湖,2026-08-12 01:00,2,27.68,8.14,7.55,381.907,32.4742,1.67,,0.086,1.414,,,2026-08-12 01:23:49
湖南省,长江流域,陈家河,2026-08-12 01:00,2,28.532,8.01,6.56,184.411,5.043,1.37,0.094,0.033,1.12,,,2026-08-12 01:23:49
湖南省,长江流域,永定澄潭,2026-08-12 01:00,2,23.86,7.88,9.01,194.62,23.492,0.17,0.004,0.088,0.757,,,2026-08-12 01:23:49
湖南省,长江流域,万家嘴,2026-08-12 01:00,2,29.13,7.54,6.61,179.3801,14.66203,1.4,0.051,0.055,2.1141,0.0020059,188211.9,2026-08-12 01:23:49
湖南省,长江流域,南嘴,2026-08-12 01:00,4,28.45,7.68,6.37,217.869,102.0979,1.73,,0.059,1.2171,0.022,868000.8,2026-08-12 01:23:49
湖南省,长江流域,小河嘴,2026-08-12 01:00,3,28.41,7.85,6.24,190.474,20.3206,,,0.035,1.078,0.00168035,5.50632,2026-08-12 01:23:49
湖南省,长江流域,坪口,2026-08-12 01:00,2,29.48,8.44,9.49,215.7,16.35,2.05,0.012,0.024,1.348,,,2026-08-12 01:23:49
湖南省,长江流域,桃谷山,2026-08-12 01:00,3,26.96,7.75,5.93,191.636,11.5181,1.47,0.0005,0.06,1.601,,,2026-08-12 01:23:49
湖南省,长江流域,头山,2026-08-12 00:00,2,28.47,8.46,8.34,120.08,7.33,0.49,,0.011,0.5664,0.0025,5854000,2026-08-12 01:23:49
湖南省,长江流域,渡口大桥,2026-08-12 00:00,4,29.01,6.94,4.32,175.98,24.72,2.85,0.102,0.106,1.4902,,,2026-08-12 01:23:49
湖南省,长江流域,绿埠头,2026-08-12 01:00,2,29.02,7.68,7.2,179.07,2.5,0.89,0.002,0.024,0.926,,,2026-08-12 01:23:49
湖南省,长江流域,诸葛庙,2026-08-12 01:00,2,30.1,7.26,6.64,173.23,14.31,1.36,0.026,0.053,0.805,,,2026-08-12 01:23:49
湖南省,长江流域,五强溪,2026-08-12 01:00,2,29.97,8.66,9.4,188.19,2.2857,1.45,,0.021,1.103,,,2026-08-12 01:23:49
湖南省,长江流域,铜信溪电站,2026-08-12 00:00,2,27.25,7.98,7.65,216.07,6.92,0.87,0.053,0.022,1.266,,,2026-08-12 01:23:49
湖南省,长江流域,地阳坪公路大桥,2026-08-12 00:00,2,27.82,6.96,7.05,88.7844,6.6451,1.83,,0.064,0.607,,,2026-08-12 01:23:49
湖南省,长江流域,托口渠水,2026-08-12 01:00,2,30.01,8.37,7.25,72.6,3.777,1.3,0.003,0.016,0.552,,,2026-08-12 01:23:49
湖南省,长江流域,舞水入河口,2026-08-12 01:00,3,30.5,7.91,5.09,311.2,1.558,1.39,0.01,0.054,1.444,,,2026-08-12 01:23:49
湖南省,长江流域,溪子口,2026-08-12 01:00,2,25.45,7.53,6.83,251.1,6.077,0.92,0.006,0.032,1.306,,,2026-08-12 01:23:49
湖南省,长江流域,球溪,2026-08-12 01:00,2,30.567,7.84,6.71,226.83,1.969,1.8,0.246,0.041,1.451,,,2026-08-12 01:23:49
湖南省,长江流域,街埠头,2026-08-12 00:00,2,30.95,7.57,6.54,371.535,4.0314,3.52,0.053,0.032,1.756,,,2026-08-12 01:23:49
湖南省,长江流域,浦市上游,2026-08-12 00:00,2,29.86,7.82,7.03,176.48,7.25,0.9,,0.038,1.032,,,2026-08-12 01:23:49
湖南省,长江流域,里耶镇,2026-08-12 01:00,2,22.38,7.87,8.65,216.31,16.9,1.17,0.013,0.05,1.424,,,2026-08-12 01:23:49
湖南省,长江流域,江口,2026-08-12 00:00,2,26.42,7.78,7.52,235.3445,6.1492,1.2,,0.023,1.117,,,2026-08-12 01:23:49
湖南省,长江流域,武水汇合口,2026-08-12 00:00,2,29.93,7.86,7.94,182.551,3.9604,0.99,0.001,0.027,0.97,,,2026-08-12 01:23:49
广东省,珠江流域,大龙涌口,2026-08-12 01:00,2,30.164,7.47,6.37,222.734,19.622,1.35,0.001,0.071,2.32,,,2026-08-12 01:23:49
广东省,珠江流域,大墩,2026-08-12 00:00,3,30.629,7.06,5.55,98.526,43.615,1.26,0.021,0.062,1.349,,,2026-08-12 01:23:49
广东省,珠江流域,十里亭,2026-08-12 01:00,2,28.259,7.92,7.06,215.539,13.167,1.33,0.013,0.039,1.192,,,2026-08-12 01:23:49
广东省,珠江流域,长坝,2026-08-12 01:00,2,28.736,6.91,6.14,82.322,9.963,1.48,0.007,0.018,1.108,,,2026-08-12 01:23:49
广东省,珠江流域,三溪桥,2026-08-12 01:00,2,28.35,8.06,7.65,311.43,11.3,1.68,,0.087,1.3,,,2026-08-12 01:23:49
广东省,珠江流域,高桥,2026-08-12 00:00,3,28.36496,7.43,5.87,138.6226,10.32358,1.23,0.026,0.065,1.17743,,,2026-08-12 01:23:49
广东省,珠江流域,深圳河口,2026-08-12 00:00,3,31.84378,7.25,5.09,2343.592,49.24618,,0.178,0.161,4.09843,,,2026-08-12 01:23:49
广东省,珠江流域,小漠桥,2026-08-12 01:00,2,29.868,7.79,7.22,22882.24,6.671,2.06,,0.024,1.12,,,2026-08-12 01:23:49
广东省,珠江流域,珠海大桥,2026-08-12 01:00,2,29.9,7.93,7.24,277.846,33.524,1.34,,0.057,2.322,,,2026-08-12 01:23:49
广东省,珠江流域,石角咀水闸,2026-08-12 01:00,4,32.55,7.09,3.37,489.794,127.545,3.09,0.137,0.187,2.943,,,2026-08-12 01:23:49
广东省,珠江流域,鸡啼门大桥,2026-08-12 00:00,2,30.32,7.77,6.36,306.2,23.12,1.99,0.007,0.07,2.437,,,2026-08-12 01:23:49
广东省,珠江流域,布洲,2026-08-12 01:00,2,28.81,7.86,7.29,248.938,38.313,1.52,0.063,0.045,2.136,,,2026-08-12 01:23:49
广东省,珠江流域,海门湾桥闸,2026-08-12 01:00,3,28.52,7.2,6.58,436.76,36.92,4.35,0.956,0.17,3.749,,,2026-08-12 01:23:49
广东省,珠江流域,大衙,2026-08-12 00:00,2,33.424,6.96,6.23,114.237,11.474,1.22,0.001,0.034,1.40658,,,2026-08-12 01:23:49
广东省,珠江流域,古劳,2026-08-12 00:00,2,29.27586,7.49,6.86,270.207,34.45152,0.59,0.004,0.041,2.00114,,,2026-08-12 01:23:49
广东省,珠江流域,苍山渡口,2026-08-12 00:00,3,31.3,7.42,5.06,560.232,18.55,2.3,0.038,0.136,2.122,,,2026-08-12 01:23:49
广东省,珠江流域,渠首,2026-08-12 01:00,4,32.76,,8.21,122.1,23.15,7.14,0.011,0.026,0.869,0.02026,5787499,2026-08-12 01:23:49
广东省,珠江流域,黄坡,2026-08-12 00:00,3,33.68,7.86,8.74,151.96,8.84,5.18,,0.092,1.732,,,2026-08-12 01:23:49
广东省,珠江流域,山角,2026-08-12 01:00,6,32.69,9.09,13.35,127.99,26.13,4.92,0.028,0.067,2.196,,,2026-08-12 01:23:49
广东省,珠江流域,运河管理局,2026-08-12 01:00,4,33.04,8.43,7.82,123.3,39.13,6.12,,0.025,0.824,,,2026-08-12 01:23:49
广东省,珠江流域,排里,2026-08-12 00:00,4,33.25,7.48,8.42,161.26,11.06,8.05,0.03,0.16,2.086,,,2026-08-12 01:23:49
广东省,珠江流域,南渡河桥,2026-08-12 01:00,4,32.43,6.55,3.21,200.02,21.53,6.69,0.924,0.082,3.414,,,2026-08-12 01:23:49
广东省,珠江流域,营仔,2026-08-12 00:00,4,31.41,6.77,3.29,169.88,11.1,6.93,0.107,0.113,2.453,,,2026-08-12 01:23:49
广东省,珠江流域,黄竹尾水闸,2026-08-12 00:00,3,32.89,7.39,5.82,135.24,17.33,4.58,0.008,0.13,2.281,,,2026-08-12 01:23:49
广东省,珠江流域,塘口,2026-08-12 01:00,3,31.86,7.03,6.54,123.79,16,3.54,0.033,0.146,2.224,,,2026-08-12 01:23:49
广东省,珠江流域,石碧,2026-08-12 00:00,4,33.035,6.38,3.52,290.84,51.179,6.27,0.381,0.221,3.479,,,2026-08-12 01:23:49
广东省,珠江流域,石骨水库,2026-08-12 01:00,2,32.338,,9.51,70.92,5.6103,2.46,0.009,0.021,0.499,,,2026-08-12 01:23:49
广东省,珠江流域,良德水库,2026-08-12 01:00,1,32.33,8.17,8.16,64.4,11.928,1.74,,0.005,0.329,0.00507,558649,2026-08-12 01:23:49
广东省,珠江流域,米急渡,2026-08-12 01:00,2,30.57,6.94,6.11,91.083,35.552,1.67,0.064,0.077,1.599,,,2026-08-12 01:23:49
广东省,珠江流域,白沙街,2026-08-12 00:00,2,29.906,7.7,7.49,169.599,6.916,1.02,0.024,0.035,1.372,,,2026-08-12 01:23:49
广东省,珠江流域,紫溪,2026-08-12 01:00,5,30.898,6.95,2.94,328.928,25.122,2.65,0.171,0.053,5.03,,,2026-08-12 01:23:49
广东省,珠江流域,虎爪断桥,2026-08-12 01:00,4,31.009,7.38,6.28,5866.701,13.693,6.35,0.64,0.167,4.209,,,2026-08-12 01:23:49
广东省,珠江流域,公庄河口,2026-08-12 00:00,3,30.2,7.05,7.05,144.7,79.2,2.42,0.094,0.108,1.714,,,2026-08-12 01:23:49
广东省,珠江流域,青溪,2026-08-12 00:00,2,29.69463,7.36,6.79,135.5422,2.14691,1.22,0.017,0.038,1.28057,,,2026-08-12 01:23:49
广东省,珠江流域,五丰渡口,2026-08-12 01:00,2,29.03,6.83,6.5,91.6,12.28,1.44,0.141,0.043,3.7474,,,2026-08-12 01:23:49
广东省,珠江流域,新铺,2026-08-12 01:00,3,30.12,7.24,5.1,141.289,0.14,2.06,0.076,0.037,1.6322,,,2026-08-12 01:23:49
广东省,珠江流域,海丰西闸,2026-08-12 01:00,2,31.69,7.04,6.71,55.7,5,2.34,,0.034,0.386,,,2026-08-12 01:23:49
广东省,珠江流域,东溪水闸,2026-08-12 01:00,3,32.44,6.96,5.82,171.884,32.09,4.06,0.121,0.054,1.134,,,2026-08-12 01:23:49
广东省,珠江流域,尖山,2026-08-12 01:00,3,32.33,6.72,7.2,250.97,4.91,3.92,0.062,0.131,2.029,,,2026-08-12 01:23:49
广东省,珠江流域,埠场,2026-08-12 01:00,3,31.53,6.97,7.71,180.963,13.695,2.5,,0.101,1.553,,,2026-08-12 01:23:49
广东省,珠江流域,大泉,2026-08-12 01:00,4,32.16,6.74,3.57,1346.7,24.3,4.13,0.462,0.156,2.154,,,2026-08-12 01:23:49
广东省,珠江流域,北江石尾,2026-08-12 01:00,2,30.133,7.51,6.46,163.554,8.535,1.25,0.008,0.044,1.285,,,2026-08-12 01:23:49
广东省,珠江流域,樟村,2026-08-12 01:00,4,31.53,7.09,4.02,396.094,18.43,3.12,0.788,0.167,5.467,,,2026-08-12 01:23:49
广东省,珠江流域,沙田泗盛,2026-08-12 00:00,4,30.2,6.61,4.37,238.65,25.73,3.05,0.106,0.081,2.108,,,2026-08-12 01:23:49
广东省,珠江流域,旗岭,2026-08-12 01:00,3,30.86,7.3,5.95,409.753,32.92,2.64,0.2,0.161,5.962,,,2026-08-12 01:23:49
广东省,珠江流域,石龙南河,2026-08-12 00:00,2,29.01,6.89,6.94,97.843,20.617,0.99,0.006,0.057,1.466,,,2026-08-12 01:23:49
广东省,珠江流域,中山港码头,2026-08-12 01:00,2,29.92,7.74,6.66,271.17,11.635,0.98,0.212,0.058,2.534,,,2026-08-12 01:23:49
广东省,珠江流域,赤凤,2026-08-12 01:00,2,29.9,7.3,7.25,109.48,15.39,,,,,,,2026-08-12 01:23:49
广东省,珠江流域,龟山塔,2026-08-12 01:00,2,29.75,7,6.7,77.385,20.604,1.02,0.139,0.056,1.1393,,,2026-08-12 01:23:49
广东省,珠江流域,古封,2026-08-12 00:00,1,28.29,8.02,7.64,,1.14,,,,,,,2026-08-12 01:23:49
广西壮族自治区,珠江流域,老口,2026-08-12 01:00,2,29.52072,7.78,8.54,268.4447,10.21948,1.25,0.002,0.03,2.269009,,,2026-08-12 01:23:49
广西壮族自治区,珠江流域,叮当,2026-08-12 01:00,2,30.51,7.59,6.75,333.553,14.044,1.67,0.028,0.075,3.8209,,,2026-08-12 01:23:49
广西壮族自治区,珠江流域,六景,2026-08-12 00:00,2,29.8,7.81,6.76,302.08,12.63,1.44,,0.031,2.109,,,2026-08-12 01:23:49
广西壮族自治区,珠江流域,雁江,2026-08-12 00:00,3,28.59052,7.88,5.63,311.0422,7.05945,1.21,0.018,0.018,1.96015,,,2026-08-12 01:23:49
广西壮族自治区,珠江流域,上中,2026-08-12 00:00,2,30.41,7.67,6.88,280.9223,15.31578,1.45,0.03,0.027,2.56363,,,2026-08-12 01:23:49
广西壮族自治区,珠江流域,白马,2026-08-12 01:00,2,28.25,7.79,6.21,319.6,11.61,0.87,,0.031,2.036,,,2026-08-12 01:23:49
广西壮族自治区,珠江流域,露塘,2026-08-12 00:00,2,28.15,7.99,8.64,208.3488,8.64326,0.84,0.015,0.023,1.11059,,,2026-08-12 01:23:49
广西壮族自治区,珠江流域,龙溪,2026-08-12 01:00,2,29.13,7.47,6.82,152.305,5.821,1.09,,0.016,1.311,,,2026-08-12 01:23:49
广西壮族自治区,珠江流域,阳朔,2026-08-12 00:00,2,29.91,8.06,7.79,232.853,2.71,1.39,0.004,0.042,1.7007,,,2026-08-12 01:23:49
广西壮族自治区,珠江流域,京南,2026-08-12 00:00,2,30.04298,7.94,8.29,179.6188,12.92418,1.04,0.012,0.041,,,,2026-08-12 01:23:49
广西壮族自治区,珠江流域,亚桥,2026-08-12 00:00,3,30.57,7.18,7.05,173.384,9.223,3.04,0.023,0.129,2.632,,,2026-08-12 01:23:49
广西壮族自治区,珠江流域,东边埇,2026-08-12 01:00,2,29.55,6.49,6.16,79.9144,23.8749,2.06,0.036,0.099,2.755,,,2026-08-12 01:23:49
广西壮族自治区,珠江流域,南域,2026-08-12 00:00,3,31.84,6.98,6.51,192.5931,14.62018,4.67,0.034,0.137,3.66658,,,2026-08-12 01:23:49
广西壮族自治区,珠江流域,西门江,2026-08-12 01:00,3,32.02,6.87,5.1,472.499,24.988,3.67,0.159,0.188,2.9114,,,2026-08-12 01:23:49
广西壮族自治区,珠江流域,高速公路桥,2026-08-12 01:00,3,31.33,7.06,5.93,130.39,33.41,4.28,0.114,0.138,2.2389,,,2026-08-12 01:23:49
广西壮族自治区,珠江流域,三滩,2026-08-12 00:00,2,29.9,6.56,7.56,206.34,7.18,1.61,0.046,0.051,0.875,,,2026-08-12 01:23:49
广西壮族自治区,珠江流域,边贸码头,2026-08-12 01:00,2,29.82,6.74,8.4,60.95,9.38,1.26,0.194,0.062,1.327,,,2026-08-12 01:23:49
广西壮族自治区,珠江流域,高塘,2026-08-12 01:00,2,30.94,6.26,7.01,63.71,44.47,2.75,0.087,0.076,2.295,,,2026-08-12 01:23:49
广西壮族自治区,珠江流域,茅岭大桥,2026-08-12 01:00,2,30.53,6.41,6.89,91.33,17.55,2.15,0.025,0.06,1.08,,,2026-08-12 01:23:49
广西壮族自治区,珠江流域,钦江东,2026-08-12 00:00,3,30.24724,7.24,5.43,376.2944,223.2038,3.85,0.176,0.065,2.42802,,,2026-08-12 01:23:49
广西壮族自治区,珠江流域,高速公路西桥,2026-08-12 01:00,3,32.14,6.92,5.08,1052.58,72.24,5.54,0.067,0.15,2.592,,,2026-08-12 01:23:49
广西壮族自治区,珠江流域,武林渡口,2026-08-12 01:00,2,28.976,7.88,7.07,298.043,22.658,1.18,0.003,0.032,2.53,,,2026-08-12 01:23:49
广西壮族自治区,珠江流域,火电厂,2026-08-12 01:00,2,31.054,7.83,6.2,296.927,12.963,1.6,0.006,0.038,2.164,,,2026-08-12 01:23:49
广西壮族自治区,珠江流域,自良渡口,2026-08-12 00:00,3,30.53,7.01,5.15,116.7601,26.98514,1.93,0.021,0.073,2.01908,,,2026-08-12 01:23:49
广西壮族自治区,珠江流域,横塘,2026-08-12 00:00,3,31.25,7.18,6.6,211.0188,17.48392,2.42,0.001,0.143,3.05904,,,2026-08-12 01:23:49
广西壮族自治区,珠江流域,隘屯,2026-08-12 01:00,2,25.87772,8.05,8.84,354.4918,20.4628,0.44,,0.021,1.763409,,,2026-08-12 01:23:49
广西壮族自治区,珠江流域,公篓,2026-08-12 01:00,2,26.11,7.86,6.07,259.59,4.13,1.24,0.036,0.017,1.404,,,2026-08-12 01:23:49
广西壮族自治区,珠江流域,桂花,2026-08-12 00:00,2,29.07,7.86,7.94,199.2521,7.15902,1.11,0.011,0.041,1.4793,,,2026-08-12 01:23:49
广西壮族自治区,珠江流域,贺街,2026-08-12 01:00,2,29,7.48,7.28,198.1,15.229,0.88,0.025,0.044,0.971,,,2026-08-12 01:23:49
广西壮族自治区,珠江流域,车渡,2026-08-12 01:00,2,26.154,7.8,7.44,349.708,32.082,0.97,0.019,0.016,2.788,,,2026-08-12 01:23:49
广西壮族自治区,珠江流域,垒亭,2026-08-12 00:00,1,25.43436,7.77,7.88,355.6962,46.05736,0.96,0.008,0.014,1.89507,,,2026-08-12 01:23:49
广西壮族自治区,珠江流域,象州运江老街,2026-08-12 01:00,2,28.331,7.99,7.77,215.346,21.518,0.85,,0.026,1.417,,,2026-08-12 01:23:49
广西壮族自治区,珠江流域,上金,2026-08-12 01:00,3,30.29,6.72,5.06,118.4096,69.066,2.68,,0.031,2.4497,,,2026-08-12 01:23:49
广西壮族自治区,珠江流域,渠立,2026-08-12 01:00,1,29.3,7.8,8.8,242.913,19.659,1.48,,0.018,1.416,,,2026-08-12 01:23:49
广西壮族自治区,珠江流域,棉江,2026-08-12 01:00,2,29.42,7.78,7.01,203.491,34.175,1.87,,0.027,2.0284,,,2026-08-12 01:23:49
海南省,珠江流域,龙塘,2026-08-12 00:00,3,31.3,7.06,5.55,121.6,20,3.68,0.048,0.15,1.724,,,2026-08-12 01:23:49
海南省,珠江流域,后黎村,2026-08-12 00:00,4,31.7,6.75,3.37,98.9,15.1,,,,,,,2026-08-12 01:23:49
海南省,珠江流域,林家村,2026-08-12 00:00,2,30.99,7.19,7.54,145.47,22.86,1.45,0.05,0.034,2.261,,,2026-08-12 01:23:49
海南省,珠江流域,崖城大桥,2026-08-12 00:00,2,29.2,6.59,6.42,132.95,47.1,2.26,0.017,0.074,3.701,,,2026-08-12 01:23:49
海南省,珠江流域,藤桥河大桥,2026-08-12 00:00,2,29.85,7.36,7.21,1653.75,26.36,3.33,0.004,0.089,1.694,,,2026-08-12 01:23:49
海南省,珠江流域,松涛水库南丰库心,2026-08-12 00:00,2,31.56902,7.68,6.58,75.77276,1.092564,0.86,0.001,0.005,0.1607443,0.01374241,1164977,2026-08-12 01:23:49
海南省,珠江流域,上村桥,2026-08-12 01:00,3,30,6.7,5.53,159.9,95,4.48,,0.119,2.101,,,2026-08-12 01:23:49
海南省,珠江流域,中和桥,2026-08-12 01:00,3,31.9,6.92,5.75,514.3,18.3,4.83,0.106,0.155,1.672,,,2026-08-12 01:23:49
海南省,珠江流域,汀洲,2026-08-12 00:00,3,30.58,6.56,6.28,102.46,14.26,2.57,0.044,0.114,0.996,,,2026-08-12 01:23:49
海南省,珠江流域,龙江,2026-08-12 00:00,2,30.33,7.14,6.7,75.3,18.41,2.79,0.033,0.052,0.789,,,2026-08-12 01:23:49
海南省,珠江流域,溪仔村,2026-08-12 01:00,2,29.6,6.89,7.16,86.28,4.83,2.92,0.01,0.036,0.536,,,2026-08-12 01:23:49
海南省,珠江流域,羊头外村桥,2026-08-12 01:00,4,31.37,6.63,5.56,125.47,28.57,7.54,0.036,0.158,1.605,,,2026-08-12 01:23:49
海南省,珠江流域,农垦橡胶所一队,2026-08-12 01:00,2,31.1,6.66,6.78,70.7,7.2,1.25,0.001,0.021,1.599,,,2026-08-12 01:23:49
海南省,珠江流域,水涯新区,2026-08-12 00:00,4,30.7,6.61,3.8,138.4,21.4,3.47,0.234,0.097,1.49,,,2026-08-12 01:23:49
海南省,珠江流域,分洪桥,2026-08-12 01:00,2,32.9,7.55,14.61,84.71,21.2,3.24,0.006,0.029,0.389,,,2026-08-12 01:23:49
海南省,珠江流域,后山村,2026-08-12 01:00,6,32.52,6.72,1.79,195.08,17.5096,6.83,0.84,0.253,3.098,,,2026-08-12 01:23:49
海南省,珠江流域,大广坝水库出口,2026-08-12 01:00,4,28.24,7.02,3.6,92.001,9.332,1.89,,0.03,0.96,0.003862,1030900,2026-08-12 01:23:49
海南省,珠江流域,罗带铁路桥,2026-08-12 01:00,6,29.4,7.11,5.88,352.3,111.7,7.64,0.023,0.463,4.151,,,2026-08-12 01:23:49
海南省,珠江流域,山口,2026-08-12 01:00,2,31.3,6.83,6.76,93.87,19.31,3.51,0.011,0.038,0.768,,,2026-08-12 01:23:49
海南省,珠江流域,白仞滩电站,2026-08-12 01:00,3,31.8,7.3,5.3,151.9,24.8,4.49,0.013,0.178,2.173,,,2026-08-12 01:23:49
海南省,珠江流域,大风,2026-08-12 01:00,3,30.2077,6.99,5.58,190.3285,14.46373,3.09,0.001,0.09,2.285709,,,2026-08-12 01:23:49
海南省,珠江流域,叉河口,2026-08-12 01:00,2,31.1,7.42,7.29,305.4,8.9,2.71,0.019,0.075,4.338,,,2026-08-12 01:23:49
海南省,珠江流域,乐中,2026-08-12 00:00,2,29.4,7.28,6.92,95.2,30.7,1.84,,0.046,0.866,,,2026-08-12 01:23:49
海南省,珠江流域,跨界桥,2026-08-12 01:00,2,28.6,6.87,7.3,88.1,30,3.11,,0.081,1.887,,,2026-08-12 01:23:49
海南省,珠江流域,群英大坝,2026-08-12 01:00,2,29.4,7.22,7.38,95.3,10.3,2.22,,0.049,1.08,,,2026-08-12 01:23:49
海南省,珠江流域,大溪村,2026-08-12 01:00,3,29.9,6.95,5.86,239.1,16.4,4.69,0.168,0.108,1.702,,,2026-08-12 01:23:49
重庆市,长江流域,晒网坝,2026-08-12 01:00,2,27.45,7.86,6.36,374.6495,32.9366,1.87,,0.058,2.241,,,2026-08-12 01:23:49
重庆市,长江流域,向家,2026-08-12 00:00,3,25.87,7.52,7.87,156.907,159.536,5.68,,0.13,2.018,,,2026-08-12 01:23:49
重庆市,长江流域,清溪场,2026-08-12 00:00,2,26.5,7.89,7.34,415.8946,27.8022,1.51,,0.054,1.936,,,2026-08-12 01:23:49
重庆市,长江流域,木瓜洞,2026-08-12 00:00,3,30.64,8.06,7.48,406.4223,11.8764,4.1,0.003,0.093,1.399,,,2026-08-12 01:23:49
重庆市,长江流域,寸滩,2026-08-12 00:00,2,26.62,7.84,7.56,461.533,30.738,1.93,0.122,0.078,2.358,,,2026-08-12 01:23:49
重庆市,长江流域,和尚山,2026-08-12 01:00,2,26.32,8,7.29,425.44,48.11,1.51,0.18,0.056,2.093,,,2026-08-12 01:23:49
重庆市,长江流域,北温泉,2026-08-12 01:00,2,27.3512,7.71,7.95,297.426,102.51,3.48,0.084,0.081,2.346,,,2026-08-12 01:23:49
重庆市,长江流域,寨溪大桥,2026-08-12 00:00,2,29.13,7.73,6.84,769.5703,39.0826,3.52,0.037,0.072,2.752,,,2026-08-12 01:23:49
重庆市,长江流域,石门坎,2026-08-12 00:00,1,26.56,8.27,7.78,407.84,8.7,1.21,0.002,0.016,1.934,,,2026-08-12 01:23:49
重庆市,长江流域,玉滩水库,2026-08-12 00:00,2,27.92,7.77,7.06,393.8758,12.15978,3.99,0.012,0.012,0.38611,0.03858559,4549185,2026-08-12 01:23:49
重庆市,长江流域,御临镇,2026-08-12 00:00,2,30.47,7.91,6.77,293.062,25.453,4,,0.061,1.668,,,2026-08-12 01:23:49
重庆市,长江流域,黎家乡崔家岩村,2026-08-12 00:00,3,30.88,9,23.8,285.18,9.9,5.01,0.029,,1.451,,,2026-08-12 01:23:49
重庆市,长江流域,运输桥,2026-08-12 00:00,3,28.29,7.97,7.67,347.5623,8.9726,5.64,,0.054,1.486,,,2026-08-12 01:23:49
重庆市,长江流域,六剑滩,2026-08-12 01:00,3,28.46,7.1,6.67,249.5,20.17,4.46,0.032,0.097,2.542,,,2026-08-12 01:23:49
重庆市,长江流域,支坪街道,2026-08-12 00:00,2,28.81,8.09,6.95,407.0278,64.7742,2.55,,0.063,2.458,,,2026-08-12 01:23:49
重庆市,长江流域,江津大桥,2026-08-12 00:00,2,25.8,8.03,7.36,434.9,38.56,1.27,,0.049,1.645,,,2026-08-12 01:23:49
重庆市,长江流域,朱杨溪,2026-08-12 00:00,3,30.84,7.88,6.87,789.32,23.8,4.95,0.057,0.145,4.174,,,2026-08-12 01:23:49
重庆市,长江流域,北渡,2026-08-12 01:00,2,27.02,8.03,7.77,468.874,37.234,1.88,0.058,0.044,2.217,,,2026-08-12 01:23:49
重庆市,长江流域,白杨溪,2026-08-12 01:00,2,30.14,7.94,7.18,131.217,6.721,2.16,0.007,0.019,1.024,,,2026-08-12 01:23:49
重庆市,长江流域,太和,2026-08-12 01:00,3,28.56,7.67,5.37,350.48,26.2,3.78,,0.051,2.806,,,2026-08-12 01:23:49
重庆市,长江流域,官渡,2026-08-12 00:00,2,28.4,7.43,6.35,306.0565,100.77,3.73,,0.1,2.135,,,2026-08-12 01:23:49
重庆市,长江流域,临渡,2026-08-12 00:00,3,30.59,7.74,8.73,526.8,18.509,5.74,0.002,0.064,1.265,,,2026-08-12 01:23:49
重庆市,长江流域,渠江码头,2026-08-12 01:00,3,28.33,7.43,7.14,296.922,87.578,3.94,,0.109,3.234,,,2026-08-12 01:23:49
重庆市,长江流域,黄桷,2026-08-12 01:00,3,27.75,7.73,5.93,585.553,26.709,2.25,0.019,0.06,2.599,,,2026-08-12 01:23:49
重庆市,长江流域,朱沱,2026-08-12 01:00,2,25.73,8.08,7.17,439.6,13.95,1.5,0.022,0.062,1.62,,,2026-08-12 01:23:49
重庆市,长江流域,四明水厂,2026-08-12 01:00,4,30.78,8.23,8.59,378.3,42.5,6.27,,0.09,1.012,,,2026-08-12 01:23:49
重庆市,长江流域,金狮桥,2026-08-12 01:00,1,20.86,8.16,8.48,218.098,4.394,1.02,,0.007,0.845,,,2026-08-12 01:23:49
重庆市,长江流域,璧南河两河口,2026-08-12 00:00,4,30.43,8.23,7.48,862.038,21.622,6.91,,0.091,2.481,,,2026-08-12 01:23:49
重庆市,长江流域,中和,2026-08-12 00:00,4,30.29,8.22,15.94,567.4,11.55,6.18,,0.116,0.97,,,2026-08-12 01:23:49
重庆市,长江流域,玉溪,2026-08-12 00:00,2,26.97,7.56,6.91,430.3651,31.9173,3.33,0.034,0.099,3.896,,,2026-08-12 01:23:49
重庆市,长江流域,高洞电站,2026-08-12 00:00,3,31.34,7.88,8.92,568.136,11.315,5.04,0.003,0.042,2.031,,,2026-08-12 01:23:49
重庆市,长江流域,巫山乡,2026-08-12 01:00,2,27.32,7.49,6.44,200.559,17.109,3.72,0.013,0.093,2.284,,,2026-08-12 01:23:49
重庆市,长江流域,上河坝,2026-08-12 01:00,3,29.98,7.81,7.04,317.32,7.86,4.92,0.053,0.113,1.789,,,2026-08-12 01:23:49
重庆市,长江流域,芙蓉洞码头,2026-08-12 01:00,1,28.76,8.33,13.52,219.08,8.61,1.18,,0.016,0.995,,,2026-08-12 01:23:49
重庆市,长江流域,鸭江镇,2026-08-12 00:00,2,28.13,7.79,8.13,520.028,12.187,1.78,0.011,0.051,2.167,,,2026-08-12 01:23:49
重庆市,长江流域,江口镇,2026-08-12 00:00,2,24.946,8.09,7.1,303.813,3.832,0.6,0.005,0.015,1.571,,,2026-08-12 01:23:49
重庆市,长江流域,土堡寨,2026-08-12 00:00,1,17.49,8.37,9.53,256.195,22.796,0.37,,0.016,0.906,,,2026-08-12 01:23:49
重庆市,长江流域,水寨子,2026-08-12 00:00,2,20.34,7.86,7.64,232.571,26.737,1.64,0.004,0.028,0.73,,,2026-08-12 01:23:49
重庆市,长江流域,湖海场,2026-08-12 01:00,2,23.29,7.61,8.22,187.429,116.685,3.63,,0.095,1.648,,,2026-08-12 01:23:49
重庆市,长江流域,卫星桥,2026-08-12 00:00,3,27.09,8.15,8.68,314.8602,325.347,4.1,,0.084,1.579,,,2026-08-12 01:23:49
重庆市,长江流域,高洞梁,2026-08-12 00:00,2,29.64,8.15,6.63,399.67,74.841,2.54,0.216,0.07,1.531,,,2026-08-12 01:23:49
重庆市,长江流域,苏家,2026-08-12 00:00,2,26.74,7.78,6.85,407.9545,34.9458,1.83,0.013,0.058,2.024,,,2026-08-12 01:23:49
重庆市,长江流域,清水湖渡口,2026-08-12 01:00,6,28.69,9.07,15.75,175.718,6.5067,1.01,0.02,0.023,0.9056,,,2026-08-12 01:23:49
重庆市,长江流域,小江河口,2026-08-12 00:00,2,29.4,8.49,12.12,425.9,5.54,3.09,0.013,0.037,1.2417,,,2026-08-12 01:23:49
重庆市,长江流域,汤溪河江口,2026-08-12 00:00,1,18.94,8.06,9.11,271.824,21.585,0.74,,0.016,0.787,,,2026-08-12 01:23:49
重庆市,长江流域,罗汉大桥,2026-08-12 01:00,2,20.38,7.96,8.91,282.47,21.52,2.31,0.02,0.055,2.195,,,2026-08-12 01:23:49
重庆市,长江流域,白帝城,2026-08-12 01:00,2,27.11,7.79,6.57,363.717,40.085,1.34,,0.052,1.475,,,2026-08-12 01:23:49
重庆市,长江流域,培石,2026-08-12 00:00,2,27.0703,7.88,7.03,390.5069,24.903,1.24,0.16,0.043,1.4684,,,2026-08-12 01:23:49
重庆市,长江流域,花台,2026-08-12 00:00,1,23.29,8.18,7.65,454.2954,12.4966,,0.058,0.017,1.305,,,2026-08-12 01:23:49
重庆市,长江流域,化杠,2026-08-12 00:00,2,21.61,7.73,7.84,117.36,13.24,2.36,0.042,0.089,1.9481,,,2026-08-12 01:23:49
重庆市,长江流域,万木,2026-08-12 00:00,2,24.2,7.75,6.09,404.63,3.6,0.87,0.003,0.038,3.298,,,2026-08-12 01:23:49
重庆市,长江流域,南洞沟,2026-08-12 01:00,1,26.24,8.25,9.65,310.562,6.744,0.74,,0.017,0.787,,,2026-08-12 01:23:49
重庆市,长江流域,郁江桥,2026-08-12 00:00,2,23.46,7.89,8.01,226.356,40.053,1.59,,0.038,1.712,,,2026-08-12 01:23:49
四川省,长江流域,二江寺,2026-08-12 01:00,4,25.02,7.35,4.19,406.5,74.9,1.64,0.082,0.059,1.407,,,2026-08-12 01:23:49
四川省,长江流域,岳店子下,2026-08-12 00:00,3,28.05648,7.75,5.38,402.2039,5.3885,1.79,0.017,0.112,4.07613,,,2026-08-12 01:23:49
四川省,长江流域,三邑大桥,2026-08-12 01:00,2,23.81,7.67,6.71,295.3062,24.9814,1.16,0.005,0.04,1.6455,,,2026-08-12 01:23:49
四川省,长江流域,宏缘,2026-08-12 01:00,3,26.69,7.85,6.3,405.3,8.96,2.31,0.04,0.103,2.541,,,2026-08-12 01:23:49
四川省,长江流域,李家湾,2026-08-12 01:00,3,29.82,7.65,7.18,446,15.5,4.2,0.011,0.186,5.941,,,2026-08-12 01:23:49
四川省,长江流域,廖家堰,2026-08-12 01:00,3,30.93,7.8,6.85,757.301,7.322,5.28,0.043,0.103,3.967,,,2026-08-12 01:23:49
四川省,长江流域,脚仙村,2026-08-12 01:00,3,29.27,7.71,6.91,452.6,34,3.68,0.007,0.143,6.131,,,2026-08-12 01:23:49
四川省,长江流域,龙洞,2026-08-12 00:00,2,21.39,8.26,8.02,611,22.476,1.29,0.025,0.025,0.8005,,,2026-08-12 01:23:49
四川省,长江流域,倮果,2026-08-12 00:00,2,22.57,8.22,7.95,607.0938,20.46506,1.34,0.008,0.022,1.10733,,,2026-08-12 01:23:49
四川省,长江流域,雅砻江口,2026-08-12 00:00,1,19.395,7.65,9.01,222.3648,33.0801,1.61,0.015,0.017,0.67076,,,2026-08-12 01:23:49
四川省,长江流域,柏枝,2026-08-12 00:00,1,19.41,8,8.13,211.0295,18.18927,0.62,0.002,0.013,0.82196,,,2026-08-12 01:23:49
四川省,长江流域,湾凼,2026-08-12 01:00,4,28.43258,7.44,4.77,585.7726,12.28164,4.5,0.007,0.059,0.420153,,,2026-08-12 01:23:49
四川省,长江流域,手爬岩,2026-08-12 01:00,2,25.43,7.9,7.19,437.801,25.3162,1.66,,0.058,1.7646,,,2026-08-12 01:23:49
四川省,长江流域,沱江大桥,2026-08-12 01:00,4,30.1,7.7,6.22,433.5753,44.96251,3.94,0.002,0.201,5.946365,,,2026-08-12 01:23:49
四川省,长江流域,醒觉溪,2026-08-12 00:00,2,29.32,8.12,6.98,425.6,6.22,1.52,0.024,0.038,3.633,,,2026-08-12 01:23:49
四川省,长江流域,胡市大桥,2026-08-12 01:00,3,31.08,7.58,6.05,361.8416,10.8113,5.64,0.01,0.128,2.5509,,,2026-08-12 01:23:49
四川省,长江流域,大磨子,2026-08-12 01:00,3,30.073,7.48,7.04,451.177,17.769,3.69,0.037,0.153,6.527,,,2026-08-12 01:23:49
四川省,长江流域,泸天化大桥,2026-08-12 01:00,2,30.88,8.03,8.62,392.061,15.0919,1.93,0.006,0.042,2.3089,,,2026-08-12 01:23:49
四川省,长江流域,纳溪大渡口,2026-08-12 01:00,2,24.82,7.85,7.04,418.556,19.216,1.13,,0.065,1.4246,,,2026-08-12 01:23:49
四川省,长江流域,两汇水,2026-08-12 01:00,2,29.36383,7.84,6.83,141.3518,13.88187,1.7,0.13,0.039,0.903,,,2026-08-12 01:23:49
四川省,长江流域,太平渡,2026-08-12 01:00,2,29.78546,8.17,7.09,480.5399,25.25063,1.41,0.01,0.065,3.401,,,2026-08-12 01:23:49
四川省,长江流域,象山,2026-08-12 00:00,3,30.48,8.31,12.45,475.99,5.6,5.35,0.042,0.072,6.568,,,2026-08-12 01:23:49
四川省,长江流域,双江桥,2026-08-12 01:00,3,28.31,8.24,7.32,648.52,26.28,1.62,,0.108,2.056,,,2026-08-12 01:23:49
四川省,长江流域,三川,2026-08-12 00:00,3,27.17,8.07,6.47,663.5,18.37,0.93,,0.11,2.266,,,2026-08-12 01:23:49
四川省,长江流域,西平镇,2026-08-12 00:00,2,30.09,8.29,7.29,569.99,18.2,1.71,,0.058,2.71,,,2026-08-12 01:23:49
四川省,长江流域,平武水文站,2026-08-12 00:00,2,18.64,8.47,8.88,281.5475,105.1755,1.56,0.007,0.022,1.07666,,,2026-08-12 01:23:49
四川省,长江流域,丰谷,2026-08-12 00:00,1,26.81717,8.04,7.74,300.5932,11.59487,1.04,0.003,0.019,1.36332,,,2026-08-12 01:23:49
四川省,长江流域,鲁班岛,2026-08-12 00:00,2,29.34561,8.79,8.61,232.2901,4.2651,1.66,0.01,0.011,0.14354,0.00122,4254918,2026-08-12 01:23:49
四川省,长江流域,北川通口,2026-08-12 00:00,1,23.57022,8.57,8.25,276.1945,18.97336,0.45,0.01,0.013,0.92252,,,2026-08-12 01:23:49
四川省,长江流域,八庙沟,2026-08-12 00:00,2,28.47,8.42,7.45,351.5821,7.80658,1.69,0.006,0.017,1.90052,,,2026-08-12 01:23:49
四川省,长江流域,姚渡,2026-08-12 01:00,1,24.42621,8.22,7.72,359.9116,14.19694,0.8,0.006,0.003,1.336,,,2026-08-12 01:23:49
四川省,长江流域,苴国村,2026-08-12 00:00,2,26.08,7.96,6.85,339.8227,7.83433,1.72,0.01,0.015,1.26729,,,2026-08-12 01:23:49
四川省,长江流域,上石盘,2026-08-12 00:00,3,26.32,7.51,5.77,553.9435,26.42489,3,0.008,0.036,1.78217,,,2026-08-12 01:23:49
四川省,长江流域,清泉乡,2026-08-12 01:00,2,29.02,8.23,12.18,321.1,40.9955,3.3,,0.047,1.238,,,2026-08-12 01:23:49
四川省,长江流域,大安,2026-08-12 01:00,4,31,8.73,9.58,456.103,11.5,5.55,0.008,0.207,1.5461,,,2026-08-12 01:23:49
四川省,长江流域,百顷,2026-08-12 01:00,2,28.32,7.67,6.76,352.41,9.04,2.26,0.013,0.043,2.587,,,2026-08-12 01:23:49
四川省,长江流域,梓江大桥,2026-08-12 00:00,3,30.51,8,6.81,351.7,14.6,4.13,,0.089,4.552,,,2026-08-12 01:23:49
四川省,长江流域,大埂,2026-08-12 01:00,3,30.66,7.76,5.39,513.9,6.76,5.46,0.151,0.088,1.385607,,,2026-08-12 01:23:49
四川省,长江流域,球溪河口,2026-08-12 01:00,4,29.67,7.81,6.41,576.3,30,6.08,0.098,0.211,12.277,,,2026-08-12 01:23:49
四川省,长江流域,李码头,2026-08-12 00:00,2,25.33583,8.27,7.97,265.6584,63.98909,0.61,0.008,0.027,1.47005,,,2026-08-12 01:23:49
四川省,长江流域,马边河河口,2026-08-12 00:00,2,22.3819,7.67,7.4,222.1819,21.1535,2.54,0.009,0.053,2.05641,,,2026-08-12 01:23:49
四川省,长江流域,金溪电站,2026-08-12 01:00,2,27.43,7.81,8.01,378.597,37.5253,2.31,0.012,0.029,2.609,,,2026-08-12 01:23:49
四川省,长江流域,升钟水库铁炉寺,2026-08-12 01:00,6,32.16,9.08,20,310.86,20.11,5.38,,0.037,1.071,,,2026-08-12 01:23:49
四川省,长江流域,沙溪,2026-08-12 01:00,2,24.68,7.75,6.19,281.87,48.96,2.73,0.055,0.041,0.929,,,2026-08-12 01:23:49
四川省,长江流域,彭山岷江大桥,2026-08-12 00:00,2,27.42,8.12,7.52,426.8489,86.83505,1.35,0.001,0.073,2.2907,,,2026-08-12 01:23:49
四川省,长江流域,龟都府,2026-08-12 01:00,2,22.09,8.06,8.62,214.0392,19.32829,0.31,0.011,0.028,2.301707,,,2026-08-12 01:23:49
四川省,长江流域,越溪河两河口,2026-08-12 00:00,3,30.48,7.63,5.83,608.8,10.7,4.87,0.085,0.087,3.075,,,2026-08-12 01:23:49
四川省,长江流域,月波,2026-08-12 01:00,2,23.82,7.57,7.3,267.3,36.3,1.92,0.05,0.052,1.788,,,2026-08-12 01:23:49
四川省,长江流域,凉姜沟,2026-08-12 01:00,2,24.32,7.97,7.57,261.4835,17.89196,1.81,0.009,0.058,2.02479,,,2026-08-12 01:23:49
四川省,长江流域,挂弓山,2026-08-12 00:00,2,24.27469,7.99,7.31,456.1298,7.81655,0.94,0.01,0.029,1.44339,,,2026-08-12 01:23:49
四川省,长江流域,蔡家渡口,2026-08-12 00:00,2,32.03741,8.26,9.15,538.9332,17.93579,2.62,0.01,0.068,3.41317,,,2026-08-12 01:23:49
四川省,长江流域,三块石,2026-08-12 01:00,2,23.83,8.08,7.44,565.26,5.06,1.14,0.012,0.016,1.026,,,2026-08-12 01:23:49
四川省,长江流域,洛亥,2026-08-12 00:00,2,23.21,8.16,7.53,334.6117,4.841352,1.3,0.004,0.072,3.001,,,2026-08-12 01:23:49
四川省,长江流域,溪口镇平桥村,2026-08-12 01:00,3,27.48,7.32,5.6,309.23,17.41,4.19,0.048,0.071,0.946,,,2026-08-12 01:23:49
四川省,长江流域,摇金,2026-08-12 01:00,4,32.69,7.88,6.82,374.91,18.26,6.8,0.007,0.174,1.556,,,2026-08-12 01:23:49
四川省,长江流域,金子,2026-08-12 01:00,2,26.7,7.76,8.35,255.12,60.29,3.99,0.078,0.088,3.0933,,,2026-08-12 01:23:49
四川省,长江流域,烈面,2026-08-12 01:00,2,26.7,7.35,7.09,255.9,69,3.25,0.053,0.077,1.668,,,2026-08-12 01:23:49
四川省,长江流域,幺滩,2026-08-12 01:00,3,30.35,8.08,7.24,390.59,31.21,2.6,0.003,0.139,2.462,,,2026-08-12 01:23:49
四川省,长江流域,团堡岭,2026-08-12 01:00,2,26.49,7.97,8.86,234.12,49.297,3.55,0.048,,2.143,,,2026-08-12 01:23:49
四川省,长江流域,江陵,2026-08-12 01:00,2,26.88,7.92,6.63,218.85,40.25,2.57,0.012,0.085,1.401,,,2026-08-12 01:23:49
四川省,长江流域,大蹬沟,2026-08-12 01:00,3,26.99,7.57,6.36,221.8,66,4.1,,0.068,1.598,,,2026-08-12 01:23:49
四川省,长江流域,白兔乡,2026-08-12 01:00,3,29.2,8.32,7.62,365.2,21.77,5.5,,0.119,1.684,,,2026-08-12 01:23:49
四川省,长江流域,联盟桥,2026-08-12 00:00,2,29.49,7.43,6.78,263.58,19.69,3.43,,0.071,0.8566,,,2026-08-12 01:23:49
四川省,长江流域,舵石盘,2026-08-12 01:00,3,26.19,7.73,5.9,274.1,46.3,3.76,0.003,0.104,2.21,,,2026-08-12 01:23:49
四川省,长江流域,车家河,2026-08-12 01:00,3,25.75,7.81,7.07,258.3,43.66,3.56,,0.101,1.69,,,2026-08-12 01:23:49
四川省,长江流域,三谷庄,2026-08-12 00:00,2,21.03,8.31,7.81,205.1649,10.38385,2.67,0.002,0.013,0.85518,,,2026-08-12 01:23:49
四川省,长江流域,大岗山,2026-08-12 00:00,1,17.93,8.1,7.87,209.6879,14.17727,0.84,0.005,0.011,0.55495,,,2026-08-12 01:23:49
四川省,长江流域,手傍岩,2026-08-12 00:00,2,26.96,7.93,6.89,286.9,65.6,2,,0.052,1.461,,,2026-08-12 01:23:49
四川省,长江流域,幸福村,2026-08-12 01:00,3,28.84,7.89,7.12,438.9,12.5,1.76,0.027,0.106,3.071,,,2026-08-12 01:23:49
四川省,长江流域,拱城铺渡口,2026-08-12 00:00,3,29.48,7.88,7.38,450.2,19.44,1.75,,0.114,2.612,,,2026-08-12 01:23:49
四川省,长江流域,红光村,2026-08-12 01:00,4,27.87,7.35,4.32,461.48,79.08,5.26,0.11,0.199,3.487,,,2026-08-12 01:23:49
四川省,长江流域,两河,2026-08-12 01:00,4,31.52,7.75,11.86,379.87,14.26,6.18,0.027,0.079,0.703,,,2026-08-12 01:23:49
四川省,长江流域,县城马踏石点,2026-08-12 00:00,1,17.4543,8.38,8.43,352.3435,69.39096,0.66,0.02,0.011,0.54306,,,2026-08-12 01:23:49
四川省,长江流域,渭门桥,2026-08-12 00:00,1,15.24,8.26,8.29,205.2479,43.73184,0.89,0.004,0.012,0.37159,,,2026-08-12 01:23:49
四川省,长江流域,小水沟,2026-08-12 00:00,2,13.70829,8.43,7.01,273.7252,14.4879,0.72,0.065,0.015,1.43788,,,2026-08-12 01:23:49
四川省,长江流域,竹巴龙村,2026-08-12 01:00,3,16.26,8.12,5.89,1567.6,128.9,1.07,0.106,0.059,0.92,,,2026-08-12 01:23:49
四川省,长江流域,金沙江岗托桥,2026-08-12 00:00,3,16.7,8.31,9.09,1512.5,240.5,1.52,0.207,0.132,1.04,,,2026-08-12 01:23:49
四川省,长江流域,昔街大桥,2026-08-12 00:00,2,23.51,7.79,7.14,207.16,198.39,1.96,0.089,0.095,1.716,,,2026-08-12 01:23:49
四川省,长江流域,阿七大桥,2026-08-12 00:00,3,23.38,7.7,5.88,190.9068,106.1075,2.32,0.163,0.089,2.72269,,,2026-08-12 01:23:49
四川省,长江流域,邛海湖心,2026-08-12 00:00,2,27.18,8.64,6.95,314.1812,4.78173,2.54,0.003,0.021,0.30837,0.00291,133160,2026-08-12 01:23:49
贵州省,长江流域,棉花渡,2026-08-12 01:00,2,24.249,7.91,6.25,470.35,0.9126,1.55,0.018,0.052,2.989,,,2026-08-12 01:23:49
贵州省,长江流域,贵铝泵房,2026-08-12 01:00,2,27.2188,8.79,9.99,314.4908,10.6573,2.52,0.046,0.005,2.1348,0.01842,1783550,2026-08-12 01:23:49
贵州省,长江流域,花鱼洞,2026-08-12 01:00,6,24.069,7.37,0.93,342.5555,4.8631,2.4,0.014,0.018,1.0293,0.0036,2276693,2026-08-12 01:23:49
贵州省,长江流域,麦穰,2026-08-12 00:00,4,25.18,7.95,5.03,644.13,5.61,2.77,0.127,0.246,5.21,,,2026-08-12 01:23:49
贵州省,珠江流域,青岩,2026-08-12 01:00,3,24.6,7.87,5.19,542.0534,6.6693,2.33,,0.065,3.1455,,,2026-08-12 01:23:49
贵州省,长江流域,龙场,2026-08-12 01:00,2,21.1,7.93,6.9,394.04,6.38,0.91,0.029,0.013,4.068,,,2026-08-12 01:23:49
贵州省,珠江流域,发耳,2026-08-12 00:00,3,22.9,8.14,7.31,344.341,66.596,1.53,,0.122,3.643,,,2026-08-12 01:23:49
贵州省,长江流域,打秋坪,2026-08-12 01:00,2,25.5,7.79,6.17,483.8,7.7,1.23,0.027,0.076,4.167,,,2026-08-12 01:23:49
贵州省,长江流域,鱼塘大桥,2026-08-12 00:00,2,25.28,7.99,7.28,333.31,4.267,0.69,,0.009,1.623,,,2026-08-12 01:23:49
贵州省,长江流域,沿江渡,2026-08-12 00:00,3,29.64,8.89,9.96,288.51,8.44,4.02,0.005,0.022,2.257,,,2026-08-12 01:23:49
贵州省,长江流域,鲤鱼塘,2026-08-12 00:00,3,25.15,7.67,5.86,425.3,2.274,1.58,0.004,0.056,3.312,,,2026-08-12 01:23:49
贵州省,长江流域,坡渡,2026-08-12 00:00,2,24.31,8.02,6.02,287.79,10.01,0.69,0.013,0.009,0.743,,,2026-08-12 01:23:49
贵州省,长江流域,余庆河暗溪坪,2026-08-12 01:00,2,27.67,8.17,9.86,311.45,8.6,1.2,,0.021,1.267,,,2026-08-12 01:23:49
贵州省,长江流域,羊柱头渡口,2026-08-12 01:00,3,26.1,7.84,5.58,626.17,10.887,2.12,0.43,0.163,6.391,,,2026-08-12 01:23:49
贵州省,长江流域,长沙,2026-08-12 00:00,4,29.0778,8.12,7.78,187.31,13.5485,8.45,0.018,0.019,1.7666,,,2026-08-12 01:23:49
贵州省,珠江流域,黄果树,2026-08-12 00:00,1,24.4223,8.24,8.91,570.9,23.66,0.98,,0.018,3.716,,,2026-08-12 01:23:49
贵州省,长江流域,斯拉河大桥,2026-08-12 00:00,2,27.05,8.83,14.56,342.7,7.79,3.3,,0.031,4.62,,,2026-08-12 01:23:49
贵州省,珠江流域,打邦,2026-08-12 01:00,2,28.17,8.18,10.18,396.43,12.457,2.42,0.024,0.038,3.138,,,2026-08-12 01:23:49
贵州省,长江流域,小屯,2026-08-12 01:00,2,26.4,8.6,9.7,382.793,7.706,3,,0.042,4.301,,,2026-08-12 01:23:49
贵州省,长江流域,清水铺,2026-08-12 00:00,3,25.899,8.46,7.51,458.074,7.389,6,0.005,0.024,5.486,,,2026-08-12 01:23:49
贵州省,长江流域,大桥边,2026-08-12 01:00,1,20.582,8.14,8.05,335.793,9.279,1.51,,0.018,3.758,,,2026-08-12 01:23:49
贵州省,长江流域,鱼市,2026-08-12 01:00,2,29.62,8.3,9.57,345.935,3.895131,0.88,0.013,0.027,1.032398,,,2026-08-12 01:23:49
贵州省,长江流域,下干溪,2026-08-12 00:00,2,26.12,7.83,6.03,306.11,12.19,0.88,0.061,0.025,2.175,,,2026-08-12 01:23:49
贵州省,珠江流域,坝草,2026-08-12 00:00,1,26.6827,8.19,8.51,403.544,4.3018,1.24,0.011,0.009,3.194,,,2026-08-12 01:23:49
贵州省,珠江流域,南盘江三江口,2026-08-12 01:00,2,27.54,8.37,13.17,295.9,11.69,3.48,0.015,0.038,4.058,0.00633,,2026-08-12 01:23:49
贵州省,珠江流域,万峰湖,2026-08-12 00:00,1,27.96,8.5,16.28,308.41,3.48,0.96,0.004,,,,,2026-08-12 01:23:49
贵州省,珠江流域,岔河口,2026-08-12 00:00,2,25.5734,8.33,9.68,281.7731,5.5543,3.74,,0.023,2.4462,,,2026-08-12 01:23:49
贵州省,珠江流域,蔗香北,2026-08-12 00:00,1,26.91,7.91,8.65,269.6632,7.1073,1.04,,0.009,1.7338,,,2026-08-12 01:23:49
贵州省,珠江流域,黄泥河,2026-08-12 00:00,2,19.6118,7.99,7.74,369.171,191.2432,1.24,,0.052,4.6136,,,2026-08-12 01:23:49
贵州省,珠江流域,赵家渡,2026-08-12 00:00,2,22.02,8.07,7.95,393.156,14.3,0.58,0.044,0.026,4.814,,,2026-08-12 01:23:49
贵州省,珠江流域,坡脚,2026-08-12 00:00,2,24.19,8.03,7.29,413.6397,19.6049,0.85,,0.026,4.6089,,,2026-08-12 01:23:49
贵州省,珠江流域,蔗香南,2026-08-12 00:00,1,30.19,8.48,9.81,279.7,6.97,1.67,0.016,0.013,2.3883,,,2026-08-12 01:23:49
贵州省,长江流域,金紫,2026-08-12 00:00,2,26.03,7.64,6.92,179.7708,5.79,0.61,0.013,0.027,1.365,,,2026-08-12 01:23:49
贵州省,珠江流域,从江大桥,2026-08-12 01:00,1,26.535,7.62,8.44,101.734,20.342,1.04,0.018,0.019,0.91,,,2026-08-12 01:23:49
贵州省,长江流域,平敏大桥,2026-08-12 00:00,1,29.55,7.7,7.66,122.75,26.63,1.18,,0.018,0.648,,,2026-08-12 01:23:49
贵州省,长江流域,旁海,2026-08-12 00:00,2,26.49,8.66,6.63,434.43,30.37,1.15,,0.05,2.09,,,2026-08-12 01:23:49
贵州省,长江流域,重安江大桥,2026-08-12 01:00,2,25.258,8.34,7.4,494.972,4.647,0.67,0.014,0.063,2.253,,,2026-08-12 01:23:49
贵州省,珠江流域,榕江,2026-08-12 00:00,2,28.31,7.82,7.86,114.61,32.41,0.67,0.004,0.028,1.042,,,2026-08-12 01:23:49
贵州省,珠江流域,新华,2026-08-12 01:00,2,26.748,8.04,7.83,159.337,39.774,0.92,0.076,0.041,1.444,,,2026-08-12 01:23:49
贵州省,长江流域,甘溪高碑,2026-08-12 00:00,-1,,,,,,,,,,,,2026-08-12 01:23:49
贵州省,长江流域,跳鱼洞,2026-08-12 00:00,3,24.83,8.03,6.08,366.75,7.01,2.58,0.144,0.117,2.124,,,2026-08-12 01:23:49
贵州省,长江流域,凤山桥边,2026-08-12 01:00,2,25.0603,8.31,7.19,509.8,3.202,,0.091,0.078,3.165,,,2026-08-12 01:23:49
贵州省,珠江流域,边外河,2026-08-12 01:00,1,24.32,8.07,7.91,317.23,5.09,0.56,0.002,0.005,1.968,,,2026-08-12 01:23:49
贵州省,珠江流域,甲茶,2026-08-12 00:00,2,24.1732,7.79,6.72,328.0739,0.8278,0.87,0.005,0.011,1.0319,,,2026-08-12 01:23:49
云南省,长江流域,通仙桥,2026-08-12 00:00,6,22.22,7.66,5.53,427.945,102.964,3.13,0.055,0.556,4.988,,,2026-08-12 01:23:49
云南省,长江流域,普渡河桥,2026-08-12 00:00,6,22.11,8.03,7.39,437.1156,174.0656,5.36,0.152,0.429,3.3411,,,2026-08-12 01:23:49
云南省,珠江流域,禄丰村,2026-08-12 00:00,3,23.88,8.1,7.15,449.0066,179.1315,3.54,,0.189,5.628,,,2026-08-12 01:23:49
云南省,滇池流域,回龙村,2026-08-12 00:00,4,22.08,7.68,4.91,477.3393,187.0533,2.69,0.033,0.078,2.7802,,,2026-08-12 01:23:49
云南省,滇池流域,船房五社桥头,2026-08-12 00:00,6,23.69,7.18,5,468.5509,7.5293,7.44,3.233,0.624,7.0261,,,2026-08-12 01:23:49
云南省,滇池流域,王大桥,2026-08-12 00:00,4,21.17,6.95,4.66,572.255,10.4763,2.96,0.062,0.26,5.8162,,,2026-08-12 01:23:49
云南省,滇池流域,大观河入湖口,2026-08-12 00:00,6,22.31,7.17,0.57,430.5835,4.6785,2.54,2.465,0.203,5.3915,,,2026-08-12 01:23:49
云南省,滇池流域,大渔乡土罗村入湖口,2026-08-12 00:00,4,22.43,7.55,3.97,308.5891,60.1328,3.05,0.026,0.095,4.776,,,2026-08-12 01:23:49
云南省,滇池流域,新河村入湖口,2026-08-12 00:00,6,21.56,7.29,1.22,441.91,9.566,2.67,1.264,0.157,2.7117,,,2026-08-12 01:23:49
云南省,珠江流域,阳宗海中,2026-08-12 01:00,3,25.18,8.99,7.84,425.985,1.977,4.25,,0.013,0.598,0.0083,896899.6,2026-08-12 01:23:49
云南省,长江流域,富民大桥,2026-08-12 00:00,6,23.15,7.84,4.22,469.7755,145.6092,6.89,0.37,0.664,3.3927,,,2026-08-12 01:23:49
云南省,滇池流域,严家村桥,2026-08-12 01:00,2,21.60836,7.75,6.57,407.0988,8.551911,1.6,0.224,0.085,3.695907,,,2026-08-12 01:23:49
云南省,滇池流域,宝丰村入湖口,2026-08-12 00:00,5,20.44,7.78,2.83,353.14,172.64,2.97,0.334,0.129,4.046,,,2026-08-12 01:23:49
云南省,滇池流域,江尾下闸,2026-08-12 00:00,4,21.6,7.53,4.16,343.6869,303.7425,3.24,0.171,0.116,3.39,,,2026-08-12 01:23:49
云南省,滇池流域,茨巷河入湖口,2026-08-12 00:00,-1,,,,,,,,,,,,2026-08-12 01:23:49
云南省,滇池流域,东大河滇池入湖口,2026-08-12 00:00,4,22.36,7.21,3.32,239.0962,35.8293,3.13,0.11,0.143,4.994,,,2026-08-12 01:23:49
云南省,滇池流域,草海中心,2026-08-12 01:00,4,24.73,7.81,4.53,404.52,32.57,4.51,0.418,0.056,3.192,0.01058,4688624,2026-08-12 01:23:49
云南省,滇池流域,灰湾中,2026-08-12 01:00,4,22.72,,10.09,381.669,68.596,5.55,0.02,0.063,0.944,0.01522,4.996372,2026-08-12 01:23:49
云南省,滇池流域,观音山西,2026-08-12 01:00,6,22.89,,9.32,395.88,57.58,20.58,,0.113,1.669,0.00844,1.078534,2026-08-12 01:23:49
云南省,滇池流域,海口西,2026-08-12 01:00,3,24.37,,13.12,330.98,33.65,5.23,,0.041,0.585,0.01128,4.28793,2026-08-12 01:23:49
云南省,滇池流域,滇池南,2026-08-12 01:00,4,22.75,,12.49,390.4,35.56,7.79,,0.046,0.699,0.03826,1.751226,2026-08-12 01:23:49
云南省,滇池流域,晋城小寨,2026-08-12 00:00,3,20.78,7.95,6.34,503.085,143.0836,3.44,0.154,0.151,10.8,,,2026-08-12 01:23:49
云南省,长江流域,牛栏江河口,2026-08-12 00:00,4,22.05,7.77,4.93,405.048,408.567,3.83,0.064,0.238,4.842,,,2026-08-12 01:23:49
云南省,珠江流域,狗街,2026-08-12 01:00,3,23.69,7.75,6.5,484.6371,285.5358,3.51,0.028,0.141,7.258183,,,2026-08-12 01:23:49
云南省,珠江流域,花山水库出水口,2026-08-12 00:00,2,24.32,8.37,7.32,341.0296,1.4422,1.13,0.008,0.007,2.6896,,,2026-08-12 01:23:49
云南省,长江流域,以礼河水文站,2026-08-12 00:00,3,20.42,7.76,5.2,353.0987,10.6369,1.69,0.01,0.057,3.1037,,,2026-08-12 01:23:49
云南省,珠江流域,厂房大桥,2026-08-12 00:00,6,24.68,9.2,9.41,290.6643,14.2271,3.76,,0.105,3.5276,,,2026-08-12 01:23:49
云南省,长江流域,牛栏江大桥,2026-08-12 00:00,2,21.78,7.99,8.09,363.743,83.109,1.97,0.119,0.089,3.967,,,2026-08-12 01:23:49
云南省,珠江流域,盘溪大桥,2026-08-12 00:00,2,23.78,8.04,7.7,511.1787,146.4675,2.21,0.009,0.075,6.9611,,,2026-08-12 01:23:49
云南省,珠江流域,九甸大桥,2026-08-12 00:00,3,24.6003,8.17,7.27,453.3476,472.6615,2.33,0.001,0.126,4.94894,,,2026-08-12 01:23:49
云南省,西南诸河,坝洪村,2026-08-12 00:00,2,26.27,8.03,7.35,283.4095,1853.825,1.3,0.005,0.035,1.99398,,,2026-08-12 01:23:49
云南省,珠江流域,抚仙湖心,2026-08-12 01:00,2,23.42,8.86,9.01,269.04,2.548,2.08,0.012,0.01,0.105,0.00319,2.279466,2026-08-12 01:23:49
云南省,西南诸河,绿汁江大桥,2026-08-12 00:00,2,23.86227,8.17,6.7,428.4423,1330.275,2.19,0.008,0.055,2.5792,,,2026-08-12 01:23:49
云南省,珠江流域,杞麓湖心,2026-08-12 01:00,4,24.74,,9.66,772.54,7.62,6.26,,0.013,1.562,0.02719,7500259,2026-08-12 01:23:49
云南省,珠江流域,永昌桥,2026-08-12 00:00,3,22.75436,7.52,5.87,418.9576,94.65182,2.47,0.03,0.155,4.31006,,,2026-08-12 01:23:49
云南省,珠江流域,星云湖心,2026-08-12 01:00,4,24.42,,10.43,455.953,23.19,6.64,,0.005,0.854,0.00559,2.836106,2026-08-12 01:23:49
云南省,西南诸河,红旗桥,2026-08-12 00:00,1,21.98994,8.04,8.03,315.7331,196.0179,1.04,0.008,0.008,0.461161,,,2026-08-12 01:23:49
云南省,西南诸河,湾甸,2026-08-12 00:00,2,26.04791,8.34,8.31,410.1578,173.2125,1.1,0.01,0.094,3.48983,,,2026-08-12 01:23:49
云南省,西南诸河,永保桥,2026-08-12 00:00,1,21.32053,8.23,7.5,405.1904,31.06271,0.93,0.009,0.011,0.76957,,,2026-08-12 01:23:49
云南省,长江流域,云贵桥,2026-08-12 01:00,2,18.25,8.15,7.78,397.227,41.038,1.94,0.03,0.023,3.69,,,2026-08-12 01:23:49
云南省,长江流域,头屯河,2026-08-12 00:00,2,18.63,8.13,7.4,417.809,10,0.51,0.037,0.032,5.826,,,2026-08-12 01:23:49
云南省,长江流域,邓家河,2026-08-12 01:00,3,23.41,7.9,7.47,361.658,24.077,0.71,0.023,0.127,2.99,,,2026-08-12 01:23:49
云南省,长江流域,横江桥,2026-08-12 00:00,2,24.02,8.18,8.11,298.96,35.09,0.78,,0.035,2.581,,,2026-08-12 01:23:49
云南省,长江流域,程海湖中,2026-08-12 00:00,3,26.00765,,6.91,1412.832,9.76421,5.31,0.015,0.019,0.8344,0.00711,8368.35,2026-08-12 01:23:49
云南省,长江流域,新华,2026-08-12 00:00,1,19.18567,8.43,7.71,672.2646,48.14563,1.1,0.065,0.019,0.68314,,,2026-08-12 01:23:49
云南省,长江流域,金江桥,2026-08-12 00:00,1,21.82,8.25,8.64,643.2972,19.23281,1.67,0.024,0.018,1.36675,,,2026-08-12 01:23:49
云南省,长江流域,龙兴村,2026-08-12 00:00,4,20.74,7.68,3.11,447.5527,92.06766,2.69,0.45,0.279,3.3832,,,2026-08-12 01:23:49
云南省,西南诸河,土卡河水文站,2026-08-12 01:00,2,25.99695,7.94,8.52,198.2321,147.1375,1.5,,0.044,0.8693699,,,2026-08-12 01:23:49
云南省,西南诸河,孟拉桥,2026-08-12 00:00,1,24.25,7.46,8.62,94.272,267.9735,0.67,0.036,0.018,1.83968,,,2026-08-12 01:23:49
云南省,西南诸河,莲花乡,2026-08-12 00:00,4,24.7805,7.48,6.13,230.0869,134.5366,3.72,1.1,0.15,5.02416,,,2026-08-12 01:23:49
云南省,西南诸河,嘎旧,2026-08-12 00:00,2,21.4,7.92,7.08,409.8892,15.927,1.43,0.056,0.014,0.65196,,,2026-08-12 01:23:49
云南省,西南诸河,景临桥,2026-08-12 00:00,2,24.73,7.75,7.23,273.4104,106.1287,1.86,0.235,0.008,,,,2026-08-12 01:23:49
云南省,西南诸河,孟定大桥,2026-08-12 00:00,1,23.56,7.71,7.61,232.8591,669.7839,1.15,0.012,0.016,2.18212,,,2026-08-12 01:23:49
云南省,西南诸河,黑箐,2026-08-12 00:00,3,24.1,7.54,6.34,150.2381,575.9526,4.91,0.49,0.034,12.69364,,,2026-08-12 01:23:49
云南省,西南诸河,水文站,2026-08-12 00:00,2,24.12,8.14,6.14,380.8199,94.42838,2.05,0.018,0.047,2.48705,,,2026-08-12 01:23:49
云南省,长江流域,西观桥,2026-08-12 00:00,2,22.79,7.66,6.54,350.5671,156.897,3.82,0.039,0.065,2.5042,,,2026-08-12 01:23:49
云南省,西南诸河,那发出境,2026-08-12 00:00,3,26.24,7.85,7.59,121.0648,280.09,,,0.109,0.5602,,,2026-08-12 01:23:49
云南省,西南诸河,龙脖渡口,2026-08-12 00:00,2,25.77,7.85,8.09,249.046,368.2603,2.27,,0.099,1.6609,,,2026-08-12 01:23:49
云南省,西南诸河,小河底河,2026-08-12 00:00,3,26.47,8.23,8.25,374.8365,1277.352,3.86,,0.198,3.1067,,,2026-08-12 01:23:49
云南省,珠江流域,异龙湖中,2026-08-12 01:00,4,26.62,8.59,8.13,451.97,2.728,7.14,,0.015,0.372,0.01983,204532,2026-08-12 01:23:49
云南省,珠江流域,长虹桥,2026-08-12 00:00,3,24.12,8.11,7.52,488.5678,285.3907,4.7,,0.194,6.5233,,,2026-08-12 01:23:49
云南省,西南诸河,天保农场,2026-08-12 01:00,2,24.03,8.18,8.62,371.6,6.99,0.65,0.059,0.029,3.0727,,,2026-08-12 01:23:49
云南省,西南诸河,南利大桥,2026-08-12 00:00,2,27.52,8.09,7.13,134.91,125.29,0.99,,0.025,2.078,,,2026-08-12 01:23:49
云南省,珠江流域,谷拉河大桥,2026-08-12 00:00,1,32.21,8.73,11.76,171.36,1.921,1.57,0.001,0.004,0.335,,,2026-08-12 01:23:49
云南省,西南诸河,关累码头,2026-08-12 00:00,2,23.0643,7.79,6.73,249.2119,646.1002,0.94,0.018,0.019,1.36275,,,2026-08-12 01:23:49
云南省,西南诸河,勐仑大桥,2026-08-12 00:00,2,23.35,7.93,8.06,173.4034,1412.182,1.3,0.007,0.032,1.29874,,,2026-08-12 01:23:49
云南省,西南诸河,风情园大桥,2026-08-12 00:00,1,23.27467,7.56,7.62,130.0774,389.0258,,,,,,,2026-08-12 01:23:49
云南省,西南诸河,勐捧岔河,2026-08-12 00:00,2,24.05,7.47,8.24,153.4761,872.4015,1.55,0.007,0.05,1.14561,,,2026-08-12 01:23:49
云南省,西南诸河,打洛江大桥,2026-08-12 00:00,1,25.09889,7.66,8.03,113.8744,825.3449,1.8,0.003,0.016,0.97295,,,2026-08-12 01:23:49
云南省,西南诸河,洱海湖心,2026-08-12 01:00,3,23.58,8.75,7.57,281.2,8.49,4.47,0.004,0.027,0.462,0.01252,1.181798,2026-08-12 01:23:49
云南省,西南诸河,徐村桥,2026-08-12 00:00,2,23.01,8,7.61,231.4967,166.5432,1.41,0.005,0.053,1.53051,,,2026-08-12 01:23:49
云南省,西南诸河,江尾,2026-08-12 00:00,2,22.54526,7.96,6.36,260.6306,51.85075,1.32,0.002,0.036,0.69968,,,2026-08-12 01:23:49
云南省,西南诸河,四级坝,2026-08-12 00:00,3,23.42,8.1,5.84,273.3164,19.30467,2.86,0.044,0.063,1.72952,,,2026-08-12 01:23:49
云南省,西南诸河,汇流电站,2026-08-12 00:00,2,24.86831,6.81,7.96,68.98241,56.27793,1.08,0.009,0.026,1.14398,,,2026-08-12 01:23:49
云南省,西南诸河,迭撒大桥,2026-08-12 00:00,2,26.15501,6.74,6.56,99.91647,149.904,2.16,0.184,0.042,4.15753,,,2026-08-12 01:23:49
云南省,西南诸河,风平,2026-08-12 00:00,2,24.23,7.92,7.7,209.9898,50.31369,1.17,0.023,0.069,1.09693,,,2026-08-12 01:23:49
云南省,西南诸河,拉甲木底桥,2026-08-12 00:00,1,20.12068,8.25,9.56,319.7985,148.0098,0.89,0.009,0.001,0.30452,,,2026-08-12 01:23:49
云南省,西南诸河,丙舍桥,2026-08-12 00:00,1,21.69468,8.21,9.41,342.2463,205.4498,1.07,0.009,,0.6192,,,2026-08-12 01:23:49
云南省,长江流域,贺龙桥,2026-08-12 00:00,1,19.39999,8.34,7.61,865.5304,90.65304,1.26,0.096,0.014,1.05796,,,2026-08-12 01:23:49
云南省,西南诸河,中路村,2026-08-12 00:00,2,19.47,8.3,7.28,466.7041,27.0786,0.95,0.011,0.006,0.56629,,,2026-08-12 01:23:49
西藏自治区,西南诸河,才纳,2026-08-12 01:00,2,17.307,8.18,6.33,206.826,74.346,1.32,0.069,0.048,0.509,,,2026-08-12 01:23:49
陕西省,黄河流域,灞河口,2026-08-12 01:00,2,27.63,8.23,7.72,375.3578,34.8344,3.08,0.026,0.058,3.5152,,,2026-08-12 01:23:49
陕西省,黄河流域,三郎村,2026-08-12 01:00,2,27.52,7.74,8.18,366.089,53.549,3.97,0.036,0.091,3.6684,,,2026-08-12 01:23:49
陕西省,黄河流域,岔口,2026-08-12 00:00,2,23.66,8.27,9.91,693.737,123.147,3.69,0.125,0.078,4.5891,,,2026-08-12 01:23:49
陕西省,长江流域,黄牛铺,2026-08-12 01:00,2,24.46,8.67,6,163.2501,1.4457,2.79,0.003,0.012,0.674,,,2026-08-12 01:23:49
陕西省,黄河流域,魏家堡,2026-08-12 01:00,2,27.09,8.16,6.92,681.4778,123.2623,3.14,,0.083,4.722,,,2026-08-12 01:23:49
陕西省,黄河流域,卧龙寺桥,2026-08-12 01:00,2,27.36,8.32,6.96,811.6855,39.9777,2.52,0.043,0.034,3.323,,,2026-08-12 01:23:49
陕西省,长江流域,灶火庵,2026-08-12 01:00,2,24.98,8.3,6.73,341.8587,26.2861,1.71,,0.024,1.6059,,,2026-08-12 01:23:49
陕西省,黄河流域,咸阳铁桥,2026-08-12 00:00,2,28.8,8.08,6.87,555.6528,91.9852,3.28,,0.079,4.3846,,,2026-08-12 01:23:49
陕西省,黄河流域,兴平,2026-08-12 00:00,2,28.86,8.28,6.67,636.6534,163.7843,3.57,0.018,0.089,5.4267,,,2026-08-12 01:23:49
陕西省,黄河流域,泾河桥,2026-08-12 00:00,2,28.98,8.29,6.39,991.54,26.3564,2.08,0.012,0.03,3.6452,,,2026-08-12 01:23:49
陕西省,黄河流域,黑河张家桥,2026-08-12 01:00,2,23.16,8.03,7.37,503.8065,51.461,2.09,0.026,0.032,1.9176,,,2026-08-12 01:23:49
陕西省,黄河流域,王谦村,2026-08-12 01:00,3,26.231,8.02,5.81,968.15,1136.65,3.86,,0.092,2.998,,,2026-08-12 01:23:49
陕西省,黄河流域,杨家畔村,2026-08-12 01:00,3,28.03,8.58,7.32,1083.018,270.5484,4.01,,0.146,5.3121,,,2026-08-12 01:23:49
陕西省,黄河流域,寺滩,2026-08-12 01:00,4,28.21,8.47,7.17,944.62,,2.92,,0.248,5.9201,,,2026-08-12 01:23:49
陕西省,黄河流域,朱家沟,2026-08-12 01:00,6,25.68,8.06,5.23,1081.301,295.4568,5.1,0.345,0.49,7.1281,,,2026-08-12 01:23:49
陕西省,长江流域,烈金坝,2026-08-12 00:00,2,22.87,7.97,7.38,326.46,14.735,0.52,,0.031,1.0016,,,2026-08-12 01:23:49
陕西省,长江流域,南柳渡,2026-08-12 00:00,2,28.23,8.44,8.34,274.2136,8.6653,3.37,,0.046,1.942,,,2026-08-12 01:23:49
陕西省,长江流域,白水江,2026-08-12 01:00,2,27.05,8.21,6.71,316.2947,7.171,1.24,,0.015,1.1737,,,2026-08-12 01:23:49
陕西省,黄河流域,柏树坪,2026-08-12 01:00,2,28.61998,8.27,7.95,922.762,136.7485,2.37,0.001,0.057,2.8291,,,2026-08-12 01:23:49
陕西省,黄河流域,温家川,2026-08-12 01:00,3,25.47,8.58,6.59,1320.325,115.4562,4.74,0.013,0.049,2.2481,,,2026-08-12 01:23:49
陕西省,黄河流域,碛塄,2026-08-12 00:00,1,25.82,8.55,8.35,878.755,7.61055,1.73,0.005,0.006,2.3311,,,2026-08-12 01:23:49
陕西省,黄河流域,高家川,2026-08-12 01:00,2,24.7,8.3,7.69,786.963,988.5743,1.9,,0.081,4.0181,,,2026-08-12 01:23:49
陕西省,黄河流域,鱼河,2026-08-12 01:00,5,23.18,7.88,6.33,491.964,740.3585,7.5,1.565,0.376,5.2201,,,2026-08-12 01:23:49
陕西省,长江流域,白河城关,2026-08-12 00:00,2,24.38,7.74,6.15,252.3848,107.91,1.06,0.002,0.007,1.031,0.029629,,2026-08-12 01:23:49
陕西省,长江流域,南江河出陕界,2026-08-12 00:00,1,22.11,7.93,8.8,178.7478,31.9632,1.14,0.005,0.016,0.8918,,,2026-08-12 01:23:49
陕西省,长江流域,小钢桥,2026-08-12 00:00,3,25.11,7.82,8.32,222.57,26.61,4.15,,0.058,3.763,,,2026-08-12 01:23:49
陕西省,长江流域,老君关,2026-08-12 01:00,2,25.04,7.54,6.02,254.2947,113.1049,3.38,,0.082,2.633,,,2026-08-12 01:23:49
陕西省,长江流域,瀛湖坝前,2026-08-12 00:00,2,28.24,8.62,8.2,217.0137,10.7806,2.14,0.001,0.016,0.745,0.03802,1965439,2026-08-12 01:23:49
陕西省,长江流域,构峪口,2026-08-12 01:00,2,20.99,8.04,6.88,339.9868,39.9701,3.14,,0.048,2.137,,,2026-08-12 01:23:49
陕西省,长江流域,丹凤下,2026-08-12 01:00,3,22.42,8.34,7.63,393.3472,38.7358,3.36,,0.107,3.0328,,,2026-08-12 01:23:49
陕西省,黄河流域,灵口,2026-08-12 00:00,2,22.09,8.31,7.72,508.8161,21.1633,1.55,,0.042,2.1016,,,2026-08-12 01:23:49
甘肃省,黄河流域,扶和桥,2026-08-12 00:00,2,16.51,8.25,8.22,526.6562,61.47671,1.77,0.275,0.026,3.58477,,,2026-08-12 01:23:49
甘肃省,黄河流域,新城桥,2026-08-12 01:00,3,19.32,8.19,7.19,638.884,2010.77,5.86,,0.182,1.9049,,,2026-08-12 01:23:49
甘肃省,黄河流域,湟水桥,2026-08-12 01:00,2,22.87,8.25,6.83,1016.15,2623,1.41,0.088,0.063,4.083,,,2026-08-12 01:23:49
甘肃省,西北诸河,迎山坡,2026-08-12 00:00,2,20.53587,8.25,7.47,593.9534,12.33616,1.15,0.035,0.017,1.69359,,,2026-08-12 01:23:49
甘肃省,黄河流域,青城桥,2026-08-12 00:00,2,20.26836,8.19,6.91,580.7273,23.17957,1.38,0.041,0.017,1.75139,,,2026-08-12 01:23:49
甘肃省,黄河流域,五佛寺,2026-08-12 01:00,2,20.96149,8.3,6.83,613.9211,197.758,3.18,0.387,0.066,3.818,,,2026-08-12 01:23:49
甘肃省,黄河流域,靖远桥,2026-08-12 00:00,2,19.3992,8.31,6.66,585.9644,38.1137,1.26,0.038,0.017,1.73133,,,2026-08-12 01:23:49
甘肃省,黄河流域,葡萄园,2026-08-12 01:00,2,25.98,8.29,6.88,1222.412,1822.521,2.15,0.034,0.042,6.075,,,2026-08-12 01:23:49
甘肃省,黄河流域,先明峡桥,2026-08-12 00:00,1,18.82362,8.54,7.61,460.1893,22.5691,,,,,,,2026-08-12 01:23:49
甘肃省,西北诸河,莺落峡,2026-08-12 00:00,1,16.23,8.26,8.26,643.0962,5.19326,0.16,0.019,0.006,1.19969,,,2026-08-12 01:23:49
甘肃省,西北诸河,皇城水库,2026-08-12 00:00,2,15.63666,8.08,7.24,480.1857,60.21111,1.23,0.079,0.005,2.4232,,,2026-08-12 01:23:49
甘肃省,黄河流域,长庆桥,2026-08-12 01:00,3,26.52,8.39,6.59,942.395,226.4616,2.84,0.008,0.129,3.6881,,,2026-08-12 01:23:49
甘肃省,黄河流域,洮园桥,2026-08-12 00:00,3,20.36,8.14,6.06,424.3206,719.8882,4.95,0.575,0.158,14.53137,,,2026-08-12 01:23:49
甘肃省,长江流域,固水子村,2026-08-12 01:00,3,22.21,8.19,7.46,396.2,1597.4,1.98,,0.127,1.534,,,2026-08-12 01:23:49
甘肃省,长江流域,两水桥,2026-08-12 00:00,1,21.94,8.25,7.68,433.272,102.0072,1.64,0.013,,1.6651,,,2026-08-12 01:23:49
甘肃省,黄河流域,折桥,2026-08-12 00:00,3,18.09,8.4,8.98,461.7963,,5.81,0.328,0.11,4.32137,,,2026-08-12 01:23:49
甘肃省,黄河流域,玛曲,2026-08-12 00:00,3,17.84044,8.37,5.81,426.0766,56.46246,1.65,0.048,0.022,1.22535,,,2026-08-12 01:23:49
青海省,黄河流域,小峡桥,2026-08-12 00:00,6,20.89457,8.02,6.32,938.5574,2540.18,21.91,2.078,0.607,,,,2026-08-12 01:23:49
青海省,黄河流域,润泽桥,2026-08-12 00:00,3,18.90285,8.23,7.3,601.3947,95.97038,,0.351,0.113,4.23315,,,2026-08-12 01:23:49
青海省,黄河流域,大河家,2026-08-12 00:00,1,13.57393,8.3,8.16,494.9049,25.03421,1.16,0.003,0.005,0.67697,,,2026-08-12 01:23:49
青海省,黄河流域,边墙村,2026-08-12 00:00,4,21.85937,8.37,6.64,990.731,1856.688,3.86,1.06,0.161,2.95139,,,2026-08-12 01:23:49
青海省,黄河流域,峡塘,2026-08-12 00:00,1,17.92528,8.48,7.6,507.2345,107.7437,1.09,0.009,0.011,0.82762,,,2026-08-12 01:23:49
青海省,西北诸河,布哈河入青海湖口,2026-08-12 00:00,2,17.78804,8.3,6.46,523.412,38.51799,1.05,0.006,0.007,0.72,,,2026-08-12 01:23:49
青海省,黄河流域,唐乃亥,2026-08-12 00:00,2,17.79764,8.41,6.65,447.2693,101.5414,1.95,0.002,0.047,0.76744,,,2026-08-12 01:23:49
青海省,黄河流域,龙羊峡库区出水口,2026-08-12 00:00,2,14.26967,8.19,7.01,444.882,6.0835,1.19,0.002,0.008,0.61076,0.00809,297525.3,2026-08-12 01:23:49
青海省,长江流域,直门达,2026-08-12 01:00,2,16.8538,8.39,6.4,1589.625,319.8375,0.97,0.268,0.021,0.8091656,,,2026-08-12 01:23:49
青海省,西北诸河,总场水闸,2026-08-12 00:00,2,16.14,8.5,7.15,870.2889,95.86296,0.13,0.005,0.011,1.03281,,,2026-08-12 01:23:49
青海省,西北诸河,纳赤台,2026-08-12 00:00,6,11.635,8.35,6.82,710.5,1043,2.9,0.691,1.413,0.002,,,2026-08-12 01:23:49
青海省,西北诸河,德令哈市水厂旁,2026-08-12 00:00,2,14.08112,8.05,7.4,771.015,50.2187,0.28,0.001,0.002,1.38479,,,2026-08-12 01:23:49
宁夏回族自治区,黄河流域,叶盛公路桥,2026-08-12 00:00,3,22.4,7.86,5.66,1106.7,1260.77,1.62,,0.082,2.812,,,2026-08-12 01:23:49
宁夏回族自治区,黄河流域,银古公路桥,2026-08-12 00:00,2,24.35504,8.34,6.18,821.5789,385.2091,2.29,0.174,0.07,2.5777,,,2026-08-12 01:23:49
宁夏回族自治区,黄河流域,平罗黄河大桥,2026-08-12 01:00,2,24.69,8.24,6.46,938.7,733.77,1.5,,0.051,2.62,,,2026-08-12 01:23:49
宁夏回族自治区,黄河流域,麻黄沟,2026-08-12 01:00,2,24.9,8.37,6.13,881.909,882.465,2.32,,0.055,2.4802,,,2026-08-12 01:23:49
宁夏回族自治区,黄河流域,沙湖,2026-08-12 00:00,4,23.84,8.6,6.91,1475.7,17.18,6.1,0.012,0.036,0.994,0.01197,3.3167,2026-08-12 01:23:49
宁夏回族自治区,黄河流域,沟圈,2026-08-12 01:00,2,22.04,8.24,6.98,1061.308,4689.479,3,0.011,0.052,2.8621,,,2026-08-12 01:23:49
宁夏回族自治区,黄河流域,中卫下河沿,2026-08-12 01:00,-1,,,,,,,,,,,,2026-08-12 01:23:49
新疆维吾尔自治区,西北诸河,青年渠,2026-08-12 00:00,1,17.47,8.17,8.81,328.2924,23.43315,0.36,0.009,0.006,1.10731,,,2026-08-12 01:23:49
新疆维吾尔自治区,西北诸河,七纺桥,2026-08-12 00:00,2,14.06,8.57,8.03,2258.355,19.4094,2.03,0.01,0.017,12.35326,,,2026-08-12 01:23:49
新疆维吾尔自治区,西北诸河,赛湖2,2026-08-12 00:00,3,19.08211,8.94,5.01,3174.698,4.65203,0.08,0.172,0.001,0.57877,0.00986,31140,2026-08-12 01:23:49
新疆维吾尔自治区,西北诸河,哈尔莫墩,2026-08-12 00:00,1,18.43,8.11,7.79,336.836,5.44072,0.83,0.01,0.01,0.57729,,,2026-08-12 01:23:49
新疆维吾尔自治区,西北诸河,汇合口,2026-08-12 00:00,2,27.58,8.48,7.34,903.7892,14.11717,2.26,0.009,0.009,0.36629,,,2026-08-12 01:23:49
新疆维吾尔自治区,西北诸河,兰干,2026-08-12 00:00,2,27.32938,8.64,6.74,832.4529,6.84002,1.06,0.01,0.008,0.54439,,,2026-08-12 01:23:49
新疆维吾尔自治区,西北诸河,塔里木拦河闸,2026-08-12 00:00,1,18.492,8.08,8.19,376.3588,693.6338,0.18,0.004,0.002,0.42375,,,2026-08-12 01:23:49
新疆维吾尔自治区,西北诸河,十二医院,2026-08-12 00:00,2,22.51921,8.13,7.22,1340.568,3008.744,0.28,0.02,0.002,0.836,,,2026-08-12 01:23:49
新疆维吾尔自治区,西北诸河,依干其渡口,2026-08-12 00:00,1,21.01672,8.35,7.87,394.6513,51.16406,0.15,0.002,0.014,0.99799,,,2026-08-12 01:23:49
新疆维吾尔自治区,西北诸河,科布大桥,2026-08-12 00:00,1,16.00198,8.28,8.06,220.5318,401.5834,0.77,0.008,0.008,0.59325,,,2026-08-12 01:23:49
新疆维吾尔自治区,西北诸河,龙口大桥,2026-08-12 00:00,1,18.34921,7.72,7.79,249.4296,9.05756,0.19,0.001,0.006,0.60526,,,2026-08-12 01:23:49
新疆维吾尔自治区,西北诸河,羊场大桥,2026-08-12 00:00,4,20.63,7.8,3.52,1072.443,1.85084,0.36,0.002,0.005,0.60612,,,2026-08-12 01:23:49
新疆维吾尔自治区,西北诸河,喀什河大桥,2026-08-12 00:00,1,17.6,8.01,9.32,227.2706,19.48878,0.63,0.004,0.008,0.72931,,,2026-08-12 01:23:49
新疆维吾尔自治区,西北诸河,英牙尔乡,2026-08-12 00:00,2,23.34259,8.15,7.41,383.4045,17.81299,2.26,0.007,0.046,1.31016,,,2026-08-12 01:23:49
新疆维吾尔自治区,西北诸河,雅马渡大桥,2026-08-12 00:00,2,22.664,7.86,6.24,341.673,7.956,0.58,0.033,0.011,0.824,,,2026-08-12 01:23:49
新疆维吾尔自治区,西北诸河,布尔津河大桥,2026-08-12 00:00,1,23.09,7.53,7.86,66.30451,8.81817,1.22,0.001,0.01,0.13915,,,2026-08-12 01:23:49
新疆维吾尔自治区,西北诸河,北屯大桥,2026-08-12 00:00,2,23.85376,7.73,6.79,82.44424,26.10441,0.92,0.006,0.014,,,,2026-08-12 01:23:49
新疆维吾尔自治区,西北诸河,布尔津水文站,2026-08-12 00:00,2,24.44,7.85,9.07,158.9499,19.67824,2.04,0.037,0.031,1.65282,,,2026-08-12 01:23:49
新疆维吾尔自治区,西北诸河,额河南湾,2026-08-12 01:00,1,24.08,7.76,8.16,185.3613,4.2993,1.17,0.006,0.011,0.33344,,,2026-08-12 01:23:49
