省份,流域,断面名称,监测时间,水质类别,水温(℃),pH(无量纲),溶解氧(mg/L),电导率(μS/cm),浊度(NTU),高锰酸盐指数(mg/L),氨氮(mg/L),总磷(mg/L),总氮(mg/L),叶绿素α(mg/L),藻密度(cells/L),抓取时间
北京市,海河流域,广北滨河路,2026-08-26 00:00,2,26.02,7.62,6.02,427.94,9.79,,,,,,,2026-08-26 00:25:46
北京市,海河流域,新八里桥,2026-08-26 00:00,6,26.64,7.11,0.66,460.528,41.512,11.05,5.338,0.703,8.409,,,2026-08-26 00:25:46
北京市,海河流域,大红门闸上,2026-08-26 00:00,6,24.98,7.25,1.58,693.3,30.443,4.22,0.882,0.119,7.172,,,2026-08-26 00:25:46
北京市,海河流域,南大荒桥,2026-08-26 00:00,2,28.43,8.38,7.73,847.7,26.36,2.5,0.02,0.026,1.692,,,2026-08-26 00:25:46
北京市,海河流域,清河闸,2026-08-26 00:00,4,23.03,7.34,4.55,596.28,26.548,5.3,1.115,0.209,6.854,,,2026-08-26 00:25:46
北京市,海河流域,花园路,2026-08-26 00:00,6,23.96,7.26,3.18,521.667,43.75,7.72,2.752,0.356,3.808,,,2026-08-26 00:25:46
北京市,海河流域,白石桥,2026-08-26 00:00,4,24.75,7.3,5.21,386.32,53.108,5.47,1.478,0.186,4.553,,,2026-08-26 00:25:46
北京市,海河流域,八间房漫水桥,2026-08-26 00:00,4,28,7.58,3.67,954.72,9.04,2.44,0.021,0.085,3.5153,,,2026-08-26 00:25:46
北京市,海河流域,码头,2026-08-26 00:00,3,27.14,7.38,5.34,993.29,35.965,2.26,0.16,0.125,7.173,,,2026-08-26 00:25:46
北京市,海河流域,罗庄,2026-08-26 00:00,5,28.95,7.5,2.78,1095.349,6.766902,2.09,0.051,0.123,5.6111,,,2026-08-26 00:25:46
北京市,海河流域,小屯桥,2026-08-26 00:00,3,29.35,7.73,5.32,1479.696,12.00639,3.86,,0.135,5.3581,,,2026-08-26 00:25:46
北京市,海河流域,东店,2026-08-26 00:00,3,23.91714,7.41,6.77,630.9388,99.25896,3.15,0.236,0.121,11.53113,,,2026-08-26 00:25:46
北京市,海河流域,密云水库,2026-08-26 00:00,2,28.46378,8.24,9.03,408.8161,2.427544,2.17,0.046,0.008,3.527062,,,2026-08-26 00:25:46
北京市,海河流域,大关桥,2026-08-26 00:00,5,26.87,8.03,2.64,419.56,988.57,5.85,0.669,0.127,6.5551,,,2026-08-26 00:25:46
北京市,海河流域,谷家营,2026-08-26 00:00,2,28.14,7.94,9.65,537.26,4.361,2.45,0.119,0.057,2.765,,,2026-08-26 00:25:46
天津市,海河流域,北洋桥,2026-08-26 00:00,5,30.21097,7.14,2.62,934.8572,24.44634,3.83,0.358,0.137,1.423999,,,2026-08-26 00:25:46
天津市,海河流域,大红桥,2026-08-26 00:00,6,29.88,7.57,1.93,904.679,29.89678,3.46,0.176,0.068,1.8911,,,2026-08-26 00:25:46
天津市,海河流域,曹庄子泵站,2026-08-26 00:00,2,29.79,7.69,6.02,266.46,3.16,1.45,0.056,0.004,0.766,,,2026-08-26 00:25:46
天津市,海河流域,生产圈闸,2026-08-26 00:00,6,25.49475,7.2,0.01,904.049,47.60369,3.94,0.131,0.069,1.156623,,,2026-08-26 00:25:46
天津市,海河流域,北排水河防潮闸,2026-08-26 00:00,6,19.94,7.8,0.82,1894,35.4798,3.78,0.01,0.08,0.7315,,,2026-08-26 00:25:46
天津市,海河流域,沧浪渠出境,2026-08-26 00:00,5,30.01,7.74,2.11,7750.3,999.127,9.63,,0.21,2.1118,,,2026-08-26 00:25:46
天津市,海河流域,蓟运河防潮闸,2026-08-26 00:00,5,29.75924,7.46,2.53,851.0143,33.32142,4.89,0.224,0.17,2.192642,,,2026-08-26 00:25:46
天津市,海河流域,青静黄防潮闸,2026-08-26 00:00,4,30.30787,8.73,5.78,6273.421,57.65255,7.54,0.328,0.147,1.032198,,,2026-08-26 00:25:46
天津市,海河流域,马棚口防潮闸,2026-08-26 00:00,3,28.71,7.8,5.52,1787.9,58.9635,4.86,0.113,0.071,2.84,,,2026-08-26 00:25:46
天津市,海河流域,阎辛庄,2026-08-26 00:00,4,21.11292,7.2,3,1253.227,35.81835,3.44,0.041,0.1,3.351068,,,2026-08-26 00:25:46
天津市,海河流域,黎河桥,2026-08-26 00:00,3,26.593,7.64,8.3,720,30.12,2.66,0.24,0.196,9.966,,,2026-08-26 00:25:46
河北省,海河流域,地都,2026-08-26 00:00,3,23.08,8.17,6.68,1062.014,37.066,2.18,0.611,0.045,5.933,,,2026-08-26 00:25:46
河北省,海河流域,平山桥,2026-08-26 00:00,2,27.14,7.91,7.4,1321.62,68.451,1.94,,0.06,4.939,,,2026-08-26 00:25:46
河北省,海河流域,大石桥,2026-08-26 00:00,4,29.58434,7.27,6.39,1046.52,67.97551,6.6,0.3,0.224,9.617552,,,2026-08-26 00:25:46
河北省,海河流域,涧河口,2026-08-26 00:00,4,29.0724,7.52,4.91,1014.993,22.31775,4.68,0.172,0.092,1.136169,,,2026-08-26 00:25:46
河北省,海河流域,丰北闸,2026-08-26 00:00,3,32.13092,8.1,9.64,755.196,15.14247,5.86,0.021,0.103,1.964244,,,2026-08-26 00:25:46
河北省,海河流域,刘家庄,2026-08-26 00:00,2,24.67,8.18,7.4,540.8494,104.63,1.71,0.064,0.055,2.994,,,2026-08-26 00:25:46
河北省,海河流域,艾辛庄,2026-08-26 00:00,4,28.66688,7.76,7.17,1038.416,25.16827,7.53,,0.194,8.281142,,,2026-08-26 00:25:46
河北省,海河流域,四道甸,2026-08-26 00:00,4,21.72,8.07,7.9,306.502,4326.648,6.42,0.006,0.099,8.0251,,,2026-08-26 00:25:46
河北省,辽河流域,甸子,2026-08-26 00:00,2,20.98,7.71,6.18,377.28,26.69,2.53,0.011,0.053,6.318,,,2026-08-26 00:25:46
河北省,海河流域,何老营,2026-08-26 00:00,4,29.59693,8.24,7.22,4112.611,25.32633,7.25,,0.077,1.032881,,,2026-08-26 00:25:46
河北省,海河流域,大口河口,2026-08-26 00:00,3,28.57,8.08,6.28,8022.62,40.24,4.26,0.059,0.123,2.652,,,2026-08-26 00:25:46
河北省,海河流域,台头,2026-08-26 00:00,2,30.1792,7.99,7.18,913.8597,10.15743,3.56,0.111,0.042,0.9801,,,2026-08-26 00:25:46
河北省,海河流域,三小营,2026-08-26 00:00,4,28.22981,7.34,3.81,747.3831,29.51635,5.22,0.974,0.227,3.653627,,,2026-08-26 00:25:46
河北省,海河流域,南张村,2026-08-26 00:00,1,31.19,8.3,7.92,225.48,12.112,1.69,0.028,0.011,0.8469,,,2026-08-26 00:25:46
河北省,海河流域,烧车淀,2026-08-26 00:00,2,29.87,7.94,9.83,547.13,2.22,2.19,,0.011,2.516,0.00184,201338.9,2026-08-26 00:25:46
河北省,海河流域,圈头,2026-08-26 00:00,3,30.61,8.63,7.49,642.87,1.454,4.18,,0.021,0.52,0.00261,3276063,2026-08-26 00:25:46
河北省,海河流域,采蒲台,2026-08-26 00:00,3,30.10893,7.54,7.02,716.2249,1.526534,3.65,,0.045,0.106608,0.002473,533696.1,2026-08-26 00:25:46
河北省,海河流域,光淀张庄,2026-08-26 00:00,4,31.12,7.55,3.26,583.03,4.41,2.81,,0.023,1.351,0.00451,5439472,2026-08-26 00:25:46
山西省,黄河流域,韩武村,2026-08-26 00:00,6,29.09,7.84,5.34,1137.61,58.54,7.82,2.196,0.303,8.228,,,2026-08-26 00:25:46
山西省,海河流域,古家坡,2026-08-26 00:00,5,25.53,7.85,2.07,825.116,65.52937,5.72,,0.185,1.7491,,,2026-08-26 00:25:46
山西省,海河流域,司徒桥,2026-08-26 00:00,3,28.21,7.91,11.44,512.7775,21.6494,4.01,,0.056,1.599,,,2026-08-26 00:25:46
山西省,海河流域,关河水库出口,2026-08-26 00:00,6,24.84,7.58,1.7,518.39,6.038,4.45,0.111,0.024,0.9941,,,2026-08-26 00:25:46
山西省,黄河流域,龙头,2026-08-26 00:00,2,25.39,8.17,6.19,545.93,80.25,2.6,,0.029,2.8637,,,2026-08-26 00:25:46
山西省,黄河流域,拴驴泉,2026-08-26 00:00,1,27.06,8.21,8.26,727.9061,12.8426,0.81,,0.013,4.1285,,,2026-08-26 00:25:46
山西省,海河流域,东榆林水库出口,2026-08-26 00:00,3,25.57,7.81,5.74,764.493,33.63477,3.16,0.257,0.057,1.9711,,,2026-08-26 00:25:46
山西省,黄河流域,杀虎口,2026-08-26 00:00,3,22.79,8.15,6.78,482.747,101.8203,5.01,,0.09,1.2891,,,2026-08-26 00:25:46
山西省,黄河流域,张留庄,2026-08-26 00:00,6,30.31,8.44,3.39,7627.01,93.07,10.07,5.375,0.272,13.425,,,2026-08-26 00:25:46
山西省,黄河流域,上亳城,2026-08-26 00:00,2,27.93,7.86,6.37,852.269,43.208,1.65,0.01,0.039,3.9334,,,2026-08-26 00:25:46
山西省,海河流域,梵王寺,2026-08-26 00:00,4,19.43,7.72,3.55,876.425,332.469,7.33,0.908,0.202,4.1081,,,2026-08-26 00:25:46
山西省,海河流域,代县桥,2026-08-26 00:00,4,23.05,8.12,4.86,517.903,559.3516,2.29,0.002,0.097,4.2021,,,2026-08-26 00:25:46
山西省,黄河流域,河西村,2026-08-26 00:00,3,24.44,8.28,6.36,495,482.85,0.96,0.035,0.136,5.587,,,2026-08-26 00:25:46
山西省,黄河流域,上平望,2026-08-26 00:00,3,29.72,7.76,5.92,1087.69,201.85,4.82,0.118,0.078,5.655,,,2026-08-26 00:25:46
山西省,黄河流域,黑城村,2026-08-26 00:00,2,27.82,8.26,7.03,820.5799,398.3423,2.11,0.032,0.073,5.315,,,2026-08-26 00:25:46
内蒙古自治区,松花江流域,根河口内,2026-08-26 00:00,4,19.47,7.02,7.14,,27.27,6.29,,0.034,0.262,,,2026-08-26 00:25:46
内蒙古自治区,松花江流域,嵯岗,2026-08-26 00:00,5,19.5,7.78,7.54,250.807,48.588,10.1,,0.097,0.602,,,2026-08-26 00:25:46
内蒙古自治区,松花江流域,成吉思汗,2026-08-26 00:00,2,19.62,7.17,8.3,145.96,24.94,2.95,0.152,0.034,1.418,,,2026-08-26 00:25:46
内蒙古自治区,松花江流域,察尔森水库西入口,2026-08-26 00:00,2,22.69,7.71,6.87,167.6,20.83,3.5,0.006,0.025,1.53,0.01029,6939320,2026-08-26 00:25:46
辽宁省,辽河流域,巨流河大桥,2026-08-26 00:00,4,24.61,7.8,3.18,525.3,195.5,6.92,0.066,0.144,1.755,,,2026-08-26 00:25:46
辽宁省,辽河流域,兴国桥,2026-08-26 00:00,3,24.85,7.48,7.59,371.575,59.974,4.44,0.03,0.093,2.476,,,2026-08-26 00:25:46
辽宁省,辽河流域,登化,2026-08-26 00:00,6,26.4526,7.56,4.02,435.632,38.534,8.83,1.857,0.55,6.154,,,2026-08-26 00:25:46
辽宁省,辽河流域,张家堡,2026-08-26 00:00,2,27.28,8.2,6.94,643.15,25.248,3.76,0.169,0.076,5.748,,,2026-08-26 00:25:46
辽宁省,辽河流域,东羊角,2026-08-26 00:00,5,24.81,7.26,5.27,639.4,48.4,5.77,1.54,0.288,6.494,,,2026-08-26 00:25:46
辽宁省,辽河流域,盘锦兴安,2026-08-26 00:00,4,24.93,8.68,8.21,472.59,28,8.22,,0.123,1.459,,,2026-08-26 00:25:46
辽宁省,辽河流域,曙光大桥,2026-08-26 00:00,3,26.82,7.54,5.27,822.93,74.75,4.83,0.007,0.12,2.971,,,2026-08-26 00:25:46
辽宁省,辽河流域,鲜峰桥,2026-08-26 00:00,3,27.31,8.12,19,1116.16,31.864,5.58,0.023,0.13,5.521,,,2026-08-26 00:25:46
辽宁省,辽河流域,通江口,2026-08-26 00:00,5,23.88,7.95,7.79,623.05,116.5,11.29,0.025,0.204,3.111,,,2026-08-26 00:25:46
辽宁省,辽河流域,松树水文站,2026-08-26 00:00,3,22.78,7.92,7.3,449.78,49.86,3.62,,0.134,8.248,,,2026-08-26 00:25:46
辽宁省,辽河流域,大凌河西支入河口,2026-08-26 00:00,2,21.27,8.16,6.99,925.05,29.153,2.24,,0.077,19.922,,,2026-08-26 00:25:46
吉林省,松花江流域,周家河口,2026-08-26 00:00,3,21.32,7.7,7.54,500.76,75.54,5.09,0.075,0.109,2.818,,,2026-08-26 00:25:46
吉林省,辽河流域,六家子,2026-08-26 00:00,5,21.89,7.5,5.63,630.9,211.6,7.85,0.558,0.317,7.2519,,,2026-08-26 00:25:46
吉林省,辽河流域,林家,2026-08-26 00:00,4,23,7.52,6.35,619.3,103,6.33,0.944,0.256,4.993,,,2026-08-26 00:25:46
吉林省,辽河流域,河清,2026-08-26 00:00,3,18.94,7.17,5,631.6,3110.25,4.21,0.013,0.117,3.476,,,2026-08-26 00:25:46
吉林省,松花江流域,松林,2026-08-26 00:00,3,23.95,7.08,6.56,258.9,29.31,4.64,0.12,0.127,3.291,,,2026-08-26 00:25:46
吉林省,松花江流域,月亮湖下,2026-08-26 00:00,4,24.66,8.72,7.91,454,69.93,6.11,,0.055,0.954,,,2026-08-26 00:25:46
黑龙江省,松花江流域,查哈阳乡,2026-08-26 00:00,3,19.8,7.62,8.55,102.6,112.7,4.97,,0.062,0.686,,,2026-08-26 00:25:46
黑龙江省,松花江流域,音河水库,2026-08-26 00:00,3,22.16,7.7,7.66,230.71,151.18,5.15,,0.115,3.087,,,2026-08-26 00:25:46
黑龙江省,松花江流域,江桥,2026-08-26 00:00,3,22.68,7.63,7.73,162.355,99.904,5.68,,0.091,3.456,,,2026-08-26 00:25:46
黑龙江省,松花江流域,富源村,2026-08-26 00:00,5,22.76,7.83,8.52,98.85,10.94,10.73,0.022,0.059,0.454,,,2026-08-26 00:25:46
黑龙江省,松花江流域,嫩江口内,2026-08-26 00:00,4,24.67,7.62,6.97,197.842,101.983,6.6,,0.117,1.666,,,2026-08-26 00:25:46
黑龙江省,松花江流域,嘉荫,2026-08-26 00:00,5,18.98,7.13,9.12,96.845,67.636,14.71,0.021,0.074,0.822,,,2026-08-26 00:25:46
黑龙江省,松花江流域,双河渠首,2026-08-26 00:00,5,21.05,6.92,7.89,106.4,288,13,0.001,0.195,3.014,,,2026-08-26 00:25:46
黑龙江省,松花江流域,黑河下,2026-08-26 00:00,5,16.77,7.37,7.84,117.7957,60.0562,14.01,,0.07,0.6243,,,2026-08-26 00:25:46
黑龙江省,松花江流域,加格达奇上,2026-08-26 00:00,3,14.62,7,9.38,67.278,7.7991,5.7,,0.016,0.25,,,2026-08-26 00:25:46
上海市,长江流域,富锦路桥,2026-08-26 00:00,4,31.2,7.76,4.32,561.2,67.6,3.46,0.005,0.154,3.526,,,2026-08-26 00:25:46
上海市,太湖流域,临江,2026-08-26 00:00,6,30.45,7.49,4.07,386.8,40.32,5.17,0.229,0.405,2.145,,,2026-08-26 00:25:46
上海市,太湖流域,闵行西界,2026-08-26 00:00,4,30.26,7.37,4.16,359.04,36.71,3.67,0.051,0.13,1.923,,,2026-08-26 00:25:46
上海市,太湖流域,蕴川路桥,2026-08-26 00:00,3,29.45,8.03,6.51,408.11,71.61,2.57,,0.125,2.116,,,2026-08-26 00:25:46
上海市,太湖流域,三甲港,2026-08-26 00:00,3,30.12,7.96,7.07,458.9,42.27,2.65,0.071,0.113,2.05,,,2026-08-26 00:25:46
上海市,太湖流域,急水港桥,2026-08-26 00:00,4,29.56,7.56,3.35,407.2,17.6,4.35,0.042,0.1,1.304,0.01,4201985,2026-08-26 00:25:46
江苏省,长江流域,陈浅,2026-08-26 00:00,6,29.73,7.09,0.09,292.3,48.38,5.24,0.178,0.34,0.387,,,2026-08-26 00:25:46
江苏省,太湖流域,锡东水厂,2026-08-26 00:00,3,29.67,8.74,8.07,398.76,29.53,2.64,,0.034,0.589,0.00683,5298660,2026-08-26 00:25:46
江苏省,太湖流域,大浦港桥,2026-08-26 00:00,3,29.62,7.81,6.09,366.3,216.7,4.51,0.05,0.176,2.186,,,2026-08-26 00:25:46
江苏省,太湖流域,拖山,2026-08-26 00:00,5,30.15,8.28,7.08,395.82,105.61,3.49,,0.109,1.173,0.00132,5551294,2026-08-26 00:25:46
江苏省,太湖流域,五里湖心,2026-08-26 00:00,4,30.09,8.87,8,385.7,31.41178,4.21,,0.086,0.593,0.0094,1.460812,2026-08-26 00:25:46
江苏省,太湖流域,潘家坝,2026-08-26 00:00,3,30.53,7.47,5.53,313.89,63.27,3.34,0.069,0.099,1.716,,,2026-08-26 00:25:46
江苏省,长江流域,小湾,2026-08-26 00:00,3,29.08,7.84,5.8,332.23,36.88,1.76,,0.073,1.843,,,2026-08-26 00:25:46
江苏省,长江流域,魏村,2026-08-26 00:00,3,29.34,7.74,5.73,330.61,53.76,1.6,,0.088,1.846,,,2026-08-26 00:25:46
江苏省,太湖流域,姚巷桥,2026-08-26 00:00,3,30.79,8.38,6.56,366.18,52.95,4.38,0.035,0.134,1.71,,,2026-08-26 00:25:46
江苏省,太湖流域,胥湖心,2026-08-26 00:00,1,29.76,8.97,8.58,334.47,8.99,1.43,,0.009,0.135,0.0005,96525.68,2026-08-26 00:25:46
江苏省,太湖流域,乌龟山南,2026-08-26 00:00,4,29.69,8.19,7.29,386.573,51.527,3,,0.06,0.973,0.00302,8757093,2026-08-26 00:25:46
江苏省,太湖流域,千灯浦口,2026-08-26 00:00,3,29.87,7.58,5.86,486.002,35.561,3.62,0.029,0.134,1.0062,,,2026-08-26 00:25:46
江苏省,太湖流域,朱厍港口,2026-08-26 00:00,4,28.5,7.32,4.48,459.7,27.6,3.71,,0.118,1.263,,,2026-08-26 00:25:46
江苏省,太湖流域,浏河闸,2026-08-26 00:00,4,30.15,7.5,3.34,525.288,46.647,4.25,,0.182,2.2953,,,2026-08-26 00:25:46
江苏省,太湖流域,航管站,2026-08-26 00:00,2,30.54,8.78,8.29,341.85,9.98,3.31,,0.029,0.814,,,2026-08-26 00:25:46
江苏省,太湖流域,赵屯,2026-08-26 00:00,4,30.03,7.44,4.49,616.079,41.362,3.59,0.064,0.149,1.8678,,,2026-08-26 00:25:46
江苏省,淮河流域,总渠苏嘴,2026-08-26 00:00,3,27.53,7.56,5.33,450.39,69.51,2.97,0.068,0.083,2.76,,,2026-08-26 00:25:46
江苏省,太湖流域,吕城,2026-08-26 00:00,4,30.24,7.52,4.29,321.68,46.7,3.62,,0.162,2.037,,,2026-08-26 00:25:46
浙江省,浙闽片河流,清林渡,2026-08-26 00:00,3,23.294,7.49,8.18,,,4.02,0.596,,3.39,,,2026-08-26 00:25:46
浙江省,浙闽片河流,梁桥,2026-08-26 00:00,3,29.47,7.98,8.84,85.46,14.33,2.07,0.006,0.102,1.689,,,2026-08-26 00:25:46
浙江省,浙闽片河流,蒲岐,2026-08-26 00:00,3,27.41,6.73,5.98,112.1,103.8,2.8,0.425,0.191,1.992803,,,2026-08-26 00:25:46
浙江省,浙闽片河流,沙头,2026-08-26 00:00,2,25.66,6.94,7.67,34.326,8.674,1.53,0.036,0.028,0.4046,,,2026-08-26 00:25:46
浙江省,太湖流域,杨家浦,2026-08-26 00:00,4,29.67546,7.27,4.11,245.6478,42.87352,3.38,0.05,0.089,2.135196,,,2026-08-26 00:25:46
浙江省,浙闽片河流,曹娥江大闸闸前,2026-08-26 00:00,2,29.577,7.3,6.77,167.447,23.782,2.43,0.036,0.072,2.652,,,2026-08-26 00:25:46
浙江省,浙闽片河流,葛山头,2026-08-26 00:00,4,29.96,6.81,3.96,149.06,10.76,2.79,0.096,0.047,2.81,,,2026-08-26 00:25:46
浙江省,浙闽片河流,塔下洲,2026-08-26 00:00,3,28.39,7.27,7.18,137.051,28.916,4.23,0.038,0.066,1.6429,,,2026-08-26 00:25:46
浙江省,浙闽片河流,费垅,2026-08-26 00:00,3,28.6,7.22,6.8,189.394,29.986,3.42,0.387,0.156,2.5483,,,2026-08-26 00:25:46
浙江省,浙闽片河流,南江桥,2026-08-26 00:00,3,28.84,7.62,6.27,221.891,7.42,2.97,0.037,0.108,1.6252,,,2026-08-26 00:25:46
浙江省,浙闽片河流,横山,2026-08-26 00:00,3,29.36,7.39,5.73,181.425,6.365,2.51,0.06,0.056,1.6556,,,2026-08-26 00:25:46
浙江省,浙闽片河流,章店,2026-08-26 00:00,3,28.79,7.42,6.51,187.631,9.978,3.99,0.025,0.179,2.3063,,,2026-08-26 00:25:46
浙江省,浙闽片河流,下界首,2026-08-26 00:00,1,29.32,7.66,7.98,173.149,6.33,0.85,0.01,0.018,0.895,,,2026-08-26 00:25:46
浙江省,浙闽片河流,金清新闸,2026-08-26 00:00,5,29.19,7.34,4.43,407.666,24.355,5.6,1.765,0.226,3.3957,,,2026-08-26 00:25:46
浙江省,浙闽片河流,里石门水库,2026-08-26 00:00,2,28.29,7.49,8.23,57.276,3.932,2.73,0.005,0.017,0.5521,0.00186,613884.8,2026-08-26 00:25:46
浙江省,浙闽片河流,沙段,2026-08-26 00:00,2,27.17,7.2,7.74,86.769,20.231,2.94,0.039,0.063,1.0989,,,2026-08-26 00:25:46
浙江省,浙闽片河流,沙湾上,2026-08-26 00:00,1,22.54,7.12,8.4,25.499,5.886,1.64,0.106,0.004,0.2488,,,2026-08-26 00:25:46
浙江省,浙闽片河流,小溪口,2026-08-26 00:00,3,24.12,6.73,5.9,34.244,12.056,1.36,0.005,0.011,0.5474,,,2026-08-26 00:25:46
安徽省,巢湖流域,兆河入湖口渡口,2026-08-26 00:00,6,32.03,9.41,17.47,239.268,69.2307,8.57,,0.066,1.751,,,2026-08-26 00:25:46
安徽省,巢湖流域,牛角大圩,2026-08-26 00:00,4,30.11,7.39,4.72,372.243,89.5589,5.34,0.022,0.144,2.291,,,2026-08-26 00:25:46
安徽省,巢湖流域,希望桥,2026-08-26 00:00,3,31.6,8.19,9.26,447.1,17,3.01,,0.152,4.69,,,2026-08-26 00:25:46
安徽省,巢湖流域,湖滨,2026-08-26 00:00,5,30.23,7.9,6.85,295.31,41.53,3.94,,0.106,2.5,0.00698,546243.1,2026-08-26 00:25:46
安徽省,巢湖流域,黄麓,2026-08-26 00:00,4,32.16,8.79,7.36,313.31,26.354,4.84,,0.055,1.001,0.0144,2048053,2026-08-26 00:25:46
安徽省,巢湖流域,靠近大坝,2026-08-26 00:00,3,30.37,8.68,6.95,171.44,8.8,4.21,,0.026,0.497,0.01288,1.042609,2026-08-26 00:25:46
安徽省,巢湖流域,新河入湖区,2026-08-26 00:00,5,30.68,,6.84,260.53,109.96,6.59,,0.139,0.945,0.00888,7.036126,2026-08-26 00:25:46
安徽省,巢湖流域,西半湖湖心,2026-08-26 00:00,5,30.56,7.8,6.5,293.9,69.41,4.21,,0.152,1.417,0.00463,8059954,2026-08-26 00:25:46
安徽省,巢湖流域,龟山,2026-08-26 00:00,4,30.12,8.84,8.42,328.67,65.59,3.72,,0.053,0.771,0.02073,1.136,2026-08-26 00:25:46
安徽省,巢湖流域,东半湖湖心,2026-08-26 00:00,4,30.895,8.76,7.33,230.937,40.178,4.91,,0.089,1.503,0.00371,1.16761,2026-08-26 00:25:46
安徽省,巢湖流域,忠庙,2026-08-26 00:00,4,29.51,8.72,6.9,263.73,68,4.54,,0.094,1.517,0.04508,8191051,2026-08-26 00:25:46
安徽省,巢湖流域,兆河入湖区,2026-08-26 00:00,4,30.31,8.85,8.56,263.1,96.9,5.52,,0.086,0.668,0.01558,7794534,2026-08-26 00:25:46
安徽省,淮河流域,焦岗湖,2026-08-26 00:00,3,30.18,8.21,6.57,657.92,83.48,4.42,,0.036,0.469,0.00716,1.203106,2026-08-26 00:25:46
安徽省,淮河流域,小王桥,2026-08-26 00:00,4,28.81,7.32,3.97,1476.64,6.91,3.64,0.026,0.087,1.632,,,2026-08-26 00:25:46
安徽省,长江流域,太平湖湖心,2026-08-26 00:00,2,30.37,,9.3,97.25,5.03,2.6,,0.014,0.31,0.00678,9868092,2026-08-26 00:25:46
安徽省,长江流域,南漪湖西湖湖心,2026-08-26 00:00,4,31.09,8.02,7.51,242.79,49.16,3.83,,0.056,1.112,0.01011,4638263,2026-08-26 00:25:46
福建省,浙闽片河流,永泰横龙,2026-08-26 00:00,4,26.275,6.73,4.71,44.811,20.164,1.67,0.019,0.038,0.534,,,2026-08-26 00:25:46
福建省,浙闽片河流,闽清雄江,2026-08-26 00:00,4,31.06,7.01,4.15,134.804,1.55,1.92,0.02,0.055,1.256,,,2026-08-26 00:25:46
福建省,浙闽片河流,隘头潭,2026-08-26 00:00,3,28.03,6.77,7.11,63.763,14.728,2.76,0.286,0.16,0.8032,,,2026-08-26 00:25:46
福建省,浙闽片河流,宁化肖家,2026-08-26 00:00,3,28.722,7.08,7,93.218,19.415,2.42,0.033,0.118,1.512,,,2026-08-26 00:25:46
福建省,浙闽片河流,尤溪拥口大桥,2026-08-26 00:00,4,28.54,7.12,3.25,144.991,17.009,2,0.201,0.044,1.0722,,,2026-08-26 00:25:46
福建省,浙闽片河流,南安康美桥,2026-08-26 00:00,6,26.95,6.94,7.1,96.155,332.841,3.9,,0.827,,,,2026-08-26 00:25:46
福建省,浙闽片河流,安溪罗内桥,2026-08-26 00:00,3,24.566,7.2,8.51,44.8,701.5,3.53,0.619,0.192,9.778,,,2026-08-26 00:25:46
福建省,浙闽片河流,南安霞东桥,2026-08-26 00:00,2,25.95,6.82,6.88,84.18,731.864,0.84,0.423,0.052,2.3857,,,2026-08-26 00:25:46
福建省,浙闽片河流,华安西陂,2026-08-26 00:00,6,22.5061,7.74,9.23,,462.7194,8.75,0.428,0.412,1.624,,,2026-08-26 00:25:46
福建省,浙闽片河流,南靖靖城桥,2026-08-26 00:00,3,26.34,6.4,6.76,122.3,203,4.08,0.253,0.114,4.625,,,2026-08-26 00:25:46
福建省,浙闽片河流,诏安澳子头,2026-08-26 00:00,5,28.35,6.67,4.14,114.177,38.526,3.39,0.402,0.32,,,,2026-08-26 00:25:46
福建省,浙闽片河流,南靖洪濑汤坑桥,2026-08-26 00:00,5,25.933,6.39,7.09,147.5,55.77,2.92,0.111,0.371,10.907,,,2026-08-26 00:25:46
福建省,浙闽片河流,南溪浮宫桥,2026-08-26 00:00,5,27.86,7.04,5.06,362.629,490.61,4.35,0.589,0.305,3.1632,,,2026-08-26 00:25:46
福建省,浙闽片河流,云霄高塘渡口,2026-08-26 00:00,5,26.68,6.62,5.3,126.949,60.419,2.34,0.222,0.312,4.2008,,,2026-08-26 00:25:46
福建省,浙闽片河流,水汾桥,2026-08-26 00:00,4,29.8,6.81,3.64,258.23,6.73,2.28,0.128,0.081,1.746,,,2026-08-26 00:25:46
福建省,浙闽片河流,建瓯蓬墩,2026-08-26 00:00,3,30.544,6.78,5.43,60.27,12.65,1.58,0.124,0.048,0.975,,,2026-08-26 00:25:46
福建省,浙闽片河流,将乐樟应,2026-08-26 00:00,3,28.22528,6.89,5.1,75.171,6.79141,1.84,0.014,0.023,0.911,,,2026-08-26 00:25:46
福建省,珠江流域,长汀美西桥,2026-08-26 00:00,3,26.94,7,6.84,169.65,61.241,2.69,0.193,0.137,1.3353,,,2026-08-26 00:25:46
江西省,长江流域,大港,2026-08-26 00:00,2,31,7.41,6.46,190,29.42,2.26,,0.064,1.456,,,2026-08-26 00:25:46
江西省,长江流域,昌邑,2026-08-26 00:00,2,30.01,7.58,6.67,192.81,19.77,2.53,0.06,0.069,1.33,,,2026-08-26 00:25:46
江西省,长江流域,八一桥,2026-08-26 00:00,2,31.61,7.47,6.5,169.751,16.774,2.87,0.133,0.067,1.3389,,,2026-08-26 00:25:46
江西省,长江流域,焦石坝,2026-08-26 00:00,2,29.31,6.9,6.19,112.48,24.2,3.76,0.187,0.07,1.9256,,,2026-08-26 00:25:46
江西省,长江流域,戴村,2026-08-26 00:00,2,30.845,7.48,7.29,277.185,13.08,1.76,0.014,0.028,0.622,,,2026-08-26 00:25:46
江西省,长江流域,龙山口,2026-08-26 00:00,2,27.2,7.87,6.95,232.283,8.403,3.84,0.122,0.092,0.9776,,,2026-08-26 00:25:46
江西省,长江流域,桐车湾,2026-08-26 00:00,3,28.33,7.77,5.26,306.024,33.035,3.97,0.22,0.16,1.621,,,2026-08-26 00:25:46
江西省,长江流域,金鱼石,2026-08-26 00:00,3,29.23,7.47,5.7,323.62,8.38,2.42,0.255,0.14,2.364,,,2026-08-26 00:25:46
江西省,长江流域,吴城修河,2026-08-26 00:00,2,29.997,7.24,7.77,105.58,25.37,1.95,,0.032,0.9206,,,2026-08-26 00:25:46
江西省,长江流域,潦河河口,2026-08-26 00:00,2,30.19,6.98,7.1,95.82,15.407,2.34,0.059,0.059,1.033,,,2026-08-26 00:25:46
江西省,长江流域,柘林湖坝上,2026-08-26 00:00,1,30.799,8.27,9.26,104.05,0.649,1.96,,0.009,0.584,,,2026-08-26 00:25:46
江西省,长江流域,共青城寨下,2026-08-26 00:00,2,31.2,7.66,6.87,359.8,39.6,2.64,0.064,0.063,1.633,,,2026-08-26 00:25:46
江西省,长江流域,罗坊,2026-08-26 00:00,4,29.74,7.33,4.9,319.867,26.298,3.59,0.285,0.105,1.7096,,,2026-08-26 00:25:46
江西省,长江流域,孔目江江口,2026-08-26 00:00,2,30.06,7.62,6.44,351.382,19.579,2.64,0.075,0.056,0.8868,,,2026-08-26 00:25:46
江西省,长江流域,浮桥,2026-08-26 00:00,3,29.21,7.5,5.11,269.339,9.956,3.19,0.078,0.057,1.3574,,,2026-08-26 00:25:46
江西省,长江流域,傣家村,2026-08-26 00:00,3,29.96,7.66,6.02,222.339,5.396,3.71,0.074,0.036,0.6584,0.00476,2.284497,2026-08-26 00:25:46
江西省,长江流域,白塔河河口,2026-08-26 00:00,3,28.62,6.63,5.07,76.551,5.518,2.03,0.113,0.048,1.0731,,,2026-08-26 00:25:46
江西省,长江流域,土桥,2026-08-26 00:00,2,29.42,7.36,6.48,131.235,5.611,2.6,0.068,0.065,1.1841,,,2026-08-26 00:25:46
江西省,长江流域,流口村,2026-08-26 00:00,2,30.23,7.04,7.19,118.5149,11.27828,2.1,0.017,0.075,1.219076,,,2026-08-26 00:25:46
江西省,长江流域,市自来水厂,2026-08-26 00:00,3,28.55,7.09,5.76,120.775,36.872,1.23,0.31,0.09,1.207,,,2026-08-26 00:25:46
江西省,长江流域,新庙前,2026-08-26 00:00,3,30.59,7.06,5.77,160.175,35.798,1.31,0.169,0.052,1.7241,,,2026-08-26 00:25:46
江西省,长江流域,赣县梅林,2026-08-26 00:00,3,29.66,7.27,5,150.787,41.26,2.75,0.051,0.158,1.4746,,,2026-08-26 00:25:46
江西省,长江流域,梓坑,2026-08-26 00:00,3,30.25,7.14,5.48,144.285,167.495,3.25,0.283,0.109,1.5286,,,2026-08-26 00:25:46
江西省,长江流域,峡山,2026-08-26 00:00,3,30.07,7.26,5.69,131.883,36.588,2.67,0.083,0.116,1.3483,,,2026-08-26 00:25:46
江西省,长江流域,梅江江口,2026-08-26 00:00,3,30.49,6.9,5.92,119.41,30.505,3.48,0.092,0.107,1.0906,,,2026-08-26 00:25:46
江西省,长江流域,平江江口,2026-08-26 00:00,3,28.21,7.28,6.49,124.027,64.602,3.31,0.041,0.127,1.0539,,,2026-08-26 00:25:46
江西省,长江流域,上犹江江口,2026-08-26 00:00,2,27.34,7.06,6.63,88.756,23.265,2.37,0.185,0.046,0.581,,,2026-08-26 00:25:46
江西省,长江流域,龙南自来水厂,2026-08-26 00:00,2,28.9,7.38,6.85,94.33,22.224,2.35,0.222,0.066,1.0494,,,2026-08-26 00:25:46
江西省,长江流域,桃江江口,2026-08-26 00:00,4,30.84,7.23,4.5,218.082,23.471,1.7,0.103,0.083,2.1301,,,2026-08-26 00:25:46
江西省,长江流域,大余城郊,2026-08-26 00:00,2,26.91,7.31,7.74,98.674,58.553,2.1,0.086,0.092,0.9128,,,2026-08-26 00:25:46
江西省,珠江流域,兴宁电站,2026-08-26 00:00,2,30.57,8.72,8.75,97.3682,4.289472,2.1,0.022,0.021,2.445357,,,2026-08-26 00:25:46
江西省,长江流域,通津,2026-08-26 00:00,2,27.61,7.19,7.56,128.614,26.429,1.58,0.26,0.063,1.1817,,,2026-08-26 00:25:46
江西省,长江流域,金滩,2026-08-26 00:00,4,30.18,7.07,4.93,128.207,22.721,1.88,0.125,0.056,1.088,,,2026-08-26 00:25:46
江西省,长江流域,孤江江口,2026-08-26 00:00,3,30.08,7.04,5.14,111.668,17.166,4.13,0.109,0.091,0.9069,,,2026-08-26 00:25:46
江西省,长江流域,禾水河口,2026-08-26 00:00,3,29.14,7.18,5.69,119.909,25.534,3.14,0.088,0.072,0.8261,,,2026-08-26 00:25:46
江西省,长江流域,蜀水河口,2026-08-26 00:00,3,26.72,6.9,7.37,65.794,35.429,2.75,0.054,0.101,0.899,,,2026-08-26 00:25:46
江西省,长江流域,遂川江江口,2026-08-26 00:00,3,28.61,7.22,5.74,104.089,32.363,2.24,0.042,0.094,1.351,,,2026-08-26 00:25:46
江西省,长江流域,乌江江口,2026-08-26 00:00,4,30.37,7.09,4.85,131.627,9.538,2.23,0.106,0.063,0.9907,,,2026-08-26 00:25:46
江西省,长江流域,大洋洲,2026-08-26 00:00,2,30.1,7.37,7.81,134.242,26.9,1.44,0.131,0.045,1.1648,,,2026-08-26 00:25:46
江西省,长江流域,棚下,2026-08-26 00:00,4,28.25,7.01,4.14,166.4779,17.05,4.55,0.186,0.136,1.941,,,2026-08-26 00:25:46
江西省,长江流域,丰城小港口,2026-08-26 00:00,2,29.873,7.07,6.95,138.16,33.6385,1.92,0.017,0.051,1.5216,,,2026-08-26 00:25:46
江西省,长江流域,修河港口,2026-08-26 00:00,2,26.41,6.76,6.93,41.93,16.43,2,0.015,0.029,1.01,,,2026-08-26 00:25:46
江西省,长江流域,超坊,2026-08-26 00:00,2,27.91,7.75,7.33,109.952,22.718,2.92,0.254,0.092,1.2141,,,2026-08-26 00:25:46
江西省,长江流域,钟岭水厂,2026-08-26 00:00,2,29.89,7.26,6.23,94.03,26.83,3.96,0.09,0.089,1.5692,,,2026-08-26 00:25:46
江西省,长江流域,临水河口,2026-08-26 00:00,3,27.85,6.47,5.31,116.6,12.18,5.61,0.577,0.165,2.518,,,2026-08-26 00:25:46
江西省,长江流域,旗山,2026-08-26 00:00,2,28.9,7.27,6.76,110.43,7.72,1.72,0.028,0.063,0.911,,,2026-08-26 00:25:46
山东省,淮河流域,峡山水库库中,2026-08-26 00:00,3,29.66,8.61,6.84,750.55,10.28,5.16,,0.031,0.603,0.01027,1.622175,2026-08-26 00:25:46
山东省,黄河流域,徐家汶,2026-08-26 00:00,3,27.42622,7.62,5.37,1182.308,6.552297,1.8,0.015,0.08,31.60707,,,2026-08-26 00:25:46
山东省,淮河流域,大古镇,2026-08-26 00:00,3,30.69,7.32,5.17,619.58,19.63,,0.299,0.199,3.605,,,2026-08-26 00:25:46
山东省,海河流域,北湖,2026-08-26 00:00,2,30.44,8.94,9.59,1021.4,1,2.13,,0.009,1.736,0.00405,566828.6,2026-08-26 00:25:46
河南省,淮河流域,中牟陈桥,2026-08-26 00:00,4,,,,,,6.06,0.013,0.062,4.1698,,,2026-08-26 00:25:46
河南省,海河流域,彰武水库,2026-08-26 00:00,2,31.627,8.44,10.6,543.3,4.14,2.12,,0.016,3.437,,,2026-08-26 00:25:46
河南省,海河流域,前枋城,2026-08-26 00:00,2,25.203,7.85,6.94,554.35,10.659,1.35,0.0005,,5.2348,,,2026-08-26 00:25:46
河南省,海河流域,获嘉东碑村,2026-08-26 00:00,4,32.75,7.52,3.84,1973.71,92.75,5.57,0.058,0.205,3.635,,,2026-08-26 00:25:46
河南省,黄河流域,封丘陶北,2026-08-26 00:00,3,31.84,8.13,7.77,785.63,37.87,4.38,0.012,0.099,3.007,,,2026-08-26 00:25:46
河南省,黄河流域,封丘王堤,2026-08-26 00:00,3,32.492,7.74,6.2,769.54,131.23,4.48,0.498,0.195,3.3075,,,2026-08-26 00:25:46
河南省,海河流域,新乡贾太湖,2026-08-26 00:00,2,33.43,8.26,20.81,621.352,47.694,3.79,0.023,0.035,3.0829,,,2026-08-26 00:25:46
河南省,海河流域,南乐元村集,2026-08-26 00:00,4,24.49,7.88,7.98,1253.19,113.1,2.61,0.067,0.208,7.072,,,2026-08-26 00:25:46
河南省,黄河流域,濮阳大韩桥,2026-08-26 00:00,5,29.11,7.48,3.01,859.14,93.49,5.63,0.281,0.379,1.595,,,2026-08-26 00:25:46
河南省,淮河流域,白沙水库,2026-08-26 00:00,3,29.6484,8.29,8.31,720.92,7.9116,4.15,0.021,0.03,3.4464,,,2026-08-26 00:25:46
河南省,黄河流域,洛河大桥,2026-08-26 00:00,2,28.2,8.54,7.66,422.118,241.075,1,,0.023,1.4755,,,2026-08-26 00:25:46
河南省,长江流域,淅川荆紫关,2026-08-26 00:00,2,28.48205,8.64,9.57,310.3119,1.893059,2.46,0.003,0.018,1.512,,,2026-08-26 00:25:46
河南省,长江流域,淅川史家湾,2026-08-26 00:00,2,29.11,8.05,7.13,353.037,12.415,2.56,,0.019,1.6451,0.00198,,2026-08-26 00:25:46
河南省,长江流域,淅川高湾,2026-08-26 00:00,2,28.77,7.46,7.12,363.527,23.706,2.43,0.012,0.043,1.7591,0.0056,,2026-08-26 00:25:46
河南省,长江流域,淅川张营,2026-08-26 00:00,6,30.61,9.05,17.02,277.476,8.105,5.52,,0.024,0.9475,0.00554051,,2026-08-26 00:25:46
河南省,长江流域,陶岔,2026-08-26 00:00,2,30.41,8.4,7.46,253.824,3.459,1.23,0.004,0.013,0.7651,0.0011,759744,2026-08-26 00:25:46
河南省,淮河流域,吕楼桥,2026-08-26 00:00,6,29.61,7.64,1.82,1391.059,51.927,3.94,0.089,0.12,0.636,,,2026-08-26 00:25:46
河南省,淮河流域,黄口,2026-08-26 00:00,3,27.43,7.59,5.8,1033.276,10.494,4.1,0.037,0.075,4.5633,,,2026-08-26 00:25:46
河南省,淮河流域,老沈丘泉河桥,2026-08-26 00:00,3,30.95,7.89,8.59,1033.9,19.747,4.69,0.012,0.194,3.3042,,,2026-08-26 00:25:46
河南省,淮河流域,鹿邑付桥,2026-08-26 00:00,3,30.56,8.35,10.19,595.885,21.676,5.65,0.047,0.091,3.2126,,,2026-08-26 00:25:46
河南省,黄河流域,小浪底水库,2026-08-26 00:00,4,27.94,7.79,4.6,844.322,15.814,2.56,,0.028,3.1458,,,2026-08-26 00:25:46
湖北省,长江流域,牛山湖湖心,2026-08-26 00:00,3,31.56,8.77,8.62,181.726,8.179,5.31,,0.023,0.01,0.00502,2.265769,2026-08-26 00:25:46
湖北省,长江流域,西梁子湖湖北,2026-08-26 00:00,3,31.459,8.2,6.17,189.57,24.439,5.04,,0.042,0.547,0.00578,2.205484,2026-08-26 00:25:46
湖北省,长江流域,杨泗港,2026-08-26 00:00,2,29.61,7.78,7.48,303.77,40.44,0.86,,0.051,1.689,,,2026-08-26 00:25:46
湖北省,长江流域,龙口,2026-08-26 00:00,3,32.33,8.7,7.92,199.02,12.3,5.18,,0.034,0.584,,,2026-08-26 00:25:46
湖北省,长江流域,金水闸,2026-08-26 00:00,5,32.03,6.89,2.4,256.54,25.49,5.06,0.226,0.06,1.063,,,2026-08-26 00:25:46
湖北省,长江流域,港洲村,2026-08-26 00:00,3,31.03,7.44,5,359.5,27.665,4.29,0.034,0.107,2.885,,,2026-08-26 00:25:46
湖北省,长江流域,白浒山,2026-08-26 00:00,2,29.74,7.83,6.6,340.1092,31.69813,1.57,0.005,0.088,1.504963,,,2026-08-26 00:25:46
湖北省,长江流域,挖沟泵站,2026-08-26 00:00,4,33.48196,7.55,9.33,1241.94,23.9372,6.04,,0.105,2.657783,,,2026-08-26 00:25:46
湖北省,长江流域,富池闸,2026-08-26 00:00,2,31.03,7.59,6.69,232.8432,7.009278,2.8,0.016,0.049,0.9726748,,,2026-08-26 00:25:46
湖北省,长江流域,丹江口水库坝上中,2026-08-26 00:00,1,31.2,8.5,8.94,233.303,1.225157,1.49,0.056,0.003,0.7822,0.0014424,1.6233,2026-08-26 00:25:46
湖北省,长江流域,潘口水库坝上,2026-08-26 00:00,2,30.54,8.95,12.16,166,6.5,2.24,,0.01,0.253,,,2026-08-26 00:25:46
湖北省,长江流域,隔河岩水库坝上,2026-08-26 00:00,1,21.67,8.51,7.72,220.16,1.96,0.96,,0.009,1.683,0.04227,2864690,2026-08-26 00:25:46
湖北省,长江流域,长沙坝,2026-08-26 00:00,2,28.856,8.13,8.25,464.124,5.27,1.96,0.004,0.022,1.761,,,2026-08-26 00:25:46
湖北省,长江流域,白石港,2026-08-26 00:00,2,30.57,8.07,7.34,318.957,3.865,2.43,0.02,0.008,1.067,,,2026-08-26 00:25:46
湖北省,长江流域,沈湾,2026-08-26 00:00,2,17.77,7.64,6.71,322.3,9.84,2.02,0.043,0.025,1.34,,,2026-08-26 00:25:46
湖北省,长江流域,东梁子湖湖心,2026-08-26 00:00,4,31.42,8.56,6.34,188.518,38.758,4.76,,0.06,0.785,,,2026-08-26 00:25:46
湖北省,长江流域,梁子湖七星站,2026-08-26 00:00,4,31.42,7.88,4.95,194.231,28.31365,5.12,0.065,0.018,1.172633,0.0371164,,2026-08-26 00:25:46
湖北省,长江流域,漳河水库库心,2026-08-26 00:00,1,30.17,8.38,8.34,318.9072,1.4581,1.64,,0.0005,0.495,0.00035,1.26995,2026-08-26 00:25:46
湖北省,长江流域,转斗,2026-08-26 00:00,2,26.04,7.85,7.78,380.856,22.073,3.15,0.002,0.068,1.809,,,2026-08-26 00:25:46
湖北省,长江流域,罗汉闸,2026-08-26 00:00,3,29.04,7.67,7.94,336.1,60.95,1.62,0.018,0.12,2.1269,,,2026-08-26 00:25:46
湖北省,长江流域,田店泵站,2026-08-26 00:00,2,32.83,8.17,7.02,446.75,7.5042,2.35,,0.026,0.52201,,,2026-08-26 00:25:46
湖北省,长江流域,新沟闸,2026-08-26 00:00,3,33.21,7.87,5.66,481.34,14.87,4.08,0.158,0.039,2.199,,,2026-08-26 00:25:46
湖北省,长江流域,孝昌王店,2026-08-26 00:00,4,33.06,8.8,8.71,285.41,25.6642,6.05,0.001,0.095,0.7942,,,2026-08-26 00:25:46
湖北省,长江流域,孝感河口大桥,2026-08-26 00:00,1,31.44,8.01,8.03,253.542,17.684,,,,,,,2026-08-26 00:25:46
湖北省,长江流域,安陆桑树,2026-08-26 00:00,2,33.05,7.95,7.3,481.52,15.5928,2.64,0.008,0.021,0.35859,,,2026-08-26 00:25:46
湖北省,长江流域,隔蒲桥,2026-08-26 00:00,4,32.79,7.78,12.74,376.16,16.82,6.27,0.04,0.075,1.3063,,,2026-08-26 00:25:46
湖北省,长江流域,汉川新堰,2026-08-26 00:00,5,32.3,7.12,2.01,434.06,39.098,5.27,0.118,0.154,3.435,,,2026-08-26 00:25:46
湖北省,长江流域,杨柴湖,2026-08-26 00:00,5,29,6.68,2.03,327.1,12.8,5.32,,0.066,0.275,0.00191,807971.8,2026-08-26 00:25:46
湖北省,长江流域,康家岗,2026-08-26 00:00,2,29.08,7.68,7.34,377.397,31.9621,1.43,,0.058,4.7054,,,2026-08-26 00:25:46
湖北省,长江流域,淤泥湖,2026-08-26 00:00,2,30.1,8.09,7.76,388.3,38.2,1.76,0.008,0.08,2.038,,,2026-08-26 00:25:46
湖北省,长江流域,调关,2026-08-26 00:00,2,28.63,7.69,7.42,412.1707,14.2701,1.47,,0.05,2.1263,,,2026-08-26 00:25:46
湖北省,长江流域,姚集,2026-08-26 00:00,3,30.7,7.41,5.22,435.2,39.5,2.48,0.054,0.096,1.734,,,2026-08-26 00:25:46
湖北省,长江流域,咸宁湖心,2026-08-26 00:00,4,32.58,8.57,6.13,205.51,24.722,6.43,0.052,0.084,1.046,0.01499,2.62559,2026-08-26 00:25:46
湖北省,长江流域,陆溪口,2026-08-26 00:00,2,31.42,7.79,7.11,214.12,22.33,4,0.236,0.063,1.109,,,2026-08-26 00:25:46
湖北省,长江流域,洪下水文站,2026-08-26 00:00,2,31.7,8.79,10.71,167.8,9.05,1.71,0.014,0.052,0.781,,,2026-08-26 00:25:46
湖北省,长江流域,平林,2026-08-26 00:00,3,31.55,8.87,7.72,300.655,3.535,5.22,0.004,0.067,0.861,,,2026-08-26 00:25:46
湖北省,长江流域,阳日湾,2026-08-26 00:00,2,20.527,8.15,8.8,312.987,7.067,0.68,0.016,0.035,1.3898,,,2026-08-26 00:25:46
湖南省,长江流域,三角洲,2026-08-26 00:00,5,30.67,6.98,2.36,227.91,12.85,1.76,0.309,0.144,2.923,,,2026-08-26 00:25:46
湖南省,长江流域,胜利,2026-08-26 00:00,5,29.57,6.78,2.7,204.01,19.18,3.84,0.202,0.135,1.606,,,2026-08-26 00:25:46
湖南省,长江流域,洣水入湘江口,2026-08-26 00:00,2,29.459,7.49,6.17,147.41,8.02,2.55,0.04,0.046,1.512,,,2026-08-26 00:25:46
湖南省,长江流域,窑市,2026-08-26 00:00,2,25.03,7.3,7.67,45.3485,30.6519,2.4,0.04,0.044,1.056,,,2026-08-26 00:25:46
湖南省,长江流域,渡头村,2026-08-26 00:00,2,30.35,7.77,6.07,210.742,5.622,1.59,0.092,0.057,1.214,,,2026-08-26 00:25:46
湖南省,长江流域,邵水入河口,2026-08-26 00:00,2,29.98,7.52,6.7,478.268,8.207,2.74,0.223,0.099,2.927,,,2026-08-26 00:25:46
湖南省,长江流域,岳阳楼,2026-08-26 00:00,3,31.32,7.76,6.59,228.8585,47.23816,1.31,0.003,0.035,1.1669,0.0012031,220497,2026-08-26 00:25:46
湖南省,长江流域,城陵矶,2026-08-26 00:00,2,30.01,7.63,6.32,266.269,43.89949,1.96,0.002,0.04,1.1905,,,2026-08-26 00:25:46
湖南省,长江流域,南渡,2026-08-26 00:00,2,29.9,6.96,6.98,126.89,12.96,1.88,0.055,0.089,1.601,,,2026-08-26 00:25:46
湖南省,长江流域,马坡湖,2026-08-26 00:00,2,29.49,8.02,7.59,385.537,26.4863,1.97,,0.064,1.798,,,2026-08-26 00:25:46
湖南省,长江流域,万家嘴,2026-08-26 00:00,2,28.77,7.32,7.26,143.104,82.55364,1.51,0.004,0.069,3.0681,0.002145,427387.3,2026-08-26 00:25:46
湖南省,长江流域,桃谷山,2026-08-26 00:00,3,27.08,7.52,7.68,134.279,160.142,2.82,,0.122,1.967,,,2026-08-26 00:25:46
湖南省,长江流域,五强溪,2026-08-26 00:00,2,29.6,8.14,7.77,214.373,2.3293,1.19,,0.022,1.367,,,2026-08-26 00:25:46
湖南省,长江流域,溪子口,2026-08-26 00:00,2,25.12,7.41,6.32,243.4,1.581,0.66,0.009,0.025,1.315,,,2026-08-26 00:25:46
广东省,珠江流域,珠海大桥,2026-08-26 00:00,2,30.49,7.91,7.27,284.698,34.827,1.11,,0.048,1.776,,,2026-08-26 00:25:46
广东省,珠江流域,石角咀水闸,2026-08-26 00:00,4,31.44,7.4,3.78,599.55,85.585,2.81,0.342,0.159,2.879,,,2026-08-26 00:25:46
广东省,珠江流域,布洲,2026-08-26 00:00,2,29.46,7.91,6.97,271.038,40.784,1.86,0.056,0.056,2.163,,,2026-08-26 00:25:46
广东省,珠江流域,海门湾桥闸,2026-08-26 00:00,6,30.58,7.03,1.8,319.06,41.14,4.58,2.417,0.203,5.154,,,2026-08-26 00:25:46
广东省,珠江流域,牛湾,2026-08-26 00:00,5,31.3,6.58,2.51,189.72,24.51,4.16,0.036,0.122,2.278,,,2026-08-26 00:25:46
广东省,珠江流域,渠首,2026-08-26 00:00,4,31.47,8.56,6.22,120.13,17.25,6.51,,0.026,0.766,0.01538,5425943,2026-08-26 00:25:46
广东省,珠江流域,黄坡,2026-08-26 00:00,3,31.47,7.03,5.49,147.32,31.13,3.86,0.037,0.096,2.024,,,2026-08-26 00:25:46
广东省,珠江流域,山角,2026-08-26 00:00,2,31.27,7.03,7.4,131.22,6.88,3.97,0.027,0.036,2.062,,,2026-08-26 00:25:46
广东省,珠江流域,运河管理局,2026-08-26 00:00,4,31.44,8.62,8.53,120.55,34.89,6.77,,0.021,0.849,,,2026-08-26 00:25:46
广东省,珠江流域,南渡河桥,2026-08-26 00:00,6,30.23,6.61,3.12,177.03,34.4,5.88,2.275,0.12,4.228,,,2026-08-26 00:25:46
广东省,珠江流域,塘口,2026-08-26 00:00,3,30.77,7.25,8.13,116.58,10.3,2.85,0.001,0.112,2.055,,,2026-08-26 00:25:46
广东省,珠江流域,石骨水库,2026-08-26 00:00,2,31.562,,9.04,75.69,2.3856,2.57,0.012,0.016,0.503,,,2026-08-26 00:25:46
广东省,珠江流域,良德水库,2026-08-26 00:00,2,31.23,7.83,7.26,61.841,10.33,1.67,,0.002,0.27,0.00546,633135,2026-08-26 00:25:46
广东省,珠江流域,米急渡,2026-08-26 00:00,3,29.47,6.89,5.13,104.342,47.358,2.31,0.184,0.109,1.961,,,2026-08-26 00:25:46
广东省,珠江流域,五丰渡口,2026-08-26 00:00,3,27.36,6.91,7.44,82.6,304.5,5.49,0.226,0.107,4.4768,,,2026-08-26 00:25:46
广东省,珠江流域,新铺,2026-08-26 00:00,4,27.53,7.21,7.19,102.888,599.038,6.07,0.27,0.183,6.5999,,,2026-08-26 00:25:46
广东省,珠江流域,海丰西闸,2026-08-26 00:00,3,29,6.75,5.36,103.6,38.7,4.74,0.55,0.081,1.593,,,2026-08-26 00:25:46
广东省,珠江流域,东溪水闸,2026-08-26 00:00,4,29.21,6.57,3.67,177.429,119.941,5.44,0.723,0.159,2.024,,,2026-08-26 00:25:46
广东省,珠江流域,江城,2026-08-26 00:00,3,30.56,6.85,6.11,106.108,16.748,2.97,0.175,0.14,1.894,,,2026-08-26 00:25:46
广东省,珠江流域,尖山,2026-08-26 00:00,4,30.97,6.56,4.56,179.19,33.92,5.16,0.346,0.216,2.642,,,2026-08-26 00:25:46
广东省,珠江流域,埠场,2026-08-26 00:00,3,30.39,6.8,6.19,152.359,19.086,2.45,0.103,0.122,2.35,,,2026-08-26 00:25:46
广东省,珠江流域,大泉,2026-08-26 00:00,4,31.54,6.66,3.53,1313.6,23.4,3.97,0.326,0.164,2.306,,,2026-08-26 00:25:46
广东省,珠江流域,樟村,2026-08-26 00:00,6,30.37,6.9,1.39,334.661,7.9,2.94,1.14,0.184,4.591,,,2026-08-26 00:25:46
广东省,珠江流域,旗岭,2026-08-26 00:00,4,30.48,7.02,4.12,387.086,31.26,1.45,0.421,0.199,4.94,,,2026-08-26 00:25:46
广东省,珠江流域,中山港码头,2026-08-26 00:00,2,30.51,7.86,7.15,269.24,12.161,0.89,0.049,0.052,2.322,,,2026-08-26 00:25:46
广东省,珠江流域,龟山塔,2026-08-26 00:00,3,28.17,6.82,5.98,66.368,101.008,2.55,0.112,0.102,1.54,,,2026-08-26 00:25:46
广西壮族自治区,珠江流域,叮当,2026-08-26 00:00,4,28.08,7.39,7.14,267.928,130.031,5.58,0.134,0.223,4.1089,,,2026-08-26 00:25:46
广西壮族自治区,珠江流域,白马,2026-08-26 00:00,4,27.4,7.53,4.95,328.16,62.74,3.7,0.033,0.087,3.69,,,2026-08-26 00:25:46
广西壮族自治区,珠江流域,东边埇,2026-08-26 00:00,2,28.06,6.42,6.41,69.6681,24.6976,2.27,0.093,0.092,2.496,,,2026-08-26 00:25:46
广西壮族自治区,珠江流域,西门江,2026-08-26 00:00,4,29.82,6.57,3.6,315.102,24.219,4.22,0.735,0.224,3.03,,,2026-08-26 00:25:46
广西壮族自治区,珠江流域,高塘,2026-08-26 00:00,5,28.61,6.12,6.61,61.81,46.7,3.13,0.153,0.39,2.306,,,2026-08-26 00:25:46
广西壮族自治区,珠江流域,茅岭大桥,2026-08-26 00:00,2,28.23,6.09,7.01,52.08,32.76,3.35,0.127,0.072,1.67,,,2026-08-26 00:25:46
广西壮族自治区,珠江流域,高速公路西桥,2026-08-26 00:00,4,30.41,6.71,3.16,800.16,23.32,5.19,0.432,0.176,2.535,,,2026-08-26 00:25:46
广西壮族自治区,珠江流域,公篓,2026-08-26 00:00,2,27.3,8.13,7.55,272.74,14.45,1.22,0.054,0.031,1.28,,,2026-08-26 00:25:46
广西壮族自治区,珠江流域,贺街,2026-08-26 00:00,2,29.26,7.32,6.05,215.35,20.973,1.19,0.107,0.069,1.499,,,2026-08-26 00:25:46
广西壮族自治区,珠江流域,渠立,2026-08-26 00:00,4,25.94,7.49,6.94,167.165,1986.888,8.26,,0.18,0.15,,,2026-08-26 00:25:46
海南省,珠江流域,儒房,2026-08-26 00:00,3,30.2,7.44,5.99,8821.78,13.6,3.86,0.256,0.118,1.468,,,2026-08-26 00:25:46
海南省,珠江流域,后黎村,2026-08-26 00:00,3,30.7,7.2,7.05,95,15.4,3.49,0.035,0.106,1.291,,,2026-08-26 00:25:46
海南省,珠江流域,中和桥,2026-08-26 00:00,3,29,6.56,5.48,160.4,34.3,4.7,0.091,0.115,1.623,,,2026-08-26 00:25:46
海南省,珠江流域,溪仔村,2026-08-26 00:00,2,29.7,6.85,7.97,94.27,1.32,2.32,0.005,0.034,0.647,,,2026-08-26 00:25:46
海南省,珠江流域,羊头外村桥,2026-08-26 00:00,4,31.38,6.69,7.24,135.54,52.36,7.02,0.032,0.173,2.169,,,2026-08-26 00:25:46
海南省,珠江流域,农垦橡胶所一队,2026-08-26 00:00,1,29.1,6.84,7.91,67.2,10.9,1.22,0.008,0.012,1.483,,,2026-08-26 00:25:46
海南省,珠江流域,分洪桥,2026-08-26 00:00,2,30.58,6.83,8.21,87.12,16.05,3.35,0.007,0.038,0.615,,,2026-08-26 00:25:46
海南省,珠江流域,罗带铁路桥,2026-08-26 00:00,6,27.3,7.07,7.02,317.6,107.4,8.03,,0.582,4.005,,,2026-08-26 00:25:46
海南省,珠江流域,白仞滩电站,2026-08-26 00:00,4,29.4,7.33,6.18,139.7,32.1,4.97,0.031,0.209,2.27,,,2026-08-26 00:25:46
海南省,珠江流域,大风,2026-08-26 00:00,3,27.39569,6.91,6.31,142.1988,30.50076,3.01,,0.131,2.054543,,,2026-08-26 00:25:46
海南省,珠江流域,叉河口,2026-08-26 00:00,2,27.7,7.27,7.58,256.4,17.8,2.04,0.013,0.066,2.542,,,2026-08-26 00:25:46
海南省,珠江流域,乐中,2026-08-26 00:00,2,26,7.22,7.81,77.1,52.2,2.34,,0.043,0.813,,,2026-08-26 00:25:46
海南省,珠江流域,跨界桥,2026-08-26 00:00,2,26.1,7.25,7.52,70.7,43.7,3.44,0.013,0.065,1.635,,,2026-08-26 00:25:46
海南省,珠江流域,群英大坝,2026-08-26 00:00,2,28.1,7.18,7.31,93.9,8.5,1.65,0.011,0.051,1.12,,,2026-08-26 00:25:46
海南省,珠江流域,大溪村,2026-08-26 00:00,3,27.9,6.84,5.59,397.3,15.6,2.25,0.224,0.087,1.208,,,2026-08-26 00:25:46
重庆市,长江流域,晒网坝,2026-08-26 00:00,2,27.05,7.95,7.02,404.97,18.7108,1.52,0.014,0.039,1.599,,,2026-08-26 00:25:46
重庆市,长江流域,和尚山,2026-08-26 00:00,3,26.36,7.67,6.12,343.34,64.02,3.29,0.11,0.164,1.971,,,2026-08-26 00:25:46
重庆市,长江流域,支坪街道,2026-08-26 00:00,1,32.1,8.26,8.13,450.1281,27.1206,1.6,0.034,0.017,1.395,,,2026-08-26 00:25:46
重庆市,长江流域,北渡,2026-08-26 00:00,2,30.41,8.03,6.72,523.3871,18.477,1.23,0.049,0.03,1.75,,,2026-08-26 00:25:46
重庆市,长江流域,太和,2026-08-26 00:00,2,30.55,7.97,7.35,387.32,12.8,2.02,,0.033,2.139,,,2026-08-26 00:25:46
重庆市,长江流域,渠江码头,2026-08-26 00:00,2,30.35,7.69,6.51,275.699,32.185,3.44,0.001,0.083,2.27,,,2026-08-26 00:25:46
重庆市,长江流域,芙蓉洞码头,2026-08-26 00:00,1,31.4,8.73,12.51,210.27,11.38,0.44,,0.008,0.939,,,2026-08-26 00:25:46
重庆市,长江流域,湖海场,2026-08-26 00:00,2,25.69,7.56,7.76,199.016,49.235,3.47,0.008,0.085,1.774,,,2026-08-26 00:25:46
重庆市,长江流域,罗汉大桥,2026-08-26 00:00,2,21.09,7.81,7.97,289.92,13.94,1.46,0.015,0.048,2.534,,,2026-08-26 00:25:46
重庆市,长江流域,白帝城,2026-08-26 00:00,2,27.57,7.92,6.82,394.051,31.683,1.36,,0.043,1.715,,,2026-08-26 00:25:46
四川省,长江流域,二江寺,2026-08-26 00:00,2,23.8,8.03,6.65,405.9,51.3,1.91,0.078,0.077,1.696,,,2026-08-26 00:25:46
四川省,长江流域,三邑大桥,2026-08-26 00:00,2,23.91,7.64,6.4,314.4738,57.8277,1.33,0.024,0.046,2.125,,,2026-08-26 00:25:46
四川省,长江流域,李家湾,2026-08-26 00:00,3,27.27,7.61,7.52,354.7,45.2,3.29,0.002,0.154,4.209,,,2026-08-26 00:25:46
四川省,长江流域,湾凼,2026-08-26 00:00,5,29.41607,7.34,2.8,539.8641,28.29932,5.01,0.015,0.049,0.473948,,,2026-08-26 00:25:46
四川省,长江流域,沱江大桥,2026-08-26 00:00,3,28.28,7.69,6.99,376.6634,54.06549,3.56,0.013,0.16,4.7595,,,2026-08-26 00:25:46
四川省,长江流域,胡市大桥,2026-08-26 00:00,3,32.61,7.96,10.16,375.178,12.7125,5.78,0.032,0.056,1.0451,,,2026-08-26 00:25:46
四川省,长江流域,泸天化大桥,2026-08-26 00:00,3,29.35,7.56,6.47,331.431,921.581,4.23,,0.163,2.2836,,,2026-08-26 00:25:46
四川省,长江流域,纳溪大渡口,2026-08-26 00:00,2,24.2,7.75,7.23,378.582,96.322,1.93,0.005,0.096,2.3379,,,2026-08-26 00:25:46
四川省,长江流域,太平渡,2026-08-26 00:00,3,26.76036,8.05,7.82,512.9354,51.23267,2.78,0.111,0.129,2.62,,,2026-08-26 00:25:46
四川省,长江流域,双江桥,2026-08-26 00:00,3,28.29,8.23,7.16,552.85,76.26,1.69,,0.127,2.119,,,2026-08-26 00:25:46
四川省,长江流域,三川,2026-08-26 00:00,3,26.95,8.05,6.63,563.8,38.47,1.01,,0.125,2.62,,,2026-08-26 00:25:46
四川省,长江流域,姚渡,2026-08-26 00:00,1,23.42006,8.15,7.54,344.2169,46.90262,1.31,0.019,0.005,1.55,,,2026-08-26 00:25:46
四川省,长江流域,清泉乡,2026-08-26 00:00,2,30.72,8.17,15.45,324.6,8.5447,2.25,0.052,0.016,0.952,,,2026-08-26 00:25:46
四川省,长江流域,大埂,2026-08-26 00:00,3,30.79,7.89,7.15,471.8,3.41,4.79,0.25,0.04,0.754108,,,2026-08-26 00:25:46
四川省,长江流域,金溪电站,2026-08-26 00:00,2,29.61,8.32,10.79,342.872,26.4015,3.1,0.016,0.047,1.511,,,2026-08-26 00:25:46
四川省,长江流域,三块石,2026-08-26 00:00,1,23.72,7.99,7.62,529.72,4.76,0.84,0.015,0.02,1.075,,,2026-08-26 00:25:46
四川省,长江流域,金子,2026-08-26 00:00,2,30.1,8.1,8.7,314.43,6.7,1.89,0.023,0.026,1.4207,,,2026-08-26 00:25:46
四川省,长江流域,幺滩,2026-08-26 00:00,2,33.54,8.42,8.43,457.57,7.71,2.74,,0.064,1.425,,,2026-08-26 00:25:46
四川省,长江流域,团堡岭,2026-08-26 00:00,2,31,8.76,11.41,262.87,12.478,3.25,0.019,0.043,1.399,,,2026-08-26 00:25:46
四川省,长江流域,大蹬沟,2026-08-26 00:00,2,30.26,7.91,7.87,242.5,26.6,3.06,,0.038,1.253,,,2026-08-26 00:25:46
四川省,长江流域,白兔乡,2026-08-26 00:00,3,33.5,8.67,15.69,296.3,11.55,4.84,,0.023,0.508,,,2026-08-26 00:25:46
四川省,长江流域,舵石盘,2026-08-26 00:00,2,29.66,8.02,7.79,241.3,23.2,3.34,0.0005,0.05,1.413,,,2026-08-26 00:25:46
四川省,长江流域,车家河,2026-08-26 00:00,2,29.85,8.27,9.05,258.7,14.47,2.61,,0.025,1,,,2026-08-26 00:25:46
四川省,长江流域,竹巴龙村,2026-08-26 00:00,2,14.88,8.36,6.16,1331.1,165.6,1.8,0.139,0.084,0.503,,,2026-08-26 00:25:46
贵州省,长江流域,棉花渡,2026-08-26 00:00,3,24.74,7.79,5.6,445.69,0.7047,1.58,,0.041,2.5985,,,2026-08-26 00:25:46
贵州省,长江流域,贵铝泵房,2026-08-26 00:00,2,26.9376,8.88,10,309.3137,5.706,3.24,0.011,0.015,1.9557,0.02606,1855919,2026-08-26 00:25:46
贵州省,长江流域,花鱼洞,2026-08-26 00:00,6,24.2577,7.31,1.09,365.3631,2.7555,2.1,0.449,0.017,0.9965,0.00034,1682924,2026-08-26 00:25:46
贵州省,长江流域,龙场,2026-08-26 00:00,2,21.61,7.85,6.56,389.04,5.03,0.94,0.007,0.013,3.819,,,2026-08-26 00:25:46
贵州省,长江流域,打秋坪,2026-08-26 00:00,2,26.58,7.76,6.08,506.7,4.6,1.38,0.136,0.093,3.734,,,2026-08-26 00:25:46
贵州省,长江流域,余庆河暗溪坪,2026-08-26 00:00,2,27.67,8.35,10.12,309.66,10.86,1.53,0.024,0.029,2.384,,,2026-08-26 00:25:46
贵州省,长江流域,羊柱头渡口,2026-08-26 00:00,4,25.68,7.54,5.93,563.12,18.884,2.84,0.709,0.247,6.908,,,2026-08-26 00:25:46
贵州省,长江流域,茅台,2026-08-26 00:00,2,24.14,8.2,7.42,363.04,635.89,2.11,,0.041,2.769,,,2026-08-26 00:25:46
贵州省,珠江流域,打邦,2026-08-26 00:00,2,29.99,8.56,12.97,361.64,10.322,3.33,0.01,0.03,2.819,,,2026-08-26 00:25:46
贵州省,长江流域,小屯,2026-08-26 00:00,2,26.9,8.77,10.79,353.7512,12.481,3.21,0.001,0.04,3.909,,,2026-08-26 00:25:46
贵州省,长江流域,鱼市,2026-08-26 00:00,2,29.49,8.14,7.75,400.716,4.446948,0.82,0.017,0.023,0.80723,,,2026-08-26 00:25:46
贵州省,珠江流域,边外河,2026-08-26 00:00,2,24.87,7.75,7.31,336.44,6.47,0.83,0.017,0.007,1.967,,,2026-08-26 00:25:46
云南省,珠江流域,阳宗海中,2026-08-26 00:00,3,25.96,,9.06,395.622,1.374,4.06,,0.013,0.594,0.00625,821472.5,2026-08-26 00:25:46
云南省,滇池流域,严家村桥,2026-08-26 00:00,2,20.67131,7.75,7.1,355.244,19.13276,1.76,0.069,0.058,3.922188,,,2026-08-26 00:25:46
云南省,滇池流域,草海中心,2026-08-26 00:00,3,25.15,8.59,15.51,387.92,46.08,4.96,0.138,0.042,2.707,0.01474,3.69066,2026-08-26 00:25:46
云南省,滇池流域,灰湾中,2026-08-26 00:00,4,24.42,8.82,9.62,387.079,65.778,6.43,0.255,0.054,1.096,0.01196,3.696266,2026-08-26 00:25:46
云南省,滇池流域,观音山西,2026-08-26 00:00,4,25.06,,11.07,378.33,73.25,,0.023,0.052,1.143,0.00993,1.577351,2026-08-26 00:25:46
云南省,滇池流域,海口西,2026-08-26 00:00,3,25.44,,11.86,315.57,33.5,5.23,,0.045,0.603,0.01761,,2026-08-26 00:25:46
云南省,滇池流域,滇池南,2026-08-26 00:00,4,24.45,,9.86,373.11,39.79,6.79,,0.05,0.903,0.04588,2.034365,2026-08-26 00:25:46
云南省,珠江流域,抚仙湖心,2026-08-26 00:00,2,25.61,8.94,8.85,300.67,4.383,2.13,0.002,0.01,0.129,0.0018,9832652,2026-08-26 00:25:46
云南省,珠江流域,杞麓湖心,2026-08-26 00:00,4,27.14,,8,773.14,10.54,6.35,0.212,0.018,1.372,0.02334,6203419,2026-08-26 00:25:46
云南省,珠江流域,星云湖心,2026-08-26 00:00,4,26.07,,10.41,491.28,17.2,8.35,,0.002,0.422,0.00603,1.761731,2026-08-26 00:25:46
云南省,西南诸河,红旗桥,2026-08-26 00:00,1,21.84312,8.06,8.14,315.1317,244.2999,0.94,0.008,0.007,0.408608,,,2026-08-26 00:25:46
云南省,西南诸河,土卡河水文站,2026-08-26 00:00,2,26.22226,7.91,7.76,205.1896,104.7167,1.26,,0.038,1.202155,,,2026-08-26 00:25:46
云南省,西南诸河,河口县医院,2026-08-26 00:00,2,27.87241,7.57,7.53,292.2293,68.30403,1.4,,0.06,1.94237,,,2026-08-26 00:25:46
云南省,珠江流域,异龙湖中,2026-08-26 00:00,4,26.91,8.56,7.52,450.5,2.643,6.8,,0.012,0.479,0.02244,252721.8,2026-08-26 00:25:46
云南省,西南诸河,天保农场,2026-08-26 00:00,2,23.85,8.23,9.06,378.5,10.64,1.14,0.006,0.035,3.0429,,,2026-08-26 00:25:46
云南省,西南诸河,洱海湖心,2026-08-26 00:00,3,25.44,,11.66,283.15,6.44,4.81,0.014,0.033,0.683,0.02991,12500,2026-08-26 00:25:46
陕西省,黄河流域,灞河口,2026-08-26 00:00,2,31.15,8.59,8.35,365.551,20.094,2.9,0.009,0.028,3.3444,,,2026-08-26 00:25:46
陕西省,黄河流域,三郎村,2026-08-26 00:00,3,30.43,8.55,24.84,405.053,18.218,4.45,0.007,0.061,4.1528,,,2026-08-26 00:25:46
陕西省,黄河流域,岔口,2026-08-26 00:00,2,23.52,8.36,8.46,657.611,71.024,3.22,0.004,0.044,2.7598,,,2026-08-26 00:25:46
陕西省,长江流域,黄牛铺,2026-08-26 00:00,3,24.82,8.36,5.69,181.4467,2.2411,2.49,,0.01,0.615,,,2026-08-26 00:25:46
陕西省,黄河流域,魏家堡,2026-08-26 00:00,2,27.82,8.3,7.23,709.9221,55.195,2.74,0.02,0.06,3.392,,,2026-08-26 00:25:46
陕西省,黄河流域,卧龙寺桥,2026-08-26 00:00,2,28.93,8.31,6.27,779.4201,29.5463,2.57,,0.031,4.132,,,2026-08-26 00:25:46
陕西省,长江流域,灶火庵,2026-08-26 00:00,2,25.11,7.96,6.11,348.4001,47.6842,1.68,0.011,0.018,1.084,,,2026-08-26 00:25:46
陕西省,黄河流域,黑河张家桥,2026-08-26 00:00,2,25.2,7.95,7.19,580.3994,57.1546,1.88,0.131,0.029,1.3944,,,2026-08-26 00:25:46
陕西省,黄河流域,杨家畔村,2026-08-26 00:00,3,28.75,8.6,6.83,1379.283,273.2367,4.31,,0.169,7.0361,,,2026-08-26 00:25:46
陕西省,黄河流域,昝家山,2026-08-26 00:00,2,26.4,8.31,8.07,520.754,129.3859,2.83,0.011,0.049,3.3191,,,2026-08-26 00:25:46
陕西省,黄河流域,温家川,2026-08-26 00:00,4,27.55,8.29,6.77,1044.364,346.4937,6.86,,0.108,2.5571,,,2026-08-26 00:25:46
陕西省,黄河流域,高家川,2026-08-26 00:00,3,26.76,8.34,7.3,821.53,355.4087,3.89,,0.142,2.4511,,,2026-08-26 00:25:46
陕西省,长江流域,老君关,2026-08-26 00:00,2,26.72,7.69,6.72,257.7077,30.1919,3.07,,0.042,2.016,,,2026-08-26 00:25:46
陕西省,长江流域,构峪口,2026-08-26 00:00,2,22.46,8.07,6.5,385.8358,6.2352,2.26,,0.019,2.053,,,2026-08-26 00:25:46
陕西省,长江流域,丹凤下,2026-08-26 00:00,2,26.89,8.28,6.89,423.3503,6.8328,2.6,,0.022,2.4291,,,2026-08-26 00:25:46
甘肃省,黄河流域,新城桥,2026-08-26 00:00,2,19.2,8.16,6.91,574.264,48.965,1.79,0.054,0.046,1.5386,,,2026-08-26 00:25:46
甘肃省,黄河流域,湟水桥,2026-08-26 00:00,2,21.91,8.26,6.4,775.29,104.824,3.18,0.178,0.079,4.054,,,2026-08-26 00:25:46
甘肃省,黄河流域,五佛寺,2026-08-26 00:00,2,20.18143,8.11,6.78,774.4994,3947.68,1.69,0.166,0.018,3.229,,,2026-08-26 00:25:46
甘肃省,长江流域,固水子村,2026-08-26 00:00,3,22.33,8.22,7.5,362.8,652.4,2.61,,0.155,0.759,,,2026-08-26 00:25:46
宁夏回族自治区,黄河流域,平罗黄河大桥,2026-08-26 00:00,2,24.57,8.27,6.66,1005.14,740.2,1.61,,0.061,3,,,2026-08-26 00:25:46
宁夏回族自治区,黄河流域,麻黄沟,2026-08-26 00:00,2,25.51,8.32,6.16,952.927,819.264,2.35,,0.059,2.8592,,,2026-08-26 00:25:46
宁夏回族自治区,黄河流域,中卫下河沿,2026-08-26 00:00,-1,,,,,,,,,,,,2026-08-26 00:25:46
北京市,海河流域,鼓楼外大街,2026-08-26 00:00,4,25.42,7.21,4.18,370.44,26.771,5.3,0.745,0.133,4.084,,,2026-08-26 01:01:53
北京市,海河流域,沙窝,2026-08-26 00:00,6,25.27,7.49,2.8,301,364.958,8.24,2.995,0.319,3.347,,,2026-08-26 01:01:53
北京市,海河流域,辛庄桥,2026-08-26 00:00,2,25.08,8.05,7.83,580.86,73.41917,2.33,,0.049,8.4731,,,2026-08-26 01:01:53
北京市,海河流域,后城,2026-08-26 00:00,6,21.17,7.7,6.42,308.051,349.4026,11.77,,0.505,18.7001,,,2026-08-26 01:01:53
天津市,海河流域,井冈山桥,2026-08-26 00:00,5,29.32,7.5,2.63,887.399,18.93693,3.4,0.436,0.092,1.5141,,,2026-08-26 01:01:53
天津市,海河流域,尔王庄泵站,2026-08-26 00:00,4,30.59,7.48,4.38,279.47,7.212137,2.06,,,0.6171,,,2026-08-26 01:01:53
天津市,海河流域,塘汉公路桥,2026-08-26 00:00,6,26.78,7.68,1.48,1117.325,51.65575,4.97,0.12,0.163,3.5461,,,2026-08-26 01:01:53
天津市,海河流域,海河大闸,2026-08-26 00:00,5,28.25,7.71,2.76,2649.326,19.5899,4.34,0.04,0.158,2.2438,,,2026-08-26 01:01:53
天津市,海河流域,万家码头,2026-08-26 00:00,4,28.79,7.72,3.86,2016.71,15.2,7.33,0.062,0.13,0.943,,,2026-08-26 01:01:53
天津市,海河流域,于桥水库出口,2026-08-26 00:00,5,28.51,7.77,2.94,386.618,16.64844,6,0.275,0.083,1.9231,,,2026-08-26 01:01:53
天津市,海河流域,沙河桥,2026-08-26 00:00,3,26.47,7.54,5.86,716.43,21.167,0.94,0.332,0.124,11.274,,,2026-08-26 01:01:53
天津市,海河流域,西屯桥,2026-08-26 00:00,6,29.78,7.29,0.2,861.24,281.2014,2.84,0.206,0.138,5.1,,,2026-08-26 01:01:53
河北省,海河流域,下槐镇,2026-08-26 00:00,4,26.84,8.21,7.45,483.079,587.6177,6.61,,0.209,3.3485,,,2026-08-26 01:01:53
河北省,海河流域,兆通,2026-08-26 00:00,1,30.02,8.62,8.76,279.68,2.19,1.57,0.02,0.006,0.9693,,,2026-08-26 01:01:53
河北省,海河流域,岳城水库出口,2026-08-26 00:00,1,31.26,8.42,14.05,566.07,1.260875,0.74,0.02,,2.6501,,,2026-08-26 01:01:53
河北省,海河流域,曲周,2026-08-26 00:00,4,31.51,7.59,3.86,992.782,20.836,2.66,0.013,0.092,3.766,,,2026-08-26 01:01:53
河北省,海河流域,沙阳,2026-08-26 00:00,2,32.71,7.85,7.33,1179.57,130.72,3.46,,0.081,1.663,,,2026-08-26 01:01:53
河北省,海河流域,后西吴桥,2026-08-26 00:00,4,31.44,8.23,4.48,979.94,49.62,3.77,0.031,0.151,10.1116,,,2026-08-26 01:01:53
河北省,海河流域,北河店,2026-08-26 00:00,6,27.73,7.39,1.14,522.5924,2.882,3.37,0.057,0.043,4.691,,,2026-08-26 01:01:53
河北省,海河流域,白合,2026-08-26 00:00,3,26.55,8.32,7.78,510.54,147.85,2.11,,0.109,3.522,,,2026-08-26 01:01:53
河北省,海河流域,杜里村,2026-08-26 00:00,2,23.15,8.07,8.68,283.2,514.25,1.83,,0.063,2.7591,,,2026-08-26 01:01:53
河北省,海河流域,温泉屯,2026-08-26 00:00,4,22.07,8.13,5.91,1181.438,665.6116,5.79,0.018,0.249,18.7841,,,2026-08-26 01:01:53
河北省,海河流域,上二道河子,2026-08-26 00:00,3,25.21,7.85,5.98,464.702,6.43668,2.6,0.016,,6.5811,,,2026-08-26 01:01:53
河北省,海河流域,四埝村桥,2026-08-26 00:00,6,29.88,8.11,1.8,4324.781,27.742,6.02,0.11,0.146,1.09,,,2026-08-26 01:01:53
河北省,海河流域,大王务,2026-08-26 00:00,5,27.88,7.76,2.5,919.244,15.88731,6.23,,0.067,0.9851,,,2026-08-26 01:01:53
河北省,海河流域,桑梓红旗闸,2026-08-26 00:00,3,27.20901,7.93,5.95,636.208,44.05174,2.95,0.145,0.097,11.4471,,,2026-08-26 01:01:53
河北省,海河流域,小范桥,2026-08-26 00:00,3,30.81,8.2,6.65,865.772,1.643,4.59,0.007,0.041,0.7967,,,2026-08-26 01:01:53
河北省,海河流域,衡水湖大湖心,2026-08-26 00:00,3,30.19,8.74,7.71,1410.88,9.207,5.64,,0.022,0.71,0.031041,1.019902,2026-08-26 01:01:53
河北省,海河流域,安州,2026-08-26 00:00,4,31.82,7.45,3.17,1020.853,39.0479,4.22,0.165,0.088,3.405,,,2026-08-26 01:01:53
河北省,海河流域,膳马庙村北,2026-08-26 00:00,5,30.91,7.35,2.75,1153.205,41.269,5.46,0.14,0.102,4.159,,,2026-08-26 01:01:53
山西省,黄河流域,上兰,2026-08-26 00:00,2,23.88,8.24,6.78,689.577,7.227035,1.64,0.016,0.002,1.8941,,,2026-08-26 01:01:53
山西省,海河流域,堡子湾,2026-08-26 00:00,5,18.64,8.14,6.3,636.645,,9.68,0.365,0.371,4.7861,,,2026-08-26 01:01:53
山西省,海河流域,册田水库出口,2026-08-26 00:00,4,19.51,7.91,4.68,1239.293,14.72638,3.11,0.01,0.112,0.8491,,,2026-08-26 01:01:53
山西省,海河流域,闫家庄大桥,2026-08-26 00:00,3,25.69,8.42,7.8,506.274,305.451,5.36,,0.165,3.1988,,,2026-08-26 01:01:53
山西省,海河流域,白羊墅,2026-08-26 00:00,2,27.16,7.96,6.47,1613.05,26.84,2.15,,0.088,7.542,,,2026-08-26 01:01:53
山西省,海河流域,王家庄,2026-08-26 00:00,2,27.59,8.22,7.69,545.5,51.56,3.24,0.009,0.063,2.31,,,2026-08-26 01:01:53
山西省,海河流域,北寨,2026-08-26 00:00,3,26.55,7.76,5.41,925.92,43.74,4.01,0.087,0.108,6.116,,,2026-08-26 01:01:53
山西省,海河流域,后湾水库出口,2026-08-26 00:00,3,25.83,7.97,5.87,459.93,6.371,3.27,,0.022,0.701,,,2026-08-26 01:01:53
山西省,海河流域,王寨村,2026-08-26 00:00,2,26.05,8.16,6.81,648.707,75.399,1.49,,0.036,2.393,,,2026-08-26 01:01:53
山西省,黄河流域,王庄桥南,2026-08-26 00:00,4,28.72,8.16,6.86,1018.084,115.46,10,,0.142,3.697,,,2026-08-26 01:01:53
山西省,黄河流域,郝村,2026-08-26 00:00,4,26.3,7.77,4.79,918.4096,50.9636,4.98,0.008,0.085,0.7003,,,2026-08-26 01:01:53
山西省,黄河流域,龙门,2026-08-26 00:00,2,27.93,8.67,8.1,962.2007,107.7433,2.57,,0.078,2.244,,,2026-08-26 01:01:53
山西省,黄河流域,小韩村,2026-08-26 00:00,4,26.79,7.22,7.39,1759.29,66.972,4.44,0.208,0.208,6.055,,,2026-08-26 01:01:53
山西省,海河流域,定襄桥,2026-08-26 00:00,5,27.42,8.11,3.94,733.974,2117.632,10.06,0.019,0.349,3.6571,,,2026-08-26 01:01:53
山西省,海河流域,南庄,2026-08-26 00:00,4,24.81,8.35,7.27,489.484,461.0616,6.51,,0.167,7.7321,,,2026-08-26 01:01:53
山西省,海河流域,坪上桥,2026-08-26 00:00,2,22.15,8.3,7.82,379.621,80.43839,2.7,0.013,0.048,4.0171,,,2026-08-26 01:01:53
山西省,黄河流域,裴家川口,2026-08-26 00:00,4,25.56,8.34,6.83,487.514,547.1346,5.43,0.026,0.245,5.9161,,,2026-08-26 01:01:53
山西省,黄河流域,碛口,2026-08-26 00:00,6,28.11,8.37,6.32,732.683,537.6877,8,0.009,0.505,20.3651,,,2026-08-26 01:01:53
山西省,黄河流域,裴沟,2026-08-26 00:00,4,26.77,8.88,6.32,802.288,192.1762,6.22,0.011,0.162,5.1511,,,2026-08-26 01:01:53
山西省,黄河流域,三川河两河口桥,2026-08-26 00:00,3,28.45,8.06,6.12,660.926,41.22565,3,0.372,0.117,5.5321,,,2026-08-26 01:01:53
山西省,黄河流域,碧村,2026-08-26 00:00,2,27.58,8.46,8.03,632.185,152.5783,3.99,0.026,0.074,6.1411,,,2026-08-26 01:01:53
山西省,黄河流域,北峪口,2026-08-26 00:00,3,22.80066,7.78,5.91,477.724,21.89505,1.92,0.008,0.033,2.1381,,,2026-08-26 01:01:53
山西省,黄河流域,南姚,2026-08-26 00:00,3,28,7.92,5.26,599.33,67.48,3.3,0.193,0.119,2.42,,,2026-08-26 01:01:53
内蒙古自治区,松花江流域,陶海,2026-08-26 00:00,4,17.7,7.56,8.71,165.5,23.2,6.58,,0.073,0.466,,,2026-08-26 01:01:53
内蒙古自治区,松花江流域,讷尔克气,2026-08-26 00:00,3,15.34,7.19,8.97,74.411,16.537,5.32,,0.03,0.305,,,2026-08-26 01:01:53
辽宁省,辽河流域,麦家,2026-08-26 00:00,6,28.54,7.36,1.19,441.4,19.58,5.01,0.26,0.18,1.52,,,2026-08-26 01:01:53
辽宁省,辽河流域,复州湾大桥,2026-08-26 00:00,4,27.2103,7.67,4.92,513.906,11.1837,4.21,0.02,0.116,3.034,,,2026-08-26 01:01:53
辽宁省,辽河流域,万泰,2026-08-26 00:00,2,28.24,8.49,7.91,152.105,8.75207,3.06,0.017,0.017,2.4323,,,2026-08-26 01:01:53
辽宁省,辽河流域,小姐庙,2026-08-26 00:00,5,27.97,7.47,2.6,734.6,10.12,3.24,0.161,0.128,4.369,,,2026-08-26 01:01:53
辽宁省,辽河流域,口子街,2026-08-26 00:00,2,23.25,7.71,7.04,247.8,19.9221,3.64,0.02,0.077,4.021,,,2026-08-26 01:01:53
辽宁省,辽河流域,关门山大桥,2026-08-26 00:00,4,23.5,7.65,4.64,339.299,11.942,1.86,0.005,0.029,3.704,,,2026-08-26 01:01:53
辽宁省,辽河流域,刘家台,2026-08-26 00:00,3,26.283,7.76,6.46,674.307,28.155,4.15,0.811,0.168,5.093,,,2026-08-26 01:01:53
辽宁省,辽河流域,凤鸣电站,2026-08-26 00:00,2,21.13,7.76,6.76,216.99,12.411,1.78,0.015,0.026,3.131,,,2026-08-26 01:01:53
辽宁省,辽河流域,南太子河入库口,2026-08-26 00:00,2,24.92,7.19,6.22,188.5,2.11,0.5,0.001,0.005,5.228,,,2026-08-26 01:01:53
辽宁省,辽河流域,蒲石河大桥,2026-08-26 00:00,1,26.41,7.56,8.11,240.78,4.549,1.44,0.078,0.018,2.791,,,2026-08-26 01:01:53
辽宁省,辽河流域,王家沟,2026-08-26 00:00,2,25.99,8.03,6.98,709.77,12.42,2.44,,0.03,5.127,,,2026-08-26 01:01:53
辽宁省,辽河流域,女儿河入河口,2026-08-26 00:00,2,27.71,7.91,9.47,907.34,16.38,1.35,0.026,0.034,10.489,,,2026-08-26 01:01:53
辽宁省,辽河流域,何家信子,2026-08-26 00:00,2,27.22,7.91,8.19,476.2,5.93,3.65,0.009,0.03,1.635,,,2026-08-26 01:01:53
辽宁省,辽河流域,高台子,2026-08-26 00:00,6,21.1,7.42,0.34,1001.55,25.552,6.64,,0.112,6.329,,,2026-08-26 01:01:53
辽宁省,辽河流域,大清河口,2026-08-26 00:00,3,29.02,8.93,16.06,505.11,20.42,5.94,0.628,0.113,3.228,,,2026-08-26 01:01:53
辽宁省,辽河流域,下口子,2026-08-26 00:00,4,23.65,7.61,4.25,586.8,124.84,2.37,0.005,0.059,3.854,,,2026-08-26 01:01:53
辽宁省,辽河流域,河洪桥,2026-08-26 00:00,4,25.1927,7.37,5.09,577.894,65.1883,4.97,0.668,0.222,4.778,,,2026-08-26 01:01:53
辽宁省,辽河流域,二道河水库口,2026-08-26 00:00,3,23.2399,7.83,5.83,392.109,3.67983,1.86,0.003,0.011,2.908,,,2026-08-26 01:01:53
辽宁省,辽河流域,下王家,2026-08-26 00:00,4,25.1736,7.29,4.1,550.007,7.31829,2.1,0.088,0.046,4.914,,,2026-08-26 01:01:53
辽宁省,辽河流域,汤河桥,2026-08-26 00:00,2,27.02,7.73,7.41,478.7,6.53206,0.31,0.006,0.028,3.134,,,2026-08-26 01:01:53
辽宁省,辽河流域,下达河入汤河水库口,2026-08-26 00:00,2,23.5678,7.83,6.31,381.397,21.237,3.69,0.026,0.081,3.684,,,2026-08-26 01:01:53
辽宁省,辽河流域,丁家柳河桥,2026-08-26 00:00,4,27.56,8.58,8.83,484.006,69.088,8.18,0.036,0.139,1.052,,,2026-08-26 01:01:53
辽宁省,辽河流域,胜利塘,2026-08-26 00:00,6,24.9,7.68,1.88,917.4,43.28,5.73,0.019,0.116,1.426,,,2026-08-26 01:01:53
辽宁省,辽河流域,亮子河入河口,2026-08-26 00:00,5,23.72,7.55,5.73,484.88,65.29,5.04,0.226,0.305,3.585,,,2026-08-26 01:01:53
辽宁省,辽河流域,清河水库入库口,2026-08-26 00:00,6,21.03,7.17,5.73,197.57,3075.59,14.74,,0.705,4.166,,,2026-08-26 01:01:53
辽宁省,辽河流域,李家湾大桥,2026-08-26 00:00,2,20.4,7.89,7.69,514.2,65.2,1.28,,0.035,4.106,,,2026-08-26 01:01:53
辽宁省,辽河流域,红石碑入海前,2026-08-26 00:00,2,28.76,8.34,12.71,1048.82,15.441,3.98,,0.06,2.805,,,2026-08-26 01:01:53
辽宁省,辽河流域,小渔场,2026-08-26 00:00,6,27.59,7.4,0.88,21228.13,1.71,1.73,0.066,0.042,4.4,,,2026-08-26 01:01:53
吉林省,松花江流域,砖瓦窑桥,2026-08-26 00:00,4,18.49,7.51,5.25,575.68,77.14,5.92,0.126,0.223,8.117,,,2026-08-26 01:01:53
吉林省,松花江流域,镇江口,2026-08-26 00:00,4,22.99,7.52,5.6,318.6,226.53,6.83,0.074,0.247,3.886,,,2026-08-26 01:01:53
吉林省,松花江流域,靠山大桥,2026-08-26 00:00,6,23.91,7.68,3.05,567.5,570,11.17,0.385,0.515,4.075,,,2026-08-26 01:01:53
吉林省,松花江流域,饮马河大桥,2026-08-26 00:00,3,22.18,7.47,5.91,225.49,46.17,3.92,0.004,0.074,2.873,,,2026-08-26 01:01:53
吉林省,松花江流域,刘珍屯,2026-08-26 00:00,5,23.47,7.27,4.23,434.34,264.01,7.74,0.226,0.35,4.174,,,2026-08-26 01:01:53
吉林省,松花江流域,白旗,2026-08-26 00:00,3,21.9427,7.17,6.47,230.153,96.063,4.87,0.107,0.171,5.0131,,,2026-08-26 01:01:53
吉林省,松花江流域,白山大桥,2026-08-26 00:00,3,16.32,6.85,5.69,115.563,38.19,5.98,0.001,0.053,2.22,,,2026-08-26 01:01:53
吉林省,松花江流域,福兴,2026-08-26 00:00,5,22.9,7.25,6.8,197.419,794.322,9.84,0.234,0.394,0.002,,,2026-08-26 01:01:53
吉林省,松花江流域,桦树林,2026-08-26 00:00,3,21.04,7.34,6.78,197.232,81.202,5.58,0.045,0.093,3.275,0.01733,729088,2026-08-26 01:01:53
吉林省,松花江流域,官厅桥,2026-08-26 00:00,2,23.66,7.22,7.43,273.4,20.263,3.65,0.091,0.088,1.797,,,2026-08-26 01:01:53
吉林省,松花江流域,哨口,2026-08-26 00:00,3,21.2161,6.95,7.47,225.948,76.1416,4.2,0.108,0.128,4.635,,,2026-08-26 01:01:53
吉林省,松花江流域,肖家船口,2026-08-26 00:00,4,21.5289,6.92,7.83,138.381,72.3171,6.17,0.103,0.205,3.1379,,,2026-08-26 01:01:53
吉林省,松花江流域,烟筒山,2026-08-26 00:00,3,22.94,7.48,7.65,269.725,73.75,4.49,0.225,0.146,4.124,,,2026-08-26 01:01:53
吉林省,辽河流域,四双大桥,2026-08-26 00:00,4,22.93,8.01,6.44,572.65,130.07,6.08,0.153,0.125,2.738,,,2026-08-26 01:01:53
吉林省,辽河流域,城子上,2026-08-26 00:00,3,23.16,7.65,7.05,412.59,108.6,5.79,0.053,0.188,0.81,,,2026-08-26 01:01:53
吉林省,辽河流域,民主,2026-08-26 00:00,3,22.722,7.74,7.58,267.5,66.894,4.16,0.222,0.099,4.018,,,2026-08-26 01:01:53
吉林省,松花江流域,高集岗桥,2026-08-26 00:00,4,22.08,7.4,7.86,197.7,294.082,7.09,0.14,0.219,3.927,,,2026-08-26 01:01:53
吉林省,辽河流域,云峰,2026-08-26 00:00,4,20.274,7,3.96,139.283,20.2598,2.41,0.025,0.026,1.831,,,2026-08-26 01:01:53
吉林省,辽河流域,老虎哨,2026-08-26 00:00,2,23.124,7.2,6.45,112.348,18.3006,2.93,0.055,0.014,2.208,,,2026-08-26 01:01:53
吉林省,辽河流域,鸠谷,2026-08-26 00:00,4,17.2,7.44,9.34,103.3,39.6,6.22,0.063,0.071,1.452,,,2026-08-26 01:01:53
吉林省,辽河流域,葫芦套,2026-08-26 00:00,3,22.82,7.69,8.04,116.597,67.904,5.22,0.03,0.083,1.536,,,2026-08-26 01:01:53
吉林省,辽河流域,大阳岔,2026-08-26 00:00,1,10.58,7.9,7.73,285.511,8.759,0.66,,0.016,1.736,,,2026-08-26 01:01:53
吉林省,松花江流域,大山,2026-08-26 00:00,4,22.92,7.2,7.21,111.493,58.265,6.62,0.017,0.112,2.009,,,2026-08-26 01:01:53
吉林省,松花江流域,崇善,2026-08-26 00:00,5,17.51,7.46,10.22,78.88,53.348,13.62,0.038,0.13,1.928,,,2026-08-26 01:01:53
吉林省,松花江流域,石井,2026-08-26 00:00,3,22.93,7.74,7.6,240.205,67.734,4.45,0.043,0.119,1.548,,,2026-08-26 01:01:53
吉林省,松花江流域,建封路大桥,2026-08-26 00:00,4,15.47,7.74,9.05,172.318,83.651,7.26,0.037,0.063,0.701,,,2026-08-26 01:01:53
黑龙江省,松花江流域,苗家,2026-08-26 00:00,4,25.4,7.54,7.66,182.3,247.3,6.87,0.094,0.261,2.763,,,2026-08-26 01:01:53
黑龙江省,松花江流域,磨盘山水库出口,2026-08-26 00:00,3,25.01,8.47,9.36,69.179,3.774,5.72,0.034,0.029,1.88,0.0047,22272,2026-08-26 01:01:53
黑龙江省,松花江流域,朱顺屯,2026-08-26 00:00,4,25.8,7.52,5.5,207.692,94.2177,6.64,0.05,0.158,2.248,,,2026-08-26 01:01:53
黑龙江省,松花江流域,阿什河口内,2026-08-26 00:00,4,23.684,7.05,3.51,384.79,62.18,5.49,0.527,0.247,3.005,,,2026-08-26 01:01:53
黑龙江省,松花江流域,大顶子山,2026-08-26 00:00,3,26.1365,7.33,5.57,216.948,83.7329,5.42,0.074,0.09,4.969,,,2026-08-26 01:01:53
黑龙江省,松花江流域,拉哈,2026-08-26 00:00,4,22.26,7.7,7.28,114.728,50.11,7.89,,0.09,1.45,,,2026-08-26 01:01:53
黑龙江省,松花江流域,浏园,2026-08-26 00:00,4,22.12,7.52,7.43,147.2,90.7,7.68,,0.091,2.491,,,2026-08-26 01:01:53
黑龙江省,松花江流域,名山,2026-08-26 00:00,5,19.293,7.47,8.26,109.989,54.302,11.76,0.085,0.047,0.591,,,2026-08-26 01:01:53
黑龙江省,松花江流域,饶河上,2026-08-26 00:00,5,22.16,6.69,4.78,69.3,24.94,13.94,0.05,0.078,1.712,,,2026-08-26 01:01:53
黑龙江省,松花江流域,挠力河口内,2026-08-26 00:00,4,22.625,6.79,4.53,132.118,166.508,8.74,0.162,0.279,0.711,,,2026-08-26 01:01:53
黑龙江省,松花江流域,肇源,2026-08-26 00:00,4,25.39,7.97,6.66,274.81,58.1,7.76,0.162,0.15,1.175,,,2026-08-26 01:01:53
黑龙江省,松花江流域,友好,2026-08-26 00:00,6,18.48,6.96,8.37,72.238,27.214,20.19,0.031,0.086,1.771,,,2026-08-26 01:01:53
黑龙江省,松花江流域,三岔口,2026-08-26 00:00,5,22.37,7.25,8.2,108.913,262.19,12.27,0.335,0.19,1.786,,,2026-08-26 01:01:53
黑龙江省,松花江流域,海浪,2026-08-26 00:00,4,22.57,7.23,8.6,100.2,76.56,8.23,0.07,0.105,3.314,,,2026-08-26 01:01:53
黑龙江省,松花江流域,三道,2026-08-26 00:00,5,24.76,7.25,6.52,121.1,107.92,6.33,0.068,0.135,3.028,0.069824,29696,2026-08-26 01:01:53
黑龙江省,松花江流域,电视塔,2026-08-26 00:00,5,25.28,7.23,6.68,103,56.697,8.04,0.035,0.105,2.384,0.0027,16768,2026-08-26 01:01:53
黑龙江省,松花江流域,呼玛河口内,2026-08-26 00:00,3,18.4,7.41,9.03,70.693,2,5.16,0.016,0.023,0.215,,,2026-08-26 01:01:53
上海市,太湖流域,吴淞口,2026-08-26 00:00,3,29.682,7.71,5.69,402.098,56.769,4.66,,0.166,2.386,,,2026-08-26 01:01:53
江苏省,长江流域,七桥瓮,2026-08-26 00:00,4,30.33,7.67,3.92,384.79,33.74,2.74,0.182,0.119,1.774,,,2026-08-26 01:01:53
江苏省,长江流域,节制闸,2026-08-26 00:00,2,29.05,7.86,7.14,341.11,29.03,2.64,0.02,0.087,1.635,,,2026-08-26 01:01:53
江苏省,长江流域,钱家渡,2026-08-26 00:00,3,31.13,7.66,5,286.44,40.02,3.25,,0.082,1.33,,,2026-08-26 01:01:53
江苏省,太湖流域,蠡桥,2026-08-26 00:00,2,29.74,7.88,6.45,392.63,46.12,2.36,0.125,0.066,1.778,,,2026-08-26 01:01:53
江苏省,太湖流域,百渎港桥,2026-08-26 00:00,3,30.96,7.94,6.49,395.4,37.33,3.94,,0.161,2.213,,,2026-08-26 01:01:53
江苏省,太湖流域,五牧,2026-08-26 00:00,4,30.32,7.1,6.38,372.85,49.19,3.79,0.396,0.236,3.294,,,2026-08-26 01:01:53
江苏省,太湖流域,金潼桥,2026-08-26 00:00,4,30.46,7.56,4.5,401.9,37.39,4.04,0.172,0.157,2.821,,,2026-08-26 01:01:53
江苏省,太湖流域,长济桥,2026-08-26 00:00,3,29.37,7.78,5.9,335.9,22.86,2.07,0.02,0.089,1.915,,,2026-08-26 01:01:53
江苏省,太湖流域,钓邾大桥,2026-08-26 00:00,3,30.3,7.67,5.78,368.85,35.19,2.73,0.138,0.099,1.284,,,2026-08-26 01:01:53
江苏省,淮河流域,港上桥,2026-08-26 00:00,6,30.73,7.33,0.15,480.9,2.58,4.68,0.105,0.056,1.954,,,2026-08-26 01:01:53
江苏省,淮河流域,李庄,2026-08-26 00:00,3,31.55,8.97,14.16,556.5,17.2,5.85,0.086,0.139,2.81,,,2026-08-26 01:01:53
江苏省,淮河流域,华山闸,2026-08-26 00:00,3,30.05,8.81,12.67,1157.2,11.08,5.76,0.006,0.06,0.802,,,2026-08-26 01:01:53
江苏省,淮河流域,沙庄桥,2026-08-26 00:00,4,32.05,8.44,13.69,1165,27.9,8.88,0.007,0.14,1.354,,,2026-08-26 01:01:53
江苏省,淮河流域,艾山西大桥,2026-08-26 00:00,4,31.874,7.95,16.3,925.582,29.333,8.4,0.042,0.169,5.607,,,2026-08-26 01:01:53
江苏省,淮河流域,下楼公路桥,2026-08-26 00:00,3,29.64,7.55,11.26,953.24,13.44,5.62,0.076,0.182,1.1063,,,2026-08-26 01:01:53
江苏省,太湖流域,黄埝桥,2026-08-26 00:00,4,30.3,7.29,3.19,344.9,46.76,4.42,0.182,0.122,1.493,,,2026-08-26 01:01:53
江苏省,太湖流域,落蓬湾,2026-08-26 00:00,4,31.45,7.09,4.13,222,39.5,4.46,0.088,0.087,2.247,,,2026-08-26 01:01:53
江苏省,太湖流域,九号桥,2026-08-26 00:00,5,30.09,7.37,2.32,382,53.6,3.36,0.224,0.156,2.536,,,2026-08-26 01:01:53
江苏省,太湖流域,望亭上游,2026-08-26 00:00,3,29.64,7.48,5.99,575.63,25.65,2.72,0.176,0.104,3.023,,,2026-08-26 01:01:53
江苏省,太湖流域,瓜泾口西,2026-08-26 00:00,3,30.08,7.77,5.07,364.9,7.56,3.84,0.01,0.044,1.013,,,2026-08-26 01:01:53
江苏省,太湖流域,越溪桥,2026-08-26 00:00,5,30.35,7.29,2.36,448,35.2,3.95,0.518,0.12,2.611,,,2026-08-26 01:01:53
江苏省,淮河流域,东安闸桥西,2026-08-26 00:00,4,30.08,7.77,5.86,1135.3,35.32,5.38,,0.241,2.076,,,2026-08-26 01:01:53
江苏省,长江流域,九圩港桥,2026-08-26 00:00,2,29.75,7.94,6.5,357.2,48.09,1.82,0.017,0.079,1.352,,,2026-08-26 01:01:53
江苏省,长江流域,碾砣港闸,2026-08-26 00:00,2,30.4,8.32,8.57,357.8,38.53,2.08,0.011,0.073,1.91,,,2026-08-26 01:01:53
江苏省,长江流域,聚南大桥,2026-08-26 00:00,3,31.67,7.97,8.56,833.4,5.53,4.93,0.025,0.1,0.826,,,2026-08-26 01:01:53
江苏省,长江流域,塘芦港闸,2026-08-26 00:00,4,30.669,7.8,4.29,1598.4,14.292,4.92,0.338,0.212,1.748,,,2026-08-26 01:01:53
江苏省,淮河流域,小洋口,2026-08-26 00:00,4,29.23,7.92,7.44,1183.4,35.38,6.79,0.405,0.255,1.823,,,2026-08-26 01:01:53
江苏省,淮河流域,环东闸口,2026-08-26 00:00,4,31.43,8.09,8.8,930.4,14.87,6,,0.233,2.639,,,2026-08-26 01:01:53
江苏省,淮河流域,北凌新闸,2026-08-26 00:00,4,29.31,8.57,19.55,1396.8,15.07,8.19,0.041,0.231,2.814,,,2026-08-26 01:01:53
江苏省,淮河流域,唐曹,2026-08-26 00:00,4,28.86,7.39,4.04,489.1,85.19,4.2,0.246,0.17,1.893,,,2026-08-26 01:01:53
江苏省,淮河流域,槐泗河口,2026-08-26 00:00,3,30.05,8.21,7.56,473.4,101.27,4.34,0.042,0.107,2.289,,,2026-08-26 01:01:53
江苏省,淮河流域,大运河船闸,2026-08-26 00:00,3,29.78,7.79,5.36,513.7,64.3,4.3,0.056,0.104,2.516,,,2026-08-26 01:01:53
江苏省,长江流域,冻青桥,2026-08-26 00:00,3,30.38,7.78,5.34,476.7,81.05,4.71,0.099,0.177,1.909,,,2026-08-26 01:01:53
江苏省,长江流域,小河口上游,2026-08-26 00:00,2,29.33,7.8,6.27,315.4,45.24,1.91,,0.078,1.886,,,2026-08-26 01:01:53
江苏省,淮河流域,曹庄桥,2026-08-26 00:00,4,30.27,7.19,3.85,497.8,20.21,5.63,0.161,0.203,1.579,,,2026-08-26 01:01:53
江苏省,太湖流域,辛丰镇,2026-08-26 00:00,5,30.78,7.31,2.91,333.1,61.04,4.64,0.053,0.125,1.645,,,2026-08-26 01:01:53
江苏省,太湖流域,林家闸,2026-08-26 00:00,2,29.4,7.82,6.38,340.7,16.87,2.86,,0.085,2.0409,,,2026-08-26 01:01:53
江苏省,长江流域,新河桥,2026-08-26 00:00,2,31.05,8.11,6.48,319.6,18.16,3.28,0.034,0.085,1.185,,,2026-08-26 01:01:53
江苏省,太湖流域,新港桥,2026-08-26 00:00,4,30.45,7.3,3.66,329.4,25.6,2.62,0.122,0.114,1.821,,,2026-08-26 01:01:53
江苏省,淮河流域,海陵大桥,2026-08-26 00:00,2,29.47,8.03,6.1,389.6,63.38,2.49,0.031,0.083,1.909,,,2026-08-26 01:01:53
江苏省,长江流域,马甸闸西,2026-08-26 00:00,2,29.67,7.83,6.23,386.4,37.29,2.44,0.056,0.073,1.899,,,2026-08-26 01:01:53
江苏省,长江流域,祥和大桥,2026-08-26 00:00,6,30.19,7.46,1.59,504.8,21.54,3.48,1.292,0.192,2.905,,,2026-08-26 01:01:53
江苏省,长江流域,新十圩港大桥,2026-08-26 00:00,4,30.15,7.71,4.59,377.1,50.51,2.99,0.041,0.118,2.054,,,2026-08-26 01:01:53
江苏省,淮河流域,临淮乡入湖口,2026-08-26 00:00,4,31.35,8.16,6.22,711.6,39.13,6.32,0.054,0.076,1.241,,,2026-08-26 01:01:53
江苏省,淮河流域,砖瓦厂,2026-08-26 00:00,4,30.99,8.52,12.19,745.5,66.05,8.04,,0.186,1.102,,,2026-08-26 01:01:53
江苏省,淮河流域,团结闸,2026-08-26 00:00,4,30.41,8.57,7.2,1543.4,16.41,7.03,0.023,0.062,1.005,,,2026-08-26 01:01:53
江苏省,淮河流域,大屈,2026-08-26 00:00,4,29.625,8.64,7.59,55.47,1.278,5.84,0.115,0.221,1.147,,,2026-08-26 01:01:53
浙江省,浙闽片河流,小金山,2026-08-26 00:00,2,30.75,,8.86,129.17,3.37,2.01,0.002,0.016,0.6883,,,2026-08-26 01:01:53
浙江省,浙闽片河流,三潭岛,2026-08-26 00:00,1,29.78,,7.64,120.409,2.372,1.6,0.01,0.01,0.5674,,,2026-08-26 01:01:53
浙江省,浙闽片河流,千岛湖大坝前,2026-08-26 00:00,3,30.37,8.54,5.85,130.493,1.997,1.45,0.017,0.008,0.7109,,,2026-08-26 01:01:53
浙江省,浙闽片河流,洋溪渡,2026-08-26 00:00,3,17.37,6.99,5.12,149.449,4.41,0.99,,0.015,0.8791,,,2026-08-26 01:01:53
浙江省,浙闽片河流,桐庐,2026-08-26 00:00,2,27.12,7.15,6.32,192.5,12.5,1.32,0.012,0.08,1.891,,,2026-08-26 01:01:53
浙江省,浙闽片河流,水车,2026-08-26 00:00,2,25.917,6.72,7.88,42.619,13.979,2.3,0.04,0.026,0.1,,,2026-08-26 01:01:53
浙江省,浙闽片河流,屠家埠,2026-08-26 00:00,2,28.204,7.07,6.77,115.368,27.829,2.19,0.04,0.079,1.524,,,2026-08-26 01:01:53
浙江省,浙闽片河流,义东桥,2026-08-26 00:00,3,28.695,7,5.86,116.905,82.534,2.82,0.025,0.091,1.836,,,2026-08-26 01:01:53
浙江省,浙闽片河流,东关桥,2026-08-26 00:00,3,29.791,7.05,5.63,231.736,8.838,3.32,0.074,0.127,2.398,,,2026-08-26 01:01:53
浙江省,浙闽片河流,台口,2026-08-26 00:00,2,27.09,7.89,7.21,116.481,17.221,1.29,0.034,0.05,1.3342,,,2026-08-26 01:01:53
浙江省,浙闽片河流,长潭水库坝口,2026-08-26 00:00,2,28.52,8.71,8.88,45.665,2.61,2.27,0.006,0.015,0.31,,,2026-08-26 01:01:53
浙江省,浙闽片河流,老鼠屿,2026-08-26 00:00,3,29.01,8.1,5.38,2948.98,2235.41,2.25,0.099,0.117,1.696,,,2026-08-26 01:01:53
浙江省,浙闽片河流,温峤,2026-08-26 00:00,4,29.286,7.02,4.79,247.277,16.158,2.79,0.62,0.143,2.55,,,2026-08-26 01:01:53
浙江省,浙闽片河流,柏枝岙,2026-08-26 00:00,3,25.985,6.82,7.94,58.612,19.475,1.17,,0.153,1.023,,,2026-08-26 01:01:53
安徽省,巢湖流域,三胜大队渡口,2026-08-26 00:00,3,30.47,8.92,9.19,332.064,33.013,4.94,0.079,0.078,0.5598,,,2026-08-26 01:01:53
安徽省,巢湖流域,北闸渡口,2026-08-26 00:00,3,29.999,6.79,5.02,180.008,20.326,3.57,0.095,0.074,1.695,,,2026-08-26 01:01:53
安徽省,巢湖流域,石堆渡口,2026-08-26 00:00,2,30.31,6.76,6.66,171.6428,38.5048,3.61,0.117,0.086,1.5597,,,2026-08-26 01:01:53
安徽省,巢湖流域,柘皋大桥,2026-08-26 00:00,3,30.33,8.72,8.5,321.2607,12.4557,5.91,0.032,0.069,0.5584,,,2026-08-26 01:01:53
安徽省,巢湖流域,三河镇大桥,2026-08-26 00:00,4,30.35,7.03,4.2,252.4,29.21,4.89,0.125,0.12,1.458,,,2026-08-26 01:01:53
安徽省,巢湖流域,三河镇新大桥,2026-08-26 00:00,2,30.7,7.75,8.14,117.8,7.13,3.13,0.093,0.054,1.341,,,2026-08-26 01:01:53
安徽省,巢湖流域,施口,2026-08-26 00:00,4,31.45,7.26,3.81,668.3447,50.2375,5.01,0.427,0.156,5.446,,,2026-08-26 01:01:53
安徽省,巢湖流域,双桥河入湖口,2026-08-26 00:00,4,30.96,7.54,4.09,477.0653,33.3005,3.41,0.236,0.07,1.1549,,,2026-08-26 01:01:53
安徽省,巢湖流域,繁华大道桥,2026-08-26 00:00,4,31.2,7.37,4.47,485.0112,28.6749,6.26,0.104,0.115,3.048,,,2026-08-26 01:01:53
安徽省,长江流域,东西梁山,2026-08-26 00:00,2,29.86,7.87,6.44,315.9523,46.8885,1.43,0.133,0.084,2.0237,,,2026-08-26 01:01:53
安徽省,长江流域,宝塔根,2026-08-26 00:00,2,30.83,7.37,6,190.2842,28.0129,2.31,0.106,0.051,1.2479,,,2026-08-26 01:01:53
安徽省,巢湖流域,裕溪口,2026-08-26 00:00,3,29.74,7.82,6.67,335.1058,65.9302,4.23,0.199,0.072,1.2858,,,2026-08-26 01:01:53
安徽省,长江流域,荻港,2026-08-26 00:00,3,30.4,7.67,5.93,429.5,37.5748,3.62,0.146,0.086,1.3052,,,2026-08-26 01:01:53
安徽省,长江流域,澛港桥,2026-08-26 00:00,2,30.42,8.15,9.45,239.7235,23.0705,3.12,0.042,0.063,1.414,,,2026-08-26 01:01:53
安徽省,长江流域,西河入裕溪河口,2026-08-26 00:00,4,30.95,7.26,4.68,270.4666,53.4925,4.35,0.294,0.088,1.4677,,,2026-08-26 01:01:53
安徽省,淮河流域,蚌埠固镇,2026-08-26 00:00,3,30.947,7.82,6.2,1087.916,34.6,4.95,0.065,0.163,5.119,,,2026-08-26 01:01:53
安徽省,长江流域,得胜河入江口,2026-08-26 00:00,3,29.4572,7.8,7.1,320.5,16.8178,4.1,0.098,0.094,1.3377,,,2026-08-26 01:01:53
安徽省,长江流域,姑溪河大桥,2026-08-26 00:00,3,30.576,7.39,6.76,232.3631,49.5291,6,0.086,0.105,1.058,,,2026-08-26 01:01:53
安徽省,长江流域,当涂查湾,2026-08-26 00:00,4,31.46,7.07,4.21,227.7855,49.106,4.36,0.047,0.052,2.458,,,2026-08-26 01:01:53
安徽省,长江流域,雨山河下游,2026-08-26 00:00,3,29.8082,7.51,6.03,705.7244,10.915,3.03,0.29,0.175,7.515,,,2026-08-26 01:01:53
安徽省,淮河流域,李大桥闸,2026-08-26 00:00,5,29.61,7.98,2.58,1317.37,7.604,7.84,0.07,0.068,0.7613,,,2026-08-26 01:01:53
安徽省,淮河流域,天长化工厂,2026-08-26 00:00,5,30.01,7.1,2.68,402.4155,45.73,3.98,0.116,0.143,1.9334,,,2026-08-26 01:01:53
安徽省,淮河流域,公路桥,2026-08-26 00:00,3,31,7.26,5.85,341.1881,25.2183,5.62,0.108,0.092,0.828,,,2026-08-26 01:01:53
安徽省,淮河流域,小柳巷,2026-08-26 00:00,4,29.26,7.03,3.19,423.73,105.209,5.22,0.05,0.224,2.142,,,2026-08-26 01:01:53
安徽省,长江流域,水口,2026-08-26 00:00,3,32.05,8.68,11.95,589.1059,25.0864,4.82,0.059,0.103,1.8897,,,2026-08-26 01:01:53
安徽省,长江流域,襄河大桥,2026-08-26 00:00,4,31.21,7.59,4.02,526.4623,45.6316,5.18,0.096,0.108,0.585,,,2026-08-26 01:01:53
安徽省,淮河流域,张大桥,2026-08-26 00:00,3,30.79,7.97,7.61,1217.5,22.96,4.56,0.369,0.111,11.633,,,2026-08-26 01:01:53
安徽省,淮河流域,王家坝,2026-08-26 00:00,4,29.887,7.42,5.9,423.5,31.402,4.8,0.126,0.206,3.118,,,2026-08-26 01:01:53
安徽省,淮河流域,界首七渡口,2026-08-26 00:00,3,30.17,7.48,6.4,694.8,48.03,5.59,0.126,0.198,4.719,,,2026-08-26 01:01:53
安徽省,淮河流域,芦岭桥,2026-08-26 00:00,3,30.97,8.27,7.88,1115.159,8.72,5.15,0.048,0.063,1.9812,,,2026-08-26 01:01:53
安徽省,淮河流域,利辛段,2026-08-26 00:00,4,30.6,7.9,10.14,1002.75,3.01,6.17,0.034,0.127,3.498,,,2026-08-26 01:01:53
安徽省,长江流域,泾南交界,2026-08-26 00:00,2,28.56,7.7,7.34,127.7518,11.4869,1.86,0.008,0.036,0.7917,,,2026-08-26 01:01:53
安徽省,长江流域,汪溪,2026-08-26 00:00,2,28.31,7.58,6.79,170.8028,14.828,1.06,0.026,0.033,1.2041,,,2026-08-26 01:01:53
安徽省,长江流域,狮子口,2026-08-26 00:00,2,30,7.36,6.89,296.19,19.89,3.68,0.053,0.087,1.8734,,,2026-08-26 01:01:53
福建省,浙闽片河流,永春东关桥,2026-08-26 00:00,3,24.52,6.03,6.88,73.81506,209.4967,3.94,0.255,0.18,3.347,,,2026-08-26 01:01:53
福建省,浙闽片河流,建阳坪州大桥,2026-08-26 00:00,2,29.61,7.15,7.98,116.05,6.488,1.78,0.018,0.045,1.2,,,2026-08-26 01:01:53
福建省,浙闽片河流,福安白塔,2026-08-26 00:00,2,25.332,7.02,7.28,42.72,43.09,2.06,0.051,0.076,1.606,,,2026-08-26 01:01:53
江西省,长江流域,滁槎,2026-08-26 00:00,4,30.68,6.43,4.49,190.27,11.29,2.28,0.043,0.097,1.487,,,2026-08-26 01:01:53
江西省,长江流域,姚港,2026-08-26 00:00,2,29.88,7.85,6.13,372.23,25.39,1.71,0.09,0.092,1.349,,,2026-08-26 01:01:53
江西省,长江流域,炭埠周家,2026-08-26 00:00,3,31.27,6.77,5.95,120.97,3.22,2.04,,0.054,1.349,,,2026-08-26 01:01:53
江西省,长江流域,康山,2026-08-26 00:00,5,30.87,6.79,6.12,142.62,39.6,3,0.168,0.104,1.541,0.0107,514000,2026-08-26 01:01:53
江西省,长江流域,瑞洪大桥,2026-08-26 00:00,4,33.06,6.74,3.73,117.91,29.02,1.9,,0.047,1.253,,,2026-08-26 01:01:53
山东省,黄河流域,泺口,2026-08-26 00:00,2,28.91,7.94,8.48,,736.91,2.44,0.194,0.052,2.879,,,2026-08-26 01:01:53
山东省,淮河流域,台儿庄大桥,2026-08-26 00:00,3,28.49,7.72,5.2,1307.3,10.77,3.56,0.151,0.045,1.431,,,2026-08-26 01:01:53
山东省,淮河流域,群乐桥,2026-08-26 00:00,4,22.86,7.84,4.19,1988.37,9.167,4,0.015,0.087,3.639,,,2026-08-26 01:01:53
山东省,淮河流域,王晁桥,2026-08-26 00:00,4,30.952,7.6,3.1,1351.47,27.909,3.62,0.153,0.194,5.942,,,2026-08-26 01:01:53
山东省,淮河流域,十字河大桥,2026-08-26 00:00,3,31.926,8.77,13.59,1215.65,3.262,4.03,0.001,0.037,0.43,,,2026-08-26 01:01:53
山东省,淮河流域,贾庄闸,2026-08-26 00:00,3,31.08,7.82,7.62,1358.63,10.235,4.03,0.009,0.091,4.712,,,2026-08-26 01:01:53
山东省,淮河流域,兖州南大桥,2026-08-26 00:00,2,31.132,7.71,7.26,1069.73,13.849,3.82,0.03,0.084,1.2926,,,2026-08-26 01:01:53
山东省,淮河流域,105公路桥,2026-08-26 00:00,5,32.057,7.61,2.59,1469.59,47.54,4.09,0.369,0.186,4.272,,,2026-08-26 01:01:53
山东省,淮河流域,高河桥,2026-08-26 00:00,4,31.283,8.28,6.72,1371.75,36.076,6.65,0.002,0.1,1.813,,,2026-08-26 01:01:53
山东省,淮河流域,老运河微山段,2026-08-26 00:00,3,30.898,7.91,7.87,1366.22,15.799,4.46,0.004,0.046,1.697,,,2026-08-26 01:01:53
山东省,淮河流域,尹沟,2026-08-26 00:00,3,32.28,8.18,7.68,925.43,17.99,4.13,0.076,0.054,0.913,0.04,,2026-08-26 01:01:53
山东省,淮河流域,西支河入湖口,2026-08-26 00:00,4,32.569,8.69,13.6,1200.41,17.094,6.76,0.006,0.003,1.803,,,2026-08-26 01:01:53
山东省,淮河流域,鲁桥,2026-08-26 00:00,3,31.627,8.07,8.58,1423.36,31.707,5.85,0.008,0.089,0.976,,,2026-08-26 01:01:53
山东省,淮河流域,牛庄闸,2026-08-26 00:00,3,31.955,8.11,11.14,985.842,7.737,4.02,0.02,0.001,2.329,,,2026-08-26 01:01:53
山东省,淮河流域,湘子庙,2026-08-26 00:00,6,30.05,7.94,1.1,1323.1,101.879,5.96,1.068,0.357,4.69577,,,2026-08-26 01:01:53
山东省,黄河流域,戴村坝,2026-08-26 00:00,2,32.06,7.96,7.7,783.72,1.59,2.74,0.063,0.02,2.888,,,2026-08-26 01:01:53
山东省,淮河流域,夏庄,2026-08-26 00:00,4,29.35,8.67,7.04,1152.4,15.8,8.37,0.008,0.298,2.39876,,,2026-08-26 01:01:53
山东省,淮河流域,临沂北大桥,2026-08-26 00:00,4,28.51,8.54,8.06,466.9,17.512,7.41,0.072,0.112,3.769,,,2026-08-26 01:01:53
山东省,淮河流域,捷庄,2026-08-26 00:00,4,30.84,7.7,7.38,588.276,14.684,7.12,0.075,0.11,1.836,,,2026-08-26 01:01:53
山东省,淮河流域,临沭大兴桥,2026-08-26 00:00,4,30.003,8.38,13.5,519.532,14.875,7.91,,0.103,0.991,,,2026-08-26 01:01:53
山东省,淮河流域,310公路桥,2026-08-26 00:00,6,30.11,7.06,0.45,859.49,3.48,2.87,0.032,0.075,2.366,,,2026-08-26 01:01:53
山东省,淮河流域,云蒙湖湖心,2026-08-26 00:00,3,23.83,,10.19,407.3,1.21,4.95,0.022,0.023,3.073,0.01833,4314230,2026-08-26 01:01:53
山东省,海河流域,秤勾湾,2026-08-26 00:00,3,30.07,7.99,6.44,909.1,65.85,2,0.729,0.102,5.6324,,,2026-08-26 01:01:53
山东省,淮河流域,于楼,2026-08-26 00:00,4,30.419,8.18,12.17,1738.64,82.662,8.53,0.486,0.244,3.82,,,2026-08-26 01:01:53
山东省,淮河流域,徐寨,2026-08-26 00:00,4,29.551,8.06,6.39,1588.34,71.117,6.1,0.139,0.295,4.033,,,2026-08-26 01:01:53
河南省,黄河流域,七里铺,2026-08-26 00:00,3,29.7898,7.97,6.87,509.202,27.9015,3.19,0.058,0.145,4.024,,,2026-08-26 01:01:53
河南省,淮河流域,尖岗水库,2026-08-26 00:00,2,30.21,8.88,10.24,252.5809,1.8606,2.1,0.043,0.015,0.3648,,,2026-08-26 01:01:53
河南省,淮河流域,新郑黄甫寨,2026-08-26 00:00,3,32.36,8.17,15.4,666.64,13.74,4.02,0.005,0.043,4.1117,,,2026-08-26 01:01:53
河南省,黄河流域,高崖寨,2026-08-26 00:00,2,29.23,8.2,6.6,440.67,46.66,3.23,0.054,0.065,2.297,,,2026-08-26 01:01:53
河南省,黄河流域,白马寺,2026-08-26 00:00,3,29.85,7.85,6.71,516.8,54.6,3.42,0.047,0.101,2.91,,,2026-08-26 01:01:53
河南省,海河流域,冯宿桥,2026-08-26 00:00,2,30.36,7.91,6.4,918.0227,19.582,1.6,0.193,0.059,8.7619,,,2026-08-26 01:01:53
河南省,海河流域,五陵,2026-08-26 00:00,4,29.96,7.82,5.01,1269,85.5,3.46,0.009,0.215,7.761,,,2026-08-26 01:01:53
河南省,海河流域,石辛庄,2026-08-26 00:00,3,32.61,8.22,9.49,1193.994,17.138,4.13,0.449,0.106,8.2234,,,2026-08-26 01:01:53
河南省,海河流域,黄花营,2026-08-26 00:00,1,29.62,8.32,11.42,472.1084,1.7945,0.8,,0.016,5.2834,,,2026-08-26 01:01:53
河南省,海河流域,卫河小河口,2026-08-26 00:00,3,29.4,7.99,8.05,1365.236,83.6,3.41,,0.168,8.3147,,,2026-08-26 01:01:53
河南省,海河流域,修武水文站,2026-08-26 00:00,2,29.4,7.73,13.94,1364.064,22.1,3.73,0.295,0.091,7.9056,,,2026-08-26 01:01:53
河南省,黄河流域,武陟渠首,2026-08-26 00:00,2,31.6,7.85,8.87,832.59,48.82,1.3,0.04,0.069,3.838,,,2026-08-26 01:01:53
河南省,海河流域,南乐水文站,2026-08-26 00:00,3,30.82,8.1,5.18,836.2926,72.07,5.69,0.047,0.158,2.5752,,,2026-08-26 01:01:53
河南省,海河流域,濮阳西水坡,2026-08-26 00:00,2,30.55,8.98,8.2,752.94,5.67,2.68,0.067,0.01,0.618,,,2026-08-26 01:01:53
河南省,淮河流域,郾城漯邓桥,2026-08-26 00:00,4,29.7,7.6,4.51,1656.7,50.71,3.88,0.079,0.3,4.043,,,2026-08-26 01:01:53
河南省,长江流域,五龙泉,2026-08-26 00:00,2,29.34,8.5,7.73,248.66,4.18,2.15,0.009,0.013,0.672,0.0018,715960.1,2026-08-26 01:01:53
河南省,淮河流域,长台关甘岸桥,2026-08-26 00:00,3,29.07,7.59,5.55,285.58,24.49,4.32,,0.078,1.259,,,2026-08-26 01:01:53
河南省,淮河流域,潢川水文站,2026-08-26 00:00,3,28.7062,7.03,6.55,167.062,38.8205,3.76,0.054,0.175,1.397,,,2026-08-26 01:01:53
河南省,淮河流域,固始马罡,2026-08-26 00:00,6,30.4399,9.45,7.35,174.095,5.2233,4.32,0.012,0.034,0.5857,,,2026-08-26 01:01:53
河南省,淮河流域,商水双桥,2026-08-26 00:00,3,29.62,7.86,6.6,1189.76,25.8641,4.31,0.087,0.181,8.249,,,2026-08-26 01:01:53
河南省,淮河流域,鄢陵陶城闸,2026-08-26 00:00,5,29.5,7.61,3.42,1261.2,8.09,6.66,1.091,0.346,8.7646,,,2026-08-26 01:01:53
河南省,淮河流域,板桥水库,2026-08-26 00:00,5,27.06,7.74,2.46,241.2073,6.26,3.14,0.004,0.016,0.6,,,2026-08-26 01:01:53
湖北省,长江流域,滠口,2026-08-26 00:00,3,32.94,8.91,13.59,237.8368,40.75,4.61,0.109,0.107,0.997,,,2026-08-26 01:01:53
湖北省,长江流域,大冶湖闸,2026-08-26 00:00,3,33.29,8.34,7.3,357.77,14.95,4.9,0.057,0.068,0.69,,,2026-08-26 01:01:53
湖北省,长江流域,夹河口,2026-08-26 00:00,2,22.61,7.76,6.12,275.7372,20.42,2.9,0.046,0.021,1.806,,,2026-08-26 01:01:53
湖北省,长江流域,天河口,2026-08-26 00:00,2,30.71,8.01,6.33,361.33,5.5,3.17,0.108,0.031,0.929,,,2026-08-26 01:01:53
湖北省,长江流域,孙家湾,2026-08-26 00:00,2,31.64,8.5,8.58,218.87,11.22,3.66,0.042,0.077,1.443,,,2026-08-26 01:01:53
湖北省,长江流域,浪河口,2026-08-26 00:00,4,28.01,7.33,4.22,159.7091,20.84,4.3,0.069,0.039,1.489,,,2026-08-26 01:01:53
湖北省,长江流域,陈家坡,2026-08-26 00:00,2,29.7,8.51,7.62,224.5,15.11,2.3,0.024,0.038,0.7812,,,2026-08-26 01:01:53
湖北省,长江流域,剑河口,2026-08-26 00:00,2,31.55,8.94,12.35,181.62,2.64,2.99,0.011,0.03,0.902,,,2026-08-26 01:01:53
湖北省,长江流域,东湾桥,2026-08-26 00:00,6,28,7.63,7.65,219.19,338.77,13.25,1.21,0.437,,,,2026-08-26 01:01:53
湖北省,长江流域,玉皇滩,2026-08-26 00:00,1,28.947,8.39,11.04,321.4,5.093,1.88,0.03,0.01,1.152,,,2026-08-26 01:01:53
湖北省,长江流域,王河电站,2026-08-26 00:00,2,29.36,8.07,7.36,364.2894,12.96,3.23,0.025,0.016,1.3169,,,2026-08-26 01:01:53
湖北省,长江流域,清江大桥,2026-08-26 00:00,2,22.26,7.56,6.51,348.518,11.424,1.34,,0.019,2.58,,,2026-08-26 01:01:53
湖北省,长江流域,南津关,2026-08-26 00:00,2,27.67,7.72,7.52,522.506,6.86221,1.55,0.005,0.051,2.3142,0.0278215,,2026-08-26 01:01:53
湖北省,长江流域,马渡河,2026-08-26 00:00,2,21.7,7.63,7.39,361.73,9.9,1.78,0.008,0.026,2.511,,,2026-08-26 01:01:53
湖北省,长江流域,铁路大桥,2026-08-26 00:00,2,25.55,7.94,7.53,418.2,19.6,2.24,0.019,0.042,2.527,,,2026-08-26 01:01:53
湖北省,长江流域,两河口,2026-08-26 00:00,2,30.984,7.78,7.1,508.6539,15.1329,2.74,0.008,0.054,2.8777,,,2026-08-26 01:01:53
湖北省,长江流域,桅杆坪,2026-08-26 00:00,4,19.58,7.35,4.68,288.39,1.01,1.36,,0.023,2.844,,,2026-08-26 01:01:53
湖北省,长江流域,云池,2026-08-26 00:00,2,27.3,7.69,6.34,406.75,8.18,1.67,,0.045,2.153,,,2026-08-26 01:01:53
湖北省,长江流域,翟湾,2026-08-26 00:00,3,30.88,8.43,7.38,434.2776,52.66232,4.61,,0.13,2.4274,,,2026-08-26 01:01:53
湖北省,长江流域,张湾,2026-08-26 00:00,3,30.95,8.05,8.73,429.2542,22.14,4.69,0.045,0.172,2.843,,,2026-08-26 01:01:53
湖北省,长江流域,余家湖,2026-08-26 00:00,2,25.84,7.91,7.49,319.3181,27.76,2.76,0.049,0.048,1.516,,,2026-08-26 01:01:53
湖北省,长江流域,汤店,2026-08-26 00:00,3,33.53,7.43,5.77,584.9991,14.35,5.59,0.067,0.118,0.938,,,2026-08-26 01:01:53
湖北省,长江流域,朱市,2026-08-26 00:00,2,29.28,7.83,7.54,516.5608,36.43,2.88,0.044,0.086,1.799,,,2026-08-26 01:01:53
湖北省,长江流域,马兰河口,2026-08-26 00:00,4,27.68,7.69,7.36,225.5,168.5,8.86,0.458,0.108,3.793,,,2026-08-26 01:01:53
湖北省,长江流域,燕矶,2026-08-26 00:00,2,30.11,7.83,7.17,358.13,27.38,1.32,0.08,0.057,1.782,,,2026-08-26 01:01:53
湖北省,长江流域,京山河邓李港,2026-08-26 00:00,3,33.11,7.68,7.63,478.7983,20.7974,3.23,,0.124,1.696,,,2026-08-26 01:01:53
湖北省,长江流域,马良龚家湾,2026-08-26 00:00,4,32.214,7.31,4.33,1662.09,41.4742,5.74,0.139,0.143,3.2508,,,2026-08-26 01:01:53
湖北省,长江流域,应城公路桥,2026-08-26 00:00,2,33.16,8.15,9.35,466.6,16.0523,2.48,0.025,0.033,0.4561,,,2026-08-26 01:01:53
湖北省,长江流域,小河,2026-08-26 00:00,3,30.22,7.74,6.24,325.14,69.45,4.55,0.004,0.116,4.06,,,2026-08-26 01:01:53
湖北省,长江流域,大悟河口,2026-08-26 00:00,3,32.94,7.66,5.64,235.6,9.74,3.03,,0.033,0.3243,,,2026-08-26 01:01:53
湖北省,长江流域,排水闸,2026-08-26 00:00,4,30.48,7.7,5.74,322.9864,45.9099,3.57,,0.056,0.547,0.00108,2.596461,2026-08-26 01:01:53
湖北省,长江流域,洪湖湖心,2026-08-26 00:00,4,31.4,8.14,6.94,298.6,119.05,4.53,0.068,0.063,0.638,0.002,94019.7,2026-08-26 01:01:53
湖北省,长江流域,观音寺,2026-08-26 00:00,2,28.15,7.78,7.24,398.18,10,1.51,,0.053,2.391,,,2026-08-26 01:01:53
湖北省,长江流域,荆州河口,2026-08-26 00:00,2,31.92,8.14,10.45,512.5549,19.4977,3.91,,0.065,2.3279,,,2026-08-26 01:01:53
湖北省,长江流域,杨家垱,2026-08-26 00:00,2,29.1,7.96,7.67,373.88,22.48,1.42,0.003,0.076,2.311,,,2026-08-26 01:01:53
湖北省,长江流域,蕲春县八里湖,2026-08-26 00:00,4,31.39,7.1,5.31,184.1141,86.71,3.61,0.414,0.203,2.547,,,2026-08-26 01:01:53
湖北省,长江流域,富水水库,2026-08-26 00:00,2,31.03,8.64,6.89,226.4316,12.85,2.3,0.019,0.02,0.524,0.01,2.5463,2026-08-26 01:01:53
湖北省,长江流域,窑嘴大桥,2026-08-26 00:00,5,31.83,7.28,2.32,394.9626,21.14,1.73,0.084,0.085,3.08,,,2026-08-26 01:01:53
湖北省,长江流域,厉山,2026-08-26 00:00,3,31.22,7.78,5.09,272.8589,24.82,5.75,0.045,0.058,0.7775,,,2026-08-26 01:01:53
湖北省,长江流域,涢水大桥,2026-08-26 00:00,2,32.53,7.91,7.93,385.7639,14.12,3.88,0.017,0.058,0.6104,,,2026-08-26 01:01:53
湖北省,长江流域,江口村,2026-08-26 00:00,4,29.73,8.64,9.4,167.67,4.977,9.51,0.001,0.008,0.809,,,2026-08-26 01:01:53
湖北省,长江流域,恩施大沙坝,2026-08-26 00:00,2,25.29,7.88,7.33,305.27,11.6,1.41,0.454,0.089,3.386,,,2026-08-26 01:01:53
湖北省,长江流域,雪照河,2026-08-26 00:00,2,23.58,8.32,8.6,380.12,29.11,0.82,,0.059,3.244,,,2026-08-26 01:01:53
湖北省,长江流域,周家坝,2026-08-26 00:00,1,22.99,7.87,7.88,232.26,9.754,0.56,,0.006,2.096,,,2026-08-26 01:01:53
湖北省,长江流域,积玉口荷花村,2026-08-26 00:00,3,31.03,7.23,5.23,350.1528,57.0454,5.37,0.108,0.14,1.996,,,2026-08-26 01:01:53
湖北省,长江流域,潜江大桥,2026-08-26 00:00,3,28.49,7.84,7.7,331.0298,42.85,4,0.024,0.115,2.664,,,2026-08-26 01:01:53
湖北省,长江流域,岳口,2026-08-26 00:00,3,29,7.7,6.25,331.4,34.32,4.06,0.116,0.117,3.396,,,2026-08-26 01:01:53
湖北省,长江流域,拖市,2026-08-26 00:00,6,31.47,7.19,2.44,685.2,17.945,7.9,0.498,0.402,1.9272,,,2026-08-26 01:01:53
湖南省,长江流域,昭山,2026-08-26 00:00,2,30.7,7.56,6.8,237.3,20.9,1.8,,0.051,1.295,,,2026-08-26 01:01:53
湖南省,长江流域,捞刀河口,2026-08-26 00:00,3,31.36,7.03,5.33,225.8,15.145,3.26,0.217,0.093,1.94,,,2026-08-26 01:01:53
湖南省,长江流域,桔子洲,2026-08-26 00:00,2,30.93,8.18,7.64,230.2386,17.67,1.28,0.099,0.071,1.382,,,2026-08-26 01:01:53
湖南省,长江流域,熬洲,2026-08-26 00:00,2,28.76,7.32,6.55,210.7942,19.0609,1.31,0.076,0.074,1.169,,,2026-08-26 01:01:53
湖南省,长江流域,城北水厂,2026-08-26 00:00,2,30.53,8.11,6.78,212.1,22.49,1.9,0.051,0.071,1.1529,,,2026-08-26 01:01:53
湖南省,长江流域,塘渡口,2026-08-26 00:00,2,29.5,7.58,7.45,136.6611,11.531,1.11,0.013,0.032,0.904,,,2026-08-26 01:01:53
湖南省,长江流域,绥宁河口镇,2026-08-26 00:00,2,28.2366,7.33,6.71,85.6835,4.0201,0.72,0.032,0.018,0.5831,,,2026-08-26 01:01:53
湖南省,长江流域,荆江口,2026-08-26 00:00,2,30.43,7.68,6.45,402.1262,18.4077,1,0.072,0.057,2.1208,,,2026-08-26 01:01:53
湖南省,长江流域,六门闸,2026-08-26 00:00,2,31.66,8.35,8.79,460.8866,5.78,2.29,0.007,0.05,1.374,,,2026-08-26 01:01:53
湖南省,长江流域,八仙桥,2026-08-26 00:00,3,31.67,7.17,6.46,173.043,10.5483,4.04,0.051,0.064,0.9954,,,2026-08-26 01:01:53
湖南省,长江流域,坡头,2026-08-26 00:00,2,29.99,8.22,7.73,191.3523,26.3459,0.81,,0.039,1.5521,0.0008406,,2026-08-26 01:01:53
湖南省,长江流域,蒋家嘴,2026-08-26 00:00,3,28.86,7.58,5.64,217.617,23.904,1.33,0.056,0.031,1.2891,0.0023,2.1682,2026-08-26 01:01:53
湖南省,长江流域,窑坡渡,2026-08-26 00:00,2,28.99,8.03,6.28,253.7064,17.428,1.28,0.085,0.021,1.1948,,,2026-08-26 01:01:53
湖南省,长江流域,永定澄潭,2026-08-26 00:00,4,26.03,7.53,6.63,201.96,79.713,2.31,0.022,0.296,0.965,,,2026-08-26 01:01:53
湖南省,长江流域,南嘴,2026-08-26 00:00,3,30.68,7.91,7.05,218.397,72.82348,1.2,,0.047,1.5241,0.0265,604000.8,2026-08-26 01:01:53
湖南省,长江流域,小河嘴,2026-08-26 00:00,3,30.23,7.88,6.5,212.781,16.3463,1.68,,0.028,1.087,0.00631939,5.5189,2026-08-26 01:01:53
湖南省,长江流域,坪口,2026-08-26 00:00,1,30.35,8.78,11.47,219.9,17.173,1.74,0.016,0.02,1.259,,,2026-08-26 01:01:53
湖南省,长江流域,头山,2026-08-26 00:00,1,29.69,8.51,8.51,129.07,4.7,0.5,,0.003,0.5096,0.0058,6925000,2026-08-26 01:01:53
湖南省,长江流域,渡口大桥,2026-08-26 00:00,4,29.7,7.02,4.66,165.53,25.83,3.44,0.188,0.127,1.75,,,2026-08-26 01:01:53
湖南省,长江流域,铜信溪电站,2026-08-26 00:00,2,29.22,8.13,6.92,279.61,2.79,1.16,0.051,0.019,1.347,,,2026-08-26 01:01:53
湖南省,长江流域,地阳坪公路大桥,2026-08-26 00:00,2,28.18,7.05,6.79,93.7476,5.7074,1.32,,0.03,0.399,,,2026-08-26 01:01:53
湖南省,长江流域,托口渠水,2026-08-26 00:00,2,29.91,8.42,6.64,85.5,28.747,1.27,0.002,0.016,0.48,,,2026-08-26 01:01:53
湖南省,长江流域,舞水入河口,2026-08-26 00:00,2,29.89,8.07,6.12,353.5,1.764,1.41,0.022,0.051,1.38,,,2026-08-26 01:01:53
湖南省,长江流域,球溪,2026-08-26 00:00,3,30.562,7.65,5.94,230.07,4.396,2.27,0.018,0.055,1.694,,,2026-08-26 01:01:53
湖南省,长江流域,街埠头,2026-08-26 00:00,4,30.1,7.33,4.9,334.361,13.5031,4.17,0.049,0.081,1.899,,,2026-08-26 01:01:53
湖南省,长江流域,浦市上游,2026-08-26 00:00,2,29.73,7.74,6.55,194.44,5.86,0.93,0.016,0.042,0.936,,,2026-08-26 01:01:53
湖南省,长江流域,江口,2026-08-26 00:00,2,27.19,7.87,6.23,288.2984,3.6532,0.75,,0.013,1.674,,,2026-08-26 01:01:53
湖南省,长江流域,武水汇合口,2026-08-26 00:00,2,29.84,7.68,6.83,179.591,8.2625,0.81,0.018,0.033,0.894,,,2026-08-26 01:01:53
广东省,珠江流域,鸡啼门大桥,2026-08-26 00:00,3,30.24,7.87,6.72,340.1,29,2.53,0.064,0.122,2.246,,,2026-08-26 01:01:53
广东省,珠江流域,苍山渡口,2026-08-26 00:00,3,31.38,7.64,5.83,1746.65,14.049,1.9,0.034,0.116,2.123,,,2026-08-26 01:01:53
广东省,珠江流域,排里,2026-08-26 00:00,4,30.78,6.85,4.82,166.47,14.65,5.54,0.143,0.144,2.643,,,2026-08-26 01:01:53
广东省,珠江流域,营仔,2026-08-26 00:00,4,30.44,6.88,4.57,176.63,11.57,5.9,0.1,0.095,1.804,,,2026-08-26 01:01:53
广东省,珠江流域,黄竹尾水闸,2026-08-26 00:00,4,31.29,6.89,4.77,143.36,31.1,4.17,,0.115,2.129,,,2026-08-26 01:01:53
广东省,珠江流域,公庄河口,2026-08-26 00:00,3,29.4,7.1,6.44,149.8,54,3.3,0.181,0.183,2.033,,,2026-08-26 01:01:53
广东省,珠江流域,沙田泗盛,2026-08-26 00:00,4,29.72,6.41,3.38,241.55,39.37,2.63,0.117,0.082,,,,2026-08-26 01:01:53
广东省,珠江流域,石龙南河,2026-08-26 00:00,3,28.64,6.79,5.21,124.73,20.27,1.42,0.109,0.079,1.926,,,2026-08-26 01:01:53
广东省,珠江流域,古封,2026-08-26 00:00,2,30,7.84,6.43,279.74,38.17,1.3,0.033,0.043,2.323,,,2026-08-26 01:01:53
广西壮族自治区,珠江流域,六景,2026-08-26 00:00,5,27.38,7.69,5.23,229.3,1357.62,9.16,,0.379,1.121,,,2026-08-26 01:01:53
广西壮族自治区,珠江流域,阳朔,2026-08-26 00:00,2,31,8.14,7.29,198.743,3.21,1.02,0.002,0.043,1.5397,,,2026-08-26 01:01:53
广西壮族自治区,珠江流域,三滩,2026-08-26 00:00,2,27.51,6.53,7.03,50.96,11.06,1.76,0.094,0.063,0.859,,,2026-08-26 01:01:53
广西壮族自治区,珠江流域,边贸码头,2026-08-26 00:00,-1,,,,,,,,,,,,2026-08-26 01:01:53
广西壮族自治区,珠江流域,隘屯,2026-08-26 00:00,2,23.74697,8.02,9.64,359.4916,18.41193,1.21,,0.035,1.915153,,,2026-08-26 01:01:53
海南省,珠江流域,龙塘,2026-08-26 00:00,3,31,6.99,5.38,138.1,16.9,1.25,0.049,0.135,1.981,,,2026-08-26 01:01:53
海南省,珠江流域,林家村,2026-08-26 00:00,2,27.97,7.22,7.49,129.06,18.58,2.13,0.039,0.026,1.767,,,2026-08-26 01:01:53
海南省,珠江流域,崖城大桥,2026-08-26 00:00,2,27.9,6.93,7.34,111,86,2.66,,0.06,3.475,,,2026-08-26 01:01:53
海南省,珠江流域,藤桥河大桥,2026-08-26 00:00,2,28.63,7.31,7.61,255,17.63,3.02,,0.084,1.545,,,2026-08-26 01:01:53
海南省,珠江流域,松涛水库南丰库心,2026-08-26 00:00,2,30.18668,7.57,6.3,76.91497,0.787739,0.74,0.001,0.005,0.1896369,0.0155611,1510778,2026-08-26 01:01:53
海南省,珠江流域,汀洲,2026-08-26 00:00,3,29.7,6.7,6.56,94.88,15.86,2.3,0.061,0.127,1.021,,,2026-08-26 01:01:53
海南省,珠江流域,龙江,2026-08-26 00:00,2,29.55,7.11,6.8,71.02,11.13,2.19,0.014,0.044,0.746,,,2026-08-26 01:01:53
海南省,珠江流域,水涯新区,2026-08-26 00:00,3,29.7,6.82,5.47,122.5,13.6,2.95,0.105,0.067,1.289,,,2026-08-26 01:01:53
海南省,珠江流域,大广坝水库出口,2026-08-26 00:00,2,27.672,7.59,6.72,91.752,1.75,2.06,,0.016,0.605,0.007193,5158030,2026-08-26 01:01:53
重庆市,长江流域,向家,2026-08-26 00:00,3,26.24,7.83,8.32,156.392,31.133,4.3,,0.06,1.155,,,2026-08-26 01:01:53
重庆市,长江流域,磨刀溪长滩,2026-08-26 00:00,6,27.16,9.32,26.6,149.661,14.988,3.97,0.1,0.04,0.966,,,2026-08-26 01:01:53
重庆市,长江流域,清溪场,2026-08-26 00:00,2,26.23,7.88,7.29,415.2927,54.6352,1.61,,0.082,2.56,,,2026-08-26 01:01:53
重庆市,长江流域,木瓜洞,2026-08-26 00:00,3,33.7,8.47,21.13,337.8518,10.1869,4.54,0.022,0.042,,,,2026-08-26 01:01:53
重庆市,长江流域,寸滩,2026-08-26 00:00,3,26.03,7.82,7.38,380.04,126.212,2.19,0.052,0.138,3.318,,,2026-08-26 01:01:53
重庆市,长江流域,北温泉,2026-08-26 00:00,2,29.7068,7.83,7.87,332.206,13.7864,2.76,0.009,0.04,2.682,,,2026-08-26 01:01:53
重庆市,长江流域,寨溪大桥,2026-08-26 00:00,2,31.45,7.95,10.32,1173.81,24.1928,2.96,0.068,0.031,1.776,,,2026-08-26 01:01:53
重庆市,长江流域,石门坎,2026-08-26 00:00,2,28.24,8.1,7.25,457.78,6.92,0.98,0.008,0.009,1.427,,,2026-08-26 01:01:53
重庆市,长江流域,玉滩水库,2026-08-26 00:00,-1,,,,,,,,,,,,2026-08-26 01:01:53
重庆市,长江流域,御临镇,2026-08-26 00:00,6,34.53,9.58,21.67,243.554,7.763,5.74,,0.042,0.882,,,2026-08-26 01:01:53
重庆市,长江流域,黎家乡崔家岩村,2026-08-26 00:00,3,31.75,8.44,10.56,305.48,15.07,5.12,0.105,0.053,1.06,,,2026-08-26 01:01:53
重庆市,长江流域,运输桥,2026-08-26 00:00,4,27.7,7.54,4.45,338.8754,9.6464,4.69,0.007,0.069,1.061,,,2026-08-26 01:01:53
重庆市,长江流域,江津大桥,2026-08-26 00:00,3,24.83,7.94,7.39,375.83,147.83,2.2,,0.139,2.175,,,2026-08-26 01:01:53
重庆市,长江流域,朱杨溪,2026-08-26 00:00,3,32.43,7.74,6.2,597.54,23.26,3.99,0.009,0.132,2.634,,,2026-08-26 01:01:53
重庆市,长江流域,白杨溪,2026-08-26 00:00,2,29.78,7.67,6.51,123.972,191.552,2.85,0.017,0.03,1.743,,,2026-08-26 01:01:53
重庆市,长江流域,官渡,2026-08-26 00:00,2,31.81,7.78,7.43,290.8007,18.89,3.33,,0.089,1.693,,,2026-08-26 01:01:53
重庆市,长江流域,临渡,2026-08-26 00:00,3,31.4,7.64,6.23,432.6,26.959,4.89,0.003,0.111,1.411,,,2026-08-26 01:01:53
重庆市,长江流域,黄桷,2026-08-26 00:00,4,30.05,7.71,4.72,688.823,4.74,2.53,0.024,0.048,1.34,,,2026-08-26 01:01:53
重庆市,长江流域,四明水厂,2026-08-26 00:00,4,31.67,7.94,6.5,365.1,36.7,6.28,0.036,0.082,1.06,,,2026-08-26 01:01:53
重庆市,长江流域,金狮桥,2026-08-26 00:00,1,20.61,8.19,8.74,214.197,5.429,1.09,0.02,0.011,0.839,,,2026-08-26 01:01:53
重庆市,长江流域,璧南河两河口,2026-08-26 00:00,3,31.29,7.83,6.61,747.286,16.008,5.2,0.012,0.107,1.533,,,2026-08-26 01:01:53
重庆市,长江流域,中和,2026-08-26 00:00,4,31.02,8.62,,573.5,10.32,6.3,,0.069,0.736,,,2026-08-26 01:01:53
重庆市,长江流域,玉溪,2026-08-26 00:00,2,27.69,7.8,8.06,430.1005,16.189,1.6,0.018,0.046,1.917,,,2026-08-26 01:01:53
重庆市,长江流域,高洞电站,2026-08-26 00:00,3,31.995,8.37,11.4,616.588,6.663,5.81,,0.024,2.093,,,2026-08-26 01:01:53
重庆市,长江流域,巫山乡,2026-08-26 00:00,3,29.01,8.02,7.41,239.253,13.942,3.91,0.004,0.115,1.568,,,2026-08-26 01:01:53
重庆市,长江流域,鸭江镇,2026-08-26 00:00,2,29.63,7.92,7.84,491.237,5.005,1.73,0.012,0.046,1.941,,,2026-08-26 01:01:53
重庆市,长江流域,江口镇,2026-08-26 00:00,2,26.289,8.08,7.35,320.572,1.403,1.07,,0.012,1.593,,,2026-08-26 01:01:53
重庆市,长江流域,土堡寨,2026-08-26 00:00,1,20.97,8.22,8.99,344.148,20.266,0.52,,0.013,0.769,,,2026-08-26 01:01:53
重庆市,长江流域,水寨子,2026-08-26 00:00,2,22.15,7.86,6.63,239.1,7.689,1.56,,0.021,0.575,,,2026-08-26 01:01:53
重庆市,长江流域,卫星桥,2026-08-26 00:00,3,31.21,8.14,7.94,330.2025,38.1064,4.56,0.018,0.081,1.142,,,2026-08-26 01:01:53
重庆市,长江流域,高洞梁,2026-08-26 00:00,2,33.46,8.27,14.77,370.324,23.048,3.67,,0.035,0.876,,,2026-08-26 01:01:53
重庆市,长江流域,苏家,2026-08-26 00:00,3,26.98,7.66,5.76,411.0471,40.0859,1.95,,0.08,2.807,,,2026-08-26 01:01:53
重庆市,长江流域,清水湖渡口,2026-08-26 00:00,6,29.99,9.26,16.3,177.049,3.9616,0.9,0.008,0.02,0.9134,,,2026-08-26 01:01:53
重庆市,长江流域,小江河口,2026-08-26 00:00,2,29.89,8.67,17.01,376.19,5.46,3.33,0.01,0.033,1.2233,,,2026-08-26 01:01:53
重庆市,长江流域,汤溪河江口,2026-08-26 00:00,1,21.63,8.02,8.49,260.152,27.392,0.52,,0.015,0.701,,,2026-08-26 01:01:53
重庆市,长江流域,培石,2026-08-26 00:00,2,27.6888,7.77,7.35,406.0415,17.5363,1.42,0.101,0.046,2.0249,,,2026-08-26 01:01:53
重庆市,长江流域,花台,2026-08-26 00:00,2,26.06,8.27,7.34,496.2812,9.2994,0.47,,0.012,1.094,,,2026-08-26 01:01:53
重庆市,长江流域,化杠,2026-08-26 00:00,3,23.09,7.52,7.29,175.38,10.49,2.7,0.007,0.165,3.2766,,,2026-08-26 01:01:53
重庆市,长江流域,万木,2026-08-26 00:00,2,24.31,7.7,6.14,422.98,4.3,0.75,0.002,0.038,3.508,,,2026-08-26 01:01:53
重庆市,长江流域,红花村,2026-08-26 00:00,2,23.149,7.65,7.52,216.372,14.167,0.68,,0.028,1.568,,,2026-08-26 01:01:53
重庆市,长江流域,南洞沟,2026-08-26 00:00,2,26.72,8.15,6.39,331.132,4.56,0.62,0.009,0.012,0.576,,,2026-08-26 01:01:53
重庆市,长江流域,郁江桥,2026-08-26 00:00,1,25.51,8.04,8.76,228.459,9.403,1.12,0.015,0.014,1.259,,,2026-08-26 01:01:53
四川省,长江流域,廖家堰,2026-08-26 00:00,4,30.525,7.62,6.9,719.174,77.906,5.19,0.122,0.211,3.895,,,2026-08-26 01:01:53
四川省,长江流域,脚仙村,2026-08-26 00:00,3,26.83,7.67,7.28,360.7,119.9,4.24,0.044,0.142,4.043,,,2026-08-26 01:01:53
四川省,长江流域,醒觉溪,2026-08-26 00:00,3,28.6,7.82,5.79,318.5,100.2,1.86,0.033,0.049,2.761,,,2026-08-26 01:01:53
四川省,长江流域,象山,2026-08-26 00:00,3,31.41,8.43,13.72,469.45,7.1,4.75,0.014,0.059,3.17,,,2026-08-26 01:01:53
四川省,长江流域,西平镇,2026-08-26 00:00,2,28.64,8.1,6.95,570.91,24.27,1.64,,0.092,3.443,,,2026-08-26 01:01:53
四川省,长江流域,大安,2026-08-26 00:00,4,31.66,8.89,18.64,459.11,12.3,6.19,,0.166,0.6444,,,2026-08-26 01:01:53
四川省,长江流域,梓江大桥,2026-08-26 00:00,2,31.16,8.48,10.74,379.2,19.1,3.89,0.01,0.028,3.39,,,2026-08-26 01:01:53
四川省,长江流域,球溪河口,2026-08-26 00:00,3,28.79,7.75,6.9,553.88,31.1,5.82,0.034,0.182,9.837,,,2026-08-26 01:01:53
四川省,长江流域,升钟水库铁炉寺,2026-08-26 00:00,6,33,9.16,21.27,282.75,30.81,5.02,,0.029,1.917,,,2026-08-26 01:01:53
四川省,长江流域,龟都府,2026-08-26 00:00,2,21.57,8.09,9.11,182.9225,103.2763,0.88,0.017,0.041,2.411618,,,2026-08-26 01:01:53
四川省,长江流域,越溪河两河口,2026-08-26 00:00,4,29.38,7.53,4.03,658.3,20.3,5.3,0.058,0.113,4.66,,,2026-08-26 01:01:53
四川省,长江流域,月波,2026-08-26 00:00,2,22.01,7.38,7.77,269.6,130.5,1.54,0.169,0.064,2.337,,,2026-08-26 01:01:53
四川省,长江流域,凉姜沟,2026-08-26 00:00,2,23.64,7.99,8.1,255.5617,84.50125,1.66,0.018,0.082,3.399139,,,2026-08-26 01:01:53
四川省,长江流域,洛亥,2026-08-26 00:00,2,22.57,8.17,7.76,343.6809,11.6619,1.54,0.005,0.082,3.046,,,2026-08-26 01:01:53
四川省,长江流域,联盟桥,2026-08-26 00:00,2,32.55,7.77,6.43,362.97,12.72,3.62,,0.08,1.2261,,,2026-08-26 01:01:53
四川省,长江流域,手傍岩,2026-08-26 00:00,2,32.06,8.69,9.87,376.6,6,2.03,,0.02,1.016,,,2026-08-26 01:01:53
四川省,长江流域,幸福村,2026-08-26 00:00,3,26.56,7.91,7.76,401.2,33.8,2.54,0.043,0.123,3.235,,,2026-08-26 01:01:53
四川省,长江流域,拱城铺渡口,2026-08-26 00:00,3,27.18,7.94,7.86,443.54,36.67,1.57,0.002,0.115,2.524,,,2026-08-26 01:01:53
四川省,长江流域,金沙江岗托桥,2026-08-26 00:00,3,16.1,8.35,6.3,1250.1,257.9,2.61,0.286,0.149,0.976,,,2026-08-26 01:01:53
四川省,长江流域,昔街大桥,2026-08-26 00:00,3,23.55,7.68,7.37,172.66,255.89,4.04,0.092,0.172,4.112,,,2026-08-26 01:01:53
贵州省,长江流域,麦穰,2026-08-26 00:00,5,24.91,7.64,4.14,583.37,28.76,4.32,0.83,0.328,5.033,,,2026-08-26 01:01:53
贵州省,珠江流域,青岩,2026-08-26 00:00,3,24.96,8.02,5.69,536.3893,25.1158,1.53,,0.081,3.146,,,2026-08-26 01:01:53
贵州省,珠江流域,发耳,2026-08-26 00:00,2,22.62,8.19,6.41,342.141,27.412,1.66,,0.078,3.407,,,2026-08-26 01:01:53
贵州省,长江流域,鱼塘大桥,2026-08-26 00:00,2,25.79,7.94,7.23,324.68,1.161,0.76,,0.01,1.482,,,2026-08-26 01:01:53
贵州省,长江流域,沿江渡,2026-08-26 00:00,2,29.16,8.86,6.96,305.02,4.42,3.1,0.014,0.018,1.82,,,2026-08-26 01:01:53
贵州省,长江流域,鲤鱼塘,2026-08-26 00:00,3,27.27,7.62,5.06,503.92,1.122,1.13,,0.05,3.479,,,2026-08-26 01:01:53
贵州省,长江流域,坡渡,2026-08-26 00:00,1,26.11,8,7.61,328.35,5.31,0.86,0.004,0.008,0.648,,,2026-08-26 01:01:53
贵州省,珠江流域,黄果树,2026-08-26 00:00,2,24.9232,8.29,7.73,583.5,12.91,1.05,,0.035,2.869,,,2026-08-26 01:01:53
贵州省,长江流域,斯拉河大桥,2026-08-26 00:00,3,26.69,8.99,11.28,307.43,12.03,4.1,0.023,0.026,3.936,,,2026-08-26 01:01:53
贵州省,长江流域,下干溪,2026-08-26 00:00,2,27.08,7.65,6.7,306.67,20.79,0.93,0.029,0.022,1.527,,,2026-08-26 01:01:53
贵州省,珠江流域,坝草,2026-08-26 00:00,1,28.3974,8.22,9.93,382.412,4.6761,2,0.009,0.009,3.1762,,,2026-08-26 01:01:53
贵州省,珠江流域,万峰湖,2026-08-26 00:00,2,29.55,8.73,9.18,298.56,3.66,1.56,0.011,0.019,2.451,0.033,1058063,2026-08-26 01:01:53
贵州省,珠江流域,岔河口,2026-08-26 00:00,2,26.5771,7.91,7.25,278.6297,5.005,3.3,0.055,0.019,2.0708,,,2026-08-26 01:01:53
贵州省,珠江流域,蔗香北,2026-08-26 00:00,1,28.28,7.96,9.58,293.5388,3.0037,0.96,,0.008,1.9399,,,2026-08-26 01:01:53
贵州省,珠江流域,黄泥河,2026-08-26 00:00,2,20.3084,8.17,7.51,403.4734,22.9752,0.97,,0.028,3.245,,,2026-08-26 01:01:53
贵州省,珠江流域,赵家渡,2026-08-26 00:00,2,22.59,8.12,7.74,411.559,10.26,0.62,0.028,0.025,4.419,,,2026-08-26 01:01:53
贵州省,珠江流域,坡脚,2026-08-26 00:00,2,23.71,7.95,6.37,418.828,21.4773,0.96,0.0001,0.032,4.6774,,,2026-08-26 01:01:53
贵州省,珠江流域,蔗香南,2026-08-26 00:00,1,29.99,8.37,9.37,290.3,6.24,0.97,0.025,0.009,1.9555,,,2026-08-26 01:01:53
贵州省,长江流域,金紫,2026-08-26 00:00,2,25.19,7.62,6.26,172.5926,9.68,0.54,0.005,0.026,1.277,,,2026-08-26 01:01:53
贵州省,长江流域,平敏大桥,2026-08-26 00:00,2,28.16,7.7,7.08,138.58,12.74,1.08,,0.016,0.603,,,2026-08-26 01:01:53
贵州省,长江流域,旁海,2026-08-26 00:00,2,27.57,8.24,7.37,453.21,11.57,1.04,,0.044,2.029,,,2026-08-26 01:01:53
贵州省,珠江流域,榕江,2026-08-26 00:00,2,29.4,7.94,7.36,121.14,10.32,0.89,0.039,0.024,0.648,,,2026-08-26 01:01:53
贵州省,长江流域,甘溪高碑,2026-08-26 00:00,2,29.01,8.5,9.74,305.2,16.38,2.79,,0.032,0.428,,,2026-08-26 01:01:53
贵州省,长江流域,跳鱼洞,2026-08-26 00:00,3,25.53,8,5.8,433.42,2.31,2.44,0.141,0.089,1.899,,,2026-08-26 01:01:53
贵州省,珠江流域,甲茶,2026-08-26 00:00,3,23.976,7.72,5.92,326.9139,0.6264,0.76,0.005,0.008,1.123,,,2026-08-26 01:01:53
云南省,长江流域,通仙桥,2026-08-26 00:00,4,22.69,7.76,5.43,461.842,44.428,2.09,0.028,0.228,5.921,,,2026-08-26 01:01:53
云南省,长江流域,普渡河桥,2026-08-26 00:00,3,24.25,8.02,7.05,444.5686,110.4755,5.19,0.046,0.195,2.8371,,,2026-08-26 01:01:53
云南省,珠江流域,禄丰村,2026-08-26 00:00,3,24.19,8.13,7,467.1107,64.1728,2.22,,0.15,5.166,,,2026-08-26 01:01:53
云南省,滇池流域,回龙村,2026-08-26 00:00,4,23.15,7.48,3.03,544.7758,30.1429,2.98,0.447,0.115,3.4206,,,2026-08-26 01:01:53
云南省,滇池流域,船房五社桥头,2026-08-26 00:00,4,23.88,7.42,4.88,529.0789,8.7579,4.22,0.3,0.102,3.5845,,,2026-08-26 01:01:53
云南省,滇池流域,王大桥,2026-08-26 00:00,4,21.42,6.87,3.22,585.2629,5.5433,2.74,,0.19,5.6134,,,2026-08-26 01:01:53
云南省,滇池流域,大观河入湖口,2026-08-26 00:00,3,20.75,7.62,5.41,374.8697,26.2292,2.24,0.177,0.075,3.955,,,2026-08-26 01:01:53
云南省,滇池流域,大渔乡土罗村入湖口,2026-08-26 00:00,4,23.53,7.59,3.67,488.1266,34.7531,2.55,,0.084,10.023,,,2026-08-26 01:01:53
云南省,滇池流域,新河村入湖口,2026-08-26 00:00,3,19.97,7.67,5.34,349.04,12.707,1.98,0.063,0.073,3.2119,,,2026-08-26 01:01:53
云南省,长江流域,富民大桥,2026-08-26 00:00,5,25.19,8.33,4.58,452.4475,91.6785,6.41,0.033,0.321,2.6198,,,2026-08-26 01:01:53
云南省,滇池流域,宝丰村入湖口,2026-08-26 00:00,3,21.3,7.92,5.85,529.26,48.26,2.37,0.149,0.111,3.636,,,2026-08-26 01:01:53
云南省,滇池流域,江尾下闸,2026-08-26 00:00,4,23.4,7.55,4.71,321.7156,41.9023,4.1,0.203,0.116,3.224,,,2026-08-26 01:01:53
云南省,滇池流域,茨巷河入湖口,2026-08-26 00:00,4,23.62,7.52,4.62,400.4185,19.0833,3.14,0.036,0.152,4.875,,,2026-08-26 01:01:53
云南省,滇池流域,东大河滇池入湖口,2026-08-26 00:00,4,23.46,7.53,4.18,531.2115,27.4305,4.58,0.048,0.239,6.816,,,2026-08-26 01:01:53
云南省,滇池流域,晋城小寨,2026-08-26 00:00,3,21.03,8.03,6.63,489.1579,97.2996,2.89,0.036,0.102,,,,2026-08-26 01:01:53
云南省,长江流域,牛栏江河口,2026-08-26 00:00,3,22.8,7.91,5.54,455.326,43.591,2.3,0.028,0.117,6.396,,,2026-08-26 01:01:53
云南省,珠江流域,狗街,2026-08-26 00:00,3,24.4,7.85,6.07,518.3654,44.49999,2.77,0.107,0.117,5.720293,,,2026-08-26 01:01:53
云南省,珠江流域,花山水库出水口,2026-08-26 00:00,2,24.35,8.37,6.98,326.1088,1.9138,1.16,,0.005,2.6854,,,2026-08-26 01:01:53
云南省,长江流域,以礼河水文站,2026-08-26 00:00,3,18.96,7.67,5.07,339.2885,30.9003,2.08,0.036,0.07,3.2188,,,2026-08-26 01:01:53
云南省,长江流域,牛栏江大桥,2026-08-26 00:00,2,21.91,7.93,6.81,389.697,87.982,1.3,,0.098,4.658,,,2026-08-26 01:01:53
云南省,长江流域,云贵桥,2026-08-26 00:00,1,19.44,8.33,8.08,393.475,25.476,0.99,0.021,0.017,3.613,,,2026-08-26 01:01:53
云南省,长江流域,头屯河,2026-08-26 00:00,2,19.12,8.06,7.07,418.038,11.46,0.68,0.043,0.034,5.52,,,2026-08-26 01:01:53
云南省,长江流域,横江桥,2026-08-26 00:00,2,24.2,8.08,7.96,258.84,220.06,3.04,,0.098,2.738,,,2026-08-26 01:01:53
云南省,西南诸河,那发出境,2026-08-26 00:00,3,26.38,7.61,7.03,126.4902,2300.66,1.33,,0.137,0.7742,,,2026-08-26 01:01:53
云南省,西南诸河,龙脖渡口,2026-08-26 00:00,2,27.7,7.96,7.78,287.3766,69.1669,1.17,0.007,0.054,2.0786,,,2026-08-26 01:01:53
云南省,西南诸河,小河底河,2026-08-26 00:00,3,26.72,8.21,8.45,389.3891,1982.625,3.06,,0.145,3.3281,,,2026-08-26 01:01:53
云南省,珠江流域,长虹桥,2026-08-26 00:00,3,25.04,8.19,6.91,499.323,129.7181,3.72,,0.18,4.3812,,,2026-08-26 01:01:53
云南省,西南诸河,南利大桥,2026-08-26 00:00,2,23.66,8.21,7.52,290.87,24.7,1.02,0.01,0.03,1.802,,,2026-08-26 01:01:53
云南省,珠江流域,谷拉河大桥,2026-08-26 00:00,1,30.5,8.74,11.84,171.45,6.266,1.51,0.011,0.003,0.453,,,2026-08-26 01:01:53
陕西省,黄河流域,咸阳铁桥,2026-08-26 00:00,2,30.34,8.29,6.92,642.9782,38.9723,3.8,,0.049,4.9924,,,2026-08-26 01:01:53
陕西省,黄河流域,兴平,2026-08-26 00:00,3,30.15,8.15,5.82,624.3211,81.181,3.27,,0.062,4.4351,,,2026-08-26 01:01:53
陕西省,黄河流域,泾河桥,2026-08-26 00:00,2,29.6,8.34,6.59,1309.77,119.538,3,0.022,0.079,2.6593,,,2026-08-26 01:01:53
陕西省,黄河流域,寺滩,2026-08-26 00:00,4,28.32,8.5,7.23,1260.188,3268.297,3.65,,0.278,7.3031,,,2026-08-26 01:01:53
陕西省,长江流域,烈金坝,2026-08-26 00:00,2,23.96,8.18,7.35,330.08,5.612,0.56,,0.024,0.7823,,,2026-08-26 01:01:53
陕西省,长江流域,南柳渡,2026-08-26 00:00,2,29.56,8.25,6.15,292.185,4.9193,2.07,0.014,0.03,1.599,,,2026-08-26 01:01:53
陕西省,长江流域,白水江,2026-08-26 00:00,2,28.25,8.2,6.38,298.9582,10.572,0.95,,0.01,0.7748,,,2026-08-26 01:01:53
陕西省,黄河流域,柏树坪,2026-08-26 00:00,3,28.86426,8.29,7.77,887.427,347.9125,3.38,,0.141,5.1061,,,2026-08-26 01:01:53
陕西省,黄河流域,碛塄,2026-08-26 00:00,2,26.07,8.18,7.04,897.435,92.00472,2.41,,0.057,2.8981,,,2026-08-26 01:01:53
陕西省,黄河流域,鱼河,2026-08-26 00:00,5,26.49,8.09,5.63,797.61,252.7549,5.25,0.109,0.336,4.5431,,,2026-08-26 01:01:53
陕西省,长江流域,白河城关,2026-08-26 00:00,2,25.7,7.65,6.26,230.9094,24.3,3.09,0.047,0.066,1.986,0.02489,,2026-08-26 01:01:53
陕西省,长江流域,南江河出陕界,2026-08-26 00:00,-1,,,,,,,,,,,,2026-08-26 01:01:53
陕西省,长江流域,小钢桥,2026-08-26 00:00,2,28.94,8.13,7.21,274.56,8.91,2.93,,0.024,1.538,,,2026-08-26 01:01:53
陕西省,长江流域,瀛湖坝前,2026-08-26 00:00,2,29.12,8.88,8.22,206.6993,12.9739,2.22,,0.015,0.589,0.04324,2241439,2026-08-26 01:01:53
陕西省,黄河流域,灵口,2026-08-26 00:00,2,27.5,8.28,6.45,442.999,3.9382,1,0.013,0.009,1.2972,,,2026-08-26 01:01:53
甘肃省,黄河流域,桦林,2026-08-26 00:00,2,23.7,8.35,6.79,867.3,1771.1,1.67,0.058,0.041,6.272,,,2026-08-26 01:01:53
甘肃省,黄河流域,葡萄园,2026-08-26 00:00,2,27.21,8.27,6.82,1003.051,,2.88,0.036,0.086,8.198,,,2026-08-26 01:01:53
甘肃省,黄河流域,长庆桥,2026-08-26 00:00,3,27.01,8.21,5.96,888.474,2313.594,2.37,0.007,0.077,3.6861,,,2026-08-26 01:01:53
甘肃省,长江流域,两水桥,2026-08-26 00:00,1,22.79,8.4,7.55,417.05,118.1118,1.98,,,1.5771,,,2026-08-26 01:01:53
宁夏回族自治区,黄河流域,叶盛公路桥,2026-08-26 00:00,2,22.95,7.81,6.65,1395.1,1238.09,1.24,,0.029,3.828,,,2026-08-26 01:01:53
宁夏回族自治区,黄河流域,沙湖,2026-08-26 00:00,4,23.91,8.54,7.21,1321.4,30.78,6.18,0.014,0.031,0.866,0.00875,1.8212,2026-08-26 01:01:53
宁夏回族自治区,黄河流域,沟圈,2026-08-26 00:00,2,24.45,8.24,6.47,1448.077,2211.963,3.95,0.039,0.076,4.0211,,,2026-08-26 01:01:53
