省份,流域,断面名称,监测时间,水质类别,水温(℃),pH(无量纲),溶解氧(mg/L),电导率(μS/cm),浊度(NTU),高锰酸盐指数(mg/L),氨氮(mg/L),总磷(mg/L),总氮(mg/L),叶绿素α(mg/L),藻密度(cells/L),抓取时间
北京市,海河流域,鼓楼外大街,2026-10-03 00:00,2,20.83,7.5,6.66,405.22,6.738,1.63,0.026,0.027,2.347,,,2026-10-03 02:26:00
北京市,海河流域,广北滨河路,2026-10-03 00:00,2,20.92,7.82,8.11,341.75,9.29,2.08,,0.019,1.8,,,2026-10-03 02:26:00
北京市,海河流域,沙窝,2026-10-03 00:00,3,21.44,7.37,6.66,728.95,11.353,3.6,0.21,0.101,5.838,,,2026-10-03 02:26:00
北京市,海河流域,新八里桥,2026-10-03 00:00,3,21.04,7.5,5.84,600.628,2.43,2.5,0.062,0.104,3.68,,,2026-10-03 02:26:00
北京市,海河流域,大红门闸上,2026-10-03 00:00,2,19.92,7.68,7.76,942.2,8.188,2.12,,0.074,8.329,,,2026-10-03 02:26:00
北京市,海河流域,南大荒桥,2026-10-03 00:00,2,18.15,8.67,10.4,965.3,44.89,2.85,0.006,0.028,1.811,,,2026-10-03 02:26:00
北京市,海河流域,清河闸,2026-10-03 00:00,2,20.18,7.92,7.92,782.63,18.848,1.95,,0.082,6.808,,,2026-10-03 02:26:00
北京市,海河流域,花园路,2026-10-03 00:00,2,19.64,7.59,6.58,689.524,2.585,1.3,0.137,0.036,6.946,,,2026-10-03 02:26:00
北京市,海河流域,白石桥,2026-10-03 00:00,2,22.22,7.63,6.88,299.78,3.794,1.64,0.068,0.014,1.256,,,2026-10-03 02:26:00
北京市,海河流域,八间房漫水桥,2026-10-03 00:00,2,18.5,7.84,7.35,817.12,9.88,3.59,0.017,0.063,4.5421,,,2026-10-03 02:26:00
北京市,海河流域,码头,2026-10-03 00:00,2,19.54,7.97,9.18,1093.95,16.26,2.44,0.05,0.047,7.776,,,2026-10-03 02:26:00
北京市,海河流域,罗庄,2026-10-03 00:00,2,18.63,8.26,11.04,1161.226,5.333054,3.59,,0.056,5.5441,,,2026-10-03 02:26:00
北京市,海河流域,小屯桥,2026-10-03 00:00,2,19.64,8.38,9.77,1213.12,5.725095,3.63,0.005,0.067,5.8071,,,2026-10-03 02:26:00
北京市,海河流域,东店,2026-10-03 00:00,2,18.3963,8,9.56,727.9603,20.90759,3.02,0.023,0.055,11.50348,,,2026-10-03 02:26:00
北京市,海河流域,密云水库,2026-10-03 00:00,2,21.31438,8.26,8.4,423.4506,4.076914,2.25,0.016,0.007,3.186458,,,2026-10-03 02:26:00
北京市,海河流域,大关桥,2026-10-03 00:00,2,20.39,8.27,8.21,436.26,25.55,2.15,0.074,0.01,3.7021,,,2026-10-03 02:26:00
北京市,海河流域,辛庄桥,2026-10-03 00:00,1,15.03,8.1,9.19,599.63,27.49488,1.11,,0.016,7.4701,,,2026-10-03 02:26:00
北京市,海河流域,谷家营,2026-10-03 00:00,2,18.21,8.16,8.29,563.812,36.29,3.69,0.439,0.082,3.908,,,2026-10-03 02:26:00
北京市,海河流域,后城,2026-10-03 00:00,4,11.31,8.2,8.99,589.541,46.71171,6.19,0.031,0.029,10.9611,,,2026-10-03 02:26:00
天津市,海河流域,三岔口,2026-10-03 00:00,3,21.65,7.95,5.61,682.4872,32.53982,5.01,0.112,0.113,1.5618,,,2026-10-03 02:26:00
天津市,海河流域,北洋桥,2026-10-03 00:00,4,21.9434,7.59,4.93,1104.581,14.67237,4.41,0.701,0.147,1.882989,,,2026-10-03 02:26:00
天津市,海河流域,井冈山桥,2026-10-03 00:00,4,21.08,7.77,4.7,568.28,51.36096,5.15,0.253,0.144,2.0731,,,2026-10-03 02:26:00
天津市,海河流域,大红桥,2026-10-03 01:00,5,22.27,7.45,2.33,928.785,21.48441,4.16,0.492,0.101,2.4091,,,2026-10-03 02:26:00
天津市,海河流域,曹庄子泵站,2026-10-03 00:00,2,24.78,7.72,6.91,269.89,1.47,1.57,0.03,0.003,0.801,,,2026-10-03 02:26:00
天津市,海河流域,生产圈闸,2026-10-03 00:00,6,21.54774,7.25,1.59,857.3702,7.914077,5.98,0.462,0.139,2.396514,,,2026-10-03 02:26:00
天津市,海河流域,尔王庄泵站,2026-10-03 00:00,3,22.86,7.41,5.66,307.305,13.75112,1.97,0.006,0.01,0.7331,,,2026-10-03 02:26:00
天津市,海河流域,塘汉公路桥,2026-10-03 00:00,4,21.11,7.71,3.61,1346.882,29.96747,5.3,0.134,0.135,3.4101,,,2026-10-03 02:26:00
天津市,海河流域,海河大闸,2026-10-03 00:00,3,22.62,7.83,6.31,5534.511,22.7539,3.86,0.362,0.162,2.0316,,,2026-10-03 02:26:00
天津市,海河流域,北排水河防潮闸,2026-10-03 00:00,6,19.21,7.8,1.46,1859.3,41.0349,4.57,0.088,0.106,1.2017,,,2026-10-03 02:26:00
天津市,海河流域,沧浪渠出境,2026-10-03 00:00,4,19.66,7.97,3.92,8506.2,1234.569,7.75,0.629,0.236,2.1941,,,2026-10-03 02:26:00
天津市,海河流域,万家码头,2026-10-03 00:00,4,21.33,8.15,5.9,1978.78,47.32,7.82,0.026,0.142,1.213,,,2026-10-03 02:26:00
天津市,海河流域,蓟运河防潮闸,2026-10-03 00:00,3,19.06074,7.73,5.97,1016.982,23.50161,5.5,0.491,0.175,2.507113,,,2026-10-03 02:26:00
天津市,海河流域,青静黄防潮闸,2026-10-03 00:00,4,22.22951,8.38,8.42,5623.854,37.56367,9.49,0.056,0.155,0.735522,,,2026-10-03 02:26:00
天津市,海河流域,马棚口防潮闸,2026-10-03 00:00,4,21.47,8.08,7.82,3056.7,53.9194,7,0.614,0.068,2.395,,,2026-10-03 02:26:00
天津市,海河流域,阎辛庄,2026-10-03 00:00,4,17.69665,7.49,3.24,2694.556,12.23248,5.71,0.226,0.15,2.253339,,,2026-10-03 02:26:00
天津市,海河流域,于桥水库库中心,2026-10-03 01:00,4,20.82,8.5,8.08,394.29,12.15,6.23,0.099,0.051,1.917,0.0331,2.69344,2026-10-03 02:26:00
天津市,海河流域,于桥水库出口,2026-10-03 00:00,3,21.76,8.36,7.44,394.183,17.97395,5.2,0.162,0.057,2.1551,,,2026-10-03 02:26:00
天津市,海河流域,黎河桥,2026-10-03 00:00,3,18.605,7.56,11.51,734.6,14.69,1.77,,0.121,10.868,,,2026-10-03 02:26:00
天津市,海河流域,沙河桥,2026-10-03 00:00,2,20.45,7.6,7.49,645.15,9.781,1.35,0.168,0.044,9.768,,,2026-10-03 02:26:00
天津市,海河流域,果河桥,2026-10-03 00:00,2,21.66,8.14,10.07,663.4604,5.5269,2.19,0.051,0.082,,,,2026-10-03 02:26:00
天津市,海河流域,西屯桥,2026-10-03 00:00,3,19.58,7.81,5.46,526.83,21.1419,3.7,0.51,0.074,2.911,,,2026-10-03 02:26:00
河北省,海河流域,地都,2026-10-03 00:00,2,18.35,8.18,7,1215.243,49.392,1.46,0.336,0.088,7.407,,,2026-10-03 02:26:00
河北省,海河流域,平山桥,2026-10-03 00:00,1,19.25,8.26,9.49,1046.78,20.858,1.27,,0.008,5.302,,,2026-10-03 02:26:00
河北省,海河流域,兆通,2026-10-03 00:00,1,22.3,8.64,9.33,285.2,2.17,1.79,0.007,0.005,0.6511,,,2026-10-03 02:26:00
河北省,海河流域,大石桥,2026-10-03 00:00,3,22.65556,7.96,8.32,1446.921,13.1901,5.64,0.273,0.164,12.60576,,,2026-10-03 02:26:00
河北省,海河流域,涧河口,2026-10-03 00:00,4,20.0529,7.67,5.9,1164.155,113.3056,6.66,0.054,0.106,2.232368,,,2026-10-03 02:26:00
河北省,海河流域,丰北闸,2026-10-03 00:00,4,22.37024,8.2,10.8,1491.543,20.34062,6.9,0.014,0.151,0.716207,,,2026-10-03 02:26:00
河北省,海河流域,滦县大桥,2026-10-03 00:00,2,20.79,7.84,8.03,663.575,11.73512,2.41,,0.031,5.0371,,,2026-10-03 02:26:00
河北省,海河流域,新开河口,2026-10-03 00:00,3,28.56423,6.88,7.51,46317.63,6.058309,4.68,0.187,0.044,1.064036,,,2026-10-03 02:26:00
河北省,海河流域,刘家庄,2026-10-03 00:00,1,16,8.18,8.08,607.0782,18.71,0.85,0.024,0.016,5.46,,,2026-10-03 02:26:00
河北省,海河流域,岳城水库出口,2026-10-03 00:00,2,22.67,8.4,7.33,565.957,19.72469,1.75,0.027,0.002,2.6321,,,2026-10-03 02:26:00
河北省,海河流域,曲周,2026-10-03 00:00,2,21.96,8.29,10.89,992.552,19.307,2.5,0.004,0.076,3.223,,,2026-10-03 02:26:00
河北省,海河流域,沙阳,2026-10-03 00:00,2,20.07,8.11,7.56,1720.93,82.55,2.4,0.039,0.058,3.4539,,,2026-10-03 02:26:00
河北省,海河流域,艾辛庄,2026-10-03 00:00,6,19.4494,7.36,4.15,1603.472,7.085378,5.4,4.407,0.123,11.63392,,,2026-10-03 02:26:00
河北省,海河流域,后西吴桥,2026-10-03 00:00,3,20.8,8.4,6.95,995.68,62.17,3.04,0.1,0.144,11.1277,,,2026-10-03 02:26:00
河北省,海河流域,北河店,2026-10-03 00:00,1,20.96,7.95,8.07,538.3555,2.0136,1.56,0.006,0.015,4.096,,,2026-10-03 02:26:00
河北省,海河流域,白合,2026-10-03 00:00,3,16.49,8.15,9.08,538.45,247.48,3.15,,0.136,5.632,,,2026-10-03 02:26:00
河北省,海河流域,温泉屯,2026-10-03 00:00,3,15.12,8.14,7.93,1102.68,52.36297,4.3,0.011,0.082,6.5931,,,2026-10-03 02:26:00
河北省,海河流域,左卫桥,2026-10-03 00:00,6,11.21,8.44,10.25,839.536,1055.203,6.75,0.008,0.453,16.6081,,,2026-10-03 02:26:00
河北省,海河流域,四道甸,2026-10-03 00:00,1,13.12,8.29,9.58,461.995,4.588821,1.51,0.015,0.015,5.9711,,,2026-10-03 02:26:00
河北省,海河流域,上二道河子,2026-10-03 00:00,2,17.63,8.01,7.52,500.933,6.207098,2.39,0.008,0.002,7.1661,,,2026-10-03 02:26:00
河北省,辽河流域,甸子,2026-10-03 00:00,2,12.92,7.85,7.4,462.65,13.57,1.31,0.028,0.02,7.629,,,2026-10-03 02:26:00
河北省,海河流域,何老营,2026-10-03 00:00,1,19.3399,7.96,9.74,3476.445,11.48068,,0.016,,,,,2026-10-03 02:26:00
河北省,海河流域,大口河口,2026-10-03 00:00,3,21.96,7.72,7.72,13792.27,419.36,3.42,,0.147,5.962,,,2026-10-03 02:26:00
河北省,海河流域,四埝村桥,2026-10-03 00:00,4,21.61,8.39,3.35,3813.4,30.926,6.28,0.009,0.118,0.958,,,2026-10-03 02:26:00
河北省,海河流域,台头,2026-10-03 00:00,2,21.77888,7.83,6.16,1196.586,27.06579,3.63,0.136,0.06,1.2241,,,2026-10-03 02:26:00
河北省,海河流域,桑梓红旗闸,2026-10-03 00:00,3,18.82777,8.23,10.48,703.171,26.56093,4.41,0.004,0.111,11.8091,,,2026-10-03 02:26:00
河北省,海河流域,小范桥,2026-10-03 00:00,4,21.75,7.69,4.15,958.14,2.159,4.69,0.018,0.051,0.8471,,,2026-10-03 02:26:00
河北省,海河流域,衡水湖大湖心,2026-10-03 00:00,3,21.21,8.62,7.67,1312.509,22.878,5.76,0.005,0.036,0.825,0.055073,1.614283,2026-10-03 02:26:00
河北省,海河流域,南张村,2026-10-03 00:00,1,23.79,8.53,8.95,248.2,4.345,1.57,0.029,0.007,0.7308,,,2026-10-03 02:26:00
河北省,海河流域,安州,2026-10-03 00:00,4,21.18,7.45,3.46,1176.803,29.1263,3.62,0.081,0.044,3.179,,,2026-10-03 02:26:00
河北省,海河流域,膳马庙村北,2026-10-03 00:00,3,21.74,7.63,5.87,963.3011,46.77,4.74,0.895,0.095,7.555,,,2026-10-03 02:26:00
河北省,海河流域,南刘庄,2026-10-03 01:00,4,21.94,7.43,3.73,741.37,6.3,5.32,0.032,0.049,0.916,0.01189,2373619,2026-10-03 02:26:00
河北省,海河流域,烧车淀,2026-10-03 01:00,2,22.6,,13.42,550.86,0.83,2.34,,0.016,3.353,0.0041,2919414,2026-10-03 02:26:00
河北省,海河流域,圈头,2026-10-03 01:00,3,22.14,7.87,7.8,773.92,1.0238,4.72,,0.025,0.425,0.00203,914579.8,2026-10-03 02:26:00
河北省,海河流域,采蒲台,2026-10-03 00:00,2,22.55529,7.82,7.45,694.5861,0.375374,3.65,0.008,0.019,0.37578,0.002365,423577.5,2026-10-03 02:26:00
河北省,海河流域,光淀张庄,2026-10-03 01:00,5,21.83,7.48,2.86,776.94,6.45,2.08,,0.019,1.648,0.00066,200035.8,2026-10-03 02:26:00
山西省,黄河流域,韩武村,2026-10-03 00:00,3,19.34,8.14,9.05,1347.59,9.23,5.4,0.017,0.143,7.658,,,2026-10-03 02:26:00
山西省,黄河流域,上兰,2026-10-03 00:00,1,16.69,8.38,7.79,632.711,9.194236,1.68,0.004,,1.4021,,,2026-10-03 02:26:00
山西省,黄河流域,汾河水库出口,2026-10-03 00:00,2,18.98,8.25,6.29,583.258,5.432068,1.54,0.011,,1.4261,0.0104517,291240,2026-10-03 02:26:00
山西省,海河流域,堡子湾,2026-10-03 00:00,2,10.37,8.28,9,781.949,98.79401,2.84,0.001,0.065,6.0961,,,2026-10-03 02:26:00
山西省,海河流域,册田水库出口,2026-10-03 00:00,3,17.55,8.64,7.97,1087.726,12.71765,4.7,0.012,0.091,0.9191,,,2026-10-03 02:26:00
山西省,海河流域,古家坡,2026-10-03 00:00,4,15.06,8.17,5.63,1576.541,37.30019,7.51,0.65,0.221,3.2581,,,2026-10-03 02:26:00
山西省,海河流域,利仁皂,2026-10-03 00:00,3,14.41,8.16,7.57,1425.223,17.37523,3.44,0.008,0.124,3.7231,,,2026-10-03 02:26:00
山西省,海河流域,白羊墅,2026-10-03 00:00,3,16.96,7.98,8.08,1528.19,26.747,2.38,0.211,0.109,8.469,,,2026-10-03 02:26:00
山西省,海河流域,王家庄,2026-10-03 00:00,1,18.64,8.18,9,679.08,22.24,1.82,,0.018,3.508,,,2026-10-03 02:26:00
山西省,海河流域,司徒桥,2026-10-03 00:00,3,19.03,8.08,7.64,681.5765,23.3537,4.9,0.002,0.052,1.887,,,2026-10-03 02:26:00
山西省,海河流域,关河水库出口,2026-10-03 00:00,2,19.04,7.87,6.28,550.41,19.542,3.55,0.035,0.019,1.6546,,,2026-10-03 02:26:00
山西省,海河流域,北寨,2026-10-03 00:00,3,18.94,7.64,5.87,1035.48,30.24,4.55,0.189,0.097,5.7333,,,2026-10-03 02:26:00
山西省,海河流域,后湾水库出口,2026-10-03 00:00,3,19.78,7.84,5.79,488.29,4.494,2.84,0.114,0.018,0.572,,,2026-10-03 02:26:00
山西省,黄河流域,龙头,2026-10-03 00:00,1,15.72,8.19,7.95,624.15,42.15,1.79,,0.019,3.3312,,,2026-10-03 02:26:00
山西省,黄河流域,拴驴泉,2026-10-03 00:00,1,19.59,8.19,9.02,802.905,13.9211,1.29,,0.016,3.9068,,,2026-10-03 02:26:00
山西省,海河流域,东榆林水库出口,2026-10-03 00:00,2,17.69,8.36,8.47,708.275,17.95958,2.91,0.185,0.07,2.8011,,,2026-10-03 02:26:00
山西省,黄河流域,杀虎口,2026-10-03 00:00,2,12.49,8.24,8.36,618.931,27.42727,3.07,0.01,0.046,2.6551,,,2026-10-03 02:26:00
山西省,海河流域,王寨村,2026-10-03 00:00,2,16.71,8.29,8.96,632.57,62.206,0.97,,0.032,3.647,,,2026-10-03 02:26:00
山西省,黄河流域,安固桥,2026-10-03 00:00,4,15.48,7.84,5.18,3488.854,32.5457,6.34,0.184,0.144,35.6584,,,2026-10-03 02:26:00
山西省,黄河流域,王庄桥南,2026-10-03 00:00,5,18.43,8.34,7.57,1537.444,38.53,10.96,0.027,0.088,7.347,,,2026-10-03 02:26:00
山西省,黄河流域,郝村,2026-10-03 00:00,3,19.55,7.85,7.77,1177.604,42.1547,4.68,,0.106,3.7533,,,2026-10-03 02:26:00
山西省,黄河流域,龙门,2026-10-03 00:00,2,17.78,8.35,9.2,893.7849,2862.902,3.05,,0.046,3.342,,,2026-10-03 02:26:00
山西省,黄河流域,张留庄,2026-10-03 00:00,4,20.34,8.51,8.69,3632.511,165.464,6.29,0.107,0.171,9.873,,,2026-10-03 02:26:00
山西省,黄河流域,上亳城,2026-10-03 00:00,2,18.54,8.15,7.82,897.427,31.233,1.26,0.026,0.033,5.7154,,,2026-10-03 02:26:00
山西省,黄河流域,小韩村,2026-10-03 00:00,3,19.41,7.59,5.95,1386.61,30.465,4.15,0.055,0.13,6.785,,,2026-10-03 02:26:00
山西省,海河流域,梵王寺,2026-10-03 00:00,2,9.900001,8.18,9.21,1112.554,39.84354,2.21,,0.071,5.4841,,,2026-10-03 02:26:00
山西省,海河流域,代县桥,2026-10-03 00:00,2,14.21,8.29,9.25,730.116,62.81997,1.08,0.003,0.043,3.9171,,,2026-10-03 02:26:00
山西省,海河流域,定襄桥,2026-10-03 00:00,3,17.11,7.46,7.35,748.181,323.8633,4.31,0.011,0.181,4.9801,,,2026-10-03 02:26:00
山西省,海河流域,南庄,2026-10-03 00:00,2,15.51,8.34,9.94,558.551,102.9525,2.43,,0.061,5.1761,,,2026-10-03 02:26:00
山西省,海河流域,坪上桥,2026-10-03 00:00,1,12.64,8.19,9.55,438.833,18.35075,1.86,0.014,0.015,4.1351,,,2026-10-03 02:26:00
山西省,黄河流域,河西村,2026-10-03 00:00,1,13.45,8.15,8.25,562.7,15.31,0.84,0.01,0.015,3.113,,,2026-10-03 02:26:00
山西省,黄河流域,上平望,2026-10-03 00:00,3,19.69,7.79,7.02,1332.79,146.17,5.82,0.093,0.101,6.762,,,2026-10-03 02:26:00
山西省,黄河流域,黑城村,2026-10-03 00:00,2,16.92,8.3,8.11,843.3618,162.2657,2.04,0.222,0.065,4.211,,,2026-10-03 02:26:00
山西省,黄河流域,曲立,2026-10-03 01:00,2,11.81,8.01,7.77,631.169,39.85406,1.35,0.065,0.051,4.6631,,,2026-10-03 02:26:00
山西省,黄河流域,裴家川口,2026-10-03 00:00,2,14.38,8.37,8.98,503.12,52.2695,1.36,0.017,0.069,4.2381,,,2026-10-03 02:26:00
山西省,黄河流域,碛口,2026-10-03 00:00,2,16.39,8.43,7.69,1085.097,4.130165,3.1,0.06,0.013,7.0671,,,2026-10-03 02:26:00
山西省,黄河流域,裴沟,2026-10-03 00:00,3,15.6,8.61,8.7,895.46,35.05139,4.82,0.021,0.018,5.5531,,,2026-10-03 02:26:00
山西省,黄河流域,三川河两河口桥,2026-10-03 00:00,3,17.19,8.6,8.29,913.551,11.47022,3.16,0.085,0.159,8.3931,,,2026-10-03 02:26:00
山西省,黄河流域,碧村,2026-10-03 00:00,2,16.04,8.34,8.73,634.525,21.35847,2.55,0.086,0.023,4.9811,,,2026-10-03 02:26:00
山西省,黄河流域,北峪口,2026-10-03 00:00,2,17.93067,8.03,6.47,539.944,31.98542,1.92,0.018,0.03,3.5191,,,2026-10-03 02:26:00
山西省,黄河流域,南姚,2026-10-03 00:00,3,17.35,7.97,5.91,1143.48,51.55,3.54,0.193,0.124,4.656,,,2026-10-03 02:26:00
内蒙古自治区,黄河流域,大黑河入黄口,2026-10-03 00:00,3,14.73,8.28,8.3,1009.611,135.1342,3.71,0.273,0.113,6.81524,,,2026-10-03 02:26:00
内蒙古自治区,黄河流域,磴口,2026-10-03 00:00,2,13.87,8.6,9.51,805.3849,323.9722,2.58,0.238,0.065,1.2438,,,2026-10-03 02:26:00
内蒙古自治区,松花江流域,根河口内,2026-10-03 00:00,3,5.56,7.38,10.23,97.22,7.88,4.42,,0.019,0.158,,,2026-10-03 02:26:00
内蒙古自治区,松花江流域,李屯,2026-10-03 00:00,3,7.95,7.33,10.25,106.871,17.9783,4.47,,0.03,0.54,,,2026-10-03 02:26:00
内蒙古自治区,松花江流域,陶海,2026-10-03 00:00,3,8.6,7.65,11.29,185,14.9,4.05,,0.048,0.35,,,2026-10-03 02:26:00
内蒙古自治区,松花江流域,嵯岗,2026-10-03 01:00,4,11.24,7.92,9.6,220.936,45.129,6.71,0.01,0.074,0.475,,,2026-10-03 02:26:00
内蒙古自治区,松花江流域,成吉思汗,2026-10-03 00:00,1,11.71,7.24,10.08,156.77,7.99,1.36,,0.015,1.306,,,2026-10-03 02:26:00
内蒙古自治区,松花江流域,讷尔克气,2026-10-03 00:00,2,8.02,7.33,11.2,76.708,4.74,3.35,,0.012,0.402,,,2026-10-03 02:26:00
内蒙古自治区,黄河流域,三盛公,2026-10-03 00:00,1,17.41582,8.31,9.42,890.7371,362.5965,1.35,0.038,0.01,2.56532,,,2026-10-03 02:26:00
内蒙古自治区,黄河流域,卧佛下,2026-10-03 00:00,2,8.11,8.26,9.23,776.7372,4.37839,3.59,0.047,0.015,7.39853,,,2026-10-03 02:26:00
内蒙古自治区,松花江流域,大山矿,2026-10-03 00:00,2,6.77,7.79,11.25,171.14,3.23,2.01,,0.02,0.227,,,2026-10-03 02:26:00
内蒙古自治区,松花江流域,察尔森水库西入口,2026-10-03 00:00,3,15.22,7.82,8.6,168.6,37.67,3.02,,0.029,1.366,0.00525,1598390,2026-10-03 02:26:00
内蒙古自治区,西北诸河,哨马营,2026-10-03 00:00,1,13.66713,8.56,9.35,734.4883,27.50419,0.96,0.037,0.004,1.82046,,,2026-10-03 02:26:00
辽宁省,辽河流域,于台,2026-10-03 00:00,3,18.12,7.31,6.8,857.788,9.949,3.75,0.597,0.065,6.568,,,2026-10-03 02:26:00
辽宁省,辽河流域,砂山,2026-10-03 00:00,3,17.61,8.11,12.62,777.794,9.34,3.91,0.787,0.09,4.952,,,2026-10-03 02:26:00
辽宁省,辽河流域,巨流河大桥,2026-10-03 00:00,3,16.95,8.03,9.39,618.2,80.5,5.97,0.11,0.096,3.081,,,2026-10-03 02:26:00
辽宁省,辽河流域,兴国桥,2026-10-03 00:00,2,12.56,7.55,8.47,624.396,7.212,2.58,,0.014,0.921,,,2026-10-03 02:26:00
辽宁省,辽河流域,城子坦,2026-10-03 00:00,2,18.91236,8.59,10.42,249.7719,10.25298,1.42,0.001,0.027,1.60459,,,2026-10-03 02:26:00
辽宁省,辽河流域,麦家,2026-10-03 00:00,3,19.35,7.58,5.52,544.9,26.21,4.26,0.712,0.114,2.821,,,2026-10-03 02:26:00
辽宁省,辽河流域,复州湾大桥,2026-10-03 00:00,3,17.0369,7.78,7.28,536.093,8.34403,5.16,0.249,0.143,5.571,,,2026-10-03 02:26:00
辽宁省,辽河流域,三台子,2026-10-03 00:00,3,20.58306,7.67,5.9,871.2272,11.23882,2.97,0.403,0.057,2.92961,,,2026-10-03 02:26:00
辽宁省,辽河流域,万泰,2026-10-03 00:00,2,21.33,7.39,7.11,143.671,6.04951,2.31,0.014,0.016,2.53586,,,2026-10-03 02:26:00
辽宁省,辽河流域,登化,2026-10-03 00:00,6,18.1495,9.11,18.17,623.51,18.9462,7.42,0.013,0.122,4.034,,,2026-10-03 02:26:00
辽宁省,辽河流域,小姐庙,2026-10-03 00:00,4,18.05,7.66,5.4,760.7,2.3,9.48,0.097,0.061,5.488,,,2026-10-03 02:26:00
辽宁省,辽河流域,口子街,2026-10-03 00:00,1,17.43,8.76,10.33,305.1,2.79331,1.56,0.001,0.012,3.348,,,2026-10-03 02:26:00
辽宁省,辽河流域,牛庄,2026-10-03 00:00,3,17.9006,8.15,6.01,602.315,43.5841,5.05,0.225,0.081,4.072,,,2026-10-03 02:26:00
辽宁省,辽河流域,关门山大桥,2026-10-03 00:00,1,15.37,8.11,8.24,404.898,6.436,1.02,,0.008,4.399,,,2026-10-03 02:26:00
辽宁省,辽河流域,刘家台,2026-10-03 00:00,2,17.023,7.83,8.08,693.735,13.71,2.72,0.111,0.064,5.242,,,2026-10-03 02:26:00
辽宁省,辽河流域,戈布桥,2026-10-03 01:00,2,14.39,7.48,8.78,611.88,9.03,2.16,0.075,0.038,4.553,,,2026-10-03 02:26:00
辽宁省,辽河流域,台沟,2026-10-03 01:00,1,12.27,7.83,10.09,269.75,19.65,0.83,0.002,0.02,3.415,,,2026-10-03 02:26:00
辽宁省,辽河流域,凤鸣电站,2026-10-03 00:00,2,17.24,8.28,9.71,214.11,1.461,2.36,,0.028,3.04,,,2026-10-03 02:26:00
辽宁省,辽河流域,南太子河入库口,2026-10-03 00:00,1,14.87,7.65,9.27,178.1,1.75,0.51,0.005,0.005,4.539,,,2026-10-03 02:26:00
辽宁省,辽河流域,江桥,2026-10-03 00:00,3,20.3,7.21,5.32,157.9,4.94,1.11,0.016,0.015,2.579,,,2026-10-03 02:26:00
辽宁省,辽河流域,爱河大桥,2026-10-03 00:00,2,19.0382,7.19,7.54,231.637,4.66987,1.5,0.023,0.023,3.312,,,2026-10-03 02:26:00
辽宁省,辽河流域,蒲石河大桥,2026-10-03 00:00,1,19.41,7.92,8.4,232.91,2.408,1.7,0.002,0.015,2.55,,,2026-10-03 02:26:00
辽宁省,辽河流域,王家沟,2026-10-03 00:00,2,18.11,8.21,8.57,667.62,12.51,1.91,,0.021,5.026,,,2026-10-03 02:26:00
辽宁省,辽河流域,张家堡,2026-10-03 00:00,2,17.22,8.25,9.13,763.87,13.445,2.25,0.126,0.04,5.688,,,2026-10-03 02:26:00
辽宁省,辽河流域,女儿河入河口,2026-10-03 00:00,2,18.39,8.06,13.65,875.31,13.77,1.25,0.015,0.04,20.234,,,2026-10-03 02:26:00
辽宁省,辽河流域,何家信子,2026-10-03 00:00,2,18.02,8.31,9.41,435.2,6.2,2.57,,0.016,1.201,,,2026-10-03 02:26:00
辽宁省,辽河流域,西树林,2026-10-03 00:00,2,18.61,8.54,10.48,934.03,14.02,3.85,0.018,0.1,3.518,,,2026-10-03 02:26:00
辽宁省,辽河流域,高台子,2026-10-03 00:00,5,18.54,7.5,2.48,1274.96,15.614,4.16,1.705,0.107,8.545,,,2026-10-03 02:26:00
辽宁省,辽河流域,茧场,2026-10-03 00:00,2,16.32,8.74,11.31,324.1475,14.2783,2.02,0.001,0.008,6.53639,,,2026-10-03 02:26:00
辽宁省,辽河流域,大清河口,2026-10-03 00:00,4,19.09,7.81,4.92,502.76,25.817,5.57,1.088,0.098,5.329,,,2026-10-03 02:26:00
辽宁省,辽河流域,东羊角,2026-10-03 00:00,3,16.19,7.77,8.89,715.6,19.7,2.29,0.142,0.138,6.265,,,2026-10-03 02:26:00
辽宁省,辽河流域,下口子,2026-10-03 00:00,2,19.39,7.63,6.59,633.2,223.25,2.08,0.022,0.039,4.623,,,2026-10-03 02:26:00
辽宁省,辽河流域,河洪桥,2026-10-03 00:00,5,15.9134,7.47,7.08,679.137,16.3061,4.2,1.661,0.199,8.445,,,2026-10-03 02:26:00
辽宁省,辽河流域,二道河水库口,2026-10-03 00:00,1,14.2219,7.99,7.54,416.338,1.67809,0.84,0.002,0.006,3.193,,,2026-10-03 02:26:00
辽宁省,辽河流域,下王家,2026-10-03 00:00,2,17.1944,7.51,7.09,596.81,5.15067,1.76,,0.023,4.889,,,2026-10-03 02:26:00
辽宁省,辽河流域,汤河桥,2026-10-03 00:00,2,17.13,7.69,9.53,575.2,24.5746,1.78,0.019,0.027,5.082,,,2026-10-03 02:26:00
辽宁省,辽河流域,下达河入汤河水库口,2026-10-03 00:00,1,12.6022,7.96,8.38,417.969,3.597,1.86,0.008,0.011,3.762,,,2026-10-03 02:26:00
辽宁省,辽河流域,丁家柳河桥,2026-10-03 00:00,4,16.4,7.58,5.82,1342.13,74.892,9.2,0.503,0.196,2.21,,,2026-10-03 02:26:00
辽宁省,辽河流域,盘锦兴安,2026-10-03 01:00,4,18.12,8,7.11,609.27,58.47,6.77,0.003,0.119,2.277,,,2026-10-03 02:26:00
辽宁省,辽河流域,曙光大桥,2026-10-03 00:00,3,18.61,7.65,6.52,820.09,32.42,4.71,0.14,0.102,1.421,,,2026-10-03 02:26:00
辽宁省,辽河流域,胜利塘,2026-10-03 00:00,4,17.99,7.8,4.4,964,42.13,5.82,0.057,0.107,1.491,,,2026-10-03 02:26:00
辽宁省,辽河流域,鲜峰桥,2026-10-03 00:00,3,16.36,7.5,7.32,1122.07,18.743,5.79,0.265,0.112,3.857,,,2026-10-03 02:26:00
辽宁省,辽河流域,清辽,2026-10-03 00:00,3,16.75,7.23,8.8,528.53,13.15,2.55,0.163,0.11,6.78,,,2026-10-03 02:26:00
辽宁省,辽河流域,通江口,2026-10-03 00:00,2,15.18,8.26,10.84,721.03,33.35,3.03,,0.065,4.295,,,2026-10-03 02:26:00
辽宁省,辽河流域,珠尔山,2026-10-03 01:00,3,15.57,8.27,11.96,587.86,35.42,5.33,0.012,0.086,2.898,,,2026-10-03 02:26:00
辽宁省,辽河流域,柴河水库入库口,2026-10-03 00:00,2,14.44,7.89,9.76,407.32,49.31,2.06,,0.067,5.638,,,2026-10-03 02:26:00
辽宁省,辽河流域,凡河一号桥,2026-10-03 01:00,2,17.85,8.53,9.4,338.9,27.9,2.7,,0.044,3.569,,,2026-10-03 02:26:00
辽宁省,辽河流域,松树水文站,2026-10-03 00:00,3,13.47,8.05,9.48,386.74,59.74,3.9,,0.104,6.625,,,2026-10-03 02:26:00
辽宁省,辽河流域,亮子河入河口,2026-10-03 00:00,3,13.36,8.15,9.38,650.92,21.45,5.29,0.24,0.151,3.69,,,2026-10-03 02:26:00
辽宁省,辽河流域,清河水库入库口,2026-10-03 00:00,2,11.41,7.64,9.21,318.4,27.72,1.9,,0.087,7.26,,,2026-10-03 02:26:00
辽宁省,辽河流域,凌鸿大桥,2026-10-03 00:00,2,17.13,8.26,9.89,766.86,11.05,1.5,,0.024,10.89,,,2026-10-03 02:26:00
辽宁省,辽河流域,章吉营,2026-10-03 00:00,2,16.93,8.17,8.38,855,1.29,2.05,,0.031,10.257,,,2026-10-03 02:26:00
辽宁省,辽河流域,大凌河西支入河口,2026-10-03 00:00,2,14.86,8.02,7.45,764.72,60.372,3.08,0.207,0.066,15.792,,,2026-10-03 02:26:00
辽宁省,辽河流域,李家湾大桥,2026-10-03 00:00,2,13.3,7.94,9.25,486.5,44.4,1.06,,0.048,5.201,,,2026-10-03 02:26:00
辽宁省,辽河流域,红石碑入海前,2026-10-03 00:00,3,18.61,8.7,14.78,1040.313,25.468,4.29,,0.056,4.242,,,2026-10-03 02:26:00
辽宁省,辽河流域,小渔场,2026-10-03 00:00,2,20.46,7.56,6.28,25169.67,1.575,1.23,0.118,0.043,6.085,,,2026-10-03 02:26:00
吉林省,松花江流域,砖瓦窑桥,2026-10-03 00:00,3,12.73,7.82,8.32,750.85,19.46,3.49,0.02,0.102,7.238,,,2026-10-03 02:26:00
吉林省,松花江流域,镇江口,2026-10-03 00:00,3,14.24,8.02,10.19,236.5,32.19,4.26,0.069,0.08,3.708,,,2026-10-03 02:26:00
吉林省,松花江流域,靠山大桥,2026-10-03 00:00,4,12.49,8.06,10.01,740.57,66.5,5.49,0.065,0.246,6.012,,,2026-10-03 02:26:00
吉林省,松花江流域,饮马河大桥,2026-10-03 00:00,2,15.06,7.2,8.52,260.99,30.2,3.11,,0.059,2.529,,,2026-10-03 02:26:00
吉林省,松花江流域,刘珍屯,2026-10-03 00:00,3,14.35,7.7,10.58,486.26,27.64,4.55,0.021,0.094,2.906,,,2026-10-03 02:26:00
吉林省,松花江流域,周家河口,2026-10-03 01:00,3,11.63,7.51,10.43,547.84,185.2,5.83,0.062,0.119,3.478,,,2026-10-03 02:26:00
吉林省,松花江流域,白旗,2026-10-03 00:00,3,15.5748,7.07,9.01,262.024,29.1395,4.32,0.077,0.166,4.4577,,,2026-10-03 02:26:00
吉林省,松花江流域,白山大桥,2026-10-03 00:00,4,17.21,6.75,5.27,112.776,33.192,6.41,0.013,0.044,2.079,,,2026-10-03 02:26:00
吉林省,松花江流域,福兴,2026-10-03 00:00,3,13.67,7.43,6.51,285.745,76.93,5.26,0.275,0.125,2.023,,,2026-10-03 02:26:00
吉林省,松花江流域,桦树林,2026-10-03 00:00,3,15.12,7.45,7.4,213.036,30.152,5.81,0.027,0.06,2.656,0.00359,671744,2026-10-03 02:26:00
吉林省,松花江流域,官厅桥,2026-10-03 00:00,3,13.64,7.39,5.34,403.8,7.53,2.22,0.152,0.049,1.147,,,2026-10-03 02:26:00
吉林省,松花江流域,蛟河口,2026-10-03 00:00,2,11.043,7.28,9.56,297.201,37.184,3.04,0.158,0.072,4.423,,,2026-10-03 02:26:00
吉林省,松花江流域,哨口,2026-10-03 00:00,2,16.4605,7.29,8.73,292.097,9.4061,3.53,0.083,0.05,3.6221,,,2026-10-03 02:26:00
吉林省,松花江流域,肖家船口,2026-10-03 00:00,2,10.6757,6.96,7.87,206.717,14.7001,2.41,0.028,0.053,2.8677,,,2026-10-03 02:26:00
吉林省,松花江流域,烟筒山,2026-10-03 00:00,2,12.44,7.73,9.88,342.924,31.474,3.01,0.07,0.064,3.398,,,2026-10-03 02:26:00
吉林省,辽河流域,四双大桥,2026-10-03 00:00,2,12.88,8.02,10.22,657.25,14.99,2.72,0.007,0.032,1.747,,,2026-10-03 02:26:00
吉林省,辽河流域,城子上,2026-10-03 00:00,3,14.93,7.83,8.02,504.55,9.5,4.06,0.162,0.12,2.778,,,2026-10-03 02:26:00
吉林省,辽河流域,六家子,2026-10-03 00:00,2,13.08,7.96,11.07,800.6,6.1,3.11,,0.076,8.7978,,,2026-10-03 02:26:00
吉林省,辽河流域,林家,2026-10-03 00:00,3,13.6,8.3,10.35,778.7,12.3,4.7,0.019,0.123,7.286,,,2026-10-03 02:26:00
吉林省,辽河流域,河清,2026-10-03 00:00,2,14.91,7.73,7.73,942,10.92,3.76,,0.041,5.447,,,2026-10-03 02:26:00
吉林省,辽河流域,民主,2026-10-03 00:00,2,14.309,8.22,10.48,365,7.49,3.19,0.021,0.025,3.169,,,2026-10-03 02:26:00
吉林省,松花江流域,高集岗桥,2026-10-03 00:00,2,14.07,8.05,10.72,334.5,32.847,2.74,0.029,0.06,4.328,,,2026-10-03 02:26:00
吉林省,辽河流域,云峰,2026-10-03 00:00,3,19.519,7.17,5.33,134.211,2.3256,1.92,0.021,0.018,1.458,,,2026-10-03 02:26:00
吉林省,辽河流域,老虎哨,2026-10-03 00:00,2,19.331,7.32,7.79,119.335,4.2966,2.08,0.028,0.015,1.939,,,2026-10-03 02:26:00
吉林省,辽河流域,鸠谷,2026-10-03 00:00,2,10,7.49,10.32,128,2.2,2.72,0.137,0.077,1.573,,,2026-10-03 02:26:00
吉林省,辽河流域,葫芦套,2026-10-03 00:00,2,15.04,8.03,9.94,145.15,25.411,2.01,0.011,0.025,1.327,,,2026-10-03 02:26:00
吉林省,辽河流域,大阳岔,2026-10-03 00:00,1,9.51,8.04,8.04,276.103,4.525,0.54,,0.016,1.663,,,2026-10-03 02:26:00
吉林省,松花江流域,松林,2026-10-03 01:00,2,13.12,7.33,9.09,303.7,15.92,3.6,0.088,0.074,3.609,,,2026-10-03 02:26:00
吉林省,松花江流域,白沙滩,2026-10-03 01:00,2,14.26,7.99,10.04,,,3.72,0.086,0.081,1.383,,,2026-10-03 02:26:00
吉林省,松花江流域,月亮湖下,2026-10-03 00:00,4,12.06,8.6,8.64,473.43,129.2,7.5,,0.077,1.948,,,2026-10-03 02:26:00
吉林省,松花江流域,圈河,2026-10-03 00:00,2,13.303,7.96,10.03,196.413,50.275,2.92,0.097,0.051,2.112,,,2026-10-03 02:26:00
吉林省,松花江流域,大山,2026-10-03 00:00,3,12.77,7.77,10.2,145.674,9.875,4.39,0.206,0.075,2.009,,,2026-10-03 02:26:00
吉林省,松花江流域,崇善,2026-10-03 00:00,3,7.68,7.58,9.94,97.118,17.526,3.76,0.054,0.175,1.301,,,2026-10-03 02:26:00
吉林省,松花江流域,榆树川,2026-10-03 00:00,2,10.56,7.53,9.98,234.143,22.557,2.57,0.019,0.046,2.095,,,2026-10-03 02:26:00
吉林省,松花江流域,磨盘大桥,2026-10-03 00:00,4,15.05,7.66,6.4,321.572,43.511,5.14,0.879,0.264,4.241,,,2026-10-03 02:26:00
吉林省,松花江流域,西崴子,2026-10-03 00:00,3,10.08,8,10.12,195.804,45.7178,4.25,0.028,0.057,1.561,,,2026-10-03 02:26:00
吉林省,松花江流域,石井,2026-10-03 00:00,2,12.25,8.16,10.16,283.931,105.763,2.25,0.072,0.077,2.085,,,2026-10-03 02:26:00
吉林省,松花江流域,三家子,2026-10-03 00:00,2,15.02,7.57,9.35,138.573,9.723,2.6,0.038,0.033,1.183,,,2026-10-03 02:26:00
吉林省,松花江流域,建封路大桥,2026-10-03 00:00,2,8.29,7.58,10.43,203.243,12.85,1.25,0.029,0.067,0.761,,,2026-10-03 02:26:00
黑龙江省,松花江流域,摆渡镇,2026-10-03 00:00,3,13.887,8.02,9.55,229.292,43.495,5.74,0.051,0.122,1.81,,,2026-10-03 02:26:00
黑龙江省,松花江流域,苗家,2026-10-03 00:00,3,13.6,8.49,10.8,308.3,22.5,4.73,0.006,0.109,1.303,,,2026-10-03 02:26:00
黑龙江省,松花江流域,磨盘山水库出口,2026-10-03 00:00,3,17.896,6.48,5.66,70.247,10.503,5.84,0.004,0.032,2.349,0.0291,21504,2026-10-03 02:26:00
黑龙江省,松花江流域,朱顺屯,2026-10-03 00:00,4,15.124,7.89,7.9,228.203,63.77,6.76,0.058,0.115,1.456,,,2026-10-03 02:26:00
黑龙江省,松花江流域,阿什河口内,2026-10-03 00:00,3,13.973,7.51,7.18,528.78,17.1,2.99,0.225,0.132,3.273,,,2026-10-03 02:26:00
黑龙江省,松花江流域,大顶子山,2026-10-03 00:00,3,15.194,7.85,8.98,231.546,40.5618,5.41,0.069,0.098,3.028,,,2026-10-03 02:26:00
黑龙江省,松花江流域,拉哈,2026-10-03 00:00,3,11.93,7.68,10,136.901,31.09,5.6,,0.066,1.206,,,2026-10-03 02:26:00
黑龙江省,松花江流域,查哈阳乡,2026-10-03 00:00,2,11,7.65,11.23,101.7,15.9,2.82,,0.023,0.449,,,2026-10-03 02:26:00
黑龙江省,松花江流域,音河水库,2026-10-03 00:00,2,13.45,7.9,9.22,237.34,80.57,3.72,,0.067,3.91,,,2026-10-03 02:26:00
黑龙江省,松花江流域,浏园,2026-10-03 00:00,4,13.14,7.41,9.59,147.3,36.4,6.42,0.004,0.068,1.952,,,2026-10-03 02:26:00
黑龙江省,松花江流域,富源村,2026-10-03 00:00,4,14.29,7.74,8.96,114,11.88,6.88,0.021,0.042,0.28,,,2026-10-03 02:26:00
黑龙江省,松花江流域,858九队,2026-10-03 00:00,4,20.69,7.08,9.15,141.2,37.0844,6.01,0.499,0.138,1.3379,,,2026-10-03 02:26:00
黑龙江省,松花江流域,名山,2026-10-03 00:00,4,11.441,7.81,11.3,124.488,13.217,7.69,0.013,0.014,0.409,,,2026-10-03 02:26:00
黑龙江省,松花江流域,饶河上,2026-10-03 00:00,3,12.96,7.31,8.76,95.8,30.936,4.84,0.008,0.048,0.629,,,2026-10-03 02:26:00
黑龙江省,松花江流域,挠力河口内,2026-10-03 00:00,3,11.05,7.5,9.51,174.189,40.697,5.19,0.014,0.063,0.55,,,2026-10-03 02:26:00
黑龙江省,松花江流域,肇源,2026-10-03 01:00,4,14.07,7.83,10.4,287.44,39.9,7.02,0.118,0.118,1.486,,,2026-10-03 02:26:00
黑龙江省,松花江流域,嫩江口内,2026-10-03 00:00,4,13.48,7.88,9.69,219.241,100.098,6.56,0.01,0.1,1.584,,,2026-10-03 02:26:00
黑龙江省,松花江流域,友好,2026-10-03 00:00,5,9.37,7.4,10.88,106.154,10.881,11.39,0.011,0.048,1.177,,,2026-10-03 02:26:00
黑龙江省,松花江流域,嘉荫,2026-10-03 00:00,4,10.77,7.59,10.55,119.616,14.591,9.02,0.029,0.027,0.311,,,2026-10-03 02:26:00
黑龙江省,松花江流域,双河渠首,2026-10-03 00:00,3,11.51,7.38,10.26,137.8,10.3,4.07,,0.033,2.888,,,2026-10-03 02:26:00
黑龙江省,松花江流域,佳木斯下,2026-10-03 00:00,3,14.734,7.8,9.26,220.003,43.96,4.86,0.049,0.134,2.002,,,2026-10-03 02:26:00
黑龙江省,松花江流域,宏克利,2026-10-03 00:00,3,14.61,7.53,9.32,224.6,45.19,5.46,0.006,0.112,2.005,,,2026-10-03 02:26:00
黑龙江省,松花江流域,海浪,2026-10-03 00:00,2,11.78,7.3,10.97,148.6,43.17,3.94,0.081,0.074,2.982,,,2026-10-03 02:26:00
黑龙江省,松花江流域,三道,2026-10-03 00:00,5,19.28,7.19,7.56,120.2,77.68,4.76,0.047,0.112,3.075,0.053711,27904,2026-10-03 02:26:00
黑龙江省,松花江流域,电视塔,2026-10-03 00:00,5,18.15,6.77,5.14,97.2,99.348,7.44,0.073,0.133,2.832,0.00259,15360,2026-10-03 02:26:00
黑龙江省,松花江流域,海浪河口内,2026-10-03 00:00,2,10.69,6.93,9.76,134.7,39.41,3.52,0.026,0.011,2.248,,,2026-10-03 02:26:00
黑龙江省,松花江流域,黑河下,2026-10-03 00:00,4,9.43,7.78,10.28,161.9826,10.6164,6.2,0.018,0.032,0.4159,,,2026-10-03 02:26:00
黑龙江省,松花江流域,呼玛河口内,2026-10-03 00:00,3,9.39,7.48,10.8,73.981,0.96,5.36,0.027,0.025,0.223,,,2026-10-03 02:26:00
黑龙江省,松花江流域,加格达奇上,2026-10-03 00:00,2,8.21,7.1,10.52,66.536,13.5308,3.2,,0.009,0.159,,,2026-10-03 02:26:00
上海市,太湖流域,临江,2026-10-03 00:00,4,24.65,7.56,4.56,495.68,106.35,2.94,0.255,0.108,1.811,,,2026-10-03 02:26:00
上海市,太湖流域,闵行西界,2026-10-03 01:00,4,26.11,7.19,3.88,446.08,46.7,3.05,0.102,0.069,1.61,,,2026-10-03 02:26:00
上海市,太湖流域,吴淞口,2026-10-03 00:00,4,26.299,7.61,4.4,457.313,94.357,2.86,,0.128,2.059,,,2026-10-03 02:26:00
上海市,长江流域,富锦路桥,2026-10-03 01:00,4,24.9,7.54,3.01,459.3,76.7,3.13,0.066,0.154,2.598,,,2026-10-03 02:26:00
上海市,太湖流域,蕴川路桥,2026-10-03 01:00,3,23.55,7.58,5.85,386.54,144.2,2.2,,0.119,2.037,,,2026-10-03 02:26:00
上海市,太湖流域,三甲港,2026-10-03 00:00,3,25.1,7.9,7.56,609.2,443.2,2.42,0.178,0.107,1.787,,,2026-10-03 02:26:00
上海市,太湖流域,明星路桥,2026-10-03 00:00,4,23.88,7.18,3.37,411.5144,25.27656,3.8,0.128,0.131,1.53729,,,2026-10-03 02:26:00
上海市,太湖流域,急水港桥,2026-10-03 00:00,4,23.64,7.34,3.28,503.3,37.5,2.83,0.215,0.101,1.917,0.0047,1840185,2026-10-03 02:26:00
上海市,太湖流域,太浦河桥,2026-10-03 01:00,5,24.88,7.19,2.86,375.36,33.89,3.47,0.054,0.082,1.465,,,2026-10-03 02:26:00
江苏省,长江流域,陈浅,2026-10-03 00:00,5,21.91,7.13,2.29,295.5,29.11,5.38,0.09,0.165,1.724,,,2026-10-03 02:26:00
江苏省,长江流域,七桥瓮,2026-10-03 00:00,5,23.29,7.3,2.14,391.65,27.69,4.18,0.729,0.116,2.117,,,2026-10-03 02:26:00
江苏省,长江流域,节制闸,2026-10-03 00:00,5,22.61,7.2,2.74,380.67,11.44,4.52,0.923,0.123,2.351,,,2026-10-03 02:26:00
江苏省,长江流域,钱家渡,2026-10-03 00:00,3,23.97,7.53,5.18,275.8,29.01,2.86,0.084,0.061,0.903,,,2026-10-03 02:26:00
江苏省,太湖流域,锡东水厂,2026-10-03 01:00,3,22.53,8.66,8.75,369.8,15,3.17,0.041,0.044,0.267,0.0125,7528720,2026-10-03 02:26:00
江苏省,太湖流域,兰山嘴,2026-10-03 01:00,5,22.52,8.11,7.85,344.24,77.53,3.78,0.005,0.104,1.02,0.00584,8826671,2026-10-03 02:26:00
江苏省,太湖流域,蠡桥,2026-10-03 00:00,5,24.04,7.33,2.68,461.06,5.11,3.04,0.846,0.112,1.99,,,2026-10-03 02:26:00
江苏省,太湖流域,百渎港桥,2026-10-03 00:00,5,24.19,7.23,2.83,443.1,32.77,3.8,0.299,0.142,2.403,,,2026-10-03 02:26:00
江苏省,太湖流域,殷村港桥,2026-10-03 01:00,4,23.29,7.3,3.55,373.85,60.37,,0.188,0.1,2.034,,,2026-10-03 02:26:00
江苏省,太湖流域,大浦港桥,2026-10-03 00:00,4,23.46,7.25,3.62,405.9,36.7,3.74,0.254,0.101,1.907,,,2026-10-03 02:26:00
江苏省,太湖流域,五牧,2026-10-03 00:00,5,23.42,6.79,2.55,354.22,25.93,3.91,0.581,0.191,3.15,,,2026-10-03 02:26:00
江苏省,太湖流域,拖山,2026-10-03 01:00,4,23.02,8.42,8.06,364.26,32.88,3.44,0.021,0.093,1.217,0.00363,4937930,2026-10-03 02:26:00
江苏省,太湖流域,五里湖心,2026-10-03 01:00,4,23.41,7.71,6.73,405.65,19.265,2.45,,0.064,0.425,0.00059,2885383,2026-10-03 02:26:00
江苏省,太湖流域,金潼桥,2026-10-03 00:00,3,26.23,7.75,5.98,325.6,16.39,1.78,0.037,0.07,1.915,,,2026-10-03 02:26:00
江苏省,太湖流域,大港桥,2026-10-03 00:00,2,22.1,6.41,6.9,130.5,4.48,1.17,0.047,0.024,3.118,,,2026-10-03 02:26:00
江苏省,太湖流域,潘家坝,2026-10-03 01:00,4,23.66,7.25,3.78,411.01,27.19,4.15,0.214,0.11,2.092,,,2026-10-03 02:26:00
江苏省,太湖流域,长济桥,2026-10-03 00:00,2,25.15,7.72,6.32,327.3,18.39,1.84,0.021,0.072,1.808,,,2026-10-03 02:26:00
江苏省,太湖流域,钓邾大桥,2026-10-03 00:00,4,24.31,7.42,4.28,551.84,23.12,2.74,0.362,0.121,1.955,,,2026-10-03 02:26:00
江苏省,长江流域,小湾,2026-10-03 00:00,2,25.43,7.77,6.27,320.93,11.88,1.54,,0.057,1.65,,,2026-10-03 02:26:00
江苏省,淮河流域,李庄,2026-10-03 00:00,3,24.21,8.43,6.6,620.9,6.6,4.46,0.074,0.102,3.693,,,2026-10-03 02:26:00
江苏省,淮河流域,李集桥,2026-10-03 00:00,3,23.37,8.11,7.19,1342.14,4.01,4.69,0.019,0.047,0.82,,,2026-10-03 02:26:00
江苏省,淮河流域,华山闸,2026-10-03 00:00,3,23.07,8.48,7.78,1275.3,9.55,5.82,0.006,0.062,0.835,,,2026-10-03 02:26:00
江苏省,淮河流域,沙庄桥,2026-10-03 00:00,4,23.82,8.08,8.27,1280,15.9,6.6,0.034,0.133,1.176,,,2026-10-03 02:26:00
江苏省,淮河流域,张楼,2026-10-03 00:00,2,23.946,7.8,6.12,1234.392,13.694,3.76,0.097,0.088,0.882,,,2026-10-03 02:26:00
江苏省,淮河流域,沙集西闸,2026-10-03 00:00,4,23.46,7.59,4.52,823.77,25.56,4.21,0.063,0.106,1.014,,,2026-10-03 02:26:00
江苏省,淮河流域,艾山西大桥,2026-10-03 00:00,4,22.109,8.48,9.51,827.266,33.078,7.9,0.078,0.167,4.917,,,2026-10-03 02:26:00
江苏省,淮河流域,下楼公路桥,2026-10-03 00:00,4,21.91,7.29,6.39,1137.77,5.87,6.43,0.082,0.223,1.0728,,,2026-10-03 02:26:00
江苏省,长江流域,魏村,2026-10-03 00:00,2,25.16,7.66,6.25,322.4,9.04,1.73,,0.063,1.649,,,2026-10-03 02:26:00
江苏省,太湖流域,姚巷桥,2026-10-03 01:00,4,24.74,7.69,3.39,393.97,9.66,3.12,0.235,0.1,2.137,,,2026-10-03 02:26:00
江苏省,太湖流域,黄埝桥,2026-10-03 00:00,4,23.17,7.23,3.76,396.7,26.95,5.11,0.503,0.198,2.73,,,2026-10-03 02:26:00
江苏省,太湖流域,落蓬湾,2026-10-03 00:00,4,24.68,7.28,4.83,281.9,129.7,3.95,0.182,0.111,1.53,,,2026-10-03 02:26:00
江苏省,太湖流域,九号桥,2026-10-03 00:00,3,25.27,7.75,5.54,293.7,22.9,1.92,0.01,0.076,1.629,,,2026-10-03 02:26:00
江苏省,太湖流域,胥湖心,2026-10-03 01:00,2,22.5,8.08,7.24,362.51,8.28,2.35,0.007,0.005,0.141,0.0011,58385.67,2026-10-03 02:26:00
江苏省,太湖流域,乌龟山南,2026-10-03 01:00,4,22.63,8.08,8.07,364.768,32.742,3.2,0.047,0.053,0.577,0.00085,1.038793,2026-10-03 02:26:00
江苏省,太湖流域,望亭上游,2026-10-03 00:00,3,24.27,7.49,5.72,462.13,25.84,2.53,0.233,0.127,2.886,,,2026-10-03 02:26:00
江苏省,太湖流域,千灯浦口,2026-10-03 01:00,4,23.95,7.35,4.11,527.709,37.992,3.34,0.047,0.105,1.1402,,,2026-10-03 02:26:00
江苏省,太湖流域,朱厍港口,2026-10-03 00:00,4,23.2,7.38,4.69,518.9,25.9,3.08,0.101,0.095,1.307,,,2026-10-03 02:26:00
江苏省,太湖流域,浏河闸,2026-10-03 00:00,4,24.59,7.37,4.12,600.287,43.813,3.3,0.043,0.128,2.1214,,,2026-10-03 02:26:00
江苏省,太湖流域,江边闸,2026-10-03 00:00,4,24.57,7.41,3.38,549.6,32.47,2.77,0.049,0.107,1.919,,,2026-10-03 02:26:00
江苏省,太湖流域,瓜泾口西,2026-10-03 00:00,3,25.27,7.72,5.02,342.3,9.51,4.54,,0.047,0.827,,,2026-10-03 02:26:00
江苏省,太湖流域,航管站,2026-10-03 00:00,2,24.31,8.1,6.8,378.93,14.3,2.03,0.039,0.014,0.234,,,2026-10-03 02:26:00
江苏省,太湖流域,越溪桥,2026-10-03 00:00,5,23.83,7.4,2.56,388.7,35.3,4.6,0.721,0.137,1.731,,,2026-10-03 02:26:00
江苏省,太湖流域,312国道桥,2026-10-03 00:00,3,23.4,8.18,5.92,355.35,10.53,3,0.011,0.025,0.264,,,2026-10-03 02:26:00
江苏省,太湖流域,赵屯,2026-10-03 00:00,3,24.52,7.43,5.13,720.72,63.492,3.06,0.16,0.132,2.6102,,,2026-10-03 02:26:00
江苏省,淮河流域,东安闸桥西,2026-10-03 00:00,5,23.2,7.27,2.74,795.6,20.78,5.64,0.597,0.317,2.388,,,2026-10-03 02:26:00
江苏省,长江流域,九圩港桥,2026-10-03 00:00,4,24.26,7.58,4.68,321.8,45.43,2.2,0.019,0.102,1.425,,,2026-10-03 02:26:00
江苏省,长江流域,碾砣港闸,2026-10-03 00:00,4,24.11,7.53,4.19,381.3,43.91,2.74,0.062,0.189,1.89,,,2026-10-03 02:26:00
江苏省,长江流域,聚南大桥,2026-10-03 00:00,6,24.26,7.21,1.17,804.1,5.53,5.04,0.383,0.123,1.885,,,2026-10-03 02:26:00
江苏省,长江流域,大洋港桥,2026-10-03 00:00,4,23.59,7.41,3.4,584.1,27.84,3.58,0.368,0.255,2.511,,,2026-10-03 02:26:00
江苏省,长江流域,塘芦港闸,2026-10-03 00:00,6,23.986,7.34,1.65,1383.75,14.937,5.37,0.488,0.216,2.394,,,2026-10-03 02:26:00
江苏省,淮河流域,小洋口,2026-10-03 00:00,5,22.19,7.43,3.14,1225.8,14.86,5.6,0.538,0.357,1.894,,,2026-10-03 02:26:00
江苏省,淮河流域,环东闸口,2026-10-03 00:00,6,23.3,7.3,1.64,826.6,14.55,6.01,0.633,0.442,2.269,,,2026-10-03 02:26:00
江苏省,淮河流域,北凌新闸,2026-10-03 00:00,6,22.39,7.82,3.4,1606.8,18.5,5.8,0.338,0.423,3.121,,,2026-10-03 02:26:00
江苏省,淮河流域,四队桥,2026-10-03 01:00,4,23,7.58,3.77,881.15,38.37,4.01,0.022,0.138,2.258,,,2026-10-03 02:26:00
江苏省,淮河流域,淮河大桥,2026-10-03 00:00,2,23.21,7.66,6.35,581.15,41.36,2.52,0.084,0.092,2.476,,,2026-10-03 02:26:00
江苏省,淮河流域,五叉河口,2026-10-03 00:00,2,21.75,8.06,7.15,488.855,42.071,3.21,0.085,0.074,1.412,,,2026-10-03 02:26:00
江苏省,淮河流域,戴楼衡阳,2026-10-03 00:00,2,23.27,7.73,6.08,440.05,16.03,3.65,0.105,0.064,1.493,0.01593,,2026-10-03 02:26:00
江苏省,淮河流域,总渠苏嘴,2026-10-03 01:00,2,21.41,7.41,6.21,394.76,41.65,2.77,0.045,0.066,2.499,,,2026-10-03 02:26:00
江苏省,淮河流域,唐曹,2026-10-03 00:00,4,21.25,7.59,4.25,471.2,70.39,3.95,0.313,0.146,1.456,,,2026-10-03 02:26:00
江苏省,淮河流域,新洋港闸,2026-10-03 01:00,5,23.44,7.51,2.49,953.33,18.55,4.84,0.346,0.152,1.949,,,2026-10-03 02:26:00
江苏省,淮河流域,富民桥,2026-10-03 01:00,5,23.07,7.37,2.56,766.38,15.97,3.62,0.167,0.121,1.415,,,2026-10-03 02:26:00
江苏省,淮河流域,泰东大桥,2026-10-03 01:00,5,22.86,7.56,2.64,459.68,8.93,3.6,0.448,0.163,1.922,,,2026-10-03 02:26:00
江苏省,淮河流域,草堰大桥,2026-10-03 01:00,4,23.287,7.33,3.03,611.36,39.131,4.65,0.47,0.205,2.377,,,2026-10-03 02:26:00
江苏省,淮河流域,射阳河闸,2026-10-03 01:00,4,24.23,7.44,4.65,828.02,28.74,4.74,0.036,0.106,1.41,,,2026-10-03 02:26:00
江苏省,淮河流域,黄沙港闸,2026-10-03 01:00,5,23.83,7.45,2.49,863.63,24.89,5.1,0.224,0.154,1.534,,,2026-10-03 02:26:00
江苏省,淮河流域,川东闸,2026-10-03 01:00,5,23.47,7.2,3.32,884.49,25.26,5,0.747,0.397,2.581,,,2026-10-03 02:26:00
江苏省,淮河流域,头罾闸,2026-10-03 01:00,4,23.84,7.92,3.32,793.54,19.41,3.71,0.026,0.102,1.433,,,2026-10-03 02:26:00
江苏省,长江流域,三江营,2026-10-03 00:00,3,24.86,7.65,5.7,319.4,43.5,2.79,,0.108,1.954,,,2026-10-03 02:26:00
江苏省,淮河流域,槐泗河口,2026-10-03 00:00,2,23.78,7.81,6.74,417.3,44.03,3,0.018,0.08,1.695,,,2026-10-03 02:26:00
江苏省,淮河流域,大运河船闸,2026-10-03 00:00,2,24.25,7.7,6.55,286.9,60.4,1.93,0.016,0.091,2.033,,,2026-10-03 02:26:00
江苏省,淮河流域,三垛西大桥,2026-10-03 01:00,6,22.38,7.02,1.66,509.25,37.51,5.65,0.685,0.214,2.86,,,2026-10-03 02:26:00
江苏省,淮河流域,江都西闸,2026-10-03 01:00,3,23.61,7.4,5.27,345.17,45.61,2.38,,0.093,1.653,,,2026-10-03 02:26:00
江苏省,长江流域,冻青桥,2026-10-03 00:00,5,22.79,7.38,2.74,467.5,26.28,3.6,0.825,0.206,2.732,,,2026-10-03 02:26:00
江苏省,长江流域,小河口上游,2026-10-03 00:00,2,25.39,7.73,6.45,326.7,13.73,1.84,0.046,0.068,1.836,,,2026-10-03 02:26:00
江苏省,淮河流域,曹庄桥,2026-10-03 00:00,5,21.94,6.99,2.43,420,11.48,,,0.16,,,,2026-10-03 02:26:00
江苏省,太湖流域,辛丰镇,2026-10-03 00:00,3,25.27,7.59,5.39,337.4,32.01,2.73,0.128,0.108,2.047,,,2026-10-03 02:26:00
江苏省,太湖流域,林家闸,2026-10-03 00:00,2,25.32,7.72,6.29,323.1,12.08,2.05,,0.083,2.0387,,,2026-10-03 02:26:00
江苏省,长江流域,新河桥,2026-10-03 00:00,4,23.92,7.43,4.62,306,12.14,2.12,0.058,0.084,1.619,,,2026-10-03 02:26:00
江苏省,太湖流域,新港桥,2026-10-03 00:00,4,22.34,7.26,3.54,337.8,19.8,3.02,0.257,0.093,1.94,,,2026-10-03 02:26:00
江苏省,太湖流域,吕城,2026-10-03 00:00,4,23.23,7.21,3.55,370.54,19.95,4.92,0.163,0.245,2.797,,,2026-10-03 02:26:00
江苏省,淮河流域,海陵大桥,2026-10-03 00:00,2,24.29,7.83,6.92,296.7,15.42,1.47,0.003,0.065,1.383,,,2026-10-03 02:26:00
江苏省,长江流域,马甸闸西,2026-10-03 00:00,4,22.63,7.35,3.11,499.5,17.26,4.31,0.66,0.184,2.076,,,2026-10-03 02:26:00
江苏省,长江流域,祥和大桥,2026-10-03 01:00,6,22.78,7.21,0.98,443.8,8.03,2.68,2.085,0.261,2.633,,,2026-10-03 02:26:00
江苏省,长江流域,新十圩港大桥,2026-10-03 01:00,5,23.93,7.36,2.93,392.5,61.09,2.43,0.106,0.111,2.159,,,2026-10-03 02:26:00
江苏省,淮河流域,马陵翻水站,2026-10-03 00:00,2,23.29,7.74,6.1,509.04,54.52,3,0.072,0.066,1.223,,,2026-10-03 02:26:00
江苏省,淮河流域,临淮乡入湖口,2026-10-03 00:00,4,23.5,7.62,4.1,696.1,27.92,4.87,0.379,0.07,1.545,,,2026-10-03 02:26:00
江苏省,淮河流域,砖瓦厂,2026-10-03 00:00,3,22.98,8.36,7.28,822,23.8,5.46,0.084,0.13,0.964,,,2026-10-03 02:26:00
江苏省,淮河流域,顾勒大桥,2026-10-03 00:00,4,23.45,7.72,4.66,798.53,22.46,4.25,0.158,0.089,,,,2026-10-03 02:26:00
江苏省,淮河流域,团结闸,2026-10-03 00:00,4,22.98,8.59,6.25,1368.7,13.97,7.14,0.16,0.051,1.218,,,2026-10-03 02:26:00
浙江省,浙闽片河流,小金山,2026-10-03 00:00,2,27.86,8.76,6.62,133.583,3.393,1.58,0.01,0.01,0.7234,,,2026-10-03 02:26:00
浙江省,浙闽片河流,三潭岛,2026-10-03 00:00,2,27.21,8.39,7.02,122.161,2.162,1.25,0.007,0.008,0.6103,,,2026-10-03 02:26:00
浙江省,浙闽片河流,千岛湖大坝前,2026-10-03 00:00,2,28.74,8.05,6.57,130.922,1.719,1.35,0.024,0.006,0.709,,,2026-10-03 02:26:00
浙江省,浙闽片河流,洋溪渡,2026-10-03 00:00,3,18.87,6.97,5.35,166.846,4.857,1.04,0.006,0.011,0.903,,,2026-10-03 02:26:00
浙江省,浙闽片河流,桐庐,2026-10-03 00:00,2,25.04,7.26,6.38,216.4,11.8,1.36,0.011,0.047,1.353,,,2026-10-03 02:26:00
浙江省,浙闽片河流,溪口,2026-10-03 01:00,2,23.75,6.56,7.4,105.37,8.4,1.33,0.012,0.054,2.31,,,2026-10-03 02:26:00
浙江省,浙闽片河流,清林渡,2026-10-03 01:00,5,27.5,6.96,2.37,276.976,38.167,3.17,0.038,0.151,1.783,,,2026-10-03 02:26:00
浙江省,浙闽片河流,水车,2026-10-03 00:00,2,26.372,7.3,6.54,1129.06,8.031,1.65,0.155,0.041,1.335,,,2026-10-03 02:26:00
浙江省,浙闽片河流,长汀,2026-10-03 01:00,3,25.26,6.83,5.16,126.67,6.23,1.48,0.04,0.054,1.702,,,2026-10-03 02:26:00
浙江省,浙闽片河流,梁桥,2026-10-03 01:00,3,24.71,6.62,5.12,103.94,4.76,1.06,0.109,0.073,2.01,,,2026-10-03 02:26:00
浙江省,太湖流域,卫八路桥,2026-10-03 00:00,4,24.48,7.44,3.67,518.762,50.438,3.16,0.09,0.116,1.728,,,2026-10-03 02:26:00
浙江省,太湖流域,漕廊公路桥,2026-10-03 00:00,5,24.60482,7.27,2.78,451.2595,35.0916,3.56,0.159,0.142,1.91943,,,2026-10-03 02:26:00
浙江省,太湖流域,枫南大桥,2026-10-03 01:00,5,25.0252,7.33,2.68,405.17,42.3942,3.42,0.161,0.136,2.007,,,2026-10-03 02:26:00
浙江省,太湖流域,新港口,2026-10-03 00:00,2,24.68,7.58,6.35,284.82,36.27,3.43,0.098,0.066,1.903,0.03177,,2026-10-03 02:26:00
浙江省,太湖流域,大钱,2026-10-03 00:00,3,22.97,8.82,8.09,288.8596,49.55581,4.85,0.072,0.077,0.84881,,,2026-10-03 02:26:00
浙江省,太湖流域,城西大桥,2026-10-03 01:00,4,24.6,7.14,4.2,227.78,22.36,2.83,0.115,0.05,1.886,,,2026-10-03 02:26:00
浙江省,太湖流域,汤溇,2026-10-03 00:00,2,23.05,7.72,6.68,334.6508,72.6924,3.15,0.205,0.06,1.3,,,2026-10-03 02:26:00
浙江省,太湖流域,塘浦,2026-10-03 01:00,2,22.8,6.83,6.85,132.91,13.86,1.85,0.061,0.047,1.625,,,2026-10-03 02:26:00
浙江省,太湖流域,荆湾,2026-10-03 01:00,4,25.22,6.33,4.23,182.81,9.48,2.35,0.111,0.048,1.701,,,2026-10-03 02:26:00
浙江省,太湖流域,铁路桥,2026-10-03 01:00,4,25.42,6.42,3.02,212.21,7.95,3.04,0.243,0.051,2.205,,,2026-10-03 02:26:00
浙江省,太湖流域,杨家浦,2026-10-03 01:00,4,23.40243,7.44,3.82,346.8013,25.56366,3.65,0.144,0.103,2.39447,,,2026-10-03 02:26:00
浙江省,太湖流域,合溪,2026-10-03 01:00,5,23.18,7.08,2.9,267,40.52,2.99,0.419,0.06,2.443,,,2026-10-03 02:26:00
浙江省,浙闽片河流,屠家埠,2026-10-03 00:00,4,26.702,6.98,4.98,174.468,18.373,2.1,0.277,0.113,2.03,,,2026-10-03 02:26:00
浙江省,浙闽片河流,葛山头,2026-10-03 00:00,4,26.87,7.02,3.76,218.825,14.108,1.86,0.06,0.058,1.97,,,2026-10-03 02:26:00
浙江省,浙闽片河流,义东桥,2026-10-03 00:00,6,26.079,7.21,2.64,419.759,17.746,4.55,2.252,0.293,4.444,,,2026-10-03 02:26:00
浙江省,浙闽片河流,塔下洲,2026-10-03 00:00,4,25.14,7.44,3.86,495.214,18.855,5.24,0.658,0.17,3.2432,,,2026-10-03 02:26:00
浙江省,浙闽片河流,东关桥,2026-10-03 00:00,3,25.259,7.41,5.7,765.78,9.001,4.5,0.195,0.156,2.894,,,2026-10-03 02:26:00
浙江省,浙闽片河流,费垅,2026-10-03 00:00,3,25.81,7.28,5.17,628.345,10.644,3.98,0.496,0.167,3.2033,,,2026-10-03 02:26:00
浙江省,浙闽片河流,台口,2026-10-03 00:00,3,23.2,7.7,8.09,192.865,63.801,2.83,0.144,0.135,2.8323,,,2026-10-03 02:26:00
浙江省,浙闽片河流,南江桥,2026-10-03 01:00,3,25.91,7.59,6.48,316.787,12.859,3.85,0.177,0.146,1.827,,,2026-10-03 02:26:00
浙江省,浙闽片河流,横山,2026-10-03 01:00,4,26.48,7.31,4.89,260.302,5.003,2.17,0.12,0.062,1.2565,,,2026-10-03 02:26:00
浙江省,浙闽片河流,章店,2026-10-03 01:00,4,25.62,7.36,4.24,329.095,14.562,4.26,0.712,0.21,2.6054,,,2026-10-03 02:26:00
浙江省,浙闽片河流,下界首,2026-10-03 01:00,4,27.01,7.25,4.6,222.861,7.2,1.29,0.04,0.018,0.7,,,2026-10-03 02:26:00
浙江省,长江流域,苏庄,2026-10-03 00:00,3,26.24387,6.99,5.11,81.65965,1.37341,1.3,0.019,0.017,0.41817,,,2026-10-03 02:26:00
浙江省,浙闽片河流,长潭水库坝口,2026-10-03 00:00,2,27.527,8.04,9.02,43.708,2.191,1.9,0.004,0.013,0.255,,,2026-10-03 02:26:00
浙江省,浙闽片河流,老鼠屿,2026-10-03 00:00,3,27.07,7.74,5.98,30315.4,1907.19,1.86,0.025,0.058,1.698,,,2026-10-03 02:26:00
浙江省,浙闽片河流,金清新闸,2026-10-03 01:00,4,26.8,7.3,3.34,391.51,37.09,3.62,0.829,0.214,2.8567,,,2026-10-03 02:26:00
浙江省,浙闽片河流,里石门水库,2026-10-03 01:00,2,27.46,8.32,7.36,62.658,2.891,2.74,0.042,0.01,0.2638,0.00241,641412.4,2026-10-03 02:26:00
浙江省,浙闽片河流,温峤,2026-10-03 00:00,5,27.004,6.93,2.04,283.557,27.825,3.14,0.912,0.167,2.198,,,2026-10-03 02:26:00
浙江省,浙闽片河流,永宁江口,2026-10-03 00:00,5,27.12,7,2,185.446,25.105,2.38,0.9,0.132,1.8527,,,2026-10-03 02:26:00
浙江省,浙闽片河流,沙段,2026-10-03 00:00,3,27.83,7.17,5.72,157.246,5.114,2.21,0.074,0.046,1.1751,,,2026-10-03 02:26:00
浙江省,浙闽片河流,柏枝岙,2026-10-03 00:00,3,25.748,7.08,7.05,99.951,27.693,1.82,0.119,0.101,1.387,,,2026-10-03 02:26:00
浙江省,浙闽片河流,风化,2026-10-03 01:00,2,27.3,6.99,6.98,88.99,5.68,1.3,0.058,0.027,0.751,,,2026-10-03 02:26:00
浙江省,浙闽片河流,临江,2026-10-03 01:00,2,25.34,7.16,7.84,86.21,89.84,2.73,0.311,0.09,1.267,,,2026-10-03 02:26:00
浙江省,浙闽片河流,沙湾上,2026-10-03 01:00,2,23.13,7.38,8.39,37.017,12.913,2.16,0.181,0.025,0.5166,,,2026-10-03 02:26:00
浙江省,浙闽片河流,小溪口,2026-10-03 00:00,2,27.1,7.31,7.21,72.56,15.692,1.53,,0.019,0.85,,,2026-10-03 02:26:00
安徽省,巢湖流域,三胜大队渡口,2026-10-03 00:00,3,22.98,7.76,7.17,315.324,17.7651,5.18,0.079,0.095,0.7372,,,2026-10-03 02:26:00
安徽省,巢湖流域,兆河入湖口渡口,2026-10-03 00:00,3,23.45,7.05,5.11,319.19,11.8587,4.07,0.157,0.044,1.0851,,,2026-10-03 02:26:00
安徽省,巢湖流域,牛角大圩,2026-10-03 00:00,4,23.23,7.3,3.99,306.6,35.4881,4.24,1.036,0.131,2.938,,,2026-10-03 02:26:00
安徽省,巢湖流域,北闸渡口,2026-10-03 00:00,4,21.323,6.59,6.44,191.107,48.072,6.78,0.174,0.153,2.371,,,2026-10-03 02:26:00
安徽省,巢湖流域,希望桥,2026-10-03 00:00,6,22.9,7.09,1.96,436.5,16.8,3.19,1.645,0.181,5.719,,,2026-10-03 02:26:00
安徽省,巢湖流域,石堆渡口,2026-10-03 00:00,4,21.87,6.68,4.42,225.6351,18.8674,5.43,0.253,0.137,1.9501,,,2026-10-03 02:26:00
安徽省,巢湖流域,柘皋大桥,2026-10-03 00:00,4,22,7.2,3.89,336.3106,29.3733,7.26,0.168,0.111,1.2379,,,2026-10-03 02:26:00
安徽省,巢湖流域,湖滨,2026-10-03 01:00,4,22.02,8.1,7.76,282.51,24.08,3.55,0.054,0.091,1.232,0.00247,3681565,2026-10-03 02:26:00
安徽省,巢湖流域,黄麓,2026-10-03 01:00,4,23.78,8.17,7.5,287.87,22.407,4.64,0.078,0.072,0.566,0.00515,4839338,2026-10-03 02:26:00
安徽省,巢湖流域,三河镇大桥,2026-10-03 00:00,4,20.62,7.04,5.15,206,78.89,6.92,0.21,0.189,2.166,,,2026-10-03 02:26:00
安徽省,巢湖流域,三河镇新大桥,2026-10-03 00:00,3,21.87,6.89,5.82,161.5,17.07,5.1,0.179,0.151,2.605,,,2026-10-03 02:26:00
安徽省,巢湖流域,施口,2026-10-03 00:00,5,22.75,7.05,2.64,498.5685,35.9051,5.31,1.968,0.235,5.94,,,2026-10-03 02:26:00
安徽省,巢湖流域,靠近大坝,2026-10-03 00:00,3,23.33,7.13,5.68,115.15,8.12,2.76,0.052,0.02,0.526,0.0047,4049650,2026-10-03 02:26:00
安徽省,巢湖流域,新河入湖区,2026-10-03 01:00,5,22.4,7.08,5.9,195.28,57.25,6.08,0.133,0.172,1.633,0.00071,1.628572,2026-10-03 02:26:00
安徽省,巢湖流域,西半湖湖心,2026-10-03 01:00,5,21.95,7.43,5.89,441.64,23.4,3.76,,0.137,2.966,0.00641,694564.4,2026-10-03 02:26:00
安徽省,巢湖流域,龟山,2026-10-03 01:00,4,21.59,8.66,8.68,305.92,18.14,3.72,,0.063,0.352,0.0114,1.97422,2026-10-03 02:26:00
安徽省,巢湖流域,东半湖湖心,2026-10-03 01:00,4,22.132,8.16,8.02,270.957,16.661,5.11,0.057,0.071,0.554,0.00264,2.087264,2026-10-03 02:26:00
安徽省,巢湖流域,忠庙,2026-10-03 01:00,5,21.95,7.52,7.36,216.32,42.49,5.94,0.249,0.114,1.871,0.0099,392058.5,2026-10-03 02:26:00
安徽省,巢湖流域,兆河入湖区,2026-10-03 01:00,4,21.89,7.79,7.79,295.51,122.53,4.54,0.073,0.087,0.576,0.00327,5140716,2026-10-03 02:26:00
安徽省,巢湖流域,双桥河入湖口,2026-10-03 00:00,4,22.74,7.37,4.18,457.0402,28.1041,3.56,0.287,0.07,1.4125,,,2026-10-03 02:26:00
安徽省,巢湖流域,繁华大道桥,2026-10-03 00:00,4,22.13,7.09,4.35,482.0179,28.6486,7.05,0.388,0.193,3.543,,,2026-10-03 02:26:00
安徽省,长江流域,东西梁山,2026-10-03 00:00,2,25.39,7.91,6.78,323.3975,20.5409,1.49,0.056,0.06,2.1531,,,2026-10-03 02:26:00
安徽省,长江流域,宝塔根,2026-10-03 00:00,3,24.31,7.16,5.78,160.4167,40.292,2.22,0.165,0.042,1.3328,,,2026-10-03 02:26:00
安徽省,巢湖流域,裕溪口,2026-10-03 00:00,2,22.5,7.51,7.35,324.2865,87.5894,3.88,0.308,0.085,1.4021,,,2026-10-03 02:26:00
安徽省,长江流域,澛港桥,2026-10-03 00:00,3,22.85,7.28,5.03,247.9398,21.8117,3,0.042,0.058,2.247,,,2026-10-03 02:26:00
安徽省,长江流域,西河入裕溪河口,2026-10-03 00:00,4,23.22,7.04,4.01,350.2372,35.0873,4.39,0.358,0.069,1.2823,,,2026-10-03 02:26:00
安徽省,淮河流域,沫河口,2026-10-03 00:00,4,23.35,7.63,4.06,441.4928,44.55,5.07,0.105,0.209,1.832,,,2026-10-03 02:26:00
安徽省,淮河流域,关咀,2026-10-03 00:00,4,22.79276,7.62,4.96,945.7917,6.47285,4.98,0.043,0.106,0.75083,,,2026-10-03 02:26:00
安徽省,淮河流域,五河,2026-10-03 00:00,4,21.33,7.84,3.43,957.0878,26.83749,4.35,0.134,0.086,2.22903,,,2026-10-03 02:26:00
安徽省,淮河流域,蚌埠固镇,2026-10-03 00:00,4,23.35,7.71,4.36,1224.164,21.4,4.13,0.152,0.15,2.7142,,,2026-10-03 02:26:00
安徽省,淮河流域,湖沟,2026-10-03 00:00,6,22.9361,7.81,1.54,1394.145,23.62566,3.54,0.09,0.085,3.25205,,,2026-10-03 02:26:00
安徽省,淮河流域,石头埠,2026-10-03 00:00,3,22.49,7.47,5.23,383.9564,57.76652,4.14,0.118,0.124,3.00722,,,2026-10-03 02:26:00
安徽省,淮河流域,鲁台孜,2026-10-03 00:00,3,21.88,7.32,5.36,445.7825,50.82028,3.94,0.092,0.108,2.50761,,,2026-10-03 02:26:00
安徽省,淮河流域,西淝河闸下,2026-10-03 00:00,4,22.25934,7.44,3.64,804.3851,15.70535,,,,,,,2026-10-03 02:26:00
安徽省,淮河流域,新城口,2026-10-03 00:00,4,22.59463,7.54,4.21,410.6973,32.06631,3.39,0.002,0.108,3.58193,,,2026-10-03 02:26:00
安徽省,淮河流域,焦岗湖,2026-10-03 01:00,3,21.14,7.75,5.33,664.1,34.82,3.68,0.075,0.037,0.896,0.00369,2917121,2026-10-03 02:26:00
安徽省,淮河流域,大店岗,2026-10-03 00:00,3,21.97,6.9,6.08,180.7661,27.86167,4.33,0.078,0.101,2.80582,,,2026-10-03 02:26:00
安徽省,淮河流域,五里闸,2026-10-03 00:00,3,21.13,7.13,5.74,246.021,61.43815,4.08,0.065,0.067,1.23324,,,2026-10-03 02:26:00
安徽省,淮河流域,白洋淀渡口,2026-10-03 00:00,3,17.90441,6.83,5.33,248.5316,21.06787,5.78,0.078,0.142,2.81862,,,2026-10-03 02:26:00
安徽省,长江流域,三兴村,2026-10-03 00:00,2,25.05,7.69,6.68,350.1373,15.39344,2.24,0.03,0.055,1.897,,,2026-10-03 02:26:00
安徽省,长江流域,得胜河入江口,2026-10-03 00:00,3,23.2484,7.55,6.64,361.4,16.7407,3.45,0.118,0.123,2.2134,,,2026-10-03 02:26:00
安徽省,长江流域,姑溪河大桥,2026-10-03 00:00,3,22.837,6.87,7.91,508.9,42.7641,4.45,0.095,0.075,1.97,,,2026-10-03 02:26:00
安徽省,长江流域,当涂查湾,2026-10-03 00:00,3,24.281,7.3,5.51,201.0935,28.8383,2.72,0.02,0.027,1.731,,,2026-10-03 02:26:00
安徽省,长江流域,乌江,2026-10-03 00:00,2,23.5402,7.63,6.88,350.5803,30.95111,2.72,0.085,0.057,1.714988,,,2026-10-03 02:26:00
安徽省,长江流域,雨山河下游,2026-10-03 00:00,4,24.1737,7.44,4.6,643.1105,18.7352,2.86,0.708,0.178,6.398,,,2026-10-03 02:26:00
安徽省,淮河流域,小王桥,2026-10-03 00:00,5,23.67,7.54,2.12,1441.73,5.59,4.34,0.221,0.072,1.869,,,2026-10-03 02:26:00
安徽省,淮河流域,后常桥,2026-10-03 00:00,3,23.57343,8.45,7.3,1151.045,4.23361,5.72,0.039,0.101,0.99221,,,2026-10-03 02:26:00
安徽省,淮河流域,李大桥闸,2026-10-03 00:00,6,22.07,7.82,1.28,1435.16,12.566,9.57,0.164,0.072,0.8958,,,2026-10-03 02:26:00
安徽省,长江流域,顺安河入江口,2026-10-03 00:00,2,23.48279,7.55,9.4,413.5496,38.9604,1.86,0.026,0.05,1.9887,,,2026-10-03 02:26:00
安徽省,长江流域,陈家墩,2026-10-03 00:00,2,24.67,7.87,8.06,325.0025,25.69546,,0.045,0.056,2.35318,,,2026-10-03 02:26:00
安徽省,长江流域,枞阳大闸,2026-10-03 00:00,2,24.14,7.75,7.05,303.4564,32.22947,3.22,0.147,0.052,0.98277,,,2026-10-03 02:26:00
安徽省,长江流域,武昌湖,2026-10-03 00:00,3,22.33,7.39,6.99,182.2562,31.64812,2.96,0.014,0.031,0.71331,0.00729,6215443,2026-10-03 02:26:00
安徽省,长江流域,前江口,2026-10-03 00:00,2,24.57938,7.84,7.55,336.3988,25.76105,1.56,0.047,0.047,2.6904,,,2026-10-03 02:26:00
安徽省,长江流域,花亭湖坝前,2026-10-03 00:00,4,26.24,6.99,4.17,82.70143,7.58244,1.94,0.046,0.012,0.50212,0.00353,394903.2,2026-10-03 02:26:00
安徽省,长江流域,华阳河入江口,2026-10-03 00:00,4,23.92,7.59,4.11,395.3674,22.65243,2.86,0.085,0.045,0.82907,,,2026-10-03 02:26:00
安徽省,长江流域,水厂取水口,2026-10-03 00:00,2,22.16912,7.75,7.75,129.5461,2.80524,1.89,0.005,0.027,0.94547,,,2026-10-03 02:26:00
安徽省,长江流域,车轴寺大桥,2026-10-03 00:00,2,23.07,7.54,8.69,118.6138,4.57165,1.85,0.006,0.035,1.05952,,,2026-10-03 02:26:00
安徽省,浙闽片河流,篁墩,2026-10-03 00:00,4,26.34836,7.13,3.32,159.3424,6.26434,2.15,0.063,0.064,1.1865,,,2026-10-03 02:26:00
安徽省,浙闽片河流,率水大桥,2026-10-03 00:00,2,24.61024,6.58,6.93,80.3745,6.31328,,0.023,,0.8345,,,2026-10-03 02:26:00
安徽省,浙闽片河流,横江大桥,2026-10-03 00:00,3,26.05998,7.63,6.01,257.4616,19.7344,4.52,0.139,0.059,0.80919,,,2026-10-03 02:26:00
安徽省,浙闽片河流,浦口,2026-10-03 00:00,3,24.53,7.57,5.39,399.5445,24.28384,2.74,0.206,0.098,1.70278,,,2026-10-03 02:26:00
安徽省,长江流域,太平湖湖心,2026-10-03 01:00,2,26.02,7.61,6.4,102.69,2.94,1.93,0.077,0.011,0.396,0.00191,1178910,2026-10-03 02:26:00
安徽省,浙闽片河流,新管,2026-10-03 00:00,2,27.90037,7.73,6.17,331.5958,3.30385,2.33,0.007,0.07,1.36037,,,2026-10-03 02:26:00
安徽省,淮河流域,天长化工厂,2026-10-03 00:00,4,22.14,7.23,4.39,342.8639,77.42,4.38,0.163,0.175,1.788,,,2026-10-03 02:26:00
安徽省,淮河流域,公路桥,2026-10-03 00:00,4,21.97,7.08,6.94,406.7847,41.4949,6.54,0.409,0.16,1.282,,,2026-10-03 02:26:00
安徽省,淮河流域,小柳巷,2026-10-03 00:00,3,23.17,7.33,5.47,597.75,102.029,4.11,0.184,0.152,3.01,,,2026-10-03 02:26:00
安徽省,长江流域,水口,2026-10-03 00:00,3,20.65,7.15,5.48,604.8023,18.6913,5.77,0.14,0.17,2.5144,,,2026-10-03 02:26:00
安徽省,长江流域,乌衣下,2026-10-03 00:00,3,22.98,7.17,5.32,410.29,27.66,4.78,0.302,0.127,1.245,,,2026-10-03 02:26:00
安徽省,长江流域,襄河大桥,2026-10-03 00:00,3,21.89,7.1,5.71,360.7069,52.8095,4.92,0.394,0.197,1.009,,,2026-10-03 02:26:00
安徽省,长江流域,清流河口,2026-10-03 00:00,3,22.2241,7.08,5.41,399.4371,24.50237,5.15,0.329,0.171,1.36653,,,2026-10-03 02:26:00
安徽省,淮河流域,阜阳段下,2026-10-03 00:00,4,22.99733,7.58,3.53,891.2361,18.83254,3.54,0.098,0.101,4.27403,,,2026-10-03 02:26:00
安徽省,淮河流域,杨湖,2026-10-03 00:00,3,23.09352,7.67,6.42,897.5064,21.01875,2.46,0.078,0.13,4.65336,,,2026-10-03 02:26:00
安徽省,淮河流域,张大桥,2026-10-03 00:00,2,22.755,8.03,9.89,1419.02,18.94,3.24,0.162,0.063,9.3494,,,2026-10-03 02:26:00
安徽省,淮河流域,王家坝,2026-10-03 00:00,3,21.882,7.49,6.22,299,23.785,4.62,0.286,0.144,2.512,,,2026-10-03 02:26:00
安徽省,淮河流域,界首七渡口,2026-10-03 00:00,3,21.42,7.59,8.2,823.5,19.95,3.53,0.308,0.124,5.481,,,2026-10-03 02:26:00
安徽省,淮河流域,阜南,2026-10-03 00:00,4,21.82,7.12,3.26,606.2828,3.33827,4.58,0.041,0.092,0.77898,,,2026-10-03 02:26:00
安徽省,淮河流域,阜阳段上游,2026-10-03 00:00,3,23.02445,7.69,5.26,889.8349,11.50237,2.79,0.026,0.104,5.42951,,,2026-10-03 02:26:00
安徽省,淮河流域,奎河苏皖省界,2026-10-03 00:00,3,23.34,7.38,6.94,1159.5,28.2,4.92,0.885,0.177,5.811,,,2026-10-03 02:26:00
安徽省,淮河流域,东坪集,2026-10-03 00:00,4,22.95,7.76,4.58,1423.933,26.53319,3.85,0.076,0.09,2.49354,,,2026-10-03 02:26:00
安徽省,淮河流域,符离闸,2026-10-03 00:00,4,22.97662,7.94,5.28,933.8242,34.53335,7.53,0.027,0.105,0.94882,,,2026-10-03 02:26:00
安徽省,淮河流域,芦岭桥,2026-10-03 00:00,6,22.91,7.71,1.8,1169.958,6.86,4.95,0.381,0.09,1.1839,,,2026-10-03 02:26:00
安徽省,淮河流域,工农兵大桥,2026-10-03 00:00,6,20.03516,6.77,0.35,303.7218,7.75301,7.68,0.517,0.178,1.088,,,2026-10-03 02:26:00
安徽省,淮河流域,陶洪集,2026-10-03 00:00,2,20.47321,7.17,6.85,114.9905,30.00642,2.85,0.09,0.079,2.39059,,,2026-10-03 02:26:00
安徽省,淮河流域,东湖闸,2026-10-03 00:00,3,20.93,7.45,8.06,200.1036,250.3818,2.62,0.06,0.111,1.26413,,,2026-10-03 02:26:00
安徽省,淮河流域,新安渡口,2026-10-03 00:00,2,22.91,7.28,8.32,146.5041,12.51337,3.41,0.067,0.052,1.76445,,,2026-10-03 02:26:00
安徽省,淮河流域,响洪甸水库出水口,2026-10-03 00:00,4,19.53,6.84,4.72,79.00543,1.98655,1.8,0.023,0.009,1.19198,,,2026-10-03 02:26:00
安徽省,淮河流域,丁埠大桥,2026-10-03 00:00,2,19.2252,7.27,9.65,100.2829,12.29331,2.64,0.007,0.051,1.839,,,2026-10-03 02:26:00
安徽省,巢湖流域,将军宕大桥,2026-10-03 00:00,3,20.91,6.76,6.45,143.14,25.982,4.38,0.067,0.118,2.604,,,2026-10-03 02:26:00
安徽省,淮河流域,固始李畈,2026-10-03 00:00,2,19.74,6.95,7.12,119.6979,14.69743,2.7,0.044,0.088,2.92642,,,2026-10-03 02:26:00
安徽省,淮河流域,龙亢,2026-10-03 00:00,4,23.22,7.64,4.24,1131.06,29.48,4.3,,0.083,5.3829,,,2026-10-03 02:26:00
安徽省,淮河流域,涡阳义门大桥,2026-10-03 00:00,4,23.43,7.58,3.85,1192.504,22.1353,5.16,0.113,0.126,3.6372,,,2026-10-03 02:26:00
安徽省,淮河流域,利辛段,2026-10-03 00:00,5,22.92,7.62,2.27,958.45,5.98,4.08,0.117,0.144,2.572,,,2026-10-03 02:26:00
安徽省,长江流域,五步沟,2026-10-03 00:00,2,25.21965,7.86,7.61,329.4377,21.42165,1.44,0.028,0.051,2.33766,,,2026-10-03 02:26:00
安徽省,长江流域,张溪,2026-10-03 00:00,2,22.66,7.92,7.45,282.5858,9.31049,1.09,0.011,0.009,0.54695,,,2026-10-03 02:26:00
安徽省,长江流域,青通河河口,2026-10-03 00:00,4,24.25012,7.44,3.85,254.0389,60.11221,2.57,0.064,0.065,2.50101,,,2026-10-03 02:26:00
安徽省,长江流域,秋浦河入江口,2026-10-03 00:00,3,23.94889,7.66,5.89,257.8233,22.39336,1.63,0.045,0.045,1.28364,,,2026-10-03 02:26:00
安徽省,长江流域,东流,2026-10-03 00:00,1,23.06,7.31,7.67,288.1607,3.87149,,,,,,,2026-10-03 02:26:00
安徽省,长江流域,南漪湖西湖湖心,2026-10-03 01:00,4,22.3,7.72,8.31,176.99,226.5,,,0.084,,0.00231,1220558,2026-10-03 02:26:00
安徽省,太湖流域,殷桥,2026-10-03 00:00,4,23.30332,7.13,3.92,305.3537,16.0055,6.93,0.173,0.106,2.54421,,,2026-10-03 02:26:00
安徽省,长江流域,泾南交界,2026-10-03 00:00,2,22.74,7.51,6.67,139.9174,8.8392,1.81,,0.035,0.8789,,,2026-10-03 02:26:00
安徽省,长江流域,汪溪,2026-10-03 00:00,2,23.09,7.53,6.53,234.6074,10.8211,1.15,0.106,0.071,1.6351,,,2026-10-03 02:26:00
安徽省,长江流域,狮子口,2026-10-03 00:00,3,23.24,7.63,6.77,352.826,18.176,5.62,0.27,0.138,2.2987,,,2026-10-03 02:26:00
安徽省,长江流域,东村桥,2026-10-03 00:00,2,22.37046,7.76,7.37,410.8437,10.13031,3.04,0.025,0.099,1.56462,,,2026-10-03 02:26:00
安徽省,长江流域,旌泾交界,2026-10-03 00:00,3,22.22716,7.38,7.8,174.4926,12.82604,2.69,0.001,0.116,1.43818,,,2026-10-03 02:26:00
安徽省,长江流域,水碧桥,2026-10-03 00:00,3,22.96,7.24,5.93,188.442,8.35821,1.26,0.002,0.04,1.51958,,,2026-10-03 02:26:00
福建省,浙闽片河流,闽侯竹岐,2026-10-03 00:00,2,28.24,6.93,6.87,99.1,3.45,1.59,0.008,0.028,1.022,,,2026-10-03 02:26:00
福建省,浙闽片河流,闽安,2026-10-03 01:00,5,29.48,7.04,5.72,985.32,195.51,6.88,0.344,0.326,3.771,,,2026-10-03 02:26:00
福建省,浙闽片河流,连江荷山渡口,2026-10-03 01:00,2,28.015,7.24,7.44,75.32,13.986,1.36,0.037,0.058,0.785,,,2026-10-03 02:26:00
福建省,浙闽片河流,永泰横龙,2026-10-03 00:00,2,29.038,8.13,7.77,48.172,3.016,0.9,0.002,0.032,0.122,,,2026-10-03 02:26:00
福建省,浙闽片河流,闽清雄江,2026-10-03 00:00,3,30.27,7.47,5.97,113.368,1.78,1.92,0.086,0.03,0.905,,,2026-10-03 02:26:00
福建省,浙闽片河流,梅溪口,2026-10-03 01:00,3,25.33,7.22,7.73,84.69,154.92,2.74,0.085,0.115,1.134,,,2026-10-03 02:26:00
福建省,浙闽片河流,隘头潭,2026-10-03 00:00,3,28.12,6.33,5.32,157.82,9.089,0.72,0.045,0.061,1.1399,,,2026-10-03 02:26:00
福建省,浙闽片河流,江口桥,2026-10-03 01:00,2,29.19,7.36,6.73,76.49,2.8,1.58,0.012,0.052,1.107,,,2026-10-03 02:26:00
福建省,浙闽片河流,大田高才,2026-10-03 01:00,2,29.953,8.91,8.31,92.004,2.574,2.28,0.048,0.02,0.429,,,2026-10-03 02:26:00
福建省,浙闽片河流,尤溪拥口大桥,2026-10-03 00:00,2,24.59,7.11,6.45,107.049,153.146,2.56,0.234,0.081,1.6113,,,2026-10-03 02:26:00
福建省,浙闽片河流,南安康美桥,2026-10-03 00:00,3,28.2,7.2,7.29,97.738,63.836,1.89,0.065,0.157,1.8872,,,2026-10-03 02:26:00
福建省,浙闽片河流,永春东关桥,2026-10-03 00:00,2,28.3,7.01,7.07,139.4403,9.189146,1.98,0.096,0.071,3.094,,,2026-10-03 02:26:00
福建省,浙闽片河流,安溪罗内桥,2026-10-03 00:00,2,28.676,7.24,6.9,94.21,11.389,1.05,0.21,0.052,2.048,,,2026-10-03 02:26:00
福建省,浙闽片河流,南安霞东桥,2026-10-03 00:00,2,30.27,7.12,6.5,132.879,9.64,1.42,0.151,0.068,2.2879,,,2026-10-03 02:26:00
福建省,浙闽片河流,华安西陂,2026-10-03 01:00,2,26.9277,7.06,8.22,154.6672,43.28803,2.76,0.059,0.068,1.736,,,2026-10-03 02:26:00
福建省,浙闽片河流,南靖靖城桥,2026-10-03 01:00,2,27.98,6.79,6.62,206,,1.58,0.221,0.074,7.921,,,2026-10-03 02:26:00
福建省,浙闽片河流,诏安澳子头,2026-10-03 01:00,4,28.29,7.17,4.99,139.219,6.188,2.39,0.185,0.159,2.1374,,,2026-10-03 02:26:00
福建省,浙闽片河流,南靖洪濑汤坑桥,2026-10-03 00:00,2,26.967,6.53,6.86,221.5,16.469,1.06,0.06,0.092,14.537,,,2026-10-03 02:26:00
福建省,浙闽片河流,浦南水文站,2026-10-03 01:00,2,27.47666,7.3,7.09,158.2,49.968,0.9,0.079,0.047,1.237,,,2026-10-03 02:26:00
福建省,浙闽片河流,南溪浮宫桥,2026-10-03 01:00,5,30.19,6.82,2.55,920.494,279.926,1.95,0.093,0.126,2.8773,,,2026-10-03 02:26:00
福建省,浙闽片河流,上坂,2026-10-03 01:00,4,29.05,6.27,4.25,201.985,29.291,2.27,0.703,0.161,4.8028,,,2026-10-03 02:26:00
福建省,浙闽片河流,云霄高塘渡口,2026-10-03 01:00,3,27.28,6.63,5.27,128.202,13.963,1.24,0.351,0.125,5.789,,,2026-10-03 02:26:00
福建省,浙闽片河流,水汾桥,2026-10-03 00:00,3,28.36,6.92,5.63,174.42,9.84,1.61,0.03,0.047,1.066,,,2026-10-03 02:26:00
福建省,浙闽片河流,邵武晒口桥,2026-10-03 01:00,3,27.85,6.95,6.23,113.95,20.05,1.9,0.054,0.153,1.23,,,2026-10-03 02:26:00
福建省,浙闽片河流,武夷山兴田,2026-10-03 00:00,2,27.52313,6.93,7.2,50.18594,12.33885,2.67,0.049,0.056,0.79053,,,2026-10-03 02:26:00
福建省,浙闽片河流,建瓯蓬墩,2026-10-03 00:00,4,30.12,6.68,4.86,73.37,15.1,1.61,0.17,0.054,1.191,,,2026-10-03 02:26:00
福建省,浙闽片河流,将乐樟应,2026-10-03 00:00,3,29.27156,6.81,5.57,75.463,13.69946,1.64,0.029,0.015,0.701,,,2026-10-03 02:26:00
福建省,浙闽片河流,建阳坪州大桥,2026-10-03 00:00,2,28.88,7.28,7.64,190.32,11.289,2.08,0.042,0.044,1.109,,,2026-10-03 02:26:00
福建省,浙闽片河流,雁石桥,2026-10-03 01:00,3,27.8,7.55,8.18,210.498,113.989,2.32,0.188,0.142,2.892,,,2026-10-03 02:26:00
福建省,珠江流域,长汀美西桥,2026-10-03 01:00,3,26.47,6.97,5.77,147.761,12.511,2.02,0.104,0.085,1.1716,,,2026-10-03 02:26:00
福建省,浙闽片河流,八都,2026-10-03 00:00,3,25.11,6.61,7.17,47.76,192.027,4.56,0.182,0.16,2.177,,,2026-10-03 02:26:00
福建省,浙闽片河流,福安白塔,2026-10-03 00:00,2,26.477,7.03,6.53,56.99,53.97,2.29,0.078,0.068,1.763,,,2026-10-03 02:26:00
江西省,长江流域,周坊,2026-10-03 00:00,2,25.97,7.23,7.46,137.1864,7.56224,1.6,0.004,0.033,1.14015,,,2026-10-03 02:26:00
江西省,长江流域,新联,2026-10-03 01:00,3,23.08,6.86,7.12,158.77,32.45,4.28,0.081,0.085,1.9894,,,2026-10-03 02:26:00
江西省,长江流域,生米,2026-10-03 01:00,2,19.138,7.02,9.11,139.616,4.529,0.89,0.032,0.042,0.896,,,2026-10-03 02:26:00
江西省,长江流域,滁槎,2026-10-03 00:00,4,26.58,6.35,4.99,155.96,7.45,1.5,0.009,0.077,1.993,,,2026-10-03 02:26:00
江西省,长江流域,塔城,2026-10-03 01:00,2,24.6,7.67,7.66,102.26,19.83,2.77,0.03,0.035,0.695,,,2026-10-03 02:26:00
江西省,长江流域,昌邑,2026-10-03 00:00,2,26.67,7.7,7.61,139.33,26.18,1.66,,0.064,1.572,,,2026-10-03 02:26:00
江西省,长江流域,八一桥,2026-10-03 01:00,2,28.21,7.62,7.39,123.968,14.002,1.88,0.224,0.049,0.9635,,,2026-10-03 02:26:00
江西省,长江流域,焦石坝,2026-10-03 00:00,3,24.33,7.34,5.39,114.77,20.7,3.01,0.113,0.055,1.0266,,,2026-10-03 02:26:00
江西省,长江流域,戴村,2026-10-03 00:00,3,27.312,7.15,5.7,581.781,12.26,1.33,0.164,0.03,0.828,,,2026-10-03 02:26:00
江西省,长江流域,镇埠,2026-10-03 01:00,2,26.31,6.72,6.7,110.24,0.37,1.36,,0.033,0.115,,,2026-10-03 02:26:00
江西省,长江流域,龙山口,2026-10-03 01:00,2,23.63,7.98,7.62,298.304,4.568,1.53,0.018,0.032,0.7554,,,2026-10-03 02:26:00
江西省,长江流域,桐车湾,2026-10-03 01:00,3,22.27,7.6,8.64,371.463,3.837,3.29,0.494,0.125,2.6859,,,2026-10-03 02:26:00
江西省,长江流域,金鱼石,2026-10-03 00:00,3,24.65,7.49,5.92,340.41,9.36,2.07,0.18,0.1,2.386,,,2026-10-03 02:26:00
江西省,长江流域,邓家洲,2026-10-03 00:00,3,22.91,7.52,5.7,548.3632,8.11776,2.55,0.365,0.117,2.46094,,,2026-10-03 02:26:00
江西省,长江流域,吴城修河,2026-10-03 00:00,2,22.197,7.2,6.47,145.99,16.91,2.09,0.152,0.047,1.1612,,,2026-10-03 02:26:00
江西省,长江流域,湖口,2026-10-03 01:00,2,24.5625,7.94,7.35,353.78,20.45,2.02,0.003,0.063,2.379,,,2026-10-03 02:26:00
江西省,长江流域,蛤蟆石,2026-10-03 01:00,4,25.1,6.98,6.98,136.49,48.83,2.25,,0.053,2.225,0.00099,264331.2,2026-10-03 02:26:00
江西省,长江流域,潦河河口,2026-10-03 00:00,2,24.08,6.96,6.72,140.55,23.993,1.64,0.049,0.066,0.9736,,,2026-10-03 02:26:00
江西省,长江流域,柘林湖坝上,2026-10-03 00:00,2,25.902,7.3,7.45,99.52,1.084,1.81,0.004,0.008,0.349,,,2026-10-03 02:26:00
江西省,长江流域,洋港镇,2026-10-03 00:00,2,22.191,7.32,6.33,318.527,2.103,0.76,0.007,0.009,0.92649,,,2026-10-03 02:26:00
江西省,长江流域,修水界上桥,2026-10-03 00:00,2,21.43,7.24,8.22,140.295,5.073,2.44,0.07,0.086,1.91819,,,2026-10-03 02:26:00
江西省,长江流域,共青城寨下,2026-10-03 00:00,3,25,7.39,5.25,496.5,42,3.36,0.258,0.077,1.675,,,2026-10-03 02:26:00
江西省,长江流域,罗坊,2026-10-03 01:00,3,25.69,7.25,6.01,302.255,33.192,3.49,0.297,0.111,1.7958,,,2026-10-03 02:26:00
江西省,长江流域,孔目江江口,2026-10-03 01:00,2,26.72,7.62,7.39,318.796,19.127,2.81,0.147,0.064,0.8876,,,2026-10-03 02:26:00
江西省,长江流域,浮桥,2026-10-03 01:00,3,25.21,7.58,5.75,214.467,9.23,2.77,0.072,0.051,1.2622,,,2026-10-03 02:26:00
江西省,长江流域,傣家村,2026-10-03 01:00,4,27.7,7.6,4.74,193.734,6.145,3.67,0.078,0.041,0.8333,0.00472,1.584496,2026-10-03 02:26:00
江西省,长江流域,炭埠周家,2026-10-03 00:00,2,25.77,7.04,9.21,161.12,1.91,1.22,,0.042,0.92,,,2026-10-03 02:26:00
江西省,长江流域,白塔河河口,2026-10-03 00:00,3,25.71,6.83,5.27,120.181,4.054,1.35,0.071,0.043,0.8536,,,2026-10-03 02:26:00
江西省,长江流域,土桥,2026-10-03 01:00,2,28.04,7.2,6.17,192.9,11.53,1.96,,0.053,1.1513,,,2026-10-03 02:26:00
江西省,长江流域,流口村,2026-10-03 00:00,4,28.09,6.86,4.89,179.2661,14.05847,2.11,0.024,0.069,1.366044,,,2026-10-03 02:26:00
江西省,长江流域,市自来水厂,2026-10-03 00:00,2,27.68,7.15,6.97,117.008,6.428,1.04,0.114,0.024,0.6244,,,2026-10-03 02:26:00
江西省,长江流域,新庙前,2026-10-03 00:00,3,29.27,7.4,5.62,138.07,28.875,0.65,0.192,0.045,1.3147,,,2026-10-03 02:26:00
江西省,长江流域,赣县梅林,2026-10-03 01:00,3,28.19,7.32,5.73,122.867,17.646,1.94,0.191,0.102,1.0559,,,2026-10-03 02:26:00
江西省,长江流域,峡山,2026-10-03 01:00,3,29.82,7.39,6.26,123.371,10.384,1.82,0.196,0.109,0.9,,,2026-10-03 02:26:00
江西省,长江流域,梅江江口,2026-10-03 00:00,3,28.91,7.23,5.11,108.983,23.671,2.57,0.155,0.09,0.7275,,,2026-10-03 02:26:00
江西省,长江流域,平江江口,2026-10-03 01:00,2,25.79,7.18,7.22,110.72,35.908,2.54,0.042,0.089,0.812,,,2026-10-03 02:26:00
江西省,长江流域,上犹江江口,2026-10-03 01:00,2,26.13,7,7.35,96.412,11.169,1.62,0.041,0.014,0.5462,,,2026-10-03 02:26:00
江西省,长江流域,龙南自来水厂,2026-10-03 01:00,2,28.54,7.73,7.48,123.602,2.374,1.08,0.025,0.026,0.7483,,,2026-10-03 02:26:00
江西省,长江流域,桃江江口,2026-10-03 00:00,3,29.85,7.25,5.43,189.777,3.387,0.88,0.092,0.039,2.1151,,,2026-10-03 02:26:00
江西省,长江流域,大余城郊,2026-10-03 00:00,2,27.12,7.17,6.49,97.167,6.624,0.32,0.058,0.028,0.8598,,,2026-10-03 02:26:00
江西省,珠江流域,兴宁电站,2026-10-03 00:00,1,29.97,8.02,9.75,76.0322,2.175037,1.57,0.026,0.019,2.461015,,,2026-10-03 02:26:00
江西省,长江流域,通津,2026-10-03 01:00,2,27.07,7.47,7.1,112.069,19.822,1.21,0.13,0.036,1.0873,,,2026-10-03 02:26:00
江西省,长江流域,金滩,2026-10-03 01:00,2,29.29,7.28,7.32,125.791,12.953,1.2,0.003,0.026,0.9718,,,2026-10-03 02:26:00
江西省,长江流域,孤江江口,2026-10-03 00:00,2,27.74,7.63,7.56,98.081,8.005,2.26,0.016,0.051,0.8043,,,2026-10-03 02:26:00
江西省,长江流域,禾水河口,2026-10-03 00:00,2,28.26,7.46,6.28,133.115,9.624,1.93,0.082,0.037,0.6363,,,2026-10-03 02:26:00
江西省,长江流域,蜀水河口,2026-10-03 01:00,2,24.91,7.11,7.12,59.402,42.772,1.37,0.087,0.041,0.5482,,,2026-10-03 02:26:00
江西省,长江流域,遂川江江口,2026-10-03 00:00,3,26.75,7.38,6.44,104.434,34.019,1.61,0.065,0.177,1.1954,,,2026-10-03 02:26:00
江西省,长江流域,乌江江口,2026-10-03 01:00,3,29.1,7.3,5.04,165.998,7.902,2.49,0.107,0.049,0.8179,,,2026-10-03 02:26:00
江西省,长江流域,大洋洲,2026-10-03 01:00,2,27.73,7.56,7.25,113.575,7.401,1.38,0.062,0.017,1.0785,,,2026-10-03 02:26:00
江西省,长江流域,棚下,2026-10-03 00:00,2,24.16,7.46,6.02,231.4749,9.38,2.11,0.149,0.098,,,,2026-10-03 02:26:00
江西省,长江流域,丰城小港口,2026-10-03 00:00,2,28.448,7.27,8.18,118.15,4.7521,1.35,0.033,0.036,1.0275,,,2026-10-03 02:26:00
江西省,长江流域,肖江江口,2026-10-03 01:00,4,27.901,7.22,3.59,336.611,19.344,3.12,0.098,0.064,0.947,,,2026-10-03 02:26:00
江西省,长江流域,修河港口,2026-10-03 01:00,2,25.99,6.88,6.27,45.3,1.74,0.52,0.005,0.008,0.179,,,2026-10-03 02:26:00
江西省,长江流域,超坊,2026-10-03 01:00,2,25.02,7.73,7.53,104.248,16.366,2.13,0.14,0.061,0.9707,,,2026-10-03 02:26:00
江西省,长江流域,钟岭水厂,2026-10-03 00:00,2,24.46,7.44,6.04,97.93,21.66,2.67,0.038,0.06,0.9789,,,2026-10-03 02:26:00
江西省,长江流域,临水河口,2026-10-03 00:00,2,23.94,6.97,6.85,94.96,11.69,2.38,0.098,0.066,0.864,,,2026-10-03 02:26:00
江西省,长江流域,康山,2026-10-03 00:00,5,22.41,6.63,6.5,138.59,44.39,3.53,0.319,0.114,1.388,0.0117,764000,2026-10-03 02:26:00
江西省,长江流域,野鸡山村,2026-10-03 01:00,3,27.66,7.08,5.03,1337.95,15.02,1.57,0.119,0.03,1.016,,,2026-10-03 02:26:00
江西省,长江流域,瑞洪大桥,2026-10-03 00:00,4,26.28,6.81,4.46,144.15,20.45,1.6,0.034,0.045,1.017,,,2026-10-03 02:26:00
江西省,长江流域,鄱阳花园,2026-10-03 01:00,3,27.55,7.03,5.53,212.14,8.28,1.96,0.046,0.029,1.26,,,2026-10-03 02:26:00
江西省,长江流域,旗山,2026-10-03 00:00,2,27.51,7.1,6.02,166.45,9.15,1.72,0.069,0.068,1.026,,,2026-10-03 02:26:00
山东省,黄河流域,泺口,2026-10-03 00:00,2,21.27,8.34,7.86,718.53,659.86,1.59,0.147,0.061,3.092,,,2026-10-03 02:26:00
山东省,淮河流域,台儿庄大桥,2026-10-03 00:00,2,23.72,7.83,7.19,1253.44,23.36,3.55,0.144,0.067,2.339,,,2026-10-03 02:26:00
山东省,淮河流域,群乐桥,2026-10-03 00:00,3,20.19,7.88,6.08,2204.9,16.535,4.88,0.014,0.085,2.997,,,2026-10-03 02:26:00
山东省,淮河流域,王晁桥,2026-10-03 00:00,3,21.041,7.87,5.03,1226.61,18.416,2.86,0.162,0.182,6.822,,,2026-10-03 02:26:00
山东省,淮河流域,十字河大桥,2026-10-03 00:00,3,22.584,7.86,8.35,1281.24,4.008,4.22,0.004,0.042,0.598,,,2026-10-03 02:26:00
山东省,淮河流域,贾庄闸,2026-10-03 00:00,3,22.5,7.83,7.95,1428.63,10.805,4.39,0.03,0.11,5.415,,,2026-10-03 02:26:00
山东省,淮河流域,新夹河大桥,2026-10-03 00:00,4,18.78308,7.64,4.53,1190.995,9.9375,5.89,0.074,0.029,0.47956,,,2026-10-03 02:26:00
山东省,淮河流域,东村河入海口,2026-10-03 01:00,2,21.578,7.46,9.41,737.574,35.023,3.5,,0.072,1.734,,,2026-10-03 02:26:00
山东省,淮河流域,峡山水库库中,2026-10-03 01:00,3,22.39,8.69,6.65,730.24,44.98,4.87,0.002,0.03,0.283,0.01609,1.481444,2026-10-03 02:26:00
山东省,淮河流域,兖州南大桥,2026-10-03 00:00,3,22.559,8.02,8.61,1314.05,8.306,4.23,0.005,0.063,1.5724,,,2026-10-03 02:26:00
山东省,淮河流域,105公路桥,2026-10-03 00:00,3,23.6,7.8,5.11,1727.93,40.285,5.52,0.03,0.191,2.393,,,2026-10-03 02:26:00
山东省,淮河流域,高河桥,2026-10-03 00:00,4,23.832,8.09,6.88,1432.48,24.279,7.97,0.016,0.128,1.392,,,2026-10-03 02:26:00
山东省,淮河流域,老运河微山段,2026-10-03 00:00,3,24.128,7.86,5.13,1276.15,12.859,3.94,0.042,0.037,0.98,,,2026-10-03 02:26:00
山东省,淮河流域,尹沟,2026-10-03 00:00,2,22.69,8.31,9.01,1125.43,15.06,3.76,0.14,0.034,0.797,0.03,,2026-10-03 02:26:00
山东省,淮河流域,西支河入湖口,2026-10-03 00:00,3,24.547,8.68,9.93,1360.35,10.095,5.94,0.024,0.062,0.984,,,2026-10-03 02:26:00
山东省,淮河流域,鲁桥,2026-10-03 00:00,3,23.526,7.93,6.32,1880.81,22.212,5.08,0.074,0.081,1.094,,,2026-10-03 02:26:00
山东省,淮河流域,牛庄闸,2026-10-03 00:00,3,23.152,7.89,6.71,1031.18,12.17,4.03,0.009,0.004,1.091,,,2026-10-03 02:26:00
山东省,淮河流域,湘子庙,2026-10-03 00:00,4,23.05,8.35,4.01,2167.78,48.783,4.65,0.03,0.236,2.83734,,,2026-10-03 02:26:00
山东省,黄河流域,戴村坝,2026-10-03 00:00,2,24.25,7.67,6.5,958.1,2.67,2.29,0.099,0.026,2.694,,,2026-10-03 02:26:00
山东省,黄河流域,徐家汶,2026-10-03 00:00,2,20.21014,7.93,10.71,1369.698,2.3305,1.68,0.001,0.061,38.67818,,,2026-10-03 02:26:00
山东省,淮河流域,南桥,2026-10-03 01:00,4,20.567,7.75,4.1,2094.896,23.095,8.59,0.167,0.124,1.924,,,2026-10-03 02:26:00
山东省,淮河流域,大古镇,2026-10-03 00:00,3,22.47,7.71,13,813.33,22.22,4.32,0.018,0.097,4.484,,,2026-10-03 02:26:00
山东省,淮河流域,夏庄,2026-10-03 00:00,5,21.26,8.76,13.4,2121.8,22.6,13.91,0.031,0.206,3.38679,,,2026-10-03 02:26:00
山东省,黄河流域,贺小庄,2026-10-03 01:00,3,22.257,7.95,8.12,836.479,7.887,5.04,0.041,0.018,1.041,,,2026-10-03 02:26:00
山东省,淮河流域,临沂北大桥,2026-10-03 00:00,6,22.75,9.31,9.52,420.41,20.56,8.37,0.066,0.085,1.326,,,2026-10-03 02:26:00
山东省,淮河流域,捷庄,2026-10-03 00:00,6,23.1,8.18,8.08,559.085,14.403,7.22,0.116,0.506,1.048,,,2026-10-03 02:26:00
山东省,淮河流域,临沭大兴桥,2026-10-03 00:00,4,21.934,8.12,10.56,621.095,12.375,6.52,,0.114,1.462,,,2026-10-03 02:26:00
山东省,淮河流域,310公路桥,2026-10-03 00:00,6,21.42,7.32,1.62,691.18,2.52,3.66,0.012,0.06,0.305,,,2026-10-03 02:26:00
山东省,淮河流域,云蒙湖湖心,2026-10-03 00:00,3,20.7,8.55,9.02,420.1,1.97,5.33,0.126,0.022,2.611,0.01039,1.08737,2026-10-03 02:26:00
山东省,海河流域,董姑桥,2026-10-03 01:00,4,22.041,7.96,4.31,1270,47.645,3.89,0.026,0.052,0.593,,,2026-10-03 02:26:00
山东省,海河流域,油坊桥,2026-10-03 01:00,3,21.521,7.94,6.95,1137.533,107.002,2.34,0.111,0.122,4.822,,,2026-10-03 02:26:00
山东省,海河流域,秤勾湾,2026-10-03 00:00,3,22.03,8.17,7.64,1115.42,95.19,2.61,0.914,0.122,6.6131,,,2026-10-03 02:26:00
山东省,海河流域,北湖,2026-10-03 01:00,2,23.24,8.71,8.54,919.64,5.19,2.95,0.165,0.014,,0.00938,6273712,2026-10-03 02:26:00
山东省,淮河流域,于楼,2026-10-03 00:00,3,22.407,8.63,7.1,2412.07,33.769,4.84,0.014,0.154,0.801,,,2026-10-03 02:26:00
山东省,淮河流域,徐寨,2026-10-03 00:00,3,22.657,8.46,11.27,2341.34,21.128,5.09,0.124,0.153,2.25,,,2026-10-03 02:26:00
河南省,黄河流域,花园口,2026-10-03 00:00,3,21.06783,8.13,8.38,995.938,414.3164,4.26,0.481,0.183,1.631476,,,2026-10-03 02:26:00
河南省,黄河流域,七里铺,2026-10-03 00:00,3,22.7763,7.94,7.89,753.638,17.293,2.33,0.149,0.14,5.205,,,2026-10-03 02:26:00
河南省,淮河流域,尖岗水库,2026-10-03 00:00,1,23.57,8.74,9.69,259.3495,5.8562,1.63,0.018,0.01,0.4375,,,2026-10-03 02:26:00
河南省,淮河流域,新郑黄甫寨,2026-10-03 00:00,2,23.34,8.04,8.42,1064.86,15.07,3.46,0.368,0.064,4.3753,,,2026-10-03 02:26:00
河南省,淮河流域,中牟陈桥,2026-10-03 00:00,3,23.08,8.03,10.06,762.19,94,5.47,0.005,0.079,5.108,,,2026-10-03 02:26:00
河南省,黄河流域,高崖寨,2026-10-03 00:00,2,21.17,8.36,7.99,483.06,7.88,2.15,0.03,0.036,3.264,,,2026-10-03 02:26:00
河南省,淮河流域,紫罗山,2026-10-03 00:00,2,19.35979,7.88,8.27,341.387,40.10463,3.35,0.085,0.078,4.7738,,,2026-10-03 02:26:00
河南省,黄河流域,白马寺,2026-10-03 00:00,3,22.4,7.93,7.91,749.8,20.3,2.65,0.134,0.153,5.175,,,2026-10-03 02:26:00
河南省,淮河流域,大陈闸,2026-10-03 00:00,3,22.97515,7.96,5.98,799.6663,6.08178,1.71,0.001,0.047,6.01911,,,2026-10-03 02:26:00
河南省,淮河流域,舞钢石庄桥,2026-10-03 00:00,4,20.47384,7.59,6.53,616.2955,19.98619,3.87,0.193,0.27,3.997,,,2026-10-03 02:26:00
河南省,海河流域,彰武水库,2026-10-03 00:00,1,22.691,8.07,10.08,589,4.24,1.27,,0.008,2.5285,,,2026-10-03 02:26:00
河南省,海河流域,五陵,2026-10-03 00:00,4,21.82,7.87,7.02,1581.8,91,3.26,0.029,0.201,7.746,,,2026-10-03 02:26:00
河南省,海河流域,石辛庄,2026-10-03 00:00,4,21.126,8.26,7.54,1420.517,200.657,6.02,,0.262,10.7588,,,2026-10-03 02:26:00
河南省,海河流域,黄花营,2026-10-03 00:00,2,23.22,8.2,6.9,511.9997,2.703,0.78,0.007,0.013,4.7273,,,2026-10-03 02:26:00
河南省,海河流域,前枋城,2026-10-03 00:00,1,21.462,7.6,8.54,617.01,5.023,1.28,0.007,,5.6356,,,2026-10-03 02:26:00
河南省,海河流域,卫河小河口,2026-10-03 00:00,3,21.55,8.02,7.76,1403.558,123.09,3.55,0.486,0.173,7.8951,,,2026-10-03 02:26:00
河南省,海河流域,修武水文站,2026-10-03 00:00,4,21.07,8,8.29,2283.874,40.74,3.57,0.64,0.244,9.1804,,,2026-10-03 02:26:00
河南省,海河流域,获嘉东碑村,2026-10-03 00:00,6,21.75,7.86,7.37,1641.7,1276.71,5.79,0.395,0.96,6.423,,,2026-10-03 02:26:00
河南省,黄河流域,封丘陶北,2026-10-03 00:00,2,21.67,8.13,7.84,943.53,43.17,3.01,0.023,0.074,2.355,,,2026-10-03 02:26:00
河南省,黄河流域,封丘王堤,2026-10-03 00:00,4,21.804,8.53,10.1,1081.03,29.65,6.4,0.106,0.114,3.2532,,,2026-10-03 02:26:00
河南省,海河流域,新乡贾太湖,2026-10-03 00:00,6,21.41,8.21,9.04,947.391,1473.71,4.47,,0.515,4.5419,,,2026-10-03 02:26:00
河南省,黄河流域,武陟渠首,2026-10-03 00:00,2,22.01,8.01,8.71,948.7,35.5,1.41,0.023,0.063,4.728,,,2026-10-03 02:26:00
河南省,黄河流域,孟州石井,2026-10-03 00:00,5,22.98154,7.58,2.48,2779.135,36.29914,5.21,0.075,0.166,8.67614,,,2026-10-03 02:26:00
河南省,黄河流域,孟州还封村,2026-10-03 00:00,3,21.09804,7.85,6.27,1578.999,8.90384,1.61,0.107,0.116,11.9924,,,2026-10-03 02:26:00
河南省,海河流域,南乐元村集,2026-10-03 00:00,3,21.28,7.98,8.74,1424.61,118.04,3.34,0.164,0.191,7.411,,,2026-10-03 02:26:00
河南省,海河流域,南乐水文站,2026-10-03 00:00,5,21.9,8,6.84,879.744,117.64,6.47,0.402,0.374,3.8328,,,2026-10-03 02:26:00
河南省,海河流域,濮阳西水坡,2026-10-03 00:00,4,23.25,8.43,4.69,804.1,6.06,2.61,0.047,0.011,1.001,,,2026-10-03 02:26:00
河南省,黄河流域,濮阳大韩桥,2026-10-03 00:00,4,21.72,7.5,3.63,1131.94,73.61,6.19,0.08,0.15,1.059,,,2026-10-03 02:26:00
河南省,淮河流域,白沙水库,2026-10-03 00:00,4,23.053,7.82,4.97,738.909,4.7702,2.97,0.012,0.018,3.6131,,,2026-10-03 02:26:00
河南省,淮河流域,郾城漯邓桥,2026-10-03 00:00,4,22.2,7.67,6.11,1555.2,20.01,3.36,0.04,0.211,4.561,,,2026-10-03 02:26:00
河南省,淮河流域,叶舞公路桥,2026-10-03 00:00,2,21.397,7.74,9.47,357.8,10.838,3.15,0.002,0.079,2.828,,,2026-10-03 02:26:00
河南省,淮河流域,临颍高村桥,2026-10-03 00:00,3,23.3,7.73,7.54,997.03,18.48,2.24,0.384,0.154,9.947,,,2026-10-03 02:26:00
河南省,黄河流域,洛河大桥,2026-10-03 00:00,1,18.77,8.31,9.1,441.751,24.523,1.07,0.102,0.013,1.7169,,,2026-10-03 02:26:00
河南省,黄河流域,三门峡水库,2026-10-03 00:00,2,19.81,8.24,8.06,1008.779,45.72225,1.46,0.003,0.015,4.59935,0.00189,770542.9,2026-10-03 02:26:00
河南省,长江流域,淅川荆紫关,2026-10-03 00:00,1,21.47787,8.22,8.18,393.0313,8.576889,1.3,0.006,0.017,1.838,,,2026-10-03 02:26:00
河南省,长江流域,淅川史家湾,2026-10-03 00:00,2,20.46,7.96,8.22,393.118,16.8,1.79,0.006,0.035,1.9327,0.00152,,2026-10-03 02:26:00
河南省,长江流域,淅川高湾,2026-10-03 00:00,2,20.07,7.88,8.25,340.045,29.595,2.31,,0.065,2.544,0.0041,,2026-10-03 02:26:00
河南省,长江流域,淅川张营,2026-10-03 00:00,3,23.83,7.52,5.38,355.691,3.975,2.64,0.055,0.022,1.5567,0.00184521,,2026-10-03 02:26:00
河南省,长江流域,五龙泉,2026-10-03 00:00,3,23.02,7.77,5.5,265.89,3.5,1.92,0.001,0.012,0.804,0.0015,718016.8,2026-10-03 02:26:00
河南省,长江流域,陶岔,2026-10-03 00:00,2,23.32,8,6.21,260.318,4.219,1.4,,0.014,0.8685,0.0018,746428,2026-10-03 02:26:00
河南省,长江流域,上河,2026-10-03 00:00,1,17.58,8.12,9.64,182.9353,5.03244,1.72,0.01,0.007,1.63454,,,2026-10-03 02:26:00
河南省,淮河流域,新野溧河桥,2026-10-03 00:00,3,20.27929,7.78,8.88,523.1777,34.87328,3.73,0.007,0.102,4.35242,,,2026-10-03 02:26:00
河南省,淮河流域,黄口,2026-10-03 01:00,2,23.08,8.07,6.33,1294.779,16.339,3.36,0.204,0.084,3.4675,,,2026-10-03 02:26:00
河南省,淮河流域,长台关甘岸桥,2026-10-03 00:00,3,21.35,7.51,6.99,325.34,16.07,4.1,0.006,0.079,1.363,,,2026-10-03 02:26:00
河南省,淮河流域,息县大埠口,2026-10-03 00:00,2,21.21393,7.24,6.93,349.2544,19.8752,3.01,0.03,0.069,1.96044,,,2026-10-03 02:26:00
河南省,淮河流域,潢川水文站,2026-10-03 00:00,4,21.3965,6.81,5,227.724,40.2835,4.82,0.078,0.232,2.3276,,,2026-10-03 02:26:00
河南省,淮河流域,淮滨北庙,2026-10-03 00:00,4,20.53,7.01,6.84,220.1149,79.19868,6.91,0.102,0.14,1.97914,,,2026-10-03 02:26:00
河南省,淮河流域,饮用水源地取水口,2026-10-03 01:00,2,22.51,7,6.46,164.4,2.64,3.26,0.006,0.014,0.696,0.023,53000,2026-10-03 02:26:00
河南省,淮河流域,竹竿铺,2026-10-03 00:00,3,19.65,7.32,7.56,198.97,40.1,4.99,0.083,0.198,1.935,,,2026-10-03 02:26:00
河南省,淮河流域,固始马罡,2026-10-03 00:00,4,21.8149,7.23,4.9,229.405,10.3475,3.41,0.03,0.071,1.1925,,,2026-10-03 02:26:00
河南省,淮河流域,老沈丘泉河桥,2026-10-03 00:00,5,22.86,7.59,3.52,994.551,31.143,3.5,0.194,0.304,2.936,,,2026-10-03 02:26:00
河南省,淮河流域,刘寨村后,2026-10-03 01:00,4,23.05,7.8,3.99,1370,36.5,4.18,0.177,0.12,3.5114,,,2026-10-03 02:26:00
河南省,淮河流域,西华大王庄,2026-10-03 01:00,4,22.2062,8.29,8.71,845.95,69.0075,4.55,0.368,0.296,4.685,,,2026-10-03 02:26:00
河南省,淮河流域,周口康店,2026-10-03 00:00,4,23.13,7.69,4.79,789.7187,15.78,3.08,0.276,0.104,4.9764,,,2026-10-03 02:26:00
河南省,淮河流域,商水双桥,2026-10-03 00:00,4,22.01,7.61,4.59,822.6138,19.7198,2.83,0.163,0.136,5.819,,,2026-10-03 02:26:00
河南省,淮河流域,鄢陵陶城闸,2026-10-03 00:00,3,21.8,7.75,6.89,1102,11.47,3.24,0.388,0.159,8.3813,,,2026-10-03 02:26:00
河南省,淮河流域,鹿邑付桥,2026-10-03 00:00,5,23.79,7.72,2.6,1018.13,11.067,5.1,0.112,0.094,2.0267,,,2026-10-03 02:26:00
河南省,淮河流域,西华址坊,2026-10-03 01:00,3,21.09,7.95,7.64,959.83,31.9,3.31,0.043,0.13,7.756,,,2026-10-03 02:26:00
河南省,淮河流域,冯塘邱屯,2026-10-03 00:00,4,21.83,7.52,4.79,1080.401,24.50008,3.91,0.071,0.154,5.6265,,,2026-10-03 02:26:00
河南省,淮河流域,鹿邑宋河桥,2026-10-03 01:00,4,23.12,7.73,8.04,1223.72,27.53,8.73,0.009,0.163,2.514,,,2026-10-03 02:26:00
河南省,淮河流域,西平杨庄,2026-10-03 00:00,4,19.73,7.42,5.32,770.4252,18.13727,4.48,1.088,0.294,5.8203,,,2026-10-03 02:26:00
河南省,淮河流域,板桥水库,2026-10-03 00:00,4,21.64,7.36,3,238.7488,5.85,3.05,0.013,0.021,0.664,,,2026-10-03 02:26:00
河南省,淮河流域,西平王孟寺,2026-10-03 00:00,3,20.42609,7.46,6.87,935.127,35.63981,2.99,0.049,0.165,3.49348,,,2026-10-03 02:26:00
河南省,黄河流域,小浪底水库,2026-10-03 00:00,2,23.46,8.06,6.14,995.668,18.653,1.71,0.022,0.035,3.0982,,,2026-10-03 02:26:00
河南省,黄河流域,南山,2026-10-03 00:00,2,22.10088,7.92,7.56,1050.409,11.1396,1.73,0.004,0.019,3.46852,0.01357,3566353,2026-10-03 02:26:00
湖北省,长江流域,西梁子湖湖北,2026-10-03 01:00,3,23.2091,7.49,5.96,184.16,41.956,3.14,,0.038,0.539,0.00973,3714773,2026-10-03 02:26:00
湖北省,长江流域,宗关,2026-10-03 01:00,2,21.819,7.91,8.97,356.2,54.3,2.33,0.029,0.089,1.676,0.000588,,2026-10-03 02:26:00
湖北省,长江流域,杨泗港,2026-10-03 00:00,2,24.18,7.72,8.11,312.665,6.98,0.86,0.034,0.027,1.975,,,2026-10-03 02:26:00
湖北省,长江流域,冯集,2026-10-03 01:00,3,22.61,7.36,6.11,255.267,23.767,3.32,0.814,0.123,2.115,,,2026-10-03 02:26:00
湖北省,长江流域,龙口,2026-10-03 00:00,3,22.47,7.39,6.49,222.34,31.29,4.77,0.211,0.072,1.112,,,2026-10-03 02:26:00
湖北省,长江流域,金水闸,2026-10-03 01:00,6,22.75,7.11,1.96,326.31,32.58,5.19,0.4,0.054,1.395,,,2026-10-03 02:26:00
湖北省,长江流域,滠口,2026-10-03 00:00,4,21.91,6.93,3.37,231.4081,47.29,2.98,0.16,0.086,1.2366,,,2026-10-03 02:26:00
湖北省,长江流域,白浒山,2026-10-03 00:00,2,24.22,7.78,6.96,367.6398,28.83698,1.04,0.002,0.084,2.082956,,,2026-10-03 02:26:00
湖北省,长江流域,挖沟泵站,2026-10-03 00:00,5,20.75782,7.27,4.91,1450.043,164.8293,6.58,0.45,0.359,3.461417,,,2026-10-03 02:26:00
湖北省,长江流域,富池闸,2026-10-03 00:00,3,25.06,7.33,5.09,260.6137,37.78349,2.3,0.134,0.073,1.486908,,,2026-10-03 02:26:00
湖北省,长江流域,大冶湖闸,2026-10-03 00:00,6,25.64,7.19,1.26,386.58,21.39,4.16,0.521,0.097,0.982,,,2026-10-03 02:26:00
湖北省,长江流域,夹河口,2026-10-03 00:00,4,21.88,7.71,4.29,321.433,10.98,1.03,0.042,0.017,1.342,,,2026-10-03 02:26:00
湖北省,长江流域,天河口,2026-10-03 00:00,3,19.601,7.95,9.18,353.032,20.719,4.51,0.193,0.089,2.6429,,,2026-10-03 02:26:00
湖北省,长江流域,孙家湾,2026-10-03 00:00,3,19.1,7.27,8.7,153.57,29.41,5.63,0.062,0.088,2.342,,,2026-10-03 02:26:00
湖北省,长江流域,浪河口,2026-10-03 00:00,3,19.55,7.45,8.38,111.8488,33.89,4.55,0.077,0.038,2.815,,,2026-10-03 02:26:00
湖北省,长江流域,丹江口水库坝上中,2026-10-03 00:00,3,24.47,7.62,5.1,249.356,1.419008,1.99,0.055,0.01,1.1714,0.0018854,4624000,2026-10-03 02:26:00
湖北省,长江流域,陈家坡,2026-10-03 00:00,2,22.58,7.7,6.84,290.35,11.45,1.81,0.026,0.029,1.2282,,,2026-10-03 02:26:00
湖北省,长江流域,潘口水库坝上,2026-10-03 00:00,3,22.1,7.61,5.83,199.3,3.4,,,0.01,0.873,,,2026-10-03 02:26:00
湖北省,长江流域,剑河口,2026-10-03 00:00,2,23.75,7.26,7.4,233.14,0.16,1.81,0.009,0.021,1.204,,,2026-10-03 02:26:00
湖北省,长江流域,东湾桥,2026-10-03 00:00,4,16.33,7.58,9.91,240.2091,45.33,7.42,0.158,0.118,3.877,,,2026-10-03 02:26:00
湖北省,长江流域,玉皇滩,2026-10-03 00:00,2,20.156,8.25,8.7,375.2,9.684,0.64,0.002,0.031,1.331,,,2026-10-03 02:26:00
湖北省,长江流域,王河电站,2026-10-03 00:00,2,20.8,7.99,7.22,395.2784,13.89,3.02,0.078,0.051,1.7164,,,2026-10-03 02:26:00
湖北省,长江流域,隔河岩水库坝上,2026-10-03 00:00,2,19.18,7.71,6.89,231.13,1.51,1.3,0.012,0.009,1.827,0.03968,2326407,2026-10-03 02:26:00
湖北省,长江流域,长沙坝,2026-10-03 00:00,2,24.826,7.46,6.33,434.539,3.917,1.44,0.011,0.041,2.211,,,2026-10-03 02:26:00
湖北省,长江流域,清江大桥,2026-10-03 00:00,2,20.46,7.6,7.44,366.986,12.004,1.24,,0.036,3.51,,,2026-10-03 02:26:00
湖北省,长江流域,南津关,2026-10-03 01:00,2,25.63,7.81,6.54,413.561,3.848732,2.04,0.012,0.043,2.0636,0.0375665,,2026-10-03 02:26:00
湖北省,长江流域,马渡河,2026-10-03 00:00,2,19.8,7.71,7.51,392.25,7.34,2.16,0.003,0.036,2.555,,,2026-10-03 02:26:00
湖北省,长江流域,铁路大桥,2026-10-03 00:00,2,19.16,8.05,8.76,453.8,26.5,2.34,0.023,0.074,2.512,,,2026-10-03 02:26:00
湖北省,长江流域,两河口,2026-10-03 00:00,2,19.991,7.65,7.65,569.1138,24.2387,2.82,0.068,0.06,2.591,,,2026-10-03 02:26:00
湖北省,长江流域,桅杆坪,2026-10-03 00:00,4,19.38,7.46,4.69,286.11,3.36,1.32,,0.031,2.914,,,2026-10-03 02:26:00
湖北省,长江流域,白石港,2026-10-03 00:00,2,21.67,8.12,8.1,321.894,2.369,2.52,0.001,0.005,1.202,,,2026-10-03 02:26:00
湖北省,长江流域,云池,2026-10-03 00:00,2,24.41,7.93,7.04,413.93,8.76,1.01,,0.044,1.995,,,2026-10-03 02:26:00
湖北省,长江流域,翟湾,2026-10-03 00:00,3,20.48,7.65,6.22,578.4274,54.92509,4.44,0.079,0.198,4.2649,,,2026-10-03 02:26:00
湖北省,长江流域,埠口,2026-10-03 00:00,6,20.81661,7.66,4.92,613.848,56.57621,5.7,0.758,0.445,5.55425,,,2026-10-03 02:26:00
湖北省,长江流域,张湾,2026-10-03 00:00,4,19.75,7.45,6.41,528.694,33.54,3.52,0.193,0.21,5.491,,,2026-10-03 02:26:00
湖北省,长江流域,余家湖,2026-10-03 00:00,2,22.43,7.71,6.6,359.528,9.07,2.51,0.062,0.056,1.871,,,2026-10-03 02:26:00
湖北省,长江流域,聂家滩,2026-10-03 00:00,3,20.5,7.69,8.42,210.2653,49.52,4.1,0.156,0.081,2.754,,,2026-10-03 02:26:00
湖北省,长江流域,沈湾,2026-10-03 00:00,3,17.89,7.63,5.98,343,5.44,2.45,0.098,0.027,0.962,,,2026-10-03 02:26:00
湖北省,长江流域,朱市,2026-10-03 00:00,3,19.66,7.94,8.02,521.3353,37.59,4.64,0.14,0.174,3.404,,,2026-10-03 02:26:00
湖北省,长江流域,茶庵,2026-10-03 00:00,2,20.78,8.09,8.57,259.6343,84.33,3.71,0.274,0.078,2.142,,,2026-10-03 02:26:00
湖北省,长江流域,燕矶,2026-10-03 00:00,2,24.44,7.76,7.5,346.64,29.1,1.42,0.056,0.06,1.91,,,2026-10-03 02:26:00
湖北省,长江流域,东梁子湖湖心,2026-10-03 01:00,3,22.66,7.79,6.17,202.354,38.096,2.74,0.257,0.03,1.151,,,2026-10-03 02:26:00
湖北省,长江流域,梁子湖七星站,2026-10-03 00:00,3,23.42,7.22,8.81,,0.2843199,0.97,0.145,0.039,1.878817,0.03757206,,2026-10-03 02:26:00
湖北省,长江流域,漳河水库库心,2026-10-03 00:00,1,22.13,8.33,9.04,309.6617,10.8877,1.83,0.001,0.004,0.451,0.00031,1.0939,2026-10-03 02:26:00
湖北省,长江流域,转斗,2026-10-03 00:00,2,19.78,7.72,7.24,414.518,16.4279,3.86,0.041,0.094,1.876,,,2026-10-03 02:26:00
湖北省,长江流域,罗汉闸,2026-10-03 00:00,2,20.51,7.73,9.34,361.56,25.91,0.92,0.019,0.061,1.6886,,,2026-10-03 02:26:00
湖北省,长江流域,京山河邓李港,2026-10-03 00:00,3,22.34,7.79,7.72,452.9955,9.6601,2.87,0.033,0.132,2.386,,,2026-10-03 02:26:00
湖北省,长江流域,马良龚家湾,2026-10-03 00:00,3,20.03,7.52,5.29,1883.05,54.4391,4.43,0.141,0.195,5.4402,,,2026-10-03 02:26:00
湖北省,长江流域,应城公路桥,2026-10-03 00:00,2,20.91,8.2,8.95,539.64,7.783,2.19,0.008,0.035,0.5917,,,2026-10-03 02:26:00
湖北省,长江流域,田店泵站,2026-10-03 00:00,2,22.21,7.91,8.01,540.17,28.7136,1.82,1,0.044,0.7798,,,2026-10-03 02:26:00
湖北省,长江流域,新沟闸,2026-10-03 00:00,3,22.58,7.78,5.03,436.75,18.5,2.96,,0.077,1.121,,,2026-10-03 02:26:00
湖北省,长江流域,小河,2026-10-03 00:00,2,22.62,8.09,7.52,358.31,50.02,2.71,0.031,0.066,1.744,,,2026-10-03 02:26:00
湖北省,长江流域,孝昌王店,2026-10-03 00:00,3,20.51,7.39,7.75,358.33,11.1291,4.22,0.159,0.111,2.8343,,,2026-10-03 02:26:00
湖北省,长江流域,大悟河口,2026-10-03 00:00,2,21.18,7.68,8.78,273.9,8,3.11,0.103,0.055,0.6034,,,2026-10-03 02:26:00
湖北省,长江流域,安陆桑树,2026-10-03 00:00,2,21.04,7.91,6.56,547.35,14.6187,1.81,0.005,0.03,0.56928,,,2026-10-03 02:26:00
湖北省,长江流域,隔蒲桥,2026-10-03 00:00,3,22.14,7.2,5.59,388.17,16.404,4.31,0.175,0.073,1.7031,,,2026-10-03 02:26:00
湖北省,长江流域,汉川新堰,2026-10-03 00:00,4,21.78,7.38,4.06,483.06,44.897,2.99,0.248,0.143,2.531,,,2026-10-03 02:26:00
湖北省,长江流域,杨柴湖,2026-10-03 00:00,5,20.2,6.7,4.85,339.8,12.7,4.98,0.016,0.105,0.347,0.00117,226594.3,2026-10-03 02:26:00
湖北省,长江流域,排水闸,2026-10-03 00:00,4,20.92,7.68,7.5,397.3538,50.0628,3.3,0.022,0.057,1.202,0.00054,2.245108,2026-10-03 02:26:00
湖北省,长江流域,洪湖湖心,2026-10-03 00:00,4,18.9,8.11,8.73,349.011,153.372,4.53,0.148,0.055,1.227,0.0023,74603.4,2026-10-03 02:26:00
湖北省,长江流域,观音寺,2026-10-03 00:00,2,24.3,7.86,7.34,394.52,8.21,1.22,0.0001,0.047,2.324,,,2026-10-03 02:26:00
湖北省,长江流域,荆州河口,2026-10-03 00:00,2,21.28,7.84,8.24,509.7417,41.202,2.36,0.063,0.068,2.9147,,,2026-10-03 02:26:00
湖北省,长江流域,康家岗,2026-10-03 00:00,2,22.09,8.01,9.23,437.542,30.9584,1.57,0.002,0.031,1.5949,,,2026-10-03 02:26:00
湖北省,长江流域,淤泥湖,2026-10-03 01:00,3,21.8,7.84,8.53,395.5,14.2,2.2,0.016,0.134,2.171,,,2026-10-03 02:26:00
湖北省,长江流域,杨家垱,2026-10-03 00:00,2,21.26,7.93,8.29,407.85,19.28,1.07,0.028,0.07,2.037,,,2026-10-03 02:26:00
湖北省,长江流域,调关,2026-10-03 00:00,2,22.92,7.8,7.75,419.1091,25.4546,1.26,0.003,0.052,2.0856,,,2026-10-03 02:26:00
湖北省,长江流域,姚集,2026-10-03 00:00,2,22.2,7.77,6.04,464.9,20.4,2.04,0.19,0.07,2.032,,,2026-10-03 02:26:00
湖北省,长江流域,乌溪沟,2026-10-03 01:00,3,17.85712,8.15,9.6,348.5714,9.793612,0.93,0.024,0.13,2.981479,,,2026-10-03 02:26:00
湖北省,长江流域,巴河镇河口,2026-10-03 01:00,4,22.484,6.68,4.52,202.452,15.494,2.55,,0.089,1.212,,,2026-10-03 02:26:00
湖北省,长江流域,蕲春县八里湖,2026-10-03 00:00,3,24.06,7.1,6,242.0805,99.34,2.39,0.24,0.158,2.308,,,2026-10-03 02:26:00
湖北省,长江流域,咸宁湖心,2026-10-03 01:00,4,22.53,7.71,5.53,262.678,12.951,3.38,0.578,0.076,1.148,0.00319,1025111,2026-10-03 02:26:00
湖北省,长江流域,富水水库,2026-10-03 00:00,3,25.31,8.02,7.39,215.3046,12.14,2,0.028,0.026,0.706,0.01,1.942,2026-10-03 02:26:00
湖北省,长江流域,窑嘴大桥,2026-10-03 00:00,5,22.72,7.36,2.12,403.5129,25.32,2.24,0.352,0.086,4.231,,,2026-10-03 02:26:00
湖北省,长江流域,陆溪口,2026-10-03 00:00,3,23.93,7.21,5.31,266.39,25.63,3.18,0.257,0.079,1.805,,,2026-10-03 02:26:00
湖北省,长江流域,洪下水文站,2026-10-03 00:00,2,24.5,7.37,6.59,171,12.76,1.19,0.142,0.067,1.053,,,2026-10-03 02:26:00
湖北省,长江流域,厉山,2026-10-03 00:00,3,21.91,7.52,6.07,524.6733,18.68,4.51,0.202,0.2,2.3641,,,2026-10-03 02:26:00
湖北省,长江流域,平林,2026-10-03 00:00,3,21.71,7.84,8.18,411.135,16.168,5.22,0.023,0.091,1.779,,,2026-10-03 02:26:00
湖北省,长江流域,涢水大桥,2026-10-03 00:00,4,21.22,7.36,4.26,409.5501,18.07,4.2,0.083,0.087,1.2437,,,2026-10-03 02:26:00
湖北省,长江流域,江口村,2026-10-03 00:00,1,22.64,8.38,9.37,192.31,2.986,1.03,0.025,0.014,1.051,,,2026-10-03 02:26:00
湖北省,长江流域,恩施大沙坝,2026-10-03 00:00,2,17.99,8.3,9.01,299.98,37.1,2.19,0.018,0.075,3.845,,,2026-10-03 02:26:00
湖北省,长江流域,雪照河,2026-10-03 00:00,2,17.87,8.31,9.85,299.91,49.898,2.72,,0.098,3.248,,,2026-10-03 02:26:00
湖北省,长江流域,周家坝,2026-10-03 00:00,2,19.98,7.86,8.77,207.43,147.871,1.89,,0.065,1.994,,,2026-10-03 02:26:00
湖北省,长江流域,积玉口荷花村,2026-10-03 00:00,3,20.15,7.72,5.46,449.6978,35.302,3.53,0.155,0.11,1.775,,,2026-10-03 02:26:00
湖北省,长江流域,潜江大桥,2026-10-03 00:00,2,21.01,7.95,8.45,359.0105,14.97,2.02,,0.056,1.618,,,2026-10-03 02:26:00
湖北省,长江流域,岳口,2026-10-03 00:00,2,22.8,8.08,7.54,376.8,27.08,3.03,0.036,0.063,1.98,,,2026-10-03 02:26:00
湖北省,长江流域,拖市,2026-10-03 00:00,4,20.59,7.51,3.91,933.2,21.872,4.79,0.785,0.118,2.9994,,,2026-10-03 02:26:00
湖北省,长江流域,阳日湾,2026-10-03 00:00,2,15.041,8.15,10.05,283.286,36.249,1.81,0.089,0.08,1.0941,,,2026-10-03 02:26:00
湖南省,长江流域,昭山,2026-10-03 00:00,2,24.3,7.56,7.75,213.2,17.4,1.34,,0.043,1.329,,,2026-10-03 02:26:00
湖南省,长江流域,捞刀河口,2026-10-03 00:00,4,25.59,6.98,3.05,310.2,19.5849,2.53,0.144,0.096,1.555,,,2026-10-03 02:26:00
湖南省,长江流域,三角洲,2026-10-03 00:00,4,25.98,7,4.71,294.9,17.65,1.57,0.1,0.153,4.738,,,2026-10-03 02:26:00
湖南省,长江流域,胜利,2026-10-03 00:00,4,23.51,7.17,4.68,543,25.87,2.96,0.127,0.091,1.549,,,2026-10-03 02:26:00
湖南省,长江流域,桔子洲,2026-10-03 00:00,2,25.46,7.89,7.12,211.0584,22.35,0.75,0.053,0.075,1.181,,,2026-10-03 02:26:00
湖南省,长江流域,湘东沿塘,2026-10-03 00:00,2,22.073,7.29,7.66,90.828,10.432,1.44,0.073,0.045,1.083,,,2026-10-03 02:26:00
湖南省,长江流域,马家河,2026-10-03 01:00,2,26.16,7.67,7.08,235.92,5.95,1.51,0.059,0.054,1.434,,,2026-10-03 02:26:00
湖南省,长江流域,渌水入河口,2026-10-03 01:00,2,26.0595,7.71,6.1,294.346,22.7765,1.58,0.078,0.081,1.355,,,2026-10-03 02:26:00
湖南省,长江流域,涟水入河口,2026-10-03 01:00,3,26.26,7.58,5.87,347.08,23.79,2.59,0.088,0.062,1.222,,,2026-10-03 02:26:00
湖南省,长江流域,西阳渡口,2026-10-03 00:00,3,24.59,7.55,5.47,448.67,12.82,1.88,0.189,0.036,2.284,,,2026-10-03 02:26:00
湖南省,长江流域,舂陵水入湘江口,2026-10-03 01:00,2,26.3328,7.93,7.57,273.2253,6.5936,1.03,0.05,0.046,1.0684,,,2026-10-03 02:26:00
湖南省,长江流域,熬洲,2026-10-03 00:00,2,24.79,7.51,7.18,196.0707,4.2762,0.55,0.011,0.043,1.1498,,,2026-10-03 02:26:00
湖南省,长江流域,大河滩,2026-10-03 01:00,2,20.26,7.02,6.97,173.93,8.2,0.97,0.019,0.041,1.061,,,2026-10-03 02:26:00
湖南省,长江流域,草市镇,2026-10-03 01:00,2,25.57,6.8,6.26,124.7871,7.7848,0.91,0.096,0.022,1.055,,,2026-10-03 02:26:00
湖南省,长江流域,洣水入湘江口,2026-10-03 01:00,2,25.205,7.9,7.24,120.95,11.2,1.11,0.05,0.04,0.933,,,2026-10-03 02:26:00
湖南省,长江流域,城北水厂,2026-10-03 00:00,2,26.17,7.94,7.17,212.22,5.33,1.4,0.017,0.04,1.2672,,,2026-10-03 02:26:00
湖南省,长江流域,塘渡口,2026-10-03 00:00,2,26.32,7.77,7.38,154.4364,2.9715,1.16,0.058,0.025,1.027,,,2026-10-03 02:26:00
湖南省,长江流域,窑市,2026-10-03 00:00,2,24.54,7.19,7,63.3635,5.8205,1.3,0.04,0.031,0.787,,,2026-10-03 02:26:00
湖南省,长江流域,渡头村,2026-10-03 00:00,2,27.57,7.74,6.02,217.154,5.2642,1.41,0.099,0.053,1.288,,,2026-10-03 02:26:00
湖南省,长江流域,邵水入河口,2026-10-03 00:00,3,26.34,7.57,5.08,438.122,14.765,2.64,0.205,0.077,2.036,,,2026-10-03 02:26:00
湖南省,长江流域,绥宁河口镇,2026-10-03 00:00,2,24.5636,7.42,7.68,85.4261,10.6045,1.25,0.034,0.03,0.5731,,,2026-10-03 02:26:00
湖南省,长江流域,岳阳楼,2026-10-03 00:00,3,23.89,7.84,7.3,243.8845,42.5313,1.42,0.006,0.032,1.3422,0.0001299,200599,2026-10-03 02:26:00
湖南省,长江流域,城陵矶,2026-10-03 01:00,2,23.15,7.77,7.17,243.911,59.03839,2.21,0.019,0.037,1.4355,,,2026-10-03 02:26:00
湖南省,长江流域,荆江口,2026-10-03 00:00,2,21.15,7.73,7.74,380.3857,32.7485,0.68,0.054,0.044,2.1747,,,2026-10-03 02:26:00
湖南省,长江流域,六门闸,2026-10-03 00:00,3,21.99,7.78,5.23,469.3353,27.45,2.03,0.188,0.099,0.766,,,2026-10-03 02:26:00
湖南省,长江流域,南渡,2026-10-03 00:00,2,21.95,7.08,7.82,141.36,14.45,1.96,0.08,0.096,1.319,,,2026-10-03 02:26:00
湖南省,长江流域,八仙桥,2026-10-03 00:00,2,20.05,6.95,6.54,213.0738,35.4657,3.79,0.17,0.1,1.3308,,,2026-10-03 02:26:00
湖南省,长江流域,坡头,2026-10-03 00:00,2,24.14,7.93,7.46,205.5934,23.78247,1.54,0.002,0.035,1.4091,0.0007847,,2026-10-03 02:26:00
湖南省,长江流域,蒋家嘴,2026-10-03 00:00,4,19.35,7.55,6.36,189.2928,25.946,1.39,0.11,0.055,1.1901,0.00189,1.36,2026-10-03 02:26:00
湖南省,长江流域,澧水三江口,2026-10-03 00:00,2,22.66814,7.65,7.67,239.1058,7.98994,0.59,0.007,0.03,1.07697,,,2026-10-03 02:26:00
湖南省,长江流域,窑坡渡,2026-10-03 00:00,2,21.88,8.13,6.6,283.6568,31.978,0.77,0.112,0.024,1.1021,,,2026-10-03 02:26:00
湖南省,长江流域,马坡湖,2026-10-03 00:00,2,22.38,8.02,8.26,390.998,23.222,1.89,0.026,0.073,1.98,,,2026-10-03 02:26:00
湖南省,长江流域,永定澄潭,2026-10-03 00:00,1,22.5,7.11,9.01,227.61,3.363,1.46,0.001,0.017,0.611,,,2026-10-03 02:26:00
湖南省,长江流域,藕池河中支入境,2026-10-03 00:00,3,21.306,7.88,5.77,475.59,52.111,3.88,0.012,0.044,0.646,,,2026-10-03 02:26:00
湖南省,长江流域,万家嘴,2026-10-03 00:00,2,24.55,7.73,6.93,185.7289,14.21972,1.65,0.062,0.064,2.2581,0.0019305,179145.1,2026-10-03 02:26:00
湖南省,长江流域,南嘴,2026-10-03 00:00,3,22.67,8.03,7.16,248.9603,59.58383,0.98,,0.045,1.4841,0.0115,308000.4,2026-10-03 02:26:00
湖南省,长江流域,小河嘴,2026-10-03 00:00,3,22.74,7.79,7.09,225.74,51.5946,1.3,,0.043,1.381,0.00158078,5.78613,2026-10-03 02:26:00
湖南省,长江流域,坪口,2026-10-03 00:00,2,24.8,7.54,6.14,223.3,9.505,1.64,0.047,0.039,1.872,,,2026-10-03 02:26:00
湖南省,长江流域,桃谷山,2026-10-03 00:00,2,21.65,7.81,6.73,216.827,23.3714,1.49,,0.058,1.442,,,2026-10-03 02:26:00
湖南省,长江流域,头山,2026-10-03 00:00,1,25.82,8.26,7.99,126.78,2.11,0.82,0.002,0.004,0.4712,0.0026,4498000,2026-10-03 02:26:00
湖南省,长江流域,渡口大桥,2026-10-03 00:00,2,25.11,7.17,7.42,140.13,14.75,1.7,0.079,0.079,0.9129,,,2026-10-03 02:26:00
湖南省,长江流域,五强溪,2026-10-03 00:00,2,26.11,7.63,6.03,176.835,2.0522,0.8,0.02,0.042,1.049,,,2026-10-03 02:26:00
湖南省,长江流域,铜信溪电站,2026-10-03 00:00,2,24.51,7.81,7.74,345.03,5.64,0.71,0.072,0.022,1.541,,,2026-10-03 02:26:00
湖南省,长江流域,地阳坪公路大桥,2026-10-03 00:00,3,25.43,6.97,5.49,115.439,4.5028,1.11,0.018,0.037,0.492,,,2026-10-03 02:26:00
湖南省,长江流域,托口渠水,2026-10-03 00:00,3,25.32,7.55,5.91,117.5,1.299,0.74,0.015,0.019,0.713,,,2026-10-03 02:26:00
湖南省,长江流域,舞水入河口,2026-10-03 00:00,2,25.27,8.04,6.95,365.2,4.085,0.77,0.054,0.058,1.357,,,2026-10-03 02:26:00
湖南省,长江流域,溪子口,2026-10-03 00:00,3,24.72,7.54,5.65,290.7,1.411,0.49,0.005,0.016,1.426,,,2026-10-03 02:26:00
湖南省,长江流域,球溪,2026-10-03 00:00,2,27.228,7.71,7.22,214.89,6.835,1.68,0.011,0.042,1.514,,,2026-10-03 02:26:00
湖南省,长江流域,街埠头,2026-10-03 00:00,2,25.99,7.84,8.09,377.688,5.5288,2.35,0.019,0.023,1.093,,,2026-10-03 02:26:00
湖南省,长江流域,浦市上游,2026-10-03 00:00,2,25.99,7.86,7.22,192.56,6.23,1.05,0.007,0.027,0.961,,,2026-10-03 02:26:00
湖南省,长江流域,里耶镇,2026-10-03 01:00,2,21.97,7.76,6.31,271.24,7.19,0.92,0.008,0.032,1.37,,,2026-10-03 02:26:00
湖南省,长江流域,江口,2026-10-03 00:00,3,23.95,7.7,5.97,252.7518,7.5592,0.16,0.002,0.014,1.105,,,2026-10-03 02:26:00
湖南省,长江流域,武水汇合口,2026-10-03 00:00,2,25.85,7.9,7.69,187.871,8.423,0.83,0.002,0.027,0.866,,,2026-10-03 02:26:00
广东省,珠江流域,大墩,2026-10-03 00:00,4,31.826,6.88,4.95,145.852,7.063,1.25,0.04,0.057,1.83,,,2026-10-03 02:26:00
广东省,珠江流域,高桥,2026-10-03 00:00,2,29.82447,7.3,6.13,190.216,8.69118,1.03,0.037,0.048,1.03858,,,2026-10-03 02:26:00
广东省,珠江流域,深圳河口,2026-10-03 00:00,4,30.63205,7.29,4.38,12614.59,77.72837,3.98,0.285,0.205,4.5573,,,2026-10-03 02:26:00
广东省,珠江流域,珠海大桥,2026-10-03 00:00,2,30.73,7.92,6.96,1086.39,43.426,1.21,0.047,0.045,1.974,,,2026-10-03 02:26:00
广东省,珠江流域,石角咀水闸,2026-10-03 00:00,3,31.56,7.55,5.64,723.545,40.905,2.65,0.076,0.105,3.061,,,2026-10-03 02:26:00
广东省,珠江流域,鸡啼门大桥,2026-10-03 00:00,2,30.54,7.96,6.93,1713,45.43,1.97,0.039,0.053,2.274,,,2026-10-03 02:26:00
广东省,珠江流域,布洲,2026-10-03 00:00,2,29.95,7.94,7.12,266.228,39.125,1.38,,0.04,2.088,,,2026-10-03 02:26:00
广东省,珠江流域,海门湾桥闸,2026-10-03 00:00,6,29.97,6.93,1.17,367.73,35.97,4.77,1.658,0.161,4.563,,,2026-10-03 02:26:00
广东省,珠江流域,大衙,2026-10-03 00:00,5,31.765,6.76,5.82,117.217,9.885,14.57,0.006,0.032,1.48201,,,2026-10-03 02:26:00
广东省,珠江流域,古劳,2026-10-03 00:00,2,29.76885,7.39,7,239.639,26.58445,1.78,0.015,0.04,2.04736,,,2026-10-03 02:26:00
广东省,珠江流域,苍山渡口,2026-10-03 00:00,3,30.81,7.69,5.54,4737.46,31.668,,0.071,0.1,2.406,,,2026-10-03 02:26:00
广东省,珠江流域,牛湾,2026-10-03 00:00,4,31.67,6.71,3.44,262.12,20.5,3.35,0.03,0.082,2.392,,,2026-10-03 02:26:00
广东省,珠江流域,渠首,2026-10-03 00:00,4,30.3,7.29,3.43,126.69,17.99,4.6,0.148,0.025,0.977,0.01704,3429844,2026-10-03 02:26:00
广东省,珠江流域,黄坡,2026-10-03 00:00,2,33.06,7.41,7.37,134.8,19.98,3.89,0.024,0.068,1.188,,,2026-10-03 02:26:00
广东省,珠江流域,山角,2026-10-03 00:00,3,32.01,8.88,10.26,151.17,9.85,4.4,0.006,0.034,1.441,,,2026-10-03 02:26:00
广东省,珠江流域,运河管理局,2026-10-03 00:00,3,31.08,7.49,6.73,125.96,20.39,4.08,0.034,0.024,0.882,,,2026-10-03 02:26:00
广东省,珠江流域,排里,2026-10-03 00:00,3,32.51,7.89,8.91,184.61,8.75,5.63,0.036,0.07,1.141,,,2026-10-03 02:26:00
广东省,珠江流域,南渡河桥,2026-10-03 00:00,4,32.81,6.46,4.74,163.85,11.91,3.89,0.166,0.046,2.394,,,2026-10-03 02:26:00
广东省,珠江流域,营仔,2026-10-03 00:00,3,31.66,7.09,5.09,182.76,11.68,5.03,0.089,0.056,1.054,,,2026-10-03 02:26:00
广东省,珠江流域,黄竹尾水闸,2026-10-03 00:00,3,32.79,8.25,6.65,141.16,20.17,4.9,,0.067,1.604,,,2026-10-03 02:26:00
广东省,珠江流域,塘口,2026-10-03 00:00,6,32.14,9.36,11.56,144.48,9.2,4.11,0.026,0.054,1.641,,,2026-10-03 02:26:00
广东省,珠江流域,石碧,2026-10-03 00:00,4,31.968,6.54,4.62,322.439,102.981,,0.309,,,,,2026-10-03 02:26:00
广东省,珠江流域,良德水库,2026-10-03 00:00,-1,,,,,,,,,,,,2026-10-03 02:26:00
广东省,珠江流域,米急渡,2026-10-03 00:00,3,30.81,7.04,5.1,133.352,22.538,2.01,0.206,0.087,1.797,,,2026-10-03 02:26:00
广东省,珠江流域,白沙街,2026-10-03 00:00,2,30.784,7.76,6.62,229.661,10.593,1.33,0.014,0.034,1.456,,,2026-10-03 02:26:00
广东省,珠江流域,公庄河口,2026-10-03 00:00,3,30.8,7.19,6.86,197.7,34.7,3.63,0.127,0.103,2.208,,,2026-10-03 02:26:00
广东省,珠江流域,青溪,2026-10-03 00:00,2,28.74467,7.54,8.12,183.8091,8.74285,0.99,0.021,0.044,1.13174,,,2026-10-03 02:26:00
广东省,珠江流域,五丰渡口,2026-10-03 00:00,2,28.22,6.79,6.09,99,25.72,1.3,0.258,0.051,4.1977,,,2026-10-03 02:26:00
广东省,珠江流域,新铺,2026-10-03 00:00,2,27.67,7.29,6.41,114.689,33.112,1.46,0.174,0.034,1.5819,,,2026-10-03 02:26:00
广东省,珠江流域,海丰西闸,2026-10-03 01:00,3,30.55,7.49,5.58,349.7,6.8,2.54,0.092,0.026,0.354,,,2026-10-03 02:26:00
广东省,珠江流域,东溪水闸,2026-10-03 01:00,3,31.03,6.77,5.3,312.471,22.27,4.28,0.277,0.066,0.595,,,2026-10-03 02:26:00
广东省,珠江流域,江城,2026-10-03 00:00,4,32.09,6.8,4.69,132.372,14.863,2.1,0.231,0.114,1.675,,,2026-10-03 02:26:00
广东省,珠江流域,尖山,2026-10-03 00:00,4,32.08,6.63,3.8,656.09,43.78,4.24,0.187,0.133,2.251,,,2026-10-03 02:26:00
广东省,珠江流域,埠场,2026-10-03 00:00,3,32.12,6.87,5.51,219.332,15.698,2.82,0.171,0.089,1.623,,,2026-10-03 02:26:00
广东省,珠江流域,大泉,2026-10-03 00:00,4,32.04,6.73,3.68,5812.6,11.4,2.67,0.513,0.079,1.782,,,2026-10-03 02:26:00
广东省,珠江流域,樟村,2026-10-03 00:00,4,31.5,6.89,3.15,556.13,16.53,4.08,1.394,0.191,7.239,,,2026-10-03 02:26:00
广东省,珠江流域,沙田泗盛,2026-10-03 00:00,4,30.89,6.98,3.74,1568.47,83.18,2.3,0.015,0.073,1.874,,,2026-10-03 02:26:00
广东省,珠江流域,旗岭,2026-10-03 00:00,6,29.14,7.01,0.28,258.083,795.01,4.81,1.139,0.586,6.028,,,2026-10-03 02:26:00
广东省,珠江流域,石龙南河,2026-10-03 00:00,3,30.83,6.86,5.13,129.024,12.82,1.24,0.013,0.05,1.527,,,2026-10-03 02:26:00
广东省,珠江流域,中山港码头,2026-10-03 00:00,2,30.58,7.83,6.01,294.53,17.93,1.47,0.105,0.06,2.907,,,2026-10-03 02:26:00
广东省,珠江流域,赤凤,2026-10-03 01:00,2,28.53,6.95,6.24,93.58,16.28,0.89,0.023,0.09,1.361,,,2026-10-03 02:26:00
广东省,珠江流域,龟山塔,2026-10-03 00:00,3,29.52,7.01,5.68,82.358,13.23,1.04,0.138,0.057,0.797,,,2026-10-03 02:26:00
广西壮族自治区,珠江流域,老口,2026-10-03 00:00,1,29.80122,7.83,9.42,286.4268,11.53252,1,,0.018,2.23361,,,2026-10-03 02:26:00
广西壮族自治区,珠江流域,叮当,2026-10-03 00:00,2,31.11,7.95,10.94,323.892,11.958,1.29,0.041,0.039,3.334,,,2026-10-03 02:26:00
广西壮族自治区,珠江流域,六景,2026-10-03 00:00,2,29.93,7.97,6.42,309.82,4.5,1.34,,0.025,2.362,,,2026-10-03 02:26:00
广西壮族自治区,珠江流域,上中,2026-10-03 00:00,2,30.26,7.89,7.11,298.6751,9.01118,1.57,0.022,0.019,1.88589,,,2026-10-03 02:26:00
广西壮族自治区,珠江流域,白马,2026-10-03 00:00,2,29.93,7.73,6.72,377.17,5.95,1.02,0.007,0.02,2.113,,,2026-10-03 02:26:00
广西壮族自治区,珠江流域,露塘,2026-10-03 00:00,1,29.35,7.82,7.52,207.0396,1.2795,0.51,0.003,0.007,1.09681,,,2026-10-03 02:26:00
广西壮族自治区,珠江流域,阳朔,2026-10-03 00:00,2,29.33,7.97,7.05,223.891,2.06,1.65,0.018,0.044,1.6026,,,2026-10-03 02:26:00
广西壮族自治区,珠江流域,京南,2026-10-03 00:00,2,30.69987,8.14,8.14,191.0779,4.51333,1.41,0.01,0.031,1.15353,,,2026-10-03 02:26:00
广西壮族自治区,珠江流域,亚桥,2026-10-03 00:00,2,29.62,7.4,7.45,316.293,15.556,1.9,0.022,0.088,2.313,,,2026-10-03 02:26:00
广西壮族自治区,珠江流域,东边埇,2026-10-03 00:00,2,29.02,6.94,6.38,75.8855,14.4322,1.8,0.014,0.071,1.3,,,2026-10-03 02:26:00
广西壮族自治区,珠江流域,南域,2026-10-03 00:00,2,31.32,7.09,7.1,308.2026,9.11257,3.97,0.023,0.087,2.738,,,2026-10-03 02:26:00
广西壮族自治区,珠江流域,西门江,2026-10-03 00:00,3,31.16,6.91,5.51,340.936,26.924,2.94,0.148,0.146,2.9119,,,2026-10-03 02:26:00
广西壮族自治区,珠江流域,三滩,2026-10-03 00:00,2,30.38,7.09,7.33,4206.74,8.68,,0.262,,,,,2026-10-03 02:26:00
广西壮族自治区,珠江流域,边贸码头,2026-10-03 00:00,3,30.54,6.88,6.24,106.85,12.88,1.17,0.291,0.11,1.785,,,2026-10-03 02:26:00
广西壮族自治区,珠江流域,高塘,2026-10-03 00:00,2,31.8,7.98,10.65,68.19,11.85,3.41,,0.062,1.673,,,2026-10-03 02:26:00
广西壮族自治区,珠江流域,茅岭大桥,2026-10-03 00:00,2,31.09,7.04,7.11,214.49,12.77,2.07,,0.048,0.748,,,2026-10-03 02:26:00
广西壮族自治区,珠江流域,钦江东,2026-10-03 00:00,4,29.76227,7.37,4.92,4180.441,23.36209,2.72,0.069,0.044,2.13582,,,2026-10-03 02:26:00
广西壮族自治区,珠江流域,高速公路西桥,2026-10-03 00:00,5,30.73,6.93,2.63,2397.83,132.54,4.13,0.236,0.159,3.232,,,2026-10-03 02:26:00
广西壮族自治区,珠江流域,自良渡口,2026-10-03 00:00,2,30.5,7.11,6.49,126.7246,17.42922,,0.014,0.065,1.91039,,,2026-10-03 02:26:00
广西壮族自治区,珠江流域,横塘,2026-10-03 00:00,3,31.05,7.33,6.55,453.202,5.15243,2.35,0.003,0.136,2.63505,,,2026-10-03 02:26:00
广西壮族自治区,珠江流域,隘屯,2026-10-03 00:00,2,25.97877,8.31,8.75,353.0182,3.196118,0.13,0.008,0.024,1.79034,,,2026-10-03 02:26:00
广西壮族自治区,珠江流域,公篓,2026-10-03 00:00,2,30.23,8.2,7.01,273.59,14.72,0.97,0.038,0.014,1.18,,,2026-10-03 02:26:00
广西壮族自治区,珠江流域,桂花,2026-10-03 00:00,2,29.1,7.48,6.19,198.7162,6.89008,1.21,0.003,0.029,1.07165,,,2026-10-03 02:26:00
广西壮族自治区,珠江流域,贺街,2026-10-03 00:00,2,29.4,7.77,7.18,209.34,11.209,1.03,0.04,0.042,1.217,,,2026-10-03 02:26:00
广西壮族自治区,珠江流域,垒亭,2026-10-03 00:00,2,27.20669,7.64,6.48,373.1126,3.37904,0.7,0.006,0.014,2.11978,,,2026-10-03 02:26:00
广西壮族自治区,珠江流域,上金,2026-10-03 00:00,2,31.14,6.9,6.23,130.1692,28.46,1.65,,0.018,1.5873,,,2026-10-03 02:26:00
广西壮族自治区,珠江流域,渠立,2026-10-03 00:00,1,29.09,7.79,10.02,333.584,7.289,1.32,0.039,0.009,1.898,,,2026-10-03 02:26:00
广西壮族自治区,珠江流域,棉江,2026-10-03 00:00,2,30.03,7.59,6.67,217.758,10.001,1.34,0.007,0.021,1.2718,,,2026-10-03 02:26:00
海南省,珠江流域,龙塘,2026-10-03 00:00,2,31,7.3,6.83,113.9,4.1,1.75,0.016,0.061,1.505,,,2026-10-03 02:26:00
海南省,珠江流域,儒房,2026-10-03 00:00,2,30.8,7.3,7.17,6527.35,21.7,2.54,0.2,0.056,1.412,,,2026-10-03 02:26:00
海南省,珠江流域,后黎村,2026-10-03 00:00,2,31.7,7.41,9.11,83,23.5,3.21,0.001,0.048,1.119,,,2026-10-03 02:26:00
海南省,珠江流域,林家村,2026-10-03 00:00,2,31.38,7.23,8.28,127.53,26.08,1.83,0.016,0.028,2.478,,,2026-10-03 02:26:00
海南省,珠江流域,崖城大桥,2026-10-03 00:00,2,28.3,6.62,7.57,104.38,148.1,2.21,,0.056,4.123,,,2026-10-03 02:26:00
海南省,珠江流域,藤桥河大桥,2026-10-03 00:00,2,30.82,7.44,8.62,309.16,45.05,2.08,,0.048,1.6,,,2026-10-03 02:26:00
海南省,珠江流域,松涛水库南丰库心,2026-10-03 00:00,2,31.95753,8.28,7.12,73.33143,1.921419,1.1,0.005,0.006,0.2096598,0.01835565,4043009,2026-10-03 02:26:00
海南省,珠江流域,上村桥,2026-10-03 00:00,2,31,7.19,7.01,150.6,29.6,3.2,0.01,0.063,1.772,,,2026-10-03 02:26:00
海南省,珠江流域,中和桥,2026-10-03 00:00,3,30.7,7.11,5.85,142.5,33.3,3.85,0.093,0.109,1.14,,,2026-10-03 02:26:00
海南省,珠江流域,汀洲,2026-10-03 00:00,2,29.09,6.31,6.88,58.28,33.58,1.96,0.058,0.095,0.681,,,2026-10-03 02:26:00
海南省,珠江流域,龙江,2026-10-03 00:00,2,27.85,6.62,7.35,61.03,26.5,2.02,0.028,0.081,0.994,,,2026-10-03 02:26:00
海南省,珠江流域,溪仔村,2026-10-03 00:00,2,27.6,6.67,8.32,63.27,14.45,1.99,0.004,0.039,1.174,,,2026-10-03 02:26:00
海南省,珠江流域,羊头外村桥,2026-10-03 00:00,3,32.72,7.32,8.94,119.78,18.25,4.83,0.015,0.1,1.623,,,2026-10-03 02:26:00
海南省,珠江流域,农垦橡胶所一队,2026-10-03 00:00,2,30.1,6.85,6.98,71.9,25.5,0.72,0.01,0.02,1.893,,,2026-10-03 02:26:00
海南省,珠江流域,水涯新区,2026-10-03 00:00,2,32.2,7.23,9.44,907.6,13.4,2.52,,0.035,1.439,,,2026-10-03 02:26:00
海南省,珠江流域,分洪桥,2026-10-03 00:00,2,32.28,6.43,9.22,88.53,6.19,2.45,0.002,0.038,0.738,,,2026-10-03 02:26:00
海南省,珠江流域,后山村,2026-10-03 00:00,6,31.95,6.71,1.23,157.261,23.9717,4.72,0.558,0.216,3.468,,,2026-10-03 02:26:00
海南省,珠江流域,大广坝水库出口,2026-10-03 00:00,4,25.678,6.89,5.16,58.286,236.372,1.9,0.082,0.069,1.728,0.006465,1.09656,2026-10-03 02:26:00
海南省,珠江流域,罗带铁路桥,2026-10-03 00:00,4,31.6,7.67,6.34,6293.1,34.4,5.27,0.156,0.252,2.711,,,2026-10-03 02:26:00
海南省,珠江流域,山口,2026-10-03 00:00,2,31.23,6.75,7.17,87.13,17.13,2.78,0.022,0.032,1.047,,,2026-10-03 02:26:00
海南省,珠江流域,白仞滩电站,2026-10-03 00:00,3,31.7,7.11,6.66,138.9,34.5,3.01,0.066,0.139,1.881,,,2026-10-03 02:26:00
海南省,珠江流域,大风,2026-10-03 00:00,3,28.04307,6.49,6.53,96.88019,306.7319,3.59,,0.122,0.4933823,,,2026-10-03 02:26:00
海南省,珠江流域,叉河口,2026-10-03 00:00,2,30,7.26,7.32,191.9,36.1,1.89,0.003,0.062,2.259,,,2026-10-03 02:26:00
海南省,珠江流域,乐中,2026-10-03 00:00,2,28.5,7.37,7.55,83,83.8,1.51,,0.047,0.774,,,2026-10-03 02:26:00
海南省,珠江流域,跨界桥,2026-10-03 00:00,2,30.9,8.54,12.01,88.3,25.7,1.79,0.002,0.04,1.078,,,2026-10-03 02:26:00
海南省,珠江流域,群英大坝,2026-10-03 00:00,2,30.1,7.24,7.79,81,16.1,1.67,0.002,0.048,0.972,,,2026-10-03 02:26:00
海南省,珠江流域,大溪村,2026-10-03 00:00,2,30.3,7.13,7.83,146.4,15.4,2.44,0.041,0.053,1.112,,,2026-10-03 02:26:00
重庆市,长江流域,晒网坝,2026-10-03 00:00,2,24.55,7.93,6.62,386.6793,6.7883,1.72,,0.052,2.037,,,2026-10-03 02:26:00
重庆市,长江流域,向家,2026-10-03 00:00,3,22.02,7.92,9.43,215.148,60.034,4.16,,0.095,1.846,,,2026-10-03 02:26:00
重庆市,长江流域,磨刀溪长滩,2026-10-03 00:00,2,22.48,7.59,7.49,225.505,27.476,3.96,0.043,0.078,1.416,,,2026-10-03 02:26:00
重庆市,长江流域,清溪场,2026-10-03 00:00,2,23.64,7.86,7.39,356.5067,23.7497,1.9,,0.07,1.6,,,2026-10-03 02:26:00
重庆市,长江流域,木瓜洞,2026-10-03 00:00,4,23.08,7.89,8.44,356.029,144.8562,6.06,,0.178,3.859,,,2026-10-03 02:26:00
重庆市,长江流域,寸滩,2026-10-03 00:00,2,23.16,7.84,7.38,399.047,45.512,1.52,,0.066,1.547,,,2026-10-03 02:26:00
重庆市,长江流域,和尚山,2026-10-03 00:00,2,22.86,7.95,7.24,393.43,36.82,1.65,0.077,0.068,1.816,,,2026-10-03 02:26:00
重庆市,长江流域,寨溪大桥,2026-10-03 00:00,3,22.27,7.9,8.86,450.1929,65.0728,4.47,0.057,0.127,2.717,,,2026-10-03 02:26:00
重庆市,长江流域,石门坎,2026-10-03 00:00,3,20.35,8.17,8.73,356.14,91.99,4.13,0.05,0.087,4.176,,,2026-10-03 02:26:00
重庆市,长江流域,玉滩水库,2026-10-03 00:00,4,25.87,7.44,3.74,413.3069,13.67577,4.42,0.018,0.018,0.76367,0.04157246,1.828786,2026-10-03 02:26:00
重庆市,长江流域,御临镇,2026-10-03 00:00,3,24.43,7.79,7.08,405.045,35.253,3.81,,0.11,2.644,,,2026-10-03 02:26:00
重庆市,长江流域,黎家乡崔家岩村,2026-10-03 00:00,4,23.87,7.35,4.28,445.37,18.02,4.56,0.066,0.074,2.143,,,2026-10-03 02:26:00
重庆市,长江流域,运输桥,2026-10-03 00:00,4,24.92,7.22,3.04,343.2639,22.8581,5.26,0.057,0.138,1.376,,,2026-10-03 02:26:00
重庆市,长江流域,支坪街道,2026-10-03 00:00,3,23.27,7.84,7.86,361.7626,427.7852,4.4,,0.122,2.068,,,2026-10-03 02:26:00
重庆市,长江流域,江津大桥,2026-10-03 00:00,2,22.67,8.05,7.65,381.55,36.59,2.13,,0.054,1.188,,,2026-10-03 02:26:00
重庆市,长江流域,朱杨溪,2026-10-03 00:00,3,25.39,7.78,7.44,707.77,23.11,3.73,0.024,0.144,5.968,,,2026-10-03 02:26:00
重庆市,长江流域,北渡,2026-10-03 00:00,2,21.84,8.14,9.26,366.5185,138.803,3.44,0.03,0.092,3.63,,,2026-10-03 02:26:00
重庆市,长江流域,白杨溪,2026-10-03 00:00,2,22.53,7.79,8.26,136.681,82.783,3.23,,0.065,2.168,,,2026-10-03 02:26:00
重庆市,长江流域,太和,2026-10-03 00:00,2,24.78,7.9,7.29,424.37,19.3,2.41,0.005,0.069,2.875,,,2026-10-03 02:26:00
重庆市,长江流域,官渡,2026-10-03 00:00,3,21.55,7.54,8.69,256.6813,151.71,3.75,,0.105,2.375,,,2026-10-03 02:26:00
重庆市,长江流域,临渡,2026-10-03 00:00,3,25.16,7.55,5.31,524.4,17.348,,,,,,,2026-10-03 02:26:00
重庆市,长江流域,渠江码头,2026-10-03 01:00,3,20.58,7.67,9.09,259.9,178.753,2.99,,0.11,3.789,,,2026-10-03 02:26:00
重庆市,长江流域,四明水厂,2026-10-03 00:00,3,24.86,8.03,7.12,412.5,10.2,5.07,0.038,0.069,1.011,,,2026-10-03 02:26:00
重庆市,长江流域,金狮桥,2026-10-03 00:00,1,20.37,8.21,8.52,231.394,10.591,0.94,0.115,0.012,0.853,,,2026-10-03 02:26:00
重庆市,长江流域,璧南河两河口,2026-10-03 00:00,3,24.87,7.53,5.47,711.216,14.956,5.16,0.118,0.15,2.492,,,2026-10-03 02:26:00
重庆市,长江流域,中和,2026-10-03 00:00,4,24.97,7.56,4.89,627.6,5.9,4.87,0.063,0.138,3.286,,,2026-10-03 02:26:00
重庆市,长江流域,玉溪,2026-10-03 00:00,2,23.36,7.87,8.16,498.4044,17.1303,2.07,0.034,0.086,2.535,,,2026-10-03 02:26:00
重庆市,长江流域,高洞电站,2026-10-03 00:00,4,25.899,7.5,3.73,653.973,8.725,5.01,0.033,0.145,2.589,,,2026-10-03 02:26:00
重庆市,长江流域,上河坝,2026-10-03 01:00,4,22.11,7.72,8.23,229.26,42.12,6.74,0.118,0.196,1.675,,,2026-10-03 02:26:00
重庆市,长江流域,芙蓉洞码头,2026-10-03 00:00,2,25.6,8.05,6.95,289.72,40.13,0.22,,0.011,1.403,,,2026-10-03 02:26:00
重庆市,长江流域,鸭江镇,2026-10-03 00:00,2,23.13,7.98,8.56,408.523,35.7,3.24,,0.074,2.516,,,2026-10-03 02:26:00
重庆市,长江流域,江口镇,2026-10-03 00:00,2,24.023,7.94,6.23,320.337,9.307,0.94,0.019,0.018,1.588,,,2026-10-03 02:26:00
重庆市,长江流域,水寨子,2026-10-03 00:00,2,16.39,7.99,9.68,218.886,81.579,1.89,0.013,0.06,0.708,,,2026-10-03 02:26:00
重庆市,长江流域,湖海场,2026-10-03 00:00,3,20.88,7.68,8.44,221.664,62.273,4.37,0.002,0.117,2.203,,,2026-10-03 02:26:00
重庆市,长江流域,卫星桥,2026-10-03 00:00,3,21.31,8.25,9.2,366.0695,55.273,4.94,,0.084,2.656,,,2026-10-03 02:26:00
重庆市,长江流域,高洞梁,2026-10-03 00:00,2,20.94,8.03,8.44,368.265,37.632,3.52,0.087,0.078,2.006,,,2026-10-03 02:26:00
重庆市,长江流域,苏家,2026-10-03 00:00,2,24.69,7.81,7.26,365.6512,21.6417,2.04,,0.063,1.659,,,2026-10-03 02:26:00
重庆市,长江流域,清水湖渡口,2026-10-03 00:00,1,22.82,8.4,8.41,222.374,2.5471,1.52,0.007,0.019,1.4355,,,2026-10-03 02:26:00
重庆市,长江流域,小江河口,2026-10-03 00:00,4,24.34,7.65,4.95,382.13,3.17,2.07,,0.054,1.819,,,2026-10-03 02:26:00
重庆市,长江流域,罗汉大桥,2026-10-03 00:00,2,18.44,7.95,10.04,215.16,42.86,2.1,,0.058,1.697,,,2026-10-03 02:26:00
重庆市,长江流域,白帝城,2026-10-03 00:00,2,24.32,7.84,6.4,392.842,12.787,1.38,,0.047,1.706,,,2026-10-03 02:26:00
重庆市,长江流域,培石,2026-10-03 00:00,2,24.2923,7.73,7.2,392.0043,21.3442,1.24,0.081,0.048,1.4698,,,2026-10-03 02:26:00
重庆市,长江流域,化杠,2026-10-03 00:00,2,16.9,7.48,9.11,77.83,17.2,3.38,0.02,0.032,0.6924,,,2026-10-03 02:26:00
重庆市,长江流域,万木,2026-10-03 00:00,2,23.21,7.72,6.71,426.74,2.3,0.67,0.004,0.032,3.479,,,2026-10-03 02:26:00
重庆市,长江流域,红花村,2026-10-03 00:00,2,21.441,7.81,9.42,238.782,20.621,1.45,,0.031,1.576,,,2026-10-03 02:26:00
重庆市,长江流域,南洞沟,2026-10-03 00:00,4,23.35,7.68,4.81,362.128,4.63,0.7,0.002,0.019,0.726,,,2026-10-03 02:26:00
四川省,长江流域,二江寺,2026-10-03 00:00,2,19.55,7.94,8.56,374.2,17.2,0.78,0.048,0.051,1.676,,,2026-10-03 02:26:00
四川省,长江流域,岳店子下,2026-10-03 00:00,3,22.75275,7.97,6.9,421.6464,8.08764,1.46,0.045,0.118,2.67071,,,2026-10-03 02:26:00
四川省,长江流域,李家湾,2026-10-03 00:00,3,24.63,7.93,7.92,461.1,9.7,2.33,0.003,0.164,2.983,,,2026-10-03 02:26:00
四川省,长江流域,廖家堰,2026-10-03 00:00,3,25.58,7.91,7.32,960.521,29.13,4.11,0.123,0.177,2.449,,,2026-10-03 02:26:00
四川省,长江流域,脚仙村,2026-10-03 00:00,3,24.41,7.94,7.95,482.8,24.9,1.76,0.032,0.145,3.013,,,2026-10-03 02:26:00
四川省,长江流域,龙洞,2026-10-03 00:00,1,20.29,8.28,8.63,726,5.881,1.49,0.007,0.008,0.47943,,,2026-10-03 02:26:00
四川省,长江流域,倮果,2026-10-03 00:00,1,21.27,8.33,8.68,753.6304,26.2224,0.61,0.006,0.013,0.56941,,,2026-10-03 02:26:00
四川省,长江流域,雅砻江口,2026-10-03 00:00,2,22.155,7.96,8.9,,0.1986,,0.005,0.025,1.02127,,,2026-10-03 02:26:00
四川省,长江流域,柏枝,2026-10-03 00:00,1,19.97,8.05,7.58,205.2482,23.56508,1.54,0.006,0.009,0.6825,,,2026-10-03 02:26:00
四川省,长江流域,湾凼,2026-10-03 00:00,5,24.44386,7.43,2.4,585.8414,9.435651,4.04,0.006,0.036,0.386056,,,2026-10-03 02:26:00
四川省,长江流域,手爬岩,2026-10-03 00:00,2,22.65,7.9,7.59,385.746,15.2263,1.47,,0.065,1.422,,,2026-10-03 02:26:00
四川省,长江流域,沱江大桥,2026-10-03 01:00,3,25.3,7.98,6.82,507.1186,27.93113,2.35,0.004,0.173,3.307608,,,2026-10-03 02:26:00
四川省,长江流域,醒觉溪,2026-10-03 00:00,2,23.95,7.84,7.19,282.1,36.8,2.93,0.057,0.054,2.255,,,2026-10-03 02:26:00
四川省,长江流域,胡市大桥,2026-10-03 00:00,5,26.85,7.35,2.58,482.8768,6.0973,4.67,0.064,0.13,1.1768,,,2026-10-03 02:26:00
四川省,长江流域,泸天化大桥,2026-10-03 00:00,2,24.92,7.81,7.16,465.147,55.1804,2.16,,0.052,2.28,,,2026-10-03 02:26:00
四川省,长江流域,纳溪大渡口,2026-10-03 00:00,2,22.59,7.84,7.96,360.214,8.944,0.71,,0.065,1.2563,,,2026-10-03 02:26:00
四川省,长江流域,太平渡,2026-10-03 01:00,3,22.85457,8.15,7.99,544.3824,37.09964,1.86,0.178,0.112,3.483,,,2026-10-03 02:26:00
四川省,长江流域,象山,2026-10-03 00:00,3,24.98,7.77,5.16,570.77,7.9,4.31,0.016,0.098,3.207,,,2026-10-03 02:26:00
四川省,长江流域,双江桥,2026-10-03 00:00,2,22.18,8.07,8.04,584.57,27.31,1.66,0.027,0.097,2.687,,,2026-10-03 02:26:00
四川省,长江流域,三川,2026-10-03 00:00,3,21.94,8.14,7.92,581.3,18.4,0.92,0.039,0.115,2.822,,,2026-10-03 02:26:00
四川省,长江流域,西平镇,2026-10-03 00:00,2,22.6,8.15,8.26,532.1,26.71,1.19,,0.088,3.006,,,2026-10-03 02:26:00
四川省,长江流域,平武水文站,2026-10-03 00:00,1,14.49,8.39,9.14,247.308,73.45085,0.79,0.003,0.016,0.84777,,,2026-10-03 02:26:00
四川省,长江流域,丰谷,2026-10-03 00:00,1,20.79041,8.03,8.59,283.148,15.35803,0.85,0.008,0.019,0.58351,,,2026-10-03 02:26:00
四川省,长江流域,鲁班岛,2026-10-03 00:00,2,23.50025,8.87,10.44,249.0035,3.75903,1.95,0.009,0.02,0.24788,0.00509,2.102614,2026-10-03 02:26:00
四川省,长江流域,北川通口,2026-10-03 00:00,1,17.83045,8.3,9.4,227.3154,83.95954,0.92,0.005,0.011,1.44497,,,2026-10-03 02:26:00
四川省,长江流域,八庙沟,2026-10-03 00:00,1,21.46,8.37,8.38,357.1914,7.95518,0.32,0.01,0.009,,,,2026-10-03 02:26:00
四川省,长江流域,姚渡,2026-10-03 00:00,1,17.4915,8.26,9.06,323.9209,84.37106,1.64,0.042,,1.76,,,2026-10-03 02:26:00
四川省,长江流域,苴国村,2026-10-03 00:00,1,21.58,8,8.18,298.4606,4.88239,1.13,0.009,0.014,0.97719,,,2026-10-03 02:26:00
四川省,长江流域,上石盘,2026-10-03 00:00,2,21.7,8.15,7.28,366.0094,10.85246,1.34,0.009,0.015,1.43441,,,2026-10-03 02:26:00
四川省,长江流域,清泉乡,2026-10-03 00:00,2,23.96,7.72,6.95,310.1,8.2737,2.14,0.017,0.028,1.033,,,2026-10-03 02:26:00
四川省,长江流域,大安,2026-10-03 00:00,3,24.47,7.56,5.08,502.64,14.2,5.37,0.048,0.159,1.8707,,,2026-10-03 02:26:00
四川省,长江流域,梓江大桥,2026-10-03 00:00,2,24.51,8,6.17,493,6.3,3.12,,0.079,3.018,,,2026-10-03 02:26:00
四川省,长江流域,大埂,2026-10-03 00:00,4,24.65,7.64,4.68,555.6,5.11,4.99,0.062,0.096,1.593202,,,2026-10-03 02:26:00
四川省,长江流域,球溪河口,2026-10-03 01:00,3,25.57,7.75,6.29,609.19,17.9,5.05,0.013,0.193,5.381,,,2026-10-03 02:26:00
四川省,长江流域,李码头,2026-10-03 00:00,2,20.73836,8.19,8.55,266.6259,22.90433,0.77,0.001,0.03,1.44244,,,2026-10-03 02:26:00
四川省,长江流域,马边河河口,2026-10-03 00:00,2,20.81771,8,8.44,266.1024,4.23579,0.93,0.001,0.034,1.46998,,,2026-10-03 02:26:00
四川省,长江流域,金溪电站,2026-10-03 00:00,4,24.55,7.56,4.97,325.434,10.7244,2.01,0.014,0.041,1.663,,,2026-10-03 02:26:00
四川省,长江流域,升钟水库铁炉寺,2026-10-03 00:00,3,24.11,8.1,6.3,346.33,3.75,4.95,,0.018,2.646,,,2026-10-03 02:26:00
四川省,长江流域,彭山岷江大桥,2026-10-03 00:00,2,21.53,8.06,9.94,350.011,12.12134,1.49,0.008,0.045,1.41156,,,2026-10-03 02:26:00
四川省,长江流域,龟都府,2026-10-03 00:00,2,18.92,8.07,8.16,236.6786,3.720745,0.61,0.031,0.056,1.165095,,,2026-10-03 02:26:00
四川省,长江流域,越溪河两河口,2026-10-03 00:00,3,24.55,7.62,5.88,501.6,7.3,4.36,,0.085,2.949,,,2026-10-03 02:26:00
四川省,长江流域,月波,2026-10-03 00:00,2,20.35,7.63,9.53,284.7,13.1,1.01,0.055,0.058,1.301,,,2026-10-03 02:26:00
四川省,长江流域,凉姜沟,2026-10-03 01:00,2,21.34,7.97,9.14,278.9594,5.781784,1.52,0.007,0.055,1.389798,,,2026-10-03 02:26:00
四川省,长江流域,挂弓山,2026-10-03 00:00,2,22.48386,7.96,7.42,387.9079,5.98212,0.74,0.024,0.041,1.50719,,,2026-10-03 02:26:00
四川省,长江流域,蔡家渡口,2026-10-03 00:00,2,24.89078,7.81,6.45,659.2374,11.32354,2,0.009,0.063,2.42299,,,2026-10-03 02:26:00
四川省,长江流域,三块石,2026-10-03 01:00,1,23.1,7.99,7.53,465.02,6.22,0.99,,0.018,1.019,,,2026-10-03 02:26:00
四川省,长江流域,洛亥,2026-10-03 00:00,3,18.96,8.25,8.86,276.937,33.4616,1.62,0.093,0.138,2.13,,,2026-10-03 02:26:00
四川省,长江流域,溪口镇平桥村,2026-10-03 01:00,3,21.8,7.56,8.42,269.26,39.14,5.61,0.048,0.095,1.411,,,2026-10-03 02:26:00
四川省,长江流域,金子,2026-10-03 00:00,2,24.4,7.81,6.83,299.85,16.91,2.22,0.053,0.043,1.8677,,,2026-10-03 02:26:00
四川省,长江流域,烈面,2026-10-03 01:00,3,25.3,7.39,5.92,309.6,10.2,1.56,0.016,0.048,1.645,,,2026-10-03 02:26:00
四川省,长江流域,幺滩,2026-10-03 00:00,3,23.47,8.09,8.61,364.67,70.25,5.67,0.034,0.17,3.148,,,2026-10-03 02:26:00
四川省,长江流域,大蹬沟,2026-10-03 00:00,2,22.34,7.74,7.33,278.6,53.6,3.42,0.003,0.099,1.986,,,2026-10-03 02:26:00
四川省,长江流域,白兔乡,2026-10-03 00:00,3,22.9,7.96,8.45,460.4,8.56,4.74,0.078,0.153,,,,2026-10-03 02:26:00
四川省,长江流域,联盟桥,2026-10-03 00:00,3,20.791,7.51,7.24,199.71,42.72,5.73,0.036,0.104,1.6334,,,2026-10-03 02:26:00
四川省,长江流域,舵石盘,2026-10-03 00:00,3,20.5,8.04,9.7,286.8,169.3,4.02,0.105,0.1,2.045,,,2026-10-03 02:26:00
四川省,长江流域,车家河,2026-10-03 00:00,3,19.75,7.96,9.15,247.1,95.08,4.34,0.032,0.101,1.951,,,2026-10-03 02:26:00
四川省,长江流域,三谷庄,2026-10-03 00:00,2,19.77159,8.23,7.35,228.1728,10.50783,0.98,0.003,0.013,0.48806,,,2026-10-03 02:26:00
四川省,长江流域,大岗山,2026-10-03 00:00,1,16.66,8.03,7.68,213.9736,16.40495,1.18,0.01,0.013,0.78167,,,2026-10-03 02:26:00
四川省,长江流域,手傍岩,2026-10-03 00:00,2,22.5,7.9,7.48,349.7,14.1,1.56,0.204,0.055,1.125,,,2026-10-03 02:26:00
四川省,长江流域,幸福村,2026-10-03 00:00,3,23.94,8.03,8.16,465,17.1,1.17,0.04,0.109,2.832,,,2026-10-03 02:26:00
四川省,长江流域,拱城铺渡口,2026-10-03 00:00,3,23.73,8.06,8.31,480.22,22.1,0.82,0.018,0.118,2.936,,,2026-10-03 02:26:00
四川省,长江流域,红光村,2026-10-03 01:00,3,22.23,7.59,5.88,659.84,34.07,5.4,0.022,0.13,1.67,,,2026-10-03 02:26:00
四川省,长江流域,两河,2026-10-03 01:00,3,24.59,7.75,5.28,606.18,11.64,5.97,0.083,0.104,3.058,,,2026-10-03 02:26:00
四川省,长江流域,县城马踏石点,2026-10-03 00:00,1,14.17764,8.42,9.96,339.7131,213.9158,0.96,0.05,0.012,0.69053,,,2026-10-03 02:26:00
四川省,长江流域,渭门桥,2026-10-03 00:00,1,15.08,8.31,8.65,223.6277,63.71813,0.12,0.0005,0.019,0.39016,,,2026-10-03 02:26:00
四川省,长江流域,小水沟,2026-10-03 00:00,2,12.56042,8.38,7.47,226.2941,49.76991,1.3,0.054,0.015,1.0752,,,2026-10-03 02:26:00
四川省,长江流域,竹巴龙村,2026-10-03 00:00,3,12.24,8.28,6.64,1913.9,380.9,2.73,0.361,0.163,2.73,,,2026-10-03 02:26:00
四川省,长江流域,昔街大桥,2026-10-03 00:00,5,21.03,7.71,7.28,183.11,615.52,5.25,0.141,0.343,,,,2026-10-03 02:26:00
四川省,长江流域,阿七大桥,2026-10-03 00:00,3,21.15,7.84,6.67,186.4834,239.4868,4.41,0.087,0.148,3.34943,,,2026-10-03 02:26:00
四川省,长江流域,邛海湖心,2026-10-03 00:00,3,25.67,8.42,6.57,302.4653,4.68459,2,0.002,0.03,0.2695,0.00246,54080.82,2026-10-03 02:26:00
贵州省,长江流域,棉花渡,2026-10-03 00:00,2,24.08,7.92,7.12,464.39,1.7915,1.83,,0.056,2.9523,,,2026-10-03 02:26:00
贵州省,长江流域,贵铝泵房,2026-10-03 00:00,2,24.8191,8.41,7.88,346.6948,5.446,2.74,0.023,0.025,1.33,0.01984,2011492,2026-10-03 02:26:00
贵州省,长江流域,花鱼洞,2026-10-03 00:00,6,23.8182,7.42,0.79,337.847,1.8845,1.43,0.293,0.016,0.8897,0.00243,2266322,2026-10-03 02:26:00
贵州省,长江流域,麦穰,2026-10-03 00:00,3,22.41,8,6.88,588.81,16.32,3.13,0.318,0.16,4.364,,,2026-10-03 02:26:00
贵州省,珠江流域,青岩,2026-10-03 00:00,3,22.31,7.9,5.62,547.9985,11.638,3.22,0.132,0.119,4.0078,,,2026-10-03 02:26:00
贵州省,长江流域,龙场,2026-10-03 00:00,2,21.58,7.96,6.54,418.65,3.04,0.65,0.016,0.013,3.723,,,2026-10-03 02:26:00
贵州省,珠江流域,发耳,2026-10-03 00:00,3,22.38,8.34,7.8,331.153,426.949,2.72,,0.144,2.867,,,2026-10-03 02:26:00
贵州省,长江流域,打秋坪,2026-10-03 00:00,3,23.69,8.12,7.88,610.6,10.1,2.75,0.256,0.149,5.633,,,2026-10-03 02:26:00
贵州省,长江流域,鱼塘大桥,2026-10-03 00:00,2,24.44,7.92,7.48,335.32,9.796,0.75,,0.012,1.778,,,2026-10-03 02:26:00
贵州省,长江流域,沿江渡,2026-10-03 00:00,2,25.18,8.19,6.14,348.32,3.24,2.19,,0.012,2.272,,,2026-10-03 02:26:00
贵州省,长江流域,鲤鱼塘,2026-10-03 00:00,2,25.76,7.89,6.15,527.32,1.978,1.83,0.051,0.048,3.307,,,2026-10-03 02:26:00
贵州省,长江流域,坡渡,2026-10-03 00:00,2,19.95,8.06,9.16,300.8,38.02,0.96,0.01,0.025,0.919,,,2026-10-03 02:26:00
贵州省,长江流域,余庆河暗溪坪,2026-10-03 00:00,2,23.94,7.54,7.92,336.62,6.32,1.08,0.127,0.039,1.631,,,2026-10-03 02:26:00
贵州省,长江流域,羊柱头渡口,2026-10-03 00:00,3,22.08,7.74,7.21,578.97,17.478,3.1,0.771,0.184,4.748,,,2026-10-03 02:26:00
贵州省,长江流域,长沙,2026-10-03 00:00,3,20.9394,8.23,9.27,204.5897,99.7818,4.58,0.031,0.039,2.4236,,,2026-10-03 02:26:00
贵州省,长江流域,茅台,2026-10-03 00:00,2,22.84,8.14,7.13,443.85,18.49,1.29,,0.017,3.801,,,2026-10-03 02:26:00
贵州省,珠江流域,黄果树,2026-10-03 00:00,2,23.9426,8.13,8.7,510.2,13.26,1.39,0.034,0.062,2.09,,,2026-10-03 02:26:00
贵州省,长江流域,斯拉河大桥,2026-10-03 00:00,2,25.49,8.56,9.02,345.73,9.01,2.75,0.01,0.018,3.283,,,2026-10-03 02:26:00
贵州省,珠江流域,打邦,2026-10-03 00:00,1,29.88,8.26,7.79,438.51,5.045,1.33,,0.009,2.699,,,2026-10-03 02:26:00
贵州省,长江流域,小屯,2026-10-03 00:00,2,24.9,7.96,6.66,379.0301,4.522,2.06,0.027,0.029,4.31,,,2026-10-03 02:26:00
贵州省,长江流域,清水铺,2026-10-03 00:00,2,21.422,8.23,7.81,397.749,24.922,1.01,0.01,0.035,4.536,,,2026-10-03 02:26:00
贵州省,长江流域,鱼市,2026-10-03 00:00,3,22.13,7.57,8.96,278.728,511.9074,1.84,0.002,0.139,1.400349,,,2026-10-03 02:26:00
贵州省,长江流域,下干溪,2026-10-03 00:00,3,22.38,7.93,5.96,361.69,4.61,0.67,0.09,0.027,2.773,,,2026-10-03 02:26:00
贵州省,珠江流域,坝草,2026-10-03 00:00,1,27.7343,8.25,8.57,401.569,3.173,1.12,0.011,0.006,2.8979,,,2026-10-03 02:26:00
贵州省,珠江流域,万峰湖,2026-10-03 00:00,3,27.61,8.35,7.12,310.79,2.45,0.78,,0.037,3.011,0.027,1058259,2026-10-03 02:26:00
贵州省,珠江流域,岔河口,2026-10-03 00:00,6,27.3656,9.14,10.25,254.8562,3.357,3.46,,0.011,1.4197,,,2026-10-03 02:26:00
贵州省,珠江流域,蔗香北,2026-10-03 00:00,1,28.89,8.32,11.64,258.7417,4.9438,1.08,0.002,0.011,2.5276,,,2026-10-03 02:26:00
贵州省,珠江流域,黄泥河,2026-10-03 00:00,2,20.7927,8.12,7.16,423.9645,32.4546,1.38,,0.043,3.675,,,2026-10-03 02:26:00
贵州省,珠江流域,赵家渡,2026-10-03 00:00,2,24.28,8.17,7.06,472.601,7.71,1.75,0.074,0.082,5.209,,,2026-10-03 02:26:00
贵州省,珠江流域,坡脚,2026-10-03 00:00,2,29.5,8.34,14.62,352.2942,20.9831,2.15,,0.023,3.9142,,,2026-10-03 02:26:00
贵州省,珠江流域,蔗香南,2026-10-03 00:00,1,30.2,8.69,9.25,254.1,4.9,1.47,,0.015,2.0402,,,2026-10-03 02:26:00
贵州省,长江流域,金紫,2026-10-03 00:00,3,23.75,7.54,5.4,184.3863,7.45,0.68,0.002,0.022,1.279,,,2026-10-03 02:26:00
贵州省,长江流域,平敏大桥,2026-10-03 00:00,2,25.04,7.83,7.3,167.03,11.6,1.2,,0.028,0.646,,,2026-10-03 02:26:00
贵州省,长江流域,旁海,2026-10-03 00:00,3,23.72,8.01,5.92,520.47,18.23,1.79,,0.072,2.366,,,2026-10-03 02:26:00
贵州省,珠江流域,榕江,2026-10-03 00:00,2,26.15,7.54,7.14,130.25,7.53,0.82,0.097,0.039,0.572,,,2026-10-03 02:26:00
贵州省,长江流域,甘溪高碑,2026-10-03 00:00,2,19.05,7.96,8.61,340.8,54.84,2.82,0.001,0.054,1.5754,,,2026-10-03 02:26:00
贵州省,长江流域,跳鱼洞,2026-10-03 00:00,3,21.17,8.01,7.35,344.53,26.72,3.95,0.402,0.198,4.266,,,2026-10-03 02:26:00
贵州省,长江流域,凤山桥边,2026-10-03 00:00,3,20.9016,8.44,8.59,449.36,36.7029,3.03,0.469,0.159,3.785,,,2026-10-03 02:26:00
贵州省,珠江流域,边外河,2026-10-03 01:00,2,24.88,7.63,6.93,342.27,3.29,0.84,,0.005,1.64,,,2026-10-03 02:26:00
贵州省,珠江流域,界牌,2026-10-03 00:00,1,24.249,7.95,7.83,301.587,2.457,1.23,0.025,0.011,0.576,,,2026-10-03 02:26:00
贵州省,珠江流域,甲茶,2026-10-03 00:00,3,23.7812,7.65,5.1,324.3018,0.2817,0.7,0.005,0.005,1.0223,,,2026-10-03 02:26:00
云南省,长江流域,通仙桥,2026-10-03 00:00,3,20.79,7.84,5.67,560.56,8.257,1.36,,0.144,6.669,,,2026-10-03 02:26:00
云南省,长江流域,普渡河桥,2026-10-03 00:00,3,23.17,7.77,5.22,589.725,8.2909,2.82,0.183,0.073,2.8706,,,2026-10-03 02:26:00
云南省,珠江流域,禄丰村,2026-10-03 00:00,2,22.98,8.03,6.45,472.1043,9.3143,1.32,,0.027,4.569,,,2026-10-03 02:26:00
云南省,滇池流域,回龙村,2026-10-03 00:00,4,22.64,7.89,4.52,641.2385,7.2344,2.65,,0.022,2.6406,,,2026-10-03 02:26:00
云南省,滇池流域,船房五社桥头,2026-10-03 00:00,3,22.85,7.77,6.34,564.214,4.3787,4.15,,0.055,4.5202,,,2026-10-03 02:26:00
云南省,滇池流域,王大桥,2026-10-03 00:00,3,22.02,7.42,5.51,600.3864,12.8787,3.47,0.025,0.172,7.5326,,,2026-10-03 02:26:00
云南省,滇池流域,大观河入湖口,2026-10-03 00:00,2,21.72,8.2,7.03,435.3759,18.196,1.41,,0.077,4.566,,,2026-10-03 02:26:00
云南省,滇池流域,大渔乡土罗村入湖口,2026-10-03 00:00,4,21.48,7.64,4.25,500.3802,50.0154,3.9,0.092,0.113,4.179,,,2026-10-03 02:26:00
云南省,滇池流域,新河村入湖口,2026-10-03 00:00,2,21.55,8.16,6.48,415.57,19.685,1.69,,0.098,4.0843,,,2026-10-03 02:26:00
云南省,珠江流域,阳宗海中,2026-10-03 01:00,2,23.63,8.98,6.71,419.665,3.153,3.92,0.029,0.014,0.435,0.00591,5799333,2026-10-03 02:26:00
云南省,长江流域,富民大桥,2026-10-03 00:00,4,23.13,8.34,5.01,554.6531,43.3045,7.59,0.023,0.12,2.8016,,,2026-10-03 02:26:00
云南省,滇池流域,严家村桥,2026-10-03 00:00,2,21.79289,8.28,6.94,438.131,13.10983,1.38,0.013,0.074,4.762991,,,2026-10-03 02:26:00
云南省,滇池流域,宝丰村入湖口,2026-10-03 00:00,4,21.16,7.89,4.8,664.84,9.07,1.26,,0.029,3.575,,,2026-10-03 02:26:00
云南省,滇池流域,江尾下闸,2026-10-03 00:00,4,22.46,7.42,3.43,368.8947,11.0969,1.15,0.096,0.03,2.149,,,2026-10-03 02:26:00
云南省,滇池流域,茨巷河入湖口,2026-10-03 00:00,3,22.18,7.75,5.2,259.2451,7.97,2.77,0.008,0.039,1.386,,,2026-10-03 02:26:00
云南省,滇池流域,东大河滇池入湖口,2026-10-03 00:00,6,22.13,9.09,8.3,262.3285,13.5792,3.62,0.002,0.049,1.149,,,2026-10-03 02:26:00
云南省,滇池流域,草海中心,2026-10-03 01:00,4,22.21,8.53,10.11,395.11,82.12,4.65,,0.071,3.84,0.01225,1.75343,2026-10-03 02:26:00
云南省,滇池流域,灰湾中,2026-10-03 01:00,4,21.93,8.91,6.81,394.074,57.877,6.45,0.063,0.069,1.445,0.00996,3.100457,2026-10-03 02:26:00
云南省,滇池流域,观音山中,2026-10-03 01:00,4,21.84,8.87,7.31,356.128,51.243,6.28,,0.063,1.173,0.00496,1.72796,2026-10-03 02:26:00
云南省,滇池流域,观音山西,2026-10-03 01:00,4,22.3,8.97,7.02,394.51,49.75,7.45,0.029,0.075,1.215,0.0091,8.738042,2026-10-03 02:26:00
云南省,滇池流域,海口西,2026-10-03 01:00,4,22.02,,6.11,365.7,26.29,6.7,0.076,0.052,0.749,0.00839,3.92321,2026-10-03 02:26:00
云南省,滇池流域,滇池南,2026-10-03 01:00,4,21.34,,7.71,393.96,43.51,9.86,,0.062,0.825,0.04843,1.705001,2026-10-03 02:26:00
云南省,滇池流域,晋城小寨,2026-10-03 00:00,3,21.27,8.28,5.38,517.4968,11.1894,2.57,,0.062,6.535,,,2026-10-03 02:26:00
云南省,长江流域,牛栏江河口,2026-10-03 00:00,3,22.18,8.23,5.01,502.043,12.693,1.83,0.03,0.033,4.38,,,2026-10-03 02:26:00
云南省,珠江流域,狗街,2026-10-03 00:00,4,23.72,7.77,4.94,568.1243,20.52077,2.98,0.087,0.163,6.137478,,,2026-10-03 02:26:00
云南省,珠江流域,花山水库出水口,2026-10-03 00:00,2,22.36,8.4,7.23,330.6119,2.6249,0.96,0.006,0.004,2.8651,,,2026-10-03 02:26:00
云南省,长江流域,以礼河水文站,2026-10-03 00:00,3,19.69,7.82,5.41,276.4646,8.7412,2.44,,0.055,2.1686,,,2026-10-03 02:26:00
云南省,珠江流域,厂房大桥,2026-10-03 00:00,3,24.45,8.71,9.52,286.3107,8.9651,4.99,0.02,0.071,2.7242,,,2026-10-03 02:26:00
云南省,珠江流域,天生桥,2026-10-03 00:00,2,22.259,7.8,6.61,602.06,16.902,2.76,0.035,0.084,5.298,,,2026-10-03 02:26:00
云南省,长江流域,牛栏江大桥,2026-10-03 00:00,2,21.42,8.05,7.14,404.495,22.049,1.27,0.018,0.046,2.4,,,2026-10-03 02:26:00
云南省,珠江流域,盘溪大桥,2026-10-03 00:00,2,24.19,8.27,7.73,536.6726,13.52147,1.93,0.008,0.066,5.31727,,,2026-10-03 02:26:00
云南省,珠江流域,九甸大桥,2026-10-03 00:00,2,25.35238,8.24,6.73,567.7186,14.09652,1.41,0.011,0.068,4.72488,,,2026-10-03 02:26:00
云南省,西南诸河,坝洪村,2026-10-03 00:00,2,29.12,8.2,7.45,352.2534,65.37408,0.68,0.009,0.022,0.87361,,,2026-10-03 02:26:00
云南省,珠江流域,抚仙湖心,2026-10-03 01:00,2,22.5,8.84,6.9,270.39,1.774,1.2,,0.009,0.091,0.00259,5202425,2026-10-03 02:26:00
云南省,西南诸河,绿汁江大桥,2026-10-03 00:00,2,23.42723,8.23,6.39,647.7119,46.50592,1.51,0.035,0.019,1.34395,,,2026-10-03 02:26:00
云南省,珠江流域,杞麓湖心,2026-10-03 01:00,4,22.88,8.67,6.33,800.46,5.21,6.01,0.067,0.016,1.542,0.05045,9375767,2026-10-03 02:26:00
云南省,珠江流域,永昌桥,2026-10-03 00:00,3,21.90271,8.16,5.64,513.0266,5.71129,2.15,0.038,0.148,3.40652,,,2026-10-03 02:26:00
云南省,珠江流域,星云湖心,2026-10-03 01:00,3,23.26,,5.56,562.831,15.38,5.81,,0.008,0.506,0.0066,4.030139,2026-10-03 02:26:00
云南省,西南诸河,红旗桥,2026-10-03 00:00,1,19.01982,8.12,9.3,372.853,463.6073,1.61,,0.007,0.5708991,,,2026-10-03 02:26:00
云南省,西南诸河,湾甸,2026-10-03 00:00,2,24.89451,8.35,8.01,426.4563,118.731,1,0.005,0.071,2.43195,,,2026-10-03 02:26:00
云南省,西南诸河,永保桥,2026-10-03 00:00,2,20.81568,8.24,6.86,441.0249,17.2322,0.93,0.001,0.003,0.45017,,,2026-10-03 02:26:00
云南省,西南诸河,龙江桥,2026-10-03 00:00,2,21.02473,7.12,7.32,96.48238,42.40372,1.21,0.004,0.019,0.65175,,,2026-10-03 02:26:00
云南省,长江流域,云贵桥,2026-10-03 00:00,1,17.71,8.16,8.3,389.685,21.428,1.32,0.005,0.019,2.909,,,2026-10-03 02:26:00
云南省,长江流域,头屯河,2026-10-03 00:00,2,17.76,8.01,7.4,426.256,19.39,0.46,,0.033,4.819,,,2026-10-03 02:26:00
云南省,长江流域,邓家河,2026-10-03 00:00,5,19.8,7.91,8.28,253.057,111.183,2.83,,0.352,3.025,,,2026-10-03 02:26:00
云南省,长江流域,横江桥,2026-10-03 00:00,2,22.21,8.12,7.99,303.31,28.14,0.86,,0.032,2.203,,,2026-10-03 02:26:00
云南省,长江流域,程海湖中,2026-10-03 00:00,3,25.07931,,6.97,1316.094,4.08091,5.48,0.016,0.016,0.80784,0.01208,10495.65,2026-10-03 02:26:00
云南省,长江流域,新华,2026-10-03 00:00,1,16.47662,8.45,8.32,1036.764,48.84936,1.61,0.079,0.017,0.69394,,,2026-10-03 02:26:00
云南省,长江流域,金江桥,2026-10-03 00:00,1,20.65,8.2,9,937.6374,14.04601,0.99,0.022,0.014,0.64413,,,2026-10-03 02:26:00
云南省,长江流域,龙兴村,2026-10-03 00:00,4,19.07889,7.66,3.43,467.1637,46.56748,2.71,0.374,0.206,3.39112,,,2026-10-03 02:26:00
云南省,西南诸河,土卡河水文站,2026-10-03 00:00,2,27.17809,7.86,6.57,218.5874,12.64,1.25,,0.018,0.9216786,,,2026-10-03 02:26:00
云南省,西南诸河,思茅港,2026-10-03 00:00,2,23.4221,7.45,6.34,316.7649,8.44063,1.2,0.01,0.01,1.00626,,,2026-10-03 02:26:00
云南省,西南诸河,孟拉桥,2026-10-03 00:00,2,24.86,7.59,6.93,130.9531,25.28396,0.98,0.022,0.01,0.95188,,,2026-10-03 02:26:00
云南省,西南诸河,莲花乡,2026-10-03 00:00,3,25.6636,7.82,5.86,344.1099,12.71156,2.32,0.034,0.133,5.46175,,,2026-10-03 02:26:00
云南省,西南诸河,嘎旧,2026-10-03 00:00,2,22.64,8,6.91,397.2393,11.38561,1.42,0.004,0.012,0.57735,,,2026-10-03 02:26:00
云南省,西南诸河,景临桥,2026-10-03 00:00,6,27.6,9.59,11.98,196.3252,16.67376,5.12,0.033,0.059,0.95713,,,2026-10-03 02:26:00
云南省,西南诸河,孟定大桥,2026-10-03 00:00,2,24.73,7.92,8.05,268.4525,142.2963,0.92,0.007,0.027,1.34646,,,2026-10-03 02:26:00
云南省,西南诸河,黑箐,2026-10-03 00:00,2,23.17,7.78,6.95,156.0184,113.2664,1.2,0.004,0.031,1.92471,,,2026-10-03 02:26:00
云南省,西南诸河,小黑江检查站,2026-10-03 00:00,2,23.28732,7.7,7.42,188.2029,74.07273,0.92,0.002,0.013,0.84744,,,2026-10-03 02:26:00
云南省,西南诸河,水文站,2026-10-03 00:00,4,23.12,7.96,4.8,452.0623,19.12429,1.42,0.127,0.048,1.45515,,,2026-10-03 02:26:00
云南省,长江流域,西观桥,2026-10-03 00:00,3,22.55,7.65,5,654.1707,10.99205,2.1,0.005,0.021,5.77357,,,2026-10-03 02:26:00
云南省,西南诸河,那发出境,2026-10-03 00:00,3,28.29,7.66,6.01,168.8784,724.21,1.52,,0.112,0.9045,,,2026-10-03 02:26:00
云南省,西南诸河,中越桥,2026-10-03 00:00,2,27.47,7.95,8.47,283.5687,32.2852,0.98,0.118,0.065,2.6637,,,2026-10-03 02:26:00
云南省,西南诸河,蚂蟥堡桥,2026-10-03 00:00,2,26.76,8.28,7.46,266.8566,31.275,0.92,0.056,0.064,2.3718,,,2026-10-03 02:26:00
云南省,西南诸河,龙脖渡口,2026-10-03 00:00,2,27.95,8.12,7,291.9687,53.312,0.54,,0.057,1.435,,,2026-10-03 02:26:00
云南省,西南诸河,河口县医院,2026-10-03 00:00,2,28.54441,7.98,6.01,280.01,45.5935,1.12,,0.061,1.780976,,,2026-10-03 02:26:00
云南省,西南诸河,小河底河,2026-10-03 00:00,1,25.18,8.09,8.06,456.2457,37.5463,0.68,,0.016,1.2154,,,2026-10-03 02:26:00
云南省,珠江流域,异龙湖中,2026-10-03 01:00,4,25.11,8.54,7.54,473.87,4.764,7.58,0.039,0.011,0.621,0.02537,128952.2,2026-10-03 02:26:00
云南省,珠江流域,长虹桥,2026-10-03 00:00,3,24.45,8.2,6.84,485.8664,55.3876,2.5,,0.118,4.8711,,,2026-10-03 02:26:00
云南省,珠江流域,江边桥,2026-10-03 00:00,2,25,7.82,7.25,522.14,53.71,0.62,,0.089,3.8319,,,2026-10-03 02:26:00
云南省,西南诸河,天保农场,2026-10-03 00:00,2,23.9,8,8.92,361.2,5.25,0.62,,0.025,3.1043,,,2026-10-03 02:26:00
云南省,西南诸河,南利大桥,2026-10-03 00:00,4,25.35,7.94,4.99,300.56,21.29,,0.014,0.014,1.235,,,2026-10-03 02:26:00
云南省,珠江流域,谷拉河大桥,2026-10-03 00:00,2,30.98,8.58,11.51,205.11,2.339,2.37,0.022,0.028,0.539,,,2026-10-03 02:26:00
云南省,西南诸河,关累码头,2026-10-03 00:00,2,24.23415,7.66,6.74,292.6006,14.56544,0.35,0.005,0.012,0.96523,,,2026-10-03 02:26:00
云南省,西南诸河,勐仑大桥,2026-10-03 00:00,2,25.85,8.27,7.75,273.9869,17.94787,0.59,0.009,0.022,0.53175,,,2026-10-03 02:26:00
云南省,西南诸河,风情园大桥,2026-10-03 00:00,2,23.06765,7.67,8.37,104.4946,78.47533,1.04,0.005,0.037,,,,2026-10-03 02:26:00
云南省,西南诸河,勐捧岔河,2026-10-03 00:00,2,25.66,7.93,7.06,312.3766,25.33925,1.12,0.002,0.041,0.80593,,,2026-10-03 02:26:00
云南省,西南诸河,打洛江大桥,2026-10-03 00:00,1,25.98326,7.91,7.56,146.1898,49.76614,0.3,0.006,0.018,0.54827,,,2026-10-03 02:26:00
云南省,西南诸河,洱海湖心,2026-10-03 01:00,3,23.21,8.86,6.56,286.05,4.31,4.04,0.008,0.017,0.476,0.00774,10900,2026-10-03 02:26:00
云南省,西南诸河,交汇口,2026-10-03 00:00,2,21.01962,8.41,7.85,330.4832,546.2839,1.12,0.003,0.038,0.74237,,,2026-10-03 02:26:00
云南省,西南诸河,徐村桥,2026-10-03 00:00,2,21.8,7.74,7.06,257.5573,25.52081,1.44,0.027,0.046,1.27924,,,2026-10-03 02:26:00
云南省,西南诸河,江尾,2026-10-03 00:00,2,23.21886,8.79,8.05,289.3947,17.08401,1.56,0.005,0.029,0.79567,,,2026-10-03 02:26:00
云南省,西南诸河,四级坝,2026-10-03 00:00,3,21.43,7.4,6.15,332.8502,16.86193,2.73,0.112,0.196,2.19257,,,2026-10-03 02:26:00
云南省,西南诸河,汇流电站,2026-10-03 00:00,2,22.99737,6.97,8.27,78.15278,47.40636,1.22,0.006,0.023,0.88659,,,2026-10-03 02:26:00
云南省,西南诸河,姐告大桥,2026-10-03 00:00,2,24.63467,7.57,6.39,199.9817,80.43283,1.26,0.006,0.024,1.27874,,,2026-10-03 02:26:00
云南省,西南诸河,迭撒大桥,2026-10-03 00:00,2,23.9853,6.89,6.1,133.3636,396.3102,1.56,0.1,0.02,1.97099,,,2026-10-03 02:26:00
云南省,西南诸河,风平,2026-10-03 00:00,4,22.73,8.01,7.15,185.9399,258.3199,5.78,0.162,0.204,1.89555,,,2026-10-03 02:26:00
云南省,西南诸河,丙舍桥,2026-10-03 00:00,1,18.465,8.32,9.69,390.1208,758.6046,1.61,0.004,0.001,0.45544,,,2026-10-03 02:26:00
云南省,长江流域,贺龙桥,2026-10-03 00:00,1,16.8508,8.4,8.57,1091.985,58.55044,1.44,0.079,0.016,0.88679,,,2026-10-03 02:26:00
云南省,西南诸河,中路村,2026-10-03 00:00,1,16.54,8.43,8.73,497.9368,14.96618,0.91,0.01,0.003,0.53082,,,2026-10-03 02:26:00
陕西省,黄河流域,灞河口,2026-10-03 00:00,2,19.57,8.37,8.85,429.6371,25.7205,2.44,0.1,0.064,4.3167,,,2026-10-03 02:26:00
陕西省,黄河流域,三郎村,2026-10-03 00:00,3,21.01,7.64,6.88,443.1,44.576,3.33,0.167,0.142,4.5117,,,2026-10-03 02:26:00
陕西省,黄河流域,岔口,2026-10-03 00:00,2,18.69,7.84,8.73,829.357,14.927,3.09,0.084,0.052,5.3515,,,2026-10-03 02:26:00
陕西省,长江流域,黄牛铺,2026-10-03 00:00,2,13.61,7.63,9.07,127.7412,1.7961,2.97,0.006,0.012,1.002,,,2026-10-03 02:26:00
陕西省,黄河流域,魏家堡,2026-10-03 00:00,2,19.49,8.29,8.5,649.5535,33.467,2.36,0.013,0.042,5.064,,,2026-10-03 02:26:00
陕西省,黄河流域,卧龙寺桥,2026-10-03 00:00,1,18.28,8.31,8.11,683.8321,38.5123,1.94,0.002,0.014,4.172,,,2026-10-03 02:26:00
陕西省,长江流域,灶火庵,2026-10-03 00:00,1,17.35,8.11,8.37,302.3747,17.973,1.61,0.023,0.019,1.2548,,,2026-10-03 02:26:00
陕西省,黄河流域,咸阳铁桥,2026-10-03 00:00,2,19.38,8.06,8.05,585.032,55.6545,2.45,0.007,0.05,6.4501,,,2026-10-03 02:26:00
陕西省,黄河流域,兴平,2026-10-03 00:00,2,19.92,8.14,7.61,661.1169,62.5091,2.59,,0.057,6.3114,,,2026-10-03 02:26:00
陕西省,黄河流域,泾河桥,2026-10-03 00:00,2,19.44,8.42,8.43,1309.66,84.507,1.98,,0.054,4.011,,,2026-10-03 02:26:00
陕西省,黄河流域,黑河张家桥,2026-10-03 00:00,2,19.54,8.2,7.53,628.848,72.4592,1.89,0.028,0.034,1.8126,,,2026-10-03 02:26:00
陕西省,黄河流域,王谦村,2026-10-03 01:00,3,19.692,8.35,8.87,1411.5,563.25,4.52,0.15,0.126,3.421,,,2026-10-03 02:26:00
陕西省,黄河流域,杨家畔村,2026-10-03 00:00,2,15.88,8.83,8.62,1536.887,28.20729,3.58,0.027,0.036,7.2611,,,2026-10-03 02:26:00
陕西省,黄河流域,昝家山,2026-10-03 00:00,1,16.06,8.38,9.19,606.035,67.23457,1.45,0.012,0.02,4.6121,,,2026-10-03 02:26:00
陕西省,黄河流域,寺滩,2026-10-03 00:00,2,17.32,8.69,8.41,1217.973,33.86978,1.23,0.023,0.043,5.2861,,,2026-10-03 02:26:00
陕西省,黄河流域,朱家沟,2026-10-03 00:00,2,16.56,8.18,6.84,1143.318,2.995171,3.43,0.079,0.095,7.5441,,,2026-10-03 02:26:00
陕西省,长江流域,烈金坝,2026-10-03 00:00,1,16.91,8.34,8.38,337.94,5.859,0.36,,0.02,1.3361,,,2026-10-03 02:26:00
陕西省,长江流域,南柳渡,2026-10-03 00:00,2,19.1,7.91,7.87,258.4766,12.5531,1.52,0.016,0.05,1.222,,,2026-10-03 02:26:00
陕西省,长江流域,白水江,2026-10-03 00:00,1,18.7,8.23,7.97,317.7599,14.313,0.93,0.007,0.015,0.9827,,,2026-10-03 02:26:00
陕西省,黄河流域,柏树坪,2026-10-03 00:00,4,17.87,8.3,9.98,812.352,1161.196,4.9,,0.292,10.4801,,,2026-10-03 02:26:00
陕西省,黄河流域,温家川,2026-10-03 00:00,2,15.92,8.38,7.81,1434.254,6.908676,1.77,0.089,0.022,3.6901,,,2026-10-03 02:26:00
陕西省,黄河流域,碛塄,2026-10-03 00:00,3,17.3,8.25,8.83,782.152,121.2,3.36,,0.13,3.4811,,,2026-10-03 02:26:00
陕西省,黄河流域,高家川,2026-10-03 00:00,4,14.28,8.4,9.19,838.709,210.0762,6.86,,0.074,3.5511,,,2026-10-03 02:26:00
陕西省,黄河流域,鱼河,2026-10-03 00:00,3,15.22,8.37,8.05,968.125,86.78792,3.18,0.061,0.144,4.0861,,,2026-10-03 02:26:00
陕西省,长江流域,白河城关,2026-10-03 00:00,2,20.65,7.73,8.96,243.5001,44.99,2.5,0.038,0.089,2.367,0.012429,,2026-10-03 02:26:00
陕西省,长江流域,小钢桥,2026-10-03 00:00,2,21.4,7.67,6.46,315.93,8.25,1.46,,0.035,1.586,,,2026-10-03 02:26:00
陕西省,长江流域,老君关,2026-10-03 00:00,2,19.42,7.63,6.96,246.6341,51.9648,2.22,0.021,0.067,2.316,,,2026-10-03 02:26:00
陕西省,长江流域,瀛湖坝前,2026-10-03 00:00,2,21.53,7.9,6.5,240.4556,5.1915,1.71,,0.023,1.061,0.03948,1679434,2026-10-03 02:26:00
陕西省,长江流域,构峪口,2026-10-03 00:00,1,20.24,8.21,8.54,405.3727,7.9089,1.77,,0.007,1.972,,,2026-10-03 02:26:00
陕西省,长江流域,丹凤下,2026-10-03 00:00,2,16.36,8.17,8.7,436.3035,10.9036,1.59,,0.044,2.958,,,2026-10-03 02:26:00
陕西省,黄河流域,灵口,2026-10-03 00:00,1,17.21,8.32,8.38,457.2365,9.9005,1,0.017,0.007,1.4936,,,2026-10-03 02:26:00
甘肃省,黄河流域,新城桥,2026-10-03 00:00,2,14.99,8.28,7.83,581.07,59.677,1.54,,0.037,1.7511,,,2026-10-03 02:26:00
甘肃省,黄河流域,湟水桥,2026-10-03 00:00,2,14.77,8.56,7.9,611.477,68.754,1.76,0.05,0.047,3.081,,,2026-10-03 02:26:00
甘肃省,西北诸河,迎山坡,2026-10-03 00:00,2,12.90461,8.12,7.45,586.024,7.25093,0.97,0.003,0.01,1.49901,,,2026-10-03 02:26:00
甘肃省,黄河流域,青城桥,2026-10-03 00:00,2,15.35377,8.25,7.15,657.2705,16.73023,1.28,0.041,0.02,2.94785,,,2026-10-03 02:26:00
甘肃省,黄河流域,五佛寺,2026-10-03 01:00,1,16.81893,8.37,7.5,719.8807,75.96144,1.18,0.014,0.013,2.829,,,2026-10-03 02:26:00
甘肃省,黄河流域,靖远桥,2026-10-03 00:00,2,15.65088,8.29,7.25,630.0083,36.57445,1.08,0.05,0.022,2.51577,,,2026-10-03 02:26:00
甘肃省,黄河流域,桦林,2026-10-03 00:00,2,15,8.43,8.68,876.8,664.4,2.81,0.01,0.06,5.183,,,2026-10-03 02:26:00
甘肃省,黄河流域,葡萄园,2026-10-03 00:00,3,16.74,8.36,8.23,1009.258,824.5732,3.81,,0.102,8.369,,,2026-10-03 02:26:00
甘肃省,西北诸河,红崖山水库,2026-10-03 00:00,2,16.16264,8.34,7.24,527.7822,30.09014,1.63,0.045,0.02,0.76195,0.00211,1193216,2026-10-03 02:26:00
甘肃省,黄河流域,先明峡桥,2026-10-03 00:00,1,10.55956,8.49,8.53,457.0368,0.54801,1.29,0.004,0.002,1.429,,,2026-10-03 02:26:00
甘肃省,西北诸河,莺落峡,2026-10-03 00:00,1,12.26,8.65,8.83,697.2539,6.63195,0.41,0.019,0.004,1.43087,,,2026-10-03 02:26:00
甘肃省,西北诸河,皇城水库,2026-10-03 00:00,1,9.69821,8.29,8.92,567.3138,8.78612,0.92,0.003,0.005,1.54083,,,2026-10-03 02:26:00
甘肃省,西北诸河,六坝桥,2026-10-03 00:00,1,13.90598,8.43,8.51,723.809,11.40733,0.47,0.019,0.007,0.24029,,,2026-10-03 02:26:00
甘肃省,黄河流域,长庆桥,2026-10-03 00:00,2,17.06,8.41,7.69,875.766,86.54953,1.38,0.013,0.063,5.2211,,,2026-10-03 02:26:00
甘肃省,黄河流域,洮园桥,2026-10-03 00:00,2,15.41,8.38,7.57,435.3885,39.19556,2.14,0.087,0.036,2.81083,,,2026-10-03 02:26:00
甘肃省,长江流域,固水子村,2026-10-03 00:00,2,14.94,8.32,9.3,345.4,277.9,2.06,,0.055,1.074,,,2026-10-03 02:26:00
甘肃省,长江流域,两水桥,2026-10-03 00:00,2,15.18,8.47,8.59,343.348,223.1832,2.85,,0.001,1.5461,,,2026-10-03 02:26:00
甘肃省,黄河流域,扶和桥,2026-10-03 00:00,2,14.61,8.16,7.31,535.3583,28.11025,1.75,0.083,0.026,2.13559,,,2026-10-03 02:26:00
甘肃省,黄河流域,地沟桥,2026-10-03 00:00,2,12.43,8.58,8.34,519.6376,75.61087,1.44,0.075,0.021,2.38501,,,2026-10-03 02:26:00
甘肃省,黄河流域,玛曲,2026-10-03 00:00,3,12.40566,8.19,6.34,316.235,165.6295,5.71,0.115,0.044,3.03355,,,2026-10-03 02:26:00
青海省,黄河流域,小峡桥,2026-10-03 00:00,2,13.67843,8.34,7.95,647.463,40.58705,2.66,0.073,0.059,3.40718,,,2026-10-03 02:26:00
青海省,黄河流域,润泽桥,2026-10-03 00:00,2,13.125,8.16,8.07,406.4695,22.99225,2.01,0.055,0.033,2.15268,,,2026-10-03 02:26:00
青海省,黄河流域,大河家,2026-10-03 00:00,1,12.55414,8.3,7.96,508.4477,7.61117,0.97,0.007,0.002,0.9221,,,2026-10-03 02:26:00
青海省,黄河流域,边墙村,2026-10-03 00:00,2,14.93628,8.46,7.94,714.8781,60.91463,2.4,0.09,0.053,3.41521,,,2026-10-03 02:26:00
青海省,黄河流域,峡塘,2026-10-03 00:00,1,11.40789,8.46,7.66,534.4276,8.72684,1.02,0.005,0.005,0.96412,,,2026-10-03 02:26:00
青海省,黄河流域,金滩,2026-10-03 00:00,2,10.96,8.4,7.37,462,3.114,1.92,0.002,0.014,1.032,,,2026-10-03 02:26:00
青海省,西北诸河,布哈河入青海湖口,2026-10-03 00:00,2,10.72391,8.51,7.45,576.0051,24.18161,1.27,0.009,0.01,0.669,,,2026-10-03 02:26:00
青海省,黄河流域,唐乃亥,2026-10-03 00:00,2,13.31756,8.45,7.25,428.6343,68.5975,1.67,0.096,0.029,1.29914,,,2026-10-03 02:26:00
青海省,黄河流域,龙羊峡库区出水口,2026-10-03 00:00,2,15.00118,7.99,6.76,435.7601,7.25512,1.57,0.006,0.007,0.80674,0.00331,291657.3,2026-10-03 02:26:00
青海省,西北诸河,总场水闸,2026-10-03 00:00,1,9.41,8.5,8.07,861.3986,38.0336,0.5,0.003,0.006,0.93076,,,2026-10-03 02:26:00
青海省,西北诸河,纳赤台,2026-10-03 00:00,2,12.925,8.64,6.8,,1.193,0.66,0.029,0.041,0.704,,,2026-10-03 02:26:00
青海省,西北诸河,德令哈市水厂旁,2026-10-03 00:00,1,7.83609,8.19,11.01,758.173,140.3521,0.15,0.01,0.002,1.21604,,,2026-10-03 02:26:00
宁夏回族自治区,黄河流域,叶盛公路桥,2026-10-03 00:00,2,17.86,8.3,7.68,890.6,105.59,1.35,,0.05,3.212,,,2026-10-03 02:26:00
宁夏回族自治区,黄河流域,银古公路桥,2026-10-03 00:00,2,17.25682,8.39,7.92,862.5577,238.3364,2.21,0.061,0.034,4.6702,,,2026-10-03 02:26:00
宁夏回族自治区,黄河流域,平罗黄河大桥,2026-10-03 00:00,2,18.02,8.28,8.01,946.14,369.35,1.7,,0.073,3.727,,,2026-10-03 02:26:00
宁夏回族自治区,黄河流域,麻黄沟,2026-10-03 00:00,2,17.49,8.37,7.88,872.24,380.385,2.21,,0.069,3.1805,,,2026-10-03 02:26:00
宁夏回族自治区,黄河流域,沙湖,2026-10-03 00:00,4,15.76,8.79,7.79,1383,27.14,6.47,0.04,0.036,0.707,0.01519,2.275,2026-10-03 02:26:00
宁夏回族自治区,黄河流域,沟圈,2026-10-03 00:00,2,13.95,8.52,8.65,2099.305,90.16598,2.44,0.029,0.034,1.9551,,,2026-10-03 02:26:00
宁夏回族自治区,黄河流域,中卫下河沿,2026-10-03 00:00,2,16.9,8.32,8.38,717,140.4,2.19,,0.074,2.925,,,2026-10-03 02:26:00
宁夏回族自治区,黄河流域,泉眼山,2026-10-03 00:00,2,16.8,8.3,10.03,7959.816,103.1505,3.02,0.2,0.048,26.6581,,,2026-10-03 02:26:00
新疆维吾尔自治区,西北诸河,青年渠,2026-10-03 00:00,1,13.67,8.21,10.06,464.0142,19.50208,0.69,0.004,0.002,1.24827,,,2026-10-03 02:26:00
新疆维吾尔自治区,西北诸河,七纺桥,2026-10-03 00:00,1,12.59,8.54,8.63,2276.077,14.74774,0.61,3,0.019,10.61236,,,2026-10-03 02:26:00
新疆维吾尔自治区,西北诸河,赛湖2,2026-10-03 00:00,2,18.61554,8.94,7.46,,9.65941,,,,,0.01056,24960,2026-10-03 02:26:00
新疆维吾尔自治区,西北诸河,哈尔莫墩,2026-10-03 00:00,1,14.2,8.22,9.46,404.7124,0.0171,0.89,0.004,0.008,0.62443,,,2026-10-03 02:26:00
新疆维吾尔自治区,西北诸河,汇合口,2026-10-03 00:00,1,18.95,7.87,8.4,469.3448,5.34615,1.58,0.004,0.007,0.2964,,,2026-10-03 02:26:00
新疆维吾尔自治区,西北诸河,兰干,2026-10-03 00:00,1,18.63715,8.22,9.08,756.6674,2.58832,1.33,0.01,0.008,0.27504,,,2026-10-03 02:26:00
新疆维吾尔自治区,西北诸河,塔提让,2026-10-03 00:00,1,23.39,8.5,8.56,1151.35,970.3737,0.22,0.001,0.003,0.95121,,,2026-10-03 02:26:00
新疆维吾尔自治区,西北诸河,塔里木拦河闸,2026-10-03 00:00,1,18.64535,8.2,8.03,600.6505,136.418,0.63,0.009,0.002,0.98306,,,2026-10-03 02:26:00
新疆维吾尔自治区,西北诸河,十二医院,2026-10-03 00:00,2,16.09109,7.78,7.63,1293.604,33.06131,1,0.382,0.017,0.88185,,,2026-10-03 02:26:00
新疆维吾尔自治区,西北诸河,依干其渡口,2026-10-03 00:00,1,18.59904,8.38,7.64,481.1873,67.76662,0.49,0.008,0.005,1.29681,,,2026-10-03 02:26:00
新疆维吾尔自治区,西北诸河,喀河大桥,2026-10-03 00:00,2,18.06955,7.93,6.41,1561.995,1.59044,0.37,0.002,0.002,1.46573,,,2026-10-03 02:26:00
新疆维吾尔自治区,西北诸河,科布大桥,2026-10-03 00:00,1,11.38997,8.14,8.33,341.6228,42.46389,1.01,0.038,0.018,1.16012,,,2026-10-03 02:26:00
新疆维吾尔自治区,西北诸河,龙口大桥,2026-10-03 00:00,1,16.66186,7.67,8.38,308.6744,3.38822,,,,,,,2026-10-03 02:26:00
新疆维吾尔自治区,西北诸河,羊场大桥,2026-10-03 00:00,1,15.94,8.09,8.12,506.2287,42.3176,1.28,0.002,0.02,1.6062,,,2026-10-03 02:26:00
新疆维吾尔自治区,西北诸河,喀什河大桥,2026-10-03 00:00,1,15.47,8.17,10.6,258.7237,12.41148,0.44,0.007,0.006,1.04952,,,2026-10-03 02:26:00
新疆维吾尔自治区,西北诸河,英牙尔乡,2026-10-03 00:00,2,17.8172,8.22,9.2,370.1903,27.06932,1.08,0.008,0.033,1.32073,,,2026-10-03 02:26:00
新疆维吾尔自治区,西北诸河,布尔津河大桥,2026-10-03 00:00,1,14.18,8.02,9.58,61.48114,6.56985,1.66,0.01,0.006,0.17151,,,2026-10-03 02:26:00
新疆维吾尔自治区,西北诸河,乌伦古湖码头,2026-10-03 00:00,3,22.32218,8.59,7.47,3757.415,10.18712,3.16,0.032,0.031,0.71208,0.01002,479702.8,2026-10-03 02:26:00
新疆维吾尔自治区,西北诸河,北屯大桥,2026-10-03 00:00,1,15.48389,7.78,8.79,91.44392,15.35232,1.12,0.001,0.006,0.75641,,,2026-10-03 02:26:00
新疆维吾尔自治区,西北诸河,布尔津水文站,2026-10-03 00:00,1,14.62,8.25,11.4,226.2796,23.86101,1.72,0.023,0.016,1.59745,,,2026-10-03 02:26:00
新疆维吾尔自治区,西北诸河,额河南湾,2026-10-03 01:00,1,19.524,6.74,7.69,,0.006,0.72,0.004,0.003,0.5352,,,2026-10-03 02:26:00
