省份,流域,断面名称,监测时间,水质类别,水温(℃),pH(无量纲),溶解氧(mg/L),电导率(μS/cm),浊度(NTU),高锰酸盐指数(mg/L),氨氮(mg/L),总磷(mg/L),总氮(mg/L),叶绿素α(mg/L),藻密度(cells/L),抓取时间
北京市,海河流域,鼓楼外大街,2026-10-09 00:00,2,20.57,7.56,7.39,394.79,16.336,1.54,0.042,0.025,1.999,,,2026-10-09 02:26:04
北京市,海河流域,广北滨河路,2026-10-09 00:00,2,20.13,7.88,8.27,363.53,9.12,2.16,,0.019,2.297,,,2026-10-09 02:26:04
北京市,海河流域,沙窝,2026-10-09 00:00,2,20.35,7.47,9.2,793.32,6.743,2.76,0.036,0.068,5.748,,,2026-10-09 02:26:04
北京市,海河流域,新八里桥,2026-10-09 00:00,2,21.67,7.57,6.99,691.205,1.491,2.59,,0.08,4.192,,,2026-10-09 02:26:04
北京市,海河流域,大红门闸上,2026-10-09 00:00,2,20.16,7.66,7.87,969.6,7.924,2.42,,0.06,9.201,,,2026-10-09 02:26:04
北京市,海河流域,南大荒桥,2026-10-09 00:00,2,17.66,8.65,10.61,982.9,15.56,2.64,,0.023,1.766,,,2026-10-09 02:26:04
北京市,海河流域,清河闸,2026-10-09 00:00,2,20.17,7.93,7.85,807.36,16.614,2.2,,0.083,7.529,,,2026-10-09 02:26:04
北京市,海河流域,花园路,2026-10-09 00:00,2,19.52,7.66,7.31,667.232,4.777,1.29,0.082,0.037,7,,,2026-10-09 02:26:04
北京市,海河流域,白石桥,2026-10-09 00:00,1,20.64,7.9,8,325.73,2.547,1.54,0.07,0.009,2.059,,,2026-10-09 02:26:04
北京市,海河流域,八间房漫水桥,2026-10-09 00:00,2,18.2,7.85,7.15,869.59,12.69,3.02,0.039,0.054,5.192,,,2026-10-09 02:26:04
北京市,海河流域,码头,2026-10-09 00:00,2,18.81,7.9,7.3,1172.95,16.789,2.21,0.041,0.047,8.492,,,2026-10-09 02:26:04
北京市,海河流域,罗庄,2026-10-09 00:00,2,18.26,8.05,8.69,1244.857,5.287623,2.96,0.034,0.04,6.3721,,,2026-10-09 02:26:04
北京市,海河流域,小屯桥,2026-10-09 00:00,2,18.87,8.61,10.67,1301.974,7.486675,3.2,,0.051,6.5581,,,2026-10-09 02:26:04
北京市,海河流域,东店,2026-10-09 00:00,2,17.55134,7.78,9.42,766.2834,29.4889,2.33,0.051,0.062,13.39189,,,2026-10-09 02:26:04
北京市,海河流域,密云水库,2026-10-09 00:00,2,20.06647,8.27,8.98,425.4445,1.471652,2.25,0.017,0.006,3.19214,,,2026-10-09 02:26:04
北京市,海河流域,大关桥,2026-10-09 00:00,2,19.04,8.28,8.55,440,12.89,2.03,0.082,0.011,3.8351,,,2026-10-09 02:26:04
北京市,海河流域,辛庄桥,2026-10-09 00:00,1,15.58,8.1,9.15,605.742,23.26701,0.86,,0.014,7.7791,,,2026-10-09 02:26:04
北京市,海河流域,谷家营,2026-10-09 00:00,2,16.62,8.57,10.42,586.206,32.084,3.91,0.407,0.068,4.363,,,2026-10-09 02:26:04
北京市,海河流域,后城,2026-10-09 00:00,2,11.98,8.21,8.91,584.578,24.37637,1.15,0.029,0.024,8.8001,,,2026-10-09 02:26:04
天津市,海河流域,北洋桥,2026-10-09 00:00,3,20.8144,7.47,5.86,815.5681,24.24639,4.94,0.445,0.127,1.909722,,,2026-10-09 02:26:04
天津市,海河流域,井冈山桥,2026-10-09 00:00,3,20.03,8.08,6.15,568.776,21.7962,4.52,0.158,0.093,1.6551,,,2026-10-09 02:26:04
天津市,海河流域,大红桥,2026-10-09 00:00,3,21.07,7.65,5.23,976.734,31.60641,4.14,0.435,0.08,2.4151,,,2026-10-09 02:26:04
天津市,海河流域,曹庄子泵站,2026-10-09 00:00,1,21.82,7.94,7.74,273.56,1.43,1.44,0.031,0.003,0.787,,,2026-10-09 02:26:04
天津市,海河流域,生产圈闸,2026-10-09 00:00,3,19.72696,7.51,6.9,796.0845,7.851463,5.87,0.259,0.095,2.181335,,,2026-10-09 02:26:04
天津市,海河流域,尔王庄泵站,2026-10-09 00:00,2,21.89,7.5,6.61,301.011,13.97871,1.92,0.019,,0.5991,,,2026-10-09 02:26:04
天津市,海河流域,塘汉公路桥,2026-10-09 00:00,4,19.58,7.69,3.92,1166.491,28.85933,5.07,0.176,0.128,3.6681,,,2026-10-09 02:26:04
天津市,海河流域,海河大闸,2026-10-09 00:00,3,21.5,8.45,9.54,5351.222,26.645,5.18,0.102,0.124,1.7023,,,2026-10-09 02:26:04
天津市,海河流域,北排水河防潮闸,2026-10-09 00:00,4,18.63,7.88,4.16,2091.6,25.0893,4.35,0.086,0.085,1.2013,,,2026-10-09 02:26:04
天津市,海河流域,沧浪渠出境,2026-10-09 00:00,4,18.64,7.92,4.56,16713.8,1113.076,9.42,0.641,0.18,2.6715,,,2026-10-09 02:26:04
天津市,海河流域,万家码头,2026-10-09 00:00,4,19.93,8.11,5.93,2005.16,32.31,7.69,0.015,0.09,1.021,,,2026-10-09 02:26:04
天津市,海河流域,蓟运河防潮闸,2026-10-09 00:00,3,17.2814,7.78,6.73,1358.025,15.1875,5.65,0.358,0.136,2.610005,,,2026-10-09 02:26:04
天津市,海河流域,青静黄防潮闸,2026-10-09 00:00,5,20.71687,8.42,9.97,7070.065,35.29723,10.09,0.011,0.124,0.724013,,,2026-10-09 02:26:04
天津市,海河流域,阎辛庄,2026-10-09 00:00,3,16.82095,7.55,5.99,3490.043,21.23753,5.63,0.272,0.132,1.448609,,,2026-10-09 02:26:04
天津市,海河流域,于桥水库库中心,2026-10-09 00:00,4,19.65,8.98,11.5,389.56,12.41,7.23,,0.048,1.825,0.03965,,2026-10-09 02:26:04
天津市,海河流域,于桥水库出口,2026-10-09 00:00,3,19.97,8.63,9.42,408.276,22.35293,5.24,0.094,0.066,2.1821,,,2026-10-09 02:26:04
天津市,海河流域,黎河桥,2026-10-09 00:00,2,17.225,7.58,11.56,724.9,6.18,1.4,,0.067,11.862,,,2026-10-09 02:26:04
天津市,海河流域,沙河桥,2026-10-09 00:00,2,18.61,7.7,8.16,680.18,5.89,1.34,0.163,0.031,9.776,,,2026-10-09 02:26:04
天津市,海河流域,西屯桥,2026-10-09 00:00,3,19.71,7.84,6.15,525.86,23.3238,4.36,0.223,0.08,2.877,,,2026-10-09 02:26:04
河北省,海河流域,下槐镇,2026-10-09 00:00,2,16.63,8.5,9.9,680.716,36.2981,1.15,,0.023,3.9407,,,2026-10-09 02:26:04
河北省,海河流域,地都,2026-10-09 00:00,2,18.72,8.19,7.94,1272.765,10.526,1.5,0.071,0.062,6.841,,,2026-10-09 02:26:04
河北省,海河流域,平山桥,2026-10-09 00:00,1,19.74,8.26,10.24,1048.61,23.099,1.13,0.021,0.004,5.017,,,2026-10-09 02:26:04
河北省,海河流域,兆通,2026-10-09 00:00,1,21.36,8.69,9.72,283.95,2.17,1.4,0.007,0.007,0.6729,,,2026-10-09 02:26:04
河北省,海河流域,大石桥,2026-10-09 00:00,3,22.31099,8.08,8.65,1497.471,9.929527,5.43,0.247,0.13,11.44308,,,2026-10-09 02:26:04
河北省,海河流域,涧河口,2026-10-09 00:00,3,19.81915,8.09,10.48,1215.267,27.51531,5.83,0.041,0.102,3.001957,,,2026-10-09 02:26:04
河北省,海河流域,丰北闸,2026-10-09 00:00,4,21.42974,8.31,10.35,1525.202,36.0476,6.5,0.036,0.106,0.562212,,,2026-10-09 02:26:04
河北省,海河流域,滦县大桥,2026-10-09 00:00,2,18.49,7.81,7.17,677.077,13.70367,2.39,,0.035,5.0651,,,2026-10-09 02:26:04
河北省,海河流域,新开河口,2026-10-09 00:00,3,29.06686,6.82,7.69,46952.54,6.045485,5.19,0.229,0.035,1.209088,,,2026-10-09 02:26:04
河北省,海河流域,刘家庄,2026-10-09 00:00,1,15.52,8.07,8.02,601.5876,14.91,0.71,0.026,0.012,4.745,,,2026-10-09 02:26:04
河北省,海河流域,岳城水库出口,2026-10-09 00:00,1,21.52,8.63,8.8,569.267,19.09117,1.84,0.001,,2.6401,,,2026-10-09 02:26:04
河北省,海河流域,曲周,2026-10-09 00:00,2,20.13,8.04,6.74,965.538,33.27,2.26,0.051,0.087,3.215,,,2026-10-09 02:26:04
河北省,海河流域,沙阳,2026-10-09 00:00,2,19.02,8.19,7.43,1658.23,72.99,2.37,0.022,0.054,3.3269,,,2026-10-09 02:26:04
河北省,海河流域,艾辛庄,2026-10-09 00:00,3,21.34285,7.75,6.72,1646.405,14.2894,5.34,0.863,0.138,10.85621,,,2026-10-09 02:26:04
河北省,海河流域,后西吴桥,2026-10-09 00:00,3,21.16,8.46,6.79,1174.13,81.08,3.58,0.366,0.162,11.9602,,,2026-10-09 02:26:04
河北省,海河流域,北河店,2026-10-09 00:00,1,19.27,8.01,8.58,548.7662,2.5324,0.73,0.008,0.014,4.526,,,2026-10-09 02:26:04
河北省,海河流域,白合,2026-10-09 00:00,3,17.11,8.16,8.9,551.09,198.82,3.23,,0.159,6.344,,,2026-10-09 02:26:04
河北省,海河流域,杜里村,2026-10-09 00:00,2,14.44,8.46,10.19,423.07,37.3,1.22,,0.039,3.082,,,2026-10-09 02:26:04
河北省,海河流域,温泉屯,2026-10-09 00:00,2,15.29,8.14,8.01,1116.951,35.68976,3.73,0.016,0.078,6.6261,,,2026-10-09 02:26:04
河北省,海河流域,左卫桥,2026-10-09 00:00,4,13.2,8.39,9.54,853.985,837.6038,4.8,0.001,0.291,15.1551,,,2026-10-09 02:26:04
河北省,海河流域,四道甸,2026-10-09 00:00,1,14.87,8.28,9.12,462.242,9.715093,1.54,0.017,0.013,6.0091,,,2026-10-09 02:26:04
河北省,海河流域,上二道河子,2026-10-09 00:00,2,17.43,8.04,7.58,512.468,4.702971,2.6,0.019,,7.0481,,,2026-10-09 02:26:04
河北省,辽河流域,甸子,2026-10-09 00:00,2,14.06,7.86,6.98,467.95,11.85,1.49,0.049,0.025,7.82,,,2026-10-09 02:26:04
河北省,海河流域,何老营,2026-10-09 00:00,4,17.96537,8.03,7.91,3746.35,10.59793,9.69,0.007,0.09,0.874032,,,2026-10-09 02:26:04
河北省,海河流域,大口河口,2026-10-09 00:00,3,21.06,7.95,6.67,16862.4,363.01,5.32,0.319,0.182,4.897,,,2026-10-09 02:26:04
河北省,海河流域,四埝村桥,2026-10-09 00:00,3,19.87,8.48,6.08,3300.025,20.939,5.95,0.019,0.1,0.785,,,2026-10-09 02:26:04
河北省,海河流域,台头,2026-10-09 00:00,2,19.41318,8.19,8.88,647.6756,28.85037,2.89,0.009,0.026,0.5511,,,2026-10-09 02:26:04
河北省,海河流域,桑梓红旗闸,2026-10-09 00:00,2,18.98141,8.16,9.12,720.95,197.8129,3.5,,0.084,12.5931,,,2026-10-09 02:26:04
河北省,海河流域,三小营,2026-10-09 00:00,1,16.89479,7.58,7.89,977.694,15.18628,,,,,,,2026-10-09 02:26:04
河北省,海河流域,小范桥,2026-10-09 00:00,3,19.83,8.08,7.1,942.667,2.889,5.01,0.008,0.044,0.675,,,2026-10-09 02:26:04
河北省,海河流域,衡水湖大湖心,2026-10-09 00:00,3,19.8,8.69,8.7,1303.899,19.936,5.7,0.006,0.033,0.899,0.054083,1.478895,2026-10-09 02:26:04
河北省,海河流域,南张村,2026-10-09 00:00,1,22.71,8.58,8.94,246.12,3.093,1.46,0.038,0.006,0.6459,,,2026-10-09 02:26:04
河北省,海河流域,安州,2026-10-09 00:00,3,20.26,7.79,7.83,1190.449,30.6214,4.1,0.14,0.052,5.269,,,2026-10-09 02:26:04
河北省,海河流域,南刘庄,2026-10-09 00:00,3,20.01,7.55,6.51,773.43,5.98,5.14,0.172,0.035,0.996,0.01205,744690.4,2026-10-09 02:26:04
河北省,海河流域,烧车淀,2026-10-09 00:00,2,20.01,8.06,12.07,668.75,0.65,2.26,,0.015,3.885,0.00096,26476.2,2026-10-09 02:26:04
河北省,海河流域,圈头,2026-10-09 00:00,3,20.32,7.72,8.14,783.15,1.1006,4.09,,0.024,0.535,0.00157,1511620,2026-10-09 02:26:04
河北省,海河流域,采蒲台,2026-10-09 00:00,3,20.43738,8.03,8.99,735.8818,0.48095,4.03,0.017,0.016,0.410049,0.001936,498317.6,2026-10-09 02:26:04
河北省,海河流域,光淀张庄,2026-10-09 00:00,4,20.24,7.57,4.49,794.98,6.59,2.37,0.051,0.017,2.302,0.00045,578845.8,2026-10-09 02:26:04
山西省,黄河流域,韩武村,2026-10-09 00:00,3,18.86,8.14,9.16,1394.27,9.8,4.38,0.008,0.125,8.071,,,2026-10-09 02:26:04
山西省,黄河流域,上兰,2026-10-09 00:00,1,17.44,8.27,7.59,658.694,9.671191,1.88,0.015,,1.4401,,,2026-10-09 02:26:04
山西省,黄河流域,汾河水库出口,2026-10-09 00:00,2,17.39,8.34,7.06,585.16,3.794239,1.91,0.013,,1.3861,0.010456,287476,2026-10-09 02:26:04
山西省,海河流域,堡子湾,2026-10-09 00:00,3,11.43,8.24,8.69,767.861,156.201,3.88,0.002,0.114,5.9541,,,2026-10-09 02:26:04
山西省,海河流域,册田水库出口,2026-10-09 00:00,3,15.55,8.68,8.19,1099.948,12.13599,4.66,0.003,0.09,0.9481,,,2026-10-09 02:26:04
山西省,海河流域,古家坡,2026-10-09 00:00,4,14.94,8.07,5.93,961.398,39.48836,4.76,0.849,0.252,4.3931,,,2026-10-09 02:26:04
山西省,海河流域,利仁皂,2026-10-09 00:00,3,14.91,8.22,7.32,1357.796,17.30577,3.43,0.028,0.105,3.9201,,,2026-10-09 02:26:04
山西省,海河流域,闫家庄大桥,2026-10-09 00:00,2,15.34,8.41,9.37,591.398,48.308,1.33,,0.031,4.4555,,,2026-10-09 02:26:04
山西省,海河流域,白羊墅,2026-10-09 00:00,3,17.96,7.88,8.04,1699.56,16.47,2.79,0.195,0.127,8.901,,,2026-10-09 02:26:04
山西省,海河流域,王家庄,2026-10-09 00:00,2,17.2,8.2,9.15,649.31,18.69,2.02,,0.02,3.827,,,2026-10-09 02:26:04
山西省,海河流域,司徒桥,2026-10-09 00:00,3,17.92,8.2,9.25,676.7123,15.1353,5.26,,0.056,2.377,,,2026-10-09 02:26:04
山西省,海河流域,关河水库出口,2026-10-09 00:00,4,17.34,7.8,4.93,587.3,7.26,3.34,0.126,0.023,1.7764,,,2026-10-09 02:26:04
山西省,海河流域,北寨,2026-10-09 00:00,3,17.49,7.74,6.1,1002.27,29.96,4.17,0.125,0.099,5.9969,,,2026-10-09 02:26:04
山西省,海河流域,后湾水库出口,2026-10-09 00:00,4,17.95,7.53,4.48,503.87,5.991,2.98,0.241,0.033,0.731,,,2026-10-09 02:26:04
山西省,黄河流域,龙头,2026-10-09 00:00,1,14.1,8.2,8.14,668.39,27.91,1.51,,0.015,3.8329,,,2026-10-09 02:26:04
山西省,黄河流域,拴驴泉,2026-10-09 00:00,1,18.08,8.23,9.37,804.9874,10.541,,0.022,0.013,3.9593,,,2026-10-09 02:26:04
山西省,海河流域,东榆林水库出口,2026-10-09 00:00,2,15.72,8.59,10.62,715.391,17.10837,3.12,0.105,0.074,2.8731,,,2026-10-09 02:26:04
山西省,黄河流域,杀虎口,2026-10-09 00:00,2,10.51,8.18,8.85,623.665,30.99703,2.88,0.013,0.04,2.6361,,,2026-10-09 02:26:04
山西省,海河流域,王寨村,2026-10-09 00:00,2,16.83,8.16,9.17,585.613,54.808,0.94,,0.029,3.785,,,2026-10-09 02:26:04
山西省,黄河流域,安固桥,2026-10-09 00:00,4,13.647,7.84,4.98,3290.532,29.0171,6.35,0.187,0.133,24.4958,,,2026-10-09 02:26:04
山西省,黄河流域,王庄桥南,2026-10-09 00:00,4,17.08,8.2,8.82,1521.522,16.69,7.57,0.04,0.063,6.859,,,2026-10-09 02:26:04
山西省,黄河流域,郝村,2026-10-09 00:00,3,18.45,7.81,6.95,1271.976,38.6915,4.28,,0.114,4.196,,,2026-10-09 02:26:04
山西省,黄河流域,龙门,2026-10-09 00:00,2,17.17,8.33,10.05,813.2014,1136.705,2.59,,0.089,2.671,,,2026-10-09 02:26:04
山西省,黄河流域,张留庄,2026-10-09 00:00,3,20.46,8.64,9.34,3745.56,193.661,5.19,0.029,0.104,9.894,,,2026-10-09 02:26:04
山西省,黄河流域,上亳城,2026-10-09 00:00,2,18.34,8.13,7.77,907.539,23.274,1.32,0.008,0.029,5.9471,,,2026-10-09 02:26:04
山西省,黄河流域,小韩村,2026-10-09 00:00,4,19.41,7.61,4.91,1947.26,24.809,3.79,0.328,0.139,8.827,,,2026-10-09 02:26:04
山西省,海河流域,梵王寺,2026-10-09 00:00,5,11.19,8,8.74,1085.382,24.38469,4.03,1.164,0.386,6.4361,,,2026-10-09 02:26:04
山西省,海河流域,代县桥,2026-10-09 00:00,3,14.22,8.22,9.12,766.618,91.63335,5.96,0.001,0.163,5.6411,,,2026-10-09 02:26:04
山西省,海河流域,定襄桥,2026-10-09 00:00,2,17.66,8.32,6.61,732.209,296.5486,3.7,0.004,0.094,5.2411,,,2026-10-09 02:26:04
山西省,海河流域,南庄,2026-10-09 00:00,2,15.7,8.33,8.99,577.746,72.1902,2.11,,0.039,5.0991,,,2026-10-09 02:26:04
山西省,海河流域,坪上桥,2026-10-09 00:00,1,13.31,8.19,9.55,440.049,13.08689,1.83,0.004,,4.2351,,,2026-10-09 02:26:04
山西省,黄河流域,河西村,2026-10-09 00:00,1,13.52,8.1,8.03,585.7,11.11,1.18,0.015,0.013,3.329,,,2026-10-09 02:26:04
山西省,黄河流域,上平望,2026-10-09 00:00,3,18.51,7.76,7.03,1400.61,107.49,5.13,0.097,0.066,6.057,,,2026-10-09 02:26:04
山西省,黄河流域,黑城村,2026-10-09 00:00,2,17.27,8.38,7.75,840.3677,42.4919,1.51,0.022,0.036,5.68,,,2026-10-09 02:26:04
山西省,黄河流域,曲立,2026-10-09 00:00,2,12.36,8.11,7.86,601.128,89.17365,1.68,0.041,0.095,11.0071,,,2026-10-09 02:26:04
山西省,黄河流域,裴家川口,2026-10-09 00:00,2,14.25,8.41,8.94,498.959,29.70817,1.27,0.021,0.027,3.8941,,,2026-10-09 02:26:04
山西省,黄河流域,碛口,2026-10-09 00:00,2,16.33,8.38,7.69,1004.491,4.659196,3.12,0.025,0.01,7.7881,,,2026-10-09 02:26:04
山西省,黄河流域,裴沟,2026-10-09 00:00,1,15.34,8.69,8.82,916.619,31.40432,1.64,0.022,0.015,5.5861,,,2026-10-09 02:26:04
山西省,黄河流域,三川河两河口桥,2026-10-09 00:00,3,17.09,8.22,7.12,901.588,15.79905,3.63,0.044,0.105,5.1291,,,2026-10-09 02:26:04
山西省,黄河流域,碧村,2026-10-09 00:00,2,15.54,8.34,8.43,644.885,18.55648,2.19,0.024,0.017,5.5431,,,2026-10-09 02:26:04
山西省,黄河流域,北峪口,2026-10-09 00:00,2,15.91381,8.06,6.86,560.95,33.44715,1.75,0.017,0.024,3.4831,,,2026-10-09 02:26:04
山西省,黄河流域,南姚,2026-10-09 00:00,3,16.36,7.88,6.81,1082,53.64,3.66,0.214,0.108,5.211,,,2026-10-09 02:26:04
内蒙古自治区,松花江流域,根河口内,2026-10-09 00:00,2,5.39,7.32,11.44,101.01,6.42,3.95,,0.02,0.13,,,2026-10-09 02:26:04
内蒙古自治区,松花江流域,李屯,2026-10-09 00:00,3,6.78,7.38,11.58,110.975,5.9698,4.17,,0.019,0.618,,,2026-10-09 02:26:04
内蒙古自治区,松花江流域,陶海,2026-10-09 00:00,2,8.1,7.76,11.32,191.6,25.7,3.92,,0.037,0.374,,,2026-10-09 02:26:04
内蒙古自治区,松花江流域,嵯岗,2026-10-09 00:00,3,10.3,8.04,10.46,232.341,41.279,5.99,0.004,0.068,0.434,,,2026-10-09 02:26:04
内蒙古自治区,松花江流域,成吉思汗,2026-10-09 00:00,1,10.77,7.22,10.11,161.03,8.06,1.33,0.036,0.02,1.402,,,2026-10-09 02:26:04
内蒙古自治区,松花江流域,讷尔克气,2026-10-09 00:00,2,7.15,7.38,11.52,76.891,7.567,2.74,,0.011,0.339,,,2026-10-09 02:26:04
内蒙古自治区,松花江流域,大山矿,2026-10-09 00:00,2,8.95,7.79,10.66,170.21,3.46,2.22,,0.017,0.217,,,2026-10-09 02:26:04
内蒙古自治区,松花江流域,察尔森水库西入口,2026-10-09 00:00,3,12.57,7.71,8.87,170.42,45.45,3.31,,0.026,1.351,0.00574,1003700,2026-10-09 02:26:04
辽宁省,辽河流域,于台,2026-10-09 00:00,3,18.14,7.39,7.2,852.091,20.168,4.48,0.18,0.112,6.213,,,2026-10-09 02:26:04
辽宁省,辽河流域,砂山,2026-10-09 00:00,2,17.11,8.32,15.57,767.63,12.171,3.74,,0.049,4.52,,,2026-10-09 02:26:04
辽宁省,辽河流域,巨流河大桥,2026-10-09 00:00,3,17.19,8.43,10.66,646.2,49.1,5.24,,0.08,3.009,,,2026-10-09 02:26:04
辽宁省,辽河流域,兴国桥,2026-10-09 00:00,2,14.98,7.48,7.56,643.545,3.454,2.86,,0.012,1.277,,,2026-10-09 02:26:04
辽宁省,辽河流域,麦家,2026-10-09 00:00,4,18.35,7.46,4.59,553.6,35.56,4.64,0.783,0.1,3.58,,,2026-10-09 02:26:04
辽宁省,辽河流域,复州湾大桥,2026-10-09 00:00,2,17.2926,7.78,7.92,660.51,4.74124,3.62,0.046,0.049,6.307,,,2026-10-09 02:26:04
辽宁省,辽河流域,万泰,2026-10-09 00:00,2,20.64,7.29,6.95,141.297,5.41413,2,0.027,0.011,2.63923,,,2026-10-09 02:26:04
辽宁省,辽河流域,登化,2026-10-09 00:00,3,17.7459,8.6,8.09,713.395,26.4322,5.43,0.039,0.174,9.584,,,2026-10-09 02:26:04
辽宁省,辽河流域,小姐庙,2026-10-09 00:00,4,17.74,7.59,4.97,731.1,5.57,3.08,0.322,0.077,5.521,,,2026-10-09 02:26:04
辽宁省,辽河流域,口子街,2026-10-09 00:00,1,17.96,8.88,10.39,306.2,2.73671,1.61,,0.01,3.147,,,2026-10-09 02:26:04
辽宁省,辽河流域,牛庄,2026-10-09 00:00,4,17.8568,8.23,6.04,623.498,48.2111,6.51,0.22,0.097,3.069,,,2026-10-09 02:26:04
辽宁省,辽河流域,关门山大桥,2026-10-09 00:00,1,17.11,8.15,8.13,394.683,5.181,1.06,,0.008,4.468,,,2026-10-09 02:26:04
辽宁省,辽河流域,刘家台,2026-10-09 00:00,2,16.759,7.82,8.02,687.573,13.914,3.2,0.398,0.098,5.752,,,2026-10-09 02:26:04
辽宁省,辽河流域,凤鸣电站,2026-10-09 00:00,2,13.27,7.43,8.06,208.89,1.95,2.04,,0.012,2.808,,,2026-10-09 02:26:04
辽宁省,辽河流域,南太子河入库口,2026-10-09 00:00,1,15.78,7.38,8.13,178.5,2.06,0.34,0.004,0.005,4.481,,,2026-10-09 02:26:04
辽宁省,辽河流域,江桥,2026-10-09 00:00,3,20.15,7.23,5.81,159.2,3.87,1.05,0.016,0.012,2.478,,,2026-10-09 02:26:04
辽宁省,辽河流域,爱河大桥,2026-10-09 00:00,3,18.202,7.02,7.13,239.304,5.98446,1.27,0.033,0.152,3.211,,,2026-10-09 02:26:04
辽宁省,辽河流域,蒲石河大桥,2026-10-09 00:00,1,18.56,8.04,9.05,246.47,2.657,1.7,0.008,0.016,3.001,,,2026-10-09 02:26:04
辽宁省,辽河流域,王家沟,2026-10-09 00:00,2,18.98,8.25,8.77,681.41,10.77,1.92,,0.025,5.09,,,2026-10-09 02:26:04
辽宁省,辽河流域,西八千,2026-10-09 00:00,2,18.87,8.44,8.45,798.85,8.63,2.75,,0.044,5.076,,,2026-10-09 02:26:04
辽宁省,辽河流域,张家堡,2026-10-09 00:00,2,17.96,8.01,8.1,769.98,11.958,2.36,0.197,0.055,6.132,,,2026-10-09 02:26:04
辽宁省,辽河流域,女儿河入河口,2026-10-09 00:00,2,17.58,7.62,9.97,858.29,14.46,,0.029,0.037,19.234,,,2026-10-09 02:26:04
辽宁省,辽河流域,何家信子,2026-10-09 00:00,2,18.12,8.31,8.63,465.5,5.29,2.87,,0.021,1.288,,,2026-10-09 02:26:04
辽宁省,辽河流域,西树林,2026-10-09 00:00,3,17.73,8.17,10.02,1041.85,19.06,4.04,0.078,0.108,6.736,,,2026-10-09 02:26:04
辽宁省,辽河流域,高台子,2026-10-09 00:00,6,17.3,7.52,0.88,1205.8,31.685,5.15,0.275,0.163,7.703,,,2026-10-09 02:26:04
辽宁省,辽河流域,大清河口,2026-10-09 00:00,4,17.83,8.38,8.64,506.67,12.429,6.73,1.07,0.107,7.098,,,2026-10-09 02:26:04
辽宁省,辽河流域,东羊角,2026-10-09 00:00,3,17.4,7.84,8.07,735.5,19.3,3.26,0.637,0.197,7.589,,,2026-10-09 02:26:04
辽宁省,辽河流域,下口子,2026-10-09 00:00,2,18.52,7.75,8.37,609.5,10.13,2.12,0.021,0.042,4.512,,,2026-10-09 02:26:04
辽宁省,辽河流域,河洪桥,2026-10-09 00:00,3,16.4089,7.68,8.53,613.422,20.4069,3.81,0.279,0.148,6.573,,,2026-10-09 02:26:04
辽宁省,辽河流域,二道河水库口,2026-10-09 00:00,2,16.0875,7.92,7.06,411.778,2.23693,1.12,0.002,0.005,3.264,,,2026-10-09 02:26:04
辽宁省,辽河流域,下王家,2026-10-09 00:00,2,16.7838,7.43,6.19,571.485,4.5471,0.92,,0.02,4.437,,,2026-10-09 02:26:04
辽宁省,辽河流域,汤河桥,2026-10-09 00:00,2,18.22,7.72,8.91,537.3,8.38286,1.74,0.015,0.024,4.329,,,2026-10-09 02:26:04
辽宁省,辽河流域,下达河入汤河水库口,2026-10-09 00:00,2,15.379,8.09,8.3,395.985,7.036,1.89,0.01,0.022,5.688,,,2026-10-09 02:26:04
辽宁省,辽河流域,丁家柳河桥,2026-10-09 00:00,5,18.12,8.01,8.61,1191.55,46.262,10.31,0.169,0.179,2.805,,,2026-10-09 02:26:04
辽宁省,辽河流域,盘锦兴安,2026-10-09 00:00,3,17.5,8.35,8.3,620.44,42.85,5.94,,0.085,2.618,,,2026-10-09 02:26:04
辽宁省,辽河流域,曙光大桥,2026-10-09 00:00,3,17.63,7.82,7.85,835.27,30.11,4.31,0.081,0.096,1.996,,,2026-10-09 02:26:04
辽宁省,辽河流域,胜利塘,2026-10-09 00:00,4,17.87,7.76,3.5,968.92,33.36,5.18,,0.081,1.85,,,2026-10-09 02:26:04
辽宁省,辽河流域,鲜峰桥,2026-10-09 00:00,3,19.71,7.61,6.93,851.154,28.154,4.46,0.381,0.158,9.811,,,2026-10-09 02:26:04
辽宁省,辽河流域,清辽,2026-10-09 00:00,3,16.75,7.19,8.12,578.34,12.76,3.19,0.469,0.157,7.703,,,2026-10-09 02:26:04
辽宁省,辽河流域,通江口,2026-10-09 00:00,2,17.05,8.44,11.29,728.58,22.89,3.26,,0.047,4.286,,,2026-10-09 02:26:04
辽宁省,辽河流域,柴河水库入库口,2026-10-09 00:00,2,16.2,8.04,9.89,426.68,26.5,1.91,,0.042,5.474,,,2026-10-09 02:26:04
辽宁省,辽河流域,松树水文站,2026-10-09 00:00,2,15.75,8.4,8.64,423.25,41.76,3.29,,0.081,7.664,,,2026-10-09 02:26:04
辽宁省,辽河流域,亮子河入河口,2026-10-09 00:00,3,15.52,8.25,8.23,743.58,12.33,4.94,0.088,0.086,4.085,,,2026-10-09 02:26:04
辽宁省,辽河流域,清河水库入库口,2026-10-09 00:00,2,13.61,7.64,8.12,322.75,85.5,2,,0.061,7.22,,,2026-10-09 02:26:04
辽宁省,辽河流域,凌鸿大桥,2026-10-09 00:00,2,17.2,8.26,10.24,775.37,13.61,2.09,,0.035,11.199,,,2026-10-09 02:26:04
辽宁省,辽河流域,章吉营,2026-10-09 00:00,2,16.76,8.08,8.04,815.51,2.54,1.82,,0.033,11.084,,,2026-10-09 02:26:04
辽宁省,辽河流域,大凌河西支入河口,2026-10-09 00:00,2,14.35,7.97,7.18,915.5,10.17,1.25,,0.042,23.28,,,2026-10-09 02:26:04
辽宁省,辽河流域,李家湾大桥,2026-10-09 00:00,2,14.7,7.83,8.81,491.6,42.3,1.07,,0.031,5.161,,,2026-10-09 02:26:04
辽宁省,辽河流域,王家窝棚,2026-10-09 00:00,3,16.33,7.49,7.64,615.78,2.36,2.03,0.012,0.181,5.195,,,2026-10-09 02:26:04
辽宁省,辽河流域,红石碑入海前,2026-10-09 00:00,2,17.77,8.68,13.84,1035.31,17.52,3.96,,0.051,4.806,,,2026-10-09 02:26:04
辽宁省,辽河流域,小渔场,2026-10-09 00:00,2,19.38,7.58,6.52,27870.05,1.305,0.69,0.172,0.045,5.785,,,2026-10-09 02:26:04
吉林省,松花江流域,砖瓦窑桥,2026-10-09 00:00,2,12.95,7.7,7.78,847.6,17.85,3.67,0.11,0.099,12.958,,,2026-10-09 02:26:04
吉林省,松花江流域,镇江口,2026-10-09 00:00,3,14.88,7.91,9.9,288.5,22.21,4.43,0.047,0.094,3.932,,,2026-10-09 02:26:04
吉林省,松花江流域,靠山大桥,2026-10-09 00:00,3,13.6,8.09,9.94,696.96,37.2,3.75,0.022,0.194,5.66,,,2026-10-09 02:26:04
吉林省,松花江流域,饮马河大桥,2026-10-09 00:00,2,14.68,7.51,8.52,237.36,31.1,3.15,,0.058,2.532,,,2026-10-09 02:26:04
吉林省,松花江流域,刘珍屯,2026-10-09 00:00,2,14.23,7.6,9.92,485.76,21.7,3.75,0.067,0.074,3.143,,,2026-10-09 02:26:04
吉林省,松花江流域,周家河口,2026-10-09 00:00,3,13.55,7.46,9.6,539.01,112.09,4.06,0.136,0.088,3.356,,,2026-10-09 02:26:04
吉林省,松花江流域,白旗,2026-10-09 00:00,2,15.3587,7.24,9.09,271.88,30.2657,3.93,0.102,0.076,4.3437,,,2026-10-09 02:26:04
吉林省,松花江流域,白山大桥,2026-10-09 00:00,4,17.37,6.73,5.45,105.215,36.793,6.69,0.015,0.047,1.983,,,2026-10-09 02:26:04
吉林省,松花江流域,福兴,2026-10-09 00:00,2,12.73,7.77,8.77,351.67,21.624,3.62,0.031,0.072,3.202,,,2026-10-09 02:26:04
吉林省,松花江流域,桦树林,2026-10-09 00:00,4,14.9,7.23,6.91,139.909,39.36,6.55,0.02,0.066,2.376,0.00958,671744,2026-10-09 02:26:04
吉林省,松花江流域,官厅桥,2026-10-09 00:00,2,14.18,7.53,9,400,0.137,2.19,0.061,0.047,0.891,,,2026-10-09 02:26:04
吉林省,松花江流域,蛟河口,2026-10-09 00:00,2,14.026,7.21,8.78,298.794,39.398,3.38,0.108,0.083,5.114,,,2026-10-09 02:26:04
吉林省,松花江流域,哨口,2026-10-09 00:00,2,17.4265,7.27,8.6,249.174,16.7794,3.74,0.103,0.073,3.7432,,,2026-10-09 02:26:04
吉林省,松花江流域,肖家船口,2026-10-09 00:00,2,12.1427,7.25,8.63,217.792,15.1363,2.01,0.001,0.045,3.407,,,2026-10-09 02:26:04
吉林省,松花江流域,烟筒山,2026-10-09 00:00,2,14.67,7.72,9.44,353.05,37.163,2.51,0.064,0.063,3.497,,,2026-10-09 02:26:04
吉林省,辽河流域,四双大桥,2026-10-09 00:00,2,14.29,7.91,9.62,633.05,12.57,2.33,0.06,0.039,2.517,,,2026-10-09 02:26:04
吉林省,辽河流域,城子上,2026-10-09 00:00,2,15.7,8.09,8,562.11,6.52,3.57,,0.048,2.625,,,2026-10-09 02:26:04
吉林省,辽河流域,六家子,2026-10-09 00:00,2,14.43,8,9.34,820.8,7.1,3.21,,0.072,8.429,,,2026-10-09 02:26:04
吉林省,辽河流域,林家,2026-10-09 00:00,3,15.4,8.44,9.76,853.7,10.8,4.85,0.021,0.115,10.296,,,2026-10-09 02:26:04
吉林省,辽河流域,河清,2026-10-09 00:00,2,16.17,7.86,9.99,1029.1,72.5,3.47,,0.036,4.921,,,2026-10-09 02:26:04
吉林省,辽河流域,民主,2026-10-09 00:00,2,13.82,8.18,9.87,352,8.045,3.31,0.005,0.024,2.894,,,2026-10-09 02:26:04
吉林省,松花江流域,高集岗桥,2026-10-09 00:00,2,14.37,8.37,12.04,343.6,13.037,2.51,0.0002,0.033,4.531,,,2026-10-09 02:26:04
吉林省,辽河流域,云峰,2026-10-09 00:00,3,18.411,7.2,5.42,135.622,4.0256,2.53,0.012,0.02,1.35,,,2026-10-09 02:26:04
吉林省,辽河流域,老虎哨,2026-10-09 00:00,2,18.692,7.41,7.88,122.627,5.7631,2.03,0.03,0.015,1.812,,,2026-10-09 02:26:04
吉林省,辽河流域,鸠谷,2026-10-09 00:00,2,10,7.48,10.01,142.5,23,1.93,0.135,0.073,1.453,,,2026-10-09 02:26:04
吉林省,辽河流域,葫芦套,2026-10-09 00:00,2,14.9,8.05,9.99,141.151,17.918,2.03,0.013,0.026,1.197,,,2026-10-09 02:26:04
吉林省,辽河流域,大阳岔,2026-10-09 00:00,1,9.86,8.04,8.39,275.315,4.764,0.49,,0.015,1.578,,,2026-10-09 02:26:04
吉林省,松花江流域,月亮湖下,2026-10-09 00:00,3,12.16,8.24,8.49,272.14,51.15,5.76,,0.078,1.641,,,2026-10-09 02:26:04
吉林省,松花江流域,圈河,2026-10-09 00:00,2,14.569,7.64,9.81,156.357,78.819,3.32,0.071,0.063,1.81,,,2026-10-09 02:26:04
吉林省,松花江流域,大山,2026-10-09 00:00,2,13.44,7.66,10.22,141.578,21.216,3.49,0.159,0.059,1.649,,,2026-10-09 02:26:04
吉林省,松花江流域,崇善,2026-10-09 00:00,4,8.63,7.5,9.72,104.082,11.257,6.5,0.264,0.292,1.965,,,2026-10-09 02:26:04
吉林省,松花江流域,榆树川,2026-10-09 00:00,2,12.84,7.45,9.03,240.535,26.301,2.39,0.019,0.037,1.92,,,2026-10-09 02:26:04
吉林省,松花江流域,磨盘大桥,2026-10-09 00:00,3,16.15,7.92,7.28,336.796,23.554,3.66,0.668,0.149,4.673,,,2026-10-09 02:26:04
吉林省,松花江流域,西崴子,2026-10-09 00:00,3,13.44,7.95,9.59,168.66,45.6702,5.72,0.037,0.07,1.248,,,2026-10-09 02:26:04
吉林省,松花江流域,石井,2026-10-09 00:00,2,14.8,8.34,10.45,283.243,50.265,2.36,0.044,0.073,1.653,,,2026-10-09 02:26:04
吉林省,松花江流域,三家子,2026-10-09 00:00,2,16.14,7.47,9.29,123.072,20.131,3.12,0.038,0.042,1.353,,,2026-10-09 02:26:04
吉林省,松花江流域,建封路大桥,2026-10-09 00:00,2,9.88,7.63,10.4,195.644,19.227,0.9,0.026,0.07,0.764,,,2026-10-09 02:26:04
黑龙江省,松花江流域,摆渡镇,2026-10-09 00:00,4,12,7.96,9.48,238.428,64.567,6.06,0.044,0.125,1.95,,,2026-10-09 02:26:04
黑龙江省,松花江流域,苗家,2026-10-09 00:00,3,13.2,8.65,11.23,315.4,16.8,5.17,0.008,0.111,1.335,,,2026-10-09 02:26:04
黑龙江省,松花江流域,磨盘山水库出口,2026-10-09 00:00,3,16.786,6.45,5.45,70.962,12.112,5.84,0.009,0.035,2.391,0.0278,20736,2026-10-09 02:26:04
黑龙江省,松花江流域,朱顺屯,2026-10-09 00:00,3,14.036,7.94,8.27,262.945,43.7965,5.98,0.05,0.095,1.678,,,2026-10-09 02:26:04
黑龙江省,松花江流域,阿什河口内,2026-10-09 00:00,4,14.113,6.95,4.88,651.4,8.54,4.32,1.036,0.189,6.714,,,2026-10-09 02:26:04
黑龙江省,松花江流域,大顶子山,2026-10-09 00:00,3,13.6489,7.68,9.22,235.571,20.4994,5.33,0.068,0.083,2.545,,,2026-10-09 02:26:04
黑龙江省,松花江流域,拉哈,2026-10-09 00:00,4,12.82,7.71,9.36,119.781,31.53,6.8,0.001,0.077,1.246,,,2026-10-09 02:26:04
黑龙江省,松花江流域,查哈阳乡,2026-10-09 00:00,2,9.4,7.72,11.57,103.6,12.6,2.5,,0.02,0.379,,,2026-10-09 02:26:04
黑龙江省,松花江流域,音河水库,2026-10-09 00:00,2,12.01,7.89,9.51,242.12,94.95,3.74,,0.06,3.99,,,2026-10-09 02:26:04
黑龙江省,松花江流域,浏园,2026-10-09 00:00,3,11.56,7.55,10.41,157.3,30.9,5.7,0.061,0.06,1.65,,,2026-10-09 02:26:04
黑龙江省,松花江流域,富源村,2026-10-09 00:00,4,13.65,7.72,8.9,111.46,12.34,7.3,0.006,0.047,0.296,,,2026-10-09 02:26:04
黑龙江省,松花江流域,858九队,2026-10-09 00:00,3,19.47,7.87,9.27,138.4,23.065,5.07,0.46,0.13,1.2558,,,2026-10-09 02:26:04
黑龙江省,松花江流域,名山,2026-10-09 00:00,4,8.262,7.75,11.11,141.99,10.934,7.3,0.016,0.013,0.39,,,2026-10-09 02:26:04
黑龙江省,松花江流域,饶河上,2026-10-09 00:00,4,11.06,7.14,8.98,68.3,31.191,8.2,0.011,0.054,1.021,,,2026-10-09 02:26:04
黑龙江省,松花江流域,挠力河口内,2026-10-09 00:00,3,8.224,7.56,10.47,182.662,40.654,4.49,0.017,0.052,0.593,,,2026-10-09 02:26:04
黑龙江省,松花江流域,嫩江口内,2026-10-09 00:00,3,12.95,7.71,10.07,168.296,50.378,4.46,0.017,0.077,1.376,,,2026-10-09 02:26:04
黑龙江省,松花江流域,友好,2026-10-09 00:00,5,6.19,7.36,11.58,113.028,6.837,10.32,0.014,0.045,1.305,,,2026-10-09 02:26:04
黑龙江省,松花江流域,嘉荫,2026-10-09 00:00,4,8.7,7.75,11.02,133.335,12.546,7.31,0.018,0.027,0.183,,,2026-10-09 02:26:04
黑龙江省,松花江流域,双河渠首,2026-10-09 00:00,2,9.55,7.4,10.42,144.2,4.8,2.79,,0.025,2.959,,,2026-10-09 02:26:04
黑龙江省,松花江流域,佳木斯下,2026-10-09 00:00,3,12.219,7.62,9.06,221.229,52.323,4.88,0.05,0.132,2.127,,,2026-10-09 02:26:04
黑龙江省,松花江流域,宏克利,2026-10-09 00:00,3,11.93,7.57,9.96,230.2,45.68,5.25,0.014,0.117,2.07,,,2026-10-09 02:26:04
黑龙江省,松花江流域,三岔口,2026-10-09 00:00,4,11.27,7.22,10.32,136.004,93.529,9.74,0.146,0.082,1.256,,,2026-10-09 02:26:04
黑龙江省,松花江流域,海浪,2026-10-09 00:00,2,13.26,7.39,10.67,141.6,51.19,3.6,0.08,0.08,2.657,,,2026-10-09 02:26:04
黑龙江省,松花江流域,三道,2026-10-09 00:00,5,18.78,7.21,7.51,121.71,72.45,4.6,0.042,0.106,2.9,0.053955,27520,2026-10-09 02:26:04
黑龙江省,松花江流域,电视塔,2026-10-09 00:00,5,17.8,6.86,5.82,97.7,81.88,7.69,0.047,0.125,2.614,0.00359,15616,2026-10-09 02:26:04
黑龙江省,松花江流域,海浪河口内,2026-10-09 00:00,3,12.57,6.97,9.07,126.5,51.8,4.12,0.119,0.022,2.327,,,2026-10-09 02:26:04
黑龙江省,松花江流域,黑河下,2026-10-09 00:00,3,7.37,7.96,10.81,170.5596,11.2289,5.17,,0.027,0.3455,,,2026-10-09 02:26:04
黑龙江省,松花江流域,呼玛河口内,2026-10-09 00:00,3,6.83,7.48,11.29,74.236,1.11,4.12,0.026,0.016,0.256,,,2026-10-09 02:26:04
黑龙江省,松花江流域,加格达奇上,2026-10-09 00:00,2,7.2,7.12,10.63,66.937,5.297,3.03,,0.008,0.239,,,2026-10-09 02:26:04
上海市,太湖流域,临江,2026-10-09 00:00,4,23.09,7.46,4.49,447.28,40.35,,,,,,,2026-10-09 02:26:04
上海市,太湖流域,闵行西界,2026-10-09 00:00,3,23.17,7.39,5.16,404.27,42.4,3.48,0.095,0.121,1.887,,,2026-10-09 02:26:04
上海市,太湖流域,吴淞口,2026-10-09 00:00,3,24.537,7.69,5.73,398.235,80.279,3.33,,0.129,2.121,,,2026-10-09 02:26:04
上海市,长江流域,富锦路桥,2026-10-09 00:00,4,23.6,7.54,4.29,603.9,54.4,3.75,0.177,0.156,4.303,,,2026-10-09 02:26:04
上海市,太湖流域,蕴川路桥,2026-10-09 00:00,3,22.25,7.42,5.11,614.43,75.12,3.07,0.051,0.119,3.664,,,2026-10-09 02:26:04
上海市,太湖流域,三甲港,2026-10-09 00:00,2,23.5,7.76,7.5,533.9,60.1,1.76,0.112,0.091,1.856,,,2026-10-09 02:26:04
上海市,太湖流域,急水港桥,2026-10-09 00:00,4,22.65,7.42,4.43,494.1,24.8,3.1,0.165,0.084,2.147,0.0188,3299553,2026-10-09 02:26:04
江苏省,长江流域,陈浅,2026-10-09 00:00,3,21.43,7.33,5.07,282.3,39.77,5.07,0.059,0.133,1.093,,,2026-10-09 02:26:04
江苏省,长江流域,七桥瓮,2026-10-09 00:00,4,22.76,7.47,4.44,400.24,19.78,4.19,0.45,0.114,2.797,,,2026-10-09 02:26:04
江苏省,长江流域,节制闸,2026-10-09 00:00,2,23.72,7.83,7.15,342.71,19.22,1.93,0.038,0.064,1.95,,,2026-10-09 02:26:04
江苏省,长江流域,钱家渡,2026-10-09 00:00,2,22.09,7.66,6.2,278.22,35.03,3.19,0.078,0.059,1.024,,,2026-10-09 02:26:04
江苏省,太湖流域,锡东水厂,2026-10-09 00:00,3,22.2,8.98,10.31,368.11,10.4,2.92,0.041,0.036,0.21,0.00733,2328960,2026-10-09 02:26:04
江苏省,太湖流域,兰山嘴,2026-10-09 00:00,4,21.25,8.48,9.53,329.41,30.62,2.83,,0.067,0.859,0.01111,4422096,2026-10-09 02:26:04
江苏省,太湖流域,蠡桥,2026-10-09 00:00,4,21.88,7.36,4.33,400.84,24.81,2.57,0.438,0.056,1.769,,,2026-10-09 02:26:04
江苏省,太湖流域,百渎港桥,2026-10-09 00:00,3,22.88,7.39,5.29,463.9,29.11,3.89,0.068,0.119,2.257,,,2026-10-09 02:26:04
江苏省,太湖流域,大浦港桥,2026-10-09 00:00,3,22.02,7.32,5.22,418.9,34.5,4,0.184,0.112,2.136,,,2026-10-09 02:26:04
江苏省,太湖流域,五牧,2026-10-09 00:00,3,22.94,7.18,5.74,381.82,29.66,2.61,0.183,0.124,2.799,,,2026-10-09 02:26:04
江苏省,太湖流域,拖山,2026-10-09 00:00,4,22.02,8.84,10.81,338.01,26.93,3.79,0.011,0.066,1.174,0.00887,7469801,2026-10-09 02:26:04
江苏省,太湖流域,五里湖心,2026-10-09 00:00,3,22.09,8.22,8.79,401.03,10.88522,2.44,0.054,0.033,0.536,0.00952,4755365,2026-10-09 02:26:04
江苏省,太湖流域,金潼桥,2026-10-09 00:00,2,25.5,7.8,7.21,349.6,30.32,1.57,0.06,0.057,2.241,,,2026-10-09 02:26:04
江苏省,太湖流域,大港桥,2026-10-09 00:00,2,20.6,6.47,8.14,126.94,4.37,0.54,0.009,0.023,3.636,,,2026-10-09 02:26:04
江苏省,太湖流域,潘家坝,2026-10-09 00:00,3,22.25,7.44,5.39,418.39,35.92,4.32,0.03,0.09,2.197,,,2026-10-09 02:26:04
江苏省,太湖流域,长济桥,2026-10-09 00:00,3,23.59,7.55,5.92,390.1,18.4,2.16,0.203,0.111,2.759,,,2026-10-09 02:26:04
江苏省,太湖流域,钓邾大桥,2026-10-09 00:00,2,23.15,7.84,7.31,566.36,20.83,3.28,0.16,0.076,1.77,,,2026-10-09 02:26:04
江苏省,长江流域,小湾,2026-10-09 00:00,2,24.56,7.86,7.01,340.87,13.05,1.38,,0.05,1.908,,,2026-10-09 02:26:04
江苏省,淮河流域,李庄,2026-10-09 00:00,3,23.16,8.46,6.43,627.9,5.5,4.09,0.092,0.08,3.432,,,2026-10-09 02:26:04
江苏省,淮河流域,华山闸,2026-10-09 00:00,3,21.96,8.6,9.46,1289.5,10.28,6,0.005,0.056,0.788,,,2026-10-09 02:26:04
江苏省,淮河流域,艾山西大桥,2026-10-09 00:00,4,21.795,8.15,18.51,681.681,726.631,7.68,0.109,0.104,3.634,,,2026-10-09 02:26:04
江苏省,淮河流域,下楼公路桥,2026-10-09 00:00,4,20.46,7.69,12.89,1095.2,6.13,6.01,0.132,0.104,0.9373,,,2026-10-09 02:26:04
江苏省,长江流域,魏村,2026-10-09 00:00,2,24.41,7.78,7.06,342.77,18.13,1.39,,0.062,2.002,,,2026-10-09 02:26:04
江苏省,太湖流域,姚巷桥,2026-10-09 00:00,2,22.64,8.1,6.19,385.42,7.59,3.04,0.056,0.088,2.338,,,2026-10-09 02:26:04
江苏省,太湖流域,黄埝桥,2026-10-09 00:00,3,22.52,7.37,5.2,469.6,31.16,4.86,0.443,0.18,2.844,,,2026-10-09 02:26:04
江苏省,太湖流域,落蓬湾,2026-10-09 00:00,3,23.79,7.18,5.32,283.1,142.7,4.83,0.143,0.102,1.997,,,2026-10-09 02:26:04
江苏省,太湖流域,九号桥,2026-10-09 00:00,2,24.42,7.9,6.87,330.6,25.5,1.64,0.006,0.063,1.954,,,2026-10-09 02:26:04
江苏省,太湖流域,胥湖心,2026-10-09 00:00,2,21.93,8.62,10.47,356.44,8.72,2.38,0.002,0.005,0.116,0.0006,26633.35,2026-10-09 02:26:04
江苏省,太湖流域,乌龟山南,2026-10-09 00:00,2,21.39,8.51,9.52,352.791,11.594,3.34,0.002,0.021,0.483,0.00396,5285184,2026-10-09 02:26:04
江苏省,太湖流域,望亭上游,2026-10-09 00:00,3,22.86,7.51,6.28,519.17,19.76,2.78,0.257,0.131,2.812,,,2026-10-09 02:26:04
江苏省,太湖流域,千灯浦口,2026-10-09 00:00,3,22.63,7.28,5.03,584.167,28.727,2.95,0.044,0.082,1.5937,,,2026-10-09 02:26:04
江苏省,太湖流域,朱厍港口,2026-10-09 00:00,3,22.2,7.45,5.5,556.1,29.6,3.16,0.014,0.069,1.202,,,2026-10-09 02:26:04
江苏省,太湖流域,浏河闸,2026-10-09 00:00,3,23.74,7.72,6.1,395.714,79.761,2.95,0.23,0.129,0.4196,,,2026-10-09 02:26:04
江苏省,太湖流域,江边闸,2026-10-09 00:00,4,22.78,7.39,3.31,571.9,22.74,2.55,,0.088,1.963,,,2026-10-09 02:26:04
江苏省,太湖流域,瓜泾口西,2026-10-09 00:00,3,23.53,8.27,7,327.4,12.99,5.7,,0.041,0.801,,,2026-10-09 02:26:04
江苏省,太湖流域,航管站,2026-10-09 00:00,2,23.52,8.68,9.2,370.62,10.22,2.33,0.017,0.016,0.23,,,2026-10-09 02:26:04
江苏省,太湖流域,越溪桥,2026-10-09 00:00,3,22.54,8,7.63,386.4,42.5,5.29,0.088,0.117,1.193,,,2026-10-09 02:26:04
江苏省,太湖流域,赵屯,2026-10-09 00:00,3,23.16,7.49,6.49,762.498,36.474,2.98,0.434,0.128,2.9671,,,2026-10-09 02:26:04
江苏省,淮河流域,东安闸桥西,2026-10-09 00:00,3,22.2,7.52,5.7,1189.3,33.67,,,,,,,2026-10-09 02:26:04
江苏省,长江流域,九圩港桥,2026-10-09 00:00,3,23.66,7.71,5.54,335,44.76,1.86,0.013,0.071,1.737,,,2026-10-09 02:26:04
江苏省,长江流域,碾砣港闸,2026-10-09 00:00,3,23.77,8.13,9.12,389.6,29.48,2.77,0.006,0.102,1.607,,,2026-10-09 02:26:04
江苏省,长江流域,聚南大桥,2026-10-09 00:00,4,23.07,7.44,4.86,850.7,19.65,4.97,,0.096,1.613,,,2026-10-09 02:26:04
江苏省,长江流域,大洋港桥,2026-10-09 00:00,4,22.92,7.48,4.02,671.6,26.27,,0.124,,,,,2026-10-09 02:26:04
江苏省,长江流域,塘芦港闸,2026-10-09 00:00,4,23.09,7.53,3.91,1085.07,17.471,4.89,0.263,0.183,2.078,,,2026-10-09 02:26:04
江苏省,淮河流域,小洋口,2026-10-09 00:00,5,21.06,7.8,8.63,1275.6,20.22,6.26,0.236,0.305,1.841,,,2026-10-09 02:26:04
江苏省,淮河流域,环东闸口,2026-10-09 00:00,4,22.81,7.55,5.21,926.7,22.64,5.17,,0.254,2.057,,,2026-10-09 02:26:04
江苏省,淮河流域,北凌新闸,2026-10-09 00:00,5,21.62,8.35,11.11,1937.8,15.69,7,0.092,0.317,2.655,,,2026-10-09 02:26:04
江苏省,淮河流域,总渠苏嘴,2026-10-09 00:00,3,21.23,7.92,8.5,577.42,37.63,3.57,0.028,0.105,3.583,,,2026-10-09 02:26:04
江苏省,淮河流域,唐曹,2026-10-09 00:00,3,21.73,7.77,5.17,555.9,53.61,3.7,0.219,0.149,2.572,,,2026-10-09 02:26:04
江苏省,长江流域,三江营,2026-10-09 00:00,2,23.91,7.85,6.92,331.6,33.8,1.94,,0.065,2.01,,,2026-10-09 02:26:04
江苏省,淮河流域,槐泗河口,2026-10-09 00:00,2,22.38,8,8.22,412.2,52.01,2.93,0.021,0.077,1.549,,,2026-10-09 02:26:04
江苏省,淮河流域,大运河船闸,2026-10-09 00:00,3,20.74,7.78,6.92,525.9,54.5,3.86,0.051,0.108,2.136,,,2026-10-09 02:26:04
江苏省,淮河流域,三垛西大桥,2026-10-09 00:00,4,22.11,7.15,3.43,422.53,52.58,3.91,0.134,0.138,2.369,,,2026-10-09 02:26:04
江苏省,淮河流域,江都西闸,2026-10-09 00:00,2,23.06,7.57,6.5,368.88,43.97,2.61,,0.097,1.777,,,2026-10-09 02:26:04
江苏省,长江流域,冻青桥,2026-10-09 00:00,3,22.13,7.81,6.27,435.9,69.72,3.78,0.12,0.157,1.756,,,2026-10-09 02:26:04
江苏省,长江流域,小河口上游,2026-10-09 00:00,2,24.42,7.89,7.28,336.3,24.09,2.02,0.028,0.058,1.724,,,2026-10-09 02:26:04
江苏省,淮河流域,曹庄桥,2026-10-09 00:00,2,22.9,7.53,6.02,374.8,32.17,2.36,,0.096,1.409,,,2026-10-09 02:26:04
江苏省,太湖流域,辛丰镇,2026-10-09 00:00,2,24.7,7.77,6.68,351.9,32.92,2.45,0.02,0.081,2.023,,,2026-10-09 02:26:04
江苏省,太湖流域,林家闸,2026-10-09 00:00,2,24.32,7.89,7.35,339.3,12.35,1.67,,0.072,2.1565,,,2026-10-09 02:26:04
江苏省,太湖流域,新港桥,2026-10-09 00:00,3,21.75,8.52,14.92,342.6,10.7,4.18,0.02,0.055,1.609,,,2026-10-09 02:26:04
江苏省,太湖流域,吕城,2026-10-09 00:00,4,22.46,7.39,4.82,384.54,28.73,4.01,0.05,0.167,2.649,,,2026-10-09 02:26:04
江苏省,淮河流域,海陵大桥,2026-10-09 00:00,2,24.34,7.88,7.1,343.2,14.26,1.34,0.005,0.057,1.947,,,2026-10-09 02:26:04
江苏省,长江流域,马甸闸西,2026-10-09 00:00,2,24,7.83,7.26,345.8,23.03,1.94,0.015,0.061,2.275,,,2026-10-09 02:26:04
江苏省,长江流域,祥和大桥,2026-10-09 00:00,3,21.7,7.41,5.42,582.7,16.6,3.45,0.76,0.199,1.886,,,2026-10-09 02:26:04
江苏省,长江流域,新十圩港大桥,2026-10-09 00:00,3,23.47,7.57,5.51,401.9,80.26,4.07,0.205,0.19,2.655,,,2026-10-09 02:26:04
江苏省,淮河流域,临淮乡入湖口,2026-10-09 00:00,3,22.97,8.27,9.08,686.2,28.28,5.22,0.005,0.059,1.235,,,2026-10-09 02:26:04
江苏省,淮河流域,砖瓦厂,2026-10-09 00:00,4,21.99,8.6,16.08,847.8,9.93,7.12,0.014,0.006,0.997,,,2026-10-09 02:26:04
江苏省,淮河流域,团结闸,2026-10-09 00:00,4,21.91,8.75,8.89,1349.3,17.45,7.52,0.011,0.053,1.126,,,2026-10-09 02:26:04
江苏省,淮河流域,大屈,2026-10-09 00:00,4,21.7,8.83,16.21,852.4,19.1,7.97,0.066,0.076,0.87,,,2026-10-09 02:26:04
浙江省,浙闽片河流,小金山,2026-10-09 00:00,2,26.3,8.34,7.03,136.055,2.568,1.46,0.003,0.01,0.7956,,,2026-10-09 02:26:04
浙江省,浙闽片河流,三潭岛,2026-10-09 00:00,2,25.8,8.14,7.38,122.162,1.997,1.2,0.007,0.007,0.6458,,,2026-10-09 02:26:04
浙江省,浙闽片河流,千岛湖大坝前,2026-10-09 00:00,2,26.77,7.76,6.55,128.841,1.502,1.3,0.018,0.008,0.7739,,,2026-10-09 02:26:04
浙江省,浙闽片河流,洋溪渡,2026-10-09 00:00,3,18.96,7.05,5.94,166.182,3.616,1.06,0.003,0.016,1.0139,,,2026-10-09 02:26:04
浙江省,浙闽片河流,桐庐,2026-10-09 00:00,3,23.94,7.25,5.76,287.3,10.1,1.51,0.003,0.055,1.425,,,2026-10-09 02:26:04
浙江省,浙闽片河流,清林渡,2026-10-09 00:00,4,24.105,7.1,4.7,311.706,33.873,3.7,1.373,0.165,2.478,,,2026-10-09 02:26:04
浙江省,浙闽片河流,水车,2026-10-09 00:00,2,23.634,8.23,10.61,1192.16,9.427,2.48,0.014,0.03,1.277,,,2026-10-09 02:26:04
浙江省,浙闽片河流,梁桥,2026-10-09 00:00,2,22.34,7.11,8.3,98.69,3.23,0.82,0.018,0.059,1.853,,,2026-10-09 02:26:04
浙江省,太湖流域,杨家浦,2026-10-09 00:00,4,21.97052,7.35,4.62,274.9358,26.04815,3.24,0.064,0.083,2.689983,,,2026-10-09 02:26:04
浙江省,浙闽片河流,屠家埠,2026-10-09 00:00,2,24.104,7.58,8.82,186.567,10.431,2.32,0.074,0.079,2.04,,,2026-10-09 02:26:04
浙江省,浙闽片河流,葛山头,2026-10-09 00:00,3,23.636,7.16,5.28,211.939,14.123,1.87,0.012,0.052,1.956,,,2026-10-09 02:26:04
浙江省,浙闽片河流,塔下洲,2026-10-09 00:00,3,24.51,8.45,10.85,602.118,5.053,5.26,0.074,0.12,3.1964,,,2026-10-09 02:26:04
浙江省,浙闽片河流,东关桥,2026-10-09 00:00,3,24.351,7.25,5.4,509.602,7.541,3.8,0.098,0.145,3.336,,,2026-10-09 02:26:04
浙江省,浙闽片河流,费垅,2026-10-09 00:00,3,24.36,7.76,9.29,442.09,9.005,3.44,0.23,0.164,3.0954,,,2026-10-09 02:26:04
浙江省,浙闽片河流,台口,2026-10-09 00:00,2,21.69,7.98,8.08,235.217,25.991,1.86,0.075,0.1,2.2833,,,2026-10-09 02:26:04
浙江省,浙闽片河流,南江桥,2026-10-09 00:00,3,22.3,7.98,7.15,389.504,4.987,3.35,0.04,0.131,2.7638,,,2026-10-09 02:26:04
浙江省,浙闽片河流,横山,2026-10-09 00:00,2,24.93,7.61,7.34,217.275,2.173,2.21,0.066,0.063,1.3841,,,2026-10-09 02:26:04
浙江省,浙闽片河流,章店,2026-10-09 00:00,3,24.32,7.58,6.02,250.233,5.07,3.45,0.067,0.164,2.6137,,,2026-10-09 02:26:04
浙江省,浙闽片河流,长潭水库坝口,2026-10-09 00:00,2,25.834,6.89,6.25,43.834,1.645,1.44,0.002,0.007,0.338,,,2026-10-09 02:26:04
浙江省,浙闽片河流,老鼠屿,2026-10-09 00:00,2,25.5,7.78,6.59,27409.1,1508.26,1.88,0.005,0.058,1.939,,,2026-10-09 02:26:04
浙江省,浙闽片河流,金清新闸,2026-10-09 00:00,4,24.04,7.36,3.49,662.042,43.453,3.75,0.491,0.194,3.0153,,,2026-10-09 02:26:04
浙江省,浙闽片河流,里石门水库,2026-10-09 00:00,3,25.24,7.07,5.84,62.534,1.251,2.33,0.036,0.009,0.4069,0.00075,136736.4,2026-10-09 02:26:04
浙江省,浙闽片河流,温峤,2026-10-09 00:00,3,24.441,7.32,5.87,458,28.984,3.34,0.667,0.148,2.164,,,2026-10-09 02:26:04
浙江省,浙闽片河流,永宁江口,2026-10-09 00:00,4,24.42,7.05,3.88,202.786,24.906,2.71,0.443,0.122,1.6947,,,2026-10-09 02:26:04
浙江省,浙闽片河流,沙段,2026-10-09 00:00,2,24.84,7.02,6.37,152.597,3.897,2.44,0.03,0.05,1.2018,,,2026-10-09 02:26:04
浙江省,浙闽片河流,柏枝岙,2026-10-09 00:00,2,23.905,7.25,8.18,122.601,14.293,1.24,0.023,0.095,1.377,,,2026-10-09 02:26:04
浙江省,浙闽片河流,沙湾上,2026-10-09 00:00,1,19.99,7.35,8.6,30.219,2.677,1.36,0.059,0.014,0.2365,,,2026-10-09 02:26:04
浙江省,浙闽片河流,小溪口,2026-10-09 00:00,1,24.86,8.13,8.81,62.074,18.005,1.7,,0.018,0.7145,,,2026-10-09 02:26:04
安徽省,巢湖流域,三胜大队渡口,2026-10-09 00:00,3,22.13,8.46,9.76,314.081,15.2145,5.26,0.058,0.081,0.6075,,,2026-10-09 02:26:04
安徽省,巢湖流域,兆河入湖口渡口,2026-10-09 00:00,3,23.43,8.98,13.46,317.252,10.969,5.55,,0.041,1.1998,,,2026-10-09 02:26:04
安徽省,巢湖流域,牛角大圩,2026-10-09 00:00,4,22.62,7.24,3.44,330.5,42.6391,4.27,0.503,0.116,3.938,,,2026-10-09 02:26:04
安徽省,巢湖流域,北闸渡口,2026-10-09 00:00,3,20.527,6.81,7.05,212.201,26.576,5.98,0.091,0.086,2.103,,,2026-10-09 02:26:04
安徽省,巢湖流域,希望桥,2026-10-09 00:00,2,22.7,7.5,7.63,497.8,8.7,3.42,0.338,0.082,5.094,,,2026-10-09 02:26:04
安徽省,巢湖流域,石堆渡口,2026-10-09 00:00,3,21.37,6.85,5.24,219.7288,13.286,4.55,0.075,0.075,1.5405,,,2026-10-09 02:26:04
安徽省,巢湖流域,柘皋大桥,2026-10-09 00:00,3,21.74,7.54,7.26,327.395,22.6968,5.92,0.035,0.064,0.6679,,,2026-10-09 02:26:04
安徽省,巢湖流域,湖滨,2026-10-09 00:00,4,21.6,8.19,9.4,375.93,27.32,3.85,0.097,0.086,2.336,0.00803,3610707,2026-10-09 02:26:04
安徽省,巢湖流域,黄麓,2026-10-09 00:00,4,23.04,8.55,8.92,280.59,16.938,4.6,0.009,0.061,0.434,0.00799,1387124,2026-10-09 02:26:04
安徽省,巢湖流域,三河镇大桥,2026-10-09 00:00,4,20.7,7.04,4.87,268.8,9.81,4.5,0.098,0.115,1.796,,,2026-10-09 02:26:04
安徽省,巢湖流域,三河镇新大桥,2026-10-09 00:00,3,21.9,7.05,7.15,154.4,12.76,3.74,0.119,0.102,2.847,,,2026-10-09 02:26:04
安徽省,巢湖流域,施口,2026-10-09 00:00,4,22.54,7.19,4.56,594.8946,39.1147,5.11,0.804,0.157,5.024,,,2026-10-09 02:26:04
安徽省,巢湖流域,靠近大坝,2026-10-09 00:00,2,22.16,7.48,6.87,115.94,6.41,2.6,,0.02,0.552,0.00798,4692406,2026-10-09 02:26:04
安徽省,巢湖流域,新河入湖区,2026-10-09 00:00,4,22.4,8.09,8.33,253.69,25.31,5.21,,0.082,1.278,0.00672,1.679315,2026-10-09 02:26:04
安徽省,巢湖流域,西半湖湖心,2026-10-09 00:00,4,21.36,7.77,7.78,381.91,28.09,3.86,,0.09,1.94,0.00098,494916.1,2026-10-09 02:26:04
安徽省,巢湖流域,龟山,2026-10-09 00:00,4,20.88,8.92,10.41,316.62,19.46,4.19,,0.052,0.397,0.01299,1.573907,2026-10-09 02:26:04
安徽省,巢湖流域,东半湖湖心,2026-10-09 00:00,4,21.589,8.6,10.6,267.489,10.251,4.66,,0.056,0.378,0.00444,9085809,2026-10-09 02:26:04
安徽省,巢湖流域,忠庙,2026-10-09 00:00,4,21.53,8.72,10.12,314.46,21.3,4.24,,0.074,0.527,0.01737,186182.4,2026-10-09 02:26:04
安徽省,巢湖流域,兆河入湖区,2026-10-09 00:00,4,21.08,8.77,10.81,295.34,15.61,5.4,,0.059,0.552,0.01203,7017258,2026-10-09 02:26:04
安徽省,巢湖流域,双桥河入湖口,2026-10-09 00:00,2,22.03,7.86,8.31,482.6692,16.6416,3.74,0.084,0.045,1.4764,,,2026-10-09 02:26:04
安徽省,巢湖流域,繁华大道桥,2026-10-09 00:00,4,22.13,7.39,7.83,518.8243,18.0265,6.16,0.141,0.122,3.414,,,2026-10-09 02:26:04
安徽省,长江流域,东西梁山,2026-10-09 00:00,2,23.85,7.99,7.34,328.4462,31.7255,1.55,0.068,0.063,2.0561,,,2026-10-09 02:26:04
安徽省,长江流域,宝塔根,2026-10-09 00:00,2,24.07,7.88,7.27,335.1563,29.1911,2.98,0.262,0.063,1.9565,,,2026-10-09 02:26:04
安徽省,巢湖流域,裕溪口,2026-10-09 00:00,2,22.01,7.7,7.41,312.3405,44.033,3.61,0.145,0.069,1.398,,,2026-10-09 02:26:04
安徽省,长江流域,荻港,2026-10-09 00:00,2,21.42,7.7,7.56,385.8,25.4905,1.89,0.064,0.062,1.7526,,,2026-10-09 02:26:04
安徽省,长江流域,澛港桥,2026-10-09 00:00,2,22.02,8.09,8.88,301.7423,23.2619,2.85,0.053,0.06,1.78,,,2026-10-09 02:26:04
安徽省,长江流域,西河入裕溪河口,2026-10-09 00:00,3,22.63,7.1,5.19,335.8912,42.8014,4.71,0.264,0.066,1.507,,,2026-10-09 02:26:04
安徽省,淮河流域,沫河口,2026-10-09 00:00,3,22.35,7.64,5.96,425.5818,29.89,5.17,0.102,0.178,1.881,,,2026-10-09 02:26:04
安徽省,淮河流域,蚌埠固镇,2026-10-09 00:00,3,22.37,7.84,5.68,1358.556,22.85,3.84,0.059,0.116,2.7762,,,2026-10-09 02:26:04
安徽省,淮河流域,焦岗湖,2026-10-09 00:00,3,20.76,7.87,7.42,663.96,19.56,4,,0.032,0.836,0.00937,4230194,2026-10-09 02:26:04
安徽省,长江流域,得胜河入江口,2026-10-09 00:00,2,23.1339,8.06,9.43,363.5,13.5914,3.16,0.016,0.08,1.858,,,2026-10-09 02:26:04
安徽省,长江流域,姑溪河大桥,2026-10-09 00:00,3,22.783,7.31,7.68,245.46,33.8013,5.24,0.075,0.068,1.602,,,2026-10-09 02:26:04
安徽省,长江流域,当涂查湾,2026-10-09 00:00,2,22.816,7.34,6.45,246.6073,24.0389,2.99,0.109,0.04,2.634,,,2026-10-09 02:26:04
安徽省,长江流域,雨山河下游,2026-10-09 00:00,3,24.2713,7.73,6.36,727.6166,14.1968,2.52,0.041,0.119,7.051,,,2026-10-09 02:26:04
安徽省,淮河流域,小王桥,2026-10-09 00:00,4,22.17,7.88,3.5,1521.06,9.12,5.16,,0.061,1.348,,,2026-10-09 02:26:04
安徽省,淮河流域,李大桥闸,2026-10-09 00:00,5,20.7,7.91,2.49,1457.23,16.454,9.58,0.056,0.071,0.7032,,,2026-10-09 02:26:04
安徽省,长江流域,太平湖湖心,2026-10-09 00:00,2,25.25,7.53,6.85,101.13,1.69,2.25,0.022,0.009,0.448,0.00163,520074.2,2026-10-09 02:26:04
安徽省,淮河流域,天长化工厂,2026-10-09 00:00,3,21.77,7.43,5.95,373.1713,30.19,4.09,0.066,0.092,1.6674,,,2026-10-09 02:26:04
安徽省,淮河流域,公路桥,2026-10-09 00:00,4,21.39,7.32,8.28,434.019,34.0594,6.63,0.136,0.107,1.232,,,2026-10-09 02:26:04
安徽省,淮河流域,小柳巷,2026-10-09 00:00,3,21.46,7.18,5.94,417.94,44.852,4.15,0.009,0.135,2.358,,,2026-10-09 02:26:04
安徽省,长江流域,水口,2026-10-09 00:00,4,21.83,8.39,9.7,625.0809,24.4953,6.48,0.054,0.152,2.2842,,,2026-10-09 02:26:04
安徽省,长江流域,乌衣下,2026-10-09 00:00,3,22.39,7.43,7.2,505.44,23.65,5.23,0.153,0.105,2.575,,,2026-10-09 02:26:04
安徽省,长江流域,襄河大桥,2026-10-09 00:00,3,22.02,7.58,8.91,397.3435,33.5941,5.17,0.12,0.11,1.196,,,2026-10-09 02:26:04
安徽省,淮河流域,张大桥,2026-10-09 00:00,2,22.15,8,9.31,1495.89,34.47,3.74,0.009,0.077,10.1793,,,2026-10-09 02:26:04
安徽省,淮河流域,王家坝,2026-10-09 00:00,4,21.737,7.62,6.07,388,20.188,4.96,0.248,0.221,2.779,,,2026-10-09 02:26:04
安徽省,淮河流域,界首七渡口,2026-10-09 00:00,3,21.86,7.55,7.94,849.9,21.32,3.29,0.006,0.148,6.333,,,2026-10-09 02:26:04
安徽省,淮河流域,奎河苏皖省界,2026-10-09 00:00,3,21.67,7.95,10.4,1192,25.8,5.92,0.076,0.128,5.113,,,2026-10-09 02:26:04
安徽省,淮河流域,芦岭桥,2026-10-09 00:00,4,22.07,7.96,4.91,1157.883,8.45,5.04,0.088,0.077,1.0515,,,2026-10-09 02:26:04
安徽省,淮河流域,龙亢,2026-10-09 00:00,3,22.13,7.99,8.84,1151.65,29.55,4.97,,0.084,5.1731,,,2026-10-09 02:26:04
安徽省,淮河流域,利辛段,2026-10-09 00:00,3,21.83,7.93,9.24,1028.23,5.44,4.58,0.026,0.11,2.833,,,2026-10-09 02:26:04
安徽省,长江流域,南漪湖西湖湖心,2026-10-09 00:00,4,20.85,7.66,8.45,177.4,94.02,2.61,,0.058,0.905,0.00391,874599.6,2026-10-09 02:26:04
安徽省,长江流域,泾南交界,2026-10-09 00:00,2,21.82,7.62,7.75,131.2986,6.4029,1.77,0.007,0.033,0.8036,,,2026-10-09 02:26:04
安徽省,长江流域,汪溪,2026-10-09 00:00,2,21.04,7.76,8.77,205.155,5.8189,0.81,0.047,0.062,1.7394,,,2026-10-09 02:26:04
福建省,浙闽片河流,永泰横龙,2026-10-09 00:00,3,25.256,6.95,5.89,44.02,23.678,1.29,0.02,0.045,0.509,,,2026-10-09 02:26:04
福建省,浙闽片河流,闽清雄江,2026-10-09 00:00,4,29.39,6.89,4.63,123.273,1.24,1.56,0.014,0.053,1.029,,,2026-10-09 02:26:04
福建省,浙闽片河流,隘头潭,2026-10-09 00:00,2,25.72,6.39,7.27,190.133,2.71,0.39,0.009,0.023,0.7462,,,2026-10-09 02:26:04
福建省,浙闽片河流,尤溪拥口大桥,2026-10-09 00:00,2,23.27,7.09,6.08,106.308,48.74,1.59,0.101,0.058,1.2703,,,2026-10-09 02:26:04
福建省,浙闽片河流,南安康美桥,2026-10-09 00:00,4,25.56,7.08,7.6,103.376,60.543,2.16,0.09,0.222,1.8238,,,2026-10-09 02:26:04
福建省,浙闽片河流,永春东关桥,2026-10-09 00:00,2,23.39,6.43,6.64,92.53419,38.71009,2.08,0.173,0.069,2.306,,,2026-10-09 02:26:04
福建省,浙闽片河流,安溪罗内桥,2026-10-09 00:00,2,24.095,7.11,7.02,74.95,80.91,2.06,0.357,0.097,5.116,,,2026-10-09 02:26:04
福建省,浙闽片河流,南安霞东桥,2026-10-09 00:00,4,25.95,6.9,5.85,114.565,69.243,1.19,0.242,0.228,1.8228,,,2026-10-09 02:26:04
福建省,浙闽片河流,华安西陂,2026-10-09 00:00,2,23.54156,7.15,7.69,175.7832,31.14756,1.62,0.088,0.093,1.755,,,2026-10-09 02:26:04
福建省,浙闽片河流,南靖靖城桥,2026-10-09 00:00,3,25.05,6.59,7.29,139.7,2.689,1.64,0.127,0.106,6.177,,,2026-10-09 02:26:04
福建省,浙闽片河流,诏安澳子头,2026-10-09 00:00,6,26.64,9.07,11.47,131.984,2.737,2.89,0.095,0.145,1.9033,,,2026-10-09 02:26:04
福建省,浙闽片河流,南靖洪濑汤坑桥,2026-10-09 00:00,3,24.391,6.49,7.64,218.5,16.42,1.1,0.083,0.123,12.932,,,2026-10-09 02:26:04
福建省,浙闽片河流,浦南水文站,2026-10-09 00:00,2,25.28047,7.1,7.18,114.4,47.256,0.74,0.147,0.068,1.567,,,2026-10-09 02:26:04
福建省,浙闽片河流,南溪浮宫桥,2026-10-09 00:00,4,26.53,7.47,6.71,11773.93,24.213,3.18,0.193,0.255,3.281,,,2026-10-09 02:26:04
福建省,浙闽片河流,上坂,2026-10-09 00:00,4,26.34,6.25,4.88,173.502,23.873,2.48,0.395,0.154,5.0807,,,2026-10-09 02:26:04
福建省,浙闽片河流,云霄高塘渡口,2026-10-09 00:00,3,26.39,6.73,5.95,130.87,9.713,1.85,0.149,0.116,5.5539,,,2026-10-09 02:26:04
福建省,浙闽片河流,水汾桥,2026-10-09 00:00,4,25.94,6.81,4.91,191.34,16.95,2.11,0.131,0.08,1.396,,,2026-10-09 02:26:04
福建省,浙闽片河流,建瓯蓬墩,2026-10-09 00:00,3,24.841,6.65,5.93,56.96,9.32,2.12,0.163,0.057,1.293,,,2026-10-09 02:26:04
福建省,浙闽片河流,将乐樟应,2026-10-09 00:00,3,26.09071,6.84,5.05,78.629,2.48246,1.82,0.037,0.027,0.843,,,2026-10-09 02:26:04
福建省,浙闽片河流,建阳坪州大桥,2026-10-09 00:00,2,26.05,7.38,8.94,168.69,9.386,2.71,0.059,0.07,1.497,,,2026-10-09 02:26:04
福建省,浙闽片河流,雁石桥,2026-10-09 00:00,2,23.13,7.58,9.17,259.049,26.973,1.22,0.147,0.053,1.667,,,2026-10-09 02:26:04
福建省,珠江流域,长汀美西桥,2026-10-09 00:00,3,21.55,6.97,6.08,156.089,11.82,3.21,0.092,0.146,1.3495,,,2026-10-09 02:26:04
福建省,浙闽片河流,八都,2026-10-09 00:00,2,23.66,6.93,7.93,41.382,9.052,1.42,,0.049,1.111,,,2026-10-09 02:26:04
福建省,浙闽片河流,福安白塔,2026-10-09 00:00,2,22.901,7.13,7.64,49.62,38.91,1.51,0.036,0.058,1.428,,,2026-10-09 02:26:04
江西省,长江流域,大港,2026-10-09 00:00,2,23.99,8.96,12.19,144.62,53,,,0.075,1.062,,,2026-10-09 02:26:04
江西省,长江流域,滁槎,2026-10-09 00:00,3,24.96,6.7,5.76,149.89,6.8,1.4,,0.073,1.873,,,2026-10-09 02:26:04
江西省,长江流域,八一桥,2026-10-09 00:00,2,26.06,7.62,7.6,143.544,16.575,2.17,0.082,0.059,0.9815,,,2026-10-09 02:26:04
江西省,长江流域,焦石坝,2026-10-09 00:00,2,21.59,7.26,7.28,109.96,16.4,3.37,0.094,0.081,1.2797,,,2026-10-09 02:26:04
江西省,长江流域,戴村,2026-10-09 00:00,-1,,,,,,,,,,,,2026-10-09 02:26:04
江西省,长江流域,龙山口,2026-10-09 00:00,2,21.94,8.24,9.14,308.984,2.837,2.13,0.011,0.038,0.9816,,,2026-10-09 02:26:04
江西省,长江流域,桐车湾,2026-10-09 00:00,3,21.61,7.73,5.62,394.159,1.261,2.82,0.038,0.119,2.6489,,,2026-10-09 02:26:04
江西省,长江流域,金鱼石,2026-10-09 00:00,2,22.5,7.52,6.51,325.67,6.7,2.2,0.102,0.093,2.272,,,2026-10-09 02:26:04
江西省,长江流域,吴城修河,2026-10-09 00:00,2,23.051,7.08,7.52,124.15,23.57,2.67,0.081,0.055,1.0884,,,2026-10-09 02:26:04
江西省,长江流域,姚港,2026-10-09 00:00,2,22.98,7.75,8.16,381.83,25.33,1.26,0.062,0.066,1.696,,,2026-10-09 02:26:04
江西省,长江流域,潦河河口,2026-10-09 00:00,2,23.44,6.5,7.74,125.25,27.802,2.99,0.038,0.077,1.0448,,,2026-10-09 02:26:04
江西省,长江流域,柘林湖坝上,2026-10-09 00:00,2,24.194,6.7,6.61,99.61,0.72,1.59,0.001,0.007,0.375,,,2026-10-09 02:26:04
江西省,长江流域,共青城寨下,2026-10-09 00:00,2,21.7,7.34,7.38,345.7,19.1,3.8,0.124,0.081,1.678,,,2026-10-09 02:26:04
江西省,长江流域,罗坊,2026-10-09 00:00,2,24.34,7.43,7.93,246.365,23.413,3.38,0.01,0.08,1.2357,,,2026-10-09 02:26:04
江西省,长江流域,孔目江江口,2026-10-09 00:00,2,23.43,7.65,6.97,322.343,16.559,2.43,0.154,0.078,1.4119,,,2026-10-09 02:26:04
江西省,长江流域,浮桥,2026-10-09 00:00,2,24.48,7.69,6.74,208.253,8.98,3.01,0.094,0.056,0.9259,,,2026-10-09 02:26:04
江西省,长江流域,傣家村,2026-10-09 00:00,3,25.62,7.91,6.54,201.922,5.905,3.42,0.084,0.042,0.8044,0.00927,1.437878,2026-10-09 02:26:04
江西省,长江流域,炭埠周家,2026-10-09 00:00,2,23.89,7.04,9.47,190.06,1.85,1.5,,0.056,1.234,,,2026-10-09 02:26:04
江西省,长江流域,白塔河河口,2026-10-09 00:00,2,23.61,6.82,7.94,103.867,4.175,2.86,0.088,0.046,0.772,,,2026-10-09 02:26:04
江西省,长江流域,土桥,2026-10-09 00:00,2,23.99,7.08,6.33,190.268,6.385,2.5,0.058,0.079,1.4798,,,2026-10-09 02:26:04
江西省,长江流域,流口村,2026-10-09 00:00,2,24.32,6.92,6.21,174.5029,10.28137,2.94,0.007,0.083,1.663952,,,2026-10-09 02:26:04
江西省,长江流域,市自来水厂,2026-10-09 00:00,2,24.73,7.09,7.92,96.025,17.993,1.4,0.251,0.048,0.5563,,,2026-10-09 02:26:04
江西省,长江流域,新庙前,2026-10-09 00:00,2,25.27,7.29,6.39,144,27.641,0.34,,,0.3062,,,2026-10-09 02:26:04
江西省,长江流域,赣县梅林,2026-10-09 00:00,2,25.2,7.3,6.02,122.118,12.579,1.92,0.104,0.097,1.062,,,2026-10-09 02:26:04
江西省,长江流域,梓坑,2026-10-09 00:00,3,25.63,7.18,5.82,121.939,9.183,2.72,0.092,0.112,1.6559,,,2026-10-09 02:26:04
江西省,长江流域,峡山,2026-10-09 00:00,3,25.66,7.31,5.81,119.365,5.972,1.92,0.117,0.122,1.2601,,,2026-10-09 02:26:04
江西省,长江流域,梅江江口,2026-10-09 00:00,3,25.37,7.35,6.5,108.287,14.114,2.68,0.087,0.119,1.1418,,,2026-10-09 02:26:04
江西省,长江流域,平江江口,2026-10-09 00:00,2,24.51,7.16,6.72,123.219,14.631,1.97,0.137,0.063,0.9421,,,2026-10-09 02:26:04
江西省,长江流域,上犹江江口,2026-10-09 00:00,1,24.72,7.27,8.76,86.095,9.725,1.69,0.04,0.016,0.5847,,,2026-10-09 02:26:04
江西省,长江流域,龙南自来水厂,2026-10-09 00:00,2,26.58,8.18,8.81,119.898,2.784,1.33,0.03,0.046,0.855,,,2026-10-09 02:26:04
江西省,长江流域,桃江江口,2026-10-09 00:00,3,25.4,7.16,5.92,219.077,11.7,1.23,0.06,0.05,2.3722,,,2026-10-09 02:26:04
江西省,长江流域,大余城郊,2026-10-09 00:00,2,24.43,7.16,6.79,83.735,14.611,1.56,0.087,0.03,0.7002,,,2026-10-09 02:26:04
江西省,珠江流域,兴宁电站,2026-10-09 00:00,1,28.16,7.4,9.19,86.7117,2.585084,1.49,0.007,0.02,2.729767,,,2026-10-09 02:26:04
江西省,长江流域,通津,2026-10-09 00:00,2,24.84,7.39,7.09,120.123,21.447,0.96,0.15,0.041,1.0437,,,2026-10-09 02:26:04
江西省,长江流域,金滩,2026-10-09 00:00,2,25.34,7.21,6.73,119.875,16.031,1.53,0.018,0.047,1.0604,,,2026-10-09 02:26:04
江西省,长江流域,孤江江口,2026-10-09 00:00,2,25.98,7.42,7.02,80.186,5.291,2.17,0.027,0.037,0.4992,,,2026-10-09 02:26:04
江西省,长江流域,禾水河口,2026-10-09 00:00,2,25.11,7.59,7.78,147.021,6.794,1.97,0.025,0.048,0.8348,,,2026-10-09 02:26:04
江西省,长江流域,蜀水河口,2026-10-09 00:00,2,22.05,7.18,8.96,59.917,12.787,1.42,0.095,0.044,0.6438,,,2026-10-09 02:26:04
江西省,长江流域,遂川江江口,2026-10-09 00:00,2,24.25,7.69,7.73,109.489,29.167,1.17,0.244,0.058,1.0554,,,2026-10-09 02:26:04
江西省,长江流域,乌江江口,2026-10-09 00:00,2,24.85,7.5,8.09,135.73,5.36,2.51,0.1,0.07,1.1467,,,2026-10-09 02:26:04
江西省,长江流域,大洋洲,2026-10-09 00:00,2,25.8,7.68,7.86,124.354,8.4,1.49,0.061,0.041,1.0251,,,2026-10-09 02:26:04
江西省,长江流域,棚下,2026-10-09 00:00,2,22.66,7.44,7.44,173.4321,7.36,2.14,0.064,0.08,1.205,,,2026-10-09 02:26:04
江西省,长江流域,丰城小港口,2026-10-09 00:00,2,25.611,7.19,8.81,127.3,11.9167,1.32,0.023,0.041,1.0275,,,2026-10-09 02:26:04
江西省,长江流域,修河港口,2026-10-09 00:00,2,21.14,6.85,6.78,43.03,1.05,0.72,0.018,0.012,0.65,,,2026-10-09 02:26:04
江西省,长江流域,超坊,2026-10-09 00:00,2,24.31,7.77,7.56,111.983,22.995,2.36,0.148,0.076,1.383,,,2026-10-09 02:26:04
江西省,长江流域,钟岭水厂,2026-10-09 00:00,2,24.69,7.57,7.95,97.62,22.17,2.48,0.024,0.064,1.0014,,,2026-10-09 02:26:04
江西省,长江流域,临水河口,2026-10-09 00:00,2,22.68,6.85,7.74,96.04,14.62,3.64,0.084,0.095,1.269,,,2026-10-09 02:26:04
江西省,长江流域,康山,2026-10-09 00:00,4,20.8,6.7,7.13,133.57,58.31,3.11,0.216,0.096,1.063,0.0118,902000,2026-10-09 02:26:04
江西省,长江流域,瑞洪大桥,2026-10-09 00:00,3,26.74,6.94,5,166.6,9.85,1.5,0.033,0.042,0.901,,,2026-10-09 02:26:04
山东省,黄河流域,泺口,2026-10-09 00:00,2,20.61,8.37,8.33,751.42,878.16,1.19,0.172,0.061,3.128,,,2026-10-09 02:26:04
山东省,淮河流域,台儿庄大桥,2026-10-09 00:00,2,22.16,7.9,7.91,1255.48,22.79,3.72,0.234,0.069,2.222,,,2026-10-09 02:26:04
山东省,淮河流域,群乐桥,2026-10-09 00:00,3,20.03,7.95,7.75,2173.53,12.347,4.91,0.012,0.071,2.862,,,2026-10-09 02:26:04
山东省,淮河流域,王晁桥,2026-10-09 00:00,3,20.35,7.96,6.45,1174.64,17.496,5.25,0.048,0.121,6.687,,,2026-10-09 02:26:04
山东省,淮河流域,十字河大桥,2026-10-09 00:00,3,20.846,8.02,9.9,1322.42,2.66,4.13,0.002,0.027,0.468,,,2026-10-09 02:26:04
山东省,淮河流域,贾庄闸,2026-10-09 00:00,2,21.17,7.88,8.59,1400.65,8.628,3.93,0.014,0.066,5.425,,,2026-10-09 02:26:04
山东省,淮河流域,峡山水库库中,2026-10-09 00:00,3,20.5,8.71,7.98,743.81,136.11,5.18,,0.03,0.316,0.01984,1.322228,2026-10-09 02:26:04
山东省,淮河流域,兖州南大桥,2026-10-09 00:00,3,21.424,8.06,9.5,1362.42,6.556,4.05,0.008,0.051,1.6707,,,2026-10-09 02:26:04
山东省,淮河流域,105公路桥,2026-10-09 00:00,4,21.787,7.9,6.17,1986.79,44.419,6.06,0.064,0.241,3.105,,,2026-10-09 02:26:04
山东省,淮河流域,高河桥,2026-10-09 00:00,4,22.438,8.01,4.55,1550.7,37.89,5.95,0.059,0.098,1.812,,,2026-10-09 02:26:04
山东省,淮河流域,老运河微山段,2026-10-09 00:00,3,22.546,7.91,5.95,1249.24,13.673,3.95,0.05,0.036,0.982,,,2026-10-09 02:26:04
山东省,淮河流域,尹沟,2026-10-09 00:00,2,21.59,8.3,8.81,1254.31,13.24,3.97,0.148,0.032,0.761,0.03,,2026-10-09 02:26:04
山东省,淮河流域,西支河入湖口,2026-10-09 00:00,4,22.457,8.23,6.1,1438.76,22.626,6.45,0.04,0.067,1.014,,,2026-10-09 02:26:04
山东省,淮河流域,鲁桥,2026-10-09 00:00,3,21.978,7.99,6.77,1886.85,27.925,5.13,0.051,0.077,1.046,,,2026-10-09 02:26:04
山东省,淮河流域,牛庄闸,2026-10-09 00:00,3,21.455,7.7,5.77,1062.98,11.12,3.5,0.032,0.004,1.018,,,2026-10-09 02:26:04
山东省,淮河流域,湘子庙,2026-10-09 00:00,4,21.48,8.48,6.05,2212.82,58.514,4.71,,0.226,2.83904,,,2026-10-09 02:26:04
山东省,黄河流域,戴村坝,2026-10-09 00:00,2,23.18,7.69,6.65,971.33,3.39,2.18,0.274,0.022,2.626,,,2026-10-09 02:26:04
山东省,黄河流域,徐家汶,2026-10-09 00:00,2,20.04567,7.89,10.51,1342.838,1.106,2.07,0.002,0.037,39.61449,,,2026-10-09 02:26:04
山东省,淮河流域,大古镇,2026-10-09 00:00,3,22.59,7.5,11.84,804.16,19.5,5.76,0.095,0.112,4.722,,,2026-10-09 02:26:04
山东省,淮河流域,夏庄,2026-10-09 00:00,5,20.53,8.61,14.1,3161,18.9,12.63,0.001,0.191,2.5175,,,2026-10-09 02:26:04
山东省,淮河流域,临沂北大桥,2026-10-09 00:00,4,20.79,8.78,6.86,414.92,22.942,7.54,0.017,0.074,1.198,,,2026-10-09 02:26:04
山东省,淮河流域,捷庄,2026-10-09 00:00,4,21.41,7.95,22.2,610.376,10.206,7.49,0.064,0.107,0.941,,,2026-10-09 02:26:04
山东省,淮河流域,临沭大兴桥,2026-10-09 00:00,4,22.052,7.47,8.56,476.563,9.5,6.58,,0.057,0.742,,,2026-10-09 02:26:04
山东省,淮河流域,310公路桥,2026-10-09 00:00,5,19.94,7.4,2.27,697.54,2.66,3.54,,0.041,0.149,,,2026-10-09 02:26:04
山东省,淮河流域,沙沟桥,2026-10-09 00:00,3,19.44,7.52,6.62,785.04,12.16,3.73,0.128,0.17,4.306,,,2026-10-09 02:26:04
山东省,淮河流域,云蒙湖湖心,2026-10-09 00:00,3,19.96,8.85,10.7,421.7,1.68,5.14,0.174,0.021,2.522,0.01076,1.23845,2026-10-09 02:26:04
山东省,海河流域,秤勾湾,2026-10-09 00:00,4,20.62,8.25,7.81,1286.46,110.71,6.17,0.908,0.133,8.0247,,,2026-10-09 02:26:04
山东省,海河流域,北湖,2026-10-09 00:00,2,21.27,8.73,8.74,969.27,4.42,2.79,0.148,0.014,1.602,0.01066,4612903,2026-10-09 02:26:04
山东省,淮河流域,于楼,2026-10-09 00:00,4,20.813,8.54,3.98,2430.25,27.017,5.33,0.018,0.165,1.079,,,2026-10-09 02:26:04
山东省,淮河流域,徐寨,2026-10-09 00:00,3,21.112,8.06,6.06,2240.11,22.489,5,0.814,0.143,3.762,,,2026-10-09 02:26:04
河南省,黄河流域,七里铺,2026-10-09 00:00,3,22.428,8.1,8.96,742.321,15.8662,2.39,0.064,0.101,5.155,,,2026-10-09 02:26:04
河南省,淮河流域,尖岗水库,2026-10-09 00:00,1,22.72,8.7,10.28,260.5,2.7082,1.59,0.014,0.01,0.5147,,,2026-10-09 02:26:04
河南省,淮河流域,新郑黄甫寨,2026-10-09 00:00,2,22.42,8.19,10.97,1019.21,16.1,3.89,0.029,0.056,3.8555,,,2026-10-09 02:26:04
河南省,淮河流域,中牟陈桥,2026-10-09 00:00,3,22.3,8.09,10.23,740.36,50.56,5.65,,0.068,5.5837,,,2026-10-09 02:26:04
河南省,黄河流域,高崖寨,2026-10-09 00:00,2,21.29,8.34,10.33,536.65,6.14,2.41,0.067,0.039,4.075,,,2026-10-09 02:26:04
河南省,黄河流域,白马寺,2026-10-09 00:00,3,22.4,7.94,8.99,739.3,10.1,2.46,0.04,0.128,5.006,,,2026-10-09 02:26:04
河南省,海河流域,彰武水库,2026-10-09 00:00,1,21.659,8.07,10.07,596.4,3.8,0.98,0.001,0.002,4.5072,,,2026-10-09 02:26:04
河南省,海河流域,五陵,2026-10-09 00:00,3,20.55,7.99,7.86,1434.2,101.3,2.92,,0.158,7.892,,,2026-10-09 02:26:04
河南省,海河流域,石辛庄,2026-10-09 00:00,3,20.64,8.44,10.04,1367.798,22.215,5.18,0.143,0.109,8.7677,,,2026-10-09 02:26:04
河南省,海河流域,黄花营,2026-10-09 00:00,2,22.62,8.2,6.94,522.9771,2.4449,0.55,0.008,0.012,4.9176,,,2026-10-09 02:26:04
河南省,海河流域,前枋城,2026-10-09 00:00,1,20.667,7.59,9.02,604.52,5.493,0.93,,,5.6747,,,2026-10-09 02:26:04
河南省,海河流域,卫河小河口,2026-10-09 00:00,4,20.71,8.09,8.56,1278.514,128.49,3.56,0.236,0.207,8.2816,,,2026-10-09 02:26:04
河南省,海河流域,修武水文站,2026-10-09 00:00,4,22.75,7.9,7.71,2986.89,24.59,3.42,0.454,0.209,8.8373,,,2026-10-09 02:26:04
河南省,海河流域,获嘉东碑村,2026-10-09 00:00,3,21.99,7.92,8.6,1806.31,70.3,4.07,0.072,0.138,5.191,,,2026-10-09 02:26:04
河南省,黄河流域,封丘陶北,2026-10-09 00:00,3,20.95,8.45,8.95,886.93,52.09,3.95,,0.147,2.784,,,2026-10-09 02:26:04
河南省,黄河流域,封丘王堤,2026-10-09 00:00,2,21.208,8.41,9.85,967.61,27.51,3.19,0.036,0.077,3.5003,,,2026-10-09 02:26:04
河南省,海河流域,新乡贾太湖,2026-10-09 00:00,3,22.14,8.28,9.06,948.78,612.763,2.84,0.032,0.184,4.0446,,,2026-10-09 02:26:04
河南省,黄河流域,武陟渠首,2026-10-09 00:00,2,21.38,8.05,8.96,984.24,35.27,1.86,0.026,0.082,4.444,,,2026-10-09 02:26:04
河南省,海河流域,南乐水文站,2026-10-09 00:00,3,21.4,8.39,7.92,976.4205,65.7,3.86,0.003,0.115,3.3647,,,2026-10-09 02:26:04
河南省,海河流域,濮阳西水坡,2026-10-09 00:00,2,21.63,8.83,6.86,817.25,7.28,2.6,0.076,0.01,0.896,,,2026-10-09 02:26:04
河南省,黄河流域,濮阳大韩桥,2026-10-09 00:00,4,21.21,7.64,4.42,982.26,42.08,2.41,0.085,0.092,2.382,,,2026-10-09 02:26:04
河南省,淮河流域,白沙水库,2026-10-09 00:00,3,22.2968,7.91,5.99,755.142,4.4985,2.82,0.009,0.015,3.58,,,2026-10-09 02:26:04
河南省,淮河流域,临颍吴刘闸,2026-10-09 00:00,3,22.25,8.15,9.94,976.05,59.56,4.75,0.034,0.137,8.313,,,2026-10-09 02:26:04
河南省,淮河流域,召陵武湾,2026-10-09 00:00,2,22.42,7.65,9.23,583.2,9.9,1.77,0.018,0.049,3.431,,,2026-10-09 02:26:04
河南省,淮河流域,郾城漯邓桥,2026-10-09 00:00,3,22.9,7.79,7.14,1759.8,18.62,3.36,0.023,0.179,4.526,,,2026-10-09 02:26:04
河南省,淮河流域,叶舞公路桥,2026-10-09 00:00,2,22.161,8.12,11.5,420.86,6.881,2.56,,0.048,3.169,,,2026-10-09 02:26:04
河南省,淮河流域,临颍高村桥,2026-10-09 00:00,2,22.58,7.77,8.23,978.78,13.88,2.71,0.454,0.099,9.576,,,2026-10-09 02:26:04
河南省,黄河流域,洛河大桥,2026-10-09 00:00,1,19.02,8.28,8.82,436.609,6.031,1.07,0.08,0.012,1.5412,,,2026-10-09 02:26:04
河南省,长江流域,淅川荆紫关,2026-10-09 00:00,1,21.23787,8.4,9.39,373.9103,4.874578,1.62,0.004,0.012,1.63,,,2026-10-09 02:26:04
河南省,长江流域,淅川史家湾,2026-10-09 00:00,1,20.78,8.09,9.1,384.772,6.564,1.93,,0.019,1.7993,0.00165,,2026-10-09 02:26:04
河南省,长江流域,淅川高湾,2026-10-09 00:00,2,19.41,7.8,8.71,335.75,16.169,1.84,,0.038,2.6659,0.0036,,2026-10-09 02:26:04
河南省,长江流域,淅川张营,2026-10-09 00:00,2,23.34,7.84,8.53,343.108,3.454,2.74,0.038,0.019,1.354,0.00164089,,2026-10-09 02:26:04
河南省,长江流域,五龙泉,2026-10-09 00:00,2,22.93,7.92,6.27,260.68,9.49,2.2,0.002,0.016,0.886,0.0017,736214.9,2026-10-09 02:26:04
河南省,长江流域,陶岔,2026-10-09 00:00,2,23.81,8.17,7.31,259.65,4.22,1.44,,0.013,0.8716,0.0024,747124,2026-10-09 02:26:04
河南省,淮河流域,黄口,2026-10-09 00:00,4,20.53,8.33,10.21,1509.761,14.472,7.18,0.096,0.143,2.5557,,,2026-10-09 02:26:04
河南省,淮河流域,长台关甘岸桥,2026-10-09 00:00,3,21.14,7.8,7.83,328.42,16.1,4.17,0.006,0.068,1.195,,,2026-10-09 02:26:04
河南省,淮河流域,潢川水文站,2026-10-09 00:00,3,21.416,7.29,8.14,237.491,18.3437,4.55,0.026,0.156,1.5592,,,2026-10-09 02:26:04
河南省,淮河流域,竹竿铺,2026-10-09 00:00,3,21.54,8.37,10.39,183.03,20.16,4.37,0.033,0.089,1.807,,,2026-10-09 02:26:04
河南省,淮河流域,固始马罡,2026-10-09 00:00,3,21.5952,8.78,13.18,226.07,7.2263,4.02,0.018,0.046,1.2299,,,2026-10-09 02:26:04
河南省,淮河流域,老沈丘泉河桥,2026-10-09 00:00,3,22.15,7.81,8.66,885.75,17.166,3.59,0.02,0.147,3.8267,,,2026-10-09 02:26:04
河南省,淮河流域,刘寨村后,2026-10-09 00:00,4,21.56,7.86,4.74,1483,44.39,4.56,0.087,0.114,3.2681,,,2026-10-09 02:26:04
河南省,淮河流域,周口康店,2026-10-09 00:00,2,22.53,7.89,7.52,847.7127,11.08,3.17,0.23,0.087,5.4964,,,2026-10-09 02:26:04
河南省,淮河流域,商水双桥,2026-10-09 00:00,3,21.53,7.81,6.58,805.6874,21.7871,0.86,,0.129,5.503,,,2026-10-09 02:26:04
河南省,淮河流域,鄢陵陶城闸,2026-10-09 00:00,3,21.5,7.87,8.74,1092.1,13.09,3.06,0.306,0.12,8.3489,,,2026-10-09 02:26:04
河南省,淮河流域,鹿邑付桥,2026-10-09 00:00,4,22.58,8.01,3.68,1056.306,15.228,5.98,0.083,0.082,1.9712,,,2026-10-09 02:26:04
河南省,淮河流域,板桥水库,2026-10-09 00:00,2,21.28,7.96,7.65,237.8186,4.22,3.92,0.012,0.019,0.594,,,2026-10-09 02:26:04
河南省,黄河流域,小浪底水库,2026-10-09 00:00,2,23.22,8.13,6.62,980.896,8.887,2.16,0.028,0.028,3.026,,,2026-10-09 02:26:04
湖北省,长江流域,牛山湖湖心,2026-10-09 00:00,2,22.59,7.93,8.87,193.292,20.988,2.79,,0.017,0.348,0.00471,6801641,2026-10-09 02:26:04
湖北省,长江流域,西梁子湖湖北,2026-10-09 00:00,3,21.9946,7.98,8.11,182.94,33.325,2.81,,0.031,0.537,0.01119,3169247,2026-10-09 02:26:04
湖北省,长江流域,杨泗港,2026-10-09 00:00,2,23.34,7.72,8.47,297.193,9.33,0.93,0.031,0.026,1.821,,,2026-10-09 02:26:04
湖北省,长江流域,龙口,2026-10-09 00:00,6,22.52,9.16,15.22,222,14.67,6.56,0.006,0.054,0.976,,,2026-10-09 02:26:04
湖北省,长江流域,金水闸,2026-10-09 00:00,4,22.6,7.37,4.43,335.07,39.47,4.65,0.216,0.029,1.17,,,2026-10-09 02:26:04
湖北省,长江流域,滠口,2026-10-09 00:00,2,23.13,7.3,7.75,229.7091,62.03,3,0.127,0.076,1.3673,,,2026-10-09 02:26:04
湖北省,长江流域,港洲村,2026-10-09 00:00,3,22.76,7.56,6.19,550.75,26.68,4.07,0.245,0.115,1.739,,,2026-10-09 02:26:04
湖北省,长江流域,白浒山,2026-10-09 00:00,2,22.98,7.81,7.19,341.0748,45.20081,1.32,0.001,0.096,1.761406,,,2026-10-09 02:26:04
湖北省,长江流域,富池闸,2026-10-09 00:00,2,23.18,7.5,8.17,258.3243,25.21759,2.6,0.01,0.051,1.442311,,,2026-10-09 02:26:04
湖北省,长江流域,大冶湖闸,2026-10-09 00:00,4,23.96,7.49,4.16,350.6,27.11,4.12,0.409,0.116,1.258,,,2026-10-09 02:26:04
湖北省,长江流域,夹河口,2026-10-09 00:00,3,21.68,7.7,5.86,323.9751,9.25,1.32,0.034,0.01,1.497,,,2026-10-09 02:26:04
湖北省,长江流域,天河口,2026-10-09 00:00,2,20.511,7.94,9.05,386.811,9.488,3.24,0.341,0.042,2.3944,,,2026-10-09 02:26:04
湖北省,长江流域,孙家湾,2026-10-09 00:00,2,23.58,8.59,11,216.82,9.48,2.77,0.017,0.045,1.306,,,2026-10-09 02:26:04
湖北省,长江流域,浪河口,2026-10-09 00:00,2,22.47,8.29,8.76,169.516,6.7,3.62,0.025,0.02,1.187,,,2026-10-09 02:26:04
湖北省,长江流域,丹江口水库坝上中,2026-10-09 00:00,2,24.24,7.95,7.41,248.492,1.552204,1.98,0.075,0.007,1.109,0.0037111,4161000,2026-10-09 02:26:04
湖北省,长江流域,陈家坡,2026-10-09 00:00,2,22.34,7.9,7.82,294.54,8.75,2.05,0.023,0.03,1.4794,,,2026-10-09 02:26:04
湖北省,长江流域,潘口水库坝上,2026-10-09 00:00,1,22.34,7.88,7.92,202.2,2.7,1.11,,0.013,0.848,,,2026-10-09 02:26:04
湖北省,长江流域,剑河口,2026-10-09 00:00,1,24.29,8.12,9.26,236.12,0.25,1.55,0.01,0.017,1.05,,,2026-10-09 02:26:04
湖北省,长江流域,东湾桥,2026-10-09 00:00,3,19.5,7.84,9.33,423.7669,19.64,4.12,0.1,0.1,3.9701,,,2026-10-09 02:26:04
湖北省,长江流域,玉皇滩,2026-10-09 00:00,1,20.1,8.34,10.37,373.1,8.253,1,0.034,0.013,1.48,,,2026-10-09 02:26:04
湖北省,长江流域,王河电站,2026-10-09 00:00,2,20.3,8.13,8.34,405.9597,11.05,2.95,0.061,0.043,2.2455,,,2026-10-09 02:26:04
湖北省,长江流域,隔河岩水库坝上,2026-10-09 00:00,1,19.55,7.86,7.85,230.82,1.71,1.33,0.012,0.007,2.074,0.03629,2019042,2026-10-09 02:26:04
湖北省,长江流域,长沙坝,2026-10-09 00:00,2,24.568,7.54,6.84,437.678,20.221,1.5,0.01,0.038,2.059,,,2026-10-09 02:26:04
湖北省,长江流域,清江大桥,2026-10-09 00:00,2,20.93,7.68,7.89,369.191,7.464,1.01,,0.025,2.695,,,2026-10-09 02:26:04
湖北省,长江流域,南津关,2026-10-09 00:00,2,25.27,7.87,7.36,402.249,3.385169,1.75,0.009,0.037,1.902,0.020398,,2026-10-09 02:26:04
湖北省,长江流域,马渡河,2026-10-09 00:00,2,21.18,8.17,11.39,376.05,6.61,2.24,0.005,0.016,2.451,,,2026-10-09 02:26:04
湖北省,长江流域,铁路大桥,2026-10-09 00:00,2,20.25,8.16,9.31,431.3,10.2,1.84,0.014,0.035,2.358,,,2026-10-09 02:26:04
湖北省,长江流域,两河口,2026-10-09 00:00,2,22.398,7.96,8.34,506.5527,26.2661,2.27,0.018,0.055,2.4592,,,2026-10-09 02:26:04
湖北省,长江流域,桅杆坪,2026-10-09 00:00,4,19.7,7.46,4.42,286.73,1.15,1.22,,0.027,2.801,,,2026-10-09 02:26:04
湖北省,长江流域,白石港,2026-10-09 00:00,1,22.31,8.11,8.78,326.179,2.098,,,,,,,2026-10-09 02:26:04
湖北省,长江流域,云池,2026-10-09 00:00,2,25,8.2,9.49,399.78,16.06,1.24,,0.037,1.983,,,2026-10-09 02:26:04
湖北省,长江流域,翟湾,2026-10-09 00:00,3,21.57,7.86,7.33,650.2991,27.53196,3.72,,0.143,4.1498,,,2026-10-09 02:26:04
湖北省,长江流域,张湾,2026-10-09 00:00,3,21.45,7.51,7.91,576.2117,21.18,3.52,0.084,0.194,5.058,,,2026-10-09 02:26:04
湖北省,长江流域,余家湖,2026-10-09 00:00,2,21.83,7.73,7.14,343.9782,5.41,2.55,0.038,0.053,2.184,,,2026-10-09 02:26:04
湖北省,长江流域,聂家滩,2026-10-09 00:00,2,21.24,7.85,8.44,263.8013,28.99,3.36,0.236,0.079,2.422,,,2026-10-09 02:26:04
湖北省,长江流域,沈湾,2026-10-09 00:00,2,19.14,7.72,6.69,343.2,3.82,1.6,0.084,0.015,1.396,,,2026-10-09 02:26:04
湖北省,长江流域,朱市,2026-10-09 00:00,3,21.84,8.02,7.97,588.3178,27.05,2.34,0.051,0.109,2.394,,,2026-10-09 02:26:04
湖北省,长江流域,茶庵,2026-10-09 00:00,2,21.88,8.09,7.95,279.9504,27.73,2.8,0.083,0.051,2.202,,,2026-10-09 02:26:04
湖北省,长江流域,燕矶,2026-10-09 00:00,2,23.1,7.67,7.86,322.36,40.52,1.44,0.106,0.054,2.057,,,2026-10-09 02:26:04
湖北省,长江流域,东梁子湖湖心,2026-10-09 00:00,3,21.82,8.14,8.31,206.762,40.391,3.06,0.272,0.028,1.223,,,2026-10-09 02:26:04
湖北省,长江流域,梁子湖七星站,2026-10-09 00:00,2,23.06,8.14,9.68,196.3297,32.79991,2.83,0.099,0.018,1.911933,0.03581629,,2026-10-09 02:26:04
湖北省,长江流域,漳河水库库心,2026-10-09 00:00,1,22.68,8.34,9.28,311.7679,10.8894,1.69,,0.003,0.433,0.00049,1.1028,2026-10-09 02:26:04
湖北省,长江流域,转斗,2026-10-09 00:00,2,21.45,7.77,7.88,484.037,11.1959,3.91,0.011,0.082,2.313,,,2026-10-09 02:26:04
湖北省,长江流域,罗汉闸,2026-10-09 00:00,2,21.4,7.89,9.77,381.16,8.84,0.91,0.02,0.066,1.8706,,,2026-10-09 02:26:04
湖北省,长江流域,京山河邓李港,2026-10-09 00:00,3,23.18,8.01,8.42,450.1442,6.9861,2.75,0.027,0.114,1.968,,,2026-10-09 02:26:04
湖北省,长江流域,马良龚家湾,2026-10-09 00:00,5,23.372,7.91,8.85,1871.96,123.12,5.6,0.076,0.35,4.3268,,,2026-10-09 02:26:04
湖北省,长江流域,应城公路桥,2026-10-09 00:00,1,22.84,8.38,13.32,522.8,7.9069,1.94,,0.019,0.412,,,2026-10-09 02:26:04
湖北省,长江流域,田店泵站,2026-10-09 00:00,2,21.61,8.29,9.19,501.02,14.2205,2.19,0.1,0.033,0.66856,,,2026-10-09 02:26:04
湖北省,长江流域,新沟闸,2026-10-09 00:00,2,22.96,8.29,10.69,454.78,7.36,3.55,,0.065,1.136,,,2026-10-09 02:26:04
湖北省,长江流域,小河,2026-10-09 00:00,2,22.74,8.18,8.56,376.27,40.11,,0.023,0.066,1.813,,,2026-10-09 02:26:04
湖北省,长江流域,孝昌王店,2026-10-09 00:00,3,22.59,7.89,9.55,373.37,12.0343,4.56,0.029,0.093,2.5525,,,2026-10-09 02:26:04
湖北省,长江流域,孝感河口大桥,2026-10-09 00:00,4,22.62,7.43,4.37,424.595,14.872,3.53,0.014,0.077,1.6683,,,2026-10-09 02:26:04
湖北省,长江流域,大悟河口,2026-10-09 00:00,2,22.28,7.91,8.21,286.6,7.78,3.16,0.142,0.074,0.6875,,,2026-10-09 02:26:04
湖北省,长江流域,安陆桑树,2026-10-09 00:00,2,22.47,8.08,8.94,542.15,9.6002,1.79,0.023,0.025,0.46472,,,2026-10-09 02:26:04
湖北省,长江流域,隔蒲桥,2026-10-09 00:00,3,23.09,7.51,9.29,351.75,15.407,4.71,0.057,0.056,1.3938,,,2026-10-09 02:26:04
湖北省,长江流域,汉川新堰,2026-10-09 00:00,4,22.75,7.44,4.68,494.23,44.107,3.1,0.114,0.121,2.515,,,2026-10-09 02:26:04
湖北省,长江流域,杨柴湖,2026-10-09 00:00,4,22.2,7.07,5.74,380,30.5,3.32,0.008,0.057,0.264,0.0031,2190668,2026-10-09 02:26:04
湖北省,长江流域,排水闸,2026-10-09 00:00,3,21.89,7.78,8.01,402.9848,32.9498,3.33,,0.047,0.959,0.00112,3.633822,2026-10-09 02:26:04
湖北省,长江流域,洪湖湖心,2026-10-09 00:00,2,21.7,8.22,8.89,359.252,52.103,3.42,0.047,0.025,0.939,0.0022,28425.1,2026-10-09 02:26:04
湖北省,长江流域,观音寺,2026-10-09 00:00,2,24.66,7.98,7.57,403.88,6.68,1.02,,0.043,2.056,,,2026-10-09 02:26:04
湖北省,长江流域,荆州河口,2026-10-09 00:00,2,23.09,8,8.37,484.252,47.3081,2.58,,0.079,2.7694,,,2026-10-09 02:26:04
湖北省,长江流域,康家岗,2026-10-09 00:00,2,22.21,8.33,11.32,428.504,22.9083,1.67,,0.022,1.2754,,,2026-10-09 02:26:04
湖北省,长江流域,淤泥湖,2026-10-09 00:00,2,24,8.82,11.91,391.7,19.8,2.36,0.002,0.073,1.554,,,2026-10-09 02:26:04
湖北省,长江流域,杨家垱,2026-10-09 00:00,2,23.42,8.75,13.12,394.22,45.59,1.96,0.008,0.08,1.45,,,2026-10-09 02:26:04
湖北省,长江流域,调关,2026-10-09 00:00,2,24.13,7.96,8.32,439.5254,24.1882,0.95,0.008,0.052,1.821,,,2026-10-09 02:26:04
湖北省,长江流域,姚集,2026-10-09 00:00,2,24,7.84,6.91,478.3,49.8,3.15,0.118,0.081,1.815,,,2026-10-09 02:26:04
湖北省,长江流域,乌溪沟,2026-10-09 00:00,2,21.01829,8.59,11.28,351.304,6.930001,0.95,0.014,0.063,2.740336,,,2026-10-09 02:26:04
湖北省,长江流域,兰溪大桥,2026-10-09 01:00,3,24.004,7.82,12.11,165.813,6.564,5.71,0.022,0.07,2.047,,,2026-10-09 02:26:04
湖北省,长江流域,蕲春县八里湖,2026-10-09 00:00,3,23.01,7.16,7.46,233.5405,68.81,3.58,0.394,0.189,2.875,,,2026-10-09 02:26:04
湖北省,长江流域,咸宁湖心,2026-10-09 00:00,3,23.11,8.8,13.04,260.616,7.272,4.38,0.092,0.042,1.059,0.01368,1.049165,2026-10-09 02:26:04
湖北省,长江流域,富水水库,2026-10-09 00:00,2,24.35,8.2,7.79,212.0339,9.46,1.99,0.001,0.02,0.682,0.01,1.8746,2026-10-09 02:26:04
湖北省,长江流域,窑嘴大桥,2026-10-09 00:00,4,23.24,7.45,4.84,416.5102,20.09,2.08,0.645,0.126,4.158,,,2026-10-09 02:26:04
湖北省,长江流域,陆溪口,2026-10-09 00:00,2,24.3,7.4,6.03,232.24,19.37,3.74,0.173,0.065,1.121,,,2026-10-09 02:26:04
湖北省,长江流域,洪下水文站,2026-10-09 00:00,3,22,7.73,8.36,192,3.73,1.83,0.161,0.112,1.281,,,2026-10-09 02:26:04
湖北省,长江流域,厉山,2026-10-09 00:00,3,22.28,7.54,5.98,591.9754,17.04,3.27,0.164,0.099,3.4499,,,2026-10-09 02:26:04
湖北省,长江流域,平林,2026-10-09 00:00,3,22.75,8.85,15.98,382.133,7.822,5.19,0.01,0.04,1.448,,,2026-10-09 02:26:04
湖北省,长江流域,涢水大桥,2026-10-09 00:00,2,22.3,7.61,6.5,407.1321,14.07,3.43,0.01,0.057,0.8091,,,2026-10-09 02:26:04
湖北省,长江流域,江口村,2026-10-09 00:00,1,23.34,8.62,11.18,194.44,3.565,1,0.001,0.009,0.972,,,2026-10-09 02:26:04
湖北省,长江流域,恩施大沙坝,2026-10-09 00:00,2,18.73,8.2,9.39,313.58,10,1.62,0.187,0.09,3.752,,,2026-10-09 02:26:04
湖北省,长江流域,雪照河,2026-10-09 00:00,2,17.5,8.27,9.53,330.17,22.066,1.52,,0.064,3.127,,,2026-10-09 02:26:04
湖北省,长江流域,周家坝,2026-10-09 00:00,2,19.28,7.89,8.99,195.6,88.633,1.28,,0.035,2.113,,,2026-10-09 02:26:04
湖北省,长江流域,积玉口荷花村,2026-10-09 00:00,2,22.32,7.77,6.84,439.042,32.4832,3.17,0.046,0.098,1.818,,,2026-10-09 02:26:04
湖北省,长江流域,潜江大桥,2026-10-09 00:00,3,21.14,8.16,9.8,361.8914,5.67,2.42,,0.119,1.478,,,2026-10-09 02:26:04
湖北省,长江流域,岳口,2026-10-09 00:00,2,22.6,8.11,8.74,381,16.76,2.44,0.01,0.063,1.718,,,2026-10-09 02:26:04
湖北省,长江流域,拖市,2026-10-09 00:00,4,21.92,7.34,4.68,645.7,20.757,4.04,0.19,0.108,1.6749,,,2026-10-09 02:26:04
湖北省,长江流域,阳日湾,2026-10-09 00:00,2,15.818,8.05,9.8,300.938,12.346,1.34,0.078,0.061,1.0833,,,2026-10-09 02:26:04
湖南省,长江流域,昭山,2026-10-09 00:00,2,23.9,7.38,7.48,215,18.1,1.19,,0.051,1.39,,,2026-10-09 02:26:04
湖南省,长江流域,捞刀河口,2026-10-09 00:00,2,24.51,7.3,6.52,216.9,8.9926,1.06,0.05,0.082,1.526,,,2026-10-09 02:26:04
湖南省,长江流域,三角洲,2026-10-09 00:00,3,23.88,7.1,5.65,257.38,8.28,2.12,0.061,0.14,3.753,,,2026-10-09 02:26:04
湖南省,长江流域,胜利,2026-10-09 00:00,2,22.24,6.96,7.52,228.38,7.8,3.37,0.133,0.088,1.633,,,2026-10-09 02:26:04
湖南省,长江流域,桔子洲,2026-10-09 00:00,2,24.35,7.73,6.75,219.9318,8.52,1.28,0.103,0.083,1.558,,,2026-10-09 02:26:04
湖南省,长江流域,西阳渡口,2026-10-09 00:00,2,22.17,8.17,12.99,440.22,8.235,1.49,0.074,0.031,2.08,,,2026-10-09 02:26:04
湖南省,长江流域,熬洲,2026-10-09 00:00,2,24.19,7.4,7.15,187.2954,5.0148,1.07,0.037,0.052,1.1322,,,2026-10-09 02:26:04
湖南省,长江流域,城北水厂,2026-10-09 00:00,2,24.72,7.85,7.19,205.39,7.73,1.57,0.045,0.046,1.2677,,,2026-10-09 02:26:04
湖南省,长江流域,塘渡口,2026-10-09 00:00,2,21.67,7.99,8.55,207.167,3.4849,1.71,0.053,0.04,1.767,,,2026-10-09 02:26:04
湖南省,长江流域,窑市,2026-10-09 00:00,2,20.2,7.27,8.62,55.005,5.7876,1.01,0.021,0.03,0.91,,,2026-10-09 02:26:04
湖南省,长江流域,渡头村,2026-10-09 00:00,2,21.42,7.62,7.74,207.359,8.4173,2.44,0.08,0.077,1.768,,,2026-10-09 02:26:04
湖南省,长江流域,邵水入河口,2026-10-09 00:00,3,22.51,7.51,5.93,414.572,1903.7,2.87,0.396,0.101,2.859,,,2026-10-09 02:26:04
湖南省,长江流域,绥宁河口镇,2026-10-09 00:00,2,21.3779,7.32,8.17,81.4259,5.5326,1.1,0.033,0.031,0.793,,,2026-10-09 02:26:04
湖南省,长江流域,岳阳楼,2026-10-09 00:00,3,23.58,7.7,7.46,222.0025,39.45447,1.5,0.002,0.034,1.3434,0.0005898,206024,2026-10-09 02:26:04
湖南省,长江流域,城陵矶,2026-10-09 00:00,2,22.91,7.65,7.21,236.122,51.29752,2.33,0.005,0.038,1.466,,,2026-10-09 02:26:04
湖南省,长江流域,荆江口,2026-10-09 00:00,2,23.81,7.89,8.05,399.1615,28.2273,0.94,0.056,0.046,1.9121,,,2026-10-09 02:26:04
湖南省,长江流域,六门闸,2026-10-09 00:00,1,23.32,8.71,9.42,472.0109,10.38,1.99,,,0.897,,,2026-10-09 02:26:04
湖南省,长江流域,南渡,2026-10-09 00:00,2,22.42,6.93,8.37,113.89,22.57,1.8,0.055,0.099,1.31,,,2026-10-09 02:26:04
湖南省,长江流域,八仙桥,2026-10-09 00:00,3,22.45,7.69,12.82,359.8534,19.2715,4.96,0.073,0.091,1.753,,,2026-10-09 02:26:04
湖南省,长江流域,坡头,2026-10-09 00:00,2,24.51,8.07,8.42,207.8971,21.70848,1.31,,0.038,1.3721,0.0007764,,2026-10-09 02:26:04
湖南省,长江流域,蒋家嘴,2026-10-09 00:00,3,20.91,7.59,6.68,193.2135,32.801,0.95,0.085,0.041,1.164,0.00215,1.4689,2026-10-09 02:26:04
湖南省,长江流域,马坡湖,2026-10-09 00:00,3,25.03,8.99,14.84,393.479,30.8099,2.98,0.004,0.113,1.351,,,2026-10-09 02:26:04
湖南省,长江流域,永定澄潭,2026-10-09 00:00,1,23.58,7.33,9.71,224.51,2.613,1.43,0.005,0.017,0.656,,,2026-10-09 02:26:04
湖南省,长江流域,万家嘴,2026-10-09 00:00,2,23.23,7.57,7.54,168.5671,10.88811,1.31,0.089,0.081,2.6231,0.0018526,184460.5,2026-10-09 02:26:04
湖南省,长江流域,南嘴,2026-10-09 00:00,3,24.24,8.25,8.51,272.7014,40.83048,1.16,,0.043,1.6661,0.020375,330000.4,2026-10-09 02:26:04
湖南省,长江流域,小河嘴,2026-10-09 00:00,3,24.43,7.99,8.22,223.484,27.4291,1.22,,0.037,0.931,0.00218612,5.62992,2026-10-09 02:26:04
湖南省,长江流域,坪口,2026-10-09 00:00,2,24.17,7.64,7.18,224.3,6.573,1.38,0.039,0.044,1.777,,,2026-10-09 02:26:04
湖南省,长江流域,桃谷山,2026-10-09 00:00,2,22.74,7.75,7.1,208.719,15.987,1.34,,0.07,1.644,,,2026-10-09 02:26:04
湖南省,长江流域,头山,2026-10-09 00:00,1,24.93,7.84,7.6,125.5,2.16,0.56,,0.004,0.4829,0.0058,5097000,2026-10-09 02:26:04
湖南省,长江流域,渡口大桥,2026-10-09 00:00,2,23.66,7.11,6.76,150.86,21.67,2.49,0.091,0.09,1.2567,,,2026-10-09 02:26:04
湖南省,长江流域,五强溪,2026-10-09 00:00,2,25.74,7.68,6.2,182.355,2.4151,0.83,0.014,0.048,1.173,,,2026-10-09 02:26:04
湖南省,长江流域,铜信溪电站,2026-10-09 00:00,2,21.13,7.94,8.93,237.84,5.5,0.98,0.03,0.028,1.617,,,2026-10-09 02:26:04
湖南省,长江流域,地阳坪公路大桥,2026-10-09 00:00,2,20.84,6.94,7.6,94.7429,6.3243,2.55,,0.055,1.137,,,2026-10-09 02:26:04
湖南省,长江流域,托口渠水,2026-10-09 00:00,3,24.89,7.23,5.43,109.4,1.236,0.76,0.003,0.026,0.71,,,2026-10-09 02:26:04
湖南省,长江流域,溪子口,2026-10-09 00:00,2,24.42,7.56,6.6,287.2,1.46,0.6,0.006,0.016,1.394,,,2026-10-09 02:26:04
湖南省,长江流域,球溪,2026-10-09 00:00,2,23.409,7.63,8.35,232.76,8.68,2.96,0.019,0.073,1.691,,,2026-10-09 02:26:04
湖南省,长江流域,街埠头,2026-10-09 00:00,2,23.71,7.81,8.75,398.415,2.4191,3.2,,0.045,1.436,,,2026-10-09 02:26:04
湖南省,长江流域,浦市上游,2026-10-09 00:00,2,24.06,7.69,7.25,202.89,11.3,1.17,,0.048,1.249,,,2026-10-09 02:26:04
湖南省,长江流域,江口,2026-10-09 00:00,2,22.73,7.71,7.49,260.6602,19.396,1.37,0.087,0.03,1.397,,,2026-10-09 02:26:04
湖南省,长江流域,武水汇合口,2026-10-09 00:00,2,24.29,7.8,7.52,200.424,6.26,0.97,0.014,0.038,1.112,,,2026-10-09 02:26:04
广东省,珠江流域,珠海大桥,2026-10-09 00:00,3,28.91,7.69,5.33,6057.904,41.188,1.69,0.156,0.059,2.091,,,2026-10-09 02:26:04
广东省,珠江流域,石角咀水闸,2026-10-09 00:00,4,28.65,7.2,4.06,685.37,74.212,3.01,0.302,0.142,3.388,,,2026-10-09 02:26:04
广东省,珠江流域,鸡啼门大桥,2026-10-09 00:00,3,27.7,7.73,5.81,15820,37.96,2.08,0.203,0.091,2.194,,,2026-10-09 02:26:04
广东省,珠江流域,布洲,2026-10-09 00:00,2,28.33,7.84,6.43,284.19,35.609,1.41,,0.056,2.087,,,2026-10-09 02:26:04
广东省,珠江流域,海门湾桥闸,2026-10-09 00:00,6,27.79,7.11,2.22,539.76,65.06,5.5,2.02,0.204,4.464,,,2026-10-09 02:26:04
广东省,珠江流域,苍山渡口,2026-10-09 00:00,3,28.69,7.8,5.54,18174.4,10.63,1.45,0.281,0.01,2.158,,,2026-10-09 02:26:04
广东省,珠江流域,牛湾,2026-10-09 00:00,4,29.59,6.92,4.94,258.9,26.29,3.53,,0.084,2.354,,,2026-10-09 02:26:04
广东省,珠江流域,渠首,2026-10-09 00:00,3,29.45,7.58,5.56,127.31,19.49,5.4,0.044,0.024,0.84,0.0151,4492114,2026-10-09 02:26:04
广东省,珠江流域,黄坡,2026-10-09 00:00,3,29.28,7.1,5.32,144.62,24.72,3.47,0.04,0.079,1.655,,,2026-10-09 02:26:04
广东省,珠江流域,山角,2026-10-09 00:00,4,29.97,7.47,4.34,152.34,6.17,3.52,0.14,0.026,1.738,,,2026-10-09 02:26:04
广东省,珠江流域,运河管理局,2026-10-09 00:00,3,28.77,8.4,8.45,127.05,26.41,5.49,,0.024,0.861,,,2026-10-09 02:26:04
广东省,珠江流域,排里,2026-10-09 00:00,3,29.45,7.23,7.51,181.75,6.92,5.51,0.013,0.07,1.691,,,2026-10-09 02:26:04
广东省,珠江流域,南渡河桥,2026-10-09 00:00,3,29.63,7.03,6.11,160.27,17.8,4.32,0.31,0.051,2.093,,,2026-10-09 02:26:04
广东省,珠江流域,营仔,2026-10-09 00:00,3,29.84,6.94,6.8,203.42,9.08,4.33,0.072,0.058,0.923,,,2026-10-09 02:26:04
广东省,珠江流域,黄竹尾水闸,2026-10-09 00:00,4,29.34,7.21,4.75,150.68,37.86,4.22,,0.07,2.093,,,2026-10-09 02:26:04
广东省,珠江流域,塘口,2026-10-09 00:00,2,29.56,7.2,6.45,148.85,4,2.61,0.046,0.073,1.694,,,2026-10-09 02:26:04
广东省,珠江流域,石骨水库,2026-10-09 00:00,2,29.248,8.84,7.06,64.24,4.1871,1.53,0.016,0.017,0.41,,,2026-10-09 02:26:04
广东省,珠江流域,良德水库,2026-10-09 00:00,1,30.14,7.65,7.62,62.301,13.14,1.59,,0.004,0.149,0.00579,2048380,2026-10-09 02:26:04
广东省,珠江流域,米急渡,2026-10-09 00:00,4,28.12,6.91,4.91,126.416,20.953,2.71,0.301,0.114,2.495,,,2026-10-09 02:26:04
广东省,珠江流域,公庄河口,2026-10-09 00:00,3,26.8,7.12,7.37,204.7,35.7,3.29,0.123,0.121,2.239,,,2026-10-09 02:26:04
广东省,珠江流域,五丰渡口,2026-10-09 00:00,2,25.56,6.93,6.15,100.5,25.34,1.24,0.236,0.054,4.1613,,,2026-10-09 02:26:04
广东省,珠江流域,新铺,2026-10-09 00:00,2,26.28,7.32,7.8,104.929,13.386,0.99,0.126,0.031,1.5254,,,2026-10-09 02:26:04
广东省,珠江流域,海丰西闸,2026-10-09 00:00,2,29.37,8.11,7.28,517.8,5.2,2.41,0.049,0.02,0.303,,,2026-10-09 02:26:04
广东省,珠江流域,东溪水闸,2026-10-09 00:00,3,28.37,7.09,5.99,946.305,31.918,4.84,0.203,0.045,0.603,,,2026-10-09 02:26:04
广东省,珠江流域,江城,2026-10-09 00:00,4,28.8,7,4.89,162.4,17.997,2.42,0.243,0.121,1.625,,,2026-10-09 02:26:04
广东省,珠江流域,尖山,2026-10-09 00:00,4,28.17,6.9,4.43,1284.93,28.94,4.19,0.265,0.117,2.309,,,2026-10-09 02:26:04
广东省,珠江流域,埠场,2026-10-09 00:00,3,28.41,6.96,5.04,457.246,30.327,3.07,0.242,0.114,1.578,,,2026-10-09 02:26:04
广东省,珠江流域,大泉,2026-10-09 00:00,4,28.49,6.82,4.06,8616.3,10.4,3.44,0.608,0.102,1.799,,,2026-10-09 02:26:04
广东省,珠江流域,樟村,2026-10-09 00:00,4,27.66,7.08,4.57,416.632,20.17,3.36,0.314,0.129,4.996,,,2026-10-09 02:26:04
广东省,珠江流域,沙田泗盛,2026-10-09 00:00,4,28.99,7.18,4.23,8935.99,15.34,1.13,0.183,0.09,2.497,,,2026-10-09 02:26:04
广东省,珠江流域,旗岭,2026-10-09 00:00,3,27.57,7.14,5.52,463.327,22.82,3.19,0.241,0.168,5.574,,,2026-10-09 02:26:04
广东省,珠江流域,石龙南河,2026-10-09 00:00,4,29.25,6.88,4.62,151.119,18.547,1.57,,0.061,1.907,,,2026-10-09 02:26:04
广东省,珠江流域,中山港码头,2026-10-09 00:00,2,29.12,7.79,6.69,337.86,12.911,1.5,0.023,0.062,2.716,,,2026-10-09 02:26:04
广东省,珠江流域,赤凤,2026-10-09 00:00,2,27.54,7.07,6.79,114.83,13.65,0.81,0.021,0.083,1.218,,,2026-10-09 02:26:04
广东省,珠江流域,龟山塔,2026-10-09 00:00,2,27.77,7.69,9.01,84.266,5.701,1.52,0.155,0.07,1.0749,,,2026-10-09 02:26:04
广东省,珠江流域,古封,2026-10-09 00:00,2,28.47,7.96,7.12,293.4,8.48,1.03,0.004,0.017,2.099,,,2026-10-09 02:26:04
广西壮族自治区,珠江流域,老口,2026-10-09 00:00,1,29.19982,8.08,8.7,315.6732,6.239337,1.17,,0.02,2.189991,,,2026-10-09 02:26:04
广西壮族自治区,珠江流域,叮当,2026-10-09 00:00,2,29.17,7.94,9.98,327.406,10.853,1.31,0.029,0.042,3.5698,,,2026-10-09 02:26:04
广西壮族自治区,珠江流域,六景,2026-10-09 00:00,2,28.89,8.11,6.88,307.27,2.87,1.18,,0.024,2.313,,,2026-10-09 02:26:04
广西壮族自治区,珠江流域,白马,2026-10-09 00:00,2,29.1,7.85,6.85,368.41,4.39,1.2,0.022,0.022,2.042,,,2026-10-09 02:26:04
广西壮族自治区,珠江流域,阳朔,2026-10-09 00:00,2,24.11,8.15,8.83,177.637,2.21,1.57,0.027,0.043,1.4417,,,2026-10-09 02:26:04
广西壮族自治区,珠江流域,东边埇,2026-10-09 00:00,2,26.51,6.91,6.32,78.8804,23.4389,2.72,0.085,0.088,2.163,,,2026-10-09 02:26:04
广西壮族自治区,珠江流域,西门江,2026-10-09 00:00,3,28.25,6.92,6.19,311.119,28.754,2.94,0.165,0.146,3.1016,,,2026-10-09 02:26:04
广西壮族自治区,珠江流域,三滩,2026-10-09 00:00,2,26.63,7.35,6.45,16065.7,9.25,2.37,0.175,0.055,1.129,,,2026-10-09 02:26:04
广西壮族自治区,珠江流域,边贸码头,2026-10-09 00:00,2,27.39,6.97,7.06,390.31,10.63,,0.491,0.1,,,,2026-10-09 02:26:04
广西壮族自治区,珠江流域,高塘,2026-10-09 00:00,2,28.27,7.98,10.09,70.46,9,3.42,0.005,0.052,1.754,,,2026-10-09 02:26:04
广西壮族自治区,珠江流域,茅岭大桥,2026-10-09 00:00,2,27.98,7.6,7.11,3906.26,10.06,2.44,0.062,0.037,0.888,,,2026-10-09 02:26:04
广西壮族自治区,珠江流域,高速公路西桥,2026-10-09 00:00,4,28.3,7.09,4.73,3158.9,24.28,3.43,0.191,0.109,2.293,,,2026-10-09 02:26:04
广西壮族自治区,珠江流域,隘屯,2026-10-09 00:00,2,22.48349,8.44,9.51,352.4854,3.677219,0.16,0.014,0.032,1.817801,,,2026-10-09 02:26:04
广西壮族自治区,珠江流域,公篓,2026-10-09 00:00,1,26.98,8.13,7.7,287.58,10.02,0.98,0.015,0.011,1.156,,,2026-10-09 02:26:04
广西壮族自治区,珠江流域,贺街,2026-10-09 00:00,2,25.56,7.66,7.7,229.7,11.21,0.9,0.06,0.061,1.276,,,2026-10-09 02:26:04
广西壮族自治区,珠江流域,上金,2026-10-09 00:00,1,29.1,7.14,8.16,153.8113,20.5042,1.68,,0.016,1.7511,,,2026-10-09 02:26:04
广西壮族自治区,珠江流域,渠立,2026-10-09 00:00,1,28.08,7.98,11.07,343.437,5.427,1.21,0.041,0.007,1.761,,,2026-10-09 02:26:04
广西壮族自治区,珠江流域,棉江,2026-10-09 00:00,2,29.18,7.65,7.18,209.223,8.098,1.39,,0.014,1.3115,,,2026-10-09 02:26:04
海南省,珠江流域,龙塘,2026-10-09 00:00,2,28.2,7.21,6.23,108.6,10.2,1.76,0.037,0.071,1.494,,,2026-10-09 02:26:04
海南省,珠江流域,儒房,2026-10-09 00:00,2,28.3,7.49,6.96,3774.64,22.4,2.81,0.058,0.058,1.354,,,2026-10-09 02:26:04
海南省,珠江流域,后黎村,2026-10-09 00:00,3,28.4,6.9,6.72,87.2,25.9,3.13,0.062,0.104,1.569,,,2026-10-09 02:26:04
海南省,珠江流域,林家村,2026-10-09 00:00,2,28.81,6.96,7.49,111.52,14.13,0.81,0.034,0.02,1.501,,,2026-10-09 02:26:04
海南省,珠江流域,崖城大桥,2026-10-09 00:00,2,27.6,6.56,7.52,112.05,117.5,2.13,,0.048,3.646,,,2026-10-09 02:26:04
海南省,珠江流域,藤桥河大桥,2026-10-09 00:00,2,27.91,7.26,8.17,233.87,156.75,3.2,,,,,,2026-10-09 02:26:04
海南省,珠江流域,松涛水库南丰库心,2026-10-09 00:00,2,30.63995,7.55,6.16,72.76272,1.169777,0.89,0.019,0.005,0.2254696,0.01731435,4506188,2026-10-09 02:26:04
海南省,珠江流域,上村桥,2026-10-09 00:00,2,28.3,7.15,7.56,142.3,49.7,3.59,0.017,0.074,1.912,,,2026-10-09 02:26:04
海南省,珠江流域,中和桥,2026-10-09 00:00,2,27.9,7.15,6.03,137.7,39.7,3.67,0.028,0.096,0.999,,,2026-10-09 02:26:04
海南省,珠江流域,汀洲,2026-10-09 00:00,3,26.3,6.44,7.6,60.05,59.51,0.28,0.107,0.164,0.598,,,2026-10-09 02:26:04
海南省,珠江流域,溪仔村,2026-10-09 00:00,2,26.2,6.75,8.24,64.52,10.95,1.81,0.006,0.042,0.87,,,2026-10-09 02:26:04
海南省,珠江流域,羊头外村桥,2026-10-09 00:00,3,27.73,6.91,5.88,121.03,76.17,5.36,0.095,0.124,2.318,,,2026-10-09 02:26:04
海南省,珠江流域,农垦橡胶所一队,2026-10-09 00:00,1,27.1,6.9,7.77,76.2,12.5,1.22,0.021,0.013,1.575,,,2026-10-09 02:26:04
海南省,珠江流域,水涯新区,2026-10-09 00:00,2,26.6,6.74,7.41,788.2,16.6,2.15,0.136,0.051,1.492,,,2026-10-09 02:26:04
海南省,珠江流域,分洪桥,2026-10-09 00:00,2,27.8,6.51,6.83,80.81,22.62,1.77,0.057,0.038,0.639,,,2026-10-09 02:26:04
海南省,珠江流域,后山村,2026-10-09 00:00,5,26.26,6.7,2.5,117.191,140.073,7.65,0.835,0.366,5.085,,,2026-10-09 02:26:04
海南省,珠江流域,大广坝水库出口,2026-10-09 00:00,3,25.925,7,5.02,65.573,120.19,1.26,0.023,0.039,1.247,0.003801,4680450,2026-10-09 02:26:04
海南省,珠江流域,山口,2026-10-09 00:00,2,28.3,6.75,6.41,86.87,18.32,2.47,0.028,0.04,1.077,,,2026-10-09 02:26:04
海南省,珠江流域,白仞滩电站,2026-10-09 00:00,3,28.4,7.11,5.98,153.6,51.8,3.16,0.066,0.132,2.032,,,2026-10-09 02:26:04
海南省,珠江流域,大风,2026-10-09 00:00,2,26.63615,6.57,6.79,83.24708,216.5816,2.49,,0.097,0.6011271,,,2026-10-09 02:26:04
海南省,珠江流域,叉河口,2026-10-09 00:00,2,28.3,7.27,7.45,191.9,22.9,1.69,0.019,0.071,1.862,,,2026-10-09 02:26:04
海南省,珠江流域,乐中,2026-10-09 00:00,2,26.2,7.41,7.86,85.3,58.2,1.57,,0.045,0.807,,,2026-10-09 02:26:04
海南省,珠江流域,跨界桥,2026-10-09 00:00,2,29.4,7.82,10.23,88,23.3,3.04,0.005,0.041,1.182,,,2026-10-09 02:26:04
海南省,珠江流域,群英大坝,2026-10-09 00:00,2,26.4,7.25,7.85,87.1,10.5,1.3,0.007,0.043,1.029,,,2026-10-09 02:26:04
海南省,珠江流域,大溪村,2026-10-09 00:00,3,26.9,7.06,6.78,96.6,34.2,3.13,0.339,0.131,2.063,,,2026-10-09 02:26:04
重庆市,长江流域,晒网坝,2026-10-09 00:00,2,24.79,7.92,6.84,361.081,8.8754,2.09,,0.063,1.947,,,2026-10-09 02:26:04
重庆市,长江流域,向家,2026-10-09 00:00,2,22.74,7.8,9.61,207.746,19.467,3.62,0.002,0.062,1.312,,,2026-10-09 02:26:04
重庆市,长江流域,磨刀溪长滩,2026-10-09 00:00,3,21.88,8.14,10.91,222.197,22.518,4.07,0.065,0.054,1.571,,,2026-10-09 02:26:04
重庆市,长江流域,清溪场,2026-10-09 00:00,2,22.94,7.88,7.06,344.573,19.9966,1.76,,0.058,1.415,,,2026-10-09 02:26:04
重庆市,长江流域,木瓜洞,2026-10-09 00:00,3,23.52,7.62,5.65,401.2375,22.5555,4.29,,0.115,3.122,,,2026-10-09 02:26:04
重庆市,长江流域,寸滩,2026-10-09 00:00,2,22.94,7.9,7.7,384.455,37.537,1.73,,0.058,1.72,,,2026-10-09 02:26:04
重庆市,长江流域,和尚山,2026-10-09 00:00,2,22.82,7.97,7.51,380.56,30.84,1.46,0.167,0.067,1.752,,,2026-10-09 02:26:04
重庆市,长江流域,北温泉,2026-10-09 00:00,2,22.7512,7.87,7.92,317.574,21.8188,2.32,0.035,0.071,2.221,,,2026-10-09 02:26:04
重庆市,长江流域,寨溪大桥,2026-10-09 00:00,2,22.99,7.82,7.78,639.6449,16.8895,1.87,0.06,0.045,2.655,,,2026-10-09 02:26:04
重庆市,长江流域,石门坎,2026-10-09 00:00,1,21.5,8.23,8.7,408,10.51,1.22,0.003,0.018,2.072,,,2026-10-09 02:26:04
重庆市,长江流域,玉滩水库,2026-10-09 00:00,3,25.63,7.94,8.01,423.0489,14.89636,4.79,0.004,0.017,0.71764,0.04205265,1.400495,2026-10-09 02:26:04
重庆市,长江流域,御临镇,2026-10-09 00:00,3,24.67,7.74,10.5,339.088,25.914,4.08,,0.078,1.822,,,2026-10-09 02:26:04
重庆市,长江流域,黎家乡崔家岩村,2026-10-09 00:00,4,24.11,8.97,21.22,323.95,10.06,6.27,,0.077,2.035,,,2026-10-09 02:26:04
重庆市,长江流域,运输桥,2026-10-09 00:00,3,24.58,7.28,5.08,365.8136,12.6997,4.78,,0.121,1.289,,,2026-10-09 02:26:04
重庆市,长江流域,支坪街道,2026-10-09 00:00,2,22.66,7.98,7.72,343.9877,61.6788,2.52,,0.049,2.361,,,2026-10-09 02:26:04
重庆市,长江流域,江津大桥,2026-10-09 00:00,2,22.67,8.06,7.88,378.2,34.95,1.58,0.015,0.05,1.828,,,2026-10-09 02:26:04
重庆市,长江流域,朱杨溪,2026-10-09 00:00,3,24.65,7.77,7.83,673.9,13.59,4.2,0.025,0.176,5.248,,,2026-10-09 02:26:04
重庆市,长江流域,北渡,2026-10-09 00:00,2,21.49,8.02,8.63,421.8828,38.406,1.64,0.064,0.046,2.59,,,2026-10-09 02:26:04
重庆市,长江流域,白杨溪,2026-10-09 00:00,2,22.41,7.72,8.2,126.232,23.269,2.9,,0.041,1.578,,,2026-10-09 02:26:04
重庆市,长江流域,太和,2026-10-09 00:00,2,24.79,7.9,7.27,406.89,10.4,1.83,,0.059,2.429,,,2026-10-09 02:26:04
重庆市,长江流域,官渡,2026-10-09 00:00,2,22.13,7.56,8.1,276.2039,159.69,3.04,,0.075,2.27,,,2026-10-09 02:26:04
重庆市,长江流域,临渡,2026-10-09 00:00,5,26.11,7.33,2.6,954.4,15.339,4.12,,0.121,2.634,,,2026-10-09 02:26:04
重庆市,长江流域,渠江码头,2026-10-09 00:00,2,22.03,7.66,8.35,266.294,159.133,3.81,,0.096,4.272,,,2026-10-09 02:26:04
重庆市,长江流域,黄桷,2026-10-09 00:00,2,21.71,7.79,7.25,521.276,19.724,2.68,0.023,0.066,2.681,,,2026-10-09 02:26:04
重庆市,长江流域,四明水厂,2026-10-09 00:00,4,24.45,8.24,7.85,529.3,12.2,7.51,,0.105,1.192,,,2026-10-09 02:26:04
重庆市,长江流域,金狮桥,2026-10-09 00:00,1,20.04,8.21,8.54,230.592,19.817,0.78,0.008,0.012,0.792,,,2026-10-09 02:26:04
重庆市,长江流域,璧南河两河口,2026-10-09 00:00,3,24.75,7.7,7.77,648.735,14.924,5.26,0.013,0.152,3.332,,,2026-10-09 02:26:04
重庆市,长江流域,中和,2026-10-09 00:00,3,25.46,8.61,24.32,615.6,7.23,5.19,0.028,0.112,2.245,,,2026-10-09 02:26:04
重庆市,长江流域,高洞电站,2026-10-09 00:00,3,25.372,7.81,7.02,709.812,4.453,5.5,,0.134,2.961,,,2026-10-09 02:26:04
重庆市,长江流域,巫山乡,2026-10-09 00:00,3,21.78,7.88,9.62,195.99,33.783,4.8,0.031,0.098,2.099,,,2026-10-09 02:26:04
重庆市,长江流域,鸭江镇,2026-10-09 00:00,2,21.26,7.99,9.11,357.785,35.346,2.14,0.008,0.061,2.251,,,2026-10-09 02:26:04
重庆市,长江流域,江口镇,2026-10-09 00:00,2,21.22,8.05,7.57,302.905,12.457,0.99,,0.026,1.506,,,2026-10-09 02:26:04
重庆市,长江流域,土堡寨,2026-10-09 00:00,2,14.71,8.28,10.23,287.482,78.409,0.63,0.045,0.03,0.824,,,2026-10-09 02:26:04
重庆市,长江流域,水寨子,2026-10-09 00:00,2,16.51,8.06,10.05,220.039,43.77,1.57,,0.039,0.737,,,2026-10-09 02:26:04
重庆市,长江流域,湖海场,2026-10-09 00:00,2,21.8,8.05,8.61,292.571,14.516,2.27,,0.084,1.453,,,2026-10-09 02:26:04
重庆市,长江流域,卫星桥,2026-10-09 00:00,2,22.66,8.22,8.92,387.935,20.2311,2.84,,0.053,1.51,,,2026-10-09 02:26:04
重庆市,长江流域,高洞梁,2026-10-09 00:00,2,22.76,8.07,8.22,451.868,22.136,1.67,,0.057,1.265,,,2026-10-09 02:26:04
重庆市,长江流域,苏家,2026-10-09 00:00,2,23.25,7.76,7.02,373.7326,15.7248,1.94,0.012,0.061,2.216,,,2026-10-09 02:26:04
重庆市,长江流域,清水湖渡口,2026-10-09 00:00,1,22.84,8.76,13.7,229.16,4.6332,1.11,0.004,0.018,1.2947,,,2026-10-09 02:26:04
重庆市,长江流域,小江河口,2026-10-09 00:00,2,24.33,7.82,6.68,342.16,4.5,1.38,0.009,0.051,1.851,,,2026-10-09 02:26:04
重庆市,长江流域,罗汉大桥,2026-10-09 00:00,2,17.32,7.99,10.24,274.73,27.44,0.69,,0.04,2.01,,,2026-10-09 02:26:04
重庆市,长江流域,白帝城,2026-10-09 00:00,2,24.07,7.79,6.38,379.514,11.177,1.34,0.005,0.049,1.788,,,2026-10-09 02:26:04
重庆市,长江流域,培石,2026-10-09 00:00,2,23.7279,7.58,7.04,393.3008,9.7771,1.27,0.109,0.052,1.843,,,2026-10-09 02:26:04
重庆市,长江流域,化杠,2026-10-09 00:00,2,15.6,7.51,9.21,91.68,4.94,1.56,0.008,0.027,0.6116,,,2026-10-09 02:26:04
重庆市,长江流域,万木,2026-10-09 00:00,2,23.23,7.72,6.61,429.7,4.4,0.7,0.001,0.034,3.523,,,2026-10-09 02:26:04
重庆市,长江流域,红花村,2026-10-09 00:00,2,19.465,7.64,8.48,244.988,45.954,1.59,,0.045,1.942,,,2026-10-09 02:26:04
重庆市,长江流域,南洞沟,2026-10-09 00:00,2,21.04,8.06,7.67,332.695,10.253,0.69,0.009,0.025,1.393,,,2026-10-09 02:26:04
四川省,长江流域,二江寺,2026-10-09 00:00,2,21.48,7.83,10.13,486.5,8.6,1.74,0.1,0.072,2.829,,,2026-10-09 02:26:04
四川省,长江流域,李家湾,2026-10-09 00:00,3,24.5,7.92,8.3,472.9,14.7,1.76,0.006,0.155,2.738,,,2026-10-09 02:26:04
四川省,长江流域,廖家堰,2026-10-09 00:00,3,25.449,8.29,8.19,1037.15,18.79,4.25,0.064,0.139,2.144,,,2026-10-09 02:26:04
四川省,长江流域,脚仙村,2026-10-09 00:00,3,24.62,7.92,8.47,495.1,14.3,1.28,0.017,0.111,2.893,,,2026-10-09 02:26:04
四川省,长江流域,湾凼,2026-10-09 00:00,2,23.27172,7.61,6.35,535.113,6.281847,3.88,0.006,0.033,0.339227,,,2026-10-09 02:26:04
四川省,长江流域,手爬岩,2026-10-09 00:00,2,23.02,7.91,7.55,408.884,17.5479,1.52,,0.062,1.2632,,,2026-10-09 02:26:04
四川省,长江流域,沱江大桥,2026-10-09 00:00,3,25.26,7.96,7.13,496.9922,20.71346,1.92,,0.159,2.869176,,,2026-10-09 02:26:04
四川省,长江流域,醒觉溪,2026-10-09 00:00,2,23.24,8.15,7.81,390.1,16.28,1.42,0.03,0.052,3.327,,,2026-10-09 02:26:04
四川省,长江流域,胡市大桥,2026-10-09 00:00,5,26.47,7.34,2.52,509.3157,9.8234,4.3,0.016,0.116,1.3048,,,2026-10-09 02:26:04
四川省,长江流域,泸天化大桥,2026-10-09 00:00,2,21.77,7.84,8.27,312.945,26.0285,1.48,0.01,0.059,2.8828,,,2026-10-09 02:26:04
四川省,长江流域,纳溪大渡口,2026-10-09 00:00,2,22.79,7.82,7.78,375.614,11.38,0.99,,0.065,1.3895,,,2026-10-09 02:26:04
四川省,长江流域,两汇水,2026-10-09 00:00,2,21.49959,7.57,8.82,109.7531,24.28499,1.81,0.001,0.051,1.176,,,2026-10-09 02:26:04
四川省,长江流域,象山,2026-10-09 00:00,3,24.28,7.98,7.98,574.91,6.6,4.17,,0.091,2.609,,,2026-10-09 02:26:04
四川省,长江流域,双江桥,2026-10-09 00:00,2,21.92,8.05,7.71,631.31,25.91,1.57,0.038,0.086,2.47,,,2026-10-09 02:26:04
四川省,长江流域,三川,2026-10-09 00:00,3,21.66,8.12,7.92,643.7,26.08,0.76,0.037,0.148,2.762,,,2026-10-09 02:26:04
四川省,长江流域,西平镇,2026-10-09 00:00,2,22.45,8.22,8.55,505.21,14.97,0.87,,0.064,2.918,,,2026-10-09 02:26:04
四川省,长江流域,姚渡,2026-10-09 00:00,1,16.99557,8.29,8.94,332.3933,56.75394,1.6,0.028,0.003,1.554,,,2026-10-09 02:26:04
四川省,长江流域,清泉乡,2026-10-09 00:00,2,23.52,7.97,9.18,287.6,7.2687,2.25,0.002,0.025,1.13,,,2026-10-09 02:26:04
四川省,长江流域,大安,2026-10-09 00:00,3,24.31,7.62,5.29,524.759,11.8,5.82,,0.15,1.4923,,,2026-10-09 02:26:04
四川省,长江流域,梓江大桥,2026-10-09 00:00,2,23.73,8.06,7.31,507.2,8.1,3.17,,0.071,3.108,,,2026-10-09 02:26:04
四川省,长江流域,大埂,2026-10-09 00:00,3,24.97,8.26,9.82,576.8,4.32,5.7,0.165,0.084,1.209355,,,2026-10-09 02:26:04
四川省,长江流域,球溪河口,2026-10-09 00:00,3,25.04,7.81,8.03,607.57,16.7,4.82,0.023,0.177,4.787,,,2026-10-09 02:26:04
四川省,长江流域,金溪电站,2026-10-09 00:00,2,24.9,7.85,6.86,338.225,8.8519,2.05,0.008,0.036,1.636,,,2026-10-09 02:26:04
四川省,长江流域,升钟水库铁炉寺,2026-10-09 00:00,3,24.15,8.78,10.81,328.95,3.97,5.09,,0.019,2.41,,,2026-10-09 02:26:04
四川省,长江流域,龟都府,2026-10-09 00:00,2,16.92,8.09,8.87,218.9786,48.77365,0.87,0.008,0.059,0.9546154,,,2026-10-09 02:26:04
四川省,长江流域,越溪河两河口,2026-10-09 00:00,2,23.83,7.69,6.67,476.9,7.1,3.56,,0.069,2.863,,,2026-10-09 02:26:04
四川省,长江流域,月波,2026-10-09 00:00,2,20.23,7.56,9.26,290.1,14.7,,0.066,0.073,1.235,,,2026-10-09 02:26:04
四川省,长江流域,凉姜沟,2026-10-09 00:00,2,21.48,7.91,8.91,288.3922,7.530759,1.51,0.009,0.063,1.705304,,,2026-10-09 02:26:04
四川省,长江流域,三块石,2026-10-09 00:00,1,23.11,7.98,7.57,456.91,13.21,0.55,,0.02,1.009,,,2026-10-09 02:26:04
四川省,长江流域,洛亥,2026-10-09 00:00,2,19.01,8.15,8.81,282.5766,9.798247,0.79,0.006,0.056,3.1,,,2026-10-09 02:26:04
四川省,长江流域,幺滩,2026-10-09 00:00,3,23.58,8.08,8.44,387.84,25.16,3.55,,0.112,2.285,,,2026-10-09 02:26:04
四川省,长江流域,团堡岭,2026-10-09 00:00,3,22.15,7.76,8.5,280.68,53.748,3.21,0.032,0.114,1.946,,,2026-10-09 02:26:04
四川省,长江流域,大蹬沟,2026-10-09 00:00,2,22.54,7.79,7.22,281.7,26.3,3.3,0.013,0.083,1.97,,,2026-10-09 02:26:04
四川省,长江流域,白兔乡,2026-10-09 00:00,3,23.6,8.23,9.28,456.3,6.64,4.11,0.006,0.104,1.857,,,2026-10-09 02:26:04
四川省,长江流域,联盟桥,2026-10-09 00:00,3,21.683,7.52,6.71,268.11,17.31,5.21,0.032,0.098,1.4963,,,2026-10-09 02:26:04
四川省,长江流域,舵石盘,2026-10-09 00:00,2,20.28,8,8.46,287.1,51,2.49,0.02,0.077,1.627,,,2026-10-09 02:26:04
四川省,长江流域,车家河,2026-10-09 00:00,2,19.99,7.97,8.8,255.7,39.67,2.35,,0.06,1.492,,,2026-10-09 02:26:04
四川省,长江流域,手傍岩,2026-10-09 00:00,2,23.32,8.05,8.54,356.7,6,1.47,0.048,0.053,1.403,,,2026-10-09 02:26:04
四川省,长江流域,幸福村,2026-10-09 00:00,2,23.64,8.11,8.42,466.4,17.7,1.04,0.037,0.098,2.692,,,2026-10-09 02:26:04
四川省,长江流域,拱城铺渡口,2026-10-09 00:00,3,23.71,8.17,9.22,480.04,22.02,0.99,0.019,0.108,2.712,,,2026-10-09 02:26:04
四川省,长江流域,竹巴龙村,2026-10-09 00:00,2,7.87,8.35,7.46,2016.9,145.7,1.61,0.128,0.049,1.399,,,2026-10-09 02:26:04
四川省,长江流域,昔街大桥,2026-10-09 00:00,2,19.62,7.7,7.72,195.55,103.21,1.67,0.102,0.097,0.157,,,2026-10-09 02:26:04
贵州省,长江流域,棉花渡,2026-10-09 00:00,2,22.862,7.92,7.56,475.09,1.7779,1.71,,0.057,3.0615,,,2026-10-09 02:26:04
贵州省,长江流域,贵铝泵房,2026-10-09 00:00,3,23.1147,8.31,9.19,370.4099,4.4286,2.79,0.018,0.026,1.3065,0.01441,1875286,2026-10-09 02:26:04
贵州省,长江流域,花鱼洞,2026-10-09 00:00,6,21.5838,7.44,1.87,324.1286,3.1899,1.89,0.277,0.02,0.8566,0.00264,2956190,2026-10-09 02:26:04
贵州省,长江流域,麦穰,2026-10-09 00:00,4,22.19,8.19,6.61,664.22,8.52,2.55,0.156,0.233,5.83,,,2026-10-09 02:26:04
贵州省,珠江流域,青岩,2026-10-09 00:00,-1,,,,,,,,,,,,2026-10-09 02:26:04
贵州省,长江流域,龙场,2026-10-09 00:00,2,21.12,7.99,6.56,429.95,2.63,0.62,0.034,0.012,3.537,,,2026-10-09 02:26:04
贵州省,珠江流域,发耳,2026-10-09 00:00,2,21.55,8.3,7.94,371.111,19.466,0.56,,0.063,3.124,,,2026-10-09 02:26:04
贵州省,长江流域,打秋坪,2026-10-09 00:00,2,21.77,8.02,7,542.9,4.7,1.49,0.145,0.093,4.301,,,2026-10-09 02:26:04
贵州省,长江流域,鱼塘大桥,2026-10-09 00:00,1,22.99,8.06,8.5,334.36,5.02,0.79,,0.013,1.876,,,2026-10-09 02:26:04
贵州省,长江流域,沿江渡,2026-10-09 00:00,2,24.1,8.36,7.2,368.21,2.49,2.07,0.009,0.012,2.436,,,2026-10-09 02:26:04
贵州省,长江流域,鲤鱼塘,2026-10-09 00:00,3,22.74,7.76,5.1,485.48,0.898,1.68,0.246,0.069,3.434,,,2026-10-09 02:26:04
贵州省,长江流域,坡渡,2026-10-09 00:00,1,20.07,8.1,8.92,295.46,14.63,0.57,0.005,0.015,0.613,,,2026-10-09 02:26:04
贵州省,长江流域,余庆河暗溪坪,2026-10-09 00:00,2,21.08,7.66,9.19,318.33,5.23,1.47,0.06,0.052,2.105,,,2026-10-09 02:26:04
贵州省,长江流域,羊柱头渡口,2026-10-09 00:00,4,22.06,7.8,6.15,700.25,5.122,2.26,0.278,0.204,7.437,,,2026-10-09 02:26:04
贵州省,长江流域,茅台,2026-10-09 00:00,2,21.27,8.22,7.58,405.42,13.99,1.21,,0.037,4.351,,,2026-10-09 02:26:04
贵州省,珠江流域,黄果树,2026-10-09 00:00,2,21.6129,8.26,10.07,568.7,12.58,1.38,0.016,0.061,2.129,,,2026-10-09 02:26:04
贵州省,长江流域,斯拉河大桥,2026-10-09 00:00,2,23.69,8.31,8,376.47,7.47,2.23,0.016,0.015,3.284,,,2026-10-09 02:26:04
贵州省,珠江流域,打邦,2026-10-09 00:00,2,27.04,8.15,6.54,465.33,5.895,1.04,,0.009,2.655,,,2026-10-09 02:26:04
贵州省,长江流域,小屯,2026-10-09 00:00,2,24.4,8.5,9.29,387.5535,4.274,2.42,0.019,0.025,4.238,,,2026-10-09 02:26:04
贵州省,长江流域,鱼市,2026-10-09 00:00,2,21.77,7.9,8.59,334.989,10.3078,0.73,0.009,0.058,2.315472,,,2026-10-09 02:26:04
贵州省,长江流域,下干溪,2026-10-09 00:00,2,21.06,8.1,7.68,295.22,6.49,0.69,0.042,0.03,2.168,,,2026-10-09 02:26:04
贵州省,珠江流域,坝草,2026-10-09 00:00,1,25.6651,8.22,8.92,395.758,3.3222,1.15,0.007,0.006,2.8764,,,2026-10-09 02:26:04
贵州省,珠江流域,万峰湖,2026-10-09 00:00,2,25.24,8.27,6.54,342.25,2.66,1.01,0.009,0.016,3.203,0.024,1055048,2026-10-09 02:26:04
贵州省,珠江流域,岔河口,2026-10-09 00:00,2,25.2619,8.89,9.13,280.3082,2.5025,2.41,,0.012,1.612,,,2026-10-09 02:26:04
贵州省,珠江流域,蔗香北,2026-10-09 00:00,1,27.32,8.25,9.24,274.5223,4.2907,1.21,0.0003,0.011,2.2556,,,2026-10-09 02:26:04
贵州省,珠江流域,黄泥河,2026-10-09 00:00,2,19.3017,8.15,7.74,479.0669,19.4375,0.92,0.005,0.04,3.693,,,2026-10-09 02:26:04
贵州省,珠江流域,赵家渡,2026-10-09 00:00,2,21.75,8.26,7.95,484.204,3.7,0.99,0.06,0.058,5.338,,,2026-10-09 02:26:04
贵州省,珠江流域,坡脚,2026-10-09 00:00,2,26.72,8.37,13.68,347.1846,15.1993,2.07,,0.027,3.7058,,,2026-10-09 02:26:04
贵州省,珠江流域,蔗香南,2026-10-09 00:00,1,28.5,8.56,7.98,263.4,4.03,1.43,,0.017,1.9706,,,2026-10-09 02:26:04
贵州省,长江流域,金紫,2026-10-09 00:00,2,23.17,7.56,6.12,179.1141,6.59,0.89,0.001,0.034,1.289,,,2026-10-09 02:26:04
贵州省,长江流域,平敏大桥,2026-10-09 00:00,2,23.34,7.9,7.94,169.63,9.16,1.37,,0.04,0.692,,,2026-10-09 02:26:04
贵州省,长江流域,旁海,2026-10-09 00:00,4,21.06,8.16,7.1,471.34,10.47,1.47,0.197,0.214,3.085,,,2026-10-09 02:26:04
贵州省,珠江流域,榕江,2026-10-09 00:00,2,23.01,8,8.46,175.49,8.67,1.07,0.047,0.025,1.025,,,2026-10-09 02:26:04
贵州省,长江流域,甘溪高碑,2026-10-09 00:00,2,23.7,8.5,10.02,368.6,10.42,1.6,,0.023,0.4912,,,2026-10-09 02:26:04
贵州省,长江流域,跳鱼洞,2026-10-09 00:00,3,18.81,7.91,7.19,352.04,7.65,2.24,0.164,0.111,2.552,,,2026-10-09 02:26:04
贵州省,长江流域,凤山桥边,2026-10-09 00:00,2,20.2302,8.33,8.86,502.67,4.7004,1.6,0.098,0.084,3.765,,,2026-10-09 02:26:04
贵州省,珠江流域,边外河,2026-10-09 00:00,2,23.32,7.76,6.74,338.6,3.3,0.85,,0.005,1.549,,,2026-10-09 02:26:04
贵州省,珠江流域,甲茶,2026-10-09 00:00,1,23.7127,7.88,8.18,313.7022,0.2534,0.86,0.006,0.008,0.8173,,,2026-10-09 02:26:04
云南省,长江流域,通仙桥,2026-10-09 00:00,3,18.81,8.04,6.4,578.815,15.606,1.39,,0.162,6.484,,,2026-10-09 02:26:04
云南省,长江流域,普渡河桥,2026-10-09 00:00,3,20.63,7.82,5.97,573.6962,15.0491,3.16,0.179,0.093,2.7651,,,2026-10-09 02:26:04
云南省,珠江流域,禄丰村,2026-10-09 00:00,2,21.05,8.06,6.64,481.2341,7.3599,1.19,,0.024,4.419,,,2026-10-09 02:26:04
云南省,滇池流域,回龙村,2026-10-09 00:00,3,20.97,7.81,5,706.3751,12.6681,3.14,0.044,0.022,4.2157,,,2026-10-09 02:26:04
云南省,滇池流域,船房五社桥头,2026-10-09 00:00,4,21.4,7.42,4.04,573.2318,4.3384,3.86,0.08,0.041,7.0763,,,2026-10-09 02:26:04
云南省,滇池流域,王大桥,2026-10-09 00:00,3,20.81,7.2,5.41,584.8925,15.0489,3.76,0.041,0.189,8.4002,,,2026-10-09 02:26:04
云南省,滇池流域,大观河入湖口,2026-10-09 00:00,2,21.23,8.21,6.89,443.472,20.0873,1.29,0.0004,0.063,4.4598,,,2026-10-09 02:26:04
云南省,滇池流域,大渔乡土罗村入湖口,2026-10-09 00:00,3,18.56,7.78,5.79,492.9644,37.3029,3.33,0.055,0.079,4.028,,,2026-10-09 02:26:04
云南省,滇池流域,新河村入湖口,2026-10-09 00:00,2,20.7,8,6.47,426.94,19.893,1.63,0.03,0.082,4.0101,,,2026-10-09 02:26:04
云南省,珠江流域,阳宗海中,2026-10-09 00:00,2,21.91,8.9,6.47,420.746,3.173,3.81,0.03,0.014,0.495,0.00618,1.762078,2026-10-09 02:26:04
云南省,长江流域,富民大桥,2026-10-09 00:00,4,20.12,8.3,5.15,542.7977,38.0411,7.56,,0.132,3.0334,,,2026-10-09 02:26:04
云南省,滇池流域,严家村桥,2026-10-09 00:00,2,21.23569,8.18,7.74,449.5417,13.33399,1.46,0.024,0.061,4.628027,,,2026-10-09 02:26:04
云南省,滇池流域,宝丰村入湖口,2026-10-09 00:00,4,19.81,7.99,4.38,673.82,8.98,1.98,0.024,0.033,4.008,,,2026-10-09 02:26:04
云南省,滇池流域,江尾下闸,2026-10-09 00:00,4,20.03,7.6,4.34,380.0352,3.9013,1.05,0.084,0.027,2.283,,,2026-10-09 02:26:04
云南省,滇池流域,茨巷河入湖口,2026-10-09 00:00,3,19.88,7.83,5.53,270.6842,7.5489,2.69,0.004,0.011,1.273,,,2026-10-09 02:26:04
云南省,滇池流域,东大河滇池入湖口,2026-10-09 00:00,6,19.62,9.52,7.29,219.5775,13.2274,3.2,,0.035,1.128,,,2026-10-09 02:26:04
云南省,滇池流域,草海中心,2026-10-09 00:00,4,20.66,8.55,12.44,368.93,78.61,4.77,,0.056,3.802,0.02117,2.957967,2026-10-09 02:26:04
云南省,滇池流域,灰湾中,2026-10-09 00:00,3,20.1,8.88,8.34,404.798,50.995,5.37,0.1,0.048,2.003,0.01062,3.492862,2026-10-09 02:26:04
云南省,滇池流域,观音山中,2026-10-09 00:00,4,19.79,,7.04,355.841,39.84,6.28,,0.046,0.821,0.00481,1.65863,2026-10-09 02:26:04
云南省,滇池流域,观音山西,2026-10-09 00:00,4,20.62,,9.11,393.67,52.3,8.24,,0.064,0.854,0.00712,1.024381,2026-10-09 02:26:04
云南省,滇池流域,海口西,2026-10-09 00:00,4,21.32,,13.18,354.68,33.24,6.83,,0.041,0.495,0.00727,5.88797,2026-10-09 02:26:04
云南省,滇池流域,滇池南,2026-10-09 00:00,4,19.2,,7.62,382.89,39.3,6.71,,0.059,0.958,0.05125,1.761157,2026-10-09 02:26:04
云南省,滇池流域,晋城小寨,2026-10-09 00:00,3,17.96,8.3,5.94,557.0057,8.5703,2.37,0.004,0.071,8.036,,,2026-10-09 02:26:04
云南省,长江流域,牛栏江河口,2026-10-09 00:00,3,19.5,8.17,5.95,502.549,21.221,,0.023,0.054,4.15,,,2026-10-09 02:26:04
云南省,珠江流域,狗街,2026-10-09 00:00,3,21.54,7.72,6.41,516.9233,16.51536,2.53,0.076,0.143,5.944544,,,2026-10-09 02:26:04
云南省,珠江流域,花山水库出水口,2026-10-09 00:00,2,20.54,8.36,6.89,319.8524,2.9337,0.82,0.016,0.006,2.7526,,,2026-10-09 02:26:04
云南省,长江流域,以礼河水文站,2026-10-09 00:00,3,17.98,7.78,5.9,301.1876,11.4485,2.36,0.044,0.06,1.8957,,,2026-10-09 02:26:04
云南省,珠江流域,厂房大桥,2026-10-09 00:00,2,22.4,8.6,8.4,315.0533,7.1179,3.28,,0.05,2.7065,,,2026-10-09 02:26:04
云南省,珠江流域,天生桥,2026-10-09 00:00,3,18.774,7.77,6.65,560.99,20.448,2.54,0.097,0.104,6.1429,,,2026-10-09 02:26:04
云南省,长江流域,牛栏江大桥,2026-10-09 00:00,2,19.73,8,7.13,406.809,22.944,1.27,0.023,0.049,,,,2026-10-09 02:26:04
云南省,珠江流域,抚仙湖心,2026-10-09 00:00,2,21.74,8.83,6.86,306.98,1.799,1.51,0.019,0.01,0.086,0.00332,7118452,2026-10-09 02:26:04
云南省,珠江流域,杞麓湖心,2026-10-09 00:00,4,21.63,8.95,10.05,796.64,5.23,6.3,0.043,0.02,1.409,0.07364,1.060511,2026-10-09 02:26:04
云南省,珠江流域,星云湖心,2026-10-09 00:00,3,22.03,,5.63,564.269,23.23,5.71,,0.019,0.426,0.00807,3.530225,2026-10-09 02:26:04
云南省,西南诸河,红旗桥,2026-10-09 00:00,1,18.62707,8.11,9.91,410.5073,263.4269,1.35,,0.007,0.6561076,,,2026-10-09 02:26:04
云南省,长江流域,云贵桥,2026-10-09 00:00,1,16.48,8.24,8.35,383.465,8.536,0.9,,0.017,2.988,,,2026-10-09 02:26:04
云南省,长江流域,头屯河,2026-10-09 00:00,2,17.35,8.02,7.51,408.908,4.15,0.45,0.012,0.027,4.144,,,2026-10-09 02:26:04
云南省,长江流域,邓家河,2026-10-09 00:00,3,19.39,7.84,8.32,295.168,45.999,1.5,,0.105,3.273,,,2026-10-09 02:26:04
云南省,长江流域,横江桥,2026-10-09 00:00,2,19.42,8.07,8.83,254.4,73.81,1.4,,0.064,2.732,,,2026-10-09 02:26:04
云南省,西南诸河,土卡河水文站,2026-10-09 00:00,2,26.92554,7.9,6.82,218.5477,5.220082,0.85,,0.015,0.8948843,,,2026-10-09 02:26:04
云南省,西南诸河,那发出境,2026-10-09 00:00,3,25.88,7.39,5.3,157.6958,745.88,1.64,,0.143,0.8474,,,2026-10-09 02:26:04
云南省,西南诸河,中越桥,2026-10-09 00:00,2,24.68,7.95,9.05,293.4303,30.7568,0.66,0.14,0.058,2.5412,,,2026-10-09 02:26:04
云南省,西南诸河,蚂蟥堡桥,2026-10-09 00:00,2,23.88,8.31,7.92,269.2355,26.8584,1.2,0.041,0.065,2.3956,,,2026-10-09 02:26:04
云南省,西南诸河,河口县医院,2026-10-09 00:00,3,26.6306,7.99,5.79,318.6721,55.03231,2.33,,0.097,1.889628,,,2026-10-09 02:26:04
云南省,西南诸河,小河底河,2026-10-09 00:00,1,23.94,8.13,8.26,470.4432,20.6346,0.89,,0.016,1.0618,,,2026-10-09 02:26:04
云南省,珠江流域,异龙湖中,2026-10-09 00:00,4,23,8.65,9,474.07,5.143,7.32,0.008,0.01,0.478,0.03003,138225.2,2026-10-09 02:26:04
云南省,珠江流域,长虹桥,2026-10-09 00:00,3,22.99,8.22,7.26,484.1542,55.0569,,,0.189,5.1037,,,2026-10-09 02:26:04
云南省,珠江流域,江边桥,2026-10-09 00:00,2,23.54,7.83,7.42,528.14,43.62,1.32,,0.093,4.1341,,,2026-10-09 02:26:04
云南省,西南诸河,天保农场,2026-10-09 00:00,2,23.53,7.91,8.83,373.8,6.86,0.67,0.016,0.024,3.0534,,,2026-10-09 02:26:04
云南省,西南诸河,南利大桥,2026-10-09 00:00,3,23.39,8.05,5.29,296.08,21.12,0.64,0.104,0.011,1.23,,,2026-10-09 02:26:04
云南省,珠江流域,谷拉河大桥,2026-10-09 00:00,2,28.3,8.35,8.46,218.79,2.826,2.04,0.004,0.011,0.581,,,2026-10-09 02:26:04
云南省,西南诸河,洱海湖心,2026-10-09 00:00,3,22.09,8.89,6.51,287.74,26.03,4.45,0.006,0.017,0.406,0.00841,14900,2026-10-09 02:26:04
陕西省,黄河流域,灞河口,2026-10-09 00:00,2,20.58,8.58,17.8,380.5092,14.1307,2.76,,0.036,3.8859,,,2026-10-09 02:26:04
陕西省,黄河流域,三郎村,2026-10-09 00:00,2,21.8,8.5,16.1,489.12,15.855,3.9,0.0005,0.061,4.7584,,,2026-10-09 02:26:04
陕西省,黄河流域,岔口,2026-10-09 00:00,2,19.06,7.69,9.12,918.707,5.469,2.82,0.067,0.059,5.8191,,,2026-10-09 02:26:04
陕西省,长江流域,黄牛铺,2026-10-09 00:00,1,15.54,7.76,8.31,160.0378,1.1536,1.91,0.003,0.006,0.814,,,2026-10-09 02:26:04
陕西省,黄河流域,魏家堡,2026-10-09 00:00,2,20.83,8.51,10.66,741.8318,20.9668,2.23,0.008,0.025,5.414,,,2026-10-09 02:26:04
陕西省,黄河流域,卧龙寺桥,2026-10-09 00:00,2,18.4,8.29,8.2,787.3565,18.9953,2.18,,0.007,4.913,,,2026-10-09 02:26:04
陕西省,长江流域,灶火庵,2026-10-09 00:00,1,17.73,8.14,7.89,344.6888,13.9738,0.9,0.02,0.016,1.2154,,,2026-10-09 02:26:04
陕西省,黄河流域,咸阳铁桥,2026-10-09 00:00,2,20.72,8.27,8.58,731.909,30.8451,2.69,,0.024,7.3532,,,2026-10-09 02:26:04
陕西省,黄河流域,兴平,2026-10-09 00:00,2,20.44,8.26,7.84,780.038,23.5177,2.05,0.008,0.03,7.6364,,,2026-10-09 02:26:04
陕西省,黄河流域,泾河桥,2026-10-09 00:00,2,20.15,8.38,8.16,1632.12,80.3612,2.21,,0.068,1.8429,,,2026-10-09 02:26:04
陕西省,黄河流域,黑河张家桥,2026-10-09 00:00,2,17.7,8.28,7.85,661.3761,64.9621,1.61,,0.029,1.9474,,,2026-10-09 02:26:04
陕西省,黄河流域,杨家畔村,2026-10-09 00:00,2,14.51,8.82,8.88,1635.833,25.4944,3.05,0.032,0.035,7.6391,,,2026-10-09 02:26:04
陕西省,黄河流域,昝家山,2026-10-09 00:00,1,15.93,8.38,9.18,621.307,48.48254,1.43,0.013,0.019,4.9091,,,2026-10-09 02:26:04
陕西省,黄河流域,寺滩,2026-10-09 00:00,2,17.09,8.74,8.37,1332.716,24.37267,1.48,0.028,0.061,5.4381,,,2026-10-09 02:26:04
陕西省,黄河流域,朱家沟,2026-10-09 00:00,2,16.88,8.29,7.29,1190.562,3.477108,3.15,0.094,0.073,8.1451,,,2026-10-09 02:26:04
陕西省,长江流域,烈金坝,2026-10-09 00:00,1,17.65,8.34,8.24,340.36,4.789,0.25,,0.02,1.1739,,,2026-10-09 02:26:04
陕西省,长江流域,南柳渡,2026-10-09 00:00,2,21.14,8.26,8.65,290.2129,5.7841,1.62,0.009,0.041,1.483,,,2026-10-09 02:26:04
陕西省,长江流域,白水江,2026-10-09 00:00,1,19.68,8.28,7.86,321.8877,8.954,0.94,,0.011,0.8448,,,2026-10-09 02:26:04
陕西省,黄河流域,柏树坪,2026-10-09 00:00,2,17.49998,8.43,10.08,782.011,265.9268,2.5,,0.088,4.9301,,,2026-10-09 02:26:04
陕西省,黄河流域,温家川,2026-10-09 00:00,1,15.94,8.38,7.78,1394.893,8.633045,1.53,0.069,0.014,3.5671,,,2026-10-09 02:26:04
陕西省,黄河流域,碛塄,2026-10-09 00:00,2,15.86,8.53,8.82,772.269,54.0763,1.86,,0.03,2.5191,,,2026-10-09 02:26:04
陕西省,黄河流域,高家川,2026-10-09 00:00,2,14.36,8.43,8.97,830.767,138.2525,2.74,,0.079,3.6541,,,2026-10-09 02:26:04
陕西省,黄河流域,鱼河,2026-10-09 00:00,3,16.12,8.39,7.94,905.856,97.59167,3,0.028,0.12,3.8431,,,2026-10-09 02:26:04
陕西省,长江流域,白河城关,2026-10-09 00:00,2,20.35,7.78,8.93,251.9884,22.44,2.06,0.2,0.055,1.779,0.01872,,2026-10-09 02:26:04
陕西省,长江流域,南江河出陕界,2026-10-09 00:00,2,15.96,8.43,10.51,192.8476,49.9871,1.03,,0.033,0.6814,,,2026-10-09 02:26:04
陕西省,长江流域,小钢桥,2026-10-09 00:00,2,20.99,7.91,8.14,324.34,3.71,1.36,0.0004,0.029,1.566,,,2026-10-09 02:26:04
陕西省,长江流域,老君关,2026-10-09 00:00,2,19.5,7.77,7.51,249.531,38.2377,1.67,0.017,0.037,1.729,,,2026-10-09 02:26:04
陕西省,长江流域,瀛湖坝前,2026-10-09 00:00,2,21.88,8.81,14.64,227.8796,6.1543,2.04,,0.02,0.931,0.04401,2349519,2026-10-09 02:26:04
陕西省,长江流域,构峪口,2026-10-09 00:00,-1,,,,,,,,,,,,2026-10-09 02:26:04
陕西省,长江流域,丹凤下,2026-10-09 00:00,2,17.66,8.17,8.24,429.9612,8.892,1.7,0.035,0.034,2.6907,,,2026-10-09 02:26:04
陕西省,黄河流域,灵口,2026-10-09 00:00,1,18.57,8.33,8.07,436.3562,14.7868,1.13,0.016,0.009,1.1224,,,2026-10-09 02:26:04
甘肃省,黄河流域,新城桥,2026-10-09 00:00,2,14.99,8.31,7.92,587.302,49.154,1.65,0.012,0.044,1.6682,,,2026-10-09 02:26:04
甘肃省,黄河流域,湟水桥,2026-10-09 00:00,2,14.51,8.61,8.32,687.12,46.477,1.43,0.046,0.032,2.913,,,2026-10-09 02:26:04
甘肃省,黄河流域,五佛寺,2026-10-09 00:00,1,16.28861,8.41,7.68,729.1676,63.50541,1.08,0.02,0.013,2.626,,,2026-10-09 02:26:04
甘肃省,黄河流域,桦林,2026-10-09 00:00,5,16.1,8.35,8.08,908.7,899.3,9.2,0.781,0.325,9.584,,,2026-10-09 02:26:04
甘肃省,黄河流域,葡萄园,2026-10-09 00:00,3,18.1,8.33,7.99,1116.365,530.1153,3.19,0.028,0.111,8.261,,,2026-10-09 02:26:04
甘肃省,黄河流域,长庆桥,2026-10-09 00:00,2,18.18,8.57,7.15,869.348,9.919861,1.35,0.003,0.041,4.6461,,,2026-10-09 02:26:04
甘肃省,长江流域,固水子村,2026-10-09 00:00,2,15.32,8.29,9.16,349.3,196.6,1.77,,0.058,0.982,,,2026-10-09 02:26:04
甘肃省,长江流域,两水桥,2026-10-09 00:00,2,15.68,8.38,8.44,337.793,176.6641,2.12,0.006,0.036,1.1341,,,2026-10-09 02:26:04
宁夏回族自治区,黄河流域,叶盛公路桥,2026-10-09 00:00,2,17.4,8.39,7.85,889.2,86.27,1.96,,0.031,3.015,,,2026-10-09 02:26:04
宁夏回族自治区,黄河流域,平罗黄河大桥,2026-10-09 00:00,2,17.67,8.34,8.15,980.45,331.37,2.27,,0.061,3.486,,,2026-10-09 02:26:04
宁夏回族自治区,黄河流域,麻黄沟,2026-10-09 00:00,2,17.48,8.41,7.93,904.934,343.159,2.27,,0.066,3.2952,,,2026-10-09 02:26:04
宁夏回族自治区,黄河流域,沙湖,2026-10-09 00:00,4,15.85,8.64,9.5,1384.2,17.88,6.04,0.048,0.034,0.703,0.01411,2.1103,2026-10-09 02:26:04
宁夏回族自治区,黄河流域,沟圈,2026-10-09 00:00,1,14.87,8.65,8.27,1989.192,51.54101,1.79,0.07,0.015,1.4061,,,2026-10-09 02:26:04
宁夏回族自治区,黄河流域,中卫下河沿,2026-10-09 00:00,2,16.6,8.36,8.53,757.9,98.4,1.88,,0.046,2.809,,,2026-10-09 02:26:04
宁夏回族自治区,黄河流域,泉眼山,2026-10-09 00:00,2,15.9,8.37,9.88,7720.757,34.71401,3.8,0.232,0.02,24.4291,,,2026-10-09 02:26:04
